ISO-10303-21;
HEADER;
FILE_DESCRIPTION(('FreeCAD Model'),'2;1');
FILE_NAME('Open CASCADE Shape Model','2026-09-02T16:58:28',(''),(''),
  'Open CASCADE STEP processor 7.8','FreeCAD','Unknown');
FILE_SCHEMA(('AUTOMOTIVE_DESIGN { 1 0 10303 214 1 1 1 1 }'));
ENDSEC;
DATA;
#1 = APPLICATION_PROTOCOL_DEFINITION('international standard',
  'automotive_design',2000,#2);
#2 = APPLICATION_CONTEXT(
  'core data for automotive mechanical design processes');
#3 = SHAPE_DEFINITION_REPRESENTATION(#4,#10);
#4 = PRODUCT_DEFINITION_SHAPE('','',#5);
#5 = PRODUCT_DEFINITION('design','',#6,#9);
#6 = PRODUCT_DEFINITION_FORMATION('','',#7);
#7 = PRODUCT('CutieJos','CutieJos','',(#8));
#8 = PRODUCT_CONTEXT('',#2,'mechanical');
#9 = PRODUCT_DEFINITION_CONTEXT('part definition',#2,'design');
#10 = ADVANCED_BREP_SHAPE_REPRESENTATION('',(#11,#15),#18752);
#11 = AXIS2_PLACEMENT_3D('',#12,#13,#14);
#12 = CARTESIAN_POINT('',(0.,0.,0.));
#13 = DIRECTION('',(0.,0.,1.));
#14 = DIRECTION('',(1.,0.,-0.));
#15 = MANIFOLD_SOLID_BREP('',#16);
#16 = CLOSED_SHELL('',(#17,#50,#70,#4174,#4199,#4262,#4286,#4310,#4334,
    #4358,#4382,#4406,#4430,#4454,#4478,#4502,#4526,#4550,#4574,#4598,
    #4622,#4646,#4670,#4694,#4718,#4742,#4766,#4790,#4814,#4838,#4862,
    #4886,#4910,#4934,#4958,#4990,#5014,#5096,#5120,#5152,#5176,#5200,
    #5224,#5248,#5272,#5296,#5320,#5344,#5368,#5392,#5416,#5440,#5464,
    #5488,#5512,#5536,#5560,#5584,#5608,#5632,#5656,#5680,#5704,#5728,
    #5752,#5776,#5800,#5824,#5841,#5872,#5896,#5920,#5937,#5968,#5992,
    #6016,#6033,#6064,#6088,#6112,#6129,#6160,#6184,#6208,#6225,#6256,
    #6280,#6304,#6321,#6352,#6376,#6400,#6417,#6448,#6472,#6496,#6513,
    #6544,#6568,#6592,#6609,#6640,#6664,#6688,#6705,#6736,#6760,#6784,
    #6801,#6832,#6856,#6880,#6897,#6928,#6952,#6976,#6993,#7024,#7048,
    #7072,#7089,#7120,#7144,#7168,#7185,#7216,#7240,#7264,#7281,#7312,
    #7336,#7360,#7377,#7408,#7432,#7456,#7473,#7504,#7528,#7552,#7569,
    #7600,#7624,#7648,#7665,#7696,#7720,#7744,#7761,#7792,#7816,#7840,
    #7857,#7888,#7912,#7936,#7953,#7984,#8008,#8032,#8049,#8080,#8104,
    #8128,#8145,#8176,#8200,#8224,#8241,#8272,#8296,#8320,#8337,#8368,
    #8392,#8416,#8433,#8464,#8488,#8512,#8529,#8560,#8584,#8608,#8625,
    #8656,#8680,#8704,#8721,#8752,#8776,#8800,#8817,#8848,#8872,#8896,
    #8913,#8944,#8968,#8992,#9009,#9034,#9065,#9089,#9113,#9130,#9161,
    #9185,#9209,#9226,#9257,#9281,#9305,#9322,#9353,#9377,#9401,#9418,
    #9449,#9473,#9497,#9514,#9545,#9569,#9593,#9610,#9641,#9665,#9689,
    #9706,#9737,#9761,#9785,#9802,#9833,#9857,#9881,#9898,#9929,#9953,
    #9977,#9994,#10025,#10049,#10073,#10090,#10121,#10145,#10169,#10186,
    #10217,#10241,#10265,#10282,#10313,#10337,#10361,#10378,#10409,
    #10433,#10457,#10474,#10505,#10529,#10553,#10570,#10601,#10625,
    #10649,#10666,#10697,#10721,#10745,#10762,#10793,#10817,#10841,
    #10858,#10889,#10913,#10937,#10954,#10985,#11009,#11033,#11050,
    #11081,#11105,#11129,#11146,#11177,#11201,#11225,#11242,#11273,
    #11297,#11321,#11338,#11369,#11393,#11417,#11434,#11465,#11489,
    #11513,#11530,#11561,#11585,#11609,#11626,#11657,#11681,#11705,
    #11722,#11753,#11777,#11801,#11818,#11849,#11873,#11897,#11914,
    #11945,#11969,#11993,#12010,#12041,#12065,#12089,#12106,#12137,
    #12161,#12185,#12202,#12233,#12257,#12281,#12298,#12329,#12353,
    #12377,#12394,#12425,#12449,#12473,#12490,#12521,#12545,#12569,
    #12586,#12617,#12641,#12665,#12682,#12713,#12737,#12761,#12778,
    #12809,#12833,#12857,#12874,#12905,#12929,#12953,#12970,#13001,
    #13025,#13049,#13066,#13097,#13121,#13145,#13162,#13193,#13217,
    #13241,#13258,#13289,#13313,#13337,#13354,#13385,#13409,#13433,
    #13450,#13481,#13505,#13529,#13546,#13577,#13601,#13625,#13642,
    #13673,#13697,#13721,#13738,#13769,#13793,#13817,#13834,#13865,
    #13889,#13913,#13930,#13961,#13985,#14009,#14026,#14057,#14081,
    #14105,#14122,#14153,#14177,#14201,#14218,#14249,#14273,#14297,
    #14314,#14345,#14369,#14393,#14410,#14441,#14465,#14489,#14506,
    #14537,#14561,#14585,#14602,#14633,#14657,#14681,#14698,#14729,
    #14753,#14777,#14794,#14825,#14849,#14873,#14890,#14921,#14945,
    #14969,#14986,#15017,#15041,#15065,#15082,#15113,#15137,#15161,
    #15178,#15209,#15233,#15257,#15274,#15305,#15329,#15353,#15370,
    #15401,#15425,#15449,#15466,#15497,#15521,#15545,#15562,#15593,
    #15617,#15641,#15658,#15689,#15713,#15737,#15754,#15785,#15809,
    #15833,#15850,#15881,#15905,#15929,#15946,#16282,#16460,#16491,
    #17346,#17370,#17387,#17404,#17431,#17458,#17470,#17490,#17507,
    #17524,#17541,#17558,#17575,#17592,#17609,#17626,#17651,#17675,
    #17700,#17724,#17748,#17772,#17797,#17821,#17844,#17861,#17878,
    #17895,#17912,#17929,#17946,#17963,#17975,#17992,#18009,#18026,
    #18043,#18060,#18077,#18094,#18111,#18123,#18148,#18165,#18190,
    #18208,#18233,#18258,#18283,#18308,#18333,#18345,#18357,#18382,
    #18407,#18432,#18457,#18482,#18502,#18522,#18542,#18562,#18582,
    #18607,#18632,#18657,#18682,#18707,#18716,#18725,#18734,#18743));
#17 = ADVANCED_FACE('',(#18),#45,.F.);
#18 = FACE_BOUND('',#19,.T.);
#19 = EDGE_LOOP('',(#20,#30,#37,#38));
#20 = ORIENTED_EDGE('',*,*,#21,.F.);
#21 = EDGE_CURVE('',#22,#24,#26,.T.);
#22 = VERTEX_POINT('',#23);
#23 = CARTESIAN_POINT('',(72.75,-4.,-3.));
#24 = VERTEX_POINT('',#25);
#25 = CARTESIAN_POINT('',(72.75,-4.,25.));
#26 = LINE('',#27,#28);
#27 = CARTESIAN_POINT('',(72.75,-4.,-3.));
#28 = VECTOR('',#29,1.);
#29 = DIRECTION('',(0.,0.,1.));
#30 = ORIENTED_EDGE('',*,*,#31,.T.);
#31 = EDGE_CURVE('',#22,#22,#32,.T.);
#32 = CIRCLE('',#33,3.25);
#33 = AXIS2_PLACEMENT_3D('',#34,#35,#36);
#34 = CARTESIAN_POINT('',(76.,-4.,-3.));
#35 = DIRECTION('',(0.,0.,-1.));
#36 = DIRECTION('',(-1.,0.,0.));
#37 = ORIENTED_EDGE('',*,*,#21,.T.);
#38 = ORIENTED_EDGE('',*,*,#39,.F.);
#39 = EDGE_CURVE('',#24,#24,#40,.T.);
#40 = CIRCLE('',#41,3.25);
#41 = AXIS2_PLACEMENT_3D('',#42,#43,#44);
#42 = CARTESIAN_POINT('',(76.,-4.,25.));
#43 = DIRECTION('',(0.,0.,-1.));
#44 = DIRECTION('',(-1.,0.,0.));
#45 = CYLINDRICAL_SURFACE('',#46,3.25);
#46 = AXIS2_PLACEMENT_3D('',#47,#48,#49);
#47 = CARTESIAN_POINT('',(76.,-4.,-3.));
#48 = DIRECTION('',(0.,0.,1.));
#49 = DIRECTION('',(-1.,0.,0.));
#50 = ADVANCED_FACE('',(#51,#54),#65,.T.);
#51 = FACE_BOUND('',#52,.T.);
#52 = EDGE_LOOP('',(#53));
#53 = ORIENTED_EDGE('',*,*,#39,.T.);
#54 = FACE_BOUND('',#55,.T.);
#55 = EDGE_LOOP('',(#56));
#56 = ORIENTED_EDGE('',*,*,#57,.F.);
#57 = EDGE_CURVE('',#58,#58,#60,.T.);
#58 = VERTEX_POINT('',#59);
#59 = CARTESIAN_POINT('',(74.5,-4.,25.));
#60 = CIRCLE('',#61,1.5);
#61 = AXIS2_PLACEMENT_3D('',#62,#63,#64);
#62 = CARTESIAN_POINT('',(76.,-4.,25.));
#63 = DIRECTION('',(0.,0.,-1.));
#64 = DIRECTION('',(-1.,0.,0.));
#65 = PLANE('',#66);
#66 = AXIS2_PLACEMENT_3D('',#67,#68,#69);
#67 = CARTESIAN_POINT('',(76.,-4.,25.));
#68 = DIRECTION('',(0.,0.,-1.));
#69 = DIRECTION('',(-1.,0.,0.));
#70 = ADVANCED_FACE('',(#71,#585,#619,#653,#687,#721,#755,#789,#823,#857
    ,#891,#925,#959,#993,#1027,#1061,#1095,#1129,#1163,#1197,#1231,#1265
    ,#1299,#1333,#1367,#1401,#1435,#1469,#1503,#1537,#1571,#1605,#1639,
    #1673,#1707,#1718,#1752,#1786,#1820,#1854,#1888,#1922,#1956,#1990,
    #2024,#2058,#2092,#2126,#2160,#2194,#2228,#2262,#2296,#2330,#2364,
    #2398,#2432,#2466,#2500,#2534,#2568,#2602,#2636,#2670,#2704,#2738,
    #2772,#2806,#2840,#2874,#2908,#2942,#2976,#3010,#3044,#3078,#3112,
    #3146,#3180,#3214,#3248,#3282,#3316,#3350,#3384,#3418,#3452,#3486,
    #3520,#3554,#3588,#3622,#3656,#3690,#3724,#3758,#3792,#3826,#3860,
    #3894,#3928,#3962,#3996,#4030,#4064,#4098,#4132,#4166),#4169,.F.);
#71 = FACE_BOUND('',#72,.F.);
#72 = EDGE_LOOP('',(#73,#83,#91,#99,#107,#115,#123,#131,#139,#147,#155,
    #163,#171,#179,#187,#195,#203,#211,#219,#227,#235,#243,#251,#259,
    #267,#275,#283,#291,#299,#307,#315,#323,#331,#339,#347,#355,#363,
    #371,#379,#387,#395,#403,#411,#419,#427,#435,#443,#451,#459,#467,
    #475,#483,#491,#499,#507,#515,#523,#531,#539,#547,#555,#563,#571,
    #579));
#73 = ORIENTED_EDGE('',*,*,#74,.F.);
#74 = EDGE_CURVE('',#75,#77,#79,.T.);
#75 = VERTEX_POINT('',#76);
#76 = CARTESIAN_POINT('',(83.,1.,-3.));
#77 = VERTEX_POINT('',#78);
#78 = CARTESIAN_POINT('',(83.,-241.,-3.));
#79 = LINE('',#80,#81);
#80 = CARTESIAN_POINT('',(83.,-6.7E-16,-3.));
#81 = VECTOR('',#82,1.);
#82 = DIRECTION('',(0.,-1.,2.2E-16));
#83 = ORIENTED_EDGE('',*,*,#84,.T.);
#84 = EDGE_CURVE('',#75,#85,#87,.T.);
#85 = VERTEX_POINT('',#86);
#86 = CARTESIAN_POINT('',(81.,3.,-3.));
#87 = LINE('',#88,#89);
#88 = CARTESIAN_POINT('',(44.500000816593,39.499999183407,-3.));
#89 = VECTOR('',#90,1.);
#90 = DIRECTION('',(-0.707106781187,0.707106781187,-1.6E-16));
#91 = ORIENTED_EDGE('',*,*,#92,.T.);
#92 = EDGE_CURVE('',#85,#93,#95,.T.);
#93 = VERTEX_POINT('',#94);
#94 = CARTESIAN_POINT('',(60.,3.,-3.));
#95 = LINE('',#96,#97);
#96 = CARTESIAN_POINT('',(-34.34604915687,3.,-3.));
#97 = VECTOR('',#98,1.);
#98 = DIRECTION('',(-1.,0.,0.));
#99 = ORIENTED_EDGE('',*,*,#100,.T.);
#100 = EDGE_CURVE('',#93,#101,#103,.T.);
#101 = VERTEX_POINT('',#102);
#102 = CARTESIAN_POINT('',(60.,2.5,-3.));
#103 = LINE('',#104,#105);
#104 = CARTESIAN_POINT('',(60.,3.,-3.));
#105 = VECTOR('',#106,1.);
#106 = DIRECTION('',(0.,-1.,2.2E-16));
#107 = ORIENTED_EDGE('',*,*,#108,.T.);
#108 = EDGE_CURVE('',#101,#109,#111,.T.);
#109 = VERTEX_POINT('',#110);
#110 = CARTESIAN_POINT('',(59.,2.5,-3.));
#111 = LINE('',#112,#113);
#112 = CARTESIAN_POINT('',(60.,2.5,-3.));
#113 = VECTOR('',#114,1.);
#114 = DIRECTION('',(-1.,0.,0.));
#115 = ORIENTED_EDGE('',*,*,#116,.F.);
#116 = EDGE_CURVE('',#117,#109,#119,.T.);
#117 = VERTEX_POINT('',#118);
#118 = CARTESIAN_POINT('',(59.,3.,-3.));
#119 = LINE('',#120,#121);
#120 = CARTESIAN_POINT('',(59.,3.,-3.));
#121 = VECTOR('',#122,1.);
#122 = DIRECTION('',(0.,-1.,2.2E-16));
#123 = ORIENTED_EDGE('',*,*,#124,.T.);
#124 = EDGE_CURVE('',#117,#125,#127,.T.);
#125 = VERTEX_POINT('',#126);
#126 = CARTESIAN_POINT('',(40.,3.,-3.));
#127 = LINE('',#128,#129);
#128 = CARTESIAN_POINT('',(-34.34604915687,3.,-3.));
#129 = VECTOR('',#130,1.);
#130 = DIRECTION('',(-1.,0.,0.));
#131 = ORIENTED_EDGE('',*,*,#132,.T.);
#132 = EDGE_CURVE('',#125,#133,#135,.T.);
#133 = VERTEX_POINT('',#134);
#134 = CARTESIAN_POINT('',(40.,2.5,-3.));
#135 = LINE('',#136,#137);
#136 = CARTESIAN_POINT('',(40.,3.,-3.));
#137 = VECTOR('',#138,1.);
#138 = DIRECTION('',(0.,-1.,2.2E-16));
#139 = ORIENTED_EDGE('',*,*,#140,.T.);
#140 = EDGE_CURVE('',#133,#141,#143,.T.);
#141 = VERTEX_POINT('',#142);
#142 = CARTESIAN_POINT('',(39.,2.5,-3.));
#143 = LINE('',#144,#145);
#144 = CARTESIAN_POINT('',(40.,2.5,-3.));
#145 = VECTOR('',#146,1.);
#146 = DIRECTION('',(-1.,0.,0.));
#147 = ORIENTED_EDGE('',*,*,#148,.F.);
#148 = EDGE_CURVE('',#149,#141,#151,.T.);
#149 = VERTEX_POINT('',#150);
#150 = CARTESIAN_POINT('',(39.,3.,-3.));
#151 = LINE('',#152,#153);
#152 = CARTESIAN_POINT('',(39.,3.,-3.));
#153 = VECTOR('',#154,1.);
#154 = DIRECTION('',(0.,-1.,2.2E-16));
#155 = ORIENTED_EDGE('',*,*,#156,.T.);
#156 = EDGE_CURVE('',#149,#157,#159,.T.);
#157 = VERTEX_POINT('',#158);
#158 = CARTESIAN_POINT('',(20.,3.,-3.));
#159 = LINE('',#160,#161);
#160 = CARTESIAN_POINT('',(-34.34604915687,3.,-3.));
#161 = VECTOR('',#162,1.);
#162 = DIRECTION('',(-1.,0.,0.));
#163 = ORIENTED_EDGE('',*,*,#164,.T.);
#164 = EDGE_CURVE('',#157,#165,#167,.T.);
#165 = VERTEX_POINT('',#166);
#166 = CARTESIAN_POINT('',(20.,2.5,-3.));
#167 = LINE('',#168,#169);
#168 = CARTESIAN_POINT('',(20.,3.,-3.));
#169 = VECTOR('',#170,1.);
#170 = DIRECTION('',(0.,-1.,2.2E-16));
#171 = ORIENTED_EDGE('',*,*,#172,.T.);
#172 = EDGE_CURVE('',#165,#173,#175,.T.);
#173 = VERTEX_POINT('',#174);
#174 = CARTESIAN_POINT('',(19.,2.5,-3.));
#175 = LINE('',#176,#177);
#176 = CARTESIAN_POINT('',(20.,2.5,-3.));
#177 = VECTOR('',#178,1.);
#178 = DIRECTION('',(-1.,0.,0.));
#179 = ORIENTED_EDGE('',*,*,#180,.F.);
#180 = EDGE_CURVE('',#181,#173,#183,.T.);
#181 = VERTEX_POINT('',#182);
#182 = CARTESIAN_POINT('',(19.,3.,-3.));
#183 = LINE('',#184,#185);
#184 = CARTESIAN_POINT('',(19.,3.,-3.));
#185 = VECTOR('',#186,1.);
#186 = DIRECTION('',(0.,-1.,2.2E-16));
#187 = ORIENTED_EDGE('',*,*,#188,.T.);
#188 = EDGE_CURVE('',#181,#189,#191,.T.);
#189 = VERTEX_POINT('',#190);
#190 = CARTESIAN_POINT('',(-5.E-15,3.,-3.));
#191 = LINE('',#192,#193);
#192 = CARTESIAN_POINT('',(-34.34604915687,3.,-3.));
#193 = VECTOR('',#194,1.);
#194 = DIRECTION('',(-1.,0.,0.));
#195 = ORIENTED_EDGE('',*,*,#196,.T.);
#196 = EDGE_CURVE('',#189,#197,#199,.T.);
#197 = VERTEX_POINT('',#198);
#198 = CARTESIAN_POINT('',(-5.E-15,2.5,-3.));
#199 = LINE('',#200,#201);
#200 = CARTESIAN_POINT('',(-4.9E-15,3.,-3.));
#201 = VECTOR('',#202,1.);
#202 = DIRECTION('',(0.,-1.,2.2E-16));
#203 = ORIENTED_EDGE('',*,*,#204,.T.);
#204 = EDGE_CURVE('',#197,#205,#207,.T.);
#205 = VERTEX_POINT('',#206);
#206 = CARTESIAN_POINT('',(-1.,2.5,-3.));
#207 = LINE('',#208,#209);
#208 = CARTESIAN_POINT('',(-4.9E-15,2.5,-3.));
#209 = VECTOR('',#210,1.);
#210 = DIRECTION('',(-1.,0.,0.));
#211 = ORIENTED_EDGE('',*,*,#212,.F.);
#212 = EDGE_CURVE('',#213,#205,#215,.T.);
#213 = VERTEX_POINT('',#214);
#214 = CARTESIAN_POINT('',(-1.,3.,-3.));
#215 = LINE('',#216,#217);
#216 = CARTESIAN_POINT('',(-1.,3.,-3.));
#217 = VECTOR('',#218,1.);
#218 = DIRECTION('',(0.,-1.,2.2E-16));
#219 = ORIENTED_EDGE('',*,*,#220,.T.);
#220 = EDGE_CURVE('',#213,#221,#223,.T.);
#221 = VERTEX_POINT('',#222);
#222 = CARTESIAN_POINT('',(-20.,3.,-3.));
#223 = LINE('',#224,#225);
#224 = CARTESIAN_POINT('',(-34.34604915687,3.,-3.));
#225 = VECTOR('',#226,1.);
#226 = DIRECTION('',(-1.,0.,0.));
#227 = ORIENTED_EDGE('',*,*,#228,.T.);
#228 = EDGE_CURVE('',#221,#229,#231,.T.);
#229 = VERTEX_POINT('',#230);
#230 = CARTESIAN_POINT('',(-20.,2.5,-3.));
#231 = LINE('',#232,#233);
#232 = CARTESIAN_POINT('',(-20.,3.,-3.));
#233 = VECTOR('',#234,1.);
#234 = DIRECTION('',(0.,-1.,2.2E-16));
#235 = ORIENTED_EDGE('',*,*,#236,.T.);
#236 = EDGE_CURVE('',#229,#237,#239,.T.);
#237 = VERTEX_POINT('',#238);
#238 = CARTESIAN_POINT('',(-21.,2.5,-3.));
#239 = LINE('',#240,#241);
#240 = CARTESIAN_POINT('',(-20.,2.5,-3.));
#241 = VECTOR('',#242,1.);
#242 = DIRECTION('',(-1.,0.,0.));
#243 = ORIENTED_EDGE('',*,*,#244,.F.);
#244 = EDGE_CURVE('',#245,#237,#247,.T.);
#245 = VERTEX_POINT('',#246);
#246 = CARTESIAN_POINT('',(-21.,3.,-3.));
#247 = LINE('',#248,#249);
#248 = CARTESIAN_POINT('',(-21.,3.,-3.));
#249 = VECTOR('',#250,1.);
#250 = DIRECTION('',(0.,-1.,2.2E-16));
#251 = ORIENTED_EDGE('',*,*,#252,.T.);
#252 = EDGE_CURVE('',#245,#253,#255,.T.);
#253 = VERTEX_POINT('',#254);
#254 = CARTESIAN_POINT('',(-40.,3.,-3.));
#255 = LINE('',#256,#257);
#256 = CARTESIAN_POINT('',(-34.34604915687,3.,-3.));
#257 = VECTOR('',#258,1.);
#258 = DIRECTION('',(-1.,0.,0.));
#259 = ORIENTED_EDGE('',*,*,#260,.T.);
#260 = EDGE_CURVE('',#253,#261,#263,.T.);
#261 = VERTEX_POINT('',#262);
#262 = CARTESIAN_POINT('',(-40.,2.5,-3.));
#263 = LINE('',#264,#265);
#264 = CARTESIAN_POINT('',(-40.,3.,-3.));
#265 = VECTOR('',#266,1.);
#266 = DIRECTION('',(0.,-1.,2.2E-16));
#267 = ORIENTED_EDGE('',*,*,#268,.T.);
#268 = EDGE_CURVE('',#261,#269,#271,.T.);
#269 = VERTEX_POINT('',#270);
#270 = CARTESIAN_POINT('',(-41.,2.5,-3.));
#271 = LINE('',#272,#273);
#272 = CARTESIAN_POINT('',(-40.,2.5,-3.));
#273 = VECTOR('',#274,1.);
#274 = DIRECTION('',(-1.,0.,0.));
#275 = ORIENTED_EDGE('',*,*,#276,.F.);
#276 = EDGE_CURVE('',#277,#269,#279,.T.);
#277 = VERTEX_POINT('',#278);
#278 = CARTESIAN_POINT('',(-41.,3.,-3.));
#279 = LINE('',#280,#281);
#280 = CARTESIAN_POINT('',(-41.,3.,-3.));
#281 = VECTOR('',#282,1.);
#282 = DIRECTION('',(0.,-1.,2.2E-16));
#283 = ORIENTED_EDGE('',*,*,#284,.T.);
#284 = EDGE_CURVE('',#277,#285,#287,.T.);
#285 = VERTEX_POINT('',#286);
#286 = CARTESIAN_POINT('',(-60.,3.,-3.));
#287 = LINE('',#288,#289);
#288 = CARTESIAN_POINT('',(-34.34604915687,3.,-3.));
#289 = VECTOR('',#290,1.);
#290 = DIRECTION('',(-1.,0.,0.));
#291 = ORIENTED_EDGE('',*,*,#292,.T.);
#292 = EDGE_CURVE('',#285,#293,#295,.T.);
#293 = VERTEX_POINT('',#294);
#294 = CARTESIAN_POINT('',(-60.,2.5,-3.));
#295 = LINE('',#296,#297);
#296 = CARTESIAN_POINT('',(-60.,3.,-3.));
#297 = VECTOR('',#298,1.);
#298 = DIRECTION('',(0.,-1.,2.2E-16));
#299 = ORIENTED_EDGE('',*,*,#300,.T.);
#300 = EDGE_CURVE('',#293,#301,#303,.T.);
#301 = VERTEX_POINT('',#302);
#302 = CARTESIAN_POINT('',(-61.,2.5,-3.));
#303 = LINE('',#304,#305);
#304 = CARTESIAN_POINT('',(-60.,2.5,-3.));
#305 = VECTOR('',#306,1.);
#306 = DIRECTION('',(-1.,0.,0.));
#307 = ORIENTED_EDGE('',*,*,#308,.F.);
#308 = EDGE_CURVE('',#309,#301,#311,.T.);
#309 = VERTEX_POINT('',#310);
#310 = CARTESIAN_POINT('',(-61.,3.,-3.));
#311 = LINE('',#312,#313);
#312 = CARTESIAN_POINT('',(-61.,3.,-3.));
#313 = VECTOR('',#314,1.);
#314 = DIRECTION('',(0.,-1.,2.2E-16));
#315 = ORIENTED_EDGE('',*,*,#316,.T.);
#316 = EDGE_CURVE('',#309,#317,#319,.T.);
#317 = VERTEX_POINT('',#318);
#318 = CARTESIAN_POINT('',(-68.41420954705,3.,-3.));
#319 = LINE('',#320,#321);
#320 = CARTESIAN_POINT('',(-34.34604915687,3.,-3.));
#321 = VECTOR('',#322,1.);
#322 = DIRECTION('',(-1.,0.,0.));
#323 = ORIENTED_EDGE('',*,*,#324,.F.);
#324 = EDGE_CURVE('',#325,#317,#327,.T.);
#325 = VERTEX_POINT('',#326);
#326 = CARTESIAN_POINT('',(-71.24263713373,1.,-3.));
#327 = LINE('',#328,#329);
#328 = CARTESIAN_POINT('',(-70.59272137437,1.459559765593,-3.));
#329 = VECTOR('',#330,1.);
#330 = DIRECTION('',(0.816496625377,0.577350206328,-1.3E-16));
#331 = ORIENTED_EDGE('',*,*,#332,.T.);
#332 = EDGE_CURVE('',#325,#333,#335,.T.);
#333 = VERTEX_POINT('',#334);
#334 = CARTESIAN_POINT('',(-71.24263713373,-241.,-3.));
#335 = LINE('',#336,#337);
#336 = CARTESIAN_POINT('',(-71.24263713373,-6.7E-16,-3.));
#337 = VECTOR('',#338,1.);
#338 = DIRECTION('',(0.,-1.,2.2E-16));
#339 = ORIENTED_EDGE('',*,*,#340,.T.);
#340 = EDGE_CURVE('',#333,#341,#343,.T.);
#341 = VERTEX_POINT('',#342);
#342 = CARTESIAN_POINT('',(-68.41420954705,-243.,-3.));
#343 = LINE('',#344,#345);
#344 = CARTESIAN_POINT('',(-127.1612607897,-201.4595684759,-3.));
#345 = VECTOR('',#346,1.);
#346 = DIRECTION('',(0.816496625377,-0.577350206328,1.3E-16));
#347 = ORIENTED_EDGE('',*,*,#348,.F.);
#348 = EDGE_CURVE('',#349,#341,#351,.T.);
#349 = VERTEX_POINT('',#350);
#350 = CARTESIAN_POINT('',(-61.,-243.,-3.));
#351 = LINE('',#352,#353);
#352 = CARTESIAN_POINT('',(-34.34604915687,-243.,-3.));
#353 = VECTOR('',#354,1.);
#354 = DIRECTION('',(-1.,0.,0.));
#355 = ORIENTED_EDGE('',*,*,#356,.T.);
#356 = EDGE_CURVE('',#349,#357,#359,.T.);
#357 = VERTEX_POINT('',#358);
#358 = CARTESIAN_POINT('',(-61.,-242.5,-3.));
#359 = LINE('',#360,#361);
#360 = CARTESIAN_POINT('',(-61.,-243.,-3.));
#361 = VECTOR('',#362,1.);
#362 = DIRECTION('',(0.,1.,-2.2E-16));
#363 = ORIENTED_EDGE('',*,*,#364,.T.);
#364 = EDGE_CURVE('',#357,#365,#367,.T.);
#365 = VERTEX_POINT('',#366);
#366 = CARTESIAN_POINT('',(-60.,-242.5,-3.));
#367 = LINE('',#368,#369);
#368 = CARTESIAN_POINT('',(-61.,-242.5,-3.));
#369 = VECTOR('',#370,1.);
#370 = DIRECTION('',(1.,0.,0.));
#371 = ORIENTED_EDGE('',*,*,#372,.F.);
#372 = EDGE_CURVE('',#373,#365,#375,.T.);
#373 = VERTEX_POINT('',#374);
#374 = CARTESIAN_POINT('',(-60.,-243.,-3.));
#375 = LINE('',#376,#377);
#376 = CARTESIAN_POINT('',(-60.,-243.,-3.));
#377 = VECTOR('',#378,1.);
#378 = DIRECTION('',(0.,1.,-2.2E-16));
#379 = ORIENTED_EDGE('',*,*,#380,.F.);
#380 = EDGE_CURVE('',#381,#373,#383,.T.);
#381 = VERTEX_POINT('',#382);
#382 = CARTESIAN_POINT('',(-41.,-243.,-3.));
#383 = LINE('',#384,#385);
#384 = CARTESIAN_POINT('',(-34.34604915687,-243.,-3.));
#385 = VECTOR('',#386,1.);
#386 = DIRECTION('',(-1.,0.,0.));
#387 = ORIENTED_EDGE('',*,*,#388,.T.);
#388 = EDGE_CURVE('',#381,#389,#391,.T.);
#389 = VERTEX_POINT('',#390);
#390 = CARTESIAN_POINT('',(-41.,-242.5,-3.));
#391 = LINE('',#392,#393);
#392 = CARTESIAN_POINT('',(-41.,-243.,-3.));
#393 = VECTOR('',#394,1.);
#394 = DIRECTION('',(0.,1.,-2.2E-16));
#395 = ORIENTED_EDGE('',*,*,#396,.T.);
#396 = EDGE_CURVE('',#389,#397,#399,.T.);
#397 = VERTEX_POINT('',#398);
#398 = CARTESIAN_POINT('',(-40.,-242.5,-3.));
#399 = LINE('',#400,#401);
#400 = CARTESIAN_POINT('',(-41.,-242.5,-3.));
#401 = VECTOR('',#402,1.);
#402 = DIRECTION('',(1.,0.,0.));
#403 = ORIENTED_EDGE('',*,*,#404,.F.);
#404 = EDGE_CURVE('',#405,#397,#407,.T.);
#405 = VERTEX_POINT('',#406);
#406 = CARTESIAN_POINT('',(-40.,-243.,-3.));
#407 = LINE('',#408,#409);
#408 = CARTESIAN_POINT('',(-40.,-243.,-3.));
#409 = VECTOR('',#410,1.);
#410 = DIRECTION('',(0.,1.,-2.2E-16));
#411 = ORIENTED_EDGE('',*,*,#412,.F.);
#412 = EDGE_CURVE('',#413,#405,#415,.T.);
#413 = VERTEX_POINT('',#414);
#414 = CARTESIAN_POINT('',(-21.,-243.,-3.));
#415 = LINE('',#416,#417);
#416 = CARTESIAN_POINT('',(-34.34604915687,-243.,-3.));
#417 = VECTOR('',#418,1.);
#418 = DIRECTION('',(-1.,0.,0.));
#419 = ORIENTED_EDGE('',*,*,#420,.T.);
#420 = EDGE_CURVE('',#413,#421,#423,.T.);
#421 = VERTEX_POINT('',#422);
#422 = CARTESIAN_POINT('',(-21.,-242.5,-3.));
#423 = LINE('',#424,#425);
#424 = CARTESIAN_POINT('',(-21.,-243.,-3.));
#425 = VECTOR('',#426,1.);
#426 = DIRECTION('',(0.,1.,-2.2E-16));
#427 = ORIENTED_EDGE('',*,*,#428,.T.);
#428 = EDGE_CURVE('',#421,#429,#431,.T.);
#429 = VERTEX_POINT('',#430);
#430 = CARTESIAN_POINT('',(-20.,-242.5,-3.));
#431 = LINE('',#432,#433);
#432 = CARTESIAN_POINT('',(-21.,-242.5,-3.));
#433 = VECTOR('',#434,1.);
#434 = DIRECTION('',(1.,0.,0.));
#435 = ORIENTED_EDGE('',*,*,#436,.F.);
#436 = EDGE_CURVE('',#437,#429,#439,.T.);
#437 = VERTEX_POINT('',#438);
#438 = CARTESIAN_POINT('',(-20.,-243.,-3.));
#439 = LINE('',#440,#441);
#440 = CARTESIAN_POINT('',(-20.,-243.,-3.));
#441 = VECTOR('',#442,1.);
#442 = DIRECTION('',(0.,1.,-2.2E-16));
#443 = ORIENTED_EDGE('',*,*,#444,.F.);
#444 = EDGE_CURVE('',#445,#437,#447,.T.);
#445 = VERTEX_POINT('',#446);
#446 = CARTESIAN_POINT('',(-1.,-243.,-3.));
#447 = LINE('',#448,#449);
#448 = CARTESIAN_POINT('',(-34.34604915687,-243.,-3.));
#449 = VECTOR('',#450,1.);
#450 = DIRECTION('',(-1.,0.,0.));
#451 = ORIENTED_EDGE('',*,*,#452,.T.);
#452 = EDGE_CURVE('',#445,#453,#455,.T.);
#453 = VERTEX_POINT('',#454);
#454 = CARTESIAN_POINT('',(-1.,-242.5,-3.));
#455 = LINE('',#456,#457);
#456 = CARTESIAN_POINT('',(-1.,-243.,-3.));
#457 = VECTOR('',#458,1.);
#458 = DIRECTION('',(0.,1.,-2.2E-16));
#459 = ORIENTED_EDGE('',*,*,#460,.T.);
#460 = EDGE_CURVE('',#453,#461,#463,.T.);
#461 = VERTEX_POINT('',#462);
#462 = CARTESIAN_POINT('',(0.,-242.5,-3.));
#463 = LINE('',#464,#465);
#464 = CARTESIAN_POINT('',(-1.,-242.5,-3.));
#465 = VECTOR('',#466,1.);
#466 = DIRECTION('',(1.,0.,0.));
#467 = ORIENTED_EDGE('',*,*,#468,.F.);
#468 = EDGE_CURVE('',#469,#461,#471,.T.);
#469 = VERTEX_POINT('',#470);
#470 = CARTESIAN_POINT('',(0.,-243.,-3.));
#471 = LINE('',#472,#473);
#472 = CARTESIAN_POINT('',(0.,-243.,-3.));
#473 = VECTOR('',#474,1.);
#474 = DIRECTION('',(0.,1.,-2.2E-16));
#475 = ORIENTED_EDGE('',*,*,#476,.F.);
#476 = EDGE_CURVE('',#477,#469,#479,.T.);
#477 = VERTEX_POINT('',#478);
#478 = CARTESIAN_POINT('',(19.,-243.,-3.));
#479 = LINE('',#480,#481);
#480 = CARTESIAN_POINT('',(-34.34604915687,-243.,-3.));
#481 = VECTOR('',#482,1.);
#482 = DIRECTION('',(-1.,0.,0.));
#483 = ORIENTED_EDGE('',*,*,#484,.T.);
#484 = EDGE_CURVE('',#477,#485,#487,.T.);
#485 = VERTEX_POINT('',#486);
#486 = CARTESIAN_POINT('',(19.,-242.5,-3.));
#487 = LINE('',#488,#489);
#488 = CARTESIAN_POINT('',(19.,-243.,-3.));
#489 = VECTOR('',#490,1.);
#490 = DIRECTION('',(0.,1.,-2.2E-16));
#491 = ORIENTED_EDGE('',*,*,#492,.T.);
#492 = EDGE_CURVE('',#485,#493,#495,.T.);
#493 = VERTEX_POINT('',#494);
#494 = CARTESIAN_POINT('',(20.,-242.5,-3.));
#495 = LINE('',#496,#497);
#496 = CARTESIAN_POINT('',(19.,-242.5,-3.));
#497 = VECTOR('',#498,1.);
#498 = DIRECTION('',(1.,0.,0.));
#499 = ORIENTED_EDGE('',*,*,#500,.F.);
#500 = EDGE_CURVE('',#501,#493,#503,.T.);
#501 = VERTEX_POINT('',#502);
#502 = CARTESIAN_POINT('',(20.,-243.,-3.));
#503 = LINE('',#504,#505);
#504 = CARTESIAN_POINT('',(20.,-243.,-3.));
#505 = VECTOR('',#506,1.);
#506 = DIRECTION('',(0.,1.,-2.2E-16));
#507 = ORIENTED_EDGE('',*,*,#508,.F.);
#508 = EDGE_CURVE('',#509,#501,#511,.T.);
#509 = VERTEX_POINT('',#510);
#510 = CARTESIAN_POINT('',(39.,-243.,-3.));
#511 = LINE('',#512,#513);
#512 = CARTESIAN_POINT('',(-34.34604915687,-243.,-3.));
#513 = VECTOR('',#514,1.);
#514 = DIRECTION('',(-1.,0.,0.));
#515 = ORIENTED_EDGE('',*,*,#516,.T.);
#516 = EDGE_CURVE('',#509,#517,#519,.T.);
#517 = VERTEX_POINT('',#518);
#518 = CARTESIAN_POINT('',(39.,-242.5,-3.));
#519 = LINE('',#520,#521);
#520 = CARTESIAN_POINT('',(39.,-243.,-3.));
#521 = VECTOR('',#522,1.);
#522 = DIRECTION('',(0.,1.,-2.2E-16));
#523 = ORIENTED_EDGE('',*,*,#524,.T.);
#524 = EDGE_CURVE('',#517,#525,#527,.T.);
#525 = VERTEX_POINT('',#526);
#526 = CARTESIAN_POINT('',(40.,-242.5,-3.));
#527 = LINE('',#528,#529);
#528 = CARTESIAN_POINT('',(39.,-242.5,-3.));
#529 = VECTOR('',#530,1.);
#530 = DIRECTION('',(1.,0.,0.));
#531 = ORIENTED_EDGE('',*,*,#532,.F.);
#532 = EDGE_CURVE('',#533,#525,#535,.T.);
#533 = VERTEX_POINT('',#534);
#534 = CARTESIAN_POINT('',(40.,-243.,-3.));
#535 = LINE('',#536,#537);
#536 = CARTESIAN_POINT('',(40.,-243.,-3.));
#537 = VECTOR('',#538,1.);
#538 = DIRECTION('',(0.,1.,-2.2E-16));
#539 = ORIENTED_EDGE('',*,*,#540,.F.);
#540 = EDGE_CURVE('',#541,#533,#543,.T.);
#541 = VERTEX_POINT('',#542);
#542 = CARTESIAN_POINT('',(59.,-243.,-3.));
#543 = LINE('',#544,#545);
#544 = CARTESIAN_POINT('',(-34.34604915687,-243.,-3.));
#545 = VECTOR('',#546,1.);
#546 = DIRECTION('',(-1.,0.,0.));
#547 = ORIENTED_EDGE('',*,*,#548,.T.);
#548 = EDGE_CURVE('',#541,#549,#551,.T.);
#549 = VERTEX_POINT('',#550);
#550 = CARTESIAN_POINT('',(59.,-242.5,-3.));
#551 = LINE('',#552,#553);
#552 = CARTESIAN_POINT('',(59.,-243.,-3.));
#553 = VECTOR('',#554,1.);
#554 = DIRECTION('',(0.,1.,-2.2E-16));
#555 = ORIENTED_EDGE('',*,*,#556,.T.);
#556 = EDGE_CURVE('',#549,#557,#559,.T.);
#557 = VERTEX_POINT('',#558);
#558 = CARTESIAN_POINT('',(60.,-242.5,-3.));
#559 = LINE('',#560,#561);
#560 = CARTESIAN_POINT('',(59.,-242.5,-3.));
#561 = VECTOR('',#562,1.);
#562 = DIRECTION('',(1.,0.,0.));
#563 = ORIENTED_EDGE('',*,*,#564,.F.);
#564 = EDGE_CURVE('',#565,#557,#567,.T.);
#565 = VERTEX_POINT('',#566);
#566 = CARTESIAN_POINT('',(60.,-243.,-3.));
#567 = LINE('',#568,#569);
#568 = CARTESIAN_POINT('',(60.,-243.,-3.));
#569 = VECTOR('',#570,1.);
#570 = DIRECTION('',(0.,1.,-2.2E-16));
#571 = ORIENTED_EDGE('',*,*,#572,.F.);
#572 = EDGE_CURVE('',#573,#565,#575,.T.);
#573 = VERTEX_POINT('',#574);
#574 = CARTESIAN_POINT('',(81.,-243.,-3.));
#575 = LINE('',#576,#577);
#576 = CARTESIAN_POINT('',(-34.34604915687,-243.,-3.));
#577 = VECTOR('',#578,1.);
#578 = DIRECTION('',(-1.,0.,0.));
#579 = ORIENTED_EDGE('',*,*,#580,.F.);
#580 = EDGE_CURVE('',#77,#573,#581,.T.);
#581 = LINE('',#582,#583);
#582 = CARTESIAN_POINT('',(104.50000081659,-219.4999991834,-3.));
#583 = VECTOR('',#584,1.);
#584 = DIRECTION('',(-0.707106781187,-0.707106781187,1.6E-16));
#585 = FACE_BOUND('',#586,.F.);
#586 = EDGE_LOOP('',(#587,#597,#605,#613));
#587 = ORIENTED_EDGE('',*,*,#588,.T.);
#588 = EDGE_CURVE('',#589,#591,#593,.T.);
#589 = VERTEX_POINT('',#590);
#590 = CARTESIAN_POINT('',(-26.8,-198.5,-3.));
#591 = VERTEX_POINT('',#592);
#592 = CARTESIAN_POINT('',(-26.8,-201.5,-3.));
#593 = LINE('',#594,#595);
#594 = CARTESIAN_POINT('',(-26.8,-38.5,-3.));
#595 = VECTOR('',#596,1.);
#596 = DIRECTION('',(0.,-1.,0.));
#597 = ORIENTED_EDGE('',*,*,#598,.T.);
#598 = EDGE_CURVE('',#591,#599,#601,.T.);
#599 = VERTEX_POINT('',#600);
#600 = CARTESIAN_POINT('',(-45.2,-201.5,-3.));
#601 = LINE('',#602,#603);
#602 = CARTESIAN_POINT('',(-57.59999836681,-201.5,-3.));
#603 = VECTOR('',#604,1.);
#604 = DIRECTION('',(-1.,0.,0.));
#605 = ORIENTED_EDGE('',*,*,#606,.T.);
#606 = EDGE_CURVE('',#599,#607,#609,.T.);
#607 = VERTEX_POINT('',#608);
#608 = CARTESIAN_POINT('',(-45.2,-198.5,-3.));
#609 = LINE('',#610,#611);
#610 = CARTESIAN_POINT('',(-45.2,-99.25,-3.));
#611 = VECTOR('',#612,1.);
#612 = DIRECTION('',(0.,1.,-2.2E-16));
#613 = ORIENTED_EDGE('',*,*,#614,.T.);
#614 = EDGE_CURVE('',#607,#589,#615,.T.);
#615 = LINE('',#616,#617);
#616 = CARTESIAN_POINT('',(-5.599998366814,-198.5,-3.));
#617 = VECTOR('',#618,1.);
#618 = DIRECTION('',(1.,0.,0.));
#619 = FACE_BOUND('',#620,.F.);
#620 = EDGE_LOOP('',(#621,#631,#639,#647));
#621 = ORIENTED_EDGE('',*,*,#622,.T.);
#622 = EDGE_CURVE('',#623,#625,#627,.T.);
#623 = VERTEX_POINT('',#624);
#624 = CARTESIAN_POINT('',(-26.8,-190.5,-3.));
#625 = VERTEX_POINT('',#626);
#626 = CARTESIAN_POINT('',(-26.8,-193.5,-3.));
#627 = LINE('',#628,#629);
#628 = CARTESIAN_POINT('',(-26.8,-38.5,-3.));
#629 = VECTOR('',#630,1.);
#630 = DIRECTION('',(0.,-1.,0.));
#631 = ORIENTED_EDGE('',*,*,#632,.T.);
#632 = EDGE_CURVE('',#625,#633,#635,.T.);
#633 = VERTEX_POINT('',#634);
#634 = CARTESIAN_POINT('',(-45.2,-193.5,-3.));
#635 = LINE('',#636,#637);
#636 = CARTESIAN_POINT('',(-57.59999836681,-193.5,-3.));
#637 = VECTOR('',#638,1.);
#638 = DIRECTION('',(-1.,0.,0.));
#639 = ORIENTED_EDGE('',*,*,#640,.T.);
#640 = EDGE_CURVE('',#633,#641,#643,.T.);
#641 = VERTEX_POINT('',#642);
#642 = CARTESIAN_POINT('',(-45.2,-190.5,-3.));
#643 = LINE('',#644,#645);
#644 = CARTESIAN_POINT('',(-45.2,-95.25,-3.));
#645 = VECTOR('',#646,1.);
#646 = DIRECTION('',(0.,1.,-2.2E-16));
#647 = ORIENTED_EDGE('',*,*,#648,.T.);
#648 = EDGE_CURVE('',#641,#623,#649,.T.);
#649 = LINE('',#650,#651);
#650 = CARTESIAN_POINT('',(-5.599998366814,-190.5,-3.));
#651 = VECTOR('',#652,1.);
#652 = DIRECTION('',(1.,0.,0.));
#653 = FACE_BOUND('',#654,.F.);
#654 = EDGE_LOOP('',(#655,#665,#673,#681));
#655 = ORIENTED_EDGE('',*,*,#656,.T.);
#656 = EDGE_CURVE('',#657,#659,#661,.T.);
#657 = VERTEX_POINT('',#658);
#658 = CARTESIAN_POINT('',(-26.8,-182.5,-3.));
#659 = VERTEX_POINT('',#660);
#660 = CARTESIAN_POINT('',(-26.8,-185.5,-3.));
#661 = LINE('',#662,#663);
#662 = CARTESIAN_POINT('',(-26.8,-38.5,-3.));
#663 = VECTOR('',#664,1.);
#664 = DIRECTION('',(0.,-1.,0.));
#665 = ORIENTED_EDGE('',*,*,#666,.T.);
#666 = EDGE_CURVE('',#659,#667,#669,.T.);
#667 = VERTEX_POINT('',#668);
#668 = CARTESIAN_POINT('',(-45.2,-185.5,-3.));
#669 = LINE('',#670,#671);
#670 = CARTESIAN_POINT('',(-57.59999836681,-185.5,-3.));
#671 = VECTOR('',#672,1.);
#672 = DIRECTION('',(-1.,0.,0.));
#673 = ORIENTED_EDGE('',*,*,#674,.T.);
#674 = EDGE_CURVE('',#667,#675,#677,.T.);
#675 = VERTEX_POINT('',#676);
#676 = CARTESIAN_POINT('',(-45.2,-182.5,-3.));
#677 = LINE('',#678,#679);
#678 = CARTESIAN_POINT('',(-45.2,-91.25,-3.));
#679 = VECTOR('',#680,1.);
#680 = DIRECTION('',(0.,1.,-2.2E-16));
#681 = ORIENTED_EDGE('',*,*,#682,.T.);
#682 = EDGE_CURVE('',#675,#657,#683,.T.);
#683 = LINE('',#684,#685);
#684 = CARTESIAN_POINT('',(-5.599998366814,-182.5,-3.));
#685 = VECTOR('',#686,1.);
#686 = DIRECTION('',(1.,0.,0.));
#687 = FACE_BOUND('',#688,.F.);
#688 = EDGE_LOOP('',(#689,#699,#707,#715));
#689 = ORIENTED_EDGE('',*,*,#690,.T.);
#690 = EDGE_CURVE('',#691,#693,#695,.T.);
#691 = VERTEX_POINT('',#692);
#692 = CARTESIAN_POINT('',(-23.8,-201.5,-3.));
#693 = VERTEX_POINT('',#694);
#694 = CARTESIAN_POINT('',(-23.8,-198.5,-3.));
#695 = LINE('',#696,#697);
#696 = CARTESIAN_POINT('',(-23.8,-201.5,-3.));
#697 = VECTOR('',#698,1.);
#698 = DIRECTION('',(0.,1.,0.));
#699 = ORIENTED_EDGE('',*,*,#700,.T.);
#700 = EDGE_CURVE('',#693,#701,#703,.T.);
#701 = VERTEX_POINT('',#702);
#702 = CARTESIAN_POINT('',(-5.4,-198.5,-3.));
#703 = LINE('',#704,#705);
#704 = CARTESIAN_POINT('',(-5.599998366814,-198.5,-3.));
#705 = VECTOR('',#706,1.);
#706 = DIRECTION('',(1.,0.,0.));
#707 = ORIENTED_EDGE('',*,*,#708,.T.);
#708 = EDGE_CURVE('',#701,#709,#711,.T.);
#709 = VERTEX_POINT('',#710);
#710 = CARTESIAN_POINT('',(-5.4,-201.5,-3.));
#711 = LINE('',#712,#713);
#712 = CARTESIAN_POINT('',(-5.4,-38.5,-3.));
#713 = VECTOR('',#714,1.);
#714 = DIRECTION('',(0.,-1.,0.));
#715 = ORIENTED_EDGE('',*,*,#716,.T.);
#716 = EDGE_CURVE('',#709,#691,#717,.T.);
#717 = LINE('',#718,#719);
#718 = CARTESIAN_POINT('',(-57.59999836681,-201.5,-3.));
#719 = VECTOR('',#720,1.);
#720 = DIRECTION('',(-1.,0.,0.));
#721 = FACE_BOUND('',#722,.F.);
#722 = EDGE_LOOP('',(#723,#733,#741,#749));
#723 = ORIENTED_EDGE('',*,*,#724,.T.);
#724 = EDGE_CURVE('',#725,#727,#729,.T.);
#725 = VERTEX_POINT('',#726);
#726 = CARTESIAN_POINT('',(-23.8,-193.5,-3.));
#727 = VERTEX_POINT('',#728);
#728 = CARTESIAN_POINT('',(-23.8,-190.5,-3.));
#729 = LINE('',#730,#731);
#730 = CARTESIAN_POINT('',(-23.8,-201.5,-3.));
#731 = VECTOR('',#732,1.);
#732 = DIRECTION('',(0.,1.,0.));
#733 = ORIENTED_EDGE('',*,*,#734,.T.);
#734 = EDGE_CURVE('',#727,#735,#737,.T.);
#735 = VERTEX_POINT('',#736);
#736 = CARTESIAN_POINT('',(-5.4,-190.5,-3.));
#737 = LINE('',#738,#739);
#738 = CARTESIAN_POINT('',(-5.599998366814,-190.5,-3.));
#739 = VECTOR('',#740,1.);
#740 = DIRECTION('',(1.,0.,0.));
#741 = ORIENTED_EDGE('',*,*,#742,.T.);
#742 = EDGE_CURVE('',#735,#743,#745,.T.);
#743 = VERTEX_POINT('',#744);
#744 = CARTESIAN_POINT('',(-5.4,-193.5,-3.));
#745 = LINE('',#746,#747);
#746 = CARTESIAN_POINT('',(-5.4,-38.5,-3.));
#747 = VECTOR('',#748,1.);
#748 = DIRECTION('',(0.,-1.,0.));
#749 = ORIENTED_EDGE('',*,*,#750,.T.);
#750 = EDGE_CURVE('',#743,#725,#751,.T.);
#751 = LINE('',#752,#753);
#752 = CARTESIAN_POINT('',(-57.59999836681,-193.5,-3.));
#753 = VECTOR('',#754,1.);
#754 = DIRECTION('',(-1.,0.,0.));
#755 = FACE_BOUND('',#756,.F.);
#756 = EDGE_LOOP('',(#757,#767,#775,#783));
#757 = ORIENTED_EDGE('',*,*,#758,.T.);
#758 = EDGE_CURVE('',#759,#761,#763,.T.);
#759 = VERTEX_POINT('',#760);
#760 = CARTESIAN_POINT('',(-23.8,-182.5,-3.));
#761 = VERTEX_POINT('',#762);
#762 = CARTESIAN_POINT('',(-5.4,-182.5,-3.));
#763 = LINE('',#764,#765);
#764 = CARTESIAN_POINT('',(-5.599998366814,-182.5,-3.));
#765 = VECTOR('',#766,1.);
#766 = DIRECTION('',(1.,0.,0.));
#767 = ORIENTED_EDGE('',*,*,#768,.T.);
#768 = EDGE_CURVE('',#761,#769,#771,.T.);
#769 = VERTEX_POINT('',#770);
#770 = CARTESIAN_POINT('',(-5.4,-185.5,-3.));
#771 = LINE('',#772,#773);
#772 = CARTESIAN_POINT('',(-5.4,-38.5,-3.));
#773 = VECTOR('',#774,1.);
#774 = DIRECTION('',(0.,-1.,0.));
#775 = ORIENTED_EDGE('',*,*,#776,.T.);
#776 = EDGE_CURVE('',#769,#777,#779,.T.);
#777 = VERTEX_POINT('',#778);
#778 = CARTESIAN_POINT('',(-23.8,-185.5,-3.));
#779 = LINE('',#780,#781);
#780 = CARTESIAN_POINT('',(-57.59999836681,-185.5,-3.));
#781 = VECTOR('',#782,1.);
#782 = DIRECTION('',(-1.,0.,0.));
#783 = ORIENTED_EDGE('',*,*,#784,.T.);
#784 = EDGE_CURVE('',#777,#759,#785,.T.);
#785 = LINE('',#786,#787);
#786 = CARTESIAN_POINT('',(-23.8,-201.5,-3.));
#787 = VECTOR('',#788,1.);
#788 = DIRECTION('',(0.,1.,0.));
#789 = FACE_BOUND('',#790,.F.);
#790 = EDGE_LOOP('',(#791,#801,#809,#817));
#791 = ORIENTED_EDGE('',*,*,#792,.T.);
#792 = EDGE_CURVE('',#793,#795,#797,.T.);
#793 = VERTEX_POINT('',#794);
#794 = CARTESIAN_POINT('',(-2.4,-201.5,-3.));
#795 = VERTEX_POINT('',#796);
#796 = CARTESIAN_POINT('',(-2.4,-198.5,-3.));
#797 = LINE('',#798,#799);
#798 = CARTESIAN_POINT('',(-2.4,-201.5,-3.));
#799 = VECTOR('',#800,1.);
#800 = DIRECTION('',(0.,1.,0.));
#801 = ORIENTED_EDGE('',*,*,#802,.T.);
#802 = EDGE_CURVE('',#795,#803,#805,.T.);
#803 = VERTEX_POINT('',#804);
#804 = CARTESIAN_POINT('',(16.,-198.5,-3.));
#805 = LINE('',#806,#807);
#806 = CARTESIAN_POINT('',(-5.599998366814,-198.5,-3.));
#807 = VECTOR('',#808,1.);
#808 = DIRECTION('',(1.,0.,0.));
#809 = ORIENTED_EDGE('',*,*,#810,.T.);
#810 = EDGE_CURVE('',#803,#811,#813,.T.);
#811 = VERTEX_POINT('',#812);
#812 = CARTESIAN_POINT('',(16.,-201.5,-3.));
#813 = LINE('',#814,#815);
#814 = CARTESIAN_POINT('',(16.,-38.5,-3.));
#815 = VECTOR('',#816,1.);
#816 = DIRECTION('',(0.,-1.,0.));
#817 = ORIENTED_EDGE('',*,*,#818,.T.);
#818 = EDGE_CURVE('',#811,#793,#819,.T.);
#819 = LINE('',#820,#821);
#820 = CARTESIAN_POINT('',(-57.59999836681,-201.5,-3.));
#821 = VECTOR('',#822,1.);
#822 = DIRECTION('',(-1.,0.,0.));
#823 = FACE_BOUND('',#824,.F.);
#824 = EDGE_LOOP('',(#825,#835,#843,#851));
#825 = ORIENTED_EDGE('',*,*,#826,.T.);
#826 = EDGE_CURVE('',#827,#829,#831,.T.);
#827 = VERTEX_POINT('',#828);
#828 = CARTESIAN_POINT('',(-2.4,-193.5,-3.));
#829 = VERTEX_POINT('',#830);
#830 = CARTESIAN_POINT('',(-2.4,-190.5,-3.));
#831 = LINE('',#832,#833);
#832 = CARTESIAN_POINT('',(-2.4,-201.5,-3.));
#833 = VECTOR('',#834,1.);
#834 = DIRECTION('',(0.,1.,0.));
#835 = ORIENTED_EDGE('',*,*,#836,.T.);
#836 = EDGE_CURVE('',#829,#837,#839,.T.);
#837 = VERTEX_POINT('',#838);
#838 = CARTESIAN_POINT('',(16.,-190.5,-3.));
#839 = LINE('',#840,#841);
#840 = CARTESIAN_POINT('',(-5.599998366814,-190.5,-3.));
#841 = VECTOR('',#842,1.);
#842 = DIRECTION('',(1.,0.,0.));
#843 = ORIENTED_EDGE('',*,*,#844,.T.);
#844 = EDGE_CURVE('',#837,#845,#847,.T.);
#845 = VERTEX_POINT('',#846);
#846 = CARTESIAN_POINT('',(16.,-193.5,-3.));
#847 = LINE('',#848,#849);
#848 = CARTESIAN_POINT('',(16.,-38.5,-3.));
#849 = VECTOR('',#850,1.);
#850 = DIRECTION('',(0.,-1.,0.));
#851 = ORIENTED_EDGE('',*,*,#852,.T.);
#852 = EDGE_CURVE('',#845,#827,#853,.T.);
#853 = LINE('',#854,#855);
#854 = CARTESIAN_POINT('',(-57.59999836681,-193.5,-3.));
#855 = VECTOR('',#856,1.);
#856 = DIRECTION('',(-1.,0.,0.));
#857 = FACE_BOUND('',#858,.F.);
#858 = EDGE_LOOP('',(#859,#869,#877,#885));
#859 = ORIENTED_EDGE('',*,*,#860,.T.);
#860 = EDGE_CURVE('',#861,#863,#865,.T.);
#861 = VERTEX_POINT('',#862);
#862 = CARTESIAN_POINT('',(-2.4,-182.5,-3.));
#863 = VERTEX_POINT('',#864);
#864 = CARTESIAN_POINT('',(16.,-182.5,-3.));
#865 = LINE('',#866,#867);
#866 = CARTESIAN_POINT('',(-5.599998366814,-182.5,-3.));
#867 = VECTOR('',#868,1.);
#868 = DIRECTION('',(1.,0.,0.));
#869 = ORIENTED_EDGE('',*,*,#870,.T.);
#870 = EDGE_CURVE('',#863,#871,#873,.T.);
#871 = VERTEX_POINT('',#872);
#872 = CARTESIAN_POINT('',(16.,-185.5,-3.));
#873 = LINE('',#874,#875);
#874 = CARTESIAN_POINT('',(16.,-38.5,-3.));
#875 = VECTOR('',#876,1.);
#876 = DIRECTION('',(0.,-1.,0.));
#877 = ORIENTED_EDGE('',*,*,#878,.T.);
#878 = EDGE_CURVE('',#871,#879,#881,.T.);
#879 = VERTEX_POINT('',#880);
#880 = CARTESIAN_POINT('',(-2.4,-185.5,-3.));
#881 = LINE('',#882,#883);
#882 = CARTESIAN_POINT('',(-57.59999836681,-185.5,-3.));
#883 = VECTOR('',#884,1.);
#884 = DIRECTION('',(-1.,0.,0.));
#885 = ORIENTED_EDGE('',*,*,#886,.T.);
#886 = EDGE_CURVE('',#879,#861,#887,.T.);
#887 = LINE('',#888,#889);
#888 = CARTESIAN_POINT('',(-2.4,-201.5,-3.));
#889 = VECTOR('',#890,1.);
#890 = DIRECTION('',(0.,1.,0.));
#891 = FACE_BOUND('',#892,.F.);
#892 = EDGE_LOOP('',(#893,#903,#911,#919));
#893 = ORIENTED_EDGE('',*,*,#894,.T.);
#894 = EDGE_CURVE('',#895,#897,#899,.T.);
#895 = VERTEX_POINT('',#896);
#896 = CARTESIAN_POINT('',(-26.8,-174.5,-3.));
#897 = VERTEX_POINT('',#898);
#898 = CARTESIAN_POINT('',(-26.8,-177.5,-3.));
#899 = LINE('',#900,#901);
#900 = CARTESIAN_POINT('',(-26.8,-38.5,-3.));
#901 = VECTOR('',#902,1.);
#902 = DIRECTION('',(0.,-1.,0.));
#903 = ORIENTED_EDGE('',*,*,#904,.T.);
#904 = EDGE_CURVE('',#897,#905,#907,.T.);
#905 = VERTEX_POINT('',#906);
#906 = CARTESIAN_POINT('',(-45.2,-177.5,-3.));
#907 = LINE('',#908,#909);
#908 = CARTESIAN_POINT('',(-57.59999836681,-177.5,-3.));
#909 = VECTOR('',#910,1.);
#910 = DIRECTION('',(-1.,0.,0.));
#911 = ORIENTED_EDGE('',*,*,#912,.T.);
#912 = EDGE_CURVE('',#905,#913,#915,.T.);
#913 = VERTEX_POINT('',#914);
#914 = CARTESIAN_POINT('',(-45.2,-174.5,-3.));
#915 = LINE('',#916,#917);
#916 = CARTESIAN_POINT('',(-45.2,-87.25,-3.));
#917 = VECTOR('',#918,1.);
#918 = DIRECTION('',(0.,1.,-2.2E-16));
#919 = ORIENTED_EDGE('',*,*,#920,.T.);
#920 = EDGE_CURVE('',#913,#895,#921,.T.);
#921 = LINE('',#922,#923);
#922 = CARTESIAN_POINT('',(-5.599998366814,-174.5,-3.));
#923 = VECTOR('',#924,1.);
#924 = DIRECTION('',(1.,0.,0.));
#925 = FACE_BOUND('',#926,.F.);
#926 = EDGE_LOOP('',(#927,#937,#945,#953));
#927 = ORIENTED_EDGE('',*,*,#928,.T.);
#928 = EDGE_CURVE('',#929,#931,#933,.T.);
#929 = VERTEX_POINT('',#930);
#930 = CARTESIAN_POINT('',(-26.8,-166.5,-3.));
#931 = VERTEX_POINT('',#932);
#932 = CARTESIAN_POINT('',(-26.8,-169.5,-3.));
#933 = LINE('',#934,#935);
#934 = CARTESIAN_POINT('',(-26.8,-38.5,-3.));
#935 = VECTOR('',#936,1.);
#936 = DIRECTION('',(0.,-1.,0.));
#937 = ORIENTED_EDGE('',*,*,#938,.T.);
#938 = EDGE_CURVE('',#931,#939,#941,.T.);
#939 = VERTEX_POINT('',#940);
#940 = CARTESIAN_POINT('',(-45.2,-169.5,-3.));
#941 = LINE('',#942,#943);
#942 = CARTESIAN_POINT('',(-57.59999836681,-169.5,-3.));
#943 = VECTOR('',#944,1.);
#944 = DIRECTION('',(-1.,0.,0.));
#945 = ORIENTED_EDGE('',*,*,#946,.T.);
#946 = EDGE_CURVE('',#939,#947,#949,.T.);
#947 = VERTEX_POINT('',#948);
#948 = CARTESIAN_POINT('',(-45.2,-166.5,-3.));
#949 = LINE('',#950,#951);
#950 = CARTESIAN_POINT('',(-45.2,-83.25,-3.));
#951 = VECTOR('',#952,1.);
#952 = DIRECTION('',(0.,1.,-2.2E-16));
#953 = ORIENTED_EDGE('',*,*,#954,.T.);
#954 = EDGE_CURVE('',#947,#929,#955,.T.);
#955 = LINE('',#956,#957);
#956 = CARTESIAN_POINT('',(-5.599998366814,-166.5,-3.));
#957 = VECTOR('',#958,1.);
#958 = DIRECTION('',(1.,0.,0.));
#959 = FACE_BOUND('',#960,.F.);
#960 = EDGE_LOOP('',(#961,#971,#979,#987));
#961 = ORIENTED_EDGE('',*,*,#962,.T.);
#962 = EDGE_CURVE('',#963,#965,#967,.T.);
#963 = VERTEX_POINT('',#964);
#964 = CARTESIAN_POINT('',(-26.8,-158.5,-3.));
#965 = VERTEX_POINT('',#966);
#966 = CARTESIAN_POINT('',(-26.8,-161.5,-3.));
#967 = LINE('',#968,#969);
#968 = CARTESIAN_POINT('',(-26.8,-38.5,-3.));
#969 = VECTOR('',#970,1.);
#970 = DIRECTION('',(0.,-1.,0.));
#971 = ORIENTED_EDGE('',*,*,#972,.T.);
#972 = EDGE_CURVE('',#965,#973,#975,.T.);
#973 = VERTEX_POINT('',#974);
#974 = CARTESIAN_POINT('',(-45.2,-161.5,-3.));
#975 = LINE('',#976,#977);
#976 = CARTESIAN_POINT('',(-57.59999836681,-161.5,-3.));
#977 = VECTOR('',#978,1.);
#978 = DIRECTION('',(-1.,0.,0.));
#979 = ORIENTED_EDGE('',*,*,#980,.T.);
#980 = EDGE_CURVE('',#973,#981,#983,.T.);
#981 = VERTEX_POINT('',#982);
#982 = CARTESIAN_POINT('',(-45.2,-158.5,-3.));
#983 = LINE('',#984,#985);
#984 = CARTESIAN_POINT('',(-45.2,-79.25,-3.));
#985 = VECTOR('',#986,1.);
#986 = DIRECTION('',(0.,1.,-2.2E-16));
#987 = ORIENTED_EDGE('',*,*,#988,.T.);
#988 = EDGE_CURVE('',#981,#963,#989,.T.);
#989 = LINE('',#990,#991);
#990 = CARTESIAN_POINT('',(-5.599998366814,-158.5,-3.));
#991 = VECTOR('',#992,1.);
#992 = DIRECTION('',(1.,0.,0.));
#993 = FACE_BOUND('',#994,.F.);
#994 = EDGE_LOOP('',(#995,#1005,#1013,#1021));
#995 = ORIENTED_EDGE('',*,*,#996,.T.);
#996 = EDGE_CURVE('',#997,#999,#1001,.T.);
#997 = VERTEX_POINT('',#998);
#998 = CARTESIAN_POINT('',(-26.8,-150.5,-3.));
#999 = VERTEX_POINT('',#1000);
#1000 = CARTESIAN_POINT('',(-26.8,-153.5,-3.));
#1001 = LINE('',#1002,#1003);
#1002 = CARTESIAN_POINT('',(-26.8,-38.5,-3.));
#1003 = VECTOR('',#1004,1.);
#1004 = DIRECTION('',(0.,-1.,0.));
#1005 = ORIENTED_EDGE('',*,*,#1006,.T.);
#1006 = EDGE_CURVE('',#999,#1007,#1009,.T.);
#1007 = VERTEX_POINT('',#1008);
#1008 = CARTESIAN_POINT('',(-45.2,-153.5,-3.));
#1009 = LINE('',#1010,#1011);
#1010 = CARTESIAN_POINT('',(-57.59999836681,-153.5,-3.));
#1011 = VECTOR('',#1012,1.);
#1012 = DIRECTION('',(-1.,0.,0.));
#1013 = ORIENTED_EDGE('',*,*,#1014,.T.);
#1014 = EDGE_CURVE('',#1007,#1015,#1017,.T.);
#1015 = VERTEX_POINT('',#1016);
#1016 = CARTESIAN_POINT('',(-45.2,-150.5,-3.));
#1017 = LINE('',#1018,#1019);
#1018 = CARTESIAN_POINT('',(-45.2,-75.25,-3.));
#1019 = VECTOR('',#1020,1.);
#1020 = DIRECTION('',(0.,1.,-2.2E-16));
#1021 = ORIENTED_EDGE('',*,*,#1022,.T.);
#1022 = EDGE_CURVE('',#1015,#997,#1023,.T.);
#1023 = LINE('',#1024,#1025);
#1024 = CARTESIAN_POINT('',(-5.599998366814,-150.5,-3.));
#1025 = VECTOR('',#1026,1.);
#1026 = DIRECTION('',(1.,0.,0.));
#1027 = FACE_BOUND('',#1028,.F.);
#1028 = EDGE_LOOP('',(#1029,#1039,#1047,#1055));
#1029 = ORIENTED_EDGE('',*,*,#1030,.T.);
#1030 = EDGE_CURVE('',#1031,#1033,#1035,.T.);
#1031 = VERTEX_POINT('',#1032);
#1032 = CARTESIAN_POINT('',(-23.8,-174.5,-3.));
#1033 = VERTEX_POINT('',#1034);
#1034 = CARTESIAN_POINT('',(-5.4,-174.5,-3.));
#1035 = LINE('',#1036,#1037);
#1036 = CARTESIAN_POINT('',(-5.599998366814,-174.5,-3.));
#1037 = VECTOR('',#1038,1.);
#1038 = DIRECTION('',(1.,0.,0.));
#1039 = ORIENTED_EDGE('',*,*,#1040,.T.);
#1040 = EDGE_CURVE('',#1033,#1041,#1043,.T.);
#1041 = VERTEX_POINT('',#1042);
#1042 = CARTESIAN_POINT('',(-5.4,-177.5,-3.));
#1043 = LINE('',#1044,#1045);
#1044 = CARTESIAN_POINT('',(-5.4,-38.5,-3.));
#1045 = VECTOR('',#1046,1.);
#1046 = DIRECTION('',(0.,-1.,0.));
#1047 = ORIENTED_EDGE('',*,*,#1048,.T.);
#1048 = EDGE_CURVE('',#1041,#1049,#1051,.T.);
#1049 = VERTEX_POINT('',#1050);
#1050 = CARTESIAN_POINT('',(-23.8,-177.5,-3.));
#1051 = LINE('',#1052,#1053);
#1052 = CARTESIAN_POINT('',(-57.59999836681,-177.5,-3.));
#1053 = VECTOR('',#1054,1.);
#1054 = DIRECTION('',(-1.,0.,0.));
#1055 = ORIENTED_EDGE('',*,*,#1056,.T.);
#1056 = EDGE_CURVE('',#1049,#1031,#1057,.T.);
#1057 = LINE('',#1058,#1059);
#1058 = CARTESIAN_POINT('',(-23.8,-201.5,-3.));
#1059 = VECTOR('',#1060,1.);
#1060 = DIRECTION('',(0.,1.,0.));
#1061 = FACE_BOUND('',#1062,.F.);
#1062 = EDGE_LOOP('',(#1063,#1073,#1081,#1089));
#1063 = ORIENTED_EDGE('',*,*,#1064,.T.);
#1064 = EDGE_CURVE('',#1065,#1067,#1069,.T.);
#1065 = VERTEX_POINT('',#1066);
#1066 = CARTESIAN_POINT('',(-23.8,-166.5,-3.));
#1067 = VERTEX_POINT('',#1068);
#1068 = CARTESIAN_POINT('',(-5.4,-166.5,-3.));
#1069 = LINE('',#1070,#1071);
#1070 = CARTESIAN_POINT('',(-5.599998366814,-166.5,-3.));
#1071 = VECTOR('',#1072,1.);
#1072 = DIRECTION('',(1.,0.,0.));
#1073 = ORIENTED_EDGE('',*,*,#1074,.T.);
#1074 = EDGE_CURVE('',#1067,#1075,#1077,.T.);
#1075 = VERTEX_POINT('',#1076);
#1076 = CARTESIAN_POINT('',(-5.4,-169.5,-3.));
#1077 = LINE('',#1078,#1079);
#1078 = CARTESIAN_POINT('',(-5.4,-38.5,-3.));
#1079 = VECTOR('',#1080,1.);
#1080 = DIRECTION('',(0.,-1.,0.));
#1081 = ORIENTED_EDGE('',*,*,#1082,.T.);
#1082 = EDGE_CURVE('',#1075,#1083,#1085,.T.);
#1083 = VERTEX_POINT('',#1084);
#1084 = CARTESIAN_POINT('',(-23.8,-169.5,-3.));
#1085 = LINE('',#1086,#1087);
#1086 = CARTESIAN_POINT('',(-57.59999836681,-169.5,-3.));
#1087 = VECTOR('',#1088,1.);
#1088 = DIRECTION('',(-1.,0.,0.));
#1089 = ORIENTED_EDGE('',*,*,#1090,.T.);
#1090 = EDGE_CURVE('',#1083,#1065,#1091,.T.);
#1091 = LINE('',#1092,#1093);
#1092 = CARTESIAN_POINT('',(-23.8,-201.5,-3.));
#1093 = VECTOR('',#1094,1.);
#1094 = DIRECTION('',(0.,1.,0.));
#1095 = FACE_BOUND('',#1096,.F.);
#1096 = EDGE_LOOP('',(#1097,#1107,#1115,#1123));
#1097 = ORIENTED_EDGE('',*,*,#1098,.T.);
#1098 = EDGE_CURVE('',#1099,#1101,#1103,.T.);
#1099 = VERTEX_POINT('',#1100);
#1100 = CARTESIAN_POINT('',(-23.8,-158.5,-3.));
#1101 = VERTEX_POINT('',#1102);
#1102 = CARTESIAN_POINT('',(-5.4,-158.5,-3.));
#1103 = LINE('',#1104,#1105);
#1104 = CARTESIAN_POINT('',(-5.599998366814,-158.5,-3.));
#1105 = VECTOR('',#1106,1.);
#1106 = DIRECTION('',(1.,0.,0.));
#1107 = ORIENTED_EDGE('',*,*,#1108,.T.);
#1108 = EDGE_CURVE('',#1101,#1109,#1111,.T.);
#1109 = VERTEX_POINT('',#1110);
#1110 = CARTESIAN_POINT('',(-5.4,-161.5,-3.));
#1111 = LINE('',#1112,#1113);
#1112 = CARTESIAN_POINT('',(-5.4,-38.5,-3.));
#1113 = VECTOR('',#1114,1.);
#1114 = DIRECTION('',(0.,-1.,0.));
#1115 = ORIENTED_EDGE('',*,*,#1116,.T.);
#1116 = EDGE_CURVE('',#1109,#1117,#1119,.T.);
#1117 = VERTEX_POINT('',#1118);
#1118 = CARTESIAN_POINT('',(-23.8,-161.5,-3.));
#1119 = LINE('',#1120,#1121);
#1120 = CARTESIAN_POINT('',(-57.59999836681,-161.5,-3.));
#1121 = VECTOR('',#1122,1.);
#1122 = DIRECTION('',(-1.,0.,0.));
#1123 = ORIENTED_EDGE('',*,*,#1124,.T.);
#1124 = EDGE_CURVE('',#1117,#1099,#1125,.T.);
#1125 = LINE('',#1126,#1127);
#1126 = CARTESIAN_POINT('',(-23.8,-201.5,-3.));
#1127 = VECTOR('',#1128,1.);
#1128 = DIRECTION('',(0.,1.,0.));
#1129 = FACE_BOUND('',#1130,.F.);
#1130 = EDGE_LOOP('',(#1131,#1141,#1149,#1157));
#1131 = ORIENTED_EDGE('',*,*,#1132,.T.);
#1132 = EDGE_CURVE('',#1133,#1135,#1137,.T.);
#1133 = VERTEX_POINT('',#1134);
#1134 = CARTESIAN_POINT('',(-23.8,-150.5,-3.));
#1135 = VERTEX_POINT('',#1136);
#1136 = CARTESIAN_POINT('',(-5.4,-150.5,-3.));
#1137 = LINE('',#1138,#1139);
#1138 = CARTESIAN_POINT('',(-5.599998366814,-150.5,-3.));
#1139 = VECTOR('',#1140,1.);
#1140 = DIRECTION('',(1.,0.,0.));
#1141 = ORIENTED_EDGE('',*,*,#1142,.T.);
#1142 = EDGE_CURVE('',#1135,#1143,#1145,.T.);
#1143 = VERTEX_POINT('',#1144);
#1144 = CARTESIAN_POINT('',(-5.4,-153.5,-3.));
#1145 = LINE('',#1146,#1147);
#1146 = CARTESIAN_POINT('',(-5.4,-38.5,-3.));
#1147 = VECTOR('',#1148,1.);
#1148 = DIRECTION('',(0.,-1.,0.));
#1149 = ORIENTED_EDGE('',*,*,#1150,.T.);
#1150 = EDGE_CURVE('',#1143,#1151,#1153,.T.);
#1151 = VERTEX_POINT('',#1152);
#1152 = CARTESIAN_POINT('',(-23.8,-153.5,-3.));
#1153 = LINE('',#1154,#1155);
#1154 = CARTESIAN_POINT('',(-57.59999836681,-153.5,-3.));
#1155 = VECTOR('',#1156,1.);
#1156 = DIRECTION('',(-1.,0.,0.));
#1157 = ORIENTED_EDGE('',*,*,#1158,.T.);
#1158 = EDGE_CURVE('',#1151,#1133,#1159,.T.);
#1159 = LINE('',#1160,#1161);
#1160 = CARTESIAN_POINT('',(-23.8,-201.5,-3.));
#1161 = VECTOR('',#1162,1.);
#1162 = DIRECTION('',(0.,1.,0.));
#1163 = FACE_BOUND('',#1164,.F.);
#1164 = EDGE_LOOP('',(#1165,#1175,#1183,#1191));
#1165 = ORIENTED_EDGE('',*,*,#1166,.T.);
#1166 = EDGE_CURVE('',#1167,#1169,#1171,.T.);
#1167 = VERTEX_POINT('',#1168);
#1168 = CARTESIAN_POINT('',(-26.8,-142.5,-3.));
#1169 = VERTEX_POINT('',#1170);
#1170 = CARTESIAN_POINT('',(-26.8,-145.5,-3.));
#1171 = LINE('',#1172,#1173);
#1172 = CARTESIAN_POINT('',(-26.8,-38.5,-3.));
#1173 = VECTOR('',#1174,1.);
#1174 = DIRECTION('',(0.,-1.,0.));
#1175 = ORIENTED_EDGE('',*,*,#1176,.T.);
#1176 = EDGE_CURVE('',#1169,#1177,#1179,.T.);
#1177 = VERTEX_POINT('',#1178);
#1178 = CARTESIAN_POINT('',(-45.2,-145.5,-3.));
#1179 = LINE('',#1180,#1181);
#1180 = CARTESIAN_POINT('',(-57.59999836681,-145.5,-3.));
#1181 = VECTOR('',#1182,1.);
#1182 = DIRECTION('',(-1.,0.,0.));
#1183 = ORIENTED_EDGE('',*,*,#1184,.T.);
#1184 = EDGE_CURVE('',#1177,#1185,#1187,.T.);
#1185 = VERTEX_POINT('',#1186);
#1186 = CARTESIAN_POINT('',(-45.2,-142.5,-3.));
#1187 = LINE('',#1188,#1189);
#1188 = CARTESIAN_POINT('',(-45.2,-71.25,-3.));
#1189 = VECTOR('',#1190,1.);
#1190 = DIRECTION('',(0.,1.,-2.2E-16));
#1191 = ORIENTED_EDGE('',*,*,#1192,.T.);
#1192 = EDGE_CURVE('',#1185,#1167,#1193,.T.);
#1193 = LINE('',#1194,#1195);
#1194 = CARTESIAN_POINT('',(-5.599998366814,-142.5,-3.));
#1195 = VECTOR('',#1196,1.);
#1196 = DIRECTION('',(1.,0.,0.));
#1197 = FACE_BOUND('',#1198,.F.);
#1198 = EDGE_LOOP('',(#1199,#1209,#1217,#1225));
#1199 = ORIENTED_EDGE('',*,*,#1200,.T.);
#1200 = EDGE_CURVE('',#1201,#1203,#1205,.T.);
#1201 = VERTEX_POINT('',#1202);
#1202 = CARTESIAN_POINT('',(-26.8,-134.5,-3.));
#1203 = VERTEX_POINT('',#1204);
#1204 = CARTESIAN_POINT('',(-26.8,-137.5,-3.));
#1205 = LINE('',#1206,#1207);
#1206 = CARTESIAN_POINT('',(-26.8,-38.5,-3.));
#1207 = VECTOR('',#1208,1.);
#1208 = DIRECTION('',(0.,-1.,0.));
#1209 = ORIENTED_EDGE('',*,*,#1210,.T.);
#1210 = EDGE_CURVE('',#1203,#1211,#1213,.T.);
#1211 = VERTEX_POINT('',#1212);
#1212 = CARTESIAN_POINT('',(-45.2,-137.5,-3.));
#1213 = LINE('',#1214,#1215);
#1214 = CARTESIAN_POINT('',(-57.59999836681,-137.5,-3.));
#1215 = VECTOR('',#1216,1.);
#1216 = DIRECTION('',(-1.,0.,0.));
#1217 = ORIENTED_EDGE('',*,*,#1218,.T.);
#1218 = EDGE_CURVE('',#1211,#1219,#1221,.T.);
#1219 = VERTEX_POINT('',#1220);
#1220 = CARTESIAN_POINT('',(-45.2,-134.5,-3.));
#1221 = LINE('',#1222,#1223);
#1222 = CARTESIAN_POINT('',(-45.2,-67.25,-3.));
#1223 = VECTOR('',#1224,1.);
#1224 = DIRECTION('',(0.,1.,-2.2E-16));
#1225 = ORIENTED_EDGE('',*,*,#1226,.T.);
#1226 = EDGE_CURVE('',#1219,#1201,#1227,.T.);
#1227 = LINE('',#1228,#1229);
#1228 = CARTESIAN_POINT('',(-5.599998366814,-134.5,-3.));
#1229 = VECTOR('',#1230,1.);
#1230 = DIRECTION('',(1.,0.,0.));
#1231 = FACE_BOUND('',#1232,.F.);
#1232 = EDGE_LOOP('',(#1233,#1243,#1251,#1259));
#1233 = ORIENTED_EDGE('',*,*,#1234,.T.);
#1234 = EDGE_CURVE('',#1235,#1237,#1239,.T.);
#1235 = VERTEX_POINT('',#1236);
#1236 = CARTESIAN_POINT('',(-26.8,-126.5,-3.));
#1237 = VERTEX_POINT('',#1238);
#1238 = CARTESIAN_POINT('',(-26.8,-129.5,-3.));
#1239 = LINE('',#1240,#1241);
#1240 = CARTESIAN_POINT('',(-26.8,-38.5,-3.));
#1241 = VECTOR('',#1242,1.);
#1242 = DIRECTION('',(0.,-1.,0.));
#1243 = ORIENTED_EDGE('',*,*,#1244,.T.);
#1244 = EDGE_CURVE('',#1237,#1245,#1247,.T.);
#1245 = VERTEX_POINT('',#1246);
#1246 = CARTESIAN_POINT('',(-45.2,-129.5,-3.));
#1247 = LINE('',#1248,#1249);
#1248 = CARTESIAN_POINT('',(-57.59999836681,-129.5,-3.));
#1249 = VECTOR('',#1250,1.);
#1250 = DIRECTION('',(-1.,0.,0.));
#1251 = ORIENTED_EDGE('',*,*,#1252,.T.);
#1252 = EDGE_CURVE('',#1245,#1253,#1255,.T.);
#1253 = VERTEX_POINT('',#1254);
#1254 = CARTESIAN_POINT('',(-45.2,-126.5,-3.));
#1255 = LINE('',#1256,#1257);
#1256 = CARTESIAN_POINT('',(-45.2,-63.25,-3.));
#1257 = VECTOR('',#1258,1.);
#1258 = DIRECTION('',(0.,1.,-2.2E-16));
#1259 = ORIENTED_EDGE('',*,*,#1260,.T.);
#1260 = EDGE_CURVE('',#1253,#1235,#1261,.T.);
#1261 = LINE('',#1262,#1263);
#1262 = CARTESIAN_POINT('',(-5.599998366814,-126.5,-3.));
#1263 = VECTOR('',#1264,1.);
#1264 = DIRECTION('',(1.,0.,0.));
#1265 = FACE_BOUND('',#1266,.F.);
#1266 = EDGE_LOOP('',(#1267,#1277,#1285,#1293));
#1267 = ORIENTED_EDGE('',*,*,#1268,.T.);
#1268 = EDGE_CURVE('',#1269,#1271,#1273,.T.);
#1269 = VERTEX_POINT('',#1270);
#1270 = CARTESIAN_POINT('',(-23.8,-142.5,-3.));
#1271 = VERTEX_POINT('',#1272);
#1272 = CARTESIAN_POINT('',(-5.4,-142.5,-3.));
#1273 = LINE('',#1274,#1275);
#1274 = CARTESIAN_POINT('',(-5.599998366814,-142.5,-3.));
#1275 = VECTOR('',#1276,1.);
#1276 = DIRECTION('',(1.,0.,0.));
#1277 = ORIENTED_EDGE('',*,*,#1278,.T.);
#1278 = EDGE_CURVE('',#1271,#1279,#1281,.T.);
#1279 = VERTEX_POINT('',#1280);
#1280 = CARTESIAN_POINT('',(-5.4,-145.5,-3.));
#1281 = LINE('',#1282,#1283);
#1282 = CARTESIAN_POINT('',(-5.4,-38.5,-3.));
#1283 = VECTOR('',#1284,1.);
#1284 = DIRECTION('',(0.,-1.,0.));
#1285 = ORIENTED_EDGE('',*,*,#1286,.T.);
#1286 = EDGE_CURVE('',#1279,#1287,#1289,.T.);
#1287 = VERTEX_POINT('',#1288);
#1288 = CARTESIAN_POINT('',(-23.8,-145.5,-3.));
#1289 = LINE('',#1290,#1291);
#1290 = CARTESIAN_POINT('',(-57.59999836681,-145.5,-3.));
#1291 = VECTOR('',#1292,1.);
#1292 = DIRECTION('',(-1.,0.,0.));
#1293 = ORIENTED_EDGE('',*,*,#1294,.T.);
#1294 = EDGE_CURVE('',#1287,#1269,#1295,.T.);
#1295 = LINE('',#1296,#1297);
#1296 = CARTESIAN_POINT('',(-23.8,-201.5,-3.));
#1297 = VECTOR('',#1298,1.);
#1298 = DIRECTION('',(0.,1.,0.));
#1299 = FACE_BOUND('',#1300,.F.);
#1300 = EDGE_LOOP('',(#1301,#1311,#1319,#1327));
#1301 = ORIENTED_EDGE('',*,*,#1302,.T.);
#1302 = EDGE_CURVE('',#1303,#1305,#1307,.T.);
#1303 = VERTEX_POINT('',#1304);
#1304 = CARTESIAN_POINT('',(-23.8,-134.5,-3.));
#1305 = VERTEX_POINT('',#1306);
#1306 = CARTESIAN_POINT('',(-5.4,-134.5,-3.));
#1307 = LINE('',#1308,#1309);
#1308 = CARTESIAN_POINT('',(-5.599998366814,-134.5,-3.));
#1309 = VECTOR('',#1310,1.);
#1310 = DIRECTION('',(1.,0.,0.));
#1311 = ORIENTED_EDGE('',*,*,#1312,.T.);
#1312 = EDGE_CURVE('',#1305,#1313,#1315,.T.);
#1313 = VERTEX_POINT('',#1314);
#1314 = CARTESIAN_POINT('',(-5.4,-137.5,-3.));
#1315 = LINE('',#1316,#1317);
#1316 = CARTESIAN_POINT('',(-5.4,-38.5,-3.));
#1317 = VECTOR('',#1318,1.);
#1318 = DIRECTION('',(0.,-1.,0.));
#1319 = ORIENTED_EDGE('',*,*,#1320,.T.);
#1320 = EDGE_CURVE('',#1313,#1321,#1323,.T.);
#1321 = VERTEX_POINT('',#1322);
#1322 = CARTESIAN_POINT('',(-23.8,-137.5,-3.));
#1323 = LINE('',#1324,#1325);
#1324 = CARTESIAN_POINT('',(-57.59999836681,-137.5,-3.));
#1325 = VECTOR('',#1326,1.);
#1326 = DIRECTION('',(-1.,0.,0.));
#1327 = ORIENTED_EDGE('',*,*,#1328,.T.);
#1328 = EDGE_CURVE('',#1321,#1303,#1329,.T.);
#1329 = LINE('',#1330,#1331);
#1330 = CARTESIAN_POINT('',(-23.8,-201.5,-3.));
#1331 = VECTOR('',#1332,1.);
#1332 = DIRECTION('',(0.,1.,0.));
#1333 = FACE_BOUND('',#1334,.F.);
#1334 = EDGE_LOOP('',(#1335,#1345,#1353,#1361));
#1335 = ORIENTED_EDGE('',*,*,#1336,.T.);
#1336 = EDGE_CURVE('',#1337,#1339,#1341,.T.);
#1337 = VERTEX_POINT('',#1338);
#1338 = CARTESIAN_POINT('',(-23.8,-126.5,-3.));
#1339 = VERTEX_POINT('',#1340);
#1340 = CARTESIAN_POINT('',(-5.4,-126.5,-3.));
#1341 = LINE('',#1342,#1343);
#1342 = CARTESIAN_POINT('',(-5.599998366814,-126.5,-3.));
#1343 = VECTOR('',#1344,1.);
#1344 = DIRECTION('',(1.,0.,0.));
#1345 = ORIENTED_EDGE('',*,*,#1346,.T.);
#1346 = EDGE_CURVE('',#1339,#1347,#1349,.T.);
#1347 = VERTEX_POINT('',#1348);
#1348 = CARTESIAN_POINT('',(-5.4,-129.5,-3.));
#1349 = LINE('',#1350,#1351);
#1350 = CARTESIAN_POINT('',(-5.4,-38.5,-3.));
#1351 = VECTOR('',#1352,1.);
#1352 = DIRECTION('',(0.,-1.,0.));
#1353 = ORIENTED_EDGE('',*,*,#1354,.T.);
#1354 = EDGE_CURVE('',#1347,#1355,#1357,.T.);
#1355 = VERTEX_POINT('',#1356);
#1356 = CARTESIAN_POINT('',(-23.8,-129.5,-3.));
#1357 = LINE('',#1358,#1359);
#1358 = CARTESIAN_POINT('',(-57.59999836681,-129.5,-3.));
#1359 = VECTOR('',#1360,1.);
#1360 = DIRECTION('',(-1.,0.,0.));
#1361 = ORIENTED_EDGE('',*,*,#1362,.T.);
#1362 = EDGE_CURVE('',#1355,#1337,#1363,.T.);
#1363 = LINE('',#1364,#1365);
#1364 = CARTESIAN_POINT('',(-23.8,-201.5,-3.));
#1365 = VECTOR('',#1366,1.);
#1366 = DIRECTION('',(0.,1.,0.));
#1367 = FACE_BOUND('',#1368,.F.);
#1368 = EDGE_LOOP('',(#1369,#1379,#1387,#1395));
#1369 = ORIENTED_EDGE('',*,*,#1370,.T.);
#1370 = EDGE_CURVE('',#1371,#1373,#1375,.T.);
#1371 = VERTEX_POINT('',#1372);
#1372 = CARTESIAN_POINT('',(-2.4,-174.5,-3.));
#1373 = VERTEX_POINT('',#1374);
#1374 = CARTESIAN_POINT('',(16.,-174.5,-3.));
#1375 = LINE('',#1376,#1377);
#1376 = CARTESIAN_POINT('',(-5.599998366814,-174.5,-3.));
#1377 = VECTOR('',#1378,1.);
#1378 = DIRECTION('',(1.,0.,0.));
#1379 = ORIENTED_EDGE('',*,*,#1380,.T.);
#1380 = EDGE_CURVE('',#1373,#1381,#1383,.T.);
#1381 = VERTEX_POINT('',#1382);
#1382 = CARTESIAN_POINT('',(16.,-177.5,-3.));
#1383 = LINE('',#1384,#1385);
#1384 = CARTESIAN_POINT('',(16.,-38.5,-3.));
#1385 = VECTOR('',#1386,1.);
#1386 = DIRECTION('',(0.,-1.,0.));
#1387 = ORIENTED_EDGE('',*,*,#1388,.T.);
#1388 = EDGE_CURVE('',#1381,#1389,#1391,.T.);
#1389 = VERTEX_POINT('',#1390);
#1390 = CARTESIAN_POINT('',(-2.4,-177.5,-3.));
#1391 = LINE('',#1392,#1393);
#1392 = CARTESIAN_POINT('',(-57.59999836681,-177.5,-3.));
#1393 = VECTOR('',#1394,1.);
#1394 = DIRECTION('',(-1.,0.,0.));
#1395 = ORIENTED_EDGE('',*,*,#1396,.T.);
#1396 = EDGE_CURVE('',#1389,#1371,#1397,.T.);
#1397 = LINE('',#1398,#1399);
#1398 = CARTESIAN_POINT('',(-2.4,-201.5,-3.));
#1399 = VECTOR('',#1400,1.);
#1400 = DIRECTION('',(0.,1.,0.));
#1401 = FACE_BOUND('',#1402,.F.);
#1402 = EDGE_LOOP('',(#1403,#1413,#1421,#1429));
#1403 = ORIENTED_EDGE('',*,*,#1404,.T.);
#1404 = EDGE_CURVE('',#1405,#1407,#1409,.T.);
#1405 = VERTEX_POINT('',#1406);
#1406 = CARTESIAN_POINT('',(-2.4,-166.5,-3.));
#1407 = VERTEX_POINT('',#1408);
#1408 = CARTESIAN_POINT('',(16.,-166.5,-3.));
#1409 = LINE('',#1410,#1411);
#1410 = CARTESIAN_POINT('',(-5.599998366814,-166.5,-3.));
#1411 = VECTOR('',#1412,1.);
#1412 = DIRECTION('',(1.,0.,0.));
#1413 = ORIENTED_EDGE('',*,*,#1414,.T.);
#1414 = EDGE_CURVE('',#1407,#1415,#1417,.T.);
#1415 = VERTEX_POINT('',#1416);
#1416 = CARTESIAN_POINT('',(16.,-169.5,-3.));
#1417 = LINE('',#1418,#1419);
#1418 = CARTESIAN_POINT('',(16.,-38.5,-3.));
#1419 = VECTOR('',#1420,1.);
#1420 = DIRECTION('',(0.,-1.,0.));
#1421 = ORIENTED_EDGE('',*,*,#1422,.T.);
#1422 = EDGE_CURVE('',#1415,#1423,#1425,.T.);
#1423 = VERTEX_POINT('',#1424);
#1424 = CARTESIAN_POINT('',(-2.4,-169.5,-3.));
#1425 = LINE('',#1426,#1427);
#1426 = CARTESIAN_POINT('',(-57.59999836681,-169.5,-3.));
#1427 = VECTOR('',#1428,1.);
#1428 = DIRECTION('',(-1.,0.,0.));
#1429 = ORIENTED_EDGE('',*,*,#1430,.T.);
#1430 = EDGE_CURVE('',#1423,#1405,#1431,.T.);
#1431 = LINE('',#1432,#1433);
#1432 = CARTESIAN_POINT('',(-2.4,-201.5,-3.));
#1433 = VECTOR('',#1434,1.);
#1434 = DIRECTION('',(0.,1.,0.));
#1435 = FACE_BOUND('',#1436,.F.);
#1436 = EDGE_LOOP('',(#1437,#1447,#1455,#1463));
#1437 = ORIENTED_EDGE('',*,*,#1438,.T.);
#1438 = EDGE_CURVE('',#1439,#1441,#1443,.T.);
#1439 = VERTEX_POINT('',#1440);
#1440 = CARTESIAN_POINT('',(-2.4,-158.5,-3.));
#1441 = VERTEX_POINT('',#1442);
#1442 = CARTESIAN_POINT('',(16.,-158.5,-3.));
#1443 = LINE('',#1444,#1445);
#1444 = CARTESIAN_POINT('',(-5.599998366814,-158.5,-3.));
#1445 = VECTOR('',#1446,1.);
#1446 = DIRECTION('',(1.,0.,0.));
#1447 = ORIENTED_EDGE('',*,*,#1448,.T.);
#1448 = EDGE_CURVE('',#1441,#1449,#1451,.T.);
#1449 = VERTEX_POINT('',#1450);
#1450 = CARTESIAN_POINT('',(16.,-161.5,-3.));
#1451 = LINE('',#1452,#1453);
#1452 = CARTESIAN_POINT('',(16.,-38.5,-3.));
#1453 = VECTOR('',#1454,1.);
#1454 = DIRECTION('',(0.,-1.,0.));
#1455 = ORIENTED_EDGE('',*,*,#1456,.T.);
#1456 = EDGE_CURVE('',#1449,#1457,#1459,.T.);
#1457 = VERTEX_POINT('',#1458);
#1458 = CARTESIAN_POINT('',(-2.4,-161.5,-3.));
#1459 = LINE('',#1460,#1461);
#1460 = CARTESIAN_POINT('',(-57.59999836681,-161.5,-3.));
#1461 = VECTOR('',#1462,1.);
#1462 = DIRECTION('',(-1.,0.,0.));
#1463 = ORIENTED_EDGE('',*,*,#1464,.T.);
#1464 = EDGE_CURVE('',#1457,#1439,#1465,.T.);
#1465 = LINE('',#1466,#1467);
#1466 = CARTESIAN_POINT('',(-2.4,-201.5,-3.));
#1467 = VECTOR('',#1468,1.);
#1468 = DIRECTION('',(0.,1.,0.));
#1469 = FACE_BOUND('',#1470,.F.);
#1470 = EDGE_LOOP('',(#1471,#1481,#1489,#1497));
#1471 = ORIENTED_EDGE('',*,*,#1472,.T.);
#1472 = EDGE_CURVE('',#1473,#1475,#1477,.T.);
#1473 = VERTEX_POINT('',#1474);
#1474 = CARTESIAN_POINT('',(-2.4,-150.5,-3.));
#1475 = VERTEX_POINT('',#1476);
#1476 = CARTESIAN_POINT('',(16.,-150.5,-3.));
#1477 = LINE('',#1478,#1479);
#1478 = CARTESIAN_POINT('',(-5.599998366814,-150.5,-3.));
#1479 = VECTOR('',#1480,1.);
#1480 = DIRECTION('',(1.,0.,0.));
#1481 = ORIENTED_EDGE('',*,*,#1482,.T.);
#1482 = EDGE_CURVE('',#1475,#1483,#1485,.T.);
#1483 = VERTEX_POINT('',#1484);
#1484 = CARTESIAN_POINT('',(16.,-153.5,-3.));
#1485 = LINE('',#1486,#1487);
#1486 = CARTESIAN_POINT('',(16.,-38.5,-3.));
#1487 = VECTOR('',#1488,1.);
#1488 = DIRECTION('',(0.,-1.,0.));
#1489 = ORIENTED_EDGE('',*,*,#1490,.T.);
#1490 = EDGE_CURVE('',#1483,#1491,#1493,.T.);
#1491 = VERTEX_POINT('',#1492);
#1492 = CARTESIAN_POINT('',(-2.4,-153.5,-3.));
#1493 = LINE('',#1494,#1495);
#1494 = CARTESIAN_POINT('',(-57.59999836681,-153.5,-3.));
#1495 = VECTOR('',#1496,1.);
#1496 = DIRECTION('',(-1.,0.,0.));
#1497 = ORIENTED_EDGE('',*,*,#1498,.T.);
#1498 = EDGE_CURVE('',#1491,#1473,#1499,.T.);
#1499 = LINE('',#1500,#1501);
#1500 = CARTESIAN_POINT('',(-2.4,-201.5,-3.));
#1501 = VECTOR('',#1502,1.);
#1502 = DIRECTION('',(0.,1.,0.));
#1503 = FACE_BOUND('',#1504,.F.);
#1504 = EDGE_LOOP('',(#1505,#1515,#1523,#1531));
#1505 = ORIENTED_EDGE('',*,*,#1506,.T.);
#1506 = EDGE_CURVE('',#1507,#1509,#1511,.T.);
#1507 = VERTEX_POINT('',#1508);
#1508 = CARTESIAN_POINT('',(-2.4,-142.5,-3.));
#1509 = VERTEX_POINT('',#1510);
#1510 = CARTESIAN_POINT('',(16.,-142.5,-3.));
#1511 = LINE('',#1512,#1513);
#1512 = CARTESIAN_POINT('',(-5.599998366814,-142.5,-3.));
#1513 = VECTOR('',#1514,1.);
#1514 = DIRECTION('',(1.,0.,0.));
#1515 = ORIENTED_EDGE('',*,*,#1516,.T.);
#1516 = EDGE_CURVE('',#1509,#1517,#1519,.T.);
#1517 = VERTEX_POINT('',#1518);
#1518 = CARTESIAN_POINT('',(16.,-145.5,-3.));
#1519 = LINE('',#1520,#1521);
#1520 = CARTESIAN_POINT('',(16.,-38.5,-3.));
#1521 = VECTOR('',#1522,1.);
#1522 = DIRECTION('',(0.,-1.,0.));
#1523 = ORIENTED_EDGE('',*,*,#1524,.T.);
#1524 = EDGE_CURVE('',#1517,#1525,#1527,.T.);
#1525 = VERTEX_POINT('',#1526);
#1526 = CARTESIAN_POINT('',(-2.4,-145.5,-3.));
#1527 = LINE('',#1528,#1529);
#1528 = CARTESIAN_POINT('',(-57.59999836681,-145.5,-3.));
#1529 = VECTOR('',#1530,1.);
#1530 = DIRECTION('',(-1.,0.,0.));
#1531 = ORIENTED_EDGE('',*,*,#1532,.T.);
#1532 = EDGE_CURVE('',#1525,#1507,#1533,.T.);
#1533 = LINE('',#1534,#1535);
#1534 = CARTESIAN_POINT('',(-2.4,-201.5,-3.));
#1535 = VECTOR('',#1536,1.);
#1536 = DIRECTION('',(0.,1.,0.));
#1537 = FACE_BOUND('',#1538,.F.);
#1538 = EDGE_LOOP('',(#1539,#1549,#1557,#1565));
#1539 = ORIENTED_EDGE('',*,*,#1540,.T.);
#1540 = EDGE_CURVE('',#1541,#1543,#1545,.T.);
#1541 = VERTEX_POINT('',#1542);
#1542 = CARTESIAN_POINT('',(-2.4,-134.5,-3.));
#1543 = VERTEX_POINT('',#1544);
#1544 = CARTESIAN_POINT('',(16.,-134.5,-3.));
#1545 = LINE('',#1546,#1547);
#1546 = CARTESIAN_POINT('',(-5.599998366814,-134.5,-3.));
#1547 = VECTOR('',#1548,1.);
#1548 = DIRECTION('',(1.,0.,0.));
#1549 = ORIENTED_EDGE('',*,*,#1550,.T.);
#1550 = EDGE_CURVE('',#1543,#1551,#1553,.T.);
#1551 = VERTEX_POINT('',#1552);
#1552 = CARTESIAN_POINT('',(16.,-137.5,-3.));
#1553 = LINE('',#1554,#1555);
#1554 = CARTESIAN_POINT('',(16.,-38.5,-3.));
#1555 = VECTOR('',#1556,1.);
#1556 = DIRECTION('',(0.,-1.,0.));
#1557 = ORIENTED_EDGE('',*,*,#1558,.T.);
#1558 = EDGE_CURVE('',#1551,#1559,#1561,.T.);
#1559 = VERTEX_POINT('',#1560);
#1560 = CARTESIAN_POINT('',(-2.4,-137.5,-3.));
#1561 = LINE('',#1562,#1563);
#1562 = CARTESIAN_POINT('',(-57.59999836681,-137.5,-3.));
#1563 = VECTOR('',#1564,1.);
#1564 = DIRECTION('',(-1.,0.,0.));
#1565 = ORIENTED_EDGE('',*,*,#1566,.T.);
#1566 = EDGE_CURVE('',#1559,#1541,#1567,.T.);
#1567 = LINE('',#1568,#1569);
#1568 = CARTESIAN_POINT('',(-2.4,-201.5,-3.));
#1569 = VECTOR('',#1570,1.);
#1570 = DIRECTION('',(0.,1.,0.));
#1571 = FACE_BOUND('',#1572,.F.);
#1572 = EDGE_LOOP('',(#1573,#1583,#1591,#1599));
#1573 = ORIENTED_EDGE('',*,*,#1574,.T.);
#1574 = EDGE_CURVE('',#1575,#1577,#1579,.T.);
#1575 = VERTEX_POINT('',#1576);
#1576 = CARTESIAN_POINT('',(-2.4,-126.5,-3.));
#1577 = VERTEX_POINT('',#1578);
#1578 = CARTESIAN_POINT('',(16.,-126.5,-3.));
#1579 = LINE('',#1580,#1581);
#1580 = CARTESIAN_POINT('',(-5.599998366814,-126.5,-3.));
#1581 = VECTOR('',#1582,1.);
#1582 = DIRECTION('',(1.,0.,0.));
#1583 = ORIENTED_EDGE('',*,*,#1584,.T.);
#1584 = EDGE_CURVE('',#1577,#1585,#1587,.T.);
#1585 = VERTEX_POINT('',#1586);
#1586 = CARTESIAN_POINT('',(16.,-129.5,-3.));
#1587 = LINE('',#1588,#1589);
#1588 = CARTESIAN_POINT('',(16.,-38.5,-3.));
#1589 = VECTOR('',#1590,1.);
#1590 = DIRECTION('',(0.,-1.,0.));
#1591 = ORIENTED_EDGE('',*,*,#1592,.T.);
#1592 = EDGE_CURVE('',#1585,#1593,#1595,.T.);
#1593 = VERTEX_POINT('',#1594);
#1594 = CARTESIAN_POINT('',(-2.4,-129.5,-3.));
#1595 = LINE('',#1596,#1597);
#1596 = CARTESIAN_POINT('',(-57.59999836681,-129.5,-3.));
#1597 = VECTOR('',#1598,1.);
#1598 = DIRECTION('',(-1.,0.,0.));
#1599 = ORIENTED_EDGE('',*,*,#1600,.T.);
#1600 = EDGE_CURVE('',#1593,#1575,#1601,.T.);
#1601 = LINE('',#1602,#1603);
#1602 = CARTESIAN_POINT('',(-2.4,-201.5,-3.));
#1603 = VECTOR('',#1604,1.);
#1604 = DIRECTION('',(0.,1.,0.));
#1605 = FACE_BOUND('',#1606,.F.);
#1606 = EDGE_LOOP('',(#1607,#1617,#1625,#1633));
#1607 = ORIENTED_EDGE('',*,*,#1608,.T.);
#1608 = EDGE_CURVE('',#1609,#1611,#1613,.T.);
#1609 = VERTEX_POINT('',#1610);
#1610 = CARTESIAN_POINT('',(19.,-201.5,-3.));
#1611 = VERTEX_POINT('',#1612);
#1612 = CARTESIAN_POINT('',(19.,-198.5,-3.));
#1613 = LINE('',#1614,#1615);
#1614 = CARTESIAN_POINT('',(19.,-201.5,-3.));
#1615 = VECTOR('',#1616,1.);
#1616 = DIRECTION('',(0.,1.,0.));
#1617 = ORIENTED_EDGE('',*,*,#1618,.T.);
#1618 = EDGE_CURVE('',#1611,#1619,#1621,.T.);
#1619 = VERTEX_POINT('',#1620);
#1620 = CARTESIAN_POINT('',(37.4,-198.5,-3.));
#1621 = LINE('',#1622,#1623);
#1622 = CARTESIAN_POINT('',(-5.599998366814,-198.5,-3.));
#1623 = VECTOR('',#1624,1.);
#1624 = DIRECTION('',(1.,0.,0.));
#1625 = ORIENTED_EDGE('',*,*,#1626,.T.);
#1626 = EDGE_CURVE('',#1619,#1627,#1629,.T.);
#1627 = VERTEX_POINT('',#1628);
#1628 = CARTESIAN_POINT('',(37.4,-201.5,-3.));
#1629 = LINE('',#1630,#1631);
#1630 = CARTESIAN_POINT('',(37.4,-38.5,-3.));
#1631 = VECTOR('',#1632,1.);
#1632 = DIRECTION('',(0.,-1.,0.));
#1633 = ORIENTED_EDGE('',*,*,#1634,.T.);
#1634 = EDGE_CURVE('',#1627,#1609,#1635,.T.);
#1635 = LINE('',#1636,#1637);
#1636 = CARTESIAN_POINT('',(-57.59999836681,-201.5,-3.));
#1637 = VECTOR('',#1638,1.);
#1638 = DIRECTION('',(-1.,0.,0.));
#1639 = FACE_BOUND('',#1640,.F.);
#1640 = EDGE_LOOP('',(#1641,#1651,#1659,#1667));
#1641 = ORIENTED_EDGE('',*,*,#1642,.T.);
#1642 = EDGE_CURVE('',#1643,#1645,#1647,.T.);
#1643 = VERTEX_POINT('',#1644);
#1644 = CARTESIAN_POINT('',(19.,-193.5,-3.));
#1645 = VERTEX_POINT('',#1646);
#1646 = CARTESIAN_POINT('',(19.,-190.5,-3.));
#1647 = LINE('',#1648,#1649);
#1648 = CARTESIAN_POINT('',(19.,-201.5,-3.));
#1649 = VECTOR('',#1650,1.);
#1650 = DIRECTION('',(0.,1.,0.));
#1651 = ORIENTED_EDGE('',*,*,#1652,.T.);
#1652 = EDGE_CURVE('',#1645,#1653,#1655,.T.);
#1653 = VERTEX_POINT('',#1654);
#1654 = CARTESIAN_POINT('',(37.4,-190.5,-3.));
#1655 = LINE('',#1656,#1657);
#1656 = CARTESIAN_POINT('',(-5.599998366814,-190.5,-3.));
#1657 = VECTOR('',#1658,1.);
#1658 = DIRECTION('',(1.,0.,0.));
#1659 = ORIENTED_EDGE('',*,*,#1660,.T.);
#1660 = EDGE_CURVE('',#1653,#1661,#1663,.T.);
#1661 = VERTEX_POINT('',#1662);
#1662 = CARTESIAN_POINT('',(37.4,-193.5,-3.));
#1663 = LINE('',#1664,#1665);
#1664 = CARTESIAN_POINT('',(37.4,-38.5,-3.));
#1665 = VECTOR('',#1666,1.);
#1666 = DIRECTION('',(0.,-1.,0.));
#1667 = ORIENTED_EDGE('',*,*,#1668,.T.);
#1668 = EDGE_CURVE('',#1661,#1643,#1669,.T.);
#1669 = LINE('',#1670,#1671);
#1670 = CARTESIAN_POINT('',(-57.59999836681,-193.5,-3.));
#1671 = VECTOR('',#1672,1.);
#1672 = DIRECTION('',(-1.,0.,0.));
#1673 = FACE_BOUND('',#1674,.F.);
#1674 = EDGE_LOOP('',(#1675,#1685,#1693,#1701));
#1675 = ORIENTED_EDGE('',*,*,#1676,.T.);
#1676 = EDGE_CURVE('',#1677,#1679,#1681,.T.);
#1677 = VERTEX_POINT('',#1678);
#1678 = CARTESIAN_POINT('',(19.,-182.5,-3.));
#1679 = VERTEX_POINT('',#1680);
#1680 = CARTESIAN_POINT('',(37.4,-182.5,-3.));
#1681 = LINE('',#1682,#1683);
#1682 = CARTESIAN_POINT('',(-5.599998366814,-182.5,-3.));
#1683 = VECTOR('',#1684,1.);
#1684 = DIRECTION('',(1.,0.,0.));
#1685 = ORIENTED_EDGE('',*,*,#1686,.T.);
#1686 = EDGE_CURVE('',#1679,#1687,#1689,.T.);
#1687 = VERTEX_POINT('',#1688);
#1688 = CARTESIAN_POINT('',(37.4,-185.5,-3.));
#1689 = LINE('',#1690,#1691);
#1690 = CARTESIAN_POINT('',(37.4,-38.5,-3.));
#1691 = VECTOR('',#1692,1.);
#1692 = DIRECTION('',(0.,-1.,0.));
#1693 = ORIENTED_EDGE('',*,*,#1694,.T.);
#1694 = EDGE_CURVE('',#1687,#1695,#1697,.T.);
#1695 = VERTEX_POINT('',#1696);
#1696 = CARTESIAN_POINT('',(19.,-185.5,-3.));
#1697 = LINE('',#1698,#1699);
#1698 = CARTESIAN_POINT('',(-57.59999836681,-185.5,-3.));
#1699 = VECTOR('',#1700,1.);
#1700 = DIRECTION('',(-1.,0.,0.));
#1701 = ORIENTED_EDGE('',*,*,#1702,.T.);
#1702 = EDGE_CURVE('',#1695,#1677,#1703,.T.);
#1703 = LINE('',#1704,#1705);
#1704 = CARTESIAN_POINT('',(19.,-201.5,-3.));
#1705 = VECTOR('',#1706,1.);
#1706 = DIRECTION('',(0.,1.,0.));
#1707 = FACE_BOUND('',#1708,.F.);
#1708 = EDGE_LOOP('',(#1709));
#1709 = ORIENTED_EDGE('',*,*,#1710,.T.);
#1710 = EDGE_CURVE('',#1711,#1711,#1713,.T.);
#1711 = VERTEX_POINT('',#1712);
#1712 = CARTESIAN_POINT('',(72.75,-236.,-3.));
#1713 = CIRCLE('',#1714,3.25);
#1714 = AXIS2_PLACEMENT_3D('',#1715,#1716,#1717);
#1715 = CARTESIAN_POINT('',(76.,-236.,-3.));
#1716 = DIRECTION('',(0.,0.,-1.));
#1717 = DIRECTION('',(-1.,0.,0.));
#1718 = FACE_BOUND('',#1719,.F.);
#1719 = EDGE_LOOP('',(#1720,#1730,#1738,#1746));
#1720 = ORIENTED_EDGE('',*,*,#1721,.T.);
#1721 = EDGE_CURVE('',#1722,#1724,#1726,.T.);
#1722 = VERTEX_POINT('',#1723);
#1723 = CARTESIAN_POINT('',(58.8,-201.5,-3.));
#1724 = VERTEX_POINT('',#1725);
#1725 = CARTESIAN_POINT('',(40.4,-201.5,-3.));
#1726 = LINE('',#1727,#1728);
#1727 = CARTESIAN_POINT('',(-57.59999836681,-201.5,-3.));
#1728 = VECTOR('',#1729,1.);
#1729 = DIRECTION('',(-1.,0.,0.));
#1730 = ORIENTED_EDGE('',*,*,#1731,.T.);
#1731 = EDGE_CURVE('',#1724,#1732,#1734,.T.);
#1732 = VERTEX_POINT('',#1733);
#1733 = CARTESIAN_POINT('',(40.4,-198.5,-3.));
#1734 = LINE('',#1735,#1736);
#1735 = CARTESIAN_POINT('',(40.4,-201.5,-3.));
#1736 = VECTOR('',#1737,1.);
#1737 = DIRECTION('',(0.,1.,0.));
#1738 = ORIENTED_EDGE('',*,*,#1739,.T.);
#1739 = EDGE_CURVE('',#1732,#1740,#1742,.T.);
#1740 = VERTEX_POINT('',#1741);
#1741 = CARTESIAN_POINT('',(58.8,-198.5,-3.));
#1742 = LINE('',#1743,#1744);
#1743 = CARTESIAN_POINT('',(-5.599998366814,-198.5,-3.));
#1744 = VECTOR('',#1745,1.);
#1745 = DIRECTION('',(1.,0.,0.));
#1746 = ORIENTED_EDGE('',*,*,#1747,.T.);
#1747 = EDGE_CURVE('',#1740,#1722,#1748,.T.);
#1748 = LINE('',#1749,#1750);
#1749 = CARTESIAN_POINT('',(58.8,-100.75,-3.));
#1750 = VECTOR('',#1751,1.);
#1751 = DIRECTION('',(0.,-1.,2.2E-16));
#1752 = FACE_BOUND('',#1753,.F.);
#1753 = EDGE_LOOP('',(#1754,#1764,#1772,#1780));
#1754 = ORIENTED_EDGE('',*,*,#1755,.T.);
#1755 = EDGE_CURVE('',#1756,#1758,#1760,.T.);
#1756 = VERTEX_POINT('',#1757);
#1757 = CARTESIAN_POINT('',(40.4,-193.5,-3.));
#1758 = VERTEX_POINT('',#1759);
#1759 = CARTESIAN_POINT('',(40.4,-190.5,-3.));
#1760 = LINE('',#1761,#1762);
#1761 = CARTESIAN_POINT('',(40.4,-201.5,-3.));
#1762 = VECTOR('',#1763,1.);
#1763 = DIRECTION('',(0.,1.,0.));
#1764 = ORIENTED_EDGE('',*,*,#1765,.T.);
#1765 = EDGE_CURVE('',#1758,#1766,#1768,.T.);
#1766 = VERTEX_POINT('',#1767);
#1767 = CARTESIAN_POINT('',(58.8,-190.5,-3.));
#1768 = LINE('',#1769,#1770);
#1769 = CARTESIAN_POINT('',(-5.599998366814,-190.5,-3.));
#1770 = VECTOR('',#1771,1.);
#1771 = DIRECTION('',(1.,0.,0.));
#1772 = ORIENTED_EDGE('',*,*,#1773,.T.);
#1773 = EDGE_CURVE('',#1766,#1774,#1776,.T.);
#1774 = VERTEX_POINT('',#1775);
#1775 = CARTESIAN_POINT('',(58.8,-193.5,-3.));
#1776 = LINE('',#1777,#1778);
#1777 = CARTESIAN_POINT('',(58.8,-96.75,-3.));
#1778 = VECTOR('',#1779,1.);
#1779 = DIRECTION('',(0.,-1.,2.2E-16));
#1780 = ORIENTED_EDGE('',*,*,#1781,.T.);
#1781 = EDGE_CURVE('',#1774,#1756,#1782,.T.);
#1782 = LINE('',#1783,#1784);
#1783 = CARTESIAN_POINT('',(-57.59999836681,-193.5,-3.));
#1784 = VECTOR('',#1785,1.);
#1785 = DIRECTION('',(-1.,0.,0.));
#1786 = FACE_BOUND('',#1787,.F.);
#1787 = EDGE_LOOP('',(#1788,#1798,#1806,#1814));
#1788 = ORIENTED_EDGE('',*,*,#1789,.T.);
#1789 = EDGE_CURVE('',#1790,#1792,#1794,.T.);
#1790 = VERTEX_POINT('',#1791);
#1791 = CARTESIAN_POINT('',(40.4,-185.5,-3.));
#1792 = VERTEX_POINT('',#1793);
#1793 = CARTESIAN_POINT('',(40.4,-182.5,-3.));
#1794 = LINE('',#1795,#1796);
#1795 = CARTESIAN_POINT('',(40.4,-201.5,-3.));
#1796 = VECTOR('',#1797,1.);
#1797 = DIRECTION('',(0.,1.,0.));
#1798 = ORIENTED_EDGE('',*,*,#1799,.T.);
#1799 = EDGE_CURVE('',#1792,#1800,#1802,.T.);
#1800 = VERTEX_POINT('',#1801);
#1801 = CARTESIAN_POINT('',(58.8,-182.5,-3.));
#1802 = LINE('',#1803,#1804);
#1803 = CARTESIAN_POINT('',(-5.599998366814,-182.5,-3.));
#1804 = VECTOR('',#1805,1.);
#1805 = DIRECTION('',(1.,0.,0.));
#1806 = ORIENTED_EDGE('',*,*,#1807,.T.);
#1807 = EDGE_CURVE('',#1800,#1808,#1810,.T.);
#1808 = VERTEX_POINT('',#1809);
#1809 = CARTESIAN_POINT('',(58.8,-185.5,-3.));
#1810 = LINE('',#1811,#1812);
#1811 = CARTESIAN_POINT('',(58.8,-92.75,-3.));
#1812 = VECTOR('',#1813,1.);
#1813 = DIRECTION('',(0.,-1.,2.2E-16));
#1814 = ORIENTED_EDGE('',*,*,#1815,.T.);
#1815 = EDGE_CURVE('',#1808,#1790,#1816,.T.);
#1816 = LINE('',#1817,#1818);
#1817 = CARTESIAN_POINT('',(-57.59999836681,-185.5,-3.));
#1818 = VECTOR('',#1819,1.);
#1819 = DIRECTION('',(-1.,0.,0.));
#1820 = FACE_BOUND('',#1821,.F.);
#1821 = EDGE_LOOP('',(#1822,#1832,#1840,#1848));
#1822 = ORIENTED_EDGE('',*,*,#1823,.T.);
#1823 = EDGE_CURVE('',#1824,#1826,#1828,.T.);
#1824 = VERTEX_POINT('',#1825);
#1825 = CARTESIAN_POINT('',(19.,-174.5,-3.));
#1826 = VERTEX_POINT('',#1827);
#1827 = CARTESIAN_POINT('',(37.4,-174.5,-3.));
#1828 = LINE('',#1829,#1830);
#1829 = CARTESIAN_POINT('',(-5.599998366814,-174.5,-3.));
#1830 = VECTOR('',#1831,1.);
#1831 = DIRECTION('',(1.,0.,0.));
#1832 = ORIENTED_EDGE('',*,*,#1833,.T.);
#1833 = EDGE_CURVE('',#1826,#1834,#1836,.T.);
#1834 = VERTEX_POINT('',#1835);
#1835 = CARTESIAN_POINT('',(37.4,-177.5,-3.));
#1836 = LINE('',#1837,#1838);
#1837 = CARTESIAN_POINT('',(37.4,-38.5,-3.));
#1838 = VECTOR('',#1839,1.);
#1839 = DIRECTION('',(0.,-1.,0.));
#1840 = ORIENTED_EDGE('',*,*,#1841,.T.);
#1841 = EDGE_CURVE('',#1834,#1842,#1844,.T.);
#1842 = VERTEX_POINT('',#1843);
#1843 = CARTESIAN_POINT('',(19.,-177.5,-3.));
#1844 = LINE('',#1845,#1846);
#1845 = CARTESIAN_POINT('',(-57.59999836681,-177.5,-3.));
#1846 = VECTOR('',#1847,1.);
#1847 = DIRECTION('',(-1.,0.,0.));
#1848 = ORIENTED_EDGE('',*,*,#1849,.T.);
#1849 = EDGE_CURVE('',#1842,#1824,#1850,.T.);
#1850 = LINE('',#1851,#1852);
#1851 = CARTESIAN_POINT('',(19.,-201.5,-3.));
#1852 = VECTOR('',#1853,1.);
#1853 = DIRECTION('',(0.,1.,0.));
#1854 = FACE_BOUND('',#1855,.F.);
#1855 = EDGE_LOOP('',(#1856,#1866,#1874,#1882));
#1856 = ORIENTED_EDGE('',*,*,#1857,.T.);
#1857 = EDGE_CURVE('',#1858,#1860,#1862,.T.);
#1858 = VERTEX_POINT('',#1859);
#1859 = CARTESIAN_POINT('',(19.,-166.5,-3.));
#1860 = VERTEX_POINT('',#1861);
#1861 = CARTESIAN_POINT('',(37.4,-166.5,-3.));
#1862 = LINE('',#1863,#1864);
#1863 = CARTESIAN_POINT('',(-5.599998366814,-166.5,-3.));
#1864 = VECTOR('',#1865,1.);
#1865 = DIRECTION('',(1.,0.,0.));
#1866 = ORIENTED_EDGE('',*,*,#1867,.T.);
#1867 = EDGE_CURVE('',#1860,#1868,#1870,.T.);
#1868 = VERTEX_POINT('',#1869);
#1869 = CARTESIAN_POINT('',(37.4,-169.5,-3.));
#1870 = LINE('',#1871,#1872);
#1871 = CARTESIAN_POINT('',(37.4,-38.5,-3.));
#1872 = VECTOR('',#1873,1.);
#1873 = DIRECTION('',(0.,-1.,0.));
#1874 = ORIENTED_EDGE('',*,*,#1875,.T.);
#1875 = EDGE_CURVE('',#1868,#1876,#1878,.T.);
#1876 = VERTEX_POINT('',#1877);
#1877 = CARTESIAN_POINT('',(19.,-169.5,-3.));
#1878 = LINE('',#1879,#1880);
#1879 = CARTESIAN_POINT('',(-57.59999836681,-169.5,-3.));
#1880 = VECTOR('',#1881,1.);
#1881 = DIRECTION('',(-1.,0.,0.));
#1882 = ORIENTED_EDGE('',*,*,#1883,.T.);
#1883 = EDGE_CURVE('',#1876,#1858,#1884,.T.);
#1884 = LINE('',#1885,#1886);
#1885 = CARTESIAN_POINT('',(19.,-201.5,-3.));
#1886 = VECTOR('',#1887,1.);
#1887 = DIRECTION('',(0.,1.,0.));
#1888 = FACE_BOUND('',#1889,.F.);
#1889 = EDGE_LOOP('',(#1890,#1900,#1908,#1916));
#1890 = ORIENTED_EDGE('',*,*,#1891,.T.);
#1891 = EDGE_CURVE('',#1892,#1894,#1896,.T.);
#1892 = VERTEX_POINT('',#1893);
#1893 = CARTESIAN_POINT('',(19.,-158.5,-3.));
#1894 = VERTEX_POINT('',#1895);
#1895 = CARTESIAN_POINT('',(37.4,-158.5,-3.));
#1896 = LINE('',#1897,#1898);
#1897 = CARTESIAN_POINT('',(-5.599998366814,-158.5,-3.));
#1898 = VECTOR('',#1899,1.);
#1899 = DIRECTION('',(1.,0.,0.));
#1900 = ORIENTED_EDGE('',*,*,#1901,.T.);
#1901 = EDGE_CURVE('',#1894,#1902,#1904,.T.);
#1902 = VERTEX_POINT('',#1903);
#1903 = CARTESIAN_POINT('',(37.4,-161.5,-3.));
#1904 = LINE('',#1905,#1906);
#1905 = CARTESIAN_POINT('',(37.4,-38.5,-3.));
#1906 = VECTOR('',#1907,1.);
#1907 = DIRECTION('',(0.,-1.,0.));
#1908 = ORIENTED_EDGE('',*,*,#1909,.T.);
#1909 = EDGE_CURVE('',#1902,#1910,#1912,.T.);
#1910 = VERTEX_POINT('',#1911);
#1911 = CARTESIAN_POINT('',(19.,-161.5,-3.));
#1912 = LINE('',#1913,#1914);
#1913 = CARTESIAN_POINT('',(-57.59999836681,-161.5,-3.));
#1914 = VECTOR('',#1915,1.);
#1915 = DIRECTION('',(-1.,0.,0.));
#1916 = ORIENTED_EDGE('',*,*,#1917,.T.);
#1917 = EDGE_CURVE('',#1910,#1892,#1918,.T.);
#1918 = LINE('',#1919,#1920);
#1919 = CARTESIAN_POINT('',(19.,-201.5,-3.));
#1920 = VECTOR('',#1921,1.);
#1921 = DIRECTION('',(0.,1.,0.));
#1922 = FACE_BOUND('',#1923,.F.);
#1923 = EDGE_LOOP('',(#1924,#1934,#1942,#1950));
#1924 = ORIENTED_EDGE('',*,*,#1925,.T.);
#1925 = EDGE_CURVE('',#1926,#1928,#1930,.T.);
#1926 = VERTEX_POINT('',#1927);
#1927 = CARTESIAN_POINT('',(19.,-150.5,-3.));
#1928 = VERTEX_POINT('',#1929);
#1929 = CARTESIAN_POINT('',(37.4,-150.5,-3.));
#1930 = LINE('',#1931,#1932);
#1931 = CARTESIAN_POINT('',(-5.599998366814,-150.5,-3.));
#1932 = VECTOR('',#1933,1.);
#1933 = DIRECTION('',(1.,0.,0.));
#1934 = ORIENTED_EDGE('',*,*,#1935,.T.);
#1935 = EDGE_CURVE('',#1928,#1936,#1938,.T.);
#1936 = VERTEX_POINT('',#1937);
#1937 = CARTESIAN_POINT('',(37.4,-153.5,-3.));
#1938 = LINE('',#1939,#1940);
#1939 = CARTESIAN_POINT('',(37.4,-38.5,-3.));
#1940 = VECTOR('',#1941,1.);
#1941 = DIRECTION('',(0.,-1.,0.));
#1942 = ORIENTED_EDGE('',*,*,#1943,.T.);
#1943 = EDGE_CURVE('',#1936,#1944,#1946,.T.);
#1944 = VERTEX_POINT('',#1945);
#1945 = CARTESIAN_POINT('',(19.,-153.5,-3.));
#1946 = LINE('',#1947,#1948);
#1947 = CARTESIAN_POINT('',(-57.59999836681,-153.5,-3.));
#1948 = VECTOR('',#1949,1.);
#1949 = DIRECTION('',(-1.,0.,0.));
#1950 = ORIENTED_EDGE('',*,*,#1951,.T.);
#1951 = EDGE_CURVE('',#1944,#1926,#1952,.T.);
#1952 = LINE('',#1953,#1954);
#1953 = CARTESIAN_POINT('',(19.,-201.5,-3.));
#1954 = VECTOR('',#1955,1.);
#1955 = DIRECTION('',(0.,1.,0.));
#1956 = FACE_BOUND('',#1957,.F.);
#1957 = EDGE_LOOP('',(#1958,#1968,#1976,#1984));
#1958 = ORIENTED_EDGE('',*,*,#1959,.T.);
#1959 = EDGE_CURVE('',#1960,#1962,#1964,.T.);
#1960 = VERTEX_POINT('',#1961);
#1961 = CARTESIAN_POINT('',(19.,-142.5,-3.));
#1962 = VERTEX_POINT('',#1963);
#1963 = CARTESIAN_POINT('',(37.4,-142.5,-3.));
#1964 = LINE('',#1965,#1966);
#1965 = CARTESIAN_POINT('',(-5.599998366814,-142.5,-3.));
#1966 = VECTOR('',#1967,1.);
#1967 = DIRECTION('',(1.,0.,0.));
#1968 = ORIENTED_EDGE('',*,*,#1969,.T.);
#1969 = EDGE_CURVE('',#1962,#1970,#1972,.T.);
#1970 = VERTEX_POINT('',#1971);
#1971 = CARTESIAN_POINT('',(37.4,-145.5,-3.));
#1972 = LINE('',#1973,#1974);
#1973 = CARTESIAN_POINT('',(37.4,-38.5,-3.));
#1974 = VECTOR('',#1975,1.);
#1975 = DIRECTION('',(0.,-1.,0.));
#1976 = ORIENTED_EDGE('',*,*,#1977,.T.);
#1977 = EDGE_CURVE('',#1970,#1978,#1980,.T.);
#1978 = VERTEX_POINT('',#1979);
#1979 = CARTESIAN_POINT('',(19.,-145.5,-3.));
#1980 = LINE('',#1981,#1982);
#1981 = CARTESIAN_POINT('',(-57.59999836681,-145.5,-3.));
#1982 = VECTOR('',#1983,1.);
#1983 = DIRECTION('',(-1.,0.,0.));
#1984 = ORIENTED_EDGE('',*,*,#1985,.T.);
#1985 = EDGE_CURVE('',#1978,#1960,#1986,.T.);
#1986 = LINE('',#1987,#1988);
#1987 = CARTESIAN_POINT('',(19.,-201.5,-3.));
#1988 = VECTOR('',#1989,1.);
#1989 = DIRECTION('',(0.,1.,0.));
#1990 = FACE_BOUND('',#1991,.F.);
#1991 = EDGE_LOOP('',(#1992,#2002,#2010,#2018));
#1992 = ORIENTED_EDGE('',*,*,#1993,.T.);
#1993 = EDGE_CURVE('',#1994,#1996,#1998,.T.);
#1994 = VERTEX_POINT('',#1995);
#1995 = CARTESIAN_POINT('',(19.,-134.5,-3.));
#1996 = VERTEX_POINT('',#1997);
#1997 = CARTESIAN_POINT('',(37.4,-134.5,-3.));
#1998 = LINE('',#1999,#2000);
#1999 = CARTESIAN_POINT('',(-5.599998366814,-134.5,-3.));
#2000 = VECTOR('',#2001,1.);
#2001 = DIRECTION('',(1.,0.,0.));
#2002 = ORIENTED_EDGE('',*,*,#2003,.T.);
#2003 = EDGE_CURVE('',#1996,#2004,#2006,.T.);
#2004 = VERTEX_POINT('',#2005);
#2005 = CARTESIAN_POINT('',(37.4,-137.5,-3.));
#2006 = LINE('',#2007,#2008);
#2007 = CARTESIAN_POINT('',(37.4,-38.5,-3.));
#2008 = VECTOR('',#2009,1.);
#2009 = DIRECTION('',(0.,-1.,0.));
#2010 = ORIENTED_EDGE('',*,*,#2011,.T.);
#2011 = EDGE_CURVE('',#2004,#2012,#2014,.T.);
#2012 = VERTEX_POINT('',#2013);
#2013 = CARTESIAN_POINT('',(19.,-137.5,-3.));
#2014 = LINE('',#2015,#2016);
#2015 = CARTESIAN_POINT('',(-57.59999836681,-137.5,-3.));
#2016 = VECTOR('',#2017,1.);
#2017 = DIRECTION('',(-1.,0.,0.));
#2018 = ORIENTED_EDGE('',*,*,#2019,.T.);
#2019 = EDGE_CURVE('',#2012,#1994,#2020,.T.);
#2020 = LINE('',#2021,#2022);
#2021 = CARTESIAN_POINT('',(19.,-201.5,-3.));
#2022 = VECTOR('',#2023,1.);
#2023 = DIRECTION('',(0.,1.,0.));
#2024 = FACE_BOUND('',#2025,.F.);
#2025 = EDGE_LOOP('',(#2026,#2036,#2044,#2052));
#2026 = ORIENTED_EDGE('',*,*,#2027,.T.);
#2027 = EDGE_CURVE('',#2028,#2030,#2032,.T.);
#2028 = VERTEX_POINT('',#2029);
#2029 = CARTESIAN_POINT('',(19.,-126.5,-3.));
#2030 = VERTEX_POINT('',#2031);
#2031 = CARTESIAN_POINT('',(37.4,-126.5,-3.));
#2032 = LINE('',#2033,#2034);
#2033 = CARTESIAN_POINT('',(-5.599998366814,-126.5,-3.));
#2034 = VECTOR('',#2035,1.);
#2035 = DIRECTION('',(1.,0.,0.));
#2036 = ORIENTED_EDGE('',*,*,#2037,.T.);
#2037 = EDGE_CURVE('',#2030,#2038,#2040,.T.);
#2038 = VERTEX_POINT('',#2039);
#2039 = CARTESIAN_POINT('',(37.4,-129.5,-3.));
#2040 = LINE('',#2041,#2042);
#2041 = CARTESIAN_POINT('',(37.4,-38.5,-3.));
#2042 = VECTOR('',#2043,1.);
#2043 = DIRECTION('',(0.,-1.,0.));
#2044 = ORIENTED_EDGE('',*,*,#2045,.T.);
#2045 = EDGE_CURVE('',#2038,#2046,#2048,.T.);
#2046 = VERTEX_POINT('',#2047);
#2047 = CARTESIAN_POINT('',(19.,-129.5,-3.));
#2048 = LINE('',#2049,#2050);
#2049 = CARTESIAN_POINT('',(-57.59999836681,-129.5,-3.));
#2050 = VECTOR('',#2051,1.);
#2051 = DIRECTION('',(-1.,0.,0.));
#2052 = ORIENTED_EDGE('',*,*,#2053,.T.);
#2053 = EDGE_CURVE('',#2046,#2028,#2054,.T.);
#2054 = LINE('',#2055,#2056);
#2055 = CARTESIAN_POINT('',(19.,-201.5,-3.));
#2056 = VECTOR('',#2057,1.);
#2057 = DIRECTION('',(0.,1.,0.));
#2058 = FACE_BOUND('',#2059,.F.);
#2059 = EDGE_LOOP('',(#2060,#2070,#2078,#2086));
#2060 = ORIENTED_EDGE('',*,*,#2061,.T.);
#2061 = EDGE_CURVE('',#2062,#2064,#2066,.T.);
#2062 = VERTEX_POINT('',#2063);
#2063 = CARTESIAN_POINT('',(40.4,-177.5,-3.));
#2064 = VERTEX_POINT('',#2065);
#2065 = CARTESIAN_POINT('',(40.4,-174.5,-3.));
#2066 = LINE('',#2067,#2068);
#2067 = CARTESIAN_POINT('',(40.4,-201.5,-3.));
#2068 = VECTOR('',#2069,1.);
#2069 = DIRECTION('',(0.,1.,0.));
#2070 = ORIENTED_EDGE('',*,*,#2071,.T.);
#2071 = EDGE_CURVE('',#2064,#2072,#2074,.T.);
#2072 = VERTEX_POINT('',#2073);
#2073 = CARTESIAN_POINT('',(58.8,-174.5,-3.));
#2074 = LINE('',#2075,#2076);
#2075 = CARTESIAN_POINT('',(-5.599998366814,-174.5,-3.));
#2076 = VECTOR('',#2077,1.);
#2077 = DIRECTION('',(1.,0.,0.));
#2078 = ORIENTED_EDGE('',*,*,#2079,.T.);
#2079 = EDGE_CURVE('',#2072,#2080,#2082,.T.);
#2080 = VERTEX_POINT('',#2081);
#2081 = CARTESIAN_POINT('',(58.8,-177.5,-3.));
#2082 = LINE('',#2083,#2084);
#2083 = CARTESIAN_POINT('',(58.8,-88.75,-3.));
#2084 = VECTOR('',#2085,1.);
#2085 = DIRECTION('',(0.,-1.,2.2E-16));
#2086 = ORIENTED_EDGE('',*,*,#2087,.T.);
#2087 = EDGE_CURVE('',#2080,#2062,#2088,.T.);
#2088 = LINE('',#2089,#2090);
#2089 = CARTESIAN_POINT('',(-57.59999836681,-177.5,-3.));
#2090 = VECTOR('',#2091,1.);
#2091 = DIRECTION('',(-1.,0.,0.));
#2092 = FACE_BOUND('',#2093,.F.);
#2093 = EDGE_LOOP('',(#2094,#2104,#2112,#2120));
#2094 = ORIENTED_EDGE('',*,*,#2095,.T.);
#2095 = EDGE_CURVE('',#2096,#2098,#2100,.T.);
#2096 = VERTEX_POINT('',#2097);
#2097 = CARTESIAN_POINT('',(40.4,-169.5,-3.));
#2098 = VERTEX_POINT('',#2099);
#2099 = CARTESIAN_POINT('',(40.4,-166.5,-3.));
#2100 = LINE('',#2101,#2102);
#2101 = CARTESIAN_POINT('',(40.4,-201.5,-3.));
#2102 = VECTOR('',#2103,1.);
#2103 = DIRECTION('',(0.,1.,0.));
#2104 = ORIENTED_EDGE('',*,*,#2105,.T.);
#2105 = EDGE_CURVE('',#2098,#2106,#2108,.T.);
#2106 = VERTEX_POINT('',#2107);
#2107 = CARTESIAN_POINT('',(58.8,-166.5,-3.));
#2108 = LINE('',#2109,#2110);
#2109 = CARTESIAN_POINT('',(-5.599998366814,-166.5,-3.));
#2110 = VECTOR('',#2111,1.);
#2111 = DIRECTION('',(1.,0.,0.));
#2112 = ORIENTED_EDGE('',*,*,#2113,.T.);
#2113 = EDGE_CURVE('',#2106,#2114,#2116,.T.);
#2114 = VERTEX_POINT('',#2115);
#2115 = CARTESIAN_POINT('',(58.8,-169.5,-3.));
#2116 = LINE('',#2117,#2118);
#2117 = CARTESIAN_POINT('',(58.8,-84.75,-3.));
#2118 = VECTOR('',#2119,1.);
#2119 = DIRECTION('',(0.,-1.,2.2E-16));
#2120 = ORIENTED_EDGE('',*,*,#2121,.T.);
#2121 = EDGE_CURVE('',#2114,#2096,#2122,.T.);
#2122 = LINE('',#2123,#2124);
#2123 = CARTESIAN_POINT('',(-57.59999836681,-169.5,-3.));
#2124 = VECTOR('',#2125,1.);
#2125 = DIRECTION('',(-1.,0.,0.));
#2126 = FACE_BOUND('',#2127,.F.);
#2127 = EDGE_LOOP('',(#2128,#2138,#2146,#2154));
#2128 = ORIENTED_EDGE('',*,*,#2129,.T.);
#2129 = EDGE_CURVE('',#2130,#2132,#2134,.T.);
#2130 = VERTEX_POINT('',#2131);
#2131 = CARTESIAN_POINT('',(40.4,-161.5,-3.));
#2132 = VERTEX_POINT('',#2133);
#2133 = CARTESIAN_POINT('',(40.4,-158.5,-3.));
#2134 = LINE('',#2135,#2136);
#2135 = CARTESIAN_POINT('',(40.4,-201.5,-3.));
#2136 = VECTOR('',#2137,1.);
#2137 = DIRECTION('',(0.,1.,0.));
#2138 = ORIENTED_EDGE('',*,*,#2139,.T.);
#2139 = EDGE_CURVE('',#2132,#2140,#2142,.T.);
#2140 = VERTEX_POINT('',#2141);
#2141 = CARTESIAN_POINT('',(58.8,-158.5,-3.));
#2142 = LINE('',#2143,#2144);
#2143 = CARTESIAN_POINT('',(-5.599998366814,-158.5,-3.));
#2144 = VECTOR('',#2145,1.);
#2145 = DIRECTION('',(1.,0.,0.));
#2146 = ORIENTED_EDGE('',*,*,#2147,.T.);
#2147 = EDGE_CURVE('',#2140,#2148,#2150,.T.);
#2148 = VERTEX_POINT('',#2149);
#2149 = CARTESIAN_POINT('',(58.8,-161.5,-3.));
#2150 = LINE('',#2151,#2152);
#2151 = CARTESIAN_POINT('',(58.8,-80.75,-3.));
#2152 = VECTOR('',#2153,1.);
#2153 = DIRECTION('',(0.,-1.,2.2E-16));
#2154 = ORIENTED_EDGE('',*,*,#2155,.T.);
#2155 = EDGE_CURVE('',#2148,#2130,#2156,.T.);
#2156 = LINE('',#2157,#2158);
#2157 = CARTESIAN_POINT('',(-57.59999836681,-161.5,-3.));
#2158 = VECTOR('',#2159,1.);
#2159 = DIRECTION('',(-1.,0.,0.));
#2160 = FACE_BOUND('',#2161,.F.);
#2161 = EDGE_LOOP('',(#2162,#2172,#2180,#2188));
#2162 = ORIENTED_EDGE('',*,*,#2163,.T.);
#2163 = EDGE_CURVE('',#2164,#2166,#2168,.T.);
#2164 = VERTEX_POINT('',#2165);
#2165 = CARTESIAN_POINT('',(40.4,-153.5,-3.));
#2166 = VERTEX_POINT('',#2167);
#2167 = CARTESIAN_POINT('',(40.4,-150.5,-3.));
#2168 = LINE('',#2169,#2170);
#2169 = CARTESIAN_POINT('',(40.4,-201.5,-3.));
#2170 = VECTOR('',#2171,1.);
#2171 = DIRECTION('',(0.,1.,0.));
#2172 = ORIENTED_EDGE('',*,*,#2173,.T.);
#2173 = EDGE_CURVE('',#2166,#2174,#2176,.T.);
#2174 = VERTEX_POINT('',#2175);
#2175 = CARTESIAN_POINT('',(58.8,-150.5,-3.));
#2176 = LINE('',#2177,#2178);
#2177 = CARTESIAN_POINT('',(-5.599998366814,-150.5,-3.));
#2178 = VECTOR('',#2179,1.);
#2179 = DIRECTION('',(1.,0.,0.));
#2180 = ORIENTED_EDGE('',*,*,#2181,.T.);
#2181 = EDGE_CURVE('',#2174,#2182,#2184,.T.);
#2182 = VERTEX_POINT('',#2183);
#2183 = CARTESIAN_POINT('',(58.8,-153.5,-3.));
#2184 = LINE('',#2185,#2186);
#2185 = CARTESIAN_POINT('',(58.8,-76.75,-3.));
#2186 = VECTOR('',#2187,1.);
#2187 = DIRECTION('',(0.,-1.,2.2E-16));
#2188 = ORIENTED_EDGE('',*,*,#2189,.T.);
#2189 = EDGE_CURVE('',#2182,#2164,#2190,.T.);
#2190 = LINE('',#2191,#2192);
#2191 = CARTESIAN_POINT('',(-57.59999836681,-153.5,-3.));
#2192 = VECTOR('',#2193,1.);
#2193 = DIRECTION('',(-1.,0.,0.));
#2194 = FACE_BOUND('',#2195,.F.);
#2195 = EDGE_LOOP('',(#2196,#2206,#2214,#2222));
#2196 = ORIENTED_EDGE('',*,*,#2197,.T.);
#2197 = EDGE_CURVE('',#2198,#2200,#2202,.T.);
#2198 = VERTEX_POINT('',#2199);
#2199 = CARTESIAN_POINT('',(40.4,-145.5,-3.));
#2200 = VERTEX_POINT('',#2201);
#2201 = CARTESIAN_POINT('',(40.4,-142.5,-3.));
#2202 = LINE('',#2203,#2204);
#2203 = CARTESIAN_POINT('',(40.4,-201.5,-3.));
#2204 = VECTOR('',#2205,1.);
#2205 = DIRECTION('',(0.,1.,0.));
#2206 = ORIENTED_EDGE('',*,*,#2207,.T.);
#2207 = EDGE_CURVE('',#2200,#2208,#2210,.T.);
#2208 = VERTEX_POINT('',#2209);
#2209 = CARTESIAN_POINT('',(58.8,-142.5,-3.));
#2210 = LINE('',#2211,#2212);
#2211 = CARTESIAN_POINT('',(-5.599998366814,-142.5,-3.));
#2212 = VECTOR('',#2213,1.);
#2213 = DIRECTION('',(1.,0.,0.));
#2214 = ORIENTED_EDGE('',*,*,#2215,.T.);
#2215 = EDGE_CURVE('',#2208,#2216,#2218,.T.);
#2216 = VERTEX_POINT('',#2217);
#2217 = CARTESIAN_POINT('',(58.8,-145.5,-3.));
#2218 = LINE('',#2219,#2220);
#2219 = CARTESIAN_POINT('',(58.8,-72.75,-3.));
#2220 = VECTOR('',#2221,1.);
#2221 = DIRECTION('',(0.,-1.,2.2E-16));
#2222 = ORIENTED_EDGE('',*,*,#2223,.T.);
#2223 = EDGE_CURVE('',#2216,#2198,#2224,.T.);
#2224 = LINE('',#2225,#2226);
#2225 = CARTESIAN_POINT('',(-57.59999836681,-145.5,-3.));
#2226 = VECTOR('',#2227,1.);
#2227 = DIRECTION('',(-1.,0.,0.));
#2228 = FACE_BOUND('',#2229,.F.);
#2229 = EDGE_LOOP('',(#2230,#2240,#2248,#2256));
#2230 = ORIENTED_EDGE('',*,*,#2231,.T.);
#2231 = EDGE_CURVE('',#2232,#2234,#2236,.T.);
#2232 = VERTEX_POINT('',#2233);
#2233 = CARTESIAN_POINT('',(40.4,-137.5,-3.));
#2234 = VERTEX_POINT('',#2235);
#2235 = CARTESIAN_POINT('',(40.4,-134.5,-3.));
#2236 = LINE('',#2237,#2238);
#2237 = CARTESIAN_POINT('',(40.4,-201.5,-3.));
#2238 = VECTOR('',#2239,1.);
#2239 = DIRECTION('',(0.,1.,0.));
#2240 = ORIENTED_EDGE('',*,*,#2241,.T.);
#2241 = EDGE_CURVE('',#2234,#2242,#2244,.T.);
#2242 = VERTEX_POINT('',#2243);
#2243 = CARTESIAN_POINT('',(58.8,-134.5,-3.));
#2244 = LINE('',#2245,#2246);
#2245 = CARTESIAN_POINT('',(-5.599998366814,-134.5,-3.));
#2246 = VECTOR('',#2247,1.);
#2247 = DIRECTION('',(1.,0.,0.));
#2248 = ORIENTED_EDGE('',*,*,#2249,.T.);
#2249 = EDGE_CURVE('',#2242,#2250,#2252,.T.);
#2250 = VERTEX_POINT('',#2251);
#2251 = CARTESIAN_POINT('',(58.8,-137.5,-3.));
#2252 = LINE('',#2253,#2254);
#2253 = CARTESIAN_POINT('',(58.8,-68.75,-3.));
#2254 = VECTOR('',#2255,1.);
#2255 = DIRECTION('',(0.,-1.,2.2E-16));
#2256 = ORIENTED_EDGE('',*,*,#2257,.T.);
#2257 = EDGE_CURVE('',#2250,#2232,#2258,.T.);
#2258 = LINE('',#2259,#2260);
#2259 = CARTESIAN_POINT('',(-57.59999836681,-137.5,-3.));
#2260 = VECTOR('',#2261,1.);
#2261 = DIRECTION('',(-1.,0.,0.));
#2262 = FACE_BOUND('',#2263,.F.);
#2263 = EDGE_LOOP('',(#2264,#2274,#2282,#2290));
#2264 = ORIENTED_EDGE('',*,*,#2265,.T.);
#2265 = EDGE_CURVE('',#2266,#2268,#2270,.T.);
#2266 = VERTEX_POINT('',#2267);
#2267 = CARTESIAN_POINT('',(40.4,-129.5,-3.));
#2268 = VERTEX_POINT('',#2269);
#2269 = CARTESIAN_POINT('',(40.4,-126.5,-3.));
#2270 = LINE('',#2271,#2272);
#2271 = CARTESIAN_POINT('',(40.4,-201.5,-3.));
#2272 = VECTOR('',#2273,1.);
#2273 = DIRECTION('',(0.,1.,0.));
#2274 = ORIENTED_EDGE('',*,*,#2275,.T.);
#2275 = EDGE_CURVE('',#2268,#2276,#2278,.T.);
#2276 = VERTEX_POINT('',#2277);
#2277 = CARTESIAN_POINT('',(58.8,-126.5,-3.));
#2278 = LINE('',#2279,#2280);
#2279 = CARTESIAN_POINT('',(-5.599998366814,-126.5,-3.));
#2280 = VECTOR('',#2281,1.);
#2281 = DIRECTION('',(1.,0.,0.));
#2282 = ORIENTED_EDGE('',*,*,#2283,.T.);
#2283 = EDGE_CURVE('',#2276,#2284,#2286,.T.);
#2284 = VERTEX_POINT('',#2285);
#2285 = CARTESIAN_POINT('',(58.8,-129.5,-3.));
#2286 = LINE('',#2287,#2288);
#2287 = CARTESIAN_POINT('',(58.8,-64.75,-3.));
#2288 = VECTOR('',#2289,1.);
#2289 = DIRECTION('',(0.,-1.,2.2E-16));
#2290 = ORIENTED_EDGE('',*,*,#2291,.T.);
#2291 = EDGE_CURVE('',#2284,#2266,#2292,.T.);
#2292 = LINE('',#2293,#2294);
#2293 = CARTESIAN_POINT('',(-57.59999836681,-129.5,-3.));
#2294 = VECTOR('',#2295,1.);
#2295 = DIRECTION('',(-1.,0.,0.));
#2296 = FACE_BOUND('',#2297,.F.);
#2297 = EDGE_LOOP('',(#2298,#2308,#2316,#2324));
#2298 = ORIENTED_EDGE('',*,*,#2299,.T.);
#2299 = EDGE_CURVE('',#2300,#2302,#2304,.T.);
#2300 = VERTEX_POINT('',#2301);
#2301 = CARTESIAN_POINT('',(-26.8,-118.5,-3.));
#2302 = VERTEX_POINT('',#2303);
#2303 = CARTESIAN_POINT('',(-26.8,-121.5,-3.));
#2304 = LINE('',#2305,#2306);
#2305 = CARTESIAN_POINT('',(-26.8,-38.5,-3.));
#2306 = VECTOR('',#2307,1.);
#2307 = DIRECTION('',(0.,-1.,0.));
#2308 = ORIENTED_EDGE('',*,*,#2309,.T.);
#2309 = EDGE_CURVE('',#2302,#2310,#2312,.T.);
#2310 = VERTEX_POINT('',#2311);
#2311 = CARTESIAN_POINT('',(-45.2,-121.5,-3.));
#2312 = LINE('',#2313,#2314);
#2313 = CARTESIAN_POINT('',(-57.59999836681,-121.5,-3.));
#2314 = VECTOR('',#2315,1.);
#2315 = DIRECTION('',(-1.,0.,0.));
#2316 = ORIENTED_EDGE('',*,*,#2317,.T.);
#2317 = EDGE_CURVE('',#2310,#2318,#2320,.T.);
#2318 = VERTEX_POINT('',#2319);
#2319 = CARTESIAN_POINT('',(-45.2,-118.5,-3.));
#2320 = LINE('',#2321,#2322);
#2321 = CARTESIAN_POINT('',(-45.2,-59.25,-3.));
#2322 = VECTOR('',#2323,1.);
#2323 = DIRECTION('',(0.,1.,-2.2E-16));
#2324 = ORIENTED_EDGE('',*,*,#2325,.T.);
#2325 = EDGE_CURVE('',#2318,#2300,#2326,.T.);
#2326 = LINE('',#2327,#2328);
#2327 = CARTESIAN_POINT('',(-5.599998366814,-118.5,-3.));
#2328 = VECTOR('',#2329,1.);
#2329 = DIRECTION('',(1.,0.,0.));
#2330 = FACE_BOUND('',#2331,.F.);
#2331 = EDGE_LOOP('',(#2332,#2342,#2350,#2358));
#2332 = ORIENTED_EDGE('',*,*,#2333,.T.);
#2333 = EDGE_CURVE('',#2334,#2336,#2338,.T.);
#2334 = VERTEX_POINT('',#2335);
#2335 = CARTESIAN_POINT('',(-26.8,-110.5,-3.));
#2336 = VERTEX_POINT('',#2337);
#2337 = CARTESIAN_POINT('',(-26.8,-113.5,-3.));
#2338 = LINE('',#2339,#2340);
#2339 = CARTESIAN_POINT('',(-26.8,-38.5,-3.));
#2340 = VECTOR('',#2341,1.);
#2341 = DIRECTION('',(0.,-1.,0.));
#2342 = ORIENTED_EDGE('',*,*,#2343,.T.);
#2343 = EDGE_CURVE('',#2336,#2344,#2346,.T.);
#2344 = VERTEX_POINT('',#2345);
#2345 = CARTESIAN_POINT('',(-45.2,-113.5,-3.));
#2346 = LINE('',#2347,#2348);
#2347 = CARTESIAN_POINT('',(-57.59999836681,-113.5,-3.));
#2348 = VECTOR('',#2349,1.);
#2349 = DIRECTION('',(-1.,0.,0.));
#2350 = ORIENTED_EDGE('',*,*,#2351,.T.);
#2351 = EDGE_CURVE('',#2344,#2352,#2354,.T.);
#2352 = VERTEX_POINT('',#2353);
#2353 = CARTESIAN_POINT('',(-45.2,-110.5,-3.));
#2354 = LINE('',#2355,#2356);
#2355 = CARTESIAN_POINT('',(-45.2,-55.25,-3.));
#2356 = VECTOR('',#2357,1.);
#2357 = DIRECTION('',(0.,1.,-2.2E-16));
#2358 = ORIENTED_EDGE('',*,*,#2359,.T.);
#2359 = EDGE_CURVE('',#2352,#2334,#2360,.T.);
#2360 = LINE('',#2361,#2362);
#2361 = CARTESIAN_POINT('',(-5.599998366814,-110.5,-3.));
#2362 = VECTOR('',#2363,1.);
#2363 = DIRECTION('',(1.,0.,0.));
#2364 = FACE_BOUND('',#2365,.F.);
#2365 = EDGE_LOOP('',(#2366,#2376,#2384,#2392));
#2366 = ORIENTED_EDGE('',*,*,#2367,.T.);
#2367 = EDGE_CURVE('',#2368,#2370,#2372,.T.);
#2368 = VERTEX_POINT('',#2369);
#2369 = CARTESIAN_POINT('',(-26.8,-102.5,-3.));
#2370 = VERTEX_POINT('',#2371);
#2371 = CARTESIAN_POINT('',(-26.8,-105.5,-3.));
#2372 = LINE('',#2373,#2374);
#2373 = CARTESIAN_POINT('',(-26.8,-38.5,-3.));
#2374 = VECTOR('',#2375,1.);
#2375 = DIRECTION('',(0.,-1.,0.));
#2376 = ORIENTED_EDGE('',*,*,#2377,.T.);
#2377 = EDGE_CURVE('',#2370,#2378,#2380,.T.);
#2378 = VERTEX_POINT('',#2379);
#2379 = CARTESIAN_POINT('',(-45.2,-105.5,-3.));
#2380 = LINE('',#2381,#2382);
#2381 = CARTESIAN_POINT('',(-57.59999836681,-105.5,-3.));
#2382 = VECTOR('',#2383,1.);
#2383 = DIRECTION('',(-1.,0.,0.));
#2384 = ORIENTED_EDGE('',*,*,#2385,.T.);
#2385 = EDGE_CURVE('',#2378,#2386,#2388,.T.);
#2386 = VERTEX_POINT('',#2387);
#2387 = CARTESIAN_POINT('',(-45.2,-102.5,-3.));
#2388 = LINE('',#2389,#2390);
#2389 = CARTESIAN_POINT('',(-45.2,-51.25,-3.));
#2390 = VECTOR('',#2391,1.);
#2391 = DIRECTION('',(0.,1.,-2.2E-16));
#2392 = ORIENTED_EDGE('',*,*,#2393,.T.);
#2393 = EDGE_CURVE('',#2386,#2368,#2394,.T.);
#2394 = LINE('',#2395,#2396);
#2395 = CARTESIAN_POINT('',(-5.599998366814,-102.5,-3.));
#2396 = VECTOR('',#2397,1.);
#2397 = DIRECTION('',(1.,0.,0.));
#2398 = FACE_BOUND('',#2399,.F.);
#2399 = EDGE_LOOP('',(#2400,#2410,#2418,#2426));
#2400 = ORIENTED_EDGE('',*,*,#2401,.T.);
#2401 = EDGE_CURVE('',#2402,#2404,#2406,.T.);
#2402 = VERTEX_POINT('',#2403);
#2403 = CARTESIAN_POINT('',(-26.8,-94.5,-3.));
#2404 = VERTEX_POINT('',#2405);
#2405 = CARTESIAN_POINT('',(-26.8,-97.5,-3.));
#2406 = LINE('',#2407,#2408);
#2407 = CARTESIAN_POINT('',(-26.8,-38.5,-3.));
#2408 = VECTOR('',#2409,1.);
#2409 = DIRECTION('',(0.,-1.,0.));
#2410 = ORIENTED_EDGE('',*,*,#2411,.T.);
#2411 = EDGE_CURVE('',#2404,#2412,#2414,.T.);
#2412 = VERTEX_POINT('',#2413);
#2413 = CARTESIAN_POINT('',(-45.2,-97.5,-3.));
#2414 = LINE('',#2415,#2416);
#2415 = CARTESIAN_POINT('',(-57.59999836681,-97.5,-3.));
#2416 = VECTOR('',#2417,1.);
#2417 = DIRECTION('',(-1.,0.,0.));
#2418 = ORIENTED_EDGE('',*,*,#2419,.T.);
#2419 = EDGE_CURVE('',#2412,#2420,#2422,.T.);
#2420 = VERTEX_POINT('',#2421);
#2421 = CARTESIAN_POINT('',(-45.2,-94.5,-3.));
#2422 = LINE('',#2423,#2424);
#2423 = CARTESIAN_POINT('',(-45.2,-47.25,-3.));
#2424 = VECTOR('',#2425,1.);
#2425 = DIRECTION('',(0.,1.,-2.2E-16));
#2426 = ORIENTED_EDGE('',*,*,#2427,.T.);
#2427 = EDGE_CURVE('',#2420,#2402,#2428,.T.);
#2428 = LINE('',#2429,#2430);
#2429 = CARTESIAN_POINT('',(-5.599998366814,-94.5,-3.));
#2430 = VECTOR('',#2431,1.);
#2431 = DIRECTION('',(1.,0.,0.));
#2432 = FACE_BOUND('',#2433,.F.);
#2433 = EDGE_LOOP('',(#2434,#2444,#2452,#2460));
#2434 = ORIENTED_EDGE('',*,*,#2435,.T.);
#2435 = EDGE_CURVE('',#2436,#2438,#2440,.T.);
#2436 = VERTEX_POINT('',#2437);
#2437 = CARTESIAN_POINT('',(-23.8,-118.5,-3.));
#2438 = VERTEX_POINT('',#2439);
#2439 = CARTESIAN_POINT('',(-5.4,-118.5,-3.));
#2440 = LINE('',#2441,#2442);
#2441 = CARTESIAN_POINT('',(-5.599998366814,-118.5,-3.));
#2442 = VECTOR('',#2443,1.);
#2443 = DIRECTION('',(1.,0.,0.));
#2444 = ORIENTED_EDGE('',*,*,#2445,.T.);
#2445 = EDGE_CURVE('',#2438,#2446,#2448,.T.);
#2446 = VERTEX_POINT('',#2447);
#2447 = CARTESIAN_POINT('',(-5.4,-121.5,-3.));
#2448 = LINE('',#2449,#2450);
#2449 = CARTESIAN_POINT('',(-5.4,-38.5,-3.));
#2450 = VECTOR('',#2451,1.);
#2451 = DIRECTION('',(0.,-1.,0.));
#2452 = ORIENTED_EDGE('',*,*,#2453,.T.);
#2453 = EDGE_CURVE('',#2446,#2454,#2456,.T.);
#2454 = VERTEX_POINT('',#2455);
#2455 = CARTESIAN_POINT('',(-23.8,-121.5,-3.));
#2456 = LINE('',#2457,#2458);
#2457 = CARTESIAN_POINT('',(-57.59999836681,-121.5,-3.));
#2458 = VECTOR('',#2459,1.);
#2459 = DIRECTION('',(-1.,0.,0.));
#2460 = ORIENTED_EDGE('',*,*,#2461,.T.);
#2461 = EDGE_CURVE('',#2454,#2436,#2462,.T.);
#2462 = LINE('',#2463,#2464);
#2463 = CARTESIAN_POINT('',(-23.8,-201.5,-3.));
#2464 = VECTOR('',#2465,1.);
#2465 = DIRECTION('',(0.,1.,0.));
#2466 = FACE_BOUND('',#2467,.F.);
#2467 = EDGE_LOOP('',(#2468,#2478,#2486,#2494));
#2468 = ORIENTED_EDGE('',*,*,#2469,.T.);
#2469 = EDGE_CURVE('',#2470,#2472,#2474,.T.);
#2470 = VERTEX_POINT('',#2471);
#2471 = CARTESIAN_POINT('',(-23.8,-110.5,-3.));
#2472 = VERTEX_POINT('',#2473);
#2473 = CARTESIAN_POINT('',(-5.4,-110.5,-3.));
#2474 = LINE('',#2475,#2476);
#2475 = CARTESIAN_POINT('',(-5.599998366814,-110.5,-3.));
#2476 = VECTOR('',#2477,1.);
#2477 = DIRECTION('',(1.,0.,0.));
#2478 = ORIENTED_EDGE('',*,*,#2479,.T.);
#2479 = EDGE_CURVE('',#2472,#2480,#2482,.T.);
#2480 = VERTEX_POINT('',#2481);
#2481 = CARTESIAN_POINT('',(-5.4,-113.5,-3.));
#2482 = LINE('',#2483,#2484);
#2483 = CARTESIAN_POINT('',(-5.4,-38.5,-3.));
#2484 = VECTOR('',#2485,1.);
#2485 = DIRECTION('',(0.,-1.,0.));
#2486 = ORIENTED_EDGE('',*,*,#2487,.T.);
#2487 = EDGE_CURVE('',#2480,#2488,#2490,.T.);
#2488 = VERTEX_POINT('',#2489);
#2489 = CARTESIAN_POINT('',(-23.8,-113.5,-3.));
#2490 = LINE('',#2491,#2492);
#2491 = CARTESIAN_POINT('',(-57.59999836681,-113.5,-3.));
#2492 = VECTOR('',#2493,1.);
#2493 = DIRECTION('',(-1.,0.,0.));
#2494 = ORIENTED_EDGE('',*,*,#2495,.T.);
#2495 = EDGE_CURVE('',#2488,#2470,#2496,.T.);
#2496 = LINE('',#2497,#2498);
#2497 = CARTESIAN_POINT('',(-23.8,-201.5,-3.));
#2498 = VECTOR('',#2499,1.);
#2499 = DIRECTION('',(0.,1.,0.));
#2500 = FACE_BOUND('',#2501,.F.);
#2501 = EDGE_LOOP('',(#2502,#2512,#2520,#2528));
#2502 = ORIENTED_EDGE('',*,*,#2503,.T.);
#2503 = EDGE_CURVE('',#2504,#2506,#2508,.T.);
#2504 = VERTEX_POINT('',#2505);
#2505 = CARTESIAN_POINT('',(-23.8,-102.5,-3.));
#2506 = VERTEX_POINT('',#2507);
#2507 = CARTESIAN_POINT('',(-5.4,-102.5,-3.));
#2508 = LINE('',#2509,#2510);
#2509 = CARTESIAN_POINT('',(-5.599998366814,-102.5,-3.));
#2510 = VECTOR('',#2511,1.);
#2511 = DIRECTION('',(1.,0.,0.));
#2512 = ORIENTED_EDGE('',*,*,#2513,.T.);
#2513 = EDGE_CURVE('',#2506,#2514,#2516,.T.);
#2514 = VERTEX_POINT('',#2515);
#2515 = CARTESIAN_POINT('',(-5.4,-105.5,-3.));
#2516 = LINE('',#2517,#2518);
#2517 = CARTESIAN_POINT('',(-5.4,-38.5,-3.));
#2518 = VECTOR('',#2519,1.);
#2519 = DIRECTION('',(0.,-1.,0.));
#2520 = ORIENTED_EDGE('',*,*,#2521,.T.);
#2521 = EDGE_CURVE('',#2514,#2522,#2524,.T.);
#2522 = VERTEX_POINT('',#2523);
#2523 = CARTESIAN_POINT('',(-23.8,-105.5,-3.));
#2524 = LINE('',#2525,#2526);
#2525 = CARTESIAN_POINT('',(-57.59999836681,-105.5,-3.));
#2526 = VECTOR('',#2527,1.);
#2527 = DIRECTION('',(-1.,0.,0.));
#2528 = ORIENTED_EDGE('',*,*,#2529,.T.);
#2529 = EDGE_CURVE('',#2522,#2504,#2530,.T.);
#2530 = LINE('',#2531,#2532);
#2531 = CARTESIAN_POINT('',(-23.8,-201.5,-3.));
#2532 = VECTOR('',#2533,1.);
#2533 = DIRECTION('',(0.,1.,0.));
#2534 = FACE_BOUND('',#2535,.F.);
#2535 = EDGE_LOOP('',(#2536,#2546,#2554,#2562));
#2536 = ORIENTED_EDGE('',*,*,#2537,.T.);
#2537 = EDGE_CURVE('',#2538,#2540,#2542,.T.);
#2538 = VERTEX_POINT('',#2539);
#2539 = CARTESIAN_POINT('',(-23.8,-94.5,-3.));
#2540 = VERTEX_POINT('',#2541);
#2541 = CARTESIAN_POINT('',(-5.4,-94.5,-3.));
#2542 = LINE('',#2543,#2544);
#2543 = CARTESIAN_POINT('',(-5.599998366814,-94.5,-3.));
#2544 = VECTOR('',#2545,1.);
#2545 = DIRECTION('',(1.,0.,0.));
#2546 = ORIENTED_EDGE('',*,*,#2547,.T.);
#2547 = EDGE_CURVE('',#2540,#2548,#2550,.T.);
#2548 = VERTEX_POINT('',#2549);
#2549 = CARTESIAN_POINT('',(-5.4,-97.5,-3.));
#2550 = LINE('',#2551,#2552);
#2551 = CARTESIAN_POINT('',(-5.4,-38.5,-3.));
#2552 = VECTOR('',#2553,1.);
#2553 = DIRECTION('',(0.,-1.,0.));
#2554 = ORIENTED_EDGE('',*,*,#2555,.T.);
#2555 = EDGE_CURVE('',#2548,#2556,#2558,.T.);
#2556 = VERTEX_POINT('',#2557);
#2557 = CARTESIAN_POINT('',(-23.8,-97.5,-3.));
#2558 = LINE('',#2559,#2560);
#2559 = CARTESIAN_POINT('',(-57.59999836681,-97.5,-3.));
#2560 = VECTOR('',#2561,1.);
#2561 = DIRECTION('',(-1.,0.,0.));
#2562 = ORIENTED_EDGE('',*,*,#2563,.T.);
#2563 = EDGE_CURVE('',#2556,#2538,#2564,.T.);
#2564 = LINE('',#2565,#2566);
#2565 = CARTESIAN_POINT('',(-23.8,-201.5,-3.));
#2566 = VECTOR('',#2567,1.);
#2567 = DIRECTION('',(0.,1.,0.));
#2568 = FACE_BOUND('',#2569,.F.);
#2569 = EDGE_LOOP('',(#2570,#2580,#2588,#2596));
#2570 = ORIENTED_EDGE('',*,*,#2571,.T.);
#2571 = EDGE_CURVE('',#2572,#2574,#2576,.T.);
#2572 = VERTEX_POINT('',#2573);
#2573 = CARTESIAN_POINT('',(-26.8,-86.5,-3.));
#2574 = VERTEX_POINT('',#2575);
#2575 = CARTESIAN_POINT('',(-26.8,-89.5,-3.));
#2576 = LINE('',#2577,#2578);
#2577 = CARTESIAN_POINT('',(-26.8,-38.5,-3.));
#2578 = VECTOR('',#2579,1.);
#2579 = DIRECTION('',(0.,-1.,0.));
#2580 = ORIENTED_EDGE('',*,*,#2581,.T.);
#2581 = EDGE_CURVE('',#2574,#2582,#2584,.T.);
#2582 = VERTEX_POINT('',#2583);
#2583 = CARTESIAN_POINT('',(-45.2,-89.5,-3.));
#2584 = LINE('',#2585,#2586);
#2585 = CARTESIAN_POINT('',(-57.59999836681,-89.5,-3.));
#2586 = VECTOR('',#2587,1.);
#2587 = DIRECTION('',(-1.,0.,0.));
#2588 = ORIENTED_EDGE('',*,*,#2589,.T.);
#2589 = EDGE_CURVE('',#2582,#2590,#2592,.T.);
#2590 = VERTEX_POINT('',#2591);
#2591 = CARTESIAN_POINT('',(-45.2,-86.5,-3.));
#2592 = LINE('',#2593,#2594);
#2593 = CARTESIAN_POINT('',(-45.2,-43.25,-3.));
#2594 = VECTOR('',#2595,1.);
#2595 = DIRECTION('',(0.,1.,-2.2E-16));
#2596 = ORIENTED_EDGE('',*,*,#2597,.T.);
#2597 = EDGE_CURVE('',#2590,#2572,#2598,.T.);
#2598 = LINE('',#2599,#2600);
#2599 = CARTESIAN_POINT('',(-5.599998366814,-86.5,-3.));
#2600 = VECTOR('',#2601,1.);
#2601 = DIRECTION('',(1.,0.,0.));
#2602 = FACE_BOUND('',#2603,.F.);
#2603 = EDGE_LOOP('',(#2604,#2614,#2622,#2630));
#2604 = ORIENTED_EDGE('',*,*,#2605,.T.);
#2605 = EDGE_CURVE('',#2606,#2608,#2610,.T.);
#2606 = VERTEX_POINT('',#2607);
#2607 = CARTESIAN_POINT('',(-26.8,-78.5,-3.));
#2608 = VERTEX_POINT('',#2609);
#2609 = CARTESIAN_POINT('',(-26.8,-81.5,-3.));
#2610 = LINE('',#2611,#2612);
#2611 = CARTESIAN_POINT('',(-26.8,-38.5,-3.));
#2612 = VECTOR('',#2613,1.);
#2613 = DIRECTION('',(0.,-1.,0.));
#2614 = ORIENTED_EDGE('',*,*,#2615,.T.);
#2615 = EDGE_CURVE('',#2608,#2616,#2618,.T.);
#2616 = VERTEX_POINT('',#2617);
#2617 = CARTESIAN_POINT('',(-45.2,-81.5,-3.));
#2618 = LINE('',#2619,#2620);
#2619 = CARTESIAN_POINT('',(-57.59999836681,-81.5,-3.));
#2620 = VECTOR('',#2621,1.);
#2621 = DIRECTION('',(-1.,0.,0.));
#2622 = ORIENTED_EDGE('',*,*,#2623,.T.);
#2623 = EDGE_CURVE('',#2616,#2624,#2626,.T.);
#2624 = VERTEX_POINT('',#2625);
#2625 = CARTESIAN_POINT('',(-45.2,-78.5,-3.));
#2626 = LINE('',#2627,#2628);
#2627 = CARTESIAN_POINT('',(-45.2,-39.25,-3.));
#2628 = VECTOR('',#2629,1.);
#2629 = DIRECTION('',(0.,1.,-2.2E-16));
#2630 = ORIENTED_EDGE('',*,*,#2631,.T.);
#2631 = EDGE_CURVE('',#2624,#2606,#2632,.T.);
#2632 = LINE('',#2633,#2634);
#2633 = CARTESIAN_POINT('',(-5.599998366814,-78.5,-3.));
#2634 = VECTOR('',#2635,1.);
#2635 = DIRECTION('',(1.,0.,0.));
#2636 = FACE_BOUND('',#2637,.F.);
#2637 = EDGE_LOOP('',(#2638,#2648,#2656,#2664));
#2638 = ORIENTED_EDGE('',*,*,#2639,.T.);
#2639 = EDGE_CURVE('',#2640,#2642,#2644,.T.);
#2640 = VERTEX_POINT('',#2641);
#2641 = CARTESIAN_POINT('',(-26.8,-70.5,-3.));
#2642 = VERTEX_POINT('',#2643);
#2643 = CARTESIAN_POINT('',(-26.8,-73.5,-3.));
#2644 = LINE('',#2645,#2646);
#2645 = CARTESIAN_POINT('',(-26.8,-38.5,-3.));
#2646 = VECTOR('',#2647,1.);
#2647 = DIRECTION('',(0.,-1.,0.));
#2648 = ORIENTED_EDGE('',*,*,#2649,.T.);
#2649 = EDGE_CURVE('',#2642,#2650,#2652,.T.);
#2650 = VERTEX_POINT('',#2651);
#2651 = CARTESIAN_POINT('',(-45.2,-73.5,-3.));
#2652 = LINE('',#2653,#2654);
#2653 = CARTESIAN_POINT('',(-57.59999836681,-73.5,-3.));
#2654 = VECTOR('',#2655,1.);
#2655 = DIRECTION('',(-1.,0.,0.));
#2656 = ORIENTED_EDGE('',*,*,#2657,.T.);
#2657 = EDGE_CURVE('',#2650,#2658,#2660,.T.);
#2658 = VERTEX_POINT('',#2659);
#2659 = CARTESIAN_POINT('',(-45.2,-70.5,-3.));
#2660 = LINE('',#2661,#2662);
#2661 = CARTESIAN_POINT('',(-45.2,-35.25,-3.));
#2662 = VECTOR('',#2663,1.);
#2663 = DIRECTION('',(0.,1.,-2.2E-16));
#2664 = ORIENTED_EDGE('',*,*,#2665,.T.);
#2665 = EDGE_CURVE('',#2658,#2640,#2666,.T.);
#2666 = LINE('',#2667,#2668);
#2667 = CARTESIAN_POINT('',(-5.599998366814,-70.5,-3.));
#2668 = VECTOR('',#2669,1.);
#2669 = DIRECTION('',(1.,0.,0.));
#2670 = FACE_BOUND('',#2671,.F.);
#2671 = EDGE_LOOP('',(#2672,#2682,#2690,#2698));
#2672 = ORIENTED_EDGE('',*,*,#2673,.T.);
#2673 = EDGE_CURVE('',#2674,#2676,#2678,.T.);
#2674 = VERTEX_POINT('',#2675);
#2675 = CARTESIAN_POINT('',(-26.8,-62.5,-3.));
#2676 = VERTEX_POINT('',#2677);
#2677 = CARTESIAN_POINT('',(-26.8,-65.5,-3.));
#2678 = LINE('',#2679,#2680);
#2679 = CARTESIAN_POINT('',(-26.8,-38.5,-3.));
#2680 = VECTOR('',#2681,1.);
#2681 = DIRECTION('',(0.,-1.,0.));
#2682 = ORIENTED_EDGE('',*,*,#2683,.T.);
#2683 = EDGE_CURVE('',#2676,#2684,#2686,.T.);
#2684 = VERTEX_POINT('',#2685);
#2685 = CARTESIAN_POINT('',(-45.2,-65.5,-3.));
#2686 = LINE('',#2687,#2688);
#2687 = CARTESIAN_POINT('',(-57.59999836681,-65.5,-3.));
#2688 = VECTOR('',#2689,1.);
#2689 = DIRECTION('',(-1.,0.,0.));
#2690 = ORIENTED_EDGE('',*,*,#2691,.T.);
#2691 = EDGE_CURVE('',#2684,#2692,#2694,.T.);
#2692 = VERTEX_POINT('',#2693);
#2693 = CARTESIAN_POINT('',(-45.2,-62.5,-3.));
#2694 = LINE('',#2695,#2696);
#2695 = CARTESIAN_POINT('',(-45.2,-31.25,-3.));
#2696 = VECTOR('',#2697,1.);
#2697 = DIRECTION('',(0.,1.,-2.2E-16));
#2698 = ORIENTED_EDGE('',*,*,#2699,.T.);
#2699 = EDGE_CURVE('',#2692,#2674,#2700,.T.);
#2700 = LINE('',#2701,#2702);
#2701 = CARTESIAN_POINT('',(-5.599998366814,-62.5,-3.));
#2702 = VECTOR('',#2703,1.);
#2703 = DIRECTION('',(1.,0.,0.));
#2704 = FACE_BOUND('',#2705,.F.);
#2705 = EDGE_LOOP('',(#2706,#2716,#2724,#2732));
#2706 = ORIENTED_EDGE('',*,*,#2707,.T.);
#2707 = EDGE_CURVE('',#2708,#2710,#2712,.T.);
#2708 = VERTEX_POINT('',#2709);
#2709 = CARTESIAN_POINT('',(-23.8,-86.5,-3.));
#2710 = VERTEX_POINT('',#2711);
#2711 = CARTESIAN_POINT('',(-5.4,-86.5,-3.));
#2712 = LINE('',#2713,#2714);
#2713 = CARTESIAN_POINT('',(-5.599998366814,-86.5,-3.));
#2714 = VECTOR('',#2715,1.);
#2715 = DIRECTION('',(1.,0.,0.));
#2716 = ORIENTED_EDGE('',*,*,#2717,.T.);
#2717 = EDGE_CURVE('',#2710,#2718,#2720,.T.);
#2718 = VERTEX_POINT('',#2719);
#2719 = CARTESIAN_POINT('',(-5.4,-89.5,-3.));
#2720 = LINE('',#2721,#2722);
#2721 = CARTESIAN_POINT('',(-5.4,-38.5,-3.));
#2722 = VECTOR('',#2723,1.);
#2723 = DIRECTION('',(0.,-1.,0.));
#2724 = ORIENTED_EDGE('',*,*,#2725,.T.);
#2725 = EDGE_CURVE('',#2718,#2726,#2728,.T.);
#2726 = VERTEX_POINT('',#2727);
#2727 = CARTESIAN_POINT('',(-23.8,-89.5,-3.));
#2728 = LINE('',#2729,#2730);
#2729 = CARTESIAN_POINT('',(-57.59999836681,-89.5,-3.));
#2730 = VECTOR('',#2731,1.);
#2731 = DIRECTION('',(-1.,0.,0.));
#2732 = ORIENTED_EDGE('',*,*,#2733,.T.);
#2733 = EDGE_CURVE('',#2726,#2708,#2734,.T.);
#2734 = LINE('',#2735,#2736);
#2735 = CARTESIAN_POINT('',(-23.8,-201.5,-3.));
#2736 = VECTOR('',#2737,1.);
#2737 = DIRECTION('',(0.,1.,0.));
#2738 = FACE_BOUND('',#2739,.F.);
#2739 = EDGE_LOOP('',(#2740,#2750,#2758,#2766));
#2740 = ORIENTED_EDGE('',*,*,#2741,.T.);
#2741 = EDGE_CURVE('',#2742,#2744,#2746,.T.);
#2742 = VERTEX_POINT('',#2743);
#2743 = CARTESIAN_POINT('',(-23.8,-78.5,-3.));
#2744 = VERTEX_POINT('',#2745);
#2745 = CARTESIAN_POINT('',(-5.4,-78.5,-3.));
#2746 = LINE('',#2747,#2748);
#2747 = CARTESIAN_POINT('',(-5.599998366814,-78.5,-3.));
#2748 = VECTOR('',#2749,1.);
#2749 = DIRECTION('',(1.,0.,0.));
#2750 = ORIENTED_EDGE('',*,*,#2751,.T.);
#2751 = EDGE_CURVE('',#2744,#2752,#2754,.T.);
#2752 = VERTEX_POINT('',#2753);
#2753 = CARTESIAN_POINT('',(-5.4,-81.5,-3.));
#2754 = LINE('',#2755,#2756);
#2755 = CARTESIAN_POINT('',(-5.4,-38.5,-3.));
#2756 = VECTOR('',#2757,1.);
#2757 = DIRECTION('',(0.,-1.,0.));
#2758 = ORIENTED_EDGE('',*,*,#2759,.T.);
#2759 = EDGE_CURVE('',#2752,#2760,#2762,.T.);
#2760 = VERTEX_POINT('',#2761);
#2761 = CARTESIAN_POINT('',(-23.8,-81.5,-3.));
#2762 = LINE('',#2763,#2764);
#2763 = CARTESIAN_POINT('',(-57.59999836681,-81.5,-3.));
#2764 = VECTOR('',#2765,1.);
#2765 = DIRECTION('',(-1.,0.,0.));
#2766 = ORIENTED_EDGE('',*,*,#2767,.T.);
#2767 = EDGE_CURVE('',#2760,#2742,#2768,.T.);
#2768 = LINE('',#2769,#2770);
#2769 = CARTESIAN_POINT('',(-23.8,-201.5,-3.));
#2770 = VECTOR('',#2771,1.);
#2771 = DIRECTION('',(0.,1.,0.));
#2772 = FACE_BOUND('',#2773,.F.);
#2773 = EDGE_LOOP('',(#2774,#2784,#2792,#2800));
#2774 = ORIENTED_EDGE('',*,*,#2775,.T.);
#2775 = EDGE_CURVE('',#2776,#2778,#2780,.T.);
#2776 = VERTEX_POINT('',#2777);
#2777 = CARTESIAN_POINT('',(-23.8,-70.5,-3.));
#2778 = VERTEX_POINT('',#2779);
#2779 = CARTESIAN_POINT('',(-5.4,-70.5,-3.));
#2780 = LINE('',#2781,#2782);
#2781 = CARTESIAN_POINT('',(-5.599998366814,-70.5,-3.));
#2782 = VECTOR('',#2783,1.);
#2783 = DIRECTION('',(1.,0.,0.));
#2784 = ORIENTED_EDGE('',*,*,#2785,.T.);
#2785 = EDGE_CURVE('',#2778,#2786,#2788,.T.);
#2786 = VERTEX_POINT('',#2787);
#2787 = CARTESIAN_POINT('',(-5.4,-73.5,-3.));
#2788 = LINE('',#2789,#2790);
#2789 = CARTESIAN_POINT('',(-5.4,-38.5,-3.));
#2790 = VECTOR('',#2791,1.);
#2791 = DIRECTION('',(0.,-1.,0.));
#2792 = ORIENTED_EDGE('',*,*,#2793,.T.);
#2793 = EDGE_CURVE('',#2786,#2794,#2796,.T.);
#2794 = VERTEX_POINT('',#2795);
#2795 = CARTESIAN_POINT('',(-23.8,-73.5,-3.));
#2796 = LINE('',#2797,#2798);
#2797 = CARTESIAN_POINT('',(-57.59999836681,-73.5,-3.));
#2798 = VECTOR('',#2799,1.);
#2799 = DIRECTION('',(-1.,0.,0.));
#2800 = ORIENTED_EDGE('',*,*,#2801,.T.);
#2801 = EDGE_CURVE('',#2794,#2776,#2802,.T.);
#2802 = LINE('',#2803,#2804);
#2803 = CARTESIAN_POINT('',(-23.8,-201.5,-3.));
#2804 = VECTOR('',#2805,1.);
#2805 = DIRECTION('',(0.,1.,0.));
#2806 = FACE_BOUND('',#2807,.F.);
#2807 = EDGE_LOOP('',(#2808,#2818,#2826,#2834));
#2808 = ORIENTED_EDGE('',*,*,#2809,.T.);
#2809 = EDGE_CURVE('',#2810,#2812,#2814,.T.);
#2810 = VERTEX_POINT('',#2811);
#2811 = CARTESIAN_POINT('',(-23.8,-62.5,-3.));
#2812 = VERTEX_POINT('',#2813);
#2813 = CARTESIAN_POINT('',(-5.4,-62.5,-3.));
#2814 = LINE('',#2815,#2816);
#2815 = CARTESIAN_POINT('',(-5.599998366814,-62.5,-3.));
#2816 = VECTOR('',#2817,1.);
#2817 = DIRECTION('',(1.,0.,0.));
#2818 = ORIENTED_EDGE('',*,*,#2819,.T.);
#2819 = EDGE_CURVE('',#2812,#2820,#2822,.T.);
#2820 = VERTEX_POINT('',#2821);
#2821 = CARTESIAN_POINT('',(-5.4,-65.5,-3.));
#2822 = LINE('',#2823,#2824);
#2823 = CARTESIAN_POINT('',(-5.4,-38.5,-3.));
#2824 = VECTOR('',#2825,1.);
#2825 = DIRECTION('',(0.,-1.,0.));
#2826 = ORIENTED_EDGE('',*,*,#2827,.T.);
#2827 = EDGE_CURVE('',#2820,#2828,#2830,.T.);
#2828 = VERTEX_POINT('',#2829);
#2829 = CARTESIAN_POINT('',(-23.8,-65.5,-3.));
#2830 = LINE('',#2831,#2832);
#2831 = CARTESIAN_POINT('',(-57.59999836681,-65.5,-3.));
#2832 = VECTOR('',#2833,1.);
#2833 = DIRECTION('',(-1.,0.,0.));
#2834 = ORIENTED_EDGE('',*,*,#2835,.T.);
#2835 = EDGE_CURVE('',#2828,#2810,#2836,.T.);
#2836 = LINE('',#2837,#2838);
#2837 = CARTESIAN_POINT('',(-23.8,-201.5,-3.));
#2838 = VECTOR('',#2839,1.);
#2839 = DIRECTION('',(0.,1.,0.));
#2840 = FACE_BOUND('',#2841,.F.);
#2841 = EDGE_LOOP('',(#2842,#2852,#2860,#2868));
#2842 = ORIENTED_EDGE('',*,*,#2843,.T.);
#2843 = EDGE_CURVE('',#2844,#2846,#2848,.T.);
#2844 = VERTEX_POINT('',#2845);
#2845 = CARTESIAN_POINT('',(-2.4,-118.5,-3.));
#2846 = VERTEX_POINT('',#2847);
#2847 = CARTESIAN_POINT('',(16.,-118.5,-3.));
#2848 = LINE('',#2849,#2850);
#2849 = CARTESIAN_POINT('',(-5.599998366814,-118.5,-3.));
#2850 = VECTOR('',#2851,1.);
#2851 = DIRECTION('',(1.,0.,0.));
#2852 = ORIENTED_EDGE('',*,*,#2853,.T.);
#2853 = EDGE_CURVE('',#2846,#2854,#2856,.T.);
#2854 = VERTEX_POINT('',#2855);
#2855 = CARTESIAN_POINT('',(16.,-121.5,-3.));
#2856 = LINE('',#2857,#2858);
#2857 = CARTESIAN_POINT('',(16.,-38.5,-3.));
#2858 = VECTOR('',#2859,1.);
#2859 = DIRECTION('',(0.,-1.,0.));
#2860 = ORIENTED_EDGE('',*,*,#2861,.T.);
#2861 = EDGE_CURVE('',#2854,#2862,#2864,.T.);
#2862 = VERTEX_POINT('',#2863);
#2863 = CARTESIAN_POINT('',(-2.4,-121.5,-3.));
#2864 = LINE('',#2865,#2866);
#2865 = CARTESIAN_POINT('',(-57.59999836681,-121.5,-3.));
#2866 = VECTOR('',#2867,1.);
#2867 = DIRECTION('',(-1.,0.,0.));
#2868 = ORIENTED_EDGE('',*,*,#2869,.T.);
#2869 = EDGE_CURVE('',#2862,#2844,#2870,.T.);
#2870 = LINE('',#2871,#2872);
#2871 = CARTESIAN_POINT('',(-2.4,-201.5,-3.));
#2872 = VECTOR('',#2873,1.);
#2873 = DIRECTION('',(0.,1.,0.));
#2874 = FACE_BOUND('',#2875,.F.);
#2875 = EDGE_LOOP('',(#2876,#2886,#2894,#2902));
#2876 = ORIENTED_EDGE('',*,*,#2877,.T.);
#2877 = EDGE_CURVE('',#2878,#2880,#2882,.T.);
#2878 = VERTEX_POINT('',#2879);
#2879 = CARTESIAN_POINT('',(-2.4,-110.5,-3.));
#2880 = VERTEX_POINT('',#2881);
#2881 = CARTESIAN_POINT('',(16.,-110.5,-3.));
#2882 = LINE('',#2883,#2884);
#2883 = CARTESIAN_POINT('',(-5.599998366814,-110.5,-3.));
#2884 = VECTOR('',#2885,1.);
#2885 = DIRECTION('',(1.,0.,0.));
#2886 = ORIENTED_EDGE('',*,*,#2887,.T.);
#2887 = EDGE_CURVE('',#2880,#2888,#2890,.T.);
#2888 = VERTEX_POINT('',#2889);
#2889 = CARTESIAN_POINT('',(16.,-113.5,-3.));
#2890 = LINE('',#2891,#2892);
#2891 = CARTESIAN_POINT('',(16.,-38.5,-3.));
#2892 = VECTOR('',#2893,1.);
#2893 = DIRECTION('',(0.,-1.,0.));
#2894 = ORIENTED_EDGE('',*,*,#2895,.T.);
#2895 = EDGE_CURVE('',#2888,#2896,#2898,.T.);
#2896 = VERTEX_POINT('',#2897);
#2897 = CARTESIAN_POINT('',(-2.4,-113.5,-3.));
#2898 = LINE('',#2899,#2900);
#2899 = CARTESIAN_POINT('',(-57.59999836681,-113.5,-3.));
#2900 = VECTOR('',#2901,1.);
#2901 = DIRECTION('',(-1.,0.,0.));
#2902 = ORIENTED_EDGE('',*,*,#2903,.T.);
#2903 = EDGE_CURVE('',#2896,#2878,#2904,.T.);
#2904 = LINE('',#2905,#2906);
#2905 = CARTESIAN_POINT('',(-2.4,-201.5,-3.));
#2906 = VECTOR('',#2907,1.);
#2907 = DIRECTION('',(0.,1.,0.));
#2908 = FACE_BOUND('',#2909,.F.);
#2909 = EDGE_LOOP('',(#2910,#2920,#2928,#2936));
#2910 = ORIENTED_EDGE('',*,*,#2911,.T.);
#2911 = EDGE_CURVE('',#2912,#2914,#2916,.T.);
#2912 = VERTEX_POINT('',#2913);
#2913 = CARTESIAN_POINT('',(-2.4,-102.5,-3.));
#2914 = VERTEX_POINT('',#2915);
#2915 = CARTESIAN_POINT('',(16.,-102.5,-3.));
#2916 = LINE('',#2917,#2918);
#2917 = CARTESIAN_POINT('',(-5.599998366814,-102.5,-3.));
#2918 = VECTOR('',#2919,1.);
#2919 = DIRECTION('',(1.,0.,0.));
#2920 = ORIENTED_EDGE('',*,*,#2921,.T.);
#2921 = EDGE_CURVE('',#2914,#2922,#2924,.T.);
#2922 = VERTEX_POINT('',#2923);
#2923 = CARTESIAN_POINT('',(16.,-105.5,-3.));
#2924 = LINE('',#2925,#2926);
#2925 = CARTESIAN_POINT('',(16.,-38.5,-3.));
#2926 = VECTOR('',#2927,1.);
#2927 = DIRECTION('',(0.,-1.,0.));
#2928 = ORIENTED_EDGE('',*,*,#2929,.T.);
#2929 = EDGE_CURVE('',#2922,#2930,#2932,.T.);
#2930 = VERTEX_POINT('',#2931);
#2931 = CARTESIAN_POINT('',(-2.4,-105.5,-3.));
#2932 = LINE('',#2933,#2934);
#2933 = CARTESIAN_POINT('',(-57.59999836681,-105.5,-3.));
#2934 = VECTOR('',#2935,1.);
#2935 = DIRECTION('',(-1.,0.,0.));
#2936 = ORIENTED_EDGE('',*,*,#2937,.T.);
#2937 = EDGE_CURVE('',#2930,#2912,#2938,.T.);
#2938 = LINE('',#2939,#2940);
#2939 = CARTESIAN_POINT('',(-2.4,-201.5,-3.));
#2940 = VECTOR('',#2941,1.);
#2941 = DIRECTION('',(0.,1.,0.));
#2942 = FACE_BOUND('',#2943,.F.);
#2943 = EDGE_LOOP('',(#2944,#2954,#2962,#2970));
#2944 = ORIENTED_EDGE('',*,*,#2945,.T.);
#2945 = EDGE_CURVE('',#2946,#2948,#2950,.T.);
#2946 = VERTEX_POINT('',#2947);
#2947 = CARTESIAN_POINT('',(-2.4,-94.5,-3.));
#2948 = VERTEX_POINT('',#2949);
#2949 = CARTESIAN_POINT('',(16.,-94.5,-3.));
#2950 = LINE('',#2951,#2952);
#2951 = CARTESIAN_POINT('',(-5.599998366814,-94.5,-3.));
#2952 = VECTOR('',#2953,1.);
#2953 = DIRECTION('',(1.,0.,0.));
#2954 = ORIENTED_EDGE('',*,*,#2955,.T.);
#2955 = EDGE_CURVE('',#2948,#2956,#2958,.T.);
#2956 = VERTEX_POINT('',#2957);
#2957 = CARTESIAN_POINT('',(16.,-97.5,-3.));
#2958 = LINE('',#2959,#2960);
#2959 = CARTESIAN_POINT('',(16.,-38.5,-3.));
#2960 = VECTOR('',#2961,1.);
#2961 = DIRECTION('',(0.,-1.,0.));
#2962 = ORIENTED_EDGE('',*,*,#2963,.T.);
#2963 = EDGE_CURVE('',#2956,#2964,#2966,.T.);
#2964 = VERTEX_POINT('',#2965);
#2965 = CARTESIAN_POINT('',(-2.4,-97.5,-3.));
#2966 = LINE('',#2967,#2968);
#2967 = CARTESIAN_POINT('',(-57.59999836681,-97.5,-3.));
#2968 = VECTOR('',#2969,1.);
#2969 = DIRECTION('',(-1.,0.,0.));
#2970 = ORIENTED_EDGE('',*,*,#2971,.T.);
#2971 = EDGE_CURVE('',#2964,#2946,#2972,.T.);
#2972 = LINE('',#2973,#2974);
#2973 = CARTESIAN_POINT('',(-2.4,-201.5,-3.));
#2974 = VECTOR('',#2975,1.);
#2975 = DIRECTION('',(0.,1.,0.));
#2976 = FACE_BOUND('',#2977,.F.);
#2977 = EDGE_LOOP('',(#2978,#2988,#2996,#3004));
#2978 = ORIENTED_EDGE('',*,*,#2979,.T.);
#2979 = EDGE_CURVE('',#2980,#2982,#2984,.T.);
#2980 = VERTEX_POINT('',#2981);
#2981 = CARTESIAN_POINT('',(-2.4,-86.5,-3.));
#2982 = VERTEX_POINT('',#2983);
#2983 = CARTESIAN_POINT('',(16.,-86.5,-3.));
#2984 = LINE('',#2985,#2986);
#2985 = CARTESIAN_POINT('',(-5.599998366814,-86.5,-3.));
#2986 = VECTOR('',#2987,1.);
#2987 = DIRECTION('',(1.,0.,0.));
#2988 = ORIENTED_EDGE('',*,*,#2989,.T.);
#2989 = EDGE_CURVE('',#2982,#2990,#2992,.T.);
#2990 = VERTEX_POINT('',#2991);
#2991 = CARTESIAN_POINT('',(16.,-89.5,-3.));
#2992 = LINE('',#2993,#2994);
#2993 = CARTESIAN_POINT('',(16.,-38.5,-3.));
#2994 = VECTOR('',#2995,1.);
#2995 = DIRECTION('',(0.,-1.,0.));
#2996 = ORIENTED_EDGE('',*,*,#2997,.T.);
#2997 = EDGE_CURVE('',#2990,#2998,#3000,.T.);
#2998 = VERTEX_POINT('',#2999);
#2999 = CARTESIAN_POINT('',(-2.4,-89.5,-3.));
#3000 = LINE('',#3001,#3002);
#3001 = CARTESIAN_POINT('',(-57.59999836681,-89.5,-3.));
#3002 = VECTOR('',#3003,1.);
#3003 = DIRECTION('',(-1.,0.,0.));
#3004 = ORIENTED_EDGE('',*,*,#3005,.T.);
#3005 = EDGE_CURVE('',#2998,#2980,#3006,.T.);
#3006 = LINE('',#3007,#3008);
#3007 = CARTESIAN_POINT('',(-2.4,-201.5,-3.));
#3008 = VECTOR('',#3009,1.);
#3009 = DIRECTION('',(0.,1.,0.));
#3010 = FACE_BOUND('',#3011,.F.);
#3011 = EDGE_LOOP('',(#3012,#3022,#3030,#3038));
#3012 = ORIENTED_EDGE('',*,*,#3013,.T.);
#3013 = EDGE_CURVE('',#3014,#3016,#3018,.T.);
#3014 = VERTEX_POINT('',#3015);
#3015 = CARTESIAN_POINT('',(-2.4,-78.5,-3.));
#3016 = VERTEX_POINT('',#3017);
#3017 = CARTESIAN_POINT('',(16.,-78.5,-3.));
#3018 = LINE('',#3019,#3020);
#3019 = CARTESIAN_POINT('',(-5.599998366814,-78.5,-3.));
#3020 = VECTOR('',#3021,1.);
#3021 = DIRECTION('',(1.,0.,0.));
#3022 = ORIENTED_EDGE('',*,*,#3023,.T.);
#3023 = EDGE_CURVE('',#3016,#3024,#3026,.T.);
#3024 = VERTEX_POINT('',#3025);
#3025 = CARTESIAN_POINT('',(16.,-81.5,-3.));
#3026 = LINE('',#3027,#3028);
#3027 = CARTESIAN_POINT('',(16.,-38.5,-3.));
#3028 = VECTOR('',#3029,1.);
#3029 = DIRECTION('',(0.,-1.,0.));
#3030 = ORIENTED_EDGE('',*,*,#3031,.T.);
#3031 = EDGE_CURVE('',#3024,#3032,#3034,.T.);
#3032 = VERTEX_POINT('',#3033);
#3033 = CARTESIAN_POINT('',(-2.4,-81.5,-3.));
#3034 = LINE('',#3035,#3036);
#3035 = CARTESIAN_POINT('',(-57.59999836681,-81.5,-3.));
#3036 = VECTOR('',#3037,1.);
#3037 = DIRECTION('',(-1.,0.,0.));
#3038 = ORIENTED_EDGE('',*,*,#3039,.T.);
#3039 = EDGE_CURVE('',#3032,#3014,#3040,.T.);
#3040 = LINE('',#3041,#3042);
#3041 = CARTESIAN_POINT('',(-2.4,-201.5,-3.));
#3042 = VECTOR('',#3043,1.);
#3043 = DIRECTION('',(0.,1.,0.));
#3044 = FACE_BOUND('',#3045,.F.);
#3045 = EDGE_LOOP('',(#3046,#3056,#3064,#3072));
#3046 = ORIENTED_EDGE('',*,*,#3047,.T.);
#3047 = EDGE_CURVE('',#3048,#3050,#3052,.T.);
#3048 = VERTEX_POINT('',#3049);
#3049 = CARTESIAN_POINT('',(-2.4,-70.5,-3.));
#3050 = VERTEX_POINT('',#3051);
#3051 = CARTESIAN_POINT('',(16.,-70.5,-3.));
#3052 = LINE('',#3053,#3054);
#3053 = CARTESIAN_POINT('',(-5.599998366814,-70.5,-3.));
#3054 = VECTOR('',#3055,1.);
#3055 = DIRECTION('',(1.,0.,0.));
#3056 = ORIENTED_EDGE('',*,*,#3057,.T.);
#3057 = EDGE_CURVE('',#3050,#3058,#3060,.T.);
#3058 = VERTEX_POINT('',#3059);
#3059 = CARTESIAN_POINT('',(16.,-73.5,-3.));
#3060 = LINE('',#3061,#3062);
#3061 = CARTESIAN_POINT('',(16.,-38.5,-3.));
#3062 = VECTOR('',#3063,1.);
#3063 = DIRECTION('',(0.,-1.,0.));
#3064 = ORIENTED_EDGE('',*,*,#3065,.T.);
#3065 = EDGE_CURVE('',#3058,#3066,#3068,.T.);
#3066 = VERTEX_POINT('',#3067);
#3067 = CARTESIAN_POINT('',(-2.4,-73.5,-3.));
#3068 = LINE('',#3069,#3070);
#3069 = CARTESIAN_POINT('',(-57.59999836681,-73.5,-3.));
#3070 = VECTOR('',#3071,1.);
#3071 = DIRECTION('',(-1.,0.,0.));
#3072 = ORIENTED_EDGE('',*,*,#3073,.T.);
#3073 = EDGE_CURVE('',#3066,#3048,#3074,.T.);
#3074 = LINE('',#3075,#3076);
#3075 = CARTESIAN_POINT('',(-2.4,-201.5,-3.));
#3076 = VECTOR('',#3077,1.);
#3077 = DIRECTION('',(0.,1.,0.));
#3078 = FACE_BOUND('',#3079,.F.);
#3079 = EDGE_LOOP('',(#3080,#3090,#3098,#3106));
#3080 = ORIENTED_EDGE('',*,*,#3081,.T.);
#3081 = EDGE_CURVE('',#3082,#3084,#3086,.T.);
#3082 = VERTEX_POINT('',#3083);
#3083 = CARTESIAN_POINT('',(-2.4,-62.5,-3.));
#3084 = VERTEX_POINT('',#3085);
#3085 = CARTESIAN_POINT('',(16.,-62.5,-3.));
#3086 = LINE('',#3087,#3088);
#3087 = CARTESIAN_POINT('',(-5.599998366814,-62.5,-3.));
#3088 = VECTOR('',#3089,1.);
#3089 = DIRECTION('',(1.,0.,0.));
#3090 = ORIENTED_EDGE('',*,*,#3091,.T.);
#3091 = EDGE_CURVE('',#3084,#3092,#3094,.T.);
#3092 = VERTEX_POINT('',#3093);
#3093 = CARTESIAN_POINT('',(16.,-65.5,-3.));
#3094 = LINE('',#3095,#3096);
#3095 = CARTESIAN_POINT('',(16.,-38.5,-3.));
#3096 = VECTOR('',#3097,1.);
#3097 = DIRECTION('',(0.,-1.,0.));
#3098 = ORIENTED_EDGE('',*,*,#3099,.T.);
#3099 = EDGE_CURVE('',#3092,#3100,#3102,.T.);
#3100 = VERTEX_POINT('',#3101);
#3101 = CARTESIAN_POINT('',(-2.4,-65.5,-3.));
#3102 = LINE('',#3103,#3104);
#3103 = CARTESIAN_POINT('',(-57.59999836681,-65.5,-3.));
#3104 = VECTOR('',#3105,1.);
#3105 = DIRECTION('',(-1.,0.,0.));
#3106 = ORIENTED_EDGE('',*,*,#3107,.T.);
#3107 = EDGE_CURVE('',#3100,#3082,#3108,.T.);
#3108 = LINE('',#3109,#3110);
#3109 = CARTESIAN_POINT('',(-2.4,-201.5,-3.));
#3110 = VECTOR('',#3111,1.);
#3111 = DIRECTION('',(0.,1.,0.));
#3112 = FACE_BOUND('',#3113,.F.);
#3113 = EDGE_LOOP('',(#3114,#3124,#3132,#3140));
#3114 = ORIENTED_EDGE('',*,*,#3115,.T.);
#3115 = EDGE_CURVE('',#3116,#3118,#3120,.T.);
#3116 = VERTEX_POINT('',#3117);
#3117 = CARTESIAN_POINT('',(-26.8,-54.5,-3.));
#3118 = VERTEX_POINT('',#3119);
#3119 = CARTESIAN_POINT('',(-26.8,-57.5,-3.));
#3120 = LINE('',#3121,#3122);
#3121 = CARTESIAN_POINT('',(-26.8,-38.5,-3.));
#3122 = VECTOR('',#3123,1.);
#3123 = DIRECTION('',(0.,-1.,0.));
#3124 = ORIENTED_EDGE('',*,*,#3125,.T.);
#3125 = EDGE_CURVE('',#3118,#3126,#3128,.T.);
#3126 = VERTEX_POINT('',#3127);
#3127 = CARTESIAN_POINT('',(-45.2,-57.5,-3.));
#3128 = LINE('',#3129,#3130);
#3129 = CARTESIAN_POINT('',(-57.59999836681,-57.5,-3.));
#3130 = VECTOR('',#3131,1.);
#3131 = DIRECTION('',(-1.,0.,0.));
#3132 = ORIENTED_EDGE('',*,*,#3133,.T.);
#3133 = EDGE_CURVE('',#3126,#3134,#3136,.T.);
#3134 = VERTEX_POINT('',#3135);
#3135 = CARTESIAN_POINT('',(-45.2,-54.5,-3.));
#3136 = LINE('',#3137,#3138);
#3137 = CARTESIAN_POINT('',(-45.2,-27.25,-3.));
#3138 = VECTOR('',#3139,1.);
#3139 = DIRECTION('',(0.,1.,-2.2E-16));
#3140 = ORIENTED_EDGE('',*,*,#3141,.T.);
#3141 = EDGE_CURVE('',#3134,#3116,#3142,.T.);
#3142 = LINE('',#3143,#3144);
#3143 = CARTESIAN_POINT('',(-5.599998366814,-54.5,-3.));
#3144 = VECTOR('',#3145,1.);
#3145 = DIRECTION('',(1.,0.,0.));
#3146 = FACE_BOUND('',#3147,.F.);
#3147 = EDGE_LOOP('',(#3148,#3158,#3166,#3174));
#3148 = ORIENTED_EDGE('',*,*,#3149,.T.);
#3149 = EDGE_CURVE('',#3150,#3152,#3154,.T.);
#3150 = VERTEX_POINT('',#3151);
#3151 = CARTESIAN_POINT('',(-26.8,-46.5,-3.));
#3152 = VERTEX_POINT('',#3153);
#3153 = CARTESIAN_POINT('',(-26.8,-49.5,-3.));
#3154 = LINE('',#3155,#3156);
#3155 = CARTESIAN_POINT('',(-26.8,-38.5,-3.));
#3156 = VECTOR('',#3157,1.);
#3157 = DIRECTION('',(0.,-1.,0.));
#3158 = ORIENTED_EDGE('',*,*,#3159,.T.);
#3159 = EDGE_CURVE('',#3152,#3160,#3162,.T.);
#3160 = VERTEX_POINT('',#3161);
#3161 = CARTESIAN_POINT('',(-45.2,-49.5,-3.));
#3162 = LINE('',#3163,#3164);
#3163 = CARTESIAN_POINT('',(-57.59999836681,-49.5,-3.));
#3164 = VECTOR('',#3165,1.);
#3165 = DIRECTION('',(-1.,0.,0.));
#3166 = ORIENTED_EDGE('',*,*,#3167,.T.);
#3167 = EDGE_CURVE('',#3160,#3168,#3170,.T.);
#3168 = VERTEX_POINT('',#3169);
#3169 = CARTESIAN_POINT('',(-45.2,-46.5,-3.));
#3170 = LINE('',#3171,#3172);
#3171 = CARTESIAN_POINT('',(-45.2,-23.25,-3.));
#3172 = VECTOR('',#3173,1.);
#3173 = DIRECTION('',(0.,1.,-2.2E-16));
#3174 = ORIENTED_EDGE('',*,*,#3175,.T.);
#3175 = EDGE_CURVE('',#3168,#3150,#3176,.T.);
#3176 = LINE('',#3177,#3178);
#3177 = CARTESIAN_POINT('',(-5.599998366814,-46.5,-3.));
#3178 = VECTOR('',#3179,1.);
#3179 = DIRECTION('',(1.,0.,0.));
#3180 = FACE_BOUND('',#3181,.F.);
#3181 = EDGE_LOOP('',(#3182,#3192,#3200,#3208));
#3182 = ORIENTED_EDGE('',*,*,#3183,.T.);
#3183 = EDGE_CURVE('',#3184,#3186,#3188,.T.);
#3184 = VERTEX_POINT('',#3185);
#3185 = CARTESIAN_POINT('',(-26.8,-38.5,-3.));
#3186 = VERTEX_POINT('',#3187);
#3187 = CARTESIAN_POINT('',(-26.8,-41.5,-3.));
#3188 = LINE('',#3189,#3190);
#3189 = CARTESIAN_POINT('',(-26.8,-38.5,-3.));
#3190 = VECTOR('',#3191,1.);
#3191 = DIRECTION('',(0.,-1.,0.));
#3192 = ORIENTED_EDGE('',*,*,#3193,.T.);
#3193 = EDGE_CURVE('',#3186,#3194,#3196,.T.);
#3194 = VERTEX_POINT('',#3195);
#3195 = CARTESIAN_POINT('',(-45.2,-41.5,-3.));
#3196 = LINE('',#3197,#3198);
#3197 = CARTESIAN_POINT('',(-57.59999836681,-41.5,-3.));
#3198 = VECTOR('',#3199,1.);
#3199 = DIRECTION('',(-1.,0.,0.));
#3200 = ORIENTED_EDGE('',*,*,#3201,.T.);
#3201 = EDGE_CURVE('',#3194,#3202,#3204,.T.);
#3202 = VERTEX_POINT('',#3203);
#3203 = CARTESIAN_POINT('',(-45.2,-38.5,-3.));
#3204 = LINE('',#3205,#3206);
#3205 = CARTESIAN_POINT('',(-45.2,-19.25,-3.));
#3206 = VECTOR('',#3207,1.);
#3207 = DIRECTION('',(0.,1.,-2.2E-16));
#3208 = ORIENTED_EDGE('',*,*,#3209,.T.);
#3209 = EDGE_CURVE('',#3202,#3184,#3210,.T.);
#3210 = LINE('',#3211,#3212);
#3211 = CARTESIAN_POINT('',(-5.599998366814,-38.5,-3.));
#3212 = VECTOR('',#3213,1.);
#3213 = DIRECTION('',(1.,0.,0.));
#3214 = FACE_BOUND('',#3215,.F.);
#3215 = EDGE_LOOP('',(#3216,#3226,#3234,#3242));
#3216 = ORIENTED_EDGE('',*,*,#3217,.T.);
#3217 = EDGE_CURVE('',#3218,#3220,#3222,.T.);
#3218 = VERTEX_POINT('',#3219);
#3219 = CARTESIAN_POINT('',(-23.8,-54.5,-3.));
#3220 = VERTEX_POINT('',#3221);
#3221 = CARTESIAN_POINT('',(-5.4,-54.5,-3.));
#3222 = LINE('',#3223,#3224);
#3223 = CARTESIAN_POINT('',(-5.599998366814,-54.5,-3.));
#3224 = VECTOR('',#3225,1.);
#3225 = DIRECTION('',(1.,0.,0.));
#3226 = ORIENTED_EDGE('',*,*,#3227,.T.);
#3227 = EDGE_CURVE('',#3220,#3228,#3230,.T.);
#3228 = VERTEX_POINT('',#3229);
#3229 = CARTESIAN_POINT('',(-5.4,-57.5,-3.));
#3230 = LINE('',#3231,#3232);
#3231 = CARTESIAN_POINT('',(-5.4,-38.5,-3.));
#3232 = VECTOR('',#3233,1.);
#3233 = DIRECTION('',(0.,-1.,0.));
#3234 = ORIENTED_EDGE('',*,*,#3235,.T.);
#3235 = EDGE_CURVE('',#3228,#3236,#3238,.T.);
#3236 = VERTEX_POINT('',#3237);
#3237 = CARTESIAN_POINT('',(-23.8,-57.5,-3.));
#3238 = LINE('',#3239,#3240);
#3239 = CARTESIAN_POINT('',(-57.59999836681,-57.5,-3.));
#3240 = VECTOR('',#3241,1.);
#3241 = DIRECTION('',(-1.,0.,0.));
#3242 = ORIENTED_EDGE('',*,*,#3243,.T.);
#3243 = EDGE_CURVE('',#3236,#3218,#3244,.T.);
#3244 = LINE('',#3245,#3246);
#3245 = CARTESIAN_POINT('',(-23.8,-201.5,-3.));
#3246 = VECTOR('',#3247,1.);
#3247 = DIRECTION('',(0.,1.,0.));
#3248 = FACE_BOUND('',#3249,.F.);
#3249 = EDGE_LOOP('',(#3250,#3260,#3268,#3276));
#3250 = ORIENTED_EDGE('',*,*,#3251,.T.);
#3251 = EDGE_CURVE('',#3252,#3254,#3256,.T.);
#3252 = VERTEX_POINT('',#3253);
#3253 = CARTESIAN_POINT('',(-23.8,-46.5,-3.));
#3254 = VERTEX_POINT('',#3255);
#3255 = CARTESIAN_POINT('',(-5.4,-46.5,-3.));
#3256 = LINE('',#3257,#3258);
#3257 = CARTESIAN_POINT('',(-5.599998366814,-46.5,-3.));
#3258 = VECTOR('',#3259,1.);
#3259 = DIRECTION('',(1.,0.,0.));
#3260 = ORIENTED_EDGE('',*,*,#3261,.T.);
#3261 = EDGE_CURVE('',#3254,#3262,#3264,.T.);
#3262 = VERTEX_POINT('',#3263);
#3263 = CARTESIAN_POINT('',(-5.4,-49.5,-3.));
#3264 = LINE('',#3265,#3266);
#3265 = CARTESIAN_POINT('',(-5.4,-38.5,-3.));
#3266 = VECTOR('',#3267,1.);
#3267 = DIRECTION('',(0.,-1.,0.));
#3268 = ORIENTED_EDGE('',*,*,#3269,.T.);
#3269 = EDGE_CURVE('',#3262,#3270,#3272,.T.);
#3270 = VERTEX_POINT('',#3271);
#3271 = CARTESIAN_POINT('',(-23.8,-49.5,-3.));
#3272 = LINE('',#3273,#3274);
#3273 = CARTESIAN_POINT('',(-57.59999836681,-49.5,-3.));
#3274 = VECTOR('',#3275,1.);
#3275 = DIRECTION('',(-1.,0.,0.));
#3276 = ORIENTED_EDGE('',*,*,#3277,.T.);
#3277 = EDGE_CURVE('',#3270,#3252,#3278,.T.);
#3278 = LINE('',#3279,#3280);
#3279 = CARTESIAN_POINT('',(-23.8,-201.5,-3.));
#3280 = VECTOR('',#3281,1.);
#3281 = DIRECTION('',(0.,1.,0.));
#3282 = FACE_BOUND('',#3283,.F.);
#3283 = EDGE_LOOP('',(#3284,#3294,#3302,#3310));
#3284 = ORIENTED_EDGE('',*,*,#3285,.T.);
#3285 = EDGE_CURVE('',#3286,#3288,#3290,.T.);
#3286 = VERTEX_POINT('',#3287);
#3287 = CARTESIAN_POINT('',(-5.4,-38.5,-3.));
#3288 = VERTEX_POINT('',#3289);
#3289 = CARTESIAN_POINT('',(-5.4,-41.5,-3.));
#3290 = LINE('',#3291,#3292);
#3291 = CARTESIAN_POINT('',(-5.4,-38.5,-3.));
#3292 = VECTOR('',#3293,1.);
#3293 = DIRECTION('',(0.,-1.,0.));
#3294 = ORIENTED_EDGE('',*,*,#3295,.T.);
#3295 = EDGE_CURVE('',#3288,#3296,#3298,.T.);
#3296 = VERTEX_POINT('',#3297);
#3297 = CARTESIAN_POINT('',(-23.8,-41.5,-3.));
#3298 = LINE('',#3299,#3300);
#3299 = CARTESIAN_POINT('',(-57.59999836681,-41.5,-3.));
#3300 = VECTOR('',#3301,1.);
#3301 = DIRECTION('',(-1.,0.,0.));
#3302 = ORIENTED_EDGE('',*,*,#3303,.T.);
#3303 = EDGE_CURVE('',#3296,#3304,#3306,.T.);
#3304 = VERTEX_POINT('',#3305);
#3305 = CARTESIAN_POINT('',(-23.8,-38.5,-3.));
#3306 = LINE('',#3307,#3308);
#3307 = CARTESIAN_POINT('',(-23.8,-201.5,-3.));
#3308 = VECTOR('',#3309,1.);
#3309 = DIRECTION('',(0.,1.,0.));
#3310 = ORIENTED_EDGE('',*,*,#3311,.T.);
#3311 = EDGE_CURVE('',#3304,#3286,#3312,.T.);
#3312 = LINE('',#3313,#3314);
#3313 = CARTESIAN_POINT('',(-5.599998366814,-38.5,-3.));
#3314 = VECTOR('',#3315,1.);
#3315 = DIRECTION('',(1.,0.,0.));
#3316 = FACE_BOUND('',#3317,.F.);
#3317 = EDGE_LOOP('',(#3318,#3328,#3336,#3344));
#3318 = ORIENTED_EDGE('',*,*,#3319,.T.);
#3319 = EDGE_CURVE('',#3320,#3322,#3324,.T.);
#3320 = VERTEX_POINT('',#3321);
#3321 = CARTESIAN_POINT('',(-2.4,-54.5,-3.));
#3322 = VERTEX_POINT('',#3323);
#3323 = CARTESIAN_POINT('',(16.,-54.5,-3.));
#3324 = LINE('',#3325,#3326);
#3325 = CARTESIAN_POINT('',(-5.599998366814,-54.5,-3.));
#3326 = VECTOR('',#3327,1.);
#3327 = DIRECTION('',(1.,0.,0.));
#3328 = ORIENTED_EDGE('',*,*,#3329,.T.);
#3329 = EDGE_CURVE('',#3322,#3330,#3332,.T.);
#3330 = VERTEX_POINT('',#3331);
#3331 = CARTESIAN_POINT('',(16.,-57.5,-3.));
#3332 = LINE('',#3333,#3334);
#3333 = CARTESIAN_POINT('',(16.,-38.5,-3.));
#3334 = VECTOR('',#3335,1.);
#3335 = DIRECTION('',(0.,-1.,0.));
#3336 = ORIENTED_EDGE('',*,*,#3337,.T.);
#3337 = EDGE_CURVE('',#3330,#3338,#3340,.T.);
#3338 = VERTEX_POINT('',#3339);
#3339 = CARTESIAN_POINT('',(-2.4,-57.5,-3.));
#3340 = LINE('',#3341,#3342);
#3341 = CARTESIAN_POINT('',(-57.59999836681,-57.5,-3.));
#3342 = VECTOR('',#3343,1.);
#3343 = DIRECTION('',(-1.,0.,0.));
#3344 = ORIENTED_EDGE('',*,*,#3345,.T.);
#3345 = EDGE_CURVE('',#3338,#3320,#3346,.T.);
#3346 = LINE('',#3347,#3348);
#3347 = CARTESIAN_POINT('',(-2.4,-201.5,-3.));
#3348 = VECTOR('',#3349,1.);
#3349 = DIRECTION('',(0.,1.,0.));
#3350 = FACE_BOUND('',#3351,.F.);
#3351 = EDGE_LOOP('',(#3352,#3362,#3370,#3378));
#3352 = ORIENTED_EDGE('',*,*,#3353,.T.);
#3353 = EDGE_CURVE('',#3354,#3356,#3358,.T.);
#3354 = VERTEX_POINT('',#3355);
#3355 = CARTESIAN_POINT('',(-2.4,-46.5,-3.));
#3356 = VERTEX_POINT('',#3357);
#3357 = CARTESIAN_POINT('',(16.,-46.5,-3.));
#3358 = LINE('',#3359,#3360);
#3359 = CARTESIAN_POINT('',(-5.599998366814,-46.5,-3.));
#3360 = VECTOR('',#3361,1.);
#3361 = DIRECTION('',(1.,0.,0.));
#3362 = ORIENTED_EDGE('',*,*,#3363,.T.);
#3363 = EDGE_CURVE('',#3356,#3364,#3366,.T.);
#3364 = VERTEX_POINT('',#3365);
#3365 = CARTESIAN_POINT('',(16.,-49.5,-3.));
#3366 = LINE('',#3367,#3368);
#3367 = CARTESIAN_POINT('',(16.,-38.5,-3.));
#3368 = VECTOR('',#3369,1.);
#3369 = DIRECTION('',(0.,-1.,0.));
#3370 = ORIENTED_EDGE('',*,*,#3371,.T.);
#3371 = EDGE_CURVE('',#3364,#3372,#3374,.T.);
#3372 = VERTEX_POINT('',#3373);
#3373 = CARTESIAN_POINT('',(-2.4,-49.5,-3.));
#3374 = LINE('',#3375,#3376);
#3375 = CARTESIAN_POINT('',(-57.59999836681,-49.5,-3.));
#3376 = VECTOR('',#3377,1.);
#3377 = DIRECTION('',(-1.,0.,0.));
#3378 = ORIENTED_EDGE('',*,*,#3379,.T.);
#3379 = EDGE_CURVE('',#3372,#3354,#3380,.T.);
#3380 = LINE('',#3381,#3382);
#3381 = CARTESIAN_POINT('',(-2.4,-201.5,-3.));
#3382 = VECTOR('',#3383,1.);
#3383 = DIRECTION('',(0.,1.,0.));
#3384 = FACE_BOUND('',#3385,.F.);
#3385 = EDGE_LOOP('',(#3386,#3396,#3404,#3412));
#3386 = ORIENTED_EDGE('',*,*,#3387,.T.);
#3387 = EDGE_CURVE('',#3388,#3390,#3392,.T.);
#3388 = VERTEX_POINT('',#3389);
#3389 = CARTESIAN_POINT('',(16.,-38.5,-3.));
#3390 = VERTEX_POINT('',#3391);
#3391 = CARTESIAN_POINT('',(16.,-41.5,-3.));
#3392 = LINE('',#3393,#3394);
#3393 = CARTESIAN_POINT('',(16.,-38.5,-3.));
#3394 = VECTOR('',#3395,1.);
#3395 = DIRECTION('',(0.,-1.,0.));
#3396 = ORIENTED_EDGE('',*,*,#3397,.T.);
#3397 = EDGE_CURVE('',#3390,#3398,#3400,.T.);
#3398 = VERTEX_POINT('',#3399);
#3399 = CARTESIAN_POINT('',(-2.4,-41.5,-3.));
#3400 = LINE('',#3401,#3402);
#3401 = CARTESIAN_POINT('',(-57.59999836681,-41.5,-3.));
#3402 = VECTOR('',#3403,1.);
#3403 = DIRECTION('',(-1.,0.,0.));
#3404 = ORIENTED_EDGE('',*,*,#3405,.T.);
#3405 = EDGE_CURVE('',#3398,#3406,#3408,.T.);
#3406 = VERTEX_POINT('',#3407);
#3407 = CARTESIAN_POINT('',(-2.4,-38.5,-3.));
#3408 = LINE('',#3409,#3410);
#3409 = CARTESIAN_POINT('',(-2.4,-201.5,-3.));
#3410 = VECTOR('',#3411,1.);
#3411 = DIRECTION('',(0.,1.,0.));
#3412 = ORIENTED_EDGE('',*,*,#3413,.T.);
#3413 = EDGE_CURVE('',#3406,#3388,#3414,.T.);
#3414 = LINE('',#3415,#3416);
#3415 = CARTESIAN_POINT('',(-5.599998366814,-38.5,-3.));
#3416 = VECTOR('',#3417,1.);
#3417 = DIRECTION('',(1.,0.,0.));
#3418 = FACE_BOUND('',#3419,.F.);
#3419 = EDGE_LOOP('',(#3420,#3430,#3438,#3446));
#3420 = ORIENTED_EDGE('',*,*,#3421,.T.);
#3421 = EDGE_CURVE('',#3422,#3424,#3426,.T.);
#3422 = VERTEX_POINT('',#3423);
#3423 = CARTESIAN_POINT('',(19.,-118.5,-3.));
#3424 = VERTEX_POINT('',#3425);
#3425 = CARTESIAN_POINT('',(37.4,-118.5,-3.));
#3426 = LINE('',#3427,#3428);
#3427 = CARTESIAN_POINT('',(-5.599998366814,-118.5,-3.));
#3428 = VECTOR('',#3429,1.);
#3429 = DIRECTION('',(1.,0.,0.));
#3430 = ORIENTED_EDGE('',*,*,#3431,.T.);
#3431 = EDGE_CURVE('',#3424,#3432,#3434,.T.);
#3432 = VERTEX_POINT('',#3433);
#3433 = CARTESIAN_POINT('',(37.4,-121.5,-3.));
#3434 = LINE('',#3435,#3436);
#3435 = CARTESIAN_POINT('',(37.4,-38.5,-3.));
#3436 = VECTOR('',#3437,1.);
#3437 = DIRECTION('',(0.,-1.,0.));
#3438 = ORIENTED_EDGE('',*,*,#3439,.T.);
#3439 = EDGE_CURVE('',#3432,#3440,#3442,.T.);
#3440 = VERTEX_POINT('',#3441);
#3441 = CARTESIAN_POINT('',(19.,-121.5,-3.));
#3442 = LINE('',#3443,#3444);
#3443 = CARTESIAN_POINT('',(-57.59999836681,-121.5,-3.));
#3444 = VECTOR('',#3445,1.);
#3445 = DIRECTION('',(-1.,0.,0.));
#3446 = ORIENTED_EDGE('',*,*,#3447,.T.);
#3447 = EDGE_CURVE('',#3440,#3422,#3448,.T.);
#3448 = LINE('',#3449,#3450);
#3449 = CARTESIAN_POINT('',(19.,-201.5,-3.));
#3450 = VECTOR('',#3451,1.);
#3451 = DIRECTION('',(0.,1.,0.));
#3452 = FACE_BOUND('',#3453,.F.);
#3453 = EDGE_LOOP('',(#3454,#3464,#3472,#3480));
#3454 = ORIENTED_EDGE('',*,*,#3455,.T.);
#3455 = EDGE_CURVE('',#3456,#3458,#3460,.T.);
#3456 = VERTEX_POINT('',#3457);
#3457 = CARTESIAN_POINT('',(19.,-110.5,-3.));
#3458 = VERTEX_POINT('',#3459);
#3459 = CARTESIAN_POINT('',(37.4,-110.5,-3.));
#3460 = LINE('',#3461,#3462);
#3461 = CARTESIAN_POINT('',(-5.599998366814,-110.5,-3.));
#3462 = VECTOR('',#3463,1.);
#3463 = DIRECTION('',(1.,0.,0.));
#3464 = ORIENTED_EDGE('',*,*,#3465,.T.);
#3465 = EDGE_CURVE('',#3458,#3466,#3468,.T.);
#3466 = VERTEX_POINT('',#3467);
#3467 = CARTESIAN_POINT('',(37.4,-113.5,-3.));
#3468 = LINE('',#3469,#3470);
#3469 = CARTESIAN_POINT('',(37.4,-38.5,-3.));
#3470 = VECTOR('',#3471,1.);
#3471 = DIRECTION('',(0.,-1.,0.));
#3472 = ORIENTED_EDGE('',*,*,#3473,.T.);
#3473 = EDGE_CURVE('',#3466,#3474,#3476,.T.);
#3474 = VERTEX_POINT('',#3475);
#3475 = CARTESIAN_POINT('',(19.,-113.5,-3.));
#3476 = LINE('',#3477,#3478);
#3477 = CARTESIAN_POINT('',(-57.59999836681,-113.5,-3.));
#3478 = VECTOR('',#3479,1.);
#3479 = DIRECTION('',(-1.,0.,0.));
#3480 = ORIENTED_EDGE('',*,*,#3481,.T.);
#3481 = EDGE_CURVE('',#3474,#3456,#3482,.T.);
#3482 = LINE('',#3483,#3484);
#3483 = CARTESIAN_POINT('',(19.,-201.5,-3.));
#3484 = VECTOR('',#3485,1.);
#3485 = DIRECTION('',(0.,1.,0.));
#3486 = FACE_BOUND('',#3487,.F.);
#3487 = EDGE_LOOP('',(#3488,#3498,#3506,#3514));
#3488 = ORIENTED_EDGE('',*,*,#3489,.T.);
#3489 = EDGE_CURVE('',#3490,#3492,#3494,.T.);
#3490 = VERTEX_POINT('',#3491);
#3491 = CARTESIAN_POINT('',(19.,-102.5,-3.));
#3492 = VERTEX_POINT('',#3493);
#3493 = CARTESIAN_POINT('',(37.4,-102.5,-3.));
#3494 = LINE('',#3495,#3496);
#3495 = CARTESIAN_POINT('',(-5.599998366814,-102.5,-3.));
#3496 = VECTOR('',#3497,1.);
#3497 = DIRECTION('',(1.,0.,0.));
#3498 = ORIENTED_EDGE('',*,*,#3499,.T.);
#3499 = EDGE_CURVE('',#3492,#3500,#3502,.T.);
#3500 = VERTEX_POINT('',#3501);
#3501 = CARTESIAN_POINT('',(37.4,-105.5,-3.));
#3502 = LINE('',#3503,#3504);
#3503 = CARTESIAN_POINT('',(37.4,-38.5,-3.));
#3504 = VECTOR('',#3505,1.);
#3505 = DIRECTION('',(0.,-1.,0.));
#3506 = ORIENTED_EDGE('',*,*,#3507,.T.);
#3507 = EDGE_CURVE('',#3500,#3508,#3510,.T.);
#3508 = VERTEX_POINT('',#3509);
#3509 = CARTESIAN_POINT('',(19.,-105.5,-3.));
#3510 = LINE('',#3511,#3512);
#3511 = CARTESIAN_POINT('',(-57.59999836681,-105.5,-3.));
#3512 = VECTOR('',#3513,1.);
#3513 = DIRECTION('',(-1.,0.,0.));
#3514 = ORIENTED_EDGE('',*,*,#3515,.T.);
#3515 = EDGE_CURVE('',#3508,#3490,#3516,.T.);
#3516 = LINE('',#3517,#3518);
#3517 = CARTESIAN_POINT('',(19.,-201.5,-3.));
#3518 = VECTOR('',#3519,1.);
#3519 = DIRECTION('',(0.,1.,0.));
#3520 = FACE_BOUND('',#3521,.F.);
#3521 = EDGE_LOOP('',(#3522,#3532,#3540,#3548));
#3522 = ORIENTED_EDGE('',*,*,#3523,.T.);
#3523 = EDGE_CURVE('',#3524,#3526,#3528,.T.);
#3524 = VERTEX_POINT('',#3525);
#3525 = CARTESIAN_POINT('',(19.,-94.5,-3.));
#3526 = VERTEX_POINT('',#3527);
#3527 = CARTESIAN_POINT('',(37.4,-94.5,-3.));
#3528 = LINE('',#3529,#3530);
#3529 = CARTESIAN_POINT('',(-5.599998366814,-94.5,-3.));
#3530 = VECTOR('',#3531,1.);
#3531 = DIRECTION('',(1.,0.,0.));
#3532 = ORIENTED_EDGE('',*,*,#3533,.T.);
#3533 = EDGE_CURVE('',#3526,#3534,#3536,.T.);
#3534 = VERTEX_POINT('',#3535);
#3535 = CARTESIAN_POINT('',(37.4,-97.5,-3.));
#3536 = LINE('',#3537,#3538);
#3537 = CARTESIAN_POINT('',(37.4,-38.5,-3.));
#3538 = VECTOR('',#3539,1.);
#3539 = DIRECTION('',(0.,-1.,0.));
#3540 = ORIENTED_EDGE('',*,*,#3541,.T.);
#3541 = EDGE_CURVE('',#3534,#3542,#3544,.T.);
#3542 = VERTEX_POINT('',#3543);
#3543 = CARTESIAN_POINT('',(19.,-97.5,-3.));
#3544 = LINE('',#3545,#3546);
#3545 = CARTESIAN_POINT('',(-57.59999836681,-97.5,-3.));
#3546 = VECTOR('',#3547,1.);
#3547 = DIRECTION('',(-1.,0.,0.));
#3548 = ORIENTED_EDGE('',*,*,#3549,.T.);
#3549 = EDGE_CURVE('',#3542,#3524,#3550,.T.);
#3550 = LINE('',#3551,#3552);
#3551 = CARTESIAN_POINT('',(19.,-201.5,-3.));
#3552 = VECTOR('',#3553,1.);
#3553 = DIRECTION('',(0.,1.,0.));
#3554 = FACE_BOUND('',#3555,.F.);
#3555 = EDGE_LOOP('',(#3556,#3566,#3574,#3582));
#3556 = ORIENTED_EDGE('',*,*,#3557,.T.);
#3557 = EDGE_CURVE('',#3558,#3560,#3562,.T.);
#3558 = VERTEX_POINT('',#3559);
#3559 = CARTESIAN_POINT('',(19.,-86.5,-3.));
#3560 = VERTEX_POINT('',#3561);
#3561 = CARTESIAN_POINT('',(37.4,-86.5,-3.));
#3562 = LINE('',#3563,#3564);
#3563 = CARTESIAN_POINT('',(-5.599998366814,-86.5,-3.));
#3564 = VECTOR('',#3565,1.);
#3565 = DIRECTION('',(1.,0.,0.));
#3566 = ORIENTED_EDGE('',*,*,#3567,.T.);
#3567 = EDGE_CURVE('',#3560,#3568,#3570,.T.);
#3568 = VERTEX_POINT('',#3569);
#3569 = CARTESIAN_POINT('',(37.4,-89.5,-3.));
#3570 = LINE('',#3571,#3572);
#3571 = CARTESIAN_POINT('',(37.4,-38.5,-3.));
#3572 = VECTOR('',#3573,1.);
#3573 = DIRECTION('',(0.,-1.,0.));
#3574 = ORIENTED_EDGE('',*,*,#3575,.T.);
#3575 = EDGE_CURVE('',#3568,#3576,#3578,.T.);
#3576 = VERTEX_POINT('',#3577);
#3577 = CARTESIAN_POINT('',(19.,-89.5,-3.));
#3578 = LINE('',#3579,#3580);
#3579 = CARTESIAN_POINT('',(-57.59999836681,-89.5,-3.));
#3580 = VECTOR('',#3581,1.);
#3581 = DIRECTION('',(-1.,0.,0.));
#3582 = ORIENTED_EDGE('',*,*,#3583,.T.);
#3583 = EDGE_CURVE('',#3576,#3558,#3584,.T.);
#3584 = LINE('',#3585,#3586);
#3585 = CARTESIAN_POINT('',(19.,-201.5,-3.));
#3586 = VECTOR('',#3587,1.);
#3587 = DIRECTION('',(0.,1.,0.));
#3588 = FACE_BOUND('',#3589,.F.);
#3589 = EDGE_LOOP('',(#3590,#3600,#3608,#3616));
#3590 = ORIENTED_EDGE('',*,*,#3591,.T.);
#3591 = EDGE_CURVE('',#3592,#3594,#3596,.T.);
#3592 = VERTEX_POINT('',#3593);
#3593 = CARTESIAN_POINT('',(19.,-78.5,-3.));
#3594 = VERTEX_POINT('',#3595);
#3595 = CARTESIAN_POINT('',(37.4,-78.5,-3.));
#3596 = LINE('',#3597,#3598);
#3597 = CARTESIAN_POINT('',(-5.599998366814,-78.5,-3.));
#3598 = VECTOR('',#3599,1.);
#3599 = DIRECTION('',(1.,0.,0.));
#3600 = ORIENTED_EDGE('',*,*,#3601,.T.);
#3601 = EDGE_CURVE('',#3594,#3602,#3604,.T.);
#3602 = VERTEX_POINT('',#3603);
#3603 = CARTESIAN_POINT('',(37.4,-81.5,-3.));
#3604 = LINE('',#3605,#3606);
#3605 = CARTESIAN_POINT('',(37.4,-38.5,-3.));
#3606 = VECTOR('',#3607,1.);
#3607 = DIRECTION('',(0.,-1.,0.));
#3608 = ORIENTED_EDGE('',*,*,#3609,.T.);
#3609 = EDGE_CURVE('',#3602,#3610,#3612,.T.);
#3610 = VERTEX_POINT('',#3611);
#3611 = CARTESIAN_POINT('',(19.,-81.5,-3.));
#3612 = LINE('',#3613,#3614);
#3613 = CARTESIAN_POINT('',(-57.59999836681,-81.5,-3.));
#3614 = VECTOR('',#3615,1.);
#3615 = DIRECTION('',(-1.,0.,0.));
#3616 = ORIENTED_EDGE('',*,*,#3617,.T.);
#3617 = EDGE_CURVE('',#3610,#3592,#3618,.T.);
#3618 = LINE('',#3619,#3620);
#3619 = CARTESIAN_POINT('',(19.,-201.5,-3.));
#3620 = VECTOR('',#3621,1.);
#3621 = DIRECTION('',(0.,1.,0.));
#3622 = FACE_BOUND('',#3623,.F.);
#3623 = EDGE_LOOP('',(#3624,#3634,#3642,#3650));
#3624 = ORIENTED_EDGE('',*,*,#3625,.T.);
#3625 = EDGE_CURVE('',#3626,#3628,#3630,.T.);
#3626 = VERTEX_POINT('',#3627);
#3627 = CARTESIAN_POINT('',(19.,-70.5,-3.));
#3628 = VERTEX_POINT('',#3629);
#3629 = CARTESIAN_POINT('',(37.4,-70.5,-3.));
#3630 = LINE('',#3631,#3632);
#3631 = CARTESIAN_POINT('',(-5.599998366814,-70.5,-3.));
#3632 = VECTOR('',#3633,1.);
#3633 = DIRECTION('',(1.,0.,0.));
#3634 = ORIENTED_EDGE('',*,*,#3635,.T.);
#3635 = EDGE_CURVE('',#3628,#3636,#3638,.T.);
#3636 = VERTEX_POINT('',#3637);
#3637 = CARTESIAN_POINT('',(37.4,-73.5,-3.));
#3638 = LINE('',#3639,#3640);
#3639 = CARTESIAN_POINT('',(37.4,-38.5,-3.));
#3640 = VECTOR('',#3641,1.);
#3641 = DIRECTION('',(0.,-1.,0.));
#3642 = ORIENTED_EDGE('',*,*,#3643,.T.);
#3643 = EDGE_CURVE('',#3636,#3644,#3646,.T.);
#3644 = VERTEX_POINT('',#3645);
#3645 = CARTESIAN_POINT('',(19.,-73.5,-3.));
#3646 = LINE('',#3647,#3648);
#3647 = CARTESIAN_POINT('',(-57.59999836681,-73.5,-3.));
#3648 = VECTOR('',#3649,1.);
#3649 = DIRECTION('',(-1.,0.,0.));
#3650 = ORIENTED_EDGE('',*,*,#3651,.T.);
#3651 = EDGE_CURVE('',#3644,#3626,#3652,.T.);
#3652 = LINE('',#3653,#3654);
#3653 = CARTESIAN_POINT('',(19.,-201.5,-3.));
#3654 = VECTOR('',#3655,1.);
#3655 = DIRECTION('',(0.,1.,0.));
#3656 = FACE_BOUND('',#3657,.F.);
#3657 = EDGE_LOOP('',(#3658,#3668,#3676,#3684));
#3658 = ORIENTED_EDGE('',*,*,#3659,.T.);
#3659 = EDGE_CURVE('',#3660,#3662,#3664,.T.);
#3660 = VERTEX_POINT('',#3661);
#3661 = CARTESIAN_POINT('',(19.,-62.5,-3.));
#3662 = VERTEX_POINT('',#3663);
#3663 = CARTESIAN_POINT('',(37.4,-62.5,-3.));
#3664 = LINE('',#3665,#3666);
#3665 = CARTESIAN_POINT('',(-5.599998366814,-62.5,-3.));
#3666 = VECTOR('',#3667,1.);
#3667 = DIRECTION('',(1.,0.,0.));
#3668 = ORIENTED_EDGE('',*,*,#3669,.T.);
#3669 = EDGE_CURVE('',#3662,#3670,#3672,.T.);
#3670 = VERTEX_POINT('',#3671);
#3671 = CARTESIAN_POINT('',(37.4,-65.5,-3.));
#3672 = LINE('',#3673,#3674);
#3673 = CARTESIAN_POINT('',(37.4,-38.5,-3.));
#3674 = VECTOR('',#3675,1.);
#3675 = DIRECTION('',(0.,-1.,0.));
#3676 = ORIENTED_EDGE('',*,*,#3677,.T.);
#3677 = EDGE_CURVE('',#3670,#3678,#3680,.T.);
#3678 = VERTEX_POINT('',#3679);
#3679 = CARTESIAN_POINT('',(19.,-65.5,-3.));
#3680 = LINE('',#3681,#3682);
#3681 = CARTESIAN_POINT('',(-57.59999836681,-65.5,-3.));
#3682 = VECTOR('',#3683,1.);
#3683 = DIRECTION('',(-1.,0.,0.));
#3684 = ORIENTED_EDGE('',*,*,#3685,.T.);
#3685 = EDGE_CURVE('',#3678,#3660,#3686,.T.);
#3686 = LINE('',#3687,#3688);
#3687 = CARTESIAN_POINT('',(19.,-201.5,-3.));
#3688 = VECTOR('',#3689,1.);
#3689 = DIRECTION('',(0.,1.,0.));
#3690 = FACE_BOUND('',#3691,.F.);
#3691 = EDGE_LOOP('',(#3692,#3702,#3710,#3718));
#3692 = ORIENTED_EDGE('',*,*,#3693,.T.);
#3693 = EDGE_CURVE('',#3694,#3696,#3698,.T.);
#3694 = VERTEX_POINT('',#3695);
#3695 = CARTESIAN_POINT('',(40.4,-121.5,-3.));
#3696 = VERTEX_POINT('',#3697);
#3697 = CARTESIAN_POINT('',(40.4,-118.5,-3.));
#3698 = LINE('',#3699,#3700);
#3699 = CARTESIAN_POINT('',(40.4,-201.5,-3.));
#3700 = VECTOR('',#3701,1.);
#3701 = DIRECTION('',(0.,1.,0.));
#3702 = ORIENTED_EDGE('',*,*,#3703,.T.);
#3703 = EDGE_CURVE('',#3696,#3704,#3706,.T.);
#3704 = VERTEX_POINT('',#3705);
#3705 = CARTESIAN_POINT('',(58.8,-118.5,-3.));
#3706 = LINE('',#3707,#3708);
#3707 = CARTESIAN_POINT('',(-5.599998366814,-118.5,-3.));
#3708 = VECTOR('',#3709,1.);
#3709 = DIRECTION('',(1.,0.,0.));
#3710 = ORIENTED_EDGE('',*,*,#3711,.T.);
#3711 = EDGE_CURVE('',#3704,#3712,#3714,.T.);
#3712 = VERTEX_POINT('',#3713);
#3713 = CARTESIAN_POINT('',(58.8,-121.5,-3.));
#3714 = LINE('',#3715,#3716);
#3715 = CARTESIAN_POINT('',(58.8,-60.75,-3.));
#3716 = VECTOR('',#3717,1.);
#3717 = DIRECTION('',(0.,-1.,2.2E-16));
#3718 = ORIENTED_EDGE('',*,*,#3719,.T.);
#3719 = EDGE_CURVE('',#3712,#3694,#3720,.T.);
#3720 = LINE('',#3721,#3722);
#3721 = CARTESIAN_POINT('',(-57.59999836681,-121.5,-3.));
#3722 = VECTOR('',#3723,1.);
#3723 = DIRECTION('',(-1.,0.,0.));
#3724 = FACE_BOUND('',#3725,.F.);
#3725 = EDGE_LOOP('',(#3726,#3736,#3744,#3752));
#3726 = ORIENTED_EDGE('',*,*,#3727,.T.);
#3727 = EDGE_CURVE('',#3728,#3730,#3732,.T.);
#3728 = VERTEX_POINT('',#3729);
#3729 = CARTESIAN_POINT('',(40.4,-113.5,-3.));
#3730 = VERTEX_POINT('',#3731);
#3731 = CARTESIAN_POINT('',(40.4,-110.5,-3.));
#3732 = LINE('',#3733,#3734);
#3733 = CARTESIAN_POINT('',(40.4,-201.5,-3.));
#3734 = VECTOR('',#3735,1.);
#3735 = DIRECTION('',(0.,1.,0.));
#3736 = ORIENTED_EDGE('',*,*,#3737,.T.);
#3737 = EDGE_CURVE('',#3730,#3738,#3740,.T.);
#3738 = VERTEX_POINT('',#3739);
#3739 = CARTESIAN_POINT('',(58.8,-110.5,-3.));
#3740 = LINE('',#3741,#3742);
#3741 = CARTESIAN_POINT('',(-5.599998366814,-110.5,-3.));
#3742 = VECTOR('',#3743,1.);
#3743 = DIRECTION('',(1.,0.,0.));
#3744 = ORIENTED_EDGE('',*,*,#3745,.T.);
#3745 = EDGE_CURVE('',#3738,#3746,#3748,.T.);
#3746 = VERTEX_POINT('',#3747);
#3747 = CARTESIAN_POINT('',(58.8,-113.5,-3.));
#3748 = LINE('',#3749,#3750);
#3749 = CARTESIAN_POINT('',(58.8,-56.75,-3.));
#3750 = VECTOR('',#3751,1.);
#3751 = DIRECTION('',(0.,-1.,2.2E-16));
#3752 = ORIENTED_EDGE('',*,*,#3753,.T.);
#3753 = EDGE_CURVE('',#3746,#3728,#3754,.T.);
#3754 = LINE('',#3755,#3756);
#3755 = CARTESIAN_POINT('',(-57.59999836681,-113.5,-3.));
#3756 = VECTOR('',#3757,1.);
#3757 = DIRECTION('',(-1.,0.,0.));
#3758 = FACE_BOUND('',#3759,.F.);
#3759 = EDGE_LOOP('',(#3760,#3770,#3778,#3786));
#3760 = ORIENTED_EDGE('',*,*,#3761,.T.);
#3761 = EDGE_CURVE('',#3762,#3764,#3766,.T.);
#3762 = VERTEX_POINT('',#3763);
#3763 = CARTESIAN_POINT('',(40.4,-105.5,-3.));
#3764 = VERTEX_POINT('',#3765);
#3765 = CARTESIAN_POINT('',(40.4,-102.5,-3.));
#3766 = LINE('',#3767,#3768);
#3767 = CARTESIAN_POINT('',(40.4,-201.5,-3.));
#3768 = VECTOR('',#3769,1.);
#3769 = DIRECTION('',(0.,1.,0.));
#3770 = ORIENTED_EDGE('',*,*,#3771,.T.);
#3771 = EDGE_CURVE('',#3764,#3772,#3774,.T.);
#3772 = VERTEX_POINT('',#3773);
#3773 = CARTESIAN_POINT('',(58.8,-102.5,-3.));
#3774 = LINE('',#3775,#3776);
#3775 = CARTESIAN_POINT('',(-5.599998366814,-102.5,-3.));
#3776 = VECTOR('',#3777,1.);
#3777 = DIRECTION('',(1.,0.,0.));
#3778 = ORIENTED_EDGE('',*,*,#3779,.T.);
#3779 = EDGE_CURVE('',#3772,#3780,#3782,.T.);
#3780 = VERTEX_POINT('',#3781);
#3781 = CARTESIAN_POINT('',(58.8,-105.5,-3.));
#3782 = LINE('',#3783,#3784);
#3783 = CARTESIAN_POINT('',(58.8,-52.75,-3.));
#3784 = VECTOR('',#3785,1.);
#3785 = DIRECTION('',(0.,-1.,2.2E-16));
#3786 = ORIENTED_EDGE('',*,*,#3787,.T.);
#3787 = EDGE_CURVE('',#3780,#3762,#3788,.T.);
#3788 = LINE('',#3789,#3790);
#3789 = CARTESIAN_POINT('',(-57.59999836681,-105.5,-3.));
#3790 = VECTOR('',#3791,1.);
#3791 = DIRECTION('',(-1.,0.,0.));
#3792 = FACE_BOUND('',#3793,.F.);
#3793 = EDGE_LOOP('',(#3794,#3804,#3812,#3820));
#3794 = ORIENTED_EDGE('',*,*,#3795,.T.);
#3795 = EDGE_CURVE('',#3796,#3798,#3800,.T.);
#3796 = VERTEX_POINT('',#3797);
#3797 = CARTESIAN_POINT('',(40.4,-97.5,-3.));
#3798 = VERTEX_POINT('',#3799);
#3799 = CARTESIAN_POINT('',(40.4,-94.5,-3.));
#3800 = LINE('',#3801,#3802);
#3801 = CARTESIAN_POINT('',(40.4,-201.5,-3.));
#3802 = VECTOR('',#3803,1.);
#3803 = DIRECTION('',(0.,1.,0.));
#3804 = ORIENTED_EDGE('',*,*,#3805,.T.);
#3805 = EDGE_CURVE('',#3798,#3806,#3808,.T.);
#3806 = VERTEX_POINT('',#3807);
#3807 = CARTESIAN_POINT('',(58.8,-94.5,-3.));
#3808 = LINE('',#3809,#3810);
#3809 = CARTESIAN_POINT('',(-5.599998366814,-94.5,-3.));
#3810 = VECTOR('',#3811,1.);
#3811 = DIRECTION('',(1.,0.,0.));
#3812 = ORIENTED_EDGE('',*,*,#3813,.T.);
#3813 = EDGE_CURVE('',#3806,#3814,#3816,.T.);
#3814 = VERTEX_POINT('',#3815);
#3815 = CARTESIAN_POINT('',(58.8,-97.5,-3.));
#3816 = LINE('',#3817,#3818);
#3817 = CARTESIAN_POINT('',(58.8,-48.75,-3.));
#3818 = VECTOR('',#3819,1.);
#3819 = DIRECTION('',(0.,-1.,2.2E-16));
#3820 = ORIENTED_EDGE('',*,*,#3821,.T.);
#3821 = EDGE_CURVE('',#3814,#3796,#3822,.T.);
#3822 = LINE('',#3823,#3824);
#3823 = CARTESIAN_POINT('',(-57.59999836681,-97.5,-3.));
#3824 = VECTOR('',#3825,1.);
#3825 = DIRECTION('',(-1.,0.,0.));
#3826 = FACE_BOUND('',#3827,.F.);
#3827 = EDGE_LOOP('',(#3828,#3838,#3846,#3854));
#3828 = ORIENTED_EDGE('',*,*,#3829,.T.);
#3829 = EDGE_CURVE('',#3830,#3832,#3834,.T.);
#3830 = VERTEX_POINT('',#3831);
#3831 = CARTESIAN_POINT('',(40.4,-89.5,-3.));
#3832 = VERTEX_POINT('',#3833);
#3833 = CARTESIAN_POINT('',(40.4,-86.5,-3.));
#3834 = LINE('',#3835,#3836);
#3835 = CARTESIAN_POINT('',(40.4,-201.5,-3.));
#3836 = VECTOR('',#3837,1.);
#3837 = DIRECTION('',(0.,1.,0.));
#3838 = ORIENTED_EDGE('',*,*,#3839,.T.);
#3839 = EDGE_CURVE('',#3832,#3840,#3842,.T.);
#3840 = VERTEX_POINT('',#3841);
#3841 = CARTESIAN_POINT('',(58.8,-86.5,-3.));
#3842 = LINE('',#3843,#3844);
#3843 = CARTESIAN_POINT('',(-5.599998366814,-86.5,-3.));
#3844 = VECTOR('',#3845,1.);
#3845 = DIRECTION('',(1.,0.,0.));
#3846 = ORIENTED_EDGE('',*,*,#3847,.T.);
#3847 = EDGE_CURVE('',#3840,#3848,#3850,.T.);
#3848 = VERTEX_POINT('',#3849);
#3849 = CARTESIAN_POINT('',(58.8,-89.5,-3.));
#3850 = LINE('',#3851,#3852);
#3851 = CARTESIAN_POINT('',(58.8,-44.75,-3.));
#3852 = VECTOR('',#3853,1.);
#3853 = DIRECTION('',(0.,-1.,2.2E-16));
#3854 = ORIENTED_EDGE('',*,*,#3855,.T.);
#3855 = EDGE_CURVE('',#3848,#3830,#3856,.T.);
#3856 = LINE('',#3857,#3858);
#3857 = CARTESIAN_POINT('',(-57.59999836681,-89.5,-3.));
#3858 = VECTOR('',#3859,1.);
#3859 = DIRECTION('',(-1.,0.,0.));
#3860 = FACE_BOUND('',#3861,.F.);
#3861 = EDGE_LOOP('',(#3862,#3872,#3880,#3888));
#3862 = ORIENTED_EDGE('',*,*,#3863,.T.);
#3863 = EDGE_CURVE('',#3864,#3866,#3868,.T.);
#3864 = VERTEX_POINT('',#3865);
#3865 = CARTESIAN_POINT('',(40.4,-81.5,-3.));
#3866 = VERTEX_POINT('',#3867);
#3867 = CARTESIAN_POINT('',(40.4,-78.5,-3.));
#3868 = LINE('',#3869,#3870);
#3869 = CARTESIAN_POINT('',(40.4,-201.5,-3.));
#3870 = VECTOR('',#3871,1.);
#3871 = DIRECTION('',(0.,1.,0.));
#3872 = ORIENTED_EDGE('',*,*,#3873,.T.);
#3873 = EDGE_CURVE('',#3866,#3874,#3876,.T.);
#3874 = VERTEX_POINT('',#3875);
#3875 = CARTESIAN_POINT('',(58.8,-78.5,-3.));
#3876 = LINE('',#3877,#3878);
#3877 = CARTESIAN_POINT('',(-5.599998366814,-78.5,-3.));
#3878 = VECTOR('',#3879,1.);
#3879 = DIRECTION('',(1.,0.,0.));
#3880 = ORIENTED_EDGE('',*,*,#3881,.T.);
#3881 = EDGE_CURVE('',#3874,#3882,#3884,.T.);
#3882 = VERTEX_POINT('',#3883);
#3883 = CARTESIAN_POINT('',(58.8,-81.5,-3.));
#3884 = LINE('',#3885,#3886);
#3885 = CARTESIAN_POINT('',(58.8,-40.75,-3.));
#3886 = VECTOR('',#3887,1.);
#3887 = DIRECTION('',(0.,-1.,2.2E-16));
#3888 = ORIENTED_EDGE('',*,*,#3889,.T.);
#3889 = EDGE_CURVE('',#3882,#3864,#3890,.T.);
#3890 = LINE('',#3891,#3892);
#3891 = CARTESIAN_POINT('',(-57.59999836681,-81.5,-3.));
#3892 = VECTOR('',#3893,1.);
#3893 = DIRECTION('',(-1.,0.,0.));
#3894 = FACE_BOUND('',#3895,.F.);
#3895 = EDGE_LOOP('',(#3896,#3906,#3914,#3922));
#3896 = ORIENTED_EDGE('',*,*,#3897,.T.);
#3897 = EDGE_CURVE('',#3898,#3900,#3902,.T.);
#3898 = VERTEX_POINT('',#3899);
#3899 = CARTESIAN_POINT('',(40.4,-73.5,-3.));
#3900 = VERTEX_POINT('',#3901);
#3901 = CARTESIAN_POINT('',(40.4,-70.5,-3.));
#3902 = LINE('',#3903,#3904);
#3903 = CARTESIAN_POINT('',(40.4,-201.5,-3.));
#3904 = VECTOR('',#3905,1.);
#3905 = DIRECTION('',(0.,1.,0.));
#3906 = ORIENTED_EDGE('',*,*,#3907,.T.);
#3907 = EDGE_CURVE('',#3900,#3908,#3910,.T.);
#3908 = VERTEX_POINT('',#3909);
#3909 = CARTESIAN_POINT('',(58.8,-70.5,-3.));
#3910 = LINE('',#3911,#3912);
#3911 = CARTESIAN_POINT('',(-5.599998366814,-70.5,-3.));
#3912 = VECTOR('',#3913,1.);
#3913 = DIRECTION('',(1.,0.,0.));
#3914 = ORIENTED_EDGE('',*,*,#3915,.T.);
#3915 = EDGE_CURVE('',#3908,#3916,#3918,.T.);
#3916 = VERTEX_POINT('',#3917);
#3917 = CARTESIAN_POINT('',(58.8,-73.5,-3.));
#3918 = LINE('',#3919,#3920);
#3919 = CARTESIAN_POINT('',(58.8,-36.75,-3.));
#3920 = VECTOR('',#3921,1.);
#3921 = DIRECTION('',(0.,-1.,2.2E-16));
#3922 = ORIENTED_EDGE('',*,*,#3923,.T.);
#3923 = EDGE_CURVE('',#3916,#3898,#3924,.T.);
#3924 = LINE('',#3925,#3926);
#3925 = CARTESIAN_POINT('',(-57.59999836681,-73.5,-3.));
#3926 = VECTOR('',#3927,1.);
#3927 = DIRECTION('',(-1.,0.,0.));
#3928 = FACE_BOUND('',#3929,.F.);
#3929 = EDGE_LOOP('',(#3930,#3940,#3948,#3956));
#3930 = ORIENTED_EDGE('',*,*,#3931,.T.);
#3931 = EDGE_CURVE('',#3932,#3934,#3936,.T.);
#3932 = VERTEX_POINT('',#3933);
#3933 = CARTESIAN_POINT('',(40.4,-65.5,-3.));
#3934 = VERTEX_POINT('',#3935);
#3935 = CARTESIAN_POINT('',(40.4,-62.5,-3.));
#3936 = LINE('',#3937,#3938);
#3937 = CARTESIAN_POINT('',(40.4,-201.5,-3.));
#3938 = VECTOR('',#3939,1.);
#3939 = DIRECTION('',(0.,1.,0.));
#3940 = ORIENTED_EDGE('',*,*,#3941,.T.);
#3941 = EDGE_CURVE('',#3934,#3942,#3944,.T.);
#3942 = VERTEX_POINT('',#3943);
#3943 = CARTESIAN_POINT('',(58.8,-62.5,-3.));
#3944 = LINE('',#3945,#3946);
#3945 = CARTESIAN_POINT('',(-5.599998366814,-62.5,-3.));
#3946 = VECTOR('',#3947,1.);
#3947 = DIRECTION('',(1.,0.,0.));
#3948 = ORIENTED_EDGE('',*,*,#3949,.T.);
#3949 = EDGE_CURVE('',#3942,#3950,#3952,.T.);
#3950 = VERTEX_POINT('',#3951);
#3951 = CARTESIAN_POINT('',(58.8,-65.5,-3.));
#3952 = LINE('',#3953,#3954);
#3953 = CARTESIAN_POINT('',(58.8,-32.75,-3.));
#3954 = VECTOR('',#3955,1.);
#3955 = DIRECTION('',(0.,-1.,2.2E-16));
#3956 = ORIENTED_EDGE('',*,*,#3957,.T.);
#3957 = EDGE_CURVE('',#3950,#3932,#3958,.T.);
#3958 = LINE('',#3959,#3960);
#3959 = CARTESIAN_POINT('',(-57.59999836681,-65.5,-3.));
#3960 = VECTOR('',#3961,1.);
#3961 = DIRECTION('',(-1.,0.,0.));
#3962 = FACE_BOUND('',#3963,.F.);
#3963 = EDGE_LOOP('',(#3964,#3974,#3982,#3990));
#3964 = ORIENTED_EDGE('',*,*,#3965,.T.);
#3965 = EDGE_CURVE('',#3966,#3968,#3970,.T.);
#3966 = VERTEX_POINT('',#3967);
#3967 = CARTESIAN_POINT('',(19.,-54.5,-3.));
#3968 = VERTEX_POINT('',#3969);
#3969 = CARTESIAN_POINT('',(37.4,-54.5,-3.));
#3970 = LINE('',#3971,#3972);
#3971 = CARTESIAN_POINT('',(-5.599998366814,-54.5,-3.));
#3972 = VECTOR('',#3973,1.);
#3973 = DIRECTION('',(1.,0.,0.));
#3974 = ORIENTED_EDGE('',*,*,#3975,.T.);
#3975 = EDGE_CURVE('',#3968,#3976,#3978,.T.);
#3976 = VERTEX_POINT('',#3977);
#3977 = CARTESIAN_POINT('',(37.4,-57.5,-3.));
#3978 = LINE('',#3979,#3980);
#3979 = CARTESIAN_POINT('',(37.4,-38.5,-3.));
#3980 = VECTOR('',#3981,1.);
#3981 = DIRECTION('',(0.,-1.,0.));
#3982 = ORIENTED_EDGE('',*,*,#3983,.T.);
#3983 = EDGE_CURVE('',#3976,#3984,#3986,.T.);
#3984 = VERTEX_POINT('',#3985);
#3985 = CARTESIAN_POINT('',(19.,-57.5,-3.));
#3986 = LINE('',#3987,#3988);
#3987 = CARTESIAN_POINT('',(-57.59999836681,-57.5,-3.));
#3988 = VECTOR('',#3989,1.);
#3989 = DIRECTION('',(-1.,0.,0.));
#3990 = ORIENTED_EDGE('',*,*,#3991,.T.);
#3991 = EDGE_CURVE('',#3984,#3966,#3992,.T.);
#3992 = LINE('',#3993,#3994);
#3993 = CARTESIAN_POINT('',(19.,-201.5,-3.));
#3994 = VECTOR('',#3995,1.);
#3995 = DIRECTION('',(0.,1.,0.));
#3996 = FACE_BOUND('',#3997,.F.);
#3997 = EDGE_LOOP('',(#3998,#4008,#4016,#4024));
#3998 = ORIENTED_EDGE('',*,*,#3999,.T.);
#3999 = EDGE_CURVE('',#4000,#4002,#4004,.T.);
#4000 = VERTEX_POINT('',#4001);
#4001 = CARTESIAN_POINT('',(19.,-46.5,-3.));
#4002 = VERTEX_POINT('',#4003);
#4003 = CARTESIAN_POINT('',(37.4,-46.5,-3.));
#4004 = LINE('',#4005,#4006);
#4005 = CARTESIAN_POINT('',(-5.599998366814,-46.5,-3.));
#4006 = VECTOR('',#4007,1.);
#4007 = DIRECTION('',(1.,0.,0.));
#4008 = ORIENTED_EDGE('',*,*,#4009,.T.);
#4009 = EDGE_CURVE('',#4002,#4010,#4012,.T.);
#4010 = VERTEX_POINT('',#4011);
#4011 = CARTESIAN_POINT('',(37.4,-49.5,-3.));
#4012 = LINE('',#4013,#4014);
#4013 = CARTESIAN_POINT('',(37.4,-38.5,-3.));
#4014 = VECTOR('',#4015,1.);
#4015 = DIRECTION('',(0.,-1.,0.));
#4016 = ORIENTED_EDGE('',*,*,#4017,.T.);
#4017 = EDGE_CURVE('',#4010,#4018,#4020,.T.);
#4018 = VERTEX_POINT('',#4019);
#4019 = CARTESIAN_POINT('',(19.,-49.5,-3.));
#4020 = LINE('',#4021,#4022);
#4021 = CARTESIAN_POINT('',(-57.59999836681,-49.5,-3.));
#4022 = VECTOR('',#4023,1.);
#4023 = DIRECTION('',(-1.,0.,0.));
#4024 = ORIENTED_EDGE('',*,*,#4025,.T.);
#4025 = EDGE_CURVE('',#4018,#4000,#4026,.T.);
#4026 = LINE('',#4027,#4028);
#4027 = CARTESIAN_POINT('',(19.,-201.5,-3.));
#4028 = VECTOR('',#4029,1.);
#4029 = DIRECTION('',(0.,1.,0.));
#4030 = FACE_BOUND('',#4031,.F.);
#4031 = EDGE_LOOP('',(#4032,#4042,#4050,#4058));
#4032 = ORIENTED_EDGE('',*,*,#4033,.T.);
#4033 = EDGE_CURVE('',#4034,#4036,#4038,.T.);
#4034 = VERTEX_POINT('',#4035);
#4035 = CARTESIAN_POINT('',(37.4,-38.5,-3.));
#4036 = VERTEX_POINT('',#4037);
#4037 = CARTESIAN_POINT('',(37.4,-41.5,-3.));
#4038 = LINE('',#4039,#4040);
#4039 = CARTESIAN_POINT('',(37.4,-38.5,-3.));
#4040 = VECTOR('',#4041,1.);
#4041 = DIRECTION('',(0.,-1.,0.));
#4042 = ORIENTED_EDGE('',*,*,#4043,.T.);
#4043 = EDGE_CURVE('',#4036,#4044,#4046,.T.);
#4044 = VERTEX_POINT('',#4045);
#4045 = CARTESIAN_POINT('',(19.,-41.5,-3.));
#4046 = LINE('',#4047,#4048);
#4047 = CARTESIAN_POINT('',(-57.59999836681,-41.5,-3.));
#4048 = VECTOR('',#4049,1.);
#4049 = DIRECTION('',(-1.,0.,0.));
#4050 = ORIENTED_EDGE('',*,*,#4051,.T.);
#4051 = EDGE_CURVE('',#4044,#4052,#4054,.T.);
#4052 = VERTEX_POINT('',#4053);
#4053 = CARTESIAN_POINT('',(19.,-38.5,-3.));
#4054 = LINE('',#4055,#4056);
#4055 = CARTESIAN_POINT('',(19.,-201.5,-3.));
#4056 = VECTOR('',#4057,1.);
#4057 = DIRECTION('',(0.,1.,0.));
#4058 = ORIENTED_EDGE('',*,*,#4059,.T.);
#4059 = EDGE_CURVE('',#4052,#4034,#4060,.T.);
#4060 = LINE('',#4061,#4062);
#4061 = CARTESIAN_POINT('',(-5.599998366814,-38.5,-3.));
#4062 = VECTOR('',#4063,1.);
#4063 = DIRECTION('',(1.,0.,0.));
#4064 = FACE_BOUND('',#4065,.F.);
#4065 = EDGE_LOOP('',(#4066,#4076,#4084,#4092));
#4066 = ORIENTED_EDGE('',*,*,#4067,.T.);
#4067 = EDGE_CURVE('',#4068,#4070,#4072,.T.);
#4068 = VERTEX_POINT('',#4069);
#4069 = CARTESIAN_POINT('',(40.4,-57.5,-3.));
#4070 = VERTEX_POINT('',#4071);
#4071 = CARTESIAN_POINT('',(40.4,-54.5,-3.));
#4072 = LINE('',#4073,#4074);
#4073 = CARTESIAN_POINT('',(40.4,-201.5,-3.));
#4074 = VECTOR('',#4075,1.);
#4075 = DIRECTION('',(0.,1.,0.));
#4076 = ORIENTED_EDGE('',*,*,#4077,.T.);
#4077 = EDGE_CURVE('',#4070,#4078,#4080,.T.);
#4078 = VERTEX_POINT('',#4079);
#4079 = CARTESIAN_POINT('',(58.8,-54.5,-3.));
#4080 = LINE('',#4081,#4082);
#4081 = CARTESIAN_POINT('',(-5.599998366814,-54.5,-3.));
#4082 = VECTOR('',#4083,1.);
#4083 = DIRECTION('',(1.,0.,0.));
#4084 = ORIENTED_EDGE('',*,*,#4085,.T.);
#4085 = EDGE_CURVE('',#4078,#4086,#4088,.T.);
#4086 = VERTEX_POINT('',#4087);
#4087 = CARTESIAN_POINT('',(58.8,-57.5,-3.));
#4088 = LINE('',#4089,#4090);
#4089 = CARTESIAN_POINT('',(58.8,-28.75,-3.));
#4090 = VECTOR('',#4091,1.);
#4091 = DIRECTION('',(0.,-1.,2.2E-16));
#4092 = ORIENTED_EDGE('',*,*,#4093,.T.);
#4093 = EDGE_CURVE('',#4086,#4068,#4094,.T.);
#4094 = LINE('',#4095,#4096);
#4095 = CARTESIAN_POINT('',(-57.59999836681,-57.5,-3.));
#4096 = VECTOR('',#4097,1.);
#4097 = DIRECTION('',(-1.,0.,0.));
#4098 = FACE_BOUND('',#4099,.F.);
#4099 = EDGE_LOOP('',(#4100,#4110,#4118,#4126));
#4100 = ORIENTED_EDGE('',*,*,#4101,.T.);
#4101 = EDGE_CURVE('',#4102,#4104,#4106,.T.);
#4102 = VERTEX_POINT('',#4103);
#4103 = CARTESIAN_POINT('',(40.4,-49.5,-3.));
#4104 = VERTEX_POINT('',#4105);
#4105 = CARTESIAN_POINT('',(40.4,-46.5,-3.));
#4106 = LINE('',#4107,#4108);
#4107 = CARTESIAN_POINT('',(40.4,-201.5,-3.));
#4108 = VECTOR('',#4109,1.);
#4109 = DIRECTION('',(0.,1.,0.));
#4110 = ORIENTED_EDGE('',*,*,#4111,.T.);
#4111 = EDGE_CURVE('',#4104,#4112,#4114,.T.);
#4112 = VERTEX_POINT('',#4113);
#4113 = CARTESIAN_POINT('',(58.8,-46.5,-3.));
#4114 = LINE('',#4115,#4116);
#4115 = CARTESIAN_POINT('',(-5.599998366814,-46.5,-3.));
#4116 = VECTOR('',#4117,1.);
#4117 = DIRECTION('',(1.,0.,0.));
#4118 = ORIENTED_EDGE('',*,*,#4119,.T.);
#4119 = EDGE_CURVE('',#4112,#4120,#4122,.T.);
#4120 = VERTEX_POINT('',#4121);
#4121 = CARTESIAN_POINT('',(58.8,-49.5,-3.));
#4122 = LINE('',#4123,#4124);
#4123 = CARTESIAN_POINT('',(58.8,-24.75,-3.));
#4124 = VECTOR('',#4125,1.);
#4125 = DIRECTION('',(0.,-1.,2.2E-16));
#4126 = ORIENTED_EDGE('',*,*,#4127,.T.);
#4127 = EDGE_CURVE('',#4120,#4102,#4128,.T.);
#4128 = LINE('',#4129,#4130);
#4129 = CARTESIAN_POINT('',(-57.59999836681,-49.5,-3.));
#4130 = VECTOR('',#4131,1.);
#4131 = DIRECTION('',(-1.,0.,0.));
#4132 = FACE_BOUND('',#4133,.F.);
#4133 = EDGE_LOOP('',(#4134,#4144,#4152,#4160));
#4134 = ORIENTED_EDGE('',*,*,#4135,.T.);
#4135 = EDGE_CURVE('',#4136,#4138,#4140,.T.);
#4136 = VERTEX_POINT('',#4137);
#4137 = CARTESIAN_POINT('',(40.4,-41.5,-3.));
#4138 = VERTEX_POINT('',#4139);
#4139 = CARTESIAN_POINT('',(40.4,-38.5,-3.));
#4140 = LINE('',#4141,#4142);
#4141 = CARTESIAN_POINT('',(40.4,-201.5,-3.));
#4142 = VECTOR('',#4143,1.);
#4143 = DIRECTION('',(0.,1.,0.));
#4144 = ORIENTED_EDGE('',*,*,#4145,.T.);
#4145 = EDGE_CURVE('',#4138,#4146,#4148,.T.);
#4146 = VERTEX_POINT('',#4147);
#4147 = CARTESIAN_POINT('',(58.8,-38.5,-3.));
#4148 = LINE('',#4149,#4150);
#4149 = CARTESIAN_POINT('',(-5.599998366814,-38.5,-3.));
#4150 = VECTOR('',#4151,1.);
#4151 = DIRECTION('',(1.,0.,0.));
#4152 = ORIENTED_EDGE('',*,*,#4153,.T.);
#4153 = EDGE_CURVE('',#4146,#4154,#4156,.T.);
#4154 = VERTEX_POINT('',#4155);
#4155 = CARTESIAN_POINT('',(58.8,-41.5,-3.));
#4156 = LINE('',#4157,#4158);
#4157 = CARTESIAN_POINT('',(58.8,-20.75,-3.));
#4158 = VECTOR('',#4159,1.);
#4159 = DIRECTION('',(0.,-1.,2.2E-16));
#4160 = ORIENTED_EDGE('',*,*,#4161,.T.);
#4161 = EDGE_CURVE('',#4154,#4136,#4162,.T.);
#4162 = LINE('',#4163,#4164);
#4163 = CARTESIAN_POINT('',(-57.59999836681,-41.5,-3.));
#4164 = VECTOR('',#4165,1.);
#4165 = DIRECTION('',(-1.,0.,0.));
#4166 = FACE_BOUND('',#4167,.F.);
#4167 = EDGE_LOOP('',(#4168));
#4168 = ORIENTED_EDGE('',*,*,#31,.T.);
#4169 = PLANE('',#4170);
#4170 = AXIS2_PLACEMENT_3D('',#4171,#4172,#4173);
#4171 = CARTESIAN_POINT('',(-69.99999673362,-6.7E-16,-3.));
#4172 = DIRECTION('',(0.,2.2E-16,1.));
#4173 = DIRECTION('',(1.,0.,0.));
#4174 = ADVANCED_FACE('',(#4175),#4194,.F.);
#4175 = FACE_BOUND('',#4176,.T.);
#4176 = EDGE_LOOP('',(#4177,#4185,#4186,#4187));
#4177 = ORIENTED_EDGE('',*,*,#4178,.F.);
#4178 = EDGE_CURVE('',#58,#4179,#4181,.T.);
#4179 = VERTEX_POINT('',#4180);
#4180 = CARTESIAN_POINT('',(74.5,-4.,30.));
#4181 = LINE('',#4182,#4183);
#4182 = CARTESIAN_POINT('',(74.5,-4.,25.));
#4183 = VECTOR('',#4184,1.);
#4184 = DIRECTION('',(6.E-17,0.,1.));
#4185 = ORIENTED_EDGE('',*,*,#57,.T.);
#4186 = ORIENTED_EDGE('',*,*,#4178,.T.);
#4187 = ORIENTED_EDGE('',*,*,#4188,.T.);
#4188 = EDGE_CURVE('',#4179,#4179,#4189,.T.);
#4189 = CIRCLE('',#4190,1.5);
#4190 = AXIS2_PLACEMENT_3D('',#4191,#4192,#4193);
#4191 = CARTESIAN_POINT('',(76.,-4.,30.));
#4192 = DIRECTION('',(0.,0.,1.));
#4193 = DIRECTION('',(-1.,0.,0.));
#4194 = CYLINDRICAL_SURFACE('',#4195,1.5);
#4195 = AXIS2_PLACEMENT_3D('',#4196,#4197,#4198);
#4196 = CARTESIAN_POINT('',(76.,-4.,25.));
#4197 = DIRECTION('',(0.,0.,1.));
#4198 = DIRECTION('',(-1.,0.,0.));
#4199 = ADVANCED_FACE('',(#4200),#4257,.F.);
#4200 = FACE_BOUND('',#4201,.F.);
#4201 = EDGE_LOOP('',(#4202,#4212,#4218,#4219,#4227,#4235,#4243,#4251));
#4202 = ORIENTED_EDGE('',*,*,#4203,.T.);
#4203 = EDGE_CURVE('',#4204,#4206,#4208,.T.);
#4204 = VERTEX_POINT('',#4205);
#4205 = CARTESIAN_POINT('',(83.,-15.,27.));
#4206 = VERTEX_POINT('',#4207);
#4207 = CARTESIAN_POINT('',(83.,1.,27.));
#4208 = LINE('',#4209,#4210);
#4209 = CARTESIAN_POINT('',(83.,-243.,27.));
#4210 = VECTOR('',#4211,1.);
#4211 = DIRECTION('',(0.,1.,0.));
#4212 = ORIENTED_EDGE('',*,*,#4213,.T.);
#4213 = EDGE_CURVE('',#4206,#75,#4214,.T.);
#4214 = LINE('',#4215,#4216);
#4215 = CARTESIAN_POINT('',(83.,1.,30.));
#4216 = VECTOR('',#4217,1.);
#4217 = DIRECTION('',(0.,0.,-1.));
#4218 = ORIENTED_EDGE('',*,*,#74,.T.);
#4219 = ORIENTED_EDGE('',*,*,#4220,.F.);
#4220 = EDGE_CURVE('',#4221,#77,#4223,.T.);
#4221 = VERTEX_POINT('',#4222);
#4222 = CARTESIAN_POINT('',(83.,-241.,27.));
#4223 = LINE('',#4224,#4225);
#4224 = CARTESIAN_POINT('',(83.,-241.,30.));
#4225 = VECTOR('',#4226,1.);
#4226 = DIRECTION('',(0.,0.,-1.));
#4227 = ORIENTED_EDGE('',*,*,#4228,.T.);
#4228 = EDGE_CURVE('',#4221,#4229,#4231,.T.);
#4229 = VERTEX_POINT('',#4230);
#4230 = CARTESIAN_POINT('',(83.,-225.,27.));
#4231 = LINE('',#4232,#4233);
#4232 = CARTESIAN_POINT('',(83.,-243.,27.));
#4233 = VECTOR('',#4234,1.);
#4234 = DIRECTION('',(0.,1.,0.));
#4235 = ORIENTED_EDGE('',*,*,#4236,.F.);
#4236 = EDGE_CURVE('',#4237,#4229,#4239,.T.);
#4237 = VERTEX_POINT('',#4238);
#4238 = CARTESIAN_POINT('',(83.,-225.,0.));
#4239 = LINE('',#4240,#4241);
#4240 = CARTESIAN_POINT('',(83.,-225.,0.));
#4241 = VECTOR('',#4242,1.);
#4242 = DIRECTION('',(0.,0.,1.));
#4243 = ORIENTED_EDGE('',*,*,#4244,.F.);
#4244 = EDGE_CURVE('',#4245,#4237,#4247,.T.);
#4245 = VERTEX_POINT('',#4246);
#4246 = CARTESIAN_POINT('',(83.,-15.,0.));
#4247 = LINE('',#4248,#4249);
#4248 = CARTESIAN_POINT('',(83.,-15.,0.));
#4249 = VECTOR('',#4250,1.);
#4250 = DIRECTION('',(0.,-1.,0.));
#4251 = ORIENTED_EDGE('',*,*,#4252,.T.);
#4252 = EDGE_CURVE('',#4245,#4204,#4253,.T.);
#4253 = LINE('',#4254,#4255);
#4254 = CARTESIAN_POINT('',(83.,-15.,0.));
#4255 = VECTOR('',#4256,1.);
#4256 = DIRECTION('',(0.,0.,1.));
#4257 = PLANE('',#4258);
#4258 = AXIS2_PLACEMENT_3D('',#4259,#4260,#4261);
#4259 = CARTESIAN_POINT('',(83.,0.,0.));
#4260 = DIRECTION('',(-1.,0.,0.));
#4261 = DIRECTION('',(0.,2.2E-16,1.));
#4262 = ADVANCED_FACE('',(#4263),#4281,.T.);
#4263 = FACE_BOUND('',#4264,.F.);
#4264 = EDGE_LOOP('',(#4265,#4273,#4274,#4275));
#4265 = ORIENTED_EDGE('',*,*,#4266,.T.);
#4266 = EDGE_CURVE('',#4267,#4221,#4269,.T.);
#4267 = VERTEX_POINT('',#4268);
#4268 = CARTESIAN_POINT('',(81.,-243.,27.));
#4269 = LINE('',#4270,#4271);
#4270 = CARTESIAN_POINT('',(92.,-232.,27.));
#4271 = VECTOR('',#4272,1.);
#4272 = DIRECTION('',(0.707106781187,0.707106781187,0.));
#4273 = ORIENTED_EDGE('',*,*,#4220,.T.);
#4274 = ORIENTED_EDGE('',*,*,#580,.T.);
#4275 = ORIENTED_EDGE('',*,*,#4276,.F.);
#4276 = EDGE_CURVE('',#4267,#573,#4277,.T.);
#4277 = LINE('',#4278,#4279);
#4278 = CARTESIAN_POINT('',(81.,-243.,30.));
#4279 = VECTOR('',#4280,1.);
#4280 = DIRECTION('',(0.,0.,-1.));
#4281 = PLANE('',#4282);
#4282 = AXIS2_PLACEMENT_3D('',#4283,#4284,#4285);
#4283 = CARTESIAN_POINT('',(82.,-242.,30.));
#4284 = DIRECTION('',(0.707106781187,-0.707106781187,0.));
#4285 = DIRECTION('',(0.,0.,1.));
#4286 = ADVANCED_FACE('',(#4287),#4305,.F.);
#4287 = FACE_BOUND('',#4288,.F.);
#4288 = EDGE_LOOP('',(#4289,#4297,#4303,#4304));
#4289 = ORIENTED_EDGE('',*,*,#4290,.T.);
#4290 = EDGE_CURVE('',#565,#4291,#4293,.T.);
#4291 = VERTEX_POINT('',#4292);
#4292 = CARTESIAN_POINT('',(60.,-243.,27.));
#4293 = LINE('',#4294,#4295);
#4294 = CARTESIAN_POINT('',(60.,-243.,-3.));
#4295 = VECTOR('',#4296,1.);
#4296 = DIRECTION('',(0.,0.,1.));
#4297 = ORIENTED_EDGE('',*,*,#4298,.T.);
#4298 = EDGE_CURVE('',#4291,#4267,#4299,.T.);
#4299 = LINE('',#4300,#4301);
#4300 = CARTESIAN_POINT('',(-83.,-243.,27.));
#4301 = VECTOR('',#4302,1.);
#4302 = DIRECTION('',(1.,0.,0.));
#4303 = ORIENTED_EDGE('',*,*,#4276,.T.);
#4304 = ORIENTED_EDGE('',*,*,#572,.T.);
#4305 = PLANE('',#4306);
#4306 = AXIS2_PLACEMENT_3D('',#4307,#4308,#4309);
#4307 = CARTESIAN_POINT('',(1.307898419869,-243.,15.290207008516));
#4308 = DIRECTION('',(0.,1.,0.));
#4309 = DIRECTION('',(0.,0.,1.));
#4310 = ADVANCED_FACE('',(#4311),#4329,.F.);
#4311 = FACE_BOUND('',#4312,.F.);
#4312 = EDGE_LOOP('',(#4313,#4314,#4322,#4328));
#4313 = ORIENTED_EDGE('',*,*,#564,.T.);
#4314 = ORIENTED_EDGE('',*,*,#4315,.T.);
#4315 = EDGE_CURVE('',#557,#4316,#4318,.T.);
#4316 = VERTEX_POINT('',#4317);
#4317 = CARTESIAN_POINT('',(60.,-242.5,27.));
#4318 = LINE('',#4319,#4320);
#4319 = CARTESIAN_POINT('',(60.,-242.5,-3.));
#4320 = VECTOR('',#4321,1.);
#4321 = DIRECTION('',(0.,0.,1.));
#4322 = ORIENTED_EDGE('',*,*,#4323,.F.);
#4323 = EDGE_CURVE('',#4291,#4316,#4324,.T.);
#4324 = LINE('',#4325,#4326);
#4325 = CARTESIAN_POINT('',(60.,-243.,27.));
#4326 = VECTOR('',#4327,1.);
#4327 = DIRECTION('',(0.,1.,-2.2E-16));
#4328 = ORIENTED_EDGE('',*,*,#4290,.F.);
#4329 = PLANE('',#4330);
#4330 = AXIS2_PLACEMENT_3D('',#4331,#4332,#4333);
#4331 = CARTESIAN_POINT('',(60.,-243.,-3.));
#4332 = DIRECTION('',(1.,0.,0.));
#4333 = DIRECTION('',(-0.,2.2E-16,1.));
#4334 = ADVANCED_FACE('',(#4335),#4353,.F.);
#4335 = FACE_BOUND('',#4336,.T.);
#4336 = EDGE_LOOP('',(#4337,#4345,#4346,#4347));
#4337 = ORIENTED_EDGE('',*,*,#4338,.T.);
#4338 = EDGE_CURVE('',#4339,#549,#4341,.T.);
#4339 = VERTEX_POINT('',#4340);
#4340 = CARTESIAN_POINT('',(59.,-242.5,27.));
#4341 = LINE('',#4342,#4343);
#4342 = CARTESIAN_POINT('',(59.,-242.5,27.));
#4343 = VECTOR('',#4344,1.);
#4344 = DIRECTION('',(0.,0.,-1.));
#4345 = ORIENTED_EDGE('',*,*,#556,.T.);
#4346 = ORIENTED_EDGE('',*,*,#4315,.T.);
#4347 = ORIENTED_EDGE('',*,*,#4348,.T.);
#4348 = EDGE_CURVE('',#4316,#4339,#4349,.T.);
#4349 = LINE('',#4350,#4351);
#4350 = CARTESIAN_POINT('',(60.,-242.5,27.));
#4351 = VECTOR('',#4352,1.);
#4352 = DIRECTION('',(-1.,0.,0.));
#4353 = PLANE('',#4354);
#4354 = AXIS2_PLACEMENT_3D('',#4355,#4356,#4357);
#4355 = CARTESIAN_POINT('',(-0.5,-242.5,12.));
#4356 = DIRECTION('',(0.,1.,0.));
#4357 = DIRECTION('',(0.,0.,1.));
#4358 = ADVANCED_FACE('',(#4359),#4377,.F.);
#4359 = FACE_BOUND('',#4360,.F.);
#4360 = EDGE_LOOP('',(#4361,#4369,#4370,#4371));
#4361 = ORIENTED_EDGE('',*,*,#4362,.T.);
#4362 = EDGE_CURVE('',#4363,#4339,#4365,.T.);
#4363 = VERTEX_POINT('',#4364);
#4364 = CARTESIAN_POINT('',(59.,-243.,27.));
#4365 = LINE('',#4366,#4367);
#4366 = CARTESIAN_POINT('',(59.,-243.,27.));
#4367 = VECTOR('',#4368,1.);
#4368 = DIRECTION('',(0.,1.,-2.2E-16));
#4369 = ORIENTED_EDGE('',*,*,#4338,.T.);
#4370 = ORIENTED_EDGE('',*,*,#548,.F.);
#4371 = ORIENTED_EDGE('',*,*,#4372,.F.);
#4372 = EDGE_CURVE('',#4363,#541,#4373,.T.);
#4373 = LINE('',#4374,#4375);
#4374 = CARTESIAN_POINT('',(59.,-243.,27.));
#4375 = VECTOR('',#4376,1.);
#4376 = DIRECTION('',(0.,0.,-1.));
#4377 = PLANE('',#4378);
#4378 = AXIS2_PLACEMENT_3D('',#4379,#4380,#4381);
#4379 = CARTESIAN_POINT('',(59.,-243.,27.));
#4380 = DIRECTION('',(-1.,0.,0.));
#4381 = DIRECTION('',(-0.,-2.2E-16,-1.));
#4382 = ADVANCED_FACE('',(#4383),#4401,.F.);
#4383 = FACE_BOUND('',#4384,.F.);
#4384 = EDGE_LOOP('',(#4385,#4393,#4399,#4400));
#4385 = ORIENTED_EDGE('',*,*,#4386,.T.);
#4386 = EDGE_CURVE('',#533,#4387,#4389,.T.);
#4387 = VERTEX_POINT('',#4388);
#4388 = CARTESIAN_POINT('',(40.,-243.,27.));
#4389 = LINE('',#4390,#4391);
#4390 = CARTESIAN_POINT('',(40.,-243.,-3.));
#4391 = VECTOR('',#4392,1.);
#4392 = DIRECTION('',(0.,0.,1.));
#4393 = ORIENTED_EDGE('',*,*,#4394,.T.);
#4394 = EDGE_CURVE('',#4387,#4363,#4395,.T.);
#4395 = LINE('',#4396,#4397);
#4396 = CARTESIAN_POINT('',(-83.,-243.,27.));
#4397 = VECTOR('',#4398,1.);
#4398 = DIRECTION('',(1.,0.,0.));
#4399 = ORIENTED_EDGE('',*,*,#4372,.T.);
#4400 = ORIENTED_EDGE('',*,*,#540,.T.);
#4401 = PLANE('',#4402);
#4402 = AXIS2_PLACEMENT_3D('',#4403,#4404,#4405);
#4403 = CARTESIAN_POINT('',(1.307898419869,-243.,15.290207008516));
#4404 = DIRECTION('',(0.,1.,0.));
#4405 = DIRECTION('',(0.,0.,1.));
#4406 = ADVANCED_FACE('',(#4407),#4425,.F.);
#4407 = FACE_BOUND('',#4408,.F.);
#4408 = EDGE_LOOP('',(#4409,#4410,#4418,#4424));
#4409 = ORIENTED_EDGE('',*,*,#532,.T.);
#4410 = ORIENTED_EDGE('',*,*,#4411,.T.);
#4411 = EDGE_CURVE('',#525,#4412,#4414,.T.);
#4412 = VERTEX_POINT('',#4413);
#4413 = CARTESIAN_POINT('',(40.,-242.5,27.));
#4414 = LINE('',#4415,#4416);
#4415 = CARTESIAN_POINT('',(40.,-242.5,-3.));
#4416 = VECTOR('',#4417,1.);
#4417 = DIRECTION('',(0.,0.,1.));
#4418 = ORIENTED_EDGE('',*,*,#4419,.F.);
#4419 = EDGE_CURVE('',#4387,#4412,#4420,.T.);
#4420 = LINE('',#4421,#4422);
#4421 = CARTESIAN_POINT('',(40.,-243.,27.));
#4422 = VECTOR('',#4423,1.);
#4423 = DIRECTION('',(0.,1.,-2.2E-16));
#4424 = ORIENTED_EDGE('',*,*,#4386,.F.);
#4425 = PLANE('',#4426);
#4426 = AXIS2_PLACEMENT_3D('',#4427,#4428,#4429);
#4427 = CARTESIAN_POINT('',(40.,-243.,-3.));
#4428 = DIRECTION('',(1.,0.,0.));
#4429 = DIRECTION('',(-0.,2.2E-16,1.));
#4430 = ADVANCED_FACE('',(#4431),#4449,.F.);
#4431 = FACE_BOUND('',#4432,.T.);
#4432 = EDGE_LOOP('',(#4433,#4441,#4442,#4443));
#4433 = ORIENTED_EDGE('',*,*,#4434,.T.);
#4434 = EDGE_CURVE('',#4435,#517,#4437,.T.);
#4435 = VERTEX_POINT('',#4436);
#4436 = CARTESIAN_POINT('',(39.,-242.5,27.));
#4437 = LINE('',#4438,#4439);
#4438 = CARTESIAN_POINT('',(39.,-242.5,27.));
#4439 = VECTOR('',#4440,1.);
#4440 = DIRECTION('',(0.,0.,-1.));
#4441 = ORIENTED_EDGE('',*,*,#524,.T.);
#4442 = ORIENTED_EDGE('',*,*,#4411,.T.);
#4443 = ORIENTED_EDGE('',*,*,#4444,.T.);
#4444 = EDGE_CURVE('',#4412,#4435,#4445,.T.);
#4445 = LINE('',#4446,#4447);
#4446 = CARTESIAN_POINT('',(40.,-242.5,27.));
#4447 = VECTOR('',#4448,1.);
#4448 = DIRECTION('',(-1.,0.,0.));
#4449 = PLANE('',#4450);
#4450 = AXIS2_PLACEMENT_3D('',#4451,#4452,#4453);
#4451 = CARTESIAN_POINT('',(-0.5,-242.5,12.));
#4452 = DIRECTION('',(0.,1.,0.));
#4453 = DIRECTION('',(0.,0.,1.));
#4454 = ADVANCED_FACE('',(#4455),#4473,.F.);
#4455 = FACE_BOUND('',#4456,.F.);
#4456 = EDGE_LOOP('',(#4457,#4465,#4466,#4467));
#4457 = ORIENTED_EDGE('',*,*,#4458,.T.);
#4458 = EDGE_CURVE('',#4459,#4435,#4461,.T.);
#4459 = VERTEX_POINT('',#4460);
#4460 = CARTESIAN_POINT('',(39.,-243.,27.));
#4461 = LINE('',#4462,#4463);
#4462 = CARTESIAN_POINT('',(39.,-243.,27.));
#4463 = VECTOR('',#4464,1.);
#4464 = DIRECTION('',(0.,1.,-2.2E-16));
#4465 = ORIENTED_EDGE('',*,*,#4434,.T.);
#4466 = ORIENTED_EDGE('',*,*,#516,.F.);
#4467 = ORIENTED_EDGE('',*,*,#4468,.F.);
#4468 = EDGE_CURVE('',#4459,#509,#4469,.T.);
#4469 = LINE('',#4470,#4471);
#4470 = CARTESIAN_POINT('',(39.,-243.,27.));
#4471 = VECTOR('',#4472,1.);
#4472 = DIRECTION('',(0.,0.,-1.));
#4473 = PLANE('',#4474);
#4474 = AXIS2_PLACEMENT_3D('',#4475,#4476,#4477);
#4475 = CARTESIAN_POINT('',(39.,-243.,27.));
#4476 = DIRECTION('',(-1.,0.,0.));
#4477 = DIRECTION('',(-0.,-2.2E-16,-1.));
#4478 = ADVANCED_FACE('',(#4479),#4497,.F.);
#4479 = FACE_BOUND('',#4480,.F.);
#4480 = EDGE_LOOP('',(#4481,#4489,#4495,#4496));
#4481 = ORIENTED_EDGE('',*,*,#4482,.T.);
#4482 = EDGE_CURVE('',#501,#4483,#4485,.T.);
#4483 = VERTEX_POINT('',#4484);
#4484 = CARTESIAN_POINT('',(20.,-243.,27.));
#4485 = LINE('',#4486,#4487);
#4486 = CARTESIAN_POINT('',(20.,-243.,-3.));
#4487 = VECTOR('',#4488,1.);
#4488 = DIRECTION('',(0.,0.,1.));
#4489 = ORIENTED_EDGE('',*,*,#4490,.T.);
#4490 = EDGE_CURVE('',#4483,#4459,#4491,.T.);
#4491 = LINE('',#4492,#4493);
#4492 = CARTESIAN_POINT('',(-83.,-243.,27.));
#4493 = VECTOR('',#4494,1.);
#4494 = DIRECTION('',(1.,0.,0.));
#4495 = ORIENTED_EDGE('',*,*,#4468,.T.);
#4496 = ORIENTED_EDGE('',*,*,#508,.T.);
#4497 = PLANE('',#4498);
#4498 = AXIS2_PLACEMENT_3D('',#4499,#4500,#4501);
#4499 = CARTESIAN_POINT('',(1.307898419869,-243.,15.290207008516));
#4500 = DIRECTION('',(0.,1.,0.));
#4501 = DIRECTION('',(0.,0.,1.));
#4502 = ADVANCED_FACE('',(#4503),#4521,.F.);
#4503 = FACE_BOUND('',#4504,.F.);
#4504 = EDGE_LOOP('',(#4505,#4506,#4514,#4520));
#4505 = ORIENTED_EDGE('',*,*,#500,.T.);
#4506 = ORIENTED_EDGE('',*,*,#4507,.T.);
#4507 = EDGE_CURVE('',#493,#4508,#4510,.T.);
#4508 = VERTEX_POINT('',#4509);
#4509 = CARTESIAN_POINT('',(20.,-242.5,27.));
#4510 = LINE('',#4511,#4512);
#4511 = CARTESIAN_POINT('',(20.,-242.5,-3.));
#4512 = VECTOR('',#4513,1.);
#4513 = DIRECTION('',(0.,0.,1.));
#4514 = ORIENTED_EDGE('',*,*,#4515,.F.);
#4515 = EDGE_CURVE('',#4483,#4508,#4516,.T.);
#4516 = LINE('',#4517,#4518);
#4517 = CARTESIAN_POINT('',(20.,-243.,27.));
#4518 = VECTOR('',#4519,1.);
#4519 = DIRECTION('',(0.,1.,-2.2E-16));
#4520 = ORIENTED_EDGE('',*,*,#4482,.F.);
#4521 = PLANE('',#4522);
#4522 = AXIS2_PLACEMENT_3D('',#4523,#4524,#4525);
#4523 = CARTESIAN_POINT('',(20.,-243.,-3.));
#4524 = DIRECTION('',(1.,0.,0.));
#4525 = DIRECTION('',(-0.,2.2E-16,1.));
#4526 = ADVANCED_FACE('',(#4527),#4545,.F.);
#4527 = FACE_BOUND('',#4528,.T.);
#4528 = EDGE_LOOP('',(#4529,#4537,#4538,#4539));
#4529 = ORIENTED_EDGE('',*,*,#4530,.T.);
#4530 = EDGE_CURVE('',#4531,#485,#4533,.T.);
#4531 = VERTEX_POINT('',#4532);
#4532 = CARTESIAN_POINT('',(19.,-242.5,27.));
#4533 = LINE('',#4534,#4535);
#4534 = CARTESIAN_POINT('',(19.,-242.5,27.));
#4535 = VECTOR('',#4536,1.);
#4536 = DIRECTION('',(0.,0.,-1.));
#4537 = ORIENTED_EDGE('',*,*,#492,.T.);
#4538 = ORIENTED_EDGE('',*,*,#4507,.T.);
#4539 = ORIENTED_EDGE('',*,*,#4540,.T.);
#4540 = EDGE_CURVE('',#4508,#4531,#4541,.T.);
#4541 = LINE('',#4542,#4543);
#4542 = CARTESIAN_POINT('',(20.,-242.5,27.));
#4543 = VECTOR('',#4544,1.);
#4544 = DIRECTION('',(-1.,0.,0.));
#4545 = PLANE('',#4546);
#4546 = AXIS2_PLACEMENT_3D('',#4547,#4548,#4549);
#4547 = CARTESIAN_POINT('',(-0.5,-242.5,12.));
#4548 = DIRECTION('',(0.,1.,0.));
#4549 = DIRECTION('',(0.,0.,1.));
#4550 = ADVANCED_FACE('',(#4551),#4569,.F.);
#4551 = FACE_BOUND('',#4552,.F.);
#4552 = EDGE_LOOP('',(#4553,#4561,#4562,#4563));
#4553 = ORIENTED_EDGE('',*,*,#4554,.T.);
#4554 = EDGE_CURVE('',#4555,#4531,#4557,.T.);
#4555 = VERTEX_POINT('',#4556);
#4556 = CARTESIAN_POINT('',(19.,-243.,27.));
#4557 = LINE('',#4558,#4559);
#4558 = CARTESIAN_POINT('',(19.,-243.,27.));
#4559 = VECTOR('',#4560,1.);
#4560 = DIRECTION('',(0.,1.,-2.2E-16));
#4561 = ORIENTED_EDGE('',*,*,#4530,.T.);
#4562 = ORIENTED_EDGE('',*,*,#484,.F.);
#4563 = ORIENTED_EDGE('',*,*,#4564,.F.);
#4564 = EDGE_CURVE('',#4555,#477,#4565,.T.);
#4565 = LINE('',#4566,#4567);
#4566 = CARTESIAN_POINT('',(19.,-243.,27.));
#4567 = VECTOR('',#4568,1.);
#4568 = DIRECTION('',(0.,0.,-1.));
#4569 = PLANE('',#4570);
#4570 = AXIS2_PLACEMENT_3D('',#4571,#4572,#4573);
#4571 = CARTESIAN_POINT('',(19.,-243.,27.));
#4572 = DIRECTION('',(-1.,0.,0.));
#4573 = DIRECTION('',(-0.,-2.2E-16,-1.));
#4574 = ADVANCED_FACE('',(#4575),#4593,.F.);
#4575 = FACE_BOUND('',#4576,.F.);
#4576 = EDGE_LOOP('',(#4577,#4585,#4591,#4592));
#4577 = ORIENTED_EDGE('',*,*,#4578,.T.);
#4578 = EDGE_CURVE('',#469,#4579,#4581,.T.);
#4579 = VERTEX_POINT('',#4580);
#4580 = CARTESIAN_POINT('',(0.,-243.,27.));
#4581 = LINE('',#4582,#4583);
#4582 = CARTESIAN_POINT('',(0.,-243.,-3.));
#4583 = VECTOR('',#4584,1.);
#4584 = DIRECTION('',(0.,0.,1.));
#4585 = ORIENTED_EDGE('',*,*,#4586,.T.);
#4586 = EDGE_CURVE('',#4579,#4555,#4587,.T.);
#4587 = LINE('',#4588,#4589);
#4588 = CARTESIAN_POINT('',(-83.,-243.,27.));
#4589 = VECTOR('',#4590,1.);
#4590 = DIRECTION('',(1.,0.,0.));
#4591 = ORIENTED_EDGE('',*,*,#4564,.T.);
#4592 = ORIENTED_EDGE('',*,*,#476,.T.);
#4593 = PLANE('',#4594);
#4594 = AXIS2_PLACEMENT_3D('',#4595,#4596,#4597);
#4595 = CARTESIAN_POINT('',(1.307898419869,-243.,15.290207008516));
#4596 = DIRECTION('',(0.,1.,0.));
#4597 = DIRECTION('',(0.,0.,1.));
#4598 = ADVANCED_FACE('',(#4599),#4617,.F.);
#4599 = FACE_BOUND('',#4600,.F.);
#4600 = EDGE_LOOP('',(#4601,#4602,#4610,#4616));
#4601 = ORIENTED_EDGE('',*,*,#468,.T.);
#4602 = ORIENTED_EDGE('',*,*,#4603,.T.);
#4603 = EDGE_CURVE('',#461,#4604,#4606,.T.);
#4604 = VERTEX_POINT('',#4605);
#4605 = CARTESIAN_POINT('',(0.,-242.5,27.));
#4606 = LINE('',#4607,#4608);
#4607 = CARTESIAN_POINT('',(0.,-242.5,-3.));
#4608 = VECTOR('',#4609,1.);
#4609 = DIRECTION('',(0.,0.,1.));
#4610 = ORIENTED_EDGE('',*,*,#4611,.F.);
#4611 = EDGE_CURVE('',#4579,#4604,#4612,.T.);
#4612 = LINE('',#4613,#4614);
#4613 = CARTESIAN_POINT('',(0.,-243.,27.));
#4614 = VECTOR('',#4615,1.);
#4615 = DIRECTION('',(0.,1.,-2.2E-16));
#4616 = ORIENTED_EDGE('',*,*,#4578,.F.);
#4617 = PLANE('',#4618);
#4618 = AXIS2_PLACEMENT_3D('',#4619,#4620,#4621);
#4619 = CARTESIAN_POINT('',(0.,-243.,-3.));
#4620 = DIRECTION('',(1.,0.,0.));
#4621 = DIRECTION('',(-0.,2.2E-16,1.));
#4622 = ADVANCED_FACE('',(#4623),#4641,.F.);
#4623 = FACE_BOUND('',#4624,.T.);
#4624 = EDGE_LOOP('',(#4625,#4633,#4634,#4635));
#4625 = ORIENTED_EDGE('',*,*,#4626,.T.);
#4626 = EDGE_CURVE('',#4627,#453,#4629,.T.);
#4627 = VERTEX_POINT('',#4628);
#4628 = CARTESIAN_POINT('',(-1.,-242.5,27.));
#4629 = LINE('',#4630,#4631);
#4630 = CARTESIAN_POINT('',(-1.,-242.5,27.));
#4631 = VECTOR('',#4632,1.);
#4632 = DIRECTION('',(0.,0.,-1.));
#4633 = ORIENTED_EDGE('',*,*,#460,.T.);
#4634 = ORIENTED_EDGE('',*,*,#4603,.T.);
#4635 = ORIENTED_EDGE('',*,*,#4636,.T.);
#4636 = EDGE_CURVE('',#4604,#4627,#4637,.T.);
#4637 = LINE('',#4638,#4639);
#4638 = CARTESIAN_POINT('',(0.,-242.5,27.));
#4639 = VECTOR('',#4640,1.);
#4640 = DIRECTION('',(-1.,0.,0.));
#4641 = PLANE('',#4642);
#4642 = AXIS2_PLACEMENT_3D('',#4643,#4644,#4645);
#4643 = CARTESIAN_POINT('',(-0.5,-242.5,12.));
#4644 = DIRECTION('',(0.,1.,0.));
#4645 = DIRECTION('',(0.,0.,1.));
#4646 = ADVANCED_FACE('',(#4647),#4665,.F.);
#4647 = FACE_BOUND('',#4648,.F.);
#4648 = EDGE_LOOP('',(#4649,#4657,#4658,#4659));
#4649 = ORIENTED_EDGE('',*,*,#4650,.T.);
#4650 = EDGE_CURVE('',#4651,#4627,#4653,.T.);
#4651 = VERTEX_POINT('',#4652);
#4652 = CARTESIAN_POINT('',(-1.,-243.,27.));
#4653 = LINE('',#4654,#4655);
#4654 = CARTESIAN_POINT('',(-1.,-243.,27.));
#4655 = VECTOR('',#4656,1.);
#4656 = DIRECTION('',(0.,1.,-2.2E-16));
#4657 = ORIENTED_EDGE('',*,*,#4626,.T.);
#4658 = ORIENTED_EDGE('',*,*,#452,.F.);
#4659 = ORIENTED_EDGE('',*,*,#4660,.F.);
#4660 = EDGE_CURVE('',#4651,#445,#4661,.T.);
#4661 = LINE('',#4662,#4663);
#4662 = CARTESIAN_POINT('',(-1.,-243.,27.));
#4663 = VECTOR('',#4664,1.);
#4664 = DIRECTION('',(0.,0.,-1.));
#4665 = PLANE('',#4666);
#4666 = AXIS2_PLACEMENT_3D('',#4667,#4668,#4669);
#4667 = CARTESIAN_POINT('',(-1.,-243.,27.));
#4668 = DIRECTION('',(-1.,0.,0.));
#4669 = DIRECTION('',(-0.,-2.2E-16,-1.));
#4670 = ADVANCED_FACE('',(#4671),#4689,.F.);
#4671 = FACE_BOUND('',#4672,.F.);
#4672 = EDGE_LOOP('',(#4673,#4681,#4687,#4688));
#4673 = ORIENTED_EDGE('',*,*,#4674,.T.);
#4674 = EDGE_CURVE('',#437,#4675,#4677,.T.);
#4675 = VERTEX_POINT('',#4676);
#4676 = CARTESIAN_POINT('',(-20.,-243.,27.));
#4677 = LINE('',#4678,#4679);
#4678 = CARTESIAN_POINT('',(-20.,-243.,-3.));
#4679 = VECTOR('',#4680,1.);
#4680 = DIRECTION('',(0.,0.,1.));
#4681 = ORIENTED_EDGE('',*,*,#4682,.T.);
#4682 = EDGE_CURVE('',#4675,#4651,#4683,.T.);
#4683 = LINE('',#4684,#4685);
#4684 = CARTESIAN_POINT('',(-83.,-243.,27.));
#4685 = VECTOR('',#4686,1.);
#4686 = DIRECTION('',(1.,0.,0.));
#4687 = ORIENTED_EDGE('',*,*,#4660,.T.);
#4688 = ORIENTED_EDGE('',*,*,#444,.T.);
#4689 = PLANE('',#4690);
#4690 = AXIS2_PLACEMENT_3D('',#4691,#4692,#4693);
#4691 = CARTESIAN_POINT('',(1.307898419869,-243.,15.290207008516));
#4692 = DIRECTION('',(0.,1.,0.));
#4693 = DIRECTION('',(0.,0.,1.));
#4694 = ADVANCED_FACE('',(#4695),#4713,.F.);
#4695 = FACE_BOUND('',#4696,.F.);
#4696 = EDGE_LOOP('',(#4697,#4698,#4706,#4712));
#4697 = ORIENTED_EDGE('',*,*,#436,.T.);
#4698 = ORIENTED_EDGE('',*,*,#4699,.T.);
#4699 = EDGE_CURVE('',#429,#4700,#4702,.T.);
#4700 = VERTEX_POINT('',#4701);
#4701 = CARTESIAN_POINT('',(-20.,-242.5,27.));
#4702 = LINE('',#4703,#4704);
#4703 = CARTESIAN_POINT('',(-20.,-242.5,-3.));
#4704 = VECTOR('',#4705,1.);
#4705 = DIRECTION('',(0.,0.,1.));
#4706 = ORIENTED_EDGE('',*,*,#4707,.F.);
#4707 = EDGE_CURVE('',#4675,#4700,#4708,.T.);
#4708 = LINE('',#4709,#4710);
#4709 = CARTESIAN_POINT('',(-20.,-243.,27.));
#4710 = VECTOR('',#4711,1.);
#4711 = DIRECTION('',(0.,1.,-2.2E-16));
#4712 = ORIENTED_EDGE('',*,*,#4674,.F.);
#4713 = PLANE('',#4714);
#4714 = AXIS2_PLACEMENT_3D('',#4715,#4716,#4717);
#4715 = CARTESIAN_POINT('',(-20.,-243.,-3.));
#4716 = DIRECTION('',(1.,0.,0.));
#4717 = DIRECTION('',(-0.,2.2E-16,1.));
#4718 = ADVANCED_FACE('',(#4719),#4737,.F.);
#4719 = FACE_BOUND('',#4720,.T.);
#4720 = EDGE_LOOP('',(#4721,#4729,#4730,#4731));
#4721 = ORIENTED_EDGE('',*,*,#4722,.T.);
#4722 = EDGE_CURVE('',#4723,#421,#4725,.T.);
#4723 = VERTEX_POINT('',#4724);
#4724 = CARTESIAN_POINT('',(-21.,-242.5,27.));
#4725 = LINE('',#4726,#4727);
#4726 = CARTESIAN_POINT('',(-21.,-242.5,27.));
#4727 = VECTOR('',#4728,1.);
#4728 = DIRECTION('',(0.,0.,-1.));
#4729 = ORIENTED_EDGE('',*,*,#428,.T.);
#4730 = ORIENTED_EDGE('',*,*,#4699,.T.);
#4731 = ORIENTED_EDGE('',*,*,#4732,.T.);
#4732 = EDGE_CURVE('',#4700,#4723,#4733,.T.);
#4733 = LINE('',#4734,#4735);
#4734 = CARTESIAN_POINT('',(-20.,-242.5,27.));
#4735 = VECTOR('',#4736,1.);
#4736 = DIRECTION('',(-1.,0.,0.));
#4737 = PLANE('',#4738);
#4738 = AXIS2_PLACEMENT_3D('',#4739,#4740,#4741);
#4739 = CARTESIAN_POINT('',(-0.5,-242.5,12.));
#4740 = DIRECTION('',(0.,1.,0.));
#4741 = DIRECTION('',(0.,0.,1.));
#4742 = ADVANCED_FACE('',(#4743),#4761,.F.);
#4743 = FACE_BOUND('',#4744,.F.);
#4744 = EDGE_LOOP('',(#4745,#4753,#4754,#4755));
#4745 = ORIENTED_EDGE('',*,*,#4746,.T.);
#4746 = EDGE_CURVE('',#4747,#4723,#4749,.T.);
#4747 = VERTEX_POINT('',#4748);
#4748 = CARTESIAN_POINT('',(-21.,-243.,27.));
#4749 = LINE('',#4750,#4751);
#4750 = CARTESIAN_POINT('',(-21.,-243.,27.));
#4751 = VECTOR('',#4752,1.);
#4752 = DIRECTION('',(0.,1.,-2.2E-16));
#4753 = ORIENTED_EDGE('',*,*,#4722,.T.);
#4754 = ORIENTED_EDGE('',*,*,#420,.F.);
#4755 = ORIENTED_EDGE('',*,*,#4756,.F.);
#4756 = EDGE_CURVE('',#4747,#413,#4757,.T.);
#4757 = LINE('',#4758,#4759);
#4758 = CARTESIAN_POINT('',(-21.,-243.,27.));
#4759 = VECTOR('',#4760,1.);
#4760 = DIRECTION('',(0.,0.,-1.));
#4761 = PLANE('',#4762);
#4762 = AXIS2_PLACEMENT_3D('',#4763,#4764,#4765);
#4763 = CARTESIAN_POINT('',(-21.,-243.,27.));
#4764 = DIRECTION('',(-1.,0.,0.));
#4765 = DIRECTION('',(-0.,-2.2E-16,-1.));
#4766 = ADVANCED_FACE('',(#4767),#4785,.F.);
#4767 = FACE_BOUND('',#4768,.F.);
#4768 = EDGE_LOOP('',(#4769,#4777,#4783,#4784));
#4769 = ORIENTED_EDGE('',*,*,#4770,.T.);
#4770 = EDGE_CURVE('',#405,#4771,#4773,.T.);
#4771 = VERTEX_POINT('',#4772);
#4772 = CARTESIAN_POINT('',(-40.,-243.,27.));
#4773 = LINE('',#4774,#4775);
#4774 = CARTESIAN_POINT('',(-40.,-243.,-3.));
#4775 = VECTOR('',#4776,1.);
#4776 = DIRECTION('',(0.,0.,1.));
#4777 = ORIENTED_EDGE('',*,*,#4778,.T.);
#4778 = EDGE_CURVE('',#4771,#4747,#4779,.T.);
#4779 = LINE('',#4780,#4781);
#4780 = CARTESIAN_POINT('',(-83.,-243.,27.));
#4781 = VECTOR('',#4782,1.);
#4782 = DIRECTION('',(1.,0.,0.));
#4783 = ORIENTED_EDGE('',*,*,#4756,.T.);
#4784 = ORIENTED_EDGE('',*,*,#412,.T.);
#4785 = PLANE('',#4786);
#4786 = AXIS2_PLACEMENT_3D('',#4787,#4788,#4789);
#4787 = CARTESIAN_POINT('',(1.307898419869,-243.,15.290207008516));
#4788 = DIRECTION('',(0.,1.,0.));
#4789 = DIRECTION('',(0.,0.,1.));
#4790 = ADVANCED_FACE('',(#4791),#4809,.F.);
#4791 = FACE_BOUND('',#4792,.F.);
#4792 = EDGE_LOOP('',(#4793,#4794,#4802,#4808));
#4793 = ORIENTED_EDGE('',*,*,#404,.T.);
#4794 = ORIENTED_EDGE('',*,*,#4795,.T.);
#4795 = EDGE_CURVE('',#397,#4796,#4798,.T.);
#4796 = VERTEX_POINT('',#4797);
#4797 = CARTESIAN_POINT('',(-40.,-242.5,27.));
#4798 = LINE('',#4799,#4800);
#4799 = CARTESIAN_POINT('',(-40.,-242.5,-3.));
#4800 = VECTOR('',#4801,1.);
#4801 = DIRECTION('',(0.,0.,1.));
#4802 = ORIENTED_EDGE('',*,*,#4803,.F.);
#4803 = EDGE_CURVE('',#4771,#4796,#4804,.T.);
#4804 = LINE('',#4805,#4806);
#4805 = CARTESIAN_POINT('',(-40.,-243.,27.));
#4806 = VECTOR('',#4807,1.);
#4807 = DIRECTION('',(0.,1.,-2.2E-16));
#4808 = ORIENTED_EDGE('',*,*,#4770,.F.);
#4809 = PLANE('',#4810);
#4810 = AXIS2_PLACEMENT_3D('',#4811,#4812,#4813);
#4811 = CARTESIAN_POINT('',(-40.,-243.,-3.));
#4812 = DIRECTION('',(1.,0.,0.));
#4813 = DIRECTION('',(-0.,2.2E-16,1.));
#4814 = ADVANCED_FACE('',(#4815),#4833,.F.);
#4815 = FACE_BOUND('',#4816,.T.);
#4816 = EDGE_LOOP('',(#4817,#4825,#4826,#4827));
#4817 = ORIENTED_EDGE('',*,*,#4818,.T.);
#4818 = EDGE_CURVE('',#4819,#389,#4821,.T.);
#4819 = VERTEX_POINT('',#4820);
#4820 = CARTESIAN_POINT('',(-41.,-242.5,27.));
#4821 = LINE('',#4822,#4823);
#4822 = CARTESIAN_POINT('',(-41.,-242.5,27.));
#4823 = VECTOR('',#4824,1.);
#4824 = DIRECTION('',(0.,0.,-1.));
#4825 = ORIENTED_EDGE('',*,*,#396,.T.);
#4826 = ORIENTED_EDGE('',*,*,#4795,.T.);
#4827 = ORIENTED_EDGE('',*,*,#4828,.T.);
#4828 = EDGE_CURVE('',#4796,#4819,#4829,.T.);
#4829 = LINE('',#4830,#4831);
#4830 = CARTESIAN_POINT('',(-40.,-242.5,27.));
#4831 = VECTOR('',#4832,1.);
#4832 = DIRECTION('',(-1.,0.,0.));
#4833 = PLANE('',#4834);
#4834 = AXIS2_PLACEMENT_3D('',#4835,#4836,#4837);
#4835 = CARTESIAN_POINT('',(-0.5,-242.5,12.));
#4836 = DIRECTION('',(0.,1.,0.));
#4837 = DIRECTION('',(0.,0.,1.));
#4838 = ADVANCED_FACE('',(#4839),#4857,.F.);
#4839 = FACE_BOUND('',#4840,.F.);
#4840 = EDGE_LOOP('',(#4841,#4849,#4850,#4851));
#4841 = ORIENTED_EDGE('',*,*,#4842,.T.);
#4842 = EDGE_CURVE('',#4843,#4819,#4845,.T.);
#4843 = VERTEX_POINT('',#4844);
#4844 = CARTESIAN_POINT('',(-41.,-243.,27.));
#4845 = LINE('',#4846,#4847);
#4846 = CARTESIAN_POINT('',(-41.,-243.,27.));
#4847 = VECTOR('',#4848,1.);
#4848 = DIRECTION('',(0.,1.,-2.2E-16));
#4849 = ORIENTED_EDGE('',*,*,#4818,.T.);
#4850 = ORIENTED_EDGE('',*,*,#388,.F.);
#4851 = ORIENTED_EDGE('',*,*,#4852,.F.);
#4852 = EDGE_CURVE('',#4843,#381,#4853,.T.);
#4853 = LINE('',#4854,#4855);
#4854 = CARTESIAN_POINT('',(-41.,-243.,27.));
#4855 = VECTOR('',#4856,1.);
#4856 = DIRECTION('',(0.,0.,-1.));
#4857 = PLANE('',#4858);
#4858 = AXIS2_PLACEMENT_3D('',#4859,#4860,#4861);
#4859 = CARTESIAN_POINT('',(-41.,-243.,27.));
#4860 = DIRECTION('',(-1.,0.,0.));
#4861 = DIRECTION('',(-0.,-2.2E-16,-1.));
#4862 = ADVANCED_FACE('',(#4863),#4881,.F.);
#4863 = FACE_BOUND('',#4864,.F.);
#4864 = EDGE_LOOP('',(#4865,#4873,#4879,#4880));
#4865 = ORIENTED_EDGE('',*,*,#4866,.T.);
#4866 = EDGE_CURVE('',#373,#4867,#4869,.T.);
#4867 = VERTEX_POINT('',#4868);
#4868 = CARTESIAN_POINT('',(-60.,-243.,27.));
#4869 = LINE('',#4870,#4871);
#4870 = CARTESIAN_POINT('',(-60.,-243.,-3.));
#4871 = VECTOR('',#4872,1.);
#4872 = DIRECTION('',(0.,0.,1.));
#4873 = ORIENTED_EDGE('',*,*,#4874,.T.);
#4874 = EDGE_CURVE('',#4867,#4843,#4875,.T.);
#4875 = LINE('',#4876,#4877);
#4876 = CARTESIAN_POINT('',(-83.,-243.,27.));
#4877 = VECTOR('',#4878,1.);
#4878 = DIRECTION('',(1.,0.,0.));
#4879 = ORIENTED_EDGE('',*,*,#4852,.T.);
#4880 = ORIENTED_EDGE('',*,*,#380,.T.);
#4881 = PLANE('',#4882);
#4882 = AXIS2_PLACEMENT_3D('',#4883,#4884,#4885);
#4883 = CARTESIAN_POINT('',(1.307898419869,-243.,15.290207008516));
#4884 = DIRECTION('',(0.,1.,0.));
#4885 = DIRECTION('',(0.,0.,1.));
#4886 = ADVANCED_FACE('',(#4887),#4905,.F.);
#4887 = FACE_BOUND('',#4888,.F.);
#4888 = EDGE_LOOP('',(#4889,#4890,#4898,#4904));
#4889 = ORIENTED_EDGE('',*,*,#372,.T.);
#4890 = ORIENTED_EDGE('',*,*,#4891,.T.);
#4891 = EDGE_CURVE('',#365,#4892,#4894,.T.);
#4892 = VERTEX_POINT('',#4893);
#4893 = CARTESIAN_POINT('',(-60.,-242.5,27.));
#4894 = LINE('',#4895,#4896);
#4895 = CARTESIAN_POINT('',(-60.,-242.5,-3.));
#4896 = VECTOR('',#4897,1.);
#4897 = DIRECTION('',(0.,0.,1.));
#4898 = ORIENTED_EDGE('',*,*,#4899,.F.);
#4899 = EDGE_CURVE('',#4867,#4892,#4900,.T.);
#4900 = LINE('',#4901,#4902);
#4901 = CARTESIAN_POINT('',(-60.,-243.,27.));
#4902 = VECTOR('',#4903,1.);
#4903 = DIRECTION('',(0.,1.,-2.2E-16));
#4904 = ORIENTED_EDGE('',*,*,#4866,.F.);
#4905 = PLANE('',#4906);
#4906 = AXIS2_PLACEMENT_3D('',#4907,#4908,#4909);
#4907 = CARTESIAN_POINT('',(-60.,-243.,-3.));
#4908 = DIRECTION('',(1.,0.,0.));
#4909 = DIRECTION('',(-0.,2.2E-16,1.));
#4910 = ADVANCED_FACE('',(#4911),#4929,.F.);
#4911 = FACE_BOUND('',#4912,.T.);
#4912 = EDGE_LOOP('',(#4913,#4921,#4922,#4923));
#4913 = ORIENTED_EDGE('',*,*,#4914,.T.);
#4914 = EDGE_CURVE('',#4915,#357,#4917,.T.);
#4915 = VERTEX_POINT('',#4916);
#4916 = CARTESIAN_POINT('',(-61.,-242.5,27.));
#4917 = LINE('',#4918,#4919);
#4918 = CARTESIAN_POINT('',(-61.,-242.5,27.));
#4919 = VECTOR('',#4920,1.);
#4920 = DIRECTION('',(0.,0.,-1.));
#4921 = ORIENTED_EDGE('',*,*,#364,.T.);
#4922 = ORIENTED_EDGE('',*,*,#4891,.T.);
#4923 = ORIENTED_EDGE('',*,*,#4924,.T.);
#4924 = EDGE_CURVE('',#4892,#4915,#4925,.T.);
#4925 = LINE('',#4926,#4927);
#4926 = CARTESIAN_POINT('',(-60.,-242.5,27.));
#4927 = VECTOR('',#4928,1.);
#4928 = DIRECTION('',(-1.,0.,0.));
#4929 = PLANE('',#4930);
#4930 = AXIS2_PLACEMENT_3D('',#4931,#4932,#4933);
#4931 = CARTESIAN_POINT('',(-0.5,-242.5,12.));
#4932 = DIRECTION('',(0.,1.,0.));
#4933 = DIRECTION('',(0.,0.,1.));
#4934 = ADVANCED_FACE('',(#4935),#4953,.F.);
#4935 = FACE_BOUND('',#4936,.F.);
#4936 = EDGE_LOOP('',(#4937,#4945,#4946,#4947));
#4937 = ORIENTED_EDGE('',*,*,#4938,.T.);
#4938 = EDGE_CURVE('',#4939,#4915,#4941,.T.);
#4939 = VERTEX_POINT('',#4940);
#4940 = CARTESIAN_POINT('',(-61.,-243.,27.));
#4941 = LINE('',#4942,#4943);
#4942 = CARTESIAN_POINT('',(-61.,-243.,27.));
#4943 = VECTOR('',#4944,1.);
#4944 = DIRECTION('',(0.,1.,-2.2E-16));
#4945 = ORIENTED_EDGE('',*,*,#4914,.T.);
#4946 = ORIENTED_EDGE('',*,*,#356,.F.);
#4947 = ORIENTED_EDGE('',*,*,#4948,.F.);
#4948 = EDGE_CURVE('',#4939,#349,#4949,.T.);
#4949 = LINE('',#4950,#4951);
#4950 = CARTESIAN_POINT('',(-61.,-243.,27.));
#4951 = VECTOR('',#4952,1.);
#4952 = DIRECTION('',(0.,0.,-1.));
#4953 = PLANE('',#4954);
#4954 = AXIS2_PLACEMENT_3D('',#4955,#4956,#4957);
#4955 = CARTESIAN_POINT('',(-61.,-243.,27.));
#4956 = DIRECTION('',(-1.,0.,0.));
#4957 = DIRECTION('',(-0.,-2.2E-16,-1.));
#4958 = ADVANCED_FACE('',(#4959),#4985,.F.);
#4959 = FACE_BOUND('',#4960,.F.);
#4960 = EDGE_LOOP('',(#4961,#4969,#4977,#4983,#4984));
#4961 = ORIENTED_EDGE('',*,*,#4962,.T.);
#4962 = EDGE_CURVE('',#341,#4963,#4965,.T.);
#4963 = VERTEX_POINT('',#4964);
#4964 = CARTESIAN_POINT('',(-81.,-243.,9.585786341957));
#4965 = LINE('',#4966,#4967);
#4966 = CARTESIAN_POINT('',(-69.82842380233,-243.,-1.585786206659));
#4967 = VECTOR('',#4968,1.);
#4968 = DIRECTION('',(-0.70710689667,0.,0.707106665703));
#4969 = ORIENTED_EDGE('',*,*,#4970,.T.);
#4970 = EDGE_CURVE('',#4963,#4971,#4973,.T.);
#4971 = VERTEX_POINT('',#4972);
#4972 = CARTESIAN_POINT('',(-81.,-243.,27.));
#4973 = LINE('',#4974,#4975);
#4974 = CARTESIAN_POINT('',(-81.,-243.,8.757359025871));
#4975 = VECTOR('',#4976,1.);
#4976 = DIRECTION('',(0.,0.,1.));
#4977 = ORIENTED_EDGE('',*,*,#4978,.T.);
#4978 = EDGE_CURVE('',#4971,#4939,#4979,.T.);
#4979 = LINE('',#4980,#4981);
#4980 = CARTESIAN_POINT('',(-83.,-243.,27.));
#4981 = VECTOR('',#4982,1.);
#4982 = DIRECTION('',(1.,0.,0.));
#4983 = ORIENTED_EDGE('',*,*,#4948,.T.);
#4984 = ORIENTED_EDGE('',*,*,#348,.T.);
#4985 = PLANE('',#4986);
#4986 = AXIS2_PLACEMENT_3D('',#4987,#4988,#4989);
#4987 = CARTESIAN_POINT('',(1.307898419869,-243.,15.290207008516));
#4988 = DIRECTION('',(0.,1.,0.));
#4989 = DIRECTION('',(0.,0.,1.));
#4990 = ADVANCED_FACE('',(#4991),#5009,.T.);
#4991 = FACE_BOUND('',#4992,.F.);
#4992 = EDGE_LOOP('',(#4993,#4994,#5002,#5008));
#4993 = ORIENTED_EDGE('',*,*,#340,.F.);
#4994 = ORIENTED_EDGE('',*,*,#4995,.T.);
#4995 = EDGE_CURVE('',#333,#4996,#4998,.T.);
#4996 = VERTEX_POINT('',#4997);
#4997 = CARTESIAN_POINT('',(-83.,-241.,8.757359025871));
#4998 = LINE('',#4999,#5000);
#4999 = CARTESIAN_POINT('',(-71.24263713373,-241.,-3.));
#5000 = VECTOR('',#5001,1.);
#5001 = DIRECTION('',(-0.70710689667,0.,0.707106665703));
#5002 = ORIENTED_EDGE('',*,*,#5003,.T.);
#5003 = EDGE_CURVE('',#4996,#4963,#5004,.T.);
#5004 = LINE('',#5005,#5006);
#5005 = CARTESIAN_POINT('',(-80.49322164087,-243.5067783591,
    9.795700859906));
#5006 = VECTOR('',#5007,1.);
#5007 = DIRECTION('',(0.678598332163,-0.678598332163,0.281084697507));
#5008 = ORIENTED_EDGE('',*,*,#4962,.F.);
#5009 = PLANE('',#5010);
#5010 = AXIS2_PLACEMENT_3D('',#5011,#5012,#5013);
#5011 = CARTESIAN_POINT('',(-70.53553046803,-242.,-2.29289310333));
#5012 = DIRECTION('',(-0.499999918341,-0.707106781187,-0.500000081659));
#5013 = DIRECTION('',(0.70710689667,2.775557561563E-17,-0.707106665703)
  );
#5014 = ADVANCED_FACE('',(#5015,#5033,#5062),#5091,.F.);
#5015 = FACE_BOUND('',#5016,.T.);
#5016 = EDGE_LOOP('',(#5017,#5018,#5026,#5032));
#5017 = ORIENTED_EDGE('',*,*,#4995,.T.);
#5018 = ORIENTED_EDGE('',*,*,#5019,.F.);
#5019 = EDGE_CURVE('',#5020,#4996,#5022,.T.);
#5020 = VERTEX_POINT('',#5021);
#5021 = CARTESIAN_POINT('',(-83.,1.,8.757359025871));
#5022 = LINE('',#5023,#5024);
#5023 = CARTESIAN_POINT('',(-83.,1.94E-15,8.757359025871));
#5024 = VECTOR('',#5025,1.);
#5025 = DIRECTION('',(0.,-1.,2.2E-16));
#5026 = ORIENTED_EDGE('',*,*,#5027,.F.);
#5027 = EDGE_CURVE('',#325,#5020,#5028,.T.);
#5028 = LINE('',#5029,#5030);
#5029 = CARTESIAN_POINT('',(-71.24263713373,1.,-3.));
#5030 = VECTOR('',#5031,1.);
#5031 = DIRECTION('',(-0.70710689667,0.,0.707106665703));
#5032 = ORIENTED_EDGE('',*,*,#332,.T.);
#5033 = FACE_BOUND('',#5034,.F.);
#5034 = EDGE_LOOP('',(#5035,#5046,#5055));
#5035 = ORIENTED_EDGE('',*,*,#5036,.F.);
#5036 = EDGE_CURVE('',#5037,#5039,#5041,.T.);
#5037 = VERTEX_POINT('',#5038);
#5038 = CARTESIAN_POINT('',(-79.25,-236.,5.007360250761));
#5039 = VERTEX_POINT('',#5040);
#5040 = CARTESIAN_POINT('',(-74.24263811364,-238.7338945115,0.));
#5041 = ELLIPSE('',#5042,4.596193327069,3.25);
#5042 = AXIS2_PLACEMENT_3D('',#5043,#5044,#5045);
#5043 = CARTESIAN_POINT('',(-76.,-236.,1.757361312332));
#5044 = DIRECTION('',(0.707106665703,0.,0.70710689667));
#5045 = DIRECTION('',(-0.70710689667,0.,0.707106665703));
#5046 = ORIENTED_EDGE('',*,*,#5047,.F.);
#5047 = EDGE_CURVE('',#5048,#5037,#5050,.T.);
#5048 = VERTEX_POINT('',#5049);
#5049 = CARTESIAN_POINT('',(-74.24263811364,-233.2661054884,0.));
#5050 = ELLIPSE('',#5051,4.596193327069,3.25);
#5051 = AXIS2_PLACEMENT_3D('',#5052,#5053,#5054);
#5052 = CARTESIAN_POINT('',(-76.,-236.,1.757361312332));
#5053 = DIRECTION('',(0.707106665703,0.,0.70710689667));
#5054 = DIRECTION('',(-0.70710689667,0.,0.707106665703));
#5055 = ORIENTED_EDGE('',*,*,#5056,.F.);
#5056 = EDGE_CURVE('',#5039,#5048,#5057,.T.);
#5057 = ELLIPSE('',#5058,4.596193327069,3.25);
#5058 = AXIS2_PLACEMENT_3D('',#5059,#5060,#5061);
#5059 = CARTESIAN_POINT('',(-76.,-236.,1.757361312332));
#5060 = DIRECTION('',(0.707106665703,1.6E-16,0.70710689667));
#5061 = DIRECTION('',(-0.70710689667,-1.6E-16,0.707106665703));
#5062 = FACE_BOUND('',#5063,.F.);
#5063 = EDGE_LOOP('',(#5064,#5075,#5084));
#5064 = ORIENTED_EDGE('',*,*,#5065,.F.);
#5065 = EDGE_CURVE('',#5066,#5068,#5070,.T.);
#5066 = VERTEX_POINT('',#5067);
#5067 = CARTESIAN_POINT('',(-79.25,-4.,5.007360250761));
#5068 = VERTEX_POINT('',#5069);
#5069 = CARTESIAN_POINT('',(-74.24263811364,-6.733894511572,0.));
#5070 = ELLIPSE('',#5071,4.596193327069,3.25);
#5071 = AXIS2_PLACEMENT_3D('',#5072,#5073,#5074);
#5072 = CARTESIAN_POINT('',(-76.,-4.,1.757361312332));
#5073 = DIRECTION('',(0.707106665703,0.,0.70710689667));
#5074 = DIRECTION('',(-0.70710689667,0.,0.707106665703));
#5075 = ORIENTED_EDGE('',*,*,#5076,.F.);
#5076 = EDGE_CURVE('',#5077,#5066,#5079,.T.);
#5077 = VERTEX_POINT('',#5078);
#5078 = CARTESIAN_POINT('',(-74.24263811364,-1.266105488428,0.));
#5079 = ELLIPSE('',#5080,4.596193327069,3.25);
#5080 = AXIS2_PLACEMENT_3D('',#5081,#5082,#5083);
#5081 = CARTESIAN_POINT('',(-76.,-4.,1.757361312332));
#5082 = DIRECTION('',(0.707106665703,0.,0.70710689667));
#5083 = DIRECTION('',(-0.70710689667,0.,0.707106665703));
#5084 = ORIENTED_EDGE('',*,*,#5085,.F.);
#5085 = EDGE_CURVE('',#5068,#5077,#5086,.T.);
#5086 = ELLIPSE('',#5087,4.596193327069,3.25);
#5087 = AXIS2_PLACEMENT_3D('',#5088,#5089,#5090);
#5088 = CARTESIAN_POINT('',(-76.,-4.,1.757361312332));
#5089 = DIRECTION('',(0.707106665703,1.6E-16,0.70710689667));
#5090 = DIRECTION('',(-0.70710689667,-1.6E-16,0.707106665703));
#5091 = PLANE('',#5092);
#5092 = AXIS2_PLACEMENT_3D('',#5093,#5094,#5095);
#5093 = CARTESIAN_POINT('',(-82.1213199971,1.75E-15,7.878679309989));
#5094 = DIRECTION('',(0.707106665703,1.6E-16,0.70710689667));
#5095 = DIRECTION('',(0.70710689667,-1.6E-16,-0.707106665703));
#5096 = ADVANCED_FACE('',(#5097),#5115,.F.);
#5097 = FACE_BOUND('',#5098,.T.);
#5098 = EDGE_LOOP('',(#5099,#5100,#5101,#5109));
#5099 = ORIENTED_EDGE('',*,*,#324,.F.);
#5100 = ORIENTED_EDGE('',*,*,#5027,.T.);
#5101 = ORIENTED_EDGE('',*,*,#5102,.T.);
#5102 = EDGE_CURVE('',#5020,#5103,#5105,.T.);
#5103 = VERTEX_POINT('',#5104);
#5104 = CARTESIAN_POINT('',(-81.,3.,9.585786341957));
#5105 = LINE('',#5106,#5107);
#5106 = CARTESIAN_POINT('',(-80.49322164087,3.506778359121,
    9.795700859906));
#5107 = VECTOR('',#5108,1.);
#5108 = DIRECTION('',(0.678598332163,0.678598332163,0.281084697507));
#5109 = ORIENTED_EDGE('',*,*,#5110,.F.);
#5110 = EDGE_CURVE('',#317,#5103,#5111,.T.);
#5111 = LINE('',#5112,#5113);
#5112 = CARTESIAN_POINT('',(-69.82842380233,3.,-1.58578620666));
#5113 = VECTOR('',#5114,1.);
#5114 = DIRECTION('',(-0.70710689667,0.,0.707106665703));
#5115 = PLANE('',#5116);
#5116 = AXIS2_PLACEMENT_3D('',#5117,#5118,#5119);
#5117 = CARTESIAN_POINT('',(-70.53553046803,2.,-2.29289310333));
#5118 = DIRECTION('',(0.499999918341,-0.707106781187,0.500000081659));
#5119 = DIRECTION('',(0.70710689667,-2.22044604925E-16,-0.707106665703)
  );
#5120 = ADVANCED_FACE('',(#5121),#5147,.T.);
#5121 = FACE_BOUND('',#5122,.T.);
#5122 = EDGE_LOOP('',(#5123,#5124,#5132,#5140,#5146));
#5123 = ORIENTED_EDGE('',*,*,#5110,.T.);
#5124 = ORIENTED_EDGE('',*,*,#5125,.T.);
#5125 = EDGE_CURVE('',#5103,#5126,#5128,.T.);
#5126 = VERTEX_POINT('',#5127);
#5127 = CARTESIAN_POINT('',(-81.,3.,27.));
#5128 = LINE('',#5129,#5130);
#5129 = CARTESIAN_POINT('',(-81.,3.,8.757359025871));
#5130 = VECTOR('',#5131,1.);
#5131 = DIRECTION('',(0.,0.,1.));
#5132 = ORIENTED_EDGE('',*,*,#5133,.F.);
#5133 = EDGE_CURVE('',#5134,#5126,#5136,.T.);
#5134 = VERTEX_POINT('',#5135);
#5135 = CARTESIAN_POINT('',(-61.,3.,27.));
#5136 = LINE('',#5137,#5138);
#5137 = CARTESIAN_POINT('',(83.,3.,27.));
#5138 = VECTOR('',#5139,1.);
#5139 = DIRECTION('',(-1.,0.,0.));
#5140 = ORIENTED_EDGE('',*,*,#5141,.F.);
#5141 = EDGE_CURVE('',#309,#5134,#5142,.T.);
#5142 = LINE('',#5143,#5144);
#5143 = CARTESIAN_POINT('',(-61.,3.,-3.));
#5144 = VECTOR('',#5145,1.);
#5145 = DIRECTION('',(0.,0.,1.));
#5146 = ORIENTED_EDGE('',*,*,#316,.T.);
#5147 = PLANE('',#5148);
#5148 = AXIS2_PLACEMENT_3D('',#5149,#5150,#5151);
#5149 = CARTESIAN_POINT('',(1.307898419869,3.,15.290207008516));
#5150 = DIRECTION('',(0.,1.,0.));
#5151 = DIRECTION('',(0.,0.,1.));
#5152 = ADVANCED_FACE('',(#5153),#5171,.F.);
#5153 = FACE_BOUND('',#5154,.F.);
#5154 = EDGE_LOOP('',(#5155,#5156,#5164,#5170));
#5155 = ORIENTED_EDGE('',*,*,#308,.T.);
#5156 = ORIENTED_EDGE('',*,*,#5157,.T.);
#5157 = EDGE_CURVE('',#301,#5158,#5160,.T.);
#5158 = VERTEX_POINT('',#5159);
#5159 = CARTESIAN_POINT('',(-61.,2.5,27.));
#5160 = LINE('',#5161,#5162);
#5161 = CARTESIAN_POINT('',(-61.,2.5,-3.));
#5162 = VECTOR('',#5163,1.);
#5163 = DIRECTION('',(0.,0.,1.));
#5164 = ORIENTED_EDGE('',*,*,#5165,.F.);
#5165 = EDGE_CURVE('',#5134,#5158,#5166,.T.);
#5166 = LINE('',#5167,#5168);
#5167 = CARTESIAN_POINT('',(-61.,3.,27.));
#5168 = VECTOR('',#5169,1.);
#5169 = DIRECTION('',(0.,-1.,2.2E-16));
#5170 = ORIENTED_EDGE('',*,*,#5141,.F.);
#5171 = PLANE('',#5172);
#5172 = AXIS2_PLACEMENT_3D('',#5173,#5174,#5175);
#5173 = CARTESIAN_POINT('',(-61.,3.,-3.));
#5174 = DIRECTION('',(-1.,0.,0.));
#5175 = DIRECTION('',(0.,2.2E-16,1.));
#5176 = ADVANCED_FACE('',(#5177),#5195,.T.);
#5177 = FACE_BOUND('',#5178,.T.);
#5178 = EDGE_LOOP('',(#5179,#5187,#5188,#5189));
#5179 = ORIENTED_EDGE('',*,*,#5180,.T.);
#5180 = EDGE_CURVE('',#5181,#293,#5183,.T.);
#5181 = VERTEX_POINT('',#5182);
#5182 = CARTESIAN_POINT('',(-60.,2.5,27.));
#5183 = LINE('',#5184,#5185);
#5184 = CARTESIAN_POINT('',(-60.,2.5,27.));
#5185 = VECTOR('',#5186,1.);
#5186 = DIRECTION('',(0.,0.,-1.));
#5187 = ORIENTED_EDGE('',*,*,#300,.T.);
#5188 = ORIENTED_EDGE('',*,*,#5157,.T.);
#5189 = ORIENTED_EDGE('',*,*,#5190,.T.);
#5190 = EDGE_CURVE('',#5158,#5181,#5191,.T.);
#5191 = LINE('',#5192,#5193);
#5192 = CARTESIAN_POINT('',(-61.,2.5,27.));
#5193 = VECTOR('',#5194,1.);
#5194 = DIRECTION('',(1.,0.,0.));
#5195 = PLANE('',#5196);
#5196 = AXIS2_PLACEMENT_3D('',#5197,#5198,#5199);
#5197 = CARTESIAN_POINT('',(-0.5,2.5,12.));
#5198 = DIRECTION('',(0.,1.,-2.3E-16));
#5199 = DIRECTION('',(0.,2.3E-16,1.));
#5200 = ADVANCED_FACE('',(#5201),#5219,.F.);
#5201 = FACE_BOUND('',#5202,.F.);
#5202 = EDGE_LOOP('',(#5203,#5211,#5212,#5213));
#5203 = ORIENTED_EDGE('',*,*,#5204,.T.);
#5204 = EDGE_CURVE('',#5205,#5181,#5207,.T.);
#5205 = VERTEX_POINT('',#5206);
#5206 = CARTESIAN_POINT('',(-60.,3.,27.));
#5207 = LINE('',#5208,#5209);
#5208 = CARTESIAN_POINT('',(-60.,3.,27.));
#5209 = VECTOR('',#5210,1.);
#5210 = DIRECTION('',(0.,-1.,2.2E-16));
#5211 = ORIENTED_EDGE('',*,*,#5180,.T.);
#5212 = ORIENTED_EDGE('',*,*,#292,.F.);
#5213 = ORIENTED_EDGE('',*,*,#5214,.F.);
#5214 = EDGE_CURVE('',#5205,#285,#5215,.T.);
#5215 = LINE('',#5216,#5217);
#5216 = CARTESIAN_POINT('',(-60.,3.,27.));
#5217 = VECTOR('',#5218,1.);
#5218 = DIRECTION('',(0.,0.,-1.));
#5219 = PLANE('',#5220);
#5220 = AXIS2_PLACEMENT_3D('',#5221,#5222,#5223);
#5221 = CARTESIAN_POINT('',(-60.,3.,27.));
#5222 = DIRECTION('',(1.,0.,0.));
#5223 = DIRECTION('',(0.,-2.2E-16,-1.));
#5224 = ADVANCED_FACE('',(#5225),#5243,.T.);
#5225 = FACE_BOUND('',#5226,.T.);
#5226 = EDGE_LOOP('',(#5227,#5228,#5236,#5242));
#5227 = ORIENTED_EDGE('',*,*,#5214,.F.);
#5228 = ORIENTED_EDGE('',*,*,#5229,.F.);
#5229 = EDGE_CURVE('',#5230,#5205,#5232,.T.);
#5230 = VERTEX_POINT('',#5231);
#5231 = CARTESIAN_POINT('',(-41.,3.,27.));
#5232 = LINE('',#5233,#5234);
#5233 = CARTESIAN_POINT('',(83.,3.,27.));
#5234 = VECTOR('',#5235,1.);
#5235 = DIRECTION('',(-1.,0.,0.));
#5236 = ORIENTED_EDGE('',*,*,#5237,.F.);
#5237 = EDGE_CURVE('',#277,#5230,#5238,.T.);
#5238 = LINE('',#5239,#5240);
#5239 = CARTESIAN_POINT('',(-41.,3.,-3.));
#5240 = VECTOR('',#5241,1.);
#5241 = DIRECTION('',(0.,0.,1.));
#5242 = ORIENTED_EDGE('',*,*,#284,.T.);
#5243 = PLANE('',#5244);
#5244 = AXIS2_PLACEMENT_3D('',#5245,#5246,#5247);
#5245 = CARTESIAN_POINT('',(1.307898419869,3.,15.290207008516));
#5246 = DIRECTION('',(0.,1.,0.));
#5247 = DIRECTION('',(0.,0.,1.));
#5248 = ADVANCED_FACE('',(#5249),#5267,.F.);
#5249 = FACE_BOUND('',#5250,.F.);
#5250 = EDGE_LOOP('',(#5251,#5252,#5260,#5266));
#5251 = ORIENTED_EDGE('',*,*,#276,.T.);
#5252 = ORIENTED_EDGE('',*,*,#5253,.T.);
#5253 = EDGE_CURVE('',#269,#5254,#5256,.T.);
#5254 = VERTEX_POINT('',#5255);
#5255 = CARTESIAN_POINT('',(-41.,2.5,27.));
#5256 = LINE('',#5257,#5258);
#5257 = CARTESIAN_POINT('',(-41.,2.5,-3.));
#5258 = VECTOR('',#5259,1.);
#5259 = DIRECTION('',(0.,0.,1.));
#5260 = ORIENTED_EDGE('',*,*,#5261,.F.);
#5261 = EDGE_CURVE('',#5230,#5254,#5262,.T.);
#5262 = LINE('',#5263,#5264);
#5263 = CARTESIAN_POINT('',(-41.,3.,27.));
#5264 = VECTOR('',#5265,1.);
#5265 = DIRECTION('',(0.,-1.,2.2E-16));
#5266 = ORIENTED_EDGE('',*,*,#5237,.F.);
#5267 = PLANE('',#5268);
#5268 = AXIS2_PLACEMENT_3D('',#5269,#5270,#5271);
#5269 = CARTESIAN_POINT('',(-41.,3.,-3.));
#5270 = DIRECTION('',(-1.,0.,0.));
#5271 = DIRECTION('',(0.,2.2E-16,1.));
#5272 = ADVANCED_FACE('',(#5273),#5291,.T.);
#5273 = FACE_BOUND('',#5274,.T.);
#5274 = EDGE_LOOP('',(#5275,#5283,#5284,#5285));
#5275 = ORIENTED_EDGE('',*,*,#5276,.T.);
#5276 = EDGE_CURVE('',#5277,#261,#5279,.T.);
#5277 = VERTEX_POINT('',#5278);
#5278 = CARTESIAN_POINT('',(-40.,2.5,27.));
#5279 = LINE('',#5280,#5281);
#5280 = CARTESIAN_POINT('',(-40.,2.5,27.));
#5281 = VECTOR('',#5282,1.);
#5282 = DIRECTION('',(0.,0.,-1.));
#5283 = ORIENTED_EDGE('',*,*,#268,.T.);
#5284 = ORIENTED_EDGE('',*,*,#5253,.T.);
#5285 = ORIENTED_EDGE('',*,*,#5286,.T.);
#5286 = EDGE_CURVE('',#5254,#5277,#5287,.T.);
#5287 = LINE('',#5288,#5289);
#5288 = CARTESIAN_POINT('',(-41.,2.5,27.));
#5289 = VECTOR('',#5290,1.);
#5290 = DIRECTION('',(1.,0.,0.));
#5291 = PLANE('',#5292);
#5292 = AXIS2_PLACEMENT_3D('',#5293,#5294,#5295);
#5293 = CARTESIAN_POINT('',(-0.5,2.5,12.));
#5294 = DIRECTION('',(0.,1.,-2.3E-16));
#5295 = DIRECTION('',(0.,2.3E-16,1.));
#5296 = ADVANCED_FACE('',(#5297),#5315,.F.);
#5297 = FACE_BOUND('',#5298,.F.);
#5298 = EDGE_LOOP('',(#5299,#5307,#5308,#5309));
#5299 = ORIENTED_EDGE('',*,*,#5300,.T.);
#5300 = EDGE_CURVE('',#5301,#5277,#5303,.T.);
#5301 = VERTEX_POINT('',#5302);
#5302 = CARTESIAN_POINT('',(-40.,3.,27.));
#5303 = LINE('',#5304,#5305);
#5304 = CARTESIAN_POINT('',(-40.,3.,27.));
#5305 = VECTOR('',#5306,1.);
#5306 = DIRECTION('',(0.,-1.,2.2E-16));
#5307 = ORIENTED_EDGE('',*,*,#5276,.T.);
#5308 = ORIENTED_EDGE('',*,*,#260,.F.);
#5309 = ORIENTED_EDGE('',*,*,#5310,.F.);
#5310 = EDGE_CURVE('',#5301,#253,#5311,.T.);
#5311 = LINE('',#5312,#5313);
#5312 = CARTESIAN_POINT('',(-40.,3.,27.));
#5313 = VECTOR('',#5314,1.);
#5314 = DIRECTION('',(0.,0.,-1.));
#5315 = PLANE('',#5316);
#5316 = AXIS2_PLACEMENT_3D('',#5317,#5318,#5319);
#5317 = CARTESIAN_POINT('',(-40.,3.,27.));
#5318 = DIRECTION('',(1.,0.,0.));
#5319 = DIRECTION('',(0.,-2.2E-16,-1.));
#5320 = ADVANCED_FACE('',(#5321),#5339,.T.);
#5321 = FACE_BOUND('',#5322,.T.);
#5322 = EDGE_LOOP('',(#5323,#5324,#5332,#5338));
#5323 = ORIENTED_EDGE('',*,*,#5310,.F.);
#5324 = ORIENTED_EDGE('',*,*,#5325,.F.);
#5325 = EDGE_CURVE('',#5326,#5301,#5328,.T.);
#5326 = VERTEX_POINT('',#5327);
#5327 = CARTESIAN_POINT('',(-21.,3.,27.));
#5328 = LINE('',#5329,#5330);
#5329 = CARTESIAN_POINT('',(83.,3.,27.));
#5330 = VECTOR('',#5331,1.);
#5331 = DIRECTION('',(-1.,0.,0.));
#5332 = ORIENTED_EDGE('',*,*,#5333,.F.);
#5333 = EDGE_CURVE('',#245,#5326,#5334,.T.);
#5334 = LINE('',#5335,#5336);
#5335 = CARTESIAN_POINT('',(-21.,3.,-3.));
#5336 = VECTOR('',#5337,1.);
#5337 = DIRECTION('',(0.,0.,1.));
#5338 = ORIENTED_EDGE('',*,*,#252,.T.);
#5339 = PLANE('',#5340);
#5340 = AXIS2_PLACEMENT_3D('',#5341,#5342,#5343);
#5341 = CARTESIAN_POINT('',(1.307898419869,3.,15.290207008516));
#5342 = DIRECTION('',(0.,1.,0.));
#5343 = DIRECTION('',(0.,0.,1.));
#5344 = ADVANCED_FACE('',(#5345),#5363,.F.);
#5345 = FACE_BOUND('',#5346,.F.);
#5346 = EDGE_LOOP('',(#5347,#5348,#5356,#5362));
#5347 = ORIENTED_EDGE('',*,*,#244,.T.);
#5348 = ORIENTED_EDGE('',*,*,#5349,.T.);
#5349 = EDGE_CURVE('',#237,#5350,#5352,.T.);
#5350 = VERTEX_POINT('',#5351);
#5351 = CARTESIAN_POINT('',(-21.,2.5,27.));
#5352 = LINE('',#5353,#5354);
#5353 = CARTESIAN_POINT('',(-21.,2.5,-3.));
#5354 = VECTOR('',#5355,1.);
#5355 = DIRECTION('',(0.,0.,1.));
#5356 = ORIENTED_EDGE('',*,*,#5357,.F.);
#5357 = EDGE_CURVE('',#5326,#5350,#5358,.T.);
#5358 = LINE('',#5359,#5360);
#5359 = CARTESIAN_POINT('',(-21.,3.,27.));
#5360 = VECTOR('',#5361,1.);
#5361 = DIRECTION('',(0.,-1.,2.2E-16));
#5362 = ORIENTED_EDGE('',*,*,#5333,.F.);
#5363 = PLANE('',#5364);
#5364 = AXIS2_PLACEMENT_3D('',#5365,#5366,#5367);
#5365 = CARTESIAN_POINT('',(-21.,3.,-3.));
#5366 = DIRECTION('',(-1.,0.,0.));
#5367 = DIRECTION('',(0.,2.2E-16,1.));
#5368 = ADVANCED_FACE('',(#5369),#5387,.T.);
#5369 = FACE_BOUND('',#5370,.T.);
#5370 = EDGE_LOOP('',(#5371,#5379,#5380,#5381));
#5371 = ORIENTED_EDGE('',*,*,#5372,.T.);
#5372 = EDGE_CURVE('',#5373,#229,#5375,.T.);
#5373 = VERTEX_POINT('',#5374);
#5374 = CARTESIAN_POINT('',(-20.,2.5,27.));
#5375 = LINE('',#5376,#5377);
#5376 = CARTESIAN_POINT('',(-20.,2.5,27.));
#5377 = VECTOR('',#5378,1.);
#5378 = DIRECTION('',(0.,0.,-1.));
#5379 = ORIENTED_EDGE('',*,*,#236,.T.);
#5380 = ORIENTED_EDGE('',*,*,#5349,.T.);
#5381 = ORIENTED_EDGE('',*,*,#5382,.T.);
#5382 = EDGE_CURVE('',#5350,#5373,#5383,.T.);
#5383 = LINE('',#5384,#5385);
#5384 = CARTESIAN_POINT('',(-21.,2.5,27.));
#5385 = VECTOR('',#5386,1.);
#5386 = DIRECTION('',(1.,0.,0.));
#5387 = PLANE('',#5388);
#5388 = AXIS2_PLACEMENT_3D('',#5389,#5390,#5391);
#5389 = CARTESIAN_POINT('',(-0.5,2.5,12.));
#5390 = DIRECTION('',(0.,1.,-2.3E-16));
#5391 = DIRECTION('',(0.,2.3E-16,1.));
#5392 = ADVANCED_FACE('',(#5393),#5411,.F.);
#5393 = FACE_BOUND('',#5394,.F.);
#5394 = EDGE_LOOP('',(#5395,#5403,#5404,#5405));
#5395 = ORIENTED_EDGE('',*,*,#5396,.T.);
#5396 = EDGE_CURVE('',#5397,#5373,#5399,.T.);
#5397 = VERTEX_POINT('',#5398);
#5398 = CARTESIAN_POINT('',(-20.,3.,27.));
#5399 = LINE('',#5400,#5401);
#5400 = CARTESIAN_POINT('',(-20.,3.,27.));
#5401 = VECTOR('',#5402,1.);
#5402 = DIRECTION('',(0.,-1.,2.2E-16));
#5403 = ORIENTED_EDGE('',*,*,#5372,.T.);
#5404 = ORIENTED_EDGE('',*,*,#228,.F.);
#5405 = ORIENTED_EDGE('',*,*,#5406,.F.);
#5406 = EDGE_CURVE('',#5397,#221,#5407,.T.);
#5407 = LINE('',#5408,#5409);
#5408 = CARTESIAN_POINT('',(-20.,3.,27.));
#5409 = VECTOR('',#5410,1.);
#5410 = DIRECTION('',(0.,0.,-1.));
#5411 = PLANE('',#5412);
#5412 = AXIS2_PLACEMENT_3D('',#5413,#5414,#5415);
#5413 = CARTESIAN_POINT('',(-20.,3.,27.));
#5414 = DIRECTION('',(1.,0.,0.));
#5415 = DIRECTION('',(0.,-2.2E-16,-1.));
#5416 = ADVANCED_FACE('',(#5417),#5435,.T.);
#5417 = FACE_BOUND('',#5418,.T.);
#5418 = EDGE_LOOP('',(#5419,#5420,#5428,#5434));
#5419 = ORIENTED_EDGE('',*,*,#5406,.F.);
#5420 = ORIENTED_EDGE('',*,*,#5421,.F.);
#5421 = EDGE_CURVE('',#5422,#5397,#5424,.T.);
#5422 = VERTEX_POINT('',#5423);
#5423 = CARTESIAN_POINT('',(-1.,3.,27.));
#5424 = LINE('',#5425,#5426);
#5425 = CARTESIAN_POINT('',(83.,3.,27.));
#5426 = VECTOR('',#5427,1.);
#5427 = DIRECTION('',(-1.,0.,0.));
#5428 = ORIENTED_EDGE('',*,*,#5429,.F.);
#5429 = EDGE_CURVE('',#213,#5422,#5430,.T.);
#5430 = LINE('',#5431,#5432);
#5431 = CARTESIAN_POINT('',(-1.,3.,-3.));
#5432 = VECTOR('',#5433,1.);
#5433 = DIRECTION('',(0.,0.,1.));
#5434 = ORIENTED_EDGE('',*,*,#220,.T.);
#5435 = PLANE('',#5436);
#5436 = AXIS2_PLACEMENT_3D('',#5437,#5438,#5439);
#5437 = CARTESIAN_POINT('',(1.307898419869,3.,15.290207008516));
#5438 = DIRECTION('',(0.,1.,0.));
#5439 = DIRECTION('',(0.,0.,1.));
#5440 = ADVANCED_FACE('',(#5441),#5459,.F.);
#5441 = FACE_BOUND('',#5442,.F.);
#5442 = EDGE_LOOP('',(#5443,#5444,#5452,#5458));
#5443 = ORIENTED_EDGE('',*,*,#212,.T.);
#5444 = ORIENTED_EDGE('',*,*,#5445,.T.);
#5445 = EDGE_CURVE('',#205,#5446,#5448,.T.);
#5446 = VERTEX_POINT('',#5447);
#5447 = CARTESIAN_POINT('',(-1.,2.5,27.));
#5448 = LINE('',#5449,#5450);
#5449 = CARTESIAN_POINT('',(-1.,2.5,-3.));
#5450 = VECTOR('',#5451,1.);
#5451 = DIRECTION('',(0.,0.,1.));
#5452 = ORIENTED_EDGE('',*,*,#5453,.F.);
#5453 = EDGE_CURVE('',#5422,#5446,#5454,.T.);
#5454 = LINE('',#5455,#5456);
#5455 = CARTESIAN_POINT('',(-1.,3.,27.));
#5456 = VECTOR('',#5457,1.);
#5457 = DIRECTION('',(0.,-1.,2.2E-16));
#5458 = ORIENTED_EDGE('',*,*,#5429,.F.);
#5459 = PLANE('',#5460);
#5460 = AXIS2_PLACEMENT_3D('',#5461,#5462,#5463);
#5461 = CARTESIAN_POINT('',(-1.,3.,-3.));
#5462 = DIRECTION('',(-1.,0.,0.));
#5463 = DIRECTION('',(0.,2.2E-16,1.));
#5464 = ADVANCED_FACE('',(#5465),#5483,.T.);
#5465 = FACE_BOUND('',#5466,.T.);
#5466 = EDGE_LOOP('',(#5467,#5475,#5476,#5477));
#5467 = ORIENTED_EDGE('',*,*,#5468,.T.);
#5468 = EDGE_CURVE('',#5469,#197,#5471,.T.);
#5469 = VERTEX_POINT('',#5470);
#5470 = CARTESIAN_POINT('',(-5.E-15,2.5,27.));
#5471 = LINE('',#5472,#5473);
#5472 = CARTESIAN_POINT('',(-4.9E-15,2.5,27.));
#5473 = VECTOR('',#5474,1.);
#5474 = DIRECTION('',(0.,0.,-1.));
#5475 = ORIENTED_EDGE('',*,*,#204,.T.);
#5476 = ORIENTED_EDGE('',*,*,#5445,.T.);
#5477 = ORIENTED_EDGE('',*,*,#5478,.T.);
#5478 = EDGE_CURVE('',#5446,#5469,#5479,.T.);
#5479 = LINE('',#5480,#5481);
#5480 = CARTESIAN_POINT('',(-1.,2.5,27.));
#5481 = VECTOR('',#5482,1.);
#5482 = DIRECTION('',(1.,0.,0.));
#5483 = PLANE('',#5484);
#5484 = AXIS2_PLACEMENT_3D('',#5485,#5486,#5487);
#5485 = CARTESIAN_POINT('',(-0.5,2.5,12.));
#5486 = DIRECTION('',(0.,1.,-2.3E-16));
#5487 = DIRECTION('',(0.,2.3E-16,1.));
#5488 = ADVANCED_FACE('',(#5489),#5507,.F.);
#5489 = FACE_BOUND('',#5490,.F.);
#5490 = EDGE_LOOP('',(#5491,#5499,#5500,#5501));
#5491 = ORIENTED_EDGE('',*,*,#5492,.T.);
#5492 = EDGE_CURVE('',#5493,#5469,#5495,.T.);
#5493 = VERTEX_POINT('',#5494);
#5494 = CARTESIAN_POINT('',(-5.E-15,3.,27.));
#5495 = LINE('',#5496,#5497);
#5496 = CARTESIAN_POINT('',(-4.89E-15,3.,27.));
#5497 = VECTOR('',#5498,1.);
#5498 = DIRECTION('',(0.,-1.,2.2E-16));
#5499 = ORIENTED_EDGE('',*,*,#5468,.T.);
#5500 = ORIENTED_EDGE('',*,*,#196,.F.);
#5501 = ORIENTED_EDGE('',*,*,#5502,.F.);
#5502 = EDGE_CURVE('',#5493,#189,#5503,.T.);
#5503 = LINE('',#5504,#5505);
#5504 = CARTESIAN_POINT('',(-4.9E-15,3.,27.));
#5505 = VECTOR('',#5506,1.);
#5506 = DIRECTION('',(0.,0.,-1.));
#5507 = PLANE('',#5508);
#5508 = AXIS2_PLACEMENT_3D('',#5509,#5510,#5511);
#5509 = CARTESIAN_POINT('',(-4.9E-15,3.,27.));
#5510 = DIRECTION('',(1.,0.,0.));
#5511 = DIRECTION('',(0.,-2.2E-16,-1.));
#5512 = ADVANCED_FACE('',(#5513),#5531,.T.);
#5513 = FACE_BOUND('',#5514,.T.);
#5514 = EDGE_LOOP('',(#5515,#5516,#5524,#5530));
#5515 = ORIENTED_EDGE('',*,*,#5502,.F.);
#5516 = ORIENTED_EDGE('',*,*,#5517,.F.);
#5517 = EDGE_CURVE('',#5518,#5493,#5520,.T.);
#5518 = VERTEX_POINT('',#5519);
#5519 = CARTESIAN_POINT('',(19.,3.,27.));
#5520 = LINE('',#5521,#5522);
#5521 = CARTESIAN_POINT('',(83.,3.,27.));
#5522 = VECTOR('',#5523,1.);
#5523 = DIRECTION('',(-1.,0.,0.));
#5524 = ORIENTED_EDGE('',*,*,#5525,.F.);
#5525 = EDGE_CURVE('',#181,#5518,#5526,.T.);
#5526 = LINE('',#5527,#5528);
#5527 = CARTESIAN_POINT('',(19.,3.,-3.));
#5528 = VECTOR('',#5529,1.);
#5529 = DIRECTION('',(0.,0.,1.));
#5530 = ORIENTED_EDGE('',*,*,#188,.T.);
#5531 = PLANE('',#5532);
#5532 = AXIS2_PLACEMENT_3D('',#5533,#5534,#5535);
#5533 = CARTESIAN_POINT('',(1.307898419869,3.,15.290207008516));
#5534 = DIRECTION('',(0.,1.,0.));
#5535 = DIRECTION('',(0.,0.,1.));
#5536 = ADVANCED_FACE('',(#5537),#5555,.F.);
#5537 = FACE_BOUND('',#5538,.F.);
#5538 = EDGE_LOOP('',(#5539,#5540,#5548,#5554));
#5539 = ORIENTED_EDGE('',*,*,#180,.T.);
#5540 = ORIENTED_EDGE('',*,*,#5541,.T.);
#5541 = EDGE_CURVE('',#173,#5542,#5544,.T.);
#5542 = VERTEX_POINT('',#5543);
#5543 = CARTESIAN_POINT('',(19.,2.5,27.));
#5544 = LINE('',#5545,#5546);
#5545 = CARTESIAN_POINT('',(19.,2.5,-3.));
#5546 = VECTOR('',#5547,1.);
#5547 = DIRECTION('',(0.,0.,1.));
#5548 = ORIENTED_EDGE('',*,*,#5549,.F.);
#5549 = EDGE_CURVE('',#5518,#5542,#5550,.T.);
#5550 = LINE('',#5551,#5552);
#5551 = CARTESIAN_POINT('',(19.,3.,27.));
#5552 = VECTOR('',#5553,1.);
#5553 = DIRECTION('',(0.,-1.,2.2E-16));
#5554 = ORIENTED_EDGE('',*,*,#5525,.F.);
#5555 = PLANE('',#5556);
#5556 = AXIS2_PLACEMENT_3D('',#5557,#5558,#5559);
#5557 = CARTESIAN_POINT('',(19.,3.,-3.));
#5558 = DIRECTION('',(-1.,0.,0.));
#5559 = DIRECTION('',(0.,2.2E-16,1.));
#5560 = ADVANCED_FACE('',(#5561),#5579,.T.);
#5561 = FACE_BOUND('',#5562,.T.);
#5562 = EDGE_LOOP('',(#5563,#5571,#5572,#5573));
#5563 = ORIENTED_EDGE('',*,*,#5564,.T.);
#5564 = EDGE_CURVE('',#5565,#165,#5567,.T.);
#5565 = VERTEX_POINT('',#5566);
#5566 = CARTESIAN_POINT('',(20.,2.5,27.));
#5567 = LINE('',#5568,#5569);
#5568 = CARTESIAN_POINT('',(20.,2.5,27.));
#5569 = VECTOR('',#5570,1.);
#5570 = DIRECTION('',(0.,0.,-1.));
#5571 = ORIENTED_EDGE('',*,*,#172,.T.);
#5572 = ORIENTED_EDGE('',*,*,#5541,.T.);
#5573 = ORIENTED_EDGE('',*,*,#5574,.T.);
#5574 = EDGE_CURVE('',#5542,#5565,#5575,.T.);
#5575 = LINE('',#5576,#5577);
#5576 = CARTESIAN_POINT('',(19.,2.5,27.));
#5577 = VECTOR('',#5578,1.);
#5578 = DIRECTION('',(1.,0.,0.));
#5579 = PLANE('',#5580);
#5580 = AXIS2_PLACEMENT_3D('',#5581,#5582,#5583);
#5581 = CARTESIAN_POINT('',(-0.5,2.5,12.));
#5582 = DIRECTION('',(0.,1.,-2.3E-16));
#5583 = DIRECTION('',(0.,2.3E-16,1.));
#5584 = ADVANCED_FACE('',(#5585),#5603,.F.);
#5585 = FACE_BOUND('',#5586,.F.);
#5586 = EDGE_LOOP('',(#5587,#5595,#5596,#5597));
#5587 = ORIENTED_EDGE('',*,*,#5588,.T.);
#5588 = EDGE_CURVE('',#5589,#5565,#5591,.T.);
#5589 = VERTEX_POINT('',#5590);
#5590 = CARTESIAN_POINT('',(20.,3.,27.));
#5591 = LINE('',#5592,#5593);
#5592 = CARTESIAN_POINT('',(20.,3.,27.));
#5593 = VECTOR('',#5594,1.);
#5594 = DIRECTION('',(0.,-1.,2.2E-16));
#5595 = ORIENTED_EDGE('',*,*,#5564,.T.);
#5596 = ORIENTED_EDGE('',*,*,#164,.F.);
#5597 = ORIENTED_EDGE('',*,*,#5598,.F.);
#5598 = EDGE_CURVE('',#5589,#157,#5599,.T.);
#5599 = LINE('',#5600,#5601);
#5600 = CARTESIAN_POINT('',(20.,3.,27.));
#5601 = VECTOR('',#5602,1.);
#5602 = DIRECTION('',(0.,0.,-1.));
#5603 = PLANE('',#5604);
#5604 = AXIS2_PLACEMENT_3D('',#5605,#5606,#5607);
#5605 = CARTESIAN_POINT('',(20.,3.,27.));
#5606 = DIRECTION('',(1.,0.,0.));
#5607 = DIRECTION('',(0.,-2.2E-16,-1.));
#5608 = ADVANCED_FACE('',(#5609),#5627,.T.);
#5609 = FACE_BOUND('',#5610,.T.);
#5610 = EDGE_LOOP('',(#5611,#5612,#5620,#5626));
#5611 = ORIENTED_EDGE('',*,*,#5598,.F.);
#5612 = ORIENTED_EDGE('',*,*,#5613,.F.);
#5613 = EDGE_CURVE('',#5614,#5589,#5616,.T.);
#5614 = VERTEX_POINT('',#5615);
#5615 = CARTESIAN_POINT('',(39.,3.,27.));
#5616 = LINE('',#5617,#5618);
#5617 = CARTESIAN_POINT('',(83.,3.,27.));
#5618 = VECTOR('',#5619,1.);
#5619 = DIRECTION('',(-1.,0.,0.));
#5620 = ORIENTED_EDGE('',*,*,#5621,.F.);
#5621 = EDGE_CURVE('',#149,#5614,#5622,.T.);
#5622 = LINE('',#5623,#5624);
#5623 = CARTESIAN_POINT('',(39.,3.,-3.));
#5624 = VECTOR('',#5625,1.);
#5625 = DIRECTION('',(0.,0.,1.));
#5626 = ORIENTED_EDGE('',*,*,#156,.T.);
#5627 = PLANE('',#5628);
#5628 = AXIS2_PLACEMENT_3D('',#5629,#5630,#5631);
#5629 = CARTESIAN_POINT('',(1.307898419869,3.,15.290207008516));
#5630 = DIRECTION('',(0.,1.,0.));
#5631 = DIRECTION('',(0.,0.,1.));
#5632 = ADVANCED_FACE('',(#5633),#5651,.F.);
#5633 = FACE_BOUND('',#5634,.F.);
#5634 = EDGE_LOOP('',(#5635,#5636,#5644,#5650));
#5635 = ORIENTED_EDGE('',*,*,#148,.T.);
#5636 = ORIENTED_EDGE('',*,*,#5637,.T.);
#5637 = EDGE_CURVE('',#141,#5638,#5640,.T.);
#5638 = VERTEX_POINT('',#5639);
#5639 = CARTESIAN_POINT('',(39.,2.5,27.));
#5640 = LINE('',#5641,#5642);
#5641 = CARTESIAN_POINT('',(39.,2.5,-3.));
#5642 = VECTOR('',#5643,1.);
#5643 = DIRECTION('',(0.,0.,1.));
#5644 = ORIENTED_EDGE('',*,*,#5645,.F.);
#5645 = EDGE_CURVE('',#5614,#5638,#5646,.T.);
#5646 = LINE('',#5647,#5648);
#5647 = CARTESIAN_POINT('',(39.,3.,27.));
#5648 = VECTOR('',#5649,1.);
#5649 = DIRECTION('',(0.,-1.,2.2E-16));
#5650 = ORIENTED_EDGE('',*,*,#5621,.F.);
#5651 = PLANE('',#5652);
#5652 = AXIS2_PLACEMENT_3D('',#5653,#5654,#5655);
#5653 = CARTESIAN_POINT('',(39.,3.,-3.));
#5654 = DIRECTION('',(-1.,0.,0.));
#5655 = DIRECTION('',(0.,2.2E-16,1.));
#5656 = ADVANCED_FACE('',(#5657),#5675,.T.);
#5657 = FACE_BOUND('',#5658,.T.);
#5658 = EDGE_LOOP('',(#5659,#5667,#5668,#5669));
#5659 = ORIENTED_EDGE('',*,*,#5660,.T.);
#5660 = EDGE_CURVE('',#5661,#133,#5663,.T.);
#5661 = VERTEX_POINT('',#5662);
#5662 = CARTESIAN_POINT('',(40.,2.5,27.));
#5663 = LINE('',#5664,#5665);
#5664 = CARTESIAN_POINT('',(40.,2.5,27.));
#5665 = VECTOR('',#5666,1.);
#5666 = DIRECTION('',(0.,0.,-1.));
#5667 = ORIENTED_EDGE('',*,*,#140,.T.);
#5668 = ORIENTED_EDGE('',*,*,#5637,.T.);
#5669 = ORIENTED_EDGE('',*,*,#5670,.T.);
#5670 = EDGE_CURVE('',#5638,#5661,#5671,.T.);
#5671 = LINE('',#5672,#5673);
#5672 = CARTESIAN_POINT('',(39.,2.5,27.));
#5673 = VECTOR('',#5674,1.);
#5674 = DIRECTION('',(1.,0.,0.));
#5675 = PLANE('',#5676);
#5676 = AXIS2_PLACEMENT_3D('',#5677,#5678,#5679);
#5677 = CARTESIAN_POINT('',(-0.5,2.5,12.));
#5678 = DIRECTION('',(0.,1.,-2.3E-16));
#5679 = DIRECTION('',(0.,2.3E-16,1.));
#5680 = ADVANCED_FACE('',(#5681),#5699,.F.);
#5681 = FACE_BOUND('',#5682,.F.);
#5682 = EDGE_LOOP('',(#5683,#5691,#5692,#5693));
#5683 = ORIENTED_EDGE('',*,*,#5684,.T.);
#5684 = EDGE_CURVE('',#5685,#5661,#5687,.T.);
#5685 = VERTEX_POINT('',#5686);
#5686 = CARTESIAN_POINT('',(40.,3.,27.));
#5687 = LINE('',#5688,#5689);
#5688 = CARTESIAN_POINT('',(40.,3.,27.));
#5689 = VECTOR('',#5690,1.);
#5690 = DIRECTION('',(0.,-1.,2.2E-16));
#5691 = ORIENTED_EDGE('',*,*,#5660,.T.);
#5692 = ORIENTED_EDGE('',*,*,#132,.F.);
#5693 = ORIENTED_EDGE('',*,*,#5694,.F.);
#5694 = EDGE_CURVE('',#5685,#125,#5695,.T.);
#5695 = LINE('',#5696,#5697);
#5696 = CARTESIAN_POINT('',(40.,3.,27.));
#5697 = VECTOR('',#5698,1.);
#5698 = DIRECTION('',(0.,0.,-1.));
#5699 = PLANE('',#5700);
#5700 = AXIS2_PLACEMENT_3D('',#5701,#5702,#5703);
#5701 = CARTESIAN_POINT('',(40.,3.,27.));
#5702 = DIRECTION('',(1.,0.,0.));
#5703 = DIRECTION('',(0.,-2.2E-16,-1.));
#5704 = ADVANCED_FACE('',(#5705),#5723,.T.);
#5705 = FACE_BOUND('',#5706,.T.);
#5706 = EDGE_LOOP('',(#5707,#5708,#5716,#5722));
#5707 = ORIENTED_EDGE('',*,*,#5694,.F.);
#5708 = ORIENTED_EDGE('',*,*,#5709,.F.);
#5709 = EDGE_CURVE('',#5710,#5685,#5712,.T.);
#5710 = VERTEX_POINT('',#5711);
#5711 = CARTESIAN_POINT('',(59.,3.,27.));
#5712 = LINE('',#5713,#5714);
#5713 = CARTESIAN_POINT('',(83.,3.,27.));
#5714 = VECTOR('',#5715,1.);
#5715 = DIRECTION('',(-1.,0.,0.));
#5716 = ORIENTED_EDGE('',*,*,#5717,.F.);
#5717 = EDGE_CURVE('',#117,#5710,#5718,.T.);
#5718 = LINE('',#5719,#5720);
#5719 = CARTESIAN_POINT('',(59.,3.,-3.));
#5720 = VECTOR('',#5721,1.);
#5721 = DIRECTION('',(0.,0.,1.));
#5722 = ORIENTED_EDGE('',*,*,#124,.T.);
#5723 = PLANE('',#5724);
#5724 = AXIS2_PLACEMENT_3D('',#5725,#5726,#5727);
#5725 = CARTESIAN_POINT('',(1.307898419869,3.,15.290207008516));
#5726 = DIRECTION('',(0.,1.,0.));
#5727 = DIRECTION('',(0.,0.,1.));
#5728 = ADVANCED_FACE('',(#5729),#5747,.F.);
#5729 = FACE_BOUND('',#5730,.F.);
#5730 = EDGE_LOOP('',(#5731,#5732,#5740,#5746));
#5731 = ORIENTED_EDGE('',*,*,#116,.T.);
#5732 = ORIENTED_EDGE('',*,*,#5733,.T.);
#5733 = EDGE_CURVE('',#109,#5734,#5736,.T.);
#5734 = VERTEX_POINT('',#5735);
#5735 = CARTESIAN_POINT('',(59.,2.5,27.));
#5736 = LINE('',#5737,#5738);
#5737 = CARTESIAN_POINT('',(59.,2.5,-3.));
#5738 = VECTOR('',#5739,1.);
#5739 = DIRECTION('',(0.,0.,1.));
#5740 = ORIENTED_EDGE('',*,*,#5741,.F.);
#5741 = EDGE_CURVE('',#5710,#5734,#5742,.T.);
#5742 = LINE('',#5743,#5744);
#5743 = CARTESIAN_POINT('',(59.,3.,27.));
#5744 = VECTOR('',#5745,1.);
#5745 = DIRECTION('',(0.,-1.,2.2E-16));
#5746 = ORIENTED_EDGE('',*,*,#5717,.F.);
#5747 = PLANE('',#5748);
#5748 = AXIS2_PLACEMENT_3D('',#5749,#5750,#5751);
#5749 = CARTESIAN_POINT('',(59.,3.,-3.));
#5750 = DIRECTION('',(-1.,0.,0.));
#5751 = DIRECTION('',(0.,2.2E-16,1.));
#5752 = ADVANCED_FACE('',(#5753),#5771,.T.);
#5753 = FACE_BOUND('',#5754,.T.);
#5754 = EDGE_LOOP('',(#5755,#5763,#5764,#5765));
#5755 = ORIENTED_EDGE('',*,*,#5756,.T.);
#5756 = EDGE_CURVE('',#5757,#101,#5759,.T.);
#5757 = VERTEX_POINT('',#5758);
#5758 = CARTESIAN_POINT('',(60.,2.5,27.));
#5759 = LINE('',#5760,#5761);
#5760 = CARTESIAN_POINT('',(60.,2.5,27.));
#5761 = VECTOR('',#5762,1.);
#5762 = DIRECTION('',(0.,0.,-1.));
#5763 = ORIENTED_EDGE('',*,*,#108,.T.);
#5764 = ORIENTED_EDGE('',*,*,#5733,.T.);
#5765 = ORIENTED_EDGE('',*,*,#5766,.T.);
#5766 = EDGE_CURVE('',#5734,#5757,#5767,.T.);
#5767 = LINE('',#5768,#5769);
#5768 = CARTESIAN_POINT('',(59.,2.5,27.));
#5769 = VECTOR('',#5770,1.);
#5770 = DIRECTION('',(1.,0.,0.));
#5771 = PLANE('',#5772);
#5772 = AXIS2_PLACEMENT_3D('',#5773,#5774,#5775);
#5773 = CARTESIAN_POINT('',(-0.5,2.5,12.));
#5774 = DIRECTION('',(0.,1.,-2.3E-16));
#5775 = DIRECTION('',(0.,2.3E-16,1.));
#5776 = ADVANCED_FACE('',(#5777),#5795,.F.);
#5777 = FACE_BOUND('',#5778,.F.);
#5778 = EDGE_LOOP('',(#5779,#5787,#5788,#5789));
#5779 = ORIENTED_EDGE('',*,*,#5780,.T.);
#5780 = EDGE_CURVE('',#5781,#5757,#5783,.T.);
#5781 = VERTEX_POINT('',#5782);
#5782 = CARTESIAN_POINT('',(60.,3.,27.));
#5783 = LINE('',#5784,#5785);
#5784 = CARTESIAN_POINT('',(60.,3.,27.));
#5785 = VECTOR('',#5786,1.);
#5786 = DIRECTION('',(0.,-1.,2.2E-16));
#5787 = ORIENTED_EDGE('',*,*,#5756,.T.);
#5788 = ORIENTED_EDGE('',*,*,#100,.F.);
#5789 = ORIENTED_EDGE('',*,*,#5790,.F.);
#5790 = EDGE_CURVE('',#5781,#93,#5791,.T.);
#5791 = LINE('',#5792,#5793);
#5792 = CARTESIAN_POINT('',(60.,3.,27.));
#5793 = VECTOR('',#5794,1.);
#5794 = DIRECTION('',(0.,0.,-1.));
#5795 = PLANE('',#5796);
#5796 = AXIS2_PLACEMENT_3D('',#5797,#5798,#5799);
#5797 = CARTESIAN_POINT('',(60.,3.,27.));
#5798 = DIRECTION('',(1.,0.,0.));
#5799 = DIRECTION('',(0.,-2.2E-16,-1.));
#5800 = ADVANCED_FACE('',(#5801),#5819,.T.);
#5801 = FACE_BOUND('',#5802,.T.);
#5802 = EDGE_LOOP('',(#5803,#5804,#5812,#5818));
#5803 = ORIENTED_EDGE('',*,*,#5790,.F.);
#5804 = ORIENTED_EDGE('',*,*,#5805,.F.);
#5805 = EDGE_CURVE('',#5806,#5781,#5808,.T.);
#5806 = VERTEX_POINT('',#5807);
#5807 = CARTESIAN_POINT('',(81.,3.,27.));
#5808 = LINE('',#5809,#5810);
#5809 = CARTESIAN_POINT('',(83.,3.,27.));
#5810 = VECTOR('',#5811,1.);
#5811 = DIRECTION('',(-1.,0.,0.));
#5812 = ORIENTED_EDGE('',*,*,#5813,.T.);
#5813 = EDGE_CURVE('',#5806,#85,#5814,.T.);
#5814 = LINE('',#5815,#5816);
#5815 = CARTESIAN_POINT('',(81.,3.,30.));
#5816 = VECTOR('',#5817,1.);
#5817 = DIRECTION('',(0.,0.,-1.));
#5818 = ORIENTED_EDGE('',*,*,#92,.T.);
#5819 = PLANE('',#5820);
#5820 = AXIS2_PLACEMENT_3D('',#5821,#5822,#5823);
#5821 = CARTESIAN_POINT('',(1.307898419869,3.,15.290207008516));
#5822 = DIRECTION('',(0.,1.,0.));
#5823 = DIRECTION('',(0.,0.,1.));
#5824 = ADVANCED_FACE('',(#5825),#5836,.F.);
#5825 = FACE_BOUND('',#5826,.T.);
#5826 = EDGE_LOOP('',(#5827,#5833,#5834,#5835));
#5827 = ORIENTED_EDGE('',*,*,#5828,.T.);
#5828 = EDGE_CURVE('',#5806,#4206,#5829,.T.);
#5829 = LINE('',#5830,#5831);
#5830 = CARTESIAN_POINT('',(92.,-8.,27.));
#5831 = VECTOR('',#5832,1.);
#5832 = DIRECTION('',(0.707106781187,-0.707106781187,0.));
#5833 = ORIENTED_EDGE('',*,*,#4213,.T.);
#5834 = ORIENTED_EDGE('',*,*,#84,.T.);
#5835 = ORIENTED_EDGE('',*,*,#5813,.F.);
#5836 = PLANE('',#5837);
#5837 = AXIS2_PLACEMENT_3D('',#5838,#5839,#5840);
#5838 = CARTESIAN_POINT('',(82.,2.,30.));
#5839 = DIRECTION('',(-0.707106781187,-0.707106781187,0.));
#5840 = DIRECTION('',(0.,0.,1.));
#5841 = ADVANCED_FACE('',(#5842),#5867,.T.);
#5842 = FACE_BOUND('',#5843,.T.);
#5843 = EDGE_LOOP('',(#5844,#5854,#5860,#5861));
#5844 = ORIENTED_EDGE('',*,*,#5845,.F.);
#5845 = EDGE_CURVE('',#5846,#5848,#5850,.T.);
#5846 = VERTEX_POINT('',#5847);
#5847 = CARTESIAN_POINT('',(-26.8,-198.5,0.));
#5848 = VERTEX_POINT('',#5849);
#5849 = CARTESIAN_POINT('',(-26.8,-201.5,0.));
#5850 = LINE('',#5851,#5852);
#5851 = CARTESIAN_POINT('',(-26.8,-38.5,0.));
#5852 = VECTOR('',#5853,1.);
#5853 = DIRECTION('',(0.,-1.,0.));
#5854 = ORIENTED_EDGE('',*,*,#5855,.F.);
#5855 = EDGE_CURVE('',#589,#5846,#5856,.T.);
#5856 = LINE('',#5857,#5858);
#5857 = CARTESIAN_POINT('',(-26.8,-198.5,0.));
#5858 = VECTOR('',#5859,1.);
#5859 = DIRECTION('',(0.,0.,1.));
#5860 = ORIENTED_EDGE('',*,*,#588,.T.);
#5861 = ORIENTED_EDGE('',*,*,#5862,.F.);
#5862 = EDGE_CURVE('',#5848,#591,#5863,.T.);
#5863 = LINE('',#5864,#5865);
#5864 = CARTESIAN_POINT('',(-26.8,-201.5,0.));
#5865 = VECTOR('',#5866,1.);
#5866 = DIRECTION('',(-0.,-0.,-1.));
#5867 = PLANE('',#5868);
#5868 = AXIS2_PLACEMENT_3D('',#5869,#5870,#5871);
#5869 = CARTESIAN_POINT('',(-26.8,-38.5,0.));
#5870 = DIRECTION('',(-1.,0.,0.));
#5871 = DIRECTION('',(0.,-1.,0.));
#5872 = ADVANCED_FACE('',(#5873),#5891,.F.);
#5873 = FACE_BOUND('',#5874,.F.);
#5874 = EDGE_LOOP('',(#5875,#5883,#5884,#5885));
#5875 = ORIENTED_EDGE('',*,*,#5876,.F.);
#5876 = EDGE_CURVE('',#5846,#5877,#5879,.T.);
#5877 = VERTEX_POINT('',#5878);
#5878 = CARTESIAN_POINT('',(-45.2,-198.5,0.));
#5879 = LINE('',#5880,#5881);
#5880 = CARTESIAN_POINT('',(58.8,-198.5,0.));
#5881 = VECTOR('',#5882,1.);
#5882 = DIRECTION('',(-1.,0.,0.));
#5883 = ORIENTED_EDGE('',*,*,#5855,.F.);
#5884 = ORIENTED_EDGE('',*,*,#614,.F.);
#5885 = ORIENTED_EDGE('',*,*,#5886,.F.);
#5886 = EDGE_CURVE('',#5877,#607,#5887,.T.);
#5887 = LINE('',#5888,#5889);
#5888 = CARTESIAN_POINT('',(-45.2,-198.5,0.));
#5889 = VECTOR('',#5890,1.);
#5890 = DIRECTION('',(-0.,-0.,-1.));
#5891 = PLANE('',#5892);
#5892 = AXIS2_PLACEMENT_3D('',#5893,#5894,#5895);
#5893 = CARTESIAN_POINT('',(58.8,-198.5,0.));
#5894 = DIRECTION('',(0.,1.,0.));
#5895 = DIRECTION('',(-1.,0.,0.));
#5896 = ADVANCED_FACE('',(#5897),#5915,.F.);
#5897 = FACE_BOUND('',#5898,.F.);
#5898 = EDGE_LOOP('',(#5899,#5907,#5913,#5914));
#5899 = ORIENTED_EDGE('',*,*,#5900,.F.);
#5900 = EDGE_CURVE('',#5901,#5848,#5903,.T.);
#5901 = VERTEX_POINT('',#5902);
#5902 = CARTESIAN_POINT('',(-45.2,-201.5,0.));
#5903 = LINE('',#5904,#5905);
#5904 = CARTESIAN_POINT('',(-45.2,-201.5,0.));
#5905 = VECTOR('',#5906,1.);
#5906 = DIRECTION('',(1.,0.,0.));
#5907 = ORIENTED_EDGE('',*,*,#5908,.T.);
#5908 = EDGE_CURVE('',#5901,#599,#5909,.T.);
#5909 = LINE('',#5910,#5911);
#5910 = CARTESIAN_POINT('',(-45.2,-201.5,0.));
#5911 = VECTOR('',#5912,1.);
#5912 = DIRECTION('',(-0.,-0.,-1.));
#5913 = ORIENTED_EDGE('',*,*,#598,.F.);
#5914 = ORIENTED_EDGE('',*,*,#5862,.F.);
#5915 = PLANE('',#5916);
#5916 = AXIS2_PLACEMENT_3D('',#5917,#5918,#5919);
#5917 = CARTESIAN_POINT('',(-45.2,-201.5,0.));
#5918 = DIRECTION('',(0.,-1.,0.));
#5919 = DIRECTION('',(1.,0.,0.));
#5920 = ADVANCED_FACE('',(#5921),#5932,.F.);
#5921 = FACE_BOUND('',#5922,.F.);
#5922 = EDGE_LOOP('',(#5923,#5929,#5930,#5931));
#5923 = ORIENTED_EDGE('',*,*,#5924,.F.);
#5924 = EDGE_CURVE('',#5877,#5901,#5925,.T.);
#5925 = LINE('',#5926,#5927);
#5926 = CARTESIAN_POINT('',(-45.2,-198.5,0.));
#5927 = VECTOR('',#5928,1.);
#5928 = DIRECTION('',(0.,-1.,0.));
#5929 = ORIENTED_EDGE('',*,*,#5886,.T.);
#5930 = ORIENTED_EDGE('',*,*,#606,.F.);
#5931 = ORIENTED_EDGE('',*,*,#5908,.F.);
#5932 = PLANE('',#5933);
#5933 = AXIS2_PLACEMENT_3D('',#5934,#5935,#5936);
#5934 = CARTESIAN_POINT('',(-45.2,-198.5,0.));
#5935 = DIRECTION('',(-1.,0.,0.));
#5936 = DIRECTION('',(0.,-1.,0.));
#5937 = ADVANCED_FACE('',(#5938),#5963,.T.);
#5938 = FACE_BOUND('',#5939,.T.);
#5939 = EDGE_LOOP('',(#5940,#5950,#5956,#5957));
#5940 = ORIENTED_EDGE('',*,*,#5941,.F.);
#5941 = EDGE_CURVE('',#5942,#5944,#5946,.T.);
#5942 = VERTEX_POINT('',#5943);
#5943 = CARTESIAN_POINT('',(-26.8,-190.5,0.));
#5944 = VERTEX_POINT('',#5945);
#5945 = CARTESIAN_POINT('',(-26.8,-193.5,0.));
#5946 = LINE('',#5947,#5948);
#5947 = CARTESIAN_POINT('',(-26.8,-38.5,0.));
#5948 = VECTOR('',#5949,1.);
#5949 = DIRECTION('',(0.,-1.,0.));
#5950 = ORIENTED_EDGE('',*,*,#5951,.F.);
#5951 = EDGE_CURVE('',#623,#5942,#5952,.T.);
#5952 = LINE('',#5953,#5954);
#5953 = CARTESIAN_POINT('',(-26.8,-190.5,0.));
#5954 = VECTOR('',#5955,1.);
#5955 = DIRECTION('',(0.,0.,1.));
#5956 = ORIENTED_EDGE('',*,*,#622,.T.);
#5957 = ORIENTED_EDGE('',*,*,#5958,.F.);
#5958 = EDGE_CURVE('',#5944,#625,#5959,.T.);
#5959 = LINE('',#5960,#5961);
#5960 = CARTESIAN_POINT('',(-26.8,-193.5,0.));
#5961 = VECTOR('',#5962,1.);
#5962 = DIRECTION('',(-0.,-0.,-1.));
#5963 = PLANE('',#5964);
#5964 = AXIS2_PLACEMENT_3D('',#5965,#5966,#5967);
#5965 = CARTESIAN_POINT('',(-26.8,-38.5,0.));
#5966 = DIRECTION('',(-1.,0.,0.));
#5967 = DIRECTION('',(0.,-1.,0.));
#5968 = ADVANCED_FACE('',(#5969),#5987,.F.);
#5969 = FACE_BOUND('',#5970,.F.);
#5970 = EDGE_LOOP('',(#5971,#5979,#5980,#5981));
#5971 = ORIENTED_EDGE('',*,*,#5972,.F.);
#5972 = EDGE_CURVE('',#5942,#5973,#5975,.T.);
#5973 = VERTEX_POINT('',#5974);
#5974 = CARTESIAN_POINT('',(-45.2,-190.5,0.));
#5975 = LINE('',#5976,#5977);
#5976 = CARTESIAN_POINT('',(58.8,-190.5,0.));
#5977 = VECTOR('',#5978,1.);
#5978 = DIRECTION('',(-1.,0.,0.));
#5979 = ORIENTED_EDGE('',*,*,#5951,.F.);
#5980 = ORIENTED_EDGE('',*,*,#648,.F.);
#5981 = ORIENTED_EDGE('',*,*,#5982,.F.);
#5982 = EDGE_CURVE('',#5973,#641,#5983,.T.);
#5983 = LINE('',#5984,#5985);
#5984 = CARTESIAN_POINT('',(-45.2,-190.5,0.));
#5985 = VECTOR('',#5986,1.);
#5986 = DIRECTION('',(-0.,-0.,-1.));
#5987 = PLANE('',#5988);
#5988 = AXIS2_PLACEMENT_3D('',#5989,#5990,#5991);
#5989 = CARTESIAN_POINT('',(58.8,-190.5,0.));
#5990 = DIRECTION('',(0.,1.,0.));
#5991 = DIRECTION('',(-1.,0.,0.));
#5992 = ADVANCED_FACE('',(#5993),#6011,.F.);
#5993 = FACE_BOUND('',#5994,.F.);
#5994 = EDGE_LOOP('',(#5995,#6003,#6009,#6010));
#5995 = ORIENTED_EDGE('',*,*,#5996,.F.);
#5996 = EDGE_CURVE('',#5997,#5944,#5999,.T.);
#5997 = VERTEX_POINT('',#5998);
#5998 = CARTESIAN_POINT('',(-45.2,-193.5,0.));
#5999 = LINE('',#6000,#6001);
#6000 = CARTESIAN_POINT('',(-45.2,-193.5,0.));
#6001 = VECTOR('',#6002,1.);
#6002 = DIRECTION('',(1.,0.,0.));
#6003 = ORIENTED_EDGE('',*,*,#6004,.T.);
#6004 = EDGE_CURVE('',#5997,#633,#6005,.T.);
#6005 = LINE('',#6006,#6007);
#6006 = CARTESIAN_POINT('',(-45.2,-193.5,0.));
#6007 = VECTOR('',#6008,1.);
#6008 = DIRECTION('',(-0.,-0.,-1.));
#6009 = ORIENTED_EDGE('',*,*,#632,.F.);
#6010 = ORIENTED_EDGE('',*,*,#5958,.F.);
#6011 = PLANE('',#6012);
#6012 = AXIS2_PLACEMENT_3D('',#6013,#6014,#6015);
#6013 = CARTESIAN_POINT('',(-45.2,-193.5,0.));
#6014 = DIRECTION('',(0.,-1.,0.));
#6015 = DIRECTION('',(1.,0.,0.));
#6016 = ADVANCED_FACE('',(#6017),#6028,.F.);
#6017 = FACE_BOUND('',#6018,.F.);
#6018 = EDGE_LOOP('',(#6019,#6025,#6026,#6027));
#6019 = ORIENTED_EDGE('',*,*,#6020,.F.);
#6020 = EDGE_CURVE('',#5973,#5997,#6021,.T.);
#6021 = LINE('',#6022,#6023);
#6022 = CARTESIAN_POINT('',(-45.2,-190.5,0.));
#6023 = VECTOR('',#6024,1.);
#6024 = DIRECTION('',(0.,-1.,0.));
#6025 = ORIENTED_EDGE('',*,*,#5982,.T.);
#6026 = ORIENTED_EDGE('',*,*,#640,.F.);
#6027 = ORIENTED_EDGE('',*,*,#6004,.F.);
#6028 = PLANE('',#6029);
#6029 = AXIS2_PLACEMENT_3D('',#6030,#6031,#6032);
#6030 = CARTESIAN_POINT('',(-45.2,-190.5,0.));
#6031 = DIRECTION('',(-1.,0.,0.));
#6032 = DIRECTION('',(0.,-1.,0.));
#6033 = ADVANCED_FACE('',(#6034),#6059,.T.);
#6034 = FACE_BOUND('',#6035,.T.);
#6035 = EDGE_LOOP('',(#6036,#6046,#6052,#6053));
#6036 = ORIENTED_EDGE('',*,*,#6037,.F.);
#6037 = EDGE_CURVE('',#6038,#6040,#6042,.T.);
#6038 = VERTEX_POINT('',#6039);
#6039 = CARTESIAN_POINT('',(-26.8,-182.5,0.));
#6040 = VERTEX_POINT('',#6041);
#6041 = CARTESIAN_POINT('',(-26.8,-185.5,0.));
#6042 = LINE('',#6043,#6044);
#6043 = CARTESIAN_POINT('',(-26.8,-38.5,0.));
#6044 = VECTOR('',#6045,1.);
#6045 = DIRECTION('',(0.,-1.,0.));
#6046 = ORIENTED_EDGE('',*,*,#6047,.F.);
#6047 = EDGE_CURVE('',#657,#6038,#6048,.T.);
#6048 = LINE('',#6049,#6050);
#6049 = CARTESIAN_POINT('',(-26.8,-182.5,0.));
#6050 = VECTOR('',#6051,1.);
#6051 = DIRECTION('',(0.,0.,1.));
#6052 = ORIENTED_EDGE('',*,*,#656,.T.);
#6053 = ORIENTED_EDGE('',*,*,#6054,.F.);
#6054 = EDGE_CURVE('',#6040,#659,#6055,.T.);
#6055 = LINE('',#6056,#6057);
#6056 = CARTESIAN_POINT('',(-26.8,-185.5,0.));
#6057 = VECTOR('',#6058,1.);
#6058 = DIRECTION('',(-0.,-0.,-1.));
#6059 = PLANE('',#6060);
#6060 = AXIS2_PLACEMENT_3D('',#6061,#6062,#6063);
#6061 = CARTESIAN_POINT('',(-26.8,-38.5,0.));
#6062 = DIRECTION('',(-1.,0.,0.));
#6063 = DIRECTION('',(0.,-1.,0.));
#6064 = ADVANCED_FACE('',(#6065),#6083,.F.);
#6065 = FACE_BOUND('',#6066,.F.);
#6066 = EDGE_LOOP('',(#6067,#6075,#6076,#6077));
#6067 = ORIENTED_EDGE('',*,*,#6068,.F.);
#6068 = EDGE_CURVE('',#6038,#6069,#6071,.T.);
#6069 = VERTEX_POINT('',#6070);
#6070 = CARTESIAN_POINT('',(-45.2,-182.5,0.));
#6071 = LINE('',#6072,#6073);
#6072 = CARTESIAN_POINT('',(58.8,-182.5,0.));
#6073 = VECTOR('',#6074,1.);
#6074 = DIRECTION('',(-1.,0.,0.));
#6075 = ORIENTED_EDGE('',*,*,#6047,.F.);
#6076 = ORIENTED_EDGE('',*,*,#682,.F.);
#6077 = ORIENTED_EDGE('',*,*,#6078,.F.);
#6078 = EDGE_CURVE('',#6069,#675,#6079,.T.);
#6079 = LINE('',#6080,#6081);
#6080 = CARTESIAN_POINT('',(-45.2,-182.5,0.));
#6081 = VECTOR('',#6082,1.);
#6082 = DIRECTION('',(-0.,-0.,-1.));
#6083 = PLANE('',#6084);
#6084 = AXIS2_PLACEMENT_3D('',#6085,#6086,#6087);
#6085 = CARTESIAN_POINT('',(58.8,-182.5,0.));
#6086 = DIRECTION('',(0.,1.,0.));
#6087 = DIRECTION('',(-1.,0.,0.));
#6088 = ADVANCED_FACE('',(#6089),#6107,.F.);
#6089 = FACE_BOUND('',#6090,.F.);
#6090 = EDGE_LOOP('',(#6091,#6099,#6105,#6106));
#6091 = ORIENTED_EDGE('',*,*,#6092,.F.);
#6092 = EDGE_CURVE('',#6093,#6040,#6095,.T.);
#6093 = VERTEX_POINT('',#6094);
#6094 = CARTESIAN_POINT('',(-45.2,-185.5,0.));
#6095 = LINE('',#6096,#6097);
#6096 = CARTESIAN_POINT('',(-45.2,-185.5,0.));
#6097 = VECTOR('',#6098,1.);
#6098 = DIRECTION('',(1.,0.,0.));
#6099 = ORIENTED_EDGE('',*,*,#6100,.T.);
#6100 = EDGE_CURVE('',#6093,#667,#6101,.T.);
#6101 = LINE('',#6102,#6103);
#6102 = CARTESIAN_POINT('',(-45.2,-185.5,0.));
#6103 = VECTOR('',#6104,1.);
#6104 = DIRECTION('',(-0.,-0.,-1.));
#6105 = ORIENTED_EDGE('',*,*,#666,.F.);
#6106 = ORIENTED_EDGE('',*,*,#6054,.F.);
#6107 = PLANE('',#6108);
#6108 = AXIS2_PLACEMENT_3D('',#6109,#6110,#6111);
#6109 = CARTESIAN_POINT('',(-45.2,-185.5,0.));
#6110 = DIRECTION('',(0.,-1.,0.));
#6111 = DIRECTION('',(1.,0.,0.));
#6112 = ADVANCED_FACE('',(#6113),#6124,.F.);
#6113 = FACE_BOUND('',#6114,.F.);
#6114 = EDGE_LOOP('',(#6115,#6121,#6122,#6123));
#6115 = ORIENTED_EDGE('',*,*,#6116,.F.);
#6116 = EDGE_CURVE('',#6069,#6093,#6117,.T.);
#6117 = LINE('',#6118,#6119);
#6118 = CARTESIAN_POINT('',(-45.2,-182.5,0.));
#6119 = VECTOR('',#6120,1.);
#6120 = DIRECTION('',(0.,-1.,0.));
#6121 = ORIENTED_EDGE('',*,*,#6078,.T.);
#6122 = ORIENTED_EDGE('',*,*,#674,.F.);
#6123 = ORIENTED_EDGE('',*,*,#6100,.F.);
#6124 = PLANE('',#6125);
#6125 = AXIS2_PLACEMENT_3D('',#6126,#6127,#6128);
#6126 = CARTESIAN_POINT('',(-45.2,-182.5,0.));
#6127 = DIRECTION('',(-1.,0.,0.));
#6128 = DIRECTION('',(0.,-1.,0.));
#6129 = ADVANCED_FACE('',(#6130),#6155,.T.);
#6130 = FACE_BOUND('',#6131,.T.);
#6131 = EDGE_LOOP('',(#6132,#6142,#6148,#6149));
#6132 = ORIENTED_EDGE('',*,*,#6133,.F.);
#6133 = EDGE_CURVE('',#6134,#6136,#6138,.T.);
#6134 = VERTEX_POINT('',#6135);
#6135 = CARTESIAN_POINT('',(-23.8,-201.5,0.));
#6136 = VERTEX_POINT('',#6137);
#6137 = CARTESIAN_POINT('',(-23.8,-198.5,0.));
#6138 = LINE('',#6139,#6140);
#6139 = CARTESIAN_POINT('',(-23.8,-201.5,0.));
#6140 = VECTOR('',#6141,1.);
#6141 = DIRECTION('',(0.,1.,0.));
#6142 = ORIENTED_EDGE('',*,*,#6143,.T.);
#6143 = EDGE_CURVE('',#6134,#691,#6144,.T.);
#6144 = LINE('',#6145,#6146);
#6145 = CARTESIAN_POINT('',(-23.8,-201.5,0.));
#6146 = VECTOR('',#6147,1.);
#6147 = DIRECTION('',(-0.,-0.,-1.));
#6148 = ORIENTED_EDGE('',*,*,#690,.T.);
#6149 = ORIENTED_EDGE('',*,*,#6150,.F.);
#6150 = EDGE_CURVE('',#6136,#693,#6151,.T.);
#6151 = LINE('',#6152,#6153);
#6152 = CARTESIAN_POINT('',(-23.8,-198.5,0.));
#6153 = VECTOR('',#6154,1.);
#6154 = DIRECTION('',(0.,0.,-1.));
#6155 = PLANE('',#6156);
#6156 = AXIS2_PLACEMENT_3D('',#6157,#6158,#6159);
#6157 = CARTESIAN_POINT('',(-23.8,-201.5,0.));
#6158 = DIRECTION('',(1.,0.,0.));
#6159 = DIRECTION('',(0.,1.,0.));
#6160 = ADVANCED_FACE('',(#6161),#6179,.F.);
#6161 = FACE_BOUND('',#6162,.F.);
#6162 = EDGE_LOOP('',(#6163,#6171,#6172,#6173));
#6163 = ORIENTED_EDGE('',*,*,#6164,.F.);
#6164 = EDGE_CURVE('',#6134,#6165,#6167,.T.);
#6165 = VERTEX_POINT('',#6166);
#6166 = CARTESIAN_POINT('',(-5.4,-201.5,0.));
#6167 = LINE('',#6168,#6169);
#6168 = CARTESIAN_POINT('',(-45.2,-201.5,0.));
#6169 = VECTOR('',#6170,1.);
#6170 = DIRECTION('',(1.,0.,0.));
#6171 = ORIENTED_EDGE('',*,*,#6143,.T.);
#6172 = ORIENTED_EDGE('',*,*,#716,.F.);
#6173 = ORIENTED_EDGE('',*,*,#6174,.F.);
#6174 = EDGE_CURVE('',#6165,#709,#6175,.T.);
#6175 = LINE('',#6176,#6177);
#6176 = CARTESIAN_POINT('',(-5.4,-201.5,0.));
#6177 = VECTOR('',#6178,1.);
#6178 = DIRECTION('',(-0.,-0.,-1.));
#6179 = PLANE('',#6180);
#6180 = AXIS2_PLACEMENT_3D('',#6181,#6182,#6183);
#6181 = CARTESIAN_POINT('',(-45.2,-201.5,0.));
#6182 = DIRECTION('',(0.,-1.,0.));
#6183 = DIRECTION('',(1.,0.,0.));
#6184 = ADVANCED_FACE('',(#6185),#6203,.F.);
#6185 = FACE_BOUND('',#6186,.F.);
#6186 = EDGE_LOOP('',(#6187,#6195,#6201,#6202));
#6187 = ORIENTED_EDGE('',*,*,#6188,.F.);
#6188 = EDGE_CURVE('',#6189,#6136,#6191,.T.);
#6189 = VERTEX_POINT('',#6190);
#6190 = CARTESIAN_POINT('',(-5.4,-198.5,0.));
#6191 = LINE('',#6192,#6193);
#6192 = CARTESIAN_POINT('',(58.8,-198.5,0.));
#6193 = VECTOR('',#6194,1.);
#6194 = DIRECTION('',(-1.,0.,0.));
#6195 = ORIENTED_EDGE('',*,*,#6196,.F.);
#6196 = EDGE_CURVE('',#701,#6189,#6197,.T.);
#6197 = LINE('',#6198,#6199);
#6198 = CARTESIAN_POINT('',(-5.4,-198.5,0.));
#6199 = VECTOR('',#6200,1.);
#6200 = DIRECTION('',(0.,0.,1.));
#6201 = ORIENTED_EDGE('',*,*,#700,.F.);
#6202 = ORIENTED_EDGE('',*,*,#6150,.F.);
#6203 = PLANE('',#6204);
#6204 = AXIS2_PLACEMENT_3D('',#6205,#6206,#6207);
#6205 = CARTESIAN_POINT('',(58.8,-198.5,0.));
#6206 = DIRECTION('',(0.,1.,0.));
#6207 = DIRECTION('',(-1.,0.,0.));
#6208 = ADVANCED_FACE('',(#6209),#6220,.T.);
#6209 = FACE_BOUND('',#6210,.T.);
#6210 = EDGE_LOOP('',(#6211,#6217,#6218,#6219));
#6211 = ORIENTED_EDGE('',*,*,#6212,.F.);
#6212 = EDGE_CURVE('',#6189,#6165,#6213,.T.);
#6213 = LINE('',#6214,#6215);
#6214 = CARTESIAN_POINT('',(-5.4,-38.5,0.));
#6215 = VECTOR('',#6216,1.);
#6216 = DIRECTION('',(0.,-1.,0.));
#6217 = ORIENTED_EDGE('',*,*,#6196,.F.);
#6218 = ORIENTED_EDGE('',*,*,#708,.T.);
#6219 = ORIENTED_EDGE('',*,*,#6174,.F.);
#6220 = PLANE('',#6221);
#6221 = AXIS2_PLACEMENT_3D('',#6222,#6223,#6224);
#6222 = CARTESIAN_POINT('',(-5.4,-38.5,0.));
#6223 = DIRECTION('',(-1.,0.,0.));
#6224 = DIRECTION('',(0.,-1.,0.));
#6225 = ADVANCED_FACE('',(#6226),#6251,.T.);
#6226 = FACE_BOUND('',#6227,.T.);
#6227 = EDGE_LOOP('',(#6228,#6238,#6244,#6245));
#6228 = ORIENTED_EDGE('',*,*,#6229,.F.);
#6229 = EDGE_CURVE('',#6230,#6232,#6234,.T.);
#6230 = VERTEX_POINT('',#6231);
#6231 = CARTESIAN_POINT('',(-23.8,-193.5,0.));
#6232 = VERTEX_POINT('',#6233);
#6233 = CARTESIAN_POINT('',(-23.8,-190.5,0.));
#6234 = LINE('',#6235,#6236);
#6235 = CARTESIAN_POINT('',(-23.8,-201.5,0.));
#6236 = VECTOR('',#6237,1.);
#6237 = DIRECTION('',(0.,1.,0.));
#6238 = ORIENTED_EDGE('',*,*,#6239,.F.);
#6239 = EDGE_CURVE('',#725,#6230,#6240,.T.);
#6240 = LINE('',#6241,#6242);
#6241 = CARTESIAN_POINT('',(-23.8,-193.5,0.));
#6242 = VECTOR('',#6243,1.);
#6243 = DIRECTION('',(0.,0.,1.));
#6244 = ORIENTED_EDGE('',*,*,#724,.T.);
#6245 = ORIENTED_EDGE('',*,*,#6246,.F.);
#6246 = EDGE_CURVE('',#6232,#727,#6247,.T.);
#6247 = LINE('',#6248,#6249);
#6248 = CARTESIAN_POINT('',(-23.8,-190.5,0.));
#6249 = VECTOR('',#6250,1.);
#6250 = DIRECTION('',(0.,0.,-1.));
#6251 = PLANE('',#6252);
#6252 = AXIS2_PLACEMENT_3D('',#6253,#6254,#6255);
#6253 = CARTESIAN_POINT('',(-23.8,-201.5,0.));
#6254 = DIRECTION('',(1.,0.,0.));
#6255 = DIRECTION('',(0.,1.,0.));
#6256 = ADVANCED_FACE('',(#6257),#6275,.F.);
#6257 = FACE_BOUND('',#6258,.F.);
#6258 = EDGE_LOOP('',(#6259,#6267,#6268,#6269));
#6259 = ORIENTED_EDGE('',*,*,#6260,.F.);
#6260 = EDGE_CURVE('',#6230,#6261,#6263,.T.);
#6261 = VERTEX_POINT('',#6262);
#6262 = CARTESIAN_POINT('',(-5.4,-193.5,0.));
#6263 = LINE('',#6264,#6265);
#6264 = CARTESIAN_POINT('',(-45.2,-193.5,0.));
#6265 = VECTOR('',#6266,1.);
#6266 = DIRECTION('',(1.,0.,0.));
#6267 = ORIENTED_EDGE('',*,*,#6239,.F.);
#6268 = ORIENTED_EDGE('',*,*,#750,.F.);
#6269 = ORIENTED_EDGE('',*,*,#6270,.F.);
#6270 = EDGE_CURVE('',#6261,#743,#6271,.T.);
#6271 = LINE('',#6272,#6273);
#6272 = CARTESIAN_POINT('',(-5.4,-193.5,0.));
#6273 = VECTOR('',#6274,1.);
#6274 = DIRECTION('',(-0.,-0.,-1.));
#6275 = PLANE('',#6276);
#6276 = AXIS2_PLACEMENT_3D('',#6277,#6278,#6279);
#6277 = CARTESIAN_POINT('',(-45.2,-193.5,0.));
#6278 = DIRECTION('',(0.,-1.,0.));
#6279 = DIRECTION('',(1.,0.,0.));
#6280 = ADVANCED_FACE('',(#6281),#6299,.F.);
#6281 = FACE_BOUND('',#6282,.F.);
#6282 = EDGE_LOOP('',(#6283,#6291,#6297,#6298));
#6283 = ORIENTED_EDGE('',*,*,#6284,.F.);
#6284 = EDGE_CURVE('',#6285,#6232,#6287,.T.);
#6285 = VERTEX_POINT('',#6286);
#6286 = CARTESIAN_POINT('',(-5.4,-190.5,0.));
#6287 = LINE('',#6288,#6289);
#6288 = CARTESIAN_POINT('',(58.8,-190.5,0.));
#6289 = VECTOR('',#6290,1.);
#6290 = DIRECTION('',(-1.,0.,0.));
#6291 = ORIENTED_EDGE('',*,*,#6292,.F.);
#6292 = EDGE_CURVE('',#735,#6285,#6293,.T.);
#6293 = LINE('',#6294,#6295);
#6294 = CARTESIAN_POINT('',(-5.4,-190.5,0.));
#6295 = VECTOR('',#6296,1.);
#6296 = DIRECTION('',(0.,0.,1.));
#6297 = ORIENTED_EDGE('',*,*,#734,.F.);
#6298 = ORIENTED_EDGE('',*,*,#6246,.F.);
#6299 = PLANE('',#6300);
#6300 = AXIS2_PLACEMENT_3D('',#6301,#6302,#6303);
#6301 = CARTESIAN_POINT('',(58.8,-190.5,0.));
#6302 = DIRECTION('',(0.,1.,0.));
#6303 = DIRECTION('',(-1.,0.,0.));
#6304 = ADVANCED_FACE('',(#6305),#6316,.T.);
#6305 = FACE_BOUND('',#6306,.T.);
#6306 = EDGE_LOOP('',(#6307,#6313,#6314,#6315));
#6307 = ORIENTED_EDGE('',*,*,#6308,.F.);
#6308 = EDGE_CURVE('',#6285,#6261,#6309,.T.);
#6309 = LINE('',#6310,#6311);
#6310 = CARTESIAN_POINT('',(-5.4,-38.5,0.));
#6311 = VECTOR('',#6312,1.);
#6312 = DIRECTION('',(0.,-1.,0.));
#6313 = ORIENTED_EDGE('',*,*,#6292,.F.);
#6314 = ORIENTED_EDGE('',*,*,#742,.T.);
#6315 = ORIENTED_EDGE('',*,*,#6270,.F.);
#6316 = PLANE('',#6317);
#6317 = AXIS2_PLACEMENT_3D('',#6318,#6319,#6320);
#6318 = CARTESIAN_POINT('',(-5.4,-38.5,0.));
#6319 = DIRECTION('',(-1.,0.,0.));
#6320 = DIRECTION('',(0.,-1.,0.));
#6321 = ADVANCED_FACE('',(#6322),#6347,.F.);
#6322 = FACE_BOUND('',#6323,.F.);
#6323 = EDGE_LOOP('',(#6324,#6334,#6340,#6341));
#6324 = ORIENTED_EDGE('',*,*,#6325,.F.);
#6325 = EDGE_CURVE('',#6326,#6328,#6330,.T.);
#6326 = VERTEX_POINT('',#6327);
#6327 = CARTESIAN_POINT('',(-5.4,-182.5,0.));
#6328 = VERTEX_POINT('',#6329);
#6329 = CARTESIAN_POINT('',(-23.8,-182.5,0.));
#6330 = LINE('',#6331,#6332);
#6331 = CARTESIAN_POINT('',(58.8,-182.5,0.));
#6332 = VECTOR('',#6333,1.);
#6333 = DIRECTION('',(-1.,0.,0.));
#6334 = ORIENTED_EDGE('',*,*,#6335,.F.);
#6335 = EDGE_CURVE('',#761,#6326,#6336,.T.);
#6336 = LINE('',#6337,#6338);
#6337 = CARTESIAN_POINT('',(-5.4,-182.5,0.));
#6338 = VECTOR('',#6339,1.);
#6339 = DIRECTION('',(0.,0.,1.));
#6340 = ORIENTED_EDGE('',*,*,#758,.F.);
#6341 = ORIENTED_EDGE('',*,*,#6342,.F.);
#6342 = EDGE_CURVE('',#6328,#759,#6343,.T.);
#6343 = LINE('',#6344,#6345);
#6344 = CARTESIAN_POINT('',(-23.8,-182.5,0.));
#6345 = VECTOR('',#6346,1.);
#6346 = DIRECTION('',(0.,0.,-1.));
#6347 = PLANE('',#6348);
#6348 = AXIS2_PLACEMENT_3D('',#6349,#6350,#6351);
#6349 = CARTESIAN_POINT('',(58.8,-182.5,0.));
#6350 = DIRECTION('',(0.,1.,0.));
#6351 = DIRECTION('',(-1.,0.,0.));
#6352 = ADVANCED_FACE('',(#6353),#6371,.T.);
#6353 = FACE_BOUND('',#6354,.T.);
#6354 = EDGE_LOOP('',(#6355,#6363,#6369,#6370));
#6355 = ORIENTED_EDGE('',*,*,#6356,.F.);
#6356 = EDGE_CURVE('',#6357,#6328,#6359,.T.);
#6357 = VERTEX_POINT('',#6358);
#6358 = CARTESIAN_POINT('',(-23.8,-185.5,0.));
#6359 = LINE('',#6360,#6361);
#6360 = CARTESIAN_POINT('',(-23.8,-201.5,0.));
#6361 = VECTOR('',#6362,1.);
#6362 = DIRECTION('',(0.,1.,0.));
#6363 = ORIENTED_EDGE('',*,*,#6364,.F.);
#6364 = EDGE_CURVE('',#777,#6357,#6365,.T.);
#6365 = LINE('',#6366,#6367);
#6366 = CARTESIAN_POINT('',(-23.8,-185.5,0.));
#6367 = VECTOR('',#6368,1.);
#6368 = DIRECTION('',(0.,0.,1.));
#6369 = ORIENTED_EDGE('',*,*,#784,.T.);
#6370 = ORIENTED_EDGE('',*,*,#6342,.F.);
#6371 = PLANE('',#6372);
#6372 = AXIS2_PLACEMENT_3D('',#6373,#6374,#6375);
#6373 = CARTESIAN_POINT('',(-23.8,-201.5,0.));
#6374 = DIRECTION('',(1.,0.,0.));
#6375 = DIRECTION('',(0.,1.,0.));
#6376 = ADVANCED_FACE('',(#6377),#6395,.T.);
#6377 = FACE_BOUND('',#6378,.T.);
#6378 = EDGE_LOOP('',(#6379,#6387,#6388,#6389));
#6379 = ORIENTED_EDGE('',*,*,#6380,.F.);
#6380 = EDGE_CURVE('',#6326,#6381,#6383,.T.);
#6381 = VERTEX_POINT('',#6382);
#6382 = CARTESIAN_POINT('',(-5.4,-185.5,0.));
#6383 = LINE('',#6384,#6385);
#6384 = CARTESIAN_POINT('',(-5.4,-38.5,0.));
#6385 = VECTOR('',#6386,1.);
#6386 = DIRECTION('',(0.,-1.,0.));
#6387 = ORIENTED_EDGE('',*,*,#6335,.F.);
#6388 = ORIENTED_EDGE('',*,*,#768,.T.);
#6389 = ORIENTED_EDGE('',*,*,#6390,.F.);
#6390 = EDGE_CURVE('',#6381,#769,#6391,.T.);
#6391 = LINE('',#6392,#6393);
#6392 = CARTESIAN_POINT('',(-5.4,-185.5,0.));
#6393 = VECTOR('',#6394,1.);
#6394 = DIRECTION('',(-0.,-0.,-1.));
#6395 = PLANE('',#6396);
#6396 = AXIS2_PLACEMENT_3D('',#6397,#6398,#6399);
#6397 = CARTESIAN_POINT('',(-5.4,-38.5,0.));
#6398 = DIRECTION('',(-1.,0.,0.));
#6399 = DIRECTION('',(0.,-1.,0.));
#6400 = ADVANCED_FACE('',(#6401),#6412,.F.);
#6401 = FACE_BOUND('',#6402,.F.);
#6402 = EDGE_LOOP('',(#6403,#6409,#6410,#6411));
#6403 = ORIENTED_EDGE('',*,*,#6404,.F.);
#6404 = EDGE_CURVE('',#6357,#6381,#6405,.T.);
#6405 = LINE('',#6406,#6407);
#6406 = CARTESIAN_POINT('',(-45.2,-185.5,0.));
#6407 = VECTOR('',#6408,1.);
#6408 = DIRECTION('',(1.,0.,0.));
#6409 = ORIENTED_EDGE('',*,*,#6364,.F.);
#6410 = ORIENTED_EDGE('',*,*,#776,.F.);
#6411 = ORIENTED_EDGE('',*,*,#6390,.F.);
#6412 = PLANE('',#6413);
#6413 = AXIS2_PLACEMENT_3D('',#6414,#6415,#6416);
#6414 = CARTESIAN_POINT('',(-45.2,-185.5,0.));
#6415 = DIRECTION('',(0.,-1.,0.));
#6416 = DIRECTION('',(1.,0.,0.));
#6417 = ADVANCED_FACE('',(#6418),#6443,.T.);
#6418 = FACE_BOUND('',#6419,.T.);
#6419 = EDGE_LOOP('',(#6420,#6430,#6436,#6437));
#6420 = ORIENTED_EDGE('',*,*,#6421,.F.);
#6421 = EDGE_CURVE('',#6422,#6424,#6426,.T.);
#6422 = VERTEX_POINT('',#6423);
#6423 = CARTESIAN_POINT('',(-2.4,-201.5,0.));
#6424 = VERTEX_POINT('',#6425);
#6425 = CARTESIAN_POINT('',(-2.4,-198.5,0.));
#6426 = LINE('',#6427,#6428);
#6427 = CARTESIAN_POINT('',(-2.4,-201.5,0.));
#6428 = VECTOR('',#6429,1.);
#6429 = DIRECTION('',(0.,1.,0.));
#6430 = ORIENTED_EDGE('',*,*,#6431,.T.);
#6431 = EDGE_CURVE('',#6422,#793,#6432,.T.);
#6432 = LINE('',#6433,#6434);
#6433 = CARTESIAN_POINT('',(-2.4,-201.5,0.));
#6434 = VECTOR('',#6435,1.);
#6435 = DIRECTION('',(-0.,-0.,-1.));
#6436 = ORIENTED_EDGE('',*,*,#792,.T.);
#6437 = ORIENTED_EDGE('',*,*,#6438,.F.);
#6438 = EDGE_CURVE('',#6424,#795,#6439,.T.);
#6439 = LINE('',#6440,#6441);
#6440 = CARTESIAN_POINT('',(-2.4,-198.5,0.));
#6441 = VECTOR('',#6442,1.);
#6442 = DIRECTION('',(0.,0.,-1.));
#6443 = PLANE('',#6444);
#6444 = AXIS2_PLACEMENT_3D('',#6445,#6446,#6447);
#6445 = CARTESIAN_POINT('',(-2.4,-201.5,0.));
#6446 = DIRECTION('',(1.,0.,0.));
#6447 = DIRECTION('',(0.,1.,0.));
#6448 = ADVANCED_FACE('',(#6449),#6467,.F.);
#6449 = FACE_BOUND('',#6450,.F.);
#6450 = EDGE_LOOP('',(#6451,#6459,#6460,#6461));
#6451 = ORIENTED_EDGE('',*,*,#6452,.F.);
#6452 = EDGE_CURVE('',#6422,#6453,#6455,.T.);
#6453 = VERTEX_POINT('',#6454);
#6454 = CARTESIAN_POINT('',(16.,-201.5,0.));
#6455 = LINE('',#6456,#6457);
#6456 = CARTESIAN_POINT('',(-45.2,-201.5,0.));
#6457 = VECTOR('',#6458,1.);
#6458 = DIRECTION('',(1.,0.,0.));
#6459 = ORIENTED_EDGE('',*,*,#6431,.T.);
#6460 = ORIENTED_EDGE('',*,*,#818,.F.);
#6461 = ORIENTED_EDGE('',*,*,#6462,.F.);
#6462 = EDGE_CURVE('',#6453,#811,#6463,.T.);
#6463 = LINE('',#6464,#6465);
#6464 = CARTESIAN_POINT('',(16.,-201.5,0.));
#6465 = VECTOR('',#6466,1.);
#6466 = DIRECTION('',(-0.,-0.,-1.));
#6467 = PLANE('',#6468);
#6468 = AXIS2_PLACEMENT_3D('',#6469,#6470,#6471);
#6469 = CARTESIAN_POINT('',(-45.2,-201.5,0.));
#6470 = DIRECTION('',(0.,-1.,0.));
#6471 = DIRECTION('',(1.,0.,0.));
#6472 = ADVANCED_FACE('',(#6473),#6491,.F.);
#6473 = FACE_BOUND('',#6474,.F.);
#6474 = EDGE_LOOP('',(#6475,#6483,#6489,#6490));
#6475 = ORIENTED_EDGE('',*,*,#6476,.F.);
#6476 = EDGE_CURVE('',#6477,#6424,#6479,.T.);
#6477 = VERTEX_POINT('',#6478);
#6478 = CARTESIAN_POINT('',(16.,-198.5,0.));
#6479 = LINE('',#6480,#6481);
#6480 = CARTESIAN_POINT('',(58.8,-198.5,0.));
#6481 = VECTOR('',#6482,1.);
#6482 = DIRECTION('',(-1.,0.,0.));
#6483 = ORIENTED_EDGE('',*,*,#6484,.F.);
#6484 = EDGE_CURVE('',#803,#6477,#6485,.T.);
#6485 = LINE('',#6486,#6487);
#6486 = CARTESIAN_POINT('',(16.,-198.5,0.));
#6487 = VECTOR('',#6488,1.);
#6488 = DIRECTION('',(0.,0.,1.));
#6489 = ORIENTED_EDGE('',*,*,#802,.F.);
#6490 = ORIENTED_EDGE('',*,*,#6438,.F.);
#6491 = PLANE('',#6492);
#6492 = AXIS2_PLACEMENT_3D('',#6493,#6494,#6495);
#6493 = CARTESIAN_POINT('',(58.8,-198.5,0.));
#6494 = DIRECTION('',(0.,1.,0.));
#6495 = DIRECTION('',(-1.,0.,0.));
#6496 = ADVANCED_FACE('',(#6497),#6508,.T.);
#6497 = FACE_BOUND('',#6498,.T.);
#6498 = EDGE_LOOP('',(#6499,#6505,#6506,#6507));
#6499 = ORIENTED_EDGE('',*,*,#6500,.F.);
#6500 = EDGE_CURVE('',#6477,#6453,#6501,.T.);
#6501 = LINE('',#6502,#6503);
#6502 = CARTESIAN_POINT('',(16.,-38.5,0.));
#6503 = VECTOR('',#6504,1.);
#6504 = DIRECTION('',(0.,-1.,0.));
#6505 = ORIENTED_EDGE('',*,*,#6484,.F.);
#6506 = ORIENTED_EDGE('',*,*,#810,.T.);
#6507 = ORIENTED_EDGE('',*,*,#6462,.F.);
#6508 = PLANE('',#6509);
#6509 = AXIS2_PLACEMENT_3D('',#6510,#6511,#6512);
#6510 = CARTESIAN_POINT('',(16.,-38.5,0.));
#6511 = DIRECTION('',(-1.,0.,0.));
#6512 = DIRECTION('',(0.,-1.,0.));
#6513 = ADVANCED_FACE('',(#6514),#6539,.T.);
#6514 = FACE_BOUND('',#6515,.T.);
#6515 = EDGE_LOOP('',(#6516,#6526,#6532,#6533));
#6516 = ORIENTED_EDGE('',*,*,#6517,.F.);
#6517 = EDGE_CURVE('',#6518,#6520,#6522,.T.);
#6518 = VERTEX_POINT('',#6519);
#6519 = CARTESIAN_POINT('',(-2.4,-193.5,0.));
#6520 = VERTEX_POINT('',#6521);
#6521 = CARTESIAN_POINT('',(-2.4,-190.5,0.));
#6522 = LINE('',#6523,#6524);
#6523 = CARTESIAN_POINT('',(-2.4,-201.5,0.));
#6524 = VECTOR('',#6525,1.);
#6525 = DIRECTION('',(0.,1.,0.));
#6526 = ORIENTED_EDGE('',*,*,#6527,.F.);
#6527 = EDGE_CURVE('',#827,#6518,#6528,.T.);
#6528 = LINE('',#6529,#6530);
#6529 = CARTESIAN_POINT('',(-2.4,-193.5,0.));
#6530 = VECTOR('',#6531,1.);
#6531 = DIRECTION('',(0.,0.,1.));
#6532 = ORIENTED_EDGE('',*,*,#826,.T.);
#6533 = ORIENTED_EDGE('',*,*,#6534,.F.);
#6534 = EDGE_CURVE('',#6520,#829,#6535,.T.);
#6535 = LINE('',#6536,#6537);
#6536 = CARTESIAN_POINT('',(-2.4,-190.5,0.));
#6537 = VECTOR('',#6538,1.);
#6538 = DIRECTION('',(0.,0.,-1.));
#6539 = PLANE('',#6540);
#6540 = AXIS2_PLACEMENT_3D('',#6541,#6542,#6543);
#6541 = CARTESIAN_POINT('',(-2.4,-201.5,0.));
#6542 = DIRECTION('',(1.,0.,0.));
#6543 = DIRECTION('',(0.,1.,0.));
#6544 = ADVANCED_FACE('',(#6545),#6563,.F.);
#6545 = FACE_BOUND('',#6546,.F.);
#6546 = EDGE_LOOP('',(#6547,#6555,#6556,#6557));
#6547 = ORIENTED_EDGE('',*,*,#6548,.F.);
#6548 = EDGE_CURVE('',#6518,#6549,#6551,.T.);
#6549 = VERTEX_POINT('',#6550);
#6550 = CARTESIAN_POINT('',(16.,-193.5,0.));
#6551 = LINE('',#6552,#6553);
#6552 = CARTESIAN_POINT('',(-45.2,-193.5,0.));
#6553 = VECTOR('',#6554,1.);
#6554 = DIRECTION('',(1.,0.,0.));
#6555 = ORIENTED_EDGE('',*,*,#6527,.F.);
#6556 = ORIENTED_EDGE('',*,*,#852,.F.);
#6557 = ORIENTED_EDGE('',*,*,#6558,.F.);
#6558 = EDGE_CURVE('',#6549,#845,#6559,.T.);
#6559 = LINE('',#6560,#6561);
#6560 = CARTESIAN_POINT('',(16.,-193.5,0.));
#6561 = VECTOR('',#6562,1.);
#6562 = DIRECTION('',(-0.,-0.,-1.));
#6563 = PLANE('',#6564);
#6564 = AXIS2_PLACEMENT_3D('',#6565,#6566,#6567);
#6565 = CARTESIAN_POINT('',(-45.2,-193.5,0.));
#6566 = DIRECTION('',(0.,-1.,0.));
#6567 = DIRECTION('',(1.,0.,0.));
#6568 = ADVANCED_FACE('',(#6569),#6587,.F.);
#6569 = FACE_BOUND('',#6570,.F.);
#6570 = EDGE_LOOP('',(#6571,#6579,#6585,#6586));
#6571 = ORIENTED_EDGE('',*,*,#6572,.F.);
#6572 = EDGE_CURVE('',#6573,#6520,#6575,.T.);
#6573 = VERTEX_POINT('',#6574);
#6574 = CARTESIAN_POINT('',(16.,-190.5,0.));
#6575 = LINE('',#6576,#6577);
#6576 = CARTESIAN_POINT('',(58.8,-190.5,0.));
#6577 = VECTOR('',#6578,1.);
#6578 = DIRECTION('',(-1.,0.,0.));
#6579 = ORIENTED_EDGE('',*,*,#6580,.F.);
#6580 = EDGE_CURVE('',#837,#6573,#6581,.T.);
#6581 = LINE('',#6582,#6583);
#6582 = CARTESIAN_POINT('',(16.,-190.5,0.));
#6583 = VECTOR('',#6584,1.);
#6584 = DIRECTION('',(0.,0.,1.));
#6585 = ORIENTED_EDGE('',*,*,#836,.F.);
#6586 = ORIENTED_EDGE('',*,*,#6534,.F.);
#6587 = PLANE('',#6588);
#6588 = AXIS2_PLACEMENT_3D('',#6589,#6590,#6591);
#6589 = CARTESIAN_POINT('',(58.8,-190.5,0.));
#6590 = DIRECTION('',(0.,1.,0.));
#6591 = DIRECTION('',(-1.,0.,0.));
#6592 = ADVANCED_FACE('',(#6593),#6604,.T.);
#6593 = FACE_BOUND('',#6594,.T.);
#6594 = EDGE_LOOP('',(#6595,#6601,#6602,#6603));
#6595 = ORIENTED_EDGE('',*,*,#6596,.F.);
#6596 = EDGE_CURVE('',#6573,#6549,#6597,.T.);
#6597 = LINE('',#6598,#6599);
#6598 = CARTESIAN_POINT('',(16.,-38.5,0.));
#6599 = VECTOR('',#6600,1.);
#6600 = DIRECTION('',(0.,-1.,0.));
#6601 = ORIENTED_EDGE('',*,*,#6580,.F.);
#6602 = ORIENTED_EDGE('',*,*,#844,.T.);
#6603 = ORIENTED_EDGE('',*,*,#6558,.F.);
#6604 = PLANE('',#6605);
#6605 = AXIS2_PLACEMENT_3D('',#6606,#6607,#6608);
#6606 = CARTESIAN_POINT('',(16.,-38.5,0.));
#6607 = DIRECTION('',(-1.,0.,0.));
#6608 = DIRECTION('',(0.,-1.,0.));
#6609 = ADVANCED_FACE('',(#6610),#6635,.F.);
#6610 = FACE_BOUND('',#6611,.F.);
#6611 = EDGE_LOOP('',(#6612,#6622,#6628,#6629));
#6612 = ORIENTED_EDGE('',*,*,#6613,.F.);
#6613 = EDGE_CURVE('',#6614,#6616,#6618,.T.);
#6614 = VERTEX_POINT('',#6615);
#6615 = CARTESIAN_POINT('',(16.,-182.5,0.));
#6616 = VERTEX_POINT('',#6617);
#6617 = CARTESIAN_POINT('',(-2.4,-182.5,0.));
#6618 = LINE('',#6619,#6620);
#6619 = CARTESIAN_POINT('',(58.8,-182.5,0.));
#6620 = VECTOR('',#6621,1.);
#6621 = DIRECTION('',(-1.,0.,0.));
#6622 = ORIENTED_EDGE('',*,*,#6623,.F.);
#6623 = EDGE_CURVE('',#863,#6614,#6624,.T.);
#6624 = LINE('',#6625,#6626);
#6625 = CARTESIAN_POINT('',(16.,-182.5,0.));
#6626 = VECTOR('',#6627,1.);
#6627 = DIRECTION('',(0.,0.,1.));
#6628 = ORIENTED_EDGE('',*,*,#860,.F.);
#6629 = ORIENTED_EDGE('',*,*,#6630,.F.);
#6630 = EDGE_CURVE('',#6616,#861,#6631,.T.);
#6631 = LINE('',#6632,#6633);
#6632 = CARTESIAN_POINT('',(-2.4,-182.5,0.));
#6633 = VECTOR('',#6634,1.);
#6634 = DIRECTION('',(0.,0.,-1.));
#6635 = PLANE('',#6636);
#6636 = AXIS2_PLACEMENT_3D('',#6637,#6638,#6639);
#6637 = CARTESIAN_POINT('',(58.8,-182.5,0.));
#6638 = DIRECTION('',(0.,1.,0.));
#6639 = DIRECTION('',(-1.,0.,0.));
#6640 = ADVANCED_FACE('',(#6641),#6659,.T.);
#6641 = FACE_BOUND('',#6642,.T.);
#6642 = EDGE_LOOP('',(#6643,#6651,#6657,#6658));
#6643 = ORIENTED_EDGE('',*,*,#6644,.F.);
#6644 = EDGE_CURVE('',#6645,#6616,#6647,.T.);
#6645 = VERTEX_POINT('',#6646);
#6646 = CARTESIAN_POINT('',(-2.4,-185.5,0.));
#6647 = LINE('',#6648,#6649);
#6648 = CARTESIAN_POINT('',(-2.4,-201.5,0.));
#6649 = VECTOR('',#6650,1.);
#6650 = DIRECTION('',(0.,1.,0.));
#6651 = ORIENTED_EDGE('',*,*,#6652,.F.);
#6652 = EDGE_CURVE('',#879,#6645,#6653,.T.);
#6653 = LINE('',#6654,#6655);
#6654 = CARTESIAN_POINT('',(-2.4,-185.5,0.));
#6655 = VECTOR('',#6656,1.);
#6656 = DIRECTION('',(0.,0.,1.));
#6657 = ORIENTED_EDGE('',*,*,#886,.T.);
#6658 = ORIENTED_EDGE('',*,*,#6630,.F.);
#6659 = PLANE('',#6660);
#6660 = AXIS2_PLACEMENT_3D('',#6661,#6662,#6663);
#6661 = CARTESIAN_POINT('',(-2.4,-201.5,0.));
#6662 = DIRECTION('',(1.,0.,0.));
#6663 = DIRECTION('',(0.,1.,0.));
#6664 = ADVANCED_FACE('',(#6665),#6683,.T.);
#6665 = FACE_BOUND('',#6666,.T.);
#6666 = EDGE_LOOP('',(#6667,#6675,#6676,#6677));
#6667 = ORIENTED_EDGE('',*,*,#6668,.F.);
#6668 = EDGE_CURVE('',#6614,#6669,#6671,.T.);
#6669 = VERTEX_POINT('',#6670);
#6670 = CARTESIAN_POINT('',(16.,-185.5,0.));
#6671 = LINE('',#6672,#6673);
#6672 = CARTESIAN_POINT('',(16.,-38.5,0.));
#6673 = VECTOR('',#6674,1.);
#6674 = DIRECTION('',(0.,-1.,0.));
#6675 = ORIENTED_EDGE('',*,*,#6623,.F.);
#6676 = ORIENTED_EDGE('',*,*,#870,.T.);
#6677 = ORIENTED_EDGE('',*,*,#6678,.F.);
#6678 = EDGE_CURVE('',#6669,#871,#6679,.T.);
#6679 = LINE('',#6680,#6681);
#6680 = CARTESIAN_POINT('',(16.,-185.5,0.));
#6681 = VECTOR('',#6682,1.);
#6682 = DIRECTION('',(-0.,-0.,-1.));
#6683 = PLANE('',#6684);
#6684 = AXIS2_PLACEMENT_3D('',#6685,#6686,#6687);
#6685 = CARTESIAN_POINT('',(16.,-38.5,0.));
#6686 = DIRECTION('',(-1.,0.,0.));
#6687 = DIRECTION('',(0.,-1.,0.));
#6688 = ADVANCED_FACE('',(#6689),#6700,.F.);
#6689 = FACE_BOUND('',#6690,.F.);
#6690 = EDGE_LOOP('',(#6691,#6697,#6698,#6699));
#6691 = ORIENTED_EDGE('',*,*,#6692,.F.);
#6692 = EDGE_CURVE('',#6645,#6669,#6693,.T.);
#6693 = LINE('',#6694,#6695);
#6694 = CARTESIAN_POINT('',(-45.2,-185.5,0.));
#6695 = VECTOR('',#6696,1.);
#6696 = DIRECTION('',(1.,0.,0.));
#6697 = ORIENTED_EDGE('',*,*,#6652,.F.);
#6698 = ORIENTED_EDGE('',*,*,#878,.F.);
#6699 = ORIENTED_EDGE('',*,*,#6678,.F.);
#6700 = PLANE('',#6701);
#6701 = AXIS2_PLACEMENT_3D('',#6702,#6703,#6704);
#6702 = CARTESIAN_POINT('',(-45.2,-185.5,0.));
#6703 = DIRECTION('',(0.,-1.,0.));
#6704 = DIRECTION('',(1.,0.,0.));
#6705 = ADVANCED_FACE('',(#6706),#6731,.T.);
#6706 = FACE_BOUND('',#6707,.T.);
#6707 = EDGE_LOOP('',(#6708,#6718,#6724,#6725));
#6708 = ORIENTED_EDGE('',*,*,#6709,.F.);
#6709 = EDGE_CURVE('',#6710,#6712,#6714,.T.);
#6710 = VERTEX_POINT('',#6711);
#6711 = CARTESIAN_POINT('',(-26.8,-174.5,0.));
#6712 = VERTEX_POINT('',#6713);
#6713 = CARTESIAN_POINT('',(-26.8,-177.5,0.));
#6714 = LINE('',#6715,#6716);
#6715 = CARTESIAN_POINT('',(-26.8,-38.5,0.));
#6716 = VECTOR('',#6717,1.);
#6717 = DIRECTION('',(0.,-1.,0.));
#6718 = ORIENTED_EDGE('',*,*,#6719,.F.);
#6719 = EDGE_CURVE('',#895,#6710,#6720,.T.);
#6720 = LINE('',#6721,#6722);
#6721 = CARTESIAN_POINT('',(-26.8,-174.5,0.));
#6722 = VECTOR('',#6723,1.);
#6723 = DIRECTION('',(0.,0.,1.));
#6724 = ORIENTED_EDGE('',*,*,#894,.T.);
#6725 = ORIENTED_EDGE('',*,*,#6726,.F.);
#6726 = EDGE_CURVE('',#6712,#897,#6727,.T.);
#6727 = LINE('',#6728,#6729);
#6728 = CARTESIAN_POINT('',(-26.8,-177.5,0.));
#6729 = VECTOR('',#6730,1.);
#6730 = DIRECTION('',(-0.,-0.,-1.));
#6731 = PLANE('',#6732);
#6732 = AXIS2_PLACEMENT_3D('',#6733,#6734,#6735);
#6733 = CARTESIAN_POINT('',(-26.8,-38.5,0.));
#6734 = DIRECTION('',(-1.,0.,0.));
#6735 = DIRECTION('',(0.,-1.,0.));
#6736 = ADVANCED_FACE('',(#6737),#6755,.F.);
#6737 = FACE_BOUND('',#6738,.F.);
#6738 = EDGE_LOOP('',(#6739,#6747,#6748,#6749));
#6739 = ORIENTED_EDGE('',*,*,#6740,.F.);
#6740 = EDGE_CURVE('',#6710,#6741,#6743,.T.);
#6741 = VERTEX_POINT('',#6742);
#6742 = CARTESIAN_POINT('',(-45.2,-174.5,0.));
#6743 = LINE('',#6744,#6745);
#6744 = CARTESIAN_POINT('',(58.8,-174.5,0.));
#6745 = VECTOR('',#6746,1.);
#6746 = DIRECTION('',(-1.,0.,0.));
#6747 = ORIENTED_EDGE('',*,*,#6719,.F.);
#6748 = ORIENTED_EDGE('',*,*,#920,.F.);
#6749 = ORIENTED_EDGE('',*,*,#6750,.F.);
#6750 = EDGE_CURVE('',#6741,#913,#6751,.T.);
#6751 = LINE('',#6752,#6753);
#6752 = CARTESIAN_POINT('',(-45.2,-174.5,0.));
#6753 = VECTOR('',#6754,1.);
#6754 = DIRECTION('',(-0.,-0.,-1.));
#6755 = PLANE('',#6756);
#6756 = AXIS2_PLACEMENT_3D('',#6757,#6758,#6759);
#6757 = CARTESIAN_POINT('',(58.8,-174.5,0.));
#6758 = DIRECTION('',(0.,1.,0.));
#6759 = DIRECTION('',(-1.,0.,0.));
#6760 = ADVANCED_FACE('',(#6761),#6779,.F.);
#6761 = FACE_BOUND('',#6762,.F.);
#6762 = EDGE_LOOP('',(#6763,#6771,#6777,#6778));
#6763 = ORIENTED_EDGE('',*,*,#6764,.F.);
#6764 = EDGE_CURVE('',#6765,#6712,#6767,.T.);
#6765 = VERTEX_POINT('',#6766);
#6766 = CARTESIAN_POINT('',(-45.2,-177.5,0.));
#6767 = LINE('',#6768,#6769);
#6768 = CARTESIAN_POINT('',(-45.2,-177.5,0.));
#6769 = VECTOR('',#6770,1.);
#6770 = DIRECTION('',(1.,0.,0.));
#6771 = ORIENTED_EDGE('',*,*,#6772,.T.);
#6772 = EDGE_CURVE('',#6765,#905,#6773,.T.);
#6773 = LINE('',#6774,#6775);
#6774 = CARTESIAN_POINT('',(-45.2,-177.5,0.));
#6775 = VECTOR('',#6776,1.);
#6776 = DIRECTION('',(-0.,-0.,-1.));
#6777 = ORIENTED_EDGE('',*,*,#904,.F.);
#6778 = ORIENTED_EDGE('',*,*,#6726,.F.);
#6779 = PLANE('',#6780);
#6780 = AXIS2_PLACEMENT_3D('',#6781,#6782,#6783);
#6781 = CARTESIAN_POINT('',(-45.2,-177.5,0.));
#6782 = DIRECTION('',(0.,-1.,0.));
#6783 = DIRECTION('',(1.,0.,0.));
#6784 = ADVANCED_FACE('',(#6785),#6796,.F.);
#6785 = FACE_BOUND('',#6786,.F.);
#6786 = EDGE_LOOP('',(#6787,#6793,#6794,#6795));
#6787 = ORIENTED_EDGE('',*,*,#6788,.F.);
#6788 = EDGE_CURVE('',#6741,#6765,#6789,.T.);
#6789 = LINE('',#6790,#6791);
#6790 = CARTESIAN_POINT('',(-45.2,-174.5,0.));
#6791 = VECTOR('',#6792,1.);
#6792 = DIRECTION('',(0.,-1.,0.));
#6793 = ORIENTED_EDGE('',*,*,#6750,.T.);
#6794 = ORIENTED_EDGE('',*,*,#912,.F.);
#6795 = ORIENTED_EDGE('',*,*,#6772,.F.);
#6796 = PLANE('',#6797);
#6797 = AXIS2_PLACEMENT_3D('',#6798,#6799,#6800);
#6798 = CARTESIAN_POINT('',(-45.2,-174.5,0.));
#6799 = DIRECTION('',(-1.,0.,0.));
#6800 = DIRECTION('',(0.,-1.,0.));
#6801 = ADVANCED_FACE('',(#6802),#6827,.T.);
#6802 = FACE_BOUND('',#6803,.T.);
#6803 = EDGE_LOOP('',(#6804,#6814,#6820,#6821));
#6804 = ORIENTED_EDGE('',*,*,#6805,.F.);
#6805 = EDGE_CURVE('',#6806,#6808,#6810,.T.);
#6806 = VERTEX_POINT('',#6807);
#6807 = CARTESIAN_POINT('',(-26.8,-166.5,0.));
#6808 = VERTEX_POINT('',#6809);
#6809 = CARTESIAN_POINT('',(-26.8,-169.5,0.));
#6810 = LINE('',#6811,#6812);
#6811 = CARTESIAN_POINT('',(-26.8,-38.5,0.));
#6812 = VECTOR('',#6813,1.);
#6813 = DIRECTION('',(0.,-1.,0.));
#6814 = ORIENTED_EDGE('',*,*,#6815,.F.);
#6815 = EDGE_CURVE('',#929,#6806,#6816,.T.);
#6816 = LINE('',#6817,#6818);
#6817 = CARTESIAN_POINT('',(-26.8,-166.5,0.));
#6818 = VECTOR('',#6819,1.);
#6819 = DIRECTION('',(0.,0.,1.));
#6820 = ORIENTED_EDGE('',*,*,#928,.T.);
#6821 = ORIENTED_EDGE('',*,*,#6822,.F.);
#6822 = EDGE_CURVE('',#6808,#931,#6823,.T.);
#6823 = LINE('',#6824,#6825);
#6824 = CARTESIAN_POINT('',(-26.8,-169.5,0.));
#6825 = VECTOR('',#6826,1.);
#6826 = DIRECTION('',(-0.,-0.,-1.));
#6827 = PLANE('',#6828);
#6828 = AXIS2_PLACEMENT_3D('',#6829,#6830,#6831);
#6829 = CARTESIAN_POINT('',(-26.8,-38.5,0.));
#6830 = DIRECTION('',(-1.,0.,0.));
#6831 = DIRECTION('',(0.,-1.,0.));
#6832 = ADVANCED_FACE('',(#6833),#6851,.F.);
#6833 = FACE_BOUND('',#6834,.F.);
#6834 = EDGE_LOOP('',(#6835,#6843,#6844,#6845));
#6835 = ORIENTED_EDGE('',*,*,#6836,.F.);
#6836 = EDGE_CURVE('',#6806,#6837,#6839,.T.);
#6837 = VERTEX_POINT('',#6838);
#6838 = CARTESIAN_POINT('',(-45.2,-166.5,0.));
#6839 = LINE('',#6840,#6841);
#6840 = CARTESIAN_POINT('',(58.8,-166.5,0.));
#6841 = VECTOR('',#6842,1.);
#6842 = DIRECTION('',(-1.,0.,0.));
#6843 = ORIENTED_EDGE('',*,*,#6815,.F.);
#6844 = ORIENTED_EDGE('',*,*,#954,.F.);
#6845 = ORIENTED_EDGE('',*,*,#6846,.F.);
#6846 = EDGE_CURVE('',#6837,#947,#6847,.T.);
#6847 = LINE('',#6848,#6849);
#6848 = CARTESIAN_POINT('',(-45.2,-166.5,0.));
#6849 = VECTOR('',#6850,1.);
#6850 = DIRECTION('',(-0.,-0.,-1.));
#6851 = PLANE('',#6852);
#6852 = AXIS2_PLACEMENT_3D('',#6853,#6854,#6855);
#6853 = CARTESIAN_POINT('',(58.8,-166.5,0.));
#6854 = DIRECTION('',(0.,1.,0.));
#6855 = DIRECTION('',(-1.,0.,0.));
#6856 = ADVANCED_FACE('',(#6857),#6875,.F.);
#6857 = FACE_BOUND('',#6858,.F.);
#6858 = EDGE_LOOP('',(#6859,#6867,#6873,#6874));
#6859 = ORIENTED_EDGE('',*,*,#6860,.F.);
#6860 = EDGE_CURVE('',#6861,#6808,#6863,.T.);
#6861 = VERTEX_POINT('',#6862);
#6862 = CARTESIAN_POINT('',(-45.2,-169.5,0.));
#6863 = LINE('',#6864,#6865);
#6864 = CARTESIAN_POINT('',(-45.2,-169.5,0.));
#6865 = VECTOR('',#6866,1.);
#6866 = DIRECTION('',(1.,0.,0.));
#6867 = ORIENTED_EDGE('',*,*,#6868,.T.);
#6868 = EDGE_CURVE('',#6861,#939,#6869,.T.);
#6869 = LINE('',#6870,#6871);
#6870 = CARTESIAN_POINT('',(-45.2,-169.5,0.));
#6871 = VECTOR('',#6872,1.);
#6872 = DIRECTION('',(-0.,-0.,-1.));
#6873 = ORIENTED_EDGE('',*,*,#938,.F.);
#6874 = ORIENTED_EDGE('',*,*,#6822,.F.);
#6875 = PLANE('',#6876);
#6876 = AXIS2_PLACEMENT_3D('',#6877,#6878,#6879);
#6877 = CARTESIAN_POINT('',(-45.2,-169.5,0.));
#6878 = DIRECTION('',(0.,-1.,0.));
#6879 = DIRECTION('',(1.,0.,0.));
#6880 = ADVANCED_FACE('',(#6881),#6892,.F.);
#6881 = FACE_BOUND('',#6882,.F.);
#6882 = EDGE_LOOP('',(#6883,#6889,#6890,#6891));
#6883 = ORIENTED_EDGE('',*,*,#6884,.F.);
#6884 = EDGE_CURVE('',#6837,#6861,#6885,.T.);
#6885 = LINE('',#6886,#6887);
#6886 = CARTESIAN_POINT('',(-45.2,-166.5,0.));
#6887 = VECTOR('',#6888,1.);
#6888 = DIRECTION('',(0.,-1.,0.));
#6889 = ORIENTED_EDGE('',*,*,#6846,.T.);
#6890 = ORIENTED_EDGE('',*,*,#946,.F.);
#6891 = ORIENTED_EDGE('',*,*,#6868,.F.);
#6892 = PLANE('',#6893);
#6893 = AXIS2_PLACEMENT_3D('',#6894,#6895,#6896);
#6894 = CARTESIAN_POINT('',(-45.2,-166.5,0.));
#6895 = DIRECTION('',(-1.,0.,0.));
#6896 = DIRECTION('',(0.,-1.,0.));
#6897 = ADVANCED_FACE('',(#6898),#6923,.T.);
#6898 = FACE_BOUND('',#6899,.T.);
#6899 = EDGE_LOOP('',(#6900,#6910,#6916,#6917));
#6900 = ORIENTED_EDGE('',*,*,#6901,.F.);
#6901 = EDGE_CURVE('',#6902,#6904,#6906,.T.);
#6902 = VERTEX_POINT('',#6903);
#6903 = CARTESIAN_POINT('',(-26.8,-158.5,0.));
#6904 = VERTEX_POINT('',#6905);
#6905 = CARTESIAN_POINT('',(-26.8,-161.5,0.));
#6906 = LINE('',#6907,#6908);
#6907 = CARTESIAN_POINT('',(-26.8,-38.5,0.));
#6908 = VECTOR('',#6909,1.);
#6909 = DIRECTION('',(0.,-1.,0.));
#6910 = ORIENTED_EDGE('',*,*,#6911,.F.);
#6911 = EDGE_CURVE('',#963,#6902,#6912,.T.);
#6912 = LINE('',#6913,#6914);
#6913 = CARTESIAN_POINT('',(-26.8,-158.5,0.));
#6914 = VECTOR('',#6915,1.);
#6915 = DIRECTION('',(0.,0.,1.));
#6916 = ORIENTED_EDGE('',*,*,#962,.T.);
#6917 = ORIENTED_EDGE('',*,*,#6918,.F.);
#6918 = EDGE_CURVE('',#6904,#965,#6919,.T.);
#6919 = LINE('',#6920,#6921);
#6920 = CARTESIAN_POINT('',(-26.8,-161.5,0.));
#6921 = VECTOR('',#6922,1.);
#6922 = DIRECTION('',(-0.,-0.,-1.));
#6923 = PLANE('',#6924);
#6924 = AXIS2_PLACEMENT_3D('',#6925,#6926,#6927);
#6925 = CARTESIAN_POINT('',(-26.8,-38.5,0.));
#6926 = DIRECTION('',(-1.,0.,0.));
#6927 = DIRECTION('',(0.,-1.,0.));
#6928 = ADVANCED_FACE('',(#6929),#6947,.F.);
#6929 = FACE_BOUND('',#6930,.F.);
#6930 = EDGE_LOOP('',(#6931,#6939,#6940,#6941));
#6931 = ORIENTED_EDGE('',*,*,#6932,.F.);
#6932 = EDGE_CURVE('',#6902,#6933,#6935,.T.);
#6933 = VERTEX_POINT('',#6934);
#6934 = CARTESIAN_POINT('',(-45.2,-158.5,0.));
#6935 = LINE('',#6936,#6937);
#6936 = CARTESIAN_POINT('',(58.8,-158.5,0.));
#6937 = VECTOR('',#6938,1.);
#6938 = DIRECTION('',(-1.,0.,0.));
#6939 = ORIENTED_EDGE('',*,*,#6911,.F.);
#6940 = ORIENTED_EDGE('',*,*,#988,.F.);
#6941 = ORIENTED_EDGE('',*,*,#6942,.F.);
#6942 = EDGE_CURVE('',#6933,#981,#6943,.T.);
#6943 = LINE('',#6944,#6945);
#6944 = CARTESIAN_POINT('',(-45.2,-158.5,0.));
#6945 = VECTOR('',#6946,1.);
#6946 = DIRECTION('',(-0.,-0.,-1.));
#6947 = PLANE('',#6948);
#6948 = AXIS2_PLACEMENT_3D('',#6949,#6950,#6951);
#6949 = CARTESIAN_POINT('',(58.8,-158.5,0.));
#6950 = DIRECTION('',(0.,1.,0.));
#6951 = DIRECTION('',(-1.,0.,0.));
#6952 = ADVANCED_FACE('',(#6953),#6971,.F.);
#6953 = FACE_BOUND('',#6954,.F.);
#6954 = EDGE_LOOP('',(#6955,#6963,#6969,#6970));
#6955 = ORIENTED_EDGE('',*,*,#6956,.F.);
#6956 = EDGE_CURVE('',#6957,#6904,#6959,.T.);
#6957 = VERTEX_POINT('',#6958);
#6958 = CARTESIAN_POINT('',(-45.2,-161.5,0.));
#6959 = LINE('',#6960,#6961);
#6960 = CARTESIAN_POINT('',(-45.2,-161.5,0.));
#6961 = VECTOR('',#6962,1.);
#6962 = DIRECTION('',(1.,0.,0.));
#6963 = ORIENTED_EDGE('',*,*,#6964,.T.);
#6964 = EDGE_CURVE('',#6957,#973,#6965,.T.);
#6965 = LINE('',#6966,#6967);
#6966 = CARTESIAN_POINT('',(-45.2,-161.5,0.));
#6967 = VECTOR('',#6968,1.);
#6968 = DIRECTION('',(-0.,-0.,-1.));
#6969 = ORIENTED_EDGE('',*,*,#972,.F.);
#6970 = ORIENTED_EDGE('',*,*,#6918,.F.);
#6971 = PLANE('',#6972);
#6972 = AXIS2_PLACEMENT_3D('',#6973,#6974,#6975);
#6973 = CARTESIAN_POINT('',(-45.2,-161.5,0.));
#6974 = DIRECTION('',(0.,-1.,0.));
#6975 = DIRECTION('',(1.,0.,0.));
#6976 = ADVANCED_FACE('',(#6977),#6988,.F.);
#6977 = FACE_BOUND('',#6978,.F.);
#6978 = EDGE_LOOP('',(#6979,#6985,#6986,#6987));
#6979 = ORIENTED_EDGE('',*,*,#6980,.F.);
#6980 = EDGE_CURVE('',#6933,#6957,#6981,.T.);
#6981 = LINE('',#6982,#6983);
#6982 = CARTESIAN_POINT('',(-45.2,-158.5,0.));
#6983 = VECTOR('',#6984,1.);
#6984 = DIRECTION('',(0.,-1.,0.));
#6985 = ORIENTED_EDGE('',*,*,#6942,.T.);
#6986 = ORIENTED_EDGE('',*,*,#980,.F.);
#6987 = ORIENTED_EDGE('',*,*,#6964,.F.);
#6988 = PLANE('',#6989);
#6989 = AXIS2_PLACEMENT_3D('',#6990,#6991,#6992);
#6990 = CARTESIAN_POINT('',(-45.2,-158.5,0.));
#6991 = DIRECTION('',(-1.,0.,0.));
#6992 = DIRECTION('',(0.,-1.,0.));
#6993 = ADVANCED_FACE('',(#6994),#7019,.T.);
#6994 = FACE_BOUND('',#6995,.T.);
#6995 = EDGE_LOOP('',(#6996,#7006,#7012,#7013));
#6996 = ORIENTED_EDGE('',*,*,#6997,.F.);
#6997 = EDGE_CURVE('',#6998,#7000,#7002,.T.);
#6998 = VERTEX_POINT('',#6999);
#6999 = CARTESIAN_POINT('',(-26.8,-150.5,0.));
#7000 = VERTEX_POINT('',#7001);
#7001 = CARTESIAN_POINT('',(-26.8,-153.5,0.));
#7002 = LINE('',#7003,#7004);
#7003 = CARTESIAN_POINT('',(-26.8,-38.5,0.));
#7004 = VECTOR('',#7005,1.);
#7005 = DIRECTION('',(0.,-1.,0.));
#7006 = ORIENTED_EDGE('',*,*,#7007,.F.);
#7007 = EDGE_CURVE('',#997,#6998,#7008,.T.);
#7008 = LINE('',#7009,#7010);
#7009 = CARTESIAN_POINT('',(-26.8,-150.5,0.));
#7010 = VECTOR('',#7011,1.);
#7011 = DIRECTION('',(0.,0.,1.));
#7012 = ORIENTED_EDGE('',*,*,#996,.T.);
#7013 = ORIENTED_EDGE('',*,*,#7014,.F.);
#7014 = EDGE_CURVE('',#7000,#999,#7015,.T.);
#7015 = LINE('',#7016,#7017);
#7016 = CARTESIAN_POINT('',(-26.8,-153.5,0.));
#7017 = VECTOR('',#7018,1.);
#7018 = DIRECTION('',(-0.,-0.,-1.));
#7019 = PLANE('',#7020);
#7020 = AXIS2_PLACEMENT_3D('',#7021,#7022,#7023);
#7021 = CARTESIAN_POINT('',(-26.8,-38.5,0.));
#7022 = DIRECTION('',(-1.,0.,0.));
#7023 = DIRECTION('',(0.,-1.,0.));
#7024 = ADVANCED_FACE('',(#7025),#7043,.F.);
#7025 = FACE_BOUND('',#7026,.F.);
#7026 = EDGE_LOOP('',(#7027,#7035,#7036,#7037));
#7027 = ORIENTED_EDGE('',*,*,#7028,.F.);
#7028 = EDGE_CURVE('',#6998,#7029,#7031,.T.);
#7029 = VERTEX_POINT('',#7030);
#7030 = CARTESIAN_POINT('',(-45.2,-150.5,0.));
#7031 = LINE('',#7032,#7033);
#7032 = CARTESIAN_POINT('',(58.8,-150.5,0.));
#7033 = VECTOR('',#7034,1.);
#7034 = DIRECTION('',(-1.,0.,0.));
#7035 = ORIENTED_EDGE('',*,*,#7007,.F.);
#7036 = ORIENTED_EDGE('',*,*,#1022,.F.);
#7037 = ORIENTED_EDGE('',*,*,#7038,.F.);
#7038 = EDGE_CURVE('',#7029,#1015,#7039,.T.);
#7039 = LINE('',#7040,#7041);
#7040 = CARTESIAN_POINT('',(-45.2,-150.5,0.));
#7041 = VECTOR('',#7042,1.);
#7042 = DIRECTION('',(-0.,-0.,-1.));
#7043 = PLANE('',#7044);
#7044 = AXIS2_PLACEMENT_3D('',#7045,#7046,#7047);
#7045 = CARTESIAN_POINT('',(58.8,-150.5,0.));
#7046 = DIRECTION('',(0.,1.,0.));
#7047 = DIRECTION('',(-1.,0.,0.));
#7048 = ADVANCED_FACE('',(#7049),#7067,.F.);
#7049 = FACE_BOUND('',#7050,.F.);
#7050 = EDGE_LOOP('',(#7051,#7059,#7065,#7066));
#7051 = ORIENTED_EDGE('',*,*,#7052,.F.);
#7052 = EDGE_CURVE('',#7053,#7000,#7055,.T.);
#7053 = VERTEX_POINT('',#7054);
#7054 = CARTESIAN_POINT('',(-45.2,-153.5,0.));
#7055 = LINE('',#7056,#7057);
#7056 = CARTESIAN_POINT('',(-45.2,-153.5,0.));
#7057 = VECTOR('',#7058,1.);
#7058 = DIRECTION('',(1.,0.,0.));
#7059 = ORIENTED_EDGE('',*,*,#7060,.T.);
#7060 = EDGE_CURVE('',#7053,#1007,#7061,.T.);
#7061 = LINE('',#7062,#7063);
#7062 = CARTESIAN_POINT('',(-45.2,-153.5,0.));
#7063 = VECTOR('',#7064,1.);
#7064 = DIRECTION('',(-0.,-0.,-1.));
#7065 = ORIENTED_EDGE('',*,*,#1006,.F.);
#7066 = ORIENTED_EDGE('',*,*,#7014,.F.);
#7067 = PLANE('',#7068);
#7068 = AXIS2_PLACEMENT_3D('',#7069,#7070,#7071);
#7069 = CARTESIAN_POINT('',(-45.2,-153.5,0.));
#7070 = DIRECTION('',(0.,-1.,0.));
#7071 = DIRECTION('',(1.,0.,0.));
#7072 = ADVANCED_FACE('',(#7073),#7084,.F.);
#7073 = FACE_BOUND('',#7074,.F.);
#7074 = EDGE_LOOP('',(#7075,#7081,#7082,#7083));
#7075 = ORIENTED_EDGE('',*,*,#7076,.F.);
#7076 = EDGE_CURVE('',#7029,#7053,#7077,.T.);
#7077 = LINE('',#7078,#7079);
#7078 = CARTESIAN_POINT('',(-45.2,-150.5,0.));
#7079 = VECTOR('',#7080,1.);
#7080 = DIRECTION('',(0.,-1.,0.));
#7081 = ORIENTED_EDGE('',*,*,#7038,.T.);
#7082 = ORIENTED_EDGE('',*,*,#1014,.F.);
#7083 = ORIENTED_EDGE('',*,*,#7060,.F.);
#7084 = PLANE('',#7085);
#7085 = AXIS2_PLACEMENT_3D('',#7086,#7087,#7088);
#7086 = CARTESIAN_POINT('',(-45.2,-150.5,0.));
#7087 = DIRECTION('',(-1.,0.,0.));
#7088 = DIRECTION('',(0.,-1.,0.));
#7089 = ADVANCED_FACE('',(#7090),#7115,.F.);
#7090 = FACE_BOUND('',#7091,.F.);
#7091 = EDGE_LOOP('',(#7092,#7102,#7108,#7109));
#7092 = ORIENTED_EDGE('',*,*,#7093,.F.);
#7093 = EDGE_CURVE('',#7094,#7096,#7098,.T.);
#7094 = VERTEX_POINT('',#7095);
#7095 = CARTESIAN_POINT('',(-5.4,-174.5,0.));
#7096 = VERTEX_POINT('',#7097);
#7097 = CARTESIAN_POINT('',(-23.8,-174.5,0.));
#7098 = LINE('',#7099,#7100);
#7099 = CARTESIAN_POINT('',(58.8,-174.5,0.));
#7100 = VECTOR('',#7101,1.);
#7101 = DIRECTION('',(-1.,0.,0.));
#7102 = ORIENTED_EDGE('',*,*,#7103,.F.);
#7103 = EDGE_CURVE('',#1033,#7094,#7104,.T.);
#7104 = LINE('',#7105,#7106);
#7105 = CARTESIAN_POINT('',(-5.4,-174.5,0.));
#7106 = VECTOR('',#7107,1.);
#7107 = DIRECTION('',(0.,0.,1.));
#7108 = ORIENTED_EDGE('',*,*,#1030,.F.);
#7109 = ORIENTED_EDGE('',*,*,#7110,.F.);
#7110 = EDGE_CURVE('',#7096,#1031,#7111,.T.);
#7111 = LINE('',#7112,#7113);
#7112 = CARTESIAN_POINT('',(-23.8,-174.5,0.));
#7113 = VECTOR('',#7114,1.);
#7114 = DIRECTION('',(0.,0.,-1.));
#7115 = PLANE('',#7116);
#7116 = AXIS2_PLACEMENT_3D('',#7117,#7118,#7119);
#7117 = CARTESIAN_POINT('',(58.8,-174.5,0.));
#7118 = DIRECTION('',(0.,1.,0.));
#7119 = DIRECTION('',(-1.,0.,0.));
#7120 = ADVANCED_FACE('',(#7121),#7139,.T.);
#7121 = FACE_BOUND('',#7122,.T.);
#7122 = EDGE_LOOP('',(#7123,#7131,#7137,#7138));
#7123 = ORIENTED_EDGE('',*,*,#7124,.F.);
#7124 = EDGE_CURVE('',#7125,#7096,#7127,.T.);
#7125 = VERTEX_POINT('',#7126);
#7126 = CARTESIAN_POINT('',(-23.8,-177.5,0.));
#7127 = LINE('',#7128,#7129);
#7128 = CARTESIAN_POINT('',(-23.8,-201.5,0.));
#7129 = VECTOR('',#7130,1.);
#7130 = DIRECTION('',(0.,1.,0.));
#7131 = ORIENTED_EDGE('',*,*,#7132,.F.);
#7132 = EDGE_CURVE('',#1049,#7125,#7133,.T.);
#7133 = LINE('',#7134,#7135);
#7134 = CARTESIAN_POINT('',(-23.8,-177.5,0.));
#7135 = VECTOR('',#7136,1.);
#7136 = DIRECTION('',(0.,0.,1.));
#7137 = ORIENTED_EDGE('',*,*,#1056,.T.);
#7138 = ORIENTED_EDGE('',*,*,#7110,.F.);
#7139 = PLANE('',#7140);
#7140 = AXIS2_PLACEMENT_3D('',#7141,#7142,#7143);
#7141 = CARTESIAN_POINT('',(-23.8,-201.5,0.));
#7142 = DIRECTION('',(1.,0.,0.));
#7143 = DIRECTION('',(0.,1.,0.));
#7144 = ADVANCED_FACE('',(#7145),#7163,.T.);
#7145 = FACE_BOUND('',#7146,.T.);
#7146 = EDGE_LOOP('',(#7147,#7155,#7156,#7157));
#7147 = ORIENTED_EDGE('',*,*,#7148,.F.);
#7148 = EDGE_CURVE('',#7094,#7149,#7151,.T.);
#7149 = VERTEX_POINT('',#7150);
#7150 = CARTESIAN_POINT('',(-5.4,-177.5,0.));
#7151 = LINE('',#7152,#7153);
#7152 = CARTESIAN_POINT('',(-5.4,-38.5,0.));
#7153 = VECTOR('',#7154,1.);
#7154 = DIRECTION('',(0.,-1.,0.));
#7155 = ORIENTED_EDGE('',*,*,#7103,.F.);
#7156 = ORIENTED_EDGE('',*,*,#1040,.T.);
#7157 = ORIENTED_EDGE('',*,*,#7158,.F.);
#7158 = EDGE_CURVE('',#7149,#1041,#7159,.T.);
#7159 = LINE('',#7160,#7161);
#7160 = CARTESIAN_POINT('',(-5.4,-177.5,0.));
#7161 = VECTOR('',#7162,1.);
#7162 = DIRECTION('',(-0.,-0.,-1.));
#7163 = PLANE('',#7164);
#7164 = AXIS2_PLACEMENT_3D('',#7165,#7166,#7167);
#7165 = CARTESIAN_POINT('',(-5.4,-38.5,0.));
#7166 = DIRECTION('',(-1.,0.,0.));
#7167 = DIRECTION('',(0.,-1.,0.));
#7168 = ADVANCED_FACE('',(#7169),#7180,.F.);
#7169 = FACE_BOUND('',#7170,.F.);
#7170 = EDGE_LOOP('',(#7171,#7177,#7178,#7179));
#7171 = ORIENTED_EDGE('',*,*,#7172,.F.);
#7172 = EDGE_CURVE('',#7125,#7149,#7173,.T.);
#7173 = LINE('',#7174,#7175);
#7174 = CARTESIAN_POINT('',(-45.2,-177.5,0.));
#7175 = VECTOR('',#7176,1.);
#7176 = DIRECTION('',(1.,0.,0.));
#7177 = ORIENTED_EDGE('',*,*,#7132,.F.);
#7178 = ORIENTED_EDGE('',*,*,#1048,.F.);
#7179 = ORIENTED_EDGE('',*,*,#7158,.F.);
#7180 = PLANE('',#7181);
#7181 = AXIS2_PLACEMENT_3D('',#7182,#7183,#7184);
#7182 = CARTESIAN_POINT('',(-45.2,-177.5,0.));
#7183 = DIRECTION('',(0.,-1.,0.));
#7184 = DIRECTION('',(1.,0.,0.));
#7185 = ADVANCED_FACE('',(#7186),#7211,.F.);
#7186 = FACE_BOUND('',#7187,.F.);
#7187 = EDGE_LOOP('',(#7188,#7198,#7204,#7205));
#7188 = ORIENTED_EDGE('',*,*,#7189,.F.);
#7189 = EDGE_CURVE('',#7190,#7192,#7194,.T.);
#7190 = VERTEX_POINT('',#7191);
#7191 = CARTESIAN_POINT('',(-5.4,-166.5,0.));
#7192 = VERTEX_POINT('',#7193);
#7193 = CARTESIAN_POINT('',(-23.8,-166.5,0.));
#7194 = LINE('',#7195,#7196);
#7195 = CARTESIAN_POINT('',(58.8,-166.5,0.));
#7196 = VECTOR('',#7197,1.);
#7197 = DIRECTION('',(-1.,0.,0.));
#7198 = ORIENTED_EDGE('',*,*,#7199,.F.);
#7199 = EDGE_CURVE('',#1067,#7190,#7200,.T.);
#7200 = LINE('',#7201,#7202);
#7201 = CARTESIAN_POINT('',(-5.4,-166.5,0.));
#7202 = VECTOR('',#7203,1.);
#7203 = DIRECTION('',(0.,0.,1.));
#7204 = ORIENTED_EDGE('',*,*,#1064,.F.);
#7205 = ORIENTED_EDGE('',*,*,#7206,.F.);
#7206 = EDGE_CURVE('',#7192,#1065,#7207,.T.);
#7207 = LINE('',#7208,#7209);
#7208 = CARTESIAN_POINT('',(-23.8,-166.5,0.));
#7209 = VECTOR('',#7210,1.);
#7210 = DIRECTION('',(0.,0.,-1.));
#7211 = PLANE('',#7212);
#7212 = AXIS2_PLACEMENT_3D('',#7213,#7214,#7215);
#7213 = CARTESIAN_POINT('',(58.8,-166.5,0.));
#7214 = DIRECTION('',(0.,1.,0.));
#7215 = DIRECTION('',(-1.,0.,0.));
#7216 = ADVANCED_FACE('',(#7217),#7235,.T.);
#7217 = FACE_BOUND('',#7218,.T.);
#7218 = EDGE_LOOP('',(#7219,#7227,#7233,#7234));
#7219 = ORIENTED_EDGE('',*,*,#7220,.F.);
#7220 = EDGE_CURVE('',#7221,#7192,#7223,.T.);
#7221 = VERTEX_POINT('',#7222);
#7222 = CARTESIAN_POINT('',(-23.8,-169.5,0.));
#7223 = LINE('',#7224,#7225);
#7224 = CARTESIAN_POINT('',(-23.8,-201.5,0.));
#7225 = VECTOR('',#7226,1.);
#7226 = DIRECTION('',(0.,1.,0.));
#7227 = ORIENTED_EDGE('',*,*,#7228,.F.);
#7228 = EDGE_CURVE('',#1083,#7221,#7229,.T.);
#7229 = LINE('',#7230,#7231);
#7230 = CARTESIAN_POINT('',(-23.8,-169.5,0.));
#7231 = VECTOR('',#7232,1.);
#7232 = DIRECTION('',(0.,0.,1.));
#7233 = ORIENTED_EDGE('',*,*,#1090,.T.);
#7234 = ORIENTED_EDGE('',*,*,#7206,.F.);
#7235 = PLANE('',#7236);
#7236 = AXIS2_PLACEMENT_3D('',#7237,#7238,#7239);
#7237 = CARTESIAN_POINT('',(-23.8,-201.5,0.));
#7238 = DIRECTION('',(1.,0.,0.));
#7239 = DIRECTION('',(0.,1.,0.));
#7240 = ADVANCED_FACE('',(#7241),#7259,.T.);
#7241 = FACE_BOUND('',#7242,.T.);
#7242 = EDGE_LOOP('',(#7243,#7251,#7252,#7253));
#7243 = ORIENTED_EDGE('',*,*,#7244,.F.);
#7244 = EDGE_CURVE('',#7190,#7245,#7247,.T.);
#7245 = VERTEX_POINT('',#7246);
#7246 = CARTESIAN_POINT('',(-5.4,-169.5,0.));
#7247 = LINE('',#7248,#7249);
#7248 = CARTESIAN_POINT('',(-5.4,-38.5,0.));
#7249 = VECTOR('',#7250,1.);
#7250 = DIRECTION('',(0.,-1.,0.));
#7251 = ORIENTED_EDGE('',*,*,#7199,.F.);
#7252 = ORIENTED_EDGE('',*,*,#1074,.T.);
#7253 = ORIENTED_EDGE('',*,*,#7254,.F.);
#7254 = EDGE_CURVE('',#7245,#1075,#7255,.T.);
#7255 = LINE('',#7256,#7257);
#7256 = CARTESIAN_POINT('',(-5.4,-169.5,0.));
#7257 = VECTOR('',#7258,1.);
#7258 = DIRECTION('',(-0.,-0.,-1.));
#7259 = PLANE('',#7260);
#7260 = AXIS2_PLACEMENT_3D('',#7261,#7262,#7263);
#7261 = CARTESIAN_POINT('',(-5.4,-38.5,0.));
#7262 = DIRECTION('',(-1.,0.,0.));
#7263 = DIRECTION('',(0.,-1.,0.));
#7264 = ADVANCED_FACE('',(#7265),#7276,.F.);
#7265 = FACE_BOUND('',#7266,.F.);
#7266 = EDGE_LOOP('',(#7267,#7273,#7274,#7275));
#7267 = ORIENTED_EDGE('',*,*,#7268,.F.);
#7268 = EDGE_CURVE('',#7221,#7245,#7269,.T.);
#7269 = LINE('',#7270,#7271);
#7270 = CARTESIAN_POINT('',(-45.2,-169.5,0.));
#7271 = VECTOR('',#7272,1.);
#7272 = DIRECTION('',(1.,0.,0.));
#7273 = ORIENTED_EDGE('',*,*,#7228,.F.);
#7274 = ORIENTED_EDGE('',*,*,#1082,.F.);
#7275 = ORIENTED_EDGE('',*,*,#7254,.F.);
#7276 = PLANE('',#7277);
#7277 = AXIS2_PLACEMENT_3D('',#7278,#7279,#7280);
#7278 = CARTESIAN_POINT('',(-45.2,-169.5,0.));
#7279 = DIRECTION('',(0.,-1.,0.));
#7280 = DIRECTION('',(1.,0.,0.));
#7281 = ADVANCED_FACE('',(#7282),#7307,.F.);
#7282 = FACE_BOUND('',#7283,.F.);
#7283 = EDGE_LOOP('',(#7284,#7294,#7300,#7301));
#7284 = ORIENTED_EDGE('',*,*,#7285,.F.);
#7285 = EDGE_CURVE('',#7286,#7288,#7290,.T.);
#7286 = VERTEX_POINT('',#7287);
#7287 = CARTESIAN_POINT('',(-5.4,-158.5,0.));
#7288 = VERTEX_POINT('',#7289);
#7289 = CARTESIAN_POINT('',(-23.8,-158.5,0.));
#7290 = LINE('',#7291,#7292);
#7291 = CARTESIAN_POINT('',(58.8,-158.5,0.));
#7292 = VECTOR('',#7293,1.);
#7293 = DIRECTION('',(-1.,0.,0.));
#7294 = ORIENTED_EDGE('',*,*,#7295,.F.);
#7295 = EDGE_CURVE('',#1101,#7286,#7296,.T.);
#7296 = LINE('',#7297,#7298);
#7297 = CARTESIAN_POINT('',(-5.4,-158.5,0.));
#7298 = VECTOR('',#7299,1.);
#7299 = DIRECTION('',(0.,0.,1.));
#7300 = ORIENTED_EDGE('',*,*,#1098,.F.);
#7301 = ORIENTED_EDGE('',*,*,#7302,.F.);
#7302 = EDGE_CURVE('',#7288,#1099,#7303,.T.);
#7303 = LINE('',#7304,#7305);
#7304 = CARTESIAN_POINT('',(-23.8,-158.5,0.));
#7305 = VECTOR('',#7306,1.);
#7306 = DIRECTION('',(0.,0.,-1.));
#7307 = PLANE('',#7308);
#7308 = AXIS2_PLACEMENT_3D('',#7309,#7310,#7311);
#7309 = CARTESIAN_POINT('',(58.8,-158.5,0.));
#7310 = DIRECTION('',(0.,1.,0.));
#7311 = DIRECTION('',(-1.,0.,0.));
#7312 = ADVANCED_FACE('',(#7313),#7331,.T.);
#7313 = FACE_BOUND('',#7314,.T.);
#7314 = EDGE_LOOP('',(#7315,#7323,#7329,#7330));
#7315 = ORIENTED_EDGE('',*,*,#7316,.F.);
#7316 = EDGE_CURVE('',#7317,#7288,#7319,.T.);
#7317 = VERTEX_POINT('',#7318);
#7318 = CARTESIAN_POINT('',(-23.8,-161.5,0.));
#7319 = LINE('',#7320,#7321);
#7320 = CARTESIAN_POINT('',(-23.8,-201.5,0.));
#7321 = VECTOR('',#7322,1.);
#7322 = DIRECTION('',(0.,1.,0.));
#7323 = ORIENTED_EDGE('',*,*,#7324,.F.);
#7324 = EDGE_CURVE('',#1117,#7317,#7325,.T.);
#7325 = LINE('',#7326,#7327);
#7326 = CARTESIAN_POINT('',(-23.8,-161.5,0.));
#7327 = VECTOR('',#7328,1.);
#7328 = DIRECTION('',(0.,0.,1.));
#7329 = ORIENTED_EDGE('',*,*,#1124,.T.);
#7330 = ORIENTED_EDGE('',*,*,#7302,.F.);
#7331 = PLANE('',#7332);
#7332 = AXIS2_PLACEMENT_3D('',#7333,#7334,#7335);
#7333 = CARTESIAN_POINT('',(-23.8,-201.5,0.));
#7334 = DIRECTION('',(1.,0.,0.));
#7335 = DIRECTION('',(0.,1.,0.));
#7336 = ADVANCED_FACE('',(#7337),#7355,.T.);
#7337 = FACE_BOUND('',#7338,.T.);
#7338 = EDGE_LOOP('',(#7339,#7347,#7348,#7349));
#7339 = ORIENTED_EDGE('',*,*,#7340,.F.);
#7340 = EDGE_CURVE('',#7286,#7341,#7343,.T.);
#7341 = VERTEX_POINT('',#7342);
#7342 = CARTESIAN_POINT('',(-5.4,-161.5,0.));
#7343 = LINE('',#7344,#7345);
#7344 = CARTESIAN_POINT('',(-5.4,-38.5,0.));
#7345 = VECTOR('',#7346,1.);
#7346 = DIRECTION('',(0.,-1.,0.));
#7347 = ORIENTED_EDGE('',*,*,#7295,.F.);
#7348 = ORIENTED_EDGE('',*,*,#1108,.T.);
#7349 = ORIENTED_EDGE('',*,*,#7350,.F.);
#7350 = EDGE_CURVE('',#7341,#1109,#7351,.T.);
#7351 = LINE('',#7352,#7353);
#7352 = CARTESIAN_POINT('',(-5.4,-161.5,0.));
#7353 = VECTOR('',#7354,1.);
#7354 = DIRECTION('',(-0.,-0.,-1.));
#7355 = PLANE('',#7356);
#7356 = AXIS2_PLACEMENT_3D('',#7357,#7358,#7359);
#7357 = CARTESIAN_POINT('',(-5.4,-38.5,0.));
#7358 = DIRECTION('',(-1.,0.,0.));
#7359 = DIRECTION('',(0.,-1.,0.));
#7360 = ADVANCED_FACE('',(#7361),#7372,.F.);
#7361 = FACE_BOUND('',#7362,.F.);
#7362 = EDGE_LOOP('',(#7363,#7369,#7370,#7371));
#7363 = ORIENTED_EDGE('',*,*,#7364,.F.);
#7364 = EDGE_CURVE('',#7317,#7341,#7365,.T.);
#7365 = LINE('',#7366,#7367);
#7366 = CARTESIAN_POINT('',(-45.2,-161.5,0.));
#7367 = VECTOR('',#7368,1.);
#7368 = DIRECTION('',(1.,0.,0.));
#7369 = ORIENTED_EDGE('',*,*,#7324,.F.);
#7370 = ORIENTED_EDGE('',*,*,#1116,.F.);
#7371 = ORIENTED_EDGE('',*,*,#7350,.F.);
#7372 = PLANE('',#7373);
#7373 = AXIS2_PLACEMENT_3D('',#7374,#7375,#7376);
#7374 = CARTESIAN_POINT('',(-45.2,-161.5,0.));
#7375 = DIRECTION('',(0.,-1.,0.));
#7376 = DIRECTION('',(1.,0.,0.));
#7377 = ADVANCED_FACE('',(#7378),#7403,.F.);
#7378 = FACE_BOUND('',#7379,.F.);
#7379 = EDGE_LOOP('',(#7380,#7390,#7396,#7397));
#7380 = ORIENTED_EDGE('',*,*,#7381,.F.);
#7381 = EDGE_CURVE('',#7382,#7384,#7386,.T.);
#7382 = VERTEX_POINT('',#7383);
#7383 = CARTESIAN_POINT('',(-5.4,-150.5,0.));
#7384 = VERTEX_POINT('',#7385);
#7385 = CARTESIAN_POINT('',(-23.8,-150.5,0.));
#7386 = LINE('',#7387,#7388);
#7387 = CARTESIAN_POINT('',(58.8,-150.5,0.));
#7388 = VECTOR('',#7389,1.);
#7389 = DIRECTION('',(-1.,0.,0.));
#7390 = ORIENTED_EDGE('',*,*,#7391,.F.);
#7391 = EDGE_CURVE('',#1135,#7382,#7392,.T.);
#7392 = LINE('',#7393,#7394);
#7393 = CARTESIAN_POINT('',(-5.4,-150.5,0.));
#7394 = VECTOR('',#7395,1.);
#7395 = DIRECTION('',(0.,0.,1.));
#7396 = ORIENTED_EDGE('',*,*,#1132,.F.);
#7397 = ORIENTED_EDGE('',*,*,#7398,.F.);
#7398 = EDGE_CURVE('',#7384,#1133,#7399,.T.);
#7399 = LINE('',#7400,#7401);
#7400 = CARTESIAN_POINT('',(-23.8,-150.5,0.));
#7401 = VECTOR('',#7402,1.);
#7402 = DIRECTION('',(0.,0.,-1.));
#7403 = PLANE('',#7404);
#7404 = AXIS2_PLACEMENT_3D('',#7405,#7406,#7407);
#7405 = CARTESIAN_POINT('',(58.8,-150.5,0.));
#7406 = DIRECTION('',(0.,1.,0.));
#7407 = DIRECTION('',(-1.,0.,0.));
#7408 = ADVANCED_FACE('',(#7409),#7427,.T.);
#7409 = FACE_BOUND('',#7410,.T.);
#7410 = EDGE_LOOP('',(#7411,#7419,#7425,#7426));
#7411 = ORIENTED_EDGE('',*,*,#7412,.F.);
#7412 = EDGE_CURVE('',#7413,#7384,#7415,.T.);
#7413 = VERTEX_POINT('',#7414);
#7414 = CARTESIAN_POINT('',(-23.8,-153.5,0.));
#7415 = LINE('',#7416,#7417);
#7416 = CARTESIAN_POINT('',(-23.8,-201.5,0.));
#7417 = VECTOR('',#7418,1.);
#7418 = DIRECTION('',(0.,1.,0.));
#7419 = ORIENTED_EDGE('',*,*,#7420,.F.);
#7420 = EDGE_CURVE('',#1151,#7413,#7421,.T.);
#7421 = LINE('',#7422,#7423);
#7422 = CARTESIAN_POINT('',(-23.8,-153.5,0.));
#7423 = VECTOR('',#7424,1.);
#7424 = DIRECTION('',(0.,0.,1.));
#7425 = ORIENTED_EDGE('',*,*,#1158,.T.);
#7426 = ORIENTED_EDGE('',*,*,#7398,.F.);
#7427 = PLANE('',#7428);
#7428 = AXIS2_PLACEMENT_3D('',#7429,#7430,#7431);
#7429 = CARTESIAN_POINT('',(-23.8,-201.5,0.));
#7430 = DIRECTION('',(1.,0.,0.));
#7431 = DIRECTION('',(0.,1.,0.));
#7432 = ADVANCED_FACE('',(#7433),#7451,.T.);
#7433 = FACE_BOUND('',#7434,.T.);
#7434 = EDGE_LOOP('',(#7435,#7443,#7444,#7445));
#7435 = ORIENTED_EDGE('',*,*,#7436,.F.);
#7436 = EDGE_CURVE('',#7382,#7437,#7439,.T.);
#7437 = VERTEX_POINT('',#7438);
#7438 = CARTESIAN_POINT('',(-5.4,-153.5,0.));
#7439 = LINE('',#7440,#7441);
#7440 = CARTESIAN_POINT('',(-5.4,-38.5,0.));
#7441 = VECTOR('',#7442,1.);
#7442 = DIRECTION('',(0.,-1.,0.));
#7443 = ORIENTED_EDGE('',*,*,#7391,.F.);
#7444 = ORIENTED_EDGE('',*,*,#1142,.T.);
#7445 = ORIENTED_EDGE('',*,*,#7446,.F.);
#7446 = EDGE_CURVE('',#7437,#1143,#7447,.T.);
#7447 = LINE('',#7448,#7449);
#7448 = CARTESIAN_POINT('',(-5.4,-153.5,0.));
#7449 = VECTOR('',#7450,1.);
#7450 = DIRECTION('',(-0.,-0.,-1.));
#7451 = PLANE('',#7452);
#7452 = AXIS2_PLACEMENT_3D('',#7453,#7454,#7455);
#7453 = CARTESIAN_POINT('',(-5.4,-38.5,0.));
#7454 = DIRECTION('',(-1.,0.,0.));
#7455 = DIRECTION('',(0.,-1.,0.));
#7456 = ADVANCED_FACE('',(#7457),#7468,.F.);
#7457 = FACE_BOUND('',#7458,.F.);
#7458 = EDGE_LOOP('',(#7459,#7465,#7466,#7467));
#7459 = ORIENTED_EDGE('',*,*,#7460,.F.);
#7460 = EDGE_CURVE('',#7413,#7437,#7461,.T.);
#7461 = LINE('',#7462,#7463);
#7462 = CARTESIAN_POINT('',(-45.2,-153.5,0.));
#7463 = VECTOR('',#7464,1.);
#7464 = DIRECTION('',(1.,0.,0.));
#7465 = ORIENTED_EDGE('',*,*,#7420,.F.);
#7466 = ORIENTED_EDGE('',*,*,#1150,.F.);
#7467 = ORIENTED_EDGE('',*,*,#7446,.F.);
#7468 = PLANE('',#7469);
#7469 = AXIS2_PLACEMENT_3D('',#7470,#7471,#7472);
#7470 = CARTESIAN_POINT('',(-45.2,-153.5,0.));
#7471 = DIRECTION('',(0.,-1.,0.));
#7472 = DIRECTION('',(1.,0.,0.));
#7473 = ADVANCED_FACE('',(#7474),#7499,.T.);
#7474 = FACE_BOUND('',#7475,.T.);
#7475 = EDGE_LOOP('',(#7476,#7486,#7492,#7493));
#7476 = ORIENTED_EDGE('',*,*,#7477,.F.);
#7477 = EDGE_CURVE('',#7478,#7480,#7482,.T.);
#7478 = VERTEX_POINT('',#7479);
#7479 = CARTESIAN_POINT('',(-26.8,-142.5,0.));
#7480 = VERTEX_POINT('',#7481);
#7481 = CARTESIAN_POINT('',(-26.8,-145.5,0.));
#7482 = LINE('',#7483,#7484);
#7483 = CARTESIAN_POINT('',(-26.8,-38.5,0.));
#7484 = VECTOR('',#7485,1.);
#7485 = DIRECTION('',(0.,-1.,0.));
#7486 = ORIENTED_EDGE('',*,*,#7487,.F.);
#7487 = EDGE_CURVE('',#1167,#7478,#7488,.T.);
#7488 = LINE('',#7489,#7490);
#7489 = CARTESIAN_POINT('',(-26.8,-142.5,0.));
#7490 = VECTOR('',#7491,1.);
#7491 = DIRECTION('',(0.,0.,1.));
#7492 = ORIENTED_EDGE('',*,*,#1166,.T.);
#7493 = ORIENTED_EDGE('',*,*,#7494,.F.);
#7494 = EDGE_CURVE('',#7480,#1169,#7495,.T.);
#7495 = LINE('',#7496,#7497);
#7496 = CARTESIAN_POINT('',(-26.8,-145.5,0.));
#7497 = VECTOR('',#7498,1.);
#7498 = DIRECTION('',(-0.,-0.,-1.));
#7499 = PLANE('',#7500);
#7500 = AXIS2_PLACEMENT_3D('',#7501,#7502,#7503);
#7501 = CARTESIAN_POINT('',(-26.8,-38.5,0.));
#7502 = DIRECTION('',(-1.,0.,0.));
#7503 = DIRECTION('',(0.,-1.,0.));
#7504 = ADVANCED_FACE('',(#7505),#7523,.F.);
#7505 = FACE_BOUND('',#7506,.F.);
#7506 = EDGE_LOOP('',(#7507,#7515,#7516,#7517));
#7507 = ORIENTED_EDGE('',*,*,#7508,.F.);
#7508 = EDGE_CURVE('',#7478,#7509,#7511,.T.);
#7509 = VERTEX_POINT('',#7510);
#7510 = CARTESIAN_POINT('',(-45.2,-142.5,0.));
#7511 = LINE('',#7512,#7513);
#7512 = CARTESIAN_POINT('',(58.8,-142.5,0.));
#7513 = VECTOR('',#7514,1.);
#7514 = DIRECTION('',(-1.,0.,0.));
#7515 = ORIENTED_EDGE('',*,*,#7487,.F.);
#7516 = ORIENTED_EDGE('',*,*,#1192,.F.);
#7517 = ORIENTED_EDGE('',*,*,#7518,.F.);
#7518 = EDGE_CURVE('',#7509,#1185,#7519,.T.);
#7519 = LINE('',#7520,#7521);
#7520 = CARTESIAN_POINT('',(-45.2,-142.5,0.));
#7521 = VECTOR('',#7522,1.);
#7522 = DIRECTION('',(-0.,-0.,-1.));
#7523 = PLANE('',#7524);
#7524 = AXIS2_PLACEMENT_3D('',#7525,#7526,#7527);
#7525 = CARTESIAN_POINT('',(58.8,-142.5,0.));
#7526 = DIRECTION('',(0.,1.,0.));
#7527 = DIRECTION('',(-1.,0.,0.));
#7528 = ADVANCED_FACE('',(#7529),#7547,.F.);
#7529 = FACE_BOUND('',#7530,.F.);
#7530 = EDGE_LOOP('',(#7531,#7539,#7545,#7546));
#7531 = ORIENTED_EDGE('',*,*,#7532,.F.);
#7532 = EDGE_CURVE('',#7533,#7480,#7535,.T.);
#7533 = VERTEX_POINT('',#7534);
#7534 = CARTESIAN_POINT('',(-45.2,-145.5,0.));
#7535 = LINE('',#7536,#7537);
#7536 = CARTESIAN_POINT('',(-45.2,-145.5,0.));
#7537 = VECTOR('',#7538,1.);
#7538 = DIRECTION('',(1.,0.,0.));
#7539 = ORIENTED_EDGE('',*,*,#7540,.T.);
#7540 = EDGE_CURVE('',#7533,#1177,#7541,.T.);
#7541 = LINE('',#7542,#7543);
#7542 = CARTESIAN_POINT('',(-45.2,-145.5,0.));
#7543 = VECTOR('',#7544,1.);
#7544 = DIRECTION('',(-0.,-0.,-1.));
#7545 = ORIENTED_EDGE('',*,*,#1176,.F.);
#7546 = ORIENTED_EDGE('',*,*,#7494,.F.);
#7547 = PLANE('',#7548);
#7548 = AXIS2_PLACEMENT_3D('',#7549,#7550,#7551);
#7549 = CARTESIAN_POINT('',(-45.2,-145.5,0.));
#7550 = DIRECTION('',(0.,-1.,0.));
#7551 = DIRECTION('',(1.,0.,0.));
#7552 = ADVANCED_FACE('',(#7553),#7564,.F.);
#7553 = FACE_BOUND('',#7554,.F.);
#7554 = EDGE_LOOP('',(#7555,#7561,#7562,#7563));
#7555 = ORIENTED_EDGE('',*,*,#7556,.F.);
#7556 = EDGE_CURVE('',#7509,#7533,#7557,.T.);
#7557 = LINE('',#7558,#7559);
#7558 = CARTESIAN_POINT('',(-45.2,-142.5,0.));
#7559 = VECTOR('',#7560,1.);
#7560 = DIRECTION('',(0.,-1.,0.));
#7561 = ORIENTED_EDGE('',*,*,#7518,.T.);
#7562 = ORIENTED_EDGE('',*,*,#1184,.F.);
#7563 = ORIENTED_EDGE('',*,*,#7540,.F.);
#7564 = PLANE('',#7565);
#7565 = AXIS2_PLACEMENT_3D('',#7566,#7567,#7568);
#7566 = CARTESIAN_POINT('',(-45.2,-142.5,0.));
#7567 = DIRECTION('',(-1.,0.,0.));
#7568 = DIRECTION('',(0.,-1.,0.));
#7569 = ADVANCED_FACE('',(#7570),#7595,.T.);
#7570 = FACE_BOUND('',#7571,.T.);
#7571 = EDGE_LOOP('',(#7572,#7582,#7588,#7589));
#7572 = ORIENTED_EDGE('',*,*,#7573,.F.);
#7573 = EDGE_CURVE('',#7574,#7576,#7578,.T.);
#7574 = VERTEX_POINT('',#7575);
#7575 = CARTESIAN_POINT('',(-26.8,-134.5,0.));
#7576 = VERTEX_POINT('',#7577);
#7577 = CARTESIAN_POINT('',(-26.8,-137.5,0.));
#7578 = LINE('',#7579,#7580);
#7579 = CARTESIAN_POINT('',(-26.8,-38.5,0.));
#7580 = VECTOR('',#7581,1.);
#7581 = DIRECTION('',(0.,-1.,0.));
#7582 = ORIENTED_EDGE('',*,*,#7583,.F.);
#7583 = EDGE_CURVE('',#1201,#7574,#7584,.T.);
#7584 = LINE('',#7585,#7586);
#7585 = CARTESIAN_POINT('',(-26.8,-134.5,0.));
#7586 = VECTOR('',#7587,1.);
#7587 = DIRECTION('',(0.,0.,1.));
#7588 = ORIENTED_EDGE('',*,*,#1200,.T.);
#7589 = ORIENTED_EDGE('',*,*,#7590,.F.);
#7590 = EDGE_CURVE('',#7576,#1203,#7591,.T.);
#7591 = LINE('',#7592,#7593);
#7592 = CARTESIAN_POINT('',(-26.8,-137.5,0.));
#7593 = VECTOR('',#7594,1.);
#7594 = DIRECTION('',(-0.,-0.,-1.));
#7595 = PLANE('',#7596);
#7596 = AXIS2_PLACEMENT_3D('',#7597,#7598,#7599);
#7597 = CARTESIAN_POINT('',(-26.8,-38.5,0.));
#7598 = DIRECTION('',(-1.,0.,0.));
#7599 = DIRECTION('',(0.,-1.,0.));
#7600 = ADVANCED_FACE('',(#7601),#7619,.F.);
#7601 = FACE_BOUND('',#7602,.F.);
#7602 = EDGE_LOOP('',(#7603,#7611,#7612,#7613));
#7603 = ORIENTED_EDGE('',*,*,#7604,.F.);
#7604 = EDGE_CURVE('',#7574,#7605,#7607,.T.);
#7605 = VERTEX_POINT('',#7606);
#7606 = CARTESIAN_POINT('',(-45.2,-134.5,0.));
#7607 = LINE('',#7608,#7609);
#7608 = CARTESIAN_POINT('',(58.8,-134.5,0.));
#7609 = VECTOR('',#7610,1.);
#7610 = DIRECTION('',(-1.,0.,0.));
#7611 = ORIENTED_EDGE('',*,*,#7583,.F.);
#7612 = ORIENTED_EDGE('',*,*,#1226,.F.);
#7613 = ORIENTED_EDGE('',*,*,#7614,.F.);
#7614 = EDGE_CURVE('',#7605,#1219,#7615,.T.);
#7615 = LINE('',#7616,#7617);
#7616 = CARTESIAN_POINT('',(-45.2,-134.5,0.));
#7617 = VECTOR('',#7618,1.);
#7618 = DIRECTION('',(-0.,-0.,-1.));
#7619 = PLANE('',#7620);
#7620 = AXIS2_PLACEMENT_3D('',#7621,#7622,#7623);
#7621 = CARTESIAN_POINT('',(58.8,-134.5,0.));
#7622 = DIRECTION('',(0.,1.,0.));
#7623 = DIRECTION('',(-1.,0.,0.));
#7624 = ADVANCED_FACE('',(#7625),#7643,.F.);
#7625 = FACE_BOUND('',#7626,.F.);
#7626 = EDGE_LOOP('',(#7627,#7635,#7641,#7642));
#7627 = ORIENTED_EDGE('',*,*,#7628,.F.);
#7628 = EDGE_CURVE('',#7629,#7576,#7631,.T.);
#7629 = VERTEX_POINT('',#7630);
#7630 = CARTESIAN_POINT('',(-45.2,-137.5,0.));
#7631 = LINE('',#7632,#7633);
#7632 = CARTESIAN_POINT('',(-45.2,-137.5,0.));
#7633 = VECTOR('',#7634,1.);
#7634 = DIRECTION('',(1.,0.,0.));
#7635 = ORIENTED_EDGE('',*,*,#7636,.T.);
#7636 = EDGE_CURVE('',#7629,#1211,#7637,.T.);
#7637 = LINE('',#7638,#7639);
#7638 = CARTESIAN_POINT('',(-45.2,-137.5,0.));
#7639 = VECTOR('',#7640,1.);
#7640 = DIRECTION('',(-0.,-0.,-1.));
#7641 = ORIENTED_EDGE('',*,*,#1210,.F.);
#7642 = ORIENTED_EDGE('',*,*,#7590,.F.);
#7643 = PLANE('',#7644);
#7644 = AXIS2_PLACEMENT_3D('',#7645,#7646,#7647);
#7645 = CARTESIAN_POINT('',(-45.2,-137.5,0.));
#7646 = DIRECTION('',(0.,-1.,0.));
#7647 = DIRECTION('',(1.,0.,0.));
#7648 = ADVANCED_FACE('',(#7649),#7660,.F.);
#7649 = FACE_BOUND('',#7650,.F.);
#7650 = EDGE_LOOP('',(#7651,#7657,#7658,#7659));
#7651 = ORIENTED_EDGE('',*,*,#7652,.F.);
#7652 = EDGE_CURVE('',#7605,#7629,#7653,.T.);
#7653 = LINE('',#7654,#7655);
#7654 = CARTESIAN_POINT('',(-45.2,-134.5,0.));
#7655 = VECTOR('',#7656,1.);
#7656 = DIRECTION('',(0.,-1.,0.));
#7657 = ORIENTED_EDGE('',*,*,#7614,.T.);
#7658 = ORIENTED_EDGE('',*,*,#1218,.F.);
#7659 = ORIENTED_EDGE('',*,*,#7636,.F.);
#7660 = PLANE('',#7661);
#7661 = AXIS2_PLACEMENT_3D('',#7662,#7663,#7664);
#7662 = CARTESIAN_POINT('',(-45.2,-134.5,0.));
#7663 = DIRECTION('',(-1.,0.,0.));
#7664 = DIRECTION('',(0.,-1.,0.));
#7665 = ADVANCED_FACE('',(#7666),#7691,.T.);
#7666 = FACE_BOUND('',#7667,.T.);
#7667 = EDGE_LOOP('',(#7668,#7678,#7684,#7685));
#7668 = ORIENTED_EDGE('',*,*,#7669,.F.);
#7669 = EDGE_CURVE('',#7670,#7672,#7674,.T.);
#7670 = VERTEX_POINT('',#7671);
#7671 = CARTESIAN_POINT('',(-26.8,-126.5,0.));
#7672 = VERTEX_POINT('',#7673);
#7673 = CARTESIAN_POINT('',(-26.8,-129.5,0.));
#7674 = LINE('',#7675,#7676);
#7675 = CARTESIAN_POINT('',(-26.8,-38.5,0.));
#7676 = VECTOR('',#7677,1.);
#7677 = DIRECTION('',(0.,-1.,0.));
#7678 = ORIENTED_EDGE('',*,*,#7679,.F.);
#7679 = EDGE_CURVE('',#1235,#7670,#7680,.T.);
#7680 = LINE('',#7681,#7682);
#7681 = CARTESIAN_POINT('',(-26.8,-126.5,0.));
#7682 = VECTOR('',#7683,1.);
#7683 = DIRECTION('',(0.,0.,1.));
#7684 = ORIENTED_EDGE('',*,*,#1234,.T.);
#7685 = ORIENTED_EDGE('',*,*,#7686,.F.);
#7686 = EDGE_CURVE('',#7672,#1237,#7687,.T.);
#7687 = LINE('',#7688,#7689);
#7688 = CARTESIAN_POINT('',(-26.8,-129.5,0.));
#7689 = VECTOR('',#7690,1.);
#7690 = DIRECTION('',(-0.,-0.,-1.));
#7691 = PLANE('',#7692);
#7692 = AXIS2_PLACEMENT_3D('',#7693,#7694,#7695);
#7693 = CARTESIAN_POINT('',(-26.8,-38.5,0.));
#7694 = DIRECTION('',(-1.,0.,0.));
#7695 = DIRECTION('',(0.,-1.,0.));
#7696 = ADVANCED_FACE('',(#7697),#7715,.F.);
#7697 = FACE_BOUND('',#7698,.F.);
#7698 = EDGE_LOOP('',(#7699,#7707,#7708,#7709));
#7699 = ORIENTED_EDGE('',*,*,#7700,.F.);
#7700 = EDGE_CURVE('',#7670,#7701,#7703,.T.);
#7701 = VERTEX_POINT('',#7702);
#7702 = CARTESIAN_POINT('',(-45.2,-126.5,0.));
#7703 = LINE('',#7704,#7705);
#7704 = CARTESIAN_POINT('',(58.8,-126.5,0.));
#7705 = VECTOR('',#7706,1.);
#7706 = DIRECTION('',(-1.,0.,0.));
#7707 = ORIENTED_EDGE('',*,*,#7679,.F.);
#7708 = ORIENTED_EDGE('',*,*,#1260,.F.);
#7709 = ORIENTED_EDGE('',*,*,#7710,.F.);
#7710 = EDGE_CURVE('',#7701,#1253,#7711,.T.);
#7711 = LINE('',#7712,#7713);
#7712 = CARTESIAN_POINT('',(-45.2,-126.5,0.));
#7713 = VECTOR('',#7714,1.);
#7714 = DIRECTION('',(-0.,-0.,-1.));
#7715 = PLANE('',#7716);
#7716 = AXIS2_PLACEMENT_3D('',#7717,#7718,#7719);
#7717 = CARTESIAN_POINT('',(58.8,-126.5,0.));
#7718 = DIRECTION('',(0.,1.,0.));
#7719 = DIRECTION('',(-1.,0.,0.));
#7720 = ADVANCED_FACE('',(#7721),#7739,.F.);
#7721 = FACE_BOUND('',#7722,.F.);
#7722 = EDGE_LOOP('',(#7723,#7731,#7737,#7738));
#7723 = ORIENTED_EDGE('',*,*,#7724,.F.);
#7724 = EDGE_CURVE('',#7725,#7672,#7727,.T.);
#7725 = VERTEX_POINT('',#7726);
#7726 = CARTESIAN_POINT('',(-45.2,-129.5,0.));
#7727 = LINE('',#7728,#7729);
#7728 = CARTESIAN_POINT('',(-45.2,-129.5,0.));
#7729 = VECTOR('',#7730,1.);
#7730 = DIRECTION('',(1.,0.,0.));
#7731 = ORIENTED_EDGE('',*,*,#7732,.T.);
#7732 = EDGE_CURVE('',#7725,#1245,#7733,.T.);
#7733 = LINE('',#7734,#7735);
#7734 = CARTESIAN_POINT('',(-45.2,-129.5,0.));
#7735 = VECTOR('',#7736,1.);
#7736 = DIRECTION('',(-0.,-0.,-1.));
#7737 = ORIENTED_EDGE('',*,*,#1244,.F.);
#7738 = ORIENTED_EDGE('',*,*,#7686,.F.);
#7739 = PLANE('',#7740);
#7740 = AXIS2_PLACEMENT_3D('',#7741,#7742,#7743);
#7741 = CARTESIAN_POINT('',(-45.2,-129.5,0.));
#7742 = DIRECTION('',(0.,-1.,0.));
#7743 = DIRECTION('',(1.,0.,0.));
#7744 = ADVANCED_FACE('',(#7745),#7756,.F.);
#7745 = FACE_BOUND('',#7746,.F.);
#7746 = EDGE_LOOP('',(#7747,#7753,#7754,#7755));
#7747 = ORIENTED_EDGE('',*,*,#7748,.F.);
#7748 = EDGE_CURVE('',#7701,#7725,#7749,.T.);
#7749 = LINE('',#7750,#7751);
#7750 = CARTESIAN_POINT('',(-45.2,-126.5,0.));
#7751 = VECTOR('',#7752,1.);
#7752 = DIRECTION('',(0.,-1.,0.));
#7753 = ORIENTED_EDGE('',*,*,#7710,.T.);
#7754 = ORIENTED_EDGE('',*,*,#1252,.F.);
#7755 = ORIENTED_EDGE('',*,*,#7732,.F.);
#7756 = PLANE('',#7757);
#7757 = AXIS2_PLACEMENT_3D('',#7758,#7759,#7760);
#7758 = CARTESIAN_POINT('',(-45.2,-126.5,0.));
#7759 = DIRECTION('',(-1.,0.,0.));
#7760 = DIRECTION('',(0.,-1.,0.));
#7761 = ADVANCED_FACE('',(#7762),#7787,.F.);
#7762 = FACE_BOUND('',#7763,.F.);
#7763 = EDGE_LOOP('',(#7764,#7774,#7780,#7781));
#7764 = ORIENTED_EDGE('',*,*,#7765,.F.);
#7765 = EDGE_CURVE('',#7766,#7768,#7770,.T.);
#7766 = VERTEX_POINT('',#7767);
#7767 = CARTESIAN_POINT('',(-5.4,-142.5,0.));
#7768 = VERTEX_POINT('',#7769);
#7769 = CARTESIAN_POINT('',(-23.8,-142.5,0.));
#7770 = LINE('',#7771,#7772);
#7771 = CARTESIAN_POINT('',(58.8,-142.5,0.));
#7772 = VECTOR('',#7773,1.);
#7773 = DIRECTION('',(-1.,0.,0.));
#7774 = ORIENTED_EDGE('',*,*,#7775,.F.);
#7775 = EDGE_CURVE('',#1271,#7766,#7776,.T.);
#7776 = LINE('',#7777,#7778);
#7777 = CARTESIAN_POINT('',(-5.4,-142.5,0.));
#7778 = VECTOR('',#7779,1.);
#7779 = DIRECTION('',(0.,0.,1.));
#7780 = ORIENTED_EDGE('',*,*,#1268,.F.);
#7781 = ORIENTED_EDGE('',*,*,#7782,.F.);
#7782 = EDGE_CURVE('',#7768,#1269,#7783,.T.);
#7783 = LINE('',#7784,#7785);
#7784 = CARTESIAN_POINT('',(-23.8,-142.5,0.));
#7785 = VECTOR('',#7786,1.);
#7786 = DIRECTION('',(0.,0.,-1.));
#7787 = PLANE('',#7788);
#7788 = AXIS2_PLACEMENT_3D('',#7789,#7790,#7791);
#7789 = CARTESIAN_POINT('',(58.8,-142.5,0.));
#7790 = DIRECTION('',(0.,1.,0.));
#7791 = DIRECTION('',(-1.,0.,0.));
#7792 = ADVANCED_FACE('',(#7793),#7811,.T.);
#7793 = FACE_BOUND('',#7794,.T.);
#7794 = EDGE_LOOP('',(#7795,#7803,#7809,#7810));
#7795 = ORIENTED_EDGE('',*,*,#7796,.F.);
#7796 = EDGE_CURVE('',#7797,#7768,#7799,.T.);
#7797 = VERTEX_POINT('',#7798);
#7798 = CARTESIAN_POINT('',(-23.8,-145.5,0.));
#7799 = LINE('',#7800,#7801);
#7800 = CARTESIAN_POINT('',(-23.8,-201.5,0.));
#7801 = VECTOR('',#7802,1.);
#7802 = DIRECTION('',(0.,1.,0.));
#7803 = ORIENTED_EDGE('',*,*,#7804,.F.);
#7804 = EDGE_CURVE('',#1287,#7797,#7805,.T.);
#7805 = LINE('',#7806,#7807);
#7806 = CARTESIAN_POINT('',(-23.8,-145.5,0.));
#7807 = VECTOR('',#7808,1.);
#7808 = DIRECTION('',(0.,0.,1.));
#7809 = ORIENTED_EDGE('',*,*,#1294,.T.);
#7810 = ORIENTED_EDGE('',*,*,#7782,.F.);
#7811 = PLANE('',#7812);
#7812 = AXIS2_PLACEMENT_3D('',#7813,#7814,#7815);
#7813 = CARTESIAN_POINT('',(-23.8,-201.5,0.));
#7814 = DIRECTION('',(1.,0.,0.));
#7815 = DIRECTION('',(0.,1.,0.));
#7816 = ADVANCED_FACE('',(#7817),#7835,.T.);
#7817 = FACE_BOUND('',#7818,.T.);
#7818 = EDGE_LOOP('',(#7819,#7827,#7828,#7829));
#7819 = ORIENTED_EDGE('',*,*,#7820,.F.);
#7820 = EDGE_CURVE('',#7766,#7821,#7823,.T.);
#7821 = VERTEX_POINT('',#7822);
#7822 = CARTESIAN_POINT('',(-5.4,-145.5,0.));
#7823 = LINE('',#7824,#7825);
#7824 = CARTESIAN_POINT('',(-5.4,-38.5,0.));
#7825 = VECTOR('',#7826,1.);
#7826 = DIRECTION('',(0.,-1.,0.));
#7827 = ORIENTED_EDGE('',*,*,#7775,.F.);
#7828 = ORIENTED_EDGE('',*,*,#1278,.T.);
#7829 = ORIENTED_EDGE('',*,*,#7830,.F.);
#7830 = EDGE_CURVE('',#7821,#1279,#7831,.T.);
#7831 = LINE('',#7832,#7833);
#7832 = CARTESIAN_POINT('',(-5.4,-145.5,0.));
#7833 = VECTOR('',#7834,1.);
#7834 = DIRECTION('',(-0.,-0.,-1.));
#7835 = PLANE('',#7836);
#7836 = AXIS2_PLACEMENT_3D('',#7837,#7838,#7839);
#7837 = CARTESIAN_POINT('',(-5.4,-38.5,0.));
#7838 = DIRECTION('',(-1.,0.,0.));
#7839 = DIRECTION('',(0.,-1.,0.));
#7840 = ADVANCED_FACE('',(#7841),#7852,.F.);
#7841 = FACE_BOUND('',#7842,.F.);
#7842 = EDGE_LOOP('',(#7843,#7849,#7850,#7851));
#7843 = ORIENTED_EDGE('',*,*,#7844,.F.);
#7844 = EDGE_CURVE('',#7797,#7821,#7845,.T.);
#7845 = LINE('',#7846,#7847);
#7846 = CARTESIAN_POINT('',(-45.2,-145.5,0.));
#7847 = VECTOR('',#7848,1.);
#7848 = DIRECTION('',(1.,0.,0.));
#7849 = ORIENTED_EDGE('',*,*,#7804,.F.);
#7850 = ORIENTED_EDGE('',*,*,#1286,.F.);
#7851 = ORIENTED_EDGE('',*,*,#7830,.F.);
#7852 = PLANE('',#7853);
#7853 = AXIS2_PLACEMENT_3D('',#7854,#7855,#7856);
#7854 = CARTESIAN_POINT('',(-45.2,-145.5,0.));
#7855 = DIRECTION('',(0.,-1.,0.));
#7856 = DIRECTION('',(1.,0.,0.));
#7857 = ADVANCED_FACE('',(#7858),#7883,.F.);
#7858 = FACE_BOUND('',#7859,.F.);
#7859 = EDGE_LOOP('',(#7860,#7870,#7876,#7877));
#7860 = ORIENTED_EDGE('',*,*,#7861,.F.);
#7861 = EDGE_CURVE('',#7862,#7864,#7866,.T.);
#7862 = VERTEX_POINT('',#7863);
#7863 = CARTESIAN_POINT('',(-5.4,-134.5,0.));
#7864 = VERTEX_POINT('',#7865);
#7865 = CARTESIAN_POINT('',(-23.8,-134.5,0.));
#7866 = LINE('',#7867,#7868);
#7867 = CARTESIAN_POINT('',(58.8,-134.5,0.));
#7868 = VECTOR('',#7869,1.);
#7869 = DIRECTION('',(-1.,0.,0.));
#7870 = ORIENTED_EDGE('',*,*,#7871,.F.);
#7871 = EDGE_CURVE('',#1305,#7862,#7872,.T.);
#7872 = LINE('',#7873,#7874);
#7873 = CARTESIAN_POINT('',(-5.4,-134.5,0.));
#7874 = VECTOR('',#7875,1.);
#7875 = DIRECTION('',(0.,0.,1.));
#7876 = ORIENTED_EDGE('',*,*,#1302,.F.);
#7877 = ORIENTED_EDGE('',*,*,#7878,.F.);
#7878 = EDGE_CURVE('',#7864,#1303,#7879,.T.);
#7879 = LINE('',#7880,#7881);
#7880 = CARTESIAN_POINT('',(-23.8,-134.5,0.));
#7881 = VECTOR('',#7882,1.);
#7882 = DIRECTION('',(0.,0.,-1.));
#7883 = PLANE('',#7884);
#7884 = AXIS2_PLACEMENT_3D('',#7885,#7886,#7887);
#7885 = CARTESIAN_POINT('',(58.8,-134.5,0.));
#7886 = DIRECTION('',(0.,1.,0.));
#7887 = DIRECTION('',(-1.,0.,0.));
#7888 = ADVANCED_FACE('',(#7889),#7907,.T.);
#7889 = FACE_BOUND('',#7890,.T.);
#7890 = EDGE_LOOP('',(#7891,#7899,#7905,#7906));
#7891 = ORIENTED_EDGE('',*,*,#7892,.F.);
#7892 = EDGE_CURVE('',#7893,#7864,#7895,.T.);
#7893 = VERTEX_POINT('',#7894);
#7894 = CARTESIAN_POINT('',(-23.8,-137.5,0.));
#7895 = LINE('',#7896,#7897);
#7896 = CARTESIAN_POINT('',(-23.8,-201.5,0.));
#7897 = VECTOR('',#7898,1.);
#7898 = DIRECTION('',(0.,1.,0.));
#7899 = ORIENTED_EDGE('',*,*,#7900,.F.);
#7900 = EDGE_CURVE('',#1321,#7893,#7901,.T.);
#7901 = LINE('',#7902,#7903);
#7902 = CARTESIAN_POINT('',(-23.8,-137.5,0.));
#7903 = VECTOR('',#7904,1.);
#7904 = DIRECTION('',(0.,0.,1.));
#7905 = ORIENTED_EDGE('',*,*,#1328,.T.);
#7906 = ORIENTED_EDGE('',*,*,#7878,.F.);
#7907 = PLANE('',#7908);
#7908 = AXIS2_PLACEMENT_3D('',#7909,#7910,#7911);
#7909 = CARTESIAN_POINT('',(-23.8,-201.5,0.));
#7910 = DIRECTION('',(1.,0.,0.));
#7911 = DIRECTION('',(0.,1.,0.));
#7912 = ADVANCED_FACE('',(#7913),#7931,.T.);
#7913 = FACE_BOUND('',#7914,.T.);
#7914 = EDGE_LOOP('',(#7915,#7923,#7924,#7925));
#7915 = ORIENTED_EDGE('',*,*,#7916,.F.);
#7916 = EDGE_CURVE('',#7862,#7917,#7919,.T.);
#7917 = VERTEX_POINT('',#7918);
#7918 = CARTESIAN_POINT('',(-5.4,-137.5,0.));
#7919 = LINE('',#7920,#7921);
#7920 = CARTESIAN_POINT('',(-5.4,-38.5,0.));
#7921 = VECTOR('',#7922,1.);
#7922 = DIRECTION('',(0.,-1.,0.));
#7923 = ORIENTED_EDGE('',*,*,#7871,.F.);
#7924 = ORIENTED_EDGE('',*,*,#1312,.T.);
#7925 = ORIENTED_EDGE('',*,*,#7926,.F.);
#7926 = EDGE_CURVE('',#7917,#1313,#7927,.T.);
#7927 = LINE('',#7928,#7929);
#7928 = CARTESIAN_POINT('',(-5.4,-137.5,0.));
#7929 = VECTOR('',#7930,1.);
#7930 = DIRECTION('',(-0.,-0.,-1.));
#7931 = PLANE('',#7932);
#7932 = AXIS2_PLACEMENT_3D('',#7933,#7934,#7935);
#7933 = CARTESIAN_POINT('',(-5.4,-38.5,0.));
#7934 = DIRECTION('',(-1.,0.,0.));
#7935 = DIRECTION('',(0.,-1.,0.));
#7936 = ADVANCED_FACE('',(#7937),#7948,.F.);
#7937 = FACE_BOUND('',#7938,.F.);
#7938 = EDGE_LOOP('',(#7939,#7945,#7946,#7947));
#7939 = ORIENTED_EDGE('',*,*,#7940,.F.);
#7940 = EDGE_CURVE('',#7893,#7917,#7941,.T.);
#7941 = LINE('',#7942,#7943);
#7942 = CARTESIAN_POINT('',(-45.2,-137.5,0.));
#7943 = VECTOR('',#7944,1.);
#7944 = DIRECTION('',(1.,0.,0.));
#7945 = ORIENTED_EDGE('',*,*,#7900,.F.);
#7946 = ORIENTED_EDGE('',*,*,#1320,.F.);
#7947 = ORIENTED_EDGE('',*,*,#7926,.F.);
#7948 = PLANE('',#7949);
#7949 = AXIS2_PLACEMENT_3D('',#7950,#7951,#7952);
#7950 = CARTESIAN_POINT('',(-45.2,-137.5,0.));
#7951 = DIRECTION('',(0.,-1.,0.));
#7952 = DIRECTION('',(1.,0.,0.));
#7953 = ADVANCED_FACE('',(#7954),#7979,.F.);
#7954 = FACE_BOUND('',#7955,.F.);
#7955 = EDGE_LOOP('',(#7956,#7966,#7972,#7973));
#7956 = ORIENTED_EDGE('',*,*,#7957,.F.);
#7957 = EDGE_CURVE('',#7958,#7960,#7962,.T.);
#7958 = VERTEX_POINT('',#7959);
#7959 = CARTESIAN_POINT('',(-5.4,-126.5,0.));
#7960 = VERTEX_POINT('',#7961);
#7961 = CARTESIAN_POINT('',(-23.8,-126.5,0.));
#7962 = LINE('',#7963,#7964);
#7963 = CARTESIAN_POINT('',(58.8,-126.5,0.));
#7964 = VECTOR('',#7965,1.);
#7965 = DIRECTION('',(-1.,0.,0.));
#7966 = ORIENTED_EDGE('',*,*,#7967,.F.);
#7967 = EDGE_CURVE('',#1339,#7958,#7968,.T.);
#7968 = LINE('',#7969,#7970);
#7969 = CARTESIAN_POINT('',(-5.4,-126.5,0.));
#7970 = VECTOR('',#7971,1.);
#7971 = DIRECTION('',(0.,0.,1.));
#7972 = ORIENTED_EDGE('',*,*,#1336,.F.);
#7973 = ORIENTED_EDGE('',*,*,#7974,.F.);
#7974 = EDGE_CURVE('',#7960,#1337,#7975,.T.);
#7975 = LINE('',#7976,#7977);
#7976 = CARTESIAN_POINT('',(-23.8,-126.5,0.));
#7977 = VECTOR('',#7978,1.);
#7978 = DIRECTION('',(0.,0.,-1.));
#7979 = PLANE('',#7980);
#7980 = AXIS2_PLACEMENT_3D('',#7981,#7982,#7983);
#7981 = CARTESIAN_POINT('',(58.8,-126.5,0.));
#7982 = DIRECTION('',(0.,1.,0.));
#7983 = DIRECTION('',(-1.,0.,0.));
#7984 = ADVANCED_FACE('',(#7985),#8003,.T.);
#7985 = FACE_BOUND('',#7986,.T.);
#7986 = EDGE_LOOP('',(#7987,#7995,#8001,#8002));
#7987 = ORIENTED_EDGE('',*,*,#7988,.F.);
#7988 = EDGE_CURVE('',#7989,#7960,#7991,.T.);
#7989 = VERTEX_POINT('',#7990);
#7990 = CARTESIAN_POINT('',(-23.8,-129.5,0.));
#7991 = LINE('',#7992,#7993);
#7992 = CARTESIAN_POINT('',(-23.8,-201.5,0.));
#7993 = VECTOR('',#7994,1.);
#7994 = DIRECTION('',(0.,1.,0.));
#7995 = ORIENTED_EDGE('',*,*,#7996,.F.);
#7996 = EDGE_CURVE('',#1355,#7989,#7997,.T.);
#7997 = LINE('',#7998,#7999);
#7998 = CARTESIAN_POINT('',(-23.8,-129.5,0.));
#7999 = VECTOR('',#8000,1.);
#8000 = DIRECTION('',(0.,0.,1.));
#8001 = ORIENTED_EDGE('',*,*,#1362,.T.);
#8002 = ORIENTED_EDGE('',*,*,#7974,.F.);
#8003 = PLANE('',#8004);
#8004 = AXIS2_PLACEMENT_3D('',#8005,#8006,#8007);
#8005 = CARTESIAN_POINT('',(-23.8,-201.5,0.));
#8006 = DIRECTION('',(1.,0.,0.));
#8007 = DIRECTION('',(0.,1.,0.));
#8008 = ADVANCED_FACE('',(#8009),#8027,.T.);
#8009 = FACE_BOUND('',#8010,.T.);
#8010 = EDGE_LOOP('',(#8011,#8019,#8020,#8021));
#8011 = ORIENTED_EDGE('',*,*,#8012,.F.);
#8012 = EDGE_CURVE('',#7958,#8013,#8015,.T.);
#8013 = VERTEX_POINT('',#8014);
#8014 = CARTESIAN_POINT('',(-5.4,-129.5,0.));
#8015 = LINE('',#8016,#8017);
#8016 = CARTESIAN_POINT('',(-5.4,-38.5,0.));
#8017 = VECTOR('',#8018,1.);
#8018 = DIRECTION('',(0.,-1.,0.));
#8019 = ORIENTED_EDGE('',*,*,#7967,.F.);
#8020 = ORIENTED_EDGE('',*,*,#1346,.T.);
#8021 = ORIENTED_EDGE('',*,*,#8022,.F.);
#8022 = EDGE_CURVE('',#8013,#1347,#8023,.T.);
#8023 = LINE('',#8024,#8025);
#8024 = CARTESIAN_POINT('',(-5.4,-129.5,0.));
#8025 = VECTOR('',#8026,1.);
#8026 = DIRECTION('',(-0.,-0.,-1.));
#8027 = PLANE('',#8028);
#8028 = AXIS2_PLACEMENT_3D('',#8029,#8030,#8031);
#8029 = CARTESIAN_POINT('',(-5.4,-38.5,0.));
#8030 = DIRECTION('',(-1.,0.,0.));
#8031 = DIRECTION('',(0.,-1.,0.));
#8032 = ADVANCED_FACE('',(#8033),#8044,.F.);
#8033 = FACE_BOUND('',#8034,.F.);
#8034 = EDGE_LOOP('',(#8035,#8041,#8042,#8043));
#8035 = ORIENTED_EDGE('',*,*,#8036,.F.);
#8036 = EDGE_CURVE('',#7989,#8013,#8037,.T.);
#8037 = LINE('',#8038,#8039);
#8038 = CARTESIAN_POINT('',(-45.2,-129.5,0.));
#8039 = VECTOR('',#8040,1.);
#8040 = DIRECTION('',(1.,0.,0.));
#8041 = ORIENTED_EDGE('',*,*,#7996,.F.);
#8042 = ORIENTED_EDGE('',*,*,#1354,.F.);
#8043 = ORIENTED_EDGE('',*,*,#8022,.F.);
#8044 = PLANE('',#8045);
#8045 = AXIS2_PLACEMENT_3D('',#8046,#8047,#8048);
#8046 = CARTESIAN_POINT('',(-45.2,-129.5,0.));
#8047 = DIRECTION('',(0.,-1.,0.));
#8048 = DIRECTION('',(1.,0.,0.));
#8049 = ADVANCED_FACE('',(#8050),#8075,.F.);
#8050 = FACE_BOUND('',#8051,.F.);
#8051 = EDGE_LOOP('',(#8052,#8062,#8068,#8069));
#8052 = ORIENTED_EDGE('',*,*,#8053,.F.);
#8053 = EDGE_CURVE('',#8054,#8056,#8058,.T.);
#8054 = VERTEX_POINT('',#8055);
#8055 = CARTESIAN_POINT('',(16.,-174.5,0.));
#8056 = VERTEX_POINT('',#8057);
#8057 = CARTESIAN_POINT('',(-2.4,-174.5,0.));
#8058 = LINE('',#8059,#8060);
#8059 = CARTESIAN_POINT('',(58.8,-174.5,0.));
#8060 = VECTOR('',#8061,1.);
#8061 = DIRECTION('',(-1.,0.,0.));
#8062 = ORIENTED_EDGE('',*,*,#8063,.F.);
#8063 = EDGE_CURVE('',#1373,#8054,#8064,.T.);
#8064 = LINE('',#8065,#8066);
#8065 = CARTESIAN_POINT('',(16.,-174.5,0.));
#8066 = VECTOR('',#8067,1.);
#8067 = DIRECTION('',(0.,0.,1.));
#8068 = ORIENTED_EDGE('',*,*,#1370,.F.);
#8069 = ORIENTED_EDGE('',*,*,#8070,.F.);
#8070 = EDGE_CURVE('',#8056,#1371,#8071,.T.);
#8071 = LINE('',#8072,#8073);
#8072 = CARTESIAN_POINT('',(-2.4,-174.5,0.));
#8073 = VECTOR('',#8074,1.);
#8074 = DIRECTION('',(0.,0.,-1.));
#8075 = PLANE('',#8076);
#8076 = AXIS2_PLACEMENT_3D('',#8077,#8078,#8079);
#8077 = CARTESIAN_POINT('',(58.8,-174.5,0.));
#8078 = DIRECTION('',(0.,1.,0.));
#8079 = DIRECTION('',(-1.,0.,0.));
#8080 = ADVANCED_FACE('',(#8081),#8099,.T.);
#8081 = FACE_BOUND('',#8082,.T.);
#8082 = EDGE_LOOP('',(#8083,#8091,#8097,#8098));
#8083 = ORIENTED_EDGE('',*,*,#8084,.F.);
#8084 = EDGE_CURVE('',#8085,#8056,#8087,.T.);
#8085 = VERTEX_POINT('',#8086);
#8086 = CARTESIAN_POINT('',(-2.4,-177.5,0.));
#8087 = LINE('',#8088,#8089);
#8088 = CARTESIAN_POINT('',(-2.4,-201.5,0.));
#8089 = VECTOR('',#8090,1.);
#8090 = DIRECTION('',(0.,1.,0.));
#8091 = ORIENTED_EDGE('',*,*,#8092,.F.);
#8092 = EDGE_CURVE('',#1389,#8085,#8093,.T.);
#8093 = LINE('',#8094,#8095);
#8094 = CARTESIAN_POINT('',(-2.4,-177.5,0.));
#8095 = VECTOR('',#8096,1.);
#8096 = DIRECTION('',(0.,0.,1.));
#8097 = ORIENTED_EDGE('',*,*,#1396,.T.);
#8098 = ORIENTED_EDGE('',*,*,#8070,.F.);
#8099 = PLANE('',#8100);
#8100 = AXIS2_PLACEMENT_3D('',#8101,#8102,#8103);
#8101 = CARTESIAN_POINT('',(-2.4,-201.5,0.));
#8102 = DIRECTION('',(1.,0.,0.));
#8103 = DIRECTION('',(0.,1.,0.));
#8104 = ADVANCED_FACE('',(#8105),#8123,.T.);
#8105 = FACE_BOUND('',#8106,.T.);
#8106 = EDGE_LOOP('',(#8107,#8115,#8116,#8117));
#8107 = ORIENTED_EDGE('',*,*,#8108,.F.);
#8108 = EDGE_CURVE('',#8054,#8109,#8111,.T.);
#8109 = VERTEX_POINT('',#8110);
#8110 = CARTESIAN_POINT('',(16.,-177.5,0.));
#8111 = LINE('',#8112,#8113);
#8112 = CARTESIAN_POINT('',(16.,-38.5,0.));
#8113 = VECTOR('',#8114,1.);
#8114 = DIRECTION('',(0.,-1.,0.));
#8115 = ORIENTED_EDGE('',*,*,#8063,.F.);
#8116 = ORIENTED_EDGE('',*,*,#1380,.T.);
#8117 = ORIENTED_EDGE('',*,*,#8118,.F.);
#8118 = EDGE_CURVE('',#8109,#1381,#8119,.T.);
#8119 = LINE('',#8120,#8121);
#8120 = CARTESIAN_POINT('',(16.,-177.5,0.));
#8121 = VECTOR('',#8122,1.);
#8122 = DIRECTION('',(-0.,-0.,-1.));
#8123 = PLANE('',#8124);
#8124 = AXIS2_PLACEMENT_3D('',#8125,#8126,#8127);
#8125 = CARTESIAN_POINT('',(16.,-38.5,0.));
#8126 = DIRECTION('',(-1.,0.,0.));
#8127 = DIRECTION('',(0.,-1.,0.));
#8128 = ADVANCED_FACE('',(#8129),#8140,.F.);
#8129 = FACE_BOUND('',#8130,.F.);
#8130 = EDGE_LOOP('',(#8131,#8137,#8138,#8139));
#8131 = ORIENTED_EDGE('',*,*,#8132,.F.);
#8132 = EDGE_CURVE('',#8085,#8109,#8133,.T.);
#8133 = LINE('',#8134,#8135);
#8134 = CARTESIAN_POINT('',(-45.2,-177.5,0.));
#8135 = VECTOR('',#8136,1.);
#8136 = DIRECTION('',(1.,0.,0.));
#8137 = ORIENTED_EDGE('',*,*,#8092,.F.);
#8138 = ORIENTED_EDGE('',*,*,#1388,.F.);
#8139 = ORIENTED_EDGE('',*,*,#8118,.F.);
#8140 = PLANE('',#8141);
#8141 = AXIS2_PLACEMENT_3D('',#8142,#8143,#8144);
#8142 = CARTESIAN_POINT('',(-45.2,-177.5,0.));
#8143 = DIRECTION('',(0.,-1.,0.));
#8144 = DIRECTION('',(1.,0.,0.));
#8145 = ADVANCED_FACE('',(#8146),#8171,.F.);
#8146 = FACE_BOUND('',#8147,.F.);
#8147 = EDGE_LOOP('',(#8148,#8158,#8164,#8165));
#8148 = ORIENTED_EDGE('',*,*,#8149,.F.);
#8149 = EDGE_CURVE('',#8150,#8152,#8154,.T.);
#8150 = VERTEX_POINT('',#8151);
#8151 = CARTESIAN_POINT('',(16.,-166.5,0.));
#8152 = VERTEX_POINT('',#8153);
#8153 = CARTESIAN_POINT('',(-2.4,-166.5,0.));
#8154 = LINE('',#8155,#8156);
#8155 = CARTESIAN_POINT('',(58.8,-166.5,0.));
#8156 = VECTOR('',#8157,1.);
#8157 = DIRECTION('',(-1.,0.,0.));
#8158 = ORIENTED_EDGE('',*,*,#8159,.F.);
#8159 = EDGE_CURVE('',#1407,#8150,#8160,.T.);
#8160 = LINE('',#8161,#8162);
#8161 = CARTESIAN_POINT('',(16.,-166.5,0.));
#8162 = VECTOR('',#8163,1.);
#8163 = DIRECTION('',(0.,0.,1.));
#8164 = ORIENTED_EDGE('',*,*,#1404,.F.);
#8165 = ORIENTED_EDGE('',*,*,#8166,.F.);
#8166 = EDGE_CURVE('',#8152,#1405,#8167,.T.);
#8167 = LINE('',#8168,#8169);
#8168 = CARTESIAN_POINT('',(-2.4,-166.5,0.));
#8169 = VECTOR('',#8170,1.);
#8170 = DIRECTION('',(0.,0.,-1.));
#8171 = PLANE('',#8172);
#8172 = AXIS2_PLACEMENT_3D('',#8173,#8174,#8175);
#8173 = CARTESIAN_POINT('',(58.8,-166.5,0.));
#8174 = DIRECTION('',(0.,1.,0.));
#8175 = DIRECTION('',(-1.,0.,0.));
#8176 = ADVANCED_FACE('',(#8177),#8195,.T.);
#8177 = FACE_BOUND('',#8178,.T.);
#8178 = EDGE_LOOP('',(#8179,#8187,#8193,#8194));
#8179 = ORIENTED_EDGE('',*,*,#8180,.F.);
#8180 = EDGE_CURVE('',#8181,#8152,#8183,.T.);
#8181 = VERTEX_POINT('',#8182);
#8182 = CARTESIAN_POINT('',(-2.4,-169.5,0.));
#8183 = LINE('',#8184,#8185);
#8184 = CARTESIAN_POINT('',(-2.4,-201.5,0.));
#8185 = VECTOR('',#8186,1.);
#8186 = DIRECTION('',(0.,1.,0.));
#8187 = ORIENTED_EDGE('',*,*,#8188,.F.);
#8188 = EDGE_CURVE('',#1423,#8181,#8189,.T.);
#8189 = LINE('',#8190,#8191);
#8190 = CARTESIAN_POINT('',(-2.4,-169.5,0.));
#8191 = VECTOR('',#8192,1.);
#8192 = DIRECTION('',(0.,0.,1.));
#8193 = ORIENTED_EDGE('',*,*,#1430,.T.);
#8194 = ORIENTED_EDGE('',*,*,#8166,.F.);
#8195 = PLANE('',#8196);
#8196 = AXIS2_PLACEMENT_3D('',#8197,#8198,#8199);
#8197 = CARTESIAN_POINT('',(-2.4,-201.5,0.));
#8198 = DIRECTION('',(1.,0.,0.));
#8199 = DIRECTION('',(0.,1.,0.));
#8200 = ADVANCED_FACE('',(#8201),#8219,.T.);
#8201 = FACE_BOUND('',#8202,.T.);
#8202 = EDGE_LOOP('',(#8203,#8211,#8212,#8213));
#8203 = ORIENTED_EDGE('',*,*,#8204,.F.);
#8204 = EDGE_CURVE('',#8150,#8205,#8207,.T.);
#8205 = VERTEX_POINT('',#8206);
#8206 = CARTESIAN_POINT('',(16.,-169.5,0.));
#8207 = LINE('',#8208,#8209);
#8208 = CARTESIAN_POINT('',(16.,-38.5,0.));
#8209 = VECTOR('',#8210,1.);
#8210 = DIRECTION('',(0.,-1.,0.));
#8211 = ORIENTED_EDGE('',*,*,#8159,.F.);
#8212 = ORIENTED_EDGE('',*,*,#1414,.T.);
#8213 = ORIENTED_EDGE('',*,*,#8214,.F.);
#8214 = EDGE_CURVE('',#8205,#1415,#8215,.T.);
#8215 = LINE('',#8216,#8217);
#8216 = CARTESIAN_POINT('',(16.,-169.5,0.));
#8217 = VECTOR('',#8218,1.);
#8218 = DIRECTION('',(-0.,-0.,-1.));
#8219 = PLANE('',#8220);
#8220 = AXIS2_PLACEMENT_3D('',#8221,#8222,#8223);
#8221 = CARTESIAN_POINT('',(16.,-38.5,0.));
#8222 = DIRECTION('',(-1.,0.,0.));
#8223 = DIRECTION('',(0.,-1.,0.));
#8224 = ADVANCED_FACE('',(#8225),#8236,.F.);
#8225 = FACE_BOUND('',#8226,.F.);
#8226 = EDGE_LOOP('',(#8227,#8233,#8234,#8235));
#8227 = ORIENTED_EDGE('',*,*,#8228,.F.);
#8228 = EDGE_CURVE('',#8181,#8205,#8229,.T.);
#8229 = LINE('',#8230,#8231);
#8230 = CARTESIAN_POINT('',(-45.2,-169.5,0.));
#8231 = VECTOR('',#8232,1.);
#8232 = DIRECTION('',(1.,0.,0.));
#8233 = ORIENTED_EDGE('',*,*,#8188,.F.);
#8234 = ORIENTED_EDGE('',*,*,#1422,.F.);
#8235 = ORIENTED_EDGE('',*,*,#8214,.F.);
#8236 = PLANE('',#8237);
#8237 = AXIS2_PLACEMENT_3D('',#8238,#8239,#8240);
#8238 = CARTESIAN_POINT('',(-45.2,-169.5,0.));
#8239 = DIRECTION('',(0.,-1.,0.));
#8240 = DIRECTION('',(1.,0.,0.));
#8241 = ADVANCED_FACE('',(#8242),#8267,.F.);
#8242 = FACE_BOUND('',#8243,.F.);
#8243 = EDGE_LOOP('',(#8244,#8254,#8260,#8261));
#8244 = ORIENTED_EDGE('',*,*,#8245,.F.);
#8245 = EDGE_CURVE('',#8246,#8248,#8250,.T.);
#8246 = VERTEX_POINT('',#8247);
#8247 = CARTESIAN_POINT('',(16.,-158.5,0.));
#8248 = VERTEX_POINT('',#8249);
#8249 = CARTESIAN_POINT('',(-2.4,-158.5,0.));
#8250 = LINE('',#8251,#8252);
#8251 = CARTESIAN_POINT('',(58.8,-158.5,0.));
#8252 = VECTOR('',#8253,1.);
#8253 = DIRECTION('',(-1.,0.,0.));
#8254 = ORIENTED_EDGE('',*,*,#8255,.F.);
#8255 = EDGE_CURVE('',#1441,#8246,#8256,.T.);
#8256 = LINE('',#8257,#8258);
#8257 = CARTESIAN_POINT('',(16.,-158.5,0.));
#8258 = VECTOR('',#8259,1.);
#8259 = DIRECTION('',(0.,0.,1.));
#8260 = ORIENTED_EDGE('',*,*,#1438,.F.);
#8261 = ORIENTED_EDGE('',*,*,#8262,.F.);
#8262 = EDGE_CURVE('',#8248,#1439,#8263,.T.);
#8263 = LINE('',#8264,#8265);
#8264 = CARTESIAN_POINT('',(-2.4,-158.5,0.));
#8265 = VECTOR('',#8266,1.);
#8266 = DIRECTION('',(0.,0.,-1.));
#8267 = PLANE('',#8268);
#8268 = AXIS2_PLACEMENT_3D('',#8269,#8270,#8271);
#8269 = CARTESIAN_POINT('',(58.8,-158.5,0.));
#8270 = DIRECTION('',(0.,1.,0.));
#8271 = DIRECTION('',(-1.,0.,0.));
#8272 = ADVANCED_FACE('',(#8273),#8291,.T.);
#8273 = FACE_BOUND('',#8274,.T.);
#8274 = EDGE_LOOP('',(#8275,#8283,#8289,#8290));
#8275 = ORIENTED_EDGE('',*,*,#8276,.F.);
#8276 = EDGE_CURVE('',#8277,#8248,#8279,.T.);
#8277 = VERTEX_POINT('',#8278);
#8278 = CARTESIAN_POINT('',(-2.4,-161.5,0.));
#8279 = LINE('',#8280,#8281);
#8280 = CARTESIAN_POINT('',(-2.4,-201.5,0.));
#8281 = VECTOR('',#8282,1.);
#8282 = DIRECTION('',(0.,1.,0.));
#8283 = ORIENTED_EDGE('',*,*,#8284,.F.);
#8284 = EDGE_CURVE('',#1457,#8277,#8285,.T.);
#8285 = LINE('',#8286,#8287);
#8286 = CARTESIAN_POINT('',(-2.4,-161.5,0.));
#8287 = VECTOR('',#8288,1.);
#8288 = DIRECTION('',(0.,0.,1.));
#8289 = ORIENTED_EDGE('',*,*,#1464,.T.);
#8290 = ORIENTED_EDGE('',*,*,#8262,.F.);
#8291 = PLANE('',#8292);
#8292 = AXIS2_PLACEMENT_3D('',#8293,#8294,#8295);
#8293 = CARTESIAN_POINT('',(-2.4,-201.5,0.));
#8294 = DIRECTION('',(1.,0.,0.));
#8295 = DIRECTION('',(0.,1.,0.));
#8296 = ADVANCED_FACE('',(#8297),#8315,.T.);
#8297 = FACE_BOUND('',#8298,.T.);
#8298 = EDGE_LOOP('',(#8299,#8307,#8308,#8309));
#8299 = ORIENTED_EDGE('',*,*,#8300,.F.);
#8300 = EDGE_CURVE('',#8246,#8301,#8303,.T.);
#8301 = VERTEX_POINT('',#8302);
#8302 = CARTESIAN_POINT('',(16.,-161.5,0.));
#8303 = LINE('',#8304,#8305);
#8304 = CARTESIAN_POINT('',(16.,-38.5,0.));
#8305 = VECTOR('',#8306,1.);
#8306 = DIRECTION('',(0.,-1.,0.));
#8307 = ORIENTED_EDGE('',*,*,#8255,.F.);
#8308 = ORIENTED_EDGE('',*,*,#1448,.T.);
#8309 = ORIENTED_EDGE('',*,*,#8310,.F.);
#8310 = EDGE_CURVE('',#8301,#1449,#8311,.T.);
#8311 = LINE('',#8312,#8313);
#8312 = CARTESIAN_POINT('',(16.,-161.5,0.));
#8313 = VECTOR('',#8314,1.);
#8314 = DIRECTION('',(-0.,-0.,-1.));
#8315 = PLANE('',#8316);
#8316 = AXIS2_PLACEMENT_3D('',#8317,#8318,#8319);
#8317 = CARTESIAN_POINT('',(16.,-38.5,0.));
#8318 = DIRECTION('',(-1.,0.,0.));
#8319 = DIRECTION('',(0.,-1.,0.));
#8320 = ADVANCED_FACE('',(#8321),#8332,.F.);
#8321 = FACE_BOUND('',#8322,.F.);
#8322 = EDGE_LOOP('',(#8323,#8329,#8330,#8331));
#8323 = ORIENTED_EDGE('',*,*,#8324,.F.);
#8324 = EDGE_CURVE('',#8277,#8301,#8325,.T.);
#8325 = LINE('',#8326,#8327);
#8326 = CARTESIAN_POINT('',(-45.2,-161.5,0.));
#8327 = VECTOR('',#8328,1.);
#8328 = DIRECTION('',(1.,0.,0.));
#8329 = ORIENTED_EDGE('',*,*,#8284,.F.);
#8330 = ORIENTED_EDGE('',*,*,#1456,.F.);
#8331 = ORIENTED_EDGE('',*,*,#8310,.F.);
#8332 = PLANE('',#8333);
#8333 = AXIS2_PLACEMENT_3D('',#8334,#8335,#8336);
#8334 = CARTESIAN_POINT('',(-45.2,-161.5,0.));
#8335 = DIRECTION('',(0.,-1.,0.));
#8336 = DIRECTION('',(1.,0.,0.));
#8337 = ADVANCED_FACE('',(#8338),#8363,.F.);
#8338 = FACE_BOUND('',#8339,.F.);
#8339 = EDGE_LOOP('',(#8340,#8350,#8356,#8357));
#8340 = ORIENTED_EDGE('',*,*,#8341,.F.);
#8341 = EDGE_CURVE('',#8342,#8344,#8346,.T.);
#8342 = VERTEX_POINT('',#8343);
#8343 = CARTESIAN_POINT('',(16.,-150.5,0.));
#8344 = VERTEX_POINT('',#8345);
#8345 = CARTESIAN_POINT('',(-2.4,-150.5,0.));
#8346 = LINE('',#8347,#8348);
#8347 = CARTESIAN_POINT('',(58.8,-150.5,0.));
#8348 = VECTOR('',#8349,1.);
#8349 = DIRECTION('',(-1.,0.,0.));
#8350 = ORIENTED_EDGE('',*,*,#8351,.F.);
#8351 = EDGE_CURVE('',#1475,#8342,#8352,.T.);
#8352 = LINE('',#8353,#8354);
#8353 = CARTESIAN_POINT('',(16.,-150.5,0.));
#8354 = VECTOR('',#8355,1.);
#8355 = DIRECTION('',(0.,0.,1.));
#8356 = ORIENTED_EDGE('',*,*,#1472,.F.);
#8357 = ORIENTED_EDGE('',*,*,#8358,.F.);
#8358 = EDGE_CURVE('',#8344,#1473,#8359,.T.);
#8359 = LINE('',#8360,#8361);
#8360 = CARTESIAN_POINT('',(-2.4,-150.5,0.));
#8361 = VECTOR('',#8362,1.);
#8362 = DIRECTION('',(0.,0.,-1.));
#8363 = PLANE('',#8364);
#8364 = AXIS2_PLACEMENT_3D('',#8365,#8366,#8367);
#8365 = CARTESIAN_POINT('',(58.8,-150.5,0.));
#8366 = DIRECTION('',(0.,1.,0.));
#8367 = DIRECTION('',(-1.,0.,0.));
#8368 = ADVANCED_FACE('',(#8369),#8387,.T.);
#8369 = FACE_BOUND('',#8370,.T.);
#8370 = EDGE_LOOP('',(#8371,#8379,#8385,#8386));
#8371 = ORIENTED_EDGE('',*,*,#8372,.F.);
#8372 = EDGE_CURVE('',#8373,#8344,#8375,.T.);
#8373 = VERTEX_POINT('',#8374);
#8374 = CARTESIAN_POINT('',(-2.4,-153.5,0.));
#8375 = LINE('',#8376,#8377);
#8376 = CARTESIAN_POINT('',(-2.4,-201.5,0.));
#8377 = VECTOR('',#8378,1.);
#8378 = DIRECTION('',(0.,1.,0.));
#8379 = ORIENTED_EDGE('',*,*,#8380,.F.);
#8380 = EDGE_CURVE('',#1491,#8373,#8381,.T.);
#8381 = LINE('',#8382,#8383);
#8382 = CARTESIAN_POINT('',(-2.4,-153.5,0.));
#8383 = VECTOR('',#8384,1.);
#8384 = DIRECTION('',(0.,0.,1.));
#8385 = ORIENTED_EDGE('',*,*,#1498,.T.);
#8386 = ORIENTED_EDGE('',*,*,#8358,.F.);
#8387 = PLANE('',#8388);
#8388 = AXIS2_PLACEMENT_3D('',#8389,#8390,#8391);
#8389 = CARTESIAN_POINT('',(-2.4,-201.5,0.));
#8390 = DIRECTION('',(1.,0.,0.));
#8391 = DIRECTION('',(0.,1.,0.));
#8392 = ADVANCED_FACE('',(#8393),#8411,.T.);
#8393 = FACE_BOUND('',#8394,.T.);
#8394 = EDGE_LOOP('',(#8395,#8403,#8404,#8405));
#8395 = ORIENTED_EDGE('',*,*,#8396,.F.);
#8396 = EDGE_CURVE('',#8342,#8397,#8399,.T.);
#8397 = VERTEX_POINT('',#8398);
#8398 = CARTESIAN_POINT('',(16.,-153.5,0.));
#8399 = LINE('',#8400,#8401);
#8400 = CARTESIAN_POINT('',(16.,-38.5,0.));
#8401 = VECTOR('',#8402,1.);
#8402 = DIRECTION('',(0.,-1.,0.));
#8403 = ORIENTED_EDGE('',*,*,#8351,.F.);
#8404 = ORIENTED_EDGE('',*,*,#1482,.T.);
#8405 = ORIENTED_EDGE('',*,*,#8406,.F.);
#8406 = EDGE_CURVE('',#8397,#1483,#8407,.T.);
#8407 = LINE('',#8408,#8409);
#8408 = CARTESIAN_POINT('',(16.,-153.5,0.));
#8409 = VECTOR('',#8410,1.);
#8410 = DIRECTION('',(-0.,-0.,-1.));
#8411 = PLANE('',#8412);
#8412 = AXIS2_PLACEMENT_3D('',#8413,#8414,#8415);
#8413 = CARTESIAN_POINT('',(16.,-38.5,0.));
#8414 = DIRECTION('',(-1.,0.,0.));
#8415 = DIRECTION('',(0.,-1.,0.));
#8416 = ADVANCED_FACE('',(#8417),#8428,.F.);
#8417 = FACE_BOUND('',#8418,.F.);
#8418 = EDGE_LOOP('',(#8419,#8425,#8426,#8427));
#8419 = ORIENTED_EDGE('',*,*,#8420,.F.);
#8420 = EDGE_CURVE('',#8373,#8397,#8421,.T.);
#8421 = LINE('',#8422,#8423);
#8422 = CARTESIAN_POINT('',(-45.2,-153.5,0.));
#8423 = VECTOR('',#8424,1.);
#8424 = DIRECTION('',(1.,0.,0.));
#8425 = ORIENTED_EDGE('',*,*,#8380,.F.);
#8426 = ORIENTED_EDGE('',*,*,#1490,.F.);
#8427 = ORIENTED_EDGE('',*,*,#8406,.F.);
#8428 = PLANE('',#8429);
#8429 = AXIS2_PLACEMENT_3D('',#8430,#8431,#8432);
#8430 = CARTESIAN_POINT('',(-45.2,-153.5,0.));
#8431 = DIRECTION('',(0.,-1.,0.));
#8432 = DIRECTION('',(1.,0.,0.));
#8433 = ADVANCED_FACE('',(#8434),#8459,.F.);
#8434 = FACE_BOUND('',#8435,.F.);
#8435 = EDGE_LOOP('',(#8436,#8446,#8452,#8453));
#8436 = ORIENTED_EDGE('',*,*,#8437,.F.);
#8437 = EDGE_CURVE('',#8438,#8440,#8442,.T.);
#8438 = VERTEX_POINT('',#8439);
#8439 = CARTESIAN_POINT('',(16.,-142.5,0.));
#8440 = VERTEX_POINT('',#8441);
#8441 = CARTESIAN_POINT('',(-2.4,-142.5,0.));
#8442 = LINE('',#8443,#8444);
#8443 = CARTESIAN_POINT('',(58.8,-142.5,0.));
#8444 = VECTOR('',#8445,1.);
#8445 = DIRECTION('',(-1.,0.,0.));
#8446 = ORIENTED_EDGE('',*,*,#8447,.F.);
#8447 = EDGE_CURVE('',#1509,#8438,#8448,.T.);
#8448 = LINE('',#8449,#8450);
#8449 = CARTESIAN_POINT('',(16.,-142.5,0.));
#8450 = VECTOR('',#8451,1.);
#8451 = DIRECTION('',(0.,0.,1.));
#8452 = ORIENTED_EDGE('',*,*,#1506,.F.);
#8453 = ORIENTED_EDGE('',*,*,#8454,.F.);
#8454 = EDGE_CURVE('',#8440,#1507,#8455,.T.);
#8455 = LINE('',#8456,#8457);
#8456 = CARTESIAN_POINT('',(-2.4,-142.5,0.));
#8457 = VECTOR('',#8458,1.);
#8458 = DIRECTION('',(0.,0.,-1.));
#8459 = PLANE('',#8460);
#8460 = AXIS2_PLACEMENT_3D('',#8461,#8462,#8463);
#8461 = CARTESIAN_POINT('',(58.8,-142.5,0.));
#8462 = DIRECTION('',(0.,1.,0.));
#8463 = DIRECTION('',(-1.,0.,0.));
#8464 = ADVANCED_FACE('',(#8465),#8483,.T.);
#8465 = FACE_BOUND('',#8466,.T.);
#8466 = EDGE_LOOP('',(#8467,#8475,#8481,#8482));
#8467 = ORIENTED_EDGE('',*,*,#8468,.F.);
#8468 = EDGE_CURVE('',#8469,#8440,#8471,.T.);
#8469 = VERTEX_POINT('',#8470);
#8470 = CARTESIAN_POINT('',(-2.4,-145.5,0.));
#8471 = LINE('',#8472,#8473);
#8472 = CARTESIAN_POINT('',(-2.4,-201.5,0.));
#8473 = VECTOR('',#8474,1.);
#8474 = DIRECTION('',(0.,1.,0.));
#8475 = ORIENTED_EDGE('',*,*,#8476,.F.);
#8476 = EDGE_CURVE('',#1525,#8469,#8477,.T.);
#8477 = LINE('',#8478,#8479);
#8478 = CARTESIAN_POINT('',(-2.4,-145.5,0.));
#8479 = VECTOR('',#8480,1.);
#8480 = DIRECTION('',(0.,0.,1.));
#8481 = ORIENTED_EDGE('',*,*,#1532,.T.);
#8482 = ORIENTED_EDGE('',*,*,#8454,.F.);
#8483 = PLANE('',#8484);
#8484 = AXIS2_PLACEMENT_3D('',#8485,#8486,#8487);
#8485 = CARTESIAN_POINT('',(-2.4,-201.5,0.));
#8486 = DIRECTION('',(1.,0.,0.));
#8487 = DIRECTION('',(0.,1.,0.));
#8488 = ADVANCED_FACE('',(#8489),#8507,.T.);
#8489 = FACE_BOUND('',#8490,.T.);
#8490 = EDGE_LOOP('',(#8491,#8499,#8500,#8501));
#8491 = ORIENTED_EDGE('',*,*,#8492,.F.);
#8492 = EDGE_CURVE('',#8438,#8493,#8495,.T.);
#8493 = VERTEX_POINT('',#8494);
#8494 = CARTESIAN_POINT('',(16.,-145.5,0.));
#8495 = LINE('',#8496,#8497);
#8496 = CARTESIAN_POINT('',(16.,-38.5,0.));
#8497 = VECTOR('',#8498,1.);
#8498 = DIRECTION('',(0.,-1.,0.));
#8499 = ORIENTED_EDGE('',*,*,#8447,.F.);
#8500 = ORIENTED_EDGE('',*,*,#1516,.T.);
#8501 = ORIENTED_EDGE('',*,*,#8502,.F.);
#8502 = EDGE_CURVE('',#8493,#1517,#8503,.T.);
#8503 = LINE('',#8504,#8505);
#8504 = CARTESIAN_POINT('',(16.,-145.5,0.));
#8505 = VECTOR('',#8506,1.);
#8506 = DIRECTION('',(-0.,-0.,-1.));
#8507 = PLANE('',#8508);
#8508 = AXIS2_PLACEMENT_3D('',#8509,#8510,#8511);
#8509 = CARTESIAN_POINT('',(16.,-38.5,0.));
#8510 = DIRECTION('',(-1.,0.,0.));
#8511 = DIRECTION('',(0.,-1.,0.));
#8512 = ADVANCED_FACE('',(#8513),#8524,.F.);
#8513 = FACE_BOUND('',#8514,.F.);
#8514 = EDGE_LOOP('',(#8515,#8521,#8522,#8523));
#8515 = ORIENTED_EDGE('',*,*,#8516,.F.);
#8516 = EDGE_CURVE('',#8469,#8493,#8517,.T.);
#8517 = LINE('',#8518,#8519);
#8518 = CARTESIAN_POINT('',(-45.2,-145.5,0.));
#8519 = VECTOR('',#8520,1.);
#8520 = DIRECTION('',(1.,0.,0.));
#8521 = ORIENTED_EDGE('',*,*,#8476,.F.);
#8522 = ORIENTED_EDGE('',*,*,#1524,.F.);
#8523 = ORIENTED_EDGE('',*,*,#8502,.F.);
#8524 = PLANE('',#8525);
#8525 = AXIS2_PLACEMENT_3D('',#8526,#8527,#8528);
#8526 = CARTESIAN_POINT('',(-45.2,-145.5,0.));
#8527 = DIRECTION('',(0.,-1.,0.));
#8528 = DIRECTION('',(1.,0.,0.));
#8529 = ADVANCED_FACE('',(#8530),#8555,.F.);
#8530 = FACE_BOUND('',#8531,.F.);
#8531 = EDGE_LOOP('',(#8532,#8542,#8548,#8549));
#8532 = ORIENTED_EDGE('',*,*,#8533,.F.);
#8533 = EDGE_CURVE('',#8534,#8536,#8538,.T.);
#8534 = VERTEX_POINT('',#8535);
#8535 = CARTESIAN_POINT('',(16.,-134.5,0.));
#8536 = VERTEX_POINT('',#8537);
#8537 = CARTESIAN_POINT('',(-2.4,-134.5,0.));
#8538 = LINE('',#8539,#8540);
#8539 = CARTESIAN_POINT('',(58.8,-134.5,0.));
#8540 = VECTOR('',#8541,1.);
#8541 = DIRECTION('',(-1.,0.,0.));
#8542 = ORIENTED_EDGE('',*,*,#8543,.F.);
#8543 = EDGE_CURVE('',#1543,#8534,#8544,.T.);
#8544 = LINE('',#8545,#8546);
#8545 = CARTESIAN_POINT('',(16.,-134.5,0.));
#8546 = VECTOR('',#8547,1.);
#8547 = DIRECTION('',(0.,0.,1.));
#8548 = ORIENTED_EDGE('',*,*,#1540,.F.);
#8549 = ORIENTED_EDGE('',*,*,#8550,.F.);
#8550 = EDGE_CURVE('',#8536,#1541,#8551,.T.);
#8551 = LINE('',#8552,#8553);
#8552 = CARTESIAN_POINT('',(-2.4,-134.5,0.));
#8553 = VECTOR('',#8554,1.);
#8554 = DIRECTION('',(0.,0.,-1.));
#8555 = PLANE('',#8556);
#8556 = AXIS2_PLACEMENT_3D('',#8557,#8558,#8559);
#8557 = CARTESIAN_POINT('',(58.8,-134.5,0.));
#8558 = DIRECTION('',(0.,1.,0.));
#8559 = DIRECTION('',(-1.,0.,0.));
#8560 = ADVANCED_FACE('',(#8561),#8579,.T.);
#8561 = FACE_BOUND('',#8562,.T.);
#8562 = EDGE_LOOP('',(#8563,#8571,#8577,#8578));
#8563 = ORIENTED_EDGE('',*,*,#8564,.F.);
#8564 = EDGE_CURVE('',#8565,#8536,#8567,.T.);
#8565 = VERTEX_POINT('',#8566);
#8566 = CARTESIAN_POINT('',(-2.4,-137.5,0.));
#8567 = LINE('',#8568,#8569);
#8568 = CARTESIAN_POINT('',(-2.4,-201.5,0.));
#8569 = VECTOR('',#8570,1.);
#8570 = DIRECTION('',(0.,1.,0.));
#8571 = ORIENTED_EDGE('',*,*,#8572,.F.);
#8572 = EDGE_CURVE('',#1559,#8565,#8573,.T.);
#8573 = LINE('',#8574,#8575);
#8574 = CARTESIAN_POINT('',(-2.4,-137.5,0.));
#8575 = VECTOR('',#8576,1.);
#8576 = DIRECTION('',(0.,0.,1.));
#8577 = ORIENTED_EDGE('',*,*,#1566,.T.);
#8578 = ORIENTED_EDGE('',*,*,#8550,.F.);
#8579 = PLANE('',#8580);
#8580 = AXIS2_PLACEMENT_3D('',#8581,#8582,#8583);
#8581 = CARTESIAN_POINT('',(-2.4,-201.5,0.));
#8582 = DIRECTION('',(1.,0.,0.));
#8583 = DIRECTION('',(0.,1.,0.));
#8584 = ADVANCED_FACE('',(#8585),#8603,.T.);
#8585 = FACE_BOUND('',#8586,.T.);
#8586 = EDGE_LOOP('',(#8587,#8595,#8596,#8597));
#8587 = ORIENTED_EDGE('',*,*,#8588,.F.);
#8588 = EDGE_CURVE('',#8534,#8589,#8591,.T.);
#8589 = VERTEX_POINT('',#8590);
#8590 = CARTESIAN_POINT('',(16.,-137.5,0.));
#8591 = LINE('',#8592,#8593);
#8592 = CARTESIAN_POINT('',(16.,-38.5,0.));
#8593 = VECTOR('',#8594,1.);
#8594 = DIRECTION('',(0.,-1.,0.));
#8595 = ORIENTED_EDGE('',*,*,#8543,.F.);
#8596 = ORIENTED_EDGE('',*,*,#1550,.T.);
#8597 = ORIENTED_EDGE('',*,*,#8598,.F.);
#8598 = EDGE_CURVE('',#8589,#1551,#8599,.T.);
#8599 = LINE('',#8600,#8601);
#8600 = CARTESIAN_POINT('',(16.,-137.5,0.));
#8601 = VECTOR('',#8602,1.);
#8602 = DIRECTION('',(-0.,-0.,-1.));
#8603 = PLANE('',#8604);
#8604 = AXIS2_PLACEMENT_3D('',#8605,#8606,#8607);
#8605 = CARTESIAN_POINT('',(16.,-38.5,0.));
#8606 = DIRECTION('',(-1.,0.,0.));
#8607 = DIRECTION('',(0.,-1.,0.));
#8608 = ADVANCED_FACE('',(#8609),#8620,.F.);
#8609 = FACE_BOUND('',#8610,.F.);
#8610 = EDGE_LOOP('',(#8611,#8617,#8618,#8619));
#8611 = ORIENTED_EDGE('',*,*,#8612,.F.);
#8612 = EDGE_CURVE('',#8565,#8589,#8613,.T.);
#8613 = LINE('',#8614,#8615);
#8614 = CARTESIAN_POINT('',(-45.2,-137.5,0.));
#8615 = VECTOR('',#8616,1.);
#8616 = DIRECTION('',(1.,0.,0.));
#8617 = ORIENTED_EDGE('',*,*,#8572,.F.);
#8618 = ORIENTED_EDGE('',*,*,#1558,.F.);
#8619 = ORIENTED_EDGE('',*,*,#8598,.F.);
#8620 = PLANE('',#8621);
#8621 = AXIS2_PLACEMENT_3D('',#8622,#8623,#8624);
#8622 = CARTESIAN_POINT('',(-45.2,-137.5,0.));
#8623 = DIRECTION('',(0.,-1.,0.));
#8624 = DIRECTION('',(1.,0.,0.));
#8625 = ADVANCED_FACE('',(#8626),#8651,.F.);
#8626 = FACE_BOUND('',#8627,.F.);
#8627 = EDGE_LOOP('',(#8628,#8638,#8644,#8645));
#8628 = ORIENTED_EDGE('',*,*,#8629,.F.);
#8629 = EDGE_CURVE('',#8630,#8632,#8634,.T.);
#8630 = VERTEX_POINT('',#8631);
#8631 = CARTESIAN_POINT('',(16.,-126.5,0.));
#8632 = VERTEX_POINT('',#8633);
#8633 = CARTESIAN_POINT('',(-2.4,-126.5,0.));
#8634 = LINE('',#8635,#8636);
#8635 = CARTESIAN_POINT('',(58.8,-126.5,0.));
#8636 = VECTOR('',#8637,1.);
#8637 = DIRECTION('',(-1.,0.,0.));
#8638 = ORIENTED_EDGE('',*,*,#8639,.F.);
#8639 = EDGE_CURVE('',#1577,#8630,#8640,.T.);
#8640 = LINE('',#8641,#8642);
#8641 = CARTESIAN_POINT('',(16.,-126.5,0.));
#8642 = VECTOR('',#8643,1.);
#8643 = DIRECTION('',(0.,0.,1.));
#8644 = ORIENTED_EDGE('',*,*,#1574,.F.);
#8645 = ORIENTED_EDGE('',*,*,#8646,.F.);
#8646 = EDGE_CURVE('',#8632,#1575,#8647,.T.);
#8647 = LINE('',#8648,#8649);
#8648 = CARTESIAN_POINT('',(-2.4,-126.5,0.));
#8649 = VECTOR('',#8650,1.);
#8650 = DIRECTION('',(0.,0.,-1.));
#8651 = PLANE('',#8652);
#8652 = AXIS2_PLACEMENT_3D('',#8653,#8654,#8655);
#8653 = CARTESIAN_POINT('',(58.8,-126.5,0.));
#8654 = DIRECTION('',(0.,1.,0.));
#8655 = DIRECTION('',(-1.,0.,0.));
#8656 = ADVANCED_FACE('',(#8657),#8675,.T.);
#8657 = FACE_BOUND('',#8658,.T.);
#8658 = EDGE_LOOP('',(#8659,#8667,#8673,#8674));
#8659 = ORIENTED_EDGE('',*,*,#8660,.F.);
#8660 = EDGE_CURVE('',#8661,#8632,#8663,.T.);
#8661 = VERTEX_POINT('',#8662);
#8662 = CARTESIAN_POINT('',(-2.4,-129.5,0.));
#8663 = LINE('',#8664,#8665);
#8664 = CARTESIAN_POINT('',(-2.4,-201.5,0.));
#8665 = VECTOR('',#8666,1.);
#8666 = DIRECTION('',(0.,1.,0.));
#8667 = ORIENTED_EDGE('',*,*,#8668,.F.);
#8668 = EDGE_CURVE('',#1593,#8661,#8669,.T.);
#8669 = LINE('',#8670,#8671);
#8670 = CARTESIAN_POINT('',(-2.4,-129.5,0.));
#8671 = VECTOR('',#8672,1.);
#8672 = DIRECTION('',(0.,0.,1.));
#8673 = ORIENTED_EDGE('',*,*,#1600,.T.);
#8674 = ORIENTED_EDGE('',*,*,#8646,.F.);
#8675 = PLANE('',#8676);
#8676 = AXIS2_PLACEMENT_3D('',#8677,#8678,#8679);
#8677 = CARTESIAN_POINT('',(-2.4,-201.5,0.));
#8678 = DIRECTION('',(1.,0.,0.));
#8679 = DIRECTION('',(0.,1.,0.));
#8680 = ADVANCED_FACE('',(#8681),#8699,.T.);
#8681 = FACE_BOUND('',#8682,.T.);
#8682 = EDGE_LOOP('',(#8683,#8691,#8692,#8693));
#8683 = ORIENTED_EDGE('',*,*,#8684,.F.);
#8684 = EDGE_CURVE('',#8630,#8685,#8687,.T.);
#8685 = VERTEX_POINT('',#8686);
#8686 = CARTESIAN_POINT('',(16.,-129.5,0.));
#8687 = LINE('',#8688,#8689);
#8688 = CARTESIAN_POINT('',(16.,-38.5,0.));
#8689 = VECTOR('',#8690,1.);
#8690 = DIRECTION('',(0.,-1.,0.));
#8691 = ORIENTED_EDGE('',*,*,#8639,.F.);
#8692 = ORIENTED_EDGE('',*,*,#1584,.T.);
#8693 = ORIENTED_EDGE('',*,*,#8694,.F.);
#8694 = EDGE_CURVE('',#8685,#1585,#8695,.T.);
#8695 = LINE('',#8696,#8697);
#8696 = CARTESIAN_POINT('',(16.,-129.5,0.));
#8697 = VECTOR('',#8698,1.);
#8698 = DIRECTION('',(-0.,-0.,-1.));
#8699 = PLANE('',#8700);
#8700 = AXIS2_PLACEMENT_3D('',#8701,#8702,#8703);
#8701 = CARTESIAN_POINT('',(16.,-38.5,0.));
#8702 = DIRECTION('',(-1.,0.,0.));
#8703 = DIRECTION('',(0.,-1.,0.));
#8704 = ADVANCED_FACE('',(#8705),#8716,.F.);
#8705 = FACE_BOUND('',#8706,.F.);
#8706 = EDGE_LOOP('',(#8707,#8713,#8714,#8715));
#8707 = ORIENTED_EDGE('',*,*,#8708,.F.);
#8708 = EDGE_CURVE('',#8661,#8685,#8709,.T.);
#8709 = LINE('',#8710,#8711);
#8710 = CARTESIAN_POINT('',(-45.2,-129.5,0.));
#8711 = VECTOR('',#8712,1.);
#8712 = DIRECTION('',(1.,0.,0.));
#8713 = ORIENTED_EDGE('',*,*,#8668,.F.);
#8714 = ORIENTED_EDGE('',*,*,#1592,.F.);
#8715 = ORIENTED_EDGE('',*,*,#8694,.F.);
#8716 = PLANE('',#8717);
#8717 = AXIS2_PLACEMENT_3D('',#8718,#8719,#8720);
#8718 = CARTESIAN_POINT('',(-45.2,-129.5,0.));
#8719 = DIRECTION('',(0.,-1.,0.));
#8720 = DIRECTION('',(1.,0.,0.));
#8721 = ADVANCED_FACE('',(#8722),#8747,.T.);
#8722 = FACE_BOUND('',#8723,.T.);
#8723 = EDGE_LOOP('',(#8724,#8734,#8740,#8741));
#8724 = ORIENTED_EDGE('',*,*,#8725,.F.);
#8725 = EDGE_CURVE('',#8726,#8728,#8730,.T.);
#8726 = VERTEX_POINT('',#8727);
#8727 = CARTESIAN_POINT('',(19.,-201.5,0.));
#8728 = VERTEX_POINT('',#8729);
#8729 = CARTESIAN_POINT('',(19.,-198.5,0.));
#8730 = LINE('',#8731,#8732);
#8731 = CARTESIAN_POINT('',(19.,-201.5,0.));
#8732 = VECTOR('',#8733,1.);
#8733 = DIRECTION('',(0.,1.,0.));
#8734 = ORIENTED_EDGE('',*,*,#8735,.T.);
#8735 = EDGE_CURVE('',#8726,#1609,#8736,.T.);
#8736 = LINE('',#8737,#8738);
#8737 = CARTESIAN_POINT('',(19.,-201.5,0.));
#8738 = VECTOR('',#8739,1.);
#8739 = DIRECTION('',(-0.,-0.,-1.));
#8740 = ORIENTED_EDGE('',*,*,#1608,.T.);
#8741 = ORIENTED_EDGE('',*,*,#8742,.F.);
#8742 = EDGE_CURVE('',#8728,#1611,#8743,.T.);
#8743 = LINE('',#8744,#8745);
#8744 = CARTESIAN_POINT('',(19.,-198.5,0.));
#8745 = VECTOR('',#8746,1.);
#8746 = DIRECTION('',(0.,0.,-1.));
#8747 = PLANE('',#8748);
#8748 = AXIS2_PLACEMENT_3D('',#8749,#8750,#8751);
#8749 = CARTESIAN_POINT('',(19.,-201.5,0.));
#8750 = DIRECTION('',(1.,0.,0.));
#8751 = DIRECTION('',(0.,1.,0.));
#8752 = ADVANCED_FACE('',(#8753),#8771,.F.);
#8753 = FACE_BOUND('',#8754,.F.);
#8754 = EDGE_LOOP('',(#8755,#8763,#8764,#8765));
#8755 = ORIENTED_EDGE('',*,*,#8756,.F.);
#8756 = EDGE_CURVE('',#8726,#8757,#8759,.T.);
#8757 = VERTEX_POINT('',#8758);
#8758 = CARTESIAN_POINT('',(37.4,-201.5,0.));
#8759 = LINE('',#8760,#8761);
#8760 = CARTESIAN_POINT('',(-45.2,-201.5,0.));
#8761 = VECTOR('',#8762,1.);
#8762 = DIRECTION('',(1.,0.,0.));
#8763 = ORIENTED_EDGE('',*,*,#8735,.T.);
#8764 = ORIENTED_EDGE('',*,*,#1634,.F.);
#8765 = ORIENTED_EDGE('',*,*,#8766,.F.);
#8766 = EDGE_CURVE('',#8757,#1627,#8767,.T.);
#8767 = LINE('',#8768,#8769);
#8768 = CARTESIAN_POINT('',(37.4,-201.5,0.));
#8769 = VECTOR('',#8770,1.);
#8770 = DIRECTION('',(-0.,-0.,-1.));
#8771 = PLANE('',#8772);
#8772 = AXIS2_PLACEMENT_3D('',#8773,#8774,#8775);
#8773 = CARTESIAN_POINT('',(-45.2,-201.5,0.));
#8774 = DIRECTION('',(0.,-1.,0.));
#8775 = DIRECTION('',(1.,0.,0.));
#8776 = ADVANCED_FACE('',(#8777),#8795,.F.);
#8777 = FACE_BOUND('',#8778,.F.);
#8778 = EDGE_LOOP('',(#8779,#8787,#8793,#8794));
#8779 = ORIENTED_EDGE('',*,*,#8780,.F.);
#8780 = EDGE_CURVE('',#8781,#8728,#8783,.T.);
#8781 = VERTEX_POINT('',#8782);
#8782 = CARTESIAN_POINT('',(37.4,-198.5,0.));
#8783 = LINE('',#8784,#8785);
#8784 = CARTESIAN_POINT('',(58.8,-198.5,0.));
#8785 = VECTOR('',#8786,1.);
#8786 = DIRECTION('',(-1.,0.,0.));
#8787 = ORIENTED_EDGE('',*,*,#8788,.F.);
#8788 = EDGE_CURVE('',#1619,#8781,#8789,.T.);
#8789 = LINE('',#8790,#8791);
#8790 = CARTESIAN_POINT('',(37.4,-198.5,0.));
#8791 = VECTOR('',#8792,1.);
#8792 = DIRECTION('',(0.,0.,1.));
#8793 = ORIENTED_EDGE('',*,*,#1618,.F.);
#8794 = ORIENTED_EDGE('',*,*,#8742,.F.);
#8795 = PLANE('',#8796);
#8796 = AXIS2_PLACEMENT_3D('',#8797,#8798,#8799);
#8797 = CARTESIAN_POINT('',(58.8,-198.5,0.));
#8798 = DIRECTION('',(0.,1.,0.));
#8799 = DIRECTION('',(-1.,0.,0.));
#8800 = ADVANCED_FACE('',(#8801),#8812,.T.);
#8801 = FACE_BOUND('',#8802,.T.);
#8802 = EDGE_LOOP('',(#8803,#8809,#8810,#8811));
#8803 = ORIENTED_EDGE('',*,*,#8804,.F.);
#8804 = EDGE_CURVE('',#8781,#8757,#8805,.T.);
#8805 = LINE('',#8806,#8807);
#8806 = CARTESIAN_POINT('',(37.4,-38.5,0.));
#8807 = VECTOR('',#8808,1.);
#8808 = DIRECTION('',(0.,-1.,0.));
#8809 = ORIENTED_EDGE('',*,*,#8788,.F.);
#8810 = ORIENTED_EDGE('',*,*,#1626,.T.);
#8811 = ORIENTED_EDGE('',*,*,#8766,.F.);
#8812 = PLANE('',#8813);
#8813 = AXIS2_PLACEMENT_3D('',#8814,#8815,#8816);
#8814 = CARTESIAN_POINT('',(37.4,-38.5,0.));
#8815 = DIRECTION('',(-1.,0.,0.));
#8816 = DIRECTION('',(0.,-1.,0.));
#8817 = ADVANCED_FACE('',(#8818),#8843,.T.);
#8818 = FACE_BOUND('',#8819,.T.);
#8819 = EDGE_LOOP('',(#8820,#8830,#8836,#8837));
#8820 = ORIENTED_EDGE('',*,*,#8821,.F.);
#8821 = EDGE_CURVE('',#8822,#8824,#8826,.T.);
#8822 = VERTEX_POINT('',#8823);
#8823 = CARTESIAN_POINT('',(19.,-193.5,0.));
#8824 = VERTEX_POINT('',#8825);
#8825 = CARTESIAN_POINT('',(19.,-190.5,0.));
#8826 = LINE('',#8827,#8828);
#8827 = CARTESIAN_POINT('',(19.,-201.5,0.));
#8828 = VECTOR('',#8829,1.);
#8829 = DIRECTION('',(0.,1.,0.));
#8830 = ORIENTED_EDGE('',*,*,#8831,.F.);
#8831 = EDGE_CURVE('',#1643,#8822,#8832,.T.);
#8832 = LINE('',#8833,#8834);
#8833 = CARTESIAN_POINT('',(19.,-193.5,0.));
#8834 = VECTOR('',#8835,1.);
#8835 = DIRECTION('',(0.,0.,1.));
#8836 = ORIENTED_EDGE('',*,*,#1642,.T.);
#8837 = ORIENTED_EDGE('',*,*,#8838,.F.);
#8838 = EDGE_CURVE('',#8824,#1645,#8839,.T.);
#8839 = LINE('',#8840,#8841);
#8840 = CARTESIAN_POINT('',(19.,-190.5,0.));
#8841 = VECTOR('',#8842,1.);
#8842 = DIRECTION('',(0.,0.,-1.));
#8843 = PLANE('',#8844);
#8844 = AXIS2_PLACEMENT_3D('',#8845,#8846,#8847);
#8845 = CARTESIAN_POINT('',(19.,-201.5,0.));
#8846 = DIRECTION('',(1.,0.,0.));
#8847 = DIRECTION('',(0.,1.,0.));
#8848 = ADVANCED_FACE('',(#8849),#8867,.F.);
#8849 = FACE_BOUND('',#8850,.F.);
#8850 = EDGE_LOOP('',(#8851,#8859,#8860,#8861));
#8851 = ORIENTED_EDGE('',*,*,#8852,.F.);
#8852 = EDGE_CURVE('',#8822,#8853,#8855,.T.);
#8853 = VERTEX_POINT('',#8854);
#8854 = CARTESIAN_POINT('',(37.4,-193.5,0.));
#8855 = LINE('',#8856,#8857);
#8856 = CARTESIAN_POINT('',(-45.2,-193.5,0.));
#8857 = VECTOR('',#8858,1.);
#8858 = DIRECTION('',(1.,0.,0.));
#8859 = ORIENTED_EDGE('',*,*,#8831,.F.);
#8860 = ORIENTED_EDGE('',*,*,#1668,.F.);
#8861 = ORIENTED_EDGE('',*,*,#8862,.F.);
#8862 = EDGE_CURVE('',#8853,#1661,#8863,.T.);
#8863 = LINE('',#8864,#8865);
#8864 = CARTESIAN_POINT('',(37.4,-193.5,0.));
#8865 = VECTOR('',#8866,1.);
#8866 = DIRECTION('',(-0.,-0.,-1.));
#8867 = PLANE('',#8868);
#8868 = AXIS2_PLACEMENT_3D('',#8869,#8870,#8871);
#8869 = CARTESIAN_POINT('',(-45.2,-193.5,0.));
#8870 = DIRECTION('',(0.,-1.,0.));
#8871 = DIRECTION('',(1.,0.,0.));
#8872 = ADVANCED_FACE('',(#8873),#8891,.F.);
#8873 = FACE_BOUND('',#8874,.F.);
#8874 = EDGE_LOOP('',(#8875,#8883,#8889,#8890));
#8875 = ORIENTED_EDGE('',*,*,#8876,.F.);
#8876 = EDGE_CURVE('',#8877,#8824,#8879,.T.);
#8877 = VERTEX_POINT('',#8878);
#8878 = CARTESIAN_POINT('',(37.4,-190.5,0.));
#8879 = LINE('',#8880,#8881);
#8880 = CARTESIAN_POINT('',(58.8,-190.5,0.));
#8881 = VECTOR('',#8882,1.);
#8882 = DIRECTION('',(-1.,0.,0.));
#8883 = ORIENTED_EDGE('',*,*,#8884,.F.);
#8884 = EDGE_CURVE('',#1653,#8877,#8885,.T.);
#8885 = LINE('',#8886,#8887);
#8886 = CARTESIAN_POINT('',(37.4,-190.5,0.));
#8887 = VECTOR('',#8888,1.);
#8888 = DIRECTION('',(0.,0.,1.));
#8889 = ORIENTED_EDGE('',*,*,#1652,.F.);
#8890 = ORIENTED_EDGE('',*,*,#8838,.F.);
#8891 = PLANE('',#8892);
#8892 = AXIS2_PLACEMENT_3D('',#8893,#8894,#8895);
#8893 = CARTESIAN_POINT('',(58.8,-190.5,0.));
#8894 = DIRECTION('',(0.,1.,0.));
#8895 = DIRECTION('',(-1.,0.,0.));
#8896 = ADVANCED_FACE('',(#8897),#8908,.T.);
#8897 = FACE_BOUND('',#8898,.T.);
#8898 = EDGE_LOOP('',(#8899,#8905,#8906,#8907));
#8899 = ORIENTED_EDGE('',*,*,#8900,.F.);
#8900 = EDGE_CURVE('',#8877,#8853,#8901,.T.);
#8901 = LINE('',#8902,#8903);
#8902 = CARTESIAN_POINT('',(37.4,-38.5,0.));
#8903 = VECTOR('',#8904,1.);
#8904 = DIRECTION('',(0.,-1.,0.));
#8905 = ORIENTED_EDGE('',*,*,#8884,.F.);
#8906 = ORIENTED_EDGE('',*,*,#1660,.T.);
#8907 = ORIENTED_EDGE('',*,*,#8862,.F.);
#8908 = PLANE('',#8909);
#8909 = AXIS2_PLACEMENT_3D('',#8910,#8911,#8912);
#8910 = CARTESIAN_POINT('',(37.4,-38.5,0.));
#8911 = DIRECTION('',(-1.,0.,0.));
#8912 = DIRECTION('',(0.,-1.,0.));
#8913 = ADVANCED_FACE('',(#8914),#8939,.F.);
#8914 = FACE_BOUND('',#8915,.F.);
#8915 = EDGE_LOOP('',(#8916,#8926,#8932,#8933));
#8916 = ORIENTED_EDGE('',*,*,#8917,.F.);
#8917 = EDGE_CURVE('',#8918,#8920,#8922,.T.);
#8918 = VERTEX_POINT('',#8919);
#8919 = CARTESIAN_POINT('',(37.4,-182.5,0.));
#8920 = VERTEX_POINT('',#8921);
#8921 = CARTESIAN_POINT('',(19.,-182.5,0.));
#8922 = LINE('',#8923,#8924);
#8923 = CARTESIAN_POINT('',(58.8,-182.5,0.));
#8924 = VECTOR('',#8925,1.);
#8925 = DIRECTION('',(-1.,0.,0.));
#8926 = ORIENTED_EDGE('',*,*,#8927,.F.);
#8927 = EDGE_CURVE('',#1679,#8918,#8928,.T.);
#8928 = LINE('',#8929,#8930);
#8929 = CARTESIAN_POINT('',(37.4,-182.5,0.));
#8930 = VECTOR('',#8931,1.);
#8931 = DIRECTION('',(0.,0.,1.));
#8932 = ORIENTED_EDGE('',*,*,#1676,.F.);
#8933 = ORIENTED_EDGE('',*,*,#8934,.F.);
#8934 = EDGE_CURVE('',#8920,#1677,#8935,.T.);
#8935 = LINE('',#8936,#8937);
#8936 = CARTESIAN_POINT('',(19.,-182.5,0.));
#8937 = VECTOR('',#8938,1.);
#8938 = DIRECTION('',(0.,0.,-1.));
#8939 = PLANE('',#8940);
#8940 = AXIS2_PLACEMENT_3D('',#8941,#8942,#8943);
#8941 = CARTESIAN_POINT('',(58.8,-182.5,0.));
#8942 = DIRECTION('',(0.,1.,0.));
#8943 = DIRECTION('',(-1.,0.,0.));
#8944 = ADVANCED_FACE('',(#8945),#8963,.T.);
#8945 = FACE_BOUND('',#8946,.T.);
#8946 = EDGE_LOOP('',(#8947,#8955,#8961,#8962));
#8947 = ORIENTED_EDGE('',*,*,#8948,.F.);
#8948 = EDGE_CURVE('',#8949,#8920,#8951,.T.);
#8949 = VERTEX_POINT('',#8950);
#8950 = CARTESIAN_POINT('',(19.,-185.5,0.));
#8951 = LINE('',#8952,#8953);
#8952 = CARTESIAN_POINT('',(19.,-201.5,0.));
#8953 = VECTOR('',#8954,1.);
#8954 = DIRECTION('',(0.,1.,0.));
#8955 = ORIENTED_EDGE('',*,*,#8956,.F.);
#8956 = EDGE_CURVE('',#1695,#8949,#8957,.T.);
#8957 = LINE('',#8958,#8959);
#8958 = CARTESIAN_POINT('',(19.,-185.5,0.));
#8959 = VECTOR('',#8960,1.);
#8960 = DIRECTION('',(0.,0.,1.));
#8961 = ORIENTED_EDGE('',*,*,#1702,.T.);
#8962 = ORIENTED_EDGE('',*,*,#8934,.F.);
#8963 = PLANE('',#8964);
#8964 = AXIS2_PLACEMENT_3D('',#8965,#8966,#8967);
#8965 = CARTESIAN_POINT('',(19.,-201.5,0.));
#8966 = DIRECTION('',(1.,0.,0.));
#8967 = DIRECTION('',(0.,1.,0.));
#8968 = ADVANCED_FACE('',(#8969),#8987,.T.);
#8969 = FACE_BOUND('',#8970,.T.);
#8970 = EDGE_LOOP('',(#8971,#8979,#8980,#8981));
#8971 = ORIENTED_EDGE('',*,*,#8972,.F.);
#8972 = EDGE_CURVE('',#8918,#8973,#8975,.T.);
#8973 = VERTEX_POINT('',#8974);
#8974 = CARTESIAN_POINT('',(37.4,-185.5,0.));
#8975 = LINE('',#8976,#8977);
#8976 = CARTESIAN_POINT('',(37.4,-38.5,0.));
#8977 = VECTOR('',#8978,1.);
#8978 = DIRECTION('',(0.,-1.,0.));
#8979 = ORIENTED_EDGE('',*,*,#8927,.F.);
#8980 = ORIENTED_EDGE('',*,*,#1686,.T.);
#8981 = ORIENTED_EDGE('',*,*,#8982,.F.);
#8982 = EDGE_CURVE('',#8973,#1687,#8983,.T.);
#8983 = LINE('',#8984,#8985);
#8984 = CARTESIAN_POINT('',(37.4,-185.5,0.));
#8985 = VECTOR('',#8986,1.);
#8986 = DIRECTION('',(-0.,-0.,-1.));
#8987 = PLANE('',#8988);
#8988 = AXIS2_PLACEMENT_3D('',#8989,#8990,#8991);
#8989 = CARTESIAN_POINT('',(37.4,-38.5,0.));
#8990 = DIRECTION('',(-1.,0.,0.));
#8991 = DIRECTION('',(0.,-1.,0.));
#8992 = ADVANCED_FACE('',(#8993),#9004,.F.);
#8993 = FACE_BOUND('',#8994,.F.);
#8994 = EDGE_LOOP('',(#8995,#9001,#9002,#9003));
#8995 = ORIENTED_EDGE('',*,*,#8996,.F.);
#8996 = EDGE_CURVE('',#8949,#8973,#8997,.T.);
#8997 = LINE('',#8998,#8999);
#8998 = CARTESIAN_POINT('',(-45.2,-185.5,0.));
#8999 = VECTOR('',#9000,1.);
#9000 = DIRECTION('',(1.,0.,0.));
#9001 = ORIENTED_EDGE('',*,*,#8956,.F.);
#9002 = ORIENTED_EDGE('',*,*,#1694,.F.);
#9003 = ORIENTED_EDGE('',*,*,#8982,.F.);
#9004 = PLANE('',#9005);
#9005 = AXIS2_PLACEMENT_3D('',#9006,#9007,#9008);
#9006 = CARTESIAN_POINT('',(-45.2,-185.5,0.));
#9007 = DIRECTION('',(0.,-1.,0.));
#9008 = DIRECTION('',(1.,0.,0.));
#9009 = ADVANCED_FACE('',(#9010),#9029,.F.);
#9010 = FACE_BOUND('',#9011,.T.);
#9011 = EDGE_LOOP('',(#9012,#9020,#9021,#9022));
#9012 = ORIENTED_EDGE('',*,*,#9013,.F.);
#9013 = EDGE_CURVE('',#1711,#9014,#9016,.T.);
#9014 = VERTEX_POINT('',#9015);
#9015 = CARTESIAN_POINT('',(72.75,-236.,25.));
#9016 = LINE('',#9017,#9018);
#9017 = CARTESIAN_POINT('',(72.75,-236.,-3.));
#9018 = VECTOR('',#9019,1.);
#9019 = DIRECTION('',(0.,0.,1.));
#9020 = ORIENTED_EDGE('',*,*,#1710,.T.);
#9021 = ORIENTED_EDGE('',*,*,#9013,.T.);
#9022 = ORIENTED_EDGE('',*,*,#9023,.F.);
#9023 = EDGE_CURVE('',#9014,#9014,#9024,.T.);
#9024 = CIRCLE('',#9025,3.25);
#9025 = AXIS2_PLACEMENT_3D('',#9026,#9027,#9028);
#9026 = CARTESIAN_POINT('',(76.,-236.,25.));
#9027 = DIRECTION('',(0.,0.,-1.));
#9028 = DIRECTION('',(-1.,0.,0.));
#9029 = CYLINDRICAL_SURFACE('',#9030,3.25);
#9030 = AXIS2_PLACEMENT_3D('',#9031,#9032,#9033);
#9031 = CARTESIAN_POINT('',(76.,-236.,-3.));
#9032 = DIRECTION('',(0.,0.,1.));
#9033 = DIRECTION('',(-1.,0.,0.));
#9034 = ADVANCED_FACE('',(#9035),#9060,.F.);
#9035 = FACE_BOUND('',#9036,.F.);
#9036 = EDGE_LOOP('',(#9037,#9047,#9053,#9054));
#9037 = ORIENTED_EDGE('',*,*,#9038,.F.);
#9038 = EDGE_CURVE('',#9039,#9041,#9043,.T.);
#9039 = VERTEX_POINT('',#9040);
#9040 = CARTESIAN_POINT('',(40.4,-201.5,0.));
#9041 = VERTEX_POINT('',#9042);
#9042 = CARTESIAN_POINT('',(58.8,-201.5,0.));
#9043 = LINE('',#9044,#9045);
#9044 = CARTESIAN_POINT('',(-45.2,-201.5,0.));
#9045 = VECTOR('',#9046,1.);
#9046 = DIRECTION('',(1.,0.,0.));
#9047 = ORIENTED_EDGE('',*,*,#9048,.T.);
#9048 = EDGE_CURVE('',#9039,#1724,#9049,.T.);
#9049 = LINE('',#9050,#9051);
#9050 = CARTESIAN_POINT('',(40.4,-201.5,0.));
#9051 = VECTOR('',#9052,1.);
#9052 = DIRECTION('',(-0.,-0.,-1.));
#9053 = ORIENTED_EDGE('',*,*,#1721,.F.);
#9054 = ORIENTED_EDGE('',*,*,#9055,.F.);
#9055 = EDGE_CURVE('',#9041,#1722,#9056,.T.);
#9056 = LINE('',#9057,#9058);
#9057 = CARTESIAN_POINT('',(58.8,-201.5,0.));
#9058 = VECTOR('',#9059,1.);
#9059 = DIRECTION('',(-0.,-0.,-1.));
#9060 = PLANE('',#9061);
#9061 = AXIS2_PLACEMENT_3D('',#9062,#9063,#9064);
#9062 = CARTESIAN_POINT('',(-45.2,-201.5,0.));
#9063 = DIRECTION('',(0.,-1.,0.));
#9064 = DIRECTION('',(1.,0.,0.));
#9065 = ADVANCED_FACE('',(#9066),#9084,.F.);
#9066 = FACE_BOUND('',#9067,.F.);
#9067 = EDGE_LOOP('',(#9068,#9076,#9077,#9078));
#9068 = ORIENTED_EDGE('',*,*,#9069,.F.);
#9069 = EDGE_CURVE('',#9041,#9070,#9072,.T.);
#9070 = VERTEX_POINT('',#9071);
#9071 = CARTESIAN_POINT('',(58.8,-198.5,0.));
#9072 = LINE('',#9073,#9074);
#9073 = CARTESIAN_POINT('',(58.8,-201.5,0.));
#9074 = VECTOR('',#9075,1.);
#9075 = DIRECTION('',(0.,1.,0.));
#9076 = ORIENTED_EDGE('',*,*,#9055,.T.);
#9077 = ORIENTED_EDGE('',*,*,#1747,.F.);
#9078 = ORIENTED_EDGE('',*,*,#9079,.F.);
#9079 = EDGE_CURVE('',#9070,#1740,#9080,.T.);
#9080 = LINE('',#9081,#9082);
#9081 = CARTESIAN_POINT('',(58.8,-198.5,0.));
#9082 = VECTOR('',#9083,1.);
#9083 = DIRECTION('',(-0.,-0.,-1.));
#9084 = PLANE('',#9085);
#9085 = AXIS2_PLACEMENT_3D('',#9086,#9087,#9088);
#9086 = CARTESIAN_POINT('',(58.8,-201.5,0.));
#9087 = DIRECTION('',(1.,0.,0.));
#9088 = DIRECTION('',(0.,1.,0.));
#9089 = ADVANCED_FACE('',(#9090),#9108,.T.);
#9090 = FACE_BOUND('',#9091,.T.);
#9091 = EDGE_LOOP('',(#9092,#9100,#9101,#9102));
#9092 = ORIENTED_EDGE('',*,*,#9093,.F.);
#9093 = EDGE_CURVE('',#9039,#9094,#9096,.T.);
#9094 = VERTEX_POINT('',#9095);
#9095 = CARTESIAN_POINT('',(40.4,-198.5,0.));
#9096 = LINE('',#9097,#9098);
#9097 = CARTESIAN_POINT('',(40.4,-201.5,0.));
#9098 = VECTOR('',#9099,1.);
#9099 = DIRECTION('',(0.,1.,0.));
#9100 = ORIENTED_EDGE('',*,*,#9048,.T.);
#9101 = ORIENTED_EDGE('',*,*,#1731,.T.);
#9102 = ORIENTED_EDGE('',*,*,#9103,.F.);
#9103 = EDGE_CURVE('',#9094,#1732,#9104,.T.);
#9104 = LINE('',#9105,#9106);
#9105 = CARTESIAN_POINT('',(40.4,-198.5,0.));
#9106 = VECTOR('',#9107,1.);
#9107 = DIRECTION('',(0.,0.,-1.));
#9108 = PLANE('',#9109);
#9109 = AXIS2_PLACEMENT_3D('',#9110,#9111,#9112);
#9110 = CARTESIAN_POINT('',(40.4,-201.5,0.));
#9111 = DIRECTION('',(1.,0.,0.));
#9112 = DIRECTION('',(0.,1.,0.));
#9113 = ADVANCED_FACE('',(#9114),#9125,.F.);
#9114 = FACE_BOUND('',#9115,.F.);
#9115 = EDGE_LOOP('',(#9116,#9122,#9123,#9124));
#9116 = ORIENTED_EDGE('',*,*,#9117,.F.);
#9117 = EDGE_CURVE('',#9070,#9094,#9118,.T.);
#9118 = LINE('',#9119,#9120);
#9119 = CARTESIAN_POINT('',(58.8,-198.5,0.));
#9120 = VECTOR('',#9121,1.);
#9121 = DIRECTION('',(-1.,0.,0.));
#9122 = ORIENTED_EDGE('',*,*,#9079,.T.);
#9123 = ORIENTED_EDGE('',*,*,#1739,.F.);
#9124 = ORIENTED_EDGE('',*,*,#9103,.F.);
#9125 = PLANE('',#9126);
#9126 = AXIS2_PLACEMENT_3D('',#9127,#9128,#9129);
#9127 = CARTESIAN_POINT('',(58.8,-198.5,0.));
#9128 = DIRECTION('',(0.,1.,0.));
#9129 = DIRECTION('',(-1.,0.,0.));
#9130 = ADVANCED_FACE('',(#9131),#9156,.T.);
#9131 = FACE_BOUND('',#9132,.T.);
#9132 = EDGE_LOOP('',(#9133,#9143,#9149,#9150));
#9133 = ORIENTED_EDGE('',*,*,#9134,.F.);
#9134 = EDGE_CURVE('',#9135,#9137,#9139,.T.);
#9135 = VERTEX_POINT('',#9136);
#9136 = CARTESIAN_POINT('',(40.4,-193.5,0.));
#9137 = VERTEX_POINT('',#9138);
#9138 = CARTESIAN_POINT('',(40.4,-190.5,0.));
#9139 = LINE('',#9140,#9141);
#9140 = CARTESIAN_POINT('',(40.4,-201.5,0.));
#9141 = VECTOR('',#9142,1.);
#9142 = DIRECTION('',(0.,1.,0.));
#9143 = ORIENTED_EDGE('',*,*,#9144,.F.);
#9144 = EDGE_CURVE('',#1756,#9135,#9145,.T.);
#9145 = LINE('',#9146,#9147);
#9146 = CARTESIAN_POINT('',(40.4,-193.5,0.));
#9147 = VECTOR('',#9148,1.);
#9148 = DIRECTION('',(0.,0.,1.));
#9149 = ORIENTED_EDGE('',*,*,#1755,.T.);
#9150 = ORIENTED_EDGE('',*,*,#9151,.F.);
#9151 = EDGE_CURVE('',#9137,#1758,#9152,.T.);
#9152 = LINE('',#9153,#9154);
#9153 = CARTESIAN_POINT('',(40.4,-190.5,0.));
#9154 = VECTOR('',#9155,1.);
#9155 = DIRECTION('',(0.,0.,-1.));
#9156 = PLANE('',#9157);
#9157 = AXIS2_PLACEMENT_3D('',#9158,#9159,#9160);
#9158 = CARTESIAN_POINT('',(40.4,-201.5,0.));
#9159 = DIRECTION('',(1.,0.,0.));
#9160 = DIRECTION('',(0.,1.,0.));
#9161 = ADVANCED_FACE('',(#9162),#9180,.F.);
#9162 = FACE_BOUND('',#9163,.F.);
#9163 = EDGE_LOOP('',(#9164,#9172,#9173,#9174));
#9164 = ORIENTED_EDGE('',*,*,#9165,.F.);
#9165 = EDGE_CURVE('',#9135,#9166,#9168,.T.);
#9166 = VERTEX_POINT('',#9167);
#9167 = CARTESIAN_POINT('',(58.8,-193.5,0.));
#9168 = LINE('',#9169,#9170);
#9169 = CARTESIAN_POINT('',(-45.2,-193.5,0.));
#9170 = VECTOR('',#9171,1.);
#9171 = DIRECTION('',(1.,0.,0.));
#9172 = ORIENTED_EDGE('',*,*,#9144,.F.);
#9173 = ORIENTED_EDGE('',*,*,#1781,.F.);
#9174 = ORIENTED_EDGE('',*,*,#9175,.F.);
#9175 = EDGE_CURVE('',#9166,#1774,#9176,.T.);
#9176 = LINE('',#9177,#9178);
#9177 = CARTESIAN_POINT('',(58.8,-193.5,0.));
#9178 = VECTOR('',#9179,1.);
#9179 = DIRECTION('',(-0.,-0.,-1.));
#9180 = PLANE('',#9181);
#9181 = AXIS2_PLACEMENT_3D('',#9182,#9183,#9184);
#9182 = CARTESIAN_POINT('',(-45.2,-193.5,0.));
#9183 = DIRECTION('',(0.,-1.,0.));
#9184 = DIRECTION('',(1.,0.,0.));
#9185 = ADVANCED_FACE('',(#9186),#9204,.F.);
#9186 = FACE_BOUND('',#9187,.F.);
#9187 = EDGE_LOOP('',(#9188,#9196,#9202,#9203));
#9188 = ORIENTED_EDGE('',*,*,#9189,.F.);
#9189 = EDGE_CURVE('',#9190,#9137,#9192,.T.);
#9190 = VERTEX_POINT('',#9191);
#9191 = CARTESIAN_POINT('',(58.8,-190.5,0.));
#9192 = LINE('',#9193,#9194);
#9193 = CARTESIAN_POINT('',(58.8,-190.5,0.));
#9194 = VECTOR('',#9195,1.);
#9195 = DIRECTION('',(-1.,0.,0.));
#9196 = ORIENTED_EDGE('',*,*,#9197,.T.);
#9197 = EDGE_CURVE('',#9190,#1766,#9198,.T.);
#9198 = LINE('',#9199,#9200);
#9199 = CARTESIAN_POINT('',(58.8,-190.5,0.));
#9200 = VECTOR('',#9201,1.);
#9201 = DIRECTION('',(-0.,-0.,-1.));
#9202 = ORIENTED_EDGE('',*,*,#1765,.F.);
#9203 = ORIENTED_EDGE('',*,*,#9151,.F.);
#9204 = PLANE('',#9205);
#9205 = AXIS2_PLACEMENT_3D('',#9206,#9207,#9208);
#9206 = CARTESIAN_POINT('',(58.8,-190.5,0.));
#9207 = DIRECTION('',(0.,1.,0.));
#9208 = DIRECTION('',(-1.,0.,0.));
#9209 = ADVANCED_FACE('',(#9210),#9221,.F.);
#9210 = FACE_BOUND('',#9211,.F.);
#9211 = EDGE_LOOP('',(#9212,#9218,#9219,#9220));
#9212 = ORIENTED_EDGE('',*,*,#9213,.F.);
#9213 = EDGE_CURVE('',#9166,#9190,#9214,.T.);
#9214 = LINE('',#9215,#9216);
#9215 = CARTESIAN_POINT('',(58.8,-193.5,0.));
#9216 = VECTOR('',#9217,1.);
#9217 = DIRECTION('',(0.,1.,0.));
#9218 = ORIENTED_EDGE('',*,*,#9175,.T.);
#9219 = ORIENTED_EDGE('',*,*,#1773,.F.);
#9220 = ORIENTED_EDGE('',*,*,#9197,.F.);
#9221 = PLANE('',#9222);
#9222 = AXIS2_PLACEMENT_3D('',#9223,#9224,#9225);
#9223 = CARTESIAN_POINT('',(58.8,-193.5,0.));
#9224 = DIRECTION('',(1.,0.,0.));
#9225 = DIRECTION('',(0.,1.,0.));
#9226 = ADVANCED_FACE('',(#9227),#9252,.T.);
#9227 = FACE_BOUND('',#9228,.T.);
#9228 = EDGE_LOOP('',(#9229,#9239,#9245,#9246));
#9229 = ORIENTED_EDGE('',*,*,#9230,.F.);
#9230 = EDGE_CURVE('',#9231,#9233,#9235,.T.);
#9231 = VERTEX_POINT('',#9232);
#9232 = CARTESIAN_POINT('',(40.4,-185.5,0.));
#9233 = VERTEX_POINT('',#9234);
#9234 = CARTESIAN_POINT('',(40.4,-182.5,0.));
#9235 = LINE('',#9236,#9237);
#9236 = CARTESIAN_POINT('',(40.4,-201.5,0.));
#9237 = VECTOR('',#9238,1.);
#9238 = DIRECTION('',(0.,1.,0.));
#9239 = ORIENTED_EDGE('',*,*,#9240,.F.);
#9240 = EDGE_CURVE('',#1790,#9231,#9241,.T.);
#9241 = LINE('',#9242,#9243);
#9242 = CARTESIAN_POINT('',(40.4,-185.5,0.));
#9243 = VECTOR('',#9244,1.);
#9244 = DIRECTION('',(0.,0.,1.));
#9245 = ORIENTED_EDGE('',*,*,#1789,.T.);
#9246 = ORIENTED_EDGE('',*,*,#9247,.F.);
#9247 = EDGE_CURVE('',#9233,#1792,#9248,.T.);
#9248 = LINE('',#9249,#9250);
#9249 = CARTESIAN_POINT('',(40.4,-182.5,0.));
#9250 = VECTOR('',#9251,1.);
#9251 = DIRECTION('',(0.,0.,-1.));
#9252 = PLANE('',#9253);
#9253 = AXIS2_PLACEMENT_3D('',#9254,#9255,#9256);
#9254 = CARTESIAN_POINT('',(40.4,-201.5,0.));
#9255 = DIRECTION('',(1.,0.,0.));
#9256 = DIRECTION('',(0.,1.,0.));
#9257 = ADVANCED_FACE('',(#9258),#9276,.F.);
#9258 = FACE_BOUND('',#9259,.F.);
#9259 = EDGE_LOOP('',(#9260,#9268,#9269,#9270));
#9260 = ORIENTED_EDGE('',*,*,#9261,.F.);
#9261 = EDGE_CURVE('',#9231,#9262,#9264,.T.);
#9262 = VERTEX_POINT('',#9263);
#9263 = CARTESIAN_POINT('',(58.8,-185.5,0.));
#9264 = LINE('',#9265,#9266);
#9265 = CARTESIAN_POINT('',(-45.2,-185.5,0.));
#9266 = VECTOR('',#9267,1.);
#9267 = DIRECTION('',(1.,0.,0.));
#9268 = ORIENTED_EDGE('',*,*,#9240,.F.);
#9269 = ORIENTED_EDGE('',*,*,#1815,.F.);
#9270 = ORIENTED_EDGE('',*,*,#9271,.F.);
#9271 = EDGE_CURVE('',#9262,#1808,#9272,.T.);
#9272 = LINE('',#9273,#9274);
#9273 = CARTESIAN_POINT('',(58.8,-185.5,0.));
#9274 = VECTOR('',#9275,1.);
#9275 = DIRECTION('',(-0.,-0.,-1.));
#9276 = PLANE('',#9277);
#9277 = AXIS2_PLACEMENT_3D('',#9278,#9279,#9280);
#9278 = CARTESIAN_POINT('',(-45.2,-185.5,0.));
#9279 = DIRECTION('',(0.,-1.,0.));
#9280 = DIRECTION('',(1.,0.,0.));
#9281 = ADVANCED_FACE('',(#9282),#9300,.F.);
#9282 = FACE_BOUND('',#9283,.F.);
#9283 = EDGE_LOOP('',(#9284,#9292,#9298,#9299));
#9284 = ORIENTED_EDGE('',*,*,#9285,.F.);
#9285 = EDGE_CURVE('',#9286,#9233,#9288,.T.);
#9286 = VERTEX_POINT('',#9287);
#9287 = CARTESIAN_POINT('',(58.8,-182.5,0.));
#9288 = LINE('',#9289,#9290);
#9289 = CARTESIAN_POINT('',(58.8,-182.5,0.));
#9290 = VECTOR('',#9291,1.);
#9291 = DIRECTION('',(-1.,0.,0.));
#9292 = ORIENTED_EDGE('',*,*,#9293,.T.);
#9293 = EDGE_CURVE('',#9286,#1800,#9294,.T.);
#9294 = LINE('',#9295,#9296);
#9295 = CARTESIAN_POINT('',(58.8,-182.5,0.));
#9296 = VECTOR('',#9297,1.);
#9297 = DIRECTION('',(-0.,-0.,-1.));
#9298 = ORIENTED_EDGE('',*,*,#1799,.F.);
#9299 = ORIENTED_EDGE('',*,*,#9247,.F.);
#9300 = PLANE('',#9301);
#9301 = AXIS2_PLACEMENT_3D('',#9302,#9303,#9304);
#9302 = CARTESIAN_POINT('',(58.8,-182.5,0.));
#9303 = DIRECTION('',(0.,1.,0.));
#9304 = DIRECTION('',(-1.,0.,0.));
#9305 = ADVANCED_FACE('',(#9306),#9317,.F.);
#9306 = FACE_BOUND('',#9307,.F.);
#9307 = EDGE_LOOP('',(#9308,#9314,#9315,#9316));
#9308 = ORIENTED_EDGE('',*,*,#9309,.F.);
#9309 = EDGE_CURVE('',#9262,#9286,#9310,.T.);
#9310 = LINE('',#9311,#9312);
#9311 = CARTESIAN_POINT('',(58.8,-185.5,0.));
#9312 = VECTOR('',#9313,1.);
#9313 = DIRECTION('',(0.,1.,0.));
#9314 = ORIENTED_EDGE('',*,*,#9271,.T.);
#9315 = ORIENTED_EDGE('',*,*,#1807,.F.);
#9316 = ORIENTED_EDGE('',*,*,#9293,.F.);
#9317 = PLANE('',#9318);
#9318 = AXIS2_PLACEMENT_3D('',#9319,#9320,#9321);
#9319 = CARTESIAN_POINT('',(58.8,-185.5,0.));
#9320 = DIRECTION('',(1.,0.,0.));
#9321 = DIRECTION('',(0.,1.,0.));
#9322 = ADVANCED_FACE('',(#9323),#9348,.F.);
#9323 = FACE_BOUND('',#9324,.F.);
#9324 = EDGE_LOOP('',(#9325,#9335,#9341,#9342));
#9325 = ORIENTED_EDGE('',*,*,#9326,.F.);
#9326 = EDGE_CURVE('',#9327,#9329,#9331,.T.);
#9327 = VERTEX_POINT('',#9328);
#9328 = CARTESIAN_POINT('',(37.4,-174.5,0.));
#9329 = VERTEX_POINT('',#9330);
#9330 = CARTESIAN_POINT('',(19.,-174.5,0.));
#9331 = LINE('',#9332,#9333);
#9332 = CARTESIAN_POINT('',(58.8,-174.5,0.));
#9333 = VECTOR('',#9334,1.);
#9334 = DIRECTION('',(-1.,0.,0.));
#9335 = ORIENTED_EDGE('',*,*,#9336,.F.);
#9336 = EDGE_CURVE('',#1826,#9327,#9337,.T.);
#9337 = LINE('',#9338,#9339);
#9338 = CARTESIAN_POINT('',(37.4,-174.5,0.));
#9339 = VECTOR('',#9340,1.);
#9340 = DIRECTION('',(0.,0.,1.));
#9341 = ORIENTED_EDGE('',*,*,#1823,.F.);
#9342 = ORIENTED_EDGE('',*,*,#9343,.F.);
#9343 = EDGE_CURVE('',#9329,#1824,#9344,.T.);
#9344 = LINE('',#9345,#9346);
#9345 = CARTESIAN_POINT('',(19.,-174.5,0.));
#9346 = VECTOR('',#9347,1.);
#9347 = DIRECTION('',(0.,0.,-1.));
#9348 = PLANE('',#9349);
#9349 = AXIS2_PLACEMENT_3D('',#9350,#9351,#9352);
#9350 = CARTESIAN_POINT('',(58.8,-174.5,0.));
#9351 = DIRECTION('',(0.,1.,0.));
#9352 = DIRECTION('',(-1.,0.,0.));
#9353 = ADVANCED_FACE('',(#9354),#9372,.T.);
#9354 = FACE_BOUND('',#9355,.T.);
#9355 = EDGE_LOOP('',(#9356,#9364,#9370,#9371));
#9356 = ORIENTED_EDGE('',*,*,#9357,.F.);
#9357 = EDGE_CURVE('',#9358,#9329,#9360,.T.);
#9358 = VERTEX_POINT('',#9359);
#9359 = CARTESIAN_POINT('',(19.,-177.5,0.));
#9360 = LINE('',#9361,#9362);
#9361 = CARTESIAN_POINT('',(19.,-201.5,0.));
#9362 = VECTOR('',#9363,1.);
#9363 = DIRECTION('',(0.,1.,0.));
#9364 = ORIENTED_EDGE('',*,*,#9365,.F.);
#9365 = EDGE_CURVE('',#1842,#9358,#9366,.T.);
#9366 = LINE('',#9367,#9368);
#9367 = CARTESIAN_POINT('',(19.,-177.5,0.));
#9368 = VECTOR('',#9369,1.);
#9369 = DIRECTION('',(0.,0.,1.));
#9370 = ORIENTED_EDGE('',*,*,#1849,.T.);
#9371 = ORIENTED_EDGE('',*,*,#9343,.F.);
#9372 = PLANE('',#9373);
#9373 = AXIS2_PLACEMENT_3D('',#9374,#9375,#9376);
#9374 = CARTESIAN_POINT('',(19.,-201.5,0.));
#9375 = DIRECTION('',(1.,0.,0.));
#9376 = DIRECTION('',(0.,1.,0.));
#9377 = ADVANCED_FACE('',(#9378),#9396,.T.);
#9378 = FACE_BOUND('',#9379,.T.);
#9379 = EDGE_LOOP('',(#9380,#9388,#9389,#9390));
#9380 = ORIENTED_EDGE('',*,*,#9381,.F.);
#9381 = EDGE_CURVE('',#9327,#9382,#9384,.T.);
#9382 = VERTEX_POINT('',#9383);
#9383 = CARTESIAN_POINT('',(37.4,-177.5,0.));
#9384 = LINE('',#9385,#9386);
#9385 = CARTESIAN_POINT('',(37.4,-38.5,0.));
#9386 = VECTOR('',#9387,1.);
#9387 = DIRECTION('',(0.,-1.,0.));
#9388 = ORIENTED_EDGE('',*,*,#9336,.F.);
#9389 = ORIENTED_EDGE('',*,*,#1833,.T.);
#9390 = ORIENTED_EDGE('',*,*,#9391,.F.);
#9391 = EDGE_CURVE('',#9382,#1834,#9392,.T.);
#9392 = LINE('',#9393,#9394);
#9393 = CARTESIAN_POINT('',(37.4,-177.5,0.));
#9394 = VECTOR('',#9395,1.);
#9395 = DIRECTION('',(-0.,-0.,-1.));
#9396 = PLANE('',#9397);
#9397 = AXIS2_PLACEMENT_3D('',#9398,#9399,#9400);
#9398 = CARTESIAN_POINT('',(37.4,-38.5,0.));
#9399 = DIRECTION('',(-1.,0.,0.));
#9400 = DIRECTION('',(0.,-1.,0.));
#9401 = ADVANCED_FACE('',(#9402),#9413,.F.);
#9402 = FACE_BOUND('',#9403,.F.);
#9403 = EDGE_LOOP('',(#9404,#9410,#9411,#9412));
#9404 = ORIENTED_EDGE('',*,*,#9405,.F.);
#9405 = EDGE_CURVE('',#9358,#9382,#9406,.T.);
#9406 = LINE('',#9407,#9408);
#9407 = CARTESIAN_POINT('',(-45.2,-177.5,0.));
#9408 = VECTOR('',#9409,1.);
#9409 = DIRECTION('',(1.,0.,0.));
#9410 = ORIENTED_EDGE('',*,*,#9365,.F.);
#9411 = ORIENTED_EDGE('',*,*,#1841,.F.);
#9412 = ORIENTED_EDGE('',*,*,#9391,.F.);
#9413 = PLANE('',#9414);
#9414 = AXIS2_PLACEMENT_3D('',#9415,#9416,#9417);
#9415 = CARTESIAN_POINT('',(-45.2,-177.5,0.));
#9416 = DIRECTION('',(0.,-1.,0.));
#9417 = DIRECTION('',(1.,0.,0.));
#9418 = ADVANCED_FACE('',(#9419),#9444,.F.);
#9419 = FACE_BOUND('',#9420,.F.);
#9420 = EDGE_LOOP('',(#9421,#9431,#9437,#9438));
#9421 = ORIENTED_EDGE('',*,*,#9422,.F.);
#9422 = EDGE_CURVE('',#9423,#9425,#9427,.T.);
#9423 = VERTEX_POINT('',#9424);
#9424 = CARTESIAN_POINT('',(37.4,-166.5,0.));
#9425 = VERTEX_POINT('',#9426);
#9426 = CARTESIAN_POINT('',(19.,-166.5,0.));
#9427 = LINE('',#9428,#9429);
#9428 = CARTESIAN_POINT('',(58.8,-166.5,0.));
#9429 = VECTOR('',#9430,1.);
#9430 = DIRECTION('',(-1.,0.,0.));
#9431 = ORIENTED_EDGE('',*,*,#9432,.F.);
#9432 = EDGE_CURVE('',#1860,#9423,#9433,.T.);
#9433 = LINE('',#9434,#9435);
#9434 = CARTESIAN_POINT('',(37.4,-166.5,0.));
#9435 = VECTOR('',#9436,1.);
#9436 = DIRECTION('',(0.,0.,1.));
#9437 = ORIENTED_EDGE('',*,*,#1857,.F.);
#9438 = ORIENTED_EDGE('',*,*,#9439,.F.);
#9439 = EDGE_CURVE('',#9425,#1858,#9440,.T.);
#9440 = LINE('',#9441,#9442);
#9441 = CARTESIAN_POINT('',(19.,-166.5,0.));
#9442 = VECTOR('',#9443,1.);
#9443 = DIRECTION('',(0.,0.,-1.));
#9444 = PLANE('',#9445);
#9445 = AXIS2_PLACEMENT_3D('',#9446,#9447,#9448);
#9446 = CARTESIAN_POINT('',(58.8,-166.5,0.));
#9447 = DIRECTION('',(0.,1.,0.));
#9448 = DIRECTION('',(-1.,0.,0.));
#9449 = ADVANCED_FACE('',(#9450),#9468,.T.);
#9450 = FACE_BOUND('',#9451,.T.);
#9451 = EDGE_LOOP('',(#9452,#9460,#9466,#9467));
#9452 = ORIENTED_EDGE('',*,*,#9453,.F.);
#9453 = EDGE_CURVE('',#9454,#9425,#9456,.T.);
#9454 = VERTEX_POINT('',#9455);
#9455 = CARTESIAN_POINT('',(19.,-169.5,0.));
#9456 = LINE('',#9457,#9458);
#9457 = CARTESIAN_POINT('',(19.,-201.5,0.));
#9458 = VECTOR('',#9459,1.);
#9459 = DIRECTION('',(0.,1.,0.));
#9460 = ORIENTED_EDGE('',*,*,#9461,.F.);
#9461 = EDGE_CURVE('',#1876,#9454,#9462,.T.);
#9462 = LINE('',#9463,#9464);
#9463 = CARTESIAN_POINT('',(19.,-169.5,0.));
#9464 = VECTOR('',#9465,1.);
#9465 = DIRECTION('',(0.,0.,1.));
#9466 = ORIENTED_EDGE('',*,*,#1883,.T.);
#9467 = ORIENTED_EDGE('',*,*,#9439,.F.);
#9468 = PLANE('',#9469);
#9469 = AXIS2_PLACEMENT_3D('',#9470,#9471,#9472);
#9470 = CARTESIAN_POINT('',(19.,-201.5,0.));
#9471 = DIRECTION('',(1.,0.,0.));
#9472 = DIRECTION('',(0.,1.,0.));
#9473 = ADVANCED_FACE('',(#9474),#9492,.T.);
#9474 = FACE_BOUND('',#9475,.T.);
#9475 = EDGE_LOOP('',(#9476,#9484,#9485,#9486));
#9476 = ORIENTED_EDGE('',*,*,#9477,.F.);
#9477 = EDGE_CURVE('',#9423,#9478,#9480,.T.);
#9478 = VERTEX_POINT('',#9479);
#9479 = CARTESIAN_POINT('',(37.4,-169.5,0.));
#9480 = LINE('',#9481,#9482);
#9481 = CARTESIAN_POINT('',(37.4,-38.5,0.));
#9482 = VECTOR('',#9483,1.);
#9483 = DIRECTION('',(0.,-1.,0.));
#9484 = ORIENTED_EDGE('',*,*,#9432,.F.);
#9485 = ORIENTED_EDGE('',*,*,#1867,.T.);
#9486 = ORIENTED_EDGE('',*,*,#9487,.F.);
#9487 = EDGE_CURVE('',#9478,#1868,#9488,.T.);
#9488 = LINE('',#9489,#9490);
#9489 = CARTESIAN_POINT('',(37.4,-169.5,0.));
#9490 = VECTOR('',#9491,1.);
#9491 = DIRECTION('',(-0.,-0.,-1.));
#9492 = PLANE('',#9493);
#9493 = AXIS2_PLACEMENT_3D('',#9494,#9495,#9496);
#9494 = CARTESIAN_POINT('',(37.4,-38.5,0.));
#9495 = DIRECTION('',(-1.,0.,0.));
#9496 = DIRECTION('',(0.,-1.,0.));
#9497 = ADVANCED_FACE('',(#9498),#9509,.F.);
#9498 = FACE_BOUND('',#9499,.F.);
#9499 = EDGE_LOOP('',(#9500,#9506,#9507,#9508));
#9500 = ORIENTED_EDGE('',*,*,#9501,.F.);
#9501 = EDGE_CURVE('',#9454,#9478,#9502,.T.);
#9502 = LINE('',#9503,#9504);
#9503 = CARTESIAN_POINT('',(-45.2,-169.5,0.));
#9504 = VECTOR('',#9505,1.);
#9505 = DIRECTION('',(1.,0.,0.));
#9506 = ORIENTED_EDGE('',*,*,#9461,.F.);
#9507 = ORIENTED_EDGE('',*,*,#1875,.F.);
#9508 = ORIENTED_EDGE('',*,*,#9487,.F.);
#9509 = PLANE('',#9510);
#9510 = AXIS2_PLACEMENT_3D('',#9511,#9512,#9513);
#9511 = CARTESIAN_POINT('',(-45.2,-169.5,0.));
#9512 = DIRECTION('',(0.,-1.,0.));
#9513 = DIRECTION('',(1.,0.,0.));
#9514 = ADVANCED_FACE('',(#9515),#9540,.F.);
#9515 = FACE_BOUND('',#9516,.F.);
#9516 = EDGE_LOOP('',(#9517,#9527,#9533,#9534));
#9517 = ORIENTED_EDGE('',*,*,#9518,.F.);
#9518 = EDGE_CURVE('',#9519,#9521,#9523,.T.);
#9519 = VERTEX_POINT('',#9520);
#9520 = CARTESIAN_POINT('',(37.4,-158.5,0.));
#9521 = VERTEX_POINT('',#9522);
#9522 = CARTESIAN_POINT('',(19.,-158.5,0.));
#9523 = LINE('',#9524,#9525);
#9524 = CARTESIAN_POINT('',(58.8,-158.5,0.));
#9525 = VECTOR('',#9526,1.);
#9526 = DIRECTION('',(-1.,0.,0.));
#9527 = ORIENTED_EDGE('',*,*,#9528,.F.);
#9528 = EDGE_CURVE('',#1894,#9519,#9529,.T.);
#9529 = LINE('',#9530,#9531);
#9530 = CARTESIAN_POINT('',(37.4,-158.5,0.));
#9531 = VECTOR('',#9532,1.);
#9532 = DIRECTION('',(0.,0.,1.));
#9533 = ORIENTED_EDGE('',*,*,#1891,.F.);
#9534 = ORIENTED_EDGE('',*,*,#9535,.F.);
#9535 = EDGE_CURVE('',#9521,#1892,#9536,.T.);
#9536 = LINE('',#9537,#9538);
#9537 = CARTESIAN_POINT('',(19.,-158.5,0.));
#9538 = VECTOR('',#9539,1.);
#9539 = DIRECTION('',(0.,0.,-1.));
#9540 = PLANE('',#9541);
#9541 = AXIS2_PLACEMENT_3D('',#9542,#9543,#9544);
#9542 = CARTESIAN_POINT('',(58.8,-158.5,0.));
#9543 = DIRECTION('',(0.,1.,0.));
#9544 = DIRECTION('',(-1.,0.,0.));
#9545 = ADVANCED_FACE('',(#9546),#9564,.T.);
#9546 = FACE_BOUND('',#9547,.T.);
#9547 = EDGE_LOOP('',(#9548,#9556,#9562,#9563));
#9548 = ORIENTED_EDGE('',*,*,#9549,.F.);
#9549 = EDGE_CURVE('',#9550,#9521,#9552,.T.);
#9550 = VERTEX_POINT('',#9551);
#9551 = CARTESIAN_POINT('',(19.,-161.5,0.));
#9552 = LINE('',#9553,#9554);
#9553 = CARTESIAN_POINT('',(19.,-201.5,0.));
#9554 = VECTOR('',#9555,1.);
#9555 = DIRECTION('',(0.,1.,0.));
#9556 = ORIENTED_EDGE('',*,*,#9557,.F.);
#9557 = EDGE_CURVE('',#1910,#9550,#9558,.T.);
#9558 = LINE('',#9559,#9560);
#9559 = CARTESIAN_POINT('',(19.,-161.5,0.));
#9560 = VECTOR('',#9561,1.);
#9561 = DIRECTION('',(0.,0.,1.));
#9562 = ORIENTED_EDGE('',*,*,#1917,.T.);
#9563 = ORIENTED_EDGE('',*,*,#9535,.F.);
#9564 = PLANE('',#9565);
#9565 = AXIS2_PLACEMENT_3D('',#9566,#9567,#9568);
#9566 = CARTESIAN_POINT('',(19.,-201.5,0.));
#9567 = DIRECTION('',(1.,0.,0.));
#9568 = DIRECTION('',(0.,1.,0.));
#9569 = ADVANCED_FACE('',(#9570),#9588,.T.);
#9570 = FACE_BOUND('',#9571,.T.);
#9571 = EDGE_LOOP('',(#9572,#9580,#9581,#9582));
#9572 = ORIENTED_EDGE('',*,*,#9573,.F.);
#9573 = EDGE_CURVE('',#9519,#9574,#9576,.T.);
#9574 = VERTEX_POINT('',#9575);
#9575 = CARTESIAN_POINT('',(37.4,-161.5,0.));
#9576 = LINE('',#9577,#9578);
#9577 = CARTESIAN_POINT('',(37.4,-38.5,0.));
#9578 = VECTOR('',#9579,1.);
#9579 = DIRECTION('',(0.,-1.,0.));
#9580 = ORIENTED_EDGE('',*,*,#9528,.F.);
#9581 = ORIENTED_EDGE('',*,*,#1901,.T.);
#9582 = ORIENTED_EDGE('',*,*,#9583,.F.);
#9583 = EDGE_CURVE('',#9574,#1902,#9584,.T.);
#9584 = LINE('',#9585,#9586);
#9585 = CARTESIAN_POINT('',(37.4,-161.5,0.));
#9586 = VECTOR('',#9587,1.);
#9587 = DIRECTION('',(-0.,-0.,-1.));
#9588 = PLANE('',#9589);
#9589 = AXIS2_PLACEMENT_3D('',#9590,#9591,#9592);
#9590 = CARTESIAN_POINT('',(37.4,-38.5,0.));
#9591 = DIRECTION('',(-1.,0.,0.));
#9592 = DIRECTION('',(0.,-1.,0.));
#9593 = ADVANCED_FACE('',(#9594),#9605,.F.);
#9594 = FACE_BOUND('',#9595,.F.);
#9595 = EDGE_LOOP('',(#9596,#9602,#9603,#9604));
#9596 = ORIENTED_EDGE('',*,*,#9597,.F.);
#9597 = EDGE_CURVE('',#9550,#9574,#9598,.T.);
#9598 = LINE('',#9599,#9600);
#9599 = CARTESIAN_POINT('',(-45.2,-161.5,0.));
#9600 = VECTOR('',#9601,1.);
#9601 = DIRECTION('',(1.,0.,0.));
#9602 = ORIENTED_EDGE('',*,*,#9557,.F.);
#9603 = ORIENTED_EDGE('',*,*,#1909,.F.);
#9604 = ORIENTED_EDGE('',*,*,#9583,.F.);
#9605 = PLANE('',#9606);
#9606 = AXIS2_PLACEMENT_3D('',#9607,#9608,#9609);
#9607 = CARTESIAN_POINT('',(-45.2,-161.5,0.));
#9608 = DIRECTION('',(0.,-1.,0.));
#9609 = DIRECTION('',(1.,0.,0.));
#9610 = ADVANCED_FACE('',(#9611),#9636,.F.);
#9611 = FACE_BOUND('',#9612,.F.);
#9612 = EDGE_LOOP('',(#9613,#9623,#9629,#9630));
#9613 = ORIENTED_EDGE('',*,*,#9614,.F.);
#9614 = EDGE_CURVE('',#9615,#9617,#9619,.T.);
#9615 = VERTEX_POINT('',#9616);
#9616 = CARTESIAN_POINT('',(37.4,-150.5,0.));
#9617 = VERTEX_POINT('',#9618);
#9618 = CARTESIAN_POINT('',(19.,-150.5,0.));
#9619 = LINE('',#9620,#9621);
#9620 = CARTESIAN_POINT('',(58.8,-150.5,0.));
#9621 = VECTOR('',#9622,1.);
#9622 = DIRECTION('',(-1.,0.,0.));
#9623 = ORIENTED_EDGE('',*,*,#9624,.F.);
#9624 = EDGE_CURVE('',#1928,#9615,#9625,.T.);
#9625 = LINE('',#9626,#9627);
#9626 = CARTESIAN_POINT('',(37.4,-150.5,0.));
#9627 = VECTOR('',#9628,1.);
#9628 = DIRECTION('',(0.,0.,1.));
#9629 = ORIENTED_EDGE('',*,*,#1925,.F.);
#9630 = ORIENTED_EDGE('',*,*,#9631,.F.);
#9631 = EDGE_CURVE('',#9617,#1926,#9632,.T.);
#9632 = LINE('',#9633,#9634);
#9633 = CARTESIAN_POINT('',(19.,-150.5,0.));
#9634 = VECTOR('',#9635,1.);
#9635 = DIRECTION('',(0.,0.,-1.));
#9636 = PLANE('',#9637);
#9637 = AXIS2_PLACEMENT_3D('',#9638,#9639,#9640);
#9638 = CARTESIAN_POINT('',(58.8,-150.5,0.));
#9639 = DIRECTION('',(0.,1.,0.));
#9640 = DIRECTION('',(-1.,0.,0.));
#9641 = ADVANCED_FACE('',(#9642),#9660,.T.);
#9642 = FACE_BOUND('',#9643,.T.);
#9643 = EDGE_LOOP('',(#9644,#9652,#9658,#9659));
#9644 = ORIENTED_EDGE('',*,*,#9645,.F.);
#9645 = EDGE_CURVE('',#9646,#9617,#9648,.T.);
#9646 = VERTEX_POINT('',#9647);
#9647 = CARTESIAN_POINT('',(19.,-153.5,0.));
#9648 = LINE('',#9649,#9650);
#9649 = CARTESIAN_POINT('',(19.,-201.5,0.));
#9650 = VECTOR('',#9651,1.);
#9651 = DIRECTION('',(0.,1.,0.));
#9652 = ORIENTED_EDGE('',*,*,#9653,.F.);
#9653 = EDGE_CURVE('',#1944,#9646,#9654,.T.);
#9654 = LINE('',#9655,#9656);
#9655 = CARTESIAN_POINT('',(19.,-153.5,0.));
#9656 = VECTOR('',#9657,1.);
#9657 = DIRECTION('',(0.,0.,1.));
#9658 = ORIENTED_EDGE('',*,*,#1951,.T.);
#9659 = ORIENTED_EDGE('',*,*,#9631,.F.);
#9660 = PLANE('',#9661);
#9661 = AXIS2_PLACEMENT_3D('',#9662,#9663,#9664);
#9662 = CARTESIAN_POINT('',(19.,-201.5,0.));
#9663 = DIRECTION('',(1.,0.,0.));
#9664 = DIRECTION('',(0.,1.,0.));
#9665 = ADVANCED_FACE('',(#9666),#9684,.T.);
#9666 = FACE_BOUND('',#9667,.T.);
#9667 = EDGE_LOOP('',(#9668,#9676,#9677,#9678));
#9668 = ORIENTED_EDGE('',*,*,#9669,.F.);
#9669 = EDGE_CURVE('',#9615,#9670,#9672,.T.);
#9670 = VERTEX_POINT('',#9671);
#9671 = CARTESIAN_POINT('',(37.4,-153.5,0.));
#9672 = LINE('',#9673,#9674);
#9673 = CARTESIAN_POINT('',(37.4,-38.5,0.));
#9674 = VECTOR('',#9675,1.);
#9675 = DIRECTION('',(0.,-1.,0.));
#9676 = ORIENTED_EDGE('',*,*,#9624,.F.);
#9677 = ORIENTED_EDGE('',*,*,#1935,.T.);
#9678 = ORIENTED_EDGE('',*,*,#9679,.F.);
#9679 = EDGE_CURVE('',#9670,#1936,#9680,.T.);
#9680 = LINE('',#9681,#9682);
#9681 = CARTESIAN_POINT('',(37.4,-153.5,0.));
#9682 = VECTOR('',#9683,1.);
#9683 = DIRECTION('',(-0.,-0.,-1.));
#9684 = PLANE('',#9685);
#9685 = AXIS2_PLACEMENT_3D('',#9686,#9687,#9688);
#9686 = CARTESIAN_POINT('',(37.4,-38.5,0.));
#9687 = DIRECTION('',(-1.,0.,0.));
#9688 = DIRECTION('',(0.,-1.,0.));
#9689 = ADVANCED_FACE('',(#9690),#9701,.F.);
#9690 = FACE_BOUND('',#9691,.F.);
#9691 = EDGE_LOOP('',(#9692,#9698,#9699,#9700));
#9692 = ORIENTED_EDGE('',*,*,#9693,.F.);
#9693 = EDGE_CURVE('',#9646,#9670,#9694,.T.);
#9694 = LINE('',#9695,#9696);
#9695 = CARTESIAN_POINT('',(-45.2,-153.5,0.));
#9696 = VECTOR('',#9697,1.);
#9697 = DIRECTION('',(1.,0.,0.));
#9698 = ORIENTED_EDGE('',*,*,#9653,.F.);
#9699 = ORIENTED_EDGE('',*,*,#1943,.F.);
#9700 = ORIENTED_EDGE('',*,*,#9679,.F.);
#9701 = PLANE('',#9702);
#9702 = AXIS2_PLACEMENT_3D('',#9703,#9704,#9705);
#9703 = CARTESIAN_POINT('',(-45.2,-153.5,0.));
#9704 = DIRECTION('',(0.,-1.,0.));
#9705 = DIRECTION('',(1.,0.,0.));
#9706 = ADVANCED_FACE('',(#9707),#9732,.F.);
#9707 = FACE_BOUND('',#9708,.F.);
#9708 = EDGE_LOOP('',(#9709,#9719,#9725,#9726));
#9709 = ORIENTED_EDGE('',*,*,#9710,.F.);
#9710 = EDGE_CURVE('',#9711,#9713,#9715,.T.);
#9711 = VERTEX_POINT('',#9712);
#9712 = CARTESIAN_POINT('',(37.4,-142.5,0.));
#9713 = VERTEX_POINT('',#9714);
#9714 = CARTESIAN_POINT('',(19.,-142.5,0.));
#9715 = LINE('',#9716,#9717);
#9716 = CARTESIAN_POINT('',(58.8,-142.5,0.));
#9717 = VECTOR('',#9718,1.);
#9718 = DIRECTION('',(-1.,0.,0.));
#9719 = ORIENTED_EDGE('',*,*,#9720,.F.);
#9720 = EDGE_CURVE('',#1962,#9711,#9721,.T.);
#9721 = LINE('',#9722,#9723);
#9722 = CARTESIAN_POINT('',(37.4,-142.5,0.));
#9723 = VECTOR('',#9724,1.);
#9724 = DIRECTION('',(0.,0.,1.));
#9725 = ORIENTED_EDGE('',*,*,#1959,.F.);
#9726 = ORIENTED_EDGE('',*,*,#9727,.F.);
#9727 = EDGE_CURVE('',#9713,#1960,#9728,.T.);
#9728 = LINE('',#9729,#9730);
#9729 = CARTESIAN_POINT('',(19.,-142.5,0.));
#9730 = VECTOR('',#9731,1.);
#9731 = DIRECTION('',(0.,0.,-1.));
#9732 = PLANE('',#9733);
#9733 = AXIS2_PLACEMENT_3D('',#9734,#9735,#9736);
#9734 = CARTESIAN_POINT('',(58.8,-142.5,0.));
#9735 = DIRECTION('',(0.,1.,0.));
#9736 = DIRECTION('',(-1.,0.,0.));
#9737 = ADVANCED_FACE('',(#9738),#9756,.T.);
#9738 = FACE_BOUND('',#9739,.T.);
#9739 = EDGE_LOOP('',(#9740,#9748,#9754,#9755));
#9740 = ORIENTED_EDGE('',*,*,#9741,.F.);
#9741 = EDGE_CURVE('',#9742,#9713,#9744,.T.);
#9742 = VERTEX_POINT('',#9743);
#9743 = CARTESIAN_POINT('',(19.,-145.5,0.));
#9744 = LINE('',#9745,#9746);
#9745 = CARTESIAN_POINT('',(19.,-201.5,0.));
#9746 = VECTOR('',#9747,1.);
#9747 = DIRECTION('',(0.,1.,0.));
#9748 = ORIENTED_EDGE('',*,*,#9749,.F.);
#9749 = EDGE_CURVE('',#1978,#9742,#9750,.T.);
#9750 = LINE('',#9751,#9752);
#9751 = CARTESIAN_POINT('',(19.,-145.5,0.));
#9752 = VECTOR('',#9753,1.);
#9753 = DIRECTION('',(0.,0.,1.));
#9754 = ORIENTED_EDGE('',*,*,#1985,.T.);
#9755 = ORIENTED_EDGE('',*,*,#9727,.F.);
#9756 = PLANE('',#9757);
#9757 = AXIS2_PLACEMENT_3D('',#9758,#9759,#9760);
#9758 = CARTESIAN_POINT('',(19.,-201.5,0.));
#9759 = DIRECTION('',(1.,0.,0.));
#9760 = DIRECTION('',(0.,1.,0.));
#9761 = ADVANCED_FACE('',(#9762),#9780,.T.);
#9762 = FACE_BOUND('',#9763,.T.);
#9763 = EDGE_LOOP('',(#9764,#9772,#9773,#9774));
#9764 = ORIENTED_EDGE('',*,*,#9765,.F.);
#9765 = EDGE_CURVE('',#9711,#9766,#9768,.T.);
#9766 = VERTEX_POINT('',#9767);
#9767 = CARTESIAN_POINT('',(37.4,-145.5,0.));
#9768 = LINE('',#9769,#9770);
#9769 = CARTESIAN_POINT('',(37.4,-38.5,0.));
#9770 = VECTOR('',#9771,1.);
#9771 = DIRECTION('',(0.,-1.,0.));
#9772 = ORIENTED_EDGE('',*,*,#9720,.F.);
#9773 = ORIENTED_EDGE('',*,*,#1969,.T.);
#9774 = ORIENTED_EDGE('',*,*,#9775,.F.);
#9775 = EDGE_CURVE('',#9766,#1970,#9776,.T.);
#9776 = LINE('',#9777,#9778);
#9777 = CARTESIAN_POINT('',(37.4,-145.5,0.));
#9778 = VECTOR('',#9779,1.);
#9779 = DIRECTION('',(-0.,-0.,-1.));
#9780 = PLANE('',#9781);
#9781 = AXIS2_PLACEMENT_3D('',#9782,#9783,#9784);
#9782 = CARTESIAN_POINT('',(37.4,-38.5,0.));
#9783 = DIRECTION('',(-1.,0.,0.));
#9784 = DIRECTION('',(0.,-1.,0.));
#9785 = ADVANCED_FACE('',(#9786),#9797,.F.);
#9786 = FACE_BOUND('',#9787,.F.);
#9787 = EDGE_LOOP('',(#9788,#9794,#9795,#9796));
#9788 = ORIENTED_EDGE('',*,*,#9789,.F.);
#9789 = EDGE_CURVE('',#9742,#9766,#9790,.T.);
#9790 = LINE('',#9791,#9792);
#9791 = CARTESIAN_POINT('',(-45.2,-145.5,0.));
#9792 = VECTOR('',#9793,1.);
#9793 = DIRECTION('',(1.,0.,0.));
#9794 = ORIENTED_EDGE('',*,*,#9749,.F.);
#9795 = ORIENTED_EDGE('',*,*,#1977,.F.);
#9796 = ORIENTED_EDGE('',*,*,#9775,.F.);
#9797 = PLANE('',#9798);
#9798 = AXIS2_PLACEMENT_3D('',#9799,#9800,#9801);
#9799 = CARTESIAN_POINT('',(-45.2,-145.5,0.));
#9800 = DIRECTION('',(0.,-1.,0.));
#9801 = DIRECTION('',(1.,0.,0.));
#9802 = ADVANCED_FACE('',(#9803),#9828,.F.);
#9803 = FACE_BOUND('',#9804,.F.);
#9804 = EDGE_LOOP('',(#9805,#9815,#9821,#9822));
#9805 = ORIENTED_EDGE('',*,*,#9806,.F.);
#9806 = EDGE_CURVE('',#9807,#9809,#9811,.T.);
#9807 = VERTEX_POINT('',#9808);
#9808 = CARTESIAN_POINT('',(37.4,-134.5,0.));
#9809 = VERTEX_POINT('',#9810);
#9810 = CARTESIAN_POINT('',(19.,-134.5,0.));
#9811 = LINE('',#9812,#9813);
#9812 = CARTESIAN_POINT('',(58.8,-134.5,0.));
#9813 = VECTOR('',#9814,1.);
#9814 = DIRECTION('',(-1.,0.,0.));
#9815 = ORIENTED_EDGE('',*,*,#9816,.F.);
#9816 = EDGE_CURVE('',#1996,#9807,#9817,.T.);
#9817 = LINE('',#9818,#9819);
#9818 = CARTESIAN_POINT('',(37.4,-134.5,0.));
#9819 = VECTOR('',#9820,1.);
#9820 = DIRECTION('',(0.,0.,1.));
#9821 = ORIENTED_EDGE('',*,*,#1993,.F.);
#9822 = ORIENTED_EDGE('',*,*,#9823,.F.);
#9823 = EDGE_CURVE('',#9809,#1994,#9824,.T.);
#9824 = LINE('',#9825,#9826);
#9825 = CARTESIAN_POINT('',(19.,-134.5,0.));
#9826 = VECTOR('',#9827,1.);
#9827 = DIRECTION('',(0.,0.,-1.));
#9828 = PLANE('',#9829);
#9829 = AXIS2_PLACEMENT_3D('',#9830,#9831,#9832);
#9830 = CARTESIAN_POINT('',(58.8,-134.5,0.));
#9831 = DIRECTION('',(0.,1.,0.));
#9832 = DIRECTION('',(-1.,0.,0.));
#9833 = ADVANCED_FACE('',(#9834),#9852,.T.);
#9834 = FACE_BOUND('',#9835,.T.);
#9835 = EDGE_LOOP('',(#9836,#9844,#9850,#9851));
#9836 = ORIENTED_EDGE('',*,*,#9837,.F.);
#9837 = EDGE_CURVE('',#9838,#9809,#9840,.T.);
#9838 = VERTEX_POINT('',#9839);
#9839 = CARTESIAN_POINT('',(19.,-137.5,0.));
#9840 = LINE('',#9841,#9842);
#9841 = CARTESIAN_POINT('',(19.,-201.5,0.));
#9842 = VECTOR('',#9843,1.);
#9843 = DIRECTION('',(0.,1.,0.));
#9844 = ORIENTED_EDGE('',*,*,#9845,.F.);
#9845 = EDGE_CURVE('',#2012,#9838,#9846,.T.);
#9846 = LINE('',#9847,#9848);
#9847 = CARTESIAN_POINT('',(19.,-137.5,0.));
#9848 = VECTOR('',#9849,1.);
#9849 = DIRECTION('',(0.,0.,1.));
#9850 = ORIENTED_EDGE('',*,*,#2019,.T.);
#9851 = ORIENTED_EDGE('',*,*,#9823,.F.);
#9852 = PLANE('',#9853);
#9853 = AXIS2_PLACEMENT_3D('',#9854,#9855,#9856);
#9854 = CARTESIAN_POINT('',(19.,-201.5,0.));
#9855 = DIRECTION('',(1.,0.,0.));
#9856 = DIRECTION('',(0.,1.,0.));
#9857 = ADVANCED_FACE('',(#9858),#9876,.T.);
#9858 = FACE_BOUND('',#9859,.T.);
#9859 = EDGE_LOOP('',(#9860,#9868,#9869,#9870));
#9860 = ORIENTED_EDGE('',*,*,#9861,.F.);
#9861 = EDGE_CURVE('',#9807,#9862,#9864,.T.);
#9862 = VERTEX_POINT('',#9863);
#9863 = CARTESIAN_POINT('',(37.4,-137.5,0.));
#9864 = LINE('',#9865,#9866);
#9865 = CARTESIAN_POINT('',(37.4,-38.5,0.));
#9866 = VECTOR('',#9867,1.);
#9867 = DIRECTION('',(0.,-1.,0.));
#9868 = ORIENTED_EDGE('',*,*,#9816,.F.);
#9869 = ORIENTED_EDGE('',*,*,#2003,.T.);
#9870 = ORIENTED_EDGE('',*,*,#9871,.F.);
#9871 = EDGE_CURVE('',#9862,#2004,#9872,.T.);
#9872 = LINE('',#9873,#9874);
#9873 = CARTESIAN_POINT('',(37.4,-137.5,0.));
#9874 = VECTOR('',#9875,1.);
#9875 = DIRECTION('',(-0.,-0.,-1.));
#9876 = PLANE('',#9877);
#9877 = AXIS2_PLACEMENT_3D('',#9878,#9879,#9880);
#9878 = CARTESIAN_POINT('',(37.4,-38.5,0.));
#9879 = DIRECTION('',(-1.,0.,0.));
#9880 = DIRECTION('',(0.,-1.,0.));
#9881 = ADVANCED_FACE('',(#9882),#9893,.F.);
#9882 = FACE_BOUND('',#9883,.F.);
#9883 = EDGE_LOOP('',(#9884,#9890,#9891,#9892));
#9884 = ORIENTED_EDGE('',*,*,#9885,.F.);
#9885 = EDGE_CURVE('',#9838,#9862,#9886,.T.);
#9886 = LINE('',#9887,#9888);
#9887 = CARTESIAN_POINT('',(-45.2,-137.5,0.));
#9888 = VECTOR('',#9889,1.);
#9889 = DIRECTION('',(1.,0.,0.));
#9890 = ORIENTED_EDGE('',*,*,#9845,.F.);
#9891 = ORIENTED_EDGE('',*,*,#2011,.F.);
#9892 = ORIENTED_EDGE('',*,*,#9871,.F.);
#9893 = PLANE('',#9894);
#9894 = AXIS2_PLACEMENT_3D('',#9895,#9896,#9897);
#9895 = CARTESIAN_POINT('',(-45.2,-137.5,0.));
#9896 = DIRECTION('',(0.,-1.,0.));
#9897 = DIRECTION('',(1.,0.,0.));
#9898 = ADVANCED_FACE('',(#9899),#9924,.F.);
#9899 = FACE_BOUND('',#9900,.F.);
#9900 = EDGE_LOOP('',(#9901,#9911,#9917,#9918));
#9901 = ORIENTED_EDGE('',*,*,#9902,.F.);
#9902 = EDGE_CURVE('',#9903,#9905,#9907,.T.);
#9903 = VERTEX_POINT('',#9904);
#9904 = CARTESIAN_POINT('',(37.4,-126.5,0.));
#9905 = VERTEX_POINT('',#9906);
#9906 = CARTESIAN_POINT('',(19.,-126.5,0.));
#9907 = LINE('',#9908,#9909);
#9908 = CARTESIAN_POINT('',(58.8,-126.5,0.));
#9909 = VECTOR('',#9910,1.);
#9910 = DIRECTION('',(-1.,0.,0.));
#9911 = ORIENTED_EDGE('',*,*,#9912,.F.);
#9912 = EDGE_CURVE('',#2030,#9903,#9913,.T.);
#9913 = LINE('',#9914,#9915);
#9914 = CARTESIAN_POINT('',(37.4,-126.5,0.));
#9915 = VECTOR('',#9916,1.);
#9916 = DIRECTION('',(0.,0.,1.));
#9917 = ORIENTED_EDGE('',*,*,#2027,.F.);
#9918 = ORIENTED_EDGE('',*,*,#9919,.F.);
#9919 = EDGE_CURVE('',#9905,#2028,#9920,.T.);
#9920 = LINE('',#9921,#9922);
#9921 = CARTESIAN_POINT('',(19.,-126.5,0.));
#9922 = VECTOR('',#9923,1.);
#9923 = DIRECTION('',(0.,0.,-1.));
#9924 = PLANE('',#9925);
#9925 = AXIS2_PLACEMENT_3D('',#9926,#9927,#9928);
#9926 = CARTESIAN_POINT('',(58.8,-126.5,0.));
#9927 = DIRECTION('',(0.,1.,0.));
#9928 = DIRECTION('',(-1.,0.,0.));
#9929 = ADVANCED_FACE('',(#9930),#9948,.T.);
#9930 = FACE_BOUND('',#9931,.T.);
#9931 = EDGE_LOOP('',(#9932,#9940,#9946,#9947));
#9932 = ORIENTED_EDGE('',*,*,#9933,.F.);
#9933 = EDGE_CURVE('',#9934,#9905,#9936,.T.);
#9934 = VERTEX_POINT('',#9935);
#9935 = CARTESIAN_POINT('',(19.,-129.5,0.));
#9936 = LINE('',#9937,#9938);
#9937 = CARTESIAN_POINT('',(19.,-201.5,0.));
#9938 = VECTOR('',#9939,1.);
#9939 = DIRECTION('',(0.,1.,0.));
#9940 = ORIENTED_EDGE('',*,*,#9941,.F.);
#9941 = EDGE_CURVE('',#2046,#9934,#9942,.T.);
#9942 = LINE('',#9943,#9944);
#9943 = CARTESIAN_POINT('',(19.,-129.5,0.));
#9944 = VECTOR('',#9945,1.);
#9945 = DIRECTION('',(0.,0.,1.));
#9946 = ORIENTED_EDGE('',*,*,#2053,.T.);
#9947 = ORIENTED_EDGE('',*,*,#9919,.F.);
#9948 = PLANE('',#9949);
#9949 = AXIS2_PLACEMENT_3D('',#9950,#9951,#9952);
#9950 = CARTESIAN_POINT('',(19.,-201.5,0.));
#9951 = DIRECTION('',(1.,0.,0.));
#9952 = DIRECTION('',(0.,1.,0.));
#9953 = ADVANCED_FACE('',(#9954),#9972,.T.);
#9954 = FACE_BOUND('',#9955,.T.);
#9955 = EDGE_LOOP('',(#9956,#9964,#9965,#9966));
#9956 = ORIENTED_EDGE('',*,*,#9957,.F.);
#9957 = EDGE_CURVE('',#9903,#9958,#9960,.T.);
#9958 = VERTEX_POINT('',#9959);
#9959 = CARTESIAN_POINT('',(37.4,-129.5,0.));
#9960 = LINE('',#9961,#9962);
#9961 = CARTESIAN_POINT('',(37.4,-38.5,0.));
#9962 = VECTOR('',#9963,1.);
#9963 = DIRECTION('',(0.,-1.,0.));
#9964 = ORIENTED_EDGE('',*,*,#9912,.F.);
#9965 = ORIENTED_EDGE('',*,*,#2037,.T.);
#9966 = ORIENTED_EDGE('',*,*,#9967,.F.);
#9967 = EDGE_CURVE('',#9958,#2038,#9968,.T.);
#9968 = LINE('',#9969,#9970);
#9969 = CARTESIAN_POINT('',(37.4,-129.5,0.));
#9970 = VECTOR('',#9971,1.);
#9971 = DIRECTION('',(-0.,-0.,-1.));
#9972 = PLANE('',#9973);
#9973 = AXIS2_PLACEMENT_3D('',#9974,#9975,#9976);
#9974 = CARTESIAN_POINT('',(37.4,-38.5,0.));
#9975 = DIRECTION('',(-1.,0.,0.));
#9976 = DIRECTION('',(0.,-1.,0.));
#9977 = ADVANCED_FACE('',(#9978),#9989,.F.);
#9978 = FACE_BOUND('',#9979,.F.);
#9979 = EDGE_LOOP('',(#9980,#9986,#9987,#9988));
#9980 = ORIENTED_EDGE('',*,*,#9981,.F.);
#9981 = EDGE_CURVE('',#9934,#9958,#9982,.T.);
#9982 = LINE('',#9983,#9984);
#9983 = CARTESIAN_POINT('',(-45.2,-129.5,0.));
#9984 = VECTOR('',#9985,1.);
#9985 = DIRECTION('',(1.,0.,0.));
#9986 = ORIENTED_EDGE('',*,*,#9941,.F.);
#9987 = ORIENTED_EDGE('',*,*,#2045,.F.);
#9988 = ORIENTED_EDGE('',*,*,#9967,.F.);
#9989 = PLANE('',#9990);
#9990 = AXIS2_PLACEMENT_3D('',#9991,#9992,#9993);
#9991 = CARTESIAN_POINT('',(-45.2,-129.5,0.));
#9992 = DIRECTION('',(0.,-1.,0.));
#9993 = DIRECTION('',(1.,0.,0.));
#9994 = ADVANCED_FACE('',(#9995),#10020,.T.);
#9995 = FACE_BOUND('',#9996,.T.);
#9996 = EDGE_LOOP('',(#9997,#10007,#10013,#10014));
#9997 = ORIENTED_EDGE('',*,*,#9998,.F.);
#9998 = EDGE_CURVE('',#9999,#10001,#10003,.T.);
#9999 = VERTEX_POINT('',#10000);
#10000 = CARTESIAN_POINT('',(40.4,-177.5,0.));
#10001 = VERTEX_POINT('',#10002);
#10002 = CARTESIAN_POINT('',(40.4,-174.5,0.));
#10003 = LINE('',#10004,#10005);
#10004 = CARTESIAN_POINT('',(40.4,-201.5,0.));
#10005 = VECTOR('',#10006,1.);
#10006 = DIRECTION('',(0.,1.,0.));
#10007 = ORIENTED_EDGE('',*,*,#10008,.F.);
#10008 = EDGE_CURVE('',#2062,#9999,#10009,.T.);
#10009 = LINE('',#10010,#10011);
#10010 = CARTESIAN_POINT('',(40.4,-177.5,0.));
#10011 = VECTOR('',#10012,1.);
#10012 = DIRECTION('',(0.,0.,1.));
#10013 = ORIENTED_EDGE('',*,*,#2061,.T.);
#10014 = ORIENTED_EDGE('',*,*,#10015,.F.);
#10015 = EDGE_CURVE('',#10001,#2064,#10016,.T.);
#10016 = LINE('',#10017,#10018);
#10017 = CARTESIAN_POINT('',(40.4,-174.5,0.));
#10018 = VECTOR('',#10019,1.);
#10019 = DIRECTION('',(0.,0.,-1.));
#10020 = PLANE('',#10021);
#10021 = AXIS2_PLACEMENT_3D('',#10022,#10023,#10024);
#10022 = CARTESIAN_POINT('',(40.4,-201.5,0.));
#10023 = DIRECTION('',(1.,0.,0.));
#10024 = DIRECTION('',(0.,1.,0.));
#10025 = ADVANCED_FACE('',(#10026),#10044,.F.);
#10026 = FACE_BOUND('',#10027,.F.);
#10027 = EDGE_LOOP('',(#10028,#10036,#10037,#10038));
#10028 = ORIENTED_EDGE('',*,*,#10029,.F.);
#10029 = EDGE_CURVE('',#9999,#10030,#10032,.T.);
#10030 = VERTEX_POINT('',#10031);
#10031 = CARTESIAN_POINT('',(58.8,-177.5,0.));
#10032 = LINE('',#10033,#10034);
#10033 = CARTESIAN_POINT('',(-45.2,-177.5,0.));
#10034 = VECTOR('',#10035,1.);
#10035 = DIRECTION('',(1.,0.,0.));
#10036 = ORIENTED_EDGE('',*,*,#10008,.F.);
#10037 = ORIENTED_EDGE('',*,*,#2087,.F.);
#10038 = ORIENTED_EDGE('',*,*,#10039,.F.);
#10039 = EDGE_CURVE('',#10030,#2080,#10040,.T.);
#10040 = LINE('',#10041,#10042);
#10041 = CARTESIAN_POINT('',(58.8,-177.5,0.));
#10042 = VECTOR('',#10043,1.);
#10043 = DIRECTION('',(-0.,-0.,-1.));
#10044 = PLANE('',#10045);
#10045 = AXIS2_PLACEMENT_3D('',#10046,#10047,#10048);
#10046 = CARTESIAN_POINT('',(-45.2,-177.5,0.));
#10047 = DIRECTION('',(0.,-1.,0.));
#10048 = DIRECTION('',(1.,0.,0.));
#10049 = ADVANCED_FACE('',(#10050),#10068,.F.);
#10050 = FACE_BOUND('',#10051,.F.);
#10051 = EDGE_LOOP('',(#10052,#10060,#10066,#10067));
#10052 = ORIENTED_EDGE('',*,*,#10053,.F.);
#10053 = EDGE_CURVE('',#10054,#10001,#10056,.T.);
#10054 = VERTEX_POINT('',#10055);
#10055 = CARTESIAN_POINT('',(58.8,-174.5,0.));
#10056 = LINE('',#10057,#10058);
#10057 = CARTESIAN_POINT('',(58.8,-174.5,0.));
#10058 = VECTOR('',#10059,1.);
#10059 = DIRECTION('',(-1.,0.,0.));
#10060 = ORIENTED_EDGE('',*,*,#10061,.T.);
#10061 = EDGE_CURVE('',#10054,#2072,#10062,.T.);
#10062 = LINE('',#10063,#10064);
#10063 = CARTESIAN_POINT('',(58.8,-174.5,0.));
#10064 = VECTOR('',#10065,1.);
#10065 = DIRECTION('',(-0.,-0.,-1.));
#10066 = ORIENTED_EDGE('',*,*,#2071,.F.);
#10067 = ORIENTED_EDGE('',*,*,#10015,.F.);
#10068 = PLANE('',#10069);
#10069 = AXIS2_PLACEMENT_3D('',#10070,#10071,#10072);
#10070 = CARTESIAN_POINT('',(58.8,-174.5,0.));
#10071 = DIRECTION('',(0.,1.,0.));
#10072 = DIRECTION('',(-1.,0.,0.));
#10073 = ADVANCED_FACE('',(#10074),#10085,.F.);
#10074 = FACE_BOUND('',#10075,.F.);
#10075 = EDGE_LOOP('',(#10076,#10082,#10083,#10084));
#10076 = ORIENTED_EDGE('',*,*,#10077,.F.);
#10077 = EDGE_CURVE('',#10030,#10054,#10078,.T.);
#10078 = LINE('',#10079,#10080);
#10079 = CARTESIAN_POINT('',(58.8,-177.5,0.));
#10080 = VECTOR('',#10081,1.);
#10081 = DIRECTION('',(0.,1.,0.));
#10082 = ORIENTED_EDGE('',*,*,#10039,.T.);
#10083 = ORIENTED_EDGE('',*,*,#2079,.F.);
#10084 = ORIENTED_EDGE('',*,*,#10061,.F.);
#10085 = PLANE('',#10086);
#10086 = AXIS2_PLACEMENT_3D('',#10087,#10088,#10089);
#10087 = CARTESIAN_POINT('',(58.8,-177.5,0.));
#10088 = DIRECTION('',(1.,0.,0.));
#10089 = DIRECTION('',(0.,1.,0.));
#10090 = ADVANCED_FACE('',(#10091),#10116,.T.);
#10091 = FACE_BOUND('',#10092,.T.);
#10092 = EDGE_LOOP('',(#10093,#10103,#10109,#10110));
#10093 = ORIENTED_EDGE('',*,*,#10094,.F.);
#10094 = EDGE_CURVE('',#10095,#10097,#10099,.T.);
#10095 = VERTEX_POINT('',#10096);
#10096 = CARTESIAN_POINT('',(40.4,-169.5,0.));
#10097 = VERTEX_POINT('',#10098);
#10098 = CARTESIAN_POINT('',(40.4,-166.5,0.));
#10099 = LINE('',#10100,#10101);
#10100 = CARTESIAN_POINT('',(40.4,-201.5,0.));
#10101 = VECTOR('',#10102,1.);
#10102 = DIRECTION('',(0.,1.,0.));
#10103 = ORIENTED_EDGE('',*,*,#10104,.F.);
#10104 = EDGE_CURVE('',#2096,#10095,#10105,.T.);
#10105 = LINE('',#10106,#10107);
#10106 = CARTESIAN_POINT('',(40.4,-169.5,0.));
#10107 = VECTOR('',#10108,1.);
#10108 = DIRECTION('',(0.,0.,1.));
#10109 = ORIENTED_EDGE('',*,*,#2095,.T.);
#10110 = ORIENTED_EDGE('',*,*,#10111,.F.);
#10111 = EDGE_CURVE('',#10097,#2098,#10112,.T.);
#10112 = LINE('',#10113,#10114);
#10113 = CARTESIAN_POINT('',(40.4,-166.5,0.));
#10114 = VECTOR('',#10115,1.);
#10115 = DIRECTION('',(0.,0.,-1.));
#10116 = PLANE('',#10117);
#10117 = AXIS2_PLACEMENT_3D('',#10118,#10119,#10120);
#10118 = CARTESIAN_POINT('',(40.4,-201.5,0.));
#10119 = DIRECTION('',(1.,0.,0.));
#10120 = DIRECTION('',(0.,1.,0.));
#10121 = ADVANCED_FACE('',(#10122),#10140,.F.);
#10122 = FACE_BOUND('',#10123,.F.);
#10123 = EDGE_LOOP('',(#10124,#10132,#10133,#10134));
#10124 = ORIENTED_EDGE('',*,*,#10125,.F.);
#10125 = EDGE_CURVE('',#10095,#10126,#10128,.T.);
#10126 = VERTEX_POINT('',#10127);
#10127 = CARTESIAN_POINT('',(58.8,-169.5,0.));
#10128 = LINE('',#10129,#10130);
#10129 = CARTESIAN_POINT('',(-45.2,-169.5,0.));
#10130 = VECTOR('',#10131,1.);
#10131 = DIRECTION('',(1.,0.,0.));
#10132 = ORIENTED_EDGE('',*,*,#10104,.F.);
#10133 = ORIENTED_EDGE('',*,*,#2121,.F.);
#10134 = ORIENTED_EDGE('',*,*,#10135,.F.);
#10135 = EDGE_CURVE('',#10126,#2114,#10136,.T.);
#10136 = LINE('',#10137,#10138);
#10137 = CARTESIAN_POINT('',(58.8,-169.5,0.));
#10138 = VECTOR('',#10139,1.);
#10139 = DIRECTION('',(-0.,-0.,-1.));
#10140 = PLANE('',#10141);
#10141 = AXIS2_PLACEMENT_3D('',#10142,#10143,#10144);
#10142 = CARTESIAN_POINT('',(-45.2,-169.5,0.));
#10143 = DIRECTION('',(0.,-1.,0.));
#10144 = DIRECTION('',(1.,0.,0.));
#10145 = ADVANCED_FACE('',(#10146),#10164,.F.);
#10146 = FACE_BOUND('',#10147,.F.);
#10147 = EDGE_LOOP('',(#10148,#10156,#10162,#10163));
#10148 = ORIENTED_EDGE('',*,*,#10149,.F.);
#10149 = EDGE_CURVE('',#10150,#10097,#10152,.T.);
#10150 = VERTEX_POINT('',#10151);
#10151 = CARTESIAN_POINT('',(58.8,-166.5,0.));
#10152 = LINE('',#10153,#10154);
#10153 = CARTESIAN_POINT('',(58.8,-166.5,0.));
#10154 = VECTOR('',#10155,1.);
#10155 = DIRECTION('',(-1.,0.,0.));
#10156 = ORIENTED_EDGE('',*,*,#10157,.T.);
#10157 = EDGE_CURVE('',#10150,#2106,#10158,.T.);
#10158 = LINE('',#10159,#10160);
#10159 = CARTESIAN_POINT('',(58.8,-166.5,0.));
#10160 = VECTOR('',#10161,1.);
#10161 = DIRECTION('',(-0.,-0.,-1.));
#10162 = ORIENTED_EDGE('',*,*,#2105,.F.);
#10163 = ORIENTED_EDGE('',*,*,#10111,.F.);
#10164 = PLANE('',#10165);
#10165 = AXIS2_PLACEMENT_3D('',#10166,#10167,#10168);
#10166 = CARTESIAN_POINT('',(58.8,-166.5,0.));
#10167 = DIRECTION('',(0.,1.,0.));
#10168 = DIRECTION('',(-1.,0.,0.));
#10169 = ADVANCED_FACE('',(#10170),#10181,.F.);
#10170 = FACE_BOUND('',#10171,.F.);
#10171 = EDGE_LOOP('',(#10172,#10178,#10179,#10180));
#10172 = ORIENTED_EDGE('',*,*,#10173,.F.);
#10173 = EDGE_CURVE('',#10126,#10150,#10174,.T.);
#10174 = LINE('',#10175,#10176);
#10175 = CARTESIAN_POINT('',(58.8,-169.5,0.));
#10176 = VECTOR('',#10177,1.);
#10177 = DIRECTION('',(0.,1.,0.));
#10178 = ORIENTED_EDGE('',*,*,#10135,.T.);
#10179 = ORIENTED_EDGE('',*,*,#2113,.F.);
#10180 = ORIENTED_EDGE('',*,*,#10157,.F.);
#10181 = PLANE('',#10182);
#10182 = AXIS2_PLACEMENT_3D('',#10183,#10184,#10185);
#10183 = CARTESIAN_POINT('',(58.8,-169.5,0.));
#10184 = DIRECTION('',(1.,0.,0.));
#10185 = DIRECTION('',(0.,1.,0.));
#10186 = ADVANCED_FACE('',(#10187),#10212,.T.);
#10187 = FACE_BOUND('',#10188,.T.);
#10188 = EDGE_LOOP('',(#10189,#10199,#10205,#10206));
#10189 = ORIENTED_EDGE('',*,*,#10190,.F.);
#10190 = EDGE_CURVE('',#10191,#10193,#10195,.T.);
#10191 = VERTEX_POINT('',#10192);
#10192 = CARTESIAN_POINT('',(40.4,-161.5,0.));
#10193 = VERTEX_POINT('',#10194);
#10194 = CARTESIAN_POINT('',(40.4,-158.5,0.));
#10195 = LINE('',#10196,#10197);
#10196 = CARTESIAN_POINT('',(40.4,-201.5,0.));
#10197 = VECTOR('',#10198,1.);
#10198 = DIRECTION('',(0.,1.,0.));
#10199 = ORIENTED_EDGE('',*,*,#10200,.F.);
#10200 = EDGE_CURVE('',#2130,#10191,#10201,.T.);
#10201 = LINE('',#10202,#10203);
#10202 = CARTESIAN_POINT('',(40.4,-161.5,0.));
#10203 = VECTOR('',#10204,1.);
#10204 = DIRECTION('',(0.,0.,1.));
#10205 = ORIENTED_EDGE('',*,*,#2129,.T.);
#10206 = ORIENTED_EDGE('',*,*,#10207,.F.);
#10207 = EDGE_CURVE('',#10193,#2132,#10208,.T.);
#10208 = LINE('',#10209,#10210);
#10209 = CARTESIAN_POINT('',(40.4,-158.5,0.));
#10210 = VECTOR('',#10211,1.);
#10211 = DIRECTION('',(0.,0.,-1.));
#10212 = PLANE('',#10213);
#10213 = AXIS2_PLACEMENT_3D('',#10214,#10215,#10216);
#10214 = CARTESIAN_POINT('',(40.4,-201.5,0.));
#10215 = DIRECTION('',(1.,0.,0.));
#10216 = DIRECTION('',(0.,1.,0.));
#10217 = ADVANCED_FACE('',(#10218),#10236,.F.);
#10218 = FACE_BOUND('',#10219,.F.);
#10219 = EDGE_LOOP('',(#10220,#10228,#10229,#10230));
#10220 = ORIENTED_EDGE('',*,*,#10221,.F.);
#10221 = EDGE_CURVE('',#10191,#10222,#10224,.T.);
#10222 = VERTEX_POINT('',#10223);
#10223 = CARTESIAN_POINT('',(58.8,-161.5,0.));
#10224 = LINE('',#10225,#10226);
#10225 = CARTESIAN_POINT('',(-45.2,-161.5,0.));
#10226 = VECTOR('',#10227,1.);
#10227 = DIRECTION('',(1.,0.,0.));
#10228 = ORIENTED_EDGE('',*,*,#10200,.F.);
#10229 = ORIENTED_EDGE('',*,*,#2155,.F.);
#10230 = ORIENTED_EDGE('',*,*,#10231,.F.);
#10231 = EDGE_CURVE('',#10222,#2148,#10232,.T.);
#10232 = LINE('',#10233,#10234);
#10233 = CARTESIAN_POINT('',(58.8,-161.5,0.));
#10234 = VECTOR('',#10235,1.);
#10235 = DIRECTION('',(-0.,-0.,-1.));
#10236 = PLANE('',#10237);
#10237 = AXIS2_PLACEMENT_3D('',#10238,#10239,#10240);
#10238 = CARTESIAN_POINT('',(-45.2,-161.5,0.));
#10239 = DIRECTION('',(0.,-1.,0.));
#10240 = DIRECTION('',(1.,0.,0.));
#10241 = ADVANCED_FACE('',(#10242),#10260,.F.);
#10242 = FACE_BOUND('',#10243,.F.);
#10243 = EDGE_LOOP('',(#10244,#10252,#10258,#10259));
#10244 = ORIENTED_EDGE('',*,*,#10245,.F.);
#10245 = EDGE_CURVE('',#10246,#10193,#10248,.T.);
#10246 = VERTEX_POINT('',#10247);
#10247 = CARTESIAN_POINT('',(58.8,-158.5,0.));
#10248 = LINE('',#10249,#10250);
#10249 = CARTESIAN_POINT('',(58.8,-158.5,0.));
#10250 = VECTOR('',#10251,1.);
#10251 = DIRECTION('',(-1.,0.,0.));
#10252 = ORIENTED_EDGE('',*,*,#10253,.T.);
#10253 = EDGE_CURVE('',#10246,#2140,#10254,.T.);
#10254 = LINE('',#10255,#10256);
#10255 = CARTESIAN_POINT('',(58.8,-158.5,0.));
#10256 = VECTOR('',#10257,1.);
#10257 = DIRECTION('',(-0.,-0.,-1.));
#10258 = ORIENTED_EDGE('',*,*,#2139,.F.);
#10259 = ORIENTED_EDGE('',*,*,#10207,.F.);
#10260 = PLANE('',#10261);
#10261 = AXIS2_PLACEMENT_3D('',#10262,#10263,#10264);
#10262 = CARTESIAN_POINT('',(58.8,-158.5,0.));
#10263 = DIRECTION('',(0.,1.,0.));
#10264 = DIRECTION('',(-1.,0.,0.));
#10265 = ADVANCED_FACE('',(#10266),#10277,.F.);
#10266 = FACE_BOUND('',#10267,.F.);
#10267 = EDGE_LOOP('',(#10268,#10274,#10275,#10276));
#10268 = ORIENTED_EDGE('',*,*,#10269,.F.);
#10269 = EDGE_CURVE('',#10222,#10246,#10270,.T.);
#10270 = LINE('',#10271,#10272);
#10271 = CARTESIAN_POINT('',(58.8,-161.5,0.));
#10272 = VECTOR('',#10273,1.);
#10273 = DIRECTION('',(0.,1.,0.));
#10274 = ORIENTED_EDGE('',*,*,#10231,.T.);
#10275 = ORIENTED_EDGE('',*,*,#2147,.F.);
#10276 = ORIENTED_EDGE('',*,*,#10253,.F.);
#10277 = PLANE('',#10278);
#10278 = AXIS2_PLACEMENT_3D('',#10279,#10280,#10281);
#10279 = CARTESIAN_POINT('',(58.8,-161.5,0.));
#10280 = DIRECTION('',(1.,0.,0.));
#10281 = DIRECTION('',(0.,1.,0.));
#10282 = ADVANCED_FACE('',(#10283),#10308,.T.);
#10283 = FACE_BOUND('',#10284,.T.);
#10284 = EDGE_LOOP('',(#10285,#10295,#10301,#10302));
#10285 = ORIENTED_EDGE('',*,*,#10286,.F.);
#10286 = EDGE_CURVE('',#10287,#10289,#10291,.T.);
#10287 = VERTEX_POINT('',#10288);
#10288 = CARTESIAN_POINT('',(40.4,-153.5,0.));
#10289 = VERTEX_POINT('',#10290);
#10290 = CARTESIAN_POINT('',(40.4,-150.5,0.));
#10291 = LINE('',#10292,#10293);
#10292 = CARTESIAN_POINT('',(40.4,-201.5,0.));
#10293 = VECTOR('',#10294,1.);
#10294 = DIRECTION('',(0.,1.,0.));
#10295 = ORIENTED_EDGE('',*,*,#10296,.F.);
#10296 = EDGE_CURVE('',#2164,#10287,#10297,.T.);
#10297 = LINE('',#10298,#10299);
#10298 = CARTESIAN_POINT('',(40.4,-153.5,0.));
#10299 = VECTOR('',#10300,1.);
#10300 = DIRECTION('',(0.,0.,1.));
#10301 = ORIENTED_EDGE('',*,*,#2163,.T.);
#10302 = ORIENTED_EDGE('',*,*,#10303,.F.);
#10303 = EDGE_CURVE('',#10289,#2166,#10304,.T.);
#10304 = LINE('',#10305,#10306);
#10305 = CARTESIAN_POINT('',(40.4,-150.5,0.));
#10306 = VECTOR('',#10307,1.);
#10307 = DIRECTION('',(0.,0.,-1.));
#10308 = PLANE('',#10309);
#10309 = AXIS2_PLACEMENT_3D('',#10310,#10311,#10312);
#10310 = CARTESIAN_POINT('',(40.4,-201.5,0.));
#10311 = DIRECTION('',(1.,0.,0.));
#10312 = DIRECTION('',(0.,1.,0.));
#10313 = ADVANCED_FACE('',(#10314),#10332,.F.);
#10314 = FACE_BOUND('',#10315,.F.);
#10315 = EDGE_LOOP('',(#10316,#10324,#10325,#10326));
#10316 = ORIENTED_EDGE('',*,*,#10317,.F.);
#10317 = EDGE_CURVE('',#10287,#10318,#10320,.T.);
#10318 = VERTEX_POINT('',#10319);
#10319 = CARTESIAN_POINT('',(58.8,-153.5,0.));
#10320 = LINE('',#10321,#10322);
#10321 = CARTESIAN_POINT('',(-45.2,-153.5,0.));
#10322 = VECTOR('',#10323,1.);
#10323 = DIRECTION('',(1.,0.,0.));
#10324 = ORIENTED_EDGE('',*,*,#10296,.F.);
#10325 = ORIENTED_EDGE('',*,*,#2189,.F.);
#10326 = ORIENTED_EDGE('',*,*,#10327,.F.);
#10327 = EDGE_CURVE('',#10318,#2182,#10328,.T.);
#10328 = LINE('',#10329,#10330);
#10329 = CARTESIAN_POINT('',(58.8,-153.5,0.));
#10330 = VECTOR('',#10331,1.);
#10331 = DIRECTION('',(-0.,-0.,-1.));
#10332 = PLANE('',#10333);
#10333 = AXIS2_PLACEMENT_3D('',#10334,#10335,#10336);
#10334 = CARTESIAN_POINT('',(-45.2,-153.5,0.));
#10335 = DIRECTION('',(0.,-1.,0.));
#10336 = DIRECTION('',(1.,0.,0.));
#10337 = ADVANCED_FACE('',(#10338),#10356,.F.);
#10338 = FACE_BOUND('',#10339,.F.);
#10339 = EDGE_LOOP('',(#10340,#10348,#10354,#10355));
#10340 = ORIENTED_EDGE('',*,*,#10341,.F.);
#10341 = EDGE_CURVE('',#10342,#10289,#10344,.T.);
#10342 = VERTEX_POINT('',#10343);
#10343 = CARTESIAN_POINT('',(58.8,-150.5,0.));
#10344 = LINE('',#10345,#10346);
#10345 = CARTESIAN_POINT('',(58.8,-150.5,0.));
#10346 = VECTOR('',#10347,1.);
#10347 = DIRECTION('',(-1.,0.,0.));
#10348 = ORIENTED_EDGE('',*,*,#10349,.T.);
#10349 = EDGE_CURVE('',#10342,#2174,#10350,.T.);
#10350 = LINE('',#10351,#10352);
#10351 = CARTESIAN_POINT('',(58.8,-150.5,0.));
#10352 = VECTOR('',#10353,1.);
#10353 = DIRECTION('',(-0.,-0.,-1.));
#10354 = ORIENTED_EDGE('',*,*,#2173,.F.);
#10355 = ORIENTED_EDGE('',*,*,#10303,.F.);
#10356 = PLANE('',#10357);
#10357 = AXIS2_PLACEMENT_3D('',#10358,#10359,#10360);
#10358 = CARTESIAN_POINT('',(58.8,-150.5,0.));
#10359 = DIRECTION('',(0.,1.,0.));
#10360 = DIRECTION('',(-1.,0.,0.));
#10361 = ADVANCED_FACE('',(#10362),#10373,.F.);
#10362 = FACE_BOUND('',#10363,.F.);
#10363 = EDGE_LOOP('',(#10364,#10370,#10371,#10372));
#10364 = ORIENTED_EDGE('',*,*,#10365,.F.);
#10365 = EDGE_CURVE('',#10318,#10342,#10366,.T.);
#10366 = LINE('',#10367,#10368);
#10367 = CARTESIAN_POINT('',(58.8,-153.5,0.));
#10368 = VECTOR('',#10369,1.);
#10369 = DIRECTION('',(0.,1.,0.));
#10370 = ORIENTED_EDGE('',*,*,#10327,.T.);
#10371 = ORIENTED_EDGE('',*,*,#2181,.F.);
#10372 = ORIENTED_EDGE('',*,*,#10349,.F.);
#10373 = PLANE('',#10374);
#10374 = AXIS2_PLACEMENT_3D('',#10375,#10376,#10377);
#10375 = CARTESIAN_POINT('',(58.8,-153.5,0.));
#10376 = DIRECTION('',(1.,0.,0.));
#10377 = DIRECTION('',(0.,1.,0.));
#10378 = ADVANCED_FACE('',(#10379),#10404,.T.);
#10379 = FACE_BOUND('',#10380,.T.);
#10380 = EDGE_LOOP('',(#10381,#10391,#10397,#10398));
#10381 = ORIENTED_EDGE('',*,*,#10382,.F.);
#10382 = EDGE_CURVE('',#10383,#10385,#10387,.T.);
#10383 = VERTEX_POINT('',#10384);
#10384 = CARTESIAN_POINT('',(40.4,-145.5,0.));
#10385 = VERTEX_POINT('',#10386);
#10386 = CARTESIAN_POINT('',(40.4,-142.5,0.));
#10387 = LINE('',#10388,#10389);
#10388 = CARTESIAN_POINT('',(40.4,-201.5,0.));
#10389 = VECTOR('',#10390,1.);
#10390 = DIRECTION('',(0.,1.,0.));
#10391 = ORIENTED_EDGE('',*,*,#10392,.F.);
#10392 = EDGE_CURVE('',#2198,#10383,#10393,.T.);
#10393 = LINE('',#10394,#10395);
#10394 = CARTESIAN_POINT('',(40.4,-145.5,0.));
#10395 = VECTOR('',#10396,1.);
#10396 = DIRECTION('',(0.,0.,1.));
#10397 = ORIENTED_EDGE('',*,*,#2197,.T.);
#10398 = ORIENTED_EDGE('',*,*,#10399,.F.);
#10399 = EDGE_CURVE('',#10385,#2200,#10400,.T.);
#10400 = LINE('',#10401,#10402);
#10401 = CARTESIAN_POINT('',(40.4,-142.5,0.));
#10402 = VECTOR('',#10403,1.);
#10403 = DIRECTION('',(0.,0.,-1.));
#10404 = PLANE('',#10405);
#10405 = AXIS2_PLACEMENT_3D('',#10406,#10407,#10408);
#10406 = CARTESIAN_POINT('',(40.4,-201.5,0.));
#10407 = DIRECTION('',(1.,0.,0.));
#10408 = DIRECTION('',(0.,1.,0.));
#10409 = ADVANCED_FACE('',(#10410),#10428,.F.);
#10410 = FACE_BOUND('',#10411,.F.);
#10411 = EDGE_LOOP('',(#10412,#10420,#10421,#10422));
#10412 = ORIENTED_EDGE('',*,*,#10413,.F.);
#10413 = EDGE_CURVE('',#10383,#10414,#10416,.T.);
#10414 = VERTEX_POINT('',#10415);
#10415 = CARTESIAN_POINT('',(58.8,-145.5,0.));
#10416 = LINE('',#10417,#10418);
#10417 = CARTESIAN_POINT('',(-45.2,-145.5,0.));
#10418 = VECTOR('',#10419,1.);
#10419 = DIRECTION('',(1.,0.,0.));
#10420 = ORIENTED_EDGE('',*,*,#10392,.F.);
#10421 = ORIENTED_EDGE('',*,*,#2223,.F.);
#10422 = ORIENTED_EDGE('',*,*,#10423,.F.);
#10423 = EDGE_CURVE('',#10414,#2216,#10424,.T.);
#10424 = LINE('',#10425,#10426);
#10425 = CARTESIAN_POINT('',(58.8,-145.5,0.));
#10426 = VECTOR('',#10427,1.);
#10427 = DIRECTION('',(-0.,-0.,-1.));
#10428 = PLANE('',#10429);
#10429 = AXIS2_PLACEMENT_3D('',#10430,#10431,#10432);
#10430 = CARTESIAN_POINT('',(-45.2,-145.5,0.));
#10431 = DIRECTION('',(0.,-1.,0.));
#10432 = DIRECTION('',(1.,0.,0.));
#10433 = ADVANCED_FACE('',(#10434),#10452,.F.);
#10434 = FACE_BOUND('',#10435,.F.);
#10435 = EDGE_LOOP('',(#10436,#10444,#10450,#10451));
#10436 = ORIENTED_EDGE('',*,*,#10437,.F.);
#10437 = EDGE_CURVE('',#10438,#10385,#10440,.T.);
#10438 = VERTEX_POINT('',#10439);
#10439 = CARTESIAN_POINT('',(58.8,-142.5,0.));
#10440 = LINE('',#10441,#10442);
#10441 = CARTESIAN_POINT('',(58.8,-142.5,0.));
#10442 = VECTOR('',#10443,1.);
#10443 = DIRECTION('',(-1.,0.,0.));
#10444 = ORIENTED_EDGE('',*,*,#10445,.T.);
#10445 = EDGE_CURVE('',#10438,#2208,#10446,.T.);
#10446 = LINE('',#10447,#10448);
#10447 = CARTESIAN_POINT('',(58.8,-142.5,0.));
#10448 = VECTOR('',#10449,1.);
#10449 = DIRECTION('',(-0.,-0.,-1.));
#10450 = ORIENTED_EDGE('',*,*,#2207,.F.);
#10451 = ORIENTED_EDGE('',*,*,#10399,.F.);
#10452 = PLANE('',#10453);
#10453 = AXIS2_PLACEMENT_3D('',#10454,#10455,#10456);
#10454 = CARTESIAN_POINT('',(58.8,-142.5,0.));
#10455 = DIRECTION('',(0.,1.,0.));
#10456 = DIRECTION('',(-1.,0.,0.));
#10457 = ADVANCED_FACE('',(#10458),#10469,.F.);
#10458 = FACE_BOUND('',#10459,.F.);
#10459 = EDGE_LOOP('',(#10460,#10466,#10467,#10468));
#10460 = ORIENTED_EDGE('',*,*,#10461,.F.);
#10461 = EDGE_CURVE('',#10414,#10438,#10462,.T.);
#10462 = LINE('',#10463,#10464);
#10463 = CARTESIAN_POINT('',(58.8,-145.5,0.));
#10464 = VECTOR('',#10465,1.);
#10465 = DIRECTION('',(0.,1.,0.));
#10466 = ORIENTED_EDGE('',*,*,#10423,.T.);
#10467 = ORIENTED_EDGE('',*,*,#2215,.F.);
#10468 = ORIENTED_EDGE('',*,*,#10445,.F.);
#10469 = PLANE('',#10470);
#10470 = AXIS2_PLACEMENT_3D('',#10471,#10472,#10473);
#10471 = CARTESIAN_POINT('',(58.8,-145.5,0.));
#10472 = DIRECTION('',(1.,0.,0.));
#10473 = DIRECTION('',(0.,1.,0.));
#10474 = ADVANCED_FACE('',(#10475),#10500,.T.);
#10475 = FACE_BOUND('',#10476,.T.);
#10476 = EDGE_LOOP('',(#10477,#10487,#10493,#10494));
#10477 = ORIENTED_EDGE('',*,*,#10478,.F.);
#10478 = EDGE_CURVE('',#10479,#10481,#10483,.T.);
#10479 = VERTEX_POINT('',#10480);
#10480 = CARTESIAN_POINT('',(40.4,-137.5,0.));
#10481 = VERTEX_POINT('',#10482);
#10482 = CARTESIAN_POINT('',(40.4,-134.5,0.));
#10483 = LINE('',#10484,#10485);
#10484 = CARTESIAN_POINT('',(40.4,-201.5,0.));
#10485 = VECTOR('',#10486,1.);
#10486 = DIRECTION('',(0.,1.,0.));
#10487 = ORIENTED_EDGE('',*,*,#10488,.F.);
#10488 = EDGE_CURVE('',#2232,#10479,#10489,.T.);
#10489 = LINE('',#10490,#10491);
#10490 = CARTESIAN_POINT('',(40.4,-137.5,0.));
#10491 = VECTOR('',#10492,1.);
#10492 = DIRECTION('',(0.,0.,1.));
#10493 = ORIENTED_EDGE('',*,*,#2231,.T.);
#10494 = ORIENTED_EDGE('',*,*,#10495,.F.);
#10495 = EDGE_CURVE('',#10481,#2234,#10496,.T.);
#10496 = LINE('',#10497,#10498);
#10497 = CARTESIAN_POINT('',(40.4,-134.5,0.));
#10498 = VECTOR('',#10499,1.);
#10499 = DIRECTION('',(0.,0.,-1.));
#10500 = PLANE('',#10501);
#10501 = AXIS2_PLACEMENT_3D('',#10502,#10503,#10504);
#10502 = CARTESIAN_POINT('',(40.4,-201.5,0.));
#10503 = DIRECTION('',(1.,0.,0.));
#10504 = DIRECTION('',(0.,1.,0.));
#10505 = ADVANCED_FACE('',(#10506),#10524,.F.);
#10506 = FACE_BOUND('',#10507,.F.);
#10507 = EDGE_LOOP('',(#10508,#10516,#10517,#10518));
#10508 = ORIENTED_EDGE('',*,*,#10509,.F.);
#10509 = EDGE_CURVE('',#10479,#10510,#10512,.T.);
#10510 = VERTEX_POINT('',#10511);
#10511 = CARTESIAN_POINT('',(58.8,-137.5,0.));
#10512 = LINE('',#10513,#10514);
#10513 = CARTESIAN_POINT('',(-45.2,-137.5,0.));
#10514 = VECTOR('',#10515,1.);
#10515 = DIRECTION('',(1.,0.,0.));
#10516 = ORIENTED_EDGE('',*,*,#10488,.F.);
#10517 = ORIENTED_EDGE('',*,*,#2257,.F.);
#10518 = ORIENTED_EDGE('',*,*,#10519,.F.);
#10519 = EDGE_CURVE('',#10510,#2250,#10520,.T.);
#10520 = LINE('',#10521,#10522);
#10521 = CARTESIAN_POINT('',(58.8,-137.5,0.));
#10522 = VECTOR('',#10523,1.);
#10523 = DIRECTION('',(-0.,-0.,-1.));
#10524 = PLANE('',#10525);
#10525 = AXIS2_PLACEMENT_3D('',#10526,#10527,#10528);
#10526 = CARTESIAN_POINT('',(-45.2,-137.5,0.));
#10527 = DIRECTION('',(0.,-1.,0.));
#10528 = DIRECTION('',(1.,0.,0.));
#10529 = ADVANCED_FACE('',(#10530),#10548,.F.);
#10530 = FACE_BOUND('',#10531,.F.);
#10531 = EDGE_LOOP('',(#10532,#10540,#10546,#10547));
#10532 = ORIENTED_EDGE('',*,*,#10533,.F.);
#10533 = EDGE_CURVE('',#10534,#10481,#10536,.T.);
#10534 = VERTEX_POINT('',#10535);
#10535 = CARTESIAN_POINT('',(58.8,-134.5,0.));
#10536 = LINE('',#10537,#10538);
#10537 = CARTESIAN_POINT('',(58.8,-134.5,0.));
#10538 = VECTOR('',#10539,1.);
#10539 = DIRECTION('',(-1.,0.,0.));
#10540 = ORIENTED_EDGE('',*,*,#10541,.T.);
#10541 = EDGE_CURVE('',#10534,#2242,#10542,.T.);
#10542 = LINE('',#10543,#10544);
#10543 = CARTESIAN_POINT('',(58.8,-134.5,0.));
#10544 = VECTOR('',#10545,1.);
#10545 = DIRECTION('',(-0.,-0.,-1.));
#10546 = ORIENTED_EDGE('',*,*,#2241,.F.);
#10547 = ORIENTED_EDGE('',*,*,#10495,.F.);
#10548 = PLANE('',#10549);
#10549 = AXIS2_PLACEMENT_3D('',#10550,#10551,#10552);
#10550 = CARTESIAN_POINT('',(58.8,-134.5,0.));
#10551 = DIRECTION('',(0.,1.,0.));
#10552 = DIRECTION('',(-1.,0.,0.));
#10553 = ADVANCED_FACE('',(#10554),#10565,.F.);
#10554 = FACE_BOUND('',#10555,.F.);
#10555 = EDGE_LOOP('',(#10556,#10562,#10563,#10564));
#10556 = ORIENTED_EDGE('',*,*,#10557,.F.);
#10557 = EDGE_CURVE('',#10510,#10534,#10558,.T.);
#10558 = LINE('',#10559,#10560);
#10559 = CARTESIAN_POINT('',(58.8,-137.5,0.));
#10560 = VECTOR('',#10561,1.);
#10561 = DIRECTION('',(0.,1.,0.));
#10562 = ORIENTED_EDGE('',*,*,#10519,.T.);
#10563 = ORIENTED_EDGE('',*,*,#2249,.F.);
#10564 = ORIENTED_EDGE('',*,*,#10541,.F.);
#10565 = PLANE('',#10566);
#10566 = AXIS2_PLACEMENT_3D('',#10567,#10568,#10569);
#10567 = CARTESIAN_POINT('',(58.8,-137.5,0.));
#10568 = DIRECTION('',(1.,0.,0.));
#10569 = DIRECTION('',(0.,1.,0.));
#10570 = ADVANCED_FACE('',(#10571),#10596,.T.);
#10571 = FACE_BOUND('',#10572,.T.);
#10572 = EDGE_LOOP('',(#10573,#10583,#10589,#10590));
#10573 = ORIENTED_EDGE('',*,*,#10574,.F.);
#10574 = EDGE_CURVE('',#10575,#10577,#10579,.T.);
#10575 = VERTEX_POINT('',#10576);
#10576 = CARTESIAN_POINT('',(40.4,-129.5,0.));
#10577 = VERTEX_POINT('',#10578);
#10578 = CARTESIAN_POINT('',(40.4,-126.5,0.));
#10579 = LINE('',#10580,#10581);
#10580 = CARTESIAN_POINT('',(40.4,-201.5,0.));
#10581 = VECTOR('',#10582,1.);
#10582 = DIRECTION('',(0.,1.,0.));
#10583 = ORIENTED_EDGE('',*,*,#10584,.F.);
#10584 = EDGE_CURVE('',#2266,#10575,#10585,.T.);
#10585 = LINE('',#10586,#10587);
#10586 = CARTESIAN_POINT('',(40.4,-129.5,0.));
#10587 = VECTOR('',#10588,1.);
#10588 = DIRECTION('',(0.,0.,1.));
#10589 = ORIENTED_EDGE('',*,*,#2265,.T.);
#10590 = ORIENTED_EDGE('',*,*,#10591,.F.);
#10591 = EDGE_CURVE('',#10577,#2268,#10592,.T.);
#10592 = LINE('',#10593,#10594);
#10593 = CARTESIAN_POINT('',(40.4,-126.5,0.));
#10594 = VECTOR('',#10595,1.);
#10595 = DIRECTION('',(0.,0.,-1.));
#10596 = PLANE('',#10597);
#10597 = AXIS2_PLACEMENT_3D('',#10598,#10599,#10600);
#10598 = CARTESIAN_POINT('',(40.4,-201.5,0.));
#10599 = DIRECTION('',(1.,0.,0.));
#10600 = DIRECTION('',(0.,1.,0.));
#10601 = ADVANCED_FACE('',(#10602),#10620,.F.);
#10602 = FACE_BOUND('',#10603,.F.);
#10603 = EDGE_LOOP('',(#10604,#10612,#10613,#10614));
#10604 = ORIENTED_EDGE('',*,*,#10605,.F.);
#10605 = EDGE_CURVE('',#10575,#10606,#10608,.T.);
#10606 = VERTEX_POINT('',#10607);
#10607 = CARTESIAN_POINT('',(58.8,-129.5,0.));
#10608 = LINE('',#10609,#10610);
#10609 = CARTESIAN_POINT('',(-45.2,-129.5,0.));
#10610 = VECTOR('',#10611,1.);
#10611 = DIRECTION('',(1.,0.,0.));
#10612 = ORIENTED_EDGE('',*,*,#10584,.F.);
#10613 = ORIENTED_EDGE('',*,*,#2291,.F.);
#10614 = ORIENTED_EDGE('',*,*,#10615,.F.);
#10615 = EDGE_CURVE('',#10606,#2284,#10616,.T.);
#10616 = LINE('',#10617,#10618);
#10617 = CARTESIAN_POINT('',(58.8,-129.5,0.));
#10618 = VECTOR('',#10619,1.);
#10619 = DIRECTION('',(-0.,-0.,-1.));
#10620 = PLANE('',#10621);
#10621 = AXIS2_PLACEMENT_3D('',#10622,#10623,#10624);
#10622 = CARTESIAN_POINT('',(-45.2,-129.5,0.));
#10623 = DIRECTION('',(0.,-1.,0.));
#10624 = DIRECTION('',(1.,0.,0.));
#10625 = ADVANCED_FACE('',(#10626),#10644,.F.);
#10626 = FACE_BOUND('',#10627,.F.);
#10627 = EDGE_LOOP('',(#10628,#10636,#10642,#10643));
#10628 = ORIENTED_EDGE('',*,*,#10629,.F.);
#10629 = EDGE_CURVE('',#10630,#10577,#10632,.T.);
#10630 = VERTEX_POINT('',#10631);
#10631 = CARTESIAN_POINT('',(58.8,-126.5,0.));
#10632 = LINE('',#10633,#10634);
#10633 = CARTESIAN_POINT('',(58.8,-126.5,0.));
#10634 = VECTOR('',#10635,1.);
#10635 = DIRECTION('',(-1.,0.,0.));
#10636 = ORIENTED_EDGE('',*,*,#10637,.T.);
#10637 = EDGE_CURVE('',#10630,#2276,#10638,.T.);
#10638 = LINE('',#10639,#10640);
#10639 = CARTESIAN_POINT('',(58.8,-126.5,0.));
#10640 = VECTOR('',#10641,1.);
#10641 = DIRECTION('',(-0.,-0.,-1.));
#10642 = ORIENTED_EDGE('',*,*,#2275,.F.);
#10643 = ORIENTED_EDGE('',*,*,#10591,.F.);
#10644 = PLANE('',#10645);
#10645 = AXIS2_PLACEMENT_3D('',#10646,#10647,#10648);
#10646 = CARTESIAN_POINT('',(58.8,-126.5,0.));
#10647 = DIRECTION('',(0.,1.,0.));
#10648 = DIRECTION('',(-1.,0.,0.));
#10649 = ADVANCED_FACE('',(#10650),#10661,.F.);
#10650 = FACE_BOUND('',#10651,.F.);
#10651 = EDGE_LOOP('',(#10652,#10658,#10659,#10660));
#10652 = ORIENTED_EDGE('',*,*,#10653,.F.);
#10653 = EDGE_CURVE('',#10606,#10630,#10654,.T.);
#10654 = LINE('',#10655,#10656);
#10655 = CARTESIAN_POINT('',(58.8,-129.5,0.));
#10656 = VECTOR('',#10657,1.);
#10657 = DIRECTION('',(0.,1.,0.));
#10658 = ORIENTED_EDGE('',*,*,#10615,.T.);
#10659 = ORIENTED_EDGE('',*,*,#2283,.F.);
#10660 = ORIENTED_EDGE('',*,*,#10637,.F.);
#10661 = PLANE('',#10662);
#10662 = AXIS2_PLACEMENT_3D('',#10663,#10664,#10665);
#10663 = CARTESIAN_POINT('',(58.8,-129.5,0.));
#10664 = DIRECTION('',(1.,0.,0.));
#10665 = DIRECTION('',(0.,1.,0.));
#10666 = ADVANCED_FACE('',(#10667),#10692,.T.);
#10667 = FACE_BOUND('',#10668,.T.);
#10668 = EDGE_LOOP('',(#10669,#10679,#10685,#10686));
#10669 = ORIENTED_EDGE('',*,*,#10670,.F.);
#10670 = EDGE_CURVE('',#10671,#10673,#10675,.T.);
#10671 = VERTEX_POINT('',#10672);
#10672 = CARTESIAN_POINT('',(-26.8,-118.5,0.));
#10673 = VERTEX_POINT('',#10674);
#10674 = CARTESIAN_POINT('',(-26.8,-121.5,0.));
#10675 = LINE('',#10676,#10677);
#10676 = CARTESIAN_POINT('',(-26.8,-38.5,0.));
#10677 = VECTOR('',#10678,1.);
#10678 = DIRECTION('',(0.,-1.,0.));
#10679 = ORIENTED_EDGE('',*,*,#10680,.F.);
#10680 = EDGE_CURVE('',#2300,#10671,#10681,.T.);
#10681 = LINE('',#10682,#10683);
#10682 = CARTESIAN_POINT('',(-26.8,-118.5,0.));
#10683 = VECTOR('',#10684,1.);
#10684 = DIRECTION('',(0.,0.,1.));
#10685 = ORIENTED_EDGE('',*,*,#2299,.T.);
#10686 = ORIENTED_EDGE('',*,*,#10687,.F.);
#10687 = EDGE_CURVE('',#10673,#2302,#10688,.T.);
#10688 = LINE('',#10689,#10690);
#10689 = CARTESIAN_POINT('',(-26.8,-121.5,0.));
#10690 = VECTOR('',#10691,1.);
#10691 = DIRECTION('',(-0.,-0.,-1.));
#10692 = PLANE('',#10693);
#10693 = AXIS2_PLACEMENT_3D('',#10694,#10695,#10696);
#10694 = CARTESIAN_POINT('',(-26.8,-38.5,0.));
#10695 = DIRECTION('',(-1.,0.,0.));
#10696 = DIRECTION('',(0.,-1.,0.));
#10697 = ADVANCED_FACE('',(#10698),#10716,.F.);
#10698 = FACE_BOUND('',#10699,.F.);
#10699 = EDGE_LOOP('',(#10700,#10708,#10709,#10710));
#10700 = ORIENTED_EDGE('',*,*,#10701,.F.);
#10701 = EDGE_CURVE('',#10671,#10702,#10704,.T.);
#10702 = VERTEX_POINT('',#10703);
#10703 = CARTESIAN_POINT('',(-45.2,-118.5,0.));
#10704 = LINE('',#10705,#10706);
#10705 = CARTESIAN_POINT('',(58.8,-118.5,0.));
#10706 = VECTOR('',#10707,1.);
#10707 = DIRECTION('',(-1.,0.,0.));
#10708 = ORIENTED_EDGE('',*,*,#10680,.F.);
#10709 = ORIENTED_EDGE('',*,*,#2325,.F.);
#10710 = ORIENTED_EDGE('',*,*,#10711,.F.);
#10711 = EDGE_CURVE('',#10702,#2318,#10712,.T.);
#10712 = LINE('',#10713,#10714);
#10713 = CARTESIAN_POINT('',(-45.2,-118.5,0.));
#10714 = VECTOR('',#10715,1.);
#10715 = DIRECTION('',(-0.,-0.,-1.));
#10716 = PLANE('',#10717);
#10717 = AXIS2_PLACEMENT_3D('',#10718,#10719,#10720);
#10718 = CARTESIAN_POINT('',(58.8,-118.5,0.));
#10719 = DIRECTION('',(0.,1.,0.));
#10720 = DIRECTION('',(-1.,0.,0.));
#10721 = ADVANCED_FACE('',(#10722),#10740,.F.);
#10722 = FACE_BOUND('',#10723,.F.);
#10723 = EDGE_LOOP('',(#10724,#10732,#10738,#10739));
#10724 = ORIENTED_EDGE('',*,*,#10725,.F.);
#10725 = EDGE_CURVE('',#10726,#10673,#10728,.T.);
#10726 = VERTEX_POINT('',#10727);
#10727 = CARTESIAN_POINT('',(-45.2,-121.5,0.));
#10728 = LINE('',#10729,#10730);
#10729 = CARTESIAN_POINT('',(-45.2,-121.5,0.));
#10730 = VECTOR('',#10731,1.);
#10731 = DIRECTION('',(1.,0.,0.));
#10732 = ORIENTED_EDGE('',*,*,#10733,.T.);
#10733 = EDGE_CURVE('',#10726,#2310,#10734,.T.);
#10734 = LINE('',#10735,#10736);
#10735 = CARTESIAN_POINT('',(-45.2,-121.5,0.));
#10736 = VECTOR('',#10737,1.);
#10737 = DIRECTION('',(-0.,-0.,-1.));
#10738 = ORIENTED_EDGE('',*,*,#2309,.F.);
#10739 = ORIENTED_EDGE('',*,*,#10687,.F.);
#10740 = PLANE('',#10741);
#10741 = AXIS2_PLACEMENT_3D('',#10742,#10743,#10744);
#10742 = CARTESIAN_POINT('',(-45.2,-121.5,0.));
#10743 = DIRECTION('',(0.,-1.,0.));
#10744 = DIRECTION('',(1.,0.,0.));
#10745 = ADVANCED_FACE('',(#10746),#10757,.F.);
#10746 = FACE_BOUND('',#10747,.F.);
#10747 = EDGE_LOOP('',(#10748,#10754,#10755,#10756));
#10748 = ORIENTED_EDGE('',*,*,#10749,.F.);
#10749 = EDGE_CURVE('',#10702,#10726,#10750,.T.);
#10750 = LINE('',#10751,#10752);
#10751 = CARTESIAN_POINT('',(-45.2,-118.5,0.));
#10752 = VECTOR('',#10753,1.);
#10753 = DIRECTION('',(0.,-1.,0.));
#10754 = ORIENTED_EDGE('',*,*,#10711,.T.);
#10755 = ORIENTED_EDGE('',*,*,#2317,.F.);
#10756 = ORIENTED_EDGE('',*,*,#10733,.F.);
#10757 = PLANE('',#10758);
#10758 = AXIS2_PLACEMENT_3D('',#10759,#10760,#10761);
#10759 = CARTESIAN_POINT('',(-45.2,-118.5,0.));
#10760 = DIRECTION('',(-1.,0.,0.));
#10761 = DIRECTION('',(0.,-1.,0.));
#10762 = ADVANCED_FACE('',(#10763),#10788,.T.);
#10763 = FACE_BOUND('',#10764,.T.);
#10764 = EDGE_LOOP('',(#10765,#10775,#10781,#10782));
#10765 = ORIENTED_EDGE('',*,*,#10766,.F.);
#10766 = EDGE_CURVE('',#10767,#10769,#10771,.T.);
#10767 = VERTEX_POINT('',#10768);
#10768 = CARTESIAN_POINT('',(-26.8,-110.5,0.));
#10769 = VERTEX_POINT('',#10770);
#10770 = CARTESIAN_POINT('',(-26.8,-113.5,0.));
#10771 = LINE('',#10772,#10773);
#10772 = CARTESIAN_POINT('',(-26.8,-38.5,0.));
#10773 = VECTOR('',#10774,1.);
#10774 = DIRECTION('',(0.,-1.,0.));
#10775 = ORIENTED_EDGE('',*,*,#10776,.F.);
#10776 = EDGE_CURVE('',#2334,#10767,#10777,.T.);
#10777 = LINE('',#10778,#10779);
#10778 = CARTESIAN_POINT('',(-26.8,-110.5,0.));
#10779 = VECTOR('',#10780,1.);
#10780 = DIRECTION('',(0.,0.,1.));
#10781 = ORIENTED_EDGE('',*,*,#2333,.T.);
#10782 = ORIENTED_EDGE('',*,*,#10783,.F.);
#10783 = EDGE_CURVE('',#10769,#2336,#10784,.T.);
#10784 = LINE('',#10785,#10786);
#10785 = CARTESIAN_POINT('',(-26.8,-113.5,0.));
#10786 = VECTOR('',#10787,1.);
#10787 = DIRECTION('',(-0.,-0.,-1.));
#10788 = PLANE('',#10789);
#10789 = AXIS2_PLACEMENT_3D('',#10790,#10791,#10792);
#10790 = CARTESIAN_POINT('',(-26.8,-38.5,0.));
#10791 = DIRECTION('',(-1.,0.,0.));
#10792 = DIRECTION('',(0.,-1.,0.));
#10793 = ADVANCED_FACE('',(#10794),#10812,.F.);
#10794 = FACE_BOUND('',#10795,.F.);
#10795 = EDGE_LOOP('',(#10796,#10804,#10805,#10806));
#10796 = ORIENTED_EDGE('',*,*,#10797,.F.);
#10797 = EDGE_CURVE('',#10767,#10798,#10800,.T.);
#10798 = VERTEX_POINT('',#10799);
#10799 = CARTESIAN_POINT('',(-45.2,-110.5,0.));
#10800 = LINE('',#10801,#10802);
#10801 = CARTESIAN_POINT('',(58.8,-110.5,0.));
#10802 = VECTOR('',#10803,1.);
#10803 = DIRECTION('',(-1.,0.,0.));
#10804 = ORIENTED_EDGE('',*,*,#10776,.F.);
#10805 = ORIENTED_EDGE('',*,*,#2359,.F.);
#10806 = ORIENTED_EDGE('',*,*,#10807,.F.);
#10807 = EDGE_CURVE('',#10798,#2352,#10808,.T.);
#10808 = LINE('',#10809,#10810);
#10809 = CARTESIAN_POINT('',(-45.2,-110.5,0.));
#10810 = VECTOR('',#10811,1.);
#10811 = DIRECTION('',(-0.,-0.,-1.));
#10812 = PLANE('',#10813);
#10813 = AXIS2_PLACEMENT_3D('',#10814,#10815,#10816);
#10814 = CARTESIAN_POINT('',(58.8,-110.5,0.));
#10815 = DIRECTION('',(0.,1.,0.));
#10816 = DIRECTION('',(-1.,0.,0.));
#10817 = ADVANCED_FACE('',(#10818),#10836,.F.);
#10818 = FACE_BOUND('',#10819,.F.);
#10819 = EDGE_LOOP('',(#10820,#10828,#10834,#10835));
#10820 = ORIENTED_EDGE('',*,*,#10821,.F.);
#10821 = EDGE_CURVE('',#10822,#10769,#10824,.T.);
#10822 = VERTEX_POINT('',#10823);
#10823 = CARTESIAN_POINT('',(-45.2,-113.5,0.));
#10824 = LINE('',#10825,#10826);
#10825 = CARTESIAN_POINT('',(-45.2,-113.5,0.));
#10826 = VECTOR('',#10827,1.);
#10827 = DIRECTION('',(1.,0.,0.));
#10828 = ORIENTED_EDGE('',*,*,#10829,.T.);
#10829 = EDGE_CURVE('',#10822,#2344,#10830,.T.);
#10830 = LINE('',#10831,#10832);
#10831 = CARTESIAN_POINT('',(-45.2,-113.5,0.));
#10832 = VECTOR('',#10833,1.);
#10833 = DIRECTION('',(-0.,-0.,-1.));
#10834 = ORIENTED_EDGE('',*,*,#2343,.F.);
#10835 = ORIENTED_EDGE('',*,*,#10783,.F.);
#10836 = PLANE('',#10837);
#10837 = AXIS2_PLACEMENT_3D('',#10838,#10839,#10840);
#10838 = CARTESIAN_POINT('',(-45.2,-113.5,0.));
#10839 = DIRECTION('',(0.,-1.,0.));
#10840 = DIRECTION('',(1.,0.,0.));
#10841 = ADVANCED_FACE('',(#10842),#10853,.F.);
#10842 = FACE_BOUND('',#10843,.F.);
#10843 = EDGE_LOOP('',(#10844,#10850,#10851,#10852));
#10844 = ORIENTED_EDGE('',*,*,#10845,.F.);
#10845 = EDGE_CURVE('',#10798,#10822,#10846,.T.);
#10846 = LINE('',#10847,#10848);
#10847 = CARTESIAN_POINT('',(-45.2,-110.5,0.));
#10848 = VECTOR('',#10849,1.);
#10849 = DIRECTION('',(0.,-1.,0.));
#10850 = ORIENTED_EDGE('',*,*,#10807,.T.);
#10851 = ORIENTED_EDGE('',*,*,#2351,.F.);
#10852 = ORIENTED_EDGE('',*,*,#10829,.F.);
#10853 = PLANE('',#10854);
#10854 = AXIS2_PLACEMENT_3D('',#10855,#10856,#10857);
#10855 = CARTESIAN_POINT('',(-45.2,-110.5,0.));
#10856 = DIRECTION('',(-1.,0.,0.));
#10857 = DIRECTION('',(0.,-1.,0.));
#10858 = ADVANCED_FACE('',(#10859),#10884,.T.);
#10859 = FACE_BOUND('',#10860,.T.);
#10860 = EDGE_LOOP('',(#10861,#10871,#10877,#10878));
#10861 = ORIENTED_EDGE('',*,*,#10862,.F.);
#10862 = EDGE_CURVE('',#10863,#10865,#10867,.T.);
#10863 = VERTEX_POINT('',#10864);
#10864 = CARTESIAN_POINT('',(-26.8,-102.5,0.));
#10865 = VERTEX_POINT('',#10866);
#10866 = CARTESIAN_POINT('',(-26.8,-105.5,0.));
#10867 = LINE('',#10868,#10869);
#10868 = CARTESIAN_POINT('',(-26.8,-38.5,0.));
#10869 = VECTOR('',#10870,1.);
#10870 = DIRECTION('',(0.,-1.,0.));
#10871 = ORIENTED_EDGE('',*,*,#10872,.F.);
#10872 = EDGE_CURVE('',#2368,#10863,#10873,.T.);
#10873 = LINE('',#10874,#10875);
#10874 = CARTESIAN_POINT('',(-26.8,-102.5,0.));
#10875 = VECTOR('',#10876,1.);
#10876 = DIRECTION('',(0.,0.,1.));
#10877 = ORIENTED_EDGE('',*,*,#2367,.T.);
#10878 = ORIENTED_EDGE('',*,*,#10879,.F.);
#10879 = EDGE_CURVE('',#10865,#2370,#10880,.T.);
#10880 = LINE('',#10881,#10882);
#10881 = CARTESIAN_POINT('',(-26.8,-105.5,0.));
#10882 = VECTOR('',#10883,1.);
#10883 = DIRECTION('',(-0.,-0.,-1.));
#10884 = PLANE('',#10885);
#10885 = AXIS2_PLACEMENT_3D('',#10886,#10887,#10888);
#10886 = CARTESIAN_POINT('',(-26.8,-38.5,0.));
#10887 = DIRECTION('',(-1.,0.,0.));
#10888 = DIRECTION('',(0.,-1.,0.));
#10889 = ADVANCED_FACE('',(#10890),#10908,.F.);
#10890 = FACE_BOUND('',#10891,.F.);
#10891 = EDGE_LOOP('',(#10892,#10900,#10901,#10902));
#10892 = ORIENTED_EDGE('',*,*,#10893,.F.);
#10893 = EDGE_CURVE('',#10863,#10894,#10896,.T.);
#10894 = VERTEX_POINT('',#10895);
#10895 = CARTESIAN_POINT('',(-45.2,-102.5,0.));
#10896 = LINE('',#10897,#10898);
#10897 = CARTESIAN_POINT('',(58.8,-102.5,0.));
#10898 = VECTOR('',#10899,1.);
#10899 = DIRECTION('',(-1.,0.,0.));
#10900 = ORIENTED_EDGE('',*,*,#10872,.F.);
#10901 = ORIENTED_EDGE('',*,*,#2393,.F.);
#10902 = ORIENTED_EDGE('',*,*,#10903,.F.);
#10903 = EDGE_CURVE('',#10894,#2386,#10904,.T.);
#10904 = LINE('',#10905,#10906);
#10905 = CARTESIAN_POINT('',(-45.2,-102.5,0.));
#10906 = VECTOR('',#10907,1.);
#10907 = DIRECTION('',(-0.,-0.,-1.));
#10908 = PLANE('',#10909);
#10909 = AXIS2_PLACEMENT_3D('',#10910,#10911,#10912);
#10910 = CARTESIAN_POINT('',(58.8,-102.5,0.));
#10911 = DIRECTION('',(0.,1.,0.));
#10912 = DIRECTION('',(-1.,0.,0.));
#10913 = ADVANCED_FACE('',(#10914),#10932,.F.);
#10914 = FACE_BOUND('',#10915,.F.);
#10915 = EDGE_LOOP('',(#10916,#10924,#10930,#10931));
#10916 = ORIENTED_EDGE('',*,*,#10917,.F.);
#10917 = EDGE_CURVE('',#10918,#10865,#10920,.T.);
#10918 = VERTEX_POINT('',#10919);
#10919 = CARTESIAN_POINT('',(-45.2,-105.5,0.));
#10920 = LINE('',#10921,#10922);
#10921 = CARTESIAN_POINT('',(-45.2,-105.5,0.));
#10922 = VECTOR('',#10923,1.);
#10923 = DIRECTION('',(1.,0.,0.));
#10924 = ORIENTED_EDGE('',*,*,#10925,.T.);
#10925 = EDGE_CURVE('',#10918,#2378,#10926,.T.);
#10926 = LINE('',#10927,#10928);
#10927 = CARTESIAN_POINT('',(-45.2,-105.5,0.));
#10928 = VECTOR('',#10929,1.);
#10929 = DIRECTION('',(-0.,-0.,-1.));
#10930 = ORIENTED_EDGE('',*,*,#2377,.F.);
#10931 = ORIENTED_EDGE('',*,*,#10879,.F.);
#10932 = PLANE('',#10933);
#10933 = AXIS2_PLACEMENT_3D('',#10934,#10935,#10936);
#10934 = CARTESIAN_POINT('',(-45.2,-105.5,0.));
#10935 = DIRECTION('',(0.,-1.,0.));
#10936 = DIRECTION('',(1.,0.,0.));
#10937 = ADVANCED_FACE('',(#10938),#10949,.F.);
#10938 = FACE_BOUND('',#10939,.F.);
#10939 = EDGE_LOOP('',(#10940,#10946,#10947,#10948));
#10940 = ORIENTED_EDGE('',*,*,#10941,.F.);
#10941 = EDGE_CURVE('',#10894,#10918,#10942,.T.);
#10942 = LINE('',#10943,#10944);
#10943 = CARTESIAN_POINT('',(-45.2,-102.5,0.));
#10944 = VECTOR('',#10945,1.);
#10945 = DIRECTION('',(0.,-1.,0.));
#10946 = ORIENTED_EDGE('',*,*,#10903,.T.);
#10947 = ORIENTED_EDGE('',*,*,#2385,.F.);
#10948 = ORIENTED_EDGE('',*,*,#10925,.F.);
#10949 = PLANE('',#10950);
#10950 = AXIS2_PLACEMENT_3D('',#10951,#10952,#10953);
#10951 = CARTESIAN_POINT('',(-45.2,-102.5,0.));
#10952 = DIRECTION('',(-1.,0.,0.));
#10953 = DIRECTION('',(0.,-1.,0.));
#10954 = ADVANCED_FACE('',(#10955),#10980,.T.);
#10955 = FACE_BOUND('',#10956,.T.);
#10956 = EDGE_LOOP('',(#10957,#10967,#10973,#10974));
#10957 = ORIENTED_EDGE('',*,*,#10958,.F.);
#10958 = EDGE_CURVE('',#10959,#10961,#10963,.T.);
#10959 = VERTEX_POINT('',#10960);
#10960 = CARTESIAN_POINT('',(-26.8,-94.5,0.));
#10961 = VERTEX_POINT('',#10962);
#10962 = CARTESIAN_POINT('',(-26.8,-97.5,0.));
#10963 = LINE('',#10964,#10965);
#10964 = CARTESIAN_POINT('',(-26.8,-38.5,0.));
#10965 = VECTOR('',#10966,1.);
#10966 = DIRECTION('',(0.,-1.,0.));
#10967 = ORIENTED_EDGE('',*,*,#10968,.F.);
#10968 = EDGE_CURVE('',#2402,#10959,#10969,.T.);
#10969 = LINE('',#10970,#10971);
#10970 = CARTESIAN_POINT('',(-26.8,-94.5,0.));
#10971 = VECTOR('',#10972,1.);
#10972 = DIRECTION('',(0.,0.,1.));
#10973 = ORIENTED_EDGE('',*,*,#2401,.T.);
#10974 = ORIENTED_EDGE('',*,*,#10975,.F.);
#10975 = EDGE_CURVE('',#10961,#2404,#10976,.T.);
#10976 = LINE('',#10977,#10978);
#10977 = CARTESIAN_POINT('',(-26.8,-97.5,0.));
#10978 = VECTOR('',#10979,1.);
#10979 = DIRECTION('',(-0.,-0.,-1.));
#10980 = PLANE('',#10981);
#10981 = AXIS2_PLACEMENT_3D('',#10982,#10983,#10984);
#10982 = CARTESIAN_POINT('',(-26.8,-38.5,0.));
#10983 = DIRECTION('',(-1.,0.,0.));
#10984 = DIRECTION('',(0.,-1.,0.));
#10985 = ADVANCED_FACE('',(#10986),#11004,.F.);
#10986 = FACE_BOUND('',#10987,.F.);
#10987 = EDGE_LOOP('',(#10988,#10996,#10997,#10998));
#10988 = ORIENTED_EDGE('',*,*,#10989,.F.);
#10989 = EDGE_CURVE('',#10959,#10990,#10992,.T.);
#10990 = VERTEX_POINT('',#10991);
#10991 = CARTESIAN_POINT('',(-45.2,-94.5,0.));
#10992 = LINE('',#10993,#10994);
#10993 = CARTESIAN_POINT('',(58.8,-94.5,0.));
#10994 = VECTOR('',#10995,1.);
#10995 = DIRECTION('',(-1.,0.,0.));
#10996 = ORIENTED_EDGE('',*,*,#10968,.F.);
#10997 = ORIENTED_EDGE('',*,*,#2427,.F.);
#10998 = ORIENTED_EDGE('',*,*,#10999,.F.);
#10999 = EDGE_CURVE('',#10990,#2420,#11000,.T.);
#11000 = LINE('',#11001,#11002);
#11001 = CARTESIAN_POINT('',(-45.2,-94.5,0.));
#11002 = VECTOR('',#11003,1.);
#11003 = DIRECTION('',(-0.,-0.,-1.));
#11004 = PLANE('',#11005);
#11005 = AXIS2_PLACEMENT_3D('',#11006,#11007,#11008);
#11006 = CARTESIAN_POINT('',(58.8,-94.5,0.));
#11007 = DIRECTION('',(0.,1.,0.));
#11008 = DIRECTION('',(-1.,0.,0.));
#11009 = ADVANCED_FACE('',(#11010),#11028,.F.);
#11010 = FACE_BOUND('',#11011,.F.);
#11011 = EDGE_LOOP('',(#11012,#11020,#11026,#11027));
#11012 = ORIENTED_EDGE('',*,*,#11013,.F.);
#11013 = EDGE_CURVE('',#11014,#10961,#11016,.T.);
#11014 = VERTEX_POINT('',#11015);
#11015 = CARTESIAN_POINT('',(-45.2,-97.5,0.));
#11016 = LINE('',#11017,#11018);
#11017 = CARTESIAN_POINT('',(-45.2,-97.5,0.));
#11018 = VECTOR('',#11019,1.);
#11019 = DIRECTION('',(1.,0.,0.));
#11020 = ORIENTED_EDGE('',*,*,#11021,.T.);
#11021 = EDGE_CURVE('',#11014,#2412,#11022,.T.);
#11022 = LINE('',#11023,#11024);
#11023 = CARTESIAN_POINT('',(-45.2,-97.5,0.));
#11024 = VECTOR('',#11025,1.);
#11025 = DIRECTION('',(-0.,-0.,-1.));
#11026 = ORIENTED_EDGE('',*,*,#2411,.F.);
#11027 = ORIENTED_EDGE('',*,*,#10975,.F.);
#11028 = PLANE('',#11029);
#11029 = AXIS2_PLACEMENT_3D('',#11030,#11031,#11032);
#11030 = CARTESIAN_POINT('',(-45.2,-97.5,0.));
#11031 = DIRECTION('',(0.,-1.,0.));
#11032 = DIRECTION('',(1.,0.,0.));
#11033 = ADVANCED_FACE('',(#11034),#11045,.F.);
#11034 = FACE_BOUND('',#11035,.F.);
#11035 = EDGE_LOOP('',(#11036,#11042,#11043,#11044));
#11036 = ORIENTED_EDGE('',*,*,#11037,.F.);
#11037 = EDGE_CURVE('',#10990,#11014,#11038,.T.);
#11038 = LINE('',#11039,#11040);
#11039 = CARTESIAN_POINT('',(-45.2,-94.5,0.));
#11040 = VECTOR('',#11041,1.);
#11041 = DIRECTION('',(0.,-1.,0.));
#11042 = ORIENTED_EDGE('',*,*,#10999,.T.);
#11043 = ORIENTED_EDGE('',*,*,#2419,.F.);
#11044 = ORIENTED_EDGE('',*,*,#11021,.F.);
#11045 = PLANE('',#11046);
#11046 = AXIS2_PLACEMENT_3D('',#11047,#11048,#11049);
#11047 = CARTESIAN_POINT('',(-45.2,-94.5,0.));
#11048 = DIRECTION('',(-1.,0.,0.));
#11049 = DIRECTION('',(0.,-1.,0.));
#11050 = ADVANCED_FACE('',(#11051),#11076,.F.);
#11051 = FACE_BOUND('',#11052,.F.);
#11052 = EDGE_LOOP('',(#11053,#11063,#11069,#11070));
#11053 = ORIENTED_EDGE('',*,*,#11054,.F.);
#11054 = EDGE_CURVE('',#11055,#11057,#11059,.T.);
#11055 = VERTEX_POINT('',#11056);
#11056 = CARTESIAN_POINT('',(-5.4,-118.5,0.));
#11057 = VERTEX_POINT('',#11058);
#11058 = CARTESIAN_POINT('',(-23.8,-118.5,0.));
#11059 = LINE('',#11060,#11061);
#11060 = CARTESIAN_POINT('',(58.8,-118.5,0.));
#11061 = VECTOR('',#11062,1.);
#11062 = DIRECTION('',(-1.,0.,0.));
#11063 = ORIENTED_EDGE('',*,*,#11064,.F.);
#11064 = EDGE_CURVE('',#2438,#11055,#11065,.T.);
#11065 = LINE('',#11066,#11067);
#11066 = CARTESIAN_POINT('',(-5.4,-118.5,0.));
#11067 = VECTOR('',#11068,1.);
#11068 = DIRECTION('',(0.,0.,1.));
#11069 = ORIENTED_EDGE('',*,*,#2435,.F.);
#11070 = ORIENTED_EDGE('',*,*,#11071,.F.);
#11071 = EDGE_CURVE('',#11057,#2436,#11072,.T.);
#11072 = LINE('',#11073,#11074);
#11073 = CARTESIAN_POINT('',(-23.8,-118.5,0.));
#11074 = VECTOR('',#11075,1.);
#11075 = DIRECTION('',(0.,0.,-1.));
#11076 = PLANE('',#11077);
#11077 = AXIS2_PLACEMENT_3D('',#11078,#11079,#11080);
#11078 = CARTESIAN_POINT('',(58.8,-118.5,0.));
#11079 = DIRECTION('',(0.,1.,0.));
#11080 = DIRECTION('',(-1.,0.,0.));
#11081 = ADVANCED_FACE('',(#11082),#11100,.T.);
#11082 = FACE_BOUND('',#11083,.T.);
#11083 = EDGE_LOOP('',(#11084,#11092,#11098,#11099));
#11084 = ORIENTED_EDGE('',*,*,#11085,.F.);
#11085 = EDGE_CURVE('',#11086,#11057,#11088,.T.);
#11086 = VERTEX_POINT('',#11087);
#11087 = CARTESIAN_POINT('',(-23.8,-121.5,0.));
#11088 = LINE('',#11089,#11090);
#11089 = CARTESIAN_POINT('',(-23.8,-201.5,0.));
#11090 = VECTOR('',#11091,1.);
#11091 = DIRECTION('',(0.,1.,0.));
#11092 = ORIENTED_EDGE('',*,*,#11093,.F.);
#11093 = EDGE_CURVE('',#2454,#11086,#11094,.T.);
#11094 = LINE('',#11095,#11096);
#11095 = CARTESIAN_POINT('',(-23.8,-121.5,0.));
#11096 = VECTOR('',#11097,1.);
#11097 = DIRECTION('',(0.,0.,1.));
#11098 = ORIENTED_EDGE('',*,*,#2461,.T.);
#11099 = ORIENTED_EDGE('',*,*,#11071,.F.);
#11100 = PLANE('',#11101);
#11101 = AXIS2_PLACEMENT_3D('',#11102,#11103,#11104);
#11102 = CARTESIAN_POINT('',(-23.8,-201.5,0.));
#11103 = DIRECTION('',(1.,0.,0.));
#11104 = DIRECTION('',(0.,1.,0.));
#11105 = ADVANCED_FACE('',(#11106),#11124,.T.);
#11106 = FACE_BOUND('',#11107,.T.);
#11107 = EDGE_LOOP('',(#11108,#11116,#11117,#11118));
#11108 = ORIENTED_EDGE('',*,*,#11109,.F.);
#11109 = EDGE_CURVE('',#11055,#11110,#11112,.T.);
#11110 = VERTEX_POINT('',#11111);
#11111 = CARTESIAN_POINT('',(-5.4,-121.5,0.));
#11112 = LINE('',#11113,#11114);
#11113 = CARTESIAN_POINT('',(-5.4,-38.5,0.));
#11114 = VECTOR('',#11115,1.);
#11115 = DIRECTION('',(0.,-1.,0.));
#11116 = ORIENTED_EDGE('',*,*,#11064,.F.);
#11117 = ORIENTED_EDGE('',*,*,#2445,.T.);
#11118 = ORIENTED_EDGE('',*,*,#11119,.F.);
#11119 = EDGE_CURVE('',#11110,#2446,#11120,.T.);
#11120 = LINE('',#11121,#11122);
#11121 = CARTESIAN_POINT('',(-5.4,-121.5,0.));
#11122 = VECTOR('',#11123,1.);
#11123 = DIRECTION('',(-0.,-0.,-1.));
#11124 = PLANE('',#11125);
#11125 = AXIS2_PLACEMENT_3D('',#11126,#11127,#11128);
#11126 = CARTESIAN_POINT('',(-5.4,-38.5,0.));
#11127 = DIRECTION('',(-1.,0.,0.));
#11128 = DIRECTION('',(0.,-1.,0.));
#11129 = ADVANCED_FACE('',(#11130),#11141,.F.);
#11130 = FACE_BOUND('',#11131,.F.);
#11131 = EDGE_LOOP('',(#11132,#11138,#11139,#11140));
#11132 = ORIENTED_EDGE('',*,*,#11133,.F.);
#11133 = EDGE_CURVE('',#11086,#11110,#11134,.T.);
#11134 = LINE('',#11135,#11136);
#11135 = CARTESIAN_POINT('',(-45.2,-121.5,0.));
#11136 = VECTOR('',#11137,1.);
#11137 = DIRECTION('',(1.,0.,0.));
#11138 = ORIENTED_EDGE('',*,*,#11093,.F.);
#11139 = ORIENTED_EDGE('',*,*,#2453,.F.);
#11140 = ORIENTED_EDGE('',*,*,#11119,.F.);
#11141 = PLANE('',#11142);
#11142 = AXIS2_PLACEMENT_3D('',#11143,#11144,#11145);
#11143 = CARTESIAN_POINT('',(-45.2,-121.5,0.));
#11144 = DIRECTION('',(0.,-1.,0.));
#11145 = DIRECTION('',(1.,0.,0.));
#11146 = ADVANCED_FACE('',(#11147),#11172,.F.);
#11147 = FACE_BOUND('',#11148,.F.);
#11148 = EDGE_LOOP('',(#11149,#11159,#11165,#11166));
#11149 = ORIENTED_EDGE('',*,*,#11150,.F.);
#11150 = EDGE_CURVE('',#11151,#11153,#11155,.T.);
#11151 = VERTEX_POINT('',#11152);
#11152 = CARTESIAN_POINT('',(-5.4,-110.5,0.));
#11153 = VERTEX_POINT('',#11154);
#11154 = CARTESIAN_POINT('',(-23.8,-110.5,0.));
#11155 = LINE('',#11156,#11157);
#11156 = CARTESIAN_POINT('',(58.8,-110.5,0.));
#11157 = VECTOR('',#11158,1.);
#11158 = DIRECTION('',(-1.,0.,0.));
#11159 = ORIENTED_EDGE('',*,*,#11160,.F.);
#11160 = EDGE_CURVE('',#2472,#11151,#11161,.T.);
#11161 = LINE('',#11162,#11163);
#11162 = CARTESIAN_POINT('',(-5.4,-110.5,0.));
#11163 = VECTOR('',#11164,1.);
#11164 = DIRECTION('',(0.,0.,1.));
#11165 = ORIENTED_EDGE('',*,*,#2469,.F.);
#11166 = ORIENTED_EDGE('',*,*,#11167,.F.);
#11167 = EDGE_CURVE('',#11153,#2470,#11168,.T.);
#11168 = LINE('',#11169,#11170);
#11169 = CARTESIAN_POINT('',(-23.8,-110.5,0.));
#11170 = VECTOR('',#11171,1.);
#11171 = DIRECTION('',(0.,0.,-1.));
#11172 = PLANE('',#11173);
#11173 = AXIS2_PLACEMENT_3D('',#11174,#11175,#11176);
#11174 = CARTESIAN_POINT('',(58.8,-110.5,0.));
#11175 = DIRECTION('',(0.,1.,0.));
#11176 = DIRECTION('',(-1.,0.,0.));
#11177 = ADVANCED_FACE('',(#11178),#11196,.T.);
#11178 = FACE_BOUND('',#11179,.T.);
#11179 = EDGE_LOOP('',(#11180,#11188,#11194,#11195));
#11180 = ORIENTED_EDGE('',*,*,#11181,.F.);
#11181 = EDGE_CURVE('',#11182,#11153,#11184,.T.);
#11182 = VERTEX_POINT('',#11183);
#11183 = CARTESIAN_POINT('',(-23.8,-113.5,0.));
#11184 = LINE('',#11185,#11186);
#11185 = CARTESIAN_POINT('',(-23.8,-201.5,0.));
#11186 = VECTOR('',#11187,1.);
#11187 = DIRECTION('',(0.,1.,0.));
#11188 = ORIENTED_EDGE('',*,*,#11189,.F.);
#11189 = EDGE_CURVE('',#2488,#11182,#11190,.T.);
#11190 = LINE('',#11191,#11192);
#11191 = CARTESIAN_POINT('',(-23.8,-113.5,0.));
#11192 = VECTOR('',#11193,1.);
#11193 = DIRECTION('',(0.,0.,1.));
#11194 = ORIENTED_EDGE('',*,*,#2495,.T.);
#11195 = ORIENTED_EDGE('',*,*,#11167,.F.);
#11196 = PLANE('',#11197);
#11197 = AXIS2_PLACEMENT_3D('',#11198,#11199,#11200);
#11198 = CARTESIAN_POINT('',(-23.8,-201.5,0.));
#11199 = DIRECTION('',(1.,0.,0.));
#11200 = DIRECTION('',(0.,1.,0.));
#11201 = ADVANCED_FACE('',(#11202),#11220,.T.);
#11202 = FACE_BOUND('',#11203,.T.);
#11203 = EDGE_LOOP('',(#11204,#11212,#11213,#11214));
#11204 = ORIENTED_EDGE('',*,*,#11205,.F.);
#11205 = EDGE_CURVE('',#11151,#11206,#11208,.T.);
#11206 = VERTEX_POINT('',#11207);
#11207 = CARTESIAN_POINT('',(-5.4,-113.5,0.));
#11208 = LINE('',#11209,#11210);
#11209 = CARTESIAN_POINT('',(-5.4,-38.5,0.));
#11210 = VECTOR('',#11211,1.);
#11211 = DIRECTION('',(0.,-1.,0.));
#11212 = ORIENTED_EDGE('',*,*,#11160,.F.);
#11213 = ORIENTED_EDGE('',*,*,#2479,.T.);
#11214 = ORIENTED_EDGE('',*,*,#11215,.F.);
#11215 = EDGE_CURVE('',#11206,#2480,#11216,.T.);
#11216 = LINE('',#11217,#11218);
#11217 = CARTESIAN_POINT('',(-5.4,-113.5,0.));
#11218 = VECTOR('',#11219,1.);
#11219 = DIRECTION('',(-0.,-0.,-1.));
#11220 = PLANE('',#11221);
#11221 = AXIS2_PLACEMENT_3D('',#11222,#11223,#11224);
#11222 = CARTESIAN_POINT('',(-5.4,-38.5,0.));
#11223 = DIRECTION('',(-1.,0.,0.));
#11224 = DIRECTION('',(0.,-1.,0.));
#11225 = ADVANCED_FACE('',(#11226),#11237,.F.);
#11226 = FACE_BOUND('',#11227,.F.);
#11227 = EDGE_LOOP('',(#11228,#11234,#11235,#11236));
#11228 = ORIENTED_EDGE('',*,*,#11229,.F.);
#11229 = EDGE_CURVE('',#11182,#11206,#11230,.T.);
#11230 = LINE('',#11231,#11232);
#11231 = CARTESIAN_POINT('',(-45.2,-113.5,0.));
#11232 = VECTOR('',#11233,1.);
#11233 = DIRECTION('',(1.,0.,0.));
#11234 = ORIENTED_EDGE('',*,*,#11189,.F.);
#11235 = ORIENTED_EDGE('',*,*,#2487,.F.);
#11236 = ORIENTED_EDGE('',*,*,#11215,.F.);
#11237 = PLANE('',#11238);
#11238 = AXIS2_PLACEMENT_3D('',#11239,#11240,#11241);
#11239 = CARTESIAN_POINT('',(-45.2,-113.5,0.));
#11240 = DIRECTION('',(0.,-1.,0.));
#11241 = DIRECTION('',(1.,0.,0.));
#11242 = ADVANCED_FACE('',(#11243),#11268,.F.);
#11243 = FACE_BOUND('',#11244,.F.);
#11244 = EDGE_LOOP('',(#11245,#11255,#11261,#11262));
#11245 = ORIENTED_EDGE('',*,*,#11246,.F.);
#11246 = EDGE_CURVE('',#11247,#11249,#11251,.T.);
#11247 = VERTEX_POINT('',#11248);
#11248 = CARTESIAN_POINT('',(-5.4,-102.5,0.));
#11249 = VERTEX_POINT('',#11250);
#11250 = CARTESIAN_POINT('',(-23.8,-102.5,0.));
#11251 = LINE('',#11252,#11253);
#11252 = CARTESIAN_POINT('',(58.8,-102.5,0.));
#11253 = VECTOR('',#11254,1.);
#11254 = DIRECTION('',(-1.,0.,0.));
#11255 = ORIENTED_EDGE('',*,*,#11256,.F.);
#11256 = EDGE_CURVE('',#2506,#11247,#11257,.T.);
#11257 = LINE('',#11258,#11259);
#11258 = CARTESIAN_POINT('',(-5.4,-102.5,0.));
#11259 = VECTOR('',#11260,1.);
#11260 = DIRECTION('',(0.,0.,1.));
#11261 = ORIENTED_EDGE('',*,*,#2503,.F.);
#11262 = ORIENTED_EDGE('',*,*,#11263,.F.);
#11263 = EDGE_CURVE('',#11249,#2504,#11264,.T.);
#11264 = LINE('',#11265,#11266);
#11265 = CARTESIAN_POINT('',(-23.8,-102.5,0.));
#11266 = VECTOR('',#11267,1.);
#11267 = DIRECTION('',(0.,0.,-1.));
#11268 = PLANE('',#11269);
#11269 = AXIS2_PLACEMENT_3D('',#11270,#11271,#11272);
#11270 = CARTESIAN_POINT('',(58.8,-102.5,0.));
#11271 = DIRECTION('',(0.,1.,0.));
#11272 = DIRECTION('',(-1.,0.,0.));
#11273 = ADVANCED_FACE('',(#11274),#11292,.T.);
#11274 = FACE_BOUND('',#11275,.T.);
#11275 = EDGE_LOOP('',(#11276,#11284,#11290,#11291));
#11276 = ORIENTED_EDGE('',*,*,#11277,.F.);
#11277 = EDGE_CURVE('',#11278,#11249,#11280,.T.);
#11278 = VERTEX_POINT('',#11279);
#11279 = CARTESIAN_POINT('',(-23.8,-105.5,0.));
#11280 = LINE('',#11281,#11282);
#11281 = CARTESIAN_POINT('',(-23.8,-201.5,0.));
#11282 = VECTOR('',#11283,1.);
#11283 = DIRECTION('',(0.,1.,0.));
#11284 = ORIENTED_EDGE('',*,*,#11285,.F.);
#11285 = EDGE_CURVE('',#2522,#11278,#11286,.T.);
#11286 = LINE('',#11287,#11288);
#11287 = CARTESIAN_POINT('',(-23.8,-105.5,0.));
#11288 = VECTOR('',#11289,1.);
#11289 = DIRECTION('',(0.,0.,1.));
#11290 = ORIENTED_EDGE('',*,*,#2529,.T.);
#11291 = ORIENTED_EDGE('',*,*,#11263,.F.);
#11292 = PLANE('',#11293);
#11293 = AXIS2_PLACEMENT_3D('',#11294,#11295,#11296);
#11294 = CARTESIAN_POINT('',(-23.8,-201.5,0.));
#11295 = DIRECTION('',(1.,0.,0.));
#11296 = DIRECTION('',(0.,1.,0.));
#11297 = ADVANCED_FACE('',(#11298),#11316,.T.);
#11298 = FACE_BOUND('',#11299,.T.);
#11299 = EDGE_LOOP('',(#11300,#11308,#11309,#11310));
#11300 = ORIENTED_EDGE('',*,*,#11301,.F.);
#11301 = EDGE_CURVE('',#11247,#11302,#11304,.T.);
#11302 = VERTEX_POINT('',#11303);
#11303 = CARTESIAN_POINT('',(-5.4,-105.5,0.));
#11304 = LINE('',#11305,#11306);
#11305 = CARTESIAN_POINT('',(-5.4,-38.5,0.));
#11306 = VECTOR('',#11307,1.);
#11307 = DIRECTION('',(0.,-1.,0.));
#11308 = ORIENTED_EDGE('',*,*,#11256,.F.);
#11309 = ORIENTED_EDGE('',*,*,#2513,.T.);
#11310 = ORIENTED_EDGE('',*,*,#11311,.F.);
#11311 = EDGE_CURVE('',#11302,#2514,#11312,.T.);
#11312 = LINE('',#11313,#11314);
#11313 = CARTESIAN_POINT('',(-5.4,-105.5,0.));
#11314 = VECTOR('',#11315,1.);
#11315 = DIRECTION('',(-0.,-0.,-1.));
#11316 = PLANE('',#11317);
#11317 = AXIS2_PLACEMENT_3D('',#11318,#11319,#11320);
#11318 = CARTESIAN_POINT('',(-5.4,-38.5,0.));
#11319 = DIRECTION('',(-1.,0.,0.));
#11320 = DIRECTION('',(0.,-1.,0.));
#11321 = ADVANCED_FACE('',(#11322),#11333,.F.);
#11322 = FACE_BOUND('',#11323,.F.);
#11323 = EDGE_LOOP('',(#11324,#11330,#11331,#11332));
#11324 = ORIENTED_EDGE('',*,*,#11325,.F.);
#11325 = EDGE_CURVE('',#11278,#11302,#11326,.T.);
#11326 = LINE('',#11327,#11328);
#11327 = CARTESIAN_POINT('',(-45.2,-105.5,0.));
#11328 = VECTOR('',#11329,1.);
#11329 = DIRECTION('',(1.,0.,0.));
#11330 = ORIENTED_EDGE('',*,*,#11285,.F.);
#11331 = ORIENTED_EDGE('',*,*,#2521,.F.);
#11332 = ORIENTED_EDGE('',*,*,#11311,.F.);
#11333 = PLANE('',#11334);
#11334 = AXIS2_PLACEMENT_3D('',#11335,#11336,#11337);
#11335 = CARTESIAN_POINT('',(-45.2,-105.5,0.));
#11336 = DIRECTION('',(0.,-1.,0.));
#11337 = DIRECTION('',(1.,0.,0.));
#11338 = ADVANCED_FACE('',(#11339),#11364,.F.);
#11339 = FACE_BOUND('',#11340,.F.);
#11340 = EDGE_LOOP('',(#11341,#11351,#11357,#11358));
#11341 = ORIENTED_EDGE('',*,*,#11342,.F.);
#11342 = EDGE_CURVE('',#11343,#11345,#11347,.T.);
#11343 = VERTEX_POINT('',#11344);
#11344 = CARTESIAN_POINT('',(-5.4,-94.5,0.));
#11345 = VERTEX_POINT('',#11346);
#11346 = CARTESIAN_POINT('',(-23.8,-94.5,0.));
#11347 = LINE('',#11348,#11349);
#11348 = CARTESIAN_POINT('',(58.8,-94.5,0.));
#11349 = VECTOR('',#11350,1.);
#11350 = DIRECTION('',(-1.,0.,0.));
#11351 = ORIENTED_EDGE('',*,*,#11352,.F.);
#11352 = EDGE_CURVE('',#2540,#11343,#11353,.T.);
#11353 = LINE('',#11354,#11355);
#11354 = CARTESIAN_POINT('',(-5.4,-94.5,0.));
#11355 = VECTOR('',#11356,1.);
#11356 = DIRECTION('',(0.,0.,1.));
#11357 = ORIENTED_EDGE('',*,*,#2537,.F.);
#11358 = ORIENTED_EDGE('',*,*,#11359,.F.);
#11359 = EDGE_CURVE('',#11345,#2538,#11360,.T.);
#11360 = LINE('',#11361,#11362);
#11361 = CARTESIAN_POINT('',(-23.8,-94.5,0.));
#11362 = VECTOR('',#11363,1.);
#11363 = DIRECTION('',(0.,0.,-1.));
#11364 = PLANE('',#11365);
#11365 = AXIS2_PLACEMENT_3D('',#11366,#11367,#11368);
#11366 = CARTESIAN_POINT('',(58.8,-94.5,0.));
#11367 = DIRECTION('',(0.,1.,0.));
#11368 = DIRECTION('',(-1.,0.,0.));
#11369 = ADVANCED_FACE('',(#11370),#11388,.T.);
#11370 = FACE_BOUND('',#11371,.T.);
#11371 = EDGE_LOOP('',(#11372,#11380,#11386,#11387));
#11372 = ORIENTED_EDGE('',*,*,#11373,.F.);
#11373 = EDGE_CURVE('',#11374,#11345,#11376,.T.);
#11374 = VERTEX_POINT('',#11375);
#11375 = CARTESIAN_POINT('',(-23.8,-97.5,0.));
#11376 = LINE('',#11377,#11378);
#11377 = CARTESIAN_POINT('',(-23.8,-201.5,0.));
#11378 = VECTOR('',#11379,1.);
#11379 = DIRECTION('',(0.,1.,0.));
#11380 = ORIENTED_EDGE('',*,*,#11381,.F.);
#11381 = EDGE_CURVE('',#2556,#11374,#11382,.T.);
#11382 = LINE('',#11383,#11384);
#11383 = CARTESIAN_POINT('',(-23.8,-97.5,0.));
#11384 = VECTOR('',#11385,1.);
#11385 = DIRECTION('',(0.,0.,1.));
#11386 = ORIENTED_EDGE('',*,*,#2563,.T.);
#11387 = ORIENTED_EDGE('',*,*,#11359,.F.);
#11388 = PLANE('',#11389);
#11389 = AXIS2_PLACEMENT_3D('',#11390,#11391,#11392);
#11390 = CARTESIAN_POINT('',(-23.8,-201.5,0.));
#11391 = DIRECTION('',(1.,0.,0.));
#11392 = DIRECTION('',(0.,1.,0.));
#11393 = ADVANCED_FACE('',(#11394),#11412,.T.);
#11394 = FACE_BOUND('',#11395,.T.);
#11395 = EDGE_LOOP('',(#11396,#11404,#11405,#11406));
#11396 = ORIENTED_EDGE('',*,*,#11397,.F.);
#11397 = EDGE_CURVE('',#11343,#11398,#11400,.T.);
#11398 = VERTEX_POINT('',#11399);
#11399 = CARTESIAN_POINT('',(-5.4,-97.5,0.));
#11400 = LINE('',#11401,#11402);
#11401 = CARTESIAN_POINT('',(-5.4,-38.5,0.));
#11402 = VECTOR('',#11403,1.);
#11403 = DIRECTION('',(0.,-1.,0.));
#11404 = ORIENTED_EDGE('',*,*,#11352,.F.);
#11405 = ORIENTED_EDGE('',*,*,#2547,.T.);
#11406 = ORIENTED_EDGE('',*,*,#11407,.F.);
#11407 = EDGE_CURVE('',#11398,#2548,#11408,.T.);
#11408 = LINE('',#11409,#11410);
#11409 = CARTESIAN_POINT('',(-5.4,-97.5,0.));
#11410 = VECTOR('',#11411,1.);
#11411 = DIRECTION('',(-0.,-0.,-1.));
#11412 = PLANE('',#11413);
#11413 = AXIS2_PLACEMENT_3D('',#11414,#11415,#11416);
#11414 = CARTESIAN_POINT('',(-5.4,-38.5,0.));
#11415 = DIRECTION('',(-1.,0.,0.));
#11416 = DIRECTION('',(0.,-1.,0.));
#11417 = ADVANCED_FACE('',(#11418),#11429,.F.);
#11418 = FACE_BOUND('',#11419,.F.);
#11419 = EDGE_LOOP('',(#11420,#11426,#11427,#11428));
#11420 = ORIENTED_EDGE('',*,*,#11421,.F.);
#11421 = EDGE_CURVE('',#11374,#11398,#11422,.T.);
#11422 = LINE('',#11423,#11424);
#11423 = CARTESIAN_POINT('',(-45.2,-97.5,0.));
#11424 = VECTOR('',#11425,1.);
#11425 = DIRECTION('',(1.,0.,0.));
#11426 = ORIENTED_EDGE('',*,*,#11381,.F.);
#11427 = ORIENTED_EDGE('',*,*,#2555,.F.);
#11428 = ORIENTED_EDGE('',*,*,#11407,.F.);
#11429 = PLANE('',#11430);
#11430 = AXIS2_PLACEMENT_3D('',#11431,#11432,#11433);
#11431 = CARTESIAN_POINT('',(-45.2,-97.5,0.));
#11432 = DIRECTION('',(0.,-1.,0.));
#11433 = DIRECTION('',(1.,0.,0.));
#11434 = ADVANCED_FACE('',(#11435),#11460,.T.);
#11435 = FACE_BOUND('',#11436,.T.);
#11436 = EDGE_LOOP('',(#11437,#11447,#11453,#11454));
#11437 = ORIENTED_EDGE('',*,*,#11438,.F.);
#11438 = EDGE_CURVE('',#11439,#11441,#11443,.T.);
#11439 = VERTEX_POINT('',#11440);
#11440 = CARTESIAN_POINT('',(-26.8,-86.5,0.));
#11441 = VERTEX_POINT('',#11442);
#11442 = CARTESIAN_POINT('',(-26.8,-89.5,0.));
#11443 = LINE('',#11444,#11445);
#11444 = CARTESIAN_POINT('',(-26.8,-38.5,0.));
#11445 = VECTOR('',#11446,1.);
#11446 = DIRECTION('',(0.,-1.,0.));
#11447 = ORIENTED_EDGE('',*,*,#11448,.F.);
#11448 = EDGE_CURVE('',#2572,#11439,#11449,.T.);
#11449 = LINE('',#11450,#11451);
#11450 = CARTESIAN_POINT('',(-26.8,-86.5,0.));
#11451 = VECTOR('',#11452,1.);
#11452 = DIRECTION('',(0.,0.,1.));
#11453 = ORIENTED_EDGE('',*,*,#2571,.T.);
#11454 = ORIENTED_EDGE('',*,*,#11455,.F.);
#11455 = EDGE_CURVE('',#11441,#2574,#11456,.T.);
#11456 = LINE('',#11457,#11458);
#11457 = CARTESIAN_POINT('',(-26.8,-89.5,0.));
#11458 = VECTOR('',#11459,1.);
#11459 = DIRECTION('',(-0.,-0.,-1.));
#11460 = PLANE('',#11461);
#11461 = AXIS2_PLACEMENT_3D('',#11462,#11463,#11464);
#11462 = CARTESIAN_POINT('',(-26.8,-38.5,0.));
#11463 = DIRECTION('',(-1.,0.,0.));
#11464 = DIRECTION('',(0.,-1.,0.));
#11465 = ADVANCED_FACE('',(#11466),#11484,.F.);
#11466 = FACE_BOUND('',#11467,.F.);
#11467 = EDGE_LOOP('',(#11468,#11476,#11477,#11478));
#11468 = ORIENTED_EDGE('',*,*,#11469,.F.);
#11469 = EDGE_CURVE('',#11439,#11470,#11472,.T.);
#11470 = VERTEX_POINT('',#11471);
#11471 = CARTESIAN_POINT('',(-45.2,-86.5,0.));
#11472 = LINE('',#11473,#11474);
#11473 = CARTESIAN_POINT('',(58.8,-86.5,0.));
#11474 = VECTOR('',#11475,1.);
#11475 = DIRECTION('',(-1.,0.,0.));
#11476 = ORIENTED_EDGE('',*,*,#11448,.F.);
#11477 = ORIENTED_EDGE('',*,*,#2597,.F.);
#11478 = ORIENTED_EDGE('',*,*,#11479,.F.);
#11479 = EDGE_CURVE('',#11470,#2590,#11480,.T.);
#11480 = LINE('',#11481,#11482);
#11481 = CARTESIAN_POINT('',(-45.2,-86.5,0.));
#11482 = VECTOR('',#11483,1.);
#11483 = DIRECTION('',(-0.,-0.,-1.));
#11484 = PLANE('',#11485);
#11485 = AXIS2_PLACEMENT_3D('',#11486,#11487,#11488);
#11486 = CARTESIAN_POINT('',(58.8,-86.5,0.));
#11487 = DIRECTION('',(0.,1.,0.));
#11488 = DIRECTION('',(-1.,0.,0.));
#11489 = ADVANCED_FACE('',(#11490),#11508,.F.);
#11490 = FACE_BOUND('',#11491,.F.);
#11491 = EDGE_LOOP('',(#11492,#11500,#11506,#11507));
#11492 = ORIENTED_EDGE('',*,*,#11493,.F.);
#11493 = EDGE_CURVE('',#11494,#11441,#11496,.T.);
#11494 = VERTEX_POINT('',#11495);
#11495 = CARTESIAN_POINT('',(-45.2,-89.5,0.));
#11496 = LINE('',#11497,#11498);
#11497 = CARTESIAN_POINT('',(-45.2,-89.5,0.));
#11498 = VECTOR('',#11499,1.);
#11499 = DIRECTION('',(1.,0.,0.));
#11500 = ORIENTED_EDGE('',*,*,#11501,.T.);
#11501 = EDGE_CURVE('',#11494,#2582,#11502,.T.);
#11502 = LINE('',#11503,#11504);
#11503 = CARTESIAN_POINT('',(-45.2,-89.5,0.));
#11504 = VECTOR('',#11505,1.);
#11505 = DIRECTION('',(-0.,-0.,-1.));
#11506 = ORIENTED_EDGE('',*,*,#2581,.F.);
#11507 = ORIENTED_EDGE('',*,*,#11455,.F.);
#11508 = PLANE('',#11509);
#11509 = AXIS2_PLACEMENT_3D('',#11510,#11511,#11512);
#11510 = CARTESIAN_POINT('',(-45.2,-89.5,0.));
#11511 = DIRECTION('',(0.,-1.,0.));
#11512 = DIRECTION('',(1.,0.,0.));
#11513 = ADVANCED_FACE('',(#11514),#11525,.F.);
#11514 = FACE_BOUND('',#11515,.F.);
#11515 = EDGE_LOOP('',(#11516,#11522,#11523,#11524));
#11516 = ORIENTED_EDGE('',*,*,#11517,.F.);
#11517 = EDGE_CURVE('',#11470,#11494,#11518,.T.);
#11518 = LINE('',#11519,#11520);
#11519 = CARTESIAN_POINT('',(-45.2,-86.5,0.));
#11520 = VECTOR('',#11521,1.);
#11521 = DIRECTION('',(0.,-1.,0.));
#11522 = ORIENTED_EDGE('',*,*,#11479,.T.);
#11523 = ORIENTED_EDGE('',*,*,#2589,.F.);
#11524 = ORIENTED_EDGE('',*,*,#11501,.F.);
#11525 = PLANE('',#11526);
#11526 = AXIS2_PLACEMENT_3D('',#11527,#11528,#11529);
#11527 = CARTESIAN_POINT('',(-45.2,-86.5,0.));
#11528 = DIRECTION('',(-1.,0.,0.));
#11529 = DIRECTION('',(0.,-1.,0.));
#11530 = ADVANCED_FACE('',(#11531),#11556,.T.);
#11531 = FACE_BOUND('',#11532,.T.);
#11532 = EDGE_LOOP('',(#11533,#11543,#11549,#11550));
#11533 = ORIENTED_EDGE('',*,*,#11534,.F.);
#11534 = EDGE_CURVE('',#11535,#11537,#11539,.T.);
#11535 = VERTEX_POINT('',#11536);
#11536 = CARTESIAN_POINT('',(-26.8,-78.5,0.));
#11537 = VERTEX_POINT('',#11538);
#11538 = CARTESIAN_POINT('',(-26.8,-81.5,0.));
#11539 = LINE('',#11540,#11541);
#11540 = CARTESIAN_POINT('',(-26.8,-38.5,0.));
#11541 = VECTOR('',#11542,1.);
#11542 = DIRECTION('',(0.,-1.,0.));
#11543 = ORIENTED_EDGE('',*,*,#11544,.F.);
#11544 = EDGE_CURVE('',#2606,#11535,#11545,.T.);
#11545 = LINE('',#11546,#11547);
#11546 = CARTESIAN_POINT('',(-26.8,-78.5,0.));
#11547 = VECTOR('',#11548,1.);
#11548 = DIRECTION('',(0.,0.,1.));
#11549 = ORIENTED_EDGE('',*,*,#2605,.T.);
#11550 = ORIENTED_EDGE('',*,*,#11551,.F.);
#11551 = EDGE_CURVE('',#11537,#2608,#11552,.T.);
#11552 = LINE('',#11553,#11554);
#11553 = CARTESIAN_POINT('',(-26.8,-81.5,0.));
#11554 = VECTOR('',#11555,1.);
#11555 = DIRECTION('',(-0.,-0.,-1.));
#11556 = PLANE('',#11557);
#11557 = AXIS2_PLACEMENT_3D('',#11558,#11559,#11560);
#11558 = CARTESIAN_POINT('',(-26.8,-38.5,0.));
#11559 = DIRECTION('',(-1.,0.,0.));
#11560 = DIRECTION('',(0.,-1.,0.));
#11561 = ADVANCED_FACE('',(#11562),#11580,.F.);
#11562 = FACE_BOUND('',#11563,.F.);
#11563 = EDGE_LOOP('',(#11564,#11572,#11573,#11574));
#11564 = ORIENTED_EDGE('',*,*,#11565,.F.);
#11565 = EDGE_CURVE('',#11535,#11566,#11568,.T.);
#11566 = VERTEX_POINT('',#11567);
#11567 = CARTESIAN_POINT('',(-45.2,-78.5,0.));
#11568 = LINE('',#11569,#11570);
#11569 = CARTESIAN_POINT('',(58.8,-78.5,0.));
#11570 = VECTOR('',#11571,1.);
#11571 = DIRECTION('',(-1.,0.,0.));
#11572 = ORIENTED_EDGE('',*,*,#11544,.F.);
#11573 = ORIENTED_EDGE('',*,*,#2631,.F.);
#11574 = ORIENTED_EDGE('',*,*,#11575,.F.);
#11575 = EDGE_CURVE('',#11566,#2624,#11576,.T.);
#11576 = LINE('',#11577,#11578);
#11577 = CARTESIAN_POINT('',(-45.2,-78.5,0.));
#11578 = VECTOR('',#11579,1.);
#11579 = DIRECTION('',(-0.,-0.,-1.));
#11580 = PLANE('',#11581);
#11581 = AXIS2_PLACEMENT_3D('',#11582,#11583,#11584);
#11582 = CARTESIAN_POINT('',(58.8,-78.5,0.));
#11583 = DIRECTION('',(0.,1.,0.));
#11584 = DIRECTION('',(-1.,0.,0.));
#11585 = ADVANCED_FACE('',(#11586),#11604,.F.);
#11586 = FACE_BOUND('',#11587,.F.);
#11587 = EDGE_LOOP('',(#11588,#11596,#11602,#11603));
#11588 = ORIENTED_EDGE('',*,*,#11589,.F.);
#11589 = EDGE_CURVE('',#11590,#11537,#11592,.T.);
#11590 = VERTEX_POINT('',#11591);
#11591 = CARTESIAN_POINT('',(-45.2,-81.5,0.));
#11592 = LINE('',#11593,#11594);
#11593 = CARTESIAN_POINT('',(-45.2,-81.5,0.));
#11594 = VECTOR('',#11595,1.);
#11595 = DIRECTION('',(1.,0.,0.));
#11596 = ORIENTED_EDGE('',*,*,#11597,.T.);
#11597 = EDGE_CURVE('',#11590,#2616,#11598,.T.);
#11598 = LINE('',#11599,#11600);
#11599 = CARTESIAN_POINT('',(-45.2,-81.5,0.));
#11600 = VECTOR('',#11601,1.);
#11601 = DIRECTION('',(-0.,-0.,-1.));
#11602 = ORIENTED_EDGE('',*,*,#2615,.F.);
#11603 = ORIENTED_EDGE('',*,*,#11551,.F.);
#11604 = PLANE('',#11605);
#11605 = AXIS2_PLACEMENT_3D('',#11606,#11607,#11608);
#11606 = CARTESIAN_POINT('',(-45.2,-81.5,0.));
#11607 = DIRECTION('',(0.,-1.,0.));
#11608 = DIRECTION('',(1.,0.,0.));
#11609 = ADVANCED_FACE('',(#11610),#11621,.F.);
#11610 = FACE_BOUND('',#11611,.F.);
#11611 = EDGE_LOOP('',(#11612,#11618,#11619,#11620));
#11612 = ORIENTED_EDGE('',*,*,#11613,.F.);
#11613 = EDGE_CURVE('',#11566,#11590,#11614,.T.);
#11614 = LINE('',#11615,#11616);
#11615 = CARTESIAN_POINT('',(-45.2,-78.5,0.));
#11616 = VECTOR('',#11617,1.);
#11617 = DIRECTION('',(0.,-1.,0.));
#11618 = ORIENTED_EDGE('',*,*,#11575,.T.);
#11619 = ORIENTED_EDGE('',*,*,#2623,.F.);
#11620 = ORIENTED_EDGE('',*,*,#11597,.F.);
#11621 = PLANE('',#11622);
#11622 = AXIS2_PLACEMENT_3D('',#11623,#11624,#11625);
#11623 = CARTESIAN_POINT('',(-45.2,-78.5,0.));
#11624 = DIRECTION('',(-1.,0.,0.));
#11625 = DIRECTION('',(0.,-1.,0.));
#11626 = ADVANCED_FACE('',(#11627),#11652,.T.);
#11627 = FACE_BOUND('',#11628,.T.);
#11628 = EDGE_LOOP('',(#11629,#11639,#11645,#11646));
#11629 = ORIENTED_EDGE('',*,*,#11630,.F.);
#11630 = EDGE_CURVE('',#11631,#11633,#11635,.T.);
#11631 = VERTEX_POINT('',#11632);
#11632 = CARTESIAN_POINT('',(-26.8,-70.5,0.));
#11633 = VERTEX_POINT('',#11634);
#11634 = CARTESIAN_POINT('',(-26.8,-73.5,0.));
#11635 = LINE('',#11636,#11637);
#11636 = CARTESIAN_POINT('',(-26.8,-38.5,0.));
#11637 = VECTOR('',#11638,1.);
#11638 = DIRECTION('',(0.,-1.,0.));
#11639 = ORIENTED_EDGE('',*,*,#11640,.F.);
#11640 = EDGE_CURVE('',#2640,#11631,#11641,.T.);
#11641 = LINE('',#11642,#11643);
#11642 = CARTESIAN_POINT('',(-26.8,-70.5,0.));
#11643 = VECTOR('',#11644,1.);
#11644 = DIRECTION('',(0.,0.,1.));
#11645 = ORIENTED_EDGE('',*,*,#2639,.T.);
#11646 = ORIENTED_EDGE('',*,*,#11647,.F.);
#11647 = EDGE_CURVE('',#11633,#2642,#11648,.T.);
#11648 = LINE('',#11649,#11650);
#11649 = CARTESIAN_POINT('',(-26.8,-73.5,0.));
#11650 = VECTOR('',#11651,1.);
#11651 = DIRECTION('',(-0.,-0.,-1.));
#11652 = PLANE('',#11653);
#11653 = AXIS2_PLACEMENT_3D('',#11654,#11655,#11656);
#11654 = CARTESIAN_POINT('',(-26.8,-38.5,0.));
#11655 = DIRECTION('',(-1.,0.,0.));
#11656 = DIRECTION('',(0.,-1.,0.));
#11657 = ADVANCED_FACE('',(#11658),#11676,.F.);
#11658 = FACE_BOUND('',#11659,.F.);
#11659 = EDGE_LOOP('',(#11660,#11668,#11669,#11670));
#11660 = ORIENTED_EDGE('',*,*,#11661,.F.);
#11661 = EDGE_CURVE('',#11631,#11662,#11664,.T.);
#11662 = VERTEX_POINT('',#11663);
#11663 = CARTESIAN_POINT('',(-45.2,-70.5,0.));
#11664 = LINE('',#11665,#11666);
#11665 = CARTESIAN_POINT('',(58.8,-70.5,0.));
#11666 = VECTOR('',#11667,1.);
#11667 = DIRECTION('',(-1.,0.,0.));
#11668 = ORIENTED_EDGE('',*,*,#11640,.F.);
#11669 = ORIENTED_EDGE('',*,*,#2665,.F.);
#11670 = ORIENTED_EDGE('',*,*,#11671,.F.);
#11671 = EDGE_CURVE('',#11662,#2658,#11672,.T.);
#11672 = LINE('',#11673,#11674);
#11673 = CARTESIAN_POINT('',(-45.2,-70.5,0.));
#11674 = VECTOR('',#11675,1.);
#11675 = DIRECTION('',(-0.,-0.,-1.));
#11676 = PLANE('',#11677);
#11677 = AXIS2_PLACEMENT_3D('',#11678,#11679,#11680);
#11678 = CARTESIAN_POINT('',(58.8,-70.5,0.));
#11679 = DIRECTION('',(0.,1.,0.));
#11680 = DIRECTION('',(-1.,0.,0.));
#11681 = ADVANCED_FACE('',(#11682),#11700,.F.);
#11682 = FACE_BOUND('',#11683,.F.);
#11683 = EDGE_LOOP('',(#11684,#11692,#11698,#11699));
#11684 = ORIENTED_EDGE('',*,*,#11685,.F.);
#11685 = EDGE_CURVE('',#11686,#11633,#11688,.T.);
#11686 = VERTEX_POINT('',#11687);
#11687 = CARTESIAN_POINT('',(-45.2,-73.5,0.));
#11688 = LINE('',#11689,#11690);
#11689 = CARTESIAN_POINT('',(-45.2,-73.5,0.));
#11690 = VECTOR('',#11691,1.);
#11691 = DIRECTION('',(1.,0.,0.));
#11692 = ORIENTED_EDGE('',*,*,#11693,.T.);
#11693 = EDGE_CURVE('',#11686,#2650,#11694,.T.);
#11694 = LINE('',#11695,#11696);
#11695 = CARTESIAN_POINT('',(-45.2,-73.5,0.));
#11696 = VECTOR('',#11697,1.);
#11697 = DIRECTION('',(-0.,-0.,-1.));
#11698 = ORIENTED_EDGE('',*,*,#2649,.F.);
#11699 = ORIENTED_EDGE('',*,*,#11647,.F.);
#11700 = PLANE('',#11701);
#11701 = AXIS2_PLACEMENT_3D('',#11702,#11703,#11704);
#11702 = CARTESIAN_POINT('',(-45.2,-73.5,0.));
#11703 = DIRECTION('',(0.,-1.,0.));
#11704 = DIRECTION('',(1.,0.,0.));
#11705 = ADVANCED_FACE('',(#11706),#11717,.F.);
#11706 = FACE_BOUND('',#11707,.F.);
#11707 = EDGE_LOOP('',(#11708,#11714,#11715,#11716));
#11708 = ORIENTED_EDGE('',*,*,#11709,.F.);
#11709 = EDGE_CURVE('',#11662,#11686,#11710,.T.);
#11710 = LINE('',#11711,#11712);
#11711 = CARTESIAN_POINT('',(-45.2,-70.5,0.));
#11712 = VECTOR('',#11713,1.);
#11713 = DIRECTION('',(0.,-1.,0.));
#11714 = ORIENTED_EDGE('',*,*,#11671,.T.);
#11715 = ORIENTED_EDGE('',*,*,#2657,.F.);
#11716 = ORIENTED_EDGE('',*,*,#11693,.F.);
#11717 = PLANE('',#11718);
#11718 = AXIS2_PLACEMENT_3D('',#11719,#11720,#11721);
#11719 = CARTESIAN_POINT('',(-45.2,-70.5,0.));
#11720 = DIRECTION('',(-1.,0.,0.));
#11721 = DIRECTION('',(0.,-1.,0.));
#11722 = ADVANCED_FACE('',(#11723),#11748,.T.);
#11723 = FACE_BOUND('',#11724,.T.);
#11724 = EDGE_LOOP('',(#11725,#11735,#11741,#11742));
#11725 = ORIENTED_EDGE('',*,*,#11726,.F.);
#11726 = EDGE_CURVE('',#11727,#11729,#11731,.T.);
#11727 = VERTEX_POINT('',#11728);
#11728 = CARTESIAN_POINT('',(-26.8,-62.5,0.));
#11729 = VERTEX_POINT('',#11730);
#11730 = CARTESIAN_POINT('',(-26.8,-65.5,0.));
#11731 = LINE('',#11732,#11733);
#11732 = CARTESIAN_POINT('',(-26.8,-38.5,0.));
#11733 = VECTOR('',#11734,1.);
#11734 = DIRECTION('',(0.,-1.,0.));
#11735 = ORIENTED_EDGE('',*,*,#11736,.F.);
#11736 = EDGE_CURVE('',#2674,#11727,#11737,.T.);
#11737 = LINE('',#11738,#11739);
#11738 = CARTESIAN_POINT('',(-26.8,-62.5,0.));
#11739 = VECTOR('',#11740,1.);
#11740 = DIRECTION('',(0.,0.,1.));
#11741 = ORIENTED_EDGE('',*,*,#2673,.T.);
#11742 = ORIENTED_EDGE('',*,*,#11743,.F.);
#11743 = EDGE_CURVE('',#11729,#2676,#11744,.T.);
#11744 = LINE('',#11745,#11746);
#11745 = CARTESIAN_POINT('',(-26.8,-65.5,0.));
#11746 = VECTOR('',#11747,1.);
#11747 = DIRECTION('',(-0.,-0.,-1.));
#11748 = PLANE('',#11749);
#11749 = AXIS2_PLACEMENT_3D('',#11750,#11751,#11752);
#11750 = CARTESIAN_POINT('',(-26.8,-38.5,0.));
#11751 = DIRECTION('',(-1.,0.,0.));
#11752 = DIRECTION('',(0.,-1.,0.));
#11753 = ADVANCED_FACE('',(#11754),#11772,.F.);
#11754 = FACE_BOUND('',#11755,.F.);
#11755 = EDGE_LOOP('',(#11756,#11764,#11765,#11766));
#11756 = ORIENTED_EDGE('',*,*,#11757,.F.);
#11757 = EDGE_CURVE('',#11727,#11758,#11760,.T.);
#11758 = VERTEX_POINT('',#11759);
#11759 = CARTESIAN_POINT('',(-45.2,-62.5,0.));
#11760 = LINE('',#11761,#11762);
#11761 = CARTESIAN_POINT('',(58.8,-62.5,0.));
#11762 = VECTOR('',#11763,1.);
#11763 = DIRECTION('',(-1.,0.,0.));
#11764 = ORIENTED_EDGE('',*,*,#11736,.F.);
#11765 = ORIENTED_EDGE('',*,*,#2699,.F.);
#11766 = ORIENTED_EDGE('',*,*,#11767,.F.);
#11767 = EDGE_CURVE('',#11758,#2692,#11768,.T.);
#11768 = LINE('',#11769,#11770);
#11769 = CARTESIAN_POINT('',(-45.2,-62.5,0.));
#11770 = VECTOR('',#11771,1.);
#11771 = DIRECTION('',(-0.,-0.,-1.));
#11772 = PLANE('',#11773);
#11773 = AXIS2_PLACEMENT_3D('',#11774,#11775,#11776);
#11774 = CARTESIAN_POINT('',(58.8,-62.5,0.));
#11775 = DIRECTION('',(0.,1.,0.));
#11776 = DIRECTION('',(-1.,0.,0.));
#11777 = ADVANCED_FACE('',(#11778),#11796,.F.);
#11778 = FACE_BOUND('',#11779,.F.);
#11779 = EDGE_LOOP('',(#11780,#11788,#11794,#11795));
#11780 = ORIENTED_EDGE('',*,*,#11781,.F.);
#11781 = EDGE_CURVE('',#11782,#11729,#11784,.T.);
#11782 = VERTEX_POINT('',#11783);
#11783 = CARTESIAN_POINT('',(-45.2,-65.5,0.));
#11784 = LINE('',#11785,#11786);
#11785 = CARTESIAN_POINT('',(-45.2,-65.5,0.));
#11786 = VECTOR('',#11787,1.);
#11787 = DIRECTION('',(1.,0.,0.));
#11788 = ORIENTED_EDGE('',*,*,#11789,.T.);
#11789 = EDGE_CURVE('',#11782,#2684,#11790,.T.);
#11790 = LINE('',#11791,#11792);
#11791 = CARTESIAN_POINT('',(-45.2,-65.5,0.));
#11792 = VECTOR('',#11793,1.);
#11793 = DIRECTION('',(-0.,-0.,-1.));
#11794 = ORIENTED_EDGE('',*,*,#2683,.F.);
#11795 = ORIENTED_EDGE('',*,*,#11743,.F.);
#11796 = PLANE('',#11797);
#11797 = AXIS2_PLACEMENT_3D('',#11798,#11799,#11800);
#11798 = CARTESIAN_POINT('',(-45.2,-65.5,0.));
#11799 = DIRECTION('',(0.,-1.,0.));
#11800 = DIRECTION('',(1.,0.,0.));
#11801 = ADVANCED_FACE('',(#11802),#11813,.F.);
#11802 = FACE_BOUND('',#11803,.F.);
#11803 = EDGE_LOOP('',(#11804,#11810,#11811,#11812));
#11804 = ORIENTED_EDGE('',*,*,#11805,.F.);
#11805 = EDGE_CURVE('',#11758,#11782,#11806,.T.);
#11806 = LINE('',#11807,#11808);
#11807 = CARTESIAN_POINT('',(-45.2,-62.5,0.));
#11808 = VECTOR('',#11809,1.);
#11809 = DIRECTION('',(0.,-1.,0.));
#11810 = ORIENTED_EDGE('',*,*,#11767,.T.);
#11811 = ORIENTED_EDGE('',*,*,#2691,.F.);
#11812 = ORIENTED_EDGE('',*,*,#11789,.F.);
#11813 = PLANE('',#11814);
#11814 = AXIS2_PLACEMENT_3D('',#11815,#11816,#11817);
#11815 = CARTESIAN_POINT('',(-45.2,-62.5,0.));
#11816 = DIRECTION('',(-1.,0.,0.));
#11817 = DIRECTION('',(0.,-1.,0.));
#11818 = ADVANCED_FACE('',(#11819),#11844,.F.);
#11819 = FACE_BOUND('',#11820,.F.);
#11820 = EDGE_LOOP('',(#11821,#11831,#11837,#11838));
#11821 = ORIENTED_EDGE('',*,*,#11822,.F.);
#11822 = EDGE_CURVE('',#11823,#11825,#11827,.T.);
#11823 = VERTEX_POINT('',#11824);
#11824 = CARTESIAN_POINT('',(-5.4,-86.5,0.));
#11825 = VERTEX_POINT('',#11826);
#11826 = CARTESIAN_POINT('',(-23.8,-86.5,0.));
#11827 = LINE('',#11828,#11829);
#11828 = CARTESIAN_POINT('',(58.8,-86.5,0.));
#11829 = VECTOR('',#11830,1.);
#11830 = DIRECTION('',(-1.,0.,0.));
#11831 = ORIENTED_EDGE('',*,*,#11832,.F.);
#11832 = EDGE_CURVE('',#2710,#11823,#11833,.T.);
#11833 = LINE('',#11834,#11835);
#11834 = CARTESIAN_POINT('',(-5.4,-86.5,0.));
#11835 = VECTOR('',#11836,1.);
#11836 = DIRECTION('',(0.,0.,1.));
#11837 = ORIENTED_EDGE('',*,*,#2707,.F.);
#11838 = ORIENTED_EDGE('',*,*,#11839,.F.);
#11839 = EDGE_CURVE('',#11825,#2708,#11840,.T.);
#11840 = LINE('',#11841,#11842);
#11841 = CARTESIAN_POINT('',(-23.8,-86.5,0.));
#11842 = VECTOR('',#11843,1.);
#11843 = DIRECTION('',(0.,0.,-1.));
#11844 = PLANE('',#11845);
#11845 = AXIS2_PLACEMENT_3D('',#11846,#11847,#11848);
#11846 = CARTESIAN_POINT('',(58.8,-86.5,0.));
#11847 = DIRECTION('',(0.,1.,0.));
#11848 = DIRECTION('',(-1.,0.,0.));
#11849 = ADVANCED_FACE('',(#11850),#11868,.T.);
#11850 = FACE_BOUND('',#11851,.T.);
#11851 = EDGE_LOOP('',(#11852,#11860,#11866,#11867));
#11852 = ORIENTED_EDGE('',*,*,#11853,.F.);
#11853 = EDGE_CURVE('',#11854,#11825,#11856,.T.);
#11854 = VERTEX_POINT('',#11855);
#11855 = CARTESIAN_POINT('',(-23.8,-89.5,0.));
#11856 = LINE('',#11857,#11858);
#11857 = CARTESIAN_POINT('',(-23.8,-201.5,0.));
#11858 = VECTOR('',#11859,1.);
#11859 = DIRECTION('',(0.,1.,0.));
#11860 = ORIENTED_EDGE('',*,*,#11861,.F.);
#11861 = EDGE_CURVE('',#2726,#11854,#11862,.T.);
#11862 = LINE('',#11863,#11864);
#11863 = CARTESIAN_POINT('',(-23.8,-89.5,0.));
#11864 = VECTOR('',#11865,1.);
#11865 = DIRECTION('',(0.,0.,1.));
#11866 = ORIENTED_EDGE('',*,*,#2733,.T.);
#11867 = ORIENTED_EDGE('',*,*,#11839,.F.);
#11868 = PLANE('',#11869);
#11869 = AXIS2_PLACEMENT_3D('',#11870,#11871,#11872);
#11870 = CARTESIAN_POINT('',(-23.8,-201.5,0.));
#11871 = DIRECTION('',(1.,0.,0.));
#11872 = DIRECTION('',(0.,1.,0.));
#11873 = ADVANCED_FACE('',(#11874),#11892,.T.);
#11874 = FACE_BOUND('',#11875,.T.);
#11875 = EDGE_LOOP('',(#11876,#11884,#11885,#11886));
#11876 = ORIENTED_EDGE('',*,*,#11877,.F.);
#11877 = EDGE_CURVE('',#11823,#11878,#11880,.T.);
#11878 = VERTEX_POINT('',#11879);
#11879 = CARTESIAN_POINT('',(-5.4,-89.5,0.));
#11880 = LINE('',#11881,#11882);
#11881 = CARTESIAN_POINT('',(-5.4,-38.5,0.));
#11882 = VECTOR('',#11883,1.);
#11883 = DIRECTION('',(0.,-1.,0.));
#11884 = ORIENTED_EDGE('',*,*,#11832,.F.);
#11885 = ORIENTED_EDGE('',*,*,#2717,.T.);
#11886 = ORIENTED_EDGE('',*,*,#11887,.F.);
#11887 = EDGE_CURVE('',#11878,#2718,#11888,.T.);
#11888 = LINE('',#11889,#11890);
#11889 = CARTESIAN_POINT('',(-5.4,-89.5,0.));
#11890 = VECTOR('',#11891,1.);
#11891 = DIRECTION('',(-0.,-0.,-1.));
#11892 = PLANE('',#11893);
#11893 = AXIS2_PLACEMENT_3D('',#11894,#11895,#11896);
#11894 = CARTESIAN_POINT('',(-5.4,-38.5,0.));
#11895 = DIRECTION('',(-1.,0.,0.));
#11896 = DIRECTION('',(0.,-1.,0.));
#11897 = ADVANCED_FACE('',(#11898),#11909,.F.);
#11898 = FACE_BOUND('',#11899,.F.);
#11899 = EDGE_LOOP('',(#11900,#11906,#11907,#11908));
#11900 = ORIENTED_EDGE('',*,*,#11901,.F.);
#11901 = EDGE_CURVE('',#11854,#11878,#11902,.T.);
#11902 = LINE('',#11903,#11904);
#11903 = CARTESIAN_POINT('',(-45.2,-89.5,0.));
#11904 = VECTOR('',#11905,1.);
#11905 = DIRECTION('',(1.,0.,0.));
#11906 = ORIENTED_EDGE('',*,*,#11861,.F.);
#11907 = ORIENTED_EDGE('',*,*,#2725,.F.);
#11908 = ORIENTED_EDGE('',*,*,#11887,.F.);
#11909 = PLANE('',#11910);
#11910 = AXIS2_PLACEMENT_3D('',#11911,#11912,#11913);
#11911 = CARTESIAN_POINT('',(-45.2,-89.5,0.));
#11912 = DIRECTION('',(0.,-1.,0.));
#11913 = DIRECTION('',(1.,0.,0.));
#11914 = ADVANCED_FACE('',(#11915),#11940,.F.);
#11915 = FACE_BOUND('',#11916,.F.);
#11916 = EDGE_LOOP('',(#11917,#11927,#11933,#11934));
#11917 = ORIENTED_EDGE('',*,*,#11918,.F.);
#11918 = EDGE_CURVE('',#11919,#11921,#11923,.T.);
#11919 = VERTEX_POINT('',#11920);
#11920 = CARTESIAN_POINT('',(-5.4,-78.5,0.));
#11921 = VERTEX_POINT('',#11922);
#11922 = CARTESIAN_POINT('',(-23.8,-78.5,0.));
#11923 = LINE('',#11924,#11925);
#11924 = CARTESIAN_POINT('',(58.8,-78.5,0.));
#11925 = VECTOR('',#11926,1.);
#11926 = DIRECTION('',(-1.,0.,0.));
#11927 = ORIENTED_EDGE('',*,*,#11928,.F.);
#11928 = EDGE_CURVE('',#2744,#11919,#11929,.T.);
#11929 = LINE('',#11930,#11931);
#11930 = CARTESIAN_POINT('',(-5.4,-78.5,0.));
#11931 = VECTOR('',#11932,1.);
#11932 = DIRECTION('',(0.,0.,1.));
#11933 = ORIENTED_EDGE('',*,*,#2741,.F.);
#11934 = ORIENTED_EDGE('',*,*,#11935,.F.);
#11935 = EDGE_CURVE('',#11921,#2742,#11936,.T.);
#11936 = LINE('',#11937,#11938);
#11937 = CARTESIAN_POINT('',(-23.8,-78.5,0.));
#11938 = VECTOR('',#11939,1.);
#11939 = DIRECTION('',(0.,0.,-1.));
#11940 = PLANE('',#11941);
#11941 = AXIS2_PLACEMENT_3D('',#11942,#11943,#11944);
#11942 = CARTESIAN_POINT('',(58.8,-78.5,0.));
#11943 = DIRECTION('',(0.,1.,0.));
#11944 = DIRECTION('',(-1.,0.,0.));
#11945 = ADVANCED_FACE('',(#11946),#11964,.T.);
#11946 = FACE_BOUND('',#11947,.T.);
#11947 = EDGE_LOOP('',(#11948,#11956,#11962,#11963));
#11948 = ORIENTED_EDGE('',*,*,#11949,.F.);
#11949 = EDGE_CURVE('',#11950,#11921,#11952,.T.);
#11950 = VERTEX_POINT('',#11951);
#11951 = CARTESIAN_POINT('',(-23.8,-81.5,0.));
#11952 = LINE('',#11953,#11954);
#11953 = CARTESIAN_POINT('',(-23.8,-201.5,0.));
#11954 = VECTOR('',#11955,1.);
#11955 = DIRECTION('',(0.,1.,0.));
#11956 = ORIENTED_EDGE('',*,*,#11957,.F.);
#11957 = EDGE_CURVE('',#2760,#11950,#11958,.T.);
#11958 = LINE('',#11959,#11960);
#11959 = CARTESIAN_POINT('',(-23.8,-81.5,0.));
#11960 = VECTOR('',#11961,1.);
#11961 = DIRECTION('',(0.,0.,1.));
#11962 = ORIENTED_EDGE('',*,*,#2767,.T.);
#11963 = ORIENTED_EDGE('',*,*,#11935,.F.);
#11964 = PLANE('',#11965);
#11965 = AXIS2_PLACEMENT_3D('',#11966,#11967,#11968);
#11966 = CARTESIAN_POINT('',(-23.8,-201.5,0.));
#11967 = DIRECTION('',(1.,0.,0.));
#11968 = DIRECTION('',(0.,1.,0.));
#11969 = ADVANCED_FACE('',(#11970),#11988,.T.);
#11970 = FACE_BOUND('',#11971,.T.);
#11971 = EDGE_LOOP('',(#11972,#11980,#11981,#11982));
#11972 = ORIENTED_EDGE('',*,*,#11973,.F.);
#11973 = EDGE_CURVE('',#11919,#11974,#11976,.T.);
#11974 = VERTEX_POINT('',#11975);
#11975 = CARTESIAN_POINT('',(-5.4,-81.5,0.));
#11976 = LINE('',#11977,#11978);
#11977 = CARTESIAN_POINT('',(-5.4,-38.5,0.));
#11978 = VECTOR('',#11979,1.);
#11979 = DIRECTION('',(0.,-1.,0.));
#11980 = ORIENTED_EDGE('',*,*,#11928,.F.);
#11981 = ORIENTED_EDGE('',*,*,#2751,.T.);
#11982 = ORIENTED_EDGE('',*,*,#11983,.F.);
#11983 = EDGE_CURVE('',#11974,#2752,#11984,.T.);
#11984 = LINE('',#11985,#11986);
#11985 = CARTESIAN_POINT('',(-5.4,-81.5,0.));
#11986 = VECTOR('',#11987,1.);
#11987 = DIRECTION('',(-0.,-0.,-1.));
#11988 = PLANE('',#11989);
#11989 = AXIS2_PLACEMENT_3D('',#11990,#11991,#11992);
#11990 = CARTESIAN_POINT('',(-5.4,-38.5,0.));
#11991 = DIRECTION('',(-1.,0.,0.));
#11992 = DIRECTION('',(0.,-1.,0.));
#11993 = ADVANCED_FACE('',(#11994),#12005,.F.);
#11994 = FACE_BOUND('',#11995,.F.);
#11995 = EDGE_LOOP('',(#11996,#12002,#12003,#12004));
#11996 = ORIENTED_EDGE('',*,*,#11997,.F.);
#11997 = EDGE_CURVE('',#11950,#11974,#11998,.T.);
#11998 = LINE('',#11999,#12000);
#11999 = CARTESIAN_POINT('',(-45.2,-81.5,0.));
#12000 = VECTOR('',#12001,1.);
#12001 = DIRECTION('',(1.,0.,0.));
#12002 = ORIENTED_EDGE('',*,*,#11957,.F.);
#12003 = ORIENTED_EDGE('',*,*,#2759,.F.);
#12004 = ORIENTED_EDGE('',*,*,#11983,.F.);
#12005 = PLANE('',#12006);
#12006 = AXIS2_PLACEMENT_3D('',#12007,#12008,#12009);
#12007 = CARTESIAN_POINT('',(-45.2,-81.5,0.));
#12008 = DIRECTION('',(0.,-1.,0.));
#12009 = DIRECTION('',(1.,0.,0.));
#12010 = ADVANCED_FACE('',(#12011),#12036,.F.);
#12011 = FACE_BOUND('',#12012,.F.);
#12012 = EDGE_LOOP('',(#12013,#12023,#12029,#12030));
#12013 = ORIENTED_EDGE('',*,*,#12014,.F.);
#12014 = EDGE_CURVE('',#12015,#12017,#12019,.T.);
#12015 = VERTEX_POINT('',#12016);
#12016 = CARTESIAN_POINT('',(-5.4,-70.5,0.));
#12017 = VERTEX_POINT('',#12018);
#12018 = CARTESIAN_POINT('',(-23.8,-70.5,0.));
#12019 = LINE('',#12020,#12021);
#12020 = CARTESIAN_POINT('',(58.8,-70.5,0.));
#12021 = VECTOR('',#12022,1.);
#12022 = DIRECTION('',(-1.,0.,0.));
#12023 = ORIENTED_EDGE('',*,*,#12024,.F.);
#12024 = EDGE_CURVE('',#2778,#12015,#12025,.T.);
#12025 = LINE('',#12026,#12027);
#12026 = CARTESIAN_POINT('',(-5.4,-70.5,0.));
#12027 = VECTOR('',#12028,1.);
#12028 = DIRECTION('',(0.,0.,1.));
#12029 = ORIENTED_EDGE('',*,*,#2775,.F.);
#12030 = ORIENTED_EDGE('',*,*,#12031,.F.);
#12031 = EDGE_CURVE('',#12017,#2776,#12032,.T.);
#12032 = LINE('',#12033,#12034);
#12033 = CARTESIAN_POINT('',(-23.8,-70.5,0.));
#12034 = VECTOR('',#12035,1.);
#12035 = DIRECTION('',(0.,0.,-1.));
#12036 = PLANE('',#12037);
#12037 = AXIS2_PLACEMENT_3D('',#12038,#12039,#12040);
#12038 = CARTESIAN_POINT('',(58.8,-70.5,0.));
#12039 = DIRECTION('',(0.,1.,0.));
#12040 = DIRECTION('',(-1.,0.,0.));
#12041 = ADVANCED_FACE('',(#12042),#12060,.T.);
#12042 = FACE_BOUND('',#12043,.T.);
#12043 = EDGE_LOOP('',(#12044,#12052,#12058,#12059));
#12044 = ORIENTED_EDGE('',*,*,#12045,.F.);
#12045 = EDGE_CURVE('',#12046,#12017,#12048,.T.);
#12046 = VERTEX_POINT('',#12047);
#12047 = CARTESIAN_POINT('',(-23.8,-73.5,0.));
#12048 = LINE('',#12049,#12050);
#12049 = CARTESIAN_POINT('',(-23.8,-201.5,0.));
#12050 = VECTOR('',#12051,1.);
#12051 = DIRECTION('',(0.,1.,0.));
#12052 = ORIENTED_EDGE('',*,*,#12053,.F.);
#12053 = EDGE_CURVE('',#2794,#12046,#12054,.T.);
#12054 = LINE('',#12055,#12056);
#12055 = CARTESIAN_POINT('',(-23.8,-73.5,0.));
#12056 = VECTOR('',#12057,1.);
#12057 = DIRECTION('',(0.,0.,1.));
#12058 = ORIENTED_EDGE('',*,*,#2801,.T.);
#12059 = ORIENTED_EDGE('',*,*,#12031,.F.);
#12060 = PLANE('',#12061);
#12061 = AXIS2_PLACEMENT_3D('',#12062,#12063,#12064);
#12062 = CARTESIAN_POINT('',(-23.8,-201.5,0.));
#12063 = DIRECTION('',(1.,0.,0.));
#12064 = DIRECTION('',(0.,1.,0.));
#12065 = ADVANCED_FACE('',(#12066),#12084,.T.);
#12066 = FACE_BOUND('',#12067,.T.);
#12067 = EDGE_LOOP('',(#12068,#12076,#12077,#12078));
#12068 = ORIENTED_EDGE('',*,*,#12069,.F.);
#12069 = EDGE_CURVE('',#12015,#12070,#12072,.T.);
#12070 = VERTEX_POINT('',#12071);
#12071 = CARTESIAN_POINT('',(-5.4,-73.5,0.));
#12072 = LINE('',#12073,#12074);
#12073 = CARTESIAN_POINT('',(-5.4,-38.5,0.));
#12074 = VECTOR('',#12075,1.);
#12075 = DIRECTION('',(0.,-1.,0.));
#12076 = ORIENTED_EDGE('',*,*,#12024,.F.);
#12077 = ORIENTED_EDGE('',*,*,#2785,.T.);
#12078 = ORIENTED_EDGE('',*,*,#12079,.F.);
#12079 = EDGE_CURVE('',#12070,#2786,#12080,.T.);
#12080 = LINE('',#12081,#12082);
#12081 = CARTESIAN_POINT('',(-5.4,-73.5,0.));
#12082 = VECTOR('',#12083,1.);
#12083 = DIRECTION('',(-0.,-0.,-1.));
#12084 = PLANE('',#12085);
#12085 = AXIS2_PLACEMENT_3D('',#12086,#12087,#12088);
#12086 = CARTESIAN_POINT('',(-5.4,-38.5,0.));
#12087 = DIRECTION('',(-1.,0.,0.));
#12088 = DIRECTION('',(0.,-1.,0.));
#12089 = ADVANCED_FACE('',(#12090),#12101,.F.);
#12090 = FACE_BOUND('',#12091,.F.);
#12091 = EDGE_LOOP('',(#12092,#12098,#12099,#12100));
#12092 = ORIENTED_EDGE('',*,*,#12093,.F.);
#12093 = EDGE_CURVE('',#12046,#12070,#12094,.T.);
#12094 = LINE('',#12095,#12096);
#12095 = CARTESIAN_POINT('',(-45.2,-73.5,0.));
#12096 = VECTOR('',#12097,1.);
#12097 = DIRECTION('',(1.,0.,0.));
#12098 = ORIENTED_EDGE('',*,*,#12053,.F.);
#12099 = ORIENTED_EDGE('',*,*,#2793,.F.);
#12100 = ORIENTED_EDGE('',*,*,#12079,.F.);
#12101 = PLANE('',#12102);
#12102 = AXIS2_PLACEMENT_3D('',#12103,#12104,#12105);
#12103 = CARTESIAN_POINT('',(-45.2,-73.5,0.));
#12104 = DIRECTION('',(0.,-1.,0.));
#12105 = DIRECTION('',(1.,0.,0.));
#12106 = ADVANCED_FACE('',(#12107),#12132,.F.);
#12107 = FACE_BOUND('',#12108,.F.);
#12108 = EDGE_LOOP('',(#12109,#12119,#12125,#12126));
#12109 = ORIENTED_EDGE('',*,*,#12110,.F.);
#12110 = EDGE_CURVE('',#12111,#12113,#12115,.T.);
#12111 = VERTEX_POINT('',#12112);
#12112 = CARTESIAN_POINT('',(-5.4,-62.5,0.));
#12113 = VERTEX_POINT('',#12114);
#12114 = CARTESIAN_POINT('',(-23.8,-62.5,0.));
#12115 = LINE('',#12116,#12117);
#12116 = CARTESIAN_POINT('',(58.8,-62.5,0.));
#12117 = VECTOR('',#12118,1.);
#12118 = DIRECTION('',(-1.,0.,0.));
#12119 = ORIENTED_EDGE('',*,*,#12120,.F.);
#12120 = EDGE_CURVE('',#2812,#12111,#12121,.T.);
#12121 = LINE('',#12122,#12123);
#12122 = CARTESIAN_POINT('',(-5.4,-62.5,0.));
#12123 = VECTOR('',#12124,1.);
#12124 = DIRECTION('',(0.,0.,1.));
#12125 = ORIENTED_EDGE('',*,*,#2809,.F.);
#12126 = ORIENTED_EDGE('',*,*,#12127,.F.);
#12127 = EDGE_CURVE('',#12113,#2810,#12128,.T.);
#12128 = LINE('',#12129,#12130);
#12129 = CARTESIAN_POINT('',(-23.8,-62.5,0.));
#12130 = VECTOR('',#12131,1.);
#12131 = DIRECTION('',(0.,0.,-1.));
#12132 = PLANE('',#12133);
#12133 = AXIS2_PLACEMENT_3D('',#12134,#12135,#12136);
#12134 = CARTESIAN_POINT('',(58.8,-62.5,0.));
#12135 = DIRECTION('',(0.,1.,0.));
#12136 = DIRECTION('',(-1.,0.,0.));
#12137 = ADVANCED_FACE('',(#12138),#12156,.T.);
#12138 = FACE_BOUND('',#12139,.T.);
#12139 = EDGE_LOOP('',(#12140,#12148,#12154,#12155));
#12140 = ORIENTED_EDGE('',*,*,#12141,.F.);
#12141 = EDGE_CURVE('',#12142,#12113,#12144,.T.);
#12142 = VERTEX_POINT('',#12143);
#12143 = CARTESIAN_POINT('',(-23.8,-65.5,0.));
#12144 = LINE('',#12145,#12146);
#12145 = CARTESIAN_POINT('',(-23.8,-201.5,0.));
#12146 = VECTOR('',#12147,1.);
#12147 = DIRECTION('',(0.,1.,0.));
#12148 = ORIENTED_EDGE('',*,*,#12149,.F.);
#12149 = EDGE_CURVE('',#2828,#12142,#12150,.T.);
#12150 = LINE('',#12151,#12152);
#12151 = CARTESIAN_POINT('',(-23.8,-65.5,0.));
#12152 = VECTOR('',#12153,1.);
#12153 = DIRECTION('',(0.,0.,1.));
#12154 = ORIENTED_EDGE('',*,*,#2835,.T.);
#12155 = ORIENTED_EDGE('',*,*,#12127,.F.);
#12156 = PLANE('',#12157);
#12157 = AXIS2_PLACEMENT_3D('',#12158,#12159,#12160);
#12158 = CARTESIAN_POINT('',(-23.8,-201.5,0.));
#12159 = DIRECTION('',(1.,0.,0.));
#12160 = DIRECTION('',(0.,1.,0.));
#12161 = ADVANCED_FACE('',(#12162),#12180,.T.);
#12162 = FACE_BOUND('',#12163,.T.);
#12163 = EDGE_LOOP('',(#12164,#12172,#12173,#12174));
#12164 = ORIENTED_EDGE('',*,*,#12165,.F.);
#12165 = EDGE_CURVE('',#12111,#12166,#12168,.T.);
#12166 = VERTEX_POINT('',#12167);
#12167 = CARTESIAN_POINT('',(-5.4,-65.5,0.));
#12168 = LINE('',#12169,#12170);
#12169 = CARTESIAN_POINT('',(-5.4,-38.5,0.));
#12170 = VECTOR('',#12171,1.);
#12171 = DIRECTION('',(0.,-1.,0.));
#12172 = ORIENTED_EDGE('',*,*,#12120,.F.);
#12173 = ORIENTED_EDGE('',*,*,#2819,.T.);
#12174 = ORIENTED_EDGE('',*,*,#12175,.F.);
#12175 = EDGE_CURVE('',#12166,#2820,#12176,.T.);
#12176 = LINE('',#12177,#12178);
#12177 = CARTESIAN_POINT('',(-5.4,-65.5,0.));
#12178 = VECTOR('',#12179,1.);
#12179 = DIRECTION('',(-0.,-0.,-1.));
#12180 = PLANE('',#12181);
#12181 = AXIS2_PLACEMENT_3D('',#12182,#12183,#12184);
#12182 = CARTESIAN_POINT('',(-5.4,-38.5,0.));
#12183 = DIRECTION('',(-1.,0.,0.));
#12184 = DIRECTION('',(0.,-1.,0.));
#12185 = ADVANCED_FACE('',(#12186),#12197,.F.);
#12186 = FACE_BOUND('',#12187,.F.);
#12187 = EDGE_LOOP('',(#12188,#12194,#12195,#12196));
#12188 = ORIENTED_EDGE('',*,*,#12189,.F.);
#12189 = EDGE_CURVE('',#12142,#12166,#12190,.T.);
#12190 = LINE('',#12191,#12192);
#12191 = CARTESIAN_POINT('',(-45.2,-65.5,0.));
#12192 = VECTOR('',#12193,1.);
#12193 = DIRECTION('',(1.,0.,0.));
#12194 = ORIENTED_EDGE('',*,*,#12149,.F.);
#12195 = ORIENTED_EDGE('',*,*,#2827,.F.);
#12196 = ORIENTED_EDGE('',*,*,#12175,.F.);
#12197 = PLANE('',#12198);
#12198 = AXIS2_PLACEMENT_3D('',#12199,#12200,#12201);
#12199 = CARTESIAN_POINT('',(-45.2,-65.5,0.));
#12200 = DIRECTION('',(0.,-1.,0.));
#12201 = DIRECTION('',(1.,0.,0.));
#12202 = ADVANCED_FACE('',(#12203),#12228,.F.);
#12203 = FACE_BOUND('',#12204,.F.);
#12204 = EDGE_LOOP('',(#12205,#12215,#12221,#12222));
#12205 = ORIENTED_EDGE('',*,*,#12206,.F.);
#12206 = EDGE_CURVE('',#12207,#12209,#12211,.T.);
#12207 = VERTEX_POINT('',#12208);
#12208 = CARTESIAN_POINT('',(16.,-118.5,0.));
#12209 = VERTEX_POINT('',#12210);
#12210 = CARTESIAN_POINT('',(-2.4,-118.5,0.));
#12211 = LINE('',#12212,#12213);
#12212 = CARTESIAN_POINT('',(58.8,-118.5,0.));
#12213 = VECTOR('',#12214,1.);
#12214 = DIRECTION('',(-1.,0.,0.));
#12215 = ORIENTED_EDGE('',*,*,#12216,.F.);
#12216 = EDGE_CURVE('',#2846,#12207,#12217,.T.);
#12217 = LINE('',#12218,#12219);
#12218 = CARTESIAN_POINT('',(16.,-118.5,0.));
#12219 = VECTOR('',#12220,1.);
#12220 = DIRECTION('',(0.,0.,1.));
#12221 = ORIENTED_EDGE('',*,*,#2843,.F.);
#12222 = ORIENTED_EDGE('',*,*,#12223,.F.);
#12223 = EDGE_CURVE('',#12209,#2844,#12224,.T.);
#12224 = LINE('',#12225,#12226);
#12225 = CARTESIAN_POINT('',(-2.4,-118.5,0.));
#12226 = VECTOR('',#12227,1.);
#12227 = DIRECTION('',(0.,0.,-1.));
#12228 = PLANE('',#12229);
#12229 = AXIS2_PLACEMENT_3D('',#12230,#12231,#12232);
#12230 = CARTESIAN_POINT('',(58.8,-118.5,0.));
#12231 = DIRECTION('',(0.,1.,0.));
#12232 = DIRECTION('',(-1.,0.,0.));
#12233 = ADVANCED_FACE('',(#12234),#12252,.T.);
#12234 = FACE_BOUND('',#12235,.T.);
#12235 = EDGE_LOOP('',(#12236,#12244,#12250,#12251));
#12236 = ORIENTED_EDGE('',*,*,#12237,.F.);
#12237 = EDGE_CURVE('',#12238,#12209,#12240,.T.);
#12238 = VERTEX_POINT('',#12239);
#12239 = CARTESIAN_POINT('',(-2.4,-121.5,0.));
#12240 = LINE('',#12241,#12242);
#12241 = CARTESIAN_POINT('',(-2.4,-201.5,0.));
#12242 = VECTOR('',#12243,1.);
#12243 = DIRECTION('',(0.,1.,0.));
#12244 = ORIENTED_EDGE('',*,*,#12245,.F.);
#12245 = EDGE_CURVE('',#2862,#12238,#12246,.T.);
#12246 = LINE('',#12247,#12248);
#12247 = CARTESIAN_POINT('',(-2.4,-121.5,0.));
#12248 = VECTOR('',#12249,1.);
#12249 = DIRECTION('',(0.,0.,1.));
#12250 = ORIENTED_EDGE('',*,*,#2869,.T.);
#12251 = ORIENTED_EDGE('',*,*,#12223,.F.);
#12252 = PLANE('',#12253);
#12253 = AXIS2_PLACEMENT_3D('',#12254,#12255,#12256);
#12254 = CARTESIAN_POINT('',(-2.4,-201.5,0.));
#12255 = DIRECTION('',(1.,0.,0.));
#12256 = DIRECTION('',(0.,1.,0.));
#12257 = ADVANCED_FACE('',(#12258),#12276,.T.);
#12258 = FACE_BOUND('',#12259,.T.);
#12259 = EDGE_LOOP('',(#12260,#12268,#12269,#12270));
#12260 = ORIENTED_EDGE('',*,*,#12261,.F.);
#12261 = EDGE_CURVE('',#12207,#12262,#12264,.T.);
#12262 = VERTEX_POINT('',#12263);
#12263 = CARTESIAN_POINT('',(16.,-121.5,0.));
#12264 = LINE('',#12265,#12266);
#12265 = CARTESIAN_POINT('',(16.,-38.5,0.));
#12266 = VECTOR('',#12267,1.);
#12267 = DIRECTION('',(0.,-1.,0.));
#12268 = ORIENTED_EDGE('',*,*,#12216,.F.);
#12269 = ORIENTED_EDGE('',*,*,#2853,.T.);
#12270 = ORIENTED_EDGE('',*,*,#12271,.F.);
#12271 = EDGE_CURVE('',#12262,#2854,#12272,.T.);
#12272 = LINE('',#12273,#12274);
#12273 = CARTESIAN_POINT('',(16.,-121.5,0.));
#12274 = VECTOR('',#12275,1.);
#12275 = DIRECTION('',(-0.,-0.,-1.));
#12276 = PLANE('',#12277);
#12277 = AXIS2_PLACEMENT_3D('',#12278,#12279,#12280);
#12278 = CARTESIAN_POINT('',(16.,-38.5,0.));
#12279 = DIRECTION('',(-1.,0.,0.));
#12280 = DIRECTION('',(0.,-1.,0.));
#12281 = ADVANCED_FACE('',(#12282),#12293,.F.);
#12282 = FACE_BOUND('',#12283,.F.);
#12283 = EDGE_LOOP('',(#12284,#12290,#12291,#12292));
#12284 = ORIENTED_EDGE('',*,*,#12285,.F.);
#12285 = EDGE_CURVE('',#12238,#12262,#12286,.T.);
#12286 = LINE('',#12287,#12288);
#12287 = CARTESIAN_POINT('',(-45.2,-121.5,0.));
#12288 = VECTOR('',#12289,1.);
#12289 = DIRECTION('',(1.,0.,0.));
#12290 = ORIENTED_EDGE('',*,*,#12245,.F.);
#12291 = ORIENTED_EDGE('',*,*,#2861,.F.);
#12292 = ORIENTED_EDGE('',*,*,#12271,.F.);
#12293 = PLANE('',#12294);
#12294 = AXIS2_PLACEMENT_3D('',#12295,#12296,#12297);
#12295 = CARTESIAN_POINT('',(-45.2,-121.5,0.));
#12296 = DIRECTION('',(0.,-1.,0.));
#12297 = DIRECTION('',(1.,0.,0.));
#12298 = ADVANCED_FACE('',(#12299),#12324,.F.);
#12299 = FACE_BOUND('',#12300,.F.);
#12300 = EDGE_LOOP('',(#12301,#12311,#12317,#12318));
#12301 = ORIENTED_EDGE('',*,*,#12302,.F.);
#12302 = EDGE_CURVE('',#12303,#12305,#12307,.T.);
#12303 = VERTEX_POINT('',#12304);
#12304 = CARTESIAN_POINT('',(16.,-110.5,0.));
#12305 = VERTEX_POINT('',#12306);
#12306 = CARTESIAN_POINT('',(-2.4,-110.5,0.));
#12307 = LINE('',#12308,#12309);
#12308 = CARTESIAN_POINT('',(58.8,-110.5,0.));
#12309 = VECTOR('',#12310,1.);
#12310 = DIRECTION('',(-1.,0.,0.));
#12311 = ORIENTED_EDGE('',*,*,#12312,.F.);
#12312 = EDGE_CURVE('',#2880,#12303,#12313,.T.);
#12313 = LINE('',#12314,#12315);
#12314 = CARTESIAN_POINT('',(16.,-110.5,0.));
#12315 = VECTOR('',#12316,1.);
#12316 = DIRECTION('',(0.,0.,1.));
#12317 = ORIENTED_EDGE('',*,*,#2877,.F.);
#12318 = ORIENTED_EDGE('',*,*,#12319,.F.);
#12319 = EDGE_CURVE('',#12305,#2878,#12320,.T.);
#12320 = LINE('',#12321,#12322);
#12321 = CARTESIAN_POINT('',(-2.4,-110.5,0.));
#12322 = VECTOR('',#12323,1.);
#12323 = DIRECTION('',(0.,0.,-1.));
#12324 = PLANE('',#12325);
#12325 = AXIS2_PLACEMENT_3D('',#12326,#12327,#12328);
#12326 = CARTESIAN_POINT('',(58.8,-110.5,0.));
#12327 = DIRECTION('',(0.,1.,0.));
#12328 = DIRECTION('',(-1.,0.,0.));
#12329 = ADVANCED_FACE('',(#12330),#12348,.T.);
#12330 = FACE_BOUND('',#12331,.T.);
#12331 = EDGE_LOOP('',(#12332,#12340,#12346,#12347));
#12332 = ORIENTED_EDGE('',*,*,#12333,.F.);
#12333 = EDGE_CURVE('',#12334,#12305,#12336,.T.);
#12334 = VERTEX_POINT('',#12335);
#12335 = CARTESIAN_POINT('',(-2.4,-113.5,0.));
#12336 = LINE('',#12337,#12338);
#12337 = CARTESIAN_POINT('',(-2.4,-201.5,0.));
#12338 = VECTOR('',#12339,1.);
#12339 = DIRECTION('',(0.,1.,0.));
#12340 = ORIENTED_EDGE('',*,*,#12341,.F.);
#12341 = EDGE_CURVE('',#2896,#12334,#12342,.T.);
#12342 = LINE('',#12343,#12344);
#12343 = CARTESIAN_POINT('',(-2.4,-113.5,0.));
#12344 = VECTOR('',#12345,1.);
#12345 = DIRECTION('',(0.,0.,1.));
#12346 = ORIENTED_EDGE('',*,*,#2903,.T.);
#12347 = ORIENTED_EDGE('',*,*,#12319,.F.);
#12348 = PLANE('',#12349);
#12349 = AXIS2_PLACEMENT_3D('',#12350,#12351,#12352);
#12350 = CARTESIAN_POINT('',(-2.4,-201.5,0.));
#12351 = DIRECTION('',(1.,0.,0.));
#12352 = DIRECTION('',(0.,1.,0.));
#12353 = ADVANCED_FACE('',(#12354),#12372,.T.);
#12354 = FACE_BOUND('',#12355,.T.);
#12355 = EDGE_LOOP('',(#12356,#12364,#12365,#12366));
#12356 = ORIENTED_EDGE('',*,*,#12357,.F.);
#12357 = EDGE_CURVE('',#12303,#12358,#12360,.T.);
#12358 = VERTEX_POINT('',#12359);
#12359 = CARTESIAN_POINT('',(16.,-113.5,0.));
#12360 = LINE('',#12361,#12362);
#12361 = CARTESIAN_POINT('',(16.,-38.5,0.));
#12362 = VECTOR('',#12363,1.);
#12363 = DIRECTION('',(0.,-1.,0.));
#12364 = ORIENTED_EDGE('',*,*,#12312,.F.);
#12365 = ORIENTED_EDGE('',*,*,#2887,.T.);
#12366 = ORIENTED_EDGE('',*,*,#12367,.F.);
#12367 = EDGE_CURVE('',#12358,#2888,#12368,.T.);
#12368 = LINE('',#12369,#12370);
#12369 = CARTESIAN_POINT('',(16.,-113.5,0.));
#12370 = VECTOR('',#12371,1.);
#12371 = DIRECTION('',(-0.,-0.,-1.));
#12372 = PLANE('',#12373);
#12373 = AXIS2_PLACEMENT_3D('',#12374,#12375,#12376);
#12374 = CARTESIAN_POINT('',(16.,-38.5,0.));
#12375 = DIRECTION('',(-1.,0.,0.));
#12376 = DIRECTION('',(0.,-1.,0.));
#12377 = ADVANCED_FACE('',(#12378),#12389,.F.);
#12378 = FACE_BOUND('',#12379,.F.);
#12379 = EDGE_LOOP('',(#12380,#12386,#12387,#12388));
#12380 = ORIENTED_EDGE('',*,*,#12381,.F.);
#12381 = EDGE_CURVE('',#12334,#12358,#12382,.T.);
#12382 = LINE('',#12383,#12384);
#12383 = CARTESIAN_POINT('',(-45.2,-113.5,0.));
#12384 = VECTOR('',#12385,1.);
#12385 = DIRECTION('',(1.,0.,0.));
#12386 = ORIENTED_EDGE('',*,*,#12341,.F.);
#12387 = ORIENTED_EDGE('',*,*,#2895,.F.);
#12388 = ORIENTED_EDGE('',*,*,#12367,.F.);
#12389 = PLANE('',#12390);
#12390 = AXIS2_PLACEMENT_3D('',#12391,#12392,#12393);
#12391 = CARTESIAN_POINT('',(-45.2,-113.5,0.));
#12392 = DIRECTION('',(0.,-1.,0.));
#12393 = DIRECTION('',(1.,0.,0.));
#12394 = ADVANCED_FACE('',(#12395),#12420,.F.);
#12395 = FACE_BOUND('',#12396,.F.);
#12396 = EDGE_LOOP('',(#12397,#12407,#12413,#12414));
#12397 = ORIENTED_EDGE('',*,*,#12398,.F.);
#12398 = EDGE_CURVE('',#12399,#12401,#12403,.T.);
#12399 = VERTEX_POINT('',#12400);
#12400 = CARTESIAN_POINT('',(16.,-102.5,0.));
#12401 = VERTEX_POINT('',#12402);
#12402 = CARTESIAN_POINT('',(-2.4,-102.5,0.));
#12403 = LINE('',#12404,#12405);
#12404 = CARTESIAN_POINT('',(58.8,-102.5,0.));
#12405 = VECTOR('',#12406,1.);
#12406 = DIRECTION('',(-1.,0.,0.));
#12407 = ORIENTED_EDGE('',*,*,#12408,.F.);
#12408 = EDGE_CURVE('',#2914,#12399,#12409,.T.);
#12409 = LINE('',#12410,#12411);
#12410 = CARTESIAN_POINT('',(16.,-102.5,0.));
#12411 = VECTOR('',#12412,1.);
#12412 = DIRECTION('',(0.,0.,1.));
#12413 = ORIENTED_EDGE('',*,*,#2911,.F.);
#12414 = ORIENTED_EDGE('',*,*,#12415,.F.);
#12415 = EDGE_CURVE('',#12401,#2912,#12416,.T.);
#12416 = LINE('',#12417,#12418);
#12417 = CARTESIAN_POINT('',(-2.4,-102.5,0.));
#12418 = VECTOR('',#12419,1.);
#12419 = DIRECTION('',(0.,0.,-1.));
#12420 = PLANE('',#12421);
#12421 = AXIS2_PLACEMENT_3D('',#12422,#12423,#12424);
#12422 = CARTESIAN_POINT('',(58.8,-102.5,0.));
#12423 = DIRECTION('',(0.,1.,0.));
#12424 = DIRECTION('',(-1.,0.,0.));
#12425 = ADVANCED_FACE('',(#12426),#12444,.T.);
#12426 = FACE_BOUND('',#12427,.T.);
#12427 = EDGE_LOOP('',(#12428,#12436,#12442,#12443));
#12428 = ORIENTED_EDGE('',*,*,#12429,.F.);
#12429 = EDGE_CURVE('',#12430,#12401,#12432,.T.);
#12430 = VERTEX_POINT('',#12431);
#12431 = CARTESIAN_POINT('',(-2.4,-105.5,0.));
#12432 = LINE('',#12433,#12434);
#12433 = CARTESIAN_POINT('',(-2.4,-201.5,0.));
#12434 = VECTOR('',#12435,1.);
#12435 = DIRECTION('',(0.,1.,0.));
#12436 = ORIENTED_EDGE('',*,*,#12437,.F.);
#12437 = EDGE_CURVE('',#2930,#12430,#12438,.T.);
#12438 = LINE('',#12439,#12440);
#12439 = CARTESIAN_POINT('',(-2.4,-105.5,0.));
#12440 = VECTOR('',#12441,1.);
#12441 = DIRECTION('',(0.,0.,1.));
#12442 = ORIENTED_EDGE('',*,*,#2937,.T.);
#12443 = ORIENTED_EDGE('',*,*,#12415,.F.);
#12444 = PLANE('',#12445);
#12445 = AXIS2_PLACEMENT_3D('',#12446,#12447,#12448);
#12446 = CARTESIAN_POINT('',(-2.4,-201.5,0.));
#12447 = DIRECTION('',(1.,0.,0.));
#12448 = DIRECTION('',(0.,1.,0.));
#12449 = ADVANCED_FACE('',(#12450),#12468,.T.);
#12450 = FACE_BOUND('',#12451,.T.);
#12451 = EDGE_LOOP('',(#12452,#12460,#12461,#12462));
#12452 = ORIENTED_EDGE('',*,*,#12453,.F.);
#12453 = EDGE_CURVE('',#12399,#12454,#12456,.T.);
#12454 = VERTEX_POINT('',#12455);
#12455 = CARTESIAN_POINT('',(16.,-105.5,0.));
#12456 = LINE('',#12457,#12458);
#12457 = CARTESIAN_POINT('',(16.,-38.5,0.));
#12458 = VECTOR('',#12459,1.);
#12459 = DIRECTION('',(0.,-1.,0.));
#12460 = ORIENTED_EDGE('',*,*,#12408,.F.);
#12461 = ORIENTED_EDGE('',*,*,#2921,.T.);
#12462 = ORIENTED_EDGE('',*,*,#12463,.F.);
#12463 = EDGE_CURVE('',#12454,#2922,#12464,.T.);
#12464 = LINE('',#12465,#12466);
#12465 = CARTESIAN_POINT('',(16.,-105.5,0.));
#12466 = VECTOR('',#12467,1.);
#12467 = DIRECTION('',(-0.,-0.,-1.));
#12468 = PLANE('',#12469);
#12469 = AXIS2_PLACEMENT_3D('',#12470,#12471,#12472);
#12470 = CARTESIAN_POINT('',(16.,-38.5,0.));
#12471 = DIRECTION('',(-1.,0.,0.));
#12472 = DIRECTION('',(0.,-1.,0.));
#12473 = ADVANCED_FACE('',(#12474),#12485,.F.);
#12474 = FACE_BOUND('',#12475,.F.);
#12475 = EDGE_LOOP('',(#12476,#12482,#12483,#12484));
#12476 = ORIENTED_EDGE('',*,*,#12477,.F.);
#12477 = EDGE_CURVE('',#12430,#12454,#12478,.T.);
#12478 = LINE('',#12479,#12480);
#12479 = CARTESIAN_POINT('',(-45.2,-105.5,0.));
#12480 = VECTOR('',#12481,1.);
#12481 = DIRECTION('',(1.,0.,0.));
#12482 = ORIENTED_EDGE('',*,*,#12437,.F.);
#12483 = ORIENTED_EDGE('',*,*,#2929,.F.);
#12484 = ORIENTED_EDGE('',*,*,#12463,.F.);
#12485 = PLANE('',#12486);
#12486 = AXIS2_PLACEMENT_3D('',#12487,#12488,#12489);
#12487 = CARTESIAN_POINT('',(-45.2,-105.5,0.));
#12488 = DIRECTION('',(0.,-1.,0.));
#12489 = DIRECTION('',(1.,0.,0.));
#12490 = ADVANCED_FACE('',(#12491),#12516,.F.);
#12491 = FACE_BOUND('',#12492,.F.);
#12492 = EDGE_LOOP('',(#12493,#12503,#12509,#12510));
#12493 = ORIENTED_EDGE('',*,*,#12494,.F.);
#12494 = EDGE_CURVE('',#12495,#12497,#12499,.T.);
#12495 = VERTEX_POINT('',#12496);
#12496 = CARTESIAN_POINT('',(16.,-94.5,0.));
#12497 = VERTEX_POINT('',#12498);
#12498 = CARTESIAN_POINT('',(-2.4,-94.5,0.));
#12499 = LINE('',#12500,#12501);
#12500 = CARTESIAN_POINT('',(58.8,-94.5,0.));
#12501 = VECTOR('',#12502,1.);
#12502 = DIRECTION('',(-1.,0.,0.));
#12503 = ORIENTED_EDGE('',*,*,#12504,.F.);
#12504 = EDGE_CURVE('',#2948,#12495,#12505,.T.);
#12505 = LINE('',#12506,#12507);
#12506 = CARTESIAN_POINT('',(16.,-94.5,0.));
#12507 = VECTOR('',#12508,1.);
#12508 = DIRECTION('',(0.,0.,1.));
#12509 = ORIENTED_EDGE('',*,*,#2945,.F.);
#12510 = ORIENTED_EDGE('',*,*,#12511,.F.);
#12511 = EDGE_CURVE('',#12497,#2946,#12512,.T.);
#12512 = LINE('',#12513,#12514);
#12513 = CARTESIAN_POINT('',(-2.4,-94.5,0.));
#12514 = VECTOR('',#12515,1.);
#12515 = DIRECTION('',(0.,0.,-1.));
#12516 = PLANE('',#12517);
#12517 = AXIS2_PLACEMENT_3D('',#12518,#12519,#12520);
#12518 = CARTESIAN_POINT('',(58.8,-94.5,0.));
#12519 = DIRECTION('',(0.,1.,0.));
#12520 = DIRECTION('',(-1.,0.,0.));
#12521 = ADVANCED_FACE('',(#12522),#12540,.T.);
#12522 = FACE_BOUND('',#12523,.T.);
#12523 = EDGE_LOOP('',(#12524,#12532,#12538,#12539));
#12524 = ORIENTED_EDGE('',*,*,#12525,.F.);
#12525 = EDGE_CURVE('',#12526,#12497,#12528,.T.);
#12526 = VERTEX_POINT('',#12527);
#12527 = CARTESIAN_POINT('',(-2.4,-97.5,0.));
#12528 = LINE('',#12529,#12530);
#12529 = CARTESIAN_POINT('',(-2.4,-201.5,0.));
#12530 = VECTOR('',#12531,1.);
#12531 = DIRECTION('',(0.,1.,0.));
#12532 = ORIENTED_EDGE('',*,*,#12533,.F.);
#12533 = EDGE_CURVE('',#2964,#12526,#12534,.T.);
#12534 = LINE('',#12535,#12536);
#12535 = CARTESIAN_POINT('',(-2.4,-97.5,0.));
#12536 = VECTOR('',#12537,1.);
#12537 = DIRECTION('',(0.,0.,1.));
#12538 = ORIENTED_EDGE('',*,*,#2971,.T.);
#12539 = ORIENTED_EDGE('',*,*,#12511,.F.);
#12540 = PLANE('',#12541);
#12541 = AXIS2_PLACEMENT_3D('',#12542,#12543,#12544);
#12542 = CARTESIAN_POINT('',(-2.4,-201.5,0.));
#12543 = DIRECTION('',(1.,0.,0.));
#12544 = DIRECTION('',(0.,1.,0.));
#12545 = ADVANCED_FACE('',(#12546),#12564,.T.);
#12546 = FACE_BOUND('',#12547,.T.);
#12547 = EDGE_LOOP('',(#12548,#12556,#12557,#12558));
#12548 = ORIENTED_EDGE('',*,*,#12549,.F.);
#12549 = EDGE_CURVE('',#12495,#12550,#12552,.T.);
#12550 = VERTEX_POINT('',#12551);
#12551 = CARTESIAN_POINT('',(16.,-97.5,0.));
#12552 = LINE('',#12553,#12554);
#12553 = CARTESIAN_POINT('',(16.,-38.5,0.));
#12554 = VECTOR('',#12555,1.);
#12555 = DIRECTION('',(0.,-1.,0.));
#12556 = ORIENTED_EDGE('',*,*,#12504,.F.);
#12557 = ORIENTED_EDGE('',*,*,#2955,.T.);
#12558 = ORIENTED_EDGE('',*,*,#12559,.F.);
#12559 = EDGE_CURVE('',#12550,#2956,#12560,.T.);
#12560 = LINE('',#12561,#12562);
#12561 = CARTESIAN_POINT('',(16.,-97.5,0.));
#12562 = VECTOR('',#12563,1.);
#12563 = DIRECTION('',(-0.,-0.,-1.));
#12564 = PLANE('',#12565);
#12565 = AXIS2_PLACEMENT_3D('',#12566,#12567,#12568);
#12566 = CARTESIAN_POINT('',(16.,-38.5,0.));
#12567 = DIRECTION('',(-1.,0.,0.));
#12568 = DIRECTION('',(0.,-1.,0.));
#12569 = ADVANCED_FACE('',(#12570),#12581,.F.);
#12570 = FACE_BOUND('',#12571,.F.);
#12571 = EDGE_LOOP('',(#12572,#12578,#12579,#12580));
#12572 = ORIENTED_EDGE('',*,*,#12573,.F.);
#12573 = EDGE_CURVE('',#12526,#12550,#12574,.T.);
#12574 = LINE('',#12575,#12576);
#12575 = CARTESIAN_POINT('',(-45.2,-97.5,0.));
#12576 = VECTOR('',#12577,1.);
#12577 = DIRECTION('',(1.,0.,0.));
#12578 = ORIENTED_EDGE('',*,*,#12533,.F.);
#12579 = ORIENTED_EDGE('',*,*,#2963,.F.);
#12580 = ORIENTED_EDGE('',*,*,#12559,.F.);
#12581 = PLANE('',#12582);
#12582 = AXIS2_PLACEMENT_3D('',#12583,#12584,#12585);
#12583 = CARTESIAN_POINT('',(-45.2,-97.5,0.));
#12584 = DIRECTION('',(0.,-1.,0.));
#12585 = DIRECTION('',(1.,0.,0.));
#12586 = ADVANCED_FACE('',(#12587),#12612,.F.);
#12587 = FACE_BOUND('',#12588,.F.);
#12588 = EDGE_LOOP('',(#12589,#12599,#12605,#12606));
#12589 = ORIENTED_EDGE('',*,*,#12590,.F.);
#12590 = EDGE_CURVE('',#12591,#12593,#12595,.T.);
#12591 = VERTEX_POINT('',#12592);
#12592 = CARTESIAN_POINT('',(16.,-86.5,0.));
#12593 = VERTEX_POINT('',#12594);
#12594 = CARTESIAN_POINT('',(-2.4,-86.5,0.));
#12595 = LINE('',#12596,#12597);
#12596 = CARTESIAN_POINT('',(58.8,-86.5,0.));
#12597 = VECTOR('',#12598,1.);
#12598 = DIRECTION('',(-1.,0.,0.));
#12599 = ORIENTED_EDGE('',*,*,#12600,.F.);
#12600 = EDGE_CURVE('',#2982,#12591,#12601,.T.);
#12601 = LINE('',#12602,#12603);
#12602 = CARTESIAN_POINT('',(16.,-86.5,0.));
#12603 = VECTOR('',#12604,1.);
#12604 = DIRECTION('',(0.,0.,1.));
#12605 = ORIENTED_EDGE('',*,*,#2979,.F.);
#12606 = ORIENTED_EDGE('',*,*,#12607,.F.);
#12607 = EDGE_CURVE('',#12593,#2980,#12608,.T.);
#12608 = LINE('',#12609,#12610);
#12609 = CARTESIAN_POINT('',(-2.4,-86.5,0.));
#12610 = VECTOR('',#12611,1.);
#12611 = DIRECTION('',(0.,0.,-1.));
#12612 = PLANE('',#12613);
#12613 = AXIS2_PLACEMENT_3D('',#12614,#12615,#12616);
#12614 = CARTESIAN_POINT('',(58.8,-86.5,0.));
#12615 = DIRECTION('',(0.,1.,0.));
#12616 = DIRECTION('',(-1.,0.,0.));
#12617 = ADVANCED_FACE('',(#12618),#12636,.T.);
#12618 = FACE_BOUND('',#12619,.T.);
#12619 = EDGE_LOOP('',(#12620,#12628,#12634,#12635));
#12620 = ORIENTED_EDGE('',*,*,#12621,.F.);
#12621 = EDGE_CURVE('',#12622,#12593,#12624,.T.);
#12622 = VERTEX_POINT('',#12623);
#12623 = CARTESIAN_POINT('',(-2.4,-89.5,0.));
#12624 = LINE('',#12625,#12626);
#12625 = CARTESIAN_POINT('',(-2.4,-201.5,0.));
#12626 = VECTOR('',#12627,1.);
#12627 = DIRECTION('',(0.,1.,0.));
#12628 = ORIENTED_EDGE('',*,*,#12629,.F.);
#12629 = EDGE_CURVE('',#2998,#12622,#12630,.T.);
#12630 = LINE('',#12631,#12632);
#12631 = CARTESIAN_POINT('',(-2.4,-89.5,0.));
#12632 = VECTOR('',#12633,1.);
#12633 = DIRECTION('',(0.,0.,1.));
#12634 = ORIENTED_EDGE('',*,*,#3005,.T.);
#12635 = ORIENTED_EDGE('',*,*,#12607,.F.);
#12636 = PLANE('',#12637);
#12637 = AXIS2_PLACEMENT_3D('',#12638,#12639,#12640);
#12638 = CARTESIAN_POINT('',(-2.4,-201.5,0.));
#12639 = DIRECTION('',(1.,0.,0.));
#12640 = DIRECTION('',(0.,1.,0.));
#12641 = ADVANCED_FACE('',(#12642),#12660,.T.);
#12642 = FACE_BOUND('',#12643,.T.);
#12643 = EDGE_LOOP('',(#12644,#12652,#12653,#12654));
#12644 = ORIENTED_EDGE('',*,*,#12645,.F.);
#12645 = EDGE_CURVE('',#12591,#12646,#12648,.T.);
#12646 = VERTEX_POINT('',#12647);
#12647 = CARTESIAN_POINT('',(16.,-89.5,0.));
#12648 = LINE('',#12649,#12650);
#12649 = CARTESIAN_POINT('',(16.,-38.5,0.));
#12650 = VECTOR('',#12651,1.);
#12651 = DIRECTION('',(0.,-1.,0.));
#12652 = ORIENTED_EDGE('',*,*,#12600,.F.);
#12653 = ORIENTED_EDGE('',*,*,#2989,.T.);
#12654 = ORIENTED_EDGE('',*,*,#12655,.F.);
#12655 = EDGE_CURVE('',#12646,#2990,#12656,.T.);
#12656 = LINE('',#12657,#12658);
#12657 = CARTESIAN_POINT('',(16.,-89.5,0.));
#12658 = VECTOR('',#12659,1.);
#12659 = DIRECTION('',(-0.,-0.,-1.));
#12660 = PLANE('',#12661);
#12661 = AXIS2_PLACEMENT_3D('',#12662,#12663,#12664);
#12662 = CARTESIAN_POINT('',(16.,-38.5,0.));
#12663 = DIRECTION('',(-1.,0.,0.));
#12664 = DIRECTION('',(0.,-1.,0.));
#12665 = ADVANCED_FACE('',(#12666),#12677,.F.);
#12666 = FACE_BOUND('',#12667,.F.);
#12667 = EDGE_LOOP('',(#12668,#12674,#12675,#12676));
#12668 = ORIENTED_EDGE('',*,*,#12669,.F.);
#12669 = EDGE_CURVE('',#12622,#12646,#12670,.T.);
#12670 = LINE('',#12671,#12672);
#12671 = CARTESIAN_POINT('',(-45.2,-89.5,0.));
#12672 = VECTOR('',#12673,1.);
#12673 = DIRECTION('',(1.,0.,0.));
#12674 = ORIENTED_EDGE('',*,*,#12629,.F.);
#12675 = ORIENTED_EDGE('',*,*,#2997,.F.);
#12676 = ORIENTED_EDGE('',*,*,#12655,.F.);
#12677 = PLANE('',#12678);
#12678 = AXIS2_PLACEMENT_3D('',#12679,#12680,#12681);
#12679 = CARTESIAN_POINT('',(-45.2,-89.5,0.));
#12680 = DIRECTION('',(0.,-1.,0.));
#12681 = DIRECTION('',(1.,0.,0.));
#12682 = ADVANCED_FACE('',(#12683),#12708,.F.);
#12683 = FACE_BOUND('',#12684,.F.);
#12684 = EDGE_LOOP('',(#12685,#12695,#12701,#12702));
#12685 = ORIENTED_EDGE('',*,*,#12686,.F.);
#12686 = EDGE_CURVE('',#12687,#12689,#12691,.T.);
#12687 = VERTEX_POINT('',#12688);
#12688 = CARTESIAN_POINT('',(16.,-78.5,0.));
#12689 = VERTEX_POINT('',#12690);
#12690 = CARTESIAN_POINT('',(-2.4,-78.5,0.));
#12691 = LINE('',#12692,#12693);
#12692 = CARTESIAN_POINT('',(58.8,-78.5,0.));
#12693 = VECTOR('',#12694,1.);
#12694 = DIRECTION('',(-1.,0.,0.));
#12695 = ORIENTED_EDGE('',*,*,#12696,.F.);
#12696 = EDGE_CURVE('',#3016,#12687,#12697,.T.);
#12697 = LINE('',#12698,#12699);
#12698 = CARTESIAN_POINT('',(16.,-78.5,0.));
#12699 = VECTOR('',#12700,1.);
#12700 = DIRECTION('',(0.,0.,1.));
#12701 = ORIENTED_EDGE('',*,*,#3013,.F.);
#12702 = ORIENTED_EDGE('',*,*,#12703,.F.);
#12703 = EDGE_CURVE('',#12689,#3014,#12704,.T.);
#12704 = LINE('',#12705,#12706);
#12705 = CARTESIAN_POINT('',(-2.4,-78.5,0.));
#12706 = VECTOR('',#12707,1.);
#12707 = DIRECTION('',(0.,0.,-1.));
#12708 = PLANE('',#12709);
#12709 = AXIS2_PLACEMENT_3D('',#12710,#12711,#12712);
#12710 = CARTESIAN_POINT('',(58.8,-78.5,0.));
#12711 = DIRECTION('',(0.,1.,0.));
#12712 = DIRECTION('',(-1.,0.,0.));
#12713 = ADVANCED_FACE('',(#12714),#12732,.T.);
#12714 = FACE_BOUND('',#12715,.T.);
#12715 = EDGE_LOOP('',(#12716,#12724,#12730,#12731));
#12716 = ORIENTED_EDGE('',*,*,#12717,.F.);
#12717 = EDGE_CURVE('',#12718,#12689,#12720,.T.);
#12718 = VERTEX_POINT('',#12719);
#12719 = CARTESIAN_POINT('',(-2.4,-81.5,0.));
#12720 = LINE('',#12721,#12722);
#12721 = CARTESIAN_POINT('',(-2.4,-201.5,0.));
#12722 = VECTOR('',#12723,1.);
#12723 = DIRECTION('',(0.,1.,0.));
#12724 = ORIENTED_EDGE('',*,*,#12725,.F.);
#12725 = EDGE_CURVE('',#3032,#12718,#12726,.T.);
#12726 = LINE('',#12727,#12728);
#12727 = CARTESIAN_POINT('',(-2.4,-81.5,0.));
#12728 = VECTOR('',#12729,1.);
#12729 = DIRECTION('',(0.,0.,1.));
#12730 = ORIENTED_EDGE('',*,*,#3039,.T.);
#12731 = ORIENTED_EDGE('',*,*,#12703,.F.);
#12732 = PLANE('',#12733);
#12733 = AXIS2_PLACEMENT_3D('',#12734,#12735,#12736);
#12734 = CARTESIAN_POINT('',(-2.4,-201.5,0.));
#12735 = DIRECTION('',(1.,0.,0.));
#12736 = DIRECTION('',(0.,1.,0.));
#12737 = ADVANCED_FACE('',(#12738),#12756,.T.);
#12738 = FACE_BOUND('',#12739,.T.);
#12739 = EDGE_LOOP('',(#12740,#12748,#12749,#12750));
#12740 = ORIENTED_EDGE('',*,*,#12741,.F.);
#12741 = EDGE_CURVE('',#12687,#12742,#12744,.T.);
#12742 = VERTEX_POINT('',#12743);
#12743 = CARTESIAN_POINT('',(16.,-81.5,0.));
#12744 = LINE('',#12745,#12746);
#12745 = CARTESIAN_POINT('',(16.,-38.5,0.));
#12746 = VECTOR('',#12747,1.);
#12747 = DIRECTION('',(0.,-1.,0.));
#12748 = ORIENTED_EDGE('',*,*,#12696,.F.);
#12749 = ORIENTED_EDGE('',*,*,#3023,.T.);
#12750 = ORIENTED_EDGE('',*,*,#12751,.F.);
#12751 = EDGE_CURVE('',#12742,#3024,#12752,.T.);
#12752 = LINE('',#12753,#12754);
#12753 = CARTESIAN_POINT('',(16.,-81.5,0.));
#12754 = VECTOR('',#12755,1.);
#12755 = DIRECTION('',(-0.,-0.,-1.));
#12756 = PLANE('',#12757);
#12757 = AXIS2_PLACEMENT_3D('',#12758,#12759,#12760);
#12758 = CARTESIAN_POINT('',(16.,-38.5,0.));
#12759 = DIRECTION('',(-1.,0.,0.));
#12760 = DIRECTION('',(0.,-1.,0.));
#12761 = ADVANCED_FACE('',(#12762),#12773,.F.);
#12762 = FACE_BOUND('',#12763,.F.);
#12763 = EDGE_LOOP('',(#12764,#12770,#12771,#12772));
#12764 = ORIENTED_EDGE('',*,*,#12765,.F.);
#12765 = EDGE_CURVE('',#12718,#12742,#12766,.T.);
#12766 = LINE('',#12767,#12768);
#12767 = CARTESIAN_POINT('',(-45.2,-81.5,0.));
#12768 = VECTOR('',#12769,1.);
#12769 = DIRECTION('',(1.,0.,0.));
#12770 = ORIENTED_EDGE('',*,*,#12725,.F.);
#12771 = ORIENTED_EDGE('',*,*,#3031,.F.);
#12772 = ORIENTED_EDGE('',*,*,#12751,.F.);
#12773 = PLANE('',#12774);
#12774 = AXIS2_PLACEMENT_3D('',#12775,#12776,#12777);
#12775 = CARTESIAN_POINT('',(-45.2,-81.5,0.));
#12776 = DIRECTION('',(0.,-1.,0.));
#12777 = DIRECTION('',(1.,0.,0.));
#12778 = ADVANCED_FACE('',(#12779),#12804,.F.);
#12779 = FACE_BOUND('',#12780,.F.);
#12780 = EDGE_LOOP('',(#12781,#12791,#12797,#12798));
#12781 = ORIENTED_EDGE('',*,*,#12782,.F.);
#12782 = EDGE_CURVE('',#12783,#12785,#12787,.T.);
#12783 = VERTEX_POINT('',#12784);
#12784 = CARTESIAN_POINT('',(16.,-70.5,0.));
#12785 = VERTEX_POINT('',#12786);
#12786 = CARTESIAN_POINT('',(-2.4,-70.5,0.));
#12787 = LINE('',#12788,#12789);
#12788 = CARTESIAN_POINT('',(58.8,-70.5,0.));
#12789 = VECTOR('',#12790,1.);
#12790 = DIRECTION('',(-1.,0.,0.));
#12791 = ORIENTED_EDGE('',*,*,#12792,.F.);
#12792 = EDGE_CURVE('',#3050,#12783,#12793,.T.);
#12793 = LINE('',#12794,#12795);
#12794 = CARTESIAN_POINT('',(16.,-70.5,0.));
#12795 = VECTOR('',#12796,1.);
#12796 = DIRECTION('',(0.,0.,1.));
#12797 = ORIENTED_EDGE('',*,*,#3047,.F.);
#12798 = ORIENTED_EDGE('',*,*,#12799,.F.);
#12799 = EDGE_CURVE('',#12785,#3048,#12800,.T.);
#12800 = LINE('',#12801,#12802);
#12801 = CARTESIAN_POINT('',(-2.4,-70.5,0.));
#12802 = VECTOR('',#12803,1.);
#12803 = DIRECTION('',(0.,0.,-1.));
#12804 = PLANE('',#12805);
#12805 = AXIS2_PLACEMENT_3D('',#12806,#12807,#12808);
#12806 = CARTESIAN_POINT('',(58.8,-70.5,0.));
#12807 = DIRECTION('',(0.,1.,0.));
#12808 = DIRECTION('',(-1.,0.,0.));
#12809 = ADVANCED_FACE('',(#12810),#12828,.T.);
#12810 = FACE_BOUND('',#12811,.T.);
#12811 = EDGE_LOOP('',(#12812,#12820,#12826,#12827));
#12812 = ORIENTED_EDGE('',*,*,#12813,.F.);
#12813 = EDGE_CURVE('',#12814,#12785,#12816,.T.);
#12814 = VERTEX_POINT('',#12815);
#12815 = CARTESIAN_POINT('',(-2.4,-73.5,0.));
#12816 = LINE('',#12817,#12818);
#12817 = CARTESIAN_POINT('',(-2.4,-201.5,0.));
#12818 = VECTOR('',#12819,1.);
#12819 = DIRECTION('',(0.,1.,0.));
#12820 = ORIENTED_EDGE('',*,*,#12821,.F.);
#12821 = EDGE_CURVE('',#3066,#12814,#12822,.T.);
#12822 = LINE('',#12823,#12824);
#12823 = CARTESIAN_POINT('',(-2.4,-73.5,0.));
#12824 = VECTOR('',#12825,1.);
#12825 = DIRECTION('',(0.,0.,1.));
#12826 = ORIENTED_EDGE('',*,*,#3073,.T.);
#12827 = ORIENTED_EDGE('',*,*,#12799,.F.);
#12828 = PLANE('',#12829);
#12829 = AXIS2_PLACEMENT_3D('',#12830,#12831,#12832);
#12830 = CARTESIAN_POINT('',(-2.4,-201.5,0.));
#12831 = DIRECTION('',(1.,0.,0.));
#12832 = DIRECTION('',(0.,1.,0.));
#12833 = ADVANCED_FACE('',(#12834),#12852,.T.);
#12834 = FACE_BOUND('',#12835,.T.);
#12835 = EDGE_LOOP('',(#12836,#12844,#12845,#12846));
#12836 = ORIENTED_EDGE('',*,*,#12837,.F.);
#12837 = EDGE_CURVE('',#12783,#12838,#12840,.T.);
#12838 = VERTEX_POINT('',#12839);
#12839 = CARTESIAN_POINT('',(16.,-73.5,0.));
#12840 = LINE('',#12841,#12842);
#12841 = CARTESIAN_POINT('',(16.,-38.5,0.));
#12842 = VECTOR('',#12843,1.);
#12843 = DIRECTION('',(0.,-1.,0.));
#12844 = ORIENTED_EDGE('',*,*,#12792,.F.);
#12845 = ORIENTED_EDGE('',*,*,#3057,.T.);
#12846 = ORIENTED_EDGE('',*,*,#12847,.F.);
#12847 = EDGE_CURVE('',#12838,#3058,#12848,.T.);
#12848 = LINE('',#12849,#12850);
#12849 = CARTESIAN_POINT('',(16.,-73.5,0.));
#12850 = VECTOR('',#12851,1.);
#12851 = DIRECTION('',(-0.,-0.,-1.));
#12852 = PLANE('',#12853);
#12853 = AXIS2_PLACEMENT_3D('',#12854,#12855,#12856);
#12854 = CARTESIAN_POINT('',(16.,-38.5,0.));
#12855 = DIRECTION('',(-1.,0.,0.));
#12856 = DIRECTION('',(0.,-1.,0.));
#12857 = ADVANCED_FACE('',(#12858),#12869,.F.);
#12858 = FACE_BOUND('',#12859,.F.);
#12859 = EDGE_LOOP('',(#12860,#12866,#12867,#12868));
#12860 = ORIENTED_EDGE('',*,*,#12861,.F.);
#12861 = EDGE_CURVE('',#12814,#12838,#12862,.T.);
#12862 = LINE('',#12863,#12864);
#12863 = CARTESIAN_POINT('',(-45.2,-73.5,0.));
#12864 = VECTOR('',#12865,1.);
#12865 = DIRECTION('',(1.,0.,0.));
#12866 = ORIENTED_EDGE('',*,*,#12821,.F.);
#12867 = ORIENTED_EDGE('',*,*,#3065,.F.);
#12868 = ORIENTED_EDGE('',*,*,#12847,.F.);
#12869 = PLANE('',#12870);
#12870 = AXIS2_PLACEMENT_3D('',#12871,#12872,#12873);
#12871 = CARTESIAN_POINT('',(-45.2,-73.5,0.));
#12872 = DIRECTION('',(0.,-1.,0.));
#12873 = DIRECTION('',(1.,0.,0.));
#12874 = ADVANCED_FACE('',(#12875),#12900,.F.);
#12875 = FACE_BOUND('',#12876,.F.);
#12876 = EDGE_LOOP('',(#12877,#12887,#12893,#12894));
#12877 = ORIENTED_EDGE('',*,*,#12878,.F.);
#12878 = EDGE_CURVE('',#12879,#12881,#12883,.T.);
#12879 = VERTEX_POINT('',#12880);
#12880 = CARTESIAN_POINT('',(16.,-62.5,0.));
#12881 = VERTEX_POINT('',#12882);
#12882 = CARTESIAN_POINT('',(-2.4,-62.5,0.));
#12883 = LINE('',#12884,#12885);
#12884 = CARTESIAN_POINT('',(58.8,-62.5,0.));
#12885 = VECTOR('',#12886,1.);
#12886 = DIRECTION('',(-1.,0.,0.));
#12887 = ORIENTED_EDGE('',*,*,#12888,.F.);
#12888 = EDGE_CURVE('',#3084,#12879,#12889,.T.);
#12889 = LINE('',#12890,#12891);
#12890 = CARTESIAN_POINT('',(16.,-62.5,0.));
#12891 = VECTOR('',#12892,1.);
#12892 = DIRECTION('',(0.,0.,1.));
#12893 = ORIENTED_EDGE('',*,*,#3081,.F.);
#12894 = ORIENTED_EDGE('',*,*,#12895,.F.);
#12895 = EDGE_CURVE('',#12881,#3082,#12896,.T.);
#12896 = LINE('',#12897,#12898);
#12897 = CARTESIAN_POINT('',(-2.4,-62.5,0.));
#12898 = VECTOR('',#12899,1.);
#12899 = DIRECTION('',(0.,0.,-1.));
#12900 = PLANE('',#12901);
#12901 = AXIS2_PLACEMENT_3D('',#12902,#12903,#12904);
#12902 = CARTESIAN_POINT('',(58.8,-62.5,0.));
#12903 = DIRECTION('',(0.,1.,0.));
#12904 = DIRECTION('',(-1.,0.,0.));
#12905 = ADVANCED_FACE('',(#12906),#12924,.T.);
#12906 = FACE_BOUND('',#12907,.T.);
#12907 = EDGE_LOOP('',(#12908,#12916,#12922,#12923));
#12908 = ORIENTED_EDGE('',*,*,#12909,.F.);
#12909 = EDGE_CURVE('',#12910,#12881,#12912,.T.);
#12910 = VERTEX_POINT('',#12911);
#12911 = CARTESIAN_POINT('',(-2.4,-65.5,0.));
#12912 = LINE('',#12913,#12914);
#12913 = CARTESIAN_POINT('',(-2.4,-201.5,0.));
#12914 = VECTOR('',#12915,1.);
#12915 = DIRECTION('',(0.,1.,0.));
#12916 = ORIENTED_EDGE('',*,*,#12917,.F.);
#12917 = EDGE_CURVE('',#3100,#12910,#12918,.T.);
#12918 = LINE('',#12919,#12920);
#12919 = CARTESIAN_POINT('',(-2.4,-65.5,0.));
#12920 = VECTOR('',#12921,1.);
#12921 = DIRECTION('',(0.,0.,1.));
#12922 = ORIENTED_EDGE('',*,*,#3107,.T.);
#12923 = ORIENTED_EDGE('',*,*,#12895,.F.);
#12924 = PLANE('',#12925);
#12925 = AXIS2_PLACEMENT_3D('',#12926,#12927,#12928);
#12926 = CARTESIAN_POINT('',(-2.4,-201.5,0.));
#12927 = DIRECTION('',(1.,0.,0.));
#12928 = DIRECTION('',(0.,1.,0.));
#12929 = ADVANCED_FACE('',(#12930),#12948,.T.);
#12930 = FACE_BOUND('',#12931,.T.);
#12931 = EDGE_LOOP('',(#12932,#12940,#12941,#12942));
#12932 = ORIENTED_EDGE('',*,*,#12933,.F.);
#12933 = EDGE_CURVE('',#12879,#12934,#12936,.T.);
#12934 = VERTEX_POINT('',#12935);
#12935 = CARTESIAN_POINT('',(16.,-65.5,0.));
#12936 = LINE('',#12937,#12938);
#12937 = CARTESIAN_POINT('',(16.,-38.5,0.));
#12938 = VECTOR('',#12939,1.);
#12939 = DIRECTION('',(0.,-1.,0.));
#12940 = ORIENTED_EDGE('',*,*,#12888,.F.);
#12941 = ORIENTED_EDGE('',*,*,#3091,.T.);
#12942 = ORIENTED_EDGE('',*,*,#12943,.F.);
#12943 = EDGE_CURVE('',#12934,#3092,#12944,.T.);
#12944 = LINE('',#12945,#12946);
#12945 = CARTESIAN_POINT('',(16.,-65.5,0.));
#12946 = VECTOR('',#12947,1.);
#12947 = DIRECTION('',(-0.,-0.,-1.));
#12948 = PLANE('',#12949);
#12949 = AXIS2_PLACEMENT_3D('',#12950,#12951,#12952);
#12950 = CARTESIAN_POINT('',(16.,-38.5,0.));
#12951 = DIRECTION('',(-1.,0.,0.));
#12952 = DIRECTION('',(0.,-1.,0.));
#12953 = ADVANCED_FACE('',(#12954),#12965,.F.);
#12954 = FACE_BOUND('',#12955,.F.);
#12955 = EDGE_LOOP('',(#12956,#12962,#12963,#12964));
#12956 = ORIENTED_EDGE('',*,*,#12957,.F.);
#12957 = EDGE_CURVE('',#12910,#12934,#12958,.T.);
#12958 = LINE('',#12959,#12960);
#12959 = CARTESIAN_POINT('',(-45.2,-65.5,0.));
#12960 = VECTOR('',#12961,1.);
#12961 = DIRECTION('',(1.,0.,0.));
#12962 = ORIENTED_EDGE('',*,*,#12917,.F.);
#12963 = ORIENTED_EDGE('',*,*,#3099,.F.);
#12964 = ORIENTED_EDGE('',*,*,#12943,.F.);
#12965 = PLANE('',#12966);
#12966 = AXIS2_PLACEMENT_3D('',#12967,#12968,#12969);
#12967 = CARTESIAN_POINT('',(-45.2,-65.5,0.));
#12968 = DIRECTION('',(0.,-1.,0.));
#12969 = DIRECTION('',(1.,0.,0.));
#12970 = ADVANCED_FACE('',(#12971),#12996,.T.);
#12971 = FACE_BOUND('',#12972,.T.);
#12972 = EDGE_LOOP('',(#12973,#12983,#12989,#12990));
#12973 = ORIENTED_EDGE('',*,*,#12974,.F.);
#12974 = EDGE_CURVE('',#12975,#12977,#12979,.T.);
#12975 = VERTEX_POINT('',#12976);
#12976 = CARTESIAN_POINT('',(-26.8,-54.5,0.));
#12977 = VERTEX_POINT('',#12978);
#12978 = CARTESIAN_POINT('',(-26.8,-57.5,0.));
#12979 = LINE('',#12980,#12981);
#12980 = CARTESIAN_POINT('',(-26.8,-38.5,0.));
#12981 = VECTOR('',#12982,1.);
#12982 = DIRECTION('',(0.,-1.,0.));
#12983 = ORIENTED_EDGE('',*,*,#12984,.F.);
#12984 = EDGE_CURVE('',#3116,#12975,#12985,.T.);
#12985 = LINE('',#12986,#12987);
#12986 = CARTESIAN_POINT('',(-26.8,-54.5,0.));
#12987 = VECTOR('',#12988,1.);
#12988 = DIRECTION('',(0.,0.,1.));
#12989 = ORIENTED_EDGE('',*,*,#3115,.T.);
#12990 = ORIENTED_EDGE('',*,*,#12991,.F.);
#12991 = EDGE_CURVE('',#12977,#3118,#12992,.T.);
#12992 = LINE('',#12993,#12994);
#12993 = CARTESIAN_POINT('',(-26.8,-57.5,0.));
#12994 = VECTOR('',#12995,1.);
#12995 = DIRECTION('',(-0.,-0.,-1.));
#12996 = PLANE('',#12997);
#12997 = AXIS2_PLACEMENT_3D('',#12998,#12999,#13000);
#12998 = CARTESIAN_POINT('',(-26.8,-38.5,0.));
#12999 = DIRECTION('',(-1.,0.,0.));
#13000 = DIRECTION('',(0.,-1.,0.));
#13001 = ADVANCED_FACE('',(#13002),#13020,.F.);
#13002 = FACE_BOUND('',#13003,.F.);
#13003 = EDGE_LOOP('',(#13004,#13012,#13013,#13014));
#13004 = ORIENTED_EDGE('',*,*,#13005,.F.);
#13005 = EDGE_CURVE('',#12975,#13006,#13008,.T.);
#13006 = VERTEX_POINT('',#13007);
#13007 = CARTESIAN_POINT('',(-45.2,-54.5,0.));
#13008 = LINE('',#13009,#13010);
#13009 = CARTESIAN_POINT('',(58.8,-54.5,0.));
#13010 = VECTOR('',#13011,1.);
#13011 = DIRECTION('',(-1.,0.,0.));
#13012 = ORIENTED_EDGE('',*,*,#12984,.F.);
#13013 = ORIENTED_EDGE('',*,*,#3141,.F.);
#13014 = ORIENTED_EDGE('',*,*,#13015,.F.);
#13015 = EDGE_CURVE('',#13006,#3134,#13016,.T.);
#13016 = LINE('',#13017,#13018);
#13017 = CARTESIAN_POINT('',(-45.2,-54.5,0.));
#13018 = VECTOR('',#13019,1.);
#13019 = DIRECTION('',(-0.,-0.,-1.));
#13020 = PLANE('',#13021);
#13021 = AXIS2_PLACEMENT_3D('',#13022,#13023,#13024);
#13022 = CARTESIAN_POINT('',(58.8,-54.5,0.));
#13023 = DIRECTION('',(0.,1.,0.));
#13024 = DIRECTION('',(-1.,0.,0.));
#13025 = ADVANCED_FACE('',(#13026),#13044,.F.);
#13026 = FACE_BOUND('',#13027,.F.);
#13027 = EDGE_LOOP('',(#13028,#13036,#13042,#13043));
#13028 = ORIENTED_EDGE('',*,*,#13029,.F.);
#13029 = EDGE_CURVE('',#13030,#12977,#13032,.T.);
#13030 = VERTEX_POINT('',#13031);
#13031 = CARTESIAN_POINT('',(-45.2,-57.5,0.));
#13032 = LINE('',#13033,#13034);
#13033 = CARTESIAN_POINT('',(-45.2,-57.5,0.));
#13034 = VECTOR('',#13035,1.);
#13035 = DIRECTION('',(1.,0.,0.));
#13036 = ORIENTED_EDGE('',*,*,#13037,.T.);
#13037 = EDGE_CURVE('',#13030,#3126,#13038,.T.);
#13038 = LINE('',#13039,#13040);
#13039 = CARTESIAN_POINT('',(-45.2,-57.5,0.));
#13040 = VECTOR('',#13041,1.);
#13041 = DIRECTION('',(-0.,-0.,-1.));
#13042 = ORIENTED_EDGE('',*,*,#3125,.F.);
#13043 = ORIENTED_EDGE('',*,*,#12991,.F.);
#13044 = PLANE('',#13045);
#13045 = AXIS2_PLACEMENT_3D('',#13046,#13047,#13048);
#13046 = CARTESIAN_POINT('',(-45.2,-57.5,0.));
#13047 = DIRECTION('',(0.,-1.,0.));
#13048 = DIRECTION('',(1.,0.,0.));
#13049 = ADVANCED_FACE('',(#13050),#13061,.F.);
#13050 = FACE_BOUND('',#13051,.F.);
#13051 = EDGE_LOOP('',(#13052,#13058,#13059,#13060));
#13052 = ORIENTED_EDGE('',*,*,#13053,.F.);
#13053 = EDGE_CURVE('',#13006,#13030,#13054,.T.);
#13054 = LINE('',#13055,#13056);
#13055 = CARTESIAN_POINT('',(-45.2,-54.5,0.));
#13056 = VECTOR('',#13057,1.);
#13057 = DIRECTION('',(0.,-1.,0.));
#13058 = ORIENTED_EDGE('',*,*,#13015,.T.);
#13059 = ORIENTED_EDGE('',*,*,#3133,.F.);
#13060 = ORIENTED_EDGE('',*,*,#13037,.F.);
#13061 = PLANE('',#13062);
#13062 = AXIS2_PLACEMENT_3D('',#13063,#13064,#13065);
#13063 = CARTESIAN_POINT('',(-45.2,-54.5,0.));
#13064 = DIRECTION('',(-1.,0.,0.));
#13065 = DIRECTION('',(0.,-1.,0.));
#13066 = ADVANCED_FACE('',(#13067),#13092,.T.);
#13067 = FACE_BOUND('',#13068,.T.);
#13068 = EDGE_LOOP('',(#13069,#13079,#13085,#13086));
#13069 = ORIENTED_EDGE('',*,*,#13070,.F.);
#13070 = EDGE_CURVE('',#13071,#13073,#13075,.T.);
#13071 = VERTEX_POINT('',#13072);
#13072 = CARTESIAN_POINT('',(-26.8,-46.5,0.));
#13073 = VERTEX_POINT('',#13074);
#13074 = CARTESIAN_POINT('',(-26.8,-49.5,0.));
#13075 = LINE('',#13076,#13077);
#13076 = CARTESIAN_POINT('',(-26.8,-38.5,0.));
#13077 = VECTOR('',#13078,1.);
#13078 = DIRECTION('',(0.,-1.,0.));
#13079 = ORIENTED_EDGE('',*,*,#13080,.F.);
#13080 = EDGE_CURVE('',#3150,#13071,#13081,.T.);
#13081 = LINE('',#13082,#13083);
#13082 = CARTESIAN_POINT('',(-26.8,-46.5,0.));
#13083 = VECTOR('',#13084,1.);
#13084 = DIRECTION('',(0.,0.,1.));
#13085 = ORIENTED_EDGE('',*,*,#3149,.T.);
#13086 = ORIENTED_EDGE('',*,*,#13087,.F.);
#13087 = EDGE_CURVE('',#13073,#3152,#13088,.T.);
#13088 = LINE('',#13089,#13090);
#13089 = CARTESIAN_POINT('',(-26.8,-49.5,0.));
#13090 = VECTOR('',#13091,1.);
#13091 = DIRECTION('',(-0.,-0.,-1.));
#13092 = PLANE('',#13093);
#13093 = AXIS2_PLACEMENT_3D('',#13094,#13095,#13096);
#13094 = CARTESIAN_POINT('',(-26.8,-38.5,0.));
#13095 = DIRECTION('',(-1.,0.,0.));
#13096 = DIRECTION('',(0.,-1.,0.));
#13097 = ADVANCED_FACE('',(#13098),#13116,.F.);
#13098 = FACE_BOUND('',#13099,.F.);
#13099 = EDGE_LOOP('',(#13100,#13108,#13109,#13110));
#13100 = ORIENTED_EDGE('',*,*,#13101,.F.);
#13101 = EDGE_CURVE('',#13071,#13102,#13104,.T.);
#13102 = VERTEX_POINT('',#13103);
#13103 = CARTESIAN_POINT('',(-45.2,-46.5,0.));
#13104 = LINE('',#13105,#13106);
#13105 = CARTESIAN_POINT('',(58.8,-46.5,0.));
#13106 = VECTOR('',#13107,1.);
#13107 = DIRECTION('',(-1.,0.,0.));
#13108 = ORIENTED_EDGE('',*,*,#13080,.F.);
#13109 = ORIENTED_EDGE('',*,*,#3175,.F.);
#13110 = ORIENTED_EDGE('',*,*,#13111,.F.);
#13111 = EDGE_CURVE('',#13102,#3168,#13112,.T.);
#13112 = LINE('',#13113,#13114);
#13113 = CARTESIAN_POINT('',(-45.2,-46.5,0.));
#13114 = VECTOR('',#13115,1.);
#13115 = DIRECTION('',(-0.,-0.,-1.));
#13116 = PLANE('',#13117);
#13117 = AXIS2_PLACEMENT_3D('',#13118,#13119,#13120);
#13118 = CARTESIAN_POINT('',(58.8,-46.5,0.));
#13119 = DIRECTION('',(0.,1.,0.));
#13120 = DIRECTION('',(-1.,0.,0.));
#13121 = ADVANCED_FACE('',(#13122),#13140,.F.);
#13122 = FACE_BOUND('',#13123,.F.);
#13123 = EDGE_LOOP('',(#13124,#13132,#13138,#13139));
#13124 = ORIENTED_EDGE('',*,*,#13125,.F.);
#13125 = EDGE_CURVE('',#13126,#13073,#13128,.T.);
#13126 = VERTEX_POINT('',#13127);
#13127 = CARTESIAN_POINT('',(-45.2,-49.5,0.));
#13128 = LINE('',#13129,#13130);
#13129 = CARTESIAN_POINT('',(-45.2,-49.5,0.));
#13130 = VECTOR('',#13131,1.);
#13131 = DIRECTION('',(1.,0.,0.));
#13132 = ORIENTED_EDGE('',*,*,#13133,.T.);
#13133 = EDGE_CURVE('',#13126,#3160,#13134,.T.);
#13134 = LINE('',#13135,#13136);
#13135 = CARTESIAN_POINT('',(-45.2,-49.5,0.));
#13136 = VECTOR('',#13137,1.);
#13137 = DIRECTION('',(-0.,-0.,-1.));
#13138 = ORIENTED_EDGE('',*,*,#3159,.F.);
#13139 = ORIENTED_EDGE('',*,*,#13087,.F.);
#13140 = PLANE('',#13141);
#13141 = AXIS2_PLACEMENT_3D('',#13142,#13143,#13144);
#13142 = CARTESIAN_POINT('',(-45.2,-49.5,0.));
#13143 = DIRECTION('',(0.,-1.,0.));
#13144 = DIRECTION('',(1.,0.,0.));
#13145 = ADVANCED_FACE('',(#13146),#13157,.F.);
#13146 = FACE_BOUND('',#13147,.F.);
#13147 = EDGE_LOOP('',(#13148,#13154,#13155,#13156));
#13148 = ORIENTED_EDGE('',*,*,#13149,.F.);
#13149 = EDGE_CURVE('',#13102,#13126,#13150,.T.);
#13150 = LINE('',#13151,#13152);
#13151 = CARTESIAN_POINT('',(-45.2,-46.5,0.));
#13152 = VECTOR('',#13153,1.);
#13153 = DIRECTION('',(0.,-1.,0.));
#13154 = ORIENTED_EDGE('',*,*,#13111,.T.);
#13155 = ORIENTED_EDGE('',*,*,#3167,.F.);
#13156 = ORIENTED_EDGE('',*,*,#13133,.F.);
#13157 = PLANE('',#13158);
#13158 = AXIS2_PLACEMENT_3D('',#13159,#13160,#13161);
#13159 = CARTESIAN_POINT('',(-45.2,-46.5,0.));
#13160 = DIRECTION('',(-1.,0.,0.));
#13161 = DIRECTION('',(0.,-1.,0.));
#13162 = ADVANCED_FACE('',(#13163),#13188,.T.);
#13163 = FACE_BOUND('',#13164,.T.);
#13164 = EDGE_LOOP('',(#13165,#13175,#13181,#13182));
#13165 = ORIENTED_EDGE('',*,*,#13166,.F.);
#13166 = EDGE_CURVE('',#13167,#13169,#13171,.T.);
#13167 = VERTEX_POINT('',#13168);
#13168 = CARTESIAN_POINT('',(-26.8,-38.5,0.));
#13169 = VERTEX_POINT('',#13170);
#13170 = CARTESIAN_POINT('',(-26.8,-41.5,0.));
#13171 = LINE('',#13172,#13173);
#13172 = CARTESIAN_POINT('',(-26.8,-38.5,0.));
#13173 = VECTOR('',#13174,1.);
#13174 = DIRECTION('',(0.,-1.,0.));
#13175 = ORIENTED_EDGE('',*,*,#13176,.T.);
#13176 = EDGE_CURVE('',#13167,#3184,#13177,.T.);
#13177 = LINE('',#13178,#13179);
#13178 = CARTESIAN_POINT('',(-26.8,-38.5,0.));
#13179 = VECTOR('',#13180,1.);
#13180 = DIRECTION('',(-0.,-0.,-1.));
#13181 = ORIENTED_EDGE('',*,*,#3183,.T.);
#13182 = ORIENTED_EDGE('',*,*,#13183,.F.);
#13183 = EDGE_CURVE('',#13169,#3186,#13184,.T.);
#13184 = LINE('',#13185,#13186);
#13185 = CARTESIAN_POINT('',(-26.8,-41.5,0.));
#13186 = VECTOR('',#13187,1.);
#13187 = DIRECTION('',(-0.,-0.,-1.));
#13188 = PLANE('',#13189);
#13189 = AXIS2_PLACEMENT_3D('',#13190,#13191,#13192);
#13190 = CARTESIAN_POINT('',(-26.8,-38.5,0.));
#13191 = DIRECTION('',(-1.,0.,0.));
#13192 = DIRECTION('',(0.,-1.,0.));
#13193 = ADVANCED_FACE('',(#13194),#13212,.F.);
#13194 = FACE_BOUND('',#13195,.F.);
#13195 = EDGE_LOOP('',(#13196,#13204,#13205,#13206));
#13196 = ORIENTED_EDGE('',*,*,#13197,.F.);
#13197 = EDGE_CURVE('',#13167,#13198,#13200,.T.);
#13198 = VERTEX_POINT('',#13199);
#13199 = CARTESIAN_POINT('',(-45.2,-38.5,0.));
#13200 = LINE('',#13201,#13202);
#13201 = CARTESIAN_POINT('',(58.8,-38.5,0.));
#13202 = VECTOR('',#13203,1.);
#13203 = DIRECTION('',(-1.,0.,0.));
#13204 = ORIENTED_EDGE('',*,*,#13176,.T.);
#13205 = ORIENTED_EDGE('',*,*,#3209,.F.);
#13206 = ORIENTED_EDGE('',*,*,#13207,.F.);
#13207 = EDGE_CURVE('',#13198,#3202,#13208,.T.);
#13208 = LINE('',#13209,#13210);
#13209 = CARTESIAN_POINT('',(-45.2,-38.5,0.));
#13210 = VECTOR('',#13211,1.);
#13211 = DIRECTION('',(-0.,-0.,-1.));
#13212 = PLANE('',#13213);
#13213 = AXIS2_PLACEMENT_3D('',#13214,#13215,#13216);
#13214 = CARTESIAN_POINT('',(58.8,-38.5,0.));
#13215 = DIRECTION('',(0.,1.,0.));
#13216 = DIRECTION('',(-1.,0.,0.));
#13217 = ADVANCED_FACE('',(#13218),#13236,.F.);
#13218 = FACE_BOUND('',#13219,.F.);
#13219 = EDGE_LOOP('',(#13220,#13228,#13234,#13235));
#13220 = ORIENTED_EDGE('',*,*,#13221,.F.);
#13221 = EDGE_CURVE('',#13222,#13169,#13224,.T.);
#13222 = VERTEX_POINT('',#13223);
#13223 = CARTESIAN_POINT('',(-45.2,-41.5,0.));
#13224 = LINE('',#13225,#13226);
#13225 = CARTESIAN_POINT('',(-45.2,-41.5,0.));
#13226 = VECTOR('',#13227,1.);
#13227 = DIRECTION('',(1.,0.,0.));
#13228 = ORIENTED_EDGE('',*,*,#13229,.T.);
#13229 = EDGE_CURVE('',#13222,#3194,#13230,.T.);
#13230 = LINE('',#13231,#13232);
#13231 = CARTESIAN_POINT('',(-45.2,-41.5,0.));
#13232 = VECTOR('',#13233,1.);
#13233 = DIRECTION('',(-0.,-0.,-1.));
#13234 = ORIENTED_EDGE('',*,*,#3193,.F.);
#13235 = ORIENTED_EDGE('',*,*,#13183,.F.);
#13236 = PLANE('',#13237);
#13237 = AXIS2_PLACEMENT_3D('',#13238,#13239,#13240);
#13238 = CARTESIAN_POINT('',(-45.2,-41.5,0.));
#13239 = DIRECTION('',(0.,-1.,0.));
#13240 = DIRECTION('',(1.,0.,0.));
#13241 = ADVANCED_FACE('',(#13242),#13253,.F.);
#13242 = FACE_BOUND('',#13243,.F.);
#13243 = EDGE_LOOP('',(#13244,#13250,#13251,#13252));
#13244 = ORIENTED_EDGE('',*,*,#13245,.F.);
#13245 = EDGE_CURVE('',#13198,#13222,#13246,.T.);
#13246 = LINE('',#13247,#13248);
#13247 = CARTESIAN_POINT('',(-45.2,-38.5,0.));
#13248 = VECTOR('',#13249,1.);
#13249 = DIRECTION('',(0.,-1.,0.));
#13250 = ORIENTED_EDGE('',*,*,#13207,.T.);
#13251 = ORIENTED_EDGE('',*,*,#3201,.F.);
#13252 = ORIENTED_EDGE('',*,*,#13229,.F.);
#13253 = PLANE('',#13254);
#13254 = AXIS2_PLACEMENT_3D('',#13255,#13256,#13257);
#13255 = CARTESIAN_POINT('',(-45.2,-38.5,0.));
#13256 = DIRECTION('',(-1.,0.,0.));
#13257 = DIRECTION('',(0.,-1.,0.));
#13258 = ADVANCED_FACE('',(#13259),#13284,.F.);
#13259 = FACE_BOUND('',#13260,.F.);
#13260 = EDGE_LOOP('',(#13261,#13271,#13277,#13278));
#13261 = ORIENTED_EDGE('',*,*,#13262,.F.);
#13262 = EDGE_CURVE('',#13263,#13265,#13267,.T.);
#13263 = VERTEX_POINT('',#13264);
#13264 = CARTESIAN_POINT('',(-5.4,-54.5,0.));
#13265 = VERTEX_POINT('',#13266);
#13266 = CARTESIAN_POINT('',(-23.8,-54.5,0.));
#13267 = LINE('',#13268,#13269);
#13268 = CARTESIAN_POINT('',(58.8,-54.5,0.));
#13269 = VECTOR('',#13270,1.);
#13270 = DIRECTION('',(-1.,0.,0.));
#13271 = ORIENTED_EDGE('',*,*,#13272,.F.);
#13272 = EDGE_CURVE('',#3220,#13263,#13273,.T.);
#13273 = LINE('',#13274,#13275);
#13274 = CARTESIAN_POINT('',(-5.4,-54.5,0.));
#13275 = VECTOR('',#13276,1.);
#13276 = DIRECTION('',(0.,0.,1.));
#13277 = ORIENTED_EDGE('',*,*,#3217,.F.);
#13278 = ORIENTED_EDGE('',*,*,#13279,.F.);
#13279 = EDGE_CURVE('',#13265,#3218,#13280,.T.);
#13280 = LINE('',#13281,#13282);
#13281 = CARTESIAN_POINT('',(-23.8,-54.5,0.));
#13282 = VECTOR('',#13283,1.);
#13283 = DIRECTION('',(0.,0.,-1.));
#13284 = PLANE('',#13285);
#13285 = AXIS2_PLACEMENT_3D('',#13286,#13287,#13288);
#13286 = CARTESIAN_POINT('',(58.8,-54.5,0.));
#13287 = DIRECTION('',(0.,1.,0.));
#13288 = DIRECTION('',(-1.,0.,0.));
#13289 = ADVANCED_FACE('',(#13290),#13308,.T.);
#13290 = FACE_BOUND('',#13291,.T.);
#13291 = EDGE_LOOP('',(#13292,#13300,#13306,#13307));
#13292 = ORIENTED_EDGE('',*,*,#13293,.F.);
#13293 = EDGE_CURVE('',#13294,#13265,#13296,.T.);
#13294 = VERTEX_POINT('',#13295);
#13295 = CARTESIAN_POINT('',(-23.8,-57.5,0.));
#13296 = LINE('',#13297,#13298);
#13297 = CARTESIAN_POINT('',(-23.8,-201.5,0.));
#13298 = VECTOR('',#13299,1.);
#13299 = DIRECTION('',(0.,1.,0.));
#13300 = ORIENTED_EDGE('',*,*,#13301,.F.);
#13301 = EDGE_CURVE('',#3236,#13294,#13302,.T.);
#13302 = LINE('',#13303,#13304);
#13303 = CARTESIAN_POINT('',(-23.8,-57.5,0.));
#13304 = VECTOR('',#13305,1.);
#13305 = DIRECTION('',(0.,0.,1.));
#13306 = ORIENTED_EDGE('',*,*,#3243,.T.);
#13307 = ORIENTED_EDGE('',*,*,#13279,.F.);
#13308 = PLANE('',#13309);
#13309 = AXIS2_PLACEMENT_3D('',#13310,#13311,#13312);
#13310 = CARTESIAN_POINT('',(-23.8,-201.5,0.));
#13311 = DIRECTION('',(1.,0.,0.));
#13312 = DIRECTION('',(0.,1.,0.));
#13313 = ADVANCED_FACE('',(#13314),#13332,.T.);
#13314 = FACE_BOUND('',#13315,.T.);
#13315 = EDGE_LOOP('',(#13316,#13324,#13325,#13326));
#13316 = ORIENTED_EDGE('',*,*,#13317,.F.);
#13317 = EDGE_CURVE('',#13263,#13318,#13320,.T.);
#13318 = VERTEX_POINT('',#13319);
#13319 = CARTESIAN_POINT('',(-5.4,-57.5,0.));
#13320 = LINE('',#13321,#13322);
#13321 = CARTESIAN_POINT('',(-5.4,-38.5,0.));
#13322 = VECTOR('',#13323,1.);
#13323 = DIRECTION('',(0.,-1.,0.));
#13324 = ORIENTED_EDGE('',*,*,#13272,.F.);
#13325 = ORIENTED_EDGE('',*,*,#3227,.T.);
#13326 = ORIENTED_EDGE('',*,*,#13327,.F.);
#13327 = EDGE_CURVE('',#13318,#3228,#13328,.T.);
#13328 = LINE('',#13329,#13330);
#13329 = CARTESIAN_POINT('',(-5.4,-57.5,0.));
#13330 = VECTOR('',#13331,1.);
#13331 = DIRECTION('',(-0.,-0.,-1.));
#13332 = PLANE('',#13333);
#13333 = AXIS2_PLACEMENT_3D('',#13334,#13335,#13336);
#13334 = CARTESIAN_POINT('',(-5.4,-38.5,0.));
#13335 = DIRECTION('',(-1.,0.,0.));
#13336 = DIRECTION('',(0.,-1.,0.));
#13337 = ADVANCED_FACE('',(#13338),#13349,.F.);
#13338 = FACE_BOUND('',#13339,.F.);
#13339 = EDGE_LOOP('',(#13340,#13346,#13347,#13348));
#13340 = ORIENTED_EDGE('',*,*,#13341,.F.);
#13341 = EDGE_CURVE('',#13294,#13318,#13342,.T.);
#13342 = LINE('',#13343,#13344);
#13343 = CARTESIAN_POINT('',(-45.2,-57.5,0.));
#13344 = VECTOR('',#13345,1.);
#13345 = DIRECTION('',(1.,0.,0.));
#13346 = ORIENTED_EDGE('',*,*,#13301,.F.);
#13347 = ORIENTED_EDGE('',*,*,#3235,.F.);
#13348 = ORIENTED_EDGE('',*,*,#13327,.F.);
#13349 = PLANE('',#13350);
#13350 = AXIS2_PLACEMENT_3D('',#13351,#13352,#13353);
#13351 = CARTESIAN_POINT('',(-45.2,-57.5,0.));
#13352 = DIRECTION('',(0.,-1.,0.));
#13353 = DIRECTION('',(1.,0.,0.));
#13354 = ADVANCED_FACE('',(#13355),#13380,.F.);
#13355 = FACE_BOUND('',#13356,.F.);
#13356 = EDGE_LOOP('',(#13357,#13367,#13373,#13374));
#13357 = ORIENTED_EDGE('',*,*,#13358,.F.);
#13358 = EDGE_CURVE('',#13359,#13361,#13363,.T.);
#13359 = VERTEX_POINT('',#13360);
#13360 = CARTESIAN_POINT('',(-5.4,-46.5,0.));
#13361 = VERTEX_POINT('',#13362);
#13362 = CARTESIAN_POINT('',(-23.8,-46.5,0.));
#13363 = LINE('',#13364,#13365);
#13364 = CARTESIAN_POINT('',(58.8,-46.5,0.));
#13365 = VECTOR('',#13366,1.);
#13366 = DIRECTION('',(-1.,0.,0.));
#13367 = ORIENTED_EDGE('',*,*,#13368,.F.);
#13368 = EDGE_CURVE('',#3254,#13359,#13369,.T.);
#13369 = LINE('',#13370,#13371);
#13370 = CARTESIAN_POINT('',(-5.4,-46.5,0.));
#13371 = VECTOR('',#13372,1.);
#13372 = DIRECTION('',(0.,0.,1.));
#13373 = ORIENTED_EDGE('',*,*,#3251,.F.);
#13374 = ORIENTED_EDGE('',*,*,#13375,.F.);
#13375 = EDGE_CURVE('',#13361,#3252,#13376,.T.);
#13376 = LINE('',#13377,#13378);
#13377 = CARTESIAN_POINT('',(-23.8,-46.5,0.));
#13378 = VECTOR('',#13379,1.);
#13379 = DIRECTION('',(0.,0.,-1.));
#13380 = PLANE('',#13381);
#13381 = AXIS2_PLACEMENT_3D('',#13382,#13383,#13384);
#13382 = CARTESIAN_POINT('',(58.8,-46.5,0.));
#13383 = DIRECTION('',(0.,1.,0.));
#13384 = DIRECTION('',(-1.,0.,0.));
#13385 = ADVANCED_FACE('',(#13386),#13404,.T.);
#13386 = FACE_BOUND('',#13387,.T.);
#13387 = EDGE_LOOP('',(#13388,#13396,#13402,#13403));
#13388 = ORIENTED_EDGE('',*,*,#13389,.F.);
#13389 = EDGE_CURVE('',#13390,#13361,#13392,.T.);
#13390 = VERTEX_POINT('',#13391);
#13391 = CARTESIAN_POINT('',(-23.8,-49.5,0.));
#13392 = LINE('',#13393,#13394);
#13393 = CARTESIAN_POINT('',(-23.8,-201.5,0.));
#13394 = VECTOR('',#13395,1.);
#13395 = DIRECTION('',(0.,1.,0.));
#13396 = ORIENTED_EDGE('',*,*,#13397,.F.);
#13397 = EDGE_CURVE('',#3270,#13390,#13398,.T.);
#13398 = LINE('',#13399,#13400);
#13399 = CARTESIAN_POINT('',(-23.8,-49.5,0.));
#13400 = VECTOR('',#13401,1.);
#13401 = DIRECTION('',(0.,0.,1.));
#13402 = ORIENTED_EDGE('',*,*,#3277,.T.);
#13403 = ORIENTED_EDGE('',*,*,#13375,.F.);
#13404 = PLANE('',#13405);
#13405 = AXIS2_PLACEMENT_3D('',#13406,#13407,#13408);
#13406 = CARTESIAN_POINT('',(-23.8,-201.5,0.));
#13407 = DIRECTION('',(1.,0.,0.));
#13408 = DIRECTION('',(0.,1.,0.));
#13409 = ADVANCED_FACE('',(#13410),#13428,.T.);
#13410 = FACE_BOUND('',#13411,.T.);
#13411 = EDGE_LOOP('',(#13412,#13420,#13421,#13422));
#13412 = ORIENTED_EDGE('',*,*,#13413,.F.);
#13413 = EDGE_CURVE('',#13359,#13414,#13416,.T.);
#13414 = VERTEX_POINT('',#13415);
#13415 = CARTESIAN_POINT('',(-5.4,-49.5,0.));
#13416 = LINE('',#13417,#13418);
#13417 = CARTESIAN_POINT('',(-5.4,-38.5,0.));
#13418 = VECTOR('',#13419,1.);
#13419 = DIRECTION('',(0.,-1.,0.));
#13420 = ORIENTED_EDGE('',*,*,#13368,.F.);
#13421 = ORIENTED_EDGE('',*,*,#3261,.T.);
#13422 = ORIENTED_EDGE('',*,*,#13423,.F.);
#13423 = EDGE_CURVE('',#13414,#3262,#13424,.T.);
#13424 = LINE('',#13425,#13426);
#13425 = CARTESIAN_POINT('',(-5.4,-49.5,0.));
#13426 = VECTOR('',#13427,1.);
#13427 = DIRECTION('',(-0.,-0.,-1.));
#13428 = PLANE('',#13429);
#13429 = AXIS2_PLACEMENT_3D('',#13430,#13431,#13432);
#13430 = CARTESIAN_POINT('',(-5.4,-38.5,0.));
#13431 = DIRECTION('',(-1.,0.,0.));
#13432 = DIRECTION('',(0.,-1.,0.));
#13433 = ADVANCED_FACE('',(#13434),#13445,.F.);
#13434 = FACE_BOUND('',#13435,.F.);
#13435 = EDGE_LOOP('',(#13436,#13442,#13443,#13444));
#13436 = ORIENTED_EDGE('',*,*,#13437,.F.);
#13437 = EDGE_CURVE('',#13390,#13414,#13438,.T.);
#13438 = LINE('',#13439,#13440);
#13439 = CARTESIAN_POINT('',(-45.2,-49.5,0.));
#13440 = VECTOR('',#13441,1.);
#13441 = DIRECTION('',(1.,0.,0.));
#13442 = ORIENTED_EDGE('',*,*,#13397,.F.);
#13443 = ORIENTED_EDGE('',*,*,#3269,.F.);
#13444 = ORIENTED_EDGE('',*,*,#13423,.F.);
#13445 = PLANE('',#13446);
#13446 = AXIS2_PLACEMENT_3D('',#13447,#13448,#13449);
#13447 = CARTESIAN_POINT('',(-45.2,-49.5,0.));
#13448 = DIRECTION('',(0.,-1.,0.));
#13449 = DIRECTION('',(1.,0.,0.));
#13450 = ADVANCED_FACE('',(#13451),#13476,.T.);
#13451 = FACE_BOUND('',#13452,.T.);
#13452 = EDGE_LOOP('',(#13453,#13463,#13469,#13470));
#13453 = ORIENTED_EDGE('',*,*,#13454,.F.);
#13454 = EDGE_CURVE('',#13455,#13457,#13459,.T.);
#13455 = VERTEX_POINT('',#13456);
#13456 = CARTESIAN_POINT('',(-5.4,-38.5,0.));
#13457 = VERTEX_POINT('',#13458);
#13458 = CARTESIAN_POINT('',(-5.4,-41.5,0.));
#13459 = LINE('',#13460,#13461);
#13460 = CARTESIAN_POINT('',(-5.4,-38.5,0.));
#13461 = VECTOR('',#13462,1.);
#13462 = DIRECTION('',(0.,-1.,0.));
#13463 = ORIENTED_EDGE('',*,*,#13464,.T.);
#13464 = EDGE_CURVE('',#13455,#3286,#13465,.T.);
#13465 = LINE('',#13466,#13467);
#13466 = CARTESIAN_POINT('',(-5.4,-38.5,0.));
#13467 = VECTOR('',#13468,1.);
#13468 = DIRECTION('',(-0.,-0.,-1.));
#13469 = ORIENTED_EDGE('',*,*,#3285,.T.);
#13470 = ORIENTED_EDGE('',*,*,#13471,.F.);
#13471 = EDGE_CURVE('',#13457,#3288,#13472,.T.);
#13472 = LINE('',#13473,#13474);
#13473 = CARTESIAN_POINT('',(-5.4,-41.5,0.));
#13474 = VECTOR('',#13475,1.);
#13475 = DIRECTION('',(-0.,-0.,-1.));
#13476 = PLANE('',#13477);
#13477 = AXIS2_PLACEMENT_3D('',#13478,#13479,#13480);
#13478 = CARTESIAN_POINT('',(-5.4,-38.5,0.));
#13479 = DIRECTION('',(-1.,0.,0.));
#13480 = DIRECTION('',(0.,-1.,0.));
#13481 = ADVANCED_FACE('',(#13482),#13500,.F.);
#13482 = FACE_BOUND('',#13483,.F.);
#13483 = EDGE_LOOP('',(#13484,#13492,#13493,#13494));
#13484 = ORIENTED_EDGE('',*,*,#13485,.F.);
#13485 = EDGE_CURVE('',#13455,#13486,#13488,.T.);
#13486 = VERTEX_POINT('',#13487);
#13487 = CARTESIAN_POINT('',(-23.8,-38.5,0.));
#13488 = LINE('',#13489,#13490);
#13489 = CARTESIAN_POINT('',(58.8,-38.5,0.));
#13490 = VECTOR('',#13491,1.);
#13491 = DIRECTION('',(-1.,0.,0.));
#13492 = ORIENTED_EDGE('',*,*,#13464,.T.);
#13493 = ORIENTED_EDGE('',*,*,#3311,.F.);
#13494 = ORIENTED_EDGE('',*,*,#13495,.F.);
#13495 = EDGE_CURVE('',#13486,#3304,#13496,.T.);
#13496 = LINE('',#13497,#13498);
#13497 = CARTESIAN_POINT('',(-23.8,-38.5,0.));
#13498 = VECTOR('',#13499,1.);
#13499 = DIRECTION('',(-0.,-0.,-1.));
#13500 = PLANE('',#13501);
#13501 = AXIS2_PLACEMENT_3D('',#13502,#13503,#13504);
#13502 = CARTESIAN_POINT('',(58.8,-38.5,0.));
#13503 = DIRECTION('',(0.,1.,0.));
#13504 = DIRECTION('',(-1.,0.,0.));
#13505 = ADVANCED_FACE('',(#13506),#13524,.F.);
#13506 = FACE_BOUND('',#13507,.F.);
#13507 = EDGE_LOOP('',(#13508,#13516,#13522,#13523));
#13508 = ORIENTED_EDGE('',*,*,#13509,.F.);
#13509 = EDGE_CURVE('',#13510,#13457,#13512,.T.);
#13510 = VERTEX_POINT('',#13511);
#13511 = CARTESIAN_POINT('',(-23.8,-41.5,0.));
#13512 = LINE('',#13513,#13514);
#13513 = CARTESIAN_POINT('',(-45.2,-41.5,0.));
#13514 = VECTOR('',#13515,1.);
#13515 = DIRECTION('',(1.,0.,0.));
#13516 = ORIENTED_EDGE('',*,*,#13517,.F.);
#13517 = EDGE_CURVE('',#3296,#13510,#13518,.T.);
#13518 = LINE('',#13519,#13520);
#13519 = CARTESIAN_POINT('',(-23.8,-41.5,0.));
#13520 = VECTOR('',#13521,1.);
#13521 = DIRECTION('',(0.,0.,1.));
#13522 = ORIENTED_EDGE('',*,*,#3295,.F.);
#13523 = ORIENTED_EDGE('',*,*,#13471,.F.);
#13524 = PLANE('',#13525);
#13525 = AXIS2_PLACEMENT_3D('',#13526,#13527,#13528);
#13526 = CARTESIAN_POINT('',(-45.2,-41.5,0.));
#13527 = DIRECTION('',(0.,-1.,0.));
#13528 = DIRECTION('',(1.,0.,0.));
#13529 = ADVANCED_FACE('',(#13530),#13541,.T.);
#13530 = FACE_BOUND('',#13531,.T.);
#13531 = EDGE_LOOP('',(#13532,#13538,#13539,#13540));
#13532 = ORIENTED_EDGE('',*,*,#13533,.F.);
#13533 = EDGE_CURVE('',#13510,#13486,#13534,.T.);
#13534 = LINE('',#13535,#13536);
#13535 = CARTESIAN_POINT('',(-23.8,-201.5,0.));
#13536 = VECTOR('',#13537,1.);
#13537 = DIRECTION('',(0.,1.,0.));
#13538 = ORIENTED_EDGE('',*,*,#13517,.F.);
#13539 = ORIENTED_EDGE('',*,*,#3303,.T.);
#13540 = ORIENTED_EDGE('',*,*,#13495,.F.);
#13541 = PLANE('',#13542);
#13542 = AXIS2_PLACEMENT_3D('',#13543,#13544,#13545);
#13543 = CARTESIAN_POINT('',(-23.8,-201.5,0.));
#13544 = DIRECTION('',(1.,0.,0.));
#13545 = DIRECTION('',(0.,1.,0.));
#13546 = ADVANCED_FACE('',(#13547),#13572,.F.);
#13547 = FACE_BOUND('',#13548,.F.);
#13548 = EDGE_LOOP('',(#13549,#13559,#13565,#13566));
#13549 = ORIENTED_EDGE('',*,*,#13550,.F.);
#13550 = EDGE_CURVE('',#13551,#13553,#13555,.T.);
#13551 = VERTEX_POINT('',#13552);
#13552 = CARTESIAN_POINT('',(16.,-54.5,0.));
#13553 = VERTEX_POINT('',#13554);
#13554 = CARTESIAN_POINT('',(-2.4,-54.5,0.));
#13555 = LINE('',#13556,#13557);
#13556 = CARTESIAN_POINT('',(58.8,-54.5,0.));
#13557 = VECTOR('',#13558,1.);
#13558 = DIRECTION('',(-1.,0.,0.));
#13559 = ORIENTED_EDGE('',*,*,#13560,.F.);
#13560 = EDGE_CURVE('',#3322,#13551,#13561,.T.);
#13561 = LINE('',#13562,#13563);
#13562 = CARTESIAN_POINT('',(16.,-54.5,0.));
#13563 = VECTOR('',#13564,1.);
#13564 = DIRECTION('',(0.,0.,1.));
#13565 = ORIENTED_EDGE('',*,*,#3319,.F.);
#13566 = ORIENTED_EDGE('',*,*,#13567,.F.);
#13567 = EDGE_CURVE('',#13553,#3320,#13568,.T.);
#13568 = LINE('',#13569,#13570);
#13569 = CARTESIAN_POINT('',(-2.4,-54.5,0.));
#13570 = VECTOR('',#13571,1.);
#13571 = DIRECTION('',(0.,0.,-1.));
#13572 = PLANE('',#13573);
#13573 = AXIS2_PLACEMENT_3D('',#13574,#13575,#13576);
#13574 = CARTESIAN_POINT('',(58.8,-54.5,0.));
#13575 = DIRECTION('',(0.,1.,0.));
#13576 = DIRECTION('',(-1.,0.,0.));
#13577 = ADVANCED_FACE('',(#13578),#13596,.T.);
#13578 = FACE_BOUND('',#13579,.T.);
#13579 = EDGE_LOOP('',(#13580,#13588,#13594,#13595));
#13580 = ORIENTED_EDGE('',*,*,#13581,.F.);
#13581 = EDGE_CURVE('',#13582,#13553,#13584,.T.);
#13582 = VERTEX_POINT('',#13583);
#13583 = CARTESIAN_POINT('',(-2.4,-57.5,0.));
#13584 = LINE('',#13585,#13586);
#13585 = CARTESIAN_POINT('',(-2.4,-201.5,0.));
#13586 = VECTOR('',#13587,1.);
#13587 = DIRECTION('',(0.,1.,0.));
#13588 = ORIENTED_EDGE('',*,*,#13589,.F.);
#13589 = EDGE_CURVE('',#3338,#13582,#13590,.T.);
#13590 = LINE('',#13591,#13592);
#13591 = CARTESIAN_POINT('',(-2.4,-57.5,0.));
#13592 = VECTOR('',#13593,1.);
#13593 = DIRECTION('',(0.,0.,1.));
#13594 = ORIENTED_EDGE('',*,*,#3345,.T.);
#13595 = ORIENTED_EDGE('',*,*,#13567,.F.);
#13596 = PLANE('',#13597);
#13597 = AXIS2_PLACEMENT_3D('',#13598,#13599,#13600);
#13598 = CARTESIAN_POINT('',(-2.4,-201.5,0.));
#13599 = DIRECTION('',(1.,0.,0.));
#13600 = DIRECTION('',(0.,1.,0.));
#13601 = ADVANCED_FACE('',(#13602),#13620,.T.);
#13602 = FACE_BOUND('',#13603,.T.);
#13603 = EDGE_LOOP('',(#13604,#13612,#13613,#13614));
#13604 = ORIENTED_EDGE('',*,*,#13605,.F.);
#13605 = EDGE_CURVE('',#13551,#13606,#13608,.T.);
#13606 = VERTEX_POINT('',#13607);
#13607 = CARTESIAN_POINT('',(16.,-57.5,0.));
#13608 = LINE('',#13609,#13610);
#13609 = CARTESIAN_POINT('',(16.,-38.5,0.));
#13610 = VECTOR('',#13611,1.);
#13611 = DIRECTION('',(0.,-1.,0.));
#13612 = ORIENTED_EDGE('',*,*,#13560,.F.);
#13613 = ORIENTED_EDGE('',*,*,#3329,.T.);
#13614 = ORIENTED_EDGE('',*,*,#13615,.F.);
#13615 = EDGE_CURVE('',#13606,#3330,#13616,.T.);
#13616 = LINE('',#13617,#13618);
#13617 = CARTESIAN_POINT('',(16.,-57.5,0.));
#13618 = VECTOR('',#13619,1.);
#13619 = DIRECTION('',(-0.,-0.,-1.));
#13620 = PLANE('',#13621);
#13621 = AXIS2_PLACEMENT_3D('',#13622,#13623,#13624);
#13622 = CARTESIAN_POINT('',(16.,-38.5,0.));
#13623 = DIRECTION('',(-1.,0.,0.));
#13624 = DIRECTION('',(0.,-1.,0.));
#13625 = ADVANCED_FACE('',(#13626),#13637,.F.);
#13626 = FACE_BOUND('',#13627,.F.);
#13627 = EDGE_LOOP('',(#13628,#13634,#13635,#13636));
#13628 = ORIENTED_EDGE('',*,*,#13629,.F.);
#13629 = EDGE_CURVE('',#13582,#13606,#13630,.T.);
#13630 = LINE('',#13631,#13632);
#13631 = CARTESIAN_POINT('',(-45.2,-57.5,0.));
#13632 = VECTOR('',#13633,1.);
#13633 = DIRECTION('',(1.,0.,0.));
#13634 = ORIENTED_EDGE('',*,*,#13589,.F.);
#13635 = ORIENTED_EDGE('',*,*,#3337,.F.);
#13636 = ORIENTED_EDGE('',*,*,#13615,.F.);
#13637 = PLANE('',#13638);
#13638 = AXIS2_PLACEMENT_3D('',#13639,#13640,#13641);
#13639 = CARTESIAN_POINT('',(-45.2,-57.5,0.));
#13640 = DIRECTION('',(0.,-1.,0.));
#13641 = DIRECTION('',(1.,0.,0.));
#13642 = ADVANCED_FACE('',(#13643),#13668,.F.);
#13643 = FACE_BOUND('',#13644,.F.);
#13644 = EDGE_LOOP('',(#13645,#13655,#13661,#13662));
#13645 = ORIENTED_EDGE('',*,*,#13646,.F.);
#13646 = EDGE_CURVE('',#13647,#13649,#13651,.T.);
#13647 = VERTEX_POINT('',#13648);
#13648 = CARTESIAN_POINT('',(16.,-46.5,0.));
#13649 = VERTEX_POINT('',#13650);
#13650 = CARTESIAN_POINT('',(-2.4,-46.5,0.));
#13651 = LINE('',#13652,#13653);
#13652 = CARTESIAN_POINT('',(58.8,-46.5,0.));
#13653 = VECTOR('',#13654,1.);
#13654 = DIRECTION('',(-1.,0.,0.));
#13655 = ORIENTED_EDGE('',*,*,#13656,.F.);
#13656 = EDGE_CURVE('',#3356,#13647,#13657,.T.);
#13657 = LINE('',#13658,#13659);
#13658 = CARTESIAN_POINT('',(16.,-46.5,0.));
#13659 = VECTOR('',#13660,1.);
#13660 = DIRECTION('',(0.,0.,1.));
#13661 = ORIENTED_EDGE('',*,*,#3353,.F.);
#13662 = ORIENTED_EDGE('',*,*,#13663,.F.);
#13663 = EDGE_CURVE('',#13649,#3354,#13664,.T.);
#13664 = LINE('',#13665,#13666);
#13665 = CARTESIAN_POINT('',(-2.4,-46.5,0.));
#13666 = VECTOR('',#13667,1.);
#13667 = DIRECTION('',(0.,0.,-1.));
#13668 = PLANE('',#13669);
#13669 = AXIS2_PLACEMENT_3D('',#13670,#13671,#13672);
#13670 = CARTESIAN_POINT('',(58.8,-46.5,0.));
#13671 = DIRECTION('',(0.,1.,0.));
#13672 = DIRECTION('',(-1.,0.,0.));
#13673 = ADVANCED_FACE('',(#13674),#13692,.T.);
#13674 = FACE_BOUND('',#13675,.T.);
#13675 = EDGE_LOOP('',(#13676,#13684,#13690,#13691));
#13676 = ORIENTED_EDGE('',*,*,#13677,.F.);
#13677 = EDGE_CURVE('',#13678,#13649,#13680,.T.);
#13678 = VERTEX_POINT('',#13679);
#13679 = CARTESIAN_POINT('',(-2.4,-49.5,0.));
#13680 = LINE('',#13681,#13682);
#13681 = CARTESIAN_POINT('',(-2.4,-201.5,0.));
#13682 = VECTOR('',#13683,1.);
#13683 = DIRECTION('',(0.,1.,0.));
#13684 = ORIENTED_EDGE('',*,*,#13685,.F.);
#13685 = EDGE_CURVE('',#3372,#13678,#13686,.T.);
#13686 = LINE('',#13687,#13688);
#13687 = CARTESIAN_POINT('',(-2.4,-49.5,0.));
#13688 = VECTOR('',#13689,1.);
#13689 = DIRECTION('',(0.,0.,1.));
#13690 = ORIENTED_EDGE('',*,*,#3379,.T.);
#13691 = ORIENTED_EDGE('',*,*,#13663,.F.);
#13692 = PLANE('',#13693);
#13693 = AXIS2_PLACEMENT_3D('',#13694,#13695,#13696);
#13694 = CARTESIAN_POINT('',(-2.4,-201.5,0.));
#13695 = DIRECTION('',(1.,0.,0.));
#13696 = DIRECTION('',(0.,1.,0.));
#13697 = ADVANCED_FACE('',(#13698),#13716,.T.);
#13698 = FACE_BOUND('',#13699,.T.);
#13699 = EDGE_LOOP('',(#13700,#13708,#13709,#13710));
#13700 = ORIENTED_EDGE('',*,*,#13701,.F.);
#13701 = EDGE_CURVE('',#13647,#13702,#13704,.T.);
#13702 = VERTEX_POINT('',#13703);
#13703 = CARTESIAN_POINT('',(16.,-49.5,0.));
#13704 = LINE('',#13705,#13706);
#13705 = CARTESIAN_POINT('',(16.,-38.5,0.));
#13706 = VECTOR('',#13707,1.);
#13707 = DIRECTION('',(0.,-1.,0.));
#13708 = ORIENTED_EDGE('',*,*,#13656,.F.);
#13709 = ORIENTED_EDGE('',*,*,#3363,.T.);
#13710 = ORIENTED_EDGE('',*,*,#13711,.F.);
#13711 = EDGE_CURVE('',#13702,#3364,#13712,.T.);
#13712 = LINE('',#13713,#13714);
#13713 = CARTESIAN_POINT('',(16.,-49.5,0.));
#13714 = VECTOR('',#13715,1.);
#13715 = DIRECTION('',(-0.,-0.,-1.));
#13716 = PLANE('',#13717);
#13717 = AXIS2_PLACEMENT_3D('',#13718,#13719,#13720);
#13718 = CARTESIAN_POINT('',(16.,-38.5,0.));
#13719 = DIRECTION('',(-1.,0.,0.));
#13720 = DIRECTION('',(0.,-1.,0.));
#13721 = ADVANCED_FACE('',(#13722),#13733,.F.);
#13722 = FACE_BOUND('',#13723,.F.);
#13723 = EDGE_LOOP('',(#13724,#13730,#13731,#13732));
#13724 = ORIENTED_EDGE('',*,*,#13725,.F.);
#13725 = EDGE_CURVE('',#13678,#13702,#13726,.T.);
#13726 = LINE('',#13727,#13728);
#13727 = CARTESIAN_POINT('',(-45.2,-49.5,0.));
#13728 = VECTOR('',#13729,1.);
#13729 = DIRECTION('',(1.,0.,0.));
#13730 = ORIENTED_EDGE('',*,*,#13685,.F.);
#13731 = ORIENTED_EDGE('',*,*,#3371,.F.);
#13732 = ORIENTED_EDGE('',*,*,#13711,.F.);
#13733 = PLANE('',#13734);
#13734 = AXIS2_PLACEMENT_3D('',#13735,#13736,#13737);
#13735 = CARTESIAN_POINT('',(-45.2,-49.5,0.));
#13736 = DIRECTION('',(0.,-1.,0.));
#13737 = DIRECTION('',(1.,0.,0.));
#13738 = ADVANCED_FACE('',(#13739),#13764,.T.);
#13739 = FACE_BOUND('',#13740,.T.);
#13740 = EDGE_LOOP('',(#13741,#13751,#13757,#13758));
#13741 = ORIENTED_EDGE('',*,*,#13742,.F.);
#13742 = EDGE_CURVE('',#13743,#13745,#13747,.T.);
#13743 = VERTEX_POINT('',#13744);
#13744 = CARTESIAN_POINT('',(16.,-38.5,0.));
#13745 = VERTEX_POINT('',#13746);
#13746 = CARTESIAN_POINT('',(16.,-41.5,0.));
#13747 = LINE('',#13748,#13749);
#13748 = CARTESIAN_POINT('',(16.,-38.5,0.));
#13749 = VECTOR('',#13750,1.);
#13750 = DIRECTION('',(0.,-1.,0.));
#13751 = ORIENTED_EDGE('',*,*,#13752,.T.);
#13752 = EDGE_CURVE('',#13743,#3388,#13753,.T.);
#13753 = LINE('',#13754,#13755);
#13754 = CARTESIAN_POINT('',(16.,-38.5,0.));
#13755 = VECTOR('',#13756,1.);
#13756 = DIRECTION('',(-0.,-0.,-1.));
#13757 = ORIENTED_EDGE('',*,*,#3387,.T.);
#13758 = ORIENTED_EDGE('',*,*,#13759,.F.);
#13759 = EDGE_CURVE('',#13745,#3390,#13760,.T.);
#13760 = LINE('',#13761,#13762);
#13761 = CARTESIAN_POINT('',(16.,-41.5,0.));
#13762 = VECTOR('',#13763,1.);
#13763 = DIRECTION('',(-0.,-0.,-1.));
#13764 = PLANE('',#13765);
#13765 = AXIS2_PLACEMENT_3D('',#13766,#13767,#13768);
#13766 = CARTESIAN_POINT('',(16.,-38.5,0.));
#13767 = DIRECTION('',(-1.,0.,0.));
#13768 = DIRECTION('',(0.,-1.,0.));
#13769 = ADVANCED_FACE('',(#13770),#13788,.F.);
#13770 = FACE_BOUND('',#13771,.F.);
#13771 = EDGE_LOOP('',(#13772,#13780,#13781,#13782));
#13772 = ORIENTED_EDGE('',*,*,#13773,.F.);
#13773 = EDGE_CURVE('',#13743,#13774,#13776,.T.);
#13774 = VERTEX_POINT('',#13775);
#13775 = CARTESIAN_POINT('',(-2.4,-38.5,0.));
#13776 = LINE('',#13777,#13778);
#13777 = CARTESIAN_POINT('',(58.8,-38.5,0.));
#13778 = VECTOR('',#13779,1.);
#13779 = DIRECTION('',(-1.,0.,0.));
#13780 = ORIENTED_EDGE('',*,*,#13752,.T.);
#13781 = ORIENTED_EDGE('',*,*,#3413,.F.);
#13782 = ORIENTED_EDGE('',*,*,#13783,.F.);
#13783 = EDGE_CURVE('',#13774,#3406,#13784,.T.);
#13784 = LINE('',#13785,#13786);
#13785 = CARTESIAN_POINT('',(-2.4,-38.5,0.));
#13786 = VECTOR('',#13787,1.);
#13787 = DIRECTION('',(-0.,-0.,-1.));
#13788 = PLANE('',#13789);
#13789 = AXIS2_PLACEMENT_3D('',#13790,#13791,#13792);
#13790 = CARTESIAN_POINT('',(58.8,-38.5,0.));
#13791 = DIRECTION('',(0.,1.,0.));
#13792 = DIRECTION('',(-1.,0.,0.));
#13793 = ADVANCED_FACE('',(#13794),#13812,.F.);
#13794 = FACE_BOUND('',#13795,.F.);
#13795 = EDGE_LOOP('',(#13796,#13804,#13810,#13811));
#13796 = ORIENTED_EDGE('',*,*,#13797,.F.);
#13797 = EDGE_CURVE('',#13798,#13745,#13800,.T.);
#13798 = VERTEX_POINT('',#13799);
#13799 = CARTESIAN_POINT('',(-2.4,-41.5,0.));
#13800 = LINE('',#13801,#13802);
#13801 = CARTESIAN_POINT('',(-45.2,-41.5,0.));
#13802 = VECTOR('',#13803,1.);
#13803 = DIRECTION('',(1.,0.,0.));
#13804 = ORIENTED_EDGE('',*,*,#13805,.F.);
#13805 = EDGE_CURVE('',#3398,#13798,#13806,.T.);
#13806 = LINE('',#13807,#13808);
#13807 = CARTESIAN_POINT('',(-2.4,-41.5,0.));
#13808 = VECTOR('',#13809,1.);
#13809 = DIRECTION('',(0.,0.,1.));
#13810 = ORIENTED_EDGE('',*,*,#3397,.F.);
#13811 = ORIENTED_EDGE('',*,*,#13759,.F.);
#13812 = PLANE('',#13813);
#13813 = AXIS2_PLACEMENT_3D('',#13814,#13815,#13816);
#13814 = CARTESIAN_POINT('',(-45.2,-41.5,0.));
#13815 = DIRECTION('',(0.,-1.,0.));
#13816 = DIRECTION('',(1.,0.,0.));
#13817 = ADVANCED_FACE('',(#13818),#13829,.T.);
#13818 = FACE_BOUND('',#13819,.T.);
#13819 = EDGE_LOOP('',(#13820,#13826,#13827,#13828));
#13820 = ORIENTED_EDGE('',*,*,#13821,.F.);
#13821 = EDGE_CURVE('',#13798,#13774,#13822,.T.);
#13822 = LINE('',#13823,#13824);
#13823 = CARTESIAN_POINT('',(-2.4,-201.5,0.));
#13824 = VECTOR('',#13825,1.);
#13825 = DIRECTION('',(0.,1.,0.));
#13826 = ORIENTED_EDGE('',*,*,#13805,.F.);
#13827 = ORIENTED_EDGE('',*,*,#3405,.T.);
#13828 = ORIENTED_EDGE('',*,*,#13783,.F.);
#13829 = PLANE('',#13830);
#13830 = AXIS2_PLACEMENT_3D('',#13831,#13832,#13833);
#13831 = CARTESIAN_POINT('',(-2.4,-201.5,0.));
#13832 = DIRECTION('',(1.,0.,0.));
#13833 = DIRECTION('',(0.,1.,0.));
#13834 = ADVANCED_FACE('',(#13835),#13860,.F.);
#13835 = FACE_BOUND('',#13836,.F.);
#13836 = EDGE_LOOP('',(#13837,#13847,#13853,#13854));
#13837 = ORIENTED_EDGE('',*,*,#13838,.F.);
#13838 = EDGE_CURVE('',#13839,#13841,#13843,.T.);
#13839 = VERTEX_POINT('',#13840);
#13840 = CARTESIAN_POINT('',(37.4,-118.5,0.));
#13841 = VERTEX_POINT('',#13842);
#13842 = CARTESIAN_POINT('',(19.,-118.5,0.));
#13843 = LINE('',#13844,#13845);
#13844 = CARTESIAN_POINT('',(58.8,-118.5,0.));
#13845 = VECTOR('',#13846,1.);
#13846 = DIRECTION('',(-1.,0.,0.));
#13847 = ORIENTED_EDGE('',*,*,#13848,.F.);
#13848 = EDGE_CURVE('',#3424,#13839,#13849,.T.);
#13849 = LINE('',#13850,#13851);
#13850 = CARTESIAN_POINT('',(37.4,-118.5,0.));
#13851 = VECTOR('',#13852,1.);
#13852 = DIRECTION('',(0.,0.,1.));
#13853 = ORIENTED_EDGE('',*,*,#3421,.F.);
#13854 = ORIENTED_EDGE('',*,*,#13855,.F.);
#13855 = EDGE_CURVE('',#13841,#3422,#13856,.T.);
#13856 = LINE('',#13857,#13858);
#13857 = CARTESIAN_POINT('',(19.,-118.5,0.));
#13858 = VECTOR('',#13859,1.);
#13859 = DIRECTION('',(0.,0.,-1.));
#13860 = PLANE('',#13861);
#13861 = AXIS2_PLACEMENT_3D('',#13862,#13863,#13864);
#13862 = CARTESIAN_POINT('',(58.8,-118.5,0.));
#13863 = DIRECTION('',(0.,1.,0.));
#13864 = DIRECTION('',(-1.,0.,0.));
#13865 = ADVANCED_FACE('',(#13866),#13884,.T.);
#13866 = FACE_BOUND('',#13867,.T.);
#13867 = EDGE_LOOP('',(#13868,#13876,#13882,#13883));
#13868 = ORIENTED_EDGE('',*,*,#13869,.F.);
#13869 = EDGE_CURVE('',#13870,#13841,#13872,.T.);
#13870 = VERTEX_POINT('',#13871);
#13871 = CARTESIAN_POINT('',(19.,-121.5,0.));
#13872 = LINE('',#13873,#13874);
#13873 = CARTESIAN_POINT('',(19.,-201.5,0.));
#13874 = VECTOR('',#13875,1.);
#13875 = DIRECTION('',(0.,1.,0.));
#13876 = ORIENTED_EDGE('',*,*,#13877,.F.);
#13877 = EDGE_CURVE('',#3440,#13870,#13878,.T.);
#13878 = LINE('',#13879,#13880);
#13879 = CARTESIAN_POINT('',(19.,-121.5,0.));
#13880 = VECTOR('',#13881,1.);
#13881 = DIRECTION('',(0.,0.,1.));
#13882 = ORIENTED_EDGE('',*,*,#3447,.T.);
#13883 = ORIENTED_EDGE('',*,*,#13855,.F.);
#13884 = PLANE('',#13885);
#13885 = AXIS2_PLACEMENT_3D('',#13886,#13887,#13888);
#13886 = CARTESIAN_POINT('',(19.,-201.5,0.));
#13887 = DIRECTION('',(1.,0.,0.));
#13888 = DIRECTION('',(0.,1.,0.));
#13889 = ADVANCED_FACE('',(#13890),#13908,.T.);
#13890 = FACE_BOUND('',#13891,.T.);
#13891 = EDGE_LOOP('',(#13892,#13900,#13901,#13902));
#13892 = ORIENTED_EDGE('',*,*,#13893,.F.);
#13893 = EDGE_CURVE('',#13839,#13894,#13896,.T.);
#13894 = VERTEX_POINT('',#13895);
#13895 = CARTESIAN_POINT('',(37.4,-121.5,0.));
#13896 = LINE('',#13897,#13898);
#13897 = CARTESIAN_POINT('',(37.4,-38.5,0.));
#13898 = VECTOR('',#13899,1.);
#13899 = DIRECTION('',(0.,-1.,0.));
#13900 = ORIENTED_EDGE('',*,*,#13848,.F.);
#13901 = ORIENTED_EDGE('',*,*,#3431,.T.);
#13902 = ORIENTED_EDGE('',*,*,#13903,.F.);
#13903 = EDGE_CURVE('',#13894,#3432,#13904,.T.);
#13904 = LINE('',#13905,#13906);
#13905 = CARTESIAN_POINT('',(37.4,-121.5,0.));
#13906 = VECTOR('',#13907,1.);
#13907 = DIRECTION('',(-0.,-0.,-1.));
#13908 = PLANE('',#13909);
#13909 = AXIS2_PLACEMENT_3D('',#13910,#13911,#13912);
#13910 = CARTESIAN_POINT('',(37.4,-38.5,0.));
#13911 = DIRECTION('',(-1.,0.,0.));
#13912 = DIRECTION('',(0.,-1.,0.));
#13913 = ADVANCED_FACE('',(#13914),#13925,.F.);
#13914 = FACE_BOUND('',#13915,.F.);
#13915 = EDGE_LOOP('',(#13916,#13922,#13923,#13924));
#13916 = ORIENTED_EDGE('',*,*,#13917,.F.);
#13917 = EDGE_CURVE('',#13870,#13894,#13918,.T.);
#13918 = LINE('',#13919,#13920);
#13919 = CARTESIAN_POINT('',(-45.2,-121.5,0.));
#13920 = VECTOR('',#13921,1.);
#13921 = DIRECTION('',(1.,0.,0.));
#13922 = ORIENTED_EDGE('',*,*,#13877,.F.);
#13923 = ORIENTED_EDGE('',*,*,#3439,.F.);
#13924 = ORIENTED_EDGE('',*,*,#13903,.F.);
#13925 = PLANE('',#13926);
#13926 = AXIS2_PLACEMENT_3D('',#13927,#13928,#13929);
#13927 = CARTESIAN_POINT('',(-45.2,-121.5,0.));
#13928 = DIRECTION('',(0.,-1.,0.));
#13929 = DIRECTION('',(1.,0.,0.));
#13930 = ADVANCED_FACE('',(#13931),#13956,.F.);
#13931 = FACE_BOUND('',#13932,.F.);
#13932 = EDGE_LOOP('',(#13933,#13943,#13949,#13950));
#13933 = ORIENTED_EDGE('',*,*,#13934,.F.);
#13934 = EDGE_CURVE('',#13935,#13937,#13939,.T.);
#13935 = VERTEX_POINT('',#13936);
#13936 = CARTESIAN_POINT('',(37.4,-110.5,0.));
#13937 = VERTEX_POINT('',#13938);
#13938 = CARTESIAN_POINT('',(19.,-110.5,0.));
#13939 = LINE('',#13940,#13941);
#13940 = CARTESIAN_POINT('',(58.8,-110.5,0.));
#13941 = VECTOR('',#13942,1.);
#13942 = DIRECTION('',(-1.,0.,0.));
#13943 = ORIENTED_EDGE('',*,*,#13944,.F.);
#13944 = EDGE_CURVE('',#3458,#13935,#13945,.T.);
#13945 = LINE('',#13946,#13947);
#13946 = CARTESIAN_POINT('',(37.4,-110.5,0.));
#13947 = VECTOR('',#13948,1.);
#13948 = DIRECTION('',(0.,0.,1.));
#13949 = ORIENTED_EDGE('',*,*,#3455,.F.);
#13950 = ORIENTED_EDGE('',*,*,#13951,.F.);
#13951 = EDGE_CURVE('',#13937,#3456,#13952,.T.);
#13952 = LINE('',#13953,#13954);
#13953 = CARTESIAN_POINT('',(19.,-110.5,0.));
#13954 = VECTOR('',#13955,1.);
#13955 = DIRECTION('',(0.,0.,-1.));
#13956 = PLANE('',#13957);
#13957 = AXIS2_PLACEMENT_3D('',#13958,#13959,#13960);
#13958 = CARTESIAN_POINT('',(58.8,-110.5,0.));
#13959 = DIRECTION('',(0.,1.,0.));
#13960 = DIRECTION('',(-1.,0.,0.));
#13961 = ADVANCED_FACE('',(#13962),#13980,.T.);
#13962 = FACE_BOUND('',#13963,.T.);
#13963 = EDGE_LOOP('',(#13964,#13972,#13978,#13979));
#13964 = ORIENTED_EDGE('',*,*,#13965,.F.);
#13965 = EDGE_CURVE('',#13966,#13937,#13968,.T.);
#13966 = VERTEX_POINT('',#13967);
#13967 = CARTESIAN_POINT('',(19.,-113.5,0.));
#13968 = LINE('',#13969,#13970);
#13969 = CARTESIAN_POINT('',(19.,-201.5,0.));
#13970 = VECTOR('',#13971,1.);
#13971 = DIRECTION('',(0.,1.,0.));
#13972 = ORIENTED_EDGE('',*,*,#13973,.F.);
#13973 = EDGE_CURVE('',#3474,#13966,#13974,.T.);
#13974 = LINE('',#13975,#13976);
#13975 = CARTESIAN_POINT('',(19.,-113.5,0.));
#13976 = VECTOR('',#13977,1.);
#13977 = DIRECTION('',(0.,0.,1.));
#13978 = ORIENTED_EDGE('',*,*,#3481,.T.);
#13979 = ORIENTED_EDGE('',*,*,#13951,.F.);
#13980 = PLANE('',#13981);
#13981 = AXIS2_PLACEMENT_3D('',#13982,#13983,#13984);
#13982 = CARTESIAN_POINT('',(19.,-201.5,0.));
#13983 = DIRECTION('',(1.,0.,0.));
#13984 = DIRECTION('',(0.,1.,0.));
#13985 = ADVANCED_FACE('',(#13986),#14004,.T.);
#13986 = FACE_BOUND('',#13987,.T.);
#13987 = EDGE_LOOP('',(#13988,#13996,#13997,#13998));
#13988 = ORIENTED_EDGE('',*,*,#13989,.F.);
#13989 = EDGE_CURVE('',#13935,#13990,#13992,.T.);
#13990 = VERTEX_POINT('',#13991);
#13991 = CARTESIAN_POINT('',(37.4,-113.5,0.));
#13992 = LINE('',#13993,#13994);
#13993 = CARTESIAN_POINT('',(37.4,-38.5,0.));
#13994 = VECTOR('',#13995,1.);
#13995 = DIRECTION('',(0.,-1.,0.));
#13996 = ORIENTED_EDGE('',*,*,#13944,.F.);
#13997 = ORIENTED_EDGE('',*,*,#3465,.T.);
#13998 = ORIENTED_EDGE('',*,*,#13999,.F.);
#13999 = EDGE_CURVE('',#13990,#3466,#14000,.T.);
#14000 = LINE('',#14001,#14002);
#14001 = CARTESIAN_POINT('',(37.4,-113.5,0.));
#14002 = VECTOR('',#14003,1.);
#14003 = DIRECTION('',(-0.,-0.,-1.));
#14004 = PLANE('',#14005);
#14005 = AXIS2_PLACEMENT_3D('',#14006,#14007,#14008);
#14006 = CARTESIAN_POINT('',(37.4,-38.5,0.));
#14007 = DIRECTION('',(-1.,0.,0.));
#14008 = DIRECTION('',(0.,-1.,0.));
#14009 = ADVANCED_FACE('',(#14010),#14021,.F.);
#14010 = FACE_BOUND('',#14011,.F.);
#14011 = EDGE_LOOP('',(#14012,#14018,#14019,#14020));
#14012 = ORIENTED_EDGE('',*,*,#14013,.F.);
#14013 = EDGE_CURVE('',#13966,#13990,#14014,.T.);
#14014 = LINE('',#14015,#14016);
#14015 = CARTESIAN_POINT('',(-45.2,-113.5,0.));
#14016 = VECTOR('',#14017,1.);
#14017 = DIRECTION('',(1.,0.,0.));
#14018 = ORIENTED_EDGE('',*,*,#13973,.F.);
#14019 = ORIENTED_EDGE('',*,*,#3473,.F.);
#14020 = ORIENTED_EDGE('',*,*,#13999,.F.);
#14021 = PLANE('',#14022);
#14022 = AXIS2_PLACEMENT_3D('',#14023,#14024,#14025);
#14023 = CARTESIAN_POINT('',(-45.2,-113.5,0.));
#14024 = DIRECTION('',(0.,-1.,0.));
#14025 = DIRECTION('',(1.,0.,0.));
#14026 = ADVANCED_FACE('',(#14027),#14052,.F.);
#14027 = FACE_BOUND('',#14028,.F.);
#14028 = EDGE_LOOP('',(#14029,#14039,#14045,#14046));
#14029 = ORIENTED_EDGE('',*,*,#14030,.F.);
#14030 = EDGE_CURVE('',#14031,#14033,#14035,.T.);
#14031 = VERTEX_POINT('',#14032);
#14032 = CARTESIAN_POINT('',(37.4,-102.5,0.));
#14033 = VERTEX_POINT('',#14034);
#14034 = CARTESIAN_POINT('',(19.,-102.5,0.));
#14035 = LINE('',#14036,#14037);
#14036 = CARTESIAN_POINT('',(58.8,-102.5,0.));
#14037 = VECTOR('',#14038,1.);
#14038 = DIRECTION('',(-1.,0.,0.));
#14039 = ORIENTED_EDGE('',*,*,#14040,.F.);
#14040 = EDGE_CURVE('',#3492,#14031,#14041,.T.);
#14041 = LINE('',#14042,#14043);
#14042 = CARTESIAN_POINT('',(37.4,-102.5,0.));
#14043 = VECTOR('',#14044,1.);
#14044 = DIRECTION('',(0.,0.,1.));
#14045 = ORIENTED_EDGE('',*,*,#3489,.F.);
#14046 = ORIENTED_EDGE('',*,*,#14047,.F.);
#14047 = EDGE_CURVE('',#14033,#3490,#14048,.T.);
#14048 = LINE('',#14049,#14050);
#14049 = CARTESIAN_POINT('',(19.,-102.5,0.));
#14050 = VECTOR('',#14051,1.);
#14051 = DIRECTION('',(0.,0.,-1.));
#14052 = PLANE('',#14053);
#14053 = AXIS2_PLACEMENT_3D('',#14054,#14055,#14056);
#14054 = CARTESIAN_POINT('',(58.8,-102.5,0.));
#14055 = DIRECTION('',(0.,1.,0.));
#14056 = DIRECTION('',(-1.,0.,0.));
#14057 = ADVANCED_FACE('',(#14058),#14076,.T.);
#14058 = FACE_BOUND('',#14059,.T.);
#14059 = EDGE_LOOP('',(#14060,#14068,#14074,#14075));
#14060 = ORIENTED_EDGE('',*,*,#14061,.F.);
#14061 = EDGE_CURVE('',#14062,#14033,#14064,.T.);
#14062 = VERTEX_POINT('',#14063);
#14063 = CARTESIAN_POINT('',(19.,-105.5,0.));
#14064 = LINE('',#14065,#14066);
#14065 = CARTESIAN_POINT('',(19.,-201.5,0.));
#14066 = VECTOR('',#14067,1.);
#14067 = DIRECTION('',(0.,1.,0.));
#14068 = ORIENTED_EDGE('',*,*,#14069,.F.);
#14069 = EDGE_CURVE('',#3508,#14062,#14070,.T.);
#14070 = LINE('',#14071,#14072);
#14071 = CARTESIAN_POINT('',(19.,-105.5,0.));
#14072 = VECTOR('',#14073,1.);
#14073 = DIRECTION('',(0.,0.,1.));
#14074 = ORIENTED_EDGE('',*,*,#3515,.T.);
#14075 = ORIENTED_EDGE('',*,*,#14047,.F.);
#14076 = PLANE('',#14077);
#14077 = AXIS2_PLACEMENT_3D('',#14078,#14079,#14080);
#14078 = CARTESIAN_POINT('',(19.,-201.5,0.));
#14079 = DIRECTION('',(1.,0.,0.));
#14080 = DIRECTION('',(0.,1.,0.));
#14081 = ADVANCED_FACE('',(#14082),#14100,.T.);
#14082 = FACE_BOUND('',#14083,.T.);
#14083 = EDGE_LOOP('',(#14084,#14092,#14093,#14094));
#14084 = ORIENTED_EDGE('',*,*,#14085,.F.);
#14085 = EDGE_CURVE('',#14031,#14086,#14088,.T.);
#14086 = VERTEX_POINT('',#14087);
#14087 = CARTESIAN_POINT('',(37.4,-105.5,0.));
#14088 = LINE('',#14089,#14090);
#14089 = CARTESIAN_POINT('',(37.4,-38.5,0.));
#14090 = VECTOR('',#14091,1.);
#14091 = DIRECTION('',(0.,-1.,0.));
#14092 = ORIENTED_EDGE('',*,*,#14040,.F.);
#14093 = ORIENTED_EDGE('',*,*,#3499,.T.);
#14094 = ORIENTED_EDGE('',*,*,#14095,.F.);
#14095 = EDGE_CURVE('',#14086,#3500,#14096,.T.);
#14096 = LINE('',#14097,#14098);
#14097 = CARTESIAN_POINT('',(37.4,-105.5,0.));
#14098 = VECTOR('',#14099,1.);
#14099 = DIRECTION('',(-0.,-0.,-1.));
#14100 = PLANE('',#14101);
#14101 = AXIS2_PLACEMENT_3D('',#14102,#14103,#14104);
#14102 = CARTESIAN_POINT('',(37.4,-38.5,0.));
#14103 = DIRECTION('',(-1.,0.,0.));
#14104 = DIRECTION('',(0.,-1.,0.));
#14105 = ADVANCED_FACE('',(#14106),#14117,.F.);
#14106 = FACE_BOUND('',#14107,.F.);
#14107 = EDGE_LOOP('',(#14108,#14114,#14115,#14116));
#14108 = ORIENTED_EDGE('',*,*,#14109,.F.);
#14109 = EDGE_CURVE('',#14062,#14086,#14110,.T.);
#14110 = LINE('',#14111,#14112);
#14111 = CARTESIAN_POINT('',(-45.2,-105.5,0.));
#14112 = VECTOR('',#14113,1.);
#14113 = DIRECTION('',(1.,0.,0.));
#14114 = ORIENTED_EDGE('',*,*,#14069,.F.);
#14115 = ORIENTED_EDGE('',*,*,#3507,.F.);
#14116 = ORIENTED_EDGE('',*,*,#14095,.F.);
#14117 = PLANE('',#14118);
#14118 = AXIS2_PLACEMENT_3D('',#14119,#14120,#14121);
#14119 = CARTESIAN_POINT('',(-45.2,-105.5,0.));
#14120 = DIRECTION('',(0.,-1.,0.));
#14121 = DIRECTION('',(1.,0.,0.));
#14122 = ADVANCED_FACE('',(#14123),#14148,.F.);
#14123 = FACE_BOUND('',#14124,.F.);
#14124 = EDGE_LOOP('',(#14125,#14135,#14141,#14142));
#14125 = ORIENTED_EDGE('',*,*,#14126,.F.);
#14126 = EDGE_CURVE('',#14127,#14129,#14131,.T.);
#14127 = VERTEX_POINT('',#14128);
#14128 = CARTESIAN_POINT('',(37.4,-94.5,0.));
#14129 = VERTEX_POINT('',#14130);
#14130 = CARTESIAN_POINT('',(19.,-94.5,0.));
#14131 = LINE('',#14132,#14133);
#14132 = CARTESIAN_POINT('',(58.8,-94.5,0.));
#14133 = VECTOR('',#14134,1.);
#14134 = DIRECTION('',(-1.,0.,0.));
#14135 = ORIENTED_EDGE('',*,*,#14136,.F.);
#14136 = EDGE_CURVE('',#3526,#14127,#14137,.T.);
#14137 = LINE('',#14138,#14139);
#14138 = CARTESIAN_POINT('',(37.4,-94.5,0.));
#14139 = VECTOR('',#14140,1.);
#14140 = DIRECTION('',(0.,0.,1.));
#14141 = ORIENTED_EDGE('',*,*,#3523,.F.);
#14142 = ORIENTED_EDGE('',*,*,#14143,.F.);
#14143 = EDGE_CURVE('',#14129,#3524,#14144,.T.);
#14144 = LINE('',#14145,#14146);
#14145 = CARTESIAN_POINT('',(19.,-94.5,0.));
#14146 = VECTOR('',#14147,1.);
#14147 = DIRECTION('',(0.,0.,-1.));
#14148 = PLANE('',#14149);
#14149 = AXIS2_PLACEMENT_3D('',#14150,#14151,#14152);
#14150 = CARTESIAN_POINT('',(58.8,-94.5,0.));
#14151 = DIRECTION('',(0.,1.,0.));
#14152 = DIRECTION('',(-1.,0.,0.));
#14153 = ADVANCED_FACE('',(#14154),#14172,.T.);
#14154 = FACE_BOUND('',#14155,.T.);
#14155 = EDGE_LOOP('',(#14156,#14164,#14170,#14171));
#14156 = ORIENTED_EDGE('',*,*,#14157,.F.);
#14157 = EDGE_CURVE('',#14158,#14129,#14160,.T.);
#14158 = VERTEX_POINT('',#14159);
#14159 = CARTESIAN_POINT('',(19.,-97.5,0.));
#14160 = LINE('',#14161,#14162);
#14161 = CARTESIAN_POINT('',(19.,-201.5,0.));
#14162 = VECTOR('',#14163,1.);
#14163 = DIRECTION('',(0.,1.,0.));
#14164 = ORIENTED_EDGE('',*,*,#14165,.F.);
#14165 = EDGE_CURVE('',#3542,#14158,#14166,.T.);
#14166 = LINE('',#14167,#14168);
#14167 = CARTESIAN_POINT('',(19.,-97.5,0.));
#14168 = VECTOR('',#14169,1.);
#14169 = DIRECTION('',(0.,0.,1.));
#14170 = ORIENTED_EDGE('',*,*,#3549,.T.);
#14171 = ORIENTED_EDGE('',*,*,#14143,.F.);
#14172 = PLANE('',#14173);
#14173 = AXIS2_PLACEMENT_3D('',#14174,#14175,#14176);
#14174 = CARTESIAN_POINT('',(19.,-201.5,0.));
#14175 = DIRECTION('',(1.,0.,0.));
#14176 = DIRECTION('',(0.,1.,0.));
#14177 = ADVANCED_FACE('',(#14178),#14196,.T.);
#14178 = FACE_BOUND('',#14179,.T.);
#14179 = EDGE_LOOP('',(#14180,#14188,#14189,#14190));
#14180 = ORIENTED_EDGE('',*,*,#14181,.F.);
#14181 = EDGE_CURVE('',#14127,#14182,#14184,.T.);
#14182 = VERTEX_POINT('',#14183);
#14183 = CARTESIAN_POINT('',(37.4,-97.5,0.));
#14184 = LINE('',#14185,#14186);
#14185 = CARTESIAN_POINT('',(37.4,-38.5,0.));
#14186 = VECTOR('',#14187,1.);
#14187 = DIRECTION('',(0.,-1.,0.));
#14188 = ORIENTED_EDGE('',*,*,#14136,.F.);
#14189 = ORIENTED_EDGE('',*,*,#3533,.T.);
#14190 = ORIENTED_EDGE('',*,*,#14191,.F.);
#14191 = EDGE_CURVE('',#14182,#3534,#14192,.T.);
#14192 = LINE('',#14193,#14194);
#14193 = CARTESIAN_POINT('',(37.4,-97.5,0.));
#14194 = VECTOR('',#14195,1.);
#14195 = DIRECTION('',(-0.,-0.,-1.));
#14196 = PLANE('',#14197);
#14197 = AXIS2_PLACEMENT_3D('',#14198,#14199,#14200);
#14198 = CARTESIAN_POINT('',(37.4,-38.5,0.));
#14199 = DIRECTION('',(-1.,0.,0.));
#14200 = DIRECTION('',(0.,-1.,0.));
#14201 = ADVANCED_FACE('',(#14202),#14213,.F.);
#14202 = FACE_BOUND('',#14203,.F.);
#14203 = EDGE_LOOP('',(#14204,#14210,#14211,#14212));
#14204 = ORIENTED_EDGE('',*,*,#14205,.F.);
#14205 = EDGE_CURVE('',#14158,#14182,#14206,.T.);
#14206 = LINE('',#14207,#14208);
#14207 = CARTESIAN_POINT('',(-45.2,-97.5,0.));
#14208 = VECTOR('',#14209,1.);
#14209 = DIRECTION('',(1.,0.,0.));
#14210 = ORIENTED_EDGE('',*,*,#14165,.F.);
#14211 = ORIENTED_EDGE('',*,*,#3541,.F.);
#14212 = ORIENTED_EDGE('',*,*,#14191,.F.);
#14213 = PLANE('',#14214);
#14214 = AXIS2_PLACEMENT_3D('',#14215,#14216,#14217);
#14215 = CARTESIAN_POINT('',(-45.2,-97.5,0.));
#14216 = DIRECTION('',(0.,-1.,0.));
#14217 = DIRECTION('',(1.,0.,0.));
#14218 = ADVANCED_FACE('',(#14219),#14244,.F.);
#14219 = FACE_BOUND('',#14220,.F.);
#14220 = EDGE_LOOP('',(#14221,#14231,#14237,#14238));
#14221 = ORIENTED_EDGE('',*,*,#14222,.F.);
#14222 = EDGE_CURVE('',#14223,#14225,#14227,.T.);
#14223 = VERTEX_POINT('',#14224);
#14224 = CARTESIAN_POINT('',(37.4,-86.5,0.));
#14225 = VERTEX_POINT('',#14226);
#14226 = CARTESIAN_POINT('',(19.,-86.5,0.));
#14227 = LINE('',#14228,#14229);
#14228 = CARTESIAN_POINT('',(58.8,-86.5,0.));
#14229 = VECTOR('',#14230,1.);
#14230 = DIRECTION('',(-1.,0.,0.));
#14231 = ORIENTED_EDGE('',*,*,#14232,.F.);
#14232 = EDGE_CURVE('',#3560,#14223,#14233,.T.);
#14233 = LINE('',#14234,#14235);
#14234 = CARTESIAN_POINT('',(37.4,-86.5,0.));
#14235 = VECTOR('',#14236,1.);
#14236 = DIRECTION('',(0.,0.,1.));
#14237 = ORIENTED_EDGE('',*,*,#3557,.F.);
#14238 = ORIENTED_EDGE('',*,*,#14239,.F.);
#14239 = EDGE_CURVE('',#14225,#3558,#14240,.T.);
#14240 = LINE('',#14241,#14242);
#14241 = CARTESIAN_POINT('',(19.,-86.5,0.));
#14242 = VECTOR('',#14243,1.);
#14243 = DIRECTION('',(0.,0.,-1.));
#14244 = PLANE('',#14245);
#14245 = AXIS2_PLACEMENT_3D('',#14246,#14247,#14248);
#14246 = CARTESIAN_POINT('',(58.8,-86.5,0.));
#14247 = DIRECTION('',(0.,1.,0.));
#14248 = DIRECTION('',(-1.,0.,0.));
#14249 = ADVANCED_FACE('',(#14250),#14268,.T.);
#14250 = FACE_BOUND('',#14251,.T.);
#14251 = EDGE_LOOP('',(#14252,#14260,#14266,#14267));
#14252 = ORIENTED_EDGE('',*,*,#14253,.F.);
#14253 = EDGE_CURVE('',#14254,#14225,#14256,.T.);
#14254 = VERTEX_POINT('',#14255);
#14255 = CARTESIAN_POINT('',(19.,-89.5,0.));
#14256 = LINE('',#14257,#14258);
#14257 = CARTESIAN_POINT('',(19.,-201.5,0.));
#14258 = VECTOR('',#14259,1.);
#14259 = DIRECTION('',(0.,1.,0.));
#14260 = ORIENTED_EDGE('',*,*,#14261,.F.);
#14261 = EDGE_CURVE('',#3576,#14254,#14262,.T.);
#14262 = LINE('',#14263,#14264);
#14263 = CARTESIAN_POINT('',(19.,-89.5,0.));
#14264 = VECTOR('',#14265,1.);
#14265 = DIRECTION('',(0.,0.,1.));
#14266 = ORIENTED_EDGE('',*,*,#3583,.T.);
#14267 = ORIENTED_EDGE('',*,*,#14239,.F.);
#14268 = PLANE('',#14269);
#14269 = AXIS2_PLACEMENT_3D('',#14270,#14271,#14272);
#14270 = CARTESIAN_POINT('',(19.,-201.5,0.));
#14271 = DIRECTION('',(1.,0.,0.));
#14272 = DIRECTION('',(0.,1.,0.));
#14273 = ADVANCED_FACE('',(#14274),#14292,.T.);
#14274 = FACE_BOUND('',#14275,.T.);
#14275 = EDGE_LOOP('',(#14276,#14284,#14285,#14286));
#14276 = ORIENTED_EDGE('',*,*,#14277,.F.);
#14277 = EDGE_CURVE('',#14223,#14278,#14280,.T.);
#14278 = VERTEX_POINT('',#14279);
#14279 = CARTESIAN_POINT('',(37.4,-89.5,0.));
#14280 = LINE('',#14281,#14282);
#14281 = CARTESIAN_POINT('',(37.4,-38.5,0.));
#14282 = VECTOR('',#14283,1.);
#14283 = DIRECTION('',(0.,-1.,0.));
#14284 = ORIENTED_EDGE('',*,*,#14232,.F.);
#14285 = ORIENTED_EDGE('',*,*,#3567,.T.);
#14286 = ORIENTED_EDGE('',*,*,#14287,.F.);
#14287 = EDGE_CURVE('',#14278,#3568,#14288,.T.);
#14288 = LINE('',#14289,#14290);
#14289 = CARTESIAN_POINT('',(37.4,-89.5,0.));
#14290 = VECTOR('',#14291,1.);
#14291 = DIRECTION('',(-0.,-0.,-1.));
#14292 = PLANE('',#14293);
#14293 = AXIS2_PLACEMENT_3D('',#14294,#14295,#14296);
#14294 = CARTESIAN_POINT('',(37.4,-38.5,0.));
#14295 = DIRECTION('',(-1.,0.,0.));
#14296 = DIRECTION('',(0.,-1.,0.));
#14297 = ADVANCED_FACE('',(#14298),#14309,.F.);
#14298 = FACE_BOUND('',#14299,.F.);
#14299 = EDGE_LOOP('',(#14300,#14306,#14307,#14308));
#14300 = ORIENTED_EDGE('',*,*,#14301,.F.);
#14301 = EDGE_CURVE('',#14254,#14278,#14302,.T.);
#14302 = LINE('',#14303,#14304);
#14303 = CARTESIAN_POINT('',(-45.2,-89.5,0.));
#14304 = VECTOR('',#14305,1.);
#14305 = DIRECTION('',(1.,0.,0.));
#14306 = ORIENTED_EDGE('',*,*,#14261,.F.);
#14307 = ORIENTED_EDGE('',*,*,#3575,.F.);
#14308 = ORIENTED_EDGE('',*,*,#14287,.F.);
#14309 = PLANE('',#14310);
#14310 = AXIS2_PLACEMENT_3D('',#14311,#14312,#14313);
#14311 = CARTESIAN_POINT('',(-45.2,-89.5,0.));
#14312 = DIRECTION('',(0.,-1.,0.));
#14313 = DIRECTION('',(1.,0.,0.));
#14314 = ADVANCED_FACE('',(#14315),#14340,.F.);
#14315 = FACE_BOUND('',#14316,.F.);
#14316 = EDGE_LOOP('',(#14317,#14327,#14333,#14334));
#14317 = ORIENTED_EDGE('',*,*,#14318,.F.);
#14318 = EDGE_CURVE('',#14319,#14321,#14323,.T.);
#14319 = VERTEX_POINT('',#14320);
#14320 = CARTESIAN_POINT('',(37.4,-78.5,0.));
#14321 = VERTEX_POINT('',#14322);
#14322 = CARTESIAN_POINT('',(19.,-78.5,0.));
#14323 = LINE('',#14324,#14325);
#14324 = CARTESIAN_POINT('',(58.8,-78.5,0.));
#14325 = VECTOR('',#14326,1.);
#14326 = DIRECTION('',(-1.,0.,0.));
#14327 = ORIENTED_EDGE('',*,*,#14328,.F.);
#14328 = EDGE_CURVE('',#3594,#14319,#14329,.T.);
#14329 = LINE('',#14330,#14331);
#14330 = CARTESIAN_POINT('',(37.4,-78.5,0.));
#14331 = VECTOR('',#14332,1.);
#14332 = DIRECTION('',(0.,0.,1.));
#14333 = ORIENTED_EDGE('',*,*,#3591,.F.);
#14334 = ORIENTED_EDGE('',*,*,#14335,.F.);
#14335 = EDGE_CURVE('',#14321,#3592,#14336,.T.);
#14336 = LINE('',#14337,#14338);
#14337 = CARTESIAN_POINT('',(19.,-78.5,0.));
#14338 = VECTOR('',#14339,1.);
#14339 = DIRECTION('',(0.,0.,-1.));
#14340 = PLANE('',#14341);
#14341 = AXIS2_PLACEMENT_3D('',#14342,#14343,#14344);
#14342 = CARTESIAN_POINT('',(58.8,-78.5,0.));
#14343 = DIRECTION('',(0.,1.,0.));
#14344 = DIRECTION('',(-1.,0.,0.));
#14345 = ADVANCED_FACE('',(#14346),#14364,.T.);
#14346 = FACE_BOUND('',#14347,.T.);
#14347 = EDGE_LOOP('',(#14348,#14356,#14362,#14363));
#14348 = ORIENTED_EDGE('',*,*,#14349,.F.);
#14349 = EDGE_CURVE('',#14350,#14321,#14352,.T.);
#14350 = VERTEX_POINT('',#14351);
#14351 = CARTESIAN_POINT('',(19.,-81.5,0.));
#14352 = LINE('',#14353,#14354);
#14353 = CARTESIAN_POINT('',(19.,-201.5,0.));
#14354 = VECTOR('',#14355,1.);
#14355 = DIRECTION('',(0.,1.,0.));
#14356 = ORIENTED_EDGE('',*,*,#14357,.F.);
#14357 = EDGE_CURVE('',#3610,#14350,#14358,.T.);
#14358 = LINE('',#14359,#14360);
#14359 = CARTESIAN_POINT('',(19.,-81.5,0.));
#14360 = VECTOR('',#14361,1.);
#14361 = DIRECTION('',(0.,0.,1.));
#14362 = ORIENTED_EDGE('',*,*,#3617,.T.);
#14363 = ORIENTED_EDGE('',*,*,#14335,.F.);
#14364 = PLANE('',#14365);
#14365 = AXIS2_PLACEMENT_3D('',#14366,#14367,#14368);
#14366 = CARTESIAN_POINT('',(19.,-201.5,0.));
#14367 = DIRECTION('',(1.,0.,0.));
#14368 = DIRECTION('',(0.,1.,0.));
#14369 = ADVANCED_FACE('',(#14370),#14388,.T.);
#14370 = FACE_BOUND('',#14371,.T.);
#14371 = EDGE_LOOP('',(#14372,#14380,#14381,#14382));
#14372 = ORIENTED_EDGE('',*,*,#14373,.F.);
#14373 = EDGE_CURVE('',#14319,#14374,#14376,.T.);
#14374 = VERTEX_POINT('',#14375);
#14375 = CARTESIAN_POINT('',(37.4,-81.5,0.));
#14376 = LINE('',#14377,#14378);
#14377 = CARTESIAN_POINT('',(37.4,-38.5,0.));
#14378 = VECTOR('',#14379,1.);
#14379 = DIRECTION('',(0.,-1.,0.));
#14380 = ORIENTED_EDGE('',*,*,#14328,.F.);
#14381 = ORIENTED_EDGE('',*,*,#3601,.T.);
#14382 = ORIENTED_EDGE('',*,*,#14383,.F.);
#14383 = EDGE_CURVE('',#14374,#3602,#14384,.T.);
#14384 = LINE('',#14385,#14386);
#14385 = CARTESIAN_POINT('',(37.4,-81.5,0.));
#14386 = VECTOR('',#14387,1.);
#14387 = DIRECTION('',(-0.,-0.,-1.));
#14388 = PLANE('',#14389);
#14389 = AXIS2_PLACEMENT_3D('',#14390,#14391,#14392);
#14390 = CARTESIAN_POINT('',(37.4,-38.5,0.));
#14391 = DIRECTION('',(-1.,0.,0.));
#14392 = DIRECTION('',(0.,-1.,0.));
#14393 = ADVANCED_FACE('',(#14394),#14405,.F.);
#14394 = FACE_BOUND('',#14395,.F.);
#14395 = EDGE_LOOP('',(#14396,#14402,#14403,#14404));
#14396 = ORIENTED_EDGE('',*,*,#14397,.F.);
#14397 = EDGE_CURVE('',#14350,#14374,#14398,.T.);
#14398 = LINE('',#14399,#14400);
#14399 = CARTESIAN_POINT('',(-45.2,-81.5,0.));
#14400 = VECTOR('',#14401,1.);
#14401 = DIRECTION('',(1.,0.,0.));
#14402 = ORIENTED_EDGE('',*,*,#14357,.F.);
#14403 = ORIENTED_EDGE('',*,*,#3609,.F.);
#14404 = ORIENTED_EDGE('',*,*,#14383,.F.);
#14405 = PLANE('',#14406);
#14406 = AXIS2_PLACEMENT_3D('',#14407,#14408,#14409);
#14407 = CARTESIAN_POINT('',(-45.2,-81.5,0.));
#14408 = DIRECTION('',(0.,-1.,0.));
#14409 = DIRECTION('',(1.,0.,0.));
#14410 = ADVANCED_FACE('',(#14411),#14436,.F.);
#14411 = FACE_BOUND('',#14412,.F.);
#14412 = EDGE_LOOP('',(#14413,#14423,#14429,#14430));
#14413 = ORIENTED_EDGE('',*,*,#14414,.F.);
#14414 = EDGE_CURVE('',#14415,#14417,#14419,.T.);
#14415 = VERTEX_POINT('',#14416);
#14416 = CARTESIAN_POINT('',(37.4,-70.5,0.));
#14417 = VERTEX_POINT('',#14418);
#14418 = CARTESIAN_POINT('',(19.,-70.5,0.));
#14419 = LINE('',#14420,#14421);
#14420 = CARTESIAN_POINT('',(58.8,-70.5,0.));
#14421 = VECTOR('',#14422,1.);
#14422 = DIRECTION('',(-1.,0.,0.));
#14423 = ORIENTED_EDGE('',*,*,#14424,.F.);
#14424 = EDGE_CURVE('',#3628,#14415,#14425,.T.);
#14425 = LINE('',#14426,#14427);
#14426 = CARTESIAN_POINT('',(37.4,-70.5,0.));
#14427 = VECTOR('',#14428,1.);
#14428 = DIRECTION('',(0.,0.,1.));
#14429 = ORIENTED_EDGE('',*,*,#3625,.F.);
#14430 = ORIENTED_EDGE('',*,*,#14431,.F.);
#14431 = EDGE_CURVE('',#14417,#3626,#14432,.T.);
#14432 = LINE('',#14433,#14434);
#14433 = CARTESIAN_POINT('',(19.,-70.5,0.));
#14434 = VECTOR('',#14435,1.);
#14435 = DIRECTION('',(0.,0.,-1.));
#14436 = PLANE('',#14437);
#14437 = AXIS2_PLACEMENT_3D('',#14438,#14439,#14440);
#14438 = CARTESIAN_POINT('',(58.8,-70.5,0.));
#14439 = DIRECTION('',(0.,1.,0.));
#14440 = DIRECTION('',(-1.,0.,0.));
#14441 = ADVANCED_FACE('',(#14442),#14460,.T.);
#14442 = FACE_BOUND('',#14443,.T.);
#14443 = EDGE_LOOP('',(#14444,#14452,#14458,#14459));
#14444 = ORIENTED_EDGE('',*,*,#14445,.F.);
#14445 = EDGE_CURVE('',#14446,#14417,#14448,.T.);
#14446 = VERTEX_POINT('',#14447);
#14447 = CARTESIAN_POINT('',(19.,-73.5,0.));
#14448 = LINE('',#14449,#14450);
#14449 = CARTESIAN_POINT('',(19.,-201.5,0.));
#14450 = VECTOR('',#14451,1.);
#14451 = DIRECTION('',(0.,1.,0.));
#14452 = ORIENTED_EDGE('',*,*,#14453,.F.);
#14453 = EDGE_CURVE('',#3644,#14446,#14454,.T.);
#14454 = LINE('',#14455,#14456);
#14455 = CARTESIAN_POINT('',(19.,-73.5,0.));
#14456 = VECTOR('',#14457,1.);
#14457 = DIRECTION('',(0.,0.,1.));
#14458 = ORIENTED_EDGE('',*,*,#3651,.T.);
#14459 = ORIENTED_EDGE('',*,*,#14431,.F.);
#14460 = PLANE('',#14461);
#14461 = AXIS2_PLACEMENT_3D('',#14462,#14463,#14464);
#14462 = CARTESIAN_POINT('',(19.,-201.5,0.));
#14463 = DIRECTION('',(1.,0.,0.));
#14464 = DIRECTION('',(0.,1.,0.));
#14465 = ADVANCED_FACE('',(#14466),#14484,.T.);
#14466 = FACE_BOUND('',#14467,.T.);
#14467 = EDGE_LOOP('',(#14468,#14476,#14477,#14478));
#14468 = ORIENTED_EDGE('',*,*,#14469,.F.);
#14469 = EDGE_CURVE('',#14415,#14470,#14472,.T.);
#14470 = VERTEX_POINT('',#14471);
#14471 = CARTESIAN_POINT('',(37.4,-73.5,0.));
#14472 = LINE('',#14473,#14474);
#14473 = CARTESIAN_POINT('',(37.4,-38.5,0.));
#14474 = VECTOR('',#14475,1.);
#14475 = DIRECTION('',(0.,-1.,0.));
#14476 = ORIENTED_EDGE('',*,*,#14424,.F.);
#14477 = ORIENTED_EDGE('',*,*,#3635,.T.);
#14478 = ORIENTED_EDGE('',*,*,#14479,.F.);
#14479 = EDGE_CURVE('',#14470,#3636,#14480,.T.);
#14480 = LINE('',#14481,#14482);
#14481 = CARTESIAN_POINT('',(37.4,-73.5,0.));
#14482 = VECTOR('',#14483,1.);
#14483 = DIRECTION('',(-0.,-0.,-1.));
#14484 = PLANE('',#14485);
#14485 = AXIS2_PLACEMENT_3D('',#14486,#14487,#14488);
#14486 = CARTESIAN_POINT('',(37.4,-38.5,0.));
#14487 = DIRECTION('',(-1.,0.,0.));
#14488 = DIRECTION('',(0.,-1.,0.));
#14489 = ADVANCED_FACE('',(#14490),#14501,.F.);
#14490 = FACE_BOUND('',#14491,.F.);
#14491 = EDGE_LOOP('',(#14492,#14498,#14499,#14500));
#14492 = ORIENTED_EDGE('',*,*,#14493,.F.);
#14493 = EDGE_CURVE('',#14446,#14470,#14494,.T.);
#14494 = LINE('',#14495,#14496);
#14495 = CARTESIAN_POINT('',(-45.2,-73.5,0.));
#14496 = VECTOR('',#14497,1.);
#14497 = DIRECTION('',(1.,0.,0.));
#14498 = ORIENTED_EDGE('',*,*,#14453,.F.);
#14499 = ORIENTED_EDGE('',*,*,#3643,.F.);
#14500 = ORIENTED_EDGE('',*,*,#14479,.F.);
#14501 = PLANE('',#14502);
#14502 = AXIS2_PLACEMENT_3D('',#14503,#14504,#14505);
#14503 = CARTESIAN_POINT('',(-45.2,-73.5,0.));
#14504 = DIRECTION('',(0.,-1.,0.));
#14505 = DIRECTION('',(1.,0.,0.));
#14506 = ADVANCED_FACE('',(#14507),#14532,.F.);
#14507 = FACE_BOUND('',#14508,.F.);
#14508 = EDGE_LOOP('',(#14509,#14519,#14525,#14526));
#14509 = ORIENTED_EDGE('',*,*,#14510,.F.);
#14510 = EDGE_CURVE('',#14511,#14513,#14515,.T.);
#14511 = VERTEX_POINT('',#14512);
#14512 = CARTESIAN_POINT('',(37.4,-62.5,0.));
#14513 = VERTEX_POINT('',#14514);
#14514 = CARTESIAN_POINT('',(19.,-62.5,0.));
#14515 = LINE('',#14516,#14517);
#14516 = CARTESIAN_POINT('',(58.8,-62.5,0.));
#14517 = VECTOR('',#14518,1.);
#14518 = DIRECTION('',(-1.,0.,0.));
#14519 = ORIENTED_EDGE('',*,*,#14520,.F.);
#14520 = EDGE_CURVE('',#3662,#14511,#14521,.T.);
#14521 = LINE('',#14522,#14523);
#14522 = CARTESIAN_POINT('',(37.4,-62.5,0.));
#14523 = VECTOR('',#14524,1.);
#14524 = DIRECTION('',(0.,0.,1.));
#14525 = ORIENTED_EDGE('',*,*,#3659,.F.);
#14526 = ORIENTED_EDGE('',*,*,#14527,.F.);
#14527 = EDGE_CURVE('',#14513,#3660,#14528,.T.);
#14528 = LINE('',#14529,#14530);
#14529 = CARTESIAN_POINT('',(19.,-62.5,0.));
#14530 = VECTOR('',#14531,1.);
#14531 = DIRECTION('',(0.,0.,-1.));
#14532 = PLANE('',#14533);
#14533 = AXIS2_PLACEMENT_3D('',#14534,#14535,#14536);
#14534 = CARTESIAN_POINT('',(58.8,-62.5,0.));
#14535 = DIRECTION('',(0.,1.,0.));
#14536 = DIRECTION('',(-1.,0.,0.));
#14537 = ADVANCED_FACE('',(#14538),#14556,.T.);
#14538 = FACE_BOUND('',#14539,.T.);
#14539 = EDGE_LOOP('',(#14540,#14548,#14554,#14555));
#14540 = ORIENTED_EDGE('',*,*,#14541,.F.);
#14541 = EDGE_CURVE('',#14542,#14513,#14544,.T.);
#14542 = VERTEX_POINT('',#14543);
#14543 = CARTESIAN_POINT('',(19.,-65.5,0.));
#14544 = LINE('',#14545,#14546);
#14545 = CARTESIAN_POINT('',(19.,-201.5,0.));
#14546 = VECTOR('',#14547,1.);
#14547 = DIRECTION('',(0.,1.,0.));
#14548 = ORIENTED_EDGE('',*,*,#14549,.F.);
#14549 = EDGE_CURVE('',#3678,#14542,#14550,.T.);
#14550 = LINE('',#14551,#14552);
#14551 = CARTESIAN_POINT('',(19.,-65.5,0.));
#14552 = VECTOR('',#14553,1.);
#14553 = DIRECTION('',(0.,0.,1.));
#14554 = ORIENTED_EDGE('',*,*,#3685,.T.);
#14555 = ORIENTED_EDGE('',*,*,#14527,.F.);
#14556 = PLANE('',#14557);
#14557 = AXIS2_PLACEMENT_3D('',#14558,#14559,#14560);
#14558 = CARTESIAN_POINT('',(19.,-201.5,0.));
#14559 = DIRECTION('',(1.,0.,0.));
#14560 = DIRECTION('',(0.,1.,0.));
#14561 = ADVANCED_FACE('',(#14562),#14580,.T.);
#14562 = FACE_BOUND('',#14563,.T.);
#14563 = EDGE_LOOP('',(#14564,#14572,#14573,#14574));
#14564 = ORIENTED_EDGE('',*,*,#14565,.F.);
#14565 = EDGE_CURVE('',#14511,#14566,#14568,.T.);
#14566 = VERTEX_POINT('',#14567);
#14567 = CARTESIAN_POINT('',(37.4,-65.5,0.));
#14568 = LINE('',#14569,#14570);
#14569 = CARTESIAN_POINT('',(37.4,-38.5,0.));
#14570 = VECTOR('',#14571,1.);
#14571 = DIRECTION('',(0.,-1.,0.));
#14572 = ORIENTED_EDGE('',*,*,#14520,.F.);
#14573 = ORIENTED_EDGE('',*,*,#3669,.T.);
#14574 = ORIENTED_EDGE('',*,*,#14575,.F.);
#14575 = EDGE_CURVE('',#14566,#3670,#14576,.T.);
#14576 = LINE('',#14577,#14578);
#14577 = CARTESIAN_POINT('',(37.4,-65.5,0.));
#14578 = VECTOR('',#14579,1.);
#14579 = DIRECTION('',(-0.,-0.,-1.));
#14580 = PLANE('',#14581);
#14581 = AXIS2_PLACEMENT_3D('',#14582,#14583,#14584);
#14582 = CARTESIAN_POINT('',(37.4,-38.5,0.));
#14583 = DIRECTION('',(-1.,0.,0.));
#14584 = DIRECTION('',(0.,-1.,0.));
#14585 = ADVANCED_FACE('',(#14586),#14597,.F.);
#14586 = FACE_BOUND('',#14587,.F.);
#14587 = EDGE_LOOP('',(#14588,#14594,#14595,#14596));
#14588 = ORIENTED_EDGE('',*,*,#14589,.F.);
#14589 = EDGE_CURVE('',#14542,#14566,#14590,.T.);
#14590 = LINE('',#14591,#14592);
#14591 = CARTESIAN_POINT('',(-45.2,-65.5,0.));
#14592 = VECTOR('',#14593,1.);
#14593 = DIRECTION('',(1.,0.,0.));
#14594 = ORIENTED_EDGE('',*,*,#14549,.F.);
#14595 = ORIENTED_EDGE('',*,*,#3677,.F.);
#14596 = ORIENTED_EDGE('',*,*,#14575,.F.);
#14597 = PLANE('',#14598);
#14598 = AXIS2_PLACEMENT_3D('',#14599,#14600,#14601);
#14599 = CARTESIAN_POINT('',(-45.2,-65.5,0.));
#14600 = DIRECTION('',(0.,-1.,0.));
#14601 = DIRECTION('',(1.,0.,0.));
#14602 = ADVANCED_FACE('',(#14603),#14628,.T.);
#14603 = FACE_BOUND('',#14604,.T.);
#14604 = EDGE_LOOP('',(#14605,#14615,#14621,#14622));
#14605 = ORIENTED_EDGE('',*,*,#14606,.F.);
#14606 = EDGE_CURVE('',#14607,#14609,#14611,.T.);
#14607 = VERTEX_POINT('',#14608);
#14608 = CARTESIAN_POINT('',(40.4,-121.5,0.));
#14609 = VERTEX_POINT('',#14610);
#14610 = CARTESIAN_POINT('',(40.4,-118.5,0.));
#14611 = LINE('',#14612,#14613);
#14612 = CARTESIAN_POINT('',(40.4,-201.5,0.));
#14613 = VECTOR('',#14614,1.);
#14614 = DIRECTION('',(0.,1.,0.));
#14615 = ORIENTED_EDGE('',*,*,#14616,.F.);
#14616 = EDGE_CURVE('',#3694,#14607,#14617,.T.);
#14617 = LINE('',#14618,#14619);
#14618 = CARTESIAN_POINT('',(40.4,-121.5,0.));
#14619 = VECTOR('',#14620,1.);
#14620 = DIRECTION('',(0.,0.,1.));
#14621 = ORIENTED_EDGE('',*,*,#3693,.T.);
#14622 = ORIENTED_EDGE('',*,*,#14623,.F.);
#14623 = EDGE_CURVE('',#14609,#3696,#14624,.T.);
#14624 = LINE('',#14625,#14626);
#14625 = CARTESIAN_POINT('',(40.4,-118.5,0.));
#14626 = VECTOR('',#14627,1.);
#14627 = DIRECTION('',(0.,0.,-1.));
#14628 = PLANE('',#14629);
#14629 = AXIS2_PLACEMENT_3D('',#14630,#14631,#14632);
#14630 = CARTESIAN_POINT('',(40.4,-201.5,0.));
#14631 = DIRECTION('',(1.,0.,0.));
#14632 = DIRECTION('',(0.,1.,0.));
#14633 = ADVANCED_FACE('',(#14634),#14652,.F.);
#14634 = FACE_BOUND('',#14635,.F.);
#14635 = EDGE_LOOP('',(#14636,#14644,#14645,#14646));
#14636 = ORIENTED_EDGE('',*,*,#14637,.F.);
#14637 = EDGE_CURVE('',#14607,#14638,#14640,.T.);
#14638 = VERTEX_POINT('',#14639);
#14639 = CARTESIAN_POINT('',(58.8,-121.5,0.));
#14640 = LINE('',#14641,#14642);
#14641 = CARTESIAN_POINT('',(-45.2,-121.5,0.));
#14642 = VECTOR('',#14643,1.);
#14643 = DIRECTION('',(1.,0.,0.));
#14644 = ORIENTED_EDGE('',*,*,#14616,.F.);
#14645 = ORIENTED_EDGE('',*,*,#3719,.F.);
#14646 = ORIENTED_EDGE('',*,*,#14647,.F.);
#14647 = EDGE_CURVE('',#14638,#3712,#14648,.T.);
#14648 = LINE('',#14649,#14650);
#14649 = CARTESIAN_POINT('',(58.8,-121.5,0.));
#14650 = VECTOR('',#14651,1.);
#14651 = DIRECTION('',(-0.,-0.,-1.));
#14652 = PLANE('',#14653);
#14653 = AXIS2_PLACEMENT_3D('',#14654,#14655,#14656);
#14654 = CARTESIAN_POINT('',(-45.2,-121.5,0.));
#14655 = DIRECTION('',(0.,-1.,0.));
#14656 = DIRECTION('',(1.,0.,0.));
#14657 = ADVANCED_FACE('',(#14658),#14676,.F.);
#14658 = FACE_BOUND('',#14659,.F.);
#14659 = EDGE_LOOP('',(#14660,#14668,#14674,#14675));
#14660 = ORIENTED_EDGE('',*,*,#14661,.F.);
#14661 = EDGE_CURVE('',#14662,#14609,#14664,.T.);
#14662 = VERTEX_POINT('',#14663);
#14663 = CARTESIAN_POINT('',(58.8,-118.5,0.));
#14664 = LINE('',#14665,#14666);
#14665 = CARTESIAN_POINT('',(58.8,-118.5,0.));
#14666 = VECTOR('',#14667,1.);
#14667 = DIRECTION('',(-1.,0.,0.));
#14668 = ORIENTED_EDGE('',*,*,#14669,.T.);
#14669 = EDGE_CURVE('',#14662,#3704,#14670,.T.);
#14670 = LINE('',#14671,#14672);
#14671 = CARTESIAN_POINT('',(58.8,-118.5,0.));
#14672 = VECTOR('',#14673,1.);
#14673 = DIRECTION('',(-0.,-0.,-1.));
#14674 = ORIENTED_EDGE('',*,*,#3703,.F.);
#14675 = ORIENTED_EDGE('',*,*,#14623,.F.);
#14676 = PLANE('',#14677);
#14677 = AXIS2_PLACEMENT_3D('',#14678,#14679,#14680);
#14678 = CARTESIAN_POINT('',(58.8,-118.5,0.));
#14679 = DIRECTION('',(0.,1.,0.));
#14680 = DIRECTION('',(-1.,0.,0.));
#14681 = ADVANCED_FACE('',(#14682),#14693,.F.);
#14682 = FACE_BOUND('',#14683,.F.);
#14683 = EDGE_LOOP('',(#14684,#14690,#14691,#14692));
#14684 = ORIENTED_EDGE('',*,*,#14685,.F.);
#14685 = EDGE_CURVE('',#14638,#14662,#14686,.T.);
#14686 = LINE('',#14687,#14688);
#14687 = CARTESIAN_POINT('',(58.8,-121.5,0.));
#14688 = VECTOR('',#14689,1.);
#14689 = DIRECTION('',(0.,1.,0.));
#14690 = ORIENTED_EDGE('',*,*,#14647,.T.);
#14691 = ORIENTED_EDGE('',*,*,#3711,.F.);
#14692 = ORIENTED_EDGE('',*,*,#14669,.F.);
#14693 = PLANE('',#14694);
#14694 = AXIS2_PLACEMENT_3D('',#14695,#14696,#14697);
#14695 = CARTESIAN_POINT('',(58.8,-121.5,0.));
#14696 = DIRECTION('',(1.,0.,0.));
#14697 = DIRECTION('',(0.,1.,0.));
#14698 = ADVANCED_FACE('',(#14699),#14724,.T.);
#14699 = FACE_BOUND('',#14700,.T.);
#14700 = EDGE_LOOP('',(#14701,#14711,#14717,#14718));
#14701 = ORIENTED_EDGE('',*,*,#14702,.F.);
#14702 = EDGE_CURVE('',#14703,#14705,#14707,.T.);
#14703 = VERTEX_POINT('',#14704);
#14704 = CARTESIAN_POINT('',(40.4,-113.5,0.));
#14705 = VERTEX_POINT('',#14706);
#14706 = CARTESIAN_POINT('',(40.4,-110.5,0.));
#14707 = LINE('',#14708,#14709);
#14708 = CARTESIAN_POINT('',(40.4,-201.5,0.));
#14709 = VECTOR('',#14710,1.);
#14710 = DIRECTION('',(0.,1.,0.));
#14711 = ORIENTED_EDGE('',*,*,#14712,.F.);
#14712 = EDGE_CURVE('',#3728,#14703,#14713,.T.);
#14713 = LINE('',#14714,#14715);
#14714 = CARTESIAN_POINT('',(40.4,-113.5,0.));
#14715 = VECTOR('',#14716,1.);
#14716 = DIRECTION('',(0.,0.,1.));
#14717 = ORIENTED_EDGE('',*,*,#3727,.T.);
#14718 = ORIENTED_EDGE('',*,*,#14719,.F.);
#14719 = EDGE_CURVE('',#14705,#3730,#14720,.T.);
#14720 = LINE('',#14721,#14722);
#14721 = CARTESIAN_POINT('',(40.4,-110.5,0.));
#14722 = VECTOR('',#14723,1.);
#14723 = DIRECTION('',(0.,0.,-1.));
#14724 = PLANE('',#14725);
#14725 = AXIS2_PLACEMENT_3D('',#14726,#14727,#14728);
#14726 = CARTESIAN_POINT('',(40.4,-201.5,0.));
#14727 = DIRECTION('',(1.,0.,0.));
#14728 = DIRECTION('',(0.,1.,0.));
#14729 = ADVANCED_FACE('',(#14730),#14748,.F.);
#14730 = FACE_BOUND('',#14731,.F.);
#14731 = EDGE_LOOP('',(#14732,#14740,#14741,#14742));
#14732 = ORIENTED_EDGE('',*,*,#14733,.F.);
#14733 = EDGE_CURVE('',#14703,#14734,#14736,.T.);
#14734 = VERTEX_POINT('',#14735);
#14735 = CARTESIAN_POINT('',(58.8,-113.5,0.));
#14736 = LINE('',#14737,#14738);
#14737 = CARTESIAN_POINT('',(-45.2,-113.5,0.));
#14738 = VECTOR('',#14739,1.);
#14739 = DIRECTION('',(1.,0.,0.));
#14740 = ORIENTED_EDGE('',*,*,#14712,.F.);
#14741 = ORIENTED_EDGE('',*,*,#3753,.F.);
#14742 = ORIENTED_EDGE('',*,*,#14743,.F.);
#14743 = EDGE_CURVE('',#14734,#3746,#14744,.T.);
#14744 = LINE('',#14745,#14746);
#14745 = CARTESIAN_POINT('',(58.8,-113.5,0.));
#14746 = VECTOR('',#14747,1.);
#14747 = DIRECTION('',(-0.,-0.,-1.));
#14748 = PLANE('',#14749);
#14749 = AXIS2_PLACEMENT_3D('',#14750,#14751,#14752);
#14750 = CARTESIAN_POINT('',(-45.2,-113.5,0.));
#14751 = DIRECTION('',(0.,-1.,0.));
#14752 = DIRECTION('',(1.,0.,0.));
#14753 = ADVANCED_FACE('',(#14754),#14772,.F.);
#14754 = FACE_BOUND('',#14755,.F.);
#14755 = EDGE_LOOP('',(#14756,#14764,#14770,#14771));
#14756 = ORIENTED_EDGE('',*,*,#14757,.F.);
#14757 = EDGE_CURVE('',#14758,#14705,#14760,.T.);
#14758 = VERTEX_POINT('',#14759);
#14759 = CARTESIAN_POINT('',(58.8,-110.5,0.));
#14760 = LINE('',#14761,#14762);
#14761 = CARTESIAN_POINT('',(58.8,-110.5,0.));
#14762 = VECTOR('',#14763,1.);
#14763 = DIRECTION('',(-1.,0.,0.));
#14764 = ORIENTED_EDGE('',*,*,#14765,.T.);
#14765 = EDGE_CURVE('',#14758,#3738,#14766,.T.);
#14766 = LINE('',#14767,#14768);
#14767 = CARTESIAN_POINT('',(58.8,-110.5,0.));
#14768 = VECTOR('',#14769,1.);
#14769 = DIRECTION('',(-0.,-0.,-1.));
#14770 = ORIENTED_EDGE('',*,*,#3737,.F.);
#14771 = ORIENTED_EDGE('',*,*,#14719,.F.);
#14772 = PLANE('',#14773);
#14773 = AXIS2_PLACEMENT_3D('',#14774,#14775,#14776);
#14774 = CARTESIAN_POINT('',(58.8,-110.5,0.));
#14775 = DIRECTION('',(0.,1.,0.));
#14776 = DIRECTION('',(-1.,0.,0.));
#14777 = ADVANCED_FACE('',(#14778),#14789,.F.);
#14778 = FACE_BOUND('',#14779,.F.);
#14779 = EDGE_LOOP('',(#14780,#14786,#14787,#14788));
#14780 = ORIENTED_EDGE('',*,*,#14781,.F.);
#14781 = EDGE_CURVE('',#14734,#14758,#14782,.T.);
#14782 = LINE('',#14783,#14784);
#14783 = CARTESIAN_POINT('',(58.8,-113.5,0.));
#14784 = VECTOR('',#14785,1.);
#14785 = DIRECTION('',(0.,1.,0.));
#14786 = ORIENTED_EDGE('',*,*,#14743,.T.);
#14787 = ORIENTED_EDGE('',*,*,#3745,.F.);
#14788 = ORIENTED_EDGE('',*,*,#14765,.F.);
#14789 = PLANE('',#14790);
#14790 = AXIS2_PLACEMENT_3D('',#14791,#14792,#14793);
#14791 = CARTESIAN_POINT('',(58.8,-113.5,0.));
#14792 = DIRECTION('',(1.,0.,0.));
#14793 = DIRECTION('',(0.,1.,0.));
#14794 = ADVANCED_FACE('',(#14795),#14820,.T.);
#14795 = FACE_BOUND('',#14796,.T.);
#14796 = EDGE_LOOP('',(#14797,#14807,#14813,#14814));
#14797 = ORIENTED_EDGE('',*,*,#14798,.F.);
#14798 = EDGE_CURVE('',#14799,#14801,#14803,.T.);
#14799 = VERTEX_POINT('',#14800);
#14800 = CARTESIAN_POINT('',(40.4,-105.5,0.));
#14801 = VERTEX_POINT('',#14802);
#14802 = CARTESIAN_POINT('',(40.4,-102.5,0.));
#14803 = LINE('',#14804,#14805);
#14804 = CARTESIAN_POINT('',(40.4,-201.5,0.));
#14805 = VECTOR('',#14806,1.);
#14806 = DIRECTION('',(0.,1.,0.));
#14807 = ORIENTED_EDGE('',*,*,#14808,.F.);
#14808 = EDGE_CURVE('',#3762,#14799,#14809,.T.);
#14809 = LINE('',#14810,#14811);
#14810 = CARTESIAN_POINT('',(40.4,-105.5,0.));
#14811 = VECTOR('',#14812,1.);
#14812 = DIRECTION('',(0.,0.,1.));
#14813 = ORIENTED_EDGE('',*,*,#3761,.T.);
#14814 = ORIENTED_EDGE('',*,*,#14815,.F.);
#14815 = EDGE_CURVE('',#14801,#3764,#14816,.T.);
#14816 = LINE('',#14817,#14818);
#14817 = CARTESIAN_POINT('',(40.4,-102.5,0.));
#14818 = VECTOR('',#14819,1.);
#14819 = DIRECTION('',(0.,0.,-1.));
#14820 = PLANE('',#14821);
#14821 = AXIS2_PLACEMENT_3D('',#14822,#14823,#14824);
#14822 = CARTESIAN_POINT('',(40.4,-201.5,0.));
#14823 = DIRECTION('',(1.,0.,0.));
#14824 = DIRECTION('',(0.,1.,0.));
#14825 = ADVANCED_FACE('',(#14826),#14844,.F.);
#14826 = FACE_BOUND('',#14827,.F.);
#14827 = EDGE_LOOP('',(#14828,#14836,#14837,#14838));
#14828 = ORIENTED_EDGE('',*,*,#14829,.F.);
#14829 = EDGE_CURVE('',#14799,#14830,#14832,.T.);
#14830 = VERTEX_POINT('',#14831);
#14831 = CARTESIAN_POINT('',(58.8,-105.5,0.));
#14832 = LINE('',#14833,#14834);
#14833 = CARTESIAN_POINT('',(-45.2,-105.5,0.));
#14834 = VECTOR('',#14835,1.);
#14835 = DIRECTION('',(1.,0.,0.));
#14836 = ORIENTED_EDGE('',*,*,#14808,.F.);
#14837 = ORIENTED_EDGE('',*,*,#3787,.F.);
#14838 = ORIENTED_EDGE('',*,*,#14839,.F.);
#14839 = EDGE_CURVE('',#14830,#3780,#14840,.T.);
#14840 = LINE('',#14841,#14842);
#14841 = CARTESIAN_POINT('',(58.8,-105.5,0.));
#14842 = VECTOR('',#14843,1.);
#14843 = DIRECTION('',(-0.,-0.,-1.));
#14844 = PLANE('',#14845);
#14845 = AXIS2_PLACEMENT_3D('',#14846,#14847,#14848);
#14846 = CARTESIAN_POINT('',(-45.2,-105.5,0.));
#14847 = DIRECTION('',(0.,-1.,0.));
#14848 = DIRECTION('',(1.,0.,0.));
#14849 = ADVANCED_FACE('',(#14850),#14868,.F.);
#14850 = FACE_BOUND('',#14851,.F.);
#14851 = EDGE_LOOP('',(#14852,#14860,#14866,#14867));
#14852 = ORIENTED_EDGE('',*,*,#14853,.F.);
#14853 = EDGE_CURVE('',#14854,#14801,#14856,.T.);
#14854 = VERTEX_POINT('',#14855);
#14855 = CARTESIAN_POINT('',(58.8,-102.5,0.));
#14856 = LINE('',#14857,#14858);
#14857 = CARTESIAN_POINT('',(58.8,-102.5,0.));
#14858 = VECTOR('',#14859,1.);
#14859 = DIRECTION('',(-1.,0.,0.));
#14860 = ORIENTED_EDGE('',*,*,#14861,.T.);
#14861 = EDGE_CURVE('',#14854,#3772,#14862,.T.);
#14862 = LINE('',#14863,#14864);
#14863 = CARTESIAN_POINT('',(58.8,-102.5,0.));
#14864 = VECTOR('',#14865,1.);
#14865 = DIRECTION('',(-0.,-0.,-1.));
#14866 = ORIENTED_EDGE('',*,*,#3771,.F.);
#14867 = ORIENTED_EDGE('',*,*,#14815,.F.);
#14868 = PLANE('',#14869);
#14869 = AXIS2_PLACEMENT_3D('',#14870,#14871,#14872);
#14870 = CARTESIAN_POINT('',(58.8,-102.5,0.));
#14871 = DIRECTION('',(0.,1.,0.));
#14872 = DIRECTION('',(-1.,0.,0.));
#14873 = ADVANCED_FACE('',(#14874),#14885,.F.);
#14874 = FACE_BOUND('',#14875,.F.);
#14875 = EDGE_LOOP('',(#14876,#14882,#14883,#14884));
#14876 = ORIENTED_EDGE('',*,*,#14877,.F.);
#14877 = EDGE_CURVE('',#14830,#14854,#14878,.T.);
#14878 = LINE('',#14879,#14880);
#14879 = CARTESIAN_POINT('',(58.8,-105.5,0.));
#14880 = VECTOR('',#14881,1.);
#14881 = DIRECTION('',(0.,1.,0.));
#14882 = ORIENTED_EDGE('',*,*,#14839,.T.);
#14883 = ORIENTED_EDGE('',*,*,#3779,.F.);
#14884 = ORIENTED_EDGE('',*,*,#14861,.F.);
#14885 = PLANE('',#14886);
#14886 = AXIS2_PLACEMENT_3D('',#14887,#14888,#14889);
#14887 = CARTESIAN_POINT('',(58.8,-105.5,0.));
#14888 = DIRECTION('',(1.,0.,0.));
#14889 = DIRECTION('',(0.,1.,0.));
#14890 = ADVANCED_FACE('',(#14891),#14916,.T.);
#14891 = FACE_BOUND('',#14892,.T.);
#14892 = EDGE_LOOP('',(#14893,#14903,#14909,#14910));
#14893 = ORIENTED_EDGE('',*,*,#14894,.F.);
#14894 = EDGE_CURVE('',#14895,#14897,#14899,.T.);
#14895 = VERTEX_POINT('',#14896);
#14896 = CARTESIAN_POINT('',(40.4,-97.5,0.));
#14897 = VERTEX_POINT('',#14898);
#14898 = CARTESIAN_POINT('',(40.4,-94.5,0.));
#14899 = LINE('',#14900,#14901);
#14900 = CARTESIAN_POINT('',(40.4,-201.5,0.));
#14901 = VECTOR('',#14902,1.);
#14902 = DIRECTION('',(0.,1.,0.));
#14903 = ORIENTED_EDGE('',*,*,#14904,.F.);
#14904 = EDGE_CURVE('',#3796,#14895,#14905,.T.);
#14905 = LINE('',#14906,#14907);
#14906 = CARTESIAN_POINT('',(40.4,-97.5,0.));
#14907 = VECTOR('',#14908,1.);
#14908 = DIRECTION('',(0.,0.,1.));
#14909 = ORIENTED_EDGE('',*,*,#3795,.T.);
#14910 = ORIENTED_EDGE('',*,*,#14911,.F.);
#14911 = EDGE_CURVE('',#14897,#3798,#14912,.T.);
#14912 = LINE('',#14913,#14914);
#14913 = CARTESIAN_POINT('',(40.4,-94.5,0.));
#14914 = VECTOR('',#14915,1.);
#14915 = DIRECTION('',(0.,0.,-1.));
#14916 = PLANE('',#14917);
#14917 = AXIS2_PLACEMENT_3D('',#14918,#14919,#14920);
#14918 = CARTESIAN_POINT('',(40.4,-201.5,0.));
#14919 = DIRECTION('',(1.,0.,0.));
#14920 = DIRECTION('',(0.,1.,0.));
#14921 = ADVANCED_FACE('',(#14922),#14940,.F.);
#14922 = FACE_BOUND('',#14923,.F.);
#14923 = EDGE_LOOP('',(#14924,#14932,#14933,#14934));
#14924 = ORIENTED_EDGE('',*,*,#14925,.F.);
#14925 = EDGE_CURVE('',#14895,#14926,#14928,.T.);
#14926 = VERTEX_POINT('',#14927);
#14927 = CARTESIAN_POINT('',(58.8,-97.5,0.));
#14928 = LINE('',#14929,#14930);
#14929 = CARTESIAN_POINT('',(-45.2,-97.5,0.));
#14930 = VECTOR('',#14931,1.);
#14931 = DIRECTION('',(1.,0.,0.));
#14932 = ORIENTED_EDGE('',*,*,#14904,.F.);
#14933 = ORIENTED_EDGE('',*,*,#3821,.F.);
#14934 = ORIENTED_EDGE('',*,*,#14935,.F.);
#14935 = EDGE_CURVE('',#14926,#3814,#14936,.T.);
#14936 = LINE('',#14937,#14938);
#14937 = CARTESIAN_POINT('',(58.8,-97.5,0.));
#14938 = VECTOR('',#14939,1.);
#14939 = DIRECTION('',(-0.,-0.,-1.));
#14940 = PLANE('',#14941);
#14941 = AXIS2_PLACEMENT_3D('',#14942,#14943,#14944);
#14942 = CARTESIAN_POINT('',(-45.2,-97.5,0.));
#14943 = DIRECTION('',(0.,-1.,0.));
#14944 = DIRECTION('',(1.,0.,0.));
#14945 = ADVANCED_FACE('',(#14946),#14964,.F.);
#14946 = FACE_BOUND('',#14947,.F.);
#14947 = EDGE_LOOP('',(#14948,#14956,#14962,#14963));
#14948 = ORIENTED_EDGE('',*,*,#14949,.F.);
#14949 = EDGE_CURVE('',#14950,#14897,#14952,.T.);
#14950 = VERTEX_POINT('',#14951);
#14951 = CARTESIAN_POINT('',(58.8,-94.5,0.));
#14952 = LINE('',#14953,#14954);
#14953 = CARTESIAN_POINT('',(58.8,-94.5,0.));
#14954 = VECTOR('',#14955,1.);
#14955 = DIRECTION('',(-1.,0.,0.));
#14956 = ORIENTED_EDGE('',*,*,#14957,.T.);
#14957 = EDGE_CURVE('',#14950,#3806,#14958,.T.);
#14958 = LINE('',#14959,#14960);
#14959 = CARTESIAN_POINT('',(58.8,-94.5,0.));
#14960 = VECTOR('',#14961,1.);
#14961 = DIRECTION('',(-0.,-0.,-1.));
#14962 = ORIENTED_EDGE('',*,*,#3805,.F.);
#14963 = ORIENTED_EDGE('',*,*,#14911,.F.);
#14964 = PLANE('',#14965);
#14965 = AXIS2_PLACEMENT_3D('',#14966,#14967,#14968);
#14966 = CARTESIAN_POINT('',(58.8,-94.5,0.));
#14967 = DIRECTION('',(0.,1.,0.));
#14968 = DIRECTION('',(-1.,0.,0.));
#14969 = ADVANCED_FACE('',(#14970),#14981,.F.);
#14970 = FACE_BOUND('',#14971,.F.);
#14971 = EDGE_LOOP('',(#14972,#14978,#14979,#14980));
#14972 = ORIENTED_EDGE('',*,*,#14973,.F.);
#14973 = EDGE_CURVE('',#14926,#14950,#14974,.T.);
#14974 = LINE('',#14975,#14976);
#14975 = CARTESIAN_POINT('',(58.8,-97.5,0.));
#14976 = VECTOR('',#14977,1.);
#14977 = DIRECTION('',(0.,1.,0.));
#14978 = ORIENTED_EDGE('',*,*,#14935,.T.);
#14979 = ORIENTED_EDGE('',*,*,#3813,.F.);
#14980 = ORIENTED_EDGE('',*,*,#14957,.F.);
#14981 = PLANE('',#14982);
#14982 = AXIS2_PLACEMENT_3D('',#14983,#14984,#14985);
#14983 = CARTESIAN_POINT('',(58.8,-97.5,0.));
#14984 = DIRECTION('',(1.,0.,0.));
#14985 = DIRECTION('',(0.,1.,0.));
#14986 = ADVANCED_FACE('',(#14987),#15012,.T.);
#14987 = FACE_BOUND('',#14988,.T.);
#14988 = EDGE_LOOP('',(#14989,#14999,#15005,#15006));
#14989 = ORIENTED_EDGE('',*,*,#14990,.F.);
#14990 = EDGE_CURVE('',#14991,#14993,#14995,.T.);
#14991 = VERTEX_POINT('',#14992);
#14992 = CARTESIAN_POINT('',(40.4,-89.5,0.));
#14993 = VERTEX_POINT('',#14994);
#14994 = CARTESIAN_POINT('',(40.4,-86.5,0.));
#14995 = LINE('',#14996,#14997);
#14996 = CARTESIAN_POINT('',(40.4,-201.5,0.));
#14997 = VECTOR('',#14998,1.);
#14998 = DIRECTION('',(0.,1.,0.));
#14999 = ORIENTED_EDGE('',*,*,#15000,.F.);
#15000 = EDGE_CURVE('',#3830,#14991,#15001,.T.);
#15001 = LINE('',#15002,#15003);
#15002 = CARTESIAN_POINT('',(40.4,-89.5,0.));
#15003 = VECTOR('',#15004,1.);
#15004 = DIRECTION('',(0.,0.,1.));
#15005 = ORIENTED_EDGE('',*,*,#3829,.T.);
#15006 = ORIENTED_EDGE('',*,*,#15007,.F.);
#15007 = EDGE_CURVE('',#14993,#3832,#15008,.T.);
#15008 = LINE('',#15009,#15010);
#15009 = CARTESIAN_POINT('',(40.4,-86.5,0.));
#15010 = VECTOR('',#15011,1.);
#15011 = DIRECTION('',(0.,0.,-1.));
#15012 = PLANE('',#15013);
#15013 = AXIS2_PLACEMENT_3D('',#15014,#15015,#15016);
#15014 = CARTESIAN_POINT('',(40.4,-201.5,0.));
#15015 = DIRECTION('',(1.,0.,0.));
#15016 = DIRECTION('',(0.,1.,0.));
#15017 = ADVANCED_FACE('',(#15018),#15036,.F.);
#15018 = FACE_BOUND('',#15019,.F.);
#15019 = EDGE_LOOP('',(#15020,#15028,#15029,#15030));
#15020 = ORIENTED_EDGE('',*,*,#15021,.F.);
#15021 = EDGE_CURVE('',#14991,#15022,#15024,.T.);
#15022 = VERTEX_POINT('',#15023);
#15023 = CARTESIAN_POINT('',(58.8,-89.5,0.));
#15024 = LINE('',#15025,#15026);
#15025 = CARTESIAN_POINT('',(-45.2,-89.5,0.));
#15026 = VECTOR('',#15027,1.);
#15027 = DIRECTION('',(1.,0.,0.));
#15028 = ORIENTED_EDGE('',*,*,#15000,.F.);
#15029 = ORIENTED_EDGE('',*,*,#3855,.F.);
#15030 = ORIENTED_EDGE('',*,*,#15031,.F.);
#15031 = EDGE_CURVE('',#15022,#3848,#15032,.T.);
#15032 = LINE('',#15033,#15034);
#15033 = CARTESIAN_POINT('',(58.8,-89.5,0.));
#15034 = VECTOR('',#15035,1.);
#15035 = DIRECTION('',(-0.,-0.,-1.));
#15036 = PLANE('',#15037);
#15037 = AXIS2_PLACEMENT_3D('',#15038,#15039,#15040);
#15038 = CARTESIAN_POINT('',(-45.2,-89.5,0.));
#15039 = DIRECTION('',(0.,-1.,0.));
#15040 = DIRECTION('',(1.,0.,0.));
#15041 = ADVANCED_FACE('',(#15042),#15060,.F.);
#15042 = FACE_BOUND('',#15043,.F.);
#15043 = EDGE_LOOP('',(#15044,#15052,#15058,#15059));
#15044 = ORIENTED_EDGE('',*,*,#15045,.F.);
#15045 = EDGE_CURVE('',#15046,#14993,#15048,.T.);
#15046 = VERTEX_POINT('',#15047);
#15047 = CARTESIAN_POINT('',(58.8,-86.5,0.));
#15048 = LINE('',#15049,#15050);
#15049 = CARTESIAN_POINT('',(58.8,-86.5,0.));
#15050 = VECTOR('',#15051,1.);
#15051 = DIRECTION('',(-1.,0.,0.));
#15052 = ORIENTED_EDGE('',*,*,#15053,.T.);
#15053 = EDGE_CURVE('',#15046,#3840,#15054,.T.);
#15054 = LINE('',#15055,#15056);
#15055 = CARTESIAN_POINT('',(58.8,-86.5,0.));
#15056 = VECTOR('',#15057,1.);
#15057 = DIRECTION('',(-0.,-0.,-1.));
#15058 = ORIENTED_EDGE('',*,*,#3839,.F.);
#15059 = ORIENTED_EDGE('',*,*,#15007,.F.);
#15060 = PLANE('',#15061);
#15061 = AXIS2_PLACEMENT_3D('',#15062,#15063,#15064);
#15062 = CARTESIAN_POINT('',(58.8,-86.5,0.));
#15063 = DIRECTION('',(0.,1.,0.));
#15064 = DIRECTION('',(-1.,0.,0.));
#15065 = ADVANCED_FACE('',(#15066),#15077,.F.);
#15066 = FACE_BOUND('',#15067,.F.);
#15067 = EDGE_LOOP('',(#15068,#15074,#15075,#15076));
#15068 = ORIENTED_EDGE('',*,*,#15069,.F.);
#15069 = EDGE_CURVE('',#15022,#15046,#15070,.T.);
#15070 = LINE('',#15071,#15072);
#15071 = CARTESIAN_POINT('',(58.8,-89.5,0.));
#15072 = VECTOR('',#15073,1.);
#15073 = DIRECTION('',(0.,1.,0.));
#15074 = ORIENTED_EDGE('',*,*,#15031,.T.);
#15075 = ORIENTED_EDGE('',*,*,#3847,.F.);
#15076 = ORIENTED_EDGE('',*,*,#15053,.F.);
#15077 = PLANE('',#15078);
#15078 = AXIS2_PLACEMENT_3D('',#15079,#15080,#15081);
#15079 = CARTESIAN_POINT('',(58.8,-89.5,0.));
#15080 = DIRECTION('',(1.,0.,0.));
#15081 = DIRECTION('',(0.,1.,0.));
#15082 = ADVANCED_FACE('',(#15083),#15108,.T.);
#15083 = FACE_BOUND('',#15084,.T.);
#15084 = EDGE_LOOP('',(#15085,#15095,#15101,#15102));
#15085 = ORIENTED_EDGE('',*,*,#15086,.F.);
#15086 = EDGE_CURVE('',#15087,#15089,#15091,.T.);
#15087 = VERTEX_POINT('',#15088);
#15088 = CARTESIAN_POINT('',(40.4,-81.5,0.));
#15089 = VERTEX_POINT('',#15090);
#15090 = CARTESIAN_POINT('',(40.4,-78.5,0.));
#15091 = LINE('',#15092,#15093);
#15092 = CARTESIAN_POINT('',(40.4,-201.5,0.));
#15093 = VECTOR('',#15094,1.);
#15094 = DIRECTION('',(0.,1.,0.));
#15095 = ORIENTED_EDGE('',*,*,#15096,.F.);
#15096 = EDGE_CURVE('',#3864,#15087,#15097,.T.);
#15097 = LINE('',#15098,#15099);
#15098 = CARTESIAN_POINT('',(40.4,-81.5,0.));
#15099 = VECTOR('',#15100,1.);
#15100 = DIRECTION('',(0.,0.,1.));
#15101 = ORIENTED_EDGE('',*,*,#3863,.T.);
#15102 = ORIENTED_EDGE('',*,*,#15103,.F.);
#15103 = EDGE_CURVE('',#15089,#3866,#15104,.T.);
#15104 = LINE('',#15105,#15106);
#15105 = CARTESIAN_POINT('',(40.4,-78.5,0.));
#15106 = VECTOR('',#15107,1.);
#15107 = DIRECTION('',(0.,0.,-1.));
#15108 = PLANE('',#15109);
#15109 = AXIS2_PLACEMENT_3D('',#15110,#15111,#15112);
#15110 = CARTESIAN_POINT('',(40.4,-201.5,0.));
#15111 = DIRECTION('',(1.,0.,0.));
#15112 = DIRECTION('',(0.,1.,0.));
#15113 = ADVANCED_FACE('',(#15114),#15132,.F.);
#15114 = FACE_BOUND('',#15115,.F.);
#15115 = EDGE_LOOP('',(#15116,#15124,#15125,#15126));
#15116 = ORIENTED_EDGE('',*,*,#15117,.F.);
#15117 = EDGE_CURVE('',#15087,#15118,#15120,.T.);
#15118 = VERTEX_POINT('',#15119);
#15119 = CARTESIAN_POINT('',(58.8,-81.5,0.));
#15120 = LINE('',#15121,#15122);
#15121 = CARTESIAN_POINT('',(-45.2,-81.5,0.));
#15122 = VECTOR('',#15123,1.);
#15123 = DIRECTION('',(1.,0.,0.));
#15124 = ORIENTED_EDGE('',*,*,#15096,.F.);
#15125 = ORIENTED_EDGE('',*,*,#3889,.F.);
#15126 = ORIENTED_EDGE('',*,*,#15127,.F.);
#15127 = EDGE_CURVE('',#15118,#3882,#15128,.T.);
#15128 = LINE('',#15129,#15130);
#15129 = CARTESIAN_POINT('',(58.8,-81.5,0.));
#15130 = VECTOR('',#15131,1.);
#15131 = DIRECTION('',(-0.,-0.,-1.));
#15132 = PLANE('',#15133);
#15133 = AXIS2_PLACEMENT_3D('',#15134,#15135,#15136);
#15134 = CARTESIAN_POINT('',(-45.2,-81.5,0.));
#15135 = DIRECTION('',(0.,-1.,0.));
#15136 = DIRECTION('',(1.,0.,0.));
#15137 = ADVANCED_FACE('',(#15138),#15156,.F.);
#15138 = FACE_BOUND('',#15139,.F.);
#15139 = EDGE_LOOP('',(#15140,#15148,#15154,#15155));
#15140 = ORIENTED_EDGE('',*,*,#15141,.F.);
#15141 = EDGE_CURVE('',#15142,#15089,#15144,.T.);
#15142 = VERTEX_POINT('',#15143);
#15143 = CARTESIAN_POINT('',(58.8,-78.5,0.));
#15144 = LINE('',#15145,#15146);
#15145 = CARTESIAN_POINT('',(58.8,-78.5,0.));
#15146 = VECTOR('',#15147,1.);
#15147 = DIRECTION('',(-1.,0.,0.));
#15148 = ORIENTED_EDGE('',*,*,#15149,.T.);
#15149 = EDGE_CURVE('',#15142,#3874,#15150,.T.);
#15150 = LINE('',#15151,#15152);
#15151 = CARTESIAN_POINT('',(58.8,-78.5,0.));
#15152 = VECTOR('',#15153,1.);
#15153 = DIRECTION('',(-0.,-0.,-1.));
#15154 = ORIENTED_EDGE('',*,*,#3873,.F.);
#15155 = ORIENTED_EDGE('',*,*,#15103,.F.);
#15156 = PLANE('',#15157);
#15157 = AXIS2_PLACEMENT_3D('',#15158,#15159,#15160);
#15158 = CARTESIAN_POINT('',(58.8,-78.5,0.));
#15159 = DIRECTION('',(0.,1.,0.));
#15160 = DIRECTION('',(-1.,0.,0.));
#15161 = ADVANCED_FACE('',(#15162),#15173,.F.);
#15162 = FACE_BOUND('',#15163,.F.);
#15163 = EDGE_LOOP('',(#15164,#15170,#15171,#15172));
#15164 = ORIENTED_EDGE('',*,*,#15165,.F.);
#15165 = EDGE_CURVE('',#15118,#15142,#15166,.T.);
#15166 = LINE('',#15167,#15168);
#15167 = CARTESIAN_POINT('',(58.8,-81.5,0.));
#15168 = VECTOR('',#15169,1.);
#15169 = DIRECTION('',(0.,1.,0.));
#15170 = ORIENTED_EDGE('',*,*,#15127,.T.);
#15171 = ORIENTED_EDGE('',*,*,#3881,.F.);
#15172 = ORIENTED_EDGE('',*,*,#15149,.F.);
#15173 = PLANE('',#15174);
#15174 = AXIS2_PLACEMENT_3D('',#15175,#15176,#15177);
#15175 = CARTESIAN_POINT('',(58.8,-81.5,0.));
#15176 = DIRECTION('',(1.,0.,0.));
#15177 = DIRECTION('',(0.,1.,0.));
#15178 = ADVANCED_FACE('',(#15179),#15204,.T.);
#15179 = FACE_BOUND('',#15180,.T.);
#15180 = EDGE_LOOP('',(#15181,#15191,#15197,#15198));
#15181 = ORIENTED_EDGE('',*,*,#15182,.F.);
#15182 = EDGE_CURVE('',#15183,#15185,#15187,.T.);
#15183 = VERTEX_POINT('',#15184);
#15184 = CARTESIAN_POINT('',(40.4,-73.5,0.));
#15185 = VERTEX_POINT('',#15186);
#15186 = CARTESIAN_POINT('',(40.4,-70.5,0.));
#15187 = LINE('',#15188,#15189);
#15188 = CARTESIAN_POINT('',(40.4,-201.5,0.));
#15189 = VECTOR('',#15190,1.);
#15190 = DIRECTION('',(0.,1.,0.));
#15191 = ORIENTED_EDGE('',*,*,#15192,.F.);
#15192 = EDGE_CURVE('',#3898,#15183,#15193,.T.);
#15193 = LINE('',#15194,#15195);
#15194 = CARTESIAN_POINT('',(40.4,-73.5,0.));
#15195 = VECTOR('',#15196,1.);
#15196 = DIRECTION('',(0.,0.,1.));
#15197 = ORIENTED_EDGE('',*,*,#3897,.T.);
#15198 = ORIENTED_EDGE('',*,*,#15199,.F.);
#15199 = EDGE_CURVE('',#15185,#3900,#15200,.T.);
#15200 = LINE('',#15201,#15202);
#15201 = CARTESIAN_POINT('',(40.4,-70.5,0.));
#15202 = VECTOR('',#15203,1.);
#15203 = DIRECTION('',(0.,0.,-1.));
#15204 = PLANE('',#15205);
#15205 = AXIS2_PLACEMENT_3D('',#15206,#15207,#15208);
#15206 = CARTESIAN_POINT('',(40.4,-201.5,0.));
#15207 = DIRECTION('',(1.,0.,0.));
#15208 = DIRECTION('',(0.,1.,0.));
#15209 = ADVANCED_FACE('',(#15210),#15228,.F.);
#15210 = FACE_BOUND('',#15211,.F.);
#15211 = EDGE_LOOP('',(#15212,#15220,#15221,#15222));
#15212 = ORIENTED_EDGE('',*,*,#15213,.F.);
#15213 = EDGE_CURVE('',#15183,#15214,#15216,.T.);
#15214 = VERTEX_POINT('',#15215);
#15215 = CARTESIAN_POINT('',(58.8,-73.5,0.));
#15216 = LINE('',#15217,#15218);
#15217 = CARTESIAN_POINT('',(-45.2,-73.5,0.));
#15218 = VECTOR('',#15219,1.);
#15219 = DIRECTION('',(1.,0.,0.));
#15220 = ORIENTED_EDGE('',*,*,#15192,.F.);
#15221 = ORIENTED_EDGE('',*,*,#3923,.F.);
#15222 = ORIENTED_EDGE('',*,*,#15223,.F.);
#15223 = EDGE_CURVE('',#15214,#3916,#15224,.T.);
#15224 = LINE('',#15225,#15226);
#15225 = CARTESIAN_POINT('',(58.8,-73.5,0.));
#15226 = VECTOR('',#15227,1.);
#15227 = DIRECTION('',(-0.,-0.,-1.));
#15228 = PLANE('',#15229);
#15229 = AXIS2_PLACEMENT_3D('',#15230,#15231,#15232);
#15230 = CARTESIAN_POINT('',(-45.2,-73.5,0.));
#15231 = DIRECTION('',(0.,-1.,0.));
#15232 = DIRECTION('',(1.,0.,0.));
#15233 = ADVANCED_FACE('',(#15234),#15252,.F.);
#15234 = FACE_BOUND('',#15235,.F.);
#15235 = EDGE_LOOP('',(#15236,#15244,#15250,#15251));
#15236 = ORIENTED_EDGE('',*,*,#15237,.F.);
#15237 = EDGE_CURVE('',#15238,#15185,#15240,.T.);
#15238 = VERTEX_POINT('',#15239);
#15239 = CARTESIAN_POINT('',(58.8,-70.5,0.));
#15240 = LINE('',#15241,#15242);
#15241 = CARTESIAN_POINT('',(58.8,-70.5,0.));
#15242 = VECTOR('',#15243,1.);
#15243 = DIRECTION('',(-1.,0.,0.));
#15244 = ORIENTED_EDGE('',*,*,#15245,.T.);
#15245 = EDGE_CURVE('',#15238,#3908,#15246,.T.);
#15246 = LINE('',#15247,#15248);
#15247 = CARTESIAN_POINT('',(58.8,-70.5,0.));
#15248 = VECTOR('',#15249,1.);
#15249 = DIRECTION('',(-0.,-0.,-1.));
#15250 = ORIENTED_EDGE('',*,*,#3907,.F.);
#15251 = ORIENTED_EDGE('',*,*,#15199,.F.);
#15252 = PLANE('',#15253);
#15253 = AXIS2_PLACEMENT_3D('',#15254,#15255,#15256);
#15254 = CARTESIAN_POINT('',(58.8,-70.5,0.));
#15255 = DIRECTION('',(0.,1.,0.));
#15256 = DIRECTION('',(-1.,0.,0.));
#15257 = ADVANCED_FACE('',(#15258),#15269,.F.);
#15258 = FACE_BOUND('',#15259,.F.);
#15259 = EDGE_LOOP('',(#15260,#15266,#15267,#15268));
#15260 = ORIENTED_EDGE('',*,*,#15261,.F.);
#15261 = EDGE_CURVE('',#15214,#15238,#15262,.T.);
#15262 = LINE('',#15263,#15264);
#15263 = CARTESIAN_POINT('',(58.8,-73.5,0.));
#15264 = VECTOR('',#15265,1.);
#15265 = DIRECTION('',(0.,1.,0.));
#15266 = ORIENTED_EDGE('',*,*,#15223,.T.);
#15267 = ORIENTED_EDGE('',*,*,#3915,.F.);
#15268 = ORIENTED_EDGE('',*,*,#15245,.F.);
#15269 = PLANE('',#15270);
#15270 = AXIS2_PLACEMENT_3D('',#15271,#15272,#15273);
#15271 = CARTESIAN_POINT('',(58.8,-73.5,0.));
#15272 = DIRECTION('',(1.,0.,0.));
#15273 = DIRECTION('',(0.,1.,0.));
#15274 = ADVANCED_FACE('',(#15275),#15300,.T.);
#15275 = FACE_BOUND('',#15276,.T.);
#15276 = EDGE_LOOP('',(#15277,#15287,#15293,#15294));
#15277 = ORIENTED_EDGE('',*,*,#15278,.F.);
#15278 = EDGE_CURVE('',#15279,#15281,#15283,.T.);
#15279 = VERTEX_POINT('',#15280);
#15280 = CARTESIAN_POINT('',(40.4,-65.5,0.));
#15281 = VERTEX_POINT('',#15282);
#15282 = CARTESIAN_POINT('',(40.4,-62.5,0.));
#15283 = LINE('',#15284,#15285);
#15284 = CARTESIAN_POINT('',(40.4,-201.5,0.));
#15285 = VECTOR('',#15286,1.);
#15286 = DIRECTION('',(0.,1.,0.));
#15287 = ORIENTED_EDGE('',*,*,#15288,.F.);
#15288 = EDGE_CURVE('',#3932,#15279,#15289,.T.);
#15289 = LINE('',#15290,#15291);
#15290 = CARTESIAN_POINT('',(40.4,-65.5,0.));
#15291 = VECTOR('',#15292,1.);
#15292 = DIRECTION('',(0.,0.,1.));
#15293 = ORIENTED_EDGE('',*,*,#3931,.T.);
#15294 = ORIENTED_EDGE('',*,*,#15295,.F.);
#15295 = EDGE_CURVE('',#15281,#3934,#15296,.T.);
#15296 = LINE('',#15297,#15298);
#15297 = CARTESIAN_POINT('',(40.4,-62.5,0.));
#15298 = VECTOR('',#15299,1.);
#15299 = DIRECTION('',(0.,0.,-1.));
#15300 = PLANE('',#15301);
#15301 = AXIS2_PLACEMENT_3D('',#15302,#15303,#15304);
#15302 = CARTESIAN_POINT('',(40.4,-201.5,0.));
#15303 = DIRECTION('',(1.,0.,0.));
#15304 = DIRECTION('',(0.,1.,0.));
#15305 = ADVANCED_FACE('',(#15306),#15324,.F.);
#15306 = FACE_BOUND('',#15307,.F.);
#15307 = EDGE_LOOP('',(#15308,#15316,#15317,#15318));
#15308 = ORIENTED_EDGE('',*,*,#15309,.F.);
#15309 = EDGE_CURVE('',#15279,#15310,#15312,.T.);
#15310 = VERTEX_POINT('',#15311);
#15311 = CARTESIAN_POINT('',(58.8,-65.5,0.));
#15312 = LINE('',#15313,#15314);
#15313 = CARTESIAN_POINT('',(-45.2,-65.5,0.));
#15314 = VECTOR('',#15315,1.);
#15315 = DIRECTION('',(1.,0.,0.));
#15316 = ORIENTED_EDGE('',*,*,#15288,.F.);
#15317 = ORIENTED_EDGE('',*,*,#3957,.F.);
#15318 = ORIENTED_EDGE('',*,*,#15319,.F.);
#15319 = EDGE_CURVE('',#15310,#3950,#15320,.T.);
#15320 = LINE('',#15321,#15322);
#15321 = CARTESIAN_POINT('',(58.8,-65.5,0.));
#15322 = VECTOR('',#15323,1.);
#15323 = DIRECTION('',(-0.,-0.,-1.));
#15324 = PLANE('',#15325);
#15325 = AXIS2_PLACEMENT_3D('',#15326,#15327,#15328);
#15326 = CARTESIAN_POINT('',(-45.2,-65.5,0.));
#15327 = DIRECTION('',(0.,-1.,0.));
#15328 = DIRECTION('',(1.,0.,0.));
#15329 = ADVANCED_FACE('',(#15330),#15348,.F.);
#15330 = FACE_BOUND('',#15331,.F.);
#15331 = EDGE_LOOP('',(#15332,#15340,#15346,#15347));
#15332 = ORIENTED_EDGE('',*,*,#15333,.F.);
#15333 = EDGE_CURVE('',#15334,#15281,#15336,.T.);
#15334 = VERTEX_POINT('',#15335);
#15335 = CARTESIAN_POINT('',(58.8,-62.5,0.));
#15336 = LINE('',#15337,#15338);
#15337 = CARTESIAN_POINT('',(58.8,-62.5,0.));
#15338 = VECTOR('',#15339,1.);
#15339 = DIRECTION('',(-1.,0.,0.));
#15340 = ORIENTED_EDGE('',*,*,#15341,.T.);
#15341 = EDGE_CURVE('',#15334,#3942,#15342,.T.);
#15342 = LINE('',#15343,#15344);
#15343 = CARTESIAN_POINT('',(58.8,-62.5,0.));
#15344 = VECTOR('',#15345,1.);
#15345 = DIRECTION('',(-0.,-0.,-1.));
#15346 = ORIENTED_EDGE('',*,*,#3941,.F.);
#15347 = ORIENTED_EDGE('',*,*,#15295,.F.);
#15348 = PLANE('',#15349);
#15349 = AXIS2_PLACEMENT_3D('',#15350,#15351,#15352);
#15350 = CARTESIAN_POINT('',(58.8,-62.5,0.));
#15351 = DIRECTION('',(0.,1.,0.));
#15352 = DIRECTION('',(-1.,0.,0.));
#15353 = ADVANCED_FACE('',(#15354),#15365,.F.);
#15354 = FACE_BOUND('',#15355,.F.);
#15355 = EDGE_LOOP('',(#15356,#15362,#15363,#15364));
#15356 = ORIENTED_EDGE('',*,*,#15357,.F.);
#15357 = EDGE_CURVE('',#15310,#15334,#15358,.T.);
#15358 = LINE('',#15359,#15360);
#15359 = CARTESIAN_POINT('',(58.8,-65.5,0.));
#15360 = VECTOR('',#15361,1.);
#15361 = DIRECTION('',(0.,1.,0.));
#15362 = ORIENTED_EDGE('',*,*,#15319,.T.);
#15363 = ORIENTED_EDGE('',*,*,#3949,.F.);
#15364 = ORIENTED_EDGE('',*,*,#15341,.F.);
#15365 = PLANE('',#15366);
#15366 = AXIS2_PLACEMENT_3D('',#15367,#15368,#15369);
#15367 = CARTESIAN_POINT('',(58.8,-65.5,0.));
#15368 = DIRECTION('',(1.,0.,0.));
#15369 = DIRECTION('',(0.,1.,0.));
#15370 = ADVANCED_FACE('',(#15371),#15396,.F.);
#15371 = FACE_BOUND('',#15372,.F.);
#15372 = EDGE_LOOP('',(#15373,#15383,#15389,#15390));
#15373 = ORIENTED_EDGE('',*,*,#15374,.F.);
#15374 = EDGE_CURVE('',#15375,#15377,#15379,.T.);
#15375 = VERTEX_POINT('',#15376);
#15376 = CARTESIAN_POINT('',(37.4,-54.5,0.));
#15377 = VERTEX_POINT('',#15378);
#15378 = CARTESIAN_POINT('',(19.,-54.5,0.));
#15379 = LINE('',#15380,#15381);
#15380 = CARTESIAN_POINT('',(58.8,-54.5,0.));
#15381 = VECTOR('',#15382,1.);
#15382 = DIRECTION('',(-1.,0.,0.));
#15383 = ORIENTED_EDGE('',*,*,#15384,.F.);
#15384 = EDGE_CURVE('',#3968,#15375,#15385,.T.);
#15385 = LINE('',#15386,#15387);
#15386 = CARTESIAN_POINT('',(37.4,-54.5,0.));
#15387 = VECTOR('',#15388,1.);
#15388 = DIRECTION('',(0.,0.,1.));
#15389 = ORIENTED_EDGE('',*,*,#3965,.F.);
#15390 = ORIENTED_EDGE('',*,*,#15391,.F.);
#15391 = EDGE_CURVE('',#15377,#3966,#15392,.T.);
#15392 = LINE('',#15393,#15394);
#15393 = CARTESIAN_POINT('',(19.,-54.5,0.));
#15394 = VECTOR('',#15395,1.);
#15395 = DIRECTION('',(0.,0.,-1.));
#15396 = PLANE('',#15397);
#15397 = AXIS2_PLACEMENT_3D('',#15398,#15399,#15400);
#15398 = CARTESIAN_POINT('',(58.8,-54.5,0.));
#15399 = DIRECTION('',(0.,1.,0.));
#15400 = DIRECTION('',(-1.,0.,0.));
#15401 = ADVANCED_FACE('',(#15402),#15420,.T.);
#15402 = FACE_BOUND('',#15403,.T.);
#15403 = EDGE_LOOP('',(#15404,#15412,#15418,#15419));
#15404 = ORIENTED_EDGE('',*,*,#15405,.F.);
#15405 = EDGE_CURVE('',#15406,#15377,#15408,.T.);
#15406 = VERTEX_POINT('',#15407);
#15407 = CARTESIAN_POINT('',(19.,-57.5,0.));
#15408 = LINE('',#15409,#15410);
#15409 = CARTESIAN_POINT('',(19.,-201.5,0.));
#15410 = VECTOR('',#15411,1.);
#15411 = DIRECTION('',(0.,1.,0.));
#15412 = ORIENTED_EDGE('',*,*,#15413,.F.);
#15413 = EDGE_CURVE('',#3984,#15406,#15414,.T.);
#15414 = LINE('',#15415,#15416);
#15415 = CARTESIAN_POINT('',(19.,-57.5,0.));
#15416 = VECTOR('',#15417,1.);
#15417 = DIRECTION('',(0.,0.,1.));
#15418 = ORIENTED_EDGE('',*,*,#3991,.T.);
#15419 = ORIENTED_EDGE('',*,*,#15391,.F.);
#15420 = PLANE('',#15421);
#15421 = AXIS2_PLACEMENT_3D('',#15422,#15423,#15424);
#15422 = CARTESIAN_POINT('',(19.,-201.5,0.));
#15423 = DIRECTION('',(1.,0.,0.));
#15424 = DIRECTION('',(0.,1.,0.));
#15425 = ADVANCED_FACE('',(#15426),#15444,.T.);
#15426 = FACE_BOUND('',#15427,.T.);
#15427 = EDGE_LOOP('',(#15428,#15436,#15437,#15438));
#15428 = ORIENTED_EDGE('',*,*,#15429,.F.);
#15429 = EDGE_CURVE('',#15375,#15430,#15432,.T.);
#15430 = VERTEX_POINT('',#15431);
#15431 = CARTESIAN_POINT('',(37.4,-57.5,0.));
#15432 = LINE('',#15433,#15434);
#15433 = CARTESIAN_POINT('',(37.4,-38.5,0.));
#15434 = VECTOR('',#15435,1.);
#15435 = DIRECTION('',(0.,-1.,0.));
#15436 = ORIENTED_EDGE('',*,*,#15384,.F.);
#15437 = ORIENTED_EDGE('',*,*,#3975,.T.);
#15438 = ORIENTED_EDGE('',*,*,#15439,.F.);
#15439 = EDGE_CURVE('',#15430,#3976,#15440,.T.);
#15440 = LINE('',#15441,#15442);
#15441 = CARTESIAN_POINT('',(37.4,-57.5,0.));
#15442 = VECTOR('',#15443,1.);
#15443 = DIRECTION('',(-0.,-0.,-1.));
#15444 = PLANE('',#15445);
#15445 = AXIS2_PLACEMENT_3D('',#15446,#15447,#15448);
#15446 = CARTESIAN_POINT('',(37.4,-38.5,0.));
#15447 = DIRECTION('',(-1.,0.,0.));
#15448 = DIRECTION('',(0.,-1.,0.));
#15449 = ADVANCED_FACE('',(#15450),#15461,.F.);
#15450 = FACE_BOUND('',#15451,.F.);
#15451 = EDGE_LOOP('',(#15452,#15458,#15459,#15460));
#15452 = ORIENTED_EDGE('',*,*,#15453,.F.);
#15453 = EDGE_CURVE('',#15406,#15430,#15454,.T.);
#15454 = LINE('',#15455,#15456);
#15455 = CARTESIAN_POINT('',(-45.2,-57.5,0.));
#15456 = VECTOR('',#15457,1.);
#15457 = DIRECTION('',(1.,0.,0.));
#15458 = ORIENTED_EDGE('',*,*,#15413,.F.);
#15459 = ORIENTED_EDGE('',*,*,#3983,.F.);
#15460 = ORIENTED_EDGE('',*,*,#15439,.F.);
#15461 = PLANE('',#15462);
#15462 = AXIS2_PLACEMENT_3D('',#15463,#15464,#15465);
#15463 = CARTESIAN_POINT('',(-45.2,-57.5,0.));
#15464 = DIRECTION('',(0.,-1.,0.));
#15465 = DIRECTION('',(1.,0.,0.));
#15466 = ADVANCED_FACE('',(#15467),#15492,.F.);
#15467 = FACE_BOUND('',#15468,.F.);
#15468 = EDGE_LOOP('',(#15469,#15479,#15485,#15486));
#15469 = ORIENTED_EDGE('',*,*,#15470,.F.);
#15470 = EDGE_CURVE('',#15471,#15473,#15475,.T.);
#15471 = VERTEX_POINT('',#15472);
#15472 = CARTESIAN_POINT('',(37.4,-46.5,0.));
#15473 = VERTEX_POINT('',#15474);
#15474 = CARTESIAN_POINT('',(19.,-46.5,0.));
#15475 = LINE('',#15476,#15477);
#15476 = CARTESIAN_POINT('',(58.8,-46.5,0.));
#15477 = VECTOR('',#15478,1.);
#15478 = DIRECTION('',(-1.,0.,0.));
#15479 = ORIENTED_EDGE('',*,*,#15480,.F.);
#15480 = EDGE_CURVE('',#4002,#15471,#15481,.T.);
#15481 = LINE('',#15482,#15483);
#15482 = CARTESIAN_POINT('',(37.4,-46.5,0.));
#15483 = VECTOR('',#15484,1.);
#15484 = DIRECTION('',(0.,0.,1.));
#15485 = ORIENTED_EDGE('',*,*,#3999,.F.);
#15486 = ORIENTED_EDGE('',*,*,#15487,.F.);
#15487 = EDGE_CURVE('',#15473,#4000,#15488,.T.);
#15488 = LINE('',#15489,#15490);
#15489 = CARTESIAN_POINT('',(19.,-46.5,0.));
#15490 = VECTOR('',#15491,1.);
#15491 = DIRECTION('',(0.,0.,-1.));
#15492 = PLANE('',#15493);
#15493 = AXIS2_PLACEMENT_3D('',#15494,#15495,#15496);
#15494 = CARTESIAN_POINT('',(58.8,-46.5,0.));
#15495 = DIRECTION('',(0.,1.,0.));
#15496 = DIRECTION('',(-1.,0.,0.));
#15497 = ADVANCED_FACE('',(#15498),#15516,.T.);
#15498 = FACE_BOUND('',#15499,.T.);
#15499 = EDGE_LOOP('',(#15500,#15508,#15514,#15515));
#15500 = ORIENTED_EDGE('',*,*,#15501,.F.);
#15501 = EDGE_CURVE('',#15502,#15473,#15504,.T.);
#15502 = VERTEX_POINT('',#15503);
#15503 = CARTESIAN_POINT('',(19.,-49.5,0.));
#15504 = LINE('',#15505,#15506);
#15505 = CARTESIAN_POINT('',(19.,-201.5,0.));
#15506 = VECTOR('',#15507,1.);
#15507 = DIRECTION('',(0.,1.,0.));
#15508 = ORIENTED_EDGE('',*,*,#15509,.F.);
#15509 = EDGE_CURVE('',#4018,#15502,#15510,.T.);
#15510 = LINE('',#15511,#15512);
#15511 = CARTESIAN_POINT('',(19.,-49.5,0.));
#15512 = VECTOR('',#15513,1.);
#15513 = DIRECTION('',(0.,0.,1.));
#15514 = ORIENTED_EDGE('',*,*,#4025,.T.);
#15515 = ORIENTED_EDGE('',*,*,#15487,.F.);
#15516 = PLANE('',#15517);
#15517 = AXIS2_PLACEMENT_3D('',#15518,#15519,#15520);
#15518 = CARTESIAN_POINT('',(19.,-201.5,0.));
#15519 = DIRECTION('',(1.,0.,0.));
#15520 = DIRECTION('',(0.,1.,0.));
#15521 = ADVANCED_FACE('',(#15522),#15540,.T.);
#15522 = FACE_BOUND('',#15523,.T.);
#15523 = EDGE_LOOP('',(#15524,#15532,#15533,#15534));
#15524 = ORIENTED_EDGE('',*,*,#15525,.F.);
#15525 = EDGE_CURVE('',#15471,#15526,#15528,.T.);
#15526 = VERTEX_POINT('',#15527);
#15527 = CARTESIAN_POINT('',(37.4,-49.5,0.));
#15528 = LINE('',#15529,#15530);
#15529 = CARTESIAN_POINT('',(37.4,-38.5,0.));
#15530 = VECTOR('',#15531,1.);
#15531 = DIRECTION('',(0.,-1.,0.));
#15532 = ORIENTED_EDGE('',*,*,#15480,.F.);
#15533 = ORIENTED_EDGE('',*,*,#4009,.T.);
#15534 = ORIENTED_EDGE('',*,*,#15535,.F.);
#15535 = EDGE_CURVE('',#15526,#4010,#15536,.T.);
#15536 = LINE('',#15537,#15538);
#15537 = CARTESIAN_POINT('',(37.4,-49.5,0.));
#15538 = VECTOR('',#15539,1.);
#15539 = DIRECTION('',(-0.,-0.,-1.));
#15540 = PLANE('',#15541);
#15541 = AXIS2_PLACEMENT_3D('',#15542,#15543,#15544);
#15542 = CARTESIAN_POINT('',(37.4,-38.5,0.));
#15543 = DIRECTION('',(-1.,0.,0.));
#15544 = DIRECTION('',(0.,-1.,0.));
#15545 = ADVANCED_FACE('',(#15546),#15557,.F.);
#15546 = FACE_BOUND('',#15547,.F.);
#15547 = EDGE_LOOP('',(#15548,#15554,#15555,#15556));
#15548 = ORIENTED_EDGE('',*,*,#15549,.F.);
#15549 = EDGE_CURVE('',#15502,#15526,#15550,.T.);
#15550 = LINE('',#15551,#15552);
#15551 = CARTESIAN_POINT('',(-45.2,-49.5,0.));
#15552 = VECTOR('',#15553,1.);
#15553 = DIRECTION('',(1.,0.,0.));
#15554 = ORIENTED_EDGE('',*,*,#15509,.F.);
#15555 = ORIENTED_EDGE('',*,*,#4017,.F.);
#15556 = ORIENTED_EDGE('',*,*,#15535,.F.);
#15557 = PLANE('',#15558);
#15558 = AXIS2_PLACEMENT_3D('',#15559,#15560,#15561);
#15559 = CARTESIAN_POINT('',(-45.2,-49.5,0.));
#15560 = DIRECTION('',(0.,-1.,0.));
#15561 = DIRECTION('',(1.,0.,0.));
#15562 = ADVANCED_FACE('',(#15563),#15588,.T.);
#15563 = FACE_BOUND('',#15564,.T.);
#15564 = EDGE_LOOP('',(#15565,#15575,#15581,#15582));
#15565 = ORIENTED_EDGE('',*,*,#15566,.F.);
#15566 = EDGE_CURVE('',#15567,#15569,#15571,.T.);
#15567 = VERTEX_POINT('',#15568);
#15568 = CARTESIAN_POINT('',(37.4,-38.5,0.));
#15569 = VERTEX_POINT('',#15570);
#15570 = CARTESIAN_POINT('',(37.4,-41.5,0.));
#15571 = LINE('',#15572,#15573);
#15572 = CARTESIAN_POINT('',(37.4,-38.5,0.));
#15573 = VECTOR('',#15574,1.);
#15574 = DIRECTION('',(0.,-1.,0.));
#15575 = ORIENTED_EDGE('',*,*,#15576,.T.);
#15576 = EDGE_CURVE('',#15567,#4034,#15577,.T.);
#15577 = LINE('',#15578,#15579);
#15578 = CARTESIAN_POINT('',(37.4,-38.5,0.));
#15579 = VECTOR('',#15580,1.);
#15580 = DIRECTION('',(-0.,-0.,-1.));
#15581 = ORIENTED_EDGE('',*,*,#4033,.T.);
#15582 = ORIENTED_EDGE('',*,*,#15583,.F.);
#15583 = EDGE_CURVE('',#15569,#4036,#15584,.T.);
#15584 = LINE('',#15585,#15586);
#15585 = CARTESIAN_POINT('',(37.4,-41.5,0.));
#15586 = VECTOR('',#15587,1.);
#15587 = DIRECTION('',(-0.,-0.,-1.));
#15588 = PLANE('',#15589);
#15589 = AXIS2_PLACEMENT_3D('',#15590,#15591,#15592);
#15590 = CARTESIAN_POINT('',(37.4,-38.5,0.));
#15591 = DIRECTION('',(-1.,0.,0.));
#15592 = DIRECTION('',(0.,-1.,0.));
#15593 = ADVANCED_FACE('',(#15594),#15612,.F.);
#15594 = FACE_BOUND('',#15595,.F.);
#15595 = EDGE_LOOP('',(#15596,#15604,#15605,#15606));
#15596 = ORIENTED_EDGE('',*,*,#15597,.F.);
#15597 = EDGE_CURVE('',#15567,#15598,#15600,.T.);
#15598 = VERTEX_POINT('',#15599);
#15599 = CARTESIAN_POINT('',(19.,-38.5,0.));
#15600 = LINE('',#15601,#15602);
#15601 = CARTESIAN_POINT('',(58.8,-38.5,0.));
#15602 = VECTOR('',#15603,1.);
#15603 = DIRECTION('',(-1.,0.,0.));
#15604 = ORIENTED_EDGE('',*,*,#15576,.T.);
#15605 = ORIENTED_EDGE('',*,*,#4059,.F.);
#15606 = ORIENTED_EDGE('',*,*,#15607,.F.);
#15607 = EDGE_CURVE('',#15598,#4052,#15608,.T.);
#15608 = LINE('',#15609,#15610);
#15609 = CARTESIAN_POINT('',(19.,-38.5,0.));
#15610 = VECTOR('',#15611,1.);
#15611 = DIRECTION('',(-0.,-0.,-1.));
#15612 = PLANE('',#15613);
#15613 = AXIS2_PLACEMENT_3D('',#15614,#15615,#15616);
#15614 = CARTESIAN_POINT('',(58.8,-38.5,0.));
#15615 = DIRECTION('',(0.,1.,0.));
#15616 = DIRECTION('',(-1.,0.,0.));
#15617 = ADVANCED_FACE('',(#15618),#15636,.F.);
#15618 = FACE_BOUND('',#15619,.F.);
#15619 = EDGE_LOOP('',(#15620,#15628,#15634,#15635));
#15620 = ORIENTED_EDGE('',*,*,#15621,.F.);
#15621 = EDGE_CURVE('',#15622,#15569,#15624,.T.);
#15622 = VERTEX_POINT('',#15623);
#15623 = CARTESIAN_POINT('',(19.,-41.5,0.));
#15624 = LINE('',#15625,#15626);
#15625 = CARTESIAN_POINT('',(-45.2,-41.5,0.));
#15626 = VECTOR('',#15627,1.);
#15627 = DIRECTION('',(1.,0.,0.));
#15628 = ORIENTED_EDGE('',*,*,#15629,.F.);
#15629 = EDGE_CURVE('',#4044,#15622,#15630,.T.);
#15630 = LINE('',#15631,#15632);
#15631 = CARTESIAN_POINT('',(19.,-41.5,0.));
#15632 = VECTOR('',#15633,1.);
#15633 = DIRECTION('',(0.,0.,1.));
#15634 = ORIENTED_EDGE('',*,*,#4043,.F.);
#15635 = ORIENTED_EDGE('',*,*,#15583,.F.);
#15636 = PLANE('',#15637);
#15637 = AXIS2_PLACEMENT_3D('',#15638,#15639,#15640);
#15638 = CARTESIAN_POINT('',(-45.2,-41.5,0.));
#15639 = DIRECTION('',(0.,-1.,0.));
#15640 = DIRECTION('',(1.,0.,0.));
#15641 = ADVANCED_FACE('',(#15642),#15653,.T.);
#15642 = FACE_BOUND('',#15643,.T.);
#15643 = EDGE_LOOP('',(#15644,#15650,#15651,#15652));
#15644 = ORIENTED_EDGE('',*,*,#15645,.F.);
#15645 = EDGE_CURVE('',#15622,#15598,#15646,.T.);
#15646 = LINE('',#15647,#15648);
#15647 = CARTESIAN_POINT('',(19.,-201.5,0.));
#15648 = VECTOR('',#15649,1.);
#15649 = DIRECTION('',(0.,1.,0.));
#15650 = ORIENTED_EDGE('',*,*,#15629,.F.);
#15651 = ORIENTED_EDGE('',*,*,#4051,.T.);
#15652 = ORIENTED_EDGE('',*,*,#15607,.F.);
#15653 = PLANE('',#15654);
#15654 = AXIS2_PLACEMENT_3D('',#15655,#15656,#15657);
#15655 = CARTESIAN_POINT('',(19.,-201.5,0.));
#15656 = DIRECTION('',(1.,0.,0.));
#15657 = DIRECTION('',(0.,1.,0.));
#15658 = ADVANCED_FACE('',(#15659),#15684,.T.);
#15659 = FACE_BOUND('',#15660,.T.);
#15660 = EDGE_LOOP('',(#15661,#15671,#15677,#15678));
#15661 = ORIENTED_EDGE('',*,*,#15662,.F.);
#15662 = EDGE_CURVE('',#15663,#15665,#15667,.T.);
#15663 = VERTEX_POINT('',#15664);
#15664 = CARTESIAN_POINT('',(40.4,-57.5,0.));
#15665 = VERTEX_POINT('',#15666);
#15666 = CARTESIAN_POINT('',(40.4,-54.5,0.));
#15667 = LINE('',#15668,#15669);
#15668 = CARTESIAN_POINT('',(40.4,-201.5,0.));
#15669 = VECTOR('',#15670,1.);
#15670 = DIRECTION('',(0.,1.,0.));
#15671 = ORIENTED_EDGE('',*,*,#15672,.F.);
#15672 = EDGE_CURVE('',#4068,#15663,#15673,.T.);
#15673 = LINE('',#15674,#15675);
#15674 = CARTESIAN_POINT('',(40.4,-57.5,0.));
#15675 = VECTOR('',#15676,1.);
#15676 = DIRECTION('',(0.,0.,1.));
#15677 = ORIENTED_EDGE('',*,*,#4067,.T.);
#15678 = ORIENTED_EDGE('',*,*,#15679,.F.);
#15679 = EDGE_CURVE('',#15665,#4070,#15680,.T.);
#15680 = LINE('',#15681,#15682);
#15681 = CARTESIAN_POINT('',(40.4,-54.5,0.));
#15682 = VECTOR('',#15683,1.);
#15683 = DIRECTION('',(0.,0.,-1.));
#15684 = PLANE('',#15685);
#15685 = AXIS2_PLACEMENT_3D('',#15686,#15687,#15688);
#15686 = CARTESIAN_POINT('',(40.4,-201.5,0.));
#15687 = DIRECTION('',(1.,0.,0.));
#15688 = DIRECTION('',(0.,1.,0.));
#15689 = ADVANCED_FACE('',(#15690),#15708,.F.);
#15690 = FACE_BOUND('',#15691,.F.);
#15691 = EDGE_LOOP('',(#15692,#15700,#15701,#15702));
#15692 = ORIENTED_EDGE('',*,*,#15693,.F.);
#15693 = EDGE_CURVE('',#15663,#15694,#15696,.T.);
#15694 = VERTEX_POINT('',#15695);
#15695 = CARTESIAN_POINT('',(58.8,-57.5,0.));
#15696 = LINE('',#15697,#15698);
#15697 = CARTESIAN_POINT('',(-45.2,-57.5,0.));
#15698 = VECTOR('',#15699,1.);
#15699 = DIRECTION('',(1.,0.,0.));
#15700 = ORIENTED_EDGE('',*,*,#15672,.F.);
#15701 = ORIENTED_EDGE('',*,*,#4093,.F.);
#15702 = ORIENTED_EDGE('',*,*,#15703,.F.);
#15703 = EDGE_CURVE('',#15694,#4086,#15704,.T.);
#15704 = LINE('',#15705,#15706);
#15705 = CARTESIAN_POINT('',(58.8,-57.5,0.));
#15706 = VECTOR('',#15707,1.);
#15707 = DIRECTION('',(-0.,-0.,-1.));
#15708 = PLANE('',#15709);
#15709 = AXIS2_PLACEMENT_3D('',#15710,#15711,#15712);
#15710 = CARTESIAN_POINT('',(-45.2,-57.5,0.));
#15711 = DIRECTION('',(0.,-1.,0.));
#15712 = DIRECTION('',(1.,0.,0.));
#15713 = ADVANCED_FACE('',(#15714),#15732,.F.);
#15714 = FACE_BOUND('',#15715,.F.);
#15715 = EDGE_LOOP('',(#15716,#15724,#15730,#15731));
#15716 = ORIENTED_EDGE('',*,*,#15717,.F.);
#15717 = EDGE_CURVE('',#15718,#15665,#15720,.T.);
#15718 = VERTEX_POINT('',#15719);
#15719 = CARTESIAN_POINT('',(58.8,-54.5,0.));
#15720 = LINE('',#15721,#15722);
#15721 = CARTESIAN_POINT('',(58.8,-54.5,0.));
#15722 = VECTOR('',#15723,1.);
#15723 = DIRECTION('',(-1.,0.,0.));
#15724 = ORIENTED_EDGE('',*,*,#15725,.T.);
#15725 = EDGE_CURVE('',#15718,#4078,#15726,.T.);
#15726 = LINE('',#15727,#15728);
#15727 = CARTESIAN_POINT('',(58.8,-54.5,0.));
#15728 = VECTOR('',#15729,1.);
#15729 = DIRECTION('',(-0.,-0.,-1.));
#15730 = ORIENTED_EDGE('',*,*,#4077,.F.);
#15731 = ORIENTED_EDGE('',*,*,#15679,.F.);
#15732 = PLANE('',#15733);
#15733 = AXIS2_PLACEMENT_3D('',#15734,#15735,#15736);
#15734 = CARTESIAN_POINT('',(58.8,-54.5,0.));
#15735 = DIRECTION('',(0.,1.,0.));
#15736 = DIRECTION('',(-1.,0.,0.));
#15737 = ADVANCED_FACE('',(#15738),#15749,.F.);
#15738 = FACE_BOUND('',#15739,.F.);
#15739 = EDGE_LOOP('',(#15740,#15746,#15747,#15748));
#15740 = ORIENTED_EDGE('',*,*,#15741,.F.);
#15741 = EDGE_CURVE('',#15694,#15718,#15742,.T.);
#15742 = LINE('',#15743,#15744);
#15743 = CARTESIAN_POINT('',(58.8,-57.5,0.));
#15744 = VECTOR('',#15745,1.);
#15745 = DIRECTION('',(0.,1.,0.));
#15746 = ORIENTED_EDGE('',*,*,#15703,.T.);
#15747 = ORIENTED_EDGE('',*,*,#4085,.F.);
#15748 = ORIENTED_EDGE('',*,*,#15725,.F.);
#15749 = PLANE('',#15750);
#15750 = AXIS2_PLACEMENT_3D('',#15751,#15752,#15753);
#15751 = CARTESIAN_POINT('',(58.8,-57.5,0.));
#15752 = DIRECTION('',(1.,0.,0.));
#15753 = DIRECTION('',(0.,1.,0.));
#15754 = ADVANCED_FACE('',(#15755),#15780,.T.);
#15755 = FACE_BOUND('',#15756,.T.);
#15756 = EDGE_LOOP('',(#15757,#15767,#15773,#15774));
#15757 = ORIENTED_EDGE('',*,*,#15758,.F.);
#15758 = EDGE_CURVE('',#15759,#15761,#15763,.T.);
#15759 = VERTEX_POINT('',#15760);
#15760 = CARTESIAN_POINT('',(40.4,-49.5,0.));
#15761 = VERTEX_POINT('',#15762);
#15762 = CARTESIAN_POINT('',(40.4,-46.5,0.));
#15763 = LINE('',#15764,#15765);
#15764 = CARTESIAN_POINT('',(40.4,-201.5,0.));
#15765 = VECTOR('',#15766,1.);
#15766 = DIRECTION('',(0.,1.,0.));
#15767 = ORIENTED_EDGE('',*,*,#15768,.F.);
#15768 = EDGE_CURVE('',#4102,#15759,#15769,.T.);
#15769 = LINE('',#15770,#15771);
#15770 = CARTESIAN_POINT('',(40.4,-49.5,0.));
#15771 = VECTOR('',#15772,1.);
#15772 = DIRECTION('',(0.,0.,1.));
#15773 = ORIENTED_EDGE('',*,*,#4101,.T.);
#15774 = ORIENTED_EDGE('',*,*,#15775,.F.);
#15775 = EDGE_CURVE('',#15761,#4104,#15776,.T.);
#15776 = LINE('',#15777,#15778);
#15777 = CARTESIAN_POINT('',(40.4,-46.5,0.));
#15778 = VECTOR('',#15779,1.);
#15779 = DIRECTION('',(0.,0.,-1.));
#15780 = PLANE('',#15781);
#15781 = AXIS2_PLACEMENT_3D('',#15782,#15783,#15784);
#15782 = CARTESIAN_POINT('',(40.4,-201.5,0.));
#15783 = DIRECTION('',(1.,0.,0.));
#15784 = DIRECTION('',(0.,1.,0.));
#15785 = ADVANCED_FACE('',(#15786),#15804,.F.);
#15786 = FACE_BOUND('',#15787,.F.);
#15787 = EDGE_LOOP('',(#15788,#15796,#15797,#15798));
#15788 = ORIENTED_EDGE('',*,*,#15789,.F.);
#15789 = EDGE_CURVE('',#15759,#15790,#15792,.T.);
#15790 = VERTEX_POINT('',#15791);
#15791 = CARTESIAN_POINT('',(58.8,-49.5,0.));
#15792 = LINE('',#15793,#15794);
#15793 = CARTESIAN_POINT('',(-45.2,-49.5,0.));
#15794 = VECTOR('',#15795,1.);
#15795 = DIRECTION('',(1.,0.,0.));
#15796 = ORIENTED_EDGE('',*,*,#15768,.F.);
#15797 = ORIENTED_EDGE('',*,*,#4127,.F.);
#15798 = ORIENTED_EDGE('',*,*,#15799,.F.);
#15799 = EDGE_CURVE('',#15790,#4120,#15800,.T.);
#15800 = LINE('',#15801,#15802);
#15801 = CARTESIAN_POINT('',(58.8,-49.5,0.));
#15802 = VECTOR('',#15803,1.);
#15803 = DIRECTION('',(-0.,-0.,-1.));
#15804 = PLANE('',#15805);
#15805 = AXIS2_PLACEMENT_3D('',#15806,#15807,#15808);
#15806 = CARTESIAN_POINT('',(-45.2,-49.5,0.));
#15807 = DIRECTION('',(0.,-1.,0.));
#15808 = DIRECTION('',(1.,0.,0.));
#15809 = ADVANCED_FACE('',(#15810),#15828,.F.);
#15810 = FACE_BOUND('',#15811,.F.);
#15811 = EDGE_LOOP('',(#15812,#15820,#15826,#15827));
#15812 = ORIENTED_EDGE('',*,*,#15813,.F.);
#15813 = EDGE_CURVE('',#15814,#15761,#15816,.T.);
#15814 = VERTEX_POINT('',#15815);
#15815 = CARTESIAN_POINT('',(58.8,-46.5,0.));
#15816 = LINE('',#15817,#15818);
#15817 = CARTESIAN_POINT('',(58.8,-46.5,0.));
#15818 = VECTOR('',#15819,1.);
#15819 = DIRECTION('',(-1.,0.,0.));
#15820 = ORIENTED_EDGE('',*,*,#15821,.T.);
#15821 = EDGE_CURVE('',#15814,#4112,#15822,.T.);
#15822 = LINE('',#15823,#15824);
#15823 = CARTESIAN_POINT('',(58.8,-46.5,0.));
#15824 = VECTOR('',#15825,1.);
#15825 = DIRECTION('',(-0.,-0.,-1.));
#15826 = ORIENTED_EDGE('',*,*,#4111,.F.);
#15827 = ORIENTED_EDGE('',*,*,#15775,.F.);
#15828 = PLANE('',#15829);
#15829 = AXIS2_PLACEMENT_3D('',#15830,#15831,#15832);
#15830 = CARTESIAN_POINT('',(58.8,-46.5,0.));
#15831 = DIRECTION('',(0.,1.,0.));
#15832 = DIRECTION('',(-1.,0.,0.));
#15833 = ADVANCED_FACE('',(#15834),#15845,.F.);
#15834 = FACE_BOUND('',#15835,.F.);
#15835 = EDGE_LOOP('',(#15836,#15842,#15843,#15844));
#15836 = ORIENTED_EDGE('',*,*,#15837,.F.);
#15837 = EDGE_CURVE('',#15790,#15814,#15838,.T.);
#15838 = LINE('',#15839,#15840);
#15839 = CARTESIAN_POINT('',(58.8,-49.5,0.));
#15840 = VECTOR('',#15841,1.);
#15841 = DIRECTION('',(0.,1.,0.));
#15842 = ORIENTED_EDGE('',*,*,#15799,.T.);
#15843 = ORIENTED_EDGE('',*,*,#4119,.F.);
#15844 = ORIENTED_EDGE('',*,*,#15821,.F.);
#15845 = PLANE('',#15846);
#15846 = AXIS2_PLACEMENT_3D('',#15847,#15848,#15849);
#15847 = CARTESIAN_POINT('',(58.8,-49.5,0.));
#15848 = DIRECTION('',(1.,0.,0.));
#15849 = DIRECTION('',(0.,1.,0.));
#15850 = ADVANCED_FACE('',(#15851),#15876,.T.);
#15851 = FACE_BOUND('',#15852,.T.);
#15852 = EDGE_LOOP('',(#15853,#15863,#15869,#15870));
#15853 = ORIENTED_EDGE('',*,*,#15854,.F.);
#15854 = EDGE_CURVE('',#15855,#15857,#15859,.T.);
#15855 = VERTEX_POINT('',#15856);
#15856 = CARTESIAN_POINT('',(40.4,-41.5,0.));
#15857 = VERTEX_POINT('',#15858);
#15858 = CARTESIAN_POINT('',(40.4,-38.5,0.));
#15859 = LINE('',#15860,#15861);
#15860 = CARTESIAN_POINT('',(40.4,-201.5,0.));
#15861 = VECTOR('',#15862,1.);
#15862 = DIRECTION('',(0.,1.,0.));
#15863 = ORIENTED_EDGE('',*,*,#15864,.F.);
#15864 = EDGE_CURVE('',#4136,#15855,#15865,.T.);
#15865 = LINE('',#15866,#15867);
#15866 = CARTESIAN_POINT('',(40.4,-41.5,0.));
#15867 = VECTOR('',#15868,1.);
#15868 = DIRECTION('',(0.,0.,1.));
#15869 = ORIENTED_EDGE('',*,*,#4135,.T.);
#15870 = ORIENTED_EDGE('',*,*,#15871,.F.);
#15871 = EDGE_CURVE('',#15857,#4138,#15872,.T.);
#15872 = LINE('',#15873,#15874);
#15873 = CARTESIAN_POINT('',(40.4,-38.5,0.));
#15874 = VECTOR('',#15875,1.);
#15875 = DIRECTION('',(-0.,-0.,-1.));
#15876 = PLANE('',#15877);
#15877 = AXIS2_PLACEMENT_3D('',#15878,#15879,#15880);
#15878 = CARTESIAN_POINT('',(40.4,-201.5,0.));
#15879 = DIRECTION('',(1.,0.,0.));
#15880 = DIRECTION('',(0.,1.,0.));
#15881 = ADVANCED_FACE('',(#15882),#15900,.F.);
#15882 = FACE_BOUND('',#15883,.F.);
#15883 = EDGE_LOOP('',(#15884,#15892,#15893,#15894));
#15884 = ORIENTED_EDGE('',*,*,#15885,.F.);
#15885 = EDGE_CURVE('',#15855,#15886,#15888,.T.);
#15886 = VERTEX_POINT('',#15887);
#15887 = CARTESIAN_POINT('',(58.8,-41.5,0.));
#15888 = LINE('',#15889,#15890);
#15889 = CARTESIAN_POINT('',(-45.2,-41.5,0.));
#15890 = VECTOR('',#15891,1.);
#15891 = DIRECTION('',(1.,0.,0.));
#15892 = ORIENTED_EDGE('',*,*,#15864,.F.);
#15893 = ORIENTED_EDGE('',*,*,#4161,.F.);
#15894 = ORIENTED_EDGE('',*,*,#15895,.F.);
#15895 = EDGE_CURVE('',#15886,#4154,#15896,.T.);
#15896 = LINE('',#15897,#15898);
#15897 = CARTESIAN_POINT('',(58.8,-41.5,0.));
#15898 = VECTOR('',#15899,1.);
#15899 = DIRECTION('',(-0.,-0.,-1.));
#15900 = PLANE('',#15901);
#15901 = AXIS2_PLACEMENT_3D('',#15902,#15903,#15904);
#15902 = CARTESIAN_POINT('',(-45.2,-41.5,0.));
#15903 = DIRECTION('',(0.,-1.,0.));
#15904 = DIRECTION('',(1.,0.,0.));
#15905 = ADVANCED_FACE('',(#15906),#15924,.F.);
#15906 = FACE_BOUND('',#15907,.F.);
#15907 = EDGE_LOOP('',(#15908,#15916,#15922,#15923));
#15908 = ORIENTED_EDGE('',*,*,#15909,.F.);
#15909 = EDGE_CURVE('',#15910,#15857,#15912,.T.);
#15910 = VERTEX_POINT('',#15911);
#15911 = CARTESIAN_POINT('',(58.8,-38.5,0.));
#15912 = LINE('',#15913,#15914);
#15913 = CARTESIAN_POINT('',(58.8,-38.5,0.));
#15914 = VECTOR('',#15915,1.);
#15915 = DIRECTION('',(-1.,0.,0.));
#15916 = ORIENTED_EDGE('',*,*,#15917,.T.);
#15917 = EDGE_CURVE('',#15910,#4146,#15918,.T.);
#15918 = LINE('',#15919,#15920);
#15919 = CARTESIAN_POINT('',(58.8,-38.5,0.));
#15920 = VECTOR('',#15921,1.);
#15921 = DIRECTION('',(-0.,-0.,-1.));
#15922 = ORIENTED_EDGE('',*,*,#4145,.F.);
#15923 = ORIENTED_EDGE('',*,*,#15871,.F.);
#15924 = PLANE('',#15925);
#15925 = AXIS2_PLACEMENT_3D('',#15926,#15927,#15928);
#15926 = CARTESIAN_POINT('',(58.8,-38.5,0.));
#15927 = DIRECTION('',(0.,1.,0.));
#15928 = DIRECTION('',(-1.,0.,0.));
#15929 = ADVANCED_FACE('',(#15930),#15941,.F.);
#15930 = FACE_BOUND('',#15931,.F.);
#15931 = EDGE_LOOP('',(#15932,#15938,#15939,#15940));
#15932 = ORIENTED_EDGE('',*,*,#15933,.F.);
#15933 = EDGE_CURVE('',#15886,#15910,#15934,.T.);
#15934 = LINE('',#15935,#15936);
#15935 = CARTESIAN_POINT('',(58.8,-41.5,0.));
#15936 = VECTOR('',#15937,1.);
#15937 = DIRECTION('',(0.,1.,0.));
#15938 = ORIENTED_EDGE('',*,*,#15895,.T.);
#15939 = ORIENTED_EDGE('',*,*,#4153,.F.);
#15940 = ORIENTED_EDGE('',*,*,#15917,.F.);
#15941 = PLANE('',#15942);
#15942 = AXIS2_PLACEMENT_3D('',#15943,#15944,#15945);
#15943 = CARTESIAN_POINT('',(58.8,-41.5,0.));
#15944 = DIRECTION('',(1.,0.,0.));
#15945 = DIRECTION('',(0.,1.,0.));
#15946 = ADVANCED_FACE('',(#15947,#16241,#16252,#16263,#16274),#16277,
  .T.);
#15947 = FACE_BOUND('',#15948,.T.);
#15948 = EDGE_LOOP('',(#15949,#15959,#15967,#15975,#15983,#15991,#15999,
    #16007,#16015,#16023,#16031,#16039,#16047,#16055,#16063,#16071,
    #16079,#16087,#16096,#16104,#16112,#16120,#16129,#16137,#16145,
    #16153,#16162,#16170,#16178,#16186,#16195,#16203,#16211,#16219,
    #16227,#16235));
#15949 = ORIENTED_EDGE('',*,*,#15950,.T.);
#15950 = EDGE_CURVE('',#15951,#15953,#15955,.T.);
#15951 = VERTEX_POINT('',#15952);
#15952 = CARTESIAN_POINT('',(81.,-15.,30.));
#15953 = VERTEX_POINT('',#15954);
#15954 = CARTESIAN_POINT('',(82.,-15.,30.));
#15955 = LINE('',#15956,#15957);
#15956 = CARTESIAN_POINT('',(81.5,-15.,30.));
#15957 = VECTOR('',#15958,1.);
#15958 = DIRECTION('',(1.,0.,0.));
#15959 = ORIENTED_EDGE('',*,*,#15960,.T.);
#15960 = EDGE_CURVE('',#15953,#15961,#15963,.T.);
#15961 = VERTEX_POINT('',#15962);
#15962 = CARTESIAN_POINT('',(82.,0.585786437627,30.));
#15963 = LINE('',#15964,#15965);
#15964 = CARTESIAN_POINT('',(82.,-240.5857864376,30.));
#15965 = VECTOR('',#15966,1.);
#15966 = DIRECTION('',(0.,1.,0.));
#15967 = ORIENTED_EDGE('',*,*,#15968,.T.);
#15968 = EDGE_CURVE('',#15961,#15969,#15971,.T.);
#15969 = VERTEX_POINT('',#15970);
#15970 = CARTESIAN_POINT('',(80.585786437627,2.,30.));
#15971 = LINE('',#15972,#15973);
#15972 = CARTESIAN_POINT('',(82.,0.585786437627,30.));
#15973 = VECTOR('',#15974,1.);
#15974 = DIRECTION('',(-0.707106781187,0.707106781187,0.));
#15975 = ORIENTED_EDGE('',*,*,#15976,.T.);
#15976 = EDGE_CURVE('',#15969,#15977,#15979,.T.);
#15977 = VERTEX_POINT('',#15978);
#15978 = CARTESIAN_POINT('',(-80.58578643762,2.,30.));
#15979 = LINE('',#15980,#15981);
#15980 = CARTESIAN_POINT('',(80.585786437627,2.,30.));
#15981 = VECTOR('',#15982,1.);
#15982 = DIRECTION('',(-1.,0.,0.));
#15983 = ORIENTED_EDGE('',*,*,#15984,.T.);
#15984 = EDGE_CURVE('',#15977,#15985,#15987,.T.);
#15985 = VERTEX_POINT('',#15986);
#15986 = CARTESIAN_POINT('',(-82.,0.585786437627,30.));
#15987 = LINE('',#15988,#15989);
#15988 = CARTESIAN_POINT('',(-80.58578643762,2.,30.));
#15989 = VECTOR('',#15990,1.);
#15990 = DIRECTION('',(-0.707106781187,-0.707106781187,0.));
#15991 = ORIENTED_EDGE('',*,*,#15992,.T.);
#15992 = EDGE_CURVE('',#15985,#15993,#15995,.T.);
#15993 = VERTEX_POINT('',#15994);
#15994 = CARTESIAN_POINT('',(-82.,-240.5857864376,30.));
#15995 = LINE('',#15996,#15997);
#15996 = CARTESIAN_POINT('',(-82.,0.585786437627,30.));
#15997 = VECTOR('',#15998,1.);
#15998 = DIRECTION('',(0.,-1.,0.));
#15999 = ORIENTED_EDGE('',*,*,#16000,.T.);
#16000 = EDGE_CURVE('',#15993,#16001,#16003,.T.);
#16001 = VERTEX_POINT('',#16002);
#16002 = CARTESIAN_POINT('',(-80.58578643762,-242.,30.));
#16003 = LINE('',#16004,#16005);
#16004 = CARTESIAN_POINT('',(-82.,-240.5857864376,30.));
#16005 = VECTOR('',#16006,1.);
#16006 = DIRECTION('',(0.707106781187,-0.707106781187,0.));
#16007 = ORIENTED_EDGE('',*,*,#16008,.T.);
#16008 = EDGE_CURVE('',#16001,#16009,#16011,.T.);
#16009 = VERTEX_POINT('',#16010);
#16010 = CARTESIAN_POINT('',(80.585786437628,-242.,30.));
#16011 = LINE('',#16012,#16013);
#16012 = CARTESIAN_POINT('',(-80.58578643762,-242.,30.));
#16013 = VECTOR('',#16014,1.);
#16014 = DIRECTION('',(1.,0.,0.));
#16015 = ORIENTED_EDGE('',*,*,#16016,.T.);
#16016 = EDGE_CURVE('',#16009,#16017,#16019,.T.);
#16017 = VERTEX_POINT('',#16018);
#16018 = CARTESIAN_POINT('',(82.,-240.5857864376,30.));
#16019 = LINE('',#16020,#16021);
#16020 = CARTESIAN_POINT('',(80.585786437628,-242.,30.));
#16021 = VECTOR('',#16022,1.);
#16022 = DIRECTION('',(0.707106781187,0.707106781187,0.));
#16023 = ORIENTED_EDGE('',*,*,#16024,.T.);
#16024 = EDGE_CURVE('',#16017,#16025,#16027,.T.);
#16025 = VERTEX_POINT('',#16026);
#16026 = CARTESIAN_POINT('',(82.,-225.,30.));
#16027 = LINE('',#16028,#16029);
#16028 = CARTESIAN_POINT('',(82.,-240.5857864376,30.));
#16029 = VECTOR('',#16030,1.);
#16030 = DIRECTION('',(0.,1.,0.));
#16031 = ORIENTED_EDGE('',*,*,#16032,.T.);
#16032 = EDGE_CURVE('',#16025,#16033,#16035,.T.);
#16033 = VERTEX_POINT('',#16034);
#16034 = CARTESIAN_POINT('',(81.,-225.,30.));
#16035 = LINE('',#16036,#16037);
#16036 = CARTESIAN_POINT('',(80.5,-225.,30.));
#16037 = VECTOR('',#16038,1.);
#16038 = DIRECTION('',(-1.,0.,0.));
#16039 = ORIENTED_EDGE('',*,*,#16040,.T.);
#16040 = EDGE_CURVE('',#16033,#16041,#16043,.T.);
#16041 = VERTEX_POINT('',#16042);
#16042 = CARTESIAN_POINT('',(81.,-230.,30.));
#16043 = LINE('',#16044,#16045);
#16044 = CARTESIAN_POINT('',(81.,-115.,30.));
#16045 = VECTOR('',#16046,1.);
#16046 = DIRECTION('',(0.,-1.,2.2E-16));
#16047 = ORIENTED_EDGE('',*,*,#16048,.T.);
#16048 = EDGE_CURVE('',#16041,#16049,#16051,.T.);
#16049 = VERTEX_POINT('',#16050);
#16050 = CARTESIAN_POINT('',(78.8,-230.,30.));
#16051 = LINE('',#16052,#16053);
#16052 = CARTESIAN_POINT('',(80.,-230.,30.));
#16053 = VECTOR('',#16054,1.);
#16054 = DIRECTION('',(-1.,0.,0.));
#16055 = ORIENTED_EDGE('',*,*,#16056,.T.);
#16056 = EDGE_CURVE('',#16049,#16057,#16059,.T.);
#16057 = VERTEX_POINT('',#16058);
#16058 = CARTESIAN_POINT('',(78.8,-227.,30.));
#16059 = LINE('',#16060,#16061);
#16060 = CARTESIAN_POINT('',(78.8,-230.,30.));
#16061 = VECTOR('',#16062,1.);
#16062 = DIRECTION('',(0.,1.,0.));
#16063 = ORIENTED_EDGE('',*,*,#16064,.T.);
#16064 = EDGE_CURVE('',#16057,#16065,#16067,.T.);
#16065 = VERTEX_POINT('',#16066);
#16066 = CARTESIAN_POINT('',(77.,-227.,30.));
#16067 = LINE('',#16068,#16069);
#16068 = CARTESIAN_POINT('',(78.8,-227.,30.));
#16069 = VECTOR('',#16070,1.);
#16070 = DIRECTION('',(-1.,0.,0.));
#16071 = ORIENTED_EDGE('',*,*,#16072,.T.);
#16072 = EDGE_CURVE('',#16065,#16073,#16075,.T.);
#16073 = VERTEX_POINT('',#16074);
#16074 = CARTESIAN_POINT('',(77.,-231.75,30.));
#16075 = LINE('',#16076,#16077);
#16076 = CARTESIAN_POINT('',(77.,-227.,30.));
#16077 = VECTOR('',#16078,1.);
#16078 = DIRECTION('',(0.,-1.,0.));
#16079 = ORIENTED_EDGE('',*,*,#16080,.F.);
#16080 = EDGE_CURVE('',#16081,#16073,#16083,.T.);
#16081 = VERTEX_POINT('',#16082);
#16082 = CARTESIAN_POINT('',(76.,-231.75,30.));
#16083 = LINE('',#16084,#16085);
#16084 = CARTESIAN_POINT('',(76.,-231.75,30.));
#16085 = VECTOR('',#16086,1.);
#16086 = DIRECTION('',(1.,0.,0.));
#16087 = ORIENTED_EDGE('',*,*,#16088,.T.);
#16088 = EDGE_CURVE('',#16081,#16089,#16091,.T.);
#16089 = VERTEX_POINT('',#16090);
#16090 = CARTESIAN_POINT('',(71.75,-236.,30.));
#16091 = CIRCLE('',#16092,4.25);
#16092 = AXIS2_PLACEMENT_3D('',#16093,#16094,#16095);
#16093 = CARTESIAN_POINT('',(76.,-236.,30.));
#16094 = DIRECTION('',(0.,0.,1.));
#16095 = DIRECTION('',(1.,0.,0.));
#16096 = ORIENTED_EDGE('',*,*,#16097,.F.);
#16097 = EDGE_CURVE('',#16098,#16089,#16100,.T.);
#16098 = VERTEX_POINT('',#16099);
#16099 = CARTESIAN_POINT('',(71.75,-240.,30.));
#16100 = LINE('',#16101,#16102);
#16101 = CARTESIAN_POINT('',(71.75,-240.25,30.));
#16102 = VECTOR('',#16103,1.);
#16103 = DIRECTION('',(0.,1.,0.));
#16104 = ORIENTED_EDGE('',*,*,#16105,.T.);
#16105 = EDGE_CURVE('',#16098,#16106,#16108,.T.);
#16106 = VERTEX_POINT('',#16107);
#16107 = CARTESIAN_POINT('',(-71.75,-240.,30.));
#16108 = LINE('',#16109,#16110);
#16109 = CARTESIAN_POINT('',(80.,-240.,30.));
#16110 = VECTOR('',#16111,1.);
#16111 = DIRECTION('',(-1.,0.,0.));
#16112 = ORIENTED_EDGE('',*,*,#16113,.F.);
#16113 = EDGE_CURVE('',#16114,#16106,#16116,.T.);
#16114 = VERTEX_POINT('',#16115);
#16115 = CARTESIAN_POINT('',(-71.75,-236.,30.));
#16116 = LINE('',#16117,#16118);
#16117 = CARTESIAN_POINT('',(-71.75,-236.,30.));
#16118 = VECTOR('',#16119,1.);
#16119 = DIRECTION('',(0.,-1.,0.));
#16120 = ORIENTED_EDGE('',*,*,#16121,.T.);
#16121 = EDGE_CURVE('',#16114,#16122,#16124,.T.);
#16122 = VERTEX_POINT('',#16123);
#16123 = CARTESIAN_POINT('',(-76.,-231.75,30.));
#16124 = CIRCLE('',#16125,4.25);
#16125 = AXIS2_PLACEMENT_3D('',#16126,#16127,#16128);
#16126 = CARTESIAN_POINT('',(-76.,-236.,30.));
#16127 = DIRECTION('',(0.,0.,1.));
#16128 = DIRECTION('',(1.,0.,0.));
#16129 = ORIENTED_EDGE('',*,*,#16130,.F.);
#16130 = EDGE_CURVE('',#16131,#16122,#16133,.T.);
#16131 = VERTEX_POINT('',#16132);
#16132 = CARTESIAN_POINT('',(-80.,-231.75,30.));
#16133 = LINE('',#16134,#16135);
#16134 = CARTESIAN_POINT('',(-80.24999999999,-231.75,30.));
#16135 = VECTOR('',#16136,1.);
#16136 = DIRECTION('',(1.,0.,0.));
#16137 = ORIENTED_EDGE('',*,*,#16138,.F.);
#16138 = EDGE_CURVE('',#16139,#16131,#16141,.T.);
#16139 = VERTEX_POINT('',#16140);
#16140 = CARTESIAN_POINT('',(-80.,-8.25,30.));
#16141 = LINE('',#16142,#16143);
#16142 = CARTESIAN_POINT('',(-80.,6.66E-15,30.));
#16143 = VECTOR('',#16144,1.);
#16144 = DIRECTION('',(0.,-1.,2.2E-16));
#16145 = ORIENTED_EDGE('',*,*,#16146,.F.);
#16146 = EDGE_CURVE('',#16147,#16139,#16149,.T.);
#16147 = VERTEX_POINT('',#16148);
#16148 = CARTESIAN_POINT('',(-76.,-8.25,30.));
#16149 = LINE('',#16150,#16151);
#16150 = CARTESIAN_POINT('',(-76.,-8.25,30.));
#16151 = VECTOR('',#16152,1.);
#16152 = DIRECTION('',(-1.,0.,0.));
#16153 = ORIENTED_EDGE('',*,*,#16154,.T.);
#16154 = EDGE_CURVE('',#16147,#16155,#16157,.T.);
#16155 = VERTEX_POINT('',#16156);
#16156 = CARTESIAN_POINT('',(-71.75,-3.999999998753,30.));
#16157 = CIRCLE('',#16158,4.25);
#16158 = AXIS2_PLACEMENT_3D('',#16159,#16160,#16161);
#16159 = CARTESIAN_POINT('',(-76.,-4.,30.));
#16160 = DIRECTION('',(0.,0.,1.));
#16161 = DIRECTION('',(1.,0.,0.));
#16162 = ORIENTED_EDGE('',*,*,#16163,.F.);
#16163 = EDGE_CURVE('',#16164,#16155,#16166,.T.);
#16164 = VERTEX_POINT('',#16165);
#16165 = CARTESIAN_POINT('',(-71.75,7.E-15,30.));
#16166 = LINE('',#16167,#16168);
#16167 = CARTESIAN_POINT('',(-71.75,0.25,30.));
#16168 = VECTOR('',#16169,1.);
#16169 = DIRECTION('',(0.,-1.,0.));
#16170 = ORIENTED_EDGE('',*,*,#16171,.F.);
#16171 = EDGE_CURVE('',#16172,#16164,#16174,.T.);
#16172 = VERTEX_POINT('',#16173);
#16173 = CARTESIAN_POINT('',(71.75,7.E-15,30.));
#16174 = LINE('',#16175,#16176);
#16175 = CARTESIAN_POINT('',(80.,0.,30.));
#16176 = VECTOR('',#16177,1.);
#16177 = DIRECTION('',(-1.,0.,0.));
#16178 = ORIENTED_EDGE('',*,*,#16179,.F.);
#16179 = EDGE_CURVE('',#16180,#16172,#16182,.T.);
#16180 = VERTEX_POINT('',#16181);
#16181 = CARTESIAN_POINT('',(71.75,-4.,30.));
#16182 = LINE('',#16183,#16184);
#16183 = CARTESIAN_POINT('',(71.75,-4.,30.));
#16184 = VECTOR('',#16185,1.);
#16185 = DIRECTION('',(0.,1.,0.));
#16186 = ORIENTED_EDGE('',*,*,#16187,.T.);
#16187 = EDGE_CURVE('',#16180,#16188,#16190,.T.);
#16188 = VERTEX_POINT('',#16189);
#16189 = CARTESIAN_POINT('',(76.,-8.25,30.));
#16190 = CIRCLE('',#16191,4.25);
#16191 = AXIS2_PLACEMENT_3D('',#16192,#16193,#16194);
#16192 = CARTESIAN_POINT('',(76.,-4.,30.));
#16193 = DIRECTION('',(0.,0.,1.));
#16194 = DIRECTION('',(1.,0.,0.));
#16195 = ORIENTED_EDGE('',*,*,#16196,.F.);
#16196 = EDGE_CURVE('',#16197,#16188,#16199,.T.);
#16197 = VERTEX_POINT('',#16198);
#16198 = CARTESIAN_POINT('',(77.,-8.25,30.));
#16199 = LINE('',#16200,#16201);
#16200 = CARTESIAN_POINT('',(80.25,-8.25,30.));
#16201 = VECTOR('',#16202,1.);
#16202 = DIRECTION('',(-1.,0.,0.));
#16203 = ORIENTED_EDGE('',*,*,#16204,.T.);
#16204 = EDGE_CURVE('',#16197,#16205,#16207,.T.);
#16205 = VERTEX_POINT('',#16206);
#16206 = CARTESIAN_POINT('',(77.,-13.,30.));
#16207 = LINE('',#16208,#16209);
#16208 = CARTESIAN_POINT('',(77.,0.,30.));
#16209 = VECTOR('',#16210,1.);
#16210 = DIRECTION('',(0.,-1.,0.));
#16211 = ORIENTED_EDGE('',*,*,#16212,.T.);
#16212 = EDGE_CURVE('',#16205,#16213,#16215,.T.);
#16213 = VERTEX_POINT('',#16214);
#16214 = CARTESIAN_POINT('',(78.8,-13.,30.));
#16215 = LINE('',#16216,#16217);
#16216 = CARTESIAN_POINT('',(77.,-13.,30.));
#16217 = VECTOR('',#16218,1.);
#16218 = DIRECTION('',(1.,0.,0.));
#16219 = ORIENTED_EDGE('',*,*,#16220,.T.);
#16220 = EDGE_CURVE('',#16213,#16221,#16223,.T.);
#16221 = VERTEX_POINT('',#16222);
#16222 = CARTESIAN_POINT('',(78.8,-10.,30.));
#16223 = LINE('',#16224,#16225);
#16224 = CARTESIAN_POINT('',(78.8,-13.,30.));
#16225 = VECTOR('',#16226,1.);
#16226 = DIRECTION('',(0.,1.,0.));
#16227 = ORIENTED_EDGE('',*,*,#16228,.T.);
#16228 = EDGE_CURVE('',#16221,#16229,#16231,.T.);
#16229 = VERTEX_POINT('',#16230);
#16230 = CARTESIAN_POINT('',(81.,-10.,30.));
#16231 = LINE('',#16232,#16233);
#16232 = CARTESIAN_POINT('',(78.8,-10.,30.));
#16233 = VECTOR('',#16234,1.);
#16234 = DIRECTION('',(1.,0.,0.));
#16235 = ORIENTED_EDGE('',*,*,#16236,.T.);
#16236 = EDGE_CURVE('',#16229,#15951,#16237,.T.);
#16237 = LINE('',#16238,#16239);
#16238 = CARTESIAN_POINT('',(81.,-7.5,30.));
#16239 = VECTOR('',#16240,1.);
#16240 = DIRECTION('',(0.,-1.,2.2E-16));
#16241 = FACE_BOUND('',#16242,.T.);
#16242 = EDGE_LOOP('',(#16243));
#16243 = ORIENTED_EDGE('',*,*,#16244,.F.);
#16244 = EDGE_CURVE('',#16245,#16245,#16247,.T.);
#16245 = VERTEX_POINT('',#16246);
#16246 = CARTESIAN_POINT('',(-77.5,-236.,30.));
#16247 = CIRCLE('',#16248,1.5);
#16248 = AXIS2_PLACEMENT_3D('',#16249,#16250,#16251);
#16249 = CARTESIAN_POINT('',(-76.,-236.,30.));
#16250 = DIRECTION('',(0.,0.,1.));
#16251 = DIRECTION('',(-1.,0.,0.));
#16252 = FACE_BOUND('',#16253,.T.);
#16253 = EDGE_LOOP('',(#16254));
#16254 = ORIENTED_EDGE('',*,*,#16255,.F.);
#16255 = EDGE_CURVE('',#16256,#16256,#16258,.T.);
#16256 = VERTEX_POINT('',#16257);
#16257 = CARTESIAN_POINT('',(74.5,-236.,30.));
#16258 = CIRCLE('',#16259,1.5);
#16259 = AXIS2_PLACEMENT_3D('',#16260,#16261,#16262);
#16260 = CARTESIAN_POINT('',(76.,-236.,30.));
#16261 = DIRECTION('',(0.,0.,1.));
#16262 = DIRECTION('',(-1.,0.,0.));
#16263 = FACE_BOUND('',#16264,.T.);
#16264 = EDGE_LOOP('',(#16265));
#16265 = ORIENTED_EDGE('',*,*,#16266,.F.);
#16266 = EDGE_CURVE('',#16267,#16267,#16269,.T.);
#16267 = VERTEX_POINT('',#16268);
#16268 = CARTESIAN_POINT('',(-77.5,-4.,30.));
#16269 = CIRCLE('',#16270,1.5);
#16270 = AXIS2_PLACEMENT_3D('',#16271,#16272,#16273);
#16271 = CARTESIAN_POINT('',(-76.,-4.,30.));
#16272 = DIRECTION('',(0.,0.,1.));
#16273 = DIRECTION('',(-1.,0.,0.));
#16274 = FACE_BOUND('',#16275,.T.);
#16275 = EDGE_LOOP('',(#16276));
#16276 = ORIENTED_EDGE('',*,*,#4188,.F.);
#16277 = PLANE('',#16278);
#16278 = AXIS2_PLACEMENT_3D('',#16279,#16280,#16281);
#16279 = CARTESIAN_POINT('',(-27.11940203199,-120.,30.));
#16280 = DIRECTION('',(0.,0.,1.));
#16281 = DIRECTION('',(1.,0.,0.));
#16282 = ADVANCED_FACE('',(#16283),#16455,.T.);
#16283 = FACE_BOUND('',#16284,.T.);
#16284 = EDGE_LOOP('',(#16285,#16293,#16301,#16307,#16308,#16309,#16310,
    #16311,#16312,#16313,#16314,#16315,#16316,#16317,#16318,#16319,
    #16320,#16321,#16322,#16323,#16324,#16325,#16326,#16327,#16328,
    #16329,#16330,#16331,#16332,#16333,#16334,#16335,#16336,#16337,
    #16338,#16346,#16354,#16362,#16370,#16378,#16386,#16394,#16402,
    #16410,#16418,#16424,#16425,#16426,#16427,#16428,#16429,#16430,
    #16431,#16432,#16433,#16434,#16435,#16436,#16437,#16438,#16439,
    #16440,#16441,#16442,#16443,#16444,#16445,#16446,#16447,#16448,
    #16449,#16450,#16451,#16452,#16453,#16454));
#16285 = ORIENTED_EDGE('',*,*,#16286,.F.);
#16286 = EDGE_CURVE('',#16287,#5126,#16289,.T.);
#16287 = VERTEX_POINT('',#16288);
#16288 = CARTESIAN_POINT('',(-83.,1.,27.));
#16289 = LINE('',#16290,#16291);
#16290 = CARTESIAN_POINT('',(-92.,-8.,27.));
#16291 = VECTOR('',#16292,1.);
#16292 = DIRECTION('',(0.707106781187,0.707106781187,0.));
#16293 = ORIENTED_EDGE('',*,*,#16294,.T.);
#16294 = EDGE_CURVE('',#16287,#16295,#16297,.T.);
#16295 = VERTEX_POINT('',#16296);
#16296 = CARTESIAN_POINT('',(-83.,-241.,27.));
#16297 = LINE('',#16298,#16299);
#16298 = CARTESIAN_POINT('',(-83.,3.,27.));
#16299 = VECTOR('',#16300,1.);
#16300 = DIRECTION('',(0.,-1.,0.));
#16301 = ORIENTED_EDGE('',*,*,#16302,.T.);
#16302 = EDGE_CURVE('',#16295,#4971,#16303,.T.);
#16303 = LINE('',#16304,#16305);
#16304 = CARTESIAN_POINT('',(-92.,-232.,27.));
#16305 = VECTOR('',#16306,1.);
#16306 = DIRECTION('',(0.707106781187,-0.707106781187,0.));
#16307 = ORIENTED_EDGE('',*,*,#4978,.T.);
#16308 = ORIENTED_EDGE('',*,*,#4938,.T.);
#16309 = ORIENTED_EDGE('',*,*,#4924,.F.);
#16310 = ORIENTED_EDGE('',*,*,#4899,.F.);
#16311 = ORIENTED_EDGE('',*,*,#4874,.T.);
#16312 = ORIENTED_EDGE('',*,*,#4842,.T.);
#16313 = ORIENTED_EDGE('',*,*,#4828,.F.);
#16314 = ORIENTED_EDGE('',*,*,#4803,.F.);
#16315 = ORIENTED_EDGE('',*,*,#4778,.T.);
#16316 = ORIENTED_EDGE('',*,*,#4746,.T.);
#16317 = ORIENTED_EDGE('',*,*,#4732,.F.);
#16318 = ORIENTED_EDGE('',*,*,#4707,.F.);
#16319 = ORIENTED_EDGE('',*,*,#4682,.T.);
#16320 = ORIENTED_EDGE('',*,*,#4650,.T.);
#16321 = ORIENTED_EDGE('',*,*,#4636,.F.);
#16322 = ORIENTED_EDGE('',*,*,#4611,.F.);
#16323 = ORIENTED_EDGE('',*,*,#4586,.T.);
#16324 = ORIENTED_EDGE('',*,*,#4554,.T.);
#16325 = ORIENTED_EDGE('',*,*,#4540,.F.);
#16326 = ORIENTED_EDGE('',*,*,#4515,.F.);
#16327 = ORIENTED_EDGE('',*,*,#4490,.T.);
#16328 = ORIENTED_EDGE('',*,*,#4458,.T.);
#16329 = ORIENTED_EDGE('',*,*,#4444,.F.);
#16330 = ORIENTED_EDGE('',*,*,#4419,.F.);
#16331 = ORIENTED_EDGE('',*,*,#4394,.T.);
#16332 = ORIENTED_EDGE('',*,*,#4362,.T.);
#16333 = ORIENTED_EDGE('',*,*,#4348,.F.);
#16334 = ORIENTED_EDGE('',*,*,#4323,.F.);
#16335 = ORIENTED_EDGE('',*,*,#4298,.T.);
#16336 = ORIENTED_EDGE('',*,*,#4266,.T.);
#16337 = ORIENTED_EDGE('',*,*,#4228,.T.);
#16338 = ORIENTED_EDGE('',*,*,#16339,.F.);
#16339 = EDGE_CURVE('',#16340,#4229,#16342,.T.);
#16340 = VERTEX_POINT('',#16341);
#16341 = CARTESIAN_POINT('',(82.,-225.,27.));
#16342 = LINE('',#16343,#16344);
#16343 = CARTESIAN_POINT('',(40.5,-225.,27.));
#16344 = VECTOR('',#16345,1.);
#16345 = DIRECTION('',(1.,0.,0.));
#16346 = ORIENTED_EDGE('',*,*,#16347,.F.);
#16347 = EDGE_CURVE('',#16348,#16340,#16350,.T.);
#16348 = VERTEX_POINT('',#16349);
#16349 = CARTESIAN_POINT('',(82.,-240.5857864376,27.));
#16350 = LINE('',#16351,#16352);
#16351 = CARTESIAN_POINT('',(82.,-240.5857864376,27.));
#16352 = VECTOR('',#16353,1.);
#16353 = DIRECTION('',(0.,1.,0.));
#16354 = ORIENTED_EDGE('',*,*,#16355,.F.);
#16355 = EDGE_CURVE('',#16356,#16348,#16358,.T.);
#16356 = VERTEX_POINT('',#16357);
#16357 = CARTESIAN_POINT('',(80.585786437628,-242.,27.));
#16358 = LINE('',#16359,#16360);
#16359 = CARTESIAN_POINT('',(80.585786437628,-242.,27.));
#16360 = VECTOR('',#16361,1.);
#16361 = DIRECTION('',(0.707106781187,0.707106781187,0.));
#16362 = ORIENTED_EDGE('',*,*,#16363,.F.);
#16363 = EDGE_CURVE('',#16364,#16356,#16366,.T.);
#16364 = VERTEX_POINT('',#16365);
#16365 = CARTESIAN_POINT('',(-80.58578643762,-242.,27.));
#16366 = LINE('',#16367,#16368);
#16367 = CARTESIAN_POINT('',(-80.58578643762,-242.,27.));
#16368 = VECTOR('',#16369,1.);
#16369 = DIRECTION('',(1.,0.,0.));
#16370 = ORIENTED_EDGE('',*,*,#16371,.F.);
#16371 = EDGE_CURVE('',#16372,#16364,#16374,.T.);
#16372 = VERTEX_POINT('',#16373);
#16373 = CARTESIAN_POINT('',(-82.,-240.5857864376,27.));
#16374 = LINE('',#16375,#16376);
#16375 = CARTESIAN_POINT('',(-82.,-240.5857864376,27.));
#16376 = VECTOR('',#16377,1.);
#16377 = DIRECTION('',(0.707106781187,-0.707106781187,0.));
#16378 = ORIENTED_EDGE('',*,*,#16379,.F.);
#16379 = EDGE_CURVE('',#16380,#16372,#16382,.T.);
#16380 = VERTEX_POINT('',#16381);
#16381 = CARTESIAN_POINT('',(-82.,0.585786437627,27.));
#16382 = LINE('',#16383,#16384);
#16383 = CARTESIAN_POINT('',(-82.,0.585786437627,27.));
#16384 = VECTOR('',#16385,1.);
#16385 = DIRECTION('',(0.,-1.,0.));
#16386 = ORIENTED_EDGE('',*,*,#16387,.F.);
#16387 = EDGE_CURVE('',#16388,#16380,#16390,.T.);
#16388 = VERTEX_POINT('',#16389);
#16389 = CARTESIAN_POINT('',(-80.58578643762,2.,27.));
#16390 = LINE('',#16391,#16392);
#16391 = CARTESIAN_POINT('',(-80.58578643762,2.,27.));
#16392 = VECTOR('',#16393,1.);
#16393 = DIRECTION('',(-0.707106781187,-0.707106781187,0.));
#16394 = ORIENTED_EDGE('',*,*,#16395,.F.);
#16395 = EDGE_CURVE('',#16396,#16388,#16398,.T.);
#16396 = VERTEX_POINT('',#16397);
#16397 = CARTESIAN_POINT('',(80.585786437627,2.,27.));
#16398 = LINE('',#16399,#16400);
#16399 = CARTESIAN_POINT('',(80.585786437627,2.,27.));
#16400 = VECTOR('',#16401,1.);
#16401 = DIRECTION('',(-1.,0.,0.));
#16402 = ORIENTED_EDGE('',*,*,#16403,.F.);
#16403 = EDGE_CURVE('',#16404,#16396,#16406,.T.);
#16404 = VERTEX_POINT('',#16405);
#16405 = CARTESIAN_POINT('',(82.,0.585786437627,27.));
#16406 = LINE('',#16407,#16408);
#16407 = CARTESIAN_POINT('',(82.,0.585786437627,27.));
#16408 = VECTOR('',#16409,1.);
#16409 = DIRECTION('',(-0.707106781187,0.707106781187,0.));
#16410 = ORIENTED_EDGE('',*,*,#16411,.F.);
#16411 = EDGE_CURVE('',#16412,#16404,#16414,.T.);
#16412 = VERTEX_POINT('',#16413);
#16413 = CARTESIAN_POINT('',(82.,-15.,27.));
#16414 = LINE('',#16415,#16416);
#16415 = CARTESIAN_POINT('',(82.,-240.5857864376,27.));
#16416 = VECTOR('',#16417,1.);
#16417 = DIRECTION('',(0.,1.,0.));
#16418 = ORIENTED_EDGE('',*,*,#16419,.F.);
#16419 = EDGE_CURVE('',#4204,#16412,#16420,.T.);
#16420 = LINE('',#16421,#16422);
#16421 = CARTESIAN_POINT('',(41.5,-15.,27.));
#16422 = VECTOR('',#16423,1.);
#16423 = DIRECTION('',(-1.,0.,0.));
#16424 = ORIENTED_EDGE('',*,*,#4203,.T.);
#16425 = ORIENTED_EDGE('',*,*,#5828,.F.);
#16426 = ORIENTED_EDGE('',*,*,#5805,.T.);
#16427 = ORIENTED_EDGE('',*,*,#5780,.T.);
#16428 = ORIENTED_EDGE('',*,*,#5766,.F.);
#16429 = ORIENTED_EDGE('',*,*,#5741,.F.);
#16430 = ORIENTED_EDGE('',*,*,#5709,.T.);
#16431 = ORIENTED_EDGE('',*,*,#5684,.T.);
#16432 = ORIENTED_EDGE('',*,*,#5670,.F.);
#16433 = ORIENTED_EDGE('',*,*,#5645,.F.);
#16434 = ORIENTED_EDGE('',*,*,#5613,.T.);
#16435 = ORIENTED_EDGE('',*,*,#5588,.T.);
#16436 = ORIENTED_EDGE('',*,*,#5574,.F.);
#16437 = ORIENTED_EDGE('',*,*,#5549,.F.);
#16438 = ORIENTED_EDGE('',*,*,#5517,.T.);
#16439 = ORIENTED_EDGE('',*,*,#5492,.T.);
#16440 = ORIENTED_EDGE('',*,*,#5478,.F.);
#16441 = ORIENTED_EDGE('',*,*,#5453,.F.);
#16442 = ORIENTED_EDGE('',*,*,#5421,.T.);
#16443 = ORIENTED_EDGE('',*,*,#5396,.T.);
#16444 = ORIENTED_EDGE('',*,*,#5382,.F.);
#16445 = ORIENTED_EDGE('',*,*,#5357,.F.);
#16446 = ORIENTED_EDGE('',*,*,#5325,.T.);
#16447 = ORIENTED_EDGE('',*,*,#5300,.T.);
#16448 = ORIENTED_EDGE('',*,*,#5286,.F.);
#16449 = ORIENTED_EDGE('',*,*,#5261,.F.);
#16450 = ORIENTED_EDGE('',*,*,#5229,.T.);
#16451 = ORIENTED_EDGE('',*,*,#5204,.T.);
#16452 = ORIENTED_EDGE('',*,*,#5190,.F.);
#16453 = ORIENTED_EDGE('',*,*,#5165,.F.);
#16454 = ORIENTED_EDGE('',*,*,#5133,.T.);
#16455 = PLANE('',#16456);
#16456 = AXIS2_PLACEMENT_3D('',#16457,#16458,#16459);
#16457 = CARTESIAN_POINT('',(4.779E-14,-120.,27.));
#16458 = DIRECTION('',(0.,0.,1.));
#16459 = DIRECTION('',(1.,0.,0.));
#16460 = ADVANCED_FACE('',(#16461),#16486,.T.);
#16461 = FACE_BOUND('',#16462,.T.);
#16462 = EDGE_LOOP('',(#16463,#16471,#16472,#16473,#16479,#16480));
#16463 = ORIENTED_EDGE('',*,*,#16464,.F.);
#16464 = EDGE_CURVE('',#4245,#16465,#16467,.T.);
#16465 = VERTEX_POINT('',#16466);
#16466 = CARTESIAN_POINT('',(81.,-15.,0.));
#16467 = LINE('',#16468,#16469);
#16468 = CARTESIAN_POINT('',(83.,-15.,0.));
#16469 = VECTOR('',#16470,1.);
#16470 = DIRECTION('',(-1.,0.,0.));
#16471 = ORIENTED_EDGE('',*,*,#4252,.T.);
#16472 = ORIENTED_EDGE('',*,*,#16419,.T.);
#16473 = ORIENTED_EDGE('',*,*,#16474,.T.);
#16474 = EDGE_CURVE('',#16412,#15953,#16475,.T.);
#16475 = LINE('',#16476,#16477);
#16476 = CARTESIAN_POINT('',(82.,-15.,15.));
#16477 = VECTOR('',#16478,1.);
#16478 = DIRECTION('',(0.,0.,1.));
#16479 = ORIENTED_EDGE('',*,*,#15950,.F.);
#16480 = ORIENTED_EDGE('',*,*,#16481,.F.);
#16481 = EDGE_CURVE('',#16465,#15951,#16482,.T.);
#16482 = LINE('',#16483,#16484);
#16483 = CARTESIAN_POINT('',(81.,-15.,0.));
#16484 = VECTOR('',#16485,1.);
#16485 = DIRECTION('',(0.,0.,1.));
#16486 = PLANE('',#16487);
#16487 = AXIS2_PLACEMENT_3D('',#16488,#16489,#16490);
#16488 = CARTESIAN_POINT('',(83.,-15.,0.));
#16489 = DIRECTION('',(0.,-1.,0.));
#16490 = DIRECTION('',(-1.,0.,0.));
#16491 = ADVANCED_FACE('',(#16492,#16656,#16662,#16668,#16674,#16680,
    #16686,#16692,#16698,#16704,#16710,#16716,#16722,#16728,#16734,
    #16740,#16746,#16752,#16758,#16764,#16770,#16776,#16782,#16788,
    #16794,#16800,#16806,#16812,#16818,#16824,#16830,#16836,#16842,
    #16848,#16854,#16860,#16866,#16872,#16878,#16884,#16890,#16896,
    #16902,#16908,#16914,#16920,#16926,#16932,#16938,#16944,#16950,
    #16956,#16962,#16968,#16974,#16980,#16986,#16992,#16998,#17004,
    #17010,#17016,#17022,#17028,#17034,#17040,#17046,#17052,#17058,
    #17064,#17070,#17076,#17082,#17088,#17094,#17100,#17106,#17112,
    #17118,#17124,#17130,#17136,#17142,#17148,#17154,#17160,#17166,
    #17172,#17178,#17184,#17190,#17196,#17202,#17208,#17214,#17220,
    #17226,#17232,#17238,#17244,#17250,#17256,#17262,#17268,#17274,
    #17280,#17286,#17297,#17308,#17319,#17330),#17341,.T.);
#16492 = FACE_BOUND('',#16493,.T.);
#16493 = EDGE_LOOP('',(#16494,#16495,#16496,#16504,#16512,#16520,#16528,
    #16536,#16544,#16553,#16561,#16569,#16577,#16585,#16593,#16602,
    #16610,#16618,#16626,#16634,#16642,#16650));
#16494 = ORIENTED_EDGE('',*,*,#4244,.F.);
#16495 = ORIENTED_EDGE('',*,*,#16464,.T.);
#16496 = ORIENTED_EDGE('',*,*,#16497,.T.);
#16497 = EDGE_CURVE('',#16465,#16498,#16500,.T.);
#16498 = VERTEX_POINT('',#16499);
#16499 = CARTESIAN_POINT('',(81.,-10.,0.));
#16500 = LINE('',#16501,#16502);
#16501 = CARTESIAN_POINT('',(81.,-15.,0.));
#16502 = VECTOR('',#16503,1.);
#16503 = DIRECTION('',(0.,1.,0.));
#16504 = ORIENTED_EDGE('',*,*,#16505,.T.);
#16505 = EDGE_CURVE('',#16498,#16506,#16508,.T.);
#16506 = VERTEX_POINT('',#16507);
#16507 = CARTESIAN_POINT('',(78.8,-10.,0.));
#16508 = LINE('',#16509,#16510);
#16509 = CARTESIAN_POINT('',(81.,-10.,0.));
#16510 = VECTOR('',#16511,1.);
#16511 = DIRECTION('',(-1.,0.,0.));
#16512 = ORIENTED_EDGE('',*,*,#16513,.F.);
#16513 = EDGE_CURVE('',#16514,#16506,#16516,.T.);
#16514 = VERTEX_POINT('',#16515);
#16515 = CARTESIAN_POINT('',(78.8,-13.,0.));
#16516 = LINE('',#16517,#16518);
#16517 = CARTESIAN_POINT('',(78.8,-13.,0.));
#16518 = VECTOR('',#16519,1.);
#16519 = DIRECTION('',(0.,1.,0.));
#16520 = ORIENTED_EDGE('',*,*,#16521,.F.);
#16521 = EDGE_CURVE('',#16522,#16514,#16524,.T.);
#16522 = VERTEX_POINT('',#16523);
#16523 = CARTESIAN_POINT('',(77.,-13.,0.));
#16524 = LINE('',#16525,#16526);
#16525 = CARTESIAN_POINT('',(77.,-13.,0.));
#16526 = VECTOR('',#16527,1.);
#16527 = DIRECTION('',(1.,0.,0.));
#16528 = ORIENTED_EDGE('',*,*,#16529,.F.);
#16529 = EDGE_CURVE('',#16530,#16522,#16532,.T.);
#16530 = VERTEX_POINT('',#16531);
#16531 = CARTESIAN_POINT('',(77.,-8.25,0.));
#16532 = LINE('',#16533,#16534);
#16533 = CARTESIAN_POINT('',(77.,0.,0.));
#16534 = VECTOR('',#16535,1.);
#16535 = DIRECTION('',(0.,-1.,0.));
#16536 = ORIENTED_EDGE('',*,*,#16537,.T.);
#16537 = EDGE_CURVE('',#16530,#16538,#16540,.T.);
#16538 = VERTEX_POINT('',#16539);
#16539 = CARTESIAN_POINT('',(76.,-8.25,0.));
#16540 = LINE('',#16541,#16542);
#16541 = CARTESIAN_POINT('',(80.25,-8.25,0.));
#16542 = VECTOR('',#16543,1.);
#16543 = DIRECTION('',(-1.,0.,0.));
#16544 = ORIENTED_EDGE('',*,*,#16545,.F.);
#16545 = EDGE_CURVE('',#16546,#16538,#16548,.T.);
#16546 = VERTEX_POINT('',#16547);
#16547 = CARTESIAN_POINT('',(71.75,-4.,0.));
#16548 = CIRCLE('',#16549,4.25);
#16549 = AXIS2_PLACEMENT_3D('',#16550,#16551,#16552);
#16550 = CARTESIAN_POINT('',(76.,-4.,0.));
#16551 = DIRECTION('',(0.,0.,1.));
#16552 = DIRECTION('',(1.,0.,0.));
#16553 = ORIENTED_EDGE('',*,*,#16554,.T.);
#16554 = EDGE_CURVE('',#16546,#16555,#16557,.T.);
#16555 = VERTEX_POINT('',#16556);
#16556 = CARTESIAN_POINT('',(71.75,0.,0.));
#16557 = LINE('',#16558,#16559);
#16558 = CARTESIAN_POINT('',(71.75,-4.,0.));
#16559 = VECTOR('',#16560,1.);
#16560 = DIRECTION('',(0.,1.,0.));
#16561 = ORIENTED_EDGE('',*,*,#16562,.F.);
#16562 = EDGE_CURVE('',#16563,#16555,#16565,.T.);
#16563 = VERTEX_POINT('',#16564);
#16564 = CARTESIAN_POINT('',(-69.99999673362,0.,0.));
#16565 = LINE('',#16566,#16567);
#16566 = CARTESIAN_POINT('',(-69.99999673362,0.,0.));
#16567 = VECTOR('',#16568,1.);
#16568 = DIRECTION('',(1.,0.,0.));
#16569 = ORIENTED_EDGE('',*,*,#16570,.T.);
#16570 = EDGE_CURVE('',#16563,#16571,#16573,.T.);
#16571 = VERTEX_POINT('',#16572);
#16572 = CARTESIAN_POINT('',(-69.99999673362,-240.,5.3E-14));
#16573 = LINE('',#16574,#16575);
#16574 = CARTESIAN_POINT('',(-69.99999673362,0.,0.));
#16575 = VECTOR('',#16576,1.);
#16576 = DIRECTION('',(0.,-1.,2.2E-16));
#16577 = ORIENTED_EDGE('',*,*,#16578,.T.);
#16578 = EDGE_CURVE('',#16571,#16579,#16581,.T.);
#16579 = VERTEX_POINT('',#16580);
#16580 = CARTESIAN_POINT('',(71.75,-240.,2.7E-14));
#16581 = LINE('',#16582,#16583);
#16582 = CARTESIAN_POINT('',(-69.99999673362,-240.,5.3E-14));
#16583 = VECTOR('',#16584,1.);
#16584 = DIRECTION('',(1.,0.,0.));
#16585 = ORIENTED_EDGE('',*,*,#16586,.T.);
#16586 = EDGE_CURVE('',#16579,#16587,#16589,.T.);
#16587 = VERTEX_POINT('',#16588);
#16588 = CARTESIAN_POINT('',(71.75,-236.,0.));
#16589 = LINE('',#16590,#16591);
#16590 = CARTESIAN_POINT('',(71.75,-240.25,0.));
#16591 = VECTOR('',#16592,1.);
#16592 = DIRECTION('',(0.,1.,0.));
#16593 = ORIENTED_EDGE('',*,*,#16594,.F.);
#16594 = EDGE_CURVE('',#16595,#16587,#16597,.T.);
#16595 = VERTEX_POINT('',#16596);
#16596 = CARTESIAN_POINT('',(76.,-231.75,0.));
#16597 = CIRCLE('',#16598,4.25);
#16598 = AXIS2_PLACEMENT_3D('',#16599,#16600,#16601);
#16599 = CARTESIAN_POINT('',(76.,-236.,0.));
#16600 = DIRECTION('',(0.,0.,1.));
#16601 = DIRECTION('',(1.,0.,0.));
#16602 = ORIENTED_EDGE('',*,*,#16603,.T.);
#16603 = EDGE_CURVE('',#16595,#16604,#16606,.T.);
#16604 = VERTEX_POINT('',#16605);
#16605 = CARTESIAN_POINT('',(77.,-231.75,0.));
#16606 = LINE('',#16607,#16608);
#16607 = CARTESIAN_POINT('',(76.,-231.75,0.));
#16608 = VECTOR('',#16609,1.);
#16609 = DIRECTION('',(1.,0.,0.));
#16610 = ORIENTED_EDGE('',*,*,#16611,.F.);
#16611 = EDGE_CURVE('',#16612,#16604,#16614,.T.);
#16612 = VERTEX_POINT('',#16613);
#16613 = CARTESIAN_POINT('',(77.,-227.,0.));
#16614 = LINE('',#16615,#16616);
#16615 = CARTESIAN_POINT('',(77.,-227.,0.));
#16616 = VECTOR('',#16617,1.);
#16617 = DIRECTION('',(0.,-1.,0.));
#16618 = ORIENTED_EDGE('',*,*,#16619,.F.);
#16619 = EDGE_CURVE('',#16620,#16612,#16622,.T.);
#16620 = VERTEX_POINT('',#16621);
#16621 = CARTESIAN_POINT('',(78.8,-227.,0.));
#16622 = LINE('',#16623,#16624);
#16623 = CARTESIAN_POINT('',(78.8,-227.,0.));
#16624 = VECTOR('',#16625,1.);
#16625 = DIRECTION('',(-1.,0.,0.));
#16626 = ORIENTED_EDGE('',*,*,#16627,.F.);
#16627 = EDGE_CURVE('',#16628,#16620,#16630,.T.);
#16628 = VERTEX_POINT('',#16629);
#16629 = CARTESIAN_POINT('',(78.8,-230.,0.));
#16630 = LINE('',#16631,#16632);
#16631 = CARTESIAN_POINT('',(78.8,-230.,0.));
#16632 = VECTOR('',#16633,1.);
#16633 = DIRECTION('',(0.,1.,0.));
#16634 = ORIENTED_EDGE('',*,*,#16635,.F.);
#16635 = EDGE_CURVE('',#16636,#16628,#16638,.T.);
#16636 = VERTEX_POINT('',#16637);
#16637 = CARTESIAN_POINT('',(81.,-230.,0.));
#16638 = LINE('',#16639,#16640);
#16639 = CARTESIAN_POINT('',(81.,-230.,0.));
#16640 = VECTOR('',#16641,1.);
#16641 = DIRECTION('',(-1.,0.,0.));
#16642 = ORIENTED_EDGE('',*,*,#16643,.T.);
#16643 = EDGE_CURVE('',#16636,#16644,#16646,.T.);
#16644 = VERTEX_POINT('',#16645);
#16645 = CARTESIAN_POINT('',(81.,-225.,0.));
#16646 = LINE('',#16647,#16648);
#16647 = CARTESIAN_POINT('',(81.,-230.,0.));
#16648 = VECTOR('',#16649,1.);
#16649 = DIRECTION('',(0.,1.,0.));
#16650 = ORIENTED_EDGE('',*,*,#16651,.T.);
#16651 = EDGE_CURVE('',#16644,#4237,#16652,.T.);
#16652 = LINE('',#16653,#16654);
#16653 = CARTESIAN_POINT('',(81.,-225.,0.));
#16654 = VECTOR('',#16655,1.);
#16655 = DIRECTION('',(1.,0.,0.));
#16656 = FACE_BOUND('',#16657,.T.);
#16657 = EDGE_LOOP('',(#16658,#16659,#16660,#16661));
#16658 = ORIENTED_EDGE('',*,*,#6068,.F.);
#16659 = ORIENTED_EDGE('',*,*,#6037,.T.);
#16660 = ORIENTED_EDGE('',*,*,#6092,.F.);
#16661 = ORIENTED_EDGE('',*,*,#6116,.F.);
#16662 = FACE_BOUND('',#16663,.T.);
#16663 = EDGE_LOOP('',(#16664,#16665,#16666,#16667));
#16664 = ORIENTED_EDGE('',*,*,#7508,.F.);
#16665 = ORIENTED_EDGE('',*,*,#7477,.T.);
#16666 = ORIENTED_EDGE('',*,*,#7532,.F.);
#16667 = ORIENTED_EDGE('',*,*,#7556,.F.);
#16668 = FACE_BOUND('',#16669,.T.);
#16669 = EDGE_LOOP('',(#16670,#16671,#16672,#16673));
#16670 = ORIENTED_EDGE('',*,*,#11469,.F.);
#16671 = ORIENTED_EDGE('',*,*,#11438,.T.);
#16672 = ORIENTED_EDGE('',*,*,#11493,.F.);
#16673 = ORIENTED_EDGE('',*,*,#11517,.F.);
#16674 = FACE_BOUND('',#16675,.T.);
#16675 = EDGE_LOOP('',(#16676,#16677,#16678,#16679));
#16676 = ORIENTED_EDGE('',*,*,#7700,.F.);
#16677 = ORIENTED_EDGE('',*,*,#7669,.T.);
#16678 = ORIENTED_EDGE('',*,*,#7724,.F.);
#16679 = ORIENTED_EDGE('',*,*,#7748,.F.);
#16680 = FACE_BOUND('',#16681,.T.);
#16681 = EDGE_LOOP('',(#16682,#16683,#16684,#16685));
#16682 = ORIENTED_EDGE('',*,*,#5924,.F.);
#16683 = ORIENTED_EDGE('',*,*,#5876,.F.);
#16684 = ORIENTED_EDGE('',*,*,#5845,.T.);
#16685 = ORIENTED_EDGE('',*,*,#5900,.F.);
#16686 = FACE_BOUND('',#16687,.T.);
#16687 = EDGE_LOOP('',(#16688,#16689,#16690,#16691));
#16688 = ORIENTED_EDGE('',*,*,#10893,.F.);
#16689 = ORIENTED_EDGE('',*,*,#10862,.T.);
#16690 = ORIENTED_EDGE('',*,*,#10917,.F.);
#16691 = ORIENTED_EDGE('',*,*,#10941,.F.);
#16692 = FACE_BOUND('',#16693,.T.);
#16693 = EDGE_LOOP('',(#16694,#16695,#16696,#16697));
#16694 = ORIENTED_EDGE('',*,*,#11661,.F.);
#16695 = ORIENTED_EDGE('',*,*,#11630,.T.);
#16696 = ORIENTED_EDGE('',*,*,#11685,.F.);
#16697 = ORIENTED_EDGE('',*,*,#11709,.F.);
#16698 = FACE_BOUND('',#16699,.T.);
#16699 = EDGE_LOOP('',(#16700,#16701,#16702,#16703));
#16700 = ORIENTED_EDGE('',*,*,#6932,.F.);
#16701 = ORIENTED_EDGE('',*,*,#6901,.T.);
#16702 = ORIENTED_EDGE('',*,*,#6956,.F.);
#16703 = ORIENTED_EDGE('',*,*,#6980,.F.);
#16704 = FACE_BOUND('',#16705,.T.);
#16705 = EDGE_LOOP('',(#16706,#16707,#16708,#16709));
#16706 = ORIENTED_EDGE('',*,*,#8756,.F.);
#16707 = ORIENTED_EDGE('',*,*,#8725,.T.);
#16708 = ORIENTED_EDGE('',*,*,#8780,.F.);
#16709 = ORIENTED_EDGE('',*,*,#8804,.T.);
#16710 = FACE_BOUND('',#16711,.T.);
#16711 = EDGE_LOOP('',(#16712,#16713,#16714,#16715));
#16712 = ORIENTED_EDGE('',*,*,#9806,.F.);
#16713 = ORIENTED_EDGE('',*,*,#9861,.T.);
#16714 = ORIENTED_EDGE('',*,*,#9885,.F.);
#16715 = ORIENTED_EDGE('',*,*,#9837,.T.);
#16716 = FACE_BOUND('',#16717,.T.);
#16717 = EDGE_LOOP('',(#16718,#16719,#16720,#16721));
#16718 = ORIENTED_EDGE('',*,*,#14030,.F.);
#16719 = ORIENTED_EDGE('',*,*,#14085,.T.);
#16720 = ORIENTED_EDGE('',*,*,#14109,.F.);
#16721 = ORIENTED_EDGE('',*,*,#14061,.T.);
#16722 = FACE_BOUND('',#16723,.T.);
#16723 = EDGE_LOOP('',(#16724,#16725,#16726,#16727));
#16724 = ORIENTED_EDGE('',*,*,#14414,.F.);
#16725 = ORIENTED_EDGE('',*,*,#14469,.T.);
#16726 = ORIENTED_EDGE('',*,*,#14493,.F.);
#16727 = ORIENTED_EDGE('',*,*,#14445,.T.);
#16728 = FACE_BOUND('',#16729,.T.);
#16729 = EDGE_LOOP('',(#16730,#16731,#16732,#16733));
#16730 = ORIENTED_EDGE('',*,*,#13934,.F.);
#16731 = ORIENTED_EDGE('',*,*,#13989,.T.);
#16732 = ORIENTED_EDGE('',*,*,#14013,.F.);
#16733 = ORIENTED_EDGE('',*,*,#13965,.T.);
#16734 = FACE_BOUND('',#16735,.T.);
#16735 = EDGE_LOOP('',(#16736,#16737,#16738,#16739));
#16736 = ORIENTED_EDGE('',*,*,#9518,.F.);
#16737 = ORIENTED_EDGE('',*,*,#9573,.T.);
#16738 = ORIENTED_EDGE('',*,*,#9597,.F.);
#16739 = ORIENTED_EDGE('',*,*,#9549,.T.);
#16740 = FACE_BOUND('',#16741,.T.);
#16741 = EDGE_LOOP('',(#16742,#16743,#16744,#16745));
#16742 = ORIENTED_EDGE('',*,*,#9614,.F.);
#16743 = ORIENTED_EDGE('',*,*,#9669,.T.);
#16744 = ORIENTED_EDGE('',*,*,#9693,.F.);
#16745 = ORIENTED_EDGE('',*,*,#9645,.T.);
#16746 = FACE_BOUND('',#16747,.T.);
#16747 = EDGE_LOOP('',(#16748,#16749,#16750,#16751));
#16748 = ORIENTED_EDGE('',*,*,#9422,.F.);
#16749 = ORIENTED_EDGE('',*,*,#9477,.T.);
#16750 = ORIENTED_EDGE('',*,*,#9501,.F.);
#16751 = ORIENTED_EDGE('',*,*,#9453,.T.);
#16752 = FACE_BOUND('',#16753,.T.);
#16753 = EDGE_LOOP('',(#16754,#16755,#16756,#16757));
#16754 = ORIENTED_EDGE('',*,*,#15470,.F.);
#16755 = ORIENTED_EDGE('',*,*,#15525,.T.);
#16756 = ORIENTED_EDGE('',*,*,#15549,.F.);
#16757 = ORIENTED_EDGE('',*,*,#15501,.T.);
#16758 = FACE_BOUND('',#16759,.T.);
#16759 = EDGE_LOOP('',(#16760,#16761,#16762,#16763));
#16760 = ORIENTED_EDGE('',*,*,#13389,.T.);
#16761 = ORIENTED_EDGE('',*,*,#13358,.F.);
#16762 = ORIENTED_EDGE('',*,*,#13413,.T.);
#16763 = ORIENTED_EDGE('',*,*,#13437,.F.);
#16764 = FACE_BOUND('',#16765,.T.);
#16765 = EDGE_LOOP('',(#16766,#16767,#16768,#16769));
#16766 = ORIENTED_EDGE('',*,*,#12206,.F.);
#16767 = ORIENTED_EDGE('',*,*,#12261,.T.);
#16768 = ORIENTED_EDGE('',*,*,#12285,.F.);
#16769 = ORIENTED_EDGE('',*,*,#12237,.T.);
#16770 = FACE_BOUND('',#16771,.T.);
#16771 = EDGE_LOOP('',(#16772,#16773,#16774,#16775));
#16772 = ORIENTED_EDGE('',*,*,#8876,.F.);
#16773 = ORIENTED_EDGE('',*,*,#8900,.T.);
#16774 = ORIENTED_EDGE('',*,*,#8852,.F.);
#16775 = ORIENTED_EDGE('',*,*,#8821,.T.);
#16776 = FACE_BOUND('',#16777,.T.);
#16777 = EDGE_LOOP('',(#16778,#16779,#16780,#16781));
#16778 = ORIENTED_EDGE('',*,*,#12302,.F.);
#16779 = ORIENTED_EDGE('',*,*,#12357,.T.);
#16780 = ORIENTED_EDGE('',*,*,#12381,.F.);
#16781 = ORIENTED_EDGE('',*,*,#12333,.T.);
#16782 = FACE_BOUND('',#16783,.T.);
#16783 = EDGE_LOOP('',(#16784,#16785,#16786,#16787));
#16784 = ORIENTED_EDGE('',*,*,#12398,.F.);
#16785 = ORIENTED_EDGE('',*,*,#12453,.T.);
#16786 = ORIENTED_EDGE('',*,*,#12477,.F.);
#16787 = ORIENTED_EDGE('',*,*,#12429,.T.);
#16788 = FACE_BOUND('',#16789,.T.);
#16789 = EDGE_LOOP('',(#16790,#16791,#16792,#16793));
#16790 = ORIENTED_EDGE('',*,*,#12494,.F.);
#16791 = ORIENTED_EDGE('',*,*,#12549,.T.);
#16792 = ORIENTED_EDGE('',*,*,#12573,.F.);
#16793 = ORIENTED_EDGE('',*,*,#12525,.T.);
#16794 = FACE_BOUND('',#16795,.T.);
#16795 = EDGE_LOOP('',(#16796,#16797,#16798,#16799));
#16796 = ORIENTED_EDGE('',*,*,#8437,.F.);
#16797 = ORIENTED_EDGE('',*,*,#8492,.T.);
#16798 = ORIENTED_EDGE('',*,*,#8516,.F.);
#16799 = ORIENTED_EDGE('',*,*,#8468,.T.);
#16800 = FACE_BOUND('',#16801,.T.);
#16801 = EDGE_LOOP('',(#16802,#16803,#16804,#16805));
#16802 = ORIENTED_EDGE('',*,*,#14222,.F.);
#16803 = ORIENTED_EDGE('',*,*,#14277,.T.);
#16804 = ORIENTED_EDGE('',*,*,#14301,.F.);
#16805 = ORIENTED_EDGE('',*,*,#14253,.T.);
#16806 = FACE_BOUND('',#16807,.T.);
#16807 = EDGE_LOOP('',(#16808,#16809,#16810,#16811));
#16808 = ORIENTED_EDGE('',*,*,#12686,.F.);
#16809 = ORIENTED_EDGE('',*,*,#12741,.T.);
#16810 = ORIENTED_EDGE('',*,*,#12765,.F.);
#16811 = ORIENTED_EDGE('',*,*,#12717,.T.);
#16812 = FACE_BOUND('',#16813,.T.);
#16813 = EDGE_LOOP('',(#16814,#16815,#16816,#16817));
#16814 = ORIENTED_EDGE('',*,*,#12782,.F.);
#16815 = ORIENTED_EDGE('',*,*,#12837,.T.);
#16816 = ORIENTED_EDGE('',*,*,#12861,.F.);
#16817 = ORIENTED_EDGE('',*,*,#12813,.T.);
#16818 = FACE_BOUND('',#16819,.T.);
#16819 = EDGE_LOOP('',(#16820,#16821,#16822,#16823));
#16820 = ORIENTED_EDGE('',*,*,#11277,.T.);
#16821 = ORIENTED_EDGE('',*,*,#11246,.F.);
#16822 = ORIENTED_EDGE('',*,*,#11301,.T.);
#16823 = ORIENTED_EDGE('',*,*,#11325,.F.);
#16824 = FACE_BOUND('',#16825,.T.);
#16825 = EDGE_LOOP('',(#16826,#16827,#16828,#16829));
#16826 = ORIENTED_EDGE('',*,*,#12878,.F.);
#16827 = ORIENTED_EDGE('',*,*,#12933,.T.);
#16828 = ORIENTED_EDGE('',*,*,#12957,.F.);
#16829 = ORIENTED_EDGE('',*,*,#12909,.T.);
#16830 = FACE_BOUND('',#16831,.T.);
#16831 = EDGE_LOOP('',(#16832,#16833,#16834,#16835));
#16832 = ORIENTED_EDGE('',*,*,#15597,.F.);
#16833 = ORIENTED_EDGE('',*,*,#15566,.T.);
#16834 = ORIENTED_EDGE('',*,*,#15621,.F.);
#16835 = ORIENTED_EDGE('',*,*,#15645,.T.);
#16836 = FACE_BOUND('',#16837,.T.);
#16837 = EDGE_LOOP('',(#16838,#16839,#16840,#16841));
#16838 = ORIENTED_EDGE('',*,*,#13485,.F.);
#16839 = ORIENTED_EDGE('',*,*,#13454,.T.);
#16840 = ORIENTED_EDGE('',*,*,#13509,.F.);
#16841 = ORIENTED_EDGE('',*,*,#13533,.T.);
#16842 = FACE_BOUND('',#16843,.T.);
#16843 = EDGE_LOOP('',(#16844,#16845,#16846,#16847));
#16844 = ORIENTED_EDGE('',*,*,#15374,.F.);
#16845 = ORIENTED_EDGE('',*,*,#15429,.T.);
#16846 = ORIENTED_EDGE('',*,*,#15453,.F.);
#16847 = ORIENTED_EDGE('',*,*,#15405,.T.);
#16848 = FACE_BOUND('',#16849,.T.);
#16849 = EDGE_LOOP('',(#16850,#16851,#16852,#16853));
#16850 = ORIENTED_EDGE('',*,*,#5972,.F.);
#16851 = ORIENTED_EDGE('',*,*,#5941,.T.);
#16852 = ORIENTED_EDGE('',*,*,#5996,.F.);
#16853 = ORIENTED_EDGE('',*,*,#6020,.F.);
#16854 = FACE_BOUND('',#16855,.T.);
#16855 = EDGE_LOOP('',(#16856,#16857,#16858,#16859));
#16856 = ORIENTED_EDGE('',*,*,#13293,.T.);
#16857 = ORIENTED_EDGE('',*,*,#13262,.F.);
#16858 = ORIENTED_EDGE('',*,*,#13317,.T.);
#16859 = ORIENTED_EDGE('',*,*,#13341,.F.);
#16860 = FACE_BOUND('',#16861,.T.);
#16861 = EDGE_LOOP('',(#16862,#16863,#16864,#16865));
#16862 = ORIENTED_EDGE('',*,*,#12045,.T.);
#16863 = ORIENTED_EDGE('',*,*,#12014,.F.);
#16864 = ORIENTED_EDGE('',*,*,#12069,.T.);
#16865 = ORIENTED_EDGE('',*,*,#12093,.F.);
#16866 = FACE_BOUND('',#16867,.T.);
#16867 = EDGE_LOOP('',(#16868,#16869,#16870,#16871));
#16868 = ORIENTED_EDGE('',*,*,#11853,.T.);
#16869 = ORIENTED_EDGE('',*,*,#11822,.F.);
#16870 = ORIENTED_EDGE('',*,*,#11877,.T.);
#16871 = ORIENTED_EDGE('',*,*,#11901,.F.);
#16872 = FACE_BOUND('',#16873,.T.);
#16873 = EDGE_LOOP('',(#16874,#16875,#16876,#16877));
#16874 = ORIENTED_EDGE('',*,*,#11181,.T.);
#16875 = ORIENTED_EDGE('',*,*,#11150,.F.);
#16876 = ORIENTED_EDGE('',*,*,#11205,.T.);
#16877 = ORIENTED_EDGE('',*,*,#11229,.F.);
#16878 = FACE_BOUND('',#16879,.T.);
#16879 = EDGE_LOOP('',(#16880,#16881,#16882,#16883));
#16880 = ORIENTED_EDGE('',*,*,#11085,.T.);
#16881 = ORIENTED_EDGE('',*,*,#11054,.F.);
#16882 = ORIENTED_EDGE('',*,*,#11109,.T.);
#16883 = ORIENTED_EDGE('',*,*,#11133,.F.);
#16884 = FACE_BOUND('',#16885,.T.);
#16885 = EDGE_LOOP('',(#16886,#16887,#16888,#16889));
#16886 = ORIENTED_EDGE('',*,*,#7892,.T.);
#16887 = ORIENTED_EDGE('',*,*,#7861,.F.);
#16888 = ORIENTED_EDGE('',*,*,#7916,.T.);
#16889 = ORIENTED_EDGE('',*,*,#7940,.F.);
#16890 = FACE_BOUND('',#16891,.T.);
#16891 = EDGE_LOOP('',(#16892,#16893,#16894,#16895));
#16892 = ORIENTED_EDGE('',*,*,#8533,.F.);
#16893 = ORIENTED_EDGE('',*,*,#8588,.T.);
#16894 = ORIENTED_EDGE('',*,*,#8612,.F.);
#16895 = ORIENTED_EDGE('',*,*,#8564,.T.);
#16896 = FACE_BOUND('',#16897,.T.);
#16897 = EDGE_LOOP('',(#16898,#16899,#16900,#16901));
#16898 = ORIENTED_EDGE('',*,*,#7412,.T.);
#16899 = ORIENTED_EDGE('',*,*,#7381,.F.);
#16900 = ORIENTED_EDGE('',*,*,#7436,.T.);
#16901 = ORIENTED_EDGE('',*,*,#7460,.F.);
#16902 = FACE_BOUND('',#16903,.T.);
#16903 = EDGE_LOOP('',(#16904,#16905,#16906,#16907));
#16904 = ORIENTED_EDGE('',*,*,#7316,.T.);
#16905 = ORIENTED_EDGE('',*,*,#7285,.F.);
#16906 = ORIENTED_EDGE('',*,*,#7340,.T.);
#16907 = ORIENTED_EDGE('',*,*,#7364,.F.);
#16908 = FACE_BOUND('',#16909,.T.);
#16909 = EDGE_LOOP('',(#16910,#16911,#16912,#16913));
#16910 = ORIENTED_EDGE('',*,*,#7124,.T.);
#16911 = ORIENTED_EDGE('',*,*,#7093,.F.);
#16912 = ORIENTED_EDGE('',*,*,#7148,.T.);
#16913 = ORIENTED_EDGE('',*,*,#7172,.F.);
#16914 = FACE_BOUND('',#16915,.T.);
#16915 = EDGE_LOOP('',(#16916,#16917,#16918,#16919));
#16916 = ORIENTED_EDGE('',*,*,#6229,.T.);
#16917 = ORIENTED_EDGE('',*,*,#6284,.F.);
#16918 = ORIENTED_EDGE('',*,*,#6308,.T.);
#16919 = ORIENTED_EDGE('',*,*,#6260,.F.);
#16920 = FACE_BOUND('',#16921,.T.);
#16921 = EDGE_LOOP('',(#16922,#16923,#16924,#16925));
#16922 = ORIENTED_EDGE('',*,*,#6164,.F.);
#16923 = ORIENTED_EDGE('',*,*,#6133,.T.);
#16924 = ORIENTED_EDGE('',*,*,#6188,.F.);
#16925 = ORIENTED_EDGE('',*,*,#6212,.T.);
#16926 = FACE_BOUND('',#16927,.T.);
#16927 = EDGE_LOOP('',(#16928,#16929,#16930,#16931));
#16928 = ORIENTED_EDGE('',*,*,#8341,.F.);
#16929 = ORIENTED_EDGE('',*,*,#8396,.T.);
#16930 = ORIENTED_EDGE('',*,*,#8420,.F.);
#16931 = ORIENTED_EDGE('',*,*,#8372,.T.);
#16932 = FACE_BOUND('',#16933,.T.);
#16933 = EDGE_LOOP('',(#16934,#16935,#16936,#16937));
#16934 = ORIENTED_EDGE('',*,*,#8245,.F.);
#16935 = ORIENTED_EDGE('',*,*,#8300,.T.);
#16936 = ORIENTED_EDGE('',*,*,#8324,.F.);
#16937 = ORIENTED_EDGE('',*,*,#8276,.T.);
#16938 = FACE_BOUND('',#16939,.T.);
#16939 = EDGE_LOOP('',(#16940,#16941,#16942,#16943));
#16940 = ORIENTED_EDGE('',*,*,#6452,.F.);
#16941 = ORIENTED_EDGE('',*,*,#6421,.T.);
#16942 = ORIENTED_EDGE('',*,*,#6476,.F.);
#16943 = ORIENTED_EDGE('',*,*,#6500,.T.);
#16944 = FACE_BOUND('',#16945,.T.);
#16945 = EDGE_LOOP('',(#16946,#16947,#16948,#16949));
#16946 = ORIENTED_EDGE('',*,*,#8149,.F.);
#16947 = ORIENTED_EDGE('',*,*,#8204,.T.);
#16948 = ORIENTED_EDGE('',*,*,#8228,.F.);
#16949 = ORIENTED_EDGE('',*,*,#8180,.T.);
#16950 = FACE_BOUND('',#16951,.T.);
#16951 = EDGE_LOOP('',(#16952,#16953,#16954,#16955));
#16952 = ORIENTED_EDGE('',*,*,#9326,.F.);
#16953 = ORIENTED_EDGE('',*,*,#9381,.T.);
#16954 = ORIENTED_EDGE('',*,*,#9405,.F.);
#16955 = ORIENTED_EDGE('',*,*,#9357,.T.);
#16956 = FACE_BOUND('',#16957,.T.);
#16957 = EDGE_LOOP('',(#16958,#16959,#16960,#16961));
#16958 = ORIENTED_EDGE('',*,*,#6613,.F.);
#16959 = ORIENTED_EDGE('',*,*,#6668,.T.);
#16960 = ORIENTED_EDGE('',*,*,#6692,.F.);
#16961 = ORIENTED_EDGE('',*,*,#6644,.T.);
#16962 = FACE_BOUND('',#16963,.T.);
#16963 = EDGE_LOOP('',(#16964,#16965,#16966,#16967));
#16964 = ORIENTED_EDGE('',*,*,#9902,.F.);
#16965 = ORIENTED_EDGE('',*,*,#9957,.T.);
#16966 = ORIENTED_EDGE('',*,*,#9981,.F.);
#16967 = ORIENTED_EDGE('',*,*,#9933,.T.);
#16968 = FACE_BOUND('',#16969,.T.);
#16969 = EDGE_LOOP('',(#16970,#16971,#16972,#16973));
#16970 = ORIENTED_EDGE('',*,*,#7988,.T.);
#16971 = ORIENTED_EDGE('',*,*,#7957,.F.);
#16972 = ORIENTED_EDGE('',*,*,#8012,.T.);
#16973 = ORIENTED_EDGE('',*,*,#8036,.F.);
#16974 = FACE_BOUND('',#16975,.T.);
#16975 = EDGE_LOOP('',(#16976,#16977,#16978,#16979));
#16976 = ORIENTED_EDGE('',*,*,#13646,.F.);
#16977 = ORIENTED_EDGE('',*,*,#13701,.T.);
#16978 = ORIENTED_EDGE('',*,*,#13725,.F.);
#16979 = ORIENTED_EDGE('',*,*,#13677,.T.);
#16980 = FACE_BOUND('',#16981,.T.);
#16981 = EDGE_LOOP('',(#16982,#16983,#16984,#16985));
#16982 = ORIENTED_EDGE('',*,*,#14318,.F.);
#16983 = ORIENTED_EDGE('',*,*,#14373,.T.);
#16984 = ORIENTED_EDGE('',*,*,#14397,.F.);
#16985 = ORIENTED_EDGE('',*,*,#14349,.T.);
#16986 = FACE_BOUND('',#16987,.T.);
#16987 = EDGE_LOOP('',(#16988,#16989,#16990,#16991));
#16988 = ORIENTED_EDGE('',*,*,#13838,.F.);
#16989 = ORIENTED_EDGE('',*,*,#13893,.T.);
#16990 = ORIENTED_EDGE('',*,*,#13917,.F.);
#16991 = ORIENTED_EDGE('',*,*,#13869,.T.);
#16992 = FACE_BOUND('',#16993,.T.);
#16993 = EDGE_LOOP('',(#16994,#16995,#16996,#16997));
#16994 = ORIENTED_EDGE('',*,*,#13550,.F.);
#16995 = ORIENTED_EDGE('',*,*,#13605,.T.);
#16996 = ORIENTED_EDGE('',*,*,#13629,.F.);
#16997 = ORIENTED_EDGE('',*,*,#13581,.T.);
#16998 = FACE_BOUND('',#16999,.T.);
#16999 = EDGE_LOOP('',(#17000,#17001,#17002,#17003));
#17000 = ORIENTED_EDGE('',*,*,#14126,.F.);
#17001 = ORIENTED_EDGE('',*,*,#14181,.T.);
#17002 = ORIENTED_EDGE('',*,*,#14205,.F.);
#17003 = ORIENTED_EDGE('',*,*,#14157,.T.);
#17004 = FACE_BOUND('',#17005,.T.);
#17005 = EDGE_LOOP('',(#17006,#17007,#17008,#17009));
#17006 = ORIENTED_EDGE('',*,*,#9710,.F.);
#17007 = ORIENTED_EDGE('',*,*,#9765,.T.);
#17008 = ORIENTED_EDGE('',*,*,#9789,.F.);
#17009 = ORIENTED_EDGE('',*,*,#9741,.T.);
#17010 = FACE_BOUND('',#17011,.T.);
#17011 = EDGE_LOOP('',(#17012,#17013,#17014,#17015));
#17012 = ORIENTED_EDGE('',*,*,#8053,.F.);
#17013 = ORIENTED_EDGE('',*,*,#8108,.T.);
#17014 = ORIENTED_EDGE('',*,*,#8132,.F.);
#17015 = ORIENTED_EDGE('',*,*,#8084,.T.);
#17016 = FACE_BOUND('',#17017,.T.);
#17017 = EDGE_LOOP('',(#17018,#17019,#17020,#17021));
#17018 = ORIENTED_EDGE('',*,*,#13773,.F.);
#17019 = ORIENTED_EDGE('',*,*,#13742,.T.);
#17020 = ORIENTED_EDGE('',*,*,#13797,.F.);
#17021 = ORIENTED_EDGE('',*,*,#13821,.T.);
#17022 = FACE_BOUND('',#17023,.T.);
#17023 = EDGE_LOOP('',(#17024,#17025,#17026,#17027));
#17024 = ORIENTED_EDGE('',*,*,#8917,.F.);
#17025 = ORIENTED_EDGE('',*,*,#8972,.T.);
#17026 = ORIENTED_EDGE('',*,*,#8996,.F.);
#17027 = ORIENTED_EDGE('',*,*,#8948,.T.);
#17028 = FACE_BOUND('',#17029,.T.);
#17029 = EDGE_LOOP('',(#17030,#17031,#17032,#17033));
#17030 = ORIENTED_EDGE('',*,*,#14510,.F.);
#17031 = ORIENTED_EDGE('',*,*,#14565,.T.);
#17032 = ORIENTED_EDGE('',*,*,#14589,.F.);
#17033 = ORIENTED_EDGE('',*,*,#14541,.T.);
#17034 = FACE_BOUND('',#17035,.T.);
#17035 = EDGE_LOOP('',(#17036,#17037,#17038,#17039));
#17036 = ORIENTED_EDGE('',*,*,#6572,.F.);
#17037 = ORIENTED_EDGE('',*,*,#6596,.T.);
#17038 = ORIENTED_EDGE('',*,*,#6548,.F.);
#17039 = ORIENTED_EDGE('',*,*,#6517,.T.);
#17040 = FACE_BOUND('',#17041,.T.);
#17041 = EDGE_LOOP('',(#17042,#17043,#17044,#17045));
#17042 = ORIENTED_EDGE('',*,*,#12590,.F.);
#17043 = ORIENTED_EDGE('',*,*,#12645,.T.);
#17044 = ORIENTED_EDGE('',*,*,#12669,.F.);
#17045 = ORIENTED_EDGE('',*,*,#12621,.T.);
#17046 = FACE_BOUND('',#17047,.T.);
#17047 = EDGE_LOOP('',(#17048,#17049,#17050,#17051));
#17048 = ORIENTED_EDGE('',*,*,#8629,.F.);
#17049 = ORIENTED_EDGE('',*,*,#8684,.T.);
#17050 = ORIENTED_EDGE('',*,*,#8708,.F.);
#17051 = ORIENTED_EDGE('',*,*,#8660,.T.);
#17052 = FACE_BOUND('',#17053,.T.);
#17053 = EDGE_LOOP('',(#17054,#17055,#17056,#17057));
#17054 = ORIENTED_EDGE('',*,*,#6356,.T.);
#17055 = ORIENTED_EDGE('',*,*,#6325,.F.);
#17056 = ORIENTED_EDGE('',*,*,#6380,.T.);
#17057 = ORIENTED_EDGE('',*,*,#6404,.F.);
#17058 = FACE_BOUND('',#17059,.T.);
#17059 = EDGE_LOOP('',(#17060,#17061,#17062,#17063));
#17060 = ORIENTED_EDGE('',*,*,#7220,.T.);
#17061 = ORIENTED_EDGE('',*,*,#7189,.F.);
#17062 = ORIENTED_EDGE('',*,*,#7244,.T.);
#17063 = ORIENTED_EDGE('',*,*,#7268,.F.);
#17064 = FACE_BOUND('',#17065,.T.);
#17065 = EDGE_LOOP('',(#17066,#17067,#17068,#17069));
#17066 = ORIENTED_EDGE('',*,*,#7796,.T.);
#17067 = ORIENTED_EDGE('',*,*,#7765,.F.);
#17068 = ORIENTED_EDGE('',*,*,#7820,.T.);
#17069 = ORIENTED_EDGE('',*,*,#7844,.F.);
#17070 = FACE_BOUND('',#17071,.T.);
#17071 = EDGE_LOOP('',(#17072,#17073,#17074,#17075));
#17072 = ORIENTED_EDGE('',*,*,#11373,.T.);
#17073 = ORIENTED_EDGE('',*,*,#11342,.F.);
#17074 = ORIENTED_EDGE('',*,*,#11397,.T.);
#17075 = ORIENTED_EDGE('',*,*,#11421,.F.);
#17076 = FACE_BOUND('',#17077,.T.);
#17077 = EDGE_LOOP('',(#17078,#17079,#17080,#17081));
#17078 = ORIENTED_EDGE('',*,*,#11949,.T.);
#17079 = ORIENTED_EDGE('',*,*,#11918,.F.);
#17080 = ORIENTED_EDGE('',*,*,#11973,.T.);
#17081 = ORIENTED_EDGE('',*,*,#11997,.F.);
#17082 = FACE_BOUND('',#17083,.T.);
#17083 = EDGE_LOOP('',(#17084,#17085,#17086,#17087));
#17084 = ORIENTED_EDGE('',*,*,#12141,.T.);
#17085 = ORIENTED_EDGE('',*,*,#12110,.F.);
#17086 = ORIENTED_EDGE('',*,*,#12165,.T.);
#17087 = ORIENTED_EDGE('',*,*,#12189,.F.);
#17088 = FACE_BOUND('',#17089,.T.);
#17089 = EDGE_LOOP('',(#17090,#17091,#17092,#17093));
#17090 = ORIENTED_EDGE('',*,*,#6836,.F.);
#17091 = ORIENTED_EDGE('',*,*,#6805,.T.);
#17092 = ORIENTED_EDGE('',*,*,#6860,.F.);
#17093 = ORIENTED_EDGE('',*,*,#6884,.F.);
#17094 = FACE_BOUND('',#17095,.T.);
#17095 = EDGE_LOOP('',(#17096,#17097,#17098,#17099));
#17096 = ORIENTED_EDGE('',*,*,#13197,.F.);
#17097 = ORIENTED_EDGE('',*,*,#13166,.T.);
#17098 = ORIENTED_EDGE('',*,*,#13221,.F.);
#17099 = ORIENTED_EDGE('',*,*,#13245,.F.);
#17100 = FACE_BOUND('',#17101,.T.);
#17101 = EDGE_LOOP('',(#17102,#17103,#17104,#17105));
#17102 = ORIENTED_EDGE('',*,*,#6740,.F.);
#17103 = ORIENTED_EDGE('',*,*,#6709,.T.);
#17104 = ORIENTED_EDGE('',*,*,#6764,.F.);
#17105 = ORIENTED_EDGE('',*,*,#6788,.F.);
#17106 = FACE_BOUND('',#17107,.T.);
#17107 = EDGE_LOOP('',(#17108,#17109,#17110,#17111));
#17108 = ORIENTED_EDGE('',*,*,#7028,.F.);
#17109 = ORIENTED_EDGE('',*,*,#6997,.T.);
#17110 = ORIENTED_EDGE('',*,*,#7052,.F.);
#17111 = ORIENTED_EDGE('',*,*,#7076,.F.);
#17112 = FACE_BOUND('',#17113,.T.);
#17113 = EDGE_LOOP('',(#17114,#17115,#17116,#17117));
#17114 = ORIENTED_EDGE('',*,*,#10797,.F.);
#17115 = ORIENTED_EDGE('',*,*,#10766,.T.);
#17116 = ORIENTED_EDGE('',*,*,#10821,.F.);
#17117 = ORIENTED_EDGE('',*,*,#10845,.F.);
#17118 = FACE_BOUND('',#17119,.T.);
#17119 = EDGE_LOOP('',(#17120,#17121,#17122,#17123));
#17120 = ORIENTED_EDGE('',*,*,#7604,.F.);
#17121 = ORIENTED_EDGE('',*,*,#7573,.T.);
#17122 = ORIENTED_EDGE('',*,*,#7628,.F.);
#17123 = ORIENTED_EDGE('',*,*,#7652,.F.);
#17124 = FACE_BOUND('',#17125,.T.);
#17125 = EDGE_LOOP('',(#17126,#17127,#17128,#17129));
#17126 = ORIENTED_EDGE('',*,*,#13005,.F.);
#17127 = ORIENTED_EDGE('',*,*,#12974,.T.);
#17128 = ORIENTED_EDGE('',*,*,#13029,.F.);
#17129 = ORIENTED_EDGE('',*,*,#13053,.F.);
#17130 = FACE_BOUND('',#17131,.T.);
#17131 = EDGE_LOOP('',(#17132,#17133,#17134,#17135));
#17132 = ORIENTED_EDGE('',*,*,#15117,.F.);
#17133 = ORIENTED_EDGE('',*,*,#15086,.T.);
#17134 = ORIENTED_EDGE('',*,*,#15141,.F.);
#17135 = ORIENTED_EDGE('',*,*,#15165,.F.);
#17136 = FACE_BOUND('',#17137,.T.);
#17137 = EDGE_LOOP('',(#17138,#17139,#17140,#17141));
#17138 = ORIENTED_EDGE('',*,*,#11565,.F.);
#17139 = ORIENTED_EDGE('',*,*,#11534,.T.);
#17140 = ORIENTED_EDGE('',*,*,#11589,.F.);
#17141 = ORIENTED_EDGE('',*,*,#11613,.F.);
#17142 = FACE_BOUND('',#17143,.T.);
#17143 = EDGE_LOOP('',(#17144,#17145,#17146,#17147));
#17144 = ORIENTED_EDGE('',*,*,#14925,.F.);
#17145 = ORIENTED_EDGE('',*,*,#14894,.T.);
#17146 = ORIENTED_EDGE('',*,*,#14949,.F.);
#17147 = ORIENTED_EDGE('',*,*,#14973,.F.);
#17148 = FACE_BOUND('',#17149,.T.);
#17149 = EDGE_LOOP('',(#17150,#17151,#17152,#17153));
#17150 = ORIENTED_EDGE('',*,*,#11757,.F.);
#17151 = ORIENTED_EDGE('',*,*,#11726,.T.);
#17152 = ORIENTED_EDGE('',*,*,#11781,.F.);
#17153 = ORIENTED_EDGE('',*,*,#11805,.F.);
#17154 = FACE_BOUND('',#17155,.T.);
#17155 = EDGE_LOOP('',(#17156,#17157,#17158,#17159));
#17156 = ORIENTED_EDGE('',*,*,#15309,.F.);
#17157 = ORIENTED_EDGE('',*,*,#15278,.T.);
#17158 = ORIENTED_EDGE('',*,*,#15333,.F.);
#17159 = ORIENTED_EDGE('',*,*,#15357,.F.);
#17160 = FACE_BOUND('',#17161,.T.);
#17161 = EDGE_LOOP('',(#17162,#17163,#17164,#17165));
#17162 = ORIENTED_EDGE('',*,*,#10989,.F.);
#17163 = ORIENTED_EDGE('',*,*,#10958,.T.);
#17164 = ORIENTED_EDGE('',*,*,#11013,.F.);
#17165 = ORIENTED_EDGE('',*,*,#11037,.F.);
#17166 = FACE_BOUND('',#17167,.T.);
#17167 = EDGE_LOOP('',(#17168,#17169,#17170,#17171));
#17168 = ORIENTED_EDGE('',*,*,#10701,.F.);
#17169 = ORIENTED_EDGE('',*,*,#10670,.T.);
#17170 = ORIENTED_EDGE('',*,*,#10725,.F.);
#17171 = ORIENTED_EDGE('',*,*,#10749,.F.);
#17172 = FACE_BOUND('',#17173,.T.);
#17173 = EDGE_LOOP('',(#17174,#17175,#17176,#17177));
#17174 = ORIENTED_EDGE('',*,*,#15789,.F.);
#17175 = ORIENTED_EDGE('',*,*,#15758,.T.);
#17176 = ORIENTED_EDGE('',*,*,#15813,.F.);
#17177 = ORIENTED_EDGE('',*,*,#15837,.F.);
#17178 = FACE_BOUND('',#17179,.T.);
#17179 = EDGE_LOOP('',(#17180,#17181,#17182,#17183));
#17180 = ORIENTED_EDGE('',*,*,#13101,.F.);
#17181 = ORIENTED_EDGE('',*,*,#13070,.T.);
#17182 = ORIENTED_EDGE('',*,*,#13125,.F.);
#17183 = ORIENTED_EDGE('',*,*,#13149,.F.);
#17184 = FACE_BOUND('',#17185,.T.);
#17185 = EDGE_LOOP('',(#17186,#17187,#17188,#17189));
#17186 = ORIENTED_EDGE('',*,*,#15693,.F.);
#17187 = ORIENTED_EDGE('',*,*,#15662,.T.);
#17188 = ORIENTED_EDGE('',*,*,#15717,.F.);
#17189 = ORIENTED_EDGE('',*,*,#15741,.F.);
#17190 = FACE_BOUND('',#17191,.T.);
#17191 = EDGE_LOOP('',(#17192,#17193,#17194,#17195));
#17192 = ORIENTED_EDGE('',*,*,#14637,.F.);
#17193 = ORIENTED_EDGE('',*,*,#14606,.T.);
#17194 = ORIENTED_EDGE('',*,*,#14661,.F.);
#17195 = ORIENTED_EDGE('',*,*,#14685,.F.);
#17196 = FACE_BOUND('',#17197,.T.);
#17197 = EDGE_LOOP('',(#17198,#17199,#17200,#17201));
#17198 = ORIENTED_EDGE('',*,*,#10317,.F.);
#17199 = ORIENTED_EDGE('',*,*,#10286,.T.);
#17200 = ORIENTED_EDGE('',*,*,#10341,.F.);
#17201 = ORIENTED_EDGE('',*,*,#10365,.F.);
#17202 = FACE_BOUND('',#17203,.T.);
#17203 = EDGE_LOOP('',(#17204,#17205,#17206,#17207));
#17204 = ORIENTED_EDGE('',*,*,#14733,.F.);
#17205 = ORIENTED_EDGE('',*,*,#14702,.T.);
#17206 = ORIENTED_EDGE('',*,*,#14757,.F.);
#17207 = ORIENTED_EDGE('',*,*,#14781,.F.);
#17208 = FACE_BOUND('',#17209,.T.);
#17209 = EDGE_LOOP('',(#17210,#17211,#17212,#17213));
#17210 = ORIENTED_EDGE('',*,*,#10509,.F.);
#17211 = ORIENTED_EDGE('',*,*,#10478,.T.);
#17212 = ORIENTED_EDGE('',*,*,#10533,.F.);
#17213 = ORIENTED_EDGE('',*,*,#10557,.F.);
#17214 = FACE_BOUND('',#17215,.T.);
#17215 = EDGE_LOOP('',(#17216,#17217,#17218,#17219));
#17216 = ORIENTED_EDGE('',*,*,#15885,.F.);
#17217 = ORIENTED_EDGE('',*,*,#15854,.T.);
#17218 = ORIENTED_EDGE('',*,*,#15909,.F.);
#17219 = ORIENTED_EDGE('',*,*,#15933,.F.);
#17220 = FACE_BOUND('',#17221,.T.);
#17221 = EDGE_LOOP('',(#17222,#17223,#17224,#17225));
#17222 = ORIENTED_EDGE('',*,*,#10029,.F.);
#17223 = ORIENTED_EDGE('',*,*,#9998,.T.);
#17224 = ORIENTED_EDGE('',*,*,#10053,.F.);
#17225 = ORIENTED_EDGE('',*,*,#10077,.F.);
#17226 = FACE_BOUND('',#17227,.T.);
#17227 = EDGE_LOOP('',(#17228,#17229,#17230,#17231));
#17228 = ORIENTED_EDGE('',*,*,#10125,.F.);
#17229 = ORIENTED_EDGE('',*,*,#10094,.T.);
#17230 = ORIENTED_EDGE('',*,*,#10149,.F.);
#17231 = ORIENTED_EDGE('',*,*,#10173,.F.);
#17232 = FACE_BOUND('',#17233,.T.);
#17233 = EDGE_LOOP('',(#17234,#17235,#17236,#17237));
#17234 = ORIENTED_EDGE('',*,*,#9038,.F.);
#17235 = ORIENTED_EDGE('',*,*,#9093,.T.);
#17236 = ORIENTED_EDGE('',*,*,#9117,.F.);
#17237 = ORIENTED_EDGE('',*,*,#9069,.F.);
#17238 = FACE_BOUND('',#17239,.T.);
#17239 = EDGE_LOOP('',(#17240,#17241,#17242,#17243));
#17240 = ORIENTED_EDGE('',*,*,#10413,.F.);
#17241 = ORIENTED_EDGE('',*,*,#10382,.T.);
#17242 = ORIENTED_EDGE('',*,*,#10437,.F.);
#17243 = ORIENTED_EDGE('',*,*,#10461,.F.);
#17244 = FACE_BOUND('',#17245,.T.);
#17245 = EDGE_LOOP('',(#17246,#17247,#17248,#17249));
#17246 = ORIENTED_EDGE('',*,*,#9261,.F.);
#17247 = ORIENTED_EDGE('',*,*,#9230,.T.);
#17248 = ORIENTED_EDGE('',*,*,#9285,.F.);
#17249 = ORIENTED_EDGE('',*,*,#9309,.F.);
#17250 = FACE_BOUND('',#17251,.T.);
#17251 = EDGE_LOOP('',(#17252,#17253,#17254,#17255));
#17252 = ORIENTED_EDGE('',*,*,#10605,.F.);
#17253 = ORIENTED_EDGE('',*,*,#10574,.T.);
#17254 = ORIENTED_EDGE('',*,*,#10629,.F.);
#17255 = ORIENTED_EDGE('',*,*,#10653,.F.);
#17256 = FACE_BOUND('',#17257,.T.);
#17257 = EDGE_LOOP('',(#17258,#17259,#17260,#17261));
#17258 = ORIENTED_EDGE('',*,*,#15021,.F.);
#17259 = ORIENTED_EDGE('',*,*,#14990,.T.);
#17260 = ORIENTED_EDGE('',*,*,#15045,.F.);
#17261 = ORIENTED_EDGE('',*,*,#15069,.F.);
#17262 = FACE_BOUND('',#17263,.T.);
#17263 = EDGE_LOOP('',(#17264,#17265,#17266,#17267));
#17264 = ORIENTED_EDGE('',*,*,#9165,.F.);
#17265 = ORIENTED_EDGE('',*,*,#9134,.T.);
#17266 = ORIENTED_EDGE('',*,*,#9189,.F.);
#17267 = ORIENTED_EDGE('',*,*,#9213,.F.);
#17268 = FACE_BOUND('',#17269,.T.);
#17269 = EDGE_LOOP('',(#17270,#17271,#17272,#17273));
#17270 = ORIENTED_EDGE('',*,*,#15213,.F.);
#17271 = ORIENTED_EDGE('',*,*,#15182,.T.);
#17272 = ORIENTED_EDGE('',*,*,#15237,.F.);
#17273 = ORIENTED_EDGE('',*,*,#15261,.F.);
#17274 = FACE_BOUND('',#17275,.T.);
#17275 = EDGE_LOOP('',(#17276,#17277,#17278,#17279));
#17276 = ORIENTED_EDGE('',*,*,#14829,.F.);
#17277 = ORIENTED_EDGE('',*,*,#14798,.T.);
#17278 = ORIENTED_EDGE('',*,*,#14853,.F.);
#17279 = ORIENTED_EDGE('',*,*,#14877,.F.);
#17280 = FACE_BOUND('',#17281,.T.);
#17281 = EDGE_LOOP('',(#17282,#17283,#17284,#17285));
#17282 = ORIENTED_EDGE('',*,*,#10221,.F.);
#17283 = ORIENTED_EDGE('',*,*,#10190,.T.);
#17284 = ORIENTED_EDGE('',*,*,#10245,.F.);
#17285 = ORIENTED_EDGE('',*,*,#10269,.F.);
#17286 = FACE_BOUND('',#17287,.T.);
#17287 = EDGE_LOOP('',(#17288));
#17288 = ORIENTED_EDGE('',*,*,#17289,.F.);
#17289 = EDGE_CURVE('',#17290,#17290,#17292,.T.);
#17290 = VERTEX_POINT('',#17291);
#17291 = CARTESIAN_POINT('',(38.3,-222.5,1.9E-14));
#17292 = CIRCLE('',#17293,4.);
#17293 = AXIS2_PLACEMENT_3D('',#17294,#17295,#17296);
#17294 = CARTESIAN_POINT('',(34.3,-222.5,1.898E-14));
#17295 = DIRECTION('',(0.,0.,1.));
#17296 = DIRECTION('',(1.,0.,0.));
#17297 = FACE_BOUND('',#17298,.T.);
#17298 = EDGE_LOOP('',(#17299));
#17299 = ORIENTED_EDGE('',*,*,#17300,.F.);
#17300 = EDGE_CURVE('',#17301,#17301,#17303,.T.);
#17301 = VERTEX_POINT('',#17302);
#17302 = CARTESIAN_POINT('',(-42.7,-222.5,1.9E-14));
#17303 = CIRCLE('',#17304,4.);
#17304 = AXIS2_PLACEMENT_3D('',#17305,#17306,#17307);
#17305 = CARTESIAN_POINT('',(-46.7,-222.5,1.898E-14));
#17306 = DIRECTION('',(0.,0.,1.));
#17307 = DIRECTION('',(1.,0.,0.));
#17308 = FACE_BOUND('',#17309,.T.);
#17309 = EDGE_LOOP('',(#17310));
#17310 = ORIENTED_EDGE('',*,*,#17311,.F.);
#17311 = EDGE_CURVE('',#17312,#17312,#17314,.T.);
#17312 = VERTEX_POINT('',#17313);
#17313 = CARTESIAN_POINT('',(77.8,-120.5,1.9E-14));
#17314 = CIRCLE('',#17315,4.);
#17315 = AXIS2_PLACEMENT_3D('',#17316,#17317,#17318);
#17316 = CARTESIAN_POINT('',(73.8,-120.5,1.898E-14));
#17317 = DIRECTION('',(0.,0.,1.));
#17318 = DIRECTION('',(1.,0.,0.));
#17319 = FACE_BOUND('',#17320,.T.);
#17320 = EDGE_LOOP('',(#17321));
#17321 = ORIENTED_EDGE('',*,*,#17322,.F.);
#17322 = EDGE_CURVE('',#17323,#17323,#17325,.T.);
#17323 = VERTEX_POINT('',#17324);
#17324 = CARTESIAN_POINT('',(-42.7,-18.5,1.9E-14));
#17325 = CIRCLE('',#17326,4.);
#17326 = AXIS2_PLACEMENT_3D('',#17327,#17328,#17329);
#17327 = CARTESIAN_POINT('',(-46.7,-18.5,1.898E-14));
#17328 = DIRECTION('',(0.,0.,1.));
#17329 = DIRECTION('',(1.,0.,0.));
#17330 = FACE_BOUND('',#17331,.T.);
#17331 = EDGE_LOOP('',(#17332));
#17332 = ORIENTED_EDGE('',*,*,#17333,.F.);
#17333 = EDGE_CURVE('',#17334,#17334,#17336,.T.);
#17334 = VERTEX_POINT('',#17335);
#17335 = CARTESIAN_POINT('',(38.3,-18.5,1.9E-14));
#17336 = CIRCLE('',#17337,4.);
#17337 = AXIS2_PLACEMENT_3D('',#17338,#17339,#17340);
#17338 = CARTESIAN_POINT('',(34.3,-18.5,1.898E-14));
#17339 = DIRECTION('',(0.,0.,1.));
#17340 = DIRECTION('',(1.,0.,0.));
#17341 = PLANE('',#17342);
#17342 = AXIS2_PLACEMENT_3D('',#17343,#17344,#17345);
#17343 = CARTESIAN_POINT('',(6.985210189767,-120.,1.744E-14));
#17344 = DIRECTION('',(0.,0.,1.));
#17345 = DIRECTION('',(1.,0.,0.));
#17346 = ADVANCED_FACE('',(#17347),#17365,.T.);
#17347 = FACE_BOUND('',#17348,.T.);
#17348 = EDGE_LOOP('',(#17349,#17350,#17356,#17357,#17363,#17364));
#17349 = ORIENTED_EDGE('',*,*,#16651,.F.);
#17350 = ORIENTED_EDGE('',*,*,#17351,.T.);
#17351 = EDGE_CURVE('',#16644,#16033,#17352,.T.);
#17352 = LINE('',#17353,#17354);
#17353 = CARTESIAN_POINT('',(81.,-225.,0.));
#17354 = VECTOR('',#17355,1.);
#17355 = DIRECTION('',(0.,0.,1.));
#17356 = ORIENTED_EDGE('',*,*,#16032,.F.);
#17357 = ORIENTED_EDGE('',*,*,#17358,.T.);
#17358 = EDGE_CURVE('',#16025,#16340,#17359,.T.);
#17359 = LINE('',#17360,#17361);
#17360 = CARTESIAN_POINT('',(82.,-225.,15.));
#17361 = VECTOR('',#17362,1.);
#17362 = DIRECTION('',(0.,0.,-1.));
#17363 = ORIENTED_EDGE('',*,*,#16339,.T.);
#17364 = ORIENTED_EDGE('',*,*,#4236,.F.);
#17365 = PLANE('',#17366);
#17366 = AXIS2_PLACEMENT_3D('',#17367,#17368,#17369);
#17367 = CARTESIAN_POINT('',(81.,-225.,0.));
#17368 = DIRECTION('',(0.,1.,0.));
#17369 = DIRECTION('',(1.,0.,0.));
#17370 = ADVANCED_FACE('',(#17371),#17382,.T.);
#17371 = FACE_BOUND('',#17372,.F.);
#17372 = EDGE_LOOP('',(#17373,#17374,#17380,#17381));
#17373 = ORIENTED_EDGE('',*,*,#5003,.F.);
#17374 = ORIENTED_EDGE('',*,*,#17375,.T.);
#17375 = EDGE_CURVE('',#4996,#16295,#17376,.T.);
#17376 = LINE('',#17377,#17378);
#17377 = CARTESIAN_POINT('',(-83.,-241.,8.757359025871));
#17378 = VECTOR('',#17379,1.);
#17379 = DIRECTION('',(0.,0.,1.));
#17380 = ORIENTED_EDGE('',*,*,#16302,.T.);
#17381 = ORIENTED_EDGE('',*,*,#4970,.F.);
#17382 = PLANE('',#17383);
#17383 = AXIS2_PLACEMENT_3D('',#17384,#17385,#17386);
#17384 = CARTESIAN_POINT('',(-82.,-242.,8.757359025871));
#17385 = DIRECTION('',(-0.707106781187,-0.707106781187,0.));
#17386 = DIRECTION('',(-0.,-0.,-1.));
#17387 = ADVANCED_FACE('',(#17388),#17399,.F.);
#17388 = FACE_BOUND('',#17389,.F.);
#17389 = EDGE_LOOP('',(#17390,#17391,#17397,#17398));
#17390 = ORIENTED_EDGE('',*,*,#5019,.F.);
#17391 = ORIENTED_EDGE('',*,*,#17392,.T.);
#17392 = EDGE_CURVE('',#5020,#16287,#17393,.T.);
#17393 = LINE('',#17394,#17395);
#17394 = CARTESIAN_POINT('',(-83.,1.,8.757359025871));
#17395 = VECTOR('',#17396,1.);
#17396 = DIRECTION('',(0.,0.,1.));
#17397 = ORIENTED_EDGE('',*,*,#16294,.T.);
#17398 = ORIENTED_EDGE('',*,*,#17375,.F.);
#17399 = PLANE('',#17400);
#17400 = AXIS2_PLACEMENT_3D('',#17401,#17402,#17403);
#17401 = CARTESIAN_POINT('',(-83.,6.66E-15,30.));
#17402 = DIRECTION('',(1.,0.,0.));
#17403 = DIRECTION('',(0.,-2.2E-16,-1.));
#17404 = ADVANCED_FACE('',(#17405),#17426,.F.);
#17405 = FACE_BOUND('',#17406,.T.);
#17406 = EDGE_LOOP('',(#17407,#17408,#17409,#17417,#17424,#17425));
#17407 = ORIENTED_EDGE('',*,*,#5056,.F.);
#17408 = ORIENTED_EDGE('',*,*,#5036,.F.);
#17409 = ORIENTED_EDGE('',*,*,#17410,.T.);
#17410 = EDGE_CURVE('',#5037,#17411,#17413,.T.);
#17411 = VERTEX_POINT('',#17412);
#17412 = CARTESIAN_POINT('',(-79.25,-236.,25.));
#17413 = LINE('',#17414,#17415);
#17414 = CARTESIAN_POINT('',(-79.25,-236.,-3.));
#17415 = VECTOR('',#17416,1.);
#17416 = DIRECTION('',(0.,0.,1.));
#17417 = ORIENTED_EDGE('',*,*,#17418,.F.);
#17418 = EDGE_CURVE('',#17411,#17411,#17419,.T.);
#17419 = CIRCLE('',#17420,3.25);
#17420 = AXIS2_PLACEMENT_3D('',#17421,#17422,#17423);
#17421 = CARTESIAN_POINT('',(-76.,-236.,25.));
#17422 = DIRECTION('',(0.,0.,-1.));
#17423 = DIRECTION('',(-1.,0.,0.));
#17424 = ORIENTED_EDGE('',*,*,#17410,.F.);
#17425 = ORIENTED_EDGE('',*,*,#5047,.F.);
#17426 = CYLINDRICAL_SURFACE('',#17427,3.25);
#17427 = AXIS2_PLACEMENT_3D('',#17428,#17429,#17430);
#17428 = CARTESIAN_POINT('',(-76.,-236.,-3.));
#17429 = DIRECTION('',(0.,0.,1.));
#17430 = DIRECTION('',(-1.,0.,0.));
#17431 = ADVANCED_FACE('',(#17432),#17453,.F.);
#17432 = FACE_BOUND('',#17433,.T.);
#17433 = EDGE_LOOP('',(#17434,#17435,#17436,#17444,#17451,#17452));
#17434 = ORIENTED_EDGE('',*,*,#5085,.F.);
#17435 = ORIENTED_EDGE('',*,*,#5065,.F.);
#17436 = ORIENTED_EDGE('',*,*,#17437,.T.);
#17437 = EDGE_CURVE('',#5066,#17438,#17440,.T.);
#17438 = VERTEX_POINT('',#17439);
#17439 = CARTESIAN_POINT('',(-79.25,-4.,25.));
#17440 = LINE('',#17441,#17442);
#17441 = CARTESIAN_POINT('',(-79.25,-4.,-3.));
#17442 = VECTOR('',#17443,1.);
#17443 = DIRECTION('',(0.,0.,1.));
#17444 = ORIENTED_EDGE('',*,*,#17445,.F.);
#17445 = EDGE_CURVE('',#17438,#17438,#17446,.T.);
#17446 = CIRCLE('',#17447,3.25);
#17447 = AXIS2_PLACEMENT_3D('',#17448,#17449,#17450);
#17448 = CARTESIAN_POINT('',(-76.,-4.,25.));
#17449 = DIRECTION('',(0.,0.,-1.));
#17450 = DIRECTION('',(-1.,0.,0.));
#17451 = ORIENTED_EDGE('',*,*,#17437,.F.);
#17452 = ORIENTED_EDGE('',*,*,#5076,.F.);
#17453 = CYLINDRICAL_SURFACE('',#17454,3.25);
#17454 = AXIS2_PLACEMENT_3D('',#17455,#17456,#17457);
#17455 = CARTESIAN_POINT('',(-76.,-4.,-3.));
#17456 = DIRECTION('',(0.,0.,1.));
#17457 = DIRECTION('',(-1.,0.,0.));
#17458 = ADVANCED_FACE('',(#17459),#17465,.F.);
#17459 = FACE_BOUND('',#17460,.T.);
#17460 = EDGE_LOOP('',(#17461,#17462,#17463,#17464));
#17461 = ORIENTED_EDGE('',*,*,#5102,.F.);
#17462 = ORIENTED_EDGE('',*,*,#17392,.T.);
#17463 = ORIENTED_EDGE('',*,*,#16286,.T.);
#17464 = ORIENTED_EDGE('',*,*,#5125,.F.);
#17465 = PLANE('',#17466);
#17466 = AXIS2_PLACEMENT_3D('',#17467,#17468,#17469);
#17467 = CARTESIAN_POINT('',(-82.,2.,8.757359025871));
#17468 = DIRECTION('',(0.707106781187,-0.707106781187,0.));
#17469 = DIRECTION('',(-0.,-0.,-1.));
#17470 = ADVANCED_FACE('',(#17471,#17474),#17485,.T.);
#17471 = FACE_BOUND('',#17472,.T.);
#17472 = EDGE_LOOP('',(#17473));
#17473 = ORIENTED_EDGE('',*,*,#9023,.T.);
#17474 = FACE_BOUND('',#17475,.T.);
#17475 = EDGE_LOOP('',(#17476));
#17476 = ORIENTED_EDGE('',*,*,#17477,.F.);
#17477 = EDGE_CURVE('',#17478,#17478,#17480,.T.);
#17478 = VERTEX_POINT('',#17479);
#17479 = CARTESIAN_POINT('',(74.5,-236.,25.));
#17480 = CIRCLE('',#17481,1.5);
#17481 = AXIS2_PLACEMENT_3D('',#17482,#17483,#17484);
#17482 = CARTESIAN_POINT('',(76.,-236.,25.));
#17483 = DIRECTION('',(0.,0.,-1.));
#17484 = DIRECTION('',(-1.,0.,0.));
#17485 = PLANE('',#17486);
#17486 = AXIS2_PLACEMENT_3D('',#17487,#17488,#17489);
#17487 = CARTESIAN_POINT('',(76.,-236.,25.));
#17488 = DIRECTION('',(0.,0.,-1.));
#17489 = DIRECTION('',(-1.,0.,0.));
#17490 = ADVANCED_FACE('',(#17491),#17502,.T.);
#17491 = FACE_BOUND('',#17492,.T.);
#17492 = EDGE_LOOP('',(#17493,#17494,#17495,#17496));
#17493 = ORIENTED_EDGE('',*,*,#16497,.F.);
#17494 = ORIENTED_EDGE('',*,*,#16481,.T.);
#17495 = ORIENTED_EDGE('',*,*,#16236,.F.);
#17496 = ORIENTED_EDGE('',*,*,#17497,.F.);
#17497 = EDGE_CURVE('',#16498,#16229,#17498,.T.);
#17498 = LINE('',#17499,#17500);
#17499 = CARTESIAN_POINT('',(81.,-10.,0.));
#17500 = VECTOR('',#17501,1.);
#17501 = DIRECTION('',(0.,0.,1.));
#17502 = PLANE('',#17503);
#17503 = AXIS2_PLACEMENT_3D('',#17504,#17505,#17506);
#17504 = CARTESIAN_POINT('',(81.,-15.,0.));
#17505 = DIRECTION('',(-1.,0.,0.));
#17506 = DIRECTION('',(0.,1.,0.));
#17507 = ADVANCED_FACE('',(#17508),#17519,.T.);
#17508 = FACE_BOUND('',#17509,.T.);
#17509 = EDGE_LOOP('',(#17510,#17511,#17512,#17513));
#17510 = ORIENTED_EDGE('',*,*,#16505,.F.);
#17511 = ORIENTED_EDGE('',*,*,#17497,.T.);
#17512 = ORIENTED_EDGE('',*,*,#16228,.F.);
#17513 = ORIENTED_EDGE('',*,*,#17514,.F.);
#17514 = EDGE_CURVE('',#16506,#16221,#17515,.T.);
#17515 = LINE('',#17516,#17517);
#17516 = CARTESIAN_POINT('',(78.8,-10.,0.));
#17517 = VECTOR('',#17518,1.);
#17518 = DIRECTION('',(0.,0.,1.));
#17519 = PLANE('',#17520);
#17520 = AXIS2_PLACEMENT_3D('',#17521,#17522,#17523);
#17521 = CARTESIAN_POINT('',(79.9,-10.,15.));
#17522 = DIRECTION('',(-1.21E-14,-1.,-0.));
#17523 = DIRECTION('',(-1.,1.21E-14,0.));
#17524 = ADVANCED_FACE('',(#17525),#17536,.F.);
#17525 = FACE_BOUND('',#17526,.F.);
#17526 = EDGE_LOOP('',(#17527,#17533,#17534,#17535));
#17527 = ORIENTED_EDGE('',*,*,#17528,.T.);
#17528 = EDGE_CURVE('',#16514,#16213,#17529,.T.);
#17529 = LINE('',#17530,#17531);
#17530 = CARTESIAN_POINT('',(78.8,-13.,0.));
#17531 = VECTOR('',#17532,1.);
#17532 = DIRECTION('',(0.,0.,1.));
#17533 = ORIENTED_EDGE('',*,*,#16220,.T.);
#17534 = ORIENTED_EDGE('',*,*,#17514,.F.);
#17535 = ORIENTED_EDGE('',*,*,#16513,.F.);
#17536 = PLANE('',#17537);
#17537 = AXIS2_PLACEMENT_3D('',#17538,#17539,#17540);
#17538 = CARTESIAN_POINT('',(78.8,-13.,0.));
#17539 = DIRECTION('',(-1.,0.,0.));
#17540 = DIRECTION('',(0.,1.,0.));
#17541 = ADVANCED_FACE('',(#17542),#17553,.F.);
#17542 = FACE_BOUND('',#17543,.F.);
#17543 = EDGE_LOOP('',(#17544,#17550,#17551,#17552));
#17544 = ORIENTED_EDGE('',*,*,#17545,.T.);
#17545 = EDGE_CURVE('',#16522,#16205,#17546,.T.);
#17546 = LINE('',#17547,#17548);
#17547 = CARTESIAN_POINT('',(77.,-13.,0.));
#17548 = VECTOR('',#17549,1.);
#17549 = DIRECTION('',(0.,0.,1.));
#17550 = ORIENTED_EDGE('',*,*,#16212,.T.);
#17551 = ORIENTED_EDGE('',*,*,#17528,.F.);
#17552 = ORIENTED_EDGE('',*,*,#16521,.F.);
#17553 = PLANE('',#17554);
#17554 = AXIS2_PLACEMENT_3D('',#17555,#17556,#17557);
#17555 = CARTESIAN_POINT('',(77.,-13.,0.));
#17556 = DIRECTION('',(0.,1.,0.));
#17557 = DIRECTION('',(1.,0.,0.));
#17558 = ADVANCED_FACE('',(#17559),#17570,.F.);
#17559 = FACE_BOUND('',#17560,.F.);
#17560 = EDGE_LOOP('',(#17561,#17562,#17568,#17569));
#17561 = ORIENTED_EDGE('',*,*,#16529,.F.);
#17562 = ORIENTED_EDGE('',*,*,#17563,.F.);
#17563 = EDGE_CURVE('',#16197,#16530,#17564,.T.);
#17564 = LINE('',#17565,#17566);
#17565 = CARTESIAN_POINT('',(77.,-8.25,0.));
#17566 = VECTOR('',#17567,1.);
#17567 = DIRECTION('',(0.,0.,-1.));
#17568 = ORIENTED_EDGE('',*,*,#16204,.T.);
#17569 = ORIENTED_EDGE('',*,*,#17545,.F.);
#17570 = PLANE('',#17571);
#17571 = AXIS2_PLACEMENT_3D('',#17572,#17573,#17574);
#17572 = CARTESIAN_POINT('',(77.,0.,0.));
#17573 = DIRECTION('',(1.,0.,0.));
#17574 = DIRECTION('',(0.,-1.,0.));
#17575 = ADVANCED_FACE('',(#17576),#17587,.T.);
#17576 = FACE_BOUND('',#17577,.T.);
#17577 = EDGE_LOOP('',(#17578,#17579,#17580,#17581));
#17578 = ORIENTED_EDGE('',*,*,#16537,.F.);
#17579 = ORIENTED_EDGE('',*,*,#17563,.F.);
#17580 = ORIENTED_EDGE('',*,*,#16196,.T.);
#17581 = ORIENTED_EDGE('',*,*,#17582,.F.);
#17582 = EDGE_CURVE('',#16538,#16188,#17583,.T.);
#17583 = LINE('',#17584,#17585);
#17584 = CARTESIAN_POINT('',(76.,-8.25,0.));
#17585 = VECTOR('',#17586,1.);
#17586 = DIRECTION('',(0.,0.,1.));
#17587 = PLANE('',#17588);
#17588 = AXIS2_PLACEMENT_3D('',#17589,#17590,#17591);
#17589 = CARTESIAN_POINT('',(80.25,-8.25,0.));
#17590 = DIRECTION('',(0.,-1.,0.));
#17591 = DIRECTION('',(-1.,0.,0.));
#17592 = ADVANCED_FACE('',(#17593),#17604,.T.);
#17593 = FACE_BOUND('',#17594,.F.);
#17594 = EDGE_LOOP('',(#17595,#17601,#17602,#17603));
#17595 = ORIENTED_EDGE('',*,*,#17596,.T.);
#17596 = EDGE_CURVE('',#16546,#16180,#17597,.T.);
#17597 = LINE('',#17598,#17599);
#17598 = CARTESIAN_POINT('',(71.75,-4.,0.));
#17599 = VECTOR('',#17600,1.);
#17600 = DIRECTION('',(0.,0.,1.));
#17601 = ORIENTED_EDGE('',*,*,#16187,.T.);
#17602 = ORIENTED_EDGE('',*,*,#17582,.F.);
#17603 = ORIENTED_EDGE('',*,*,#16545,.F.);
#17604 = CYLINDRICAL_SURFACE('',#17605,4.25);
#17605 = AXIS2_PLACEMENT_3D('',#17606,#17607,#17608);
#17606 = CARTESIAN_POINT('',(76.,-4.,0.));
#17607 = DIRECTION('',(-0.,-0.,-1.));
#17608 = DIRECTION('',(1.,0.,0.));
#17609 = ADVANCED_FACE('',(#17610),#17621,.T.);
#17610 = FACE_BOUND('',#17611,.T.);
#17611 = EDGE_LOOP('',(#17612,#17613,#17614,#17615));
#17612 = ORIENTED_EDGE('',*,*,#16554,.F.);
#17613 = ORIENTED_EDGE('',*,*,#17596,.T.);
#17614 = ORIENTED_EDGE('',*,*,#16179,.T.);
#17615 = ORIENTED_EDGE('',*,*,#17616,.F.);
#17616 = EDGE_CURVE('',#16555,#16172,#17617,.T.);
#17617 = LINE('',#17618,#17619);
#17618 = CARTESIAN_POINT('',(71.75,3.47E-15,7.645103504258));
#17619 = VECTOR('',#17620,1.);
#17620 = DIRECTION('',(0.,0.,1.));
#17621 = PLANE('',#17622);
#17622 = AXIS2_PLACEMENT_3D('',#17623,#17624,#17625);
#17623 = CARTESIAN_POINT('',(71.75,-4.,0.));
#17624 = DIRECTION('',(-1.,0.,0.));
#17625 = DIRECTION('',(0.,1.,0.));
#17626 = ADVANCED_FACE('',(#17627),#17646,.F.);
#17627 = FACE_BOUND('',#17628,.F.);
#17628 = EDGE_LOOP('',(#17629,#17637,#17638,#17639,#17640));
#17629 = ORIENTED_EDGE('',*,*,#17630,.F.);
#17630 = EDGE_CURVE('',#16164,#17631,#17633,.T.);
#17631 = VERTEX_POINT('',#17632);
#17632 = CARTESIAN_POINT('',(-71.75,0.,1.750002694757));
#17633 = LINE('',#17634,#17635);
#17634 = CARTESIAN_POINT('',(-71.75,3.39E-15,7.645103504258));
#17635 = VECTOR('',#17636,1.);
#17636 = DIRECTION('',(0.,0.,-1.));
#17637 = ORIENTED_EDGE('',*,*,#16171,.F.);
#17638 = ORIENTED_EDGE('',*,*,#17616,.F.);
#17639 = ORIENTED_EDGE('',*,*,#16562,.F.);
#17640 = ORIENTED_EDGE('',*,*,#17641,.F.);
#17641 = EDGE_CURVE('',#17631,#16563,#17642,.T.);
#17642 = LINE('',#17643,#17644);
#17643 = CARTESIAN_POINT('',(-80.,0.,10.));
#17644 = VECTOR('',#17645,1.);
#17645 = DIRECTION('',(0.70710689667,0.,-0.707106665703));
#17646 = PLANE('',#17647);
#17647 = AXIS2_PLACEMENT_3D('',#17648,#17649,#17650);
#17648 = CARTESIAN_POINT('',(1.307898419869,3.4E-15,15.290207008516));
#17649 = DIRECTION('',(0.,1.,0.));
#17650 = DIRECTION('',(0.,0.,1.));
#17651 = ADVANCED_FACE('',(#17652),#17670,.T.);
#17652 = FACE_BOUND('',#17653,.T.);
#17653 = EDGE_LOOP('',(#17654,#17655,#17656,#17664));
#17654 = ORIENTED_EDGE('',*,*,#17630,.F.);
#17655 = ORIENTED_EDGE('',*,*,#16163,.T.);
#17656 = ORIENTED_EDGE('',*,*,#17657,.F.);
#17657 = EDGE_CURVE('',#17658,#16155,#17660,.T.);
#17658 = VERTEX_POINT('',#17659);
#17659 = CARTESIAN_POINT('',(-71.75,-3.999999998753,1.750002694757));
#17660 = LINE('',#17661,#17662);
#17661 = CARTESIAN_POINT('',(-71.75,-3.999999998753,0.));
#17662 = VECTOR('',#17663,1.);
#17663 = DIRECTION('',(0.,0.,1.));
#17664 = ORIENTED_EDGE('',*,*,#17665,.T.);
#17665 = EDGE_CURVE('',#17658,#17631,#17666,.T.);
#17666 = LINE('',#17667,#17668);
#17667 = CARTESIAN_POINT('',(-71.75,0.125,1.750002694757));
#17668 = VECTOR('',#17669,1.);
#17669 = DIRECTION('',(0.,1.,-2.2E-16));
#17670 = PLANE('',#17671);
#17671 = AXIS2_PLACEMENT_3D('',#17672,#17673,#17674);
#17672 = CARTESIAN_POINT('',(-71.75,0.25,0.));
#17673 = DIRECTION('',(1.,0.,0.));
#17674 = DIRECTION('',(0.,-1.,0.));
#17675 = ADVANCED_FACE('',(#17676),#17695,.T.);
#17676 = FACE_BOUND('',#17677,.F.);
#17677 = EDGE_LOOP('',(#17678,#17687,#17693,#17694));
#17678 = ORIENTED_EDGE('',*,*,#17679,.F.);
#17679 = EDGE_CURVE('',#17680,#17658,#17682,.T.);
#17680 = VERTEX_POINT('',#17681);
#17681 = CARTESIAN_POINT('',(-76.,-8.25,6.000001306549));
#17682 = ELLIPSE('',#17683,6.010406658474,4.25);
#17683 = AXIS2_PLACEMENT_3D('',#17684,#17685,#17686);
#17684 = CARTESIAN_POINT('',(-76.,-4.,6.000001306549));
#17685 = DIRECTION('',(0.707106665703,1.6E-16,0.70710689667));
#17686 = DIRECTION('',(0.70710689667,1.6E-16,-0.707106665703));
#17687 = ORIENTED_EDGE('',*,*,#17688,.T.);
#17688 = EDGE_CURVE('',#17680,#16147,#17689,.T.);
#17689 = LINE('',#17690,#17691);
#17690 = CARTESIAN_POINT('',(-76.,-8.25,0.));
#17691 = VECTOR('',#17692,1.);
#17692 = DIRECTION('',(0.,0.,1.));
#17693 = ORIENTED_EDGE('',*,*,#16154,.T.);
#17694 = ORIENTED_EDGE('',*,*,#17657,.F.);
#17695 = CYLINDRICAL_SURFACE('',#17696,4.25);
#17696 = AXIS2_PLACEMENT_3D('',#17697,#17698,#17699);
#17697 = CARTESIAN_POINT('',(-76.,-4.,0.));
#17698 = DIRECTION('',(-0.,-0.,-1.));
#17699 = DIRECTION('',(1.,0.,0.));
#17700 = ADVANCED_FACE('',(#17701),#17719,.T.);
#17701 = FACE_BOUND('',#17702,.T.);
#17702 = EDGE_LOOP('',(#17703,#17711,#17712,#17713));
#17703 = ORIENTED_EDGE('',*,*,#17704,.T.);
#17704 = EDGE_CURVE('',#17705,#17680,#17707,.T.);
#17705 = VERTEX_POINT('',#17706);
#17706 = CARTESIAN_POINT('',(-80.,-8.25,10.));
#17707 = LINE('',#17708,#17709);
#17708 = CARTESIAN_POINT('',(-76.49999967336,-8.25,6.500000816593));
#17709 = VECTOR('',#17710,1.);
#17710 = DIRECTION('',(0.70710689667,0.,-0.707106665703));
#17711 = ORIENTED_EDGE('',*,*,#17688,.T.);
#17712 = ORIENTED_EDGE('',*,*,#16146,.T.);
#17713 = ORIENTED_EDGE('',*,*,#17714,.T.);
#17714 = EDGE_CURVE('',#16139,#17705,#17715,.T.);
#17715 = LINE('',#17716,#17717);
#17716 = CARTESIAN_POINT('',(-80.,-8.25,15.));
#17717 = VECTOR('',#17718,1.);
#17718 = DIRECTION('',(0.,0.,-1.));
#17719 = PLANE('',#17720);
#17720 = AXIS2_PLACEMENT_3D('',#17721,#17722,#17723);
#17721 = CARTESIAN_POINT('',(-76.,-8.25,0.));
#17722 = DIRECTION('',(0.,-1.,0.));
#17723 = DIRECTION('',(-1.,0.,0.));
#17724 = ADVANCED_FACE('',(#17725),#17743,.T.);
#17725 = FACE_BOUND('',#17726,.T.);
#17726 = EDGE_LOOP('',(#17727,#17728,#17729,#17737));
#17727 = ORIENTED_EDGE('',*,*,#17714,.F.);
#17728 = ORIENTED_EDGE('',*,*,#16138,.T.);
#17729 = ORIENTED_EDGE('',*,*,#17730,.F.);
#17730 = EDGE_CURVE('',#17731,#16131,#17733,.T.);
#17731 = VERTEX_POINT('',#17732);
#17732 = CARTESIAN_POINT('',(-80.,-231.75,10.));
#17733 = LINE('',#17734,#17735);
#17734 = CARTESIAN_POINT('',(-80.,-231.75,15.));
#17735 = VECTOR('',#17736,1.);
#17736 = DIRECTION('',(0.,0.,1.));
#17737 = ORIENTED_EDGE('',*,*,#17738,.F.);
#17738 = EDGE_CURVE('',#17705,#17731,#17739,.T.);
#17739 = LINE('',#17740,#17741);
#17740 = CARTESIAN_POINT('',(-80.,2.22E-15,10.));
#17741 = VECTOR('',#17742,1.);
#17742 = DIRECTION('',(0.,-1.,2.2E-16));
#17743 = PLANE('',#17744);
#17744 = AXIS2_PLACEMENT_3D('',#17745,#17746,#17747);
#17745 = CARTESIAN_POINT('',(-80.,6.66E-15,30.));
#17746 = DIRECTION('',(1.,0.,0.));
#17747 = DIRECTION('',(0.,-2.2E-16,-1.));
#17748 = ADVANCED_FACE('',(#17749),#17767,.T.);
#17749 = FACE_BOUND('',#17750,.T.);
#17750 = EDGE_LOOP('',(#17751,#17752,#17753,#17761));
#17751 = ORIENTED_EDGE('',*,*,#17730,.T.);
#17752 = ORIENTED_EDGE('',*,*,#16130,.T.);
#17753 = ORIENTED_EDGE('',*,*,#17754,.F.);
#17754 = EDGE_CURVE('',#17755,#16122,#17757,.T.);
#17755 = VERTEX_POINT('',#17756);
#17756 = CARTESIAN_POINT('',(-76.,-231.75,6.000001306552));
#17757 = LINE('',#17758,#17759);
#17758 = CARTESIAN_POINT('',(-76.,-231.75,0.));
#17759 = VECTOR('',#17760,1.);
#17760 = DIRECTION('',(0.,0.,1.));
#17761 = ORIENTED_EDGE('',*,*,#17762,.T.);
#17762 = EDGE_CURVE('',#17755,#17731,#17763,.T.);
#17763 = LINE('',#17764,#17765);
#17764 = CARTESIAN_POINT('',(-77.56250002041,-231.75,7.562500816592));
#17765 = VECTOR('',#17766,1.);
#17766 = DIRECTION('',(-0.70710689667,0.,0.707106665703));
#17767 = PLANE('',#17768);
#17768 = AXIS2_PLACEMENT_3D('',#17769,#17770,#17771);
#17769 = CARTESIAN_POINT('',(-80.24999999999,-231.75,0.));
#17770 = DIRECTION('',(0.,1.,0.));
#17771 = DIRECTION('',(1.,0.,0.));
#17772 = ADVANCED_FACE('',(#17773),#17792,.T.);
#17773 = FACE_BOUND('',#17774,.F.);
#17774 = EDGE_LOOP('',(#17775,#17784,#17790,#17791));
#17775 = ORIENTED_EDGE('',*,*,#17776,.F.);
#17776 = EDGE_CURVE('',#17777,#17755,#17779,.T.);
#17777 = VERTEX_POINT('',#17778);
#17778 = CARTESIAN_POINT('',(-71.75,-236.,1.750002694757));
#17779 = ELLIPSE('',#17780,6.010406658474,4.25);
#17780 = AXIS2_PLACEMENT_3D('',#17781,#17782,#17783);
#17781 = CARTESIAN_POINT('',(-76.,-236.,6.000001306549));
#17782 = DIRECTION('',(0.707106665703,1.6E-16,0.70710689667));
#17783 = DIRECTION('',(0.70710689667,1.6E-16,-0.707106665703));
#17784 = ORIENTED_EDGE('',*,*,#17785,.T.);
#17785 = EDGE_CURVE('',#17777,#16114,#17786,.T.);
#17786 = LINE('',#17787,#17788);
#17787 = CARTESIAN_POINT('',(-71.75,-236.,0.));
#17788 = VECTOR('',#17789,1.);
#17789 = DIRECTION('',(0.,0.,1.));
#17790 = ORIENTED_EDGE('',*,*,#16121,.T.);
#17791 = ORIENTED_EDGE('',*,*,#17754,.F.);
#17792 = CYLINDRICAL_SURFACE('',#17793,4.25);
#17793 = AXIS2_PLACEMENT_3D('',#17794,#17795,#17796);
#17794 = CARTESIAN_POINT('',(-76.,-236.,0.));
#17795 = DIRECTION('',(-0.,-0.,-1.));
#17796 = DIRECTION('',(1.,0.,0.));
#17797 = ADVANCED_FACE('',(#17798),#17816,.T.);
#17798 = FACE_BOUND('',#17799,.T.);
#17799 = EDGE_LOOP('',(#17800,#17808,#17809,#17810));
#17800 = ORIENTED_EDGE('',*,*,#17801,.T.);
#17801 = EDGE_CURVE('',#17802,#17777,#17804,.T.);
#17802 = VERTEX_POINT('',#17803);
#17803 = CARTESIAN_POINT('',(-71.75,-240.,1.750002694757));
#17804 = LINE('',#17805,#17806);
#17805 = CARTESIAN_POINT('',(-71.75,-118.,1.750002694757));
#17806 = VECTOR('',#17807,1.);
#17807 = DIRECTION('',(0.,1.,-2.2E-16));
#17808 = ORIENTED_EDGE('',*,*,#17785,.T.);
#17809 = ORIENTED_EDGE('',*,*,#16113,.T.);
#17810 = ORIENTED_EDGE('',*,*,#17811,.T.);
#17811 = EDGE_CURVE('',#16106,#17802,#17812,.T.);
#17812 = LINE('',#17813,#17814);
#17813 = CARTESIAN_POINT('',(-71.75,-240.,7.645103504258));
#17814 = VECTOR('',#17815,1.);
#17815 = DIRECTION('',(0.,0.,-1.));
#17816 = PLANE('',#17817);
#17817 = AXIS2_PLACEMENT_3D('',#17818,#17819,#17820);
#17818 = CARTESIAN_POINT('',(-71.75,-236.,0.));
#17819 = DIRECTION('',(1.,0.,0.));
#17820 = DIRECTION('',(0.,-1.,0.));
#17821 = ADVANCED_FACE('',(#17822),#17839,.T.);
#17822 = FACE_BOUND('',#17823,.T.);
#17823 = EDGE_LOOP('',(#17824,#17825,#17826,#17832,#17833));
#17824 = ORIENTED_EDGE('',*,*,#17811,.F.);
#17825 = ORIENTED_EDGE('',*,*,#16105,.F.);
#17826 = ORIENTED_EDGE('',*,*,#17827,.F.);
#17827 = EDGE_CURVE('',#16579,#16098,#17828,.T.);
#17828 = LINE('',#17829,#17830);
#17829 = CARTESIAN_POINT('',(71.75,-240.,7.645103504258));
#17830 = VECTOR('',#17831,1.);
#17831 = DIRECTION('',(0.,0.,1.));
#17832 = ORIENTED_EDGE('',*,*,#16578,.F.);
#17833 = ORIENTED_EDGE('',*,*,#17834,.F.);
#17834 = EDGE_CURVE('',#17802,#16571,#17835,.T.);
#17835 = LINE('',#17836,#17837);
#17836 = CARTESIAN_POINT('',(-80.,-240.,10.));
#17837 = VECTOR('',#17838,1.);
#17838 = DIRECTION('',(0.70710689667,0.,-0.707106665703));
#17839 = PLANE('',#17840);
#17840 = AXIS2_PLACEMENT_3D('',#17841,#17842,#17843);
#17841 = CARTESIAN_POINT('',(1.307898419869,-240.,15.290207008516));
#17842 = DIRECTION('',(0.,1.,0.));
#17843 = DIRECTION('',(0.,0.,1.));
#17844 = ADVANCED_FACE('',(#17845),#17856,.T.);
#17845 = FACE_BOUND('',#17846,.T.);
#17846 = EDGE_LOOP('',(#17847,#17848,#17849,#17850));
#17847 = ORIENTED_EDGE('',*,*,#16586,.F.);
#17848 = ORIENTED_EDGE('',*,*,#17827,.T.);
#17849 = ORIENTED_EDGE('',*,*,#16097,.T.);
#17850 = ORIENTED_EDGE('',*,*,#17851,.F.);
#17851 = EDGE_CURVE('',#16587,#16089,#17852,.T.);
#17852 = LINE('',#17853,#17854);
#17853 = CARTESIAN_POINT('',(71.75,-236.,0.));
#17854 = VECTOR('',#17855,1.);
#17855 = DIRECTION('',(0.,0.,1.));
#17856 = PLANE('',#17857);
#17857 = AXIS2_PLACEMENT_3D('',#17858,#17859,#17860);
#17858 = CARTESIAN_POINT('',(71.75,-240.25,0.));
#17859 = DIRECTION('',(-1.,0.,0.));
#17860 = DIRECTION('',(0.,1.,0.));
#17861 = ADVANCED_FACE('',(#17862),#17873,.T.);
#17862 = FACE_BOUND('',#17863,.F.);
#17863 = EDGE_LOOP('',(#17864,#17870,#17871,#17872));
#17864 = ORIENTED_EDGE('',*,*,#17865,.T.);
#17865 = EDGE_CURVE('',#16595,#16081,#17866,.T.);
#17866 = LINE('',#17867,#17868);
#17867 = CARTESIAN_POINT('',(76.,-231.75,0.));
#17868 = VECTOR('',#17869,1.);
#17869 = DIRECTION('',(0.,0.,1.));
#17870 = ORIENTED_EDGE('',*,*,#16088,.T.);
#17871 = ORIENTED_EDGE('',*,*,#17851,.F.);
#17872 = ORIENTED_EDGE('',*,*,#16594,.F.);
#17873 = CYLINDRICAL_SURFACE('',#17874,4.25);
#17874 = AXIS2_PLACEMENT_3D('',#17875,#17876,#17877);
#17875 = CARTESIAN_POINT('',(76.,-236.,0.));
#17876 = DIRECTION('',(-0.,-0.,-1.));
#17877 = DIRECTION('',(1.,0.,0.));
#17878 = ADVANCED_FACE('',(#17879),#17890,.T.);
#17879 = FACE_BOUND('',#17880,.T.);
#17880 = EDGE_LOOP('',(#17881,#17882,#17883,#17884));
#17881 = ORIENTED_EDGE('',*,*,#16603,.F.);
#17882 = ORIENTED_EDGE('',*,*,#17865,.T.);
#17883 = ORIENTED_EDGE('',*,*,#16080,.T.);
#17884 = ORIENTED_EDGE('',*,*,#17885,.F.);
#17885 = EDGE_CURVE('',#16604,#16073,#17886,.T.);
#17886 = LINE('',#17887,#17888);
#17887 = CARTESIAN_POINT('',(77.,-231.75,0.));
#17888 = VECTOR('',#17889,1.);
#17889 = DIRECTION('',(0.,0.,1.));
#17890 = PLANE('',#17891);
#17891 = AXIS2_PLACEMENT_3D('',#17892,#17893,#17894);
#17892 = CARTESIAN_POINT('',(76.,-231.75,0.));
#17893 = DIRECTION('',(0.,1.,0.));
#17894 = DIRECTION('',(1.,0.,0.));
#17895 = ADVANCED_FACE('',(#17896),#17907,.F.);
#17896 = FACE_BOUND('',#17897,.F.);
#17897 = EDGE_LOOP('',(#17898,#17899,#17905,#17906));
#17898 = ORIENTED_EDGE('',*,*,#16611,.F.);
#17899 = ORIENTED_EDGE('',*,*,#17900,.T.);
#17900 = EDGE_CURVE('',#16612,#16065,#17901,.T.);
#17901 = LINE('',#17902,#17903);
#17902 = CARTESIAN_POINT('',(77.,-227.,0.));
#17903 = VECTOR('',#17904,1.);
#17904 = DIRECTION('',(0.,0.,1.));
#17905 = ORIENTED_EDGE('',*,*,#16072,.T.);
#17906 = ORIENTED_EDGE('',*,*,#17885,.F.);
#17907 = PLANE('',#17908);
#17908 = AXIS2_PLACEMENT_3D('',#17909,#17910,#17911);
#17909 = CARTESIAN_POINT('',(77.,-227.,0.));
#17910 = DIRECTION('',(1.,0.,0.));
#17911 = DIRECTION('',(0.,-1.,0.));
#17912 = ADVANCED_FACE('',(#17913),#17924,.F.);
#17913 = FACE_BOUND('',#17914,.F.);
#17914 = EDGE_LOOP('',(#17915,#17921,#17922,#17923));
#17915 = ORIENTED_EDGE('',*,*,#17916,.T.);
#17916 = EDGE_CURVE('',#16620,#16057,#17917,.T.);
#17917 = LINE('',#17918,#17919);
#17918 = CARTESIAN_POINT('',(78.8,-227.,0.));
#17919 = VECTOR('',#17920,1.);
#17920 = DIRECTION('',(0.,0.,1.));
#17921 = ORIENTED_EDGE('',*,*,#16064,.T.);
#17922 = ORIENTED_EDGE('',*,*,#17900,.F.);
#17923 = ORIENTED_EDGE('',*,*,#16619,.F.);
#17924 = PLANE('',#17925);
#17925 = AXIS2_PLACEMENT_3D('',#17926,#17927,#17928);
#17926 = CARTESIAN_POINT('',(78.8,-227.,0.));
#17927 = DIRECTION('',(0.,-1.,0.));
#17928 = DIRECTION('',(-1.,0.,0.));
#17929 = ADVANCED_FACE('',(#17930),#17941,.F.);
#17930 = FACE_BOUND('',#17931,.F.);
#17931 = EDGE_LOOP('',(#17932,#17938,#17939,#17940));
#17932 = ORIENTED_EDGE('',*,*,#17933,.T.);
#17933 = EDGE_CURVE('',#16628,#16049,#17934,.T.);
#17934 = LINE('',#17935,#17936);
#17935 = CARTESIAN_POINT('',(78.8,-230.,0.));
#17936 = VECTOR('',#17937,1.);
#17937 = DIRECTION('',(0.,0.,1.));
#17938 = ORIENTED_EDGE('',*,*,#16056,.T.);
#17939 = ORIENTED_EDGE('',*,*,#17916,.F.);
#17940 = ORIENTED_EDGE('',*,*,#16627,.F.);
#17941 = PLANE('',#17942);
#17942 = AXIS2_PLACEMENT_3D('',#17943,#17944,#17945);
#17943 = CARTESIAN_POINT('',(78.8,-230.,0.));
#17944 = DIRECTION('',(-1.,0.,0.));
#17945 = DIRECTION('',(0.,1.,0.));
#17946 = ADVANCED_FACE('',(#17947),#17958,.T.);
#17947 = FACE_BOUND('',#17948,.T.);
#17948 = EDGE_LOOP('',(#17949,#17950,#17951,#17952));
#17949 = ORIENTED_EDGE('',*,*,#16635,.T.);
#17950 = ORIENTED_EDGE('',*,*,#17933,.T.);
#17951 = ORIENTED_EDGE('',*,*,#16048,.F.);
#17952 = ORIENTED_EDGE('',*,*,#17953,.F.);
#17953 = EDGE_CURVE('',#16636,#16041,#17954,.T.);
#17954 = LINE('',#17955,#17956);
#17955 = CARTESIAN_POINT('',(81.,-230.,0.));
#17956 = VECTOR('',#17957,1.);
#17957 = DIRECTION('',(0.,0.,1.));
#17958 = PLANE('',#17959);
#17959 = AXIS2_PLACEMENT_3D('',#17960,#17961,#17962);
#17960 = CARTESIAN_POINT('',(79.9,-230.,15.));
#17961 = DIRECTION('',(-4.1317E-13,1.,0.));
#17962 = DIRECTION('',(1.,4.1317E-13,0.));
#17963 = ADVANCED_FACE('',(#17964),#17970,.T.);
#17964 = FACE_BOUND('',#17965,.T.);
#17965 = EDGE_LOOP('',(#17966,#17967,#17968,#17969));
#17966 = ORIENTED_EDGE('',*,*,#16643,.F.);
#17967 = ORIENTED_EDGE('',*,*,#17953,.T.);
#17968 = ORIENTED_EDGE('',*,*,#16040,.F.);
#17969 = ORIENTED_EDGE('',*,*,#17351,.F.);
#17970 = PLANE('',#17971);
#17971 = AXIS2_PLACEMENT_3D('',#17972,#17973,#17974);
#17972 = CARTESIAN_POINT('',(81.,-230.,0.));
#17973 = DIRECTION('',(-1.,0.,0.));
#17974 = DIRECTION('',(0.,1.,0.));
#17975 = ADVANCED_FACE('',(#17976),#17987,.T.);
#17976 = FACE_BOUND('',#17977,.T.);
#17977 = EDGE_LOOP('',(#17978,#17979,#17985,#17986));
#17978 = ORIENTED_EDGE('',*,*,#16024,.F.);
#17979 = ORIENTED_EDGE('',*,*,#17980,.T.);
#17980 = EDGE_CURVE('',#16017,#16348,#17981,.T.);
#17981 = LINE('',#17982,#17983);
#17982 = CARTESIAN_POINT('',(82.,-240.5857864376,30.));
#17983 = VECTOR('',#17984,1.);
#17984 = DIRECTION('',(-0.,-0.,-1.));
#17985 = ORIENTED_EDGE('',*,*,#16347,.T.);
#17986 = ORIENTED_EDGE('',*,*,#17358,.F.);
#17987 = PLANE('',#17988);
#17988 = AXIS2_PLACEMENT_3D('',#17989,#17990,#17991);
#17989 = CARTESIAN_POINT('',(82.,-240.5857864376,30.));
#17990 = DIRECTION('',(1.,0.,0.));
#17991 = DIRECTION('',(0.,1.,0.));
#17992 = ADVANCED_FACE('',(#17993),#18004,.T.);
#17993 = FACE_BOUND('',#17994,.T.);
#17994 = EDGE_LOOP('',(#17995,#18001,#18002,#18003));
#17995 = ORIENTED_EDGE('',*,*,#17996,.T.);
#17996 = EDGE_CURVE('',#16009,#16356,#17997,.T.);
#17997 = LINE('',#17998,#17999);
#17998 = CARTESIAN_POINT('',(80.585786437628,-242.,30.));
#17999 = VECTOR('',#18000,1.);
#18000 = DIRECTION('',(-0.,-0.,-1.));
#18001 = ORIENTED_EDGE('',*,*,#16355,.T.);
#18002 = ORIENTED_EDGE('',*,*,#17980,.F.);
#18003 = ORIENTED_EDGE('',*,*,#16016,.F.);
#18004 = PLANE('',#18005);
#18005 = AXIS2_PLACEMENT_3D('',#18006,#18007,#18008);
#18006 = CARTESIAN_POINT('',(80.585786437628,-242.,30.));
#18007 = DIRECTION('',(0.707106781187,-0.707106781187,0.));
#18008 = DIRECTION('',(0.707106781187,0.707106781187,0.));
#18009 = ADVANCED_FACE('',(#18010),#18021,.T.);
#18010 = FACE_BOUND('',#18011,.T.);
#18011 = EDGE_LOOP('',(#18012,#18018,#18019,#18020));
#18012 = ORIENTED_EDGE('',*,*,#18013,.T.);
#18013 = EDGE_CURVE('',#16001,#16364,#18014,.T.);
#18014 = LINE('',#18015,#18016);
#18015 = CARTESIAN_POINT('',(-80.58578643762,-242.,30.));
#18016 = VECTOR('',#18017,1.);
#18017 = DIRECTION('',(-0.,-0.,-1.));
#18018 = ORIENTED_EDGE('',*,*,#16363,.T.);
#18019 = ORIENTED_EDGE('',*,*,#17996,.F.);
#18020 = ORIENTED_EDGE('',*,*,#16008,.F.);
#18021 = PLANE('',#18022);
#18022 = AXIS2_PLACEMENT_3D('',#18023,#18024,#18025);
#18023 = CARTESIAN_POINT('',(-80.58578643762,-242.,30.));
#18024 = DIRECTION('',(0.,-1.,0.));
#18025 = DIRECTION('',(1.,0.,0.));
#18026 = ADVANCED_FACE('',(#18027),#18038,.T.);
#18027 = FACE_BOUND('',#18028,.T.);
#18028 = EDGE_LOOP('',(#18029,#18035,#18036,#18037));
#18029 = ORIENTED_EDGE('',*,*,#18030,.T.);
#18030 = EDGE_CURVE('',#15993,#16372,#18031,.T.);
#18031 = LINE('',#18032,#18033);
#18032 = CARTESIAN_POINT('',(-82.,-240.5857864376,30.));
#18033 = VECTOR('',#18034,1.);
#18034 = DIRECTION('',(-0.,-0.,-1.));
#18035 = ORIENTED_EDGE('',*,*,#16371,.T.);
#18036 = ORIENTED_EDGE('',*,*,#18013,.F.);
#18037 = ORIENTED_EDGE('',*,*,#16000,.F.);
#18038 = PLANE('',#18039);
#18039 = AXIS2_PLACEMENT_3D('',#18040,#18041,#18042);
#18040 = CARTESIAN_POINT('',(-82.,-240.5857864376,30.));
#18041 = DIRECTION('',(-0.707106781187,-0.707106781187,0.));
#18042 = DIRECTION('',(0.707106781187,-0.707106781187,0.));
#18043 = ADVANCED_FACE('',(#18044),#18055,.T.);
#18044 = FACE_BOUND('',#18045,.T.);
#18045 = EDGE_LOOP('',(#18046,#18052,#18053,#18054));
#18046 = ORIENTED_EDGE('',*,*,#18047,.T.);
#18047 = EDGE_CURVE('',#15985,#16380,#18048,.T.);
#18048 = LINE('',#18049,#18050);
#18049 = CARTESIAN_POINT('',(-82.,0.585786437627,30.));
#18050 = VECTOR('',#18051,1.);
#18051 = DIRECTION('',(-0.,-0.,-1.));
#18052 = ORIENTED_EDGE('',*,*,#16379,.T.);
#18053 = ORIENTED_EDGE('',*,*,#18030,.F.);
#18054 = ORIENTED_EDGE('',*,*,#15992,.F.);
#18055 = PLANE('',#18056);
#18056 = AXIS2_PLACEMENT_3D('',#18057,#18058,#18059);
#18057 = CARTESIAN_POINT('',(-82.,0.585786437627,30.));
#18058 = DIRECTION('',(-1.,0.,0.));
#18059 = DIRECTION('',(0.,-1.,0.));
#18060 = ADVANCED_FACE('',(#18061),#18072,.T.);
#18061 = FACE_BOUND('',#18062,.T.);
#18062 = EDGE_LOOP('',(#18063,#18069,#18070,#18071));
#18063 = ORIENTED_EDGE('',*,*,#18064,.T.);
#18064 = EDGE_CURVE('',#15977,#16388,#18065,.T.);
#18065 = LINE('',#18066,#18067);
#18066 = CARTESIAN_POINT('',(-80.58578643762,2.,30.));
#18067 = VECTOR('',#18068,1.);
#18068 = DIRECTION('',(-0.,-0.,-1.));
#18069 = ORIENTED_EDGE('',*,*,#16387,.T.);
#18070 = ORIENTED_EDGE('',*,*,#18047,.F.);
#18071 = ORIENTED_EDGE('',*,*,#15984,.F.);
#18072 = PLANE('',#18073);
#18073 = AXIS2_PLACEMENT_3D('',#18074,#18075,#18076);
#18074 = CARTESIAN_POINT('',(-80.58578643762,2.,30.));
#18075 = DIRECTION('',(-0.707106781187,0.707106781187,0.));
#18076 = DIRECTION('',(-0.707106781187,-0.707106781187,0.));
#18077 = ADVANCED_FACE('',(#18078),#18089,.T.);
#18078 = FACE_BOUND('',#18079,.T.);
#18079 = EDGE_LOOP('',(#18080,#18086,#18087,#18088));
#18080 = ORIENTED_EDGE('',*,*,#18081,.T.);
#18081 = EDGE_CURVE('',#15969,#16396,#18082,.T.);
#18082 = LINE('',#18083,#18084);
#18083 = CARTESIAN_POINT('',(80.585786437627,2.,30.));
#18084 = VECTOR('',#18085,1.);
#18085 = DIRECTION('',(-0.,-0.,-1.));
#18086 = ORIENTED_EDGE('',*,*,#16395,.T.);
#18087 = ORIENTED_EDGE('',*,*,#18064,.F.);
#18088 = ORIENTED_EDGE('',*,*,#15976,.F.);
#18089 = PLANE('',#18090);
#18090 = AXIS2_PLACEMENT_3D('',#18091,#18092,#18093);
#18091 = CARTESIAN_POINT('',(80.585786437627,2.,30.));
#18092 = DIRECTION('',(0.,1.,0.));
#18093 = DIRECTION('',(-1.,0.,0.));
#18094 = ADVANCED_FACE('',(#18095),#18106,.T.);
#18095 = FACE_BOUND('',#18096,.T.);
#18096 = EDGE_LOOP('',(#18097,#18103,#18104,#18105));
#18097 = ORIENTED_EDGE('',*,*,#18098,.T.);
#18098 = EDGE_CURVE('',#15961,#16404,#18099,.T.);
#18099 = LINE('',#18100,#18101);
#18100 = CARTESIAN_POINT('',(82.,0.585786437627,30.));
#18101 = VECTOR('',#18102,1.);
#18102 = DIRECTION('',(-0.,-0.,-1.));
#18103 = ORIENTED_EDGE('',*,*,#16403,.T.);
#18104 = ORIENTED_EDGE('',*,*,#18081,.F.);
#18105 = ORIENTED_EDGE('',*,*,#15968,.F.);
#18106 = PLANE('',#18107);
#18107 = AXIS2_PLACEMENT_3D('',#18108,#18109,#18110);
#18108 = CARTESIAN_POINT('',(82.,0.585786437627,30.));
#18109 = DIRECTION('',(0.707106781187,0.707106781187,0.));
#18110 = DIRECTION('',(-0.707106781187,0.707106781187,0.));
#18111 = ADVANCED_FACE('',(#18112),#18118,.T.);
#18112 = FACE_BOUND('',#18113,.T.);
#18113 = EDGE_LOOP('',(#18114,#18115,#18116,#18117));
#18114 = ORIENTED_EDGE('',*,*,#15960,.F.);
#18115 = ORIENTED_EDGE('',*,*,#16474,.F.);
#18116 = ORIENTED_EDGE('',*,*,#16411,.T.);
#18117 = ORIENTED_EDGE('',*,*,#18098,.F.);
#18118 = PLANE('',#18119);
#18119 = AXIS2_PLACEMENT_3D('',#18120,#18121,#18122);
#18120 = CARTESIAN_POINT('',(82.,-240.5857864376,30.));
#18121 = DIRECTION('',(1.,0.,0.));
#18122 = DIRECTION('',(0.,1.,0.));
#18123 = ADVANCED_FACE('',(#18124),#18143,.F.);
#18124 = FACE_BOUND('',#18125,.T.);
#18125 = EDGE_LOOP('',(#18126,#18134,#18141,#18142));
#18126 = ORIENTED_EDGE('',*,*,#18127,.F.);
#18127 = EDGE_CURVE('',#18128,#16245,#18130,.T.);
#18128 = VERTEX_POINT('',#18129);
#18129 = CARTESIAN_POINT('',(-77.5,-236.,25.));
#18130 = LINE('',#18131,#18132);
#18131 = CARTESIAN_POINT('',(-77.5,-236.,25.));
#18132 = VECTOR('',#18133,1.);
#18133 = DIRECTION('',(6.E-17,0.,1.));
#18134 = ORIENTED_EDGE('',*,*,#18135,.T.);
#18135 = EDGE_CURVE('',#18128,#18128,#18136,.T.);
#18136 = CIRCLE('',#18137,1.5);
#18137 = AXIS2_PLACEMENT_3D('',#18138,#18139,#18140);
#18138 = CARTESIAN_POINT('',(-76.,-236.,25.));
#18139 = DIRECTION('',(0.,0.,-1.));
#18140 = DIRECTION('',(-1.,0.,0.));
#18141 = ORIENTED_EDGE('',*,*,#18127,.T.);
#18142 = ORIENTED_EDGE('',*,*,#16244,.T.);
#18143 = CYLINDRICAL_SURFACE('',#18144,1.5);
#18144 = AXIS2_PLACEMENT_3D('',#18145,#18146,#18147);
#18145 = CARTESIAN_POINT('',(-76.,-236.,25.));
#18146 = DIRECTION('',(0.,0.,1.));
#18147 = DIRECTION('',(-1.,0.,0.));
#18148 = ADVANCED_FACE('',(#18149),#18160,.F.);
#18149 = FACE_BOUND('',#18150,.T.);
#18150 = EDGE_LOOP('',(#18151,#18157,#18158,#18159));
#18151 = ORIENTED_EDGE('',*,*,#18152,.F.);
#18152 = EDGE_CURVE('',#17478,#16256,#18153,.T.);
#18153 = LINE('',#18154,#18155);
#18154 = CARTESIAN_POINT('',(74.5,-236.,25.));
#18155 = VECTOR('',#18156,1.);
#18156 = DIRECTION('',(6.E-17,0.,1.));
#18157 = ORIENTED_EDGE('',*,*,#17477,.T.);
#18158 = ORIENTED_EDGE('',*,*,#18152,.T.);
#18159 = ORIENTED_EDGE('',*,*,#16255,.T.);
#18160 = CYLINDRICAL_SURFACE('',#18161,1.5);
#18161 = AXIS2_PLACEMENT_3D('',#18162,#18163,#18164);
#18162 = CARTESIAN_POINT('',(76.,-236.,25.));
#18163 = DIRECTION('',(0.,0.,1.));
#18164 = DIRECTION('',(-1.,0.,0.));
#18165 = ADVANCED_FACE('',(#18166),#18185,.F.);
#18166 = FACE_BOUND('',#18167,.T.);
#18167 = EDGE_LOOP('',(#18168,#18176,#18183,#18184));
#18168 = ORIENTED_EDGE('',*,*,#18169,.F.);
#18169 = EDGE_CURVE('',#18170,#16267,#18172,.T.);
#18170 = VERTEX_POINT('',#18171);
#18171 = CARTESIAN_POINT('',(-77.5,-4.,25.));
#18172 = LINE('',#18173,#18174);
#18173 = CARTESIAN_POINT('',(-77.5,-4.,25.));
#18174 = VECTOR('',#18175,1.);
#18175 = DIRECTION('',(6.E-17,0.,1.));
#18176 = ORIENTED_EDGE('',*,*,#18177,.T.);
#18177 = EDGE_CURVE('',#18170,#18170,#18178,.T.);
#18178 = CIRCLE('',#18179,1.5);
#18179 = AXIS2_PLACEMENT_3D('',#18180,#18181,#18182);
#18180 = CARTESIAN_POINT('',(-76.,-4.,25.));
#18181 = DIRECTION('',(0.,0.,-1.));
#18182 = DIRECTION('',(-1.,0.,0.));
#18183 = ORIENTED_EDGE('',*,*,#18169,.T.);
#18184 = ORIENTED_EDGE('',*,*,#16266,.T.);
#18185 = CYLINDRICAL_SURFACE('',#18186,1.5);
#18186 = AXIS2_PLACEMENT_3D('',#18187,#18188,#18189);
#18187 = CARTESIAN_POINT('',(-76.,-4.,25.));
#18188 = DIRECTION('',(0.,0.,1.));
#18189 = DIRECTION('',(-1.,0.,0.));
#18190 = ADVANCED_FACE('',(#18191),#18203,.T.);
#18191 = FACE_BOUND('',#18192,.T.);
#18192 = EDGE_LOOP('',(#18193,#18194,#18195,#18196,#18197,#18198,#18199,
    #18200,#18201,#18202));
#18193 = ORIENTED_EDGE('',*,*,#17704,.F.);
#18194 = ORIENTED_EDGE('',*,*,#17738,.T.);
#18195 = ORIENTED_EDGE('',*,*,#17762,.F.);
#18196 = ORIENTED_EDGE('',*,*,#17776,.F.);
#18197 = ORIENTED_EDGE('',*,*,#17801,.F.);
#18198 = ORIENTED_EDGE('',*,*,#17834,.T.);
#18199 = ORIENTED_EDGE('',*,*,#16570,.F.);
#18200 = ORIENTED_EDGE('',*,*,#17641,.F.);
#18201 = ORIENTED_EDGE('',*,*,#17665,.F.);
#18202 = ORIENTED_EDGE('',*,*,#17679,.F.);
#18203 = PLANE('',#18204);
#18204 = AXIS2_PLACEMENT_3D('',#18205,#18206,#18207);
#18205 = CARTESIAN_POINT('',(-80.,2.22E-15,10.));
#18206 = DIRECTION('',(0.707106665703,1.6E-16,0.70710689667));
#18207 = DIRECTION('',(0.70710689667,-1.6E-16,-0.707106665703));
#18208 = ADVANCED_FACE('',(#18209),#18228,.T.);
#18209 = FACE_BOUND('',#18210,.T.);
#18210 = EDGE_LOOP('',(#18211,#18219,#18220,#18221));
#18211 = ORIENTED_EDGE('',*,*,#18212,.F.);
#18212 = EDGE_CURVE('',#17290,#18213,#18215,.T.);
#18213 = VERTEX_POINT('',#18214);
#18214 = CARTESIAN_POINT('',(37.3,-222.5,2.));
#18215 = LINE('',#18216,#18217);
#18216 = CARTESIAN_POINT('',(37.3,-222.5,2.));
#18217 = VECTOR('',#18218,1.);
#18218 = DIRECTION('',(-0.4472135955,0.,0.894427191));
#18219 = ORIENTED_EDGE('',*,*,#17289,.T.);
#18220 = ORIENTED_EDGE('',*,*,#18212,.T.);
#18221 = ORIENTED_EDGE('',*,*,#18222,.F.);
#18222 = EDGE_CURVE('',#18213,#18213,#18223,.T.);
#18223 = CIRCLE('',#18224,3.);
#18224 = AXIS2_PLACEMENT_3D('',#18225,#18226,#18227);
#18225 = CARTESIAN_POINT('',(34.3,-222.5,2.));
#18226 = DIRECTION('',(0.,0.,1.));
#18227 = DIRECTION('',(1.,0.,0.));
#18228 = CONICAL_SURFACE('',#18229,3.,0.463647609001);
#18229 = AXIS2_PLACEMENT_3D('',#18230,#18231,#18232);
#18230 = CARTESIAN_POINT('',(34.3,-222.5,2.));
#18231 = DIRECTION('',(-0.,-0.,-1.));
#18232 = DIRECTION('',(1.,0.,0.));
#18233 = ADVANCED_FACE('',(#18234),#18253,.T.);
#18234 = FACE_BOUND('',#18235,.T.);
#18235 = EDGE_LOOP('',(#18236,#18244,#18245,#18246));
#18236 = ORIENTED_EDGE('',*,*,#18237,.F.);
#18237 = EDGE_CURVE('',#17301,#18238,#18240,.T.);
#18238 = VERTEX_POINT('',#18239);
#18239 = CARTESIAN_POINT('',(-43.7,-222.5,2.));
#18240 = LINE('',#18241,#18242);
#18241 = CARTESIAN_POINT('',(-43.7,-222.5,2.));
#18242 = VECTOR('',#18243,1.);
#18243 = DIRECTION('',(-0.4472135955,0.,0.894427191));
#18244 = ORIENTED_EDGE('',*,*,#17300,.T.);
#18245 = ORIENTED_EDGE('',*,*,#18237,.T.);
#18246 = ORIENTED_EDGE('',*,*,#18247,.F.);
#18247 = EDGE_CURVE('',#18238,#18238,#18248,.T.);
#18248 = CIRCLE('',#18249,3.);
#18249 = AXIS2_PLACEMENT_3D('',#18250,#18251,#18252);
#18250 = CARTESIAN_POINT('',(-46.7,-222.5,2.));
#18251 = DIRECTION('',(0.,0.,1.));
#18252 = DIRECTION('',(1.,0.,0.));
#18253 = CONICAL_SURFACE('',#18254,3.,0.463647609001);
#18254 = AXIS2_PLACEMENT_3D('',#18255,#18256,#18257);
#18255 = CARTESIAN_POINT('',(-46.7,-222.5,2.));
#18256 = DIRECTION('',(-0.,-0.,-1.));
#18257 = DIRECTION('',(1.,0.,0.));
#18258 = ADVANCED_FACE('',(#18259),#18278,.T.);
#18259 = FACE_BOUND('',#18260,.T.);
#18260 = EDGE_LOOP('',(#18261,#18269,#18270,#18271));
#18261 = ORIENTED_EDGE('',*,*,#18262,.F.);
#18262 = EDGE_CURVE('',#17312,#18263,#18265,.T.);
#18263 = VERTEX_POINT('',#18264);
#18264 = CARTESIAN_POINT('',(76.8,-120.5,2.));
#18265 = LINE('',#18266,#18267);
#18266 = CARTESIAN_POINT('',(76.8,-120.5,2.));
#18267 = VECTOR('',#18268,1.);
#18268 = DIRECTION('',(-0.4472135955,0.,0.894427191));
#18269 = ORIENTED_EDGE('',*,*,#17311,.T.);
#18270 = ORIENTED_EDGE('',*,*,#18262,.T.);
#18271 = ORIENTED_EDGE('',*,*,#18272,.F.);
#18272 = EDGE_CURVE('',#18263,#18263,#18273,.T.);
#18273 = CIRCLE('',#18274,3.);
#18274 = AXIS2_PLACEMENT_3D('',#18275,#18276,#18277);
#18275 = CARTESIAN_POINT('',(73.8,-120.5,2.));
#18276 = DIRECTION('',(0.,0.,1.));
#18277 = DIRECTION('',(1.,0.,0.));
#18278 = CONICAL_SURFACE('',#18279,3.,0.463647609001);
#18279 = AXIS2_PLACEMENT_3D('',#18280,#18281,#18282);
#18280 = CARTESIAN_POINT('',(73.8,-120.5,2.));
#18281 = DIRECTION('',(-0.,-0.,-1.));
#18282 = DIRECTION('',(1.,0.,0.));
#18283 = ADVANCED_FACE('',(#18284),#18303,.T.);
#18284 = FACE_BOUND('',#18285,.T.);
#18285 = EDGE_LOOP('',(#18286,#18294,#18295,#18296));
#18286 = ORIENTED_EDGE('',*,*,#18287,.F.);
#18287 = EDGE_CURVE('',#17323,#18288,#18290,.T.);
#18288 = VERTEX_POINT('',#18289);
#18289 = CARTESIAN_POINT('',(-43.7,-18.5,2.));
#18290 = LINE('',#18291,#18292);
#18291 = CARTESIAN_POINT('',(-43.7,-18.5,2.));
#18292 = VECTOR('',#18293,1.);
#18293 = DIRECTION('',(-0.4472135955,0.,0.894427191));
#18294 = ORIENTED_EDGE('',*,*,#17322,.T.);
#18295 = ORIENTED_EDGE('',*,*,#18287,.T.);
#18296 = ORIENTED_EDGE('',*,*,#18297,.F.);
#18297 = EDGE_CURVE('',#18288,#18288,#18298,.T.);
#18298 = CIRCLE('',#18299,3.);
#18299 = AXIS2_PLACEMENT_3D('',#18300,#18301,#18302);
#18300 = CARTESIAN_POINT('',(-46.7,-18.5,2.));
#18301 = DIRECTION('',(0.,0.,1.));
#18302 = DIRECTION('',(1.,0.,0.));
#18303 = CONICAL_SURFACE('',#18304,3.,0.463647609001);
#18304 = AXIS2_PLACEMENT_3D('',#18305,#18306,#18307);
#18305 = CARTESIAN_POINT('',(-46.7,-18.5,2.));
#18306 = DIRECTION('',(-0.,-0.,-1.));
#18307 = DIRECTION('',(1.,0.,0.));
#18308 = ADVANCED_FACE('',(#18309),#18328,.T.);
#18309 = FACE_BOUND('',#18310,.T.);
#18310 = EDGE_LOOP('',(#18311,#18319,#18320,#18321));
#18311 = ORIENTED_EDGE('',*,*,#18312,.F.);
#18312 = EDGE_CURVE('',#17334,#18313,#18315,.T.);
#18313 = VERTEX_POINT('',#18314);
#18314 = CARTESIAN_POINT('',(37.3,-18.5,2.));
#18315 = LINE('',#18316,#18317);
#18316 = CARTESIAN_POINT('',(37.3,-18.5,2.));
#18317 = VECTOR('',#18318,1.);
#18318 = DIRECTION('',(-0.4472135955,0.,0.894427191));
#18319 = ORIENTED_EDGE('',*,*,#17333,.T.);
#18320 = ORIENTED_EDGE('',*,*,#18312,.T.);
#18321 = ORIENTED_EDGE('',*,*,#18322,.F.);
#18322 = EDGE_CURVE('',#18313,#18313,#18323,.T.);
#18323 = CIRCLE('',#18324,3.);
#18324 = AXIS2_PLACEMENT_3D('',#18325,#18326,#18327);
#18325 = CARTESIAN_POINT('',(34.3,-18.5,2.));
#18326 = DIRECTION('',(0.,0.,1.));
#18327 = DIRECTION('',(1.,0.,0.));
#18328 = CONICAL_SURFACE('',#18329,3.,0.463647609001);
#18329 = AXIS2_PLACEMENT_3D('',#18330,#18331,#18332);
#18330 = CARTESIAN_POINT('',(34.3,-18.5,2.));
#18331 = DIRECTION('',(-0.,-0.,-1.));
#18332 = DIRECTION('',(1.,0.,0.));
#18333 = ADVANCED_FACE('',(#18334,#18337),#18340,.T.);
#18334 = FACE_BOUND('',#18335,.T.);
#18335 = EDGE_LOOP('',(#18336));
#18336 = ORIENTED_EDGE('',*,*,#17418,.T.);
#18337 = FACE_BOUND('',#18338,.T.);
#18338 = EDGE_LOOP('',(#18339));
#18339 = ORIENTED_EDGE('',*,*,#18135,.F.);
#18340 = PLANE('',#18341);
#18341 = AXIS2_PLACEMENT_3D('',#18342,#18343,#18344);
#18342 = CARTESIAN_POINT('',(-76.,-236.,25.));
#18343 = DIRECTION('',(0.,0.,-1.));
#18344 = DIRECTION('',(-1.,0.,0.));
#18345 = ADVANCED_FACE('',(#18346,#18349),#18352,.T.);
#18346 = FACE_BOUND('',#18347,.T.);
#18347 = EDGE_LOOP('',(#18348));
#18348 = ORIENTED_EDGE('',*,*,#17445,.T.);
#18349 = FACE_BOUND('',#18350,.T.);
#18350 = EDGE_LOOP('',(#18351));
#18351 = ORIENTED_EDGE('',*,*,#18177,.F.);
#18352 = PLANE('',#18353);
#18353 = AXIS2_PLACEMENT_3D('',#18354,#18355,#18356);
#18354 = CARTESIAN_POINT('',(-76.,-4.,25.));
#18355 = DIRECTION('',(0.,0.,-1.));
#18356 = DIRECTION('',(-1.,0.,0.));
#18357 = ADVANCED_FACE('',(#18358),#18377,.T.);
#18358 = FACE_BOUND('',#18359,.F.);
#18359 = EDGE_LOOP('',(#18360,#18368,#18375,#18376));
#18360 = ORIENTED_EDGE('',*,*,#18361,.T.);
#18361 = EDGE_CURVE('',#18213,#18362,#18364,.T.);
#18362 = VERTEX_POINT('',#18363);
#18363 = CARTESIAN_POINT('',(37.3,-222.5,5.));
#18364 = LINE('',#18365,#18366);
#18365 = CARTESIAN_POINT('',(37.3,-222.5,0.));
#18366 = VECTOR('',#18367,1.);
#18367 = DIRECTION('',(0.,0.,1.));
#18368 = ORIENTED_EDGE('',*,*,#18369,.T.);
#18369 = EDGE_CURVE('',#18362,#18362,#18370,.T.);
#18370 = CIRCLE('',#18371,3.);
#18371 = AXIS2_PLACEMENT_3D('',#18372,#18373,#18374);
#18372 = CARTESIAN_POINT('',(34.3,-222.5,5.));
#18373 = DIRECTION('',(0.,0.,1.));
#18374 = DIRECTION('',(1.,0.,0.));
#18375 = ORIENTED_EDGE('',*,*,#18361,.F.);
#18376 = ORIENTED_EDGE('',*,*,#18222,.F.);
#18377 = CYLINDRICAL_SURFACE('',#18378,3.);
#18378 = AXIS2_PLACEMENT_3D('',#18379,#18380,#18381);
#18379 = CARTESIAN_POINT('',(34.3,-222.5,0.));
#18380 = DIRECTION('',(-0.,-0.,-1.));
#18381 = DIRECTION('',(1.,0.,0.));
#18382 = ADVANCED_FACE('',(#18383),#18402,.T.);
#18383 = FACE_BOUND('',#18384,.F.);
#18384 = EDGE_LOOP('',(#18385,#18393,#18400,#18401));
#18385 = ORIENTED_EDGE('',*,*,#18386,.T.);
#18386 = EDGE_CURVE('',#18238,#18387,#18389,.T.);
#18387 = VERTEX_POINT('',#18388);
#18388 = CARTESIAN_POINT('',(-43.7,-222.5,5.));
#18389 = LINE('',#18390,#18391);
#18390 = CARTESIAN_POINT('',(-43.7,-222.5,0.));
#18391 = VECTOR('',#18392,1.);
#18392 = DIRECTION('',(0.,0.,1.));
#18393 = ORIENTED_EDGE('',*,*,#18394,.T.);
#18394 = EDGE_CURVE('',#18387,#18387,#18395,.T.);
#18395 = CIRCLE('',#18396,3.);
#18396 = AXIS2_PLACEMENT_3D('',#18397,#18398,#18399);
#18397 = CARTESIAN_POINT('',(-46.7,-222.5,5.));
#18398 = DIRECTION('',(0.,0.,1.));
#18399 = DIRECTION('',(1.,0.,0.));
#18400 = ORIENTED_EDGE('',*,*,#18386,.F.);
#18401 = ORIENTED_EDGE('',*,*,#18247,.F.);
#18402 = CYLINDRICAL_SURFACE('',#18403,3.);
#18403 = AXIS2_PLACEMENT_3D('',#18404,#18405,#18406);
#18404 = CARTESIAN_POINT('',(-46.7,-222.5,0.));
#18405 = DIRECTION('',(-0.,-0.,-1.));
#18406 = DIRECTION('',(1.,0.,0.));
#18407 = ADVANCED_FACE('',(#18408),#18427,.T.);
#18408 = FACE_BOUND('',#18409,.F.);
#18409 = EDGE_LOOP('',(#18410,#18418,#18425,#18426));
#18410 = ORIENTED_EDGE('',*,*,#18411,.T.);
#18411 = EDGE_CURVE('',#18263,#18412,#18414,.T.);
#18412 = VERTEX_POINT('',#18413);
#18413 = CARTESIAN_POINT('',(76.8,-120.5,5.));
#18414 = LINE('',#18415,#18416);
#18415 = CARTESIAN_POINT('',(76.8,-120.5,0.));
#18416 = VECTOR('',#18417,1.);
#18417 = DIRECTION('',(0.,0.,1.));
#18418 = ORIENTED_EDGE('',*,*,#18419,.T.);
#18419 = EDGE_CURVE('',#18412,#18412,#18420,.T.);
#18420 = CIRCLE('',#18421,3.);
#18421 = AXIS2_PLACEMENT_3D('',#18422,#18423,#18424);
#18422 = CARTESIAN_POINT('',(73.8,-120.5,5.));
#18423 = DIRECTION('',(0.,0.,1.));
#18424 = DIRECTION('',(1.,0.,0.));
#18425 = ORIENTED_EDGE('',*,*,#18411,.F.);
#18426 = ORIENTED_EDGE('',*,*,#18272,.F.);
#18427 = CYLINDRICAL_SURFACE('',#18428,3.);
#18428 = AXIS2_PLACEMENT_3D('',#18429,#18430,#18431);
#18429 = CARTESIAN_POINT('',(73.8,-120.5,0.));
#18430 = DIRECTION('',(-0.,-0.,-1.));
#18431 = DIRECTION('',(1.,0.,0.));
#18432 = ADVANCED_FACE('',(#18433),#18452,.T.);
#18433 = FACE_BOUND('',#18434,.F.);
#18434 = EDGE_LOOP('',(#18435,#18443,#18450,#18451));
#18435 = ORIENTED_EDGE('',*,*,#18436,.T.);
#18436 = EDGE_CURVE('',#18288,#18437,#18439,.T.);
#18437 = VERTEX_POINT('',#18438);
#18438 = CARTESIAN_POINT('',(-43.7,-18.5,5.));
#18439 = LINE('',#18440,#18441);
#18440 = CARTESIAN_POINT('',(-43.7,-18.5,0.));
#18441 = VECTOR('',#18442,1.);
#18442 = DIRECTION('',(0.,0.,1.));
#18443 = ORIENTED_EDGE('',*,*,#18444,.T.);
#18444 = EDGE_CURVE('',#18437,#18437,#18445,.T.);
#18445 = CIRCLE('',#18446,3.);
#18446 = AXIS2_PLACEMENT_3D('',#18447,#18448,#18449);
#18447 = CARTESIAN_POINT('',(-46.7,-18.5,5.));
#18448 = DIRECTION('',(0.,0.,1.));
#18449 = DIRECTION('',(1.,0.,0.));
#18450 = ORIENTED_EDGE('',*,*,#18436,.F.);
#18451 = ORIENTED_EDGE('',*,*,#18297,.F.);
#18452 = CYLINDRICAL_SURFACE('',#18453,3.);
#18453 = AXIS2_PLACEMENT_3D('',#18454,#18455,#18456);
#18454 = CARTESIAN_POINT('',(-46.7,-18.5,0.));
#18455 = DIRECTION('',(-0.,-0.,-1.));
#18456 = DIRECTION('',(1.,0.,0.));
#18457 = ADVANCED_FACE('',(#18458),#18477,.T.);
#18458 = FACE_BOUND('',#18459,.F.);
#18459 = EDGE_LOOP('',(#18460,#18468,#18475,#18476));
#18460 = ORIENTED_EDGE('',*,*,#18461,.T.);
#18461 = EDGE_CURVE('',#18313,#18462,#18464,.T.);
#18462 = VERTEX_POINT('',#18463);
#18463 = CARTESIAN_POINT('',(37.3,-18.5,5.));
#18464 = LINE('',#18465,#18466);
#18465 = CARTESIAN_POINT('',(37.3,-18.5,0.));
#18466 = VECTOR('',#18467,1.);
#18467 = DIRECTION('',(0.,0.,1.));
#18468 = ORIENTED_EDGE('',*,*,#18469,.T.);
#18469 = EDGE_CURVE('',#18462,#18462,#18470,.T.);
#18470 = CIRCLE('',#18471,3.);
#18471 = AXIS2_PLACEMENT_3D('',#18472,#18473,#18474);
#18472 = CARTESIAN_POINT('',(34.3,-18.5,5.));
#18473 = DIRECTION('',(0.,0.,1.));
#18474 = DIRECTION('',(1.,0.,0.));
#18475 = ORIENTED_EDGE('',*,*,#18461,.F.);
#18476 = ORIENTED_EDGE('',*,*,#18322,.F.);
#18477 = CYLINDRICAL_SURFACE('',#18478,3.);
#18478 = AXIS2_PLACEMENT_3D('',#18479,#18480,#18481);
#18479 = CARTESIAN_POINT('',(34.3,-18.5,0.));
#18480 = DIRECTION('',(-0.,-0.,-1.));
#18481 = DIRECTION('',(1.,0.,0.));
#18482 = ADVANCED_FACE('',(#18483,#18486),#18497,.T.);
#18483 = FACE_BOUND('',#18484,.T.);
#18484 = EDGE_LOOP('',(#18485));
#18485 = ORIENTED_EDGE('',*,*,#18369,.T.);
#18486 = FACE_BOUND('',#18487,.T.);
#18487 = EDGE_LOOP('',(#18488));
#18488 = ORIENTED_EDGE('',*,*,#18489,.T.);
#18489 = EDGE_CURVE('',#18490,#18490,#18492,.T.);
#18490 = VERTEX_POINT('',#18491);
#18491 = CARTESIAN_POINT('',(32.9,-222.5,5.));
#18492 = CIRCLE('',#18493,1.4);
#18493 = AXIS2_PLACEMENT_3D('',#18494,#18495,#18496);
#18494 = CARTESIAN_POINT('',(34.3,-222.5,5.));
#18495 = DIRECTION('',(0.,0.,-1.));
#18496 = DIRECTION('',(-1.,0.,0.));
#18497 = PLANE('',#18498);
#18498 = AXIS2_PLACEMENT_3D('',#18499,#18500,#18501);
#18499 = CARTESIAN_POINT('',(9.8,-120.5,5.));
#18500 = DIRECTION('',(0.,0.,1.));
#18501 = DIRECTION('',(1.,0.,0.));
#18502 = ADVANCED_FACE('',(#18503,#18506),#18517,.T.);
#18503 = FACE_BOUND('',#18504,.T.);
#18504 = EDGE_LOOP('',(#18505));
#18505 = ORIENTED_EDGE('',*,*,#18394,.T.);
#18506 = FACE_BOUND('',#18507,.T.);
#18507 = EDGE_LOOP('',(#18508));
#18508 = ORIENTED_EDGE('',*,*,#18509,.T.);
#18509 = EDGE_CURVE('',#18510,#18510,#18512,.T.);
#18510 = VERTEX_POINT('',#18511);
#18511 = CARTESIAN_POINT('',(-48.1,-222.5,5.));
#18512 = CIRCLE('',#18513,1.4);
#18513 = AXIS2_PLACEMENT_3D('',#18514,#18515,#18516);
#18514 = CARTESIAN_POINT('',(-46.7,-222.5,5.));
#18515 = DIRECTION('',(0.,0.,-1.));
#18516 = DIRECTION('',(-1.,0.,0.));
#18517 = PLANE('',#18518);
#18518 = AXIS2_PLACEMENT_3D('',#18519,#18520,#18521);
#18519 = CARTESIAN_POINT('',(9.8,-120.5,5.));
#18520 = DIRECTION('',(0.,0.,1.));
#18521 = DIRECTION('',(1.,0.,0.));
#18522 = ADVANCED_FACE('',(#18523,#18526),#18537,.T.);
#18523 = FACE_BOUND('',#18524,.T.);
#18524 = EDGE_LOOP('',(#18525));
#18525 = ORIENTED_EDGE('',*,*,#18419,.T.);
#18526 = FACE_BOUND('',#18527,.T.);
#18527 = EDGE_LOOP('',(#18528));
#18528 = ORIENTED_EDGE('',*,*,#18529,.T.);
#18529 = EDGE_CURVE('',#18530,#18530,#18532,.T.);
#18530 = VERTEX_POINT('',#18531);
#18531 = CARTESIAN_POINT('',(72.4,-120.5,5.));
#18532 = CIRCLE('',#18533,1.4);
#18533 = AXIS2_PLACEMENT_3D('',#18534,#18535,#18536);
#18534 = CARTESIAN_POINT('',(73.8,-120.5,5.));
#18535 = DIRECTION('',(0.,0.,-1.));
#18536 = DIRECTION('',(-1.,0.,0.));
#18537 = PLANE('',#18538);
#18538 = AXIS2_PLACEMENT_3D('',#18539,#18540,#18541);
#18539 = CARTESIAN_POINT('',(9.8,-120.5,5.));
#18540 = DIRECTION('',(0.,0.,1.));
#18541 = DIRECTION('',(1.,0.,0.));
#18542 = ADVANCED_FACE('',(#18543,#18546),#18557,.T.);
#18543 = FACE_BOUND('',#18544,.T.);
#18544 = EDGE_LOOP('',(#18545));
#18545 = ORIENTED_EDGE('',*,*,#18444,.T.);
#18546 = FACE_BOUND('',#18547,.T.);
#18547 = EDGE_LOOP('',(#18548));
#18548 = ORIENTED_EDGE('',*,*,#18549,.T.);
#18549 = EDGE_CURVE('',#18550,#18550,#18552,.T.);
#18550 = VERTEX_POINT('',#18551);
#18551 = CARTESIAN_POINT('',(-48.1,-18.5,5.));
#18552 = CIRCLE('',#18553,1.4);
#18553 = AXIS2_PLACEMENT_3D('',#18554,#18555,#18556);
#18554 = CARTESIAN_POINT('',(-46.7,-18.5,5.));
#18555 = DIRECTION('',(0.,0.,-1.));
#18556 = DIRECTION('',(-1.,0.,0.));
#18557 = PLANE('',#18558);
#18558 = AXIS2_PLACEMENT_3D('',#18559,#18560,#18561);
#18559 = CARTESIAN_POINT('',(9.8,-120.5,5.));
#18560 = DIRECTION('',(0.,0.,1.));
#18561 = DIRECTION('',(1.,0.,0.));
#18562 = ADVANCED_FACE('',(#18563,#18566),#18577,.T.);
#18563 = FACE_BOUND('',#18564,.T.);
#18564 = EDGE_LOOP('',(#18565));
#18565 = ORIENTED_EDGE('',*,*,#18469,.T.);
#18566 = FACE_BOUND('',#18567,.T.);
#18567 = EDGE_LOOP('',(#18568));
#18568 = ORIENTED_EDGE('',*,*,#18569,.T.);
#18569 = EDGE_CURVE('',#18570,#18570,#18572,.T.);
#18570 = VERTEX_POINT('',#18571);
#18571 = CARTESIAN_POINT('',(32.9,-18.5,5.));
#18572 = CIRCLE('',#18573,1.4);
#18573 = AXIS2_PLACEMENT_3D('',#18574,#18575,#18576);
#18574 = CARTESIAN_POINT('',(34.3,-18.5,5.));
#18575 = DIRECTION('',(0.,0.,-1.));
#18576 = DIRECTION('',(-1.,0.,0.));
#18577 = PLANE('',#18578);
#18578 = AXIS2_PLACEMENT_3D('',#18579,#18580,#18581);
#18579 = CARTESIAN_POINT('',(9.8,-120.5,5.));
#18580 = DIRECTION('',(0.,0.,1.));
#18581 = DIRECTION('',(1.,0.,0.));
#18582 = ADVANCED_FACE('',(#18583),#18602,.F.);
#18583 = FACE_BOUND('',#18584,.T.);
#18584 = EDGE_LOOP('',(#18585,#18593,#18600,#18601));
#18585 = ORIENTED_EDGE('',*,*,#18586,.F.);
#18586 = EDGE_CURVE('',#18587,#18490,#18589,.T.);
#18587 = VERTEX_POINT('',#18588);
#18588 = CARTESIAN_POINT('',(32.9,-222.5,0.));
#18589 = LINE('',#18590,#18591);
#18590 = CARTESIAN_POINT('',(32.9,-222.5,0.));
#18591 = VECTOR('',#18592,1.);
#18592 = DIRECTION('',(4.E-17,0.,1.));
#18593 = ORIENTED_EDGE('',*,*,#18594,.T.);
#18594 = EDGE_CURVE('',#18587,#18587,#18595,.T.);
#18595 = CIRCLE('',#18596,1.4);
#18596 = AXIS2_PLACEMENT_3D('',#18597,#18598,#18599);
#18597 = CARTESIAN_POINT('',(34.3,-222.5,0.));
#18598 = DIRECTION('',(0.,0.,-1.));
#18599 = DIRECTION('',(-1.,0.,0.));
#18600 = ORIENTED_EDGE('',*,*,#18586,.T.);
#18601 = ORIENTED_EDGE('',*,*,#18489,.F.);
#18602 = CYLINDRICAL_SURFACE('',#18603,1.4);
#18603 = AXIS2_PLACEMENT_3D('',#18604,#18605,#18606);
#18604 = CARTESIAN_POINT('',(34.3,-222.5,0.));
#18605 = DIRECTION('',(0.,0.,1.));
#18606 = DIRECTION('',(-1.,0.,0.));
#18607 = ADVANCED_FACE('',(#18608),#18627,.F.);
#18608 = FACE_BOUND('',#18609,.T.);
#18609 = EDGE_LOOP('',(#18610,#18618,#18625,#18626));
#18610 = ORIENTED_EDGE('',*,*,#18611,.F.);
#18611 = EDGE_CURVE('',#18612,#18510,#18614,.T.);
#18612 = VERTEX_POINT('',#18613);
#18613 = CARTESIAN_POINT('',(-48.1,-222.5,0.));
#18614 = LINE('',#18615,#18616);
#18615 = CARTESIAN_POINT('',(-48.1,-222.5,0.));
#18616 = VECTOR('',#18617,1.);
#18617 = DIRECTION('',(4.E-17,0.,1.));
#18618 = ORIENTED_EDGE('',*,*,#18619,.T.);
#18619 = EDGE_CURVE('',#18612,#18612,#18620,.T.);
#18620 = CIRCLE('',#18621,1.4);
#18621 = AXIS2_PLACEMENT_3D('',#18622,#18623,#18624);
#18622 = CARTESIAN_POINT('',(-46.7,-222.5,0.));
#18623 = DIRECTION('',(0.,0.,-1.));
#18624 = DIRECTION('',(-1.,0.,0.));
#18625 = ORIENTED_EDGE('',*,*,#18611,.T.);
#18626 = ORIENTED_EDGE('',*,*,#18509,.F.);
#18627 = CYLINDRICAL_SURFACE('',#18628,1.4);
#18628 = AXIS2_PLACEMENT_3D('',#18629,#18630,#18631);
#18629 = CARTESIAN_POINT('',(-46.7,-222.5,0.));
#18630 = DIRECTION('',(0.,0.,1.));
#18631 = DIRECTION('',(-1.,0.,0.));
#18632 = ADVANCED_FACE('',(#18633),#18652,.F.);
#18633 = FACE_BOUND('',#18634,.T.);
#18634 = EDGE_LOOP('',(#18635,#18643,#18650,#18651));
#18635 = ORIENTED_EDGE('',*,*,#18636,.F.);
#18636 = EDGE_CURVE('',#18637,#18530,#18639,.T.);
#18637 = VERTEX_POINT('',#18638);
#18638 = CARTESIAN_POINT('',(72.4,-120.5,0.));
#18639 = LINE('',#18640,#18641);
#18640 = CARTESIAN_POINT('',(72.4,-120.5,0.));
#18641 = VECTOR('',#18642,1.);
#18642 = DIRECTION('',(4.E-17,0.,1.));
#18643 = ORIENTED_EDGE('',*,*,#18644,.T.);
#18644 = EDGE_CURVE('',#18637,#18637,#18645,.T.);
#18645 = CIRCLE('',#18646,1.4);
#18646 = AXIS2_PLACEMENT_3D('',#18647,#18648,#18649);
#18647 = CARTESIAN_POINT('',(73.8,-120.5,0.));
#18648 = DIRECTION('',(0.,0.,-1.));
#18649 = DIRECTION('',(-1.,0.,0.));
#18650 = ORIENTED_EDGE('',*,*,#18636,.T.);
#18651 = ORIENTED_EDGE('',*,*,#18529,.F.);
#18652 = CYLINDRICAL_SURFACE('',#18653,1.4);
#18653 = AXIS2_PLACEMENT_3D('',#18654,#18655,#18656);
#18654 = CARTESIAN_POINT('',(73.8,-120.5,0.));
#18655 = DIRECTION('',(0.,0.,1.));
#18656 = DIRECTION('',(-1.,0.,0.));
#18657 = ADVANCED_FACE('',(#18658),#18677,.F.);
#18658 = FACE_BOUND('',#18659,.T.);
#18659 = EDGE_LOOP('',(#18660,#18668,#18675,#18676));
#18660 = ORIENTED_EDGE('',*,*,#18661,.F.);
#18661 = EDGE_CURVE('',#18662,#18550,#18664,.T.);
#18662 = VERTEX_POINT('',#18663);
#18663 = CARTESIAN_POINT('',(-48.1,-18.5,0.));
#18664 = LINE('',#18665,#18666);
#18665 = CARTESIAN_POINT('',(-48.1,-18.5,0.));
#18666 = VECTOR('',#18667,1.);
#18667 = DIRECTION('',(4.E-17,0.,1.));
#18668 = ORIENTED_EDGE('',*,*,#18669,.T.);
#18669 = EDGE_CURVE('',#18662,#18662,#18670,.T.);
#18670 = CIRCLE('',#18671,1.4);
#18671 = AXIS2_PLACEMENT_3D('',#18672,#18673,#18674);
#18672 = CARTESIAN_POINT('',(-46.7,-18.5,0.));
#18673 = DIRECTION('',(0.,0.,-1.));
#18674 = DIRECTION('',(-1.,0.,0.));
#18675 = ORIENTED_EDGE('',*,*,#18661,.T.);
#18676 = ORIENTED_EDGE('',*,*,#18549,.F.);
#18677 = CYLINDRICAL_SURFACE('',#18678,1.4);
#18678 = AXIS2_PLACEMENT_3D('',#18679,#18680,#18681);
#18679 = CARTESIAN_POINT('',(-46.7,-18.5,0.));
#18680 = DIRECTION('',(0.,0.,1.));
#18681 = DIRECTION('',(-1.,0.,0.));
#18682 = ADVANCED_FACE('',(#18683),#18702,.F.);
#18683 = FACE_BOUND('',#18684,.T.);
#18684 = EDGE_LOOP('',(#18685,#18693,#18700,#18701));
#18685 = ORIENTED_EDGE('',*,*,#18686,.F.);
#18686 = EDGE_CURVE('',#18687,#18570,#18689,.T.);
#18687 = VERTEX_POINT('',#18688);
#18688 = CARTESIAN_POINT('',(32.9,-18.5,0.));
#18689 = LINE('',#18690,#18691);
#18690 = CARTESIAN_POINT('',(32.9,-18.5,0.));
#18691 = VECTOR('',#18692,1.);
#18692 = DIRECTION('',(4.E-17,0.,1.));
#18693 = ORIENTED_EDGE('',*,*,#18694,.T.);
#18694 = EDGE_CURVE('',#18687,#18687,#18695,.T.);
#18695 = CIRCLE('',#18696,1.4);
#18696 = AXIS2_PLACEMENT_3D('',#18697,#18698,#18699);
#18697 = CARTESIAN_POINT('',(34.3,-18.5,0.));
#18698 = DIRECTION('',(0.,0.,-1.));
#18699 = DIRECTION('',(-1.,0.,0.));
#18700 = ORIENTED_EDGE('',*,*,#18686,.T.);
#18701 = ORIENTED_EDGE('',*,*,#18569,.F.);
#18702 = CYLINDRICAL_SURFACE('',#18703,1.4);
#18703 = AXIS2_PLACEMENT_3D('',#18704,#18705,#18706);
#18704 = CARTESIAN_POINT('',(34.3,-18.5,0.));
#18705 = DIRECTION('',(0.,0.,1.));
#18706 = DIRECTION('',(-1.,0.,0.));
#18707 = ADVANCED_FACE('',(#18708),#18711,.F.);
#18708 = FACE_BOUND('',#18709,.T.);
#18709 = EDGE_LOOP('',(#18710));
#18710 = ORIENTED_EDGE('',*,*,#18594,.F.);
#18711 = PLANE('',#18712);
#18712 = AXIS2_PLACEMENT_3D('',#18713,#18714,#18715);
#18713 = CARTESIAN_POINT('',(34.3,-222.5,0.));
#18714 = DIRECTION('',(-0.,-0.,-1.));
#18715 = DIRECTION('',(-1.,-0.,-0.));
#18716 = ADVANCED_FACE('',(#18717),#18720,.F.);
#18717 = FACE_BOUND('',#18718,.T.);
#18718 = EDGE_LOOP('',(#18719));
#18719 = ORIENTED_EDGE('',*,*,#18619,.F.);
#18720 = PLANE('',#18721);
#18721 = AXIS2_PLACEMENT_3D('',#18722,#18723,#18724);
#18722 = CARTESIAN_POINT('',(-46.7,-222.5,0.));
#18723 = DIRECTION('',(-0.,-0.,-1.));
#18724 = DIRECTION('',(-1.,-0.,-0.));
#18725 = ADVANCED_FACE('',(#18726),#18729,.F.);
#18726 = FACE_BOUND('',#18727,.T.);
#18727 = EDGE_LOOP('',(#18728));
#18728 = ORIENTED_EDGE('',*,*,#18644,.F.);
#18729 = PLANE('',#18730);
#18730 = AXIS2_PLACEMENT_3D('',#18731,#18732,#18733);
#18731 = CARTESIAN_POINT('',(73.8,-120.5,0.));
#18732 = DIRECTION('',(-0.,-0.,-1.));
#18733 = DIRECTION('',(-1.,-0.,-0.));
#18734 = ADVANCED_FACE('',(#18735),#18738,.F.);
#18735 = FACE_BOUND('',#18736,.T.);
#18736 = EDGE_LOOP('',(#18737));
#18737 = ORIENTED_EDGE('',*,*,#18669,.F.);
#18738 = PLANE('',#18739);
#18739 = AXIS2_PLACEMENT_3D('',#18740,#18741,#18742);
#18740 = CARTESIAN_POINT('',(-46.7,-18.5,0.));
#18741 = DIRECTION('',(-0.,-0.,-1.));
#18742 = DIRECTION('',(-1.,-0.,-0.));
#18743 = ADVANCED_FACE('',(#18744),#18747,.F.);
#18744 = FACE_BOUND('',#18745,.T.);
#18745 = EDGE_LOOP('',(#18746));
#18746 = ORIENTED_EDGE('',*,*,#18694,.F.);
#18747 = PLANE('',#18748);
#18748 = AXIS2_PLACEMENT_3D('',#18749,#18750,#18751);
#18749 = CARTESIAN_POINT('',(34.3,-18.5,0.));
#18750 = DIRECTION('',(-0.,-0.,-1.));
#18751 = DIRECTION('',(-1.,-0.,-0.));
#18752 = ( GEOMETRIC_REPRESENTATION_CONTEXT(3) 
GLOBAL_UNCERTAINTY_ASSIGNED_CONTEXT((#18756)) 
GLOBAL_UNIT_ASSIGNED_CONTEXT((#18753,#18754,#18755)) 
REPRESENTATION_CONTEXT('Context #1',
  '3D Context with UNIT and UNCERTAINTY') );
#18753 = ( LENGTH_UNIT() NAMED_UNIT(*) SI_UNIT(.MILLI.,.METRE.) );
#18754 = ( NAMED_UNIT(*) PLANE_ANGLE_UNIT() SI_UNIT($,.RADIAN.) );
#18755 = ( NAMED_UNIT(*) SI_UNIT($,.STERADIAN.) SOLID_ANGLE_UNIT() );
#18756 = UNCERTAINTY_MEASURE_WITH_UNIT(LENGTH_MEASURE(1.E-04),#18753,
  'distance_accuracy_value','confusion accuracy');
#18757 = PRODUCT_RELATED_PRODUCT_CATEGORY('part',$,(#7));
#18758 = MECHANICAL_DESIGN_GEOMETRIC_PRESENTATION_REPRESENTATION('',(
    #18759),#18752);
#18759 = STYLED_ITEM('color',(#18760),#15);
#18760 = PRESENTATION_STYLE_ASSIGNMENT((#18761,#18767));
#18761 = SURFACE_STYLE_USAGE(.BOTH.,#18762);
#18762 = SURFACE_SIDE_STYLE('',(#18763));
#18763 = SURFACE_STYLE_FILL_AREA(#18764);
#18764 = FILL_AREA_STYLE('',(#18765));
#18765 = FILL_AREA_STYLE_COLOUR('',#18766);
#18766 = COLOUR_RGB('',0.447058818107,0.474509808674,0.501960817233);
#18767 = CURVE_STYLE('',#18768,POSITIVE_LENGTH_MEASURE(0.1),#18769);
#18768 = DRAUGHTING_PRE_DEFINED_CURVE_FONT('continuous');
#18769 = COLOUR_RGB('',9.803921802644E-02,9.803921802644E-02,
  9.803921802644E-02);
ENDSEC;
END-ISO-10303-21;
