ISO-10303-21;
HEADER;
FILE_DESCRIPTION(('FreeCAD Model'),'2;1');
FILE_NAME('Open CASCADE Shape Model','2026-09-02T16:45:02',(''),(''),
  'Open CASCADE STEP processor 7.8','FreeCAD','Unknown');
FILE_SCHEMA(('AUTOMOTIVE_DESIGN { 1 0 10303 214 1 1 1 1 }'));
ENDSEC;
DATA;
#1 = APPLICATION_PROTOCOL_DEFINITION('international standard',
  'automotive_design',2000,#2);
#2 = APPLICATION_CONTEXT(
  'core data for automotive mechanical design processes');
#3 = SHAPE_DEFINITION_REPRESENTATION(#4,#10);
#4 = PRODUCT_DEFINITION_SHAPE('','',#5);
#5 = PRODUCT_DEFINITION('design','',#6,#9);
#6 = PRODUCT_DEFINITION_FORMATION('','',#7);
#7 = PRODUCT('Tasta_4','Tasta_4','',(#8));
#8 = PRODUCT_CONTEXT('',#2,'mechanical');
#9 = PRODUCT_DEFINITION_CONTEXT('part definition',#2,'design');
#10 = SHAPE_REPRESENTATION('',(#11,#15,#19,#23),#27);
#11 = AXIS2_PLACEMENT_3D('',#12,#13,#14);
#12 = CARTESIAN_POINT('',(0.,0.,0.));
#13 = DIRECTION('',(0.,0.,1.));
#14 = DIRECTION('',(1.,0.,-0.));
#15 = AXIS2_PLACEMENT_3D('',#16,#17,#18);
#16 = CARTESIAN_POINT('',(0.,0.,0.));
#17 = DIRECTION('',(0.,0.,1.));
#18 = DIRECTION('',(1.,0.,0.));
#19 = AXIS2_PLACEMENT_3D('',#20,#21,#22);
#20 = CARTESIAN_POINT('',(0.,0.,0.));
#21 = DIRECTION('',(0.,0.,1.));
#22 = DIRECTION('',(1.,0.,0.));
#23 = AXIS2_PLACEMENT_3D('',#24,#25,#26);
#24 = CARTESIAN_POINT('',(0.,0.,0.));
#25 = DIRECTION('',(0.,0.,1.));
#26 = DIRECTION('',(1.,0.,0.));
#27 = ( GEOMETRIC_REPRESENTATION_CONTEXT(3) 
GLOBAL_UNCERTAINTY_ASSIGNED_CONTEXT((#31)) GLOBAL_UNIT_ASSIGNED_CONTEXT(
(#28,#29,#30)) REPRESENTATION_CONTEXT('Context #1',
  '3D Context with UNIT and UNCERTAINTY') );
#28 = ( LENGTH_UNIT() NAMED_UNIT(*) SI_UNIT(.MILLI.,.METRE.) );
#29 = ( NAMED_UNIT(*) PLANE_ANGLE_UNIT() SI_UNIT($,.RADIAN.) );
#30 = ( NAMED_UNIT(*) SI_UNIT($,.STERADIAN.) SOLID_ANGLE_UNIT() );
#31 = UNCERTAINTY_MEASURE_WITH_UNIT(LENGTH_MEASURE(1.E-07),#28,
  'distance_accuracy_value','confusion accuracy');
#32 = PRODUCT_RELATED_PRODUCT_CATEGORY('part',$,(#7));
#33 = SHAPE_DEFINITION_REPRESENTATION(#34,#40);
#34 = PRODUCT_DEFINITION_SHAPE('','',#35);
#35 = PRODUCT_DEFINITION('design','',#36,#39);
#36 = PRODUCT_DEFINITION_FORMATION('','',#37);
#37 = PRODUCT('Body','Body','',(#38));
#38 = PRODUCT_CONTEXT('',#2,'mechanical');
#39 = PRODUCT_DEFINITION_CONTEXT('part definition',#2,'design');
#40 = ADVANCED_BREP_SHAPE_REPRESENTATION('',(#11,#41),#4477);
#41 = MANIFOLD_SOLID_BREP('',#42);
#42 = CLOSED_SHELL('',(#43,#83,#133,#187,#309,#343,#368,#422,#439,#465,
    #1171,#1205,#1230,#1273,#1292,#1323,#1347,#1371,#1395,#1419,#1443,
    #1467,#1484,#1511,#1530,#1557,#1569,#1600,#1626,#1652,#1676,#1702,
    #1728,#1754,#1780,#1806,#1832,#1858,#1884,#1910,#1936,#1962,#1988,
    #2014,#2040,#2066,#2090,#2116,#2142,#2168,#2194,#2220,#2244,#2270,
    #2296,#2320,#2346,#2372,#2396,#2422,#2448,#2474,#2500,#2526,#2552,
    #2578,#2604,#2630,#2656,#2682,#2708,#2734,#2760,#2786,#2810,#2836,
    #2862,#2888,#2914,#2940,#2964,#2990,#3009,#3040,#3066,#3092,#3118,
    #3144,#3168,#3192,#3216,#3240,#3266,#3292,#3318,#3344,#3368,#3392,
    #3418,#3444,#3470,#3496,#3520,#3544,#3568,#3594,#3620,#3644,#3663,
    #3690,#3754,#3814,#3839,#3870,#3894,#3911,#4054,#4065,#4096,#4121,
    #4145,#4169,#4193,#4218,#4242,#4266,#4290,#4315,#4339,#4363,#4387,
    #4412,#4436,#4453));
#43 = ADVANCED_FACE('',(#44),#78,.T.);
#44 = FACE_BOUND('',#45,.T.);
#45 = EDGE_LOOP('',(#46,#55,#65,#72));
#46 = ORIENTED_EDGE('',*,*,#47,.T.);
#47 = EDGE_CURVE('',#48,#50,#52,.T.);
#48 = VERTEX_POINT('',#49);
#49 = CARTESIAN_POINT('',(-9.1,-7.685786437627,0.));
#50 = VERTEX_POINT('',#51);
#51 = CARTESIAN_POINT('',(-7.102758617143,-5.68854505477,9.510673251699)
  );
#52 = B_SPLINE_CURVE_WITH_KNOTS('',1,(#53,#54),.UNSPECIFIED.,.F.,.F.,(2,
    2),(0.,1.),.PIECEWISE_BEZIER_KNOTS.);
#53 = CARTESIAN_POINT('',(-9.1,-7.685786437627,0.));
#54 = CARTESIAN_POINT('',(-7.,-5.585786437627,10.));
#55 = ORIENTED_EDGE('',*,*,#56,.F.);
#56 = EDGE_CURVE('',#57,#50,#59,.T.);
#57 = VERTEX_POINT('',#58);
#58 = CARTESIAN_POINT('',(-7.102758617143,5.68854505477,9.510673251699)
  );
#59 = B_SPLINE_CURVE_WITH_KNOTS('',2,(#60,#61,#62,#63,#64),
  .UNSPECIFIED.,.F.,.F.,(3,1,1,3),(-1.183700259966,-0.5,11.671572875254,
    12.355273135219),.UNSPECIFIED.);
#60 = CARTESIAN_POINT('',(-7.102758617143,6.769486697592,9.510673251699)
  );
#61 = CARTESIAN_POINT('',(-7.102758617143,6.42763656761,9.510673251699)
  );
#62 = CARTESIAN_POINT('',(-7.102758617143,-2.66E-15,9.510673251699));
#63 = CARTESIAN_POINT('',(-7.102758617143,-6.42763656761,9.510673251699)
  );
#64 = CARTESIAN_POINT('',(-7.102758617143,-6.769486697592,9.510673251699
    ));
#65 = ORIENTED_EDGE('',*,*,#66,.F.);
#66 = EDGE_CURVE('',#67,#57,#69,.T.);
#67 = VERTEX_POINT('',#68);
#68 = CARTESIAN_POINT('',(-9.1,7.685786437627,0.));
#69 = B_SPLINE_CURVE_WITH_KNOTS('',1,(#70,#71),.UNSPECIFIED.,.F.,.F.,(2,
    2),(0.,1.),.PIECEWISE_BEZIER_KNOTS.);
#70 = CARTESIAN_POINT('',(-9.1,7.685786437627,0.));
#71 = CARTESIAN_POINT('',(-7.,5.585786437627,10.));
#72 = ORIENTED_EDGE('',*,*,#73,.T.);
#73 = EDGE_CURVE('',#67,#48,#74,.T.);
#74 = LINE('',#75,#76);
#75 = CARTESIAN_POINT('',(-9.1,7.685786437627,0.));
#76 = VECTOR('',#77,1.);
#77 = DIRECTION('',(0.,-1.,0.));
#78 = B_SPLINE_SURFACE_WITH_KNOTS('',1,1,(
    (#79,#80)
    ,(#81,#82
    )),.UNSPECIFIED.,.F.,.F.,.F.,(2,2),(2,2),(0.,15.371572875254),(0.,1.
    ),.PIECEWISE_BEZIER_KNOTS.);
#79 = CARTESIAN_POINT('',(-9.1,7.685786437627,0.));
#80 = CARTESIAN_POINT('',(-7.,5.585786437627,10.));
#81 = CARTESIAN_POINT('',(-9.1,-7.685786437627,0.));
#82 = CARTESIAN_POINT('',(-7.,-5.585786437627,10.));
#83 = ADVANCED_FACE('',(#84),#128,.T.);
#84 = FACE_BOUND('',#85,.T.);
#85 = EDGE_LOOP('',(#86,#95,#105,#113,#121,#122));
#86 = ORIENTED_EDGE('',*,*,#87,.T.);
#87 = EDGE_CURVE('',#88,#90,#92,.T.);
#88 = VERTEX_POINT('',#89);
#89 = CARTESIAN_POINT('',(-7.685786437627,-9.1,0.));
#90 = VERTEX_POINT('',#91);
#91 = CARTESIAN_POINT('',(-5.68854505477,-7.102758617143,9.510673251699)
  );
#92 = B_SPLINE_CURVE_WITH_KNOTS('',1,(#93,#94),.UNSPECIFIED.,.F.,.F.,(2,
    2),(0.,1.),.PIECEWISE_BEZIER_KNOTS.);
#93 = CARTESIAN_POINT('',(-7.685786437627,-9.1,0.));
#94 = CARTESIAN_POINT('',(-5.585786437627,-7.,10.));
#95 = ORIENTED_EDGE('',*,*,#96,.F.);
#96 = EDGE_CURVE('',#97,#90,#99,.T.);
#97 = VERTEX_POINT('',#98);
#98 = CARTESIAN_POINT('',(-5.696677530706,-7.090418714604,9.520690934088
    ));
#99 = B_SPLINE_CURVE_WITH_KNOTS('',4,(#100,#101,#102,#103,#104),
  .UNSPECIFIED.,.F.,.F.,(5,5),(0.,1.),.PIECEWISE_BEZIER_KNOTS.);
#100 = CARTESIAN_POINT('',(-5.696632501422,-7.090487040287,
    9.520635466471));
#101 = CARTESIAN_POINT('',(-5.694610639759,-7.093554934501,
    9.518144912778));
#102 = CARTESIAN_POINT('',(-5.692588778096,-7.096622828715,
    9.515654359085));
#103 = CARTESIAN_POINT('',(-5.690566916433,-7.099690722929,
    9.513163805392));
#104 = CARTESIAN_POINT('',(-5.68854505477,-7.102758617143,9.510673251699
    ));
#105 = ORIENTED_EDGE('',*,*,#106,.F.);
#106 = EDGE_CURVE('',#107,#97,#109,.T.);
#107 = VERTEX_POINT('',#108);
#108 = CARTESIAN_POINT('',(-7.090418714604,-5.696677530706,
    9.520690934088));
#109 = LINE('',#110,#111);
#110 = CARTESIAN_POINT('',(-7.100654903841,-5.686441341468,
    9.520690934088));
#111 = VECTOR('',#112,1.);
#112 = DIRECTION('',(0.707106781187,-0.707106781187,0.));
#113 = ORIENTED_EDGE('',*,*,#114,.T.);
#114 = EDGE_CURVE('',#107,#50,#115,.T.);
#115 = B_SPLINE_CURVE_WITH_KNOTS('',4,(#116,#117,#118,#119,#120),
  .UNSPECIFIED.,.F.,.F.,(5,5),(0.,1.),.PIECEWISE_BEZIER_KNOTS.);
#116 = CARTESIAN_POINT('',(-7.090487040287,-5.696632501422,
    9.520635466471));
#117 = CARTESIAN_POINT('',(-7.093554934501,-5.694610639759,
    9.518144912778));
#118 = CARTESIAN_POINT('',(-7.096622828715,-5.692588778096,
    9.515654359085));
#119 = CARTESIAN_POINT('',(-7.099690722929,-5.690566916433,
    9.513163805392));
#120 = CARTESIAN_POINT('',(-7.102758617143,-5.68854505477,9.510673251699
    ));
#121 = ORIENTED_EDGE('',*,*,#47,.F.);
#122 = ORIENTED_EDGE('',*,*,#123,.T.);
#123 = EDGE_CURVE('',#48,#88,#124,.T.);
#124 = LINE('',#125,#126);
#125 = CARTESIAN_POINT('',(-9.1,-7.685786437627,0.));
#126 = VECTOR('',#127,1.);
#127 = DIRECTION('',(0.707106781187,-0.707106781187,0.));
#128 = PLANE('',#129);
#129 = AXIS2_PLACEMENT_3D('',#130,#131,#132);
#130 = CARTESIAN_POINT('',(-7.,-5.585786437627,10.));
#131 = DIRECTION('',(-0.677845381581,-0.677845381581,0.284695060264));
#132 = DIRECTION('',(0.707106781187,-0.707106781187,-5.551115123126E-17)
  );
#133 = ADVANCED_FACE('',(#134),#176,.F.);
#134 = FACE_BOUND('',#135,.F.);
#135 = EDGE_LOOP('',(#136,#148,#158,#166,#167,#168));
#136 = ORIENTED_EDGE('',*,*,#137,.F.);
#137 = EDGE_CURVE('',#138,#140,#142,.T.);
#138 = VERTEX_POINT('',#139);
#139 = CARTESIAN_POINT('',(-6.5,5.37867965644,10.));
#140 = VERTEX_POINT('',#141);
#141 = CARTESIAN_POINT('',(-7.090418714604,5.696677530706,9.520690934088
    ));
#142 = B_SPLINE_CURVE_WITH_KNOTS('',4,(#143,#144,#145,#146,#147),
  .UNSPECIFIED.,.F.,.F.,(5,5),(0.,1.),.PIECEWISE_BEZIER_KNOTS.);
#143 = CARTESIAN_POINT('',(-6.5,5.37867965644,10.));
#144 = CARTESIAN_POINT('',(-6.647604678651,5.458179125007,9.880172733522
    ));
#145 = CARTESIAN_POINT('',(-6.795209357302,5.537678593573,9.760345467044
    ));
#146 = CARTESIAN_POINT('',(-6.942814035953,5.617178062139,9.640518200566
    ));
#147 = CARTESIAN_POINT('',(-7.090418714604,5.696677530706,9.520690934088
    ));
#148 = ORIENTED_EDGE('',*,*,#149,.T.);
#149 = EDGE_CURVE('',#138,#150,#152,.T.);
#150 = VERTEX_POINT('',#151);
#151 = CARTESIAN_POINT('',(-6.5,-5.37867965644,10.));
#152 = B_SPLINE_CURVE_WITH_KNOTS('',2,(#153,#154,#155,#156,#157),
  .UNSPECIFIED.,.F.,.F.,(3,1,1,3),(-1.183700259966,-0.5,11.671572875254,
    12.355273135219),.UNSPECIFIED.);
#153 = CARTESIAN_POINT('',(-6.5,6.769486697592,10.));
#154 = CARTESIAN_POINT('',(-6.5,6.42763656761,10.));
#155 = CARTESIAN_POINT('',(-6.5,-1.78E-15,10.));
#156 = CARTESIAN_POINT('',(-6.5,-6.42763656761,10.));
#157 = CARTESIAN_POINT('',(-6.5,-6.769486697592,10.));
#158 = ORIENTED_EDGE('',*,*,#159,.T.);
#159 = EDGE_CURVE('',#150,#107,#160,.T.);
#160 = B_SPLINE_CURVE_WITH_KNOTS('',4,(#161,#162,#163,#164,#165),
  .UNSPECIFIED.,.F.,.F.,(5,5),(0.,1.),.PIECEWISE_BEZIER_KNOTS.);
#161 = CARTESIAN_POINT('',(-6.5,-5.37867965644,10.));
#162 = CARTESIAN_POINT('',(-6.647604678651,-5.458179125007,
    9.880172733522));
#163 = CARTESIAN_POINT('',(-6.795209357302,-5.537678593573,
    9.760345467044));
#164 = CARTESIAN_POINT('',(-6.942814035953,-5.617178062139,
    9.640518200566));
#165 = CARTESIAN_POINT('',(-7.090418714604,-5.696677530706,
    9.520690934088));
#166 = ORIENTED_EDGE('',*,*,#114,.T.);
#167 = ORIENTED_EDGE('',*,*,#56,.F.);
#168 = ORIENTED_EDGE('',*,*,#169,.F.);
#169 = EDGE_CURVE('',#140,#57,#170,.T.);
#170 = B_SPLINE_CURVE_WITH_KNOTS('',4,(#171,#172,#173,#174,#175),
  .UNSPECIFIED.,.F.,.F.,(5,5),(0.,1.),.PIECEWISE_BEZIER_KNOTS.);
#171 = CARTESIAN_POINT('',(-7.090418714604,5.696677530706,9.520690934088
    ));
#172 = CARTESIAN_POINT('',(-7.093503690239,5.694644411722,9.518186513491
    ));
#173 = CARTESIAN_POINT('',(-7.096588665874,5.692611292738,9.515682092894
    ));
#174 = CARTESIAN_POINT('',(-7.099673641508,5.690578173754,9.513177672296
    ));
#175 = CARTESIAN_POINT('',(-7.102758617143,5.68854505477,9.510673251699)
  );
#176 = B_SPLINE_SURFACE_WITH_KNOTS('',1,2,(
    (#177,#178,#179,#180,#181)
    ,(#182,#183,#184,#185,#186
    )),.UNSPECIFIED.,.F.,.F.,.F.,(2,2),(3,1,1,3),(0.,12.171572875254),(
    -1.183700259966,-0.5,11.671572875254,12.355273135219),
  .UNSPECIFIED.);
#177 = CARTESIAN_POINT('',(-7.102758617143,6.769486697592,9.510673251699
    ));
#178 = CARTESIAN_POINT('',(-7.102758617143,6.42763656761,9.510673251699)
  );
#179 = CARTESIAN_POINT('',(-7.102758617143,-2.66E-15,9.510673251699));
#180 = CARTESIAN_POINT('',(-7.102758617143,-6.42763656761,9.510673251699
    ));
#181 = CARTESIAN_POINT('',(-7.102758617143,-6.769486697592,
    9.510673251699));
#182 = CARTESIAN_POINT('',(-6.5,6.769486697592,10.));
#183 = CARTESIAN_POINT('',(-6.5,6.42763656761,10.));
#184 = CARTESIAN_POINT('',(-6.5,-1.78E-15,10.));
#185 = CARTESIAN_POINT('',(-6.5,-6.42763656761,10.));
#186 = CARTESIAN_POINT('',(-6.5,-6.769486697592,10.));
#187 = ADVANCED_FACE('',(#188,#238),#304,.F.);
#188 = FACE_BOUND('',#189,.F.);
#189 = EDGE_LOOP('',(#190,#191,#192,#200,#208,#216,#224,#232));
#190 = ORIENTED_EDGE('',*,*,#73,.T.);
#191 = ORIENTED_EDGE('',*,*,#123,.T.);
#192 = ORIENTED_EDGE('',*,*,#193,.T.);
#193 = EDGE_CURVE('',#88,#194,#196,.T.);
#194 = VERTEX_POINT('',#195);
#195 = CARTESIAN_POINT('',(7.685786437627,-9.1,0.));
#196 = LINE('',#197,#198);
#197 = CARTESIAN_POINT('',(-7.685786437627,-9.1,0.));
#198 = VECTOR('',#199,1.);
#199 = DIRECTION('',(1.,0.,0.));
#200 = ORIENTED_EDGE('',*,*,#201,.T.);
#201 = EDGE_CURVE('',#194,#202,#204,.T.);
#202 = VERTEX_POINT('',#203);
#203 = CARTESIAN_POINT('',(9.1,-7.685786437627,0.));
#204 = LINE('',#205,#206);
#205 = CARTESIAN_POINT('',(7.685786437627,-9.1,0.));
#206 = VECTOR('',#207,1.);
#207 = DIRECTION('',(0.707106781187,0.707106781187,0.));
#208 = ORIENTED_EDGE('',*,*,#209,.T.);
#209 = EDGE_CURVE('',#202,#210,#212,.T.);
#210 = VERTEX_POINT('',#211);
#211 = CARTESIAN_POINT('',(9.1,7.685786437627,0.));
#212 = LINE('',#213,#214);
#213 = CARTESIAN_POINT('',(9.1,-7.685786437627,0.));
#214 = VECTOR('',#215,1.);
#215 = DIRECTION('',(0.,1.,0.));
#216 = ORIENTED_EDGE('',*,*,#217,.T.);
#217 = EDGE_CURVE('',#210,#218,#220,.T.);
#218 = VERTEX_POINT('',#219);
#219 = CARTESIAN_POINT('',(7.685786437627,9.1,0.));
#220 = LINE('',#221,#222);
#221 = CARTESIAN_POINT('',(9.1,7.685786437627,0.));
#222 = VECTOR('',#223,1.);
#223 = DIRECTION('',(-0.707106781187,0.707106781187,0.));
#224 = ORIENTED_EDGE('',*,*,#225,.T.);
#225 = EDGE_CURVE('',#218,#226,#228,.T.);
#226 = VERTEX_POINT('',#227);
#227 = CARTESIAN_POINT('',(-7.685786437627,9.1,0.));
#228 = LINE('',#229,#230);
#229 = CARTESIAN_POINT('',(7.685786437627,9.1,0.));
#230 = VECTOR('',#231,1.);
#231 = DIRECTION('',(-1.,0.,0.));
#232 = ORIENTED_EDGE('',*,*,#233,.T.);
#233 = EDGE_CURVE('',#226,#67,#234,.T.);
#234 = LINE('',#235,#236);
#235 = CARTESIAN_POINT('',(-7.685786437627,9.1,0.));
#236 = VECTOR('',#237,1.);
#237 = DIRECTION('',(-0.707106781187,-0.707106781187,0.));
#238 = FACE_BOUND('',#239,.F.);
#239 = EDGE_LOOP('',(#240,#250,#258,#266,#274,#282,#290,#298));
#240 = ORIENTED_EDGE('',*,*,#241,.T.);
#241 = EDGE_CURVE('',#242,#244,#246,.T.);
#242 = VERTEX_POINT('',#243);
#243 = CARTESIAN_POINT('',(-7.873825461037,-7.141645750422,-1.E-15));
#244 = VERTEX_POINT('',#245);
#245 = CARTESIAN_POINT('',(-7.873825461037,7.141645750422,-1.E-15));
#246 = LINE('',#247,#248);
#247 = CARTESIAN_POINT('',(-7.873825461037,-4.6E-16,0.));
#248 = VECTOR('',#249,1.);
#249 = DIRECTION('',(-1.E-17,1.,0.));
#250 = ORIENTED_EDGE('',*,*,#251,.T.);
#251 = EDGE_CURVE('',#244,#252,#254,.T.);
#252 = VERTEX_POINT('',#253);
#253 = CARTESIAN_POINT('',(-7.141645750422,7.873825461037,0.));
#254 = LINE('',#255,#256);
#255 = CARTESIAN_POINT('',(-7.154182215136,7.861288996323,0.));
#256 = VECTOR('',#257,1.);
#257 = DIRECTION('',(0.707106781187,0.707106781187,0.));
#258 = ORIENTED_EDGE('',*,*,#259,.T.);
#259 = EDGE_CURVE('',#252,#260,#262,.T.);
#260 = VERTEX_POINT('',#261);
#261 = CARTESIAN_POINT('',(7.141645750422,7.873825461037,0.));
#262 = LINE('',#263,#264);
#263 = CARTESIAN_POINT('',(-8.3E-16,7.873825461037,4.4E-16));
#264 = VECTOR('',#265,1.);
#265 = DIRECTION('',(1.,-2.E-17,0.));
#266 = ORIENTED_EDGE('',*,*,#267,.T.);
#267 = EDGE_CURVE('',#260,#268,#270,.T.);
#268 = VERTEX_POINT('',#269);
#269 = CARTESIAN_POINT('',(7.873825461037,7.141645750422,-1.E-15));
#270 = LINE('',#271,#272);
#271 = CARTESIAN_POINT('',(7.861288996323,7.154182215136,0.));
#272 = VECTOR('',#273,1.);
#273 = DIRECTION('',(0.707106781187,-0.707106781187,0.));
#274 = ORIENTED_EDGE('',*,*,#275,.T.);
#275 = EDGE_CURVE('',#268,#276,#278,.T.);
#276 = VERTEX_POINT('',#277);
#277 = CARTESIAN_POINT('',(7.873825461037,-7.141645750422,-1.E-15));
#278 = LINE('',#279,#280);
#279 = CARTESIAN_POINT('',(7.873825461037,1.E-16,0.));
#280 = VECTOR('',#281,1.);
#281 = DIRECTION('',(1.E-17,-1.,0.));
#282 = ORIENTED_EDGE('',*,*,#283,.T.);
#283 = EDGE_CURVE('',#276,#284,#286,.T.);
#284 = VERTEX_POINT('',#285);
#285 = CARTESIAN_POINT('',(7.141645750422,-7.873825461037,-1.E-15));
#286 = LINE('',#287,#288);
#287 = CARTESIAN_POINT('',(7.154182215136,-7.861288996323,-8.9E-16));
#288 = VECTOR('',#289,1.);
#289 = DIRECTION('',(-0.707106781187,-0.707106781187,0.));
#290 = ORIENTED_EDGE('',*,*,#291,.T.);
#291 = EDGE_CURVE('',#284,#292,#294,.T.);
#292 = VERTEX_POINT('',#293);
#293 = CARTESIAN_POINT('',(-7.141645750422,-7.873825461037,-1.E-15));
#294 = LINE('',#295,#296);
#295 = CARTESIAN_POINT('',(-4.7E-16,-7.873825461037,0.));
#296 = VECTOR('',#297,1.);
#297 = DIRECTION('',(-1.,0.,0.));
#298 = ORIENTED_EDGE('',*,*,#299,.T.);
#299 = EDGE_CURVE('',#292,#242,#300,.T.);
#300 = LINE('',#301,#302);
#301 = CARTESIAN_POINT('',(-7.861288996323,-7.154182215136,0.));
#302 = VECTOR('',#303,1.);
#303 = DIRECTION('',(-0.707106781187,0.707106781187,0.));
#304 = PLANE('',#305);
#305 = AXIS2_PLACEMENT_3D('',#306,#307,#308);
#306 = CARTESIAN_POINT('',(-1.02E-15,-5.8E-16,0.));
#307 = DIRECTION('',(0.,0.,1.));
#308 = DIRECTION('',(1.,0.,0.));
#309 = ADVANCED_FACE('',(#310),#338,.T.);
#310 = FACE_BOUND('',#311,.T.);
#311 = EDGE_LOOP('',(#312,#313,#314,#322,#332,#337));
#312 = ORIENTED_EDGE('',*,*,#66,.T.);
#313 = ORIENTED_EDGE('',*,*,#169,.F.);
#314 = ORIENTED_EDGE('',*,*,#315,.F.);
#315 = EDGE_CURVE('',#316,#140,#318,.T.);
#316 = VERTEX_POINT('',#317);
#317 = CARTESIAN_POINT('',(-5.696677530706,7.090418714604,9.520690934088
    ));
#318 = LINE('',#319,#320);
#319 = CARTESIAN_POINT('',(-5.686441341468,7.100654903841,9.520690934088
    ));
#320 = VECTOR('',#321,1.);
#321 = DIRECTION('',(-0.707106781187,-0.707106781187,0.));
#322 = ORIENTED_EDGE('',*,*,#323,.T.);
#323 = EDGE_CURVE('',#316,#324,#326,.T.);
#324 = VERTEX_POINT('',#325);
#325 = CARTESIAN_POINT('',(-5.68854505477,7.102758617143,9.510673251699)
  );
#326 = B_SPLINE_CURVE_WITH_KNOTS('',4,(#327,#328,#329,#330,#331),
  .UNSPECIFIED.,.F.,.F.,(5,5),(0.,1.),.PIECEWISE_BEZIER_KNOTS.);
#327 = CARTESIAN_POINT('',(-5.696677530706,7.090418714604,9.520690934088
    ));
#328 = CARTESIAN_POINT('',(-5.694644411722,7.093503690239,9.518186513491
    ));
#329 = CARTESIAN_POINT('',(-5.692611292738,7.096588665874,9.515682092894
    ));
#330 = CARTESIAN_POINT('',(-5.690578173754,7.099673641508,9.513177672296
    ));
#331 = CARTESIAN_POINT('',(-5.68854505477,7.102758617143,9.510673251699)
  );
#332 = ORIENTED_EDGE('',*,*,#333,.F.);
#333 = EDGE_CURVE('',#226,#324,#334,.T.);
#334 = B_SPLINE_CURVE_WITH_KNOTS('',1,(#335,#336),.UNSPECIFIED.,.F.,.F.,
  (2,2),(0.,1.),.PIECEWISE_BEZIER_KNOTS.);
#335 = CARTESIAN_POINT('',(-7.685786437627,9.1,0.));
#336 = CARTESIAN_POINT('',(-5.585786437627,7.,10.));
#337 = ORIENTED_EDGE('',*,*,#233,.T.);
#338 = PLANE('',#339);
#339 = AXIS2_PLACEMENT_3D('',#340,#341,#342);
#340 = CARTESIAN_POINT('',(-5.585786437627,7.,10.));
#341 = DIRECTION('',(-0.677845381581,0.677845381581,0.284695060264));
#342 = DIRECTION('',(-0.707106781187,-0.707106781187,-5.551115123126E-17
    ));
#343 = ADVANCED_FACE('',(#344),#363,.T.);
#344 = FACE_BOUND('',#345,.T.);
#345 = EDGE_LOOP('',(#346,#353,#361,#362));
#346 = ORIENTED_EDGE('',*,*,#347,.T.);
#347 = EDGE_CURVE('',#194,#348,#350,.T.);
#348 = VERTEX_POINT('',#349);
#349 = CARTESIAN_POINT('',(5.68854505477,-7.102758617143,9.510673251699)
  );
#350 = B_SPLINE_CURVE_WITH_KNOTS('',1,(#351,#352),.UNSPECIFIED.,.F.,.F.,
  (2,2),(0.,1.),.PIECEWISE_BEZIER_KNOTS.);
#351 = CARTESIAN_POINT('',(7.685786437627,-9.1,0.));
#352 = CARTESIAN_POINT('',(5.585786437627,-7.,10.));
#353 = ORIENTED_EDGE('',*,*,#354,.F.);
#354 = EDGE_CURVE('',#90,#348,#355,.T.);
#355 = B_SPLINE_CURVE_WITH_KNOTS('',2,(#356,#357,#358,#359,#360),
  .UNSPECIFIED.,.F.,.F.,(3,1,1,3),(-1.183700259966,-0.5,11.671572875254,
    12.355273135219),.UNSPECIFIED.);
#356 = CARTESIAN_POINT('',(-6.769486697592,-7.102758617143,
    9.510673251699));
#357 = CARTESIAN_POINT('',(-6.42763656761,-7.102758617143,9.510673251699
    ));
#358 = CARTESIAN_POINT('',(-8.9E-16,-7.102758617143,9.510673251699));
#359 = CARTESIAN_POINT('',(6.42763656761,-7.102758617143,9.510673251699)
  );
#360 = CARTESIAN_POINT('',(6.769486697592,-7.102758617143,9.510673251699
    ));
#361 = ORIENTED_EDGE('',*,*,#87,.F.);
#362 = ORIENTED_EDGE('',*,*,#193,.T.);
#363 = B_SPLINE_SURFACE_WITH_KNOTS('',1,1,(
    (#364,#365)
    ,(#366,#367
    )),.UNSPECIFIED.,.F.,.F.,.F.,(2,2),(2,2),(0.,15.371572875254),(0.,1.
    ),.PIECEWISE_BEZIER_KNOTS.);
#364 = CARTESIAN_POINT('',(-7.685786437627,-9.1,0.));
#365 = CARTESIAN_POINT('',(-5.585786437627,-7.,10.));
#366 = CARTESIAN_POINT('',(7.685786437627,-9.1,0.));
#367 = CARTESIAN_POINT('',(5.585786437627,-7.,10.));
#368 = ADVANCED_FACE('',(#369),#411,.T.);
#369 = FACE_BOUND('',#370,.T.);
#370 = EDGE_LOOP('',(#371,#383,#393,#401,#402,#403));
#371 = ORIENTED_EDGE('',*,*,#372,.F.);
#372 = EDGE_CURVE('',#373,#375,#377,.T.);
#373 = VERTEX_POINT('',#374);
#374 = CARTESIAN_POINT('',(5.37867965644,-6.5,10.));
#375 = VERTEX_POINT('',#376);
#376 = CARTESIAN_POINT('',(5.696677530706,-7.090418714604,9.520690934088
    ));
#377 = B_SPLINE_CURVE_WITH_KNOTS('',4,(#378,#379,#380,#381,#382),
  .UNSPECIFIED.,.F.,.F.,(5,5),(0.,1.),.PIECEWISE_BEZIER_KNOTS.);
#378 = CARTESIAN_POINT('',(5.37867965644,-6.5,10.));
#379 = CARTESIAN_POINT('',(5.458179125007,-6.647604678651,9.880172733522
    ));
#380 = CARTESIAN_POINT('',(5.537678593573,-6.795209357302,9.760345467044
    ));
#381 = CARTESIAN_POINT('',(5.617178062139,-6.942814035953,9.640518200566
    ));
#382 = CARTESIAN_POINT('',(5.696677530706,-7.090418714604,9.520690934088
    ));
#383 = ORIENTED_EDGE('',*,*,#384,.F.);
#384 = EDGE_CURVE('',#385,#373,#387,.T.);
#385 = VERTEX_POINT('',#386);
#386 = CARTESIAN_POINT('',(-5.37867965644,-6.5,10.));
#387 = B_SPLINE_CURVE_WITH_KNOTS('',2,(#388,#389,#390,#391,#392),
  .UNSPECIFIED.,.F.,.F.,(3,1,1,3),(-1.183700259966,-0.5,11.671572875254,
    12.355273135219),.UNSPECIFIED.);
#388 = CARTESIAN_POINT('',(-6.769486697592,-6.5,10.));
#389 = CARTESIAN_POINT('',(-6.42763656761,-6.5,10.));
#390 = CARTESIAN_POINT('',(-1.78E-15,-6.5,10.));
#391 = CARTESIAN_POINT('',(6.42763656761,-6.5,10.));
#392 = CARTESIAN_POINT('',(6.769486697592,-6.5,10.));
#393 = ORIENTED_EDGE('',*,*,#394,.T.);
#394 = EDGE_CURVE('',#385,#97,#395,.T.);
#395 = B_SPLINE_CURVE_WITH_KNOTS('',4,(#396,#397,#398,#399,#400),
  .UNSPECIFIED.,.F.,.F.,(5,5),(0.,1.),.PIECEWISE_BEZIER_KNOTS.);
#396 = CARTESIAN_POINT('',(-5.37867965644,-6.5,10.));
#397 = CARTESIAN_POINT('',(-5.458179125007,-6.647604678651,
    9.880172733522));
#398 = CARTESIAN_POINT('',(-5.537678593573,-6.795209357302,
    9.760345467044));
#399 = CARTESIAN_POINT('',(-5.617178062139,-6.942814035953,
    9.640518200566));
#400 = CARTESIAN_POINT('',(-5.696677530706,-7.090418714604,
    9.520690934088));
#401 = ORIENTED_EDGE('',*,*,#96,.T.);
#402 = ORIENTED_EDGE('',*,*,#354,.T.);
#403 = ORIENTED_EDGE('',*,*,#404,.F.);
#404 = EDGE_CURVE('',#375,#348,#405,.T.);
#405 = B_SPLINE_CURVE_WITH_KNOTS('',4,(#406,#407,#408,#409,#410),
  .UNSPECIFIED.,.F.,.F.,(5,5),(0.,1.),.PIECEWISE_BEZIER_KNOTS.);
#406 = CARTESIAN_POINT('',(5.696677530706,-7.090418714604,9.520690934088
    ));
#407 = CARTESIAN_POINT('',(5.694644411722,-7.093503690239,9.518186513491
    ));
#408 = CARTESIAN_POINT('',(5.692611292738,-7.096588665874,9.515682092894
    ));
#409 = CARTESIAN_POINT('',(5.690578173754,-7.099673641508,9.513177672296
    ));
#410 = CARTESIAN_POINT('',(5.68854505477,-7.102758617143,9.510673251699)
  );
#411 = B_SPLINE_SURFACE_WITH_KNOTS('',1,2,(
    (#412,#413,#414,#415,#416)
    ,(#417,#418,#419,#420,#421
    )),.UNSPECIFIED.,.F.,.F.,.F.,(2,2),(3,1,1,3),(0.,12.171572875254),(
    -1.183700259966,-0.5,11.671572875254,12.355273135219),
  .UNSPECIFIED.);
#412 = CARTESIAN_POINT('',(-6.769486697592,-6.5,10.));
#413 = CARTESIAN_POINT('',(-6.42763656761,-6.5,10.));
#414 = CARTESIAN_POINT('',(-1.78E-15,-6.5,10.));
#415 = CARTESIAN_POINT('',(6.42763656761,-6.5,10.));
#416 = CARTESIAN_POINT('',(6.769486697592,-6.5,10.));
#417 = CARTESIAN_POINT('',(-6.769486697592,-7.102758617143,
    9.510673251699));
#418 = CARTESIAN_POINT('',(-6.42763656761,-7.102758617143,9.510673251699
    ));
#419 = CARTESIAN_POINT('',(-8.9E-16,-7.102758617143,9.510673251699));
#420 = CARTESIAN_POINT('',(6.42763656761,-7.102758617143,9.510673251699)
  );
#421 = CARTESIAN_POINT('',(6.769486697592,-7.102758617143,9.510673251699
    ));
#422 = ADVANCED_FACE('',(#423),#434,.T.);
#423 = FACE_BOUND('',#424,.F.);
#424 = EDGE_LOOP('',(#425,#426,#432,#433));
#425 = ORIENTED_EDGE('',*,*,#159,.F.);
#426 = ORIENTED_EDGE('',*,*,#427,.T.);
#427 = EDGE_CURVE('',#150,#385,#428,.T.);
#428 = LINE('',#429,#430);
#429 = CARTESIAN_POINT('',(-6.646446609407,-5.232233047034,10.));
#430 = VECTOR('',#431,1.);
#431 = DIRECTION('',(0.707106781187,-0.707106781187,0.));
#432 = ORIENTED_EDGE('',*,*,#394,.T.);
#433 = ORIENTED_EDGE('',*,*,#106,.F.);
#434 = PLANE('',#435);
#435 = AXIS2_PLACEMENT_3D('',#436,#437,#438);
#436 = CARTESIAN_POINT('',(-6.873550756624,-5.459337194251,
    9.760345467044));
#437 = DIRECTION('',(-0.422878510844,-0.422878510844,0.80146586336));
#438 = DIRECTION('',(-0.707106781187,0.707106781187,5.551115123126E-17)
  );
#439 = ADVANCED_FACE('',(#440),#460,.T.);
#440 = FACE_BOUND('',#441,.F.);
#441 = EDGE_LOOP('',(#442,#452,#458,#459));
#442 = ORIENTED_EDGE('',*,*,#443,.F.);
#443 = EDGE_CURVE('',#444,#316,#446,.T.);
#444 = VERTEX_POINT('',#445);
#445 = CARTESIAN_POINT('',(-5.37867965644,6.5,10.));
#446 = B_SPLINE_CURVE_WITH_KNOTS('',4,(#447,#448,#449,#450,#451),
  .UNSPECIFIED.,.F.,.F.,(5,5),(0.,1.),.PIECEWISE_BEZIER_KNOTS.);
#447 = CARTESIAN_POINT('',(-5.37867965644,6.5,10.));
#448 = CARTESIAN_POINT('',(-5.458179125007,6.647604678651,9.880172733522
    ));
#449 = CARTESIAN_POINT('',(-5.537678593573,6.795209357302,9.760345467044
    ));
#450 = CARTESIAN_POINT('',(-5.617178062139,6.942814035953,9.640518200566
    ));
#451 = CARTESIAN_POINT('',(-5.696677530706,7.090418714604,9.520690934088
    ));
#452 = ORIENTED_EDGE('',*,*,#453,.T.);
#453 = EDGE_CURVE('',#444,#138,#454,.T.);
#454 = LINE('',#455,#456);
#455 = CARTESIAN_POINT('',(-5.232233047034,6.646446609407,10.));
#456 = VECTOR('',#457,1.);
#457 = DIRECTION('',(-0.707106781187,-0.707106781187,0.));
#458 = ORIENTED_EDGE('',*,*,#137,.T.);
#459 = ORIENTED_EDGE('',*,*,#315,.F.);
#460 = PLANE('',#461);
#461 = AXIS2_PLACEMENT_3D('',#462,#463,#464);
#462 = CARTESIAN_POINT('',(-5.459337194251,6.873550756624,9.760345467044
    ));
#463 = DIRECTION('',(-0.422878510844,0.422878510844,0.80146586336));
#464 = DIRECTION('',(0.707106781187,0.707106781187,2.775557561563E-17));
#465 = ADVANCED_FACE('',(#466,#506,#956),#1166,.T.);
#466 = FACE_BOUND('',#467,.T.);
#467 = EDGE_LOOP('',(#468,#476,#486,#494,#502,#503,#504,#505));
#468 = ORIENTED_EDGE('',*,*,#469,.T.);
#469 = EDGE_CURVE('',#373,#470,#472,.T.);
#470 = VERTEX_POINT('',#471);
#471 = CARTESIAN_POINT('',(6.5,-5.37867965644,10.));
#472 = LINE('',#473,#474);
#473 = CARTESIAN_POINT('',(5.232233047034,-6.646446609407,10.));
#474 = VECTOR('',#475,1.);
#475 = DIRECTION('',(0.707106781187,0.707106781187,0.));
#476 = ORIENTED_EDGE('',*,*,#477,.T.);
#477 = EDGE_CURVE('',#470,#478,#480,.T.);
#478 = VERTEX_POINT('',#479);
#479 = CARTESIAN_POINT('',(6.5,5.37867965644,10.));
#480 = B_SPLINE_CURVE_WITH_KNOTS('',2,(#481,#482,#483,#484,#485),
  .UNSPECIFIED.,.F.,.F.,(3,1,1,3),(-1.183700259966,-0.5,11.671572875254,
    12.355273135219),.UNSPECIFIED.);
#481 = CARTESIAN_POINT('',(6.5,-6.769486697592,10.));
#482 = CARTESIAN_POINT('',(6.5,-6.42763656761,10.));
#483 = CARTESIAN_POINT('',(6.5,0.,10.));
#484 = CARTESIAN_POINT('',(6.5,6.42763656761,10.));
#485 = CARTESIAN_POINT('',(6.5,6.769486697592,10.));
#486 = ORIENTED_EDGE('',*,*,#487,.T.);
#487 = EDGE_CURVE('',#478,#488,#490,.T.);
#488 = VERTEX_POINT('',#489);
#489 = CARTESIAN_POINT('',(5.37867965644,6.5,10.));
#490 = LINE('',#491,#492);
#491 = CARTESIAN_POINT('',(6.646446609407,5.232233047034,10.));
#492 = VECTOR('',#493,1.);
#493 = DIRECTION('',(-0.707106781187,0.707106781187,0.));
#494 = ORIENTED_EDGE('',*,*,#495,.T.);
#495 = EDGE_CURVE('',#488,#444,#496,.T.);
#496 = B_SPLINE_CURVE_WITH_KNOTS('',2,(#497,#498,#499,#500,#501),
  .UNSPECIFIED.,.F.,.F.,(3,1,1,3),(-1.183700259966,-0.5,11.671572875254,
    12.355273135219),.UNSPECIFIED.);
#497 = CARTESIAN_POINT('',(6.769486697592,6.5,10.));
#498 = CARTESIAN_POINT('',(6.42763656761,6.5,10.));
#499 = CARTESIAN_POINT('',(3.55E-15,6.5,10.));
#500 = CARTESIAN_POINT('',(-6.42763656761,6.5,10.));
#501 = CARTESIAN_POINT('',(-6.769486697592,6.5,10.));
#502 = ORIENTED_EDGE('',*,*,#453,.T.);
#503 = ORIENTED_EDGE('',*,*,#149,.T.);
#504 = ORIENTED_EDGE('',*,*,#427,.T.);
#505 = ORIENTED_EDGE('',*,*,#384,.T.);
#506 = FACE_BOUND('',#507,.T.);
#507 = EDGE_LOOP('',(#508,#518,#526,#534,#542,#550,#558,#566,#574,#582,
    #590,#598,#606,#614,#622,#630,#638,#646,#654,#662,#670,#678,#686,
    #694,#702,#710,#718,#726,#734,#742,#750,#758,#766,#774,#782,#790,
    #798,#806,#814,#822,#830,#838,#846,#854,#862,#870,#878,#886,#894,
    #902,#910,#918,#926,#934,#942,#950));
#508 = ORIENTED_EDGE('',*,*,#509,.T.);
#509 = EDGE_CURVE('',#510,#512,#514,.T.);
#510 = VERTEX_POINT('',#511);
#511 = CARTESIAN_POINT('',(4.133011769436,-5.769732937685,10.));
#512 = VERTEX_POINT('',#513);
#513 = CARTESIAN_POINT('',(3.725556279822,-5.769732937685,10.));
#514 = LINE('',#515,#516);
#515 = CARTESIAN_POINT('',(4.133011769436,-5.769732937685,10.));
#516 = VECTOR('',#517,1.);
#517 = DIRECTION('',(-1.,0.,0.));
#518 = ORIENTED_EDGE('',*,*,#519,.T.);
#519 = EDGE_CURVE('',#512,#520,#522,.T.);
#520 = VERTEX_POINT('',#521);
#521 = CARTESIAN_POINT('',(3.622255092878,-5.729859050445,10.));
#522 = B_SPLINE_CURVE_WITH_KNOTS('',2,(#523,#524,#525),.UNSPECIFIED.,.F.
  ,.F.,(3,3),(0.,1.),.PIECEWISE_BEZIER_KNOTS.);
#523 = CARTESIAN_POINT('',(3.725556279822,-5.769732937685,10.));
#524 = CARTESIAN_POINT('',(3.6624999,-5.769732937685,10.));
#525 = CARTESIAN_POINT('',(3.622255092878,-5.729859050445,10.));
#526 = ORIENTED_EDGE('',*,*,#527,.T.);
#527 = EDGE_CURVE('',#520,#528,#530,.T.);
#528 = VERTEX_POINT('',#529);
#529 = CARTESIAN_POINT('',(3.582195745697,-5.627485163205,10.));
#530 = B_SPLINE_CURVE_WITH_KNOTS('',2,(#531,#532,#533),.UNSPECIFIED.,.F.
  ,.F.,(3,3),(0.,1.),.PIECEWISE_BEZIER_KNOTS.);
#531 = CARTESIAN_POINT('',(3.622255092878,-5.729859050445,10.));
#532 = CARTESIAN_POINT('',(3.582195745697,-5.689985163205,10.));
#533 = CARTESIAN_POINT('',(3.582195745697,-5.627485163205,10.));
#534 = ORIENTED_EDGE('',*,*,#535,.T.);
#535 = EDGE_CURVE('',#528,#536,#538,.T.);
#536 = VERTEX_POINT('',#537);
#537 = CARTESIAN_POINT('',(3.582195745697,-5.234866468843,10.));
#538 = LINE('',#539,#540);
#539 = CARTESIAN_POINT('',(3.582195745697,-5.627485163205,10.));
#540 = VECTOR('',#541,1.);
#541 = DIRECTION('',(0.,1.,0.));
#542 = ORIENTED_EDGE('',*,*,#543,.T.);
#543 = EDGE_CURVE('',#536,#544,#546,.T.);
#544 = VERTEX_POINT('',#545);
#545 = CARTESIAN_POINT('',(2.857789217507,-5.020845697329,10.));
#546 = B_SPLINE_CURVE_WITH_KNOTS('',2,(#547,#548,#549),.UNSPECIFIED.,.F.
  ,.F.,(3,3),(0.,1.),.PIECEWISE_BEZIER_KNOTS.);
#547 = CARTESIAN_POINT('',(3.582195745697,-5.234866468843,10.));
#548 = CARTESIAN_POINT('',(3.148775864392,-5.183494065282,10.));
#549 = CARTESIAN_POINT('',(2.857789217507,-5.020845697329,10.));
#550 = ORIENTED_EDGE('',*,*,#551,.T.);
#551 = EDGE_CURVE('',#544,#552,#554,.T.);
#552 = VERTEX_POINT('',#553);
#553 = CARTESIAN_POINT('',(2.418805537982,-4.624517804154,10.));
#554 = B_SPLINE_CURVE_WITH_KNOTS('',2,(#555,#556,#557),.UNSPECIFIED.,.F.
  ,.F.,(3,3),(0.,1.),.PIECEWISE_BEZIER_KNOTS.);
#555 = CARTESIAN_POINT('',(2.857789217507,-5.020845697329,10.));
#556 = CARTESIAN_POINT('',(2.566988030564,-4.858197329377,10.));
#557 = CARTESIAN_POINT('',(2.418805537982,-4.624517804154,10.));
#558 = ORIENTED_EDGE('',*,*,#559,.T.);
#559 = EDGE_CURVE('',#552,#560,#562,.T.);
#560 = VERTEX_POINT('',#561);
#561 = CARTESIAN_POINT('',(2.270623045401,-4.133790801187,10.));
#562 = B_SPLINE_CURVE_WITH_KNOTS('',2,(#563,#564,#565),.UNSPECIFIED.,.F.
  ,.F.,(3,3),(0.,1.),.PIECEWISE_BEZIER_KNOTS.);
#563 = CARTESIAN_POINT('',(2.418805537982,-4.624517804154,10.));
#564 = CARTESIAN_POINT('',(2.270623045401,-4.390652818991,10.));
#565 = CARTESIAN_POINT('',(2.270623045401,-4.133790801187,10.));
#566 = ORIENTED_EDGE('',*,*,#567,.T.);
#567 = EDGE_CURVE('',#560,#568,#570,.T.);
#568 = VERTEX_POINT('',#569);
#569 = CARTESIAN_POINT('',(2.307529573591,-4.050704747774,10.));
#570 = B_SPLINE_CURVE_WITH_KNOTS('',2,(#571,#572,#573),.UNSPECIFIED.,.F.
  ,.F.,(3,3),(0.,1.),.PIECEWISE_BEZIER_KNOTS.);
#571 = CARTESIAN_POINT('',(2.270623045401,-4.133790801187,10.));
#572 = CARTESIAN_POINT('',(2.270623045401,-4.087982195846,10.));
#573 = CARTESIAN_POINT('',(2.307529573591,-4.050704747774,10.));
#574 = ORIENTED_EDGE('',*,*,#575,.T.);
#575 = EDGE_CURVE('',#568,#576,#578,.T.);
#576 = VERTEX_POINT('',#577);
#577 = CARTESIAN_POINT('',(2.39543758546,-4.013427299703,10.));
#578 = B_SPLINE_CURVE_WITH_KNOTS('',2,(#579,#580,#581),.UNSPECIFIED.,.F.
  ,.F.,(3,3),(0.,1.),.PIECEWISE_BEZIER_KNOTS.);
#579 = CARTESIAN_POINT('',(2.307529573591,-4.050704747774,10.));
#580 = CARTESIAN_POINT('',(2.34443610178,-4.013427299703,10.));
#581 = CARTESIAN_POINT('',(2.39543758546,-4.013427299703,10.));
#582 = ORIENTED_EDGE('',*,*,#583,.T.);
#583 = EDGE_CURVE('',#576,#584,#586,.T.);
#584 = VERTEX_POINT('',#585);
#585 = CARTESIAN_POINT('',(3.001891591395,-4.013427299703,10.));
#586 = LINE('',#587,#588);
#587 = CARTESIAN_POINT('',(2.39543758546,-4.013427299703,10.));
#588 = VECTOR('',#589,1.);
#589 = DIRECTION('',(1.,0.,0.));
#590 = ORIENTED_EDGE('',*,*,#591,.T.);
#591 = EDGE_CURVE('',#584,#592,#594,.T.);
#592 = VERTEX_POINT('',#593);
#593 = CARTESIAN_POINT('',(3.115393075074,-4.044955489614,10.));
#594 = B_SPLINE_CURVE_WITH_KNOTS('',2,(#595,#596,#597),.UNSPECIFIED.,.F.
  ,.F.,(3,3),(0.,1.),.PIECEWISE_BEZIER_KNOTS.);
#595 = CARTESIAN_POINT('',(3.001891591395,-4.013427299703,10.));
#596 = CARTESIAN_POINT('',(3.075704647774,-4.013427299703,10.));
#597 = CARTESIAN_POINT('',(3.115393075074,-4.044955489614,10.));
#598 = ORIENTED_EDGE('',*,*,#599,.T.);
#599 = EDGE_CURVE('',#592,#600,#602,.T.);
#600 = VERTEX_POINT('',#601);
#601 = CARTESIAN_POINT('',(3.189020671513,-4.122292284866,10.));
#602 = B_SPLINE_CURVE_WITH_KNOTS('',2,(#603,#604,#605),.UNSPECIFIED.,.F.
  ,.F.,(3,3),(0.,1.),.PIECEWISE_BEZIER_KNOTS.);
#603 = CARTESIAN_POINT('',(3.115393075074,-4.044955489614,10.));
#604 = CARTESIAN_POINT('',(3.155081502374,-4.076483679525,10.));
#605 = CARTESIAN_POINT('',(3.189020671513,-4.122292284866,10.));
#606 = ORIENTED_EDGE('',*,*,#607,.T.);
#607 = EDGE_CURVE('',#600,#608,#610,.T.);
#608 = VERTEX_POINT('',#609);
#609 = CARTESIAN_POINT('',(3.316431650742,-4.311461424332,10.));
#610 = B_SPLINE_CURVE_WITH_KNOTS('',2,(#611,#612,#613),.UNSPECIFIED.,.F.
  ,.F.,(3,3),(0.,1.),.PIECEWISE_BEZIER_KNOTS.);
#611 = CARTESIAN_POINT('',(3.189020671513,-4.122292284866,10.));
#612 = CARTESIAN_POINT('',(3.228709098813,-4.21984421365,10.));
#613 = CARTESIAN_POINT('',(3.316431650742,-4.311461424332,10.));
#614 = ORIENTED_EDGE('',*,*,#615,.T.);
#615 = EDGE_CURVE('',#608,#616,#618,.T.);
#616 = VERTEX_POINT('',#617);
#617 = CARTESIAN_POINT('',(3.55734411365,-4.463353115727,10.));
#618 = B_SPLINE_CURVE_WITH_KNOTS('',2,(#619,#620,#621),.UNSPECIFIED.,.F.
  ,.F.,(3,3),(0.,1.),.PIECEWISE_BEZIER_KNOTS.);
#619 = CARTESIAN_POINT('',(3.316431650742,-4.311461424332,10.));
#620 = CARTESIAN_POINT('',(3.404339662611,-4.403078635015,10.));
#621 = CARTESIAN_POINT('',(3.55734411365,-4.463353115727,10.));
#622 = ORIENTED_EDGE('',*,*,#623,.T.);
#623 = EDGE_CURVE('',#616,#624,#626,.T.);
#624 = VERTEX_POINT('',#625);
#625 = CARTESIAN_POINT('',(3.937166072107,-4.523442136499,10.));
#626 = B_SPLINE_CURVE_WITH_KNOTS('',2,(#627,#628,#629),.UNSPECIFIED.,.F.
  ,.F.,(3,3),(0.,1.),.PIECEWISE_BEZIER_KNOTS.);
#627 = CARTESIAN_POINT('',(3.55734411365,-4.463353115727,10.));
#628 = CARTESIAN_POINT('',(3.710348564688,-4.523442136499,10.));
#629 = CARTESIAN_POINT('',(3.937166072107,-4.523442136499,10.));
#630 = ORIENTED_EDGE('',*,*,#631,.T.);
#631 = EDGE_CURVE('',#624,#632,#634,.T.);
#632 = VERTEX_POINT('',#633);
#633 = CARTESIAN_POINT('',(4.489836695252,-4.403449554896,10.));
#634 = B_SPLINE_CURVE_WITH_KNOTS('',2,(#635,#636,#637),.UNSPECIFIED.,.F.
  ,.F.,(3,3),(0.,1.),.PIECEWISE_BEZIER_KNOTS.);
#635 = CARTESIAN_POINT('',(3.937166072107,-4.523442136499,10.));
#636 = CARTESIAN_POINT('',(4.305674974184,-4.523442136499,10.));
#637 = CARTESIAN_POINT('',(4.489836695252,-4.403449554896,10.));
#638 = ORIENTED_EDGE('',*,*,#639,.T.);
#639 = EDGE_CURVE('',#632,#640,#642,.T.);
#640 = VERTEX_POINT('',#641);
#641 = CARTESIAN_POINT('',(4.674183876261,-4.077225519288,10.));
#642 = B_SPLINE_CURVE_WITH_KNOTS('',2,(#643,#644,#645),.UNSPECIFIED.,.F.
  ,.F.,(3,3),(0.,1.),.PIECEWISE_BEZIER_KNOTS.);
#643 = CARTESIAN_POINT('',(4.489836695252,-4.403449554896,10.));
#644 = CARTESIAN_POINT('',(4.674183876261,-4.283271513353,10.));
#645 = CARTESIAN_POINT('',(4.674183876261,-4.077225519288,10.));
#646 = ORIENTED_EDGE('',*,*,#647,.T.);
#647 = EDGE_CURVE('',#640,#648,#650,.T.);
#648 = VERTEX_POINT('',#649);
#649 = CARTESIAN_POINT('',(4.574591888131,-3.836869436202,10.));
#650 = B_SPLINE_CURVE_WITH_KNOTS('',2,(#651,#652,#653),.UNSPECIFIED.,.F.
  ,.F.,(3,3),(0.,1.),.PIECEWISE_BEZIER_KNOTS.);
#651 = CARTESIAN_POINT('',(4.674183876261,-4.077225519288,10.));
#652 = CARTESIAN_POINT('',(4.674183876261,-3.928301186944,10.));
#653 = CARTESIAN_POINT('',(4.574591888131,-3.836869436202,10.));
#654 = ORIENTED_EDGE('',*,*,#655,.T.);
#655 = EDGE_CURVE('',#648,#656,#658,.T.);
#656 = VERTEX_POINT('',#657);
#657 = CARTESIAN_POINT('',(4.26190642819,-3.671068249258,10.));
#658 = B_SPLINE_CURVE_WITH_KNOTS('',2,(#659,#660,#661),.UNSPECIFIED.,.F.
  ,.F.,(3,3),(0.,1.),.PIECEWISE_BEZIER_KNOTS.);
#659 = CARTESIAN_POINT('',(4.574591888131,-3.836869436202,10.));
#660 = CARTESIAN_POINT('',(4.475185359941,-3.745252225519,10.));
#661 = CARTESIAN_POINT('',(4.26190642819,-3.671068249258,10.));
#662 = ORIENTED_EDGE('',*,*,#663,.T.);
#663 = EDGE_CURVE('',#656,#664,#666,.T.);
#664 = VERTEX_POINT('',#665);
#665 = CARTESIAN_POINT('',(3.690504351039,-3.510830860534,10.));
#666 = B_SPLINE_CURVE_WITH_KNOTS('',2,(#667,#668,#669),.UNSPECIFIED.,.F.
  ,.F.,(3,3),(0.,1.),.PIECEWISE_BEZIER_KNOTS.);
#667 = CARTESIAN_POINT('',(4.26190642819,-3.671068249258,10.));
#668 = CARTESIAN_POINT('',(4.04881295638,-3.596698813056,10.));
#669 = CARTESIAN_POINT('',(3.690504351039,-3.510830860534,10.));
#670 = ORIENTED_EDGE('',*,*,#671,.T.);
#671 = EDGE_CURVE('',#664,#672,#674,.T.);
#672 = VERTEX_POINT('',#673);
#673 = CARTESIAN_POINT('',(2.968508802077,-3.273442136499,10.));
#674 = B_SPLINE_CURVE_WITH_KNOTS('',2,(#675,#676,#677),.UNSPECIFIED.,.F.
  ,.F.,(3,3),(0.,1.),.PIECEWISE_BEZIER_KNOTS.);
#675 = CARTESIAN_POINT('',(3.690504351039,-3.510830860534,10.));
#676 = CARTESIAN_POINT('',(3.264131947478,-3.419213649852,10.));
#677 = CARTESIAN_POINT('',(2.968508802077,-3.273442136499,10.));
#678 = ORIENTED_EDGE('',*,*,#679,.T.);
#679 = EDGE_CURVE('',#672,#680,#682,.T.);
#680 = VERTEX_POINT('',#681);
#681 = CARTESIAN_POINT('',(2.522106724926,-2.895845697329,10.));
#682 = B_SPLINE_CURVE_WITH_KNOTS('',2,(#683,#684,#685),.UNSPECIFIED.,.F.
  ,.F.,(3,3),(0.,1.),.PIECEWISE_BEZIER_KNOTS.);
#683 = CARTESIAN_POINT('',(2.968508802077,-3.273442136499,10.));
#684 = CARTESIAN_POINT('',(2.672885656677,-3.127485163205,10.));
#685 = CARTESIAN_POINT('',(2.522106724926,-2.895845697329,10.));
#686 = ORIENTED_EDGE('',*,*,#687,.T.);
#687 = EDGE_CURVE('',#680,#688,#690,.T.);
#688 = VERTEX_POINT('',#689);
#689 = CARTESIAN_POINT('',(2.371513253116,-2.320734421365,10.));
#690 = B_SPLINE_CURVE_WITH_KNOTS('',2,(#691,#692,#693),.UNSPECIFIED.,.F.
  ,.F.,(3,3),(0.,1.),.PIECEWISE_BEZIER_KNOTS.);
#691 = CARTESIAN_POINT('',(2.522106724926,-2.895845697329,10.));
#692 = CARTESIAN_POINT('',(2.371513253116,-2.664020771513,10.));
#693 = CARTESIAN_POINT('',(2.371513253116,-2.320734421365,10.));
#694 = ORIENTED_EDGE('',*,*,#695,.T.);
#695 = EDGE_CURVE('',#688,#696,#698,.T.);
#696 = VERTEX_POINT('',#697);
#697 = CARTESIAN_POINT('',(2.692729870326,-1.554228486647,10.));
#698 = B_SPLINE_CURVE_WITH_KNOTS('',2,(#699,#700,#701),.UNSPECIFIED.,.F.
  ,.F.,(3,3),(0.,1.),.PIECEWISE_BEZIER_KNOTS.);
#699 = CARTESIAN_POINT('',(2.371513253116,-2.320734421365,10.));
#700 = CARTESIAN_POINT('',(2.371513253116,-1.868768545994,10.));
#701 = CARTESIAN_POINT('',(2.692729870326,-1.554228486647,10.));
#702 = ORIENTED_EDGE('',*,*,#703,.T.);
#703 = EDGE_CURVE('',#696,#704,#706,.T.);
#704 = VERTEX_POINT('',#705);
#705 = CARTESIAN_POINT('',(3.582195745697,-1.165133531157,10.));
#706 = B_SPLINE_CURVE_WITH_KNOTS('',2,(#707,#708,#709),.UNSPECIFIED.,.F.
  ,.F.,(3,3),(0.,1.),.PIECEWISE_BEZIER_KNOTS.);
#707 = CARTESIAN_POINT('',(2.692729870326,-1.554228486647,10.));
#708 = CARTESIAN_POINT('',(3.013946487537,-1.239502967359,10.));
#709 = CARTESIAN_POINT('',(3.582195745697,-1.165133531157,10.));
#710 = ORIENTED_EDGE('',*,*,#711,.T.);
#711 = EDGE_CURVE('',#704,#712,#714,.T.);
#712 = VERTEX_POINT('',#713);
#713 = CARTESIAN_POINT('',(3.582195745697,-0.772329376855,10.));
#714 = LINE('',#715,#716);
#715 = CARTESIAN_POINT('',(3.582195745697,-1.165133531157,10.));
#716 = VECTOR('',#717,1.);
#717 = DIRECTION('',(0.,1.,0.));
#718 = ORIENTED_EDGE('',*,*,#719,.T.);
#719 = EDGE_CURVE('',#712,#720,#722,.T.);
#720 = VERTEX_POINT('',#721);
#721 = CARTESIAN_POINT('',(3.622255092878,-0.670140949555,10.));
#722 = B_SPLINE_CURVE_WITH_KNOTS('',2,(#723,#724,#725),.UNSPECIFIED.,.F.
  ,.F.,(3,3),(0.,1.),.PIECEWISE_BEZIER_KNOTS.);
#723 = CARTESIAN_POINT('',(3.582195745697,-0.772329376855,10.));
#724 = CARTESIAN_POINT('',(3.582195745697,-0.709829376855,10.));
#725 = CARTESIAN_POINT('',(3.622255092878,-0.670140949555,10.));
#726 = ORIENTED_EDGE('',*,*,#727,.T.);
#727 = EDGE_CURVE('',#720,#728,#730,.T.);
#728 = VERTEX_POINT('',#729);
#729 = CARTESIAN_POINT('',(3.725556279822,-0.630267062315,10.));
#730 = B_SPLINE_CURVE_WITH_KNOTS('',2,(#731,#732,#733),.UNSPECIFIED.,.F.
  ,.F.,(3,3),(0.,1.),.PIECEWISE_BEZIER_KNOTS.);
#731 = CARTESIAN_POINT('',(3.622255092878,-0.670140949555,10.));
#732 = CARTESIAN_POINT('',(3.6624999,-0.630267062315,10.));
#733 = CARTESIAN_POINT('',(3.725556279822,-0.630267062315,10.));
#734 = ORIENTED_EDGE('',*,*,#735,.T.);
#735 = EDGE_CURVE('',#728,#736,#738,.T.);
#736 = VERTEX_POINT('',#737);
#737 = CARTESIAN_POINT('',(4.133011769436,-0.630267062315,10.));
#738 = LINE('',#739,#740);
#739 = CARTESIAN_POINT('',(3.725556279822,-0.630267062315,10.));
#740 = VECTOR('',#741,1.);
#741 = DIRECTION('',(1.,0.,0.));
#742 = ORIENTED_EDGE('',*,*,#743,.T.);
#743 = EDGE_CURVE('',#736,#744,#746,.T.);
#744 = VERTEX_POINT('',#745);
#745 = CARTESIAN_POINT('',(4.230378238279,-0.670140949555,10.));
#746 = B_SPLINE_CURVE_WITH_KNOTS('',2,(#747,#748,#749),.UNSPECIFIED.,.F.
  ,.F.,(3,3),(0.,1.),.PIECEWISE_BEZIER_KNOTS.);
#747 = CARTESIAN_POINT('',(4.133011769436,-0.630267062315,10.));
#748 = CARTESIAN_POINT('',(4.190318891098,-0.630267062315,10.));
#749 = CARTESIAN_POINT('',(4.230378238279,-0.670140949555,10.));
#750 = ORIENTED_EDGE('',*,*,#751,.T.);
#751 = EDGE_CURVE('',#744,#752,#754,.T.);
#752 = VERTEX_POINT('',#753);
#753 = CARTESIAN_POINT('',(4.270623045401,-0.772329376855,10.));
#754 = B_SPLINE_CURVE_WITH_KNOTS('',2,(#755,#756,#757),.UNSPECIFIED.,.F.
  ,.F.,(3,3),(0.,1.),.PIECEWISE_BEZIER_KNOTS.);
#755 = CARTESIAN_POINT('',(4.230378238279,-0.670140949555,10.));
#756 = CARTESIAN_POINT('',(4.270623045401,-0.710014836795,10.));
#757 = CARTESIAN_POINT('',(4.270623045401,-0.772329376855,10.));
#758 = ORIENTED_EDGE('',*,*,#759,.T.);
#759 = EDGE_CURVE('',#752,#760,#762,.T.);
#760 = VERTEX_POINT('',#761);
#761 = CARTESIAN_POINT('',(4.270623045401,-1.176632047478,10.));
#762 = LINE('',#763,#764);
#763 = CARTESIAN_POINT('',(4.270623045401,-0.772329376855,10.));
#764 = VECTOR('',#765,1.);
#765 = DIRECTION('',(0.,-1.,0.));
#766 = ORIENTED_EDGE('',*,*,#767,.T.);
#767 = EDGE_CURVE('',#760,#768,#770,.T.);
#768 = VERTEX_POINT('',#769);
#769 = CARTESIAN_POINT('',(4.926409395549,-1.413278931751,10.));
#770 = B_SPLINE_CURVE_WITH_KNOTS('',2,(#771,#772,#773),.UNSPECIFIED.,.F.
  ,.F.,(3,3),(0.,1.),.PIECEWISE_BEZIER_KNOTS.);
#771 = CARTESIAN_POINT('',(4.270623045401,-1.176632047478,10.));
#772 = CARTESIAN_POINT('',(4.6624999,-1.239317507418,10.));
#773 = CARTESIAN_POINT('',(4.926409395549,-1.413278931751,10.));
#774 = ORIENTED_EDGE('',*,*,#775,.T.);
#775 = EDGE_CURVE('',#768,#776,#778,.T.);
#776 = VERTEX_POINT('',#777);
#777 = CARTESIAN_POINT('',(5.329599306528,-1.806824925816,10.));
#778 = B_SPLINE_CURVE_WITH_KNOTS('',2,(#779,#780,#781),.UNSPECIFIED.,.F.
  ,.F.,(3,3),(0.,1.),.PIECEWISE_BEZIER_KNOTS.);
#779 = CARTESIAN_POINT('',(4.926409395549,-1.413278931751,10.));
#780 = CARTESIAN_POINT('',(5.190504351039,-1.587240356083,10.));
#781 = CARTESIAN_POINT('',(5.329599306528,-1.806824925816,10.));
#782 = ORIENTED_EDGE('',*,*,#783,.T.);
#783 = EDGE_CURVE('',#776,#784,#786,.T.);
#784 = VERTEX_POINT('',#785);
#785 = CARTESIAN_POINT('',(5.468694262018,-2.231713649852,10.));
#786 = B_SPLINE_CURVE_WITH_KNOTS('',2,(#787,#788,#789),.UNSPECIFIED.,.F.
  ,.F.,(3,3),(0.,1.),.PIECEWISE_BEZIER_KNOTS.);
#787 = CARTESIAN_POINT('',(5.329599306528,-1.806824925816,10.));
#788 = CARTESIAN_POINT('',(5.468694262018,-2.026409495549,10.));
#789 = CARTESIAN_POINT('',(5.468694262018,-2.231713649852,10.));
#790 = ORIENTED_EDGE('',*,*,#791,.T.);
#791 = EDGE_CURVE('',#784,#792,#794,.T.);
#792 = VERTEX_POINT('',#793);
#793 = CARTESIAN_POINT('',(5.434569632938,-2.314799703264,10.));
#794 = B_SPLINE_CURVE_WITH_KNOTS('',2,(#795,#796,#797),.UNSPECIFIED.,.F.
  ,.F.,(3,3),(0.,1.),.PIECEWISE_BEZIER_KNOTS.);
#795 = CARTESIAN_POINT('',(5.468694262018,-2.231713649852,10.));
#796 = CARTESIAN_POINT('',(5.468694262018,-2.277522255193,10.));
#797 = CARTESIAN_POINT('',(5.434569632938,-2.314799703264,10.));
#798 = ORIENTED_EDGE('',*,*,#799,.T.);
#799 = EDGE_CURVE('',#792,#800,#802,.T.);
#800 = VERTEX_POINT('',#801);
#801 = CARTESIAN_POINT('',(5.349443520178,-2.352077151335,10.));
#802 = B_SPLINE_CURVE_WITH_KNOTS('',2,(#803,#804,#805),.UNSPECIFIED.,.F.
  ,.F.,(3,3),(0.,1.),.PIECEWISE_BEZIER_KNOTS.);
#803 = CARTESIAN_POINT('',(5.434569632938,-2.314799703264,10.));
#804 = CARTESIAN_POINT('',(5.400630463798,-2.352077151335,10.));
#805 = CARTESIAN_POINT('',(5.349443520178,-2.352077151335,10.));
#806 = ORIENTED_EDGE('',*,*,#807,.T.);
#807 = EDGE_CURVE('',#800,#808,#810,.T.);
#808 = VERTEX_POINT('',#809);
#809 = CARTESIAN_POINT('',(4.708864885163,-2.352077151335,10.));
#810 = LINE('',#811,#812);
#811 = CARTESIAN_POINT('',(5.349443520178,-2.352077151335,10.));
#812 = VECTOR('',#813,1.);
#813 = DIRECTION('',(-1.,0.,0.));
#814 = ORIENTED_EDGE('',*,*,#815,.T.);
#815 = EDGE_CURVE('',#808,#816,#818,.T.);
#816 = VERTEX_POINT('',#817);
#817 = CARTESIAN_POINT('',(4.612611175964,-2.329080118694,10.));
#818 = B_SPLINE_CURVE_WITH_KNOTS('',2,(#819,#820,#821),.UNSPECIFIED.,.F.
  ,.F.,(3,3),(0.,1.),.PIECEWISE_BEZIER_KNOTS.);
#819 = CARTESIAN_POINT('',(4.708864885163,-2.352077151335,10.));
#820 = CARTESIAN_POINT('',(4.658048861424,-2.352077151335,10.));
#821 = CARTESIAN_POINT('',(4.612611175964,-2.329080118694,10.));
#822 = ORIENTED_EDGE('',*,*,#823,.T.);
#823 = EDGE_CURVE('',#816,#824,#826,.T.);
#824 = VERTEX_POINT('',#825);
#825 = CARTESIAN_POINT('',(4.533234321365,-2.248775964392,10.));
#826 = B_SPLINE_CURVE_WITH_KNOTS('',2,(#827,#828,#829),.UNSPECIFIED.,.F.
  ,.F.,(3,3),(0.,1.),.PIECEWISE_BEZIER_KNOTS.);
#827 = CARTESIAN_POINT('',(4.612611175964,-2.329080118694,10.));
#828 = CARTESIAN_POINT('',(4.567173490504,-2.306083086053,10.));
#829 = CARTESIAN_POINT('',(4.533234321365,-2.248775964392,10.));
#830 = ORIENTED_EDGE('',*,*,#831,.T.);
#831 = EDGE_CURVE('',#824,#832,#834,.T.);
#832 = VERTEX_POINT('',#833);
#833 = CARTESIAN_POINT('',(4.334792184866,-1.988390207715,10.));
#834 = B_SPLINE_CURVE_WITH_KNOTS('',2,(#835,#836,#837),.UNSPECIFIED.,.F.
  ,.F.,(3,3),(0.,1.),.PIECEWISE_BEZIER_KNOTS.);
#835 = CARTESIAN_POINT('',(4.533234321365,-2.248775964392,10.));
#836 = CARTESIAN_POINT('',(4.504858950445,-2.100037091988,10.));
#837 = CARTESIAN_POINT('',(4.334792184866,-1.988390207715,10.));
#838 = ORIENTED_EDGE('',*,*,#839,.T.);
#839 = EDGE_CURVE('',#832,#840,#842,.T.);
#840 = VERTEX_POINT('',#841);
#841 = CARTESIAN_POINT('',(3.90396874273,-1.876557863501,10.));
#842 = B_SPLINE_CURVE_WITH_KNOTS('',2,(#843,#844,#845),.UNSPECIFIED.,.F.
  ,.F.,(3,3),(0.,1.),.PIECEWISE_BEZIER_KNOTS.);
#843 = CARTESIAN_POINT('',(4.334792184866,-1.988390207715,10.));
#844 = CARTESIAN_POINT('',(4.164725419288,-1.876557863501,10.));
#845 = CARTESIAN_POINT('',(3.90396874273,-1.876557863501,10.));
#846 = ORIENTED_EDGE('',*,*,#847,.T.);
#847 = EDGE_CURVE('',#840,#848,#850,.T.);
#848 = VERTEX_POINT('',#849);
#849 = CARTESIAN_POINT('',(3.461646784273,-1.979673590504,10.));
#850 = B_SPLINE_CURVE_WITH_KNOTS('',2,(#851,#852,#853),.UNSPECIFIED.,.F.
  ,.F.,(3,3),(0.,1.),.PIECEWISE_BEZIER_KNOTS.);
#851 = CARTESIAN_POINT('',(3.90396874273,-1.876557863501,10.));
#852 = CARTESIAN_POINT('',(3.626149751632,-1.876557863501,10.));
#853 = CARTESIAN_POINT('',(3.461646784273,-1.979673590504,10.));
#854 = ORIENTED_EDGE('',*,*,#855,.T.);
#855 = EDGE_CURVE('',#848,#856,#858,.T.);
#856 = VERTEX_POINT('',#857);
#857 = CARTESIAN_POINT('',(3.297329276855,-2.294213649852,10.));
#858 = B_SPLINE_CURVE_WITH_KNOTS('',2,(#859,#860,#861),.UNSPECIFIED.,.F.
  ,.F.,(3,3),(0.,1.),.PIECEWISE_BEZIER_KNOTS.);
#859 = CARTESIAN_POINT('',(3.461646784273,-1.979673590504,10.));
#860 = CARTESIAN_POINT('',(3.297329276855,-2.082603857567,10.));
#861 = CARTESIAN_POINT('',(3.297329276855,-2.294213649852,10.));
#862 = ORIENTED_EDGE('',*,*,#863,.T.);
#863 = EDGE_CURVE('',#856,#864,#866,.T.);
#864 = VERTEX_POINT('',#865);
#865 = CARTESIAN_POINT('',(3.382455389614,-2.525853115727,10.));
#866 = B_SPLINE_CURVE_WITH_KNOTS('',2,(#867,#868,#869),.UNSPECIFIED.,.F.
  ,.F.,(3,3),(0.,1.),.PIECEWISE_BEZIER_KNOTS.);
#867 = CARTESIAN_POINT('',(3.297329276855,-2.294213649852,10.));
#868 = CARTESIAN_POINT('',(3.297329276855,-2.431454005935,10.));
#869 = CARTESIAN_POINT('',(3.382455389614,-2.525853115727,10.));
#870 = ORIENTED_EDGE('',*,*,#871,.T.);
#871 = EDGE_CURVE('',#864,#872,#874,.T.);
#872 = VERTEX_POINT('',#873);
#873 = CARTESIAN_POINT('',(3.661016220475,-2.691839762611,10.));
#874 = B_SPLINE_CURVE_WITH_KNOTS('',2,(#875,#876,#877),.UNSPECIFIED.,.F.
  ,.F.,(3,3),(0.,1.),.PIECEWISE_BEZIER_KNOTS.);
#875 = CARTESIAN_POINT('',(3.382455389614,-2.525853115727,10.));
#876 = CARTESIAN_POINT('',(3.467766962315,-2.620252225519,10.));
#877 = CARTESIAN_POINT('',(3.661016220475,-2.691839762611,10.));
#878 = ORIENTED_EDGE('',*,*,#879,.T.);
#879 = EDGE_CURVE('',#872,#880,#882,.T.);
#880 = VERTEX_POINT('',#881);
#881 = CARTESIAN_POINT('',(4.184198713056,-2.849109792285,10.));
#882 = B_SPLINE_CURVE_WITH_KNOTS('',2,(#883,#884,#885),.UNSPECIFIED.,.F.
  ,.F.,(3,3),(0.,1.),.PIECEWISE_BEZIER_KNOTS.);
#883 = CARTESIAN_POINT('',(3.661016220475,-2.691839762611,10.));
#884 = CARTESIAN_POINT('',(3.854450938576,-2.763427299703,10.));
#885 = CARTESIAN_POINT('',(4.184198713056,-2.849109792285,10.));
#886 = ORIENTED_EDGE('',*,*,#887,.T.);
#887 = EDGE_CURVE('',#880,#888,#890,.T.);
#888 = VERTEX_POINT('',#889);
#889 = CARTESIAN_POINT('',(4.997255092878,-3.095215133531,10.));
#890 = B_SPLINE_CURVE_WITH_KNOTS('',2,(#891,#892,#893),.UNSPECIFIED.,.F.
  ,.F.,(3,3),(0.,1.),.PIECEWISE_BEZIER_KNOTS.);
#891 = CARTESIAN_POINT('',(4.184198713056,-2.849109792285,10.));
#892 = CARTESIAN_POINT('',(4.684569632938,-2.952225519288,10.));
#893 = CARTESIAN_POINT('',(4.997255092878,-3.095215133531,10.));
#894 = ORIENTED_EDGE('',*,*,#895,.T.);
#895 = EDGE_CURVE('',#888,#896,#898,.T.);
#896 = VERTEX_POINT('',#897);
#897 = CARTESIAN_POINT('',(5.454970226409,-3.46409495549,10.));
#898 = B_SPLINE_CURVE_WITH_KNOTS('',2,(#899,#900,#901),.UNSPECIFIED.,.F.
  ,.F.,(3,3),(0.,1.),.PIECEWISE_BEZIER_KNOTS.);
#899 = CARTESIAN_POINT('',(4.997255092878,-3.095215133531,10.));
#900 = CARTESIAN_POINT('',(5.31012601276,-3.238019287834,10.));
#901 = CARTESIAN_POINT('',(5.454970226409,-3.46409495549,10.));
#902 = ORIENTED_EDGE('',*,*,#903,.T.);
#903 = EDGE_CURVE('',#896,#904,#906,.T.);
#904 = VERTEX_POINT('',#905);
#905 = CARTESIAN_POINT('',(5.5999999,-4.033271513353,10.));
#906 = B_SPLINE_CURVE_WITH_KNOTS('',2,(#907,#908,#909),.UNSPECIFIED.,.F.
  ,.F.,(3,3),(0.,1.),.PIECEWISE_BEZIER_KNOTS.);
#907 = CARTESIAN_POINT('',(5.454970226409,-3.46409495549,10.));
#908 = CARTESIAN_POINT('',(5.5999999,-3.690170623145,10.));
#909 = CARTESIAN_POINT('',(5.5999999,-4.033271513353,10.));
#910 = ORIENTED_EDGE('',*,*,#911,.T.);
#911 = EDGE_CURVE('',#904,#912,#914,.T.);
#912 = VERTEX_POINT('',#913);
#913 = CARTESIAN_POINT('',(5.4353114727,-4.619695845697,10.));
#914 = B_SPLINE_CURVE_WITH_KNOTS('',2,(#915,#916,#917),.UNSPECIFIED.,.F.
  ,.F.,(3,3),(0.,1.),.PIECEWISE_BEZIER_KNOTS.);
#915 = CARTESIAN_POINT('',(5.5999999,-4.033271513353,10.));
#916 = CARTESIAN_POINT('',(5.5999999,-4.365059347181,10.));
#917 = CARTESIAN_POINT('',(5.4353114727,-4.619695845697,10.));
#918 = ORIENTED_EDGE('',*,*,#919,.T.);
#919 = EDGE_CURVE('',#912,#920,#922,.T.);
#920 = VERTEX_POINT('',#921);
#921 = CARTESIAN_POINT('',(4.97221800089,-5.028820474777,10.));
#922 = B_SPLINE_CURVE_WITH_KNOTS('',2,(#923,#924,#925),.UNSPECIFIED.,.F.
  ,.F.,(3,3),(0.,1.),.PIECEWISE_BEZIER_KNOTS.);
#923 = CARTESIAN_POINT('',(5.4353114727,-4.619695845697,10.));
#924 = CARTESIAN_POINT('',(5.270623045401,-4.874332344214,10.));
#925 = CARTESIAN_POINT('',(4.97221800089,-5.028820474777,10.));
#926 = ORIENTED_EDGE('',*,*,#927,.T.);
#927 = EDGE_CURVE('',#920,#928,#930,.T.);
#928 = VERTEX_POINT('',#929);
#929 = CARTESIAN_POINT('',(4.270623045401,-5.234866468843,10.));
#930 = B_SPLINE_CURVE_WITH_KNOTS('',2,(#931,#932,#933),.UNSPECIFIED.,.F.
  ,.F.,(3,3),(0.,1.),.PIECEWISE_BEZIER_KNOTS.);
#931 = CARTESIAN_POINT('',(4.97221800089,-5.028820474777,10.));
#932 = CARTESIAN_POINT('',(4.67399841632,-5.183308605341,10.));
#933 = CARTESIAN_POINT('',(4.270623045401,-5.234866468843,10.));
#934 = ORIENTED_EDGE('',*,*,#935,.T.);
#935 = EDGE_CURVE('',#928,#936,#938,.T.);
#936 = VERTEX_POINT('',#937);
#937 = CARTESIAN_POINT('',(4.270623045401,-5.627485163205,10.));
#938 = LINE('',#939,#940);
#939 = CARTESIAN_POINT('',(4.270623045401,-5.234866468843,10.));
#940 = VECTOR('',#941,1.);
#941 = DIRECTION('',(0.,-1.,0.));
#942 = ORIENTED_EDGE('',*,*,#943,.T.);
#943 = EDGE_CURVE('',#936,#944,#946,.T.);
#944 = VERTEX_POINT('',#945);
#945 = CARTESIAN_POINT('',(4.230378238279,-5.729859050445,10.));
#946 = B_SPLINE_CURVE_WITH_KNOTS('',2,(#947,#948,#949),.UNSPECIFIED.,.F.
  ,.F.,(3,3),(0.,1.),.PIECEWISE_BEZIER_KNOTS.);
#947 = CARTESIAN_POINT('',(4.270623045401,-5.627485163205,10.));
#948 = CARTESIAN_POINT('',(4.270623045401,-5.689985163205,10.));
#949 = CARTESIAN_POINT('',(4.230378238279,-5.729859050445,10.));
#950 = ORIENTED_EDGE('',*,*,#951,.T.);
#951 = EDGE_CURVE('',#944,#510,#952,.T.);
#952 = B_SPLINE_CURVE_WITH_KNOTS('',2,(#953,#954,#955),.UNSPECIFIED.,.F.
  ,.F.,(3,3),(0.,1.),.PIECEWISE_BEZIER_KNOTS.);
#953 = CARTESIAN_POINT('',(4.230378238279,-5.729859050445,10.));
#954 = CARTESIAN_POINT('',(4.190318891098,-5.769732937685,10.));
#955 = CARTESIAN_POINT('',(4.133011769436,-5.769732937685,10.));
#956 = FACE_BOUND('',#957,.T.);
#957 = EDGE_LOOP('',(#958,#968,#976,#984,#992,#1000,#1008,#1016,#1024,
    #1032,#1040,#1048,#1056,#1064,#1072,#1080,#1088,#1096,#1104,#1112,
    #1120,#1128,#1136,#1144,#1152,#1160));
#958 = ORIENTED_EDGE('',*,*,#959,.T.);
#959 = EDGE_CURVE('',#960,#962,#964,.T.);
#960 = VERTEX_POINT('',#961);
#961 = CARTESIAN_POINT('',(-0.729228386647,-0.408308605341,10.));
#962 = VERTEX_POINT('',#963);
#963 = CARTESIAN_POINT('',(-1.724183876261,-0.408308605341,10.));
#964 = LINE('',#965,#966);
#965 = CARTESIAN_POINT('',(-0.729228386647,-0.408308605341,10.));
#966 = VECTOR('',#967,1.);
#967 = DIRECTION('',(-1.,0.,0.));
#968 = ORIENTED_EDGE('',*,*,#969,.T.);
#969 = EDGE_CURVE('',#962,#970,#972,.T.);
#970 = VERTEX_POINT('',#971);
#971 = CARTESIAN_POINT('',(-1.864391591395,-0.348330860534,10.));
#972 = B_SPLINE_CURVE_WITH_KNOTS('',2,(#973,#974,#975),.UNSPECIFIED.,.F.
  ,.F.,(3,3),(0.,1.),.PIECEWISE_BEZIER_KNOTS.);
#973 = CARTESIAN_POINT('',(-1.724183876261,-0.408308605341,10.));
#974 = CARTESIAN_POINT('',(-1.804154202671,-0.408308605341,10.));
#975 = CARTESIAN_POINT('',(-1.864391591395,-0.348330860534,10.));
#976 = ORIENTED_EDGE('',*,*,#977,.T.);
#977 = EDGE_CURVE('',#970,#978,#980,.T.);
#978 = VERTEX_POINT('',#979);
#979 = CARTESIAN_POINT('',(-1.924628980119,-0.208123145401,10.));
#980 = B_SPLINE_CURVE_WITH_KNOTS('',2,(#981,#982,#983),.UNSPECIFIED.,.F.
  ,.F.,(3,3),(0.,1.),.PIECEWISE_BEZIER_KNOTS.);
#981 = CARTESIAN_POINT('',(-1.864391591395,-0.348330860534,10.));
#982 = CARTESIAN_POINT('',(-1.924628980119,-0.28809347181,10.));
#983 = CARTESIAN_POINT('',(-1.924628980119,-0.208123145401,10.));
#984 = ORIENTED_EDGE('',*,*,#985,.T.);
#985 = EDGE_CURVE('',#978,#986,#988,.T.);
#986 = VERTEX_POINT('',#987);
#987 = CARTESIAN_POINT('',(-1.924628980119,0.696735905045,10.));
#988 = LINE('',#989,#990);
#989 = CARTESIAN_POINT('',(-1.924628980119,-0.208123145401,10.));
#990 = VECTOR('',#991,1.);
#991 = DIRECTION('',(0.,1.,0.));
#992 = ORIENTED_EDGE('',*,*,#993,.T.);
#993 = EDGE_CURVE('',#986,#994,#996,.T.);
#994 = VERTEX_POINT('',#995);
#995 = CARTESIAN_POINT('',(-4.400853015727,0.696735905045,10.));
#996 = LINE('',#997,#998);
#997 = CARTESIAN_POINT('',(-1.924628980119,0.696735905045,10.));
#998 = VECTOR('',#999,1.);
#999 = DIRECTION('',(-1.,0.,0.));
#1000 = ORIENTED_EDGE('',*,*,#1001,.T.);
#1001 = EDGE_CURVE('',#994,#1002,#1004,.T.);
#1002 = VERTEX_POINT('',#1003);
#1003 = CARTESIAN_POINT('',(-4.54028179911,0.752559347181,10.));
#1004 = B_SPLINE_CURVE_WITH_KNOTS('',2,(#1005,#1006,#1007),
  .UNSPECIFIED.,.F.,.F.,(3,3),(0.,1.),.PIECEWISE_BEZIER_KNOTS.);
#1005 = CARTESIAN_POINT('',(-4.400853015727,0.696735905045,10.));
#1006 = CARTESIAN_POINT('',(-4.48056369822,0.696735905045,10.));
#1007 = CARTESIAN_POINT('',(-4.54028179911,0.752559347181,10.));
#1008 = ORIENTED_EDGE('',*,*,#1009,.T.);
#1009 = EDGE_CURVE('',#1002,#1010,#1012,.T.);
#1010 = VERTEX_POINT('',#1011);
#1011 = CARTESIAN_POINT('',(-4.5999999,0.896661721068,10.));
#1012 = B_SPLINE_CURVE_WITH_KNOTS('',2,(#1013,#1014,#1015),
  .UNSPECIFIED.,.F.,.F.,(3,3),(0.,1.),.PIECEWISE_BEZIER_KNOTS.);
#1013 = CARTESIAN_POINT('',(-4.54028179911,0.752559347181,10.));
#1014 = CARTESIAN_POINT('',(-4.5999999,0.808642433234,10.));
#1015 = CARTESIAN_POINT('',(-4.5999999,0.896661721068,10.));
#1016 = ORIENTED_EDGE('',*,*,#1017,.T.);
#1017 = EDGE_CURVE('',#1010,#1018,#1020,.T.);
#1018 = VERTEX_POINT('',#1019);
#1019 = CARTESIAN_POINT('',(-4.5999999,1.656639465875,10.));
#1020 = LINE('',#1021,#1022);
#1021 = CARTESIAN_POINT('',(-4.5999999,0.896661721068,10.));
#1022 = VECTOR('',#1023,1.);
#1023 = DIRECTION('',(0.,1.,0.));
#1024 = ORIENTED_EDGE('',*,*,#1025,.T.);
#1025 = EDGE_CURVE('',#1018,#1026,#1028,.T.);
#1026 = VERTEX_POINT('',#1027);
#1027 = CARTESIAN_POINT('',(-4.57221800089,1.788538575668,10.));
#1028 = B_SPLINE_CURVE_WITH_KNOTS('',2,(#1029,#1030,#1031),
  .UNSPECIFIED.,.F.,.F.,(3,3),(0.,1.),.PIECEWISE_BEZIER_KNOTS.);
#1029 = CARTESIAN_POINT('',(-4.5999999,1.656639465875,10.));
#1030 = CARTESIAN_POINT('',(-4.5999999,1.728560830861,10.));
#1031 = CARTESIAN_POINT('',(-4.57221800089,1.788538575668,10.));
#1032 = ORIENTED_EDGE('',*,*,#1033,.T.);
#1033 = EDGE_CURVE('',#1026,#1034,#1036,.T.);
#1034 = VERTEX_POINT('',#1035);
#1035 = CARTESIAN_POINT('',(-4.512240256083,1.904599406528,10.));
#1036 = B_SPLINE_CURVE_WITH_KNOTS('',2,(#1037,#1038,#1039),
  .UNSPECIFIED.,.F.,.F.,(3,3),(0.,1.),.PIECEWISE_BEZIER_KNOTS.);
#1037 = CARTESIAN_POINT('',(-4.57221800089,1.788538575668,10.));
#1038 = CARTESIAN_POINT('',(-4.544176457864,1.848516320475,10.));
#1039 = CARTESIAN_POINT('',(-4.512240256083,1.904599406528,10.));
#1040 = ORIENTED_EDGE('',*,*,#1041,.T.);
#1041 = EDGE_CURVE('',#1034,#1042,#1044,.T.);
#1042 = VERTEX_POINT('',#1043);
#1043 = CARTESIAN_POINT('',(-2.188946487537,5.055897626113,10.));
#1044 = LINE('',#1045,#1046);
#1045 = CARTESIAN_POINT('',(-4.512240256083,1.904599406528,10.));
#1046 = VECTOR('',#1047,1.);
#1047 = DIRECTION('',(0.593411662937,0.804899123052,0.));
#1048 = ORIENTED_EDGE('',*,*,#1049,.T.);
#1049 = EDGE_CURVE('',#1042,#1050,#1052,.T.);
#1050 = VERTEX_POINT('',#1051);
#1051 = CARTESIAN_POINT('',(-1.893731354006,5.191691394659,10.));
#1052 = B_SPLINE_CURVE_WITH_KNOTS('',2,(#1053,#1054,#1055),
  .UNSPECIFIED.,.F.,.F.,(3,3),(0.,1.),.PIECEWISE_BEZIER_KNOTS.);
#1053 = CARTESIAN_POINT('',(-2.188946487537,5.055897626113,10.));
#1054 = CARTESIAN_POINT('',(-2.085348564688,5.191691394659,10.));
#1055 = CARTESIAN_POINT('',(-1.893731354006,5.191691394659,10.));
#1056 = ORIENTED_EDGE('',*,*,#1057,.T.);
#1057 = EDGE_CURVE('',#1050,#1058,#1060,.T.);
#1058 = VERTEX_POINT('',#1059);
#1059 = CARTESIAN_POINT('',(-0.728449454896,5.191691394659,10.));
#1060 = LINE('',#1061,#1062);
#1061 = CARTESIAN_POINT('',(-1.893731354006,5.191691394659,10.));
#1062 = VECTOR('',#1063,1.);
#1063 = DIRECTION('',(1.,0.,0.));
#1064 = ORIENTED_EDGE('',*,*,#1065,.T.);
#1065 = EDGE_CURVE('',#1058,#1066,#1068,.T.);
#1066 = VERTEX_POINT('',#1067);
#1067 = CARTESIAN_POINT('',(-0.58850138368,5.135608308605,10.));
#1068 = B_SPLINE_CURVE_WITH_KNOTS('',2,(#1069,#1070,#1071),
  .UNSPECIFIED.,.F.,.F.,(3,3),(0.,1.),.PIECEWISE_BEZIER_KNOTS.);
#1069 = CARTESIAN_POINT('',(-0.728449454896,5.191691394659,10.));
#1070 = CARTESIAN_POINT('',(-0.64821948457,5.191691394659,10.));
#1071 = CARTESIAN_POINT('',(-0.58850138368,5.135608308605,10.));
#1072 = ORIENTED_EDGE('',*,*,#1073,.T.);
#1073 = EDGE_CURVE('',#1066,#1074,#1076,.T.);
#1074 = VERTEX_POINT('',#1075);
#1075 = CARTESIAN_POINT('',(-0.528783282789,4.992025222552,10.));
#1076 = B_SPLINE_CURVE_WITH_KNOTS('',2,(#1077,#1078,#1079),
  .UNSPECIFIED.,.F.,.F.,(3,3),(0.,1.),.PIECEWISE_BEZIER_KNOTS.);
#1077 = CARTESIAN_POINT('',(-0.58850138368,5.135608308605,10.));
#1078 = CARTESIAN_POINT('',(-0.528783282789,5.079784866469,10.));
#1079 = CARTESIAN_POINT('',(-0.528783282789,4.992025222552,10.));
#1080 = ORIENTED_EDGE('',*,*,#1081,.T.);
#1081 = EDGE_CURVE('',#1074,#1082,#1084,.T.);
#1082 = VERTEX_POINT('',#1083);
#1083 = CARTESIAN_POINT('',(-0.528783282789,1.893175074184,10.));
#1084 = LINE('',#1085,#1086);
#1085 = CARTESIAN_POINT('',(-0.528783282789,4.992025222552,10.));
#1086 = VECTOR('',#1087,1.);
#1087 = DIRECTION('',(0.,-1.,0.));
#1088 = ORIENTED_EDGE('',*,*,#1089,.T.);
#1089 = EDGE_CURVE('',#1082,#1090,#1092,.T.);
#1090 = VERTEX_POINT('',#1091);
#1091 = CARTESIAN_POINT('',(0.176928883383,1.893175074184,10.));
#1092 = LINE('',#1093,#1094);
#1093 = CARTESIAN_POINT('',(-0.528783282789,1.893175074184,10.));
#1094 = VECTOR('',#1095,1.);
#1095 = DIRECTION('',(1.,0.,0.));
#1096 = ORIENTED_EDGE('',*,*,#1097,.T.);
#1097 = EDGE_CURVE('',#1090,#1098,#1100,.T.);
#1098 = VERTEX_POINT('',#1099);
#1099 = CARTESIAN_POINT('',(0.329080218694,1.83293768546,10.));
#1100 = B_SPLINE_CURVE_WITH_KNOTS('',2,(#1101,#1102,#1103),
  .UNSPECIFIED.,.F.,.F.,(3,3),(0.,1.),.PIECEWISE_BEZIER_KNOTS.);
#1101 = CARTESIAN_POINT('',(0.176928883383,1.893175074184,10.));
#1102 = CARTESIAN_POINT('',(0.272997132641,1.893175074184,10.));
#1103 = CARTESIAN_POINT('',(0.329080218694,1.83293768546,10.));
#1104 = ORIENTED_EDGE('',*,*,#1105,.T.);
#1105 = EDGE_CURVE('',#1098,#1106,#1108,.T.);
#1106 = VERTEX_POINT('',#1107);
#1107 = CARTESIAN_POINT('',(0.385163304748,1.692470326409,10.));
#1108 = B_SPLINE_CURVE_WITH_KNOTS('',2,(#1109,#1110,#1111),
  .UNSPECIFIED.,.F.,.F.,(3,3),(0.,1.),.PIECEWISE_BEZIER_KNOTS.);
#1109 = CARTESIAN_POINT('',(0.329080218694,1.83293768546,10.));
#1110 = CARTESIAN_POINT('',(0.385163304748,1.772700296736,10.));
#1111 = CARTESIAN_POINT('',(0.385163304748,1.692470326409,10.));
#1112 = ORIENTED_EDGE('',*,*,#1113,.T.);
#1113 = EDGE_CURVE('',#1106,#1114,#1116,.T.);
#1114 = VERTEX_POINT('',#1115);
#1115 = CARTESIAN_POINT('',(0.385163304748,0.897440652819,10.));
#1116 = LINE('',#1117,#1118);
#1117 = CARTESIAN_POINT('',(0.385163304748,1.692470326409,10.));
#1118 = VECTOR('',#1119,1.);
#1119 = DIRECTION('',(0.,-1.,0.));
#1120 = ORIENTED_EDGE('',*,*,#1121,.T.);
#1121 = EDGE_CURVE('',#1114,#1122,#1124,.T.);
#1122 = VERTEX_POINT('',#1123);
#1123 = CARTESIAN_POINT('',(0.325185559941,0.752818991098,10.));
#1124 = B_SPLINE_CURVE_WITH_KNOTS('',2,(#1125,#1126,#1127),
  .UNSPECIFIED.,.F.,.F.,(3,3),(0.,1.),.PIECEWISE_BEZIER_KNOTS.);
#1125 = CARTESIAN_POINT('',(0.385163304748,0.897440652819,10.));
#1126 = CARTESIAN_POINT('',(0.385163304748,0.809161721068,10.));
#1127 = CARTESIAN_POINT('',(0.325185559941,0.752818991098,10.));
#1128 = ORIENTED_EDGE('',*,*,#1129,.T.);
#1129 = EDGE_CURVE('',#1122,#1130,#1132,.T.);
#1130 = VERTEX_POINT('',#1131);
#1131 = CARTESIAN_POINT('',(0.18471820089,0.696735905045,10.));
#1132 = B_SPLINE_CURVE_WITH_KNOTS('',2,(#1133,#1134,#1135),
  .UNSPECIFIED.,.F.,.F.,(3,3),(0.,1.),.PIECEWISE_BEZIER_KNOTS.);
#1133 = CARTESIAN_POINT('',(0.325185559941,0.752818991098,10.));
#1134 = CARTESIAN_POINT('',(0.265207815134,0.696735905045,10.));
#1135 = CARTESIAN_POINT('',(0.18471820089,0.696735905045,10.));
#1136 = ORIENTED_EDGE('',*,*,#1137,.T.);
#1137 = EDGE_CURVE('',#1130,#1138,#1140,.T.);
#1138 = VERTEX_POINT('',#1139);
#1139 = CARTESIAN_POINT('',(-0.528783282789,0.696735905045,10.));
#1140 = LINE('',#1141,#1142);
#1141 = CARTESIAN_POINT('',(0.18471820089,0.696735905045,10.));
#1142 = VECTOR('',#1143,1.);
#1143 = DIRECTION('',(-1.,0.,0.));
#1144 = ORIENTED_EDGE('',*,*,#1145,.T.);
#1145 = EDGE_CURVE('',#1138,#1146,#1148,.T.);
#1146 = VERTEX_POINT('',#1147);
#1147 = CARTESIAN_POINT('',(-0.528783282789,-0.208123145401,10.));
#1148 = LINE('',#1149,#1150);
#1149 = CARTESIAN_POINT('',(-0.528783282789,0.696735905045,10.));
#1150 = VECTOR('',#1151,1.);
#1151 = DIRECTION('',(0.,-1.,0.));
#1152 = ORIENTED_EDGE('',*,*,#1153,.T.);
#1153 = EDGE_CURVE('',#1146,#1154,#1156,.T.);
#1154 = VERTEX_POINT('',#1155);
#1155 = CARTESIAN_POINT('',(-0.589020671513,-0.348330860534,10.));
#1156 = B_SPLINE_CURVE_WITH_KNOTS('',2,(#1157,#1158,#1159),
  .UNSPECIFIED.,.F.,.F.,(3,3),(0.,1.),.PIECEWISE_BEZIER_KNOTS.);
#1157 = CARTESIAN_POINT('',(-0.528783282789,-0.208123145401,10.));
#1158 = CARTESIAN_POINT('',(-0.528783282789,-0.28809347181,10.));
#1159 = CARTESIAN_POINT('',(-0.589020671513,-0.348330860534,10.));
#1160 = ORIENTED_EDGE('',*,*,#1161,.T.);
#1161 = EDGE_CURVE('',#1154,#960,#1162,.T.);
#1162 = B_SPLINE_CURVE_WITH_KNOTS('',2,(#1163,#1164,#1165),
  .UNSPECIFIED.,.F.,.F.,(3,3),(0.,1.),.PIECEWISE_BEZIER_KNOTS.);
#1163 = CARTESIAN_POINT('',(-0.589020671513,-0.348330860534,10.));
#1164 = CARTESIAN_POINT('',(-0.64899841632,-0.408308605341,10.));
#1165 = CARTESIAN_POINT('',(-0.729228386647,-0.408308605341,10.));
#1166 = PLANE('',#1167);
#1167 = AXIS2_PLACEMENT_3D('',#1168,#1169,#1170);
#1168 = CARTESIAN_POINT('',(-7.1E-16,2.2E-16,10.));
#1169 = DIRECTION('',(0.,0.,1.));
#1170 = DIRECTION('',(1.,0.,0.));
#1171 = ADVANCED_FACE('',(#1172),#1200,.T.);
#1172 = FACE_BOUND('',#1173,.T.);
#1173 = EDGE_LOOP('',(#1174,#1181,#1191,#1197,#1198,#1199));
#1174 = ORIENTED_EDGE('',*,*,#1175,.T.);
#1175 = EDGE_CURVE('',#202,#1176,#1178,.T.);
#1176 = VERTEX_POINT('',#1177);
#1177 = CARTESIAN_POINT('',(7.102758617143,-5.68854505477,9.510673251699
    ));
#1178 = B_SPLINE_CURVE_WITH_KNOTS('',1,(#1179,#1180),.UNSPECIFIED.,.F.,
  .F.,(2,2),(0.,1.),.PIECEWISE_BEZIER_KNOTS.);
#1179 = CARTESIAN_POINT('',(9.1,-7.685786437627,0.));
#1180 = CARTESIAN_POINT('',(7.,-5.585786437627,10.));
#1181 = ORIENTED_EDGE('',*,*,#1182,.F.);
#1182 = EDGE_CURVE('',#1183,#1176,#1185,.T.);
#1183 = VERTEX_POINT('',#1184);
#1184 = CARTESIAN_POINT('',(7.090418714604,-5.696677530706,
    9.520690934088));
#1185 = B_SPLINE_CURVE_WITH_KNOTS('',4,(#1186,#1187,#1188,#1189,#1190),
  .UNSPECIFIED.,.F.,.F.,(5,5),(0.,1.),.PIECEWISE_BEZIER_KNOTS.);
#1186 = CARTESIAN_POINT('',(7.090487040287,-5.696632501422,
    9.520635466471));
#1187 = CARTESIAN_POINT('',(7.093554934501,-5.694610639759,
    9.518144912778));
#1188 = CARTESIAN_POINT('',(7.096622828715,-5.692588778096,
    9.515654359085));
#1189 = CARTESIAN_POINT('',(7.099690722929,-5.690566916433,
    9.513163805392));
#1190 = CARTESIAN_POINT('',(7.102758617143,-5.68854505477,9.510673251699
    ));
#1191 = ORIENTED_EDGE('',*,*,#1192,.F.);
#1192 = EDGE_CURVE('',#375,#1183,#1193,.T.);
#1193 = LINE('',#1194,#1195);
#1194 = CARTESIAN_POINT('',(5.686441341468,-7.100654903841,
    9.520690934088));
#1195 = VECTOR('',#1196,1.);
#1196 = DIRECTION('',(0.707106781187,0.707106781187,0.));
#1197 = ORIENTED_EDGE('',*,*,#404,.T.);
#1198 = ORIENTED_EDGE('',*,*,#347,.F.);
#1199 = ORIENTED_EDGE('',*,*,#201,.T.);
#1200 = PLANE('',#1201);
#1201 = AXIS2_PLACEMENT_3D('',#1202,#1203,#1204);
#1202 = CARTESIAN_POINT('',(5.585786437627,-7.,10.));
#1203 = DIRECTION('',(0.677845381581,-0.677845381581,0.284695060264));
#1204 = DIRECTION('',(0.707106781187,0.707106781187,5.551115123126E-17)
  );
#1205 = ADVANCED_FACE('',(#1206),#1225,.T.);
#1206 = FACE_BOUND('',#1207,.T.);
#1207 = EDGE_LOOP('',(#1208,#1215,#1223,#1224));
#1208 = ORIENTED_EDGE('',*,*,#1209,.T.);
#1209 = EDGE_CURVE('',#210,#1210,#1212,.T.);
#1210 = VERTEX_POINT('',#1211);
#1211 = CARTESIAN_POINT('',(7.102758617143,5.68854505477,9.510673251699)
  );
#1212 = B_SPLINE_CURVE_WITH_KNOTS('',1,(#1213,#1214),.UNSPECIFIED.,.F.,
  .F.,(2,2),(0.,1.),.PIECEWISE_BEZIER_KNOTS.);
#1213 = CARTESIAN_POINT('',(9.1,7.685786437627,0.));
#1214 = CARTESIAN_POINT('',(7.,5.585786437627,10.));
#1215 = ORIENTED_EDGE('',*,*,#1216,.F.);
#1216 = EDGE_CURVE('',#1176,#1210,#1217,.T.);
#1217 = B_SPLINE_CURVE_WITH_KNOTS('',2,(#1218,#1219,#1220,#1221,#1222),
  .UNSPECIFIED.,.F.,.F.,(3,1,1,3),(-1.183700259966,-0.5,11.671572875254,
    12.355273135219),.UNSPECIFIED.);
#1218 = CARTESIAN_POINT('',(7.102758617143,-6.769486697592,
    9.510673251699));
#1219 = CARTESIAN_POINT('',(7.102758617143,-6.42763656761,9.510673251699
    ));
#1220 = CARTESIAN_POINT('',(7.102758617143,0.,9.510673251699));
#1221 = CARTESIAN_POINT('',(7.102758617143,6.42763656761,9.510673251699)
  );
#1222 = CARTESIAN_POINT('',(7.102758617143,6.769486697592,9.510673251699
    ));
#1223 = ORIENTED_EDGE('',*,*,#1175,.F.);
#1224 = ORIENTED_EDGE('',*,*,#209,.T.);
#1225 = B_SPLINE_SURFACE_WITH_KNOTS('',1,1,(
    (#1226,#1227)
    ,(#1228,#1229
    )),.UNSPECIFIED.,.F.,.F.,.F.,(2,2),(2,2),(0.,15.371572875254),(0.,1.
    ),.PIECEWISE_BEZIER_KNOTS.);
#1226 = CARTESIAN_POINT('',(9.1,-7.685786437627,0.));
#1227 = CARTESIAN_POINT('',(7.,-5.585786437627,10.));
#1228 = CARTESIAN_POINT('',(9.1,7.685786437627,0.));
#1229 = CARTESIAN_POINT('',(7.,5.585786437627,10.));
#1230 = ADVANCED_FACE('',(#1231),#1268,.T.);
#1231 = FACE_BOUND('',#1232,.T.);
#1232 = EDGE_LOOP('',(#1233,#1240,#1250,#1258,#1266,#1267));
#1233 = ORIENTED_EDGE('',*,*,#1234,.T.);
#1234 = EDGE_CURVE('',#218,#1235,#1237,.T.);
#1235 = VERTEX_POINT('',#1236);
#1236 = CARTESIAN_POINT('',(5.68854505477,7.102758617143,9.510673251699)
  );
#1237 = B_SPLINE_CURVE_WITH_KNOTS('',1,(#1238,#1239),.UNSPECIFIED.,.F.,
  .F.,(2,2),(0.,1.),.PIECEWISE_BEZIER_KNOTS.);
#1238 = CARTESIAN_POINT('',(7.685786437627,9.1,0.));
#1239 = CARTESIAN_POINT('',(5.585786437627,7.,10.));
#1240 = ORIENTED_EDGE('',*,*,#1241,.F.);
#1241 = EDGE_CURVE('',#1242,#1235,#1244,.T.);
#1242 = VERTEX_POINT('',#1243);
#1243 = CARTESIAN_POINT('',(5.696677530706,7.090418714604,9.520690934088
    ));
#1244 = B_SPLINE_CURVE_WITH_KNOTS('',4,(#1245,#1246,#1247,#1248,#1249),
  .UNSPECIFIED.,.F.,.F.,(5,5),(0.,1.),.PIECEWISE_BEZIER_KNOTS.);
#1245 = CARTESIAN_POINT('',(5.696632501422,7.090487040287,9.520635466471
    ));
#1246 = CARTESIAN_POINT('',(5.694610639759,7.093554934501,9.518144912778
    ));
#1247 = CARTESIAN_POINT('',(5.692588778096,7.096622828715,9.515654359085
    ));
#1248 = CARTESIAN_POINT('',(5.690566916433,7.099690722929,9.513163805392
    ));
#1249 = CARTESIAN_POINT('',(5.68854505477,7.102758617143,9.510673251699)
  );
#1250 = ORIENTED_EDGE('',*,*,#1251,.F.);
#1251 = EDGE_CURVE('',#1252,#1242,#1254,.T.);
#1252 = VERTEX_POINT('',#1253);
#1253 = CARTESIAN_POINT('',(7.090418714604,5.696677530706,9.520690934088
    ));
#1254 = LINE('',#1255,#1256);
#1255 = CARTESIAN_POINT('',(7.100654903841,5.686441341468,9.520690934088
    ));
#1256 = VECTOR('',#1257,1.);
#1257 = DIRECTION('',(-0.707106781187,0.707106781187,0.));
#1258 = ORIENTED_EDGE('',*,*,#1259,.T.);
#1259 = EDGE_CURVE('',#1252,#1210,#1260,.T.);
#1260 = B_SPLINE_CURVE_WITH_KNOTS('',4,(#1261,#1262,#1263,#1264,#1265),
  .UNSPECIFIED.,.F.,.F.,(5,5),(0.,1.),.PIECEWISE_BEZIER_KNOTS.);
#1261 = CARTESIAN_POINT('',(7.090418714604,5.696677530706,9.520690934088
    ));
#1262 = CARTESIAN_POINT('',(7.093503690239,5.694644411722,9.518186513491
    ));
#1263 = CARTESIAN_POINT('',(7.096588665874,5.692611292738,9.515682092894
    ));
#1264 = CARTESIAN_POINT('',(7.099673641508,5.690578173754,9.513177672296
    ));
#1265 = CARTESIAN_POINT('',(7.102758617143,5.68854505477,9.510673251699)
  );
#1266 = ORIENTED_EDGE('',*,*,#1209,.F.);
#1267 = ORIENTED_EDGE('',*,*,#217,.T.);
#1268 = PLANE('',#1269);
#1269 = AXIS2_PLACEMENT_3D('',#1270,#1271,#1272);
#1270 = CARTESIAN_POINT('',(7.,5.585786437627,10.));
#1271 = DIRECTION('',(0.677845381581,0.677845381581,0.284695060264));
#1272 = DIRECTION('',(-0.707106781187,0.707106781187,-5.551115123126E-17
    ));
#1273 = ADVANCED_FACE('',(#1274),#1287,.T.);
#1274 = FACE_BOUND('',#1275,.T.);
#1275 = EDGE_LOOP('',(#1276,#1277,#1285,#1286));
#1276 = ORIENTED_EDGE('',*,*,#333,.T.);
#1277 = ORIENTED_EDGE('',*,*,#1278,.F.);
#1278 = EDGE_CURVE('',#1235,#324,#1279,.T.);
#1279 = B_SPLINE_CURVE_WITH_KNOTS('',2,(#1280,#1281,#1282,#1283,#1284),
  .UNSPECIFIED.,.F.,.F.,(3,1,1,3),(-1.183700259966,-0.5,11.671572875254,
    12.355273135219),.UNSPECIFIED.);
#1280 = CARTESIAN_POINT('',(6.769486697592,7.102758617143,9.510673251699
    ));
#1281 = CARTESIAN_POINT('',(6.42763656761,7.102758617143,9.510673251699)
  );
#1282 = CARTESIAN_POINT('',(3.55E-15,7.102758617143,9.510673251699));
#1283 = CARTESIAN_POINT('',(-6.42763656761,7.102758617143,9.510673251699
    ));
#1284 = CARTESIAN_POINT('',(-6.769486697592,7.102758617143,
    9.510673251699));
#1285 = ORIENTED_EDGE('',*,*,#1234,.F.);
#1286 = ORIENTED_EDGE('',*,*,#225,.T.);
#1287 = B_SPLINE_SURFACE_WITH_KNOTS('',1,1,(
    (#1288,#1289)
    ,(#1290,#1291
    )),.UNSPECIFIED.,.F.,.F.,.F.,(2,2),(2,2),(0.,15.371572875254),(0.,1.
    ),.PIECEWISE_BEZIER_KNOTS.);
#1288 = CARTESIAN_POINT('',(7.685786437627,9.1,0.));
#1289 = CARTESIAN_POINT('',(5.585786437627,7.,10.));
#1290 = CARTESIAN_POINT('',(-7.685786437627,9.1,0.));
#1291 = CARTESIAN_POINT('',(-5.585786437627,7.,10.));
#1292 = ADVANCED_FACE('',(#1293),#1318,.F.);
#1293 = FACE_BOUND('',#1294,.F.);
#1294 = EDGE_LOOP('',(#1295,#1305,#1311,#1312));
#1295 = ORIENTED_EDGE('',*,*,#1296,.T.);
#1296 = EDGE_CURVE('',#1297,#1299,#1301,.T.);
#1297 = VERTEX_POINT('',#1298);
#1298 = CARTESIAN_POINT('',(-6.025825461037,-5.293645750422,8.8));
#1299 = VERTEX_POINT('',#1300);
#1300 = CARTESIAN_POINT('',(-6.025825461037,5.293645750422,8.8));
#1301 = LINE('',#1302,#1303);
#1302 = CARTESIAN_POINT('',(-6.025825461037,-4.E-17,8.8));
#1303 = VECTOR('',#1304,1.);
#1304 = DIRECTION('',(-1.E-17,1.,0.));
#1305 = ORIENTED_EDGE('',*,*,#1306,.T.);
#1306 = EDGE_CURVE('',#1299,#244,#1307,.T.);
#1307 = LINE('',#1308,#1309);
#1308 = CARTESIAN_POINT('',(-6.236108874495,5.503929163879,
    7.798650412108));
#1309 = VECTOR('',#1310,1.);
#1310 = DIRECTION('',(-0.201309807683,0.201309807683,-0.958618131824));
#1311 = ORIENTED_EDGE('',*,*,#241,.F.);
#1312 = ORIENTED_EDGE('',*,*,#1313,.T.);
#1313 = EDGE_CURVE('',#242,#1297,#1314,.T.);
#1314 = LINE('',#1315,#1316);
#1315 = CARTESIAN_POINT('',(-6.236108874495,-5.503929163879,
    7.798650412108));
#1316 = VECTOR('',#1317,1.);
#1317 = DIRECTION('',(0.201309807683,0.201309807683,0.958618131824));
#1318 = PLANE('',#1319);
#1319 = AXIS2_PLACEMENT_3D('',#1320,#1321,#1322);
#1320 = CARTESIAN_POINT('',(-6.875615804078,-2.4E-16,4.753379318856));
#1321 = DIRECTION('',(-0.978653496602,-1.E-17,0.205517234286));
#1322 = DIRECTION('',(4.81018304358E-17,-1.,1.803986156085E-16));
#1323 = ADVANCED_FACE('',(#1324),#1342,.F.);
#1324 = FACE_BOUND('',#1325,.F.);
#1325 = EDGE_LOOP('',(#1326,#1327,#1328,#1336));
#1326 = ORIENTED_EDGE('',*,*,#251,.F.);
#1327 = ORIENTED_EDGE('',*,*,#1306,.F.);
#1328 = ORIENTED_EDGE('',*,*,#1329,.T.);
#1329 = EDGE_CURVE('',#1299,#1330,#1332,.T.);
#1330 = VERTEX_POINT('',#1331);
#1331 = CARTESIAN_POINT('',(-5.293645750422,6.025825461037,8.8));
#1332 = LINE('',#1333,#1334);
#1333 = CARTESIAN_POINT('',(-5.306182215136,6.013288996323,8.8));
#1334 = VECTOR('',#1335,1.);
#1335 = DIRECTION('',(0.707106781187,0.707106781187,0.));
#1336 = ORIENTED_EDGE('',*,*,#1337,.F.);
#1337 = EDGE_CURVE('',#252,#1330,#1338,.T.);
#1338 = LINE('',#1339,#1340);
#1339 = CARTESIAN_POINT('',(-5.503929163879,6.236108874495,
    7.798650412108));
#1340 = VECTOR('',#1341,1.);
#1341 = DIRECTION('',(0.201309807683,-0.201309807683,0.958618131824));
#1342 = PLANE('',#1343);
#1343 = AXIS2_PLACEMENT_3D('',#1344,#1345,#1346);
#1344 = CARTESIAN_POINT('',(-4.77237197973,6.186585542103,9.658365927683
    ));
#1345 = DIRECTION('',(-0.677845381581,0.677845381581,0.284695060264));
#1346 = DIRECTION('',(-0.707106781187,-0.707106781187,
    -5.551115123126E-17));
#1347 = ADVANCED_FACE('',(#1348),#1366,.F.);
#1348 = FACE_BOUND('',#1349,.F.);
#1349 = EDGE_LOOP('',(#1350,#1358,#1364,#1365));
#1350 = ORIENTED_EDGE('',*,*,#1351,.T.);
#1351 = EDGE_CURVE('',#1330,#1352,#1354,.T.);
#1352 = VERTEX_POINT('',#1353);
#1353 = CARTESIAN_POINT('',(5.293645750422,6.025825461037,8.8));
#1354 = LINE('',#1355,#1356);
#1355 = CARTESIAN_POINT('',(-7.1E-16,6.025825461037,8.8));
#1356 = VECTOR('',#1357,1.);
#1357 = DIRECTION('',(1.,-2.E-17,0.));
#1358 = ORIENTED_EDGE('',*,*,#1359,.F.);
#1359 = EDGE_CURVE('',#260,#1352,#1360,.T.);
#1360 = LINE('',#1361,#1362);
#1361 = CARTESIAN_POINT('',(5.503929163879,6.236108874495,7.798650412108
    ));
#1362 = VECTOR('',#1363,1.);
#1363 = DIRECTION('',(-0.201309807683,-0.201309807683,0.958618131824));
#1364 = ORIENTED_EDGE('',*,*,#259,.F.);
#1365 = ORIENTED_EDGE('',*,*,#1337,.T.);
#1366 = PLANE('',#1367);
#1367 = AXIS2_PLACEMENT_3D('',#1368,#1369,#1370);
#1368 = CARTESIAN_POINT('',(-8.2E-16,6.875615804078,4.753379318856));
#1369 = DIRECTION('',(2.E-17,0.978653496602,0.205517234286));
#1370 = DIRECTION('',(-1.,-6.996224196875E-18,1.306307929187E-16));
#1371 = ADVANCED_FACE('',(#1372),#1390,.F.);
#1372 = FACE_BOUND('',#1373,.F.);
#1373 = EDGE_LOOP('',(#1374,#1382,#1388,#1389));
#1374 = ORIENTED_EDGE('',*,*,#1375,.T.);
#1375 = EDGE_CURVE('',#1352,#1376,#1378,.T.);
#1376 = VERTEX_POINT('',#1377);
#1377 = CARTESIAN_POINT('',(6.025825461037,5.293645750422,8.8));
#1378 = LINE('',#1379,#1380);
#1379 = CARTESIAN_POINT('',(6.013288996323,5.306182215136,8.8));
#1380 = VECTOR('',#1381,1.);
#1381 = DIRECTION('',(0.707106781187,-0.707106781187,0.));
#1382 = ORIENTED_EDGE('',*,*,#1383,.F.);
#1383 = EDGE_CURVE('',#268,#1376,#1384,.T.);
#1384 = LINE('',#1385,#1386);
#1385 = CARTESIAN_POINT('',(6.236108874495,5.503929163879,7.798650412108
    ));
#1386 = VECTOR('',#1387,1.);
#1387 = DIRECTION('',(-0.201309807683,-0.201309807683,0.958618131824));
#1388 = ORIENTED_EDGE('',*,*,#267,.F.);
#1389 = ORIENTED_EDGE('',*,*,#1359,.T.);
#1390 = PLANE('',#1391);
#1391 = AXIS2_PLACEMENT_3D('',#1392,#1393,#1394);
#1392 = CARTESIAN_POINT('',(6.186585542103,4.77237197973,9.658365927683)
  );
#1393 = DIRECTION('',(0.677845381581,0.677845381581,0.284695060264));
#1394 = DIRECTION('',(-0.707106781187,0.707106781187,-5.551115123126E-17
    ));
#1395 = ADVANCED_FACE('',(#1396),#1414,.F.);
#1396 = FACE_BOUND('',#1397,.F.);
#1397 = EDGE_LOOP('',(#1398,#1406,#1412,#1413));
#1398 = ORIENTED_EDGE('',*,*,#1399,.T.);
#1399 = EDGE_CURVE('',#1376,#1400,#1402,.T.);
#1400 = VERTEX_POINT('',#1401);
#1401 = CARTESIAN_POINT('',(6.025825461037,-5.293645750422,8.8));
#1402 = LINE('',#1403,#1404);
#1403 = CARTESIAN_POINT('',(6.025825461037,4.8E-16,8.8));
#1404 = VECTOR('',#1405,1.);
#1405 = DIRECTION('',(1.E-17,-1.,0.));
#1406 = ORIENTED_EDGE('',*,*,#1407,.F.);
#1407 = EDGE_CURVE('',#276,#1400,#1408,.T.);
#1408 = LINE('',#1409,#1410);
#1409 = CARTESIAN_POINT('',(6.236108874495,-5.503929163879,
    7.798650412108));
#1410 = VECTOR('',#1411,1.);
#1411 = DIRECTION('',(-0.201309807683,0.201309807683,0.958618131824));
#1412 = ORIENTED_EDGE('',*,*,#275,.F.);
#1413 = ORIENTED_EDGE('',*,*,#1383,.T.);
#1414 = PLANE('',#1415);
#1415 = AXIS2_PLACEMENT_3D('',#1416,#1417,#1418);
#1416 = CARTESIAN_POINT('',(6.875615804078,7.2E-16,4.753379318856));
#1417 = DIRECTION('',(0.978653496602,1.E-17,0.205517234286));
#1418 = DIRECTION('',(-1.666518643619E-17,1.,3.07003108484E-17));
#1419 = ADVANCED_FACE('',(#1420),#1438,.F.);
#1420 = FACE_BOUND('',#1421,.F.);
#1421 = EDGE_LOOP('',(#1422,#1430,#1436,#1437));
#1422 = ORIENTED_EDGE('',*,*,#1423,.T.);
#1423 = EDGE_CURVE('',#1400,#1424,#1426,.T.);
#1424 = VERTEX_POINT('',#1425);
#1425 = CARTESIAN_POINT('',(5.293645750422,-6.025825461037,8.8));
#1426 = LINE('',#1427,#1428);
#1427 = CARTESIAN_POINT('',(5.306182215136,-6.013288996323,8.8));
#1428 = VECTOR('',#1429,1.);
#1429 = DIRECTION('',(-0.707106781187,-0.707106781187,0.));
#1430 = ORIENTED_EDGE('',*,*,#1431,.F.);
#1431 = EDGE_CURVE('',#284,#1424,#1432,.T.);
#1432 = LINE('',#1433,#1434);
#1433 = CARTESIAN_POINT('',(5.503929163879,-6.236108874495,
    7.798650412108));
#1434 = VECTOR('',#1435,1.);
#1435 = DIRECTION('',(-0.201309807683,0.201309807683,0.958618131824));
#1436 = ORIENTED_EDGE('',*,*,#283,.F.);
#1437 = ORIENTED_EDGE('',*,*,#1407,.T.);
#1438 = PLANE('',#1439);
#1439 = AXIS2_PLACEMENT_3D('',#1440,#1441,#1442);
#1440 = CARTESIAN_POINT('',(4.77237197973,-6.186585542103,9.658365927683
    ));
#1441 = DIRECTION('',(0.677845381581,-0.677845381581,0.284695060264));
#1442 = DIRECTION('',(0.707106781187,0.707106781187,5.551115123126E-17)
  );
#1443 = ADVANCED_FACE('',(#1444),#1462,.F.);
#1444 = FACE_BOUND('',#1445,.F.);
#1445 = EDGE_LOOP('',(#1446,#1454,#1460,#1461));
#1446 = ORIENTED_EDGE('',*,*,#1447,.T.);
#1447 = EDGE_CURVE('',#1424,#1448,#1450,.T.);
#1448 = VERTEX_POINT('',#1449);
#1449 = CARTESIAN_POINT('',(-5.293645750422,-6.025825461037,8.8));
#1450 = LINE('',#1451,#1452);
#1451 = CARTESIAN_POINT('',(-3.1E-16,-6.025825461037,8.8));
#1452 = VECTOR('',#1453,1.);
#1453 = DIRECTION('',(-1.,0.,0.));
#1454 = ORIENTED_EDGE('',*,*,#1455,.F.);
#1455 = EDGE_CURVE('',#292,#1448,#1456,.T.);
#1456 = LINE('',#1457,#1458);
#1457 = CARTESIAN_POINT('',(-5.503929163879,-6.236108874495,
    7.798650412108));
#1458 = VECTOR('',#1459,1.);
#1459 = DIRECTION('',(0.201309807683,0.201309807683,0.958618131824));
#1460 = ORIENTED_EDGE('',*,*,#291,.F.);
#1461 = ORIENTED_EDGE('',*,*,#1431,.T.);
#1462 = PLANE('',#1463);
#1463 = AXIS2_PLACEMENT_3D('',#1464,#1465,#1466);
#1464 = CARTESIAN_POINT('',(8.E-17,-6.875615804078,4.753379318856));
#1465 = DIRECTION('',(0.,-0.978653496602,0.205517234286));
#1466 = DIRECTION('',(1.,-4.022603198927E-18,-1.915525332823E-17));
#1467 = ADVANCED_FACE('',(#1468),#1479,.F.);
#1468 = FACE_BOUND('',#1469,.F.);
#1469 = EDGE_LOOP('',(#1470,#1476,#1477,#1478));
#1470 = ORIENTED_EDGE('',*,*,#1471,.T.);
#1471 = EDGE_CURVE('',#1448,#1297,#1472,.T.);
#1472 = LINE('',#1473,#1474);
#1473 = CARTESIAN_POINT('',(-6.013288996323,-5.306182215136,8.8));
#1474 = VECTOR('',#1475,1.);
#1475 = DIRECTION('',(-0.707106781187,0.707106781187,0.));
#1476 = ORIENTED_EDGE('',*,*,#1313,.F.);
#1477 = ORIENTED_EDGE('',*,*,#299,.F.);
#1478 = ORIENTED_EDGE('',*,*,#1455,.T.);
#1479 = PLANE('',#1480);
#1480 = AXIS2_PLACEMENT_3D('',#1481,#1482,#1483);
#1481 = CARTESIAN_POINT('',(-6.186585542103,-4.77237197973,
    9.658365927683));
#1482 = DIRECTION('',(-0.677845381581,-0.677845381581,0.284695060264));
#1483 = DIRECTION('',(0.707106781187,-0.707106781187,-5.551115123126E-17
    ));
#1484 = ADVANCED_FACE('',(#1485),#1500,.T.);
#1485 = FACE_BOUND('',#1486,.T.);
#1486 = EDGE_LOOP('',(#1487,#1495,#1496,#1497,#1498,#1499));
#1487 = ORIENTED_EDGE('',*,*,#1488,.T.);
#1488 = EDGE_CURVE('',#488,#1242,#1489,.T.);
#1489 = B_SPLINE_CURVE_WITH_KNOTS('',4,(#1490,#1491,#1492,#1493,#1494),
  .UNSPECIFIED.,.F.,.F.,(5,5),(0.,1.),.PIECEWISE_BEZIER_KNOTS.);
#1490 = CARTESIAN_POINT('',(5.37867965644,6.5,10.));
#1491 = CARTESIAN_POINT('',(5.458179125007,6.647604678651,9.880172733522
    ));
#1492 = CARTESIAN_POINT('',(5.537678593573,6.795209357302,9.760345467044
    ));
#1493 = CARTESIAN_POINT('',(5.617178062139,6.942814035953,9.640518200566
    ));
#1494 = CARTESIAN_POINT('',(5.696677530706,7.090418714604,9.520690934088
    ));
#1495 = ORIENTED_EDGE('',*,*,#1241,.T.);
#1496 = ORIENTED_EDGE('',*,*,#1278,.T.);
#1497 = ORIENTED_EDGE('',*,*,#323,.F.);
#1498 = ORIENTED_EDGE('',*,*,#443,.F.);
#1499 = ORIENTED_EDGE('',*,*,#495,.F.);
#1500 = B_SPLINE_SURFACE_WITH_KNOTS('',1,2,(
    (#1501,#1502,#1503,#1504,#1505)
    ,(#1506,#1507,#1508,#1509,#1510
    )),.UNSPECIFIED.,.F.,.F.,.F.,(2,2),(3,1,1,3),(0.,12.171572875254),(
    -1.183700259966,-0.5,11.671572875254,12.355273135219),
  .UNSPECIFIED.);
#1501 = CARTESIAN_POINT('',(6.769486697592,6.5,10.));
#1502 = CARTESIAN_POINT('',(6.42763656761,6.5,10.));
#1503 = CARTESIAN_POINT('',(3.55E-15,6.5,10.));
#1504 = CARTESIAN_POINT('',(-6.42763656761,6.5,10.));
#1505 = CARTESIAN_POINT('',(-6.769486697592,6.5,10.));
#1506 = CARTESIAN_POINT('',(6.769486697592,7.102758617143,9.510673251699
    ));
#1507 = CARTESIAN_POINT('',(6.42763656761,7.102758617143,9.510673251699)
  );
#1508 = CARTESIAN_POINT('',(3.55E-15,7.102758617143,9.510673251699));
#1509 = CARTESIAN_POINT('',(-6.42763656761,7.102758617143,9.510673251699
    ));
#1510 = CARTESIAN_POINT('',(-6.769486697592,7.102758617143,
    9.510673251699));
#1511 = ADVANCED_FACE('',(#1512),#1525,.T.);
#1512 = FACE_BOUND('',#1513,.F.);
#1513 = EDGE_LOOP('',(#1514,#1515,#1516,#1524));
#1514 = ORIENTED_EDGE('',*,*,#372,.F.);
#1515 = ORIENTED_EDGE('',*,*,#469,.T.);
#1516 = ORIENTED_EDGE('',*,*,#1517,.T.);
#1517 = EDGE_CURVE('',#470,#1183,#1518,.T.);
#1518 = B_SPLINE_CURVE_WITH_KNOTS('',4,(#1519,#1520,#1521,#1522,#1523),
  .UNSPECIFIED.,.F.,.F.,(5,5),(0.,1.),.PIECEWISE_BEZIER_KNOTS.);
#1519 = CARTESIAN_POINT('',(6.5,-5.37867965644,10.));
#1520 = CARTESIAN_POINT('',(6.647604678651,-5.458179125007,
    9.880172733522));
#1521 = CARTESIAN_POINT('',(6.795209357302,-5.537678593573,
    9.760345467044));
#1522 = CARTESIAN_POINT('',(6.942814035953,-5.617178062139,
    9.640518200566));
#1523 = CARTESIAN_POINT('',(7.090418714604,-5.696677530706,
    9.520690934088));
#1524 = ORIENTED_EDGE('',*,*,#1192,.F.);
#1525 = PLANE('',#1526);
#1526 = AXIS2_PLACEMENT_3D('',#1527,#1528,#1529);
#1527 = CARTESIAN_POINT('',(5.459337194251,-6.873550756624,
    9.760345467044));
#1528 = DIRECTION('',(0.422878510844,-0.422878510844,0.80146586336));
#1529 = DIRECTION('',(-0.707106781187,-0.707106781187,2.775557561563E-17
    ));
#1530 = ADVANCED_FACE('',(#1531),#1546,.T.);
#1531 = FACE_BOUND('',#1532,.T.);
#1532 = EDGE_LOOP('',(#1533,#1534,#1535,#1536,#1537,#1545));
#1533 = ORIENTED_EDGE('',*,*,#1517,.T.);
#1534 = ORIENTED_EDGE('',*,*,#1182,.T.);
#1535 = ORIENTED_EDGE('',*,*,#1216,.T.);
#1536 = ORIENTED_EDGE('',*,*,#1259,.F.);
#1537 = ORIENTED_EDGE('',*,*,#1538,.F.);
#1538 = EDGE_CURVE('',#478,#1252,#1539,.T.);
#1539 = B_SPLINE_CURVE_WITH_KNOTS('',4,(#1540,#1541,#1542,#1543,#1544),
  .UNSPECIFIED.,.F.,.F.,(5,5),(0.,1.),.PIECEWISE_BEZIER_KNOTS.);
#1540 = CARTESIAN_POINT('',(6.5,5.37867965644,10.));
#1541 = CARTESIAN_POINT('',(6.647604678651,5.458179125007,9.880172733522
    ));
#1542 = CARTESIAN_POINT('',(6.795209357302,5.537678593573,9.760345467044
    ));
#1543 = CARTESIAN_POINT('',(6.942814035953,5.617178062139,9.640518200566
    ));
#1544 = CARTESIAN_POINT('',(7.090418714604,5.696677530706,9.520690934088
    ));
#1545 = ORIENTED_EDGE('',*,*,#477,.F.);
#1546 = B_SPLINE_SURFACE_WITH_KNOTS('',1,2,(
    (#1547,#1548,#1549,#1550,#1551)
    ,(#1552,#1553,#1554,#1555,#1556
    )),.UNSPECIFIED.,.F.,.F.,.F.,(2,2),(3,1,1,3),(0.,12.171572875254),(
    -1.183700259966,-0.5,11.671572875254,12.355273135219),
  .UNSPECIFIED.);
#1547 = CARTESIAN_POINT('',(6.5,-6.769486697592,10.));
#1548 = CARTESIAN_POINT('',(6.5,-6.42763656761,10.));
#1549 = CARTESIAN_POINT('',(6.5,0.,10.));
#1550 = CARTESIAN_POINT('',(6.5,6.42763656761,10.));
#1551 = CARTESIAN_POINT('',(6.5,6.769486697592,10.));
#1552 = CARTESIAN_POINT('',(7.102758617143,-6.769486697592,
    9.510673251699));
#1553 = CARTESIAN_POINT('',(7.102758617143,-6.42763656761,9.510673251699
    ));
#1554 = CARTESIAN_POINT('',(7.102758617143,0.,9.510673251699));
#1555 = CARTESIAN_POINT('',(7.102758617143,6.42763656761,9.510673251699)
  );
#1556 = CARTESIAN_POINT('',(7.102758617143,6.769486697592,9.510673251699
    ));
#1557 = ADVANCED_FACE('',(#1558),#1564,.T.);
#1558 = FACE_BOUND('',#1559,.F.);
#1559 = EDGE_LOOP('',(#1560,#1561,#1562,#1563));
#1560 = ORIENTED_EDGE('',*,*,#1538,.F.);
#1561 = ORIENTED_EDGE('',*,*,#487,.T.);
#1562 = ORIENTED_EDGE('',*,*,#1488,.T.);
#1563 = ORIENTED_EDGE('',*,*,#1251,.F.);
#1564 = PLANE('',#1565);
#1565 = AXIS2_PLACEMENT_3D('',#1566,#1567,#1568);
#1566 = CARTESIAN_POINT('',(6.873550756624,5.459337194251,9.760345467044
    ));
#1567 = DIRECTION('',(0.422878510844,0.422878510844,0.80146586336));
#1568 = DIRECTION('',(0.707106781187,-0.707106781187,-8.326672684689E-17
    ));
#1569 = ADVANCED_FACE('',(#1570),#1595,.T.);
#1570 = FACE_BOUND('',#1571,.T.);
#1571 = EDGE_LOOP('',(#1572,#1580,#1588,#1594));
#1572 = ORIENTED_EDGE('',*,*,#1573,.T.);
#1573 = EDGE_CURVE('',#510,#1574,#1576,.T.);
#1574 = VERTEX_POINT('',#1575);
#1575 = CARTESIAN_POINT('',(4.133011769436,-5.769732937685,9.6));
#1576 = LINE('',#1577,#1578);
#1577 = CARTESIAN_POINT('',(4.133011769436,-5.769732937685,10.));
#1578 = VECTOR('',#1579,1.);
#1579 = DIRECTION('',(-0.,-0.,-1.));
#1580 = ORIENTED_EDGE('',*,*,#1581,.T.);
#1581 = EDGE_CURVE('',#1574,#1582,#1584,.T.);
#1582 = VERTEX_POINT('',#1583);
#1583 = CARTESIAN_POINT('',(3.725556279822,-5.769732937685,9.6));
#1584 = LINE('',#1585,#1586);
#1585 = CARTESIAN_POINT('',(4.133011769436,-5.769732937685,9.6));
#1586 = VECTOR('',#1587,1.);
#1587 = DIRECTION('',(-1.,0.,0.));
#1588 = ORIENTED_EDGE('',*,*,#1589,.F.);
#1589 = EDGE_CURVE('',#512,#1582,#1590,.T.);
#1590 = LINE('',#1591,#1592);
#1591 = CARTESIAN_POINT('',(3.725556279822,-5.769732937685,10.));
#1592 = VECTOR('',#1593,1.);
#1593 = DIRECTION('',(-0.,-0.,-1.));
#1594 = ORIENTED_EDGE('',*,*,#509,.F.);
#1595 = PLANE('',#1596);
#1596 = AXIS2_PLACEMENT_3D('',#1597,#1598,#1599);
#1597 = CARTESIAN_POINT('',(4.133011769436,-5.769732937685,10.));
#1598 = DIRECTION('',(0.,1.,0.));
#1599 = DIRECTION('',(-1.,0.,0.));
#1600 = ADVANCED_FACE('',(#1601),#1619,.T.);
#1601 = FACE_BOUND('',#1602,.T.);
#1602 = EDGE_LOOP('',(#1603,#1611,#1617,#1618));
#1603 = ORIENTED_EDGE('',*,*,#1604,.T.);
#1604 = EDGE_CURVE('',#944,#1605,#1607,.T.);
#1605 = VERTEX_POINT('',#1606);
#1606 = CARTESIAN_POINT('',(4.230378238279,-5.729859050445,9.6));
#1607 = LINE('',#1608,#1609);
#1608 = CARTESIAN_POINT('',(4.230378238279,-5.729859050445,10.));
#1609 = VECTOR('',#1610,1.);
#1610 = DIRECTION('',(-0.,-0.,-1.));
#1611 = ORIENTED_EDGE('',*,*,#1612,.T.);
#1612 = EDGE_CURVE('',#1605,#1574,#1613,.T.);
#1613 = B_SPLINE_CURVE_WITH_KNOTS('',2,(#1614,#1615,#1616),
  .UNSPECIFIED.,.F.,.F.,(3,3),(0.,1.),.PIECEWISE_BEZIER_KNOTS.);
#1614 = CARTESIAN_POINT('',(4.230378238279,-5.729859050445,9.6));
#1615 = CARTESIAN_POINT('',(4.190318891098,-5.769732937685,9.6));
#1616 = CARTESIAN_POINT('',(4.133011769436,-5.769732937685,9.6));
#1617 = ORIENTED_EDGE('',*,*,#1573,.F.);
#1618 = ORIENTED_EDGE('',*,*,#951,.F.);
#1619 = SURFACE_OF_LINEAR_EXTRUSION('',#1620,#1624);
#1620 = B_SPLINE_CURVE_WITH_KNOTS('',2,(#1621,#1622,#1623),
  .UNSPECIFIED.,.F.,.F.,(3,3),(0.,1.),.PIECEWISE_BEZIER_KNOTS.);
#1621 = CARTESIAN_POINT('',(4.230378238279,-5.729859050445,10.));
#1622 = CARTESIAN_POINT('',(4.190318891098,-5.769732937685,10.));
#1623 = CARTESIAN_POINT('',(4.133011769436,-5.769732937685,10.));
#1624 = VECTOR('',#1625,1.);
#1625 = DIRECTION('',(0.,0.,1.));
#1626 = ADVANCED_FACE('',(#1627),#1645,.T.);
#1627 = FACE_BOUND('',#1628,.T.);
#1628 = EDGE_LOOP('',(#1629,#1637,#1643,#1644));
#1629 = ORIENTED_EDGE('',*,*,#1630,.T.);
#1630 = EDGE_CURVE('',#936,#1631,#1633,.T.);
#1631 = VERTEX_POINT('',#1632);
#1632 = CARTESIAN_POINT('',(4.270623045401,-5.627485163205,9.6));
#1633 = LINE('',#1634,#1635);
#1634 = CARTESIAN_POINT('',(4.270623045401,-5.627485163205,10.));
#1635 = VECTOR('',#1636,1.);
#1636 = DIRECTION('',(-0.,-0.,-1.));
#1637 = ORIENTED_EDGE('',*,*,#1638,.T.);
#1638 = EDGE_CURVE('',#1631,#1605,#1639,.T.);
#1639 = B_SPLINE_CURVE_WITH_KNOTS('',2,(#1640,#1641,#1642),
  .UNSPECIFIED.,.F.,.F.,(3,3),(0.,1.),.PIECEWISE_BEZIER_KNOTS.);
#1640 = CARTESIAN_POINT('',(4.270623045401,-5.627485163205,9.6));
#1641 = CARTESIAN_POINT('',(4.270623045401,-5.689985163205,9.6));
#1642 = CARTESIAN_POINT('',(4.230378238279,-5.729859050445,9.6));
#1643 = ORIENTED_EDGE('',*,*,#1604,.F.);
#1644 = ORIENTED_EDGE('',*,*,#943,.F.);
#1645 = SURFACE_OF_LINEAR_EXTRUSION('',#1646,#1650);
#1646 = B_SPLINE_CURVE_WITH_KNOTS('',2,(#1647,#1648,#1649),
  .UNSPECIFIED.,.F.,.F.,(3,3),(0.,1.),.PIECEWISE_BEZIER_KNOTS.);
#1647 = CARTESIAN_POINT('',(4.270623045401,-5.627485163205,10.));
#1648 = CARTESIAN_POINT('',(4.270623045401,-5.689985163205,10.));
#1649 = CARTESIAN_POINT('',(4.230378238279,-5.729859050445,10.));
#1650 = VECTOR('',#1651,1.);
#1651 = DIRECTION('',(0.,0.,1.));
#1652 = ADVANCED_FACE('',(#1653),#1671,.T.);
#1653 = FACE_BOUND('',#1654,.T.);
#1654 = EDGE_LOOP('',(#1655,#1663,#1669,#1670));
#1655 = ORIENTED_EDGE('',*,*,#1656,.T.);
#1656 = EDGE_CURVE('',#928,#1657,#1659,.T.);
#1657 = VERTEX_POINT('',#1658);
#1658 = CARTESIAN_POINT('',(4.270623045401,-5.234866468843,9.6));
#1659 = LINE('',#1660,#1661);
#1660 = CARTESIAN_POINT('',(4.270623045401,-5.234866468843,10.));
#1661 = VECTOR('',#1662,1.);
#1662 = DIRECTION('',(-0.,-0.,-1.));
#1663 = ORIENTED_EDGE('',*,*,#1664,.T.);
#1664 = EDGE_CURVE('',#1657,#1631,#1665,.T.);
#1665 = LINE('',#1666,#1667);
#1666 = CARTESIAN_POINT('',(4.270623045401,-5.234866468843,9.6));
#1667 = VECTOR('',#1668,1.);
#1668 = DIRECTION('',(0.,-1.,0.));
#1669 = ORIENTED_EDGE('',*,*,#1630,.F.);
#1670 = ORIENTED_EDGE('',*,*,#935,.F.);
#1671 = PLANE('',#1672);
#1672 = AXIS2_PLACEMENT_3D('',#1673,#1674,#1675);
#1673 = CARTESIAN_POINT('',(4.270623045401,-5.234866468843,10.));
#1674 = DIRECTION('',(-1.,0.,0.));
#1675 = DIRECTION('',(0.,-1.,0.));
#1676 = ADVANCED_FACE('',(#1677),#1695,.T.);
#1677 = FACE_BOUND('',#1678,.T.);
#1678 = EDGE_LOOP('',(#1679,#1687,#1693,#1694));
#1679 = ORIENTED_EDGE('',*,*,#1680,.T.);
#1680 = EDGE_CURVE('',#920,#1681,#1683,.T.);
#1681 = VERTEX_POINT('',#1682);
#1682 = CARTESIAN_POINT('',(4.97221800089,-5.028820474777,9.6));
#1683 = LINE('',#1684,#1685);
#1684 = CARTESIAN_POINT('',(4.97221800089,-5.028820474777,10.));
#1685 = VECTOR('',#1686,1.);
#1686 = DIRECTION('',(-0.,-0.,-1.));
#1687 = ORIENTED_EDGE('',*,*,#1688,.T.);
#1688 = EDGE_CURVE('',#1681,#1657,#1689,.T.);
#1689 = B_SPLINE_CURVE_WITH_KNOTS('',2,(#1690,#1691,#1692),
  .UNSPECIFIED.,.F.,.F.,(3,3),(0.,1.),.PIECEWISE_BEZIER_KNOTS.);
#1690 = CARTESIAN_POINT('',(4.97221800089,-5.028820474777,9.6));
#1691 = CARTESIAN_POINT('',(4.67399841632,-5.183308605341,9.6));
#1692 = CARTESIAN_POINT('',(4.270623045401,-5.234866468843,9.6));
#1693 = ORIENTED_EDGE('',*,*,#1656,.F.);
#1694 = ORIENTED_EDGE('',*,*,#927,.F.);
#1695 = SURFACE_OF_LINEAR_EXTRUSION('',#1696,#1700);
#1696 = B_SPLINE_CURVE_WITH_KNOTS('',2,(#1697,#1698,#1699),
  .UNSPECIFIED.,.F.,.F.,(3,3),(0.,1.),.PIECEWISE_BEZIER_KNOTS.);
#1697 = CARTESIAN_POINT('',(4.97221800089,-5.028820474777,10.));
#1698 = CARTESIAN_POINT('',(4.67399841632,-5.183308605341,10.));
#1699 = CARTESIAN_POINT('',(4.270623045401,-5.234866468843,10.));
#1700 = VECTOR('',#1701,1.);
#1701 = DIRECTION('',(0.,0.,1.));
#1702 = ADVANCED_FACE('',(#1703),#1721,.T.);
#1703 = FACE_BOUND('',#1704,.T.);
#1704 = EDGE_LOOP('',(#1705,#1713,#1719,#1720));
#1705 = ORIENTED_EDGE('',*,*,#1706,.T.);
#1706 = EDGE_CURVE('',#912,#1707,#1709,.T.);
#1707 = VERTEX_POINT('',#1708);
#1708 = CARTESIAN_POINT('',(5.4353114727,-4.619695845697,9.6));
#1709 = LINE('',#1710,#1711);
#1710 = CARTESIAN_POINT('',(5.4353114727,-4.619695845697,10.));
#1711 = VECTOR('',#1712,1.);
#1712 = DIRECTION('',(-0.,-0.,-1.));
#1713 = ORIENTED_EDGE('',*,*,#1714,.T.);
#1714 = EDGE_CURVE('',#1707,#1681,#1715,.T.);
#1715 = B_SPLINE_CURVE_WITH_KNOTS('',2,(#1716,#1717,#1718),
  .UNSPECIFIED.,.F.,.F.,(3,3),(0.,1.),.PIECEWISE_BEZIER_KNOTS.);
#1716 = CARTESIAN_POINT('',(5.4353114727,-4.619695845697,9.6));
#1717 = CARTESIAN_POINT('',(5.270623045401,-4.874332344214,9.6));
#1718 = CARTESIAN_POINT('',(4.97221800089,-5.028820474777,9.6));
#1719 = ORIENTED_EDGE('',*,*,#1680,.F.);
#1720 = ORIENTED_EDGE('',*,*,#919,.F.);
#1721 = SURFACE_OF_LINEAR_EXTRUSION('',#1722,#1726);
#1722 = B_SPLINE_CURVE_WITH_KNOTS('',2,(#1723,#1724,#1725),
  .UNSPECIFIED.,.F.,.F.,(3,3),(0.,1.),.PIECEWISE_BEZIER_KNOTS.);
#1723 = CARTESIAN_POINT('',(5.4353114727,-4.619695845697,10.));
#1724 = CARTESIAN_POINT('',(5.270623045401,-4.874332344214,10.));
#1725 = CARTESIAN_POINT('',(4.97221800089,-5.028820474777,10.));
#1726 = VECTOR('',#1727,1.);
#1727 = DIRECTION('',(0.,0.,1.));
#1728 = ADVANCED_FACE('',(#1729),#1747,.T.);
#1729 = FACE_BOUND('',#1730,.T.);
#1730 = EDGE_LOOP('',(#1731,#1739,#1745,#1746));
#1731 = ORIENTED_EDGE('',*,*,#1732,.T.);
#1732 = EDGE_CURVE('',#904,#1733,#1735,.T.);
#1733 = VERTEX_POINT('',#1734);
#1734 = CARTESIAN_POINT('',(5.5999999,-4.033271513353,9.6));
#1735 = LINE('',#1736,#1737);
#1736 = CARTESIAN_POINT('',(5.5999999,-4.033271513353,10.));
#1737 = VECTOR('',#1738,1.);
#1738 = DIRECTION('',(-0.,-0.,-1.));
#1739 = ORIENTED_EDGE('',*,*,#1740,.T.);
#1740 = EDGE_CURVE('',#1733,#1707,#1741,.T.);
#1741 = B_SPLINE_CURVE_WITH_KNOTS('',2,(#1742,#1743,#1744),
  .UNSPECIFIED.,.F.,.F.,(3,3),(0.,1.),.PIECEWISE_BEZIER_KNOTS.);
#1742 = CARTESIAN_POINT('',(5.5999999,-4.033271513353,9.6));
#1743 = CARTESIAN_POINT('',(5.5999999,-4.365059347181,9.6));
#1744 = CARTESIAN_POINT('',(5.4353114727,-4.619695845697,9.6));
#1745 = ORIENTED_EDGE('',*,*,#1706,.F.);
#1746 = ORIENTED_EDGE('',*,*,#911,.F.);
#1747 = SURFACE_OF_LINEAR_EXTRUSION('',#1748,#1752);
#1748 = B_SPLINE_CURVE_WITH_KNOTS('',2,(#1749,#1750,#1751),
  .UNSPECIFIED.,.F.,.F.,(3,3),(0.,1.),.PIECEWISE_BEZIER_KNOTS.);
#1749 = CARTESIAN_POINT('',(5.5999999,-4.033271513353,10.));
#1750 = CARTESIAN_POINT('',(5.5999999,-4.365059347181,10.));
#1751 = CARTESIAN_POINT('',(5.4353114727,-4.619695845697,10.));
#1752 = VECTOR('',#1753,1.);
#1753 = DIRECTION('',(0.,0.,1.));
#1754 = ADVANCED_FACE('',(#1755),#1773,.T.);
#1755 = FACE_BOUND('',#1756,.T.);
#1756 = EDGE_LOOP('',(#1757,#1765,#1771,#1772));
#1757 = ORIENTED_EDGE('',*,*,#1758,.T.);
#1758 = EDGE_CURVE('',#896,#1759,#1761,.T.);
#1759 = VERTEX_POINT('',#1760);
#1760 = CARTESIAN_POINT('',(5.454970226409,-3.46409495549,9.6));
#1761 = LINE('',#1762,#1763);
#1762 = CARTESIAN_POINT('',(5.454970226409,-3.46409495549,10.));
#1763 = VECTOR('',#1764,1.);
#1764 = DIRECTION('',(-0.,-0.,-1.));
#1765 = ORIENTED_EDGE('',*,*,#1766,.T.);
#1766 = EDGE_CURVE('',#1759,#1733,#1767,.T.);
#1767 = B_SPLINE_CURVE_WITH_KNOTS('',2,(#1768,#1769,#1770),
  .UNSPECIFIED.,.F.,.F.,(3,3),(0.,1.),.PIECEWISE_BEZIER_KNOTS.);
#1768 = CARTESIAN_POINT('',(5.454970226409,-3.46409495549,9.6));
#1769 = CARTESIAN_POINT('',(5.5999999,-3.690170623145,9.6));
#1770 = CARTESIAN_POINT('',(5.5999999,-4.033271513353,9.6));
#1771 = ORIENTED_EDGE('',*,*,#1732,.F.);
#1772 = ORIENTED_EDGE('',*,*,#903,.F.);
#1773 = SURFACE_OF_LINEAR_EXTRUSION('',#1774,#1778);
#1774 = B_SPLINE_CURVE_WITH_KNOTS('',2,(#1775,#1776,#1777),
  .UNSPECIFIED.,.F.,.F.,(3,3),(0.,1.),.PIECEWISE_BEZIER_KNOTS.);
#1775 = CARTESIAN_POINT('',(5.454970226409,-3.46409495549,10.));
#1776 = CARTESIAN_POINT('',(5.5999999,-3.690170623145,10.));
#1777 = CARTESIAN_POINT('',(5.5999999,-4.033271513353,10.));
#1778 = VECTOR('',#1779,1.);
#1779 = DIRECTION('',(0.,0.,1.));
#1780 = ADVANCED_FACE('',(#1781),#1799,.T.);
#1781 = FACE_BOUND('',#1782,.T.);
#1782 = EDGE_LOOP('',(#1783,#1791,#1797,#1798));
#1783 = ORIENTED_EDGE('',*,*,#1784,.T.);
#1784 = EDGE_CURVE('',#888,#1785,#1787,.T.);
#1785 = VERTEX_POINT('',#1786);
#1786 = CARTESIAN_POINT('',(4.997255092878,-3.095215133531,9.6));
#1787 = LINE('',#1788,#1789);
#1788 = CARTESIAN_POINT('',(4.997255092878,-3.095215133531,10.));
#1789 = VECTOR('',#1790,1.);
#1790 = DIRECTION('',(-0.,-0.,-1.));
#1791 = ORIENTED_EDGE('',*,*,#1792,.T.);
#1792 = EDGE_CURVE('',#1785,#1759,#1793,.T.);
#1793 = B_SPLINE_CURVE_WITH_KNOTS('',2,(#1794,#1795,#1796),
  .UNSPECIFIED.,.F.,.F.,(3,3),(0.,1.),.PIECEWISE_BEZIER_KNOTS.);
#1794 = CARTESIAN_POINT('',(4.997255092878,-3.095215133531,9.6));
#1795 = CARTESIAN_POINT('',(5.31012601276,-3.238019287834,9.6));
#1796 = CARTESIAN_POINT('',(5.454970226409,-3.46409495549,9.6));
#1797 = ORIENTED_EDGE('',*,*,#1758,.F.);
#1798 = ORIENTED_EDGE('',*,*,#895,.F.);
#1799 = SURFACE_OF_LINEAR_EXTRUSION('',#1800,#1804);
#1800 = B_SPLINE_CURVE_WITH_KNOTS('',2,(#1801,#1802,#1803),
  .UNSPECIFIED.,.F.,.F.,(3,3),(0.,1.),.PIECEWISE_BEZIER_KNOTS.);
#1801 = CARTESIAN_POINT('',(4.997255092878,-3.095215133531,10.));
#1802 = CARTESIAN_POINT('',(5.31012601276,-3.238019287834,10.));
#1803 = CARTESIAN_POINT('',(5.454970226409,-3.46409495549,10.));
#1804 = VECTOR('',#1805,1.);
#1805 = DIRECTION('',(0.,0.,1.));
#1806 = ADVANCED_FACE('',(#1807),#1825,.T.);
#1807 = FACE_BOUND('',#1808,.T.);
#1808 = EDGE_LOOP('',(#1809,#1817,#1823,#1824));
#1809 = ORIENTED_EDGE('',*,*,#1810,.T.);
#1810 = EDGE_CURVE('',#880,#1811,#1813,.T.);
#1811 = VERTEX_POINT('',#1812);
#1812 = CARTESIAN_POINT('',(4.184198713056,-2.849109792285,9.6));
#1813 = LINE('',#1814,#1815);
#1814 = CARTESIAN_POINT('',(4.184198713056,-2.849109792285,10.));
#1815 = VECTOR('',#1816,1.);
#1816 = DIRECTION('',(-0.,-0.,-1.));
#1817 = ORIENTED_EDGE('',*,*,#1818,.T.);
#1818 = EDGE_CURVE('',#1811,#1785,#1819,.T.);
#1819 = B_SPLINE_CURVE_WITH_KNOTS('',2,(#1820,#1821,#1822),
  .UNSPECIFIED.,.F.,.F.,(3,3),(0.,1.),.PIECEWISE_BEZIER_KNOTS.);
#1820 = CARTESIAN_POINT('',(4.184198713056,-2.849109792285,9.6));
#1821 = CARTESIAN_POINT('',(4.684569632938,-2.952225519288,9.6));
#1822 = CARTESIAN_POINT('',(4.997255092878,-3.095215133531,9.6));
#1823 = ORIENTED_EDGE('',*,*,#1784,.F.);
#1824 = ORIENTED_EDGE('',*,*,#887,.F.);
#1825 = SURFACE_OF_LINEAR_EXTRUSION('',#1826,#1830);
#1826 = B_SPLINE_CURVE_WITH_KNOTS('',2,(#1827,#1828,#1829),
  .UNSPECIFIED.,.F.,.F.,(3,3),(0.,1.),.PIECEWISE_BEZIER_KNOTS.);
#1827 = CARTESIAN_POINT('',(4.184198713056,-2.849109792285,10.));
#1828 = CARTESIAN_POINT('',(4.684569632938,-2.952225519288,10.));
#1829 = CARTESIAN_POINT('',(4.997255092878,-3.095215133531,10.));
#1830 = VECTOR('',#1831,1.);
#1831 = DIRECTION('',(0.,0.,1.));
#1832 = ADVANCED_FACE('',(#1833),#1851,.T.);
#1833 = FACE_BOUND('',#1834,.T.);
#1834 = EDGE_LOOP('',(#1835,#1843,#1849,#1850));
#1835 = ORIENTED_EDGE('',*,*,#1836,.T.);
#1836 = EDGE_CURVE('',#872,#1837,#1839,.T.);
#1837 = VERTEX_POINT('',#1838);
#1838 = CARTESIAN_POINT('',(3.661016220475,-2.691839762611,9.6));
#1839 = LINE('',#1840,#1841);
#1840 = CARTESIAN_POINT('',(3.661016220475,-2.691839762611,10.));
#1841 = VECTOR('',#1842,1.);
#1842 = DIRECTION('',(-0.,-0.,-1.));
#1843 = ORIENTED_EDGE('',*,*,#1844,.T.);
#1844 = EDGE_CURVE('',#1837,#1811,#1845,.T.);
#1845 = B_SPLINE_CURVE_WITH_KNOTS('',2,(#1846,#1847,#1848),
  .UNSPECIFIED.,.F.,.F.,(3,3),(0.,1.),.PIECEWISE_BEZIER_KNOTS.);
#1846 = CARTESIAN_POINT('',(3.661016220475,-2.691839762611,9.6));
#1847 = CARTESIAN_POINT('',(3.854450938576,-2.763427299703,9.6));
#1848 = CARTESIAN_POINT('',(4.184198713056,-2.849109792285,9.6));
#1849 = ORIENTED_EDGE('',*,*,#1810,.F.);
#1850 = ORIENTED_EDGE('',*,*,#879,.F.);
#1851 = SURFACE_OF_LINEAR_EXTRUSION('',#1852,#1856);
#1852 = B_SPLINE_CURVE_WITH_KNOTS('',2,(#1853,#1854,#1855),
  .UNSPECIFIED.,.F.,.F.,(3,3),(0.,1.),.PIECEWISE_BEZIER_KNOTS.);
#1853 = CARTESIAN_POINT('',(3.661016220475,-2.691839762611,10.));
#1854 = CARTESIAN_POINT('',(3.854450938576,-2.763427299703,10.));
#1855 = CARTESIAN_POINT('',(4.184198713056,-2.849109792285,10.));
#1856 = VECTOR('',#1857,1.);
#1857 = DIRECTION('',(0.,0.,1.));
#1858 = ADVANCED_FACE('',(#1859),#1877,.T.);
#1859 = FACE_BOUND('',#1860,.T.);
#1860 = EDGE_LOOP('',(#1861,#1869,#1875,#1876));
#1861 = ORIENTED_EDGE('',*,*,#1862,.T.);
#1862 = EDGE_CURVE('',#864,#1863,#1865,.T.);
#1863 = VERTEX_POINT('',#1864);
#1864 = CARTESIAN_POINT('',(3.382455389614,-2.525853115727,9.6));
#1865 = LINE('',#1866,#1867);
#1866 = CARTESIAN_POINT('',(3.382455389614,-2.525853115727,10.));
#1867 = VECTOR('',#1868,1.);
#1868 = DIRECTION('',(-0.,-0.,-1.));
#1869 = ORIENTED_EDGE('',*,*,#1870,.T.);
#1870 = EDGE_CURVE('',#1863,#1837,#1871,.T.);
#1871 = B_SPLINE_CURVE_WITH_KNOTS('',2,(#1872,#1873,#1874),
  .UNSPECIFIED.,.F.,.F.,(3,3),(0.,1.),.PIECEWISE_BEZIER_KNOTS.);
#1872 = CARTESIAN_POINT('',(3.382455389614,-2.525853115727,9.6));
#1873 = CARTESIAN_POINT('',(3.467766962315,-2.620252225519,9.6));
#1874 = CARTESIAN_POINT('',(3.661016220475,-2.691839762611,9.6));
#1875 = ORIENTED_EDGE('',*,*,#1836,.F.);
#1876 = ORIENTED_EDGE('',*,*,#871,.F.);
#1877 = SURFACE_OF_LINEAR_EXTRUSION('',#1878,#1882);
#1878 = B_SPLINE_CURVE_WITH_KNOTS('',2,(#1879,#1880,#1881),
  .UNSPECIFIED.,.F.,.F.,(3,3),(0.,1.),.PIECEWISE_BEZIER_KNOTS.);
#1879 = CARTESIAN_POINT('',(3.382455389614,-2.525853115727,10.));
#1880 = CARTESIAN_POINT('',(3.467766962315,-2.620252225519,10.));
#1881 = CARTESIAN_POINT('',(3.661016220475,-2.691839762611,10.));
#1882 = VECTOR('',#1883,1.);
#1883 = DIRECTION('',(0.,0.,1.));
#1884 = ADVANCED_FACE('',(#1885),#1903,.T.);
#1885 = FACE_BOUND('',#1886,.T.);
#1886 = EDGE_LOOP('',(#1887,#1895,#1901,#1902));
#1887 = ORIENTED_EDGE('',*,*,#1888,.T.);
#1888 = EDGE_CURVE('',#856,#1889,#1891,.T.);
#1889 = VERTEX_POINT('',#1890);
#1890 = CARTESIAN_POINT('',(3.297329276855,-2.294213649852,9.6));
#1891 = LINE('',#1892,#1893);
#1892 = CARTESIAN_POINT('',(3.297329276855,-2.294213649852,10.));
#1893 = VECTOR('',#1894,1.);
#1894 = DIRECTION('',(-0.,-0.,-1.));
#1895 = ORIENTED_EDGE('',*,*,#1896,.T.);
#1896 = EDGE_CURVE('',#1889,#1863,#1897,.T.);
#1897 = B_SPLINE_CURVE_WITH_KNOTS('',2,(#1898,#1899,#1900),
  .UNSPECIFIED.,.F.,.F.,(3,3),(0.,1.),.PIECEWISE_BEZIER_KNOTS.);
#1898 = CARTESIAN_POINT('',(3.297329276855,-2.294213649852,9.6));
#1899 = CARTESIAN_POINT('',(3.297329276855,-2.431454005935,9.6));
#1900 = CARTESIAN_POINT('',(3.382455389614,-2.525853115727,9.6));
#1901 = ORIENTED_EDGE('',*,*,#1862,.F.);
#1902 = ORIENTED_EDGE('',*,*,#863,.F.);
#1903 = SURFACE_OF_LINEAR_EXTRUSION('',#1904,#1908);
#1904 = B_SPLINE_CURVE_WITH_KNOTS('',2,(#1905,#1906,#1907),
  .UNSPECIFIED.,.F.,.F.,(3,3),(0.,1.),.PIECEWISE_BEZIER_KNOTS.);
#1905 = CARTESIAN_POINT('',(3.297329276855,-2.294213649852,10.));
#1906 = CARTESIAN_POINT('',(3.297329276855,-2.431454005935,10.));
#1907 = CARTESIAN_POINT('',(3.382455389614,-2.525853115727,10.));
#1908 = VECTOR('',#1909,1.);
#1909 = DIRECTION('',(0.,0.,1.));
#1910 = ADVANCED_FACE('',(#1911),#1929,.T.);
#1911 = FACE_BOUND('',#1912,.T.);
#1912 = EDGE_LOOP('',(#1913,#1921,#1927,#1928));
#1913 = ORIENTED_EDGE('',*,*,#1914,.T.);
#1914 = EDGE_CURVE('',#848,#1915,#1917,.T.);
#1915 = VERTEX_POINT('',#1916);
#1916 = CARTESIAN_POINT('',(3.461646784273,-1.979673590504,9.6));
#1917 = LINE('',#1918,#1919);
#1918 = CARTESIAN_POINT('',(3.461646784273,-1.979673590504,10.));
#1919 = VECTOR('',#1920,1.);
#1920 = DIRECTION('',(-0.,-0.,-1.));
#1921 = ORIENTED_EDGE('',*,*,#1922,.T.);
#1922 = EDGE_CURVE('',#1915,#1889,#1923,.T.);
#1923 = B_SPLINE_CURVE_WITH_KNOTS('',2,(#1924,#1925,#1926),
  .UNSPECIFIED.,.F.,.F.,(3,3),(0.,1.),.PIECEWISE_BEZIER_KNOTS.);
#1924 = CARTESIAN_POINT('',(3.461646784273,-1.979673590504,9.6));
#1925 = CARTESIAN_POINT('',(3.297329276855,-2.082603857567,9.6));
#1926 = CARTESIAN_POINT('',(3.297329276855,-2.294213649852,9.6));
#1927 = ORIENTED_EDGE('',*,*,#1888,.F.);
#1928 = ORIENTED_EDGE('',*,*,#855,.F.);
#1929 = SURFACE_OF_LINEAR_EXTRUSION('',#1930,#1934);
#1930 = B_SPLINE_CURVE_WITH_KNOTS('',2,(#1931,#1932,#1933),
  .UNSPECIFIED.,.F.,.F.,(3,3),(0.,1.),.PIECEWISE_BEZIER_KNOTS.);
#1931 = CARTESIAN_POINT('',(3.461646784273,-1.979673590504,10.));
#1932 = CARTESIAN_POINT('',(3.297329276855,-2.082603857567,10.));
#1933 = CARTESIAN_POINT('',(3.297329276855,-2.294213649852,10.));
#1934 = VECTOR('',#1935,1.);
#1935 = DIRECTION('',(0.,0.,1.));
#1936 = ADVANCED_FACE('',(#1937),#1955,.T.);
#1937 = FACE_BOUND('',#1938,.T.);
#1938 = EDGE_LOOP('',(#1939,#1947,#1953,#1954));
#1939 = ORIENTED_EDGE('',*,*,#1940,.T.);
#1940 = EDGE_CURVE('',#840,#1941,#1943,.T.);
#1941 = VERTEX_POINT('',#1942);
#1942 = CARTESIAN_POINT('',(3.90396874273,-1.876557863501,9.6));
#1943 = LINE('',#1944,#1945);
#1944 = CARTESIAN_POINT('',(3.90396874273,-1.876557863501,10.));
#1945 = VECTOR('',#1946,1.);
#1946 = DIRECTION('',(-0.,-0.,-1.));
#1947 = ORIENTED_EDGE('',*,*,#1948,.T.);
#1948 = EDGE_CURVE('',#1941,#1915,#1949,.T.);
#1949 = B_SPLINE_CURVE_WITH_KNOTS('',2,(#1950,#1951,#1952),
  .UNSPECIFIED.,.F.,.F.,(3,3),(0.,1.),.PIECEWISE_BEZIER_KNOTS.);
#1950 = CARTESIAN_POINT('',(3.90396874273,-1.876557863501,9.6));
#1951 = CARTESIAN_POINT('',(3.626149751632,-1.876557863501,9.6));
#1952 = CARTESIAN_POINT('',(3.461646784273,-1.979673590504,9.6));
#1953 = ORIENTED_EDGE('',*,*,#1914,.F.);
#1954 = ORIENTED_EDGE('',*,*,#847,.F.);
#1955 = SURFACE_OF_LINEAR_EXTRUSION('',#1956,#1960);
#1956 = B_SPLINE_CURVE_WITH_KNOTS('',2,(#1957,#1958,#1959),
  .UNSPECIFIED.,.F.,.F.,(3,3),(0.,1.),.PIECEWISE_BEZIER_KNOTS.);
#1957 = CARTESIAN_POINT('',(3.90396874273,-1.876557863501,10.));
#1958 = CARTESIAN_POINT('',(3.626149751632,-1.876557863501,10.));
#1959 = CARTESIAN_POINT('',(3.461646784273,-1.979673590504,10.));
#1960 = VECTOR('',#1961,1.);
#1961 = DIRECTION('',(0.,0.,1.));
#1962 = ADVANCED_FACE('',(#1963),#1981,.T.);
#1963 = FACE_BOUND('',#1964,.T.);
#1964 = EDGE_LOOP('',(#1965,#1973,#1979,#1980));
#1965 = ORIENTED_EDGE('',*,*,#1966,.T.);
#1966 = EDGE_CURVE('',#832,#1967,#1969,.T.);
#1967 = VERTEX_POINT('',#1968);
#1968 = CARTESIAN_POINT('',(4.334792184866,-1.988390207715,9.6));
#1969 = LINE('',#1970,#1971);
#1970 = CARTESIAN_POINT('',(4.334792184866,-1.988390207715,10.));
#1971 = VECTOR('',#1972,1.);
#1972 = DIRECTION('',(-0.,-0.,-1.));
#1973 = ORIENTED_EDGE('',*,*,#1974,.T.);
#1974 = EDGE_CURVE('',#1967,#1941,#1975,.T.);
#1975 = B_SPLINE_CURVE_WITH_KNOTS('',2,(#1976,#1977,#1978),
  .UNSPECIFIED.,.F.,.F.,(3,3),(0.,1.),.PIECEWISE_BEZIER_KNOTS.);
#1976 = CARTESIAN_POINT('',(4.334792184866,-1.988390207715,9.6));
#1977 = CARTESIAN_POINT('',(4.164725419288,-1.876557863501,9.6));
#1978 = CARTESIAN_POINT('',(3.90396874273,-1.876557863501,9.6));
#1979 = ORIENTED_EDGE('',*,*,#1940,.F.);
#1980 = ORIENTED_EDGE('',*,*,#839,.F.);
#1981 = SURFACE_OF_LINEAR_EXTRUSION('',#1982,#1986);
#1982 = B_SPLINE_CURVE_WITH_KNOTS('',2,(#1983,#1984,#1985),
  .UNSPECIFIED.,.F.,.F.,(3,3),(0.,1.),.PIECEWISE_BEZIER_KNOTS.);
#1983 = CARTESIAN_POINT('',(4.334792184866,-1.988390207715,10.));
#1984 = CARTESIAN_POINT('',(4.164725419288,-1.876557863501,10.));
#1985 = CARTESIAN_POINT('',(3.90396874273,-1.876557863501,10.));
#1986 = VECTOR('',#1987,1.);
#1987 = DIRECTION('',(0.,0.,1.));
#1988 = ADVANCED_FACE('',(#1989),#2007,.T.);
#1989 = FACE_BOUND('',#1990,.T.);
#1990 = EDGE_LOOP('',(#1991,#1999,#2005,#2006));
#1991 = ORIENTED_EDGE('',*,*,#1992,.T.);
#1992 = EDGE_CURVE('',#824,#1993,#1995,.T.);
#1993 = VERTEX_POINT('',#1994);
#1994 = CARTESIAN_POINT('',(4.533234321365,-2.248775964392,9.6));
#1995 = LINE('',#1996,#1997);
#1996 = CARTESIAN_POINT('',(4.533234321365,-2.248775964392,10.));
#1997 = VECTOR('',#1998,1.);
#1998 = DIRECTION('',(-0.,-0.,-1.));
#1999 = ORIENTED_EDGE('',*,*,#2000,.T.);
#2000 = EDGE_CURVE('',#1993,#1967,#2001,.T.);
#2001 = B_SPLINE_CURVE_WITH_KNOTS('',2,(#2002,#2003,#2004),
  .UNSPECIFIED.,.F.,.F.,(3,3),(0.,1.),.PIECEWISE_BEZIER_KNOTS.);
#2002 = CARTESIAN_POINT('',(4.533234321365,-2.248775964392,9.6));
#2003 = CARTESIAN_POINT('',(4.504858950445,-2.100037091988,9.6));
#2004 = CARTESIAN_POINT('',(4.334792184866,-1.988390207715,9.6));
#2005 = ORIENTED_EDGE('',*,*,#1966,.F.);
#2006 = ORIENTED_EDGE('',*,*,#831,.F.);
#2007 = SURFACE_OF_LINEAR_EXTRUSION('',#2008,#2012);
#2008 = B_SPLINE_CURVE_WITH_KNOTS('',2,(#2009,#2010,#2011),
  .UNSPECIFIED.,.F.,.F.,(3,3),(0.,1.),.PIECEWISE_BEZIER_KNOTS.);
#2009 = CARTESIAN_POINT('',(4.533234321365,-2.248775964392,10.));
#2010 = CARTESIAN_POINT('',(4.504858950445,-2.100037091988,10.));
#2011 = CARTESIAN_POINT('',(4.334792184866,-1.988390207715,10.));
#2012 = VECTOR('',#2013,1.);
#2013 = DIRECTION('',(0.,0.,1.));
#2014 = ADVANCED_FACE('',(#2015),#2033,.T.);
#2015 = FACE_BOUND('',#2016,.T.);
#2016 = EDGE_LOOP('',(#2017,#2025,#2031,#2032));
#2017 = ORIENTED_EDGE('',*,*,#2018,.T.);
#2018 = EDGE_CURVE('',#816,#2019,#2021,.T.);
#2019 = VERTEX_POINT('',#2020);
#2020 = CARTESIAN_POINT('',(4.612611175964,-2.329080118694,9.6));
#2021 = LINE('',#2022,#2023);
#2022 = CARTESIAN_POINT('',(4.612611175964,-2.329080118694,10.));
#2023 = VECTOR('',#2024,1.);
#2024 = DIRECTION('',(-0.,-0.,-1.));
#2025 = ORIENTED_EDGE('',*,*,#2026,.T.);
#2026 = EDGE_CURVE('',#2019,#1993,#2027,.T.);
#2027 = B_SPLINE_CURVE_WITH_KNOTS('',2,(#2028,#2029,#2030),
  .UNSPECIFIED.,.F.,.F.,(3,3),(0.,1.),.PIECEWISE_BEZIER_KNOTS.);
#2028 = CARTESIAN_POINT('',(4.612611175964,-2.329080118694,9.6));
#2029 = CARTESIAN_POINT('',(4.567173490504,-2.306083086053,9.6));
#2030 = CARTESIAN_POINT('',(4.533234321365,-2.248775964392,9.6));
#2031 = ORIENTED_EDGE('',*,*,#1992,.F.);
#2032 = ORIENTED_EDGE('',*,*,#823,.F.);
#2033 = SURFACE_OF_LINEAR_EXTRUSION('',#2034,#2038);
#2034 = B_SPLINE_CURVE_WITH_KNOTS('',2,(#2035,#2036,#2037),
  .UNSPECIFIED.,.F.,.F.,(3,3),(0.,1.),.PIECEWISE_BEZIER_KNOTS.);
#2035 = CARTESIAN_POINT('',(4.612611175964,-2.329080118694,10.));
#2036 = CARTESIAN_POINT('',(4.567173490504,-2.306083086053,10.));
#2037 = CARTESIAN_POINT('',(4.533234321365,-2.248775964392,10.));
#2038 = VECTOR('',#2039,1.);
#2039 = DIRECTION('',(0.,0.,1.));
#2040 = ADVANCED_FACE('',(#2041),#2059,.T.);
#2041 = FACE_BOUND('',#2042,.T.);
#2042 = EDGE_LOOP('',(#2043,#2051,#2057,#2058));
#2043 = ORIENTED_EDGE('',*,*,#2044,.T.);
#2044 = EDGE_CURVE('',#808,#2045,#2047,.T.);
#2045 = VERTEX_POINT('',#2046);
#2046 = CARTESIAN_POINT('',(4.708864885163,-2.352077151335,9.6));
#2047 = LINE('',#2048,#2049);
#2048 = CARTESIAN_POINT('',(4.708864885163,-2.352077151335,10.));
#2049 = VECTOR('',#2050,1.);
#2050 = DIRECTION('',(-0.,-0.,-1.));
#2051 = ORIENTED_EDGE('',*,*,#2052,.T.);
#2052 = EDGE_CURVE('',#2045,#2019,#2053,.T.);
#2053 = B_SPLINE_CURVE_WITH_KNOTS('',2,(#2054,#2055,#2056),
  .UNSPECIFIED.,.F.,.F.,(3,3),(0.,1.),.PIECEWISE_BEZIER_KNOTS.);
#2054 = CARTESIAN_POINT('',(4.708864885163,-2.352077151335,9.6));
#2055 = CARTESIAN_POINT('',(4.658048861424,-2.352077151335,9.6));
#2056 = CARTESIAN_POINT('',(4.612611175964,-2.329080118694,9.6));
#2057 = ORIENTED_EDGE('',*,*,#2018,.F.);
#2058 = ORIENTED_EDGE('',*,*,#815,.F.);
#2059 = SURFACE_OF_LINEAR_EXTRUSION('',#2060,#2064);
#2060 = B_SPLINE_CURVE_WITH_KNOTS('',2,(#2061,#2062,#2063),
  .UNSPECIFIED.,.F.,.F.,(3,3),(0.,1.),.PIECEWISE_BEZIER_KNOTS.);
#2061 = CARTESIAN_POINT('',(4.708864885163,-2.352077151335,10.));
#2062 = CARTESIAN_POINT('',(4.658048861424,-2.352077151335,10.));
#2063 = CARTESIAN_POINT('',(4.612611175964,-2.329080118694,10.));
#2064 = VECTOR('',#2065,1.);
#2065 = DIRECTION('',(0.,0.,1.));
#2066 = ADVANCED_FACE('',(#2067),#2085,.T.);
#2067 = FACE_BOUND('',#2068,.T.);
#2068 = EDGE_LOOP('',(#2069,#2077,#2083,#2084));
#2069 = ORIENTED_EDGE('',*,*,#2070,.T.);
#2070 = EDGE_CURVE('',#800,#2071,#2073,.T.);
#2071 = VERTEX_POINT('',#2072);
#2072 = CARTESIAN_POINT('',(5.349443520178,-2.352077151335,9.6));
#2073 = LINE('',#2074,#2075);
#2074 = CARTESIAN_POINT('',(5.349443520178,-2.352077151335,10.));
#2075 = VECTOR('',#2076,1.);
#2076 = DIRECTION('',(-0.,-0.,-1.));
#2077 = ORIENTED_EDGE('',*,*,#2078,.T.);
#2078 = EDGE_CURVE('',#2071,#2045,#2079,.T.);
#2079 = LINE('',#2080,#2081);
#2080 = CARTESIAN_POINT('',(5.349443520178,-2.352077151335,9.6));
#2081 = VECTOR('',#2082,1.);
#2082 = DIRECTION('',(-1.,0.,0.));
#2083 = ORIENTED_EDGE('',*,*,#2044,.F.);
#2084 = ORIENTED_EDGE('',*,*,#807,.F.);
#2085 = PLANE('',#2086);
#2086 = AXIS2_PLACEMENT_3D('',#2087,#2088,#2089);
#2087 = CARTESIAN_POINT('',(5.349443520178,-2.352077151335,10.));
#2088 = DIRECTION('',(0.,1.,0.));
#2089 = DIRECTION('',(-1.,0.,0.));
#2090 = ADVANCED_FACE('',(#2091),#2109,.T.);
#2091 = FACE_BOUND('',#2092,.T.);
#2092 = EDGE_LOOP('',(#2093,#2101,#2107,#2108));
#2093 = ORIENTED_EDGE('',*,*,#2094,.T.);
#2094 = EDGE_CURVE('',#792,#2095,#2097,.T.);
#2095 = VERTEX_POINT('',#2096);
#2096 = CARTESIAN_POINT('',(5.434569632938,-2.314799703264,9.6));
#2097 = LINE('',#2098,#2099);
#2098 = CARTESIAN_POINT('',(5.434569632938,-2.314799703264,10.));
#2099 = VECTOR('',#2100,1.);
#2100 = DIRECTION('',(-0.,-0.,-1.));
#2101 = ORIENTED_EDGE('',*,*,#2102,.T.);
#2102 = EDGE_CURVE('',#2095,#2071,#2103,.T.);
#2103 = B_SPLINE_CURVE_WITH_KNOTS('',2,(#2104,#2105,#2106),
  .UNSPECIFIED.,.F.,.F.,(3,3),(0.,1.),.PIECEWISE_BEZIER_KNOTS.);
#2104 = CARTESIAN_POINT('',(5.434569632938,-2.314799703264,9.6));
#2105 = CARTESIAN_POINT('',(5.400630463798,-2.352077151335,9.6));
#2106 = CARTESIAN_POINT('',(5.349443520178,-2.352077151335,9.6));
#2107 = ORIENTED_EDGE('',*,*,#2070,.F.);
#2108 = ORIENTED_EDGE('',*,*,#799,.F.);
#2109 = SURFACE_OF_LINEAR_EXTRUSION('',#2110,#2114);
#2110 = B_SPLINE_CURVE_WITH_KNOTS('',2,(#2111,#2112,#2113),
  .UNSPECIFIED.,.F.,.F.,(3,3),(0.,1.),.PIECEWISE_BEZIER_KNOTS.);
#2111 = CARTESIAN_POINT('',(5.434569632938,-2.314799703264,10.));
#2112 = CARTESIAN_POINT('',(5.400630463798,-2.352077151335,10.));
#2113 = CARTESIAN_POINT('',(5.349443520178,-2.352077151335,10.));
#2114 = VECTOR('',#2115,1.);
#2115 = DIRECTION('',(0.,0.,1.));
#2116 = ADVANCED_FACE('',(#2117),#2135,.T.);
#2117 = FACE_BOUND('',#2118,.T.);
#2118 = EDGE_LOOP('',(#2119,#2127,#2133,#2134));
#2119 = ORIENTED_EDGE('',*,*,#2120,.T.);
#2120 = EDGE_CURVE('',#784,#2121,#2123,.T.);
#2121 = VERTEX_POINT('',#2122);
#2122 = CARTESIAN_POINT('',(5.468694262018,-2.231713649852,9.6));
#2123 = LINE('',#2124,#2125);
#2124 = CARTESIAN_POINT('',(5.468694262018,-2.231713649852,10.));
#2125 = VECTOR('',#2126,1.);
#2126 = DIRECTION('',(-0.,-0.,-1.));
#2127 = ORIENTED_EDGE('',*,*,#2128,.T.);
#2128 = EDGE_CURVE('',#2121,#2095,#2129,.T.);
#2129 = B_SPLINE_CURVE_WITH_KNOTS('',2,(#2130,#2131,#2132),
  .UNSPECIFIED.,.F.,.F.,(3,3),(0.,1.),.PIECEWISE_BEZIER_KNOTS.);
#2130 = CARTESIAN_POINT('',(5.468694262018,-2.231713649852,9.6));
#2131 = CARTESIAN_POINT('',(5.468694262018,-2.277522255193,9.6));
#2132 = CARTESIAN_POINT('',(5.434569632938,-2.314799703264,9.6));
#2133 = ORIENTED_EDGE('',*,*,#2094,.F.);
#2134 = ORIENTED_EDGE('',*,*,#791,.F.);
#2135 = SURFACE_OF_LINEAR_EXTRUSION('',#2136,#2140);
#2136 = B_SPLINE_CURVE_WITH_KNOTS('',2,(#2137,#2138,#2139),
  .UNSPECIFIED.,.F.,.F.,(3,3),(0.,1.),.PIECEWISE_BEZIER_KNOTS.);
#2137 = CARTESIAN_POINT('',(5.468694262018,-2.231713649852,10.));
#2138 = CARTESIAN_POINT('',(5.468694262018,-2.277522255193,10.));
#2139 = CARTESIAN_POINT('',(5.434569632938,-2.314799703264,10.));
#2140 = VECTOR('',#2141,1.);
#2141 = DIRECTION('',(0.,0.,1.));
#2142 = ADVANCED_FACE('',(#2143),#2161,.T.);
#2143 = FACE_BOUND('',#2144,.T.);
#2144 = EDGE_LOOP('',(#2145,#2153,#2159,#2160));
#2145 = ORIENTED_EDGE('',*,*,#2146,.T.);
#2146 = EDGE_CURVE('',#776,#2147,#2149,.T.);
#2147 = VERTEX_POINT('',#2148);
#2148 = CARTESIAN_POINT('',(5.329599306528,-1.806824925816,9.6));
#2149 = LINE('',#2150,#2151);
#2150 = CARTESIAN_POINT('',(5.329599306528,-1.806824925816,10.));
#2151 = VECTOR('',#2152,1.);
#2152 = DIRECTION('',(-0.,-0.,-1.));
#2153 = ORIENTED_EDGE('',*,*,#2154,.T.);
#2154 = EDGE_CURVE('',#2147,#2121,#2155,.T.);
#2155 = B_SPLINE_CURVE_WITH_KNOTS('',2,(#2156,#2157,#2158),
  .UNSPECIFIED.,.F.,.F.,(3,3),(0.,1.),.PIECEWISE_BEZIER_KNOTS.);
#2156 = CARTESIAN_POINT('',(5.329599306528,-1.806824925816,9.6));
#2157 = CARTESIAN_POINT('',(5.468694262018,-2.026409495549,9.6));
#2158 = CARTESIAN_POINT('',(5.468694262018,-2.231713649852,9.6));
#2159 = ORIENTED_EDGE('',*,*,#2120,.F.);
#2160 = ORIENTED_EDGE('',*,*,#783,.F.);
#2161 = SURFACE_OF_LINEAR_EXTRUSION('',#2162,#2166);
#2162 = B_SPLINE_CURVE_WITH_KNOTS('',2,(#2163,#2164,#2165),
  .UNSPECIFIED.,.F.,.F.,(3,3),(0.,1.),.PIECEWISE_BEZIER_KNOTS.);
#2163 = CARTESIAN_POINT('',(5.329599306528,-1.806824925816,10.));
#2164 = CARTESIAN_POINT('',(5.468694262018,-2.026409495549,10.));
#2165 = CARTESIAN_POINT('',(5.468694262018,-2.231713649852,10.));
#2166 = VECTOR('',#2167,1.);
#2167 = DIRECTION('',(0.,0.,1.));
#2168 = ADVANCED_FACE('',(#2169),#2187,.T.);
#2169 = FACE_BOUND('',#2170,.T.);
#2170 = EDGE_LOOP('',(#2171,#2179,#2185,#2186));
#2171 = ORIENTED_EDGE('',*,*,#2172,.T.);
#2172 = EDGE_CURVE('',#768,#2173,#2175,.T.);
#2173 = VERTEX_POINT('',#2174);
#2174 = CARTESIAN_POINT('',(4.926409395549,-1.413278931751,9.6));
#2175 = LINE('',#2176,#2177);
#2176 = CARTESIAN_POINT('',(4.926409395549,-1.413278931751,10.));
#2177 = VECTOR('',#2178,1.);
#2178 = DIRECTION('',(-0.,-0.,-1.));
#2179 = ORIENTED_EDGE('',*,*,#2180,.T.);
#2180 = EDGE_CURVE('',#2173,#2147,#2181,.T.);
#2181 = B_SPLINE_CURVE_WITH_KNOTS('',2,(#2182,#2183,#2184),
  .UNSPECIFIED.,.F.,.F.,(3,3),(0.,1.),.PIECEWISE_BEZIER_KNOTS.);
#2182 = CARTESIAN_POINT('',(4.926409395549,-1.413278931751,9.6));
#2183 = CARTESIAN_POINT('',(5.190504351039,-1.587240356083,9.6));
#2184 = CARTESIAN_POINT('',(5.329599306528,-1.806824925816,9.6));
#2185 = ORIENTED_EDGE('',*,*,#2146,.F.);
#2186 = ORIENTED_EDGE('',*,*,#775,.F.);
#2187 = SURFACE_OF_LINEAR_EXTRUSION('',#2188,#2192);
#2188 = B_SPLINE_CURVE_WITH_KNOTS('',2,(#2189,#2190,#2191),
  .UNSPECIFIED.,.F.,.F.,(3,3),(0.,1.),.PIECEWISE_BEZIER_KNOTS.);
#2189 = CARTESIAN_POINT('',(4.926409395549,-1.413278931751,10.));
#2190 = CARTESIAN_POINT('',(5.190504351039,-1.587240356083,10.));
#2191 = CARTESIAN_POINT('',(5.329599306528,-1.806824925816,10.));
#2192 = VECTOR('',#2193,1.);
#2193 = DIRECTION('',(0.,0.,1.));
#2194 = ADVANCED_FACE('',(#2195),#2213,.T.);
#2195 = FACE_BOUND('',#2196,.T.);
#2196 = EDGE_LOOP('',(#2197,#2205,#2211,#2212));
#2197 = ORIENTED_EDGE('',*,*,#2198,.T.);
#2198 = EDGE_CURVE('',#760,#2199,#2201,.T.);
#2199 = VERTEX_POINT('',#2200);
#2200 = CARTESIAN_POINT('',(4.270623045401,-1.176632047478,9.6));
#2201 = LINE('',#2202,#2203);
#2202 = CARTESIAN_POINT('',(4.270623045401,-1.176632047478,10.));
#2203 = VECTOR('',#2204,1.);
#2204 = DIRECTION('',(-0.,-0.,-1.));
#2205 = ORIENTED_EDGE('',*,*,#2206,.T.);
#2206 = EDGE_CURVE('',#2199,#2173,#2207,.T.);
#2207 = B_SPLINE_CURVE_WITH_KNOTS('',2,(#2208,#2209,#2210),
  .UNSPECIFIED.,.F.,.F.,(3,3),(0.,1.),.PIECEWISE_BEZIER_KNOTS.);
#2208 = CARTESIAN_POINT('',(4.270623045401,-1.176632047478,9.6));
#2209 = CARTESIAN_POINT('',(4.6624999,-1.239317507418,9.6));
#2210 = CARTESIAN_POINT('',(4.926409395549,-1.413278931751,9.6));
#2211 = ORIENTED_EDGE('',*,*,#2172,.F.);
#2212 = ORIENTED_EDGE('',*,*,#767,.F.);
#2213 = SURFACE_OF_LINEAR_EXTRUSION('',#2214,#2218);
#2214 = B_SPLINE_CURVE_WITH_KNOTS('',2,(#2215,#2216,#2217),
  .UNSPECIFIED.,.F.,.F.,(3,3),(0.,1.),.PIECEWISE_BEZIER_KNOTS.);
#2215 = CARTESIAN_POINT('',(4.270623045401,-1.176632047478,10.));
#2216 = CARTESIAN_POINT('',(4.6624999,-1.239317507418,10.));
#2217 = CARTESIAN_POINT('',(4.926409395549,-1.413278931751,10.));
#2218 = VECTOR('',#2219,1.);
#2219 = DIRECTION('',(0.,0.,1.));
#2220 = ADVANCED_FACE('',(#2221),#2239,.T.);
#2221 = FACE_BOUND('',#2222,.T.);
#2222 = EDGE_LOOP('',(#2223,#2231,#2237,#2238));
#2223 = ORIENTED_EDGE('',*,*,#2224,.T.);
#2224 = EDGE_CURVE('',#752,#2225,#2227,.T.);
#2225 = VERTEX_POINT('',#2226);
#2226 = CARTESIAN_POINT('',(4.270623045401,-0.772329376855,9.6));
#2227 = LINE('',#2228,#2229);
#2228 = CARTESIAN_POINT('',(4.270623045401,-0.772329376855,10.));
#2229 = VECTOR('',#2230,1.);
#2230 = DIRECTION('',(-0.,-0.,-1.));
#2231 = ORIENTED_EDGE('',*,*,#2232,.T.);
#2232 = EDGE_CURVE('',#2225,#2199,#2233,.T.);
#2233 = LINE('',#2234,#2235);
#2234 = CARTESIAN_POINT('',(4.270623045401,-0.772329376855,9.6));
#2235 = VECTOR('',#2236,1.);
#2236 = DIRECTION('',(0.,-1.,0.));
#2237 = ORIENTED_EDGE('',*,*,#2198,.F.);
#2238 = ORIENTED_EDGE('',*,*,#759,.F.);
#2239 = PLANE('',#2240);
#2240 = AXIS2_PLACEMENT_3D('',#2241,#2242,#2243);
#2241 = CARTESIAN_POINT('',(4.270623045401,-0.772329376855,10.));
#2242 = DIRECTION('',(-1.,0.,0.));
#2243 = DIRECTION('',(0.,-1.,0.));
#2244 = ADVANCED_FACE('',(#2245),#2263,.T.);
#2245 = FACE_BOUND('',#2246,.T.);
#2246 = EDGE_LOOP('',(#2247,#2255,#2261,#2262));
#2247 = ORIENTED_EDGE('',*,*,#2248,.T.);
#2248 = EDGE_CURVE('',#744,#2249,#2251,.T.);
#2249 = VERTEX_POINT('',#2250);
#2250 = CARTESIAN_POINT('',(4.230378238279,-0.670140949555,9.6));
#2251 = LINE('',#2252,#2253);
#2252 = CARTESIAN_POINT('',(4.230378238279,-0.670140949555,10.));
#2253 = VECTOR('',#2254,1.);
#2254 = DIRECTION('',(-0.,-0.,-1.));
#2255 = ORIENTED_EDGE('',*,*,#2256,.T.);
#2256 = EDGE_CURVE('',#2249,#2225,#2257,.T.);
#2257 = B_SPLINE_CURVE_WITH_KNOTS('',2,(#2258,#2259,#2260),
  .UNSPECIFIED.,.F.,.F.,(3,3),(0.,1.),.PIECEWISE_BEZIER_KNOTS.);
#2258 = CARTESIAN_POINT('',(4.230378238279,-0.670140949555,9.6));
#2259 = CARTESIAN_POINT('',(4.270623045401,-0.710014836795,9.6));
#2260 = CARTESIAN_POINT('',(4.270623045401,-0.772329376855,9.6));
#2261 = ORIENTED_EDGE('',*,*,#2224,.F.);
#2262 = ORIENTED_EDGE('',*,*,#751,.F.);
#2263 = SURFACE_OF_LINEAR_EXTRUSION('',#2264,#2268);
#2264 = B_SPLINE_CURVE_WITH_KNOTS('',2,(#2265,#2266,#2267),
  .UNSPECIFIED.,.F.,.F.,(3,3),(0.,1.),.PIECEWISE_BEZIER_KNOTS.);
#2265 = CARTESIAN_POINT('',(4.230378238279,-0.670140949555,10.));
#2266 = CARTESIAN_POINT('',(4.270623045401,-0.710014836795,10.));
#2267 = CARTESIAN_POINT('',(4.270623045401,-0.772329376855,10.));
#2268 = VECTOR('',#2269,1.);
#2269 = DIRECTION('',(0.,0.,1.));
#2270 = ADVANCED_FACE('',(#2271),#2289,.T.);
#2271 = FACE_BOUND('',#2272,.T.);
#2272 = EDGE_LOOP('',(#2273,#2281,#2287,#2288));
#2273 = ORIENTED_EDGE('',*,*,#2274,.T.);
#2274 = EDGE_CURVE('',#736,#2275,#2277,.T.);
#2275 = VERTEX_POINT('',#2276);
#2276 = CARTESIAN_POINT('',(4.133011769436,-0.630267062315,9.6));
#2277 = LINE('',#2278,#2279);
#2278 = CARTESIAN_POINT('',(4.133011769436,-0.630267062315,10.));
#2279 = VECTOR('',#2280,1.);
#2280 = DIRECTION('',(-0.,-0.,-1.));
#2281 = ORIENTED_EDGE('',*,*,#2282,.T.);
#2282 = EDGE_CURVE('',#2275,#2249,#2283,.T.);
#2283 = B_SPLINE_CURVE_WITH_KNOTS('',2,(#2284,#2285,#2286),
  .UNSPECIFIED.,.F.,.F.,(3,3),(0.,1.),.PIECEWISE_BEZIER_KNOTS.);
#2284 = CARTESIAN_POINT('',(4.133011769436,-0.630267062315,9.6));
#2285 = CARTESIAN_POINT('',(4.190318891098,-0.630267062315,9.6));
#2286 = CARTESIAN_POINT('',(4.230378238279,-0.670140949555,9.6));
#2287 = ORIENTED_EDGE('',*,*,#2248,.F.);
#2288 = ORIENTED_EDGE('',*,*,#743,.F.);
#2289 = SURFACE_OF_LINEAR_EXTRUSION('',#2290,#2294);
#2290 = B_SPLINE_CURVE_WITH_KNOTS('',2,(#2291,#2292,#2293),
  .UNSPECIFIED.,.F.,.F.,(3,3),(0.,1.),.PIECEWISE_BEZIER_KNOTS.);
#2291 = CARTESIAN_POINT('',(4.133011769436,-0.630267062315,10.));
#2292 = CARTESIAN_POINT('',(4.190318891098,-0.630267062315,10.));
#2293 = CARTESIAN_POINT('',(4.230378238279,-0.670140949555,10.));
#2294 = VECTOR('',#2295,1.);
#2295 = DIRECTION('',(0.,0.,1.));
#2296 = ADVANCED_FACE('',(#2297),#2315,.T.);
#2297 = FACE_BOUND('',#2298,.T.);
#2298 = EDGE_LOOP('',(#2299,#2307,#2313,#2314));
#2299 = ORIENTED_EDGE('',*,*,#2300,.T.);
#2300 = EDGE_CURVE('',#728,#2301,#2303,.T.);
#2301 = VERTEX_POINT('',#2302);
#2302 = CARTESIAN_POINT('',(3.725556279822,-0.630267062315,9.6));
#2303 = LINE('',#2304,#2305);
#2304 = CARTESIAN_POINT('',(3.725556279822,-0.630267062315,10.));
#2305 = VECTOR('',#2306,1.);
#2306 = DIRECTION('',(-0.,-0.,-1.));
#2307 = ORIENTED_EDGE('',*,*,#2308,.T.);
#2308 = EDGE_CURVE('',#2301,#2275,#2309,.T.);
#2309 = LINE('',#2310,#2311);
#2310 = CARTESIAN_POINT('',(3.725556279822,-0.630267062315,9.6));
#2311 = VECTOR('',#2312,1.);
#2312 = DIRECTION('',(1.,0.,0.));
#2313 = ORIENTED_EDGE('',*,*,#2274,.F.);
#2314 = ORIENTED_EDGE('',*,*,#735,.F.);
#2315 = PLANE('',#2316);
#2316 = AXIS2_PLACEMENT_3D('',#2317,#2318,#2319);
#2317 = CARTESIAN_POINT('',(3.725556279822,-0.630267062315,10.));
#2318 = DIRECTION('',(0.,-1.,0.));
#2319 = DIRECTION('',(1.,0.,0.));
#2320 = ADVANCED_FACE('',(#2321),#2339,.T.);
#2321 = FACE_BOUND('',#2322,.T.);
#2322 = EDGE_LOOP('',(#2323,#2331,#2337,#2338));
#2323 = ORIENTED_EDGE('',*,*,#2324,.T.);
#2324 = EDGE_CURVE('',#720,#2325,#2327,.T.);
#2325 = VERTEX_POINT('',#2326);
#2326 = CARTESIAN_POINT('',(3.622255092878,-0.670140949555,9.6));
#2327 = LINE('',#2328,#2329);
#2328 = CARTESIAN_POINT('',(3.622255092878,-0.670140949555,10.));
#2329 = VECTOR('',#2330,1.);
#2330 = DIRECTION('',(-0.,-0.,-1.));
#2331 = ORIENTED_EDGE('',*,*,#2332,.T.);
#2332 = EDGE_CURVE('',#2325,#2301,#2333,.T.);
#2333 = B_SPLINE_CURVE_WITH_KNOTS('',2,(#2334,#2335,#2336),
  .UNSPECIFIED.,.F.,.F.,(3,3),(0.,1.),.PIECEWISE_BEZIER_KNOTS.);
#2334 = CARTESIAN_POINT('',(3.622255092878,-0.670140949555,9.6));
#2335 = CARTESIAN_POINT('',(3.6624999,-0.630267062315,9.6));
#2336 = CARTESIAN_POINT('',(3.725556279822,-0.630267062315,9.6));
#2337 = ORIENTED_EDGE('',*,*,#2300,.F.);
#2338 = ORIENTED_EDGE('',*,*,#727,.F.);
#2339 = SURFACE_OF_LINEAR_EXTRUSION('',#2340,#2344);
#2340 = B_SPLINE_CURVE_WITH_KNOTS('',2,(#2341,#2342,#2343),
  .UNSPECIFIED.,.F.,.F.,(3,3),(0.,1.),.PIECEWISE_BEZIER_KNOTS.);
#2341 = CARTESIAN_POINT('',(3.622255092878,-0.670140949555,10.));
#2342 = CARTESIAN_POINT('',(3.6624999,-0.630267062315,10.));
#2343 = CARTESIAN_POINT('',(3.725556279822,-0.630267062315,10.));
#2344 = VECTOR('',#2345,1.);
#2345 = DIRECTION('',(0.,0.,1.));
#2346 = ADVANCED_FACE('',(#2347),#2365,.T.);
#2347 = FACE_BOUND('',#2348,.T.);
#2348 = EDGE_LOOP('',(#2349,#2357,#2363,#2364));
#2349 = ORIENTED_EDGE('',*,*,#2350,.T.);
#2350 = EDGE_CURVE('',#712,#2351,#2353,.T.);
#2351 = VERTEX_POINT('',#2352);
#2352 = CARTESIAN_POINT('',(3.582195745697,-0.772329376855,9.6));
#2353 = LINE('',#2354,#2355);
#2354 = CARTESIAN_POINT('',(3.582195745697,-0.772329376855,10.));
#2355 = VECTOR('',#2356,1.);
#2356 = DIRECTION('',(-0.,-0.,-1.));
#2357 = ORIENTED_EDGE('',*,*,#2358,.T.);
#2358 = EDGE_CURVE('',#2351,#2325,#2359,.T.);
#2359 = B_SPLINE_CURVE_WITH_KNOTS('',2,(#2360,#2361,#2362),
  .UNSPECIFIED.,.F.,.F.,(3,3),(0.,1.),.PIECEWISE_BEZIER_KNOTS.);
#2360 = CARTESIAN_POINT('',(3.582195745697,-0.772329376855,9.6));
#2361 = CARTESIAN_POINT('',(3.582195745697,-0.709829376855,9.6));
#2362 = CARTESIAN_POINT('',(3.622255092878,-0.670140949555,9.6));
#2363 = ORIENTED_EDGE('',*,*,#2324,.F.);
#2364 = ORIENTED_EDGE('',*,*,#719,.F.);
#2365 = SURFACE_OF_LINEAR_EXTRUSION('',#2366,#2370);
#2366 = B_SPLINE_CURVE_WITH_KNOTS('',2,(#2367,#2368,#2369),
  .UNSPECIFIED.,.F.,.F.,(3,3),(0.,1.),.PIECEWISE_BEZIER_KNOTS.);
#2367 = CARTESIAN_POINT('',(3.582195745697,-0.772329376855,10.));
#2368 = CARTESIAN_POINT('',(3.582195745697,-0.709829376855,10.));
#2369 = CARTESIAN_POINT('',(3.622255092878,-0.670140949555,10.));
#2370 = VECTOR('',#2371,1.);
#2371 = DIRECTION('',(0.,0.,1.));
#2372 = ADVANCED_FACE('',(#2373),#2391,.T.);
#2373 = FACE_BOUND('',#2374,.T.);
#2374 = EDGE_LOOP('',(#2375,#2383,#2389,#2390));
#2375 = ORIENTED_EDGE('',*,*,#2376,.T.);
#2376 = EDGE_CURVE('',#704,#2377,#2379,.T.);
#2377 = VERTEX_POINT('',#2378);
#2378 = CARTESIAN_POINT('',(3.582195745697,-1.165133531157,9.6));
#2379 = LINE('',#2380,#2381);
#2380 = CARTESIAN_POINT('',(3.582195745697,-1.165133531157,10.));
#2381 = VECTOR('',#2382,1.);
#2382 = DIRECTION('',(-0.,-0.,-1.));
#2383 = ORIENTED_EDGE('',*,*,#2384,.T.);
#2384 = EDGE_CURVE('',#2377,#2351,#2385,.T.);
#2385 = LINE('',#2386,#2387);
#2386 = CARTESIAN_POINT('',(3.582195745697,-1.165133531157,9.6));
#2387 = VECTOR('',#2388,1.);
#2388 = DIRECTION('',(0.,1.,0.));
#2389 = ORIENTED_EDGE('',*,*,#2350,.F.);
#2390 = ORIENTED_EDGE('',*,*,#711,.F.);
#2391 = PLANE('',#2392);
#2392 = AXIS2_PLACEMENT_3D('',#2393,#2394,#2395);
#2393 = CARTESIAN_POINT('',(3.582195745697,-1.165133531157,10.));
#2394 = DIRECTION('',(1.,0.,0.));
#2395 = DIRECTION('',(-0.,1.,0.));
#2396 = ADVANCED_FACE('',(#2397),#2415,.T.);
#2397 = FACE_BOUND('',#2398,.T.);
#2398 = EDGE_LOOP('',(#2399,#2407,#2413,#2414));
#2399 = ORIENTED_EDGE('',*,*,#2400,.T.);
#2400 = EDGE_CURVE('',#696,#2401,#2403,.T.);
#2401 = VERTEX_POINT('',#2402);
#2402 = CARTESIAN_POINT('',(2.692729870326,-1.554228486647,9.6));
#2403 = LINE('',#2404,#2405);
#2404 = CARTESIAN_POINT('',(2.692729870326,-1.554228486647,10.));
#2405 = VECTOR('',#2406,1.);
#2406 = DIRECTION('',(-0.,-0.,-1.));
#2407 = ORIENTED_EDGE('',*,*,#2408,.T.);
#2408 = EDGE_CURVE('',#2401,#2377,#2409,.T.);
#2409 = B_SPLINE_CURVE_WITH_KNOTS('',2,(#2410,#2411,#2412),
  .UNSPECIFIED.,.F.,.F.,(3,3),(0.,1.),.PIECEWISE_BEZIER_KNOTS.);
#2410 = CARTESIAN_POINT('',(2.692729870326,-1.554228486647,9.6));
#2411 = CARTESIAN_POINT('',(3.013946487537,-1.239502967359,9.6));
#2412 = CARTESIAN_POINT('',(3.582195745697,-1.165133531157,9.6));
#2413 = ORIENTED_EDGE('',*,*,#2376,.F.);
#2414 = ORIENTED_EDGE('',*,*,#703,.F.);
#2415 = SURFACE_OF_LINEAR_EXTRUSION('',#2416,#2420);
#2416 = B_SPLINE_CURVE_WITH_KNOTS('',2,(#2417,#2418,#2419),
  .UNSPECIFIED.,.F.,.F.,(3,3),(0.,1.),.PIECEWISE_BEZIER_KNOTS.);
#2417 = CARTESIAN_POINT('',(2.692729870326,-1.554228486647,10.));
#2418 = CARTESIAN_POINT('',(3.013946487537,-1.239502967359,10.));
#2419 = CARTESIAN_POINT('',(3.582195745697,-1.165133531157,10.));
#2420 = VECTOR('',#2421,1.);
#2421 = DIRECTION('',(0.,0.,1.));
#2422 = ADVANCED_FACE('',(#2423),#2441,.T.);
#2423 = FACE_BOUND('',#2424,.T.);
#2424 = EDGE_LOOP('',(#2425,#2433,#2439,#2440));
#2425 = ORIENTED_EDGE('',*,*,#2426,.T.);
#2426 = EDGE_CURVE('',#688,#2427,#2429,.T.);
#2427 = VERTEX_POINT('',#2428);
#2428 = CARTESIAN_POINT('',(2.371513253116,-2.320734421365,9.6));
#2429 = LINE('',#2430,#2431);
#2430 = CARTESIAN_POINT('',(2.371513253116,-2.320734421365,10.));
#2431 = VECTOR('',#2432,1.);
#2432 = DIRECTION('',(-0.,-0.,-1.));
#2433 = ORIENTED_EDGE('',*,*,#2434,.T.);
#2434 = EDGE_CURVE('',#2427,#2401,#2435,.T.);
#2435 = B_SPLINE_CURVE_WITH_KNOTS('',2,(#2436,#2437,#2438),
  .UNSPECIFIED.,.F.,.F.,(3,3),(0.,1.),.PIECEWISE_BEZIER_KNOTS.);
#2436 = CARTESIAN_POINT('',(2.371513253116,-2.320734421365,9.6));
#2437 = CARTESIAN_POINT('',(2.371513253116,-1.868768545994,9.6));
#2438 = CARTESIAN_POINT('',(2.692729870326,-1.554228486647,9.6));
#2439 = ORIENTED_EDGE('',*,*,#2400,.F.);
#2440 = ORIENTED_EDGE('',*,*,#695,.F.);
#2441 = SURFACE_OF_LINEAR_EXTRUSION('',#2442,#2446);
#2442 = B_SPLINE_CURVE_WITH_KNOTS('',2,(#2443,#2444,#2445),
  .UNSPECIFIED.,.F.,.F.,(3,3),(0.,1.),.PIECEWISE_BEZIER_KNOTS.);
#2443 = CARTESIAN_POINT('',(2.371513253116,-2.320734421365,10.));
#2444 = CARTESIAN_POINT('',(2.371513253116,-1.868768545994,10.));
#2445 = CARTESIAN_POINT('',(2.692729870326,-1.554228486647,10.));
#2446 = VECTOR('',#2447,1.);
#2447 = DIRECTION('',(0.,0.,1.));
#2448 = ADVANCED_FACE('',(#2449),#2467,.T.);
#2449 = FACE_BOUND('',#2450,.T.);
#2450 = EDGE_LOOP('',(#2451,#2459,#2465,#2466));
#2451 = ORIENTED_EDGE('',*,*,#2452,.T.);
#2452 = EDGE_CURVE('',#680,#2453,#2455,.T.);
#2453 = VERTEX_POINT('',#2454);
#2454 = CARTESIAN_POINT('',(2.522106724926,-2.895845697329,9.6));
#2455 = LINE('',#2456,#2457);
#2456 = CARTESIAN_POINT('',(2.522106724926,-2.895845697329,10.));
#2457 = VECTOR('',#2458,1.);
#2458 = DIRECTION('',(-0.,-0.,-1.));
#2459 = ORIENTED_EDGE('',*,*,#2460,.T.);
#2460 = EDGE_CURVE('',#2453,#2427,#2461,.T.);
#2461 = B_SPLINE_CURVE_WITH_KNOTS('',2,(#2462,#2463,#2464),
  .UNSPECIFIED.,.F.,.F.,(3,3),(0.,1.),.PIECEWISE_BEZIER_KNOTS.);
#2462 = CARTESIAN_POINT('',(2.522106724926,-2.895845697329,9.6));
#2463 = CARTESIAN_POINT('',(2.371513253116,-2.664020771513,9.6));
#2464 = CARTESIAN_POINT('',(2.371513253116,-2.320734421365,9.6));
#2465 = ORIENTED_EDGE('',*,*,#2426,.F.);
#2466 = ORIENTED_EDGE('',*,*,#687,.F.);
#2467 = SURFACE_OF_LINEAR_EXTRUSION('',#2468,#2472);
#2468 = B_SPLINE_CURVE_WITH_KNOTS('',2,(#2469,#2470,#2471),
  .UNSPECIFIED.,.F.,.F.,(3,3),(0.,1.),.PIECEWISE_BEZIER_KNOTS.);
#2469 = CARTESIAN_POINT('',(2.522106724926,-2.895845697329,10.));
#2470 = CARTESIAN_POINT('',(2.371513253116,-2.664020771513,10.));
#2471 = CARTESIAN_POINT('',(2.371513253116,-2.320734421365,10.));
#2472 = VECTOR('',#2473,1.);
#2473 = DIRECTION('',(0.,0.,1.));
#2474 = ADVANCED_FACE('',(#2475),#2493,.T.);
#2475 = FACE_BOUND('',#2476,.T.);
#2476 = EDGE_LOOP('',(#2477,#2485,#2491,#2492));
#2477 = ORIENTED_EDGE('',*,*,#2478,.T.);
#2478 = EDGE_CURVE('',#672,#2479,#2481,.T.);
#2479 = VERTEX_POINT('',#2480);
#2480 = CARTESIAN_POINT('',(2.968508802077,-3.273442136499,9.6));
#2481 = LINE('',#2482,#2483);
#2482 = CARTESIAN_POINT('',(2.968508802077,-3.273442136499,10.));
#2483 = VECTOR('',#2484,1.);
#2484 = DIRECTION('',(-0.,-0.,-1.));
#2485 = ORIENTED_EDGE('',*,*,#2486,.T.);
#2486 = EDGE_CURVE('',#2479,#2453,#2487,.T.);
#2487 = B_SPLINE_CURVE_WITH_KNOTS('',2,(#2488,#2489,#2490),
  .UNSPECIFIED.,.F.,.F.,(3,3),(0.,1.),.PIECEWISE_BEZIER_KNOTS.);
#2488 = CARTESIAN_POINT('',(2.968508802077,-3.273442136499,9.6));
#2489 = CARTESIAN_POINT('',(2.672885656677,-3.127485163205,9.6));
#2490 = CARTESIAN_POINT('',(2.522106724926,-2.895845697329,9.6));
#2491 = ORIENTED_EDGE('',*,*,#2452,.F.);
#2492 = ORIENTED_EDGE('',*,*,#679,.F.);
#2493 = SURFACE_OF_LINEAR_EXTRUSION('',#2494,#2498);
#2494 = B_SPLINE_CURVE_WITH_KNOTS('',2,(#2495,#2496,#2497),
  .UNSPECIFIED.,.F.,.F.,(3,3),(0.,1.),.PIECEWISE_BEZIER_KNOTS.);
#2495 = CARTESIAN_POINT('',(2.968508802077,-3.273442136499,10.));
#2496 = CARTESIAN_POINT('',(2.672885656677,-3.127485163205,10.));
#2497 = CARTESIAN_POINT('',(2.522106724926,-2.895845697329,10.));
#2498 = VECTOR('',#2499,1.);
#2499 = DIRECTION('',(0.,0.,1.));
#2500 = ADVANCED_FACE('',(#2501),#2519,.T.);
#2501 = FACE_BOUND('',#2502,.T.);
#2502 = EDGE_LOOP('',(#2503,#2511,#2517,#2518));
#2503 = ORIENTED_EDGE('',*,*,#2504,.T.);
#2504 = EDGE_CURVE('',#664,#2505,#2507,.T.);
#2505 = VERTEX_POINT('',#2506);
#2506 = CARTESIAN_POINT('',(3.690504351039,-3.510830860534,9.6));
#2507 = LINE('',#2508,#2509);
#2508 = CARTESIAN_POINT('',(3.690504351039,-3.510830860534,10.));
#2509 = VECTOR('',#2510,1.);
#2510 = DIRECTION('',(-0.,-0.,-1.));
#2511 = ORIENTED_EDGE('',*,*,#2512,.T.);
#2512 = EDGE_CURVE('',#2505,#2479,#2513,.T.);
#2513 = B_SPLINE_CURVE_WITH_KNOTS('',2,(#2514,#2515,#2516),
  .UNSPECIFIED.,.F.,.F.,(3,3),(0.,1.),.PIECEWISE_BEZIER_KNOTS.);
#2514 = CARTESIAN_POINT('',(3.690504351039,-3.510830860534,9.6));
#2515 = CARTESIAN_POINT('',(3.264131947478,-3.419213649852,9.6));
#2516 = CARTESIAN_POINT('',(2.968508802077,-3.273442136499,9.6));
#2517 = ORIENTED_EDGE('',*,*,#2478,.F.);
#2518 = ORIENTED_EDGE('',*,*,#671,.F.);
#2519 = SURFACE_OF_LINEAR_EXTRUSION('',#2520,#2524);
#2520 = B_SPLINE_CURVE_WITH_KNOTS('',2,(#2521,#2522,#2523),
  .UNSPECIFIED.,.F.,.F.,(3,3),(0.,1.),.PIECEWISE_BEZIER_KNOTS.);
#2521 = CARTESIAN_POINT('',(3.690504351039,-3.510830860534,10.));
#2522 = CARTESIAN_POINT('',(3.264131947478,-3.419213649852,10.));
#2523 = CARTESIAN_POINT('',(2.968508802077,-3.273442136499,10.));
#2524 = VECTOR('',#2525,1.);
#2525 = DIRECTION('',(0.,0.,1.));
#2526 = ADVANCED_FACE('',(#2527),#2545,.T.);
#2527 = FACE_BOUND('',#2528,.T.);
#2528 = EDGE_LOOP('',(#2529,#2537,#2543,#2544));
#2529 = ORIENTED_EDGE('',*,*,#2530,.T.);
#2530 = EDGE_CURVE('',#656,#2531,#2533,.T.);
#2531 = VERTEX_POINT('',#2532);
#2532 = CARTESIAN_POINT('',(4.26190642819,-3.671068249258,9.6));
#2533 = LINE('',#2534,#2535);
#2534 = CARTESIAN_POINT('',(4.26190642819,-3.671068249258,10.));
#2535 = VECTOR('',#2536,1.);
#2536 = DIRECTION('',(-0.,-0.,-1.));
#2537 = ORIENTED_EDGE('',*,*,#2538,.T.);
#2538 = EDGE_CURVE('',#2531,#2505,#2539,.T.);
#2539 = B_SPLINE_CURVE_WITH_KNOTS('',2,(#2540,#2541,#2542),
  .UNSPECIFIED.,.F.,.F.,(3,3),(0.,1.),.PIECEWISE_BEZIER_KNOTS.);
#2540 = CARTESIAN_POINT('',(4.26190642819,-3.671068249258,9.6));
#2541 = CARTESIAN_POINT('',(4.04881295638,-3.596698813056,9.6));
#2542 = CARTESIAN_POINT('',(3.690504351039,-3.510830860534,9.6));
#2543 = ORIENTED_EDGE('',*,*,#2504,.F.);
#2544 = ORIENTED_EDGE('',*,*,#663,.F.);
#2545 = SURFACE_OF_LINEAR_EXTRUSION('',#2546,#2550);
#2546 = B_SPLINE_CURVE_WITH_KNOTS('',2,(#2547,#2548,#2549),
  .UNSPECIFIED.,.F.,.F.,(3,3),(0.,1.),.PIECEWISE_BEZIER_KNOTS.);
#2547 = CARTESIAN_POINT('',(4.26190642819,-3.671068249258,10.));
#2548 = CARTESIAN_POINT('',(4.04881295638,-3.596698813056,10.));
#2549 = CARTESIAN_POINT('',(3.690504351039,-3.510830860534,10.));
#2550 = VECTOR('',#2551,1.);
#2551 = DIRECTION('',(0.,0.,1.));
#2552 = ADVANCED_FACE('',(#2553),#2571,.T.);
#2553 = FACE_BOUND('',#2554,.T.);
#2554 = EDGE_LOOP('',(#2555,#2563,#2569,#2570));
#2555 = ORIENTED_EDGE('',*,*,#2556,.T.);
#2556 = EDGE_CURVE('',#648,#2557,#2559,.T.);
#2557 = VERTEX_POINT('',#2558);
#2558 = CARTESIAN_POINT('',(4.574591888131,-3.836869436202,9.6));
#2559 = LINE('',#2560,#2561);
#2560 = CARTESIAN_POINT('',(4.574591888131,-3.836869436202,10.));
#2561 = VECTOR('',#2562,1.);
#2562 = DIRECTION('',(-0.,-0.,-1.));
#2563 = ORIENTED_EDGE('',*,*,#2564,.T.);
#2564 = EDGE_CURVE('',#2557,#2531,#2565,.T.);
#2565 = B_SPLINE_CURVE_WITH_KNOTS('',2,(#2566,#2567,#2568),
  .UNSPECIFIED.,.F.,.F.,(3,3),(0.,1.),.PIECEWISE_BEZIER_KNOTS.);
#2566 = CARTESIAN_POINT('',(4.574591888131,-3.836869436202,9.6));
#2567 = CARTESIAN_POINT('',(4.475185359941,-3.745252225519,9.6));
#2568 = CARTESIAN_POINT('',(4.26190642819,-3.671068249258,9.6));
#2569 = ORIENTED_EDGE('',*,*,#2530,.F.);
#2570 = ORIENTED_EDGE('',*,*,#655,.F.);
#2571 = SURFACE_OF_LINEAR_EXTRUSION('',#2572,#2576);
#2572 = B_SPLINE_CURVE_WITH_KNOTS('',2,(#2573,#2574,#2575),
  .UNSPECIFIED.,.F.,.F.,(3,3),(0.,1.),.PIECEWISE_BEZIER_KNOTS.);
#2573 = CARTESIAN_POINT('',(4.574591888131,-3.836869436202,10.));
#2574 = CARTESIAN_POINT('',(4.475185359941,-3.745252225519,10.));
#2575 = CARTESIAN_POINT('',(4.26190642819,-3.671068249258,10.));
#2576 = VECTOR('',#2577,1.);
#2577 = DIRECTION('',(0.,0.,1.));
#2578 = ADVANCED_FACE('',(#2579),#2597,.T.);
#2579 = FACE_BOUND('',#2580,.T.);
#2580 = EDGE_LOOP('',(#2581,#2589,#2595,#2596));
#2581 = ORIENTED_EDGE('',*,*,#2582,.T.);
#2582 = EDGE_CURVE('',#640,#2583,#2585,.T.);
#2583 = VERTEX_POINT('',#2584);
#2584 = CARTESIAN_POINT('',(4.674183876261,-4.077225519288,9.6));
#2585 = LINE('',#2586,#2587);
#2586 = CARTESIAN_POINT('',(4.674183876261,-4.077225519288,10.));
#2587 = VECTOR('',#2588,1.);
#2588 = DIRECTION('',(-0.,-0.,-1.));
#2589 = ORIENTED_EDGE('',*,*,#2590,.T.);
#2590 = EDGE_CURVE('',#2583,#2557,#2591,.T.);
#2591 = B_SPLINE_CURVE_WITH_KNOTS('',2,(#2592,#2593,#2594),
  .UNSPECIFIED.,.F.,.F.,(3,3),(0.,1.),.PIECEWISE_BEZIER_KNOTS.);
#2592 = CARTESIAN_POINT('',(4.674183876261,-4.077225519288,9.6));
#2593 = CARTESIAN_POINT('',(4.674183876261,-3.928301186944,9.6));
#2594 = CARTESIAN_POINT('',(4.574591888131,-3.836869436202,9.6));
#2595 = ORIENTED_EDGE('',*,*,#2556,.F.);
#2596 = ORIENTED_EDGE('',*,*,#647,.F.);
#2597 = SURFACE_OF_LINEAR_EXTRUSION('',#2598,#2602);
#2598 = B_SPLINE_CURVE_WITH_KNOTS('',2,(#2599,#2600,#2601),
  .UNSPECIFIED.,.F.,.F.,(3,3),(0.,1.),.PIECEWISE_BEZIER_KNOTS.);
#2599 = CARTESIAN_POINT('',(4.674183876261,-4.077225519288,10.));
#2600 = CARTESIAN_POINT('',(4.674183876261,-3.928301186944,10.));
#2601 = CARTESIAN_POINT('',(4.574591888131,-3.836869436202,10.));
#2602 = VECTOR('',#2603,1.);
#2603 = DIRECTION('',(0.,0.,1.));
#2604 = ADVANCED_FACE('',(#2605),#2623,.T.);
#2605 = FACE_BOUND('',#2606,.T.);
#2606 = EDGE_LOOP('',(#2607,#2615,#2621,#2622));
#2607 = ORIENTED_EDGE('',*,*,#2608,.T.);
#2608 = EDGE_CURVE('',#632,#2609,#2611,.T.);
#2609 = VERTEX_POINT('',#2610);
#2610 = CARTESIAN_POINT('',(4.489836695252,-4.403449554896,9.6));
#2611 = LINE('',#2612,#2613);
#2612 = CARTESIAN_POINT('',(4.489836695252,-4.403449554896,10.));
#2613 = VECTOR('',#2614,1.);
#2614 = DIRECTION('',(-0.,-0.,-1.));
#2615 = ORIENTED_EDGE('',*,*,#2616,.T.);
#2616 = EDGE_CURVE('',#2609,#2583,#2617,.T.);
#2617 = B_SPLINE_CURVE_WITH_KNOTS('',2,(#2618,#2619,#2620),
  .UNSPECIFIED.,.F.,.F.,(3,3),(0.,1.),.PIECEWISE_BEZIER_KNOTS.);
#2618 = CARTESIAN_POINT('',(4.489836695252,-4.403449554896,9.6));
#2619 = CARTESIAN_POINT('',(4.674183876261,-4.283271513353,9.6));
#2620 = CARTESIAN_POINT('',(4.674183876261,-4.077225519288,9.6));
#2621 = ORIENTED_EDGE('',*,*,#2582,.F.);
#2622 = ORIENTED_EDGE('',*,*,#639,.F.);
#2623 = SURFACE_OF_LINEAR_EXTRUSION('',#2624,#2628);
#2624 = B_SPLINE_CURVE_WITH_KNOTS('',2,(#2625,#2626,#2627),
  .UNSPECIFIED.,.F.,.F.,(3,3),(0.,1.),.PIECEWISE_BEZIER_KNOTS.);
#2625 = CARTESIAN_POINT('',(4.489836695252,-4.403449554896,10.));
#2626 = CARTESIAN_POINT('',(4.674183876261,-4.283271513353,10.));
#2627 = CARTESIAN_POINT('',(4.674183876261,-4.077225519288,10.));
#2628 = VECTOR('',#2629,1.);
#2629 = DIRECTION('',(0.,0.,1.));
#2630 = ADVANCED_FACE('',(#2631),#2649,.T.);
#2631 = FACE_BOUND('',#2632,.T.);
#2632 = EDGE_LOOP('',(#2633,#2641,#2647,#2648));
#2633 = ORIENTED_EDGE('',*,*,#2634,.T.);
#2634 = EDGE_CURVE('',#624,#2635,#2637,.T.);
#2635 = VERTEX_POINT('',#2636);
#2636 = CARTESIAN_POINT('',(3.937166072107,-4.523442136499,9.6));
#2637 = LINE('',#2638,#2639);
#2638 = CARTESIAN_POINT('',(3.937166072107,-4.523442136499,10.));
#2639 = VECTOR('',#2640,1.);
#2640 = DIRECTION('',(-0.,-0.,-1.));
#2641 = ORIENTED_EDGE('',*,*,#2642,.T.);
#2642 = EDGE_CURVE('',#2635,#2609,#2643,.T.);
#2643 = B_SPLINE_CURVE_WITH_KNOTS('',2,(#2644,#2645,#2646),
  .UNSPECIFIED.,.F.,.F.,(3,3),(0.,1.),.PIECEWISE_BEZIER_KNOTS.);
#2644 = CARTESIAN_POINT('',(3.937166072107,-4.523442136499,9.6));
#2645 = CARTESIAN_POINT('',(4.305674974184,-4.523442136499,9.6));
#2646 = CARTESIAN_POINT('',(4.489836695252,-4.403449554896,9.6));
#2647 = ORIENTED_EDGE('',*,*,#2608,.F.);
#2648 = ORIENTED_EDGE('',*,*,#631,.F.);
#2649 = SURFACE_OF_LINEAR_EXTRUSION('',#2650,#2654);
#2650 = B_SPLINE_CURVE_WITH_KNOTS('',2,(#2651,#2652,#2653),
  .UNSPECIFIED.,.F.,.F.,(3,3),(0.,1.),.PIECEWISE_BEZIER_KNOTS.);
#2651 = CARTESIAN_POINT('',(3.937166072107,-4.523442136499,10.));
#2652 = CARTESIAN_POINT('',(4.305674974184,-4.523442136499,10.));
#2653 = CARTESIAN_POINT('',(4.489836695252,-4.403449554896,10.));
#2654 = VECTOR('',#2655,1.);
#2655 = DIRECTION('',(0.,0.,1.));
#2656 = ADVANCED_FACE('',(#2657),#2675,.T.);
#2657 = FACE_BOUND('',#2658,.T.);
#2658 = EDGE_LOOP('',(#2659,#2667,#2673,#2674));
#2659 = ORIENTED_EDGE('',*,*,#2660,.T.);
#2660 = EDGE_CURVE('',#616,#2661,#2663,.T.);
#2661 = VERTEX_POINT('',#2662);
#2662 = CARTESIAN_POINT('',(3.55734411365,-4.463353115727,9.6));
#2663 = LINE('',#2664,#2665);
#2664 = CARTESIAN_POINT('',(3.55734411365,-4.463353115727,10.));
#2665 = VECTOR('',#2666,1.);
#2666 = DIRECTION('',(-0.,-0.,-1.));
#2667 = ORIENTED_EDGE('',*,*,#2668,.T.);
#2668 = EDGE_CURVE('',#2661,#2635,#2669,.T.);
#2669 = B_SPLINE_CURVE_WITH_KNOTS('',2,(#2670,#2671,#2672),
  .UNSPECIFIED.,.F.,.F.,(3,3),(0.,1.),.PIECEWISE_BEZIER_KNOTS.);
#2670 = CARTESIAN_POINT('',(3.55734411365,-4.463353115727,9.6));
#2671 = CARTESIAN_POINT('',(3.710348564688,-4.523442136499,9.6));
#2672 = CARTESIAN_POINT('',(3.937166072107,-4.523442136499,9.6));
#2673 = ORIENTED_EDGE('',*,*,#2634,.F.);
#2674 = ORIENTED_EDGE('',*,*,#623,.F.);
#2675 = SURFACE_OF_LINEAR_EXTRUSION('',#2676,#2680);
#2676 = B_SPLINE_CURVE_WITH_KNOTS('',2,(#2677,#2678,#2679),
  .UNSPECIFIED.,.F.,.F.,(3,3),(0.,1.),.PIECEWISE_BEZIER_KNOTS.);
#2677 = CARTESIAN_POINT('',(3.55734411365,-4.463353115727,10.));
#2678 = CARTESIAN_POINT('',(3.710348564688,-4.523442136499,10.));
#2679 = CARTESIAN_POINT('',(3.937166072107,-4.523442136499,10.));
#2680 = VECTOR('',#2681,1.);
#2681 = DIRECTION('',(0.,0.,1.));
#2682 = ADVANCED_FACE('',(#2683),#2701,.T.);
#2683 = FACE_BOUND('',#2684,.T.);
#2684 = EDGE_LOOP('',(#2685,#2693,#2699,#2700));
#2685 = ORIENTED_EDGE('',*,*,#2686,.T.);
#2686 = EDGE_CURVE('',#608,#2687,#2689,.T.);
#2687 = VERTEX_POINT('',#2688);
#2688 = CARTESIAN_POINT('',(3.316431650742,-4.311461424332,9.6));
#2689 = LINE('',#2690,#2691);
#2690 = CARTESIAN_POINT('',(3.316431650742,-4.311461424332,10.));
#2691 = VECTOR('',#2692,1.);
#2692 = DIRECTION('',(-0.,-0.,-1.));
#2693 = ORIENTED_EDGE('',*,*,#2694,.T.);
#2694 = EDGE_CURVE('',#2687,#2661,#2695,.T.);
#2695 = B_SPLINE_CURVE_WITH_KNOTS('',2,(#2696,#2697,#2698),
  .UNSPECIFIED.,.F.,.F.,(3,3),(0.,1.),.PIECEWISE_BEZIER_KNOTS.);
#2696 = CARTESIAN_POINT('',(3.316431650742,-4.311461424332,9.6));
#2697 = CARTESIAN_POINT('',(3.404339662611,-4.403078635015,9.6));
#2698 = CARTESIAN_POINT('',(3.55734411365,-4.463353115727,9.6));
#2699 = ORIENTED_EDGE('',*,*,#2660,.F.);
#2700 = ORIENTED_EDGE('',*,*,#615,.F.);
#2701 = SURFACE_OF_LINEAR_EXTRUSION('',#2702,#2706);
#2702 = B_SPLINE_CURVE_WITH_KNOTS('',2,(#2703,#2704,#2705),
  .UNSPECIFIED.,.F.,.F.,(3,3),(0.,1.),.PIECEWISE_BEZIER_KNOTS.);
#2703 = CARTESIAN_POINT('',(3.316431650742,-4.311461424332,10.));
#2704 = CARTESIAN_POINT('',(3.404339662611,-4.403078635015,10.));
#2705 = CARTESIAN_POINT('',(3.55734411365,-4.463353115727,10.));
#2706 = VECTOR('',#2707,1.);
#2707 = DIRECTION('',(0.,0.,1.));
#2708 = ADVANCED_FACE('',(#2709),#2727,.T.);
#2709 = FACE_BOUND('',#2710,.T.);
#2710 = EDGE_LOOP('',(#2711,#2719,#2725,#2726));
#2711 = ORIENTED_EDGE('',*,*,#2712,.T.);
#2712 = EDGE_CURVE('',#600,#2713,#2715,.T.);
#2713 = VERTEX_POINT('',#2714);
#2714 = CARTESIAN_POINT('',(3.189020671513,-4.122292284866,9.6));
#2715 = LINE('',#2716,#2717);
#2716 = CARTESIAN_POINT('',(3.189020671513,-4.122292284866,10.));
#2717 = VECTOR('',#2718,1.);
#2718 = DIRECTION('',(-0.,-0.,-1.));
#2719 = ORIENTED_EDGE('',*,*,#2720,.T.);
#2720 = EDGE_CURVE('',#2713,#2687,#2721,.T.);
#2721 = B_SPLINE_CURVE_WITH_KNOTS('',2,(#2722,#2723,#2724),
  .UNSPECIFIED.,.F.,.F.,(3,3),(0.,1.),.PIECEWISE_BEZIER_KNOTS.);
#2722 = CARTESIAN_POINT('',(3.189020671513,-4.122292284866,9.6));
#2723 = CARTESIAN_POINT('',(3.228709098813,-4.21984421365,9.6));
#2724 = CARTESIAN_POINT('',(3.316431650742,-4.311461424332,9.6));
#2725 = ORIENTED_EDGE('',*,*,#2686,.F.);
#2726 = ORIENTED_EDGE('',*,*,#607,.F.);
#2727 = SURFACE_OF_LINEAR_EXTRUSION('',#2728,#2732);
#2728 = B_SPLINE_CURVE_WITH_KNOTS('',2,(#2729,#2730,#2731),
  .UNSPECIFIED.,.F.,.F.,(3,3),(0.,1.),.PIECEWISE_BEZIER_KNOTS.);
#2729 = CARTESIAN_POINT('',(3.189020671513,-4.122292284866,10.));
#2730 = CARTESIAN_POINT('',(3.228709098813,-4.21984421365,10.));
#2731 = CARTESIAN_POINT('',(3.316431650742,-4.311461424332,10.));
#2732 = VECTOR('',#2733,1.);
#2733 = DIRECTION('',(0.,0.,1.));
#2734 = ADVANCED_FACE('',(#2735),#2753,.T.);
#2735 = FACE_BOUND('',#2736,.T.);
#2736 = EDGE_LOOP('',(#2737,#2745,#2751,#2752));
#2737 = ORIENTED_EDGE('',*,*,#2738,.T.);
#2738 = EDGE_CURVE('',#592,#2739,#2741,.T.);
#2739 = VERTEX_POINT('',#2740);
#2740 = CARTESIAN_POINT('',(3.115393075074,-4.044955489614,9.6));
#2741 = LINE('',#2742,#2743);
#2742 = CARTESIAN_POINT('',(3.115393075074,-4.044955489614,10.));
#2743 = VECTOR('',#2744,1.);
#2744 = DIRECTION('',(-0.,-0.,-1.));
#2745 = ORIENTED_EDGE('',*,*,#2746,.T.);
#2746 = EDGE_CURVE('',#2739,#2713,#2747,.T.);
#2747 = B_SPLINE_CURVE_WITH_KNOTS('',2,(#2748,#2749,#2750),
  .UNSPECIFIED.,.F.,.F.,(3,3),(0.,1.),.PIECEWISE_BEZIER_KNOTS.);
#2748 = CARTESIAN_POINT('',(3.115393075074,-4.044955489614,9.6));
#2749 = CARTESIAN_POINT('',(3.155081502374,-4.076483679525,9.6));
#2750 = CARTESIAN_POINT('',(3.189020671513,-4.122292284866,9.6));
#2751 = ORIENTED_EDGE('',*,*,#2712,.F.);
#2752 = ORIENTED_EDGE('',*,*,#599,.F.);
#2753 = SURFACE_OF_LINEAR_EXTRUSION('',#2754,#2758);
#2754 = B_SPLINE_CURVE_WITH_KNOTS('',2,(#2755,#2756,#2757),
  .UNSPECIFIED.,.F.,.F.,(3,3),(0.,1.),.PIECEWISE_BEZIER_KNOTS.);
#2755 = CARTESIAN_POINT('',(3.115393075074,-4.044955489614,10.));
#2756 = CARTESIAN_POINT('',(3.155081502374,-4.076483679525,10.));
#2757 = CARTESIAN_POINT('',(3.189020671513,-4.122292284866,10.));
#2758 = VECTOR('',#2759,1.);
#2759 = DIRECTION('',(0.,0.,1.));
#2760 = ADVANCED_FACE('',(#2761),#2779,.T.);
#2761 = FACE_BOUND('',#2762,.T.);
#2762 = EDGE_LOOP('',(#2763,#2771,#2777,#2778));
#2763 = ORIENTED_EDGE('',*,*,#2764,.T.);
#2764 = EDGE_CURVE('',#584,#2765,#2767,.T.);
#2765 = VERTEX_POINT('',#2766);
#2766 = CARTESIAN_POINT('',(3.001891591395,-4.013427299703,9.6));
#2767 = LINE('',#2768,#2769);
#2768 = CARTESIAN_POINT('',(3.001891591395,-4.013427299703,10.));
#2769 = VECTOR('',#2770,1.);
#2770 = DIRECTION('',(-0.,-0.,-1.));
#2771 = ORIENTED_EDGE('',*,*,#2772,.T.);
#2772 = EDGE_CURVE('',#2765,#2739,#2773,.T.);
#2773 = B_SPLINE_CURVE_WITH_KNOTS('',2,(#2774,#2775,#2776),
  .UNSPECIFIED.,.F.,.F.,(3,3),(0.,1.),.PIECEWISE_BEZIER_KNOTS.);
#2774 = CARTESIAN_POINT('',(3.001891591395,-4.013427299703,9.6));
#2775 = CARTESIAN_POINT('',(3.075704647774,-4.013427299703,9.6));
#2776 = CARTESIAN_POINT('',(3.115393075074,-4.044955489614,9.6));
#2777 = ORIENTED_EDGE('',*,*,#2738,.F.);
#2778 = ORIENTED_EDGE('',*,*,#591,.F.);
#2779 = SURFACE_OF_LINEAR_EXTRUSION('',#2780,#2784);
#2780 = B_SPLINE_CURVE_WITH_KNOTS('',2,(#2781,#2782,#2783),
  .UNSPECIFIED.,.F.,.F.,(3,3),(0.,1.),.PIECEWISE_BEZIER_KNOTS.);
#2781 = CARTESIAN_POINT('',(3.001891591395,-4.013427299703,10.));
#2782 = CARTESIAN_POINT('',(3.075704647774,-4.013427299703,10.));
#2783 = CARTESIAN_POINT('',(3.115393075074,-4.044955489614,10.));
#2784 = VECTOR('',#2785,1.);
#2785 = DIRECTION('',(0.,0.,1.));
#2786 = ADVANCED_FACE('',(#2787),#2805,.T.);
#2787 = FACE_BOUND('',#2788,.T.);
#2788 = EDGE_LOOP('',(#2789,#2797,#2803,#2804));
#2789 = ORIENTED_EDGE('',*,*,#2790,.T.);
#2790 = EDGE_CURVE('',#576,#2791,#2793,.T.);
#2791 = VERTEX_POINT('',#2792);
#2792 = CARTESIAN_POINT('',(2.39543758546,-4.013427299703,9.6));
#2793 = LINE('',#2794,#2795);
#2794 = CARTESIAN_POINT('',(2.39543758546,-4.013427299703,10.));
#2795 = VECTOR('',#2796,1.);
#2796 = DIRECTION('',(-0.,-0.,-1.));
#2797 = ORIENTED_EDGE('',*,*,#2798,.T.);
#2798 = EDGE_CURVE('',#2791,#2765,#2799,.T.);
#2799 = LINE('',#2800,#2801);
#2800 = CARTESIAN_POINT('',(2.39543758546,-4.013427299703,9.6));
#2801 = VECTOR('',#2802,1.);
#2802 = DIRECTION('',(1.,0.,0.));
#2803 = ORIENTED_EDGE('',*,*,#2764,.F.);
#2804 = ORIENTED_EDGE('',*,*,#583,.F.);
#2805 = PLANE('',#2806);
#2806 = AXIS2_PLACEMENT_3D('',#2807,#2808,#2809);
#2807 = CARTESIAN_POINT('',(2.39543758546,-4.013427299703,10.));
#2808 = DIRECTION('',(0.,-1.,0.));
#2809 = DIRECTION('',(1.,0.,0.));
#2810 = ADVANCED_FACE('',(#2811),#2829,.T.);
#2811 = FACE_BOUND('',#2812,.T.);
#2812 = EDGE_LOOP('',(#2813,#2821,#2827,#2828));
#2813 = ORIENTED_EDGE('',*,*,#2814,.T.);
#2814 = EDGE_CURVE('',#568,#2815,#2817,.T.);
#2815 = VERTEX_POINT('',#2816);
#2816 = CARTESIAN_POINT('',(2.307529573591,-4.050704747774,9.6));
#2817 = LINE('',#2818,#2819);
#2818 = CARTESIAN_POINT('',(2.307529573591,-4.050704747774,10.));
#2819 = VECTOR('',#2820,1.);
#2820 = DIRECTION('',(-0.,-0.,-1.));
#2821 = ORIENTED_EDGE('',*,*,#2822,.T.);
#2822 = EDGE_CURVE('',#2815,#2791,#2823,.T.);
#2823 = B_SPLINE_CURVE_WITH_KNOTS('',2,(#2824,#2825,#2826),
  .UNSPECIFIED.,.F.,.F.,(3,3),(0.,1.),.PIECEWISE_BEZIER_KNOTS.);
#2824 = CARTESIAN_POINT('',(2.307529573591,-4.050704747774,9.6));
#2825 = CARTESIAN_POINT('',(2.34443610178,-4.013427299703,9.6));
#2826 = CARTESIAN_POINT('',(2.39543758546,-4.013427299703,9.6));
#2827 = ORIENTED_EDGE('',*,*,#2790,.F.);
#2828 = ORIENTED_EDGE('',*,*,#575,.F.);
#2829 = SURFACE_OF_LINEAR_EXTRUSION('',#2830,#2834);
#2830 = B_SPLINE_CURVE_WITH_KNOTS('',2,(#2831,#2832,#2833),
  .UNSPECIFIED.,.F.,.F.,(3,3),(0.,1.),.PIECEWISE_BEZIER_KNOTS.);
#2831 = CARTESIAN_POINT('',(2.307529573591,-4.050704747774,10.));
#2832 = CARTESIAN_POINT('',(2.34443610178,-4.013427299703,10.));
#2833 = CARTESIAN_POINT('',(2.39543758546,-4.013427299703,10.));
#2834 = VECTOR('',#2835,1.);
#2835 = DIRECTION('',(0.,0.,1.));
#2836 = ADVANCED_FACE('',(#2837),#2855,.T.);
#2837 = FACE_BOUND('',#2838,.T.);
#2838 = EDGE_LOOP('',(#2839,#2847,#2853,#2854));
#2839 = ORIENTED_EDGE('',*,*,#2840,.T.);
#2840 = EDGE_CURVE('',#560,#2841,#2843,.T.);
#2841 = VERTEX_POINT('',#2842);
#2842 = CARTESIAN_POINT('',(2.270623045401,-4.133790801187,9.6));
#2843 = LINE('',#2844,#2845);
#2844 = CARTESIAN_POINT('',(2.270623045401,-4.133790801187,10.));
#2845 = VECTOR('',#2846,1.);
#2846 = DIRECTION('',(-0.,-0.,-1.));
#2847 = ORIENTED_EDGE('',*,*,#2848,.T.);
#2848 = EDGE_CURVE('',#2841,#2815,#2849,.T.);
#2849 = B_SPLINE_CURVE_WITH_KNOTS('',2,(#2850,#2851,#2852),
  .UNSPECIFIED.,.F.,.F.,(3,3),(0.,1.),.PIECEWISE_BEZIER_KNOTS.);
#2850 = CARTESIAN_POINT('',(2.270623045401,-4.133790801187,9.6));
#2851 = CARTESIAN_POINT('',(2.270623045401,-4.087982195846,9.6));
#2852 = CARTESIAN_POINT('',(2.307529573591,-4.050704747774,9.6));
#2853 = ORIENTED_EDGE('',*,*,#2814,.F.);
#2854 = ORIENTED_EDGE('',*,*,#567,.F.);
#2855 = SURFACE_OF_LINEAR_EXTRUSION('',#2856,#2860);
#2856 = B_SPLINE_CURVE_WITH_KNOTS('',2,(#2857,#2858,#2859),
  .UNSPECIFIED.,.F.,.F.,(3,3),(0.,1.),.PIECEWISE_BEZIER_KNOTS.);
#2857 = CARTESIAN_POINT('',(2.270623045401,-4.133790801187,10.));
#2858 = CARTESIAN_POINT('',(2.270623045401,-4.087982195846,10.));
#2859 = CARTESIAN_POINT('',(2.307529573591,-4.050704747774,10.));
#2860 = VECTOR('',#2861,1.);
#2861 = DIRECTION('',(0.,0.,1.));
#2862 = ADVANCED_FACE('',(#2863),#2881,.T.);
#2863 = FACE_BOUND('',#2864,.T.);
#2864 = EDGE_LOOP('',(#2865,#2873,#2879,#2880));
#2865 = ORIENTED_EDGE('',*,*,#2866,.T.);
#2866 = EDGE_CURVE('',#552,#2867,#2869,.T.);
#2867 = VERTEX_POINT('',#2868);
#2868 = CARTESIAN_POINT('',(2.418805537982,-4.624517804154,9.6));
#2869 = LINE('',#2870,#2871);
#2870 = CARTESIAN_POINT('',(2.418805537982,-4.624517804154,10.));
#2871 = VECTOR('',#2872,1.);
#2872 = DIRECTION('',(-0.,-0.,-1.));
#2873 = ORIENTED_EDGE('',*,*,#2874,.T.);
#2874 = EDGE_CURVE('',#2867,#2841,#2875,.T.);
#2875 = B_SPLINE_CURVE_WITH_KNOTS('',2,(#2876,#2877,#2878),
  .UNSPECIFIED.,.F.,.F.,(3,3),(0.,1.),.PIECEWISE_BEZIER_KNOTS.);
#2876 = CARTESIAN_POINT('',(2.418805537982,-4.624517804154,9.6));
#2877 = CARTESIAN_POINT('',(2.270623045401,-4.390652818991,9.6));
#2878 = CARTESIAN_POINT('',(2.270623045401,-4.133790801187,9.6));
#2879 = ORIENTED_EDGE('',*,*,#2840,.F.);
#2880 = ORIENTED_EDGE('',*,*,#559,.F.);
#2881 = SURFACE_OF_LINEAR_EXTRUSION('',#2882,#2886);
#2882 = B_SPLINE_CURVE_WITH_KNOTS('',2,(#2883,#2884,#2885),
  .UNSPECIFIED.,.F.,.F.,(3,3),(0.,1.),.PIECEWISE_BEZIER_KNOTS.);
#2883 = CARTESIAN_POINT('',(2.418805537982,-4.624517804154,10.));
#2884 = CARTESIAN_POINT('',(2.270623045401,-4.390652818991,10.));
#2885 = CARTESIAN_POINT('',(2.270623045401,-4.133790801187,10.));
#2886 = VECTOR('',#2887,1.);
#2887 = DIRECTION('',(0.,0.,1.));
#2888 = ADVANCED_FACE('',(#2889),#2907,.T.);
#2889 = FACE_BOUND('',#2890,.T.);
#2890 = EDGE_LOOP('',(#2891,#2899,#2905,#2906));
#2891 = ORIENTED_EDGE('',*,*,#2892,.T.);
#2892 = EDGE_CURVE('',#544,#2893,#2895,.T.);
#2893 = VERTEX_POINT('',#2894);
#2894 = CARTESIAN_POINT('',(2.857789217507,-5.020845697329,9.6));
#2895 = LINE('',#2896,#2897);
#2896 = CARTESIAN_POINT('',(2.857789217507,-5.020845697329,10.));
#2897 = VECTOR('',#2898,1.);
#2898 = DIRECTION('',(-0.,-0.,-1.));
#2899 = ORIENTED_EDGE('',*,*,#2900,.T.);
#2900 = EDGE_CURVE('',#2893,#2867,#2901,.T.);
#2901 = B_SPLINE_CURVE_WITH_KNOTS('',2,(#2902,#2903,#2904),
  .UNSPECIFIED.,.F.,.F.,(3,3),(0.,1.),.PIECEWISE_BEZIER_KNOTS.);
#2902 = CARTESIAN_POINT('',(2.857789217507,-5.020845697329,9.6));
#2903 = CARTESIAN_POINT('',(2.566988030564,-4.858197329377,9.6));
#2904 = CARTESIAN_POINT('',(2.418805537982,-4.624517804154,9.6));
#2905 = ORIENTED_EDGE('',*,*,#2866,.F.);
#2906 = ORIENTED_EDGE('',*,*,#551,.F.);
#2907 = SURFACE_OF_LINEAR_EXTRUSION('',#2908,#2912);
#2908 = B_SPLINE_CURVE_WITH_KNOTS('',2,(#2909,#2910,#2911),
  .UNSPECIFIED.,.F.,.F.,(3,3),(0.,1.),.PIECEWISE_BEZIER_KNOTS.);
#2909 = CARTESIAN_POINT('',(2.857789217507,-5.020845697329,10.));
#2910 = CARTESIAN_POINT('',(2.566988030564,-4.858197329377,10.));
#2911 = CARTESIAN_POINT('',(2.418805537982,-4.624517804154,10.));
#2912 = VECTOR('',#2913,1.);
#2913 = DIRECTION('',(0.,0.,1.));
#2914 = ADVANCED_FACE('',(#2915),#2933,.T.);
#2915 = FACE_BOUND('',#2916,.T.);
#2916 = EDGE_LOOP('',(#2917,#2925,#2931,#2932));
#2917 = ORIENTED_EDGE('',*,*,#2918,.T.);
#2918 = EDGE_CURVE('',#536,#2919,#2921,.T.);
#2919 = VERTEX_POINT('',#2920);
#2920 = CARTESIAN_POINT('',(3.582195745697,-5.234866468843,9.6));
#2921 = LINE('',#2922,#2923);
#2922 = CARTESIAN_POINT('',(3.582195745697,-5.234866468843,10.));
#2923 = VECTOR('',#2924,1.);
#2924 = DIRECTION('',(-0.,-0.,-1.));
#2925 = ORIENTED_EDGE('',*,*,#2926,.T.);
#2926 = EDGE_CURVE('',#2919,#2893,#2927,.T.);
#2927 = B_SPLINE_CURVE_WITH_KNOTS('',2,(#2928,#2929,#2930),
  .UNSPECIFIED.,.F.,.F.,(3,3),(0.,1.),.PIECEWISE_BEZIER_KNOTS.);
#2928 = CARTESIAN_POINT('',(3.582195745697,-5.234866468843,9.6));
#2929 = CARTESIAN_POINT('',(3.148775864392,-5.183494065282,9.6));
#2930 = CARTESIAN_POINT('',(2.857789217507,-5.020845697329,9.6));
#2931 = ORIENTED_EDGE('',*,*,#2892,.F.);
#2932 = ORIENTED_EDGE('',*,*,#543,.F.);
#2933 = SURFACE_OF_LINEAR_EXTRUSION('',#2934,#2938);
#2934 = B_SPLINE_CURVE_WITH_KNOTS('',2,(#2935,#2936,#2937),
  .UNSPECIFIED.,.F.,.F.,(3,3),(0.,1.),.PIECEWISE_BEZIER_KNOTS.);
#2935 = CARTESIAN_POINT('',(3.582195745697,-5.234866468843,10.));
#2936 = CARTESIAN_POINT('',(3.148775864392,-5.183494065282,10.));
#2937 = CARTESIAN_POINT('',(2.857789217507,-5.020845697329,10.));
#2938 = VECTOR('',#2939,1.);
#2939 = DIRECTION('',(0.,0.,1.));
#2940 = ADVANCED_FACE('',(#2941),#2959,.T.);
#2941 = FACE_BOUND('',#2942,.T.);
#2942 = EDGE_LOOP('',(#2943,#2951,#2957,#2958));
#2943 = ORIENTED_EDGE('',*,*,#2944,.T.);
#2944 = EDGE_CURVE('',#528,#2945,#2947,.T.);
#2945 = VERTEX_POINT('',#2946);
#2946 = CARTESIAN_POINT('',(3.582195745697,-5.627485163205,9.6));
#2947 = LINE('',#2948,#2949);
#2948 = CARTESIAN_POINT('',(3.582195745697,-5.627485163205,10.));
#2949 = VECTOR('',#2950,1.);
#2950 = DIRECTION('',(-0.,-0.,-1.));
#2951 = ORIENTED_EDGE('',*,*,#2952,.T.);
#2952 = EDGE_CURVE('',#2945,#2919,#2953,.T.);
#2953 = LINE('',#2954,#2955);
#2954 = CARTESIAN_POINT('',(3.582195745697,-5.627485163205,9.6));
#2955 = VECTOR('',#2956,1.);
#2956 = DIRECTION('',(0.,1.,0.));
#2957 = ORIENTED_EDGE('',*,*,#2918,.F.);
#2958 = ORIENTED_EDGE('',*,*,#535,.F.);
#2959 = PLANE('',#2960);
#2960 = AXIS2_PLACEMENT_3D('',#2961,#2962,#2963);
#2961 = CARTESIAN_POINT('',(3.582195745697,-5.627485163205,10.));
#2962 = DIRECTION('',(1.,0.,0.));
#2963 = DIRECTION('',(-0.,1.,0.));
#2964 = ADVANCED_FACE('',(#2965),#2983,.T.);
#2965 = FACE_BOUND('',#2966,.T.);
#2966 = EDGE_LOOP('',(#2967,#2975,#2981,#2982));
#2967 = ORIENTED_EDGE('',*,*,#2968,.T.);
#2968 = EDGE_CURVE('',#520,#2969,#2971,.T.);
#2969 = VERTEX_POINT('',#2970);
#2970 = CARTESIAN_POINT('',(3.622255092878,-5.729859050445,9.6));
#2971 = LINE('',#2972,#2973);
#2972 = CARTESIAN_POINT('',(3.622255092878,-5.729859050445,10.));
#2973 = VECTOR('',#2974,1.);
#2974 = DIRECTION('',(-0.,-0.,-1.));
#2975 = ORIENTED_EDGE('',*,*,#2976,.T.);
#2976 = EDGE_CURVE('',#2969,#2945,#2977,.T.);
#2977 = B_SPLINE_CURVE_WITH_KNOTS('',2,(#2978,#2979,#2980),
  .UNSPECIFIED.,.F.,.F.,(3,3),(0.,1.),.PIECEWISE_BEZIER_KNOTS.);
#2978 = CARTESIAN_POINT('',(3.622255092878,-5.729859050445,9.6));
#2979 = CARTESIAN_POINT('',(3.582195745697,-5.689985163205,9.6));
#2980 = CARTESIAN_POINT('',(3.582195745697,-5.627485163205,9.6));
#2981 = ORIENTED_EDGE('',*,*,#2944,.F.);
#2982 = ORIENTED_EDGE('',*,*,#527,.F.);
#2983 = SURFACE_OF_LINEAR_EXTRUSION('',#2984,#2988);
#2984 = B_SPLINE_CURVE_WITH_KNOTS('',2,(#2985,#2986,#2987),
  .UNSPECIFIED.,.F.,.F.,(3,3),(0.,1.),.PIECEWISE_BEZIER_KNOTS.);
#2985 = CARTESIAN_POINT('',(3.622255092878,-5.729859050445,10.));
#2986 = CARTESIAN_POINT('',(3.582195745697,-5.689985163205,10.));
#2987 = CARTESIAN_POINT('',(3.582195745697,-5.627485163205,10.));
#2988 = VECTOR('',#2989,1.);
#2989 = DIRECTION('',(0.,0.,1.));
#2990 = ADVANCED_FACE('',(#2991),#3002,.T.);
#2991 = FACE_BOUND('',#2992,.T.);
#2992 = EDGE_LOOP('',(#2993,#2994,#3000,#3001));
#2993 = ORIENTED_EDGE('',*,*,#1589,.T.);
#2994 = ORIENTED_EDGE('',*,*,#2995,.T.);
#2995 = EDGE_CURVE('',#1582,#2969,#2996,.T.);
#2996 = B_SPLINE_CURVE_WITH_KNOTS('',2,(#2997,#2998,#2999),
  .UNSPECIFIED.,.F.,.F.,(3,3),(0.,1.),.PIECEWISE_BEZIER_KNOTS.);
#2997 = CARTESIAN_POINT('',(3.725556279822,-5.769732937685,9.6));
#2998 = CARTESIAN_POINT('',(3.6624999,-5.769732937685,9.6));
#2999 = CARTESIAN_POINT('',(3.622255092878,-5.729859050445,9.6));
#3000 = ORIENTED_EDGE('',*,*,#2968,.F.);
#3001 = ORIENTED_EDGE('',*,*,#519,.F.);
#3002 = SURFACE_OF_LINEAR_EXTRUSION('',#3003,#3007);
#3003 = B_SPLINE_CURVE_WITH_KNOTS('',2,(#3004,#3005,#3006),
  .UNSPECIFIED.,.F.,.F.,(3,3),(0.,1.),.PIECEWISE_BEZIER_KNOTS.);
#3004 = CARTESIAN_POINT('',(3.725556279822,-5.769732937685,10.));
#3005 = CARTESIAN_POINT('',(3.6624999,-5.769732937685,10.));
#3006 = CARTESIAN_POINT('',(3.622255092878,-5.729859050445,10.));
#3007 = VECTOR('',#3008,1.);
#3008 = DIRECTION('',(0.,0.,1.));
#3009 = ADVANCED_FACE('',(#3010),#3035,.T.);
#3010 = FACE_BOUND('',#3011,.T.);
#3011 = EDGE_LOOP('',(#3012,#3020,#3028,#3034));
#3012 = ORIENTED_EDGE('',*,*,#3013,.T.);
#3013 = EDGE_CURVE('',#960,#3014,#3016,.T.);
#3014 = VERTEX_POINT('',#3015);
#3015 = CARTESIAN_POINT('',(-0.729228386647,-0.408308605341,9.6));
#3016 = LINE('',#3017,#3018);
#3017 = CARTESIAN_POINT('',(-0.729228386647,-0.408308605341,10.));
#3018 = VECTOR('',#3019,1.);
#3019 = DIRECTION('',(-0.,-0.,-1.));
#3020 = ORIENTED_EDGE('',*,*,#3021,.T.);
#3021 = EDGE_CURVE('',#3014,#3022,#3024,.T.);
#3022 = VERTEX_POINT('',#3023);
#3023 = CARTESIAN_POINT('',(-1.724183876261,-0.408308605341,9.6));
#3024 = LINE('',#3025,#3026);
#3025 = CARTESIAN_POINT('',(-0.729228386647,-0.408308605341,9.6));
#3026 = VECTOR('',#3027,1.);
#3027 = DIRECTION('',(-1.,0.,0.));
#3028 = ORIENTED_EDGE('',*,*,#3029,.F.);
#3029 = EDGE_CURVE('',#962,#3022,#3030,.T.);
#3030 = LINE('',#3031,#3032);
#3031 = CARTESIAN_POINT('',(-1.724183876261,-0.408308605341,10.));
#3032 = VECTOR('',#3033,1.);
#3033 = DIRECTION('',(-0.,-0.,-1.));
#3034 = ORIENTED_EDGE('',*,*,#959,.F.);
#3035 = PLANE('',#3036);
#3036 = AXIS2_PLACEMENT_3D('',#3037,#3038,#3039);
#3037 = CARTESIAN_POINT('',(-0.729228386647,-0.408308605341,10.));
#3038 = DIRECTION('',(0.,1.,0.));
#3039 = DIRECTION('',(-1.,0.,0.));
#3040 = ADVANCED_FACE('',(#3041),#3059,.T.);
#3041 = FACE_BOUND('',#3042,.T.);
#3042 = EDGE_LOOP('',(#3043,#3051,#3057,#3058));
#3043 = ORIENTED_EDGE('',*,*,#3044,.T.);
#3044 = EDGE_CURVE('',#1154,#3045,#3047,.T.);
#3045 = VERTEX_POINT('',#3046);
#3046 = CARTESIAN_POINT('',(-0.589020671513,-0.348330860534,9.6));
#3047 = LINE('',#3048,#3049);
#3048 = CARTESIAN_POINT('',(-0.589020671513,-0.348330860534,10.));
#3049 = VECTOR('',#3050,1.);
#3050 = DIRECTION('',(-0.,-0.,-1.));
#3051 = ORIENTED_EDGE('',*,*,#3052,.T.);
#3052 = EDGE_CURVE('',#3045,#3014,#3053,.T.);
#3053 = B_SPLINE_CURVE_WITH_KNOTS('',2,(#3054,#3055,#3056),
  .UNSPECIFIED.,.F.,.F.,(3,3),(0.,1.),.PIECEWISE_BEZIER_KNOTS.);
#3054 = CARTESIAN_POINT('',(-0.589020671513,-0.348330860534,9.6));
#3055 = CARTESIAN_POINT('',(-0.64899841632,-0.408308605341,9.6));
#3056 = CARTESIAN_POINT('',(-0.729228386647,-0.408308605341,9.6));
#3057 = ORIENTED_EDGE('',*,*,#3013,.F.);
#3058 = ORIENTED_EDGE('',*,*,#1161,.F.);
#3059 = SURFACE_OF_LINEAR_EXTRUSION('',#3060,#3064);
#3060 = B_SPLINE_CURVE_WITH_KNOTS('',2,(#3061,#3062,#3063),
  .UNSPECIFIED.,.F.,.F.,(3,3),(0.,1.),.PIECEWISE_BEZIER_KNOTS.);
#3061 = CARTESIAN_POINT('',(-0.589020671513,-0.348330860534,10.));
#3062 = CARTESIAN_POINT('',(-0.64899841632,-0.408308605341,10.));
#3063 = CARTESIAN_POINT('',(-0.729228386647,-0.408308605341,10.));
#3064 = VECTOR('',#3065,1.);
#3065 = DIRECTION('',(0.,0.,1.));
#3066 = ADVANCED_FACE('',(#3067),#3085,.T.);
#3067 = FACE_BOUND('',#3068,.T.);
#3068 = EDGE_LOOP('',(#3069,#3070,#3078,#3084));
#3069 = ORIENTED_EDGE('',*,*,#3029,.T.);
#3070 = ORIENTED_EDGE('',*,*,#3071,.T.);
#3071 = EDGE_CURVE('',#3022,#3072,#3074,.T.);
#3072 = VERTEX_POINT('',#3073);
#3073 = CARTESIAN_POINT('',(-1.864391591395,-0.348330860534,9.6));
#3074 = B_SPLINE_CURVE_WITH_KNOTS('',2,(#3075,#3076,#3077),
  .UNSPECIFIED.,.F.,.F.,(3,3),(0.,1.),.PIECEWISE_BEZIER_KNOTS.);
#3075 = CARTESIAN_POINT('',(-1.724183876261,-0.408308605341,9.6));
#3076 = CARTESIAN_POINT('',(-1.804154202671,-0.408308605341,9.6));
#3077 = CARTESIAN_POINT('',(-1.864391591395,-0.348330860534,9.6));
#3078 = ORIENTED_EDGE('',*,*,#3079,.F.);
#3079 = EDGE_CURVE('',#970,#3072,#3080,.T.);
#3080 = LINE('',#3081,#3082);
#3081 = CARTESIAN_POINT('',(-1.864391591395,-0.348330860534,10.));
#3082 = VECTOR('',#3083,1.);
#3083 = DIRECTION('',(-0.,-0.,-1.));
#3084 = ORIENTED_EDGE('',*,*,#969,.F.);
#3085 = SURFACE_OF_LINEAR_EXTRUSION('',#3086,#3090);
#3086 = B_SPLINE_CURVE_WITH_KNOTS('',2,(#3087,#3088,#3089),
  .UNSPECIFIED.,.F.,.F.,(3,3),(0.,1.),.PIECEWISE_BEZIER_KNOTS.);
#3087 = CARTESIAN_POINT('',(-1.724183876261,-0.408308605341,10.));
#3088 = CARTESIAN_POINT('',(-1.804154202671,-0.408308605341,10.));
#3089 = CARTESIAN_POINT('',(-1.864391591395,-0.348330860534,10.));
#3090 = VECTOR('',#3091,1.);
#3091 = DIRECTION('',(0.,0.,1.));
#3092 = ADVANCED_FACE('',(#3093),#3111,.T.);
#3093 = FACE_BOUND('',#3094,.T.);
#3094 = EDGE_LOOP('',(#3095,#3103,#3109,#3110));
#3095 = ORIENTED_EDGE('',*,*,#3096,.T.);
#3096 = EDGE_CURVE('',#1146,#3097,#3099,.T.);
#3097 = VERTEX_POINT('',#3098);
#3098 = CARTESIAN_POINT('',(-0.528783282789,-0.208123145401,9.6));
#3099 = LINE('',#3100,#3101);
#3100 = CARTESIAN_POINT('',(-0.528783282789,-0.208123145401,10.));
#3101 = VECTOR('',#3102,1.);
#3102 = DIRECTION('',(-0.,-0.,-1.));
#3103 = ORIENTED_EDGE('',*,*,#3104,.T.);
#3104 = EDGE_CURVE('',#3097,#3045,#3105,.T.);
#3105 = B_SPLINE_CURVE_WITH_KNOTS('',2,(#3106,#3107,#3108),
  .UNSPECIFIED.,.F.,.F.,(3,3),(0.,1.),.PIECEWISE_BEZIER_KNOTS.);
#3106 = CARTESIAN_POINT('',(-0.528783282789,-0.208123145401,9.6));
#3107 = CARTESIAN_POINT('',(-0.528783282789,-0.28809347181,9.6));
#3108 = CARTESIAN_POINT('',(-0.589020671513,-0.348330860534,9.6));
#3109 = ORIENTED_EDGE('',*,*,#3044,.F.);
#3110 = ORIENTED_EDGE('',*,*,#1153,.F.);
#3111 = SURFACE_OF_LINEAR_EXTRUSION('',#3112,#3116);
#3112 = B_SPLINE_CURVE_WITH_KNOTS('',2,(#3113,#3114,#3115),
  .UNSPECIFIED.,.F.,.F.,(3,3),(0.,1.),.PIECEWISE_BEZIER_KNOTS.);
#3113 = CARTESIAN_POINT('',(-0.528783282789,-0.208123145401,10.));
#3114 = CARTESIAN_POINT('',(-0.528783282789,-0.28809347181,10.));
#3115 = CARTESIAN_POINT('',(-0.589020671513,-0.348330860534,10.));
#3116 = VECTOR('',#3117,1.);
#3117 = DIRECTION('',(0.,0.,1.));
#3118 = ADVANCED_FACE('',(#3119),#3137,.T.);
#3119 = FACE_BOUND('',#3120,.T.);
#3120 = EDGE_LOOP('',(#3121,#3122,#3130,#3136));
#3121 = ORIENTED_EDGE('',*,*,#3079,.T.);
#3122 = ORIENTED_EDGE('',*,*,#3123,.T.);
#3123 = EDGE_CURVE('',#3072,#3124,#3126,.T.);
#3124 = VERTEX_POINT('',#3125);
#3125 = CARTESIAN_POINT('',(-1.924628980119,-0.208123145401,9.6));
#3126 = B_SPLINE_CURVE_WITH_KNOTS('',2,(#3127,#3128,#3129),
  .UNSPECIFIED.,.F.,.F.,(3,3),(0.,1.),.PIECEWISE_BEZIER_KNOTS.);
#3127 = CARTESIAN_POINT('',(-1.864391591395,-0.348330860534,9.6));
#3128 = CARTESIAN_POINT('',(-1.924628980119,-0.28809347181,9.6));
#3129 = CARTESIAN_POINT('',(-1.924628980119,-0.208123145401,9.6));
#3130 = ORIENTED_EDGE('',*,*,#3131,.F.);
#3131 = EDGE_CURVE('',#978,#3124,#3132,.T.);
#3132 = LINE('',#3133,#3134);
#3133 = CARTESIAN_POINT('',(-1.924628980119,-0.208123145401,10.));
#3134 = VECTOR('',#3135,1.);
#3135 = DIRECTION('',(-0.,-0.,-1.));
#3136 = ORIENTED_EDGE('',*,*,#977,.F.);
#3137 = SURFACE_OF_LINEAR_EXTRUSION('',#3138,#3142);
#3138 = B_SPLINE_CURVE_WITH_KNOTS('',2,(#3139,#3140,#3141),
  .UNSPECIFIED.,.F.,.F.,(3,3),(0.,1.),.PIECEWISE_BEZIER_KNOTS.);
#3139 = CARTESIAN_POINT('',(-1.864391591395,-0.348330860534,10.));
#3140 = CARTESIAN_POINT('',(-1.924628980119,-0.28809347181,10.));
#3141 = CARTESIAN_POINT('',(-1.924628980119,-0.208123145401,10.));
#3142 = VECTOR('',#3143,1.);
#3143 = DIRECTION('',(0.,0.,1.));
#3144 = ADVANCED_FACE('',(#3145),#3163,.T.);
#3145 = FACE_BOUND('',#3146,.T.);
#3146 = EDGE_LOOP('',(#3147,#3155,#3161,#3162));
#3147 = ORIENTED_EDGE('',*,*,#3148,.T.);
#3148 = EDGE_CURVE('',#1138,#3149,#3151,.T.);
#3149 = VERTEX_POINT('',#3150);
#3150 = CARTESIAN_POINT('',(-0.528783282789,0.696735905045,9.6));
#3151 = LINE('',#3152,#3153);
#3152 = CARTESIAN_POINT('',(-0.528783282789,0.696735905045,10.));
#3153 = VECTOR('',#3154,1.);
#3154 = DIRECTION('',(-0.,-0.,-1.));
#3155 = ORIENTED_EDGE('',*,*,#3156,.T.);
#3156 = EDGE_CURVE('',#3149,#3097,#3157,.T.);
#3157 = LINE('',#3158,#3159);
#3158 = CARTESIAN_POINT('',(-0.528783282789,0.696735905045,9.6));
#3159 = VECTOR('',#3160,1.);
#3160 = DIRECTION('',(0.,-1.,0.));
#3161 = ORIENTED_EDGE('',*,*,#3096,.F.);
#3162 = ORIENTED_EDGE('',*,*,#1145,.F.);
#3163 = PLANE('',#3164);
#3164 = AXIS2_PLACEMENT_3D('',#3165,#3166,#3167);
#3165 = CARTESIAN_POINT('',(-0.528783282789,0.696735905045,10.));
#3166 = DIRECTION('',(-1.,0.,0.));
#3167 = DIRECTION('',(0.,-1.,0.));
#3168 = ADVANCED_FACE('',(#3169),#3187,.T.);
#3169 = FACE_BOUND('',#3170,.T.);
#3170 = EDGE_LOOP('',(#3171,#3172,#3180,#3186));
#3171 = ORIENTED_EDGE('',*,*,#3131,.T.);
#3172 = ORIENTED_EDGE('',*,*,#3173,.T.);
#3173 = EDGE_CURVE('',#3124,#3174,#3176,.T.);
#3174 = VERTEX_POINT('',#3175);
#3175 = CARTESIAN_POINT('',(-1.924628980119,0.696735905045,9.6));
#3176 = LINE('',#3177,#3178);
#3177 = CARTESIAN_POINT('',(-1.924628980119,-0.208123145401,9.6));
#3178 = VECTOR('',#3179,1.);
#3179 = DIRECTION('',(0.,1.,0.));
#3180 = ORIENTED_EDGE('',*,*,#3181,.F.);
#3181 = EDGE_CURVE('',#986,#3174,#3182,.T.);
#3182 = LINE('',#3183,#3184);
#3183 = CARTESIAN_POINT('',(-1.924628980119,0.696735905045,10.));
#3184 = VECTOR('',#3185,1.);
#3185 = DIRECTION('',(-0.,-0.,-1.));
#3186 = ORIENTED_EDGE('',*,*,#985,.F.);
#3187 = PLANE('',#3188);
#3188 = AXIS2_PLACEMENT_3D('',#3189,#3190,#3191);
#3189 = CARTESIAN_POINT('',(-1.924628980119,-0.208123145401,10.));
#3190 = DIRECTION('',(1.,0.,0.));
#3191 = DIRECTION('',(0.,1.,0.));
#3192 = ADVANCED_FACE('',(#3193),#3211,.T.);
#3193 = FACE_BOUND('',#3194,.T.);
#3194 = EDGE_LOOP('',(#3195,#3203,#3209,#3210));
#3195 = ORIENTED_EDGE('',*,*,#3196,.T.);
#3196 = EDGE_CURVE('',#1130,#3197,#3199,.T.);
#3197 = VERTEX_POINT('',#3198);
#3198 = CARTESIAN_POINT('',(0.18471820089,0.696735905045,9.6));
#3199 = LINE('',#3200,#3201);
#3200 = CARTESIAN_POINT('',(0.18471820089,0.696735905045,10.));
#3201 = VECTOR('',#3202,1.);
#3202 = DIRECTION('',(-0.,-0.,-1.));
#3203 = ORIENTED_EDGE('',*,*,#3204,.T.);
#3204 = EDGE_CURVE('',#3197,#3149,#3205,.T.);
#3205 = LINE('',#3206,#3207);
#3206 = CARTESIAN_POINT('',(0.18471820089,0.696735905045,9.6));
#3207 = VECTOR('',#3208,1.);
#3208 = DIRECTION('',(-1.,0.,0.));
#3209 = ORIENTED_EDGE('',*,*,#3148,.F.);
#3210 = ORIENTED_EDGE('',*,*,#1137,.F.);
#3211 = PLANE('',#3212);
#3212 = AXIS2_PLACEMENT_3D('',#3213,#3214,#3215);
#3213 = CARTESIAN_POINT('',(0.18471820089,0.696735905045,10.));
#3214 = DIRECTION('',(0.,1.,0.));
#3215 = DIRECTION('',(-1.,0.,0.));
#3216 = ADVANCED_FACE('',(#3217),#3235,.T.);
#3217 = FACE_BOUND('',#3218,.T.);
#3218 = EDGE_LOOP('',(#3219,#3220,#3228,#3234));
#3219 = ORIENTED_EDGE('',*,*,#3181,.T.);
#3220 = ORIENTED_EDGE('',*,*,#3221,.T.);
#3221 = EDGE_CURVE('',#3174,#3222,#3224,.T.);
#3222 = VERTEX_POINT('',#3223);
#3223 = CARTESIAN_POINT('',(-4.400853015727,0.696735905045,9.6));
#3224 = LINE('',#3225,#3226);
#3225 = CARTESIAN_POINT('',(-1.924628980119,0.696735905045,9.6));
#3226 = VECTOR('',#3227,1.);
#3227 = DIRECTION('',(-1.,0.,0.));
#3228 = ORIENTED_EDGE('',*,*,#3229,.F.);
#3229 = EDGE_CURVE('',#994,#3222,#3230,.T.);
#3230 = LINE('',#3231,#3232);
#3231 = CARTESIAN_POINT('',(-4.400853015727,0.696735905045,10.));
#3232 = VECTOR('',#3233,1.);
#3233 = DIRECTION('',(-0.,-0.,-1.));
#3234 = ORIENTED_EDGE('',*,*,#993,.F.);
#3235 = PLANE('',#3236);
#3236 = AXIS2_PLACEMENT_3D('',#3237,#3238,#3239);
#3237 = CARTESIAN_POINT('',(-1.924628980119,0.696735905045,10.));
#3238 = DIRECTION('',(0.,1.,0.));
#3239 = DIRECTION('',(-1.,0.,0.));
#3240 = ADVANCED_FACE('',(#3241),#3259,.T.);
#3241 = FACE_BOUND('',#3242,.T.);
#3242 = EDGE_LOOP('',(#3243,#3251,#3257,#3258));
#3243 = ORIENTED_EDGE('',*,*,#3244,.T.);
#3244 = EDGE_CURVE('',#1122,#3245,#3247,.T.);
#3245 = VERTEX_POINT('',#3246);
#3246 = CARTESIAN_POINT('',(0.325185559941,0.752818991098,9.6));
#3247 = LINE('',#3248,#3249);
#3248 = CARTESIAN_POINT('',(0.325185559941,0.752818991098,10.));
#3249 = VECTOR('',#3250,1.);
#3250 = DIRECTION('',(-0.,-0.,-1.));
#3251 = ORIENTED_EDGE('',*,*,#3252,.T.);
#3252 = EDGE_CURVE('',#3245,#3197,#3253,.T.);
#3253 = B_SPLINE_CURVE_WITH_KNOTS('',2,(#3254,#3255,#3256),
  .UNSPECIFIED.,.F.,.F.,(3,3),(0.,1.),.PIECEWISE_BEZIER_KNOTS.);
#3254 = CARTESIAN_POINT('',(0.325185559941,0.752818991098,9.6));
#3255 = CARTESIAN_POINT('',(0.265207815134,0.696735905045,9.6));
#3256 = CARTESIAN_POINT('',(0.18471820089,0.696735905045,9.6));
#3257 = ORIENTED_EDGE('',*,*,#3196,.F.);
#3258 = ORIENTED_EDGE('',*,*,#1129,.F.);
#3259 = SURFACE_OF_LINEAR_EXTRUSION('',#3260,#3264);
#3260 = B_SPLINE_CURVE_WITH_KNOTS('',2,(#3261,#3262,#3263),
  .UNSPECIFIED.,.F.,.F.,(3,3),(0.,1.),.PIECEWISE_BEZIER_KNOTS.);
#3261 = CARTESIAN_POINT('',(0.325185559941,0.752818991098,10.));
#3262 = CARTESIAN_POINT('',(0.265207815134,0.696735905045,10.));
#3263 = CARTESIAN_POINT('',(0.18471820089,0.696735905045,10.));
#3264 = VECTOR('',#3265,1.);
#3265 = DIRECTION('',(0.,0.,1.));
#3266 = ADVANCED_FACE('',(#3267),#3285,.T.);
#3267 = FACE_BOUND('',#3268,.T.);
#3268 = EDGE_LOOP('',(#3269,#3270,#3278,#3284));
#3269 = ORIENTED_EDGE('',*,*,#3229,.T.);
#3270 = ORIENTED_EDGE('',*,*,#3271,.T.);
#3271 = EDGE_CURVE('',#3222,#3272,#3274,.T.);
#3272 = VERTEX_POINT('',#3273);
#3273 = CARTESIAN_POINT('',(-4.54028179911,0.752559347181,9.6));
#3274 = B_SPLINE_CURVE_WITH_KNOTS('',2,(#3275,#3276,#3277),
  .UNSPECIFIED.,.F.,.F.,(3,3),(0.,1.),.PIECEWISE_BEZIER_KNOTS.);
#3275 = CARTESIAN_POINT('',(-4.400853015727,0.696735905045,9.6));
#3276 = CARTESIAN_POINT('',(-4.48056369822,0.696735905045,9.6));
#3277 = CARTESIAN_POINT('',(-4.54028179911,0.752559347181,9.6));
#3278 = ORIENTED_EDGE('',*,*,#3279,.F.);
#3279 = EDGE_CURVE('',#1002,#3272,#3280,.T.);
#3280 = LINE('',#3281,#3282);
#3281 = CARTESIAN_POINT('',(-4.54028179911,0.752559347181,10.));
#3282 = VECTOR('',#3283,1.);
#3283 = DIRECTION('',(-0.,-0.,-1.));
#3284 = ORIENTED_EDGE('',*,*,#1001,.F.);
#3285 = SURFACE_OF_LINEAR_EXTRUSION('',#3286,#3290);
#3286 = B_SPLINE_CURVE_WITH_KNOTS('',2,(#3287,#3288,#3289),
  .UNSPECIFIED.,.F.,.F.,(3,3),(0.,1.),.PIECEWISE_BEZIER_KNOTS.);
#3287 = CARTESIAN_POINT('',(-4.400853015727,0.696735905045,10.));
#3288 = CARTESIAN_POINT('',(-4.48056369822,0.696735905045,10.));
#3289 = CARTESIAN_POINT('',(-4.54028179911,0.752559347181,10.));
#3290 = VECTOR('',#3291,1.);
#3291 = DIRECTION('',(0.,0.,1.));
#3292 = ADVANCED_FACE('',(#3293),#3311,.T.);
#3293 = FACE_BOUND('',#3294,.T.);
#3294 = EDGE_LOOP('',(#3295,#3303,#3309,#3310));
#3295 = ORIENTED_EDGE('',*,*,#3296,.T.);
#3296 = EDGE_CURVE('',#1114,#3297,#3299,.T.);
#3297 = VERTEX_POINT('',#3298);
#3298 = CARTESIAN_POINT('',(0.385163304748,0.897440652819,9.6));
#3299 = LINE('',#3300,#3301);
#3300 = CARTESIAN_POINT('',(0.385163304748,0.897440652819,10.));
#3301 = VECTOR('',#3302,1.);
#3302 = DIRECTION('',(-0.,-0.,-1.));
#3303 = ORIENTED_EDGE('',*,*,#3304,.T.);
#3304 = EDGE_CURVE('',#3297,#3245,#3305,.T.);
#3305 = B_SPLINE_CURVE_WITH_KNOTS('',2,(#3306,#3307,#3308),
  .UNSPECIFIED.,.F.,.F.,(3,3),(0.,1.),.PIECEWISE_BEZIER_KNOTS.);
#3306 = CARTESIAN_POINT('',(0.385163304748,0.897440652819,9.6));
#3307 = CARTESIAN_POINT('',(0.385163304748,0.809161721068,9.6));
#3308 = CARTESIAN_POINT('',(0.325185559941,0.752818991098,9.6));
#3309 = ORIENTED_EDGE('',*,*,#3244,.F.);
#3310 = ORIENTED_EDGE('',*,*,#1121,.F.);
#3311 = SURFACE_OF_LINEAR_EXTRUSION('',#3312,#3316);
#3312 = B_SPLINE_CURVE_WITH_KNOTS('',2,(#3313,#3314,#3315),
  .UNSPECIFIED.,.F.,.F.,(3,3),(0.,1.),.PIECEWISE_BEZIER_KNOTS.);
#3313 = CARTESIAN_POINT('',(0.385163304748,0.897440652819,10.));
#3314 = CARTESIAN_POINT('',(0.385163304748,0.809161721068,10.));
#3315 = CARTESIAN_POINT('',(0.325185559941,0.752818991098,10.));
#3316 = VECTOR('',#3317,1.);
#3317 = DIRECTION('',(0.,0.,1.));
#3318 = ADVANCED_FACE('',(#3319),#3337,.T.);
#3319 = FACE_BOUND('',#3320,.T.);
#3320 = EDGE_LOOP('',(#3321,#3322,#3330,#3336));
#3321 = ORIENTED_EDGE('',*,*,#3279,.T.);
#3322 = ORIENTED_EDGE('',*,*,#3323,.T.);
#3323 = EDGE_CURVE('',#3272,#3324,#3326,.T.);
#3324 = VERTEX_POINT('',#3325);
#3325 = CARTESIAN_POINT('',(-4.5999999,0.896661721068,9.6));
#3326 = B_SPLINE_CURVE_WITH_KNOTS('',2,(#3327,#3328,#3329),
  .UNSPECIFIED.,.F.,.F.,(3,3),(0.,1.),.PIECEWISE_BEZIER_KNOTS.);
#3327 = CARTESIAN_POINT('',(-4.54028179911,0.752559347181,9.6));
#3328 = CARTESIAN_POINT('',(-4.5999999,0.808642433234,9.6));
#3329 = CARTESIAN_POINT('',(-4.5999999,0.896661721068,9.6));
#3330 = ORIENTED_EDGE('',*,*,#3331,.F.);
#3331 = EDGE_CURVE('',#1010,#3324,#3332,.T.);
#3332 = LINE('',#3333,#3334);
#3333 = CARTESIAN_POINT('',(-4.5999999,0.896661721068,10.));
#3334 = VECTOR('',#3335,1.);
#3335 = DIRECTION('',(-0.,-0.,-1.));
#3336 = ORIENTED_EDGE('',*,*,#1009,.F.);
#3337 = SURFACE_OF_LINEAR_EXTRUSION('',#3338,#3342);
#3338 = B_SPLINE_CURVE_WITH_KNOTS('',2,(#3339,#3340,#3341),
  .UNSPECIFIED.,.F.,.F.,(3,3),(0.,1.),.PIECEWISE_BEZIER_KNOTS.);
#3339 = CARTESIAN_POINT('',(-4.54028179911,0.752559347181,10.));
#3340 = CARTESIAN_POINT('',(-4.5999999,0.808642433234,10.));
#3341 = CARTESIAN_POINT('',(-4.5999999,0.896661721068,10.));
#3342 = VECTOR('',#3343,1.);
#3343 = DIRECTION('',(0.,0.,1.));
#3344 = ADVANCED_FACE('',(#3345),#3363,.T.);
#3345 = FACE_BOUND('',#3346,.T.);
#3346 = EDGE_LOOP('',(#3347,#3355,#3361,#3362));
#3347 = ORIENTED_EDGE('',*,*,#3348,.T.);
#3348 = EDGE_CURVE('',#1106,#3349,#3351,.T.);
#3349 = VERTEX_POINT('',#3350);
#3350 = CARTESIAN_POINT('',(0.385163304748,1.692470326409,9.6));
#3351 = LINE('',#3352,#3353);
#3352 = CARTESIAN_POINT('',(0.385163304748,1.692470326409,10.));
#3353 = VECTOR('',#3354,1.);
#3354 = DIRECTION('',(-0.,-0.,-1.));
#3355 = ORIENTED_EDGE('',*,*,#3356,.T.);
#3356 = EDGE_CURVE('',#3349,#3297,#3357,.T.);
#3357 = LINE('',#3358,#3359);
#3358 = CARTESIAN_POINT('',(0.385163304748,1.692470326409,9.6));
#3359 = VECTOR('',#3360,1.);
#3360 = DIRECTION('',(0.,-1.,0.));
#3361 = ORIENTED_EDGE('',*,*,#3296,.F.);
#3362 = ORIENTED_EDGE('',*,*,#1113,.F.);
#3363 = PLANE('',#3364);
#3364 = AXIS2_PLACEMENT_3D('',#3365,#3366,#3367);
#3365 = CARTESIAN_POINT('',(0.385163304748,1.692470326409,10.));
#3366 = DIRECTION('',(-1.,0.,0.));
#3367 = DIRECTION('',(0.,-1.,0.));
#3368 = ADVANCED_FACE('',(#3369),#3387,.T.);
#3369 = FACE_BOUND('',#3370,.T.);
#3370 = EDGE_LOOP('',(#3371,#3372,#3380,#3386));
#3371 = ORIENTED_EDGE('',*,*,#3331,.T.);
#3372 = ORIENTED_EDGE('',*,*,#3373,.T.);
#3373 = EDGE_CURVE('',#3324,#3374,#3376,.T.);
#3374 = VERTEX_POINT('',#3375);
#3375 = CARTESIAN_POINT('',(-4.5999999,1.656639465875,9.6));
#3376 = LINE('',#3377,#3378);
#3377 = CARTESIAN_POINT('',(-4.5999999,0.896661721068,9.6));
#3378 = VECTOR('',#3379,1.);
#3379 = DIRECTION('',(0.,1.,0.));
#3380 = ORIENTED_EDGE('',*,*,#3381,.F.);
#3381 = EDGE_CURVE('',#1018,#3374,#3382,.T.);
#3382 = LINE('',#3383,#3384);
#3383 = CARTESIAN_POINT('',(-4.5999999,1.656639465875,10.));
#3384 = VECTOR('',#3385,1.);
#3385 = DIRECTION('',(-0.,-0.,-1.));
#3386 = ORIENTED_EDGE('',*,*,#1017,.F.);
#3387 = PLANE('',#3388);
#3388 = AXIS2_PLACEMENT_3D('',#3389,#3390,#3391);
#3389 = CARTESIAN_POINT('',(-4.5999999,0.896661721068,10.));
#3390 = DIRECTION('',(1.,0.,0.));
#3391 = DIRECTION('',(0.,1.,0.));
#3392 = ADVANCED_FACE('',(#3393),#3411,.T.);
#3393 = FACE_BOUND('',#3394,.T.);
#3394 = EDGE_LOOP('',(#3395,#3403,#3409,#3410));
#3395 = ORIENTED_EDGE('',*,*,#3396,.T.);
#3396 = EDGE_CURVE('',#1098,#3397,#3399,.T.);
#3397 = VERTEX_POINT('',#3398);
#3398 = CARTESIAN_POINT('',(0.329080218694,1.83293768546,9.6));
#3399 = LINE('',#3400,#3401);
#3400 = CARTESIAN_POINT('',(0.329080218694,1.83293768546,10.));
#3401 = VECTOR('',#3402,1.);
#3402 = DIRECTION('',(-0.,-0.,-1.));
#3403 = ORIENTED_EDGE('',*,*,#3404,.T.);
#3404 = EDGE_CURVE('',#3397,#3349,#3405,.T.);
#3405 = B_SPLINE_CURVE_WITH_KNOTS('',2,(#3406,#3407,#3408),
  .UNSPECIFIED.,.F.,.F.,(3,3),(0.,1.),.PIECEWISE_BEZIER_KNOTS.);
#3406 = CARTESIAN_POINT('',(0.329080218694,1.83293768546,9.6));
#3407 = CARTESIAN_POINT('',(0.385163304748,1.772700296736,9.6));
#3408 = CARTESIAN_POINT('',(0.385163304748,1.692470326409,9.6));
#3409 = ORIENTED_EDGE('',*,*,#3348,.F.);
#3410 = ORIENTED_EDGE('',*,*,#1105,.F.);
#3411 = SURFACE_OF_LINEAR_EXTRUSION('',#3412,#3416);
#3412 = B_SPLINE_CURVE_WITH_KNOTS('',2,(#3413,#3414,#3415),
  .UNSPECIFIED.,.F.,.F.,(3,3),(0.,1.),.PIECEWISE_BEZIER_KNOTS.);
#3413 = CARTESIAN_POINT('',(0.329080218694,1.83293768546,10.));
#3414 = CARTESIAN_POINT('',(0.385163304748,1.772700296736,10.));
#3415 = CARTESIAN_POINT('',(0.385163304748,1.692470326409,10.));
#3416 = VECTOR('',#3417,1.);
#3417 = DIRECTION('',(0.,0.,1.));
#3418 = ADVANCED_FACE('',(#3419),#3437,.T.);
#3419 = FACE_BOUND('',#3420,.T.);
#3420 = EDGE_LOOP('',(#3421,#3422,#3430,#3436));
#3421 = ORIENTED_EDGE('',*,*,#3381,.T.);
#3422 = ORIENTED_EDGE('',*,*,#3423,.T.);
#3423 = EDGE_CURVE('',#3374,#3424,#3426,.T.);
#3424 = VERTEX_POINT('',#3425);
#3425 = CARTESIAN_POINT('',(-4.57221800089,1.788538575668,9.6));
#3426 = B_SPLINE_CURVE_WITH_KNOTS('',2,(#3427,#3428,#3429),
  .UNSPECIFIED.,.F.,.F.,(3,3),(0.,1.),.PIECEWISE_BEZIER_KNOTS.);
#3427 = CARTESIAN_POINT('',(-4.5999999,1.656639465875,9.6));
#3428 = CARTESIAN_POINT('',(-4.5999999,1.728560830861,9.6));
#3429 = CARTESIAN_POINT('',(-4.57221800089,1.788538575668,9.6));
#3430 = ORIENTED_EDGE('',*,*,#3431,.F.);
#3431 = EDGE_CURVE('',#1026,#3424,#3432,.T.);
#3432 = LINE('',#3433,#3434);
#3433 = CARTESIAN_POINT('',(-4.57221800089,1.788538575668,10.));
#3434 = VECTOR('',#3435,1.);
#3435 = DIRECTION('',(-0.,-0.,-1.));
#3436 = ORIENTED_EDGE('',*,*,#1025,.F.);
#3437 = SURFACE_OF_LINEAR_EXTRUSION('',#3438,#3442);
#3438 = B_SPLINE_CURVE_WITH_KNOTS('',2,(#3439,#3440,#3441),
  .UNSPECIFIED.,.F.,.F.,(3,3),(0.,1.),.PIECEWISE_BEZIER_KNOTS.);
#3439 = CARTESIAN_POINT('',(-4.5999999,1.656639465875,10.));
#3440 = CARTESIAN_POINT('',(-4.5999999,1.728560830861,10.));
#3441 = CARTESIAN_POINT('',(-4.57221800089,1.788538575668,10.));
#3442 = VECTOR('',#3443,1.);
#3443 = DIRECTION('',(0.,0.,1.));
#3444 = ADVANCED_FACE('',(#3445),#3463,.T.);
#3445 = FACE_BOUND('',#3446,.T.);
#3446 = EDGE_LOOP('',(#3447,#3455,#3461,#3462));
#3447 = ORIENTED_EDGE('',*,*,#3448,.T.);
#3448 = EDGE_CURVE('',#1090,#3449,#3451,.T.);
#3449 = VERTEX_POINT('',#3450);
#3450 = CARTESIAN_POINT('',(0.176928883383,1.893175074184,9.6));
#3451 = LINE('',#3452,#3453);
#3452 = CARTESIAN_POINT('',(0.176928883383,1.893175074184,10.));
#3453 = VECTOR('',#3454,1.);
#3454 = DIRECTION('',(-0.,-0.,-1.));
#3455 = ORIENTED_EDGE('',*,*,#3456,.T.);
#3456 = EDGE_CURVE('',#3449,#3397,#3457,.T.);
#3457 = B_SPLINE_CURVE_WITH_KNOTS('',2,(#3458,#3459,#3460),
  .UNSPECIFIED.,.F.,.F.,(3,3),(0.,1.),.PIECEWISE_BEZIER_KNOTS.);
#3458 = CARTESIAN_POINT('',(0.176928883383,1.893175074184,9.6));
#3459 = CARTESIAN_POINT('',(0.272997132641,1.893175074184,9.6));
#3460 = CARTESIAN_POINT('',(0.329080218694,1.83293768546,9.6));
#3461 = ORIENTED_EDGE('',*,*,#3396,.F.);
#3462 = ORIENTED_EDGE('',*,*,#1097,.F.);
#3463 = SURFACE_OF_LINEAR_EXTRUSION('',#3464,#3468);
#3464 = B_SPLINE_CURVE_WITH_KNOTS('',2,(#3465,#3466,#3467),
  .UNSPECIFIED.,.F.,.F.,(3,3),(0.,1.),.PIECEWISE_BEZIER_KNOTS.);
#3465 = CARTESIAN_POINT('',(0.176928883383,1.893175074184,10.));
#3466 = CARTESIAN_POINT('',(0.272997132641,1.893175074184,10.));
#3467 = CARTESIAN_POINT('',(0.329080218694,1.83293768546,10.));
#3468 = VECTOR('',#3469,1.);
#3469 = DIRECTION('',(0.,0.,1.));
#3470 = ADVANCED_FACE('',(#3471),#3489,.T.);
#3471 = FACE_BOUND('',#3472,.T.);
#3472 = EDGE_LOOP('',(#3473,#3474,#3482,#3488));
#3473 = ORIENTED_EDGE('',*,*,#3431,.T.);
#3474 = ORIENTED_EDGE('',*,*,#3475,.T.);
#3475 = EDGE_CURVE('',#3424,#3476,#3478,.T.);
#3476 = VERTEX_POINT('',#3477);
#3477 = CARTESIAN_POINT('',(-4.512240256083,1.904599406528,9.6));
#3478 = B_SPLINE_CURVE_WITH_KNOTS('',2,(#3479,#3480,#3481),
  .UNSPECIFIED.,.F.,.F.,(3,3),(0.,1.),.PIECEWISE_BEZIER_KNOTS.);
#3479 = CARTESIAN_POINT('',(-4.57221800089,1.788538575668,9.6));
#3480 = CARTESIAN_POINT('',(-4.544176457864,1.848516320475,9.6));
#3481 = CARTESIAN_POINT('',(-4.512240256083,1.904599406528,9.6));
#3482 = ORIENTED_EDGE('',*,*,#3483,.F.);
#3483 = EDGE_CURVE('',#1034,#3476,#3484,.T.);
#3484 = LINE('',#3485,#3486);
#3485 = CARTESIAN_POINT('',(-4.512240256083,1.904599406528,10.));
#3486 = VECTOR('',#3487,1.);
#3487 = DIRECTION('',(-0.,-0.,-1.));
#3488 = ORIENTED_EDGE('',*,*,#1033,.F.);
#3489 = SURFACE_OF_LINEAR_EXTRUSION('',#3490,#3494);
#3490 = B_SPLINE_CURVE_WITH_KNOTS('',2,(#3491,#3492,#3493),
  .UNSPECIFIED.,.F.,.F.,(3,3),(0.,1.),.PIECEWISE_BEZIER_KNOTS.);
#3491 = CARTESIAN_POINT('',(-4.57221800089,1.788538575668,10.));
#3492 = CARTESIAN_POINT('',(-4.544176457864,1.848516320475,10.));
#3493 = CARTESIAN_POINT('',(-4.512240256083,1.904599406528,10.));
#3494 = VECTOR('',#3495,1.);
#3495 = DIRECTION('',(0.,0.,1.));
#3496 = ADVANCED_FACE('',(#3497),#3515,.T.);
#3497 = FACE_BOUND('',#3498,.T.);
#3498 = EDGE_LOOP('',(#3499,#3507,#3513,#3514));
#3499 = ORIENTED_EDGE('',*,*,#3500,.T.);
#3500 = EDGE_CURVE('',#1082,#3501,#3503,.T.);
#3501 = VERTEX_POINT('',#3502);
#3502 = CARTESIAN_POINT('',(-0.528783282789,1.893175074184,9.6));
#3503 = LINE('',#3504,#3505);
#3504 = CARTESIAN_POINT('',(-0.528783282789,1.893175074184,10.));
#3505 = VECTOR('',#3506,1.);
#3506 = DIRECTION('',(-0.,-0.,-1.));
#3507 = ORIENTED_EDGE('',*,*,#3508,.T.);
#3508 = EDGE_CURVE('',#3501,#3449,#3509,.T.);
#3509 = LINE('',#3510,#3511);
#3510 = CARTESIAN_POINT('',(-0.528783282789,1.893175074184,9.6));
#3511 = VECTOR('',#3512,1.);
#3512 = DIRECTION('',(1.,0.,0.));
#3513 = ORIENTED_EDGE('',*,*,#3448,.F.);
#3514 = ORIENTED_EDGE('',*,*,#1089,.F.);
#3515 = PLANE('',#3516);
#3516 = AXIS2_PLACEMENT_3D('',#3517,#3518,#3519);
#3517 = CARTESIAN_POINT('',(-0.528783282789,1.893175074184,10.));
#3518 = DIRECTION('',(0.,-1.,0.));
#3519 = DIRECTION('',(1.,0.,0.));
#3520 = ADVANCED_FACE('',(#3521),#3539,.T.);
#3521 = FACE_BOUND('',#3522,.T.);
#3522 = EDGE_LOOP('',(#3523,#3524,#3532,#3538));
#3523 = ORIENTED_EDGE('',*,*,#3483,.T.);
#3524 = ORIENTED_EDGE('',*,*,#3525,.T.);
#3525 = EDGE_CURVE('',#3476,#3526,#3528,.T.);
#3526 = VERTEX_POINT('',#3527);
#3527 = CARTESIAN_POINT('',(-2.188946487537,5.055897626113,9.6));
#3528 = LINE('',#3529,#3530);
#3529 = CARTESIAN_POINT('',(-4.512240256083,1.904599406528,9.6));
#3530 = VECTOR('',#3531,1.);
#3531 = DIRECTION('',(0.593411662937,0.804899123052,0.));
#3532 = ORIENTED_EDGE('',*,*,#3533,.F.);
#3533 = EDGE_CURVE('',#1042,#3526,#3534,.T.);
#3534 = LINE('',#3535,#3536);
#3535 = CARTESIAN_POINT('',(-2.188946487537,5.055897626113,10.));
#3536 = VECTOR('',#3537,1.);
#3537 = DIRECTION('',(-0.,-0.,-1.));
#3538 = ORIENTED_EDGE('',*,*,#1041,.F.);
#3539 = PLANE('',#3540);
#3540 = AXIS2_PLACEMENT_3D('',#3541,#3542,#3543);
#3541 = CARTESIAN_POINT('',(-4.512240256083,1.904599406528,10.));
#3542 = DIRECTION('',(0.804899123052,-0.593411662937,0.));
#3543 = DIRECTION('',(0.593411662937,0.804899123052,0.));
#3544 = ADVANCED_FACE('',(#3545),#3563,.T.);
#3545 = FACE_BOUND('',#3546,.T.);
#3546 = EDGE_LOOP('',(#3547,#3555,#3561,#3562));
#3547 = ORIENTED_EDGE('',*,*,#3548,.T.);
#3548 = EDGE_CURVE('',#1074,#3549,#3551,.T.);
#3549 = VERTEX_POINT('',#3550);
#3550 = CARTESIAN_POINT('',(-0.528783282789,4.992025222552,9.6));
#3551 = LINE('',#3552,#3553);
#3552 = CARTESIAN_POINT('',(-0.528783282789,4.992025222552,10.));
#3553 = VECTOR('',#3554,1.);
#3554 = DIRECTION('',(-0.,-0.,-1.));
#3555 = ORIENTED_EDGE('',*,*,#3556,.T.);
#3556 = EDGE_CURVE('',#3549,#3501,#3557,.T.);
#3557 = LINE('',#3558,#3559);
#3558 = CARTESIAN_POINT('',(-0.528783282789,4.992025222552,9.6));
#3559 = VECTOR('',#3560,1.);
#3560 = DIRECTION('',(0.,-1.,0.));
#3561 = ORIENTED_EDGE('',*,*,#3500,.F.);
#3562 = ORIENTED_EDGE('',*,*,#1081,.F.);
#3563 = PLANE('',#3564);
#3564 = AXIS2_PLACEMENT_3D('',#3565,#3566,#3567);
#3565 = CARTESIAN_POINT('',(-0.528783282789,4.992025222552,10.));
#3566 = DIRECTION('',(-1.,0.,0.));
#3567 = DIRECTION('',(0.,-1.,0.));
#3568 = ADVANCED_FACE('',(#3569),#3587,.T.);
#3569 = FACE_BOUND('',#3570,.T.);
#3570 = EDGE_LOOP('',(#3571,#3572,#3580,#3586));
#3571 = ORIENTED_EDGE('',*,*,#3533,.T.);
#3572 = ORIENTED_EDGE('',*,*,#3573,.T.);
#3573 = EDGE_CURVE('',#3526,#3574,#3576,.T.);
#3574 = VERTEX_POINT('',#3575);
#3575 = CARTESIAN_POINT('',(-1.893731354006,5.191691394659,9.6));
#3576 = B_SPLINE_CURVE_WITH_KNOTS('',2,(#3577,#3578,#3579),
  .UNSPECIFIED.,.F.,.F.,(3,3),(0.,1.),.PIECEWISE_BEZIER_KNOTS.);
#3577 = CARTESIAN_POINT('',(-2.188946487537,5.055897626113,9.6));
#3578 = CARTESIAN_POINT('',(-2.085348564688,5.191691394659,9.6));
#3579 = CARTESIAN_POINT('',(-1.893731354006,5.191691394659,9.6));
#3580 = ORIENTED_EDGE('',*,*,#3581,.F.);
#3581 = EDGE_CURVE('',#1050,#3574,#3582,.T.);
#3582 = LINE('',#3583,#3584);
#3583 = CARTESIAN_POINT('',(-1.893731354006,5.191691394659,10.));
#3584 = VECTOR('',#3585,1.);
#3585 = DIRECTION('',(-0.,-0.,-1.));
#3586 = ORIENTED_EDGE('',*,*,#1049,.F.);
#3587 = SURFACE_OF_LINEAR_EXTRUSION('',#3588,#3592);
#3588 = B_SPLINE_CURVE_WITH_KNOTS('',2,(#3589,#3590,#3591),
  .UNSPECIFIED.,.F.,.F.,(3,3),(0.,1.),.PIECEWISE_BEZIER_KNOTS.);
#3589 = CARTESIAN_POINT('',(-2.188946487537,5.055897626113,10.));
#3590 = CARTESIAN_POINT('',(-2.085348564688,5.191691394659,10.));
#3591 = CARTESIAN_POINT('',(-1.893731354006,5.191691394659,10.));
#3592 = VECTOR('',#3593,1.);
#3593 = DIRECTION('',(0.,0.,1.));
#3594 = ADVANCED_FACE('',(#3595),#3613,.T.);
#3595 = FACE_BOUND('',#3596,.T.);
#3596 = EDGE_LOOP('',(#3597,#3605,#3611,#3612));
#3597 = ORIENTED_EDGE('',*,*,#3598,.T.);
#3598 = EDGE_CURVE('',#1066,#3599,#3601,.T.);
#3599 = VERTEX_POINT('',#3600);
#3600 = CARTESIAN_POINT('',(-0.58850138368,5.135608308605,9.6));
#3601 = LINE('',#3602,#3603);
#3602 = CARTESIAN_POINT('',(-0.58850138368,5.135608308605,10.));
#3603 = VECTOR('',#3604,1.);
#3604 = DIRECTION('',(-0.,-0.,-1.));
#3605 = ORIENTED_EDGE('',*,*,#3606,.T.);
#3606 = EDGE_CURVE('',#3599,#3549,#3607,.T.);
#3607 = B_SPLINE_CURVE_WITH_KNOTS('',2,(#3608,#3609,#3610),
  .UNSPECIFIED.,.F.,.F.,(3,3),(0.,1.),.PIECEWISE_BEZIER_KNOTS.);
#3608 = CARTESIAN_POINT('',(-0.58850138368,5.135608308605,9.6));
#3609 = CARTESIAN_POINT('',(-0.528783282789,5.079784866469,9.6));
#3610 = CARTESIAN_POINT('',(-0.528783282789,4.992025222552,9.6));
#3611 = ORIENTED_EDGE('',*,*,#3548,.F.);
#3612 = ORIENTED_EDGE('',*,*,#1073,.F.);
#3613 = SURFACE_OF_LINEAR_EXTRUSION('',#3614,#3618);
#3614 = B_SPLINE_CURVE_WITH_KNOTS('',2,(#3615,#3616,#3617),
  .UNSPECIFIED.,.F.,.F.,(3,3),(0.,1.),.PIECEWISE_BEZIER_KNOTS.);
#3615 = CARTESIAN_POINT('',(-0.58850138368,5.135608308605,10.));
#3616 = CARTESIAN_POINT('',(-0.528783282789,5.079784866469,10.));
#3617 = CARTESIAN_POINT('',(-0.528783282789,4.992025222552,10.));
#3618 = VECTOR('',#3619,1.);
#3619 = DIRECTION('',(0.,0.,1.));
#3620 = ADVANCED_FACE('',(#3621),#3639,.T.);
#3621 = FACE_BOUND('',#3622,.T.);
#3622 = EDGE_LOOP('',(#3623,#3624,#3632,#3638));
#3623 = ORIENTED_EDGE('',*,*,#3581,.T.);
#3624 = ORIENTED_EDGE('',*,*,#3625,.T.);
#3625 = EDGE_CURVE('',#3574,#3626,#3628,.T.);
#3626 = VERTEX_POINT('',#3627);
#3627 = CARTESIAN_POINT('',(-0.728449454896,5.191691394659,9.6));
#3628 = LINE('',#3629,#3630);
#3629 = CARTESIAN_POINT('',(-1.893731354006,5.191691394659,9.6));
#3630 = VECTOR('',#3631,1.);
#3631 = DIRECTION('',(1.,0.,0.));
#3632 = ORIENTED_EDGE('',*,*,#3633,.F.);
#3633 = EDGE_CURVE('',#1058,#3626,#3634,.T.);
#3634 = LINE('',#3635,#3636);
#3635 = CARTESIAN_POINT('',(-0.728449454896,5.191691394659,10.));
#3636 = VECTOR('',#3637,1.);
#3637 = DIRECTION('',(-0.,-0.,-1.));
#3638 = ORIENTED_EDGE('',*,*,#1057,.F.);
#3639 = PLANE('',#3640);
#3640 = AXIS2_PLACEMENT_3D('',#3641,#3642,#3643);
#3641 = CARTESIAN_POINT('',(-1.893731354006,5.191691394659,10.));
#3642 = DIRECTION('',(0.,-1.,0.));
#3643 = DIRECTION('',(1.,0.,0.));
#3644 = ADVANCED_FACE('',(#3645),#3656,.T.);
#3645 = FACE_BOUND('',#3646,.T.);
#3646 = EDGE_LOOP('',(#3647,#3648,#3654,#3655));
#3647 = ORIENTED_EDGE('',*,*,#3633,.T.);
#3648 = ORIENTED_EDGE('',*,*,#3649,.T.);
#3649 = EDGE_CURVE('',#3626,#3599,#3650,.T.);
#3650 = B_SPLINE_CURVE_WITH_KNOTS('',2,(#3651,#3652,#3653),
  .UNSPECIFIED.,.F.,.F.,(3,3),(0.,1.),.PIECEWISE_BEZIER_KNOTS.);
#3651 = CARTESIAN_POINT('',(-0.728449454896,5.191691394659,9.6));
#3652 = CARTESIAN_POINT('',(-0.64821948457,5.191691394659,9.6));
#3653 = CARTESIAN_POINT('',(-0.58850138368,5.135608308605,9.6));
#3654 = ORIENTED_EDGE('',*,*,#3598,.F.);
#3655 = ORIENTED_EDGE('',*,*,#1065,.F.);
#3656 = SURFACE_OF_LINEAR_EXTRUSION('',#3657,#3661);
#3657 = B_SPLINE_CURVE_WITH_KNOTS('',2,(#3658,#3659,#3660),
  .UNSPECIFIED.,.F.,.F.,(3,3),(0.,1.),.PIECEWISE_BEZIER_KNOTS.);
#3658 = CARTESIAN_POINT('',(-0.728449454896,5.191691394659,10.));
#3659 = CARTESIAN_POINT('',(-0.64821948457,5.191691394659,10.));
#3660 = CARTESIAN_POINT('',(-0.58850138368,5.135608308605,10.));
#3661 = VECTOR('',#3662,1.);
#3662 = DIRECTION('',(0.,0.,1.));
#3663 = ADVANCED_FACE('',(#3664,#3674),#3685,.F.);
#3664 = FACE_BOUND('',#3665,.F.);
#3665 = EDGE_LOOP('',(#3666,#3667,#3668,#3669,#3670,#3671,#3672,#3673));
#3666 = ORIENTED_EDGE('',*,*,#1351,.F.);
#3667 = ORIENTED_EDGE('',*,*,#1329,.F.);
#3668 = ORIENTED_EDGE('',*,*,#1296,.F.);
#3669 = ORIENTED_EDGE('',*,*,#1471,.F.);
#3670 = ORIENTED_EDGE('',*,*,#1447,.F.);
#3671 = ORIENTED_EDGE('',*,*,#1423,.F.);
#3672 = ORIENTED_EDGE('',*,*,#1399,.F.);
#3673 = ORIENTED_EDGE('',*,*,#1375,.F.);
#3674 = FACE_BOUND('',#3675,.F.);
#3675 = EDGE_LOOP('',(#3676));
#3676 = ORIENTED_EDGE('',*,*,#3677,.T.);
#3677 = EDGE_CURVE('',#3678,#3678,#3680,.T.);
#3678 = VERTEX_POINT('',#3679);
#3679 = CARTESIAN_POINT('',(2.75,0.,8.8));
#3680 = CIRCLE('',#3681,2.75);
#3681 = AXIS2_PLACEMENT_3D('',#3682,#3683,#3684);
#3682 = CARTESIAN_POINT('',(0.,0.,8.8));
#3683 = DIRECTION('',(0.,0.,-1.));
#3684 = DIRECTION('',(1.,0.,0.));
#3685 = PLANE('',#3686);
#3686 = AXIS2_PLACEMENT_3D('',#3687,#3688,#3689);
#3687 = CARTESIAN_POINT('',(-7.1E-16,2.2E-16,8.8));
#3688 = DIRECTION('',(0.,0.,1.));
#3689 = DIRECTION('',(1.,0.,0.));
#3690 = ADVANCED_FACE('',(#3691),#3749,.T.);
#3691 = FACE_BOUND('',#3692,.T.);
#3692 = EDGE_LOOP('',(#3693,#3694,#3695,#3696,#3697,#3698,#3699,#3700,
    #3701,#3702,#3703,#3704,#3705,#3706,#3707,#3708,#3709,#3710,#3711,
    #3712,#3713,#3714,#3715,#3716,#3717,#3718,#3719,#3720,#3721,#3722,
    #3723,#3724,#3725,#3726,#3727,#3728,#3729,#3730,#3731,#3732,#3733,
    #3734,#3735,#3736,#3737,#3738,#3739,#3740,#3741,#3742,#3743,#3744,
    #3745,#3746,#3747,#3748));
#3693 = ORIENTED_EDGE('',*,*,#2995,.F.);
#3694 = ORIENTED_EDGE('',*,*,#1581,.F.);
#3695 = ORIENTED_EDGE('',*,*,#1612,.F.);
#3696 = ORIENTED_EDGE('',*,*,#1638,.F.);
#3697 = ORIENTED_EDGE('',*,*,#1664,.F.);
#3698 = ORIENTED_EDGE('',*,*,#1688,.F.);
#3699 = ORIENTED_EDGE('',*,*,#1714,.F.);
#3700 = ORIENTED_EDGE('',*,*,#1740,.F.);
#3701 = ORIENTED_EDGE('',*,*,#1766,.F.);
#3702 = ORIENTED_EDGE('',*,*,#1792,.F.);
#3703 = ORIENTED_EDGE('',*,*,#1818,.F.);
#3704 = ORIENTED_EDGE('',*,*,#1844,.F.);
#3705 = ORIENTED_EDGE('',*,*,#1870,.F.);
#3706 = ORIENTED_EDGE('',*,*,#1896,.F.);
#3707 = ORIENTED_EDGE('',*,*,#1922,.F.);
#3708 = ORIENTED_EDGE('',*,*,#1948,.F.);
#3709 = ORIENTED_EDGE('',*,*,#1974,.F.);
#3710 = ORIENTED_EDGE('',*,*,#2000,.F.);
#3711 = ORIENTED_EDGE('',*,*,#2026,.F.);
#3712 = ORIENTED_EDGE('',*,*,#2052,.F.);
#3713 = ORIENTED_EDGE('',*,*,#2078,.F.);
#3714 = ORIENTED_EDGE('',*,*,#2102,.F.);
#3715 = ORIENTED_EDGE('',*,*,#2128,.F.);
#3716 = ORIENTED_EDGE('',*,*,#2154,.F.);
#3717 = ORIENTED_EDGE('',*,*,#2180,.F.);
#3718 = ORIENTED_EDGE('',*,*,#2206,.F.);
#3719 = ORIENTED_EDGE('',*,*,#2232,.F.);
#3720 = ORIENTED_EDGE('',*,*,#2256,.F.);
#3721 = ORIENTED_EDGE('',*,*,#2282,.F.);
#3722 = ORIENTED_EDGE('',*,*,#2308,.F.);
#3723 = ORIENTED_EDGE('',*,*,#2332,.F.);
#3724 = ORIENTED_EDGE('',*,*,#2358,.F.);
#3725 = ORIENTED_EDGE('',*,*,#2384,.F.);
#3726 = ORIENTED_EDGE('',*,*,#2408,.F.);
#3727 = ORIENTED_EDGE('',*,*,#2434,.F.);
#3728 = ORIENTED_EDGE('',*,*,#2460,.F.);
#3729 = ORIENTED_EDGE('',*,*,#2486,.F.);
#3730 = ORIENTED_EDGE('',*,*,#2512,.F.);
#3731 = ORIENTED_EDGE('',*,*,#2538,.F.);
#3732 = ORIENTED_EDGE('',*,*,#2564,.F.);
#3733 = ORIENTED_EDGE('',*,*,#2590,.F.);
#3734 = ORIENTED_EDGE('',*,*,#2616,.F.);
#3735 = ORIENTED_EDGE('',*,*,#2642,.F.);
#3736 = ORIENTED_EDGE('',*,*,#2668,.F.);
#3737 = ORIENTED_EDGE('',*,*,#2694,.F.);
#3738 = ORIENTED_EDGE('',*,*,#2720,.F.);
#3739 = ORIENTED_EDGE('',*,*,#2746,.F.);
#3740 = ORIENTED_EDGE('',*,*,#2772,.F.);
#3741 = ORIENTED_EDGE('',*,*,#2798,.F.);
#3742 = ORIENTED_EDGE('',*,*,#2822,.F.);
#3743 = ORIENTED_EDGE('',*,*,#2848,.F.);
#3744 = ORIENTED_EDGE('',*,*,#2874,.F.);
#3745 = ORIENTED_EDGE('',*,*,#2900,.F.);
#3746 = ORIENTED_EDGE('',*,*,#2926,.F.);
#3747 = ORIENTED_EDGE('',*,*,#2952,.F.);
#3748 = ORIENTED_EDGE('',*,*,#2976,.F.);
#3749 = PLANE('',#3750);
#3750 = AXIS2_PLACEMENT_3D('',#3751,#3752,#3753);
#3751 = CARTESIAN_POINT('',(3.937520781104,-3.227184669083,9.6));
#3752 = DIRECTION('',(0.,0.,1.));
#3753 = DIRECTION('',(1.,0.,0.));
#3754 = ADVANCED_FACE('',(#3755,#3783),#3809,.T.);
#3755 = FACE_BOUND('',#3756,.T.);
#3756 = EDGE_LOOP('',(#3757,#3758,#3759,#3760,#3761,#3762,#3763,#3764,
    #3765,#3766,#3767,#3768,#3769,#3770,#3771,#3772,#3773,#3774,#3775,
    #3776,#3777,#3778,#3779,#3780,#3781,#3782));
#3757 = ORIENTED_EDGE('',*,*,#3071,.F.);
#3758 = ORIENTED_EDGE('',*,*,#3021,.F.);
#3759 = ORIENTED_EDGE('',*,*,#3052,.F.);
#3760 = ORIENTED_EDGE('',*,*,#3104,.F.);
#3761 = ORIENTED_EDGE('',*,*,#3156,.F.);
#3762 = ORIENTED_EDGE('',*,*,#3204,.F.);
#3763 = ORIENTED_EDGE('',*,*,#3252,.F.);
#3764 = ORIENTED_EDGE('',*,*,#3304,.F.);
#3765 = ORIENTED_EDGE('',*,*,#3356,.F.);
#3766 = ORIENTED_EDGE('',*,*,#3404,.F.);
#3767 = ORIENTED_EDGE('',*,*,#3456,.F.);
#3768 = ORIENTED_EDGE('',*,*,#3508,.F.);
#3769 = ORIENTED_EDGE('',*,*,#3556,.F.);
#3770 = ORIENTED_EDGE('',*,*,#3606,.F.);
#3771 = ORIENTED_EDGE('',*,*,#3649,.F.);
#3772 = ORIENTED_EDGE('',*,*,#3625,.F.);
#3773 = ORIENTED_EDGE('',*,*,#3573,.F.);
#3774 = ORIENTED_EDGE('',*,*,#3525,.F.);
#3775 = ORIENTED_EDGE('',*,*,#3475,.F.);
#3776 = ORIENTED_EDGE('',*,*,#3423,.F.);
#3777 = ORIENTED_EDGE('',*,*,#3373,.F.);
#3778 = ORIENTED_EDGE('',*,*,#3323,.F.);
#3779 = ORIENTED_EDGE('',*,*,#3271,.F.);
#3780 = ORIENTED_EDGE('',*,*,#3221,.F.);
#3781 = ORIENTED_EDGE('',*,*,#3173,.F.);
#3782 = ORIENTED_EDGE('',*,*,#3123,.F.);
#3783 = FACE_BOUND('',#3784,.T.);
#3784 = EDGE_LOOP('',(#3785,#3795,#3803));
#3785 = ORIENTED_EDGE('',*,*,#3786,.F.);
#3786 = EDGE_CURVE('',#3787,#3789,#3791,.T.);
#3787 = VERTEX_POINT('',#3788);
#3788 = CARTESIAN_POINT('',(-3.230378238279,1.826706231454,9.6));
#3789 = VERTEX_POINT('',#3790);
#3790 = CARTESIAN_POINT('',(-1.891394558754,1.826706231454,9.6));
#3791 = LINE('',#3792,#3793);
#3792 = CARTESIAN_POINT('',(-3.230378238279,1.826706231454,9.6));
#3793 = VECTOR('',#3794,1.);
#3794 = DIRECTION('',(1.,0.,0.));
#3795 = ORIENTED_EDGE('',*,*,#3796,.F.);
#3796 = EDGE_CURVE('',#3797,#3787,#3799,.T.);
#3797 = VERTEX_POINT('',#3798);
#3798 = CARTESIAN_POINT('',(-1.891394558754,3.722106824926,9.6));
#3799 = LINE('',#3800,#3801);
#3800 = CARTESIAN_POINT('',(-1.891394558754,3.722106824926,9.6));
#3801 = VECTOR('',#3802,1.);
#3802 = DIRECTION('',(-0.576986252686,-0.816753857788,0.));
#3803 = ORIENTED_EDGE('',*,*,#3804,.F.);
#3804 = EDGE_CURVE('',#3789,#3797,#3805,.T.);
#3805 = LINE('',#3806,#3807);
#3806 = CARTESIAN_POINT('',(-1.891394558754,1.826706231454,9.6));
#3807 = VECTOR('',#3808,1.);
#3808 = DIRECTION('',(0.,1.,0.));
#3809 = PLANE('',#3810);
#3810 = AXIS2_PLACEMENT_3D('',#3811,#3812,#3813);
#3811 = CARTESIAN_POINT('',(-1.962148550256,2.236513754609,9.6));
#3812 = DIRECTION('',(0.,0.,1.));
#3813 = DIRECTION('',(1.,0.,0.));
#3814 = ADVANCED_FACE('',(#3815),#3834,.T.);
#3815 = FACE_BOUND('',#3816,.F.);
#3816 = EDGE_LOOP('',(#3817,#3825,#3832,#3833));
#3817 = ORIENTED_EDGE('',*,*,#3818,.T.);
#3818 = EDGE_CURVE('',#3678,#3819,#3821,.T.);
#3819 = VERTEX_POINT('',#3820);
#3820 = CARTESIAN_POINT('',(2.75,0.,2.1));
#3821 = LINE('',#3822,#3823);
#3822 = CARTESIAN_POINT('',(2.75,0.,8.8));
#3823 = VECTOR('',#3824,1.);
#3824 = DIRECTION('',(0.,0.,-1.));
#3825 = ORIENTED_EDGE('',*,*,#3826,.T.);
#3826 = EDGE_CURVE('',#3819,#3819,#3827,.T.);
#3827 = CIRCLE('',#3828,2.75);
#3828 = AXIS2_PLACEMENT_3D('',#3829,#3830,#3831);
#3829 = CARTESIAN_POINT('',(0.,0.,2.1));
#3830 = DIRECTION('',(0.,0.,-1.));
#3831 = DIRECTION('',(1.,0.,0.));
#3832 = ORIENTED_EDGE('',*,*,#3818,.F.);
#3833 = ORIENTED_EDGE('',*,*,#3677,.F.);
#3834 = CYLINDRICAL_SURFACE('',#3835,2.75);
#3835 = AXIS2_PLACEMENT_3D('',#3836,#3837,#3838);
#3836 = CARTESIAN_POINT('',(0.,0.,8.8));
#3837 = DIRECTION('',(0.,0.,1.));
#3838 = DIRECTION('',(1.,0.,0.));
#3839 = ADVANCED_FACE('',(#3840),#3865,.T.);
#3840 = FACE_BOUND('',#3841,.T.);
#3841 = EDGE_LOOP('',(#3842,#3850,#3851,#3859));
#3842 = ORIENTED_EDGE('',*,*,#3843,.T.);
#3843 = EDGE_CURVE('',#3844,#3787,#3846,.T.);
#3844 = VERTEX_POINT('',#3845);
#3845 = CARTESIAN_POINT('',(-3.230378238279,1.826706231454,10.));
#3846 = LINE('',#3847,#3848);
#3847 = CARTESIAN_POINT('',(-3.230378238279,1.826706231454,10.));
#3848 = VECTOR('',#3849,1.);
#3849 = DIRECTION('',(-0.,-0.,-1.));
#3850 = ORIENTED_EDGE('',*,*,#3786,.T.);
#3851 = ORIENTED_EDGE('',*,*,#3852,.F.);
#3852 = EDGE_CURVE('',#3853,#3789,#3855,.T.);
#3853 = VERTEX_POINT('',#3854);
#3854 = CARTESIAN_POINT('',(-1.891394558754,1.826706231454,10.));
#3855 = LINE('',#3856,#3857);
#3856 = CARTESIAN_POINT('',(-1.891394558754,1.826706231454,10.));
#3857 = VECTOR('',#3858,1.);
#3858 = DIRECTION('',(-0.,-0.,-1.));
#3859 = ORIENTED_EDGE('',*,*,#3860,.F.);
#3860 = EDGE_CURVE('',#3844,#3853,#3861,.T.);
#3861 = LINE('',#3862,#3863);
#3862 = CARTESIAN_POINT('',(-3.230378238279,1.826706231454,10.));
#3863 = VECTOR('',#3864,1.);
#3864 = DIRECTION('',(1.,0.,0.));
#3865 = PLANE('',#3866);
#3866 = AXIS2_PLACEMENT_3D('',#3867,#3868,#3869);
#3867 = CARTESIAN_POINT('',(-3.230378238279,1.826706231454,10.));
#3868 = DIRECTION('',(0.,-1.,0.));
#3869 = DIRECTION('',(1.,0.,0.));
#3870 = ADVANCED_FACE('',(#3871),#3889,.T.);
#3871 = FACE_BOUND('',#3872,.T.);
#3872 = EDGE_LOOP('',(#3873,#3881,#3882,#3883));
#3873 = ORIENTED_EDGE('',*,*,#3874,.T.);
#3874 = EDGE_CURVE('',#3875,#3797,#3877,.T.);
#3875 = VERTEX_POINT('',#3876);
#3876 = CARTESIAN_POINT('',(-1.891394558754,3.722106824926,10.));
#3877 = LINE('',#3878,#3879);
#3878 = CARTESIAN_POINT('',(-1.891394558754,3.722106824926,10.));
#3879 = VECTOR('',#3880,1.);
#3880 = DIRECTION('',(-0.,-0.,-1.));
#3881 = ORIENTED_EDGE('',*,*,#3796,.T.);
#3882 = ORIENTED_EDGE('',*,*,#3843,.F.);
#3883 = ORIENTED_EDGE('',*,*,#3884,.F.);
#3884 = EDGE_CURVE('',#3875,#3844,#3885,.T.);
#3885 = LINE('',#3886,#3887);
#3886 = CARTESIAN_POINT('',(-1.891394558754,3.722106824926,10.));
#3887 = VECTOR('',#3888,1.);
#3888 = DIRECTION('',(-0.576986252686,-0.816753857788,0.));
#3889 = PLANE('',#3890);
#3890 = AXIS2_PLACEMENT_3D('',#3891,#3892,#3893);
#3891 = CARTESIAN_POINT('',(-1.891394558754,3.722106824926,10.));
#3892 = DIRECTION('',(-0.816753857788,0.576986252686,0.));
#3893 = DIRECTION('',(-0.576986252686,-0.816753857788,0.));
#3894 = ADVANCED_FACE('',(#3895),#3906,.T.);
#3895 = FACE_BOUND('',#3896,.T.);
#3896 = EDGE_LOOP('',(#3897,#3898,#3899,#3900));
#3897 = ORIENTED_EDGE('',*,*,#3852,.T.);
#3898 = ORIENTED_EDGE('',*,*,#3804,.T.);
#3899 = ORIENTED_EDGE('',*,*,#3874,.F.);
#3900 = ORIENTED_EDGE('',*,*,#3901,.F.);
#3901 = EDGE_CURVE('',#3853,#3875,#3902,.T.);
#3902 = LINE('',#3903,#3904);
#3903 = CARTESIAN_POINT('',(-1.891394558754,1.826706231454,10.));
#3904 = VECTOR('',#3905,1.);
#3905 = DIRECTION('',(0.,1.,0.));
#3906 = PLANE('',#3907);
#3907 = AXIS2_PLACEMENT_3D('',#3908,#3909,#3910);
#3908 = CARTESIAN_POINT('',(-1.891394558754,1.826706231454,10.));
#3909 = DIRECTION('',(1.,0.,0.));
#3910 = DIRECTION('',(0.,1.,0.));
#3911 = ADVANCED_FACE('',(#3912,#3915),#4049,.F.);
#3912 = FACE_BOUND('',#3913,.F.);
#3913 = EDGE_LOOP('',(#3914));
#3914 = ORIENTED_EDGE('',*,*,#3826,.F.);
#3915 = FACE_BOUND('',#3916,.F.);
#3916 = EDGE_LOOP('',(#3917,#3927,#3935,#3943,#3952,#3960,#3968,#3976,
    #3985,#3993,#4001,#4009,#4018,#4026,#4034,#4042));
#3917 = ORIENTED_EDGE('',*,*,#3918,.F.);
#3918 = EDGE_CURVE('',#3919,#3921,#3923,.T.);
#3919 = VERTEX_POINT('',#3920);
#3920 = CARTESIAN_POINT('',(-2.05,-0.59,2.1));
#3921 = VERTEX_POINT('',#3922);
#3922 = CARTESIAN_POINT('',(-0.88,-0.59,2.1));
#3923 = LINE('',#3924,#3925);
#3924 = CARTESIAN_POINT('',(-2.05,-0.59,2.1));
#3925 = VECTOR('',#3926,1.);
#3926 = DIRECTION('',(1.,0.,0.));
#3927 = ORIENTED_EDGE('',*,*,#3928,.F.);
#3928 = EDGE_CURVE('',#3929,#3919,#3931,.T.);
#3929 = VERTEX_POINT('',#3930);
#3930 = CARTESIAN_POINT('',(-2.05,0.58,2.1));
#3931 = LINE('',#3932,#3933);
#3932 = CARTESIAN_POINT('',(-2.05,0.58,2.1));
#3933 = VECTOR('',#3934,1.);
#3934 = DIRECTION('',(0.,-1.,0.));
#3935 = ORIENTED_EDGE('',*,*,#3936,.F.);
#3936 = EDGE_CURVE('',#3937,#3929,#3939,.T.);
#3937 = VERTEX_POINT('',#3938);
#3938 = CARTESIAN_POINT('',(-0.89,0.58,2.1));
#3939 = LINE('',#3940,#3941);
#3940 = CARTESIAN_POINT('',(-0.89,0.58,2.1));
#3941 = VECTOR('',#3942,1.);
#3942 = DIRECTION('',(-1.,0.,0.));
#3943 = ORIENTED_EDGE('',*,*,#3944,.F.);
#3944 = EDGE_CURVE('',#3945,#3937,#3947,.T.);
#3945 = VERTEX_POINT('',#3946);
#3946 = CARTESIAN_POINT('',(-0.59,0.88,2.1));
#3947 = CIRCLE('',#3948,0.3);
#3948 = AXIS2_PLACEMENT_3D('',#3949,#3950,#3951);
#3949 = CARTESIAN_POINT('',(-0.89,0.88,2.1));
#3950 = DIRECTION('',(0.,0.,-1.));
#3951 = DIRECTION('',(1.,0.,0.));
#3952 = ORIENTED_EDGE('',*,*,#3953,.F.);
#3953 = EDGE_CURVE('',#3954,#3945,#3956,.T.);
#3954 = VERTEX_POINT('',#3955);
#3955 = CARTESIAN_POINT('',(-0.59,2.05,2.1));
#3956 = LINE('',#3957,#3958);
#3957 = CARTESIAN_POINT('',(-0.59,2.05,2.1));
#3958 = VECTOR('',#3959,1.);
#3959 = DIRECTION('',(0.,-1.,0.));
#3960 = ORIENTED_EDGE('',*,*,#3961,.F.);
#3961 = EDGE_CURVE('',#3962,#3954,#3964,.T.);
#3962 = VERTEX_POINT('',#3963);
#3963 = CARTESIAN_POINT('',(0.58,2.05,2.1));
#3964 = LINE('',#3965,#3966);
#3965 = CARTESIAN_POINT('',(0.58,2.05,2.1));
#3966 = VECTOR('',#3967,1.);
#3967 = DIRECTION('',(-1.,0.,0.));
#3968 = ORIENTED_EDGE('',*,*,#3969,.F.);
#3969 = EDGE_CURVE('',#3970,#3962,#3972,.T.);
#3970 = VERTEX_POINT('',#3971);
#3971 = CARTESIAN_POINT('',(0.58,0.89,2.1));
#3972 = LINE('',#3973,#3974);
#3973 = CARTESIAN_POINT('',(0.58,0.89,2.1));
#3974 = VECTOR('',#3975,1.);
#3975 = DIRECTION('',(0.,1.,0.));
#3976 = ORIENTED_EDGE('',*,*,#3977,.F.);
#3977 = EDGE_CURVE('',#3978,#3970,#3980,.T.);
#3978 = VERTEX_POINT('',#3979);
#3979 = CARTESIAN_POINT('',(0.88,0.59,2.1));
#3980 = CIRCLE('',#3981,0.3);
#3981 = AXIS2_PLACEMENT_3D('',#3982,#3983,#3984);
#3982 = CARTESIAN_POINT('',(0.88,0.89,2.1));
#3983 = DIRECTION('',(0.,0.,-1.));
#3984 = DIRECTION('',(1.,0.,0.));
#3985 = ORIENTED_EDGE('',*,*,#3986,.F.);
#3986 = EDGE_CURVE('',#3987,#3978,#3989,.T.);
#3987 = VERTEX_POINT('',#3988);
#3988 = CARTESIAN_POINT('',(2.05,0.59,2.1));
#3989 = LINE('',#3990,#3991);
#3990 = CARTESIAN_POINT('',(2.05,0.59,2.1));
#3991 = VECTOR('',#3992,1.);
#3992 = DIRECTION('',(-1.,0.,0.));
#3993 = ORIENTED_EDGE('',*,*,#3994,.F.);
#3994 = EDGE_CURVE('',#3995,#3987,#3997,.T.);
#3995 = VERTEX_POINT('',#3996);
#3996 = CARTESIAN_POINT('',(2.05,-0.58,2.1));
#3997 = LINE('',#3998,#3999);
#3998 = CARTESIAN_POINT('',(2.05,-0.58,2.1));
#3999 = VECTOR('',#4000,1.);
#4000 = DIRECTION('',(0.,1.,0.));
#4001 = ORIENTED_EDGE('',*,*,#4002,.F.);
#4002 = EDGE_CURVE('',#4003,#3995,#4005,.T.);
#4003 = VERTEX_POINT('',#4004);
#4004 = CARTESIAN_POINT('',(0.89,-0.58,2.1));
#4005 = LINE('',#4006,#4007);
#4006 = CARTESIAN_POINT('',(0.89,-0.58,2.1));
#4007 = VECTOR('',#4008,1.);
#4008 = DIRECTION('',(1.,0.,0.));
#4009 = ORIENTED_EDGE('',*,*,#4010,.F.);
#4010 = EDGE_CURVE('',#4011,#4003,#4013,.T.);
#4011 = VERTEX_POINT('',#4012);
#4012 = CARTESIAN_POINT('',(0.59,-0.88,2.1));
#4013 = CIRCLE('',#4014,0.3);
#4014 = AXIS2_PLACEMENT_3D('',#4015,#4016,#4017);
#4015 = CARTESIAN_POINT('',(0.89,-0.88,2.1));
#4016 = DIRECTION('',(0.,0.,-1.));
#4017 = DIRECTION('',(1.,0.,0.));
#4018 = ORIENTED_EDGE('',*,*,#4019,.F.);
#4019 = EDGE_CURVE('',#4020,#4011,#4022,.T.);
#4020 = VERTEX_POINT('',#4021);
#4021 = CARTESIAN_POINT('',(0.59,-2.05,2.1));
#4022 = LINE('',#4023,#4024);
#4023 = CARTESIAN_POINT('',(0.59,-2.05,2.1));
#4024 = VECTOR('',#4025,1.);
#4025 = DIRECTION('',(0.,1.,0.));
#4026 = ORIENTED_EDGE('',*,*,#4027,.F.);
#4027 = EDGE_CURVE('',#4028,#4020,#4030,.T.);
#4028 = VERTEX_POINT('',#4029);
#4029 = CARTESIAN_POINT('',(-0.58,-2.05,2.1));
#4030 = LINE('',#4031,#4032);
#4031 = CARTESIAN_POINT('',(-0.58,-2.05,2.1));
#4032 = VECTOR('',#4033,1.);
#4033 = DIRECTION('',(1.,0.,0.));
#4034 = ORIENTED_EDGE('',*,*,#4035,.F.);
#4035 = EDGE_CURVE('',#4036,#4028,#4038,.T.);
#4036 = VERTEX_POINT('',#4037);
#4037 = CARTESIAN_POINT('',(-0.58,-0.89,2.1));
#4038 = LINE('',#4039,#4040);
#4039 = CARTESIAN_POINT('',(-0.58,-0.89,2.1));
#4040 = VECTOR('',#4041,1.);
#4041 = DIRECTION('',(0.,-1.,0.));
#4042 = ORIENTED_EDGE('',*,*,#4043,.F.);
#4043 = EDGE_CURVE('',#3921,#4036,#4044,.T.);
#4044 = CIRCLE('',#4045,0.3);
#4045 = AXIS2_PLACEMENT_3D('',#4046,#4047,#4048);
#4046 = CARTESIAN_POINT('',(-0.88,-0.89,2.1));
#4047 = DIRECTION('',(0.,0.,-1.));
#4048 = DIRECTION('',(1.,0.,0.));
#4049 = PLANE('',#4050);
#4050 = AXIS2_PLACEMENT_3D('',#4051,#4052,#4053);
#4051 = CARTESIAN_POINT('',(-1.9E-16,1.1E-16,2.1));
#4052 = DIRECTION('',(0.,0.,1.));
#4053 = DIRECTION('',(1.,0.,0.));
#4054 = ADVANCED_FACE('',(#4055),#4060,.T.);
#4055 = FACE_BOUND('',#4056,.T.);
#4056 = EDGE_LOOP('',(#4057,#4058,#4059));
#4057 = ORIENTED_EDGE('',*,*,#3884,.T.);
#4058 = ORIENTED_EDGE('',*,*,#3860,.T.);
#4059 = ORIENTED_EDGE('',*,*,#3901,.T.);
#4060 = PLANE('',#4061);
#4061 = AXIS2_PLACEMENT_3D('',#4062,#4063,#4064);
#4062 = CARTESIAN_POINT('',(-7.1E-16,2.2E-16,10.));
#4063 = DIRECTION('',(0.,0.,1.));
#4064 = DIRECTION('',(1.,0.,0.));
#4065 = ADVANCED_FACE('',(#4066),#4091,.T.);
#4066 = FACE_BOUND('',#4067,.T.);
#4067 = EDGE_LOOP('',(#4068,#4076,#4084,#4090));
#4068 = ORIENTED_EDGE('',*,*,#4069,.T.);
#4069 = EDGE_CURVE('',#3919,#4070,#4072,.T.);
#4070 = VERTEX_POINT('',#4071);
#4071 = CARTESIAN_POINT('',(-2.05,-0.59,7.1));
#4072 = LINE('',#4073,#4074);
#4073 = CARTESIAN_POINT('',(-2.05,-0.59,2.1));
#4074 = VECTOR('',#4075,1.);
#4075 = DIRECTION('',(0.,0.,1.));
#4076 = ORIENTED_EDGE('',*,*,#4077,.T.);
#4077 = EDGE_CURVE('',#4070,#4078,#4080,.T.);
#4078 = VERTEX_POINT('',#4079);
#4079 = CARTESIAN_POINT('',(-0.88,-0.59,7.1));
#4080 = LINE('',#4081,#4082);
#4081 = CARTESIAN_POINT('',(-2.05,-0.59,7.1));
#4082 = VECTOR('',#4083,1.);
#4083 = DIRECTION('',(1.,0.,0.));
#4084 = ORIENTED_EDGE('',*,*,#4085,.F.);
#4085 = EDGE_CURVE('',#3921,#4078,#4086,.T.);
#4086 = LINE('',#4087,#4088);
#4087 = CARTESIAN_POINT('',(-0.88,-0.59,2.1));
#4088 = VECTOR('',#4089,1.);
#4089 = DIRECTION('',(0.,0.,1.));
#4090 = ORIENTED_EDGE('',*,*,#3918,.F.);
#4091 = PLANE('',#4092);
#4092 = AXIS2_PLACEMENT_3D('',#4093,#4094,#4095);
#4093 = CARTESIAN_POINT('',(-2.05,-0.59,2.1));
#4094 = DIRECTION('',(0.,1.,0.));
#4095 = DIRECTION('',(1.,0.,0.));
#4096 = ADVANCED_FACE('',(#4097),#4116,.T.);
#4097 = FACE_BOUND('',#4098,.T.);
#4098 = EDGE_LOOP('',(#4099,#4100,#4109,#4115));
#4099 = ORIENTED_EDGE('',*,*,#4085,.T.);
#4100 = ORIENTED_EDGE('',*,*,#4101,.T.);
#4101 = EDGE_CURVE('',#4078,#4102,#4104,.T.);
#4102 = VERTEX_POINT('',#4103);
#4103 = CARTESIAN_POINT('',(-0.58,-0.89,7.1));
#4104 = CIRCLE('',#4105,0.3);
#4105 = AXIS2_PLACEMENT_3D('',#4106,#4107,#4108);
#4106 = CARTESIAN_POINT('',(-0.88,-0.89,7.1));
#4107 = DIRECTION('',(0.,0.,-1.));
#4108 = DIRECTION('',(1.,0.,0.));
#4109 = ORIENTED_EDGE('',*,*,#4110,.F.);
#4110 = EDGE_CURVE('',#4036,#4102,#4111,.T.);
#4111 = LINE('',#4112,#4113);
#4112 = CARTESIAN_POINT('',(-0.58,-0.89,2.1));
#4113 = VECTOR('',#4114,1.);
#4114 = DIRECTION('',(0.,0.,1.));
#4115 = ORIENTED_EDGE('',*,*,#4043,.F.);
#4116 = CYLINDRICAL_SURFACE('',#4117,0.3);
#4117 = AXIS2_PLACEMENT_3D('',#4118,#4119,#4120);
#4118 = CARTESIAN_POINT('',(-0.88,-0.89,2.1));
#4119 = DIRECTION('',(0.,0.,-1.));
#4120 = DIRECTION('',(1.,0.,0.));
#4121 = ADVANCED_FACE('',(#4122),#4140,.T.);
#4122 = FACE_BOUND('',#4123,.T.);
#4123 = EDGE_LOOP('',(#4124,#4125,#4133,#4139));
#4124 = ORIENTED_EDGE('',*,*,#4110,.T.);
#4125 = ORIENTED_EDGE('',*,*,#4126,.T.);
#4126 = EDGE_CURVE('',#4102,#4127,#4129,.T.);
#4127 = VERTEX_POINT('',#4128);
#4128 = CARTESIAN_POINT('',(-0.58,-2.05,7.1));
#4129 = LINE('',#4130,#4131);
#4130 = CARTESIAN_POINT('',(-0.58,-0.89,7.1));
#4131 = VECTOR('',#4132,1.);
#4132 = DIRECTION('',(0.,-1.,0.));
#4133 = ORIENTED_EDGE('',*,*,#4134,.F.);
#4134 = EDGE_CURVE('',#4028,#4127,#4135,.T.);
#4135 = LINE('',#4136,#4137);
#4136 = CARTESIAN_POINT('',(-0.58,-2.05,2.1));
#4137 = VECTOR('',#4138,1.);
#4138 = DIRECTION('',(0.,0.,1.));
#4139 = ORIENTED_EDGE('',*,*,#4035,.F.);
#4140 = PLANE('',#4141);
#4141 = AXIS2_PLACEMENT_3D('',#4142,#4143,#4144);
#4142 = CARTESIAN_POINT('',(-0.58,-0.89,2.1));
#4143 = DIRECTION('',(1.,0.,0.));
#4144 = DIRECTION('',(0.,-1.,0.));
#4145 = ADVANCED_FACE('',(#4146),#4164,.T.);
#4146 = FACE_BOUND('',#4147,.T.);
#4147 = EDGE_LOOP('',(#4148,#4149,#4157,#4163));
#4148 = ORIENTED_EDGE('',*,*,#4134,.T.);
#4149 = ORIENTED_EDGE('',*,*,#4150,.T.);
#4150 = EDGE_CURVE('',#4127,#4151,#4153,.T.);
#4151 = VERTEX_POINT('',#4152);
#4152 = CARTESIAN_POINT('',(0.59,-2.05,7.1));
#4153 = LINE('',#4154,#4155);
#4154 = CARTESIAN_POINT('',(-0.58,-2.05,7.1));
#4155 = VECTOR('',#4156,1.);
#4156 = DIRECTION('',(1.,0.,0.));
#4157 = ORIENTED_EDGE('',*,*,#4158,.F.);
#4158 = EDGE_CURVE('',#4020,#4151,#4159,.T.);
#4159 = LINE('',#4160,#4161);
#4160 = CARTESIAN_POINT('',(0.59,-2.05,2.1));
#4161 = VECTOR('',#4162,1.);
#4162 = DIRECTION('',(0.,0.,1.));
#4163 = ORIENTED_EDGE('',*,*,#4027,.F.);
#4164 = PLANE('',#4165);
#4165 = AXIS2_PLACEMENT_3D('',#4166,#4167,#4168);
#4166 = CARTESIAN_POINT('',(-0.58,-2.05,2.1));
#4167 = DIRECTION('',(0.,1.,0.));
#4168 = DIRECTION('',(1.,0.,0.));
#4169 = ADVANCED_FACE('',(#4170),#4188,.T.);
#4170 = FACE_BOUND('',#4171,.T.);
#4171 = EDGE_LOOP('',(#4172,#4173,#4181,#4187));
#4172 = ORIENTED_EDGE('',*,*,#4158,.T.);
#4173 = ORIENTED_EDGE('',*,*,#4174,.T.);
#4174 = EDGE_CURVE('',#4151,#4175,#4177,.T.);
#4175 = VERTEX_POINT('',#4176);
#4176 = CARTESIAN_POINT('',(0.59,-0.88,7.1));
#4177 = LINE('',#4178,#4179);
#4178 = CARTESIAN_POINT('',(0.59,-2.05,7.1));
#4179 = VECTOR('',#4180,1.);
#4180 = DIRECTION('',(0.,1.,0.));
#4181 = ORIENTED_EDGE('',*,*,#4182,.F.);
#4182 = EDGE_CURVE('',#4011,#4175,#4183,.T.);
#4183 = LINE('',#4184,#4185);
#4184 = CARTESIAN_POINT('',(0.59,-0.88,2.1));
#4185 = VECTOR('',#4186,1.);
#4186 = DIRECTION('',(0.,0.,1.));
#4187 = ORIENTED_EDGE('',*,*,#4019,.F.);
#4188 = PLANE('',#4189);
#4189 = AXIS2_PLACEMENT_3D('',#4190,#4191,#4192);
#4190 = CARTESIAN_POINT('',(0.59,-2.05,2.1));
#4191 = DIRECTION('',(-1.,0.,0.));
#4192 = DIRECTION('',(0.,1.,0.));
#4193 = ADVANCED_FACE('',(#4194),#4213,.T.);
#4194 = FACE_BOUND('',#4195,.T.);
#4195 = EDGE_LOOP('',(#4196,#4197,#4206,#4212));
#4196 = ORIENTED_EDGE('',*,*,#4182,.T.);
#4197 = ORIENTED_EDGE('',*,*,#4198,.T.);
#4198 = EDGE_CURVE('',#4175,#4199,#4201,.T.);
#4199 = VERTEX_POINT('',#4200);
#4200 = CARTESIAN_POINT('',(0.89,-0.58,7.1));
#4201 = CIRCLE('',#4202,0.3);
#4202 = AXIS2_PLACEMENT_3D('',#4203,#4204,#4205);
#4203 = CARTESIAN_POINT('',(0.89,-0.88,7.1));
#4204 = DIRECTION('',(0.,0.,-1.));
#4205 = DIRECTION('',(1.,0.,0.));
#4206 = ORIENTED_EDGE('',*,*,#4207,.F.);
#4207 = EDGE_CURVE('',#4003,#4199,#4208,.T.);
#4208 = LINE('',#4209,#4210);
#4209 = CARTESIAN_POINT('',(0.89,-0.58,2.1));
#4210 = VECTOR('',#4211,1.);
#4211 = DIRECTION('',(0.,0.,1.));
#4212 = ORIENTED_EDGE('',*,*,#4010,.F.);
#4213 = CYLINDRICAL_SURFACE('',#4214,0.3);
#4214 = AXIS2_PLACEMENT_3D('',#4215,#4216,#4217);
#4215 = CARTESIAN_POINT('',(0.89,-0.88,2.1));
#4216 = DIRECTION('',(0.,0.,-1.));
#4217 = DIRECTION('',(1.,0.,0.));
#4218 = ADVANCED_FACE('',(#4219),#4237,.T.);
#4219 = FACE_BOUND('',#4220,.T.);
#4220 = EDGE_LOOP('',(#4221,#4222,#4230,#4236));
#4221 = ORIENTED_EDGE('',*,*,#4207,.T.);
#4222 = ORIENTED_EDGE('',*,*,#4223,.T.);
#4223 = EDGE_CURVE('',#4199,#4224,#4226,.T.);
#4224 = VERTEX_POINT('',#4225);
#4225 = CARTESIAN_POINT('',(2.05,-0.58,7.1));
#4226 = LINE('',#4227,#4228);
#4227 = CARTESIAN_POINT('',(0.89,-0.58,7.1));
#4228 = VECTOR('',#4229,1.);
#4229 = DIRECTION('',(1.,0.,0.));
#4230 = ORIENTED_EDGE('',*,*,#4231,.F.);
#4231 = EDGE_CURVE('',#3995,#4224,#4232,.T.);
#4232 = LINE('',#4233,#4234);
#4233 = CARTESIAN_POINT('',(2.05,-0.58,2.1));
#4234 = VECTOR('',#4235,1.);
#4235 = DIRECTION('',(0.,0.,1.));
#4236 = ORIENTED_EDGE('',*,*,#4002,.F.);
#4237 = PLANE('',#4238);
#4238 = AXIS2_PLACEMENT_3D('',#4239,#4240,#4241);
#4239 = CARTESIAN_POINT('',(0.89,-0.58,2.1));
#4240 = DIRECTION('',(0.,1.,0.));
#4241 = DIRECTION('',(1.,0.,0.));
#4242 = ADVANCED_FACE('',(#4243),#4261,.T.);
#4243 = FACE_BOUND('',#4244,.T.);
#4244 = EDGE_LOOP('',(#4245,#4246,#4254,#4260));
#4245 = ORIENTED_EDGE('',*,*,#4231,.T.);
#4246 = ORIENTED_EDGE('',*,*,#4247,.T.);
#4247 = EDGE_CURVE('',#4224,#4248,#4250,.T.);
#4248 = VERTEX_POINT('',#4249);
#4249 = CARTESIAN_POINT('',(2.05,0.59,7.1));
#4250 = LINE('',#4251,#4252);
#4251 = CARTESIAN_POINT('',(2.05,-0.58,7.1));
#4252 = VECTOR('',#4253,1.);
#4253 = DIRECTION('',(0.,1.,0.));
#4254 = ORIENTED_EDGE('',*,*,#4255,.F.);
#4255 = EDGE_CURVE('',#3987,#4248,#4256,.T.);
#4256 = LINE('',#4257,#4258);
#4257 = CARTESIAN_POINT('',(2.05,0.59,2.1));
#4258 = VECTOR('',#4259,1.);
#4259 = DIRECTION('',(0.,0.,1.));
#4260 = ORIENTED_EDGE('',*,*,#3994,.F.);
#4261 = PLANE('',#4262);
#4262 = AXIS2_PLACEMENT_3D('',#4263,#4264,#4265);
#4263 = CARTESIAN_POINT('',(2.05,-0.58,2.1));
#4264 = DIRECTION('',(-1.,0.,0.));
#4265 = DIRECTION('',(0.,1.,0.));
#4266 = ADVANCED_FACE('',(#4267),#4285,.T.);
#4267 = FACE_BOUND('',#4268,.T.);
#4268 = EDGE_LOOP('',(#4269,#4270,#4278,#4284));
#4269 = ORIENTED_EDGE('',*,*,#4255,.T.);
#4270 = ORIENTED_EDGE('',*,*,#4271,.T.);
#4271 = EDGE_CURVE('',#4248,#4272,#4274,.T.);
#4272 = VERTEX_POINT('',#4273);
#4273 = CARTESIAN_POINT('',(0.88,0.59,7.1));
#4274 = LINE('',#4275,#4276);
#4275 = CARTESIAN_POINT('',(2.05,0.59,7.1));
#4276 = VECTOR('',#4277,1.);
#4277 = DIRECTION('',(-1.,0.,0.));
#4278 = ORIENTED_EDGE('',*,*,#4279,.F.);
#4279 = EDGE_CURVE('',#3978,#4272,#4280,.T.);
#4280 = LINE('',#4281,#4282);
#4281 = CARTESIAN_POINT('',(0.88,0.59,2.1));
#4282 = VECTOR('',#4283,1.);
#4283 = DIRECTION('',(0.,0.,1.));
#4284 = ORIENTED_EDGE('',*,*,#3986,.F.);
#4285 = PLANE('',#4286);
#4286 = AXIS2_PLACEMENT_3D('',#4287,#4288,#4289);
#4287 = CARTESIAN_POINT('',(2.05,0.59,2.1));
#4288 = DIRECTION('',(0.,-1.,0.));
#4289 = DIRECTION('',(-1.,0.,0.));
#4290 = ADVANCED_FACE('',(#4291),#4310,.T.);
#4291 = FACE_BOUND('',#4292,.T.);
#4292 = EDGE_LOOP('',(#4293,#4294,#4303,#4309));
#4293 = ORIENTED_EDGE('',*,*,#4279,.T.);
#4294 = ORIENTED_EDGE('',*,*,#4295,.T.);
#4295 = EDGE_CURVE('',#4272,#4296,#4298,.T.);
#4296 = VERTEX_POINT('',#4297);
#4297 = CARTESIAN_POINT('',(0.58,0.89,7.1));
#4298 = CIRCLE('',#4299,0.3);
#4299 = AXIS2_PLACEMENT_3D('',#4300,#4301,#4302);
#4300 = CARTESIAN_POINT('',(0.88,0.89,7.1));
#4301 = DIRECTION('',(0.,0.,-1.));
#4302 = DIRECTION('',(1.,0.,0.));
#4303 = ORIENTED_EDGE('',*,*,#4304,.F.);
#4304 = EDGE_CURVE('',#3970,#4296,#4305,.T.);
#4305 = LINE('',#4306,#4307);
#4306 = CARTESIAN_POINT('',(0.58,0.89,2.1));
#4307 = VECTOR('',#4308,1.);
#4308 = DIRECTION('',(0.,0.,1.));
#4309 = ORIENTED_EDGE('',*,*,#3977,.F.);
#4310 = CYLINDRICAL_SURFACE('',#4311,0.3);
#4311 = AXIS2_PLACEMENT_3D('',#4312,#4313,#4314);
#4312 = CARTESIAN_POINT('',(0.88,0.89,2.1));
#4313 = DIRECTION('',(0.,0.,-1.));
#4314 = DIRECTION('',(1.,0.,0.));
#4315 = ADVANCED_FACE('',(#4316),#4334,.T.);
#4316 = FACE_BOUND('',#4317,.T.);
#4317 = EDGE_LOOP('',(#4318,#4319,#4327,#4333));
#4318 = ORIENTED_EDGE('',*,*,#4304,.T.);
#4319 = ORIENTED_EDGE('',*,*,#4320,.T.);
#4320 = EDGE_CURVE('',#4296,#4321,#4323,.T.);
#4321 = VERTEX_POINT('',#4322);
#4322 = CARTESIAN_POINT('',(0.58,2.05,7.1));
#4323 = LINE('',#4324,#4325);
#4324 = CARTESIAN_POINT('',(0.58,0.89,7.1));
#4325 = VECTOR('',#4326,1.);
#4326 = DIRECTION('',(0.,1.,0.));
#4327 = ORIENTED_EDGE('',*,*,#4328,.F.);
#4328 = EDGE_CURVE('',#3962,#4321,#4329,.T.);
#4329 = LINE('',#4330,#4331);
#4330 = CARTESIAN_POINT('',(0.58,2.05,2.1));
#4331 = VECTOR('',#4332,1.);
#4332 = DIRECTION('',(0.,0.,1.));
#4333 = ORIENTED_EDGE('',*,*,#3969,.F.);
#4334 = PLANE('',#4335);
#4335 = AXIS2_PLACEMENT_3D('',#4336,#4337,#4338);
#4336 = CARTESIAN_POINT('',(0.58,0.89,2.1));
#4337 = DIRECTION('',(-1.,0.,0.));
#4338 = DIRECTION('',(0.,1.,0.));
#4339 = ADVANCED_FACE('',(#4340),#4358,.T.);
#4340 = FACE_BOUND('',#4341,.T.);
#4341 = EDGE_LOOP('',(#4342,#4343,#4351,#4357));
#4342 = ORIENTED_EDGE('',*,*,#4328,.T.);
#4343 = ORIENTED_EDGE('',*,*,#4344,.T.);
#4344 = EDGE_CURVE('',#4321,#4345,#4347,.T.);
#4345 = VERTEX_POINT('',#4346);
#4346 = CARTESIAN_POINT('',(-0.59,2.05,7.1));
#4347 = LINE('',#4348,#4349);
#4348 = CARTESIAN_POINT('',(0.58,2.05,7.1));
#4349 = VECTOR('',#4350,1.);
#4350 = DIRECTION('',(-1.,0.,0.));
#4351 = ORIENTED_EDGE('',*,*,#4352,.F.);
#4352 = EDGE_CURVE('',#3954,#4345,#4353,.T.);
#4353 = LINE('',#4354,#4355);
#4354 = CARTESIAN_POINT('',(-0.59,2.05,2.1));
#4355 = VECTOR('',#4356,1.);
#4356 = DIRECTION('',(0.,0.,1.));
#4357 = ORIENTED_EDGE('',*,*,#3961,.F.);
#4358 = PLANE('',#4359);
#4359 = AXIS2_PLACEMENT_3D('',#4360,#4361,#4362);
#4360 = CARTESIAN_POINT('',(0.58,2.05,2.1));
#4361 = DIRECTION('',(0.,-1.,0.));
#4362 = DIRECTION('',(-1.,0.,0.));
#4363 = ADVANCED_FACE('',(#4364),#4382,.T.);
#4364 = FACE_BOUND('',#4365,.T.);
#4365 = EDGE_LOOP('',(#4366,#4367,#4375,#4381));
#4366 = ORIENTED_EDGE('',*,*,#4352,.T.);
#4367 = ORIENTED_EDGE('',*,*,#4368,.T.);
#4368 = EDGE_CURVE('',#4345,#4369,#4371,.T.);
#4369 = VERTEX_POINT('',#4370);
#4370 = CARTESIAN_POINT('',(-0.59,0.88,7.1));
#4371 = LINE('',#4372,#4373);
#4372 = CARTESIAN_POINT('',(-0.59,2.05,7.1));
#4373 = VECTOR('',#4374,1.);
#4374 = DIRECTION('',(0.,-1.,0.));
#4375 = ORIENTED_EDGE('',*,*,#4376,.F.);
#4376 = EDGE_CURVE('',#3945,#4369,#4377,.T.);
#4377 = LINE('',#4378,#4379);
#4378 = CARTESIAN_POINT('',(-0.59,0.88,2.1));
#4379 = VECTOR('',#4380,1.);
#4380 = DIRECTION('',(0.,0.,1.));
#4381 = ORIENTED_EDGE('',*,*,#3953,.F.);
#4382 = PLANE('',#4383);
#4383 = AXIS2_PLACEMENT_3D('',#4384,#4385,#4386);
#4384 = CARTESIAN_POINT('',(-0.59,2.05,2.1));
#4385 = DIRECTION('',(1.,0.,0.));
#4386 = DIRECTION('',(0.,-1.,0.));
#4387 = ADVANCED_FACE('',(#4388),#4407,.T.);
#4388 = FACE_BOUND('',#4389,.T.);
#4389 = EDGE_LOOP('',(#4390,#4391,#4400,#4406));
#4390 = ORIENTED_EDGE('',*,*,#4376,.T.);
#4391 = ORIENTED_EDGE('',*,*,#4392,.T.);
#4392 = EDGE_CURVE('',#4369,#4393,#4395,.T.);
#4393 = VERTEX_POINT('',#4394);
#4394 = CARTESIAN_POINT('',(-0.89,0.58,7.1));
#4395 = CIRCLE('',#4396,0.3);
#4396 = AXIS2_PLACEMENT_3D('',#4397,#4398,#4399);
#4397 = CARTESIAN_POINT('',(-0.89,0.88,7.1));
#4398 = DIRECTION('',(0.,0.,-1.));
#4399 = DIRECTION('',(1.,0.,0.));
#4400 = ORIENTED_EDGE('',*,*,#4401,.F.);
#4401 = EDGE_CURVE('',#3937,#4393,#4402,.T.);
#4402 = LINE('',#4403,#4404);
#4403 = CARTESIAN_POINT('',(-0.89,0.58,2.1));
#4404 = VECTOR('',#4405,1.);
#4405 = DIRECTION('',(0.,0.,1.));
#4406 = ORIENTED_EDGE('',*,*,#3944,.F.);
#4407 = CYLINDRICAL_SURFACE('',#4408,0.3);
#4408 = AXIS2_PLACEMENT_3D('',#4409,#4410,#4411);
#4409 = CARTESIAN_POINT('',(-0.89,0.88,2.1));
#4410 = DIRECTION('',(0.,0.,-1.));
#4411 = DIRECTION('',(1.,0.,0.));
#4412 = ADVANCED_FACE('',(#4413),#4431,.T.);
#4413 = FACE_BOUND('',#4414,.T.);
#4414 = EDGE_LOOP('',(#4415,#4416,#4424,#4430));
#4415 = ORIENTED_EDGE('',*,*,#4401,.T.);
#4416 = ORIENTED_EDGE('',*,*,#4417,.T.);
#4417 = EDGE_CURVE('',#4393,#4418,#4420,.T.);
#4418 = VERTEX_POINT('',#4419);
#4419 = CARTESIAN_POINT('',(-2.05,0.58,7.1));
#4420 = LINE('',#4421,#4422);
#4421 = CARTESIAN_POINT('',(-0.89,0.58,7.1));
#4422 = VECTOR('',#4423,1.);
#4423 = DIRECTION('',(-1.,0.,0.));
#4424 = ORIENTED_EDGE('',*,*,#4425,.F.);
#4425 = EDGE_CURVE('',#3929,#4418,#4426,.T.);
#4426 = LINE('',#4427,#4428);
#4427 = CARTESIAN_POINT('',(-2.05,0.58,2.1));
#4428 = VECTOR('',#4429,1.);
#4429 = DIRECTION('',(0.,0.,1.));
#4430 = ORIENTED_EDGE('',*,*,#3936,.F.);
#4431 = PLANE('',#4432);
#4432 = AXIS2_PLACEMENT_3D('',#4433,#4434,#4435);
#4433 = CARTESIAN_POINT('',(-0.89,0.58,2.1));
#4434 = DIRECTION('',(0.,-1.,0.));
#4435 = DIRECTION('',(-1.,0.,0.));
#4436 = ADVANCED_FACE('',(#4437),#4448,.T.);
#4437 = FACE_BOUND('',#4438,.T.);
#4438 = EDGE_LOOP('',(#4439,#4440,#4446,#4447));
#4439 = ORIENTED_EDGE('',*,*,#4425,.T.);
#4440 = ORIENTED_EDGE('',*,*,#4441,.T.);
#4441 = EDGE_CURVE('',#4418,#4070,#4442,.T.);
#4442 = LINE('',#4443,#4444);
#4443 = CARTESIAN_POINT('',(-2.05,0.58,7.1));
#4444 = VECTOR('',#4445,1.);
#4445 = DIRECTION('',(0.,-1.,0.));
#4446 = ORIENTED_EDGE('',*,*,#4069,.F.);
#4447 = ORIENTED_EDGE('',*,*,#3928,.F.);
#4448 = PLANE('',#4449);
#4449 = AXIS2_PLACEMENT_3D('',#4450,#4451,#4452);
#4450 = CARTESIAN_POINT('',(-2.05,0.58,2.1));
#4451 = DIRECTION('',(1.,0.,0.));
#4452 = DIRECTION('',(0.,-1.,0.));
#4453 = ADVANCED_FACE('',(#4454),#4472,.F.);
#4454 = FACE_BOUND('',#4455,.F.);
#4455 = EDGE_LOOP('',(#4456,#4457,#4458,#4459,#4460,#4461,#4462,#4463,
    #4464,#4465,#4466,#4467,#4468,#4469,#4470,#4471));
#4456 = ORIENTED_EDGE('',*,*,#4077,.T.);
#4457 = ORIENTED_EDGE('',*,*,#4101,.T.);
#4458 = ORIENTED_EDGE('',*,*,#4126,.T.);
#4459 = ORIENTED_EDGE('',*,*,#4150,.T.);
#4460 = ORIENTED_EDGE('',*,*,#4174,.T.);
#4461 = ORIENTED_EDGE('',*,*,#4198,.T.);
#4462 = ORIENTED_EDGE('',*,*,#4223,.T.);
#4463 = ORIENTED_EDGE('',*,*,#4247,.T.);
#4464 = ORIENTED_EDGE('',*,*,#4271,.T.);
#4465 = ORIENTED_EDGE('',*,*,#4295,.T.);
#4466 = ORIENTED_EDGE('',*,*,#4320,.T.);
#4467 = ORIENTED_EDGE('',*,*,#4344,.T.);
#4468 = ORIENTED_EDGE('',*,*,#4368,.T.);
#4469 = ORIENTED_EDGE('',*,*,#4392,.T.);
#4470 = ORIENTED_EDGE('',*,*,#4417,.T.);
#4471 = ORIENTED_EDGE('',*,*,#4441,.T.);
#4472 = PLANE('',#4473);
#4473 = AXIS2_PLACEMENT_3D('',#4474,#4475,#4476);
#4474 = CARTESIAN_POINT('',(0.,-6.5E-16,7.1));
#4475 = DIRECTION('',(0.,0.,1.));
#4476 = DIRECTION('',(1.,0.,0.));
#4477 = ( GEOMETRIC_REPRESENTATION_CONTEXT(3) 
GLOBAL_UNCERTAINTY_ASSIGNED_CONTEXT((#4481)) 
GLOBAL_UNIT_ASSIGNED_CONTEXT((#4478,#4479,#4480)) REPRESENTATION_CONTEXT
('Context #1','3D Context with UNIT and UNCERTAINTY') );
#4478 = ( LENGTH_UNIT() NAMED_UNIT(*) SI_UNIT(.MILLI.,.METRE.) );
#4479 = ( NAMED_UNIT(*) PLANE_ANGLE_UNIT() SI_UNIT($,.RADIAN.) );
#4480 = ( NAMED_UNIT(*) SI_UNIT($,.STERADIAN.) SOLID_ANGLE_UNIT() );
#4481 = UNCERTAINTY_MEASURE_WITH_UNIT(LENGTH_MEASURE(2.E-07),#4478,
  'distance_accuracy_value','confusion accuracy');
#4482 = CONTEXT_DEPENDENT_SHAPE_REPRESENTATION(#4483,#4485);
#4483 = ( REPRESENTATION_RELATIONSHIP('','',#40,#10) 
REPRESENTATION_RELATIONSHIP_WITH_TRANSFORMATION(#4484) 
SHAPE_REPRESENTATION_RELATIONSHIP() );
#4484 = ITEM_DEFINED_TRANSFORMATION('','',#11,#15);
#4485 = PRODUCT_DEFINITION_SHAPE('Placement','Placement of an item',
  #4486);
#4486 = NEXT_ASSEMBLY_USAGE_OCCURRENCE('111','Body','',#5,#35,$);
#4487 = PRODUCT_RELATED_PRODUCT_CATEGORY('part',$,(#37));
#4488 = SHAPE_DEFINITION_REPRESENTATION(#4489,#4495);
#4489 = PRODUCT_DEFINITION_SHAPE('','',#4490);
#4490 = PRODUCT_DEFINITION('design','',#4491,#4494);
#4491 = PRODUCT_DEFINITION_FORMATION('','',#4492);
#4492 = PRODUCT('Extrude','Extrude','',(#4493));
#4493 = PRODUCT_CONTEXT('',#2,'mechanical');
#4494 = PRODUCT_DEFINITION_CONTEXT('part definition',#2,'design');
#4495 = ADVANCED_BREP_SHAPE_REPRESENTATION('',(#11,#4496),#5505);
#4496 = MANIFOLD_SOLID_BREP('',#4497);
#4497 = CLOSED_SHELL('',(#4498,#4540,#4571,#4604,#4637,#4668,#4699,#4732
    ,#4765,#4796,#4829,#4862,#4893,#4924,#4957,#4990,#5021,#5054,#5085,
    #5118,#5151,#5182,#5215,#5248,#5279,#5310,#5334,#5374,#5405,#5427,
    #5466));
#4498 = ADVANCED_FACE('',(#4499),#4533,.F.);
#4499 = FACE_BOUND('',#4500,.F.);
#4500 = EDGE_LOOP('',(#4501,#4511,#4519,#4527));
#4501 = ORIENTED_EDGE('',*,*,#4502,.T.);
#4502 = EDGE_CURVE('',#4503,#4505,#4507,.T.);
#4503 = VERTEX_POINT('',#4504);
#4504 = CARTESIAN_POINT('',(-1.724183876261,-0.408308605341,10.));
#4505 = VERTEX_POINT('',#4506);
#4506 = CARTESIAN_POINT('',(-1.724183876261,-0.408308605341,9.6));
#4507 = LINE('',#4508,#4509);
#4508 = CARTESIAN_POINT('',(-1.724183876261,-0.408308605341,10.));
#4509 = VECTOR('',#4510,1.);
#4510 = DIRECTION('',(0.,0.,-1.));
#4511 = ORIENTED_EDGE('',*,*,#4512,.T.);
#4512 = EDGE_CURVE('',#4505,#4513,#4515,.T.);
#4513 = VERTEX_POINT('',#4514);
#4514 = CARTESIAN_POINT('',(-1.864391591395,-0.348330860534,9.6));
#4515 = B_SPLINE_CURVE_WITH_KNOTS('',2,(#4516,#4517,#4518),
  .UNSPECIFIED.,.F.,.F.,(3,3),(0.,1.),.PIECEWISE_BEZIER_KNOTS.);
#4516 = CARTESIAN_POINT('',(-1.724183876261,-0.408308605341,9.6));
#4517 = CARTESIAN_POINT('',(-1.804154202671,-0.408308605341,9.6));
#4518 = CARTESIAN_POINT('',(-1.864391591395,-0.348330860534,9.6));
#4519 = ORIENTED_EDGE('',*,*,#4520,.F.);
#4520 = EDGE_CURVE('',#4521,#4513,#4523,.T.);
#4521 = VERTEX_POINT('',#4522);
#4522 = CARTESIAN_POINT('',(-1.864391591395,-0.348330860534,10.));
#4523 = LINE('',#4524,#4525);
#4524 = CARTESIAN_POINT('',(-1.864391591395,-0.348330860534,10.));
#4525 = VECTOR('',#4526,1.);
#4526 = DIRECTION('',(0.,0.,-1.));
#4527 = ORIENTED_EDGE('',*,*,#4528,.F.);
#4528 = EDGE_CURVE('',#4503,#4521,#4529,.T.);
#4529 = B_SPLINE_CURVE_WITH_KNOTS('',2,(#4530,#4531,#4532),
  .UNSPECIFIED.,.F.,.F.,(3,3),(0.,1.),.PIECEWISE_BEZIER_KNOTS.);
#4530 = CARTESIAN_POINT('',(-1.724183876261,-0.408308605341,10.));
#4531 = CARTESIAN_POINT('',(-1.804154202671,-0.408308605341,10.));
#4532 = CARTESIAN_POINT('',(-1.864391591395,-0.348330860534,10.));
#4533 = SURFACE_OF_LINEAR_EXTRUSION('',#4534,#4538);
#4534 = B_SPLINE_CURVE_WITH_KNOTS('',2,(#4535,#4536,#4537),
  .UNSPECIFIED.,.F.,.F.,(3,3),(0.,1.),.PIECEWISE_BEZIER_KNOTS.);
#4535 = CARTESIAN_POINT('',(-1.724183876261,-0.408308605341,10.));
#4536 = CARTESIAN_POINT('',(-1.804154202671,-0.408308605341,10.));
#4537 = CARTESIAN_POINT('',(-1.864391591395,-0.348330860534,10.));
#4538 = VECTOR('',#4539,1.);
#4539 = DIRECTION('',(-0.,-0.,1.));
#4540 = ADVANCED_FACE('',(#4541),#4566,.F.);
#4541 = FACE_BOUND('',#4542,.F.);
#4542 = EDGE_LOOP('',(#4543,#4553,#4559,#4560));
#4543 = ORIENTED_EDGE('',*,*,#4544,.T.);
#4544 = EDGE_CURVE('',#4545,#4547,#4549,.T.);
#4545 = VERTEX_POINT('',#4546);
#4546 = CARTESIAN_POINT('',(-0.729228386647,-0.408308605341,10.));
#4547 = VERTEX_POINT('',#4548);
#4548 = CARTESIAN_POINT('',(-0.729228386647,-0.408308605341,9.6));
#4549 = LINE('',#4550,#4551);
#4550 = CARTESIAN_POINT('',(-0.729228386647,-0.408308605341,10.));
#4551 = VECTOR('',#4552,1.);
#4552 = DIRECTION('',(0.,0.,-1.));
#4553 = ORIENTED_EDGE('',*,*,#4554,.T.);
#4554 = EDGE_CURVE('',#4547,#4505,#4555,.T.);
#4555 = LINE('',#4556,#4557);
#4556 = CARTESIAN_POINT('',(-0.729228386647,-0.408308605341,9.6));
#4557 = VECTOR('',#4558,1.);
#4558 = DIRECTION('',(-1.,0.,0.));
#4559 = ORIENTED_EDGE('',*,*,#4502,.F.);
#4560 = ORIENTED_EDGE('',*,*,#4561,.F.);
#4561 = EDGE_CURVE('',#4545,#4503,#4562,.T.);
#4562 = LINE('',#4563,#4564);
#4563 = CARTESIAN_POINT('',(-0.729228386647,-0.408308605341,10.));
#4564 = VECTOR('',#4565,1.);
#4565 = DIRECTION('',(-1.,0.,0.));
#4566 = PLANE('',#4567);
#4567 = AXIS2_PLACEMENT_3D('',#4568,#4569,#4570);
#4568 = CARTESIAN_POINT('',(-0.729228386647,-0.408308605341,10.));
#4569 = DIRECTION('',(0.,1.,0.));
#4570 = DIRECTION('',(-1.,0.,0.));
#4571 = ADVANCED_FACE('',(#4572),#4597,.F.);
#4572 = FACE_BOUND('',#4573,.F.);
#4573 = EDGE_LOOP('',(#4574,#4584,#4590,#4591));
#4574 = ORIENTED_EDGE('',*,*,#4575,.T.);
#4575 = EDGE_CURVE('',#4576,#4578,#4580,.T.);
#4576 = VERTEX_POINT('',#4577);
#4577 = CARTESIAN_POINT('',(-0.589020671513,-0.348330860534,10.));
#4578 = VERTEX_POINT('',#4579);
#4579 = CARTESIAN_POINT('',(-0.589020671513,-0.348330860534,9.6));
#4580 = LINE('',#4581,#4582);
#4581 = CARTESIAN_POINT('',(-0.589020671513,-0.348330860534,10.));
#4582 = VECTOR('',#4583,1.);
#4583 = DIRECTION('',(0.,0.,-1.));
#4584 = ORIENTED_EDGE('',*,*,#4585,.T.);
#4585 = EDGE_CURVE('',#4578,#4547,#4586,.T.);
#4586 = B_SPLINE_CURVE_WITH_KNOTS('',2,(#4587,#4588,#4589),
  .UNSPECIFIED.,.F.,.F.,(3,3),(0.,1.),.PIECEWISE_BEZIER_KNOTS.);
#4587 = CARTESIAN_POINT('',(-0.589020671513,-0.348330860534,9.6));
#4588 = CARTESIAN_POINT('',(-0.64899841632,-0.408308605341,9.6));
#4589 = CARTESIAN_POINT('',(-0.729228386647,-0.408308605341,9.6));
#4590 = ORIENTED_EDGE('',*,*,#4544,.F.);
#4591 = ORIENTED_EDGE('',*,*,#4592,.F.);
#4592 = EDGE_CURVE('',#4576,#4545,#4593,.T.);
#4593 = B_SPLINE_CURVE_WITH_KNOTS('',2,(#4594,#4595,#4596),
  .UNSPECIFIED.,.F.,.F.,(3,3),(0.,1.),.PIECEWISE_BEZIER_KNOTS.);
#4594 = CARTESIAN_POINT('',(-0.589020671513,-0.348330860534,10.));
#4595 = CARTESIAN_POINT('',(-0.64899841632,-0.408308605341,10.));
#4596 = CARTESIAN_POINT('',(-0.729228386647,-0.408308605341,10.));
#4597 = SURFACE_OF_LINEAR_EXTRUSION('',#4598,#4602);
#4598 = B_SPLINE_CURVE_WITH_KNOTS('',2,(#4599,#4600,#4601),
  .UNSPECIFIED.,.F.,.F.,(3,3),(0.,1.),.PIECEWISE_BEZIER_KNOTS.);
#4599 = CARTESIAN_POINT('',(-0.589020671513,-0.348330860534,10.));
#4600 = CARTESIAN_POINT('',(-0.64899841632,-0.408308605341,10.));
#4601 = CARTESIAN_POINT('',(-0.729228386647,-0.408308605341,10.));
#4602 = VECTOR('',#4603,1.);
#4603 = DIRECTION('',(-0.,-0.,1.));
#4604 = ADVANCED_FACE('',(#4605),#4630,.F.);
#4605 = FACE_BOUND('',#4606,.F.);
#4606 = EDGE_LOOP('',(#4607,#4617,#4623,#4624));
#4607 = ORIENTED_EDGE('',*,*,#4608,.T.);
#4608 = EDGE_CURVE('',#4609,#4611,#4613,.T.);
#4609 = VERTEX_POINT('',#4610);
#4610 = CARTESIAN_POINT('',(-0.528783282789,-0.208123145401,10.));
#4611 = VERTEX_POINT('',#4612);
#4612 = CARTESIAN_POINT('',(-0.528783282789,-0.208123145401,9.6));
#4613 = LINE('',#4614,#4615);
#4614 = CARTESIAN_POINT('',(-0.528783282789,-0.208123145401,10.));
#4615 = VECTOR('',#4616,1.);
#4616 = DIRECTION('',(0.,0.,-1.));
#4617 = ORIENTED_EDGE('',*,*,#4618,.T.);
#4618 = EDGE_CURVE('',#4611,#4578,#4619,.T.);
#4619 = B_SPLINE_CURVE_WITH_KNOTS('',2,(#4620,#4621,#4622),
  .UNSPECIFIED.,.F.,.F.,(3,3),(0.,1.),.PIECEWISE_BEZIER_KNOTS.);
#4620 = CARTESIAN_POINT('',(-0.528783282789,-0.208123145401,9.6));
#4621 = CARTESIAN_POINT('',(-0.528783282789,-0.28809347181,9.6));
#4622 = CARTESIAN_POINT('',(-0.589020671513,-0.348330860534,9.6));
#4623 = ORIENTED_EDGE('',*,*,#4575,.F.);
#4624 = ORIENTED_EDGE('',*,*,#4625,.F.);
#4625 = EDGE_CURVE('',#4609,#4576,#4626,.T.);
#4626 = B_SPLINE_CURVE_WITH_KNOTS('',2,(#4627,#4628,#4629),
  .UNSPECIFIED.,.F.,.F.,(3,3),(0.,1.),.PIECEWISE_BEZIER_KNOTS.);
#4627 = CARTESIAN_POINT('',(-0.528783282789,-0.208123145401,10.));
#4628 = CARTESIAN_POINT('',(-0.528783282789,-0.28809347181,10.));
#4629 = CARTESIAN_POINT('',(-0.589020671513,-0.348330860534,10.));
#4630 = SURFACE_OF_LINEAR_EXTRUSION('',#4631,#4635);
#4631 = B_SPLINE_CURVE_WITH_KNOTS('',2,(#4632,#4633,#4634),
  .UNSPECIFIED.,.F.,.F.,(3,3),(0.,1.),.PIECEWISE_BEZIER_KNOTS.);
#4632 = CARTESIAN_POINT('',(-0.528783282789,-0.208123145401,10.));
#4633 = CARTESIAN_POINT('',(-0.528783282789,-0.28809347181,10.));
#4634 = CARTESIAN_POINT('',(-0.589020671513,-0.348330860534,10.));
#4635 = VECTOR('',#4636,1.);
#4636 = DIRECTION('',(-0.,-0.,1.));
#4637 = ADVANCED_FACE('',(#4638),#4663,.F.);
#4638 = FACE_BOUND('',#4639,.F.);
#4639 = EDGE_LOOP('',(#4640,#4650,#4656,#4657));
#4640 = ORIENTED_EDGE('',*,*,#4641,.T.);
#4641 = EDGE_CURVE('',#4642,#4644,#4646,.T.);
#4642 = VERTEX_POINT('',#4643);
#4643 = CARTESIAN_POINT('',(-0.528783282789,0.696735905045,10.));
#4644 = VERTEX_POINT('',#4645);
#4645 = CARTESIAN_POINT('',(-0.528783282789,0.696735905045,9.6));
#4646 = LINE('',#4647,#4648);
#4647 = CARTESIAN_POINT('',(-0.528783282789,0.696735905045,10.));
#4648 = VECTOR('',#4649,1.);
#4649 = DIRECTION('',(0.,0.,-1.));
#4650 = ORIENTED_EDGE('',*,*,#4651,.T.);
#4651 = EDGE_CURVE('',#4644,#4611,#4652,.T.);
#4652 = LINE('',#4653,#4654);
#4653 = CARTESIAN_POINT('',(-0.528783282789,0.696735905045,9.6));
#4654 = VECTOR('',#4655,1.);
#4655 = DIRECTION('',(0.,-1.,0.));
#4656 = ORIENTED_EDGE('',*,*,#4608,.F.);
#4657 = ORIENTED_EDGE('',*,*,#4658,.F.);
#4658 = EDGE_CURVE('',#4642,#4609,#4659,.T.);
#4659 = LINE('',#4660,#4661);
#4660 = CARTESIAN_POINT('',(-0.528783282789,0.696735905045,10.));
#4661 = VECTOR('',#4662,1.);
#4662 = DIRECTION('',(0.,-1.,0.));
#4663 = PLANE('',#4664);
#4664 = AXIS2_PLACEMENT_3D('',#4665,#4666,#4667);
#4665 = CARTESIAN_POINT('',(-0.528783282789,0.696735905045,10.));
#4666 = DIRECTION('',(-1.,-0.,-0.));
#4667 = DIRECTION('',(0.,-1.,0.));
#4668 = ADVANCED_FACE('',(#4669),#4694,.F.);
#4669 = FACE_BOUND('',#4670,.F.);
#4670 = EDGE_LOOP('',(#4671,#4681,#4687,#4688));
#4671 = ORIENTED_EDGE('',*,*,#4672,.T.);
#4672 = EDGE_CURVE('',#4673,#4675,#4677,.T.);
#4673 = VERTEX_POINT('',#4674);
#4674 = CARTESIAN_POINT('',(0.18471820089,0.696735905045,10.));
#4675 = VERTEX_POINT('',#4676);
#4676 = CARTESIAN_POINT('',(0.18471820089,0.696735905045,9.6));
#4677 = LINE('',#4678,#4679);
#4678 = CARTESIAN_POINT('',(0.18471820089,0.696735905045,10.));
#4679 = VECTOR('',#4680,1.);
#4680 = DIRECTION('',(0.,0.,-1.));
#4681 = ORIENTED_EDGE('',*,*,#4682,.T.);
#4682 = EDGE_CURVE('',#4675,#4644,#4683,.T.);
#4683 = LINE('',#4684,#4685);
#4684 = CARTESIAN_POINT('',(0.18471820089,0.696735905045,9.6));
#4685 = VECTOR('',#4686,1.);
#4686 = DIRECTION('',(-1.,0.,0.));
#4687 = ORIENTED_EDGE('',*,*,#4641,.F.);
#4688 = ORIENTED_EDGE('',*,*,#4689,.F.);
#4689 = EDGE_CURVE('',#4673,#4642,#4690,.T.);
#4690 = LINE('',#4691,#4692);
#4691 = CARTESIAN_POINT('',(0.18471820089,0.696735905045,10.));
#4692 = VECTOR('',#4693,1.);
#4693 = DIRECTION('',(-1.,0.,0.));
#4694 = PLANE('',#4695);
#4695 = AXIS2_PLACEMENT_3D('',#4696,#4697,#4698);
#4696 = CARTESIAN_POINT('',(0.18471820089,0.696735905045,10.));
#4697 = DIRECTION('',(0.,1.,0.));
#4698 = DIRECTION('',(-1.,0.,0.));
#4699 = ADVANCED_FACE('',(#4700),#4725,.F.);
#4700 = FACE_BOUND('',#4701,.F.);
#4701 = EDGE_LOOP('',(#4702,#4712,#4718,#4719));
#4702 = ORIENTED_EDGE('',*,*,#4703,.T.);
#4703 = EDGE_CURVE('',#4704,#4706,#4708,.T.);
#4704 = VERTEX_POINT('',#4705);
#4705 = CARTESIAN_POINT('',(0.325185559941,0.752818991098,10.));
#4706 = VERTEX_POINT('',#4707);
#4707 = CARTESIAN_POINT('',(0.325185559941,0.752818991098,9.6));
#4708 = LINE('',#4709,#4710);
#4709 = CARTESIAN_POINT('',(0.325185559941,0.752818991098,10.));
#4710 = VECTOR('',#4711,1.);
#4711 = DIRECTION('',(0.,0.,-1.));
#4712 = ORIENTED_EDGE('',*,*,#4713,.T.);
#4713 = EDGE_CURVE('',#4706,#4675,#4714,.T.);
#4714 = B_SPLINE_CURVE_WITH_KNOTS('',2,(#4715,#4716,#4717),
  .UNSPECIFIED.,.F.,.F.,(3,3),(0.,1.),.PIECEWISE_BEZIER_KNOTS.);
#4715 = CARTESIAN_POINT('',(0.325185559941,0.752818991098,9.6));
#4716 = CARTESIAN_POINT('',(0.265207815134,0.696735905045,9.6));
#4717 = CARTESIAN_POINT('',(0.18471820089,0.696735905045,9.6));
#4718 = ORIENTED_EDGE('',*,*,#4672,.F.);
#4719 = ORIENTED_EDGE('',*,*,#4720,.F.);
#4720 = EDGE_CURVE('',#4704,#4673,#4721,.T.);
#4721 = B_SPLINE_CURVE_WITH_KNOTS('',2,(#4722,#4723,#4724),
  .UNSPECIFIED.,.F.,.F.,(3,3),(0.,1.),.PIECEWISE_BEZIER_KNOTS.);
#4722 = CARTESIAN_POINT('',(0.325185559941,0.752818991098,10.));
#4723 = CARTESIAN_POINT('',(0.265207815134,0.696735905045,10.));
#4724 = CARTESIAN_POINT('',(0.18471820089,0.696735905045,10.));
#4725 = SURFACE_OF_LINEAR_EXTRUSION('',#4726,#4730);
#4726 = B_SPLINE_CURVE_WITH_KNOTS('',2,(#4727,#4728,#4729),
  .UNSPECIFIED.,.F.,.F.,(3,3),(0.,1.),.PIECEWISE_BEZIER_KNOTS.);
#4727 = CARTESIAN_POINT('',(0.325185559941,0.752818991098,10.));
#4728 = CARTESIAN_POINT('',(0.265207815134,0.696735905045,10.));
#4729 = CARTESIAN_POINT('',(0.18471820089,0.696735905045,10.));
#4730 = VECTOR('',#4731,1.);
#4731 = DIRECTION('',(-0.,-0.,1.));
#4732 = ADVANCED_FACE('',(#4733),#4758,.F.);
#4733 = FACE_BOUND('',#4734,.F.);
#4734 = EDGE_LOOP('',(#4735,#4745,#4751,#4752));
#4735 = ORIENTED_EDGE('',*,*,#4736,.T.);
#4736 = EDGE_CURVE('',#4737,#4739,#4741,.T.);
#4737 = VERTEX_POINT('',#4738);
#4738 = CARTESIAN_POINT('',(0.385163304748,0.897440652819,10.));
#4739 = VERTEX_POINT('',#4740);
#4740 = CARTESIAN_POINT('',(0.385163304748,0.897440652819,9.6));
#4741 = LINE('',#4742,#4743);
#4742 = CARTESIAN_POINT('',(0.385163304748,0.897440652819,10.));
#4743 = VECTOR('',#4744,1.);
#4744 = DIRECTION('',(0.,0.,-1.));
#4745 = ORIENTED_EDGE('',*,*,#4746,.T.);
#4746 = EDGE_CURVE('',#4739,#4706,#4747,.T.);
#4747 = B_SPLINE_CURVE_WITH_KNOTS('',2,(#4748,#4749,#4750),
  .UNSPECIFIED.,.F.,.F.,(3,3),(0.,1.),.PIECEWISE_BEZIER_KNOTS.);
#4748 = CARTESIAN_POINT('',(0.385163304748,0.897440652819,9.6));
#4749 = CARTESIAN_POINT('',(0.385163304748,0.809161721068,9.6));
#4750 = CARTESIAN_POINT('',(0.325185559941,0.752818991098,9.6));
#4751 = ORIENTED_EDGE('',*,*,#4703,.F.);
#4752 = ORIENTED_EDGE('',*,*,#4753,.F.);
#4753 = EDGE_CURVE('',#4737,#4704,#4754,.T.);
#4754 = B_SPLINE_CURVE_WITH_KNOTS('',2,(#4755,#4756,#4757),
  .UNSPECIFIED.,.F.,.F.,(3,3),(0.,1.),.PIECEWISE_BEZIER_KNOTS.);
#4755 = CARTESIAN_POINT('',(0.385163304748,0.897440652819,10.));
#4756 = CARTESIAN_POINT('',(0.385163304748,0.809161721068,10.));
#4757 = CARTESIAN_POINT('',(0.325185559941,0.752818991098,10.));
#4758 = SURFACE_OF_LINEAR_EXTRUSION('',#4759,#4763);
#4759 = B_SPLINE_CURVE_WITH_KNOTS('',2,(#4760,#4761,#4762),
  .UNSPECIFIED.,.F.,.F.,(3,3),(0.,1.),.PIECEWISE_BEZIER_KNOTS.);
#4760 = CARTESIAN_POINT('',(0.385163304748,0.897440652819,10.));
#4761 = CARTESIAN_POINT('',(0.385163304748,0.809161721068,10.));
#4762 = CARTESIAN_POINT('',(0.325185559941,0.752818991098,10.));
#4763 = VECTOR('',#4764,1.);
#4764 = DIRECTION('',(-0.,-0.,1.));
#4765 = ADVANCED_FACE('',(#4766),#4791,.F.);
#4766 = FACE_BOUND('',#4767,.F.);
#4767 = EDGE_LOOP('',(#4768,#4778,#4784,#4785));
#4768 = ORIENTED_EDGE('',*,*,#4769,.T.);
#4769 = EDGE_CURVE('',#4770,#4772,#4774,.T.);
#4770 = VERTEX_POINT('',#4771);
#4771 = CARTESIAN_POINT('',(0.385163304748,1.692470326409,10.));
#4772 = VERTEX_POINT('',#4773);
#4773 = CARTESIAN_POINT('',(0.385163304748,1.692470326409,9.6));
#4774 = LINE('',#4775,#4776);
#4775 = CARTESIAN_POINT('',(0.385163304748,1.692470326409,10.));
#4776 = VECTOR('',#4777,1.);
#4777 = DIRECTION('',(0.,0.,-1.));
#4778 = ORIENTED_EDGE('',*,*,#4779,.T.);
#4779 = EDGE_CURVE('',#4772,#4739,#4780,.T.);
#4780 = LINE('',#4781,#4782);
#4781 = CARTESIAN_POINT('',(0.385163304748,1.692470326409,9.6));
#4782 = VECTOR('',#4783,1.);
#4783 = DIRECTION('',(0.,-1.,0.));
#4784 = ORIENTED_EDGE('',*,*,#4736,.F.);
#4785 = ORIENTED_EDGE('',*,*,#4786,.F.);
#4786 = EDGE_CURVE('',#4770,#4737,#4787,.T.);
#4787 = LINE('',#4788,#4789);
#4788 = CARTESIAN_POINT('',(0.385163304748,1.692470326409,10.));
#4789 = VECTOR('',#4790,1.);
#4790 = DIRECTION('',(0.,-1.,0.));
#4791 = PLANE('',#4792);
#4792 = AXIS2_PLACEMENT_3D('',#4793,#4794,#4795);
#4793 = CARTESIAN_POINT('',(0.385163304748,1.692470326409,10.));
#4794 = DIRECTION('',(-1.,-0.,-0.));
#4795 = DIRECTION('',(0.,-1.,0.));
#4796 = ADVANCED_FACE('',(#4797),#4822,.F.);
#4797 = FACE_BOUND('',#4798,.F.);
#4798 = EDGE_LOOP('',(#4799,#4809,#4815,#4816));
#4799 = ORIENTED_EDGE('',*,*,#4800,.T.);
#4800 = EDGE_CURVE('',#4801,#4803,#4805,.T.);
#4801 = VERTEX_POINT('',#4802);
#4802 = CARTESIAN_POINT('',(0.329080218694,1.83293768546,10.));
#4803 = VERTEX_POINT('',#4804);
#4804 = CARTESIAN_POINT('',(0.329080218694,1.83293768546,9.6));
#4805 = LINE('',#4806,#4807);
#4806 = CARTESIAN_POINT('',(0.329080218694,1.83293768546,10.));
#4807 = VECTOR('',#4808,1.);
#4808 = DIRECTION('',(0.,0.,-1.));
#4809 = ORIENTED_EDGE('',*,*,#4810,.T.);
#4810 = EDGE_CURVE('',#4803,#4772,#4811,.T.);
#4811 = B_SPLINE_CURVE_WITH_KNOTS('',2,(#4812,#4813,#4814),
  .UNSPECIFIED.,.F.,.F.,(3,3),(0.,1.),.PIECEWISE_BEZIER_KNOTS.);
#4812 = CARTESIAN_POINT('',(0.329080218694,1.83293768546,9.6));
#4813 = CARTESIAN_POINT('',(0.385163304748,1.772700296736,9.6));
#4814 = CARTESIAN_POINT('',(0.385163304748,1.692470326409,9.6));
#4815 = ORIENTED_EDGE('',*,*,#4769,.F.);
#4816 = ORIENTED_EDGE('',*,*,#4817,.F.);
#4817 = EDGE_CURVE('',#4801,#4770,#4818,.T.);
#4818 = B_SPLINE_CURVE_WITH_KNOTS('',2,(#4819,#4820,#4821),
  .UNSPECIFIED.,.F.,.F.,(3,3),(0.,1.),.PIECEWISE_BEZIER_KNOTS.);
#4819 = CARTESIAN_POINT('',(0.329080218694,1.83293768546,10.));
#4820 = CARTESIAN_POINT('',(0.385163304748,1.772700296736,10.));
#4821 = CARTESIAN_POINT('',(0.385163304748,1.692470326409,10.));
#4822 = SURFACE_OF_LINEAR_EXTRUSION('',#4823,#4827);
#4823 = B_SPLINE_CURVE_WITH_KNOTS('',2,(#4824,#4825,#4826),
  .UNSPECIFIED.,.F.,.F.,(3,3),(0.,1.),.PIECEWISE_BEZIER_KNOTS.);
#4824 = CARTESIAN_POINT('',(0.329080218694,1.83293768546,10.));
#4825 = CARTESIAN_POINT('',(0.385163304748,1.772700296736,10.));
#4826 = CARTESIAN_POINT('',(0.385163304748,1.692470326409,10.));
#4827 = VECTOR('',#4828,1.);
#4828 = DIRECTION('',(-0.,-0.,1.));
#4829 = ADVANCED_FACE('',(#4830),#4855,.F.);
#4830 = FACE_BOUND('',#4831,.F.);
#4831 = EDGE_LOOP('',(#4832,#4842,#4848,#4849));
#4832 = ORIENTED_EDGE('',*,*,#4833,.T.);
#4833 = EDGE_CURVE('',#4834,#4836,#4838,.T.);
#4834 = VERTEX_POINT('',#4835);
#4835 = CARTESIAN_POINT('',(0.176928883383,1.893175074184,10.));
#4836 = VERTEX_POINT('',#4837);
#4837 = CARTESIAN_POINT('',(0.176928883383,1.893175074184,9.6));
#4838 = LINE('',#4839,#4840);
#4839 = CARTESIAN_POINT('',(0.176928883383,1.893175074184,10.));
#4840 = VECTOR('',#4841,1.);
#4841 = DIRECTION('',(0.,0.,-1.));
#4842 = ORIENTED_EDGE('',*,*,#4843,.T.);
#4843 = EDGE_CURVE('',#4836,#4803,#4844,.T.);
#4844 = B_SPLINE_CURVE_WITH_KNOTS('',2,(#4845,#4846,#4847),
  .UNSPECIFIED.,.F.,.F.,(3,3),(0.,1.),.PIECEWISE_BEZIER_KNOTS.);
#4845 = CARTESIAN_POINT('',(0.176928883383,1.893175074184,9.6));
#4846 = CARTESIAN_POINT('',(0.272997132641,1.893175074184,9.6));
#4847 = CARTESIAN_POINT('',(0.329080218694,1.83293768546,9.6));
#4848 = ORIENTED_EDGE('',*,*,#4800,.F.);
#4849 = ORIENTED_EDGE('',*,*,#4850,.F.);
#4850 = EDGE_CURVE('',#4834,#4801,#4851,.T.);
#4851 = B_SPLINE_CURVE_WITH_KNOTS('',2,(#4852,#4853,#4854),
  .UNSPECIFIED.,.F.,.F.,(3,3),(0.,1.),.PIECEWISE_BEZIER_KNOTS.);
#4852 = CARTESIAN_POINT('',(0.176928883383,1.893175074184,10.));
#4853 = CARTESIAN_POINT('',(0.272997132641,1.893175074184,10.));
#4854 = CARTESIAN_POINT('',(0.329080218694,1.83293768546,10.));
#4855 = SURFACE_OF_LINEAR_EXTRUSION('',#4856,#4860);
#4856 = B_SPLINE_CURVE_WITH_KNOTS('',2,(#4857,#4858,#4859),
  .UNSPECIFIED.,.F.,.F.,(3,3),(0.,1.),.PIECEWISE_BEZIER_KNOTS.);
#4857 = CARTESIAN_POINT('',(0.176928883383,1.893175074184,10.));
#4858 = CARTESIAN_POINT('',(0.272997132641,1.893175074184,10.));
#4859 = CARTESIAN_POINT('',(0.329080218694,1.83293768546,10.));
#4860 = VECTOR('',#4861,1.);
#4861 = DIRECTION('',(-0.,-0.,1.));
#4862 = ADVANCED_FACE('',(#4863),#4888,.F.);
#4863 = FACE_BOUND('',#4864,.F.);
#4864 = EDGE_LOOP('',(#4865,#4875,#4881,#4882));
#4865 = ORIENTED_EDGE('',*,*,#4866,.T.);
#4866 = EDGE_CURVE('',#4867,#4869,#4871,.T.);
#4867 = VERTEX_POINT('',#4868);
#4868 = CARTESIAN_POINT('',(-0.528783282789,1.893175074184,10.));
#4869 = VERTEX_POINT('',#4870);
#4870 = CARTESIAN_POINT('',(-0.528783282789,1.893175074184,9.6));
#4871 = LINE('',#4872,#4873);
#4872 = CARTESIAN_POINT('',(-0.528783282789,1.893175074184,10.));
#4873 = VECTOR('',#4874,1.);
#4874 = DIRECTION('',(0.,0.,-1.));
#4875 = ORIENTED_EDGE('',*,*,#4876,.T.);
#4876 = EDGE_CURVE('',#4869,#4836,#4877,.T.);
#4877 = LINE('',#4878,#4879);
#4878 = CARTESIAN_POINT('',(-0.528783282789,1.893175074184,9.6));
#4879 = VECTOR('',#4880,1.);
#4880 = DIRECTION('',(1.,0.,0.));
#4881 = ORIENTED_EDGE('',*,*,#4833,.F.);
#4882 = ORIENTED_EDGE('',*,*,#4883,.F.);
#4883 = EDGE_CURVE('',#4867,#4834,#4884,.T.);
#4884 = LINE('',#4885,#4886);
#4885 = CARTESIAN_POINT('',(-0.528783282789,1.893175074184,10.));
#4886 = VECTOR('',#4887,1.);
#4887 = DIRECTION('',(1.,0.,0.));
#4888 = PLANE('',#4889);
#4889 = AXIS2_PLACEMENT_3D('',#4890,#4891,#4892);
#4890 = CARTESIAN_POINT('',(-0.528783282789,1.893175074184,10.));
#4891 = DIRECTION('',(0.,-1.,0.));
#4892 = DIRECTION('',(1.,0.,0.));
#4893 = ADVANCED_FACE('',(#4894),#4919,.F.);
#4894 = FACE_BOUND('',#4895,.F.);
#4895 = EDGE_LOOP('',(#4896,#4906,#4912,#4913));
#4896 = ORIENTED_EDGE('',*,*,#4897,.T.);
#4897 = EDGE_CURVE('',#4898,#4900,#4902,.T.);
#4898 = VERTEX_POINT('',#4899);
#4899 = CARTESIAN_POINT('',(-0.528783282789,4.992025222552,10.));
#4900 = VERTEX_POINT('',#4901);
#4901 = CARTESIAN_POINT('',(-0.528783282789,4.992025222552,9.6));
#4902 = LINE('',#4903,#4904);
#4903 = CARTESIAN_POINT('',(-0.528783282789,4.992025222552,10.));
#4904 = VECTOR('',#4905,1.);
#4905 = DIRECTION('',(0.,0.,-1.));
#4906 = ORIENTED_EDGE('',*,*,#4907,.T.);
#4907 = EDGE_CURVE('',#4900,#4869,#4908,.T.);
#4908 = LINE('',#4909,#4910);
#4909 = CARTESIAN_POINT('',(-0.528783282789,4.992025222552,9.6));
#4910 = VECTOR('',#4911,1.);
#4911 = DIRECTION('',(0.,-1.,0.));
#4912 = ORIENTED_EDGE('',*,*,#4866,.F.);
#4913 = ORIENTED_EDGE('',*,*,#4914,.F.);
#4914 = EDGE_CURVE('',#4898,#4867,#4915,.T.);
#4915 = LINE('',#4916,#4917);
#4916 = CARTESIAN_POINT('',(-0.528783282789,4.992025222552,10.));
#4917 = VECTOR('',#4918,1.);
#4918 = DIRECTION('',(0.,-1.,0.));
#4919 = PLANE('',#4920);
#4920 = AXIS2_PLACEMENT_3D('',#4921,#4922,#4923);
#4921 = CARTESIAN_POINT('',(-0.528783282789,4.992025222552,10.));
#4922 = DIRECTION('',(-1.,-0.,-0.));
#4923 = DIRECTION('',(0.,-1.,0.));
#4924 = ADVANCED_FACE('',(#4925),#4950,.F.);
#4925 = FACE_BOUND('',#4926,.F.);
#4926 = EDGE_LOOP('',(#4927,#4937,#4943,#4944));
#4927 = ORIENTED_EDGE('',*,*,#4928,.T.);
#4928 = EDGE_CURVE('',#4929,#4931,#4933,.T.);
#4929 = VERTEX_POINT('',#4930);
#4930 = CARTESIAN_POINT('',(-0.58850138368,5.135608308605,10.));
#4931 = VERTEX_POINT('',#4932);
#4932 = CARTESIAN_POINT('',(-0.58850138368,5.135608308605,9.6));
#4933 = LINE('',#4934,#4935);
#4934 = CARTESIAN_POINT('',(-0.58850138368,5.135608308605,10.));
#4935 = VECTOR('',#4936,1.);
#4936 = DIRECTION('',(0.,0.,-1.));
#4937 = ORIENTED_EDGE('',*,*,#4938,.T.);
#4938 = EDGE_CURVE('',#4931,#4900,#4939,.T.);
#4939 = B_SPLINE_CURVE_WITH_KNOTS('',2,(#4940,#4941,#4942),
  .UNSPECIFIED.,.F.,.F.,(3,3),(0.,1.),.PIECEWISE_BEZIER_KNOTS.);
#4940 = CARTESIAN_POINT('',(-0.58850138368,5.135608308605,9.6));
#4941 = CARTESIAN_POINT('',(-0.528783282789,5.079784866469,9.6));
#4942 = CARTESIAN_POINT('',(-0.528783282789,4.992025222552,9.6));
#4943 = ORIENTED_EDGE('',*,*,#4897,.F.);
#4944 = ORIENTED_EDGE('',*,*,#4945,.F.);
#4945 = EDGE_CURVE('',#4929,#4898,#4946,.T.);
#4946 = B_SPLINE_CURVE_WITH_KNOTS('',2,(#4947,#4948,#4949),
  .UNSPECIFIED.,.F.,.F.,(3,3),(0.,1.),.PIECEWISE_BEZIER_KNOTS.);
#4947 = CARTESIAN_POINT('',(-0.58850138368,5.135608308605,10.));
#4948 = CARTESIAN_POINT('',(-0.528783282789,5.079784866469,10.));
#4949 = CARTESIAN_POINT('',(-0.528783282789,4.992025222552,10.));
#4950 = SURFACE_OF_LINEAR_EXTRUSION('',#4951,#4955);
#4951 = B_SPLINE_CURVE_WITH_KNOTS('',2,(#4952,#4953,#4954),
  .UNSPECIFIED.,.F.,.F.,(3,3),(0.,1.),.PIECEWISE_BEZIER_KNOTS.);
#4952 = CARTESIAN_POINT('',(-0.58850138368,5.135608308605,10.));
#4953 = CARTESIAN_POINT('',(-0.528783282789,5.079784866469,10.));
#4954 = CARTESIAN_POINT('',(-0.528783282789,4.992025222552,10.));
#4955 = VECTOR('',#4956,1.);
#4956 = DIRECTION('',(-0.,-0.,1.));
#4957 = ADVANCED_FACE('',(#4958),#4983,.F.);
#4958 = FACE_BOUND('',#4959,.F.);
#4959 = EDGE_LOOP('',(#4960,#4970,#4976,#4977));
#4960 = ORIENTED_EDGE('',*,*,#4961,.T.);
#4961 = EDGE_CURVE('',#4962,#4964,#4966,.T.);
#4962 = VERTEX_POINT('',#4963);
#4963 = CARTESIAN_POINT('',(-0.728449454896,5.191691394659,10.));
#4964 = VERTEX_POINT('',#4965);
#4965 = CARTESIAN_POINT('',(-0.728449454896,5.191691394659,9.6));
#4966 = LINE('',#4967,#4968);
#4967 = CARTESIAN_POINT('',(-0.728449454896,5.191691394659,10.));
#4968 = VECTOR('',#4969,1.);
#4969 = DIRECTION('',(0.,0.,-1.));
#4970 = ORIENTED_EDGE('',*,*,#4971,.T.);
#4971 = EDGE_CURVE('',#4964,#4931,#4972,.T.);
#4972 = B_SPLINE_CURVE_WITH_KNOTS('',2,(#4973,#4974,#4975),
  .UNSPECIFIED.,.F.,.F.,(3,3),(0.,1.),.PIECEWISE_BEZIER_KNOTS.);
#4973 = CARTESIAN_POINT('',(-0.728449454896,5.191691394659,9.6));
#4974 = CARTESIAN_POINT('',(-0.64821948457,5.191691394659,9.6));
#4975 = CARTESIAN_POINT('',(-0.58850138368,5.135608308605,9.6));
#4976 = ORIENTED_EDGE('',*,*,#4928,.F.);
#4977 = ORIENTED_EDGE('',*,*,#4978,.F.);
#4978 = EDGE_CURVE('',#4962,#4929,#4979,.T.);
#4979 = B_SPLINE_CURVE_WITH_KNOTS('',2,(#4980,#4981,#4982),
  .UNSPECIFIED.,.F.,.F.,(3,3),(0.,1.),.PIECEWISE_BEZIER_KNOTS.);
#4980 = CARTESIAN_POINT('',(-0.728449454896,5.191691394659,10.));
#4981 = CARTESIAN_POINT('',(-0.64821948457,5.191691394659,10.));
#4982 = CARTESIAN_POINT('',(-0.58850138368,5.135608308605,10.));
#4983 = SURFACE_OF_LINEAR_EXTRUSION('',#4984,#4988);
#4984 = B_SPLINE_CURVE_WITH_KNOTS('',2,(#4985,#4986,#4987),
  .UNSPECIFIED.,.F.,.F.,(3,3),(0.,1.),.PIECEWISE_BEZIER_KNOTS.);
#4985 = CARTESIAN_POINT('',(-0.728449454896,5.191691394659,10.));
#4986 = CARTESIAN_POINT('',(-0.64821948457,5.191691394659,10.));
#4987 = CARTESIAN_POINT('',(-0.58850138368,5.135608308605,10.));
#4988 = VECTOR('',#4989,1.);
#4989 = DIRECTION('',(-0.,-0.,1.));
#4990 = ADVANCED_FACE('',(#4991),#5016,.F.);
#4991 = FACE_BOUND('',#4992,.F.);
#4992 = EDGE_LOOP('',(#4993,#5003,#5009,#5010));
#4993 = ORIENTED_EDGE('',*,*,#4994,.T.);
#4994 = EDGE_CURVE('',#4995,#4997,#4999,.T.);
#4995 = VERTEX_POINT('',#4996);
#4996 = CARTESIAN_POINT('',(-1.893731354006,5.191691394659,10.));
#4997 = VERTEX_POINT('',#4998);
#4998 = CARTESIAN_POINT('',(-1.893731354006,5.191691394659,9.6));
#4999 = LINE('',#5000,#5001);
#5000 = CARTESIAN_POINT('',(-1.893731354006,5.191691394659,10.));
#5001 = VECTOR('',#5002,1.);
#5002 = DIRECTION('',(0.,0.,-1.));
#5003 = ORIENTED_EDGE('',*,*,#5004,.T.);
#5004 = EDGE_CURVE('',#4997,#4964,#5005,.T.);
#5005 = LINE('',#5006,#5007);
#5006 = CARTESIAN_POINT('',(-1.893731354006,5.191691394659,9.6));
#5007 = VECTOR('',#5008,1.);
#5008 = DIRECTION('',(1.,0.,0.));
#5009 = ORIENTED_EDGE('',*,*,#4961,.F.);
#5010 = ORIENTED_EDGE('',*,*,#5011,.F.);
#5011 = EDGE_CURVE('',#4995,#4962,#5012,.T.);
#5012 = LINE('',#5013,#5014);
#5013 = CARTESIAN_POINT('',(-1.893731354006,5.191691394659,10.));
#5014 = VECTOR('',#5015,1.);
#5015 = DIRECTION('',(1.,0.,0.));
#5016 = PLANE('',#5017);
#5017 = AXIS2_PLACEMENT_3D('',#5018,#5019,#5020);
#5018 = CARTESIAN_POINT('',(-1.893731354006,5.191691394659,10.));
#5019 = DIRECTION('',(0.,-1.,0.));
#5020 = DIRECTION('',(1.,0.,0.));
#5021 = ADVANCED_FACE('',(#5022),#5047,.F.);
#5022 = FACE_BOUND('',#5023,.F.);
#5023 = EDGE_LOOP('',(#5024,#5034,#5040,#5041));
#5024 = ORIENTED_EDGE('',*,*,#5025,.T.);
#5025 = EDGE_CURVE('',#5026,#5028,#5030,.T.);
#5026 = VERTEX_POINT('',#5027);
#5027 = CARTESIAN_POINT('',(-2.188946487537,5.055897626113,10.));
#5028 = VERTEX_POINT('',#5029);
#5029 = CARTESIAN_POINT('',(-2.188946487537,5.055897626113,9.6));
#5030 = LINE('',#5031,#5032);
#5031 = CARTESIAN_POINT('',(-2.188946487537,5.055897626113,10.));
#5032 = VECTOR('',#5033,1.);
#5033 = DIRECTION('',(0.,0.,-1.));
#5034 = ORIENTED_EDGE('',*,*,#5035,.T.);
#5035 = EDGE_CURVE('',#5028,#4997,#5036,.T.);
#5036 = B_SPLINE_CURVE_WITH_KNOTS('',2,(#5037,#5038,#5039),
  .UNSPECIFIED.,.F.,.F.,(3,3),(0.,1.),.PIECEWISE_BEZIER_KNOTS.);
#5037 = CARTESIAN_POINT('',(-2.188946487537,5.055897626113,9.6));
#5038 = CARTESIAN_POINT('',(-2.085348564688,5.191691394659,9.6));
#5039 = CARTESIAN_POINT('',(-1.893731354006,5.191691394659,9.6));
#5040 = ORIENTED_EDGE('',*,*,#4994,.F.);
#5041 = ORIENTED_EDGE('',*,*,#5042,.F.);
#5042 = EDGE_CURVE('',#5026,#4995,#5043,.T.);
#5043 = B_SPLINE_CURVE_WITH_KNOTS('',2,(#5044,#5045,#5046),
  .UNSPECIFIED.,.F.,.F.,(3,3),(0.,1.),.PIECEWISE_BEZIER_KNOTS.);
#5044 = CARTESIAN_POINT('',(-2.188946487537,5.055897626113,10.));
#5045 = CARTESIAN_POINT('',(-2.085348564688,5.191691394659,10.));
#5046 = CARTESIAN_POINT('',(-1.893731354006,5.191691394659,10.));
#5047 = SURFACE_OF_LINEAR_EXTRUSION('',#5048,#5052);
#5048 = B_SPLINE_CURVE_WITH_KNOTS('',2,(#5049,#5050,#5051),
  .UNSPECIFIED.,.F.,.F.,(3,3),(0.,1.),.PIECEWISE_BEZIER_KNOTS.);
#5049 = CARTESIAN_POINT('',(-2.188946487537,5.055897626113,10.));
#5050 = CARTESIAN_POINT('',(-2.085348564688,5.191691394659,10.));
#5051 = CARTESIAN_POINT('',(-1.893731354006,5.191691394659,10.));
#5052 = VECTOR('',#5053,1.);
#5053 = DIRECTION('',(-0.,-0.,1.));
#5054 = ADVANCED_FACE('',(#5055),#5080,.F.);
#5055 = FACE_BOUND('',#5056,.F.);
#5056 = EDGE_LOOP('',(#5057,#5067,#5073,#5074));
#5057 = ORIENTED_EDGE('',*,*,#5058,.T.);
#5058 = EDGE_CURVE('',#5059,#5061,#5063,.T.);
#5059 = VERTEX_POINT('',#5060);
#5060 = CARTESIAN_POINT('',(-4.512240256083,1.904599406528,10.));
#5061 = VERTEX_POINT('',#5062);
#5062 = CARTESIAN_POINT('',(-4.512240256083,1.904599406528,9.6));
#5063 = LINE('',#5064,#5065);
#5064 = CARTESIAN_POINT('',(-4.512240256083,1.904599406528,10.));
#5065 = VECTOR('',#5066,1.);
#5066 = DIRECTION('',(0.,0.,-1.));
#5067 = ORIENTED_EDGE('',*,*,#5068,.T.);
#5068 = EDGE_CURVE('',#5061,#5028,#5069,.T.);
#5069 = LINE('',#5070,#5071);
#5070 = CARTESIAN_POINT('',(-4.512240256083,1.904599406528,9.6));
#5071 = VECTOR('',#5072,1.);
#5072 = DIRECTION('',(0.593411662937,0.804899123052,0.));
#5073 = ORIENTED_EDGE('',*,*,#5025,.F.);
#5074 = ORIENTED_EDGE('',*,*,#5075,.F.);
#5075 = EDGE_CURVE('',#5059,#5026,#5076,.T.);
#5076 = LINE('',#5077,#5078);
#5077 = CARTESIAN_POINT('',(-4.512240256083,1.904599406528,10.));
#5078 = VECTOR('',#5079,1.);
#5079 = DIRECTION('',(0.593411662937,0.804899123052,0.));
#5080 = PLANE('',#5081);
#5081 = AXIS2_PLACEMENT_3D('',#5082,#5083,#5084);
#5082 = CARTESIAN_POINT('',(-4.512240256083,1.904599406528,10.));
#5083 = DIRECTION('',(0.804899123052,-0.593411662937,0.));
#5084 = DIRECTION('',(0.593411662937,0.804899123052,0.));
#5085 = ADVANCED_FACE('',(#5086),#5111,.F.);
#5086 = FACE_BOUND('',#5087,.F.);
#5087 = EDGE_LOOP('',(#5088,#5098,#5104,#5105));
#5088 = ORIENTED_EDGE('',*,*,#5089,.T.);
#5089 = EDGE_CURVE('',#5090,#5092,#5094,.T.);
#5090 = VERTEX_POINT('',#5091);
#5091 = CARTESIAN_POINT('',(-4.57221800089,1.788538575668,10.));
#5092 = VERTEX_POINT('',#5093);
#5093 = CARTESIAN_POINT('',(-4.57221800089,1.788538575668,9.6));
#5094 = LINE('',#5095,#5096);
#5095 = CARTESIAN_POINT('',(-4.57221800089,1.788538575668,10.));
#5096 = VECTOR('',#5097,1.);
#5097 = DIRECTION('',(0.,0.,-1.));
#5098 = ORIENTED_EDGE('',*,*,#5099,.T.);
#5099 = EDGE_CURVE('',#5092,#5061,#5100,.T.);
#5100 = B_SPLINE_CURVE_WITH_KNOTS('',2,(#5101,#5102,#5103),
  .UNSPECIFIED.,.F.,.F.,(3,3),(0.,1.),.PIECEWISE_BEZIER_KNOTS.);
#5101 = CARTESIAN_POINT('',(-4.57221800089,1.788538575668,9.6));
#5102 = CARTESIAN_POINT('',(-4.544176457864,1.848516320475,9.6));
#5103 = CARTESIAN_POINT('',(-4.512240256083,1.904599406528,9.6));
#5104 = ORIENTED_EDGE('',*,*,#5058,.F.);
#5105 = ORIENTED_EDGE('',*,*,#5106,.F.);
#5106 = EDGE_CURVE('',#5090,#5059,#5107,.T.);
#5107 = B_SPLINE_CURVE_WITH_KNOTS('',2,(#5108,#5109,#5110),
  .UNSPECIFIED.,.F.,.F.,(3,3),(0.,1.),.PIECEWISE_BEZIER_KNOTS.);
#5108 = CARTESIAN_POINT('',(-4.57221800089,1.788538575668,10.));
#5109 = CARTESIAN_POINT('',(-4.544176457864,1.848516320475,10.));
#5110 = CARTESIAN_POINT('',(-4.512240256083,1.904599406528,10.));
#5111 = SURFACE_OF_LINEAR_EXTRUSION('',#5112,#5116);
#5112 = B_SPLINE_CURVE_WITH_KNOTS('',2,(#5113,#5114,#5115),
  .UNSPECIFIED.,.F.,.F.,(3,3),(0.,1.),.PIECEWISE_BEZIER_KNOTS.);
#5113 = CARTESIAN_POINT('',(-4.57221800089,1.788538575668,10.));
#5114 = CARTESIAN_POINT('',(-4.544176457864,1.848516320475,10.));
#5115 = CARTESIAN_POINT('',(-4.512240256083,1.904599406528,10.));
#5116 = VECTOR('',#5117,1.);
#5117 = DIRECTION('',(-0.,-0.,1.));
#5118 = ADVANCED_FACE('',(#5119),#5144,.F.);
#5119 = FACE_BOUND('',#5120,.F.);
#5120 = EDGE_LOOP('',(#5121,#5131,#5137,#5138));
#5121 = ORIENTED_EDGE('',*,*,#5122,.T.);
#5122 = EDGE_CURVE('',#5123,#5125,#5127,.T.);
#5123 = VERTEX_POINT('',#5124);
#5124 = CARTESIAN_POINT('',(-4.5999999,1.656639465875,10.));
#5125 = VERTEX_POINT('',#5126);
#5126 = CARTESIAN_POINT('',(-4.5999999,1.656639465875,9.6));
#5127 = LINE('',#5128,#5129);
#5128 = CARTESIAN_POINT('',(-4.5999999,1.656639465875,10.));
#5129 = VECTOR('',#5130,1.);
#5130 = DIRECTION('',(0.,0.,-1.));
#5131 = ORIENTED_EDGE('',*,*,#5132,.T.);
#5132 = EDGE_CURVE('',#5125,#5092,#5133,.T.);
#5133 = B_SPLINE_CURVE_WITH_KNOTS('',2,(#5134,#5135,#5136),
  .UNSPECIFIED.,.F.,.F.,(3,3),(0.,1.),.PIECEWISE_BEZIER_KNOTS.);
#5134 = CARTESIAN_POINT('',(-4.5999999,1.656639465875,9.6));
#5135 = CARTESIAN_POINT('',(-4.5999999,1.728560830861,9.6));
#5136 = CARTESIAN_POINT('',(-4.57221800089,1.788538575668,9.6));
#5137 = ORIENTED_EDGE('',*,*,#5089,.F.);
#5138 = ORIENTED_EDGE('',*,*,#5139,.F.);
#5139 = EDGE_CURVE('',#5123,#5090,#5140,.T.);
#5140 = B_SPLINE_CURVE_WITH_KNOTS('',2,(#5141,#5142,#5143),
  .UNSPECIFIED.,.F.,.F.,(3,3),(0.,1.),.PIECEWISE_BEZIER_KNOTS.);
#5141 = CARTESIAN_POINT('',(-4.5999999,1.656639465875,10.));
#5142 = CARTESIAN_POINT('',(-4.5999999,1.728560830861,10.));
#5143 = CARTESIAN_POINT('',(-4.57221800089,1.788538575668,10.));
#5144 = SURFACE_OF_LINEAR_EXTRUSION('',#5145,#5149);
#5145 = B_SPLINE_CURVE_WITH_KNOTS('',2,(#5146,#5147,#5148),
  .UNSPECIFIED.,.F.,.F.,(3,3),(0.,1.),.PIECEWISE_BEZIER_KNOTS.);
#5146 = CARTESIAN_POINT('',(-4.5999999,1.656639465875,10.));
#5147 = CARTESIAN_POINT('',(-4.5999999,1.728560830861,10.));
#5148 = CARTESIAN_POINT('',(-4.57221800089,1.788538575668,10.));
#5149 = VECTOR('',#5150,1.);
#5150 = DIRECTION('',(-0.,-0.,1.));
#5151 = ADVANCED_FACE('',(#5152),#5177,.F.);
#5152 = FACE_BOUND('',#5153,.F.);
#5153 = EDGE_LOOP('',(#5154,#5164,#5170,#5171));
#5154 = ORIENTED_EDGE('',*,*,#5155,.T.);
#5155 = EDGE_CURVE('',#5156,#5158,#5160,.T.);
#5156 = VERTEX_POINT('',#5157);
#5157 = CARTESIAN_POINT('',(-4.5999999,0.896661721068,10.));
#5158 = VERTEX_POINT('',#5159);
#5159 = CARTESIAN_POINT('',(-4.5999999,0.896661721068,9.6));
#5160 = LINE('',#5161,#5162);
#5161 = CARTESIAN_POINT('',(-4.5999999,0.896661721068,10.));
#5162 = VECTOR('',#5163,1.);
#5163 = DIRECTION('',(0.,0.,-1.));
#5164 = ORIENTED_EDGE('',*,*,#5165,.T.);
#5165 = EDGE_CURVE('',#5158,#5125,#5166,.T.);
#5166 = LINE('',#5167,#5168);
#5167 = CARTESIAN_POINT('',(-4.5999999,0.896661721068,9.6));
#5168 = VECTOR('',#5169,1.);
#5169 = DIRECTION('',(0.,1.,0.));
#5170 = ORIENTED_EDGE('',*,*,#5122,.F.);
#5171 = ORIENTED_EDGE('',*,*,#5172,.F.);
#5172 = EDGE_CURVE('',#5156,#5123,#5173,.T.);
#5173 = LINE('',#5174,#5175);
#5174 = CARTESIAN_POINT('',(-4.5999999,0.896661721068,10.));
#5175 = VECTOR('',#5176,1.);
#5176 = DIRECTION('',(0.,1.,0.));
#5177 = PLANE('',#5178);
#5178 = AXIS2_PLACEMENT_3D('',#5179,#5180,#5181);
#5179 = CARTESIAN_POINT('',(-4.5999999,0.896661721068,10.));
#5180 = DIRECTION('',(1.,-0.,0.));
#5181 = DIRECTION('',(0.,1.,0.));
#5182 = ADVANCED_FACE('',(#5183),#5208,.F.);
#5183 = FACE_BOUND('',#5184,.F.);
#5184 = EDGE_LOOP('',(#5185,#5195,#5201,#5202));
#5185 = ORIENTED_EDGE('',*,*,#5186,.T.);
#5186 = EDGE_CURVE('',#5187,#5189,#5191,.T.);
#5187 = VERTEX_POINT('',#5188);
#5188 = CARTESIAN_POINT('',(-4.54028179911,0.752559347181,10.));
#5189 = VERTEX_POINT('',#5190);
#5190 = CARTESIAN_POINT('',(-4.54028179911,0.752559347181,9.6));
#5191 = LINE('',#5192,#5193);
#5192 = CARTESIAN_POINT('',(-4.54028179911,0.752559347181,10.));
#5193 = VECTOR('',#5194,1.);
#5194 = DIRECTION('',(0.,0.,-1.));
#5195 = ORIENTED_EDGE('',*,*,#5196,.T.);
#5196 = EDGE_CURVE('',#5189,#5158,#5197,.T.);
#5197 = B_SPLINE_CURVE_WITH_KNOTS('',2,(#5198,#5199,#5200),
  .UNSPECIFIED.,.F.,.F.,(3,3),(0.,1.),.PIECEWISE_BEZIER_KNOTS.);
#5198 = CARTESIAN_POINT('',(-4.54028179911,0.752559347181,9.6));
#5199 = CARTESIAN_POINT('',(-4.5999999,0.808642433234,9.6));
#5200 = CARTESIAN_POINT('',(-4.5999999,0.896661721068,9.6));
#5201 = ORIENTED_EDGE('',*,*,#5155,.F.);
#5202 = ORIENTED_EDGE('',*,*,#5203,.F.);
#5203 = EDGE_CURVE('',#5187,#5156,#5204,.T.);
#5204 = B_SPLINE_CURVE_WITH_KNOTS('',2,(#5205,#5206,#5207),
  .UNSPECIFIED.,.F.,.F.,(3,3),(0.,1.),.PIECEWISE_BEZIER_KNOTS.);
#5205 = CARTESIAN_POINT('',(-4.54028179911,0.752559347181,10.));
#5206 = CARTESIAN_POINT('',(-4.5999999,0.808642433234,10.));
#5207 = CARTESIAN_POINT('',(-4.5999999,0.896661721068,10.));
#5208 = SURFACE_OF_LINEAR_EXTRUSION('',#5209,#5213);
#5209 = B_SPLINE_CURVE_WITH_KNOTS('',2,(#5210,#5211,#5212),
  .UNSPECIFIED.,.F.,.F.,(3,3),(0.,1.),.PIECEWISE_BEZIER_KNOTS.);
#5210 = CARTESIAN_POINT('',(-4.54028179911,0.752559347181,10.));
#5211 = CARTESIAN_POINT('',(-4.5999999,0.808642433234,10.));
#5212 = CARTESIAN_POINT('',(-4.5999999,0.896661721068,10.));
#5213 = VECTOR('',#5214,1.);
#5214 = DIRECTION('',(-0.,-0.,1.));
#5215 = ADVANCED_FACE('',(#5216),#5241,.F.);
#5216 = FACE_BOUND('',#5217,.F.);
#5217 = EDGE_LOOP('',(#5218,#5228,#5234,#5235));
#5218 = ORIENTED_EDGE('',*,*,#5219,.T.);
#5219 = EDGE_CURVE('',#5220,#5222,#5224,.T.);
#5220 = VERTEX_POINT('',#5221);
#5221 = CARTESIAN_POINT('',(-4.400853015727,0.696735905045,10.));
#5222 = VERTEX_POINT('',#5223);
#5223 = CARTESIAN_POINT('',(-4.400853015727,0.696735905045,9.6));
#5224 = LINE('',#5225,#5226);
#5225 = CARTESIAN_POINT('',(-4.400853015727,0.696735905045,10.));
#5226 = VECTOR('',#5227,1.);
#5227 = DIRECTION('',(0.,0.,-1.));
#5228 = ORIENTED_EDGE('',*,*,#5229,.T.);
#5229 = EDGE_CURVE('',#5222,#5189,#5230,.T.);
#5230 = B_SPLINE_CURVE_WITH_KNOTS('',2,(#5231,#5232,#5233),
  .UNSPECIFIED.,.F.,.F.,(3,3),(0.,1.),.PIECEWISE_BEZIER_KNOTS.);
#5231 = CARTESIAN_POINT('',(-4.400853015727,0.696735905045,9.6));
#5232 = CARTESIAN_POINT('',(-4.48056369822,0.696735905045,9.6));
#5233 = CARTESIAN_POINT('',(-4.54028179911,0.752559347181,9.6));
#5234 = ORIENTED_EDGE('',*,*,#5186,.F.);
#5235 = ORIENTED_EDGE('',*,*,#5236,.F.);
#5236 = EDGE_CURVE('',#5220,#5187,#5237,.T.);
#5237 = B_SPLINE_CURVE_WITH_KNOTS('',2,(#5238,#5239,#5240),
  .UNSPECIFIED.,.F.,.F.,(3,3),(0.,1.),.PIECEWISE_BEZIER_KNOTS.);
#5238 = CARTESIAN_POINT('',(-4.400853015727,0.696735905045,10.));
#5239 = CARTESIAN_POINT('',(-4.48056369822,0.696735905045,10.));
#5240 = CARTESIAN_POINT('',(-4.54028179911,0.752559347181,10.));
#5241 = SURFACE_OF_LINEAR_EXTRUSION('',#5242,#5246);
#5242 = B_SPLINE_CURVE_WITH_KNOTS('',2,(#5243,#5244,#5245),
  .UNSPECIFIED.,.F.,.F.,(3,3),(0.,1.),.PIECEWISE_BEZIER_KNOTS.);
#5243 = CARTESIAN_POINT('',(-4.400853015727,0.696735905045,10.));
#5244 = CARTESIAN_POINT('',(-4.48056369822,0.696735905045,10.));
#5245 = CARTESIAN_POINT('',(-4.54028179911,0.752559347181,10.));
#5246 = VECTOR('',#5247,1.);
#5247 = DIRECTION('',(-0.,-0.,1.));
#5248 = ADVANCED_FACE('',(#5249),#5274,.F.);
#5249 = FACE_BOUND('',#5250,.F.);
#5250 = EDGE_LOOP('',(#5251,#5261,#5267,#5268));
#5251 = ORIENTED_EDGE('',*,*,#5252,.T.);
#5252 = EDGE_CURVE('',#5253,#5255,#5257,.T.);
#5253 = VERTEX_POINT('',#5254);
#5254 = CARTESIAN_POINT('',(-1.924628980119,0.696735905045,10.));
#5255 = VERTEX_POINT('',#5256);
#5256 = CARTESIAN_POINT('',(-1.924628980119,0.696735905045,9.6));
#5257 = LINE('',#5258,#5259);
#5258 = CARTESIAN_POINT('',(-1.924628980119,0.696735905045,10.));
#5259 = VECTOR('',#5260,1.);
#5260 = DIRECTION('',(0.,0.,-1.));
#5261 = ORIENTED_EDGE('',*,*,#5262,.T.);
#5262 = EDGE_CURVE('',#5255,#5222,#5263,.T.);
#5263 = LINE('',#5264,#5265);
#5264 = CARTESIAN_POINT('',(-1.924628980119,0.696735905045,9.6));
#5265 = VECTOR('',#5266,1.);
#5266 = DIRECTION('',(-1.,0.,0.));
#5267 = ORIENTED_EDGE('',*,*,#5219,.F.);
#5268 = ORIENTED_EDGE('',*,*,#5269,.F.);
#5269 = EDGE_CURVE('',#5253,#5220,#5270,.T.);
#5270 = LINE('',#5271,#5272);
#5271 = CARTESIAN_POINT('',(-1.924628980119,0.696735905045,10.));
#5272 = VECTOR('',#5273,1.);
#5273 = DIRECTION('',(-1.,0.,0.));
#5274 = PLANE('',#5275);
#5275 = AXIS2_PLACEMENT_3D('',#5276,#5277,#5278);
#5276 = CARTESIAN_POINT('',(-1.924628980119,0.696735905045,10.));
#5277 = DIRECTION('',(0.,1.,0.));
#5278 = DIRECTION('',(-1.,0.,0.));
#5279 = ADVANCED_FACE('',(#5280),#5305,.F.);
#5280 = FACE_BOUND('',#5281,.F.);
#5281 = EDGE_LOOP('',(#5282,#5292,#5298,#5299));
#5282 = ORIENTED_EDGE('',*,*,#5283,.T.);
#5283 = EDGE_CURVE('',#5284,#5286,#5288,.T.);
#5284 = VERTEX_POINT('',#5285);
#5285 = CARTESIAN_POINT('',(-1.924628980119,-0.208123145401,10.));
#5286 = VERTEX_POINT('',#5287);
#5287 = CARTESIAN_POINT('',(-1.924628980119,-0.208123145401,9.6));
#5288 = LINE('',#5289,#5290);
#5289 = CARTESIAN_POINT('',(-1.924628980119,-0.208123145401,10.));
#5290 = VECTOR('',#5291,1.);
#5291 = DIRECTION('',(0.,0.,-1.));
#5292 = ORIENTED_EDGE('',*,*,#5293,.T.);
#5293 = EDGE_CURVE('',#5286,#5255,#5294,.T.);
#5294 = LINE('',#5295,#5296);
#5295 = CARTESIAN_POINT('',(-1.924628980119,-0.208123145401,9.6));
#5296 = VECTOR('',#5297,1.);
#5297 = DIRECTION('',(0.,1.,0.));
#5298 = ORIENTED_EDGE('',*,*,#5252,.F.);
#5299 = ORIENTED_EDGE('',*,*,#5300,.F.);
#5300 = EDGE_CURVE('',#5284,#5253,#5301,.T.);
#5301 = LINE('',#5302,#5303);
#5302 = CARTESIAN_POINT('',(-1.924628980119,-0.208123145401,10.));
#5303 = VECTOR('',#5304,1.);
#5304 = DIRECTION('',(0.,1.,0.));
#5305 = PLANE('',#5306);
#5306 = AXIS2_PLACEMENT_3D('',#5307,#5308,#5309);
#5307 = CARTESIAN_POINT('',(-1.924628980119,-0.208123145401,10.));
#5308 = DIRECTION('',(1.,-0.,0.));
#5309 = DIRECTION('',(0.,1.,0.));
#5310 = ADVANCED_FACE('',(#5311),#5327,.F.);
#5311 = FACE_BOUND('',#5312,.F.);
#5312 = EDGE_LOOP('',(#5313,#5314,#5320,#5321));
#5313 = ORIENTED_EDGE('',*,*,#4520,.T.);
#5314 = ORIENTED_EDGE('',*,*,#5315,.T.);
#5315 = EDGE_CURVE('',#4513,#5286,#5316,.T.);
#5316 = B_SPLINE_CURVE_WITH_KNOTS('',2,(#5317,#5318,#5319),
  .UNSPECIFIED.,.F.,.F.,(3,3),(0.,1.),.PIECEWISE_BEZIER_KNOTS.);
#5317 = CARTESIAN_POINT('',(-1.864391591395,-0.348330860534,9.6));
#5318 = CARTESIAN_POINT('',(-1.924628980119,-0.28809347181,9.6));
#5319 = CARTESIAN_POINT('',(-1.924628980119,-0.208123145401,9.6));
#5320 = ORIENTED_EDGE('',*,*,#5283,.F.);
#5321 = ORIENTED_EDGE('',*,*,#5322,.F.);
#5322 = EDGE_CURVE('',#4521,#5284,#5323,.T.);
#5323 = B_SPLINE_CURVE_WITH_KNOTS('',2,(#5324,#5325,#5326),
  .UNSPECIFIED.,.F.,.F.,(3,3),(0.,1.),.PIECEWISE_BEZIER_KNOTS.);
#5324 = CARTESIAN_POINT('',(-1.864391591395,-0.348330860534,10.));
#5325 = CARTESIAN_POINT('',(-1.924628980119,-0.28809347181,10.));
#5326 = CARTESIAN_POINT('',(-1.924628980119,-0.208123145401,10.));
#5327 = SURFACE_OF_LINEAR_EXTRUSION('',#5328,#5332);
#5328 = B_SPLINE_CURVE_WITH_KNOTS('',2,(#5329,#5330,#5331),
  .UNSPECIFIED.,.F.,.F.,(3,3),(0.,1.),.PIECEWISE_BEZIER_KNOTS.);
#5329 = CARTESIAN_POINT('',(-1.864391591395,-0.348330860534,10.));
#5330 = CARTESIAN_POINT('',(-1.924628980119,-0.28809347181,10.));
#5331 = CARTESIAN_POINT('',(-1.924628980119,-0.208123145401,10.));
#5332 = VECTOR('',#5333,1.);
#5333 = DIRECTION('',(-0.,-0.,1.));
#5334 = ADVANCED_FACE('',(#5335),#5369,.F.);
#5335 = FACE_BOUND('',#5336,.F.);
#5336 = EDGE_LOOP('',(#5337,#5347,#5355,#5363));
#5337 = ORIENTED_EDGE('',*,*,#5338,.T.);
#5338 = EDGE_CURVE('',#5339,#5341,#5343,.T.);
#5339 = VERTEX_POINT('',#5340);
#5340 = CARTESIAN_POINT('',(-3.230378238279,1.826706231454,10.));
#5341 = VERTEX_POINT('',#5342);
#5342 = CARTESIAN_POINT('',(-3.230378238279,1.826706231454,9.6));
#5343 = LINE('',#5344,#5345);
#5344 = CARTESIAN_POINT('',(-3.230378238279,1.826706231454,10.));
#5345 = VECTOR('',#5346,1.);
#5346 = DIRECTION('',(0.,0.,-1.));
#5347 = ORIENTED_EDGE('',*,*,#5348,.T.);
#5348 = EDGE_CURVE('',#5341,#5349,#5351,.T.);
#5349 = VERTEX_POINT('',#5350);
#5350 = CARTESIAN_POINT('',(-1.891394558754,1.826706231454,9.6));
#5351 = LINE('',#5352,#5353);
#5352 = CARTESIAN_POINT('',(-3.230378238279,1.826706231454,9.6));
#5353 = VECTOR('',#5354,1.);
#5354 = DIRECTION('',(1.,0.,0.));
#5355 = ORIENTED_EDGE('',*,*,#5356,.F.);
#5356 = EDGE_CURVE('',#5357,#5349,#5359,.T.);
#5357 = VERTEX_POINT('',#5358);
#5358 = CARTESIAN_POINT('',(-1.891394558754,1.826706231454,10.));
#5359 = LINE('',#5360,#5361);
#5360 = CARTESIAN_POINT('',(-1.891394558754,1.826706231454,10.));
#5361 = VECTOR('',#5362,1.);
#5362 = DIRECTION('',(0.,0.,-1.));
#5363 = ORIENTED_EDGE('',*,*,#5364,.F.);
#5364 = EDGE_CURVE('',#5339,#5357,#5365,.T.);
#5365 = LINE('',#5366,#5367);
#5366 = CARTESIAN_POINT('',(-3.230378238279,1.826706231454,10.));
#5367 = VECTOR('',#5368,1.);
#5368 = DIRECTION('',(1.,0.,0.));
#5369 = PLANE('',#5370);
#5370 = AXIS2_PLACEMENT_3D('',#5371,#5372,#5373);
#5371 = CARTESIAN_POINT('',(-3.230378238279,1.826706231454,10.));
#5372 = DIRECTION('',(0.,-1.,0.));
#5373 = DIRECTION('',(1.,0.,0.));
#5374 = ADVANCED_FACE('',(#5375),#5400,.F.);
#5375 = FACE_BOUND('',#5376,.F.);
#5376 = EDGE_LOOP('',(#5377,#5387,#5393,#5394));
#5377 = ORIENTED_EDGE('',*,*,#5378,.T.);
#5378 = EDGE_CURVE('',#5379,#5381,#5383,.T.);
#5379 = VERTEX_POINT('',#5380);
#5380 = CARTESIAN_POINT('',(-1.891394558754,3.722106824926,10.));
#5381 = VERTEX_POINT('',#5382);
#5382 = CARTESIAN_POINT('',(-1.891394558754,3.722106824926,9.6));
#5383 = LINE('',#5384,#5385);
#5384 = CARTESIAN_POINT('',(-1.891394558754,3.722106824926,10.));
#5385 = VECTOR('',#5386,1.);
#5386 = DIRECTION('',(0.,0.,-1.));
#5387 = ORIENTED_EDGE('',*,*,#5388,.T.);
#5388 = EDGE_CURVE('',#5381,#5341,#5389,.T.);
#5389 = LINE('',#5390,#5391);
#5390 = CARTESIAN_POINT('',(-1.891394558754,3.722106824926,9.6));
#5391 = VECTOR('',#5392,1.);
#5392 = DIRECTION('',(-0.576986252686,-0.816753857788,0.));
#5393 = ORIENTED_EDGE('',*,*,#5338,.F.);
#5394 = ORIENTED_EDGE('',*,*,#5395,.F.);
#5395 = EDGE_CURVE('',#5379,#5339,#5396,.T.);
#5396 = LINE('',#5397,#5398);
#5397 = CARTESIAN_POINT('',(-1.891394558754,3.722106824926,10.));
#5398 = VECTOR('',#5399,1.);
#5399 = DIRECTION('',(-0.576986252686,-0.816753857788,0.));
#5400 = PLANE('',#5401);
#5401 = AXIS2_PLACEMENT_3D('',#5402,#5403,#5404);
#5402 = CARTESIAN_POINT('',(-1.891394558754,3.722106824926,10.));
#5403 = DIRECTION('',(-0.816753857788,0.576986252686,0.));
#5404 = DIRECTION('',(-0.576986252686,-0.816753857788,0.));
#5405 = ADVANCED_FACE('',(#5406),#5422,.F.);
#5406 = FACE_BOUND('',#5407,.F.);
#5407 = EDGE_LOOP('',(#5408,#5409,#5415,#5416));
#5408 = ORIENTED_EDGE('',*,*,#5356,.T.);
#5409 = ORIENTED_EDGE('',*,*,#5410,.T.);
#5410 = EDGE_CURVE('',#5349,#5381,#5411,.T.);
#5411 = LINE('',#5412,#5413);
#5412 = CARTESIAN_POINT('',(-1.891394558754,1.826706231454,9.6));
#5413 = VECTOR('',#5414,1.);
#5414 = DIRECTION('',(0.,1.,0.));
#5415 = ORIENTED_EDGE('',*,*,#5378,.F.);
#5416 = ORIENTED_EDGE('',*,*,#5417,.F.);
#5417 = EDGE_CURVE('',#5357,#5379,#5418,.T.);
#5418 = LINE('',#5419,#5420);
#5419 = CARTESIAN_POINT('',(-1.891394558754,1.826706231454,10.));
#5420 = VECTOR('',#5421,1.);
#5421 = DIRECTION('',(0.,1.,0.));
#5422 = PLANE('',#5423);
#5423 = AXIS2_PLACEMENT_3D('',#5424,#5425,#5426);
#5424 = CARTESIAN_POINT('',(-1.891394558754,1.826706231454,10.));
#5425 = DIRECTION('',(1.,-0.,0.));
#5426 = DIRECTION('',(0.,1.,0.));
#5427 = ADVANCED_FACE('',(#5428,#5456),#5461,.T.);
#5428 = FACE_BOUND('',#5429,.T.);
#5429 = EDGE_LOOP('',(#5430,#5431,#5432,#5433,#5434,#5435,#5436,#5437,
    #5438,#5439,#5440,#5441,#5442,#5443,#5444,#5445,#5446,#5447,#5448,
    #5449,#5450,#5451,#5452,#5453,#5454,#5455));
#5430 = ORIENTED_EDGE('',*,*,#4528,.F.);
#5431 = ORIENTED_EDGE('',*,*,#4561,.F.);
#5432 = ORIENTED_EDGE('',*,*,#4592,.F.);
#5433 = ORIENTED_EDGE('',*,*,#4625,.F.);
#5434 = ORIENTED_EDGE('',*,*,#4658,.F.);
#5435 = ORIENTED_EDGE('',*,*,#4689,.F.);
#5436 = ORIENTED_EDGE('',*,*,#4720,.F.);
#5437 = ORIENTED_EDGE('',*,*,#4753,.F.);
#5438 = ORIENTED_EDGE('',*,*,#4786,.F.);
#5439 = ORIENTED_EDGE('',*,*,#4817,.F.);
#5440 = ORIENTED_EDGE('',*,*,#4850,.F.);
#5441 = ORIENTED_EDGE('',*,*,#4883,.F.);
#5442 = ORIENTED_EDGE('',*,*,#4914,.F.);
#5443 = ORIENTED_EDGE('',*,*,#4945,.F.);
#5444 = ORIENTED_EDGE('',*,*,#4978,.F.);
#5445 = ORIENTED_EDGE('',*,*,#5011,.F.);
#5446 = ORIENTED_EDGE('',*,*,#5042,.F.);
#5447 = ORIENTED_EDGE('',*,*,#5075,.F.);
#5448 = ORIENTED_EDGE('',*,*,#5106,.F.);
#5449 = ORIENTED_EDGE('',*,*,#5139,.F.);
#5450 = ORIENTED_EDGE('',*,*,#5172,.F.);
#5451 = ORIENTED_EDGE('',*,*,#5203,.F.);
#5452 = ORIENTED_EDGE('',*,*,#5236,.F.);
#5453 = ORIENTED_EDGE('',*,*,#5269,.F.);
#5454 = ORIENTED_EDGE('',*,*,#5300,.F.);
#5455 = ORIENTED_EDGE('',*,*,#5322,.F.);
#5456 = FACE_BOUND('',#5457,.T.);
#5457 = EDGE_LOOP('',(#5458,#5459,#5460));
#5458 = ORIENTED_EDGE('',*,*,#5364,.F.);
#5459 = ORIENTED_EDGE('',*,*,#5395,.F.);
#5460 = ORIENTED_EDGE('',*,*,#5417,.F.);
#5461 = PLANE('',#5462);
#5462 = AXIS2_PLACEMENT_3D('',#5463,#5464,#5465);
#5463 = CARTESIAN_POINT('',(-1.962148550256,2.236513754609,10.));
#5464 = DIRECTION('',(0.,0.,1.));
#5465 = DIRECTION('',(1.,0.,0.));
#5466 = ADVANCED_FACE('',(#5467,#5495),#5500,.F.);
#5467 = FACE_BOUND('',#5468,.F.);
#5468 = EDGE_LOOP('',(#5469,#5470,#5471,#5472,#5473,#5474,#5475,#5476,
    #5477,#5478,#5479,#5480,#5481,#5482,#5483,#5484,#5485,#5486,#5487,
    #5488,#5489,#5490,#5491,#5492,#5493,#5494));
#5469 = ORIENTED_EDGE('',*,*,#4512,.F.);
#5470 = ORIENTED_EDGE('',*,*,#4554,.F.);
#5471 = ORIENTED_EDGE('',*,*,#4585,.F.);
#5472 = ORIENTED_EDGE('',*,*,#4618,.F.);
#5473 = ORIENTED_EDGE('',*,*,#4651,.F.);
#5474 = ORIENTED_EDGE('',*,*,#4682,.F.);
#5475 = ORIENTED_EDGE('',*,*,#4713,.F.);
#5476 = ORIENTED_EDGE('',*,*,#4746,.F.);
#5477 = ORIENTED_EDGE('',*,*,#4779,.F.);
#5478 = ORIENTED_EDGE('',*,*,#4810,.F.);
#5479 = ORIENTED_EDGE('',*,*,#4843,.F.);
#5480 = ORIENTED_EDGE('',*,*,#4876,.F.);
#5481 = ORIENTED_EDGE('',*,*,#4907,.F.);
#5482 = ORIENTED_EDGE('',*,*,#4938,.F.);
#5483 = ORIENTED_EDGE('',*,*,#4971,.F.);
#5484 = ORIENTED_EDGE('',*,*,#5004,.F.);
#5485 = ORIENTED_EDGE('',*,*,#5035,.F.);
#5486 = ORIENTED_EDGE('',*,*,#5068,.F.);
#5487 = ORIENTED_EDGE('',*,*,#5099,.F.);
#5488 = ORIENTED_EDGE('',*,*,#5132,.F.);
#5489 = ORIENTED_EDGE('',*,*,#5165,.F.);
#5490 = ORIENTED_EDGE('',*,*,#5196,.F.);
#5491 = ORIENTED_EDGE('',*,*,#5229,.F.);
#5492 = ORIENTED_EDGE('',*,*,#5262,.F.);
#5493 = ORIENTED_EDGE('',*,*,#5293,.F.);
#5494 = ORIENTED_EDGE('',*,*,#5315,.F.);
#5495 = FACE_BOUND('',#5496,.F.);
#5496 = EDGE_LOOP('',(#5497,#5498,#5499));
#5497 = ORIENTED_EDGE('',*,*,#5348,.F.);
#5498 = ORIENTED_EDGE('',*,*,#5388,.F.);
#5499 = ORIENTED_EDGE('',*,*,#5410,.F.);
#5500 = PLANE('',#5501);
#5501 = AXIS2_PLACEMENT_3D('',#5502,#5503,#5504);
#5502 = CARTESIAN_POINT('',(-1.962148550256,2.236513754609,9.6));
#5503 = DIRECTION('',(0.,0.,1.));
#5504 = DIRECTION('',(1.,0.,0.));
#5505 = ( GEOMETRIC_REPRESENTATION_CONTEXT(3) 
GLOBAL_UNCERTAINTY_ASSIGNED_CONTEXT((#5509)) 
GLOBAL_UNIT_ASSIGNED_CONTEXT((#5506,#5507,#5508)) REPRESENTATION_CONTEXT
('Context #1','3D Context with UNIT and UNCERTAINTY') );
#5506 = ( LENGTH_UNIT() NAMED_UNIT(*) SI_UNIT(.MILLI.,.METRE.) );
#5507 = ( NAMED_UNIT(*) PLANE_ANGLE_UNIT() SI_UNIT($,.RADIAN.) );
#5508 = ( NAMED_UNIT(*) SI_UNIT($,.STERADIAN.) SOLID_ANGLE_UNIT() );
#5509 = UNCERTAINTY_MEASURE_WITH_UNIT(LENGTH_MEASURE(1.E-07),#5506,
  'distance_accuracy_value','confusion accuracy');
#5510 = CONTEXT_DEPENDENT_SHAPE_REPRESENTATION(#5511,#5513);
#5511 = ( REPRESENTATION_RELATIONSHIP('','',#4495,#10) 
REPRESENTATION_RELATIONSHIP_WITH_TRANSFORMATION(#5512) 
SHAPE_REPRESENTATION_RELATIONSHIP() );
#5512 = ITEM_DEFINED_TRANSFORMATION('','',#11,#19);
#5513 = PRODUCT_DEFINITION_SHAPE('Placement','Placement of an item',
  #5514);
#5514 = NEXT_ASSEMBLY_USAGE_OCCURRENCE('112','Extrude','',#5,#4490,$);
#5515 = PRODUCT_RELATED_PRODUCT_CATEGORY('part',$,(#4492));
#5516 = SHAPE_DEFINITION_REPRESENTATION(#5517,#5523);
#5517 = PRODUCT_DEFINITION_SHAPE('','',#5518);
#5518 = PRODUCT_DEFINITION('design','',#5519,#5522);
#5519 = PRODUCT_DEFINITION_FORMATION('','',#5520);
#5520 = PRODUCT('Extrude001','Extrude001','',(#5521));
#5521 = PRODUCT_CONTEXT('',#2,'mechanical');
#5522 = PRODUCT_DEFINITION_CONTEXT('part definition',#2,'design');
#5523 = ADVANCED_BREP_SHAPE_REPRESENTATION('',(#11,#5524),#7486);
#5524 = MANIFOLD_SOLID_BREP('',#5525);
#5525 = CLOSED_SHELL('',(#5526,#5568,#5599,#5632,#5665,#5696,#5729,#5762
    ,#5795,#5828,#5861,#5894,#5927,#5960,#5993,#6026,#6059,#6092,#6125,
    #6158,#6191,#6222,#6255,#6288,#6321,#6354,#6387,#6418,#6451,#6484,
    #6515,#6548,#6581,#6612,#6645,#6678,#6711,#6744,#6777,#6810,#6843,
    #6876,#6909,#6942,#6975,#7008,#7041,#7074,#7107,#7138,#7171,#7204,
    #7237,#7270,#7303,#7334,#7358,#7422));
#5526 = ADVANCED_FACE('',(#5527),#5561,.F.);
#5527 = FACE_BOUND('',#5528,.F.);
#5528 = EDGE_LOOP('',(#5529,#5539,#5547,#5555));
#5529 = ORIENTED_EDGE('',*,*,#5530,.T.);
#5530 = EDGE_CURVE('',#5531,#5533,#5535,.T.);
#5531 = VERTEX_POINT('',#5532);
#5532 = CARTESIAN_POINT('',(3.725556279822,-5.769732937685,10.));
#5533 = VERTEX_POINT('',#5534);
#5534 = CARTESIAN_POINT('',(3.725556279822,-5.769732937685,9.6));
#5535 = LINE('',#5536,#5537);
#5536 = CARTESIAN_POINT('',(3.725556279822,-5.769732937685,10.));
#5537 = VECTOR('',#5538,1.);
#5538 = DIRECTION('',(0.,0.,-1.));
#5539 = ORIENTED_EDGE('',*,*,#5540,.T.);
#5540 = EDGE_CURVE('',#5533,#5541,#5543,.T.);
#5541 = VERTEX_POINT('',#5542);
#5542 = CARTESIAN_POINT('',(3.622255092878,-5.729859050445,9.6));
#5543 = B_SPLINE_CURVE_WITH_KNOTS('',2,(#5544,#5545,#5546),
  .UNSPECIFIED.,.F.,.F.,(3,3),(0.,1.),.PIECEWISE_BEZIER_KNOTS.);
#5544 = CARTESIAN_POINT('',(3.725556279822,-5.769732937685,9.6));
#5545 = CARTESIAN_POINT('',(3.6624999,-5.769732937685,9.6));
#5546 = CARTESIAN_POINT('',(3.622255092878,-5.729859050445,9.6));
#5547 = ORIENTED_EDGE('',*,*,#5548,.F.);
#5548 = EDGE_CURVE('',#5549,#5541,#5551,.T.);
#5549 = VERTEX_POINT('',#5550);
#5550 = CARTESIAN_POINT('',(3.622255092878,-5.729859050445,10.));
#5551 = LINE('',#5552,#5553);
#5552 = CARTESIAN_POINT('',(3.622255092878,-5.729859050445,10.));
#5553 = VECTOR('',#5554,1.);
#5554 = DIRECTION('',(0.,0.,-1.));
#5555 = ORIENTED_EDGE('',*,*,#5556,.F.);
#5556 = EDGE_CURVE('',#5531,#5549,#5557,.T.);
#5557 = B_SPLINE_CURVE_WITH_KNOTS('',2,(#5558,#5559,#5560),
  .UNSPECIFIED.,.F.,.F.,(3,3),(0.,1.),.PIECEWISE_BEZIER_KNOTS.);
#5558 = CARTESIAN_POINT('',(3.725556279822,-5.769732937685,10.));
#5559 = CARTESIAN_POINT('',(3.6624999,-5.769732937685,10.));
#5560 = CARTESIAN_POINT('',(3.622255092878,-5.729859050445,10.));
#5561 = SURFACE_OF_LINEAR_EXTRUSION('',#5562,#5566);
#5562 = B_SPLINE_CURVE_WITH_KNOTS('',2,(#5563,#5564,#5565),
  .UNSPECIFIED.,.F.,.F.,(3,3),(0.,1.),.PIECEWISE_BEZIER_KNOTS.);
#5563 = CARTESIAN_POINT('',(3.725556279822,-5.769732937685,10.));
#5564 = CARTESIAN_POINT('',(3.6624999,-5.769732937685,10.));
#5565 = CARTESIAN_POINT('',(3.622255092878,-5.729859050445,10.));
#5566 = VECTOR('',#5567,1.);
#5567 = DIRECTION('',(-0.,-0.,1.));
#5568 = ADVANCED_FACE('',(#5569),#5594,.F.);
#5569 = FACE_BOUND('',#5570,.F.);
#5570 = EDGE_LOOP('',(#5571,#5581,#5587,#5588));
#5571 = ORIENTED_EDGE('',*,*,#5572,.T.);
#5572 = EDGE_CURVE('',#5573,#5575,#5577,.T.);
#5573 = VERTEX_POINT('',#5574);
#5574 = CARTESIAN_POINT('',(4.133011769436,-5.769732937685,10.));
#5575 = VERTEX_POINT('',#5576);
#5576 = CARTESIAN_POINT('',(4.133011769436,-5.769732937685,9.6));
#5577 = LINE('',#5578,#5579);
#5578 = CARTESIAN_POINT('',(4.133011769436,-5.769732937685,10.));
#5579 = VECTOR('',#5580,1.);
#5580 = DIRECTION('',(0.,0.,-1.));
#5581 = ORIENTED_EDGE('',*,*,#5582,.T.);
#5582 = EDGE_CURVE('',#5575,#5533,#5583,.T.);
#5583 = LINE('',#5584,#5585);
#5584 = CARTESIAN_POINT('',(4.133011769436,-5.769732937685,9.6));
#5585 = VECTOR('',#5586,1.);
#5586 = DIRECTION('',(-1.,0.,0.));
#5587 = ORIENTED_EDGE('',*,*,#5530,.F.);
#5588 = ORIENTED_EDGE('',*,*,#5589,.F.);
#5589 = EDGE_CURVE('',#5573,#5531,#5590,.T.);
#5590 = LINE('',#5591,#5592);
#5591 = CARTESIAN_POINT('',(4.133011769436,-5.769732937685,10.));
#5592 = VECTOR('',#5593,1.);
#5593 = DIRECTION('',(-1.,0.,0.));
#5594 = PLANE('',#5595);
#5595 = AXIS2_PLACEMENT_3D('',#5596,#5597,#5598);
#5596 = CARTESIAN_POINT('',(4.133011769436,-5.769732937685,10.));
#5597 = DIRECTION('',(0.,1.,0.));
#5598 = DIRECTION('',(-1.,0.,0.));
#5599 = ADVANCED_FACE('',(#5600),#5625,.F.);
#5600 = FACE_BOUND('',#5601,.F.);
#5601 = EDGE_LOOP('',(#5602,#5612,#5618,#5619));
#5602 = ORIENTED_EDGE('',*,*,#5603,.T.);
#5603 = EDGE_CURVE('',#5604,#5606,#5608,.T.);
#5604 = VERTEX_POINT('',#5605);
#5605 = CARTESIAN_POINT('',(4.230378238279,-5.729859050445,10.));
#5606 = VERTEX_POINT('',#5607);
#5607 = CARTESIAN_POINT('',(4.230378238279,-5.729859050445,9.6));
#5608 = LINE('',#5609,#5610);
#5609 = CARTESIAN_POINT('',(4.230378238279,-5.729859050445,10.));
#5610 = VECTOR('',#5611,1.);
#5611 = DIRECTION('',(0.,0.,-1.));
#5612 = ORIENTED_EDGE('',*,*,#5613,.T.);
#5613 = EDGE_CURVE('',#5606,#5575,#5614,.T.);
#5614 = B_SPLINE_CURVE_WITH_KNOTS('',2,(#5615,#5616,#5617),
  .UNSPECIFIED.,.F.,.F.,(3,3),(0.,1.),.PIECEWISE_BEZIER_KNOTS.);
#5615 = CARTESIAN_POINT('',(4.230378238279,-5.729859050445,9.6));
#5616 = CARTESIAN_POINT('',(4.190318891098,-5.769732937685,9.6));
#5617 = CARTESIAN_POINT('',(4.133011769436,-5.769732937685,9.6));
#5618 = ORIENTED_EDGE('',*,*,#5572,.F.);
#5619 = ORIENTED_EDGE('',*,*,#5620,.F.);
#5620 = EDGE_CURVE('',#5604,#5573,#5621,.T.);
#5621 = B_SPLINE_CURVE_WITH_KNOTS('',2,(#5622,#5623,#5624),
  .UNSPECIFIED.,.F.,.F.,(3,3),(0.,1.),.PIECEWISE_BEZIER_KNOTS.);
#5622 = CARTESIAN_POINT('',(4.230378238279,-5.729859050445,10.));
#5623 = CARTESIAN_POINT('',(4.190318891098,-5.769732937685,10.));
#5624 = CARTESIAN_POINT('',(4.133011769436,-5.769732937685,10.));
#5625 = SURFACE_OF_LINEAR_EXTRUSION('',#5626,#5630);
#5626 = B_SPLINE_CURVE_WITH_KNOTS('',2,(#5627,#5628,#5629),
  .UNSPECIFIED.,.F.,.F.,(3,3),(0.,1.),.PIECEWISE_BEZIER_KNOTS.);
#5627 = CARTESIAN_POINT('',(4.230378238279,-5.729859050445,10.));
#5628 = CARTESIAN_POINT('',(4.190318891098,-5.769732937685,10.));
#5629 = CARTESIAN_POINT('',(4.133011769436,-5.769732937685,10.));
#5630 = VECTOR('',#5631,1.);
#5631 = DIRECTION('',(-0.,-0.,1.));
#5632 = ADVANCED_FACE('',(#5633),#5658,.F.);
#5633 = FACE_BOUND('',#5634,.F.);
#5634 = EDGE_LOOP('',(#5635,#5645,#5651,#5652));
#5635 = ORIENTED_EDGE('',*,*,#5636,.T.);
#5636 = EDGE_CURVE('',#5637,#5639,#5641,.T.);
#5637 = VERTEX_POINT('',#5638);
#5638 = CARTESIAN_POINT('',(4.270623045401,-5.627485163205,10.));
#5639 = VERTEX_POINT('',#5640);
#5640 = CARTESIAN_POINT('',(4.270623045401,-5.627485163205,9.6));
#5641 = LINE('',#5642,#5643);
#5642 = CARTESIAN_POINT('',(4.270623045401,-5.627485163205,10.));
#5643 = VECTOR('',#5644,1.);
#5644 = DIRECTION('',(0.,0.,-1.));
#5645 = ORIENTED_EDGE('',*,*,#5646,.T.);
#5646 = EDGE_CURVE('',#5639,#5606,#5647,.T.);
#5647 = B_SPLINE_CURVE_WITH_KNOTS('',2,(#5648,#5649,#5650),
  .UNSPECIFIED.,.F.,.F.,(3,3),(0.,1.),.PIECEWISE_BEZIER_KNOTS.);
#5648 = CARTESIAN_POINT('',(4.270623045401,-5.627485163205,9.6));
#5649 = CARTESIAN_POINT('',(4.270623045401,-5.689985163205,9.6));
#5650 = CARTESIAN_POINT('',(4.230378238279,-5.729859050445,9.6));
#5651 = ORIENTED_EDGE('',*,*,#5603,.F.);
#5652 = ORIENTED_EDGE('',*,*,#5653,.F.);
#5653 = EDGE_CURVE('',#5637,#5604,#5654,.T.);
#5654 = B_SPLINE_CURVE_WITH_KNOTS('',2,(#5655,#5656,#5657),
  .UNSPECIFIED.,.F.,.F.,(3,3),(0.,1.),.PIECEWISE_BEZIER_KNOTS.);
#5655 = CARTESIAN_POINT('',(4.270623045401,-5.627485163205,10.));
#5656 = CARTESIAN_POINT('',(4.270623045401,-5.689985163205,10.));
#5657 = CARTESIAN_POINT('',(4.230378238279,-5.729859050445,10.));
#5658 = SURFACE_OF_LINEAR_EXTRUSION('',#5659,#5663);
#5659 = B_SPLINE_CURVE_WITH_KNOTS('',2,(#5660,#5661,#5662),
  .UNSPECIFIED.,.F.,.F.,(3,3),(0.,1.),.PIECEWISE_BEZIER_KNOTS.);
#5660 = CARTESIAN_POINT('',(4.270623045401,-5.627485163205,10.));
#5661 = CARTESIAN_POINT('',(4.270623045401,-5.689985163205,10.));
#5662 = CARTESIAN_POINT('',(4.230378238279,-5.729859050445,10.));
#5663 = VECTOR('',#5664,1.);
#5664 = DIRECTION('',(-0.,-0.,1.));
#5665 = ADVANCED_FACE('',(#5666),#5691,.F.);
#5666 = FACE_BOUND('',#5667,.F.);
#5667 = EDGE_LOOP('',(#5668,#5678,#5684,#5685));
#5668 = ORIENTED_EDGE('',*,*,#5669,.T.);
#5669 = EDGE_CURVE('',#5670,#5672,#5674,.T.);
#5670 = VERTEX_POINT('',#5671);
#5671 = CARTESIAN_POINT('',(4.270623045401,-5.234866468843,10.));
#5672 = VERTEX_POINT('',#5673);
#5673 = CARTESIAN_POINT('',(4.270623045401,-5.234866468843,9.6));
#5674 = LINE('',#5675,#5676);
#5675 = CARTESIAN_POINT('',(4.270623045401,-5.234866468843,10.));
#5676 = VECTOR('',#5677,1.);
#5677 = DIRECTION('',(0.,0.,-1.));
#5678 = ORIENTED_EDGE('',*,*,#5679,.T.);
#5679 = EDGE_CURVE('',#5672,#5639,#5680,.T.);
#5680 = LINE('',#5681,#5682);
#5681 = CARTESIAN_POINT('',(4.270623045401,-5.234866468843,9.6));
#5682 = VECTOR('',#5683,1.);
#5683 = DIRECTION('',(0.,-1.,0.));
#5684 = ORIENTED_EDGE('',*,*,#5636,.F.);
#5685 = ORIENTED_EDGE('',*,*,#5686,.F.);
#5686 = EDGE_CURVE('',#5670,#5637,#5687,.T.);
#5687 = LINE('',#5688,#5689);
#5688 = CARTESIAN_POINT('',(4.270623045401,-5.234866468843,10.));
#5689 = VECTOR('',#5690,1.);
#5690 = DIRECTION('',(0.,-1.,0.));
#5691 = PLANE('',#5692);
#5692 = AXIS2_PLACEMENT_3D('',#5693,#5694,#5695);
#5693 = CARTESIAN_POINT('',(4.270623045401,-5.234866468843,10.));
#5694 = DIRECTION('',(-1.,-0.,-0.));
#5695 = DIRECTION('',(0.,-1.,0.));
#5696 = ADVANCED_FACE('',(#5697),#5722,.F.);
#5697 = FACE_BOUND('',#5698,.F.);
#5698 = EDGE_LOOP('',(#5699,#5709,#5715,#5716));
#5699 = ORIENTED_EDGE('',*,*,#5700,.T.);
#5700 = EDGE_CURVE('',#5701,#5703,#5705,.T.);
#5701 = VERTEX_POINT('',#5702);
#5702 = CARTESIAN_POINT('',(4.97221800089,-5.028820474777,10.));
#5703 = VERTEX_POINT('',#5704);
#5704 = CARTESIAN_POINT('',(4.97221800089,-5.028820474777,9.6));
#5705 = LINE('',#5706,#5707);
#5706 = CARTESIAN_POINT('',(4.97221800089,-5.028820474777,10.));
#5707 = VECTOR('',#5708,1.);
#5708 = DIRECTION('',(0.,0.,-1.));
#5709 = ORIENTED_EDGE('',*,*,#5710,.T.);
#5710 = EDGE_CURVE('',#5703,#5672,#5711,.T.);
#5711 = B_SPLINE_CURVE_WITH_KNOTS('',2,(#5712,#5713,#5714),
  .UNSPECIFIED.,.F.,.F.,(3,3),(0.,1.),.PIECEWISE_BEZIER_KNOTS.);
#5712 = CARTESIAN_POINT('',(4.97221800089,-5.028820474777,9.6));
#5713 = CARTESIAN_POINT('',(4.67399841632,-5.183308605341,9.6));
#5714 = CARTESIAN_POINT('',(4.270623045401,-5.234866468843,9.6));
#5715 = ORIENTED_EDGE('',*,*,#5669,.F.);
#5716 = ORIENTED_EDGE('',*,*,#5717,.F.);
#5717 = EDGE_CURVE('',#5701,#5670,#5718,.T.);
#5718 = B_SPLINE_CURVE_WITH_KNOTS('',2,(#5719,#5720,#5721),
  .UNSPECIFIED.,.F.,.F.,(3,3),(0.,1.),.PIECEWISE_BEZIER_KNOTS.);
#5719 = CARTESIAN_POINT('',(4.97221800089,-5.028820474777,10.));
#5720 = CARTESIAN_POINT('',(4.67399841632,-5.183308605341,10.));
#5721 = CARTESIAN_POINT('',(4.270623045401,-5.234866468843,10.));
#5722 = SURFACE_OF_LINEAR_EXTRUSION('',#5723,#5727);
#5723 = B_SPLINE_CURVE_WITH_KNOTS('',2,(#5724,#5725,#5726),
  .UNSPECIFIED.,.F.,.F.,(3,3),(0.,1.),.PIECEWISE_BEZIER_KNOTS.);
#5724 = CARTESIAN_POINT('',(4.97221800089,-5.028820474777,10.));
#5725 = CARTESIAN_POINT('',(4.67399841632,-5.183308605341,10.));
#5726 = CARTESIAN_POINT('',(4.270623045401,-5.234866468843,10.));
#5727 = VECTOR('',#5728,1.);
#5728 = DIRECTION('',(-0.,-0.,1.));
#5729 = ADVANCED_FACE('',(#5730),#5755,.F.);
#5730 = FACE_BOUND('',#5731,.F.);
#5731 = EDGE_LOOP('',(#5732,#5742,#5748,#5749));
#5732 = ORIENTED_EDGE('',*,*,#5733,.T.);
#5733 = EDGE_CURVE('',#5734,#5736,#5738,.T.);
#5734 = VERTEX_POINT('',#5735);
#5735 = CARTESIAN_POINT('',(5.4353114727,-4.619695845697,10.));
#5736 = VERTEX_POINT('',#5737);
#5737 = CARTESIAN_POINT('',(5.4353114727,-4.619695845697,9.6));
#5738 = LINE('',#5739,#5740);
#5739 = CARTESIAN_POINT('',(5.4353114727,-4.619695845697,10.));
#5740 = VECTOR('',#5741,1.);
#5741 = DIRECTION('',(0.,0.,-1.));
#5742 = ORIENTED_EDGE('',*,*,#5743,.T.);
#5743 = EDGE_CURVE('',#5736,#5703,#5744,.T.);
#5744 = B_SPLINE_CURVE_WITH_KNOTS('',2,(#5745,#5746,#5747),
  .UNSPECIFIED.,.F.,.F.,(3,3),(0.,1.),.PIECEWISE_BEZIER_KNOTS.);
#5745 = CARTESIAN_POINT('',(5.4353114727,-4.619695845697,9.6));
#5746 = CARTESIAN_POINT('',(5.270623045401,-4.874332344214,9.6));
#5747 = CARTESIAN_POINT('',(4.97221800089,-5.028820474777,9.6));
#5748 = ORIENTED_EDGE('',*,*,#5700,.F.);
#5749 = ORIENTED_EDGE('',*,*,#5750,.F.);
#5750 = EDGE_CURVE('',#5734,#5701,#5751,.T.);
#5751 = B_SPLINE_CURVE_WITH_KNOTS('',2,(#5752,#5753,#5754),
  .UNSPECIFIED.,.F.,.F.,(3,3),(0.,1.),.PIECEWISE_BEZIER_KNOTS.);
#5752 = CARTESIAN_POINT('',(5.4353114727,-4.619695845697,10.));
#5753 = CARTESIAN_POINT('',(5.270623045401,-4.874332344214,10.));
#5754 = CARTESIAN_POINT('',(4.97221800089,-5.028820474777,10.));
#5755 = SURFACE_OF_LINEAR_EXTRUSION('',#5756,#5760);
#5756 = B_SPLINE_CURVE_WITH_KNOTS('',2,(#5757,#5758,#5759),
  .UNSPECIFIED.,.F.,.F.,(3,3),(0.,1.),.PIECEWISE_BEZIER_KNOTS.);
#5757 = CARTESIAN_POINT('',(5.4353114727,-4.619695845697,10.));
#5758 = CARTESIAN_POINT('',(5.270623045401,-4.874332344214,10.));
#5759 = CARTESIAN_POINT('',(4.97221800089,-5.028820474777,10.));
#5760 = VECTOR('',#5761,1.);
#5761 = DIRECTION('',(-0.,-0.,1.));
#5762 = ADVANCED_FACE('',(#5763),#5788,.F.);
#5763 = FACE_BOUND('',#5764,.F.);
#5764 = EDGE_LOOP('',(#5765,#5775,#5781,#5782));
#5765 = ORIENTED_EDGE('',*,*,#5766,.T.);
#5766 = EDGE_CURVE('',#5767,#5769,#5771,.T.);
#5767 = VERTEX_POINT('',#5768);
#5768 = CARTESIAN_POINT('',(5.5999999,-4.033271513353,10.));
#5769 = VERTEX_POINT('',#5770);
#5770 = CARTESIAN_POINT('',(5.5999999,-4.033271513353,9.6));
#5771 = LINE('',#5772,#5773);
#5772 = CARTESIAN_POINT('',(5.5999999,-4.033271513353,10.));
#5773 = VECTOR('',#5774,1.);
#5774 = DIRECTION('',(0.,0.,-1.));
#5775 = ORIENTED_EDGE('',*,*,#5776,.T.);
#5776 = EDGE_CURVE('',#5769,#5736,#5777,.T.);
#5777 = B_SPLINE_CURVE_WITH_KNOTS('',2,(#5778,#5779,#5780),
  .UNSPECIFIED.,.F.,.F.,(3,3),(0.,1.),.PIECEWISE_BEZIER_KNOTS.);
#5778 = CARTESIAN_POINT('',(5.5999999,-4.033271513353,9.6));
#5779 = CARTESIAN_POINT('',(5.5999999,-4.365059347181,9.6));
#5780 = CARTESIAN_POINT('',(5.4353114727,-4.619695845697,9.6));
#5781 = ORIENTED_EDGE('',*,*,#5733,.F.);
#5782 = ORIENTED_EDGE('',*,*,#5783,.F.);
#5783 = EDGE_CURVE('',#5767,#5734,#5784,.T.);
#5784 = B_SPLINE_CURVE_WITH_KNOTS('',2,(#5785,#5786,#5787),
  .UNSPECIFIED.,.F.,.F.,(3,3),(0.,1.),.PIECEWISE_BEZIER_KNOTS.);
#5785 = CARTESIAN_POINT('',(5.5999999,-4.033271513353,10.));
#5786 = CARTESIAN_POINT('',(5.5999999,-4.365059347181,10.));
#5787 = CARTESIAN_POINT('',(5.4353114727,-4.619695845697,10.));
#5788 = SURFACE_OF_LINEAR_EXTRUSION('',#5789,#5793);
#5789 = B_SPLINE_CURVE_WITH_KNOTS('',2,(#5790,#5791,#5792),
  .UNSPECIFIED.,.F.,.F.,(3,3),(0.,1.),.PIECEWISE_BEZIER_KNOTS.);
#5790 = CARTESIAN_POINT('',(5.5999999,-4.033271513353,10.));
#5791 = CARTESIAN_POINT('',(5.5999999,-4.365059347181,10.));
#5792 = CARTESIAN_POINT('',(5.4353114727,-4.619695845697,10.));
#5793 = VECTOR('',#5794,1.);
#5794 = DIRECTION('',(-0.,-0.,1.));
#5795 = ADVANCED_FACE('',(#5796),#5821,.F.);
#5796 = FACE_BOUND('',#5797,.F.);
#5797 = EDGE_LOOP('',(#5798,#5808,#5814,#5815));
#5798 = ORIENTED_EDGE('',*,*,#5799,.T.);
#5799 = EDGE_CURVE('',#5800,#5802,#5804,.T.);
#5800 = VERTEX_POINT('',#5801);
#5801 = CARTESIAN_POINT('',(5.454970226409,-3.46409495549,10.));
#5802 = VERTEX_POINT('',#5803);
#5803 = CARTESIAN_POINT('',(5.454970226409,-3.46409495549,9.6));
#5804 = LINE('',#5805,#5806);
#5805 = CARTESIAN_POINT('',(5.454970226409,-3.46409495549,10.));
#5806 = VECTOR('',#5807,1.);
#5807 = DIRECTION('',(0.,0.,-1.));
#5808 = ORIENTED_EDGE('',*,*,#5809,.T.);
#5809 = EDGE_CURVE('',#5802,#5769,#5810,.T.);
#5810 = B_SPLINE_CURVE_WITH_KNOTS('',2,(#5811,#5812,#5813),
  .UNSPECIFIED.,.F.,.F.,(3,3),(0.,1.),.PIECEWISE_BEZIER_KNOTS.);
#5811 = CARTESIAN_POINT('',(5.454970226409,-3.46409495549,9.6));
#5812 = CARTESIAN_POINT('',(5.5999999,-3.690170623145,9.6));
#5813 = CARTESIAN_POINT('',(5.5999999,-4.033271513353,9.6));
#5814 = ORIENTED_EDGE('',*,*,#5766,.F.);
#5815 = ORIENTED_EDGE('',*,*,#5816,.F.);
#5816 = EDGE_CURVE('',#5800,#5767,#5817,.T.);
#5817 = B_SPLINE_CURVE_WITH_KNOTS('',2,(#5818,#5819,#5820),
  .UNSPECIFIED.,.F.,.F.,(3,3),(0.,1.),.PIECEWISE_BEZIER_KNOTS.);
#5818 = CARTESIAN_POINT('',(5.454970226409,-3.46409495549,10.));
#5819 = CARTESIAN_POINT('',(5.5999999,-3.690170623145,10.));
#5820 = CARTESIAN_POINT('',(5.5999999,-4.033271513353,10.));
#5821 = SURFACE_OF_LINEAR_EXTRUSION('',#5822,#5826);
#5822 = B_SPLINE_CURVE_WITH_KNOTS('',2,(#5823,#5824,#5825),
  .UNSPECIFIED.,.F.,.F.,(3,3),(0.,1.),.PIECEWISE_BEZIER_KNOTS.);
#5823 = CARTESIAN_POINT('',(5.454970226409,-3.46409495549,10.));
#5824 = CARTESIAN_POINT('',(5.5999999,-3.690170623145,10.));
#5825 = CARTESIAN_POINT('',(5.5999999,-4.033271513353,10.));
#5826 = VECTOR('',#5827,1.);
#5827 = DIRECTION('',(-0.,-0.,1.));
#5828 = ADVANCED_FACE('',(#5829),#5854,.F.);
#5829 = FACE_BOUND('',#5830,.F.);
#5830 = EDGE_LOOP('',(#5831,#5841,#5847,#5848));
#5831 = ORIENTED_EDGE('',*,*,#5832,.T.);
#5832 = EDGE_CURVE('',#5833,#5835,#5837,.T.);
#5833 = VERTEX_POINT('',#5834);
#5834 = CARTESIAN_POINT('',(4.997255092878,-3.095215133531,10.));
#5835 = VERTEX_POINT('',#5836);
#5836 = CARTESIAN_POINT('',(4.997255092878,-3.095215133531,9.6));
#5837 = LINE('',#5838,#5839);
#5838 = CARTESIAN_POINT('',(4.997255092878,-3.095215133531,10.));
#5839 = VECTOR('',#5840,1.);
#5840 = DIRECTION('',(0.,0.,-1.));
#5841 = ORIENTED_EDGE('',*,*,#5842,.T.);
#5842 = EDGE_CURVE('',#5835,#5802,#5843,.T.);
#5843 = B_SPLINE_CURVE_WITH_KNOTS('',2,(#5844,#5845,#5846),
  .UNSPECIFIED.,.F.,.F.,(3,3),(0.,1.),.PIECEWISE_BEZIER_KNOTS.);
#5844 = CARTESIAN_POINT('',(4.997255092878,-3.095215133531,9.6));
#5845 = CARTESIAN_POINT('',(5.31012601276,-3.238019287834,9.6));
#5846 = CARTESIAN_POINT('',(5.454970226409,-3.46409495549,9.6));
#5847 = ORIENTED_EDGE('',*,*,#5799,.F.);
#5848 = ORIENTED_EDGE('',*,*,#5849,.F.);
#5849 = EDGE_CURVE('',#5833,#5800,#5850,.T.);
#5850 = B_SPLINE_CURVE_WITH_KNOTS('',2,(#5851,#5852,#5853),
  .UNSPECIFIED.,.F.,.F.,(3,3),(0.,1.),.PIECEWISE_BEZIER_KNOTS.);
#5851 = CARTESIAN_POINT('',(4.997255092878,-3.095215133531,10.));
#5852 = CARTESIAN_POINT('',(5.31012601276,-3.238019287834,10.));
#5853 = CARTESIAN_POINT('',(5.454970226409,-3.46409495549,10.));
#5854 = SURFACE_OF_LINEAR_EXTRUSION('',#5855,#5859);
#5855 = B_SPLINE_CURVE_WITH_KNOTS('',2,(#5856,#5857,#5858),
  .UNSPECIFIED.,.F.,.F.,(3,3),(0.,1.),.PIECEWISE_BEZIER_KNOTS.);
#5856 = CARTESIAN_POINT('',(4.997255092878,-3.095215133531,10.));
#5857 = CARTESIAN_POINT('',(5.31012601276,-3.238019287834,10.));
#5858 = CARTESIAN_POINT('',(5.454970226409,-3.46409495549,10.));
#5859 = VECTOR('',#5860,1.);
#5860 = DIRECTION('',(-0.,-0.,1.));
#5861 = ADVANCED_FACE('',(#5862),#5887,.F.);
#5862 = FACE_BOUND('',#5863,.F.);
#5863 = EDGE_LOOP('',(#5864,#5874,#5880,#5881));
#5864 = ORIENTED_EDGE('',*,*,#5865,.T.);
#5865 = EDGE_CURVE('',#5866,#5868,#5870,.T.);
#5866 = VERTEX_POINT('',#5867);
#5867 = CARTESIAN_POINT('',(4.184198713056,-2.849109792285,10.));
#5868 = VERTEX_POINT('',#5869);
#5869 = CARTESIAN_POINT('',(4.184198713056,-2.849109792285,9.6));
#5870 = LINE('',#5871,#5872);
#5871 = CARTESIAN_POINT('',(4.184198713056,-2.849109792285,10.));
#5872 = VECTOR('',#5873,1.);
#5873 = DIRECTION('',(0.,0.,-1.));
#5874 = ORIENTED_EDGE('',*,*,#5875,.T.);
#5875 = EDGE_CURVE('',#5868,#5835,#5876,.T.);
#5876 = B_SPLINE_CURVE_WITH_KNOTS('',2,(#5877,#5878,#5879),
  .UNSPECIFIED.,.F.,.F.,(3,3),(0.,1.),.PIECEWISE_BEZIER_KNOTS.);
#5877 = CARTESIAN_POINT('',(4.184198713056,-2.849109792285,9.6));
#5878 = CARTESIAN_POINT('',(4.684569632938,-2.952225519288,9.6));
#5879 = CARTESIAN_POINT('',(4.997255092878,-3.095215133531,9.6));
#5880 = ORIENTED_EDGE('',*,*,#5832,.F.);
#5881 = ORIENTED_EDGE('',*,*,#5882,.F.);
#5882 = EDGE_CURVE('',#5866,#5833,#5883,.T.);
#5883 = B_SPLINE_CURVE_WITH_KNOTS('',2,(#5884,#5885,#5886),
  .UNSPECIFIED.,.F.,.F.,(3,3),(0.,1.),.PIECEWISE_BEZIER_KNOTS.);
#5884 = CARTESIAN_POINT('',(4.184198713056,-2.849109792285,10.));
#5885 = CARTESIAN_POINT('',(4.684569632938,-2.952225519288,10.));
#5886 = CARTESIAN_POINT('',(4.997255092878,-3.095215133531,10.));
#5887 = SURFACE_OF_LINEAR_EXTRUSION('',#5888,#5892);
#5888 = B_SPLINE_CURVE_WITH_KNOTS('',2,(#5889,#5890,#5891),
  .UNSPECIFIED.,.F.,.F.,(3,3),(0.,1.),.PIECEWISE_BEZIER_KNOTS.);
#5889 = CARTESIAN_POINT('',(4.184198713056,-2.849109792285,10.));
#5890 = CARTESIAN_POINT('',(4.684569632938,-2.952225519288,10.));
#5891 = CARTESIAN_POINT('',(4.997255092878,-3.095215133531,10.));
#5892 = VECTOR('',#5893,1.);
#5893 = DIRECTION('',(-0.,-0.,1.));
#5894 = ADVANCED_FACE('',(#5895),#5920,.F.);
#5895 = FACE_BOUND('',#5896,.F.);
#5896 = EDGE_LOOP('',(#5897,#5907,#5913,#5914));
#5897 = ORIENTED_EDGE('',*,*,#5898,.T.);
#5898 = EDGE_CURVE('',#5899,#5901,#5903,.T.);
#5899 = VERTEX_POINT('',#5900);
#5900 = CARTESIAN_POINT('',(3.661016220475,-2.691839762611,10.));
#5901 = VERTEX_POINT('',#5902);
#5902 = CARTESIAN_POINT('',(3.661016220475,-2.691839762611,9.6));
#5903 = LINE('',#5904,#5905);
#5904 = CARTESIAN_POINT('',(3.661016220475,-2.691839762611,10.));
#5905 = VECTOR('',#5906,1.);
#5906 = DIRECTION('',(0.,0.,-1.));
#5907 = ORIENTED_EDGE('',*,*,#5908,.T.);
#5908 = EDGE_CURVE('',#5901,#5868,#5909,.T.);
#5909 = B_SPLINE_CURVE_WITH_KNOTS('',2,(#5910,#5911,#5912),
  .UNSPECIFIED.,.F.,.F.,(3,3),(0.,1.),.PIECEWISE_BEZIER_KNOTS.);
#5910 = CARTESIAN_POINT('',(3.661016220475,-2.691839762611,9.6));
#5911 = CARTESIAN_POINT('',(3.854450938576,-2.763427299703,9.6));
#5912 = CARTESIAN_POINT('',(4.184198713056,-2.849109792285,9.6));
#5913 = ORIENTED_EDGE('',*,*,#5865,.F.);
#5914 = ORIENTED_EDGE('',*,*,#5915,.F.);
#5915 = EDGE_CURVE('',#5899,#5866,#5916,.T.);
#5916 = B_SPLINE_CURVE_WITH_KNOTS('',2,(#5917,#5918,#5919),
  .UNSPECIFIED.,.F.,.F.,(3,3),(0.,1.),.PIECEWISE_BEZIER_KNOTS.);
#5917 = CARTESIAN_POINT('',(3.661016220475,-2.691839762611,10.));
#5918 = CARTESIAN_POINT('',(3.854450938576,-2.763427299703,10.));
#5919 = CARTESIAN_POINT('',(4.184198713056,-2.849109792285,10.));
#5920 = SURFACE_OF_LINEAR_EXTRUSION('',#5921,#5925);
#5921 = B_SPLINE_CURVE_WITH_KNOTS('',2,(#5922,#5923,#5924),
  .UNSPECIFIED.,.F.,.F.,(3,3),(0.,1.),.PIECEWISE_BEZIER_KNOTS.);
#5922 = CARTESIAN_POINT('',(3.661016220475,-2.691839762611,10.));
#5923 = CARTESIAN_POINT('',(3.854450938576,-2.763427299703,10.));
#5924 = CARTESIAN_POINT('',(4.184198713056,-2.849109792285,10.));
#5925 = VECTOR('',#5926,1.);
#5926 = DIRECTION('',(-0.,-0.,1.));
#5927 = ADVANCED_FACE('',(#5928),#5953,.F.);
#5928 = FACE_BOUND('',#5929,.F.);
#5929 = EDGE_LOOP('',(#5930,#5940,#5946,#5947));
#5930 = ORIENTED_EDGE('',*,*,#5931,.T.);
#5931 = EDGE_CURVE('',#5932,#5934,#5936,.T.);
#5932 = VERTEX_POINT('',#5933);
#5933 = CARTESIAN_POINT('',(3.382455389614,-2.525853115727,10.));
#5934 = VERTEX_POINT('',#5935);
#5935 = CARTESIAN_POINT('',(3.382455389614,-2.525853115727,9.6));
#5936 = LINE('',#5937,#5938);
#5937 = CARTESIAN_POINT('',(3.382455389614,-2.525853115727,10.));
#5938 = VECTOR('',#5939,1.);
#5939 = DIRECTION('',(0.,0.,-1.));
#5940 = ORIENTED_EDGE('',*,*,#5941,.T.);
#5941 = EDGE_CURVE('',#5934,#5901,#5942,.T.);
#5942 = B_SPLINE_CURVE_WITH_KNOTS('',2,(#5943,#5944,#5945),
  .UNSPECIFIED.,.F.,.F.,(3,3),(0.,1.),.PIECEWISE_BEZIER_KNOTS.);
#5943 = CARTESIAN_POINT('',(3.382455389614,-2.525853115727,9.6));
#5944 = CARTESIAN_POINT('',(3.467766962315,-2.620252225519,9.6));
#5945 = CARTESIAN_POINT('',(3.661016220475,-2.691839762611,9.6));
#5946 = ORIENTED_EDGE('',*,*,#5898,.F.);
#5947 = ORIENTED_EDGE('',*,*,#5948,.F.);
#5948 = EDGE_CURVE('',#5932,#5899,#5949,.T.);
#5949 = B_SPLINE_CURVE_WITH_KNOTS('',2,(#5950,#5951,#5952),
  .UNSPECIFIED.,.F.,.F.,(3,3),(0.,1.),.PIECEWISE_BEZIER_KNOTS.);
#5950 = CARTESIAN_POINT('',(3.382455389614,-2.525853115727,10.));
#5951 = CARTESIAN_POINT('',(3.467766962315,-2.620252225519,10.));
#5952 = CARTESIAN_POINT('',(3.661016220475,-2.691839762611,10.));
#5953 = SURFACE_OF_LINEAR_EXTRUSION('',#5954,#5958);
#5954 = B_SPLINE_CURVE_WITH_KNOTS('',2,(#5955,#5956,#5957),
  .UNSPECIFIED.,.F.,.F.,(3,3),(0.,1.),.PIECEWISE_BEZIER_KNOTS.);
#5955 = CARTESIAN_POINT('',(3.382455389614,-2.525853115727,10.));
#5956 = CARTESIAN_POINT('',(3.467766962315,-2.620252225519,10.));
#5957 = CARTESIAN_POINT('',(3.661016220475,-2.691839762611,10.));
#5958 = VECTOR('',#5959,1.);
#5959 = DIRECTION('',(-0.,-0.,1.));
#5960 = ADVANCED_FACE('',(#5961),#5986,.F.);
#5961 = FACE_BOUND('',#5962,.F.);
#5962 = EDGE_LOOP('',(#5963,#5973,#5979,#5980));
#5963 = ORIENTED_EDGE('',*,*,#5964,.T.);
#5964 = EDGE_CURVE('',#5965,#5967,#5969,.T.);
#5965 = VERTEX_POINT('',#5966);
#5966 = CARTESIAN_POINT('',(3.297329276855,-2.294213649852,10.));
#5967 = VERTEX_POINT('',#5968);
#5968 = CARTESIAN_POINT('',(3.297329276855,-2.294213649852,9.6));
#5969 = LINE('',#5970,#5971);
#5970 = CARTESIAN_POINT('',(3.297329276855,-2.294213649852,10.));
#5971 = VECTOR('',#5972,1.);
#5972 = DIRECTION('',(0.,0.,-1.));
#5973 = ORIENTED_EDGE('',*,*,#5974,.T.);
#5974 = EDGE_CURVE('',#5967,#5934,#5975,.T.);
#5975 = B_SPLINE_CURVE_WITH_KNOTS('',2,(#5976,#5977,#5978),
  .UNSPECIFIED.,.F.,.F.,(3,3),(0.,1.),.PIECEWISE_BEZIER_KNOTS.);
#5976 = CARTESIAN_POINT('',(3.297329276855,-2.294213649852,9.6));
#5977 = CARTESIAN_POINT('',(3.297329276855,-2.431454005935,9.6));
#5978 = CARTESIAN_POINT('',(3.382455389614,-2.525853115727,9.6));
#5979 = ORIENTED_EDGE('',*,*,#5931,.F.);
#5980 = ORIENTED_EDGE('',*,*,#5981,.F.);
#5981 = EDGE_CURVE('',#5965,#5932,#5982,.T.);
#5982 = B_SPLINE_CURVE_WITH_KNOTS('',2,(#5983,#5984,#5985),
  .UNSPECIFIED.,.F.,.F.,(3,3),(0.,1.),.PIECEWISE_BEZIER_KNOTS.);
#5983 = CARTESIAN_POINT('',(3.297329276855,-2.294213649852,10.));
#5984 = CARTESIAN_POINT('',(3.297329276855,-2.431454005935,10.));
#5985 = CARTESIAN_POINT('',(3.382455389614,-2.525853115727,10.));
#5986 = SURFACE_OF_LINEAR_EXTRUSION('',#5987,#5991);
#5987 = B_SPLINE_CURVE_WITH_KNOTS('',2,(#5988,#5989,#5990),
  .UNSPECIFIED.,.F.,.F.,(3,3),(0.,1.),.PIECEWISE_BEZIER_KNOTS.);
#5988 = CARTESIAN_POINT('',(3.297329276855,-2.294213649852,10.));
#5989 = CARTESIAN_POINT('',(3.297329276855,-2.431454005935,10.));
#5990 = CARTESIAN_POINT('',(3.382455389614,-2.525853115727,10.));
#5991 = VECTOR('',#5992,1.);
#5992 = DIRECTION('',(-0.,-0.,1.));
#5993 = ADVANCED_FACE('',(#5994),#6019,.F.);
#5994 = FACE_BOUND('',#5995,.F.);
#5995 = EDGE_LOOP('',(#5996,#6006,#6012,#6013));
#5996 = ORIENTED_EDGE('',*,*,#5997,.T.);
#5997 = EDGE_CURVE('',#5998,#6000,#6002,.T.);
#5998 = VERTEX_POINT('',#5999);
#5999 = CARTESIAN_POINT('',(3.461646784273,-1.979673590504,10.));
#6000 = VERTEX_POINT('',#6001);
#6001 = CARTESIAN_POINT('',(3.461646784273,-1.979673590504,9.6));
#6002 = LINE('',#6003,#6004);
#6003 = CARTESIAN_POINT('',(3.461646784273,-1.979673590504,10.));
#6004 = VECTOR('',#6005,1.);
#6005 = DIRECTION('',(0.,0.,-1.));
#6006 = ORIENTED_EDGE('',*,*,#6007,.T.);
#6007 = EDGE_CURVE('',#6000,#5967,#6008,.T.);
#6008 = B_SPLINE_CURVE_WITH_KNOTS('',2,(#6009,#6010,#6011),
  .UNSPECIFIED.,.F.,.F.,(3,3),(0.,1.),.PIECEWISE_BEZIER_KNOTS.);
#6009 = CARTESIAN_POINT('',(3.461646784273,-1.979673590504,9.6));
#6010 = CARTESIAN_POINT('',(3.297329276855,-2.082603857567,9.6));
#6011 = CARTESIAN_POINT('',(3.297329276855,-2.294213649852,9.6));
#6012 = ORIENTED_EDGE('',*,*,#5964,.F.);
#6013 = ORIENTED_EDGE('',*,*,#6014,.F.);
#6014 = EDGE_CURVE('',#5998,#5965,#6015,.T.);
#6015 = B_SPLINE_CURVE_WITH_KNOTS('',2,(#6016,#6017,#6018),
  .UNSPECIFIED.,.F.,.F.,(3,3),(0.,1.),.PIECEWISE_BEZIER_KNOTS.);
#6016 = CARTESIAN_POINT('',(3.461646784273,-1.979673590504,10.));
#6017 = CARTESIAN_POINT('',(3.297329276855,-2.082603857567,10.));
#6018 = CARTESIAN_POINT('',(3.297329276855,-2.294213649852,10.));
#6019 = SURFACE_OF_LINEAR_EXTRUSION('',#6020,#6024);
#6020 = B_SPLINE_CURVE_WITH_KNOTS('',2,(#6021,#6022,#6023),
  .UNSPECIFIED.,.F.,.F.,(3,3),(0.,1.),.PIECEWISE_BEZIER_KNOTS.);
#6021 = CARTESIAN_POINT('',(3.461646784273,-1.979673590504,10.));
#6022 = CARTESIAN_POINT('',(3.297329276855,-2.082603857567,10.));
#6023 = CARTESIAN_POINT('',(3.297329276855,-2.294213649852,10.));
#6024 = VECTOR('',#6025,1.);
#6025 = DIRECTION('',(-0.,-0.,1.));
#6026 = ADVANCED_FACE('',(#6027),#6052,.F.);
#6027 = FACE_BOUND('',#6028,.F.);
#6028 = EDGE_LOOP('',(#6029,#6039,#6045,#6046));
#6029 = ORIENTED_EDGE('',*,*,#6030,.T.);
#6030 = EDGE_CURVE('',#6031,#6033,#6035,.T.);
#6031 = VERTEX_POINT('',#6032);
#6032 = CARTESIAN_POINT('',(3.90396874273,-1.876557863501,10.));
#6033 = VERTEX_POINT('',#6034);
#6034 = CARTESIAN_POINT('',(3.90396874273,-1.876557863501,9.6));
#6035 = LINE('',#6036,#6037);
#6036 = CARTESIAN_POINT('',(3.90396874273,-1.876557863501,10.));
#6037 = VECTOR('',#6038,1.);
#6038 = DIRECTION('',(0.,0.,-1.));
#6039 = ORIENTED_EDGE('',*,*,#6040,.T.);
#6040 = EDGE_CURVE('',#6033,#6000,#6041,.T.);
#6041 = B_SPLINE_CURVE_WITH_KNOTS('',2,(#6042,#6043,#6044),
  .UNSPECIFIED.,.F.,.F.,(3,3),(0.,1.),.PIECEWISE_BEZIER_KNOTS.);
#6042 = CARTESIAN_POINT('',(3.90396874273,-1.876557863501,9.6));
#6043 = CARTESIAN_POINT('',(3.626149751632,-1.876557863501,9.6));
#6044 = CARTESIAN_POINT('',(3.461646784273,-1.979673590504,9.6));
#6045 = ORIENTED_EDGE('',*,*,#5997,.F.);
#6046 = ORIENTED_EDGE('',*,*,#6047,.F.);
#6047 = EDGE_CURVE('',#6031,#5998,#6048,.T.);
#6048 = B_SPLINE_CURVE_WITH_KNOTS('',2,(#6049,#6050,#6051),
  .UNSPECIFIED.,.F.,.F.,(3,3),(0.,1.),.PIECEWISE_BEZIER_KNOTS.);
#6049 = CARTESIAN_POINT('',(3.90396874273,-1.876557863501,10.));
#6050 = CARTESIAN_POINT('',(3.626149751632,-1.876557863501,10.));
#6051 = CARTESIAN_POINT('',(3.461646784273,-1.979673590504,10.));
#6052 = SURFACE_OF_LINEAR_EXTRUSION('',#6053,#6057);
#6053 = B_SPLINE_CURVE_WITH_KNOTS('',2,(#6054,#6055,#6056),
  .UNSPECIFIED.,.F.,.F.,(3,3),(0.,1.),.PIECEWISE_BEZIER_KNOTS.);
#6054 = CARTESIAN_POINT('',(3.90396874273,-1.876557863501,10.));
#6055 = CARTESIAN_POINT('',(3.626149751632,-1.876557863501,10.));
#6056 = CARTESIAN_POINT('',(3.461646784273,-1.979673590504,10.));
#6057 = VECTOR('',#6058,1.);
#6058 = DIRECTION('',(-0.,-0.,1.));
#6059 = ADVANCED_FACE('',(#6060),#6085,.F.);
#6060 = FACE_BOUND('',#6061,.F.);
#6061 = EDGE_LOOP('',(#6062,#6072,#6078,#6079));
#6062 = ORIENTED_EDGE('',*,*,#6063,.T.);
#6063 = EDGE_CURVE('',#6064,#6066,#6068,.T.);
#6064 = VERTEX_POINT('',#6065);
#6065 = CARTESIAN_POINT('',(4.334792184866,-1.988390207715,10.));
#6066 = VERTEX_POINT('',#6067);
#6067 = CARTESIAN_POINT('',(4.334792184866,-1.988390207715,9.6));
#6068 = LINE('',#6069,#6070);
#6069 = CARTESIAN_POINT('',(4.334792184866,-1.988390207715,10.));
#6070 = VECTOR('',#6071,1.);
#6071 = DIRECTION('',(0.,0.,-1.));
#6072 = ORIENTED_EDGE('',*,*,#6073,.T.);
#6073 = EDGE_CURVE('',#6066,#6033,#6074,.T.);
#6074 = B_SPLINE_CURVE_WITH_KNOTS('',2,(#6075,#6076,#6077),
  .UNSPECIFIED.,.F.,.F.,(3,3),(0.,1.),.PIECEWISE_BEZIER_KNOTS.);
#6075 = CARTESIAN_POINT('',(4.334792184866,-1.988390207715,9.6));
#6076 = CARTESIAN_POINT('',(4.164725419288,-1.876557863501,9.6));
#6077 = CARTESIAN_POINT('',(3.90396874273,-1.876557863501,9.6));
#6078 = ORIENTED_EDGE('',*,*,#6030,.F.);
#6079 = ORIENTED_EDGE('',*,*,#6080,.F.);
#6080 = EDGE_CURVE('',#6064,#6031,#6081,.T.);
#6081 = B_SPLINE_CURVE_WITH_KNOTS('',2,(#6082,#6083,#6084),
  .UNSPECIFIED.,.F.,.F.,(3,3),(0.,1.),.PIECEWISE_BEZIER_KNOTS.);
#6082 = CARTESIAN_POINT('',(4.334792184866,-1.988390207715,10.));
#6083 = CARTESIAN_POINT('',(4.164725419288,-1.876557863501,10.));
#6084 = CARTESIAN_POINT('',(3.90396874273,-1.876557863501,10.));
#6085 = SURFACE_OF_LINEAR_EXTRUSION('',#6086,#6090);
#6086 = B_SPLINE_CURVE_WITH_KNOTS('',2,(#6087,#6088,#6089),
  .UNSPECIFIED.,.F.,.F.,(3,3),(0.,1.),.PIECEWISE_BEZIER_KNOTS.);
#6087 = CARTESIAN_POINT('',(4.334792184866,-1.988390207715,10.));
#6088 = CARTESIAN_POINT('',(4.164725419288,-1.876557863501,10.));
#6089 = CARTESIAN_POINT('',(3.90396874273,-1.876557863501,10.));
#6090 = VECTOR('',#6091,1.);
#6091 = DIRECTION('',(-0.,-0.,1.));
#6092 = ADVANCED_FACE('',(#6093),#6118,.F.);
#6093 = FACE_BOUND('',#6094,.F.);
#6094 = EDGE_LOOP('',(#6095,#6105,#6111,#6112));
#6095 = ORIENTED_EDGE('',*,*,#6096,.T.);
#6096 = EDGE_CURVE('',#6097,#6099,#6101,.T.);
#6097 = VERTEX_POINT('',#6098);
#6098 = CARTESIAN_POINT('',(4.533234321365,-2.248775964392,10.));
#6099 = VERTEX_POINT('',#6100);
#6100 = CARTESIAN_POINT('',(4.533234321365,-2.248775964392,9.6));
#6101 = LINE('',#6102,#6103);
#6102 = CARTESIAN_POINT('',(4.533234321365,-2.248775964392,10.));
#6103 = VECTOR('',#6104,1.);
#6104 = DIRECTION('',(0.,0.,-1.));
#6105 = ORIENTED_EDGE('',*,*,#6106,.T.);
#6106 = EDGE_CURVE('',#6099,#6066,#6107,.T.);
#6107 = B_SPLINE_CURVE_WITH_KNOTS('',2,(#6108,#6109,#6110),
  .UNSPECIFIED.,.F.,.F.,(3,3),(0.,1.),.PIECEWISE_BEZIER_KNOTS.);
#6108 = CARTESIAN_POINT('',(4.533234321365,-2.248775964392,9.6));
#6109 = CARTESIAN_POINT('',(4.504858950445,-2.100037091988,9.6));
#6110 = CARTESIAN_POINT('',(4.334792184866,-1.988390207715,9.6));
#6111 = ORIENTED_EDGE('',*,*,#6063,.F.);
#6112 = ORIENTED_EDGE('',*,*,#6113,.F.);
#6113 = EDGE_CURVE('',#6097,#6064,#6114,.T.);
#6114 = B_SPLINE_CURVE_WITH_KNOTS('',2,(#6115,#6116,#6117),
  .UNSPECIFIED.,.F.,.F.,(3,3),(0.,1.),.PIECEWISE_BEZIER_KNOTS.);
#6115 = CARTESIAN_POINT('',(4.533234321365,-2.248775964392,10.));
#6116 = CARTESIAN_POINT('',(4.504858950445,-2.100037091988,10.));
#6117 = CARTESIAN_POINT('',(4.334792184866,-1.988390207715,10.));
#6118 = SURFACE_OF_LINEAR_EXTRUSION('',#6119,#6123);
#6119 = B_SPLINE_CURVE_WITH_KNOTS('',2,(#6120,#6121,#6122),
  .UNSPECIFIED.,.F.,.F.,(3,3),(0.,1.),.PIECEWISE_BEZIER_KNOTS.);
#6120 = CARTESIAN_POINT('',(4.533234321365,-2.248775964392,10.));
#6121 = CARTESIAN_POINT('',(4.504858950445,-2.100037091988,10.));
#6122 = CARTESIAN_POINT('',(4.334792184866,-1.988390207715,10.));
#6123 = VECTOR('',#6124,1.);
#6124 = DIRECTION('',(-0.,-0.,1.));
#6125 = ADVANCED_FACE('',(#6126),#6151,.F.);
#6126 = FACE_BOUND('',#6127,.F.);
#6127 = EDGE_LOOP('',(#6128,#6138,#6144,#6145));
#6128 = ORIENTED_EDGE('',*,*,#6129,.T.);
#6129 = EDGE_CURVE('',#6130,#6132,#6134,.T.);
#6130 = VERTEX_POINT('',#6131);
#6131 = CARTESIAN_POINT('',(4.612611175964,-2.329080118694,10.));
#6132 = VERTEX_POINT('',#6133);
#6133 = CARTESIAN_POINT('',(4.612611175964,-2.329080118694,9.6));
#6134 = LINE('',#6135,#6136);
#6135 = CARTESIAN_POINT('',(4.612611175964,-2.329080118694,10.));
#6136 = VECTOR('',#6137,1.);
#6137 = DIRECTION('',(0.,0.,-1.));
#6138 = ORIENTED_EDGE('',*,*,#6139,.T.);
#6139 = EDGE_CURVE('',#6132,#6099,#6140,.T.);
#6140 = B_SPLINE_CURVE_WITH_KNOTS('',2,(#6141,#6142,#6143),
  .UNSPECIFIED.,.F.,.F.,(3,3),(0.,1.),.PIECEWISE_BEZIER_KNOTS.);
#6141 = CARTESIAN_POINT('',(4.612611175964,-2.329080118694,9.6));
#6142 = CARTESIAN_POINT('',(4.567173490504,-2.306083086053,9.6));
#6143 = CARTESIAN_POINT('',(4.533234321365,-2.248775964392,9.6));
#6144 = ORIENTED_EDGE('',*,*,#6096,.F.);
#6145 = ORIENTED_EDGE('',*,*,#6146,.F.);
#6146 = EDGE_CURVE('',#6130,#6097,#6147,.T.);
#6147 = B_SPLINE_CURVE_WITH_KNOTS('',2,(#6148,#6149,#6150),
  .UNSPECIFIED.,.F.,.F.,(3,3),(0.,1.),.PIECEWISE_BEZIER_KNOTS.);
#6148 = CARTESIAN_POINT('',(4.612611175964,-2.329080118694,10.));
#6149 = CARTESIAN_POINT('',(4.567173490504,-2.306083086053,10.));
#6150 = CARTESIAN_POINT('',(4.533234321365,-2.248775964392,10.));
#6151 = SURFACE_OF_LINEAR_EXTRUSION('',#6152,#6156);
#6152 = B_SPLINE_CURVE_WITH_KNOTS('',2,(#6153,#6154,#6155),
  .UNSPECIFIED.,.F.,.F.,(3,3),(0.,1.),.PIECEWISE_BEZIER_KNOTS.);
#6153 = CARTESIAN_POINT('',(4.612611175964,-2.329080118694,10.));
#6154 = CARTESIAN_POINT('',(4.567173490504,-2.306083086053,10.));
#6155 = CARTESIAN_POINT('',(4.533234321365,-2.248775964392,10.));
#6156 = VECTOR('',#6157,1.);
#6157 = DIRECTION('',(-0.,-0.,1.));
#6158 = ADVANCED_FACE('',(#6159),#6184,.F.);
#6159 = FACE_BOUND('',#6160,.F.);
#6160 = EDGE_LOOP('',(#6161,#6171,#6177,#6178));
#6161 = ORIENTED_EDGE('',*,*,#6162,.T.);
#6162 = EDGE_CURVE('',#6163,#6165,#6167,.T.);
#6163 = VERTEX_POINT('',#6164);
#6164 = CARTESIAN_POINT('',(4.708864885163,-2.352077151335,10.));
#6165 = VERTEX_POINT('',#6166);
#6166 = CARTESIAN_POINT('',(4.708864885163,-2.352077151335,9.6));
#6167 = LINE('',#6168,#6169);
#6168 = CARTESIAN_POINT('',(4.708864885163,-2.352077151335,10.));
#6169 = VECTOR('',#6170,1.);
#6170 = DIRECTION('',(0.,0.,-1.));
#6171 = ORIENTED_EDGE('',*,*,#6172,.T.);
#6172 = EDGE_CURVE('',#6165,#6132,#6173,.T.);
#6173 = B_SPLINE_CURVE_WITH_KNOTS('',2,(#6174,#6175,#6176),
  .UNSPECIFIED.,.F.,.F.,(3,3),(0.,1.),.PIECEWISE_BEZIER_KNOTS.);
#6174 = CARTESIAN_POINT('',(4.708864885163,-2.352077151335,9.6));
#6175 = CARTESIAN_POINT('',(4.658048861424,-2.352077151335,9.6));
#6176 = CARTESIAN_POINT('',(4.612611175964,-2.329080118694,9.6));
#6177 = ORIENTED_EDGE('',*,*,#6129,.F.);
#6178 = ORIENTED_EDGE('',*,*,#6179,.F.);
#6179 = EDGE_CURVE('',#6163,#6130,#6180,.T.);
#6180 = B_SPLINE_CURVE_WITH_KNOTS('',2,(#6181,#6182,#6183),
  .UNSPECIFIED.,.F.,.F.,(3,3),(0.,1.),.PIECEWISE_BEZIER_KNOTS.);
#6181 = CARTESIAN_POINT('',(4.708864885163,-2.352077151335,10.));
#6182 = CARTESIAN_POINT('',(4.658048861424,-2.352077151335,10.));
#6183 = CARTESIAN_POINT('',(4.612611175964,-2.329080118694,10.));
#6184 = SURFACE_OF_LINEAR_EXTRUSION('',#6185,#6189);
#6185 = B_SPLINE_CURVE_WITH_KNOTS('',2,(#6186,#6187,#6188),
  .UNSPECIFIED.,.F.,.F.,(3,3),(0.,1.),.PIECEWISE_BEZIER_KNOTS.);
#6186 = CARTESIAN_POINT('',(4.708864885163,-2.352077151335,10.));
#6187 = CARTESIAN_POINT('',(4.658048861424,-2.352077151335,10.));
#6188 = CARTESIAN_POINT('',(4.612611175964,-2.329080118694,10.));
#6189 = VECTOR('',#6190,1.);
#6190 = DIRECTION('',(-0.,-0.,1.));
#6191 = ADVANCED_FACE('',(#6192),#6217,.F.);
#6192 = FACE_BOUND('',#6193,.F.);
#6193 = EDGE_LOOP('',(#6194,#6204,#6210,#6211));
#6194 = ORIENTED_EDGE('',*,*,#6195,.T.);
#6195 = EDGE_CURVE('',#6196,#6198,#6200,.T.);
#6196 = VERTEX_POINT('',#6197);
#6197 = CARTESIAN_POINT('',(5.349443520178,-2.352077151335,10.));
#6198 = VERTEX_POINT('',#6199);
#6199 = CARTESIAN_POINT('',(5.349443520178,-2.352077151335,9.6));
#6200 = LINE('',#6201,#6202);
#6201 = CARTESIAN_POINT('',(5.349443520178,-2.352077151335,10.));
#6202 = VECTOR('',#6203,1.);
#6203 = DIRECTION('',(0.,0.,-1.));
#6204 = ORIENTED_EDGE('',*,*,#6205,.T.);
#6205 = EDGE_CURVE('',#6198,#6165,#6206,.T.);
#6206 = LINE('',#6207,#6208);
#6207 = CARTESIAN_POINT('',(5.349443520178,-2.352077151335,9.6));
#6208 = VECTOR('',#6209,1.);
#6209 = DIRECTION('',(-1.,0.,0.));
#6210 = ORIENTED_EDGE('',*,*,#6162,.F.);
#6211 = ORIENTED_EDGE('',*,*,#6212,.F.);
#6212 = EDGE_CURVE('',#6196,#6163,#6213,.T.);
#6213 = LINE('',#6214,#6215);
#6214 = CARTESIAN_POINT('',(5.349443520178,-2.352077151335,10.));
#6215 = VECTOR('',#6216,1.);
#6216 = DIRECTION('',(-1.,0.,0.));
#6217 = PLANE('',#6218);
#6218 = AXIS2_PLACEMENT_3D('',#6219,#6220,#6221);
#6219 = CARTESIAN_POINT('',(5.349443520178,-2.352077151335,10.));
#6220 = DIRECTION('',(0.,1.,0.));
#6221 = DIRECTION('',(-1.,0.,0.));
#6222 = ADVANCED_FACE('',(#6223),#6248,.F.);
#6223 = FACE_BOUND('',#6224,.F.);
#6224 = EDGE_LOOP('',(#6225,#6235,#6241,#6242));
#6225 = ORIENTED_EDGE('',*,*,#6226,.T.);
#6226 = EDGE_CURVE('',#6227,#6229,#6231,.T.);
#6227 = VERTEX_POINT('',#6228);
#6228 = CARTESIAN_POINT('',(5.434569632938,-2.314799703264,10.));
#6229 = VERTEX_POINT('',#6230);
#6230 = CARTESIAN_POINT('',(5.434569632938,-2.314799703264,9.6));
#6231 = LINE('',#6232,#6233);
#6232 = CARTESIAN_POINT('',(5.434569632938,-2.314799703264,10.));
#6233 = VECTOR('',#6234,1.);
#6234 = DIRECTION('',(0.,0.,-1.));
#6235 = ORIENTED_EDGE('',*,*,#6236,.T.);
#6236 = EDGE_CURVE('',#6229,#6198,#6237,.T.);
#6237 = B_SPLINE_CURVE_WITH_KNOTS('',2,(#6238,#6239,#6240),
  .UNSPECIFIED.,.F.,.F.,(3,3),(0.,1.),.PIECEWISE_BEZIER_KNOTS.);
#6238 = CARTESIAN_POINT('',(5.434569632938,-2.314799703264,9.6));
#6239 = CARTESIAN_POINT('',(5.400630463798,-2.352077151335,9.6));
#6240 = CARTESIAN_POINT('',(5.349443520178,-2.352077151335,9.6));
#6241 = ORIENTED_EDGE('',*,*,#6195,.F.);
#6242 = ORIENTED_EDGE('',*,*,#6243,.F.);
#6243 = EDGE_CURVE('',#6227,#6196,#6244,.T.);
#6244 = B_SPLINE_CURVE_WITH_KNOTS('',2,(#6245,#6246,#6247),
  .UNSPECIFIED.,.F.,.F.,(3,3),(0.,1.),.PIECEWISE_BEZIER_KNOTS.);
#6245 = CARTESIAN_POINT('',(5.434569632938,-2.314799703264,10.));
#6246 = CARTESIAN_POINT('',(5.400630463798,-2.352077151335,10.));
#6247 = CARTESIAN_POINT('',(5.349443520178,-2.352077151335,10.));
#6248 = SURFACE_OF_LINEAR_EXTRUSION('',#6249,#6253);
#6249 = B_SPLINE_CURVE_WITH_KNOTS('',2,(#6250,#6251,#6252),
  .UNSPECIFIED.,.F.,.F.,(3,3),(0.,1.),.PIECEWISE_BEZIER_KNOTS.);
#6250 = CARTESIAN_POINT('',(5.434569632938,-2.314799703264,10.));
#6251 = CARTESIAN_POINT('',(5.400630463798,-2.352077151335,10.));
#6252 = CARTESIAN_POINT('',(5.349443520178,-2.352077151335,10.));
#6253 = VECTOR('',#6254,1.);
#6254 = DIRECTION('',(-0.,-0.,1.));
#6255 = ADVANCED_FACE('',(#6256),#6281,.F.);
#6256 = FACE_BOUND('',#6257,.F.);
#6257 = EDGE_LOOP('',(#6258,#6268,#6274,#6275));
#6258 = ORIENTED_EDGE('',*,*,#6259,.T.);
#6259 = EDGE_CURVE('',#6260,#6262,#6264,.T.);
#6260 = VERTEX_POINT('',#6261);
#6261 = CARTESIAN_POINT('',(5.468694262018,-2.231713649852,10.));
#6262 = VERTEX_POINT('',#6263);
#6263 = CARTESIAN_POINT('',(5.468694262018,-2.231713649852,9.6));
#6264 = LINE('',#6265,#6266);
#6265 = CARTESIAN_POINT('',(5.468694262018,-2.231713649852,10.));
#6266 = VECTOR('',#6267,1.);
#6267 = DIRECTION('',(0.,0.,-1.));
#6268 = ORIENTED_EDGE('',*,*,#6269,.T.);
#6269 = EDGE_CURVE('',#6262,#6229,#6270,.T.);
#6270 = B_SPLINE_CURVE_WITH_KNOTS('',2,(#6271,#6272,#6273),
  .UNSPECIFIED.,.F.,.F.,(3,3),(0.,1.),.PIECEWISE_BEZIER_KNOTS.);
#6271 = CARTESIAN_POINT('',(5.468694262018,-2.231713649852,9.6));
#6272 = CARTESIAN_POINT('',(5.468694262018,-2.277522255193,9.6));
#6273 = CARTESIAN_POINT('',(5.434569632938,-2.314799703264,9.6));
#6274 = ORIENTED_EDGE('',*,*,#6226,.F.);
#6275 = ORIENTED_EDGE('',*,*,#6276,.F.);
#6276 = EDGE_CURVE('',#6260,#6227,#6277,.T.);
#6277 = B_SPLINE_CURVE_WITH_KNOTS('',2,(#6278,#6279,#6280),
  .UNSPECIFIED.,.F.,.F.,(3,3),(0.,1.),.PIECEWISE_BEZIER_KNOTS.);
#6278 = CARTESIAN_POINT('',(5.468694262018,-2.231713649852,10.));
#6279 = CARTESIAN_POINT('',(5.468694262018,-2.277522255193,10.));
#6280 = CARTESIAN_POINT('',(5.434569632938,-2.314799703264,10.));
#6281 = SURFACE_OF_LINEAR_EXTRUSION('',#6282,#6286);
#6282 = B_SPLINE_CURVE_WITH_KNOTS('',2,(#6283,#6284,#6285),
  .UNSPECIFIED.,.F.,.F.,(3,3),(0.,1.),.PIECEWISE_BEZIER_KNOTS.);
#6283 = CARTESIAN_POINT('',(5.468694262018,-2.231713649852,10.));
#6284 = CARTESIAN_POINT('',(5.468694262018,-2.277522255193,10.));
#6285 = CARTESIAN_POINT('',(5.434569632938,-2.314799703264,10.));
#6286 = VECTOR('',#6287,1.);
#6287 = DIRECTION('',(-0.,-0.,1.));
#6288 = ADVANCED_FACE('',(#6289),#6314,.F.);
#6289 = FACE_BOUND('',#6290,.F.);
#6290 = EDGE_LOOP('',(#6291,#6301,#6307,#6308));
#6291 = ORIENTED_EDGE('',*,*,#6292,.T.);
#6292 = EDGE_CURVE('',#6293,#6295,#6297,.T.);
#6293 = VERTEX_POINT('',#6294);
#6294 = CARTESIAN_POINT('',(5.329599306528,-1.806824925816,10.));
#6295 = VERTEX_POINT('',#6296);
#6296 = CARTESIAN_POINT('',(5.329599306528,-1.806824925816,9.6));
#6297 = LINE('',#6298,#6299);
#6298 = CARTESIAN_POINT('',(5.329599306528,-1.806824925816,10.));
#6299 = VECTOR('',#6300,1.);
#6300 = DIRECTION('',(0.,0.,-1.));
#6301 = ORIENTED_EDGE('',*,*,#6302,.T.);
#6302 = EDGE_CURVE('',#6295,#6262,#6303,.T.);
#6303 = B_SPLINE_CURVE_WITH_KNOTS('',2,(#6304,#6305,#6306),
  .UNSPECIFIED.,.F.,.F.,(3,3),(0.,1.),.PIECEWISE_BEZIER_KNOTS.);
#6304 = CARTESIAN_POINT('',(5.329599306528,-1.806824925816,9.6));
#6305 = CARTESIAN_POINT('',(5.468694262018,-2.026409495549,9.6));
#6306 = CARTESIAN_POINT('',(5.468694262018,-2.231713649852,9.6));
#6307 = ORIENTED_EDGE('',*,*,#6259,.F.);
#6308 = ORIENTED_EDGE('',*,*,#6309,.F.);
#6309 = EDGE_CURVE('',#6293,#6260,#6310,.T.);
#6310 = B_SPLINE_CURVE_WITH_KNOTS('',2,(#6311,#6312,#6313),
  .UNSPECIFIED.,.F.,.F.,(3,3),(0.,1.),.PIECEWISE_BEZIER_KNOTS.);
#6311 = CARTESIAN_POINT('',(5.329599306528,-1.806824925816,10.));
#6312 = CARTESIAN_POINT('',(5.468694262018,-2.026409495549,10.));
#6313 = CARTESIAN_POINT('',(5.468694262018,-2.231713649852,10.));
#6314 = SURFACE_OF_LINEAR_EXTRUSION('',#6315,#6319);
#6315 = B_SPLINE_CURVE_WITH_KNOTS('',2,(#6316,#6317,#6318),
  .UNSPECIFIED.,.F.,.F.,(3,3),(0.,1.),.PIECEWISE_BEZIER_KNOTS.);
#6316 = CARTESIAN_POINT('',(5.329599306528,-1.806824925816,10.));
#6317 = CARTESIAN_POINT('',(5.468694262018,-2.026409495549,10.));
#6318 = CARTESIAN_POINT('',(5.468694262018,-2.231713649852,10.));
#6319 = VECTOR('',#6320,1.);
#6320 = DIRECTION('',(-0.,-0.,1.));
#6321 = ADVANCED_FACE('',(#6322),#6347,.F.);
#6322 = FACE_BOUND('',#6323,.F.);
#6323 = EDGE_LOOP('',(#6324,#6334,#6340,#6341));
#6324 = ORIENTED_EDGE('',*,*,#6325,.T.);
#6325 = EDGE_CURVE('',#6326,#6328,#6330,.T.);
#6326 = VERTEX_POINT('',#6327);
#6327 = CARTESIAN_POINT('',(4.926409395549,-1.413278931751,10.));
#6328 = VERTEX_POINT('',#6329);
#6329 = CARTESIAN_POINT('',(4.926409395549,-1.413278931751,9.6));
#6330 = LINE('',#6331,#6332);
#6331 = CARTESIAN_POINT('',(4.926409395549,-1.413278931751,10.));
#6332 = VECTOR('',#6333,1.);
#6333 = DIRECTION('',(0.,0.,-1.));
#6334 = ORIENTED_EDGE('',*,*,#6335,.T.);
#6335 = EDGE_CURVE('',#6328,#6295,#6336,.T.);
#6336 = B_SPLINE_CURVE_WITH_KNOTS('',2,(#6337,#6338,#6339),
  .UNSPECIFIED.,.F.,.F.,(3,3),(0.,1.),.PIECEWISE_BEZIER_KNOTS.);
#6337 = CARTESIAN_POINT('',(4.926409395549,-1.413278931751,9.6));
#6338 = CARTESIAN_POINT('',(5.190504351039,-1.587240356083,9.6));
#6339 = CARTESIAN_POINT('',(5.329599306528,-1.806824925816,9.6));
#6340 = ORIENTED_EDGE('',*,*,#6292,.F.);
#6341 = ORIENTED_EDGE('',*,*,#6342,.F.);
#6342 = EDGE_CURVE('',#6326,#6293,#6343,.T.);
#6343 = B_SPLINE_CURVE_WITH_KNOTS('',2,(#6344,#6345,#6346),
  .UNSPECIFIED.,.F.,.F.,(3,3),(0.,1.),.PIECEWISE_BEZIER_KNOTS.);
#6344 = CARTESIAN_POINT('',(4.926409395549,-1.413278931751,10.));
#6345 = CARTESIAN_POINT('',(5.190504351039,-1.587240356083,10.));
#6346 = CARTESIAN_POINT('',(5.329599306528,-1.806824925816,10.));
#6347 = SURFACE_OF_LINEAR_EXTRUSION('',#6348,#6352);
#6348 = B_SPLINE_CURVE_WITH_KNOTS('',2,(#6349,#6350,#6351),
  .UNSPECIFIED.,.F.,.F.,(3,3),(0.,1.),.PIECEWISE_BEZIER_KNOTS.);
#6349 = CARTESIAN_POINT('',(4.926409395549,-1.413278931751,10.));
#6350 = CARTESIAN_POINT('',(5.190504351039,-1.587240356083,10.));
#6351 = CARTESIAN_POINT('',(5.329599306528,-1.806824925816,10.));
#6352 = VECTOR('',#6353,1.);
#6353 = DIRECTION('',(-0.,-0.,1.));
#6354 = ADVANCED_FACE('',(#6355),#6380,.F.);
#6355 = FACE_BOUND('',#6356,.F.);
#6356 = EDGE_LOOP('',(#6357,#6367,#6373,#6374));
#6357 = ORIENTED_EDGE('',*,*,#6358,.T.);
#6358 = EDGE_CURVE('',#6359,#6361,#6363,.T.);
#6359 = VERTEX_POINT('',#6360);
#6360 = CARTESIAN_POINT('',(4.270623045401,-1.176632047478,10.));
#6361 = VERTEX_POINT('',#6362);
#6362 = CARTESIAN_POINT('',(4.270623045401,-1.176632047478,9.6));
#6363 = LINE('',#6364,#6365);
#6364 = CARTESIAN_POINT('',(4.270623045401,-1.176632047478,10.));
#6365 = VECTOR('',#6366,1.);
#6366 = DIRECTION('',(0.,0.,-1.));
#6367 = ORIENTED_EDGE('',*,*,#6368,.T.);
#6368 = EDGE_CURVE('',#6361,#6328,#6369,.T.);
#6369 = B_SPLINE_CURVE_WITH_KNOTS('',2,(#6370,#6371,#6372),
  .UNSPECIFIED.,.F.,.F.,(3,3),(0.,1.),.PIECEWISE_BEZIER_KNOTS.);
#6370 = CARTESIAN_POINT('',(4.270623045401,-1.176632047478,9.6));
#6371 = CARTESIAN_POINT('',(4.6624999,-1.239317507418,9.6));
#6372 = CARTESIAN_POINT('',(4.926409395549,-1.413278931751,9.6));
#6373 = ORIENTED_EDGE('',*,*,#6325,.F.);
#6374 = ORIENTED_EDGE('',*,*,#6375,.F.);
#6375 = EDGE_CURVE('',#6359,#6326,#6376,.T.);
#6376 = B_SPLINE_CURVE_WITH_KNOTS('',2,(#6377,#6378,#6379),
  .UNSPECIFIED.,.F.,.F.,(3,3),(0.,1.),.PIECEWISE_BEZIER_KNOTS.);
#6377 = CARTESIAN_POINT('',(4.270623045401,-1.176632047478,10.));
#6378 = CARTESIAN_POINT('',(4.6624999,-1.239317507418,10.));
#6379 = CARTESIAN_POINT('',(4.926409395549,-1.413278931751,10.));
#6380 = SURFACE_OF_LINEAR_EXTRUSION('',#6381,#6385);
#6381 = B_SPLINE_CURVE_WITH_KNOTS('',2,(#6382,#6383,#6384),
  .UNSPECIFIED.,.F.,.F.,(3,3),(0.,1.),.PIECEWISE_BEZIER_KNOTS.);
#6382 = CARTESIAN_POINT('',(4.270623045401,-1.176632047478,10.));
#6383 = CARTESIAN_POINT('',(4.6624999,-1.239317507418,10.));
#6384 = CARTESIAN_POINT('',(4.926409395549,-1.413278931751,10.));
#6385 = VECTOR('',#6386,1.);
#6386 = DIRECTION('',(-0.,-0.,1.));
#6387 = ADVANCED_FACE('',(#6388),#6413,.F.);
#6388 = FACE_BOUND('',#6389,.F.);
#6389 = EDGE_LOOP('',(#6390,#6400,#6406,#6407));
#6390 = ORIENTED_EDGE('',*,*,#6391,.T.);
#6391 = EDGE_CURVE('',#6392,#6394,#6396,.T.);
#6392 = VERTEX_POINT('',#6393);
#6393 = CARTESIAN_POINT('',(4.270623045401,-0.772329376855,10.));
#6394 = VERTEX_POINT('',#6395);
#6395 = CARTESIAN_POINT('',(4.270623045401,-0.772329376855,9.6));
#6396 = LINE('',#6397,#6398);
#6397 = CARTESIAN_POINT('',(4.270623045401,-0.772329376855,10.));
#6398 = VECTOR('',#6399,1.);
#6399 = DIRECTION('',(0.,0.,-1.));
#6400 = ORIENTED_EDGE('',*,*,#6401,.T.);
#6401 = EDGE_CURVE('',#6394,#6361,#6402,.T.);
#6402 = LINE('',#6403,#6404);
#6403 = CARTESIAN_POINT('',(4.270623045401,-0.772329376855,9.6));
#6404 = VECTOR('',#6405,1.);
#6405 = DIRECTION('',(0.,-1.,0.));
#6406 = ORIENTED_EDGE('',*,*,#6358,.F.);
#6407 = ORIENTED_EDGE('',*,*,#6408,.F.);
#6408 = EDGE_CURVE('',#6392,#6359,#6409,.T.);
#6409 = LINE('',#6410,#6411);
#6410 = CARTESIAN_POINT('',(4.270623045401,-0.772329376855,10.));
#6411 = VECTOR('',#6412,1.);
#6412 = DIRECTION('',(0.,-1.,0.));
#6413 = PLANE('',#6414);
#6414 = AXIS2_PLACEMENT_3D('',#6415,#6416,#6417);
#6415 = CARTESIAN_POINT('',(4.270623045401,-0.772329376855,10.));
#6416 = DIRECTION('',(-1.,-0.,-0.));
#6417 = DIRECTION('',(0.,-1.,0.));
#6418 = ADVANCED_FACE('',(#6419),#6444,.F.);
#6419 = FACE_BOUND('',#6420,.F.);
#6420 = EDGE_LOOP('',(#6421,#6431,#6437,#6438));
#6421 = ORIENTED_EDGE('',*,*,#6422,.T.);
#6422 = EDGE_CURVE('',#6423,#6425,#6427,.T.);
#6423 = VERTEX_POINT('',#6424);
#6424 = CARTESIAN_POINT('',(4.230378238279,-0.670140949555,10.));
#6425 = VERTEX_POINT('',#6426);
#6426 = CARTESIAN_POINT('',(4.230378238279,-0.670140949555,9.6));
#6427 = LINE('',#6428,#6429);
#6428 = CARTESIAN_POINT('',(4.230378238279,-0.670140949555,10.));
#6429 = VECTOR('',#6430,1.);
#6430 = DIRECTION('',(0.,0.,-1.));
#6431 = ORIENTED_EDGE('',*,*,#6432,.T.);
#6432 = EDGE_CURVE('',#6425,#6394,#6433,.T.);
#6433 = B_SPLINE_CURVE_WITH_KNOTS('',2,(#6434,#6435,#6436),
  .UNSPECIFIED.,.F.,.F.,(3,3),(0.,1.),.PIECEWISE_BEZIER_KNOTS.);
#6434 = CARTESIAN_POINT('',(4.230378238279,-0.670140949555,9.6));
#6435 = CARTESIAN_POINT('',(4.270623045401,-0.710014836795,9.6));
#6436 = CARTESIAN_POINT('',(4.270623045401,-0.772329376855,9.6));
#6437 = ORIENTED_EDGE('',*,*,#6391,.F.);
#6438 = ORIENTED_EDGE('',*,*,#6439,.F.);
#6439 = EDGE_CURVE('',#6423,#6392,#6440,.T.);
#6440 = B_SPLINE_CURVE_WITH_KNOTS('',2,(#6441,#6442,#6443),
  .UNSPECIFIED.,.F.,.F.,(3,3),(0.,1.),.PIECEWISE_BEZIER_KNOTS.);
#6441 = CARTESIAN_POINT('',(4.230378238279,-0.670140949555,10.));
#6442 = CARTESIAN_POINT('',(4.270623045401,-0.710014836795,10.));
#6443 = CARTESIAN_POINT('',(4.270623045401,-0.772329376855,10.));
#6444 = SURFACE_OF_LINEAR_EXTRUSION('',#6445,#6449);
#6445 = B_SPLINE_CURVE_WITH_KNOTS('',2,(#6446,#6447,#6448),
  .UNSPECIFIED.,.F.,.F.,(3,3),(0.,1.),.PIECEWISE_BEZIER_KNOTS.);
#6446 = CARTESIAN_POINT('',(4.230378238279,-0.670140949555,10.));
#6447 = CARTESIAN_POINT('',(4.270623045401,-0.710014836795,10.));
#6448 = CARTESIAN_POINT('',(4.270623045401,-0.772329376855,10.));
#6449 = VECTOR('',#6450,1.);
#6450 = DIRECTION('',(-0.,-0.,1.));
#6451 = ADVANCED_FACE('',(#6452),#6477,.F.);
#6452 = FACE_BOUND('',#6453,.F.);
#6453 = EDGE_LOOP('',(#6454,#6464,#6470,#6471));
#6454 = ORIENTED_EDGE('',*,*,#6455,.T.);
#6455 = EDGE_CURVE('',#6456,#6458,#6460,.T.);
#6456 = VERTEX_POINT('',#6457);
#6457 = CARTESIAN_POINT('',(4.133011769436,-0.630267062315,10.));
#6458 = VERTEX_POINT('',#6459);
#6459 = CARTESIAN_POINT('',(4.133011769436,-0.630267062315,9.6));
#6460 = LINE('',#6461,#6462);
#6461 = CARTESIAN_POINT('',(4.133011769436,-0.630267062315,10.));
#6462 = VECTOR('',#6463,1.);
#6463 = DIRECTION('',(0.,0.,-1.));
#6464 = ORIENTED_EDGE('',*,*,#6465,.T.);
#6465 = EDGE_CURVE('',#6458,#6425,#6466,.T.);
#6466 = B_SPLINE_CURVE_WITH_KNOTS('',2,(#6467,#6468,#6469),
  .UNSPECIFIED.,.F.,.F.,(3,3),(0.,1.),.PIECEWISE_BEZIER_KNOTS.);
#6467 = CARTESIAN_POINT('',(4.133011769436,-0.630267062315,9.6));
#6468 = CARTESIAN_POINT('',(4.190318891098,-0.630267062315,9.6));
#6469 = CARTESIAN_POINT('',(4.230378238279,-0.670140949555,9.6));
#6470 = ORIENTED_EDGE('',*,*,#6422,.F.);
#6471 = ORIENTED_EDGE('',*,*,#6472,.F.);
#6472 = EDGE_CURVE('',#6456,#6423,#6473,.T.);
#6473 = B_SPLINE_CURVE_WITH_KNOTS('',2,(#6474,#6475,#6476),
  .UNSPECIFIED.,.F.,.F.,(3,3),(0.,1.),.PIECEWISE_BEZIER_KNOTS.);
#6474 = CARTESIAN_POINT('',(4.133011769436,-0.630267062315,10.));
#6475 = CARTESIAN_POINT('',(4.190318891098,-0.630267062315,10.));
#6476 = CARTESIAN_POINT('',(4.230378238279,-0.670140949555,10.));
#6477 = SURFACE_OF_LINEAR_EXTRUSION('',#6478,#6482);
#6478 = B_SPLINE_CURVE_WITH_KNOTS('',2,(#6479,#6480,#6481),
  .UNSPECIFIED.,.F.,.F.,(3,3),(0.,1.),.PIECEWISE_BEZIER_KNOTS.);
#6479 = CARTESIAN_POINT('',(4.133011769436,-0.630267062315,10.));
#6480 = CARTESIAN_POINT('',(4.190318891098,-0.630267062315,10.));
#6481 = CARTESIAN_POINT('',(4.230378238279,-0.670140949555,10.));
#6482 = VECTOR('',#6483,1.);
#6483 = DIRECTION('',(-0.,-0.,1.));
#6484 = ADVANCED_FACE('',(#6485),#6510,.F.);
#6485 = FACE_BOUND('',#6486,.F.);
#6486 = EDGE_LOOP('',(#6487,#6497,#6503,#6504));
#6487 = ORIENTED_EDGE('',*,*,#6488,.T.);
#6488 = EDGE_CURVE('',#6489,#6491,#6493,.T.);
#6489 = VERTEX_POINT('',#6490);
#6490 = CARTESIAN_POINT('',(3.725556279822,-0.630267062315,10.));
#6491 = VERTEX_POINT('',#6492);
#6492 = CARTESIAN_POINT('',(3.725556279822,-0.630267062315,9.6));
#6493 = LINE('',#6494,#6495);
#6494 = CARTESIAN_POINT('',(3.725556279822,-0.630267062315,10.));
#6495 = VECTOR('',#6496,1.);
#6496 = DIRECTION('',(0.,0.,-1.));
#6497 = ORIENTED_EDGE('',*,*,#6498,.T.);
#6498 = EDGE_CURVE('',#6491,#6458,#6499,.T.);
#6499 = LINE('',#6500,#6501);
#6500 = CARTESIAN_POINT('',(3.725556279822,-0.630267062315,9.6));
#6501 = VECTOR('',#6502,1.);
#6502 = DIRECTION('',(1.,0.,0.));
#6503 = ORIENTED_EDGE('',*,*,#6455,.F.);
#6504 = ORIENTED_EDGE('',*,*,#6505,.F.);
#6505 = EDGE_CURVE('',#6489,#6456,#6506,.T.);
#6506 = LINE('',#6507,#6508);
#6507 = CARTESIAN_POINT('',(3.725556279822,-0.630267062315,10.));
#6508 = VECTOR('',#6509,1.);
#6509 = DIRECTION('',(1.,0.,0.));
#6510 = PLANE('',#6511);
#6511 = AXIS2_PLACEMENT_3D('',#6512,#6513,#6514);
#6512 = CARTESIAN_POINT('',(3.725556279822,-0.630267062315,10.));
#6513 = DIRECTION('',(0.,-1.,0.));
#6514 = DIRECTION('',(1.,0.,0.));
#6515 = ADVANCED_FACE('',(#6516),#6541,.F.);
#6516 = FACE_BOUND('',#6517,.F.);
#6517 = EDGE_LOOP('',(#6518,#6528,#6534,#6535));
#6518 = ORIENTED_EDGE('',*,*,#6519,.T.);
#6519 = EDGE_CURVE('',#6520,#6522,#6524,.T.);
#6520 = VERTEX_POINT('',#6521);
#6521 = CARTESIAN_POINT('',(3.622255092878,-0.670140949555,10.));
#6522 = VERTEX_POINT('',#6523);
#6523 = CARTESIAN_POINT('',(3.622255092878,-0.670140949555,9.6));
#6524 = LINE('',#6525,#6526);
#6525 = CARTESIAN_POINT('',(3.622255092878,-0.670140949555,10.));
#6526 = VECTOR('',#6527,1.);
#6527 = DIRECTION('',(0.,0.,-1.));
#6528 = ORIENTED_EDGE('',*,*,#6529,.T.);
#6529 = EDGE_CURVE('',#6522,#6491,#6530,.T.);
#6530 = B_SPLINE_CURVE_WITH_KNOTS('',2,(#6531,#6532,#6533),
  .UNSPECIFIED.,.F.,.F.,(3,3),(0.,1.),.PIECEWISE_BEZIER_KNOTS.);
#6531 = CARTESIAN_POINT('',(3.622255092878,-0.670140949555,9.6));
#6532 = CARTESIAN_POINT('',(3.6624999,-0.630267062315,9.6));
#6533 = CARTESIAN_POINT('',(3.725556279822,-0.630267062315,9.6));
#6534 = ORIENTED_EDGE('',*,*,#6488,.F.);
#6535 = ORIENTED_EDGE('',*,*,#6536,.F.);
#6536 = EDGE_CURVE('',#6520,#6489,#6537,.T.);
#6537 = B_SPLINE_CURVE_WITH_KNOTS('',2,(#6538,#6539,#6540),
  .UNSPECIFIED.,.F.,.F.,(3,3),(0.,1.),.PIECEWISE_BEZIER_KNOTS.);
#6538 = CARTESIAN_POINT('',(3.622255092878,-0.670140949555,10.));
#6539 = CARTESIAN_POINT('',(3.6624999,-0.630267062315,10.));
#6540 = CARTESIAN_POINT('',(3.725556279822,-0.630267062315,10.));
#6541 = SURFACE_OF_LINEAR_EXTRUSION('',#6542,#6546);
#6542 = B_SPLINE_CURVE_WITH_KNOTS('',2,(#6543,#6544,#6545),
  .UNSPECIFIED.,.F.,.F.,(3,3),(0.,1.),.PIECEWISE_BEZIER_KNOTS.);
#6543 = CARTESIAN_POINT('',(3.622255092878,-0.670140949555,10.));
#6544 = CARTESIAN_POINT('',(3.6624999,-0.630267062315,10.));
#6545 = CARTESIAN_POINT('',(3.725556279822,-0.630267062315,10.));
#6546 = VECTOR('',#6547,1.);
#6547 = DIRECTION('',(-0.,-0.,1.));
#6548 = ADVANCED_FACE('',(#6549),#6574,.F.);
#6549 = FACE_BOUND('',#6550,.F.);
#6550 = EDGE_LOOP('',(#6551,#6561,#6567,#6568));
#6551 = ORIENTED_EDGE('',*,*,#6552,.T.);
#6552 = EDGE_CURVE('',#6553,#6555,#6557,.T.);
#6553 = VERTEX_POINT('',#6554);
#6554 = CARTESIAN_POINT('',(3.582195745697,-0.772329376855,10.));
#6555 = VERTEX_POINT('',#6556);
#6556 = CARTESIAN_POINT('',(3.582195745697,-0.772329376855,9.6));
#6557 = LINE('',#6558,#6559);
#6558 = CARTESIAN_POINT('',(3.582195745697,-0.772329376855,10.));
#6559 = VECTOR('',#6560,1.);
#6560 = DIRECTION('',(0.,0.,-1.));
#6561 = ORIENTED_EDGE('',*,*,#6562,.T.);
#6562 = EDGE_CURVE('',#6555,#6522,#6563,.T.);
#6563 = B_SPLINE_CURVE_WITH_KNOTS('',2,(#6564,#6565,#6566),
  .UNSPECIFIED.,.F.,.F.,(3,3),(0.,1.),.PIECEWISE_BEZIER_KNOTS.);
#6564 = CARTESIAN_POINT('',(3.582195745697,-0.772329376855,9.6));
#6565 = CARTESIAN_POINT('',(3.582195745697,-0.709829376855,9.6));
#6566 = CARTESIAN_POINT('',(3.622255092878,-0.670140949555,9.6));
#6567 = ORIENTED_EDGE('',*,*,#6519,.F.);
#6568 = ORIENTED_EDGE('',*,*,#6569,.F.);
#6569 = EDGE_CURVE('',#6553,#6520,#6570,.T.);
#6570 = B_SPLINE_CURVE_WITH_KNOTS('',2,(#6571,#6572,#6573),
  .UNSPECIFIED.,.F.,.F.,(3,3),(0.,1.),.PIECEWISE_BEZIER_KNOTS.);
#6571 = CARTESIAN_POINT('',(3.582195745697,-0.772329376855,10.));
#6572 = CARTESIAN_POINT('',(3.582195745697,-0.709829376855,10.));
#6573 = CARTESIAN_POINT('',(3.622255092878,-0.670140949555,10.));
#6574 = SURFACE_OF_LINEAR_EXTRUSION('',#6575,#6579);
#6575 = B_SPLINE_CURVE_WITH_KNOTS('',2,(#6576,#6577,#6578),
  .UNSPECIFIED.,.F.,.F.,(3,3),(0.,1.),.PIECEWISE_BEZIER_KNOTS.);
#6576 = CARTESIAN_POINT('',(3.582195745697,-0.772329376855,10.));
#6577 = CARTESIAN_POINT('',(3.582195745697,-0.709829376855,10.));
#6578 = CARTESIAN_POINT('',(3.622255092878,-0.670140949555,10.));
#6579 = VECTOR('',#6580,1.);
#6580 = DIRECTION('',(-0.,-0.,1.));
#6581 = ADVANCED_FACE('',(#6582),#6607,.F.);
#6582 = FACE_BOUND('',#6583,.F.);
#6583 = EDGE_LOOP('',(#6584,#6594,#6600,#6601));
#6584 = ORIENTED_EDGE('',*,*,#6585,.T.);
#6585 = EDGE_CURVE('',#6586,#6588,#6590,.T.);
#6586 = VERTEX_POINT('',#6587);
#6587 = CARTESIAN_POINT('',(3.582195745697,-1.165133531157,10.));
#6588 = VERTEX_POINT('',#6589);
#6589 = CARTESIAN_POINT('',(3.582195745697,-1.165133531157,9.6));
#6590 = LINE('',#6591,#6592);
#6591 = CARTESIAN_POINT('',(3.582195745697,-1.165133531157,10.));
#6592 = VECTOR('',#6593,1.);
#6593 = DIRECTION('',(0.,0.,-1.));
#6594 = ORIENTED_EDGE('',*,*,#6595,.T.);
#6595 = EDGE_CURVE('',#6588,#6555,#6596,.T.);
#6596 = LINE('',#6597,#6598);
#6597 = CARTESIAN_POINT('',(3.582195745697,-1.165133531157,9.6));
#6598 = VECTOR('',#6599,1.);
#6599 = DIRECTION('',(0.,1.,0.));
#6600 = ORIENTED_EDGE('',*,*,#6552,.F.);
#6601 = ORIENTED_EDGE('',*,*,#6602,.F.);
#6602 = EDGE_CURVE('',#6586,#6553,#6603,.T.);
#6603 = LINE('',#6604,#6605);
#6604 = CARTESIAN_POINT('',(3.582195745697,-1.165133531157,10.));
#6605 = VECTOR('',#6606,1.);
#6606 = DIRECTION('',(0.,1.,0.));
#6607 = PLANE('',#6608);
#6608 = AXIS2_PLACEMENT_3D('',#6609,#6610,#6611);
#6609 = CARTESIAN_POINT('',(3.582195745697,-1.165133531157,10.));
#6610 = DIRECTION('',(1.,-0.,0.));
#6611 = DIRECTION('',(0.,1.,0.));
#6612 = ADVANCED_FACE('',(#6613),#6638,.F.);
#6613 = FACE_BOUND('',#6614,.F.);
#6614 = EDGE_LOOP('',(#6615,#6625,#6631,#6632));
#6615 = ORIENTED_EDGE('',*,*,#6616,.T.);
#6616 = EDGE_CURVE('',#6617,#6619,#6621,.T.);
#6617 = VERTEX_POINT('',#6618);
#6618 = CARTESIAN_POINT('',(2.692729870326,-1.554228486647,10.));
#6619 = VERTEX_POINT('',#6620);
#6620 = CARTESIAN_POINT('',(2.692729870326,-1.554228486647,9.6));
#6621 = LINE('',#6622,#6623);
#6622 = CARTESIAN_POINT('',(2.692729870326,-1.554228486647,10.));
#6623 = VECTOR('',#6624,1.);
#6624 = DIRECTION('',(0.,0.,-1.));
#6625 = ORIENTED_EDGE('',*,*,#6626,.T.);
#6626 = EDGE_CURVE('',#6619,#6588,#6627,.T.);
#6627 = B_SPLINE_CURVE_WITH_KNOTS('',2,(#6628,#6629,#6630),
  .UNSPECIFIED.,.F.,.F.,(3,3),(0.,1.),.PIECEWISE_BEZIER_KNOTS.);
#6628 = CARTESIAN_POINT('',(2.692729870326,-1.554228486647,9.6));
#6629 = CARTESIAN_POINT('',(3.013946487537,-1.239502967359,9.6));
#6630 = CARTESIAN_POINT('',(3.582195745697,-1.165133531157,9.6));
#6631 = ORIENTED_EDGE('',*,*,#6585,.F.);
#6632 = ORIENTED_EDGE('',*,*,#6633,.F.);
#6633 = EDGE_CURVE('',#6617,#6586,#6634,.T.);
#6634 = B_SPLINE_CURVE_WITH_KNOTS('',2,(#6635,#6636,#6637),
  .UNSPECIFIED.,.F.,.F.,(3,3),(0.,1.),.PIECEWISE_BEZIER_KNOTS.);
#6635 = CARTESIAN_POINT('',(2.692729870326,-1.554228486647,10.));
#6636 = CARTESIAN_POINT('',(3.013946487537,-1.239502967359,10.));
#6637 = CARTESIAN_POINT('',(3.582195745697,-1.165133531157,10.));
#6638 = SURFACE_OF_LINEAR_EXTRUSION('',#6639,#6643);
#6639 = B_SPLINE_CURVE_WITH_KNOTS('',2,(#6640,#6641,#6642),
  .UNSPECIFIED.,.F.,.F.,(3,3),(0.,1.),.PIECEWISE_BEZIER_KNOTS.);
#6640 = CARTESIAN_POINT('',(2.692729870326,-1.554228486647,10.));
#6641 = CARTESIAN_POINT('',(3.013946487537,-1.239502967359,10.));
#6642 = CARTESIAN_POINT('',(3.582195745697,-1.165133531157,10.));
#6643 = VECTOR('',#6644,1.);
#6644 = DIRECTION('',(-0.,-0.,1.));
#6645 = ADVANCED_FACE('',(#6646),#6671,.F.);
#6646 = FACE_BOUND('',#6647,.F.);
#6647 = EDGE_LOOP('',(#6648,#6658,#6664,#6665));
#6648 = ORIENTED_EDGE('',*,*,#6649,.T.);
#6649 = EDGE_CURVE('',#6650,#6652,#6654,.T.);
#6650 = VERTEX_POINT('',#6651);
#6651 = CARTESIAN_POINT('',(2.371513253116,-2.320734421365,10.));
#6652 = VERTEX_POINT('',#6653);
#6653 = CARTESIAN_POINT('',(2.371513253116,-2.320734421365,9.6));
#6654 = LINE('',#6655,#6656);
#6655 = CARTESIAN_POINT('',(2.371513253116,-2.320734421365,10.));
#6656 = VECTOR('',#6657,1.);
#6657 = DIRECTION('',(0.,0.,-1.));
#6658 = ORIENTED_EDGE('',*,*,#6659,.T.);
#6659 = EDGE_CURVE('',#6652,#6619,#6660,.T.);
#6660 = B_SPLINE_CURVE_WITH_KNOTS('',2,(#6661,#6662,#6663),
  .UNSPECIFIED.,.F.,.F.,(3,3),(0.,1.),.PIECEWISE_BEZIER_KNOTS.);
#6661 = CARTESIAN_POINT('',(2.371513253116,-2.320734421365,9.6));
#6662 = CARTESIAN_POINT('',(2.371513253116,-1.868768545994,9.6));
#6663 = CARTESIAN_POINT('',(2.692729870326,-1.554228486647,9.6));
#6664 = ORIENTED_EDGE('',*,*,#6616,.F.);
#6665 = ORIENTED_EDGE('',*,*,#6666,.F.);
#6666 = EDGE_CURVE('',#6650,#6617,#6667,.T.);
#6667 = B_SPLINE_CURVE_WITH_KNOTS('',2,(#6668,#6669,#6670),
  .UNSPECIFIED.,.F.,.F.,(3,3),(0.,1.),.PIECEWISE_BEZIER_KNOTS.);
#6668 = CARTESIAN_POINT('',(2.371513253116,-2.320734421365,10.));
#6669 = CARTESIAN_POINT('',(2.371513253116,-1.868768545994,10.));
#6670 = CARTESIAN_POINT('',(2.692729870326,-1.554228486647,10.));
#6671 = SURFACE_OF_LINEAR_EXTRUSION('',#6672,#6676);
#6672 = B_SPLINE_CURVE_WITH_KNOTS('',2,(#6673,#6674,#6675),
  .UNSPECIFIED.,.F.,.F.,(3,3),(0.,1.),.PIECEWISE_BEZIER_KNOTS.);
#6673 = CARTESIAN_POINT('',(2.371513253116,-2.320734421365,10.));
#6674 = CARTESIAN_POINT('',(2.371513253116,-1.868768545994,10.));
#6675 = CARTESIAN_POINT('',(2.692729870326,-1.554228486647,10.));
#6676 = VECTOR('',#6677,1.);
#6677 = DIRECTION('',(-0.,-0.,1.));
#6678 = ADVANCED_FACE('',(#6679),#6704,.F.);
#6679 = FACE_BOUND('',#6680,.F.);
#6680 = EDGE_LOOP('',(#6681,#6691,#6697,#6698));
#6681 = ORIENTED_EDGE('',*,*,#6682,.T.);
#6682 = EDGE_CURVE('',#6683,#6685,#6687,.T.);
#6683 = VERTEX_POINT('',#6684);
#6684 = CARTESIAN_POINT('',(2.522106724926,-2.895845697329,10.));
#6685 = VERTEX_POINT('',#6686);
#6686 = CARTESIAN_POINT('',(2.522106724926,-2.895845697329,9.6));
#6687 = LINE('',#6688,#6689);
#6688 = CARTESIAN_POINT('',(2.522106724926,-2.895845697329,10.));
#6689 = VECTOR('',#6690,1.);
#6690 = DIRECTION('',(0.,0.,-1.));
#6691 = ORIENTED_EDGE('',*,*,#6692,.T.);
#6692 = EDGE_CURVE('',#6685,#6652,#6693,.T.);
#6693 = B_SPLINE_CURVE_WITH_KNOTS('',2,(#6694,#6695,#6696),
  .UNSPECIFIED.,.F.,.F.,(3,3),(0.,1.),.PIECEWISE_BEZIER_KNOTS.);
#6694 = CARTESIAN_POINT('',(2.522106724926,-2.895845697329,9.6));
#6695 = CARTESIAN_POINT('',(2.371513253116,-2.664020771513,9.6));
#6696 = CARTESIAN_POINT('',(2.371513253116,-2.320734421365,9.6));
#6697 = ORIENTED_EDGE('',*,*,#6649,.F.);
#6698 = ORIENTED_EDGE('',*,*,#6699,.F.);
#6699 = EDGE_CURVE('',#6683,#6650,#6700,.T.);
#6700 = B_SPLINE_CURVE_WITH_KNOTS('',2,(#6701,#6702,#6703),
  .UNSPECIFIED.,.F.,.F.,(3,3),(0.,1.),.PIECEWISE_BEZIER_KNOTS.);
#6701 = CARTESIAN_POINT('',(2.522106724926,-2.895845697329,10.));
#6702 = CARTESIAN_POINT('',(2.371513253116,-2.664020771513,10.));
#6703 = CARTESIAN_POINT('',(2.371513253116,-2.320734421365,10.));
#6704 = SURFACE_OF_LINEAR_EXTRUSION('',#6705,#6709);
#6705 = B_SPLINE_CURVE_WITH_KNOTS('',2,(#6706,#6707,#6708),
  .UNSPECIFIED.,.F.,.F.,(3,3),(0.,1.),.PIECEWISE_BEZIER_KNOTS.);
#6706 = CARTESIAN_POINT('',(2.522106724926,-2.895845697329,10.));
#6707 = CARTESIAN_POINT('',(2.371513253116,-2.664020771513,10.));
#6708 = CARTESIAN_POINT('',(2.371513253116,-2.320734421365,10.));
#6709 = VECTOR('',#6710,1.);
#6710 = DIRECTION('',(-0.,-0.,1.));
#6711 = ADVANCED_FACE('',(#6712),#6737,.F.);
#6712 = FACE_BOUND('',#6713,.F.);
#6713 = EDGE_LOOP('',(#6714,#6724,#6730,#6731));
#6714 = ORIENTED_EDGE('',*,*,#6715,.T.);
#6715 = EDGE_CURVE('',#6716,#6718,#6720,.T.);
#6716 = VERTEX_POINT('',#6717);
#6717 = CARTESIAN_POINT('',(2.968508802077,-3.273442136499,10.));
#6718 = VERTEX_POINT('',#6719);
#6719 = CARTESIAN_POINT('',(2.968508802077,-3.273442136499,9.6));
#6720 = LINE('',#6721,#6722);
#6721 = CARTESIAN_POINT('',(2.968508802077,-3.273442136499,10.));
#6722 = VECTOR('',#6723,1.);
#6723 = DIRECTION('',(0.,0.,-1.));
#6724 = ORIENTED_EDGE('',*,*,#6725,.T.);
#6725 = EDGE_CURVE('',#6718,#6685,#6726,.T.);
#6726 = B_SPLINE_CURVE_WITH_KNOTS('',2,(#6727,#6728,#6729),
  .UNSPECIFIED.,.F.,.F.,(3,3),(0.,1.),.PIECEWISE_BEZIER_KNOTS.);
#6727 = CARTESIAN_POINT('',(2.968508802077,-3.273442136499,9.6));
#6728 = CARTESIAN_POINT('',(2.672885656677,-3.127485163205,9.6));
#6729 = CARTESIAN_POINT('',(2.522106724926,-2.895845697329,9.6));
#6730 = ORIENTED_EDGE('',*,*,#6682,.F.);
#6731 = ORIENTED_EDGE('',*,*,#6732,.F.);
#6732 = EDGE_CURVE('',#6716,#6683,#6733,.T.);
#6733 = B_SPLINE_CURVE_WITH_KNOTS('',2,(#6734,#6735,#6736),
  .UNSPECIFIED.,.F.,.F.,(3,3),(0.,1.),.PIECEWISE_BEZIER_KNOTS.);
#6734 = CARTESIAN_POINT('',(2.968508802077,-3.273442136499,10.));
#6735 = CARTESIAN_POINT('',(2.672885656677,-3.127485163205,10.));
#6736 = CARTESIAN_POINT('',(2.522106724926,-2.895845697329,10.));
#6737 = SURFACE_OF_LINEAR_EXTRUSION('',#6738,#6742);
#6738 = B_SPLINE_CURVE_WITH_KNOTS('',2,(#6739,#6740,#6741),
  .UNSPECIFIED.,.F.,.F.,(3,3),(0.,1.),.PIECEWISE_BEZIER_KNOTS.);
#6739 = CARTESIAN_POINT('',(2.968508802077,-3.273442136499,10.));
#6740 = CARTESIAN_POINT('',(2.672885656677,-3.127485163205,10.));
#6741 = CARTESIAN_POINT('',(2.522106724926,-2.895845697329,10.));
#6742 = VECTOR('',#6743,1.);
#6743 = DIRECTION('',(-0.,-0.,1.));
#6744 = ADVANCED_FACE('',(#6745),#6770,.F.);
#6745 = FACE_BOUND('',#6746,.F.);
#6746 = EDGE_LOOP('',(#6747,#6757,#6763,#6764));
#6747 = ORIENTED_EDGE('',*,*,#6748,.T.);
#6748 = EDGE_CURVE('',#6749,#6751,#6753,.T.);
#6749 = VERTEX_POINT('',#6750);
#6750 = CARTESIAN_POINT('',(3.690504351039,-3.510830860534,10.));
#6751 = VERTEX_POINT('',#6752);
#6752 = CARTESIAN_POINT('',(3.690504351039,-3.510830860534,9.6));
#6753 = LINE('',#6754,#6755);
#6754 = CARTESIAN_POINT('',(3.690504351039,-3.510830860534,10.));
#6755 = VECTOR('',#6756,1.);
#6756 = DIRECTION('',(0.,0.,-1.));
#6757 = ORIENTED_EDGE('',*,*,#6758,.T.);
#6758 = EDGE_CURVE('',#6751,#6718,#6759,.T.);
#6759 = B_SPLINE_CURVE_WITH_KNOTS('',2,(#6760,#6761,#6762),
  .UNSPECIFIED.,.F.,.F.,(3,3),(0.,1.),.PIECEWISE_BEZIER_KNOTS.);
#6760 = CARTESIAN_POINT('',(3.690504351039,-3.510830860534,9.6));
#6761 = CARTESIAN_POINT('',(3.264131947478,-3.419213649852,9.6));
#6762 = CARTESIAN_POINT('',(2.968508802077,-3.273442136499,9.6));
#6763 = ORIENTED_EDGE('',*,*,#6715,.F.);
#6764 = ORIENTED_EDGE('',*,*,#6765,.F.);
#6765 = EDGE_CURVE('',#6749,#6716,#6766,.T.);
#6766 = B_SPLINE_CURVE_WITH_KNOTS('',2,(#6767,#6768,#6769),
  .UNSPECIFIED.,.F.,.F.,(3,3),(0.,1.),.PIECEWISE_BEZIER_KNOTS.);
#6767 = CARTESIAN_POINT('',(3.690504351039,-3.510830860534,10.));
#6768 = CARTESIAN_POINT('',(3.264131947478,-3.419213649852,10.));
#6769 = CARTESIAN_POINT('',(2.968508802077,-3.273442136499,10.));
#6770 = SURFACE_OF_LINEAR_EXTRUSION('',#6771,#6775);
#6771 = B_SPLINE_CURVE_WITH_KNOTS('',2,(#6772,#6773,#6774),
  .UNSPECIFIED.,.F.,.F.,(3,3),(0.,1.),.PIECEWISE_BEZIER_KNOTS.);
#6772 = CARTESIAN_POINT('',(3.690504351039,-3.510830860534,10.));
#6773 = CARTESIAN_POINT('',(3.264131947478,-3.419213649852,10.));
#6774 = CARTESIAN_POINT('',(2.968508802077,-3.273442136499,10.));
#6775 = VECTOR('',#6776,1.);
#6776 = DIRECTION('',(-0.,-0.,1.));
#6777 = ADVANCED_FACE('',(#6778),#6803,.F.);
#6778 = FACE_BOUND('',#6779,.F.);
#6779 = EDGE_LOOP('',(#6780,#6790,#6796,#6797));
#6780 = ORIENTED_EDGE('',*,*,#6781,.T.);
#6781 = EDGE_CURVE('',#6782,#6784,#6786,.T.);
#6782 = VERTEX_POINT('',#6783);
#6783 = CARTESIAN_POINT('',(4.26190642819,-3.671068249258,10.));
#6784 = VERTEX_POINT('',#6785);
#6785 = CARTESIAN_POINT('',(4.26190642819,-3.671068249258,9.6));
#6786 = LINE('',#6787,#6788);
#6787 = CARTESIAN_POINT('',(4.26190642819,-3.671068249258,10.));
#6788 = VECTOR('',#6789,1.);
#6789 = DIRECTION('',(0.,0.,-1.));
#6790 = ORIENTED_EDGE('',*,*,#6791,.T.);
#6791 = EDGE_CURVE('',#6784,#6751,#6792,.T.);
#6792 = B_SPLINE_CURVE_WITH_KNOTS('',2,(#6793,#6794,#6795),
  .UNSPECIFIED.,.F.,.F.,(3,3),(0.,1.),.PIECEWISE_BEZIER_KNOTS.);
#6793 = CARTESIAN_POINT('',(4.26190642819,-3.671068249258,9.6));
#6794 = CARTESIAN_POINT('',(4.04881295638,-3.596698813056,9.6));
#6795 = CARTESIAN_POINT('',(3.690504351039,-3.510830860534,9.6));
#6796 = ORIENTED_EDGE('',*,*,#6748,.F.);
#6797 = ORIENTED_EDGE('',*,*,#6798,.F.);
#6798 = EDGE_CURVE('',#6782,#6749,#6799,.T.);
#6799 = B_SPLINE_CURVE_WITH_KNOTS('',2,(#6800,#6801,#6802),
  .UNSPECIFIED.,.F.,.F.,(3,3),(0.,1.),.PIECEWISE_BEZIER_KNOTS.);
#6800 = CARTESIAN_POINT('',(4.26190642819,-3.671068249258,10.));
#6801 = CARTESIAN_POINT('',(4.04881295638,-3.596698813056,10.));
#6802 = CARTESIAN_POINT('',(3.690504351039,-3.510830860534,10.));
#6803 = SURFACE_OF_LINEAR_EXTRUSION('',#6804,#6808);
#6804 = B_SPLINE_CURVE_WITH_KNOTS('',2,(#6805,#6806,#6807),
  .UNSPECIFIED.,.F.,.F.,(3,3),(0.,1.),.PIECEWISE_BEZIER_KNOTS.);
#6805 = CARTESIAN_POINT('',(4.26190642819,-3.671068249258,10.));
#6806 = CARTESIAN_POINT('',(4.04881295638,-3.596698813056,10.));
#6807 = CARTESIAN_POINT('',(3.690504351039,-3.510830860534,10.));
#6808 = VECTOR('',#6809,1.);
#6809 = DIRECTION('',(-0.,-0.,1.));
#6810 = ADVANCED_FACE('',(#6811),#6836,.F.);
#6811 = FACE_BOUND('',#6812,.F.);
#6812 = EDGE_LOOP('',(#6813,#6823,#6829,#6830));
#6813 = ORIENTED_EDGE('',*,*,#6814,.T.);
#6814 = EDGE_CURVE('',#6815,#6817,#6819,.T.);
#6815 = VERTEX_POINT('',#6816);
#6816 = CARTESIAN_POINT('',(4.574591888131,-3.836869436202,10.));
#6817 = VERTEX_POINT('',#6818);
#6818 = CARTESIAN_POINT('',(4.574591888131,-3.836869436202,9.6));
#6819 = LINE('',#6820,#6821);
#6820 = CARTESIAN_POINT('',(4.574591888131,-3.836869436202,10.));
#6821 = VECTOR('',#6822,1.);
#6822 = DIRECTION('',(0.,0.,-1.));
#6823 = ORIENTED_EDGE('',*,*,#6824,.T.);
#6824 = EDGE_CURVE('',#6817,#6784,#6825,.T.);
#6825 = B_SPLINE_CURVE_WITH_KNOTS('',2,(#6826,#6827,#6828),
  .UNSPECIFIED.,.F.,.F.,(3,3),(0.,1.),.PIECEWISE_BEZIER_KNOTS.);
#6826 = CARTESIAN_POINT('',(4.574591888131,-3.836869436202,9.6));
#6827 = CARTESIAN_POINT('',(4.475185359941,-3.745252225519,9.6));
#6828 = CARTESIAN_POINT('',(4.26190642819,-3.671068249258,9.6));
#6829 = ORIENTED_EDGE('',*,*,#6781,.F.);
#6830 = ORIENTED_EDGE('',*,*,#6831,.F.);
#6831 = EDGE_CURVE('',#6815,#6782,#6832,.T.);
#6832 = B_SPLINE_CURVE_WITH_KNOTS('',2,(#6833,#6834,#6835),
  .UNSPECIFIED.,.F.,.F.,(3,3),(0.,1.),.PIECEWISE_BEZIER_KNOTS.);
#6833 = CARTESIAN_POINT('',(4.574591888131,-3.836869436202,10.));
#6834 = CARTESIAN_POINT('',(4.475185359941,-3.745252225519,10.));
#6835 = CARTESIAN_POINT('',(4.26190642819,-3.671068249258,10.));
#6836 = SURFACE_OF_LINEAR_EXTRUSION('',#6837,#6841);
#6837 = B_SPLINE_CURVE_WITH_KNOTS('',2,(#6838,#6839,#6840),
  .UNSPECIFIED.,.F.,.F.,(3,3),(0.,1.),.PIECEWISE_BEZIER_KNOTS.);
#6838 = CARTESIAN_POINT('',(4.574591888131,-3.836869436202,10.));
#6839 = CARTESIAN_POINT('',(4.475185359941,-3.745252225519,10.));
#6840 = CARTESIAN_POINT('',(4.26190642819,-3.671068249258,10.));
#6841 = VECTOR('',#6842,1.);
#6842 = DIRECTION('',(-0.,-0.,1.));
#6843 = ADVANCED_FACE('',(#6844),#6869,.F.);
#6844 = FACE_BOUND('',#6845,.F.);
#6845 = EDGE_LOOP('',(#6846,#6856,#6862,#6863));
#6846 = ORIENTED_EDGE('',*,*,#6847,.T.);
#6847 = EDGE_CURVE('',#6848,#6850,#6852,.T.);
#6848 = VERTEX_POINT('',#6849);
#6849 = CARTESIAN_POINT('',(4.674183876261,-4.077225519288,10.));
#6850 = VERTEX_POINT('',#6851);
#6851 = CARTESIAN_POINT('',(4.674183876261,-4.077225519288,9.6));
#6852 = LINE('',#6853,#6854);
#6853 = CARTESIAN_POINT('',(4.674183876261,-4.077225519288,10.));
#6854 = VECTOR('',#6855,1.);
#6855 = DIRECTION('',(0.,0.,-1.));
#6856 = ORIENTED_EDGE('',*,*,#6857,.T.);
#6857 = EDGE_CURVE('',#6850,#6817,#6858,.T.);
#6858 = B_SPLINE_CURVE_WITH_KNOTS('',2,(#6859,#6860,#6861),
  .UNSPECIFIED.,.F.,.F.,(3,3),(0.,1.),.PIECEWISE_BEZIER_KNOTS.);
#6859 = CARTESIAN_POINT('',(4.674183876261,-4.077225519288,9.6));
#6860 = CARTESIAN_POINT('',(4.674183876261,-3.928301186944,9.6));
#6861 = CARTESIAN_POINT('',(4.574591888131,-3.836869436202,9.6));
#6862 = ORIENTED_EDGE('',*,*,#6814,.F.);
#6863 = ORIENTED_EDGE('',*,*,#6864,.F.);
#6864 = EDGE_CURVE('',#6848,#6815,#6865,.T.);
#6865 = B_SPLINE_CURVE_WITH_KNOTS('',2,(#6866,#6867,#6868),
  .UNSPECIFIED.,.F.,.F.,(3,3),(0.,1.),.PIECEWISE_BEZIER_KNOTS.);
#6866 = CARTESIAN_POINT('',(4.674183876261,-4.077225519288,10.));
#6867 = CARTESIAN_POINT('',(4.674183876261,-3.928301186944,10.));
#6868 = CARTESIAN_POINT('',(4.574591888131,-3.836869436202,10.));
#6869 = SURFACE_OF_LINEAR_EXTRUSION('',#6870,#6874);
#6870 = B_SPLINE_CURVE_WITH_KNOTS('',2,(#6871,#6872,#6873),
  .UNSPECIFIED.,.F.,.F.,(3,3),(0.,1.),.PIECEWISE_BEZIER_KNOTS.);
#6871 = CARTESIAN_POINT('',(4.674183876261,-4.077225519288,10.));
#6872 = CARTESIAN_POINT('',(4.674183876261,-3.928301186944,10.));
#6873 = CARTESIAN_POINT('',(4.574591888131,-3.836869436202,10.));
#6874 = VECTOR('',#6875,1.);
#6875 = DIRECTION('',(-0.,-0.,1.));
#6876 = ADVANCED_FACE('',(#6877),#6902,.F.);
#6877 = FACE_BOUND('',#6878,.F.);
#6878 = EDGE_LOOP('',(#6879,#6889,#6895,#6896));
#6879 = ORIENTED_EDGE('',*,*,#6880,.T.);
#6880 = EDGE_CURVE('',#6881,#6883,#6885,.T.);
#6881 = VERTEX_POINT('',#6882);
#6882 = CARTESIAN_POINT('',(4.489836695252,-4.403449554896,10.));
#6883 = VERTEX_POINT('',#6884);
#6884 = CARTESIAN_POINT('',(4.489836695252,-4.403449554896,9.6));
#6885 = LINE('',#6886,#6887);
#6886 = CARTESIAN_POINT('',(4.489836695252,-4.403449554896,10.));
#6887 = VECTOR('',#6888,1.);
#6888 = DIRECTION('',(0.,0.,-1.));
#6889 = ORIENTED_EDGE('',*,*,#6890,.T.);
#6890 = EDGE_CURVE('',#6883,#6850,#6891,.T.);
#6891 = B_SPLINE_CURVE_WITH_KNOTS('',2,(#6892,#6893,#6894),
  .UNSPECIFIED.,.F.,.F.,(3,3),(0.,1.),.PIECEWISE_BEZIER_KNOTS.);
#6892 = CARTESIAN_POINT('',(4.489836695252,-4.403449554896,9.6));
#6893 = CARTESIAN_POINT('',(4.674183876261,-4.283271513353,9.6));
#6894 = CARTESIAN_POINT('',(4.674183876261,-4.077225519288,9.6));
#6895 = ORIENTED_EDGE('',*,*,#6847,.F.);
#6896 = ORIENTED_EDGE('',*,*,#6897,.F.);
#6897 = EDGE_CURVE('',#6881,#6848,#6898,.T.);
#6898 = B_SPLINE_CURVE_WITH_KNOTS('',2,(#6899,#6900,#6901),
  .UNSPECIFIED.,.F.,.F.,(3,3),(0.,1.),.PIECEWISE_BEZIER_KNOTS.);
#6899 = CARTESIAN_POINT('',(4.489836695252,-4.403449554896,10.));
#6900 = CARTESIAN_POINT('',(4.674183876261,-4.283271513353,10.));
#6901 = CARTESIAN_POINT('',(4.674183876261,-4.077225519288,10.));
#6902 = SURFACE_OF_LINEAR_EXTRUSION('',#6903,#6907);
#6903 = B_SPLINE_CURVE_WITH_KNOTS('',2,(#6904,#6905,#6906),
  .UNSPECIFIED.,.F.,.F.,(3,3),(0.,1.),.PIECEWISE_BEZIER_KNOTS.);
#6904 = CARTESIAN_POINT('',(4.489836695252,-4.403449554896,10.));
#6905 = CARTESIAN_POINT('',(4.674183876261,-4.283271513353,10.));
#6906 = CARTESIAN_POINT('',(4.674183876261,-4.077225519288,10.));
#6907 = VECTOR('',#6908,1.);
#6908 = DIRECTION('',(-0.,-0.,1.));
#6909 = ADVANCED_FACE('',(#6910),#6935,.F.);
#6910 = FACE_BOUND('',#6911,.F.);
#6911 = EDGE_LOOP('',(#6912,#6922,#6928,#6929));
#6912 = ORIENTED_EDGE('',*,*,#6913,.T.);
#6913 = EDGE_CURVE('',#6914,#6916,#6918,.T.);
#6914 = VERTEX_POINT('',#6915);
#6915 = CARTESIAN_POINT('',(3.937166072107,-4.523442136499,10.));
#6916 = VERTEX_POINT('',#6917);
#6917 = CARTESIAN_POINT('',(3.937166072107,-4.523442136499,9.6));
#6918 = LINE('',#6919,#6920);
#6919 = CARTESIAN_POINT('',(3.937166072107,-4.523442136499,10.));
#6920 = VECTOR('',#6921,1.);
#6921 = DIRECTION('',(0.,0.,-1.));
#6922 = ORIENTED_EDGE('',*,*,#6923,.T.);
#6923 = EDGE_CURVE('',#6916,#6883,#6924,.T.);
#6924 = B_SPLINE_CURVE_WITH_KNOTS('',2,(#6925,#6926,#6927),
  .UNSPECIFIED.,.F.,.F.,(3,3),(0.,1.),.PIECEWISE_BEZIER_KNOTS.);
#6925 = CARTESIAN_POINT('',(3.937166072107,-4.523442136499,9.6));
#6926 = CARTESIAN_POINT('',(4.305674974184,-4.523442136499,9.6));
#6927 = CARTESIAN_POINT('',(4.489836695252,-4.403449554896,9.6));
#6928 = ORIENTED_EDGE('',*,*,#6880,.F.);
#6929 = ORIENTED_EDGE('',*,*,#6930,.F.);
#6930 = EDGE_CURVE('',#6914,#6881,#6931,.T.);
#6931 = B_SPLINE_CURVE_WITH_KNOTS('',2,(#6932,#6933,#6934),
  .UNSPECIFIED.,.F.,.F.,(3,3),(0.,1.),.PIECEWISE_BEZIER_KNOTS.);
#6932 = CARTESIAN_POINT('',(3.937166072107,-4.523442136499,10.));
#6933 = CARTESIAN_POINT('',(4.305674974184,-4.523442136499,10.));
#6934 = CARTESIAN_POINT('',(4.489836695252,-4.403449554896,10.));
#6935 = SURFACE_OF_LINEAR_EXTRUSION('',#6936,#6940);
#6936 = B_SPLINE_CURVE_WITH_KNOTS('',2,(#6937,#6938,#6939),
  .UNSPECIFIED.,.F.,.F.,(3,3),(0.,1.),.PIECEWISE_BEZIER_KNOTS.);
#6937 = CARTESIAN_POINT('',(3.937166072107,-4.523442136499,10.));
#6938 = CARTESIAN_POINT('',(4.305674974184,-4.523442136499,10.));
#6939 = CARTESIAN_POINT('',(4.489836695252,-4.403449554896,10.));
#6940 = VECTOR('',#6941,1.);
#6941 = DIRECTION('',(-0.,-0.,1.));
#6942 = ADVANCED_FACE('',(#6943),#6968,.F.);
#6943 = FACE_BOUND('',#6944,.F.);
#6944 = EDGE_LOOP('',(#6945,#6955,#6961,#6962));
#6945 = ORIENTED_EDGE('',*,*,#6946,.T.);
#6946 = EDGE_CURVE('',#6947,#6949,#6951,.T.);
#6947 = VERTEX_POINT('',#6948);
#6948 = CARTESIAN_POINT('',(3.55734411365,-4.463353115727,10.));
#6949 = VERTEX_POINT('',#6950);
#6950 = CARTESIAN_POINT('',(3.55734411365,-4.463353115727,9.6));
#6951 = LINE('',#6952,#6953);
#6952 = CARTESIAN_POINT('',(3.55734411365,-4.463353115727,10.));
#6953 = VECTOR('',#6954,1.);
#6954 = DIRECTION('',(0.,0.,-1.));
#6955 = ORIENTED_EDGE('',*,*,#6956,.T.);
#6956 = EDGE_CURVE('',#6949,#6916,#6957,.T.);
#6957 = B_SPLINE_CURVE_WITH_KNOTS('',2,(#6958,#6959,#6960),
  .UNSPECIFIED.,.F.,.F.,(3,3),(0.,1.),.PIECEWISE_BEZIER_KNOTS.);
#6958 = CARTESIAN_POINT('',(3.55734411365,-4.463353115727,9.6));
#6959 = CARTESIAN_POINT('',(3.710348564688,-4.523442136499,9.6));
#6960 = CARTESIAN_POINT('',(3.937166072107,-4.523442136499,9.6));
#6961 = ORIENTED_EDGE('',*,*,#6913,.F.);
#6962 = ORIENTED_EDGE('',*,*,#6963,.F.);
#6963 = EDGE_CURVE('',#6947,#6914,#6964,.T.);
#6964 = B_SPLINE_CURVE_WITH_KNOTS('',2,(#6965,#6966,#6967),
  .UNSPECIFIED.,.F.,.F.,(3,3),(0.,1.),.PIECEWISE_BEZIER_KNOTS.);
#6965 = CARTESIAN_POINT('',(3.55734411365,-4.463353115727,10.));
#6966 = CARTESIAN_POINT('',(3.710348564688,-4.523442136499,10.));
#6967 = CARTESIAN_POINT('',(3.937166072107,-4.523442136499,10.));
#6968 = SURFACE_OF_LINEAR_EXTRUSION('',#6969,#6973);
#6969 = B_SPLINE_CURVE_WITH_KNOTS('',2,(#6970,#6971,#6972),
  .UNSPECIFIED.,.F.,.F.,(3,3),(0.,1.),.PIECEWISE_BEZIER_KNOTS.);
#6970 = CARTESIAN_POINT('',(3.55734411365,-4.463353115727,10.));
#6971 = CARTESIAN_POINT('',(3.710348564688,-4.523442136499,10.));
#6972 = CARTESIAN_POINT('',(3.937166072107,-4.523442136499,10.));
#6973 = VECTOR('',#6974,1.);
#6974 = DIRECTION('',(-0.,-0.,1.));
#6975 = ADVANCED_FACE('',(#6976),#7001,.F.);
#6976 = FACE_BOUND('',#6977,.F.);
#6977 = EDGE_LOOP('',(#6978,#6988,#6994,#6995));
#6978 = ORIENTED_EDGE('',*,*,#6979,.T.);
#6979 = EDGE_CURVE('',#6980,#6982,#6984,.T.);
#6980 = VERTEX_POINT('',#6981);
#6981 = CARTESIAN_POINT('',(3.316431650742,-4.311461424332,10.));
#6982 = VERTEX_POINT('',#6983);
#6983 = CARTESIAN_POINT('',(3.316431650742,-4.311461424332,9.6));
#6984 = LINE('',#6985,#6986);
#6985 = CARTESIAN_POINT('',(3.316431650742,-4.311461424332,10.));
#6986 = VECTOR('',#6987,1.);
#6987 = DIRECTION('',(0.,0.,-1.));
#6988 = ORIENTED_EDGE('',*,*,#6989,.T.);
#6989 = EDGE_CURVE('',#6982,#6949,#6990,.T.);
#6990 = B_SPLINE_CURVE_WITH_KNOTS('',2,(#6991,#6992,#6993),
  .UNSPECIFIED.,.F.,.F.,(3,3),(0.,1.),.PIECEWISE_BEZIER_KNOTS.);
#6991 = CARTESIAN_POINT('',(3.316431650742,-4.311461424332,9.6));
#6992 = CARTESIAN_POINT('',(3.404339662611,-4.403078635015,9.6));
#6993 = CARTESIAN_POINT('',(3.55734411365,-4.463353115727,9.6));
#6994 = ORIENTED_EDGE('',*,*,#6946,.F.);
#6995 = ORIENTED_EDGE('',*,*,#6996,.F.);
#6996 = EDGE_CURVE('',#6980,#6947,#6997,.T.);
#6997 = B_SPLINE_CURVE_WITH_KNOTS('',2,(#6998,#6999,#7000),
  .UNSPECIFIED.,.F.,.F.,(3,3),(0.,1.),.PIECEWISE_BEZIER_KNOTS.);
#6998 = CARTESIAN_POINT('',(3.316431650742,-4.311461424332,10.));
#6999 = CARTESIAN_POINT('',(3.404339662611,-4.403078635015,10.));
#7000 = CARTESIAN_POINT('',(3.55734411365,-4.463353115727,10.));
#7001 = SURFACE_OF_LINEAR_EXTRUSION('',#7002,#7006);
#7002 = B_SPLINE_CURVE_WITH_KNOTS('',2,(#7003,#7004,#7005),
  .UNSPECIFIED.,.F.,.F.,(3,3),(0.,1.),.PIECEWISE_BEZIER_KNOTS.);
#7003 = CARTESIAN_POINT('',(3.316431650742,-4.311461424332,10.));
#7004 = CARTESIAN_POINT('',(3.404339662611,-4.403078635015,10.));
#7005 = CARTESIAN_POINT('',(3.55734411365,-4.463353115727,10.));
#7006 = VECTOR('',#7007,1.);
#7007 = DIRECTION('',(-0.,-0.,1.));
#7008 = ADVANCED_FACE('',(#7009),#7034,.F.);
#7009 = FACE_BOUND('',#7010,.F.);
#7010 = EDGE_LOOP('',(#7011,#7021,#7027,#7028));
#7011 = ORIENTED_EDGE('',*,*,#7012,.T.);
#7012 = EDGE_CURVE('',#7013,#7015,#7017,.T.);
#7013 = VERTEX_POINT('',#7014);
#7014 = CARTESIAN_POINT('',(3.189020671513,-4.122292284866,10.));
#7015 = VERTEX_POINT('',#7016);
#7016 = CARTESIAN_POINT('',(3.189020671513,-4.122292284866,9.6));
#7017 = LINE('',#7018,#7019);
#7018 = CARTESIAN_POINT('',(3.189020671513,-4.122292284866,10.));
#7019 = VECTOR('',#7020,1.);
#7020 = DIRECTION('',(0.,0.,-1.));
#7021 = ORIENTED_EDGE('',*,*,#7022,.T.);
#7022 = EDGE_CURVE('',#7015,#6982,#7023,.T.);
#7023 = B_SPLINE_CURVE_WITH_KNOTS('',2,(#7024,#7025,#7026),
  .UNSPECIFIED.,.F.,.F.,(3,3),(0.,1.),.PIECEWISE_BEZIER_KNOTS.);
#7024 = CARTESIAN_POINT('',(3.189020671513,-4.122292284866,9.6));
#7025 = CARTESIAN_POINT('',(3.228709098813,-4.21984421365,9.6));
#7026 = CARTESIAN_POINT('',(3.316431650742,-4.311461424332,9.6));
#7027 = ORIENTED_EDGE('',*,*,#6979,.F.);
#7028 = ORIENTED_EDGE('',*,*,#7029,.F.);
#7029 = EDGE_CURVE('',#7013,#6980,#7030,.T.);
#7030 = B_SPLINE_CURVE_WITH_KNOTS('',2,(#7031,#7032,#7033),
  .UNSPECIFIED.,.F.,.F.,(3,3),(0.,1.),.PIECEWISE_BEZIER_KNOTS.);
#7031 = CARTESIAN_POINT('',(3.189020671513,-4.122292284866,10.));
#7032 = CARTESIAN_POINT('',(3.228709098813,-4.21984421365,10.));
#7033 = CARTESIAN_POINT('',(3.316431650742,-4.311461424332,10.));
#7034 = SURFACE_OF_LINEAR_EXTRUSION('',#7035,#7039);
#7035 = B_SPLINE_CURVE_WITH_KNOTS('',2,(#7036,#7037,#7038),
  .UNSPECIFIED.,.F.,.F.,(3,3),(0.,1.),.PIECEWISE_BEZIER_KNOTS.);
#7036 = CARTESIAN_POINT('',(3.189020671513,-4.122292284866,10.));
#7037 = CARTESIAN_POINT('',(3.228709098813,-4.21984421365,10.));
#7038 = CARTESIAN_POINT('',(3.316431650742,-4.311461424332,10.));
#7039 = VECTOR('',#7040,1.);
#7040 = DIRECTION('',(-0.,-0.,1.));
#7041 = ADVANCED_FACE('',(#7042),#7067,.F.);
#7042 = FACE_BOUND('',#7043,.F.);
#7043 = EDGE_LOOP('',(#7044,#7054,#7060,#7061));
#7044 = ORIENTED_EDGE('',*,*,#7045,.T.);
#7045 = EDGE_CURVE('',#7046,#7048,#7050,.T.);
#7046 = VERTEX_POINT('',#7047);
#7047 = CARTESIAN_POINT('',(3.115393075074,-4.044955489614,10.));
#7048 = VERTEX_POINT('',#7049);
#7049 = CARTESIAN_POINT('',(3.115393075074,-4.044955489614,9.6));
#7050 = LINE('',#7051,#7052);
#7051 = CARTESIAN_POINT('',(3.115393075074,-4.044955489614,10.));
#7052 = VECTOR('',#7053,1.);
#7053 = DIRECTION('',(0.,0.,-1.));
#7054 = ORIENTED_EDGE('',*,*,#7055,.T.);
#7055 = EDGE_CURVE('',#7048,#7015,#7056,.T.);
#7056 = B_SPLINE_CURVE_WITH_KNOTS('',2,(#7057,#7058,#7059),
  .UNSPECIFIED.,.F.,.F.,(3,3),(0.,1.),.PIECEWISE_BEZIER_KNOTS.);
#7057 = CARTESIAN_POINT('',(3.115393075074,-4.044955489614,9.6));
#7058 = CARTESIAN_POINT('',(3.155081502374,-4.076483679525,9.6));
#7059 = CARTESIAN_POINT('',(3.189020671513,-4.122292284866,9.6));
#7060 = ORIENTED_EDGE('',*,*,#7012,.F.);
#7061 = ORIENTED_EDGE('',*,*,#7062,.F.);
#7062 = EDGE_CURVE('',#7046,#7013,#7063,.T.);
#7063 = B_SPLINE_CURVE_WITH_KNOTS('',2,(#7064,#7065,#7066),
  .UNSPECIFIED.,.F.,.F.,(3,3),(0.,1.),.PIECEWISE_BEZIER_KNOTS.);
#7064 = CARTESIAN_POINT('',(3.115393075074,-4.044955489614,10.));
#7065 = CARTESIAN_POINT('',(3.155081502374,-4.076483679525,10.));
#7066 = CARTESIAN_POINT('',(3.189020671513,-4.122292284866,10.));
#7067 = SURFACE_OF_LINEAR_EXTRUSION('',#7068,#7072);
#7068 = B_SPLINE_CURVE_WITH_KNOTS('',2,(#7069,#7070,#7071),
  .UNSPECIFIED.,.F.,.F.,(3,3),(0.,1.),.PIECEWISE_BEZIER_KNOTS.);
#7069 = CARTESIAN_POINT('',(3.115393075074,-4.044955489614,10.));
#7070 = CARTESIAN_POINT('',(3.155081502374,-4.076483679525,10.));
#7071 = CARTESIAN_POINT('',(3.189020671513,-4.122292284866,10.));
#7072 = VECTOR('',#7073,1.);
#7073 = DIRECTION('',(-0.,-0.,1.));
#7074 = ADVANCED_FACE('',(#7075),#7100,.F.);
#7075 = FACE_BOUND('',#7076,.F.);
#7076 = EDGE_LOOP('',(#7077,#7087,#7093,#7094));
#7077 = ORIENTED_EDGE('',*,*,#7078,.T.);
#7078 = EDGE_CURVE('',#7079,#7081,#7083,.T.);
#7079 = VERTEX_POINT('',#7080);
#7080 = CARTESIAN_POINT('',(3.001891591395,-4.013427299703,10.));
#7081 = VERTEX_POINT('',#7082);
#7082 = CARTESIAN_POINT('',(3.001891591395,-4.013427299703,9.6));
#7083 = LINE('',#7084,#7085);
#7084 = CARTESIAN_POINT('',(3.001891591395,-4.013427299703,10.));
#7085 = VECTOR('',#7086,1.);
#7086 = DIRECTION('',(0.,0.,-1.));
#7087 = ORIENTED_EDGE('',*,*,#7088,.T.);
#7088 = EDGE_CURVE('',#7081,#7048,#7089,.T.);
#7089 = B_SPLINE_CURVE_WITH_KNOTS('',2,(#7090,#7091,#7092),
  .UNSPECIFIED.,.F.,.F.,(3,3),(0.,1.),.PIECEWISE_BEZIER_KNOTS.);
#7090 = CARTESIAN_POINT('',(3.001891591395,-4.013427299703,9.6));
#7091 = CARTESIAN_POINT('',(3.075704647774,-4.013427299703,9.6));
#7092 = CARTESIAN_POINT('',(3.115393075074,-4.044955489614,9.6));
#7093 = ORIENTED_EDGE('',*,*,#7045,.F.);
#7094 = ORIENTED_EDGE('',*,*,#7095,.F.);
#7095 = EDGE_CURVE('',#7079,#7046,#7096,.T.);
#7096 = B_SPLINE_CURVE_WITH_KNOTS('',2,(#7097,#7098,#7099),
  .UNSPECIFIED.,.F.,.F.,(3,3),(0.,1.),.PIECEWISE_BEZIER_KNOTS.);
#7097 = CARTESIAN_POINT('',(3.001891591395,-4.013427299703,10.));
#7098 = CARTESIAN_POINT('',(3.075704647774,-4.013427299703,10.));
#7099 = CARTESIAN_POINT('',(3.115393075074,-4.044955489614,10.));
#7100 = SURFACE_OF_LINEAR_EXTRUSION('',#7101,#7105);
#7101 = B_SPLINE_CURVE_WITH_KNOTS('',2,(#7102,#7103,#7104),
  .UNSPECIFIED.,.F.,.F.,(3,3),(0.,1.),.PIECEWISE_BEZIER_KNOTS.);
#7102 = CARTESIAN_POINT('',(3.001891591395,-4.013427299703,10.));
#7103 = CARTESIAN_POINT('',(3.075704647774,-4.013427299703,10.));
#7104 = CARTESIAN_POINT('',(3.115393075074,-4.044955489614,10.));
#7105 = VECTOR('',#7106,1.);
#7106 = DIRECTION('',(-0.,-0.,1.));
#7107 = ADVANCED_FACE('',(#7108),#7133,.F.);
#7108 = FACE_BOUND('',#7109,.F.);
#7109 = EDGE_LOOP('',(#7110,#7120,#7126,#7127));
#7110 = ORIENTED_EDGE('',*,*,#7111,.T.);
#7111 = EDGE_CURVE('',#7112,#7114,#7116,.T.);
#7112 = VERTEX_POINT('',#7113);
#7113 = CARTESIAN_POINT('',(2.39543758546,-4.013427299703,10.));
#7114 = VERTEX_POINT('',#7115);
#7115 = CARTESIAN_POINT('',(2.39543758546,-4.013427299703,9.6));
#7116 = LINE('',#7117,#7118);
#7117 = CARTESIAN_POINT('',(2.39543758546,-4.013427299703,10.));
#7118 = VECTOR('',#7119,1.);
#7119 = DIRECTION('',(0.,0.,-1.));
#7120 = ORIENTED_EDGE('',*,*,#7121,.T.);
#7121 = EDGE_CURVE('',#7114,#7081,#7122,.T.);
#7122 = LINE('',#7123,#7124);
#7123 = CARTESIAN_POINT('',(2.39543758546,-4.013427299703,9.6));
#7124 = VECTOR('',#7125,1.);
#7125 = DIRECTION('',(1.,0.,0.));
#7126 = ORIENTED_EDGE('',*,*,#7078,.F.);
#7127 = ORIENTED_EDGE('',*,*,#7128,.F.);
#7128 = EDGE_CURVE('',#7112,#7079,#7129,.T.);
#7129 = LINE('',#7130,#7131);
#7130 = CARTESIAN_POINT('',(2.39543758546,-4.013427299703,10.));
#7131 = VECTOR('',#7132,1.);
#7132 = DIRECTION('',(1.,0.,0.));
#7133 = PLANE('',#7134);
#7134 = AXIS2_PLACEMENT_3D('',#7135,#7136,#7137);
#7135 = CARTESIAN_POINT('',(2.39543758546,-4.013427299703,10.));
#7136 = DIRECTION('',(0.,-1.,0.));
#7137 = DIRECTION('',(1.,0.,0.));
#7138 = ADVANCED_FACE('',(#7139),#7164,.F.);
#7139 = FACE_BOUND('',#7140,.F.);
#7140 = EDGE_LOOP('',(#7141,#7151,#7157,#7158));
#7141 = ORIENTED_EDGE('',*,*,#7142,.T.);
#7142 = EDGE_CURVE('',#7143,#7145,#7147,.T.);
#7143 = VERTEX_POINT('',#7144);
#7144 = CARTESIAN_POINT('',(2.307529573591,-4.050704747774,10.));
#7145 = VERTEX_POINT('',#7146);
#7146 = CARTESIAN_POINT('',(2.307529573591,-4.050704747774,9.6));
#7147 = LINE('',#7148,#7149);
#7148 = CARTESIAN_POINT('',(2.307529573591,-4.050704747774,10.));
#7149 = VECTOR('',#7150,1.);
#7150 = DIRECTION('',(0.,0.,-1.));
#7151 = ORIENTED_EDGE('',*,*,#7152,.T.);
#7152 = EDGE_CURVE('',#7145,#7114,#7153,.T.);
#7153 = B_SPLINE_CURVE_WITH_KNOTS('',2,(#7154,#7155,#7156),
  .UNSPECIFIED.,.F.,.F.,(3,3),(0.,1.),.PIECEWISE_BEZIER_KNOTS.);
#7154 = CARTESIAN_POINT('',(2.307529573591,-4.050704747774,9.6));
#7155 = CARTESIAN_POINT('',(2.34443610178,-4.013427299703,9.6));
#7156 = CARTESIAN_POINT('',(2.39543758546,-4.013427299703,9.6));
#7157 = ORIENTED_EDGE('',*,*,#7111,.F.);
#7158 = ORIENTED_EDGE('',*,*,#7159,.F.);
#7159 = EDGE_CURVE('',#7143,#7112,#7160,.T.);
#7160 = B_SPLINE_CURVE_WITH_KNOTS('',2,(#7161,#7162,#7163),
  .UNSPECIFIED.,.F.,.F.,(3,3),(0.,1.),.PIECEWISE_BEZIER_KNOTS.);
#7161 = CARTESIAN_POINT('',(2.307529573591,-4.050704747774,10.));
#7162 = CARTESIAN_POINT('',(2.34443610178,-4.013427299703,10.));
#7163 = CARTESIAN_POINT('',(2.39543758546,-4.013427299703,10.));
#7164 = SURFACE_OF_LINEAR_EXTRUSION('',#7165,#7169);
#7165 = B_SPLINE_CURVE_WITH_KNOTS('',2,(#7166,#7167,#7168),
  .UNSPECIFIED.,.F.,.F.,(3,3),(0.,1.),.PIECEWISE_BEZIER_KNOTS.);
#7166 = CARTESIAN_POINT('',(2.307529573591,-4.050704747774,10.));
#7167 = CARTESIAN_POINT('',(2.34443610178,-4.013427299703,10.));
#7168 = CARTESIAN_POINT('',(2.39543758546,-4.013427299703,10.));
#7169 = VECTOR('',#7170,1.);
#7170 = DIRECTION('',(-0.,-0.,1.));
#7171 = ADVANCED_FACE('',(#7172),#7197,.F.);
#7172 = FACE_BOUND('',#7173,.F.);
#7173 = EDGE_LOOP('',(#7174,#7184,#7190,#7191));
#7174 = ORIENTED_EDGE('',*,*,#7175,.T.);
#7175 = EDGE_CURVE('',#7176,#7178,#7180,.T.);
#7176 = VERTEX_POINT('',#7177);
#7177 = CARTESIAN_POINT('',(2.270623045401,-4.133790801187,10.));
#7178 = VERTEX_POINT('',#7179);
#7179 = CARTESIAN_POINT('',(2.270623045401,-4.133790801187,9.6));
#7180 = LINE('',#7181,#7182);
#7181 = CARTESIAN_POINT('',(2.270623045401,-4.133790801187,10.));
#7182 = VECTOR('',#7183,1.);
#7183 = DIRECTION('',(0.,0.,-1.));
#7184 = ORIENTED_EDGE('',*,*,#7185,.T.);
#7185 = EDGE_CURVE('',#7178,#7145,#7186,.T.);
#7186 = B_SPLINE_CURVE_WITH_KNOTS('',2,(#7187,#7188,#7189),
  .UNSPECIFIED.,.F.,.F.,(3,3),(0.,1.),.PIECEWISE_BEZIER_KNOTS.);
#7187 = CARTESIAN_POINT('',(2.270623045401,-4.133790801187,9.6));
#7188 = CARTESIAN_POINT('',(2.270623045401,-4.087982195846,9.6));
#7189 = CARTESIAN_POINT('',(2.307529573591,-4.050704747774,9.6));
#7190 = ORIENTED_EDGE('',*,*,#7142,.F.);
#7191 = ORIENTED_EDGE('',*,*,#7192,.F.);
#7192 = EDGE_CURVE('',#7176,#7143,#7193,.T.);
#7193 = B_SPLINE_CURVE_WITH_KNOTS('',2,(#7194,#7195,#7196),
  .UNSPECIFIED.,.F.,.F.,(3,3),(0.,1.),.PIECEWISE_BEZIER_KNOTS.);
#7194 = CARTESIAN_POINT('',(2.270623045401,-4.133790801187,10.));
#7195 = CARTESIAN_POINT('',(2.270623045401,-4.087982195846,10.));
#7196 = CARTESIAN_POINT('',(2.307529573591,-4.050704747774,10.));
#7197 = SURFACE_OF_LINEAR_EXTRUSION('',#7198,#7202);
#7198 = B_SPLINE_CURVE_WITH_KNOTS('',2,(#7199,#7200,#7201),
  .UNSPECIFIED.,.F.,.F.,(3,3),(0.,1.),.PIECEWISE_BEZIER_KNOTS.);
#7199 = CARTESIAN_POINT('',(2.270623045401,-4.133790801187,10.));
#7200 = CARTESIAN_POINT('',(2.270623045401,-4.087982195846,10.));
#7201 = CARTESIAN_POINT('',(2.307529573591,-4.050704747774,10.));
#7202 = VECTOR('',#7203,1.);
#7203 = DIRECTION('',(-0.,-0.,1.));
#7204 = ADVANCED_FACE('',(#7205),#7230,.F.);
#7205 = FACE_BOUND('',#7206,.F.);
#7206 = EDGE_LOOP('',(#7207,#7217,#7223,#7224));
#7207 = ORIENTED_EDGE('',*,*,#7208,.T.);
#7208 = EDGE_CURVE('',#7209,#7211,#7213,.T.);
#7209 = VERTEX_POINT('',#7210);
#7210 = CARTESIAN_POINT('',(2.418805537982,-4.624517804154,10.));
#7211 = VERTEX_POINT('',#7212);
#7212 = CARTESIAN_POINT('',(2.418805537982,-4.624517804154,9.6));
#7213 = LINE('',#7214,#7215);
#7214 = CARTESIAN_POINT('',(2.418805537982,-4.624517804154,10.));
#7215 = VECTOR('',#7216,1.);
#7216 = DIRECTION('',(0.,0.,-1.));
#7217 = ORIENTED_EDGE('',*,*,#7218,.T.);
#7218 = EDGE_CURVE('',#7211,#7178,#7219,.T.);
#7219 = B_SPLINE_CURVE_WITH_KNOTS('',2,(#7220,#7221,#7222),
  .UNSPECIFIED.,.F.,.F.,(3,3),(0.,1.),.PIECEWISE_BEZIER_KNOTS.);
#7220 = CARTESIAN_POINT('',(2.418805537982,-4.624517804154,9.6));
#7221 = CARTESIAN_POINT('',(2.270623045401,-4.390652818991,9.6));
#7222 = CARTESIAN_POINT('',(2.270623045401,-4.133790801187,9.6));
#7223 = ORIENTED_EDGE('',*,*,#7175,.F.);
#7224 = ORIENTED_EDGE('',*,*,#7225,.F.);
#7225 = EDGE_CURVE('',#7209,#7176,#7226,.T.);
#7226 = B_SPLINE_CURVE_WITH_KNOTS('',2,(#7227,#7228,#7229),
  .UNSPECIFIED.,.F.,.F.,(3,3),(0.,1.),.PIECEWISE_BEZIER_KNOTS.);
#7227 = CARTESIAN_POINT('',(2.418805537982,-4.624517804154,10.));
#7228 = CARTESIAN_POINT('',(2.270623045401,-4.390652818991,10.));
#7229 = CARTESIAN_POINT('',(2.270623045401,-4.133790801187,10.));
#7230 = SURFACE_OF_LINEAR_EXTRUSION('',#7231,#7235);
#7231 = B_SPLINE_CURVE_WITH_KNOTS('',2,(#7232,#7233,#7234),
  .UNSPECIFIED.,.F.,.F.,(3,3),(0.,1.),.PIECEWISE_BEZIER_KNOTS.);
#7232 = CARTESIAN_POINT('',(2.418805537982,-4.624517804154,10.));
#7233 = CARTESIAN_POINT('',(2.270623045401,-4.390652818991,10.));
#7234 = CARTESIAN_POINT('',(2.270623045401,-4.133790801187,10.));
#7235 = VECTOR('',#7236,1.);
#7236 = DIRECTION('',(-0.,-0.,1.));
#7237 = ADVANCED_FACE('',(#7238),#7263,.F.);
#7238 = FACE_BOUND('',#7239,.F.);
#7239 = EDGE_LOOP('',(#7240,#7250,#7256,#7257));
#7240 = ORIENTED_EDGE('',*,*,#7241,.T.);
#7241 = EDGE_CURVE('',#7242,#7244,#7246,.T.);
#7242 = VERTEX_POINT('',#7243);
#7243 = CARTESIAN_POINT('',(2.857789217507,-5.020845697329,10.));
#7244 = VERTEX_POINT('',#7245);
#7245 = CARTESIAN_POINT('',(2.857789217507,-5.020845697329,9.6));
#7246 = LINE('',#7247,#7248);
#7247 = CARTESIAN_POINT('',(2.857789217507,-5.020845697329,10.));
#7248 = VECTOR('',#7249,1.);
#7249 = DIRECTION('',(0.,0.,-1.));
#7250 = ORIENTED_EDGE('',*,*,#7251,.T.);
#7251 = EDGE_CURVE('',#7244,#7211,#7252,.T.);
#7252 = B_SPLINE_CURVE_WITH_KNOTS('',2,(#7253,#7254,#7255),
  .UNSPECIFIED.,.F.,.F.,(3,3),(0.,1.),.PIECEWISE_BEZIER_KNOTS.);
#7253 = CARTESIAN_POINT('',(2.857789217507,-5.020845697329,9.6));
#7254 = CARTESIAN_POINT('',(2.566988030564,-4.858197329377,9.6));
#7255 = CARTESIAN_POINT('',(2.418805537982,-4.624517804154,9.6));
#7256 = ORIENTED_EDGE('',*,*,#7208,.F.);
#7257 = ORIENTED_EDGE('',*,*,#7258,.F.);
#7258 = EDGE_CURVE('',#7242,#7209,#7259,.T.);
#7259 = B_SPLINE_CURVE_WITH_KNOTS('',2,(#7260,#7261,#7262),
  .UNSPECIFIED.,.F.,.F.,(3,3),(0.,1.),.PIECEWISE_BEZIER_KNOTS.);
#7260 = CARTESIAN_POINT('',(2.857789217507,-5.020845697329,10.));
#7261 = CARTESIAN_POINT('',(2.566988030564,-4.858197329377,10.));
#7262 = CARTESIAN_POINT('',(2.418805537982,-4.624517804154,10.));
#7263 = SURFACE_OF_LINEAR_EXTRUSION('',#7264,#7268);
#7264 = B_SPLINE_CURVE_WITH_KNOTS('',2,(#7265,#7266,#7267),
  .UNSPECIFIED.,.F.,.F.,(3,3),(0.,1.),.PIECEWISE_BEZIER_KNOTS.);
#7265 = CARTESIAN_POINT('',(2.857789217507,-5.020845697329,10.));
#7266 = CARTESIAN_POINT('',(2.566988030564,-4.858197329377,10.));
#7267 = CARTESIAN_POINT('',(2.418805537982,-4.624517804154,10.));
#7268 = VECTOR('',#7269,1.);
#7269 = DIRECTION('',(-0.,-0.,1.));
#7270 = ADVANCED_FACE('',(#7271),#7296,.F.);
#7271 = FACE_BOUND('',#7272,.F.);
#7272 = EDGE_LOOP('',(#7273,#7283,#7289,#7290));
#7273 = ORIENTED_EDGE('',*,*,#7274,.T.);
#7274 = EDGE_CURVE('',#7275,#7277,#7279,.T.);
#7275 = VERTEX_POINT('',#7276);
#7276 = CARTESIAN_POINT('',(3.582195745697,-5.234866468843,10.));
#7277 = VERTEX_POINT('',#7278);
#7278 = CARTESIAN_POINT('',(3.582195745697,-5.234866468843,9.6));
#7279 = LINE('',#7280,#7281);
#7280 = CARTESIAN_POINT('',(3.582195745697,-5.234866468843,10.));
#7281 = VECTOR('',#7282,1.);
#7282 = DIRECTION('',(0.,0.,-1.));
#7283 = ORIENTED_EDGE('',*,*,#7284,.T.);
#7284 = EDGE_CURVE('',#7277,#7244,#7285,.T.);
#7285 = B_SPLINE_CURVE_WITH_KNOTS('',2,(#7286,#7287,#7288),
  .UNSPECIFIED.,.F.,.F.,(3,3),(0.,1.),.PIECEWISE_BEZIER_KNOTS.);
#7286 = CARTESIAN_POINT('',(3.582195745697,-5.234866468843,9.6));
#7287 = CARTESIAN_POINT('',(3.148775864392,-5.183494065282,9.6));
#7288 = CARTESIAN_POINT('',(2.857789217507,-5.020845697329,9.6));
#7289 = ORIENTED_EDGE('',*,*,#7241,.F.);
#7290 = ORIENTED_EDGE('',*,*,#7291,.F.);
#7291 = EDGE_CURVE('',#7275,#7242,#7292,.T.);
#7292 = B_SPLINE_CURVE_WITH_KNOTS('',2,(#7293,#7294,#7295),
  .UNSPECIFIED.,.F.,.F.,(3,3),(0.,1.),.PIECEWISE_BEZIER_KNOTS.);
#7293 = CARTESIAN_POINT('',(3.582195745697,-5.234866468843,10.));
#7294 = CARTESIAN_POINT('',(3.148775864392,-5.183494065282,10.));
#7295 = CARTESIAN_POINT('',(2.857789217507,-5.020845697329,10.));
#7296 = SURFACE_OF_LINEAR_EXTRUSION('',#7297,#7301);
#7297 = B_SPLINE_CURVE_WITH_KNOTS('',2,(#7298,#7299,#7300),
  .UNSPECIFIED.,.F.,.F.,(3,3),(0.,1.),.PIECEWISE_BEZIER_KNOTS.);
#7298 = CARTESIAN_POINT('',(3.582195745697,-5.234866468843,10.));
#7299 = CARTESIAN_POINT('',(3.148775864392,-5.183494065282,10.));
#7300 = CARTESIAN_POINT('',(2.857789217507,-5.020845697329,10.));
#7301 = VECTOR('',#7302,1.);
#7302 = DIRECTION('',(-0.,-0.,1.));
#7303 = ADVANCED_FACE('',(#7304),#7329,.F.);
#7304 = FACE_BOUND('',#7305,.F.);
#7305 = EDGE_LOOP('',(#7306,#7316,#7322,#7323));
#7306 = ORIENTED_EDGE('',*,*,#7307,.T.);
#7307 = EDGE_CURVE('',#7308,#7310,#7312,.T.);
#7308 = VERTEX_POINT('',#7309);
#7309 = CARTESIAN_POINT('',(3.582195745697,-5.627485163205,10.));
#7310 = VERTEX_POINT('',#7311);
#7311 = CARTESIAN_POINT('',(3.582195745697,-5.627485163205,9.6));
#7312 = LINE('',#7313,#7314);
#7313 = CARTESIAN_POINT('',(3.582195745697,-5.627485163205,10.));
#7314 = VECTOR('',#7315,1.);
#7315 = DIRECTION('',(0.,0.,-1.));
#7316 = ORIENTED_EDGE('',*,*,#7317,.T.);
#7317 = EDGE_CURVE('',#7310,#7277,#7318,.T.);
#7318 = LINE('',#7319,#7320);
#7319 = CARTESIAN_POINT('',(3.582195745697,-5.627485163205,9.6));
#7320 = VECTOR('',#7321,1.);
#7321 = DIRECTION('',(0.,1.,0.));
#7322 = ORIENTED_EDGE('',*,*,#7274,.F.);
#7323 = ORIENTED_EDGE('',*,*,#7324,.F.);
#7324 = EDGE_CURVE('',#7308,#7275,#7325,.T.);
#7325 = LINE('',#7326,#7327);
#7326 = CARTESIAN_POINT('',(3.582195745697,-5.627485163205,10.));
#7327 = VECTOR('',#7328,1.);
#7328 = DIRECTION('',(0.,1.,0.));
#7329 = PLANE('',#7330);
#7330 = AXIS2_PLACEMENT_3D('',#7331,#7332,#7333);
#7331 = CARTESIAN_POINT('',(3.582195745697,-5.627485163205,10.));
#7332 = DIRECTION('',(1.,-0.,0.));
#7333 = DIRECTION('',(0.,1.,0.));
#7334 = ADVANCED_FACE('',(#7335),#7351,.F.);
#7335 = FACE_BOUND('',#7336,.F.);
#7336 = EDGE_LOOP('',(#7337,#7338,#7344,#7345));
#7337 = ORIENTED_EDGE('',*,*,#5548,.T.);
#7338 = ORIENTED_EDGE('',*,*,#7339,.T.);
#7339 = EDGE_CURVE('',#5541,#7310,#7340,.T.);
#7340 = B_SPLINE_CURVE_WITH_KNOTS('',2,(#7341,#7342,#7343),
  .UNSPECIFIED.,.F.,.F.,(3,3),(0.,1.),.PIECEWISE_BEZIER_KNOTS.);
#7341 = CARTESIAN_POINT('',(3.622255092878,-5.729859050445,9.6));
#7342 = CARTESIAN_POINT('',(3.582195745697,-5.689985163205,9.6));
#7343 = CARTESIAN_POINT('',(3.582195745697,-5.627485163205,9.6));
#7344 = ORIENTED_EDGE('',*,*,#7307,.F.);
#7345 = ORIENTED_EDGE('',*,*,#7346,.F.);
#7346 = EDGE_CURVE('',#5549,#7308,#7347,.T.);
#7347 = B_SPLINE_CURVE_WITH_KNOTS('',2,(#7348,#7349,#7350),
  .UNSPECIFIED.,.F.,.F.,(3,3),(0.,1.),.PIECEWISE_BEZIER_KNOTS.);
#7348 = CARTESIAN_POINT('',(3.622255092878,-5.729859050445,10.));
#7349 = CARTESIAN_POINT('',(3.582195745697,-5.689985163205,10.));
#7350 = CARTESIAN_POINT('',(3.582195745697,-5.627485163205,10.));
#7351 = SURFACE_OF_LINEAR_EXTRUSION('',#7352,#7356);
#7352 = B_SPLINE_CURVE_WITH_KNOTS('',2,(#7353,#7354,#7355),
  .UNSPECIFIED.,.F.,.F.,(3,3),(0.,1.),.PIECEWISE_BEZIER_KNOTS.);
#7353 = CARTESIAN_POINT('',(3.622255092878,-5.729859050445,10.));
#7354 = CARTESIAN_POINT('',(3.582195745697,-5.689985163205,10.));
#7355 = CARTESIAN_POINT('',(3.582195745697,-5.627485163205,10.));
#7356 = VECTOR('',#7357,1.);
#7357 = DIRECTION('',(-0.,-0.,1.));
#7358 = ADVANCED_FACE('',(#7359),#7417,.T.);
#7359 = FACE_BOUND('',#7360,.T.);
#7360 = EDGE_LOOP('',(#7361,#7362,#7363,#7364,#7365,#7366,#7367,#7368,
    #7369,#7370,#7371,#7372,#7373,#7374,#7375,#7376,#7377,#7378,#7379,
    #7380,#7381,#7382,#7383,#7384,#7385,#7386,#7387,#7388,#7389,#7390,
    #7391,#7392,#7393,#7394,#7395,#7396,#7397,#7398,#7399,#7400,#7401,
    #7402,#7403,#7404,#7405,#7406,#7407,#7408,#7409,#7410,#7411,#7412,
    #7413,#7414,#7415,#7416));
#7361 = ORIENTED_EDGE('',*,*,#5556,.F.);
#7362 = ORIENTED_EDGE('',*,*,#5589,.F.);
#7363 = ORIENTED_EDGE('',*,*,#5620,.F.);
#7364 = ORIENTED_EDGE('',*,*,#5653,.F.);
#7365 = ORIENTED_EDGE('',*,*,#5686,.F.);
#7366 = ORIENTED_EDGE('',*,*,#5717,.F.);
#7367 = ORIENTED_EDGE('',*,*,#5750,.F.);
#7368 = ORIENTED_EDGE('',*,*,#5783,.F.);
#7369 = ORIENTED_EDGE('',*,*,#5816,.F.);
#7370 = ORIENTED_EDGE('',*,*,#5849,.F.);
#7371 = ORIENTED_EDGE('',*,*,#5882,.F.);
#7372 = ORIENTED_EDGE('',*,*,#5915,.F.);
#7373 = ORIENTED_EDGE('',*,*,#5948,.F.);
#7374 = ORIENTED_EDGE('',*,*,#5981,.F.);
#7375 = ORIENTED_EDGE('',*,*,#6014,.F.);
#7376 = ORIENTED_EDGE('',*,*,#6047,.F.);
#7377 = ORIENTED_EDGE('',*,*,#6080,.F.);
#7378 = ORIENTED_EDGE('',*,*,#6113,.F.);
#7379 = ORIENTED_EDGE('',*,*,#6146,.F.);
#7380 = ORIENTED_EDGE('',*,*,#6179,.F.);
#7381 = ORIENTED_EDGE('',*,*,#6212,.F.);
#7382 = ORIENTED_EDGE('',*,*,#6243,.F.);
#7383 = ORIENTED_EDGE('',*,*,#6276,.F.);
#7384 = ORIENTED_EDGE('',*,*,#6309,.F.);
#7385 = ORIENTED_EDGE('',*,*,#6342,.F.);
#7386 = ORIENTED_EDGE('',*,*,#6375,.F.);
#7387 = ORIENTED_EDGE('',*,*,#6408,.F.);
#7388 = ORIENTED_EDGE('',*,*,#6439,.F.);
#7389 = ORIENTED_EDGE('',*,*,#6472,.F.);
#7390 = ORIENTED_EDGE('',*,*,#6505,.F.);
#7391 = ORIENTED_EDGE('',*,*,#6536,.F.);
#7392 = ORIENTED_EDGE('',*,*,#6569,.F.);
#7393 = ORIENTED_EDGE('',*,*,#6602,.F.);
#7394 = ORIENTED_EDGE('',*,*,#6633,.F.);
#7395 = ORIENTED_EDGE('',*,*,#6666,.F.);
#7396 = ORIENTED_EDGE('',*,*,#6699,.F.);
#7397 = ORIENTED_EDGE('',*,*,#6732,.F.);
#7398 = ORIENTED_EDGE('',*,*,#6765,.F.);
#7399 = ORIENTED_EDGE('',*,*,#6798,.F.);
#7400 = ORIENTED_EDGE('',*,*,#6831,.F.);
#7401 = ORIENTED_EDGE('',*,*,#6864,.F.);
#7402 = ORIENTED_EDGE('',*,*,#6897,.F.);
#7403 = ORIENTED_EDGE('',*,*,#6930,.F.);
#7404 = ORIENTED_EDGE('',*,*,#6963,.F.);
#7405 = ORIENTED_EDGE('',*,*,#6996,.F.);
#7406 = ORIENTED_EDGE('',*,*,#7029,.F.);
#7407 = ORIENTED_EDGE('',*,*,#7062,.F.);
#7408 = ORIENTED_EDGE('',*,*,#7095,.F.);
#7409 = ORIENTED_EDGE('',*,*,#7128,.F.);
#7410 = ORIENTED_EDGE('',*,*,#7159,.F.);
#7411 = ORIENTED_EDGE('',*,*,#7192,.F.);
#7412 = ORIENTED_EDGE('',*,*,#7225,.F.);
#7413 = ORIENTED_EDGE('',*,*,#7258,.F.);
#7414 = ORIENTED_EDGE('',*,*,#7291,.F.);
#7415 = ORIENTED_EDGE('',*,*,#7324,.F.);
#7416 = ORIENTED_EDGE('',*,*,#7346,.F.);
#7417 = PLANE('',#7418);
#7418 = AXIS2_PLACEMENT_3D('',#7419,#7420,#7421);
#7419 = CARTESIAN_POINT('',(3.937520781104,-3.227184669083,10.));
#7420 = DIRECTION('',(0.,0.,1.));
#7421 = DIRECTION('',(1.,0.,0.));
#7422 = ADVANCED_FACE('',(#7423),#7481,.F.);
#7423 = FACE_BOUND('',#7424,.F.);
#7424 = EDGE_LOOP('',(#7425,#7426,#7427,#7428,#7429,#7430,#7431,#7432,
    #7433,#7434,#7435,#7436,#7437,#7438,#7439,#7440,#7441,#7442,#7443,
    #7444,#7445,#7446,#7447,#7448,#7449,#7450,#7451,#7452,#7453,#7454,
    #7455,#7456,#7457,#7458,#7459,#7460,#7461,#7462,#7463,#7464,#7465,
    #7466,#7467,#7468,#7469,#7470,#7471,#7472,#7473,#7474,#7475,#7476,
    #7477,#7478,#7479,#7480));
#7425 = ORIENTED_EDGE('',*,*,#5540,.F.);
#7426 = ORIENTED_EDGE('',*,*,#5582,.F.);
#7427 = ORIENTED_EDGE('',*,*,#5613,.F.);
#7428 = ORIENTED_EDGE('',*,*,#5646,.F.);
#7429 = ORIENTED_EDGE('',*,*,#5679,.F.);
#7430 = ORIENTED_EDGE('',*,*,#5710,.F.);
#7431 = ORIENTED_EDGE('',*,*,#5743,.F.);
#7432 = ORIENTED_EDGE('',*,*,#5776,.F.);
#7433 = ORIENTED_EDGE('',*,*,#5809,.F.);
#7434 = ORIENTED_EDGE('',*,*,#5842,.F.);
#7435 = ORIENTED_EDGE('',*,*,#5875,.F.);
#7436 = ORIENTED_EDGE('',*,*,#5908,.F.);
#7437 = ORIENTED_EDGE('',*,*,#5941,.F.);
#7438 = ORIENTED_EDGE('',*,*,#5974,.F.);
#7439 = ORIENTED_EDGE('',*,*,#6007,.F.);
#7440 = ORIENTED_EDGE('',*,*,#6040,.F.);
#7441 = ORIENTED_EDGE('',*,*,#6073,.F.);
#7442 = ORIENTED_EDGE('',*,*,#6106,.F.);
#7443 = ORIENTED_EDGE('',*,*,#6139,.F.);
#7444 = ORIENTED_EDGE('',*,*,#6172,.F.);
#7445 = ORIENTED_EDGE('',*,*,#6205,.F.);
#7446 = ORIENTED_EDGE('',*,*,#6236,.F.);
#7447 = ORIENTED_EDGE('',*,*,#6269,.F.);
#7448 = ORIENTED_EDGE('',*,*,#6302,.F.);
#7449 = ORIENTED_EDGE('',*,*,#6335,.F.);
#7450 = ORIENTED_EDGE('',*,*,#6368,.F.);
#7451 = ORIENTED_EDGE('',*,*,#6401,.F.);
#7452 = ORIENTED_EDGE('',*,*,#6432,.F.);
#7453 = ORIENTED_EDGE('',*,*,#6465,.F.);
#7454 = ORIENTED_EDGE('',*,*,#6498,.F.);
#7455 = ORIENTED_EDGE('',*,*,#6529,.F.);
#7456 = ORIENTED_EDGE('',*,*,#6562,.F.);
#7457 = ORIENTED_EDGE('',*,*,#6595,.F.);
#7458 = ORIENTED_EDGE('',*,*,#6626,.F.);
#7459 = ORIENTED_EDGE('',*,*,#6659,.F.);
#7460 = ORIENTED_EDGE('',*,*,#6692,.F.);
#7461 = ORIENTED_EDGE('',*,*,#6725,.F.);
#7462 = ORIENTED_EDGE('',*,*,#6758,.F.);
#7463 = ORIENTED_EDGE('',*,*,#6791,.F.);
#7464 = ORIENTED_EDGE('',*,*,#6824,.F.);
#7465 = ORIENTED_EDGE('',*,*,#6857,.F.);
#7466 = ORIENTED_EDGE('',*,*,#6890,.F.);
#7467 = ORIENTED_EDGE('',*,*,#6923,.F.);
#7468 = ORIENTED_EDGE('',*,*,#6956,.F.);
#7469 = ORIENTED_EDGE('',*,*,#6989,.F.);
#7470 = ORIENTED_EDGE('',*,*,#7022,.F.);
#7471 = ORIENTED_EDGE('',*,*,#7055,.F.);
#7472 = ORIENTED_EDGE('',*,*,#7088,.F.);
#7473 = ORIENTED_EDGE('',*,*,#7121,.F.);
#7474 = ORIENTED_EDGE('',*,*,#7152,.F.);
#7475 = ORIENTED_EDGE('',*,*,#7185,.F.);
#7476 = ORIENTED_EDGE('',*,*,#7218,.F.);
#7477 = ORIENTED_EDGE('',*,*,#7251,.F.);
#7478 = ORIENTED_EDGE('',*,*,#7284,.F.);
#7479 = ORIENTED_EDGE('',*,*,#7317,.F.);
#7480 = ORIENTED_EDGE('',*,*,#7339,.F.);
#7481 = PLANE('',#7482);
#7482 = AXIS2_PLACEMENT_3D('',#7483,#7484,#7485);
#7483 = CARTESIAN_POINT('',(3.937520781104,-3.227184669083,9.6));
#7484 = DIRECTION('',(0.,0.,1.));
#7485 = DIRECTION('',(1.,0.,0.));
#7486 = ( GEOMETRIC_REPRESENTATION_CONTEXT(3) 
GLOBAL_UNCERTAINTY_ASSIGNED_CONTEXT((#7490)) 
GLOBAL_UNIT_ASSIGNED_CONTEXT((#7487,#7488,#7489)) REPRESENTATION_CONTEXT
('Context #1','3D Context with UNIT and UNCERTAINTY') );
#7487 = ( LENGTH_UNIT() NAMED_UNIT(*) SI_UNIT(.MILLI.,.METRE.) );
#7488 = ( NAMED_UNIT(*) PLANE_ANGLE_UNIT() SI_UNIT($,.RADIAN.) );
#7489 = ( NAMED_UNIT(*) SI_UNIT($,.STERADIAN.) SOLID_ANGLE_UNIT() );
#7490 = UNCERTAINTY_MEASURE_WITH_UNIT(LENGTH_MEASURE(1.E-07),#7487,
  'distance_accuracy_value','confusion accuracy');
#7491 = CONTEXT_DEPENDENT_SHAPE_REPRESENTATION(#7492,#7494);
#7492 = ( REPRESENTATION_RELATIONSHIP('','',#5523,#10) 
REPRESENTATION_RELATIONSHIP_WITH_TRANSFORMATION(#7493) 
SHAPE_REPRESENTATION_RELATIONSHIP() );
#7493 = ITEM_DEFINED_TRANSFORMATION('','',#11,#23);
#7494 = PRODUCT_DEFINITION_SHAPE('Placement','Placement of an item',
  #7495);
#7495 = NEXT_ASSEMBLY_USAGE_OCCURRENCE('113','Extrude001','',#5,#5518,$
  );
#7496 = PRODUCT_RELATED_PRODUCT_CATEGORY('part',$,(#5520));
#7497 = MECHANICAL_DESIGN_GEOMETRIC_PRESENTATION_REPRESENTATION('',(
    #7498),#7486);
#7498 = STYLED_ITEM('color',(#7499),#5524);
#7499 = PRESENTATION_STYLE_ASSIGNMENT((#7500,#7506));
#7500 = SURFACE_STYLE_USAGE(.BOTH.,#7501);
#7501 = SURFACE_SIDE_STYLE('',(#7502));
#7502 = SURFACE_STYLE_FILL_AREA(#7503);
#7503 = FILL_AREA_STYLE('',(#7504));
#7504 = FILL_AREA_STYLE_COLOUR('',#7505);
#7505 = COLOUR_RGB('',0.447058818107,0.474509808674,0.501960817233);
#7506 = CURVE_STYLE('',#7507,POSITIVE_LENGTH_MEASURE(0.1),#7508);
#7507 = DRAUGHTING_PRE_DEFINED_CURVE_FONT('continuous');
#7508 = COLOUR_RGB('',9.803921802644E-02,9.803921802644E-02,
  9.803921802644E-02);
#7509 = MECHANICAL_DESIGN_GEOMETRIC_PRESENTATION_REPRESENTATION('',(
    #7510),#4477);
#7510 = STYLED_ITEM('color',(#7511),#41);
#7511 = PRESENTATION_STYLE_ASSIGNMENT((#7512,#7517));
#7512 = SURFACE_STYLE_USAGE(.BOTH.,#7513);
#7513 = SURFACE_SIDE_STYLE('',(#7514));
#7514 = SURFACE_STYLE_FILL_AREA(#7515);
#7515 = FILL_AREA_STYLE('',(#7516));
#7516 = FILL_AREA_STYLE_COLOUR('',#7505);
#7517 = CURVE_STYLE('',#7518,POSITIVE_LENGTH_MEASURE(0.1),#7508);
#7518 = DRAUGHTING_PRE_DEFINED_CURVE_FONT('continuous');
#7519 = MECHANICAL_DESIGN_GEOMETRIC_PRESENTATION_REPRESENTATION('',(
    #7520),#5505);
#7520 = STYLED_ITEM('color',(#7521),#4496);
#7521 = PRESENTATION_STYLE_ASSIGNMENT((#7522,#7527));
#7522 = SURFACE_STYLE_USAGE(.BOTH.,#7523);
#7523 = SURFACE_SIDE_STYLE('',(#7524));
#7524 = SURFACE_STYLE_FILL_AREA(#7525);
#7525 = FILL_AREA_STYLE('',(#7526));
#7526 = FILL_AREA_STYLE_COLOUR('',#7505);
#7527 = CURVE_STYLE('',#7528,POSITIVE_LENGTH_MEASURE(0.1),#7508);
#7528 = DRAUGHTING_PRE_DEFINED_CURVE_FONT('continuous');
ENDSEC;
END-ISO-10303-21;
