ISO-10303-21;
HEADER;
FILE_DESCRIPTION(('FreeCAD Model'),'2;1');
FILE_NAME('Open CASCADE Shape Model','2026-09-02T16:44:19',(''),(''),
  'Open CASCADE STEP processor 7.8','FreeCAD','Unknown');
FILE_SCHEMA(('AUTOMOTIVE_DESIGN { 1 0 10303 214 1 1 1 1 }'));
ENDSEC;
DATA;
#1 = APPLICATION_PROTOCOL_DEFINITION('international standard',
  'automotive_design',2000,#2);
#2 = APPLICATION_CONTEXT(
  'core data for automotive mechanical design processes');
#3 = SHAPE_DEFINITION_REPRESENTATION(#4,#10);
#4 = PRODUCT_DEFINITION_SHAPE('','',#5);
#5 = PRODUCT_DEFINITION('design','',#6,#9);
#6 = PRODUCT_DEFINITION_FORMATION('','',#7);
#7 = PRODUCT('Tasta_8','Tasta_8','',(#8));
#8 = PRODUCT_CONTEXT('',#2,'mechanical');
#9 = PRODUCT_DEFINITION_CONTEXT('part definition',#2,'design');
#10 = SHAPE_REPRESENTATION('',(#11,#15,#19,#23),#27);
#11 = AXIS2_PLACEMENT_3D('',#12,#13,#14);
#12 = CARTESIAN_POINT('',(0.,0.,0.));
#13 = DIRECTION('',(0.,0.,1.));
#14 = DIRECTION('',(1.,0.,-0.));
#15 = AXIS2_PLACEMENT_3D('',#16,#17,#18);
#16 = CARTESIAN_POINT('',(0.,0.,0.));
#17 = DIRECTION('',(0.,0.,1.));
#18 = DIRECTION('',(1.,0.,0.));
#19 = AXIS2_PLACEMENT_3D('',#20,#21,#22);
#20 = CARTESIAN_POINT('',(0.,0.,0.));
#21 = DIRECTION('',(0.,0.,1.));
#22 = DIRECTION('',(1.,0.,0.));
#23 = AXIS2_PLACEMENT_3D('',#24,#25,#26);
#24 = CARTESIAN_POINT('',(0.,0.,0.));
#25 = DIRECTION('',(0.,0.,1.));
#26 = DIRECTION('',(1.,0.,0.));
#27 = ( GEOMETRIC_REPRESENTATION_CONTEXT(3) 
GLOBAL_UNCERTAINTY_ASSIGNED_CONTEXT((#31)) GLOBAL_UNIT_ASSIGNED_CONTEXT(
(#28,#29,#30)) REPRESENTATION_CONTEXT('Context #1',
  '3D Context with UNIT and UNCERTAINTY') );
#28 = ( LENGTH_UNIT() NAMED_UNIT(*) SI_UNIT(.MILLI.,.METRE.) );
#29 = ( NAMED_UNIT(*) PLANE_ANGLE_UNIT() SI_UNIT($,.RADIAN.) );
#30 = ( NAMED_UNIT(*) SI_UNIT($,.STERADIAN.) SOLID_ANGLE_UNIT() );
#31 = UNCERTAINTY_MEASURE_WITH_UNIT(LENGTH_MEASURE(1.E-07),#28,
  'distance_accuracy_value','confusion accuracy');
#32 = PRODUCT_RELATED_PRODUCT_CATEGORY('part',$,(#7));
#33 = SHAPE_DEFINITION_REPRESENTATION(#34,#40);
#34 = PRODUCT_DEFINITION_SHAPE('','',#35);
#35 = PRODUCT_DEFINITION('design','',#36,#39);
#36 = PRODUCT_DEFINITION_FORMATION('','',#37);
#37 = PRODUCT('Body','Body','',(#38));
#38 = PRODUCT_CONTEXT('',#2,'mechanical');
#39 = PRODUCT_DEFINITION_CONTEXT('part definition',#2,'design');
#40 = ADVANCED_BREP_SHAPE_REPRESENTATION('',(#11,#41),#4037);
#41 = MANIFOLD_SOLID_BREP('',#42);
#42 = CLOSED_SHELL('',(#43,#83,#133,#187,#309,#343,#368,#422,#439,#465,
    #891,#925,#950,#993,#1012,#1043,#1067,#1091,#1115,#1139,#1163,#1187,
    #1204,#1231,#1250,#1277,#1289,#1322,#1348,#1372,#1398,#1424,#1450,
    #1476,#1502,#1528,#1554,#1580,#1606,#1632,#1658,#1684,#1708,#1734,
    #1760,#1786,#1812,#1838,#1864,#1890,#1916,#1942,#1961,#1994,#2020,
    #2046,#2072,#2098,#2124,#2150,#2176,#2202,#2228,#2254,#2280,#2306,
    #2332,#2358,#2384,#2410,#2436,#2462,#2488,#2507,#2534,#2568,#2793,
    #2818,#2851,#2877,#2903,#2929,#2955,#2981,#3007,#3033,#3059,#3085,
    #3111,#3130,#3163,#3189,#3215,#3241,#3267,#3293,#3319,#3345,#3371,
    #3397,#3423,#3442,#3585,#3605,#3625,#3656,#3681,#3705,#3729,#3753,
    #3778,#3802,#3826,#3850,#3875,#3899,#3923,#3947,#3972,#3996,#4013));
#43 = ADVANCED_FACE('',(#44),#78,.T.);
#44 = FACE_BOUND('',#45,.T.);
#45 = EDGE_LOOP('',(#46,#55,#65,#72));
#46 = ORIENTED_EDGE('',*,*,#47,.T.);
#47 = EDGE_CURVE('',#48,#50,#52,.T.);
#48 = VERTEX_POINT('',#49);
#49 = CARTESIAN_POINT('',(-9.1,-7.685786437627,0.));
#50 = VERTEX_POINT('',#51);
#51 = CARTESIAN_POINT('',(-7.102758617143,-5.68854505477,9.510673251699)
  );
#52 = B_SPLINE_CURVE_WITH_KNOTS('',1,(#53,#54),.UNSPECIFIED.,.F.,.F.,(2,
    2),(0.,1.),.PIECEWISE_BEZIER_KNOTS.);
#53 = CARTESIAN_POINT('',(-9.1,-7.685786437627,0.));
#54 = CARTESIAN_POINT('',(-7.,-5.585786437627,10.));
#55 = ORIENTED_EDGE('',*,*,#56,.F.);
#56 = EDGE_CURVE('',#57,#50,#59,.T.);
#57 = VERTEX_POINT('',#58);
#58 = CARTESIAN_POINT('',(-7.102758617143,5.68854505477,9.510673251699)
  );
#59 = B_SPLINE_CURVE_WITH_KNOTS('',2,(#60,#61,#62,#63,#64),
  .UNSPECIFIED.,.F.,.F.,(3,1,1,3),(-1.183700259966,-0.5,11.671572875254,
    12.355273135219),.UNSPECIFIED.);
#60 = CARTESIAN_POINT('',(-7.102758617143,6.769486697592,9.510673251699)
  );
#61 = CARTESIAN_POINT('',(-7.102758617143,6.42763656761,9.510673251699)
  );
#62 = CARTESIAN_POINT('',(-7.102758617143,-2.66E-15,9.510673251699));
#63 = CARTESIAN_POINT('',(-7.102758617143,-6.42763656761,9.510673251699)
  );
#64 = CARTESIAN_POINT('',(-7.102758617143,-6.769486697592,9.510673251699
    ));
#65 = ORIENTED_EDGE('',*,*,#66,.F.);
#66 = EDGE_CURVE('',#67,#57,#69,.T.);
#67 = VERTEX_POINT('',#68);
#68 = CARTESIAN_POINT('',(-9.1,7.685786437627,0.));
#69 = B_SPLINE_CURVE_WITH_KNOTS('',1,(#70,#71),.UNSPECIFIED.,.F.,.F.,(2,
    2),(0.,1.),.PIECEWISE_BEZIER_KNOTS.);
#70 = CARTESIAN_POINT('',(-9.1,7.685786437627,0.));
#71 = CARTESIAN_POINT('',(-7.,5.585786437627,10.));
#72 = ORIENTED_EDGE('',*,*,#73,.T.);
#73 = EDGE_CURVE('',#67,#48,#74,.T.);
#74 = LINE('',#75,#76);
#75 = CARTESIAN_POINT('',(-9.1,7.685786437627,0.));
#76 = VECTOR('',#77,1.);
#77 = DIRECTION('',(0.,-1.,0.));
#78 = B_SPLINE_SURFACE_WITH_KNOTS('',1,1,(
    (#79,#80)
    ,(#81,#82
    )),.UNSPECIFIED.,.F.,.F.,.F.,(2,2),(2,2),(0.,15.371572875254),(0.,1.
    ),.PIECEWISE_BEZIER_KNOTS.);
#79 = CARTESIAN_POINT('',(-9.1,7.685786437627,0.));
#80 = CARTESIAN_POINT('',(-7.,5.585786437627,10.));
#81 = CARTESIAN_POINT('',(-9.1,-7.685786437627,0.));
#82 = CARTESIAN_POINT('',(-7.,-5.585786437627,10.));
#83 = ADVANCED_FACE('',(#84),#128,.T.);
#84 = FACE_BOUND('',#85,.T.);
#85 = EDGE_LOOP('',(#86,#95,#105,#113,#121,#122));
#86 = ORIENTED_EDGE('',*,*,#87,.T.);
#87 = EDGE_CURVE('',#88,#90,#92,.T.);
#88 = VERTEX_POINT('',#89);
#89 = CARTESIAN_POINT('',(-7.685786437627,-9.1,0.));
#90 = VERTEX_POINT('',#91);
#91 = CARTESIAN_POINT('',(-5.68854505477,-7.102758617143,9.510673251699)
  );
#92 = B_SPLINE_CURVE_WITH_KNOTS('',1,(#93,#94),.UNSPECIFIED.,.F.,.F.,(2,
    2),(0.,1.),.PIECEWISE_BEZIER_KNOTS.);
#93 = CARTESIAN_POINT('',(-7.685786437627,-9.1,0.));
#94 = CARTESIAN_POINT('',(-5.585786437627,-7.,10.));
#95 = ORIENTED_EDGE('',*,*,#96,.F.);
#96 = EDGE_CURVE('',#97,#90,#99,.T.);
#97 = VERTEX_POINT('',#98);
#98 = CARTESIAN_POINT('',(-5.696677530706,-7.090418714604,9.520690934088
    ));
#99 = B_SPLINE_CURVE_WITH_KNOTS('',4,(#100,#101,#102,#103,#104),
  .UNSPECIFIED.,.F.,.F.,(5,5),(0.,1.),.PIECEWISE_BEZIER_KNOTS.);
#100 = CARTESIAN_POINT('',(-5.696632501422,-7.090487040287,
    9.520635466471));
#101 = CARTESIAN_POINT('',(-5.694610639759,-7.093554934501,
    9.518144912778));
#102 = CARTESIAN_POINT('',(-5.692588778096,-7.096622828715,
    9.515654359085));
#103 = CARTESIAN_POINT('',(-5.690566916433,-7.099690722929,
    9.513163805392));
#104 = CARTESIAN_POINT('',(-5.68854505477,-7.102758617143,9.510673251699
    ));
#105 = ORIENTED_EDGE('',*,*,#106,.F.);
#106 = EDGE_CURVE('',#107,#97,#109,.T.);
#107 = VERTEX_POINT('',#108);
#108 = CARTESIAN_POINT('',(-7.090418714604,-5.696677530706,
    9.520690934088));
#109 = LINE('',#110,#111);
#110 = CARTESIAN_POINT('',(-7.100654903841,-5.686441341468,
    9.520690934088));
#111 = VECTOR('',#112,1.);
#112 = DIRECTION('',(0.707106781187,-0.707106781187,0.));
#113 = ORIENTED_EDGE('',*,*,#114,.T.);
#114 = EDGE_CURVE('',#107,#50,#115,.T.);
#115 = B_SPLINE_CURVE_WITH_KNOTS('',4,(#116,#117,#118,#119,#120),
  .UNSPECIFIED.,.F.,.F.,(5,5),(0.,1.),.PIECEWISE_BEZIER_KNOTS.);
#116 = CARTESIAN_POINT('',(-7.090487040287,-5.696632501422,
    9.520635466471));
#117 = CARTESIAN_POINT('',(-7.093554934501,-5.694610639759,
    9.518144912778));
#118 = CARTESIAN_POINT('',(-7.096622828715,-5.692588778096,
    9.515654359085));
#119 = CARTESIAN_POINT('',(-7.099690722929,-5.690566916433,
    9.513163805392));
#120 = CARTESIAN_POINT('',(-7.102758617143,-5.68854505477,9.510673251699
    ));
#121 = ORIENTED_EDGE('',*,*,#47,.F.);
#122 = ORIENTED_EDGE('',*,*,#123,.T.);
#123 = EDGE_CURVE('',#48,#88,#124,.T.);
#124 = LINE('',#125,#126);
#125 = CARTESIAN_POINT('',(-9.1,-7.685786437627,0.));
#126 = VECTOR('',#127,1.);
#127 = DIRECTION('',(0.707106781187,-0.707106781187,0.));
#128 = PLANE('',#129);
#129 = AXIS2_PLACEMENT_3D('',#130,#131,#132);
#130 = CARTESIAN_POINT('',(-7.,-5.585786437627,10.));
#131 = DIRECTION('',(-0.677845381581,-0.677845381581,0.284695060264));
#132 = DIRECTION('',(0.707106781187,-0.707106781187,-5.551115123126E-17)
  );
#133 = ADVANCED_FACE('',(#134),#176,.F.);
#134 = FACE_BOUND('',#135,.F.);
#135 = EDGE_LOOP('',(#136,#148,#158,#166,#167,#168));
#136 = ORIENTED_EDGE('',*,*,#137,.F.);
#137 = EDGE_CURVE('',#138,#140,#142,.T.);
#138 = VERTEX_POINT('',#139);
#139 = CARTESIAN_POINT('',(-6.5,5.37867965644,10.));
#140 = VERTEX_POINT('',#141);
#141 = CARTESIAN_POINT('',(-7.090418714604,5.696677530706,9.520690934088
    ));
#142 = B_SPLINE_CURVE_WITH_KNOTS('',4,(#143,#144,#145,#146,#147),
  .UNSPECIFIED.,.F.,.F.,(5,5),(0.,1.),.PIECEWISE_BEZIER_KNOTS.);
#143 = CARTESIAN_POINT('',(-6.5,5.37867965644,10.));
#144 = CARTESIAN_POINT('',(-6.647604678651,5.458179125007,9.880172733522
    ));
#145 = CARTESIAN_POINT('',(-6.795209357302,5.537678593573,9.760345467044
    ));
#146 = CARTESIAN_POINT('',(-6.942814035953,5.617178062139,9.640518200566
    ));
#147 = CARTESIAN_POINT('',(-7.090418714604,5.696677530706,9.520690934088
    ));
#148 = ORIENTED_EDGE('',*,*,#149,.T.);
#149 = EDGE_CURVE('',#138,#150,#152,.T.);
#150 = VERTEX_POINT('',#151);
#151 = CARTESIAN_POINT('',(-6.5,-5.37867965644,10.));
#152 = B_SPLINE_CURVE_WITH_KNOTS('',2,(#153,#154,#155,#156,#157),
  .UNSPECIFIED.,.F.,.F.,(3,1,1,3),(-1.183700259966,-0.5,11.671572875254,
    12.355273135219),.UNSPECIFIED.);
#153 = CARTESIAN_POINT('',(-6.5,6.769486697592,10.));
#154 = CARTESIAN_POINT('',(-6.5,6.42763656761,10.));
#155 = CARTESIAN_POINT('',(-6.5,-1.78E-15,10.));
#156 = CARTESIAN_POINT('',(-6.5,-6.42763656761,10.));
#157 = CARTESIAN_POINT('',(-6.5,-6.769486697592,10.));
#158 = ORIENTED_EDGE('',*,*,#159,.T.);
#159 = EDGE_CURVE('',#150,#107,#160,.T.);
#160 = B_SPLINE_CURVE_WITH_KNOTS('',4,(#161,#162,#163,#164,#165),
  .UNSPECIFIED.,.F.,.F.,(5,5),(0.,1.),.PIECEWISE_BEZIER_KNOTS.);
#161 = CARTESIAN_POINT('',(-6.5,-5.37867965644,10.));
#162 = CARTESIAN_POINT('',(-6.647604678651,-5.458179125007,
    9.880172733522));
#163 = CARTESIAN_POINT('',(-6.795209357302,-5.537678593573,
    9.760345467044));
#164 = CARTESIAN_POINT('',(-6.942814035953,-5.617178062139,
    9.640518200566));
#165 = CARTESIAN_POINT('',(-7.090418714604,-5.696677530706,
    9.520690934088));
#166 = ORIENTED_EDGE('',*,*,#114,.T.);
#167 = ORIENTED_EDGE('',*,*,#56,.F.);
#168 = ORIENTED_EDGE('',*,*,#169,.F.);
#169 = EDGE_CURVE('',#140,#57,#170,.T.);
#170 = B_SPLINE_CURVE_WITH_KNOTS('',4,(#171,#172,#173,#174,#175),
  .UNSPECIFIED.,.F.,.F.,(5,5),(0.,1.),.PIECEWISE_BEZIER_KNOTS.);
#171 = CARTESIAN_POINT('',(-7.090418714604,5.696677530706,9.520690934088
    ));
#172 = CARTESIAN_POINT('',(-7.093503690239,5.694644411722,9.518186513491
    ));
#173 = CARTESIAN_POINT('',(-7.096588665874,5.692611292738,9.515682092894
    ));
#174 = CARTESIAN_POINT('',(-7.099673641508,5.690578173754,9.513177672296
    ));
#175 = CARTESIAN_POINT('',(-7.102758617143,5.68854505477,9.510673251699)
  );
#176 = B_SPLINE_SURFACE_WITH_KNOTS('',1,2,(
    (#177,#178,#179,#180,#181)
    ,(#182,#183,#184,#185,#186
    )),.UNSPECIFIED.,.F.,.F.,.F.,(2,2),(3,1,1,3),(0.,12.171572875254),(
    -1.183700259966,-0.5,11.671572875254,12.355273135219),
  .UNSPECIFIED.);
#177 = CARTESIAN_POINT('',(-7.102758617143,6.769486697592,9.510673251699
    ));
#178 = CARTESIAN_POINT('',(-7.102758617143,6.42763656761,9.510673251699)
  );
#179 = CARTESIAN_POINT('',(-7.102758617143,-2.66E-15,9.510673251699));
#180 = CARTESIAN_POINT('',(-7.102758617143,-6.42763656761,9.510673251699
    ));
#181 = CARTESIAN_POINT('',(-7.102758617143,-6.769486697592,
    9.510673251699));
#182 = CARTESIAN_POINT('',(-6.5,6.769486697592,10.));
#183 = CARTESIAN_POINT('',(-6.5,6.42763656761,10.));
#184 = CARTESIAN_POINT('',(-6.5,-1.78E-15,10.));
#185 = CARTESIAN_POINT('',(-6.5,-6.42763656761,10.));
#186 = CARTESIAN_POINT('',(-6.5,-6.769486697592,10.));
#187 = ADVANCED_FACE('',(#188,#238),#304,.F.);
#188 = FACE_BOUND('',#189,.F.);
#189 = EDGE_LOOP('',(#190,#191,#192,#200,#208,#216,#224,#232));
#190 = ORIENTED_EDGE('',*,*,#73,.T.);
#191 = ORIENTED_EDGE('',*,*,#123,.T.);
#192 = ORIENTED_EDGE('',*,*,#193,.T.);
#193 = EDGE_CURVE('',#88,#194,#196,.T.);
#194 = VERTEX_POINT('',#195);
#195 = CARTESIAN_POINT('',(7.685786437627,-9.1,0.));
#196 = LINE('',#197,#198);
#197 = CARTESIAN_POINT('',(-7.685786437627,-9.1,0.));
#198 = VECTOR('',#199,1.);
#199 = DIRECTION('',(1.,0.,0.));
#200 = ORIENTED_EDGE('',*,*,#201,.T.);
#201 = EDGE_CURVE('',#194,#202,#204,.T.);
#202 = VERTEX_POINT('',#203);
#203 = CARTESIAN_POINT('',(9.1,-7.685786437627,0.));
#204 = LINE('',#205,#206);
#205 = CARTESIAN_POINT('',(7.685786437627,-9.1,0.));
#206 = VECTOR('',#207,1.);
#207 = DIRECTION('',(0.707106781187,0.707106781187,0.));
#208 = ORIENTED_EDGE('',*,*,#209,.T.);
#209 = EDGE_CURVE('',#202,#210,#212,.T.);
#210 = VERTEX_POINT('',#211);
#211 = CARTESIAN_POINT('',(9.1,7.685786437627,0.));
#212 = LINE('',#213,#214);
#213 = CARTESIAN_POINT('',(9.1,-7.685786437627,0.));
#214 = VECTOR('',#215,1.);
#215 = DIRECTION('',(0.,1.,0.));
#216 = ORIENTED_EDGE('',*,*,#217,.T.);
#217 = EDGE_CURVE('',#210,#218,#220,.T.);
#218 = VERTEX_POINT('',#219);
#219 = CARTESIAN_POINT('',(7.685786437627,9.1,0.));
#220 = LINE('',#221,#222);
#221 = CARTESIAN_POINT('',(9.1,7.685786437627,0.));
#222 = VECTOR('',#223,1.);
#223 = DIRECTION('',(-0.707106781187,0.707106781187,0.));
#224 = ORIENTED_EDGE('',*,*,#225,.T.);
#225 = EDGE_CURVE('',#218,#226,#228,.T.);
#226 = VERTEX_POINT('',#227);
#227 = CARTESIAN_POINT('',(-7.685786437627,9.1,0.));
#228 = LINE('',#229,#230);
#229 = CARTESIAN_POINT('',(7.685786437627,9.1,0.));
#230 = VECTOR('',#231,1.);
#231 = DIRECTION('',(-1.,0.,0.));
#232 = ORIENTED_EDGE('',*,*,#233,.T.);
#233 = EDGE_CURVE('',#226,#67,#234,.T.);
#234 = LINE('',#235,#236);
#235 = CARTESIAN_POINT('',(-7.685786437627,9.1,0.));
#236 = VECTOR('',#237,1.);
#237 = DIRECTION('',(-0.707106781187,-0.707106781187,0.));
#238 = FACE_BOUND('',#239,.F.);
#239 = EDGE_LOOP('',(#240,#250,#258,#266,#274,#282,#290,#298));
#240 = ORIENTED_EDGE('',*,*,#241,.T.);
#241 = EDGE_CURVE('',#242,#244,#246,.T.);
#242 = VERTEX_POINT('',#243);
#243 = CARTESIAN_POINT('',(-7.873825461037,-7.141645750422,-1.E-15));
#244 = VERTEX_POINT('',#245);
#245 = CARTESIAN_POINT('',(-7.873825461037,7.141645750422,-1.E-15));
#246 = LINE('',#247,#248);
#247 = CARTESIAN_POINT('',(-7.873825461037,-4.6E-16,0.));
#248 = VECTOR('',#249,1.);
#249 = DIRECTION('',(-1.E-17,1.,0.));
#250 = ORIENTED_EDGE('',*,*,#251,.T.);
#251 = EDGE_CURVE('',#244,#252,#254,.T.);
#252 = VERTEX_POINT('',#253);
#253 = CARTESIAN_POINT('',(-7.141645750422,7.873825461037,0.));
#254 = LINE('',#255,#256);
#255 = CARTESIAN_POINT('',(-7.154182215136,7.861288996323,0.));
#256 = VECTOR('',#257,1.);
#257 = DIRECTION('',(0.707106781187,0.707106781187,0.));
#258 = ORIENTED_EDGE('',*,*,#259,.T.);
#259 = EDGE_CURVE('',#252,#260,#262,.T.);
#260 = VERTEX_POINT('',#261);
#261 = CARTESIAN_POINT('',(7.141645750422,7.873825461037,0.));
#262 = LINE('',#263,#264);
#263 = CARTESIAN_POINT('',(-8.3E-16,7.873825461037,4.4E-16));
#264 = VECTOR('',#265,1.);
#265 = DIRECTION('',(1.,-2.E-17,0.));
#266 = ORIENTED_EDGE('',*,*,#267,.T.);
#267 = EDGE_CURVE('',#260,#268,#270,.T.);
#268 = VERTEX_POINT('',#269);
#269 = CARTESIAN_POINT('',(7.873825461037,7.141645750422,-1.E-15));
#270 = LINE('',#271,#272);
#271 = CARTESIAN_POINT('',(7.861288996323,7.154182215136,0.));
#272 = VECTOR('',#273,1.);
#273 = DIRECTION('',(0.707106781187,-0.707106781187,0.));
#274 = ORIENTED_EDGE('',*,*,#275,.T.);
#275 = EDGE_CURVE('',#268,#276,#278,.T.);
#276 = VERTEX_POINT('',#277);
#277 = CARTESIAN_POINT('',(7.873825461037,-7.141645750422,-1.E-15));
#278 = LINE('',#279,#280);
#279 = CARTESIAN_POINT('',(7.873825461037,1.E-16,0.));
#280 = VECTOR('',#281,1.);
#281 = DIRECTION('',(1.E-17,-1.,0.));
#282 = ORIENTED_EDGE('',*,*,#283,.T.);
#283 = EDGE_CURVE('',#276,#284,#286,.T.);
#284 = VERTEX_POINT('',#285);
#285 = CARTESIAN_POINT('',(7.141645750422,-7.873825461037,-1.E-15));
#286 = LINE('',#287,#288);
#287 = CARTESIAN_POINT('',(7.154182215136,-7.861288996323,-8.9E-16));
#288 = VECTOR('',#289,1.);
#289 = DIRECTION('',(-0.707106781187,-0.707106781187,0.));
#290 = ORIENTED_EDGE('',*,*,#291,.T.);
#291 = EDGE_CURVE('',#284,#292,#294,.T.);
#292 = VERTEX_POINT('',#293);
#293 = CARTESIAN_POINT('',(-7.141645750422,-7.873825461037,-1.E-15));
#294 = LINE('',#295,#296);
#295 = CARTESIAN_POINT('',(-4.7E-16,-7.873825461037,0.));
#296 = VECTOR('',#297,1.);
#297 = DIRECTION('',(-1.,0.,0.));
#298 = ORIENTED_EDGE('',*,*,#299,.T.);
#299 = EDGE_CURVE('',#292,#242,#300,.T.);
#300 = LINE('',#301,#302);
#301 = CARTESIAN_POINT('',(-7.861288996323,-7.154182215136,0.));
#302 = VECTOR('',#303,1.);
#303 = DIRECTION('',(-0.707106781187,0.707106781187,0.));
#304 = PLANE('',#305);
#305 = AXIS2_PLACEMENT_3D('',#306,#307,#308);
#306 = CARTESIAN_POINT('',(-1.02E-15,-5.8E-16,0.));
#307 = DIRECTION('',(0.,0.,1.));
#308 = DIRECTION('',(1.,0.,0.));
#309 = ADVANCED_FACE('',(#310),#338,.T.);
#310 = FACE_BOUND('',#311,.T.);
#311 = EDGE_LOOP('',(#312,#313,#314,#322,#332,#337));
#312 = ORIENTED_EDGE('',*,*,#66,.T.);
#313 = ORIENTED_EDGE('',*,*,#169,.F.);
#314 = ORIENTED_EDGE('',*,*,#315,.F.);
#315 = EDGE_CURVE('',#316,#140,#318,.T.);
#316 = VERTEX_POINT('',#317);
#317 = CARTESIAN_POINT('',(-5.696677530706,7.090418714604,9.520690934088
    ));
#318 = LINE('',#319,#320);
#319 = CARTESIAN_POINT('',(-5.686441341468,7.100654903841,9.520690934088
    ));
#320 = VECTOR('',#321,1.);
#321 = DIRECTION('',(-0.707106781187,-0.707106781187,0.));
#322 = ORIENTED_EDGE('',*,*,#323,.T.);
#323 = EDGE_CURVE('',#316,#324,#326,.T.);
#324 = VERTEX_POINT('',#325);
#325 = CARTESIAN_POINT('',(-5.68854505477,7.102758617143,9.510673251699)
  );
#326 = B_SPLINE_CURVE_WITH_KNOTS('',4,(#327,#328,#329,#330,#331),
  .UNSPECIFIED.,.F.,.F.,(5,5),(0.,1.),.PIECEWISE_BEZIER_KNOTS.);
#327 = CARTESIAN_POINT('',(-5.696677530706,7.090418714604,9.520690934088
    ));
#328 = CARTESIAN_POINT('',(-5.694644411722,7.093503690239,9.518186513491
    ));
#329 = CARTESIAN_POINT('',(-5.692611292738,7.096588665874,9.515682092894
    ));
#330 = CARTESIAN_POINT('',(-5.690578173754,7.099673641508,9.513177672296
    ));
#331 = CARTESIAN_POINT('',(-5.68854505477,7.102758617143,9.510673251699)
  );
#332 = ORIENTED_EDGE('',*,*,#333,.F.);
#333 = EDGE_CURVE('',#226,#324,#334,.T.);
#334 = B_SPLINE_CURVE_WITH_KNOTS('',1,(#335,#336),.UNSPECIFIED.,.F.,.F.,
  (2,2),(0.,1.),.PIECEWISE_BEZIER_KNOTS.);
#335 = CARTESIAN_POINT('',(-7.685786437627,9.1,0.));
#336 = CARTESIAN_POINT('',(-5.585786437627,7.,10.));
#337 = ORIENTED_EDGE('',*,*,#233,.T.);
#338 = PLANE('',#339);
#339 = AXIS2_PLACEMENT_3D('',#340,#341,#342);
#340 = CARTESIAN_POINT('',(-5.585786437627,7.,10.));
#341 = DIRECTION('',(-0.677845381581,0.677845381581,0.284695060264));
#342 = DIRECTION('',(-0.707106781187,-0.707106781187,-5.551115123126E-17
    ));
#343 = ADVANCED_FACE('',(#344),#363,.T.);
#344 = FACE_BOUND('',#345,.T.);
#345 = EDGE_LOOP('',(#346,#353,#361,#362));
#346 = ORIENTED_EDGE('',*,*,#347,.T.);
#347 = EDGE_CURVE('',#194,#348,#350,.T.);
#348 = VERTEX_POINT('',#349);
#349 = CARTESIAN_POINT('',(5.68854505477,-7.102758617143,9.510673251699)
  );
#350 = B_SPLINE_CURVE_WITH_KNOTS('',1,(#351,#352),.UNSPECIFIED.,.F.,.F.,
  (2,2),(0.,1.),.PIECEWISE_BEZIER_KNOTS.);
#351 = CARTESIAN_POINT('',(7.685786437627,-9.1,0.));
#352 = CARTESIAN_POINT('',(5.585786437627,-7.,10.));
#353 = ORIENTED_EDGE('',*,*,#354,.F.);
#354 = EDGE_CURVE('',#90,#348,#355,.T.);
#355 = B_SPLINE_CURVE_WITH_KNOTS('',2,(#356,#357,#358,#359,#360),
  .UNSPECIFIED.,.F.,.F.,(3,1,1,3),(-1.183700259966,-0.5,11.671572875254,
    12.355273135219),.UNSPECIFIED.);
#356 = CARTESIAN_POINT('',(-6.769486697592,-7.102758617143,
    9.510673251699));
#357 = CARTESIAN_POINT('',(-6.42763656761,-7.102758617143,9.510673251699
    ));
#358 = CARTESIAN_POINT('',(-8.9E-16,-7.102758617143,9.510673251699));
#359 = CARTESIAN_POINT('',(6.42763656761,-7.102758617143,9.510673251699)
  );
#360 = CARTESIAN_POINT('',(6.769486697592,-7.102758617143,9.510673251699
    ));
#361 = ORIENTED_EDGE('',*,*,#87,.F.);
#362 = ORIENTED_EDGE('',*,*,#193,.T.);
#363 = B_SPLINE_SURFACE_WITH_KNOTS('',1,1,(
    (#364,#365)
    ,(#366,#367
    )),.UNSPECIFIED.,.F.,.F.,.F.,(2,2),(2,2),(0.,15.371572875254),(0.,1.
    ),.PIECEWISE_BEZIER_KNOTS.);
#364 = CARTESIAN_POINT('',(-7.685786437627,-9.1,0.));
#365 = CARTESIAN_POINT('',(-5.585786437627,-7.,10.));
#366 = CARTESIAN_POINT('',(7.685786437627,-9.1,0.));
#367 = CARTESIAN_POINT('',(5.585786437627,-7.,10.));
#368 = ADVANCED_FACE('',(#369),#411,.T.);
#369 = FACE_BOUND('',#370,.T.);
#370 = EDGE_LOOP('',(#371,#383,#393,#401,#402,#403));
#371 = ORIENTED_EDGE('',*,*,#372,.F.);
#372 = EDGE_CURVE('',#373,#375,#377,.T.);
#373 = VERTEX_POINT('',#374);
#374 = CARTESIAN_POINT('',(5.37867965644,-6.5,10.));
#375 = VERTEX_POINT('',#376);
#376 = CARTESIAN_POINT('',(5.696677530706,-7.090418714604,9.520690934088
    ));
#377 = B_SPLINE_CURVE_WITH_KNOTS('',4,(#378,#379,#380,#381,#382),
  .UNSPECIFIED.,.F.,.F.,(5,5),(0.,1.),.PIECEWISE_BEZIER_KNOTS.);
#378 = CARTESIAN_POINT('',(5.37867965644,-6.5,10.));
#379 = CARTESIAN_POINT('',(5.458179125007,-6.647604678651,9.880172733522
    ));
#380 = CARTESIAN_POINT('',(5.537678593573,-6.795209357302,9.760345467044
    ));
#381 = CARTESIAN_POINT('',(5.617178062139,-6.942814035953,9.640518200566
    ));
#382 = CARTESIAN_POINT('',(5.696677530706,-7.090418714604,9.520690934088
    ));
#383 = ORIENTED_EDGE('',*,*,#384,.F.);
#384 = EDGE_CURVE('',#385,#373,#387,.T.);
#385 = VERTEX_POINT('',#386);
#386 = CARTESIAN_POINT('',(-5.37867965644,-6.5,10.));
#387 = B_SPLINE_CURVE_WITH_KNOTS('',2,(#388,#389,#390,#391,#392),
  .UNSPECIFIED.,.F.,.F.,(3,1,1,3),(-1.183700259966,-0.5,11.671572875254,
    12.355273135219),.UNSPECIFIED.);
#388 = CARTESIAN_POINT('',(-6.769486697592,-6.5,10.));
#389 = CARTESIAN_POINT('',(-6.42763656761,-6.5,10.));
#390 = CARTESIAN_POINT('',(-1.78E-15,-6.5,10.));
#391 = CARTESIAN_POINT('',(6.42763656761,-6.5,10.));
#392 = CARTESIAN_POINT('',(6.769486697592,-6.5,10.));
#393 = ORIENTED_EDGE('',*,*,#394,.T.);
#394 = EDGE_CURVE('',#385,#97,#395,.T.);
#395 = B_SPLINE_CURVE_WITH_KNOTS('',4,(#396,#397,#398,#399,#400),
  .UNSPECIFIED.,.F.,.F.,(5,5),(0.,1.),.PIECEWISE_BEZIER_KNOTS.);
#396 = CARTESIAN_POINT('',(-5.37867965644,-6.5,10.));
#397 = CARTESIAN_POINT('',(-5.458179125007,-6.647604678651,
    9.880172733522));
#398 = CARTESIAN_POINT('',(-5.537678593573,-6.795209357302,
    9.760345467044));
#399 = CARTESIAN_POINT('',(-5.617178062139,-6.942814035953,
    9.640518200566));
#400 = CARTESIAN_POINT('',(-5.696677530706,-7.090418714604,
    9.520690934088));
#401 = ORIENTED_EDGE('',*,*,#96,.T.);
#402 = ORIENTED_EDGE('',*,*,#354,.T.);
#403 = ORIENTED_EDGE('',*,*,#404,.F.);
#404 = EDGE_CURVE('',#375,#348,#405,.T.);
#405 = B_SPLINE_CURVE_WITH_KNOTS('',4,(#406,#407,#408,#409,#410),
  .UNSPECIFIED.,.F.,.F.,(5,5),(0.,1.),.PIECEWISE_BEZIER_KNOTS.);
#406 = CARTESIAN_POINT('',(5.696677530706,-7.090418714604,9.520690934088
    ));
#407 = CARTESIAN_POINT('',(5.694644411722,-7.093503690239,9.518186513491
    ));
#408 = CARTESIAN_POINT('',(5.692611292738,-7.096588665874,9.515682092894
    ));
#409 = CARTESIAN_POINT('',(5.690578173754,-7.099673641508,9.513177672296
    ));
#410 = CARTESIAN_POINT('',(5.68854505477,-7.102758617143,9.510673251699)
  );
#411 = B_SPLINE_SURFACE_WITH_KNOTS('',1,2,(
    (#412,#413,#414,#415,#416)
    ,(#417,#418,#419,#420,#421
    )),.UNSPECIFIED.,.F.,.F.,.F.,(2,2),(3,1,1,3),(0.,12.171572875254),(
    -1.183700259966,-0.5,11.671572875254,12.355273135219),
  .UNSPECIFIED.);
#412 = CARTESIAN_POINT('',(-6.769486697592,-6.5,10.));
#413 = CARTESIAN_POINT('',(-6.42763656761,-6.5,10.));
#414 = CARTESIAN_POINT('',(-1.78E-15,-6.5,10.));
#415 = CARTESIAN_POINT('',(6.42763656761,-6.5,10.));
#416 = CARTESIAN_POINT('',(6.769486697592,-6.5,10.));
#417 = CARTESIAN_POINT('',(-6.769486697592,-7.102758617143,
    9.510673251699));
#418 = CARTESIAN_POINT('',(-6.42763656761,-7.102758617143,9.510673251699
    ));
#419 = CARTESIAN_POINT('',(-8.9E-16,-7.102758617143,9.510673251699));
#420 = CARTESIAN_POINT('',(6.42763656761,-7.102758617143,9.510673251699)
  );
#421 = CARTESIAN_POINT('',(6.769486697592,-7.102758617143,9.510673251699
    ));
#422 = ADVANCED_FACE('',(#423),#434,.T.);
#423 = FACE_BOUND('',#424,.F.);
#424 = EDGE_LOOP('',(#425,#426,#432,#433));
#425 = ORIENTED_EDGE('',*,*,#159,.F.);
#426 = ORIENTED_EDGE('',*,*,#427,.T.);
#427 = EDGE_CURVE('',#150,#385,#428,.T.);
#428 = LINE('',#429,#430);
#429 = CARTESIAN_POINT('',(-6.646446609407,-5.232233047034,10.));
#430 = VECTOR('',#431,1.);
#431 = DIRECTION('',(0.707106781187,-0.707106781187,0.));
#432 = ORIENTED_EDGE('',*,*,#394,.T.);
#433 = ORIENTED_EDGE('',*,*,#106,.F.);
#434 = PLANE('',#435);
#435 = AXIS2_PLACEMENT_3D('',#436,#437,#438);
#436 = CARTESIAN_POINT('',(-6.873550756624,-5.459337194251,
    9.760345467044));
#437 = DIRECTION('',(-0.422878510844,-0.422878510844,0.80146586336));
#438 = DIRECTION('',(-0.707106781187,0.707106781187,5.551115123126E-17)
  );
#439 = ADVANCED_FACE('',(#440),#460,.T.);
#440 = FACE_BOUND('',#441,.F.);
#441 = EDGE_LOOP('',(#442,#452,#458,#459));
#442 = ORIENTED_EDGE('',*,*,#443,.F.);
#443 = EDGE_CURVE('',#444,#316,#446,.T.);
#444 = VERTEX_POINT('',#445);
#445 = CARTESIAN_POINT('',(-5.37867965644,6.5,10.));
#446 = B_SPLINE_CURVE_WITH_KNOTS('',4,(#447,#448,#449,#450,#451),
  .UNSPECIFIED.,.F.,.F.,(5,5),(0.,1.),.PIECEWISE_BEZIER_KNOTS.);
#447 = CARTESIAN_POINT('',(-5.37867965644,6.5,10.));
#448 = CARTESIAN_POINT('',(-5.458179125007,6.647604678651,9.880172733522
    ));
#449 = CARTESIAN_POINT('',(-5.537678593573,6.795209357302,9.760345467044
    ));
#450 = CARTESIAN_POINT('',(-5.617178062139,6.942814035953,9.640518200566
    ));
#451 = CARTESIAN_POINT('',(-5.696677530706,7.090418714604,9.520690934088
    ));
#452 = ORIENTED_EDGE('',*,*,#453,.T.);
#453 = EDGE_CURVE('',#444,#138,#454,.T.);
#454 = LINE('',#455,#456);
#455 = CARTESIAN_POINT('',(-5.232233047034,6.646446609407,10.));
#456 = VECTOR('',#457,1.);
#457 = DIRECTION('',(-0.707106781187,-0.707106781187,0.));
#458 = ORIENTED_EDGE('',*,*,#137,.T.);
#459 = ORIENTED_EDGE('',*,*,#315,.F.);
#460 = PLANE('',#461);
#461 = AXIS2_PLACEMENT_3D('',#462,#463,#464);
#462 = CARTESIAN_POINT('',(-5.459337194251,6.873550756624,9.760345467044
    ));
#463 = DIRECTION('',(-0.422878510844,0.422878510844,0.80146586336));
#464 = DIRECTION('',(0.707106781187,0.707106781187,2.775557561563E-17));
#465 = ADVANCED_FACE('',(#466,#506,#716),#886,.T.);
#466 = FACE_BOUND('',#467,.T.);
#467 = EDGE_LOOP('',(#468,#476,#486,#494,#502,#503,#504,#505));
#468 = ORIENTED_EDGE('',*,*,#469,.T.);
#469 = EDGE_CURVE('',#373,#470,#472,.T.);
#470 = VERTEX_POINT('',#471);
#471 = CARTESIAN_POINT('',(6.5,-5.37867965644,10.));
#472 = LINE('',#473,#474);
#473 = CARTESIAN_POINT('',(5.232233047034,-6.646446609407,10.));
#474 = VECTOR('',#475,1.);
#475 = DIRECTION('',(0.707106781187,0.707106781187,0.));
#476 = ORIENTED_EDGE('',*,*,#477,.T.);
#477 = EDGE_CURVE('',#470,#478,#480,.T.);
#478 = VERTEX_POINT('',#479);
#479 = CARTESIAN_POINT('',(6.5,5.37867965644,10.));
#480 = B_SPLINE_CURVE_WITH_KNOTS('',2,(#481,#482,#483,#484,#485),
  .UNSPECIFIED.,.F.,.F.,(3,1,1,3),(-1.183700259966,-0.5,11.671572875254,
    12.355273135219),.UNSPECIFIED.);
#481 = CARTESIAN_POINT('',(6.5,-6.769486697592,10.));
#482 = CARTESIAN_POINT('',(6.5,-6.42763656761,10.));
#483 = CARTESIAN_POINT('',(6.5,0.,10.));
#484 = CARTESIAN_POINT('',(6.5,6.42763656761,10.));
#485 = CARTESIAN_POINT('',(6.5,6.769486697592,10.));
#486 = ORIENTED_EDGE('',*,*,#487,.T.);
#487 = EDGE_CURVE('',#478,#488,#490,.T.);
#488 = VERTEX_POINT('',#489);
#489 = CARTESIAN_POINT('',(5.37867965644,6.5,10.));
#490 = LINE('',#491,#492);
#491 = CARTESIAN_POINT('',(6.646446609407,5.232233047034,10.));
#492 = VECTOR('',#493,1.);
#493 = DIRECTION('',(-0.707106781187,0.707106781187,0.));
#494 = ORIENTED_EDGE('',*,*,#495,.T.);
#495 = EDGE_CURVE('',#488,#444,#496,.T.);
#496 = B_SPLINE_CURVE_WITH_KNOTS('',2,(#497,#498,#499,#500,#501),
  .UNSPECIFIED.,.F.,.F.,(3,1,1,3),(-1.183700259966,-0.5,11.671572875254,
    12.355273135219),.UNSPECIFIED.);
#497 = CARTESIAN_POINT('',(6.769486697592,6.5,10.));
#498 = CARTESIAN_POINT('',(6.42763656761,6.5,10.));
#499 = CARTESIAN_POINT('',(3.55E-15,6.5,10.));
#500 = CARTESIAN_POINT('',(-6.42763656761,6.5,10.));
#501 = CARTESIAN_POINT('',(-6.769486697592,6.5,10.));
#502 = ORIENTED_EDGE('',*,*,#453,.T.);
#503 = ORIENTED_EDGE('',*,*,#149,.T.);
#504 = ORIENTED_EDGE('',*,*,#427,.T.);
#505 = ORIENTED_EDGE('',*,*,#384,.T.);
#506 = FACE_BOUND('',#507,.T.);
#507 = EDGE_LOOP('',(#508,#518,#526,#534,#542,#550,#558,#566,#574,#582,
    #590,#598,#606,#614,#622,#630,#638,#646,#654,#662,#670,#678,#686,
    #694,#702,#710));
#508 = ORIENTED_EDGE('',*,*,#509,.T.);
#509 = EDGE_CURVE('',#510,#512,#514,.T.);
#510 = VERTEX_POINT('',#511);
#511 = CARTESIAN_POINT('',(4.957158653709,-6.058679525223,10.));
#512 = VERTEX_POINT('',#513);
#513 = CARTESIAN_POINT('',(4.857566665579,-6.102077151335,10.));
#514 = B_SPLINE_CURVE_WITH_KNOTS('',2,(#515,#516,#517),.UNSPECIFIED.,.F.
  ,.F.,(3,3),(0.,1.),.PIECEWISE_BEZIER_KNOTS.);
#515 = CARTESIAN_POINT('',(4.957158653709,-6.058679525223,10.));
#516 = CARTESIAN_POINT('',(4.914502867359,-6.102077151335,10.));
#517 = CARTESIAN_POINT('',(4.857566665579,-6.102077151335,10.));
#518 = ORIENTED_EDGE('',*,*,#519,.T.);
#519 = EDGE_CURVE('',#512,#520,#522,.T.);
#520 = VERTEX_POINT('',#521);
#521 = CARTESIAN_POINT('',(4.179154202671,-5.950556379822,10.));
#522 = B_SPLINE_CURVE_WITH_KNOTS('',2,(#523,#524,#525),.UNSPECIFIED.,.F.
  ,.F.,(3,3),(0.,1.),.PIECEWISE_BEZIER_KNOTS.);
#523 = CARTESIAN_POINT('',(4.857566665579,-6.102077151335,10.));
#524 = CARTESIAN_POINT('',(4.475704647774,-6.102077151335,10.));
#525 = CARTESIAN_POINT('',(4.179154202671,-5.950556379822,10.));
#526 = ORIENTED_EDGE('',*,*,#527,.T.);
#527 = EDGE_CURVE('',#520,#528,#530,.T.);
#528 = VERTEX_POINT('',#529);
#529 = CARTESIAN_POINT('',(3.680452422255,-5.476335311573,10.));
#530 = B_SPLINE_CURVE_WITH_KNOTS('',2,(#531,#532,#533),.UNSPECIFIED.,.F.
  ,.F.,(3,3),(0.,1.),.PIECEWISE_BEZIER_KNOTS.);
#531 = CARTESIAN_POINT('',(4.179154202671,-5.950556379822,10.));
#532 = CARTESIAN_POINT('',(3.882789217507,-5.799221068249,10.));
#533 = CARTESIAN_POINT('',(3.680452422255,-5.476335311573,10.));
#534 = ORIENTED_EDGE('',*,*,#535,.T.);
#535 = EDGE_CURVE('',#528,#536,#538,.T.);
#536 = VERTEX_POINT('',#537);
#537 = CARTESIAN_POINT('',(3.375556279822,-4.645289317507,10.));
#538 = B_SPLINE_CURVE_WITH_KNOTS('',2,(#539,#540,#541),.UNSPECIFIED.,.F.
  ,.F.,(3,3),(0.,1.),.PIECEWISE_BEZIER_KNOTS.);
#539 = CARTESIAN_POINT('',(3.680452422255,-5.476335311573,10.));
#540 = CARTESIAN_POINT('',(3.478115627003,-5.153635014837,10.));
#541 = CARTESIAN_POINT('',(3.375556279822,-4.645289317507,10.));
#542 = ORIENTED_EDGE('',*,*,#543,.T.);
#543 = EDGE_CURVE('',#536,#544,#546,.T.);
#544 = VERTEX_POINT('',#545);
#545 = CARTESIAN_POINT('',(3.272996932641,-3.428486646884,10.));
#546 = B_SPLINE_CURVE_WITH_KNOTS('',2,(#547,#548,#549),.UNSPECIFIED.,.F.
  ,.F.,(3,3),(0.,1.),.PIECEWISE_BEZIER_KNOTS.);
#547 = CARTESIAN_POINT('',(3.375556279822,-4.645289317507,10.));
#548 = CARTESIAN_POINT('',(3.272996932641,-4.136943620178,10.));
#549 = CARTESIAN_POINT('',(3.272996932641,-3.428486646884,10.));
#550 = ORIENTED_EDGE('',*,*,#551,.T.);
#551 = EDGE_CURVE('',#544,#552,#554,.T.);
#552 = VERTEX_POINT('',#553);
#553 = CARTESIAN_POINT('',(3.375556279822,-2.208902077151,10.));
#554 = B_SPLINE_CURVE_WITH_KNOTS('',2,(#555,#556,#557),.UNSPECIFIED.,.F.
  ,.F.,(3,3),(0.,1.),.PIECEWISE_BEZIER_KNOTS.);
#555 = CARTESIAN_POINT('',(3.272996932641,-3.428486646884,10.));
#556 = CARTESIAN_POINT('',(3.272996932641,-2.714465875371,10.));
#557 = CARTESIAN_POINT('',(3.375556279822,-2.208902077151,10.));
#558 = ORIENTED_EDGE('',*,*,#559,.T.);
#559 = EDGE_CURVE('',#552,#560,#562,.T.);
#560 = VERTEX_POINT('',#561);
#561 = CARTESIAN_POINT('',(3.680452422255,-1.383419881306,10.));
#562 = B_SPLINE_CURVE_WITH_KNOTS('',2,(#563,#564,#565),.UNSPECIFIED.,.F.
  ,.F.,(3,3),(0.,1.),.PIECEWISE_BEZIER_KNOTS.);
#563 = CARTESIAN_POINT('',(3.375556279822,-2.208902077151,10.));
#564 = CARTESIAN_POINT('',(3.478115627003,-1.703338278932,10.));
#565 = CARTESIAN_POINT('',(3.680452422255,-1.383419881306,10.));
#566 = ORIENTED_EDGE('',*,*,#567,.T.);
#567 = EDGE_CURVE('',#560,#568,#570,.T.);
#568 = VERTEX_POINT('',#569);
#569 = CARTESIAN_POINT('',(4.179154202671,-0.912166172107,10.));
#570 = B_SPLINE_CURVE_WITH_KNOTS('',2,(#571,#572,#573),.UNSPECIFIED.,.F.
  ,.F.,(3,3),(0.,1.),.PIECEWISE_BEZIER_KNOTS.);
#571 = CARTESIAN_POINT('',(3.680452422255,-1.383419881306,10.));
#572 = CARTESIAN_POINT('',(3.882789217507,-1.06350148368,10.));
#573 = CARTESIAN_POINT('',(4.179154202671,-0.912166172107,10.));
#574 = ORIENTED_EDGE('',*,*,#575,.T.);
#575 = EDGE_CURVE('',#568,#576,#578,.T.);
#576 = VERTEX_POINT('',#577);
#577 = CARTESIAN_POINT('',(4.857566665579,-0.760830860534,10.));
#578 = B_SPLINE_CURVE_WITH_KNOTS('',2,(#579,#580,#581),.UNSPECIFIED.,.F.
  ,.F.,(3,3),(0.,1.),.PIECEWISE_BEZIER_KNOTS.);
#579 = CARTESIAN_POINT('',(4.179154202671,-0.912166172107,10.));
#580 = CARTESIAN_POINT('',(4.475704647774,-0.760830860534,10.));
#581 = CARTESIAN_POINT('',(4.857566665579,-0.760830860534,10.));
#582 = ORIENTED_EDGE('',*,*,#583,.T.);
#583 = EDGE_CURVE('',#576,#584,#586,.T.);
#584 = VERTEX_POINT('',#585);
#585 = CARTESIAN_POINT('',(4.957158653709,-0.804228486647,10.));
#586 = B_SPLINE_CURVE_WITH_KNOTS('',2,(#587,#588,#589),.UNSPECIFIED.,.F.
  ,.F.,(3,3),(0.,1.),.PIECEWISE_BEZIER_KNOTS.);
#587 = CARTESIAN_POINT('',(4.857566665579,-0.760830860534,10.));
#588 = CARTESIAN_POINT('',(4.914502867359,-0.760830860534,10.));
#589 = CARTESIAN_POINT('',(4.957158653709,-0.804228486647,10.));
#590 = ORIENTED_EDGE('',*,*,#591,.T.);
#591 = EDGE_CURVE('',#584,#592,#594,.T.);
#592 = VERTEX_POINT('',#593);
#593 = CARTESIAN_POINT('',(4.9999999,-0.905489614243,10.));
#594 = B_SPLINE_CURVE_WITH_KNOTS('',2,(#595,#596,#597),.UNSPECIFIED.,.F.
  ,.F.,(3,3),(0.,1.),.PIECEWISE_BEZIER_KNOTS.);
#595 = CARTESIAN_POINT('',(4.957158653709,-0.804228486647,10.));
#596 = CARTESIAN_POINT('',(4.9999999,-0.84762611276,10.));
#597 = CARTESIAN_POINT('',(4.9999999,-0.905489614243,10.));
#598 = ORIENTED_EDGE('',*,*,#599,.T.);
#599 = EDGE_CURVE('',#592,#600,#602,.T.);
#600 = VERTEX_POINT('',#601);
#601 = CARTESIAN_POINT('',(4.9999999,-1.31646884273,10.));
#602 = LINE('',#603,#604);
#603 = CARTESIAN_POINT('',(4.9999999,-0.905489614243,10.));
#604 = VECTOR('',#605,1.);
#605 = DIRECTION('',(0.,-1.,0.));
#606 = ORIENTED_EDGE('',*,*,#607,.T.);
#607 = EDGE_CURVE('',#600,#608,#610,.T.);
#608 = VERTEX_POINT('',#609);
#609 = CARTESIAN_POINT('',(4.96012601276,-1.420697329377,10.));
#610 = B_SPLINE_CURVE_WITH_KNOTS('',2,(#611,#612,#613),.UNSPECIFIED.,.F.
  ,.F.,(3,3),(0.,1.),.PIECEWISE_BEZIER_KNOTS.);
#611 = CARTESIAN_POINT('',(4.9999999,-1.31646884273,10.));
#612 = CARTESIAN_POINT('',(4.9999999,-1.380081602374,10.));
#613 = CARTESIAN_POINT('',(4.96012601276,-1.420697329377,10.));
#614 = ORIENTED_EDGE('',*,*,#615,.T.);
#615 = EDGE_CURVE('',#608,#616,#618,.T.);
#616 = VERTEX_POINT('',#617);
#617 = CARTESIAN_POINT('',(4.86943610178,-1.461127596439,10.));
#618 = B_SPLINE_CURVE_WITH_KNOTS('',2,(#619,#620,#621),.UNSPECIFIED.,.F.
  ,.F.,(3,3),(0.,1.),.PIECEWISE_BEZIER_KNOTS.);
#619 = CARTESIAN_POINT('',(4.96012601276,-1.420697329377,10.));
#620 = CARTESIAN_POINT('',(4.92043758546,-1.461127596439,10.));
#621 = CARTESIAN_POINT('',(4.86943610178,-1.461127596439,10.));
#622 = ORIENTED_EDGE('',*,*,#623,.T.);
#623 = EDGE_CURVE('',#616,#624,#626,.T.);
#624 = VERTEX_POINT('',#625);
#625 = CARTESIAN_POINT('',(4.477002867359,-1.587054896142,10.));
#626 = B_SPLINE_CURVE_WITH_KNOTS('',2,(#627,#628,#629),.UNSPECIFIED.,.F.
  ,.F.,(3,3),(0.,1.),.PIECEWISE_BEZIER_KNOTS.);
#627 = CARTESIAN_POINT('',(4.86943610178,-1.461127596439,10.));
#628 = CARTESIAN_POINT('',(4.636127496439,-1.461127596439,10.));
#629 = CARTESIAN_POINT('',(4.477002867359,-1.587054896142,10.));
#630 = ORIENTED_EDGE('',*,*,#631,.T.);
#631 = EDGE_CURVE('',#624,#632,#634,.T.);
#632 = VERTEX_POINT('',#633);
#633 = CARTESIAN_POINT('',(4.226817407418,-1.961683976261,10.));
#634 = B_SPLINE_CURVE_WITH_KNOTS('',2,(#635,#636,#637),.UNSPECIFIED.,.F.
  ,.F.,(3,3),(0.,1.),.PIECEWISE_BEZIER_KNOTS.);
#635 = CARTESIAN_POINT('',(4.477002867359,-1.587054896142,10.));
#636 = CARTESIAN_POINT('',(4.317878238279,-1.712796735905,10.));
#637 = CARTESIAN_POINT('',(4.226817407418,-1.961683976261,10.));
#638 = ORIENTED_EDGE('',*,*,#639,.T.);
#639 = EDGE_CURVE('',#632,#640,#642,.T.);
#640 = VERTEX_POINT('',#641);
#641 = CARTESIAN_POINT('',(4.096068149258,-2.573516320475,10.));
#642 = B_SPLINE_CURVE_WITH_KNOTS('',2,(#643,#644,#645),.UNSPECIFIED.,.F.
  ,.F.,(3,3),(0.,1.),.PIECEWISE_BEZIER_KNOTS.);
#643 = CARTESIAN_POINT('',(4.226817407418,-1.961683976261,10.));
#644 = CARTESIAN_POINT('',(4.135942036499,-2.210385756677,10.));
#645 = CARTESIAN_POINT('',(4.096068149258,-2.573516320475,10.));
#646 = ORIENTED_EDGE('',*,*,#647,.T.);
#647 = EDGE_CURVE('',#640,#648,#650,.T.);
#648 = VERTEX_POINT('',#649);
#649 = CARTESIAN_POINT('',(4.056379721958,-3.428486646884,10.));
#650 = B_SPLINE_CURVE_WITH_KNOTS('',2,(#651,#652,#653),.UNSPECIFIED.,.F.
  ,.F.,(3,3),(0.,1.),.PIECEWISE_BEZIER_KNOTS.);
#651 = CARTESIAN_POINT('',(4.096068149258,-2.573516320475,10.));
#652 = CARTESIAN_POINT('',(4.056379721958,-2.936646884273,10.));
#653 = CARTESIAN_POINT('',(4.056379721958,-3.428486646884,10.));
#654 = ORIENTED_EDGE('',*,*,#655,.T.);
#655 = EDGE_CURVE('',#648,#656,#658,.T.);
#656 = VERTEX_POINT('',#657);
#657 = CARTESIAN_POINT('',(4.096068149258,-4.286424332344,10.));
#658 = B_SPLINE_CURVE_WITH_KNOTS('',2,(#659,#660,#661),.UNSPECIFIED.,.F.
  ,.F.,(3,3),(0.,1.),.PIECEWISE_BEZIER_KNOTS.);
#659 = CARTESIAN_POINT('',(4.056379721958,-3.428486646884,10.));
#660 = CARTESIAN_POINT('',(4.056379721958,-3.920326409496,10.));
#661 = CARTESIAN_POINT('',(4.096068149258,-4.286424332344,10.));
#662 = ORIENTED_EDGE('',*,*,#663,.T.);
#663 = EDGE_CURVE('',#656,#664,#666,.T.);
#664 = VERTEX_POINT('',#665);
#665 = CARTESIAN_POINT('',(4.226817407418,-4.898442136499,10.));
#666 = B_SPLINE_CURVE_WITH_KNOTS('',2,(#667,#668,#669),.UNSPECIFIED.,.F.
  ,.F.,(3,3),(0.,1.),.PIECEWISE_BEZIER_KNOTS.);
#667 = CARTESIAN_POINT('',(4.096068149258,-4.286424332344,10.));
#668 = CARTESIAN_POINT('',(4.135942036499,-4.652522255193,10.));
#669 = CARTESIAN_POINT('',(4.226817407418,-4.898442136499,10.));
#670 = ORIENTED_EDGE('',*,*,#671,.T.);
#671 = EDGE_CURVE('',#664,#672,#674,.T.);
#672 = VERTEX_POINT('',#673);
#673 = CARTESIAN_POINT('',(4.477002867359,-5.273071216617,10.));
#674 = B_SPLINE_CURVE_WITH_KNOTS('',2,(#675,#676,#677),.UNSPECIFIED.,.F.
  ,.F.,(3,3),(0.,1.),.PIECEWISE_BEZIER_KNOTS.);
#675 = CARTESIAN_POINT('',(4.226817407418,-4.898442136499,10.));
#676 = CARTESIAN_POINT('',(4.317878238279,-5.144362017804,10.));
#677 = CARTESIAN_POINT('',(4.477002867359,-5.273071216617,10.));
#678 = ORIENTED_EDGE('',*,*,#679,.T.);
#679 = EDGE_CURVE('',#672,#680,#682,.T.);
#680 = VERTEX_POINT('',#681);
#681 = CARTESIAN_POINT('',(4.86943610178,-5.40178041543,10.));
#682 = B_SPLINE_CURVE_WITH_KNOTS('',2,(#683,#684,#685),.UNSPECIFIED.,.F.
  ,.F.,(3,3),(0.,1.),.PIECEWISE_BEZIER_KNOTS.);
#683 = CARTESIAN_POINT('',(4.477002867359,-5.273071216617,10.));
#684 = CARTESIAN_POINT('',(4.636127496439,-5.40178041543,10.));
#685 = CARTESIAN_POINT('',(4.86943610178,-5.40178041543,10.));
#686 = ORIENTED_EDGE('',*,*,#687,.T.);
#687 = EDGE_CURVE('',#680,#688,#690,.T.);
#688 = VERTEX_POINT('',#689);
#689 = CARTESIAN_POINT('',(4.96012601276,-5.442210682493,10.));
#690 = B_SPLINE_CURVE_WITH_KNOTS('',2,(#691,#692,#693),.UNSPECIFIED.,.F.
  ,.F.,(3,3),(0.,1.),.PIECEWISE_BEZIER_KNOTS.);
#691 = CARTESIAN_POINT('',(4.86943610178,-5.40178041543,10.));
#692 = CARTESIAN_POINT('',(4.92043758546,-5.40178041543,10.));
#693 = CARTESIAN_POINT('',(4.96012601276,-5.442210682493,10.));
#694 = ORIENTED_EDGE('',*,*,#695,.T.);
#695 = EDGE_CURVE('',#688,#696,#698,.T.);
#696 = VERTEX_POINT('',#697);
#697 = CARTESIAN_POINT('',(4.9999999,-5.546439169139,10.));
#698 = B_SPLINE_CURVE_WITH_KNOTS('',2,(#699,#700,#701),.UNSPECIFIED.,.F.
  ,.F.,(3,3),(0.,1.),.PIECEWISE_BEZIER_KNOTS.);
#699 = CARTESIAN_POINT('',(4.96012601276,-5.442210682493,10.));
#700 = CARTESIAN_POINT('',(4.9999999,-5.482826409496,10.));
#701 = CARTESIAN_POINT('',(4.9999999,-5.546439169139,10.));
#702 = ORIENTED_EDGE('',*,*,#703,.T.);
#703 = EDGE_CURVE('',#696,#704,#706,.T.);
#704 = VERTEX_POINT('',#705);
#705 = CARTESIAN_POINT('',(4.9999999,-5.957418397626,10.));
#706 = LINE('',#707,#708);
#707 = CARTESIAN_POINT('',(4.9999999,-5.546439169139,10.));
#708 = VECTOR('',#709,1.);
#709 = DIRECTION('',(0.,-1.,0.));
#710 = ORIENTED_EDGE('',*,*,#711,.T.);
#711 = EDGE_CURVE('',#704,#510,#712,.T.);
#712 = B_SPLINE_CURVE_WITH_KNOTS('',2,(#713,#714,#715),.UNSPECIFIED.,.F.
  ,.F.,(3,3),(0.,1.),.PIECEWISE_BEZIER_KNOTS.);
#713 = CARTESIAN_POINT('',(4.9999999,-5.957418397626,10.));
#714 = CARTESIAN_POINT('',(4.9999999,-6.01528189911,10.));
#715 = CARTESIAN_POINT('',(4.957158653709,-6.058679525223,10.));
#716 = FACE_BOUND('',#717,.T.);
#717 = EDGE_LOOP('',(#718,#728,#736,#744,#752,#760,#768,#776,#784,#792,
    #800,#808,#816,#824,#832,#840,#848,#856,#864,#872,#880));
#718 = ORIENTED_EDGE('',*,*,#719,.T.);
#719 = EDGE_CURVE('',#720,#722,#724,.T.);
#720 = VERTEX_POINT('',#721);
#721 = CARTESIAN_POINT('',(-0.951743223442,-0.247329376855,10.));
#722 = VERTEX_POINT('',#723);
#723 = CARTESIAN_POINT('',(-2.260867852522,-0.483086053412,10.));
#724 = B_SPLINE_CURVE_WITH_KNOTS('',2,(#725,#726,#727),.UNSPECIFIED.,.F.
  ,.F.,(3,3),(0.,1.),.PIECEWISE_BEZIER_KNOTS.);
#725 = CARTESIAN_POINT('',(-0.951743223442,-0.247329376855,10.));
#726 = CARTESIAN_POINT('',(-1.470511769436,-0.483086053412,10.));
#727 = CARTESIAN_POINT('',(-2.260867852522,-0.483086053412,10.));
#728 = ORIENTED_EDGE('',*,*,#729,.T.);
#729 = EDGE_CURVE('',#722,#730,#732,.T.);
#730 = VERTEX_POINT('',#731);
#731 = CARTESIAN_POINT('',(-3.294769929674,-0.343137982196,10.));
#732 = B_SPLINE_CURVE_WITH_KNOTS('',2,(#733,#734,#735),.UNSPECIFIED.,.F.
  ,.F.,(3,3),(0.,1.),.PIECEWISE_BEZIER_KNOTS.);
#733 = CARTESIAN_POINT('',(-2.260867852522,-0.483086053412,10.));
#734 = CARTESIAN_POINT('',(-2.851557763501,-0.483086053412,10.));
#735 = CARTESIAN_POINT('',(-3.294769929674,-0.343137982196,10.));
#736 = ORIENTED_EDGE('',*,*,#737,.T.);
#737 = EDGE_CURVE('',#730,#738,#740,.T.);
#738 = VERTEX_POINT('',#739);
#739 = CARTESIAN_POINT('',(-4.025148267953,3.646142433234E-02,10.));
#740 = B_SPLINE_CURVE_WITH_KNOTS('',2,(#741,#742,#743),.UNSPECIFIED.,.F.
  ,.F.,(3,3),(0.,1.),.PIECEWISE_BEZIER_KNOTS.);
#741 = CARTESIAN_POINT('',(-3.294769929674,-0.343137982196,10.));
#742 = CARTESIAN_POINT('',(-3.737722451929,-0.203189910979,10.));
#743 = CARTESIAN_POINT('',(-4.025148267953,3.646142433234E-02,10.));
#744 = ORIENTED_EDGE('',*,*,#745,.T.);
#745 = EDGE_CURVE('',#738,#746,#748,.T.);
#746 = VERTEX_POINT('',#747);
#747 = CARTESIAN_POINT('',(-4.456416813947,0.595994065282,10.));
#748 = B_SPLINE_CURVE_WITH_KNOTS('',2,(#749,#750,#751),.UNSPECIFIED.,.F.
  ,.F.,(3,3),(0.,1.),.PIECEWISE_BEZIER_KNOTS.);
#749 = CARTESIAN_POINT('',(-4.025148267953,3.646142433234E-02,10.));
#750 = CARTESIAN_POINT('',(-4.312574083976,0.276112759644,10.));
#751 = CARTESIAN_POINT('',(-4.456416813947,0.595994065282,10.));
#752 = ORIENTED_EDGE('',*,*,#753,.T.);
#753 = EDGE_CURVE('',#746,#754,#756,.T.);
#754 = VERTEX_POINT('',#755);
#755 = CARTESIAN_POINT('',(-4.5999999,1.275222551929,10.));
#756 = B_SPLINE_CURVE_WITH_KNOTS('',2,(#757,#758,#759),.UNSPECIFIED.,.F.
  ,.F.,(3,3),(0.,1.),.PIECEWISE_BEZIER_KNOTS.);
#757 = CARTESIAN_POINT('',(-4.456416813947,0.595994065282,10.));
#758 = CARTESIAN_POINT('',(-4.5999999,0.91587537092,10.));
#759 = CARTESIAN_POINT('',(-4.5999999,1.275222551929,10.));
#760 = ORIENTED_EDGE('',*,*,#761,.T.);
#761 = EDGE_CURVE('',#754,#762,#764,.T.);
#762 = VERTEX_POINT('',#763);
#763 = CARTESIAN_POINT('',(-4.380600790208,2.050519287834,10.));
#764 = B_SPLINE_CURVE_WITH_KNOTS('',2,(#765,#766,#767),.UNSPECIFIED.,.F.
  ,.F.,(3,3),(0.,1.),.PIECEWISE_BEZIER_KNOTS.);
#765 = CARTESIAN_POINT('',(-4.5999999,1.275222551929,10.));
#766 = CARTESIAN_POINT('',(-4.5999999,1.715059347181,10.));
#767 = CARTESIAN_POINT('',(-4.380600790208,2.050519287834,10.));
#768 = ORIENTED_EDGE('',*,*,#769,.T.);
#769 = EDGE_CURVE('',#762,#770,#772,.T.);
#770 = VERTEX_POINT('',#771);
#771 = CARTESIAN_POINT('',(-3.825741739763,2.570326409496,10.));
#772 = B_SPLINE_CURVE_WITH_KNOTS('',2,(#773,#774,#775),.UNSPECIFIED.,.F.
  ,.F.,(3,3),(0.,1.),.PIECEWISE_BEZIER_KNOTS.);
#773 = CARTESIAN_POINT('',(-4.380600790208,2.050519287834,10.));
#774 = CARTESIAN_POINT('',(-4.160942036499,2.386238872404,10.));
#775 = CARTESIAN_POINT('',(-3.825741739763,2.570326409496,10.));
#776 = ORIENTED_EDGE('',*,*,#777,.T.);
#777 = EDGE_CURVE('',#770,#778,#780,.T.);
#778 = VERTEX_POINT('',#779);
#779 = CARTESIAN_POINT('',(-4.252855983086,3.031713649852,10.));
#780 = B_SPLINE_CURVE_WITH_KNOTS('',2,(#781,#782,#783),.UNSPECIFIED.,.F.
  ,.F.,(3,3),(0.,1.),.PIECEWISE_BEZIER_KNOTS.);
#781 = CARTESIAN_POINT('',(-3.825741739763,2.570326409496,10.));
#782 = CARTESIAN_POINT('',(-4.105118594362,2.754933234421,10.));
#783 = CARTESIAN_POINT('',(-4.252855983086,3.031713649852,10.));
#784 = ORIENTED_EDGE('',*,*,#785,.T.);
#785 = EDGE_CURVE('',#778,#786,#788,.T.);
#786 = VERTEX_POINT('',#787);
#787 = CARTESIAN_POINT('',(-4.40059337181,3.67796735905,10.));
#788 = B_SPLINE_CURVE_WITH_KNOTS('',2,(#789,#790,#791),.UNSPECIFIED.,.F.
  ,.F.,(3,3),(0.,1.),.PIECEWISE_BEZIER_KNOTS.);
#789 = CARTESIAN_POINT('',(-4.252855983086,3.031713649852,10.));
#790 = CARTESIAN_POINT('',(-4.40059337181,3.308494065282,10.));
#791 = CARTESIAN_POINT('',(-4.40059337181,3.67796735905,10.));
#792 = ORIENTED_EDGE('',*,*,#793,.T.);
#793 = EDGE_CURVE('',#786,#794,#796,.T.);
#794 = VERTEX_POINT('',#795);
#795 = CARTESIAN_POINT('',(-4.169510285757,4.488316023739,10.));
#796 = B_SPLINE_CURVE_WITH_KNOTS('',2,(#797,#798,#799),.UNSPECIFIED.,.F.
  ,.F.,(3,3),(0.,1.),.PIECEWISE_BEZIER_KNOTS.);
#797 = CARTESIAN_POINT('',(-4.40059337181,3.67796735905,10.));
#798 = CARTESIAN_POINT('',(-4.40059337181,4.127410979228,10.));
#799 = CARTESIAN_POINT('',(-4.169510285757,4.488316023739,10.));
#800 = ORIENTED_EDGE('',*,*,#801,.T.);
#801 = EDGE_CURVE('',#794,#802,#804,.T.);
#802 = VERTEX_POINT('',#803);
#803 = CARTESIAN_POINT('',(-3.468471710089,5.066283382789,10.));
#804 = B_SPLINE_CURVE_WITH_KNOTS('',2,(#805,#806,#807),.UNSPECIFIED.,.F.
  ,.F.,(3,3),(0.,1.),.PIECEWISE_BEZIER_KNOTS.);
#805 = CARTESIAN_POINT('',(-4.169510285757,4.488316023739,10.));
#806 = CARTESIAN_POINT('',(-3.938427199703,4.849480712166,10.));
#807 = CARTESIAN_POINT('',(-3.468471710089,5.066283382789,10.));
#808 = ORIENTED_EDGE('',*,*,#809,.T.);
#809 = EDGE_CURVE('',#802,#810,#812,.T.);
#810 = VERTEX_POINT('',#811);
#811 = CARTESIAN_POINT('',(-2.265801086944,5.283086053412,10.));
#812 = B_SPLINE_CURVE_WITH_KNOTS('',2,(#813,#814,#815),.UNSPECIFIED.,.F.
  ,.F.,(3,3),(0.,1.),.PIECEWISE_BEZIER_KNOTS.);
#813 = CARTESIAN_POINT('',(-3.468471710089,5.066283382789,10.));
#814 = CARTESIAN_POINT('',(-2.998516220475,5.283086053412,10.));
#815 = CARTESIAN_POINT('',(-2.265801086944,5.283086053412,10.));
#816 = ORIENTED_EDGE('',*,*,#817,.T.);
#817 = EDGE_CURVE('',#810,#818,#820,.T.);
#818 = VERTEX_POINT('',#819);
#819 = CARTESIAN_POINT('',(-1.070660137389,5.07043768546,10.));
#820 = B_SPLINE_CURVE_WITH_KNOTS('',2,(#821,#822,#823),.UNSPECIFIED.,.F.
  ,.F.,(3,3),(0.,1.),.PIECEWISE_BEZIER_KNOTS.);
#821 = CARTESIAN_POINT('',(-2.265801086944,5.283086053412,10.));
#822 = CARTESIAN_POINT('',(-1.540615627003,5.283086053412,10.));
#823 = CARTESIAN_POINT('',(-1.070660137389,5.07043768546,10.));
#824 = ORIENTED_EDGE('',*,*,#825,.T.);
#825 = EDGE_CURVE('',#818,#826,#828,.T.);
#826 = VERTEX_POINT('',#827);
#827 = CARTESIAN_POINT('',(-0.373775864392,4.49662462908,10.));
#828 = B_SPLINE_CURVE_WITH_KNOTS('',2,(#829,#830,#831),.UNSPECIFIED.,.F.
  ,.F.,(3,3),(0.,1.),.PIECEWISE_BEZIER_KNOTS.);
#829 = CARTESIAN_POINT('',(-1.070660137389,5.07043768546,10.));
#830 = CARTESIAN_POINT('',(-0.600704647774,4.857789317507,10.));
#831 = CARTESIAN_POINT('',(-0.373775864392,4.49662462908,10.));
#832 = ORIENTED_EDGE('',*,*,#833,.T.);
#833 = EDGE_CURVE('',#826,#834,#836,.T.);
#834 = VERTEX_POINT('',#835);
#835 = CARTESIAN_POINT('',(-0.146587437092,3.686016320475,10.));
#836 = B_SPLINE_CURVE_WITH_KNOTS('',2,(#837,#838,#839),.UNSPECIFIED.,.F.
  ,.F.,(3,3),(0.,1.),.PIECEWISE_BEZIER_KNOTS.);
#837 = CARTESIAN_POINT('',(-0.373775864392,4.49662462908,10.));
#838 = CARTESIAN_POINT('',(-0.146587437092,4.135459940653,10.));
#839 = CARTESIAN_POINT('',(-0.146587437092,3.686016320475,10.));
#840 = ORIENTED_EDGE('',*,*,#841,.T.);
#841 = EDGE_CURVE('',#834,#842,#844,.T.);
#842 = VERTEX_POINT('',#843);
#843 = CARTESIAN_POINT('',(-0.289391591395,3.039762611276,10.));
#844 = B_SPLINE_CURVE_WITH_KNOTS('',2,(#845,#846,#847),.UNSPECIFIED.,.F.
  ,.F.,(3,3),(0.,1.),.PIECEWISE_BEZIER_KNOTS.);
#845 = CARTESIAN_POINT('',(-0.146587437092,3.686016320475,10.));
#846 = CARTESIAN_POINT('',(-0.146587437092,3.324591988131,10.));
#847 = CARTESIAN_POINT('',(-0.289391591395,3.039762611276,10.));
#848 = ORIENTED_EDGE('',*,*,#849,.T.);
#849 = EDGE_CURVE('',#842,#850,#852,.T.);
#850 = VERTEX_POINT('',#851);
#851 = CARTESIAN_POINT('',(-0.701706131454,2.570326409496,10.));
#852 = B_SPLINE_CURVE_WITH_KNOTS('',2,(#853,#854,#855),.UNSPECIFIED.,.F.
  ,.F.,(3,3),(0.,1.),.PIECEWISE_BEZIER_KNOTS.);
#853 = CARTESIAN_POINT('',(-0.289391591395,3.039762611276,10.));
#854 = CARTESIAN_POINT('',(-0.43193610178,2.754933234421,10.));
#855 = CARTESIAN_POINT('',(-0.701706131454,2.570326409496,10.));
#856 = ORIENTED_EDGE('',*,*,#857,.T.);
#857 = EDGE_CURVE('',#850,#858,#860,.T.);
#858 = VERTEX_POINT('',#859);
#859 = CARTESIAN_POINT('',(-0.126854499407,2.050519287834,10.));
#860 = B_SPLINE_CURVE_WITH_KNOTS('',2,(#861,#862,#863),.UNSPECIFIED.,.F.
  ,.F.,(3,3),(0.,1.),.PIECEWISE_BEZIER_KNOTS.);
#861 = CARTESIAN_POINT('',(-0.701706131454,2.570326409496,10.));
#862 = CARTESIAN_POINT('',(-0.339762511276,2.394287833828,10.));
#863 = CARTESIAN_POINT('',(-0.126854499407,2.050519287834,10.));
#864 = ORIENTED_EDGE('',*,*,#865,.T.);
#865 = EDGE_CURVE('',#858,#866,#868,.T.);
#866 = VERTEX_POINT('',#867);
#867 = CARTESIAN_POINT('',(8.605351246291E-02,1.267173590504,10.));
#868 = B_SPLINE_CURVE_WITH_KNOTS('',2,(#869,#870,#871),.UNSPECIFIED.,.F.
  ,.F.,(3,3),(0.,1.),.PIECEWISE_BEZIER_KNOTS.);
#869 = CARTESIAN_POINT('',(-0.126854499407,2.050519287834,10.));
#870 = CARTESIAN_POINT('',(8.605351246291E-02,1.707010385757,10.));
#871 = CARTESIAN_POINT('',(8.605351246291E-02,1.267173590504,10.));
#872 = ORIENTED_EDGE('',*,*,#873,.T.);
#873 = EDGE_CURVE('',#866,#874,#876,.T.);
#874 = VERTEX_POINT('',#875);
#875 = CARTESIAN_POINT('',(-0.173590404451,0.388278931751,10.));
#876 = B_SPLINE_CURVE_WITH_KNOTS('',2,(#877,#878,#879),.UNSPECIFIED.,.F.
  ,.F.,(3,3),(0.,1.),.PIECEWISE_BEZIER_KNOTS.);
#877 = CARTESIAN_POINT('',(8.605351246291E-02,1.267173590504,10.));
#878 = CARTESIAN_POINT('',(8.605351246291E-02,0.787870919881,10.));
#879 = CARTESIAN_POINT('',(-0.173590404451,0.388278931751,10.));
#880 = ORIENTED_EDGE('',*,*,#881,.T.);
#881 = EDGE_CURVE('',#874,#720,#882,.T.);
#882 = B_SPLINE_CURVE_WITH_KNOTS('',2,(#883,#884,#885),.UNSPECIFIED.,.F.
  ,.F.,(3,3),(0.,1.),.PIECEWISE_BEZIER_KNOTS.);
#883 = CARTESIAN_POINT('',(-0.173590404451,0.388278931751,10.));
#884 = CARTESIAN_POINT('',(-0.432974677448,-1.131305637982E-02,10.));
#885 = CARTESIAN_POINT('',(-0.951743223442,-0.247329376855,10.));
#886 = PLANE('',#887);
#887 = AXIS2_PLACEMENT_3D('',#888,#889,#890);
#888 = CARTESIAN_POINT('',(-7.1E-16,2.2E-16,10.));
#889 = DIRECTION('',(0.,0.,1.));
#890 = DIRECTION('',(1.,0.,0.));
#891 = ADVANCED_FACE('',(#892),#920,.T.);
#892 = FACE_BOUND('',#893,.T.);
#893 = EDGE_LOOP('',(#894,#901,#911,#917,#918,#919));
#894 = ORIENTED_EDGE('',*,*,#895,.T.);
#895 = EDGE_CURVE('',#202,#896,#898,.T.);
#896 = VERTEX_POINT('',#897);
#897 = CARTESIAN_POINT('',(7.102758617143,-5.68854505477,9.510673251699)
  );
#898 = B_SPLINE_CURVE_WITH_KNOTS('',1,(#899,#900),.UNSPECIFIED.,.F.,.F.,
  (2,2),(0.,1.),.PIECEWISE_BEZIER_KNOTS.);
#899 = CARTESIAN_POINT('',(9.1,-7.685786437627,0.));
#900 = CARTESIAN_POINT('',(7.,-5.585786437627,10.));
#901 = ORIENTED_EDGE('',*,*,#902,.F.);
#902 = EDGE_CURVE('',#903,#896,#905,.T.);
#903 = VERTEX_POINT('',#904);
#904 = CARTESIAN_POINT('',(7.090418714604,-5.696677530706,9.520690934088
    ));
#905 = B_SPLINE_CURVE_WITH_KNOTS('',4,(#906,#907,#908,#909,#910),
  .UNSPECIFIED.,.F.,.F.,(5,5),(0.,1.),.PIECEWISE_BEZIER_KNOTS.);
#906 = CARTESIAN_POINT('',(7.090487040287,-5.696632501422,9.520635466471
    ));
#907 = CARTESIAN_POINT('',(7.093554934501,-5.694610639759,9.518144912778
    ));
#908 = CARTESIAN_POINT('',(7.096622828715,-5.692588778096,9.515654359085
    ));
#909 = CARTESIAN_POINT('',(7.099690722929,-5.690566916433,9.513163805392
    ));
#910 = CARTESIAN_POINT('',(7.102758617143,-5.68854505477,9.510673251699)
  );
#911 = ORIENTED_EDGE('',*,*,#912,.F.);
#912 = EDGE_CURVE('',#375,#903,#913,.T.);
#913 = LINE('',#914,#915);
#914 = CARTESIAN_POINT('',(5.686441341468,-7.100654903841,9.520690934088
    ));
#915 = VECTOR('',#916,1.);
#916 = DIRECTION('',(0.707106781187,0.707106781187,0.));
#917 = ORIENTED_EDGE('',*,*,#404,.T.);
#918 = ORIENTED_EDGE('',*,*,#347,.F.);
#919 = ORIENTED_EDGE('',*,*,#201,.T.);
#920 = PLANE('',#921);
#921 = AXIS2_PLACEMENT_3D('',#922,#923,#924);
#922 = CARTESIAN_POINT('',(5.585786437627,-7.,10.));
#923 = DIRECTION('',(0.677845381581,-0.677845381581,0.284695060264));
#924 = DIRECTION('',(0.707106781187,0.707106781187,5.551115123126E-17));
#925 = ADVANCED_FACE('',(#926),#945,.T.);
#926 = FACE_BOUND('',#927,.T.);
#927 = EDGE_LOOP('',(#928,#935,#943,#944));
#928 = ORIENTED_EDGE('',*,*,#929,.T.);
#929 = EDGE_CURVE('',#210,#930,#932,.T.);
#930 = VERTEX_POINT('',#931);
#931 = CARTESIAN_POINT('',(7.102758617143,5.68854505477,9.510673251699)
  );
#932 = B_SPLINE_CURVE_WITH_KNOTS('',1,(#933,#934),.UNSPECIFIED.,.F.,.F.,
  (2,2),(0.,1.),.PIECEWISE_BEZIER_KNOTS.);
#933 = CARTESIAN_POINT('',(9.1,7.685786437627,0.));
#934 = CARTESIAN_POINT('',(7.,5.585786437627,10.));
#935 = ORIENTED_EDGE('',*,*,#936,.F.);
#936 = EDGE_CURVE('',#896,#930,#937,.T.);
#937 = B_SPLINE_CURVE_WITH_KNOTS('',2,(#938,#939,#940,#941,#942),
  .UNSPECIFIED.,.F.,.F.,(3,1,1,3),(-1.183700259966,-0.5,11.671572875254,
    12.355273135219),.UNSPECIFIED.);
#938 = CARTESIAN_POINT('',(7.102758617143,-6.769486697592,9.510673251699
    ));
#939 = CARTESIAN_POINT('',(7.102758617143,-6.42763656761,9.510673251699)
  );
#940 = CARTESIAN_POINT('',(7.102758617143,0.,9.510673251699));
#941 = CARTESIAN_POINT('',(7.102758617143,6.42763656761,9.510673251699)
  );
#942 = CARTESIAN_POINT('',(7.102758617143,6.769486697592,9.510673251699)
  );
#943 = ORIENTED_EDGE('',*,*,#895,.F.);
#944 = ORIENTED_EDGE('',*,*,#209,.T.);
#945 = B_SPLINE_SURFACE_WITH_KNOTS('',1,1,(
    (#946,#947)
    ,(#948,#949
    )),.UNSPECIFIED.,.F.,.F.,.F.,(2,2),(2,2),(0.,15.371572875254),(0.,1.
    ),.PIECEWISE_BEZIER_KNOTS.);
#946 = CARTESIAN_POINT('',(9.1,-7.685786437627,0.));
#947 = CARTESIAN_POINT('',(7.,-5.585786437627,10.));
#948 = CARTESIAN_POINT('',(9.1,7.685786437627,0.));
#949 = CARTESIAN_POINT('',(7.,5.585786437627,10.));
#950 = ADVANCED_FACE('',(#951),#988,.T.);
#951 = FACE_BOUND('',#952,.T.);
#952 = EDGE_LOOP('',(#953,#960,#970,#978,#986,#987));
#953 = ORIENTED_EDGE('',*,*,#954,.T.);
#954 = EDGE_CURVE('',#218,#955,#957,.T.);
#955 = VERTEX_POINT('',#956);
#956 = CARTESIAN_POINT('',(5.68854505477,7.102758617143,9.510673251699)
  );
#957 = B_SPLINE_CURVE_WITH_KNOTS('',1,(#958,#959),.UNSPECIFIED.,.F.,.F.,
  (2,2),(0.,1.),.PIECEWISE_BEZIER_KNOTS.);
#958 = CARTESIAN_POINT('',(7.685786437627,9.1,0.));
#959 = CARTESIAN_POINT('',(5.585786437627,7.,10.));
#960 = ORIENTED_EDGE('',*,*,#961,.F.);
#961 = EDGE_CURVE('',#962,#955,#964,.T.);
#962 = VERTEX_POINT('',#963);
#963 = CARTESIAN_POINT('',(5.696677530706,7.090418714604,9.520690934088)
  );
#964 = B_SPLINE_CURVE_WITH_KNOTS('',4,(#965,#966,#967,#968,#969),
  .UNSPECIFIED.,.F.,.F.,(5,5),(0.,1.),.PIECEWISE_BEZIER_KNOTS.);
#965 = CARTESIAN_POINT('',(5.696632501422,7.090487040287,9.520635466471)
  );
#966 = CARTESIAN_POINT('',(5.694610639759,7.093554934501,9.518144912778)
  );
#967 = CARTESIAN_POINT('',(5.692588778096,7.096622828715,9.515654359085)
  );
#968 = CARTESIAN_POINT('',(5.690566916433,7.099690722929,9.513163805392)
  );
#969 = CARTESIAN_POINT('',(5.68854505477,7.102758617143,9.510673251699)
  );
#970 = ORIENTED_EDGE('',*,*,#971,.F.);
#971 = EDGE_CURVE('',#972,#962,#974,.T.);
#972 = VERTEX_POINT('',#973);
#973 = CARTESIAN_POINT('',(7.090418714604,5.696677530706,9.520690934088)
  );
#974 = LINE('',#975,#976);
#975 = CARTESIAN_POINT('',(7.100654903841,5.686441341468,9.520690934088)
  );
#976 = VECTOR('',#977,1.);
#977 = DIRECTION('',(-0.707106781187,0.707106781187,0.));
#978 = ORIENTED_EDGE('',*,*,#979,.T.);
#979 = EDGE_CURVE('',#972,#930,#980,.T.);
#980 = B_SPLINE_CURVE_WITH_KNOTS('',4,(#981,#982,#983,#984,#985),
  .UNSPECIFIED.,.F.,.F.,(5,5),(0.,1.),.PIECEWISE_BEZIER_KNOTS.);
#981 = CARTESIAN_POINT('',(7.090418714604,5.696677530706,9.520690934088)
  );
#982 = CARTESIAN_POINT('',(7.093503690239,5.694644411722,9.518186513491)
  );
#983 = CARTESIAN_POINT('',(7.096588665874,5.692611292738,9.515682092894)
  );
#984 = CARTESIAN_POINT('',(7.099673641508,5.690578173754,9.513177672296)
  );
#985 = CARTESIAN_POINT('',(7.102758617143,5.68854505477,9.510673251699)
  );
#986 = ORIENTED_EDGE('',*,*,#929,.F.);
#987 = ORIENTED_EDGE('',*,*,#217,.T.);
#988 = PLANE('',#989);
#989 = AXIS2_PLACEMENT_3D('',#990,#991,#992);
#990 = CARTESIAN_POINT('',(7.,5.585786437627,10.));
#991 = DIRECTION('',(0.677845381581,0.677845381581,0.284695060264));
#992 = DIRECTION('',(-0.707106781187,0.707106781187,-5.551115123126E-17)
  );
#993 = ADVANCED_FACE('',(#994),#1007,.T.);
#994 = FACE_BOUND('',#995,.T.);
#995 = EDGE_LOOP('',(#996,#997,#1005,#1006));
#996 = ORIENTED_EDGE('',*,*,#333,.T.);
#997 = ORIENTED_EDGE('',*,*,#998,.F.);
#998 = EDGE_CURVE('',#955,#324,#999,.T.);
#999 = B_SPLINE_CURVE_WITH_KNOTS('',2,(#1000,#1001,#1002,#1003,#1004),
  .UNSPECIFIED.,.F.,.F.,(3,1,1,3),(-1.183700259966,-0.5,11.671572875254,
    12.355273135219),.UNSPECIFIED.);
#1000 = CARTESIAN_POINT('',(6.769486697592,7.102758617143,9.510673251699
    ));
#1001 = CARTESIAN_POINT('',(6.42763656761,7.102758617143,9.510673251699)
  );
#1002 = CARTESIAN_POINT('',(3.55E-15,7.102758617143,9.510673251699));
#1003 = CARTESIAN_POINT('',(-6.42763656761,7.102758617143,9.510673251699
    ));
#1004 = CARTESIAN_POINT('',(-6.769486697592,7.102758617143,
    9.510673251699));
#1005 = ORIENTED_EDGE('',*,*,#954,.F.);
#1006 = ORIENTED_EDGE('',*,*,#225,.T.);
#1007 = B_SPLINE_SURFACE_WITH_KNOTS('',1,1,(
    (#1008,#1009)
    ,(#1010,#1011
    )),.UNSPECIFIED.,.F.,.F.,.F.,(2,2),(2,2),(0.,15.371572875254),(0.,1.
    ),.PIECEWISE_BEZIER_KNOTS.);
#1008 = CARTESIAN_POINT('',(7.685786437627,9.1,0.));
#1009 = CARTESIAN_POINT('',(5.585786437627,7.,10.));
#1010 = CARTESIAN_POINT('',(-7.685786437627,9.1,0.));
#1011 = CARTESIAN_POINT('',(-5.585786437627,7.,10.));
#1012 = ADVANCED_FACE('',(#1013),#1038,.F.);
#1013 = FACE_BOUND('',#1014,.F.);
#1014 = EDGE_LOOP('',(#1015,#1025,#1031,#1032));
#1015 = ORIENTED_EDGE('',*,*,#1016,.T.);
#1016 = EDGE_CURVE('',#1017,#1019,#1021,.T.);
#1017 = VERTEX_POINT('',#1018);
#1018 = CARTESIAN_POINT('',(-6.025825461037,-5.293645750422,8.8));
#1019 = VERTEX_POINT('',#1020);
#1020 = CARTESIAN_POINT('',(-6.025825461037,5.293645750422,8.8));
#1021 = LINE('',#1022,#1023);
#1022 = CARTESIAN_POINT('',(-6.025825461037,-4.E-17,8.8));
#1023 = VECTOR('',#1024,1.);
#1024 = DIRECTION('',(-1.E-17,1.,0.));
#1025 = ORIENTED_EDGE('',*,*,#1026,.T.);
#1026 = EDGE_CURVE('',#1019,#244,#1027,.T.);
#1027 = LINE('',#1028,#1029);
#1028 = CARTESIAN_POINT('',(-6.236108874495,5.503929163879,
    7.798650412108));
#1029 = VECTOR('',#1030,1.);
#1030 = DIRECTION('',(-0.201309807683,0.201309807683,-0.958618131824));
#1031 = ORIENTED_EDGE('',*,*,#241,.F.);
#1032 = ORIENTED_EDGE('',*,*,#1033,.T.);
#1033 = EDGE_CURVE('',#242,#1017,#1034,.T.);
#1034 = LINE('',#1035,#1036);
#1035 = CARTESIAN_POINT('',(-6.236108874495,-5.503929163879,
    7.798650412108));
#1036 = VECTOR('',#1037,1.);
#1037 = DIRECTION('',(0.201309807683,0.201309807683,0.958618131824));
#1038 = PLANE('',#1039);
#1039 = AXIS2_PLACEMENT_3D('',#1040,#1041,#1042);
#1040 = CARTESIAN_POINT('',(-6.875615804078,-2.4E-16,4.753379318856));
#1041 = DIRECTION('',(-0.978653496602,-1.E-17,0.205517234286));
#1042 = DIRECTION('',(4.81018304358E-17,-1.,1.803986156085E-16));
#1043 = ADVANCED_FACE('',(#1044),#1062,.F.);
#1044 = FACE_BOUND('',#1045,.F.);
#1045 = EDGE_LOOP('',(#1046,#1047,#1048,#1056));
#1046 = ORIENTED_EDGE('',*,*,#251,.F.);
#1047 = ORIENTED_EDGE('',*,*,#1026,.F.);
#1048 = ORIENTED_EDGE('',*,*,#1049,.T.);
#1049 = EDGE_CURVE('',#1019,#1050,#1052,.T.);
#1050 = VERTEX_POINT('',#1051);
#1051 = CARTESIAN_POINT('',(-5.293645750422,6.025825461037,8.8));
#1052 = LINE('',#1053,#1054);
#1053 = CARTESIAN_POINT('',(-5.306182215136,6.013288996323,8.8));
#1054 = VECTOR('',#1055,1.);
#1055 = DIRECTION('',(0.707106781187,0.707106781187,0.));
#1056 = ORIENTED_EDGE('',*,*,#1057,.F.);
#1057 = EDGE_CURVE('',#252,#1050,#1058,.T.);
#1058 = LINE('',#1059,#1060);
#1059 = CARTESIAN_POINT('',(-5.503929163879,6.236108874495,
    7.798650412108));
#1060 = VECTOR('',#1061,1.);
#1061 = DIRECTION('',(0.201309807683,-0.201309807683,0.958618131824));
#1062 = PLANE('',#1063);
#1063 = AXIS2_PLACEMENT_3D('',#1064,#1065,#1066);
#1064 = CARTESIAN_POINT('',(-4.77237197973,6.186585542103,9.658365927683
    ));
#1065 = DIRECTION('',(-0.677845381581,0.677845381581,0.284695060264));
#1066 = DIRECTION('',(-0.707106781187,-0.707106781187,
    -5.551115123126E-17));
#1067 = ADVANCED_FACE('',(#1068),#1086,.F.);
#1068 = FACE_BOUND('',#1069,.F.);
#1069 = EDGE_LOOP('',(#1070,#1078,#1084,#1085));
#1070 = ORIENTED_EDGE('',*,*,#1071,.T.);
#1071 = EDGE_CURVE('',#1050,#1072,#1074,.T.);
#1072 = VERTEX_POINT('',#1073);
#1073 = CARTESIAN_POINT('',(5.293645750422,6.025825461037,8.8));
#1074 = LINE('',#1075,#1076);
#1075 = CARTESIAN_POINT('',(-7.1E-16,6.025825461037,8.8));
#1076 = VECTOR('',#1077,1.);
#1077 = DIRECTION('',(1.,-2.E-17,0.));
#1078 = ORIENTED_EDGE('',*,*,#1079,.F.);
#1079 = EDGE_CURVE('',#260,#1072,#1080,.T.);
#1080 = LINE('',#1081,#1082);
#1081 = CARTESIAN_POINT('',(5.503929163879,6.236108874495,7.798650412108
    ));
#1082 = VECTOR('',#1083,1.);
#1083 = DIRECTION('',(-0.201309807683,-0.201309807683,0.958618131824));
#1084 = ORIENTED_EDGE('',*,*,#259,.F.);
#1085 = ORIENTED_EDGE('',*,*,#1057,.T.);
#1086 = PLANE('',#1087);
#1087 = AXIS2_PLACEMENT_3D('',#1088,#1089,#1090);
#1088 = CARTESIAN_POINT('',(-8.2E-16,6.875615804078,4.753379318856));
#1089 = DIRECTION('',(2.E-17,0.978653496602,0.205517234286));
#1090 = DIRECTION('',(-1.,-6.996224196875E-18,1.306307929187E-16));
#1091 = ADVANCED_FACE('',(#1092),#1110,.F.);
#1092 = FACE_BOUND('',#1093,.F.);
#1093 = EDGE_LOOP('',(#1094,#1102,#1108,#1109));
#1094 = ORIENTED_EDGE('',*,*,#1095,.T.);
#1095 = EDGE_CURVE('',#1072,#1096,#1098,.T.);
#1096 = VERTEX_POINT('',#1097);
#1097 = CARTESIAN_POINT('',(6.025825461037,5.293645750422,8.8));
#1098 = LINE('',#1099,#1100);
#1099 = CARTESIAN_POINT('',(6.013288996323,5.306182215136,8.8));
#1100 = VECTOR('',#1101,1.);
#1101 = DIRECTION('',(0.707106781187,-0.707106781187,0.));
#1102 = ORIENTED_EDGE('',*,*,#1103,.F.);
#1103 = EDGE_CURVE('',#268,#1096,#1104,.T.);
#1104 = LINE('',#1105,#1106);
#1105 = CARTESIAN_POINT('',(6.236108874495,5.503929163879,7.798650412108
    ));
#1106 = VECTOR('',#1107,1.);
#1107 = DIRECTION('',(-0.201309807683,-0.201309807683,0.958618131824));
#1108 = ORIENTED_EDGE('',*,*,#267,.F.);
#1109 = ORIENTED_EDGE('',*,*,#1079,.T.);
#1110 = PLANE('',#1111);
#1111 = AXIS2_PLACEMENT_3D('',#1112,#1113,#1114);
#1112 = CARTESIAN_POINT('',(6.186585542103,4.77237197973,9.658365927683)
  );
#1113 = DIRECTION('',(0.677845381581,0.677845381581,0.284695060264));
#1114 = DIRECTION('',(-0.707106781187,0.707106781187,-5.551115123126E-17
    ));
#1115 = ADVANCED_FACE('',(#1116),#1134,.F.);
#1116 = FACE_BOUND('',#1117,.F.);
#1117 = EDGE_LOOP('',(#1118,#1126,#1132,#1133));
#1118 = ORIENTED_EDGE('',*,*,#1119,.T.);
#1119 = EDGE_CURVE('',#1096,#1120,#1122,.T.);
#1120 = VERTEX_POINT('',#1121);
#1121 = CARTESIAN_POINT('',(6.025825461037,-5.293645750422,8.8));
#1122 = LINE('',#1123,#1124);
#1123 = CARTESIAN_POINT('',(6.025825461037,4.8E-16,8.8));
#1124 = VECTOR('',#1125,1.);
#1125 = DIRECTION('',(1.E-17,-1.,0.));
#1126 = ORIENTED_EDGE('',*,*,#1127,.F.);
#1127 = EDGE_CURVE('',#276,#1120,#1128,.T.);
#1128 = LINE('',#1129,#1130);
#1129 = CARTESIAN_POINT('',(6.236108874495,-5.503929163879,
    7.798650412108));
#1130 = VECTOR('',#1131,1.);
#1131 = DIRECTION('',(-0.201309807683,0.201309807683,0.958618131824));
#1132 = ORIENTED_EDGE('',*,*,#275,.F.);
#1133 = ORIENTED_EDGE('',*,*,#1103,.T.);
#1134 = PLANE('',#1135);
#1135 = AXIS2_PLACEMENT_3D('',#1136,#1137,#1138);
#1136 = CARTESIAN_POINT('',(6.875615804078,7.2E-16,4.753379318856));
#1137 = DIRECTION('',(0.978653496602,1.E-17,0.205517234286));
#1138 = DIRECTION('',(-1.666518643619E-17,1.,3.07003108484E-17));
#1139 = ADVANCED_FACE('',(#1140),#1158,.F.);
#1140 = FACE_BOUND('',#1141,.F.);
#1141 = EDGE_LOOP('',(#1142,#1150,#1156,#1157));
#1142 = ORIENTED_EDGE('',*,*,#1143,.T.);
#1143 = EDGE_CURVE('',#1120,#1144,#1146,.T.);
#1144 = VERTEX_POINT('',#1145);
#1145 = CARTESIAN_POINT('',(5.293645750422,-6.025825461037,8.8));
#1146 = LINE('',#1147,#1148);
#1147 = CARTESIAN_POINT('',(5.306182215136,-6.013288996323,8.8));
#1148 = VECTOR('',#1149,1.);
#1149 = DIRECTION('',(-0.707106781187,-0.707106781187,0.));
#1150 = ORIENTED_EDGE('',*,*,#1151,.F.);
#1151 = EDGE_CURVE('',#284,#1144,#1152,.T.);
#1152 = LINE('',#1153,#1154);
#1153 = CARTESIAN_POINT('',(5.503929163879,-6.236108874495,
    7.798650412108));
#1154 = VECTOR('',#1155,1.);
#1155 = DIRECTION('',(-0.201309807683,0.201309807683,0.958618131824));
#1156 = ORIENTED_EDGE('',*,*,#283,.F.);
#1157 = ORIENTED_EDGE('',*,*,#1127,.T.);
#1158 = PLANE('',#1159);
#1159 = AXIS2_PLACEMENT_3D('',#1160,#1161,#1162);
#1160 = CARTESIAN_POINT('',(4.77237197973,-6.186585542103,9.658365927683
    ));
#1161 = DIRECTION('',(0.677845381581,-0.677845381581,0.284695060264));
#1162 = DIRECTION('',(0.707106781187,0.707106781187,5.551115123126E-17)
  );
#1163 = ADVANCED_FACE('',(#1164),#1182,.F.);
#1164 = FACE_BOUND('',#1165,.F.);
#1165 = EDGE_LOOP('',(#1166,#1174,#1180,#1181));
#1166 = ORIENTED_EDGE('',*,*,#1167,.T.);
#1167 = EDGE_CURVE('',#1144,#1168,#1170,.T.);
#1168 = VERTEX_POINT('',#1169);
#1169 = CARTESIAN_POINT('',(-5.293645750422,-6.025825461037,8.8));
#1170 = LINE('',#1171,#1172);
#1171 = CARTESIAN_POINT('',(-3.1E-16,-6.025825461037,8.8));
#1172 = VECTOR('',#1173,1.);
#1173 = DIRECTION('',(-1.,0.,0.));
#1174 = ORIENTED_EDGE('',*,*,#1175,.F.);
#1175 = EDGE_CURVE('',#292,#1168,#1176,.T.);
#1176 = LINE('',#1177,#1178);
#1177 = CARTESIAN_POINT('',(-5.503929163879,-6.236108874495,
    7.798650412108));
#1178 = VECTOR('',#1179,1.);
#1179 = DIRECTION('',(0.201309807683,0.201309807683,0.958618131824));
#1180 = ORIENTED_EDGE('',*,*,#291,.F.);
#1181 = ORIENTED_EDGE('',*,*,#1151,.T.);
#1182 = PLANE('',#1183);
#1183 = AXIS2_PLACEMENT_3D('',#1184,#1185,#1186);
#1184 = CARTESIAN_POINT('',(8.E-17,-6.875615804078,4.753379318856));
#1185 = DIRECTION('',(0.,-0.978653496602,0.205517234286));
#1186 = DIRECTION('',(1.,-4.022603198927E-18,-1.915525332823E-17));
#1187 = ADVANCED_FACE('',(#1188),#1199,.F.);
#1188 = FACE_BOUND('',#1189,.F.);
#1189 = EDGE_LOOP('',(#1190,#1196,#1197,#1198));
#1190 = ORIENTED_EDGE('',*,*,#1191,.T.);
#1191 = EDGE_CURVE('',#1168,#1017,#1192,.T.);
#1192 = LINE('',#1193,#1194);
#1193 = CARTESIAN_POINT('',(-6.013288996323,-5.306182215136,8.8));
#1194 = VECTOR('',#1195,1.);
#1195 = DIRECTION('',(-0.707106781187,0.707106781187,0.));
#1196 = ORIENTED_EDGE('',*,*,#1033,.F.);
#1197 = ORIENTED_EDGE('',*,*,#299,.F.);
#1198 = ORIENTED_EDGE('',*,*,#1175,.T.);
#1199 = PLANE('',#1200);
#1200 = AXIS2_PLACEMENT_3D('',#1201,#1202,#1203);
#1201 = CARTESIAN_POINT('',(-6.186585542103,-4.77237197973,
    9.658365927683));
#1202 = DIRECTION('',(-0.677845381581,-0.677845381581,0.284695060264));
#1203 = DIRECTION('',(0.707106781187,-0.707106781187,-5.551115123126E-17
    ));
#1204 = ADVANCED_FACE('',(#1205),#1220,.T.);
#1205 = FACE_BOUND('',#1206,.T.);
#1206 = EDGE_LOOP('',(#1207,#1215,#1216,#1217,#1218,#1219));
#1207 = ORIENTED_EDGE('',*,*,#1208,.T.);
#1208 = EDGE_CURVE('',#488,#962,#1209,.T.);
#1209 = B_SPLINE_CURVE_WITH_KNOTS('',4,(#1210,#1211,#1212,#1213,#1214),
  .UNSPECIFIED.,.F.,.F.,(5,5),(0.,1.),.PIECEWISE_BEZIER_KNOTS.);
#1210 = CARTESIAN_POINT('',(5.37867965644,6.5,10.));
#1211 = CARTESIAN_POINT('',(5.458179125007,6.647604678651,9.880172733522
    ));
#1212 = CARTESIAN_POINT('',(5.537678593573,6.795209357302,9.760345467044
    ));
#1213 = CARTESIAN_POINT('',(5.617178062139,6.942814035953,9.640518200566
    ));
#1214 = CARTESIAN_POINT('',(5.696677530706,7.090418714604,9.520690934088
    ));
#1215 = ORIENTED_EDGE('',*,*,#961,.T.);
#1216 = ORIENTED_EDGE('',*,*,#998,.T.);
#1217 = ORIENTED_EDGE('',*,*,#323,.F.);
#1218 = ORIENTED_EDGE('',*,*,#443,.F.);
#1219 = ORIENTED_EDGE('',*,*,#495,.F.);
#1220 = B_SPLINE_SURFACE_WITH_KNOTS('',1,2,(
    (#1221,#1222,#1223,#1224,#1225)
    ,(#1226,#1227,#1228,#1229,#1230
    )),.UNSPECIFIED.,.F.,.F.,.F.,(2,2),(3,1,1,3),(0.,12.171572875254),(
    -1.183700259966,-0.5,11.671572875254,12.355273135219),
  .UNSPECIFIED.);
#1221 = CARTESIAN_POINT('',(6.769486697592,6.5,10.));
#1222 = CARTESIAN_POINT('',(6.42763656761,6.5,10.));
#1223 = CARTESIAN_POINT('',(3.55E-15,6.5,10.));
#1224 = CARTESIAN_POINT('',(-6.42763656761,6.5,10.));
#1225 = CARTESIAN_POINT('',(-6.769486697592,6.5,10.));
#1226 = CARTESIAN_POINT('',(6.769486697592,7.102758617143,9.510673251699
    ));
#1227 = CARTESIAN_POINT('',(6.42763656761,7.102758617143,9.510673251699)
  );
#1228 = CARTESIAN_POINT('',(3.55E-15,7.102758617143,9.510673251699));
#1229 = CARTESIAN_POINT('',(-6.42763656761,7.102758617143,9.510673251699
    ));
#1230 = CARTESIAN_POINT('',(-6.769486697592,7.102758617143,
    9.510673251699));
#1231 = ADVANCED_FACE('',(#1232),#1245,.T.);
#1232 = FACE_BOUND('',#1233,.F.);
#1233 = EDGE_LOOP('',(#1234,#1235,#1236,#1244));
#1234 = ORIENTED_EDGE('',*,*,#372,.F.);
#1235 = ORIENTED_EDGE('',*,*,#469,.T.);
#1236 = ORIENTED_EDGE('',*,*,#1237,.T.);
#1237 = EDGE_CURVE('',#470,#903,#1238,.T.);
#1238 = B_SPLINE_CURVE_WITH_KNOTS('',4,(#1239,#1240,#1241,#1242,#1243),
  .UNSPECIFIED.,.F.,.F.,(5,5),(0.,1.),.PIECEWISE_BEZIER_KNOTS.);
#1239 = CARTESIAN_POINT('',(6.5,-5.37867965644,10.));
#1240 = CARTESIAN_POINT('',(6.647604678651,-5.458179125007,
    9.880172733522));
#1241 = CARTESIAN_POINT('',(6.795209357302,-5.537678593573,
    9.760345467044));
#1242 = CARTESIAN_POINT('',(6.942814035953,-5.617178062139,
    9.640518200566));
#1243 = CARTESIAN_POINT('',(7.090418714604,-5.696677530706,
    9.520690934088));
#1244 = ORIENTED_EDGE('',*,*,#912,.F.);
#1245 = PLANE('',#1246);
#1246 = AXIS2_PLACEMENT_3D('',#1247,#1248,#1249);
#1247 = CARTESIAN_POINT('',(5.459337194251,-6.873550756624,
    9.760345467044));
#1248 = DIRECTION('',(0.422878510844,-0.422878510844,0.80146586336));
#1249 = DIRECTION('',(-0.707106781187,-0.707106781187,2.775557561563E-17
    ));
#1250 = ADVANCED_FACE('',(#1251),#1266,.T.);
#1251 = FACE_BOUND('',#1252,.T.);
#1252 = EDGE_LOOP('',(#1253,#1254,#1255,#1256,#1257,#1265));
#1253 = ORIENTED_EDGE('',*,*,#1237,.T.);
#1254 = ORIENTED_EDGE('',*,*,#902,.T.);
#1255 = ORIENTED_EDGE('',*,*,#936,.T.);
#1256 = ORIENTED_EDGE('',*,*,#979,.F.);
#1257 = ORIENTED_EDGE('',*,*,#1258,.F.);
#1258 = EDGE_CURVE('',#478,#972,#1259,.T.);
#1259 = B_SPLINE_CURVE_WITH_KNOTS('',4,(#1260,#1261,#1262,#1263,#1264),
  .UNSPECIFIED.,.F.,.F.,(5,5),(0.,1.),.PIECEWISE_BEZIER_KNOTS.);
#1260 = CARTESIAN_POINT('',(6.5,5.37867965644,10.));
#1261 = CARTESIAN_POINT('',(6.647604678651,5.458179125007,9.880172733522
    ));
#1262 = CARTESIAN_POINT('',(6.795209357302,5.537678593573,9.760345467044
    ));
#1263 = CARTESIAN_POINT('',(6.942814035953,5.617178062139,9.640518200566
    ));
#1264 = CARTESIAN_POINT('',(7.090418714604,5.696677530706,9.520690934088
    ));
#1265 = ORIENTED_EDGE('',*,*,#477,.F.);
#1266 = B_SPLINE_SURFACE_WITH_KNOTS('',1,2,(
    (#1267,#1268,#1269,#1270,#1271)
    ,(#1272,#1273,#1274,#1275,#1276
    )),.UNSPECIFIED.,.F.,.F.,.F.,(2,2),(3,1,1,3),(0.,12.171572875254),(
    -1.183700259966,-0.5,11.671572875254,12.355273135219),
  .UNSPECIFIED.);
#1267 = CARTESIAN_POINT('',(6.5,-6.769486697592,10.));
#1268 = CARTESIAN_POINT('',(6.5,-6.42763656761,10.));
#1269 = CARTESIAN_POINT('',(6.5,0.,10.));
#1270 = CARTESIAN_POINT('',(6.5,6.42763656761,10.));
#1271 = CARTESIAN_POINT('',(6.5,6.769486697592,10.));
#1272 = CARTESIAN_POINT('',(7.102758617143,-6.769486697592,
    9.510673251699));
#1273 = CARTESIAN_POINT('',(7.102758617143,-6.42763656761,9.510673251699
    ));
#1274 = CARTESIAN_POINT('',(7.102758617143,0.,9.510673251699));
#1275 = CARTESIAN_POINT('',(7.102758617143,6.42763656761,9.510673251699)
  );
#1276 = CARTESIAN_POINT('',(7.102758617143,6.769486697592,9.510673251699
    ));
#1277 = ADVANCED_FACE('',(#1278),#1284,.T.);
#1278 = FACE_BOUND('',#1279,.F.);
#1279 = EDGE_LOOP('',(#1280,#1281,#1282,#1283));
#1280 = ORIENTED_EDGE('',*,*,#1258,.F.);
#1281 = ORIENTED_EDGE('',*,*,#487,.T.);
#1282 = ORIENTED_EDGE('',*,*,#1208,.T.);
#1283 = ORIENTED_EDGE('',*,*,#971,.F.);
#1284 = PLANE('',#1285);
#1285 = AXIS2_PLACEMENT_3D('',#1286,#1287,#1288);
#1286 = CARTESIAN_POINT('',(6.873550756624,5.459337194251,9.760345467044
    ));
#1287 = DIRECTION('',(0.422878510844,0.422878510844,0.80146586336));
#1288 = DIRECTION('',(0.707106781187,-0.707106781187,-8.326672684689E-17
    ));
#1289 = ADVANCED_FACE('',(#1290),#1315,.T.);
#1290 = FACE_BOUND('',#1291,.T.);
#1291 = EDGE_LOOP('',(#1292,#1300,#1308,#1314));
#1292 = ORIENTED_EDGE('',*,*,#1293,.T.);
#1293 = EDGE_CURVE('',#510,#1294,#1296,.T.);
#1294 = VERTEX_POINT('',#1295);
#1295 = CARTESIAN_POINT('',(4.957158653709,-6.058679525223,9.6));
#1296 = LINE('',#1297,#1298);
#1297 = CARTESIAN_POINT('',(4.957158653709,-6.058679525223,10.));
#1298 = VECTOR('',#1299,1.);
#1299 = DIRECTION('',(-0.,-0.,-1.));
#1300 = ORIENTED_EDGE('',*,*,#1301,.T.);
#1301 = EDGE_CURVE('',#1294,#1302,#1304,.T.);
#1302 = VERTEX_POINT('',#1303);
#1303 = CARTESIAN_POINT('',(4.857566665579,-6.102077151335,9.6));
#1304 = B_SPLINE_CURVE_WITH_KNOTS('',2,(#1305,#1306,#1307),
  .UNSPECIFIED.,.F.,.F.,(3,3),(0.,1.),.PIECEWISE_BEZIER_KNOTS.);
#1305 = CARTESIAN_POINT('',(4.957158653709,-6.058679525223,9.6));
#1306 = CARTESIAN_POINT('',(4.914502867359,-6.102077151335,9.6));
#1307 = CARTESIAN_POINT('',(4.857566665579,-6.102077151335,9.6));
#1308 = ORIENTED_EDGE('',*,*,#1309,.F.);
#1309 = EDGE_CURVE('',#512,#1302,#1310,.T.);
#1310 = LINE('',#1311,#1312);
#1311 = CARTESIAN_POINT('',(4.857566665579,-6.102077151335,10.));
#1312 = VECTOR('',#1313,1.);
#1313 = DIRECTION('',(-0.,-0.,-1.));
#1314 = ORIENTED_EDGE('',*,*,#509,.F.);
#1315 = SURFACE_OF_LINEAR_EXTRUSION('',#1316,#1320);
#1316 = B_SPLINE_CURVE_WITH_KNOTS('',2,(#1317,#1318,#1319),
  .UNSPECIFIED.,.F.,.F.,(3,3),(0.,1.),.PIECEWISE_BEZIER_KNOTS.);
#1317 = CARTESIAN_POINT('',(4.957158653709,-6.058679525223,10.));
#1318 = CARTESIAN_POINT('',(4.914502867359,-6.102077151335,10.));
#1319 = CARTESIAN_POINT('',(4.857566665579,-6.102077151335,10.));
#1320 = VECTOR('',#1321,1.);
#1321 = DIRECTION('',(0.,0.,1.));
#1322 = ADVANCED_FACE('',(#1323),#1341,.T.);
#1323 = FACE_BOUND('',#1324,.T.);
#1324 = EDGE_LOOP('',(#1325,#1333,#1339,#1340));
#1325 = ORIENTED_EDGE('',*,*,#1326,.T.);
#1326 = EDGE_CURVE('',#704,#1327,#1329,.T.);
#1327 = VERTEX_POINT('',#1328);
#1328 = CARTESIAN_POINT('',(4.9999999,-5.957418397626,9.6));
#1329 = LINE('',#1330,#1331);
#1330 = CARTESIAN_POINT('',(4.9999999,-5.957418397626,10.));
#1331 = VECTOR('',#1332,1.);
#1332 = DIRECTION('',(-0.,-0.,-1.));
#1333 = ORIENTED_EDGE('',*,*,#1334,.T.);
#1334 = EDGE_CURVE('',#1327,#1294,#1335,.T.);
#1335 = B_SPLINE_CURVE_WITH_KNOTS('',2,(#1336,#1337,#1338),
  .UNSPECIFIED.,.F.,.F.,(3,3),(0.,1.),.PIECEWISE_BEZIER_KNOTS.);
#1336 = CARTESIAN_POINT('',(4.9999999,-5.957418397626,9.6));
#1337 = CARTESIAN_POINT('',(4.9999999,-6.01528189911,9.6));
#1338 = CARTESIAN_POINT('',(4.957158653709,-6.058679525223,9.6));
#1339 = ORIENTED_EDGE('',*,*,#1293,.F.);
#1340 = ORIENTED_EDGE('',*,*,#711,.F.);
#1341 = SURFACE_OF_LINEAR_EXTRUSION('',#1342,#1346);
#1342 = B_SPLINE_CURVE_WITH_KNOTS('',2,(#1343,#1344,#1345),
  .UNSPECIFIED.,.F.,.F.,(3,3),(0.,1.),.PIECEWISE_BEZIER_KNOTS.);
#1343 = CARTESIAN_POINT('',(4.9999999,-5.957418397626,10.));
#1344 = CARTESIAN_POINT('',(4.9999999,-6.01528189911,10.));
#1345 = CARTESIAN_POINT('',(4.957158653709,-6.058679525223,10.));
#1346 = VECTOR('',#1347,1.);
#1347 = DIRECTION('',(0.,0.,1.));
#1348 = ADVANCED_FACE('',(#1349),#1367,.T.);
#1349 = FACE_BOUND('',#1350,.T.);
#1350 = EDGE_LOOP('',(#1351,#1359,#1365,#1366));
#1351 = ORIENTED_EDGE('',*,*,#1352,.T.);
#1352 = EDGE_CURVE('',#696,#1353,#1355,.T.);
#1353 = VERTEX_POINT('',#1354);
#1354 = CARTESIAN_POINT('',(4.9999999,-5.546439169139,9.6));
#1355 = LINE('',#1356,#1357);
#1356 = CARTESIAN_POINT('',(4.9999999,-5.546439169139,10.));
#1357 = VECTOR('',#1358,1.);
#1358 = DIRECTION('',(-0.,-0.,-1.));
#1359 = ORIENTED_EDGE('',*,*,#1360,.T.);
#1360 = EDGE_CURVE('',#1353,#1327,#1361,.T.);
#1361 = LINE('',#1362,#1363);
#1362 = CARTESIAN_POINT('',(4.9999999,-5.546439169139,9.6));
#1363 = VECTOR('',#1364,1.);
#1364 = DIRECTION('',(0.,-1.,0.));
#1365 = ORIENTED_EDGE('',*,*,#1326,.F.);
#1366 = ORIENTED_EDGE('',*,*,#703,.F.);
#1367 = PLANE('',#1368);
#1368 = AXIS2_PLACEMENT_3D('',#1369,#1370,#1371);
#1369 = CARTESIAN_POINT('',(4.9999999,-5.546439169139,10.));
#1370 = DIRECTION('',(-1.,0.,0.));
#1371 = DIRECTION('',(0.,-1.,0.));
#1372 = ADVANCED_FACE('',(#1373),#1391,.T.);
#1373 = FACE_BOUND('',#1374,.T.);
#1374 = EDGE_LOOP('',(#1375,#1383,#1389,#1390));
#1375 = ORIENTED_EDGE('',*,*,#1376,.T.);
#1376 = EDGE_CURVE('',#688,#1377,#1379,.T.);
#1377 = VERTEX_POINT('',#1378);
#1378 = CARTESIAN_POINT('',(4.96012601276,-5.442210682493,9.6));
#1379 = LINE('',#1380,#1381);
#1380 = CARTESIAN_POINT('',(4.96012601276,-5.442210682493,10.));
#1381 = VECTOR('',#1382,1.);
#1382 = DIRECTION('',(-0.,-0.,-1.));
#1383 = ORIENTED_EDGE('',*,*,#1384,.T.);
#1384 = EDGE_CURVE('',#1377,#1353,#1385,.T.);
#1385 = B_SPLINE_CURVE_WITH_KNOTS('',2,(#1386,#1387,#1388),
  .UNSPECIFIED.,.F.,.F.,(3,3),(0.,1.),.PIECEWISE_BEZIER_KNOTS.);
#1386 = CARTESIAN_POINT('',(4.96012601276,-5.442210682493,9.6));
#1387 = CARTESIAN_POINT('',(4.9999999,-5.482826409496,9.6));
#1388 = CARTESIAN_POINT('',(4.9999999,-5.546439169139,9.6));
#1389 = ORIENTED_EDGE('',*,*,#1352,.F.);
#1390 = ORIENTED_EDGE('',*,*,#695,.F.);
#1391 = SURFACE_OF_LINEAR_EXTRUSION('',#1392,#1396);
#1392 = B_SPLINE_CURVE_WITH_KNOTS('',2,(#1393,#1394,#1395),
  .UNSPECIFIED.,.F.,.F.,(3,3),(0.,1.),.PIECEWISE_BEZIER_KNOTS.);
#1393 = CARTESIAN_POINT('',(4.96012601276,-5.442210682493,10.));
#1394 = CARTESIAN_POINT('',(4.9999999,-5.482826409496,10.));
#1395 = CARTESIAN_POINT('',(4.9999999,-5.546439169139,10.));
#1396 = VECTOR('',#1397,1.);
#1397 = DIRECTION('',(0.,0.,1.));
#1398 = ADVANCED_FACE('',(#1399),#1417,.T.);
#1399 = FACE_BOUND('',#1400,.T.);
#1400 = EDGE_LOOP('',(#1401,#1409,#1415,#1416));
#1401 = ORIENTED_EDGE('',*,*,#1402,.T.);
#1402 = EDGE_CURVE('',#680,#1403,#1405,.T.);
#1403 = VERTEX_POINT('',#1404);
#1404 = CARTESIAN_POINT('',(4.86943610178,-5.40178041543,9.6));
#1405 = LINE('',#1406,#1407);
#1406 = CARTESIAN_POINT('',(4.86943610178,-5.40178041543,10.));
#1407 = VECTOR('',#1408,1.);
#1408 = DIRECTION('',(-0.,-0.,-1.));
#1409 = ORIENTED_EDGE('',*,*,#1410,.T.);
#1410 = EDGE_CURVE('',#1403,#1377,#1411,.T.);
#1411 = B_SPLINE_CURVE_WITH_KNOTS('',2,(#1412,#1413,#1414),
  .UNSPECIFIED.,.F.,.F.,(3,3),(0.,1.),.PIECEWISE_BEZIER_KNOTS.);
#1412 = CARTESIAN_POINT('',(4.86943610178,-5.40178041543,9.6));
#1413 = CARTESIAN_POINT('',(4.92043758546,-5.40178041543,9.6));
#1414 = CARTESIAN_POINT('',(4.96012601276,-5.442210682493,9.6));
#1415 = ORIENTED_EDGE('',*,*,#1376,.F.);
#1416 = ORIENTED_EDGE('',*,*,#687,.F.);
#1417 = SURFACE_OF_LINEAR_EXTRUSION('',#1418,#1422);
#1418 = B_SPLINE_CURVE_WITH_KNOTS('',2,(#1419,#1420,#1421),
  .UNSPECIFIED.,.F.,.F.,(3,3),(0.,1.),.PIECEWISE_BEZIER_KNOTS.);
#1419 = CARTESIAN_POINT('',(4.86943610178,-5.40178041543,10.));
#1420 = CARTESIAN_POINT('',(4.92043758546,-5.40178041543,10.));
#1421 = CARTESIAN_POINT('',(4.96012601276,-5.442210682493,10.));
#1422 = VECTOR('',#1423,1.);
#1423 = DIRECTION('',(0.,0.,1.));
#1424 = ADVANCED_FACE('',(#1425),#1443,.T.);
#1425 = FACE_BOUND('',#1426,.T.);
#1426 = EDGE_LOOP('',(#1427,#1435,#1441,#1442));
#1427 = ORIENTED_EDGE('',*,*,#1428,.T.);
#1428 = EDGE_CURVE('',#672,#1429,#1431,.T.);
#1429 = VERTEX_POINT('',#1430);
#1430 = CARTESIAN_POINT('',(4.477002867359,-5.273071216617,9.6));
#1431 = LINE('',#1432,#1433);
#1432 = CARTESIAN_POINT('',(4.477002867359,-5.273071216617,10.));
#1433 = VECTOR('',#1434,1.);
#1434 = DIRECTION('',(-0.,-0.,-1.));
#1435 = ORIENTED_EDGE('',*,*,#1436,.T.);
#1436 = EDGE_CURVE('',#1429,#1403,#1437,.T.);
#1437 = B_SPLINE_CURVE_WITH_KNOTS('',2,(#1438,#1439,#1440),
  .UNSPECIFIED.,.F.,.F.,(3,3),(0.,1.),.PIECEWISE_BEZIER_KNOTS.);
#1438 = CARTESIAN_POINT('',(4.477002867359,-5.273071216617,9.6));
#1439 = CARTESIAN_POINT('',(4.636127496439,-5.40178041543,9.6));
#1440 = CARTESIAN_POINT('',(4.86943610178,-5.40178041543,9.6));
#1441 = ORIENTED_EDGE('',*,*,#1402,.F.);
#1442 = ORIENTED_EDGE('',*,*,#679,.F.);
#1443 = SURFACE_OF_LINEAR_EXTRUSION('',#1444,#1448);
#1444 = B_SPLINE_CURVE_WITH_KNOTS('',2,(#1445,#1446,#1447),
  .UNSPECIFIED.,.F.,.F.,(3,3),(0.,1.),.PIECEWISE_BEZIER_KNOTS.);
#1445 = CARTESIAN_POINT('',(4.477002867359,-5.273071216617,10.));
#1446 = CARTESIAN_POINT('',(4.636127496439,-5.40178041543,10.));
#1447 = CARTESIAN_POINT('',(4.86943610178,-5.40178041543,10.));
#1448 = VECTOR('',#1449,1.);
#1449 = DIRECTION('',(0.,0.,1.));
#1450 = ADVANCED_FACE('',(#1451),#1469,.T.);
#1451 = FACE_BOUND('',#1452,.T.);
#1452 = EDGE_LOOP('',(#1453,#1461,#1467,#1468));
#1453 = ORIENTED_EDGE('',*,*,#1454,.T.);
#1454 = EDGE_CURVE('',#664,#1455,#1457,.T.);
#1455 = VERTEX_POINT('',#1456);
#1456 = CARTESIAN_POINT('',(4.226817407418,-4.898442136499,9.6));
#1457 = LINE('',#1458,#1459);
#1458 = CARTESIAN_POINT('',(4.226817407418,-4.898442136499,10.));
#1459 = VECTOR('',#1460,1.);
#1460 = DIRECTION('',(-0.,-0.,-1.));
#1461 = ORIENTED_EDGE('',*,*,#1462,.T.);
#1462 = EDGE_CURVE('',#1455,#1429,#1463,.T.);
#1463 = B_SPLINE_CURVE_WITH_KNOTS('',2,(#1464,#1465,#1466),
  .UNSPECIFIED.,.F.,.F.,(3,3),(0.,1.),.PIECEWISE_BEZIER_KNOTS.);
#1464 = CARTESIAN_POINT('',(4.226817407418,-4.898442136499,9.6));
#1465 = CARTESIAN_POINT('',(4.317878238279,-5.144362017804,9.6));
#1466 = CARTESIAN_POINT('',(4.477002867359,-5.273071216617,9.6));
#1467 = ORIENTED_EDGE('',*,*,#1428,.F.);
#1468 = ORIENTED_EDGE('',*,*,#671,.F.);
#1469 = SURFACE_OF_LINEAR_EXTRUSION('',#1470,#1474);
#1470 = B_SPLINE_CURVE_WITH_KNOTS('',2,(#1471,#1472,#1473),
  .UNSPECIFIED.,.F.,.F.,(3,3),(0.,1.),.PIECEWISE_BEZIER_KNOTS.);
#1471 = CARTESIAN_POINT('',(4.226817407418,-4.898442136499,10.));
#1472 = CARTESIAN_POINT('',(4.317878238279,-5.144362017804,10.));
#1473 = CARTESIAN_POINT('',(4.477002867359,-5.273071216617,10.));
#1474 = VECTOR('',#1475,1.);
#1475 = DIRECTION('',(0.,0.,1.));
#1476 = ADVANCED_FACE('',(#1477),#1495,.T.);
#1477 = FACE_BOUND('',#1478,.T.);
#1478 = EDGE_LOOP('',(#1479,#1487,#1493,#1494));
#1479 = ORIENTED_EDGE('',*,*,#1480,.T.);
#1480 = EDGE_CURVE('',#656,#1481,#1483,.T.);
#1481 = VERTEX_POINT('',#1482);
#1482 = CARTESIAN_POINT('',(4.096068149258,-4.286424332344,9.6));
#1483 = LINE('',#1484,#1485);
#1484 = CARTESIAN_POINT('',(4.096068149258,-4.286424332344,10.));
#1485 = VECTOR('',#1486,1.);
#1486 = DIRECTION('',(-0.,-0.,-1.));
#1487 = ORIENTED_EDGE('',*,*,#1488,.T.);
#1488 = EDGE_CURVE('',#1481,#1455,#1489,.T.);
#1489 = B_SPLINE_CURVE_WITH_KNOTS('',2,(#1490,#1491,#1492),
  .UNSPECIFIED.,.F.,.F.,(3,3),(0.,1.),.PIECEWISE_BEZIER_KNOTS.);
#1490 = CARTESIAN_POINT('',(4.096068149258,-4.286424332344,9.6));
#1491 = CARTESIAN_POINT('',(4.135942036499,-4.652522255193,9.6));
#1492 = CARTESIAN_POINT('',(4.226817407418,-4.898442136499,9.6));
#1493 = ORIENTED_EDGE('',*,*,#1454,.F.);
#1494 = ORIENTED_EDGE('',*,*,#663,.F.);
#1495 = SURFACE_OF_LINEAR_EXTRUSION('',#1496,#1500);
#1496 = B_SPLINE_CURVE_WITH_KNOTS('',2,(#1497,#1498,#1499),
  .UNSPECIFIED.,.F.,.F.,(3,3),(0.,1.),.PIECEWISE_BEZIER_KNOTS.);
#1497 = CARTESIAN_POINT('',(4.096068149258,-4.286424332344,10.));
#1498 = CARTESIAN_POINT('',(4.135942036499,-4.652522255193,10.));
#1499 = CARTESIAN_POINT('',(4.226817407418,-4.898442136499,10.));
#1500 = VECTOR('',#1501,1.);
#1501 = DIRECTION('',(0.,0.,1.));
#1502 = ADVANCED_FACE('',(#1503),#1521,.T.);
#1503 = FACE_BOUND('',#1504,.T.);
#1504 = EDGE_LOOP('',(#1505,#1513,#1519,#1520));
#1505 = ORIENTED_EDGE('',*,*,#1506,.T.);
#1506 = EDGE_CURVE('',#648,#1507,#1509,.T.);
#1507 = VERTEX_POINT('',#1508);
#1508 = CARTESIAN_POINT('',(4.056379721958,-3.428486646884,9.6));
#1509 = LINE('',#1510,#1511);
#1510 = CARTESIAN_POINT('',(4.056379721958,-3.428486646884,10.));
#1511 = VECTOR('',#1512,1.);
#1512 = DIRECTION('',(-0.,-0.,-1.));
#1513 = ORIENTED_EDGE('',*,*,#1514,.T.);
#1514 = EDGE_CURVE('',#1507,#1481,#1515,.T.);
#1515 = B_SPLINE_CURVE_WITH_KNOTS('',2,(#1516,#1517,#1518),
  .UNSPECIFIED.,.F.,.F.,(3,3),(0.,1.),.PIECEWISE_BEZIER_KNOTS.);
#1516 = CARTESIAN_POINT('',(4.056379721958,-3.428486646884,9.6));
#1517 = CARTESIAN_POINT('',(4.056379721958,-3.920326409496,9.6));
#1518 = CARTESIAN_POINT('',(4.096068149258,-4.286424332344,9.6));
#1519 = ORIENTED_EDGE('',*,*,#1480,.F.);
#1520 = ORIENTED_EDGE('',*,*,#655,.F.);
#1521 = SURFACE_OF_LINEAR_EXTRUSION('',#1522,#1526);
#1522 = B_SPLINE_CURVE_WITH_KNOTS('',2,(#1523,#1524,#1525),
  .UNSPECIFIED.,.F.,.F.,(3,3),(0.,1.),.PIECEWISE_BEZIER_KNOTS.);
#1523 = CARTESIAN_POINT('',(4.056379721958,-3.428486646884,10.));
#1524 = CARTESIAN_POINT('',(4.056379721958,-3.920326409496,10.));
#1525 = CARTESIAN_POINT('',(4.096068149258,-4.286424332344,10.));
#1526 = VECTOR('',#1527,1.);
#1527 = DIRECTION('',(0.,0.,1.));
#1528 = ADVANCED_FACE('',(#1529),#1547,.T.);
#1529 = FACE_BOUND('',#1530,.T.);
#1530 = EDGE_LOOP('',(#1531,#1539,#1545,#1546));
#1531 = ORIENTED_EDGE('',*,*,#1532,.T.);
#1532 = EDGE_CURVE('',#640,#1533,#1535,.T.);
#1533 = VERTEX_POINT('',#1534);
#1534 = CARTESIAN_POINT('',(4.096068149258,-2.573516320475,9.6));
#1535 = LINE('',#1536,#1537);
#1536 = CARTESIAN_POINT('',(4.096068149258,-2.573516320475,10.));
#1537 = VECTOR('',#1538,1.);
#1538 = DIRECTION('',(-0.,-0.,-1.));
#1539 = ORIENTED_EDGE('',*,*,#1540,.T.);
#1540 = EDGE_CURVE('',#1533,#1507,#1541,.T.);
#1541 = B_SPLINE_CURVE_WITH_KNOTS('',2,(#1542,#1543,#1544),
  .UNSPECIFIED.,.F.,.F.,(3,3),(0.,1.),.PIECEWISE_BEZIER_KNOTS.);
#1542 = CARTESIAN_POINT('',(4.096068149258,-2.573516320475,9.6));
#1543 = CARTESIAN_POINT('',(4.056379721958,-2.936646884273,9.6));
#1544 = CARTESIAN_POINT('',(4.056379721958,-3.428486646884,9.6));
#1545 = ORIENTED_EDGE('',*,*,#1506,.F.);
#1546 = ORIENTED_EDGE('',*,*,#647,.F.);
#1547 = SURFACE_OF_LINEAR_EXTRUSION('',#1548,#1552);
#1548 = B_SPLINE_CURVE_WITH_KNOTS('',2,(#1549,#1550,#1551),
  .UNSPECIFIED.,.F.,.F.,(3,3),(0.,1.),.PIECEWISE_BEZIER_KNOTS.);
#1549 = CARTESIAN_POINT('',(4.096068149258,-2.573516320475,10.));
#1550 = CARTESIAN_POINT('',(4.056379721958,-2.936646884273,10.));
#1551 = CARTESIAN_POINT('',(4.056379721958,-3.428486646884,10.));
#1552 = VECTOR('',#1553,1.);
#1553 = DIRECTION('',(0.,0.,1.));
#1554 = ADVANCED_FACE('',(#1555),#1573,.T.);
#1555 = FACE_BOUND('',#1556,.T.);
#1556 = EDGE_LOOP('',(#1557,#1565,#1571,#1572));
#1557 = ORIENTED_EDGE('',*,*,#1558,.T.);
#1558 = EDGE_CURVE('',#632,#1559,#1561,.T.);
#1559 = VERTEX_POINT('',#1560);
#1560 = CARTESIAN_POINT('',(4.226817407418,-1.961683976261,9.6));
#1561 = LINE('',#1562,#1563);
#1562 = CARTESIAN_POINT('',(4.226817407418,-1.961683976261,10.));
#1563 = VECTOR('',#1564,1.);
#1564 = DIRECTION('',(-0.,-0.,-1.));
#1565 = ORIENTED_EDGE('',*,*,#1566,.T.);
#1566 = EDGE_CURVE('',#1559,#1533,#1567,.T.);
#1567 = B_SPLINE_CURVE_WITH_KNOTS('',2,(#1568,#1569,#1570),
  .UNSPECIFIED.,.F.,.F.,(3,3),(0.,1.),.PIECEWISE_BEZIER_KNOTS.);
#1568 = CARTESIAN_POINT('',(4.226817407418,-1.961683976261,9.6));
#1569 = CARTESIAN_POINT('',(4.135942036499,-2.210385756677,9.6));
#1570 = CARTESIAN_POINT('',(4.096068149258,-2.573516320475,9.6));
#1571 = ORIENTED_EDGE('',*,*,#1532,.F.);
#1572 = ORIENTED_EDGE('',*,*,#639,.F.);
#1573 = SURFACE_OF_LINEAR_EXTRUSION('',#1574,#1578);
#1574 = B_SPLINE_CURVE_WITH_KNOTS('',2,(#1575,#1576,#1577),
  .UNSPECIFIED.,.F.,.F.,(3,3),(0.,1.),.PIECEWISE_BEZIER_KNOTS.);
#1575 = CARTESIAN_POINT('',(4.226817407418,-1.961683976261,10.));
#1576 = CARTESIAN_POINT('',(4.135942036499,-2.210385756677,10.));
#1577 = CARTESIAN_POINT('',(4.096068149258,-2.573516320475,10.));
#1578 = VECTOR('',#1579,1.);
#1579 = DIRECTION('',(0.,0.,1.));
#1580 = ADVANCED_FACE('',(#1581),#1599,.T.);
#1581 = FACE_BOUND('',#1582,.T.);
#1582 = EDGE_LOOP('',(#1583,#1591,#1597,#1598));
#1583 = ORIENTED_EDGE('',*,*,#1584,.T.);
#1584 = EDGE_CURVE('',#624,#1585,#1587,.T.);
#1585 = VERTEX_POINT('',#1586);
#1586 = CARTESIAN_POINT('',(4.477002867359,-1.587054896142,9.6));
#1587 = LINE('',#1588,#1589);
#1588 = CARTESIAN_POINT('',(4.477002867359,-1.587054896142,10.));
#1589 = VECTOR('',#1590,1.);
#1590 = DIRECTION('',(-0.,-0.,-1.));
#1591 = ORIENTED_EDGE('',*,*,#1592,.T.);
#1592 = EDGE_CURVE('',#1585,#1559,#1593,.T.);
#1593 = B_SPLINE_CURVE_WITH_KNOTS('',2,(#1594,#1595,#1596),
  .UNSPECIFIED.,.F.,.F.,(3,3),(0.,1.),.PIECEWISE_BEZIER_KNOTS.);
#1594 = CARTESIAN_POINT('',(4.477002867359,-1.587054896142,9.6));
#1595 = CARTESIAN_POINT('',(4.317878238279,-1.712796735905,9.6));
#1596 = CARTESIAN_POINT('',(4.226817407418,-1.961683976261,9.6));
#1597 = ORIENTED_EDGE('',*,*,#1558,.F.);
#1598 = ORIENTED_EDGE('',*,*,#631,.F.);
#1599 = SURFACE_OF_LINEAR_EXTRUSION('',#1600,#1604);
#1600 = B_SPLINE_CURVE_WITH_KNOTS('',2,(#1601,#1602,#1603),
  .UNSPECIFIED.,.F.,.F.,(3,3),(0.,1.),.PIECEWISE_BEZIER_KNOTS.);
#1601 = CARTESIAN_POINT('',(4.477002867359,-1.587054896142,10.));
#1602 = CARTESIAN_POINT('',(4.317878238279,-1.712796735905,10.));
#1603 = CARTESIAN_POINT('',(4.226817407418,-1.961683976261,10.));
#1604 = VECTOR('',#1605,1.);
#1605 = DIRECTION('',(0.,0.,1.));
#1606 = ADVANCED_FACE('',(#1607),#1625,.T.);
#1607 = FACE_BOUND('',#1608,.T.);
#1608 = EDGE_LOOP('',(#1609,#1617,#1623,#1624));
#1609 = ORIENTED_EDGE('',*,*,#1610,.T.);
#1610 = EDGE_CURVE('',#616,#1611,#1613,.T.);
#1611 = VERTEX_POINT('',#1612);
#1612 = CARTESIAN_POINT('',(4.86943610178,-1.461127596439,9.6));
#1613 = LINE('',#1614,#1615);
#1614 = CARTESIAN_POINT('',(4.86943610178,-1.461127596439,10.));
#1615 = VECTOR('',#1616,1.);
#1616 = DIRECTION('',(-0.,-0.,-1.));
#1617 = ORIENTED_EDGE('',*,*,#1618,.T.);
#1618 = EDGE_CURVE('',#1611,#1585,#1619,.T.);
#1619 = B_SPLINE_CURVE_WITH_KNOTS('',2,(#1620,#1621,#1622),
  .UNSPECIFIED.,.F.,.F.,(3,3),(0.,1.),.PIECEWISE_BEZIER_KNOTS.);
#1620 = CARTESIAN_POINT('',(4.86943610178,-1.461127596439,9.6));
#1621 = CARTESIAN_POINT('',(4.636127496439,-1.461127596439,9.6));
#1622 = CARTESIAN_POINT('',(4.477002867359,-1.587054896142,9.6));
#1623 = ORIENTED_EDGE('',*,*,#1584,.F.);
#1624 = ORIENTED_EDGE('',*,*,#623,.F.);
#1625 = SURFACE_OF_LINEAR_EXTRUSION('',#1626,#1630);
#1626 = B_SPLINE_CURVE_WITH_KNOTS('',2,(#1627,#1628,#1629),
  .UNSPECIFIED.,.F.,.F.,(3,3),(0.,1.),.PIECEWISE_BEZIER_KNOTS.);
#1627 = CARTESIAN_POINT('',(4.86943610178,-1.461127596439,10.));
#1628 = CARTESIAN_POINT('',(4.636127496439,-1.461127596439,10.));
#1629 = CARTESIAN_POINT('',(4.477002867359,-1.587054896142,10.));
#1630 = VECTOR('',#1631,1.);
#1631 = DIRECTION('',(0.,0.,1.));
#1632 = ADVANCED_FACE('',(#1633),#1651,.T.);
#1633 = FACE_BOUND('',#1634,.T.);
#1634 = EDGE_LOOP('',(#1635,#1643,#1649,#1650));
#1635 = ORIENTED_EDGE('',*,*,#1636,.T.);
#1636 = EDGE_CURVE('',#608,#1637,#1639,.T.);
#1637 = VERTEX_POINT('',#1638);
#1638 = CARTESIAN_POINT('',(4.96012601276,-1.420697329377,9.6));
#1639 = LINE('',#1640,#1641);
#1640 = CARTESIAN_POINT('',(4.96012601276,-1.420697329377,10.));
#1641 = VECTOR('',#1642,1.);
#1642 = DIRECTION('',(-0.,-0.,-1.));
#1643 = ORIENTED_EDGE('',*,*,#1644,.T.);
#1644 = EDGE_CURVE('',#1637,#1611,#1645,.T.);
#1645 = B_SPLINE_CURVE_WITH_KNOTS('',2,(#1646,#1647,#1648),
  .UNSPECIFIED.,.F.,.F.,(3,3),(0.,1.),.PIECEWISE_BEZIER_KNOTS.);
#1646 = CARTESIAN_POINT('',(4.96012601276,-1.420697329377,9.6));
#1647 = CARTESIAN_POINT('',(4.92043758546,-1.461127596439,9.6));
#1648 = CARTESIAN_POINT('',(4.86943610178,-1.461127596439,9.6));
#1649 = ORIENTED_EDGE('',*,*,#1610,.F.);
#1650 = ORIENTED_EDGE('',*,*,#615,.F.);
#1651 = SURFACE_OF_LINEAR_EXTRUSION('',#1652,#1656);
#1652 = B_SPLINE_CURVE_WITH_KNOTS('',2,(#1653,#1654,#1655),
  .UNSPECIFIED.,.F.,.F.,(3,3),(0.,1.),.PIECEWISE_BEZIER_KNOTS.);
#1653 = CARTESIAN_POINT('',(4.96012601276,-1.420697329377,10.));
#1654 = CARTESIAN_POINT('',(4.92043758546,-1.461127596439,10.));
#1655 = CARTESIAN_POINT('',(4.86943610178,-1.461127596439,10.));
#1656 = VECTOR('',#1657,1.);
#1657 = DIRECTION('',(0.,0.,1.));
#1658 = ADVANCED_FACE('',(#1659),#1677,.T.);
#1659 = FACE_BOUND('',#1660,.T.);
#1660 = EDGE_LOOP('',(#1661,#1669,#1675,#1676));
#1661 = ORIENTED_EDGE('',*,*,#1662,.T.);
#1662 = EDGE_CURVE('',#600,#1663,#1665,.T.);
#1663 = VERTEX_POINT('',#1664);
#1664 = CARTESIAN_POINT('',(4.9999999,-1.31646884273,9.6));
#1665 = LINE('',#1666,#1667);
#1666 = CARTESIAN_POINT('',(4.9999999,-1.31646884273,10.));
#1667 = VECTOR('',#1668,1.);
#1668 = DIRECTION('',(-0.,-0.,-1.));
#1669 = ORIENTED_EDGE('',*,*,#1670,.T.);
#1670 = EDGE_CURVE('',#1663,#1637,#1671,.T.);
#1671 = B_SPLINE_CURVE_WITH_KNOTS('',2,(#1672,#1673,#1674),
  .UNSPECIFIED.,.F.,.F.,(3,3),(0.,1.),.PIECEWISE_BEZIER_KNOTS.);
#1672 = CARTESIAN_POINT('',(4.9999999,-1.31646884273,9.6));
#1673 = CARTESIAN_POINT('',(4.9999999,-1.380081602374,9.6));
#1674 = CARTESIAN_POINT('',(4.96012601276,-1.420697329377,9.6));
#1675 = ORIENTED_EDGE('',*,*,#1636,.F.);
#1676 = ORIENTED_EDGE('',*,*,#607,.F.);
#1677 = SURFACE_OF_LINEAR_EXTRUSION('',#1678,#1682);
#1678 = B_SPLINE_CURVE_WITH_KNOTS('',2,(#1679,#1680,#1681),
  .UNSPECIFIED.,.F.,.F.,(3,3),(0.,1.),.PIECEWISE_BEZIER_KNOTS.);
#1679 = CARTESIAN_POINT('',(4.9999999,-1.31646884273,10.));
#1680 = CARTESIAN_POINT('',(4.9999999,-1.380081602374,10.));
#1681 = CARTESIAN_POINT('',(4.96012601276,-1.420697329377,10.));
#1682 = VECTOR('',#1683,1.);
#1683 = DIRECTION('',(0.,0.,1.));
#1684 = ADVANCED_FACE('',(#1685),#1703,.T.);
#1685 = FACE_BOUND('',#1686,.T.);
#1686 = EDGE_LOOP('',(#1687,#1695,#1701,#1702));
#1687 = ORIENTED_EDGE('',*,*,#1688,.T.);
#1688 = EDGE_CURVE('',#592,#1689,#1691,.T.);
#1689 = VERTEX_POINT('',#1690);
#1690 = CARTESIAN_POINT('',(4.9999999,-0.905489614243,9.6));
#1691 = LINE('',#1692,#1693);
#1692 = CARTESIAN_POINT('',(4.9999999,-0.905489614243,10.));
#1693 = VECTOR('',#1694,1.);
#1694 = DIRECTION('',(-0.,-0.,-1.));
#1695 = ORIENTED_EDGE('',*,*,#1696,.T.);
#1696 = EDGE_CURVE('',#1689,#1663,#1697,.T.);
#1697 = LINE('',#1698,#1699);
#1698 = CARTESIAN_POINT('',(4.9999999,-0.905489614243,9.6));
#1699 = VECTOR('',#1700,1.);
#1700 = DIRECTION('',(0.,-1.,0.));
#1701 = ORIENTED_EDGE('',*,*,#1662,.F.);
#1702 = ORIENTED_EDGE('',*,*,#599,.F.);
#1703 = PLANE('',#1704);
#1704 = AXIS2_PLACEMENT_3D('',#1705,#1706,#1707);
#1705 = CARTESIAN_POINT('',(4.9999999,-0.905489614243,10.));
#1706 = DIRECTION('',(-1.,0.,0.));
#1707 = DIRECTION('',(0.,-1.,0.));
#1708 = ADVANCED_FACE('',(#1709),#1727,.T.);
#1709 = FACE_BOUND('',#1710,.T.);
#1710 = EDGE_LOOP('',(#1711,#1719,#1725,#1726));
#1711 = ORIENTED_EDGE('',*,*,#1712,.T.);
#1712 = EDGE_CURVE('',#584,#1713,#1715,.T.);
#1713 = VERTEX_POINT('',#1714);
#1714 = CARTESIAN_POINT('',(4.957158653709,-0.804228486647,9.6));
#1715 = LINE('',#1716,#1717);
#1716 = CARTESIAN_POINT('',(4.957158653709,-0.804228486647,10.));
#1717 = VECTOR('',#1718,1.);
#1718 = DIRECTION('',(-0.,-0.,-1.));
#1719 = ORIENTED_EDGE('',*,*,#1720,.T.);
#1720 = EDGE_CURVE('',#1713,#1689,#1721,.T.);
#1721 = B_SPLINE_CURVE_WITH_KNOTS('',2,(#1722,#1723,#1724),
  .UNSPECIFIED.,.F.,.F.,(3,3),(0.,1.),.PIECEWISE_BEZIER_KNOTS.);
#1722 = CARTESIAN_POINT('',(4.957158653709,-0.804228486647,9.6));
#1723 = CARTESIAN_POINT('',(4.9999999,-0.84762611276,9.6));
#1724 = CARTESIAN_POINT('',(4.9999999,-0.905489614243,9.6));
#1725 = ORIENTED_EDGE('',*,*,#1688,.F.);
#1726 = ORIENTED_EDGE('',*,*,#591,.F.);
#1727 = SURFACE_OF_LINEAR_EXTRUSION('',#1728,#1732);
#1728 = B_SPLINE_CURVE_WITH_KNOTS('',2,(#1729,#1730,#1731),
  .UNSPECIFIED.,.F.,.F.,(3,3),(0.,1.),.PIECEWISE_BEZIER_KNOTS.);
#1729 = CARTESIAN_POINT('',(4.957158653709,-0.804228486647,10.));
#1730 = CARTESIAN_POINT('',(4.9999999,-0.84762611276,10.));
#1731 = CARTESIAN_POINT('',(4.9999999,-0.905489614243,10.));
#1732 = VECTOR('',#1733,1.);
#1733 = DIRECTION('',(0.,0.,1.));
#1734 = ADVANCED_FACE('',(#1735),#1753,.T.);
#1735 = FACE_BOUND('',#1736,.T.);
#1736 = EDGE_LOOP('',(#1737,#1745,#1751,#1752));
#1737 = ORIENTED_EDGE('',*,*,#1738,.T.);
#1738 = EDGE_CURVE('',#576,#1739,#1741,.T.);
#1739 = VERTEX_POINT('',#1740);
#1740 = CARTESIAN_POINT('',(4.857566665579,-0.760830860534,9.6));
#1741 = LINE('',#1742,#1743);
#1742 = CARTESIAN_POINT('',(4.857566665579,-0.760830860534,10.));
#1743 = VECTOR('',#1744,1.);
#1744 = DIRECTION('',(-0.,-0.,-1.));
#1745 = ORIENTED_EDGE('',*,*,#1746,.T.);
#1746 = EDGE_CURVE('',#1739,#1713,#1747,.T.);
#1747 = B_SPLINE_CURVE_WITH_KNOTS('',2,(#1748,#1749,#1750),
  .UNSPECIFIED.,.F.,.F.,(3,3),(0.,1.),.PIECEWISE_BEZIER_KNOTS.);
#1748 = CARTESIAN_POINT('',(4.857566665579,-0.760830860534,9.6));
#1749 = CARTESIAN_POINT('',(4.914502867359,-0.760830860534,9.6));
#1750 = CARTESIAN_POINT('',(4.957158653709,-0.804228486647,9.6));
#1751 = ORIENTED_EDGE('',*,*,#1712,.F.);
#1752 = ORIENTED_EDGE('',*,*,#583,.F.);
#1753 = SURFACE_OF_LINEAR_EXTRUSION('',#1754,#1758);
#1754 = B_SPLINE_CURVE_WITH_KNOTS('',2,(#1755,#1756,#1757),
  .UNSPECIFIED.,.F.,.F.,(3,3),(0.,1.),.PIECEWISE_BEZIER_KNOTS.);
#1755 = CARTESIAN_POINT('',(4.857566665579,-0.760830860534,10.));
#1756 = CARTESIAN_POINT('',(4.914502867359,-0.760830860534,10.));
#1757 = CARTESIAN_POINT('',(4.957158653709,-0.804228486647,10.));
#1758 = VECTOR('',#1759,1.);
#1759 = DIRECTION('',(0.,0.,1.));
#1760 = ADVANCED_FACE('',(#1761),#1779,.T.);
#1761 = FACE_BOUND('',#1762,.T.);
#1762 = EDGE_LOOP('',(#1763,#1771,#1777,#1778));
#1763 = ORIENTED_EDGE('',*,*,#1764,.T.);
#1764 = EDGE_CURVE('',#568,#1765,#1767,.T.);
#1765 = VERTEX_POINT('',#1766);
#1766 = CARTESIAN_POINT('',(4.179154202671,-0.912166172107,9.6));
#1767 = LINE('',#1768,#1769);
#1768 = CARTESIAN_POINT('',(4.179154202671,-0.912166172107,10.));
#1769 = VECTOR('',#1770,1.);
#1770 = DIRECTION('',(-0.,-0.,-1.));
#1771 = ORIENTED_EDGE('',*,*,#1772,.T.);
#1772 = EDGE_CURVE('',#1765,#1739,#1773,.T.);
#1773 = B_SPLINE_CURVE_WITH_KNOTS('',2,(#1774,#1775,#1776),
  .UNSPECIFIED.,.F.,.F.,(3,3),(0.,1.),.PIECEWISE_BEZIER_KNOTS.);
#1774 = CARTESIAN_POINT('',(4.179154202671,-0.912166172107,9.6));
#1775 = CARTESIAN_POINT('',(4.475704647774,-0.760830860534,9.6));
#1776 = CARTESIAN_POINT('',(4.857566665579,-0.760830860534,9.6));
#1777 = ORIENTED_EDGE('',*,*,#1738,.F.);
#1778 = ORIENTED_EDGE('',*,*,#575,.F.);
#1779 = SURFACE_OF_LINEAR_EXTRUSION('',#1780,#1784);
#1780 = B_SPLINE_CURVE_WITH_KNOTS('',2,(#1781,#1782,#1783),
  .UNSPECIFIED.,.F.,.F.,(3,3),(0.,1.),.PIECEWISE_BEZIER_KNOTS.);
#1781 = CARTESIAN_POINT('',(4.179154202671,-0.912166172107,10.));
#1782 = CARTESIAN_POINT('',(4.475704647774,-0.760830860534,10.));
#1783 = CARTESIAN_POINT('',(4.857566665579,-0.760830860534,10.));
#1784 = VECTOR('',#1785,1.);
#1785 = DIRECTION('',(0.,0.,1.));
#1786 = ADVANCED_FACE('',(#1787),#1805,.T.);
#1787 = FACE_BOUND('',#1788,.T.);
#1788 = EDGE_LOOP('',(#1789,#1797,#1803,#1804));
#1789 = ORIENTED_EDGE('',*,*,#1790,.T.);
#1790 = EDGE_CURVE('',#560,#1791,#1793,.T.);
#1791 = VERTEX_POINT('',#1792);
#1792 = CARTESIAN_POINT('',(3.680452422255,-1.383419881306,9.6));
#1793 = LINE('',#1794,#1795);
#1794 = CARTESIAN_POINT('',(3.680452422255,-1.383419881306,10.));
#1795 = VECTOR('',#1796,1.);
#1796 = DIRECTION('',(-0.,-0.,-1.));
#1797 = ORIENTED_EDGE('',*,*,#1798,.T.);
#1798 = EDGE_CURVE('',#1791,#1765,#1799,.T.);
#1799 = B_SPLINE_CURVE_WITH_KNOTS('',2,(#1800,#1801,#1802),
  .UNSPECIFIED.,.F.,.F.,(3,3),(0.,1.),.PIECEWISE_BEZIER_KNOTS.);
#1800 = CARTESIAN_POINT('',(3.680452422255,-1.383419881306,9.6));
#1801 = CARTESIAN_POINT('',(3.882789217507,-1.06350148368,9.6));
#1802 = CARTESIAN_POINT('',(4.179154202671,-0.912166172107,9.6));
#1803 = ORIENTED_EDGE('',*,*,#1764,.F.);
#1804 = ORIENTED_EDGE('',*,*,#567,.F.);
#1805 = SURFACE_OF_LINEAR_EXTRUSION('',#1806,#1810);
#1806 = B_SPLINE_CURVE_WITH_KNOTS('',2,(#1807,#1808,#1809),
  .UNSPECIFIED.,.F.,.F.,(3,3),(0.,1.),.PIECEWISE_BEZIER_KNOTS.);
#1807 = CARTESIAN_POINT('',(3.680452422255,-1.383419881306,10.));
#1808 = CARTESIAN_POINT('',(3.882789217507,-1.06350148368,10.));
#1809 = CARTESIAN_POINT('',(4.179154202671,-0.912166172107,10.));
#1810 = VECTOR('',#1811,1.);
#1811 = DIRECTION('',(0.,0.,1.));
#1812 = ADVANCED_FACE('',(#1813),#1831,.T.);
#1813 = FACE_BOUND('',#1814,.T.);
#1814 = EDGE_LOOP('',(#1815,#1823,#1829,#1830));
#1815 = ORIENTED_EDGE('',*,*,#1816,.T.);
#1816 = EDGE_CURVE('',#552,#1817,#1819,.T.);
#1817 = VERTEX_POINT('',#1818);
#1818 = CARTESIAN_POINT('',(3.375556279822,-2.208902077151,9.6));
#1819 = LINE('',#1820,#1821);
#1820 = CARTESIAN_POINT('',(3.375556279822,-2.208902077151,10.));
#1821 = VECTOR('',#1822,1.);
#1822 = DIRECTION('',(-0.,-0.,-1.));
#1823 = ORIENTED_EDGE('',*,*,#1824,.T.);
#1824 = EDGE_CURVE('',#1817,#1791,#1825,.T.);
#1825 = B_SPLINE_CURVE_WITH_KNOTS('',2,(#1826,#1827,#1828),
  .UNSPECIFIED.,.F.,.F.,(3,3),(0.,1.),.PIECEWISE_BEZIER_KNOTS.);
#1826 = CARTESIAN_POINT('',(3.375556279822,-2.208902077151,9.6));
#1827 = CARTESIAN_POINT('',(3.478115627003,-1.703338278932,9.6));
#1828 = CARTESIAN_POINT('',(3.680452422255,-1.383419881306,9.6));
#1829 = ORIENTED_EDGE('',*,*,#1790,.F.);
#1830 = ORIENTED_EDGE('',*,*,#559,.F.);
#1831 = SURFACE_OF_LINEAR_EXTRUSION('',#1832,#1836);
#1832 = B_SPLINE_CURVE_WITH_KNOTS('',2,(#1833,#1834,#1835),
  .UNSPECIFIED.,.F.,.F.,(3,3),(0.,1.),.PIECEWISE_BEZIER_KNOTS.);
#1833 = CARTESIAN_POINT('',(3.375556279822,-2.208902077151,10.));
#1834 = CARTESIAN_POINT('',(3.478115627003,-1.703338278932,10.));
#1835 = CARTESIAN_POINT('',(3.680452422255,-1.383419881306,10.));
#1836 = VECTOR('',#1837,1.);
#1837 = DIRECTION('',(0.,0.,1.));
#1838 = ADVANCED_FACE('',(#1839),#1857,.T.);
#1839 = FACE_BOUND('',#1840,.T.);
#1840 = EDGE_LOOP('',(#1841,#1849,#1855,#1856));
#1841 = ORIENTED_EDGE('',*,*,#1842,.T.);
#1842 = EDGE_CURVE('',#544,#1843,#1845,.T.);
#1843 = VERTEX_POINT('',#1844);
#1844 = CARTESIAN_POINT('',(3.272996932641,-3.428486646884,9.6));
#1845 = LINE('',#1846,#1847);
#1846 = CARTESIAN_POINT('',(3.272996932641,-3.428486646884,10.));
#1847 = VECTOR('',#1848,1.);
#1848 = DIRECTION('',(-0.,-0.,-1.));
#1849 = ORIENTED_EDGE('',*,*,#1850,.T.);
#1850 = EDGE_CURVE('',#1843,#1817,#1851,.T.);
#1851 = B_SPLINE_CURVE_WITH_KNOTS('',2,(#1852,#1853,#1854),
  .UNSPECIFIED.,.F.,.F.,(3,3),(0.,1.),.PIECEWISE_BEZIER_KNOTS.);
#1852 = CARTESIAN_POINT('',(3.272996932641,-3.428486646884,9.6));
#1853 = CARTESIAN_POINT('',(3.272996932641,-2.714465875371,9.6));
#1854 = CARTESIAN_POINT('',(3.375556279822,-2.208902077151,9.6));
#1855 = ORIENTED_EDGE('',*,*,#1816,.F.);
#1856 = ORIENTED_EDGE('',*,*,#551,.F.);
#1857 = SURFACE_OF_LINEAR_EXTRUSION('',#1858,#1862);
#1858 = B_SPLINE_CURVE_WITH_KNOTS('',2,(#1859,#1860,#1861),
  .UNSPECIFIED.,.F.,.F.,(3,3),(0.,1.),.PIECEWISE_BEZIER_KNOTS.);
#1859 = CARTESIAN_POINT('',(3.272996932641,-3.428486646884,10.));
#1860 = CARTESIAN_POINT('',(3.272996932641,-2.714465875371,10.));
#1861 = CARTESIAN_POINT('',(3.375556279822,-2.208902077151,10.));
#1862 = VECTOR('',#1863,1.);
#1863 = DIRECTION('',(0.,0.,1.));
#1864 = ADVANCED_FACE('',(#1865),#1883,.T.);
#1865 = FACE_BOUND('',#1866,.T.);
#1866 = EDGE_LOOP('',(#1867,#1875,#1881,#1882));
#1867 = ORIENTED_EDGE('',*,*,#1868,.T.);
#1868 = EDGE_CURVE('',#536,#1869,#1871,.T.);
#1869 = VERTEX_POINT('',#1870);
#1870 = CARTESIAN_POINT('',(3.375556279822,-4.645289317507,9.6));
#1871 = LINE('',#1872,#1873);
#1872 = CARTESIAN_POINT('',(3.375556279822,-4.645289317507,10.));
#1873 = VECTOR('',#1874,1.);
#1874 = DIRECTION('',(-0.,-0.,-1.));
#1875 = ORIENTED_EDGE('',*,*,#1876,.T.);
#1876 = EDGE_CURVE('',#1869,#1843,#1877,.T.);
#1877 = B_SPLINE_CURVE_WITH_KNOTS('',2,(#1878,#1879,#1880),
  .UNSPECIFIED.,.F.,.F.,(3,3),(0.,1.),.PIECEWISE_BEZIER_KNOTS.);
#1878 = CARTESIAN_POINT('',(3.375556279822,-4.645289317507,9.6));
#1879 = CARTESIAN_POINT('',(3.272996932641,-4.136943620178,9.6));
#1880 = CARTESIAN_POINT('',(3.272996932641,-3.428486646884,9.6));
#1881 = ORIENTED_EDGE('',*,*,#1842,.F.);
#1882 = ORIENTED_EDGE('',*,*,#543,.F.);
#1883 = SURFACE_OF_LINEAR_EXTRUSION('',#1884,#1888);
#1884 = B_SPLINE_CURVE_WITH_KNOTS('',2,(#1885,#1886,#1887),
  .UNSPECIFIED.,.F.,.F.,(3,3),(0.,1.),.PIECEWISE_BEZIER_KNOTS.);
#1885 = CARTESIAN_POINT('',(3.375556279822,-4.645289317507,10.));
#1886 = CARTESIAN_POINT('',(3.272996932641,-4.136943620178,10.));
#1887 = CARTESIAN_POINT('',(3.272996932641,-3.428486646884,10.));
#1888 = VECTOR('',#1889,1.);
#1889 = DIRECTION('',(0.,0.,1.));
#1890 = ADVANCED_FACE('',(#1891),#1909,.T.);
#1891 = FACE_BOUND('',#1892,.T.);
#1892 = EDGE_LOOP('',(#1893,#1901,#1907,#1908));
#1893 = ORIENTED_EDGE('',*,*,#1894,.T.);
#1894 = EDGE_CURVE('',#528,#1895,#1897,.T.);
#1895 = VERTEX_POINT('',#1896);
#1896 = CARTESIAN_POINT('',(3.680452422255,-5.476335311573,9.6));
#1897 = LINE('',#1898,#1899);
#1898 = CARTESIAN_POINT('',(3.680452422255,-5.476335311573,10.));
#1899 = VECTOR('',#1900,1.);
#1900 = DIRECTION('',(-0.,-0.,-1.));
#1901 = ORIENTED_EDGE('',*,*,#1902,.T.);
#1902 = EDGE_CURVE('',#1895,#1869,#1903,.T.);
#1903 = B_SPLINE_CURVE_WITH_KNOTS('',2,(#1904,#1905,#1906),
  .UNSPECIFIED.,.F.,.F.,(3,3),(0.,1.),.PIECEWISE_BEZIER_KNOTS.);
#1904 = CARTESIAN_POINT('',(3.680452422255,-5.476335311573,9.6));
#1905 = CARTESIAN_POINT('',(3.478115627003,-5.153635014837,9.6));
#1906 = CARTESIAN_POINT('',(3.375556279822,-4.645289317507,9.6));
#1907 = ORIENTED_EDGE('',*,*,#1868,.F.);
#1908 = ORIENTED_EDGE('',*,*,#535,.F.);
#1909 = SURFACE_OF_LINEAR_EXTRUSION('',#1910,#1914);
#1910 = B_SPLINE_CURVE_WITH_KNOTS('',2,(#1911,#1912,#1913),
  .UNSPECIFIED.,.F.,.F.,(3,3),(0.,1.),.PIECEWISE_BEZIER_KNOTS.);
#1911 = CARTESIAN_POINT('',(3.680452422255,-5.476335311573,10.));
#1912 = CARTESIAN_POINT('',(3.478115627003,-5.153635014837,10.));
#1913 = CARTESIAN_POINT('',(3.375556279822,-4.645289317507,10.));
#1914 = VECTOR('',#1915,1.);
#1915 = DIRECTION('',(0.,0.,1.));
#1916 = ADVANCED_FACE('',(#1917),#1935,.T.);
#1917 = FACE_BOUND('',#1918,.T.);
#1918 = EDGE_LOOP('',(#1919,#1927,#1933,#1934));
#1919 = ORIENTED_EDGE('',*,*,#1920,.T.);
#1920 = EDGE_CURVE('',#520,#1921,#1923,.T.);
#1921 = VERTEX_POINT('',#1922);
#1922 = CARTESIAN_POINT('',(4.179154202671,-5.950556379822,9.6));
#1923 = LINE('',#1924,#1925);
#1924 = CARTESIAN_POINT('',(4.179154202671,-5.950556379822,10.));
#1925 = VECTOR('',#1926,1.);
#1926 = DIRECTION('',(-0.,-0.,-1.));
#1927 = ORIENTED_EDGE('',*,*,#1928,.T.);
#1928 = EDGE_CURVE('',#1921,#1895,#1929,.T.);
#1929 = B_SPLINE_CURVE_WITH_KNOTS('',2,(#1930,#1931,#1932),
  .UNSPECIFIED.,.F.,.F.,(3,3),(0.,1.),.PIECEWISE_BEZIER_KNOTS.);
#1930 = CARTESIAN_POINT('',(4.179154202671,-5.950556379822,9.6));
#1931 = CARTESIAN_POINT('',(3.882789217507,-5.799221068249,9.6));
#1932 = CARTESIAN_POINT('',(3.680452422255,-5.476335311573,9.6));
#1933 = ORIENTED_EDGE('',*,*,#1894,.F.);
#1934 = ORIENTED_EDGE('',*,*,#527,.F.);
#1935 = SURFACE_OF_LINEAR_EXTRUSION('',#1936,#1940);
#1936 = B_SPLINE_CURVE_WITH_KNOTS('',2,(#1937,#1938,#1939),
  .UNSPECIFIED.,.F.,.F.,(3,3),(0.,1.),.PIECEWISE_BEZIER_KNOTS.);
#1937 = CARTESIAN_POINT('',(4.179154202671,-5.950556379822,10.));
#1938 = CARTESIAN_POINT('',(3.882789217507,-5.799221068249,10.));
#1939 = CARTESIAN_POINT('',(3.680452422255,-5.476335311573,10.));
#1940 = VECTOR('',#1941,1.);
#1941 = DIRECTION('',(0.,0.,1.));
#1942 = ADVANCED_FACE('',(#1943),#1954,.T.);
#1943 = FACE_BOUND('',#1944,.T.);
#1944 = EDGE_LOOP('',(#1945,#1946,#1952,#1953));
#1945 = ORIENTED_EDGE('',*,*,#1309,.T.);
#1946 = ORIENTED_EDGE('',*,*,#1947,.T.);
#1947 = EDGE_CURVE('',#1302,#1921,#1948,.T.);
#1948 = B_SPLINE_CURVE_WITH_KNOTS('',2,(#1949,#1950,#1951),
  .UNSPECIFIED.,.F.,.F.,(3,3),(0.,1.),.PIECEWISE_BEZIER_KNOTS.);
#1949 = CARTESIAN_POINT('',(4.857566665579,-6.102077151335,9.6));
#1950 = CARTESIAN_POINT('',(4.475704647774,-6.102077151335,9.6));
#1951 = CARTESIAN_POINT('',(4.179154202671,-5.950556379822,9.6));
#1952 = ORIENTED_EDGE('',*,*,#1920,.F.);
#1953 = ORIENTED_EDGE('',*,*,#519,.F.);
#1954 = SURFACE_OF_LINEAR_EXTRUSION('',#1955,#1959);
#1955 = B_SPLINE_CURVE_WITH_KNOTS('',2,(#1956,#1957,#1958),
  .UNSPECIFIED.,.F.,.F.,(3,3),(0.,1.),.PIECEWISE_BEZIER_KNOTS.);
#1956 = CARTESIAN_POINT('',(4.857566665579,-6.102077151335,10.));
#1957 = CARTESIAN_POINT('',(4.475704647774,-6.102077151335,10.));
#1958 = CARTESIAN_POINT('',(4.179154202671,-5.950556379822,10.));
#1959 = VECTOR('',#1960,1.);
#1960 = DIRECTION('',(0.,0.,1.));
#1961 = ADVANCED_FACE('',(#1962),#1987,.T.);
#1962 = FACE_BOUND('',#1963,.T.);
#1963 = EDGE_LOOP('',(#1964,#1972,#1980,#1986));
#1964 = ORIENTED_EDGE('',*,*,#1965,.T.);
#1965 = EDGE_CURVE('',#720,#1966,#1968,.T.);
#1966 = VERTEX_POINT('',#1967);
#1967 = CARTESIAN_POINT('',(-0.951743223442,-0.247329376855,9.6));
#1968 = LINE('',#1969,#1970);
#1969 = CARTESIAN_POINT('',(-0.951743223442,-0.247329376855,10.));
#1970 = VECTOR('',#1971,1.);
#1971 = DIRECTION('',(-0.,-0.,-1.));
#1972 = ORIENTED_EDGE('',*,*,#1973,.T.);
#1973 = EDGE_CURVE('',#1966,#1974,#1976,.T.);
#1974 = VERTEX_POINT('',#1975);
#1975 = CARTESIAN_POINT('',(-2.260867852522,-0.483086053412,9.6));
#1976 = B_SPLINE_CURVE_WITH_KNOTS('',2,(#1977,#1978,#1979),
  .UNSPECIFIED.,.F.,.F.,(3,3),(0.,1.),.PIECEWISE_BEZIER_KNOTS.);
#1977 = CARTESIAN_POINT('',(-0.951743223442,-0.247329376855,9.6));
#1978 = CARTESIAN_POINT('',(-1.470511769436,-0.483086053412,9.6));
#1979 = CARTESIAN_POINT('',(-2.260867852522,-0.483086053412,9.6));
#1980 = ORIENTED_EDGE('',*,*,#1981,.F.);
#1981 = EDGE_CURVE('',#722,#1974,#1982,.T.);
#1982 = LINE('',#1983,#1984);
#1983 = CARTESIAN_POINT('',(-2.260867852522,-0.483086053412,10.));
#1984 = VECTOR('',#1985,1.);
#1985 = DIRECTION('',(-0.,-0.,-1.));
#1986 = ORIENTED_EDGE('',*,*,#719,.F.);
#1987 = SURFACE_OF_LINEAR_EXTRUSION('',#1988,#1992);
#1988 = B_SPLINE_CURVE_WITH_KNOTS('',2,(#1989,#1990,#1991),
  .UNSPECIFIED.,.F.,.F.,(3,3),(0.,1.),.PIECEWISE_BEZIER_KNOTS.);
#1989 = CARTESIAN_POINT('',(-0.951743223442,-0.247329376855,10.));
#1990 = CARTESIAN_POINT('',(-1.470511769436,-0.483086053412,10.));
#1991 = CARTESIAN_POINT('',(-2.260867852522,-0.483086053412,10.));
#1992 = VECTOR('',#1993,1.);
#1993 = DIRECTION('',(0.,0.,1.));
#1994 = ADVANCED_FACE('',(#1995),#2013,.T.);
#1995 = FACE_BOUND('',#1996,.T.);
#1996 = EDGE_LOOP('',(#1997,#2005,#2011,#2012));
#1997 = ORIENTED_EDGE('',*,*,#1998,.T.);
#1998 = EDGE_CURVE('',#874,#1999,#2001,.T.);
#1999 = VERTEX_POINT('',#2000);
#2000 = CARTESIAN_POINT('',(-0.173590404451,0.388278931751,9.6));
#2001 = LINE('',#2002,#2003);
#2002 = CARTESIAN_POINT('',(-0.173590404451,0.388278931751,10.));
#2003 = VECTOR('',#2004,1.);
#2004 = DIRECTION('',(-0.,-0.,-1.));
#2005 = ORIENTED_EDGE('',*,*,#2006,.T.);
#2006 = EDGE_CURVE('',#1999,#1966,#2007,.T.);
#2007 = B_SPLINE_CURVE_WITH_KNOTS('',2,(#2008,#2009,#2010),
  .UNSPECIFIED.,.F.,.F.,(3,3),(0.,1.),.PIECEWISE_BEZIER_KNOTS.);
#2008 = CARTESIAN_POINT('',(-0.173590404451,0.388278931751,9.6));
#2009 = CARTESIAN_POINT('',(-0.432974677448,-1.131305637982E-02,9.6));
#2010 = CARTESIAN_POINT('',(-0.951743223442,-0.247329376855,9.6));
#2011 = ORIENTED_EDGE('',*,*,#1965,.F.);
#2012 = ORIENTED_EDGE('',*,*,#881,.F.);
#2013 = SURFACE_OF_LINEAR_EXTRUSION('',#2014,#2018);
#2014 = B_SPLINE_CURVE_WITH_KNOTS('',2,(#2015,#2016,#2017),
  .UNSPECIFIED.,.F.,.F.,(3,3),(0.,1.),.PIECEWISE_BEZIER_KNOTS.);
#2015 = CARTESIAN_POINT('',(-0.173590404451,0.388278931751,10.));
#2016 = CARTESIAN_POINT('',(-0.432974677448,-1.131305637982E-02,10.));
#2017 = CARTESIAN_POINT('',(-0.951743223442,-0.247329376855,10.));
#2018 = VECTOR('',#2019,1.);
#2019 = DIRECTION('',(0.,0.,1.));
#2020 = ADVANCED_FACE('',(#2021),#2039,.T.);
#2021 = FACE_BOUND('',#2022,.T.);
#2022 = EDGE_LOOP('',(#2023,#2024,#2032,#2038));
#2023 = ORIENTED_EDGE('',*,*,#1981,.T.);
#2024 = ORIENTED_EDGE('',*,*,#2025,.T.);
#2025 = EDGE_CURVE('',#1974,#2026,#2028,.T.);
#2026 = VERTEX_POINT('',#2027);
#2027 = CARTESIAN_POINT('',(-3.294769929674,-0.343137982196,9.6));
#2028 = B_SPLINE_CURVE_WITH_KNOTS('',2,(#2029,#2030,#2031),
  .UNSPECIFIED.,.F.,.F.,(3,3),(0.,1.),.PIECEWISE_BEZIER_KNOTS.);
#2029 = CARTESIAN_POINT('',(-2.260867852522,-0.483086053412,9.6));
#2030 = CARTESIAN_POINT('',(-2.851557763501,-0.483086053412,9.6));
#2031 = CARTESIAN_POINT('',(-3.294769929674,-0.343137982196,9.6));
#2032 = ORIENTED_EDGE('',*,*,#2033,.F.);
#2033 = EDGE_CURVE('',#730,#2026,#2034,.T.);
#2034 = LINE('',#2035,#2036);
#2035 = CARTESIAN_POINT('',(-3.294769929674,-0.343137982196,10.));
#2036 = VECTOR('',#2037,1.);
#2037 = DIRECTION('',(-0.,-0.,-1.));
#2038 = ORIENTED_EDGE('',*,*,#729,.F.);
#2039 = SURFACE_OF_LINEAR_EXTRUSION('',#2040,#2044);
#2040 = B_SPLINE_CURVE_WITH_KNOTS('',2,(#2041,#2042,#2043),
  .UNSPECIFIED.,.F.,.F.,(3,3),(0.,1.),.PIECEWISE_BEZIER_KNOTS.);
#2041 = CARTESIAN_POINT('',(-2.260867852522,-0.483086053412,10.));
#2042 = CARTESIAN_POINT('',(-2.851557763501,-0.483086053412,10.));
#2043 = CARTESIAN_POINT('',(-3.294769929674,-0.343137982196,10.));
#2044 = VECTOR('',#2045,1.);
#2045 = DIRECTION('',(0.,0.,1.));
#2046 = ADVANCED_FACE('',(#2047),#2065,.T.);
#2047 = FACE_BOUND('',#2048,.T.);
#2048 = EDGE_LOOP('',(#2049,#2057,#2063,#2064));
#2049 = ORIENTED_EDGE('',*,*,#2050,.T.);
#2050 = EDGE_CURVE('',#866,#2051,#2053,.T.);
#2051 = VERTEX_POINT('',#2052);
#2052 = CARTESIAN_POINT('',(8.605351246291E-02,1.267173590504,9.6));
#2053 = LINE('',#2054,#2055);
#2054 = CARTESIAN_POINT('',(8.605351246291E-02,1.267173590504,10.));
#2055 = VECTOR('',#2056,1.);
#2056 = DIRECTION('',(-0.,-0.,-1.));
#2057 = ORIENTED_EDGE('',*,*,#2058,.T.);
#2058 = EDGE_CURVE('',#2051,#1999,#2059,.T.);
#2059 = B_SPLINE_CURVE_WITH_KNOTS('',2,(#2060,#2061,#2062),
  .UNSPECIFIED.,.F.,.F.,(3,3),(0.,1.),.PIECEWISE_BEZIER_KNOTS.);
#2060 = CARTESIAN_POINT('',(8.605351246291E-02,1.267173590504,9.6));
#2061 = CARTESIAN_POINT('',(8.605351246291E-02,0.787870919881,9.6));
#2062 = CARTESIAN_POINT('',(-0.173590404451,0.388278931751,9.6));
#2063 = ORIENTED_EDGE('',*,*,#1998,.F.);
#2064 = ORIENTED_EDGE('',*,*,#873,.F.);
#2065 = SURFACE_OF_LINEAR_EXTRUSION('',#2066,#2070);
#2066 = B_SPLINE_CURVE_WITH_KNOTS('',2,(#2067,#2068,#2069),
  .UNSPECIFIED.,.F.,.F.,(3,3),(0.,1.),.PIECEWISE_BEZIER_KNOTS.);
#2067 = CARTESIAN_POINT('',(8.605351246291E-02,1.267173590504,10.));
#2068 = CARTESIAN_POINT('',(8.605351246291E-02,0.787870919881,10.));
#2069 = CARTESIAN_POINT('',(-0.173590404451,0.388278931751,10.));
#2070 = VECTOR('',#2071,1.);
#2071 = DIRECTION('',(0.,0.,1.));
#2072 = ADVANCED_FACE('',(#2073),#2091,.T.);
#2073 = FACE_BOUND('',#2074,.T.);
#2074 = EDGE_LOOP('',(#2075,#2076,#2084,#2090));
#2075 = ORIENTED_EDGE('',*,*,#2033,.T.);
#2076 = ORIENTED_EDGE('',*,*,#2077,.T.);
#2077 = EDGE_CURVE('',#2026,#2078,#2080,.T.);
#2078 = VERTEX_POINT('',#2079);
#2079 = CARTESIAN_POINT('',(-4.025148267953,3.646142433234E-02,9.6));
#2080 = B_SPLINE_CURVE_WITH_KNOTS('',2,(#2081,#2082,#2083),
  .UNSPECIFIED.,.F.,.F.,(3,3),(0.,1.),.PIECEWISE_BEZIER_KNOTS.);
#2081 = CARTESIAN_POINT('',(-3.294769929674,-0.343137982196,9.6));
#2082 = CARTESIAN_POINT('',(-3.737722451929,-0.203189910979,9.6));
#2083 = CARTESIAN_POINT('',(-4.025148267953,3.646142433234E-02,9.6));
#2084 = ORIENTED_EDGE('',*,*,#2085,.F.);
#2085 = EDGE_CURVE('',#738,#2078,#2086,.T.);
#2086 = LINE('',#2087,#2088);
#2087 = CARTESIAN_POINT('',(-4.025148267953,3.646142433234E-02,10.));
#2088 = VECTOR('',#2089,1.);
#2089 = DIRECTION('',(-0.,-0.,-1.));
#2090 = ORIENTED_EDGE('',*,*,#737,.F.);
#2091 = SURFACE_OF_LINEAR_EXTRUSION('',#2092,#2096);
#2092 = B_SPLINE_CURVE_WITH_KNOTS('',2,(#2093,#2094,#2095),
  .UNSPECIFIED.,.F.,.F.,(3,3),(0.,1.),.PIECEWISE_BEZIER_KNOTS.);
#2093 = CARTESIAN_POINT('',(-3.294769929674,-0.343137982196,10.));
#2094 = CARTESIAN_POINT('',(-3.737722451929,-0.203189910979,10.));
#2095 = CARTESIAN_POINT('',(-4.025148267953,3.646142433234E-02,10.));
#2096 = VECTOR('',#2097,1.);
#2097 = DIRECTION('',(0.,0.,1.));
#2098 = ADVANCED_FACE('',(#2099),#2117,.T.);
#2099 = FACE_BOUND('',#2100,.T.);
#2100 = EDGE_LOOP('',(#2101,#2109,#2115,#2116));
#2101 = ORIENTED_EDGE('',*,*,#2102,.T.);
#2102 = EDGE_CURVE('',#858,#2103,#2105,.T.);
#2103 = VERTEX_POINT('',#2104);
#2104 = CARTESIAN_POINT('',(-0.126854499407,2.050519287834,9.6));
#2105 = LINE('',#2106,#2107);
#2106 = CARTESIAN_POINT('',(-0.126854499407,2.050519287834,10.));
#2107 = VECTOR('',#2108,1.);
#2108 = DIRECTION('',(-0.,-0.,-1.));
#2109 = ORIENTED_EDGE('',*,*,#2110,.T.);
#2110 = EDGE_CURVE('',#2103,#2051,#2111,.T.);
#2111 = B_SPLINE_CURVE_WITH_KNOTS('',2,(#2112,#2113,#2114),
  .UNSPECIFIED.,.F.,.F.,(3,3),(0.,1.),.PIECEWISE_BEZIER_KNOTS.);
#2112 = CARTESIAN_POINT('',(-0.126854499407,2.050519287834,9.6));
#2113 = CARTESIAN_POINT('',(8.605351246291E-02,1.707010385757,9.6));
#2114 = CARTESIAN_POINT('',(8.605351246291E-02,1.267173590504,9.6));
#2115 = ORIENTED_EDGE('',*,*,#2050,.F.);
#2116 = ORIENTED_EDGE('',*,*,#865,.F.);
#2117 = SURFACE_OF_LINEAR_EXTRUSION('',#2118,#2122);
#2118 = B_SPLINE_CURVE_WITH_KNOTS('',2,(#2119,#2120,#2121),
  .UNSPECIFIED.,.F.,.F.,(3,3),(0.,1.),.PIECEWISE_BEZIER_KNOTS.);
#2119 = CARTESIAN_POINT('',(-0.126854499407,2.050519287834,10.));
#2120 = CARTESIAN_POINT('',(8.605351246291E-02,1.707010385757,10.));
#2121 = CARTESIAN_POINT('',(8.605351246291E-02,1.267173590504,10.));
#2122 = VECTOR('',#2123,1.);
#2123 = DIRECTION('',(0.,0.,1.));
#2124 = ADVANCED_FACE('',(#2125),#2143,.T.);
#2125 = FACE_BOUND('',#2126,.T.);
#2126 = EDGE_LOOP('',(#2127,#2128,#2136,#2142));
#2127 = ORIENTED_EDGE('',*,*,#2085,.T.);
#2128 = ORIENTED_EDGE('',*,*,#2129,.T.);
#2129 = EDGE_CURVE('',#2078,#2130,#2132,.T.);
#2130 = VERTEX_POINT('',#2131);
#2131 = CARTESIAN_POINT('',(-4.456416813947,0.595994065282,9.6));
#2132 = B_SPLINE_CURVE_WITH_KNOTS('',2,(#2133,#2134,#2135),
  .UNSPECIFIED.,.F.,.F.,(3,3),(0.,1.),.PIECEWISE_BEZIER_KNOTS.);
#2133 = CARTESIAN_POINT('',(-4.025148267953,3.646142433234E-02,9.6));
#2134 = CARTESIAN_POINT('',(-4.312574083976,0.276112759644,9.6));
#2135 = CARTESIAN_POINT('',(-4.456416813947,0.595994065282,9.6));
#2136 = ORIENTED_EDGE('',*,*,#2137,.F.);
#2137 = EDGE_CURVE('',#746,#2130,#2138,.T.);
#2138 = LINE('',#2139,#2140);
#2139 = CARTESIAN_POINT('',(-4.456416813947,0.595994065282,10.));
#2140 = VECTOR('',#2141,1.);
#2141 = DIRECTION('',(-0.,-0.,-1.));
#2142 = ORIENTED_EDGE('',*,*,#745,.F.);
#2143 = SURFACE_OF_LINEAR_EXTRUSION('',#2144,#2148);
#2144 = B_SPLINE_CURVE_WITH_KNOTS('',2,(#2145,#2146,#2147),
  .UNSPECIFIED.,.F.,.F.,(3,3),(0.,1.),.PIECEWISE_BEZIER_KNOTS.);
#2145 = CARTESIAN_POINT('',(-4.025148267953,3.646142433234E-02,10.));
#2146 = CARTESIAN_POINT('',(-4.312574083976,0.276112759644,10.));
#2147 = CARTESIAN_POINT('',(-4.456416813947,0.595994065282,10.));
#2148 = VECTOR('',#2149,1.);
#2149 = DIRECTION('',(0.,0.,1.));
#2150 = ADVANCED_FACE('',(#2151),#2169,.T.);
#2151 = FACE_BOUND('',#2152,.T.);
#2152 = EDGE_LOOP('',(#2153,#2161,#2167,#2168));
#2153 = ORIENTED_EDGE('',*,*,#2154,.T.);
#2154 = EDGE_CURVE('',#850,#2155,#2157,.T.);
#2155 = VERTEX_POINT('',#2156);
#2156 = CARTESIAN_POINT('',(-0.701706131454,2.570326409496,9.6));
#2157 = LINE('',#2158,#2159);
#2158 = CARTESIAN_POINT('',(-0.701706131454,2.570326409496,10.));
#2159 = VECTOR('',#2160,1.);
#2160 = DIRECTION('',(-0.,-0.,-1.));
#2161 = ORIENTED_EDGE('',*,*,#2162,.T.);
#2162 = EDGE_CURVE('',#2155,#2103,#2163,.T.);
#2163 = B_SPLINE_CURVE_WITH_KNOTS('',2,(#2164,#2165,#2166),
  .UNSPECIFIED.,.F.,.F.,(3,3),(0.,1.),.PIECEWISE_BEZIER_KNOTS.);
#2164 = CARTESIAN_POINT('',(-0.701706131454,2.570326409496,9.6));
#2165 = CARTESIAN_POINT('',(-0.339762511276,2.394287833828,9.6));
#2166 = CARTESIAN_POINT('',(-0.126854499407,2.050519287834,9.6));
#2167 = ORIENTED_EDGE('',*,*,#2102,.F.);
#2168 = ORIENTED_EDGE('',*,*,#857,.F.);
#2169 = SURFACE_OF_LINEAR_EXTRUSION('',#2170,#2174);
#2170 = B_SPLINE_CURVE_WITH_KNOTS('',2,(#2171,#2172,#2173),
  .UNSPECIFIED.,.F.,.F.,(3,3),(0.,1.),.PIECEWISE_BEZIER_KNOTS.);
#2171 = CARTESIAN_POINT('',(-0.701706131454,2.570326409496,10.));
#2172 = CARTESIAN_POINT('',(-0.339762511276,2.394287833828,10.));
#2173 = CARTESIAN_POINT('',(-0.126854499407,2.050519287834,10.));
#2174 = VECTOR('',#2175,1.);
#2175 = DIRECTION('',(0.,0.,1.));
#2176 = ADVANCED_FACE('',(#2177),#2195,.T.);
#2177 = FACE_BOUND('',#2178,.T.);
#2178 = EDGE_LOOP('',(#2179,#2180,#2188,#2194));
#2179 = ORIENTED_EDGE('',*,*,#2137,.T.);
#2180 = ORIENTED_EDGE('',*,*,#2181,.T.);
#2181 = EDGE_CURVE('',#2130,#2182,#2184,.T.);
#2182 = VERTEX_POINT('',#2183);
#2183 = CARTESIAN_POINT('',(-4.5999999,1.275222551929,9.6));
#2184 = B_SPLINE_CURVE_WITH_KNOTS('',2,(#2185,#2186,#2187),
  .UNSPECIFIED.,.F.,.F.,(3,3),(0.,1.),.PIECEWISE_BEZIER_KNOTS.);
#2185 = CARTESIAN_POINT('',(-4.456416813947,0.595994065282,9.6));
#2186 = CARTESIAN_POINT('',(-4.5999999,0.91587537092,9.6));
#2187 = CARTESIAN_POINT('',(-4.5999999,1.275222551929,9.6));
#2188 = ORIENTED_EDGE('',*,*,#2189,.F.);
#2189 = EDGE_CURVE('',#754,#2182,#2190,.T.);
#2190 = LINE('',#2191,#2192);
#2191 = CARTESIAN_POINT('',(-4.5999999,1.275222551929,10.));
#2192 = VECTOR('',#2193,1.);
#2193 = DIRECTION('',(-0.,-0.,-1.));
#2194 = ORIENTED_EDGE('',*,*,#753,.F.);
#2195 = SURFACE_OF_LINEAR_EXTRUSION('',#2196,#2200);
#2196 = B_SPLINE_CURVE_WITH_KNOTS('',2,(#2197,#2198,#2199),
  .UNSPECIFIED.,.F.,.F.,(3,3),(0.,1.),.PIECEWISE_BEZIER_KNOTS.);
#2197 = CARTESIAN_POINT('',(-4.456416813947,0.595994065282,10.));
#2198 = CARTESIAN_POINT('',(-4.5999999,0.91587537092,10.));
#2199 = CARTESIAN_POINT('',(-4.5999999,1.275222551929,10.));
#2200 = VECTOR('',#2201,1.);
#2201 = DIRECTION('',(0.,0.,1.));
#2202 = ADVANCED_FACE('',(#2203),#2221,.T.);
#2203 = FACE_BOUND('',#2204,.T.);
#2204 = EDGE_LOOP('',(#2205,#2213,#2219,#2220));
#2205 = ORIENTED_EDGE('',*,*,#2206,.T.);
#2206 = EDGE_CURVE('',#842,#2207,#2209,.T.);
#2207 = VERTEX_POINT('',#2208);
#2208 = CARTESIAN_POINT('',(-0.289391591395,3.039762611276,9.6));
#2209 = LINE('',#2210,#2211);
#2210 = CARTESIAN_POINT('',(-0.289391591395,3.039762611276,10.));
#2211 = VECTOR('',#2212,1.);
#2212 = DIRECTION('',(-0.,-0.,-1.));
#2213 = ORIENTED_EDGE('',*,*,#2214,.T.);
#2214 = EDGE_CURVE('',#2207,#2155,#2215,.T.);
#2215 = B_SPLINE_CURVE_WITH_KNOTS('',2,(#2216,#2217,#2218),
  .UNSPECIFIED.,.F.,.F.,(3,3),(0.,1.),.PIECEWISE_BEZIER_KNOTS.);
#2216 = CARTESIAN_POINT('',(-0.289391591395,3.039762611276,9.6));
#2217 = CARTESIAN_POINT('',(-0.43193610178,2.754933234421,9.6));
#2218 = CARTESIAN_POINT('',(-0.701706131454,2.570326409496,9.6));
#2219 = ORIENTED_EDGE('',*,*,#2154,.F.);
#2220 = ORIENTED_EDGE('',*,*,#849,.F.);
#2221 = SURFACE_OF_LINEAR_EXTRUSION('',#2222,#2226);
#2222 = B_SPLINE_CURVE_WITH_KNOTS('',2,(#2223,#2224,#2225),
  .UNSPECIFIED.,.F.,.F.,(3,3),(0.,1.),.PIECEWISE_BEZIER_KNOTS.);
#2223 = CARTESIAN_POINT('',(-0.289391591395,3.039762611276,10.));
#2224 = CARTESIAN_POINT('',(-0.43193610178,2.754933234421,10.));
#2225 = CARTESIAN_POINT('',(-0.701706131454,2.570326409496,10.));
#2226 = VECTOR('',#2227,1.);
#2227 = DIRECTION('',(0.,0.,1.));
#2228 = ADVANCED_FACE('',(#2229),#2247,.T.);
#2229 = FACE_BOUND('',#2230,.T.);
#2230 = EDGE_LOOP('',(#2231,#2232,#2240,#2246));
#2231 = ORIENTED_EDGE('',*,*,#2189,.T.);
#2232 = ORIENTED_EDGE('',*,*,#2233,.T.);
#2233 = EDGE_CURVE('',#2182,#2234,#2236,.T.);
#2234 = VERTEX_POINT('',#2235);
#2235 = CARTESIAN_POINT('',(-4.380600790208,2.050519287834,9.6));
#2236 = B_SPLINE_CURVE_WITH_KNOTS('',2,(#2237,#2238,#2239),
  .UNSPECIFIED.,.F.,.F.,(3,3),(0.,1.),.PIECEWISE_BEZIER_KNOTS.);
#2237 = CARTESIAN_POINT('',(-4.5999999,1.275222551929,9.6));
#2238 = CARTESIAN_POINT('',(-4.5999999,1.715059347181,9.6));
#2239 = CARTESIAN_POINT('',(-4.380600790208,2.050519287834,9.6));
#2240 = ORIENTED_EDGE('',*,*,#2241,.F.);
#2241 = EDGE_CURVE('',#762,#2234,#2242,.T.);
#2242 = LINE('',#2243,#2244);
#2243 = CARTESIAN_POINT('',(-4.380600790208,2.050519287834,10.));
#2244 = VECTOR('',#2245,1.);
#2245 = DIRECTION('',(-0.,-0.,-1.));
#2246 = ORIENTED_EDGE('',*,*,#761,.F.);
#2247 = SURFACE_OF_LINEAR_EXTRUSION('',#2248,#2252);
#2248 = B_SPLINE_CURVE_WITH_KNOTS('',2,(#2249,#2250,#2251),
  .UNSPECIFIED.,.F.,.F.,(3,3),(0.,1.),.PIECEWISE_BEZIER_KNOTS.);
#2249 = CARTESIAN_POINT('',(-4.5999999,1.275222551929,10.));
#2250 = CARTESIAN_POINT('',(-4.5999999,1.715059347181,10.));
#2251 = CARTESIAN_POINT('',(-4.380600790208,2.050519287834,10.));
#2252 = VECTOR('',#2253,1.);
#2253 = DIRECTION('',(0.,0.,1.));
#2254 = ADVANCED_FACE('',(#2255),#2273,.T.);
#2255 = FACE_BOUND('',#2256,.T.);
#2256 = EDGE_LOOP('',(#2257,#2265,#2271,#2272));
#2257 = ORIENTED_EDGE('',*,*,#2258,.T.);
#2258 = EDGE_CURVE('',#834,#2259,#2261,.T.);
#2259 = VERTEX_POINT('',#2260);
#2260 = CARTESIAN_POINT('',(-0.146587437092,3.686016320475,9.6));
#2261 = LINE('',#2262,#2263);
#2262 = CARTESIAN_POINT('',(-0.146587437092,3.686016320475,10.));
#2263 = VECTOR('',#2264,1.);
#2264 = DIRECTION('',(-0.,-0.,-1.));
#2265 = ORIENTED_EDGE('',*,*,#2266,.T.);
#2266 = EDGE_CURVE('',#2259,#2207,#2267,.T.);
#2267 = B_SPLINE_CURVE_WITH_KNOTS('',2,(#2268,#2269,#2270),
  .UNSPECIFIED.,.F.,.F.,(3,3),(0.,1.),.PIECEWISE_BEZIER_KNOTS.);
#2268 = CARTESIAN_POINT('',(-0.146587437092,3.686016320475,9.6));
#2269 = CARTESIAN_POINT('',(-0.146587437092,3.324591988131,9.6));
#2270 = CARTESIAN_POINT('',(-0.289391591395,3.039762611276,9.6));
#2271 = ORIENTED_EDGE('',*,*,#2206,.F.);
#2272 = ORIENTED_EDGE('',*,*,#841,.F.);
#2273 = SURFACE_OF_LINEAR_EXTRUSION('',#2274,#2278);
#2274 = B_SPLINE_CURVE_WITH_KNOTS('',2,(#2275,#2276,#2277),
  .UNSPECIFIED.,.F.,.F.,(3,3),(0.,1.),.PIECEWISE_BEZIER_KNOTS.);
#2275 = CARTESIAN_POINT('',(-0.146587437092,3.686016320475,10.));
#2276 = CARTESIAN_POINT('',(-0.146587437092,3.324591988131,10.));
#2277 = CARTESIAN_POINT('',(-0.289391591395,3.039762611276,10.));
#2278 = VECTOR('',#2279,1.);
#2279 = DIRECTION('',(0.,0.,1.));
#2280 = ADVANCED_FACE('',(#2281),#2299,.T.);
#2281 = FACE_BOUND('',#2282,.T.);
#2282 = EDGE_LOOP('',(#2283,#2284,#2292,#2298));
#2283 = ORIENTED_EDGE('',*,*,#2241,.T.);
#2284 = ORIENTED_EDGE('',*,*,#2285,.T.);
#2285 = EDGE_CURVE('',#2234,#2286,#2288,.T.);
#2286 = VERTEX_POINT('',#2287);
#2287 = CARTESIAN_POINT('',(-3.825741739763,2.570326409496,9.6));
#2288 = B_SPLINE_CURVE_WITH_KNOTS('',2,(#2289,#2290,#2291),
  .UNSPECIFIED.,.F.,.F.,(3,3),(0.,1.),.PIECEWISE_BEZIER_KNOTS.);
#2289 = CARTESIAN_POINT('',(-4.380600790208,2.050519287834,9.6));
#2290 = CARTESIAN_POINT('',(-4.160942036499,2.386238872404,9.6));
#2291 = CARTESIAN_POINT('',(-3.825741739763,2.570326409496,9.6));
#2292 = ORIENTED_EDGE('',*,*,#2293,.F.);
#2293 = EDGE_CURVE('',#770,#2286,#2294,.T.);
#2294 = LINE('',#2295,#2296);
#2295 = CARTESIAN_POINT('',(-3.825741739763,2.570326409496,10.));
#2296 = VECTOR('',#2297,1.);
#2297 = DIRECTION('',(-0.,-0.,-1.));
#2298 = ORIENTED_EDGE('',*,*,#769,.F.);
#2299 = SURFACE_OF_LINEAR_EXTRUSION('',#2300,#2304);
#2300 = B_SPLINE_CURVE_WITH_KNOTS('',2,(#2301,#2302,#2303),
  .UNSPECIFIED.,.F.,.F.,(3,3),(0.,1.),.PIECEWISE_BEZIER_KNOTS.);
#2301 = CARTESIAN_POINT('',(-4.380600790208,2.050519287834,10.));
#2302 = CARTESIAN_POINT('',(-4.160942036499,2.386238872404,10.));
#2303 = CARTESIAN_POINT('',(-3.825741739763,2.570326409496,10.));
#2304 = VECTOR('',#2305,1.);
#2305 = DIRECTION('',(0.,0.,1.));
#2306 = ADVANCED_FACE('',(#2307),#2325,.T.);
#2307 = FACE_BOUND('',#2308,.T.);
#2308 = EDGE_LOOP('',(#2309,#2317,#2323,#2324));
#2309 = ORIENTED_EDGE('',*,*,#2310,.T.);
#2310 = EDGE_CURVE('',#826,#2311,#2313,.T.);
#2311 = VERTEX_POINT('',#2312);
#2312 = CARTESIAN_POINT('',(-0.373775864392,4.49662462908,9.6));
#2313 = LINE('',#2314,#2315);
#2314 = CARTESIAN_POINT('',(-0.373775864392,4.49662462908,10.));
#2315 = VECTOR('',#2316,1.);
#2316 = DIRECTION('',(-0.,-0.,-1.));
#2317 = ORIENTED_EDGE('',*,*,#2318,.T.);
#2318 = EDGE_CURVE('',#2311,#2259,#2319,.T.);
#2319 = B_SPLINE_CURVE_WITH_KNOTS('',2,(#2320,#2321,#2322),
  .UNSPECIFIED.,.F.,.F.,(3,3),(0.,1.),.PIECEWISE_BEZIER_KNOTS.);
#2320 = CARTESIAN_POINT('',(-0.373775864392,4.49662462908,9.6));
#2321 = CARTESIAN_POINT('',(-0.146587437092,4.135459940653,9.6));
#2322 = CARTESIAN_POINT('',(-0.146587437092,3.686016320475,9.6));
#2323 = ORIENTED_EDGE('',*,*,#2258,.F.);
#2324 = ORIENTED_EDGE('',*,*,#833,.F.);
#2325 = SURFACE_OF_LINEAR_EXTRUSION('',#2326,#2330);
#2326 = B_SPLINE_CURVE_WITH_KNOTS('',2,(#2327,#2328,#2329),
  .UNSPECIFIED.,.F.,.F.,(3,3),(0.,1.),.PIECEWISE_BEZIER_KNOTS.);
#2327 = CARTESIAN_POINT('',(-0.373775864392,4.49662462908,10.));
#2328 = CARTESIAN_POINT('',(-0.146587437092,4.135459940653,10.));
#2329 = CARTESIAN_POINT('',(-0.146587437092,3.686016320475,10.));
#2330 = VECTOR('',#2331,1.);
#2331 = DIRECTION('',(0.,0.,1.));
#2332 = ADVANCED_FACE('',(#2333),#2351,.T.);
#2333 = FACE_BOUND('',#2334,.T.);
#2334 = EDGE_LOOP('',(#2335,#2336,#2344,#2350));
#2335 = ORIENTED_EDGE('',*,*,#2293,.T.);
#2336 = ORIENTED_EDGE('',*,*,#2337,.T.);
#2337 = EDGE_CURVE('',#2286,#2338,#2340,.T.);
#2338 = VERTEX_POINT('',#2339);
#2339 = CARTESIAN_POINT('',(-4.252855983086,3.031713649852,9.6));
#2340 = B_SPLINE_CURVE_WITH_KNOTS('',2,(#2341,#2342,#2343),
  .UNSPECIFIED.,.F.,.F.,(3,3),(0.,1.),.PIECEWISE_BEZIER_KNOTS.);
#2341 = CARTESIAN_POINT('',(-3.825741739763,2.570326409496,9.6));
#2342 = CARTESIAN_POINT('',(-4.105118594362,2.754933234421,9.6));
#2343 = CARTESIAN_POINT('',(-4.252855983086,3.031713649852,9.6));
#2344 = ORIENTED_EDGE('',*,*,#2345,.F.);
#2345 = EDGE_CURVE('',#778,#2338,#2346,.T.);
#2346 = LINE('',#2347,#2348);
#2347 = CARTESIAN_POINT('',(-4.252855983086,3.031713649852,10.));
#2348 = VECTOR('',#2349,1.);
#2349 = DIRECTION('',(-0.,-0.,-1.));
#2350 = ORIENTED_EDGE('',*,*,#777,.F.);
#2351 = SURFACE_OF_LINEAR_EXTRUSION('',#2352,#2356);
#2352 = B_SPLINE_CURVE_WITH_KNOTS('',2,(#2353,#2354,#2355),
  .UNSPECIFIED.,.F.,.F.,(3,3),(0.,1.),.PIECEWISE_BEZIER_KNOTS.);
#2353 = CARTESIAN_POINT('',(-3.825741739763,2.570326409496,10.));
#2354 = CARTESIAN_POINT('',(-4.105118594362,2.754933234421,10.));
#2355 = CARTESIAN_POINT('',(-4.252855983086,3.031713649852,10.));
#2356 = VECTOR('',#2357,1.);
#2357 = DIRECTION('',(0.,0.,1.));
#2358 = ADVANCED_FACE('',(#2359),#2377,.T.);
#2359 = FACE_BOUND('',#2360,.T.);
#2360 = EDGE_LOOP('',(#2361,#2369,#2375,#2376));
#2361 = ORIENTED_EDGE('',*,*,#2362,.T.);
#2362 = EDGE_CURVE('',#818,#2363,#2365,.T.);
#2363 = VERTEX_POINT('',#2364);
#2364 = CARTESIAN_POINT('',(-1.070660137389,5.07043768546,9.6));
#2365 = LINE('',#2366,#2367);
#2366 = CARTESIAN_POINT('',(-1.070660137389,5.07043768546,10.));
#2367 = VECTOR('',#2368,1.);
#2368 = DIRECTION('',(-0.,-0.,-1.));
#2369 = ORIENTED_EDGE('',*,*,#2370,.T.);
#2370 = EDGE_CURVE('',#2363,#2311,#2371,.T.);
#2371 = B_SPLINE_CURVE_WITH_KNOTS('',2,(#2372,#2373,#2374),
  .UNSPECIFIED.,.F.,.F.,(3,3),(0.,1.),.PIECEWISE_BEZIER_KNOTS.);
#2372 = CARTESIAN_POINT('',(-1.070660137389,5.07043768546,9.6));
#2373 = CARTESIAN_POINT('',(-0.600704647774,4.857789317507,9.6));
#2374 = CARTESIAN_POINT('',(-0.373775864392,4.49662462908,9.6));
#2375 = ORIENTED_EDGE('',*,*,#2310,.F.);
#2376 = ORIENTED_EDGE('',*,*,#825,.F.);
#2377 = SURFACE_OF_LINEAR_EXTRUSION('',#2378,#2382);
#2378 = B_SPLINE_CURVE_WITH_KNOTS('',2,(#2379,#2380,#2381),
  .UNSPECIFIED.,.F.,.F.,(3,3),(0.,1.),.PIECEWISE_BEZIER_KNOTS.);
#2379 = CARTESIAN_POINT('',(-1.070660137389,5.07043768546,10.));
#2380 = CARTESIAN_POINT('',(-0.600704647774,4.857789317507,10.));
#2381 = CARTESIAN_POINT('',(-0.373775864392,4.49662462908,10.));
#2382 = VECTOR('',#2383,1.);
#2383 = DIRECTION('',(0.,0.,1.));
#2384 = ADVANCED_FACE('',(#2385),#2403,.T.);
#2385 = FACE_BOUND('',#2386,.T.);
#2386 = EDGE_LOOP('',(#2387,#2388,#2396,#2402));
#2387 = ORIENTED_EDGE('',*,*,#2345,.T.);
#2388 = ORIENTED_EDGE('',*,*,#2389,.T.);
#2389 = EDGE_CURVE('',#2338,#2390,#2392,.T.);
#2390 = VERTEX_POINT('',#2391);
#2391 = CARTESIAN_POINT('',(-4.40059337181,3.67796735905,9.6));
#2392 = B_SPLINE_CURVE_WITH_KNOTS('',2,(#2393,#2394,#2395),
  .UNSPECIFIED.,.F.,.F.,(3,3),(0.,1.),.PIECEWISE_BEZIER_KNOTS.);
#2393 = CARTESIAN_POINT('',(-4.252855983086,3.031713649852,9.6));
#2394 = CARTESIAN_POINT('',(-4.40059337181,3.308494065282,9.6));
#2395 = CARTESIAN_POINT('',(-4.40059337181,3.67796735905,9.6));
#2396 = ORIENTED_EDGE('',*,*,#2397,.F.);
#2397 = EDGE_CURVE('',#786,#2390,#2398,.T.);
#2398 = LINE('',#2399,#2400);
#2399 = CARTESIAN_POINT('',(-4.40059337181,3.67796735905,10.));
#2400 = VECTOR('',#2401,1.);
#2401 = DIRECTION('',(-0.,-0.,-1.));
#2402 = ORIENTED_EDGE('',*,*,#785,.F.);
#2403 = SURFACE_OF_LINEAR_EXTRUSION('',#2404,#2408);
#2404 = B_SPLINE_CURVE_WITH_KNOTS('',2,(#2405,#2406,#2407),
  .UNSPECIFIED.,.F.,.F.,(3,3),(0.,1.),.PIECEWISE_BEZIER_KNOTS.);
#2405 = CARTESIAN_POINT('',(-4.252855983086,3.031713649852,10.));
#2406 = CARTESIAN_POINT('',(-4.40059337181,3.308494065282,10.));
#2407 = CARTESIAN_POINT('',(-4.40059337181,3.67796735905,10.));
#2408 = VECTOR('',#2409,1.);
#2409 = DIRECTION('',(0.,0.,1.));
#2410 = ADVANCED_FACE('',(#2411),#2429,.T.);
#2411 = FACE_BOUND('',#2412,.T.);
#2412 = EDGE_LOOP('',(#2413,#2421,#2427,#2428));
#2413 = ORIENTED_EDGE('',*,*,#2414,.T.);
#2414 = EDGE_CURVE('',#810,#2415,#2417,.T.);
#2415 = VERTEX_POINT('',#2416);
#2416 = CARTESIAN_POINT('',(-2.265801086944,5.283086053412,9.6));
#2417 = LINE('',#2418,#2419);
#2418 = CARTESIAN_POINT('',(-2.265801086944,5.283086053412,10.));
#2419 = VECTOR('',#2420,1.);
#2420 = DIRECTION('',(-0.,-0.,-1.));
#2421 = ORIENTED_EDGE('',*,*,#2422,.T.);
#2422 = EDGE_CURVE('',#2415,#2363,#2423,.T.);
#2423 = B_SPLINE_CURVE_WITH_KNOTS('',2,(#2424,#2425,#2426),
  .UNSPECIFIED.,.F.,.F.,(3,3),(0.,1.),.PIECEWISE_BEZIER_KNOTS.);
#2424 = CARTESIAN_POINT('',(-2.265801086944,5.283086053412,9.6));
#2425 = CARTESIAN_POINT('',(-1.540615627003,5.283086053412,9.6));
#2426 = CARTESIAN_POINT('',(-1.070660137389,5.07043768546,9.6));
#2427 = ORIENTED_EDGE('',*,*,#2362,.F.);
#2428 = ORIENTED_EDGE('',*,*,#817,.F.);
#2429 = SURFACE_OF_LINEAR_EXTRUSION('',#2430,#2434);
#2430 = B_SPLINE_CURVE_WITH_KNOTS('',2,(#2431,#2432,#2433),
  .UNSPECIFIED.,.F.,.F.,(3,3),(0.,1.),.PIECEWISE_BEZIER_KNOTS.);
#2431 = CARTESIAN_POINT('',(-2.265801086944,5.283086053412,10.));
#2432 = CARTESIAN_POINT('',(-1.540615627003,5.283086053412,10.));
#2433 = CARTESIAN_POINT('',(-1.070660137389,5.07043768546,10.));
#2434 = VECTOR('',#2435,1.);
#2435 = DIRECTION('',(0.,0.,1.));
#2436 = ADVANCED_FACE('',(#2437),#2455,.T.);
#2437 = FACE_BOUND('',#2438,.T.);
#2438 = EDGE_LOOP('',(#2439,#2440,#2448,#2454));
#2439 = ORIENTED_EDGE('',*,*,#2397,.T.);
#2440 = ORIENTED_EDGE('',*,*,#2441,.T.);
#2441 = EDGE_CURVE('',#2390,#2442,#2444,.T.);
#2442 = VERTEX_POINT('',#2443);
#2443 = CARTESIAN_POINT('',(-4.169510285757,4.488316023739,9.6));
#2444 = B_SPLINE_CURVE_WITH_KNOTS('',2,(#2445,#2446,#2447),
  .UNSPECIFIED.,.F.,.F.,(3,3),(0.,1.),.PIECEWISE_BEZIER_KNOTS.);
#2445 = CARTESIAN_POINT('',(-4.40059337181,3.67796735905,9.6));
#2446 = CARTESIAN_POINT('',(-4.40059337181,4.127410979228,9.6));
#2447 = CARTESIAN_POINT('',(-4.169510285757,4.488316023739,9.6));
#2448 = ORIENTED_EDGE('',*,*,#2449,.F.);
#2449 = EDGE_CURVE('',#794,#2442,#2450,.T.);
#2450 = LINE('',#2451,#2452);
#2451 = CARTESIAN_POINT('',(-4.169510285757,4.488316023739,10.));
#2452 = VECTOR('',#2453,1.);
#2453 = DIRECTION('',(-0.,-0.,-1.));
#2454 = ORIENTED_EDGE('',*,*,#793,.F.);
#2455 = SURFACE_OF_LINEAR_EXTRUSION('',#2456,#2460);
#2456 = B_SPLINE_CURVE_WITH_KNOTS('',2,(#2457,#2458,#2459),
  .UNSPECIFIED.,.F.,.F.,(3,3),(0.,1.),.PIECEWISE_BEZIER_KNOTS.);
#2457 = CARTESIAN_POINT('',(-4.40059337181,3.67796735905,10.));
#2458 = CARTESIAN_POINT('',(-4.40059337181,4.127410979228,10.));
#2459 = CARTESIAN_POINT('',(-4.169510285757,4.488316023739,10.));
#2460 = VECTOR('',#2461,1.);
#2461 = DIRECTION('',(0.,0.,1.));
#2462 = ADVANCED_FACE('',(#2463),#2481,.T.);
#2463 = FACE_BOUND('',#2464,.T.);
#2464 = EDGE_LOOP('',(#2465,#2473,#2479,#2480));
#2465 = ORIENTED_EDGE('',*,*,#2466,.T.);
#2466 = EDGE_CURVE('',#802,#2467,#2469,.T.);
#2467 = VERTEX_POINT('',#2468);
#2468 = CARTESIAN_POINT('',(-3.468471710089,5.066283382789,9.6));
#2469 = LINE('',#2470,#2471);
#2470 = CARTESIAN_POINT('',(-3.468471710089,5.066283382789,10.));
#2471 = VECTOR('',#2472,1.);
#2472 = DIRECTION('',(-0.,-0.,-1.));
#2473 = ORIENTED_EDGE('',*,*,#2474,.T.);
#2474 = EDGE_CURVE('',#2467,#2415,#2475,.T.);
#2475 = B_SPLINE_CURVE_WITH_KNOTS('',2,(#2476,#2477,#2478),
  .UNSPECIFIED.,.F.,.F.,(3,3),(0.,1.),.PIECEWISE_BEZIER_KNOTS.);
#2476 = CARTESIAN_POINT('',(-3.468471710089,5.066283382789,9.6));
#2477 = CARTESIAN_POINT('',(-2.998516220475,5.283086053412,9.6));
#2478 = CARTESIAN_POINT('',(-2.265801086944,5.283086053412,9.6));
#2479 = ORIENTED_EDGE('',*,*,#2414,.F.);
#2480 = ORIENTED_EDGE('',*,*,#809,.F.);
#2481 = SURFACE_OF_LINEAR_EXTRUSION('',#2482,#2486);
#2482 = B_SPLINE_CURVE_WITH_KNOTS('',2,(#2483,#2484,#2485),
  .UNSPECIFIED.,.F.,.F.,(3,3),(0.,1.),.PIECEWISE_BEZIER_KNOTS.);
#2483 = CARTESIAN_POINT('',(-3.468471710089,5.066283382789,10.));
#2484 = CARTESIAN_POINT('',(-2.998516220475,5.283086053412,10.));
#2485 = CARTESIAN_POINT('',(-2.265801086944,5.283086053412,10.));
#2486 = VECTOR('',#2487,1.);
#2487 = DIRECTION('',(0.,0.,1.));
#2488 = ADVANCED_FACE('',(#2489),#2500,.T.);
#2489 = FACE_BOUND('',#2490,.T.);
#2490 = EDGE_LOOP('',(#2491,#2492,#2498,#2499));
#2491 = ORIENTED_EDGE('',*,*,#2449,.T.);
#2492 = ORIENTED_EDGE('',*,*,#2493,.T.);
#2493 = EDGE_CURVE('',#2442,#2467,#2494,.T.);
#2494 = B_SPLINE_CURVE_WITH_KNOTS('',2,(#2495,#2496,#2497),
  .UNSPECIFIED.,.F.,.F.,(3,3),(0.,1.),.PIECEWISE_BEZIER_KNOTS.);
#2495 = CARTESIAN_POINT('',(-4.169510285757,4.488316023739,9.6));
#2496 = CARTESIAN_POINT('',(-3.938427199703,4.849480712166,9.6));
#2497 = CARTESIAN_POINT('',(-3.468471710089,5.066283382789,9.6));
#2498 = ORIENTED_EDGE('',*,*,#2466,.F.);
#2499 = ORIENTED_EDGE('',*,*,#801,.F.);
#2500 = SURFACE_OF_LINEAR_EXTRUSION('',#2501,#2505);
#2501 = B_SPLINE_CURVE_WITH_KNOTS('',2,(#2502,#2503,#2504),
  .UNSPECIFIED.,.F.,.F.,(3,3),(0.,1.),.PIECEWISE_BEZIER_KNOTS.);
#2502 = CARTESIAN_POINT('',(-4.169510285757,4.488316023739,10.));
#2503 = CARTESIAN_POINT('',(-3.938427199703,4.849480712166,10.));
#2504 = CARTESIAN_POINT('',(-3.468471710089,5.066283382789,10.));
#2505 = VECTOR('',#2506,1.);
#2506 = DIRECTION('',(0.,0.,1.));
#2507 = ADVANCED_FACE('',(#2508,#2518),#2529,.F.);
#2508 = FACE_BOUND('',#2509,.F.);
#2509 = EDGE_LOOP('',(#2510,#2511,#2512,#2513,#2514,#2515,#2516,#2517));
#2510 = ORIENTED_EDGE('',*,*,#1071,.F.);
#2511 = ORIENTED_EDGE('',*,*,#1049,.F.);
#2512 = ORIENTED_EDGE('',*,*,#1016,.F.);
#2513 = ORIENTED_EDGE('',*,*,#1191,.F.);
#2514 = ORIENTED_EDGE('',*,*,#1167,.F.);
#2515 = ORIENTED_EDGE('',*,*,#1143,.F.);
#2516 = ORIENTED_EDGE('',*,*,#1119,.F.);
#2517 = ORIENTED_EDGE('',*,*,#1095,.F.);
#2518 = FACE_BOUND('',#2519,.F.);
#2519 = EDGE_LOOP('',(#2520));
#2520 = ORIENTED_EDGE('',*,*,#2521,.T.);
#2521 = EDGE_CURVE('',#2522,#2522,#2524,.T.);
#2522 = VERTEX_POINT('',#2523);
#2523 = CARTESIAN_POINT('',(2.75,0.,8.8));
#2524 = CIRCLE('',#2525,2.75);
#2525 = AXIS2_PLACEMENT_3D('',#2526,#2527,#2528);
#2526 = CARTESIAN_POINT('',(0.,0.,8.8));
#2527 = DIRECTION('',(0.,0.,-1.));
#2528 = DIRECTION('',(1.,0.,0.));
#2529 = PLANE('',#2530);
#2530 = AXIS2_PLACEMENT_3D('',#2531,#2532,#2533);
#2531 = CARTESIAN_POINT('',(-7.1E-16,2.2E-16,8.8));
#2532 = DIRECTION('',(0.,0.,1.));
#2533 = DIRECTION('',(1.,0.,0.));
#2534 = ADVANCED_FACE('',(#2535),#2563,.T.);
#2535 = FACE_BOUND('',#2536,.T.);
#2536 = EDGE_LOOP('',(#2537,#2538,#2539,#2540,#2541,#2542,#2543,#2544,
    #2545,#2546,#2547,#2548,#2549,#2550,#2551,#2552,#2553,#2554,#2555,
    #2556,#2557,#2558,#2559,#2560,#2561,#2562));
#2537 = ORIENTED_EDGE('',*,*,#1947,.F.);
#2538 = ORIENTED_EDGE('',*,*,#1301,.F.);
#2539 = ORIENTED_EDGE('',*,*,#1334,.F.);
#2540 = ORIENTED_EDGE('',*,*,#1360,.F.);
#2541 = ORIENTED_EDGE('',*,*,#1384,.F.);
#2542 = ORIENTED_EDGE('',*,*,#1410,.F.);
#2543 = ORIENTED_EDGE('',*,*,#1436,.F.);
#2544 = ORIENTED_EDGE('',*,*,#1462,.F.);
#2545 = ORIENTED_EDGE('',*,*,#1488,.F.);
#2546 = ORIENTED_EDGE('',*,*,#1514,.F.);
#2547 = ORIENTED_EDGE('',*,*,#1540,.F.);
#2548 = ORIENTED_EDGE('',*,*,#1566,.F.);
#2549 = ORIENTED_EDGE('',*,*,#1592,.F.);
#2550 = ORIENTED_EDGE('',*,*,#1618,.F.);
#2551 = ORIENTED_EDGE('',*,*,#1644,.F.);
#2552 = ORIENTED_EDGE('',*,*,#1670,.F.);
#2553 = ORIENTED_EDGE('',*,*,#1696,.F.);
#2554 = ORIENTED_EDGE('',*,*,#1720,.F.);
#2555 = ORIENTED_EDGE('',*,*,#1746,.F.);
#2556 = ORIENTED_EDGE('',*,*,#1772,.F.);
#2557 = ORIENTED_EDGE('',*,*,#1798,.F.);
#2558 = ORIENTED_EDGE('',*,*,#1824,.F.);
#2559 = ORIENTED_EDGE('',*,*,#1850,.F.);
#2560 = ORIENTED_EDGE('',*,*,#1876,.F.);
#2561 = ORIENTED_EDGE('',*,*,#1902,.F.);
#2562 = ORIENTED_EDGE('',*,*,#1928,.F.);
#2563 = PLANE('',#2564);
#2564 = AXIS2_PLACEMENT_3D('',#2565,#2566,#2567);
#2565 = CARTESIAN_POINT('',(4.065165238098,-3.430881519348,9.6));
#2566 = DIRECTION('',(0.,0.,1.));
#2567 = DIRECTION('',(1.,0.,0.));
#2568 = ADVANCED_FACE('',(#2569,#2592,#2690),#2788,.T.);
#2569 = FACE_BOUND('',#2570,.T.);
#2570 = EDGE_LOOP('',(#2571,#2572,#2573,#2574,#2575,#2576,#2577,#2578,
    #2579,#2580,#2581,#2582,#2583,#2584,#2585,#2586,#2587,#2588,#2589,
    #2590,#2591));
#2571 = ORIENTED_EDGE('',*,*,#2025,.F.);
#2572 = ORIENTED_EDGE('',*,*,#1973,.F.);
#2573 = ORIENTED_EDGE('',*,*,#2006,.F.);
#2574 = ORIENTED_EDGE('',*,*,#2058,.F.);
#2575 = ORIENTED_EDGE('',*,*,#2110,.F.);
#2576 = ORIENTED_EDGE('',*,*,#2162,.F.);
#2577 = ORIENTED_EDGE('',*,*,#2214,.F.);
#2578 = ORIENTED_EDGE('',*,*,#2266,.F.);
#2579 = ORIENTED_EDGE('',*,*,#2318,.F.);
#2580 = ORIENTED_EDGE('',*,*,#2370,.F.);
#2581 = ORIENTED_EDGE('',*,*,#2422,.F.);
#2582 = ORIENTED_EDGE('',*,*,#2474,.F.);
#2583 = ORIENTED_EDGE('',*,*,#2493,.F.);
#2584 = ORIENTED_EDGE('',*,*,#2441,.F.);
#2585 = ORIENTED_EDGE('',*,*,#2389,.F.);
#2586 = ORIENTED_EDGE('',*,*,#2337,.F.);
#2587 = ORIENTED_EDGE('',*,*,#2285,.F.);
#2588 = ORIENTED_EDGE('',*,*,#2233,.F.);
#2589 = ORIENTED_EDGE('',*,*,#2181,.F.);
#2590 = ORIENTED_EDGE('',*,*,#2129,.F.);
#2591 = ORIENTED_EDGE('',*,*,#2077,.F.);
#2592 = FACE_BOUND('',#2593,.T.);
#2593 = EDGE_LOOP('',(#2594,#2604,#2612,#2620,#2628,#2636,#2644,#2652,
    #2660,#2668,#2676,#2684));
#2594 = ORIENTED_EDGE('',*,*,#2595,.F.);
#2595 = EDGE_CURVE('',#2596,#2598,#2600,.T.);
#2596 = VERTEX_POINT('',#2597);
#2597 = CARTESIAN_POINT('',(-2.261387140356,0.547181008902,9.6));
#2598 = VERTEX_POINT('',#2599);
#2599 = CARTESIAN_POINT('',(-1.802596339169,0.634421364985,9.6));
#2600 = B_SPLINE_CURVE_WITH_KNOTS('',2,(#2601,#2602,#2603),
  .UNSPECIFIED.,.F.,.F.,(3,3),(0.,1.),.PIECEWISE_BEZIER_KNOTS.);
#2601 = CARTESIAN_POINT('',(-2.261387140356,0.547181008902,9.6));
#2602 = CARTESIAN_POINT('',(-2.00615717003,0.547181008902,9.6));
#2603 = CARTESIAN_POINT('',(-1.802596339169,0.634421364985,9.6));
#2604 = ORIENTED_EDGE('',*,*,#2605,.F.);
#2605 = EDGE_CURVE('',#2606,#2596,#2608,.T.);
#2606 = VERTEX_POINT('',#2607);
#2607 = CARTESIAN_POINT('',(-2.724072600297,0.634421364985,9.6));
#2608 = B_SPLINE_CURVE_WITH_KNOTS('',2,(#2609,#2610,#2611),
  .UNSPECIFIED.,.F.,.F.,(3,3),(0.,1.),.PIECEWISE_BEZIER_KNOTS.);
#2609 = CARTESIAN_POINT('',(-2.724072600297,0.634421364985,9.6));
#2610 = CARTESIAN_POINT('',(-2.516617110682,0.547181008902,9.6));
#2611 = CARTESIAN_POINT('',(-2.261387140356,0.547181008902,9.6));
#2612 = ORIENTED_EDGE('',*,*,#2613,.F.);
#2613 = EDGE_CURVE('',#2614,#2606,#2616,.T.);
#2614 = VERTEX_POINT('',#2615);
#2615 = CARTESIAN_POINT('',(-3.051223935608,0.883939169139,9.6));
#2616 = B_SPLINE_CURVE_WITH_KNOTS('',2,(#2617,#2618,#2619),
  .UNSPECIFIED.,.F.,.F.,(3,3),(0.,1.),.PIECEWISE_BEZIER_KNOTS.);
#2617 = CARTESIAN_POINT('',(-3.051223935608,0.883939169139,9.6));
#2618 = CARTESIAN_POINT('',(-2.931528089911,0.721661721068,9.6));
#2619 = CARTESIAN_POINT('',(-2.724072600297,0.634421364985,9.6));
#2620 = ORIENTED_EDGE('',*,*,#2621,.F.);
#2621 = EDGE_CURVE('',#2622,#2614,#2624,.T.);
#2622 = VERTEX_POINT('',#2623);
#2623 = CARTESIAN_POINT('',(-3.170919781306,1.276520771513,9.6));
#2624 = B_SPLINE_CURVE_WITH_KNOTS('',2,(#2625,#2626,#2627),
  .UNSPECIFIED.,.F.,.F.,(3,3),(0.,1.),.PIECEWISE_BEZIER_KNOTS.);
#2625 = CARTESIAN_POINT('',(-3.170919781306,1.276520771513,9.6));
#2626 = CARTESIAN_POINT('',(-3.170919781306,1.046476261128,9.6));
#2627 = CARTESIAN_POINT('',(-3.051223935608,0.883939169139,9.6));
#2628 = ORIENTED_EDGE('',*,*,#2629,.F.);
#2629 = EDGE_CURVE('',#2630,#2622,#2632,.T.);
#2630 = VERTEX_POINT('',#2631);
#2631 = CARTESIAN_POINT('',(-3.051223935608,1.664948071217,9.6));
#2632 = B_SPLINE_CURVE_WITH_KNOTS('',2,(#2633,#2634,#2635),
  .UNSPECIFIED.,.F.,.F.,(3,3),(0.,1.),.PIECEWISE_BEZIER_KNOTS.);
#2633 = CARTESIAN_POINT('',(-3.051223935608,1.664948071217,9.6));
#2634 = CARTESIAN_POINT('',(-3.170919781306,1.506305637982,9.6));
#2635 = CARTESIAN_POINT('',(-3.170919781306,1.276520771513,9.6));
#2636 = ORIENTED_EDGE('',*,*,#2637,.F.);
#2637 = EDGE_CURVE('',#2638,#2630,#2640,.T.);
#2638 = VERTEX_POINT('',#2639);
#2639 = CARTESIAN_POINT('',(-2.724072600297,1.910571216617,9.6));
#2640 = B_SPLINE_CURVE_WITH_KNOTS('',2,(#2641,#2642,#2643),
  .UNSPECIFIED.,.F.,.F.,(3,3),(0.,1.),.PIECEWISE_BEZIER_KNOTS.);
#2641 = CARTESIAN_POINT('',(-2.724072600297,1.910571216617,9.6));
#2642 = CARTESIAN_POINT('',(-2.931528089911,1.823590504451,9.6));
#2643 = CARTESIAN_POINT('',(-3.051223935608,1.664948071217,9.6));
#2644 = ORIENTED_EDGE('',*,*,#2645,.F.);
#2645 = EDGE_CURVE('',#2646,#2638,#2648,.T.);
#2646 = VERTEX_POINT('',#2647);
#2647 = CARTESIAN_POINT('',(-2.261387140356,1.9978115727,9.6));
#2648 = B_SPLINE_CURVE_WITH_KNOTS('',2,(#2649,#2650,#2651),
  .UNSPECIFIED.,.F.,.F.,(3,3),(0.,1.),.PIECEWISE_BEZIER_KNOTS.);
#2649 = CARTESIAN_POINT('',(-2.261387140356,1.9978115727,9.6));
#2650 = CARTESIAN_POINT('',(-2.516617110682,1.9978115727,9.6));
#2651 = CARTESIAN_POINT('',(-2.724072600297,1.910571216617,9.6));
#2652 = ORIENTED_EDGE('',*,*,#2653,.F.);
#2653 = EDGE_CURVE('',#2654,#2646,#2656,.T.);
#2654 = VERTEX_POINT('',#2655);
#2655 = CARTESIAN_POINT('',(-1.802596339169,1.910571216617,9.6));
#2656 = B_SPLINE_CURVE_WITH_KNOTS('',2,(#2657,#2658,#2659),
  .UNSPECIFIED.,.F.,.F.,(3,3),(0.,1.),.PIECEWISE_BEZIER_KNOTS.);
#2657 = CARTESIAN_POINT('',(-1.802596339169,1.910571216617,9.6));
#2658 = CARTESIAN_POINT('',(-2.00615717003,1.9978115727,9.6));
#2659 = CARTESIAN_POINT('',(-2.261387140356,1.9978115727,9.6));
#2660 = ORIENTED_EDGE('',*,*,#2661,.F.);
#2661 = EDGE_CURVE('',#2662,#2654,#2664,.T.);
#2662 = VERTEX_POINT('',#2663);
#2663 = CARTESIAN_POINT('',(-1.479339662611,1.664948071217,9.6));
#2664 = B_SPLINE_CURVE_WITH_KNOTS('',2,(#2665,#2666,#2667),
  .UNSPECIFIED.,.F.,.F.,(3,3),(0.,1.),.PIECEWISE_BEZIER_KNOTS.);
#2665 = CARTESIAN_POINT('',(-1.479339662611,1.664948071217,9.6));
#2666 = CARTESIAN_POINT('',(-1.599035508309,1.823590504451,9.6));
#2667 = CARTESIAN_POINT('',(-1.802596339169,1.910571216617,9.6));
#2668 = ORIENTED_EDGE('',*,*,#2669,.F.);
#2669 = EDGE_CURVE('',#2670,#2662,#2672,.T.);
#2670 = VERTEX_POINT('',#2671);
#2671 = CARTESIAN_POINT('',(-1.359643816914,1.276520771513,9.6));
#2672 = B_SPLINE_CURVE_WITH_KNOTS('',2,(#2673,#2674,#2675),
  .UNSPECIFIED.,.F.,.F.,(3,3),(0.,1.),.PIECEWISE_BEZIER_KNOTS.);
#2673 = CARTESIAN_POINT('',(-1.359643816914,1.276520771513,9.6));
#2674 = CARTESIAN_POINT('',(-1.359643816914,1.506305637982,9.6));
#2675 = CARTESIAN_POINT('',(-1.479339662611,1.664948071217,9.6));
#2676 = ORIENTED_EDGE('',*,*,#2677,.F.);
#2677 = EDGE_CURVE('',#2678,#2670,#2680,.T.);
#2678 = VERTEX_POINT('',#2679);
#2679 = CARTESIAN_POINT('',(-1.479339662611,0.883939169139,9.6));
#2680 = B_SPLINE_CURVE_WITH_KNOTS('',2,(#2681,#2682,#2683),
  .UNSPECIFIED.,.F.,.F.,(3,3),(0.,1.),.PIECEWISE_BEZIER_KNOTS.);
#2681 = CARTESIAN_POINT('',(-1.479339662611,0.883939169139,9.6));
#2682 = CARTESIAN_POINT('',(-1.359643816914,1.046476261128,9.6));
#2683 = CARTESIAN_POINT('',(-1.359643816914,1.276520771513,9.6));
#2684 = ORIENTED_EDGE('',*,*,#2685,.F.);
#2685 = EDGE_CURVE('',#2598,#2678,#2686,.T.);
#2686 = B_SPLINE_CURVE_WITH_KNOTS('',2,(#2687,#2688,#2689),
  .UNSPECIFIED.,.F.,.F.,(3,3),(0.,1.),.PIECEWISE_BEZIER_KNOTS.);
#2687 = CARTESIAN_POINT('',(-1.802596339169,0.634421364985,9.6));
#2688 = CARTESIAN_POINT('',(-1.599035508309,0.721661721068,9.6));
#2689 = CARTESIAN_POINT('',(-1.479339662611,0.883939169139,9.6));
#2690 = FACE_BOUND('',#2691,.T.);
#2691 = EDGE_LOOP('',(#2692,#2702,#2710,#2718,#2726,#2734,#2742,#2750,
    #2758,#2766,#2774,#2782));
#2692 = ORIENTED_EDGE('',*,*,#2693,.F.);
#2693 = EDGE_CURVE('',#2694,#2696,#2698,.T.);
#2694 = VERTEX_POINT('',#2695);
#2695 = CARTESIAN_POINT('',(-2.26528179911,2.973293768546,9.6));
#2696 = VERTEX_POINT('',#2697);
#2697 = CARTESIAN_POINT('',(-1.862574083976,3.057158753709,9.6));
#2698 = B_SPLINE_CURVE_WITH_KNOTS('',2,(#2699,#2700,#2701),
  .UNSPECIFIED.,.F.,.F.,(3,3),(0.,1.),.PIECEWISE_BEZIER_KNOTS.);
#2699 = CARTESIAN_POINT('',(-2.26528179911,2.973293768546,9.6));
#2700 = CARTESIAN_POINT('',(-2.044065181899,2.973293768546,9.6));
#2701 = CARTESIAN_POINT('',(-1.862574083976,3.057158753709,9.6));
#2702 = ORIENTED_EDGE('',*,*,#2703,.F.);
#2703 = EDGE_CURVE('',#2704,#2694,#2706,.T.);
#2704 = VERTEX_POINT('',#2705);
#2705 = CARTESIAN_POINT('',(-2.671884172997,3.053264094955,9.6));
#2706 = B_SPLINE_CURVE_WITH_KNOTS('',2,(#2707,#2708,#2709),
  .UNSPECIFIED.,.F.,.F.,(3,3),(0.,1.),.PIECEWISE_BEZIER_KNOTS.);
#2707 = CARTESIAN_POINT('',(-2.671884172997,3.053264094955,9.6));
#2708 = CARTESIAN_POINT('',(-2.494287733828,2.973293768546,9.6));
#2709 = CARTESIAN_POINT('',(-2.26528179911,2.973293768546,9.6));
#2710 = ORIENTED_EDGE('',*,*,#2711,.F.);
#2711 = EDGE_CURVE('',#2712,#2704,#2714,.T.);
#2712 = VERTEX_POINT('',#2713);
#2713 = CARTESIAN_POINT('',(-2.952039959347,3.277077151335,9.6));
#2714 = B_SPLINE_CURVE_WITH_KNOTS('',2,(#2715,#2716,#2717),
  .UNSPECIFIED.,.F.,.F.,(3,3),(0.,1.),.PIECEWISE_BEZIER_KNOTS.);
#2715 = CARTESIAN_POINT('',(-2.952039959347,3.277077151335,9.6));
#2716 = CARTESIAN_POINT('',(-2.849220968249,3.133234421365,9.6));
#2717 = CARTESIAN_POINT('',(-2.671884172997,3.053264094955,9.6));
#2718 = ORIENTED_EDGE('',*,*,#2719,.F.);
#2719 = EDGE_CURVE('',#2720,#2712,#2722,.T.);
#2720 = VERTEX_POINT('',#2721);
#2721 = CARTESIAN_POINT('',(-3.054599306528,3.612796735905,9.6));
#2722 = B_SPLINE_CURVE_WITH_KNOTS('',2,(#2723,#2724,#2725),
  .UNSPECIFIED.,.F.,.F.,(3,3),(0.,1.),.PIECEWISE_BEZIER_KNOTS.);
#2723 = CARTESIAN_POINT('',(-3.054599306528,3.612796735905,9.6));
#2724 = CARTESIAN_POINT('',(-3.054599306528,3.420919881306,9.6));
#2725 = CARTESIAN_POINT('',(-2.952039959347,3.277077151335,9.6));
#2726 = ORIENTED_EDGE('',*,*,#2727,.F.);
#2727 = EDGE_CURVE('',#2728,#2720,#2730,.T.);
#2728 = VERTEX_POINT('',#2729);
#2729 = CARTESIAN_POINT('',(-2.952039959347,3.948775964392,9.6));
#2730 = B_SPLINE_CURVE_WITH_KNOTS('',2,(#2731,#2732,#2733),
  .UNSPECIFIED.,.F.,.F.,(3,3),(0.,1.),.PIECEWISE_BEZIER_KNOTS.);
#2731 = CARTESIAN_POINT('',(-2.952039959347,3.948775964392,9.6));
#2732 = CARTESIAN_POINT('',(-3.054599306528,3.804933234421,9.6));
#2733 = CARTESIAN_POINT('',(-3.054599306528,3.612796735905,9.6));
#2734 = ORIENTED_EDGE('',*,*,#2735,.F.);
#2735 = EDGE_CURVE('',#2736,#2728,#2738,.T.);
#2736 = VERTEX_POINT('',#2737);
#2737 = CARTESIAN_POINT('',(-2.671884172997,4.172848664688,9.6));
#2738 = B_SPLINE_CURVE_WITH_KNOTS('',2,(#2739,#2740,#2741),
  .UNSPECIFIED.,.F.,.F.,(3,3),(0.,1.),.PIECEWISE_BEZIER_KNOTS.);
#2739 = CARTESIAN_POINT('',(-2.671884172997,4.172848664688,9.6));
#2740 = CARTESIAN_POINT('',(-2.849220968249,4.092878338279,9.6));
#2741 = CARTESIAN_POINT('',(-2.952039959347,3.948775964392,9.6));
#2742 = ORIENTED_EDGE('',*,*,#2743,.F.);
#2743 = EDGE_CURVE('',#2744,#2736,#2746,.T.);
#2744 = VERTEX_POINT('',#2745);
#2745 = CARTESIAN_POINT('',(-2.26528179911,4.252818991098,9.6));
#2746 = B_SPLINE_CURVE_WITH_KNOTS('',2,(#2747,#2748,#2749),
  .UNSPECIFIED.,.F.,.F.,(3,3),(0.,1.),.PIECEWISE_BEZIER_KNOTS.);
#2747 = CARTESIAN_POINT('',(-2.26528179911,4.252818991098,9.6));
#2748 = CARTESIAN_POINT('',(-2.494287733828,4.252818991098,9.6));
#2749 = CARTESIAN_POINT('',(-2.671884172997,4.172848664688,9.6));
#2750 = ORIENTED_EDGE('',*,*,#2751,.F.);
#2751 = EDGE_CURVE('',#2752,#2744,#2754,.T.);
#2752 = VERTEX_POINT('',#2753);
#2753 = CARTESIAN_POINT('',(-1.854784766469,4.172848664688,9.6));
#2754 = B_SPLINE_CURVE_WITH_KNOTS('',2,(#2755,#2756,#2757),
  .UNSPECIFIED.,.F.,.F.,(3,3),(0.,1.),.PIECEWISE_BEZIER_KNOTS.);
#2755 = CARTESIAN_POINT('',(-1.854784766469,4.172848664688,9.6));
#2756 = CARTESIAN_POINT('',(-2.036275864392,4.252818991098,9.6));
#2757 = CARTESIAN_POINT('',(-2.26528179911,4.252818991098,9.6));
#2758 = ORIENTED_EDGE('',*,*,#2759,.F.);
#2759 = EDGE_CURVE('',#2760,#2752,#2762,.T.);
#2760 = VERTEX_POINT('',#2761);
#2761 = CARTESIAN_POINT('',(-1.574628980119,3.948775964392,9.6));
#2762 = B_SPLINE_CURVE_WITH_KNOTS('',2,(#2763,#2764,#2765),
  .UNSPECIFIED.,.F.,.F.,(3,3),(0.,1.),.PIECEWISE_BEZIER_KNOTS.);
#2763 = CARTESIAN_POINT('',(-1.574628980119,3.948775964392,9.6));
#2764 = CARTESIAN_POINT('',(-1.673293668546,4.092878338279,9.6));
#2765 = CARTESIAN_POINT('',(-1.854784766469,4.172848664688,9.6));
#2766 = ORIENTED_EDGE('',*,*,#2767,.F.);
#2767 = EDGE_CURVE('',#2768,#2760,#2770,.T.);
#2768 = VERTEX_POINT('',#2769);
#2769 = CARTESIAN_POINT('',(-1.475964291691,3.612796735905,9.6));
#2770 = B_SPLINE_CURVE_WITH_KNOTS('',2,(#2771,#2772,#2773),
  .UNSPECIFIED.,.F.,.F.,(3,3),(0.,1.),.PIECEWISE_BEZIER_KNOTS.);
#2771 = CARTESIAN_POINT('',(-1.475964291691,3.612796735905,9.6));
#2772 = CARTESIAN_POINT('',(-1.475964291691,3.804933234421,9.6));
#2773 = CARTESIAN_POINT('',(-1.574628980119,3.948775964392,9.6));
#2774 = ORIENTED_EDGE('',*,*,#2775,.F.);
#2775 = EDGE_CURVE('',#2776,#2768,#2778,.T.);
#2776 = VERTEX_POINT('',#2777);
#2777 = CARTESIAN_POINT('',(-1.578523638872,3.280971810089,9.6));
#2778 = B_SPLINE_CURVE_WITH_KNOTS('',2,(#2779,#2780,#2781),
  .UNSPECIFIED.,.F.,.F.,(3,3),(0.,1.),.PIECEWISE_BEZIER_KNOTS.);
#2779 = CARTESIAN_POINT('',(-1.578523638872,3.280971810089,9.6));
#2780 = CARTESIAN_POINT('',(-1.475964291691,3.420919881306,9.6));
#2781 = CARTESIAN_POINT('',(-1.475964291691,3.612796735905,9.6));
#2782 = ORIENTED_EDGE('',*,*,#2783,.F.);
#2783 = EDGE_CURVE('',#2696,#2776,#2784,.T.);
#2784 = B_SPLINE_CURVE_WITH_KNOTS('',2,(#2785,#2786,#2787),
  .UNSPECIFIED.,.F.,.F.,(3,3),(0.,1.),.PIECEWISE_BEZIER_KNOTS.);
#2785 = CARTESIAN_POINT('',(-1.862574083976,3.057158753709,9.6));
#2786 = CARTESIAN_POINT('',(-1.681082986053,3.141283382789,9.6));
#2787 = CARTESIAN_POINT('',(-1.578523638872,3.280971810089,9.6));
#2788 = PLANE('',#2789);
#2789 = AXIS2_PLACEMENT_3D('',#2790,#2791,#2792);
#2790 = CARTESIAN_POINT('',(-2.264333702384,2.367119230949,9.6));
#2791 = DIRECTION('',(0.,0.,1.));
#2792 = DIRECTION('',(1.,0.,0.));
#2793 = ADVANCED_FACE('',(#2794),#2813,.T.);
#2794 = FACE_BOUND('',#2795,.F.);
#2795 = EDGE_LOOP('',(#2796,#2804,#2811,#2812));
#2796 = ORIENTED_EDGE('',*,*,#2797,.T.);
#2797 = EDGE_CURVE('',#2522,#2798,#2800,.T.);
#2798 = VERTEX_POINT('',#2799);
#2799 = CARTESIAN_POINT('',(2.75,0.,2.1));
#2800 = LINE('',#2801,#2802);
#2801 = CARTESIAN_POINT('',(2.75,0.,8.8));
#2802 = VECTOR('',#2803,1.);
#2803 = DIRECTION('',(0.,0.,-1.));
#2804 = ORIENTED_EDGE('',*,*,#2805,.T.);
#2805 = EDGE_CURVE('',#2798,#2798,#2806,.T.);
#2806 = CIRCLE('',#2807,2.75);
#2807 = AXIS2_PLACEMENT_3D('',#2808,#2809,#2810);
#2808 = CARTESIAN_POINT('',(0.,0.,2.1));
#2809 = DIRECTION('',(0.,0.,-1.));
#2810 = DIRECTION('',(1.,0.,0.));
#2811 = ORIENTED_EDGE('',*,*,#2797,.F.);
#2812 = ORIENTED_EDGE('',*,*,#2521,.F.);
#2813 = CYLINDRICAL_SURFACE('',#2814,2.75);
#2814 = AXIS2_PLACEMENT_3D('',#2815,#2816,#2817);
#2815 = CARTESIAN_POINT('',(0.,0.,8.8));
#2816 = DIRECTION('',(0.,0.,1.));
#2817 = DIRECTION('',(1.,0.,0.));
#2818 = ADVANCED_FACE('',(#2819),#2844,.T.);
#2819 = FACE_BOUND('',#2820,.T.);
#2820 = EDGE_LOOP('',(#2821,#2829,#2830,#2838));
#2821 = ORIENTED_EDGE('',*,*,#2822,.T.);
#2822 = EDGE_CURVE('',#2823,#2596,#2825,.T.);
#2823 = VERTEX_POINT('',#2824);
#2824 = CARTESIAN_POINT('',(-2.261387140356,0.547181008902,10.));
#2825 = LINE('',#2826,#2827);
#2826 = CARTESIAN_POINT('',(-2.261387140356,0.547181008902,10.));
#2827 = VECTOR('',#2828,1.);
#2828 = DIRECTION('',(-0.,-0.,-1.));
#2829 = ORIENTED_EDGE('',*,*,#2595,.T.);
#2830 = ORIENTED_EDGE('',*,*,#2831,.F.);
#2831 = EDGE_CURVE('',#2832,#2598,#2834,.T.);
#2832 = VERTEX_POINT('',#2833);
#2833 = CARTESIAN_POINT('',(-1.802596339169,0.634421364985,10.));
#2834 = LINE('',#2835,#2836);
#2835 = CARTESIAN_POINT('',(-1.802596339169,0.634421364985,10.));
#2836 = VECTOR('',#2837,1.);
#2837 = DIRECTION('',(-0.,-0.,-1.));
#2838 = ORIENTED_EDGE('',*,*,#2839,.F.);
#2839 = EDGE_CURVE('',#2823,#2832,#2840,.T.);
#2840 = B_SPLINE_CURVE_WITH_KNOTS('',2,(#2841,#2842,#2843),
  .UNSPECIFIED.,.F.,.F.,(3,3),(0.,1.),.PIECEWISE_BEZIER_KNOTS.);
#2841 = CARTESIAN_POINT('',(-2.261387140356,0.547181008902,10.));
#2842 = CARTESIAN_POINT('',(-2.00615717003,0.547181008902,10.));
#2843 = CARTESIAN_POINT('',(-1.802596339169,0.634421364985,10.));
#2844 = SURFACE_OF_LINEAR_EXTRUSION('',#2845,#2849);
#2845 = B_SPLINE_CURVE_WITH_KNOTS('',2,(#2846,#2847,#2848),
  .UNSPECIFIED.,.F.,.F.,(3,3),(0.,1.),.PIECEWISE_BEZIER_KNOTS.);
#2846 = CARTESIAN_POINT('',(-2.261387140356,0.547181008902,10.));
#2847 = CARTESIAN_POINT('',(-2.00615717003,0.547181008902,10.));
#2848 = CARTESIAN_POINT('',(-1.802596339169,0.634421364985,10.));
#2849 = VECTOR('',#2850,1.);
#2850 = DIRECTION('',(0.,0.,1.));
#2851 = ADVANCED_FACE('',(#2852),#2870,.T.);
#2852 = FACE_BOUND('',#2853,.T.);
#2853 = EDGE_LOOP('',(#2854,#2862,#2863,#2864));
#2854 = ORIENTED_EDGE('',*,*,#2855,.T.);
#2855 = EDGE_CURVE('',#2856,#2606,#2858,.T.);
#2856 = VERTEX_POINT('',#2857);
#2857 = CARTESIAN_POINT('',(-2.724072600297,0.634421364985,10.));
#2858 = LINE('',#2859,#2860);
#2859 = CARTESIAN_POINT('',(-2.724072600297,0.634421364985,10.));
#2860 = VECTOR('',#2861,1.);
#2861 = DIRECTION('',(-0.,-0.,-1.));
#2862 = ORIENTED_EDGE('',*,*,#2605,.T.);
#2863 = ORIENTED_EDGE('',*,*,#2822,.F.);
#2864 = ORIENTED_EDGE('',*,*,#2865,.F.);
#2865 = EDGE_CURVE('',#2856,#2823,#2866,.T.);
#2866 = B_SPLINE_CURVE_WITH_KNOTS('',2,(#2867,#2868,#2869),
  .UNSPECIFIED.,.F.,.F.,(3,3),(0.,1.),.PIECEWISE_BEZIER_KNOTS.);
#2867 = CARTESIAN_POINT('',(-2.724072600297,0.634421364985,10.));
#2868 = CARTESIAN_POINT('',(-2.516617110682,0.547181008902,10.));
#2869 = CARTESIAN_POINT('',(-2.261387140356,0.547181008902,10.));
#2870 = SURFACE_OF_LINEAR_EXTRUSION('',#2871,#2875);
#2871 = B_SPLINE_CURVE_WITH_KNOTS('',2,(#2872,#2873,#2874),
  .UNSPECIFIED.,.F.,.F.,(3,3),(0.,1.),.PIECEWISE_BEZIER_KNOTS.);
#2872 = CARTESIAN_POINT('',(-2.724072600297,0.634421364985,10.));
#2873 = CARTESIAN_POINT('',(-2.516617110682,0.547181008902,10.));
#2874 = CARTESIAN_POINT('',(-2.261387140356,0.547181008902,10.));
#2875 = VECTOR('',#2876,1.);
#2876 = DIRECTION('',(0.,0.,1.));
#2877 = ADVANCED_FACE('',(#2878),#2896,.T.);
#2878 = FACE_BOUND('',#2879,.T.);
#2879 = EDGE_LOOP('',(#2880,#2888,#2889,#2890));
#2880 = ORIENTED_EDGE('',*,*,#2881,.T.);
#2881 = EDGE_CURVE('',#2882,#2614,#2884,.T.);
#2882 = VERTEX_POINT('',#2883);
#2883 = CARTESIAN_POINT('',(-3.051223935608,0.883939169139,10.));
#2884 = LINE('',#2885,#2886);
#2885 = CARTESIAN_POINT('',(-3.051223935608,0.883939169139,10.));
#2886 = VECTOR('',#2887,1.);
#2887 = DIRECTION('',(-0.,-0.,-1.));
#2888 = ORIENTED_EDGE('',*,*,#2613,.T.);
#2889 = ORIENTED_EDGE('',*,*,#2855,.F.);
#2890 = ORIENTED_EDGE('',*,*,#2891,.F.);
#2891 = EDGE_CURVE('',#2882,#2856,#2892,.T.);
#2892 = B_SPLINE_CURVE_WITH_KNOTS('',2,(#2893,#2894,#2895),
  .UNSPECIFIED.,.F.,.F.,(3,3),(0.,1.),.PIECEWISE_BEZIER_KNOTS.);
#2893 = CARTESIAN_POINT('',(-3.051223935608,0.883939169139,10.));
#2894 = CARTESIAN_POINT('',(-2.931528089911,0.721661721068,10.));
#2895 = CARTESIAN_POINT('',(-2.724072600297,0.634421364985,10.));
#2896 = SURFACE_OF_LINEAR_EXTRUSION('',#2897,#2901);
#2897 = B_SPLINE_CURVE_WITH_KNOTS('',2,(#2898,#2899,#2900),
  .UNSPECIFIED.,.F.,.F.,(3,3),(0.,1.),.PIECEWISE_BEZIER_KNOTS.);
#2898 = CARTESIAN_POINT('',(-3.051223935608,0.883939169139,10.));
#2899 = CARTESIAN_POINT('',(-2.931528089911,0.721661721068,10.));
#2900 = CARTESIAN_POINT('',(-2.724072600297,0.634421364985,10.));
#2901 = VECTOR('',#2902,1.);
#2902 = DIRECTION('',(0.,0.,1.));
#2903 = ADVANCED_FACE('',(#2904),#2922,.T.);
#2904 = FACE_BOUND('',#2905,.T.);
#2905 = EDGE_LOOP('',(#2906,#2914,#2915,#2916));
#2906 = ORIENTED_EDGE('',*,*,#2907,.T.);
#2907 = EDGE_CURVE('',#2908,#2622,#2910,.T.);
#2908 = VERTEX_POINT('',#2909);
#2909 = CARTESIAN_POINT('',(-3.170919781306,1.276520771513,10.));
#2910 = LINE('',#2911,#2912);
#2911 = CARTESIAN_POINT('',(-3.170919781306,1.276520771513,10.));
#2912 = VECTOR('',#2913,1.);
#2913 = DIRECTION('',(-0.,-0.,-1.));
#2914 = ORIENTED_EDGE('',*,*,#2621,.T.);
#2915 = ORIENTED_EDGE('',*,*,#2881,.F.);
#2916 = ORIENTED_EDGE('',*,*,#2917,.F.);
#2917 = EDGE_CURVE('',#2908,#2882,#2918,.T.);
#2918 = B_SPLINE_CURVE_WITH_KNOTS('',2,(#2919,#2920,#2921),
  .UNSPECIFIED.,.F.,.F.,(3,3),(0.,1.),.PIECEWISE_BEZIER_KNOTS.);
#2919 = CARTESIAN_POINT('',(-3.170919781306,1.276520771513,10.));
#2920 = CARTESIAN_POINT('',(-3.170919781306,1.046476261128,10.));
#2921 = CARTESIAN_POINT('',(-3.051223935608,0.883939169139,10.));
#2922 = SURFACE_OF_LINEAR_EXTRUSION('',#2923,#2927);
#2923 = B_SPLINE_CURVE_WITH_KNOTS('',2,(#2924,#2925,#2926),
  .UNSPECIFIED.,.F.,.F.,(3,3),(0.,1.),.PIECEWISE_BEZIER_KNOTS.);
#2924 = CARTESIAN_POINT('',(-3.170919781306,1.276520771513,10.));
#2925 = CARTESIAN_POINT('',(-3.170919781306,1.046476261128,10.));
#2926 = CARTESIAN_POINT('',(-3.051223935608,0.883939169139,10.));
#2927 = VECTOR('',#2928,1.);
#2928 = DIRECTION('',(0.,0.,1.));
#2929 = ADVANCED_FACE('',(#2930),#2948,.T.);
#2930 = FACE_BOUND('',#2931,.T.);
#2931 = EDGE_LOOP('',(#2932,#2940,#2941,#2942));
#2932 = ORIENTED_EDGE('',*,*,#2933,.T.);
#2933 = EDGE_CURVE('',#2934,#2630,#2936,.T.);
#2934 = VERTEX_POINT('',#2935);
#2935 = CARTESIAN_POINT('',(-3.051223935608,1.664948071217,10.));
#2936 = LINE('',#2937,#2938);
#2937 = CARTESIAN_POINT('',(-3.051223935608,1.664948071217,10.));
#2938 = VECTOR('',#2939,1.);
#2939 = DIRECTION('',(-0.,-0.,-1.));
#2940 = ORIENTED_EDGE('',*,*,#2629,.T.);
#2941 = ORIENTED_EDGE('',*,*,#2907,.F.);
#2942 = ORIENTED_EDGE('',*,*,#2943,.F.);
#2943 = EDGE_CURVE('',#2934,#2908,#2944,.T.);
#2944 = B_SPLINE_CURVE_WITH_KNOTS('',2,(#2945,#2946,#2947),
  .UNSPECIFIED.,.F.,.F.,(3,3),(0.,1.),.PIECEWISE_BEZIER_KNOTS.);
#2945 = CARTESIAN_POINT('',(-3.051223935608,1.664948071217,10.));
#2946 = CARTESIAN_POINT('',(-3.170919781306,1.506305637982,10.));
#2947 = CARTESIAN_POINT('',(-3.170919781306,1.276520771513,10.));
#2948 = SURFACE_OF_LINEAR_EXTRUSION('',#2949,#2953);
#2949 = B_SPLINE_CURVE_WITH_KNOTS('',2,(#2950,#2951,#2952),
  .UNSPECIFIED.,.F.,.F.,(3,3),(0.,1.),.PIECEWISE_BEZIER_KNOTS.);
#2950 = CARTESIAN_POINT('',(-3.051223935608,1.664948071217,10.));
#2951 = CARTESIAN_POINT('',(-3.170919781306,1.506305637982,10.));
#2952 = CARTESIAN_POINT('',(-3.170919781306,1.276520771513,10.));
#2953 = VECTOR('',#2954,1.);
#2954 = DIRECTION('',(0.,0.,1.));
#2955 = ADVANCED_FACE('',(#2956),#2974,.T.);
#2956 = FACE_BOUND('',#2957,.T.);
#2957 = EDGE_LOOP('',(#2958,#2966,#2967,#2968));
#2958 = ORIENTED_EDGE('',*,*,#2959,.T.);
#2959 = EDGE_CURVE('',#2960,#2638,#2962,.T.);
#2960 = VERTEX_POINT('',#2961);
#2961 = CARTESIAN_POINT('',(-2.724072600297,1.910571216617,10.));
#2962 = LINE('',#2963,#2964);
#2963 = CARTESIAN_POINT('',(-2.724072600297,1.910571216617,10.));
#2964 = VECTOR('',#2965,1.);
#2965 = DIRECTION('',(-0.,-0.,-1.));
#2966 = ORIENTED_EDGE('',*,*,#2637,.T.);
#2967 = ORIENTED_EDGE('',*,*,#2933,.F.);
#2968 = ORIENTED_EDGE('',*,*,#2969,.F.);
#2969 = EDGE_CURVE('',#2960,#2934,#2970,.T.);
#2970 = B_SPLINE_CURVE_WITH_KNOTS('',2,(#2971,#2972,#2973),
  .UNSPECIFIED.,.F.,.F.,(3,3),(0.,1.),.PIECEWISE_BEZIER_KNOTS.);
#2971 = CARTESIAN_POINT('',(-2.724072600297,1.910571216617,10.));
#2972 = CARTESIAN_POINT('',(-2.931528089911,1.823590504451,10.));
#2973 = CARTESIAN_POINT('',(-3.051223935608,1.664948071217,10.));
#2974 = SURFACE_OF_LINEAR_EXTRUSION('',#2975,#2979);
#2975 = B_SPLINE_CURVE_WITH_KNOTS('',2,(#2976,#2977,#2978),
  .UNSPECIFIED.,.F.,.F.,(3,3),(0.,1.),.PIECEWISE_BEZIER_KNOTS.);
#2976 = CARTESIAN_POINT('',(-2.724072600297,1.910571216617,10.));
#2977 = CARTESIAN_POINT('',(-2.931528089911,1.823590504451,10.));
#2978 = CARTESIAN_POINT('',(-3.051223935608,1.664948071217,10.));
#2979 = VECTOR('',#2980,1.);
#2980 = DIRECTION('',(0.,0.,1.));
#2981 = ADVANCED_FACE('',(#2982),#3000,.T.);
#2982 = FACE_BOUND('',#2983,.T.);
#2983 = EDGE_LOOP('',(#2984,#2992,#2993,#2994));
#2984 = ORIENTED_EDGE('',*,*,#2985,.T.);
#2985 = EDGE_CURVE('',#2986,#2646,#2988,.T.);
#2986 = VERTEX_POINT('',#2987);
#2987 = CARTESIAN_POINT('',(-2.261387140356,1.9978115727,10.));
#2988 = LINE('',#2989,#2990);
#2989 = CARTESIAN_POINT('',(-2.261387140356,1.9978115727,10.));
#2990 = VECTOR('',#2991,1.);
#2991 = DIRECTION('',(-0.,-0.,-1.));
#2992 = ORIENTED_EDGE('',*,*,#2645,.T.);
#2993 = ORIENTED_EDGE('',*,*,#2959,.F.);
#2994 = ORIENTED_EDGE('',*,*,#2995,.F.);
#2995 = EDGE_CURVE('',#2986,#2960,#2996,.T.);
#2996 = B_SPLINE_CURVE_WITH_KNOTS('',2,(#2997,#2998,#2999),
  .UNSPECIFIED.,.F.,.F.,(3,3),(0.,1.),.PIECEWISE_BEZIER_KNOTS.);
#2997 = CARTESIAN_POINT('',(-2.261387140356,1.9978115727,10.));
#2998 = CARTESIAN_POINT('',(-2.516617110682,1.9978115727,10.));
#2999 = CARTESIAN_POINT('',(-2.724072600297,1.910571216617,10.));
#3000 = SURFACE_OF_LINEAR_EXTRUSION('',#3001,#3005);
#3001 = B_SPLINE_CURVE_WITH_KNOTS('',2,(#3002,#3003,#3004),
  .UNSPECIFIED.,.F.,.F.,(3,3),(0.,1.),.PIECEWISE_BEZIER_KNOTS.);
#3002 = CARTESIAN_POINT('',(-2.261387140356,1.9978115727,10.));
#3003 = CARTESIAN_POINT('',(-2.516617110682,1.9978115727,10.));
#3004 = CARTESIAN_POINT('',(-2.724072600297,1.910571216617,10.));
#3005 = VECTOR('',#3006,1.);
#3006 = DIRECTION('',(0.,0.,1.));
#3007 = ADVANCED_FACE('',(#3008),#3026,.T.);
#3008 = FACE_BOUND('',#3009,.T.);
#3009 = EDGE_LOOP('',(#3010,#3018,#3019,#3020));
#3010 = ORIENTED_EDGE('',*,*,#3011,.T.);
#3011 = EDGE_CURVE('',#3012,#2654,#3014,.T.);
#3012 = VERTEX_POINT('',#3013);
#3013 = CARTESIAN_POINT('',(-1.802596339169,1.910571216617,10.));
#3014 = LINE('',#3015,#3016);
#3015 = CARTESIAN_POINT('',(-1.802596339169,1.910571216617,10.));
#3016 = VECTOR('',#3017,1.);
#3017 = DIRECTION('',(-0.,-0.,-1.));
#3018 = ORIENTED_EDGE('',*,*,#2653,.T.);
#3019 = ORIENTED_EDGE('',*,*,#2985,.F.);
#3020 = ORIENTED_EDGE('',*,*,#3021,.F.);
#3021 = EDGE_CURVE('',#3012,#2986,#3022,.T.);
#3022 = B_SPLINE_CURVE_WITH_KNOTS('',2,(#3023,#3024,#3025),
  .UNSPECIFIED.,.F.,.F.,(3,3),(0.,1.),.PIECEWISE_BEZIER_KNOTS.);
#3023 = CARTESIAN_POINT('',(-1.802596339169,1.910571216617,10.));
#3024 = CARTESIAN_POINT('',(-2.00615717003,1.9978115727,10.));
#3025 = CARTESIAN_POINT('',(-2.261387140356,1.9978115727,10.));
#3026 = SURFACE_OF_LINEAR_EXTRUSION('',#3027,#3031);
#3027 = B_SPLINE_CURVE_WITH_KNOTS('',2,(#3028,#3029,#3030),
  .UNSPECIFIED.,.F.,.F.,(3,3),(0.,1.),.PIECEWISE_BEZIER_KNOTS.);
#3028 = CARTESIAN_POINT('',(-1.802596339169,1.910571216617,10.));
#3029 = CARTESIAN_POINT('',(-2.00615717003,1.9978115727,10.));
#3030 = CARTESIAN_POINT('',(-2.261387140356,1.9978115727,10.));
#3031 = VECTOR('',#3032,1.);
#3032 = DIRECTION('',(0.,0.,1.));
#3033 = ADVANCED_FACE('',(#3034),#3052,.T.);
#3034 = FACE_BOUND('',#3035,.T.);
#3035 = EDGE_LOOP('',(#3036,#3044,#3045,#3046));
#3036 = ORIENTED_EDGE('',*,*,#3037,.T.);
#3037 = EDGE_CURVE('',#3038,#2662,#3040,.T.);
#3038 = VERTEX_POINT('',#3039);
#3039 = CARTESIAN_POINT('',(-1.479339662611,1.664948071217,10.));
#3040 = LINE('',#3041,#3042);
#3041 = CARTESIAN_POINT('',(-1.479339662611,1.664948071217,10.));
#3042 = VECTOR('',#3043,1.);
#3043 = DIRECTION('',(-0.,-0.,-1.));
#3044 = ORIENTED_EDGE('',*,*,#2661,.T.);
#3045 = ORIENTED_EDGE('',*,*,#3011,.F.);
#3046 = ORIENTED_EDGE('',*,*,#3047,.F.);
#3047 = EDGE_CURVE('',#3038,#3012,#3048,.T.);
#3048 = B_SPLINE_CURVE_WITH_KNOTS('',2,(#3049,#3050,#3051),
  .UNSPECIFIED.,.F.,.F.,(3,3),(0.,1.),.PIECEWISE_BEZIER_KNOTS.);
#3049 = CARTESIAN_POINT('',(-1.479339662611,1.664948071217,10.));
#3050 = CARTESIAN_POINT('',(-1.599035508309,1.823590504451,10.));
#3051 = CARTESIAN_POINT('',(-1.802596339169,1.910571216617,10.));
#3052 = SURFACE_OF_LINEAR_EXTRUSION('',#3053,#3057);
#3053 = B_SPLINE_CURVE_WITH_KNOTS('',2,(#3054,#3055,#3056),
  .UNSPECIFIED.,.F.,.F.,(3,3),(0.,1.),.PIECEWISE_BEZIER_KNOTS.);
#3054 = CARTESIAN_POINT('',(-1.479339662611,1.664948071217,10.));
#3055 = CARTESIAN_POINT('',(-1.599035508309,1.823590504451,10.));
#3056 = CARTESIAN_POINT('',(-1.802596339169,1.910571216617,10.));
#3057 = VECTOR('',#3058,1.);
#3058 = DIRECTION('',(0.,0.,1.));
#3059 = ADVANCED_FACE('',(#3060),#3078,.T.);
#3060 = FACE_BOUND('',#3061,.T.);
#3061 = EDGE_LOOP('',(#3062,#3070,#3071,#3072));
#3062 = ORIENTED_EDGE('',*,*,#3063,.T.);
#3063 = EDGE_CURVE('',#3064,#2670,#3066,.T.);
#3064 = VERTEX_POINT('',#3065);
#3065 = CARTESIAN_POINT('',(-1.359643816914,1.276520771513,10.));
#3066 = LINE('',#3067,#3068);
#3067 = CARTESIAN_POINT('',(-1.359643816914,1.276520771513,10.));
#3068 = VECTOR('',#3069,1.);
#3069 = DIRECTION('',(-0.,-0.,-1.));
#3070 = ORIENTED_EDGE('',*,*,#2669,.T.);
#3071 = ORIENTED_EDGE('',*,*,#3037,.F.);
#3072 = ORIENTED_EDGE('',*,*,#3073,.F.);
#3073 = EDGE_CURVE('',#3064,#3038,#3074,.T.);
#3074 = B_SPLINE_CURVE_WITH_KNOTS('',2,(#3075,#3076,#3077),
  .UNSPECIFIED.,.F.,.F.,(3,3),(0.,1.),.PIECEWISE_BEZIER_KNOTS.);
#3075 = CARTESIAN_POINT('',(-1.359643816914,1.276520771513,10.));
#3076 = CARTESIAN_POINT('',(-1.359643816914,1.506305637982,10.));
#3077 = CARTESIAN_POINT('',(-1.479339662611,1.664948071217,10.));
#3078 = SURFACE_OF_LINEAR_EXTRUSION('',#3079,#3083);
#3079 = B_SPLINE_CURVE_WITH_KNOTS('',2,(#3080,#3081,#3082),
  .UNSPECIFIED.,.F.,.F.,(3,3),(0.,1.),.PIECEWISE_BEZIER_KNOTS.);
#3080 = CARTESIAN_POINT('',(-1.359643816914,1.276520771513,10.));
#3081 = CARTESIAN_POINT('',(-1.359643816914,1.506305637982,10.));
#3082 = CARTESIAN_POINT('',(-1.479339662611,1.664948071217,10.));
#3083 = VECTOR('',#3084,1.);
#3084 = DIRECTION('',(0.,0.,1.));
#3085 = ADVANCED_FACE('',(#3086),#3104,.T.);
#3086 = FACE_BOUND('',#3087,.T.);
#3087 = EDGE_LOOP('',(#3088,#3096,#3097,#3098));
#3088 = ORIENTED_EDGE('',*,*,#3089,.T.);
#3089 = EDGE_CURVE('',#3090,#2678,#3092,.T.);
#3090 = VERTEX_POINT('',#3091);
#3091 = CARTESIAN_POINT('',(-1.479339662611,0.883939169139,10.));
#3092 = LINE('',#3093,#3094);
#3093 = CARTESIAN_POINT('',(-1.479339662611,0.883939169139,10.));
#3094 = VECTOR('',#3095,1.);
#3095 = DIRECTION('',(-0.,-0.,-1.));
#3096 = ORIENTED_EDGE('',*,*,#2677,.T.);
#3097 = ORIENTED_EDGE('',*,*,#3063,.F.);
#3098 = ORIENTED_EDGE('',*,*,#3099,.F.);
#3099 = EDGE_CURVE('',#3090,#3064,#3100,.T.);
#3100 = B_SPLINE_CURVE_WITH_KNOTS('',2,(#3101,#3102,#3103),
  .UNSPECIFIED.,.F.,.F.,(3,3),(0.,1.),.PIECEWISE_BEZIER_KNOTS.);
#3101 = CARTESIAN_POINT('',(-1.479339662611,0.883939169139,10.));
#3102 = CARTESIAN_POINT('',(-1.359643816914,1.046476261128,10.));
#3103 = CARTESIAN_POINT('',(-1.359643816914,1.276520771513,10.));
#3104 = SURFACE_OF_LINEAR_EXTRUSION('',#3105,#3109);
#3105 = B_SPLINE_CURVE_WITH_KNOTS('',2,(#3106,#3107,#3108),
  .UNSPECIFIED.,.F.,.F.,(3,3),(0.,1.),.PIECEWISE_BEZIER_KNOTS.);
#3106 = CARTESIAN_POINT('',(-1.479339662611,0.883939169139,10.));
#3107 = CARTESIAN_POINT('',(-1.359643816914,1.046476261128,10.));
#3108 = CARTESIAN_POINT('',(-1.359643816914,1.276520771513,10.));
#3109 = VECTOR('',#3110,1.);
#3110 = DIRECTION('',(0.,0.,1.));
#3111 = ADVANCED_FACE('',(#3112),#3123,.T.);
#3112 = FACE_BOUND('',#3113,.T.);
#3113 = EDGE_LOOP('',(#3114,#3115,#3116,#3117));
#3114 = ORIENTED_EDGE('',*,*,#2831,.T.);
#3115 = ORIENTED_EDGE('',*,*,#2685,.T.);
#3116 = ORIENTED_EDGE('',*,*,#3089,.F.);
#3117 = ORIENTED_EDGE('',*,*,#3118,.F.);
#3118 = EDGE_CURVE('',#2832,#3090,#3119,.T.);
#3119 = B_SPLINE_CURVE_WITH_KNOTS('',2,(#3120,#3121,#3122),
  .UNSPECIFIED.,.F.,.F.,(3,3),(0.,1.),.PIECEWISE_BEZIER_KNOTS.);
#3120 = CARTESIAN_POINT('',(-1.802596339169,0.634421364985,10.));
#3121 = CARTESIAN_POINT('',(-1.599035508309,0.721661721068,10.));
#3122 = CARTESIAN_POINT('',(-1.479339662611,0.883939169139,10.));
#3123 = SURFACE_OF_LINEAR_EXTRUSION('',#3124,#3128);
#3124 = B_SPLINE_CURVE_WITH_KNOTS('',2,(#3125,#3126,#3127),
  .UNSPECIFIED.,.F.,.F.,(3,3),(0.,1.),.PIECEWISE_BEZIER_KNOTS.);
#3125 = CARTESIAN_POINT('',(-1.802596339169,0.634421364985,10.));
#3126 = CARTESIAN_POINT('',(-1.599035508309,0.721661721068,10.));
#3127 = CARTESIAN_POINT('',(-1.479339662611,0.883939169139,10.));
#3128 = VECTOR('',#3129,1.);
#3129 = DIRECTION('',(0.,0.,1.));
#3130 = ADVANCED_FACE('',(#3131),#3156,.T.);
#3131 = FACE_BOUND('',#3132,.T.);
#3132 = EDGE_LOOP('',(#3133,#3141,#3142,#3150));
#3133 = ORIENTED_EDGE('',*,*,#3134,.T.);
#3134 = EDGE_CURVE('',#3135,#2694,#3137,.T.);
#3135 = VERTEX_POINT('',#3136);
#3136 = CARTESIAN_POINT('',(-2.26528179911,2.973293768546,10.));
#3137 = LINE('',#3138,#3139);
#3138 = CARTESIAN_POINT('',(-2.26528179911,2.973293768546,10.));
#3139 = VECTOR('',#3140,1.);
#3140 = DIRECTION('',(-0.,-0.,-1.));
#3141 = ORIENTED_EDGE('',*,*,#2693,.T.);
#3142 = ORIENTED_EDGE('',*,*,#3143,.F.);
#3143 = EDGE_CURVE('',#3144,#2696,#3146,.T.);
#3144 = VERTEX_POINT('',#3145);
#3145 = CARTESIAN_POINT('',(-1.862574083976,3.057158753709,10.));
#3146 = LINE('',#3147,#3148);
#3147 = CARTESIAN_POINT('',(-1.862574083976,3.057158753709,10.));
#3148 = VECTOR('',#3149,1.);
#3149 = DIRECTION('',(-0.,-0.,-1.));
#3150 = ORIENTED_EDGE('',*,*,#3151,.F.);
#3151 = EDGE_CURVE('',#3135,#3144,#3152,.T.);
#3152 = B_SPLINE_CURVE_WITH_KNOTS('',2,(#3153,#3154,#3155),
  .UNSPECIFIED.,.F.,.F.,(3,3),(0.,1.),.PIECEWISE_BEZIER_KNOTS.);
#3153 = CARTESIAN_POINT('',(-2.26528179911,2.973293768546,10.));
#3154 = CARTESIAN_POINT('',(-2.044065181899,2.973293768546,10.));
#3155 = CARTESIAN_POINT('',(-1.862574083976,3.057158753709,10.));
#3156 = SURFACE_OF_LINEAR_EXTRUSION('',#3157,#3161);
#3157 = B_SPLINE_CURVE_WITH_KNOTS('',2,(#3158,#3159,#3160),
  .UNSPECIFIED.,.F.,.F.,(3,3),(0.,1.),.PIECEWISE_BEZIER_KNOTS.);
#3158 = CARTESIAN_POINT('',(-2.26528179911,2.973293768546,10.));
#3159 = CARTESIAN_POINT('',(-2.044065181899,2.973293768546,10.));
#3160 = CARTESIAN_POINT('',(-1.862574083976,3.057158753709,10.));
#3161 = VECTOR('',#3162,1.);
#3162 = DIRECTION('',(0.,0.,1.));
#3163 = ADVANCED_FACE('',(#3164),#3182,.T.);
#3164 = FACE_BOUND('',#3165,.T.);
#3165 = EDGE_LOOP('',(#3166,#3174,#3175,#3176));
#3166 = ORIENTED_EDGE('',*,*,#3167,.T.);
#3167 = EDGE_CURVE('',#3168,#2704,#3170,.T.);
#3168 = VERTEX_POINT('',#3169);
#3169 = CARTESIAN_POINT('',(-2.671884172997,3.053264094955,10.));
#3170 = LINE('',#3171,#3172);
#3171 = CARTESIAN_POINT('',(-2.671884172997,3.053264094955,10.));
#3172 = VECTOR('',#3173,1.);
#3173 = DIRECTION('',(-0.,-0.,-1.));
#3174 = ORIENTED_EDGE('',*,*,#2703,.T.);
#3175 = ORIENTED_EDGE('',*,*,#3134,.F.);
#3176 = ORIENTED_EDGE('',*,*,#3177,.F.);
#3177 = EDGE_CURVE('',#3168,#3135,#3178,.T.);
#3178 = B_SPLINE_CURVE_WITH_KNOTS('',2,(#3179,#3180,#3181),
  .UNSPECIFIED.,.F.,.F.,(3,3),(0.,1.),.PIECEWISE_BEZIER_KNOTS.);
#3179 = CARTESIAN_POINT('',(-2.671884172997,3.053264094955,10.));
#3180 = CARTESIAN_POINT('',(-2.494287733828,2.973293768546,10.));
#3181 = CARTESIAN_POINT('',(-2.26528179911,2.973293768546,10.));
#3182 = SURFACE_OF_LINEAR_EXTRUSION('',#3183,#3187);
#3183 = B_SPLINE_CURVE_WITH_KNOTS('',2,(#3184,#3185,#3186),
  .UNSPECIFIED.,.F.,.F.,(3,3),(0.,1.),.PIECEWISE_BEZIER_KNOTS.);
#3184 = CARTESIAN_POINT('',(-2.671884172997,3.053264094955,10.));
#3185 = CARTESIAN_POINT('',(-2.494287733828,2.973293768546,10.));
#3186 = CARTESIAN_POINT('',(-2.26528179911,2.973293768546,10.));
#3187 = VECTOR('',#3188,1.);
#3188 = DIRECTION('',(0.,0.,1.));
#3189 = ADVANCED_FACE('',(#3190),#3208,.T.);
#3190 = FACE_BOUND('',#3191,.T.);
#3191 = EDGE_LOOP('',(#3192,#3200,#3201,#3202));
#3192 = ORIENTED_EDGE('',*,*,#3193,.T.);
#3193 = EDGE_CURVE('',#3194,#2712,#3196,.T.);
#3194 = VERTEX_POINT('',#3195);
#3195 = CARTESIAN_POINT('',(-2.952039959347,3.277077151335,10.));
#3196 = LINE('',#3197,#3198);
#3197 = CARTESIAN_POINT('',(-2.952039959347,3.277077151335,10.));
#3198 = VECTOR('',#3199,1.);
#3199 = DIRECTION('',(-0.,-0.,-1.));
#3200 = ORIENTED_EDGE('',*,*,#2711,.T.);
#3201 = ORIENTED_EDGE('',*,*,#3167,.F.);
#3202 = ORIENTED_EDGE('',*,*,#3203,.F.);
#3203 = EDGE_CURVE('',#3194,#3168,#3204,.T.);
#3204 = B_SPLINE_CURVE_WITH_KNOTS('',2,(#3205,#3206,#3207),
  .UNSPECIFIED.,.F.,.F.,(3,3),(0.,1.),.PIECEWISE_BEZIER_KNOTS.);
#3205 = CARTESIAN_POINT('',(-2.952039959347,3.277077151335,10.));
#3206 = CARTESIAN_POINT('',(-2.849220968249,3.133234421365,10.));
#3207 = CARTESIAN_POINT('',(-2.671884172997,3.053264094955,10.));
#3208 = SURFACE_OF_LINEAR_EXTRUSION('',#3209,#3213);
#3209 = B_SPLINE_CURVE_WITH_KNOTS('',2,(#3210,#3211,#3212),
  .UNSPECIFIED.,.F.,.F.,(3,3),(0.,1.),.PIECEWISE_BEZIER_KNOTS.);
#3210 = CARTESIAN_POINT('',(-2.952039959347,3.277077151335,10.));
#3211 = CARTESIAN_POINT('',(-2.849220968249,3.133234421365,10.));
#3212 = CARTESIAN_POINT('',(-2.671884172997,3.053264094955,10.));
#3213 = VECTOR('',#3214,1.);
#3214 = DIRECTION('',(0.,0.,1.));
#3215 = ADVANCED_FACE('',(#3216),#3234,.T.);
#3216 = FACE_BOUND('',#3217,.T.);
#3217 = EDGE_LOOP('',(#3218,#3226,#3227,#3228));
#3218 = ORIENTED_EDGE('',*,*,#3219,.T.);
#3219 = EDGE_CURVE('',#3220,#2720,#3222,.T.);
#3220 = VERTEX_POINT('',#3221);
#3221 = CARTESIAN_POINT('',(-3.054599306528,3.612796735905,10.));
#3222 = LINE('',#3223,#3224);
#3223 = CARTESIAN_POINT('',(-3.054599306528,3.612796735905,10.));
#3224 = VECTOR('',#3225,1.);
#3225 = DIRECTION('',(-0.,-0.,-1.));
#3226 = ORIENTED_EDGE('',*,*,#2719,.T.);
#3227 = ORIENTED_EDGE('',*,*,#3193,.F.);
#3228 = ORIENTED_EDGE('',*,*,#3229,.F.);
#3229 = EDGE_CURVE('',#3220,#3194,#3230,.T.);
#3230 = B_SPLINE_CURVE_WITH_KNOTS('',2,(#3231,#3232,#3233),
  .UNSPECIFIED.,.F.,.F.,(3,3),(0.,1.),.PIECEWISE_BEZIER_KNOTS.);
#3231 = CARTESIAN_POINT('',(-3.054599306528,3.612796735905,10.));
#3232 = CARTESIAN_POINT('',(-3.054599306528,3.420919881306,10.));
#3233 = CARTESIAN_POINT('',(-2.952039959347,3.277077151335,10.));
#3234 = SURFACE_OF_LINEAR_EXTRUSION('',#3235,#3239);
#3235 = B_SPLINE_CURVE_WITH_KNOTS('',2,(#3236,#3237,#3238),
  .UNSPECIFIED.,.F.,.F.,(3,3),(0.,1.),.PIECEWISE_BEZIER_KNOTS.);
#3236 = CARTESIAN_POINT('',(-3.054599306528,3.612796735905,10.));
#3237 = CARTESIAN_POINT('',(-3.054599306528,3.420919881306,10.));
#3238 = CARTESIAN_POINT('',(-2.952039959347,3.277077151335,10.));
#3239 = VECTOR('',#3240,1.);
#3240 = DIRECTION('',(0.,0.,1.));
#3241 = ADVANCED_FACE('',(#3242),#3260,.T.);
#3242 = FACE_BOUND('',#3243,.T.);
#3243 = EDGE_LOOP('',(#3244,#3252,#3253,#3254));
#3244 = ORIENTED_EDGE('',*,*,#3245,.T.);
#3245 = EDGE_CURVE('',#3246,#2728,#3248,.T.);
#3246 = VERTEX_POINT('',#3247);
#3247 = CARTESIAN_POINT('',(-2.952039959347,3.948775964392,10.));
#3248 = LINE('',#3249,#3250);
#3249 = CARTESIAN_POINT('',(-2.952039959347,3.948775964392,10.));
#3250 = VECTOR('',#3251,1.);
#3251 = DIRECTION('',(-0.,-0.,-1.));
#3252 = ORIENTED_EDGE('',*,*,#2727,.T.);
#3253 = ORIENTED_EDGE('',*,*,#3219,.F.);
#3254 = ORIENTED_EDGE('',*,*,#3255,.F.);
#3255 = EDGE_CURVE('',#3246,#3220,#3256,.T.);
#3256 = B_SPLINE_CURVE_WITH_KNOTS('',2,(#3257,#3258,#3259),
  .UNSPECIFIED.,.F.,.F.,(3,3),(0.,1.),.PIECEWISE_BEZIER_KNOTS.);
#3257 = CARTESIAN_POINT('',(-2.952039959347,3.948775964392,10.));
#3258 = CARTESIAN_POINT('',(-3.054599306528,3.804933234421,10.));
#3259 = CARTESIAN_POINT('',(-3.054599306528,3.612796735905,10.));
#3260 = SURFACE_OF_LINEAR_EXTRUSION('',#3261,#3265);
#3261 = B_SPLINE_CURVE_WITH_KNOTS('',2,(#3262,#3263,#3264),
  .UNSPECIFIED.,.F.,.F.,(3,3),(0.,1.),.PIECEWISE_BEZIER_KNOTS.);
#3262 = CARTESIAN_POINT('',(-2.952039959347,3.948775964392,10.));
#3263 = CARTESIAN_POINT('',(-3.054599306528,3.804933234421,10.));
#3264 = CARTESIAN_POINT('',(-3.054599306528,3.612796735905,10.));
#3265 = VECTOR('',#3266,1.);
#3266 = DIRECTION('',(0.,0.,1.));
#3267 = ADVANCED_FACE('',(#3268),#3286,.T.);
#3268 = FACE_BOUND('',#3269,.T.);
#3269 = EDGE_LOOP('',(#3270,#3278,#3279,#3280));
#3270 = ORIENTED_EDGE('',*,*,#3271,.T.);
#3271 = EDGE_CURVE('',#3272,#2736,#3274,.T.);
#3272 = VERTEX_POINT('',#3273);
#3273 = CARTESIAN_POINT('',(-2.671884172997,4.172848664688,10.));
#3274 = LINE('',#3275,#3276);
#3275 = CARTESIAN_POINT('',(-2.671884172997,4.172848664688,10.));
#3276 = VECTOR('',#3277,1.);
#3277 = DIRECTION('',(-0.,-0.,-1.));
#3278 = ORIENTED_EDGE('',*,*,#2735,.T.);
#3279 = ORIENTED_EDGE('',*,*,#3245,.F.);
#3280 = ORIENTED_EDGE('',*,*,#3281,.F.);
#3281 = EDGE_CURVE('',#3272,#3246,#3282,.T.);
#3282 = B_SPLINE_CURVE_WITH_KNOTS('',2,(#3283,#3284,#3285),
  .UNSPECIFIED.,.F.,.F.,(3,3),(0.,1.),.PIECEWISE_BEZIER_KNOTS.);
#3283 = CARTESIAN_POINT('',(-2.671884172997,4.172848664688,10.));
#3284 = CARTESIAN_POINT('',(-2.849220968249,4.092878338279,10.));
#3285 = CARTESIAN_POINT('',(-2.952039959347,3.948775964392,10.));
#3286 = SURFACE_OF_LINEAR_EXTRUSION('',#3287,#3291);
#3287 = B_SPLINE_CURVE_WITH_KNOTS('',2,(#3288,#3289,#3290),
  .UNSPECIFIED.,.F.,.F.,(3,3),(0.,1.),.PIECEWISE_BEZIER_KNOTS.);
#3288 = CARTESIAN_POINT('',(-2.671884172997,4.172848664688,10.));
#3289 = CARTESIAN_POINT('',(-2.849220968249,4.092878338279,10.));
#3290 = CARTESIAN_POINT('',(-2.952039959347,3.948775964392,10.));
#3291 = VECTOR('',#3292,1.);
#3292 = DIRECTION('',(0.,0.,1.));
#3293 = ADVANCED_FACE('',(#3294),#3312,.T.);
#3294 = FACE_BOUND('',#3295,.T.);
#3295 = EDGE_LOOP('',(#3296,#3304,#3305,#3306));
#3296 = ORIENTED_EDGE('',*,*,#3297,.T.);
#3297 = EDGE_CURVE('',#3298,#2744,#3300,.T.);
#3298 = VERTEX_POINT('',#3299);
#3299 = CARTESIAN_POINT('',(-2.26528179911,4.252818991098,10.));
#3300 = LINE('',#3301,#3302);
#3301 = CARTESIAN_POINT('',(-2.26528179911,4.252818991098,10.));
#3302 = VECTOR('',#3303,1.);
#3303 = DIRECTION('',(-0.,-0.,-1.));
#3304 = ORIENTED_EDGE('',*,*,#2743,.T.);
#3305 = ORIENTED_EDGE('',*,*,#3271,.F.);
#3306 = ORIENTED_EDGE('',*,*,#3307,.F.);
#3307 = EDGE_CURVE('',#3298,#3272,#3308,.T.);
#3308 = B_SPLINE_CURVE_WITH_KNOTS('',2,(#3309,#3310,#3311),
  .UNSPECIFIED.,.F.,.F.,(3,3),(0.,1.),.PIECEWISE_BEZIER_KNOTS.);
#3309 = CARTESIAN_POINT('',(-2.26528179911,4.252818991098,10.));
#3310 = CARTESIAN_POINT('',(-2.494287733828,4.252818991098,10.));
#3311 = CARTESIAN_POINT('',(-2.671884172997,4.172848664688,10.));
#3312 = SURFACE_OF_LINEAR_EXTRUSION('',#3313,#3317);
#3313 = B_SPLINE_CURVE_WITH_KNOTS('',2,(#3314,#3315,#3316),
  .UNSPECIFIED.,.F.,.F.,(3,3),(0.,1.),.PIECEWISE_BEZIER_KNOTS.);
#3314 = CARTESIAN_POINT('',(-2.26528179911,4.252818991098,10.));
#3315 = CARTESIAN_POINT('',(-2.494287733828,4.252818991098,10.));
#3316 = CARTESIAN_POINT('',(-2.671884172997,4.172848664688,10.));
#3317 = VECTOR('',#3318,1.);
#3318 = DIRECTION('',(0.,0.,1.));
#3319 = ADVANCED_FACE('',(#3320),#3338,.T.);
#3320 = FACE_BOUND('',#3321,.T.);
#3321 = EDGE_LOOP('',(#3322,#3330,#3331,#3332));
#3322 = ORIENTED_EDGE('',*,*,#3323,.T.);
#3323 = EDGE_CURVE('',#3324,#2752,#3326,.T.);
#3324 = VERTEX_POINT('',#3325);
#3325 = CARTESIAN_POINT('',(-1.854784766469,4.172848664688,10.));
#3326 = LINE('',#3327,#3328);
#3327 = CARTESIAN_POINT('',(-1.854784766469,4.172848664688,10.));
#3328 = VECTOR('',#3329,1.);
#3329 = DIRECTION('',(-0.,-0.,-1.));
#3330 = ORIENTED_EDGE('',*,*,#2751,.T.);
#3331 = ORIENTED_EDGE('',*,*,#3297,.F.);
#3332 = ORIENTED_EDGE('',*,*,#3333,.F.);
#3333 = EDGE_CURVE('',#3324,#3298,#3334,.T.);
#3334 = B_SPLINE_CURVE_WITH_KNOTS('',2,(#3335,#3336,#3337),
  .UNSPECIFIED.,.F.,.F.,(3,3),(0.,1.),.PIECEWISE_BEZIER_KNOTS.);
#3335 = CARTESIAN_POINT('',(-1.854784766469,4.172848664688,10.));
#3336 = CARTESIAN_POINT('',(-2.036275864392,4.252818991098,10.));
#3337 = CARTESIAN_POINT('',(-2.26528179911,4.252818991098,10.));
#3338 = SURFACE_OF_LINEAR_EXTRUSION('',#3339,#3343);
#3339 = B_SPLINE_CURVE_WITH_KNOTS('',2,(#3340,#3341,#3342),
  .UNSPECIFIED.,.F.,.F.,(3,3),(0.,1.),.PIECEWISE_BEZIER_KNOTS.);
#3340 = CARTESIAN_POINT('',(-1.854784766469,4.172848664688,10.));
#3341 = CARTESIAN_POINT('',(-2.036275864392,4.252818991098,10.));
#3342 = CARTESIAN_POINT('',(-2.26528179911,4.252818991098,10.));
#3343 = VECTOR('',#3344,1.);
#3344 = DIRECTION('',(0.,0.,1.));
#3345 = ADVANCED_FACE('',(#3346),#3364,.T.);
#3346 = FACE_BOUND('',#3347,.T.);
#3347 = EDGE_LOOP('',(#3348,#3356,#3357,#3358));
#3348 = ORIENTED_EDGE('',*,*,#3349,.T.);
#3349 = EDGE_CURVE('',#3350,#2760,#3352,.T.);
#3350 = VERTEX_POINT('',#3351);
#3351 = CARTESIAN_POINT('',(-1.574628980119,3.948775964392,10.));
#3352 = LINE('',#3353,#3354);
#3353 = CARTESIAN_POINT('',(-1.574628980119,3.948775964392,10.));
#3354 = VECTOR('',#3355,1.);
#3355 = DIRECTION('',(-0.,-0.,-1.));
#3356 = ORIENTED_EDGE('',*,*,#2759,.T.);
#3357 = ORIENTED_EDGE('',*,*,#3323,.F.);
#3358 = ORIENTED_EDGE('',*,*,#3359,.F.);
#3359 = EDGE_CURVE('',#3350,#3324,#3360,.T.);
#3360 = B_SPLINE_CURVE_WITH_KNOTS('',2,(#3361,#3362,#3363),
  .UNSPECIFIED.,.F.,.F.,(3,3),(0.,1.),.PIECEWISE_BEZIER_KNOTS.);
#3361 = CARTESIAN_POINT('',(-1.574628980119,3.948775964392,10.));
#3362 = CARTESIAN_POINT('',(-1.673293668546,4.092878338279,10.));
#3363 = CARTESIAN_POINT('',(-1.854784766469,4.172848664688,10.));
#3364 = SURFACE_OF_LINEAR_EXTRUSION('',#3365,#3369);
#3365 = B_SPLINE_CURVE_WITH_KNOTS('',2,(#3366,#3367,#3368),
  .UNSPECIFIED.,.F.,.F.,(3,3),(0.,1.),.PIECEWISE_BEZIER_KNOTS.);
#3366 = CARTESIAN_POINT('',(-1.574628980119,3.948775964392,10.));
#3367 = CARTESIAN_POINT('',(-1.673293668546,4.092878338279,10.));
#3368 = CARTESIAN_POINT('',(-1.854784766469,4.172848664688,10.));
#3369 = VECTOR('',#3370,1.);
#3370 = DIRECTION('',(0.,0.,1.));
#3371 = ADVANCED_FACE('',(#3372),#3390,.T.);
#3372 = FACE_BOUND('',#3373,.T.);
#3373 = EDGE_LOOP('',(#3374,#3382,#3383,#3384));
#3374 = ORIENTED_EDGE('',*,*,#3375,.T.);
#3375 = EDGE_CURVE('',#3376,#2768,#3378,.T.);
#3376 = VERTEX_POINT('',#3377);
#3377 = CARTESIAN_POINT('',(-1.475964291691,3.612796735905,10.));
#3378 = LINE('',#3379,#3380);
#3379 = CARTESIAN_POINT('',(-1.475964291691,3.612796735905,10.));
#3380 = VECTOR('',#3381,1.);
#3381 = DIRECTION('',(-0.,-0.,-1.));
#3382 = ORIENTED_EDGE('',*,*,#2767,.T.);
#3383 = ORIENTED_EDGE('',*,*,#3349,.F.);
#3384 = ORIENTED_EDGE('',*,*,#3385,.F.);
#3385 = EDGE_CURVE('',#3376,#3350,#3386,.T.);
#3386 = B_SPLINE_CURVE_WITH_KNOTS('',2,(#3387,#3388,#3389),
  .UNSPECIFIED.,.F.,.F.,(3,3),(0.,1.),.PIECEWISE_BEZIER_KNOTS.);
#3387 = CARTESIAN_POINT('',(-1.475964291691,3.612796735905,10.));
#3388 = CARTESIAN_POINT('',(-1.475964291691,3.804933234421,10.));
#3389 = CARTESIAN_POINT('',(-1.574628980119,3.948775964392,10.));
#3390 = SURFACE_OF_LINEAR_EXTRUSION('',#3391,#3395);
#3391 = B_SPLINE_CURVE_WITH_KNOTS('',2,(#3392,#3393,#3394),
  .UNSPECIFIED.,.F.,.F.,(3,3),(0.,1.),.PIECEWISE_BEZIER_KNOTS.);
#3392 = CARTESIAN_POINT('',(-1.475964291691,3.612796735905,10.));
#3393 = CARTESIAN_POINT('',(-1.475964291691,3.804933234421,10.));
#3394 = CARTESIAN_POINT('',(-1.574628980119,3.948775964392,10.));
#3395 = VECTOR('',#3396,1.);
#3396 = DIRECTION('',(0.,0.,1.));
#3397 = ADVANCED_FACE('',(#3398),#3416,.T.);
#3398 = FACE_BOUND('',#3399,.T.);
#3399 = EDGE_LOOP('',(#3400,#3408,#3409,#3410));
#3400 = ORIENTED_EDGE('',*,*,#3401,.T.);
#3401 = EDGE_CURVE('',#3402,#2776,#3404,.T.);
#3402 = VERTEX_POINT('',#3403);
#3403 = CARTESIAN_POINT('',(-1.578523638872,3.280971810089,10.));
#3404 = LINE('',#3405,#3406);
#3405 = CARTESIAN_POINT('',(-1.578523638872,3.280971810089,10.));
#3406 = VECTOR('',#3407,1.);
#3407 = DIRECTION('',(-0.,-0.,-1.));
#3408 = ORIENTED_EDGE('',*,*,#2775,.T.);
#3409 = ORIENTED_EDGE('',*,*,#3375,.F.);
#3410 = ORIENTED_EDGE('',*,*,#3411,.F.);
#3411 = EDGE_CURVE('',#3402,#3376,#3412,.T.);
#3412 = B_SPLINE_CURVE_WITH_KNOTS('',2,(#3413,#3414,#3415),
  .UNSPECIFIED.,.F.,.F.,(3,3),(0.,1.),.PIECEWISE_BEZIER_KNOTS.);
#3413 = CARTESIAN_POINT('',(-1.578523638872,3.280971810089,10.));
#3414 = CARTESIAN_POINT('',(-1.475964291691,3.420919881306,10.));
#3415 = CARTESIAN_POINT('',(-1.475964291691,3.612796735905,10.));
#3416 = SURFACE_OF_LINEAR_EXTRUSION('',#3417,#3421);
#3417 = B_SPLINE_CURVE_WITH_KNOTS('',2,(#3418,#3419,#3420),
  .UNSPECIFIED.,.F.,.F.,(3,3),(0.,1.),.PIECEWISE_BEZIER_KNOTS.);
#3418 = CARTESIAN_POINT('',(-1.578523638872,3.280971810089,10.));
#3419 = CARTESIAN_POINT('',(-1.475964291691,3.420919881306,10.));
#3420 = CARTESIAN_POINT('',(-1.475964291691,3.612796735905,10.));
#3421 = VECTOR('',#3422,1.);
#3422 = DIRECTION('',(0.,0.,1.));
#3423 = ADVANCED_FACE('',(#3424),#3435,.T.);
#3424 = FACE_BOUND('',#3425,.T.);
#3425 = EDGE_LOOP('',(#3426,#3427,#3428,#3429));
#3426 = ORIENTED_EDGE('',*,*,#3143,.T.);
#3427 = ORIENTED_EDGE('',*,*,#2783,.T.);
#3428 = ORIENTED_EDGE('',*,*,#3401,.F.);
#3429 = ORIENTED_EDGE('',*,*,#3430,.F.);
#3430 = EDGE_CURVE('',#3144,#3402,#3431,.T.);
#3431 = B_SPLINE_CURVE_WITH_KNOTS('',2,(#3432,#3433,#3434),
  .UNSPECIFIED.,.F.,.F.,(3,3),(0.,1.),.PIECEWISE_BEZIER_KNOTS.);
#3432 = CARTESIAN_POINT('',(-1.862574083976,3.057158753709,10.));
#3433 = CARTESIAN_POINT('',(-1.681082986053,3.141283382789,10.));
#3434 = CARTESIAN_POINT('',(-1.578523638872,3.280971810089,10.));
#3435 = SURFACE_OF_LINEAR_EXTRUSION('',#3436,#3440);
#3436 = B_SPLINE_CURVE_WITH_KNOTS('',2,(#3437,#3438,#3439),
  .UNSPECIFIED.,.F.,.F.,(3,3),(0.,1.),.PIECEWISE_BEZIER_KNOTS.);
#3437 = CARTESIAN_POINT('',(-1.862574083976,3.057158753709,10.));
#3438 = CARTESIAN_POINT('',(-1.681082986053,3.141283382789,10.));
#3439 = CARTESIAN_POINT('',(-1.578523638872,3.280971810089,10.));
#3440 = VECTOR('',#3441,1.);
#3441 = DIRECTION('',(0.,0.,1.));
#3442 = ADVANCED_FACE('',(#3443,#3446),#3580,.F.);
#3443 = FACE_BOUND('',#3444,.F.);
#3444 = EDGE_LOOP('',(#3445));
#3445 = ORIENTED_EDGE('',*,*,#2805,.F.);
#3446 = FACE_BOUND('',#3447,.F.);
#3447 = EDGE_LOOP('',(#3448,#3458,#3466,#3474,#3483,#3491,#3499,#3507,
    #3516,#3524,#3532,#3540,#3549,#3557,#3565,#3573));
#3448 = ORIENTED_EDGE('',*,*,#3449,.F.);
#3449 = EDGE_CURVE('',#3450,#3452,#3454,.T.);
#3450 = VERTEX_POINT('',#3451);
#3451 = CARTESIAN_POINT('',(-2.05,-0.59,2.1));
#3452 = VERTEX_POINT('',#3453);
#3453 = CARTESIAN_POINT('',(-0.88,-0.59,2.1));
#3454 = LINE('',#3455,#3456);
#3455 = CARTESIAN_POINT('',(-2.05,-0.59,2.1));
#3456 = VECTOR('',#3457,1.);
#3457 = DIRECTION('',(1.,0.,0.));
#3458 = ORIENTED_EDGE('',*,*,#3459,.F.);
#3459 = EDGE_CURVE('',#3460,#3450,#3462,.T.);
#3460 = VERTEX_POINT('',#3461);
#3461 = CARTESIAN_POINT('',(-2.05,0.58,2.1));
#3462 = LINE('',#3463,#3464);
#3463 = CARTESIAN_POINT('',(-2.05,0.58,2.1));
#3464 = VECTOR('',#3465,1.);
#3465 = DIRECTION('',(0.,-1.,0.));
#3466 = ORIENTED_EDGE('',*,*,#3467,.F.);
#3467 = EDGE_CURVE('',#3468,#3460,#3470,.T.);
#3468 = VERTEX_POINT('',#3469);
#3469 = CARTESIAN_POINT('',(-0.89,0.58,2.1));
#3470 = LINE('',#3471,#3472);
#3471 = CARTESIAN_POINT('',(-0.89,0.58,2.1));
#3472 = VECTOR('',#3473,1.);
#3473 = DIRECTION('',(-1.,0.,0.));
#3474 = ORIENTED_EDGE('',*,*,#3475,.F.);
#3475 = EDGE_CURVE('',#3476,#3468,#3478,.T.);
#3476 = VERTEX_POINT('',#3477);
#3477 = CARTESIAN_POINT('',(-0.59,0.88,2.1));
#3478 = CIRCLE('',#3479,0.3);
#3479 = AXIS2_PLACEMENT_3D('',#3480,#3481,#3482);
#3480 = CARTESIAN_POINT('',(-0.89,0.88,2.1));
#3481 = DIRECTION('',(0.,0.,-1.));
#3482 = DIRECTION('',(1.,0.,0.));
#3483 = ORIENTED_EDGE('',*,*,#3484,.F.);
#3484 = EDGE_CURVE('',#3485,#3476,#3487,.T.);
#3485 = VERTEX_POINT('',#3486);
#3486 = CARTESIAN_POINT('',(-0.59,2.05,2.1));
#3487 = LINE('',#3488,#3489);
#3488 = CARTESIAN_POINT('',(-0.59,2.05,2.1));
#3489 = VECTOR('',#3490,1.);
#3490 = DIRECTION('',(0.,-1.,0.));
#3491 = ORIENTED_EDGE('',*,*,#3492,.F.);
#3492 = EDGE_CURVE('',#3493,#3485,#3495,.T.);
#3493 = VERTEX_POINT('',#3494);
#3494 = CARTESIAN_POINT('',(0.58,2.05,2.1));
#3495 = LINE('',#3496,#3497);
#3496 = CARTESIAN_POINT('',(0.58,2.05,2.1));
#3497 = VECTOR('',#3498,1.);
#3498 = DIRECTION('',(-1.,0.,0.));
#3499 = ORIENTED_EDGE('',*,*,#3500,.F.);
#3500 = EDGE_CURVE('',#3501,#3493,#3503,.T.);
#3501 = VERTEX_POINT('',#3502);
#3502 = CARTESIAN_POINT('',(0.58,0.89,2.1));
#3503 = LINE('',#3504,#3505);
#3504 = CARTESIAN_POINT('',(0.58,0.89,2.1));
#3505 = VECTOR('',#3506,1.);
#3506 = DIRECTION('',(0.,1.,0.));
#3507 = ORIENTED_EDGE('',*,*,#3508,.F.);
#3508 = EDGE_CURVE('',#3509,#3501,#3511,.T.);
#3509 = VERTEX_POINT('',#3510);
#3510 = CARTESIAN_POINT('',(0.88,0.59,2.1));
#3511 = CIRCLE('',#3512,0.3);
#3512 = AXIS2_PLACEMENT_3D('',#3513,#3514,#3515);
#3513 = CARTESIAN_POINT('',(0.88,0.89,2.1));
#3514 = DIRECTION('',(0.,0.,-1.));
#3515 = DIRECTION('',(1.,0.,0.));
#3516 = ORIENTED_EDGE('',*,*,#3517,.F.);
#3517 = EDGE_CURVE('',#3518,#3509,#3520,.T.);
#3518 = VERTEX_POINT('',#3519);
#3519 = CARTESIAN_POINT('',(2.05,0.59,2.1));
#3520 = LINE('',#3521,#3522);
#3521 = CARTESIAN_POINT('',(2.05,0.59,2.1));
#3522 = VECTOR('',#3523,1.);
#3523 = DIRECTION('',(-1.,0.,0.));
#3524 = ORIENTED_EDGE('',*,*,#3525,.F.);
#3525 = EDGE_CURVE('',#3526,#3518,#3528,.T.);
#3526 = VERTEX_POINT('',#3527);
#3527 = CARTESIAN_POINT('',(2.05,-0.58,2.1));
#3528 = LINE('',#3529,#3530);
#3529 = CARTESIAN_POINT('',(2.05,-0.58,2.1));
#3530 = VECTOR('',#3531,1.);
#3531 = DIRECTION('',(0.,1.,0.));
#3532 = ORIENTED_EDGE('',*,*,#3533,.F.);
#3533 = EDGE_CURVE('',#3534,#3526,#3536,.T.);
#3534 = VERTEX_POINT('',#3535);
#3535 = CARTESIAN_POINT('',(0.89,-0.58,2.1));
#3536 = LINE('',#3537,#3538);
#3537 = CARTESIAN_POINT('',(0.89,-0.58,2.1));
#3538 = VECTOR('',#3539,1.);
#3539 = DIRECTION('',(1.,0.,0.));
#3540 = ORIENTED_EDGE('',*,*,#3541,.F.);
#3541 = EDGE_CURVE('',#3542,#3534,#3544,.T.);
#3542 = VERTEX_POINT('',#3543);
#3543 = CARTESIAN_POINT('',(0.59,-0.88,2.1));
#3544 = CIRCLE('',#3545,0.3);
#3545 = AXIS2_PLACEMENT_3D('',#3546,#3547,#3548);
#3546 = CARTESIAN_POINT('',(0.89,-0.88,2.1));
#3547 = DIRECTION('',(0.,0.,-1.));
#3548 = DIRECTION('',(1.,0.,0.));
#3549 = ORIENTED_EDGE('',*,*,#3550,.F.);
#3550 = EDGE_CURVE('',#3551,#3542,#3553,.T.);
#3551 = VERTEX_POINT('',#3552);
#3552 = CARTESIAN_POINT('',(0.59,-2.05,2.1));
#3553 = LINE('',#3554,#3555);
#3554 = CARTESIAN_POINT('',(0.59,-2.05,2.1));
#3555 = VECTOR('',#3556,1.);
#3556 = DIRECTION('',(0.,1.,0.));
#3557 = ORIENTED_EDGE('',*,*,#3558,.F.);
#3558 = EDGE_CURVE('',#3559,#3551,#3561,.T.);
#3559 = VERTEX_POINT('',#3560);
#3560 = CARTESIAN_POINT('',(-0.58,-2.05,2.1));
#3561 = LINE('',#3562,#3563);
#3562 = CARTESIAN_POINT('',(-0.58,-2.05,2.1));
#3563 = VECTOR('',#3564,1.);
#3564 = DIRECTION('',(1.,0.,0.));
#3565 = ORIENTED_EDGE('',*,*,#3566,.F.);
#3566 = EDGE_CURVE('',#3567,#3559,#3569,.T.);
#3567 = VERTEX_POINT('',#3568);
#3568 = CARTESIAN_POINT('',(-0.58,-0.89,2.1));
#3569 = LINE('',#3570,#3571);
#3570 = CARTESIAN_POINT('',(-0.58,-0.89,2.1));
#3571 = VECTOR('',#3572,1.);
#3572 = DIRECTION('',(0.,-1.,0.));
#3573 = ORIENTED_EDGE('',*,*,#3574,.F.);
#3574 = EDGE_CURVE('',#3452,#3567,#3575,.T.);
#3575 = CIRCLE('',#3576,0.3);
#3576 = AXIS2_PLACEMENT_3D('',#3577,#3578,#3579);
#3577 = CARTESIAN_POINT('',(-0.88,-0.89,2.1));
#3578 = DIRECTION('',(0.,0.,-1.));
#3579 = DIRECTION('',(1.,0.,0.));
#3580 = PLANE('',#3581);
#3581 = AXIS2_PLACEMENT_3D('',#3582,#3583,#3584);
#3582 = CARTESIAN_POINT('',(-1.9E-16,1.1E-16,2.1));
#3583 = DIRECTION('',(0.,0.,1.));
#3584 = DIRECTION('',(1.,0.,0.));
#3585 = ADVANCED_FACE('',(#3586),#3600,.T.);
#3586 = FACE_BOUND('',#3587,.T.);
#3587 = EDGE_LOOP('',(#3588,#3589,#3590,#3591,#3592,#3593,#3594,#3595,
    #3596,#3597,#3598,#3599));
#3588 = ORIENTED_EDGE('',*,*,#2865,.T.);
#3589 = ORIENTED_EDGE('',*,*,#2839,.T.);
#3590 = ORIENTED_EDGE('',*,*,#3118,.T.);
#3591 = ORIENTED_EDGE('',*,*,#3099,.T.);
#3592 = ORIENTED_EDGE('',*,*,#3073,.T.);
#3593 = ORIENTED_EDGE('',*,*,#3047,.T.);
#3594 = ORIENTED_EDGE('',*,*,#3021,.T.);
#3595 = ORIENTED_EDGE('',*,*,#2995,.T.);
#3596 = ORIENTED_EDGE('',*,*,#2969,.T.);
#3597 = ORIENTED_EDGE('',*,*,#2943,.T.);
#3598 = ORIENTED_EDGE('',*,*,#2917,.T.);
#3599 = ORIENTED_EDGE('',*,*,#2891,.T.);
#3600 = PLANE('',#3601);
#3601 = AXIS2_PLACEMENT_3D('',#3602,#3603,#3604);
#3602 = CARTESIAN_POINT('',(-7.1E-16,2.2E-16,10.));
#3603 = DIRECTION('',(0.,0.,1.));
#3604 = DIRECTION('',(1.,0.,0.));
#3605 = ADVANCED_FACE('',(#3606),#3620,.T.);
#3606 = FACE_BOUND('',#3607,.T.);
#3607 = EDGE_LOOP('',(#3608,#3609,#3610,#3611,#3612,#3613,#3614,#3615,
    #3616,#3617,#3618,#3619));
#3608 = ORIENTED_EDGE('',*,*,#3177,.T.);
#3609 = ORIENTED_EDGE('',*,*,#3151,.T.);
#3610 = ORIENTED_EDGE('',*,*,#3430,.T.);
#3611 = ORIENTED_EDGE('',*,*,#3411,.T.);
#3612 = ORIENTED_EDGE('',*,*,#3385,.T.);
#3613 = ORIENTED_EDGE('',*,*,#3359,.T.);
#3614 = ORIENTED_EDGE('',*,*,#3333,.T.);
#3615 = ORIENTED_EDGE('',*,*,#3307,.T.);
#3616 = ORIENTED_EDGE('',*,*,#3281,.T.);
#3617 = ORIENTED_EDGE('',*,*,#3255,.T.);
#3618 = ORIENTED_EDGE('',*,*,#3229,.T.);
#3619 = ORIENTED_EDGE('',*,*,#3203,.T.);
#3620 = PLANE('',#3621);
#3621 = AXIS2_PLACEMENT_3D('',#3622,#3623,#3624);
#3622 = CARTESIAN_POINT('',(-7.1E-16,2.2E-16,10.));
#3623 = DIRECTION('',(0.,0.,1.));
#3624 = DIRECTION('',(1.,0.,0.));
#3625 = ADVANCED_FACE('',(#3626),#3651,.T.);
#3626 = FACE_BOUND('',#3627,.T.);
#3627 = EDGE_LOOP('',(#3628,#3636,#3644,#3650));
#3628 = ORIENTED_EDGE('',*,*,#3629,.T.);
#3629 = EDGE_CURVE('',#3450,#3630,#3632,.T.);
#3630 = VERTEX_POINT('',#3631);
#3631 = CARTESIAN_POINT('',(-2.05,-0.59,7.1));
#3632 = LINE('',#3633,#3634);
#3633 = CARTESIAN_POINT('',(-2.05,-0.59,2.1));
#3634 = VECTOR('',#3635,1.);
#3635 = DIRECTION('',(0.,0.,1.));
#3636 = ORIENTED_EDGE('',*,*,#3637,.T.);
#3637 = EDGE_CURVE('',#3630,#3638,#3640,.T.);
#3638 = VERTEX_POINT('',#3639);
#3639 = CARTESIAN_POINT('',(-0.88,-0.59,7.1));
#3640 = LINE('',#3641,#3642);
#3641 = CARTESIAN_POINT('',(-2.05,-0.59,7.1));
#3642 = VECTOR('',#3643,1.);
#3643 = DIRECTION('',(1.,0.,0.));
#3644 = ORIENTED_EDGE('',*,*,#3645,.F.);
#3645 = EDGE_CURVE('',#3452,#3638,#3646,.T.);
#3646 = LINE('',#3647,#3648);
#3647 = CARTESIAN_POINT('',(-0.88,-0.59,2.1));
#3648 = VECTOR('',#3649,1.);
#3649 = DIRECTION('',(0.,0.,1.));
#3650 = ORIENTED_EDGE('',*,*,#3449,.F.);
#3651 = PLANE('',#3652);
#3652 = AXIS2_PLACEMENT_3D('',#3653,#3654,#3655);
#3653 = CARTESIAN_POINT('',(-2.05,-0.59,2.1));
#3654 = DIRECTION('',(0.,1.,0.));
#3655 = DIRECTION('',(1.,0.,0.));
#3656 = ADVANCED_FACE('',(#3657),#3676,.T.);
#3657 = FACE_BOUND('',#3658,.T.);
#3658 = EDGE_LOOP('',(#3659,#3660,#3669,#3675));
#3659 = ORIENTED_EDGE('',*,*,#3645,.T.);
#3660 = ORIENTED_EDGE('',*,*,#3661,.T.);
#3661 = EDGE_CURVE('',#3638,#3662,#3664,.T.);
#3662 = VERTEX_POINT('',#3663);
#3663 = CARTESIAN_POINT('',(-0.58,-0.89,7.1));
#3664 = CIRCLE('',#3665,0.3);
#3665 = AXIS2_PLACEMENT_3D('',#3666,#3667,#3668);
#3666 = CARTESIAN_POINT('',(-0.88,-0.89,7.1));
#3667 = DIRECTION('',(0.,0.,-1.));
#3668 = DIRECTION('',(1.,0.,0.));
#3669 = ORIENTED_EDGE('',*,*,#3670,.F.);
#3670 = EDGE_CURVE('',#3567,#3662,#3671,.T.);
#3671 = LINE('',#3672,#3673);
#3672 = CARTESIAN_POINT('',(-0.58,-0.89,2.1));
#3673 = VECTOR('',#3674,1.);
#3674 = DIRECTION('',(0.,0.,1.));
#3675 = ORIENTED_EDGE('',*,*,#3574,.F.);
#3676 = CYLINDRICAL_SURFACE('',#3677,0.3);
#3677 = AXIS2_PLACEMENT_3D('',#3678,#3679,#3680);
#3678 = CARTESIAN_POINT('',(-0.88,-0.89,2.1));
#3679 = DIRECTION('',(0.,0.,-1.));
#3680 = DIRECTION('',(1.,0.,0.));
#3681 = ADVANCED_FACE('',(#3682),#3700,.T.);
#3682 = FACE_BOUND('',#3683,.T.);
#3683 = EDGE_LOOP('',(#3684,#3685,#3693,#3699));
#3684 = ORIENTED_EDGE('',*,*,#3670,.T.);
#3685 = ORIENTED_EDGE('',*,*,#3686,.T.);
#3686 = EDGE_CURVE('',#3662,#3687,#3689,.T.);
#3687 = VERTEX_POINT('',#3688);
#3688 = CARTESIAN_POINT('',(-0.58,-2.05,7.1));
#3689 = LINE('',#3690,#3691);
#3690 = CARTESIAN_POINT('',(-0.58,-0.89,7.1));
#3691 = VECTOR('',#3692,1.);
#3692 = DIRECTION('',(0.,-1.,0.));
#3693 = ORIENTED_EDGE('',*,*,#3694,.F.);
#3694 = EDGE_CURVE('',#3559,#3687,#3695,.T.);
#3695 = LINE('',#3696,#3697);
#3696 = CARTESIAN_POINT('',(-0.58,-2.05,2.1));
#3697 = VECTOR('',#3698,1.);
#3698 = DIRECTION('',(0.,0.,1.));
#3699 = ORIENTED_EDGE('',*,*,#3566,.F.);
#3700 = PLANE('',#3701);
#3701 = AXIS2_PLACEMENT_3D('',#3702,#3703,#3704);
#3702 = CARTESIAN_POINT('',(-0.58,-0.89,2.1));
#3703 = DIRECTION('',(1.,0.,0.));
#3704 = DIRECTION('',(0.,-1.,0.));
#3705 = ADVANCED_FACE('',(#3706),#3724,.T.);
#3706 = FACE_BOUND('',#3707,.T.);
#3707 = EDGE_LOOP('',(#3708,#3709,#3717,#3723));
#3708 = ORIENTED_EDGE('',*,*,#3694,.T.);
#3709 = ORIENTED_EDGE('',*,*,#3710,.T.);
#3710 = EDGE_CURVE('',#3687,#3711,#3713,.T.);
#3711 = VERTEX_POINT('',#3712);
#3712 = CARTESIAN_POINT('',(0.59,-2.05,7.1));
#3713 = LINE('',#3714,#3715);
#3714 = CARTESIAN_POINT('',(-0.58,-2.05,7.1));
#3715 = VECTOR('',#3716,1.);
#3716 = DIRECTION('',(1.,0.,0.));
#3717 = ORIENTED_EDGE('',*,*,#3718,.F.);
#3718 = EDGE_CURVE('',#3551,#3711,#3719,.T.);
#3719 = LINE('',#3720,#3721);
#3720 = CARTESIAN_POINT('',(0.59,-2.05,2.1));
#3721 = VECTOR('',#3722,1.);
#3722 = DIRECTION('',(0.,0.,1.));
#3723 = ORIENTED_EDGE('',*,*,#3558,.F.);
#3724 = PLANE('',#3725);
#3725 = AXIS2_PLACEMENT_3D('',#3726,#3727,#3728);
#3726 = CARTESIAN_POINT('',(-0.58,-2.05,2.1));
#3727 = DIRECTION('',(0.,1.,0.));
#3728 = DIRECTION('',(1.,0.,0.));
#3729 = ADVANCED_FACE('',(#3730),#3748,.T.);
#3730 = FACE_BOUND('',#3731,.T.);
#3731 = EDGE_LOOP('',(#3732,#3733,#3741,#3747));
#3732 = ORIENTED_EDGE('',*,*,#3718,.T.);
#3733 = ORIENTED_EDGE('',*,*,#3734,.T.);
#3734 = EDGE_CURVE('',#3711,#3735,#3737,.T.);
#3735 = VERTEX_POINT('',#3736);
#3736 = CARTESIAN_POINT('',(0.59,-0.88,7.1));
#3737 = LINE('',#3738,#3739);
#3738 = CARTESIAN_POINT('',(0.59,-2.05,7.1));
#3739 = VECTOR('',#3740,1.);
#3740 = DIRECTION('',(0.,1.,0.));
#3741 = ORIENTED_EDGE('',*,*,#3742,.F.);
#3742 = EDGE_CURVE('',#3542,#3735,#3743,.T.);
#3743 = LINE('',#3744,#3745);
#3744 = CARTESIAN_POINT('',(0.59,-0.88,2.1));
#3745 = VECTOR('',#3746,1.);
#3746 = DIRECTION('',(0.,0.,1.));
#3747 = ORIENTED_EDGE('',*,*,#3550,.F.);
#3748 = PLANE('',#3749);
#3749 = AXIS2_PLACEMENT_3D('',#3750,#3751,#3752);
#3750 = CARTESIAN_POINT('',(0.59,-2.05,2.1));
#3751 = DIRECTION('',(-1.,0.,0.));
#3752 = DIRECTION('',(0.,1.,0.));
#3753 = ADVANCED_FACE('',(#3754),#3773,.T.);
#3754 = FACE_BOUND('',#3755,.T.);
#3755 = EDGE_LOOP('',(#3756,#3757,#3766,#3772));
#3756 = ORIENTED_EDGE('',*,*,#3742,.T.);
#3757 = ORIENTED_EDGE('',*,*,#3758,.T.);
#3758 = EDGE_CURVE('',#3735,#3759,#3761,.T.);
#3759 = VERTEX_POINT('',#3760);
#3760 = CARTESIAN_POINT('',(0.89,-0.58,7.1));
#3761 = CIRCLE('',#3762,0.3);
#3762 = AXIS2_PLACEMENT_3D('',#3763,#3764,#3765);
#3763 = CARTESIAN_POINT('',(0.89,-0.88,7.1));
#3764 = DIRECTION('',(0.,0.,-1.));
#3765 = DIRECTION('',(1.,0.,0.));
#3766 = ORIENTED_EDGE('',*,*,#3767,.F.);
#3767 = EDGE_CURVE('',#3534,#3759,#3768,.T.);
#3768 = LINE('',#3769,#3770);
#3769 = CARTESIAN_POINT('',(0.89,-0.58,2.1));
#3770 = VECTOR('',#3771,1.);
#3771 = DIRECTION('',(0.,0.,1.));
#3772 = ORIENTED_EDGE('',*,*,#3541,.F.);
#3773 = CYLINDRICAL_SURFACE('',#3774,0.3);
#3774 = AXIS2_PLACEMENT_3D('',#3775,#3776,#3777);
#3775 = CARTESIAN_POINT('',(0.89,-0.88,2.1));
#3776 = DIRECTION('',(0.,0.,-1.));
#3777 = DIRECTION('',(1.,0.,0.));
#3778 = ADVANCED_FACE('',(#3779),#3797,.T.);
#3779 = FACE_BOUND('',#3780,.T.);
#3780 = EDGE_LOOP('',(#3781,#3782,#3790,#3796));
#3781 = ORIENTED_EDGE('',*,*,#3767,.T.);
#3782 = ORIENTED_EDGE('',*,*,#3783,.T.);
#3783 = EDGE_CURVE('',#3759,#3784,#3786,.T.);
#3784 = VERTEX_POINT('',#3785);
#3785 = CARTESIAN_POINT('',(2.05,-0.58,7.1));
#3786 = LINE('',#3787,#3788);
#3787 = CARTESIAN_POINT('',(0.89,-0.58,7.1));
#3788 = VECTOR('',#3789,1.);
#3789 = DIRECTION('',(1.,0.,0.));
#3790 = ORIENTED_EDGE('',*,*,#3791,.F.);
#3791 = EDGE_CURVE('',#3526,#3784,#3792,.T.);
#3792 = LINE('',#3793,#3794);
#3793 = CARTESIAN_POINT('',(2.05,-0.58,2.1));
#3794 = VECTOR('',#3795,1.);
#3795 = DIRECTION('',(0.,0.,1.));
#3796 = ORIENTED_EDGE('',*,*,#3533,.F.);
#3797 = PLANE('',#3798);
#3798 = AXIS2_PLACEMENT_3D('',#3799,#3800,#3801);
#3799 = CARTESIAN_POINT('',(0.89,-0.58,2.1));
#3800 = DIRECTION('',(0.,1.,0.));
#3801 = DIRECTION('',(1.,0.,0.));
#3802 = ADVANCED_FACE('',(#3803),#3821,.T.);
#3803 = FACE_BOUND('',#3804,.T.);
#3804 = EDGE_LOOP('',(#3805,#3806,#3814,#3820));
#3805 = ORIENTED_EDGE('',*,*,#3791,.T.);
#3806 = ORIENTED_EDGE('',*,*,#3807,.T.);
#3807 = EDGE_CURVE('',#3784,#3808,#3810,.T.);
#3808 = VERTEX_POINT('',#3809);
#3809 = CARTESIAN_POINT('',(2.05,0.59,7.1));
#3810 = LINE('',#3811,#3812);
#3811 = CARTESIAN_POINT('',(2.05,-0.58,7.1));
#3812 = VECTOR('',#3813,1.);
#3813 = DIRECTION('',(0.,1.,0.));
#3814 = ORIENTED_EDGE('',*,*,#3815,.F.);
#3815 = EDGE_CURVE('',#3518,#3808,#3816,.T.);
#3816 = LINE('',#3817,#3818);
#3817 = CARTESIAN_POINT('',(2.05,0.59,2.1));
#3818 = VECTOR('',#3819,1.);
#3819 = DIRECTION('',(0.,0.,1.));
#3820 = ORIENTED_EDGE('',*,*,#3525,.F.);
#3821 = PLANE('',#3822);
#3822 = AXIS2_PLACEMENT_3D('',#3823,#3824,#3825);
#3823 = CARTESIAN_POINT('',(2.05,-0.58,2.1));
#3824 = DIRECTION('',(-1.,0.,0.));
#3825 = DIRECTION('',(0.,1.,0.));
#3826 = ADVANCED_FACE('',(#3827),#3845,.T.);
#3827 = FACE_BOUND('',#3828,.T.);
#3828 = EDGE_LOOP('',(#3829,#3830,#3838,#3844));
#3829 = ORIENTED_EDGE('',*,*,#3815,.T.);
#3830 = ORIENTED_EDGE('',*,*,#3831,.T.);
#3831 = EDGE_CURVE('',#3808,#3832,#3834,.T.);
#3832 = VERTEX_POINT('',#3833);
#3833 = CARTESIAN_POINT('',(0.88,0.59,7.1));
#3834 = LINE('',#3835,#3836);
#3835 = CARTESIAN_POINT('',(2.05,0.59,7.1));
#3836 = VECTOR('',#3837,1.);
#3837 = DIRECTION('',(-1.,0.,0.));
#3838 = ORIENTED_EDGE('',*,*,#3839,.F.);
#3839 = EDGE_CURVE('',#3509,#3832,#3840,.T.);
#3840 = LINE('',#3841,#3842);
#3841 = CARTESIAN_POINT('',(0.88,0.59,2.1));
#3842 = VECTOR('',#3843,1.);
#3843 = DIRECTION('',(0.,0.,1.));
#3844 = ORIENTED_EDGE('',*,*,#3517,.F.);
#3845 = PLANE('',#3846);
#3846 = AXIS2_PLACEMENT_3D('',#3847,#3848,#3849);
#3847 = CARTESIAN_POINT('',(2.05,0.59,2.1));
#3848 = DIRECTION('',(0.,-1.,0.));
#3849 = DIRECTION('',(-1.,0.,0.));
#3850 = ADVANCED_FACE('',(#3851),#3870,.T.);
#3851 = FACE_BOUND('',#3852,.T.);
#3852 = EDGE_LOOP('',(#3853,#3854,#3863,#3869));
#3853 = ORIENTED_EDGE('',*,*,#3839,.T.);
#3854 = ORIENTED_EDGE('',*,*,#3855,.T.);
#3855 = EDGE_CURVE('',#3832,#3856,#3858,.T.);
#3856 = VERTEX_POINT('',#3857);
#3857 = CARTESIAN_POINT('',(0.58,0.89,7.1));
#3858 = CIRCLE('',#3859,0.3);
#3859 = AXIS2_PLACEMENT_3D('',#3860,#3861,#3862);
#3860 = CARTESIAN_POINT('',(0.88,0.89,7.1));
#3861 = DIRECTION('',(0.,0.,-1.));
#3862 = DIRECTION('',(1.,0.,0.));
#3863 = ORIENTED_EDGE('',*,*,#3864,.F.);
#3864 = EDGE_CURVE('',#3501,#3856,#3865,.T.);
#3865 = LINE('',#3866,#3867);
#3866 = CARTESIAN_POINT('',(0.58,0.89,2.1));
#3867 = VECTOR('',#3868,1.);
#3868 = DIRECTION('',(0.,0.,1.));
#3869 = ORIENTED_EDGE('',*,*,#3508,.F.);
#3870 = CYLINDRICAL_SURFACE('',#3871,0.3);
#3871 = AXIS2_PLACEMENT_3D('',#3872,#3873,#3874);
#3872 = CARTESIAN_POINT('',(0.88,0.89,2.1));
#3873 = DIRECTION('',(0.,0.,-1.));
#3874 = DIRECTION('',(1.,0.,0.));
#3875 = ADVANCED_FACE('',(#3876),#3894,.T.);
#3876 = FACE_BOUND('',#3877,.T.);
#3877 = EDGE_LOOP('',(#3878,#3879,#3887,#3893));
#3878 = ORIENTED_EDGE('',*,*,#3864,.T.);
#3879 = ORIENTED_EDGE('',*,*,#3880,.T.);
#3880 = EDGE_CURVE('',#3856,#3881,#3883,.T.);
#3881 = VERTEX_POINT('',#3882);
#3882 = CARTESIAN_POINT('',(0.58,2.05,7.1));
#3883 = LINE('',#3884,#3885);
#3884 = CARTESIAN_POINT('',(0.58,0.89,7.1));
#3885 = VECTOR('',#3886,1.);
#3886 = DIRECTION('',(0.,1.,0.));
#3887 = ORIENTED_EDGE('',*,*,#3888,.F.);
#3888 = EDGE_CURVE('',#3493,#3881,#3889,.T.);
#3889 = LINE('',#3890,#3891);
#3890 = CARTESIAN_POINT('',(0.58,2.05,2.1));
#3891 = VECTOR('',#3892,1.);
#3892 = DIRECTION('',(0.,0.,1.));
#3893 = ORIENTED_EDGE('',*,*,#3500,.F.);
#3894 = PLANE('',#3895);
#3895 = AXIS2_PLACEMENT_3D('',#3896,#3897,#3898);
#3896 = CARTESIAN_POINT('',(0.58,0.89,2.1));
#3897 = DIRECTION('',(-1.,0.,0.));
#3898 = DIRECTION('',(0.,1.,0.));
#3899 = ADVANCED_FACE('',(#3900),#3918,.T.);
#3900 = FACE_BOUND('',#3901,.T.);
#3901 = EDGE_LOOP('',(#3902,#3903,#3911,#3917));
#3902 = ORIENTED_EDGE('',*,*,#3888,.T.);
#3903 = ORIENTED_EDGE('',*,*,#3904,.T.);
#3904 = EDGE_CURVE('',#3881,#3905,#3907,.T.);
#3905 = VERTEX_POINT('',#3906);
#3906 = CARTESIAN_POINT('',(-0.59,2.05,7.1));
#3907 = LINE('',#3908,#3909);
#3908 = CARTESIAN_POINT('',(0.58,2.05,7.1));
#3909 = VECTOR('',#3910,1.);
#3910 = DIRECTION('',(-1.,0.,0.));
#3911 = ORIENTED_EDGE('',*,*,#3912,.F.);
#3912 = EDGE_CURVE('',#3485,#3905,#3913,.T.);
#3913 = LINE('',#3914,#3915);
#3914 = CARTESIAN_POINT('',(-0.59,2.05,2.1));
#3915 = VECTOR('',#3916,1.);
#3916 = DIRECTION('',(0.,0.,1.));
#3917 = ORIENTED_EDGE('',*,*,#3492,.F.);
#3918 = PLANE('',#3919);
#3919 = AXIS2_PLACEMENT_3D('',#3920,#3921,#3922);
#3920 = CARTESIAN_POINT('',(0.58,2.05,2.1));
#3921 = DIRECTION('',(0.,-1.,0.));
#3922 = DIRECTION('',(-1.,0.,0.));
#3923 = ADVANCED_FACE('',(#3924),#3942,.T.);
#3924 = FACE_BOUND('',#3925,.T.);
#3925 = EDGE_LOOP('',(#3926,#3927,#3935,#3941));
#3926 = ORIENTED_EDGE('',*,*,#3912,.T.);
#3927 = ORIENTED_EDGE('',*,*,#3928,.T.);
#3928 = EDGE_CURVE('',#3905,#3929,#3931,.T.);
#3929 = VERTEX_POINT('',#3930);
#3930 = CARTESIAN_POINT('',(-0.59,0.88,7.1));
#3931 = LINE('',#3932,#3933);
#3932 = CARTESIAN_POINT('',(-0.59,2.05,7.1));
#3933 = VECTOR('',#3934,1.);
#3934 = DIRECTION('',(0.,-1.,0.));
#3935 = ORIENTED_EDGE('',*,*,#3936,.F.);
#3936 = EDGE_CURVE('',#3476,#3929,#3937,.T.);
#3937 = LINE('',#3938,#3939);
#3938 = CARTESIAN_POINT('',(-0.59,0.88,2.1));
#3939 = VECTOR('',#3940,1.);
#3940 = DIRECTION('',(0.,0.,1.));
#3941 = ORIENTED_EDGE('',*,*,#3484,.F.);
#3942 = PLANE('',#3943);
#3943 = AXIS2_PLACEMENT_3D('',#3944,#3945,#3946);
#3944 = CARTESIAN_POINT('',(-0.59,2.05,2.1));
#3945 = DIRECTION('',(1.,0.,0.));
#3946 = DIRECTION('',(0.,-1.,0.));
#3947 = ADVANCED_FACE('',(#3948),#3967,.T.);
#3948 = FACE_BOUND('',#3949,.T.);
#3949 = EDGE_LOOP('',(#3950,#3951,#3960,#3966));
#3950 = ORIENTED_EDGE('',*,*,#3936,.T.);
#3951 = ORIENTED_EDGE('',*,*,#3952,.T.);
#3952 = EDGE_CURVE('',#3929,#3953,#3955,.T.);
#3953 = VERTEX_POINT('',#3954);
#3954 = CARTESIAN_POINT('',(-0.89,0.58,7.1));
#3955 = CIRCLE('',#3956,0.3);
#3956 = AXIS2_PLACEMENT_3D('',#3957,#3958,#3959);
#3957 = CARTESIAN_POINT('',(-0.89,0.88,7.1));
#3958 = DIRECTION('',(0.,0.,-1.));
#3959 = DIRECTION('',(1.,0.,0.));
#3960 = ORIENTED_EDGE('',*,*,#3961,.F.);
#3961 = EDGE_CURVE('',#3468,#3953,#3962,.T.);
#3962 = LINE('',#3963,#3964);
#3963 = CARTESIAN_POINT('',(-0.89,0.58,2.1));
#3964 = VECTOR('',#3965,1.);
#3965 = DIRECTION('',(0.,0.,1.));
#3966 = ORIENTED_EDGE('',*,*,#3475,.F.);
#3967 = CYLINDRICAL_SURFACE('',#3968,0.3);
#3968 = AXIS2_PLACEMENT_3D('',#3969,#3970,#3971);
#3969 = CARTESIAN_POINT('',(-0.89,0.88,2.1));
#3970 = DIRECTION('',(0.,0.,-1.));
#3971 = DIRECTION('',(1.,0.,0.));
#3972 = ADVANCED_FACE('',(#3973),#3991,.T.);
#3973 = FACE_BOUND('',#3974,.T.);
#3974 = EDGE_LOOP('',(#3975,#3976,#3984,#3990));
#3975 = ORIENTED_EDGE('',*,*,#3961,.T.);
#3976 = ORIENTED_EDGE('',*,*,#3977,.T.);
#3977 = EDGE_CURVE('',#3953,#3978,#3980,.T.);
#3978 = VERTEX_POINT('',#3979);
#3979 = CARTESIAN_POINT('',(-2.05,0.58,7.1));
#3980 = LINE('',#3981,#3982);
#3981 = CARTESIAN_POINT('',(-0.89,0.58,7.1));
#3982 = VECTOR('',#3983,1.);
#3983 = DIRECTION('',(-1.,0.,0.));
#3984 = ORIENTED_EDGE('',*,*,#3985,.F.);
#3985 = EDGE_CURVE('',#3460,#3978,#3986,.T.);
#3986 = LINE('',#3987,#3988);
#3987 = CARTESIAN_POINT('',(-2.05,0.58,2.1));
#3988 = VECTOR('',#3989,1.);
#3989 = DIRECTION('',(0.,0.,1.));
#3990 = ORIENTED_EDGE('',*,*,#3467,.F.);
#3991 = PLANE('',#3992);
#3992 = AXIS2_PLACEMENT_3D('',#3993,#3994,#3995);
#3993 = CARTESIAN_POINT('',(-0.89,0.58,2.1));
#3994 = DIRECTION('',(0.,-1.,0.));
#3995 = DIRECTION('',(-1.,0.,0.));
#3996 = ADVANCED_FACE('',(#3997),#4008,.T.);
#3997 = FACE_BOUND('',#3998,.T.);
#3998 = EDGE_LOOP('',(#3999,#4000,#4006,#4007));
#3999 = ORIENTED_EDGE('',*,*,#3985,.T.);
#4000 = ORIENTED_EDGE('',*,*,#4001,.T.);
#4001 = EDGE_CURVE('',#3978,#3630,#4002,.T.);
#4002 = LINE('',#4003,#4004);
#4003 = CARTESIAN_POINT('',(-2.05,0.58,7.1));
#4004 = VECTOR('',#4005,1.);
#4005 = DIRECTION('',(0.,-1.,0.));
#4006 = ORIENTED_EDGE('',*,*,#3629,.F.);
#4007 = ORIENTED_EDGE('',*,*,#3459,.F.);
#4008 = PLANE('',#4009);
#4009 = AXIS2_PLACEMENT_3D('',#4010,#4011,#4012);
#4010 = CARTESIAN_POINT('',(-2.05,0.58,2.1));
#4011 = DIRECTION('',(1.,0.,0.));
#4012 = DIRECTION('',(0.,-1.,0.));
#4013 = ADVANCED_FACE('',(#4014),#4032,.F.);
#4014 = FACE_BOUND('',#4015,.F.);
#4015 = EDGE_LOOP('',(#4016,#4017,#4018,#4019,#4020,#4021,#4022,#4023,
    #4024,#4025,#4026,#4027,#4028,#4029,#4030,#4031));
#4016 = ORIENTED_EDGE('',*,*,#3637,.T.);
#4017 = ORIENTED_EDGE('',*,*,#3661,.T.);
#4018 = ORIENTED_EDGE('',*,*,#3686,.T.);
#4019 = ORIENTED_EDGE('',*,*,#3710,.T.);
#4020 = ORIENTED_EDGE('',*,*,#3734,.T.);
#4021 = ORIENTED_EDGE('',*,*,#3758,.T.);
#4022 = ORIENTED_EDGE('',*,*,#3783,.T.);
#4023 = ORIENTED_EDGE('',*,*,#3807,.T.);
#4024 = ORIENTED_EDGE('',*,*,#3831,.T.);
#4025 = ORIENTED_EDGE('',*,*,#3855,.T.);
#4026 = ORIENTED_EDGE('',*,*,#3880,.T.);
#4027 = ORIENTED_EDGE('',*,*,#3904,.T.);
#4028 = ORIENTED_EDGE('',*,*,#3928,.T.);
#4029 = ORIENTED_EDGE('',*,*,#3952,.T.);
#4030 = ORIENTED_EDGE('',*,*,#3977,.T.);
#4031 = ORIENTED_EDGE('',*,*,#4001,.T.);
#4032 = PLANE('',#4033);
#4033 = AXIS2_PLACEMENT_3D('',#4034,#4035,#4036);
#4034 = CARTESIAN_POINT('',(0.,-6.5E-16,7.1));
#4035 = DIRECTION('',(0.,0.,1.));
#4036 = DIRECTION('',(1.,0.,0.));
#4037 = ( GEOMETRIC_REPRESENTATION_CONTEXT(3) 
GLOBAL_UNCERTAINTY_ASSIGNED_CONTEXT((#4041)) 
GLOBAL_UNIT_ASSIGNED_CONTEXT((#4038,#4039,#4040)) REPRESENTATION_CONTEXT
('Context #1','3D Context with UNIT and UNCERTAINTY') );
#4038 = ( LENGTH_UNIT() NAMED_UNIT(*) SI_UNIT(.MILLI.,.METRE.) );
#4039 = ( NAMED_UNIT(*) PLANE_ANGLE_UNIT() SI_UNIT($,.RADIAN.) );
#4040 = ( NAMED_UNIT(*) SI_UNIT($,.STERADIAN.) SOLID_ANGLE_UNIT() );
#4041 = UNCERTAINTY_MEASURE_WITH_UNIT(LENGTH_MEASURE(2.E-07),#4038,
  'distance_accuracy_value','confusion accuracy');
#4042 = CONTEXT_DEPENDENT_SHAPE_REPRESENTATION(#4043,#4045);
#4043 = ( REPRESENTATION_RELATIONSHIP('','',#40,#10) 
REPRESENTATION_RELATIONSHIP_WITH_TRANSFORMATION(#4044) 
SHAPE_REPRESENTATION_RELATIONSHIP() );
#4044 = ITEM_DEFINED_TRANSFORMATION('','',#11,#15);
#4045 = PRODUCT_DEFINITION_SHAPE('Placement','Placement of an item',
  #4046);
#4046 = NEXT_ASSEMBLY_USAGE_OCCURRENCE('99','Body','',#5,#35,$);
#4047 = PRODUCT_RELATED_PRODUCT_CATEGORY('part',$,(#37));
#4048 = SHAPE_DEFINITION_REPRESENTATION(#4049,#4055);
#4049 = PRODUCT_DEFINITION_SHAPE('','',#4050);
#4050 = PRODUCT_DEFINITION('design','',#4051,#4054);
#4051 = PRODUCT_DEFINITION_FORMATION('','',#4052);
#4052 = PRODUCT('Extrude','Extrude','',(#4053));
#4053 = PRODUCT_CONTEXT('',#2,'mechanical');
#4054 = PRODUCT_DEFINITION_CONTEXT('part definition',#2,'design');
#4055 = ADVANCED_BREP_SHAPE_REPRESENTATION('',(#11,#4056),#5657);
#4056 = MANIFOLD_SOLID_BREP('',#4057);
#4057 = CLOSED_SHELL('',(#4058,#4100,#4133,#4166,#4199,#4232,#4265,#4298
    ,#4331,#4364,#4397,#4430,#4463,#4496,#4529,#4562,#4595,#4628,#4661,
    #4694,#4727,#4751,#4793,#4826,#4859,#4892,#4925,#4958,#4991,#5024,
    #5057,#5090,#5123,#5147,#5189,#5222,#5255,#5288,#5321,#5354,#5387,
    #5420,#5453,#5486,#5519,#5543,#5600));
#4058 = ADVANCED_FACE('',(#4059),#4093,.F.);
#4059 = FACE_BOUND('',#4060,.F.);
#4060 = EDGE_LOOP('',(#4061,#4071,#4079,#4087));
#4061 = ORIENTED_EDGE('',*,*,#4062,.T.);
#4062 = EDGE_CURVE('',#4063,#4065,#4067,.T.);
#4063 = VERTEX_POINT('',#4064);
#4064 = CARTESIAN_POINT('',(-2.260867852522,-0.483086053412,10.));
#4065 = VERTEX_POINT('',#4066);
#4066 = CARTESIAN_POINT('',(-2.260867852522,-0.483086053412,9.6));
#4067 = LINE('',#4068,#4069);
#4068 = CARTESIAN_POINT('',(-2.260867852522,-0.483086053412,10.));
#4069 = VECTOR('',#4070,1.);
#4070 = DIRECTION('',(0.,0.,-1.));
#4071 = ORIENTED_EDGE('',*,*,#4072,.T.);
#4072 = EDGE_CURVE('',#4065,#4073,#4075,.T.);
#4073 = VERTEX_POINT('',#4074);
#4074 = CARTESIAN_POINT('',(-3.294769929674,-0.343137982196,9.6));
#4075 = B_SPLINE_CURVE_WITH_KNOTS('',2,(#4076,#4077,#4078),
  .UNSPECIFIED.,.F.,.F.,(3,3),(0.,1.),.PIECEWISE_BEZIER_KNOTS.);
#4076 = CARTESIAN_POINT('',(-2.260867852522,-0.483086053412,9.6));
#4077 = CARTESIAN_POINT('',(-2.851557763501,-0.483086053412,9.6));
#4078 = CARTESIAN_POINT('',(-3.294769929674,-0.343137982196,9.6));
#4079 = ORIENTED_EDGE('',*,*,#4080,.F.);
#4080 = EDGE_CURVE('',#4081,#4073,#4083,.T.);
#4081 = VERTEX_POINT('',#4082);
#4082 = CARTESIAN_POINT('',(-3.294769929674,-0.343137982196,10.));
#4083 = LINE('',#4084,#4085);
#4084 = CARTESIAN_POINT('',(-3.294769929674,-0.343137982196,10.));
#4085 = VECTOR('',#4086,1.);
#4086 = DIRECTION('',(0.,0.,-1.));
#4087 = ORIENTED_EDGE('',*,*,#4088,.F.);
#4088 = EDGE_CURVE('',#4063,#4081,#4089,.T.);
#4089 = B_SPLINE_CURVE_WITH_KNOTS('',2,(#4090,#4091,#4092),
  .UNSPECIFIED.,.F.,.F.,(3,3),(0.,1.),.PIECEWISE_BEZIER_KNOTS.);
#4090 = CARTESIAN_POINT('',(-2.260867852522,-0.483086053412,10.));
#4091 = CARTESIAN_POINT('',(-2.851557763501,-0.483086053412,10.));
#4092 = CARTESIAN_POINT('',(-3.294769929674,-0.343137982196,10.));
#4093 = SURFACE_OF_LINEAR_EXTRUSION('',#4094,#4098);
#4094 = B_SPLINE_CURVE_WITH_KNOTS('',2,(#4095,#4096,#4097),
  .UNSPECIFIED.,.F.,.F.,(3,3),(0.,1.),.PIECEWISE_BEZIER_KNOTS.);
#4095 = CARTESIAN_POINT('',(-2.260867852522,-0.483086053412,10.));
#4096 = CARTESIAN_POINT('',(-2.851557763501,-0.483086053412,10.));
#4097 = CARTESIAN_POINT('',(-3.294769929674,-0.343137982196,10.));
#4098 = VECTOR('',#4099,1.);
#4099 = DIRECTION('',(-0.,-0.,1.));
#4100 = ADVANCED_FACE('',(#4101),#4126,.F.);
#4101 = FACE_BOUND('',#4102,.F.);
#4102 = EDGE_LOOP('',(#4103,#4113,#4119,#4120));
#4103 = ORIENTED_EDGE('',*,*,#4104,.T.);
#4104 = EDGE_CURVE('',#4105,#4107,#4109,.T.);
#4105 = VERTEX_POINT('',#4106);
#4106 = CARTESIAN_POINT('',(-0.951743223442,-0.247329376855,10.));
#4107 = VERTEX_POINT('',#4108);
#4108 = CARTESIAN_POINT('',(-0.951743223442,-0.247329376855,9.6));
#4109 = LINE('',#4110,#4111);
#4110 = CARTESIAN_POINT('',(-0.951743223442,-0.247329376855,10.));
#4111 = VECTOR('',#4112,1.);
#4112 = DIRECTION('',(0.,0.,-1.));
#4113 = ORIENTED_EDGE('',*,*,#4114,.T.);
#4114 = EDGE_CURVE('',#4107,#4065,#4115,.T.);
#4115 = B_SPLINE_CURVE_WITH_KNOTS('',2,(#4116,#4117,#4118),
  .UNSPECIFIED.,.F.,.F.,(3,3),(0.,1.),.PIECEWISE_BEZIER_KNOTS.);
#4116 = CARTESIAN_POINT('',(-0.951743223442,-0.247329376855,9.6));
#4117 = CARTESIAN_POINT('',(-1.470511769436,-0.483086053412,9.6));
#4118 = CARTESIAN_POINT('',(-2.260867852522,-0.483086053412,9.6));
#4119 = ORIENTED_EDGE('',*,*,#4062,.F.);
#4120 = ORIENTED_EDGE('',*,*,#4121,.F.);
#4121 = EDGE_CURVE('',#4105,#4063,#4122,.T.);
#4122 = B_SPLINE_CURVE_WITH_KNOTS('',2,(#4123,#4124,#4125),
  .UNSPECIFIED.,.F.,.F.,(3,3),(0.,1.),.PIECEWISE_BEZIER_KNOTS.);
#4123 = CARTESIAN_POINT('',(-0.951743223442,-0.247329376855,10.));
#4124 = CARTESIAN_POINT('',(-1.470511769436,-0.483086053412,10.));
#4125 = CARTESIAN_POINT('',(-2.260867852522,-0.483086053412,10.));
#4126 = SURFACE_OF_LINEAR_EXTRUSION('',#4127,#4131);
#4127 = B_SPLINE_CURVE_WITH_KNOTS('',2,(#4128,#4129,#4130),
  .UNSPECIFIED.,.F.,.F.,(3,3),(0.,1.),.PIECEWISE_BEZIER_KNOTS.);
#4128 = CARTESIAN_POINT('',(-0.951743223442,-0.247329376855,10.));
#4129 = CARTESIAN_POINT('',(-1.470511769436,-0.483086053412,10.));
#4130 = CARTESIAN_POINT('',(-2.260867852522,-0.483086053412,10.));
#4131 = VECTOR('',#4132,1.);
#4132 = DIRECTION('',(-0.,-0.,1.));
#4133 = ADVANCED_FACE('',(#4134),#4159,.F.);
#4134 = FACE_BOUND('',#4135,.F.);
#4135 = EDGE_LOOP('',(#4136,#4146,#4152,#4153));
#4136 = ORIENTED_EDGE('',*,*,#4137,.T.);
#4137 = EDGE_CURVE('',#4138,#4140,#4142,.T.);
#4138 = VERTEX_POINT('',#4139);
#4139 = CARTESIAN_POINT('',(-0.173590404451,0.388278931751,10.));
#4140 = VERTEX_POINT('',#4141);
#4141 = CARTESIAN_POINT('',(-0.173590404451,0.388278931751,9.6));
#4142 = LINE('',#4143,#4144);
#4143 = CARTESIAN_POINT('',(-0.173590404451,0.388278931751,10.));
#4144 = VECTOR('',#4145,1.);
#4145 = DIRECTION('',(0.,0.,-1.));
#4146 = ORIENTED_EDGE('',*,*,#4147,.T.);
#4147 = EDGE_CURVE('',#4140,#4107,#4148,.T.);
#4148 = B_SPLINE_CURVE_WITH_KNOTS('',2,(#4149,#4150,#4151),
  .UNSPECIFIED.,.F.,.F.,(3,3),(0.,1.),.PIECEWISE_BEZIER_KNOTS.);
#4149 = CARTESIAN_POINT('',(-0.173590404451,0.388278931751,9.6));
#4150 = CARTESIAN_POINT('',(-0.432974677448,-1.131305637982E-02,9.6));
#4151 = CARTESIAN_POINT('',(-0.951743223442,-0.247329376855,9.6));
#4152 = ORIENTED_EDGE('',*,*,#4104,.F.);
#4153 = ORIENTED_EDGE('',*,*,#4154,.F.);
#4154 = EDGE_CURVE('',#4138,#4105,#4155,.T.);
#4155 = B_SPLINE_CURVE_WITH_KNOTS('',2,(#4156,#4157,#4158),
  .UNSPECIFIED.,.F.,.F.,(3,3),(0.,1.),.PIECEWISE_BEZIER_KNOTS.);
#4156 = CARTESIAN_POINT('',(-0.173590404451,0.388278931751,10.));
#4157 = CARTESIAN_POINT('',(-0.432974677448,-1.131305637982E-02,10.));
#4158 = CARTESIAN_POINT('',(-0.951743223442,-0.247329376855,10.));
#4159 = SURFACE_OF_LINEAR_EXTRUSION('',#4160,#4164);
#4160 = B_SPLINE_CURVE_WITH_KNOTS('',2,(#4161,#4162,#4163),
  .UNSPECIFIED.,.F.,.F.,(3,3),(0.,1.),.PIECEWISE_BEZIER_KNOTS.);
#4161 = CARTESIAN_POINT('',(-0.173590404451,0.388278931751,10.));
#4162 = CARTESIAN_POINT('',(-0.432974677448,-1.131305637982E-02,10.));
#4163 = CARTESIAN_POINT('',(-0.951743223442,-0.247329376855,10.));
#4164 = VECTOR('',#4165,1.);
#4165 = DIRECTION('',(-0.,-0.,1.));
#4166 = ADVANCED_FACE('',(#4167),#4192,.F.);
#4167 = FACE_BOUND('',#4168,.F.);
#4168 = EDGE_LOOP('',(#4169,#4179,#4185,#4186));
#4169 = ORIENTED_EDGE('',*,*,#4170,.T.);
#4170 = EDGE_CURVE('',#4171,#4173,#4175,.T.);
#4171 = VERTEX_POINT('',#4172);
#4172 = CARTESIAN_POINT('',(8.605351246291E-02,1.267173590504,10.));
#4173 = VERTEX_POINT('',#4174);
#4174 = CARTESIAN_POINT('',(8.605351246291E-02,1.267173590504,9.6));
#4175 = LINE('',#4176,#4177);
#4176 = CARTESIAN_POINT('',(8.605351246291E-02,1.267173590504,10.));
#4177 = VECTOR('',#4178,1.);
#4178 = DIRECTION('',(0.,0.,-1.));
#4179 = ORIENTED_EDGE('',*,*,#4180,.T.);
#4180 = EDGE_CURVE('',#4173,#4140,#4181,.T.);
#4181 = B_SPLINE_CURVE_WITH_KNOTS('',2,(#4182,#4183,#4184),
  .UNSPECIFIED.,.F.,.F.,(3,3),(0.,1.),.PIECEWISE_BEZIER_KNOTS.);
#4182 = CARTESIAN_POINT('',(8.605351246291E-02,1.267173590504,9.6));
#4183 = CARTESIAN_POINT('',(8.605351246291E-02,0.787870919881,9.6));
#4184 = CARTESIAN_POINT('',(-0.173590404451,0.388278931751,9.6));
#4185 = ORIENTED_EDGE('',*,*,#4137,.F.);
#4186 = ORIENTED_EDGE('',*,*,#4187,.F.);
#4187 = EDGE_CURVE('',#4171,#4138,#4188,.T.);
#4188 = B_SPLINE_CURVE_WITH_KNOTS('',2,(#4189,#4190,#4191),
  .UNSPECIFIED.,.F.,.F.,(3,3),(0.,1.),.PIECEWISE_BEZIER_KNOTS.);
#4189 = CARTESIAN_POINT('',(8.605351246291E-02,1.267173590504,10.));
#4190 = CARTESIAN_POINT('',(8.605351246291E-02,0.787870919881,10.));
#4191 = CARTESIAN_POINT('',(-0.173590404451,0.388278931751,10.));
#4192 = SURFACE_OF_LINEAR_EXTRUSION('',#4193,#4197);
#4193 = B_SPLINE_CURVE_WITH_KNOTS('',2,(#4194,#4195,#4196),
  .UNSPECIFIED.,.F.,.F.,(3,3),(0.,1.),.PIECEWISE_BEZIER_KNOTS.);
#4194 = CARTESIAN_POINT('',(8.605351246291E-02,1.267173590504,10.));
#4195 = CARTESIAN_POINT('',(8.605351246291E-02,0.787870919881,10.));
#4196 = CARTESIAN_POINT('',(-0.173590404451,0.388278931751,10.));
#4197 = VECTOR('',#4198,1.);
#4198 = DIRECTION('',(-0.,-0.,1.));
#4199 = ADVANCED_FACE('',(#4200),#4225,.F.);
#4200 = FACE_BOUND('',#4201,.F.);
#4201 = EDGE_LOOP('',(#4202,#4212,#4218,#4219));
#4202 = ORIENTED_EDGE('',*,*,#4203,.T.);
#4203 = EDGE_CURVE('',#4204,#4206,#4208,.T.);
#4204 = VERTEX_POINT('',#4205);
#4205 = CARTESIAN_POINT('',(-0.126854499407,2.050519287834,10.));
#4206 = VERTEX_POINT('',#4207);
#4207 = CARTESIAN_POINT('',(-0.126854499407,2.050519287834,9.6));
#4208 = LINE('',#4209,#4210);
#4209 = CARTESIAN_POINT('',(-0.126854499407,2.050519287834,10.));
#4210 = VECTOR('',#4211,1.);
#4211 = DIRECTION('',(0.,0.,-1.));
#4212 = ORIENTED_EDGE('',*,*,#4213,.T.);
#4213 = EDGE_CURVE('',#4206,#4173,#4214,.T.);
#4214 = B_SPLINE_CURVE_WITH_KNOTS('',2,(#4215,#4216,#4217),
  .UNSPECIFIED.,.F.,.F.,(3,3),(0.,1.),.PIECEWISE_BEZIER_KNOTS.);
#4215 = CARTESIAN_POINT('',(-0.126854499407,2.050519287834,9.6));
#4216 = CARTESIAN_POINT('',(8.605351246291E-02,1.707010385757,9.6));
#4217 = CARTESIAN_POINT('',(8.605351246291E-02,1.267173590504,9.6));
#4218 = ORIENTED_EDGE('',*,*,#4170,.F.);
#4219 = ORIENTED_EDGE('',*,*,#4220,.F.);
#4220 = EDGE_CURVE('',#4204,#4171,#4221,.T.);
#4221 = B_SPLINE_CURVE_WITH_KNOTS('',2,(#4222,#4223,#4224),
  .UNSPECIFIED.,.F.,.F.,(3,3),(0.,1.),.PIECEWISE_BEZIER_KNOTS.);
#4222 = CARTESIAN_POINT('',(-0.126854499407,2.050519287834,10.));
#4223 = CARTESIAN_POINT('',(8.605351246291E-02,1.707010385757,10.));
#4224 = CARTESIAN_POINT('',(8.605351246291E-02,1.267173590504,10.));
#4225 = SURFACE_OF_LINEAR_EXTRUSION('',#4226,#4230);
#4226 = B_SPLINE_CURVE_WITH_KNOTS('',2,(#4227,#4228,#4229),
  .UNSPECIFIED.,.F.,.F.,(3,3),(0.,1.),.PIECEWISE_BEZIER_KNOTS.);
#4227 = CARTESIAN_POINT('',(-0.126854499407,2.050519287834,10.));
#4228 = CARTESIAN_POINT('',(8.605351246291E-02,1.707010385757,10.));
#4229 = CARTESIAN_POINT('',(8.605351246291E-02,1.267173590504,10.));
#4230 = VECTOR('',#4231,1.);
#4231 = DIRECTION('',(-0.,-0.,1.));
#4232 = ADVANCED_FACE('',(#4233),#4258,.F.);
#4233 = FACE_BOUND('',#4234,.F.);
#4234 = EDGE_LOOP('',(#4235,#4245,#4251,#4252));
#4235 = ORIENTED_EDGE('',*,*,#4236,.T.);
#4236 = EDGE_CURVE('',#4237,#4239,#4241,.T.);
#4237 = VERTEX_POINT('',#4238);
#4238 = CARTESIAN_POINT('',(-0.701706131454,2.570326409496,10.));
#4239 = VERTEX_POINT('',#4240);
#4240 = CARTESIAN_POINT('',(-0.701706131454,2.570326409496,9.6));
#4241 = LINE('',#4242,#4243);
#4242 = CARTESIAN_POINT('',(-0.701706131454,2.570326409496,10.));
#4243 = VECTOR('',#4244,1.);
#4244 = DIRECTION('',(0.,0.,-1.));
#4245 = ORIENTED_EDGE('',*,*,#4246,.T.);
#4246 = EDGE_CURVE('',#4239,#4206,#4247,.T.);
#4247 = B_SPLINE_CURVE_WITH_KNOTS('',2,(#4248,#4249,#4250),
  .UNSPECIFIED.,.F.,.F.,(3,3),(0.,1.),.PIECEWISE_BEZIER_KNOTS.);
#4248 = CARTESIAN_POINT('',(-0.701706131454,2.570326409496,9.6));
#4249 = CARTESIAN_POINT('',(-0.339762511276,2.394287833828,9.6));
#4250 = CARTESIAN_POINT('',(-0.126854499407,2.050519287834,9.6));
#4251 = ORIENTED_EDGE('',*,*,#4203,.F.);
#4252 = ORIENTED_EDGE('',*,*,#4253,.F.);
#4253 = EDGE_CURVE('',#4237,#4204,#4254,.T.);
#4254 = B_SPLINE_CURVE_WITH_KNOTS('',2,(#4255,#4256,#4257),
  .UNSPECIFIED.,.F.,.F.,(3,3),(0.,1.),.PIECEWISE_BEZIER_KNOTS.);
#4255 = CARTESIAN_POINT('',(-0.701706131454,2.570326409496,10.));
#4256 = CARTESIAN_POINT('',(-0.339762511276,2.394287833828,10.));
#4257 = CARTESIAN_POINT('',(-0.126854499407,2.050519287834,10.));
#4258 = SURFACE_OF_LINEAR_EXTRUSION('',#4259,#4263);
#4259 = B_SPLINE_CURVE_WITH_KNOTS('',2,(#4260,#4261,#4262),
  .UNSPECIFIED.,.F.,.F.,(3,3),(0.,1.),.PIECEWISE_BEZIER_KNOTS.);
#4260 = CARTESIAN_POINT('',(-0.701706131454,2.570326409496,10.));
#4261 = CARTESIAN_POINT('',(-0.339762511276,2.394287833828,10.));
#4262 = CARTESIAN_POINT('',(-0.126854499407,2.050519287834,10.));
#4263 = VECTOR('',#4264,1.);
#4264 = DIRECTION('',(-0.,-0.,1.));
#4265 = ADVANCED_FACE('',(#4266),#4291,.F.);
#4266 = FACE_BOUND('',#4267,.F.);
#4267 = EDGE_LOOP('',(#4268,#4278,#4284,#4285));
#4268 = ORIENTED_EDGE('',*,*,#4269,.T.);
#4269 = EDGE_CURVE('',#4270,#4272,#4274,.T.);
#4270 = VERTEX_POINT('',#4271);
#4271 = CARTESIAN_POINT('',(-0.289391591395,3.039762611276,10.));
#4272 = VERTEX_POINT('',#4273);
#4273 = CARTESIAN_POINT('',(-0.289391591395,3.039762611276,9.6));
#4274 = LINE('',#4275,#4276);
#4275 = CARTESIAN_POINT('',(-0.289391591395,3.039762611276,10.));
#4276 = VECTOR('',#4277,1.);
#4277 = DIRECTION('',(0.,0.,-1.));
#4278 = ORIENTED_EDGE('',*,*,#4279,.T.);
#4279 = EDGE_CURVE('',#4272,#4239,#4280,.T.);
#4280 = B_SPLINE_CURVE_WITH_KNOTS('',2,(#4281,#4282,#4283),
  .UNSPECIFIED.,.F.,.F.,(3,3),(0.,1.),.PIECEWISE_BEZIER_KNOTS.);
#4281 = CARTESIAN_POINT('',(-0.289391591395,3.039762611276,9.6));
#4282 = CARTESIAN_POINT('',(-0.43193610178,2.754933234421,9.6));
#4283 = CARTESIAN_POINT('',(-0.701706131454,2.570326409496,9.6));
#4284 = ORIENTED_EDGE('',*,*,#4236,.F.);
#4285 = ORIENTED_EDGE('',*,*,#4286,.F.);
#4286 = EDGE_CURVE('',#4270,#4237,#4287,.T.);
#4287 = B_SPLINE_CURVE_WITH_KNOTS('',2,(#4288,#4289,#4290),
  .UNSPECIFIED.,.F.,.F.,(3,3),(0.,1.),.PIECEWISE_BEZIER_KNOTS.);
#4288 = CARTESIAN_POINT('',(-0.289391591395,3.039762611276,10.));
#4289 = CARTESIAN_POINT('',(-0.43193610178,2.754933234421,10.));
#4290 = CARTESIAN_POINT('',(-0.701706131454,2.570326409496,10.));
#4291 = SURFACE_OF_LINEAR_EXTRUSION('',#4292,#4296);
#4292 = B_SPLINE_CURVE_WITH_KNOTS('',2,(#4293,#4294,#4295),
  .UNSPECIFIED.,.F.,.F.,(3,3),(0.,1.),.PIECEWISE_BEZIER_KNOTS.);
#4293 = CARTESIAN_POINT('',(-0.289391591395,3.039762611276,10.));
#4294 = CARTESIAN_POINT('',(-0.43193610178,2.754933234421,10.));
#4295 = CARTESIAN_POINT('',(-0.701706131454,2.570326409496,10.));
#4296 = VECTOR('',#4297,1.);
#4297 = DIRECTION('',(-0.,-0.,1.));
#4298 = ADVANCED_FACE('',(#4299),#4324,.F.);
#4299 = FACE_BOUND('',#4300,.F.);
#4300 = EDGE_LOOP('',(#4301,#4311,#4317,#4318));
#4301 = ORIENTED_EDGE('',*,*,#4302,.T.);
#4302 = EDGE_CURVE('',#4303,#4305,#4307,.T.);
#4303 = VERTEX_POINT('',#4304);
#4304 = CARTESIAN_POINT('',(-0.146587437092,3.686016320475,10.));
#4305 = VERTEX_POINT('',#4306);
#4306 = CARTESIAN_POINT('',(-0.146587437092,3.686016320475,9.6));
#4307 = LINE('',#4308,#4309);
#4308 = CARTESIAN_POINT('',(-0.146587437092,3.686016320475,10.));
#4309 = VECTOR('',#4310,1.);
#4310 = DIRECTION('',(0.,0.,-1.));
#4311 = ORIENTED_EDGE('',*,*,#4312,.T.);
#4312 = EDGE_CURVE('',#4305,#4272,#4313,.T.);
#4313 = B_SPLINE_CURVE_WITH_KNOTS('',2,(#4314,#4315,#4316),
  .UNSPECIFIED.,.F.,.F.,(3,3),(0.,1.),.PIECEWISE_BEZIER_KNOTS.);
#4314 = CARTESIAN_POINT('',(-0.146587437092,3.686016320475,9.6));
#4315 = CARTESIAN_POINT('',(-0.146587437092,3.324591988131,9.6));
#4316 = CARTESIAN_POINT('',(-0.289391591395,3.039762611276,9.6));
#4317 = ORIENTED_EDGE('',*,*,#4269,.F.);
#4318 = ORIENTED_EDGE('',*,*,#4319,.F.);
#4319 = EDGE_CURVE('',#4303,#4270,#4320,.T.);
#4320 = B_SPLINE_CURVE_WITH_KNOTS('',2,(#4321,#4322,#4323),
  .UNSPECIFIED.,.F.,.F.,(3,3),(0.,1.),.PIECEWISE_BEZIER_KNOTS.);
#4321 = CARTESIAN_POINT('',(-0.146587437092,3.686016320475,10.));
#4322 = CARTESIAN_POINT('',(-0.146587437092,3.324591988131,10.));
#4323 = CARTESIAN_POINT('',(-0.289391591395,3.039762611276,10.));
#4324 = SURFACE_OF_LINEAR_EXTRUSION('',#4325,#4329);
#4325 = B_SPLINE_CURVE_WITH_KNOTS('',2,(#4326,#4327,#4328),
  .UNSPECIFIED.,.F.,.F.,(3,3),(0.,1.),.PIECEWISE_BEZIER_KNOTS.);
#4326 = CARTESIAN_POINT('',(-0.146587437092,3.686016320475,10.));
#4327 = CARTESIAN_POINT('',(-0.146587437092,3.324591988131,10.));
#4328 = CARTESIAN_POINT('',(-0.289391591395,3.039762611276,10.));
#4329 = VECTOR('',#4330,1.);
#4330 = DIRECTION('',(-0.,-0.,1.));
#4331 = ADVANCED_FACE('',(#4332),#4357,.F.);
#4332 = FACE_BOUND('',#4333,.F.);
#4333 = EDGE_LOOP('',(#4334,#4344,#4350,#4351));
#4334 = ORIENTED_EDGE('',*,*,#4335,.T.);
#4335 = EDGE_CURVE('',#4336,#4338,#4340,.T.);
#4336 = VERTEX_POINT('',#4337);
#4337 = CARTESIAN_POINT('',(-0.373775864392,4.49662462908,10.));
#4338 = VERTEX_POINT('',#4339);
#4339 = CARTESIAN_POINT('',(-0.373775864392,4.49662462908,9.6));
#4340 = LINE('',#4341,#4342);
#4341 = CARTESIAN_POINT('',(-0.373775864392,4.49662462908,10.));
#4342 = VECTOR('',#4343,1.);
#4343 = DIRECTION('',(0.,0.,-1.));
#4344 = ORIENTED_EDGE('',*,*,#4345,.T.);
#4345 = EDGE_CURVE('',#4338,#4305,#4346,.T.);
#4346 = B_SPLINE_CURVE_WITH_KNOTS('',2,(#4347,#4348,#4349),
  .UNSPECIFIED.,.F.,.F.,(3,3),(0.,1.),.PIECEWISE_BEZIER_KNOTS.);
#4347 = CARTESIAN_POINT('',(-0.373775864392,4.49662462908,9.6));
#4348 = CARTESIAN_POINT('',(-0.146587437092,4.135459940653,9.6));
#4349 = CARTESIAN_POINT('',(-0.146587437092,3.686016320475,9.6));
#4350 = ORIENTED_EDGE('',*,*,#4302,.F.);
#4351 = ORIENTED_EDGE('',*,*,#4352,.F.);
#4352 = EDGE_CURVE('',#4336,#4303,#4353,.T.);
#4353 = B_SPLINE_CURVE_WITH_KNOTS('',2,(#4354,#4355,#4356),
  .UNSPECIFIED.,.F.,.F.,(3,3),(0.,1.),.PIECEWISE_BEZIER_KNOTS.);
#4354 = CARTESIAN_POINT('',(-0.373775864392,4.49662462908,10.));
#4355 = CARTESIAN_POINT('',(-0.146587437092,4.135459940653,10.));
#4356 = CARTESIAN_POINT('',(-0.146587437092,3.686016320475,10.));
#4357 = SURFACE_OF_LINEAR_EXTRUSION('',#4358,#4362);
#4358 = B_SPLINE_CURVE_WITH_KNOTS('',2,(#4359,#4360,#4361),
  .UNSPECIFIED.,.F.,.F.,(3,3),(0.,1.),.PIECEWISE_BEZIER_KNOTS.);
#4359 = CARTESIAN_POINT('',(-0.373775864392,4.49662462908,10.));
#4360 = CARTESIAN_POINT('',(-0.146587437092,4.135459940653,10.));
#4361 = CARTESIAN_POINT('',(-0.146587437092,3.686016320475,10.));
#4362 = VECTOR('',#4363,1.);
#4363 = DIRECTION('',(-0.,-0.,1.));
#4364 = ADVANCED_FACE('',(#4365),#4390,.F.);
#4365 = FACE_BOUND('',#4366,.F.);
#4366 = EDGE_LOOP('',(#4367,#4377,#4383,#4384));
#4367 = ORIENTED_EDGE('',*,*,#4368,.T.);
#4368 = EDGE_CURVE('',#4369,#4371,#4373,.T.);
#4369 = VERTEX_POINT('',#4370);
#4370 = CARTESIAN_POINT('',(-1.070660137389,5.07043768546,10.));
#4371 = VERTEX_POINT('',#4372);
#4372 = CARTESIAN_POINT('',(-1.070660137389,5.07043768546,9.6));
#4373 = LINE('',#4374,#4375);
#4374 = CARTESIAN_POINT('',(-1.070660137389,5.07043768546,10.));
#4375 = VECTOR('',#4376,1.);
#4376 = DIRECTION('',(0.,0.,-1.));
#4377 = ORIENTED_EDGE('',*,*,#4378,.T.);
#4378 = EDGE_CURVE('',#4371,#4338,#4379,.T.);
#4379 = B_SPLINE_CURVE_WITH_KNOTS('',2,(#4380,#4381,#4382),
  .UNSPECIFIED.,.F.,.F.,(3,3),(0.,1.),.PIECEWISE_BEZIER_KNOTS.);
#4380 = CARTESIAN_POINT('',(-1.070660137389,5.07043768546,9.6));
#4381 = CARTESIAN_POINT('',(-0.600704647774,4.857789317507,9.6));
#4382 = CARTESIAN_POINT('',(-0.373775864392,4.49662462908,9.6));
#4383 = ORIENTED_EDGE('',*,*,#4335,.F.);
#4384 = ORIENTED_EDGE('',*,*,#4385,.F.);
#4385 = EDGE_CURVE('',#4369,#4336,#4386,.T.);
#4386 = B_SPLINE_CURVE_WITH_KNOTS('',2,(#4387,#4388,#4389),
  .UNSPECIFIED.,.F.,.F.,(3,3),(0.,1.),.PIECEWISE_BEZIER_KNOTS.);
#4387 = CARTESIAN_POINT('',(-1.070660137389,5.07043768546,10.));
#4388 = CARTESIAN_POINT('',(-0.600704647774,4.857789317507,10.));
#4389 = CARTESIAN_POINT('',(-0.373775864392,4.49662462908,10.));
#4390 = SURFACE_OF_LINEAR_EXTRUSION('',#4391,#4395);
#4391 = B_SPLINE_CURVE_WITH_KNOTS('',2,(#4392,#4393,#4394),
  .UNSPECIFIED.,.F.,.F.,(3,3),(0.,1.),.PIECEWISE_BEZIER_KNOTS.);
#4392 = CARTESIAN_POINT('',(-1.070660137389,5.07043768546,10.));
#4393 = CARTESIAN_POINT('',(-0.600704647774,4.857789317507,10.));
#4394 = CARTESIAN_POINT('',(-0.373775864392,4.49662462908,10.));
#4395 = VECTOR('',#4396,1.);
#4396 = DIRECTION('',(-0.,-0.,1.));
#4397 = ADVANCED_FACE('',(#4398),#4423,.F.);
#4398 = FACE_BOUND('',#4399,.F.);
#4399 = EDGE_LOOP('',(#4400,#4410,#4416,#4417));
#4400 = ORIENTED_EDGE('',*,*,#4401,.T.);
#4401 = EDGE_CURVE('',#4402,#4404,#4406,.T.);
#4402 = VERTEX_POINT('',#4403);
#4403 = CARTESIAN_POINT('',(-2.265801086944,5.283086053412,10.));
#4404 = VERTEX_POINT('',#4405);
#4405 = CARTESIAN_POINT('',(-2.265801086944,5.283086053412,9.6));
#4406 = LINE('',#4407,#4408);
#4407 = CARTESIAN_POINT('',(-2.265801086944,5.283086053412,10.));
#4408 = VECTOR('',#4409,1.);
#4409 = DIRECTION('',(0.,0.,-1.));
#4410 = ORIENTED_EDGE('',*,*,#4411,.T.);
#4411 = EDGE_CURVE('',#4404,#4371,#4412,.T.);
#4412 = B_SPLINE_CURVE_WITH_KNOTS('',2,(#4413,#4414,#4415),
  .UNSPECIFIED.,.F.,.F.,(3,3),(0.,1.),.PIECEWISE_BEZIER_KNOTS.);
#4413 = CARTESIAN_POINT('',(-2.265801086944,5.283086053412,9.6));
#4414 = CARTESIAN_POINT('',(-1.540615627003,5.283086053412,9.6));
#4415 = CARTESIAN_POINT('',(-1.070660137389,5.07043768546,9.6));
#4416 = ORIENTED_EDGE('',*,*,#4368,.F.);
#4417 = ORIENTED_EDGE('',*,*,#4418,.F.);
#4418 = EDGE_CURVE('',#4402,#4369,#4419,.T.);
#4419 = B_SPLINE_CURVE_WITH_KNOTS('',2,(#4420,#4421,#4422),
  .UNSPECIFIED.,.F.,.F.,(3,3),(0.,1.),.PIECEWISE_BEZIER_KNOTS.);
#4420 = CARTESIAN_POINT('',(-2.265801086944,5.283086053412,10.));
#4421 = CARTESIAN_POINT('',(-1.540615627003,5.283086053412,10.));
#4422 = CARTESIAN_POINT('',(-1.070660137389,5.07043768546,10.));
#4423 = SURFACE_OF_LINEAR_EXTRUSION('',#4424,#4428);
#4424 = B_SPLINE_CURVE_WITH_KNOTS('',2,(#4425,#4426,#4427),
  .UNSPECIFIED.,.F.,.F.,(3,3),(0.,1.),.PIECEWISE_BEZIER_KNOTS.);
#4425 = CARTESIAN_POINT('',(-2.265801086944,5.283086053412,10.));
#4426 = CARTESIAN_POINT('',(-1.540615627003,5.283086053412,10.));
#4427 = CARTESIAN_POINT('',(-1.070660137389,5.07043768546,10.));
#4428 = VECTOR('',#4429,1.);
#4429 = DIRECTION('',(-0.,-0.,1.));
#4430 = ADVANCED_FACE('',(#4431),#4456,.F.);
#4431 = FACE_BOUND('',#4432,.F.);
#4432 = EDGE_LOOP('',(#4433,#4443,#4449,#4450));
#4433 = ORIENTED_EDGE('',*,*,#4434,.T.);
#4434 = EDGE_CURVE('',#4435,#4437,#4439,.T.);
#4435 = VERTEX_POINT('',#4436);
#4436 = CARTESIAN_POINT('',(-3.468471710089,5.066283382789,10.));
#4437 = VERTEX_POINT('',#4438);
#4438 = CARTESIAN_POINT('',(-3.468471710089,5.066283382789,9.6));
#4439 = LINE('',#4440,#4441);
#4440 = CARTESIAN_POINT('',(-3.468471710089,5.066283382789,10.));
#4441 = VECTOR('',#4442,1.);
#4442 = DIRECTION('',(0.,0.,-1.));
#4443 = ORIENTED_EDGE('',*,*,#4444,.T.);
#4444 = EDGE_CURVE('',#4437,#4404,#4445,.T.);
#4445 = B_SPLINE_CURVE_WITH_KNOTS('',2,(#4446,#4447,#4448),
  .UNSPECIFIED.,.F.,.F.,(3,3),(0.,1.),.PIECEWISE_BEZIER_KNOTS.);
#4446 = CARTESIAN_POINT('',(-3.468471710089,5.066283382789,9.6));
#4447 = CARTESIAN_POINT('',(-2.998516220475,5.283086053412,9.6));
#4448 = CARTESIAN_POINT('',(-2.265801086944,5.283086053412,9.6));
#4449 = ORIENTED_EDGE('',*,*,#4401,.F.);
#4450 = ORIENTED_EDGE('',*,*,#4451,.F.);
#4451 = EDGE_CURVE('',#4435,#4402,#4452,.T.);
#4452 = B_SPLINE_CURVE_WITH_KNOTS('',2,(#4453,#4454,#4455),
  .UNSPECIFIED.,.F.,.F.,(3,3),(0.,1.),.PIECEWISE_BEZIER_KNOTS.);
#4453 = CARTESIAN_POINT('',(-3.468471710089,5.066283382789,10.));
#4454 = CARTESIAN_POINT('',(-2.998516220475,5.283086053412,10.));
#4455 = CARTESIAN_POINT('',(-2.265801086944,5.283086053412,10.));
#4456 = SURFACE_OF_LINEAR_EXTRUSION('',#4457,#4461);
#4457 = B_SPLINE_CURVE_WITH_KNOTS('',2,(#4458,#4459,#4460),
  .UNSPECIFIED.,.F.,.F.,(3,3),(0.,1.),.PIECEWISE_BEZIER_KNOTS.);
#4458 = CARTESIAN_POINT('',(-3.468471710089,5.066283382789,10.));
#4459 = CARTESIAN_POINT('',(-2.998516220475,5.283086053412,10.));
#4460 = CARTESIAN_POINT('',(-2.265801086944,5.283086053412,10.));
#4461 = VECTOR('',#4462,1.);
#4462 = DIRECTION('',(-0.,-0.,1.));
#4463 = ADVANCED_FACE('',(#4464),#4489,.F.);
#4464 = FACE_BOUND('',#4465,.F.);
#4465 = EDGE_LOOP('',(#4466,#4476,#4482,#4483));
#4466 = ORIENTED_EDGE('',*,*,#4467,.T.);
#4467 = EDGE_CURVE('',#4468,#4470,#4472,.T.);
#4468 = VERTEX_POINT('',#4469);
#4469 = CARTESIAN_POINT('',(-4.169510285757,4.488316023739,10.));
#4470 = VERTEX_POINT('',#4471);
#4471 = CARTESIAN_POINT('',(-4.169510285757,4.488316023739,9.6));
#4472 = LINE('',#4473,#4474);
#4473 = CARTESIAN_POINT('',(-4.169510285757,4.488316023739,10.));
#4474 = VECTOR('',#4475,1.);
#4475 = DIRECTION('',(0.,0.,-1.));
#4476 = ORIENTED_EDGE('',*,*,#4477,.T.);
#4477 = EDGE_CURVE('',#4470,#4437,#4478,.T.);
#4478 = B_SPLINE_CURVE_WITH_KNOTS('',2,(#4479,#4480,#4481),
  .UNSPECIFIED.,.F.,.F.,(3,3),(0.,1.),.PIECEWISE_BEZIER_KNOTS.);
#4479 = CARTESIAN_POINT('',(-4.169510285757,4.488316023739,9.6));
#4480 = CARTESIAN_POINT('',(-3.938427199703,4.849480712166,9.6));
#4481 = CARTESIAN_POINT('',(-3.468471710089,5.066283382789,9.6));
#4482 = ORIENTED_EDGE('',*,*,#4434,.F.);
#4483 = ORIENTED_EDGE('',*,*,#4484,.F.);
#4484 = EDGE_CURVE('',#4468,#4435,#4485,.T.);
#4485 = B_SPLINE_CURVE_WITH_KNOTS('',2,(#4486,#4487,#4488),
  .UNSPECIFIED.,.F.,.F.,(3,3),(0.,1.),.PIECEWISE_BEZIER_KNOTS.);
#4486 = CARTESIAN_POINT('',(-4.169510285757,4.488316023739,10.));
#4487 = CARTESIAN_POINT('',(-3.938427199703,4.849480712166,10.));
#4488 = CARTESIAN_POINT('',(-3.468471710089,5.066283382789,10.));
#4489 = SURFACE_OF_LINEAR_EXTRUSION('',#4490,#4494);
#4490 = B_SPLINE_CURVE_WITH_KNOTS('',2,(#4491,#4492,#4493),
  .UNSPECIFIED.,.F.,.F.,(3,3),(0.,1.),.PIECEWISE_BEZIER_KNOTS.);
#4491 = CARTESIAN_POINT('',(-4.169510285757,4.488316023739,10.));
#4492 = CARTESIAN_POINT('',(-3.938427199703,4.849480712166,10.));
#4493 = CARTESIAN_POINT('',(-3.468471710089,5.066283382789,10.));
#4494 = VECTOR('',#4495,1.);
#4495 = DIRECTION('',(-0.,-0.,1.));
#4496 = ADVANCED_FACE('',(#4497),#4522,.F.);
#4497 = FACE_BOUND('',#4498,.F.);
#4498 = EDGE_LOOP('',(#4499,#4509,#4515,#4516));
#4499 = ORIENTED_EDGE('',*,*,#4500,.T.);
#4500 = EDGE_CURVE('',#4501,#4503,#4505,.T.);
#4501 = VERTEX_POINT('',#4502);
#4502 = CARTESIAN_POINT('',(-4.40059337181,3.67796735905,10.));
#4503 = VERTEX_POINT('',#4504);
#4504 = CARTESIAN_POINT('',(-4.40059337181,3.67796735905,9.6));
#4505 = LINE('',#4506,#4507);
#4506 = CARTESIAN_POINT('',(-4.40059337181,3.67796735905,10.));
#4507 = VECTOR('',#4508,1.);
#4508 = DIRECTION('',(0.,0.,-1.));
#4509 = ORIENTED_EDGE('',*,*,#4510,.T.);
#4510 = EDGE_CURVE('',#4503,#4470,#4511,.T.);
#4511 = B_SPLINE_CURVE_WITH_KNOTS('',2,(#4512,#4513,#4514),
  .UNSPECIFIED.,.F.,.F.,(3,3),(0.,1.),.PIECEWISE_BEZIER_KNOTS.);
#4512 = CARTESIAN_POINT('',(-4.40059337181,3.67796735905,9.6));
#4513 = CARTESIAN_POINT('',(-4.40059337181,4.127410979228,9.6));
#4514 = CARTESIAN_POINT('',(-4.169510285757,4.488316023739,9.6));
#4515 = ORIENTED_EDGE('',*,*,#4467,.F.);
#4516 = ORIENTED_EDGE('',*,*,#4517,.F.);
#4517 = EDGE_CURVE('',#4501,#4468,#4518,.T.);
#4518 = B_SPLINE_CURVE_WITH_KNOTS('',2,(#4519,#4520,#4521),
  .UNSPECIFIED.,.F.,.F.,(3,3),(0.,1.),.PIECEWISE_BEZIER_KNOTS.);
#4519 = CARTESIAN_POINT('',(-4.40059337181,3.67796735905,10.));
#4520 = CARTESIAN_POINT('',(-4.40059337181,4.127410979228,10.));
#4521 = CARTESIAN_POINT('',(-4.169510285757,4.488316023739,10.));
#4522 = SURFACE_OF_LINEAR_EXTRUSION('',#4523,#4527);
#4523 = B_SPLINE_CURVE_WITH_KNOTS('',2,(#4524,#4525,#4526),
  .UNSPECIFIED.,.F.,.F.,(3,3),(0.,1.),.PIECEWISE_BEZIER_KNOTS.);
#4524 = CARTESIAN_POINT('',(-4.40059337181,3.67796735905,10.));
#4525 = CARTESIAN_POINT('',(-4.40059337181,4.127410979228,10.));
#4526 = CARTESIAN_POINT('',(-4.169510285757,4.488316023739,10.));
#4527 = VECTOR('',#4528,1.);
#4528 = DIRECTION('',(-0.,-0.,1.));
#4529 = ADVANCED_FACE('',(#4530),#4555,.F.);
#4530 = FACE_BOUND('',#4531,.F.);
#4531 = EDGE_LOOP('',(#4532,#4542,#4548,#4549));
#4532 = ORIENTED_EDGE('',*,*,#4533,.T.);
#4533 = EDGE_CURVE('',#4534,#4536,#4538,.T.);
#4534 = VERTEX_POINT('',#4535);
#4535 = CARTESIAN_POINT('',(-4.252855983086,3.031713649852,10.));
#4536 = VERTEX_POINT('',#4537);
#4537 = CARTESIAN_POINT('',(-4.252855983086,3.031713649852,9.6));
#4538 = LINE('',#4539,#4540);
#4539 = CARTESIAN_POINT('',(-4.252855983086,3.031713649852,10.));
#4540 = VECTOR('',#4541,1.);
#4541 = DIRECTION('',(0.,0.,-1.));
#4542 = ORIENTED_EDGE('',*,*,#4543,.T.);
#4543 = EDGE_CURVE('',#4536,#4503,#4544,.T.);
#4544 = B_SPLINE_CURVE_WITH_KNOTS('',2,(#4545,#4546,#4547),
  .UNSPECIFIED.,.F.,.F.,(3,3),(0.,1.),.PIECEWISE_BEZIER_KNOTS.);
#4545 = CARTESIAN_POINT('',(-4.252855983086,3.031713649852,9.6));
#4546 = CARTESIAN_POINT('',(-4.40059337181,3.308494065282,9.6));
#4547 = CARTESIAN_POINT('',(-4.40059337181,3.67796735905,9.6));
#4548 = ORIENTED_EDGE('',*,*,#4500,.F.);
#4549 = ORIENTED_EDGE('',*,*,#4550,.F.);
#4550 = EDGE_CURVE('',#4534,#4501,#4551,.T.);
#4551 = B_SPLINE_CURVE_WITH_KNOTS('',2,(#4552,#4553,#4554),
  .UNSPECIFIED.,.F.,.F.,(3,3),(0.,1.),.PIECEWISE_BEZIER_KNOTS.);
#4552 = CARTESIAN_POINT('',(-4.252855983086,3.031713649852,10.));
#4553 = CARTESIAN_POINT('',(-4.40059337181,3.308494065282,10.));
#4554 = CARTESIAN_POINT('',(-4.40059337181,3.67796735905,10.));
#4555 = SURFACE_OF_LINEAR_EXTRUSION('',#4556,#4560);
#4556 = B_SPLINE_CURVE_WITH_KNOTS('',2,(#4557,#4558,#4559),
  .UNSPECIFIED.,.F.,.F.,(3,3),(0.,1.),.PIECEWISE_BEZIER_KNOTS.);
#4557 = CARTESIAN_POINT('',(-4.252855983086,3.031713649852,10.));
#4558 = CARTESIAN_POINT('',(-4.40059337181,3.308494065282,10.));
#4559 = CARTESIAN_POINT('',(-4.40059337181,3.67796735905,10.));
#4560 = VECTOR('',#4561,1.);
#4561 = DIRECTION('',(-0.,-0.,1.));
#4562 = ADVANCED_FACE('',(#4563),#4588,.F.);
#4563 = FACE_BOUND('',#4564,.F.);
#4564 = EDGE_LOOP('',(#4565,#4575,#4581,#4582));
#4565 = ORIENTED_EDGE('',*,*,#4566,.T.);
#4566 = EDGE_CURVE('',#4567,#4569,#4571,.T.);
#4567 = VERTEX_POINT('',#4568);
#4568 = CARTESIAN_POINT('',(-3.825741739763,2.570326409496,10.));
#4569 = VERTEX_POINT('',#4570);
#4570 = CARTESIAN_POINT('',(-3.825741739763,2.570326409496,9.6));
#4571 = LINE('',#4572,#4573);
#4572 = CARTESIAN_POINT('',(-3.825741739763,2.570326409496,10.));
#4573 = VECTOR('',#4574,1.);
#4574 = DIRECTION('',(0.,0.,-1.));
#4575 = ORIENTED_EDGE('',*,*,#4576,.T.);
#4576 = EDGE_CURVE('',#4569,#4536,#4577,.T.);
#4577 = B_SPLINE_CURVE_WITH_KNOTS('',2,(#4578,#4579,#4580),
  .UNSPECIFIED.,.F.,.F.,(3,3),(0.,1.),.PIECEWISE_BEZIER_KNOTS.);
#4578 = CARTESIAN_POINT('',(-3.825741739763,2.570326409496,9.6));
#4579 = CARTESIAN_POINT('',(-4.105118594362,2.754933234421,9.6));
#4580 = CARTESIAN_POINT('',(-4.252855983086,3.031713649852,9.6));
#4581 = ORIENTED_EDGE('',*,*,#4533,.F.);
#4582 = ORIENTED_EDGE('',*,*,#4583,.F.);
#4583 = EDGE_CURVE('',#4567,#4534,#4584,.T.);
#4584 = B_SPLINE_CURVE_WITH_KNOTS('',2,(#4585,#4586,#4587),
  .UNSPECIFIED.,.F.,.F.,(3,3),(0.,1.),.PIECEWISE_BEZIER_KNOTS.);
#4585 = CARTESIAN_POINT('',(-3.825741739763,2.570326409496,10.));
#4586 = CARTESIAN_POINT('',(-4.105118594362,2.754933234421,10.));
#4587 = CARTESIAN_POINT('',(-4.252855983086,3.031713649852,10.));
#4588 = SURFACE_OF_LINEAR_EXTRUSION('',#4589,#4593);
#4589 = B_SPLINE_CURVE_WITH_KNOTS('',2,(#4590,#4591,#4592),
  .UNSPECIFIED.,.F.,.F.,(3,3),(0.,1.),.PIECEWISE_BEZIER_KNOTS.);
#4590 = CARTESIAN_POINT('',(-3.825741739763,2.570326409496,10.));
#4591 = CARTESIAN_POINT('',(-4.105118594362,2.754933234421,10.));
#4592 = CARTESIAN_POINT('',(-4.252855983086,3.031713649852,10.));
#4593 = VECTOR('',#4594,1.);
#4594 = DIRECTION('',(-0.,-0.,1.));
#4595 = ADVANCED_FACE('',(#4596),#4621,.F.);
#4596 = FACE_BOUND('',#4597,.F.);
#4597 = EDGE_LOOP('',(#4598,#4608,#4614,#4615));
#4598 = ORIENTED_EDGE('',*,*,#4599,.T.);
#4599 = EDGE_CURVE('',#4600,#4602,#4604,.T.);
#4600 = VERTEX_POINT('',#4601);
#4601 = CARTESIAN_POINT('',(-4.380600790208,2.050519287834,10.));
#4602 = VERTEX_POINT('',#4603);
#4603 = CARTESIAN_POINT('',(-4.380600790208,2.050519287834,9.6));
#4604 = LINE('',#4605,#4606);
#4605 = CARTESIAN_POINT('',(-4.380600790208,2.050519287834,10.));
#4606 = VECTOR('',#4607,1.);
#4607 = DIRECTION('',(0.,0.,-1.));
#4608 = ORIENTED_EDGE('',*,*,#4609,.T.);
#4609 = EDGE_CURVE('',#4602,#4569,#4610,.T.);
#4610 = B_SPLINE_CURVE_WITH_KNOTS('',2,(#4611,#4612,#4613),
  .UNSPECIFIED.,.F.,.F.,(3,3),(0.,1.),.PIECEWISE_BEZIER_KNOTS.);
#4611 = CARTESIAN_POINT('',(-4.380600790208,2.050519287834,9.6));
#4612 = CARTESIAN_POINT('',(-4.160942036499,2.386238872404,9.6));
#4613 = CARTESIAN_POINT('',(-3.825741739763,2.570326409496,9.6));
#4614 = ORIENTED_EDGE('',*,*,#4566,.F.);
#4615 = ORIENTED_EDGE('',*,*,#4616,.F.);
#4616 = EDGE_CURVE('',#4600,#4567,#4617,.T.);
#4617 = B_SPLINE_CURVE_WITH_KNOTS('',2,(#4618,#4619,#4620),
  .UNSPECIFIED.,.F.,.F.,(3,3),(0.,1.),.PIECEWISE_BEZIER_KNOTS.);
#4618 = CARTESIAN_POINT('',(-4.380600790208,2.050519287834,10.));
#4619 = CARTESIAN_POINT('',(-4.160942036499,2.386238872404,10.));
#4620 = CARTESIAN_POINT('',(-3.825741739763,2.570326409496,10.));
#4621 = SURFACE_OF_LINEAR_EXTRUSION('',#4622,#4626);
#4622 = B_SPLINE_CURVE_WITH_KNOTS('',2,(#4623,#4624,#4625),
  .UNSPECIFIED.,.F.,.F.,(3,3),(0.,1.),.PIECEWISE_BEZIER_KNOTS.);
#4623 = CARTESIAN_POINT('',(-4.380600790208,2.050519287834,10.));
#4624 = CARTESIAN_POINT('',(-4.160942036499,2.386238872404,10.));
#4625 = CARTESIAN_POINT('',(-3.825741739763,2.570326409496,10.));
#4626 = VECTOR('',#4627,1.);
#4627 = DIRECTION('',(-0.,-0.,1.));
#4628 = ADVANCED_FACE('',(#4629),#4654,.F.);
#4629 = FACE_BOUND('',#4630,.F.);
#4630 = EDGE_LOOP('',(#4631,#4641,#4647,#4648));
#4631 = ORIENTED_EDGE('',*,*,#4632,.T.);
#4632 = EDGE_CURVE('',#4633,#4635,#4637,.T.);
#4633 = VERTEX_POINT('',#4634);
#4634 = CARTESIAN_POINT('',(-4.5999999,1.275222551929,10.));
#4635 = VERTEX_POINT('',#4636);
#4636 = CARTESIAN_POINT('',(-4.5999999,1.275222551929,9.6));
#4637 = LINE('',#4638,#4639);
#4638 = CARTESIAN_POINT('',(-4.5999999,1.275222551929,10.));
#4639 = VECTOR('',#4640,1.);
#4640 = DIRECTION('',(0.,0.,-1.));
#4641 = ORIENTED_EDGE('',*,*,#4642,.T.);
#4642 = EDGE_CURVE('',#4635,#4602,#4643,.T.);
#4643 = B_SPLINE_CURVE_WITH_KNOTS('',2,(#4644,#4645,#4646),
  .UNSPECIFIED.,.F.,.F.,(3,3),(0.,1.),.PIECEWISE_BEZIER_KNOTS.);
#4644 = CARTESIAN_POINT('',(-4.5999999,1.275222551929,9.6));
#4645 = CARTESIAN_POINT('',(-4.5999999,1.715059347181,9.6));
#4646 = CARTESIAN_POINT('',(-4.380600790208,2.050519287834,9.6));
#4647 = ORIENTED_EDGE('',*,*,#4599,.F.);
#4648 = ORIENTED_EDGE('',*,*,#4649,.F.);
#4649 = EDGE_CURVE('',#4633,#4600,#4650,.T.);
#4650 = B_SPLINE_CURVE_WITH_KNOTS('',2,(#4651,#4652,#4653),
  .UNSPECIFIED.,.F.,.F.,(3,3),(0.,1.),.PIECEWISE_BEZIER_KNOTS.);
#4651 = CARTESIAN_POINT('',(-4.5999999,1.275222551929,10.));
#4652 = CARTESIAN_POINT('',(-4.5999999,1.715059347181,10.));
#4653 = CARTESIAN_POINT('',(-4.380600790208,2.050519287834,10.));
#4654 = SURFACE_OF_LINEAR_EXTRUSION('',#4655,#4659);
#4655 = B_SPLINE_CURVE_WITH_KNOTS('',2,(#4656,#4657,#4658),
  .UNSPECIFIED.,.F.,.F.,(3,3),(0.,1.),.PIECEWISE_BEZIER_KNOTS.);
#4656 = CARTESIAN_POINT('',(-4.5999999,1.275222551929,10.));
#4657 = CARTESIAN_POINT('',(-4.5999999,1.715059347181,10.));
#4658 = CARTESIAN_POINT('',(-4.380600790208,2.050519287834,10.));
#4659 = VECTOR('',#4660,1.);
#4660 = DIRECTION('',(-0.,-0.,1.));
#4661 = ADVANCED_FACE('',(#4662),#4687,.F.);
#4662 = FACE_BOUND('',#4663,.F.);
#4663 = EDGE_LOOP('',(#4664,#4674,#4680,#4681));
#4664 = ORIENTED_EDGE('',*,*,#4665,.T.);
#4665 = EDGE_CURVE('',#4666,#4668,#4670,.T.);
#4666 = VERTEX_POINT('',#4667);
#4667 = CARTESIAN_POINT('',(-4.456416813947,0.595994065282,10.));
#4668 = VERTEX_POINT('',#4669);
#4669 = CARTESIAN_POINT('',(-4.456416813947,0.595994065282,9.6));
#4670 = LINE('',#4671,#4672);
#4671 = CARTESIAN_POINT('',(-4.456416813947,0.595994065282,10.));
#4672 = VECTOR('',#4673,1.);
#4673 = DIRECTION('',(0.,0.,-1.));
#4674 = ORIENTED_EDGE('',*,*,#4675,.T.);
#4675 = EDGE_CURVE('',#4668,#4635,#4676,.T.);
#4676 = B_SPLINE_CURVE_WITH_KNOTS('',2,(#4677,#4678,#4679),
  .UNSPECIFIED.,.F.,.F.,(3,3),(0.,1.),.PIECEWISE_BEZIER_KNOTS.);
#4677 = CARTESIAN_POINT('',(-4.456416813947,0.595994065282,9.6));
#4678 = CARTESIAN_POINT('',(-4.5999999,0.91587537092,9.6));
#4679 = CARTESIAN_POINT('',(-4.5999999,1.275222551929,9.6));
#4680 = ORIENTED_EDGE('',*,*,#4632,.F.);
#4681 = ORIENTED_EDGE('',*,*,#4682,.F.);
#4682 = EDGE_CURVE('',#4666,#4633,#4683,.T.);
#4683 = B_SPLINE_CURVE_WITH_KNOTS('',2,(#4684,#4685,#4686),
  .UNSPECIFIED.,.F.,.F.,(3,3),(0.,1.),.PIECEWISE_BEZIER_KNOTS.);
#4684 = CARTESIAN_POINT('',(-4.456416813947,0.595994065282,10.));
#4685 = CARTESIAN_POINT('',(-4.5999999,0.91587537092,10.));
#4686 = CARTESIAN_POINT('',(-4.5999999,1.275222551929,10.));
#4687 = SURFACE_OF_LINEAR_EXTRUSION('',#4688,#4692);
#4688 = B_SPLINE_CURVE_WITH_KNOTS('',2,(#4689,#4690,#4691),
  .UNSPECIFIED.,.F.,.F.,(3,3),(0.,1.),.PIECEWISE_BEZIER_KNOTS.);
#4689 = CARTESIAN_POINT('',(-4.456416813947,0.595994065282,10.));
#4690 = CARTESIAN_POINT('',(-4.5999999,0.91587537092,10.));
#4691 = CARTESIAN_POINT('',(-4.5999999,1.275222551929,10.));
#4692 = VECTOR('',#4693,1.);
#4693 = DIRECTION('',(-0.,-0.,1.));
#4694 = ADVANCED_FACE('',(#4695),#4720,.F.);
#4695 = FACE_BOUND('',#4696,.F.);
#4696 = EDGE_LOOP('',(#4697,#4707,#4713,#4714));
#4697 = ORIENTED_EDGE('',*,*,#4698,.T.);
#4698 = EDGE_CURVE('',#4699,#4701,#4703,.T.);
#4699 = VERTEX_POINT('',#4700);
#4700 = CARTESIAN_POINT('',(-4.025148267953,3.646142433234E-02,10.));
#4701 = VERTEX_POINT('',#4702);
#4702 = CARTESIAN_POINT('',(-4.025148267953,3.646142433234E-02,9.6));
#4703 = LINE('',#4704,#4705);
#4704 = CARTESIAN_POINT('',(-4.025148267953,3.646142433234E-02,10.));
#4705 = VECTOR('',#4706,1.);
#4706 = DIRECTION('',(0.,0.,-1.));
#4707 = ORIENTED_EDGE('',*,*,#4708,.T.);
#4708 = EDGE_CURVE('',#4701,#4668,#4709,.T.);
#4709 = B_SPLINE_CURVE_WITH_KNOTS('',2,(#4710,#4711,#4712),
  .UNSPECIFIED.,.F.,.F.,(3,3),(0.,1.),.PIECEWISE_BEZIER_KNOTS.);
#4710 = CARTESIAN_POINT('',(-4.025148267953,3.646142433234E-02,9.6));
#4711 = CARTESIAN_POINT('',(-4.312574083976,0.276112759644,9.6));
#4712 = CARTESIAN_POINT('',(-4.456416813947,0.595994065282,9.6));
#4713 = ORIENTED_EDGE('',*,*,#4665,.F.);
#4714 = ORIENTED_EDGE('',*,*,#4715,.F.);
#4715 = EDGE_CURVE('',#4699,#4666,#4716,.T.);
#4716 = B_SPLINE_CURVE_WITH_KNOTS('',2,(#4717,#4718,#4719),
  .UNSPECIFIED.,.F.,.F.,(3,3),(0.,1.),.PIECEWISE_BEZIER_KNOTS.);
#4717 = CARTESIAN_POINT('',(-4.025148267953,3.646142433234E-02,10.));
#4718 = CARTESIAN_POINT('',(-4.312574083976,0.276112759644,10.));
#4719 = CARTESIAN_POINT('',(-4.456416813947,0.595994065282,10.));
#4720 = SURFACE_OF_LINEAR_EXTRUSION('',#4721,#4725);
#4721 = B_SPLINE_CURVE_WITH_KNOTS('',2,(#4722,#4723,#4724),
  .UNSPECIFIED.,.F.,.F.,(3,3),(0.,1.),.PIECEWISE_BEZIER_KNOTS.);
#4722 = CARTESIAN_POINT('',(-4.025148267953,3.646142433234E-02,10.));
#4723 = CARTESIAN_POINT('',(-4.312574083976,0.276112759644,10.));
#4724 = CARTESIAN_POINT('',(-4.456416813947,0.595994065282,10.));
#4725 = VECTOR('',#4726,1.);
#4726 = DIRECTION('',(-0.,-0.,1.));
#4727 = ADVANCED_FACE('',(#4728),#4744,.F.);
#4728 = FACE_BOUND('',#4729,.F.);
#4729 = EDGE_LOOP('',(#4730,#4731,#4737,#4738));
#4730 = ORIENTED_EDGE('',*,*,#4080,.T.);
#4731 = ORIENTED_EDGE('',*,*,#4732,.T.);
#4732 = EDGE_CURVE('',#4073,#4701,#4733,.T.);
#4733 = B_SPLINE_CURVE_WITH_KNOTS('',2,(#4734,#4735,#4736),
  .UNSPECIFIED.,.F.,.F.,(3,3),(0.,1.),.PIECEWISE_BEZIER_KNOTS.);
#4734 = CARTESIAN_POINT('',(-3.294769929674,-0.343137982196,9.6));
#4735 = CARTESIAN_POINT('',(-3.737722451929,-0.203189910979,9.6));
#4736 = CARTESIAN_POINT('',(-4.025148267953,3.646142433234E-02,9.6));
#4737 = ORIENTED_EDGE('',*,*,#4698,.F.);
#4738 = ORIENTED_EDGE('',*,*,#4739,.F.);
#4739 = EDGE_CURVE('',#4081,#4699,#4740,.T.);
#4740 = B_SPLINE_CURVE_WITH_KNOTS('',2,(#4741,#4742,#4743),
  .UNSPECIFIED.,.F.,.F.,(3,3),(0.,1.),.PIECEWISE_BEZIER_KNOTS.);
#4741 = CARTESIAN_POINT('',(-3.294769929674,-0.343137982196,10.));
#4742 = CARTESIAN_POINT('',(-3.737722451929,-0.203189910979,10.));
#4743 = CARTESIAN_POINT('',(-4.025148267953,3.646142433234E-02,10.));
#4744 = SURFACE_OF_LINEAR_EXTRUSION('',#4745,#4749);
#4745 = B_SPLINE_CURVE_WITH_KNOTS('',2,(#4746,#4747,#4748),
  .UNSPECIFIED.,.F.,.F.,(3,3),(0.,1.),.PIECEWISE_BEZIER_KNOTS.);
#4746 = CARTESIAN_POINT('',(-3.294769929674,-0.343137982196,10.));
#4747 = CARTESIAN_POINT('',(-3.737722451929,-0.203189910979,10.));
#4748 = CARTESIAN_POINT('',(-4.025148267953,3.646142433234E-02,10.));
#4749 = VECTOR('',#4750,1.);
#4750 = DIRECTION('',(-0.,-0.,1.));
#4751 = ADVANCED_FACE('',(#4752),#4786,.F.);
#4752 = FACE_BOUND('',#4753,.F.);
#4753 = EDGE_LOOP('',(#4754,#4764,#4772,#4780));
#4754 = ORIENTED_EDGE('',*,*,#4755,.T.);
#4755 = EDGE_CURVE('',#4756,#4758,#4760,.T.);
#4756 = VERTEX_POINT('',#4757);
#4757 = CARTESIAN_POINT('',(-2.261387140356,0.547181008902,10.));
#4758 = VERTEX_POINT('',#4759);
#4759 = CARTESIAN_POINT('',(-2.261387140356,0.547181008902,9.6));
#4760 = LINE('',#4761,#4762);
#4761 = CARTESIAN_POINT('',(-2.261387140356,0.547181008902,10.));
#4762 = VECTOR('',#4763,1.);
#4763 = DIRECTION('',(0.,0.,-1.));
#4764 = ORIENTED_EDGE('',*,*,#4765,.T.);
#4765 = EDGE_CURVE('',#4758,#4766,#4768,.T.);
#4766 = VERTEX_POINT('',#4767);
#4767 = CARTESIAN_POINT('',(-1.802596339169,0.634421364985,9.6));
#4768 = B_SPLINE_CURVE_WITH_KNOTS('',2,(#4769,#4770,#4771),
  .UNSPECIFIED.,.F.,.F.,(3,3),(0.,1.),.PIECEWISE_BEZIER_KNOTS.);
#4769 = CARTESIAN_POINT('',(-2.261387140356,0.547181008902,9.6));
#4770 = CARTESIAN_POINT('',(-2.00615717003,0.547181008902,9.6));
#4771 = CARTESIAN_POINT('',(-1.802596339169,0.634421364985,9.6));
#4772 = ORIENTED_EDGE('',*,*,#4773,.F.);
#4773 = EDGE_CURVE('',#4774,#4766,#4776,.T.);
#4774 = VERTEX_POINT('',#4775);
#4775 = CARTESIAN_POINT('',(-1.802596339169,0.634421364985,10.));
#4776 = LINE('',#4777,#4778);
#4777 = CARTESIAN_POINT('',(-1.802596339169,0.634421364985,10.));
#4778 = VECTOR('',#4779,1.);
#4779 = DIRECTION('',(0.,0.,-1.));
#4780 = ORIENTED_EDGE('',*,*,#4781,.F.);
#4781 = EDGE_CURVE('',#4756,#4774,#4782,.T.);
#4782 = B_SPLINE_CURVE_WITH_KNOTS('',2,(#4783,#4784,#4785),
  .UNSPECIFIED.,.F.,.F.,(3,3),(0.,1.),.PIECEWISE_BEZIER_KNOTS.);
#4783 = CARTESIAN_POINT('',(-2.261387140356,0.547181008902,10.));
#4784 = CARTESIAN_POINT('',(-2.00615717003,0.547181008902,10.));
#4785 = CARTESIAN_POINT('',(-1.802596339169,0.634421364985,10.));
#4786 = SURFACE_OF_LINEAR_EXTRUSION('',#4787,#4791);
#4787 = B_SPLINE_CURVE_WITH_KNOTS('',2,(#4788,#4789,#4790),
  .UNSPECIFIED.,.F.,.F.,(3,3),(0.,1.),.PIECEWISE_BEZIER_KNOTS.);
#4788 = CARTESIAN_POINT('',(-2.261387140356,0.547181008902,10.));
#4789 = CARTESIAN_POINT('',(-2.00615717003,0.547181008902,10.));
#4790 = CARTESIAN_POINT('',(-1.802596339169,0.634421364985,10.));
#4791 = VECTOR('',#4792,1.);
#4792 = DIRECTION('',(-0.,-0.,1.));
#4793 = ADVANCED_FACE('',(#4794),#4819,.F.);
#4794 = FACE_BOUND('',#4795,.F.);
#4795 = EDGE_LOOP('',(#4796,#4806,#4812,#4813));
#4796 = ORIENTED_EDGE('',*,*,#4797,.T.);
#4797 = EDGE_CURVE('',#4798,#4800,#4802,.T.);
#4798 = VERTEX_POINT('',#4799);
#4799 = CARTESIAN_POINT('',(-2.724072600297,0.634421364985,10.));
#4800 = VERTEX_POINT('',#4801);
#4801 = CARTESIAN_POINT('',(-2.724072600297,0.634421364985,9.6));
#4802 = LINE('',#4803,#4804);
#4803 = CARTESIAN_POINT('',(-2.724072600297,0.634421364985,10.));
#4804 = VECTOR('',#4805,1.);
#4805 = DIRECTION('',(0.,0.,-1.));
#4806 = ORIENTED_EDGE('',*,*,#4807,.T.);
#4807 = EDGE_CURVE('',#4800,#4758,#4808,.T.);
#4808 = B_SPLINE_CURVE_WITH_KNOTS('',2,(#4809,#4810,#4811),
  .UNSPECIFIED.,.F.,.F.,(3,3),(0.,1.),.PIECEWISE_BEZIER_KNOTS.);
#4809 = CARTESIAN_POINT('',(-2.724072600297,0.634421364985,9.6));
#4810 = CARTESIAN_POINT('',(-2.516617110682,0.547181008902,9.6));
#4811 = CARTESIAN_POINT('',(-2.261387140356,0.547181008902,9.6));
#4812 = ORIENTED_EDGE('',*,*,#4755,.F.);
#4813 = ORIENTED_EDGE('',*,*,#4814,.F.);
#4814 = EDGE_CURVE('',#4798,#4756,#4815,.T.);
#4815 = B_SPLINE_CURVE_WITH_KNOTS('',2,(#4816,#4817,#4818),
  .UNSPECIFIED.,.F.,.F.,(3,3),(0.,1.),.PIECEWISE_BEZIER_KNOTS.);
#4816 = CARTESIAN_POINT('',(-2.724072600297,0.634421364985,10.));
#4817 = CARTESIAN_POINT('',(-2.516617110682,0.547181008902,10.));
#4818 = CARTESIAN_POINT('',(-2.261387140356,0.547181008902,10.));
#4819 = SURFACE_OF_LINEAR_EXTRUSION('',#4820,#4824);
#4820 = B_SPLINE_CURVE_WITH_KNOTS('',2,(#4821,#4822,#4823),
  .UNSPECIFIED.,.F.,.F.,(3,3),(0.,1.),.PIECEWISE_BEZIER_KNOTS.);
#4821 = CARTESIAN_POINT('',(-2.724072600297,0.634421364985,10.));
#4822 = CARTESIAN_POINT('',(-2.516617110682,0.547181008902,10.));
#4823 = CARTESIAN_POINT('',(-2.261387140356,0.547181008902,10.));
#4824 = VECTOR('',#4825,1.);
#4825 = DIRECTION('',(-0.,-0.,1.));
#4826 = ADVANCED_FACE('',(#4827),#4852,.F.);
#4827 = FACE_BOUND('',#4828,.F.);
#4828 = EDGE_LOOP('',(#4829,#4839,#4845,#4846));
#4829 = ORIENTED_EDGE('',*,*,#4830,.T.);
#4830 = EDGE_CURVE('',#4831,#4833,#4835,.T.);
#4831 = VERTEX_POINT('',#4832);
#4832 = CARTESIAN_POINT('',(-3.051223935608,0.883939169139,10.));
#4833 = VERTEX_POINT('',#4834);
#4834 = CARTESIAN_POINT('',(-3.051223935608,0.883939169139,9.6));
#4835 = LINE('',#4836,#4837);
#4836 = CARTESIAN_POINT('',(-3.051223935608,0.883939169139,10.));
#4837 = VECTOR('',#4838,1.);
#4838 = DIRECTION('',(0.,0.,-1.));
#4839 = ORIENTED_EDGE('',*,*,#4840,.T.);
#4840 = EDGE_CURVE('',#4833,#4800,#4841,.T.);
#4841 = B_SPLINE_CURVE_WITH_KNOTS('',2,(#4842,#4843,#4844),
  .UNSPECIFIED.,.F.,.F.,(3,3),(0.,1.),.PIECEWISE_BEZIER_KNOTS.);
#4842 = CARTESIAN_POINT('',(-3.051223935608,0.883939169139,9.6));
#4843 = CARTESIAN_POINT('',(-2.931528089911,0.721661721068,9.6));
#4844 = CARTESIAN_POINT('',(-2.724072600297,0.634421364985,9.6));
#4845 = ORIENTED_EDGE('',*,*,#4797,.F.);
#4846 = ORIENTED_EDGE('',*,*,#4847,.F.);
#4847 = EDGE_CURVE('',#4831,#4798,#4848,.T.);
#4848 = B_SPLINE_CURVE_WITH_KNOTS('',2,(#4849,#4850,#4851),
  .UNSPECIFIED.,.F.,.F.,(3,3),(0.,1.),.PIECEWISE_BEZIER_KNOTS.);
#4849 = CARTESIAN_POINT('',(-3.051223935608,0.883939169139,10.));
#4850 = CARTESIAN_POINT('',(-2.931528089911,0.721661721068,10.));
#4851 = CARTESIAN_POINT('',(-2.724072600297,0.634421364985,10.));
#4852 = SURFACE_OF_LINEAR_EXTRUSION('',#4853,#4857);
#4853 = B_SPLINE_CURVE_WITH_KNOTS('',2,(#4854,#4855,#4856),
  .UNSPECIFIED.,.F.,.F.,(3,3),(0.,1.),.PIECEWISE_BEZIER_KNOTS.);
#4854 = CARTESIAN_POINT('',(-3.051223935608,0.883939169139,10.));
#4855 = CARTESIAN_POINT('',(-2.931528089911,0.721661721068,10.));
#4856 = CARTESIAN_POINT('',(-2.724072600297,0.634421364985,10.));
#4857 = VECTOR('',#4858,1.);
#4858 = DIRECTION('',(-0.,-0.,1.));
#4859 = ADVANCED_FACE('',(#4860),#4885,.F.);
#4860 = FACE_BOUND('',#4861,.F.);
#4861 = EDGE_LOOP('',(#4862,#4872,#4878,#4879));
#4862 = ORIENTED_EDGE('',*,*,#4863,.T.);
#4863 = EDGE_CURVE('',#4864,#4866,#4868,.T.);
#4864 = VERTEX_POINT('',#4865);
#4865 = CARTESIAN_POINT('',(-3.170919781306,1.276520771513,10.));
#4866 = VERTEX_POINT('',#4867);
#4867 = CARTESIAN_POINT('',(-3.170919781306,1.276520771513,9.6));
#4868 = LINE('',#4869,#4870);
#4869 = CARTESIAN_POINT('',(-3.170919781306,1.276520771513,10.));
#4870 = VECTOR('',#4871,1.);
#4871 = DIRECTION('',(0.,0.,-1.));
#4872 = ORIENTED_EDGE('',*,*,#4873,.T.);
#4873 = EDGE_CURVE('',#4866,#4833,#4874,.T.);
#4874 = B_SPLINE_CURVE_WITH_KNOTS('',2,(#4875,#4876,#4877),
  .UNSPECIFIED.,.F.,.F.,(3,3),(0.,1.),.PIECEWISE_BEZIER_KNOTS.);
#4875 = CARTESIAN_POINT('',(-3.170919781306,1.276520771513,9.6));
#4876 = CARTESIAN_POINT('',(-3.170919781306,1.046476261128,9.6));
#4877 = CARTESIAN_POINT('',(-3.051223935608,0.883939169139,9.6));
#4878 = ORIENTED_EDGE('',*,*,#4830,.F.);
#4879 = ORIENTED_EDGE('',*,*,#4880,.F.);
#4880 = EDGE_CURVE('',#4864,#4831,#4881,.T.);
#4881 = B_SPLINE_CURVE_WITH_KNOTS('',2,(#4882,#4883,#4884),
  .UNSPECIFIED.,.F.,.F.,(3,3),(0.,1.),.PIECEWISE_BEZIER_KNOTS.);
#4882 = CARTESIAN_POINT('',(-3.170919781306,1.276520771513,10.));
#4883 = CARTESIAN_POINT('',(-3.170919781306,1.046476261128,10.));
#4884 = CARTESIAN_POINT('',(-3.051223935608,0.883939169139,10.));
#4885 = SURFACE_OF_LINEAR_EXTRUSION('',#4886,#4890);
#4886 = B_SPLINE_CURVE_WITH_KNOTS('',2,(#4887,#4888,#4889),
  .UNSPECIFIED.,.F.,.F.,(3,3),(0.,1.),.PIECEWISE_BEZIER_KNOTS.);
#4887 = CARTESIAN_POINT('',(-3.170919781306,1.276520771513,10.));
#4888 = CARTESIAN_POINT('',(-3.170919781306,1.046476261128,10.));
#4889 = CARTESIAN_POINT('',(-3.051223935608,0.883939169139,10.));
#4890 = VECTOR('',#4891,1.);
#4891 = DIRECTION('',(-0.,-0.,1.));
#4892 = ADVANCED_FACE('',(#4893),#4918,.F.);
#4893 = FACE_BOUND('',#4894,.F.);
#4894 = EDGE_LOOP('',(#4895,#4905,#4911,#4912));
#4895 = ORIENTED_EDGE('',*,*,#4896,.T.);
#4896 = EDGE_CURVE('',#4897,#4899,#4901,.T.);
#4897 = VERTEX_POINT('',#4898);
#4898 = CARTESIAN_POINT('',(-3.051223935608,1.664948071217,10.));
#4899 = VERTEX_POINT('',#4900);
#4900 = CARTESIAN_POINT('',(-3.051223935608,1.664948071217,9.6));
#4901 = LINE('',#4902,#4903);
#4902 = CARTESIAN_POINT('',(-3.051223935608,1.664948071217,10.));
#4903 = VECTOR('',#4904,1.);
#4904 = DIRECTION('',(0.,0.,-1.));
#4905 = ORIENTED_EDGE('',*,*,#4906,.T.);
#4906 = EDGE_CURVE('',#4899,#4866,#4907,.T.);
#4907 = B_SPLINE_CURVE_WITH_KNOTS('',2,(#4908,#4909,#4910),
  .UNSPECIFIED.,.F.,.F.,(3,3),(0.,1.),.PIECEWISE_BEZIER_KNOTS.);
#4908 = CARTESIAN_POINT('',(-3.051223935608,1.664948071217,9.6));
#4909 = CARTESIAN_POINT('',(-3.170919781306,1.506305637982,9.6));
#4910 = CARTESIAN_POINT('',(-3.170919781306,1.276520771513,9.6));
#4911 = ORIENTED_EDGE('',*,*,#4863,.F.);
#4912 = ORIENTED_EDGE('',*,*,#4913,.F.);
#4913 = EDGE_CURVE('',#4897,#4864,#4914,.T.);
#4914 = B_SPLINE_CURVE_WITH_KNOTS('',2,(#4915,#4916,#4917),
  .UNSPECIFIED.,.F.,.F.,(3,3),(0.,1.),.PIECEWISE_BEZIER_KNOTS.);
#4915 = CARTESIAN_POINT('',(-3.051223935608,1.664948071217,10.));
#4916 = CARTESIAN_POINT('',(-3.170919781306,1.506305637982,10.));
#4917 = CARTESIAN_POINT('',(-3.170919781306,1.276520771513,10.));
#4918 = SURFACE_OF_LINEAR_EXTRUSION('',#4919,#4923);
#4919 = B_SPLINE_CURVE_WITH_KNOTS('',2,(#4920,#4921,#4922),
  .UNSPECIFIED.,.F.,.F.,(3,3),(0.,1.),.PIECEWISE_BEZIER_KNOTS.);
#4920 = CARTESIAN_POINT('',(-3.051223935608,1.664948071217,10.));
#4921 = CARTESIAN_POINT('',(-3.170919781306,1.506305637982,10.));
#4922 = CARTESIAN_POINT('',(-3.170919781306,1.276520771513,10.));
#4923 = VECTOR('',#4924,1.);
#4924 = DIRECTION('',(-0.,-0.,1.));
#4925 = ADVANCED_FACE('',(#4926),#4951,.F.);
#4926 = FACE_BOUND('',#4927,.F.);
#4927 = EDGE_LOOP('',(#4928,#4938,#4944,#4945));
#4928 = ORIENTED_EDGE('',*,*,#4929,.T.);
#4929 = EDGE_CURVE('',#4930,#4932,#4934,.T.);
#4930 = VERTEX_POINT('',#4931);
#4931 = CARTESIAN_POINT('',(-2.724072600297,1.910571216617,10.));
#4932 = VERTEX_POINT('',#4933);
#4933 = CARTESIAN_POINT('',(-2.724072600297,1.910571216617,9.6));
#4934 = LINE('',#4935,#4936);
#4935 = CARTESIAN_POINT('',(-2.724072600297,1.910571216617,10.));
#4936 = VECTOR('',#4937,1.);
#4937 = DIRECTION('',(0.,0.,-1.));
#4938 = ORIENTED_EDGE('',*,*,#4939,.T.);
#4939 = EDGE_CURVE('',#4932,#4899,#4940,.T.);
#4940 = B_SPLINE_CURVE_WITH_KNOTS('',2,(#4941,#4942,#4943),
  .UNSPECIFIED.,.F.,.F.,(3,3),(0.,1.),.PIECEWISE_BEZIER_KNOTS.);
#4941 = CARTESIAN_POINT('',(-2.724072600297,1.910571216617,9.6));
#4942 = CARTESIAN_POINT('',(-2.931528089911,1.823590504451,9.6));
#4943 = CARTESIAN_POINT('',(-3.051223935608,1.664948071217,9.6));
#4944 = ORIENTED_EDGE('',*,*,#4896,.F.);
#4945 = ORIENTED_EDGE('',*,*,#4946,.F.);
#4946 = EDGE_CURVE('',#4930,#4897,#4947,.T.);
#4947 = B_SPLINE_CURVE_WITH_KNOTS('',2,(#4948,#4949,#4950),
  .UNSPECIFIED.,.F.,.F.,(3,3),(0.,1.),.PIECEWISE_BEZIER_KNOTS.);
#4948 = CARTESIAN_POINT('',(-2.724072600297,1.910571216617,10.));
#4949 = CARTESIAN_POINT('',(-2.931528089911,1.823590504451,10.));
#4950 = CARTESIAN_POINT('',(-3.051223935608,1.664948071217,10.));
#4951 = SURFACE_OF_LINEAR_EXTRUSION('',#4952,#4956);
#4952 = B_SPLINE_CURVE_WITH_KNOTS('',2,(#4953,#4954,#4955),
  .UNSPECIFIED.,.F.,.F.,(3,3),(0.,1.),.PIECEWISE_BEZIER_KNOTS.);
#4953 = CARTESIAN_POINT('',(-2.724072600297,1.910571216617,10.));
#4954 = CARTESIAN_POINT('',(-2.931528089911,1.823590504451,10.));
#4955 = CARTESIAN_POINT('',(-3.051223935608,1.664948071217,10.));
#4956 = VECTOR('',#4957,1.);
#4957 = DIRECTION('',(-0.,-0.,1.));
#4958 = ADVANCED_FACE('',(#4959),#4984,.F.);
#4959 = FACE_BOUND('',#4960,.F.);
#4960 = EDGE_LOOP('',(#4961,#4971,#4977,#4978));
#4961 = ORIENTED_EDGE('',*,*,#4962,.T.);
#4962 = EDGE_CURVE('',#4963,#4965,#4967,.T.);
#4963 = VERTEX_POINT('',#4964);
#4964 = CARTESIAN_POINT('',(-2.261387140356,1.9978115727,10.));
#4965 = VERTEX_POINT('',#4966);
#4966 = CARTESIAN_POINT('',(-2.261387140356,1.9978115727,9.6));
#4967 = LINE('',#4968,#4969);
#4968 = CARTESIAN_POINT('',(-2.261387140356,1.9978115727,10.));
#4969 = VECTOR('',#4970,1.);
#4970 = DIRECTION('',(0.,0.,-1.));
#4971 = ORIENTED_EDGE('',*,*,#4972,.T.);
#4972 = EDGE_CURVE('',#4965,#4932,#4973,.T.);
#4973 = B_SPLINE_CURVE_WITH_KNOTS('',2,(#4974,#4975,#4976),
  .UNSPECIFIED.,.F.,.F.,(3,3),(0.,1.),.PIECEWISE_BEZIER_KNOTS.);
#4974 = CARTESIAN_POINT('',(-2.261387140356,1.9978115727,9.6));
#4975 = CARTESIAN_POINT('',(-2.516617110682,1.9978115727,9.6));
#4976 = CARTESIAN_POINT('',(-2.724072600297,1.910571216617,9.6));
#4977 = ORIENTED_EDGE('',*,*,#4929,.F.);
#4978 = ORIENTED_EDGE('',*,*,#4979,.F.);
#4979 = EDGE_CURVE('',#4963,#4930,#4980,.T.);
#4980 = B_SPLINE_CURVE_WITH_KNOTS('',2,(#4981,#4982,#4983),
  .UNSPECIFIED.,.F.,.F.,(3,3),(0.,1.),.PIECEWISE_BEZIER_KNOTS.);
#4981 = CARTESIAN_POINT('',(-2.261387140356,1.9978115727,10.));
#4982 = CARTESIAN_POINT('',(-2.516617110682,1.9978115727,10.));
#4983 = CARTESIAN_POINT('',(-2.724072600297,1.910571216617,10.));
#4984 = SURFACE_OF_LINEAR_EXTRUSION('',#4985,#4989);
#4985 = B_SPLINE_CURVE_WITH_KNOTS('',2,(#4986,#4987,#4988),
  .UNSPECIFIED.,.F.,.F.,(3,3),(0.,1.),.PIECEWISE_BEZIER_KNOTS.);
#4986 = CARTESIAN_POINT('',(-2.261387140356,1.9978115727,10.));
#4987 = CARTESIAN_POINT('',(-2.516617110682,1.9978115727,10.));
#4988 = CARTESIAN_POINT('',(-2.724072600297,1.910571216617,10.));
#4989 = VECTOR('',#4990,1.);
#4990 = DIRECTION('',(-0.,-0.,1.));
#4991 = ADVANCED_FACE('',(#4992),#5017,.F.);
#4992 = FACE_BOUND('',#4993,.F.);
#4993 = EDGE_LOOP('',(#4994,#5004,#5010,#5011));
#4994 = ORIENTED_EDGE('',*,*,#4995,.T.);
#4995 = EDGE_CURVE('',#4996,#4998,#5000,.T.);
#4996 = VERTEX_POINT('',#4997);
#4997 = CARTESIAN_POINT('',(-1.802596339169,1.910571216617,10.));
#4998 = VERTEX_POINT('',#4999);
#4999 = CARTESIAN_POINT('',(-1.802596339169,1.910571216617,9.6));
#5000 = LINE('',#5001,#5002);
#5001 = CARTESIAN_POINT('',(-1.802596339169,1.910571216617,10.));
#5002 = VECTOR('',#5003,1.);
#5003 = DIRECTION('',(0.,0.,-1.));
#5004 = ORIENTED_EDGE('',*,*,#5005,.T.);
#5005 = EDGE_CURVE('',#4998,#4965,#5006,.T.);
#5006 = B_SPLINE_CURVE_WITH_KNOTS('',2,(#5007,#5008,#5009),
  .UNSPECIFIED.,.F.,.F.,(3,3),(0.,1.),.PIECEWISE_BEZIER_KNOTS.);
#5007 = CARTESIAN_POINT('',(-1.802596339169,1.910571216617,9.6));
#5008 = CARTESIAN_POINT('',(-2.00615717003,1.9978115727,9.6));
#5009 = CARTESIAN_POINT('',(-2.261387140356,1.9978115727,9.6));
#5010 = ORIENTED_EDGE('',*,*,#4962,.F.);
#5011 = ORIENTED_EDGE('',*,*,#5012,.F.);
#5012 = EDGE_CURVE('',#4996,#4963,#5013,.T.);
#5013 = B_SPLINE_CURVE_WITH_KNOTS('',2,(#5014,#5015,#5016),
  .UNSPECIFIED.,.F.,.F.,(3,3),(0.,1.),.PIECEWISE_BEZIER_KNOTS.);
#5014 = CARTESIAN_POINT('',(-1.802596339169,1.910571216617,10.));
#5015 = CARTESIAN_POINT('',(-2.00615717003,1.9978115727,10.));
#5016 = CARTESIAN_POINT('',(-2.261387140356,1.9978115727,10.));
#5017 = SURFACE_OF_LINEAR_EXTRUSION('',#5018,#5022);
#5018 = B_SPLINE_CURVE_WITH_KNOTS('',2,(#5019,#5020,#5021),
  .UNSPECIFIED.,.F.,.F.,(3,3),(0.,1.),.PIECEWISE_BEZIER_KNOTS.);
#5019 = CARTESIAN_POINT('',(-1.802596339169,1.910571216617,10.));
#5020 = CARTESIAN_POINT('',(-2.00615717003,1.9978115727,10.));
#5021 = CARTESIAN_POINT('',(-2.261387140356,1.9978115727,10.));
#5022 = VECTOR('',#5023,1.);
#5023 = DIRECTION('',(-0.,-0.,1.));
#5024 = ADVANCED_FACE('',(#5025),#5050,.F.);
#5025 = FACE_BOUND('',#5026,.F.);
#5026 = EDGE_LOOP('',(#5027,#5037,#5043,#5044));
#5027 = ORIENTED_EDGE('',*,*,#5028,.T.);
#5028 = EDGE_CURVE('',#5029,#5031,#5033,.T.);
#5029 = VERTEX_POINT('',#5030);
#5030 = CARTESIAN_POINT('',(-1.479339662611,1.664948071217,10.));
#5031 = VERTEX_POINT('',#5032);
#5032 = CARTESIAN_POINT('',(-1.479339662611,1.664948071217,9.6));
#5033 = LINE('',#5034,#5035);
#5034 = CARTESIAN_POINT('',(-1.479339662611,1.664948071217,10.));
#5035 = VECTOR('',#5036,1.);
#5036 = DIRECTION('',(0.,0.,-1.));
#5037 = ORIENTED_EDGE('',*,*,#5038,.T.);
#5038 = EDGE_CURVE('',#5031,#4998,#5039,.T.);
#5039 = B_SPLINE_CURVE_WITH_KNOTS('',2,(#5040,#5041,#5042),
  .UNSPECIFIED.,.F.,.F.,(3,3),(0.,1.),.PIECEWISE_BEZIER_KNOTS.);
#5040 = CARTESIAN_POINT('',(-1.479339662611,1.664948071217,9.6));
#5041 = CARTESIAN_POINT('',(-1.599035508309,1.823590504451,9.6));
#5042 = CARTESIAN_POINT('',(-1.802596339169,1.910571216617,9.6));
#5043 = ORIENTED_EDGE('',*,*,#4995,.F.);
#5044 = ORIENTED_EDGE('',*,*,#5045,.F.);
#5045 = EDGE_CURVE('',#5029,#4996,#5046,.T.);
#5046 = B_SPLINE_CURVE_WITH_KNOTS('',2,(#5047,#5048,#5049),
  .UNSPECIFIED.,.F.,.F.,(3,3),(0.,1.),.PIECEWISE_BEZIER_KNOTS.);
#5047 = CARTESIAN_POINT('',(-1.479339662611,1.664948071217,10.));
#5048 = CARTESIAN_POINT('',(-1.599035508309,1.823590504451,10.));
#5049 = CARTESIAN_POINT('',(-1.802596339169,1.910571216617,10.));
#5050 = SURFACE_OF_LINEAR_EXTRUSION('',#5051,#5055);
#5051 = B_SPLINE_CURVE_WITH_KNOTS('',2,(#5052,#5053,#5054),
  .UNSPECIFIED.,.F.,.F.,(3,3),(0.,1.),.PIECEWISE_BEZIER_KNOTS.);
#5052 = CARTESIAN_POINT('',(-1.479339662611,1.664948071217,10.));
#5053 = CARTESIAN_POINT('',(-1.599035508309,1.823590504451,10.));
#5054 = CARTESIAN_POINT('',(-1.802596339169,1.910571216617,10.));
#5055 = VECTOR('',#5056,1.);
#5056 = DIRECTION('',(-0.,-0.,1.));
#5057 = ADVANCED_FACE('',(#5058),#5083,.F.);
#5058 = FACE_BOUND('',#5059,.F.);
#5059 = EDGE_LOOP('',(#5060,#5070,#5076,#5077));
#5060 = ORIENTED_EDGE('',*,*,#5061,.T.);
#5061 = EDGE_CURVE('',#5062,#5064,#5066,.T.);
#5062 = VERTEX_POINT('',#5063);
#5063 = CARTESIAN_POINT('',(-1.359643816914,1.276520771513,10.));
#5064 = VERTEX_POINT('',#5065);
#5065 = CARTESIAN_POINT('',(-1.359643816914,1.276520771513,9.6));
#5066 = LINE('',#5067,#5068);
#5067 = CARTESIAN_POINT('',(-1.359643816914,1.276520771513,10.));
#5068 = VECTOR('',#5069,1.);
#5069 = DIRECTION('',(0.,0.,-1.));
#5070 = ORIENTED_EDGE('',*,*,#5071,.T.);
#5071 = EDGE_CURVE('',#5064,#5031,#5072,.T.);
#5072 = B_SPLINE_CURVE_WITH_KNOTS('',2,(#5073,#5074,#5075),
  .UNSPECIFIED.,.F.,.F.,(3,3),(0.,1.),.PIECEWISE_BEZIER_KNOTS.);
#5073 = CARTESIAN_POINT('',(-1.359643816914,1.276520771513,9.6));
#5074 = CARTESIAN_POINT('',(-1.359643816914,1.506305637982,9.6));
#5075 = CARTESIAN_POINT('',(-1.479339662611,1.664948071217,9.6));
#5076 = ORIENTED_EDGE('',*,*,#5028,.F.);
#5077 = ORIENTED_EDGE('',*,*,#5078,.F.);
#5078 = EDGE_CURVE('',#5062,#5029,#5079,.T.);
#5079 = B_SPLINE_CURVE_WITH_KNOTS('',2,(#5080,#5081,#5082),
  .UNSPECIFIED.,.F.,.F.,(3,3),(0.,1.),.PIECEWISE_BEZIER_KNOTS.);
#5080 = CARTESIAN_POINT('',(-1.359643816914,1.276520771513,10.));
#5081 = CARTESIAN_POINT('',(-1.359643816914,1.506305637982,10.));
#5082 = CARTESIAN_POINT('',(-1.479339662611,1.664948071217,10.));
#5083 = SURFACE_OF_LINEAR_EXTRUSION('',#5084,#5088);
#5084 = B_SPLINE_CURVE_WITH_KNOTS('',2,(#5085,#5086,#5087),
  .UNSPECIFIED.,.F.,.F.,(3,3),(0.,1.),.PIECEWISE_BEZIER_KNOTS.);
#5085 = CARTESIAN_POINT('',(-1.359643816914,1.276520771513,10.));
#5086 = CARTESIAN_POINT('',(-1.359643816914,1.506305637982,10.));
#5087 = CARTESIAN_POINT('',(-1.479339662611,1.664948071217,10.));
#5088 = VECTOR('',#5089,1.);
#5089 = DIRECTION('',(-0.,-0.,1.));
#5090 = ADVANCED_FACE('',(#5091),#5116,.F.);
#5091 = FACE_BOUND('',#5092,.F.);
#5092 = EDGE_LOOP('',(#5093,#5103,#5109,#5110));
#5093 = ORIENTED_EDGE('',*,*,#5094,.T.);
#5094 = EDGE_CURVE('',#5095,#5097,#5099,.T.);
#5095 = VERTEX_POINT('',#5096);
#5096 = CARTESIAN_POINT('',(-1.479339662611,0.883939169139,10.));
#5097 = VERTEX_POINT('',#5098);
#5098 = CARTESIAN_POINT('',(-1.479339662611,0.883939169139,9.6));
#5099 = LINE('',#5100,#5101);
#5100 = CARTESIAN_POINT('',(-1.479339662611,0.883939169139,10.));
#5101 = VECTOR('',#5102,1.);
#5102 = DIRECTION('',(0.,0.,-1.));
#5103 = ORIENTED_EDGE('',*,*,#5104,.T.);
#5104 = EDGE_CURVE('',#5097,#5064,#5105,.T.);
#5105 = B_SPLINE_CURVE_WITH_KNOTS('',2,(#5106,#5107,#5108),
  .UNSPECIFIED.,.F.,.F.,(3,3),(0.,1.),.PIECEWISE_BEZIER_KNOTS.);
#5106 = CARTESIAN_POINT('',(-1.479339662611,0.883939169139,9.6));
#5107 = CARTESIAN_POINT('',(-1.359643816914,1.046476261128,9.6));
#5108 = CARTESIAN_POINT('',(-1.359643816914,1.276520771513,9.6));
#5109 = ORIENTED_EDGE('',*,*,#5061,.F.);
#5110 = ORIENTED_EDGE('',*,*,#5111,.F.);
#5111 = EDGE_CURVE('',#5095,#5062,#5112,.T.);
#5112 = B_SPLINE_CURVE_WITH_KNOTS('',2,(#5113,#5114,#5115),
  .UNSPECIFIED.,.F.,.F.,(3,3),(0.,1.),.PIECEWISE_BEZIER_KNOTS.);
#5113 = CARTESIAN_POINT('',(-1.479339662611,0.883939169139,10.));
#5114 = CARTESIAN_POINT('',(-1.359643816914,1.046476261128,10.));
#5115 = CARTESIAN_POINT('',(-1.359643816914,1.276520771513,10.));
#5116 = SURFACE_OF_LINEAR_EXTRUSION('',#5117,#5121);
#5117 = B_SPLINE_CURVE_WITH_KNOTS('',2,(#5118,#5119,#5120),
  .UNSPECIFIED.,.F.,.F.,(3,3),(0.,1.),.PIECEWISE_BEZIER_KNOTS.);
#5118 = CARTESIAN_POINT('',(-1.479339662611,0.883939169139,10.));
#5119 = CARTESIAN_POINT('',(-1.359643816914,1.046476261128,10.));
#5120 = CARTESIAN_POINT('',(-1.359643816914,1.276520771513,10.));
#5121 = VECTOR('',#5122,1.);
#5122 = DIRECTION('',(-0.,-0.,1.));
#5123 = ADVANCED_FACE('',(#5124),#5140,.F.);
#5124 = FACE_BOUND('',#5125,.F.);
#5125 = EDGE_LOOP('',(#5126,#5127,#5133,#5134));
#5126 = ORIENTED_EDGE('',*,*,#4773,.T.);
#5127 = ORIENTED_EDGE('',*,*,#5128,.T.);
#5128 = EDGE_CURVE('',#4766,#5097,#5129,.T.);
#5129 = B_SPLINE_CURVE_WITH_KNOTS('',2,(#5130,#5131,#5132),
  .UNSPECIFIED.,.F.,.F.,(3,3),(0.,1.),.PIECEWISE_BEZIER_KNOTS.);
#5130 = CARTESIAN_POINT('',(-1.802596339169,0.634421364985,9.6));
#5131 = CARTESIAN_POINT('',(-1.599035508309,0.721661721068,9.6));
#5132 = CARTESIAN_POINT('',(-1.479339662611,0.883939169139,9.6));
#5133 = ORIENTED_EDGE('',*,*,#5094,.F.);
#5134 = ORIENTED_EDGE('',*,*,#5135,.F.);
#5135 = EDGE_CURVE('',#4774,#5095,#5136,.T.);
#5136 = B_SPLINE_CURVE_WITH_KNOTS('',2,(#5137,#5138,#5139),
  .UNSPECIFIED.,.F.,.F.,(3,3),(0.,1.),.PIECEWISE_BEZIER_KNOTS.);
#5137 = CARTESIAN_POINT('',(-1.802596339169,0.634421364985,10.));
#5138 = CARTESIAN_POINT('',(-1.599035508309,0.721661721068,10.));
#5139 = CARTESIAN_POINT('',(-1.479339662611,0.883939169139,10.));
#5140 = SURFACE_OF_LINEAR_EXTRUSION('',#5141,#5145);
#5141 = B_SPLINE_CURVE_WITH_KNOTS('',2,(#5142,#5143,#5144),
  .UNSPECIFIED.,.F.,.F.,(3,3),(0.,1.),.PIECEWISE_BEZIER_KNOTS.);
#5142 = CARTESIAN_POINT('',(-1.802596339169,0.634421364985,10.));
#5143 = CARTESIAN_POINT('',(-1.599035508309,0.721661721068,10.));
#5144 = CARTESIAN_POINT('',(-1.479339662611,0.883939169139,10.));
#5145 = VECTOR('',#5146,1.);
#5146 = DIRECTION('',(-0.,-0.,1.));
#5147 = ADVANCED_FACE('',(#5148),#5182,.F.);
#5148 = FACE_BOUND('',#5149,.F.);
#5149 = EDGE_LOOP('',(#5150,#5160,#5168,#5176));
#5150 = ORIENTED_EDGE('',*,*,#5151,.T.);
#5151 = EDGE_CURVE('',#5152,#5154,#5156,.T.);
#5152 = VERTEX_POINT('',#5153);
#5153 = CARTESIAN_POINT('',(-2.26528179911,2.973293768546,10.));
#5154 = VERTEX_POINT('',#5155);
#5155 = CARTESIAN_POINT('',(-2.26528179911,2.973293768546,9.6));
#5156 = LINE('',#5157,#5158);
#5157 = CARTESIAN_POINT('',(-2.26528179911,2.973293768546,10.));
#5158 = VECTOR('',#5159,1.);
#5159 = DIRECTION('',(0.,0.,-1.));
#5160 = ORIENTED_EDGE('',*,*,#5161,.T.);
#5161 = EDGE_CURVE('',#5154,#5162,#5164,.T.);
#5162 = VERTEX_POINT('',#5163);
#5163 = CARTESIAN_POINT('',(-1.862574083976,3.057158753709,9.6));
#5164 = B_SPLINE_CURVE_WITH_KNOTS('',2,(#5165,#5166,#5167),
  .UNSPECIFIED.,.F.,.F.,(3,3),(0.,1.),.PIECEWISE_BEZIER_KNOTS.);
#5165 = CARTESIAN_POINT('',(-2.26528179911,2.973293768546,9.6));
#5166 = CARTESIAN_POINT('',(-2.044065181899,2.973293768546,9.6));
#5167 = CARTESIAN_POINT('',(-1.862574083976,3.057158753709,9.6));
#5168 = ORIENTED_EDGE('',*,*,#5169,.F.);
#5169 = EDGE_CURVE('',#5170,#5162,#5172,.T.);
#5170 = VERTEX_POINT('',#5171);
#5171 = CARTESIAN_POINT('',(-1.862574083976,3.057158753709,10.));
#5172 = LINE('',#5173,#5174);
#5173 = CARTESIAN_POINT('',(-1.862574083976,3.057158753709,10.));
#5174 = VECTOR('',#5175,1.);
#5175 = DIRECTION('',(0.,0.,-1.));
#5176 = ORIENTED_EDGE('',*,*,#5177,.F.);
#5177 = EDGE_CURVE('',#5152,#5170,#5178,.T.);
#5178 = B_SPLINE_CURVE_WITH_KNOTS('',2,(#5179,#5180,#5181),
  .UNSPECIFIED.,.F.,.F.,(3,3),(0.,1.),.PIECEWISE_BEZIER_KNOTS.);
#5179 = CARTESIAN_POINT('',(-2.26528179911,2.973293768546,10.));
#5180 = CARTESIAN_POINT('',(-2.044065181899,2.973293768546,10.));
#5181 = CARTESIAN_POINT('',(-1.862574083976,3.057158753709,10.));
#5182 = SURFACE_OF_LINEAR_EXTRUSION('',#5183,#5187);
#5183 = B_SPLINE_CURVE_WITH_KNOTS('',2,(#5184,#5185,#5186),
  .UNSPECIFIED.,.F.,.F.,(3,3),(0.,1.),.PIECEWISE_BEZIER_KNOTS.);
#5184 = CARTESIAN_POINT('',(-2.26528179911,2.973293768546,10.));
#5185 = CARTESIAN_POINT('',(-2.044065181899,2.973293768546,10.));
#5186 = CARTESIAN_POINT('',(-1.862574083976,3.057158753709,10.));
#5187 = VECTOR('',#5188,1.);
#5188 = DIRECTION('',(-0.,-0.,1.));
#5189 = ADVANCED_FACE('',(#5190),#5215,.F.);
#5190 = FACE_BOUND('',#5191,.F.);
#5191 = EDGE_LOOP('',(#5192,#5202,#5208,#5209));
#5192 = ORIENTED_EDGE('',*,*,#5193,.T.);
#5193 = EDGE_CURVE('',#5194,#5196,#5198,.T.);
#5194 = VERTEX_POINT('',#5195);
#5195 = CARTESIAN_POINT('',(-2.671884172997,3.053264094955,10.));
#5196 = VERTEX_POINT('',#5197);
#5197 = CARTESIAN_POINT('',(-2.671884172997,3.053264094955,9.6));
#5198 = LINE('',#5199,#5200);
#5199 = CARTESIAN_POINT('',(-2.671884172997,3.053264094955,10.));
#5200 = VECTOR('',#5201,1.);
#5201 = DIRECTION('',(0.,0.,-1.));
#5202 = ORIENTED_EDGE('',*,*,#5203,.T.);
#5203 = EDGE_CURVE('',#5196,#5154,#5204,.T.);
#5204 = B_SPLINE_CURVE_WITH_KNOTS('',2,(#5205,#5206,#5207),
  .UNSPECIFIED.,.F.,.F.,(3,3),(0.,1.),.PIECEWISE_BEZIER_KNOTS.);
#5205 = CARTESIAN_POINT('',(-2.671884172997,3.053264094955,9.6));
#5206 = CARTESIAN_POINT('',(-2.494287733828,2.973293768546,9.6));
#5207 = CARTESIAN_POINT('',(-2.26528179911,2.973293768546,9.6));
#5208 = ORIENTED_EDGE('',*,*,#5151,.F.);
#5209 = ORIENTED_EDGE('',*,*,#5210,.F.);
#5210 = EDGE_CURVE('',#5194,#5152,#5211,.T.);
#5211 = B_SPLINE_CURVE_WITH_KNOTS('',2,(#5212,#5213,#5214),
  .UNSPECIFIED.,.F.,.F.,(3,3),(0.,1.),.PIECEWISE_BEZIER_KNOTS.);
#5212 = CARTESIAN_POINT('',(-2.671884172997,3.053264094955,10.));
#5213 = CARTESIAN_POINT('',(-2.494287733828,2.973293768546,10.));
#5214 = CARTESIAN_POINT('',(-2.26528179911,2.973293768546,10.));
#5215 = SURFACE_OF_LINEAR_EXTRUSION('',#5216,#5220);
#5216 = B_SPLINE_CURVE_WITH_KNOTS('',2,(#5217,#5218,#5219),
  .UNSPECIFIED.,.F.,.F.,(3,3),(0.,1.),.PIECEWISE_BEZIER_KNOTS.);
#5217 = CARTESIAN_POINT('',(-2.671884172997,3.053264094955,10.));
#5218 = CARTESIAN_POINT('',(-2.494287733828,2.973293768546,10.));
#5219 = CARTESIAN_POINT('',(-2.26528179911,2.973293768546,10.));
#5220 = VECTOR('',#5221,1.);
#5221 = DIRECTION('',(-0.,-0.,1.));
#5222 = ADVANCED_FACE('',(#5223),#5248,.F.);
#5223 = FACE_BOUND('',#5224,.F.);
#5224 = EDGE_LOOP('',(#5225,#5235,#5241,#5242));
#5225 = ORIENTED_EDGE('',*,*,#5226,.T.);
#5226 = EDGE_CURVE('',#5227,#5229,#5231,.T.);
#5227 = VERTEX_POINT('',#5228);
#5228 = CARTESIAN_POINT('',(-2.952039959347,3.277077151335,10.));
#5229 = VERTEX_POINT('',#5230);
#5230 = CARTESIAN_POINT('',(-2.952039959347,3.277077151335,9.6));
#5231 = LINE('',#5232,#5233);
#5232 = CARTESIAN_POINT('',(-2.952039959347,3.277077151335,10.));
#5233 = VECTOR('',#5234,1.);
#5234 = DIRECTION('',(0.,0.,-1.));
#5235 = ORIENTED_EDGE('',*,*,#5236,.T.);
#5236 = EDGE_CURVE('',#5229,#5196,#5237,.T.);
#5237 = B_SPLINE_CURVE_WITH_KNOTS('',2,(#5238,#5239,#5240),
  .UNSPECIFIED.,.F.,.F.,(3,3),(0.,1.),.PIECEWISE_BEZIER_KNOTS.);
#5238 = CARTESIAN_POINT('',(-2.952039959347,3.277077151335,9.6));
#5239 = CARTESIAN_POINT('',(-2.849220968249,3.133234421365,9.6));
#5240 = CARTESIAN_POINT('',(-2.671884172997,3.053264094955,9.6));
#5241 = ORIENTED_EDGE('',*,*,#5193,.F.);
#5242 = ORIENTED_EDGE('',*,*,#5243,.F.);
#5243 = EDGE_CURVE('',#5227,#5194,#5244,.T.);
#5244 = B_SPLINE_CURVE_WITH_KNOTS('',2,(#5245,#5246,#5247),
  .UNSPECIFIED.,.F.,.F.,(3,3),(0.,1.),.PIECEWISE_BEZIER_KNOTS.);
#5245 = CARTESIAN_POINT('',(-2.952039959347,3.277077151335,10.));
#5246 = CARTESIAN_POINT('',(-2.849220968249,3.133234421365,10.));
#5247 = CARTESIAN_POINT('',(-2.671884172997,3.053264094955,10.));
#5248 = SURFACE_OF_LINEAR_EXTRUSION('',#5249,#5253);
#5249 = B_SPLINE_CURVE_WITH_KNOTS('',2,(#5250,#5251,#5252),
  .UNSPECIFIED.,.F.,.F.,(3,3),(0.,1.),.PIECEWISE_BEZIER_KNOTS.);
#5250 = CARTESIAN_POINT('',(-2.952039959347,3.277077151335,10.));
#5251 = CARTESIAN_POINT('',(-2.849220968249,3.133234421365,10.));
#5252 = CARTESIAN_POINT('',(-2.671884172997,3.053264094955,10.));
#5253 = VECTOR('',#5254,1.);
#5254 = DIRECTION('',(-0.,-0.,1.));
#5255 = ADVANCED_FACE('',(#5256),#5281,.F.);
#5256 = FACE_BOUND('',#5257,.F.);
#5257 = EDGE_LOOP('',(#5258,#5268,#5274,#5275));
#5258 = ORIENTED_EDGE('',*,*,#5259,.T.);
#5259 = EDGE_CURVE('',#5260,#5262,#5264,.T.);
#5260 = VERTEX_POINT('',#5261);
#5261 = CARTESIAN_POINT('',(-3.054599306528,3.612796735905,10.));
#5262 = VERTEX_POINT('',#5263);
#5263 = CARTESIAN_POINT('',(-3.054599306528,3.612796735905,9.6));
#5264 = LINE('',#5265,#5266);
#5265 = CARTESIAN_POINT('',(-3.054599306528,3.612796735905,10.));
#5266 = VECTOR('',#5267,1.);
#5267 = DIRECTION('',(0.,0.,-1.));
#5268 = ORIENTED_EDGE('',*,*,#5269,.T.);
#5269 = EDGE_CURVE('',#5262,#5229,#5270,.T.);
#5270 = B_SPLINE_CURVE_WITH_KNOTS('',2,(#5271,#5272,#5273),
  .UNSPECIFIED.,.F.,.F.,(3,3),(0.,1.),.PIECEWISE_BEZIER_KNOTS.);
#5271 = CARTESIAN_POINT('',(-3.054599306528,3.612796735905,9.6));
#5272 = CARTESIAN_POINT('',(-3.054599306528,3.420919881306,9.6));
#5273 = CARTESIAN_POINT('',(-2.952039959347,3.277077151335,9.6));
#5274 = ORIENTED_EDGE('',*,*,#5226,.F.);
#5275 = ORIENTED_EDGE('',*,*,#5276,.F.);
#5276 = EDGE_CURVE('',#5260,#5227,#5277,.T.);
#5277 = B_SPLINE_CURVE_WITH_KNOTS('',2,(#5278,#5279,#5280),
  .UNSPECIFIED.,.F.,.F.,(3,3),(0.,1.),.PIECEWISE_BEZIER_KNOTS.);
#5278 = CARTESIAN_POINT('',(-3.054599306528,3.612796735905,10.));
#5279 = CARTESIAN_POINT('',(-3.054599306528,3.420919881306,10.));
#5280 = CARTESIAN_POINT('',(-2.952039959347,3.277077151335,10.));
#5281 = SURFACE_OF_LINEAR_EXTRUSION('',#5282,#5286);
#5282 = B_SPLINE_CURVE_WITH_KNOTS('',2,(#5283,#5284,#5285),
  .UNSPECIFIED.,.F.,.F.,(3,3),(0.,1.),.PIECEWISE_BEZIER_KNOTS.);
#5283 = CARTESIAN_POINT('',(-3.054599306528,3.612796735905,10.));
#5284 = CARTESIAN_POINT('',(-3.054599306528,3.420919881306,10.));
#5285 = CARTESIAN_POINT('',(-2.952039959347,3.277077151335,10.));
#5286 = VECTOR('',#5287,1.);
#5287 = DIRECTION('',(-0.,-0.,1.));
#5288 = ADVANCED_FACE('',(#5289),#5314,.F.);
#5289 = FACE_BOUND('',#5290,.F.);
#5290 = EDGE_LOOP('',(#5291,#5301,#5307,#5308));
#5291 = ORIENTED_EDGE('',*,*,#5292,.T.);
#5292 = EDGE_CURVE('',#5293,#5295,#5297,.T.);
#5293 = VERTEX_POINT('',#5294);
#5294 = CARTESIAN_POINT('',(-2.952039959347,3.948775964392,10.));
#5295 = VERTEX_POINT('',#5296);
#5296 = CARTESIAN_POINT('',(-2.952039959347,3.948775964392,9.6));
#5297 = LINE('',#5298,#5299);
#5298 = CARTESIAN_POINT('',(-2.952039959347,3.948775964392,10.));
#5299 = VECTOR('',#5300,1.);
#5300 = DIRECTION('',(0.,0.,-1.));
#5301 = ORIENTED_EDGE('',*,*,#5302,.T.);
#5302 = EDGE_CURVE('',#5295,#5262,#5303,.T.);
#5303 = B_SPLINE_CURVE_WITH_KNOTS('',2,(#5304,#5305,#5306),
  .UNSPECIFIED.,.F.,.F.,(3,3),(0.,1.),.PIECEWISE_BEZIER_KNOTS.);
#5304 = CARTESIAN_POINT('',(-2.952039959347,3.948775964392,9.6));
#5305 = CARTESIAN_POINT('',(-3.054599306528,3.804933234421,9.6));
#5306 = CARTESIAN_POINT('',(-3.054599306528,3.612796735905,9.6));
#5307 = ORIENTED_EDGE('',*,*,#5259,.F.);
#5308 = ORIENTED_EDGE('',*,*,#5309,.F.);
#5309 = EDGE_CURVE('',#5293,#5260,#5310,.T.);
#5310 = B_SPLINE_CURVE_WITH_KNOTS('',2,(#5311,#5312,#5313),
  .UNSPECIFIED.,.F.,.F.,(3,3),(0.,1.),.PIECEWISE_BEZIER_KNOTS.);
#5311 = CARTESIAN_POINT('',(-2.952039959347,3.948775964392,10.));
#5312 = CARTESIAN_POINT('',(-3.054599306528,3.804933234421,10.));
#5313 = CARTESIAN_POINT('',(-3.054599306528,3.612796735905,10.));
#5314 = SURFACE_OF_LINEAR_EXTRUSION('',#5315,#5319);
#5315 = B_SPLINE_CURVE_WITH_KNOTS('',2,(#5316,#5317,#5318),
  .UNSPECIFIED.,.F.,.F.,(3,3),(0.,1.),.PIECEWISE_BEZIER_KNOTS.);
#5316 = CARTESIAN_POINT('',(-2.952039959347,3.948775964392,10.));
#5317 = CARTESIAN_POINT('',(-3.054599306528,3.804933234421,10.));
#5318 = CARTESIAN_POINT('',(-3.054599306528,3.612796735905,10.));
#5319 = VECTOR('',#5320,1.);
#5320 = DIRECTION('',(-0.,-0.,1.));
#5321 = ADVANCED_FACE('',(#5322),#5347,.F.);
#5322 = FACE_BOUND('',#5323,.F.);
#5323 = EDGE_LOOP('',(#5324,#5334,#5340,#5341));
#5324 = ORIENTED_EDGE('',*,*,#5325,.T.);
#5325 = EDGE_CURVE('',#5326,#5328,#5330,.T.);
#5326 = VERTEX_POINT('',#5327);
#5327 = CARTESIAN_POINT('',(-2.671884172997,4.172848664688,10.));
#5328 = VERTEX_POINT('',#5329);
#5329 = CARTESIAN_POINT('',(-2.671884172997,4.172848664688,9.6));
#5330 = LINE('',#5331,#5332);
#5331 = CARTESIAN_POINT('',(-2.671884172997,4.172848664688,10.));
#5332 = VECTOR('',#5333,1.);
#5333 = DIRECTION('',(0.,0.,-1.));
#5334 = ORIENTED_EDGE('',*,*,#5335,.T.);
#5335 = EDGE_CURVE('',#5328,#5295,#5336,.T.);
#5336 = B_SPLINE_CURVE_WITH_KNOTS('',2,(#5337,#5338,#5339),
  .UNSPECIFIED.,.F.,.F.,(3,3),(0.,1.),.PIECEWISE_BEZIER_KNOTS.);
#5337 = CARTESIAN_POINT('',(-2.671884172997,4.172848664688,9.6));
#5338 = CARTESIAN_POINT('',(-2.849220968249,4.092878338279,9.6));
#5339 = CARTESIAN_POINT('',(-2.952039959347,3.948775964392,9.6));
#5340 = ORIENTED_EDGE('',*,*,#5292,.F.);
#5341 = ORIENTED_EDGE('',*,*,#5342,.F.);
#5342 = EDGE_CURVE('',#5326,#5293,#5343,.T.);
#5343 = B_SPLINE_CURVE_WITH_KNOTS('',2,(#5344,#5345,#5346),
  .UNSPECIFIED.,.F.,.F.,(3,3),(0.,1.),.PIECEWISE_BEZIER_KNOTS.);
#5344 = CARTESIAN_POINT('',(-2.671884172997,4.172848664688,10.));
#5345 = CARTESIAN_POINT('',(-2.849220968249,4.092878338279,10.));
#5346 = CARTESIAN_POINT('',(-2.952039959347,3.948775964392,10.));
#5347 = SURFACE_OF_LINEAR_EXTRUSION('',#5348,#5352);
#5348 = B_SPLINE_CURVE_WITH_KNOTS('',2,(#5349,#5350,#5351),
  .UNSPECIFIED.,.F.,.F.,(3,3),(0.,1.),.PIECEWISE_BEZIER_KNOTS.);
#5349 = CARTESIAN_POINT('',(-2.671884172997,4.172848664688,10.));
#5350 = CARTESIAN_POINT('',(-2.849220968249,4.092878338279,10.));
#5351 = CARTESIAN_POINT('',(-2.952039959347,3.948775964392,10.));
#5352 = VECTOR('',#5353,1.);
#5353 = DIRECTION('',(-0.,-0.,1.));
#5354 = ADVANCED_FACE('',(#5355),#5380,.F.);
#5355 = FACE_BOUND('',#5356,.F.);
#5356 = EDGE_LOOP('',(#5357,#5367,#5373,#5374));
#5357 = ORIENTED_EDGE('',*,*,#5358,.T.);
#5358 = EDGE_CURVE('',#5359,#5361,#5363,.T.);
#5359 = VERTEX_POINT('',#5360);
#5360 = CARTESIAN_POINT('',(-2.26528179911,4.252818991098,10.));
#5361 = VERTEX_POINT('',#5362);
#5362 = CARTESIAN_POINT('',(-2.26528179911,4.252818991098,9.6));
#5363 = LINE('',#5364,#5365);
#5364 = CARTESIAN_POINT('',(-2.26528179911,4.252818991098,10.));
#5365 = VECTOR('',#5366,1.);
#5366 = DIRECTION('',(0.,0.,-1.));
#5367 = ORIENTED_EDGE('',*,*,#5368,.T.);
#5368 = EDGE_CURVE('',#5361,#5328,#5369,.T.);
#5369 = B_SPLINE_CURVE_WITH_KNOTS('',2,(#5370,#5371,#5372),
  .UNSPECIFIED.,.F.,.F.,(3,3),(0.,1.),.PIECEWISE_BEZIER_KNOTS.);
#5370 = CARTESIAN_POINT('',(-2.26528179911,4.252818991098,9.6));
#5371 = CARTESIAN_POINT('',(-2.494287733828,4.252818991098,9.6));
#5372 = CARTESIAN_POINT('',(-2.671884172997,4.172848664688,9.6));
#5373 = ORIENTED_EDGE('',*,*,#5325,.F.);
#5374 = ORIENTED_EDGE('',*,*,#5375,.F.);
#5375 = EDGE_CURVE('',#5359,#5326,#5376,.T.);
#5376 = B_SPLINE_CURVE_WITH_KNOTS('',2,(#5377,#5378,#5379),
  .UNSPECIFIED.,.F.,.F.,(3,3),(0.,1.),.PIECEWISE_BEZIER_KNOTS.);
#5377 = CARTESIAN_POINT('',(-2.26528179911,4.252818991098,10.));
#5378 = CARTESIAN_POINT('',(-2.494287733828,4.252818991098,10.));
#5379 = CARTESIAN_POINT('',(-2.671884172997,4.172848664688,10.));
#5380 = SURFACE_OF_LINEAR_EXTRUSION('',#5381,#5385);
#5381 = B_SPLINE_CURVE_WITH_KNOTS('',2,(#5382,#5383,#5384),
  .UNSPECIFIED.,.F.,.F.,(3,3),(0.,1.),.PIECEWISE_BEZIER_KNOTS.);
#5382 = CARTESIAN_POINT('',(-2.26528179911,4.252818991098,10.));
#5383 = CARTESIAN_POINT('',(-2.494287733828,4.252818991098,10.));
#5384 = CARTESIAN_POINT('',(-2.671884172997,4.172848664688,10.));
#5385 = VECTOR('',#5386,1.);
#5386 = DIRECTION('',(-0.,-0.,1.));
#5387 = ADVANCED_FACE('',(#5388),#5413,.F.);
#5388 = FACE_BOUND('',#5389,.F.);
#5389 = EDGE_LOOP('',(#5390,#5400,#5406,#5407));
#5390 = ORIENTED_EDGE('',*,*,#5391,.T.);
#5391 = EDGE_CURVE('',#5392,#5394,#5396,.T.);
#5392 = VERTEX_POINT('',#5393);
#5393 = CARTESIAN_POINT('',(-1.854784766469,4.172848664688,10.));
#5394 = VERTEX_POINT('',#5395);
#5395 = CARTESIAN_POINT('',(-1.854784766469,4.172848664688,9.6));
#5396 = LINE('',#5397,#5398);
#5397 = CARTESIAN_POINT('',(-1.854784766469,4.172848664688,10.));
#5398 = VECTOR('',#5399,1.);
#5399 = DIRECTION('',(0.,0.,-1.));
#5400 = ORIENTED_EDGE('',*,*,#5401,.T.);
#5401 = EDGE_CURVE('',#5394,#5361,#5402,.T.);
#5402 = B_SPLINE_CURVE_WITH_KNOTS('',2,(#5403,#5404,#5405),
  .UNSPECIFIED.,.F.,.F.,(3,3),(0.,1.),.PIECEWISE_BEZIER_KNOTS.);
#5403 = CARTESIAN_POINT('',(-1.854784766469,4.172848664688,9.6));
#5404 = CARTESIAN_POINT('',(-2.036275864392,4.252818991098,9.6));
#5405 = CARTESIAN_POINT('',(-2.26528179911,4.252818991098,9.6));
#5406 = ORIENTED_EDGE('',*,*,#5358,.F.);
#5407 = ORIENTED_EDGE('',*,*,#5408,.F.);
#5408 = EDGE_CURVE('',#5392,#5359,#5409,.T.);
#5409 = B_SPLINE_CURVE_WITH_KNOTS('',2,(#5410,#5411,#5412),
  .UNSPECIFIED.,.F.,.F.,(3,3),(0.,1.),.PIECEWISE_BEZIER_KNOTS.);
#5410 = CARTESIAN_POINT('',(-1.854784766469,4.172848664688,10.));
#5411 = CARTESIAN_POINT('',(-2.036275864392,4.252818991098,10.));
#5412 = CARTESIAN_POINT('',(-2.26528179911,4.252818991098,10.));
#5413 = SURFACE_OF_LINEAR_EXTRUSION('',#5414,#5418);
#5414 = B_SPLINE_CURVE_WITH_KNOTS('',2,(#5415,#5416,#5417),
  .UNSPECIFIED.,.F.,.F.,(3,3),(0.,1.),.PIECEWISE_BEZIER_KNOTS.);
#5415 = CARTESIAN_POINT('',(-1.854784766469,4.172848664688,10.));
#5416 = CARTESIAN_POINT('',(-2.036275864392,4.252818991098,10.));
#5417 = CARTESIAN_POINT('',(-2.26528179911,4.252818991098,10.));
#5418 = VECTOR('',#5419,1.);
#5419 = DIRECTION('',(-0.,-0.,1.));
#5420 = ADVANCED_FACE('',(#5421),#5446,.F.);
#5421 = FACE_BOUND('',#5422,.F.);
#5422 = EDGE_LOOP('',(#5423,#5433,#5439,#5440));
#5423 = ORIENTED_EDGE('',*,*,#5424,.T.);
#5424 = EDGE_CURVE('',#5425,#5427,#5429,.T.);
#5425 = VERTEX_POINT('',#5426);
#5426 = CARTESIAN_POINT('',(-1.574628980119,3.948775964392,10.));
#5427 = VERTEX_POINT('',#5428);
#5428 = CARTESIAN_POINT('',(-1.574628980119,3.948775964392,9.6));
#5429 = LINE('',#5430,#5431);
#5430 = CARTESIAN_POINT('',(-1.574628980119,3.948775964392,10.));
#5431 = VECTOR('',#5432,1.);
#5432 = DIRECTION('',(0.,0.,-1.));
#5433 = ORIENTED_EDGE('',*,*,#5434,.T.);
#5434 = EDGE_CURVE('',#5427,#5394,#5435,.T.);
#5435 = B_SPLINE_CURVE_WITH_KNOTS('',2,(#5436,#5437,#5438),
  .UNSPECIFIED.,.F.,.F.,(3,3),(0.,1.),.PIECEWISE_BEZIER_KNOTS.);
#5436 = CARTESIAN_POINT('',(-1.574628980119,3.948775964392,9.6));
#5437 = CARTESIAN_POINT('',(-1.673293668546,4.092878338279,9.6));
#5438 = CARTESIAN_POINT('',(-1.854784766469,4.172848664688,9.6));
#5439 = ORIENTED_EDGE('',*,*,#5391,.F.);
#5440 = ORIENTED_EDGE('',*,*,#5441,.F.);
#5441 = EDGE_CURVE('',#5425,#5392,#5442,.T.);
#5442 = B_SPLINE_CURVE_WITH_KNOTS('',2,(#5443,#5444,#5445),
  .UNSPECIFIED.,.F.,.F.,(3,3),(0.,1.),.PIECEWISE_BEZIER_KNOTS.);
#5443 = CARTESIAN_POINT('',(-1.574628980119,3.948775964392,10.));
#5444 = CARTESIAN_POINT('',(-1.673293668546,4.092878338279,10.));
#5445 = CARTESIAN_POINT('',(-1.854784766469,4.172848664688,10.));
#5446 = SURFACE_OF_LINEAR_EXTRUSION('',#5447,#5451);
#5447 = B_SPLINE_CURVE_WITH_KNOTS('',2,(#5448,#5449,#5450),
  .UNSPECIFIED.,.F.,.F.,(3,3),(0.,1.),.PIECEWISE_BEZIER_KNOTS.);
#5448 = CARTESIAN_POINT('',(-1.574628980119,3.948775964392,10.));
#5449 = CARTESIAN_POINT('',(-1.673293668546,4.092878338279,10.));
#5450 = CARTESIAN_POINT('',(-1.854784766469,4.172848664688,10.));
#5451 = VECTOR('',#5452,1.);
#5452 = DIRECTION('',(-0.,-0.,1.));
#5453 = ADVANCED_FACE('',(#5454),#5479,.F.);
#5454 = FACE_BOUND('',#5455,.F.);
#5455 = EDGE_LOOP('',(#5456,#5466,#5472,#5473));
#5456 = ORIENTED_EDGE('',*,*,#5457,.T.);
#5457 = EDGE_CURVE('',#5458,#5460,#5462,.T.);
#5458 = VERTEX_POINT('',#5459);
#5459 = CARTESIAN_POINT('',(-1.475964291691,3.612796735905,10.));
#5460 = VERTEX_POINT('',#5461);
#5461 = CARTESIAN_POINT('',(-1.475964291691,3.612796735905,9.6));
#5462 = LINE('',#5463,#5464);
#5463 = CARTESIAN_POINT('',(-1.475964291691,3.612796735905,10.));
#5464 = VECTOR('',#5465,1.);
#5465 = DIRECTION('',(0.,0.,-1.));
#5466 = ORIENTED_EDGE('',*,*,#5467,.T.);
#5467 = EDGE_CURVE('',#5460,#5427,#5468,.T.);
#5468 = B_SPLINE_CURVE_WITH_KNOTS('',2,(#5469,#5470,#5471),
  .UNSPECIFIED.,.F.,.F.,(3,3),(0.,1.),.PIECEWISE_BEZIER_KNOTS.);
#5469 = CARTESIAN_POINT('',(-1.475964291691,3.612796735905,9.6));
#5470 = CARTESIAN_POINT('',(-1.475964291691,3.804933234421,9.6));
#5471 = CARTESIAN_POINT('',(-1.574628980119,3.948775964392,9.6));
#5472 = ORIENTED_EDGE('',*,*,#5424,.F.);
#5473 = ORIENTED_EDGE('',*,*,#5474,.F.);
#5474 = EDGE_CURVE('',#5458,#5425,#5475,.T.);
#5475 = B_SPLINE_CURVE_WITH_KNOTS('',2,(#5476,#5477,#5478),
  .UNSPECIFIED.,.F.,.F.,(3,3),(0.,1.),.PIECEWISE_BEZIER_KNOTS.);
#5476 = CARTESIAN_POINT('',(-1.475964291691,3.612796735905,10.));
#5477 = CARTESIAN_POINT('',(-1.475964291691,3.804933234421,10.));
#5478 = CARTESIAN_POINT('',(-1.574628980119,3.948775964392,10.));
#5479 = SURFACE_OF_LINEAR_EXTRUSION('',#5480,#5484);
#5480 = B_SPLINE_CURVE_WITH_KNOTS('',2,(#5481,#5482,#5483),
  .UNSPECIFIED.,.F.,.F.,(3,3),(0.,1.),.PIECEWISE_BEZIER_KNOTS.);
#5481 = CARTESIAN_POINT('',(-1.475964291691,3.612796735905,10.));
#5482 = CARTESIAN_POINT('',(-1.475964291691,3.804933234421,10.));
#5483 = CARTESIAN_POINT('',(-1.574628980119,3.948775964392,10.));
#5484 = VECTOR('',#5485,1.);
#5485 = DIRECTION('',(-0.,-0.,1.));
#5486 = ADVANCED_FACE('',(#5487),#5512,.F.);
#5487 = FACE_BOUND('',#5488,.F.);
#5488 = EDGE_LOOP('',(#5489,#5499,#5505,#5506));
#5489 = ORIENTED_EDGE('',*,*,#5490,.T.);
#5490 = EDGE_CURVE('',#5491,#5493,#5495,.T.);
#5491 = VERTEX_POINT('',#5492);
#5492 = CARTESIAN_POINT('',(-1.578523638872,3.280971810089,10.));
#5493 = VERTEX_POINT('',#5494);
#5494 = CARTESIAN_POINT('',(-1.578523638872,3.280971810089,9.6));
#5495 = LINE('',#5496,#5497);
#5496 = CARTESIAN_POINT('',(-1.578523638872,3.280971810089,10.));
#5497 = VECTOR('',#5498,1.);
#5498 = DIRECTION('',(0.,0.,-1.));
#5499 = ORIENTED_EDGE('',*,*,#5500,.T.);
#5500 = EDGE_CURVE('',#5493,#5460,#5501,.T.);
#5501 = B_SPLINE_CURVE_WITH_KNOTS('',2,(#5502,#5503,#5504),
  .UNSPECIFIED.,.F.,.F.,(3,3),(0.,1.),.PIECEWISE_BEZIER_KNOTS.);
#5502 = CARTESIAN_POINT('',(-1.578523638872,3.280971810089,9.6));
#5503 = CARTESIAN_POINT('',(-1.475964291691,3.420919881306,9.6));
#5504 = CARTESIAN_POINT('',(-1.475964291691,3.612796735905,9.6));
#5505 = ORIENTED_EDGE('',*,*,#5457,.F.);
#5506 = ORIENTED_EDGE('',*,*,#5507,.F.);
#5507 = EDGE_CURVE('',#5491,#5458,#5508,.T.);
#5508 = B_SPLINE_CURVE_WITH_KNOTS('',2,(#5509,#5510,#5511),
  .UNSPECIFIED.,.F.,.F.,(3,3),(0.,1.),.PIECEWISE_BEZIER_KNOTS.);
#5509 = CARTESIAN_POINT('',(-1.578523638872,3.280971810089,10.));
#5510 = CARTESIAN_POINT('',(-1.475964291691,3.420919881306,10.));
#5511 = CARTESIAN_POINT('',(-1.475964291691,3.612796735905,10.));
#5512 = SURFACE_OF_LINEAR_EXTRUSION('',#5513,#5517);
#5513 = B_SPLINE_CURVE_WITH_KNOTS('',2,(#5514,#5515,#5516),
  .UNSPECIFIED.,.F.,.F.,(3,3),(0.,1.),.PIECEWISE_BEZIER_KNOTS.);
#5514 = CARTESIAN_POINT('',(-1.578523638872,3.280971810089,10.));
#5515 = CARTESIAN_POINT('',(-1.475964291691,3.420919881306,10.));
#5516 = CARTESIAN_POINT('',(-1.475964291691,3.612796735905,10.));
#5517 = VECTOR('',#5518,1.);
#5518 = DIRECTION('',(-0.,-0.,1.));
#5519 = ADVANCED_FACE('',(#5520),#5536,.F.);
#5520 = FACE_BOUND('',#5521,.F.);
#5521 = EDGE_LOOP('',(#5522,#5523,#5529,#5530));
#5522 = ORIENTED_EDGE('',*,*,#5169,.T.);
#5523 = ORIENTED_EDGE('',*,*,#5524,.T.);
#5524 = EDGE_CURVE('',#5162,#5493,#5525,.T.);
#5525 = B_SPLINE_CURVE_WITH_KNOTS('',2,(#5526,#5527,#5528),
  .UNSPECIFIED.,.F.,.F.,(3,3),(0.,1.),.PIECEWISE_BEZIER_KNOTS.);
#5526 = CARTESIAN_POINT('',(-1.862574083976,3.057158753709,9.6));
#5527 = CARTESIAN_POINT('',(-1.681082986053,3.141283382789,9.6));
#5528 = CARTESIAN_POINT('',(-1.578523638872,3.280971810089,9.6));
#5529 = ORIENTED_EDGE('',*,*,#5490,.F.);
#5530 = ORIENTED_EDGE('',*,*,#5531,.F.);
#5531 = EDGE_CURVE('',#5170,#5491,#5532,.T.);
#5532 = B_SPLINE_CURVE_WITH_KNOTS('',2,(#5533,#5534,#5535),
  .UNSPECIFIED.,.F.,.F.,(3,3),(0.,1.),.PIECEWISE_BEZIER_KNOTS.);
#5533 = CARTESIAN_POINT('',(-1.862574083976,3.057158753709,10.));
#5534 = CARTESIAN_POINT('',(-1.681082986053,3.141283382789,10.));
#5535 = CARTESIAN_POINT('',(-1.578523638872,3.280971810089,10.));
#5536 = SURFACE_OF_LINEAR_EXTRUSION('',#5537,#5541);
#5537 = B_SPLINE_CURVE_WITH_KNOTS('',2,(#5538,#5539,#5540),
  .UNSPECIFIED.,.F.,.F.,(3,3),(0.,1.),.PIECEWISE_BEZIER_KNOTS.);
#5538 = CARTESIAN_POINT('',(-1.862574083976,3.057158753709,10.));
#5539 = CARTESIAN_POINT('',(-1.681082986053,3.141283382789,10.));
#5540 = CARTESIAN_POINT('',(-1.578523638872,3.280971810089,10.));
#5541 = VECTOR('',#5542,1.);
#5542 = DIRECTION('',(-0.,-0.,1.));
#5543 = ADVANCED_FACE('',(#5544,#5567,#5581),#5595,.T.);
#5544 = FACE_BOUND('',#5545,.T.);
#5545 = EDGE_LOOP('',(#5546,#5547,#5548,#5549,#5550,#5551,#5552,#5553,
    #5554,#5555,#5556,#5557,#5558,#5559,#5560,#5561,#5562,#5563,#5564,
    #5565,#5566));
#5546 = ORIENTED_EDGE('',*,*,#4088,.F.);
#5547 = ORIENTED_EDGE('',*,*,#4121,.F.);
#5548 = ORIENTED_EDGE('',*,*,#4154,.F.);
#5549 = ORIENTED_EDGE('',*,*,#4187,.F.);
#5550 = ORIENTED_EDGE('',*,*,#4220,.F.);
#5551 = ORIENTED_EDGE('',*,*,#4253,.F.);
#5552 = ORIENTED_EDGE('',*,*,#4286,.F.);
#5553 = ORIENTED_EDGE('',*,*,#4319,.F.);
#5554 = ORIENTED_EDGE('',*,*,#4352,.F.);
#5555 = ORIENTED_EDGE('',*,*,#4385,.F.);
#5556 = ORIENTED_EDGE('',*,*,#4418,.F.);
#5557 = ORIENTED_EDGE('',*,*,#4451,.F.);
#5558 = ORIENTED_EDGE('',*,*,#4484,.F.);
#5559 = ORIENTED_EDGE('',*,*,#4517,.F.);
#5560 = ORIENTED_EDGE('',*,*,#4550,.F.);
#5561 = ORIENTED_EDGE('',*,*,#4583,.F.);
#5562 = ORIENTED_EDGE('',*,*,#4616,.F.);
#5563 = ORIENTED_EDGE('',*,*,#4649,.F.);
#5564 = ORIENTED_EDGE('',*,*,#4682,.F.);
#5565 = ORIENTED_EDGE('',*,*,#4715,.F.);
#5566 = ORIENTED_EDGE('',*,*,#4739,.F.);
#5567 = FACE_BOUND('',#5568,.T.);
#5568 = EDGE_LOOP('',(#5569,#5570,#5571,#5572,#5573,#5574,#5575,#5576,
    #5577,#5578,#5579,#5580));
#5569 = ORIENTED_EDGE('',*,*,#4781,.F.);
#5570 = ORIENTED_EDGE('',*,*,#4814,.F.);
#5571 = ORIENTED_EDGE('',*,*,#4847,.F.);
#5572 = ORIENTED_EDGE('',*,*,#4880,.F.);
#5573 = ORIENTED_EDGE('',*,*,#4913,.F.);
#5574 = ORIENTED_EDGE('',*,*,#4946,.F.);
#5575 = ORIENTED_EDGE('',*,*,#4979,.F.);
#5576 = ORIENTED_EDGE('',*,*,#5012,.F.);
#5577 = ORIENTED_EDGE('',*,*,#5045,.F.);
#5578 = ORIENTED_EDGE('',*,*,#5078,.F.);
#5579 = ORIENTED_EDGE('',*,*,#5111,.F.);
#5580 = ORIENTED_EDGE('',*,*,#5135,.F.);
#5581 = FACE_BOUND('',#5582,.T.);
#5582 = EDGE_LOOP('',(#5583,#5584,#5585,#5586,#5587,#5588,#5589,#5590,
    #5591,#5592,#5593,#5594));
#5583 = ORIENTED_EDGE('',*,*,#5177,.F.);
#5584 = ORIENTED_EDGE('',*,*,#5210,.F.);
#5585 = ORIENTED_EDGE('',*,*,#5243,.F.);
#5586 = ORIENTED_EDGE('',*,*,#5276,.F.);
#5587 = ORIENTED_EDGE('',*,*,#5309,.F.);
#5588 = ORIENTED_EDGE('',*,*,#5342,.F.);
#5589 = ORIENTED_EDGE('',*,*,#5375,.F.);
#5590 = ORIENTED_EDGE('',*,*,#5408,.F.);
#5591 = ORIENTED_EDGE('',*,*,#5441,.F.);
#5592 = ORIENTED_EDGE('',*,*,#5474,.F.);
#5593 = ORIENTED_EDGE('',*,*,#5507,.F.);
#5594 = ORIENTED_EDGE('',*,*,#5531,.F.);
#5595 = PLANE('',#5596);
#5596 = AXIS2_PLACEMENT_3D('',#5597,#5598,#5599);
#5597 = CARTESIAN_POINT('',(-2.264333702384,2.367119230949,10.));
#5598 = DIRECTION('',(0.,0.,1.));
#5599 = DIRECTION('',(1.,0.,0.));
#5600 = ADVANCED_FACE('',(#5601,#5624,#5638),#5652,.F.);
#5601 = FACE_BOUND('',#5602,.F.);
#5602 = EDGE_LOOP('',(#5603,#5604,#5605,#5606,#5607,#5608,#5609,#5610,
    #5611,#5612,#5613,#5614,#5615,#5616,#5617,#5618,#5619,#5620,#5621,
    #5622,#5623));
#5603 = ORIENTED_EDGE('',*,*,#4072,.F.);
#5604 = ORIENTED_EDGE('',*,*,#4114,.F.);
#5605 = ORIENTED_EDGE('',*,*,#4147,.F.);
#5606 = ORIENTED_EDGE('',*,*,#4180,.F.);
#5607 = ORIENTED_EDGE('',*,*,#4213,.F.);
#5608 = ORIENTED_EDGE('',*,*,#4246,.F.);
#5609 = ORIENTED_EDGE('',*,*,#4279,.F.);
#5610 = ORIENTED_EDGE('',*,*,#4312,.F.);
#5611 = ORIENTED_EDGE('',*,*,#4345,.F.);
#5612 = ORIENTED_EDGE('',*,*,#4378,.F.);
#5613 = ORIENTED_EDGE('',*,*,#4411,.F.);
#5614 = ORIENTED_EDGE('',*,*,#4444,.F.);
#5615 = ORIENTED_EDGE('',*,*,#4477,.F.);
#5616 = ORIENTED_EDGE('',*,*,#4510,.F.);
#5617 = ORIENTED_EDGE('',*,*,#4543,.F.);
#5618 = ORIENTED_EDGE('',*,*,#4576,.F.);
#5619 = ORIENTED_EDGE('',*,*,#4609,.F.);
#5620 = ORIENTED_EDGE('',*,*,#4642,.F.);
#5621 = ORIENTED_EDGE('',*,*,#4675,.F.);
#5622 = ORIENTED_EDGE('',*,*,#4708,.F.);
#5623 = ORIENTED_EDGE('',*,*,#4732,.F.);
#5624 = FACE_BOUND('',#5625,.F.);
#5625 = EDGE_LOOP('',(#5626,#5627,#5628,#5629,#5630,#5631,#5632,#5633,
    #5634,#5635,#5636,#5637));
#5626 = ORIENTED_EDGE('',*,*,#4765,.F.);
#5627 = ORIENTED_EDGE('',*,*,#4807,.F.);
#5628 = ORIENTED_EDGE('',*,*,#4840,.F.);
#5629 = ORIENTED_EDGE('',*,*,#4873,.F.);
#5630 = ORIENTED_EDGE('',*,*,#4906,.F.);
#5631 = ORIENTED_EDGE('',*,*,#4939,.F.);
#5632 = ORIENTED_EDGE('',*,*,#4972,.F.);
#5633 = ORIENTED_EDGE('',*,*,#5005,.F.);
#5634 = ORIENTED_EDGE('',*,*,#5038,.F.);
#5635 = ORIENTED_EDGE('',*,*,#5071,.F.);
#5636 = ORIENTED_EDGE('',*,*,#5104,.F.);
#5637 = ORIENTED_EDGE('',*,*,#5128,.F.);
#5638 = FACE_BOUND('',#5639,.F.);
#5639 = EDGE_LOOP('',(#5640,#5641,#5642,#5643,#5644,#5645,#5646,#5647,
    #5648,#5649,#5650,#5651));
#5640 = ORIENTED_EDGE('',*,*,#5161,.F.);
#5641 = ORIENTED_EDGE('',*,*,#5203,.F.);
#5642 = ORIENTED_EDGE('',*,*,#5236,.F.);
#5643 = ORIENTED_EDGE('',*,*,#5269,.F.);
#5644 = ORIENTED_EDGE('',*,*,#5302,.F.);
#5645 = ORIENTED_EDGE('',*,*,#5335,.F.);
#5646 = ORIENTED_EDGE('',*,*,#5368,.F.);
#5647 = ORIENTED_EDGE('',*,*,#5401,.F.);
#5648 = ORIENTED_EDGE('',*,*,#5434,.F.);
#5649 = ORIENTED_EDGE('',*,*,#5467,.F.);
#5650 = ORIENTED_EDGE('',*,*,#5500,.F.);
#5651 = ORIENTED_EDGE('',*,*,#5524,.F.);
#5652 = PLANE('',#5653);
#5653 = AXIS2_PLACEMENT_3D('',#5654,#5655,#5656);
#5654 = CARTESIAN_POINT('',(-2.264333702384,2.367119230949,9.6));
#5655 = DIRECTION('',(0.,0.,1.));
#5656 = DIRECTION('',(1.,0.,0.));
#5657 = ( GEOMETRIC_REPRESENTATION_CONTEXT(3) 
GLOBAL_UNCERTAINTY_ASSIGNED_CONTEXT((#5661)) 
GLOBAL_UNIT_ASSIGNED_CONTEXT((#5658,#5659,#5660)) REPRESENTATION_CONTEXT
('Context #1','3D Context with UNIT and UNCERTAINTY') );
#5658 = ( LENGTH_UNIT() NAMED_UNIT(*) SI_UNIT(.MILLI.,.METRE.) );
#5659 = ( NAMED_UNIT(*) PLANE_ANGLE_UNIT() SI_UNIT($,.RADIAN.) );
#5660 = ( NAMED_UNIT(*) SI_UNIT($,.STERADIAN.) SOLID_ANGLE_UNIT() );
#5661 = UNCERTAINTY_MEASURE_WITH_UNIT(LENGTH_MEASURE(1.E-07),#5658,
  'distance_accuracy_value','confusion accuracy');
#5662 = CONTEXT_DEPENDENT_SHAPE_REPRESENTATION(#5663,#5665);
#5663 = ( REPRESENTATION_RELATIONSHIP('','',#4055,#10) 
REPRESENTATION_RELATIONSHIP_WITH_TRANSFORMATION(#5664) 
SHAPE_REPRESENTATION_RELATIONSHIP() );
#5664 = ITEM_DEFINED_TRANSFORMATION('','',#11,#19);
#5665 = PRODUCT_DEFINITION_SHAPE('Placement','Placement of an item',
  #5666);
#5666 = NEXT_ASSEMBLY_USAGE_OCCURRENCE('100','Extrude','',#5,#4050,$);
#5667 = PRODUCT_RELATED_PRODUCT_CATEGORY('part',$,(#4052));
#5668 = SHAPE_DEFINITION_REPRESENTATION(#5669,#5675);
#5669 = PRODUCT_DEFINITION_SHAPE('','',#5670);
#5670 = PRODUCT_DEFINITION('design','',#5671,#5674);
#5671 = PRODUCT_DEFINITION_FORMATION('','',#5672);
#5672 = PRODUCT('Extrude001','Extrude001','',(#5673));
#5673 = PRODUCT_CONTEXT('',#2,'mechanical');
#5674 = PRODUCT_DEFINITION_CONTEXT('part definition',#2,'design');
#5675 = ADVANCED_BREP_SHAPE_REPRESENTATION('',(#11,#5676),#6600);
#5676 = MANIFOLD_SOLID_BREP('',#5677);
#5677 = CLOSED_SHELL('',(#5678,#5720,#5753,#5786,#5817,#5850,#5883,#5916
    ,#5949,#5982,#6015,#6048,#6081,#6114,#6147,#6180,#6213,#6244,#6277,
    #6310,#6343,#6376,#6409,#6442,#6475,#6508,#6532,#6566));
#5678 = ADVANCED_FACE('',(#5679),#5713,.F.);
#5679 = FACE_BOUND('',#5680,.F.);
#5680 = EDGE_LOOP('',(#5681,#5691,#5699,#5707));
#5681 = ORIENTED_EDGE('',*,*,#5682,.T.);
#5682 = EDGE_CURVE('',#5683,#5685,#5687,.T.);
#5683 = VERTEX_POINT('',#5684);
#5684 = CARTESIAN_POINT('',(4.857566665579,-6.102077151335,10.));
#5685 = VERTEX_POINT('',#5686);
#5686 = CARTESIAN_POINT('',(4.857566665579,-6.102077151335,9.6));
#5687 = LINE('',#5688,#5689);
#5688 = CARTESIAN_POINT('',(4.857566665579,-6.102077151335,10.));
#5689 = VECTOR('',#5690,1.);
#5690 = DIRECTION('',(0.,0.,-1.));
#5691 = ORIENTED_EDGE('',*,*,#5692,.T.);
#5692 = EDGE_CURVE('',#5685,#5693,#5695,.T.);
#5693 = VERTEX_POINT('',#5694);
#5694 = CARTESIAN_POINT('',(4.179154202671,-5.950556379822,9.6));
#5695 = B_SPLINE_CURVE_WITH_KNOTS('',2,(#5696,#5697,#5698),
  .UNSPECIFIED.,.F.,.F.,(3,3),(0.,1.),.PIECEWISE_BEZIER_KNOTS.);
#5696 = CARTESIAN_POINT('',(4.857566665579,-6.102077151335,9.6));
#5697 = CARTESIAN_POINT('',(4.475704647774,-6.102077151335,9.6));
#5698 = CARTESIAN_POINT('',(4.179154202671,-5.950556379822,9.6));
#5699 = ORIENTED_EDGE('',*,*,#5700,.F.);
#5700 = EDGE_CURVE('',#5701,#5693,#5703,.T.);
#5701 = VERTEX_POINT('',#5702);
#5702 = CARTESIAN_POINT('',(4.179154202671,-5.950556379822,10.));
#5703 = LINE('',#5704,#5705);
#5704 = CARTESIAN_POINT('',(4.179154202671,-5.950556379822,10.));
#5705 = VECTOR('',#5706,1.);
#5706 = DIRECTION('',(0.,0.,-1.));
#5707 = ORIENTED_EDGE('',*,*,#5708,.F.);
#5708 = EDGE_CURVE('',#5683,#5701,#5709,.T.);
#5709 = B_SPLINE_CURVE_WITH_KNOTS('',2,(#5710,#5711,#5712),
  .UNSPECIFIED.,.F.,.F.,(3,3),(0.,1.),.PIECEWISE_BEZIER_KNOTS.);
#5710 = CARTESIAN_POINT('',(4.857566665579,-6.102077151335,10.));
#5711 = CARTESIAN_POINT('',(4.475704647774,-6.102077151335,10.));
#5712 = CARTESIAN_POINT('',(4.179154202671,-5.950556379822,10.));
#5713 = SURFACE_OF_LINEAR_EXTRUSION('',#5714,#5718);
#5714 = B_SPLINE_CURVE_WITH_KNOTS('',2,(#5715,#5716,#5717),
  .UNSPECIFIED.,.F.,.F.,(3,3),(0.,1.),.PIECEWISE_BEZIER_KNOTS.);
#5715 = CARTESIAN_POINT('',(4.857566665579,-6.102077151335,10.));
#5716 = CARTESIAN_POINT('',(4.475704647774,-6.102077151335,10.));
#5717 = CARTESIAN_POINT('',(4.179154202671,-5.950556379822,10.));
#5718 = VECTOR('',#5719,1.);
#5719 = DIRECTION('',(-0.,-0.,1.));
#5720 = ADVANCED_FACE('',(#5721),#5746,.F.);
#5721 = FACE_BOUND('',#5722,.F.);
#5722 = EDGE_LOOP('',(#5723,#5733,#5739,#5740));
#5723 = ORIENTED_EDGE('',*,*,#5724,.T.);
#5724 = EDGE_CURVE('',#5725,#5727,#5729,.T.);
#5725 = VERTEX_POINT('',#5726);
#5726 = CARTESIAN_POINT('',(4.957158653709,-6.058679525223,10.));
#5727 = VERTEX_POINT('',#5728);
#5728 = CARTESIAN_POINT('',(4.957158653709,-6.058679525223,9.6));
#5729 = LINE('',#5730,#5731);
#5730 = CARTESIAN_POINT('',(4.957158653709,-6.058679525223,10.));
#5731 = VECTOR('',#5732,1.);
#5732 = DIRECTION('',(0.,0.,-1.));
#5733 = ORIENTED_EDGE('',*,*,#5734,.T.);
#5734 = EDGE_CURVE('',#5727,#5685,#5735,.T.);
#5735 = B_SPLINE_CURVE_WITH_KNOTS('',2,(#5736,#5737,#5738),
  .UNSPECIFIED.,.F.,.F.,(3,3),(0.,1.),.PIECEWISE_BEZIER_KNOTS.);
#5736 = CARTESIAN_POINT('',(4.957158653709,-6.058679525223,9.6));
#5737 = CARTESIAN_POINT('',(4.914502867359,-6.102077151335,9.6));
#5738 = CARTESIAN_POINT('',(4.857566665579,-6.102077151335,9.6));
#5739 = ORIENTED_EDGE('',*,*,#5682,.F.);
#5740 = ORIENTED_EDGE('',*,*,#5741,.F.);
#5741 = EDGE_CURVE('',#5725,#5683,#5742,.T.);
#5742 = B_SPLINE_CURVE_WITH_KNOTS('',2,(#5743,#5744,#5745),
  .UNSPECIFIED.,.F.,.F.,(3,3),(0.,1.),.PIECEWISE_BEZIER_KNOTS.);
#5743 = CARTESIAN_POINT('',(4.957158653709,-6.058679525223,10.));
#5744 = CARTESIAN_POINT('',(4.914502867359,-6.102077151335,10.));
#5745 = CARTESIAN_POINT('',(4.857566665579,-6.102077151335,10.));
#5746 = SURFACE_OF_LINEAR_EXTRUSION('',#5747,#5751);
#5747 = B_SPLINE_CURVE_WITH_KNOTS('',2,(#5748,#5749,#5750),
  .UNSPECIFIED.,.F.,.F.,(3,3),(0.,1.),.PIECEWISE_BEZIER_KNOTS.);
#5748 = CARTESIAN_POINT('',(4.957158653709,-6.058679525223,10.));
#5749 = CARTESIAN_POINT('',(4.914502867359,-6.102077151335,10.));
#5750 = CARTESIAN_POINT('',(4.857566665579,-6.102077151335,10.));
#5751 = VECTOR('',#5752,1.);
#5752 = DIRECTION('',(-0.,-0.,1.));
#5753 = ADVANCED_FACE('',(#5754),#5779,.F.);
#5754 = FACE_BOUND('',#5755,.F.);
#5755 = EDGE_LOOP('',(#5756,#5766,#5772,#5773));
#5756 = ORIENTED_EDGE('',*,*,#5757,.T.);
#5757 = EDGE_CURVE('',#5758,#5760,#5762,.T.);
#5758 = VERTEX_POINT('',#5759);
#5759 = CARTESIAN_POINT('',(4.9999999,-5.957418397626,10.));
#5760 = VERTEX_POINT('',#5761);
#5761 = CARTESIAN_POINT('',(4.9999999,-5.957418397626,9.6));
#5762 = LINE('',#5763,#5764);
#5763 = CARTESIAN_POINT('',(4.9999999,-5.957418397626,10.));
#5764 = VECTOR('',#5765,1.);
#5765 = DIRECTION('',(0.,0.,-1.));
#5766 = ORIENTED_EDGE('',*,*,#5767,.T.);
#5767 = EDGE_CURVE('',#5760,#5727,#5768,.T.);
#5768 = B_SPLINE_CURVE_WITH_KNOTS('',2,(#5769,#5770,#5771),
  .UNSPECIFIED.,.F.,.F.,(3,3),(0.,1.),.PIECEWISE_BEZIER_KNOTS.);
#5769 = CARTESIAN_POINT('',(4.9999999,-5.957418397626,9.6));
#5770 = CARTESIAN_POINT('',(4.9999999,-6.01528189911,9.6));
#5771 = CARTESIAN_POINT('',(4.957158653709,-6.058679525223,9.6));
#5772 = ORIENTED_EDGE('',*,*,#5724,.F.);
#5773 = ORIENTED_EDGE('',*,*,#5774,.F.);
#5774 = EDGE_CURVE('',#5758,#5725,#5775,.T.);
#5775 = B_SPLINE_CURVE_WITH_KNOTS('',2,(#5776,#5777,#5778),
  .UNSPECIFIED.,.F.,.F.,(3,3),(0.,1.),.PIECEWISE_BEZIER_KNOTS.);
#5776 = CARTESIAN_POINT('',(4.9999999,-5.957418397626,10.));
#5777 = CARTESIAN_POINT('',(4.9999999,-6.01528189911,10.));
#5778 = CARTESIAN_POINT('',(4.957158653709,-6.058679525223,10.));
#5779 = SURFACE_OF_LINEAR_EXTRUSION('',#5780,#5784);
#5780 = B_SPLINE_CURVE_WITH_KNOTS('',2,(#5781,#5782,#5783),
  .UNSPECIFIED.,.F.,.F.,(3,3),(0.,1.),.PIECEWISE_BEZIER_KNOTS.);
#5781 = CARTESIAN_POINT('',(4.9999999,-5.957418397626,10.));
#5782 = CARTESIAN_POINT('',(4.9999999,-6.01528189911,10.));
#5783 = CARTESIAN_POINT('',(4.957158653709,-6.058679525223,10.));
#5784 = VECTOR('',#5785,1.);
#5785 = DIRECTION('',(-0.,-0.,1.));
#5786 = ADVANCED_FACE('',(#5787),#5812,.F.);
#5787 = FACE_BOUND('',#5788,.F.);
#5788 = EDGE_LOOP('',(#5789,#5799,#5805,#5806));
#5789 = ORIENTED_EDGE('',*,*,#5790,.T.);
#5790 = EDGE_CURVE('',#5791,#5793,#5795,.T.);
#5791 = VERTEX_POINT('',#5792);
#5792 = CARTESIAN_POINT('',(4.9999999,-5.546439169139,10.));
#5793 = VERTEX_POINT('',#5794);
#5794 = CARTESIAN_POINT('',(4.9999999,-5.546439169139,9.6));
#5795 = LINE('',#5796,#5797);
#5796 = CARTESIAN_POINT('',(4.9999999,-5.546439169139,10.));
#5797 = VECTOR('',#5798,1.);
#5798 = DIRECTION('',(0.,0.,-1.));
#5799 = ORIENTED_EDGE('',*,*,#5800,.T.);
#5800 = EDGE_CURVE('',#5793,#5760,#5801,.T.);
#5801 = LINE('',#5802,#5803);
#5802 = CARTESIAN_POINT('',(4.9999999,-5.546439169139,9.6));
#5803 = VECTOR('',#5804,1.);
#5804 = DIRECTION('',(0.,-1.,0.));
#5805 = ORIENTED_EDGE('',*,*,#5757,.F.);
#5806 = ORIENTED_EDGE('',*,*,#5807,.F.);
#5807 = EDGE_CURVE('',#5791,#5758,#5808,.T.);
#5808 = LINE('',#5809,#5810);
#5809 = CARTESIAN_POINT('',(4.9999999,-5.546439169139,10.));
#5810 = VECTOR('',#5811,1.);
#5811 = DIRECTION('',(0.,-1.,0.));
#5812 = PLANE('',#5813);
#5813 = AXIS2_PLACEMENT_3D('',#5814,#5815,#5816);
#5814 = CARTESIAN_POINT('',(4.9999999,-5.546439169139,10.));
#5815 = DIRECTION('',(-1.,-0.,-0.));
#5816 = DIRECTION('',(0.,-1.,0.));
#5817 = ADVANCED_FACE('',(#5818),#5843,.F.);
#5818 = FACE_BOUND('',#5819,.F.);
#5819 = EDGE_LOOP('',(#5820,#5830,#5836,#5837));
#5820 = ORIENTED_EDGE('',*,*,#5821,.T.);
#5821 = EDGE_CURVE('',#5822,#5824,#5826,.T.);
#5822 = VERTEX_POINT('',#5823);
#5823 = CARTESIAN_POINT('',(4.96012601276,-5.442210682493,10.));
#5824 = VERTEX_POINT('',#5825);
#5825 = CARTESIAN_POINT('',(4.96012601276,-5.442210682493,9.6));
#5826 = LINE('',#5827,#5828);
#5827 = CARTESIAN_POINT('',(4.96012601276,-5.442210682493,10.));
#5828 = VECTOR('',#5829,1.);
#5829 = DIRECTION('',(0.,0.,-1.));
#5830 = ORIENTED_EDGE('',*,*,#5831,.T.);
#5831 = EDGE_CURVE('',#5824,#5793,#5832,.T.);
#5832 = B_SPLINE_CURVE_WITH_KNOTS('',2,(#5833,#5834,#5835),
  .UNSPECIFIED.,.F.,.F.,(3,3),(0.,1.),.PIECEWISE_BEZIER_KNOTS.);
#5833 = CARTESIAN_POINT('',(4.96012601276,-5.442210682493,9.6));
#5834 = CARTESIAN_POINT('',(4.9999999,-5.482826409496,9.6));
#5835 = CARTESIAN_POINT('',(4.9999999,-5.546439169139,9.6));
#5836 = ORIENTED_EDGE('',*,*,#5790,.F.);
#5837 = ORIENTED_EDGE('',*,*,#5838,.F.);
#5838 = EDGE_CURVE('',#5822,#5791,#5839,.T.);
#5839 = B_SPLINE_CURVE_WITH_KNOTS('',2,(#5840,#5841,#5842),
  .UNSPECIFIED.,.F.,.F.,(3,3),(0.,1.),.PIECEWISE_BEZIER_KNOTS.);
#5840 = CARTESIAN_POINT('',(4.96012601276,-5.442210682493,10.));
#5841 = CARTESIAN_POINT('',(4.9999999,-5.482826409496,10.));
#5842 = CARTESIAN_POINT('',(4.9999999,-5.546439169139,10.));
#5843 = SURFACE_OF_LINEAR_EXTRUSION('',#5844,#5848);
#5844 = B_SPLINE_CURVE_WITH_KNOTS('',2,(#5845,#5846,#5847),
  .UNSPECIFIED.,.F.,.F.,(3,3),(0.,1.),.PIECEWISE_BEZIER_KNOTS.);
#5845 = CARTESIAN_POINT('',(4.96012601276,-5.442210682493,10.));
#5846 = CARTESIAN_POINT('',(4.9999999,-5.482826409496,10.));
#5847 = CARTESIAN_POINT('',(4.9999999,-5.546439169139,10.));
#5848 = VECTOR('',#5849,1.);
#5849 = DIRECTION('',(-0.,-0.,1.));
#5850 = ADVANCED_FACE('',(#5851),#5876,.F.);
#5851 = FACE_BOUND('',#5852,.F.);
#5852 = EDGE_LOOP('',(#5853,#5863,#5869,#5870));
#5853 = ORIENTED_EDGE('',*,*,#5854,.T.);
#5854 = EDGE_CURVE('',#5855,#5857,#5859,.T.);
#5855 = VERTEX_POINT('',#5856);
#5856 = CARTESIAN_POINT('',(4.86943610178,-5.40178041543,10.));
#5857 = VERTEX_POINT('',#5858);
#5858 = CARTESIAN_POINT('',(4.86943610178,-5.40178041543,9.6));
#5859 = LINE('',#5860,#5861);
#5860 = CARTESIAN_POINT('',(4.86943610178,-5.40178041543,10.));
#5861 = VECTOR('',#5862,1.);
#5862 = DIRECTION('',(0.,0.,-1.));
#5863 = ORIENTED_EDGE('',*,*,#5864,.T.);
#5864 = EDGE_CURVE('',#5857,#5824,#5865,.T.);
#5865 = B_SPLINE_CURVE_WITH_KNOTS('',2,(#5866,#5867,#5868),
  .UNSPECIFIED.,.F.,.F.,(3,3),(0.,1.),.PIECEWISE_BEZIER_KNOTS.);
#5866 = CARTESIAN_POINT('',(4.86943610178,-5.40178041543,9.6));
#5867 = CARTESIAN_POINT('',(4.92043758546,-5.40178041543,9.6));
#5868 = CARTESIAN_POINT('',(4.96012601276,-5.442210682493,9.6));
#5869 = ORIENTED_EDGE('',*,*,#5821,.F.);
#5870 = ORIENTED_EDGE('',*,*,#5871,.F.);
#5871 = EDGE_CURVE('',#5855,#5822,#5872,.T.);
#5872 = B_SPLINE_CURVE_WITH_KNOTS('',2,(#5873,#5874,#5875),
  .UNSPECIFIED.,.F.,.F.,(3,3),(0.,1.),.PIECEWISE_BEZIER_KNOTS.);
#5873 = CARTESIAN_POINT('',(4.86943610178,-5.40178041543,10.));
#5874 = CARTESIAN_POINT('',(4.92043758546,-5.40178041543,10.));
#5875 = CARTESIAN_POINT('',(4.96012601276,-5.442210682493,10.));
#5876 = SURFACE_OF_LINEAR_EXTRUSION('',#5877,#5881);
#5877 = B_SPLINE_CURVE_WITH_KNOTS('',2,(#5878,#5879,#5880),
  .UNSPECIFIED.,.F.,.F.,(3,3),(0.,1.),.PIECEWISE_BEZIER_KNOTS.);
#5878 = CARTESIAN_POINT('',(4.86943610178,-5.40178041543,10.));
#5879 = CARTESIAN_POINT('',(4.92043758546,-5.40178041543,10.));
#5880 = CARTESIAN_POINT('',(4.96012601276,-5.442210682493,10.));
#5881 = VECTOR('',#5882,1.);
#5882 = DIRECTION('',(-0.,-0.,1.));
#5883 = ADVANCED_FACE('',(#5884),#5909,.F.);
#5884 = FACE_BOUND('',#5885,.F.);
#5885 = EDGE_LOOP('',(#5886,#5896,#5902,#5903));
#5886 = ORIENTED_EDGE('',*,*,#5887,.T.);
#5887 = EDGE_CURVE('',#5888,#5890,#5892,.T.);
#5888 = VERTEX_POINT('',#5889);
#5889 = CARTESIAN_POINT('',(4.477002867359,-5.273071216617,10.));
#5890 = VERTEX_POINT('',#5891);
#5891 = CARTESIAN_POINT('',(4.477002867359,-5.273071216617,9.6));
#5892 = LINE('',#5893,#5894);
#5893 = CARTESIAN_POINT('',(4.477002867359,-5.273071216617,10.));
#5894 = VECTOR('',#5895,1.);
#5895 = DIRECTION('',(0.,0.,-1.));
#5896 = ORIENTED_EDGE('',*,*,#5897,.T.);
#5897 = EDGE_CURVE('',#5890,#5857,#5898,.T.);
#5898 = B_SPLINE_CURVE_WITH_KNOTS('',2,(#5899,#5900,#5901),
  .UNSPECIFIED.,.F.,.F.,(3,3),(0.,1.),.PIECEWISE_BEZIER_KNOTS.);
#5899 = CARTESIAN_POINT('',(4.477002867359,-5.273071216617,9.6));
#5900 = CARTESIAN_POINT('',(4.636127496439,-5.40178041543,9.6));
#5901 = CARTESIAN_POINT('',(4.86943610178,-5.40178041543,9.6));
#5902 = ORIENTED_EDGE('',*,*,#5854,.F.);
#5903 = ORIENTED_EDGE('',*,*,#5904,.F.);
#5904 = EDGE_CURVE('',#5888,#5855,#5905,.T.);
#5905 = B_SPLINE_CURVE_WITH_KNOTS('',2,(#5906,#5907,#5908),
  .UNSPECIFIED.,.F.,.F.,(3,3),(0.,1.),.PIECEWISE_BEZIER_KNOTS.);
#5906 = CARTESIAN_POINT('',(4.477002867359,-5.273071216617,10.));
#5907 = CARTESIAN_POINT('',(4.636127496439,-5.40178041543,10.));
#5908 = CARTESIAN_POINT('',(4.86943610178,-5.40178041543,10.));
#5909 = SURFACE_OF_LINEAR_EXTRUSION('',#5910,#5914);
#5910 = B_SPLINE_CURVE_WITH_KNOTS('',2,(#5911,#5912,#5913),
  .UNSPECIFIED.,.F.,.F.,(3,3),(0.,1.),.PIECEWISE_BEZIER_KNOTS.);
#5911 = CARTESIAN_POINT('',(4.477002867359,-5.273071216617,10.));
#5912 = CARTESIAN_POINT('',(4.636127496439,-5.40178041543,10.));
#5913 = CARTESIAN_POINT('',(4.86943610178,-5.40178041543,10.));
#5914 = VECTOR('',#5915,1.);
#5915 = DIRECTION('',(-0.,-0.,1.));
#5916 = ADVANCED_FACE('',(#5917),#5942,.F.);
#5917 = FACE_BOUND('',#5918,.F.);
#5918 = EDGE_LOOP('',(#5919,#5929,#5935,#5936));
#5919 = ORIENTED_EDGE('',*,*,#5920,.T.);
#5920 = EDGE_CURVE('',#5921,#5923,#5925,.T.);
#5921 = VERTEX_POINT('',#5922);
#5922 = CARTESIAN_POINT('',(4.226817407418,-4.898442136499,10.));
#5923 = VERTEX_POINT('',#5924);
#5924 = CARTESIAN_POINT('',(4.226817407418,-4.898442136499,9.6));
#5925 = LINE('',#5926,#5927);
#5926 = CARTESIAN_POINT('',(4.226817407418,-4.898442136499,10.));
#5927 = VECTOR('',#5928,1.);
#5928 = DIRECTION('',(0.,0.,-1.));
#5929 = ORIENTED_EDGE('',*,*,#5930,.T.);
#5930 = EDGE_CURVE('',#5923,#5890,#5931,.T.);
#5931 = B_SPLINE_CURVE_WITH_KNOTS('',2,(#5932,#5933,#5934),
  .UNSPECIFIED.,.F.,.F.,(3,3),(0.,1.),.PIECEWISE_BEZIER_KNOTS.);
#5932 = CARTESIAN_POINT('',(4.226817407418,-4.898442136499,9.6));
#5933 = CARTESIAN_POINT('',(4.317878238279,-5.144362017804,9.6));
#5934 = CARTESIAN_POINT('',(4.477002867359,-5.273071216617,9.6));
#5935 = ORIENTED_EDGE('',*,*,#5887,.F.);
#5936 = ORIENTED_EDGE('',*,*,#5937,.F.);
#5937 = EDGE_CURVE('',#5921,#5888,#5938,.T.);
#5938 = B_SPLINE_CURVE_WITH_KNOTS('',2,(#5939,#5940,#5941),
  .UNSPECIFIED.,.F.,.F.,(3,3),(0.,1.),.PIECEWISE_BEZIER_KNOTS.);
#5939 = CARTESIAN_POINT('',(4.226817407418,-4.898442136499,10.));
#5940 = CARTESIAN_POINT('',(4.317878238279,-5.144362017804,10.));
#5941 = CARTESIAN_POINT('',(4.477002867359,-5.273071216617,10.));
#5942 = SURFACE_OF_LINEAR_EXTRUSION('',#5943,#5947);
#5943 = B_SPLINE_CURVE_WITH_KNOTS('',2,(#5944,#5945,#5946),
  .UNSPECIFIED.,.F.,.F.,(3,3),(0.,1.),.PIECEWISE_BEZIER_KNOTS.);
#5944 = CARTESIAN_POINT('',(4.226817407418,-4.898442136499,10.));
#5945 = CARTESIAN_POINT('',(4.317878238279,-5.144362017804,10.));
#5946 = CARTESIAN_POINT('',(4.477002867359,-5.273071216617,10.));
#5947 = VECTOR('',#5948,1.);
#5948 = DIRECTION('',(-0.,-0.,1.));
#5949 = ADVANCED_FACE('',(#5950),#5975,.F.);
#5950 = FACE_BOUND('',#5951,.F.);
#5951 = EDGE_LOOP('',(#5952,#5962,#5968,#5969));
#5952 = ORIENTED_EDGE('',*,*,#5953,.T.);
#5953 = EDGE_CURVE('',#5954,#5956,#5958,.T.);
#5954 = VERTEX_POINT('',#5955);
#5955 = CARTESIAN_POINT('',(4.096068149258,-4.286424332344,10.));
#5956 = VERTEX_POINT('',#5957);
#5957 = CARTESIAN_POINT('',(4.096068149258,-4.286424332344,9.6));
#5958 = LINE('',#5959,#5960);
#5959 = CARTESIAN_POINT('',(4.096068149258,-4.286424332344,10.));
#5960 = VECTOR('',#5961,1.);
#5961 = DIRECTION('',(0.,0.,-1.));
#5962 = ORIENTED_EDGE('',*,*,#5963,.T.);
#5963 = EDGE_CURVE('',#5956,#5923,#5964,.T.);
#5964 = B_SPLINE_CURVE_WITH_KNOTS('',2,(#5965,#5966,#5967),
  .UNSPECIFIED.,.F.,.F.,(3,3),(0.,1.),.PIECEWISE_BEZIER_KNOTS.);
#5965 = CARTESIAN_POINT('',(4.096068149258,-4.286424332344,9.6));
#5966 = CARTESIAN_POINT('',(4.135942036499,-4.652522255193,9.6));
#5967 = CARTESIAN_POINT('',(4.226817407418,-4.898442136499,9.6));
#5968 = ORIENTED_EDGE('',*,*,#5920,.F.);
#5969 = ORIENTED_EDGE('',*,*,#5970,.F.);
#5970 = EDGE_CURVE('',#5954,#5921,#5971,.T.);
#5971 = B_SPLINE_CURVE_WITH_KNOTS('',2,(#5972,#5973,#5974),
  .UNSPECIFIED.,.F.,.F.,(3,3),(0.,1.),.PIECEWISE_BEZIER_KNOTS.);
#5972 = CARTESIAN_POINT('',(4.096068149258,-4.286424332344,10.));
#5973 = CARTESIAN_POINT('',(4.135942036499,-4.652522255193,10.));
#5974 = CARTESIAN_POINT('',(4.226817407418,-4.898442136499,10.));
#5975 = SURFACE_OF_LINEAR_EXTRUSION('',#5976,#5980);
#5976 = B_SPLINE_CURVE_WITH_KNOTS('',2,(#5977,#5978,#5979),
  .UNSPECIFIED.,.F.,.F.,(3,3),(0.,1.),.PIECEWISE_BEZIER_KNOTS.);
#5977 = CARTESIAN_POINT('',(4.096068149258,-4.286424332344,10.));
#5978 = CARTESIAN_POINT('',(4.135942036499,-4.652522255193,10.));
#5979 = CARTESIAN_POINT('',(4.226817407418,-4.898442136499,10.));
#5980 = VECTOR('',#5981,1.);
#5981 = DIRECTION('',(-0.,-0.,1.));
#5982 = ADVANCED_FACE('',(#5983),#6008,.F.);
#5983 = FACE_BOUND('',#5984,.F.);
#5984 = EDGE_LOOP('',(#5985,#5995,#6001,#6002));
#5985 = ORIENTED_EDGE('',*,*,#5986,.T.);
#5986 = EDGE_CURVE('',#5987,#5989,#5991,.T.);
#5987 = VERTEX_POINT('',#5988);
#5988 = CARTESIAN_POINT('',(4.056379721958,-3.428486646884,10.));
#5989 = VERTEX_POINT('',#5990);
#5990 = CARTESIAN_POINT('',(4.056379721958,-3.428486646884,9.6));
#5991 = LINE('',#5992,#5993);
#5992 = CARTESIAN_POINT('',(4.056379721958,-3.428486646884,10.));
#5993 = VECTOR('',#5994,1.);
#5994 = DIRECTION('',(0.,0.,-1.));
#5995 = ORIENTED_EDGE('',*,*,#5996,.T.);
#5996 = EDGE_CURVE('',#5989,#5956,#5997,.T.);
#5997 = B_SPLINE_CURVE_WITH_KNOTS('',2,(#5998,#5999,#6000),
  .UNSPECIFIED.,.F.,.F.,(3,3),(0.,1.),.PIECEWISE_BEZIER_KNOTS.);
#5998 = CARTESIAN_POINT('',(4.056379721958,-3.428486646884,9.6));
#5999 = CARTESIAN_POINT('',(4.056379721958,-3.920326409496,9.6));
#6000 = CARTESIAN_POINT('',(4.096068149258,-4.286424332344,9.6));
#6001 = ORIENTED_EDGE('',*,*,#5953,.F.);
#6002 = ORIENTED_EDGE('',*,*,#6003,.F.);
#6003 = EDGE_CURVE('',#5987,#5954,#6004,.T.);
#6004 = B_SPLINE_CURVE_WITH_KNOTS('',2,(#6005,#6006,#6007),
  .UNSPECIFIED.,.F.,.F.,(3,3),(0.,1.),.PIECEWISE_BEZIER_KNOTS.);
#6005 = CARTESIAN_POINT('',(4.056379721958,-3.428486646884,10.));
#6006 = CARTESIAN_POINT('',(4.056379721958,-3.920326409496,10.));
#6007 = CARTESIAN_POINT('',(4.096068149258,-4.286424332344,10.));
#6008 = SURFACE_OF_LINEAR_EXTRUSION('',#6009,#6013);
#6009 = B_SPLINE_CURVE_WITH_KNOTS('',2,(#6010,#6011,#6012),
  .UNSPECIFIED.,.F.,.F.,(3,3),(0.,1.),.PIECEWISE_BEZIER_KNOTS.);
#6010 = CARTESIAN_POINT('',(4.056379721958,-3.428486646884,10.));
#6011 = CARTESIAN_POINT('',(4.056379721958,-3.920326409496,10.));
#6012 = CARTESIAN_POINT('',(4.096068149258,-4.286424332344,10.));
#6013 = VECTOR('',#6014,1.);
#6014 = DIRECTION('',(-0.,-0.,1.));
#6015 = ADVANCED_FACE('',(#6016),#6041,.F.);
#6016 = FACE_BOUND('',#6017,.F.);
#6017 = EDGE_LOOP('',(#6018,#6028,#6034,#6035));
#6018 = ORIENTED_EDGE('',*,*,#6019,.T.);
#6019 = EDGE_CURVE('',#6020,#6022,#6024,.T.);
#6020 = VERTEX_POINT('',#6021);
#6021 = CARTESIAN_POINT('',(4.096068149258,-2.573516320475,10.));
#6022 = VERTEX_POINT('',#6023);
#6023 = CARTESIAN_POINT('',(4.096068149258,-2.573516320475,9.6));
#6024 = LINE('',#6025,#6026);
#6025 = CARTESIAN_POINT('',(4.096068149258,-2.573516320475,10.));
#6026 = VECTOR('',#6027,1.);
#6027 = DIRECTION('',(0.,0.,-1.));
#6028 = ORIENTED_EDGE('',*,*,#6029,.T.);
#6029 = EDGE_CURVE('',#6022,#5989,#6030,.T.);
#6030 = B_SPLINE_CURVE_WITH_KNOTS('',2,(#6031,#6032,#6033),
  .UNSPECIFIED.,.F.,.F.,(3,3),(0.,1.),.PIECEWISE_BEZIER_KNOTS.);
#6031 = CARTESIAN_POINT('',(4.096068149258,-2.573516320475,9.6));
#6032 = CARTESIAN_POINT('',(4.056379721958,-2.936646884273,9.6));
#6033 = CARTESIAN_POINT('',(4.056379721958,-3.428486646884,9.6));
#6034 = ORIENTED_EDGE('',*,*,#5986,.F.);
#6035 = ORIENTED_EDGE('',*,*,#6036,.F.);
#6036 = EDGE_CURVE('',#6020,#5987,#6037,.T.);
#6037 = B_SPLINE_CURVE_WITH_KNOTS('',2,(#6038,#6039,#6040),
  .UNSPECIFIED.,.F.,.F.,(3,3),(0.,1.),.PIECEWISE_BEZIER_KNOTS.);
#6038 = CARTESIAN_POINT('',(4.096068149258,-2.573516320475,10.));
#6039 = CARTESIAN_POINT('',(4.056379721958,-2.936646884273,10.));
#6040 = CARTESIAN_POINT('',(4.056379721958,-3.428486646884,10.));
#6041 = SURFACE_OF_LINEAR_EXTRUSION('',#6042,#6046);
#6042 = B_SPLINE_CURVE_WITH_KNOTS('',2,(#6043,#6044,#6045),
  .UNSPECIFIED.,.F.,.F.,(3,3),(0.,1.),.PIECEWISE_BEZIER_KNOTS.);
#6043 = CARTESIAN_POINT('',(4.096068149258,-2.573516320475,10.));
#6044 = CARTESIAN_POINT('',(4.056379721958,-2.936646884273,10.));
#6045 = CARTESIAN_POINT('',(4.056379721958,-3.428486646884,10.));
#6046 = VECTOR('',#6047,1.);
#6047 = DIRECTION('',(-0.,-0.,1.));
#6048 = ADVANCED_FACE('',(#6049),#6074,.F.);
#6049 = FACE_BOUND('',#6050,.F.);
#6050 = EDGE_LOOP('',(#6051,#6061,#6067,#6068));
#6051 = ORIENTED_EDGE('',*,*,#6052,.T.);
#6052 = EDGE_CURVE('',#6053,#6055,#6057,.T.);
#6053 = VERTEX_POINT('',#6054);
#6054 = CARTESIAN_POINT('',(4.226817407418,-1.961683976261,10.));
#6055 = VERTEX_POINT('',#6056);
#6056 = CARTESIAN_POINT('',(4.226817407418,-1.961683976261,9.6));
#6057 = LINE('',#6058,#6059);
#6058 = CARTESIAN_POINT('',(4.226817407418,-1.961683976261,10.));
#6059 = VECTOR('',#6060,1.);
#6060 = DIRECTION('',(0.,0.,-1.));
#6061 = ORIENTED_EDGE('',*,*,#6062,.T.);
#6062 = EDGE_CURVE('',#6055,#6022,#6063,.T.);
#6063 = B_SPLINE_CURVE_WITH_KNOTS('',2,(#6064,#6065,#6066),
  .UNSPECIFIED.,.F.,.F.,(3,3),(0.,1.),.PIECEWISE_BEZIER_KNOTS.);
#6064 = CARTESIAN_POINT('',(4.226817407418,-1.961683976261,9.6));
#6065 = CARTESIAN_POINT('',(4.135942036499,-2.210385756677,9.6));
#6066 = CARTESIAN_POINT('',(4.096068149258,-2.573516320475,9.6));
#6067 = ORIENTED_EDGE('',*,*,#6019,.F.);
#6068 = ORIENTED_EDGE('',*,*,#6069,.F.);
#6069 = EDGE_CURVE('',#6053,#6020,#6070,.T.);
#6070 = B_SPLINE_CURVE_WITH_KNOTS('',2,(#6071,#6072,#6073),
  .UNSPECIFIED.,.F.,.F.,(3,3),(0.,1.),.PIECEWISE_BEZIER_KNOTS.);
#6071 = CARTESIAN_POINT('',(4.226817407418,-1.961683976261,10.));
#6072 = CARTESIAN_POINT('',(4.135942036499,-2.210385756677,10.));
#6073 = CARTESIAN_POINT('',(4.096068149258,-2.573516320475,10.));
#6074 = SURFACE_OF_LINEAR_EXTRUSION('',#6075,#6079);
#6075 = B_SPLINE_CURVE_WITH_KNOTS('',2,(#6076,#6077,#6078),
  .UNSPECIFIED.,.F.,.F.,(3,3),(0.,1.),.PIECEWISE_BEZIER_KNOTS.);
#6076 = CARTESIAN_POINT('',(4.226817407418,-1.961683976261,10.));
#6077 = CARTESIAN_POINT('',(4.135942036499,-2.210385756677,10.));
#6078 = CARTESIAN_POINT('',(4.096068149258,-2.573516320475,10.));
#6079 = VECTOR('',#6080,1.);
#6080 = DIRECTION('',(-0.,-0.,1.));
#6081 = ADVANCED_FACE('',(#6082),#6107,.F.);
#6082 = FACE_BOUND('',#6083,.F.);
#6083 = EDGE_LOOP('',(#6084,#6094,#6100,#6101));
#6084 = ORIENTED_EDGE('',*,*,#6085,.T.);
#6085 = EDGE_CURVE('',#6086,#6088,#6090,.T.);
#6086 = VERTEX_POINT('',#6087);
#6087 = CARTESIAN_POINT('',(4.477002867359,-1.587054896142,10.));
#6088 = VERTEX_POINT('',#6089);
#6089 = CARTESIAN_POINT('',(4.477002867359,-1.587054896142,9.6));
#6090 = LINE('',#6091,#6092);
#6091 = CARTESIAN_POINT('',(4.477002867359,-1.587054896142,10.));
#6092 = VECTOR('',#6093,1.);
#6093 = DIRECTION('',(0.,0.,-1.));
#6094 = ORIENTED_EDGE('',*,*,#6095,.T.);
#6095 = EDGE_CURVE('',#6088,#6055,#6096,.T.);
#6096 = B_SPLINE_CURVE_WITH_KNOTS('',2,(#6097,#6098,#6099),
  .UNSPECIFIED.,.F.,.F.,(3,3),(0.,1.),.PIECEWISE_BEZIER_KNOTS.);
#6097 = CARTESIAN_POINT('',(4.477002867359,-1.587054896142,9.6));
#6098 = CARTESIAN_POINT('',(4.317878238279,-1.712796735905,9.6));
#6099 = CARTESIAN_POINT('',(4.226817407418,-1.961683976261,9.6));
#6100 = ORIENTED_EDGE('',*,*,#6052,.F.);
#6101 = ORIENTED_EDGE('',*,*,#6102,.F.);
#6102 = EDGE_CURVE('',#6086,#6053,#6103,.T.);
#6103 = B_SPLINE_CURVE_WITH_KNOTS('',2,(#6104,#6105,#6106),
  .UNSPECIFIED.,.F.,.F.,(3,3),(0.,1.),.PIECEWISE_BEZIER_KNOTS.);
#6104 = CARTESIAN_POINT('',(4.477002867359,-1.587054896142,10.));
#6105 = CARTESIAN_POINT('',(4.317878238279,-1.712796735905,10.));
#6106 = CARTESIAN_POINT('',(4.226817407418,-1.961683976261,10.));
#6107 = SURFACE_OF_LINEAR_EXTRUSION('',#6108,#6112);
#6108 = B_SPLINE_CURVE_WITH_KNOTS('',2,(#6109,#6110,#6111),
  .UNSPECIFIED.,.F.,.F.,(3,3),(0.,1.),.PIECEWISE_BEZIER_KNOTS.);
#6109 = CARTESIAN_POINT('',(4.477002867359,-1.587054896142,10.));
#6110 = CARTESIAN_POINT('',(4.317878238279,-1.712796735905,10.));
#6111 = CARTESIAN_POINT('',(4.226817407418,-1.961683976261,10.));
#6112 = VECTOR('',#6113,1.);
#6113 = DIRECTION('',(-0.,-0.,1.));
#6114 = ADVANCED_FACE('',(#6115),#6140,.F.);
#6115 = FACE_BOUND('',#6116,.F.);
#6116 = EDGE_LOOP('',(#6117,#6127,#6133,#6134));
#6117 = ORIENTED_EDGE('',*,*,#6118,.T.);
#6118 = EDGE_CURVE('',#6119,#6121,#6123,.T.);
#6119 = VERTEX_POINT('',#6120);
#6120 = CARTESIAN_POINT('',(4.86943610178,-1.461127596439,10.));
#6121 = VERTEX_POINT('',#6122);
#6122 = CARTESIAN_POINT('',(4.86943610178,-1.461127596439,9.6));
#6123 = LINE('',#6124,#6125);
#6124 = CARTESIAN_POINT('',(4.86943610178,-1.461127596439,10.));
#6125 = VECTOR('',#6126,1.);
#6126 = DIRECTION('',(0.,0.,-1.));
#6127 = ORIENTED_EDGE('',*,*,#6128,.T.);
#6128 = EDGE_CURVE('',#6121,#6088,#6129,.T.);
#6129 = B_SPLINE_CURVE_WITH_KNOTS('',2,(#6130,#6131,#6132),
  .UNSPECIFIED.,.F.,.F.,(3,3),(0.,1.),.PIECEWISE_BEZIER_KNOTS.);
#6130 = CARTESIAN_POINT('',(4.86943610178,-1.461127596439,9.6));
#6131 = CARTESIAN_POINT('',(4.636127496439,-1.461127596439,9.6));
#6132 = CARTESIAN_POINT('',(4.477002867359,-1.587054896142,9.6));
#6133 = ORIENTED_EDGE('',*,*,#6085,.F.);
#6134 = ORIENTED_EDGE('',*,*,#6135,.F.);
#6135 = EDGE_CURVE('',#6119,#6086,#6136,.T.);
#6136 = B_SPLINE_CURVE_WITH_KNOTS('',2,(#6137,#6138,#6139),
  .UNSPECIFIED.,.F.,.F.,(3,3),(0.,1.),.PIECEWISE_BEZIER_KNOTS.);
#6137 = CARTESIAN_POINT('',(4.86943610178,-1.461127596439,10.));
#6138 = CARTESIAN_POINT('',(4.636127496439,-1.461127596439,10.));
#6139 = CARTESIAN_POINT('',(4.477002867359,-1.587054896142,10.));
#6140 = SURFACE_OF_LINEAR_EXTRUSION('',#6141,#6145);
#6141 = B_SPLINE_CURVE_WITH_KNOTS('',2,(#6142,#6143,#6144),
  .UNSPECIFIED.,.F.,.F.,(3,3),(0.,1.),.PIECEWISE_BEZIER_KNOTS.);
#6142 = CARTESIAN_POINT('',(4.86943610178,-1.461127596439,10.));
#6143 = CARTESIAN_POINT('',(4.636127496439,-1.461127596439,10.));
#6144 = CARTESIAN_POINT('',(4.477002867359,-1.587054896142,10.));
#6145 = VECTOR('',#6146,1.);
#6146 = DIRECTION('',(-0.,-0.,1.));
#6147 = ADVANCED_FACE('',(#6148),#6173,.F.);
#6148 = FACE_BOUND('',#6149,.F.);
#6149 = EDGE_LOOP('',(#6150,#6160,#6166,#6167));
#6150 = ORIENTED_EDGE('',*,*,#6151,.T.);
#6151 = EDGE_CURVE('',#6152,#6154,#6156,.T.);
#6152 = VERTEX_POINT('',#6153);
#6153 = CARTESIAN_POINT('',(4.96012601276,-1.420697329377,10.));
#6154 = VERTEX_POINT('',#6155);
#6155 = CARTESIAN_POINT('',(4.96012601276,-1.420697329377,9.6));
#6156 = LINE('',#6157,#6158);
#6157 = CARTESIAN_POINT('',(4.96012601276,-1.420697329377,10.));
#6158 = VECTOR('',#6159,1.);
#6159 = DIRECTION('',(0.,0.,-1.));
#6160 = ORIENTED_EDGE('',*,*,#6161,.T.);
#6161 = EDGE_CURVE('',#6154,#6121,#6162,.T.);
#6162 = B_SPLINE_CURVE_WITH_KNOTS('',2,(#6163,#6164,#6165),
  .UNSPECIFIED.,.F.,.F.,(3,3),(0.,1.),.PIECEWISE_BEZIER_KNOTS.);
#6163 = CARTESIAN_POINT('',(4.96012601276,-1.420697329377,9.6));
#6164 = CARTESIAN_POINT('',(4.92043758546,-1.461127596439,9.6));
#6165 = CARTESIAN_POINT('',(4.86943610178,-1.461127596439,9.6));
#6166 = ORIENTED_EDGE('',*,*,#6118,.F.);
#6167 = ORIENTED_EDGE('',*,*,#6168,.F.);
#6168 = EDGE_CURVE('',#6152,#6119,#6169,.T.);
#6169 = B_SPLINE_CURVE_WITH_KNOTS('',2,(#6170,#6171,#6172),
  .UNSPECIFIED.,.F.,.F.,(3,3),(0.,1.),.PIECEWISE_BEZIER_KNOTS.);
#6170 = CARTESIAN_POINT('',(4.96012601276,-1.420697329377,10.));
#6171 = CARTESIAN_POINT('',(4.92043758546,-1.461127596439,10.));
#6172 = CARTESIAN_POINT('',(4.86943610178,-1.461127596439,10.));
#6173 = SURFACE_OF_LINEAR_EXTRUSION('',#6174,#6178);
#6174 = B_SPLINE_CURVE_WITH_KNOTS('',2,(#6175,#6176,#6177),
  .UNSPECIFIED.,.F.,.F.,(3,3),(0.,1.),.PIECEWISE_BEZIER_KNOTS.);
#6175 = CARTESIAN_POINT('',(4.96012601276,-1.420697329377,10.));
#6176 = CARTESIAN_POINT('',(4.92043758546,-1.461127596439,10.));
#6177 = CARTESIAN_POINT('',(4.86943610178,-1.461127596439,10.));
#6178 = VECTOR('',#6179,1.);
#6179 = DIRECTION('',(-0.,-0.,1.));
#6180 = ADVANCED_FACE('',(#6181),#6206,.F.);
#6181 = FACE_BOUND('',#6182,.F.);
#6182 = EDGE_LOOP('',(#6183,#6193,#6199,#6200));
#6183 = ORIENTED_EDGE('',*,*,#6184,.T.);
#6184 = EDGE_CURVE('',#6185,#6187,#6189,.T.);
#6185 = VERTEX_POINT('',#6186);
#6186 = CARTESIAN_POINT('',(4.9999999,-1.31646884273,10.));
#6187 = VERTEX_POINT('',#6188);
#6188 = CARTESIAN_POINT('',(4.9999999,-1.31646884273,9.6));
#6189 = LINE('',#6190,#6191);
#6190 = CARTESIAN_POINT('',(4.9999999,-1.31646884273,10.));
#6191 = VECTOR('',#6192,1.);
#6192 = DIRECTION('',(0.,0.,-1.));
#6193 = ORIENTED_EDGE('',*,*,#6194,.T.);
#6194 = EDGE_CURVE('',#6187,#6154,#6195,.T.);
#6195 = B_SPLINE_CURVE_WITH_KNOTS('',2,(#6196,#6197,#6198),
  .UNSPECIFIED.,.F.,.F.,(3,3),(0.,1.),.PIECEWISE_BEZIER_KNOTS.);
#6196 = CARTESIAN_POINT('',(4.9999999,-1.31646884273,9.6));
#6197 = CARTESIAN_POINT('',(4.9999999,-1.380081602374,9.6));
#6198 = CARTESIAN_POINT('',(4.96012601276,-1.420697329377,9.6));
#6199 = ORIENTED_EDGE('',*,*,#6151,.F.);
#6200 = ORIENTED_EDGE('',*,*,#6201,.F.);
#6201 = EDGE_CURVE('',#6185,#6152,#6202,.T.);
#6202 = B_SPLINE_CURVE_WITH_KNOTS('',2,(#6203,#6204,#6205),
  .UNSPECIFIED.,.F.,.F.,(3,3),(0.,1.),.PIECEWISE_BEZIER_KNOTS.);
#6203 = CARTESIAN_POINT('',(4.9999999,-1.31646884273,10.));
#6204 = CARTESIAN_POINT('',(4.9999999,-1.380081602374,10.));
#6205 = CARTESIAN_POINT('',(4.96012601276,-1.420697329377,10.));
#6206 = SURFACE_OF_LINEAR_EXTRUSION('',#6207,#6211);
#6207 = B_SPLINE_CURVE_WITH_KNOTS('',2,(#6208,#6209,#6210),
  .UNSPECIFIED.,.F.,.F.,(3,3),(0.,1.),.PIECEWISE_BEZIER_KNOTS.);
#6208 = CARTESIAN_POINT('',(4.9999999,-1.31646884273,10.));
#6209 = CARTESIAN_POINT('',(4.9999999,-1.380081602374,10.));
#6210 = CARTESIAN_POINT('',(4.96012601276,-1.420697329377,10.));
#6211 = VECTOR('',#6212,1.);
#6212 = DIRECTION('',(-0.,-0.,1.));
#6213 = ADVANCED_FACE('',(#6214),#6239,.F.);
#6214 = FACE_BOUND('',#6215,.F.);
#6215 = EDGE_LOOP('',(#6216,#6226,#6232,#6233));
#6216 = ORIENTED_EDGE('',*,*,#6217,.T.);
#6217 = EDGE_CURVE('',#6218,#6220,#6222,.T.);
#6218 = VERTEX_POINT('',#6219);
#6219 = CARTESIAN_POINT('',(4.9999999,-0.905489614243,10.));
#6220 = VERTEX_POINT('',#6221);
#6221 = CARTESIAN_POINT('',(4.9999999,-0.905489614243,9.6));
#6222 = LINE('',#6223,#6224);
#6223 = CARTESIAN_POINT('',(4.9999999,-0.905489614243,10.));
#6224 = VECTOR('',#6225,1.);
#6225 = DIRECTION('',(0.,0.,-1.));
#6226 = ORIENTED_EDGE('',*,*,#6227,.T.);
#6227 = EDGE_CURVE('',#6220,#6187,#6228,.T.);
#6228 = LINE('',#6229,#6230);
#6229 = CARTESIAN_POINT('',(4.9999999,-0.905489614243,9.6));
#6230 = VECTOR('',#6231,1.);
#6231 = DIRECTION('',(0.,-1.,0.));
#6232 = ORIENTED_EDGE('',*,*,#6184,.F.);
#6233 = ORIENTED_EDGE('',*,*,#6234,.F.);
#6234 = EDGE_CURVE('',#6218,#6185,#6235,.T.);
#6235 = LINE('',#6236,#6237);
#6236 = CARTESIAN_POINT('',(4.9999999,-0.905489614243,10.));
#6237 = VECTOR('',#6238,1.);
#6238 = DIRECTION('',(0.,-1.,0.));
#6239 = PLANE('',#6240);
#6240 = AXIS2_PLACEMENT_3D('',#6241,#6242,#6243);
#6241 = CARTESIAN_POINT('',(4.9999999,-0.905489614243,10.));
#6242 = DIRECTION('',(-1.,-0.,-0.));
#6243 = DIRECTION('',(0.,-1.,0.));
#6244 = ADVANCED_FACE('',(#6245),#6270,.F.);
#6245 = FACE_BOUND('',#6246,.F.);
#6246 = EDGE_LOOP('',(#6247,#6257,#6263,#6264));
#6247 = ORIENTED_EDGE('',*,*,#6248,.T.);
#6248 = EDGE_CURVE('',#6249,#6251,#6253,.T.);
#6249 = VERTEX_POINT('',#6250);
#6250 = CARTESIAN_POINT('',(4.957158653709,-0.804228486647,10.));
#6251 = VERTEX_POINT('',#6252);
#6252 = CARTESIAN_POINT('',(4.957158653709,-0.804228486647,9.6));
#6253 = LINE('',#6254,#6255);
#6254 = CARTESIAN_POINT('',(4.957158653709,-0.804228486647,10.));
#6255 = VECTOR('',#6256,1.);
#6256 = DIRECTION('',(0.,0.,-1.));
#6257 = ORIENTED_EDGE('',*,*,#6258,.T.);
#6258 = EDGE_CURVE('',#6251,#6220,#6259,.T.);
#6259 = B_SPLINE_CURVE_WITH_KNOTS('',2,(#6260,#6261,#6262),
  .UNSPECIFIED.,.F.,.F.,(3,3),(0.,1.),.PIECEWISE_BEZIER_KNOTS.);
#6260 = CARTESIAN_POINT('',(4.957158653709,-0.804228486647,9.6));
#6261 = CARTESIAN_POINT('',(4.9999999,-0.84762611276,9.6));
#6262 = CARTESIAN_POINT('',(4.9999999,-0.905489614243,9.6));
#6263 = ORIENTED_EDGE('',*,*,#6217,.F.);
#6264 = ORIENTED_EDGE('',*,*,#6265,.F.);
#6265 = EDGE_CURVE('',#6249,#6218,#6266,.T.);
#6266 = B_SPLINE_CURVE_WITH_KNOTS('',2,(#6267,#6268,#6269),
  .UNSPECIFIED.,.F.,.F.,(3,3),(0.,1.),.PIECEWISE_BEZIER_KNOTS.);
#6267 = CARTESIAN_POINT('',(4.957158653709,-0.804228486647,10.));
#6268 = CARTESIAN_POINT('',(4.9999999,-0.84762611276,10.));
#6269 = CARTESIAN_POINT('',(4.9999999,-0.905489614243,10.));
#6270 = SURFACE_OF_LINEAR_EXTRUSION('',#6271,#6275);
#6271 = B_SPLINE_CURVE_WITH_KNOTS('',2,(#6272,#6273,#6274),
  .UNSPECIFIED.,.F.,.F.,(3,3),(0.,1.),.PIECEWISE_BEZIER_KNOTS.);
#6272 = CARTESIAN_POINT('',(4.957158653709,-0.804228486647,10.));
#6273 = CARTESIAN_POINT('',(4.9999999,-0.84762611276,10.));
#6274 = CARTESIAN_POINT('',(4.9999999,-0.905489614243,10.));
#6275 = VECTOR('',#6276,1.);
#6276 = DIRECTION('',(-0.,-0.,1.));
#6277 = ADVANCED_FACE('',(#6278),#6303,.F.);
#6278 = FACE_BOUND('',#6279,.F.);
#6279 = EDGE_LOOP('',(#6280,#6290,#6296,#6297));
#6280 = ORIENTED_EDGE('',*,*,#6281,.T.);
#6281 = EDGE_CURVE('',#6282,#6284,#6286,.T.);
#6282 = VERTEX_POINT('',#6283);
#6283 = CARTESIAN_POINT('',(4.857566665579,-0.760830860534,10.));
#6284 = VERTEX_POINT('',#6285);
#6285 = CARTESIAN_POINT('',(4.857566665579,-0.760830860534,9.6));
#6286 = LINE('',#6287,#6288);
#6287 = CARTESIAN_POINT('',(4.857566665579,-0.760830860534,10.));
#6288 = VECTOR('',#6289,1.);
#6289 = DIRECTION('',(0.,0.,-1.));
#6290 = ORIENTED_EDGE('',*,*,#6291,.T.);
#6291 = EDGE_CURVE('',#6284,#6251,#6292,.T.);
#6292 = B_SPLINE_CURVE_WITH_KNOTS('',2,(#6293,#6294,#6295),
  .UNSPECIFIED.,.F.,.F.,(3,3),(0.,1.),.PIECEWISE_BEZIER_KNOTS.);
#6293 = CARTESIAN_POINT('',(4.857566665579,-0.760830860534,9.6));
#6294 = CARTESIAN_POINT('',(4.914502867359,-0.760830860534,9.6));
#6295 = CARTESIAN_POINT('',(4.957158653709,-0.804228486647,9.6));
#6296 = ORIENTED_EDGE('',*,*,#6248,.F.);
#6297 = ORIENTED_EDGE('',*,*,#6298,.F.);
#6298 = EDGE_CURVE('',#6282,#6249,#6299,.T.);
#6299 = B_SPLINE_CURVE_WITH_KNOTS('',2,(#6300,#6301,#6302),
  .UNSPECIFIED.,.F.,.F.,(3,3),(0.,1.),.PIECEWISE_BEZIER_KNOTS.);
#6300 = CARTESIAN_POINT('',(4.857566665579,-0.760830860534,10.));
#6301 = CARTESIAN_POINT('',(4.914502867359,-0.760830860534,10.));
#6302 = CARTESIAN_POINT('',(4.957158653709,-0.804228486647,10.));
#6303 = SURFACE_OF_LINEAR_EXTRUSION('',#6304,#6308);
#6304 = B_SPLINE_CURVE_WITH_KNOTS('',2,(#6305,#6306,#6307),
  .UNSPECIFIED.,.F.,.F.,(3,3),(0.,1.),.PIECEWISE_BEZIER_KNOTS.);
#6305 = CARTESIAN_POINT('',(4.857566665579,-0.760830860534,10.));
#6306 = CARTESIAN_POINT('',(4.914502867359,-0.760830860534,10.));
#6307 = CARTESIAN_POINT('',(4.957158653709,-0.804228486647,10.));
#6308 = VECTOR('',#6309,1.);
#6309 = DIRECTION('',(-0.,-0.,1.));
#6310 = ADVANCED_FACE('',(#6311),#6336,.F.);
#6311 = FACE_BOUND('',#6312,.F.);
#6312 = EDGE_LOOP('',(#6313,#6323,#6329,#6330));
#6313 = ORIENTED_EDGE('',*,*,#6314,.T.);
#6314 = EDGE_CURVE('',#6315,#6317,#6319,.T.);
#6315 = VERTEX_POINT('',#6316);
#6316 = CARTESIAN_POINT('',(4.179154202671,-0.912166172107,10.));
#6317 = VERTEX_POINT('',#6318);
#6318 = CARTESIAN_POINT('',(4.179154202671,-0.912166172107,9.6));
#6319 = LINE('',#6320,#6321);
#6320 = CARTESIAN_POINT('',(4.179154202671,-0.912166172107,10.));
#6321 = VECTOR('',#6322,1.);
#6322 = DIRECTION('',(0.,0.,-1.));
#6323 = ORIENTED_EDGE('',*,*,#6324,.T.);
#6324 = EDGE_CURVE('',#6317,#6284,#6325,.T.);
#6325 = B_SPLINE_CURVE_WITH_KNOTS('',2,(#6326,#6327,#6328),
  .UNSPECIFIED.,.F.,.F.,(3,3),(0.,1.),.PIECEWISE_BEZIER_KNOTS.);
#6326 = CARTESIAN_POINT('',(4.179154202671,-0.912166172107,9.6));
#6327 = CARTESIAN_POINT('',(4.475704647774,-0.760830860534,9.6));
#6328 = CARTESIAN_POINT('',(4.857566665579,-0.760830860534,9.6));
#6329 = ORIENTED_EDGE('',*,*,#6281,.F.);
#6330 = ORIENTED_EDGE('',*,*,#6331,.F.);
#6331 = EDGE_CURVE('',#6315,#6282,#6332,.T.);
#6332 = B_SPLINE_CURVE_WITH_KNOTS('',2,(#6333,#6334,#6335),
  .UNSPECIFIED.,.F.,.F.,(3,3),(0.,1.),.PIECEWISE_BEZIER_KNOTS.);
#6333 = CARTESIAN_POINT('',(4.179154202671,-0.912166172107,10.));
#6334 = CARTESIAN_POINT('',(4.475704647774,-0.760830860534,10.));
#6335 = CARTESIAN_POINT('',(4.857566665579,-0.760830860534,10.));
#6336 = SURFACE_OF_LINEAR_EXTRUSION('',#6337,#6341);
#6337 = B_SPLINE_CURVE_WITH_KNOTS('',2,(#6338,#6339,#6340),
  .UNSPECIFIED.,.F.,.F.,(3,3),(0.,1.),.PIECEWISE_BEZIER_KNOTS.);
#6338 = CARTESIAN_POINT('',(4.179154202671,-0.912166172107,10.));
#6339 = CARTESIAN_POINT('',(4.475704647774,-0.760830860534,10.));
#6340 = CARTESIAN_POINT('',(4.857566665579,-0.760830860534,10.));
#6341 = VECTOR('',#6342,1.);
#6342 = DIRECTION('',(-0.,-0.,1.));
#6343 = ADVANCED_FACE('',(#6344),#6369,.F.);
#6344 = FACE_BOUND('',#6345,.F.);
#6345 = EDGE_LOOP('',(#6346,#6356,#6362,#6363));
#6346 = ORIENTED_EDGE('',*,*,#6347,.T.);
#6347 = EDGE_CURVE('',#6348,#6350,#6352,.T.);
#6348 = VERTEX_POINT('',#6349);
#6349 = CARTESIAN_POINT('',(3.680452422255,-1.383419881306,10.));
#6350 = VERTEX_POINT('',#6351);
#6351 = CARTESIAN_POINT('',(3.680452422255,-1.383419881306,9.6));
#6352 = LINE('',#6353,#6354);
#6353 = CARTESIAN_POINT('',(3.680452422255,-1.383419881306,10.));
#6354 = VECTOR('',#6355,1.);
#6355 = DIRECTION('',(0.,0.,-1.));
#6356 = ORIENTED_EDGE('',*,*,#6357,.T.);
#6357 = EDGE_CURVE('',#6350,#6317,#6358,.T.);
#6358 = B_SPLINE_CURVE_WITH_KNOTS('',2,(#6359,#6360,#6361),
  .UNSPECIFIED.,.F.,.F.,(3,3),(0.,1.),.PIECEWISE_BEZIER_KNOTS.);
#6359 = CARTESIAN_POINT('',(3.680452422255,-1.383419881306,9.6));
#6360 = CARTESIAN_POINT('',(3.882789217507,-1.06350148368,9.6));
#6361 = CARTESIAN_POINT('',(4.179154202671,-0.912166172107,9.6));
#6362 = ORIENTED_EDGE('',*,*,#6314,.F.);
#6363 = ORIENTED_EDGE('',*,*,#6364,.F.);
#6364 = EDGE_CURVE('',#6348,#6315,#6365,.T.);
#6365 = B_SPLINE_CURVE_WITH_KNOTS('',2,(#6366,#6367,#6368),
  .UNSPECIFIED.,.F.,.F.,(3,3),(0.,1.),.PIECEWISE_BEZIER_KNOTS.);
#6366 = CARTESIAN_POINT('',(3.680452422255,-1.383419881306,10.));
#6367 = CARTESIAN_POINT('',(3.882789217507,-1.06350148368,10.));
#6368 = CARTESIAN_POINT('',(4.179154202671,-0.912166172107,10.));
#6369 = SURFACE_OF_LINEAR_EXTRUSION('',#6370,#6374);
#6370 = B_SPLINE_CURVE_WITH_KNOTS('',2,(#6371,#6372,#6373),
  .UNSPECIFIED.,.F.,.F.,(3,3),(0.,1.),.PIECEWISE_BEZIER_KNOTS.);
#6371 = CARTESIAN_POINT('',(3.680452422255,-1.383419881306,10.));
#6372 = CARTESIAN_POINT('',(3.882789217507,-1.06350148368,10.));
#6373 = CARTESIAN_POINT('',(4.179154202671,-0.912166172107,10.));
#6374 = VECTOR('',#6375,1.);
#6375 = DIRECTION('',(-0.,-0.,1.));
#6376 = ADVANCED_FACE('',(#6377),#6402,.F.);
#6377 = FACE_BOUND('',#6378,.F.);
#6378 = EDGE_LOOP('',(#6379,#6389,#6395,#6396));
#6379 = ORIENTED_EDGE('',*,*,#6380,.T.);
#6380 = EDGE_CURVE('',#6381,#6383,#6385,.T.);
#6381 = VERTEX_POINT('',#6382);
#6382 = CARTESIAN_POINT('',(3.375556279822,-2.208902077151,10.));
#6383 = VERTEX_POINT('',#6384);
#6384 = CARTESIAN_POINT('',(3.375556279822,-2.208902077151,9.6));
#6385 = LINE('',#6386,#6387);
#6386 = CARTESIAN_POINT('',(3.375556279822,-2.208902077151,10.));
#6387 = VECTOR('',#6388,1.);
#6388 = DIRECTION('',(0.,0.,-1.));
#6389 = ORIENTED_EDGE('',*,*,#6390,.T.);
#6390 = EDGE_CURVE('',#6383,#6350,#6391,.T.);
#6391 = B_SPLINE_CURVE_WITH_KNOTS('',2,(#6392,#6393,#6394),
  .UNSPECIFIED.,.F.,.F.,(3,3),(0.,1.),.PIECEWISE_BEZIER_KNOTS.);
#6392 = CARTESIAN_POINT('',(3.375556279822,-2.208902077151,9.6));
#6393 = CARTESIAN_POINT('',(3.478115627003,-1.703338278932,9.6));
#6394 = CARTESIAN_POINT('',(3.680452422255,-1.383419881306,9.6));
#6395 = ORIENTED_EDGE('',*,*,#6347,.F.);
#6396 = ORIENTED_EDGE('',*,*,#6397,.F.);
#6397 = EDGE_CURVE('',#6381,#6348,#6398,.T.);
#6398 = B_SPLINE_CURVE_WITH_KNOTS('',2,(#6399,#6400,#6401),
  .UNSPECIFIED.,.F.,.F.,(3,3),(0.,1.),.PIECEWISE_BEZIER_KNOTS.);
#6399 = CARTESIAN_POINT('',(3.375556279822,-2.208902077151,10.));
#6400 = CARTESIAN_POINT('',(3.478115627003,-1.703338278932,10.));
#6401 = CARTESIAN_POINT('',(3.680452422255,-1.383419881306,10.));
#6402 = SURFACE_OF_LINEAR_EXTRUSION('',#6403,#6407);
#6403 = B_SPLINE_CURVE_WITH_KNOTS('',2,(#6404,#6405,#6406),
  .UNSPECIFIED.,.F.,.F.,(3,3),(0.,1.),.PIECEWISE_BEZIER_KNOTS.);
#6404 = CARTESIAN_POINT('',(3.375556279822,-2.208902077151,10.));
#6405 = CARTESIAN_POINT('',(3.478115627003,-1.703338278932,10.));
#6406 = CARTESIAN_POINT('',(3.680452422255,-1.383419881306,10.));
#6407 = VECTOR('',#6408,1.);
#6408 = DIRECTION('',(-0.,-0.,1.));
#6409 = ADVANCED_FACE('',(#6410),#6435,.F.);
#6410 = FACE_BOUND('',#6411,.F.);
#6411 = EDGE_LOOP('',(#6412,#6422,#6428,#6429));
#6412 = ORIENTED_EDGE('',*,*,#6413,.T.);
#6413 = EDGE_CURVE('',#6414,#6416,#6418,.T.);
#6414 = VERTEX_POINT('',#6415);
#6415 = CARTESIAN_POINT('',(3.272996932641,-3.428486646884,10.));
#6416 = VERTEX_POINT('',#6417);
#6417 = CARTESIAN_POINT('',(3.272996932641,-3.428486646884,9.6));
#6418 = LINE('',#6419,#6420);
#6419 = CARTESIAN_POINT('',(3.272996932641,-3.428486646884,10.));
#6420 = VECTOR('',#6421,1.);
#6421 = DIRECTION('',(0.,0.,-1.));
#6422 = ORIENTED_EDGE('',*,*,#6423,.T.);
#6423 = EDGE_CURVE('',#6416,#6383,#6424,.T.);
#6424 = B_SPLINE_CURVE_WITH_KNOTS('',2,(#6425,#6426,#6427),
  .UNSPECIFIED.,.F.,.F.,(3,3),(0.,1.),.PIECEWISE_BEZIER_KNOTS.);
#6425 = CARTESIAN_POINT('',(3.272996932641,-3.428486646884,9.6));
#6426 = CARTESIAN_POINT('',(3.272996932641,-2.714465875371,9.6));
#6427 = CARTESIAN_POINT('',(3.375556279822,-2.208902077151,9.6));
#6428 = ORIENTED_EDGE('',*,*,#6380,.F.);
#6429 = ORIENTED_EDGE('',*,*,#6430,.F.);
#6430 = EDGE_CURVE('',#6414,#6381,#6431,.T.);
#6431 = B_SPLINE_CURVE_WITH_KNOTS('',2,(#6432,#6433,#6434),
  .UNSPECIFIED.,.F.,.F.,(3,3),(0.,1.),.PIECEWISE_BEZIER_KNOTS.);
#6432 = CARTESIAN_POINT('',(3.272996932641,-3.428486646884,10.));
#6433 = CARTESIAN_POINT('',(3.272996932641,-2.714465875371,10.));
#6434 = CARTESIAN_POINT('',(3.375556279822,-2.208902077151,10.));
#6435 = SURFACE_OF_LINEAR_EXTRUSION('',#6436,#6440);
#6436 = B_SPLINE_CURVE_WITH_KNOTS('',2,(#6437,#6438,#6439),
  .UNSPECIFIED.,.F.,.F.,(3,3),(0.,1.),.PIECEWISE_BEZIER_KNOTS.);
#6437 = CARTESIAN_POINT('',(3.272996932641,-3.428486646884,10.));
#6438 = CARTESIAN_POINT('',(3.272996932641,-2.714465875371,10.));
#6439 = CARTESIAN_POINT('',(3.375556279822,-2.208902077151,10.));
#6440 = VECTOR('',#6441,1.);
#6441 = DIRECTION('',(-0.,-0.,1.));
#6442 = ADVANCED_FACE('',(#6443),#6468,.F.);
#6443 = FACE_BOUND('',#6444,.F.);
#6444 = EDGE_LOOP('',(#6445,#6455,#6461,#6462));
#6445 = ORIENTED_EDGE('',*,*,#6446,.T.);
#6446 = EDGE_CURVE('',#6447,#6449,#6451,.T.);
#6447 = VERTEX_POINT('',#6448);
#6448 = CARTESIAN_POINT('',(3.375556279822,-4.645289317507,10.));
#6449 = VERTEX_POINT('',#6450);
#6450 = CARTESIAN_POINT('',(3.375556279822,-4.645289317507,9.6));
#6451 = LINE('',#6452,#6453);
#6452 = CARTESIAN_POINT('',(3.375556279822,-4.645289317507,10.));
#6453 = VECTOR('',#6454,1.);
#6454 = DIRECTION('',(0.,0.,-1.));
#6455 = ORIENTED_EDGE('',*,*,#6456,.T.);
#6456 = EDGE_CURVE('',#6449,#6416,#6457,.T.);
#6457 = B_SPLINE_CURVE_WITH_KNOTS('',2,(#6458,#6459,#6460),
  .UNSPECIFIED.,.F.,.F.,(3,3),(0.,1.),.PIECEWISE_BEZIER_KNOTS.);
#6458 = CARTESIAN_POINT('',(3.375556279822,-4.645289317507,9.6));
#6459 = CARTESIAN_POINT('',(3.272996932641,-4.136943620178,9.6));
#6460 = CARTESIAN_POINT('',(3.272996932641,-3.428486646884,9.6));
#6461 = ORIENTED_EDGE('',*,*,#6413,.F.);
#6462 = ORIENTED_EDGE('',*,*,#6463,.F.);
#6463 = EDGE_CURVE('',#6447,#6414,#6464,.T.);
#6464 = B_SPLINE_CURVE_WITH_KNOTS('',2,(#6465,#6466,#6467),
  .UNSPECIFIED.,.F.,.F.,(3,3),(0.,1.),.PIECEWISE_BEZIER_KNOTS.);
#6465 = CARTESIAN_POINT('',(3.375556279822,-4.645289317507,10.));
#6466 = CARTESIAN_POINT('',(3.272996932641,-4.136943620178,10.));
#6467 = CARTESIAN_POINT('',(3.272996932641,-3.428486646884,10.));
#6468 = SURFACE_OF_LINEAR_EXTRUSION('',#6469,#6473);
#6469 = B_SPLINE_CURVE_WITH_KNOTS('',2,(#6470,#6471,#6472),
  .UNSPECIFIED.,.F.,.F.,(3,3),(0.,1.),.PIECEWISE_BEZIER_KNOTS.);
#6470 = CARTESIAN_POINT('',(3.375556279822,-4.645289317507,10.));
#6471 = CARTESIAN_POINT('',(3.272996932641,-4.136943620178,10.));
#6472 = CARTESIAN_POINT('',(3.272996932641,-3.428486646884,10.));
#6473 = VECTOR('',#6474,1.);
#6474 = DIRECTION('',(-0.,-0.,1.));
#6475 = ADVANCED_FACE('',(#6476),#6501,.F.);
#6476 = FACE_BOUND('',#6477,.F.);
#6477 = EDGE_LOOP('',(#6478,#6488,#6494,#6495));
#6478 = ORIENTED_EDGE('',*,*,#6479,.T.);
#6479 = EDGE_CURVE('',#6480,#6482,#6484,.T.);
#6480 = VERTEX_POINT('',#6481);
#6481 = CARTESIAN_POINT('',(3.680452422255,-5.476335311573,10.));
#6482 = VERTEX_POINT('',#6483);
#6483 = CARTESIAN_POINT('',(3.680452422255,-5.476335311573,9.6));
#6484 = LINE('',#6485,#6486);
#6485 = CARTESIAN_POINT('',(3.680452422255,-5.476335311573,10.));
#6486 = VECTOR('',#6487,1.);
#6487 = DIRECTION('',(0.,0.,-1.));
#6488 = ORIENTED_EDGE('',*,*,#6489,.T.);
#6489 = EDGE_CURVE('',#6482,#6449,#6490,.T.);
#6490 = B_SPLINE_CURVE_WITH_KNOTS('',2,(#6491,#6492,#6493),
  .UNSPECIFIED.,.F.,.F.,(3,3),(0.,1.),.PIECEWISE_BEZIER_KNOTS.);
#6491 = CARTESIAN_POINT('',(3.680452422255,-5.476335311573,9.6));
#6492 = CARTESIAN_POINT('',(3.478115627003,-5.153635014837,9.6));
#6493 = CARTESIAN_POINT('',(3.375556279822,-4.645289317507,9.6));
#6494 = ORIENTED_EDGE('',*,*,#6446,.F.);
#6495 = ORIENTED_EDGE('',*,*,#6496,.F.);
#6496 = EDGE_CURVE('',#6480,#6447,#6497,.T.);
#6497 = B_SPLINE_CURVE_WITH_KNOTS('',2,(#6498,#6499,#6500),
  .UNSPECIFIED.,.F.,.F.,(3,3),(0.,1.),.PIECEWISE_BEZIER_KNOTS.);
#6498 = CARTESIAN_POINT('',(3.680452422255,-5.476335311573,10.));
#6499 = CARTESIAN_POINT('',(3.478115627003,-5.153635014837,10.));
#6500 = CARTESIAN_POINT('',(3.375556279822,-4.645289317507,10.));
#6501 = SURFACE_OF_LINEAR_EXTRUSION('',#6502,#6506);
#6502 = B_SPLINE_CURVE_WITH_KNOTS('',2,(#6503,#6504,#6505),
  .UNSPECIFIED.,.F.,.F.,(3,3),(0.,1.),.PIECEWISE_BEZIER_KNOTS.);
#6503 = CARTESIAN_POINT('',(3.680452422255,-5.476335311573,10.));
#6504 = CARTESIAN_POINT('',(3.478115627003,-5.153635014837,10.));
#6505 = CARTESIAN_POINT('',(3.375556279822,-4.645289317507,10.));
#6506 = VECTOR('',#6507,1.);
#6507 = DIRECTION('',(-0.,-0.,1.));
#6508 = ADVANCED_FACE('',(#6509),#6525,.F.);
#6509 = FACE_BOUND('',#6510,.F.);
#6510 = EDGE_LOOP('',(#6511,#6512,#6518,#6519));
#6511 = ORIENTED_EDGE('',*,*,#5700,.T.);
#6512 = ORIENTED_EDGE('',*,*,#6513,.T.);
#6513 = EDGE_CURVE('',#5693,#6482,#6514,.T.);
#6514 = B_SPLINE_CURVE_WITH_KNOTS('',2,(#6515,#6516,#6517),
  .UNSPECIFIED.,.F.,.F.,(3,3),(0.,1.),.PIECEWISE_BEZIER_KNOTS.);
#6515 = CARTESIAN_POINT('',(4.179154202671,-5.950556379822,9.6));
#6516 = CARTESIAN_POINT('',(3.882789217507,-5.799221068249,9.6));
#6517 = CARTESIAN_POINT('',(3.680452422255,-5.476335311573,9.6));
#6518 = ORIENTED_EDGE('',*,*,#6479,.F.);
#6519 = ORIENTED_EDGE('',*,*,#6520,.F.);
#6520 = EDGE_CURVE('',#5701,#6480,#6521,.T.);
#6521 = B_SPLINE_CURVE_WITH_KNOTS('',2,(#6522,#6523,#6524),
  .UNSPECIFIED.,.F.,.F.,(3,3),(0.,1.),.PIECEWISE_BEZIER_KNOTS.);
#6522 = CARTESIAN_POINT('',(4.179154202671,-5.950556379822,10.));
#6523 = CARTESIAN_POINT('',(3.882789217507,-5.799221068249,10.));
#6524 = CARTESIAN_POINT('',(3.680452422255,-5.476335311573,10.));
#6525 = SURFACE_OF_LINEAR_EXTRUSION('',#6526,#6530);
#6526 = B_SPLINE_CURVE_WITH_KNOTS('',2,(#6527,#6528,#6529),
  .UNSPECIFIED.,.F.,.F.,(3,3),(0.,1.),.PIECEWISE_BEZIER_KNOTS.);
#6527 = CARTESIAN_POINT('',(4.179154202671,-5.950556379822,10.));
#6528 = CARTESIAN_POINT('',(3.882789217507,-5.799221068249,10.));
#6529 = CARTESIAN_POINT('',(3.680452422255,-5.476335311573,10.));
#6530 = VECTOR('',#6531,1.);
#6531 = DIRECTION('',(-0.,-0.,1.));
#6532 = ADVANCED_FACE('',(#6533),#6561,.T.);
#6533 = FACE_BOUND('',#6534,.T.);
#6534 = EDGE_LOOP('',(#6535,#6536,#6537,#6538,#6539,#6540,#6541,#6542,
    #6543,#6544,#6545,#6546,#6547,#6548,#6549,#6550,#6551,#6552,#6553,
    #6554,#6555,#6556,#6557,#6558,#6559,#6560));
#6535 = ORIENTED_EDGE('',*,*,#5708,.F.);
#6536 = ORIENTED_EDGE('',*,*,#5741,.F.);
#6537 = ORIENTED_EDGE('',*,*,#5774,.F.);
#6538 = ORIENTED_EDGE('',*,*,#5807,.F.);
#6539 = ORIENTED_EDGE('',*,*,#5838,.F.);
#6540 = ORIENTED_EDGE('',*,*,#5871,.F.);
#6541 = ORIENTED_EDGE('',*,*,#5904,.F.);
#6542 = ORIENTED_EDGE('',*,*,#5937,.F.);
#6543 = ORIENTED_EDGE('',*,*,#5970,.F.);
#6544 = ORIENTED_EDGE('',*,*,#6003,.F.);
#6545 = ORIENTED_EDGE('',*,*,#6036,.F.);
#6546 = ORIENTED_EDGE('',*,*,#6069,.F.);
#6547 = ORIENTED_EDGE('',*,*,#6102,.F.);
#6548 = ORIENTED_EDGE('',*,*,#6135,.F.);
#6549 = ORIENTED_EDGE('',*,*,#6168,.F.);
#6550 = ORIENTED_EDGE('',*,*,#6201,.F.);
#6551 = ORIENTED_EDGE('',*,*,#6234,.F.);
#6552 = ORIENTED_EDGE('',*,*,#6265,.F.);
#6553 = ORIENTED_EDGE('',*,*,#6298,.F.);
#6554 = ORIENTED_EDGE('',*,*,#6331,.F.);
#6555 = ORIENTED_EDGE('',*,*,#6364,.F.);
#6556 = ORIENTED_EDGE('',*,*,#6397,.F.);
#6557 = ORIENTED_EDGE('',*,*,#6430,.F.);
#6558 = ORIENTED_EDGE('',*,*,#6463,.F.);
#6559 = ORIENTED_EDGE('',*,*,#6496,.F.);
#6560 = ORIENTED_EDGE('',*,*,#6520,.F.);
#6561 = PLANE('',#6562);
#6562 = AXIS2_PLACEMENT_3D('',#6563,#6564,#6565);
#6563 = CARTESIAN_POINT('',(4.065165238098,-3.430881519348,10.));
#6564 = DIRECTION('',(0.,0.,1.));
#6565 = DIRECTION('',(1.,0.,0.));
#6566 = ADVANCED_FACE('',(#6567),#6595,.F.);
#6567 = FACE_BOUND('',#6568,.F.);
#6568 = EDGE_LOOP('',(#6569,#6570,#6571,#6572,#6573,#6574,#6575,#6576,
    #6577,#6578,#6579,#6580,#6581,#6582,#6583,#6584,#6585,#6586,#6587,
    #6588,#6589,#6590,#6591,#6592,#6593,#6594));
#6569 = ORIENTED_EDGE('',*,*,#5692,.F.);
#6570 = ORIENTED_EDGE('',*,*,#5734,.F.);
#6571 = ORIENTED_EDGE('',*,*,#5767,.F.);
#6572 = ORIENTED_EDGE('',*,*,#5800,.F.);
#6573 = ORIENTED_EDGE('',*,*,#5831,.F.);
#6574 = ORIENTED_EDGE('',*,*,#5864,.F.);
#6575 = ORIENTED_EDGE('',*,*,#5897,.F.);
#6576 = ORIENTED_EDGE('',*,*,#5930,.F.);
#6577 = ORIENTED_EDGE('',*,*,#5963,.F.);
#6578 = ORIENTED_EDGE('',*,*,#5996,.F.);
#6579 = ORIENTED_EDGE('',*,*,#6029,.F.);
#6580 = ORIENTED_EDGE('',*,*,#6062,.F.);
#6581 = ORIENTED_EDGE('',*,*,#6095,.F.);
#6582 = ORIENTED_EDGE('',*,*,#6128,.F.);
#6583 = ORIENTED_EDGE('',*,*,#6161,.F.);
#6584 = ORIENTED_EDGE('',*,*,#6194,.F.);
#6585 = ORIENTED_EDGE('',*,*,#6227,.F.);
#6586 = ORIENTED_EDGE('',*,*,#6258,.F.);
#6587 = ORIENTED_EDGE('',*,*,#6291,.F.);
#6588 = ORIENTED_EDGE('',*,*,#6324,.F.);
#6589 = ORIENTED_EDGE('',*,*,#6357,.F.);
#6590 = ORIENTED_EDGE('',*,*,#6390,.F.);
#6591 = ORIENTED_EDGE('',*,*,#6423,.F.);
#6592 = ORIENTED_EDGE('',*,*,#6456,.F.);
#6593 = ORIENTED_EDGE('',*,*,#6489,.F.);
#6594 = ORIENTED_EDGE('',*,*,#6513,.F.);
#6595 = PLANE('',#6596);
#6596 = AXIS2_PLACEMENT_3D('',#6597,#6598,#6599);
#6597 = CARTESIAN_POINT('',(4.065165238098,-3.430881519348,9.6));
#6598 = DIRECTION('',(0.,0.,1.));
#6599 = DIRECTION('',(1.,0.,0.));
#6600 = ( GEOMETRIC_REPRESENTATION_CONTEXT(3) 
GLOBAL_UNCERTAINTY_ASSIGNED_CONTEXT((#6604)) 
GLOBAL_UNIT_ASSIGNED_CONTEXT((#6601,#6602,#6603)) REPRESENTATION_CONTEXT
('Context #1','3D Context with UNIT and UNCERTAINTY') );
#6601 = ( LENGTH_UNIT() NAMED_UNIT(*) SI_UNIT(.MILLI.,.METRE.) );
#6602 = ( NAMED_UNIT(*) PLANE_ANGLE_UNIT() SI_UNIT($,.RADIAN.) );
#6603 = ( NAMED_UNIT(*) SI_UNIT($,.STERADIAN.) SOLID_ANGLE_UNIT() );
#6604 = UNCERTAINTY_MEASURE_WITH_UNIT(LENGTH_MEASURE(1.E-07),#6601,
  'distance_accuracy_value','confusion accuracy');
#6605 = CONTEXT_DEPENDENT_SHAPE_REPRESENTATION(#6606,#6608);
#6606 = ( REPRESENTATION_RELATIONSHIP('','',#5675,#10) 
REPRESENTATION_RELATIONSHIP_WITH_TRANSFORMATION(#6607) 
SHAPE_REPRESENTATION_RELATIONSHIP() );
#6607 = ITEM_DEFINED_TRANSFORMATION('','',#11,#23);
#6608 = PRODUCT_DEFINITION_SHAPE('Placement','Placement of an item',
  #6609);
#6609 = NEXT_ASSEMBLY_USAGE_OCCURRENCE('101','Extrude001','',#5,#5670,$
  );
#6610 = PRODUCT_RELATED_PRODUCT_CATEGORY('part',$,(#5672));
#6611 = MECHANICAL_DESIGN_GEOMETRIC_PRESENTATION_REPRESENTATION('',(
    #6612),#4037);
#6612 = STYLED_ITEM('color',(#6613),#41);
#6613 = PRESENTATION_STYLE_ASSIGNMENT((#6614,#6620));
#6614 = SURFACE_STYLE_USAGE(.BOTH.,#6615);
#6615 = SURFACE_SIDE_STYLE('',(#6616));
#6616 = SURFACE_STYLE_FILL_AREA(#6617);
#6617 = FILL_AREA_STYLE('',(#6618));
#6618 = FILL_AREA_STYLE_COLOUR('',#6619);
#6619 = COLOUR_RGB('',0.447058818107,0.474509808674,0.501960817233);
#6620 = CURVE_STYLE('',#6621,POSITIVE_LENGTH_MEASURE(0.1),#6622);
#6621 = DRAUGHTING_PRE_DEFINED_CURVE_FONT('continuous');
#6622 = COLOUR_RGB('',9.803921802644E-02,9.803921802644E-02,
  9.803921802644E-02);
#6623 = MECHANICAL_DESIGN_GEOMETRIC_PRESENTATION_REPRESENTATION('',(
    #6624),#5657);
#6624 = STYLED_ITEM('color',(#6625),#4056);
#6625 = PRESENTATION_STYLE_ASSIGNMENT((#6626,#6631));
#6626 = SURFACE_STYLE_USAGE(.BOTH.,#6627);
#6627 = SURFACE_SIDE_STYLE('',(#6628));
#6628 = SURFACE_STYLE_FILL_AREA(#6629);
#6629 = FILL_AREA_STYLE('',(#6630));
#6630 = FILL_AREA_STYLE_COLOUR('',#6619);
#6631 = CURVE_STYLE('',#6632,POSITIVE_LENGTH_MEASURE(0.1),#6622);
#6632 = DRAUGHTING_PRE_DEFINED_CURVE_FONT('continuous');
#6633 = MECHANICAL_DESIGN_GEOMETRIC_PRESENTATION_REPRESENTATION('',(
    #6634),#6600);
#6634 = STYLED_ITEM('color',(#6635),#5676);
#6635 = PRESENTATION_STYLE_ASSIGNMENT((#6636,#6641));
#6636 = SURFACE_STYLE_USAGE(.BOTH.,#6637);
#6637 = SURFACE_SIDE_STYLE('',(#6638));
#6638 = SURFACE_STYLE_FILL_AREA(#6639);
#6639 = FILL_AREA_STYLE('',(#6640));
#6640 = FILL_AREA_STYLE_COLOUR('',#6619);
#6641 = CURVE_STYLE('',#6642,POSITIVE_LENGTH_MEASURE(0.1),#6622);
#6642 = DRAUGHTING_PRE_DEFINED_CURVE_FONT('continuous');
ENDSEC;
END-ISO-10303-21;
