ISO-10303-21;
HEADER;
FILE_DESCRIPTION(('FreeCAD Model'),'2;1');
FILE_NAME('Open CASCADE Shape Model','2026-09-02T16:44:09',(''),(''),
  'Open CASCADE STEP processor 7.8','FreeCAD','Unknown');
FILE_SCHEMA(('AUTOMOTIVE_DESIGN { 1 0 10303 214 1 1 1 1 }'));
ENDSEC;
DATA;
#1 = APPLICATION_PROTOCOL_DEFINITION('international standard',
  'automotive_design',2000,#2);
#2 = APPLICATION_CONTEXT(
  'core data for automotive mechanical design processes');
#3 = SHAPE_DEFINITION_REPRESENTATION(#4,#10);
#4 = PRODUCT_DEFINITION_SHAPE('','',#5);
#5 = PRODUCT_DEFINITION('design','',#6,#9);
#6 = PRODUCT_DEFINITION_FORMATION('','',#7);
#7 = PRODUCT('Tasta_9','Tasta_9','',(#8));
#8 = PRODUCT_CONTEXT('',#2,'mechanical');
#9 = PRODUCT_DEFINITION_CONTEXT('part definition',#2,'design');
#10 = SHAPE_REPRESENTATION('',(#11,#15,#19,#23),#27);
#11 = AXIS2_PLACEMENT_3D('',#12,#13,#14);
#12 = CARTESIAN_POINT('',(0.,0.,0.));
#13 = DIRECTION('',(0.,0.,1.));
#14 = DIRECTION('',(1.,0.,-0.));
#15 = AXIS2_PLACEMENT_3D('',#16,#17,#18);
#16 = CARTESIAN_POINT('',(0.,0.,0.));
#17 = DIRECTION('',(0.,0.,1.));
#18 = DIRECTION('',(1.,0.,0.));
#19 = AXIS2_PLACEMENT_3D('',#20,#21,#22);
#20 = CARTESIAN_POINT('',(0.,0.,0.));
#21 = DIRECTION('',(0.,0.,1.));
#22 = DIRECTION('',(1.,0.,0.));
#23 = AXIS2_PLACEMENT_3D('',#24,#25,#26);
#24 = CARTESIAN_POINT('',(0.,0.,0.));
#25 = DIRECTION('',(0.,0.,1.));
#26 = DIRECTION('',(1.,0.,0.));
#27 = ( GEOMETRIC_REPRESENTATION_CONTEXT(3) 
GLOBAL_UNCERTAINTY_ASSIGNED_CONTEXT((#31)) GLOBAL_UNIT_ASSIGNED_CONTEXT(
(#28,#29,#30)) REPRESENTATION_CONTEXT('Context #1',
  '3D Context with UNIT and UNCERTAINTY') );
#28 = ( LENGTH_UNIT() NAMED_UNIT(*) SI_UNIT(.MILLI.,.METRE.) );
#29 = ( NAMED_UNIT(*) PLANE_ANGLE_UNIT() SI_UNIT($,.RADIAN.) );
#30 = ( NAMED_UNIT(*) SI_UNIT($,.STERADIAN.) SOLID_ANGLE_UNIT() );
#31 = UNCERTAINTY_MEASURE_WITH_UNIT(LENGTH_MEASURE(2.E-07),#28,
  'distance_accuracy_value','confusion accuracy');
#32 = PRODUCT_RELATED_PRODUCT_CATEGORY('part',$,(#7));
#33 = SHAPE_DEFINITION_REPRESENTATION(#34,#40);
#34 = PRODUCT_DEFINITION_SHAPE('','',#35);
#35 = PRODUCT_DEFINITION('design','',#36,#39);
#36 = PRODUCT_DEFINITION_FORMATION('','',#37);
#37 = PRODUCT('Body','Body','',(#38));
#38 = PRODUCT_CONTEXT('',#2,'mechanical');
#39 = PRODUCT_DEFINITION_CONTEXT('part definition',#2,'design');
#40 = ADVANCED_BREP_SHAPE_REPRESENTATION('',(#11,#41),#3741);
#41 = MANIFOLD_SOLID_BREP('',#42);
#42 = CLOSED_SHELL('',(#43,#83,#133,#187,#309,#343,#368,#422,#439,#465,
    #923,#957,#982,#1025,#1044,#1075,#1099,#1123,#1147,#1171,#1195,#1219
    ,#1236,#1263,#1282,#1309,#1321,#1354,#1380,#1406,#1432,#1458,#1484,
    #1510,#1536,#1562,#1588,#1612,#1638,#1664,#1690,#1716,#1742,#1768,
    #1794,#1820,#1846,#1872,#1898,#1924,#1948,#1974,#1993,#2024,#2050,
    #2076,#2102,#2128,#2152,#2178,#2204,#2230,#2256,#2280,#2306,#2332,
    #2358,#2384,#2410,#2436,#2462,#2488,#2514,#2540,#2566,#2592,#2618,
    #2637,#2664,#2698,#2829,#2854,#2887,#2913,#2939,#2965,#2991,#3017,
    #3043,#3069,#3095,#3121,#3147,#3166,#3309,#3329,#3360,#3385,#3409,
    #3433,#3457,#3482,#3506,#3530,#3554,#3579,#3603,#3627,#3651,#3676,
    #3700,#3717));
#43 = ADVANCED_FACE('',(#44),#78,.T.);
#44 = FACE_BOUND('',#45,.T.);
#45 = EDGE_LOOP('',(#46,#55,#65,#72));
#46 = ORIENTED_EDGE('',*,*,#47,.T.);
#47 = EDGE_CURVE('',#48,#50,#52,.T.);
#48 = VERTEX_POINT('',#49);
#49 = CARTESIAN_POINT('',(-9.1,-7.685786437627,0.));
#50 = VERTEX_POINT('',#51);
#51 = CARTESIAN_POINT('',(-7.102758617143,-5.68854505477,9.510673251699)
  );
#52 = B_SPLINE_CURVE_WITH_KNOTS('',1,(#53,#54),.UNSPECIFIED.,.F.,.F.,(2,
    2),(0.,1.),.PIECEWISE_BEZIER_KNOTS.);
#53 = CARTESIAN_POINT('',(-9.1,-7.685786437627,0.));
#54 = CARTESIAN_POINT('',(-7.,-5.585786437627,10.));
#55 = ORIENTED_EDGE('',*,*,#56,.F.);
#56 = EDGE_CURVE('',#57,#50,#59,.T.);
#57 = VERTEX_POINT('',#58);
#58 = CARTESIAN_POINT('',(-7.102758617143,5.68854505477,9.510673251699)
  );
#59 = B_SPLINE_CURVE_WITH_KNOTS('',2,(#60,#61,#62,#63,#64),
  .UNSPECIFIED.,.F.,.F.,(3,1,1,3),(-1.183700259966,-0.5,11.671572875254,
    12.355273135219),.UNSPECIFIED.);
#60 = CARTESIAN_POINT('',(-7.102758617143,6.769486697592,9.510673251699)
  );
#61 = CARTESIAN_POINT('',(-7.102758617143,6.42763656761,9.510673251699)
  );
#62 = CARTESIAN_POINT('',(-7.102758617143,-2.66E-15,9.510673251699));
#63 = CARTESIAN_POINT('',(-7.102758617143,-6.42763656761,9.510673251699)
  );
#64 = CARTESIAN_POINT('',(-7.102758617143,-6.769486697592,9.510673251699
    ));
#65 = ORIENTED_EDGE('',*,*,#66,.F.);
#66 = EDGE_CURVE('',#67,#57,#69,.T.);
#67 = VERTEX_POINT('',#68);
#68 = CARTESIAN_POINT('',(-9.1,7.685786437627,0.));
#69 = B_SPLINE_CURVE_WITH_KNOTS('',1,(#70,#71),.UNSPECIFIED.,.F.,.F.,(2,
    2),(0.,1.),.PIECEWISE_BEZIER_KNOTS.);
#70 = CARTESIAN_POINT('',(-9.1,7.685786437627,0.));
#71 = CARTESIAN_POINT('',(-7.,5.585786437627,10.));
#72 = ORIENTED_EDGE('',*,*,#73,.T.);
#73 = EDGE_CURVE('',#67,#48,#74,.T.);
#74 = LINE('',#75,#76);
#75 = CARTESIAN_POINT('',(-9.1,7.685786437627,0.));
#76 = VECTOR('',#77,1.);
#77 = DIRECTION('',(0.,-1.,0.));
#78 = B_SPLINE_SURFACE_WITH_KNOTS('',1,1,(
    (#79,#80)
    ,(#81,#82
    )),.UNSPECIFIED.,.F.,.F.,.F.,(2,2),(2,2),(0.,15.371572875254),(0.,1.
    ),.PIECEWISE_BEZIER_KNOTS.);
#79 = CARTESIAN_POINT('',(-9.1,7.685786437627,0.));
#80 = CARTESIAN_POINT('',(-7.,5.585786437627,10.));
#81 = CARTESIAN_POINT('',(-9.1,-7.685786437627,0.));
#82 = CARTESIAN_POINT('',(-7.,-5.585786437627,10.));
#83 = ADVANCED_FACE('',(#84),#128,.T.);
#84 = FACE_BOUND('',#85,.T.);
#85 = EDGE_LOOP('',(#86,#95,#105,#113,#121,#122));
#86 = ORIENTED_EDGE('',*,*,#87,.T.);
#87 = EDGE_CURVE('',#88,#90,#92,.T.);
#88 = VERTEX_POINT('',#89);
#89 = CARTESIAN_POINT('',(-7.685786437627,-9.1,0.));
#90 = VERTEX_POINT('',#91);
#91 = CARTESIAN_POINT('',(-5.68854505477,-7.102758617143,9.510673251699)
  );
#92 = B_SPLINE_CURVE_WITH_KNOTS('',1,(#93,#94),.UNSPECIFIED.,.F.,.F.,(2,
    2),(0.,1.),.PIECEWISE_BEZIER_KNOTS.);
#93 = CARTESIAN_POINT('',(-7.685786437627,-9.1,0.));
#94 = CARTESIAN_POINT('',(-5.585786437627,-7.,10.));
#95 = ORIENTED_EDGE('',*,*,#96,.F.);
#96 = EDGE_CURVE('',#97,#90,#99,.T.);
#97 = VERTEX_POINT('',#98);
#98 = CARTESIAN_POINT('',(-5.696677530706,-7.090418714604,9.520690934088
    ));
#99 = B_SPLINE_CURVE_WITH_KNOTS('',4,(#100,#101,#102,#103,#104),
  .UNSPECIFIED.,.F.,.F.,(5,5),(0.,1.),.PIECEWISE_BEZIER_KNOTS.);
#100 = CARTESIAN_POINT('',(-5.696632501422,-7.090487040287,
    9.520635466471));
#101 = CARTESIAN_POINT('',(-5.694610639759,-7.093554934501,
    9.518144912778));
#102 = CARTESIAN_POINT('',(-5.692588778096,-7.096622828715,
    9.515654359085));
#103 = CARTESIAN_POINT('',(-5.690566916433,-7.099690722929,
    9.513163805392));
#104 = CARTESIAN_POINT('',(-5.68854505477,-7.102758617143,9.510673251699
    ));
#105 = ORIENTED_EDGE('',*,*,#106,.F.);
#106 = EDGE_CURVE('',#107,#97,#109,.T.);
#107 = VERTEX_POINT('',#108);
#108 = CARTESIAN_POINT('',(-7.090418714604,-5.696677530706,
    9.520690934088));
#109 = LINE('',#110,#111);
#110 = CARTESIAN_POINT('',(-7.100654903841,-5.686441341468,
    9.520690934088));
#111 = VECTOR('',#112,1.);
#112 = DIRECTION('',(0.707106781187,-0.707106781187,0.));
#113 = ORIENTED_EDGE('',*,*,#114,.T.);
#114 = EDGE_CURVE('',#107,#50,#115,.T.);
#115 = B_SPLINE_CURVE_WITH_KNOTS('',4,(#116,#117,#118,#119,#120),
  .UNSPECIFIED.,.F.,.F.,(5,5),(0.,1.),.PIECEWISE_BEZIER_KNOTS.);
#116 = CARTESIAN_POINT('',(-7.090487040287,-5.696632501422,
    9.520635466471));
#117 = CARTESIAN_POINT('',(-7.093554934501,-5.694610639759,
    9.518144912778));
#118 = CARTESIAN_POINT('',(-7.096622828715,-5.692588778096,
    9.515654359085));
#119 = CARTESIAN_POINT('',(-7.099690722929,-5.690566916433,
    9.513163805392));
#120 = CARTESIAN_POINT('',(-7.102758617143,-5.68854505477,9.510673251699
    ));
#121 = ORIENTED_EDGE('',*,*,#47,.F.);
#122 = ORIENTED_EDGE('',*,*,#123,.T.);
#123 = EDGE_CURVE('',#48,#88,#124,.T.);
#124 = LINE('',#125,#126);
#125 = CARTESIAN_POINT('',(-9.1,-7.685786437627,0.));
#126 = VECTOR('',#127,1.);
#127 = DIRECTION('',(0.707106781187,-0.707106781187,0.));
#128 = PLANE('',#129);
#129 = AXIS2_PLACEMENT_3D('',#130,#131,#132);
#130 = CARTESIAN_POINT('',(-7.,-5.585786437627,10.));
#131 = DIRECTION('',(-0.677845381581,-0.677845381581,0.284695060264));
#132 = DIRECTION('',(0.707106781187,-0.707106781187,-5.551115123126E-17)
  );
#133 = ADVANCED_FACE('',(#134),#176,.F.);
#134 = FACE_BOUND('',#135,.F.);
#135 = EDGE_LOOP('',(#136,#148,#158,#166,#167,#168));
#136 = ORIENTED_EDGE('',*,*,#137,.F.);
#137 = EDGE_CURVE('',#138,#140,#142,.T.);
#138 = VERTEX_POINT('',#139);
#139 = CARTESIAN_POINT('',(-6.5,5.37867965644,10.));
#140 = VERTEX_POINT('',#141);
#141 = CARTESIAN_POINT('',(-7.090418714604,5.696677530706,9.520690934088
    ));
#142 = B_SPLINE_CURVE_WITH_KNOTS('',4,(#143,#144,#145,#146,#147),
  .UNSPECIFIED.,.F.,.F.,(5,5),(0.,1.),.PIECEWISE_BEZIER_KNOTS.);
#143 = CARTESIAN_POINT('',(-6.5,5.37867965644,10.));
#144 = CARTESIAN_POINT('',(-6.647604678651,5.458179125007,9.880172733522
    ));
#145 = CARTESIAN_POINT('',(-6.795209357302,5.537678593573,9.760345467044
    ));
#146 = CARTESIAN_POINT('',(-6.942814035953,5.617178062139,9.640518200566
    ));
#147 = CARTESIAN_POINT('',(-7.090418714604,5.696677530706,9.520690934088
    ));
#148 = ORIENTED_EDGE('',*,*,#149,.T.);
#149 = EDGE_CURVE('',#138,#150,#152,.T.);
#150 = VERTEX_POINT('',#151);
#151 = CARTESIAN_POINT('',(-6.5,-5.37867965644,10.));
#152 = B_SPLINE_CURVE_WITH_KNOTS('',2,(#153,#154,#155,#156,#157),
  .UNSPECIFIED.,.F.,.F.,(3,1,1,3),(-1.183700259966,-0.5,11.671572875254,
    12.355273135219),.UNSPECIFIED.);
#153 = CARTESIAN_POINT('',(-6.5,6.769486697592,10.));
#154 = CARTESIAN_POINT('',(-6.5,6.42763656761,10.));
#155 = CARTESIAN_POINT('',(-6.5,-1.78E-15,10.));
#156 = CARTESIAN_POINT('',(-6.5,-6.42763656761,10.));
#157 = CARTESIAN_POINT('',(-6.5,-6.769486697592,10.));
#158 = ORIENTED_EDGE('',*,*,#159,.T.);
#159 = EDGE_CURVE('',#150,#107,#160,.T.);
#160 = B_SPLINE_CURVE_WITH_KNOTS('',4,(#161,#162,#163,#164,#165),
  .UNSPECIFIED.,.F.,.F.,(5,5),(0.,1.),.PIECEWISE_BEZIER_KNOTS.);
#161 = CARTESIAN_POINT('',(-6.5,-5.37867965644,10.));
#162 = CARTESIAN_POINT('',(-6.647604678651,-5.458179125007,
    9.880172733522));
#163 = CARTESIAN_POINT('',(-6.795209357302,-5.537678593573,
    9.760345467044));
#164 = CARTESIAN_POINT('',(-6.942814035953,-5.617178062139,
    9.640518200566));
#165 = CARTESIAN_POINT('',(-7.090418714604,-5.696677530706,
    9.520690934088));
#166 = ORIENTED_EDGE('',*,*,#114,.T.);
#167 = ORIENTED_EDGE('',*,*,#56,.F.);
#168 = ORIENTED_EDGE('',*,*,#169,.F.);
#169 = EDGE_CURVE('',#140,#57,#170,.T.);
#170 = B_SPLINE_CURVE_WITH_KNOTS('',4,(#171,#172,#173,#174,#175),
  .UNSPECIFIED.,.F.,.F.,(5,5),(0.,1.),.PIECEWISE_BEZIER_KNOTS.);
#171 = CARTESIAN_POINT('',(-7.090418714604,5.696677530706,9.520690934088
    ));
#172 = CARTESIAN_POINT('',(-7.093503690239,5.694644411722,9.518186513491
    ));
#173 = CARTESIAN_POINT('',(-7.096588665874,5.692611292738,9.515682092894
    ));
#174 = CARTESIAN_POINT('',(-7.099673641508,5.690578173754,9.513177672296
    ));
#175 = CARTESIAN_POINT('',(-7.102758617143,5.68854505477,9.510673251699)
  );
#176 = B_SPLINE_SURFACE_WITH_KNOTS('',1,2,(
    (#177,#178,#179,#180,#181)
    ,(#182,#183,#184,#185,#186
    )),.UNSPECIFIED.,.F.,.F.,.F.,(2,2),(3,1,1,3),(0.,12.171572875254),(
    -1.183700259966,-0.5,11.671572875254,12.355273135219),
  .UNSPECIFIED.);
#177 = CARTESIAN_POINT('',(-7.102758617143,6.769486697592,9.510673251699
    ));
#178 = CARTESIAN_POINT('',(-7.102758617143,6.42763656761,9.510673251699)
  );
#179 = CARTESIAN_POINT('',(-7.102758617143,-2.66E-15,9.510673251699));
#180 = CARTESIAN_POINT('',(-7.102758617143,-6.42763656761,9.510673251699
    ));
#181 = CARTESIAN_POINT('',(-7.102758617143,-6.769486697592,
    9.510673251699));
#182 = CARTESIAN_POINT('',(-6.5,6.769486697592,10.));
#183 = CARTESIAN_POINT('',(-6.5,6.42763656761,10.));
#184 = CARTESIAN_POINT('',(-6.5,-1.78E-15,10.));
#185 = CARTESIAN_POINT('',(-6.5,-6.42763656761,10.));
#186 = CARTESIAN_POINT('',(-6.5,-6.769486697592,10.));
#187 = ADVANCED_FACE('',(#188,#238),#304,.F.);
#188 = FACE_BOUND('',#189,.F.);
#189 = EDGE_LOOP('',(#190,#191,#192,#200,#208,#216,#224,#232));
#190 = ORIENTED_EDGE('',*,*,#73,.T.);
#191 = ORIENTED_EDGE('',*,*,#123,.T.);
#192 = ORIENTED_EDGE('',*,*,#193,.T.);
#193 = EDGE_CURVE('',#88,#194,#196,.T.);
#194 = VERTEX_POINT('',#195);
#195 = CARTESIAN_POINT('',(7.685786437627,-9.1,0.));
#196 = LINE('',#197,#198);
#197 = CARTESIAN_POINT('',(-7.685786437627,-9.1,0.));
#198 = VECTOR('',#199,1.);
#199 = DIRECTION('',(1.,0.,0.));
#200 = ORIENTED_EDGE('',*,*,#201,.T.);
#201 = EDGE_CURVE('',#194,#202,#204,.T.);
#202 = VERTEX_POINT('',#203);
#203 = CARTESIAN_POINT('',(9.1,-7.685786437627,0.));
#204 = LINE('',#205,#206);
#205 = CARTESIAN_POINT('',(7.685786437627,-9.1,0.));
#206 = VECTOR('',#207,1.);
#207 = DIRECTION('',(0.707106781187,0.707106781187,0.));
#208 = ORIENTED_EDGE('',*,*,#209,.T.);
#209 = EDGE_CURVE('',#202,#210,#212,.T.);
#210 = VERTEX_POINT('',#211);
#211 = CARTESIAN_POINT('',(9.1,7.685786437627,0.));
#212 = LINE('',#213,#214);
#213 = CARTESIAN_POINT('',(9.1,-7.685786437627,0.));
#214 = VECTOR('',#215,1.);
#215 = DIRECTION('',(0.,1.,0.));
#216 = ORIENTED_EDGE('',*,*,#217,.T.);
#217 = EDGE_CURVE('',#210,#218,#220,.T.);
#218 = VERTEX_POINT('',#219);
#219 = CARTESIAN_POINT('',(7.685786437627,9.1,0.));
#220 = LINE('',#221,#222);
#221 = CARTESIAN_POINT('',(9.1,7.685786437627,0.));
#222 = VECTOR('',#223,1.);
#223 = DIRECTION('',(-0.707106781187,0.707106781187,0.));
#224 = ORIENTED_EDGE('',*,*,#225,.T.);
#225 = EDGE_CURVE('',#218,#226,#228,.T.);
#226 = VERTEX_POINT('',#227);
#227 = CARTESIAN_POINT('',(-7.685786437627,9.1,0.));
#228 = LINE('',#229,#230);
#229 = CARTESIAN_POINT('',(7.685786437627,9.1,0.));
#230 = VECTOR('',#231,1.);
#231 = DIRECTION('',(-1.,0.,0.));
#232 = ORIENTED_EDGE('',*,*,#233,.T.);
#233 = EDGE_CURVE('',#226,#67,#234,.T.);
#234 = LINE('',#235,#236);
#235 = CARTESIAN_POINT('',(-7.685786437627,9.1,0.));
#236 = VECTOR('',#237,1.);
#237 = DIRECTION('',(-0.707106781187,-0.707106781187,0.));
#238 = FACE_BOUND('',#239,.F.);
#239 = EDGE_LOOP('',(#240,#250,#258,#266,#274,#282,#290,#298));
#240 = ORIENTED_EDGE('',*,*,#241,.T.);
#241 = EDGE_CURVE('',#242,#244,#246,.T.);
#242 = VERTEX_POINT('',#243);
#243 = CARTESIAN_POINT('',(-7.873825461037,-7.141645750422,-1.E-15));
#244 = VERTEX_POINT('',#245);
#245 = CARTESIAN_POINT('',(-7.873825461037,7.141645750422,-1.E-15));
#246 = LINE('',#247,#248);
#247 = CARTESIAN_POINT('',(-7.873825461037,-4.6E-16,0.));
#248 = VECTOR('',#249,1.);
#249 = DIRECTION('',(-1.E-17,1.,0.));
#250 = ORIENTED_EDGE('',*,*,#251,.T.);
#251 = EDGE_CURVE('',#244,#252,#254,.T.);
#252 = VERTEX_POINT('',#253);
#253 = CARTESIAN_POINT('',(-7.141645750422,7.873825461037,0.));
#254 = LINE('',#255,#256);
#255 = CARTESIAN_POINT('',(-7.154182215136,7.861288996323,0.));
#256 = VECTOR('',#257,1.);
#257 = DIRECTION('',(0.707106781187,0.707106781187,0.));
#258 = ORIENTED_EDGE('',*,*,#259,.T.);
#259 = EDGE_CURVE('',#252,#260,#262,.T.);
#260 = VERTEX_POINT('',#261);
#261 = CARTESIAN_POINT('',(7.141645750422,7.873825461037,0.));
#262 = LINE('',#263,#264);
#263 = CARTESIAN_POINT('',(-8.3E-16,7.873825461037,4.4E-16));
#264 = VECTOR('',#265,1.);
#265 = DIRECTION('',(1.,-2.E-17,0.));
#266 = ORIENTED_EDGE('',*,*,#267,.T.);
#267 = EDGE_CURVE('',#260,#268,#270,.T.);
#268 = VERTEX_POINT('',#269);
#269 = CARTESIAN_POINT('',(7.873825461037,7.141645750422,-1.E-15));
#270 = LINE('',#271,#272);
#271 = CARTESIAN_POINT('',(7.861288996323,7.154182215136,0.));
#272 = VECTOR('',#273,1.);
#273 = DIRECTION('',(0.707106781187,-0.707106781187,0.));
#274 = ORIENTED_EDGE('',*,*,#275,.T.);
#275 = EDGE_CURVE('',#268,#276,#278,.T.);
#276 = VERTEX_POINT('',#277);
#277 = CARTESIAN_POINT('',(7.873825461037,-7.141645750422,-1.E-15));
#278 = LINE('',#279,#280);
#279 = CARTESIAN_POINT('',(7.873825461037,1.E-16,0.));
#280 = VECTOR('',#281,1.);
#281 = DIRECTION('',(1.E-17,-1.,0.));
#282 = ORIENTED_EDGE('',*,*,#283,.T.);
#283 = EDGE_CURVE('',#276,#284,#286,.T.);
#284 = VERTEX_POINT('',#285);
#285 = CARTESIAN_POINT('',(7.141645750422,-7.873825461037,-1.E-15));
#286 = LINE('',#287,#288);
#287 = CARTESIAN_POINT('',(7.154182215136,-7.861288996323,-8.9E-16));
#288 = VECTOR('',#289,1.);
#289 = DIRECTION('',(-0.707106781187,-0.707106781187,0.));
#290 = ORIENTED_EDGE('',*,*,#291,.T.);
#291 = EDGE_CURVE('',#284,#292,#294,.T.);
#292 = VERTEX_POINT('',#293);
#293 = CARTESIAN_POINT('',(-7.141645750422,-7.873825461037,-1.E-15));
#294 = LINE('',#295,#296);
#295 = CARTESIAN_POINT('',(-4.7E-16,-7.873825461037,0.));
#296 = VECTOR('',#297,1.);
#297 = DIRECTION('',(-1.,0.,0.));
#298 = ORIENTED_EDGE('',*,*,#299,.T.);
#299 = EDGE_CURVE('',#292,#242,#300,.T.);
#300 = LINE('',#301,#302);
#301 = CARTESIAN_POINT('',(-7.861288996323,-7.154182215136,0.));
#302 = VECTOR('',#303,1.);
#303 = DIRECTION('',(-0.707106781187,0.707106781187,0.));
#304 = PLANE('',#305);
#305 = AXIS2_PLACEMENT_3D('',#306,#307,#308);
#306 = CARTESIAN_POINT('',(-1.02E-15,-5.8E-16,0.));
#307 = DIRECTION('',(0.,0.,1.));
#308 = DIRECTION('',(1.,0.,0.));
#309 = ADVANCED_FACE('',(#310),#338,.T.);
#310 = FACE_BOUND('',#311,.T.);
#311 = EDGE_LOOP('',(#312,#313,#314,#322,#332,#337));
#312 = ORIENTED_EDGE('',*,*,#66,.T.);
#313 = ORIENTED_EDGE('',*,*,#169,.F.);
#314 = ORIENTED_EDGE('',*,*,#315,.F.);
#315 = EDGE_CURVE('',#316,#140,#318,.T.);
#316 = VERTEX_POINT('',#317);
#317 = CARTESIAN_POINT('',(-5.696677530706,7.090418714604,9.520690934088
    ));
#318 = LINE('',#319,#320);
#319 = CARTESIAN_POINT('',(-5.686441341468,7.100654903841,9.520690934088
    ));
#320 = VECTOR('',#321,1.);
#321 = DIRECTION('',(-0.707106781187,-0.707106781187,0.));
#322 = ORIENTED_EDGE('',*,*,#323,.T.);
#323 = EDGE_CURVE('',#316,#324,#326,.T.);
#324 = VERTEX_POINT('',#325);
#325 = CARTESIAN_POINT('',(-5.68854505477,7.102758617143,9.510673251699)
  );
#326 = B_SPLINE_CURVE_WITH_KNOTS('',4,(#327,#328,#329,#330,#331),
  .UNSPECIFIED.,.F.,.F.,(5,5),(0.,1.),.PIECEWISE_BEZIER_KNOTS.);
#327 = CARTESIAN_POINT('',(-5.696677530706,7.090418714604,9.520690934088
    ));
#328 = CARTESIAN_POINT('',(-5.694644411722,7.093503690239,9.518186513491
    ));
#329 = CARTESIAN_POINT('',(-5.692611292738,7.096588665874,9.515682092894
    ));
#330 = CARTESIAN_POINT('',(-5.690578173754,7.099673641508,9.513177672296
    ));
#331 = CARTESIAN_POINT('',(-5.68854505477,7.102758617143,9.510673251699)
  );
#332 = ORIENTED_EDGE('',*,*,#333,.F.);
#333 = EDGE_CURVE('',#226,#324,#334,.T.);
#334 = B_SPLINE_CURVE_WITH_KNOTS('',1,(#335,#336),.UNSPECIFIED.,.F.,.F.,
  (2,2),(0.,1.),.PIECEWISE_BEZIER_KNOTS.);
#335 = CARTESIAN_POINT('',(-7.685786437627,9.1,0.));
#336 = CARTESIAN_POINT('',(-5.585786437627,7.,10.));
#337 = ORIENTED_EDGE('',*,*,#233,.T.);
#338 = PLANE('',#339);
#339 = AXIS2_PLACEMENT_3D('',#340,#341,#342);
#340 = CARTESIAN_POINT('',(-5.585786437627,7.,10.));
#341 = DIRECTION('',(-0.677845381581,0.677845381581,0.284695060264));
#342 = DIRECTION('',(-0.707106781187,-0.707106781187,-5.551115123126E-17
    ));
#343 = ADVANCED_FACE('',(#344),#363,.T.);
#344 = FACE_BOUND('',#345,.T.);
#345 = EDGE_LOOP('',(#346,#353,#361,#362));
#346 = ORIENTED_EDGE('',*,*,#347,.T.);
#347 = EDGE_CURVE('',#194,#348,#350,.T.);
#348 = VERTEX_POINT('',#349);
#349 = CARTESIAN_POINT('',(5.68854505477,-7.102758617143,9.510673251699)
  );
#350 = B_SPLINE_CURVE_WITH_KNOTS('',1,(#351,#352),.UNSPECIFIED.,.F.,.F.,
  (2,2),(0.,1.),.PIECEWISE_BEZIER_KNOTS.);
#351 = CARTESIAN_POINT('',(7.685786437627,-9.1,0.));
#352 = CARTESIAN_POINT('',(5.585786437627,-7.,10.));
#353 = ORIENTED_EDGE('',*,*,#354,.F.);
#354 = EDGE_CURVE('',#90,#348,#355,.T.);
#355 = B_SPLINE_CURVE_WITH_KNOTS('',2,(#356,#357,#358,#359,#360),
  .UNSPECIFIED.,.F.,.F.,(3,1,1,3),(-1.183700259966,-0.5,11.671572875254,
    12.355273135219),.UNSPECIFIED.);
#356 = CARTESIAN_POINT('',(-6.769486697592,-7.102758617143,
    9.510673251699));
#357 = CARTESIAN_POINT('',(-6.42763656761,-7.102758617143,9.510673251699
    ));
#358 = CARTESIAN_POINT('',(-8.9E-16,-7.102758617143,9.510673251699));
#359 = CARTESIAN_POINT('',(6.42763656761,-7.102758617143,9.510673251699)
  );
#360 = CARTESIAN_POINT('',(6.769486697592,-7.102758617143,9.510673251699
    ));
#361 = ORIENTED_EDGE('',*,*,#87,.F.);
#362 = ORIENTED_EDGE('',*,*,#193,.T.);
#363 = B_SPLINE_SURFACE_WITH_KNOTS('',1,1,(
    (#364,#365)
    ,(#366,#367
    )),.UNSPECIFIED.,.F.,.F.,.F.,(2,2),(2,2),(0.,15.371572875254),(0.,1.
    ),.PIECEWISE_BEZIER_KNOTS.);
#364 = CARTESIAN_POINT('',(-7.685786437627,-9.1,0.));
#365 = CARTESIAN_POINT('',(-5.585786437627,-7.,10.));
#366 = CARTESIAN_POINT('',(7.685786437627,-9.1,0.));
#367 = CARTESIAN_POINT('',(5.585786437627,-7.,10.));
#368 = ADVANCED_FACE('',(#369),#411,.T.);
#369 = FACE_BOUND('',#370,.T.);
#370 = EDGE_LOOP('',(#371,#383,#393,#401,#402,#403));
#371 = ORIENTED_EDGE('',*,*,#372,.F.);
#372 = EDGE_CURVE('',#373,#375,#377,.T.);
#373 = VERTEX_POINT('',#374);
#374 = CARTESIAN_POINT('',(5.37867965644,-6.5,10.));
#375 = VERTEX_POINT('',#376);
#376 = CARTESIAN_POINT('',(5.696677530706,-7.090418714604,9.520690934088
    ));
#377 = B_SPLINE_CURVE_WITH_KNOTS('',4,(#378,#379,#380,#381,#382),
  .UNSPECIFIED.,.F.,.F.,(5,5),(0.,1.),.PIECEWISE_BEZIER_KNOTS.);
#378 = CARTESIAN_POINT('',(5.37867965644,-6.5,10.));
#379 = CARTESIAN_POINT('',(5.458179125007,-6.647604678651,9.880172733522
    ));
#380 = CARTESIAN_POINT('',(5.537678593573,-6.795209357302,9.760345467044
    ));
#381 = CARTESIAN_POINT('',(5.617178062139,-6.942814035953,9.640518200566
    ));
#382 = CARTESIAN_POINT('',(5.696677530706,-7.090418714604,9.520690934088
    ));
#383 = ORIENTED_EDGE('',*,*,#384,.F.);
#384 = EDGE_CURVE('',#385,#373,#387,.T.);
#385 = VERTEX_POINT('',#386);
#386 = CARTESIAN_POINT('',(-5.37867965644,-6.5,10.));
#387 = B_SPLINE_CURVE_WITH_KNOTS('',2,(#388,#389,#390,#391,#392),
  .UNSPECIFIED.,.F.,.F.,(3,1,1,3),(-1.183700259966,-0.5,11.671572875254,
    12.355273135219),.UNSPECIFIED.);
#388 = CARTESIAN_POINT('',(-6.769486697592,-6.5,10.));
#389 = CARTESIAN_POINT('',(-6.42763656761,-6.5,10.));
#390 = CARTESIAN_POINT('',(-1.78E-15,-6.5,10.));
#391 = CARTESIAN_POINT('',(6.42763656761,-6.5,10.));
#392 = CARTESIAN_POINT('',(6.769486697592,-6.5,10.));
#393 = ORIENTED_EDGE('',*,*,#394,.T.);
#394 = EDGE_CURVE('',#385,#97,#395,.T.);
#395 = B_SPLINE_CURVE_WITH_KNOTS('',4,(#396,#397,#398,#399,#400),
  .UNSPECIFIED.,.F.,.F.,(5,5),(0.,1.),.PIECEWISE_BEZIER_KNOTS.);
#396 = CARTESIAN_POINT('',(-5.37867965644,-6.5,10.));
#397 = CARTESIAN_POINT('',(-5.458179125007,-6.647604678651,
    9.880172733522));
#398 = CARTESIAN_POINT('',(-5.537678593573,-6.795209357302,
    9.760345467044));
#399 = CARTESIAN_POINT('',(-5.617178062139,-6.942814035953,
    9.640518200566));
#400 = CARTESIAN_POINT('',(-5.696677530706,-7.090418714604,
    9.520690934088));
#401 = ORIENTED_EDGE('',*,*,#96,.T.);
#402 = ORIENTED_EDGE('',*,*,#354,.T.);
#403 = ORIENTED_EDGE('',*,*,#404,.F.);
#404 = EDGE_CURVE('',#375,#348,#405,.T.);
#405 = B_SPLINE_CURVE_WITH_KNOTS('',4,(#406,#407,#408,#409,#410),
  .UNSPECIFIED.,.F.,.F.,(5,5),(0.,1.),.PIECEWISE_BEZIER_KNOTS.);
#406 = CARTESIAN_POINT('',(5.696677530706,-7.090418714604,9.520690934088
    ));
#407 = CARTESIAN_POINT('',(5.694644411722,-7.093503690239,9.518186513491
    ));
#408 = CARTESIAN_POINT('',(5.692611292738,-7.096588665874,9.515682092894
    ));
#409 = CARTESIAN_POINT('',(5.690578173754,-7.099673641508,9.513177672296
    ));
#410 = CARTESIAN_POINT('',(5.68854505477,-7.102758617143,9.510673251699)
  );
#411 = B_SPLINE_SURFACE_WITH_KNOTS('',1,2,(
    (#412,#413,#414,#415,#416)
    ,(#417,#418,#419,#420,#421
    )),.UNSPECIFIED.,.F.,.F.,.F.,(2,2),(3,1,1,3),(0.,12.171572875254),(
    -1.183700259966,-0.5,11.671572875254,12.355273135219),
  .UNSPECIFIED.);
#412 = CARTESIAN_POINT('',(-6.769486697592,-6.5,10.));
#413 = CARTESIAN_POINT('',(-6.42763656761,-6.5,10.));
#414 = CARTESIAN_POINT('',(-1.78E-15,-6.5,10.));
#415 = CARTESIAN_POINT('',(6.42763656761,-6.5,10.));
#416 = CARTESIAN_POINT('',(6.769486697592,-6.5,10.));
#417 = CARTESIAN_POINT('',(-6.769486697592,-7.102758617143,
    9.510673251699));
#418 = CARTESIAN_POINT('',(-6.42763656761,-7.102758617143,9.510673251699
    ));
#419 = CARTESIAN_POINT('',(-8.9E-16,-7.102758617143,9.510673251699));
#420 = CARTESIAN_POINT('',(6.42763656761,-7.102758617143,9.510673251699)
  );
#421 = CARTESIAN_POINT('',(6.769486697592,-7.102758617143,9.510673251699
    ));
#422 = ADVANCED_FACE('',(#423),#434,.T.);
#423 = FACE_BOUND('',#424,.F.);
#424 = EDGE_LOOP('',(#425,#426,#432,#433));
#425 = ORIENTED_EDGE('',*,*,#159,.F.);
#426 = ORIENTED_EDGE('',*,*,#427,.T.);
#427 = EDGE_CURVE('',#150,#385,#428,.T.);
#428 = LINE('',#429,#430);
#429 = CARTESIAN_POINT('',(-6.646446609407,-5.232233047034,10.));
#430 = VECTOR('',#431,1.);
#431 = DIRECTION('',(0.707106781187,-0.707106781187,0.));
#432 = ORIENTED_EDGE('',*,*,#394,.T.);
#433 = ORIENTED_EDGE('',*,*,#106,.F.);
#434 = PLANE('',#435);
#435 = AXIS2_PLACEMENT_3D('',#436,#437,#438);
#436 = CARTESIAN_POINT('',(-6.873550756624,-5.459337194251,
    9.760345467044));
#437 = DIRECTION('',(-0.422878510844,-0.422878510844,0.80146586336));
#438 = DIRECTION('',(-0.707106781187,0.707106781187,5.551115123126E-17)
  );
#439 = ADVANCED_FACE('',(#440),#460,.T.);
#440 = FACE_BOUND('',#441,.F.);
#441 = EDGE_LOOP('',(#442,#452,#458,#459));
#442 = ORIENTED_EDGE('',*,*,#443,.F.);
#443 = EDGE_CURVE('',#444,#316,#446,.T.);
#444 = VERTEX_POINT('',#445);
#445 = CARTESIAN_POINT('',(-5.37867965644,6.5,10.));
#446 = B_SPLINE_CURVE_WITH_KNOTS('',4,(#447,#448,#449,#450,#451),
  .UNSPECIFIED.,.F.,.F.,(5,5),(0.,1.),.PIECEWISE_BEZIER_KNOTS.);
#447 = CARTESIAN_POINT('',(-5.37867965644,6.5,10.));
#448 = CARTESIAN_POINT('',(-5.458179125007,6.647604678651,9.880172733522
    ));
#449 = CARTESIAN_POINT('',(-5.537678593573,6.795209357302,9.760345467044
    ));
#450 = CARTESIAN_POINT('',(-5.617178062139,6.942814035953,9.640518200566
    ));
#451 = CARTESIAN_POINT('',(-5.696677530706,7.090418714604,9.520690934088
    ));
#452 = ORIENTED_EDGE('',*,*,#453,.T.);
#453 = EDGE_CURVE('',#444,#138,#454,.T.);
#454 = LINE('',#455,#456);
#455 = CARTESIAN_POINT('',(-5.232233047034,6.646446609407,10.));
#456 = VECTOR('',#457,1.);
#457 = DIRECTION('',(-0.707106781187,-0.707106781187,0.));
#458 = ORIENTED_EDGE('',*,*,#137,.T.);
#459 = ORIENTED_EDGE('',*,*,#315,.F.);
#460 = PLANE('',#461);
#461 = AXIS2_PLACEMENT_3D('',#462,#463,#464);
#462 = CARTESIAN_POINT('',(-5.459337194251,6.873550756624,9.760345467044
    ));
#463 = DIRECTION('',(-0.422878510844,0.422878510844,0.80146586336));
#464 = DIRECTION('',(0.707106781187,0.707106781187,2.775557561563E-17));
#465 = ADVANCED_FACE('',(#466,#506,#716),#918,.T.);
#466 = FACE_BOUND('',#467,.T.);
#467 = EDGE_LOOP('',(#468,#476,#486,#494,#502,#503,#504,#505));
#468 = ORIENTED_EDGE('',*,*,#469,.T.);
#469 = EDGE_CURVE('',#373,#470,#472,.T.);
#470 = VERTEX_POINT('',#471);
#471 = CARTESIAN_POINT('',(6.5,-5.37867965644,10.));
#472 = LINE('',#473,#474);
#473 = CARTESIAN_POINT('',(5.232233047034,-6.646446609407,10.));
#474 = VECTOR('',#475,1.);
#475 = DIRECTION('',(0.707106781187,0.707106781187,0.));
#476 = ORIENTED_EDGE('',*,*,#477,.T.);
#477 = EDGE_CURVE('',#470,#478,#480,.T.);
#478 = VERTEX_POINT('',#479);
#479 = CARTESIAN_POINT('',(6.5,5.37867965644,10.));
#480 = B_SPLINE_CURVE_WITH_KNOTS('',2,(#481,#482,#483,#484,#485),
  .UNSPECIFIED.,.F.,.F.,(3,1,1,3),(-1.183700259966,-0.5,11.671572875254,
    12.355273135219),.UNSPECIFIED.);
#481 = CARTESIAN_POINT('',(6.5,-6.769486697592,10.));
#482 = CARTESIAN_POINT('',(6.5,-6.42763656761,10.));
#483 = CARTESIAN_POINT('',(6.5,0.,10.));
#484 = CARTESIAN_POINT('',(6.5,6.42763656761,10.));
#485 = CARTESIAN_POINT('',(6.5,6.769486697592,10.));
#486 = ORIENTED_EDGE('',*,*,#487,.T.);
#487 = EDGE_CURVE('',#478,#488,#490,.T.);
#488 = VERTEX_POINT('',#489);
#489 = CARTESIAN_POINT('',(5.37867965644,6.5,10.));
#490 = LINE('',#491,#492);
#491 = CARTESIAN_POINT('',(6.646446609407,5.232233047034,10.));
#492 = VECTOR('',#493,1.);
#493 = DIRECTION('',(-0.707106781187,0.707106781187,0.));
#494 = ORIENTED_EDGE('',*,*,#495,.T.);
#495 = EDGE_CURVE('',#488,#444,#496,.T.);
#496 = B_SPLINE_CURVE_WITH_KNOTS('',2,(#497,#498,#499,#500,#501),
  .UNSPECIFIED.,.F.,.F.,(3,1,1,3),(-1.183700259966,-0.5,11.671572875254,
    12.355273135219),.UNSPECIFIED.);
#497 = CARTESIAN_POINT('',(6.769486697592,6.5,10.));
#498 = CARTESIAN_POINT('',(6.42763656761,6.5,10.));
#499 = CARTESIAN_POINT('',(3.55E-15,6.5,10.));
#500 = CARTESIAN_POINT('',(-6.42763656761,6.5,10.));
#501 = CARTESIAN_POINT('',(-6.769486697592,6.5,10.));
#502 = ORIENTED_EDGE('',*,*,#453,.T.);
#503 = ORIENTED_EDGE('',*,*,#149,.T.);
#504 = ORIENTED_EDGE('',*,*,#427,.T.);
#505 = ORIENTED_EDGE('',*,*,#384,.T.);
#506 = FACE_BOUND('',#507,.T.);
#507 = EDGE_LOOP('',(#508,#518,#526,#534,#542,#550,#558,#566,#574,#582,
    #590,#598,#606,#614,#622,#630,#638,#646,#654,#662,#670,#678,#686,
    #694,#702,#710));
#508 = ORIENTED_EDGE('',*,*,#509,.T.);
#509 = EDGE_CURVE('',#510,#512,#514,.T.);
#510 = VERTEX_POINT('',#511);
#511 = CARTESIAN_POINT('',(4.09940642819,-5.950556379822,10.));
#512 = VERTEX_POINT('',#513);
#513 = CARTESIAN_POINT('',(3.415430167062,-6.102077151335,10.));
#514 = B_SPLINE_CURVE_WITH_KNOTS('',2,(#515,#516,#517),.UNSPECIFIED.,.F.
  ,.F.,(3,3),(0.,1.),.PIECEWISE_BEZIER_KNOTS.);
#515 = CARTESIAN_POINT('',(4.09940642819,-5.950556379822,10.));
#516 = CARTESIAN_POINT('',(3.803041443027,-6.102077151335,10.));
#517 = CARTESIAN_POINT('',(3.415430167062,-6.102077151335,10.));
#518 = ORIENTED_EDGE('',*,*,#519,.T.);
#519 = EDGE_CURVE('',#512,#520,#522,.T.);
#520 = VERTEX_POINT('',#521);
#521 = CARTESIAN_POINT('',(3.315652718991,-6.058679525223,10.));
#522 = B_SPLINE_CURVE_WITH_KNOTS('',2,(#523,#524,#525),.UNSPECIFIED.,.F.
  ,.F.,(3,3),(0.,1.),.PIECEWISE_BEZIER_KNOTS.);
#523 = CARTESIAN_POINT('',(3.415430167062,-6.102077151335,10.));
#524 = CARTESIAN_POINT('',(3.358308505341,-6.102077151335,10.));
#525 = CARTESIAN_POINT('',(3.315652718991,-6.058679525223,10.));
#526 = ORIENTED_EDGE('',*,*,#527,.T.);
#527 = EDGE_CURVE('',#520,#528,#530,.T.);
#528 = VERTEX_POINT('',#529);
#529 = CARTESIAN_POINT('',(3.272996932641,-5.957418397626,10.));
#530 = B_SPLINE_CURVE_WITH_KNOTS('',2,(#531,#532,#533),.UNSPECIFIED.,.F.
  ,.F.,(3,3),(0.,1.),.PIECEWISE_BEZIER_KNOTS.);
#531 = CARTESIAN_POINT('',(3.315652718991,-6.058679525223,10.));
#532 = CARTESIAN_POINT('',(3.272996932641,-6.01528189911,10.));
#533 = CARTESIAN_POINT('',(3.272996932641,-5.957418397626,10.));
#534 = ORIENTED_EDGE('',*,*,#535,.T.);
#535 = EDGE_CURVE('',#528,#536,#538,.T.);
#536 = VERTEX_POINT('',#537);
#537 = CARTESIAN_POINT('',(3.272996932641,-5.546439169139,10.));
#538 = LINE('',#539,#540);
#539 = CARTESIAN_POINT('',(3.272996932641,-5.957418397626,10.));
#540 = VECTOR('',#541,1.);
#541 = DIRECTION('',(0.,1.,0.));
#542 = ORIENTED_EDGE('',*,*,#543,.T.);
#543 = EDGE_CURVE('',#536,#544,#546,.T.);
#544 = VERTEX_POINT('',#545);
#545 = CARTESIAN_POINT('',(3.31546725905,-5.442210682493,10.));
#546 = B_SPLINE_CURVE_WITH_KNOTS('',2,(#547,#548,#549),.UNSPECIFIED.,.F.
  ,.F.,(3,3),(0.,1.),.PIECEWISE_BEZIER_KNOTS.);
#547 = CARTESIAN_POINT('',(3.272996932641,-5.546439169139,10.));
#548 = CARTESIAN_POINT('',(3.272996932641,-5.482826409496,10.));
#549 = CARTESIAN_POINT('',(3.31546725905,-5.442210682493,10.));
#550 = ORIENTED_EDGE('',*,*,#551,.T.);
#551 = EDGE_CURVE('',#544,#552,#554,.T.);
#552 = VERTEX_POINT('',#553);
#553 = CARTESIAN_POINT('',(3.409309989021,-5.40178041543,10.));
#554 = B_SPLINE_CURVE_WITH_KNOTS('',2,(#555,#556,#557),.UNSPECIFIED.,.F.
  ,.F.,(3,3),(0.,1.),.PIECEWISE_BEZIER_KNOTS.);
#555 = CARTESIAN_POINT('',(3.31546725905,-5.442210682493,10.));
#556 = CARTESIAN_POINT('',(3.358123045401,-5.40178041543,10.));
#557 = CARTESIAN_POINT('',(3.409309989021,-5.40178041543,10.));
#558 = ORIENTED_EDGE('',*,*,#559,.T.);
#559 = EDGE_CURVE('',#552,#560,#562,.T.);
#560 = VERTEX_POINT('',#561);
#561 = CARTESIAN_POINT('',(3.798775864392,-5.273071216617,10.));
#562 = B_SPLINE_CURVE_WITH_KNOTS('',2,(#563,#564,#565),.UNSPECIFIED.,.F.
  ,.F.,(3,3),(0.,1.),.PIECEWISE_BEZIER_KNOTS.);
#563 = CARTESIAN_POINT('',(3.409309989021,-5.40178041543,10.));
#564 = CARTESIAN_POINT('',(3.642433134421,-5.40178041543,10.));
#565 = CARTESIAN_POINT('',(3.798775864392,-5.273071216617,10.));
#566 = ORIENTED_EDGE('',*,*,#567,.T.);
#567 = EDGE_CURVE('',#560,#568,#570,.T.);
#568 = VERTEX_POINT('',#569);
#569 = CARTESIAN_POINT('',(4.045993965282,-4.898442136499,10.));
#570 = B_SPLINE_CURVE_WITH_KNOTS('',2,(#571,#572,#573),.UNSPECIFIED.,.F.
  ,.F.,(3,3),(0.,1.),.PIECEWISE_BEZIER_KNOTS.);
#571 = CARTESIAN_POINT('',(3.798775864392,-5.273071216617,10.));
#572 = CARTESIAN_POINT('',(3.955118594362,-5.144362017804,10.));
#573 = CARTESIAN_POINT('',(4.045993965282,-4.898442136499,10.));
#574 = ORIENTED_EDGE('',*,*,#575,.T.);
#575 = EDGE_CURVE('',#568,#576,#578,.T.);
#576 = VERTEX_POINT('',#577);
#577 = CARTESIAN_POINT('',(4.176743223442,-4.286424332344,10.));
#578 = B_SPLINE_CURVE_WITH_KNOTS('',2,(#579,#580,#581),.UNSPECIFIED.,.F.
  ,.F.,(3,3),(0.,1.),.PIECEWISE_BEZIER_KNOTS.);
#579 = CARTESIAN_POINT('',(4.045993965282,-4.898442136499,10.));
#580 = CARTESIAN_POINT('',(4.137054796142,-4.652522255193,10.));
#581 = CARTESIAN_POINT('',(4.176743223442,-4.286424332344,10.));
#582 = ORIENTED_EDGE('',*,*,#583,.T.);
#583 = EDGE_CURVE('',#576,#584,#586,.T.);
#584 = VERTEX_POINT('',#585);
#585 = CARTESIAN_POINT('',(4.216617110682,-3.428486646884,10.));
#586 = B_SPLINE_CURVE_WITH_KNOTS('',2,(#587,#588,#589),.UNSPECIFIED.,.F.
  ,.F.,(3,3),(0.,1.),.PIECEWISE_BEZIER_KNOTS.);
#587 = CARTESIAN_POINT('',(4.176743223442,-4.286424332344,10.));
#588 = CARTESIAN_POINT('',(4.216617110682,-3.920326409496,10.));
#589 = CARTESIAN_POINT('',(4.216617110682,-3.428486646884,10.));
#590 = ORIENTED_EDGE('',*,*,#591,.T.);
#591 = EDGE_CURVE('',#584,#592,#594,.T.);
#592 = VERTEX_POINT('',#593);
#593 = CARTESIAN_POINT('',(4.176743223442,-2.573516320475,10.));
#594 = B_SPLINE_CURVE_WITH_KNOTS('',2,(#595,#596,#597),.UNSPECIFIED.,.F.
  ,.F.,(3,3),(0.,1.),.PIECEWISE_BEZIER_KNOTS.);
#595 = CARTESIAN_POINT('',(4.216617110682,-3.428486646884,10.));
#596 = CARTESIAN_POINT('',(4.216617110682,-2.936646884273,10.));
#597 = CARTESIAN_POINT('',(4.176743223442,-2.573516320475,10.));
#598 = ORIENTED_EDGE('',*,*,#599,.T.);
#599 = EDGE_CURVE('',#592,#600,#602,.T.);
#600 = VERTEX_POINT('',#601);
#601 = CARTESIAN_POINT('',(4.045993965282,-1.961683976261,10.));
#602 = B_SPLINE_CURVE_WITH_KNOTS('',2,(#603,#604,#605),.UNSPECIFIED.,.F.
  ,.F.,(3,3),(0.,1.),.PIECEWISE_BEZIER_KNOTS.);
#603 = CARTESIAN_POINT('',(4.176743223442,-2.573516320475,10.));
#604 = CARTESIAN_POINT('',(4.137054796142,-2.210385756677,10.));
#605 = CARTESIAN_POINT('',(4.045993965282,-1.961683976261,10.));
#606 = ORIENTED_EDGE('',*,*,#607,.T.);
#607 = EDGE_CURVE('',#600,#608,#610,.T.);
#608 = VERTEX_POINT('',#609);
#609 = CARTESIAN_POINT('',(3.798775864392,-1.587054896142,10.));
#610 = B_SPLINE_CURVE_WITH_KNOTS('',2,(#611,#612,#613),.UNSPECIFIED.,.F.
  ,.F.,(3,3),(0.,1.),.PIECEWISE_BEZIER_KNOTS.);
#611 = CARTESIAN_POINT('',(4.045993965282,-1.961683976261,10.));
#612 = CARTESIAN_POINT('',(3.955118594362,-1.712796735905,10.));
#613 = CARTESIAN_POINT('',(3.798775864392,-1.587054896142,10.));
#614 = ORIENTED_EDGE('',*,*,#615,.T.);
#615 = EDGE_CURVE('',#608,#616,#618,.T.);
#616 = VERTEX_POINT('',#617);
#617 = CARTESIAN_POINT('',(3.409309989021,-1.461127596439,10.));
#618 = B_SPLINE_CURVE_WITH_KNOTS('',2,(#619,#620,#621),.UNSPECIFIED.,.F.
  ,.F.,(3,3),(0.,1.),.PIECEWISE_BEZIER_KNOTS.);
#619 = CARTESIAN_POINT('',(3.798775864392,-1.587054896142,10.));
#620 = CARTESIAN_POINT('',(3.642433134421,-1.461127596439,10.));
#621 = CARTESIAN_POINT('',(3.409309989021,-1.461127596439,10.));
#622 = ORIENTED_EDGE('',*,*,#623,.T.);
#623 = EDGE_CURVE('',#616,#624,#626,.T.);
#624 = VERTEX_POINT('',#625);
#625 = CARTESIAN_POINT('',(3.31546725905,-1.420697329377,10.));
#626 = B_SPLINE_CURVE_WITH_KNOTS('',2,(#627,#628,#629),.UNSPECIFIED.,.F.
  ,.F.,(3,3),(0.,1.),.PIECEWISE_BEZIER_KNOTS.);
#627 = CARTESIAN_POINT('',(3.409309989021,-1.461127596439,10.));
#628 = CARTESIAN_POINT('',(3.358123045401,-1.461127596439,10.));
#629 = CARTESIAN_POINT('',(3.31546725905,-1.420697329377,10.));
#630 = ORIENTED_EDGE('',*,*,#631,.T.);
#631 = EDGE_CURVE('',#624,#632,#634,.T.);
#632 = VERTEX_POINT('',#633);
#633 = CARTESIAN_POINT('',(3.272996932641,-1.31646884273,10.));
#634 = B_SPLINE_CURVE_WITH_KNOTS('',2,(#635,#636,#637),.UNSPECIFIED.,.F.
  ,.F.,(3,3),(0.,1.),.PIECEWISE_BEZIER_KNOTS.);
#635 = CARTESIAN_POINT('',(3.31546725905,-1.420697329377,10.));
#636 = CARTESIAN_POINT('',(3.272996932641,-1.380081602374,10.));
#637 = CARTESIAN_POINT('',(3.272996932641,-1.31646884273,10.));
#638 = ORIENTED_EDGE('',*,*,#639,.T.);
#639 = EDGE_CURVE('',#632,#640,#642,.T.);
#640 = VERTEX_POINT('',#641);
#641 = CARTESIAN_POINT('',(3.272996932641,-0.905489614243,10.));
#642 = LINE('',#643,#644);
#643 = CARTESIAN_POINT('',(3.272996932641,-1.31646884273,10.));
#644 = VECTOR('',#645,1.);
#645 = DIRECTION('',(0.,1.,0.));
#646 = ORIENTED_EDGE('',*,*,#647,.T.);
#647 = EDGE_CURVE('',#640,#648,#650,.T.);
#648 = VERTEX_POINT('',#649);
#649 = CARTESIAN_POINT('',(3.315652718991,-0.804228486647,10.));
#650 = B_SPLINE_CURVE_WITH_KNOTS('',2,(#651,#652,#653),.UNSPECIFIED.,.F.
  ,.F.,(3,3),(0.,1.),.PIECEWISE_BEZIER_KNOTS.);
#651 = CARTESIAN_POINT('',(3.272996932641,-0.905489614243,10.));
#652 = CARTESIAN_POINT('',(3.272996932641,-0.84762611276,10.));
#653 = CARTESIAN_POINT('',(3.315652718991,-0.804228486647,10.));
#654 = ORIENTED_EDGE('',*,*,#655,.T.);
#655 = EDGE_CURVE('',#648,#656,#658,.T.);
#656 = VERTEX_POINT('',#657);
#657 = CARTESIAN_POINT('',(3.415430167062,-0.760830860534,10.));
#658 = B_SPLINE_CURVE_WITH_KNOTS('',2,(#659,#660,#661),.UNSPECIFIED.,.F.
  ,.F.,(3,3),(0.,1.),.PIECEWISE_BEZIER_KNOTS.);
#659 = CARTESIAN_POINT('',(3.315652718991,-0.804228486647,10.));
#660 = CARTESIAN_POINT('',(3.358308505341,-0.760830860534,10.));
#661 = CARTESIAN_POINT('',(3.415430167062,-0.760830860534,10.));
#662 = ORIENTED_EDGE('',*,*,#663,.T.);
#663 = EDGE_CURVE('',#656,#664,#666,.T.);
#664 = VERTEX_POINT('',#665);
#665 = CARTESIAN_POINT('',(4.09940642819,-0.912166172107,10.));
#666 = B_SPLINE_CURVE_WITH_KNOTS('',2,(#667,#668,#669),.UNSPECIFIED.,.F.
  ,.F.,(3,3),(0.,1.),.PIECEWISE_BEZIER_KNOTS.);
#667 = CARTESIAN_POINT('',(3.415430167062,-0.760830860534,10.));
#668 = CARTESIAN_POINT('',(3.803041443027,-0.760830860534,10.));
#669 = CARTESIAN_POINT('',(4.09940642819,-0.912166172107,10.));
#670 = ORIENTED_EDGE('',*,*,#671,.T.);
#671 = EDGE_CURVE('',#664,#672,#674,.T.);
#672 = VERTEX_POINT('',#673);
#673 = CARTESIAN_POINT('',(4.595326309496,-1.383419881306,10.));
#674 = B_SPLINE_CURVE_WITH_KNOTS('',2,(#675,#676,#677),.UNSPECIFIED.,.F.
  ,.F.,(3,3),(0.,1.),.PIECEWISE_BEZIER_KNOTS.);
#675 = CARTESIAN_POINT('',(4.09940642819,-0.912166172107,10.));
#676 = CARTESIAN_POINT('',(4.395771413353,-1.06350148368,10.));
#677 = CARTESIAN_POINT('',(4.595326309496,-1.383419881306,10.));
#678 = ORIENTED_EDGE('',*,*,#679,.T.);
#679 = EDGE_CURVE('',#672,#680,#682,.T.);
#680 = VERTEX_POINT('',#681);
#681 = CARTESIAN_POINT('',(4.897440552819,-2.208902077151,10.));
#682 = B_SPLINE_CURVE_WITH_KNOTS('',2,(#683,#684,#685),.UNSPECIFIED.,.F.
  ,.F.,(3,3),(0.,1.),.PIECEWISE_BEZIER_KNOTS.);
#683 = CARTESIAN_POINT('',(4.595326309496,-1.383419881306,10.));
#684 = CARTESIAN_POINT('',(4.794881205638,-1.703338278932,10.));
#685 = CARTESIAN_POINT('',(4.897440552819,-2.208902077151,10.));
#686 = ORIENTED_EDGE('',*,*,#687,.T.);
#687 = EDGE_CURVE('',#680,#688,#690,.T.);
#688 = VERTEX_POINT('',#689);
#689 = CARTESIAN_POINT('',(4.9999999,-3.428486646884,10.));
#690 = B_SPLINE_CURVE_WITH_KNOTS('',2,(#691,#692,#693),.UNSPECIFIED.,.F.
  ,.F.,(3,3),(0.,1.),.PIECEWISE_BEZIER_KNOTS.);
#691 = CARTESIAN_POINT('',(4.897440552819,-2.208902077151,10.));
#692 = CARTESIAN_POINT('',(4.9999999,-2.714465875371,10.));
#693 = CARTESIAN_POINT('',(4.9999999,-3.428486646884,10.));
#694 = ORIENTED_EDGE('',*,*,#695,.T.);
#695 = EDGE_CURVE('',#688,#696,#698,.T.);
#696 = VERTEX_POINT('',#697);
#697 = CARTESIAN_POINT('',(4.897440552819,-4.645289317507,10.));
#698 = B_SPLINE_CURVE_WITH_KNOTS('',2,(#699,#700,#701),.UNSPECIFIED.,.F.
  ,.F.,(3,3),(0.,1.),.PIECEWISE_BEZIER_KNOTS.);
#699 = CARTESIAN_POINT('',(4.9999999,-3.428486646884,10.));
#700 = CARTESIAN_POINT('',(4.9999999,-4.136943620178,10.));
#701 = CARTESIAN_POINT('',(4.897440552819,-4.645289317507,10.));
#702 = ORIENTED_EDGE('',*,*,#703,.T.);
#703 = EDGE_CURVE('',#696,#704,#706,.T.);
#704 = VERTEX_POINT('',#705);
#705 = CARTESIAN_POINT('',(4.595326309496,-5.476335311573,10.));
#706 = B_SPLINE_CURVE_WITH_KNOTS('',2,(#707,#708,#709),.UNSPECIFIED.,.F.
  ,.F.,(3,3),(0.,1.),.PIECEWISE_BEZIER_KNOTS.);
#707 = CARTESIAN_POINT('',(4.897440552819,-4.645289317507,10.));
#708 = CARTESIAN_POINT('',(4.794881205638,-5.153635014837,10.));
#709 = CARTESIAN_POINT('',(4.595326309496,-5.476335311573,10.));
#710 = ORIENTED_EDGE('',*,*,#711,.T.);
#711 = EDGE_CURVE('',#704,#510,#712,.T.);
#712 = B_SPLINE_CURVE_WITH_KNOTS('',2,(#713,#714,#715),.UNSPECIFIED.,.F.
  ,.F.,(3,3),(0.,1.),.PIECEWISE_BEZIER_KNOTS.);
#713 = CARTESIAN_POINT('',(4.595326309496,-5.476335311573,10.));
#714 = CARTESIAN_POINT('',(4.395771413353,-5.799221068249,10.));
#715 = CARTESIAN_POINT('',(4.09940642819,-5.950556379822,10.));
#716 = FACE_BOUND('',#717,.T.);
#717 = EDGE_LOOP('',(#718,#728,#736,#744,#752,#760,#768,#776,#784,#792,
    #800,#808,#816,#824,#832,#840,#848,#856,#864,#872,#880,#888,#896,
    #904,#912));
#718 = ORIENTED_EDGE('',*,*,#719,.T.);
#719 = EDGE_CURVE('',#720,#722,#724,.T.);
#720 = VERTEX_POINT('',#721);
#721 = CARTESIAN_POINT('',(-2.381082986053,-0.383382789318,10.));
#722 = VERTEX_POINT('',#723);
#723 = CARTESIAN_POINT('',(-3.441728386647,-0.383382789318,10.));
#724 = LINE('',#725,#726);
#725 = CARTESIAN_POINT('',(-2.381082986053,-0.383382789318,10.));
#726 = VECTOR('',#727,1.);
#727 = DIRECTION('',(-1.,0.,0.));
#728 = ORIENTED_EDGE('',*,*,#729,.T.);
#729 = EDGE_CURVE('',#722,#730,#732,.T.);
#730 = VERTEX_POINT('',#731);
#731 = CARTESIAN_POINT('',(-3.561424232344,-0.331454005935,10.));
#732 = B_SPLINE_CURVE_WITH_KNOTS('',2,(#733,#734,#735),.UNSPECIFIED.,.F.
  ,.F.,(3,3),(0.,1.),.PIECEWISE_BEZIER_KNOTS.);
#733 = CARTESIAN_POINT('',(-3.441728386647,-0.383382789318,10.));
#734 = CARTESIAN_POINT('',(-3.513390107715,-0.383382789318,10.));
#735 = CARTESIAN_POINT('',(-3.561424232344,-0.331454005935,10.));
#736 = ORIENTED_EDGE('',*,*,#737,.T.);
#737 = EDGE_CURVE('',#730,#738,#740,.T.);
#738 = VERTEX_POINT('',#739);
#739 = CARTESIAN_POINT('',(-3.609198713056,-0.20734421365,10.));
#740 = B_SPLINE_CURVE_WITH_KNOTS('',2,(#741,#742,#743),.UNSPECIFIED.,.F.
  ,.F.,(3,3),(0.,1.),.PIECEWISE_BEZIER_KNOTS.);
#741 = CARTESIAN_POINT('',(-3.561424232344,-0.331454005935,10.));
#742 = CARTESIAN_POINT('',(-3.609198713056,-0.279265578635,10.));
#743 = CARTESIAN_POINT('',(-3.609198713056,-0.20734421365,10.));
#744 = ORIENTED_EDGE('',*,*,#745,.T.);
#745 = EDGE_CURVE('',#738,#746,#748,.T.);
#746 = VERTEX_POINT('',#747);
#747 = CARTESIAN_POINT('',(-3.597255092878,-0.143471810089,10.));
#748 = B_SPLINE_CURVE_WITH_KNOTS('',2,(#749,#750,#751),.UNSPECIFIED.,.F.
  ,.F.,(3,3),(0.,1.),.PIECEWISE_BEZIER_KNOTS.);
#749 = CARTESIAN_POINT('',(-3.609198713056,-0.20734421365,10.));
#750 = CARTESIAN_POINT('',(-3.609198713056,-0.167359050445,10.));
#751 = CARTESIAN_POINT('',(-3.597255092878,-0.143471810089,10.));
#752 = ORIENTED_EDGE('',*,*,#753,.T.);
#753 = EDGE_CURVE('',#746,#754,#756,.T.);
#754 = VERTEX_POINT('',#755);
#755 = CARTESIAN_POINT('',(-3.577262511276,-0.10296735905,10.));
#756 = B_SPLINE_CURVE_WITH_KNOTS('',2,(#757,#758,#759),.UNSPECIFIED.,.F.
  ,.F.,(3,3),(0.,1.),.PIECEWISE_BEZIER_KNOTS.);
#757 = CARTESIAN_POINT('',(-3.597255092878,-0.143471810089,10.));
#758 = CARTESIAN_POINT('',(-3.5853114727,-0.119324925816,10.));
#759 = CARTESIAN_POINT('',(-3.577262511276,-0.10296735905,10.));
#760 = ORIENTED_EDGE('',*,*,#761,.T.);
#761 = EDGE_CURVE('',#754,#762,#764,.T.);
#762 = VERTEX_POINT('',#763);
#763 = CARTESIAN_POINT('',(-2.453523638872,1.441913946588,10.));
#764 = LINE('',#765,#766);
#765 = CARTESIAN_POINT('',(-3.577262511276,-0.10296735905,10.));
#766 = VECTOR('',#767,1.);
#767 = DIRECTION('',(0.58823634684,0.808689062777,0.));
#768 = ORIENTED_EDGE('',*,*,#769,.T.);
#769 = EDGE_CURVE('',#762,#770,#772,.T.);
#770 = VERTEX_POINT('',#771);
#771 = CARTESIAN_POINT('',(-2.684866368843,1.425816023739,10.));
#772 = B_SPLINE_CURVE_WITH_KNOTS('',2,(#773,#774,#775),.UNSPECIFIED.,.F.
  ,.F.,(3,3),(0.,1.),.PIECEWISE_BEZIER_KNOTS.);
#773 = CARTESIAN_POINT('',(-2.453523638872,1.441913946588,10.));
#774 = CARTESIAN_POINT('',(-2.565430167062,1.425816023739,10.));
#775 = CARTESIAN_POINT('',(-2.684866368843,1.425816023739,10.));
#776 = ORIENTED_EDGE('',*,*,#777,.T.);
#777 = EDGE_CURVE('',#770,#778,#780,.T.);
#778 = VERTEX_POINT('',#779);
#779 = CARTESIAN_POINT('',(-3.387462808012,1.565764094955,10.));
#780 = B_SPLINE_CURVE_WITH_KNOTS('',2,(#781,#782,#783),.UNSPECIFIED.,.F.
  ,.F.,(3,3),(0.,1.),.PIECEWISE_BEZIER_KNOTS.);
#781 = CARTESIAN_POINT('',(-2.684866368843,1.425816023739,10.));
#782 = CARTESIAN_POINT('',(-3.044213549852,1.425816023739,10.));
#783 = CARTESIAN_POINT('',(-3.387462808012,1.565764094955,10.));
#784 = ORIENTED_EDGE('',*,*,#785,.T.);
#785 = EDGE_CURVE('',#778,#786,#788,.T.);
#786 = VERTEX_POINT('',#787);
#787 = CARTESIAN_POINT('',(-4.005674974184,1.949777448071,10.));
#788 = B_SPLINE_CURVE_WITH_KNOTS('',2,(#789,#790,#791),.UNSPECIFIED.,.F.
  ,.F.,(3,3),(0.,1.),.PIECEWISE_BEZIER_KNOTS.);
#789 = CARTESIAN_POINT('',(-3.387462808012,1.565764094955,10.));
#790 = CARTESIAN_POINT('',(-3.730452422255,1.705712166172,10.));
#791 = CARTESIAN_POINT('',(-4.005674974184,1.949777448071,10.));
#792 = ORIENTED_EDGE('',*,*,#793,.T.);
#793 = EDGE_CURVE('',#786,#794,#796,.T.);
#794 = VERTEX_POINT('',#795);
#795 = CARTESIAN_POINT('',(-4.440578535015,2.530081602374,10.));
#796 = B_SPLINE_CURVE_WITH_KNOTS('',2,(#797,#798,#799),.UNSPECIFIED.,.F.
  ,.F.,(3,3),(0.,1.),.PIECEWISE_BEZIER_KNOTS.);
#797 = CARTESIAN_POINT('',(-4.005674974184,1.949777448071,10.));
#798 = CARTESIAN_POINT('',(-4.280897526113,2.194102373887,10.));
#799 = CARTESIAN_POINT('',(-4.440578535015,2.530081602374,10.));
#800 = ORIENTED_EDGE('',*,*,#801,.T.);
#801 = EDGE_CURVE('',#794,#802,#804,.T.);
#802 = VERTEX_POINT('',#803);
#803 = CARTESIAN_POINT('',(-4.5999999,3.282270029674,10.));
#804 = B_SPLINE_CURVE_WITH_KNOTS('',2,(#805,#806,#807),.UNSPECIFIED.,.F.
  ,.F.,(3,3),(0.,1.),.PIECEWISE_BEZIER_KNOTS.);
#805 = CARTESIAN_POINT('',(-4.440578535015,2.530081602374,10.));
#806 = CARTESIAN_POINT('',(-4.5999999,2.866320474777,10.));
#807 = CARTESIAN_POINT('',(-4.5999999,3.282270029674,10.));
#808 = ORIENTED_EDGE('',*,*,#809,.T.);
#809 = EDGE_CURVE('',#802,#810,#812,.T.);
#810 = VERTEX_POINT('',#811);
#811 = CARTESIAN_POINT('',(-4.456416813947,4.022514836795,10.));
#812 = B_SPLINE_CURVE_WITH_KNOTS('',2,(#813,#814,#815),.UNSPECIFIED.,.F.
  ,.F.,(3,3),(0.,1.),.PIECEWISE_BEZIER_KNOTS.);
#813 = CARTESIAN_POINT('',(-4.5999999,3.282270029674,10.));
#814 = CARTESIAN_POINT('',(-4.5999999,3.666543026706,10.));
#815 = CARTESIAN_POINT('',(-4.456416813947,4.022514836795,10.));
#816 = ORIENTED_EDGE('',*,*,#817,.T.);
#817 = EDGE_CURVE('',#810,#818,#820,.T.);
#818 = VERTEX_POINT('',#819);
#819 = CARTESIAN_POINT('',(-4.025667555786,4.662796735905,10.));
#820 = B_SPLINE_CURVE_WITH_KNOTS('',2,(#821,#822,#823),.UNSPECIFIED.,.F.
  ,.F.,(3,3),(0.,1.),.PIECEWISE_BEZIER_KNOTS.);
#821 = CARTESIAN_POINT('',(-4.456416813947,4.022514836795,10.));
#822 = CARTESIAN_POINT('',(-4.312833727893,4.378746290801,10.));
#823 = CARTESIAN_POINT('',(-4.025667555786,4.662796735905,10.));
#824 = ORIENTED_EDGE('',*,*,#825,.T.);
#825 = EDGE_CURVE('',#818,#826,#828,.T.);
#826 = VERTEX_POINT('',#827);
#827 = CARTESIAN_POINT('',(-3.311387140356,5.115096439169,10.));
#828 = B_SPLINE_CURVE_WITH_KNOTS('',2,(#829,#830,#831),.UNSPECIFIED.,.F.
  ,.F.,(3,3),(0.,1.),.PIECEWISE_BEZIER_KNOTS.);
#829 = CARTESIAN_POINT('',(-4.025667555786,4.662796735905,10.));
#830 = CARTESIAN_POINT('',(-3.738241739763,4.947106824926,10.));
#831 = CARTESIAN_POINT('',(-3.311387140356,5.115096439169,10.));
#832 = ORIENTED_EDGE('',*,*,#833,.T.);
#833 = EDGE_CURVE('',#826,#834,#836,.T.);
#834 = VERTEX_POINT('',#835);
#835 = CARTESIAN_POINT('',(-2.31824915816,5.283086053412,10.));
#836 = B_SPLINE_CURVE_WITH_KNOTS('',2,(#837,#838,#839),.UNSPECIFIED.,.F.
  ,.F.,(3,3),(0.,1.),.PIECEWISE_BEZIER_KNOTS.);
#837 = CARTESIAN_POINT('',(-3.311387140356,5.115096439169,10.));
#838 = CARTESIAN_POINT('',(-2.88453254095,5.283086053412,10.));
#839 = CARTESIAN_POINT('',(-2.31824915816,5.283086053412,10.));
#840 = ORIENTED_EDGE('',*,*,#841,.T.);
#841 = EDGE_CURVE('',#834,#842,#844,.T.);
#842 = VERTEX_POINT('',#843);
#843 = CARTESIAN_POINT('',(-1.309013253116,5.135348664688,10.));
#844 = B_SPLINE_CURVE_WITH_KNOTS('',2,(#845,#846,#847),.UNSPECIFIED.,.F.
  ,.F.,(3,3),(0.,1.),.PIECEWISE_BEZIER_KNOTS.);
#845 = CARTESIAN_POINT('',(-2.31824915816,5.283086053412,10.));
#846 = CARTESIAN_POINT('',(-1.74365717003,5.283086053412,10.));
#847 = CARTESIAN_POINT('',(-1.309013253116,5.135348664688,10.));
#848 = ORIENTED_EDGE('',*,*,#849,.T.);
#849 = EDGE_CURVE('',#842,#850,#852,.T.);
#850 = VERTEX_POINT('',#851);
#851 = CARTESIAN_POINT('',(-0.578894558754,4.72043768546,10.));
#852 = B_SPLINE_CURVE_WITH_KNOTS('',2,(#853,#854,#855),.UNSPECIFIED.,.F.
  ,.F.,(3,3),(0.,1.),.PIECEWISE_BEZIER_KNOTS.);
#853 = CARTESIAN_POINT('',(-1.309013253116,5.135348664688,10.));
#854 = CARTESIAN_POINT('',(-0.874109692285,4.987870919881,10.));
#855 = CARTESIAN_POINT('',(-0.578894558754,4.72043768546,10.));
#856 = ORIENTED_EDGE('',*,*,#857,.T.);
#857 = EDGE_CURVE('',#850,#858,#860,.T.);
#858 = VERTEX_POINT('',#859);
#859 = CARTESIAN_POINT('',(-0.132047377745,4.0978115727,10.));
#860 = B_SPLINE_CURVE_WITH_KNOTS('',2,(#861,#862,#863),.UNSPECIFIED.,.F.
  ,.F.,(3,3),(0.,1.),.PIECEWISE_BEZIER_KNOTS.);
#861 = CARTESIAN_POINT('',(-0.578894558754,4.72043768546,10.));
#862 = CARTESIAN_POINT('',(-0.283679425223,4.453264094955,10.));
#863 = CARTESIAN_POINT('',(-0.132047377745,4.0978115727,10.));
#864 = ORIENTED_EDGE('',*,*,#865,.T.);
#865 = EDGE_CURVE('',#858,#866,#868,.T.);
#866 = VERTEX_POINT('',#867);
#867 = CARTESIAN_POINT('',(1.958466973294E-02,3.343805637982,10.));
#868 = B_SPLINE_CURVE_WITH_KNOTS('',2,(#869,#870,#871),.UNSPECIFIED.,.F.
  ,.F.,(3,3),(0.,1.),.PIECEWISE_BEZIER_KNOTS.);
#869 = CARTESIAN_POINT('',(-0.132047377745,4.0978115727,10.));
#870 = CARTESIAN_POINT('',(1.958466973294E-02,3.742618694362,10.));
#871 = CARTESIAN_POINT('',(1.958466973294E-02,3.343805637982,10.));
#872 = ORIENTED_EDGE('',*,*,#873,.T.);
#873 = EDGE_CURVE('',#866,#874,#876,.T.);
#874 = VERTEX_POINT('',#875);
#875 = CARTESIAN_POINT('',(-0.112054796142,2.665356083086,10.));
#876 = B_SPLINE_CURVE_WITH_KNOTS('',2,(#877,#878,#879),.UNSPECIFIED.,.F.
  ,.F.,(3,3),(0.,1.),.PIECEWISE_BEZIER_KNOTS.);
#877 = CARTESIAN_POINT('',(1.958466973294E-02,3.343805637982,10.));
#878 = CARTESIAN_POINT('',(1.958466973294E-02,2.976409495549,10.));
#879 = CARTESIAN_POINT('',(-0.112054796142,2.665356083086,10.));
#880 = ORIENTED_EDGE('',*,*,#881,.T.);
#881 = EDGE_CURVE('',#874,#882,#884,.T.);
#882 = VERTEX_POINT('',#883);
#883 = CARTESIAN_POINT('',(-0.43115717003,2.078820474777,10.));
#884 = B_SPLINE_CURVE_WITH_KNOTS('',2,(#885,#886,#887),.UNSPECIFIED.,.F.
  ,.F.,(3,3),(0.,1.),.PIECEWISE_BEZIER_KNOTS.);
#885 = CARTESIAN_POINT('',(-0.112054796142,2.665356083086,10.));
#886 = CARTESIAN_POINT('',(-0.243694262018,2.354302670623,10.));
#887 = CARTESIAN_POINT('',(-0.43115717003,2.078820474777,10.));
#888 = ORIENTED_EDGE('',*,*,#889,.T.);
#889 = EDGE_CURVE('',#882,#890,#892,.T.);
#890 = VERTEX_POINT('',#891);
#891 = CARTESIAN_POINT('',(-0.817766962315,1.523961424332,10.));
#892 = B_SPLINE_CURVE_WITH_KNOTS('',2,(#893,#894,#895),.UNSPECIFIED.,.F.
  ,.F.,(3,3),(0.,1.),.PIECEWISE_BEZIER_KNOTS.);
#893 = CARTESIAN_POINT('',(-0.43115717003,2.078820474777,10.));
#894 = CARTESIAN_POINT('',(-0.618620078042,1.803338278932,10.));
#895 = CARTESIAN_POINT('',(-0.817766962315,1.523961424332,10.));
#896 = ORIENTED_EDGE('',*,*,#897,.T.);
#897 = EDGE_CURVE('',#890,#898,#900,.T.);
#898 = VERTEX_POINT('',#899);
#899 = CARTESIAN_POINT('',(-2.093916813947,-0.223701780415,10.));
#900 = LINE('',#901,#902);
#901 = CARTESIAN_POINT('',(-0.817766962315,1.523961424332,10.));
#902 = VECTOR('',#903,1.);
#903 = DIRECTION('',(-0.589718731036,-0.807608703683,0.));
#904 = ORIENTED_EDGE('',*,*,#905,.T.);
#905 = EDGE_CURVE('',#898,#906,#908,.T.);
#906 = VERTEX_POINT('',#907);
#907 = CARTESIAN_POINT('',(-2.189725419288,-0.323664688427,10.));
#908 = B_SPLINE_CURVE_WITH_KNOTS('',2,(#909,#910,#911),.UNSPECIFIED.,.F.
  ,.F.,(3,3),(0.,1.),.PIECEWISE_BEZIER_KNOTS.);
#909 = CARTESIAN_POINT('',(-2.093916813947,-0.223701780415,10.));
#910 = CARTESIAN_POINT('',(-2.125853015727,-0.26368694362,10.));
#911 = CARTESIAN_POINT('',(-2.189725419288,-0.323664688427,10.));
#912 = ORIENTED_EDGE('',*,*,#913,.T.);
#913 = EDGE_CURVE('',#906,#720,#914,.T.);
#914 = B_SPLINE_CURVE_WITH_KNOTS('',2,(#915,#916,#917),.UNSPECIFIED.,.F.
  ,.F.,(3,3),(0.,1.),.PIECEWISE_BEZIER_KNOTS.);
#915 = CARTESIAN_POINT('',(-2.189725419288,-0.323664688427,10.));
#916 = CARTESIAN_POINT('',(-2.253338178932,-0.383382789318,10.));
#917 = CARTESIAN_POINT('',(-2.381082986053,-0.383382789318,10.));
#918 = PLANE('',#919);
#919 = AXIS2_PLACEMENT_3D('',#920,#921,#922);
#920 = CARTESIAN_POINT('',(-7.1E-16,2.2E-16,10.));
#921 = DIRECTION('',(0.,0.,1.));
#922 = DIRECTION('',(1.,0.,0.));
#923 = ADVANCED_FACE('',(#924),#952,.T.);
#924 = FACE_BOUND('',#925,.T.);
#925 = EDGE_LOOP('',(#926,#933,#943,#949,#950,#951));
#926 = ORIENTED_EDGE('',*,*,#927,.T.);
#927 = EDGE_CURVE('',#202,#928,#930,.T.);
#928 = VERTEX_POINT('',#929);
#929 = CARTESIAN_POINT('',(7.102758617143,-5.68854505477,9.510673251699)
  );
#930 = B_SPLINE_CURVE_WITH_KNOTS('',1,(#931,#932),.UNSPECIFIED.,.F.,.F.,
  (2,2),(0.,1.),.PIECEWISE_BEZIER_KNOTS.);
#931 = CARTESIAN_POINT('',(9.1,-7.685786437627,0.));
#932 = CARTESIAN_POINT('',(7.,-5.585786437627,10.));
#933 = ORIENTED_EDGE('',*,*,#934,.F.);
#934 = EDGE_CURVE('',#935,#928,#937,.T.);
#935 = VERTEX_POINT('',#936);
#936 = CARTESIAN_POINT('',(7.090418714604,-5.696677530706,9.520690934088
    ));
#937 = B_SPLINE_CURVE_WITH_KNOTS('',4,(#938,#939,#940,#941,#942),
  .UNSPECIFIED.,.F.,.F.,(5,5),(0.,1.),.PIECEWISE_BEZIER_KNOTS.);
#938 = CARTESIAN_POINT('',(7.090487040287,-5.696632501422,9.520635466471
    ));
#939 = CARTESIAN_POINT('',(7.093554934501,-5.694610639759,9.518144912778
    ));
#940 = CARTESIAN_POINT('',(7.096622828715,-5.692588778096,9.515654359085
    ));
#941 = CARTESIAN_POINT('',(7.099690722929,-5.690566916433,9.513163805392
    ));
#942 = CARTESIAN_POINT('',(7.102758617143,-5.68854505477,9.510673251699)
  );
#943 = ORIENTED_EDGE('',*,*,#944,.F.);
#944 = EDGE_CURVE('',#375,#935,#945,.T.);
#945 = LINE('',#946,#947);
#946 = CARTESIAN_POINT('',(5.686441341468,-7.100654903841,9.520690934088
    ));
#947 = VECTOR('',#948,1.);
#948 = DIRECTION('',(0.707106781187,0.707106781187,0.));
#949 = ORIENTED_EDGE('',*,*,#404,.T.);
#950 = ORIENTED_EDGE('',*,*,#347,.F.);
#951 = ORIENTED_EDGE('',*,*,#201,.T.);
#952 = PLANE('',#953);
#953 = AXIS2_PLACEMENT_3D('',#954,#955,#956);
#954 = CARTESIAN_POINT('',(5.585786437627,-7.,10.));
#955 = DIRECTION('',(0.677845381581,-0.677845381581,0.284695060264));
#956 = DIRECTION('',(0.707106781187,0.707106781187,5.551115123126E-17));
#957 = ADVANCED_FACE('',(#958),#977,.T.);
#958 = FACE_BOUND('',#959,.T.);
#959 = EDGE_LOOP('',(#960,#967,#975,#976));
#960 = ORIENTED_EDGE('',*,*,#961,.T.);
#961 = EDGE_CURVE('',#210,#962,#964,.T.);
#962 = VERTEX_POINT('',#963);
#963 = CARTESIAN_POINT('',(7.102758617143,5.68854505477,9.510673251699)
  );
#964 = B_SPLINE_CURVE_WITH_KNOTS('',1,(#965,#966),.UNSPECIFIED.,.F.,.F.,
  (2,2),(0.,1.),.PIECEWISE_BEZIER_KNOTS.);
#965 = CARTESIAN_POINT('',(9.1,7.685786437627,0.));
#966 = CARTESIAN_POINT('',(7.,5.585786437627,10.));
#967 = ORIENTED_EDGE('',*,*,#968,.F.);
#968 = EDGE_CURVE('',#928,#962,#969,.T.);
#969 = B_SPLINE_CURVE_WITH_KNOTS('',2,(#970,#971,#972,#973,#974),
  .UNSPECIFIED.,.F.,.F.,(3,1,1,3),(-1.183700259966,-0.5,11.671572875254,
    12.355273135219),.UNSPECIFIED.);
#970 = CARTESIAN_POINT('',(7.102758617143,-6.769486697592,9.510673251699
    ));
#971 = CARTESIAN_POINT('',(7.102758617143,-6.42763656761,9.510673251699)
  );
#972 = CARTESIAN_POINT('',(7.102758617143,0.,9.510673251699));
#973 = CARTESIAN_POINT('',(7.102758617143,6.42763656761,9.510673251699)
  );
#974 = CARTESIAN_POINT('',(7.102758617143,6.769486697592,9.510673251699)
  );
#975 = ORIENTED_EDGE('',*,*,#927,.F.);
#976 = ORIENTED_EDGE('',*,*,#209,.T.);
#977 = B_SPLINE_SURFACE_WITH_KNOTS('',1,1,(
    (#978,#979)
    ,(#980,#981
    )),.UNSPECIFIED.,.F.,.F.,.F.,(2,2),(2,2),(0.,15.371572875254),(0.,1.
    ),.PIECEWISE_BEZIER_KNOTS.);
#978 = CARTESIAN_POINT('',(9.1,-7.685786437627,0.));
#979 = CARTESIAN_POINT('',(7.,-5.585786437627,10.));
#980 = CARTESIAN_POINT('',(9.1,7.685786437627,0.));
#981 = CARTESIAN_POINT('',(7.,5.585786437627,10.));
#982 = ADVANCED_FACE('',(#983),#1020,.T.);
#983 = FACE_BOUND('',#984,.T.);
#984 = EDGE_LOOP('',(#985,#992,#1002,#1010,#1018,#1019));
#985 = ORIENTED_EDGE('',*,*,#986,.T.);
#986 = EDGE_CURVE('',#218,#987,#989,.T.);
#987 = VERTEX_POINT('',#988);
#988 = CARTESIAN_POINT('',(5.68854505477,7.102758617143,9.510673251699)
  );
#989 = B_SPLINE_CURVE_WITH_KNOTS('',1,(#990,#991),.UNSPECIFIED.,.F.,.F.,
  (2,2),(0.,1.),.PIECEWISE_BEZIER_KNOTS.);
#990 = CARTESIAN_POINT('',(7.685786437627,9.1,0.));
#991 = CARTESIAN_POINT('',(5.585786437627,7.,10.));
#992 = ORIENTED_EDGE('',*,*,#993,.F.);
#993 = EDGE_CURVE('',#994,#987,#996,.T.);
#994 = VERTEX_POINT('',#995);
#995 = CARTESIAN_POINT('',(5.696677530706,7.090418714604,9.520690934088)
  );
#996 = B_SPLINE_CURVE_WITH_KNOTS('',4,(#997,#998,#999,#1000,#1001),
  .UNSPECIFIED.,.F.,.F.,(5,5),(0.,1.),.PIECEWISE_BEZIER_KNOTS.);
#997 = CARTESIAN_POINT('',(5.696632501422,7.090487040287,9.520635466471)
  );
#998 = CARTESIAN_POINT('',(5.694610639759,7.093554934501,9.518144912778)
  );
#999 = CARTESIAN_POINT('',(5.692588778096,7.096622828715,9.515654359085)
  );
#1000 = CARTESIAN_POINT('',(5.690566916433,7.099690722929,9.513163805392
    ));
#1001 = CARTESIAN_POINT('',(5.68854505477,7.102758617143,9.510673251699)
  );
#1002 = ORIENTED_EDGE('',*,*,#1003,.F.);
#1003 = EDGE_CURVE('',#1004,#994,#1006,.T.);
#1004 = VERTEX_POINT('',#1005);
#1005 = CARTESIAN_POINT('',(7.090418714604,5.696677530706,9.520690934088
    ));
#1006 = LINE('',#1007,#1008);
#1007 = CARTESIAN_POINT('',(7.100654903841,5.686441341468,9.520690934088
    ));
#1008 = VECTOR('',#1009,1.);
#1009 = DIRECTION('',(-0.707106781187,0.707106781187,0.));
#1010 = ORIENTED_EDGE('',*,*,#1011,.T.);
#1011 = EDGE_CURVE('',#1004,#962,#1012,.T.);
#1012 = B_SPLINE_CURVE_WITH_KNOTS('',4,(#1013,#1014,#1015,#1016,#1017),
  .UNSPECIFIED.,.F.,.F.,(5,5),(0.,1.),.PIECEWISE_BEZIER_KNOTS.);
#1013 = CARTESIAN_POINT('',(7.090418714604,5.696677530706,9.520690934088
    ));
#1014 = CARTESIAN_POINT('',(7.093503690239,5.694644411722,9.518186513491
    ));
#1015 = CARTESIAN_POINT('',(7.096588665874,5.692611292738,9.515682092894
    ));
#1016 = CARTESIAN_POINT('',(7.099673641508,5.690578173754,9.513177672296
    ));
#1017 = CARTESIAN_POINT('',(7.102758617143,5.68854505477,9.510673251699)
  );
#1018 = ORIENTED_EDGE('',*,*,#961,.F.);
#1019 = ORIENTED_EDGE('',*,*,#217,.T.);
#1020 = PLANE('',#1021);
#1021 = AXIS2_PLACEMENT_3D('',#1022,#1023,#1024);
#1022 = CARTESIAN_POINT('',(7.,5.585786437627,10.));
#1023 = DIRECTION('',(0.677845381581,0.677845381581,0.284695060264));
#1024 = DIRECTION('',(-0.707106781187,0.707106781187,-5.551115123126E-17
    ));
#1025 = ADVANCED_FACE('',(#1026),#1039,.T.);
#1026 = FACE_BOUND('',#1027,.T.);
#1027 = EDGE_LOOP('',(#1028,#1029,#1037,#1038));
#1028 = ORIENTED_EDGE('',*,*,#333,.T.);
#1029 = ORIENTED_EDGE('',*,*,#1030,.F.);
#1030 = EDGE_CURVE('',#987,#324,#1031,.T.);
#1031 = B_SPLINE_CURVE_WITH_KNOTS('',2,(#1032,#1033,#1034,#1035,#1036),
  .UNSPECIFIED.,.F.,.F.,(3,1,1,3),(-1.183700259966,-0.5,11.671572875254,
    12.355273135219),.UNSPECIFIED.);
#1032 = CARTESIAN_POINT('',(6.769486697592,7.102758617143,9.510673251699
    ));
#1033 = CARTESIAN_POINT('',(6.42763656761,7.102758617143,9.510673251699)
  );
#1034 = CARTESIAN_POINT('',(3.55E-15,7.102758617143,9.510673251699));
#1035 = CARTESIAN_POINT('',(-6.42763656761,7.102758617143,9.510673251699
    ));
#1036 = CARTESIAN_POINT('',(-6.769486697592,7.102758617143,
    9.510673251699));
#1037 = ORIENTED_EDGE('',*,*,#986,.F.);
#1038 = ORIENTED_EDGE('',*,*,#225,.T.);
#1039 = B_SPLINE_SURFACE_WITH_KNOTS('',1,1,(
    (#1040,#1041)
    ,(#1042,#1043
    )),.UNSPECIFIED.,.F.,.F.,.F.,(2,2),(2,2),(0.,15.371572875254),(0.,1.
    ),.PIECEWISE_BEZIER_KNOTS.);
#1040 = CARTESIAN_POINT('',(7.685786437627,9.1,0.));
#1041 = CARTESIAN_POINT('',(5.585786437627,7.,10.));
#1042 = CARTESIAN_POINT('',(-7.685786437627,9.1,0.));
#1043 = CARTESIAN_POINT('',(-5.585786437627,7.,10.));
#1044 = ADVANCED_FACE('',(#1045),#1070,.F.);
#1045 = FACE_BOUND('',#1046,.F.);
#1046 = EDGE_LOOP('',(#1047,#1057,#1063,#1064));
#1047 = ORIENTED_EDGE('',*,*,#1048,.T.);
#1048 = EDGE_CURVE('',#1049,#1051,#1053,.T.);
#1049 = VERTEX_POINT('',#1050);
#1050 = CARTESIAN_POINT('',(-6.025825461037,-5.293645750422,8.8));
#1051 = VERTEX_POINT('',#1052);
#1052 = CARTESIAN_POINT('',(-6.025825461037,5.293645750422,8.8));
#1053 = LINE('',#1054,#1055);
#1054 = CARTESIAN_POINT('',(-6.025825461037,-4.E-17,8.8));
#1055 = VECTOR('',#1056,1.);
#1056 = DIRECTION('',(-1.E-17,1.,0.));
#1057 = ORIENTED_EDGE('',*,*,#1058,.T.);
#1058 = EDGE_CURVE('',#1051,#244,#1059,.T.);
#1059 = LINE('',#1060,#1061);
#1060 = CARTESIAN_POINT('',(-6.236108874495,5.503929163879,
    7.798650412108));
#1061 = VECTOR('',#1062,1.);
#1062 = DIRECTION('',(-0.201309807683,0.201309807683,-0.958618131824));
#1063 = ORIENTED_EDGE('',*,*,#241,.F.);
#1064 = ORIENTED_EDGE('',*,*,#1065,.T.);
#1065 = EDGE_CURVE('',#242,#1049,#1066,.T.);
#1066 = LINE('',#1067,#1068);
#1067 = CARTESIAN_POINT('',(-6.236108874495,-5.503929163879,
    7.798650412108));
#1068 = VECTOR('',#1069,1.);
#1069 = DIRECTION('',(0.201309807683,0.201309807683,0.958618131824));
#1070 = PLANE('',#1071);
#1071 = AXIS2_PLACEMENT_3D('',#1072,#1073,#1074);
#1072 = CARTESIAN_POINT('',(-6.875615804078,-2.4E-16,4.753379318856));
#1073 = DIRECTION('',(-0.978653496602,-1.E-17,0.205517234286));
#1074 = DIRECTION('',(4.81018304358E-17,-1.,1.803986156085E-16));
#1075 = ADVANCED_FACE('',(#1076),#1094,.F.);
#1076 = FACE_BOUND('',#1077,.F.);
#1077 = EDGE_LOOP('',(#1078,#1079,#1080,#1088));
#1078 = ORIENTED_EDGE('',*,*,#251,.F.);
#1079 = ORIENTED_EDGE('',*,*,#1058,.F.);
#1080 = ORIENTED_EDGE('',*,*,#1081,.T.);
#1081 = EDGE_CURVE('',#1051,#1082,#1084,.T.);
#1082 = VERTEX_POINT('',#1083);
#1083 = CARTESIAN_POINT('',(-5.293645750422,6.025825461037,8.8));
#1084 = LINE('',#1085,#1086);
#1085 = CARTESIAN_POINT('',(-5.306182215136,6.013288996323,8.8));
#1086 = VECTOR('',#1087,1.);
#1087 = DIRECTION('',(0.707106781187,0.707106781187,0.));
#1088 = ORIENTED_EDGE('',*,*,#1089,.F.);
#1089 = EDGE_CURVE('',#252,#1082,#1090,.T.);
#1090 = LINE('',#1091,#1092);
#1091 = CARTESIAN_POINT('',(-5.503929163879,6.236108874495,
    7.798650412108));
#1092 = VECTOR('',#1093,1.);
#1093 = DIRECTION('',(0.201309807683,-0.201309807683,0.958618131824));
#1094 = PLANE('',#1095);
#1095 = AXIS2_PLACEMENT_3D('',#1096,#1097,#1098);
#1096 = CARTESIAN_POINT('',(-4.77237197973,6.186585542103,9.658365927683
    ));
#1097 = DIRECTION('',(-0.677845381581,0.677845381581,0.284695060264));
#1098 = DIRECTION('',(-0.707106781187,-0.707106781187,
    -5.551115123126E-17));
#1099 = ADVANCED_FACE('',(#1100),#1118,.F.);
#1100 = FACE_BOUND('',#1101,.F.);
#1101 = EDGE_LOOP('',(#1102,#1110,#1116,#1117));
#1102 = ORIENTED_EDGE('',*,*,#1103,.T.);
#1103 = EDGE_CURVE('',#1082,#1104,#1106,.T.);
#1104 = VERTEX_POINT('',#1105);
#1105 = CARTESIAN_POINT('',(5.293645750422,6.025825461037,8.8));
#1106 = LINE('',#1107,#1108);
#1107 = CARTESIAN_POINT('',(-7.1E-16,6.025825461037,8.8));
#1108 = VECTOR('',#1109,1.);
#1109 = DIRECTION('',(1.,-2.E-17,0.));
#1110 = ORIENTED_EDGE('',*,*,#1111,.F.);
#1111 = EDGE_CURVE('',#260,#1104,#1112,.T.);
#1112 = LINE('',#1113,#1114);
#1113 = CARTESIAN_POINT('',(5.503929163879,6.236108874495,7.798650412108
    ));
#1114 = VECTOR('',#1115,1.);
#1115 = DIRECTION('',(-0.201309807683,-0.201309807683,0.958618131824));
#1116 = ORIENTED_EDGE('',*,*,#259,.F.);
#1117 = ORIENTED_EDGE('',*,*,#1089,.T.);
#1118 = PLANE('',#1119);
#1119 = AXIS2_PLACEMENT_3D('',#1120,#1121,#1122);
#1120 = CARTESIAN_POINT('',(-8.2E-16,6.875615804078,4.753379318856));
#1121 = DIRECTION('',(2.E-17,0.978653496602,0.205517234286));
#1122 = DIRECTION('',(-1.,-6.996224196875E-18,1.306307929187E-16));
#1123 = ADVANCED_FACE('',(#1124),#1142,.F.);
#1124 = FACE_BOUND('',#1125,.F.);
#1125 = EDGE_LOOP('',(#1126,#1134,#1140,#1141));
#1126 = ORIENTED_EDGE('',*,*,#1127,.T.);
#1127 = EDGE_CURVE('',#1104,#1128,#1130,.T.);
#1128 = VERTEX_POINT('',#1129);
#1129 = CARTESIAN_POINT('',(6.025825461037,5.293645750422,8.8));
#1130 = LINE('',#1131,#1132);
#1131 = CARTESIAN_POINT('',(6.013288996323,5.306182215136,8.8));
#1132 = VECTOR('',#1133,1.);
#1133 = DIRECTION('',(0.707106781187,-0.707106781187,0.));
#1134 = ORIENTED_EDGE('',*,*,#1135,.F.);
#1135 = EDGE_CURVE('',#268,#1128,#1136,.T.);
#1136 = LINE('',#1137,#1138);
#1137 = CARTESIAN_POINT('',(6.236108874495,5.503929163879,7.798650412108
    ));
#1138 = VECTOR('',#1139,1.);
#1139 = DIRECTION('',(-0.201309807683,-0.201309807683,0.958618131824));
#1140 = ORIENTED_EDGE('',*,*,#267,.F.);
#1141 = ORIENTED_EDGE('',*,*,#1111,.T.);
#1142 = PLANE('',#1143);
#1143 = AXIS2_PLACEMENT_3D('',#1144,#1145,#1146);
#1144 = CARTESIAN_POINT('',(6.186585542103,4.77237197973,9.658365927683)
  );
#1145 = DIRECTION('',(0.677845381581,0.677845381581,0.284695060264));
#1146 = DIRECTION('',(-0.707106781187,0.707106781187,-5.551115123126E-17
    ));
#1147 = ADVANCED_FACE('',(#1148),#1166,.F.);
#1148 = FACE_BOUND('',#1149,.F.);
#1149 = EDGE_LOOP('',(#1150,#1158,#1164,#1165));
#1150 = ORIENTED_EDGE('',*,*,#1151,.T.);
#1151 = EDGE_CURVE('',#1128,#1152,#1154,.T.);
#1152 = VERTEX_POINT('',#1153);
#1153 = CARTESIAN_POINT('',(6.025825461037,-5.293645750422,8.8));
#1154 = LINE('',#1155,#1156);
#1155 = CARTESIAN_POINT('',(6.025825461037,4.8E-16,8.8));
#1156 = VECTOR('',#1157,1.);
#1157 = DIRECTION('',(1.E-17,-1.,0.));
#1158 = ORIENTED_EDGE('',*,*,#1159,.F.);
#1159 = EDGE_CURVE('',#276,#1152,#1160,.T.);
#1160 = LINE('',#1161,#1162);
#1161 = CARTESIAN_POINT('',(6.236108874495,-5.503929163879,
    7.798650412108));
#1162 = VECTOR('',#1163,1.);
#1163 = DIRECTION('',(-0.201309807683,0.201309807683,0.958618131824));
#1164 = ORIENTED_EDGE('',*,*,#275,.F.);
#1165 = ORIENTED_EDGE('',*,*,#1135,.T.);
#1166 = PLANE('',#1167);
#1167 = AXIS2_PLACEMENT_3D('',#1168,#1169,#1170);
#1168 = CARTESIAN_POINT('',(6.875615804078,7.2E-16,4.753379318856));
#1169 = DIRECTION('',(0.978653496602,1.E-17,0.205517234286));
#1170 = DIRECTION('',(-1.666518643619E-17,1.,3.07003108484E-17));
#1171 = ADVANCED_FACE('',(#1172),#1190,.F.);
#1172 = FACE_BOUND('',#1173,.F.);
#1173 = EDGE_LOOP('',(#1174,#1182,#1188,#1189));
#1174 = ORIENTED_EDGE('',*,*,#1175,.T.);
#1175 = EDGE_CURVE('',#1152,#1176,#1178,.T.);
#1176 = VERTEX_POINT('',#1177);
#1177 = CARTESIAN_POINT('',(5.293645750422,-6.025825461037,8.8));
#1178 = LINE('',#1179,#1180);
#1179 = CARTESIAN_POINT('',(5.306182215136,-6.013288996323,8.8));
#1180 = VECTOR('',#1181,1.);
#1181 = DIRECTION('',(-0.707106781187,-0.707106781187,0.));
#1182 = ORIENTED_EDGE('',*,*,#1183,.F.);
#1183 = EDGE_CURVE('',#284,#1176,#1184,.T.);
#1184 = LINE('',#1185,#1186);
#1185 = CARTESIAN_POINT('',(5.503929163879,-6.236108874495,
    7.798650412108));
#1186 = VECTOR('',#1187,1.);
#1187 = DIRECTION('',(-0.201309807683,0.201309807683,0.958618131824));
#1188 = ORIENTED_EDGE('',*,*,#283,.F.);
#1189 = ORIENTED_EDGE('',*,*,#1159,.T.);
#1190 = PLANE('',#1191);
#1191 = AXIS2_PLACEMENT_3D('',#1192,#1193,#1194);
#1192 = CARTESIAN_POINT('',(4.77237197973,-6.186585542103,9.658365927683
    ));
#1193 = DIRECTION('',(0.677845381581,-0.677845381581,0.284695060264));
#1194 = DIRECTION('',(0.707106781187,0.707106781187,5.551115123126E-17)
  );
#1195 = ADVANCED_FACE('',(#1196),#1214,.F.);
#1196 = FACE_BOUND('',#1197,.F.);
#1197 = EDGE_LOOP('',(#1198,#1206,#1212,#1213));
#1198 = ORIENTED_EDGE('',*,*,#1199,.T.);
#1199 = EDGE_CURVE('',#1176,#1200,#1202,.T.);
#1200 = VERTEX_POINT('',#1201);
#1201 = CARTESIAN_POINT('',(-5.293645750422,-6.025825461037,8.8));
#1202 = LINE('',#1203,#1204);
#1203 = CARTESIAN_POINT('',(-3.1E-16,-6.025825461037,8.8));
#1204 = VECTOR('',#1205,1.);
#1205 = DIRECTION('',(-1.,0.,0.));
#1206 = ORIENTED_EDGE('',*,*,#1207,.F.);
#1207 = EDGE_CURVE('',#292,#1200,#1208,.T.);
#1208 = LINE('',#1209,#1210);
#1209 = CARTESIAN_POINT('',(-5.503929163879,-6.236108874495,
    7.798650412108));
#1210 = VECTOR('',#1211,1.);
#1211 = DIRECTION('',(0.201309807683,0.201309807683,0.958618131824));
#1212 = ORIENTED_EDGE('',*,*,#291,.F.);
#1213 = ORIENTED_EDGE('',*,*,#1183,.T.);
#1214 = PLANE('',#1215);
#1215 = AXIS2_PLACEMENT_3D('',#1216,#1217,#1218);
#1216 = CARTESIAN_POINT('',(8.E-17,-6.875615804078,4.753379318856));
#1217 = DIRECTION('',(0.,-0.978653496602,0.205517234286));
#1218 = DIRECTION('',(1.,-4.022603198927E-18,-1.915525332823E-17));
#1219 = ADVANCED_FACE('',(#1220),#1231,.F.);
#1220 = FACE_BOUND('',#1221,.F.);
#1221 = EDGE_LOOP('',(#1222,#1228,#1229,#1230));
#1222 = ORIENTED_EDGE('',*,*,#1223,.T.);
#1223 = EDGE_CURVE('',#1200,#1049,#1224,.T.);
#1224 = LINE('',#1225,#1226);
#1225 = CARTESIAN_POINT('',(-6.013288996323,-5.306182215136,8.8));
#1226 = VECTOR('',#1227,1.);
#1227 = DIRECTION('',(-0.707106781187,0.707106781187,0.));
#1228 = ORIENTED_EDGE('',*,*,#1065,.F.);
#1229 = ORIENTED_EDGE('',*,*,#299,.F.);
#1230 = ORIENTED_EDGE('',*,*,#1207,.T.);
#1231 = PLANE('',#1232);
#1232 = AXIS2_PLACEMENT_3D('',#1233,#1234,#1235);
#1233 = CARTESIAN_POINT('',(-6.186585542103,-4.77237197973,
    9.658365927683));
#1234 = DIRECTION('',(-0.677845381581,-0.677845381581,0.284695060264));
#1235 = DIRECTION('',(0.707106781187,-0.707106781187,-5.551115123126E-17
    ));
#1236 = ADVANCED_FACE('',(#1237),#1252,.T.);
#1237 = FACE_BOUND('',#1238,.T.);
#1238 = EDGE_LOOP('',(#1239,#1247,#1248,#1249,#1250,#1251));
#1239 = ORIENTED_EDGE('',*,*,#1240,.T.);
#1240 = EDGE_CURVE('',#488,#994,#1241,.T.);
#1241 = B_SPLINE_CURVE_WITH_KNOTS('',4,(#1242,#1243,#1244,#1245,#1246),
  .UNSPECIFIED.,.F.,.F.,(5,5),(0.,1.),.PIECEWISE_BEZIER_KNOTS.);
#1242 = CARTESIAN_POINT('',(5.37867965644,6.5,10.));
#1243 = CARTESIAN_POINT('',(5.458179125007,6.647604678651,9.880172733522
    ));
#1244 = CARTESIAN_POINT('',(5.537678593573,6.795209357302,9.760345467044
    ));
#1245 = CARTESIAN_POINT('',(5.617178062139,6.942814035953,9.640518200566
    ));
#1246 = CARTESIAN_POINT('',(5.696677530706,7.090418714604,9.520690934088
    ));
#1247 = ORIENTED_EDGE('',*,*,#993,.T.);
#1248 = ORIENTED_EDGE('',*,*,#1030,.T.);
#1249 = ORIENTED_EDGE('',*,*,#323,.F.);
#1250 = ORIENTED_EDGE('',*,*,#443,.F.);
#1251 = ORIENTED_EDGE('',*,*,#495,.F.);
#1252 = B_SPLINE_SURFACE_WITH_KNOTS('',1,2,(
    (#1253,#1254,#1255,#1256,#1257)
    ,(#1258,#1259,#1260,#1261,#1262
    )),.UNSPECIFIED.,.F.,.F.,.F.,(2,2),(3,1,1,3),(0.,12.171572875254),(
    -1.183700259966,-0.5,11.671572875254,12.355273135219),
  .UNSPECIFIED.);
#1253 = CARTESIAN_POINT('',(6.769486697592,6.5,10.));
#1254 = CARTESIAN_POINT('',(6.42763656761,6.5,10.));
#1255 = CARTESIAN_POINT('',(3.55E-15,6.5,10.));
#1256 = CARTESIAN_POINT('',(-6.42763656761,6.5,10.));
#1257 = CARTESIAN_POINT('',(-6.769486697592,6.5,10.));
#1258 = CARTESIAN_POINT('',(6.769486697592,7.102758617143,9.510673251699
    ));
#1259 = CARTESIAN_POINT('',(6.42763656761,7.102758617143,9.510673251699)
  );
#1260 = CARTESIAN_POINT('',(3.55E-15,7.102758617143,9.510673251699));
#1261 = CARTESIAN_POINT('',(-6.42763656761,7.102758617143,9.510673251699
    ));
#1262 = CARTESIAN_POINT('',(-6.769486697592,7.102758617143,
    9.510673251699));
#1263 = ADVANCED_FACE('',(#1264),#1277,.T.);
#1264 = FACE_BOUND('',#1265,.F.);
#1265 = EDGE_LOOP('',(#1266,#1267,#1268,#1276));
#1266 = ORIENTED_EDGE('',*,*,#372,.F.);
#1267 = ORIENTED_EDGE('',*,*,#469,.T.);
#1268 = ORIENTED_EDGE('',*,*,#1269,.T.);
#1269 = EDGE_CURVE('',#470,#935,#1270,.T.);
#1270 = B_SPLINE_CURVE_WITH_KNOTS('',4,(#1271,#1272,#1273,#1274,#1275),
  .UNSPECIFIED.,.F.,.F.,(5,5),(0.,1.),.PIECEWISE_BEZIER_KNOTS.);
#1271 = CARTESIAN_POINT('',(6.5,-5.37867965644,10.));
#1272 = CARTESIAN_POINT('',(6.647604678651,-5.458179125007,
    9.880172733522));
#1273 = CARTESIAN_POINT('',(6.795209357302,-5.537678593573,
    9.760345467044));
#1274 = CARTESIAN_POINT('',(6.942814035953,-5.617178062139,
    9.640518200566));
#1275 = CARTESIAN_POINT('',(7.090418714604,-5.696677530706,
    9.520690934088));
#1276 = ORIENTED_EDGE('',*,*,#944,.F.);
#1277 = PLANE('',#1278);
#1278 = AXIS2_PLACEMENT_3D('',#1279,#1280,#1281);
#1279 = CARTESIAN_POINT('',(5.459337194251,-6.873550756624,
    9.760345467044));
#1280 = DIRECTION('',(0.422878510844,-0.422878510844,0.80146586336));
#1281 = DIRECTION('',(-0.707106781187,-0.707106781187,2.775557561563E-17
    ));
#1282 = ADVANCED_FACE('',(#1283),#1298,.T.);
#1283 = FACE_BOUND('',#1284,.T.);
#1284 = EDGE_LOOP('',(#1285,#1286,#1287,#1288,#1289,#1297));
#1285 = ORIENTED_EDGE('',*,*,#1269,.T.);
#1286 = ORIENTED_EDGE('',*,*,#934,.T.);
#1287 = ORIENTED_EDGE('',*,*,#968,.T.);
#1288 = ORIENTED_EDGE('',*,*,#1011,.F.);
#1289 = ORIENTED_EDGE('',*,*,#1290,.F.);
#1290 = EDGE_CURVE('',#478,#1004,#1291,.T.);
#1291 = B_SPLINE_CURVE_WITH_KNOTS('',4,(#1292,#1293,#1294,#1295,#1296),
  .UNSPECIFIED.,.F.,.F.,(5,5),(0.,1.),.PIECEWISE_BEZIER_KNOTS.);
#1292 = CARTESIAN_POINT('',(6.5,5.37867965644,10.));
#1293 = CARTESIAN_POINT('',(6.647604678651,5.458179125007,9.880172733522
    ));
#1294 = CARTESIAN_POINT('',(6.795209357302,5.537678593573,9.760345467044
    ));
#1295 = CARTESIAN_POINT('',(6.942814035953,5.617178062139,9.640518200566
    ));
#1296 = CARTESIAN_POINT('',(7.090418714604,5.696677530706,9.520690934088
    ));
#1297 = ORIENTED_EDGE('',*,*,#477,.F.);
#1298 = B_SPLINE_SURFACE_WITH_KNOTS('',1,2,(
    (#1299,#1300,#1301,#1302,#1303)
    ,(#1304,#1305,#1306,#1307,#1308
    )),.UNSPECIFIED.,.F.,.F.,.F.,(2,2),(3,1,1,3),(0.,12.171572875254),(
    -1.183700259966,-0.5,11.671572875254,12.355273135219),
  .UNSPECIFIED.);
#1299 = CARTESIAN_POINT('',(6.5,-6.769486697592,10.));
#1300 = CARTESIAN_POINT('',(6.5,-6.42763656761,10.));
#1301 = CARTESIAN_POINT('',(6.5,0.,10.));
#1302 = CARTESIAN_POINT('',(6.5,6.42763656761,10.));
#1303 = CARTESIAN_POINT('',(6.5,6.769486697592,10.));
#1304 = CARTESIAN_POINT('',(7.102758617143,-6.769486697592,
    9.510673251699));
#1305 = CARTESIAN_POINT('',(7.102758617143,-6.42763656761,9.510673251699
    ));
#1306 = CARTESIAN_POINT('',(7.102758617143,0.,9.510673251699));
#1307 = CARTESIAN_POINT('',(7.102758617143,6.42763656761,9.510673251699)
  );
#1308 = CARTESIAN_POINT('',(7.102758617143,6.769486697592,9.510673251699
    ));
#1309 = ADVANCED_FACE('',(#1310),#1316,.T.);
#1310 = FACE_BOUND('',#1311,.F.);
#1311 = EDGE_LOOP('',(#1312,#1313,#1314,#1315));
#1312 = ORIENTED_EDGE('',*,*,#1290,.F.);
#1313 = ORIENTED_EDGE('',*,*,#487,.T.);
#1314 = ORIENTED_EDGE('',*,*,#1240,.T.);
#1315 = ORIENTED_EDGE('',*,*,#1003,.F.);
#1316 = PLANE('',#1317);
#1317 = AXIS2_PLACEMENT_3D('',#1318,#1319,#1320);
#1318 = CARTESIAN_POINT('',(6.873550756624,5.459337194251,9.760345467044
    ));
#1319 = DIRECTION('',(0.422878510844,0.422878510844,0.80146586336));
#1320 = DIRECTION('',(0.707106781187,-0.707106781187,-8.326672684689E-17
    ));
#1321 = ADVANCED_FACE('',(#1322),#1347,.T.);
#1322 = FACE_BOUND('',#1323,.T.);
#1323 = EDGE_LOOP('',(#1324,#1332,#1340,#1346));
#1324 = ORIENTED_EDGE('',*,*,#1325,.T.);
#1325 = EDGE_CURVE('',#510,#1326,#1328,.T.);
#1326 = VERTEX_POINT('',#1327);
#1327 = CARTESIAN_POINT('',(4.09940642819,-5.950556379822,9.6));
#1328 = LINE('',#1329,#1330);
#1329 = CARTESIAN_POINT('',(4.09940642819,-5.950556379822,10.));
#1330 = VECTOR('',#1331,1.);
#1331 = DIRECTION('',(-0.,-0.,-1.));
#1332 = ORIENTED_EDGE('',*,*,#1333,.T.);
#1333 = EDGE_CURVE('',#1326,#1334,#1336,.T.);
#1334 = VERTEX_POINT('',#1335);
#1335 = CARTESIAN_POINT('',(3.415430167062,-6.102077151335,9.6));
#1336 = B_SPLINE_CURVE_WITH_KNOTS('',2,(#1337,#1338,#1339),
  .UNSPECIFIED.,.F.,.F.,(3,3),(0.,1.),.PIECEWISE_BEZIER_KNOTS.);
#1337 = CARTESIAN_POINT('',(4.09940642819,-5.950556379822,9.6));
#1338 = CARTESIAN_POINT('',(3.803041443027,-6.102077151335,9.6));
#1339 = CARTESIAN_POINT('',(3.415430167062,-6.102077151335,9.6));
#1340 = ORIENTED_EDGE('',*,*,#1341,.F.);
#1341 = EDGE_CURVE('',#512,#1334,#1342,.T.);
#1342 = LINE('',#1343,#1344);
#1343 = CARTESIAN_POINT('',(3.415430167062,-6.102077151335,10.));
#1344 = VECTOR('',#1345,1.);
#1345 = DIRECTION('',(-0.,-0.,-1.));
#1346 = ORIENTED_EDGE('',*,*,#509,.F.);
#1347 = SURFACE_OF_LINEAR_EXTRUSION('',#1348,#1352);
#1348 = B_SPLINE_CURVE_WITH_KNOTS('',2,(#1349,#1350,#1351),
  .UNSPECIFIED.,.F.,.F.,(3,3),(0.,1.),.PIECEWISE_BEZIER_KNOTS.);
#1349 = CARTESIAN_POINT('',(4.09940642819,-5.950556379822,10.));
#1350 = CARTESIAN_POINT('',(3.803041443027,-6.102077151335,10.));
#1351 = CARTESIAN_POINT('',(3.415430167062,-6.102077151335,10.));
#1352 = VECTOR('',#1353,1.);
#1353 = DIRECTION('',(0.,0.,1.));
#1354 = ADVANCED_FACE('',(#1355),#1373,.T.);
#1355 = FACE_BOUND('',#1356,.T.);
#1356 = EDGE_LOOP('',(#1357,#1365,#1371,#1372));
#1357 = ORIENTED_EDGE('',*,*,#1358,.T.);
#1358 = EDGE_CURVE('',#704,#1359,#1361,.T.);
#1359 = VERTEX_POINT('',#1360);
#1360 = CARTESIAN_POINT('',(4.595326309496,-5.476335311573,9.6));
#1361 = LINE('',#1362,#1363);
#1362 = CARTESIAN_POINT('',(4.595326309496,-5.476335311573,10.));
#1363 = VECTOR('',#1364,1.);
#1364 = DIRECTION('',(-0.,-0.,-1.));
#1365 = ORIENTED_EDGE('',*,*,#1366,.T.);
#1366 = EDGE_CURVE('',#1359,#1326,#1367,.T.);
#1367 = B_SPLINE_CURVE_WITH_KNOTS('',2,(#1368,#1369,#1370),
  .UNSPECIFIED.,.F.,.F.,(3,3),(0.,1.),.PIECEWISE_BEZIER_KNOTS.);
#1368 = CARTESIAN_POINT('',(4.595326309496,-5.476335311573,9.6));
#1369 = CARTESIAN_POINT('',(4.395771413353,-5.799221068249,9.6));
#1370 = CARTESIAN_POINT('',(4.09940642819,-5.950556379822,9.6));
#1371 = ORIENTED_EDGE('',*,*,#1325,.F.);
#1372 = ORIENTED_EDGE('',*,*,#711,.F.);
#1373 = SURFACE_OF_LINEAR_EXTRUSION('',#1374,#1378);
#1374 = B_SPLINE_CURVE_WITH_KNOTS('',2,(#1375,#1376,#1377),
  .UNSPECIFIED.,.F.,.F.,(3,3),(0.,1.),.PIECEWISE_BEZIER_KNOTS.);
#1375 = CARTESIAN_POINT('',(4.595326309496,-5.476335311573,10.));
#1376 = CARTESIAN_POINT('',(4.395771413353,-5.799221068249,10.));
#1377 = CARTESIAN_POINT('',(4.09940642819,-5.950556379822,10.));
#1378 = VECTOR('',#1379,1.);
#1379 = DIRECTION('',(0.,0.,1.));
#1380 = ADVANCED_FACE('',(#1381),#1399,.T.);
#1381 = FACE_BOUND('',#1382,.T.);
#1382 = EDGE_LOOP('',(#1383,#1391,#1397,#1398));
#1383 = ORIENTED_EDGE('',*,*,#1384,.T.);
#1384 = EDGE_CURVE('',#696,#1385,#1387,.T.);
#1385 = VERTEX_POINT('',#1386);
#1386 = CARTESIAN_POINT('',(4.897440552819,-4.645289317507,9.6));
#1387 = LINE('',#1388,#1389);
#1388 = CARTESIAN_POINT('',(4.897440552819,-4.645289317507,10.));
#1389 = VECTOR('',#1390,1.);
#1390 = DIRECTION('',(-0.,-0.,-1.));
#1391 = ORIENTED_EDGE('',*,*,#1392,.T.);
#1392 = EDGE_CURVE('',#1385,#1359,#1393,.T.);
#1393 = B_SPLINE_CURVE_WITH_KNOTS('',2,(#1394,#1395,#1396),
  .UNSPECIFIED.,.F.,.F.,(3,3),(0.,1.),.PIECEWISE_BEZIER_KNOTS.);
#1394 = CARTESIAN_POINT('',(4.897440552819,-4.645289317507,9.6));
#1395 = CARTESIAN_POINT('',(4.794881205638,-5.153635014837,9.6));
#1396 = CARTESIAN_POINT('',(4.595326309496,-5.476335311573,9.6));
#1397 = ORIENTED_EDGE('',*,*,#1358,.F.);
#1398 = ORIENTED_EDGE('',*,*,#703,.F.);
#1399 = SURFACE_OF_LINEAR_EXTRUSION('',#1400,#1404);
#1400 = B_SPLINE_CURVE_WITH_KNOTS('',2,(#1401,#1402,#1403),
  .UNSPECIFIED.,.F.,.F.,(3,3),(0.,1.),.PIECEWISE_BEZIER_KNOTS.);
#1401 = CARTESIAN_POINT('',(4.897440552819,-4.645289317507,10.));
#1402 = CARTESIAN_POINT('',(4.794881205638,-5.153635014837,10.));
#1403 = CARTESIAN_POINT('',(4.595326309496,-5.476335311573,10.));
#1404 = VECTOR('',#1405,1.);
#1405 = DIRECTION('',(0.,0.,1.));
#1406 = ADVANCED_FACE('',(#1407),#1425,.T.);
#1407 = FACE_BOUND('',#1408,.T.);
#1408 = EDGE_LOOP('',(#1409,#1417,#1423,#1424));
#1409 = ORIENTED_EDGE('',*,*,#1410,.T.);
#1410 = EDGE_CURVE('',#688,#1411,#1413,.T.);
#1411 = VERTEX_POINT('',#1412);
#1412 = CARTESIAN_POINT('',(4.9999999,-3.428486646884,9.6));
#1413 = LINE('',#1414,#1415);
#1414 = CARTESIAN_POINT('',(4.9999999,-3.428486646884,10.));
#1415 = VECTOR('',#1416,1.);
#1416 = DIRECTION('',(-0.,-0.,-1.));
#1417 = ORIENTED_EDGE('',*,*,#1418,.T.);
#1418 = EDGE_CURVE('',#1411,#1385,#1419,.T.);
#1419 = B_SPLINE_CURVE_WITH_KNOTS('',2,(#1420,#1421,#1422),
  .UNSPECIFIED.,.F.,.F.,(3,3),(0.,1.),.PIECEWISE_BEZIER_KNOTS.);
#1420 = CARTESIAN_POINT('',(4.9999999,-3.428486646884,9.6));
#1421 = CARTESIAN_POINT('',(4.9999999,-4.136943620178,9.6));
#1422 = CARTESIAN_POINT('',(4.897440552819,-4.645289317507,9.6));
#1423 = ORIENTED_EDGE('',*,*,#1384,.F.);
#1424 = ORIENTED_EDGE('',*,*,#695,.F.);
#1425 = SURFACE_OF_LINEAR_EXTRUSION('',#1426,#1430);
#1426 = B_SPLINE_CURVE_WITH_KNOTS('',2,(#1427,#1428,#1429),
  .UNSPECIFIED.,.F.,.F.,(3,3),(0.,1.),.PIECEWISE_BEZIER_KNOTS.);
#1427 = CARTESIAN_POINT('',(4.9999999,-3.428486646884,10.));
#1428 = CARTESIAN_POINT('',(4.9999999,-4.136943620178,10.));
#1429 = CARTESIAN_POINT('',(4.897440552819,-4.645289317507,10.));
#1430 = VECTOR('',#1431,1.);
#1431 = DIRECTION('',(0.,0.,1.));
#1432 = ADVANCED_FACE('',(#1433),#1451,.T.);
#1433 = FACE_BOUND('',#1434,.T.);
#1434 = EDGE_LOOP('',(#1435,#1443,#1449,#1450));
#1435 = ORIENTED_EDGE('',*,*,#1436,.T.);
#1436 = EDGE_CURVE('',#680,#1437,#1439,.T.);
#1437 = VERTEX_POINT('',#1438);
#1438 = CARTESIAN_POINT('',(4.897440552819,-2.208902077151,9.6));
#1439 = LINE('',#1440,#1441);
#1440 = CARTESIAN_POINT('',(4.897440552819,-2.208902077151,10.));
#1441 = VECTOR('',#1442,1.);
#1442 = DIRECTION('',(-0.,-0.,-1.));
#1443 = ORIENTED_EDGE('',*,*,#1444,.T.);
#1444 = EDGE_CURVE('',#1437,#1411,#1445,.T.);
#1445 = B_SPLINE_CURVE_WITH_KNOTS('',2,(#1446,#1447,#1448),
  .UNSPECIFIED.,.F.,.F.,(3,3),(0.,1.),.PIECEWISE_BEZIER_KNOTS.);
#1446 = CARTESIAN_POINT('',(4.897440552819,-2.208902077151,9.6));
#1447 = CARTESIAN_POINT('',(4.9999999,-2.714465875371,9.6));
#1448 = CARTESIAN_POINT('',(4.9999999,-3.428486646884,9.6));
#1449 = ORIENTED_EDGE('',*,*,#1410,.F.);
#1450 = ORIENTED_EDGE('',*,*,#687,.F.);
#1451 = SURFACE_OF_LINEAR_EXTRUSION('',#1452,#1456);
#1452 = B_SPLINE_CURVE_WITH_KNOTS('',2,(#1453,#1454,#1455),
  .UNSPECIFIED.,.F.,.F.,(3,3),(0.,1.),.PIECEWISE_BEZIER_KNOTS.);
#1453 = CARTESIAN_POINT('',(4.897440552819,-2.208902077151,10.));
#1454 = CARTESIAN_POINT('',(4.9999999,-2.714465875371,10.));
#1455 = CARTESIAN_POINT('',(4.9999999,-3.428486646884,10.));
#1456 = VECTOR('',#1457,1.);
#1457 = DIRECTION('',(0.,0.,1.));
#1458 = ADVANCED_FACE('',(#1459),#1477,.T.);
#1459 = FACE_BOUND('',#1460,.T.);
#1460 = EDGE_LOOP('',(#1461,#1469,#1475,#1476));
#1461 = ORIENTED_EDGE('',*,*,#1462,.T.);
#1462 = EDGE_CURVE('',#672,#1463,#1465,.T.);
#1463 = VERTEX_POINT('',#1464);
#1464 = CARTESIAN_POINT('',(4.595326309496,-1.383419881306,9.6));
#1465 = LINE('',#1466,#1467);
#1466 = CARTESIAN_POINT('',(4.595326309496,-1.383419881306,10.));
#1467 = VECTOR('',#1468,1.);
#1468 = DIRECTION('',(-0.,-0.,-1.));
#1469 = ORIENTED_EDGE('',*,*,#1470,.T.);
#1470 = EDGE_CURVE('',#1463,#1437,#1471,.T.);
#1471 = B_SPLINE_CURVE_WITH_KNOTS('',2,(#1472,#1473,#1474),
  .UNSPECIFIED.,.F.,.F.,(3,3),(0.,1.),.PIECEWISE_BEZIER_KNOTS.);
#1472 = CARTESIAN_POINT('',(4.595326309496,-1.383419881306,9.6));
#1473 = CARTESIAN_POINT('',(4.794881205638,-1.703338278932,9.6));
#1474 = CARTESIAN_POINT('',(4.897440552819,-2.208902077151,9.6));
#1475 = ORIENTED_EDGE('',*,*,#1436,.F.);
#1476 = ORIENTED_EDGE('',*,*,#679,.F.);
#1477 = SURFACE_OF_LINEAR_EXTRUSION('',#1478,#1482);
#1478 = B_SPLINE_CURVE_WITH_KNOTS('',2,(#1479,#1480,#1481),
  .UNSPECIFIED.,.F.,.F.,(3,3),(0.,1.),.PIECEWISE_BEZIER_KNOTS.);
#1479 = CARTESIAN_POINT('',(4.595326309496,-1.383419881306,10.));
#1480 = CARTESIAN_POINT('',(4.794881205638,-1.703338278932,10.));
#1481 = CARTESIAN_POINT('',(4.897440552819,-2.208902077151,10.));
#1482 = VECTOR('',#1483,1.);
#1483 = DIRECTION('',(0.,0.,1.));
#1484 = ADVANCED_FACE('',(#1485),#1503,.T.);
#1485 = FACE_BOUND('',#1486,.T.);
#1486 = EDGE_LOOP('',(#1487,#1495,#1501,#1502));
#1487 = ORIENTED_EDGE('',*,*,#1488,.T.);
#1488 = EDGE_CURVE('',#664,#1489,#1491,.T.);
#1489 = VERTEX_POINT('',#1490);
#1490 = CARTESIAN_POINT('',(4.09940642819,-0.912166172107,9.6));
#1491 = LINE('',#1492,#1493);
#1492 = CARTESIAN_POINT('',(4.09940642819,-0.912166172107,10.));
#1493 = VECTOR('',#1494,1.);
#1494 = DIRECTION('',(-0.,-0.,-1.));
#1495 = ORIENTED_EDGE('',*,*,#1496,.T.);
#1496 = EDGE_CURVE('',#1489,#1463,#1497,.T.);
#1497 = B_SPLINE_CURVE_WITH_KNOTS('',2,(#1498,#1499,#1500),
  .UNSPECIFIED.,.F.,.F.,(3,3),(0.,1.),.PIECEWISE_BEZIER_KNOTS.);
#1498 = CARTESIAN_POINT('',(4.09940642819,-0.912166172107,9.6));
#1499 = CARTESIAN_POINT('',(4.395771413353,-1.06350148368,9.6));
#1500 = CARTESIAN_POINT('',(4.595326309496,-1.383419881306,9.6));
#1501 = ORIENTED_EDGE('',*,*,#1462,.F.);
#1502 = ORIENTED_EDGE('',*,*,#671,.F.);
#1503 = SURFACE_OF_LINEAR_EXTRUSION('',#1504,#1508);
#1504 = B_SPLINE_CURVE_WITH_KNOTS('',2,(#1505,#1506,#1507),
  .UNSPECIFIED.,.F.,.F.,(3,3),(0.,1.),.PIECEWISE_BEZIER_KNOTS.);
#1505 = CARTESIAN_POINT('',(4.09940642819,-0.912166172107,10.));
#1506 = CARTESIAN_POINT('',(4.395771413353,-1.06350148368,10.));
#1507 = CARTESIAN_POINT('',(4.595326309496,-1.383419881306,10.));
#1508 = VECTOR('',#1509,1.);
#1509 = DIRECTION('',(0.,0.,1.));
#1510 = ADVANCED_FACE('',(#1511),#1529,.T.);
#1511 = FACE_BOUND('',#1512,.T.);
#1512 = EDGE_LOOP('',(#1513,#1521,#1527,#1528));
#1513 = ORIENTED_EDGE('',*,*,#1514,.T.);
#1514 = EDGE_CURVE('',#656,#1515,#1517,.T.);
#1515 = VERTEX_POINT('',#1516);
#1516 = CARTESIAN_POINT('',(3.415430167062,-0.760830860534,9.6));
#1517 = LINE('',#1518,#1519);
#1518 = CARTESIAN_POINT('',(3.415430167062,-0.760830860534,10.));
#1519 = VECTOR('',#1520,1.);
#1520 = DIRECTION('',(-0.,-0.,-1.));
#1521 = ORIENTED_EDGE('',*,*,#1522,.T.);
#1522 = EDGE_CURVE('',#1515,#1489,#1523,.T.);
#1523 = B_SPLINE_CURVE_WITH_KNOTS('',2,(#1524,#1525,#1526),
  .UNSPECIFIED.,.F.,.F.,(3,3),(0.,1.),.PIECEWISE_BEZIER_KNOTS.);
#1524 = CARTESIAN_POINT('',(3.415430167062,-0.760830860534,9.6));
#1525 = CARTESIAN_POINT('',(3.803041443027,-0.760830860534,9.6));
#1526 = CARTESIAN_POINT('',(4.09940642819,-0.912166172107,9.6));
#1527 = ORIENTED_EDGE('',*,*,#1488,.F.);
#1528 = ORIENTED_EDGE('',*,*,#663,.F.);
#1529 = SURFACE_OF_LINEAR_EXTRUSION('',#1530,#1534);
#1530 = B_SPLINE_CURVE_WITH_KNOTS('',2,(#1531,#1532,#1533),
  .UNSPECIFIED.,.F.,.F.,(3,3),(0.,1.),.PIECEWISE_BEZIER_KNOTS.);
#1531 = CARTESIAN_POINT('',(3.415430167062,-0.760830860534,10.));
#1532 = CARTESIAN_POINT('',(3.803041443027,-0.760830860534,10.));
#1533 = CARTESIAN_POINT('',(4.09940642819,-0.912166172107,10.));
#1534 = VECTOR('',#1535,1.);
#1535 = DIRECTION('',(0.,0.,1.));
#1536 = ADVANCED_FACE('',(#1537),#1555,.T.);
#1537 = FACE_BOUND('',#1538,.T.);
#1538 = EDGE_LOOP('',(#1539,#1547,#1553,#1554));
#1539 = ORIENTED_EDGE('',*,*,#1540,.T.);
#1540 = EDGE_CURVE('',#648,#1541,#1543,.T.);
#1541 = VERTEX_POINT('',#1542);
#1542 = CARTESIAN_POINT('',(3.315652718991,-0.804228486647,9.6));
#1543 = LINE('',#1544,#1545);
#1544 = CARTESIAN_POINT('',(3.315652718991,-0.804228486647,10.));
#1545 = VECTOR('',#1546,1.);
#1546 = DIRECTION('',(-0.,-0.,-1.));
#1547 = ORIENTED_EDGE('',*,*,#1548,.T.);
#1548 = EDGE_CURVE('',#1541,#1515,#1549,.T.);
#1549 = B_SPLINE_CURVE_WITH_KNOTS('',2,(#1550,#1551,#1552),
  .UNSPECIFIED.,.F.,.F.,(3,3),(0.,1.),.PIECEWISE_BEZIER_KNOTS.);
#1550 = CARTESIAN_POINT('',(3.315652718991,-0.804228486647,9.6));
#1551 = CARTESIAN_POINT('',(3.358308505341,-0.760830860534,9.6));
#1552 = CARTESIAN_POINT('',(3.415430167062,-0.760830860534,9.6));
#1553 = ORIENTED_EDGE('',*,*,#1514,.F.);
#1554 = ORIENTED_EDGE('',*,*,#655,.F.);
#1555 = SURFACE_OF_LINEAR_EXTRUSION('',#1556,#1560);
#1556 = B_SPLINE_CURVE_WITH_KNOTS('',2,(#1557,#1558,#1559),
  .UNSPECIFIED.,.F.,.F.,(3,3),(0.,1.),.PIECEWISE_BEZIER_KNOTS.);
#1557 = CARTESIAN_POINT('',(3.315652718991,-0.804228486647,10.));
#1558 = CARTESIAN_POINT('',(3.358308505341,-0.760830860534,10.));
#1559 = CARTESIAN_POINT('',(3.415430167062,-0.760830860534,10.));
#1560 = VECTOR('',#1561,1.);
#1561 = DIRECTION('',(0.,0.,1.));
#1562 = ADVANCED_FACE('',(#1563),#1581,.T.);
#1563 = FACE_BOUND('',#1564,.T.);
#1564 = EDGE_LOOP('',(#1565,#1573,#1579,#1580));
#1565 = ORIENTED_EDGE('',*,*,#1566,.T.);
#1566 = EDGE_CURVE('',#640,#1567,#1569,.T.);
#1567 = VERTEX_POINT('',#1568);
#1568 = CARTESIAN_POINT('',(3.272996932641,-0.905489614243,9.6));
#1569 = LINE('',#1570,#1571);
#1570 = CARTESIAN_POINT('',(3.272996932641,-0.905489614243,10.));
#1571 = VECTOR('',#1572,1.);
#1572 = DIRECTION('',(-0.,-0.,-1.));
#1573 = ORIENTED_EDGE('',*,*,#1574,.T.);
#1574 = EDGE_CURVE('',#1567,#1541,#1575,.T.);
#1575 = B_SPLINE_CURVE_WITH_KNOTS('',2,(#1576,#1577,#1578),
  .UNSPECIFIED.,.F.,.F.,(3,3),(0.,1.),.PIECEWISE_BEZIER_KNOTS.);
#1576 = CARTESIAN_POINT('',(3.272996932641,-0.905489614243,9.6));
#1577 = CARTESIAN_POINT('',(3.272996932641,-0.84762611276,9.6));
#1578 = CARTESIAN_POINT('',(3.315652718991,-0.804228486647,9.6));
#1579 = ORIENTED_EDGE('',*,*,#1540,.F.);
#1580 = ORIENTED_EDGE('',*,*,#647,.F.);
#1581 = SURFACE_OF_LINEAR_EXTRUSION('',#1582,#1586);
#1582 = B_SPLINE_CURVE_WITH_KNOTS('',2,(#1583,#1584,#1585),
  .UNSPECIFIED.,.F.,.F.,(3,3),(0.,1.),.PIECEWISE_BEZIER_KNOTS.);
#1583 = CARTESIAN_POINT('',(3.272996932641,-0.905489614243,10.));
#1584 = CARTESIAN_POINT('',(3.272996932641,-0.84762611276,10.));
#1585 = CARTESIAN_POINT('',(3.315652718991,-0.804228486647,10.));
#1586 = VECTOR('',#1587,1.);
#1587 = DIRECTION('',(0.,0.,1.));
#1588 = ADVANCED_FACE('',(#1589),#1607,.T.);
#1589 = FACE_BOUND('',#1590,.T.);
#1590 = EDGE_LOOP('',(#1591,#1599,#1605,#1606));
#1591 = ORIENTED_EDGE('',*,*,#1592,.T.);
#1592 = EDGE_CURVE('',#632,#1593,#1595,.T.);
#1593 = VERTEX_POINT('',#1594);
#1594 = CARTESIAN_POINT('',(3.272996932641,-1.31646884273,9.6));
#1595 = LINE('',#1596,#1597);
#1596 = CARTESIAN_POINT('',(3.272996932641,-1.31646884273,10.));
#1597 = VECTOR('',#1598,1.);
#1598 = DIRECTION('',(-0.,-0.,-1.));
#1599 = ORIENTED_EDGE('',*,*,#1600,.T.);
#1600 = EDGE_CURVE('',#1593,#1567,#1601,.T.);
#1601 = LINE('',#1602,#1603);
#1602 = CARTESIAN_POINT('',(3.272996932641,-1.31646884273,9.6));
#1603 = VECTOR('',#1604,1.);
#1604 = DIRECTION('',(0.,1.,0.));
#1605 = ORIENTED_EDGE('',*,*,#1566,.F.);
#1606 = ORIENTED_EDGE('',*,*,#639,.F.);
#1607 = PLANE('',#1608);
#1608 = AXIS2_PLACEMENT_3D('',#1609,#1610,#1611);
#1609 = CARTESIAN_POINT('',(3.272996932641,-1.31646884273,10.));
#1610 = DIRECTION('',(1.,0.,0.));
#1611 = DIRECTION('',(-0.,1.,0.));
#1612 = ADVANCED_FACE('',(#1613),#1631,.T.);
#1613 = FACE_BOUND('',#1614,.T.);
#1614 = EDGE_LOOP('',(#1615,#1623,#1629,#1630));
#1615 = ORIENTED_EDGE('',*,*,#1616,.T.);
#1616 = EDGE_CURVE('',#624,#1617,#1619,.T.);
#1617 = VERTEX_POINT('',#1618);
#1618 = CARTESIAN_POINT('',(3.31546725905,-1.420697329377,9.6));
#1619 = LINE('',#1620,#1621);
#1620 = CARTESIAN_POINT('',(3.31546725905,-1.420697329377,10.));
#1621 = VECTOR('',#1622,1.);
#1622 = DIRECTION('',(-0.,-0.,-1.));
#1623 = ORIENTED_EDGE('',*,*,#1624,.T.);
#1624 = EDGE_CURVE('',#1617,#1593,#1625,.T.);
#1625 = B_SPLINE_CURVE_WITH_KNOTS('',2,(#1626,#1627,#1628),
  .UNSPECIFIED.,.F.,.F.,(3,3),(0.,1.),.PIECEWISE_BEZIER_KNOTS.);
#1626 = CARTESIAN_POINT('',(3.31546725905,-1.420697329377,9.6));
#1627 = CARTESIAN_POINT('',(3.272996932641,-1.380081602374,9.6));
#1628 = CARTESIAN_POINT('',(3.272996932641,-1.31646884273,9.6));
#1629 = ORIENTED_EDGE('',*,*,#1592,.F.);
#1630 = ORIENTED_EDGE('',*,*,#631,.F.);
#1631 = SURFACE_OF_LINEAR_EXTRUSION('',#1632,#1636);
#1632 = B_SPLINE_CURVE_WITH_KNOTS('',2,(#1633,#1634,#1635),
  .UNSPECIFIED.,.F.,.F.,(3,3),(0.,1.),.PIECEWISE_BEZIER_KNOTS.);
#1633 = CARTESIAN_POINT('',(3.31546725905,-1.420697329377,10.));
#1634 = CARTESIAN_POINT('',(3.272996932641,-1.380081602374,10.));
#1635 = CARTESIAN_POINT('',(3.272996932641,-1.31646884273,10.));
#1636 = VECTOR('',#1637,1.);
#1637 = DIRECTION('',(0.,0.,1.));
#1638 = ADVANCED_FACE('',(#1639),#1657,.T.);
#1639 = FACE_BOUND('',#1640,.T.);
#1640 = EDGE_LOOP('',(#1641,#1649,#1655,#1656));
#1641 = ORIENTED_EDGE('',*,*,#1642,.T.);
#1642 = EDGE_CURVE('',#616,#1643,#1645,.T.);
#1643 = VERTEX_POINT('',#1644);
#1644 = CARTESIAN_POINT('',(3.409309989021,-1.461127596439,9.6));
#1645 = LINE('',#1646,#1647);
#1646 = CARTESIAN_POINT('',(3.409309989021,-1.461127596439,10.));
#1647 = VECTOR('',#1648,1.);
#1648 = DIRECTION('',(-0.,-0.,-1.));
#1649 = ORIENTED_EDGE('',*,*,#1650,.T.);
#1650 = EDGE_CURVE('',#1643,#1617,#1651,.T.);
#1651 = B_SPLINE_CURVE_WITH_KNOTS('',2,(#1652,#1653,#1654),
  .UNSPECIFIED.,.F.,.F.,(3,3),(0.,1.),.PIECEWISE_BEZIER_KNOTS.);
#1652 = CARTESIAN_POINT('',(3.409309989021,-1.461127596439,9.6));
#1653 = CARTESIAN_POINT('',(3.358123045401,-1.461127596439,9.6));
#1654 = CARTESIAN_POINT('',(3.31546725905,-1.420697329377,9.6));
#1655 = ORIENTED_EDGE('',*,*,#1616,.F.);
#1656 = ORIENTED_EDGE('',*,*,#623,.F.);
#1657 = SURFACE_OF_LINEAR_EXTRUSION('',#1658,#1662);
#1658 = B_SPLINE_CURVE_WITH_KNOTS('',2,(#1659,#1660,#1661),
  .UNSPECIFIED.,.F.,.F.,(3,3),(0.,1.),.PIECEWISE_BEZIER_KNOTS.);
#1659 = CARTESIAN_POINT('',(3.409309989021,-1.461127596439,10.));
#1660 = CARTESIAN_POINT('',(3.358123045401,-1.461127596439,10.));
#1661 = CARTESIAN_POINT('',(3.31546725905,-1.420697329377,10.));
#1662 = VECTOR('',#1663,1.);
#1663 = DIRECTION('',(0.,0.,1.));
#1664 = ADVANCED_FACE('',(#1665),#1683,.T.);
#1665 = FACE_BOUND('',#1666,.T.);
#1666 = EDGE_LOOP('',(#1667,#1675,#1681,#1682));
#1667 = ORIENTED_EDGE('',*,*,#1668,.T.);
#1668 = EDGE_CURVE('',#608,#1669,#1671,.T.);
#1669 = VERTEX_POINT('',#1670);
#1670 = CARTESIAN_POINT('',(3.798775864392,-1.587054896142,9.6));
#1671 = LINE('',#1672,#1673);
#1672 = CARTESIAN_POINT('',(3.798775864392,-1.587054896142,10.));
#1673 = VECTOR('',#1674,1.);
#1674 = DIRECTION('',(-0.,-0.,-1.));
#1675 = ORIENTED_EDGE('',*,*,#1676,.T.);
#1676 = EDGE_CURVE('',#1669,#1643,#1677,.T.);
#1677 = B_SPLINE_CURVE_WITH_KNOTS('',2,(#1678,#1679,#1680),
  .UNSPECIFIED.,.F.,.F.,(3,3),(0.,1.),.PIECEWISE_BEZIER_KNOTS.);
#1678 = CARTESIAN_POINT('',(3.798775864392,-1.587054896142,9.6));
#1679 = CARTESIAN_POINT('',(3.642433134421,-1.461127596439,9.6));
#1680 = CARTESIAN_POINT('',(3.409309989021,-1.461127596439,9.6));
#1681 = ORIENTED_EDGE('',*,*,#1642,.F.);
#1682 = ORIENTED_EDGE('',*,*,#615,.F.);
#1683 = SURFACE_OF_LINEAR_EXTRUSION('',#1684,#1688);
#1684 = B_SPLINE_CURVE_WITH_KNOTS('',2,(#1685,#1686,#1687),
  .UNSPECIFIED.,.F.,.F.,(3,3),(0.,1.),.PIECEWISE_BEZIER_KNOTS.);
#1685 = CARTESIAN_POINT('',(3.798775864392,-1.587054896142,10.));
#1686 = CARTESIAN_POINT('',(3.642433134421,-1.461127596439,10.));
#1687 = CARTESIAN_POINT('',(3.409309989021,-1.461127596439,10.));
#1688 = VECTOR('',#1689,1.);
#1689 = DIRECTION('',(0.,0.,1.));
#1690 = ADVANCED_FACE('',(#1691),#1709,.T.);
#1691 = FACE_BOUND('',#1692,.T.);
#1692 = EDGE_LOOP('',(#1693,#1701,#1707,#1708));
#1693 = ORIENTED_EDGE('',*,*,#1694,.T.);
#1694 = EDGE_CURVE('',#600,#1695,#1697,.T.);
#1695 = VERTEX_POINT('',#1696);
#1696 = CARTESIAN_POINT('',(4.045993965282,-1.961683976261,9.6));
#1697 = LINE('',#1698,#1699);
#1698 = CARTESIAN_POINT('',(4.045993965282,-1.961683976261,10.));
#1699 = VECTOR('',#1700,1.);
#1700 = DIRECTION('',(-0.,-0.,-1.));
#1701 = ORIENTED_EDGE('',*,*,#1702,.T.);
#1702 = EDGE_CURVE('',#1695,#1669,#1703,.T.);
#1703 = B_SPLINE_CURVE_WITH_KNOTS('',2,(#1704,#1705,#1706),
  .UNSPECIFIED.,.F.,.F.,(3,3),(0.,1.),.PIECEWISE_BEZIER_KNOTS.);
#1704 = CARTESIAN_POINT('',(4.045993965282,-1.961683976261,9.6));
#1705 = CARTESIAN_POINT('',(3.955118594362,-1.712796735905,9.6));
#1706 = CARTESIAN_POINT('',(3.798775864392,-1.587054896142,9.6));
#1707 = ORIENTED_EDGE('',*,*,#1668,.F.);
#1708 = ORIENTED_EDGE('',*,*,#607,.F.);
#1709 = SURFACE_OF_LINEAR_EXTRUSION('',#1710,#1714);
#1710 = B_SPLINE_CURVE_WITH_KNOTS('',2,(#1711,#1712,#1713),
  .UNSPECIFIED.,.F.,.F.,(3,3),(0.,1.),.PIECEWISE_BEZIER_KNOTS.);
#1711 = CARTESIAN_POINT('',(4.045993965282,-1.961683976261,10.));
#1712 = CARTESIAN_POINT('',(3.955118594362,-1.712796735905,10.));
#1713 = CARTESIAN_POINT('',(3.798775864392,-1.587054896142,10.));
#1714 = VECTOR('',#1715,1.);
#1715 = DIRECTION('',(0.,0.,1.));
#1716 = ADVANCED_FACE('',(#1717),#1735,.T.);
#1717 = FACE_BOUND('',#1718,.T.);
#1718 = EDGE_LOOP('',(#1719,#1727,#1733,#1734));
#1719 = ORIENTED_EDGE('',*,*,#1720,.T.);
#1720 = EDGE_CURVE('',#592,#1721,#1723,.T.);
#1721 = VERTEX_POINT('',#1722);
#1722 = CARTESIAN_POINT('',(4.176743223442,-2.573516320475,9.6));
#1723 = LINE('',#1724,#1725);
#1724 = CARTESIAN_POINT('',(4.176743223442,-2.573516320475,10.));
#1725 = VECTOR('',#1726,1.);
#1726 = DIRECTION('',(-0.,-0.,-1.));
#1727 = ORIENTED_EDGE('',*,*,#1728,.T.);
#1728 = EDGE_CURVE('',#1721,#1695,#1729,.T.);
#1729 = B_SPLINE_CURVE_WITH_KNOTS('',2,(#1730,#1731,#1732),
  .UNSPECIFIED.,.F.,.F.,(3,3),(0.,1.),.PIECEWISE_BEZIER_KNOTS.);
#1730 = CARTESIAN_POINT('',(4.176743223442,-2.573516320475,9.6));
#1731 = CARTESIAN_POINT('',(4.137054796142,-2.210385756677,9.6));
#1732 = CARTESIAN_POINT('',(4.045993965282,-1.961683976261,9.6));
#1733 = ORIENTED_EDGE('',*,*,#1694,.F.);
#1734 = ORIENTED_EDGE('',*,*,#599,.F.);
#1735 = SURFACE_OF_LINEAR_EXTRUSION('',#1736,#1740);
#1736 = B_SPLINE_CURVE_WITH_KNOTS('',2,(#1737,#1738,#1739),
  .UNSPECIFIED.,.F.,.F.,(3,3),(0.,1.),.PIECEWISE_BEZIER_KNOTS.);
#1737 = CARTESIAN_POINT('',(4.176743223442,-2.573516320475,10.));
#1738 = CARTESIAN_POINT('',(4.137054796142,-2.210385756677,10.));
#1739 = CARTESIAN_POINT('',(4.045993965282,-1.961683976261,10.));
#1740 = VECTOR('',#1741,1.);
#1741 = DIRECTION('',(0.,0.,1.));
#1742 = ADVANCED_FACE('',(#1743),#1761,.T.);
#1743 = FACE_BOUND('',#1744,.T.);
#1744 = EDGE_LOOP('',(#1745,#1753,#1759,#1760));
#1745 = ORIENTED_EDGE('',*,*,#1746,.T.);
#1746 = EDGE_CURVE('',#584,#1747,#1749,.T.);
#1747 = VERTEX_POINT('',#1748);
#1748 = CARTESIAN_POINT('',(4.216617110682,-3.428486646884,9.6));
#1749 = LINE('',#1750,#1751);
#1750 = CARTESIAN_POINT('',(4.216617110682,-3.428486646884,10.));
#1751 = VECTOR('',#1752,1.);
#1752 = DIRECTION('',(-0.,-0.,-1.));
#1753 = ORIENTED_EDGE('',*,*,#1754,.T.);
#1754 = EDGE_CURVE('',#1747,#1721,#1755,.T.);
#1755 = B_SPLINE_CURVE_WITH_KNOTS('',2,(#1756,#1757,#1758),
  .UNSPECIFIED.,.F.,.F.,(3,3),(0.,1.),.PIECEWISE_BEZIER_KNOTS.);
#1756 = CARTESIAN_POINT('',(4.216617110682,-3.428486646884,9.6));
#1757 = CARTESIAN_POINT('',(4.216617110682,-2.936646884273,9.6));
#1758 = CARTESIAN_POINT('',(4.176743223442,-2.573516320475,9.6));
#1759 = ORIENTED_EDGE('',*,*,#1720,.F.);
#1760 = ORIENTED_EDGE('',*,*,#591,.F.);
#1761 = SURFACE_OF_LINEAR_EXTRUSION('',#1762,#1766);
#1762 = B_SPLINE_CURVE_WITH_KNOTS('',2,(#1763,#1764,#1765),
  .UNSPECIFIED.,.F.,.F.,(3,3),(0.,1.),.PIECEWISE_BEZIER_KNOTS.);
#1763 = CARTESIAN_POINT('',(4.216617110682,-3.428486646884,10.));
#1764 = CARTESIAN_POINT('',(4.216617110682,-2.936646884273,10.));
#1765 = CARTESIAN_POINT('',(4.176743223442,-2.573516320475,10.));
#1766 = VECTOR('',#1767,1.);
#1767 = DIRECTION('',(0.,0.,1.));
#1768 = ADVANCED_FACE('',(#1769),#1787,.T.);
#1769 = FACE_BOUND('',#1770,.T.);
#1770 = EDGE_LOOP('',(#1771,#1779,#1785,#1786));
#1771 = ORIENTED_EDGE('',*,*,#1772,.T.);
#1772 = EDGE_CURVE('',#576,#1773,#1775,.T.);
#1773 = VERTEX_POINT('',#1774);
#1774 = CARTESIAN_POINT('',(4.176743223442,-4.286424332344,9.6));
#1775 = LINE('',#1776,#1777);
#1776 = CARTESIAN_POINT('',(4.176743223442,-4.286424332344,10.));
#1777 = VECTOR('',#1778,1.);
#1778 = DIRECTION('',(-0.,-0.,-1.));
#1779 = ORIENTED_EDGE('',*,*,#1780,.T.);
#1780 = EDGE_CURVE('',#1773,#1747,#1781,.T.);
#1781 = B_SPLINE_CURVE_WITH_KNOTS('',2,(#1782,#1783,#1784),
  .UNSPECIFIED.,.F.,.F.,(3,3),(0.,1.),.PIECEWISE_BEZIER_KNOTS.);
#1782 = CARTESIAN_POINT('',(4.176743223442,-4.286424332344,9.6));
#1783 = CARTESIAN_POINT('',(4.216617110682,-3.920326409496,9.6));
#1784 = CARTESIAN_POINT('',(4.216617110682,-3.428486646884,9.6));
#1785 = ORIENTED_EDGE('',*,*,#1746,.F.);
#1786 = ORIENTED_EDGE('',*,*,#583,.F.);
#1787 = SURFACE_OF_LINEAR_EXTRUSION('',#1788,#1792);
#1788 = B_SPLINE_CURVE_WITH_KNOTS('',2,(#1789,#1790,#1791),
  .UNSPECIFIED.,.F.,.F.,(3,3),(0.,1.),.PIECEWISE_BEZIER_KNOTS.);
#1789 = CARTESIAN_POINT('',(4.176743223442,-4.286424332344,10.));
#1790 = CARTESIAN_POINT('',(4.216617110682,-3.920326409496,10.));
#1791 = CARTESIAN_POINT('',(4.216617110682,-3.428486646884,10.));
#1792 = VECTOR('',#1793,1.);
#1793 = DIRECTION('',(0.,0.,1.));
#1794 = ADVANCED_FACE('',(#1795),#1813,.T.);
#1795 = FACE_BOUND('',#1796,.T.);
#1796 = EDGE_LOOP('',(#1797,#1805,#1811,#1812));
#1797 = ORIENTED_EDGE('',*,*,#1798,.T.);
#1798 = EDGE_CURVE('',#568,#1799,#1801,.T.);
#1799 = VERTEX_POINT('',#1800);
#1800 = CARTESIAN_POINT('',(4.045993965282,-4.898442136499,9.6));
#1801 = LINE('',#1802,#1803);
#1802 = CARTESIAN_POINT('',(4.045993965282,-4.898442136499,10.));
#1803 = VECTOR('',#1804,1.);
#1804 = DIRECTION('',(-0.,-0.,-1.));
#1805 = ORIENTED_EDGE('',*,*,#1806,.T.);
#1806 = EDGE_CURVE('',#1799,#1773,#1807,.T.);
#1807 = B_SPLINE_CURVE_WITH_KNOTS('',2,(#1808,#1809,#1810),
  .UNSPECIFIED.,.F.,.F.,(3,3),(0.,1.),.PIECEWISE_BEZIER_KNOTS.);
#1808 = CARTESIAN_POINT('',(4.045993965282,-4.898442136499,9.6));
#1809 = CARTESIAN_POINT('',(4.137054796142,-4.652522255193,9.6));
#1810 = CARTESIAN_POINT('',(4.176743223442,-4.286424332344,9.6));
#1811 = ORIENTED_EDGE('',*,*,#1772,.F.);
#1812 = ORIENTED_EDGE('',*,*,#575,.F.);
#1813 = SURFACE_OF_LINEAR_EXTRUSION('',#1814,#1818);
#1814 = B_SPLINE_CURVE_WITH_KNOTS('',2,(#1815,#1816,#1817),
  .UNSPECIFIED.,.F.,.F.,(3,3),(0.,1.),.PIECEWISE_BEZIER_KNOTS.);
#1815 = CARTESIAN_POINT('',(4.045993965282,-4.898442136499,10.));
#1816 = CARTESIAN_POINT('',(4.137054796142,-4.652522255193,10.));
#1817 = CARTESIAN_POINT('',(4.176743223442,-4.286424332344,10.));
#1818 = VECTOR('',#1819,1.);
#1819 = DIRECTION('',(0.,0.,1.));
#1820 = ADVANCED_FACE('',(#1821),#1839,.T.);
#1821 = FACE_BOUND('',#1822,.T.);
#1822 = EDGE_LOOP('',(#1823,#1831,#1837,#1838));
#1823 = ORIENTED_EDGE('',*,*,#1824,.T.);
#1824 = EDGE_CURVE('',#560,#1825,#1827,.T.);
#1825 = VERTEX_POINT('',#1826);
#1826 = CARTESIAN_POINT('',(3.798775864392,-5.273071216617,9.6));
#1827 = LINE('',#1828,#1829);
#1828 = CARTESIAN_POINT('',(3.798775864392,-5.273071216617,10.));
#1829 = VECTOR('',#1830,1.);
#1830 = DIRECTION('',(-0.,-0.,-1.));
#1831 = ORIENTED_EDGE('',*,*,#1832,.T.);
#1832 = EDGE_CURVE('',#1825,#1799,#1833,.T.);
#1833 = B_SPLINE_CURVE_WITH_KNOTS('',2,(#1834,#1835,#1836),
  .UNSPECIFIED.,.F.,.F.,(3,3),(0.,1.),.PIECEWISE_BEZIER_KNOTS.);
#1834 = CARTESIAN_POINT('',(3.798775864392,-5.273071216617,9.6));
#1835 = CARTESIAN_POINT('',(3.955118594362,-5.144362017804,9.6));
#1836 = CARTESIAN_POINT('',(4.045993965282,-4.898442136499,9.6));
#1837 = ORIENTED_EDGE('',*,*,#1798,.F.);
#1838 = ORIENTED_EDGE('',*,*,#567,.F.);
#1839 = SURFACE_OF_LINEAR_EXTRUSION('',#1840,#1844);
#1840 = B_SPLINE_CURVE_WITH_KNOTS('',2,(#1841,#1842,#1843),
  .UNSPECIFIED.,.F.,.F.,(3,3),(0.,1.),.PIECEWISE_BEZIER_KNOTS.);
#1841 = CARTESIAN_POINT('',(3.798775864392,-5.273071216617,10.));
#1842 = CARTESIAN_POINT('',(3.955118594362,-5.144362017804,10.));
#1843 = CARTESIAN_POINT('',(4.045993965282,-4.898442136499,10.));
#1844 = VECTOR('',#1845,1.);
#1845 = DIRECTION('',(0.,0.,1.));
#1846 = ADVANCED_FACE('',(#1847),#1865,.T.);
#1847 = FACE_BOUND('',#1848,.T.);
#1848 = EDGE_LOOP('',(#1849,#1857,#1863,#1864));
#1849 = ORIENTED_EDGE('',*,*,#1850,.T.);
#1850 = EDGE_CURVE('',#552,#1851,#1853,.T.);
#1851 = VERTEX_POINT('',#1852);
#1852 = CARTESIAN_POINT('',(3.409309989021,-5.40178041543,9.6));
#1853 = LINE('',#1854,#1855);
#1854 = CARTESIAN_POINT('',(3.409309989021,-5.40178041543,10.));
#1855 = VECTOR('',#1856,1.);
#1856 = DIRECTION('',(-0.,-0.,-1.));
#1857 = ORIENTED_EDGE('',*,*,#1858,.T.);
#1858 = EDGE_CURVE('',#1851,#1825,#1859,.T.);
#1859 = B_SPLINE_CURVE_WITH_KNOTS('',2,(#1860,#1861,#1862),
  .UNSPECIFIED.,.F.,.F.,(3,3),(0.,1.),.PIECEWISE_BEZIER_KNOTS.);
#1860 = CARTESIAN_POINT('',(3.409309989021,-5.40178041543,9.6));
#1861 = CARTESIAN_POINT('',(3.642433134421,-5.40178041543,9.6));
#1862 = CARTESIAN_POINT('',(3.798775864392,-5.273071216617,9.6));
#1863 = ORIENTED_EDGE('',*,*,#1824,.F.);
#1864 = ORIENTED_EDGE('',*,*,#559,.F.);
#1865 = SURFACE_OF_LINEAR_EXTRUSION('',#1866,#1870);
#1866 = B_SPLINE_CURVE_WITH_KNOTS('',2,(#1867,#1868,#1869),
  .UNSPECIFIED.,.F.,.F.,(3,3),(0.,1.),.PIECEWISE_BEZIER_KNOTS.);
#1867 = CARTESIAN_POINT('',(3.409309989021,-5.40178041543,10.));
#1868 = CARTESIAN_POINT('',(3.642433134421,-5.40178041543,10.));
#1869 = CARTESIAN_POINT('',(3.798775864392,-5.273071216617,10.));
#1870 = VECTOR('',#1871,1.);
#1871 = DIRECTION('',(0.,0.,1.));
#1872 = ADVANCED_FACE('',(#1873),#1891,.T.);
#1873 = FACE_BOUND('',#1874,.T.);
#1874 = EDGE_LOOP('',(#1875,#1883,#1889,#1890));
#1875 = ORIENTED_EDGE('',*,*,#1876,.T.);
#1876 = EDGE_CURVE('',#544,#1877,#1879,.T.);
#1877 = VERTEX_POINT('',#1878);
#1878 = CARTESIAN_POINT('',(3.31546725905,-5.442210682493,9.6));
#1879 = LINE('',#1880,#1881);
#1880 = CARTESIAN_POINT('',(3.31546725905,-5.442210682493,10.));
#1881 = VECTOR('',#1882,1.);
#1882 = DIRECTION('',(-0.,-0.,-1.));
#1883 = ORIENTED_EDGE('',*,*,#1884,.T.);
#1884 = EDGE_CURVE('',#1877,#1851,#1885,.T.);
#1885 = B_SPLINE_CURVE_WITH_KNOTS('',2,(#1886,#1887,#1888),
  .UNSPECIFIED.,.F.,.F.,(3,3),(0.,1.),.PIECEWISE_BEZIER_KNOTS.);
#1886 = CARTESIAN_POINT('',(3.31546725905,-5.442210682493,9.6));
#1887 = CARTESIAN_POINT('',(3.358123045401,-5.40178041543,9.6));
#1888 = CARTESIAN_POINT('',(3.409309989021,-5.40178041543,9.6));
#1889 = ORIENTED_EDGE('',*,*,#1850,.F.);
#1890 = ORIENTED_EDGE('',*,*,#551,.F.);
#1891 = SURFACE_OF_LINEAR_EXTRUSION('',#1892,#1896);
#1892 = B_SPLINE_CURVE_WITH_KNOTS('',2,(#1893,#1894,#1895),
  .UNSPECIFIED.,.F.,.F.,(3,3),(0.,1.),.PIECEWISE_BEZIER_KNOTS.);
#1893 = CARTESIAN_POINT('',(3.31546725905,-5.442210682493,10.));
#1894 = CARTESIAN_POINT('',(3.358123045401,-5.40178041543,10.));
#1895 = CARTESIAN_POINT('',(3.409309989021,-5.40178041543,10.));
#1896 = VECTOR('',#1897,1.);
#1897 = DIRECTION('',(0.,0.,1.));
#1898 = ADVANCED_FACE('',(#1899),#1917,.T.);
#1899 = FACE_BOUND('',#1900,.T.);
#1900 = EDGE_LOOP('',(#1901,#1909,#1915,#1916));
#1901 = ORIENTED_EDGE('',*,*,#1902,.T.);
#1902 = EDGE_CURVE('',#536,#1903,#1905,.T.);
#1903 = VERTEX_POINT('',#1904);
#1904 = CARTESIAN_POINT('',(3.272996932641,-5.546439169139,9.6));
#1905 = LINE('',#1906,#1907);
#1906 = CARTESIAN_POINT('',(3.272996932641,-5.546439169139,10.));
#1907 = VECTOR('',#1908,1.);
#1908 = DIRECTION('',(-0.,-0.,-1.));
#1909 = ORIENTED_EDGE('',*,*,#1910,.T.);
#1910 = EDGE_CURVE('',#1903,#1877,#1911,.T.);
#1911 = B_SPLINE_CURVE_WITH_KNOTS('',2,(#1912,#1913,#1914),
  .UNSPECIFIED.,.F.,.F.,(3,3),(0.,1.),.PIECEWISE_BEZIER_KNOTS.);
#1912 = CARTESIAN_POINT('',(3.272996932641,-5.546439169139,9.6));
#1913 = CARTESIAN_POINT('',(3.272996932641,-5.482826409496,9.6));
#1914 = CARTESIAN_POINT('',(3.31546725905,-5.442210682493,9.6));
#1915 = ORIENTED_EDGE('',*,*,#1876,.F.);
#1916 = ORIENTED_EDGE('',*,*,#543,.F.);
#1917 = SURFACE_OF_LINEAR_EXTRUSION('',#1918,#1922);
#1918 = B_SPLINE_CURVE_WITH_KNOTS('',2,(#1919,#1920,#1921),
  .UNSPECIFIED.,.F.,.F.,(3,3),(0.,1.),.PIECEWISE_BEZIER_KNOTS.);
#1919 = CARTESIAN_POINT('',(3.272996932641,-5.546439169139,10.));
#1920 = CARTESIAN_POINT('',(3.272996932641,-5.482826409496,10.));
#1921 = CARTESIAN_POINT('',(3.31546725905,-5.442210682493,10.));
#1922 = VECTOR('',#1923,1.);
#1923 = DIRECTION('',(0.,0.,1.));
#1924 = ADVANCED_FACE('',(#1925),#1943,.T.);
#1925 = FACE_BOUND('',#1926,.T.);
#1926 = EDGE_LOOP('',(#1927,#1935,#1941,#1942));
#1927 = ORIENTED_EDGE('',*,*,#1928,.T.);
#1928 = EDGE_CURVE('',#528,#1929,#1931,.T.);
#1929 = VERTEX_POINT('',#1930);
#1930 = CARTESIAN_POINT('',(3.272996932641,-5.957418397626,9.6));
#1931 = LINE('',#1932,#1933);
#1932 = CARTESIAN_POINT('',(3.272996932641,-5.957418397626,10.));
#1933 = VECTOR('',#1934,1.);
#1934 = DIRECTION('',(-0.,-0.,-1.));
#1935 = ORIENTED_EDGE('',*,*,#1936,.T.);
#1936 = EDGE_CURVE('',#1929,#1903,#1937,.T.);
#1937 = LINE('',#1938,#1939);
#1938 = CARTESIAN_POINT('',(3.272996932641,-5.957418397626,9.6));
#1939 = VECTOR('',#1940,1.);
#1940 = DIRECTION('',(0.,1.,0.));
#1941 = ORIENTED_EDGE('',*,*,#1902,.F.);
#1942 = ORIENTED_EDGE('',*,*,#535,.F.);
#1943 = PLANE('',#1944);
#1944 = AXIS2_PLACEMENT_3D('',#1945,#1946,#1947);
#1945 = CARTESIAN_POINT('',(3.272996932641,-5.957418397626,10.));
#1946 = DIRECTION('',(1.,0.,0.));
#1947 = DIRECTION('',(-0.,1.,0.));
#1948 = ADVANCED_FACE('',(#1949),#1967,.T.);
#1949 = FACE_BOUND('',#1950,.T.);
#1950 = EDGE_LOOP('',(#1951,#1959,#1965,#1966));
#1951 = ORIENTED_EDGE('',*,*,#1952,.T.);
#1952 = EDGE_CURVE('',#520,#1953,#1955,.T.);
#1953 = VERTEX_POINT('',#1954);
#1954 = CARTESIAN_POINT('',(3.315652718991,-6.058679525223,9.6));
#1955 = LINE('',#1956,#1957);
#1956 = CARTESIAN_POINT('',(3.315652718991,-6.058679525223,10.));
#1957 = VECTOR('',#1958,1.);
#1958 = DIRECTION('',(-0.,-0.,-1.));
#1959 = ORIENTED_EDGE('',*,*,#1960,.T.);
#1960 = EDGE_CURVE('',#1953,#1929,#1961,.T.);
#1961 = B_SPLINE_CURVE_WITH_KNOTS('',2,(#1962,#1963,#1964),
  .UNSPECIFIED.,.F.,.F.,(3,3),(0.,1.),.PIECEWISE_BEZIER_KNOTS.);
#1962 = CARTESIAN_POINT('',(3.315652718991,-6.058679525223,9.6));
#1963 = CARTESIAN_POINT('',(3.272996932641,-6.01528189911,9.6));
#1964 = CARTESIAN_POINT('',(3.272996932641,-5.957418397626,9.6));
#1965 = ORIENTED_EDGE('',*,*,#1928,.F.);
#1966 = ORIENTED_EDGE('',*,*,#527,.F.);
#1967 = SURFACE_OF_LINEAR_EXTRUSION('',#1968,#1972);
#1968 = B_SPLINE_CURVE_WITH_KNOTS('',2,(#1969,#1970,#1971),
  .UNSPECIFIED.,.F.,.F.,(3,3),(0.,1.),.PIECEWISE_BEZIER_KNOTS.);
#1969 = CARTESIAN_POINT('',(3.315652718991,-6.058679525223,10.));
#1970 = CARTESIAN_POINT('',(3.272996932641,-6.01528189911,10.));
#1971 = CARTESIAN_POINT('',(3.272996932641,-5.957418397626,10.));
#1972 = VECTOR('',#1973,1.);
#1973 = DIRECTION('',(0.,0.,1.));
#1974 = ADVANCED_FACE('',(#1975),#1986,.T.);
#1975 = FACE_BOUND('',#1976,.T.);
#1976 = EDGE_LOOP('',(#1977,#1978,#1984,#1985));
#1977 = ORIENTED_EDGE('',*,*,#1341,.T.);
#1978 = ORIENTED_EDGE('',*,*,#1979,.T.);
#1979 = EDGE_CURVE('',#1334,#1953,#1980,.T.);
#1980 = B_SPLINE_CURVE_WITH_KNOTS('',2,(#1981,#1982,#1983),
  .UNSPECIFIED.,.F.,.F.,(3,3),(0.,1.),.PIECEWISE_BEZIER_KNOTS.);
#1981 = CARTESIAN_POINT('',(3.415430167062,-6.102077151335,9.6));
#1982 = CARTESIAN_POINT('',(3.358308505341,-6.102077151335,9.6));
#1983 = CARTESIAN_POINT('',(3.315652718991,-6.058679525223,9.6));
#1984 = ORIENTED_EDGE('',*,*,#1952,.F.);
#1985 = ORIENTED_EDGE('',*,*,#519,.F.);
#1986 = SURFACE_OF_LINEAR_EXTRUSION('',#1987,#1991);
#1987 = B_SPLINE_CURVE_WITH_KNOTS('',2,(#1988,#1989,#1990),
  .UNSPECIFIED.,.F.,.F.,(3,3),(0.,1.),.PIECEWISE_BEZIER_KNOTS.);
#1988 = CARTESIAN_POINT('',(3.415430167062,-6.102077151335,10.));
#1989 = CARTESIAN_POINT('',(3.358308505341,-6.102077151335,10.));
#1990 = CARTESIAN_POINT('',(3.315652718991,-6.058679525223,10.));
#1991 = VECTOR('',#1992,1.);
#1992 = DIRECTION('',(0.,0.,1.));
#1993 = ADVANCED_FACE('',(#1994),#2019,.T.);
#1994 = FACE_BOUND('',#1995,.T.);
#1995 = EDGE_LOOP('',(#1996,#2004,#2012,#2018));
#1996 = ORIENTED_EDGE('',*,*,#1997,.T.);
#1997 = EDGE_CURVE('',#720,#1998,#2000,.T.);
#1998 = VERTEX_POINT('',#1999);
#1999 = CARTESIAN_POINT('',(-2.381082986053,-0.383382789318,9.6));
#2000 = LINE('',#2001,#2002);
#2001 = CARTESIAN_POINT('',(-2.381082986053,-0.383382789318,10.));
#2002 = VECTOR('',#2003,1.);
#2003 = DIRECTION('',(-0.,-0.,-1.));
#2004 = ORIENTED_EDGE('',*,*,#2005,.T.);
#2005 = EDGE_CURVE('',#1998,#2006,#2008,.T.);
#2006 = VERTEX_POINT('',#2007);
#2007 = CARTESIAN_POINT('',(-3.441728386647,-0.383382789318,9.6));
#2008 = LINE('',#2009,#2010);
#2009 = CARTESIAN_POINT('',(-2.381082986053,-0.383382789318,9.6));
#2010 = VECTOR('',#2011,1.);
#2011 = DIRECTION('',(-1.,0.,0.));
#2012 = ORIENTED_EDGE('',*,*,#2013,.F.);
#2013 = EDGE_CURVE('',#722,#2006,#2014,.T.);
#2014 = LINE('',#2015,#2016);
#2015 = CARTESIAN_POINT('',(-3.441728386647,-0.383382789318,10.));
#2016 = VECTOR('',#2017,1.);
#2017 = DIRECTION('',(-0.,-0.,-1.));
#2018 = ORIENTED_EDGE('',*,*,#719,.F.);
#2019 = PLANE('',#2020);
#2020 = AXIS2_PLACEMENT_3D('',#2021,#2022,#2023);
#2021 = CARTESIAN_POINT('',(-2.381082986053,-0.383382789318,10.));
#2022 = DIRECTION('',(0.,1.,0.));
#2023 = DIRECTION('',(-1.,0.,0.));
#2024 = ADVANCED_FACE('',(#2025),#2043,.T.);
#2025 = FACE_BOUND('',#2026,.T.);
#2026 = EDGE_LOOP('',(#2027,#2035,#2041,#2042));
#2027 = ORIENTED_EDGE('',*,*,#2028,.T.);
#2028 = EDGE_CURVE('',#906,#2029,#2031,.T.);
#2029 = VERTEX_POINT('',#2030);
#2030 = CARTESIAN_POINT('',(-2.189725419288,-0.323664688427,9.6));
#2031 = LINE('',#2032,#2033);
#2032 = CARTESIAN_POINT('',(-2.189725419288,-0.323664688427,10.));
#2033 = VECTOR('',#2034,1.);
#2034 = DIRECTION('',(-0.,-0.,-1.));
#2035 = ORIENTED_EDGE('',*,*,#2036,.T.);
#2036 = EDGE_CURVE('',#2029,#1998,#2037,.T.);
#2037 = B_SPLINE_CURVE_WITH_KNOTS('',2,(#2038,#2039,#2040),
  .UNSPECIFIED.,.F.,.F.,(3,3),(0.,1.),.PIECEWISE_BEZIER_KNOTS.);
#2038 = CARTESIAN_POINT('',(-2.189725419288,-0.323664688427,9.6));
#2039 = CARTESIAN_POINT('',(-2.253338178932,-0.383382789318,9.6));
#2040 = CARTESIAN_POINT('',(-2.381082986053,-0.383382789318,9.6));
#2041 = ORIENTED_EDGE('',*,*,#1997,.F.);
#2042 = ORIENTED_EDGE('',*,*,#913,.F.);
#2043 = SURFACE_OF_LINEAR_EXTRUSION('',#2044,#2048);
#2044 = B_SPLINE_CURVE_WITH_KNOTS('',2,(#2045,#2046,#2047),
  .UNSPECIFIED.,.F.,.F.,(3,3),(0.,1.),.PIECEWISE_BEZIER_KNOTS.);
#2045 = CARTESIAN_POINT('',(-2.189725419288,-0.323664688427,10.));
#2046 = CARTESIAN_POINT('',(-2.253338178932,-0.383382789318,10.));
#2047 = CARTESIAN_POINT('',(-2.381082986053,-0.383382789318,10.));
#2048 = VECTOR('',#2049,1.);
#2049 = DIRECTION('',(0.,0.,1.));
#2050 = ADVANCED_FACE('',(#2051),#2069,.T.);
#2051 = FACE_BOUND('',#2052,.T.);
#2052 = EDGE_LOOP('',(#2053,#2054,#2062,#2068));
#2053 = ORIENTED_EDGE('',*,*,#2013,.T.);
#2054 = ORIENTED_EDGE('',*,*,#2055,.T.);
#2055 = EDGE_CURVE('',#2006,#2056,#2058,.T.);
#2056 = VERTEX_POINT('',#2057);
#2057 = CARTESIAN_POINT('',(-3.561424232344,-0.331454005935,9.6));
#2058 = B_SPLINE_CURVE_WITH_KNOTS('',2,(#2059,#2060,#2061),
  .UNSPECIFIED.,.F.,.F.,(3,3),(0.,1.),.PIECEWISE_BEZIER_KNOTS.);
#2059 = CARTESIAN_POINT('',(-3.441728386647,-0.383382789318,9.6));
#2060 = CARTESIAN_POINT('',(-3.513390107715,-0.383382789318,9.6));
#2061 = CARTESIAN_POINT('',(-3.561424232344,-0.331454005935,9.6));
#2062 = ORIENTED_EDGE('',*,*,#2063,.F.);
#2063 = EDGE_CURVE('',#730,#2056,#2064,.T.);
#2064 = LINE('',#2065,#2066);
#2065 = CARTESIAN_POINT('',(-3.561424232344,-0.331454005935,10.));
#2066 = VECTOR('',#2067,1.);
#2067 = DIRECTION('',(-0.,-0.,-1.));
#2068 = ORIENTED_EDGE('',*,*,#729,.F.);
#2069 = SURFACE_OF_LINEAR_EXTRUSION('',#2070,#2074);
#2070 = B_SPLINE_CURVE_WITH_KNOTS('',2,(#2071,#2072,#2073),
  .UNSPECIFIED.,.F.,.F.,(3,3),(0.,1.),.PIECEWISE_BEZIER_KNOTS.);
#2071 = CARTESIAN_POINT('',(-3.441728386647,-0.383382789318,10.));
#2072 = CARTESIAN_POINT('',(-3.513390107715,-0.383382789318,10.));
#2073 = CARTESIAN_POINT('',(-3.561424232344,-0.331454005935,10.));
#2074 = VECTOR('',#2075,1.);
#2075 = DIRECTION('',(0.,0.,1.));
#2076 = ADVANCED_FACE('',(#2077),#2095,.T.);
#2077 = FACE_BOUND('',#2078,.T.);
#2078 = EDGE_LOOP('',(#2079,#2087,#2093,#2094));
#2079 = ORIENTED_EDGE('',*,*,#2080,.T.);
#2080 = EDGE_CURVE('',#898,#2081,#2083,.T.);
#2081 = VERTEX_POINT('',#2082);
#2082 = CARTESIAN_POINT('',(-2.093916813947,-0.223701780415,9.6));
#2083 = LINE('',#2084,#2085);
#2084 = CARTESIAN_POINT('',(-2.093916813947,-0.223701780415,10.));
#2085 = VECTOR('',#2086,1.);
#2086 = DIRECTION('',(-0.,-0.,-1.));
#2087 = ORIENTED_EDGE('',*,*,#2088,.T.);
#2088 = EDGE_CURVE('',#2081,#2029,#2089,.T.);
#2089 = B_SPLINE_CURVE_WITH_KNOTS('',2,(#2090,#2091,#2092),
  .UNSPECIFIED.,.F.,.F.,(3,3),(0.,1.),.PIECEWISE_BEZIER_KNOTS.);
#2090 = CARTESIAN_POINT('',(-2.093916813947,-0.223701780415,9.6));
#2091 = CARTESIAN_POINT('',(-2.125853015727,-0.26368694362,9.6));
#2092 = CARTESIAN_POINT('',(-2.189725419288,-0.323664688427,9.6));
#2093 = ORIENTED_EDGE('',*,*,#2028,.F.);
#2094 = ORIENTED_EDGE('',*,*,#905,.F.);
#2095 = SURFACE_OF_LINEAR_EXTRUSION('',#2096,#2100);
#2096 = B_SPLINE_CURVE_WITH_KNOTS('',2,(#2097,#2098,#2099),
  .UNSPECIFIED.,.F.,.F.,(3,3),(0.,1.),.PIECEWISE_BEZIER_KNOTS.);
#2097 = CARTESIAN_POINT('',(-2.093916813947,-0.223701780415,10.));
#2098 = CARTESIAN_POINT('',(-2.125853015727,-0.26368694362,10.));
#2099 = CARTESIAN_POINT('',(-2.189725419288,-0.323664688427,10.));
#2100 = VECTOR('',#2101,1.);
#2101 = DIRECTION('',(0.,0.,1.));
#2102 = ADVANCED_FACE('',(#2103),#2121,.T.);
#2103 = FACE_BOUND('',#2104,.T.);
#2104 = EDGE_LOOP('',(#2105,#2106,#2114,#2120));
#2105 = ORIENTED_EDGE('',*,*,#2063,.T.);
#2106 = ORIENTED_EDGE('',*,*,#2107,.T.);
#2107 = EDGE_CURVE('',#2056,#2108,#2110,.T.);
#2108 = VERTEX_POINT('',#2109);
#2109 = CARTESIAN_POINT('',(-3.609198713056,-0.20734421365,9.6));
#2110 = B_SPLINE_CURVE_WITH_KNOTS('',2,(#2111,#2112,#2113),
  .UNSPECIFIED.,.F.,.F.,(3,3),(0.,1.),.PIECEWISE_BEZIER_KNOTS.);
#2111 = CARTESIAN_POINT('',(-3.561424232344,-0.331454005935,9.6));
#2112 = CARTESIAN_POINT('',(-3.609198713056,-0.279265578635,9.6));
#2113 = CARTESIAN_POINT('',(-3.609198713056,-0.20734421365,9.6));
#2114 = ORIENTED_EDGE('',*,*,#2115,.F.);
#2115 = EDGE_CURVE('',#738,#2108,#2116,.T.);
#2116 = LINE('',#2117,#2118);
#2117 = CARTESIAN_POINT('',(-3.609198713056,-0.20734421365,10.));
#2118 = VECTOR('',#2119,1.);
#2119 = DIRECTION('',(-0.,-0.,-1.));
#2120 = ORIENTED_EDGE('',*,*,#737,.F.);
#2121 = SURFACE_OF_LINEAR_EXTRUSION('',#2122,#2126);
#2122 = B_SPLINE_CURVE_WITH_KNOTS('',2,(#2123,#2124,#2125),
  .UNSPECIFIED.,.F.,.F.,(3,3),(0.,1.),.PIECEWISE_BEZIER_KNOTS.);
#2123 = CARTESIAN_POINT('',(-3.561424232344,-0.331454005935,10.));
#2124 = CARTESIAN_POINT('',(-3.609198713056,-0.279265578635,10.));
#2125 = CARTESIAN_POINT('',(-3.609198713056,-0.20734421365,10.));
#2126 = VECTOR('',#2127,1.);
#2127 = DIRECTION('',(0.,0.,1.));
#2128 = ADVANCED_FACE('',(#2129),#2147,.T.);
#2129 = FACE_BOUND('',#2130,.T.);
#2130 = EDGE_LOOP('',(#2131,#2139,#2145,#2146));
#2131 = ORIENTED_EDGE('',*,*,#2132,.T.);
#2132 = EDGE_CURVE('',#890,#2133,#2135,.T.);
#2133 = VERTEX_POINT('',#2134);
#2134 = CARTESIAN_POINT('',(-0.817766962315,1.523961424332,9.6));
#2135 = LINE('',#2136,#2137);
#2136 = CARTESIAN_POINT('',(-0.817766962315,1.523961424332,10.));
#2137 = VECTOR('',#2138,1.);
#2138 = DIRECTION('',(-0.,-0.,-1.));
#2139 = ORIENTED_EDGE('',*,*,#2140,.T.);
#2140 = EDGE_CURVE('',#2133,#2081,#2141,.T.);
#2141 = LINE('',#2142,#2143);
#2142 = CARTESIAN_POINT('',(-0.817766962315,1.523961424332,9.6));
#2143 = VECTOR('',#2144,1.);
#2144 = DIRECTION('',(-0.589718731036,-0.807608703683,0.));
#2145 = ORIENTED_EDGE('',*,*,#2080,.F.);
#2146 = ORIENTED_EDGE('',*,*,#897,.F.);
#2147 = PLANE('',#2148);
#2148 = AXIS2_PLACEMENT_3D('',#2149,#2150,#2151);
#2149 = CARTESIAN_POINT('',(-0.817766962315,1.523961424332,10.));
#2150 = DIRECTION('',(-0.807608703683,0.589718731036,0.));
#2151 = DIRECTION('',(-0.589718731036,-0.807608703683,0.));
#2152 = ADVANCED_FACE('',(#2153),#2171,.T.);
#2153 = FACE_BOUND('',#2154,.T.);
#2154 = EDGE_LOOP('',(#2155,#2156,#2164,#2170));
#2155 = ORIENTED_EDGE('',*,*,#2115,.T.);
#2156 = ORIENTED_EDGE('',*,*,#2157,.T.);
#2157 = EDGE_CURVE('',#2108,#2158,#2160,.T.);
#2158 = VERTEX_POINT('',#2159);
#2159 = CARTESIAN_POINT('',(-3.597255092878,-0.143471810089,9.6));
#2160 = B_SPLINE_CURVE_WITH_KNOTS('',2,(#2161,#2162,#2163),
  .UNSPECIFIED.,.F.,.F.,(3,3),(0.,1.),.PIECEWISE_BEZIER_KNOTS.);
#2161 = CARTESIAN_POINT('',(-3.609198713056,-0.20734421365,9.6));
#2162 = CARTESIAN_POINT('',(-3.609198713056,-0.167359050445,9.6));
#2163 = CARTESIAN_POINT('',(-3.597255092878,-0.143471810089,9.6));
#2164 = ORIENTED_EDGE('',*,*,#2165,.F.);
#2165 = EDGE_CURVE('',#746,#2158,#2166,.T.);
#2166 = LINE('',#2167,#2168);
#2167 = CARTESIAN_POINT('',(-3.597255092878,-0.143471810089,10.));
#2168 = VECTOR('',#2169,1.);
#2169 = DIRECTION('',(-0.,-0.,-1.));
#2170 = ORIENTED_EDGE('',*,*,#745,.F.);
#2171 = SURFACE_OF_LINEAR_EXTRUSION('',#2172,#2176);
#2172 = B_SPLINE_CURVE_WITH_KNOTS('',2,(#2173,#2174,#2175),
  .UNSPECIFIED.,.F.,.F.,(3,3),(0.,1.),.PIECEWISE_BEZIER_KNOTS.);
#2173 = CARTESIAN_POINT('',(-3.609198713056,-0.20734421365,10.));
#2174 = CARTESIAN_POINT('',(-3.609198713056,-0.167359050445,10.));
#2175 = CARTESIAN_POINT('',(-3.597255092878,-0.143471810089,10.));
#2176 = VECTOR('',#2177,1.);
#2177 = DIRECTION('',(0.,0.,1.));
#2178 = ADVANCED_FACE('',(#2179),#2197,.T.);
#2179 = FACE_BOUND('',#2180,.T.);
#2180 = EDGE_LOOP('',(#2181,#2189,#2195,#2196));
#2181 = ORIENTED_EDGE('',*,*,#2182,.T.);
#2182 = EDGE_CURVE('',#882,#2183,#2185,.T.);
#2183 = VERTEX_POINT('',#2184);
#2184 = CARTESIAN_POINT('',(-0.43115717003,2.078820474777,9.6));
#2185 = LINE('',#2186,#2187);
#2186 = CARTESIAN_POINT('',(-0.43115717003,2.078820474777,10.));
#2187 = VECTOR('',#2188,1.);
#2188 = DIRECTION('',(-0.,-0.,-1.));
#2189 = ORIENTED_EDGE('',*,*,#2190,.T.);
#2190 = EDGE_CURVE('',#2183,#2133,#2191,.T.);
#2191 = B_SPLINE_CURVE_WITH_KNOTS('',2,(#2192,#2193,#2194),
  .UNSPECIFIED.,.F.,.F.,(3,3),(0.,1.),.PIECEWISE_BEZIER_KNOTS.);
#2192 = CARTESIAN_POINT('',(-0.43115717003,2.078820474777,9.6));
#2193 = CARTESIAN_POINT('',(-0.618620078042,1.803338278932,9.6));
#2194 = CARTESIAN_POINT('',(-0.817766962315,1.523961424332,9.6));
#2195 = ORIENTED_EDGE('',*,*,#2132,.F.);
#2196 = ORIENTED_EDGE('',*,*,#889,.F.);
#2197 = SURFACE_OF_LINEAR_EXTRUSION('',#2198,#2202);
#2198 = B_SPLINE_CURVE_WITH_KNOTS('',2,(#2199,#2200,#2201),
  .UNSPECIFIED.,.F.,.F.,(3,3),(0.,1.),.PIECEWISE_BEZIER_KNOTS.);
#2199 = CARTESIAN_POINT('',(-0.43115717003,2.078820474777,10.));
#2200 = CARTESIAN_POINT('',(-0.618620078042,1.803338278932,10.));
#2201 = CARTESIAN_POINT('',(-0.817766962315,1.523961424332,10.));
#2202 = VECTOR('',#2203,1.);
#2203 = DIRECTION('',(0.,0.,1.));
#2204 = ADVANCED_FACE('',(#2205),#2223,.T.);
#2205 = FACE_BOUND('',#2206,.T.);
#2206 = EDGE_LOOP('',(#2207,#2208,#2216,#2222));
#2207 = ORIENTED_EDGE('',*,*,#2165,.T.);
#2208 = ORIENTED_EDGE('',*,*,#2209,.T.);
#2209 = EDGE_CURVE('',#2158,#2210,#2212,.T.);
#2210 = VERTEX_POINT('',#2211);
#2211 = CARTESIAN_POINT('',(-3.577262511276,-0.10296735905,9.6));
#2212 = B_SPLINE_CURVE_WITH_KNOTS('',2,(#2213,#2214,#2215),
  .UNSPECIFIED.,.F.,.F.,(3,3),(0.,1.),.PIECEWISE_BEZIER_KNOTS.);
#2213 = CARTESIAN_POINT('',(-3.597255092878,-0.143471810089,9.6));
#2214 = CARTESIAN_POINT('',(-3.5853114727,-0.119324925816,9.6));
#2215 = CARTESIAN_POINT('',(-3.577262511276,-0.10296735905,9.6));
#2216 = ORIENTED_EDGE('',*,*,#2217,.F.);
#2217 = EDGE_CURVE('',#754,#2210,#2218,.T.);
#2218 = LINE('',#2219,#2220);
#2219 = CARTESIAN_POINT('',(-3.577262511276,-0.10296735905,10.));
#2220 = VECTOR('',#2221,1.);
#2221 = DIRECTION('',(-0.,-0.,-1.));
#2222 = ORIENTED_EDGE('',*,*,#753,.F.);
#2223 = SURFACE_OF_LINEAR_EXTRUSION('',#2224,#2228);
#2224 = B_SPLINE_CURVE_WITH_KNOTS('',2,(#2225,#2226,#2227),
  .UNSPECIFIED.,.F.,.F.,(3,3),(0.,1.),.PIECEWISE_BEZIER_KNOTS.);
#2225 = CARTESIAN_POINT('',(-3.597255092878,-0.143471810089,10.));
#2226 = CARTESIAN_POINT('',(-3.5853114727,-0.119324925816,10.));
#2227 = CARTESIAN_POINT('',(-3.577262511276,-0.10296735905,10.));
#2228 = VECTOR('',#2229,1.);
#2229 = DIRECTION('',(0.,0.,1.));
#2230 = ADVANCED_FACE('',(#2231),#2249,.T.);
#2231 = FACE_BOUND('',#2232,.T.);
#2232 = EDGE_LOOP('',(#2233,#2241,#2247,#2248));
#2233 = ORIENTED_EDGE('',*,*,#2234,.T.);
#2234 = EDGE_CURVE('',#874,#2235,#2237,.T.);
#2235 = VERTEX_POINT('',#2236);
#2236 = CARTESIAN_POINT('',(-0.112054796142,2.665356083086,9.6));
#2237 = LINE('',#2238,#2239);
#2238 = CARTESIAN_POINT('',(-0.112054796142,2.665356083086,10.));
#2239 = VECTOR('',#2240,1.);
#2240 = DIRECTION('',(-0.,-0.,-1.));
#2241 = ORIENTED_EDGE('',*,*,#2242,.T.);
#2242 = EDGE_CURVE('',#2235,#2183,#2243,.T.);
#2243 = B_SPLINE_CURVE_WITH_KNOTS('',2,(#2244,#2245,#2246),
  .UNSPECIFIED.,.F.,.F.,(3,3),(0.,1.),.PIECEWISE_BEZIER_KNOTS.);
#2244 = CARTESIAN_POINT('',(-0.112054796142,2.665356083086,9.6));
#2245 = CARTESIAN_POINT('',(-0.243694262018,2.354302670623,9.6));
#2246 = CARTESIAN_POINT('',(-0.43115717003,2.078820474777,9.6));
#2247 = ORIENTED_EDGE('',*,*,#2182,.F.);
#2248 = ORIENTED_EDGE('',*,*,#881,.F.);
#2249 = SURFACE_OF_LINEAR_EXTRUSION('',#2250,#2254);
#2250 = B_SPLINE_CURVE_WITH_KNOTS('',2,(#2251,#2252,#2253),
  .UNSPECIFIED.,.F.,.F.,(3,3),(0.,1.),.PIECEWISE_BEZIER_KNOTS.);
#2251 = CARTESIAN_POINT('',(-0.112054796142,2.665356083086,10.));
#2252 = CARTESIAN_POINT('',(-0.243694262018,2.354302670623,10.));
#2253 = CARTESIAN_POINT('',(-0.43115717003,2.078820474777,10.));
#2254 = VECTOR('',#2255,1.);
#2255 = DIRECTION('',(0.,0.,1.));
#2256 = ADVANCED_FACE('',(#2257),#2275,.T.);
#2257 = FACE_BOUND('',#2258,.T.);
#2258 = EDGE_LOOP('',(#2259,#2260,#2268,#2274));
#2259 = ORIENTED_EDGE('',*,*,#2217,.T.);
#2260 = ORIENTED_EDGE('',*,*,#2261,.T.);
#2261 = EDGE_CURVE('',#2210,#2262,#2264,.T.);
#2262 = VERTEX_POINT('',#2263);
#2263 = CARTESIAN_POINT('',(-2.453523638872,1.441913946588,9.6));
#2264 = LINE('',#2265,#2266);
#2265 = CARTESIAN_POINT('',(-3.577262511276,-0.10296735905,9.6));
#2266 = VECTOR('',#2267,1.);
#2267 = DIRECTION('',(0.58823634684,0.808689062777,0.));
#2268 = ORIENTED_EDGE('',*,*,#2269,.F.);
#2269 = EDGE_CURVE('',#762,#2262,#2270,.T.);
#2270 = LINE('',#2271,#2272);
#2271 = CARTESIAN_POINT('',(-2.453523638872,1.441913946588,10.));
#2272 = VECTOR('',#2273,1.);
#2273 = DIRECTION('',(-0.,-0.,-1.));
#2274 = ORIENTED_EDGE('',*,*,#761,.F.);
#2275 = PLANE('',#2276);
#2276 = AXIS2_PLACEMENT_3D('',#2277,#2278,#2279);
#2277 = CARTESIAN_POINT('',(-3.577262511276,-0.10296735905,10.));
#2278 = DIRECTION('',(0.808689062777,-0.58823634684,0.));
#2279 = DIRECTION('',(0.58823634684,0.808689062777,0.));
#2280 = ADVANCED_FACE('',(#2281),#2299,.T.);
#2281 = FACE_BOUND('',#2282,.T.);
#2282 = EDGE_LOOP('',(#2283,#2291,#2297,#2298));
#2283 = ORIENTED_EDGE('',*,*,#2284,.T.);
#2284 = EDGE_CURVE('',#866,#2285,#2287,.T.);
#2285 = VERTEX_POINT('',#2286);
#2286 = CARTESIAN_POINT('',(1.958466973294E-02,3.343805637982,9.6));
#2287 = LINE('',#2288,#2289);
#2288 = CARTESIAN_POINT('',(1.958466973294E-02,3.343805637982,10.));
#2289 = VECTOR('',#2290,1.);
#2290 = DIRECTION('',(-0.,-0.,-1.));
#2291 = ORIENTED_EDGE('',*,*,#2292,.T.);
#2292 = EDGE_CURVE('',#2285,#2235,#2293,.T.);
#2293 = B_SPLINE_CURVE_WITH_KNOTS('',2,(#2294,#2295,#2296),
  .UNSPECIFIED.,.F.,.F.,(3,3),(0.,1.),.PIECEWISE_BEZIER_KNOTS.);
#2294 = CARTESIAN_POINT('',(1.958466973294E-02,3.343805637982,9.6));
#2295 = CARTESIAN_POINT('',(1.958466973294E-02,2.976409495549,9.6));
#2296 = CARTESIAN_POINT('',(-0.112054796142,2.665356083086,9.6));
#2297 = ORIENTED_EDGE('',*,*,#2234,.F.);
#2298 = ORIENTED_EDGE('',*,*,#873,.F.);
#2299 = SURFACE_OF_LINEAR_EXTRUSION('',#2300,#2304);
#2300 = B_SPLINE_CURVE_WITH_KNOTS('',2,(#2301,#2302,#2303),
  .UNSPECIFIED.,.F.,.F.,(3,3),(0.,1.),.PIECEWISE_BEZIER_KNOTS.);
#2301 = CARTESIAN_POINT('',(1.958466973294E-02,3.343805637982,10.));
#2302 = CARTESIAN_POINT('',(1.958466973294E-02,2.976409495549,10.));
#2303 = CARTESIAN_POINT('',(-0.112054796142,2.665356083086,10.));
#2304 = VECTOR('',#2305,1.);
#2305 = DIRECTION('',(0.,0.,1.));
#2306 = ADVANCED_FACE('',(#2307),#2325,.T.);
#2307 = FACE_BOUND('',#2308,.T.);
#2308 = EDGE_LOOP('',(#2309,#2310,#2318,#2324));
#2309 = ORIENTED_EDGE('',*,*,#2269,.T.);
#2310 = ORIENTED_EDGE('',*,*,#2311,.T.);
#2311 = EDGE_CURVE('',#2262,#2312,#2314,.T.);
#2312 = VERTEX_POINT('',#2313);
#2313 = CARTESIAN_POINT('',(-2.684866368843,1.425816023739,9.6));
#2314 = B_SPLINE_CURVE_WITH_KNOTS('',2,(#2315,#2316,#2317),
  .UNSPECIFIED.,.F.,.F.,(3,3),(0.,1.),.PIECEWISE_BEZIER_KNOTS.);
#2315 = CARTESIAN_POINT('',(-2.453523638872,1.441913946588,9.6));
#2316 = CARTESIAN_POINT('',(-2.565430167062,1.425816023739,9.6));
#2317 = CARTESIAN_POINT('',(-2.684866368843,1.425816023739,9.6));
#2318 = ORIENTED_EDGE('',*,*,#2319,.F.);
#2319 = EDGE_CURVE('',#770,#2312,#2320,.T.);
#2320 = LINE('',#2321,#2322);
#2321 = CARTESIAN_POINT('',(-2.684866368843,1.425816023739,10.));
#2322 = VECTOR('',#2323,1.);
#2323 = DIRECTION('',(-0.,-0.,-1.));
#2324 = ORIENTED_EDGE('',*,*,#769,.F.);
#2325 = SURFACE_OF_LINEAR_EXTRUSION('',#2326,#2330);
#2326 = B_SPLINE_CURVE_WITH_KNOTS('',2,(#2327,#2328,#2329),
  .UNSPECIFIED.,.F.,.F.,(3,3),(0.,1.),.PIECEWISE_BEZIER_KNOTS.);
#2327 = CARTESIAN_POINT('',(-2.453523638872,1.441913946588,10.));
#2328 = CARTESIAN_POINT('',(-2.565430167062,1.425816023739,10.));
#2329 = CARTESIAN_POINT('',(-2.684866368843,1.425816023739,10.));
#2330 = VECTOR('',#2331,1.);
#2331 = DIRECTION('',(0.,0.,1.));
#2332 = ADVANCED_FACE('',(#2333),#2351,.T.);
#2333 = FACE_BOUND('',#2334,.T.);
#2334 = EDGE_LOOP('',(#2335,#2343,#2349,#2350));
#2335 = ORIENTED_EDGE('',*,*,#2336,.T.);
#2336 = EDGE_CURVE('',#858,#2337,#2339,.T.);
#2337 = VERTEX_POINT('',#2338);
#2338 = CARTESIAN_POINT('',(-0.132047377745,4.0978115727,9.6));
#2339 = LINE('',#2340,#2341);
#2340 = CARTESIAN_POINT('',(-0.132047377745,4.0978115727,10.));
#2341 = VECTOR('',#2342,1.);
#2342 = DIRECTION('',(-0.,-0.,-1.));
#2343 = ORIENTED_EDGE('',*,*,#2344,.T.);
#2344 = EDGE_CURVE('',#2337,#2285,#2345,.T.);
#2345 = B_SPLINE_CURVE_WITH_KNOTS('',2,(#2346,#2347,#2348),
  .UNSPECIFIED.,.F.,.F.,(3,3),(0.,1.),.PIECEWISE_BEZIER_KNOTS.);
#2346 = CARTESIAN_POINT('',(-0.132047377745,4.0978115727,9.6));
#2347 = CARTESIAN_POINT('',(1.958466973294E-02,3.742618694362,9.6));
#2348 = CARTESIAN_POINT('',(1.958466973294E-02,3.343805637982,9.6));
#2349 = ORIENTED_EDGE('',*,*,#2284,.F.);
#2350 = ORIENTED_EDGE('',*,*,#865,.F.);
#2351 = SURFACE_OF_LINEAR_EXTRUSION('',#2352,#2356);
#2352 = B_SPLINE_CURVE_WITH_KNOTS('',2,(#2353,#2354,#2355),
  .UNSPECIFIED.,.F.,.F.,(3,3),(0.,1.),.PIECEWISE_BEZIER_KNOTS.);
#2353 = CARTESIAN_POINT('',(-0.132047377745,4.0978115727,10.));
#2354 = CARTESIAN_POINT('',(1.958466973294E-02,3.742618694362,10.));
#2355 = CARTESIAN_POINT('',(1.958466973294E-02,3.343805637982,10.));
#2356 = VECTOR('',#2357,1.);
#2357 = DIRECTION('',(0.,0.,1.));
#2358 = ADVANCED_FACE('',(#2359),#2377,.T.);
#2359 = FACE_BOUND('',#2360,.T.);
#2360 = EDGE_LOOP('',(#2361,#2362,#2370,#2376));
#2361 = ORIENTED_EDGE('',*,*,#2319,.T.);
#2362 = ORIENTED_EDGE('',*,*,#2363,.T.);
#2363 = EDGE_CURVE('',#2312,#2364,#2366,.T.);
#2364 = VERTEX_POINT('',#2365);
#2365 = CARTESIAN_POINT('',(-3.387462808012,1.565764094955,9.6));
#2366 = B_SPLINE_CURVE_WITH_KNOTS('',2,(#2367,#2368,#2369),
  .UNSPECIFIED.,.F.,.F.,(3,3),(0.,1.),.PIECEWISE_BEZIER_KNOTS.);
#2367 = CARTESIAN_POINT('',(-2.684866368843,1.425816023739,9.6));
#2368 = CARTESIAN_POINT('',(-3.044213549852,1.425816023739,9.6));
#2369 = CARTESIAN_POINT('',(-3.387462808012,1.565764094955,9.6));
#2370 = ORIENTED_EDGE('',*,*,#2371,.F.);
#2371 = EDGE_CURVE('',#778,#2364,#2372,.T.);
#2372 = LINE('',#2373,#2374);
#2373 = CARTESIAN_POINT('',(-3.387462808012,1.565764094955,10.));
#2374 = VECTOR('',#2375,1.);
#2375 = DIRECTION('',(-0.,-0.,-1.));
#2376 = ORIENTED_EDGE('',*,*,#777,.F.);
#2377 = SURFACE_OF_LINEAR_EXTRUSION('',#2378,#2382);
#2378 = B_SPLINE_CURVE_WITH_KNOTS('',2,(#2379,#2380,#2381),
  .UNSPECIFIED.,.F.,.F.,(3,3),(0.,1.),.PIECEWISE_BEZIER_KNOTS.);
#2379 = CARTESIAN_POINT('',(-2.684866368843,1.425816023739,10.));
#2380 = CARTESIAN_POINT('',(-3.044213549852,1.425816023739,10.));
#2381 = CARTESIAN_POINT('',(-3.387462808012,1.565764094955,10.));
#2382 = VECTOR('',#2383,1.);
#2383 = DIRECTION('',(0.,0.,1.));
#2384 = ADVANCED_FACE('',(#2385),#2403,.T.);
#2385 = FACE_BOUND('',#2386,.T.);
#2386 = EDGE_LOOP('',(#2387,#2395,#2401,#2402));
#2387 = ORIENTED_EDGE('',*,*,#2388,.T.);
#2388 = EDGE_CURVE('',#850,#2389,#2391,.T.);
#2389 = VERTEX_POINT('',#2390);
#2390 = CARTESIAN_POINT('',(-0.578894558754,4.72043768546,9.6));
#2391 = LINE('',#2392,#2393);
#2392 = CARTESIAN_POINT('',(-0.578894558754,4.72043768546,10.));
#2393 = VECTOR('',#2394,1.);
#2394 = DIRECTION('',(-0.,-0.,-1.));
#2395 = ORIENTED_EDGE('',*,*,#2396,.T.);
#2396 = EDGE_CURVE('',#2389,#2337,#2397,.T.);
#2397 = B_SPLINE_CURVE_WITH_KNOTS('',2,(#2398,#2399,#2400),
  .UNSPECIFIED.,.F.,.F.,(3,3),(0.,1.),.PIECEWISE_BEZIER_KNOTS.);
#2398 = CARTESIAN_POINT('',(-0.578894558754,4.72043768546,9.6));
#2399 = CARTESIAN_POINT('',(-0.283679425223,4.453264094955,9.6));
#2400 = CARTESIAN_POINT('',(-0.132047377745,4.0978115727,9.6));
#2401 = ORIENTED_EDGE('',*,*,#2336,.F.);
#2402 = ORIENTED_EDGE('',*,*,#857,.F.);
#2403 = SURFACE_OF_LINEAR_EXTRUSION('',#2404,#2408);
#2404 = B_SPLINE_CURVE_WITH_KNOTS('',2,(#2405,#2406,#2407),
  .UNSPECIFIED.,.F.,.F.,(3,3),(0.,1.),.PIECEWISE_BEZIER_KNOTS.);
#2405 = CARTESIAN_POINT('',(-0.578894558754,4.72043768546,10.));
#2406 = CARTESIAN_POINT('',(-0.283679425223,4.453264094955,10.));
#2407 = CARTESIAN_POINT('',(-0.132047377745,4.0978115727,10.));
#2408 = VECTOR('',#2409,1.);
#2409 = DIRECTION('',(0.,0.,1.));
#2410 = ADVANCED_FACE('',(#2411),#2429,.T.);
#2411 = FACE_BOUND('',#2412,.T.);
#2412 = EDGE_LOOP('',(#2413,#2414,#2422,#2428));
#2413 = ORIENTED_EDGE('',*,*,#2371,.T.);
#2414 = ORIENTED_EDGE('',*,*,#2415,.T.);
#2415 = EDGE_CURVE('',#2364,#2416,#2418,.T.);
#2416 = VERTEX_POINT('',#2417);
#2417 = CARTESIAN_POINT('',(-4.005674974184,1.949777448071,9.6));
#2418 = B_SPLINE_CURVE_WITH_KNOTS('',2,(#2419,#2420,#2421),
  .UNSPECIFIED.,.F.,.F.,(3,3),(0.,1.),.PIECEWISE_BEZIER_KNOTS.);
#2419 = CARTESIAN_POINT('',(-3.387462808012,1.565764094955,9.6));
#2420 = CARTESIAN_POINT('',(-3.730452422255,1.705712166172,9.6));
#2421 = CARTESIAN_POINT('',(-4.005674974184,1.949777448071,9.6));
#2422 = ORIENTED_EDGE('',*,*,#2423,.F.);
#2423 = EDGE_CURVE('',#786,#2416,#2424,.T.);
#2424 = LINE('',#2425,#2426);
#2425 = CARTESIAN_POINT('',(-4.005674974184,1.949777448071,10.));
#2426 = VECTOR('',#2427,1.);
#2427 = DIRECTION('',(-0.,-0.,-1.));
#2428 = ORIENTED_EDGE('',*,*,#785,.F.);
#2429 = SURFACE_OF_LINEAR_EXTRUSION('',#2430,#2434);
#2430 = B_SPLINE_CURVE_WITH_KNOTS('',2,(#2431,#2432,#2433),
  .UNSPECIFIED.,.F.,.F.,(3,3),(0.,1.),.PIECEWISE_BEZIER_KNOTS.);
#2431 = CARTESIAN_POINT('',(-3.387462808012,1.565764094955,10.));
#2432 = CARTESIAN_POINT('',(-3.730452422255,1.705712166172,10.));
#2433 = CARTESIAN_POINT('',(-4.005674974184,1.949777448071,10.));
#2434 = VECTOR('',#2435,1.);
#2435 = DIRECTION('',(0.,0.,1.));
#2436 = ADVANCED_FACE('',(#2437),#2455,.T.);
#2437 = FACE_BOUND('',#2438,.T.);
#2438 = EDGE_LOOP('',(#2439,#2447,#2453,#2454));
#2439 = ORIENTED_EDGE('',*,*,#2440,.T.);
#2440 = EDGE_CURVE('',#842,#2441,#2443,.T.);
#2441 = VERTEX_POINT('',#2442);
#2442 = CARTESIAN_POINT('',(-1.309013253116,5.135348664688,9.6));
#2443 = LINE('',#2444,#2445);
#2444 = CARTESIAN_POINT('',(-1.309013253116,5.135348664688,10.));
#2445 = VECTOR('',#2446,1.);
#2446 = DIRECTION('',(-0.,-0.,-1.));
#2447 = ORIENTED_EDGE('',*,*,#2448,.T.);
#2448 = EDGE_CURVE('',#2441,#2389,#2449,.T.);
#2449 = B_SPLINE_CURVE_WITH_KNOTS('',2,(#2450,#2451,#2452),
  .UNSPECIFIED.,.F.,.F.,(3,3),(0.,1.),.PIECEWISE_BEZIER_KNOTS.);
#2450 = CARTESIAN_POINT('',(-1.309013253116,5.135348664688,9.6));
#2451 = CARTESIAN_POINT('',(-0.874109692285,4.987870919881,9.6));
#2452 = CARTESIAN_POINT('',(-0.578894558754,4.72043768546,9.6));
#2453 = ORIENTED_EDGE('',*,*,#2388,.F.);
#2454 = ORIENTED_EDGE('',*,*,#849,.F.);
#2455 = SURFACE_OF_LINEAR_EXTRUSION('',#2456,#2460);
#2456 = B_SPLINE_CURVE_WITH_KNOTS('',2,(#2457,#2458,#2459),
  .UNSPECIFIED.,.F.,.F.,(3,3),(0.,1.),.PIECEWISE_BEZIER_KNOTS.);
#2457 = CARTESIAN_POINT('',(-1.309013253116,5.135348664688,10.));
#2458 = CARTESIAN_POINT('',(-0.874109692285,4.987870919881,10.));
#2459 = CARTESIAN_POINT('',(-0.578894558754,4.72043768546,10.));
#2460 = VECTOR('',#2461,1.);
#2461 = DIRECTION('',(0.,0.,1.));
#2462 = ADVANCED_FACE('',(#2463),#2481,.T.);
#2463 = FACE_BOUND('',#2464,.T.);
#2464 = EDGE_LOOP('',(#2465,#2466,#2474,#2480));
#2465 = ORIENTED_EDGE('',*,*,#2423,.T.);
#2466 = ORIENTED_EDGE('',*,*,#2467,.T.);
#2467 = EDGE_CURVE('',#2416,#2468,#2470,.T.);
#2468 = VERTEX_POINT('',#2469);
#2469 = CARTESIAN_POINT('',(-4.440578535015,2.530081602374,9.6));
#2470 = B_SPLINE_CURVE_WITH_KNOTS('',2,(#2471,#2472,#2473),
  .UNSPECIFIED.,.F.,.F.,(3,3),(0.,1.),.PIECEWISE_BEZIER_KNOTS.);
#2471 = CARTESIAN_POINT('',(-4.005674974184,1.949777448071,9.6));
#2472 = CARTESIAN_POINT('',(-4.280897526113,2.194102373887,9.6));
#2473 = CARTESIAN_POINT('',(-4.440578535015,2.530081602374,9.6));
#2474 = ORIENTED_EDGE('',*,*,#2475,.F.);
#2475 = EDGE_CURVE('',#794,#2468,#2476,.T.);
#2476 = LINE('',#2477,#2478);
#2477 = CARTESIAN_POINT('',(-4.440578535015,2.530081602374,10.));
#2478 = VECTOR('',#2479,1.);
#2479 = DIRECTION('',(-0.,-0.,-1.));
#2480 = ORIENTED_EDGE('',*,*,#793,.F.);
#2481 = SURFACE_OF_LINEAR_EXTRUSION('',#2482,#2486);
#2482 = B_SPLINE_CURVE_WITH_KNOTS('',2,(#2483,#2484,#2485),
  .UNSPECIFIED.,.F.,.F.,(3,3),(0.,1.),.PIECEWISE_BEZIER_KNOTS.);
#2483 = CARTESIAN_POINT('',(-4.005674974184,1.949777448071,10.));
#2484 = CARTESIAN_POINT('',(-4.280897526113,2.194102373887,10.));
#2485 = CARTESIAN_POINT('',(-4.440578535015,2.530081602374,10.));
#2486 = VECTOR('',#2487,1.);
#2487 = DIRECTION('',(0.,0.,1.));
#2488 = ADVANCED_FACE('',(#2489),#2507,.T.);
#2489 = FACE_BOUND('',#2490,.T.);
#2490 = EDGE_LOOP('',(#2491,#2499,#2505,#2506));
#2491 = ORIENTED_EDGE('',*,*,#2492,.T.);
#2492 = EDGE_CURVE('',#834,#2493,#2495,.T.);
#2493 = VERTEX_POINT('',#2494);
#2494 = CARTESIAN_POINT('',(-2.31824915816,5.283086053412,9.6));
#2495 = LINE('',#2496,#2497);
#2496 = CARTESIAN_POINT('',(-2.31824915816,5.283086053412,10.));
#2497 = VECTOR('',#2498,1.);
#2498 = DIRECTION('',(-0.,-0.,-1.));
#2499 = ORIENTED_EDGE('',*,*,#2500,.T.);
#2500 = EDGE_CURVE('',#2493,#2441,#2501,.T.);
#2501 = B_SPLINE_CURVE_WITH_KNOTS('',2,(#2502,#2503,#2504),
  .UNSPECIFIED.,.F.,.F.,(3,3),(0.,1.),.PIECEWISE_BEZIER_KNOTS.);
#2502 = CARTESIAN_POINT('',(-2.31824915816,5.283086053412,9.6));
#2503 = CARTESIAN_POINT('',(-1.74365717003,5.283086053412,9.6));
#2504 = CARTESIAN_POINT('',(-1.309013253116,5.135348664688,9.6));
#2505 = ORIENTED_EDGE('',*,*,#2440,.F.);
#2506 = ORIENTED_EDGE('',*,*,#841,.F.);
#2507 = SURFACE_OF_LINEAR_EXTRUSION('',#2508,#2512);
#2508 = B_SPLINE_CURVE_WITH_KNOTS('',2,(#2509,#2510,#2511),
  .UNSPECIFIED.,.F.,.F.,(3,3),(0.,1.),.PIECEWISE_BEZIER_KNOTS.);
#2509 = CARTESIAN_POINT('',(-2.31824915816,5.283086053412,10.));
#2510 = CARTESIAN_POINT('',(-1.74365717003,5.283086053412,10.));
#2511 = CARTESIAN_POINT('',(-1.309013253116,5.135348664688,10.));
#2512 = VECTOR('',#2513,1.);
#2513 = DIRECTION('',(0.,0.,1.));
#2514 = ADVANCED_FACE('',(#2515),#2533,.T.);
#2515 = FACE_BOUND('',#2516,.T.);
#2516 = EDGE_LOOP('',(#2517,#2518,#2526,#2532));
#2517 = ORIENTED_EDGE('',*,*,#2475,.T.);
#2518 = ORIENTED_EDGE('',*,*,#2519,.T.);
#2519 = EDGE_CURVE('',#2468,#2520,#2522,.T.);
#2520 = VERTEX_POINT('',#2521);
#2521 = CARTESIAN_POINT('',(-4.5999999,3.282270029674,9.6));
#2522 = B_SPLINE_CURVE_WITH_KNOTS('',2,(#2523,#2524,#2525),
  .UNSPECIFIED.,.F.,.F.,(3,3),(0.,1.),.PIECEWISE_BEZIER_KNOTS.);
#2523 = CARTESIAN_POINT('',(-4.440578535015,2.530081602374,9.6));
#2524 = CARTESIAN_POINT('',(-4.5999999,2.866320474777,9.6));
#2525 = CARTESIAN_POINT('',(-4.5999999,3.282270029674,9.6));
#2526 = ORIENTED_EDGE('',*,*,#2527,.F.);
#2527 = EDGE_CURVE('',#802,#2520,#2528,.T.);
#2528 = LINE('',#2529,#2530);
#2529 = CARTESIAN_POINT('',(-4.5999999,3.282270029674,10.));
#2530 = VECTOR('',#2531,1.);
#2531 = DIRECTION('',(-0.,-0.,-1.));
#2532 = ORIENTED_EDGE('',*,*,#801,.F.);
#2533 = SURFACE_OF_LINEAR_EXTRUSION('',#2534,#2538);
#2534 = B_SPLINE_CURVE_WITH_KNOTS('',2,(#2535,#2536,#2537),
  .UNSPECIFIED.,.F.,.F.,(3,3),(0.,1.),.PIECEWISE_BEZIER_KNOTS.);
#2535 = CARTESIAN_POINT('',(-4.440578535015,2.530081602374,10.));
#2536 = CARTESIAN_POINT('',(-4.5999999,2.866320474777,10.));
#2537 = CARTESIAN_POINT('',(-4.5999999,3.282270029674,10.));
#2538 = VECTOR('',#2539,1.);
#2539 = DIRECTION('',(0.,0.,1.));
#2540 = ADVANCED_FACE('',(#2541),#2559,.T.);
#2541 = FACE_BOUND('',#2542,.T.);
#2542 = EDGE_LOOP('',(#2543,#2551,#2557,#2558));
#2543 = ORIENTED_EDGE('',*,*,#2544,.T.);
#2544 = EDGE_CURVE('',#826,#2545,#2547,.T.);
#2545 = VERTEX_POINT('',#2546);
#2546 = CARTESIAN_POINT('',(-3.311387140356,5.115096439169,9.6));
#2547 = LINE('',#2548,#2549);
#2548 = CARTESIAN_POINT('',(-3.311387140356,5.115096439169,10.));
#2549 = VECTOR('',#2550,1.);
#2550 = DIRECTION('',(-0.,-0.,-1.));
#2551 = ORIENTED_EDGE('',*,*,#2552,.T.);
#2552 = EDGE_CURVE('',#2545,#2493,#2553,.T.);
#2553 = B_SPLINE_CURVE_WITH_KNOTS('',2,(#2554,#2555,#2556),
  .UNSPECIFIED.,.F.,.F.,(3,3),(0.,1.),.PIECEWISE_BEZIER_KNOTS.);
#2554 = CARTESIAN_POINT('',(-3.311387140356,5.115096439169,9.6));
#2555 = CARTESIAN_POINT('',(-2.88453254095,5.283086053412,9.6));
#2556 = CARTESIAN_POINT('',(-2.31824915816,5.283086053412,9.6));
#2557 = ORIENTED_EDGE('',*,*,#2492,.F.);
#2558 = ORIENTED_EDGE('',*,*,#833,.F.);
#2559 = SURFACE_OF_LINEAR_EXTRUSION('',#2560,#2564);
#2560 = B_SPLINE_CURVE_WITH_KNOTS('',2,(#2561,#2562,#2563),
  .UNSPECIFIED.,.F.,.F.,(3,3),(0.,1.),.PIECEWISE_BEZIER_KNOTS.);
#2561 = CARTESIAN_POINT('',(-3.311387140356,5.115096439169,10.));
#2562 = CARTESIAN_POINT('',(-2.88453254095,5.283086053412,10.));
#2563 = CARTESIAN_POINT('',(-2.31824915816,5.283086053412,10.));
#2564 = VECTOR('',#2565,1.);
#2565 = DIRECTION('',(0.,0.,1.));
#2566 = ADVANCED_FACE('',(#2567),#2585,.T.);
#2567 = FACE_BOUND('',#2568,.T.);
#2568 = EDGE_LOOP('',(#2569,#2570,#2578,#2584));
#2569 = ORIENTED_EDGE('',*,*,#2527,.T.);
#2570 = ORIENTED_EDGE('',*,*,#2571,.T.);
#2571 = EDGE_CURVE('',#2520,#2572,#2574,.T.);
#2572 = VERTEX_POINT('',#2573);
#2573 = CARTESIAN_POINT('',(-4.456416813947,4.022514836795,9.6));
#2574 = B_SPLINE_CURVE_WITH_KNOTS('',2,(#2575,#2576,#2577),
  .UNSPECIFIED.,.F.,.F.,(3,3),(0.,1.),.PIECEWISE_BEZIER_KNOTS.);
#2575 = CARTESIAN_POINT('',(-4.5999999,3.282270029674,9.6));
#2576 = CARTESIAN_POINT('',(-4.5999999,3.666543026706,9.6));
#2577 = CARTESIAN_POINT('',(-4.456416813947,4.022514836795,9.6));
#2578 = ORIENTED_EDGE('',*,*,#2579,.F.);
#2579 = EDGE_CURVE('',#810,#2572,#2580,.T.);
#2580 = LINE('',#2581,#2582);
#2581 = CARTESIAN_POINT('',(-4.456416813947,4.022514836795,10.));
#2582 = VECTOR('',#2583,1.);
#2583 = DIRECTION('',(-0.,-0.,-1.));
#2584 = ORIENTED_EDGE('',*,*,#809,.F.);
#2585 = SURFACE_OF_LINEAR_EXTRUSION('',#2586,#2590);
#2586 = B_SPLINE_CURVE_WITH_KNOTS('',2,(#2587,#2588,#2589),
  .UNSPECIFIED.,.F.,.F.,(3,3),(0.,1.),.PIECEWISE_BEZIER_KNOTS.);
#2587 = CARTESIAN_POINT('',(-4.5999999,3.282270029674,10.));
#2588 = CARTESIAN_POINT('',(-4.5999999,3.666543026706,10.));
#2589 = CARTESIAN_POINT('',(-4.456416813947,4.022514836795,10.));
#2590 = VECTOR('',#2591,1.);
#2591 = DIRECTION('',(0.,0.,1.));
#2592 = ADVANCED_FACE('',(#2593),#2611,.T.);
#2593 = FACE_BOUND('',#2594,.T.);
#2594 = EDGE_LOOP('',(#2595,#2603,#2609,#2610));
#2595 = ORIENTED_EDGE('',*,*,#2596,.T.);
#2596 = EDGE_CURVE('',#818,#2597,#2599,.T.);
#2597 = VERTEX_POINT('',#2598);
#2598 = CARTESIAN_POINT('',(-4.025667555786,4.662796735905,9.6));
#2599 = LINE('',#2600,#2601);
#2600 = CARTESIAN_POINT('',(-4.025667555786,4.662796735905,10.));
#2601 = VECTOR('',#2602,1.);
#2602 = DIRECTION('',(-0.,-0.,-1.));
#2603 = ORIENTED_EDGE('',*,*,#2604,.T.);
#2604 = EDGE_CURVE('',#2597,#2545,#2605,.T.);
#2605 = B_SPLINE_CURVE_WITH_KNOTS('',2,(#2606,#2607,#2608),
  .UNSPECIFIED.,.F.,.F.,(3,3),(0.,1.),.PIECEWISE_BEZIER_KNOTS.);
#2606 = CARTESIAN_POINT('',(-4.025667555786,4.662796735905,9.6));
#2607 = CARTESIAN_POINT('',(-3.738241739763,4.947106824926,9.6));
#2608 = CARTESIAN_POINT('',(-3.311387140356,5.115096439169,9.6));
#2609 = ORIENTED_EDGE('',*,*,#2544,.F.);
#2610 = ORIENTED_EDGE('',*,*,#825,.F.);
#2611 = SURFACE_OF_LINEAR_EXTRUSION('',#2612,#2616);
#2612 = B_SPLINE_CURVE_WITH_KNOTS('',2,(#2613,#2614,#2615),
  .UNSPECIFIED.,.F.,.F.,(3,3),(0.,1.),.PIECEWISE_BEZIER_KNOTS.);
#2613 = CARTESIAN_POINT('',(-4.025667555786,4.662796735905,10.));
#2614 = CARTESIAN_POINT('',(-3.738241739763,4.947106824926,10.));
#2615 = CARTESIAN_POINT('',(-3.311387140356,5.115096439169,10.));
#2616 = VECTOR('',#2617,1.);
#2617 = DIRECTION('',(0.,0.,1.));
#2618 = ADVANCED_FACE('',(#2619),#2630,.T.);
#2619 = FACE_BOUND('',#2620,.T.);
#2620 = EDGE_LOOP('',(#2621,#2622,#2628,#2629));
#2621 = ORIENTED_EDGE('',*,*,#2579,.T.);
#2622 = ORIENTED_EDGE('',*,*,#2623,.T.);
#2623 = EDGE_CURVE('',#2572,#2597,#2624,.T.);
#2624 = B_SPLINE_CURVE_WITH_KNOTS('',2,(#2625,#2626,#2627),
  .UNSPECIFIED.,.F.,.F.,(3,3),(0.,1.),.PIECEWISE_BEZIER_KNOTS.);
#2625 = CARTESIAN_POINT('',(-4.456416813947,4.022514836795,9.6));
#2626 = CARTESIAN_POINT('',(-4.312833727893,4.378746290801,9.6));
#2627 = CARTESIAN_POINT('',(-4.025667555786,4.662796735905,9.6));
#2628 = ORIENTED_EDGE('',*,*,#2596,.F.);
#2629 = ORIENTED_EDGE('',*,*,#817,.F.);
#2630 = SURFACE_OF_LINEAR_EXTRUSION('',#2631,#2635);
#2631 = B_SPLINE_CURVE_WITH_KNOTS('',2,(#2632,#2633,#2634),
  .UNSPECIFIED.,.F.,.F.,(3,3),(0.,1.),.PIECEWISE_BEZIER_KNOTS.);
#2632 = CARTESIAN_POINT('',(-4.456416813947,4.022514836795,10.));
#2633 = CARTESIAN_POINT('',(-4.312833727893,4.378746290801,10.));
#2634 = CARTESIAN_POINT('',(-4.025667555786,4.662796735905,10.));
#2635 = VECTOR('',#2636,1.);
#2636 = DIRECTION('',(0.,0.,1.));
#2637 = ADVANCED_FACE('',(#2638,#2648),#2659,.F.);
#2638 = FACE_BOUND('',#2639,.F.);
#2639 = EDGE_LOOP('',(#2640,#2641,#2642,#2643,#2644,#2645,#2646,#2647));
#2640 = ORIENTED_EDGE('',*,*,#1103,.F.);
#2641 = ORIENTED_EDGE('',*,*,#1081,.F.);
#2642 = ORIENTED_EDGE('',*,*,#1048,.F.);
#2643 = ORIENTED_EDGE('',*,*,#1223,.F.);
#2644 = ORIENTED_EDGE('',*,*,#1199,.F.);
#2645 = ORIENTED_EDGE('',*,*,#1175,.F.);
#2646 = ORIENTED_EDGE('',*,*,#1151,.F.);
#2647 = ORIENTED_EDGE('',*,*,#1127,.F.);
#2648 = FACE_BOUND('',#2649,.F.);
#2649 = EDGE_LOOP('',(#2650));
#2650 = ORIENTED_EDGE('',*,*,#2651,.T.);
#2651 = EDGE_CURVE('',#2652,#2652,#2654,.T.);
#2652 = VERTEX_POINT('',#2653);
#2653 = CARTESIAN_POINT('',(2.75,0.,8.8));
#2654 = CIRCLE('',#2655,2.75);
#2655 = AXIS2_PLACEMENT_3D('',#2656,#2657,#2658);
#2656 = CARTESIAN_POINT('',(0.,0.,8.8));
#2657 = DIRECTION('',(0.,0.,-1.));
#2658 = DIRECTION('',(1.,0.,0.));
#2659 = PLANE('',#2660);
#2660 = AXIS2_PLACEMENT_3D('',#2661,#2662,#2663);
#2661 = CARTESIAN_POINT('',(-7.1E-16,2.2E-16,8.8));
#2662 = DIRECTION('',(0.,0.,1.));
#2663 = DIRECTION('',(1.,0.,0.));
#2664 = ADVANCED_FACE('',(#2665),#2693,.T.);
#2665 = FACE_BOUND('',#2666,.T.);
#2666 = EDGE_LOOP('',(#2667,#2668,#2669,#2670,#2671,#2672,#2673,#2674,
    #2675,#2676,#2677,#2678,#2679,#2680,#2681,#2682,#2683,#2684,#2685,
    #2686,#2687,#2688,#2689,#2690,#2691,#2692));
#2667 = ORIENTED_EDGE('',*,*,#1979,.F.);
#2668 = ORIENTED_EDGE('',*,*,#1333,.F.);
#2669 = ORIENTED_EDGE('',*,*,#1366,.F.);
#2670 = ORIENTED_EDGE('',*,*,#1392,.F.);
#2671 = ORIENTED_EDGE('',*,*,#1418,.F.);
#2672 = ORIENTED_EDGE('',*,*,#1444,.F.);
#2673 = ORIENTED_EDGE('',*,*,#1470,.F.);
#2674 = ORIENTED_EDGE('',*,*,#1496,.F.);
#2675 = ORIENTED_EDGE('',*,*,#1522,.F.);
#2676 = ORIENTED_EDGE('',*,*,#1548,.F.);
#2677 = ORIENTED_EDGE('',*,*,#1574,.F.);
#2678 = ORIENTED_EDGE('',*,*,#1600,.F.);
#2679 = ORIENTED_EDGE('',*,*,#1624,.F.);
#2680 = ORIENTED_EDGE('',*,*,#1650,.F.);
#2681 = ORIENTED_EDGE('',*,*,#1676,.F.);
#2682 = ORIENTED_EDGE('',*,*,#1702,.F.);
#2683 = ORIENTED_EDGE('',*,*,#1728,.F.);
#2684 = ORIENTED_EDGE('',*,*,#1754,.F.);
#2685 = ORIENTED_EDGE('',*,*,#1780,.F.);
#2686 = ORIENTED_EDGE('',*,*,#1806,.F.);
#2687 = ORIENTED_EDGE('',*,*,#1832,.F.);
#2688 = ORIENTED_EDGE('',*,*,#1858,.F.);
#2689 = ORIENTED_EDGE('',*,*,#1884,.F.);
#2690 = ORIENTED_EDGE('',*,*,#1910,.F.);
#2691 = ORIENTED_EDGE('',*,*,#1936,.F.);
#2692 = ORIENTED_EDGE('',*,*,#1960,.F.);
#2693 = PLANE('',#2694);
#2694 = AXIS2_PLACEMENT_3D('',#2695,#2696,#2697);
#2695 = CARTESIAN_POINT('',(4.208415909591,-3.430887150505,9.6));
#2696 = DIRECTION('',(0.,0.,1.));
#2697 = DIRECTION('',(1.,0.,0.));
#2698 = ADVANCED_FACE('',(#2699,#2726),#2824,.T.);
#2699 = FACE_BOUND('',#2700,.T.);
#2700 = EDGE_LOOP('',(#2701,#2702,#2703,#2704,#2705,#2706,#2707,#2708,
    #2709,#2710,#2711,#2712,#2713,#2714,#2715,#2716,#2717,#2718,#2719,
    #2720,#2721,#2722,#2723,#2724,#2725));
#2701 = ORIENTED_EDGE('',*,*,#2055,.F.);
#2702 = ORIENTED_EDGE('',*,*,#2005,.F.);
#2703 = ORIENTED_EDGE('',*,*,#2036,.F.);
#2704 = ORIENTED_EDGE('',*,*,#2088,.F.);
#2705 = ORIENTED_EDGE('',*,*,#2140,.F.);
#2706 = ORIENTED_EDGE('',*,*,#2190,.F.);
#2707 = ORIENTED_EDGE('',*,*,#2242,.F.);
#2708 = ORIENTED_EDGE('',*,*,#2292,.F.);
#2709 = ORIENTED_EDGE('',*,*,#2344,.F.);
#2710 = ORIENTED_EDGE('',*,*,#2396,.F.);
#2711 = ORIENTED_EDGE('',*,*,#2448,.F.);
#2712 = ORIENTED_EDGE('',*,*,#2500,.F.);
#2713 = ORIENTED_EDGE('',*,*,#2552,.F.);
#2714 = ORIENTED_EDGE('',*,*,#2604,.F.);
#2715 = ORIENTED_EDGE('',*,*,#2623,.F.);
#2716 = ORIENTED_EDGE('',*,*,#2571,.F.);
#2717 = ORIENTED_EDGE('',*,*,#2519,.F.);
#2718 = ORIENTED_EDGE('',*,*,#2467,.F.);
#2719 = ORIENTED_EDGE('',*,*,#2415,.F.);
#2720 = ORIENTED_EDGE('',*,*,#2363,.F.);
#2721 = ORIENTED_EDGE('',*,*,#2311,.F.);
#2722 = ORIENTED_EDGE('',*,*,#2261,.F.);
#2723 = ORIENTED_EDGE('',*,*,#2209,.F.);
#2724 = ORIENTED_EDGE('',*,*,#2157,.F.);
#2725 = ORIENTED_EDGE('',*,*,#2107,.F.);
#2726 = FACE_BOUND('',#2727,.T.);
#2727 = EDGE_LOOP('',(#2728,#2738,#2746,#2754,#2762,#2770,#2778,#2786,
    #2794,#2802,#2810,#2818));
#2728 = ORIENTED_EDGE('',*,*,#2729,.F.);
#2729 = EDGE_CURVE('',#2730,#2732,#2734,.T.);
#2730 = VERTEX_POINT('',#2731);
#2731 = CARTESIAN_POINT('',(-2.302670523145,2.474777448071,9.6));
#2732 = VERTEX_POINT('',#2733);
#2733 = CARTESIAN_POINT('',(-1.87321948457,2.573961424332,9.6));
#2734 = B_SPLINE_CURVE_WITH_KNOTS('',2,(#2735,#2736,#2737),
  .UNSPECIFIED.,.F.,.F.,(3,3),(0.,1.),.PIECEWISE_BEZIER_KNOTS.);
#2735 = CARTESIAN_POINT('',(-2.302670523145,2.474777448071,9.6));
#2736 = CARTESIAN_POINT('',(-2.064057763501,2.474777448071,9.6));
#2737 = CARTESIAN_POINT('',(-1.87321948457,2.573961424332,9.6));
#2738 = ORIENTED_EDGE('',*,*,#2739,.F.);
#2739 = EDGE_CURVE('',#2740,#2730,#2742,.T.);
#2740 = VERTEX_POINT('',#2741);
#2741 = CARTESIAN_POINT('',(-2.724072600297,2.573961424332,9.6));
#2742 = B_SPLINE_CURVE_WITH_KNOTS('',2,(#2743,#2744,#2745),
  .UNSPECIFIED.,.F.,.F.,(3,3),(0.,1.),.PIECEWISE_BEZIER_KNOTS.);
#2743 = CARTESIAN_POINT('',(-2.724072600297,2.573961424332,9.6));
#2744 = CARTESIAN_POINT('',(-2.533234321365,2.474777448071,9.6));
#2745 = CARTESIAN_POINT('',(-2.302670523145,2.474777448071,9.6));
#2746 = ORIENTED_EDGE('',*,*,#2747,.F.);
#2747 = EDGE_CURVE('',#2748,#2740,#2750,.T.);
#2748 = VERTEX_POINT('',#2749);
#2749 = CARTESIAN_POINT('',(-3.026298119585,2.856194362018,9.6));
#2750 = B_SPLINE_CURVE_WITH_KNOTS('',2,(#2751,#2752,#2753),
  .UNSPECIFIED.,.F.,.F.,(3,3),(0.,1.),.PIECEWISE_BEZIER_KNOTS.);
#2751 = CARTESIAN_POINT('',(-3.026298119585,2.856194362018,9.6));
#2752 = CARTESIAN_POINT('',(-2.914910879228,2.67340504451,9.6));
#2753 = CARTESIAN_POINT('',(-2.724072600297,2.573961424332,9.6));
#2754 = ORIENTED_EDGE('',*,*,#2755,.F.);
#2755 = EDGE_CURVE('',#2756,#2748,#2758,.T.);
#2756 = VERTEX_POINT('',#2757);
#2757 = CARTESIAN_POINT('',(-3.137685359941,3.301743323442,9.6));
#2758 = B_SPLINE_CURVE_WITH_KNOTS('',2,(#2759,#2760,#2761),
  .UNSPECIFIED.,.F.,.F.,(3,3),(0.,1.),.PIECEWISE_BEZIER_KNOTS.);
#2759 = CARTESIAN_POINT('',(-3.137685359941,3.301743323442,9.6));
#2760 = CARTESIAN_POINT('',(-3.137685359941,3.039243323442,9.6));
#2761 = CARTESIAN_POINT('',(-3.026298119585,2.856194362018,9.6));
#2762 = ORIENTED_EDGE('',*,*,#2763,.F.);
#2763 = EDGE_CURVE('',#2764,#2756,#2766,.T.);
#2764 = VERTEX_POINT('',#2765);
#2765 = CARTESIAN_POINT('',(-3.026298119585,3.750667655786,9.6));
#2766 = B_SPLINE_CURVE_WITH_KNOTS('',2,(#2767,#2768,#2769),
  .UNSPECIFIED.,.F.,.F.,(3,3),(0.,1.),.PIECEWISE_BEZIER_KNOTS.);
#2767 = CARTESIAN_POINT('',(-3.026298119585,3.750667655786,9.6));
#2768 = CARTESIAN_POINT('',(-3.137685359941,3.563983679525,9.6));
#2769 = CARTESIAN_POINT('',(-3.137685359941,3.301743323442,9.6));
#2770 = ORIENTED_EDGE('',*,*,#2771,.F.);
#2771 = EDGE_CURVE('',#2772,#2764,#2774,.T.);
#2772 = VERTEX_POINT('',#2773);
#2773 = CARTESIAN_POINT('',(-2.724072600297,4.037054896142,9.6));
#2774 = B_SPLINE_CURVE_WITH_KNOTS('',2,(#2775,#2776,#2777),
  .UNSPECIFIED.,.F.,.F.,(3,3),(0.,1.),.PIECEWISE_BEZIER_KNOTS.);
#2775 = CARTESIAN_POINT('',(-2.724072600297,4.037054896142,9.6));
#2776 = CARTESIAN_POINT('',(-2.914910879228,3.937611275964,9.6));
#2777 = CARTESIAN_POINT('',(-3.026298119585,3.750667655786,9.6));
#2778 = ORIENTED_EDGE('',*,*,#2779,.F.);
#2779 = EDGE_CURVE('',#2780,#2772,#2782,.T.);
#2780 = VERTEX_POINT('',#2781);
#2781 = CARTESIAN_POINT('',(-2.302670523145,4.13649851632,9.6));
#2782 = B_SPLINE_CURVE_WITH_KNOTS('',2,(#2783,#2784,#2785),
  .UNSPECIFIED.,.F.,.F.,(3,3),(0.,1.),.PIECEWISE_BEZIER_KNOTS.);
#2783 = CARTESIAN_POINT('',(-2.302670523145,4.13649851632,9.6));
#2784 = CARTESIAN_POINT('',(-2.533234321365,4.13649851632,9.6));
#2785 = CARTESIAN_POINT('',(-2.724072600297,4.037054896142,9.6));
#2786 = ORIENTED_EDGE('',*,*,#2787,.F.);
#2787 = EDGE_CURVE('',#2788,#2780,#2790,.T.);
#2788 = VERTEX_POINT('',#2789);
#2789 = CARTESIAN_POINT('',(-1.87321948457,4.037054896142,9.6));
#2790 = B_SPLINE_CURVE_WITH_KNOTS('',2,(#2791,#2792,#2793),
  .UNSPECIFIED.,.F.,.F.,(3,3),(0.,1.),.PIECEWISE_BEZIER_KNOTS.);
#2791 = CARTESIAN_POINT('',(-1.87321948457,4.037054896142,9.6));
#2792 = CARTESIAN_POINT('',(-2.064057763501,4.13649851632,9.6));
#2793 = CARTESIAN_POINT('',(-2.302670523145,4.13649851632,9.6));
#2794 = ORIENTED_EDGE('',*,*,#2795,.F.);
#2795 = EDGE_CURVE('',#2796,#2788,#2798,.T.);
#2796 = VERTEX_POINT('',#2797);
#2797 = CARTESIAN_POINT('',(-1.570993965282,3.750667655786,9.6));
#2798 = B_SPLINE_CURVE_WITH_KNOTS('',2,(#2799,#2800,#2801),
  .UNSPECIFIED.,.F.,.F.,(3,3),(0.,1.),.PIECEWISE_BEZIER_KNOTS.);
#2799 = CARTESIAN_POINT('',(-1.570993965282,3.750667655786,9.6));
#2800 = CARTESIAN_POINT('',(-1.682381205638,3.937611275964,9.6));
#2801 = CARTESIAN_POINT('',(-1.87321948457,4.037054896142,9.6));
#2802 = ORIENTED_EDGE('',*,*,#2803,.F.);
#2803 = EDGE_CURVE('',#2804,#2796,#2806,.T.);
#2804 = VERTEX_POINT('',#2805);
#2805 = CARTESIAN_POINT('',(-1.459347081009,3.301743323442,9.6));
#2806 = B_SPLINE_CURVE_WITH_KNOTS('',2,(#2807,#2808,#2809),
  .UNSPECIFIED.,.F.,.F.,(3,3),(0.,1.),.PIECEWISE_BEZIER_KNOTS.);
#2807 = CARTESIAN_POINT('',(-1.459347081009,3.301743323442,9.6));
#2808 = CARTESIAN_POINT('',(-1.459347081009,3.563983679525,9.6));
#2809 = CARTESIAN_POINT('',(-1.570993965282,3.750667655786,9.6));
#2810 = ORIENTED_EDGE('',*,*,#2811,.F.);
#2811 = EDGE_CURVE('',#2812,#2804,#2814,.T.);
#2812 = VERTEX_POINT('',#2813);
#2813 = CARTESIAN_POINT('',(-1.570993965282,2.856194362018,9.6));
#2814 = B_SPLINE_CURVE_WITH_KNOTS('',2,(#2815,#2816,#2817),
  .UNSPECIFIED.,.F.,.F.,(3,3),(0.,1.),.PIECEWISE_BEZIER_KNOTS.);
#2815 = CARTESIAN_POINT('',(-1.570993965282,2.856194362018,9.6));
#2816 = CARTESIAN_POINT('',(-1.459347081009,3.039243323442,9.6));
#2817 = CARTESIAN_POINT('',(-1.459347081009,3.301743323442,9.6));
#2818 = ORIENTED_EDGE('',*,*,#2819,.F.);
#2819 = EDGE_CURVE('',#2732,#2812,#2820,.T.);
#2820 = B_SPLINE_CURVE_WITH_KNOTS('',2,(#2821,#2822,#2823),
  .UNSPECIFIED.,.F.,.F.,(3,3),(0.,1.),.PIECEWISE_BEZIER_KNOTS.);
#2821 = CARTESIAN_POINT('',(-1.87321948457,2.573961424332,9.6));
#2822 = CARTESIAN_POINT('',(-1.682381205638,2.67340504451,9.6));
#2823 = CARTESIAN_POINT('',(-1.570993965282,2.856194362018,9.6));
#2824 = PLANE('',#2825);
#2825 = AXIS2_PLACEMENT_3D('',#2826,#2827,#2828);
#2826 = CARTESIAN_POINT('',(-2.357437937753,2.692090812577,9.6));
#2827 = DIRECTION('',(0.,0.,1.));
#2828 = DIRECTION('',(1.,0.,0.));
#2829 = ADVANCED_FACE('',(#2830),#2849,.T.);
#2830 = FACE_BOUND('',#2831,.F.);
#2831 = EDGE_LOOP('',(#2832,#2840,#2847,#2848));
#2832 = ORIENTED_EDGE('',*,*,#2833,.T.);
#2833 = EDGE_CURVE('',#2652,#2834,#2836,.T.);
#2834 = VERTEX_POINT('',#2835);
#2835 = CARTESIAN_POINT('',(2.75,0.,2.1));
#2836 = LINE('',#2837,#2838);
#2837 = CARTESIAN_POINT('',(2.75,0.,8.8));
#2838 = VECTOR('',#2839,1.);
#2839 = DIRECTION('',(0.,0.,-1.));
#2840 = ORIENTED_EDGE('',*,*,#2841,.T.);
#2841 = EDGE_CURVE('',#2834,#2834,#2842,.T.);
#2842 = CIRCLE('',#2843,2.75);
#2843 = AXIS2_PLACEMENT_3D('',#2844,#2845,#2846);
#2844 = CARTESIAN_POINT('',(0.,0.,2.1));
#2845 = DIRECTION('',(0.,0.,-1.));
#2846 = DIRECTION('',(1.,0.,0.));
#2847 = ORIENTED_EDGE('',*,*,#2833,.F.);
#2848 = ORIENTED_EDGE('',*,*,#2651,.F.);
#2849 = CYLINDRICAL_SURFACE('',#2850,2.75);
#2850 = AXIS2_PLACEMENT_3D('',#2851,#2852,#2853);
#2851 = CARTESIAN_POINT('',(0.,0.,8.8));
#2852 = DIRECTION('',(0.,0.,1.));
#2853 = DIRECTION('',(1.,0.,0.));
#2854 = ADVANCED_FACE('',(#2855),#2880,.T.);
#2855 = FACE_BOUND('',#2856,.T.);
#2856 = EDGE_LOOP('',(#2857,#2865,#2866,#2874));
#2857 = ORIENTED_EDGE('',*,*,#2858,.T.);
#2858 = EDGE_CURVE('',#2859,#2730,#2861,.T.);
#2859 = VERTEX_POINT('',#2860);
#2860 = CARTESIAN_POINT('',(-2.302670523145,2.474777448071,10.));
#2861 = LINE('',#2862,#2863);
#2862 = CARTESIAN_POINT('',(-2.302670523145,2.474777448071,10.));
#2863 = VECTOR('',#2864,1.);
#2864 = DIRECTION('',(-0.,-0.,-1.));
#2865 = ORIENTED_EDGE('',*,*,#2729,.T.);
#2866 = ORIENTED_EDGE('',*,*,#2867,.F.);
#2867 = EDGE_CURVE('',#2868,#2732,#2870,.T.);
#2868 = VERTEX_POINT('',#2869);
#2869 = CARTESIAN_POINT('',(-1.87321948457,2.573961424332,10.));
#2870 = LINE('',#2871,#2872);
#2871 = CARTESIAN_POINT('',(-1.87321948457,2.573961424332,10.));
#2872 = VECTOR('',#2873,1.);
#2873 = DIRECTION('',(-0.,-0.,-1.));
#2874 = ORIENTED_EDGE('',*,*,#2875,.F.);
#2875 = EDGE_CURVE('',#2859,#2868,#2876,.T.);
#2876 = B_SPLINE_CURVE_WITH_KNOTS('',2,(#2877,#2878,#2879),
  .UNSPECIFIED.,.F.,.F.,(3,3),(0.,1.),.PIECEWISE_BEZIER_KNOTS.);
#2877 = CARTESIAN_POINT('',(-2.302670523145,2.474777448071,10.));
#2878 = CARTESIAN_POINT('',(-2.064057763501,2.474777448071,10.));
#2879 = CARTESIAN_POINT('',(-1.87321948457,2.573961424332,10.));
#2880 = SURFACE_OF_LINEAR_EXTRUSION('',#2881,#2885);
#2881 = B_SPLINE_CURVE_WITH_KNOTS('',2,(#2882,#2883,#2884),
  .UNSPECIFIED.,.F.,.F.,(3,3),(0.,1.),.PIECEWISE_BEZIER_KNOTS.);
#2882 = CARTESIAN_POINT('',(-2.302670523145,2.474777448071,10.));
#2883 = CARTESIAN_POINT('',(-2.064057763501,2.474777448071,10.));
#2884 = CARTESIAN_POINT('',(-1.87321948457,2.573961424332,10.));
#2885 = VECTOR('',#2886,1.);
#2886 = DIRECTION('',(0.,0.,1.));
#2887 = ADVANCED_FACE('',(#2888),#2906,.T.);
#2888 = FACE_BOUND('',#2889,.T.);
#2889 = EDGE_LOOP('',(#2890,#2898,#2899,#2900));
#2890 = ORIENTED_EDGE('',*,*,#2891,.T.);
#2891 = EDGE_CURVE('',#2892,#2740,#2894,.T.);
#2892 = VERTEX_POINT('',#2893);
#2893 = CARTESIAN_POINT('',(-2.724072600297,2.573961424332,10.));
#2894 = LINE('',#2895,#2896);
#2895 = CARTESIAN_POINT('',(-2.724072600297,2.573961424332,10.));
#2896 = VECTOR('',#2897,1.);
#2897 = DIRECTION('',(-0.,-0.,-1.));
#2898 = ORIENTED_EDGE('',*,*,#2739,.T.);
#2899 = ORIENTED_EDGE('',*,*,#2858,.F.);
#2900 = ORIENTED_EDGE('',*,*,#2901,.F.);
#2901 = EDGE_CURVE('',#2892,#2859,#2902,.T.);
#2902 = B_SPLINE_CURVE_WITH_KNOTS('',2,(#2903,#2904,#2905),
  .UNSPECIFIED.,.F.,.F.,(3,3),(0.,1.),.PIECEWISE_BEZIER_KNOTS.);
#2903 = CARTESIAN_POINT('',(-2.724072600297,2.573961424332,10.));
#2904 = CARTESIAN_POINT('',(-2.533234321365,2.474777448071,10.));
#2905 = CARTESIAN_POINT('',(-2.302670523145,2.474777448071,10.));
#2906 = SURFACE_OF_LINEAR_EXTRUSION('',#2907,#2911);
#2907 = B_SPLINE_CURVE_WITH_KNOTS('',2,(#2908,#2909,#2910),
  .UNSPECIFIED.,.F.,.F.,(3,3),(0.,1.),.PIECEWISE_BEZIER_KNOTS.);
#2908 = CARTESIAN_POINT('',(-2.724072600297,2.573961424332,10.));
#2909 = CARTESIAN_POINT('',(-2.533234321365,2.474777448071,10.));
#2910 = CARTESIAN_POINT('',(-2.302670523145,2.474777448071,10.));
#2911 = VECTOR('',#2912,1.);
#2912 = DIRECTION('',(0.,0.,1.));
#2913 = ADVANCED_FACE('',(#2914),#2932,.T.);
#2914 = FACE_BOUND('',#2915,.T.);
#2915 = EDGE_LOOP('',(#2916,#2924,#2925,#2926));
#2916 = ORIENTED_EDGE('',*,*,#2917,.T.);
#2917 = EDGE_CURVE('',#2918,#2748,#2920,.T.);
#2918 = VERTEX_POINT('',#2919);
#2919 = CARTESIAN_POINT('',(-3.026298119585,2.856194362018,10.));
#2920 = LINE('',#2921,#2922);
#2921 = CARTESIAN_POINT('',(-3.026298119585,2.856194362018,10.));
#2922 = VECTOR('',#2923,1.);
#2923 = DIRECTION('',(-0.,-0.,-1.));
#2924 = ORIENTED_EDGE('',*,*,#2747,.T.);
#2925 = ORIENTED_EDGE('',*,*,#2891,.F.);
#2926 = ORIENTED_EDGE('',*,*,#2927,.F.);
#2927 = EDGE_CURVE('',#2918,#2892,#2928,.T.);
#2928 = B_SPLINE_CURVE_WITH_KNOTS('',2,(#2929,#2930,#2931),
  .UNSPECIFIED.,.F.,.F.,(3,3),(0.,1.),.PIECEWISE_BEZIER_KNOTS.);
#2929 = CARTESIAN_POINT('',(-3.026298119585,2.856194362018,10.));
#2930 = CARTESIAN_POINT('',(-2.914910879228,2.67340504451,10.));
#2931 = CARTESIAN_POINT('',(-2.724072600297,2.573961424332,10.));
#2932 = SURFACE_OF_LINEAR_EXTRUSION('',#2933,#2937);
#2933 = B_SPLINE_CURVE_WITH_KNOTS('',2,(#2934,#2935,#2936),
  .UNSPECIFIED.,.F.,.F.,(3,3),(0.,1.),.PIECEWISE_BEZIER_KNOTS.);
#2934 = CARTESIAN_POINT('',(-3.026298119585,2.856194362018,10.));
#2935 = CARTESIAN_POINT('',(-2.914910879228,2.67340504451,10.));
#2936 = CARTESIAN_POINT('',(-2.724072600297,2.573961424332,10.));
#2937 = VECTOR('',#2938,1.);
#2938 = DIRECTION('',(0.,0.,1.));
#2939 = ADVANCED_FACE('',(#2940),#2958,.T.);
#2940 = FACE_BOUND('',#2941,.T.);
#2941 = EDGE_LOOP('',(#2942,#2950,#2951,#2952));
#2942 = ORIENTED_EDGE('',*,*,#2943,.T.);
#2943 = EDGE_CURVE('',#2944,#2756,#2946,.T.);
#2944 = VERTEX_POINT('',#2945);
#2945 = CARTESIAN_POINT('',(-3.137685359941,3.301743323442,10.));
#2946 = LINE('',#2947,#2948);
#2947 = CARTESIAN_POINT('',(-3.137685359941,3.301743323442,10.));
#2948 = VECTOR('',#2949,1.);
#2949 = DIRECTION('',(-0.,-0.,-1.));
#2950 = ORIENTED_EDGE('',*,*,#2755,.T.);
#2951 = ORIENTED_EDGE('',*,*,#2917,.F.);
#2952 = ORIENTED_EDGE('',*,*,#2953,.F.);
#2953 = EDGE_CURVE('',#2944,#2918,#2954,.T.);
#2954 = B_SPLINE_CURVE_WITH_KNOTS('',2,(#2955,#2956,#2957),
  .UNSPECIFIED.,.F.,.F.,(3,3),(0.,1.),.PIECEWISE_BEZIER_KNOTS.);
#2955 = CARTESIAN_POINT('',(-3.137685359941,3.301743323442,10.));
#2956 = CARTESIAN_POINT('',(-3.137685359941,3.039243323442,10.));
#2957 = CARTESIAN_POINT('',(-3.026298119585,2.856194362018,10.));
#2958 = SURFACE_OF_LINEAR_EXTRUSION('',#2959,#2963);
#2959 = B_SPLINE_CURVE_WITH_KNOTS('',2,(#2960,#2961,#2962),
  .UNSPECIFIED.,.F.,.F.,(3,3),(0.,1.),.PIECEWISE_BEZIER_KNOTS.);
#2960 = CARTESIAN_POINT('',(-3.137685359941,3.301743323442,10.));
#2961 = CARTESIAN_POINT('',(-3.137685359941,3.039243323442,10.));
#2962 = CARTESIAN_POINT('',(-3.026298119585,2.856194362018,10.));
#2963 = VECTOR('',#2964,1.);
#2964 = DIRECTION('',(0.,0.,1.));
#2965 = ADVANCED_FACE('',(#2966),#2984,.T.);
#2966 = FACE_BOUND('',#2967,.T.);
#2967 = EDGE_LOOP('',(#2968,#2976,#2977,#2978));
#2968 = ORIENTED_EDGE('',*,*,#2969,.T.);
#2969 = EDGE_CURVE('',#2970,#2764,#2972,.T.);
#2970 = VERTEX_POINT('',#2971);
#2971 = CARTESIAN_POINT('',(-3.026298119585,3.750667655786,10.));
#2972 = LINE('',#2973,#2974);
#2973 = CARTESIAN_POINT('',(-3.026298119585,3.750667655786,10.));
#2974 = VECTOR('',#2975,1.);
#2975 = DIRECTION('',(-0.,-0.,-1.));
#2976 = ORIENTED_EDGE('',*,*,#2763,.T.);
#2977 = ORIENTED_EDGE('',*,*,#2943,.F.);
#2978 = ORIENTED_EDGE('',*,*,#2979,.F.);
#2979 = EDGE_CURVE('',#2970,#2944,#2980,.T.);
#2980 = B_SPLINE_CURVE_WITH_KNOTS('',2,(#2981,#2982,#2983),
  .UNSPECIFIED.,.F.,.F.,(3,3),(0.,1.),.PIECEWISE_BEZIER_KNOTS.);
#2981 = CARTESIAN_POINT('',(-3.026298119585,3.750667655786,10.));
#2982 = CARTESIAN_POINT('',(-3.137685359941,3.563983679525,10.));
#2983 = CARTESIAN_POINT('',(-3.137685359941,3.301743323442,10.));
#2984 = SURFACE_OF_LINEAR_EXTRUSION('',#2985,#2989);
#2985 = B_SPLINE_CURVE_WITH_KNOTS('',2,(#2986,#2987,#2988),
  .UNSPECIFIED.,.F.,.F.,(3,3),(0.,1.),.PIECEWISE_BEZIER_KNOTS.);
#2986 = CARTESIAN_POINT('',(-3.026298119585,3.750667655786,10.));
#2987 = CARTESIAN_POINT('',(-3.137685359941,3.563983679525,10.));
#2988 = CARTESIAN_POINT('',(-3.137685359941,3.301743323442,10.));
#2989 = VECTOR('',#2990,1.);
#2990 = DIRECTION('',(0.,0.,1.));
#2991 = ADVANCED_FACE('',(#2992),#3010,.T.);
#2992 = FACE_BOUND('',#2993,.T.);
#2993 = EDGE_LOOP('',(#2994,#3002,#3003,#3004));
#2994 = ORIENTED_EDGE('',*,*,#2995,.T.);
#2995 = EDGE_CURVE('',#2996,#2772,#2998,.T.);
#2996 = VERTEX_POINT('',#2997);
#2997 = CARTESIAN_POINT('',(-2.724072600297,4.037054896142,10.));
#2998 = LINE('',#2999,#3000);
#2999 = CARTESIAN_POINT('',(-2.724072600297,4.037054896142,10.));
#3000 = VECTOR('',#3001,1.);
#3001 = DIRECTION('',(-0.,-0.,-1.));
#3002 = ORIENTED_EDGE('',*,*,#2771,.T.);
#3003 = ORIENTED_EDGE('',*,*,#2969,.F.);
#3004 = ORIENTED_EDGE('',*,*,#3005,.F.);
#3005 = EDGE_CURVE('',#2996,#2970,#3006,.T.);
#3006 = B_SPLINE_CURVE_WITH_KNOTS('',2,(#3007,#3008,#3009),
  .UNSPECIFIED.,.F.,.F.,(3,3),(0.,1.),.PIECEWISE_BEZIER_KNOTS.);
#3007 = CARTESIAN_POINT('',(-2.724072600297,4.037054896142,10.));
#3008 = CARTESIAN_POINT('',(-2.914910879228,3.937611275964,10.));
#3009 = CARTESIAN_POINT('',(-3.026298119585,3.750667655786,10.));
#3010 = SURFACE_OF_LINEAR_EXTRUSION('',#3011,#3015);
#3011 = B_SPLINE_CURVE_WITH_KNOTS('',2,(#3012,#3013,#3014),
  .UNSPECIFIED.,.F.,.F.,(3,3),(0.,1.),.PIECEWISE_BEZIER_KNOTS.);
#3012 = CARTESIAN_POINT('',(-2.724072600297,4.037054896142,10.));
#3013 = CARTESIAN_POINT('',(-2.914910879228,3.937611275964,10.));
#3014 = CARTESIAN_POINT('',(-3.026298119585,3.750667655786,10.));
#3015 = VECTOR('',#3016,1.);
#3016 = DIRECTION('',(0.,0.,1.));
#3017 = ADVANCED_FACE('',(#3018),#3036,.T.);
#3018 = FACE_BOUND('',#3019,.T.);
#3019 = EDGE_LOOP('',(#3020,#3028,#3029,#3030));
#3020 = ORIENTED_EDGE('',*,*,#3021,.T.);
#3021 = EDGE_CURVE('',#3022,#2780,#3024,.T.);
#3022 = VERTEX_POINT('',#3023);
#3023 = CARTESIAN_POINT('',(-2.302670523145,4.13649851632,10.));
#3024 = LINE('',#3025,#3026);
#3025 = CARTESIAN_POINT('',(-2.302670523145,4.13649851632,10.));
#3026 = VECTOR('',#3027,1.);
#3027 = DIRECTION('',(-0.,-0.,-1.));
#3028 = ORIENTED_EDGE('',*,*,#2779,.T.);
#3029 = ORIENTED_EDGE('',*,*,#2995,.F.);
#3030 = ORIENTED_EDGE('',*,*,#3031,.F.);
#3031 = EDGE_CURVE('',#3022,#2996,#3032,.T.);
#3032 = B_SPLINE_CURVE_WITH_KNOTS('',2,(#3033,#3034,#3035),
  .UNSPECIFIED.,.F.,.F.,(3,3),(0.,1.),.PIECEWISE_BEZIER_KNOTS.);
#3033 = CARTESIAN_POINT('',(-2.302670523145,4.13649851632,10.));
#3034 = CARTESIAN_POINT('',(-2.533234321365,4.13649851632,10.));
#3035 = CARTESIAN_POINT('',(-2.724072600297,4.037054896142,10.));
#3036 = SURFACE_OF_LINEAR_EXTRUSION('',#3037,#3041);
#3037 = B_SPLINE_CURVE_WITH_KNOTS('',2,(#3038,#3039,#3040),
  .UNSPECIFIED.,.F.,.F.,(3,3),(0.,1.),.PIECEWISE_BEZIER_KNOTS.);
#3038 = CARTESIAN_POINT('',(-2.302670523145,4.13649851632,10.));
#3039 = CARTESIAN_POINT('',(-2.533234321365,4.13649851632,10.));
#3040 = CARTESIAN_POINT('',(-2.724072600297,4.037054896142,10.));
#3041 = VECTOR('',#3042,1.);
#3042 = DIRECTION('',(0.,0.,1.));
#3043 = ADVANCED_FACE('',(#3044),#3062,.T.);
#3044 = FACE_BOUND('',#3045,.T.);
#3045 = EDGE_LOOP('',(#3046,#3054,#3055,#3056));
#3046 = ORIENTED_EDGE('',*,*,#3047,.T.);
#3047 = EDGE_CURVE('',#3048,#2788,#3050,.T.);
#3048 = VERTEX_POINT('',#3049);
#3049 = CARTESIAN_POINT('',(-1.87321948457,4.037054896142,10.));
#3050 = LINE('',#3051,#3052);
#3051 = CARTESIAN_POINT('',(-1.87321948457,4.037054896142,10.));
#3052 = VECTOR('',#3053,1.);
#3053 = DIRECTION('',(-0.,-0.,-1.));
#3054 = ORIENTED_EDGE('',*,*,#2787,.T.);
#3055 = ORIENTED_EDGE('',*,*,#3021,.F.);
#3056 = ORIENTED_EDGE('',*,*,#3057,.F.);
#3057 = EDGE_CURVE('',#3048,#3022,#3058,.T.);
#3058 = B_SPLINE_CURVE_WITH_KNOTS('',2,(#3059,#3060,#3061),
  .UNSPECIFIED.,.F.,.F.,(3,3),(0.,1.),.PIECEWISE_BEZIER_KNOTS.);
#3059 = CARTESIAN_POINT('',(-1.87321948457,4.037054896142,10.));
#3060 = CARTESIAN_POINT('',(-2.064057763501,4.13649851632,10.));
#3061 = CARTESIAN_POINT('',(-2.302670523145,4.13649851632,10.));
#3062 = SURFACE_OF_LINEAR_EXTRUSION('',#3063,#3067);
#3063 = B_SPLINE_CURVE_WITH_KNOTS('',2,(#3064,#3065,#3066),
  .UNSPECIFIED.,.F.,.F.,(3,3),(0.,1.),.PIECEWISE_BEZIER_KNOTS.);
#3064 = CARTESIAN_POINT('',(-1.87321948457,4.037054896142,10.));
#3065 = CARTESIAN_POINT('',(-2.064057763501,4.13649851632,10.));
#3066 = CARTESIAN_POINT('',(-2.302670523145,4.13649851632,10.));
#3067 = VECTOR('',#3068,1.);
#3068 = DIRECTION('',(0.,0.,1.));
#3069 = ADVANCED_FACE('',(#3070),#3088,.T.);
#3070 = FACE_BOUND('',#3071,.T.);
#3071 = EDGE_LOOP('',(#3072,#3080,#3081,#3082));
#3072 = ORIENTED_EDGE('',*,*,#3073,.T.);
#3073 = EDGE_CURVE('',#3074,#2796,#3076,.T.);
#3074 = VERTEX_POINT('',#3075);
#3075 = CARTESIAN_POINT('',(-1.570993965282,3.750667655786,10.));
#3076 = LINE('',#3077,#3078);
#3077 = CARTESIAN_POINT('',(-1.570993965282,3.750667655786,10.));
#3078 = VECTOR('',#3079,1.);
#3079 = DIRECTION('',(-0.,-0.,-1.));
#3080 = ORIENTED_EDGE('',*,*,#2795,.T.);
#3081 = ORIENTED_EDGE('',*,*,#3047,.F.);
#3082 = ORIENTED_EDGE('',*,*,#3083,.F.);
#3083 = EDGE_CURVE('',#3074,#3048,#3084,.T.);
#3084 = B_SPLINE_CURVE_WITH_KNOTS('',2,(#3085,#3086,#3087),
  .UNSPECIFIED.,.F.,.F.,(3,3),(0.,1.),.PIECEWISE_BEZIER_KNOTS.);
#3085 = CARTESIAN_POINT('',(-1.570993965282,3.750667655786,10.));
#3086 = CARTESIAN_POINT('',(-1.682381205638,3.937611275964,10.));
#3087 = CARTESIAN_POINT('',(-1.87321948457,4.037054896142,10.));
#3088 = SURFACE_OF_LINEAR_EXTRUSION('',#3089,#3093);
#3089 = B_SPLINE_CURVE_WITH_KNOTS('',2,(#3090,#3091,#3092),
  .UNSPECIFIED.,.F.,.F.,(3,3),(0.,1.),.PIECEWISE_BEZIER_KNOTS.);
#3090 = CARTESIAN_POINT('',(-1.570993965282,3.750667655786,10.));
#3091 = CARTESIAN_POINT('',(-1.682381205638,3.937611275964,10.));
#3092 = CARTESIAN_POINT('',(-1.87321948457,4.037054896142,10.));
#3093 = VECTOR('',#3094,1.);
#3094 = DIRECTION('',(0.,0.,1.));
#3095 = ADVANCED_FACE('',(#3096),#3114,.T.);
#3096 = FACE_BOUND('',#3097,.T.);
#3097 = EDGE_LOOP('',(#3098,#3106,#3107,#3108));
#3098 = ORIENTED_EDGE('',*,*,#3099,.T.);
#3099 = EDGE_CURVE('',#3100,#2804,#3102,.T.);
#3100 = VERTEX_POINT('',#3101);
#3101 = CARTESIAN_POINT('',(-1.459347081009,3.301743323442,10.));
#3102 = LINE('',#3103,#3104);
#3103 = CARTESIAN_POINT('',(-1.459347081009,3.301743323442,10.));
#3104 = VECTOR('',#3105,1.);
#3105 = DIRECTION('',(-0.,-0.,-1.));
#3106 = ORIENTED_EDGE('',*,*,#2803,.T.);
#3107 = ORIENTED_EDGE('',*,*,#3073,.F.);
#3108 = ORIENTED_EDGE('',*,*,#3109,.F.);
#3109 = EDGE_CURVE('',#3100,#3074,#3110,.T.);
#3110 = B_SPLINE_CURVE_WITH_KNOTS('',2,(#3111,#3112,#3113),
  .UNSPECIFIED.,.F.,.F.,(3,3),(0.,1.),.PIECEWISE_BEZIER_KNOTS.);
#3111 = CARTESIAN_POINT('',(-1.459347081009,3.301743323442,10.));
#3112 = CARTESIAN_POINT('',(-1.459347081009,3.563983679525,10.));
#3113 = CARTESIAN_POINT('',(-1.570993965282,3.750667655786,10.));
#3114 = SURFACE_OF_LINEAR_EXTRUSION('',#3115,#3119);
#3115 = B_SPLINE_CURVE_WITH_KNOTS('',2,(#3116,#3117,#3118),
  .UNSPECIFIED.,.F.,.F.,(3,3),(0.,1.),.PIECEWISE_BEZIER_KNOTS.);
#3116 = CARTESIAN_POINT('',(-1.459347081009,3.301743323442,10.));
#3117 = CARTESIAN_POINT('',(-1.459347081009,3.563983679525,10.));
#3118 = CARTESIAN_POINT('',(-1.570993965282,3.750667655786,10.));
#3119 = VECTOR('',#3120,1.);
#3120 = DIRECTION('',(0.,0.,1.));
#3121 = ADVANCED_FACE('',(#3122),#3140,.T.);
#3122 = FACE_BOUND('',#3123,.T.);
#3123 = EDGE_LOOP('',(#3124,#3132,#3133,#3134));
#3124 = ORIENTED_EDGE('',*,*,#3125,.T.);
#3125 = EDGE_CURVE('',#3126,#2812,#3128,.T.);
#3126 = VERTEX_POINT('',#3127);
#3127 = CARTESIAN_POINT('',(-1.570993965282,2.856194362018,10.));
#3128 = LINE('',#3129,#3130);
#3129 = CARTESIAN_POINT('',(-1.570993965282,2.856194362018,10.));
#3130 = VECTOR('',#3131,1.);
#3131 = DIRECTION('',(-0.,-0.,-1.));
#3132 = ORIENTED_EDGE('',*,*,#2811,.T.);
#3133 = ORIENTED_EDGE('',*,*,#3099,.F.);
#3134 = ORIENTED_EDGE('',*,*,#3135,.F.);
#3135 = EDGE_CURVE('',#3126,#3100,#3136,.T.);
#3136 = B_SPLINE_CURVE_WITH_KNOTS('',2,(#3137,#3138,#3139),
  .UNSPECIFIED.,.F.,.F.,(3,3),(0.,1.),.PIECEWISE_BEZIER_KNOTS.);
#3137 = CARTESIAN_POINT('',(-1.570993965282,2.856194362018,10.));
#3138 = CARTESIAN_POINT('',(-1.459347081009,3.039243323442,10.));
#3139 = CARTESIAN_POINT('',(-1.459347081009,3.301743323442,10.));
#3140 = SURFACE_OF_LINEAR_EXTRUSION('',#3141,#3145);
#3141 = B_SPLINE_CURVE_WITH_KNOTS('',2,(#3142,#3143,#3144),
  .UNSPECIFIED.,.F.,.F.,(3,3),(0.,1.),.PIECEWISE_BEZIER_KNOTS.);
#3142 = CARTESIAN_POINT('',(-1.570993965282,2.856194362018,10.));
#3143 = CARTESIAN_POINT('',(-1.459347081009,3.039243323442,10.));
#3144 = CARTESIAN_POINT('',(-1.459347081009,3.301743323442,10.));
#3145 = VECTOR('',#3146,1.);
#3146 = DIRECTION('',(0.,0.,1.));
#3147 = ADVANCED_FACE('',(#3148),#3159,.T.);
#3148 = FACE_BOUND('',#3149,.T.);
#3149 = EDGE_LOOP('',(#3150,#3151,#3152,#3153));
#3150 = ORIENTED_EDGE('',*,*,#2867,.T.);
#3151 = ORIENTED_EDGE('',*,*,#2819,.T.);
#3152 = ORIENTED_EDGE('',*,*,#3125,.F.);
#3153 = ORIENTED_EDGE('',*,*,#3154,.F.);
#3154 = EDGE_CURVE('',#2868,#3126,#3155,.T.);
#3155 = B_SPLINE_CURVE_WITH_KNOTS('',2,(#3156,#3157,#3158),
  .UNSPECIFIED.,.F.,.F.,(3,3),(0.,1.),.PIECEWISE_BEZIER_KNOTS.);
#3156 = CARTESIAN_POINT('',(-1.87321948457,2.573961424332,10.));
#3157 = CARTESIAN_POINT('',(-1.682381205638,2.67340504451,10.));
#3158 = CARTESIAN_POINT('',(-1.570993965282,2.856194362018,10.));
#3159 = SURFACE_OF_LINEAR_EXTRUSION('',#3160,#3164);
#3160 = B_SPLINE_CURVE_WITH_KNOTS('',2,(#3161,#3162,#3163),
  .UNSPECIFIED.,.F.,.F.,(3,3),(0.,1.),.PIECEWISE_BEZIER_KNOTS.);
#3161 = CARTESIAN_POINT('',(-1.87321948457,2.573961424332,10.));
#3162 = CARTESIAN_POINT('',(-1.682381205638,2.67340504451,10.));
#3163 = CARTESIAN_POINT('',(-1.570993965282,2.856194362018,10.));
#3164 = VECTOR('',#3165,1.);
#3165 = DIRECTION('',(0.,0.,1.));
#3166 = ADVANCED_FACE('',(#3167,#3170),#3304,.F.);
#3167 = FACE_BOUND('',#3168,.F.);
#3168 = EDGE_LOOP('',(#3169));
#3169 = ORIENTED_EDGE('',*,*,#2841,.F.);
#3170 = FACE_BOUND('',#3171,.F.);
#3171 = EDGE_LOOP('',(#3172,#3182,#3190,#3198,#3207,#3215,#3223,#3231,
    #3240,#3248,#3256,#3264,#3273,#3281,#3289,#3297));
#3172 = ORIENTED_EDGE('',*,*,#3173,.F.);
#3173 = EDGE_CURVE('',#3174,#3176,#3178,.T.);
#3174 = VERTEX_POINT('',#3175);
#3175 = CARTESIAN_POINT('',(-2.05,-0.59,2.1));
#3176 = VERTEX_POINT('',#3177);
#3177 = CARTESIAN_POINT('',(-0.88,-0.59,2.1));
#3178 = LINE('',#3179,#3180);
#3179 = CARTESIAN_POINT('',(-2.05,-0.59,2.1));
#3180 = VECTOR('',#3181,1.);
#3181 = DIRECTION('',(1.,0.,0.));
#3182 = ORIENTED_EDGE('',*,*,#3183,.F.);
#3183 = EDGE_CURVE('',#3184,#3174,#3186,.T.);
#3184 = VERTEX_POINT('',#3185);
#3185 = CARTESIAN_POINT('',(-2.05,0.58,2.1));
#3186 = LINE('',#3187,#3188);
#3187 = CARTESIAN_POINT('',(-2.05,0.58,2.1));
#3188 = VECTOR('',#3189,1.);
#3189 = DIRECTION('',(0.,-1.,0.));
#3190 = ORIENTED_EDGE('',*,*,#3191,.F.);
#3191 = EDGE_CURVE('',#3192,#3184,#3194,.T.);
#3192 = VERTEX_POINT('',#3193);
#3193 = CARTESIAN_POINT('',(-0.89,0.58,2.1));
#3194 = LINE('',#3195,#3196);
#3195 = CARTESIAN_POINT('',(-0.89,0.58,2.1));
#3196 = VECTOR('',#3197,1.);
#3197 = DIRECTION('',(-1.,0.,0.));
#3198 = ORIENTED_EDGE('',*,*,#3199,.F.);
#3199 = EDGE_CURVE('',#3200,#3192,#3202,.T.);
#3200 = VERTEX_POINT('',#3201);
#3201 = CARTESIAN_POINT('',(-0.59,0.88,2.1));
#3202 = CIRCLE('',#3203,0.3);
#3203 = AXIS2_PLACEMENT_3D('',#3204,#3205,#3206);
#3204 = CARTESIAN_POINT('',(-0.89,0.88,2.1));
#3205 = DIRECTION('',(0.,0.,-1.));
#3206 = DIRECTION('',(1.,0.,0.));
#3207 = ORIENTED_EDGE('',*,*,#3208,.F.);
#3208 = EDGE_CURVE('',#3209,#3200,#3211,.T.);
#3209 = VERTEX_POINT('',#3210);
#3210 = CARTESIAN_POINT('',(-0.59,2.05,2.1));
#3211 = LINE('',#3212,#3213);
#3212 = CARTESIAN_POINT('',(-0.59,2.05,2.1));
#3213 = VECTOR('',#3214,1.);
#3214 = DIRECTION('',(0.,-1.,0.));
#3215 = ORIENTED_EDGE('',*,*,#3216,.F.);
#3216 = EDGE_CURVE('',#3217,#3209,#3219,.T.);
#3217 = VERTEX_POINT('',#3218);
#3218 = CARTESIAN_POINT('',(0.58,2.05,2.1));
#3219 = LINE('',#3220,#3221);
#3220 = CARTESIAN_POINT('',(0.58,2.05,2.1));
#3221 = VECTOR('',#3222,1.);
#3222 = DIRECTION('',(-1.,0.,0.));
#3223 = ORIENTED_EDGE('',*,*,#3224,.F.);
#3224 = EDGE_CURVE('',#3225,#3217,#3227,.T.);
#3225 = VERTEX_POINT('',#3226);
#3226 = CARTESIAN_POINT('',(0.58,0.89,2.1));
#3227 = LINE('',#3228,#3229);
#3228 = CARTESIAN_POINT('',(0.58,0.89,2.1));
#3229 = VECTOR('',#3230,1.);
#3230 = DIRECTION('',(0.,1.,0.));
#3231 = ORIENTED_EDGE('',*,*,#3232,.F.);
#3232 = EDGE_CURVE('',#3233,#3225,#3235,.T.);
#3233 = VERTEX_POINT('',#3234);
#3234 = CARTESIAN_POINT('',(0.88,0.59,2.1));
#3235 = CIRCLE('',#3236,0.3);
#3236 = AXIS2_PLACEMENT_3D('',#3237,#3238,#3239);
#3237 = CARTESIAN_POINT('',(0.88,0.89,2.1));
#3238 = DIRECTION('',(0.,0.,-1.));
#3239 = DIRECTION('',(1.,0.,0.));
#3240 = ORIENTED_EDGE('',*,*,#3241,.F.);
#3241 = EDGE_CURVE('',#3242,#3233,#3244,.T.);
#3242 = VERTEX_POINT('',#3243);
#3243 = CARTESIAN_POINT('',(2.05,0.59,2.1));
#3244 = LINE('',#3245,#3246);
#3245 = CARTESIAN_POINT('',(2.05,0.59,2.1));
#3246 = VECTOR('',#3247,1.);
#3247 = DIRECTION('',(-1.,0.,0.));
#3248 = ORIENTED_EDGE('',*,*,#3249,.F.);
#3249 = EDGE_CURVE('',#3250,#3242,#3252,.T.);
#3250 = VERTEX_POINT('',#3251);
#3251 = CARTESIAN_POINT('',(2.05,-0.58,2.1));
#3252 = LINE('',#3253,#3254);
#3253 = CARTESIAN_POINT('',(2.05,-0.58,2.1));
#3254 = VECTOR('',#3255,1.);
#3255 = DIRECTION('',(0.,1.,0.));
#3256 = ORIENTED_EDGE('',*,*,#3257,.F.);
#3257 = EDGE_CURVE('',#3258,#3250,#3260,.T.);
#3258 = VERTEX_POINT('',#3259);
#3259 = CARTESIAN_POINT('',(0.89,-0.58,2.1));
#3260 = LINE('',#3261,#3262);
#3261 = CARTESIAN_POINT('',(0.89,-0.58,2.1));
#3262 = VECTOR('',#3263,1.);
#3263 = DIRECTION('',(1.,0.,0.));
#3264 = ORIENTED_EDGE('',*,*,#3265,.F.);
#3265 = EDGE_CURVE('',#3266,#3258,#3268,.T.);
#3266 = VERTEX_POINT('',#3267);
#3267 = CARTESIAN_POINT('',(0.59,-0.88,2.1));
#3268 = CIRCLE('',#3269,0.3);
#3269 = AXIS2_PLACEMENT_3D('',#3270,#3271,#3272);
#3270 = CARTESIAN_POINT('',(0.89,-0.88,2.1));
#3271 = DIRECTION('',(0.,0.,-1.));
#3272 = DIRECTION('',(1.,0.,0.));
#3273 = ORIENTED_EDGE('',*,*,#3274,.F.);
#3274 = EDGE_CURVE('',#3275,#3266,#3277,.T.);
#3275 = VERTEX_POINT('',#3276);
#3276 = CARTESIAN_POINT('',(0.59,-2.05,2.1));
#3277 = LINE('',#3278,#3279);
#3278 = CARTESIAN_POINT('',(0.59,-2.05,2.1));
#3279 = VECTOR('',#3280,1.);
#3280 = DIRECTION('',(0.,1.,0.));
#3281 = ORIENTED_EDGE('',*,*,#3282,.F.);
#3282 = EDGE_CURVE('',#3283,#3275,#3285,.T.);
#3283 = VERTEX_POINT('',#3284);
#3284 = CARTESIAN_POINT('',(-0.58,-2.05,2.1));
#3285 = LINE('',#3286,#3287);
#3286 = CARTESIAN_POINT('',(-0.58,-2.05,2.1));
#3287 = VECTOR('',#3288,1.);
#3288 = DIRECTION('',(1.,0.,0.));
#3289 = ORIENTED_EDGE('',*,*,#3290,.F.);
#3290 = EDGE_CURVE('',#3291,#3283,#3293,.T.);
#3291 = VERTEX_POINT('',#3292);
#3292 = CARTESIAN_POINT('',(-0.58,-0.89,2.1));
#3293 = LINE('',#3294,#3295);
#3294 = CARTESIAN_POINT('',(-0.58,-0.89,2.1));
#3295 = VECTOR('',#3296,1.);
#3296 = DIRECTION('',(0.,-1.,0.));
#3297 = ORIENTED_EDGE('',*,*,#3298,.F.);
#3298 = EDGE_CURVE('',#3176,#3291,#3299,.T.);
#3299 = CIRCLE('',#3300,0.3);
#3300 = AXIS2_PLACEMENT_3D('',#3301,#3302,#3303);
#3301 = CARTESIAN_POINT('',(-0.88,-0.89,2.1));
#3302 = DIRECTION('',(0.,0.,-1.));
#3303 = DIRECTION('',(1.,0.,0.));
#3304 = PLANE('',#3305);
#3305 = AXIS2_PLACEMENT_3D('',#3306,#3307,#3308);
#3306 = CARTESIAN_POINT('',(-1.9E-16,1.1E-16,2.1));
#3307 = DIRECTION('',(0.,0.,1.));
#3308 = DIRECTION('',(1.,0.,0.));
#3309 = ADVANCED_FACE('',(#3310),#3324,.T.);
#3310 = FACE_BOUND('',#3311,.T.);
#3311 = EDGE_LOOP('',(#3312,#3313,#3314,#3315,#3316,#3317,#3318,#3319,
    #3320,#3321,#3322,#3323));
#3312 = ORIENTED_EDGE('',*,*,#2901,.T.);
#3313 = ORIENTED_EDGE('',*,*,#2875,.T.);
#3314 = ORIENTED_EDGE('',*,*,#3154,.T.);
#3315 = ORIENTED_EDGE('',*,*,#3135,.T.);
#3316 = ORIENTED_EDGE('',*,*,#3109,.T.);
#3317 = ORIENTED_EDGE('',*,*,#3083,.T.);
#3318 = ORIENTED_EDGE('',*,*,#3057,.T.);
#3319 = ORIENTED_EDGE('',*,*,#3031,.T.);
#3320 = ORIENTED_EDGE('',*,*,#3005,.T.);
#3321 = ORIENTED_EDGE('',*,*,#2979,.T.);
#3322 = ORIENTED_EDGE('',*,*,#2953,.T.);
#3323 = ORIENTED_EDGE('',*,*,#2927,.T.);
#3324 = PLANE('',#3325);
#3325 = AXIS2_PLACEMENT_3D('',#3326,#3327,#3328);
#3326 = CARTESIAN_POINT('',(-7.1E-16,2.2E-16,10.));
#3327 = DIRECTION('',(0.,0.,1.));
#3328 = DIRECTION('',(1.,0.,0.));
#3329 = ADVANCED_FACE('',(#3330),#3355,.T.);
#3330 = FACE_BOUND('',#3331,.T.);
#3331 = EDGE_LOOP('',(#3332,#3340,#3348,#3354));
#3332 = ORIENTED_EDGE('',*,*,#3333,.T.);
#3333 = EDGE_CURVE('',#3174,#3334,#3336,.T.);
#3334 = VERTEX_POINT('',#3335);
#3335 = CARTESIAN_POINT('',(-2.05,-0.59,7.1));
#3336 = LINE('',#3337,#3338);
#3337 = CARTESIAN_POINT('',(-2.05,-0.59,2.1));
#3338 = VECTOR('',#3339,1.);
#3339 = DIRECTION('',(0.,0.,1.));
#3340 = ORIENTED_EDGE('',*,*,#3341,.T.);
#3341 = EDGE_CURVE('',#3334,#3342,#3344,.T.);
#3342 = VERTEX_POINT('',#3343);
#3343 = CARTESIAN_POINT('',(-0.88,-0.59,7.1));
#3344 = LINE('',#3345,#3346);
#3345 = CARTESIAN_POINT('',(-2.05,-0.59,7.1));
#3346 = VECTOR('',#3347,1.);
#3347 = DIRECTION('',(1.,0.,0.));
#3348 = ORIENTED_EDGE('',*,*,#3349,.F.);
#3349 = EDGE_CURVE('',#3176,#3342,#3350,.T.);
#3350 = LINE('',#3351,#3352);
#3351 = CARTESIAN_POINT('',(-0.88,-0.59,2.1));
#3352 = VECTOR('',#3353,1.);
#3353 = DIRECTION('',(0.,0.,1.));
#3354 = ORIENTED_EDGE('',*,*,#3173,.F.);
#3355 = PLANE('',#3356);
#3356 = AXIS2_PLACEMENT_3D('',#3357,#3358,#3359);
#3357 = CARTESIAN_POINT('',(-2.05,-0.59,2.1));
#3358 = DIRECTION('',(0.,1.,0.));
#3359 = DIRECTION('',(1.,0.,0.));
#3360 = ADVANCED_FACE('',(#3361),#3380,.T.);
#3361 = FACE_BOUND('',#3362,.T.);
#3362 = EDGE_LOOP('',(#3363,#3364,#3373,#3379));
#3363 = ORIENTED_EDGE('',*,*,#3349,.T.);
#3364 = ORIENTED_EDGE('',*,*,#3365,.T.);
#3365 = EDGE_CURVE('',#3342,#3366,#3368,.T.);
#3366 = VERTEX_POINT('',#3367);
#3367 = CARTESIAN_POINT('',(-0.58,-0.89,7.1));
#3368 = CIRCLE('',#3369,0.3);
#3369 = AXIS2_PLACEMENT_3D('',#3370,#3371,#3372);
#3370 = CARTESIAN_POINT('',(-0.88,-0.89,7.1));
#3371 = DIRECTION('',(0.,0.,-1.));
#3372 = DIRECTION('',(1.,0.,0.));
#3373 = ORIENTED_EDGE('',*,*,#3374,.F.);
#3374 = EDGE_CURVE('',#3291,#3366,#3375,.T.);
#3375 = LINE('',#3376,#3377);
#3376 = CARTESIAN_POINT('',(-0.58,-0.89,2.1));
#3377 = VECTOR('',#3378,1.);
#3378 = DIRECTION('',(0.,0.,1.));
#3379 = ORIENTED_EDGE('',*,*,#3298,.F.);
#3380 = CYLINDRICAL_SURFACE('',#3381,0.3);
#3381 = AXIS2_PLACEMENT_3D('',#3382,#3383,#3384);
#3382 = CARTESIAN_POINT('',(-0.88,-0.89,2.1));
#3383 = DIRECTION('',(0.,0.,-1.));
#3384 = DIRECTION('',(1.,0.,0.));
#3385 = ADVANCED_FACE('',(#3386),#3404,.T.);
#3386 = FACE_BOUND('',#3387,.T.);
#3387 = EDGE_LOOP('',(#3388,#3389,#3397,#3403));
#3388 = ORIENTED_EDGE('',*,*,#3374,.T.);
#3389 = ORIENTED_EDGE('',*,*,#3390,.T.);
#3390 = EDGE_CURVE('',#3366,#3391,#3393,.T.);
#3391 = VERTEX_POINT('',#3392);
#3392 = CARTESIAN_POINT('',(-0.58,-2.05,7.1));
#3393 = LINE('',#3394,#3395);
#3394 = CARTESIAN_POINT('',(-0.58,-0.89,7.1));
#3395 = VECTOR('',#3396,1.);
#3396 = DIRECTION('',(0.,-1.,0.));
#3397 = ORIENTED_EDGE('',*,*,#3398,.F.);
#3398 = EDGE_CURVE('',#3283,#3391,#3399,.T.);
#3399 = LINE('',#3400,#3401);
#3400 = CARTESIAN_POINT('',(-0.58,-2.05,2.1));
#3401 = VECTOR('',#3402,1.);
#3402 = DIRECTION('',(0.,0.,1.));
#3403 = ORIENTED_EDGE('',*,*,#3290,.F.);
#3404 = PLANE('',#3405);
#3405 = AXIS2_PLACEMENT_3D('',#3406,#3407,#3408);
#3406 = CARTESIAN_POINT('',(-0.58,-0.89,2.1));
#3407 = DIRECTION('',(1.,0.,0.));
#3408 = DIRECTION('',(0.,-1.,0.));
#3409 = ADVANCED_FACE('',(#3410),#3428,.T.);
#3410 = FACE_BOUND('',#3411,.T.);
#3411 = EDGE_LOOP('',(#3412,#3413,#3421,#3427));
#3412 = ORIENTED_EDGE('',*,*,#3398,.T.);
#3413 = ORIENTED_EDGE('',*,*,#3414,.T.);
#3414 = EDGE_CURVE('',#3391,#3415,#3417,.T.);
#3415 = VERTEX_POINT('',#3416);
#3416 = CARTESIAN_POINT('',(0.59,-2.05,7.1));
#3417 = LINE('',#3418,#3419);
#3418 = CARTESIAN_POINT('',(-0.58,-2.05,7.1));
#3419 = VECTOR('',#3420,1.);
#3420 = DIRECTION('',(1.,0.,0.));
#3421 = ORIENTED_EDGE('',*,*,#3422,.F.);
#3422 = EDGE_CURVE('',#3275,#3415,#3423,.T.);
#3423 = LINE('',#3424,#3425);
#3424 = CARTESIAN_POINT('',(0.59,-2.05,2.1));
#3425 = VECTOR('',#3426,1.);
#3426 = DIRECTION('',(0.,0.,1.));
#3427 = ORIENTED_EDGE('',*,*,#3282,.F.);
#3428 = PLANE('',#3429);
#3429 = AXIS2_PLACEMENT_3D('',#3430,#3431,#3432);
#3430 = CARTESIAN_POINT('',(-0.58,-2.05,2.1));
#3431 = DIRECTION('',(0.,1.,0.));
#3432 = DIRECTION('',(1.,0.,0.));
#3433 = ADVANCED_FACE('',(#3434),#3452,.T.);
#3434 = FACE_BOUND('',#3435,.T.);
#3435 = EDGE_LOOP('',(#3436,#3437,#3445,#3451));
#3436 = ORIENTED_EDGE('',*,*,#3422,.T.);
#3437 = ORIENTED_EDGE('',*,*,#3438,.T.);
#3438 = EDGE_CURVE('',#3415,#3439,#3441,.T.);
#3439 = VERTEX_POINT('',#3440);
#3440 = CARTESIAN_POINT('',(0.59,-0.88,7.1));
#3441 = LINE('',#3442,#3443);
#3442 = CARTESIAN_POINT('',(0.59,-2.05,7.1));
#3443 = VECTOR('',#3444,1.);
#3444 = DIRECTION('',(0.,1.,0.));
#3445 = ORIENTED_EDGE('',*,*,#3446,.F.);
#3446 = EDGE_CURVE('',#3266,#3439,#3447,.T.);
#3447 = LINE('',#3448,#3449);
#3448 = CARTESIAN_POINT('',(0.59,-0.88,2.1));
#3449 = VECTOR('',#3450,1.);
#3450 = DIRECTION('',(0.,0.,1.));
#3451 = ORIENTED_EDGE('',*,*,#3274,.F.);
#3452 = PLANE('',#3453);
#3453 = AXIS2_PLACEMENT_3D('',#3454,#3455,#3456);
#3454 = CARTESIAN_POINT('',(0.59,-2.05,2.1));
#3455 = DIRECTION('',(-1.,0.,0.));
#3456 = DIRECTION('',(0.,1.,0.));
#3457 = ADVANCED_FACE('',(#3458),#3477,.T.);
#3458 = FACE_BOUND('',#3459,.T.);
#3459 = EDGE_LOOP('',(#3460,#3461,#3470,#3476));
#3460 = ORIENTED_EDGE('',*,*,#3446,.T.);
#3461 = ORIENTED_EDGE('',*,*,#3462,.T.);
#3462 = EDGE_CURVE('',#3439,#3463,#3465,.T.);
#3463 = VERTEX_POINT('',#3464);
#3464 = CARTESIAN_POINT('',(0.89,-0.58,7.1));
#3465 = CIRCLE('',#3466,0.3);
#3466 = AXIS2_PLACEMENT_3D('',#3467,#3468,#3469);
#3467 = CARTESIAN_POINT('',(0.89,-0.88,7.1));
#3468 = DIRECTION('',(0.,0.,-1.));
#3469 = DIRECTION('',(1.,0.,0.));
#3470 = ORIENTED_EDGE('',*,*,#3471,.F.);
#3471 = EDGE_CURVE('',#3258,#3463,#3472,.T.);
#3472 = LINE('',#3473,#3474);
#3473 = CARTESIAN_POINT('',(0.89,-0.58,2.1));
#3474 = VECTOR('',#3475,1.);
#3475 = DIRECTION('',(0.,0.,1.));
#3476 = ORIENTED_EDGE('',*,*,#3265,.F.);
#3477 = CYLINDRICAL_SURFACE('',#3478,0.3);
#3478 = AXIS2_PLACEMENT_3D('',#3479,#3480,#3481);
#3479 = CARTESIAN_POINT('',(0.89,-0.88,2.1));
#3480 = DIRECTION('',(0.,0.,-1.));
#3481 = DIRECTION('',(1.,0.,0.));
#3482 = ADVANCED_FACE('',(#3483),#3501,.T.);
#3483 = FACE_BOUND('',#3484,.T.);
#3484 = EDGE_LOOP('',(#3485,#3486,#3494,#3500));
#3485 = ORIENTED_EDGE('',*,*,#3471,.T.);
#3486 = ORIENTED_EDGE('',*,*,#3487,.T.);
#3487 = EDGE_CURVE('',#3463,#3488,#3490,.T.);
#3488 = VERTEX_POINT('',#3489);
#3489 = CARTESIAN_POINT('',(2.05,-0.58,7.1));
#3490 = LINE('',#3491,#3492);
#3491 = CARTESIAN_POINT('',(0.89,-0.58,7.1));
#3492 = VECTOR('',#3493,1.);
#3493 = DIRECTION('',(1.,0.,0.));
#3494 = ORIENTED_EDGE('',*,*,#3495,.F.);
#3495 = EDGE_CURVE('',#3250,#3488,#3496,.T.);
#3496 = LINE('',#3497,#3498);
#3497 = CARTESIAN_POINT('',(2.05,-0.58,2.1));
#3498 = VECTOR('',#3499,1.);
#3499 = DIRECTION('',(0.,0.,1.));
#3500 = ORIENTED_EDGE('',*,*,#3257,.F.);
#3501 = PLANE('',#3502);
#3502 = AXIS2_PLACEMENT_3D('',#3503,#3504,#3505);
#3503 = CARTESIAN_POINT('',(0.89,-0.58,2.1));
#3504 = DIRECTION('',(0.,1.,0.));
#3505 = DIRECTION('',(1.,0.,0.));
#3506 = ADVANCED_FACE('',(#3507),#3525,.T.);
#3507 = FACE_BOUND('',#3508,.T.);
#3508 = EDGE_LOOP('',(#3509,#3510,#3518,#3524));
#3509 = ORIENTED_EDGE('',*,*,#3495,.T.);
#3510 = ORIENTED_EDGE('',*,*,#3511,.T.);
#3511 = EDGE_CURVE('',#3488,#3512,#3514,.T.);
#3512 = VERTEX_POINT('',#3513);
#3513 = CARTESIAN_POINT('',(2.05,0.59,7.1));
#3514 = LINE('',#3515,#3516);
#3515 = CARTESIAN_POINT('',(2.05,-0.58,7.1));
#3516 = VECTOR('',#3517,1.);
#3517 = DIRECTION('',(0.,1.,0.));
#3518 = ORIENTED_EDGE('',*,*,#3519,.F.);
#3519 = EDGE_CURVE('',#3242,#3512,#3520,.T.);
#3520 = LINE('',#3521,#3522);
#3521 = CARTESIAN_POINT('',(2.05,0.59,2.1));
#3522 = VECTOR('',#3523,1.);
#3523 = DIRECTION('',(0.,0.,1.));
#3524 = ORIENTED_EDGE('',*,*,#3249,.F.);
#3525 = PLANE('',#3526);
#3526 = AXIS2_PLACEMENT_3D('',#3527,#3528,#3529);
#3527 = CARTESIAN_POINT('',(2.05,-0.58,2.1));
#3528 = DIRECTION('',(-1.,0.,0.));
#3529 = DIRECTION('',(0.,1.,0.));
#3530 = ADVANCED_FACE('',(#3531),#3549,.T.);
#3531 = FACE_BOUND('',#3532,.T.);
#3532 = EDGE_LOOP('',(#3533,#3534,#3542,#3548));
#3533 = ORIENTED_EDGE('',*,*,#3519,.T.);
#3534 = ORIENTED_EDGE('',*,*,#3535,.T.);
#3535 = EDGE_CURVE('',#3512,#3536,#3538,.T.);
#3536 = VERTEX_POINT('',#3537);
#3537 = CARTESIAN_POINT('',(0.88,0.59,7.1));
#3538 = LINE('',#3539,#3540);
#3539 = CARTESIAN_POINT('',(2.05,0.59,7.1));
#3540 = VECTOR('',#3541,1.);
#3541 = DIRECTION('',(-1.,0.,0.));
#3542 = ORIENTED_EDGE('',*,*,#3543,.F.);
#3543 = EDGE_CURVE('',#3233,#3536,#3544,.T.);
#3544 = LINE('',#3545,#3546);
#3545 = CARTESIAN_POINT('',(0.88,0.59,2.1));
#3546 = VECTOR('',#3547,1.);
#3547 = DIRECTION('',(0.,0.,1.));
#3548 = ORIENTED_EDGE('',*,*,#3241,.F.);
#3549 = PLANE('',#3550);
#3550 = AXIS2_PLACEMENT_3D('',#3551,#3552,#3553);
#3551 = CARTESIAN_POINT('',(2.05,0.59,2.1));
#3552 = DIRECTION('',(0.,-1.,0.));
#3553 = DIRECTION('',(-1.,0.,0.));
#3554 = ADVANCED_FACE('',(#3555),#3574,.T.);
#3555 = FACE_BOUND('',#3556,.T.);
#3556 = EDGE_LOOP('',(#3557,#3558,#3567,#3573));
#3557 = ORIENTED_EDGE('',*,*,#3543,.T.);
#3558 = ORIENTED_EDGE('',*,*,#3559,.T.);
#3559 = EDGE_CURVE('',#3536,#3560,#3562,.T.);
#3560 = VERTEX_POINT('',#3561);
#3561 = CARTESIAN_POINT('',(0.58,0.89,7.1));
#3562 = CIRCLE('',#3563,0.3);
#3563 = AXIS2_PLACEMENT_3D('',#3564,#3565,#3566);
#3564 = CARTESIAN_POINT('',(0.88,0.89,7.1));
#3565 = DIRECTION('',(0.,0.,-1.));
#3566 = DIRECTION('',(1.,0.,0.));
#3567 = ORIENTED_EDGE('',*,*,#3568,.F.);
#3568 = EDGE_CURVE('',#3225,#3560,#3569,.T.);
#3569 = LINE('',#3570,#3571);
#3570 = CARTESIAN_POINT('',(0.58,0.89,2.1));
#3571 = VECTOR('',#3572,1.);
#3572 = DIRECTION('',(0.,0.,1.));
#3573 = ORIENTED_EDGE('',*,*,#3232,.F.);
#3574 = CYLINDRICAL_SURFACE('',#3575,0.3);
#3575 = AXIS2_PLACEMENT_3D('',#3576,#3577,#3578);
#3576 = CARTESIAN_POINT('',(0.88,0.89,2.1));
#3577 = DIRECTION('',(0.,0.,-1.));
#3578 = DIRECTION('',(1.,0.,0.));
#3579 = ADVANCED_FACE('',(#3580),#3598,.T.);
#3580 = FACE_BOUND('',#3581,.T.);
#3581 = EDGE_LOOP('',(#3582,#3583,#3591,#3597));
#3582 = ORIENTED_EDGE('',*,*,#3568,.T.);
#3583 = ORIENTED_EDGE('',*,*,#3584,.T.);
#3584 = EDGE_CURVE('',#3560,#3585,#3587,.T.);
#3585 = VERTEX_POINT('',#3586);
#3586 = CARTESIAN_POINT('',(0.58,2.05,7.1));
#3587 = LINE('',#3588,#3589);
#3588 = CARTESIAN_POINT('',(0.58,0.89,7.1));
#3589 = VECTOR('',#3590,1.);
#3590 = DIRECTION('',(0.,1.,0.));
#3591 = ORIENTED_EDGE('',*,*,#3592,.F.);
#3592 = EDGE_CURVE('',#3217,#3585,#3593,.T.);
#3593 = LINE('',#3594,#3595);
#3594 = CARTESIAN_POINT('',(0.58,2.05,2.1));
#3595 = VECTOR('',#3596,1.);
#3596 = DIRECTION('',(0.,0.,1.));
#3597 = ORIENTED_EDGE('',*,*,#3224,.F.);
#3598 = PLANE('',#3599);
#3599 = AXIS2_PLACEMENT_3D('',#3600,#3601,#3602);
#3600 = CARTESIAN_POINT('',(0.58,0.89,2.1));
#3601 = DIRECTION('',(-1.,0.,0.));
#3602 = DIRECTION('',(0.,1.,0.));
#3603 = ADVANCED_FACE('',(#3604),#3622,.T.);
#3604 = FACE_BOUND('',#3605,.T.);
#3605 = EDGE_LOOP('',(#3606,#3607,#3615,#3621));
#3606 = ORIENTED_EDGE('',*,*,#3592,.T.);
#3607 = ORIENTED_EDGE('',*,*,#3608,.T.);
#3608 = EDGE_CURVE('',#3585,#3609,#3611,.T.);
#3609 = VERTEX_POINT('',#3610);
#3610 = CARTESIAN_POINT('',(-0.59,2.05,7.1));
#3611 = LINE('',#3612,#3613);
#3612 = CARTESIAN_POINT('',(0.58,2.05,7.1));
#3613 = VECTOR('',#3614,1.);
#3614 = DIRECTION('',(-1.,0.,0.));
#3615 = ORIENTED_EDGE('',*,*,#3616,.F.);
#3616 = EDGE_CURVE('',#3209,#3609,#3617,.T.);
#3617 = LINE('',#3618,#3619);
#3618 = CARTESIAN_POINT('',(-0.59,2.05,2.1));
#3619 = VECTOR('',#3620,1.);
#3620 = DIRECTION('',(0.,0.,1.));
#3621 = ORIENTED_EDGE('',*,*,#3216,.F.);
#3622 = PLANE('',#3623);
#3623 = AXIS2_PLACEMENT_3D('',#3624,#3625,#3626);
#3624 = CARTESIAN_POINT('',(0.58,2.05,2.1));
#3625 = DIRECTION('',(0.,-1.,0.));
#3626 = DIRECTION('',(-1.,0.,0.));
#3627 = ADVANCED_FACE('',(#3628),#3646,.T.);
#3628 = FACE_BOUND('',#3629,.T.);
#3629 = EDGE_LOOP('',(#3630,#3631,#3639,#3645));
#3630 = ORIENTED_EDGE('',*,*,#3616,.T.);
#3631 = ORIENTED_EDGE('',*,*,#3632,.T.);
#3632 = EDGE_CURVE('',#3609,#3633,#3635,.T.);
#3633 = VERTEX_POINT('',#3634);
#3634 = CARTESIAN_POINT('',(-0.59,0.88,7.1));
#3635 = LINE('',#3636,#3637);
#3636 = CARTESIAN_POINT('',(-0.59,2.05,7.1));
#3637 = VECTOR('',#3638,1.);
#3638 = DIRECTION('',(0.,-1.,0.));
#3639 = ORIENTED_EDGE('',*,*,#3640,.F.);
#3640 = EDGE_CURVE('',#3200,#3633,#3641,.T.);
#3641 = LINE('',#3642,#3643);
#3642 = CARTESIAN_POINT('',(-0.59,0.88,2.1));
#3643 = VECTOR('',#3644,1.);
#3644 = DIRECTION('',(0.,0.,1.));
#3645 = ORIENTED_EDGE('',*,*,#3208,.F.);
#3646 = PLANE('',#3647);
#3647 = AXIS2_PLACEMENT_3D('',#3648,#3649,#3650);
#3648 = CARTESIAN_POINT('',(-0.59,2.05,2.1));
#3649 = DIRECTION('',(1.,0.,0.));
#3650 = DIRECTION('',(0.,-1.,0.));
#3651 = ADVANCED_FACE('',(#3652),#3671,.T.);
#3652 = FACE_BOUND('',#3653,.T.);
#3653 = EDGE_LOOP('',(#3654,#3655,#3664,#3670));
#3654 = ORIENTED_EDGE('',*,*,#3640,.T.);
#3655 = ORIENTED_EDGE('',*,*,#3656,.T.);
#3656 = EDGE_CURVE('',#3633,#3657,#3659,.T.);
#3657 = VERTEX_POINT('',#3658);
#3658 = CARTESIAN_POINT('',(-0.89,0.58,7.1));
#3659 = CIRCLE('',#3660,0.3);
#3660 = AXIS2_PLACEMENT_3D('',#3661,#3662,#3663);
#3661 = CARTESIAN_POINT('',(-0.89,0.88,7.1));
#3662 = DIRECTION('',(0.,0.,-1.));
#3663 = DIRECTION('',(1.,0.,0.));
#3664 = ORIENTED_EDGE('',*,*,#3665,.F.);
#3665 = EDGE_CURVE('',#3192,#3657,#3666,.T.);
#3666 = LINE('',#3667,#3668);
#3667 = CARTESIAN_POINT('',(-0.89,0.58,2.1));
#3668 = VECTOR('',#3669,1.);
#3669 = DIRECTION('',(0.,0.,1.));
#3670 = ORIENTED_EDGE('',*,*,#3199,.F.);
#3671 = CYLINDRICAL_SURFACE('',#3672,0.3);
#3672 = AXIS2_PLACEMENT_3D('',#3673,#3674,#3675);
#3673 = CARTESIAN_POINT('',(-0.89,0.88,2.1));
#3674 = DIRECTION('',(0.,0.,-1.));
#3675 = DIRECTION('',(1.,0.,0.));
#3676 = ADVANCED_FACE('',(#3677),#3695,.T.);
#3677 = FACE_BOUND('',#3678,.T.);
#3678 = EDGE_LOOP('',(#3679,#3680,#3688,#3694));
#3679 = ORIENTED_EDGE('',*,*,#3665,.T.);
#3680 = ORIENTED_EDGE('',*,*,#3681,.T.);
#3681 = EDGE_CURVE('',#3657,#3682,#3684,.T.);
#3682 = VERTEX_POINT('',#3683);
#3683 = CARTESIAN_POINT('',(-2.05,0.58,7.1));
#3684 = LINE('',#3685,#3686);
#3685 = CARTESIAN_POINT('',(-0.89,0.58,7.1));
#3686 = VECTOR('',#3687,1.);
#3687 = DIRECTION('',(-1.,0.,0.));
#3688 = ORIENTED_EDGE('',*,*,#3689,.F.);
#3689 = EDGE_CURVE('',#3184,#3682,#3690,.T.);
#3690 = LINE('',#3691,#3692);
#3691 = CARTESIAN_POINT('',(-2.05,0.58,2.1));
#3692 = VECTOR('',#3693,1.);
#3693 = DIRECTION('',(0.,0.,1.));
#3694 = ORIENTED_EDGE('',*,*,#3191,.F.);
#3695 = PLANE('',#3696);
#3696 = AXIS2_PLACEMENT_3D('',#3697,#3698,#3699);
#3697 = CARTESIAN_POINT('',(-0.89,0.58,2.1));
#3698 = DIRECTION('',(0.,-1.,0.));
#3699 = DIRECTION('',(-1.,0.,0.));
#3700 = ADVANCED_FACE('',(#3701),#3712,.T.);
#3701 = FACE_BOUND('',#3702,.T.);
#3702 = EDGE_LOOP('',(#3703,#3704,#3710,#3711));
#3703 = ORIENTED_EDGE('',*,*,#3689,.T.);
#3704 = ORIENTED_EDGE('',*,*,#3705,.T.);
#3705 = EDGE_CURVE('',#3682,#3334,#3706,.T.);
#3706 = LINE('',#3707,#3708);
#3707 = CARTESIAN_POINT('',(-2.05,0.58,7.1));
#3708 = VECTOR('',#3709,1.);
#3709 = DIRECTION('',(0.,-1.,0.));
#3710 = ORIENTED_EDGE('',*,*,#3333,.F.);
#3711 = ORIENTED_EDGE('',*,*,#3183,.F.);
#3712 = PLANE('',#3713);
#3713 = AXIS2_PLACEMENT_3D('',#3714,#3715,#3716);
#3714 = CARTESIAN_POINT('',(-2.05,0.58,2.1));
#3715 = DIRECTION('',(1.,0.,0.));
#3716 = DIRECTION('',(0.,-1.,0.));
#3717 = ADVANCED_FACE('',(#3718),#3736,.F.);
#3718 = FACE_BOUND('',#3719,.F.);
#3719 = EDGE_LOOP('',(#3720,#3721,#3722,#3723,#3724,#3725,#3726,#3727,
    #3728,#3729,#3730,#3731,#3732,#3733,#3734,#3735));
#3720 = ORIENTED_EDGE('',*,*,#3341,.T.);
#3721 = ORIENTED_EDGE('',*,*,#3365,.T.);
#3722 = ORIENTED_EDGE('',*,*,#3390,.T.);
#3723 = ORIENTED_EDGE('',*,*,#3414,.T.);
#3724 = ORIENTED_EDGE('',*,*,#3438,.T.);
#3725 = ORIENTED_EDGE('',*,*,#3462,.T.);
#3726 = ORIENTED_EDGE('',*,*,#3487,.T.);
#3727 = ORIENTED_EDGE('',*,*,#3511,.T.);
#3728 = ORIENTED_EDGE('',*,*,#3535,.T.);
#3729 = ORIENTED_EDGE('',*,*,#3559,.T.);
#3730 = ORIENTED_EDGE('',*,*,#3584,.T.);
#3731 = ORIENTED_EDGE('',*,*,#3608,.T.);
#3732 = ORIENTED_EDGE('',*,*,#3632,.T.);
#3733 = ORIENTED_EDGE('',*,*,#3656,.T.);
#3734 = ORIENTED_EDGE('',*,*,#3681,.T.);
#3735 = ORIENTED_EDGE('',*,*,#3705,.T.);
#3736 = PLANE('',#3737);
#3737 = AXIS2_PLACEMENT_3D('',#3738,#3739,#3740);
#3738 = CARTESIAN_POINT('',(0.,-6.5E-16,7.1));
#3739 = DIRECTION('',(0.,0.,1.));
#3740 = DIRECTION('',(1.,0.,0.));
#3741 = ( GEOMETRIC_REPRESENTATION_CONTEXT(3) 
GLOBAL_UNCERTAINTY_ASSIGNED_CONTEXT((#3745)) 
GLOBAL_UNIT_ASSIGNED_CONTEXT((#3742,#3743,#3744)) REPRESENTATION_CONTEXT
('Context #1','3D Context with UNIT and UNCERTAINTY') );
#3742 = ( LENGTH_UNIT() NAMED_UNIT(*) SI_UNIT(.MILLI.,.METRE.) );
#3743 = ( NAMED_UNIT(*) PLANE_ANGLE_UNIT() SI_UNIT($,.RADIAN.) );
#3744 = ( NAMED_UNIT(*) SI_UNIT($,.STERADIAN.) SOLID_ANGLE_UNIT() );
#3745 = UNCERTAINTY_MEASURE_WITH_UNIT(LENGTH_MEASURE(2.E-07),#3742,
  'distance_accuracy_value','confusion accuracy');
#3746 = CONTEXT_DEPENDENT_SHAPE_REPRESENTATION(#3747,#3749);
#3747 = ( REPRESENTATION_RELATIONSHIP('','',#40,#10) 
REPRESENTATION_RELATIONSHIP_WITH_TRANSFORMATION(#3748) 
SHAPE_REPRESENTATION_RELATIONSHIP() );
#3748 = ITEM_DEFINED_TRANSFORMATION('','',#11,#15);
#3749 = PRODUCT_DEFINITION_SHAPE('Placement','Placement of an item',
  #3750);
#3750 = NEXT_ASSEMBLY_USAGE_OCCURRENCE('96','Body','',#5,#35,$);
#3751 = PRODUCT_RELATED_PRODUCT_CATEGORY('part',$,(#37));
#3752 = SHAPE_DEFINITION_REPRESENTATION(#3753,#3759);
#3753 = PRODUCT_DEFINITION_SHAPE('','',#3754);
#3754 = PRODUCT_DEFINITION('design','',#3755,#3758);
#3755 = PRODUCT_DEFINITION_FORMATION('','',#3756);
#3756 = PRODUCT('Extrude','Extrude','',(#3757));
#3757 = PRODUCT_CONTEXT('',#2,'mechanical');
#3758 = PRODUCT_DEFINITION_CONTEXT('part definition',#2,'design');
#3759 = ADVANCED_BREP_SHAPE_REPRESENTATION('',(#11,#3760),#5071);
#3760 = MANIFOLD_SOLID_BREP('',#3761);
#3761 = CLOSED_SHELL('',(#3762,#3804,#3835,#3868,#3901,#3932,#3965,#3998
    ,#4031,#4064,#4097,#4130,#4163,#4196,#4229,#4262,#4295,#4328,#4361,
    #4394,#4427,#4460,#4491,#4524,#4557,#4581,#4623,#4656,#4689,#4722,
    #4755,#4788,#4821,#4854,#4887,#4920,#4953,#4977,#5024));
#3762 = ADVANCED_FACE('',(#3763),#3797,.F.);
#3763 = FACE_BOUND('',#3764,.F.);
#3764 = EDGE_LOOP('',(#3765,#3775,#3783,#3791));
#3765 = ORIENTED_EDGE('',*,*,#3766,.T.);
#3766 = EDGE_CURVE('',#3767,#3769,#3771,.T.);
#3767 = VERTEX_POINT('',#3768);
#3768 = CARTESIAN_POINT('',(-3.441728386647,-0.383382789318,10.));
#3769 = VERTEX_POINT('',#3770);
#3770 = CARTESIAN_POINT('',(-3.441728386647,-0.383382789318,9.6));
#3771 = LINE('',#3772,#3773);
#3772 = CARTESIAN_POINT('',(-3.441728386647,-0.383382789318,10.));
#3773 = VECTOR('',#3774,1.);
#3774 = DIRECTION('',(0.,0.,-1.));
#3775 = ORIENTED_EDGE('',*,*,#3776,.T.);
#3776 = EDGE_CURVE('',#3769,#3777,#3779,.T.);
#3777 = VERTEX_POINT('',#3778);
#3778 = CARTESIAN_POINT('',(-3.561424232344,-0.331454005935,9.6));
#3779 = B_SPLINE_CURVE_WITH_KNOTS('',2,(#3780,#3781,#3782),
  .UNSPECIFIED.,.F.,.F.,(3,3),(0.,1.),.PIECEWISE_BEZIER_KNOTS.);
#3780 = CARTESIAN_POINT('',(-3.441728386647,-0.383382789318,9.6));
#3781 = CARTESIAN_POINT('',(-3.513390107715,-0.383382789318,9.6));
#3782 = CARTESIAN_POINT('',(-3.561424232344,-0.331454005935,9.6));
#3783 = ORIENTED_EDGE('',*,*,#3784,.F.);
#3784 = EDGE_CURVE('',#3785,#3777,#3787,.T.);
#3785 = VERTEX_POINT('',#3786);
#3786 = CARTESIAN_POINT('',(-3.561424232344,-0.331454005935,10.));
#3787 = LINE('',#3788,#3789);
#3788 = CARTESIAN_POINT('',(-3.561424232344,-0.331454005935,10.));
#3789 = VECTOR('',#3790,1.);
#3790 = DIRECTION('',(0.,0.,-1.));
#3791 = ORIENTED_EDGE('',*,*,#3792,.F.);
#3792 = EDGE_CURVE('',#3767,#3785,#3793,.T.);
#3793 = B_SPLINE_CURVE_WITH_KNOTS('',2,(#3794,#3795,#3796),
  .UNSPECIFIED.,.F.,.F.,(3,3),(0.,1.),.PIECEWISE_BEZIER_KNOTS.);
#3794 = CARTESIAN_POINT('',(-3.441728386647,-0.383382789318,10.));
#3795 = CARTESIAN_POINT('',(-3.513390107715,-0.383382789318,10.));
#3796 = CARTESIAN_POINT('',(-3.561424232344,-0.331454005935,10.));
#3797 = SURFACE_OF_LINEAR_EXTRUSION('',#3798,#3802);
#3798 = B_SPLINE_CURVE_WITH_KNOTS('',2,(#3799,#3800,#3801),
  .UNSPECIFIED.,.F.,.F.,(3,3),(0.,1.),.PIECEWISE_BEZIER_KNOTS.);
#3799 = CARTESIAN_POINT('',(-3.441728386647,-0.383382789318,10.));
#3800 = CARTESIAN_POINT('',(-3.513390107715,-0.383382789318,10.));
#3801 = CARTESIAN_POINT('',(-3.561424232344,-0.331454005935,10.));
#3802 = VECTOR('',#3803,1.);
#3803 = DIRECTION('',(-0.,-0.,1.));
#3804 = ADVANCED_FACE('',(#3805),#3830,.F.);
#3805 = FACE_BOUND('',#3806,.F.);
#3806 = EDGE_LOOP('',(#3807,#3817,#3823,#3824));
#3807 = ORIENTED_EDGE('',*,*,#3808,.T.);
#3808 = EDGE_CURVE('',#3809,#3811,#3813,.T.);
#3809 = VERTEX_POINT('',#3810);
#3810 = CARTESIAN_POINT('',(-2.381082986053,-0.383382789318,10.));
#3811 = VERTEX_POINT('',#3812);
#3812 = CARTESIAN_POINT('',(-2.381082986053,-0.383382789318,9.6));
#3813 = LINE('',#3814,#3815);
#3814 = CARTESIAN_POINT('',(-2.381082986053,-0.383382789318,10.));
#3815 = VECTOR('',#3816,1.);
#3816 = DIRECTION('',(0.,0.,-1.));
#3817 = ORIENTED_EDGE('',*,*,#3818,.T.);
#3818 = EDGE_CURVE('',#3811,#3769,#3819,.T.);
#3819 = LINE('',#3820,#3821);
#3820 = CARTESIAN_POINT('',(-2.381082986053,-0.383382789318,9.6));
#3821 = VECTOR('',#3822,1.);
#3822 = DIRECTION('',(-1.,0.,0.));
#3823 = ORIENTED_EDGE('',*,*,#3766,.F.);
#3824 = ORIENTED_EDGE('',*,*,#3825,.F.);
#3825 = EDGE_CURVE('',#3809,#3767,#3826,.T.);
#3826 = LINE('',#3827,#3828);
#3827 = CARTESIAN_POINT('',(-2.381082986053,-0.383382789318,10.));
#3828 = VECTOR('',#3829,1.);
#3829 = DIRECTION('',(-1.,0.,0.));
#3830 = PLANE('',#3831);
#3831 = AXIS2_PLACEMENT_3D('',#3832,#3833,#3834);
#3832 = CARTESIAN_POINT('',(-2.381082986053,-0.383382789318,10.));
#3833 = DIRECTION('',(0.,1.,0.));
#3834 = DIRECTION('',(-1.,0.,0.));
#3835 = ADVANCED_FACE('',(#3836),#3861,.F.);
#3836 = FACE_BOUND('',#3837,.F.);
#3837 = EDGE_LOOP('',(#3838,#3848,#3854,#3855));
#3838 = ORIENTED_EDGE('',*,*,#3839,.T.);
#3839 = EDGE_CURVE('',#3840,#3842,#3844,.T.);
#3840 = VERTEX_POINT('',#3841);
#3841 = CARTESIAN_POINT('',(-2.189725419288,-0.323664688427,10.));
#3842 = VERTEX_POINT('',#3843);
#3843 = CARTESIAN_POINT('',(-2.189725419288,-0.323664688427,9.6));
#3844 = LINE('',#3845,#3846);
#3845 = CARTESIAN_POINT('',(-2.189725419288,-0.323664688427,10.));
#3846 = VECTOR('',#3847,1.);
#3847 = DIRECTION('',(0.,0.,-1.));
#3848 = ORIENTED_EDGE('',*,*,#3849,.T.);
#3849 = EDGE_CURVE('',#3842,#3811,#3850,.T.);
#3850 = B_SPLINE_CURVE_WITH_KNOTS('',2,(#3851,#3852,#3853),
  .UNSPECIFIED.,.F.,.F.,(3,3),(0.,1.),.PIECEWISE_BEZIER_KNOTS.);
#3851 = CARTESIAN_POINT('',(-2.189725419288,-0.323664688427,9.6));
#3852 = CARTESIAN_POINT('',(-2.253338178932,-0.383382789318,9.6));
#3853 = CARTESIAN_POINT('',(-2.381082986053,-0.383382789318,9.6));
#3854 = ORIENTED_EDGE('',*,*,#3808,.F.);
#3855 = ORIENTED_EDGE('',*,*,#3856,.F.);
#3856 = EDGE_CURVE('',#3840,#3809,#3857,.T.);
#3857 = B_SPLINE_CURVE_WITH_KNOTS('',2,(#3858,#3859,#3860),
  .UNSPECIFIED.,.F.,.F.,(3,3),(0.,1.),.PIECEWISE_BEZIER_KNOTS.);
#3858 = CARTESIAN_POINT('',(-2.189725419288,-0.323664688427,10.));
#3859 = CARTESIAN_POINT('',(-2.253338178932,-0.383382789318,10.));
#3860 = CARTESIAN_POINT('',(-2.381082986053,-0.383382789318,10.));
#3861 = SURFACE_OF_LINEAR_EXTRUSION('',#3862,#3866);
#3862 = B_SPLINE_CURVE_WITH_KNOTS('',2,(#3863,#3864,#3865),
  .UNSPECIFIED.,.F.,.F.,(3,3),(0.,1.),.PIECEWISE_BEZIER_KNOTS.);
#3863 = CARTESIAN_POINT('',(-2.189725419288,-0.323664688427,10.));
#3864 = CARTESIAN_POINT('',(-2.253338178932,-0.383382789318,10.));
#3865 = CARTESIAN_POINT('',(-2.381082986053,-0.383382789318,10.));
#3866 = VECTOR('',#3867,1.);
#3867 = DIRECTION('',(-0.,-0.,1.));
#3868 = ADVANCED_FACE('',(#3869),#3894,.F.);
#3869 = FACE_BOUND('',#3870,.F.);
#3870 = EDGE_LOOP('',(#3871,#3881,#3887,#3888));
#3871 = ORIENTED_EDGE('',*,*,#3872,.T.);
#3872 = EDGE_CURVE('',#3873,#3875,#3877,.T.);
#3873 = VERTEX_POINT('',#3874);
#3874 = CARTESIAN_POINT('',(-2.093916813947,-0.223701780415,10.));
#3875 = VERTEX_POINT('',#3876);
#3876 = CARTESIAN_POINT('',(-2.093916813947,-0.223701780415,9.6));
#3877 = LINE('',#3878,#3879);
#3878 = CARTESIAN_POINT('',(-2.093916813947,-0.223701780415,10.));
#3879 = VECTOR('',#3880,1.);
#3880 = DIRECTION('',(0.,0.,-1.));
#3881 = ORIENTED_EDGE('',*,*,#3882,.T.);
#3882 = EDGE_CURVE('',#3875,#3842,#3883,.T.);
#3883 = B_SPLINE_CURVE_WITH_KNOTS('',2,(#3884,#3885,#3886),
  .UNSPECIFIED.,.F.,.F.,(3,3),(0.,1.),.PIECEWISE_BEZIER_KNOTS.);
#3884 = CARTESIAN_POINT('',(-2.093916813947,-0.223701780415,9.6));
#3885 = CARTESIAN_POINT('',(-2.125853015727,-0.26368694362,9.6));
#3886 = CARTESIAN_POINT('',(-2.189725419288,-0.323664688427,9.6));
#3887 = ORIENTED_EDGE('',*,*,#3839,.F.);
#3888 = ORIENTED_EDGE('',*,*,#3889,.F.);
#3889 = EDGE_CURVE('',#3873,#3840,#3890,.T.);
#3890 = B_SPLINE_CURVE_WITH_KNOTS('',2,(#3891,#3892,#3893),
  .UNSPECIFIED.,.F.,.F.,(3,3),(0.,1.),.PIECEWISE_BEZIER_KNOTS.);
#3891 = CARTESIAN_POINT('',(-2.093916813947,-0.223701780415,10.));
#3892 = CARTESIAN_POINT('',(-2.125853015727,-0.26368694362,10.));
#3893 = CARTESIAN_POINT('',(-2.189725419288,-0.323664688427,10.));
#3894 = SURFACE_OF_LINEAR_EXTRUSION('',#3895,#3899);
#3895 = B_SPLINE_CURVE_WITH_KNOTS('',2,(#3896,#3897,#3898),
  .UNSPECIFIED.,.F.,.F.,(3,3),(0.,1.),.PIECEWISE_BEZIER_KNOTS.);
#3896 = CARTESIAN_POINT('',(-2.093916813947,-0.223701780415,10.));
#3897 = CARTESIAN_POINT('',(-2.125853015727,-0.26368694362,10.));
#3898 = CARTESIAN_POINT('',(-2.189725419288,-0.323664688427,10.));
#3899 = VECTOR('',#3900,1.);
#3900 = DIRECTION('',(-0.,-0.,1.));
#3901 = ADVANCED_FACE('',(#3902),#3927,.F.);
#3902 = FACE_BOUND('',#3903,.F.);
#3903 = EDGE_LOOP('',(#3904,#3914,#3920,#3921));
#3904 = ORIENTED_EDGE('',*,*,#3905,.T.);
#3905 = EDGE_CURVE('',#3906,#3908,#3910,.T.);
#3906 = VERTEX_POINT('',#3907);
#3907 = CARTESIAN_POINT('',(-0.817766962315,1.523961424332,10.));
#3908 = VERTEX_POINT('',#3909);
#3909 = CARTESIAN_POINT('',(-0.817766962315,1.523961424332,9.6));
#3910 = LINE('',#3911,#3912);
#3911 = CARTESIAN_POINT('',(-0.817766962315,1.523961424332,10.));
#3912 = VECTOR('',#3913,1.);
#3913 = DIRECTION('',(0.,0.,-1.));
#3914 = ORIENTED_EDGE('',*,*,#3915,.T.);
#3915 = EDGE_CURVE('',#3908,#3875,#3916,.T.);
#3916 = LINE('',#3917,#3918);
#3917 = CARTESIAN_POINT('',(-0.817766962315,1.523961424332,9.6));
#3918 = VECTOR('',#3919,1.);
#3919 = DIRECTION('',(-0.589718731036,-0.807608703683,0.));
#3920 = ORIENTED_EDGE('',*,*,#3872,.F.);
#3921 = ORIENTED_EDGE('',*,*,#3922,.F.);
#3922 = EDGE_CURVE('',#3906,#3873,#3923,.T.);
#3923 = LINE('',#3924,#3925);
#3924 = CARTESIAN_POINT('',(-0.817766962315,1.523961424332,10.));
#3925 = VECTOR('',#3926,1.);
#3926 = DIRECTION('',(-0.589718731036,-0.807608703683,0.));
#3927 = PLANE('',#3928);
#3928 = AXIS2_PLACEMENT_3D('',#3929,#3930,#3931);
#3929 = CARTESIAN_POINT('',(-0.817766962315,1.523961424332,10.));
#3930 = DIRECTION('',(-0.807608703683,0.589718731036,0.));
#3931 = DIRECTION('',(-0.589718731036,-0.807608703683,0.));
#3932 = ADVANCED_FACE('',(#3933),#3958,.F.);
#3933 = FACE_BOUND('',#3934,.F.);
#3934 = EDGE_LOOP('',(#3935,#3945,#3951,#3952));
#3935 = ORIENTED_EDGE('',*,*,#3936,.T.);
#3936 = EDGE_CURVE('',#3937,#3939,#3941,.T.);
#3937 = VERTEX_POINT('',#3938);
#3938 = CARTESIAN_POINT('',(-0.43115717003,2.078820474777,10.));
#3939 = VERTEX_POINT('',#3940);
#3940 = CARTESIAN_POINT('',(-0.43115717003,2.078820474777,9.6));
#3941 = LINE('',#3942,#3943);
#3942 = CARTESIAN_POINT('',(-0.43115717003,2.078820474777,10.));
#3943 = VECTOR('',#3944,1.);
#3944 = DIRECTION('',(0.,0.,-1.));
#3945 = ORIENTED_EDGE('',*,*,#3946,.T.);
#3946 = EDGE_CURVE('',#3939,#3908,#3947,.T.);
#3947 = B_SPLINE_CURVE_WITH_KNOTS('',2,(#3948,#3949,#3950),
  .UNSPECIFIED.,.F.,.F.,(3,3),(0.,1.),.PIECEWISE_BEZIER_KNOTS.);
#3948 = CARTESIAN_POINT('',(-0.43115717003,2.078820474777,9.6));
#3949 = CARTESIAN_POINT('',(-0.618620078042,1.803338278932,9.6));
#3950 = CARTESIAN_POINT('',(-0.817766962315,1.523961424332,9.6));
#3951 = ORIENTED_EDGE('',*,*,#3905,.F.);
#3952 = ORIENTED_EDGE('',*,*,#3953,.F.);
#3953 = EDGE_CURVE('',#3937,#3906,#3954,.T.);
#3954 = B_SPLINE_CURVE_WITH_KNOTS('',2,(#3955,#3956,#3957),
  .UNSPECIFIED.,.F.,.F.,(3,3),(0.,1.),.PIECEWISE_BEZIER_KNOTS.);
#3955 = CARTESIAN_POINT('',(-0.43115717003,2.078820474777,10.));
#3956 = CARTESIAN_POINT('',(-0.618620078042,1.803338278932,10.));
#3957 = CARTESIAN_POINT('',(-0.817766962315,1.523961424332,10.));
#3958 = SURFACE_OF_LINEAR_EXTRUSION('',#3959,#3963);
#3959 = B_SPLINE_CURVE_WITH_KNOTS('',2,(#3960,#3961,#3962),
  .UNSPECIFIED.,.F.,.F.,(3,3),(0.,1.),.PIECEWISE_BEZIER_KNOTS.);
#3960 = CARTESIAN_POINT('',(-0.43115717003,2.078820474777,10.));
#3961 = CARTESIAN_POINT('',(-0.618620078042,1.803338278932,10.));
#3962 = CARTESIAN_POINT('',(-0.817766962315,1.523961424332,10.));
#3963 = VECTOR('',#3964,1.);
#3964 = DIRECTION('',(-0.,-0.,1.));
#3965 = ADVANCED_FACE('',(#3966),#3991,.F.);
#3966 = FACE_BOUND('',#3967,.F.);
#3967 = EDGE_LOOP('',(#3968,#3978,#3984,#3985));
#3968 = ORIENTED_EDGE('',*,*,#3969,.T.);
#3969 = EDGE_CURVE('',#3970,#3972,#3974,.T.);
#3970 = VERTEX_POINT('',#3971);
#3971 = CARTESIAN_POINT('',(-0.112054796142,2.665356083086,10.));
#3972 = VERTEX_POINT('',#3973);
#3973 = CARTESIAN_POINT('',(-0.112054796142,2.665356083086,9.6));
#3974 = LINE('',#3975,#3976);
#3975 = CARTESIAN_POINT('',(-0.112054796142,2.665356083086,10.));
#3976 = VECTOR('',#3977,1.);
#3977 = DIRECTION('',(0.,0.,-1.));
#3978 = ORIENTED_EDGE('',*,*,#3979,.T.);
#3979 = EDGE_CURVE('',#3972,#3939,#3980,.T.);
#3980 = B_SPLINE_CURVE_WITH_KNOTS('',2,(#3981,#3982,#3983),
  .UNSPECIFIED.,.F.,.F.,(3,3),(0.,1.),.PIECEWISE_BEZIER_KNOTS.);
#3981 = CARTESIAN_POINT('',(-0.112054796142,2.665356083086,9.6));
#3982 = CARTESIAN_POINT('',(-0.243694262018,2.354302670623,9.6));
#3983 = CARTESIAN_POINT('',(-0.43115717003,2.078820474777,9.6));
#3984 = ORIENTED_EDGE('',*,*,#3936,.F.);
#3985 = ORIENTED_EDGE('',*,*,#3986,.F.);
#3986 = EDGE_CURVE('',#3970,#3937,#3987,.T.);
#3987 = B_SPLINE_CURVE_WITH_KNOTS('',2,(#3988,#3989,#3990),
  .UNSPECIFIED.,.F.,.F.,(3,3),(0.,1.),.PIECEWISE_BEZIER_KNOTS.);
#3988 = CARTESIAN_POINT('',(-0.112054796142,2.665356083086,10.));
#3989 = CARTESIAN_POINT('',(-0.243694262018,2.354302670623,10.));
#3990 = CARTESIAN_POINT('',(-0.43115717003,2.078820474777,10.));
#3991 = SURFACE_OF_LINEAR_EXTRUSION('',#3992,#3996);
#3992 = B_SPLINE_CURVE_WITH_KNOTS('',2,(#3993,#3994,#3995),
  .UNSPECIFIED.,.F.,.F.,(3,3),(0.,1.),.PIECEWISE_BEZIER_KNOTS.);
#3993 = CARTESIAN_POINT('',(-0.112054796142,2.665356083086,10.));
#3994 = CARTESIAN_POINT('',(-0.243694262018,2.354302670623,10.));
#3995 = CARTESIAN_POINT('',(-0.43115717003,2.078820474777,10.));
#3996 = VECTOR('',#3997,1.);
#3997 = DIRECTION('',(-0.,-0.,1.));
#3998 = ADVANCED_FACE('',(#3999),#4024,.F.);
#3999 = FACE_BOUND('',#4000,.F.);
#4000 = EDGE_LOOP('',(#4001,#4011,#4017,#4018));
#4001 = ORIENTED_EDGE('',*,*,#4002,.T.);
#4002 = EDGE_CURVE('',#4003,#4005,#4007,.T.);
#4003 = VERTEX_POINT('',#4004);
#4004 = CARTESIAN_POINT('',(1.958466973294E-02,3.343805637982,10.));
#4005 = VERTEX_POINT('',#4006);
#4006 = CARTESIAN_POINT('',(1.958466973294E-02,3.343805637982,9.6));
#4007 = LINE('',#4008,#4009);
#4008 = CARTESIAN_POINT('',(1.958466973294E-02,3.343805637982,10.));
#4009 = VECTOR('',#4010,1.);
#4010 = DIRECTION('',(0.,0.,-1.));
#4011 = ORIENTED_EDGE('',*,*,#4012,.T.);
#4012 = EDGE_CURVE('',#4005,#3972,#4013,.T.);
#4013 = B_SPLINE_CURVE_WITH_KNOTS('',2,(#4014,#4015,#4016),
  .UNSPECIFIED.,.F.,.F.,(3,3),(0.,1.),.PIECEWISE_BEZIER_KNOTS.);
#4014 = CARTESIAN_POINT('',(1.958466973294E-02,3.343805637982,9.6));
#4015 = CARTESIAN_POINT('',(1.958466973294E-02,2.976409495549,9.6));
#4016 = CARTESIAN_POINT('',(-0.112054796142,2.665356083086,9.6));
#4017 = ORIENTED_EDGE('',*,*,#3969,.F.);
#4018 = ORIENTED_EDGE('',*,*,#4019,.F.);
#4019 = EDGE_CURVE('',#4003,#3970,#4020,.T.);
#4020 = B_SPLINE_CURVE_WITH_KNOTS('',2,(#4021,#4022,#4023),
  .UNSPECIFIED.,.F.,.F.,(3,3),(0.,1.),.PIECEWISE_BEZIER_KNOTS.);
#4021 = CARTESIAN_POINT('',(1.958466973294E-02,3.343805637982,10.));
#4022 = CARTESIAN_POINT('',(1.958466973294E-02,2.976409495549,10.));
#4023 = CARTESIAN_POINT('',(-0.112054796142,2.665356083086,10.));
#4024 = SURFACE_OF_LINEAR_EXTRUSION('',#4025,#4029);
#4025 = B_SPLINE_CURVE_WITH_KNOTS('',2,(#4026,#4027,#4028),
  .UNSPECIFIED.,.F.,.F.,(3,3),(0.,1.),.PIECEWISE_BEZIER_KNOTS.);
#4026 = CARTESIAN_POINT('',(1.958466973294E-02,3.343805637982,10.));
#4027 = CARTESIAN_POINT('',(1.958466973294E-02,2.976409495549,10.));
#4028 = CARTESIAN_POINT('',(-0.112054796142,2.665356083086,10.));
#4029 = VECTOR('',#4030,1.);
#4030 = DIRECTION('',(-0.,-0.,1.));
#4031 = ADVANCED_FACE('',(#4032),#4057,.F.);
#4032 = FACE_BOUND('',#4033,.F.);
#4033 = EDGE_LOOP('',(#4034,#4044,#4050,#4051));
#4034 = ORIENTED_EDGE('',*,*,#4035,.T.);
#4035 = EDGE_CURVE('',#4036,#4038,#4040,.T.);
#4036 = VERTEX_POINT('',#4037);
#4037 = CARTESIAN_POINT('',(-0.132047377745,4.0978115727,10.));
#4038 = VERTEX_POINT('',#4039);
#4039 = CARTESIAN_POINT('',(-0.132047377745,4.0978115727,9.6));
#4040 = LINE('',#4041,#4042);
#4041 = CARTESIAN_POINT('',(-0.132047377745,4.0978115727,10.));
#4042 = VECTOR('',#4043,1.);
#4043 = DIRECTION('',(0.,0.,-1.));
#4044 = ORIENTED_EDGE('',*,*,#4045,.T.);
#4045 = EDGE_CURVE('',#4038,#4005,#4046,.T.);
#4046 = B_SPLINE_CURVE_WITH_KNOTS('',2,(#4047,#4048,#4049),
  .UNSPECIFIED.,.F.,.F.,(3,3),(0.,1.),.PIECEWISE_BEZIER_KNOTS.);
#4047 = CARTESIAN_POINT('',(-0.132047377745,4.0978115727,9.6));
#4048 = CARTESIAN_POINT('',(1.958466973294E-02,3.742618694362,9.6));
#4049 = CARTESIAN_POINT('',(1.958466973294E-02,3.343805637982,9.6));
#4050 = ORIENTED_EDGE('',*,*,#4002,.F.);
#4051 = ORIENTED_EDGE('',*,*,#4052,.F.);
#4052 = EDGE_CURVE('',#4036,#4003,#4053,.T.);
#4053 = B_SPLINE_CURVE_WITH_KNOTS('',2,(#4054,#4055,#4056),
  .UNSPECIFIED.,.F.,.F.,(3,3),(0.,1.),.PIECEWISE_BEZIER_KNOTS.);
#4054 = CARTESIAN_POINT('',(-0.132047377745,4.0978115727,10.));
#4055 = CARTESIAN_POINT('',(1.958466973294E-02,3.742618694362,10.));
#4056 = CARTESIAN_POINT('',(1.958466973294E-02,3.343805637982,10.));
#4057 = SURFACE_OF_LINEAR_EXTRUSION('',#4058,#4062);
#4058 = B_SPLINE_CURVE_WITH_KNOTS('',2,(#4059,#4060,#4061),
  .UNSPECIFIED.,.F.,.F.,(3,3),(0.,1.),.PIECEWISE_BEZIER_KNOTS.);
#4059 = CARTESIAN_POINT('',(-0.132047377745,4.0978115727,10.));
#4060 = CARTESIAN_POINT('',(1.958466973294E-02,3.742618694362,10.));
#4061 = CARTESIAN_POINT('',(1.958466973294E-02,3.343805637982,10.));
#4062 = VECTOR('',#4063,1.);
#4063 = DIRECTION('',(-0.,-0.,1.));
#4064 = ADVANCED_FACE('',(#4065),#4090,.F.);
#4065 = FACE_BOUND('',#4066,.F.);
#4066 = EDGE_LOOP('',(#4067,#4077,#4083,#4084));
#4067 = ORIENTED_EDGE('',*,*,#4068,.T.);
#4068 = EDGE_CURVE('',#4069,#4071,#4073,.T.);
#4069 = VERTEX_POINT('',#4070);
#4070 = CARTESIAN_POINT('',(-0.578894558754,4.72043768546,10.));
#4071 = VERTEX_POINT('',#4072);
#4072 = CARTESIAN_POINT('',(-0.578894558754,4.72043768546,9.6));
#4073 = LINE('',#4074,#4075);
#4074 = CARTESIAN_POINT('',(-0.578894558754,4.72043768546,10.));
#4075 = VECTOR('',#4076,1.);
#4076 = DIRECTION('',(0.,0.,-1.));
#4077 = ORIENTED_EDGE('',*,*,#4078,.T.);
#4078 = EDGE_CURVE('',#4071,#4038,#4079,.T.);
#4079 = B_SPLINE_CURVE_WITH_KNOTS('',2,(#4080,#4081,#4082),
  .UNSPECIFIED.,.F.,.F.,(3,3),(0.,1.),.PIECEWISE_BEZIER_KNOTS.);
#4080 = CARTESIAN_POINT('',(-0.578894558754,4.72043768546,9.6));
#4081 = CARTESIAN_POINT('',(-0.283679425223,4.453264094955,9.6));
#4082 = CARTESIAN_POINT('',(-0.132047377745,4.0978115727,9.6));
#4083 = ORIENTED_EDGE('',*,*,#4035,.F.);
#4084 = ORIENTED_EDGE('',*,*,#4085,.F.);
#4085 = EDGE_CURVE('',#4069,#4036,#4086,.T.);
#4086 = B_SPLINE_CURVE_WITH_KNOTS('',2,(#4087,#4088,#4089),
  .UNSPECIFIED.,.F.,.F.,(3,3),(0.,1.),.PIECEWISE_BEZIER_KNOTS.);
#4087 = CARTESIAN_POINT('',(-0.578894558754,4.72043768546,10.));
#4088 = CARTESIAN_POINT('',(-0.283679425223,4.453264094955,10.));
#4089 = CARTESIAN_POINT('',(-0.132047377745,4.0978115727,10.));
#4090 = SURFACE_OF_LINEAR_EXTRUSION('',#4091,#4095);
#4091 = B_SPLINE_CURVE_WITH_KNOTS('',2,(#4092,#4093,#4094),
  .UNSPECIFIED.,.F.,.F.,(3,3),(0.,1.),.PIECEWISE_BEZIER_KNOTS.);
#4092 = CARTESIAN_POINT('',(-0.578894558754,4.72043768546,10.));
#4093 = CARTESIAN_POINT('',(-0.283679425223,4.453264094955,10.));
#4094 = CARTESIAN_POINT('',(-0.132047377745,4.0978115727,10.));
#4095 = VECTOR('',#4096,1.);
#4096 = DIRECTION('',(-0.,-0.,1.));
#4097 = ADVANCED_FACE('',(#4098),#4123,.F.);
#4098 = FACE_BOUND('',#4099,.F.);
#4099 = EDGE_LOOP('',(#4100,#4110,#4116,#4117));
#4100 = ORIENTED_EDGE('',*,*,#4101,.T.);
#4101 = EDGE_CURVE('',#4102,#4104,#4106,.T.);
#4102 = VERTEX_POINT('',#4103);
#4103 = CARTESIAN_POINT('',(-1.309013253116,5.135348664688,10.));
#4104 = VERTEX_POINT('',#4105);
#4105 = CARTESIAN_POINT('',(-1.309013253116,5.135348664688,9.6));
#4106 = LINE('',#4107,#4108);
#4107 = CARTESIAN_POINT('',(-1.309013253116,5.135348664688,10.));
#4108 = VECTOR('',#4109,1.);
#4109 = DIRECTION('',(0.,0.,-1.));
#4110 = ORIENTED_EDGE('',*,*,#4111,.T.);
#4111 = EDGE_CURVE('',#4104,#4071,#4112,.T.);
#4112 = B_SPLINE_CURVE_WITH_KNOTS('',2,(#4113,#4114,#4115),
  .UNSPECIFIED.,.F.,.F.,(3,3),(0.,1.),.PIECEWISE_BEZIER_KNOTS.);
#4113 = CARTESIAN_POINT('',(-1.309013253116,5.135348664688,9.6));
#4114 = CARTESIAN_POINT('',(-0.874109692285,4.987870919881,9.6));
#4115 = CARTESIAN_POINT('',(-0.578894558754,4.72043768546,9.6));
#4116 = ORIENTED_EDGE('',*,*,#4068,.F.);
#4117 = ORIENTED_EDGE('',*,*,#4118,.F.);
#4118 = EDGE_CURVE('',#4102,#4069,#4119,.T.);
#4119 = B_SPLINE_CURVE_WITH_KNOTS('',2,(#4120,#4121,#4122),
  .UNSPECIFIED.,.F.,.F.,(3,3),(0.,1.),.PIECEWISE_BEZIER_KNOTS.);
#4120 = CARTESIAN_POINT('',(-1.309013253116,5.135348664688,10.));
#4121 = CARTESIAN_POINT('',(-0.874109692285,4.987870919881,10.));
#4122 = CARTESIAN_POINT('',(-0.578894558754,4.72043768546,10.));
#4123 = SURFACE_OF_LINEAR_EXTRUSION('',#4124,#4128);
#4124 = B_SPLINE_CURVE_WITH_KNOTS('',2,(#4125,#4126,#4127),
  .UNSPECIFIED.,.F.,.F.,(3,3),(0.,1.),.PIECEWISE_BEZIER_KNOTS.);
#4125 = CARTESIAN_POINT('',(-1.309013253116,5.135348664688,10.));
#4126 = CARTESIAN_POINT('',(-0.874109692285,4.987870919881,10.));
#4127 = CARTESIAN_POINT('',(-0.578894558754,4.72043768546,10.));
#4128 = VECTOR('',#4129,1.);
#4129 = DIRECTION('',(-0.,-0.,1.));
#4130 = ADVANCED_FACE('',(#4131),#4156,.F.);
#4131 = FACE_BOUND('',#4132,.F.);
#4132 = EDGE_LOOP('',(#4133,#4143,#4149,#4150));
#4133 = ORIENTED_EDGE('',*,*,#4134,.T.);
#4134 = EDGE_CURVE('',#4135,#4137,#4139,.T.);
#4135 = VERTEX_POINT('',#4136);
#4136 = CARTESIAN_POINT('',(-2.31824915816,5.283086053412,10.));
#4137 = VERTEX_POINT('',#4138);
#4138 = CARTESIAN_POINT('',(-2.31824915816,5.283086053412,9.6));
#4139 = LINE('',#4140,#4141);
#4140 = CARTESIAN_POINT('',(-2.31824915816,5.283086053412,10.));
#4141 = VECTOR('',#4142,1.);
#4142 = DIRECTION('',(0.,0.,-1.));
#4143 = ORIENTED_EDGE('',*,*,#4144,.T.);
#4144 = EDGE_CURVE('',#4137,#4104,#4145,.T.);
#4145 = B_SPLINE_CURVE_WITH_KNOTS('',2,(#4146,#4147,#4148),
  .UNSPECIFIED.,.F.,.F.,(3,3),(0.,1.),.PIECEWISE_BEZIER_KNOTS.);
#4146 = CARTESIAN_POINT('',(-2.31824915816,5.283086053412,9.6));
#4147 = CARTESIAN_POINT('',(-1.74365717003,5.283086053412,9.6));
#4148 = CARTESIAN_POINT('',(-1.309013253116,5.135348664688,9.6));
#4149 = ORIENTED_EDGE('',*,*,#4101,.F.);
#4150 = ORIENTED_EDGE('',*,*,#4151,.F.);
#4151 = EDGE_CURVE('',#4135,#4102,#4152,.T.);
#4152 = B_SPLINE_CURVE_WITH_KNOTS('',2,(#4153,#4154,#4155),
  .UNSPECIFIED.,.F.,.F.,(3,3),(0.,1.),.PIECEWISE_BEZIER_KNOTS.);
#4153 = CARTESIAN_POINT('',(-2.31824915816,5.283086053412,10.));
#4154 = CARTESIAN_POINT('',(-1.74365717003,5.283086053412,10.));
#4155 = CARTESIAN_POINT('',(-1.309013253116,5.135348664688,10.));
#4156 = SURFACE_OF_LINEAR_EXTRUSION('',#4157,#4161);
#4157 = B_SPLINE_CURVE_WITH_KNOTS('',2,(#4158,#4159,#4160),
  .UNSPECIFIED.,.F.,.F.,(3,3),(0.,1.),.PIECEWISE_BEZIER_KNOTS.);
#4158 = CARTESIAN_POINT('',(-2.31824915816,5.283086053412,10.));
#4159 = CARTESIAN_POINT('',(-1.74365717003,5.283086053412,10.));
#4160 = CARTESIAN_POINT('',(-1.309013253116,5.135348664688,10.));
#4161 = VECTOR('',#4162,1.);
#4162 = DIRECTION('',(-0.,-0.,1.));
#4163 = ADVANCED_FACE('',(#4164),#4189,.F.);
#4164 = FACE_BOUND('',#4165,.F.);
#4165 = EDGE_LOOP('',(#4166,#4176,#4182,#4183));
#4166 = ORIENTED_EDGE('',*,*,#4167,.T.);
#4167 = EDGE_CURVE('',#4168,#4170,#4172,.T.);
#4168 = VERTEX_POINT('',#4169);
#4169 = CARTESIAN_POINT('',(-3.311387140356,5.115096439169,10.));
#4170 = VERTEX_POINT('',#4171);
#4171 = CARTESIAN_POINT('',(-3.311387140356,5.115096439169,9.6));
#4172 = LINE('',#4173,#4174);
#4173 = CARTESIAN_POINT('',(-3.311387140356,5.115096439169,10.));
#4174 = VECTOR('',#4175,1.);
#4175 = DIRECTION('',(0.,0.,-1.));
#4176 = ORIENTED_EDGE('',*,*,#4177,.T.);
#4177 = EDGE_CURVE('',#4170,#4137,#4178,.T.);
#4178 = B_SPLINE_CURVE_WITH_KNOTS('',2,(#4179,#4180,#4181),
  .UNSPECIFIED.,.F.,.F.,(3,3),(0.,1.),.PIECEWISE_BEZIER_KNOTS.);
#4179 = CARTESIAN_POINT('',(-3.311387140356,5.115096439169,9.6));
#4180 = CARTESIAN_POINT('',(-2.88453254095,5.283086053412,9.6));
#4181 = CARTESIAN_POINT('',(-2.31824915816,5.283086053412,9.6));
#4182 = ORIENTED_EDGE('',*,*,#4134,.F.);
#4183 = ORIENTED_EDGE('',*,*,#4184,.F.);
#4184 = EDGE_CURVE('',#4168,#4135,#4185,.T.);
#4185 = B_SPLINE_CURVE_WITH_KNOTS('',2,(#4186,#4187,#4188),
  .UNSPECIFIED.,.F.,.F.,(3,3),(0.,1.),.PIECEWISE_BEZIER_KNOTS.);
#4186 = CARTESIAN_POINT('',(-3.311387140356,5.115096439169,10.));
#4187 = CARTESIAN_POINT('',(-2.88453254095,5.283086053412,10.));
#4188 = CARTESIAN_POINT('',(-2.31824915816,5.283086053412,10.));
#4189 = SURFACE_OF_LINEAR_EXTRUSION('',#4190,#4194);
#4190 = B_SPLINE_CURVE_WITH_KNOTS('',2,(#4191,#4192,#4193),
  .UNSPECIFIED.,.F.,.F.,(3,3),(0.,1.),.PIECEWISE_BEZIER_KNOTS.);
#4191 = CARTESIAN_POINT('',(-3.311387140356,5.115096439169,10.));
#4192 = CARTESIAN_POINT('',(-2.88453254095,5.283086053412,10.));
#4193 = CARTESIAN_POINT('',(-2.31824915816,5.283086053412,10.));
#4194 = VECTOR('',#4195,1.);
#4195 = DIRECTION('',(-0.,-0.,1.));
#4196 = ADVANCED_FACE('',(#4197),#4222,.F.);
#4197 = FACE_BOUND('',#4198,.F.);
#4198 = EDGE_LOOP('',(#4199,#4209,#4215,#4216));
#4199 = ORIENTED_EDGE('',*,*,#4200,.T.);
#4200 = EDGE_CURVE('',#4201,#4203,#4205,.T.);
#4201 = VERTEX_POINT('',#4202);
#4202 = CARTESIAN_POINT('',(-4.025667555786,4.662796735905,10.));
#4203 = VERTEX_POINT('',#4204);
#4204 = CARTESIAN_POINT('',(-4.025667555786,4.662796735905,9.6));
#4205 = LINE('',#4206,#4207);
#4206 = CARTESIAN_POINT('',(-4.025667555786,4.662796735905,10.));
#4207 = VECTOR('',#4208,1.);
#4208 = DIRECTION('',(0.,0.,-1.));
#4209 = ORIENTED_EDGE('',*,*,#4210,.T.);
#4210 = EDGE_CURVE('',#4203,#4170,#4211,.T.);
#4211 = B_SPLINE_CURVE_WITH_KNOTS('',2,(#4212,#4213,#4214),
  .UNSPECIFIED.,.F.,.F.,(3,3),(0.,1.),.PIECEWISE_BEZIER_KNOTS.);
#4212 = CARTESIAN_POINT('',(-4.025667555786,4.662796735905,9.6));
#4213 = CARTESIAN_POINT('',(-3.738241739763,4.947106824926,9.6));
#4214 = CARTESIAN_POINT('',(-3.311387140356,5.115096439169,9.6));
#4215 = ORIENTED_EDGE('',*,*,#4167,.F.);
#4216 = ORIENTED_EDGE('',*,*,#4217,.F.);
#4217 = EDGE_CURVE('',#4201,#4168,#4218,.T.);
#4218 = B_SPLINE_CURVE_WITH_KNOTS('',2,(#4219,#4220,#4221),
  .UNSPECIFIED.,.F.,.F.,(3,3),(0.,1.),.PIECEWISE_BEZIER_KNOTS.);
#4219 = CARTESIAN_POINT('',(-4.025667555786,4.662796735905,10.));
#4220 = CARTESIAN_POINT('',(-3.738241739763,4.947106824926,10.));
#4221 = CARTESIAN_POINT('',(-3.311387140356,5.115096439169,10.));
#4222 = SURFACE_OF_LINEAR_EXTRUSION('',#4223,#4227);
#4223 = B_SPLINE_CURVE_WITH_KNOTS('',2,(#4224,#4225,#4226),
  .UNSPECIFIED.,.F.,.F.,(3,3),(0.,1.),.PIECEWISE_BEZIER_KNOTS.);
#4224 = CARTESIAN_POINT('',(-4.025667555786,4.662796735905,10.));
#4225 = CARTESIAN_POINT('',(-3.738241739763,4.947106824926,10.));
#4226 = CARTESIAN_POINT('',(-3.311387140356,5.115096439169,10.));
#4227 = VECTOR('',#4228,1.);
#4228 = DIRECTION('',(-0.,-0.,1.));
#4229 = ADVANCED_FACE('',(#4230),#4255,.F.);
#4230 = FACE_BOUND('',#4231,.F.);
#4231 = EDGE_LOOP('',(#4232,#4242,#4248,#4249));
#4232 = ORIENTED_EDGE('',*,*,#4233,.T.);
#4233 = EDGE_CURVE('',#4234,#4236,#4238,.T.);
#4234 = VERTEX_POINT('',#4235);
#4235 = CARTESIAN_POINT('',(-4.456416813947,4.022514836795,10.));
#4236 = VERTEX_POINT('',#4237);
#4237 = CARTESIAN_POINT('',(-4.456416813947,4.022514836795,9.6));
#4238 = LINE('',#4239,#4240);
#4239 = CARTESIAN_POINT('',(-4.456416813947,4.022514836795,10.));
#4240 = VECTOR('',#4241,1.);
#4241 = DIRECTION('',(0.,0.,-1.));
#4242 = ORIENTED_EDGE('',*,*,#4243,.T.);
#4243 = EDGE_CURVE('',#4236,#4203,#4244,.T.);
#4244 = B_SPLINE_CURVE_WITH_KNOTS('',2,(#4245,#4246,#4247),
  .UNSPECIFIED.,.F.,.F.,(3,3),(0.,1.),.PIECEWISE_BEZIER_KNOTS.);
#4245 = CARTESIAN_POINT('',(-4.456416813947,4.022514836795,9.6));
#4246 = CARTESIAN_POINT('',(-4.312833727893,4.378746290801,9.6));
#4247 = CARTESIAN_POINT('',(-4.025667555786,4.662796735905,9.6));
#4248 = ORIENTED_EDGE('',*,*,#4200,.F.);
#4249 = ORIENTED_EDGE('',*,*,#4250,.F.);
#4250 = EDGE_CURVE('',#4234,#4201,#4251,.T.);
#4251 = B_SPLINE_CURVE_WITH_KNOTS('',2,(#4252,#4253,#4254),
  .UNSPECIFIED.,.F.,.F.,(3,3),(0.,1.),.PIECEWISE_BEZIER_KNOTS.);
#4252 = CARTESIAN_POINT('',(-4.456416813947,4.022514836795,10.));
#4253 = CARTESIAN_POINT('',(-4.312833727893,4.378746290801,10.));
#4254 = CARTESIAN_POINT('',(-4.025667555786,4.662796735905,10.));
#4255 = SURFACE_OF_LINEAR_EXTRUSION('',#4256,#4260);
#4256 = B_SPLINE_CURVE_WITH_KNOTS('',2,(#4257,#4258,#4259),
  .UNSPECIFIED.,.F.,.F.,(3,3),(0.,1.),.PIECEWISE_BEZIER_KNOTS.);
#4257 = CARTESIAN_POINT('',(-4.456416813947,4.022514836795,10.));
#4258 = CARTESIAN_POINT('',(-4.312833727893,4.378746290801,10.));
#4259 = CARTESIAN_POINT('',(-4.025667555786,4.662796735905,10.));
#4260 = VECTOR('',#4261,1.);
#4261 = DIRECTION('',(-0.,-0.,1.));
#4262 = ADVANCED_FACE('',(#4263),#4288,.F.);
#4263 = FACE_BOUND('',#4264,.F.);
#4264 = EDGE_LOOP('',(#4265,#4275,#4281,#4282));
#4265 = ORIENTED_EDGE('',*,*,#4266,.T.);
#4266 = EDGE_CURVE('',#4267,#4269,#4271,.T.);
#4267 = VERTEX_POINT('',#4268);
#4268 = CARTESIAN_POINT('',(-4.5999999,3.282270029674,10.));
#4269 = VERTEX_POINT('',#4270);
#4270 = CARTESIAN_POINT('',(-4.5999999,3.282270029674,9.6));
#4271 = LINE('',#4272,#4273);
#4272 = CARTESIAN_POINT('',(-4.5999999,3.282270029674,10.));
#4273 = VECTOR('',#4274,1.);
#4274 = DIRECTION('',(0.,0.,-1.));
#4275 = ORIENTED_EDGE('',*,*,#4276,.T.);
#4276 = EDGE_CURVE('',#4269,#4236,#4277,.T.);
#4277 = B_SPLINE_CURVE_WITH_KNOTS('',2,(#4278,#4279,#4280),
  .UNSPECIFIED.,.F.,.F.,(3,3),(0.,1.),.PIECEWISE_BEZIER_KNOTS.);
#4278 = CARTESIAN_POINT('',(-4.5999999,3.282270029674,9.6));
#4279 = CARTESIAN_POINT('',(-4.5999999,3.666543026706,9.6));
#4280 = CARTESIAN_POINT('',(-4.456416813947,4.022514836795,9.6));
#4281 = ORIENTED_EDGE('',*,*,#4233,.F.);
#4282 = ORIENTED_EDGE('',*,*,#4283,.F.);
#4283 = EDGE_CURVE('',#4267,#4234,#4284,.T.);
#4284 = B_SPLINE_CURVE_WITH_KNOTS('',2,(#4285,#4286,#4287),
  .UNSPECIFIED.,.F.,.F.,(3,3),(0.,1.),.PIECEWISE_BEZIER_KNOTS.);
#4285 = CARTESIAN_POINT('',(-4.5999999,3.282270029674,10.));
#4286 = CARTESIAN_POINT('',(-4.5999999,3.666543026706,10.));
#4287 = CARTESIAN_POINT('',(-4.456416813947,4.022514836795,10.));
#4288 = SURFACE_OF_LINEAR_EXTRUSION('',#4289,#4293);
#4289 = B_SPLINE_CURVE_WITH_KNOTS('',2,(#4290,#4291,#4292),
  .UNSPECIFIED.,.F.,.F.,(3,3),(0.,1.),.PIECEWISE_BEZIER_KNOTS.);
#4290 = CARTESIAN_POINT('',(-4.5999999,3.282270029674,10.));
#4291 = CARTESIAN_POINT('',(-4.5999999,3.666543026706,10.));
#4292 = CARTESIAN_POINT('',(-4.456416813947,4.022514836795,10.));
#4293 = VECTOR('',#4294,1.);
#4294 = DIRECTION('',(-0.,-0.,1.));
#4295 = ADVANCED_FACE('',(#4296),#4321,.F.);
#4296 = FACE_BOUND('',#4297,.F.);
#4297 = EDGE_LOOP('',(#4298,#4308,#4314,#4315));
#4298 = ORIENTED_EDGE('',*,*,#4299,.T.);
#4299 = EDGE_CURVE('',#4300,#4302,#4304,.T.);
#4300 = VERTEX_POINT('',#4301);
#4301 = CARTESIAN_POINT('',(-4.440578535015,2.530081602374,10.));
#4302 = VERTEX_POINT('',#4303);
#4303 = CARTESIAN_POINT('',(-4.440578535015,2.530081602374,9.6));
#4304 = LINE('',#4305,#4306);
#4305 = CARTESIAN_POINT('',(-4.440578535015,2.530081602374,10.));
#4306 = VECTOR('',#4307,1.);
#4307 = DIRECTION('',(0.,0.,-1.));
#4308 = ORIENTED_EDGE('',*,*,#4309,.T.);
#4309 = EDGE_CURVE('',#4302,#4269,#4310,.T.);
#4310 = B_SPLINE_CURVE_WITH_KNOTS('',2,(#4311,#4312,#4313),
  .UNSPECIFIED.,.F.,.F.,(3,3),(0.,1.),.PIECEWISE_BEZIER_KNOTS.);
#4311 = CARTESIAN_POINT('',(-4.440578535015,2.530081602374,9.6));
#4312 = CARTESIAN_POINT('',(-4.5999999,2.866320474777,9.6));
#4313 = CARTESIAN_POINT('',(-4.5999999,3.282270029674,9.6));
#4314 = ORIENTED_EDGE('',*,*,#4266,.F.);
#4315 = ORIENTED_EDGE('',*,*,#4316,.F.);
#4316 = EDGE_CURVE('',#4300,#4267,#4317,.T.);
#4317 = B_SPLINE_CURVE_WITH_KNOTS('',2,(#4318,#4319,#4320),
  .UNSPECIFIED.,.F.,.F.,(3,3),(0.,1.),.PIECEWISE_BEZIER_KNOTS.);
#4318 = CARTESIAN_POINT('',(-4.440578535015,2.530081602374,10.));
#4319 = CARTESIAN_POINT('',(-4.5999999,2.866320474777,10.));
#4320 = CARTESIAN_POINT('',(-4.5999999,3.282270029674,10.));
#4321 = SURFACE_OF_LINEAR_EXTRUSION('',#4322,#4326);
#4322 = B_SPLINE_CURVE_WITH_KNOTS('',2,(#4323,#4324,#4325),
  .UNSPECIFIED.,.F.,.F.,(3,3),(0.,1.),.PIECEWISE_BEZIER_KNOTS.);
#4323 = CARTESIAN_POINT('',(-4.440578535015,2.530081602374,10.));
#4324 = CARTESIAN_POINT('',(-4.5999999,2.866320474777,10.));
#4325 = CARTESIAN_POINT('',(-4.5999999,3.282270029674,10.));
#4326 = VECTOR('',#4327,1.);
#4327 = DIRECTION('',(-0.,-0.,1.));
#4328 = ADVANCED_FACE('',(#4329),#4354,.F.);
#4329 = FACE_BOUND('',#4330,.F.);
#4330 = EDGE_LOOP('',(#4331,#4341,#4347,#4348));
#4331 = ORIENTED_EDGE('',*,*,#4332,.T.);
#4332 = EDGE_CURVE('',#4333,#4335,#4337,.T.);
#4333 = VERTEX_POINT('',#4334);
#4334 = CARTESIAN_POINT('',(-4.005674974184,1.949777448071,10.));
#4335 = VERTEX_POINT('',#4336);
#4336 = CARTESIAN_POINT('',(-4.005674974184,1.949777448071,9.6));
#4337 = LINE('',#4338,#4339);
#4338 = CARTESIAN_POINT('',(-4.005674974184,1.949777448071,10.));
#4339 = VECTOR('',#4340,1.);
#4340 = DIRECTION('',(0.,0.,-1.));
#4341 = ORIENTED_EDGE('',*,*,#4342,.T.);
#4342 = EDGE_CURVE('',#4335,#4302,#4343,.T.);
#4343 = B_SPLINE_CURVE_WITH_KNOTS('',2,(#4344,#4345,#4346),
  .UNSPECIFIED.,.F.,.F.,(3,3),(0.,1.),.PIECEWISE_BEZIER_KNOTS.);
#4344 = CARTESIAN_POINT('',(-4.005674974184,1.949777448071,9.6));
#4345 = CARTESIAN_POINT('',(-4.280897526113,2.194102373887,9.6));
#4346 = CARTESIAN_POINT('',(-4.440578535015,2.530081602374,9.6));
#4347 = ORIENTED_EDGE('',*,*,#4299,.F.);
#4348 = ORIENTED_EDGE('',*,*,#4349,.F.);
#4349 = EDGE_CURVE('',#4333,#4300,#4350,.T.);
#4350 = B_SPLINE_CURVE_WITH_KNOTS('',2,(#4351,#4352,#4353),
  .UNSPECIFIED.,.F.,.F.,(3,3),(0.,1.),.PIECEWISE_BEZIER_KNOTS.);
#4351 = CARTESIAN_POINT('',(-4.005674974184,1.949777448071,10.));
#4352 = CARTESIAN_POINT('',(-4.280897526113,2.194102373887,10.));
#4353 = CARTESIAN_POINT('',(-4.440578535015,2.530081602374,10.));
#4354 = SURFACE_OF_LINEAR_EXTRUSION('',#4355,#4359);
#4355 = B_SPLINE_CURVE_WITH_KNOTS('',2,(#4356,#4357,#4358),
  .UNSPECIFIED.,.F.,.F.,(3,3),(0.,1.),.PIECEWISE_BEZIER_KNOTS.);
#4356 = CARTESIAN_POINT('',(-4.005674974184,1.949777448071,10.));
#4357 = CARTESIAN_POINT('',(-4.280897526113,2.194102373887,10.));
#4358 = CARTESIAN_POINT('',(-4.440578535015,2.530081602374,10.));
#4359 = VECTOR('',#4360,1.);
#4360 = DIRECTION('',(-0.,-0.,1.));
#4361 = ADVANCED_FACE('',(#4362),#4387,.F.);
#4362 = FACE_BOUND('',#4363,.F.);
#4363 = EDGE_LOOP('',(#4364,#4374,#4380,#4381));
#4364 = ORIENTED_EDGE('',*,*,#4365,.T.);
#4365 = EDGE_CURVE('',#4366,#4368,#4370,.T.);
#4366 = VERTEX_POINT('',#4367);
#4367 = CARTESIAN_POINT('',(-3.387462808012,1.565764094955,10.));
#4368 = VERTEX_POINT('',#4369);
#4369 = CARTESIAN_POINT('',(-3.387462808012,1.565764094955,9.6));
#4370 = LINE('',#4371,#4372);
#4371 = CARTESIAN_POINT('',(-3.387462808012,1.565764094955,10.));
#4372 = VECTOR('',#4373,1.);
#4373 = DIRECTION('',(0.,0.,-1.));
#4374 = ORIENTED_EDGE('',*,*,#4375,.T.);
#4375 = EDGE_CURVE('',#4368,#4335,#4376,.T.);
#4376 = B_SPLINE_CURVE_WITH_KNOTS('',2,(#4377,#4378,#4379),
  .UNSPECIFIED.,.F.,.F.,(3,3),(0.,1.),.PIECEWISE_BEZIER_KNOTS.);
#4377 = CARTESIAN_POINT('',(-3.387462808012,1.565764094955,9.6));
#4378 = CARTESIAN_POINT('',(-3.730452422255,1.705712166172,9.6));
#4379 = CARTESIAN_POINT('',(-4.005674974184,1.949777448071,9.6));
#4380 = ORIENTED_EDGE('',*,*,#4332,.F.);
#4381 = ORIENTED_EDGE('',*,*,#4382,.F.);
#4382 = EDGE_CURVE('',#4366,#4333,#4383,.T.);
#4383 = B_SPLINE_CURVE_WITH_KNOTS('',2,(#4384,#4385,#4386),
  .UNSPECIFIED.,.F.,.F.,(3,3),(0.,1.),.PIECEWISE_BEZIER_KNOTS.);
#4384 = CARTESIAN_POINT('',(-3.387462808012,1.565764094955,10.));
#4385 = CARTESIAN_POINT('',(-3.730452422255,1.705712166172,10.));
#4386 = CARTESIAN_POINT('',(-4.005674974184,1.949777448071,10.));
#4387 = SURFACE_OF_LINEAR_EXTRUSION('',#4388,#4392);
#4388 = B_SPLINE_CURVE_WITH_KNOTS('',2,(#4389,#4390,#4391),
  .UNSPECIFIED.,.F.,.F.,(3,3),(0.,1.),.PIECEWISE_BEZIER_KNOTS.);
#4389 = CARTESIAN_POINT('',(-3.387462808012,1.565764094955,10.));
#4390 = CARTESIAN_POINT('',(-3.730452422255,1.705712166172,10.));
#4391 = CARTESIAN_POINT('',(-4.005674974184,1.949777448071,10.));
#4392 = VECTOR('',#4393,1.);
#4393 = DIRECTION('',(-0.,-0.,1.));
#4394 = ADVANCED_FACE('',(#4395),#4420,.F.);
#4395 = FACE_BOUND('',#4396,.F.);
#4396 = EDGE_LOOP('',(#4397,#4407,#4413,#4414));
#4397 = ORIENTED_EDGE('',*,*,#4398,.T.);
#4398 = EDGE_CURVE('',#4399,#4401,#4403,.T.);
#4399 = VERTEX_POINT('',#4400);
#4400 = CARTESIAN_POINT('',(-2.684866368843,1.425816023739,10.));
#4401 = VERTEX_POINT('',#4402);
#4402 = CARTESIAN_POINT('',(-2.684866368843,1.425816023739,9.6));
#4403 = LINE('',#4404,#4405);
#4404 = CARTESIAN_POINT('',(-2.684866368843,1.425816023739,10.));
#4405 = VECTOR('',#4406,1.);
#4406 = DIRECTION('',(0.,0.,-1.));
#4407 = ORIENTED_EDGE('',*,*,#4408,.T.);
#4408 = EDGE_CURVE('',#4401,#4368,#4409,.T.);
#4409 = B_SPLINE_CURVE_WITH_KNOTS('',2,(#4410,#4411,#4412),
  .UNSPECIFIED.,.F.,.F.,(3,3),(0.,1.),.PIECEWISE_BEZIER_KNOTS.);
#4410 = CARTESIAN_POINT('',(-2.684866368843,1.425816023739,9.6));
#4411 = CARTESIAN_POINT('',(-3.044213549852,1.425816023739,9.6));
#4412 = CARTESIAN_POINT('',(-3.387462808012,1.565764094955,9.6));
#4413 = ORIENTED_EDGE('',*,*,#4365,.F.);
#4414 = ORIENTED_EDGE('',*,*,#4415,.F.);
#4415 = EDGE_CURVE('',#4399,#4366,#4416,.T.);
#4416 = B_SPLINE_CURVE_WITH_KNOTS('',2,(#4417,#4418,#4419),
  .UNSPECIFIED.,.F.,.F.,(3,3),(0.,1.),.PIECEWISE_BEZIER_KNOTS.);
#4417 = CARTESIAN_POINT('',(-2.684866368843,1.425816023739,10.));
#4418 = CARTESIAN_POINT('',(-3.044213549852,1.425816023739,10.));
#4419 = CARTESIAN_POINT('',(-3.387462808012,1.565764094955,10.));
#4420 = SURFACE_OF_LINEAR_EXTRUSION('',#4421,#4425);
#4421 = B_SPLINE_CURVE_WITH_KNOTS('',2,(#4422,#4423,#4424),
  .UNSPECIFIED.,.F.,.F.,(3,3),(0.,1.),.PIECEWISE_BEZIER_KNOTS.);
#4422 = CARTESIAN_POINT('',(-2.684866368843,1.425816023739,10.));
#4423 = CARTESIAN_POINT('',(-3.044213549852,1.425816023739,10.));
#4424 = CARTESIAN_POINT('',(-3.387462808012,1.565764094955,10.));
#4425 = VECTOR('',#4426,1.);
#4426 = DIRECTION('',(-0.,-0.,1.));
#4427 = ADVANCED_FACE('',(#4428),#4453,.F.);
#4428 = FACE_BOUND('',#4429,.F.);
#4429 = EDGE_LOOP('',(#4430,#4440,#4446,#4447));
#4430 = ORIENTED_EDGE('',*,*,#4431,.T.);
#4431 = EDGE_CURVE('',#4432,#4434,#4436,.T.);
#4432 = VERTEX_POINT('',#4433);
#4433 = CARTESIAN_POINT('',(-2.453523638872,1.441913946588,10.));
#4434 = VERTEX_POINT('',#4435);
#4435 = CARTESIAN_POINT('',(-2.453523638872,1.441913946588,9.6));
#4436 = LINE('',#4437,#4438);
#4437 = CARTESIAN_POINT('',(-2.453523638872,1.441913946588,10.));
#4438 = VECTOR('',#4439,1.);
#4439 = DIRECTION('',(0.,0.,-1.));
#4440 = ORIENTED_EDGE('',*,*,#4441,.T.);
#4441 = EDGE_CURVE('',#4434,#4401,#4442,.T.);
#4442 = B_SPLINE_CURVE_WITH_KNOTS('',2,(#4443,#4444,#4445),
  .UNSPECIFIED.,.F.,.F.,(3,3),(0.,1.),.PIECEWISE_BEZIER_KNOTS.);
#4443 = CARTESIAN_POINT('',(-2.453523638872,1.441913946588,9.6));
#4444 = CARTESIAN_POINT('',(-2.565430167062,1.425816023739,9.6));
#4445 = CARTESIAN_POINT('',(-2.684866368843,1.425816023739,9.6));
#4446 = ORIENTED_EDGE('',*,*,#4398,.F.);
#4447 = ORIENTED_EDGE('',*,*,#4448,.F.);
#4448 = EDGE_CURVE('',#4432,#4399,#4449,.T.);
#4449 = B_SPLINE_CURVE_WITH_KNOTS('',2,(#4450,#4451,#4452),
  .UNSPECIFIED.,.F.,.F.,(3,3),(0.,1.),.PIECEWISE_BEZIER_KNOTS.);
#4450 = CARTESIAN_POINT('',(-2.453523638872,1.441913946588,10.));
#4451 = CARTESIAN_POINT('',(-2.565430167062,1.425816023739,10.));
#4452 = CARTESIAN_POINT('',(-2.684866368843,1.425816023739,10.));
#4453 = SURFACE_OF_LINEAR_EXTRUSION('',#4454,#4458);
#4454 = B_SPLINE_CURVE_WITH_KNOTS('',2,(#4455,#4456,#4457),
  .UNSPECIFIED.,.F.,.F.,(3,3),(0.,1.),.PIECEWISE_BEZIER_KNOTS.);
#4455 = CARTESIAN_POINT('',(-2.453523638872,1.441913946588,10.));
#4456 = CARTESIAN_POINT('',(-2.565430167062,1.425816023739,10.));
#4457 = CARTESIAN_POINT('',(-2.684866368843,1.425816023739,10.));
#4458 = VECTOR('',#4459,1.);
#4459 = DIRECTION('',(-0.,-0.,1.));
#4460 = ADVANCED_FACE('',(#4461),#4486,.F.);
#4461 = FACE_BOUND('',#4462,.F.);
#4462 = EDGE_LOOP('',(#4463,#4473,#4479,#4480));
#4463 = ORIENTED_EDGE('',*,*,#4464,.T.);
#4464 = EDGE_CURVE('',#4465,#4467,#4469,.T.);
#4465 = VERTEX_POINT('',#4466);
#4466 = CARTESIAN_POINT('',(-3.577262511276,-0.10296735905,10.));
#4467 = VERTEX_POINT('',#4468);
#4468 = CARTESIAN_POINT('',(-3.577262511276,-0.10296735905,9.6));
#4469 = LINE('',#4470,#4471);
#4470 = CARTESIAN_POINT('',(-3.577262511276,-0.10296735905,10.));
#4471 = VECTOR('',#4472,1.);
#4472 = DIRECTION('',(0.,0.,-1.));
#4473 = ORIENTED_EDGE('',*,*,#4474,.T.);
#4474 = EDGE_CURVE('',#4467,#4434,#4475,.T.);
#4475 = LINE('',#4476,#4477);
#4476 = CARTESIAN_POINT('',(-3.577262511276,-0.10296735905,9.6));
#4477 = VECTOR('',#4478,1.);
#4478 = DIRECTION('',(0.58823634684,0.808689062777,0.));
#4479 = ORIENTED_EDGE('',*,*,#4431,.F.);
#4480 = ORIENTED_EDGE('',*,*,#4481,.F.);
#4481 = EDGE_CURVE('',#4465,#4432,#4482,.T.);
#4482 = LINE('',#4483,#4484);
#4483 = CARTESIAN_POINT('',(-3.577262511276,-0.10296735905,10.));
#4484 = VECTOR('',#4485,1.);
#4485 = DIRECTION('',(0.58823634684,0.808689062777,0.));
#4486 = PLANE('',#4487);
#4487 = AXIS2_PLACEMENT_3D('',#4488,#4489,#4490);
#4488 = CARTESIAN_POINT('',(-3.577262511276,-0.10296735905,10.));
#4489 = DIRECTION('',(0.808689062777,-0.58823634684,0.));
#4490 = DIRECTION('',(0.58823634684,0.808689062777,0.));
#4491 = ADVANCED_FACE('',(#4492),#4517,.F.);
#4492 = FACE_BOUND('',#4493,.F.);
#4493 = EDGE_LOOP('',(#4494,#4504,#4510,#4511));
#4494 = ORIENTED_EDGE('',*,*,#4495,.T.);
#4495 = EDGE_CURVE('',#4496,#4498,#4500,.T.);
#4496 = VERTEX_POINT('',#4497);
#4497 = CARTESIAN_POINT('',(-3.597255092878,-0.143471810089,10.));
#4498 = VERTEX_POINT('',#4499);
#4499 = CARTESIAN_POINT('',(-3.597255092878,-0.143471810089,9.6));
#4500 = LINE('',#4501,#4502);
#4501 = CARTESIAN_POINT('',(-3.597255092878,-0.143471810089,10.));
#4502 = VECTOR('',#4503,1.);
#4503 = DIRECTION('',(0.,0.,-1.));
#4504 = ORIENTED_EDGE('',*,*,#4505,.T.);
#4505 = EDGE_CURVE('',#4498,#4467,#4506,.T.);
#4506 = B_SPLINE_CURVE_WITH_KNOTS('',2,(#4507,#4508,#4509),
  .UNSPECIFIED.,.F.,.F.,(3,3),(0.,1.),.PIECEWISE_BEZIER_KNOTS.);
#4507 = CARTESIAN_POINT('',(-3.597255092878,-0.143471810089,9.6));
#4508 = CARTESIAN_POINT('',(-3.5853114727,-0.119324925816,9.6));
#4509 = CARTESIAN_POINT('',(-3.577262511276,-0.10296735905,9.6));
#4510 = ORIENTED_EDGE('',*,*,#4464,.F.);
#4511 = ORIENTED_EDGE('',*,*,#4512,.F.);
#4512 = EDGE_CURVE('',#4496,#4465,#4513,.T.);
#4513 = B_SPLINE_CURVE_WITH_KNOTS('',2,(#4514,#4515,#4516),
  .UNSPECIFIED.,.F.,.F.,(3,3),(0.,1.),.PIECEWISE_BEZIER_KNOTS.);
#4514 = CARTESIAN_POINT('',(-3.597255092878,-0.143471810089,10.));
#4515 = CARTESIAN_POINT('',(-3.5853114727,-0.119324925816,10.));
#4516 = CARTESIAN_POINT('',(-3.577262511276,-0.10296735905,10.));
#4517 = SURFACE_OF_LINEAR_EXTRUSION('',#4518,#4522);
#4518 = B_SPLINE_CURVE_WITH_KNOTS('',2,(#4519,#4520,#4521),
  .UNSPECIFIED.,.F.,.F.,(3,3),(0.,1.),.PIECEWISE_BEZIER_KNOTS.);
#4519 = CARTESIAN_POINT('',(-3.597255092878,-0.143471810089,10.));
#4520 = CARTESIAN_POINT('',(-3.5853114727,-0.119324925816,10.));
#4521 = CARTESIAN_POINT('',(-3.577262511276,-0.10296735905,10.));
#4522 = VECTOR('',#4523,1.);
#4523 = DIRECTION('',(-0.,-0.,1.));
#4524 = ADVANCED_FACE('',(#4525),#4550,.F.);
#4525 = FACE_BOUND('',#4526,.F.);
#4526 = EDGE_LOOP('',(#4527,#4537,#4543,#4544));
#4527 = ORIENTED_EDGE('',*,*,#4528,.T.);
#4528 = EDGE_CURVE('',#4529,#4531,#4533,.T.);
#4529 = VERTEX_POINT('',#4530);
#4530 = CARTESIAN_POINT('',(-3.609198713056,-0.20734421365,10.));
#4531 = VERTEX_POINT('',#4532);
#4532 = CARTESIAN_POINT('',(-3.609198713056,-0.20734421365,9.6));
#4533 = LINE('',#4534,#4535);
#4534 = CARTESIAN_POINT('',(-3.609198713056,-0.20734421365,10.));
#4535 = VECTOR('',#4536,1.);
#4536 = DIRECTION('',(0.,0.,-1.));
#4537 = ORIENTED_EDGE('',*,*,#4538,.T.);
#4538 = EDGE_CURVE('',#4531,#4498,#4539,.T.);
#4539 = B_SPLINE_CURVE_WITH_KNOTS('',2,(#4540,#4541,#4542),
  .UNSPECIFIED.,.F.,.F.,(3,3),(0.,1.),.PIECEWISE_BEZIER_KNOTS.);
#4540 = CARTESIAN_POINT('',(-3.609198713056,-0.20734421365,9.6));
#4541 = CARTESIAN_POINT('',(-3.609198713056,-0.167359050445,9.6));
#4542 = CARTESIAN_POINT('',(-3.597255092878,-0.143471810089,9.6));
#4543 = ORIENTED_EDGE('',*,*,#4495,.F.);
#4544 = ORIENTED_EDGE('',*,*,#4545,.F.);
#4545 = EDGE_CURVE('',#4529,#4496,#4546,.T.);
#4546 = B_SPLINE_CURVE_WITH_KNOTS('',2,(#4547,#4548,#4549),
  .UNSPECIFIED.,.F.,.F.,(3,3),(0.,1.),.PIECEWISE_BEZIER_KNOTS.);
#4547 = CARTESIAN_POINT('',(-3.609198713056,-0.20734421365,10.));
#4548 = CARTESIAN_POINT('',(-3.609198713056,-0.167359050445,10.));
#4549 = CARTESIAN_POINT('',(-3.597255092878,-0.143471810089,10.));
#4550 = SURFACE_OF_LINEAR_EXTRUSION('',#4551,#4555);
#4551 = B_SPLINE_CURVE_WITH_KNOTS('',2,(#4552,#4553,#4554),
  .UNSPECIFIED.,.F.,.F.,(3,3),(0.,1.),.PIECEWISE_BEZIER_KNOTS.);
#4552 = CARTESIAN_POINT('',(-3.609198713056,-0.20734421365,10.));
#4553 = CARTESIAN_POINT('',(-3.609198713056,-0.167359050445,10.));
#4554 = CARTESIAN_POINT('',(-3.597255092878,-0.143471810089,10.));
#4555 = VECTOR('',#4556,1.);
#4556 = DIRECTION('',(-0.,-0.,1.));
#4557 = ADVANCED_FACE('',(#4558),#4574,.F.);
#4558 = FACE_BOUND('',#4559,.F.);
#4559 = EDGE_LOOP('',(#4560,#4561,#4567,#4568));
#4560 = ORIENTED_EDGE('',*,*,#3784,.T.);
#4561 = ORIENTED_EDGE('',*,*,#4562,.T.);
#4562 = EDGE_CURVE('',#3777,#4531,#4563,.T.);
#4563 = B_SPLINE_CURVE_WITH_KNOTS('',2,(#4564,#4565,#4566),
  .UNSPECIFIED.,.F.,.F.,(3,3),(0.,1.),.PIECEWISE_BEZIER_KNOTS.);
#4564 = CARTESIAN_POINT('',(-3.561424232344,-0.331454005935,9.6));
#4565 = CARTESIAN_POINT('',(-3.609198713056,-0.279265578635,9.6));
#4566 = CARTESIAN_POINT('',(-3.609198713056,-0.20734421365,9.6));
#4567 = ORIENTED_EDGE('',*,*,#4528,.F.);
#4568 = ORIENTED_EDGE('',*,*,#4569,.F.);
#4569 = EDGE_CURVE('',#3785,#4529,#4570,.T.);
#4570 = B_SPLINE_CURVE_WITH_KNOTS('',2,(#4571,#4572,#4573),
  .UNSPECIFIED.,.F.,.F.,(3,3),(0.,1.),.PIECEWISE_BEZIER_KNOTS.);
#4571 = CARTESIAN_POINT('',(-3.561424232344,-0.331454005935,10.));
#4572 = CARTESIAN_POINT('',(-3.609198713056,-0.279265578635,10.));
#4573 = CARTESIAN_POINT('',(-3.609198713056,-0.20734421365,10.));
#4574 = SURFACE_OF_LINEAR_EXTRUSION('',#4575,#4579);
#4575 = B_SPLINE_CURVE_WITH_KNOTS('',2,(#4576,#4577,#4578),
  .UNSPECIFIED.,.F.,.F.,(3,3),(0.,1.),.PIECEWISE_BEZIER_KNOTS.);
#4576 = CARTESIAN_POINT('',(-3.561424232344,-0.331454005935,10.));
#4577 = CARTESIAN_POINT('',(-3.609198713056,-0.279265578635,10.));
#4578 = CARTESIAN_POINT('',(-3.609198713056,-0.20734421365,10.));
#4579 = VECTOR('',#4580,1.);
#4580 = DIRECTION('',(-0.,-0.,1.));
#4581 = ADVANCED_FACE('',(#4582),#4616,.F.);
#4582 = FACE_BOUND('',#4583,.F.);
#4583 = EDGE_LOOP('',(#4584,#4594,#4602,#4610));
#4584 = ORIENTED_EDGE('',*,*,#4585,.T.);
#4585 = EDGE_CURVE('',#4586,#4588,#4590,.T.);
#4586 = VERTEX_POINT('',#4587);
#4587 = CARTESIAN_POINT('',(-2.302670523145,2.474777448071,10.));
#4588 = VERTEX_POINT('',#4589);
#4589 = CARTESIAN_POINT('',(-2.302670523145,2.474777448071,9.6));
#4590 = LINE('',#4591,#4592);
#4591 = CARTESIAN_POINT('',(-2.302670523145,2.474777448071,10.));
#4592 = VECTOR('',#4593,1.);
#4593 = DIRECTION('',(0.,0.,-1.));
#4594 = ORIENTED_EDGE('',*,*,#4595,.T.);
#4595 = EDGE_CURVE('',#4588,#4596,#4598,.T.);
#4596 = VERTEX_POINT('',#4597);
#4597 = CARTESIAN_POINT('',(-1.87321948457,2.573961424332,9.6));
#4598 = B_SPLINE_CURVE_WITH_KNOTS('',2,(#4599,#4600,#4601),
  .UNSPECIFIED.,.F.,.F.,(3,3),(0.,1.),.PIECEWISE_BEZIER_KNOTS.);
#4599 = CARTESIAN_POINT('',(-2.302670523145,2.474777448071,9.6));
#4600 = CARTESIAN_POINT('',(-2.064057763501,2.474777448071,9.6));
#4601 = CARTESIAN_POINT('',(-1.87321948457,2.573961424332,9.6));
#4602 = ORIENTED_EDGE('',*,*,#4603,.F.);
#4603 = EDGE_CURVE('',#4604,#4596,#4606,.T.);
#4604 = VERTEX_POINT('',#4605);
#4605 = CARTESIAN_POINT('',(-1.87321948457,2.573961424332,10.));
#4606 = LINE('',#4607,#4608);
#4607 = CARTESIAN_POINT('',(-1.87321948457,2.573961424332,10.));
#4608 = VECTOR('',#4609,1.);
#4609 = DIRECTION('',(0.,0.,-1.));
#4610 = ORIENTED_EDGE('',*,*,#4611,.F.);
#4611 = EDGE_CURVE('',#4586,#4604,#4612,.T.);
#4612 = B_SPLINE_CURVE_WITH_KNOTS('',2,(#4613,#4614,#4615),
  .UNSPECIFIED.,.F.,.F.,(3,3),(0.,1.),.PIECEWISE_BEZIER_KNOTS.);
#4613 = CARTESIAN_POINT('',(-2.302670523145,2.474777448071,10.));
#4614 = CARTESIAN_POINT('',(-2.064057763501,2.474777448071,10.));
#4615 = CARTESIAN_POINT('',(-1.87321948457,2.573961424332,10.));
#4616 = SURFACE_OF_LINEAR_EXTRUSION('',#4617,#4621);
#4617 = B_SPLINE_CURVE_WITH_KNOTS('',2,(#4618,#4619,#4620),
  .UNSPECIFIED.,.F.,.F.,(3,3),(0.,1.),.PIECEWISE_BEZIER_KNOTS.);
#4618 = CARTESIAN_POINT('',(-2.302670523145,2.474777448071,10.));
#4619 = CARTESIAN_POINT('',(-2.064057763501,2.474777448071,10.));
#4620 = CARTESIAN_POINT('',(-1.87321948457,2.573961424332,10.));
#4621 = VECTOR('',#4622,1.);
#4622 = DIRECTION('',(-0.,-0.,1.));
#4623 = ADVANCED_FACE('',(#4624),#4649,.F.);
#4624 = FACE_BOUND('',#4625,.F.);
#4625 = EDGE_LOOP('',(#4626,#4636,#4642,#4643));
#4626 = ORIENTED_EDGE('',*,*,#4627,.T.);
#4627 = EDGE_CURVE('',#4628,#4630,#4632,.T.);
#4628 = VERTEX_POINT('',#4629);
#4629 = CARTESIAN_POINT('',(-2.724072600297,2.573961424332,10.));
#4630 = VERTEX_POINT('',#4631);
#4631 = CARTESIAN_POINT('',(-2.724072600297,2.573961424332,9.6));
#4632 = LINE('',#4633,#4634);
#4633 = CARTESIAN_POINT('',(-2.724072600297,2.573961424332,10.));
#4634 = VECTOR('',#4635,1.);
#4635 = DIRECTION('',(0.,0.,-1.));
#4636 = ORIENTED_EDGE('',*,*,#4637,.T.);
#4637 = EDGE_CURVE('',#4630,#4588,#4638,.T.);
#4638 = B_SPLINE_CURVE_WITH_KNOTS('',2,(#4639,#4640,#4641),
  .UNSPECIFIED.,.F.,.F.,(3,3),(0.,1.),.PIECEWISE_BEZIER_KNOTS.);
#4639 = CARTESIAN_POINT('',(-2.724072600297,2.573961424332,9.6));
#4640 = CARTESIAN_POINT('',(-2.533234321365,2.474777448071,9.6));
#4641 = CARTESIAN_POINT('',(-2.302670523145,2.474777448071,9.6));
#4642 = ORIENTED_EDGE('',*,*,#4585,.F.);
#4643 = ORIENTED_EDGE('',*,*,#4644,.F.);
#4644 = EDGE_CURVE('',#4628,#4586,#4645,.T.);
#4645 = B_SPLINE_CURVE_WITH_KNOTS('',2,(#4646,#4647,#4648),
  .UNSPECIFIED.,.F.,.F.,(3,3),(0.,1.),.PIECEWISE_BEZIER_KNOTS.);
#4646 = CARTESIAN_POINT('',(-2.724072600297,2.573961424332,10.));
#4647 = CARTESIAN_POINT('',(-2.533234321365,2.474777448071,10.));
#4648 = CARTESIAN_POINT('',(-2.302670523145,2.474777448071,10.));
#4649 = SURFACE_OF_LINEAR_EXTRUSION('',#4650,#4654);
#4650 = B_SPLINE_CURVE_WITH_KNOTS('',2,(#4651,#4652,#4653),
  .UNSPECIFIED.,.F.,.F.,(3,3),(0.,1.),.PIECEWISE_BEZIER_KNOTS.);
#4651 = CARTESIAN_POINT('',(-2.724072600297,2.573961424332,10.));
#4652 = CARTESIAN_POINT('',(-2.533234321365,2.474777448071,10.));
#4653 = CARTESIAN_POINT('',(-2.302670523145,2.474777448071,10.));
#4654 = VECTOR('',#4655,1.);
#4655 = DIRECTION('',(-0.,-0.,1.));
#4656 = ADVANCED_FACE('',(#4657),#4682,.F.);
#4657 = FACE_BOUND('',#4658,.F.);
#4658 = EDGE_LOOP('',(#4659,#4669,#4675,#4676));
#4659 = ORIENTED_EDGE('',*,*,#4660,.T.);
#4660 = EDGE_CURVE('',#4661,#4663,#4665,.T.);
#4661 = VERTEX_POINT('',#4662);
#4662 = CARTESIAN_POINT('',(-3.026298119585,2.856194362018,10.));
#4663 = VERTEX_POINT('',#4664);
#4664 = CARTESIAN_POINT('',(-3.026298119585,2.856194362018,9.6));
#4665 = LINE('',#4666,#4667);
#4666 = CARTESIAN_POINT('',(-3.026298119585,2.856194362018,10.));
#4667 = VECTOR('',#4668,1.);
#4668 = DIRECTION('',(0.,0.,-1.));
#4669 = ORIENTED_EDGE('',*,*,#4670,.T.);
#4670 = EDGE_CURVE('',#4663,#4630,#4671,.T.);
#4671 = B_SPLINE_CURVE_WITH_KNOTS('',2,(#4672,#4673,#4674),
  .UNSPECIFIED.,.F.,.F.,(3,3),(0.,1.),.PIECEWISE_BEZIER_KNOTS.);
#4672 = CARTESIAN_POINT('',(-3.026298119585,2.856194362018,9.6));
#4673 = CARTESIAN_POINT('',(-2.914910879228,2.67340504451,9.6));
#4674 = CARTESIAN_POINT('',(-2.724072600297,2.573961424332,9.6));
#4675 = ORIENTED_EDGE('',*,*,#4627,.F.);
#4676 = ORIENTED_EDGE('',*,*,#4677,.F.);
#4677 = EDGE_CURVE('',#4661,#4628,#4678,.T.);
#4678 = B_SPLINE_CURVE_WITH_KNOTS('',2,(#4679,#4680,#4681),
  .UNSPECIFIED.,.F.,.F.,(3,3),(0.,1.),.PIECEWISE_BEZIER_KNOTS.);
#4679 = CARTESIAN_POINT('',(-3.026298119585,2.856194362018,10.));
#4680 = CARTESIAN_POINT('',(-2.914910879228,2.67340504451,10.));
#4681 = CARTESIAN_POINT('',(-2.724072600297,2.573961424332,10.));
#4682 = SURFACE_OF_LINEAR_EXTRUSION('',#4683,#4687);
#4683 = B_SPLINE_CURVE_WITH_KNOTS('',2,(#4684,#4685,#4686),
  .UNSPECIFIED.,.F.,.F.,(3,3),(0.,1.),.PIECEWISE_BEZIER_KNOTS.);
#4684 = CARTESIAN_POINT('',(-3.026298119585,2.856194362018,10.));
#4685 = CARTESIAN_POINT('',(-2.914910879228,2.67340504451,10.));
#4686 = CARTESIAN_POINT('',(-2.724072600297,2.573961424332,10.));
#4687 = VECTOR('',#4688,1.);
#4688 = DIRECTION('',(-0.,-0.,1.));
#4689 = ADVANCED_FACE('',(#4690),#4715,.F.);
#4690 = FACE_BOUND('',#4691,.F.);
#4691 = EDGE_LOOP('',(#4692,#4702,#4708,#4709));
#4692 = ORIENTED_EDGE('',*,*,#4693,.T.);
#4693 = EDGE_CURVE('',#4694,#4696,#4698,.T.);
#4694 = VERTEX_POINT('',#4695);
#4695 = CARTESIAN_POINT('',(-3.137685359941,3.301743323442,10.));
#4696 = VERTEX_POINT('',#4697);
#4697 = CARTESIAN_POINT('',(-3.137685359941,3.301743323442,9.6));
#4698 = LINE('',#4699,#4700);
#4699 = CARTESIAN_POINT('',(-3.137685359941,3.301743323442,10.));
#4700 = VECTOR('',#4701,1.);
#4701 = DIRECTION('',(0.,0.,-1.));
#4702 = ORIENTED_EDGE('',*,*,#4703,.T.);
#4703 = EDGE_CURVE('',#4696,#4663,#4704,.T.);
#4704 = B_SPLINE_CURVE_WITH_KNOTS('',2,(#4705,#4706,#4707),
  .UNSPECIFIED.,.F.,.F.,(3,3),(0.,1.),.PIECEWISE_BEZIER_KNOTS.);
#4705 = CARTESIAN_POINT('',(-3.137685359941,3.301743323442,9.6));
#4706 = CARTESIAN_POINT('',(-3.137685359941,3.039243323442,9.6));
#4707 = CARTESIAN_POINT('',(-3.026298119585,2.856194362018,9.6));
#4708 = ORIENTED_EDGE('',*,*,#4660,.F.);
#4709 = ORIENTED_EDGE('',*,*,#4710,.F.);
#4710 = EDGE_CURVE('',#4694,#4661,#4711,.T.);
#4711 = B_SPLINE_CURVE_WITH_KNOTS('',2,(#4712,#4713,#4714),
  .UNSPECIFIED.,.F.,.F.,(3,3),(0.,1.),.PIECEWISE_BEZIER_KNOTS.);
#4712 = CARTESIAN_POINT('',(-3.137685359941,3.301743323442,10.));
#4713 = CARTESIAN_POINT('',(-3.137685359941,3.039243323442,10.));
#4714 = CARTESIAN_POINT('',(-3.026298119585,2.856194362018,10.));
#4715 = SURFACE_OF_LINEAR_EXTRUSION('',#4716,#4720);
#4716 = B_SPLINE_CURVE_WITH_KNOTS('',2,(#4717,#4718,#4719),
  .UNSPECIFIED.,.F.,.F.,(3,3),(0.,1.),.PIECEWISE_BEZIER_KNOTS.);
#4717 = CARTESIAN_POINT('',(-3.137685359941,3.301743323442,10.));
#4718 = CARTESIAN_POINT('',(-3.137685359941,3.039243323442,10.));
#4719 = CARTESIAN_POINT('',(-3.026298119585,2.856194362018,10.));
#4720 = VECTOR('',#4721,1.);
#4721 = DIRECTION('',(-0.,-0.,1.));
#4722 = ADVANCED_FACE('',(#4723),#4748,.F.);
#4723 = FACE_BOUND('',#4724,.F.);
#4724 = EDGE_LOOP('',(#4725,#4735,#4741,#4742));
#4725 = ORIENTED_EDGE('',*,*,#4726,.T.);
#4726 = EDGE_CURVE('',#4727,#4729,#4731,.T.);
#4727 = VERTEX_POINT('',#4728);
#4728 = CARTESIAN_POINT('',(-3.026298119585,3.750667655786,10.));
#4729 = VERTEX_POINT('',#4730);
#4730 = CARTESIAN_POINT('',(-3.026298119585,3.750667655786,9.6));
#4731 = LINE('',#4732,#4733);
#4732 = CARTESIAN_POINT('',(-3.026298119585,3.750667655786,10.));
#4733 = VECTOR('',#4734,1.);
#4734 = DIRECTION('',(0.,0.,-1.));
#4735 = ORIENTED_EDGE('',*,*,#4736,.T.);
#4736 = EDGE_CURVE('',#4729,#4696,#4737,.T.);
#4737 = B_SPLINE_CURVE_WITH_KNOTS('',2,(#4738,#4739,#4740),
  .UNSPECIFIED.,.F.,.F.,(3,3),(0.,1.),.PIECEWISE_BEZIER_KNOTS.);
#4738 = CARTESIAN_POINT('',(-3.026298119585,3.750667655786,9.6));
#4739 = CARTESIAN_POINT('',(-3.137685359941,3.563983679525,9.6));
#4740 = CARTESIAN_POINT('',(-3.137685359941,3.301743323442,9.6));
#4741 = ORIENTED_EDGE('',*,*,#4693,.F.);
#4742 = ORIENTED_EDGE('',*,*,#4743,.F.);
#4743 = EDGE_CURVE('',#4727,#4694,#4744,.T.);
#4744 = B_SPLINE_CURVE_WITH_KNOTS('',2,(#4745,#4746,#4747),
  .UNSPECIFIED.,.F.,.F.,(3,3),(0.,1.),.PIECEWISE_BEZIER_KNOTS.);
#4745 = CARTESIAN_POINT('',(-3.026298119585,3.750667655786,10.));
#4746 = CARTESIAN_POINT('',(-3.137685359941,3.563983679525,10.));
#4747 = CARTESIAN_POINT('',(-3.137685359941,3.301743323442,10.));
#4748 = SURFACE_OF_LINEAR_EXTRUSION('',#4749,#4753);
#4749 = B_SPLINE_CURVE_WITH_KNOTS('',2,(#4750,#4751,#4752),
  .UNSPECIFIED.,.F.,.F.,(3,3),(0.,1.),.PIECEWISE_BEZIER_KNOTS.);
#4750 = CARTESIAN_POINT('',(-3.026298119585,3.750667655786,10.));
#4751 = CARTESIAN_POINT('',(-3.137685359941,3.563983679525,10.));
#4752 = CARTESIAN_POINT('',(-3.137685359941,3.301743323442,10.));
#4753 = VECTOR('',#4754,1.);
#4754 = DIRECTION('',(-0.,-0.,1.));
#4755 = ADVANCED_FACE('',(#4756),#4781,.F.);
#4756 = FACE_BOUND('',#4757,.F.);
#4757 = EDGE_LOOP('',(#4758,#4768,#4774,#4775));
#4758 = ORIENTED_EDGE('',*,*,#4759,.T.);
#4759 = EDGE_CURVE('',#4760,#4762,#4764,.T.);
#4760 = VERTEX_POINT('',#4761);
#4761 = CARTESIAN_POINT('',(-2.724072600297,4.037054896142,10.));
#4762 = VERTEX_POINT('',#4763);
#4763 = CARTESIAN_POINT('',(-2.724072600297,4.037054896142,9.6));
#4764 = LINE('',#4765,#4766);
#4765 = CARTESIAN_POINT('',(-2.724072600297,4.037054896142,10.));
#4766 = VECTOR('',#4767,1.);
#4767 = DIRECTION('',(0.,0.,-1.));
#4768 = ORIENTED_EDGE('',*,*,#4769,.T.);
#4769 = EDGE_CURVE('',#4762,#4729,#4770,.T.);
#4770 = B_SPLINE_CURVE_WITH_KNOTS('',2,(#4771,#4772,#4773),
  .UNSPECIFIED.,.F.,.F.,(3,3),(0.,1.),.PIECEWISE_BEZIER_KNOTS.);
#4771 = CARTESIAN_POINT('',(-2.724072600297,4.037054896142,9.6));
#4772 = CARTESIAN_POINT('',(-2.914910879228,3.937611275964,9.6));
#4773 = CARTESIAN_POINT('',(-3.026298119585,3.750667655786,9.6));
#4774 = ORIENTED_EDGE('',*,*,#4726,.F.);
#4775 = ORIENTED_EDGE('',*,*,#4776,.F.);
#4776 = EDGE_CURVE('',#4760,#4727,#4777,.T.);
#4777 = B_SPLINE_CURVE_WITH_KNOTS('',2,(#4778,#4779,#4780),
  .UNSPECIFIED.,.F.,.F.,(3,3),(0.,1.),.PIECEWISE_BEZIER_KNOTS.);
#4778 = CARTESIAN_POINT('',(-2.724072600297,4.037054896142,10.));
#4779 = CARTESIAN_POINT('',(-2.914910879228,3.937611275964,10.));
#4780 = CARTESIAN_POINT('',(-3.026298119585,3.750667655786,10.));
#4781 = SURFACE_OF_LINEAR_EXTRUSION('',#4782,#4786);
#4782 = B_SPLINE_CURVE_WITH_KNOTS('',2,(#4783,#4784,#4785),
  .UNSPECIFIED.,.F.,.F.,(3,3),(0.,1.),.PIECEWISE_BEZIER_KNOTS.);
#4783 = CARTESIAN_POINT('',(-2.724072600297,4.037054896142,10.));
#4784 = CARTESIAN_POINT('',(-2.914910879228,3.937611275964,10.));
#4785 = CARTESIAN_POINT('',(-3.026298119585,3.750667655786,10.));
#4786 = VECTOR('',#4787,1.);
#4787 = DIRECTION('',(-0.,-0.,1.));
#4788 = ADVANCED_FACE('',(#4789),#4814,.F.);
#4789 = FACE_BOUND('',#4790,.F.);
#4790 = EDGE_LOOP('',(#4791,#4801,#4807,#4808));
#4791 = ORIENTED_EDGE('',*,*,#4792,.T.);
#4792 = EDGE_CURVE('',#4793,#4795,#4797,.T.);
#4793 = VERTEX_POINT('',#4794);
#4794 = CARTESIAN_POINT('',(-2.302670523145,4.13649851632,10.));
#4795 = VERTEX_POINT('',#4796);
#4796 = CARTESIAN_POINT('',(-2.302670523145,4.13649851632,9.6));
#4797 = LINE('',#4798,#4799);
#4798 = CARTESIAN_POINT('',(-2.302670523145,4.13649851632,10.));
#4799 = VECTOR('',#4800,1.);
#4800 = DIRECTION('',(0.,0.,-1.));
#4801 = ORIENTED_EDGE('',*,*,#4802,.T.);
#4802 = EDGE_CURVE('',#4795,#4762,#4803,.T.);
#4803 = B_SPLINE_CURVE_WITH_KNOTS('',2,(#4804,#4805,#4806),
  .UNSPECIFIED.,.F.,.F.,(3,3),(0.,1.),.PIECEWISE_BEZIER_KNOTS.);
#4804 = CARTESIAN_POINT('',(-2.302670523145,4.13649851632,9.6));
#4805 = CARTESIAN_POINT('',(-2.533234321365,4.13649851632,9.6));
#4806 = CARTESIAN_POINT('',(-2.724072600297,4.037054896142,9.6));
#4807 = ORIENTED_EDGE('',*,*,#4759,.F.);
#4808 = ORIENTED_EDGE('',*,*,#4809,.F.);
#4809 = EDGE_CURVE('',#4793,#4760,#4810,.T.);
#4810 = B_SPLINE_CURVE_WITH_KNOTS('',2,(#4811,#4812,#4813),
  .UNSPECIFIED.,.F.,.F.,(3,3),(0.,1.),.PIECEWISE_BEZIER_KNOTS.);
#4811 = CARTESIAN_POINT('',(-2.302670523145,4.13649851632,10.));
#4812 = CARTESIAN_POINT('',(-2.533234321365,4.13649851632,10.));
#4813 = CARTESIAN_POINT('',(-2.724072600297,4.037054896142,10.));
#4814 = SURFACE_OF_LINEAR_EXTRUSION('',#4815,#4819);
#4815 = B_SPLINE_CURVE_WITH_KNOTS('',2,(#4816,#4817,#4818),
  .UNSPECIFIED.,.F.,.F.,(3,3),(0.,1.),.PIECEWISE_BEZIER_KNOTS.);
#4816 = CARTESIAN_POINT('',(-2.302670523145,4.13649851632,10.));
#4817 = CARTESIAN_POINT('',(-2.533234321365,4.13649851632,10.));
#4818 = CARTESIAN_POINT('',(-2.724072600297,4.037054896142,10.));
#4819 = VECTOR('',#4820,1.);
#4820 = DIRECTION('',(-0.,-0.,1.));
#4821 = ADVANCED_FACE('',(#4822),#4847,.F.);
#4822 = FACE_BOUND('',#4823,.F.);
#4823 = EDGE_LOOP('',(#4824,#4834,#4840,#4841));
#4824 = ORIENTED_EDGE('',*,*,#4825,.T.);
#4825 = EDGE_CURVE('',#4826,#4828,#4830,.T.);
#4826 = VERTEX_POINT('',#4827);
#4827 = CARTESIAN_POINT('',(-1.87321948457,4.037054896142,10.));
#4828 = VERTEX_POINT('',#4829);
#4829 = CARTESIAN_POINT('',(-1.87321948457,4.037054896142,9.6));
#4830 = LINE('',#4831,#4832);
#4831 = CARTESIAN_POINT('',(-1.87321948457,4.037054896142,10.));
#4832 = VECTOR('',#4833,1.);
#4833 = DIRECTION('',(0.,0.,-1.));
#4834 = ORIENTED_EDGE('',*,*,#4835,.T.);
#4835 = EDGE_CURVE('',#4828,#4795,#4836,.T.);
#4836 = B_SPLINE_CURVE_WITH_KNOTS('',2,(#4837,#4838,#4839),
  .UNSPECIFIED.,.F.,.F.,(3,3),(0.,1.),.PIECEWISE_BEZIER_KNOTS.);
#4837 = CARTESIAN_POINT('',(-1.87321948457,4.037054896142,9.6));
#4838 = CARTESIAN_POINT('',(-2.064057763501,4.13649851632,9.6));
#4839 = CARTESIAN_POINT('',(-2.302670523145,4.13649851632,9.6));
#4840 = ORIENTED_EDGE('',*,*,#4792,.F.);
#4841 = ORIENTED_EDGE('',*,*,#4842,.F.);
#4842 = EDGE_CURVE('',#4826,#4793,#4843,.T.);
#4843 = B_SPLINE_CURVE_WITH_KNOTS('',2,(#4844,#4845,#4846),
  .UNSPECIFIED.,.F.,.F.,(3,3),(0.,1.),.PIECEWISE_BEZIER_KNOTS.);
#4844 = CARTESIAN_POINT('',(-1.87321948457,4.037054896142,10.));
#4845 = CARTESIAN_POINT('',(-2.064057763501,4.13649851632,10.));
#4846 = CARTESIAN_POINT('',(-2.302670523145,4.13649851632,10.));
#4847 = SURFACE_OF_LINEAR_EXTRUSION('',#4848,#4852);
#4848 = B_SPLINE_CURVE_WITH_KNOTS('',2,(#4849,#4850,#4851),
  .UNSPECIFIED.,.F.,.F.,(3,3),(0.,1.),.PIECEWISE_BEZIER_KNOTS.);
#4849 = CARTESIAN_POINT('',(-1.87321948457,4.037054896142,10.));
#4850 = CARTESIAN_POINT('',(-2.064057763501,4.13649851632,10.));
#4851 = CARTESIAN_POINT('',(-2.302670523145,4.13649851632,10.));
#4852 = VECTOR('',#4853,1.);
#4853 = DIRECTION('',(-0.,-0.,1.));
#4854 = ADVANCED_FACE('',(#4855),#4880,.F.);
#4855 = FACE_BOUND('',#4856,.F.);
#4856 = EDGE_LOOP('',(#4857,#4867,#4873,#4874));
#4857 = ORIENTED_EDGE('',*,*,#4858,.T.);
#4858 = EDGE_CURVE('',#4859,#4861,#4863,.T.);
#4859 = VERTEX_POINT('',#4860);
#4860 = CARTESIAN_POINT('',(-1.570993965282,3.750667655786,10.));
#4861 = VERTEX_POINT('',#4862);
#4862 = CARTESIAN_POINT('',(-1.570993965282,3.750667655786,9.6));
#4863 = LINE('',#4864,#4865);
#4864 = CARTESIAN_POINT('',(-1.570993965282,3.750667655786,10.));
#4865 = VECTOR('',#4866,1.);
#4866 = DIRECTION('',(0.,0.,-1.));
#4867 = ORIENTED_EDGE('',*,*,#4868,.T.);
#4868 = EDGE_CURVE('',#4861,#4828,#4869,.T.);
#4869 = B_SPLINE_CURVE_WITH_KNOTS('',2,(#4870,#4871,#4872),
  .UNSPECIFIED.,.F.,.F.,(3,3),(0.,1.),.PIECEWISE_BEZIER_KNOTS.);
#4870 = CARTESIAN_POINT('',(-1.570993965282,3.750667655786,9.6));
#4871 = CARTESIAN_POINT('',(-1.682381205638,3.937611275964,9.6));
#4872 = CARTESIAN_POINT('',(-1.87321948457,4.037054896142,9.6));
#4873 = ORIENTED_EDGE('',*,*,#4825,.F.);
#4874 = ORIENTED_EDGE('',*,*,#4875,.F.);
#4875 = EDGE_CURVE('',#4859,#4826,#4876,.T.);
#4876 = B_SPLINE_CURVE_WITH_KNOTS('',2,(#4877,#4878,#4879),
  .UNSPECIFIED.,.F.,.F.,(3,3),(0.,1.),.PIECEWISE_BEZIER_KNOTS.);
#4877 = CARTESIAN_POINT('',(-1.570993965282,3.750667655786,10.));
#4878 = CARTESIAN_POINT('',(-1.682381205638,3.937611275964,10.));
#4879 = CARTESIAN_POINT('',(-1.87321948457,4.037054896142,10.));
#4880 = SURFACE_OF_LINEAR_EXTRUSION('',#4881,#4885);
#4881 = B_SPLINE_CURVE_WITH_KNOTS('',2,(#4882,#4883,#4884),
  .UNSPECIFIED.,.F.,.F.,(3,3),(0.,1.),.PIECEWISE_BEZIER_KNOTS.);
#4882 = CARTESIAN_POINT('',(-1.570993965282,3.750667655786,10.));
#4883 = CARTESIAN_POINT('',(-1.682381205638,3.937611275964,10.));
#4884 = CARTESIAN_POINT('',(-1.87321948457,4.037054896142,10.));
#4885 = VECTOR('',#4886,1.);
#4886 = DIRECTION('',(-0.,-0.,1.));
#4887 = ADVANCED_FACE('',(#4888),#4913,.F.);
#4888 = FACE_BOUND('',#4889,.F.);
#4889 = EDGE_LOOP('',(#4890,#4900,#4906,#4907));
#4890 = ORIENTED_EDGE('',*,*,#4891,.T.);
#4891 = EDGE_CURVE('',#4892,#4894,#4896,.T.);
#4892 = VERTEX_POINT('',#4893);
#4893 = CARTESIAN_POINT('',(-1.459347081009,3.301743323442,10.));
#4894 = VERTEX_POINT('',#4895);
#4895 = CARTESIAN_POINT('',(-1.459347081009,3.301743323442,9.6));
#4896 = LINE('',#4897,#4898);
#4897 = CARTESIAN_POINT('',(-1.459347081009,3.301743323442,10.));
#4898 = VECTOR('',#4899,1.);
#4899 = DIRECTION('',(0.,0.,-1.));
#4900 = ORIENTED_EDGE('',*,*,#4901,.T.);
#4901 = EDGE_CURVE('',#4894,#4861,#4902,.T.);
#4902 = B_SPLINE_CURVE_WITH_KNOTS('',2,(#4903,#4904,#4905),
  .UNSPECIFIED.,.F.,.F.,(3,3),(0.,1.),.PIECEWISE_BEZIER_KNOTS.);
#4903 = CARTESIAN_POINT('',(-1.459347081009,3.301743323442,9.6));
#4904 = CARTESIAN_POINT('',(-1.459347081009,3.563983679525,9.6));
#4905 = CARTESIAN_POINT('',(-1.570993965282,3.750667655786,9.6));
#4906 = ORIENTED_EDGE('',*,*,#4858,.F.);
#4907 = ORIENTED_EDGE('',*,*,#4908,.F.);
#4908 = EDGE_CURVE('',#4892,#4859,#4909,.T.);
#4909 = B_SPLINE_CURVE_WITH_KNOTS('',2,(#4910,#4911,#4912),
  .UNSPECIFIED.,.F.,.F.,(3,3),(0.,1.),.PIECEWISE_BEZIER_KNOTS.);
#4910 = CARTESIAN_POINT('',(-1.459347081009,3.301743323442,10.));
#4911 = CARTESIAN_POINT('',(-1.459347081009,3.563983679525,10.));
#4912 = CARTESIAN_POINT('',(-1.570993965282,3.750667655786,10.));
#4913 = SURFACE_OF_LINEAR_EXTRUSION('',#4914,#4918);
#4914 = B_SPLINE_CURVE_WITH_KNOTS('',2,(#4915,#4916,#4917),
  .UNSPECIFIED.,.F.,.F.,(3,3),(0.,1.),.PIECEWISE_BEZIER_KNOTS.);
#4915 = CARTESIAN_POINT('',(-1.459347081009,3.301743323442,10.));
#4916 = CARTESIAN_POINT('',(-1.459347081009,3.563983679525,10.));
#4917 = CARTESIAN_POINT('',(-1.570993965282,3.750667655786,10.));
#4918 = VECTOR('',#4919,1.);
#4919 = DIRECTION('',(-0.,-0.,1.));
#4920 = ADVANCED_FACE('',(#4921),#4946,.F.);
#4921 = FACE_BOUND('',#4922,.F.);
#4922 = EDGE_LOOP('',(#4923,#4933,#4939,#4940));
#4923 = ORIENTED_EDGE('',*,*,#4924,.T.);
#4924 = EDGE_CURVE('',#4925,#4927,#4929,.T.);
#4925 = VERTEX_POINT('',#4926);
#4926 = CARTESIAN_POINT('',(-1.570993965282,2.856194362018,10.));
#4927 = VERTEX_POINT('',#4928);
#4928 = CARTESIAN_POINT('',(-1.570993965282,2.856194362018,9.6));
#4929 = LINE('',#4930,#4931);
#4930 = CARTESIAN_POINT('',(-1.570993965282,2.856194362018,10.));
#4931 = VECTOR('',#4932,1.);
#4932 = DIRECTION('',(0.,0.,-1.));
#4933 = ORIENTED_EDGE('',*,*,#4934,.T.);
#4934 = EDGE_CURVE('',#4927,#4894,#4935,.T.);
#4935 = B_SPLINE_CURVE_WITH_KNOTS('',2,(#4936,#4937,#4938),
  .UNSPECIFIED.,.F.,.F.,(3,3),(0.,1.),.PIECEWISE_BEZIER_KNOTS.);
#4936 = CARTESIAN_POINT('',(-1.570993965282,2.856194362018,9.6));
#4937 = CARTESIAN_POINT('',(-1.459347081009,3.039243323442,9.6));
#4938 = CARTESIAN_POINT('',(-1.459347081009,3.301743323442,9.6));
#4939 = ORIENTED_EDGE('',*,*,#4891,.F.);
#4940 = ORIENTED_EDGE('',*,*,#4941,.F.);
#4941 = EDGE_CURVE('',#4925,#4892,#4942,.T.);
#4942 = B_SPLINE_CURVE_WITH_KNOTS('',2,(#4943,#4944,#4945),
  .UNSPECIFIED.,.F.,.F.,(3,3),(0.,1.),.PIECEWISE_BEZIER_KNOTS.);
#4943 = CARTESIAN_POINT('',(-1.570993965282,2.856194362018,10.));
#4944 = CARTESIAN_POINT('',(-1.459347081009,3.039243323442,10.));
#4945 = CARTESIAN_POINT('',(-1.459347081009,3.301743323442,10.));
#4946 = SURFACE_OF_LINEAR_EXTRUSION('',#4947,#4951);
#4947 = B_SPLINE_CURVE_WITH_KNOTS('',2,(#4948,#4949,#4950),
  .UNSPECIFIED.,.F.,.F.,(3,3),(0.,1.),.PIECEWISE_BEZIER_KNOTS.);
#4948 = CARTESIAN_POINT('',(-1.570993965282,2.856194362018,10.));
#4949 = CARTESIAN_POINT('',(-1.459347081009,3.039243323442,10.));
#4950 = CARTESIAN_POINT('',(-1.459347081009,3.301743323442,10.));
#4951 = VECTOR('',#4952,1.);
#4952 = DIRECTION('',(-0.,-0.,1.));
#4953 = ADVANCED_FACE('',(#4954),#4970,.F.);
#4954 = FACE_BOUND('',#4955,.F.);
#4955 = EDGE_LOOP('',(#4956,#4957,#4963,#4964));
#4956 = ORIENTED_EDGE('',*,*,#4603,.T.);
#4957 = ORIENTED_EDGE('',*,*,#4958,.T.);
#4958 = EDGE_CURVE('',#4596,#4927,#4959,.T.);
#4959 = B_SPLINE_CURVE_WITH_KNOTS('',2,(#4960,#4961,#4962),
  .UNSPECIFIED.,.F.,.F.,(3,3),(0.,1.),.PIECEWISE_BEZIER_KNOTS.);
#4960 = CARTESIAN_POINT('',(-1.87321948457,2.573961424332,9.6));
#4961 = CARTESIAN_POINT('',(-1.682381205638,2.67340504451,9.6));
#4962 = CARTESIAN_POINT('',(-1.570993965282,2.856194362018,9.6));
#4963 = ORIENTED_EDGE('',*,*,#4924,.F.);
#4964 = ORIENTED_EDGE('',*,*,#4965,.F.);
#4965 = EDGE_CURVE('',#4604,#4925,#4966,.T.);
#4966 = B_SPLINE_CURVE_WITH_KNOTS('',2,(#4967,#4968,#4969),
  .UNSPECIFIED.,.F.,.F.,(3,3),(0.,1.),.PIECEWISE_BEZIER_KNOTS.);
#4967 = CARTESIAN_POINT('',(-1.87321948457,2.573961424332,10.));
#4968 = CARTESIAN_POINT('',(-1.682381205638,2.67340504451,10.));
#4969 = CARTESIAN_POINT('',(-1.570993965282,2.856194362018,10.));
#4970 = SURFACE_OF_LINEAR_EXTRUSION('',#4971,#4975);
#4971 = B_SPLINE_CURVE_WITH_KNOTS('',2,(#4972,#4973,#4974),
  .UNSPECIFIED.,.F.,.F.,(3,3),(0.,1.),.PIECEWISE_BEZIER_KNOTS.);
#4972 = CARTESIAN_POINT('',(-1.87321948457,2.573961424332,10.));
#4973 = CARTESIAN_POINT('',(-1.682381205638,2.67340504451,10.));
#4974 = CARTESIAN_POINT('',(-1.570993965282,2.856194362018,10.));
#4975 = VECTOR('',#4976,1.);
#4976 = DIRECTION('',(-0.,-0.,1.));
#4977 = ADVANCED_FACE('',(#4978,#5005),#5019,.T.);
#4978 = FACE_BOUND('',#4979,.T.);
#4979 = EDGE_LOOP('',(#4980,#4981,#4982,#4983,#4984,#4985,#4986,#4987,
    #4988,#4989,#4990,#4991,#4992,#4993,#4994,#4995,#4996,#4997,#4998,
    #4999,#5000,#5001,#5002,#5003,#5004));
#4980 = ORIENTED_EDGE('',*,*,#3792,.F.);
#4981 = ORIENTED_EDGE('',*,*,#3825,.F.);
#4982 = ORIENTED_EDGE('',*,*,#3856,.F.);
#4983 = ORIENTED_EDGE('',*,*,#3889,.F.);
#4984 = ORIENTED_EDGE('',*,*,#3922,.F.);
#4985 = ORIENTED_EDGE('',*,*,#3953,.F.);
#4986 = ORIENTED_EDGE('',*,*,#3986,.F.);
#4987 = ORIENTED_EDGE('',*,*,#4019,.F.);
#4988 = ORIENTED_EDGE('',*,*,#4052,.F.);
#4989 = ORIENTED_EDGE('',*,*,#4085,.F.);
#4990 = ORIENTED_EDGE('',*,*,#4118,.F.);
#4991 = ORIENTED_EDGE('',*,*,#4151,.F.);
#4992 = ORIENTED_EDGE('',*,*,#4184,.F.);
#4993 = ORIENTED_EDGE('',*,*,#4217,.F.);
#4994 = ORIENTED_EDGE('',*,*,#4250,.F.);
#4995 = ORIENTED_EDGE('',*,*,#4283,.F.);
#4996 = ORIENTED_EDGE('',*,*,#4316,.F.);
#4997 = ORIENTED_EDGE('',*,*,#4349,.F.);
#4998 = ORIENTED_EDGE('',*,*,#4382,.F.);
#4999 = ORIENTED_EDGE('',*,*,#4415,.F.);
#5000 = ORIENTED_EDGE('',*,*,#4448,.F.);
#5001 = ORIENTED_EDGE('',*,*,#4481,.F.);
#5002 = ORIENTED_EDGE('',*,*,#4512,.F.);
#5003 = ORIENTED_EDGE('',*,*,#4545,.F.);
#5004 = ORIENTED_EDGE('',*,*,#4569,.F.);
#5005 = FACE_BOUND('',#5006,.T.);
#5006 = EDGE_LOOP('',(#5007,#5008,#5009,#5010,#5011,#5012,#5013,#5014,
    #5015,#5016,#5017,#5018));
#5007 = ORIENTED_EDGE('',*,*,#4611,.F.);
#5008 = ORIENTED_EDGE('',*,*,#4644,.F.);
#5009 = ORIENTED_EDGE('',*,*,#4677,.F.);
#5010 = ORIENTED_EDGE('',*,*,#4710,.F.);
#5011 = ORIENTED_EDGE('',*,*,#4743,.F.);
#5012 = ORIENTED_EDGE('',*,*,#4776,.F.);
#5013 = ORIENTED_EDGE('',*,*,#4809,.F.);
#5014 = ORIENTED_EDGE('',*,*,#4842,.F.);
#5015 = ORIENTED_EDGE('',*,*,#4875,.F.);
#5016 = ORIENTED_EDGE('',*,*,#4908,.F.);
#5017 = ORIENTED_EDGE('',*,*,#4941,.F.);
#5018 = ORIENTED_EDGE('',*,*,#4965,.F.);
#5019 = PLANE('',#5020);
#5020 = AXIS2_PLACEMENT_3D('',#5021,#5022,#5023);
#5021 = CARTESIAN_POINT('',(-2.357437937753,2.692090812577,10.));
#5022 = DIRECTION('',(0.,0.,1.));
#5023 = DIRECTION('',(1.,0.,0.));
#5024 = ADVANCED_FACE('',(#5025,#5052),#5066,.F.);
#5025 = FACE_BOUND('',#5026,.F.);
#5026 = EDGE_LOOP('',(#5027,#5028,#5029,#5030,#5031,#5032,#5033,#5034,
    #5035,#5036,#5037,#5038,#5039,#5040,#5041,#5042,#5043,#5044,#5045,
    #5046,#5047,#5048,#5049,#5050,#5051));
#5027 = ORIENTED_EDGE('',*,*,#3776,.F.);
#5028 = ORIENTED_EDGE('',*,*,#3818,.F.);
#5029 = ORIENTED_EDGE('',*,*,#3849,.F.);
#5030 = ORIENTED_EDGE('',*,*,#3882,.F.);
#5031 = ORIENTED_EDGE('',*,*,#3915,.F.);
#5032 = ORIENTED_EDGE('',*,*,#3946,.F.);
#5033 = ORIENTED_EDGE('',*,*,#3979,.F.);
#5034 = ORIENTED_EDGE('',*,*,#4012,.F.);
#5035 = ORIENTED_EDGE('',*,*,#4045,.F.);
#5036 = ORIENTED_EDGE('',*,*,#4078,.F.);
#5037 = ORIENTED_EDGE('',*,*,#4111,.F.);
#5038 = ORIENTED_EDGE('',*,*,#4144,.F.);
#5039 = ORIENTED_EDGE('',*,*,#4177,.F.);
#5040 = ORIENTED_EDGE('',*,*,#4210,.F.);
#5041 = ORIENTED_EDGE('',*,*,#4243,.F.);
#5042 = ORIENTED_EDGE('',*,*,#4276,.F.);
#5043 = ORIENTED_EDGE('',*,*,#4309,.F.);
#5044 = ORIENTED_EDGE('',*,*,#4342,.F.);
#5045 = ORIENTED_EDGE('',*,*,#4375,.F.);
#5046 = ORIENTED_EDGE('',*,*,#4408,.F.);
#5047 = ORIENTED_EDGE('',*,*,#4441,.F.);
#5048 = ORIENTED_EDGE('',*,*,#4474,.F.);
#5049 = ORIENTED_EDGE('',*,*,#4505,.F.);
#5050 = ORIENTED_EDGE('',*,*,#4538,.F.);
#5051 = ORIENTED_EDGE('',*,*,#4562,.F.);
#5052 = FACE_BOUND('',#5053,.F.);
#5053 = EDGE_LOOP('',(#5054,#5055,#5056,#5057,#5058,#5059,#5060,#5061,
    #5062,#5063,#5064,#5065));
#5054 = ORIENTED_EDGE('',*,*,#4595,.F.);
#5055 = ORIENTED_EDGE('',*,*,#4637,.F.);
#5056 = ORIENTED_EDGE('',*,*,#4670,.F.);
#5057 = ORIENTED_EDGE('',*,*,#4703,.F.);
#5058 = ORIENTED_EDGE('',*,*,#4736,.F.);
#5059 = ORIENTED_EDGE('',*,*,#4769,.F.);
#5060 = ORIENTED_EDGE('',*,*,#4802,.F.);
#5061 = ORIENTED_EDGE('',*,*,#4835,.F.);
#5062 = ORIENTED_EDGE('',*,*,#4868,.F.);
#5063 = ORIENTED_EDGE('',*,*,#4901,.F.);
#5064 = ORIENTED_EDGE('',*,*,#4934,.F.);
#5065 = ORIENTED_EDGE('',*,*,#4958,.F.);
#5066 = PLANE('',#5067);
#5067 = AXIS2_PLACEMENT_3D('',#5068,#5069,#5070);
#5068 = CARTESIAN_POINT('',(-2.357437937753,2.692090812577,9.6));
#5069 = DIRECTION('',(0.,0.,1.));
#5070 = DIRECTION('',(1.,0.,0.));
#5071 = ( GEOMETRIC_REPRESENTATION_CONTEXT(3) 
GLOBAL_UNCERTAINTY_ASSIGNED_CONTEXT((#5075)) 
GLOBAL_UNIT_ASSIGNED_CONTEXT((#5072,#5073,#5074)) REPRESENTATION_CONTEXT
('Context #1','3D Context with UNIT and UNCERTAINTY') );
#5072 = ( LENGTH_UNIT() NAMED_UNIT(*) SI_UNIT(.MILLI.,.METRE.) );
#5073 = ( NAMED_UNIT(*) PLANE_ANGLE_UNIT() SI_UNIT($,.RADIAN.) );
#5074 = ( NAMED_UNIT(*) SI_UNIT($,.STERADIAN.) SOLID_ANGLE_UNIT() );
#5075 = UNCERTAINTY_MEASURE_WITH_UNIT(LENGTH_MEASURE(1.E-07),#5072,
  'distance_accuracy_value','confusion accuracy');
#5076 = CONTEXT_DEPENDENT_SHAPE_REPRESENTATION(#5077,#5079);
#5077 = ( REPRESENTATION_RELATIONSHIP('','',#3759,#10) 
REPRESENTATION_RELATIONSHIP_WITH_TRANSFORMATION(#5078) 
SHAPE_REPRESENTATION_RELATIONSHIP() );
#5078 = ITEM_DEFINED_TRANSFORMATION('','',#11,#19);
#5079 = PRODUCT_DEFINITION_SHAPE('Placement','Placement of an item',
  #5080);
#5080 = NEXT_ASSEMBLY_USAGE_OCCURRENCE('97','Extrude','',#5,#3754,$);
#5081 = PRODUCT_RELATED_PRODUCT_CATEGORY('part',$,(#3756));
#5082 = SHAPE_DEFINITION_REPRESENTATION(#5083,#5089);
#5083 = PRODUCT_DEFINITION_SHAPE('','',#5084);
#5084 = PRODUCT_DEFINITION('design','',#5085,#5088);
#5085 = PRODUCT_DEFINITION_FORMATION('','',#5086);
#5086 = PRODUCT('Extrude001','Extrude001','',(#5087));
#5087 = PRODUCT_CONTEXT('',#2,'mechanical');
#5088 = PRODUCT_DEFINITION_CONTEXT('part definition',#2,'design');
#5089 = ADVANCED_BREP_SHAPE_REPRESENTATION('',(#11,#5090),#6014);
#5090 = MANIFOLD_SOLID_BREP('',#5091);
#5091 = CLOSED_SHELL('',(#5092,#5134,#5167,#5200,#5233,#5266,#5299,#5332
    ,#5365,#5398,#5431,#5464,#5495,#5528,#5561,#5594,#5627,#5660,#5693,
    #5726,#5759,#5792,#5825,#5858,#5891,#5922,#5946,#5980));
#5092 = ADVANCED_FACE('',(#5093),#5127,.F.);
#5093 = FACE_BOUND('',#5094,.F.);
#5094 = EDGE_LOOP('',(#5095,#5105,#5113,#5121));
#5095 = ORIENTED_EDGE('',*,*,#5096,.T.);
#5096 = EDGE_CURVE('',#5097,#5099,#5101,.T.);
#5097 = VERTEX_POINT('',#5098);
#5098 = CARTESIAN_POINT('',(3.415430167062,-6.102077151335,10.));
#5099 = VERTEX_POINT('',#5100);
#5100 = CARTESIAN_POINT('',(3.415430167062,-6.102077151335,9.6));
#5101 = LINE('',#5102,#5103);
#5102 = CARTESIAN_POINT('',(3.415430167062,-6.102077151335,10.));
#5103 = VECTOR('',#5104,1.);
#5104 = DIRECTION('',(0.,0.,-1.));
#5105 = ORIENTED_EDGE('',*,*,#5106,.T.);
#5106 = EDGE_CURVE('',#5099,#5107,#5109,.T.);
#5107 = VERTEX_POINT('',#5108);
#5108 = CARTESIAN_POINT('',(3.315652718991,-6.058679525223,9.6));
#5109 = B_SPLINE_CURVE_WITH_KNOTS('',2,(#5110,#5111,#5112),
  .UNSPECIFIED.,.F.,.F.,(3,3),(0.,1.),.PIECEWISE_BEZIER_KNOTS.);
#5110 = CARTESIAN_POINT('',(3.415430167062,-6.102077151335,9.6));
#5111 = CARTESIAN_POINT('',(3.358308505341,-6.102077151335,9.6));
#5112 = CARTESIAN_POINT('',(3.315652718991,-6.058679525223,9.6));
#5113 = ORIENTED_EDGE('',*,*,#5114,.F.);
#5114 = EDGE_CURVE('',#5115,#5107,#5117,.T.);
#5115 = VERTEX_POINT('',#5116);
#5116 = CARTESIAN_POINT('',(3.315652718991,-6.058679525223,10.));
#5117 = LINE('',#5118,#5119);
#5118 = CARTESIAN_POINT('',(3.315652718991,-6.058679525223,10.));
#5119 = VECTOR('',#5120,1.);
#5120 = DIRECTION('',(0.,0.,-1.));
#5121 = ORIENTED_EDGE('',*,*,#5122,.F.);
#5122 = EDGE_CURVE('',#5097,#5115,#5123,.T.);
#5123 = B_SPLINE_CURVE_WITH_KNOTS('',2,(#5124,#5125,#5126),
  .UNSPECIFIED.,.F.,.F.,(3,3),(0.,1.),.PIECEWISE_BEZIER_KNOTS.);
#5124 = CARTESIAN_POINT('',(3.415430167062,-6.102077151335,10.));
#5125 = CARTESIAN_POINT('',(3.358308505341,-6.102077151335,10.));
#5126 = CARTESIAN_POINT('',(3.315652718991,-6.058679525223,10.));
#5127 = SURFACE_OF_LINEAR_EXTRUSION('',#5128,#5132);
#5128 = B_SPLINE_CURVE_WITH_KNOTS('',2,(#5129,#5130,#5131),
  .UNSPECIFIED.,.F.,.F.,(3,3),(0.,1.),.PIECEWISE_BEZIER_KNOTS.);
#5129 = CARTESIAN_POINT('',(3.415430167062,-6.102077151335,10.));
#5130 = CARTESIAN_POINT('',(3.358308505341,-6.102077151335,10.));
#5131 = CARTESIAN_POINT('',(3.315652718991,-6.058679525223,10.));
#5132 = VECTOR('',#5133,1.);
#5133 = DIRECTION('',(-0.,-0.,1.));
#5134 = ADVANCED_FACE('',(#5135),#5160,.F.);
#5135 = FACE_BOUND('',#5136,.F.);
#5136 = EDGE_LOOP('',(#5137,#5147,#5153,#5154));
#5137 = ORIENTED_EDGE('',*,*,#5138,.T.);
#5138 = EDGE_CURVE('',#5139,#5141,#5143,.T.);
#5139 = VERTEX_POINT('',#5140);
#5140 = CARTESIAN_POINT('',(4.09940642819,-5.950556379822,10.));
#5141 = VERTEX_POINT('',#5142);
#5142 = CARTESIAN_POINT('',(4.09940642819,-5.950556379822,9.6));
#5143 = LINE('',#5144,#5145);
#5144 = CARTESIAN_POINT('',(4.09940642819,-5.950556379822,10.));
#5145 = VECTOR('',#5146,1.);
#5146 = DIRECTION('',(0.,0.,-1.));
#5147 = ORIENTED_EDGE('',*,*,#5148,.T.);
#5148 = EDGE_CURVE('',#5141,#5099,#5149,.T.);
#5149 = B_SPLINE_CURVE_WITH_KNOTS('',2,(#5150,#5151,#5152),
  .UNSPECIFIED.,.F.,.F.,(3,3),(0.,1.),.PIECEWISE_BEZIER_KNOTS.);
#5150 = CARTESIAN_POINT('',(4.09940642819,-5.950556379822,9.6));
#5151 = CARTESIAN_POINT('',(3.803041443027,-6.102077151335,9.6));
#5152 = CARTESIAN_POINT('',(3.415430167062,-6.102077151335,9.6));
#5153 = ORIENTED_EDGE('',*,*,#5096,.F.);
#5154 = ORIENTED_EDGE('',*,*,#5155,.F.);
#5155 = EDGE_CURVE('',#5139,#5097,#5156,.T.);
#5156 = B_SPLINE_CURVE_WITH_KNOTS('',2,(#5157,#5158,#5159),
  .UNSPECIFIED.,.F.,.F.,(3,3),(0.,1.),.PIECEWISE_BEZIER_KNOTS.);
#5157 = CARTESIAN_POINT('',(4.09940642819,-5.950556379822,10.));
#5158 = CARTESIAN_POINT('',(3.803041443027,-6.102077151335,10.));
#5159 = CARTESIAN_POINT('',(3.415430167062,-6.102077151335,10.));
#5160 = SURFACE_OF_LINEAR_EXTRUSION('',#5161,#5165);
#5161 = B_SPLINE_CURVE_WITH_KNOTS('',2,(#5162,#5163,#5164),
  .UNSPECIFIED.,.F.,.F.,(3,3),(0.,1.),.PIECEWISE_BEZIER_KNOTS.);
#5162 = CARTESIAN_POINT('',(4.09940642819,-5.950556379822,10.));
#5163 = CARTESIAN_POINT('',(3.803041443027,-6.102077151335,10.));
#5164 = CARTESIAN_POINT('',(3.415430167062,-6.102077151335,10.));
#5165 = VECTOR('',#5166,1.);
#5166 = DIRECTION('',(-0.,-0.,1.));
#5167 = ADVANCED_FACE('',(#5168),#5193,.F.);
#5168 = FACE_BOUND('',#5169,.F.);
#5169 = EDGE_LOOP('',(#5170,#5180,#5186,#5187));
#5170 = ORIENTED_EDGE('',*,*,#5171,.T.);
#5171 = EDGE_CURVE('',#5172,#5174,#5176,.T.);
#5172 = VERTEX_POINT('',#5173);
#5173 = CARTESIAN_POINT('',(4.595326309496,-5.476335311573,10.));
#5174 = VERTEX_POINT('',#5175);
#5175 = CARTESIAN_POINT('',(4.595326309496,-5.476335311573,9.6));
#5176 = LINE('',#5177,#5178);
#5177 = CARTESIAN_POINT('',(4.595326309496,-5.476335311573,10.));
#5178 = VECTOR('',#5179,1.);
#5179 = DIRECTION('',(0.,0.,-1.));
#5180 = ORIENTED_EDGE('',*,*,#5181,.T.);
#5181 = EDGE_CURVE('',#5174,#5141,#5182,.T.);
#5182 = B_SPLINE_CURVE_WITH_KNOTS('',2,(#5183,#5184,#5185),
  .UNSPECIFIED.,.F.,.F.,(3,3),(0.,1.),.PIECEWISE_BEZIER_KNOTS.);
#5183 = CARTESIAN_POINT('',(4.595326309496,-5.476335311573,9.6));
#5184 = CARTESIAN_POINT('',(4.395771413353,-5.799221068249,9.6));
#5185 = CARTESIAN_POINT('',(4.09940642819,-5.950556379822,9.6));
#5186 = ORIENTED_EDGE('',*,*,#5138,.F.);
#5187 = ORIENTED_EDGE('',*,*,#5188,.F.);
#5188 = EDGE_CURVE('',#5172,#5139,#5189,.T.);
#5189 = B_SPLINE_CURVE_WITH_KNOTS('',2,(#5190,#5191,#5192),
  .UNSPECIFIED.,.F.,.F.,(3,3),(0.,1.),.PIECEWISE_BEZIER_KNOTS.);
#5190 = CARTESIAN_POINT('',(4.595326309496,-5.476335311573,10.));
#5191 = CARTESIAN_POINT('',(4.395771413353,-5.799221068249,10.));
#5192 = CARTESIAN_POINT('',(4.09940642819,-5.950556379822,10.));
#5193 = SURFACE_OF_LINEAR_EXTRUSION('',#5194,#5198);
#5194 = B_SPLINE_CURVE_WITH_KNOTS('',2,(#5195,#5196,#5197),
  .UNSPECIFIED.,.F.,.F.,(3,3),(0.,1.),.PIECEWISE_BEZIER_KNOTS.);
#5195 = CARTESIAN_POINT('',(4.595326309496,-5.476335311573,10.));
#5196 = CARTESIAN_POINT('',(4.395771413353,-5.799221068249,10.));
#5197 = CARTESIAN_POINT('',(4.09940642819,-5.950556379822,10.));
#5198 = VECTOR('',#5199,1.);
#5199 = DIRECTION('',(-0.,-0.,1.));
#5200 = ADVANCED_FACE('',(#5201),#5226,.F.);
#5201 = FACE_BOUND('',#5202,.F.);
#5202 = EDGE_LOOP('',(#5203,#5213,#5219,#5220));
#5203 = ORIENTED_EDGE('',*,*,#5204,.T.);
#5204 = EDGE_CURVE('',#5205,#5207,#5209,.T.);
#5205 = VERTEX_POINT('',#5206);
#5206 = CARTESIAN_POINT('',(4.897440552819,-4.645289317507,10.));
#5207 = VERTEX_POINT('',#5208);
#5208 = CARTESIAN_POINT('',(4.897440552819,-4.645289317507,9.6));
#5209 = LINE('',#5210,#5211);
#5210 = CARTESIAN_POINT('',(4.897440552819,-4.645289317507,10.));
#5211 = VECTOR('',#5212,1.);
#5212 = DIRECTION('',(0.,0.,-1.));
#5213 = ORIENTED_EDGE('',*,*,#5214,.T.);
#5214 = EDGE_CURVE('',#5207,#5174,#5215,.T.);
#5215 = B_SPLINE_CURVE_WITH_KNOTS('',2,(#5216,#5217,#5218),
  .UNSPECIFIED.,.F.,.F.,(3,3),(0.,1.),.PIECEWISE_BEZIER_KNOTS.);
#5216 = CARTESIAN_POINT('',(4.897440552819,-4.645289317507,9.6));
#5217 = CARTESIAN_POINT('',(4.794881205638,-5.153635014837,9.6));
#5218 = CARTESIAN_POINT('',(4.595326309496,-5.476335311573,9.6));
#5219 = ORIENTED_EDGE('',*,*,#5171,.F.);
#5220 = ORIENTED_EDGE('',*,*,#5221,.F.);
#5221 = EDGE_CURVE('',#5205,#5172,#5222,.T.);
#5222 = B_SPLINE_CURVE_WITH_KNOTS('',2,(#5223,#5224,#5225),
  .UNSPECIFIED.,.F.,.F.,(3,3),(0.,1.),.PIECEWISE_BEZIER_KNOTS.);
#5223 = CARTESIAN_POINT('',(4.897440552819,-4.645289317507,10.));
#5224 = CARTESIAN_POINT('',(4.794881205638,-5.153635014837,10.));
#5225 = CARTESIAN_POINT('',(4.595326309496,-5.476335311573,10.));
#5226 = SURFACE_OF_LINEAR_EXTRUSION('',#5227,#5231);
#5227 = B_SPLINE_CURVE_WITH_KNOTS('',2,(#5228,#5229,#5230),
  .UNSPECIFIED.,.F.,.F.,(3,3),(0.,1.),.PIECEWISE_BEZIER_KNOTS.);
#5228 = CARTESIAN_POINT('',(4.897440552819,-4.645289317507,10.));
#5229 = CARTESIAN_POINT('',(4.794881205638,-5.153635014837,10.));
#5230 = CARTESIAN_POINT('',(4.595326309496,-5.476335311573,10.));
#5231 = VECTOR('',#5232,1.);
#5232 = DIRECTION('',(-0.,-0.,1.));
#5233 = ADVANCED_FACE('',(#5234),#5259,.F.);
#5234 = FACE_BOUND('',#5235,.F.);
#5235 = EDGE_LOOP('',(#5236,#5246,#5252,#5253));
#5236 = ORIENTED_EDGE('',*,*,#5237,.T.);
#5237 = EDGE_CURVE('',#5238,#5240,#5242,.T.);
#5238 = VERTEX_POINT('',#5239);
#5239 = CARTESIAN_POINT('',(4.9999999,-3.428486646884,10.));
#5240 = VERTEX_POINT('',#5241);
#5241 = CARTESIAN_POINT('',(4.9999999,-3.428486646884,9.6));
#5242 = LINE('',#5243,#5244);
#5243 = CARTESIAN_POINT('',(4.9999999,-3.428486646884,10.));
#5244 = VECTOR('',#5245,1.);
#5245 = DIRECTION('',(0.,0.,-1.));
#5246 = ORIENTED_EDGE('',*,*,#5247,.T.);
#5247 = EDGE_CURVE('',#5240,#5207,#5248,.T.);
#5248 = B_SPLINE_CURVE_WITH_KNOTS('',2,(#5249,#5250,#5251),
  .UNSPECIFIED.,.F.,.F.,(3,3),(0.,1.),.PIECEWISE_BEZIER_KNOTS.);
#5249 = CARTESIAN_POINT('',(4.9999999,-3.428486646884,9.6));
#5250 = CARTESIAN_POINT('',(4.9999999,-4.136943620178,9.6));
#5251 = CARTESIAN_POINT('',(4.897440552819,-4.645289317507,9.6));
#5252 = ORIENTED_EDGE('',*,*,#5204,.F.);
#5253 = ORIENTED_EDGE('',*,*,#5254,.F.);
#5254 = EDGE_CURVE('',#5238,#5205,#5255,.T.);
#5255 = B_SPLINE_CURVE_WITH_KNOTS('',2,(#5256,#5257,#5258),
  .UNSPECIFIED.,.F.,.F.,(3,3),(0.,1.),.PIECEWISE_BEZIER_KNOTS.);
#5256 = CARTESIAN_POINT('',(4.9999999,-3.428486646884,10.));
#5257 = CARTESIAN_POINT('',(4.9999999,-4.136943620178,10.));
#5258 = CARTESIAN_POINT('',(4.897440552819,-4.645289317507,10.));
#5259 = SURFACE_OF_LINEAR_EXTRUSION('',#5260,#5264);
#5260 = B_SPLINE_CURVE_WITH_KNOTS('',2,(#5261,#5262,#5263),
  .UNSPECIFIED.,.F.,.F.,(3,3),(0.,1.),.PIECEWISE_BEZIER_KNOTS.);
#5261 = CARTESIAN_POINT('',(4.9999999,-3.428486646884,10.));
#5262 = CARTESIAN_POINT('',(4.9999999,-4.136943620178,10.));
#5263 = CARTESIAN_POINT('',(4.897440552819,-4.645289317507,10.));
#5264 = VECTOR('',#5265,1.);
#5265 = DIRECTION('',(-0.,-0.,1.));
#5266 = ADVANCED_FACE('',(#5267),#5292,.F.);
#5267 = FACE_BOUND('',#5268,.F.);
#5268 = EDGE_LOOP('',(#5269,#5279,#5285,#5286));
#5269 = ORIENTED_EDGE('',*,*,#5270,.T.);
#5270 = EDGE_CURVE('',#5271,#5273,#5275,.T.);
#5271 = VERTEX_POINT('',#5272);
#5272 = CARTESIAN_POINT('',(4.897440552819,-2.208902077151,10.));
#5273 = VERTEX_POINT('',#5274);
#5274 = CARTESIAN_POINT('',(4.897440552819,-2.208902077151,9.6));
#5275 = LINE('',#5276,#5277);
#5276 = CARTESIAN_POINT('',(4.897440552819,-2.208902077151,10.));
#5277 = VECTOR('',#5278,1.);
#5278 = DIRECTION('',(0.,0.,-1.));
#5279 = ORIENTED_EDGE('',*,*,#5280,.T.);
#5280 = EDGE_CURVE('',#5273,#5240,#5281,.T.);
#5281 = B_SPLINE_CURVE_WITH_KNOTS('',2,(#5282,#5283,#5284),
  .UNSPECIFIED.,.F.,.F.,(3,3),(0.,1.),.PIECEWISE_BEZIER_KNOTS.);
#5282 = CARTESIAN_POINT('',(4.897440552819,-2.208902077151,9.6));
#5283 = CARTESIAN_POINT('',(4.9999999,-2.714465875371,9.6));
#5284 = CARTESIAN_POINT('',(4.9999999,-3.428486646884,9.6));
#5285 = ORIENTED_EDGE('',*,*,#5237,.F.);
#5286 = ORIENTED_EDGE('',*,*,#5287,.F.);
#5287 = EDGE_CURVE('',#5271,#5238,#5288,.T.);
#5288 = B_SPLINE_CURVE_WITH_KNOTS('',2,(#5289,#5290,#5291),
  .UNSPECIFIED.,.F.,.F.,(3,3),(0.,1.),.PIECEWISE_BEZIER_KNOTS.);
#5289 = CARTESIAN_POINT('',(4.897440552819,-2.208902077151,10.));
#5290 = CARTESIAN_POINT('',(4.9999999,-2.714465875371,10.));
#5291 = CARTESIAN_POINT('',(4.9999999,-3.428486646884,10.));
#5292 = SURFACE_OF_LINEAR_EXTRUSION('',#5293,#5297);
#5293 = B_SPLINE_CURVE_WITH_KNOTS('',2,(#5294,#5295,#5296),
  .UNSPECIFIED.,.F.,.F.,(3,3),(0.,1.),.PIECEWISE_BEZIER_KNOTS.);
#5294 = CARTESIAN_POINT('',(4.897440552819,-2.208902077151,10.));
#5295 = CARTESIAN_POINT('',(4.9999999,-2.714465875371,10.));
#5296 = CARTESIAN_POINT('',(4.9999999,-3.428486646884,10.));
#5297 = VECTOR('',#5298,1.);
#5298 = DIRECTION('',(-0.,-0.,1.));
#5299 = ADVANCED_FACE('',(#5300),#5325,.F.);
#5300 = FACE_BOUND('',#5301,.F.);
#5301 = EDGE_LOOP('',(#5302,#5312,#5318,#5319));
#5302 = ORIENTED_EDGE('',*,*,#5303,.T.);
#5303 = EDGE_CURVE('',#5304,#5306,#5308,.T.);
#5304 = VERTEX_POINT('',#5305);
#5305 = CARTESIAN_POINT('',(4.595326309496,-1.383419881306,10.));
#5306 = VERTEX_POINT('',#5307);
#5307 = CARTESIAN_POINT('',(4.595326309496,-1.383419881306,9.6));
#5308 = LINE('',#5309,#5310);
#5309 = CARTESIAN_POINT('',(4.595326309496,-1.383419881306,10.));
#5310 = VECTOR('',#5311,1.);
#5311 = DIRECTION('',(0.,0.,-1.));
#5312 = ORIENTED_EDGE('',*,*,#5313,.T.);
#5313 = EDGE_CURVE('',#5306,#5273,#5314,.T.);
#5314 = B_SPLINE_CURVE_WITH_KNOTS('',2,(#5315,#5316,#5317),
  .UNSPECIFIED.,.F.,.F.,(3,3),(0.,1.),.PIECEWISE_BEZIER_KNOTS.);
#5315 = CARTESIAN_POINT('',(4.595326309496,-1.383419881306,9.6));
#5316 = CARTESIAN_POINT('',(4.794881205638,-1.703338278932,9.6));
#5317 = CARTESIAN_POINT('',(4.897440552819,-2.208902077151,9.6));
#5318 = ORIENTED_EDGE('',*,*,#5270,.F.);
#5319 = ORIENTED_EDGE('',*,*,#5320,.F.);
#5320 = EDGE_CURVE('',#5304,#5271,#5321,.T.);
#5321 = B_SPLINE_CURVE_WITH_KNOTS('',2,(#5322,#5323,#5324),
  .UNSPECIFIED.,.F.,.F.,(3,3),(0.,1.),.PIECEWISE_BEZIER_KNOTS.);
#5322 = CARTESIAN_POINT('',(4.595326309496,-1.383419881306,10.));
#5323 = CARTESIAN_POINT('',(4.794881205638,-1.703338278932,10.));
#5324 = CARTESIAN_POINT('',(4.897440552819,-2.208902077151,10.));
#5325 = SURFACE_OF_LINEAR_EXTRUSION('',#5326,#5330);
#5326 = B_SPLINE_CURVE_WITH_KNOTS('',2,(#5327,#5328,#5329),
  .UNSPECIFIED.,.F.,.F.,(3,3),(0.,1.),.PIECEWISE_BEZIER_KNOTS.);
#5327 = CARTESIAN_POINT('',(4.595326309496,-1.383419881306,10.));
#5328 = CARTESIAN_POINT('',(4.794881205638,-1.703338278932,10.));
#5329 = CARTESIAN_POINT('',(4.897440552819,-2.208902077151,10.));
#5330 = VECTOR('',#5331,1.);
#5331 = DIRECTION('',(-0.,-0.,1.));
#5332 = ADVANCED_FACE('',(#5333),#5358,.F.);
#5333 = FACE_BOUND('',#5334,.F.);
#5334 = EDGE_LOOP('',(#5335,#5345,#5351,#5352));
#5335 = ORIENTED_EDGE('',*,*,#5336,.T.);
#5336 = EDGE_CURVE('',#5337,#5339,#5341,.T.);
#5337 = VERTEX_POINT('',#5338);
#5338 = CARTESIAN_POINT('',(4.09940642819,-0.912166172107,10.));
#5339 = VERTEX_POINT('',#5340);
#5340 = CARTESIAN_POINT('',(4.09940642819,-0.912166172107,9.6));
#5341 = LINE('',#5342,#5343);
#5342 = CARTESIAN_POINT('',(4.09940642819,-0.912166172107,10.));
#5343 = VECTOR('',#5344,1.);
#5344 = DIRECTION('',(0.,0.,-1.));
#5345 = ORIENTED_EDGE('',*,*,#5346,.T.);
#5346 = EDGE_CURVE('',#5339,#5306,#5347,.T.);
#5347 = B_SPLINE_CURVE_WITH_KNOTS('',2,(#5348,#5349,#5350),
  .UNSPECIFIED.,.F.,.F.,(3,3),(0.,1.),.PIECEWISE_BEZIER_KNOTS.);
#5348 = CARTESIAN_POINT('',(4.09940642819,-0.912166172107,9.6));
#5349 = CARTESIAN_POINT('',(4.395771413353,-1.06350148368,9.6));
#5350 = CARTESIAN_POINT('',(4.595326309496,-1.383419881306,9.6));
#5351 = ORIENTED_EDGE('',*,*,#5303,.F.);
#5352 = ORIENTED_EDGE('',*,*,#5353,.F.);
#5353 = EDGE_CURVE('',#5337,#5304,#5354,.T.);
#5354 = B_SPLINE_CURVE_WITH_KNOTS('',2,(#5355,#5356,#5357),
  .UNSPECIFIED.,.F.,.F.,(3,3),(0.,1.),.PIECEWISE_BEZIER_KNOTS.);
#5355 = CARTESIAN_POINT('',(4.09940642819,-0.912166172107,10.));
#5356 = CARTESIAN_POINT('',(4.395771413353,-1.06350148368,10.));
#5357 = CARTESIAN_POINT('',(4.595326309496,-1.383419881306,10.));
#5358 = SURFACE_OF_LINEAR_EXTRUSION('',#5359,#5363);
#5359 = B_SPLINE_CURVE_WITH_KNOTS('',2,(#5360,#5361,#5362),
  .UNSPECIFIED.,.F.,.F.,(3,3),(0.,1.),.PIECEWISE_BEZIER_KNOTS.);
#5360 = CARTESIAN_POINT('',(4.09940642819,-0.912166172107,10.));
#5361 = CARTESIAN_POINT('',(4.395771413353,-1.06350148368,10.));
#5362 = CARTESIAN_POINT('',(4.595326309496,-1.383419881306,10.));
#5363 = VECTOR('',#5364,1.);
#5364 = DIRECTION('',(-0.,-0.,1.));
#5365 = ADVANCED_FACE('',(#5366),#5391,.F.);
#5366 = FACE_BOUND('',#5367,.F.);
#5367 = EDGE_LOOP('',(#5368,#5378,#5384,#5385));
#5368 = ORIENTED_EDGE('',*,*,#5369,.T.);
#5369 = EDGE_CURVE('',#5370,#5372,#5374,.T.);
#5370 = VERTEX_POINT('',#5371);
#5371 = CARTESIAN_POINT('',(3.415430167062,-0.760830860534,10.));
#5372 = VERTEX_POINT('',#5373);
#5373 = CARTESIAN_POINT('',(3.415430167062,-0.760830860534,9.6));
#5374 = LINE('',#5375,#5376);
#5375 = CARTESIAN_POINT('',(3.415430167062,-0.760830860534,10.));
#5376 = VECTOR('',#5377,1.);
#5377 = DIRECTION('',(0.,0.,-1.));
#5378 = ORIENTED_EDGE('',*,*,#5379,.T.);
#5379 = EDGE_CURVE('',#5372,#5339,#5380,.T.);
#5380 = B_SPLINE_CURVE_WITH_KNOTS('',2,(#5381,#5382,#5383),
  .UNSPECIFIED.,.F.,.F.,(3,3),(0.,1.),.PIECEWISE_BEZIER_KNOTS.);
#5381 = CARTESIAN_POINT('',(3.415430167062,-0.760830860534,9.6));
#5382 = CARTESIAN_POINT('',(3.803041443027,-0.760830860534,9.6));
#5383 = CARTESIAN_POINT('',(4.09940642819,-0.912166172107,9.6));
#5384 = ORIENTED_EDGE('',*,*,#5336,.F.);
#5385 = ORIENTED_EDGE('',*,*,#5386,.F.);
#5386 = EDGE_CURVE('',#5370,#5337,#5387,.T.);
#5387 = B_SPLINE_CURVE_WITH_KNOTS('',2,(#5388,#5389,#5390),
  .UNSPECIFIED.,.F.,.F.,(3,3),(0.,1.),.PIECEWISE_BEZIER_KNOTS.);
#5388 = CARTESIAN_POINT('',(3.415430167062,-0.760830860534,10.));
#5389 = CARTESIAN_POINT('',(3.803041443027,-0.760830860534,10.));
#5390 = CARTESIAN_POINT('',(4.09940642819,-0.912166172107,10.));
#5391 = SURFACE_OF_LINEAR_EXTRUSION('',#5392,#5396);
#5392 = B_SPLINE_CURVE_WITH_KNOTS('',2,(#5393,#5394,#5395),
  .UNSPECIFIED.,.F.,.F.,(3,3),(0.,1.),.PIECEWISE_BEZIER_KNOTS.);
#5393 = CARTESIAN_POINT('',(3.415430167062,-0.760830860534,10.));
#5394 = CARTESIAN_POINT('',(3.803041443027,-0.760830860534,10.));
#5395 = CARTESIAN_POINT('',(4.09940642819,-0.912166172107,10.));
#5396 = VECTOR('',#5397,1.);
#5397 = DIRECTION('',(-0.,-0.,1.));
#5398 = ADVANCED_FACE('',(#5399),#5424,.F.);
#5399 = FACE_BOUND('',#5400,.F.);
#5400 = EDGE_LOOP('',(#5401,#5411,#5417,#5418));
#5401 = ORIENTED_EDGE('',*,*,#5402,.T.);
#5402 = EDGE_CURVE('',#5403,#5405,#5407,.T.);
#5403 = VERTEX_POINT('',#5404);
#5404 = CARTESIAN_POINT('',(3.315652718991,-0.804228486647,10.));
#5405 = VERTEX_POINT('',#5406);
#5406 = CARTESIAN_POINT('',(3.315652718991,-0.804228486647,9.6));
#5407 = LINE('',#5408,#5409);
#5408 = CARTESIAN_POINT('',(3.315652718991,-0.804228486647,10.));
#5409 = VECTOR('',#5410,1.);
#5410 = DIRECTION('',(0.,0.,-1.));
#5411 = ORIENTED_EDGE('',*,*,#5412,.T.);
#5412 = EDGE_CURVE('',#5405,#5372,#5413,.T.);
#5413 = B_SPLINE_CURVE_WITH_KNOTS('',2,(#5414,#5415,#5416),
  .UNSPECIFIED.,.F.,.F.,(3,3),(0.,1.),.PIECEWISE_BEZIER_KNOTS.);
#5414 = CARTESIAN_POINT('',(3.315652718991,-0.804228486647,9.6));
#5415 = CARTESIAN_POINT('',(3.358308505341,-0.760830860534,9.6));
#5416 = CARTESIAN_POINT('',(3.415430167062,-0.760830860534,9.6));
#5417 = ORIENTED_EDGE('',*,*,#5369,.F.);
#5418 = ORIENTED_EDGE('',*,*,#5419,.F.);
#5419 = EDGE_CURVE('',#5403,#5370,#5420,.T.);
#5420 = B_SPLINE_CURVE_WITH_KNOTS('',2,(#5421,#5422,#5423),
  .UNSPECIFIED.,.F.,.F.,(3,3),(0.,1.),.PIECEWISE_BEZIER_KNOTS.);
#5421 = CARTESIAN_POINT('',(3.315652718991,-0.804228486647,10.));
#5422 = CARTESIAN_POINT('',(3.358308505341,-0.760830860534,10.));
#5423 = CARTESIAN_POINT('',(3.415430167062,-0.760830860534,10.));
#5424 = SURFACE_OF_LINEAR_EXTRUSION('',#5425,#5429);
#5425 = B_SPLINE_CURVE_WITH_KNOTS('',2,(#5426,#5427,#5428),
  .UNSPECIFIED.,.F.,.F.,(3,3),(0.,1.),.PIECEWISE_BEZIER_KNOTS.);
#5426 = CARTESIAN_POINT('',(3.315652718991,-0.804228486647,10.));
#5427 = CARTESIAN_POINT('',(3.358308505341,-0.760830860534,10.));
#5428 = CARTESIAN_POINT('',(3.415430167062,-0.760830860534,10.));
#5429 = VECTOR('',#5430,1.);
#5430 = DIRECTION('',(-0.,-0.,1.));
#5431 = ADVANCED_FACE('',(#5432),#5457,.F.);
#5432 = FACE_BOUND('',#5433,.F.);
#5433 = EDGE_LOOP('',(#5434,#5444,#5450,#5451));
#5434 = ORIENTED_EDGE('',*,*,#5435,.T.);
#5435 = EDGE_CURVE('',#5436,#5438,#5440,.T.);
#5436 = VERTEX_POINT('',#5437);
#5437 = CARTESIAN_POINT('',(3.272996932641,-0.905489614243,10.));
#5438 = VERTEX_POINT('',#5439);
#5439 = CARTESIAN_POINT('',(3.272996932641,-0.905489614243,9.6));
#5440 = LINE('',#5441,#5442);
#5441 = CARTESIAN_POINT('',(3.272996932641,-0.905489614243,10.));
#5442 = VECTOR('',#5443,1.);
#5443 = DIRECTION('',(0.,0.,-1.));
#5444 = ORIENTED_EDGE('',*,*,#5445,.T.);
#5445 = EDGE_CURVE('',#5438,#5405,#5446,.T.);
#5446 = B_SPLINE_CURVE_WITH_KNOTS('',2,(#5447,#5448,#5449),
  .UNSPECIFIED.,.F.,.F.,(3,3),(0.,1.),.PIECEWISE_BEZIER_KNOTS.);
#5447 = CARTESIAN_POINT('',(3.272996932641,-0.905489614243,9.6));
#5448 = CARTESIAN_POINT('',(3.272996932641,-0.84762611276,9.6));
#5449 = CARTESIAN_POINT('',(3.315652718991,-0.804228486647,9.6));
#5450 = ORIENTED_EDGE('',*,*,#5402,.F.);
#5451 = ORIENTED_EDGE('',*,*,#5452,.F.);
#5452 = EDGE_CURVE('',#5436,#5403,#5453,.T.);
#5453 = B_SPLINE_CURVE_WITH_KNOTS('',2,(#5454,#5455,#5456),
  .UNSPECIFIED.,.F.,.F.,(3,3),(0.,1.),.PIECEWISE_BEZIER_KNOTS.);
#5454 = CARTESIAN_POINT('',(3.272996932641,-0.905489614243,10.));
#5455 = CARTESIAN_POINT('',(3.272996932641,-0.84762611276,10.));
#5456 = CARTESIAN_POINT('',(3.315652718991,-0.804228486647,10.));
#5457 = SURFACE_OF_LINEAR_EXTRUSION('',#5458,#5462);
#5458 = B_SPLINE_CURVE_WITH_KNOTS('',2,(#5459,#5460,#5461),
  .UNSPECIFIED.,.F.,.F.,(3,3),(0.,1.),.PIECEWISE_BEZIER_KNOTS.);
#5459 = CARTESIAN_POINT('',(3.272996932641,-0.905489614243,10.));
#5460 = CARTESIAN_POINT('',(3.272996932641,-0.84762611276,10.));
#5461 = CARTESIAN_POINT('',(3.315652718991,-0.804228486647,10.));
#5462 = VECTOR('',#5463,1.);
#5463 = DIRECTION('',(-0.,-0.,1.));
#5464 = ADVANCED_FACE('',(#5465),#5490,.F.);
#5465 = FACE_BOUND('',#5466,.F.);
#5466 = EDGE_LOOP('',(#5467,#5477,#5483,#5484));
#5467 = ORIENTED_EDGE('',*,*,#5468,.T.);
#5468 = EDGE_CURVE('',#5469,#5471,#5473,.T.);
#5469 = VERTEX_POINT('',#5470);
#5470 = CARTESIAN_POINT('',(3.272996932641,-1.31646884273,10.));
#5471 = VERTEX_POINT('',#5472);
#5472 = CARTESIAN_POINT('',(3.272996932641,-1.31646884273,9.6));
#5473 = LINE('',#5474,#5475);
#5474 = CARTESIAN_POINT('',(3.272996932641,-1.31646884273,10.));
#5475 = VECTOR('',#5476,1.);
#5476 = DIRECTION('',(0.,0.,-1.));
#5477 = ORIENTED_EDGE('',*,*,#5478,.T.);
#5478 = EDGE_CURVE('',#5471,#5438,#5479,.T.);
#5479 = LINE('',#5480,#5481);
#5480 = CARTESIAN_POINT('',(3.272996932641,-1.31646884273,9.6));
#5481 = VECTOR('',#5482,1.);
#5482 = DIRECTION('',(0.,1.,0.));
#5483 = ORIENTED_EDGE('',*,*,#5435,.F.);
#5484 = ORIENTED_EDGE('',*,*,#5485,.F.);
#5485 = EDGE_CURVE('',#5469,#5436,#5486,.T.);
#5486 = LINE('',#5487,#5488);
#5487 = CARTESIAN_POINT('',(3.272996932641,-1.31646884273,10.));
#5488 = VECTOR('',#5489,1.);
#5489 = DIRECTION('',(0.,1.,0.));
#5490 = PLANE('',#5491);
#5491 = AXIS2_PLACEMENT_3D('',#5492,#5493,#5494);
#5492 = CARTESIAN_POINT('',(3.272996932641,-1.31646884273,10.));
#5493 = DIRECTION('',(1.,-0.,0.));
#5494 = DIRECTION('',(0.,1.,0.));
#5495 = ADVANCED_FACE('',(#5496),#5521,.F.);
#5496 = FACE_BOUND('',#5497,.F.);
#5497 = EDGE_LOOP('',(#5498,#5508,#5514,#5515));
#5498 = ORIENTED_EDGE('',*,*,#5499,.T.);
#5499 = EDGE_CURVE('',#5500,#5502,#5504,.T.);
#5500 = VERTEX_POINT('',#5501);
#5501 = CARTESIAN_POINT('',(3.31546725905,-1.420697329377,10.));
#5502 = VERTEX_POINT('',#5503);
#5503 = CARTESIAN_POINT('',(3.31546725905,-1.420697329377,9.6));
#5504 = LINE('',#5505,#5506);
#5505 = CARTESIAN_POINT('',(3.31546725905,-1.420697329377,10.));
#5506 = VECTOR('',#5507,1.);
#5507 = DIRECTION('',(0.,0.,-1.));
#5508 = ORIENTED_EDGE('',*,*,#5509,.T.);
#5509 = EDGE_CURVE('',#5502,#5471,#5510,.T.);
#5510 = B_SPLINE_CURVE_WITH_KNOTS('',2,(#5511,#5512,#5513),
  .UNSPECIFIED.,.F.,.F.,(3,3),(0.,1.),.PIECEWISE_BEZIER_KNOTS.);
#5511 = CARTESIAN_POINT('',(3.31546725905,-1.420697329377,9.6));
#5512 = CARTESIAN_POINT('',(3.272996932641,-1.380081602374,9.6));
#5513 = CARTESIAN_POINT('',(3.272996932641,-1.31646884273,9.6));
#5514 = ORIENTED_EDGE('',*,*,#5468,.F.);
#5515 = ORIENTED_EDGE('',*,*,#5516,.F.);
#5516 = EDGE_CURVE('',#5500,#5469,#5517,.T.);
#5517 = B_SPLINE_CURVE_WITH_KNOTS('',2,(#5518,#5519,#5520),
  .UNSPECIFIED.,.F.,.F.,(3,3),(0.,1.),.PIECEWISE_BEZIER_KNOTS.);
#5518 = CARTESIAN_POINT('',(3.31546725905,-1.420697329377,10.));
#5519 = CARTESIAN_POINT('',(3.272996932641,-1.380081602374,10.));
#5520 = CARTESIAN_POINT('',(3.272996932641,-1.31646884273,10.));
#5521 = SURFACE_OF_LINEAR_EXTRUSION('',#5522,#5526);
#5522 = B_SPLINE_CURVE_WITH_KNOTS('',2,(#5523,#5524,#5525),
  .UNSPECIFIED.,.F.,.F.,(3,3),(0.,1.),.PIECEWISE_BEZIER_KNOTS.);
#5523 = CARTESIAN_POINT('',(3.31546725905,-1.420697329377,10.));
#5524 = CARTESIAN_POINT('',(3.272996932641,-1.380081602374,10.));
#5525 = CARTESIAN_POINT('',(3.272996932641,-1.31646884273,10.));
#5526 = VECTOR('',#5527,1.);
#5527 = DIRECTION('',(-0.,-0.,1.));
#5528 = ADVANCED_FACE('',(#5529),#5554,.F.);
#5529 = FACE_BOUND('',#5530,.F.);
#5530 = EDGE_LOOP('',(#5531,#5541,#5547,#5548));
#5531 = ORIENTED_EDGE('',*,*,#5532,.T.);
#5532 = EDGE_CURVE('',#5533,#5535,#5537,.T.);
#5533 = VERTEX_POINT('',#5534);
#5534 = CARTESIAN_POINT('',(3.409309989021,-1.461127596439,10.));
#5535 = VERTEX_POINT('',#5536);
#5536 = CARTESIAN_POINT('',(3.409309989021,-1.461127596439,9.6));
#5537 = LINE('',#5538,#5539);
#5538 = CARTESIAN_POINT('',(3.409309989021,-1.461127596439,10.));
#5539 = VECTOR('',#5540,1.);
#5540 = DIRECTION('',(0.,0.,-1.));
#5541 = ORIENTED_EDGE('',*,*,#5542,.T.);
#5542 = EDGE_CURVE('',#5535,#5502,#5543,.T.);
#5543 = B_SPLINE_CURVE_WITH_KNOTS('',2,(#5544,#5545,#5546),
  .UNSPECIFIED.,.F.,.F.,(3,3),(0.,1.),.PIECEWISE_BEZIER_KNOTS.);
#5544 = CARTESIAN_POINT('',(3.409309989021,-1.461127596439,9.6));
#5545 = CARTESIAN_POINT('',(3.358123045401,-1.461127596439,9.6));
#5546 = CARTESIAN_POINT('',(3.31546725905,-1.420697329377,9.6));
#5547 = ORIENTED_EDGE('',*,*,#5499,.F.);
#5548 = ORIENTED_EDGE('',*,*,#5549,.F.);
#5549 = EDGE_CURVE('',#5533,#5500,#5550,.T.);
#5550 = B_SPLINE_CURVE_WITH_KNOTS('',2,(#5551,#5552,#5553),
  .UNSPECIFIED.,.F.,.F.,(3,3),(0.,1.),.PIECEWISE_BEZIER_KNOTS.);
#5551 = CARTESIAN_POINT('',(3.409309989021,-1.461127596439,10.));
#5552 = CARTESIAN_POINT('',(3.358123045401,-1.461127596439,10.));
#5553 = CARTESIAN_POINT('',(3.31546725905,-1.420697329377,10.));
#5554 = SURFACE_OF_LINEAR_EXTRUSION('',#5555,#5559);
#5555 = B_SPLINE_CURVE_WITH_KNOTS('',2,(#5556,#5557,#5558),
  .UNSPECIFIED.,.F.,.F.,(3,3),(0.,1.),.PIECEWISE_BEZIER_KNOTS.);
#5556 = CARTESIAN_POINT('',(3.409309989021,-1.461127596439,10.));
#5557 = CARTESIAN_POINT('',(3.358123045401,-1.461127596439,10.));
#5558 = CARTESIAN_POINT('',(3.31546725905,-1.420697329377,10.));
#5559 = VECTOR('',#5560,1.);
#5560 = DIRECTION('',(-0.,-0.,1.));
#5561 = ADVANCED_FACE('',(#5562),#5587,.F.);
#5562 = FACE_BOUND('',#5563,.F.);
#5563 = EDGE_LOOP('',(#5564,#5574,#5580,#5581));
#5564 = ORIENTED_EDGE('',*,*,#5565,.T.);
#5565 = EDGE_CURVE('',#5566,#5568,#5570,.T.);
#5566 = VERTEX_POINT('',#5567);
#5567 = CARTESIAN_POINT('',(3.798775864392,-1.587054896142,10.));
#5568 = VERTEX_POINT('',#5569);
#5569 = CARTESIAN_POINT('',(3.798775864392,-1.587054896142,9.6));
#5570 = LINE('',#5571,#5572);
#5571 = CARTESIAN_POINT('',(3.798775864392,-1.587054896142,10.));
#5572 = VECTOR('',#5573,1.);
#5573 = DIRECTION('',(0.,0.,-1.));
#5574 = ORIENTED_EDGE('',*,*,#5575,.T.);
#5575 = EDGE_CURVE('',#5568,#5535,#5576,.T.);
#5576 = B_SPLINE_CURVE_WITH_KNOTS('',2,(#5577,#5578,#5579),
  .UNSPECIFIED.,.F.,.F.,(3,3),(0.,1.),.PIECEWISE_BEZIER_KNOTS.);
#5577 = CARTESIAN_POINT('',(3.798775864392,-1.587054896142,9.6));
#5578 = CARTESIAN_POINT('',(3.642433134421,-1.461127596439,9.6));
#5579 = CARTESIAN_POINT('',(3.409309989021,-1.461127596439,9.6));
#5580 = ORIENTED_EDGE('',*,*,#5532,.F.);
#5581 = ORIENTED_EDGE('',*,*,#5582,.F.);
#5582 = EDGE_CURVE('',#5566,#5533,#5583,.T.);
#5583 = B_SPLINE_CURVE_WITH_KNOTS('',2,(#5584,#5585,#5586),
  .UNSPECIFIED.,.F.,.F.,(3,3),(0.,1.),.PIECEWISE_BEZIER_KNOTS.);
#5584 = CARTESIAN_POINT('',(3.798775864392,-1.587054896142,10.));
#5585 = CARTESIAN_POINT('',(3.642433134421,-1.461127596439,10.));
#5586 = CARTESIAN_POINT('',(3.409309989021,-1.461127596439,10.));
#5587 = SURFACE_OF_LINEAR_EXTRUSION('',#5588,#5592);
#5588 = B_SPLINE_CURVE_WITH_KNOTS('',2,(#5589,#5590,#5591),
  .UNSPECIFIED.,.F.,.F.,(3,3),(0.,1.),.PIECEWISE_BEZIER_KNOTS.);
#5589 = CARTESIAN_POINT('',(3.798775864392,-1.587054896142,10.));
#5590 = CARTESIAN_POINT('',(3.642433134421,-1.461127596439,10.));
#5591 = CARTESIAN_POINT('',(3.409309989021,-1.461127596439,10.));
#5592 = VECTOR('',#5593,1.);
#5593 = DIRECTION('',(-0.,-0.,1.));
#5594 = ADVANCED_FACE('',(#5595),#5620,.F.);
#5595 = FACE_BOUND('',#5596,.F.);
#5596 = EDGE_LOOP('',(#5597,#5607,#5613,#5614));
#5597 = ORIENTED_EDGE('',*,*,#5598,.T.);
#5598 = EDGE_CURVE('',#5599,#5601,#5603,.T.);
#5599 = VERTEX_POINT('',#5600);
#5600 = CARTESIAN_POINT('',(4.045993965282,-1.961683976261,10.));
#5601 = VERTEX_POINT('',#5602);
#5602 = CARTESIAN_POINT('',(4.045993965282,-1.961683976261,9.6));
#5603 = LINE('',#5604,#5605);
#5604 = CARTESIAN_POINT('',(4.045993965282,-1.961683976261,10.));
#5605 = VECTOR('',#5606,1.);
#5606 = DIRECTION('',(0.,0.,-1.));
#5607 = ORIENTED_EDGE('',*,*,#5608,.T.);
#5608 = EDGE_CURVE('',#5601,#5568,#5609,.T.);
#5609 = B_SPLINE_CURVE_WITH_KNOTS('',2,(#5610,#5611,#5612),
  .UNSPECIFIED.,.F.,.F.,(3,3),(0.,1.),.PIECEWISE_BEZIER_KNOTS.);
#5610 = CARTESIAN_POINT('',(4.045993965282,-1.961683976261,9.6));
#5611 = CARTESIAN_POINT('',(3.955118594362,-1.712796735905,9.6));
#5612 = CARTESIAN_POINT('',(3.798775864392,-1.587054896142,9.6));
#5613 = ORIENTED_EDGE('',*,*,#5565,.F.);
#5614 = ORIENTED_EDGE('',*,*,#5615,.F.);
#5615 = EDGE_CURVE('',#5599,#5566,#5616,.T.);
#5616 = B_SPLINE_CURVE_WITH_KNOTS('',2,(#5617,#5618,#5619),
  .UNSPECIFIED.,.F.,.F.,(3,3),(0.,1.),.PIECEWISE_BEZIER_KNOTS.);
#5617 = CARTESIAN_POINT('',(4.045993965282,-1.961683976261,10.));
#5618 = CARTESIAN_POINT('',(3.955118594362,-1.712796735905,10.));
#5619 = CARTESIAN_POINT('',(3.798775864392,-1.587054896142,10.));
#5620 = SURFACE_OF_LINEAR_EXTRUSION('',#5621,#5625);
#5621 = B_SPLINE_CURVE_WITH_KNOTS('',2,(#5622,#5623,#5624),
  .UNSPECIFIED.,.F.,.F.,(3,3),(0.,1.),.PIECEWISE_BEZIER_KNOTS.);
#5622 = CARTESIAN_POINT('',(4.045993965282,-1.961683976261,10.));
#5623 = CARTESIAN_POINT('',(3.955118594362,-1.712796735905,10.));
#5624 = CARTESIAN_POINT('',(3.798775864392,-1.587054896142,10.));
#5625 = VECTOR('',#5626,1.);
#5626 = DIRECTION('',(-0.,-0.,1.));
#5627 = ADVANCED_FACE('',(#5628),#5653,.F.);
#5628 = FACE_BOUND('',#5629,.F.);
#5629 = EDGE_LOOP('',(#5630,#5640,#5646,#5647));
#5630 = ORIENTED_EDGE('',*,*,#5631,.T.);
#5631 = EDGE_CURVE('',#5632,#5634,#5636,.T.);
#5632 = VERTEX_POINT('',#5633);
#5633 = CARTESIAN_POINT('',(4.176743223442,-2.573516320475,10.));
#5634 = VERTEX_POINT('',#5635);
#5635 = CARTESIAN_POINT('',(4.176743223442,-2.573516320475,9.6));
#5636 = LINE('',#5637,#5638);
#5637 = CARTESIAN_POINT('',(4.176743223442,-2.573516320475,10.));
#5638 = VECTOR('',#5639,1.);
#5639 = DIRECTION('',(0.,0.,-1.));
#5640 = ORIENTED_EDGE('',*,*,#5641,.T.);
#5641 = EDGE_CURVE('',#5634,#5601,#5642,.T.);
#5642 = B_SPLINE_CURVE_WITH_KNOTS('',2,(#5643,#5644,#5645),
  .UNSPECIFIED.,.F.,.F.,(3,3),(0.,1.),.PIECEWISE_BEZIER_KNOTS.);
#5643 = CARTESIAN_POINT('',(4.176743223442,-2.573516320475,9.6));
#5644 = CARTESIAN_POINT('',(4.137054796142,-2.210385756677,9.6));
#5645 = CARTESIAN_POINT('',(4.045993965282,-1.961683976261,9.6));
#5646 = ORIENTED_EDGE('',*,*,#5598,.F.);
#5647 = ORIENTED_EDGE('',*,*,#5648,.F.);
#5648 = EDGE_CURVE('',#5632,#5599,#5649,.T.);
#5649 = B_SPLINE_CURVE_WITH_KNOTS('',2,(#5650,#5651,#5652),
  .UNSPECIFIED.,.F.,.F.,(3,3),(0.,1.),.PIECEWISE_BEZIER_KNOTS.);
#5650 = CARTESIAN_POINT('',(4.176743223442,-2.573516320475,10.));
#5651 = CARTESIAN_POINT('',(4.137054796142,-2.210385756677,10.));
#5652 = CARTESIAN_POINT('',(4.045993965282,-1.961683976261,10.));
#5653 = SURFACE_OF_LINEAR_EXTRUSION('',#5654,#5658);
#5654 = B_SPLINE_CURVE_WITH_KNOTS('',2,(#5655,#5656,#5657),
  .UNSPECIFIED.,.F.,.F.,(3,3),(0.,1.),.PIECEWISE_BEZIER_KNOTS.);
#5655 = CARTESIAN_POINT('',(4.176743223442,-2.573516320475,10.));
#5656 = CARTESIAN_POINT('',(4.137054796142,-2.210385756677,10.));
#5657 = CARTESIAN_POINT('',(4.045993965282,-1.961683976261,10.));
#5658 = VECTOR('',#5659,1.);
#5659 = DIRECTION('',(-0.,-0.,1.));
#5660 = ADVANCED_FACE('',(#5661),#5686,.F.);
#5661 = FACE_BOUND('',#5662,.F.);
#5662 = EDGE_LOOP('',(#5663,#5673,#5679,#5680));
#5663 = ORIENTED_EDGE('',*,*,#5664,.T.);
#5664 = EDGE_CURVE('',#5665,#5667,#5669,.T.);
#5665 = VERTEX_POINT('',#5666);
#5666 = CARTESIAN_POINT('',(4.216617110682,-3.428486646884,10.));
#5667 = VERTEX_POINT('',#5668);
#5668 = CARTESIAN_POINT('',(4.216617110682,-3.428486646884,9.6));
#5669 = LINE('',#5670,#5671);
#5670 = CARTESIAN_POINT('',(4.216617110682,-3.428486646884,10.));
#5671 = VECTOR('',#5672,1.);
#5672 = DIRECTION('',(0.,0.,-1.));
#5673 = ORIENTED_EDGE('',*,*,#5674,.T.);
#5674 = EDGE_CURVE('',#5667,#5634,#5675,.T.);
#5675 = B_SPLINE_CURVE_WITH_KNOTS('',2,(#5676,#5677,#5678),
  .UNSPECIFIED.,.F.,.F.,(3,3),(0.,1.),.PIECEWISE_BEZIER_KNOTS.);
#5676 = CARTESIAN_POINT('',(4.216617110682,-3.428486646884,9.6));
#5677 = CARTESIAN_POINT('',(4.216617110682,-2.936646884273,9.6));
#5678 = CARTESIAN_POINT('',(4.176743223442,-2.573516320475,9.6));
#5679 = ORIENTED_EDGE('',*,*,#5631,.F.);
#5680 = ORIENTED_EDGE('',*,*,#5681,.F.);
#5681 = EDGE_CURVE('',#5665,#5632,#5682,.T.);
#5682 = B_SPLINE_CURVE_WITH_KNOTS('',2,(#5683,#5684,#5685),
  .UNSPECIFIED.,.F.,.F.,(3,3),(0.,1.),.PIECEWISE_BEZIER_KNOTS.);
#5683 = CARTESIAN_POINT('',(4.216617110682,-3.428486646884,10.));
#5684 = CARTESIAN_POINT('',(4.216617110682,-2.936646884273,10.));
#5685 = CARTESIAN_POINT('',(4.176743223442,-2.573516320475,10.));
#5686 = SURFACE_OF_LINEAR_EXTRUSION('',#5687,#5691);
#5687 = B_SPLINE_CURVE_WITH_KNOTS('',2,(#5688,#5689,#5690),
  .UNSPECIFIED.,.F.,.F.,(3,3),(0.,1.),.PIECEWISE_BEZIER_KNOTS.);
#5688 = CARTESIAN_POINT('',(4.216617110682,-3.428486646884,10.));
#5689 = CARTESIAN_POINT('',(4.216617110682,-2.936646884273,10.));
#5690 = CARTESIAN_POINT('',(4.176743223442,-2.573516320475,10.));
#5691 = VECTOR('',#5692,1.);
#5692 = DIRECTION('',(-0.,-0.,1.));
#5693 = ADVANCED_FACE('',(#5694),#5719,.F.);
#5694 = FACE_BOUND('',#5695,.F.);
#5695 = EDGE_LOOP('',(#5696,#5706,#5712,#5713));
#5696 = ORIENTED_EDGE('',*,*,#5697,.T.);
#5697 = EDGE_CURVE('',#5698,#5700,#5702,.T.);
#5698 = VERTEX_POINT('',#5699);
#5699 = CARTESIAN_POINT('',(4.176743223442,-4.286424332344,10.));
#5700 = VERTEX_POINT('',#5701);
#5701 = CARTESIAN_POINT('',(4.176743223442,-4.286424332344,9.6));
#5702 = LINE('',#5703,#5704);
#5703 = CARTESIAN_POINT('',(4.176743223442,-4.286424332344,10.));
#5704 = VECTOR('',#5705,1.);
#5705 = DIRECTION('',(0.,0.,-1.));
#5706 = ORIENTED_EDGE('',*,*,#5707,.T.);
#5707 = EDGE_CURVE('',#5700,#5667,#5708,.T.);
#5708 = B_SPLINE_CURVE_WITH_KNOTS('',2,(#5709,#5710,#5711),
  .UNSPECIFIED.,.F.,.F.,(3,3),(0.,1.),.PIECEWISE_BEZIER_KNOTS.);
#5709 = CARTESIAN_POINT('',(4.176743223442,-4.286424332344,9.6));
#5710 = CARTESIAN_POINT('',(4.216617110682,-3.920326409496,9.6));
#5711 = CARTESIAN_POINT('',(4.216617110682,-3.428486646884,9.6));
#5712 = ORIENTED_EDGE('',*,*,#5664,.F.);
#5713 = ORIENTED_EDGE('',*,*,#5714,.F.);
#5714 = EDGE_CURVE('',#5698,#5665,#5715,.T.);
#5715 = B_SPLINE_CURVE_WITH_KNOTS('',2,(#5716,#5717,#5718),
  .UNSPECIFIED.,.F.,.F.,(3,3),(0.,1.),.PIECEWISE_BEZIER_KNOTS.);
#5716 = CARTESIAN_POINT('',(4.176743223442,-4.286424332344,10.));
#5717 = CARTESIAN_POINT('',(4.216617110682,-3.920326409496,10.));
#5718 = CARTESIAN_POINT('',(4.216617110682,-3.428486646884,10.));
#5719 = SURFACE_OF_LINEAR_EXTRUSION('',#5720,#5724);
#5720 = B_SPLINE_CURVE_WITH_KNOTS('',2,(#5721,#5722,#5723),
  .UNSPECIFIED.,.F.,.F.,(3,3),(0.,1.),.PIECEWISE_BEZIER_KNOTS.);
#5721 = CARTESIAN_POINT('',(4.176743223442,-4.286424332344,10.));
#5722 = CARTESIAN_POINT('',(4.216617110682,-3.920326409496,10.));
#5723 = CARTESIAN_POINT('',(4.216617110682,-3.428486646884,10.));
#5724 = VECTOR('',#5725,1.);
#5725 = DIRECTION('',(-0.,-0.,1.));
#5726 = ADVANCED_FACE('',(#5727),#5752,.F.);
#5727 = FACE_BOUND('',#5728,.F.);
#5728 = EDGE_LOOP('',(#5729,#5739,#5745,#5746));
#5729 = ORIENTED_EDGE('',*,*,#5730,.T.);
#5730 = EDGE_CURVE('',#5731,#5733,#5735,.T.);
#5731 = VERTEX_POINT('',#5732);
#5732 = CARTESIAN_POINT('',(4.045993965282,-4.898442136499,10.));
#5733 = VERTEX_POINT('',#5734);
#5734 = CARTESIAN_POINT('',(4.045993965282,-4.898442136499,9.6));
#5735 = LINE('',#5736,#5737);
#5736 = CARTESIAN_POINT('',(4.045993965282,-4.898442136499,10.));
#5737 = VECTOR('',#5738,1.);
#5738 = DIRECTION('',(0.,0.,-1.));
#5739 = ORIENTED_EDGE('',*,*,#5740,.T.);
#5740 = EDGE_CURVE('',#5733,#5700,#5741,.T.);
#5741 = B_SPLINE_CURVE_WITH_KNOTS('',2,(#5742,#5743,#5744),
  .UNSPECIFIED.,.F.,.F.,(3,3),(0.,1.),.PIECEWISE_BEZIER_KNOTS.);
#5742 = CARTESIAN_POINT('',(4.045993965282,-4.898442136499,9.6));
#5743 = CARTESIAN_POINT('',(4.137054796142,-4.652522255193,9.6));
#5744 = CARTESIAN_POINT('',(4.176743223442,-4.286424332344,9.6));
#5745 = ORIENTED_EDGE('',*,*,#5697,.F.);
#5746 = ORIENTED_EDGE('',*,*,#5747,.F.);
#5747 = EDGE_CURVE('',#5731,#5698,#5748,.T.);
#5748 = B_SPLINE_CURVE_WITH_KNOTS('',2,(#5749,#5750,#5751),
  .UNSPECIFIED.,.F.,.F.,(3,3),(0.,1.),.PIECEWISE_BEZIER_KNOTS.);
#5749 = CARTESIAN_POINT('',(4.045993965282,-4.898442136499,10.));
#5750 = CARTESIAN_POINT('',(4.137054796142,-4.652522255193,10.));
#5751 = CARTESIAN_POINT('',(4.176743223442,-4.286424332344,10.));
#5752 = SURFACE_OF_LINEAR_EXTRUSION('',#5753,#5757);
#5753 = B_SPLINE_CURVE_WITH_KNOTS('',2,(#5754,#5755,#5756),
  .UNSPECIFIED.,.F.,.F.,(3,3),(0.,1.),.PIECEWISE_BEZIER_KNOTS.);
#5754 = CARTESIAN_POINT('',(4.045993965282,-4.898442136499,10.));
#5755 = CARTESIAN_POINT('',(4.137054796142,-4.652522255193,10.));
#5756 = CARTESIAN_POINT('',(4.176743223442,-4.286424332344,10.));
#5757 = VECTOR('',#5758,1.);
#5758 = DIRECTION('',(-0.,-0.,1.));
#5759 = ADVANCED_FACE('',(#5760),#5785,.F.);
#5760 = FACE_BOUND('',#5761,.F.);
#5761 = EDGE_LOOP('',(#5762,#5772,#5778,#5779));
#5762 = ORIENTED_EDGE('',*,*,#5763,.T.);
#5763 = EDGE_CURVE('',#5764,#5766,#5768,.T.);
#5764 = VERTEX_POINT('',#5765);
#5765 = CARTESIAN_POINT('',(3.798775864392,-5.273071216617,10.));
#5766 = VERTEX_POINT('',#5767);
#5767 = CARTESIAN_POINT('',(3.798775864392,-5.273071216617,9.6));
#5768 = LINE('',#5769,#5770);
#5769 = CARTESIAN_POINT('',(3.798775864392,-5.273071216617,10.));
#5770 = VECTOR('',#5771,1.);
#5771 = DIRECTION('',(0.,0.,-1.));
#5772 = ORIENTED_EDGE('',*,*,#5773,.T.);
#5773 = EDGE_CURVE('',#5766,#5733,#5774,.T.);
#5774 = B_SPLINE_CURVE_WITH_KNOTS('',2,(#5775,#5776,#5777),
  .UNSPECIFIED.,.F.,.F.,(3,3),(0.,1.),.PIECEWISE_BEZIER_KNOTS.);
#5775 = CARTESIAN_POINT('',(3.798775864392,-5.273071216617,9.6));
#5776 = CARTESIAN_POINT('',(3.955118594362,-5.144362017804,9.6));
#5777 = CARTESIAN_POINT('',(4.045993965282,-4.898442136499,9.6));
#5778 = ORIENTED_EDGE('',*,*,#5730,.F.);
#5779 = ORIENTED_EDGE('',*,*,#5780,.F.);
#5780 = EDGE_CURVE('',#5764,#5731,#5781,.T.);
#5781 = B_SPLINE_CURVE_WITH_KNOTS('',2,(#5782,#5783,#5784),
  .UNSPECIFIED.,.F.,.F.,(3,3),(0.,1.),.PIECEWISE_BEZIER_KNOTS.);
#5782 = CARTESIAN_POINT('',(3.798775864392,-5.273071216617,10.));
#5783 = CARTESIAN_POINT('',(3.955118594362,-5.144362017804,10.));
#5784 = CARTESIAN_POINT('',(4.045993965282,-4.898442136499,10.));
#5785 = SURFACE_OF_LINEAR_EXTRUSION('',#5786,#5790);
#5786 = B_SPLINE_CURVE_WITH_KNOTS('',2,(#5787,#5788,#5789),
  .UNSPECIFIED.,.F.,.F.,(3,3),(0.,1.),.PIECEWISE_BEZIER_KNOTS.);
#5787 = CARTESIAN_POINT('',(3.798775864392,-5.273071216617,10.));
#5788 = CARTESIAN_POINT('',(3.955118594362,-5.144362017804,10.));
#5789 = CARTESIAN_POINT('',(4.045993965282,-4.898442136499,10.));
#5790 = VECTOR('',#5791,1.);
#5791 = DIRECTION('',(-0.,-0.,1.));
#5792 = ADVANCED_FACE('',(#5793),#5818,.F.);
#5793 = FACE_BOUND('',#5794,.F.);
#5794 = EDGE_LOOP('',(#5795,#5805,#5811,#5812));
#5795 = ORIENTED_EDGE('',*,*,#5796,.T.);
#5796 = EDGE_CURVE('',#5797,#5799,#5801,.T.);
#5797 = VERTEX_POINT('',#5798);
#5798 = CARTESIAN_POINT('',(3.409309989021,-5.40178041543,10.));
#5799 = VERTEX_POINT('',#5800);
#5800 = CARTESIAN_POINT('',(3.409309989021,-5.40178041543,9.6));
#5801 = LINE('',#5802,#5803);
#5802 = CARTESIAN_POINT('',(3.409309989021,-5.40178041543,10.));
#5803 = VECTOR('',#5804,1.);
#5804 = DIRECTION('',(0.,0.,-1.));
#5805 = ORIENTED_EDGE('',*,*,#5806,.T.);
#5806 = EDGE_CURVE('',#5799,#5766,#5807,.T.);
#5807 = B_SPLINE_CURVE_WITH_KNOTS('',2,(#5808,#5809,#5810),
  .UNSPECIFIED.,.F.,.F.,(3,3),(0.,1.),.PIECEWISE_BEZIER_KNOTS.);
#5808 = CARTESIAN_POINT('',(3.409309989021,-5.40178041543,9.6));
#5809 = CARTESIAN_POINT('',(3.642433134421,-5.40178041543,9.6));
#5810 = CARTESIAN_POINT('',(3.798775864392,-5.273071216617,9.6));
#5811 = ORIENTED_EDGE('',*,*,#5763,.F.);
#5812 = ORIENTED_EDGE('',*,*,#5813,.F.);
#5813 = EDGE_CURVE('',#5797,#5764,#5814,.T.);
#5814 = B_SPLINE_CURVE_WITH_KNOTS('',2,(#5815,#5816,#5817),
  .UNSPECIFIED.,.F.,.F.,(3,3),(0.,1.),.PIECEWISE_BEZIER_KNOTS.);
#5815 = CARTESIAN_POINT('',(3.409309989021,-5.40178041543,10.));
#5816 = CARTESIAN_POINT('',(3.642433134421,-5.40178041543,10.));
#5817 = CARTESIAN_POINT('',(3.798775864392,-5.273071216617,10.));
#5818 = SURFACE_OF_LINEAR_EXTRUSION('',#5819,#5823);
#5819 = B_SPLINE_CURVE_WITH_KNOTS('',2,(#5820,#5821,#5822),
  .UNSPECIFIED.,.F.,.F.,(3,3),(0.,1.),.PIECEWISE_BEZIER_KNOTS.);
#5820 = CARTESIAN_POINT('',(3.409309989021,-5.40178041543,10.));
#5821 = CARTESIAN_POINT('',(3.642433134421,-5.40178041543,10.));
#5822 = CARTESIAN_POINT('',(3.798775864392,-5.273071216617,10.));
#5823 = VECTOR('',#5824,1.);
#5824 = DIRECTION('',(-0.,-0.,1.));
#5825 = ADVANCED_FACE('',(#5826),#5851,.F.);
#5826 = FACE_BOUND('',#5827,.F.);
#5827 = EDGE_LOOP('',(#5828,#5838,#5844,#5845));
#5828 = ORIENTED_EDGE('',*,*,#5829,.T.);
#5829 = EDGE_CURVE('',#5830,#5832,#5834,.T.);
#5830 = VERTEX_POINT('',#5831);
#5831 = CARTESIAN_POINT('',(3.31546725905,-5.442210682493,10.));
#5832 = VERTEX_POINT('',#5833);
#5833 = CARTESIAN_POINT('',(3.31546725905,-5.442210682493,9.6));
#5834 = LINE('',#5835,#5836);
#5835 = CARTESIAN_POINT('',(3.31546725905,-5.442210682493,10.));
#5836 = VECTOR('',#5837,1.);
#5837 = DIRECTION('',(0.,0.,-1.));
#5838 = ORIENTED_EDGE('',*,*,#5839,.T.);
#5839 = EDGE_CURVE('',#5832,#5799,#5840,.T.);
#5840 = B_SPLINE_CURVE_WITH_KNOTS('',2,(#5841,#5842,#5843),
  .UNSPECIFIED.,.F.,.F.,(3,3),(0.,1.),.PIECEWISE_BEZIER_KNOTS.);
#5841 = CARTESIAN_POINT('',(3.31546725905,-5.442210682493,9.6));
#5842 = CARTESIAN_POINT('',(3.358123045401,-5.40178041543,9.6));
#5843 = CARTESIAN_POINT('',(3.409309989021,-5.40178041543,9.6));
#5844 = ORIENTED_EDGE('',*,*,#5796,.F.);
#5845 = ORIENTED_EDGE('',*,*,#5846,.F.);
#5846 = EDGE_CURVE('',#5830,#5797,#5847,.T.);
#5847 = B_SPLINE_CURVE_WITH_KNOTS('',2,(#5848,#5849,#5850),
  .UNSPECIFIED.,.F.,.F.,(3,3),(0.,1.),.PIECEWISE_BEZIER_KNOTS.);
#5848 = CARTESIAN_POINT('',(3.31546725905,-5.442210682493,10.));
#5849 = CARTESIAN_POINT('',(3.358123045401,-5.40178041543,10.));
#5850 = CARTESIAN_POINT('',(3.409309989021,-5.40178041543,10.));
#5851 = SURFACE_OF_LINEAR_EXTRUSION('',#5852,#5856);
#5852 = B_SPLINE_CURVE_WITH_KNOTS('',2,(#5853,#5854,#5855),
  .UNSPECIFIED.,.F.,.F.,(3,3),(0.,1.),.PIECEWISE_BEZIER_KNOTS.);
#5853 = CARTESIAN_POINT('',(3.31546725905,-5.442210682493,10.));
#5854 = CARTESIAN_POINT('',(3.358123045401,-5.40178041543,10.));
#5855 = CARTESIAN_POINT('',(3.409309989021,-5.40178041543,10.));
#5856 = VECTOR('',#5857,1.);
#5857 = DIRECTION('',(-0.,-0.,1.));
#5858 = ADVANCED_FACE('',(#5859),#5884,.F.);
#5859 = FACE_BOUND('',#5860,.F.);
#5860 = EDGE_LOOP('',(#5861,#5871,#5877,#5878));
#5861 = ORIENTED_EDGE('',*,*,#5862,.T.);
#5862 = EDGE_CURVE('',#5863,#5865,#5867,.T.);
#5863 = VERTEX_POINT('',#5864);
#5864 = CARTESIAN_POINT('',(3.272996932641,-5.546439169139,10.));
#5865 = VERTEX_POINT('',#5866);
#5866 = CARTESIAN_POINT('',(3.272996932641,-5.546439169139,9.6));
#5867 = LINE('',#5868,#5869);
#5868 = CARTESIAN_POINT('',(3.272996932641,-5.546439169139,10.));
#5869 = VECTOR('',#5870,1.);
#5870 = DIRECTION('',(0.,0.,-1.));
#5871 = ORIENTED_EDGE('',*,*,#5872,.T.);
#5872 = EDGE_CURVE('',#5865,#5832,#5873,.T.);
#5873 = B_SPLINE_CURVE_WITH_KNOTS('',2,(#5874,#5875,#5876),
  .UNSPECIFIED.,.F.,.F.,(3,3),(0.,1.),.PIECEWISE_BEZIER_KNOTS.);
#5874 = CARTESIAN_POINT('',(3.272996932641,-5.546439169139,9.6));
#5875 = CARTESIAN_POINT('',(3.272996932641,-5.482826409496,9.6));
#5876 = CARTESIAN_POINT('',(3.31546725905,-5.442210682493,9.6));
#5877 = ORIENTED_EDGE('',*,*,#5829,.F.);
#5878 = ORIENTED_EDGE('',*,*,#5879,.F.);
#5879 = EDGE_CURVE('',#5863,#5830,#5880,.T.);
#5880 = B_SPLINE_CURVE_WITH_KNOTS('',2,(#5881,#5882,#5883),
  .UNSPECIFIED.,.F.,.F.,(3,3),(0.,1.),.PIECEWISE_BEZIER_KNOTS.);
#5881 = CARTESIAN_POINT('',(3.272996932641,-5.546439169139,10.));
#5882 = CARTESIAN_POINT('',(3.272996932641,-5.482826409496,10.));
#5883 = CARTESIAN_POINT('',(3.31546725905,-5.442210682493,10.));
#5884 = SURFACE_OF_LINEAR_EXTRUSION('',#5885,#5889);
#5885 = B_SPLINE_CURVE_WITH_KNOTS('',2,(#5886,#5887,#5888),
  .UNSPECIFIED.,.F.,.F.,(3,3),(0.,1.),.PIECEWISE_BEZIER_KNOTS.);
#5886 = CARTESIAN_POINT('',(3.272996932641,-5.546439169139,10.));
#5887 = CARTESIAN_POINT('',(3.272996932641,-5.482826409496,10.));
#5888 = CARTESIAN_POINT('',(3.31546725905,-5.442210682493,10.));
#5889 = VECTOR('',#5890,1.);
#5890 = DIRECTION('',(-0.,-0.,1.));
#5891 = ADVANCED_FACE('',(#5892),#5917,.F.);
#5892 = FACE_BOUND('',#5893,.F.);
#5893 = EDGE_LOOP('',(#5894,#5904,#5910,#5911));
#5894 = ORIENTED_EDGE('',*,*,#5895,.T.);
#5895 = EDGE_CURVE('',#5896,#5898,#5900,.T.);
#5896 = VERTEX_POINT('',#5897);
#5897 = CARTESIAN_POINT('',(3.272996932641,-5.957418397626,10.));
#5898 = VERTEX_POINT('',#5899);
#5899 = CARTESIAN_POINT('',(3.272996932641,-5.957418397626,9.6));
#5900 = LINE('',#5901,#5902);
#5901 = CARTESIAN_POINT('',(3.272996932641,-5.957418397626,10.));
#5902 = VECTOR('',#5903,1.);
#5903 = DIRECTION('',(0.,0.,-1.));
#5904 = ORIENTED_EDGE('',*,*,#5905,.T.);
#5905 = EDGE_CURVE('',#5898,#5865,#5906,.T.);
#5906 = LINE('',#5907,#5908);
#5907 = CARTESIAN_POINT('',(3.272996932641,-5.957418397626,9.6));
#5908 = VECTOR('',#5909,1.);
#5909 = DIRECTION('',(0.,1.,0.));
#5910 = ORIENTED_EDGE('',*,*,#5862,.F.);
#5911 = ORIENTED_EDGE('',*,*,#5912,.F.);
#5912 = EDGE_CURVE('',#5896,#5863,#5913,.T.);
#5913 = LINE('',#5914,#5915);
#5914 = CARTESIAN_POINT('',(3.272996932641,-5.957418397626,10.));
#5915 = VECTOR('',#5916,1.);
#5916 = DIRECTION('',(0.,1.,0.));
#5917 = PLANE('',#5918);
#5918 = AXIS2_PLACEMENT_3D('',#5919,#5920,#5921);
#5919 = CARTESIAN_POINT('',(3.272996932641,-5.957418397626,10.));
#5920 = DIRECTION('',(1.,-0.,0.));
#5921 = DIRECTION('',(0.,1.,0.));
#5922 = ADVANCED_FACE('',(#5923),#5939,.F.);
#5923 = FACE_BOUND('',#5924,.F.);
#5924 = EDGE_LOOP('',(#5925,#5926,#5932,#5933));
#5925 = ORIENTED_EDGE('',*,*,#5114,.T.);
#5926 = ORIENTED_EDGE('',*,*,#5927,.T.);
#5927 = EDGE_CURVE('',#5107,#5898,#5928,.T.);
#5928 = B_SPLINE_CURVE_WITH_KNOTS('',2,(#5929,#5930,#5931),
  .UNSPECIFIED.,.F.,.F.,(3,3),(0.,1.),.PIECEWISE_BEZIER_KNOTS.);
#5929 = CARTESIAN_POINT('',(3.315652718991,-6.058679525223,9.6));
#5930 = CARTESIAN_POINT('',(3.272996932641,-6.01528189911,9.6));
#5931 = CARTESIAN_POINT('',(3.272996932641,-5.957418397626,9.6));
#5932 = ORIENTED_EDGE('',*,*,#5895,.F.);
#5933 = ORIENTED_EDGE('',*,*,#5934,.F.);
#5934 = EDGE_CURVE('',#5115,#5896,#5935,.T.);
#5935 = B_SPLINE_CURVE_WITH_KNOTS('',2,(#5936,#5937,#5938),
  .UNSPECIFIED.,.F.,.F.,(3,3),(0.,1.),.PIECEWISE_BEZIER_KNOTS.);
#5936 = CARTESIAN_POINT('',(3.315652718991,-6.058679525223,10.));
#5937 = CARTESIAN_POINT('',(3.272996932641,-6.01528189911,10.));
#5938 = CARTESIAN_POINT('',(3.272996932641,-5.957418397626,10.));
#5939 = SURFACE_OF_LINEAR_EXTRUSION('',#5940,#5944);
#5940 = B_SPLINE_CURVE_WITH_KNOTS('',2,(#5941,#5942,#5943),
  .UNSPECIFIED.,.F.,.F.,(3,3),(0.,1.),.PIECEWISE_BEZIER_KNOTS.);
#5941 = CARTESIAN_POINT('',(3.315652718991,-6.058679525223,10.));
#5942 = CARTESIAN_POINT('',(3.272996932641,-6.01528189911,10.));
#5943 = CARTESIAN_POINT('',(3.272996932641,-5.957418397626,10.));
#5944 = VECTOR('',#5945,1.);
#5945 = DIRECTION('',(-0.,-0.,1.));
#5946 = ADVANCED_FACE('',(#5947),#5975,.T.);
#5947 = FACE_BOUND('',#5948,.T.);
#5948 = EDGE_LOOP('',(#5949,#5950,#5951,#5952,#5953,#5954,#5955,#5956,
    #5957,#5958,#5959,#5960,#5961,#5962,#5963,#5964,#5965,#5966,#5967,
    #5968,#5969,#5970,#5971,#5972,#5973,#5974));
#5949 = ORIENTED_EDGE('',*,*,#5122,.F.);
#5950 = ORIENTED_EDGE('',*,*,#5155,.F.);
#5951 = ORIENTED_EDGE('',*,*,#5188,.F.);
#5952 = ORIENTED_EDGE('',*,*,#5221,.F.);
#5953 = ORIENTED_EDGE('',*,*,#5254,.F.);
#5954 = ORIENTED_EDGE('',*,*,#5287,.F.);
#5955 = ORIENTED_EDGE('',*,*,#5320,.F.);
#5956 = ORIENTED_EDGE('',*,*,#5353,.F.);
#5957 = ORIENTED_EDGE('',*,*,#5386,.F.);
#5958 = ORIENTED_EDGE('',*,*,#5419,.F.);
#5959 = ORIENTED_EDGE('',*,*,#5452,.F.);
#5960 = ORIENTED_EDGE('',*,*,#5485,.F.);
#5961 = ORIENTED_EDGE('',*,*,#5516,.F.);
#5962 = ORIENTED_EDGE('',*,*,#5549,.F.);
#5963 = ORIENTED_EDGE('',*,*,#5582,.F.);
#5964 = ORIENTED_EDGE('',*,*,#5615,.F.);
#5965 = ORIENTED_EDGE('',*,*,#5648,.F.);
#5966 = ORIENTED_EDGE('',*,*,#5681,.F.);
#5967 = ORIENTED_EDGE('',*,*,#5714,.F.);
#5968 = ORIENTED_EDGE('',*,*,#5747,.F.);
#5969 = ORIENTED_EDGE('',*,*,#5780,.F.);
#5970 = ORIENTED_EDGE('',*,*,#5813,.F.);
#5971 = ORIENTED_EDGE('',*,*,#5846,.F.);
#5972 = ORIENTED_EDGE('',*,*,#5879,.F.);
#5973 = ORIENTED_EDGE('',*,*,#5912,.F.);
#5974 = ORIENTED_EDGE('',*,*,#5934,.F.);
#5975 = PLANE('',#5976);
#5976 = AXIS2_PLACEMENT_3D('',#5977,#5978,#5979);
#5977 = CARTESIAN_POINT('',(4.208415909591,-3.430887150505,10.));
#5978 = DIRECTION('',(0.,0.,1.));
#5979 = DIRECTION('',(1.,0.,0.));
#5980 = ADVANCED_FACE('',(#5981),#6009,.F.);
#5981 = FACE_BOUND('',#5982,.F.);
#5982 = EDGE_LOOP('',(#5983,#5984,#5985,#5986,#5987,#5988,#5989,#5990,
    #5991,#5992,#5993,#5994,#5995,#5996,#5997,#5998,#5999,#6000,#6001,
    #6002,#6003,#6004,#6005,#6006,#6007,#6008));
#5983 = ORIENTED_EDGE('',*,*,#5106,.F.);
#5984 = ORIENTED_EDGE('',*,*,#5148,.F.);
#5985 = ORIENTED_EDGE('',*,*,#5181,.F.);
#5986 = ORIENTED_EDGE('',*,*,#5214,.F.);
#5987 = ORIENTED_EDGE('',*,*,#5247,.F.);
#5988 = ORIENTED_EDGE('',*,*,#5280,.F.);
#5989 = ORIENTED_EDGE('',*,*,#5313,.F.);
#5990 = ORIENTED_EDGE('',*,*,#5346,.F.);
#5991 = ORIENTED_EDGE('',*,*,#5379,.F.);
#5992 = ORIENTED_EDGE('',*,*,#5412,.F.);
#5993 = ORIENTED_EDGE('',*,*,#5445,.F.);
#5994 = ORIENTED_EDGE('',*,*,#5478,.F.);
#5995 = ORIENTED_EDGE('',*,*,#5509,.F.);
#5996 = ORIENTED_EDGE('',*,*,#5542,.F.);
#5997 = ORIENTED_EDGE('',*,*,#5575,.F.);
#5998 = ORIENTED_EDGE('',*,*,#5608,.F.);
#5999 = ORIENTED_EDGE('',*,*,#5641,.F.);
#6000 = ORIENTED_EDGE('',*,*,#5674,.F.);
#6001 = ORIENTED_EDGE('',*,*,#5707,.F.);
#6002 = ORIENTED_EDGE('',*,*,#5740,.F.);
#6003 = ORIENTED_EDGE('',*,*,#5773,.F.);
#6004 = ORIENTED_EDGE('',*,*,#5806,.F.);
#6005 = ORIENTED_EDGE('',*,*,#5839,.F.);
#6006 = ORIENTED_EDGE('',*,*,#5872,.F.);
#6007 = ORIENTED_EDGE('',*,*,#5905,.F.);
#6008 = ORIENTED_EDGE('',*,*,#5927,.F.);
#6009 = PLANE('',#6010);
#6010 = AXIS2_PLACEMENT_3D('',#6011,#6012,#6013);
#6011 = CARTESIAN_POINT('',(4.208415909591,-3.430887150505,9.6));
#6012 = DIRECTION('',(0.,0.,1.));
#6013 = DIRECTION('',(1.,0.,0.));
#6014 = ( GEOMETRIC_REPRESENTATION_CONTEXT(3) 
GLOBAL_UNCERTAINTY_ASSIGNED_CONTEXT((#6018)) 
GLOBAL_UNIT_ASSIGNED_CONTEXT((#6015,#6016,#6017)) REPRESENTATION_CONTEXT
('Context #1','3D Context with UNIT and UNCERTAINTY') );
#6015 = ( LENGTH_UNIT() NAMED_UNIT(*) SI_UNIT(.MILLI.,.METRE.) );
#6016 = ( NAMED_UNIT(*) PLANE_ANGLE_UNIT() SI_UNIT($,.RADIAN.) );
#6017 = ( NAMED_UNIT(*) SI_UNIT($,.STERADIAN.) SOLID_ANGLE_UNIT() );
#6018 = UNCERTAINTY_MEASURE_WITH_UNIT(LENGTH_MEASURE(1.E-07),#6015,
  'distance_accuracy_value','confusion accuracy');
#6019 = CONTEXT_DEPENDENT_SHAPE_REPRESENTATION(#6020,#6022);
#6020 = ( REPRESENTATION_RELATIONSHIP('','',#5089,#10) 
REPRESENTATION_RELATIONSHIP_WITH_TRANSFORMATION(#6021) 
SHAPE_REPRESENTATION_RELATIONSHIP() );
#6021 = ITEM_DEFINED_TRANSFORMATION('','',#11,#23);
#6022 = PRODUCT_DEFINITION_SHAPE('Placement','Placement of an item',
  #6023);
#6023 = NEXT_ASSEMBLY_USAGE_OCCURRENCE('98','Extrude001','',#5,#5084,$);
#6024 = PRODUCT_RELATED_PRODUCT_CATEGORY('part',$,(#5086));
#6025 = MECHANICAL_DESIGN_GEOMETRIC_PRESENTATION_REPRESENTATION('',(
    #6026),#5071);
#6026 = STYLED_ITEM('color',(#6027),#3760);
#6027 = PRESENTATION_STYLE_ASSIGNMENT((#6028,#6034));
#6028 = SURFACE_STYLE_USAGE(.BOTH.,#6029);
#6029 = SURFACE_SIDE_STYLE('',(#6030));
#6030 = SURFACE_STYLE_FILL_AREA(#6031);
#6031 = FILL_AREA_STYLE('',(#6032));
#6032 = FILL_AREA_STYLE_COLOUR('',#6033);
#6033 = COLOUR_RGB('',0.447058818107,0.474509808674,0.501960817233);
#6034 = CURVE_STYLE('',#6035,POSITIVE_LENGTH_MEASURE(0.1),#6036);
#6035 = DRAUGHTING_PRE_DEFINED_CURVE_FONT('continuous');
#6036 = COLOUR_RGB('',9.803921802644E-02,9.803921802644E-02,
  9.803921802644E-02);
#6037 = MECHANICAL_DESIGN_GEOMETRIC_PRESENTATION_REPRESENTATION('',(
    #6038),#3741);
#6038 = STYLED_ITEM('color',(#6039),#41);
#6039 = PRESENTATION_STYLE_ASSIGNMENT((#6040,#6045));
#6040 = SURFACE_STYLE_USAGE(.BOTH.,#6041);
#6041 = SURFACE_SIDE_STYLE('',(#6042));
#6042 = SURFACE_STYLE_FILL_AREA(#6043);
#6043 = FILL_AREA_STYLE('',(#6044));
#6044 = FILL_AREA_STYLE_COLOUR('',#6033);
#6045 = CURVE_STYLE('',#6046,POSITIVE_LENGTH_MEASURE(0.1),#6036);
#6046 = DRAUGHTING_PRE_DEFINED_CURVE_FONT('continuous');
#6047 = MECHANICAL_DESIGN_GEOMETRIC_PRESENTATION_REPRESENTATION('',(
    #6048),#6014);
#6048 = STYLED_ITEM('color',(#6049),#5090);
#6049 = PRESENTATION_STYLE_ASSIGNMENT((#6050,#6055));
#6050 = SURFACE_STYLE_USAGE(.BOTH.,#6051);
#6051 = SURFACE_SIDE_STYLE('',(#6052));
#6052 = SURFACE_STYLE_FILL_AREA(#6053);
#6053 = FILL_AREA_STYLE('',(#6054));
#6054 = FILL_AREA_STYLE_COLOUR('',#6033);
#6055 = CURVE_STYLE('',#6056,POSITIVE_LENGTH_MEASURE(0.1),#6036);
#6056 = DRAUGHTING_PRE_DEFINED_CURVE_FONT('continuous');
ENDSEC;
END-ISO-10303-21;
