ISO-10303-21;
HEADER;
FILE_DESCRIPTION(('FreeCAD Model'),'2;1');
FILE_NAME('Open CASCADE Shape Model','2026-09-02T16:43:43',(''),(''),
  'Open CASCADE STEP processor 7.8','FreeCAD','Unknown');
FILE_SCHEMA(('AUTOMOTIVE_DESIGN { 1 0 10303 214 1 1 1 1 }'));
ENDSEC;
DATA;
#1 = APPLICATION_PROTOCOL_DEFINITION('international standard',
  'automotive_design',2000,#2);
#2 = APPLICATION_CONTEXT(
  'core data for automotive mechanical design processes');
#3 = SHAPE_DEFINITION_REPRESENTATION(#4,#10);
#4 = PRODUCT_DEFINITION_SHAPE('','',#5);
#5 = PRODUCT_DEFINITION('design','',#6,#9);
#6 = PRODUCT_DEFINITION_FORMATION('','',#7);
#7 = PRODUCT('Tasta_B','Tasta_B','',(#8));
#8 = PRODUCT_CONTEXT('',#2,'mechanical');
#9 = PRODUCT_DEFINITION_CONTEXT('part definition',#2,'design');
#10 = SHAPE_REPRESENTATION('',(#11,#15,#19,#23),#27);
#11 = AXIS2_PLACEMENT_3D('',#12,#13,#14);
#12 = CARTESIAN_POINT('',(0.,0.,0.));
#13 = DIRECTION('',(0.,0.,1.));
#14 = DIRECTION('',(1.,0.,-0.));
#15 = AXIS2_PLACEMENT_3D('',#16,#17,#18);
#16 = CARTESIAN_POINT('',(0.,0.,0.));
#17 = DIRECTION('',(0.,0.,1.));
#18 = DIRECTION('',(1.,0.,0.));
#19 = AXIS2_PLACEMENT_3D('',#20,#21,#22);
#20 = CARTESIAN_POINT('',(0.,0.,0.));
#21 = DIRECTION('',(0.,0.,1.));
#22 = DIRECTION('',(1.,0.,0.));
#23 = AXIS2_PLACEMENT_3D('',#24,#25,#26);
#24 = CARTESIAN_POINT('',(0.,0.,0.));
#25 = DIRECTION('',(0.,0.,1.));
#26 = DIRECTION('',(1.,0.,0.));
#27 = ( GEOMETRIC_REPRESENTATION_CONTEXT(3) 
GLOBAL_UNCERTAINTY_ASSIGNED_CONTEXT((#31)) GLOBAL_UNIT_ASSIGNED_CONTEXT(
(#28,#29,#30)) REPRESENTATION_CONTEXT('Context #1',
  '3D Context with UNIT and UNCERTAINTY') );
#28 = ( LENGTH_UNIT() NAMED_UNIT(*) SI_UNIT(.MILLI.,.METRE.) );
#29 = ( NAMED_UNIT(*) PLANE_ANGLE_UNIT() SI_UNIT($,.RADIAN.) );
#30 = ( NAMED_UNIT(*) SI_UNIT($,.STERADIAN.) SOLID_ANGLE_UNIT() );
#31 = UNCERTAINTY_MEASURE_WITH_UNIT(LENGTH_MEASURE(1.E-07),#28,
  'distance_accuracy_value','confusion accuracy');
#32 = PRODUCT_RELATED_PRODUCT_CATEGORY('part',$,(#7));
#33 = SHAPE_DEFINITION_REPRESENTATION(#34,#40);
#34 = PRODUCT_DEFINITION_SHAPE('','',#35);
#35 = PRODUCT_DEFINITION('design','',#36,#39);
#36 = PRODUCT_DEFINITION_FORMATION('','',#37);
#37 = PRODUCT('Body','Body','',(#38));
#38 = PRODUCT_CONTEXT('',#2,'mechanical');
#39 = PRODUCT_DEFINITION_CONTEXT('part definition',#2,'design');
#40 = ADVANCED_BREP_SHAPE_REPRESENTATION('',(#11,#41),#6816);
#41 = MANIFOLD_SOLID_BREP('',#42);
#42 = CLOSED_SHELL('',(#43,#83,#133,#187,#309,#343,#368,#422,#439,#465,
    #1241,#1275,#1300,#1343,#1362,#1393,#1417,#1441,#1465,#1489,#1513,
    #1537,#1554,#1581,#1600,#1627,#1639,#1670,#1696,#1722,#1748,#1774,
    #1800,#1826,#1852,#1878,#1904,#1930,#1956,#1980,#2006,#2032,#2056,
    #2082,#2101,#2134,#2160,#2186,#2212,#2238,#2264,#2290,#2316,#2342,
    #2368,#2394,#2420,#2446,#2472,#2498,#2517,#2548,#2574,#2600,#2624,
    #2648,#2672,#2698,#2724,#2748,#2774,#2800,#2826,#2850,#2876,#2902,
    #2928,#2954,#2978,#3004,#3030,#3054,#3080,#3099,#3130,#3156,#3182,
    #3208,#3234,#3260,#3286,#3312,#3338,#3362,#3388,#3414,#3438,#3464,
    #3483,#3514,#3540,#3566,#3592,#3618,#3644,#3668,#3694,#3720,#3746,
    #3772,#3798,#3822,#3848,#3874,#3900,#3926,#3945,#3972,#4114,#4252,
    #4341,#4454,#4596,#4621,#4652,#4676,#4700,#4726,#4752,#4778,#4797,
    #4828,#4852,#4876,#4902,#4928,#4954,#4973,#5006,#5032,#5058,#5084,
    #5110,#5136,#5162,#5188,#5214,#5240,#5266,#5292,#5318,#5337,#5368,
    #5392,#5416,#5442,#5468,#5494,#5513,#5544,#5568,#5592,#5618,#5644,
    #5670,#5696,#5722,#5748,#5774,#5793,#5824,#5848,#5872,#5898,#5924,
    #5950,#5969,#6000,#6024,#6048,#6074,#6100,#6126,#6145,#6288,#6303,
    #6318,#6340,#6355,#6374,#6389,#6404,#6435,#6460,#6484,#6508,#6532,
    #6557,#6581,#6605,#6629,#6654,#6678,#6702,#6726,#6751,#6775,#6792));
#43 = ADVANCED_FACE('',(#44),#78,.T.);
#44 = FACE_BOUND('',#45,.T.);
#45 = EDGE_LOOP('',(#46,#55,#65,#72));
#46 = ORIENTED_EDGE('',*,*,#47,.T.);
#47 = EDGE_CURVE('',#48,#50,#52,.T.);
#48 = VERTEX_POINT('',#49);
#49 = CARTESIAN_POINT('',(-9.1,-7.685786437627,0.));
#50 = VERTEX_POINT('',#51);
#51 = CARTESIAN_POINT('',(-7.102758617143,-5.68854505477,9.510673251699)
  );
#52 = B_SPLINE_CURVE_WITH_KNOTS('',1,(#53,#54),.UNSPECIFIED.,.F.,.F.,(2,
    2),(0.,1.),.PIECEWISE_BEZIER_KNOTS.);
#53 = CARTESIAN_POINT('',(-9.1,-7.685786437627,0.));
#54 = CARTESIAN_POINT('',(-7.,-5.585786437627,10.));
#55 = ORIENTED_EDGE('',*,*,#56,.F.);
#56 = EDGE_CURVE('',#57,#50,#59,.T.);
#57 = VERTEX_POINT('',#58);
#58 = CARTESIAN_POINT('',(-7.102758617143,5.68854505477,9.510673251699)
  );
#59 = B_SPLINE_CURVE_WITH_KNOTS('',2,(#60,#61,#62,#63,#64),
  .UNSPECIFIED.,.F.,.F.,(3,1,1,3),(-1.183700259966,-0.5,11.671572875254,
    12.355273135219),.UNSPECIFIED.);
#60 = CARTESIAN_POINT('',(-7.102758617143,6.769486697592,9.510673251699)
  );
#61 = CARTESIAN_POINT('',(-7.102758617143,6.42763656761,9.510673251699)
  );
#62 = CARTESIAN_POINT('',(-7.102758617143,-2.66E-15,9.510673251699));
#63 = CARTESIAN_POINT('',(-7.102758617143,-6.42763656761,9.510673251699)
  );
#64 = CARTESIAN_POINT('',(-7.102758617143,-6.769486697592,9.510673251699
    ));
#65 = ORIENTED_EDGE('',*,*,#66,.F.);
#66 = EDGE_CURVE('',#67,#57,#69,.T.);
#67 = VERTEX_POINT('',#68);
#68 = CARTESIAN_POINT('',(-9.1,7.685786437627,0.));
#69 = B_SPLINE_CURVE_WITH_KNOTS('',1,(#70,#71),.UNSPECIFIED.,.F.,.F.,(2,
    2),(0.,1.),.PIECEWISE_BEZIER_KNOTS.);
#70 = CARTESIAN_POINT('',(-9.1,7.685786437627,0.));
#71 = CARTESIAN_POINT('',(-7.,5.585786437627,10.));
#72 = ORIENTED_EDGE('',*,*,#73,.T.);
#73 = EDGE_CURVE('',#67,#48,#74,.T.);
#74 = LINE('',#75,#76);
#75 = CARTESIAN_POINT('',(-9.1,7.685786437627,0.));
#76 = VECTOR('',#77,1.);
#77 = DIRECTION('',(0.,-1.,0.));
#78 = B_SPLINE_SURFACE_WITH_KNOTS('',1,1,(
    (#79,#80)
    ,(#81,#82
    )),.UNSPECIFIED.,.F.,.F.,.F.,(2,2),(2,2),(0.,15.371572875254),(0.,1.
    ),.PIECEWISE_BEZIER_KNOTS.);
#79 = CARTESIAN_POINT('',(-9.1,7.685786437627,0.));
#80 = CARTESIAN_POINT('',(-7.,5.585786437627,10.));
#81 = CARTESIAN_POINT('',(-9.1,-7.685786437627,0.));
#82 = CARTESIAN_POINT('',(-7.,-5.585786437627,10.));
#83 = ADVANCED_FACE('',(#84),#128,.T.);
#84 = FACE_BOUND('',#85,.T.);
#85 = EDGE_LOOP('',(#86,#95,#105,#113,#121,#122));
#86 = ORIENTED_EDGE('',*,*,#87,.T.);
#87 = EDGE_CURVE('',#88,#90,#92,.T.);
#88 = VERTEX_POINT('',#89);
#89 = CARTESIAN_POINT('',(-7.685786437627,-9.1,0.));
#90 = VERTEX_POINT('',#91);
#91 = CARTESIAN_POINT('',(-5.68854505477,-7.102758617143,9.510673251699)
  );
#92 = B_SPLINE_CURVE_WITH_KNOTS('',1,(#93,#94),.UNSPECIFIED.,.F.,.F.,(2,
    2),(0.,1.),.PIECEWISE_BEZIER_KNOTS.);
#93 = CARTESIAN_POINT('',(-7.685786437627,-9.1,0.));
#94 = CARTESIAN_POINT('',(-5.585786437627,-7.,10.));
#95 = ORIENTED_EDGE('',*,*,#96,.F.);
#96 = EDGE_CURVE('',#97,#90,#99,.T.);
#97 = VERTEX_POINT('',#98);
#98 = CARTESIAN_POINT('',(-5.696677530706,-7.090418714604,9.520690934088
    ));
#99 = B_SPLINE_CURVE_WITH_KNOTS('',4,(#100,#101,#102,#103,#104),
  .UNSPECIFIED.,.F.,.F.,(5,5),(0.,1.),.PIECEWISE_BEZIER_KNOTS.);
#100 = CARTESIAN_POINT('',(-5.696632501422,-7.090487040287,
    9.520635466471));
#101 = CARTESIAN_POINT('',(-5.694610639759,-7.093554934501,
    9.518144912778));
#102 = CARTESIAN_POINT('',(-5.692588778096,-7.096622828715,
    9.515654359085));
#103 = CARTESIAN_POINT('',(-5.690566916433,-7.099690722929,
    9.513163805392));
#104 = CARTESIAN_POINT('',(-5.68854505477,-7.102758617143,9.510673251699
    ));
#105 = ORIENTED_EDGE('',*,*,#106,.F.);
#106 = EDGE_CURVE('',#107,#97,#109,.T.);
#107 = VERTEX_POINT('',#108);
#108 = CARTESIAN_POINT('',(-7.090418714604,-5.696677530706,
    9.520690934088));
#109 = LINE('',#110,#111);
#110 = CARTESIAN_POINT('',(-7.100654903841,-5.686441341468,
    9.520690934088));
#111 = VECTOR('',#112,1.);
#112 = DIRECTION('',(0.707106781187,-0.707106781187,0.));
#113 = ORIENTED_EDGE('',*,*,#114,.T.);
#114 = EDGE_CURVE('',#107,#50,#115,.T.);
#115 = B_SPLINE_CURVE_WITH_KNOTS('',4,(#116,#117,#118,#119,#120),
  .UNSPECIFIED.,.F.,.F.,(5,5),(0.,1.),.PIECEWISE_BEZIER_KNOTS.);
#116 = CARTESIAN_POINT('',(-7.090487040287,-5.696632501422,
    9.520635466471));
#117 = CARTESIAN_POINT('',(-7.093554934501,-5.694610639759,
    9.518144912778));
#118 = CARTESIAN_POINT('',(-7.096622828715,-5.692588778096,
    9.515654359085));
#119 = CARTESIAN_POINT('',(-7.099690722929,-5.690566916433,
    9.513163805392));
#120 = CARTESIAN_POINT('',(-7.102758617143,-5.68854505477,9.510673251699
    ));
#121 = ORIENTED_EDGE('',*,*,#47,.F.);
#122 = ORIENTED_EDGE('',*,*,#123,.T.);
#123 = EDGE_CURVE('',#48,#88,#124,.T.);
#124 = LINE('',#125,#126);
#125 = CARTESIAN_POINT('',(-9.1,-7.685786437627,0.));
#126 = VECTOR('',#127,1.);
#127 = DIRECTION('',(0.707106781187,-0.707106781187,0.));
#128 = PLANE('',#129);
#129 = AXIS2_PLACEMENT_3D('',#130,#131,#132);
#130 = CARTESIAN_POINT('',(-7.,-5.585786437627,10.));
#131 = DIRECTION('',(-0.677845381581,-0.677845381581,0.284695060264));
#132 = DIRECTION('',(0.707106781187,-0.707106781187,-5.551115123126E-17)
  );
#133 = ADVANCED_FACE('',(#134),#176,.F.);
#134 = FACE_BOUND('',#135,.F.);
#135 = EDGE_LOOP('',(#136,#148,#158,#166,#167,#168));
#136 = ORIENTED_EDGE('',*,*,#137,.F.);
#137 = EDGE_CURVE('',#138,#140,#142,.T.);
#138 = VERTEX_POINT('',#139);
#139 = CARTESIAN_POINT('',(-6.5,5.37867965644,10.));
#140 = VERTEX_POINT('',#141);
#141 = CARTESIAN_POINT('',(-7.090418714604,5.696677530706,9.520690934088
    ));
#142 = B_SPLINE_CURVE_WITH_KNOTS('',4,(#143,#144,#145,#146,#147),
  .UNSPECIFIED.,.F.,.F.,(5,5),(0.,1.),.PIECEWISE_BEZIER_KNOTS.);
#143 = CARTESIAN_POINT('',(-6.5,5.37867965644,10.));
#144 = CARTESIAN_POINT('',(-6.647604678651,5.458179125007,9.880172733522
    ));
#145 = CARTESIAN_POINT('',(-6.795209357302,5.537678593573,9.760345467044
    ));
#146 = CARTESIAN_POINT('',(-6.942814035953,5.617178062139,9.640518200566
    ));
#147 = CARTESIAN_POINT('',(-7.090418714604,5.696677530706,9.520690934088
    ));
#148 = ORIENTED_EDGE('',*,*,#149,.T.);
#149 = EDGE_CURVE('',#138,#150,#152,.T.);
#150 = VERTEX_POINT('',#151);
#151 = CARTESIAN_POINT('',(-6.5,-5.37867965644,10.));
#152 = B_SPLINE_CURVE_WITH_KNOTS('',2,(#153,#154,#155,#156,#157),
  .UNSPECIFIED.,.F.,.F.,(3,1,1,3),(-1.183700259966,-0.5,11.671572875254,
    12.355273135219),.UNSPECIFIED.);
#153 = CARTESIAN_POINT('',(-6.5,6.769486697592,10.));
#154 = CARTESIAN_POINT('',(-6.5,6.42763656761,10.));
#155 = CARTESIAN_POINT('',(-6.5,-1.78E-15,10.));
#156 = CARTESIAN_POINT('',(-6.5,-6.42763656761,10.));
#157 = CARTESIAN_POINT('',(-6.5,-6.769486697592,10.));
#158 = ORIENTED_EDGE('',*,*,#159,.T.);
#159 = EDGE_CURVE('',#150,#107,#160,.T.);
#160 = B_SPLINE_CURVE_WITH_KNOTS('',4,(#161,#162,#163,#164,#165),
  .UNSPECIFIED.,.F.,.F.,(5,5),(0.,1.),.PIECEWISE_BEZIER_KNOTS.);
#161 = CARTESIAN_POINT('',(-6.5,-5.37867965644,10.));
#162 = CARTESIAN_POINT('',(-6.647604678651,-5.458179125007,
    9.880172733522));
#163 = CARTESIAN_POINT('',(-6.795209357302,-5.537678593573,
    9.760345467044));
#164 = CARTESIAN_POINT('',(-6.942814035953,-5.617178062139,
    9.640518200566));
#165 = CARTESIAN_POINT('',(-7.090418714604,-5.696677530706,
    9.520690934088));
#166 = ORIENTED_EDGE('',*,*,#114,.T.);
#167 = ORIENTED_EDGE('',*,*,#56,.F.);
#168 = ORIENTED_EDGE('',*,*,#169,.F.);
#169 = EDGE_CURVE('',#140,#57,#170,.T.);
#170 = B_SPLINE_CURVE_WITH_KNOTS('',4,(#171,#172,#173,#174,#175),
  .UNSPECIFIED.,.F.,.F.,(5,5),(0.,1.),.PIECEWISE_BEZIER_KNOTS.);
#171 = CARTESIAN_POINT('',(-7.090418714604,5.696677530706,9.520690934088
    ));
#172 = CARTESIAN_POINT('',(-7.093503690239,5.694644411722,9.518186513491
    ));
#173 = CARTESIAN_POINT('',(-7.096588665874,5.692611292738,9.515682092894
    ));
#174 = CARTESIAN_POINT('',(-7.099673641508,5.690578173754,9.513177672296
    ));
#175 = CARTESIAN_POINT('',(-7.102758617143,5.68854505477,9.510673251699)
  );
#176 = B_SPLINE_SURFACE_WITH_KNOTS('',1,2,(
    (#177,#178,#179,#180,#181)
    ,(#182,#183,#184,#185,#186
    )),.UNSPECIFIED.,.F.,.F.,.F.,(2,2),(3,1,1,3),(0.,12.171572875254),(
    -1.183700259966,-0.5,11.671572875254,12.355273135219),
  .UNSPECIFIED.);
#177 = CARTESIAN_POINT('',(-7.102758617143,6.769486697592,9.510673251699
    ));
#178 = CARTESIAN_POINT('',(-7.102758617143,6.42763656761,9.510673251699)
  );
#179 = CARTESIAN_POINT('',(-7.102758617143,-2.66E-15,9.510673251699));
#180 = CARTESIAN_POINT('',(-7.102758617143,-6.42763656761,9.510673251699
    ));
#181 = CARTESIAN_POINT('',(-7.102758617143,-6.769486697592,
    9.510673251699));
#182 = CARTESIAN_POINT('',(-6.5,6.769486697592,10.));
#183 = CARTESIAN_POINT('',(-6.5,6.42763656761,10.));
#184 = CARTESIAN_POINT('',(-6.5,-1.78E-15,10.));
#185 = CARTESIAN_POINT('',(-6.5,-6.42763656761,10.));
#186 = CARTESIAN_POINT('',(-6.5,-6.769486697592,10.));
#187 = ADVANCED_FACE('',(#188,#238),#304,.F.);
#188 = FACE_BOUND('',#189,.F.);
#189 = EDGE_LOOP('',(#190,#191,#192,#200,#208,#216,#224,#232));
#190 = ORIENTED_EDGE('',*,*,#73,.T.);
#191 = ORIENTED_EDGE('',*,*,#123,.T.);
#192 = ORIENTED_EDGE('',*,*,#193,.T.);
#193 = EDGE_CURVE('',#88,#194,#196,.T.);
#194 = VERTEX_POINT('',#195);
#195 = CARTESIAN_POINT('',(7.685786437627,-9.1,0.));
#196 = LINE('',#197,#198);
#197 = CARTESIAN_POINT('',(-7.685786437627,-9.1,0.));
#198 = VECTOR('',#199,1.);
#199 = DIRECTION('',(1.,0.,0.));
#200 = ORIENTED_EDGE('',*,*,#201,.T.);
#201 = EDGE_CURVE('',#194,#202,#204,.T.);
#202 = VERTEX_POINT('',#203);
#203 = CARTESIAN_POINT('',(9.1,-7.685786437627,0.));
#204 = LINE('',#205,#206);
#205 = CARTESIAN_POINT('',(7.685786437627,-9.1,0.));
#206 = VECTOR('',#207,1.);
#207 = DIRECTION('',(0.707106781187,0.707106781187,0.));
#208 = ORIENTED_EDGE('',*,*,#209,.T.);
#209 = EDGE_CURVE('',#202,#210,#212,.T.);
#210 = VERTEX_POINT('',#211);
#211 = CARTESIAN_POINT('',(9.1,7.685786437627,0.));
#212 = LINE('',#213,#214);
#213 = CARTESIAN_POINT('',(9.1,-7.685786437627,0.));
#214 = VECTOR('',#215,1.);
#215 = DIRECTION('',(0.,1.,0.));
#216 = ORIENTED_EDGE('',*,*,#217,.T.);
#217 = EDGE_CURVE('',#210,#218,#220,.T.);
#218 = VERTEX_POINT('',#219);
#219 = CARTESIAN_POINT('',(7.685786437627,9.1,0.));
#220 = LINE('',#221,#222);
#221 = CARTESIAN_POINT('',(9.1,7.685786437627,0.));
#222 = VECTOR('',#223,1.);
#223 = DIRECTION('',(-0.707106781187,0.707106781187,0.));
#224 = ORIENTED_EDGE('',*,*,#225,.T.);
#225 = EDGE_CURVE('',#218,#226,#228,.T.);
#226 = VERTEX_POINT('',#227);
#227 = CARTESIAN_POINT('',(-7.685786437627,9.1,0.));
#228 = LINE('',#229,#230);
#229 = CARTESIAN_POINT('',(7.685786437627,9.1,0.));
#230 = VECTOR('',#231,1.);
#231 = DIRECTION('',(-1.,0.,0.));
#232 = ORIENTED_EDGE('',*,*,#233,.T.);
#233 = EDGE_CURVE('',#226,#67,#234,.T.);
#234 = LINE('',#235,#236);
#235 = CARTESIAN_POINT('',(-7.685786437627,9.1,0.));
#236 = VECTOR('',#237,1.);
#237 = DIRECTION('',(-0.707106781187,-0.707106781187,0.));
#238 = FACE_BOUND('',#239,.F.);
#239 = EDGE_LOOP('',(#240,#250,#258,#266,#274,#282,#290,#298));
#240 = ORIENTED_EDGE('',*,*,#241,.T.);
#241 = EDGE_CURVE('',#242,#244,#246,.T.);
#242 = VERTEX_POINT('',#243);
#243 = CARTESIAN_POINT('',(-7.873825461037,-7.141645750422,-1.E-15));
#244 = VERTEX_POINT('',#245);
#245 = CARTESIAN_POINT('',(-7.873825461037,7.141645750422,-1.E-15));
#246 = LINE('',#247,#248);
#247 = CARTESIAN_POINT('',(-7.873825461037,-4.6E-16,0.));
#248 = VECTOR('',#249,1.);
#249 = DIRECTION('',(-1.E-17,1.,0.));
#250 = ORIENTED_EDGE('',*,*,#251,.T.);
#251 = EDGE_CURVE('',#244,#252,#254,.T.);
#252 = VERTEX_POINT('',#253);
#253 = CARTESIAN_POINT('',(-7.141645750422,7.873825461037,0.));
#254 = LINE('',#255,#256);
#255 = CARTESIAN_POINT('',(-7.154182215136,7.861288996323,0.));
#256 = VECTOR('',#257,1.);
#257 = DIRECTION('',(0.707106781187,0.707106781187,0.));
#258 = ORIENTED_EDGE('',*,*,#259,.T.);
#259 = EDGE_CURVE('',#252,#260,#262,.T.);
#260 = VERTEX_POINT('',#261);
#261 = CARTESIAN_POINT('',(7.141645750422,7.873825461037,0.));
#262 = LINE('',#263,#264);
#263 = CARTESIAN_POINT('',(-8.3E-16,7.873825461037,4.4E-16));
#264 = VECTOR('',#265,1.);
#265 = DIRECTION('',(1.,-2.E-17,0.));
#266 = ORIENTED_EDGE('',*,*,#267,.T.);
#267 = EDGE_CURVE('',#260,#268,#270,.T.);
#268 = VERTEX_POINT('',#269);
#269 = CARTESIAN_POINT('',(7.873825461037,7.141645750422,-1.E-15));
#270 = LINE('',#271,#272);
#271 = CARTESIAN_POINT('',(7.861288996323,7.154182215136,0.));
#272 = VECTOR('',#273,1.);
#273 = DIRECTION('',(0.707106781187,-0.707106781187,0.));
#274 = ORIENTED_EDGE('',*,*,#275,.T.);
#275 = EDGE_CURVE('',#268,#276,#278,.T.);
#276 = VERTEX_POINT('',#277);
#277 = CARTESIAN_POINT('',(7.873825461037,-7.141645750422,-1.E-15));
#278 = LINE('',#279,#280);
#279 = CARTESIAN_POINT('',(7.873825461037,1.E-16,0.));
#280 = VECTOR('',#281,1.);
#281 = DIRECTION('',(1.E-17,-1.,0.));
#282 = ORIENTED_EDGE('',*,*,#283,.T.);
#283 = EDGE_CURVE('',#276,#284,#286,.T.);
#284 = VERTEX_POINT('',#285);
#285 = CARTESIAN_POINT('',(7.141645750422,-7.873825461037,-1.E-15));
#286 = LINE('',#287,#288);
#287 = CARTESIAN_POINT('',(7.154182215136,-7.861288996323,-8.9E-16));
#288 = VECTOR('',#289,1.);
#289 = DIRECTION('',(-0.707106781187,-0.707106781187,0.));
#290 = ORIENTED_EDGE('',*,*,#291,.T.);
#291 = EDGE_CURVE('',#284,#292,#294,.T.);
#292 = VERTEX_POINT('',#293);
#293 = CARTESIAN_POINT('',(-7.141645750422,-7.873825461037,-1.E-15));
#294 = LINE('',#295,#296);
#295 = CARTESIAN_POINT('',(-4.7E-16,-7.873825461037,0.));
#296 = VECTOR('',#297,1.);
#297 = DIRECTION('',(-1.,0.,0.));
#298 = ORIENTED_EDGE('',*,*,#299,.T.);
#299 = EDGE_CURVE('',#292,#242,#300,.T.);
#300 = LINE('',#301,#302);
#301 = CARTESIAN_POINT('',(-7.861288996323,-7.154182215136,0.));
#302 = VECTOR('',#303,1.);
#303 = DIRECTION('',(-0.707106781187,0.707106781187,0.));
#304 = PLANE('',#305);
#305 = AXIS2_PLACEMENT_3D('',#306,#307,#308);
#306 = CARTESIAN_POINT('',(-1.02E-15,-5.8E-16,0.));
#307 = DIRECTION('',(0.,0.,1.));
#308 = DIRECTION('',(1.,0.,0.));
#309 = ADVANCED_FACE('',(#310),#338,.T.);
#310 = FACE_BOUND('',#311,.T.);
#311 = EDGE_LOOP('',(#312,#313,#314,#322,#332,#337));
#312 = ORIENTED_EDGE('',*,*,#66,.T.);
#313 = ORIENTED_EDGE('',*,*,#169,.F.);
#314 = ORIENTED_EDGE('',*,*,#315,.F.);
#315 = EDGE_CURVE('',#316,#140,#318,.T.);
#316 = VERTEX_POINT('',#317);
#317 = CARTESIAN_POINT('',(-5.696677530706,7.090418714604,9.520690934088
    ));
#318 = LINE('',#319,#320);
#319 = CARTESIAN_POINT('',(-5.686441341468,7.100654903841,9.520690934088
    ));
#320 = VECTOR('',#321,1.);
#321 = DIRECTION('',(-0.707106781187,-0.707106781187,0.));
#322 = ORIENTED_EDGE('',*,*,#323,.T.);
#323 = EDGE_CURVE('',#316,#324,#326,.T.);
#324 = VERTEX_POINT('',#325);
#325 = CARTESIAN_POINT('',(-5.68854505477,7.102758617143,9.510673251699)
  );
#326 = B_SPLINE_CURVE_WITH_KNOTS('',4,(#327,#328,#329,#330,#331),
  .UNSPECIFIED.,.F.,.F.,(5,5),(0.,1.),.PIECEWISE_BEZIER_KNOTS.);
#327 = CARTESIAN_POINT('',(-5.696677530706,7.090418714604,9.520690934088
    ));
#328 = CARTESIAN_POINT('',(-5.694644411722,7.093503690239,9.518186513491
    ));
#329 = CARTESIAN_POINT('',(-5.692611292738,7.096588665874,9.515682092894
    ));
#330 = CARTESIAN_POINT('',(-5.690578173754,7.099673641508,9.513177672296
    ));
#331 = CARTESIAN_POINT('',(-5.68854505477,7.102758617143,9.510673251699)
  );
#332 = ORIENTED_EDGE('',*,*,#333,.F.);
#333 = EDGE_CURVE('',#226,#324,#334,.T.);
#334 = B_SPLINE_CURVE_WITH_KNOTS('',1,(#335,#336),.UNSPECIFIED.,.F.,.F.,
  (2,2),(0.,1.),.PIECEWISE_BEZIER_KNOTS.);
#335 = CARTESIAN_POINT('',(-7.685786437627,9.1,0.));
#336 = CARTESIAN_POINT('',(-5.585786437627,7.,10.));
#337 = ORIENTED_EDGE('',*,*,#233,.T.);
#338 = PLANE('',#339);
#339 = AXIS2_PLACEMENT_3D('',#340,#341,#342);
#340 = CARTESIAN_POINT('',(-5.585786437627,7.,10.));
#341 = DIRECTION('',(-0.677845381581,0.677845381581,0.284695060264));
#342 = DIRECTION('',(-0.707106781187,-0.707106781187,-5.551115123126E-17
    ));
#343 = ADVANCED_FACE('',(#344),#363,.T.);
#344 = FACE_BOUND('',#345,.T.);
#345 = EDGE_LOOP('',(#346,#353,#361,#362));
#346 = ORIENTED_EDGE('',*,*,#347,.T.);
#347 = EDGE_CURVE('',#194,#348,#350,.T.);
#348 = VERTEX_POINT('',#349);
#349 = CARTESIAN_POINT('',(5.68854505477,-7.102758617143,9.510673251699)
  );
#350 = B_SPLINE_CURVE_WITH_KNOTS('',1,(#351,#352),.UNSPECIFIED.,.F.,.F.,
  (2,2),(0.,1.),.PIECEWISE_BEZIER_KNOTS.);
#351 = CARTESIAN_POINT('',(7.685786437627,-9.1,0.));
#352 = CARTESIAN_POINT('',(5.585786437627,-7.,10.));
#353 = ORIENTED_EDGE('',*,*,#354,.F.);
#354 = EDGE_CURVE('',#90,#348,#355,.T.);
#355 = B_SPLINE_CURVE_WITH_KNOTS('',2,(#356,#357,#358,#359,#360),
  .UNSPECIFIED.,.F.,.F.,(3,1,1,3),(-1.183700259966,-0.5,11.671572875254,
    12.355273135219),.UNSPECIFIED.);
#356 = CARTESIAN_POINT('',(-6.769486697592,-7.102758617143,
    9.510673251699));
#357 = CARTESIAN_POINT('',(-6.42763656761,-7.102758617143,9.510673251699
    ));
#358 = CARTESIAN_POINT('',(-8.9E-16,-7.102758617143,9.510673251699));
#359 = CARTESIAN_POINT('',(6.42763656761,-7.102758617143,9.510673251699)
  );
#360 = CARTESIAN_POINT('',(6.769486697592,-7.102758617143,9.510673251699
    ));
#361 = ORIENTED_EDGE('',*,*,#87,.F.);
#362 = ORIENTED_EDGE('',*,*,#193,.T.);
#363 = B_SPLINE_SURFACE_WITH_KNOTS('',1,1,(
    (#364,#365)
    ,(#366,#367
    )),.UNSPECIFIED.,.F.,.F.,.F.,(2,2),(2,2),(0.,15.371572875254),(0.,1.
    ),.PIECEWISE_BEZIER_KNOTS.);
#364 = CARTESIAN_POINT('',(-7.685786437627,-9.1,0.));
#365 = CARTESIAN_POINT('',(-5.585786437627,-7.,10.));
#366 = CARTESIAN_POINT('',(7.685786437627,-9.1,0.));
#367 = CARTESIAN_POINT('',(5.585786437627,-7.,10.));
#368 = ADVANCED_FACE('',(#369),#411,.T.);
#369 = FACE_BOUND('',#370,.T.);
#370 = EDGE_LOOP('',(#371,#383,#393,#401,#402,#403));
#371 = ORIENTED_EDGE('',*,*,#372,.F.);
#372 = EDGE_CURVE('',#373,#375,#377,.T.);
#373 = VERTEX_POINT('',#374);
#374 = CARTESIAN_POINT('',(5.37867965644,-6.5,10.));
#375 = VERTEX_POINT('',#376);
#376 = CARTESIAN_POINT('',(5.696677530706,-7.090418714604,9.520690934088
    ));
#377 = B_SPLINE_CURVE_WITH_KNOTS('',4,(#378,#379,#380,#381,#382),
  .UNSPECIFIED.,.F.,.F.,(5,5),(0.,1.),.PIECEWISE_BEZIER_KNOTS.);
#378 = CARTESIAN_POINT('',(5.37867965644,-6.5,10.));
#379 = CARTESIAN_POINT('',(5.458179125007,-6.647604678651,9.880172733522
    ));
#380 = CARTESIAN_POINT('',(5.537678593573,-6.795209357302,9.760345467044
    ));
#381 = CARTESIAN_POINT('',(5.617178062139,-6.942814035953,9.640518200566
    ));
#382 = CARTESIAN_POINT('',(5.696677530706,-7.090418714604,9.520690934088
    ));
#383 = ORIENTED_EDGE('',*,*,#384,.F.);
#384 = EDGE_CURVE('',#385,#373,#387,.T.);
#385 = VERTEX_POINT('',#386);
#386 = CARTESIAN_POINT('',(-5.37867965644,-6.5,10.));
#387 = B_SPLINE_CURVE_WITH_KNOTS('',2,(#388,#389,#390,#391,#392),
  .UNSPECIFIED.,.F.,.F.,(3,1,1,3),(-1.183700259966,-0.5,11.671572875254,
    12.355273135219),.UNSPECIFIED.);
#388 = CARTESIAN_POINT('',(-6.769486697592,-6.5,10.));
#389 = CARTESIAN_POINT('',(-6.42763656761,-6.5,10.));
#390 = CARTESIAN_POINT('',(-1.78E-15,-6.5,10.));
#391 = CARTESIAN_POINT('',(6.42763656761,-6.5,10.));
#392 = CARTESIAN_POINT('',(6.769486697592,-6.5,10.));
#393 = ORIENTED_EDGE('',*,*,#394,.T.);
#394 = EDGE_CURVE('',#385,#97,#395,.T.);
#395 = B_SPLINE_CURVE_WITH_KNOTS('',4,(#396,#397,#398,#399,#400),
  .UNSPECIFIED.,.F.,.F.,(5,5),(0.,1.),.PIECEWISE_BEZIER_KNOTS.);
#396 = CARTESIAN_POINT('',(-5.37867965644,-6.5,10.));
#397 = CARTESIAN_POINT('',(-5.458179125007,-6.647604678651,
    9.880172733522));
#398 = CARTESIAN_POINT('',(-5.537678593573,-6.795209357302,
    9.760345467044));
#399 = CARTESIAN_POINT('',(-5.617178062139,-6.942814035953,
    9.640518200566));
#400 = CARTESIAN_POINT('',(-5.696677530706,-7.090418714604,
    9.520690934088));
#401 = ORIENTED_EDGE('',*,*,#96,.T.);
#402 = ORIENTED_EDGE('',*,*,#354,.T.);
#403 = ORIENTED_EDGE('',*,*,#404,.F.);
#404 = EDGE_CURVE('',#375,#348,#405,.T.);
#405 = B_SPLINE_CURVE_WITH_KNOTS('',4,(#406,#407,#408,#409,#410),
  .UNSPECIFIED.,.F.,.F.,(5,5),(0.,1.),.PIECEWISE_BEZIER_KNOTS.);
#406 = CARTESIAN_POINT('',(5.696677530706,-7.090418714604,9.520690934088
    ));
#407 = CARTESIAN_POINT('',(5.694644411722,-7.093503690239,9.518186513491
    ));
#408 = CARTESIAN_POINT('',(5.692611292738,-7.096588665874,9.515682092894
    ));
#409 = CARTESIAN_POINT('',(5.690578173754,-7.099673641508,9.513177672296
    ));
#410 = CARTESIAN_POINT('',(5.68854505477,-7.102758617143,9.510673251699)
  );
#411 = B_SPLINE_SURFACE_WITH_KNOTS('',1,2,(
    (#412,#413,#414,#415,#416)
    ,(#417,#418,#419,#420,#421
    )),.UNSPECIFIED.,.F.,.F.,.F.,(2,2),(3,1,1,3),(0.,12.171572875254),(
    -1.183700259966,-0.5,11.671572875254,12.355273135219),
  .UNSPECIFIED.);
#412 = CARTESIAN_POINT('',(-6.769486697592,-6.5,10.));
#413 = CARTESIAN_POINT('',(-6.42763656761,-6.5,10.));
#414 = CARTESIAN_POINT('',(-1.78E-15,-6.5,10.));
#415 = CARTESIAN_POINT('',(6.42763656761,-6.5,10.));
#416 = CARTESIAN_POINT('',(6.769486697592,-6.5,10.));
#417 = CARTESIAN_POINT('',(-6.769486697592,-7.102758617143,
    9.510673251699));
#418 = CARTESIAN_POINT('',(-6.42763656761,-7.102758617143,9.510673251699
    ));
#419 = CARTESIAN_POINT('',(-8.9E-16,-7.102758617143,9.510673251699));
#420 = CARTESIAN_POINT('',(6.42763656761,-7.102758617143,9.510673251699)
  );
#421 = CARTESIAN_POINT('',(6.769486697592,-7.102758617143,9.510673251699
    ));
#422 = ADVANCED_FACE('',(#423),#434,.T.);
#423 = FACE_BOUND('',#424,.F.);
#424 = EDGE_LOOP('',(#425,#426,#432,#433));
#425 = ORIENTED_EDGE('',*,*,#159,.F.);
#426 = ORIENTED_EDGE('',*,*,#427,.T.);
#427 = EDGE_CURVE('',#150,#385,#428,.T.);
#428 = LINE('',#429,#430);
#429 = CARTESIAN_POINT('',(-6.646446609407,-5.232233047034,10.));
#430 = VECTOR('',#431,1.);
#431 = DIRECTION('',(0.707106781187,-0.707106781187,0.));
#432 = ORIENTED_EDGE('',*,*,#394,.T.);
#433 = ORIENTED_EDGE('',*,*,#106,.F.);
#434 = PLANE('',#435);
#435 = AXIS2_PLACEMENT_3D('',#436,#437,#438);
#436 = CARTESIAN_POINT('',(-6.873550756624,-5.459337194251,
    9.760345467044));
#437 = DIRECTION('',(-0.422878510844,-0.422878510844,0.80146586336));
#438 = DIRECTION('',(-0.707106781187,0.707106781187,5.551115123126E-17)
  );
#439 = ADVANCED_FACE('',(#440),#460,.T.);
#440 = FACE_BOUND('',#441,.F.);
#441 = EDGE_LOOP('',(#442,#452,#458,#459));
#442 = ORIENTED_EDGE('',*,*,#443,.F.);
#443 = EDGE_CURVE('',#444,#316,#446,.T.);
#444 = VERTEX_POINT('',#445);
#445 = CARTESIAN_POINT('',(-5.37867965644,6.5,10.));
#446 = B_SPLINE_CURVE_WITH_KNOTS('',4,(#447,#448,#449,#450,#451),
  .UNSPECIFIED.,.F.,.F.,(5,5),(0.,1.),.PIECEWISE_BEZIER_KNOTS.);
#447 = CARTESIAN_POINT('',(-5.37867965644,6.5,10.));
#448 = CARTESIAN_POINT('',(-5.458179125007,6.647604678651,9.880172733522
    ));
#449 = CARTESIAN_POINT('',(-5.537678593573,6.795209357302,9.760345467044
    ));
#450 = CARTESIAN_POINT('',(-5.617178062139,6.942814035953,9.640518200566
    ));
#451 = CARTESIAN_POINT('',(-5.696677530706,7.090418714604,9.520690934088
    ));
#452 = ORIENTED_EDGE('',*,*,#453,.T.);
#453 = EDGE_CURVE('',#444,#138,#454,.T.);
#454 = LINE('',#455,#456);
#455 = CARTESIAN_POINT('',(-5.232233047034,6.646446609407,10.));
#456 = VECTOR('',#457,1.);
#457 = DIRECTION('',(-0.707106781187,-0.707106781187,0.));
#458 = ORIENTED_EDGE('',*,*,#137,.T.);
#459 = ORIENTED_EDGE('',*,*,#315,.F.);
#460 = PLANE('',#461);
#461 = AXIS2_PLACEMENT_3D('',#462,#463,#464);
#462 = CARTESIAN_POINT('',(-5.459337194251,6.873550756624,9.760345467044
    ));
#463 = DIRECTION('',(-0.422878510844,0.422878510844,0.80146586336));
#464 = DIRECTION('',(0.707106781187,0.707106781187,2.775557561563E-17));
#465 = ADVANCED_FACE('',(#466,#506,#652,#782,#968,#1090),#1236,.T.);
#466 = FACE_BOUND('',#467,.T.);
#467 = EDGE_LOOP('',(#468,#476,#486,#494,#502,#503,#504,#505));
#468 = ORIENTED_EDGE('',*,*,#469,.T.);
#469 = EDGE_CURVE('',#373,#470,#472,.T.);
#470 = VERTEX_POINT('',#471);
#471 = CARTESIAN_POINT('',(6.5,-5.37867965644,10.));
#472 = LINE('',#473,#474);
#473 = CARTESIAN_POINT('',(5.232233047034,-6.646446609407,10.));
#474 = VECTOR('',#475,1.);
#475 = DIRECTION('',(0.707106781187,0.707106781187,0.));
#476 = ORIENTED_EDGE('',*,*,#477,.T.);
#477 = EDGE_CURVE('',#470,#478,#480,.T.);
#478 = VERTEX_POINT('',#479);
#479 = CARTESIAN_POINT('',(6.5,5.37867965644,10.));
#480 = B_SPLINE_CURVE_WITH_KNOTS('',2,(#481,#482,#483,#484,#485),
  .UNSPECIFIED.,.F.,.F.,(3,1,1,3),(-1.183700259966,-0.5,11.671572875254,
    12.355273135219),.UNSPECIFIED.);
#481 = CARTESIAN_POINT('',(6.5,-6.769486697592,10.));
#482 = CARTESIAN_POINT('',(6.5,-6.42763656761,10.));
#483 = CARTESIAN_POINT('',(6.5,0.,10.));
#484 = CARTESIAN_POINT('',(6.5,6.42763656761,10.));
#485 = CARTESIAN_POINT('',(6.5,6.769486697592,10.));
#486 = ORIENTED_EDGE('',*,*,#487,.T.);
#487 = EDGE_CURVE('',#478,#488,#490,.T.);
#488 = VERTEX_POINT('',#489);
#489 = CARTESIAN_POINT('',(5.37867965644,6.5,10.));
#490 = LINE('',#491,#492);
#491 = CARTESIAN_POINT('',(6.646446609407,5.232233047034,10.));
#492 = VECTOR('',#493,1.);
#493 = DIRECTION('',(-0.707106781187,0.707106781187,0.));
#494 = ORIENTED_EDGE('',*,*,#495,.T.);
#495 = EDGE_CURVE('',#488,#444,#496,.T.);
#496 = B_SPLINE_CURVE_WITH_KNOTS('',2,(#497,#498,#499,#500,#501),
  .UNSPECIFIED.,.F.,.F.,(3,1,1,3),(-1.183700259966,-0.5,11.671572875254,
    12.355273135219),.UNSPECIFIED.);
#497 = CARTESIAN_POINT('',(6.769486697592,6.5,10.));
#498 = CARTESIAN_POINT('',(6.42763656761,6.5,10.));
#499 = CARTESIAN_POINT('',(3.55E-15,6.5,10.));
#500 = CARTESIAN_POINT('',(-6.42763656761,6.5,10.));
#501 = CARTESIAN_POINT('',(-6.769486697592,6.5,10.));
#502 = ORIENTED_EDGE('',*,*,#453,.T.);
#503 = ORIENTED_EDGE('',*,*,#149,.T.);
#504 = ORIENTED_EDGE('',*,*,#427,.T.);
#505 = ORIENTED_EDGE('',*,*,#384,.T.);
#506 = FACE_BOUND('',#507,.T.);
#507 = EDGE_LOOP('',(#508,#518,#526,#534,#542,#550,#558,#566,#574,#582,
    #590,#598,#606,#614,#622,#630,#638,#646));
#508 = ORIENTED_EDGE('',*,*,#509,.T.);
#509 = EDGE_CURVE('',#510,#512,#514,.T.);
#510 = VERTEX_POINT('',#511);
#511 = CARTESIAN_POINT('',(-4.047069832938,-5.2,10.));
#512 = VERTEX_POINT('',#513);
#513 = CARTESIAN_POINT('',(-5.352336895252,-5.2,10.));
#514 = LINE('',#515,#516);
#515 = CARTESIAN_POINT('',(-4.047069832938,-5.2,10.));
#516 = VECTOR('',#517,1.);
#517 = DIRECTION('',(-1.,0.,0.));
#518 = ORIENTED_EDGE('',*,*,#519,.T.);
#519 = EDGE_CURVE('',#512,#520,#522,.T.);
#520 = VERTEX_POINT('',#521);
#521 = CARTESIAN_POINT('',(-5.429256405638,-5.17009458457,10.));
#522 = B_SPLINE_CURVE_WITH_KNOTS('',2,(#523,#524,#525),.UNSPECIFIED.,.F.
  ,.F.,(3,3),(0.,1.),.PIECEWISE_BEZIER_KNOTS.);
#523 = CARTESIAN_POINT('',(-5.352336895252,-5.2,10.));
#524 = CARTESIAN_POINT('',(-5.399350990208,-5.2,10.));
#525 = CARTESIAN_POINT('',(-5.429256405638,-5.17009458457,10.));
#526 = ORIENTED_EDGE('',*,*,#527,.T.);
#527 = EDGE_CURVE('',#520,#528,#530,.T.);
#528 = VERTEX_POINT('',#529);
#529 = CARTESIAN_POINT('',(-5.459022726113,-5.092757789318,10.));
#530 = B_SPLINE_CURVE_WITH_KNOTS('',2,(#531,#532,#533),.UNSPECIFIED.,.F.
  ,.F.,(3,3),(0.,1.),.PIECEWISE_BEZIER_KNOTS.);
#531 = CARTESIAN_POINT('',(-5.429256405638,-5.17009458457,10.));
#532 = CARTESIAN_POINT('',(-5.459022726113,-5.140050074184,10.));
#533 = CARTESIAN_POINT('',(-5.459022726113,-5.092757789318,10.));
#534 = ORIENTED_EDGE('',*,*,#535,.T.);
#535 = EDGE_CURVE('',#528,#536,#538,.T.);
#536 = VERTEX_POINT('',#537);
#537 = CARTESIAN_POINT('',(-5.459022726113,-2.307103115727,10.));
#538 = LINE('',#539,#540);
#539 = CARTESIAN_POINT('',(-5.459022726113,-5.092757789318,10.));
#540 = VECTOR('',#541,1.);
#541 = DIRECTION('',(0.,1.,0.));
#542 = ORIENTED_EDGE('',*,*,#543,.T.);
#543 = EDGE_CURVE('',#536,#544,#546,.T.);
#544 = VERTEX_POINT('',#545);
#545 = CARTESIAN_POINT('',(-5.429117310682,-2.230044510386,10.));
#546 = B_SPLINE_CURVE_WITH_KNOTS('',2,(#547,#548,#549),.UNSPECIFIED.,.F.
  ,.F.,(3,3),(0.,1.),.PIECEWISE_BEZIER_KNOTS.);
#547 = CARTESIAN_POINT('',(-5.459022726113,-2.307103115727,10.));
#548 = CARTESIAN_POINT('',(-5.459022726113,-2.259949925816,10.));
#549 = CARTESIAN_POINT('',(-5.429117310682,-2.230044510386,10.));
#550 = ORIENTED_EDGE('',*,*,#551,.T.);
#551 = EDGE_CURVE('',#544,#552,#554,.T.);
#552 = VERTEX_POINT('',#553);
#553 = CARTESIAN_POINT('',(-5.352058705341,-2.2,10.));
#554 = B_SPLINE_CURVE_WITH_KNOTS('',2,(#555,#556,#557),.UNSPECIFIED.,.F.
  ,.F.,(3,3),(0.,1.),.PIECEWISE_BEZIER_KNOTS.);
#555 = CARTESIAN_POINT('',(-5.429117310682,-2.230044510386,10.));
#556 = CARTESIAN_POINT('',(-5.399211895252,-2.2,10.));
#557 = CARTESIAN_POINT('',(-5.352058705341,-2.2,10.));
#558 = ORIENTED_EDGE('',*,*,#559,.T.);
#559 = EDGE_CURVE('',#552,#560,#562,.T.);
#560 = VERTEX_POINT('',#561);
#561 = CARTESIAN_POINT('',(-4.08184357181,-2.2,10.));
#562 = LINE('',#563,#564);
#563 = CARTESIAN_POINT('',(-5.352058705341,-2.2,10.));
#564 = VECTOR('',#565,1.);
#565 = DIRECTION('',(1.,0.,0.));
#566 = ORIENTED_EDGE('',*,*,#567,.T.);
#567 = EDGE_CURVE('',#560,#568,#570,.T.);
#568 = VERTEX_POINT('',#569);
#569 = CARTESIAN_POINT('',(-3.500287562908,-2.303208456973,10.));
#570 = B_SPLINE_CURVE_WITH_KNOTS('',2,(#571,#572,#573),.UNSPECIFIED.,.F.
  ,.F.,(3,3),(0.,1.),.PIECEWISE_BEZIER_KNOTS.);
#571 = CARTESIAN_POINT('',(-4.08184357181,-2.2,10.));
#572 = CARTESIAN_POINT('',(-3.726873245401,-2.2,10.));
#573 = CARTESIAN_POINT('',(-3.500287562908,-2.303208456973,10.));
#574 = ORIENTED_EDGE('',*,*,#575,.T.);
#575 = EDGE_CURVE('',#568,#576,#578,.T.);
#576 = VERTEX_POINT('',#577);
#577 = CARTESIAN_POINT('',(-3.164512340356,-2.595725148368,10.));
#578 = B_SPLINE_CURVE_WITH_KNOTS('',2,(#579,#580,#581),.UNSPECIFIED.,.F.
  ,.F.,(3,3),(0.,1.),.PIECEWISE_BEZIER_KNOTS.);
#579 = CARTESIAN_POINT('',(-3.500287562908,-2.303208456973,10.));
#580 = CARTESIAN_POINT('',(-3.27356278546,-2.406416913947,10.));
#581 = CARTESIAN_POINT('',(-3.164512340356,-2.595725148368,10.));
#582 = ORIENTED_EDGE('',*,*,#583,.T.);
#583 = EDGE_CURVE('',#576,#584,#586,.T.);
#584 = VERTEX_POINT('',#585);
#585 = CARTESIAN_POINT('',(-3.055461895252,-3.038742581602,10.));
#586 = B_SPLINE_CURVE_WITH_KNOTS('',2,(#587,#588,#589),.UNSPECIFIED.,.F.
  ,.F.,(3,3),(0.,1.),.PIECEWISE_BEZIER_KNOTS.);
#587 = CARTESIAN_POINT('',(-3.164512340356,-2.595725148368,10.));
#588 = CARTESIAN_POINT('',(-3.055461895252,-2.784894287834,10.));
#589 = CARTESIAN_POINT('',(-3.055461895252,-3.038742581602,10.));
#590 = ORIENTED_EDGE('',*,*,#591,.T.);
#591 = EDGE_CURVE('',#584,#592,#594,.T.);
#592 = VERTEX_POINT('',#593);
#593 = CARTESIAN_POINT('',(-3.113603586647,-3.318462537092,10.));
#594 = B_SPLINE_CURVE_WITH_KNOTS('',2,(#595,#596,#597),.UNSPECIFIED.,.F.
  ,.F.,(3,3),(0.,1.),.PIECEWISE_BEZIER_KNOTS.);
#595 = CARTESIAN_POINT('',(-3.055461895252,-3.038742581602,10.));
#596 = CARTESIAN_POINT('',(-3.055461895252,-3.197867210682,10.));
#597 = CARTESIAN_POINT('',(-3.113603586647,-3.318462537092,10.));
#598 = ORIENTED_EDGE('',*,*,#599,.T.);
#599 = EDGE_CURVE('',#592,#600,#602,.T.);
#600 = VERTEX_POINT('',#601);
#601 = CARTESIAN_POINT('',(-3.255619536202,-3.516394658754,10.));
#602 = B_SPLINE_CURVE_WITH_KNOTS('',2,(#603,#604,#605),.UNSPECIFIED.,.F.
  ,.F.,(3,3),(0.,1.),.PIECEWISE_BEZIER_KNOTS.);
#603 = CARTESIAN_POINT('',(-3.113603586647,-3.318462537092,10.));
#604 = CARTESIAN_POINT('',(-3.171745278042,-3.438918768546,10.));
#605 = CARTESIAN_POINT('',(-3.255619536202,-3.516394658754,10.));
#606 = ORIENTED_EDGE('',*,*,#607,.T.);
#607 = EDGE_CURVE('',#600,#608,#610,.T.);
#608 = VERTEX_POINT('',#609);
#609 = CARTESIAN_POINT('',(-3.41696968457,-3.632399851632,10.));
#610 = B_SPLINE_CURVE_WITH_KNOTS('',2,(#611,#612,#613),.UNSPECIFIED.,.F.
  ,.F.,(3,3),(0.,1.),.PIECEWISE_BEZIER_KNOTS.);
#611 = CARTESIAN_POINT('',(-3.255619536202,-3.516394658754,10.));
#612 = CARTESIAN_POINT('',(-3.339493794362,-3.593731454006,10.));
#613 = CARTESIAN_POINT('',(-3.41696968457,-3.632399851632,10.));
#614 = ORIENTED_EDGE('',*,*,#615,.T.);
#615 = EDGE_CURVE('',#608,#616,#618,.T.);
#616 = VERTEX_POINT('',#617);
#617 = CARTESIAN_POINT('',(-3.126956702374,-3.886665430267,10.));
#618 = B_SPLINE_CURVE_WITH_KNOTS('',2,(#619,#620,#621),.UNSPECIFIED.,.F.
  ,.F.,(3,3),(0.,1.),.PIECEWISE_BEZIER_KNOTS.);
#619 = CARTESIAN_POINT('',(-3.41696968457,-3.632399851632,10.));
#620 = CARTESIAN_POINT('',(-3.251724877448,-3.709458456973,10.));
#621 = CARTESIAN_POINT('',(-3.126956702374,-3.886665430267,10.));
#622 = ORIENTED_EDGE('',*,*,#623,.T.);
#623 = EDGE_CURVE('',#616,#624,#626,.T.);
#624 = VERTEX_POINT('',#625);
#625 = CARTESIAN_POINT('',(-3.002049432344,-4.307427670623,10.));
#626 = B_SPLINE_CURVE_WITH_KNOTS('',2,(#627,#628,#629),.UNSPECIFIED.,.F.
  ,.F.,(3,3),(0.,1.),.PIECEWISE_BEZIER_KNOTS.);
#627 = CARTESIAN_POINT('',(-3.126956702374,-3.886665430267,10.));
#628 = CARTESIAN_POINT('',(-3.002049432344,-4.063733308605,10.));
#629 = CARTESIAN_POINT('',(-3.002049432344,-4.307427670623,10.));
#630 = ORIENTED_EDGE('',*,*,#631,.T.);
#631 = EDGE_CURVE('',#624,#632,#634,.T.);
#632 = VERTEX_POINT('',#633);
#633 = CARTESIAN_POINT('',(-3.12153199911,-4.777151335312,10.));
#634 = B_SPLINE_CURVE_WITH_KNOTS('',2,(#635,#636,#637),.UNSPECIFIED.,.F.
  ,.F.,(3,3),(0.,1.),.PIECEWISE_BEZIER_KNOTS.);
#635 = CARTESIAN_POINT('',(-3.002049432344,-4.307427670623,10.));
#636 = CARTESIAN_POINT('',(-3.002049432344,-4.576298219585,10.));
#637 = CARTESIAN_POINT('',(-3.12153199911,-4.777151335312,10.));
#638 = ORIENTED_EDGE('',*,*,#639,.T.);
#639 = EDGE_CURVE('',#632,#640,#642,.T.);
#640 = VERTEX_POINT('',#641);
#641 = CARTESIAN_POINT('',(-3.475528660831,-5.089002225519,10.));
#642 = B_SPLINE_CURVE_WITH_KNOTS('',2,(#643,#644,#645),.UNSPECIFIED.,.F.
  ,.F.,(3,3),(0.,1.),.PIECEWISE_BEZIER_KNOTS.);
#643 = CARTESIAN_POINT('',(-3.12153199911,-4.777151335312,10.));
#644 = CARTESIAN_POINT('',(-3.24087547092,-4.977865356083,10.));
#645 = CARTESIAN_POINT('',(-3.475528660831,-5.089002225519,10.));
#646 = ORIENTED_EDGE('',*,*,#647,.T.);
#647 = EDGE_CURVE('',#640,#510,#648,.T.);
#648 = B_SPLINE_CURVE_WITH_KNOTS('',2,(#649,#650,#651),.UNSPECIFIED.,.F.
  ,.F.,(3,3),(0.,1.),.PIECEWISE_BEZIER_KNOTS.);
#649 = CARTESIAN_POINT('',(-3.475528660831,-5.089002225519,10.));
#650 = CARTESIAN_POINT('',(-3.710181850742,-5.2,10.));
#651 = CARTESIAN_POINT('',(-4.047069832938,-5.2,10.));
#652 = FACE_BOUND('',#653,.T.);
#653 = EDGE_LOOP('',(#654,#664,#672,#680,#688,#696,#704,#712,#720,#728,
    #736,#744,#752,#760,#768,#776));
#654 = ORIENTED_EDGE('',*,*,#655,.T.);
#655 = EDGE_CURVE('',#656,#658,#660,.T.);
#656 = VERTEX_POINT('',#657);
#657 = CARTESIAN_POINT('',(-0.745511969436,-5.107223664688,10.));
#658 = VERTEX_POINT('',#659);
#659 = CARTESIAN_POINT('',(-1.412054996142,-5.235608308605,10.));
#660 = B_SPLINE_CURVE_WITH_KNOTS('',2,(#661,#662,#663),.UNSPECIFIED.,.F.
  ,.F.,(3,3),(0.,1.),.PIECEWISE_BEZIER_KNOTS.);
#661 = CARTESIAN_POINT('',(-0.745511969436,-5.107223664688,10.));
#662 = CARTESIAN_POINT('',(-1.027457444214,-5.235608308605,10.));
#663 = CARTESIAN_POINT('',(-1.412054996142,-5.235608308605,10.));
#664 = ORIENTED_EDGE('',*,*,#665,.T.);
#665 = EDGE_CURVE('',#658,#666,#668,.T.);
#666 = VERTEX_POINT('',#667);
#667 = CARTESIAN_POINT('',(-2.082909966469,-5.107223664688,10.));
#668 = B_SPLINE_CURVE_WITH_KNOTS('',2,(#669,#670,#671),.UNSPECIFIED.,.F.
  ,.F.,(3,3),(0.,1.),.PIECEWISE_BEZIER_KNOTS.);
#669 = CARTESIAN_POINT('',(-1.412054996142,-5.235608308605,10.));
#670 = CARTESIAN_POINT('',(-1.800825396736,-5.235608308605,10.));
#671 = CARTESIAN_POINT('',(-2.082909966469,-5.107223664688,10.));
#672 = ORIENTED_EDGE('',*,*,#673,.T.);
#673 = EDGE_CURVE('',#666,#674,#676,.T.);
#674 = VERTEX_POINT('',#675);
#675 = CARTESIAN_POINT('',(-2.523006405638,-4.720122403561,10.));
#676 = B_SPLINE_CURVE_WITH_KNOTS('',2,(#677,#678,#679),.UNSPECIFIED.,.F.
  ,.F.,(3,3),(0.,1.),.PIECEWISE_BEZIER_KNOTS.);
#677 = CARTESIAN_POINT('',(-2.082909966469,-5.107223664688,10.));
#678 = CARTESIAN_POINT('',(-2.364855441246,-4.978839020772,10.));
#679 = CARTESIAN_POINT('',(-2.523006405638,-4.720122403561,10.));
#680 = ORIENTED_EDGE('',*,*,#681,.T.);
#681 = EDGE_CURVE('',#674,#682,#684,.T.);
#682 = VERTEX_POINT('',#683);
#683 = CARTESIAN_POINT('',(-2.693954105935,-4.067767062315,10.));
#684 = B_SPLINE_CURVE_WITH_KNOTS('',2,(#685,#686,#687),.UNSPECIFIED.,.F.
  ,.F.,(3,3),(0.,1.),.PIECEWISE_BEZIER_KNOTS.);
#685 = CARTESIAN_POINT('',(-2.523006405638,-4.720122403561,10.));
#686 = CARTESIAN_POINT('',(-2.681018275074,-4.46140578635,10.));
#687 = CARTESIAN_POINT('',(-2.693954105935,-4.067767062315,10.));
#688 = ORIENTED_EDGE('',*,*,#689,.T.);
#689 = EDGE_CURVE('',#682,#690,#692,.T.);
#690 = VERTEX_POINT('',#691);
#691 = CARTESIAN_POINT('',(-2.698126954599,-3.701947329377,10.));
#692 = B_SPLINE_CURVE_WITH_KNOTS('',2,(#693,#694,#695),.UNSPECIFIED.,.F.
  ,.F.,(3,3),(0.,1.),.PIECEWISE_BEZIER_KNOTS.);
#693 = CARTESIAN_POINT('',(-2.693954105935,-4.067767062315,10.));
#694 = CARTESIAN_POINT('',(-2.698126954599,-3.883744436202,10.));
#695 = CARTESIAN_POINT('',(-2.698126954599,-3.701947329377,10.));
#696 = ORIENTED_EDGE('',*,*,#697,.T.);
#697 = EDGE_CURVE('',#690,#698,#700,.T.);
#698 = VERTEX_POINT('',#699);
#699 = CARTESIAN_POINT('',(-2.693954105935,-3.331954747774,10.));
#700 = B_SPLINE_CURVE_WITH_KNOTS('',2,(#701,#702,#703),.UNSPECIFIED.,.F.
  ,.F.,(3,3),(0.,1.),.PIECEWISE_BEZIER_KNOTS.);
#701 = CARTESIAN_POINT('',(-2.698126954599,-3.701947329377,10.));
#702 = CARTESIAN_POINT('',(-2.698126954599,-3.520150222552,10.));
#703 = CARTESIAN_POINT('',(-2.693954105935,-3.331954747774,10.));
#704 = ORIENTED_EDGE('',*,*,#705,.T.);
#705 = EDGE_CURVE('',#698,#706,#708,.T.);
#706 = VERTEX_POINT('',#707);
#707 = CARTESIAN_POINT('',(-2.52078088635,-2.683772255193,10.));
#708 = B_SPLINE_CURVE_WITH_KNOTS('',2,(#709,#710,#711),.UNSPECIFIED.,.F.
  ,.F.,(3,3),(0.,1.),.PIECEWISE_BEZIER_KNOTS.);
#709 = CARTESIAN_POINT('',(-2.693954105935,-3.331954747774,10.));
#710 = CARTESIAN_POINT('',(-2.681018275074,-2.946800816024,10.));
#711 = CARTESIAN_POINT('',(-2.52078088635,-2.683772255193,10.));
#712 = ORIENTED_EDGE('',*,*,#713,.T.);
#713 = EDGE_CURVE('',#706,#714,#716,.T.);
#714 = VERTEX_POINT('',#715);
#715 = CARTESIAN_POINT('',(-2.076511598516,-2.28818620178,10.));
#716 = B_SPLINE_CURVE_WITH_KNOTS('',2,(#717,#718,#719),.UNSPECIFIED.,.F.
  ,.F.,(3,3),(0.,1.),.PIECEWISE_BEZIER_KNOTS.);
#717 = CARTESIAN_POINT('',(-2.52078088635,-2.683772255193,10.));
#718 = CARTESIAN_POINT('',(-2.360543497626,-2.420743694362,10.));
#719 = CARTESIAN_POINT('',(-2.076511598516,-2.28818620178,10.));
#720 = ORIENTED_EDGE('',*,*,#721,.T.);
#721 = EDGE_CURVE('',#714,#722,#724,.T.);
#722 = VERTEX_POINT('',#723);
#723 = CARTESIAN_POINT('',(-1.412054996142,-2.155489614243,10.));
#724 = B_SPLINE_CURVE_WITH_KNOTS('',2,(#725,#726,#727),.UNSPECIFIED.,.F.
  ,.F.,(3,3),(0.,1.),.PIECEWISE_BEZIER_KNOTS.);
#725 = CARTESIAN_POINT('',(-2.076511598516,-2.28818620178,10.));
#726 = CARTESIAN_POINT('',(-1.792340604451,-2.155489614243,10.));
#727 = CARTESIAN_POINT('',(-1.412054996142,-2.155489614243,10.));
#728 = ORIENTED_EDGE('',*,*,#729,.T.);
#729 = EDGE_CURVE('',#722,#730,#732,.T.);
#730 = VERTEX_POINT('',#731);
#731 = CARTESIAN_POINT('',(-0.751771242433,-2.28818620178,10.));
#732 = B_SPLINE_CURVE_WITH_KNOTS('',2,(#733,#734,#735),.UNSPECIFIED.,.F.
  ,.F.,(3,3),(0.,1.),.PIECEWISE_BEZIER_KNOTS.);
#733 = CARTESIAN_POINT('',(-1.412054996142,-2.155489614243,10.));
#734 = CARTESIAN_POINT('',(-1.035942236499,-2.155489614243,10.));
#735 = CARTESIAN_POINT('',(-0.751771242433,-2.28818620178,10.));
#736 = ORIENTED_EDGE('',*,*,#737,.T.);
#737 = EDGE_CURVE('',#730,#738,#740,.T.);
#738 = VERTEX_POINT('',#739);
#739 = CARTESIAN_POINT('',(-0.305276435312,-2.683772255193,10.));
#740 = B_SPLINE_CURVE_WITH_KNOTS('',2,(#741,#742,#743),.UNSPECIFIED.,.F.
  ,.F.,(3,3),(0.,1.),.PIECEWISE_BEZIER_KNOTS.);
#741 = CARTESIAN_POINT('',(-0.751771242433,-2.28818620178,10.));
#742 = CARTESIAN_POINT('',(-0.467600248368,-2.420743694362,10.));
#743 = CARTESIAN_POINT('',(-0.305276435312,-2.683772255193,10.));
#744 = ORIENTED_EDGE('',*,*,#745,.T.);
#745 = EDGE_CURVE('',#738,#746,#748,.T.);
#746 = VERTEX_POINT('',#747);
#747 = CARTESIAN_POINT('',(-0.134328735015,-3.331954747774,10.));
#748 = B_SPLINE_CURVE_WITH_KNOTS('',2,(#749,#750,#751),.UNSPECIFIED.,.F.
  ,.F.,(3,3),(0.,1.),.PIECEWISE_BEZIER_KNOTS.);
#749 = CARTESIAN_POINT('',(-0.305276435312,-2.683772255193,10.));
#750 = CARTESIAN_POINT('',(-0.142952622255,-2.946800816024,10.));
#751 = CARTESIAN_POINT('',(-0.134328735015,-3.331954747774,10.));
#752 = ORIENTED_EDGE('',*,*,#753,.T.);
#753 = EDGE_CURVE('',#746,#754,#756,.T.);
#754 = VERTEX_POINT('',#755);
#755 = CARTESIAN_POINT('',(-0.12584394273,-3.701947329377,10.));
#756 = B_SPLINE_CURVE_WITH_KNOTS('',2,(#757,#758,#759),.UNSPECIFIED.,.F.
  ,.F.,(3,3),(0.,1.),.PIECEWISE_BEZIER_KNOTS.);
#757 = CARTESIAN_POINT('',(-0.134328735015,-3.331954747774,10.));
#758 = CARTESIAN_POINT('',(-0.12584394273,-3.520150222552,10.));
#759 = CARTESIAN_POINT('',(-0.12584394273,-3.701947329377,10.));
#760 = ORIENTED_EDGE('',*,*,#761,.T.);
#761 = EDGE_CURVE('',#754,#762,#764,.T.);
#762 = VERTEX_POINT('',#763);
#763 = CARTESIAN_POINT('',(-0.134328735015,-4.067767062315,10.));
#764 = B_SPLINE_CURVE_WITH_KNOTS('',2,(#765,#766,#767),.UNSPECIFIED.,.F.
  ,.F.,(3,3),(0.,1.),.PIECEWISE_BEZIER_KNOTS.);
#765 = CARTESIAN_POINT('',(-0.12584394273,-3.701947329377,10.));
#766 = CARTESIAN_POINT('',(-0.12584394273,-3.883744436202,10.));
#767 = CARTESIAN_POINT('',(-0.134328735015,-4.067767062315,10.));
#768 = ORIENTED_EDGE('',*,*,#769,.T.);
#769 = EDGE_CURVE('',#762,#770,#772,.T.);
#770 = VERTEX_POINT('',#771);
#771 = CARTESIAN_POINT('',(-0.305276435312,-4.720122403561,10.));
#772 = B_SPLINE_CURVE_WITH_KNOTS('',2,(#773,#774,#775),.UNSPECIFIED.,.F.
  ,.F.,(3,3),(0.,1.),.PIECEWISE_BEZIER_KNOTS.);
#773 = CARTESIAN_POINT('',(-0.134328735015,-4.067767062315,10.));
#774 = CARTESIAN_POINT('',(-0.14712547092,-4.46140578635,10.));
#775 = CARTESIAN_POINT('',(-0.305276435312,-4.720122403561,10.));
#776 = ORIENTED_EDGE('',*,*,#777,.T.);
#777 = EDGE_CURVE('',#770,#656,#778,.T.);
#778 = B_SPLINE_CURVE_WITH_KNOTS('',2,(#779,#780,#781),.UNSPECIFIED.,.F.
  ,.F.,(3,3),(0.,1.),.PIECEWISE_BEZIER_KNOTS.);
#779 = CARTESIAN_POINT('',(-0.305276435312,-4.720122403561,10.));
#780 = CARTESIAN_POINT('',(-0.463427399703,-4.978839020772,10.));
#781 = CARTESIAN_POINT('',(-0.745511969436,-5.107223664688,10.));
#782 = FACE_BOUND('',#783,.T.);
#783 = EDGE_LOOP('',(#784,#794,#802,#810,#818,#826,#834,#842,#850,#858,
    #866,#874,#882,#890,#898,#906,#914,#922,#930,#938,#946,#954,#962));
#784 = ORIENTED_EDGE('',*,*,#785,.T.);
#785 = EDGE_CURVE('',#786,#788,#790,.T.);
#786 = VERTEX_POINT('',#787);
#787 = CARTESIAN_POINT('',(0.864651235312,-5.2,10.));
#788 = VERTEX_POINT('',#789);
#789 = CARTESIAN_POINT('',(0.400908653709,-5.2,10.));
#790 = LINE('',#791,#792);
#791 = CARTESIAN_POINT('',(0.864651235312,-5.2,10.));
#792 = VECTOR('',#793,1.);
#793 = DIRECTION('',(-1.,0.,0.));
#794 = ORIENTED_EDGE('',*,*,#795,.T.);
#795 = EDGE_CURVE('',#788,#796,#798,.T.);
#796 = VERTEX_POINT('',#797);
#797 = CARTESIAN_POINT('',(0.324267333234,-5.17009458457,10.));
#798 = B_SPLINE_CURVE_WITH_KNOTS('',2,(#799,#800,#801),.UNSPECIFIED.,.F.
  ,.F.,(3,3),(0.,1.),.PIECEWISE_BEZIER_KNOTS.);
#799 = CARTESIAN_POINT('',(0.400908653709,-5.2,10.));
#800 = CARTESIAN_POINT('',(0.354033653709,-5.2,10.));
#801 = CARTESIAN_POINT('',(0.324267333234,-5.17009458457,10.));
#802 = ORIENTED_EDGE('',*,*,#803,.T.);
#803 = EDGE_CURVE('',#796,#804,#806,.T.);
#804 = VERTEX_POINT('',#805);
#805 = CARTESIAN_POINT('',(0.29450101276,-5.092757789318,10.));
#806 = B_SPLINE_CURVE_WITH_KNOTS('',2,(#807,#808,#809),.UNSPECIFIED.,.F.
  ,.F.,(3,3),(0.,1.),.PIECEWISE_BEZIER_KNOTS.);
#807 = CARTESIAN_POINT('',(0.324267333234,-5.17009458457,10.));
#808 = CARTESIAN_POINT('',(0.29450101276,-5.140050074184,10.));
#809 = CARTESIAN_POINT('',(0.29450101276,-5.092757789318,10.));
#810 = ORIENTED_EDGE('',*,*,#811,.T.);
#811 = EDGE_CURVE('',#804,#812,#814,.T.);
#812 = VERTEX_POINT('',#813);
#813 = CARTESIAN_POINT('',(0.29450101276,-2.307103115727,10.));
#814 = LINE('',#815,#816);
#815 = CARTESIAN_POINT('',(0.29450101276,-5.092757789318,10.));
#816 = VECTOR('',#817,1.);
#817 = DIRECTION('',(0.,1.,0.));
#818 = ORIENTED_EDGE('',*,*,#819,.T.);
#819 = EDGE_CURVE('',#812,#820,#822,.T.);
#820 = VERTEX_POINT('',#821);
#821 = CARTESIAN_POINT('',(0.324267333234,-2.230044510386,10.));
#822 = B_SPLINE_CURVE_WITH_KNOTS('',2,(#823,#824,#825),.UNSPECIFIED.,.F.
  ,.F.,(3,3),(0.,1.),.PIECEWISE_BEZIER_KNOTS.);
#823 = CARTESIAN_POINT('',(0.29450101276,-2.307103115727,10.));
#824 = CARTESIAN_POINT('',(0.29450101276,-2.259949925816,10.));
#825 = CARTESIAN_POINT('',(0.324267333234,-2.230044510386,10.));
#826 = ORIENTED_EDGE('',*,*,#827,.T.);
#827 = EDGE_CURVE('',#820,#828,#830,.T.);
#828 = VERTEX_POINT('',#829);
#829 = CARTESIAN_POINT('',(0.40118684362,-2.2,10.));
#830 = B_SPLINE_CURVE_WITH_KNOTS('',2,(#831,#832,#833),.UNSPECIFIED.,.F.
  ,.F.,(3,3),(0.,1.),.PIECEWISE_BEZIER_KNOTS.);
#831 = CARTESIAN_POINT('',(0.324267333234,-2.230044510386,10.));
#832 = CARTESIAN_POINT('',(0.354172748665,-2.2,10.));
#833 = CARTESIAN_POINT('',(0.40118684362,-2.2,10.));
#834 = ORIENTED_EDGE('',*,*,#835,.T.);
#835 = EDGE_CURVE('',#828,#836,#838,.T.);
#836 = VERTEX_POINT('',#837);
#837 = CARTESIAN_POINT('',(1.532167926706,-2.2,10.));
#838 = LINE('',#839,#840);
#839 = CARTESIAN_POINT('',(0.40118684362,-2.2,10.));
#840 = VECTOR('',#841,1.);
#841 = DIRECTION('',(1.,0.,0.));
#842 = ORIENTED_EDGE('',*,*,#843,.T.);
#843 = EDGE_CURVE('',#836,#844,#846,.T.);
#844 = VERTEX_POINT('',#845);
#845 = CARTESIAN_POINT('',(2.372857837685,-2.446754451039,10.));
#846 = B_SPLINE_CURVE_WITH_KNOTS('',2,(#847,#848,#849),.UNSPECIFIED.,.F.
  ,.F.,(3,3),(0.,1.),.PIECEWISE_BEZIER_KNOTS.);
#847 = CARTESIAN_POINT('',(1.532167926706,-2.2,10.));
#848 = CARTESIAN_POINT('',(2.065597081009,-2.2,10.));
#849 = CARTESIAN_POINT('',(2.372857837685,-2.446754451039,10.));
#850 = ORIENTED_EDGE('',*,*,#851,.T.);
#851 = EDGE_CURVE('',#844,#852,#854,.T.);
#852 = VERTEX_POINT('',#853);
#853 = CARTESIAN_POINT('',(2.680257689318,-3.156973293769,10.));
#854 = B_SPLINE_CURVE_WITH_KNOTS('',2,(#855,#856,#857),.UNSPECIFIED.,.F.
  ,.F.,(3,3),(0.,1.),.PIECEWISE_BEZIER_KNOTS.);
#855 = CARTESIAN_POINT('',(2.372857837685,-2.446754451039,10.));
#856 = CARTESIAN_POINT('',(2.680257689318,-2.693508902077,10.));
#857 = CARTESIAN_POINT('',(2.680257689318,-3.156973293769,10.));
#858 = ORIENTED_EDGE('',*,*,#859,.T.);
#859 = EDGE_CURVE('',#852,#860,#862,.T.);
#860 = VERTEX_POINT('',#861);
#861 = CARTESIAN_POINT('',(2.530035137389,-3.680665801187,10.));
#862 = B_SPLINE_CURVE_WITH_KNOTS('',2,(#863,#864,#865),.UNSPECIFIED.,.F.
  ,.F.,(3,3),(0.,1.),.PIECEWISE_BEZIER_KNOTS.);
#863 = CARTESIAN_POINT('',(2.680257689318,-3.156973293769,10.));
#864 = CARTESIAN_POINT('',(2.680257689318,-3.470215133531,10.));
#865 = CARTESIAN_POINT('',(2.530035137389,-3.680665801187,10.));
#866 = ORIENTED_EDGE('',*,*,#867,.T.);
#867 = EDGE_CURVE('',#860,#868,#870,.T.);
#868 = VERTEX_POINT('',#869);
#869 = CARTESIAN_POINT('',(2.127077051335,-3.99390764095,10.));
#870 = B_SPLINE_CURVE_WITH_KNOTS('',2,(#871,#872,#873),.UNSPECIFIED.,.F.
  ,.F.,(3,3),(0.,1.),.PIECEWISE_BEZIER_KNOTS.);
#871 = CARTESIAN_POINT('',(2.530035137389,-3.680665801187,10.));
#872 = CARTESIAN_POINT('',(2.379951680415,-3.890977373887,10.));
#873 = CARTESIAN_POINT('',(2.127077051335,-3.99390764095,10.));
#874 = ORIENTED_EDGE('',*,*,#875,.T.);
#875 = EDGE_CURVE('',#868,#876,#878,.T.);
#876 = VERTEX_POINT('',#877);
#877 = CARTESIAN_POINT('',(2.733948342136,-5.063130563798,10.));
#878 = LINE('',#879,#880);
#879 = CARTESIAN_POINT('',(2.127077051335,-3.99390764095,10.));
#880 = VECTOR('',#881,1.);
#881 = DIRECTION('',(0.493614770375,-0.869680664651,0.));
#882 = ORIENTED_EDGE('',*,*,#883,.T.);
#883 = EDGE_CURVE('',#876,#884,#886,.T.);
#884 = VERTEX_POINT('',#885);
#885 = CARTESIAN_POINT('',(2.747023267953,-5.110144658754,10.));
#886 = B_SPLINE_CURVE_WITH_KNOTS('',2,(#887,#888,#889),.UNSPECIFIED.,.F.
  ,.F.,(3,3),(0.,1.),.PIECEWISE_BEZIER_KNOTS.);
#887 = CARTESIAN_POINT('',(2.733948342136,-5.063130563798,10.));
#888 = CARTESIAN_POINT('',(2.747023267953,-5.088724035608,10.));
#889 = CARTESIAN_POINT('',(2.747023267953,-5.110144658754,10.));
#890 = ORIENTED_EDGE('',*,*,#891,.T.);
#891 = EDGE_CURVE('',#884,#892,#894,.T.);
#892 = VERTEX_POINT('',#893);
#893 = CARTESIAN_POINT('',(2.721290701187,-5.172320103858,10.));
#894 = B_SPLINE_CURVE_WITH_KNOTS('',2,(#895,#896,#897),.UNSPECIFIED.,.F.
  ,.F.,(3,3),(0.,1.),.PIECEWISE_BEZIER_KNOTS.);
#895 = CARTESIAN_POINT('',(2.747023267953,-5.110144658754,10.));
#896 = CARTESIAN_POINT('',(2.747023267953,-5.14450111276,10.));
#897 = CARTESIAN_POINT('',(2.721290701187,-5.172320103858,10.));
#898 = ORIENTED_EDGE('',*,*,#899,.T.);
#899 = EDGE_CURVE('',#892,#900,#902,.T.);
#900 = VERTEX_POINT('',#901);
#901 = CARTESIAN_POINT('',(2.656889736795,-5.2,10.));
#902 = B_SPLINE_CURVE_WITH_KNOTS('',2,(#903,#904,#905),.UNSPECIFIED.,.F.
  ,.F.,(3,3),(0.,1.),.PIECEWISE_BEZIER_KNOTS.);
#903 = CARTESIAN_POINT('',(2.721290701187,-5.172320103858,10.));
#904 = CARTESIAN_POINT('',(2.695558134421,-5.2,10.));
#905 = CARTESIAN_POINT('',(2.656889736795,-5.2,10.));
#906 = ORIENTED_EDGE('',*,*,#907,.T.);
#907 = EDGE_CURVE('',#900,#908,#910,.T.);
#908 = VERTEX_POINT('',#909);
#909 = CARTESIAN_POINT('',(2.181184989021,-5.2,10.));
#910 = LINE('',#911,#912);
#911 = CARTESIAN_POINT('',(2.656889736795,-5.2,10.));
#912 = VECTOR('',#913,1.);
#913 = DIRECTION('',(-1.,0.,0.));
#914 = ORIENTED_EDGE('',*,*,#915,.T.);
#915 = EDGE_CURVE('',#908,#916,#918,.T.);
#916 = VERTEX_POINT('',#917);
#917 = CARTESIAN_POINT('',(2.065457986053,-5.159384272997,10.));
#918 = B_SPLINE_CURVE_WITH_KNOTS('',2,(#919,#920,#921),.UNSPECIFIED.,.F.
  ,.F.,(3,3),(0.,1.),.PIECEWISE_BEZIER_KNOTS.);
#919 = CARTESIAN_POINT('',(2.181184989021,-5.2,10.));
#920 = CARTESIAN_POINT('',(2.10412638368,-5.2,10.));
#921 = CARTESIAN_POINT('',(2.065457986053,-5.159384272997,10.));
#922 = ORIENTED_EDGE('',*,*,#923,.T.);
#923 = EDGE_CURVE('',#916,#924,#926,.T.);
#924 = VERTEX_POINT('',#925);
#925 = CARTESIAN_POINT('',(2.009820003858,-5.084551186944,10.));
#926 = B_SPLINE_CURVE_WITH_KNOTS('',2,(#927,#928,#929),.UNSPECIFIED.,.F.
  ,.F.,(3,3),(0.,1.),.PIECEWISE_BEZIER_KNOTS.);
#927 = CARTESIAN_POINT('',(2.065457986053,-5.159384272997,10.));
#928 = CARTESIAN_POINT('',(2.026928683383,-5.118768545994,10.));
#929 = CARTESIAN_POINT('',(2.009820003858,-5.084551186944,10.));
#930 = ORIENTED_EDGE('',*,*,#931,.T.);
#931 = EDGE_CURVE('',#924,#932,#934,.T.);
#932 = VERTEX_POINT('',#933);
#933 = CARTESIAN_POINT('',(1.486822971217,-4.105044510386,10.));
#934 = LINE('',#935,#936);
#935 = CARTESIAN_POINT('',(2.009820003858,-5.084551186944,10.));
#936 = VECTOR('',#937,1.);
#937 = DIRECTION('',(-0.47100429513,0.88213091657,0.));
#938 = ORIENTED_EDGE('',*,*,#939,.T.);
#939 = EDGE_CURVE('',#932,#940,#942,.T.);
#940 = VERTEX_POINT('',#941);
#941 = CARTESIAN_POINT('',(0.971058876261,-4.105044510386,10.));
#942 = LINE('',#943,#944);
#943 = CARTESIAN_POINT('',(1.486822971217,-4.105044510386,10.));
#944 = VECTOR('',#945,1.);
#945 = DIRECTION('',(-1.,0.,0.));
#946 = ORIENTED_EDGE('',*,*,#947,.T.);
#947 = EDGE_CURVE('',#940,#948,#950,.T.);
#948 = VERTEX_POINT('',#949);
#949 = CARTESIAN_POINT('',(0.971058876261,-5.093035979228,10.));
#950 = LINE('',#951,#952);
#951 = CARTESIAN_POINT('',(0.971058876261,-4.105044510386,10.));
#952 = VECTOR('',#953,1.);
#953 = DIRECTION('',(0.,-1.,0.));
#954 = ORIENTED_EDGE('',*,*,#955,.T.);
#955 = EDGE_CURVE('',#948,#956,#958,.T.);
#956 = VERTEX_POINT('',#957);
#957 = CARTESIAN_POINT('',(0.941292555786,-5.17009458457,10.));
#958 = B_SPLINE_CURVE_WITH_KNOTS('',2,(#959,#960,#961),.UNSPECIFIED.,.F.
  ,.F.,(3,3),(0.,1.),.PIECEWISE_BEZIER_KNOTS.);
#959 = CARTESIAN_POINT('',(0.971058876261,-5.093035979228,10.));
#960 = CARTESIAN_POINT('',(0.971058876261,-5.140189169139,10.));
#961 = CARTESIAN_POINT('',(0.941292555786,-5.17009458457,10.));
#962 = ORIENTED_EDGE('',*,*,#963,.T.);
#963 = EDGE_CURVE('',#956,#786,#964,.T.);
#964 = B_SPLINE_CURVE_WITH_KNOTS('',2,(#965,#966,#967),.UNSPECIFIED.,.F.
  ,.F.,(3,3),(0.,1.),.PIECEWISE_BEZIER_KNOTS.);
#965 = CARTESIAN_POINT('',(0.941292555786,-5.17009458457,10.));
#966 = CARTESIAN_POINT('',(0.911526235312,-5.2,10.));
#967 = CARTESIAN_POINT('',(0.864651235312,-5.2,10.));
#968 = FACE_BOUND('',#969,.T.);
#969 = EDGE_LOOP('',(#970,#980,#988,#996,#1004,#1012,#1020,#1028,#1036,
    #1044,#1052,#1060,#1068,#1076,#1084));
#970 = ORIENTED_EDGE('',*,*,#971,.T.);
#971 = EDGE_CURVE('',#972,#974,#976,.T.);
#972 = VERTEX_POINT('',#973);
#973 = CARTESIAN_POINT('',(4.305304054303,-5.2,10.));
#974 = VERTEX_POINT('',#975);
#975 = CARTESIAN_POINT('',(3.211322229377,-5.2,10.));
#976 = LINE('',#977,#978);
#977 = CARTESIAN_POINT('',(4.305304054303,-5.2,10.));
#978 = VECTOR('',#979,1.);
#979 = DIRECTION('',(-1.,0.,0.));
#980 = ORIENTED_EDGE('',*,*,#981,.T.);
#981 = EDGE_CURVE('',#974,#982,#984,.T.);
#982 = VERTEX_POINT('',#983);
#983 = CARTESIAN_POINT('',(3.134402718991,-5.17009458457,10.));
#984 = B_SPLINE_CURVE_WITH_KNOTS('',2,(#985,#986,#987),.UNSPECIFIED.,.F.
  ,.F.,(3,3),(0.,1.),.PIECEWISE_BEZIER_KNOTS.);
#985 = CARTESIAN_POINT('',(3.211322229377,-5.2,10.));
#986 = CARTESIAN_POINT('',(3.164308134421,-5.2,10.));
#987 = CARTESIAN_POINT('',(3.134402718991,-5.17009458457,10.));
#988 = ORIENTED_EDGE('',*,*,#989,.T.);
#989 = EDGE_CURVE('',#982,#990,#992,.T.);
#990 = VERTEX_POINT('',#991);
#991 = CARTESIAN_POINT('',(3.104497303561,-5.092757789318,10.));
#992 = B_SPLINE_CURVE_WITH_KNOTS('',2,(#993,#994,#995),.UNSPECIFIED.,.F.
  ,.F.,(3,3),(0.,1.),.PIECEWISE_BEZIER_KNOTS.);
#993 = CARTESIAN_POINT('',(3.134402718991,-5.17009458457,10.));
#994 = CARTESIAN_POINT('',(3.104497303561,-5.140050074184,10.));
#995 = CARTESIAN_POINT('',(3.104497303561,-5.092757789318,10.));
#996 = ORIENTED_EDGE('',*,*,#997,.T.);
#997 = EDGE_CURVE('',#990,#998,#1000,.T.);
#998 = VERTEX_POINT('',#999);
#999 = CARTESIAN_POINT('',(3.104497303561,-2.307103115727,10.));
#1000 = LINE('',#1001,#1002);
#1001 = CARTESIAN_POINT('',(3.104497303561,-5.092757789318,10.));
#1002 = VECTOR('',#1003,1.);
#1003 = DIRECTION('',(0.,1.,0.));
#1004 = ORIENTED_EDGE('',*,*,#1005,.T.);
#1005 = EDGE_CURVE('',#998,#1006,#1008,.T.);
#1006 = VERTEX_POINT('',#1007);
#1007 = CARTESIAN_POINT('',(3.134402718991,-2.230044510386,10.));
#1008 = B_SPLINE_CURVE_WITH_KNOTS('',2,(#1009,#1010,#1011),
  .UNSPECIFIED.,.F.,.F.,(3,3),(0.,1.),.PIECEWISE_BEZIER_KNOTS.);
#1009 = CARTESIAN_POINT('',(3.104497303561,-2.307103115727,10.));
#1010 = CARTESIAN_POINT('',(3.104497303561,-2.259949925816,10.));
#1011 = CARTESIAN_POINT('',(3.134402718991,-2.230044510386,10.));
#1012 = ORIENTED_EDGE('',*,*,#1013,.T.);
#1013 = EDGE_CURVE('',#1006,#1014,#1016,.T.);
#1014 = VERTEX_POINT('',#1015);
#1015 = CARTESIAN_POINT('',(3.211322229377,-2.2,10.));
#1016 = B_SPLINE_CURVE_WITH_KNOTS('',2,(#1017,#1018,#1019),
  .UNSPECIFIED.,.F.,.F.,(3,3),(0.,1.),.PIECEWISE_BEZIER_KNOTS.);
#1017 = CARTESIAN_POINT('',(3.134402718991,-2.230044510386,10.));
#1018 = CARTESIAN_POINT('',(3.164308134421,-2.2,10.));
#1019 = CARTESIAN_POINT('',(3.211322229377,-2.2,10.));
#1020 = ORIENTED_EDGE('',*,*,#1021,.T.);
#1021 = EDGE_CURVE('',#1014,#1022,#1024,.T.);
#1022 = VERTEX_POINT('',#1023);
#1023 = CARTESIAN_POINT('',(4.283883431157,-2.2,10.));
#1024 = LINE('',#1025,#1026);
#1025 = CARTESIAN_POINT('',(3.211322229377,-2.2,10.));
#1026 = VECTOR('',#1027,1.);
#1027 = DIRECTION('',(1.,0.,0.));
#1028 = ORIENTED_EDGE('',*,*,#1029,.T.);
#1029 = EDGE_CURVE('',#1022,#1030,#1032,.T.);
#1030 = VERTEX_POINT('',#1031);
#1031 = CARTESIAN_POINT('',(4.997440552819,-2.33506120178,10.));
#1032 = B_SPLINE_CURVE_WITH_KNOTS('',2,(#1033,#1034,#1035),
  .UNSPECIFIED.,.F.,.F.,(3,3),(0.,1.),.PIECEWISE_BEZIER_KNOTS.);
#1033 = CARTESIAN_POINT('',(4.283883431157,-2.2,10.));
#1034 = CARTESIAN_POINT('',(4.711183134421,-2.2,10.));
#1035 = CARTESIAN_POINT('',(4.997440552819,-2.33506120178,10.));
#1036 = ORIENTED_EDGE('',*,*,#1037,.T.);
#1037 = EDGE_CURVE('',#1030,#1038,#1040,.T.);
#1038 = VERTEX_POINT('',#1039);
#1039 = CARTESIAN_POINT('',(5.435450567656,-2.729256305638,10.));
#1040 = B_SPLINE_CURVE_WITH_KNOTS('',2,(#1041,#1042,#1043),
  .UNSPECIFIED.,.F.,.F.,(3,3),(0.,1.),.PIECEWISE_BEZIER_KNOTS.);
#1041 = CARTESIAN_POINT('',(4.997440552819,-2.33506120178,10.));
#1042 = CARTESIAN_POINT('',(5.283697971217,-2.469983308605,10.));
#1043 = CARTESIAN_POINT('',(5.435450567656,-2.729256305638,10.));
#1044 = ORIENTED_EDGE('',*,*,#1045,.T.);
#1045 = EDGE_CURVE('',#1038,#1046,#1048,.T.);
#1046 = VERTEX_POINT('',#1047);
#1047 = CARTESIAN_POINT('',(5.59568795638,-3.369927670623,10.));
#1048 = B_SPLINE_CURVE_WITH_KNOTS('',2,(#1049,#1050,#1051),
  .UNSPECIFIED.,.F.,.F.,(3,3),(0.,1.),.PIECEWISE_BEZIER_KNOTS.);
#1049 = CARTESIAN_POINT('',(5.435450567656,-2.729256305638,10.));
#1050 = CARTESIAN_POINT('',(5.587203164095,-2.988529302671,10.));
#1051 = CARTESIAN_POINT('',(5.59568795638,-3.369927670623,10.));
#1052 = ORIENTED_EDGE('',*,*,#1053,.T.);
#1053 = EDGE_CURVE('',#1046,#1054,#1056,.T.);
#1054 = VERTEX_POINT('',#1055);
#1055 = CARTESIAN_POINT('',(5.5999999,-3.7,10.));
#1056 = B_SPLINE_CURVE_WITH_KNOTS('',2,(#1057,#1058,#1059),
  .UNSPECIFIED.,.F.,.F.,(3,3),(0.,1.),.PIECEWISE_BEZIER_KNOTS.);
#1057 = CARTESIAN_POINT('',(5.59568795638,-3.369927670623,10.));
#1058 = CARTESIAN_POINT('',(5.5999999,-3.558540430267,10.));
#1059 = CARTESIAN_POINT('',(5.5999999,-3.7,10.));
#1060 = ORIENTED_EDGE('',*,*,#1061,.T.);
#1061 = EDGE_CURVE('',#1054,#1062,#1064,.T.);
#1062 = VERTEX_POINT('',#1063);
#1063 = CARTESIAN_POINT('',(5.59568795638,-4.025621290801,10.));
#1064 = B_SPLINE_CURVE_WITH_KNOTS('',2,(#1065,#1066,#1067),
  .UNSPECIFIED.,.F.,.F.,(3,3),(0.,1.),.PIECEWISE_BEZIER_KNOTS.);
#1065 = CARTESIAN_POINT('',(5.5999999,-3.7,10.));
#1066 = CARTESIAN_POINT('',(5.5999999,-3.841459569733,10.));
#1067 = CARTESIAN_POINT('',(5.59568795638,-4.025621290801,10.));
#1068 = ORIENTED_EDGE('',*,*,#1069,.T.);
#1069 = EDGE_CURVE('',#1062,#1070,#1072,.T.);
#1070 = VERTEX_POINT('',#1071);
#1071 = CARTESIAN_POINT('',(5.437536991988,-4.685765949555,10.));
#1072 = B_SPLINE_CURVE_WITH_KNOTS('',2,(#1073,#1074,#1075),
  .UNSPECIFIED.,.F.,.F.,(3,3),(0.,1.),.PIECEWISE_BEZIER_KNOTS.);
#1073 = CARTESIAN_POINT('',(5.59568795638,-4.025621290801,10.));
#1074 = CARTESIAN_POINT('',(5.582891220475,-4.424267433234,10.));
#1075 = CARTESIAN_POINT('',(5.437536991988,-4.685765949555,10.));
#1076 = ORIENTED_EDGE('',*,*,#1077,.T.);
#1077 = EDGE_CURVE('',#1070,#1078,#1080,.T.);
#1078 = VERTEX_POINT('',#1079);
#1079 = CARTESIAN_POINT('',(5.010237288724,-5.07356268546,10.));
#1080 = B_SPLINE_CURVE_WITH_KNOTS('',2,(#1081,#1082,#1083),
  .UNSPECIFIED.,.F.,.F.,(3,3),(0.,1.),.PIECEWISE_BEZIER_KNOTS.);
#1081 = CARTESIAN_POINT('',(5.437536991988,-4.685765949555,10.));
#1082 = CARTESIAN_POINT('',(5.292321858457,-4.94712537092,10.));
#1083 = CARTESIAN_POINT('',(5.010237288724,-5.07356268546,10.));
#1084 = ORIENTED_EDGE('',*,*,#1085,.T.);
#1085 = EDGE_CURVE('',#1078,#972,#1086,.T.);
#1086 = B_SPLINE_CURVE_WITH_KNOTS('',2,(#1087,#1088,#1089),
  .UNSPECIFIED.,.F.,.F.,(3,3),(0.,1.),.PIECEWISE_BEZIER_KNOTS.);
#1087 = CARTESIAN_POINT('',(5.010237288724,-5.07356268546,10.));
#1088 = CARTESIAN_POINT('',(4.728291813947,-5.2,10.));
#1089 = CARTESIAN_POINT('',(4.305304054303,-5.2,10.));
#1090 = FACE_BOUND('',#1091,.T.);
#1091 = EDGE_LOOP('',(#1092,#1102,#1110,#1118,#1126,#1134,#1142,#1150,
    #1158,#1166,#1174,#1182,#1190,#1198,#1206,#1214,#1222,#1230));
#1092 = ORIENTED_EDGE('',*,*,#1093,.T.);
#1093 = EDGE_CURVE('',#1094,#1096,#1098,.T.);
#1094 = VERTEX_POINT('',#1095);
#1095 = CARTESIAN_POINT('',(-1.892692778338,-0.4,10.));
#1096 = VERTEX_POINT('',#1097);
#1097 = CARTESIAN_POINT('',(-4.400333727893,-0.4,10.));
#1098 = LINE('',#1099,#1100);
#1099 = CARTESIAN_POINT('',(-1.892692778338,-0.4,10.));
#1100 = VECTOR('',#1101,1.);
#1101 = DIRECTION('',(-1.,0.,0.));
#1102 = ORIENTED_EDGE('',*,*,#1103,.T.);
#1103 = EDGE_CURVE('',#1096,#1104,#1106,.T.);
#1104 = VERTEX_POINT('',#1105);
#1105 = CARTESIAN_POINT('',(-4.544176457864,-0.340022255193,10.));
#1106 = B_SPLINE_CURVE_WITH_KNOTS('',2,(#1107,#1108,#1109),
  .UNSPECIFIED.,.F.,.F.,(3,3),(0.,1.),.PIECEWISE_BEZIER_KNOTS.);
#1107 = CARTESIAN_POINT('',(-4.400333727893,-0.4,10.));
#1108 = CARTESIAN_POINT('',(-4.48809337181,-0.4,10.));
#1109 = CARTESIAN_POINT('',(-4.544176457864,-0.340022255193,10.));
#1110 = ORIENTED_EDGE('',*,*,#1111,.T.);
#1111 = EDGE_CURVE('',#1104,#1112,#1114,.T.);
#1112 = VERTEX_POINT('',#1113);
#1113 = CARTESIAN_POINT('',(-4.5999999,-0.199814540059,10.));
#1114 = B_SPLINE_CURVE_WITH_KNOTS('',2,(#1115,#1116,#1117),
  .UNSPECIFIED.,.F.,.F.,(3,3),(0.,1.),.PIECEWISE_BEZIER_KNOTS.);
#1115 = CARTESIAN_POINT('',(-4.544176457864,-0.340022255193,10.));
#1116 = CARTESIAN_POINT('',(-4.5999999,-0.280044510386,10.));
#1117 = CARTESIAN_POINT('',(-4.5999999,-0.199814540059,10.));
#1118 = ORIENTED_EDGE('',*,*,#1119,.T.);
#1119 = EDGE_CURVE('',#1112,#1120,#1122,.T.);
#1120 = VERTEX_POINT('',#1121);
#1121 = CARTESIAN_POINT('',(-4.5999999,5.000074183976,10.));
#1122 = LINE('',#1123,#1124);
#1123 = CARTESIAN_POINT('',(-4.5999999,-0.199814540059,10.));
#1124 = VECTOR('',#1125,1.);
#1125 = DIRECTION('',(0.,1.,0.));
#1126 = ORIENTED_EDGE('',*,*,#1127,.T.);
#1127 = EDGE_CURVE('',#1120,#1128,#1130,.T.);
#1128 = VERTEX_POINT('',#1129);
#1129 = CARTESIAN_POINT('',(-4.544176457864,5.143916913947,10.));
#1130 = B_SPLINE_CURVE_WITH_KNOTS('',2,(#1131,#1132,#1133),
  .UNSPECIFIED.,.F.,.F.,(3,3),(0.,1.),.PIECEWISE_BEZIER_KNOTS.);
#1131 = CARTESIAN_POINT('',(-4.5999999,5.000074183976,10.));
#1132 = CARTESIAN_POINT('',(-4.5999999,5.08809347181,10.));
#1133 = CARTESIAN_POINT('',(-4.544176457864,5.143916913947,10.));
#1134 = ORIENTED_EDGE('',*,*,#1135,.T.);
#1135 = EDGE_CURVE('',#1128,#1136,#1138,.T.);
#1136 = VERTEX_POINT('',#1137);
#1137 = CARTESIAN_POINT('',(-4.40059337181,5.2,10.));
#1138 = B_SPLINE_CURVE_WITH_KNOTS('',2,(#1139,#1140,#1141),
  .UNSPECIFIED.,.F.,.F.,(3,3),(0.,1.),.PIECEWISE_BEZIER_KNOTS.);
#1139 = CARTESIAN_POINT('',(-4.544176457864,5.143916913947,10.));
#1140 = CARTESIAN_POINT('',(-4.488353015727,5.2,10.));
#1141 = CARTESIAN_POINT('',(-4.40059337181,5.2,10.));
#1142 = ORIENTED_EDGE('',*,*,#1143,.T.);
#1143 = EDGE_CURVE('',#1136,#1144,#1146,.T.);
#1144 = VERTEX_POINT('',#1145);
#1145 = CARTESIAN_POINT('',(-1.966950938576,5.2,10.));
#1146 = LINE('',#1147,#1148);
#1147 = CARTESIAN_POINT('',(-4.40059337181,5.2,10.));
#1148 = VECTOR('',#1149,1.);
#1149 = DIRECTION('',(1.,0.,0.));
#1150 = ORIENTED_EDGE('',*,*,#1151,.T.);
#1151 = EDGE_CURVE('',#1144,#1152,#1154,.T.);
#1152 = VERTEX_POINT('',#1153);
#1153 = CARTESIAN_POINT('',(-0.842173490504,5.007863501484,10.));
#1154 = B_SPLINE_CURVE_WITH_KNOTS('',2,(#1155,#1156,#1157),
  .UNSPECIFIED.,.F.,.F.,(3,3),(0.,1.),.PIECEWISE_BEZIER_KNOTS.);
#1155 = CARTESIAN_POINT('',(-1.966950938576,5.2,10.));
#1156 = CARTESIAN_POINT('',(-1.280712066172,5.2,10.));
#1157 = CARTESIAN_POINT('',(-0.842173490504,5.007863501484,10.));
#1158 = ORIENTED_EDGE('',*,*,#1159,.T.);
#1159 = EDGE_CURVE('',#1152,#1160,#1162,.T.);
#1160 = VERTEX_POINT('',#1161);
#1161 = CARTESIAN_POINT('',(-0.192025122552,4.459495548961,10.));
#1162 = B_SPLINE_CURVE_WITH_KNOTS('',2,(#1163,#1164,#1165),
  .UNSPECIFIED.,.F.,.F.,(3,3),(0.,1.),.PIECEWISE_BEZIER_KNOTS.);
#1163 = CARTESIAN_POINT('',(-0.842173490504,5.007863501484,10.));
#1164 = CARTESIAN_POINT('',(-0.40337527092,4.815727002967,10.));
#1165 = CARTESIAN_POINT('',(-0.192025122552,4.459495548961,10.));
#1166 = ORIENTED_EDGE('',*,*,#1167,.T.);
#1167 = EDGE_CURVE('',#1160,#1168,#1170,.T.);
#1168 = VERTEX_POINT('',#1169);
#1169 = CARTESIAN_POINT('',(1.958466973294E-02,3.61487388724,10.));
#1170 = B_SPLINE_CURVE_WITH_KNOTS('',2,(#1171,#1172,#1173),
  .UNSPECIFIED.,.F.,.F.,(3,3),(0.,1.),.PIECEWISE_BEZIER_KNOTS.);
#1171 = CARTESIAN_POINT('',(-0.192025122552,4.459495548961,10.));
#1172 = CARTESIAN_POINT('',(1.958466973294E-02,4.103264094955,10.));
#1173 = CARTESIAN_POINT('',(1.958466973294E-02,3.61487388724,10.));
#1174 = ORIENTED_EDGE('',*,*,#1175,.T.);
#1175 = EDGE_CURVE('',#1168,#1176,#1178,.T.);
#1176 = VERTEX_POINT('',#1177);
#1177 = CARTESIAN_POINT('',(-8.816755578635E-02,3.106491097923,10.));
#1178 = B_SPLINE_CURVE_WITH_KNOTS('',2,(#1179,#1180,#1181),
  .UNSPECIFIED.,.F.,.F.,(3,3),(0.,1.),.PIECEWISE_BEZIER_KNOTS.);
#1179 = CARTESIAN_POINT('',(1.958466973294E-02,3.61487388724,10.));
#1180 = CARTESIAN_POINT('',(1.958466973294E-02,3.326669139466,10.));
#1181 = CARTESIAN_POINT('',(-8.816755578635E-02,3.106491097923,10.));
#1182 = ORIENTED_EDGE('',*,*,#1183,.T.);
#1183 = EDGE_CURVE('',#1176,#1184,#1186,.T.);
#1184 = VERTEX_POINT('',#1185);
#1185 = CARTESIAN_POINT('',(-0.35118684362,2.742210682493,10.));
#1186 = B_SPLINE_CURVE_WITH_KNOTS('',2,(#1187,#1188,#1189),
  .UNSPECIFIED.,.F.,.F.,(3,3),(0.,1.),.PIECEWISE_BEZIER_KNOTS.);
#1187 = CARTESIAN_POINT('',(-8.816755578635E-02,3.106491097923,10.));
#1188 = CARTESIAN_POINT('',(-0.195660137389,2.88631305638,10.));
#1189 = CARTESIAN_POINT('',(-0.35118684362,2.742210682493,10.));
#1190 = ORIENTED_EDGE('',*,*,#1191,.T.);
#1191 = EDGE_CURVE('',#1184,#1192,#1194,.T.);
#1192 = VERTEX_POINT('',#1193);
#1193 = CARTESIAN_POINT('',(-0.642247674481,2.534235905045,10.));
#1194 = B_SPLINE_CURVE_WITH_KNOTS('',2,(#1195,#1196,#1197),
  .UNSPECIFIED.,.F.,.F.,(3,3),(0.,1.),.PIECEWISE_BEZIER_KNOTS.);
#1195 = CARTESIAN_POINT('',(-0.35118684362,2.742210682493,10.));
#1196 = CARTESIAN_POINT('',(-0.506713549852,2.598108308605,10.));
#1197 = CARTESIAN_POINT('',(-0.642247674481,2.534235905045,10.));
#1198 = ORIENTED_EDGE('',*,*,#1199,.T.);
#1199 = EDGE_CURVE('',#1192,#1200,#1202,.T.);
#1200 = VERTEX_POINT('',#1201);
#1201 = CARTESIAN_POINT('',(-0.100890107715,2.062203264095,10.));
#1202 = B_SPLINE_CURVE_WITH_KNOTS('',2,(#1203,#1204,#1205),
  .UNSPECIFIED.,.F.,.F.,(3,3),(0.,1.),.PIECEWISE_BEZIER_KNOTS.);
#1203 = CARTESIAN_POINT('',(-0.642247674481,2.534235905045,10.));
#1204 = CARTESIAN_POINT('',(-0.337425716024,2.390133531157,10.));
#1205 = CARTESIAN_POINT('',(-0.100890107715,2.062203264095,10.));
#1206 = ORIENTED_EDGE('',*,*,#1207,.T.);
#1207 = EDGE_CURVE('',#1200,#1208,#1210,.T.);
#1208 = VERTEX_POINT('',#1209);
#1209 = CARTESIAN_POINT('',(0.13590514451,1.294955489614,10.));
#1210 = B_SPLINE_CURVE_WITH_KNOTS('',2,(#1211,#1212,#1213),
  .UNSPECIFIED.,.F.,.F.,(3,3),(0.,1.),.PIECEWISE_BEZIER_KNOTS.);
#1211 = CARTESIAN_POINT('',(-0.100890107715,2.062203264095,10.));
#1212 = CARTESIAN_POINT('',(0.13590514451,1.73453264095,10.));
#1213 = CARTESIAN_POINT('',(0.13590514451,1.294955489614,10.));
#1214 = ORIENTED_EDGE('',*,*,#1215,.T.);
#1215 = EDGE_CURVE('',#1208,#1216,#1218,.T.);
#1216 = VERTEX_POINT('',#1217);
#1217 = CARTESIAN_POINT('',(-9.959188813056E-02,0.3875,10.));
#1218 = B_SPLINE_CURVE_WITH_KNOTS('',2,(#1219,#1220,#1221),
  .UNSPECIFIED.,.F.,.F.,(3,3),(0.,1.),.PIECEWISE_BEZIER_KNOTS.);
#1219 = CARTESIAN_POINT('',(0.13590514451,1.294955489614,10.));
#1220 = CARTESIAN_POINT('',(0.13590514451,0.767359050445,10.));
#1221 = CARTESIAN_POINT('',(-9.959188813056E-02,0.3875,10.));
#1222 = ORIENTED_EDGE('',*,*,#1223,.T.);
#1223 = EDGE_CURVE('',#1216,#1224,#1226,.T.);
#1224 = VERTEX_POINT('',#1225);
#1225 = CARTESIAN_POINT('',(-0.786350048368,-0.196179525223,10.));
#1226 = B_SPLINE_CURVE_WITH_KNOTS('',2,(#1227,#1228,#1229),
  .UNSPECIFIED.,.F.,.F.,(3,3),(0.,1.),.PIECEWISE_BEZIER_KNOTS.);
#1227 = CARTESIAN_POINT('',(-9.959188813056E-02,0.3875,10.));
#1228 = CARTESIAN_POINT('',(-0.335088920772,7.640949554896E-03,10.));
#1229 = CARTESIAN_POINT('',(-0.786350048368,-0.196179525223,10.));
#1230 = ORIENTED_EDGE('',*,*,#1231,.T.);
#1231 = EDGE_CURVE('',#1224,#1094,#1232,.T.);
#1232 = B_SPLINE_CURVE_WITH_KNOTS('',2,(#1233,#1234,#1235),
  .UNSPECIFIED.,.F.,.F.,(3,3),(0.,1.),.PIECEWISE_BEZIER_KNOTS.);
#1233 = CARTESIAN_POINT('',(-0.786350048368,-0.196179525223,10.));
#1234 = CARTESIAN_POINT('',(-1.237611175964,-0.4,10.));
#1235 = CARTESIAN_POINT('',(-1.892692778338,-0.4,10.));
#1236 = PLANE('',#1237);
#1237 = AXIS2_PLACEMENT_3D('',#1238,#1239,#1240);
#1238 = CARTESIAN_POINT('',(-7.1E-16,2.2E-16,10.));
#1239 = DIRECTION('',(0.,0.,1.));
#1240 = DIRECTION('',(1.,0.,0.));
#1241 = ADVANCED_FACE('',(#1242),#1270,.T.);
#1242 = FACE_BOUND('',#1243,.T.);
#1243 = EDGE_LOOP('',(#1244,#1251,#1261,#1267,#1268,#1269));
#1244 = ORIENTED_EDGE('',*,*,#1245,.T.);
#1245 = EDGE_CURVE('',#202,#1246,#1248,.T.);
#1246 = VERTEX_POINT('',#1247);
#1247 = CARTESIAN_POINT('',(7.102758617143,-5.68854505477,9.510673251699
    ));
#1248 = B_SPLINE_CURVE_WITH_KNOTS('',1,(#1249,#1250),.UNSPECIFIED.,.F.,
  .F.,(2,2),(0.,1.),.PIECEWISE_BEZIER_KNOTS.);
#1249 = CARTESIAN_POINT('',(9.1,-7.685786437627,0.));
#1250 = CARTESIAN_POINT('',(7.,-5.585786437627,10.));
#1251 = ORIENTED_EDGE('',*,*,#1252,.F.);
#1252 = EDGE_CURVE('',#1253,#1246,#1255,.T.);
#1253 = VERTEX_POINT('',#1254);
#1254 = CARTESIAN_POINT('',(7.090418714604,-5.696677530706,
    9.520690934088));
#1255 = B_SPLINE_CURVE_WITH_KNOTS('',4,(#1256,#1257,#1258,#1259,#1260),
  .UNSPECIFIED.,.F.,.F.,(5,5),(0.,1.),.PIECEWISE_BEZIER_KNOTS.);
#1256 = CARTESIAN_POINT('',(7.090487040287,-5.696632501422,
    9.520635466471));
#1257 = CARTESIAN_POINT('',(7.093554934501,-5.694610639759,
    9.518144912778));
#1258 = CARTESIAN_POINT('',(7.096622828715,-5.692588778096,
    9.515654359085));
#1259 = CARTESIAN_POINT('',(7.099690722929,-5.690566916433,
    9.513163805392));
#1260 = CARTESIAN_POINT('',(7.102758617143,-5.68854505477,9.510673251699
    ));
#1261 = ORIENTED_EDGE('',*,*,#1262,.F.);
#1262 = EDGE_CURVE('',#375,#1253,#1263,.T.);
#1263 = LINE('',#1264,#1265);
#1264 = CARTESIAN_POINT('',(5.686441341468,-7.100654903841,
    9.520690934088));
#1265 = VECTOR('',#1266,1.);
#1266 = DIRECTION('',(0.707106781187,0.707106781187,0.));
#1267 = ORIENTED_EDGE('',*,*,#404,.T.);
#1268 = ORIENTED_EDGE('',*,*,#347,.F.);
#1269 = ORIENTED_EDGE('',*,*,#201,.T.);
#1270 = PLANE('',#1271);
#1271 = AXIS2_PLACEMENT_3D('',#1272,#1273,#1274);
#1272 = CARTESIAN_POINT('',(5.585786437627,-7.,10.));
#1273 = DIRECTION('',(0.677845381581,-0.677845381581,0.284695060264));
#1274 = DIRECTION('',(0.707106781187,0.707106781187,5.551115123126E-17)
  );
#1275 = ADVANCED_FACE('',(#1276),#1295,.T.);
#1276 = FACE_BOUND('',#1277,.T.);
#1277 = EDGE_LOOP('',(#1278,#1285,#1293,#1294));
#1278 = ORIENTED_EDGE('',*,*,#1279,.T.);
#1279 = EDGE_CURVE('',#210,#1280,#1282,.T.);
#1280 = VERTEX_POINT('',#1281);
#1281 = CARTESIAN_POINT('',(7.102758617143,5.68854505477,9.510673251699)
  );
#1282 = B_SPLINE_CURVE_WITH_KNOTS('',1,(#1283,#1284),.UNSPECIFIED.,.F.,
  .F.,(2,2),(0.,1.),.PIECEWISE_BEZIER_KNOTS.);
#1283 = CARTESIAN_POINT('',(9.1,7.685786437627,0.));
#1284 = CARTESIAN_POINT('',(7.,5.585786437627,10.));
#1285 = ORIENTED_EDGE('',*,*,#1286,.F.);
#1286 = EDGE_CURVE('',#1246,#1280,#1287,.T.);
#1287 = B_SPLINE_CURVE_WITH_KNOTS('',2,(#1288,#1289,#1290,#1291,#1292),
  .UNSPECIFIED.,.F.,.F.,(3,1,1,3),(-1.183700259966,-0.5,11.671572875254,
    12.355273135219),.UNSPECIFIED.);
#1288 = CARTESIAN_POINT('',(7.102758617143,-6.769486697592,
    9.510673251699));
#1289 = CARTESIAN_POINT('',(7.102758617143,-6.42763656761,9.510673251699
    ));
#1290 = CARTESIAN_POINT('',(7.102758617143,0.,9.510673251699));
#1291 = CARTESIAN_POINT('',(7.102758617143,6.42763656761,9.510673251699)
  );
#1292 = CARTESIAN_POINT('',(7.102758617143,6.769486697592,9.510673251699
    ));
#1293 = ORIENTED_EDGE('',*,*,#1245,.F.);
#1294 = ORIENTED_EDGE('',*,*,#209,.T.);
#1295 = B_SPLINE_SURFACE_WITH_KNOTS('',1,1,(
    (#1296,#1297)
    ,(#1298,#1299
    )),.UNSPECIFIED.,.F.,.F.,.F.,(2,2),(2,2),(0.,15.371572875254),(0.,1.
    ),.PIECEWISE_BEZIER_KNOTS.);
#1296 = CARTESIAN_POINT('',(9.1,-7.685786437627,0.));
#1297 = CARTESIAN_POINT('',(7.,-5.585786437627,10.));
#1298 = CARTESIAN_POINT('',(9.1,7.685786437627,0.));
#1299 = CARTESIAN_POINT('',(7.,5.585786437627,10.));
#1300 = ADVANCED_FACE('',(#1301),#1338,.T.);
#1301 = FACE_BOUND('',#1302,.T.);
#1302 = EDGE_LOOP('',(#1303,#1310,#1320,#1328,#1336,#1337));
#1303 = ORIENTED_EDGE('',*,*,#1304,.T.);
#1304 = EDGE_CURVE('',#218,#1305,#1307,.T.);
#1305 = VERTEX_POINT('',#1306);
#1306 = CARTESIAN_POINT('',(5.68854505477,7.102758617143,9.510673251699)
  );
#1307 = B_SPLINE_CURVE_WITH_KNOTS('',1,(#1308,#1309),.UNSPECIFIED.,.F.,
  .F.,(2,2),(0.,1.),.PIECEWISE_BEZIER_KNOTS.);
#1308 = CARTESIAN_POINT('',(7.685786437627,9.1,0.));
#1309 = CARTESIAN_POINT('',(5.585786437627,7.,10.));
#1310 = ORIENTED_EDGE('',*,*,#1311,.F.);
#1311 = EDGE_CURVE('',#1312,#1305,#1314,.T.);
#1312 = VERTEX_POINT('',#1313);
#1313 = CARTESIAN_POINT('',(5.696677530706,7.090418714604,9.520690934088
    ));
#1314 = B_SPLINE_CURVE_WITH_KNOTS('',4,(#1315,#1316,#1317,#1318,#1319),
  .UNSPECIFIED.,.F.,.F.,(5,5),(0.,1.),.PIECEWISE_BEZIER_KNOTS.);
#1315 = CARTESIAN_POINT('',(5.696632501422,7.090487040287,9.520635466471
    ));
#1316 = CARTESIAN_POINT('',(5.694610639759,7.093554934501,9.518144912778
    ));
#1317 = CARTESIAN_POINT('',(5.692588778096,7.096622828715,9.515654359085
    ));
#1318 = CARTESIAN_POINT('',(5.690566916433,7.099690722929,9.513163805392
    ));
#1319 = CARTESIAN_POINT('',(5.68854505477,7.102758617143,9.510673251699)
  );
#1320 = ORIENTED_EDGE('',*,*,#1321,.F.);
#1321 = EDGE_CURVE('',#1322,#1312,#1324,.T.);
#1322 = VERTEX_POINT('',#1323);
#1323 = CARTESIAN_POINT('',(7.090418714604,5.696677530706,9.520690934088
    ));
#1324 = LINE('',#1325,#1326);
#1325 = CARTESIAN_POINT('',(7.100654903841,5.686441341468,9.520690934088
    ));
#1326 = VECTOR('',#1327,1.);
#1327 = DIRECTION('',(-0.707106781187,0.707106781187,0.));
#1328 = ORIENTED_EDGE('',*,*,#1329,.T.);
#1329 = EDGE_CURVE('',#1322,#1280,#1330,.T.);
#1330 = B_SPLINE_CURVE_WITH_KNOTS('',4,(#1331,#1332,#1333,#1334,#1335),
  .UNSPECIFIED.,.F.,.F.,(5,5),(0.,1.),.PIECEWISE_BEZIER_KNOTS.);
#1331 = CARTESIAN_POINT('',(7.090418714604,5.696677530706,9.520690934088
    ));
#1332 = CARTESIAN_POINT('',(7.093503690239,5.694644411722,9.518186513491
    ));
#1333 = CARTESIAN_POINT('',(7.096588665874,5.692611292738,9.515682092894
    ));
#1334 = CARTESIAN_POINT('',(7.099673641508,5.690578173754,9.513177672296
    ));
#1335 = CARTESIAN_POINT('',(7.102758617143,5.68854505477,9.510673251699)
  );
#1336 = ORIENTED_EDGE('',*,*,#1279,.F.);
#1337 = ORIENTED_EDGE('',*,*,#217,.T.);
#1338 = PLANE('',#1339);
#1339 = AXIS2_PLACEMENT_3D('',#1340,#1341,#1342);
#1340 = CARTESIAN_POINT('',(7.,5.585786437627,10.));
#1341 = DIRECTION('',(0.677845381581,0.677845381581,0.284695060264));
#1342 = DIRECTION('',(-0.707106781187,0.707106781187,-5.551115123126E-17
    ));
#1343 = ADVANCED_FACE('',(#1344),#1357,.T.);
#1344 = FACE_BOUND('',#1345,.T.);
#1345 = EDGE_LOOP('',(#1346,#1347,#1355,#1356));
#1346 = ORIENTED_EDGE('',*,*,#333,.T.);
#1347 = ORIENTED_EDGE('',*,*,#1348,.F.);
#1348 = EDGE_CURVE('',#1305,#324,#1349,.T.);
#1349 = B_SPLINE_CURVE_WITH_KNOTS('',2,(#1350,#1351,#1352,#1353,#1354),
  .UNSPECIFIED.,.F.,.F.,(3,1,1,3),(-1.183700259966,-0.5,11.671572875254,
    12.355273135219),.UNSPECIFIED.);
#1350 = CARTESIAN_POINT('',(6.769486697592,7.102758617143,9.510673251699
    ));
#1351 = CARTESIAN_POINT('',(6.42763656761,7.102758617143,9.510673251699)
  );
#1352 = CARTESIAN_POINT('',(3.55E-15,7.102758617143,9.510673251699));
#1353 = CARTESIAN_POINT('',(-6.42763656761,7.102758617143,9.510673251699
    ));
#1354 = CARTESIAN_POINT('',(-6.769486697592,7.102758617143,
    9.510673251699));
#1355 = ORIENTED_EDGE('',*,*,#1304,.F.);
#1356 = ORIENTED_EDGE('',*,*,#225,.T.);
#1357 = B_SPLINE_SURFACE_WITH_KNOTS('',1,1,(
    (#1358,#1359)
    ,(#1360,#1361
    )),.UNSPECIFIED.,.F.,.F.,.F.,(2,2),(2,2),(0.,15.371572875254),(0.,1.
    ),.PIECEWISE_BEZIER_KNOTS.);
#1358 = CARTESIAN_POINT('',(7.685786437627,9.1,0.));
#1359 = CARTESIAN_POINT('',(5.585786437627,7.,10.));
#1360 = CARTESIAN_POINT('',(-7.685786437627,9.1,0.));
#1361 = CARTESIAN_POINT('',(-5.585786437627,7.,10.));
#1362 = ADVANCED_FACE('',(#1363),#1388,.F.);
#1363 = FACE_BOUND('',#1364,.F.);
#1364 = EDGE_LOOP('',(#1365,#1375,#1381,#1382));
#1365 = ORIENTED_EDGE('',*,*,#1366,.T.);
#1366 = EDGE_CURVE('',#1367,#1369,#1371,.T.);
#1367 = VERTEX_POINT('',#1368);
#1368 = CARTESIAN_POINT('',(-6.025825461037,-5.293645750422,8.8));
#1369 = VERTEX_POINT('',#1370);
#1370 = CARTESIAN_POINT('',(-6.025825461037,5.293645750422,8.8));
#1371 = LINE('',#1372,#1373);
#1372 = CARTESIAN_POINT('',(-6.025825461037,-4.E-17,8.8));
#1373 = VECTOR('',#1374,1.);
#1374 = DIRECTION('',(-1.E-17,1.,0.));
#1375 = ORIENTED_EDGE('',*,*,#1376,.T.);
#1376 = EDGE_CURVE('',#1369,#244,#1377,.T.);
#1377 = LINE('',#1378,#1379);
#1378 = CARTESIAN_POINT('',(-6.236108874495,5.503929163879,
    7.798650412108));
#1379 = VECTOR('',#1380,1.);
#1380 = DIRECTION('',(-0.201309807683,0.201309807683,-0.958618131824));
#1381 = ORIENTED_EDGE('',*,*,#241,.F.);
#1382 = ORIENTED_EDGE('',*,*,#1383,.T.);
#1383 = EDGE_CURVE('',#242,#1367,#1384,.T.);
#1384 = LINE('',#1385,#1386);
#1385 = CARTESIAN_POINT('',(-6.236108874495,-5.503929163879,
    7.798650412108));
#1386 = VECTOR('',#1387,1.);
#1387 = DIRECTION('',(0.201309807683,0.201309807683,0.958618131824));
#1388 = PLANE('',#1389);
#1389 = AXIS2_PLACEMENT_3D('',#1390,#1391,#1392);
#1390 = CARTESIAN_POINT('',(-6.875615804078,-2.4E-16,4.753379318856));
#1391 = DIRECTION('',(-0.978653496602,-1.E-17,0.205517234286));
#1392 = DIRECTION('',(4.81018304358E-17,-1.,1.803986156085E-16));
#1393 = ADVANCED_FACE('',(#1394),#1412,.F.);
#1394 = FACE_BOUND('',#1395,.F.);
#1395 = EDGE_LOOP('',(#1396,#1397,#1398,#1406));
#1396 = ORIENTED_EDGE('',*,*,#251,.F.);
#1397 = ORIENTED_EDGE('',*,*,#1376,.F.);
#1398 = ORIENTED_EDGE('',*,*,#1399,.T.);
#1399 = EDGE_CURVE('',#1369,#1400,#1402,.T.);
#1400 = VERTEX_POINT('',#1401);
#1401 = CARTESIAN_POINT('',(-5.293645750422,6.025825461037,8.8));
#1402 = LINE('',#1403,#1404);
#1403 = CARTESIAN_POINT('',(-5.306182215136,6.013288996323,8.8));
#1404 = VECTOR('',#1405,1.);
#1405 = DIRECTION('',(0.707106781187,0.707106781187,0.));
#1406 = ORIENTED_EDGE('',*,*,#1407,.F.);
#1407 = EDGE_CURVE('',#252,#1400,#1408,.T.);
#1408 = LINE('',#1409,#1410);
#1409 = CARTESIAN_POINT('',(-5.503929163879,6.236108874495,
    7.798650412108));
#1410 = VECTOR('',#1411,1.);
#1411 = DIRECTION('',(0.201309807683,-0.201309807683,0.958618131824));
#1412 = PLANE('',#1413);
#1413 = AXIS2_PLACEMENT_3D('',#1414,#1415,#1416);
#1414 = CARTESIAN_POINT('',(-4.77237197973,6.186585542103,9.658365927683
    ));
#1415 = DIRECTION('',(-0.677845381581,0.677845381581,0.284695060264));
#1416 = DIRECTION('',(-0.707106781187,-0.707106781187,
    -5.551115123126E-17));
#1417 = ADVANCED_FACE('',(#1418),#1436,.F.);
#1418 = FACE_BOUND('',#1419,.F.);
#1419 = EDGE_LOOP('',(#1420,#1428,#1434,#1435));
#1420 = ORIENTED_EDGE('',*,*,#1421,.T.);
#1421 = EDGE_CURVE('',#1400,#1422,#1424,.T.);
#1422 = VERTEX_POINT('',#1423);
#1423 = CARTESIAN_POINT('',(5.293645750422,6.025825461037,8.8));
#1424 = LINE('',#1425,#1426);
#1425 = CARTESIAN_POINT('',(-7.1E-16,6.025825461037,8.8));
#1426 = VECTOR('',#1427,1.);
#1427 = DIRECTION('',(1.,-2.E-17,0.));
#1428 = ORIENTED_EDGE('',*,*,#1429,.F.);
#1429 = EDGE_CURVE('',#260,#1422,#1430,.T.);
#1430 = LINE('',#1431,#1432);
#1431 = CARTESIAN_POINT('',(5.503929163879,6.236108874495,7.798650412108
    ));
#1432 = VECTOR('',#1433,1.);
#1433 = DIRECTION('',(-0.201309807683,-0.201309807683,0.958618131824));
#1434 = ORIENTED_EDGE('',*,*,#259,.F.);
#1435 = ORIENTED_EDGE('',*,*,#1407,.T.);
#1436 = PLANE('',#1437);
#1437 = AXIS2_PLACEMENT_3D('',#1438,#1439,#1440);
#1438 = CARTESIAN_POINT('',(-8.2E-16,6.875615804078,4.753379318856));
#1439 = DIRECTION('',(2.E-17,0.978653496602,0.205517234286));
#1440 = DIRECTION('',(-1.,-6.996224196875E-18,1.306307929187E-16));
#1441 = ADVANCED_FACE('',(#1442),#1460,.F.);
#1442 = FACE_BOUND('',#1443,.F.);
#1443 = EDGE_LOOP('',(#1444,#1452,#1458,#1459));
#1444 = ORIENTED_EDGE('',*,*,#1445,.T.);
#1445 = EDGE_CURVE('',#1422,#1446,#1448,.T.);
#1446 = VERTEX_POINT('',#1447);
#1447 = CARTESIAN_POINT('',(6.025825461037,5.293645750422,8.8));
#1448 = LINE('',#1449,#1450);
#1449 = CARTESIAN_POINT('',(6.013288996323,5.306182215136,8.8));
#1450 = VECTOR('',#1451,1.);
#1451 = DIRECTION('',(0.707106781187,-0.707106781187,0.));
#1452 = ORIENTED_EDGE('',*,*,#1453,.F.);
#1453 = EDGE_CURVE('',#268,#1446,#1454,.T.);
#1454 = LINE('',#1455,#1456);
#1455 = CARTESIAN_POINT('',(6.236108874495,5.503929163879,7.798650412108
    ));
#1456 = VECTOR('',#1457,1.);
#1457 = DIRECTION('',(-0.201309807683,-0.201309807683,0.958618131824));
#1458 = ORIENTED_EDGE('',*,*,#267,.F.);
#1459 = ORIENTED_EDGE('',*,*,#1429,.T.);
#1460 = PLANE('',#1461);
#1461 = AXIS2_PLACEMENT_3D('',#1462,#1463,#1464);
#1462 = CARTESIAN_POINT('',(6.186585542103,4.77237197973,9.658365927683)
  );
#1463 = DIRECTION('',(0.677845381581,0.677845381581,0.284695060264));
#1464 = DIRECTION('',(-0.707106781187,0.707106781187,-5.551115123126E-17
    ));
#1465 = ADVANCED_FACE('',(#1466),#1484,.F.);
#1466 = FACE_BOUND('',#1467,.F.);
#1467 = EDGE_LOOP('',(#1468,#1476,#1482,#1483));
#1468 = ORIENTED_EDGE('',*,*,#1469,.T.);
#1469 = EDGE_CURVE('',#1446,#1470,#1472,.T.);
#1470 = VERTEX_POINT('',#1471);
#1471 = CARTESIAN_POINT('',(6.025825461037,-5.293645750422,8.8));
#1472 = LINE('',#1473,#1474);
#1473 = CARTESIAN_POINT('',(6.025825461037,4.8E-16,8.8));
#1474 = VECTOR('',#1475,1.);
#1475 = DIRECTION('',(1.E-17,-1.,0.));
#1476 = ORIENTED_EDGE('',*,*,#1477,.F.);
#1477 = EDGE_CURVE('',#276,#1470,#1478,.T.);
#1478 = LINE('',#1479,#1480);
#1479 = CARTESIAN_POINT('',(6.236108874495,-5.503929163879,
    7.798650412108));
#1480 = VECTOR('',#1481,1.);
#1481 = DIRECTION('',(-0.201309807683,0.201309807683,0.958618131824));
#1482 = ORIENTED_EDGE('',*,*,#275,.F.);
#1483 = ORIENTED_EDGE('',*,*,#1453,.T.);
#1484 = PLANE('',#1485);
#1485 = AXIS2_PLACEMENT_3D('',#1486,#1487,#1488);
#1486 = CARTESIAN_POINT('',(6.875615804078,7.2E-16,4.753379318856));
#1487 = DIRECTION('',(0.978653496602,1.E-17,0.205517234286));
#1488 = DIRECTION('',(-1.666518643619E-17,1.,3.07003108484E-17));
#1489 = ADVANCED_FACE('',(#1490),#1508,.F.);
#1490 = FACE_BOUND('',#1491,.F.);
#1491 = EDGE_LOOP('',(#1492,#1500,#1506,#1507));
#1492 = ORIENTED_EDGE('',*,*,#1493,.T.);
#1493 = EDGE_CURVE('',#1470,#1494,#1496,.T.);
#1494 = VERTEX_POINT('',#1495);
#1495 = CARTESIAN_POINT('',(5.293645750422,-6.025825461037,8.8));
#1496 = LINE('',#1497,#1498);
#1497 = CARTESIAN_POINT('',(5.306182215136,-6.013288996323,8.8));
#1498 = VECTOR('',#1499,1.);
#1499 = DIRECTION('',(-0.707106781187,-0.707106781187,0.));
#1500 = ORIENTED_EDGE('',*,*,#1501,.F.);
#1501 = EDGE_CURVE('',#284,#1494,#1502,.T.);
#1502 = LINE('',#1503,#1504);
#1503 = CARTESIAN_POINT('',(5.503929163879,-6.236108874495,
    7.798650412108));
#1504 = VECTOR('',#1505,1.);
#1505 = DIRECTION('',(-0.201309807683,0.201309807683,0.958618131824));
#1506 = ORIENTED_EDGE('',*,*,#283,.F.);
#1507 = ORIENTED_EDGE('',*,*,#1477,.T.);
#1508 = PLANE('',#1509);
#1509 = AXIS2_PLACEMENT_3D('',#1510,#1511,#1512);
#1510 = CARTESIAN_POINT('',(4.77237197973,-6.186585542103,9.658365927683
    ));
#1511 = DIRECTION('',(0.677845381581,-0.677845381581,0.284695060264));
#1512 = DIRECTION('',(0.707106781187,0.707106781187,5.551115123126E-17)
  );
#1513 = ADVANCED_FACE('',(#1514),#1532,.F.);
#1514 = FACE_BOUND('',#1515,.F.);
#1515 = EDGE_LOOP('',(#1516,#1524,#1530,#1531));
#1516 = ORIENTED_EDGE('',*,*,#1517,.T.);
#1517 = EDGE_CURVE('',#1494,#1518,#1520,.T.);
#1518 = VERTEX_POINT('',#1519);
#1519 = CARTESIAN_POINT('',(-5.293645750422,-6.025825461037,8.8));
#1520 = LINE('',#1521,#1522);
#1521 = CARTESIAN_POINT('',(-3.1E-16,-6.025825461037,8.8));
#1522 = VECTOR('',#1523,1.);
#1523 = DIRECTION('',(-1.,0.,0.));
#1524 = ORIENTED_EDGE('',*,*,#1525,.F.);
#1525 = EDGE_CURVE('',#292,#1518,#1526,.T.);
#1526 = LINE('',#1527,#1528);
#1527 = CARTESIAN_POINT('',(-5.503929163879,-6.236108874495,
    7.798650412108));
#1528 = VECTOR('',#1529,1.);
#1529 = DIRECTION('',(0.201309807683,0.201309807683,0.958618131824));
#1530 = ORIENTED_EDGE('',*,*,#291,.F.);
#1531 = ORIENTED_EDGE('',*,*,#1501,.T.);
#1532 = PLANE('',#1533);
#1533 = AXIS2_PLACEMENT_3D('',#1534,#1535,#1536);
#1534 = CARTESIAN_POINT('',(8.E-17,-6.875615804078,4.753379318856));
#1535 = DIRECTION('',(0.,-0.978653496602,0.205517234286));
#1536 = DIRECTION('',(1.,-4.022603198927E-18,-1.915525332823E-17));
#1537 = ADVANCED_FACE('',(#1538),#1549,.F.);
#1538 = FACE_BOUND('',#1539,.F.);
#1539 = EDGE_LOOP('',(#1540,#1546,#1547,#1548));
#1540 = ORIENTED_EDGE('',*,*,#1541,.T.);
#1541 = EDGE_CURVE('',#1518,#1367,#1542,.T.);
#1542 = LINE('',#1543,#1544);
#1543 = CARTESIAN_POINT('',(-6.013288996323,-5.306182215136,8.8));
#1544 = VECTOR('',#1545,1.);
#1545 = DIRECTION('',(-0.707106781187,0.707106781187,0.));
#1546 = ORIENTED_EDGE('',*,*,#1383,.F.);
#1547 = ORIENTED_EDGE('',*,*,#299,.F.);
#1548 = ORIENTED_EDGE('',*,*,#1525,.T.);
#1549 = PLANE('',#1550);
#1550 = AXIS2_PLACEMENT_3D('',#1551,#1552,#1553);
#1551 = CARTESIAN_POINT('',(-6.186585542103,-4.77237197973,
    9.658365927683));
#1552 = DIRECTION('',(-0.677845381581,-0.677845381581,0.284695060264));
#1553 = DIRECTION('',(0.707106781187,-0.707106781187,-5.551115123126E-17
    ));
#1554 = ADVANCED_FACE('',(#1555),#1570,.T.);
#1555 = FACE_BOUND('',#1556,.T.);
#1556 = EDGE_LOOP('',(#1557,#1565,#1566,#1567,#1568,#1569));
#1557 = ORIENTED_EDGE('',*,*,#1558,.T.);
#1558 = EDGE_CURVE('',#488,#1312,#1559,.T.);
#1559 = B_SPLINE_CURVE_WITH_KNOTS('',4,(#1560,#1561,#1562,#1563,#1564),
  .UNSPECIFIED.,.F.,.F.,(5,5),(0.,1.),.PIECEWISE_BEZIER_KNOTS.);
#1560 = CARTESIAN_POINT('',(5.37867965644,6.5,10.));
#1561 = CARTESIAN_POINT('',(5.458179125007,6.647604678651,9.880172733522
    ));
#1562 = CARTESIAN_POINT('',(5.537678593573,6.795209357302,9.760345467044
    ));
#1563 = CARTESIAN_POINT('',(5.617178062139,6.942814035953,9.640518200566
    ));
#1564 = CARTESIAN_POINT('',(5.696677530706,7.090418714604,9.520690934088
    ));
#1565 = ORIENTED_EDGE('',*,*,#1311,.T.);
#1566 = ORIENTED_EDGE('',*,*,#1348,.T.);
#1567 = ORIENTED_EDGE('',*,*,#323,.F.);
#1568 = ORIENTED_EDGE('',*,*,#443,.F.);
#1569 = ORIENTED_EDGE('',*,*,#495,.F.);
#1570 = B_SPLINE_SURFACE_WITH_KNOTS('',1,2,(
    (#1571,#1572,#1573,#1574,#1575)
    ,(#1576,#1577,#1578,#1579,#1580
    )),.UNSPECIFIED.,.F.,.F.,.F.,(2,2),(3,1,1,3),(0.,12.171572875254),(
    -1.183700259966,-0.5,11.671572875254,12.355273135219),
  .UNSPECIFIED.);
#1571 = CARTESIAN_POINT('',(6.769486697592,6.5,10.));
#1572 = CARTESIAN_POINT('',(6.42763656761,6.5,10.));
#1573 = CARTESIAN_POINT('',(3.55E-15,6.5,10.));
#1574 = CARTESIAN_POINT('',(-6.42763656761,6.5,10.));
#1575 = CARTESIAN_POINT('',(-6.769486697592,6.5,10.));
#1576 = CARTESIAN_POINT('',(6.769486697592,7.102758617143,9.510673251699
    ));
#1577 = CARTESIAN_POINT('',(6.42763656761,7.102758617143,9.510673251699)
  );
#1578 = CARTESIAN_POINT('',(3.55E-15,7.102758617143,9.510673251699));
#1579 = CARTESIAN_POINT('',(-6.42763656761,7.102758617143,9.510673251699
    ));
#1580 = CARTESIAN_POINT('',(-6.769486697592,7.102758617143,
    9.510673251699));
#1581 = ADVANCED_FACE('',(#1582),#1595,.T.);
#1582 = FACE_BOUND('',#1583,.F.);
#1583 = EDGE_LOOP('',(#1584,#1585,#1586,#1594));
#1584 = ORIENTED_EDGE('',*,*,#372,.F.);
#1585 = ORIENTED_EDGE('',*,*,#469,.T.);
#1586 = ORIENTED_EDGE('',*,*,#1587,.T.);
#1587 = EDGE_CURVE('',#470,#1253,#1588,.T.);
#1588 = B_SPLINE_CURVE_WITH_KNOTS('',4,(#1589,#1590,#1591,#1592,#1593),
  .UNSPECIFIED.,.F.,.F.,(5,5),(0.,1.),.PIECEWISE_BEZIER_KNOTS.);
#1589 = CARTESIAN_POINT('',(6.5,-5.37867965644,10.));
#1590 = CARTESIAN_POINT('',(6.647604678651,-5.458179125007,
    9.880172733522));
#1591 = CARTESIAN_POINT('',(6.795209357302,-5.537678593573,
    9.760345467044));
#1592 = CARTESIAN_POINT('',(6.942814035953,-5.617178062139,
    9.640518200566));
#1593 = CARTESIAN_POINT('',(7.090418714604,-5.696677530706,
    9.520690934088));
#1594 = ORIENTED_EDGE('',*,*,#1262,.F.);
#1595 = PLANE('',#1596);
#1596 = AXIS2_PLACEMENT_3D('',#1597,#1598,#1599);
#1597 = CARTESIAN_POINT('',(5.459337194251,-6.873550756624,
    9.760345467044));
#1598 = DIRECTION('',(0.422878510844,-0.422878510844,0.80146586336));
#1599 = DIRECTION('',(-0.707106781187,-0.707106781187,2.775557561563E-17
    ));
#1600 = ADVANCED_FACE('',(#1601),#1616,.T.);
#1601 = FACE_BOUND('',#1602,.T.);
#1602 = EDGE_LOOP('',(#1603,#1604,#1605,#1606,#1607,#1615));
#1603 = ORIENTED_EDGE('',*,*,#1587,.T.);
#1604 = ORIENTED_EDGE('',*,*,#1252,.T.);
#1605 = ORIENTED_EDGE('',*,*,#1286,.T.);
#1606 = ORIENTED_EDGE('',*,*,#1329,.F.);
#1607 = ORIENTED_EDGE('',*,*,#1608,.F.);
#1608 = EDGE_CURVE('',#478,#1322,#1609,.T.);
#1609 = B_SPLINE_CURVE_WITH_KNOTS('',4,(#1610,#1611,#1612,#1613,#1614),
  .UNSPECIFIED.,.F.,.F.,(5,5),(0.,1.),.PIECEWISE_BEZIER_KNOTS.);
#1610 = CARTESIAN_POINT('',(6.5,5.37867965644,10.));
#1611 = CARTESIAN_POINT('',(6.647604678651,5.458179125007,9.880172733522
    ));
#1612 = CARTESIAN_POINT('',(6.795209357302,5.537678593573,9.760345467044
    ));
#1613 = CARTESIAN_POINT('',(6.942814035953,5.617178062139,9.640518200566
    ));
#1614 = CARTESIAN_POINT('',(7.090418714604,5.696677530706,9.520690934088
    ));
#1615 = ORIENTED_EDGE('',*,*,#477,.F.);
#1616 = B_SPLINE_SURFACE_WITH_KNOTS('',1,2,(
    (#1617,#1618,#1619,#1620,#1621)
    ,(#1622,#1623,#1624,#1625,#1626
    )),.UNSPECIFIED.,.F.,.F.,.F.,(2,2),(3,1,1,3),(0.,12.171572875254),(
    -1.183700259966,-0.5,11.671572875254,12.355273135219),
  .UNSPECIFIED.);
#1617 = CARTESIAN_POINT('',(6.5,-6.769486697592,10.));
#1618 = CARTESIAN_POINT('',(6.5,-6.42763656761,10.));
#1619 = CARTESIAN_POINT('',(6.5,0.,10.));
#1620 = CARTESIAN_POINT('',(6.5,6.42763656761,10.));
#1621 = CARTESIAN_POINT('',(6.5,6.769486697592,10.));
#1622 = CARTESIAN_POINT('',(7.102758617143,-6.769486697592,
    9.510673251699));
#1623 = CARTESIAN_POINT('',(7.102758617143,-6.42763656761,9.510673251699
    ));
#1624 = CARTESIAN_POINT('',(7.102758617143,0.,9.510673251699));
#1625 = CARTESIAN_POINT('',(7.102758617143,6.42763656761,9.510673251699)
  );
#1626 = CARTESIAN_POINT('',(7.102758617143,6.769486697592,9.510673251699
    ));
#1627 = ADVANCED_FACE('',(#1628),#1634,.T.);
#1628 = FACE_BOUND('',#1629,.F.);
#1629 = EDGE_LOOP('',(#1630,#1631,#1632,#1633));
#1630 = ORIENTED_EDGE('',*,*,#1608,.F.);
#1631 = ORIENTED_EDGE('',*,*,#487,.T.);
#1632 = ORIENTED_EDGE('',*,*,#1558,.T.);
#1633 = ORIENTED_EDGE('',*,*,#1321,.F.);
#1634 = PLANE('',#1635);
#1635 = AXIS2_PLACEMENT_3D('',#1636,#1637,#1638);
#1636 = CARTESIAN_POINT('',(6.873550756624,5.459337194251,9.760345467044
    ));
#1637 = DIRECTION('',(0.422878510844,0.422878510844,0.80146586336));
#1638 = DIRECTION('',(0.707106781187,-0.707106781187,-8.326672684689E-17
    ));
#1639 = ADVANCED_FACE('',(#1640),#1665,.T.);
#1640 = FACE_BOUND('',#1641,.T.);
#1641 = EDGE_LOOP('',(#1642,#1650,#1658,#1664));
#1642 = ORIENTED_EDGE('',*,*,#1643,.T.);
#1643 = EDGE_CURVE('',#510,#1644,#1646,.T.);
#1644 = VERTEX_POINT('',#1645);
#1645 = CARTESIAN_POINT('',(-4.047069832938,-5.2,9.6));
#1646 = LINE('',#1647,#1648);
#1647 = CARTESIAN_POINT('',(-4.047069832938,-5.2,10.));
#1648 = VECTOR('',#1649,1.);
#1649 = DIRECTION('',(-0.,-0.,-1.));
#1650 = ORIENTED_EDGE('',*,*,#1651,.T.);
#1651 = EDGE_CURVE('',#1644,#1652,#1654,.T.);
#1652 = VERTEX_POINT('',#1653);
#1653 = CARTESIAN_POINT('',(-5.352336895252,-5.2,9.6));
#1654 = LINE('',#1655,#1656);
#1655 = CARTESIAN_POINT('',(-4.047069832938,-5.2,9.6));
#1656 = VECTOR('',#1657,1.);
#1657 = DIRECTION('',(-1.,0.,0.));
#1658 = ORIENTED_EDGE('',*,*,#1659,.F.);
#1659 = EDGE_CURVE('',#512,#1652,#1660,.T.);
#1660 = LINE('',#1661,#1662);
#1661 = CARTESIAN_POINT('',(-5.352336895252,-5.2,10.));
#1662 = VECTOR('',#1663,1.);
#1663 = DIRECTION('',(-0.,-0.,-1.));
#1664 = ORIENTED_EDGE('',*,*,#509,.F.);
#1665 = PLANE('',#1666);
#1666 = AXIS2_PLACEMENT_3D('',#1667,#1668,#1669);
#1667 = CARTESIAN_POINT('',(-4.047069832938,-5.2,10.));
#1668 = DIRECTION('',(0.,1.,0.));
#1669 = DIRECTION('',(-1.,0.,0.));
#1670 = ADVANCED_FACE('',(#1671),#1689,.T.);
#1671 = FACE_BOUND('',#1672,.T.);
#1672 = EDGE_LOOP('',(#1673,#1681,#1687,#1688));
#1673 = ORIENTED_EDGE('',*,*,#1674,.T.);
#1674 = EDGE_CURVE('',#640,#1675,#1677,.T.);
#1675 = VERTEX_POINT('',#1676);
#1676 = CARTESIAN_POINT('',(-3.475528660831,-5.089002225519,9.6));
#1677 = LINE('',#1678,#1679);
#1678 = CARTESIAN_POINT('',(-3.475528660831,-5.089002225519,10.));
#1679 = VECTOR('',#1680,1.);
#1680 = DIRECTION('',(-0.,-0.,-1.));
#1681 = ORIENTED_EDGE('',*,*,#1682,.T.);
#1682 = EDGE_CURVE('',#1675,#1644,#1683,.T.);
#1683 = B_SPLINE_CURVE_WITH_KNOTS('',2,(#1684,#1685,#1686),
  .UNSPECIFIED.,.F.,.F.,(3,3),(0.,1.),.PIECEWISE_BEZIER_KNOTS.);
#1684 = CARTESIAN_POINT('',(-3.475528660831,-5.089002225519,9.6));
#1685 = CARTESIAN_POINT('',(-3.710181850742,-5.2,9.6));
#1686 = CARTESIAN_POINT('',(-4.047069832938,-5.2,9.6));
#1687 = ORIENTED_EDGE('',*,*,#1643,.F.);
#1688 = ORIENTED_EDGE('',*,*,#647,.F.);
#1689 = SURFACE_OF_LINEAR_EXTRUSION('',#1690,#1694);
#1690 = B_SPLINE_CURVE_WITH_KNOTS('',2,(#1691,#1692,#1693),
  .UNSPECIFIED.,.F.,.F.,(3,3),(0.,1.),.PIECEWISE_BEZIER_KNOTS.);
#1691 = CARTESIAN_POINT('',(-3.475528660831,-5.089002225519,10.));
#1692 = CARTESIAN_POINT('',(-3.710181850742,-5.2,10.));
#1693 = CARTESIAN_POINT('',(-4.047069832938,-5.2,10.));
#1694 = VECTOR('',#1695,1.);
#1695 = DIRECTION('',(0.,0.,1.));
#1696 = ADVANCED_FACE('',(#1697),#1715,.T.);
#1697 = FACE_BOUND('',#1698,.T.);
#1698 = EDGE_LOOP('',(#1699,#1707,#1713,#1714));
#1699 = ORIENTED_EDGE('',*,*,#1700,.T.);
#1700 = EDGE_CURVE('',#632,#1701,#1703,.T.);
#1701 = VERTEX_POINT('',#1702);
#1702 = CARTESIAN_POINT('',(-3.12153199911,-4.777151335312,9.6));
#1703 = LINE('',#1704,#1705);
#1704 = CARTESIAN_POINT('',(-3.12153199911,-4.777151335312,10.));
#1705 = VECTOR('',#1706,1.);
#1706 = DIRECTION('',(-0.,-0.,-1.));
#1707 = ORIENTED_EDGE('',*,*,#1708,.T.);
#1708 = EDGE_CURVE('',#1701,#1675,#1709,.T.);
#1709 = B_SPLINE_CURVE_WITH_KNOTS('',2,(#1710,#1711,#1712),
  .UNSPECIFIED.,.F.,.F.,(3,3),(0.,1.),.PIECEWISE_BEZIER_KNOTS.);
#1710 = CARTESIAN_POINT('',(-3.12153199911,-4.777151335312,9.6));
#1711 = CARTESIAN_POINT('',(-3.24087547092,-4.977865356083,9.6));
#1712 = CARTESIAN_POINT('',(-3.475528660831,-5.089002225519,9.6));
#1713 = ORIENTED_EDGE('',*,*,#1674,.F.);
#1714 = ORIENTED_EDGE('',*,*,#639,.F.);
#1715 = SURFACE_OF_LINEAR_EXTRUSION('',#1716,#1720);
#1716 = B_SPLINE_CURVE_WITH_KNOTS('',2,(#1717,#1718,#1719),
  .UNSPECIFIED.,.F.,.F.,(3,3),(0.,1.),.PIECEWISE_BEZIER_KNOTS.);
#1717 = CARTESIAN_POINT('',(-3.12153199911,-4.777151335312,10.));
#1718 = CARTESIAN_POINT('',(-3.24087547092,-4.977865356083,10.));
#1719 = CARTESIAN_POINT('',(-3.475528660831,-5.089002225519,10.));
#1720 = VECTOR('',#1721,1.);
#1721 = DIRECTION('',(0.,0.,1.));
#1722 = ADVANCED_FACE('',(#1723),#1741,.T.);
#1723 = FACE_BOUND('',#1724,.T.);
#1724 = EDGE_LOOP('',(#1725,#1733,#1739,#1740));
#1725 = ORIENTED_EDGE('',*,*,#1726,.T.);
#1726 = EDGE_CURVE('',#624,#1727,#1729,.T.);
#1727 = VERTEX_POINT('',#1728);
#1728 = CARTESIAN_POINT('',(-3.002049432344,-4.307427670623,9.6));
#1729 = LINE('',#1730,#1731);
#1730 = CARTESIAN_POINT('',(-3.002049432344,-4.307427670623,10.));
#1731 = VECTOR('',#1732,1.);
#1732 = DIRECTION('',(-0.,-0.,-1.));
#1733 = ORIENTED_EDGE('',*,*,#1734,.T.);
#1734 = EDGE_CURVE('',#1727,#1701,#1735,.T.);
#1735 = B_SPLINE_CURVE_WITH_KNOTS('',2,(#1736,#1737,#1738),
  .UNSPECIFIED.,.F.,.F.,(3,3),(0.,1.),.PIECEWISE_BEZIER_KNOTS.);
#1736 = CARTESIAN_POINT('',(-3.002049432344,-4.307427670623,9.6));
#1737 = CARTESIAN_POINT('',(-3.002049432344,-4.576298219585,9.6));
#1738 = CARTESIAN_POINT('',(-3.12153199911,-4.777151335312,9.6));
#1739 = ORIENTED_EDGE('',*,*,#1700,.F.);
#1740 = ORIENTED_EDGE('',*,*,#631,.F.);
#1741 = SURFACE_OF_LINEAR_EXTRUSION('',#1742,#1746);
#1742 = B_SPLINE_CURVE_WITH_KNOTS('',2,(#1743,#1744,#1745),
  .UNSPECIFIED.,.F.,.F.,(3,3),(0.,1.),.PIECEWISE_BEZIER_KNOTS.);
#1743 = CARTESIAN_POINT('',(-3.002049432344,-4.307427670623,10.));
#1744 = CARTESIAN_POINT('',(-3.002049432344,-4.576298219585,10.));
#1745 = CARTESIAN_POINT('',(-3.12153199911,-4.777151335312,10.));
#1746 = VECTOR('',#1747,1.);
#1747 = DIRECTION('',(0.,0.,1.));
#1748 = ADVANCED_FACE('',(#1749),#1767,.T.);
#1749 = FACE_BOUND('',#1750,.T.);
#1750 = EDGE_LOOP('',(#1751,#1759,#1765,#1766));
#1751 = ORIENTED_EDGE('',*,*,#1752,.T.);
#1752 = EDGE_CURVE('',#616,#1753,#1755,.T.);
#1753 = VERTEX_POINT('',#1754);
#1754 = CARTESIAN_POINT('',(-3.126956702374,-3.886665430267,9.6));
#1755 = LINE('',#1756,#1757);
#1756 = CARTESIAN_POINT('',(-3.126956702374,-3.886665430267,10.));
#1757 = VECTOR('',#1758,1.);
#1758 = DIRECTION('',(-0.,-0.,-1.));
#1759 = ORIENTED_EDGE('',*,*,#1760,.T.);
#1760 = EDGE_CURVE('',#1753,#1727,#1761,.T.);
#1761 = B_SPLINE_CURVE_WITH_KNOTS('',2,(#1762,#1763,#1764),
  .UNSPECIFIED.,.F.,.F.,(3,3),(0.,1.),.PIECEWISE_BEZIER_KNOTS.);
#1762 = CARTESIAN_POINT('',(-3.126956702374,-3.886665430267,9.6));
#1763 = CARTESIAN_POINT('',(-3.002049432344,-4.063733308605,9.6));
#1764 = CARTESIAN_POINT('',(-3.002049432344,-4.307427670623,9.6));
#1765 = ORIENTED_EDGE('',*,*,#1726,.F.);
#1766 = ORIENTED_EDGE('',*,*,#623,.F.);
#1767 = SURFACE_OF_LINEAR_EXTRUSION('',#1768,#1772);
#1768 = B_SPLINE_CURVE_WITH_KNOTS('',2,(#1769,#1770,#1771),
  .UNSPECIFIED.,.F.,.F.,(3,3),(0.,1.),.PIECEWISE_BEZIER_KNOTS.);
#1769 = CARTESIAN_POINT('',(-3.126956702374,-3.886665430267,10.));
#1770 = CARTESIAN_POINT('',(-3.002049432344,-4.063733308605,10.));
#1771 = CARTESIAN_POINT('',(-3.002049432344,-4.307427670623,10.));
#1772 = VECTOR('',#1773,1.);
#1773 = DIRECTION('',(0.,0.,1.));
#1774 = ADVANCED_FACE('',(#1775),#1793,.T.);
#1775 = FACE_BOUND('',#1776,.T.);
#1776 = EDGE_LOOP('',(#1777,#1785,#1791,#1792));
#1777 = ORIENTED_EDGE('',*,*,#1778,.T.);
#1778 = EDGE_CURVE('',#608,#1779,#1781,.T.);
#1779 = VERTEX_POINT('',#1780);
#1780 = CARTESIAN_POINT('',(-3.41696968457,-3.632399851632,9.6));
#1781 = LINE('',#1782,#1783);
#1782 = CARTESIAN_POINT('',(-3.41696968457,-3.632399851632,10.));
#1783 = VECTOR('',#1784,1.);
#1784 = DIRECTION('',(-0.,-0.,-1.));
#1785 = ORIENTED_EDGE('',*,*,#1786,.T.);
#1786 = EDGE_CURVE('',#1779,#1753,#1787,.T.);
#1787 = B_SPLINE_CURVE_WITH_KNOTS('',2,(#1788,#1789,#1790),
  .UNSPECIFIED.,.F.,.F.,(3,3),(0.,1.),.PIECEWISE_BEZIER_KNOTS.);
#1788 = CARTESIAN_POINT('',(-3.41696968457,-3.632399851632,9.6));
#1789 = CARTESIAN_POINT('',(-3.251724877448,-3.709458456973,9.6));
#1790 = CARTESIAN_POINT('',(-3.126956702374,-3.886665430267,9.6));
#1791 = ORIENTED_EDGE('',*,*,#1752,.F.);
#1792 = ORIENTED_EDGE('',*,*,#615,.F.);
#1793 = SURFACE_OF_LINEAR_EXTRUSION('',#1794,#1798);
#1794 = B_SPLINE_CURVE_WITH_KNOTS('',2,(#1795,#1796,#1797),
  .UNSPECIFIED.,.F.,.F.,(3,3),(0.,1.),.PIECEWISE_BEZIER_KNOTS.);
#1795 = CARTESIAN_POINT('',(-3.41696968457,-3.632399851632,10.));
#1796 = CARTESIAN_POINT('',(-3.251724877448,-3.709458456973,10.));
#1797 = CARTESIAN_POINT('',(-3.126956702374,-3.886665430267,10.));
#1798 = VECTOR('',#1799,1.);
#1799 = DIRECTION('',(0.,0.,1.));
#1800 = ADVANCED_FACE('',(#1801),#1819,.T.);
#1801 = FACE_BOUND('',#1802,.T.);
#1802 = EDGE_LOOP('',(#1803,#1811,#1817,#1818));
#1803 = ORIENTED_EDGE('',*,*,#1804,.T.);
#1804 = EDGE_CURVE('',#600,#1805,#1807,.T.);
#1805 = VERTEX_POINT('',#1806);
#1806 = CARTESIAN_POINT('',(-3.255619536202,-3.516394658754,9.6));
#1807 = LINE('',#1808,#1809);
#1808 = CARTESIAN_POINT('',(-3.255619536202,-3.516394658754,10.));
#1809 = VECTOR('',#1810,1.);
#1810 = DIRECTION('',(-0.,-0.,-1.));
#1811 = ORIENTED_EDGE('',*,*,#1812,.T.);
#1812 = EDGE_CURVE('',#1805,#1779,#1813,.T.);
#1813 = B_SPLINE_CURVE_WITH_KNOTS('',2,(#1814,#1815,#1816),
  .UNSPECIFIED.,.F.,.F.,(3,3),(0.,1.),.PIECEWISE_BEZIER_KNOTS.);
#1814 = CARTESIAN_POINT('',(-3.255619536202,-3.516394658754,9.6));
#1815 = CARTESIAN_POINT('',(-3.339493794362,-3.593731454006,9.6));
#1816 = CARTESIAN_POINT('',(-3.41696968457,-3.632399851632,9.6));
#1817 = ORIENTED_EDGE('',*,*,#1778,.F.);
#1818 = ORIENTED_EDGE('',*,*,#607,.F.);
#1819 = SURFACE_OF_LINEAR_EXTRUSION('',#1820,#1824);
#1820 = B_SPLINE_CURVE_WITH_KNOTS('',2,(#1821,#1822,#1823),
  .UNSPECIFIED.,.F.,.F.,(3,3),(0.,1.),.PIECEWISE_BEZIER_KNOTS.);
#1821 = CARTESIAN_POINT('',(-3.255619536202,-3.516394658754,10.));
#1822 = CARTESIAN_POINT('',(-3.339493794362,-3.593731454006,10.));
#1823 = CARTESIAN_POINT('',(-3.41696968457,-3.632399851632,10.));
#1824 = VECTOR('',#1825,1.);
#1825 = DIRECTION('',(0.,0.,1.));
#1826 = ADVANCED_FACE('',(#1827),#1845,.T.);
#1827 = FACE_BOUND('',#1828,.T.);
#1828 = EDGE_LOOP('',(#1829,#1837,#1843,#1844));
#1829 = ORIENTED_EDGE('',*,*,#1830,.T.);
#1830 = EDGE_CURVE('',#592,#1831,#1833,.T.);
#1831 = VERTEX_POINT('',#1832);
#1832 = CARTESIAN_POINT('',(-3.113603586647,-3.318462537092,9.6));
#1833 = LINE('',#1834,#1835);
#1834 = CARTESIAN_POINT('',(-3.113603586647,-3.318462537092,10.));
#1835 = VECTOR('',#1836,1.);
#1836 = DIRECTION('',(-0.,-0.,-1.));
#1837 = ORIENTED_EDGE('',*,*,#1838,.T.);
#1838 = EDGE_CURVE('',#1831,#1805,#1839,.T.);
#1839 = B_SPLINE_CURVE_WITH_KNOTS('',2,(#1840,#1841,#1842),
  .UNSPECIFIED.,.F.,.F.,(3,3),(0.,1.),.PIECEWISE_BEZIER_KNOTS.);
#1840 = CARTESIAN_POINT('',(-3.113603586647,-3.318462537092,9.6));
#1841 = CARTESIAN_POINT('',(-3.171745278042,-3.438918768546,9.6));
#1842 = CARTESIAN_POINT('',(-3.255619536202,-3.516394658754,9.6));
#1843 = ORIENTED_EDGE('',*,*,#1804,.F.);
#1844 = ORIENTED_EDGE('',*,*,#599,.F.);
#1845 = SURFACE_OF_LINEAR_EXTRUSION('',#1846,#1850);
#1846 = B_SPLINE_CURVE_WITH_KNOTS('',2,(#1847,#1848,#1849),
  .UNSPECIFIED.,.F.,.F.,(3,3),(0.,1.),.PIECEWISE_BEZIER_KNOTS.);
#1847 = CARTESIAN_POINT('',(-3.113603586647,-3.318462537092,10.));
#1848 = CARTESIAN_POINT('',(-3.171745278042,-3.438918768546,10.));
#1849 = CARTESIAN_POINT('',(-3.255619536202,-3.516394658754,10.));
#1850 = VECTOR('',#1851,1.);
#1851 = DIRECTION('',(0.,0.,1.));
#1852 = ADVANCED_FACE('',(#1853),#1871,.T.);
#1853 = FACE_BOUND('',#1854,.T.);
#1854 = EDGE_LOOP('',(#1855,#1863,#1869,#1870));
#1855 = ORIENTED_EDGE('',*,*,#1856,.T.);
#1856 = EDGE_CURVE('',#584,#1857,#1859,.T.);
#1857 = VERTEX_POINT('',#1858);
#1858 = CARTESIAN_POINT('',(-3.055461895252,-3.038742581602,9.6));
#1859 = LINE('',#1860,#1861);
#1860 = CARTESIAN_POINT('',(-3.055461895252,-3.038742581602,10.));
#1861 = VECTOR('',#1862,1.);
#1862 = DIRECTION('',(-0.,-0.,-1.));
#1863 = ORIENTED_EDGE('',*,*,#1864,.T.);
#1864 = EDGE_CURVE('',#1857,#1831,#1865,.T.);
#1865 = B_SPLINE_CURVE_WITH_KNOTS('',2,(#1866,#1867,#1868),
  .UNSPECIFIED.,.F.,.F.,(3,3),(0.,1.),.PIECEWISE_BEZIER_KNOTS.);
#1866 = CARTESIAN_POINT('',(-3.055461895252,-3.038742581602,9.6));
#1867 = CARTESIAN_POINT('',(-3.055461895252,-3.197867210682,9.6));
#1868 = CARTESIAN_POINT('',(-3.113603586647,-3.318462537092,9.6));
#1869 = ORIENTED_EDGE('',*,*,#1830,.F.);
#1870 = ORIENTED_EDGE('',*,*,#591,.F.);
#1871 = SURFACE_OF_LINEAR_EXTRUSION('',#1872,#1876);
#1872 = B_SPLINE_CURVE_WITH_KNOTS('',2,(#1873,#1874,#1875),
  .UNSPECIFIED.,.F.,.F.,(3,3),(0.,1.),.PIECEWISE_BEZIER_KNOTS.);
#1873 = CARTESIAN_POINT('',(-3.055461895252,-3.038742581602,10.));
#1874 = CARTESIAN_POINT('',(-3.055461895252,-3.197867210682,10.));
#1875 = CARTESIAN_POINT('',(-3.113603586647,-3.318462537092,10.));
#1876 = VECTOR('',#1877,1.);
#1877 = DIRECTION('',(0.,0.,1.));
#1878 = ADVANCED_FACE('',(#1879),#1897,.T.);
#1879 = FACE_BOUND('',#1880,.T.);
#1880 = EDGE_LOOP('',(#1881,#1889,#1895,#1896));
#1881 = ORIENTED_EDGE('',*,*,#1882,.T.);
#1882 = EDGE_CURVE('',#576,#1883,#1885,.T.);
#1883 = VERTEX_POINT('',#1884);
#1884 = CARTESIAN_POINT('',(-3.164512340356,-2.595725148368,9.6));
#1885 = LINE('',#1886,#1887);
#1886 = CARTESIAN_POINT('',(-3.164512340356,-2.595725148368,10.));
#1887 = VECTOR('',#1888,1.);
#1888 = DIRECTION('',(-0.,-0.,-1.));
#1889 = ORIENTED_EDGE('',*,*,#1890,.T.);
#1890 = EDGE_CURVE('',#1883,#1857,#1891,.T.);
#1891 = B_SPLINE_CURVE_WITH_KNOTS('',2,(#1892,#1893,#1894),
  .UNSPECIFIED.,.F.,.F.,(3,3),(0.,1.),.PIECEWISE_BEZIER_KNOTS.);
#1892 = CARTESIAN_POINT('',(-3.164512340356,-2.595725148368,9.6));
#1893 = CARTESIAN_POINT('',(-3.055461895252,-2.784894287834,9.6));
#1894 = CARTESIAN_POINT('',(-3.055461895252,-3.038742581602,9.6));
#1895 = ORIENTED_EDGE('',*,*,#1856,.F.);
#1896 = ORIENTED_EDGE('',*,*,#583,.F.);
#1897 = SURFACE_OF_LINEAR_EXTRUSION('',#1898,#1902);
#1898 = B_SPLINE_CURVE_WITH_KNOTS('',2,(#1899,#1900,#1901),
  .UNSPECIFIED.,.F.,.F.,(3,3),(0.,1.),.PIECEWISE_BEZIER_KNOTS.);
#1899 = CARTESIAN_POINT('',(-3.164512340356,-2.595725148368,10.));
#1900 = CARTESIAN_POINT('',(-3.055461895252,-2.784894287834,10.));
#1901 = CARTESIAN_POINT('',(-3.055461895252,-3.038742581602,10.));
#1902 = VECTOR('',#1903,1.);
#1903 = DIRECTION('',(0.,0.,1.));
#1904 = ADVANCED_FACE('',(#1905),#1923,.T.);
#1905 = FACE_BOUND('',#1906,.T.);
#1906 = EDGE_LOOP('',(#1907,#1915,#1921,#1922));
#1907 = ORIENTED_EDGE('',*,*,#1908,.T.);
#1908 = EDGE_CURVE('',#568,#1909,#1911,.T.);
#1909 = VERTEX_POINT('',#1910);
#1910 = CARTESIAN_POINT('',(-3.500287562908,-2.303208456973,9.6));
#1911 = LINE('',#1912,#1913);
#1912 = CARTESIAN_POINT('',(-3.500287562908,-2.303208456973,10.));
#1913 = VECTOR('',#1914,1.);
#1914 = DIRECTION('',(-0.,-0.,-1.));
#1915 = ORIENTED_EDGE('',*,*,#1916,.T.);
#1916 = EDGE_CURVE('',#1909,#1883,#1917,.T.);
#1917 = B_SPLINE_CURVE_WITH_KNOTS('',2,(#1918,#1919,#1920),
  .UNSPECIFIED.,.F.,.F.,(3,3),(0.,1.),.PIECEWISE_BEZIER_KNOTS.);
#1918 = CARTESIAN_POINT('',(-3.500287562908,-2.303208456973,9.6));
#1919 = CARTESIAN_POINT('',(-3.27356278546,-2.406416913947,9.6));
#1920 = CARTESIAN_POINT('',(-3.164512340356,-2.595725148368,9.6));
#1921 = ORIENTED_EDGE('',*,*,#1882,.F.);
#1922 = ORIENTED_EDGE('',*,*,#575,.F.);
#1923 = SURFACE_OF_LINEAR_EXTRUSION('',#1924,#1928);
#1924 = B_SPLINE_CURVE_WITH_KNOTS('',2,(#1925,#1926,#1927),
  .UNSPECIFIED.,.F.,.F.,(3,3),(0.,1.),.PIECEWISE_BEZIER_KNOTS.);
#1925 = CARTESIAN_POINT('',(-3.500287562908,-2.303208456973,10.));
#1926 = CARTESIAN_POINT('',(-3.27356278546,-2.406416913947,10.));
#1927 = CARTESIAN_POINT('',(-3.164512340356,-2.595725148368,10.));
#1928 = VECTOR('',#1929,1.);
#1929 = DIRECTION('',(0.,0.,1.));
#1930 = ADVANCED_FACE('',(#1931),#1949,.T.);
#1931 = FACE_BOUND('',#1932,.T.);
#1932 = EDGE_LOOP('',(#1933,#1941,#1947,#1948));
#1933 = ORIENTED_EDGE('',*,*,#1934,.T.);
#1934 = EDGE_CURVE('',#560,#1935,#1937,.T.);
#1935 = VERTEX_POINT('',#1936);
#1936 = CARTESIAN_POINT('',(-4.08184357181,-2.2,9.6));
#1937 = LINE('',#1938,#1939);
#1938 = CARTESIAN_POINT('',(-4.08184357181,-2.2,10.));
#1939 = VECTOR('',#1940,1.);
#1940 = DIRECTION('',(-0.,-0.,-1.));
#1941 = ORIENTED_EDGE('',*,*,#1942,.T.);
#1942 = EDGE_CURVE('',#1935,#1909,#1943,.T.);
#1943 = B_SPLINE_CURVE_WITH_KNOTS('',2,(#1944,#1945,#1946),
  .UNSPECIFIED.,.F.,.F.,(3,3),(0.,1.),.PIECEWISE_BEZIER_KNOTS.);
#1944 = CARTESIAN_POINT('',(-4.08184357181,-2.2,9.6));
#1945 = CARTESIAN_POINT('',(-3.726873245401,-2.2,9.6));
#1946 = CARTESIAN_POINT('',(-3.500287562908,-2.303208456973,9.6));
#1947 = ORIENTED_EDGE('',*,*,#1908,.F.);
#1948 = ORIENTED_EDGE('',*,*,#567,.F.);
#1949 = SURFACE_OF_LINEAR_EXTRUSION('',#1950,#1954);
#1950 = B_SPLINE_CURVE_WITH_KNOTS('',2,(#1951,#1952,#1953),
  .UNSPECIFIED.,.F.,.F.,(3,3),(0.,1.),.PIECEWISE_BEZIER_KNOTS.);
#1951 = CARTESIAN_POINT('',(-4.08184357181,-2.2,10.));
#1952 = CARTESIAN_POINT('',(-3.726873245401,-2.2,10.));
#1953 = CARTESIAN_POINT('',(-3.500287562908,-2.303208456973,10.));
#1954 = VECTOR('',#1955,1.);
#1955 = DIRECTION('',(0.,0.,1.));
#1956 = ADVANCED_FACE('',(#1957),#1975,.T.);
#1957 = FACE_BOUND('',#1958,.T.);
#1958 = EDGE_LOOP('',(#1959,#1967,#1973,#1974));
#1959 = ORIENTED_EDGE('',*,*,#1960,.T.);
#1960 = EDGE_CURVE('',#552,#1961,#1963,.T.);
#1961 = VERTEX_POINT('',#1962);
#1962 = CARTESIAN_POINT('',(-5.352058705341,-2.2,9.6));
#1963 = LINE('',#1964,#1965);
#1964 = CARTESIAN_POINT('',(-5.352058705341,-2.2,10.));
#1965 = VECTOR('',#1966,1.);
#1966 = DIRECTION('',(-0.,-0.,-1.));
#1967 = ORIENTED_EDGE('',*,*,#1968,.T.);
#1968 = EDGE_CURVE('',#1961,#1935,#1969,.T.);
#1969 = LINE('',#1970,#1971);
#1970 = CARTESIAN_POINT('',(-5.352058705341,-2.2,9.6));
#1971 = VECTOR('',#1972,1.);
#1972 = DIRECTION('',(1.,0.,0.));
#1973 = ORIENTED_EDGE('',*,*,#1934,.F.);
#1974 = ORIENTED_EDGE('',*,*,#559,.F.);
#1975 = PLANE('',#1976);
#1976 = AXIS2_PLACEMENT_3D('',#1977,#1978,#1979);
#1977 = CARTESIAN_POINT('',(-5.352058705341,-2.2,10.));
#1978 = DIRECTION('',(0.,-1.,0.));
#1979 = DIRECTION('',(1.,0.,0.));
#1980 = ADVANCED_FACE('',(#1981),#1999,.T.);
#1981 = FACE_BOUND('',#1982,.T.);
#1982 = EDGE_LOOP('',(#1983,#1991,#1997,#1998));
#1983 = ORIENTED_EDGE('',*,*,#1984,.T.);
#1984 = EDGE_CURVE('',#544,#1985,#1987,.T.);
#1985 = VERTEX_POINT('',#1986);
#1986 = CARTESIAN_POINT('',(-5.429117310682,-2.230044510386,9.6));
#1987 = LINE('',#1988,#1989);
#1988 = CARTESIAN_POINT('',(-5.429117310682,-2.230044510386,10.));
#1989 = VECTOR('',#1990,1.);
#1990 = DIRECTION('',(-0.,-0.,-1.));
#1991 = ORIENTED_EDGE('',*,*,#1992,.T.);
#1992 = EDGE_CURVE('',#1985,#1961,#1993,.T.);
#1993 = B_SPLINE_CURVE_WITH_KNOTS('',2,(#1994,#1995,#1996),
  .UNSPECIFIED.,.F.,.F.,(3,3),(0.,1.),.PIECEWISE_BEZIER_KNOTS.);
#1994 = CARTESIAN_POINT('',(-5.429117310682,-2.230044510386,9.6));
#1995 = CARTESIAN_POINT('',(-5.399211895252,-2.2,9.6));
#1996 = CARTESIAN_POINT('',(-5.352058705341,-2.2,9.6));
#1997 = ORIENTED_EDGE('',*,*,#1960,.F.);
#1998 = ORIENTED_EDGE('',*,*,#551,.F.);
#1999 = SURFACE_OF_LINEAR_EXTRUSION('',#2000,#2004);
#2000 = B_SPLINE_CURVE_WITH_KNOTS('',2,(#2001,#2002,#2003),
  .UNSPECIFIED.,.F.,.F.,(3,3),(0.,1.),.PIECEWISE_BEZIER_KNOTS.);
#2001 = CARTESIAN_POINT('',(-5.429117310682,-2.230044510386,10.));
#2002 = CARTESIAN_POINT('',(-5.399211895252,-2.2,10.));
#2003 = CARTESIAN_POINT('',(-5.352058705341,-2.2,10.));
#2004 = VECTOR('',#2005,1.);
#2005 = DIRECTION('',(0.,0.,1.));
#2006 = ADVANCED_FACE('',(#2007),#2025,.T.);
#2007 = FACE_BOUND('',#2008,.T.);
#2008 = EDGE_LOOP('',(#2009,#2017,#2023,#2024));
#2009 = ORIENTED_EDGE('',*,*,#2010,.T.);
#2010 = EDGE_CURVE('',#536,#2011,#2013,.T.);
#2011 = VERTEX_POINT('',#2012);
#2012 = CARTESIAN_POINT('',(-5.459022726113,-2.307103115727,9.6));
#2013 = LINE('',#2014,#2015);
#2014 = CARTESIAN_POINT('',(-5.459022726113,-2.307103115727,10.));
#2015 = VECTOR('',#2016,1.);
#2016 = DIRECTION('',(-0.,-0.,-1.));
#2017 = ORIENTED_EDGE('',*,*,#2018,.T.);
#2018 = EDGE_CURVE('',#2011,#1985,#2019,.T.);
#2019 = B_SPLINE_CURVE_WITH_KNOTS('',2,(#2020,#2021,#2022),
  .UNSPECIFIED.,.F.,.F.,(3,3),(0.,1.),.PIECEWISE_BEZIER_KNOTS.);
#2020 = CARTESIAN_POINT('',(-5.459022726113,-2.307103115727,9.6));
#2021 = CARTESIAN_POINT('',(-5.459022726113,-2.259949925816,9.6));
#2022 = CARTESIAN_POINT('',(-5.429117310682,-2.230044510386,9.6));
#2023 = ORIENTED_EDGE('',*,*,#1984,.F.);
#2024 = ORIENTED_EDGE('',*,*,#543,.F.);
#2025 = SURFACE_OF_LINEAR_EXTRUSION('',#2026,#2030);
#2026 = B_SPLINE_CURVE_WITH_KNOTS('',2,(#2027,#2028,#2029),
  .UNSPECIFIED.,.F.,.F.,(3,3),(0.,1.),.PIECEWISE_BEZIER_KNOTS.);
#2027 = CARTESIAN_POINT('',(-5.459022726113,-2.307103115727,10.));
#2028 = CARTESIAN_POINT('',(-5.459022726113,-2.259949925816,10.));
#2029 = CARTESIAN_POINT('',(-5.429117310682,-2.230044510386,10.));
#2030 = VECTOR('',#2031,1.);
#2031 = DIRECTION('',(0.,0.,1.));
#2032 = ADVANCED_FACE('',(#2033),#2051,.T.);
#2033 = FACE_BOUND('',#2034,.T.);
#2034 = EDGE_LOOP('',(#2035,#2043,#2049,#2050));
#2035 = ORIENTED_EDGE('',*,*,#2036,.T.);
#2036 = EDGE_CURVE('',#528,#2037,#2039,.T.);
#2037 = VERTEX_POINT('',#2038);
#2038 = CARTESIAN_POINT('',(-5.459022726113,-5.092757789318,9.6));
#2039 = LINE('',#2040,#2041);
#2040 = CARTESIAN_POINT('',(-5.459022726113,-5.092757789318,10.));
#2041 = VECTOR('',#2042,1.);
#2042 = DIRECTION('',(-0.,-0.,-1.));
#2043 = ORIENTED_EDGE('',*,*,#2044,.T.);
#2044 = EDGE_CURVE('',#2037,#2011,#2045,.T.);
#2045 = LINE('',#2046,#2047);
#2046 = CARTESIAN_POINT('',(-5.459022726113,-5.092757789318,9.6));
#2047 = VECTOR('',#2048,1.);
#2048 = DIRECTION('',(0.,1.,0.));
#2049 = ORIENTED_EDGE('',*,*,#2010,.F.);
#2050 = ORIENTED_EDGE('',*,*,#535,.F.);
#2051 = PLANE('',#2052);
#2052 = AXIS2_PLACEMENT_3D('',#2053,#2054,#2055);
#2053 = CARTESIAN_POINT('',(-5.459022726113,-5.092757789318,10.));
#2054 = DIRECTION('',(1.,0.,0.));
#2055 = DIRECTION('',(-0.,1.,0.));
#2056 = ADVANCED_FACE('',(#2057),#2075,.T.);
#2057 = FACE_BOUND('',#2058,.T.);
#2058 = EDGE_LOOP('',(#2059,#2067,#2073,#2074));
#2059 = ORIENTED_EDGE('',*,*,#2060,.T.);
#2060 = EDGE_CURVE('',#520,#2061,#2063,.T.);
#2061 = VERTEX_POINT('',#2062);
#2062 = CARTESIAN_POINT('',(-5.429256405638,-5.17009458457,9.6));
#2063 = LINE('',#2064,#2065);
#2064 = CARTESIAN_POINT('',(-5.429256405638,-5.17009458457,10.));
#2065 = VECTOR('',#2066,1.);
#2066 = DIRECTION('',(-0.,-0.,-1.));
#2067 = ORIENTED_EDGE('',*,*,#2068,.T.);
#2068 = EDGE_CURVE('',#2061,#2037,#2069,.T.);
#2069 = B_SPLINE_CURVE_WITH_KNOTS('',2,(#2070,#2071,#2072),
  .UNSPECIFIED.,.F.,.F.,(3,3),(0.,1.),.PIECEWISE_BEZIER_KNOTS.);
#2070 = CARTESIAN_POINT('',(-5.429256405638,-5.17009458457,9.6));
#2071 = CARTESIAN_POINT('',(-5.459022726113,-5.140050074184,9.6));
#2072 = CARTESIAN_POINT('',(-5.459022726113,-5.092757789318,9.6));
#2073 = ORIENTED_EDGE('',*,*,#2036,.F.);
#2074 = ORIENTED_EDGE('',*,*,#527,.F.);
#2075 = SURFACE_OF_LINEAR_EXTRUSION('',#2076,#2080);
#2076 = B_SPLINE_CURVE_WITH_KNOTS('',2,(#2077,#2078,#2079),
  .UNSPECIFIED.,.F.,.F.,(3,3),(0.,1.),.PIECEWISE_BEZIER_KNOTS.);
#2077 = CARTESIAN_POINT('',(-5.429256405638,-5.17009458457,10.));
#2078 = CARTESIAN_POINT('',(-5.459022726113,-5.140050074184,10.));
#2079 = CARTESIAN_POINT('',(-5.459022726113,-5.092757789318,10.));
#2080 = VECTOR('',#2081,1.);
#2081 = DIRECTION('',(0.,0.,1.));
#2082 = ADVANCED_FACE('',(#2083),#2094,.T.);
#2083 = FACE_BOUND('',#2084,.T.);
#2084 = EDGE_LOOP('',(#2085,#2086,#2092,#2093));
#2085 = ORIENTED_EDGE('',*,*,#1659,.T.);
#2086 = ORIENTED_EDGE('',*,*,#2087,.T.);
#2087 = EDGE_CURVE('',#1652,#2061,#2088,.T.);
#2088 = B_SPLINE_CURVE_WITH_KNOTS('',2,(#2089,#2090,#2091),
  .UNSPECIFIED.,.F.,.F.,(3,3),(0.,1.),.PIECEWISE_BEZIER_KNOTS.);
#2089 = CARTESIAN_POINT('',(-5.352336895252,-5.2,9.6));
#2090 = CARTESIAN_POINT('',(-5.399350990208,-5.2,9.6));
#2091 = CARTESIAN_POINT('',(-5.429256405638,-5.17009458457,9.6));
#2092 = ORIENTED_EDGE('',*,*,#2060,.F.);
#2093 = ORIENTED_EDGE('',*,*,#519,.F.);
#2094 = SURFACE_OF_LINEAR_EXTRUSION('',#2095,#2099);
#2095 = B_SPLINE_CURVE_WITH_KNOTS('',2,(#2096,#2097,#2098),
  .UNSPECIFIED.,.F.,.F.,(3,3),(0.,1.),.PIECEWISE_BEZIER_KNOTS.);
#2096 = CARTESIAN_POINT('',(-5.352336895252,-5.2,10.));
#2097 = CARTESIAN_POINT('',(-5.399350990208,-5.2,10.));
#2098 = CARTESIAN_POINT('',(-5.429256405638,-5.17009458457,10.));
#2099 = VECTOR('',#2100,1.);
#2100 = DIRECTION('',(0.,0.,1.));
#2101 = ADVANCED_FACE('',(#2102),#2127,.T.);
#2102 = FACE_BOUND('',#2103,.T.);
#2103 = EDGE_LOOP('',(#2104,#2112,#2120,#2126));
#2104 = ORIENTED_EDGE('',*,*,#2105,.T.);
#2105 = EDGE_CURVE('',#656,#2106,#2108,.T.);
#2106 = VERTEX_POINT('',#2107);
#2107 = CARTESIAN_POINT('',(-0.745511969436,-5.107223664688,9.6));
#2108 = LINE('',#2109,#2110);
#2109 = CARTESIAN_POINT('',(-0.745511969436,-5.107223664688,10.));
#2110 = VECTOR('',#2111,1.);
#2111 = DIRECTION('',(-0.,-0.,-1.));
#2112 = ORIENTED_EDGE('',*,*,#2113,.T.);
#2113 = EDGE_CURVE('',#2106,#2114,#2116,.T.);
#2114 = VERTEX_POINT('',#2115);
#2115 = CARTESIAN_POINT('',(-1.412054996142,-5.235608308605,9.6));
#2116 = B_SPLINE_CURVE_WITH_KNOTS('',2,(#2117,#2118,#2119),
  .UNSPECIFIED.,.F.,.F.,(3,3),(0.,1.),.PIECEWISE_BEZIER_KNOTS.);
#2117 = CARTESIAN_POINT('',(-0.745511969436,-5.107223664688,9.6));
#2118 = CARTESIAN_POINT('',(-1.027457444214,-5.235608308605,9.6));
#2119 = CARTESIAN_POINT('',(-1.412054996142,-5.235608308605,9.6));
#2120 = ORIENTED_EDGE('',*,*,#2121,.F.);
#2121 = EDGE_CURVE('',#658,#2114,#2122,.T.);
#2122 = LINE('',#2123,#2124);
#2123 = CARTESIAN_POINT('',(-1.412054996142,-5.235608308605,10.));
#2124 = VECTOR('',#2125,1.);
#2125 = DIRECTION('',(-0.,-0.,-1.));
#2126 = ORIENTED_EDGE('',*,*,#655,.F.);
#2127 = SURFACE_OF_LINEAR_EXTRUSION('',#2128,#2132);
#2128 = B_SPLINE_CURVE_WITH_KNOTS('',2,(#2129,#2130,#2131),
  .UNSPECIFIED.,.F.,.F.,(3,3),(0.,1.),.PIECEWISE_BEZIER_KNOTS.);
#2129 = CARTESIAN_POINT('',(-0.745511969436,-5.107223664688,10.));
#2130 = CARTESIAN_POINT('',(-1.027457444214,-5.235608308605,10.));
#2131 = CARTESIAN_POINT('',(-1.412054996142,-5.235608308605,10.));
#2132 = VECTOR('',#2133,1.);
#2133 = DIRECTION('',(0.,0.,1.));
#2134 = ADVANCED_FACE('',(#2135),#2153,.T.);
#2135 = FACE_BOUND('',#2136,.T.);
#2136 = EDGE_LOOP('',(#2137,#2145,#2151,#2152));
#2137 = ORIENTED_EDGE('',*,*,#2138,.T.);
#2138 = EDGE_CURVE('',#770,#2139,#2141,.T.);
#2139 = VERTEX_POINT('',#2140);
#2140 = CARTESIAN_POINT('',(-0.305276435312,-4.720122403561,9.6));
#2141 = LINE('',#2142,#2143);
#2142 = CARTESIAN_POINT('',(-0.305276435312,-4.720122403561,10.));
#2143 = VECTOR('',#2144,1.);
#2144 = DIRECTION('',(-0.,-0.,-1.));
#2145 = ORIENTED_EDGE('',*,*,#2146,.T.);
#2146 = EDGE_CURVE('',#2139,#2106,#2147,.T.);
#2147 = B_SPLINE_CURVE_WITH_KNOTS('',2,(#2148,#2149,#2150),
  .UNSPECIFIED.,.F.,.F.,(3,3),(0.,1.),.PIECEWISE_BEZIER_KNOTS.);
#2148 = CARTESIAN_POINT('',(-0.305276435312,-4.720122403561,9.6));
#2149 = CARTESIAN_POINT('',(-0.463427399703,-4.978839020772,9.6));
#2150 = CARTESIAN_POINT('',(-0.745511969436,-5.107223664688,9.6));
#2151 = ORIENTED_EDGE('',*,*,#2105,.F.);
#2152 = ORIENTED_EDGE('',*,*,#777,.F.);
#2153 = SURFACE_OF_LINEAR_EXTRUSION('',#2154,#2158);
#2154 = B_SPLINE_CURVE_WITH_KNOTS('',2,(#2155,#2156,#2157),
  .UNSPECIFIED.,.F.,.F.,(3,3),(0.,1.),.PIECEWISE_BEZIER_KNOTS.);
#2155 = CARTESIAN_POINT('',(-0.305276435312,-4.720122403561,10.));
#2156 = CARTESIAN_POINT('',(-0.463427399703,-4.978839020772,10.));
#2157 = CARTESIAN_POINT('',(-0.745511969436,-5.107223664688,10.));
#2158 = VECTOR('',#2159,1.);
#2159 = DIRECTION('',(0.,0.,1.));
#2160 = ADVANCED_FACE('',(#2161),#2179,.T.);
#2161 = FACE_BOUND('',#2162,.T.);
#2162 = EDGE_LOOP('',(#2163,#2171,#2177,#2178));
#2163 = ORIENTED_EDGE('',*,*,#2164,.T.);
#2164 = EDGE_CURVE('',#762,#2165,#2167,.T.);
#2165 = VERTEX_POINT('',#2166);
#2166 = CARTESIAN_POINT('',(-0.134328735015,-4.067767062315,9.6));
#2167 = LINE('',#2168,#2169);
#2168 = CARTESIAN_POINT('',(-0.134328735015,-4.067767062315,10.));
#2169 = VECTOR('',#2170,1.);
#2170 = DIRECTION('',(-0.,-0.,-1.));
#2171 = ORIENTED_EDGE('',*,*,#2172,.T.);
#2172 = EDGE_CURVE('',#2165,#2139,#2173,.T.);
#2173 = B_SPLINE_CURVE_WITH_KNOTS('',2,(#2174,#2175,#2176),
  .UNSPECIFIED.,.F.,.F.,(3,3),(0.,1.),.PIECEWISE_BEZIER_KNOTS.);
#2174 = CARTESIAN_POINT('',(-0.134328735015,-4.067767062315,9.6));
#2175 = CARTESIAN_POINT('',(-0.14712547092,-4.46140578635,9.6));
#2176 = CARTESIAN_POINT('',(-0.305276435312,-4.720122403561,9.6));
#2177 = ORIENTED_EDGE('',*,*,#2138,.F.);
#2178 = ORIENTED_EDGE('',*,*,#769,.F.);
#2179 = SURFACE_OF_LINEAR_EXTRUSION('',#2180,#2184);
#2180 = B_SPLINE_CURVE_WITH_KNOTS('',2,(#2181,#2182,#2183),
  .UNSPECIFIED.,.F.,.F.,(3,3),(0.,1.),.PIECEWISE_BEZIER_KNOTS.);
#2181 = CARTESIAN_POINT('',(-0.134328735015,-4.067767062315,10.));
#2182 = CARTESIAN_POINT('',(-0.14712547092,-4.46140578635,10.));
#2183 = CARTESIAN_POINT('',(-0.305276435312,-4.720122403561,10.));
#2184 = VECTOR('',#2185,1.);
#2185 = DIRECTION('',(0.,0.,1.));
#2186 = ADVANCED_FACE('',(#2187),#2205,.T.);
#2187 = FACE_BOUND('',#2188,.T.);
#2188 = EDGE_LOOP('',(#2189,#2197,#2203,#2204));
#2189 = ORIENTED_EDGE('',*,*,#2190,.T.);
#2190 = EDGE_CURVE('',#754,#2191,#2193,.T.);
#2191 = VERTEX_POINT('',#2192);
#2192 = CARTESIAN_POINT('',(-0.12584394273,-3.701947329377,9.6));
#2193 = LINE('',#2194,#2195);
#2194 = CARTESIAN_POINT('',(-0.12584394273,-3.701947329377,10.));
#2195 = VECTOR('',#2196,1.);
#2196 = DIRECTION('',(-0.,-0.,-1.));
#2197 = ORIENTED_EDGE('',*,*,#2198,.T.);
#2198 = EDGE_CURVE('',#2191,#2165,#2199,.T.);
#2199 = B_SPLINE_CURVE_WITH_KNOTS('',2,(#2200,#2201,#2202),
  .UNSPECIFIED.,.F.,.F.,(3,3),(0.,1.),.PIECEWISE_BEZIER_KNOTS.);
#2200 = CARTESIAN_POINT('',(-0.12584394273,-3.701947329377,9.6));
#2201 = CARTESIAN_POINT('',(-0.12584394273,-3.883744436202,9.6));
#2202 = CARTESIAN_POINT('',(-0.134328735015,-4.067767062315,9.6));
#2203 = ORIENTED_EDGE('',*,*,#2164,.F.);
#2204 = ORIENTED_EDGE('',*,*,#761,.F.);
#2205 = SURFACE_OF_LINEAR_EXTRUSION('',#2206,#2210);
#2206 = B_SPLINE_CURVE_WITH_KNOTS('',2,(#2207,#2208,#2209),
  .UNSPECIFIED.,.F.,.F.,(3,3),(0.,1.),.PIECEWISE_BEZIER_KNOTS.);
#2207 = CARTESIAN_POINT('',(-0.12584394273,-3.701947329377,10.));
#2208 = CARTESIAN_POINT('',(-0.12584394273,-3.883744436202,10.));
#2209 = CARTESIAN_POINT('',(-0.134328735015,-4.067767062315,10.));
#2210 = VECTOR('',#2211,1.);
#2211 = DIRECTION('',(0.,0.,1.));
#2212 = ADVANCED_FACE('',(#2213),#2231,.T.);
#2213 = FACE_BOUND('',#2214,.T.);
#2214 = EDGE_LOOP('',(#2215,#2223,#2229,#2230));
#2215 = ORIENTED_EDGE('',*,*,#2216,.T.);
#2216 = EDGE_CURVE('',#746,#2217,#2219,.T.);
#2217 = VERTEX_POINT('',#2218);
#2218 = CARTESIAN_POINT('',(-0.134328735015,-3.331954747774,9.6));
#2219 = LINE('',#2220,#2221);
#2220 = CARTESIAN_POINT('',(-0.134328735015,-3.331954747774,10.));
#2221 = VECTOR('',#2222,1.);
#2222 = DIRECTION('',(-0.,-0.,-1.));
#2223 = ORIENTED_EDGE('',*,*,#2224,.T.);
#2224 = EDGE_CURVE('',#2217,#2191,#2225,.T.);
#2225 = B_SPLINE_CURVE_WITH_KNOTS('',2,(#2226,#2227,#2228),
  .UNSPECIFIED.,.F.,.F.,(3,3),(0.,1.),.PIECEWISE_BEZIER_KNOTS.);
#2226 = CARTESIAN_POINT('',(-0.134328735015,-3.331954747774,9.6));
#2227 = CARTESIAN_POINT('',(-0.12584394273,-3.520150222552,9.6));
#2228 = CARTESIAN_POINT('',(-0.12584394273,-3.701947329377,9.6));
#2229 = ORIENTED_EDGE('',*,*,#2190,.F.);
#2230 = ORIENTED_EDGE('',*,*,#753,.F.);
#2231 = SURFACE_OF_LINEAR_EXTRUSION('',#2232,#2236);
#2232 = B_SPLINE_CURVE_WITH_KNOTS('',2,(#2233,#2234,#2235),
  .UNSPECIFIED.,.F.,.F.,(3,3),(0.,1.),.PIECEWISE_BEZIER_KNOTS.);
#2233 = CARTESIAN_POINT('',(-0.134328735015,-3.331954747774,10.));
#2234 = CARTESIAN_POINT('',(-0.12584394273,-3.520150222552,10.));
#2235 = CARTESIAN_POINT('',(-0.12584394273,-3.701947329377,10.));
#2236 = VECTOR('',#2237,1.);
#2237 = DIRECTION('',(0.,0.,1.));
#2238 = ADVANCED_FACE('',(#2239),#2257,.T.);
#2239 = FACE_BOUND('',#2240,.T.);
#2240 = EDGE_LOOP('',(#2241,#2249,#2255,#2256));
#2241 = ORIENTED_EDGE('',*,*,#2242,.T.);
#2242 = EDGE_CURVE('',#738,#2243,#2245,.T.);
#2243 = VERTEX_POINT('',#2244);
#2244 = CARTESIAN_POINT('',(-0.305276435312,-2.683772255193,9.6));
#2245 = LINE('',#2246,#2247);
#2246 = CARTESIAN_POINT('',(-0.305276435312,-2.683772255193,10.));
#2247 = VECTOR('',#2248,1.);
#2248 = DIRECTION('',(-0.,-0.,-1.));
#2249 = ORIENTED_EDGE('',*,*,#2250,.T.);
#2250 = EDGE_CURVE('',#2243,#2217,#2251,.T.);
#2251 = B_SPLINE_CURVE_WITH_KNOTS('',2,(#2252,#2253,#2254),
  .UNSPECIFIED.,.F.,.F.,(3,3),(0.,1.),.PIECEWISE_BEZIER_KNOTS.);
#2252 = CARTESIAN_POINT('',(-0.305276435312,-2.683772255193,9.6));
#2253 = CARTESIAN_POINT('',(-0.142952622255,-2.946800816024,9.6));
#2254 = CARTESIAN_POINT('',(-0.134328735015,-3.331954747774,9.6));
#2255 = ORIENTED_EDGE('',*,*,#2216,.F.);
#2256 = ORIENTED_EDGE('',*,*,#745,.F.);
#2257 = SURFACE_OF_LINEAR_EXTRUSION('',#2258,#2262);
#2258 = B_SPLINE_CURVE_WITH_KNOTS('',2,(#2259,#2260,#2261),
  .UNSPECIFIED.,.F.,.F.,(3,3),(0.,1.),.PIECEWISE_BEZIER_KNOTS.);
#2259 = CARTESIAN_POINT('',(-0.305276435312,-2.683772255193,10.));
#2260 = CARTESIAN_POINT('',(-0.142952622255,-2.946800816024,10.));
#2261 = CARTESIAN_POINT('',(-0.134328735015,-3.331954747774,10.));
#2262 = VECTOR('',#2263,1.);
#2263 = DIRECTION('',(0.,0.,1.));
#2264 = ADVANCED_FACE('',(#2265),#2283,.T.);
#2265 = FACE_BOUND('',#2266,.T.);
#2266 = EDGE_LOOP('',(#2267,#2275,#2281,#2282));
#2267 = ORIENTED_EDGE('',*,*,#2268,.T.);
#2268 = EDGE_CURVE('',#730,#2269,#2271,.T.);
#2269 = VERTEX_POINT('',#2270);
#2270 = CARTESIAN_POINT('',(-0.751771242433,-2.28818620178,9.6));
#2271 = LINE('',#2272,#2273);
#2272 = CARTESIAN_POINT('',(-0.751771242433,-2.28818620178,10.));
#2273 = VECTOR('',#2274,1.);
#2274 = DIRECTION('',(-0.,-0.,-1.));
#2275 = ORIENTED_EDGE('',*,*,#2276,.T.);
#2276 = EDGE_CURVE('',#2269,#2243,#2277,.T.);
#2277 = B_SPLINE_CURVE_WITH_KNOTS('',2,(#2278,#2279,#2280),
  .UNSPECIFIED.,.F.,.F.,(3,3),(0.,1.),.PIECEWISE_BEZIER_KNOTS.);
#2278 = CARTESIAN_POINT('',(-0.751771242433,-2.28818620178,9.6));
#2279 = CARTESIAN_POINT('',(-0.467600248368,-2.420743694362,9.6));
#2280 = CARTESIAN_POINT('',(-0.305276435312,-2.683772255193,9.6));
#2281 = ORIENTED_EDGE('',*,*,#2242,.F.);
#2282 = ORIENTED_EDGE('',*,*,#737,.F.);
#2283 = SURFACE_OF_LINEAR_EXTRUSION('',#2284,#2288);
#2284 = B_SPLINE_CURVE_WITH_KNOTS('',2,(#2285,#2286,#2287),
  .UNSPECIFIED.,.F.,.F.,(3,3),(0.,1.),.PIECEWISE_BEZIER_KNOTS.);
#2285 = CARTESIAN_POINT('',(-0.751771242433,-2.28818620178,10.));
#2286 = CARTESIAN_POINT('',(-0.467600248368,-2.420743694362,10.));
#2287 = CARTESIAN_POINT('',(-0.305276435312,-2.683772255193,10.));
#2288 = VECTOR('',#2289,1.);
#2289 = DIRECTION('',(0.,0.,1.));
#2290 = ADVANCED_FACE('',(#2291),#2309,.T.);
#2291 = FACE_BOUND('',#2292,.T.);
#2292 = EDGE_LOOP('',(#2293,#2301,#2307,#2308));
#2293 = ORIENTED_EDGE('',*,*,#2294,.T.);
#2294 = EDGE_CURVE('',#722,#2295,#2297,.T.);
#2295 = VERTEX_POINT('',#2296);
#2296 = CARTESIAN_POINT('',(-1.412054996142,-2.155489614243,9.6));
#2297 = LINE('',#2298,#2299);
#2298 = CARTESIAN_POINT('',(-1.412054996142,-2.155489614243,10.));
#2299 = VECTOR('',#2300,1.);
#2300 = DIRECTION('',(-0.,-0.,-1.));
#2301 = ORIENTED_EDGE('',*,*,#2302,.T.);
#2302 = EDGE_CURVE('',#2295,#2269,#2303,.T.);
#2303 = B_SPLINE_CURVE_WITH_KNOTS('',2,(#2304,#2305,#2306),
  .UNSPECIFIED.,.F.,.F.,(3,3),(0.,1.),.PIECEWISE_BEZIER_KNOTS.);
#2304 = CARTESIAN_POINT('',(-1.412054996142,-2.155489614243,9.6));
#2305 = CARTESIAN_POINT('',(-1.035942236499,-2.155489614243,9.6));
#2306 = CARTESIAN_POINT('',(-0.751771242433,-2.28818620178,9.6));
#2307 = ORIENTED_EDGE('',*,*,#2268,.F.);
#2308 = ORIENTED_EDGE('',*,*,#729,.F.);
#2309 = SURFACE_OF_LINEAR_EXTRUSION('',#2310,#2314);
#2310 = B_SPLINE_CURVE_WITH_KNOTS('',2,(#2311,#2312,#2313),
  .UNSPECIFIED.,.F.,.F.,(3,3),(0.,1.),.PIECEWISE_BEZIER_KNOTS.);
#2311 = CARTESIAN_POINT('',(-1.412054996142,-2.155489614243,10.));
#2312 = CARTESIAN_POINT('',(-1.035942236499,-2.155489614243,10.));
#2313 = CARTESIAN_POINT('',(-0.751771242433,-2.28818620178,10.));
#2314 = VECTOR('',#2315,1.);
#2315 = DIRECTION('',(0.,0.,1.));
#2316 = ADVANCED_FACE('',(#2317),#2335,.T.);
#2317 = FACE_BOUND('',#2318,.T.);
#2318 = EDGE_LOOP('',(#2319,#2327,#2333,#2334));
#2319 = ORIENTED_EDGE('',*,*,#2320,.T.);
#2320 = EDGE_CURVE('',#714,#2321,#2323,.T.);
#2321 = VERTEX_POINT('',#2322);
#2322 = CARTESIAN_POINT('',(-2.076511598516,-2.28818620178,9.6));
#2323 = LINE('',#2324,#2325);
#2324 = CARTESIAN_POINT('',(-2.076511598516,-2.28818620178,10.));
#2325 = VECTOR('',#2326,1.);
#2326 = DIRECTION('',(-0.,-0.,-1.));
#2327 = ORIENTED_EDGE('',*,*,#2328,.T.);
#2328 = EDGE_CURVE('',#2321,#2295,#2329,.T.);
#2329 = B_SPLINE_CURVE_WITH_KNOTS('',2,(#2330,#2331,#2332),
  .UNSPECIFIED.,.F.,.F.,(3,3),(0.,1.),.PIECEWISE_BEZIER_KNOTS.);
#2330 = CARTESIAN_POINT('',(-2.076511598516,-2.28818620178,9.6));
#2331 = CARTESIAN_POINT('',(-1.792340604451,-2.155489614243,9.6));
#2332 = CARTESIAN_POINT('',(-1.412054996142,-2.155489614243,9.6));
#2333 = ORIENTED_EDGE('',*,*,#2294,.F.);
#2334 = ORIENTED_EDGE('',*,*,#721,.F.);
#2335 = SURFACE_OF_LINEAR_EXTRUSION('',#2336,#2340);
#2336 = B_SPLINE_CURVE_WITH_KNOTS('',2,(#2337,#2338,#2339),
  .UNSPECIFIED.,.F.,.F.,(3,3),(0.,1.),.PIECEWISE_BEZIER_KNOTS.);
#2337 = CARTESIAN_POINT('',(-2.076511598516,-2.28818620178,10.));
#2338 = CARTESIAN_POINT('',(-1.792340604451,-2.155489614243,10.));
#2339 = CARTESIAN_POINT('',(-1.412054996142,-2.155489614243,10.));
#2340 = VECTOR('',#2341,1.);
#2341 = DIRECTION('',(0.,0.,1.));
#2342 = ADVANCED_FACE('',(#2343),#2361,.T.);
#2343 = FACE_BOUND('',#2344,.T.);
#2344 = EDGE_LOOP('',(#2345,#2353,#2359,#2360));
#2345 = ORIENTED_EDGE('',*,*,#2346,.T.);
#2346 = EDGE_CURVE('',#706,#2347,#2349,.T.);
#2347 = VERTEX_POINT('',#2348);
#2348 = CARTESIAN_POINT('',(-2.52078088635,-2.683772255193,9.6));
#2349 = LINE('',#2350,#2351);
#2350 = CARTESIAN_POINT('',(-2.52078088635,-2.683772255193,10.));
#2351 = VECTOR('',#2352,1.);
#2352 = DIRECTION('',(-0.,-0.,-1.));
#2353 = ORIENTED_EDGE('',*,*,#2354,.T.);
#2354 = EDGE_CURVE('',#2347,#2321,#2355,.T.);
#2355 = B_SPLINE_CURVE_WITH_KNOTS('',2,(#2356,#2357,#2358),
  .UNSPECIFIED.,.F.,.F.,(3,3),(0.,1.),.PIECEWISE_BEZIER_KNOTS.);
#2356 = CARTESIAN_POINT('',(-2.52078088635,-2.683772255193,9.6));
#2357 = CARTESIAN_POINT('',(-2.360543497626,-2.420743694362,9.6));
#2358 = CARTESIAN_POINT('',(-2.076511598516,-2.28818620178,9.6));
#2359 = ORIENTED_EDGE('',*,*,#2320,.F.);
#2360 = ORIENTED_EDGE('',*,*,#713,.F.);
#2361 = SURFACE_OF_LINEAR_EXTRUSION('',#2362,#2366);
#2362 = B_SPLINE_CURVE_WITH_KNOTS('',2,(#2363,#2364,#2365),
  .UNSPECIFIED.,.F.,.F.,(3,3),(0.,1.),.PIECEWISE_BEZIER_KNOTS.);
#2363 = CARTESIAN_POINT('',(-2.52078088635,-2.683772255193,10.));
#2364 = CARTESIAN_POINT('',(-2.360543497626,-2.420743694362,10.));
#2365 = CARTESIAN_POINT('',(-2.076511598516,-2.28818620178,10.));
#2366 = VECTOR('',#2367,1.);
#2367 = DIRECTION('',(0.,0.,1.));
#2368 = ADVANCED_FACE('',(#2369),#2387,.T.);
#2369 = FACE_BOUND('',#2370,.T.);
#2370 = EDGE_LOOP('',(#2371,#2379,#2385,#2386));
#2371 = ORIENTED_EDGE('',*,*,#2372,.T.);
#2372 = EDGE_CURVE('',#698,#2373,#2375,.T.);
#2373 = VERTEX_POINT('',#2374);
#2374 = CARTESIAN_POINT('',(-2.693954105935,-3.331954747774,9.6));
#2375 = LINE('',#2376,#2377);
#2376 = CARTESIAN_POINT('',(-2.693954105935,-3.331954747774,10.));
#2377 = VECTOR('',#2378,1.);
#2378 = DIRECTION('',(-0.,-0.,-1.));
#2379 = ORIENTED_EDGE('',*,*,#2380,.T.);
#2380 = EDGE_CURVE('',#2373,#2347,#2381,.T.);
#2381 = B_SPLINE_CURVE_WITH_KNOTS('',2,(#2382,#2383,#2384),
  .UNSPECIFIED.,.F.,.F.,(3,3),(0.,1.),.PIECEWISE_BEZIER_KNOTS.);
#2382 = CARTESIAN_POINT('',(-2.693954105935,-3.331954747774,9.6));
#2383 = CARTESIAN_POINT('',(-2.681018275074,-2.946800816024,9.6));
#2384 = CARTESIAN_POINT('',(-2.52078088635,-2.683772255193,9.6));
#2385 = ORIENTED_EDGE('',*,*,#2346,.F.);
#2386 = ORIENTED_EDGE('',*,*,#705,.F.);
#2387 = SURFACE_OF_LINEAR_EXTRUSION('',#2388,#2392);
#2388 = B_SPLINE_CURVE_WITH_KNOTS('',2,(#2389,#2390,#2391),
  .UNSPECIFIED.,.F.,.F.,(3,3),(0.,1.),.PIECEWISE_BEZIER_KNOTS.);
#2389 = CARTESIAN_POINT('',(-2.693954105935,-3.331954747774,10.));
#2390 = CARTESIAN_POINT('',(-2.681018275074,-2.946800816024,10.));
#2391 = CARTESIAN_POINT('',(-2.52078088635,-2.683772255193,10.));
#2392 = VECTOR('',#2393,1.);
#2393 = DIRECTION('',(0.,0.,1.));
#2394 = ADVANCED_FACE('',(#2395),#2413,.T.);
#2395 = FACE_BOUND('',#2396,.T.);
#2396 = EDGE_LOOP('',(#2397,#2405,#2411,#2412));
#2397 = ORIENTED_EDGE('',*,*,#2398,.T.);
#2398 = EDGE_CURVE('',#690,#2399,#2401,.T.);
#2399 = VERTEX_POINT('',#2400);
#2400 = CARTESIAN_POINT('',(-2.698126954599,-3.701947329377,9.6));
#2401 = LINE('',#2402,#2403);
#2402 = CARTESIAN_POINT('',(-2.698126954599,-3.701947329377,10.));
#2403 = VECTOR('',#2404,1.);
#2404 = DIRECTION('',(-0.,-0.,-1.));
#2405 = ORIENTED_EDGE('',*,*,#2406,.T.);
#2406 = EDGE_CURVE('',#2399,#2373,#2407,.T.);
#2407 = B_SPLINE_CURVE_WITH_KNOTS('',2,(#2408,#2409,#2410),
  .UNSPECIFIED.,.F.,.F.,(3,3),(0.,1.),.PIECEWISE_BEZIER_KNOTS.);
#2408 = CARTESIAN_POINT('',(-2.698126954599,-3.701947329377,9.6));
#2409 = CARTESIAN_POINT('',(-2.698126954599,-3.520150222552,9.6));
#2410 = CARTESIAN_POINT('',(-2.693954105935,-3.331954747774,9.6));
#2411 = ORIENTED_EDGE('',*,*,#2372,.F.);
#2412 = ORIENTED_EDGE('',*,*,#697,.F.);
#2413 = SURFACE_OF_LINEAR_EXTRUSION('',#2414,#2418);
#2414 = B_SPLINE_CURVE_WITH_KNOTS('',2,(#2415,#2416,#2417),
  .UNSPECIFIED.,.F.,.F.,(3,3),(0.,1.),.PIECEWISE_BEZIER_KNOTS.);
#2415 = CARTESIAN_POINT('',(-2.698126954599,-3.701947329377,10.));
#2416 = CARTESIAN_POINT('',(-2.698126954599,-3.520150222552,10.));
#2417 = CARTESIAN_POINT('',(-2.693954105935,-3.331954747774,10.));
#2418 = VECTOR('',#2419,1.);
#2419 = DIRECTION('',(0.,0.,1.));
#2420 = ADVANCED_FACE('',(#2421),#2439,.T.);
#2421 = FACE_BOUND('',#2422,.T.);
#2422 = EDGE_LOOP('',(#2423,#2431,#2437,#2438));
#2423 = ORIENTED_EDGE('',*,*,#2424,.T.);
#2424 = EDGE_CURVE('',#682,#2425,#2427,.T.);
#2425 = VERTEX_POINT('',#2426);
#2426 = CARTESIAN_POINT('',(-2.693954105935,-4.067767062315,9.6));
#2427 = LINE('',#2428,#2429);
#2428 = CARTESIAN_POINT('',(-2.693954105935,-4.067767062315,10.));
#2429 = VECTOR('',#2430,1.);
#2430 = DIRECTION('',(-0.,-0.,-1.));
#2431 = ORIENTED_EDGE('',*,*,#2432,.T.);
#2432 = EDGE_CURVE('',#2425,#2399,#2433,.T.);
#2433 = B_SPLINE_CURVE_WITH_KNOTS('',2,(#2434,#2435,#2436),
  .UNSPECIFIED.,.F.,.F.,(3,3),(0.,1.),.PIECEWISE_BEZIER_KNOTS.);
#2434 = CARTESIAN_POINT('',(-2.693954105935,-4.067767062315,9.6));
#2435 = CARTESIAN_POINT('',(-2.698126954599,-3.883744436202,9.6));
#2436 = CARTESIAN_POINT('',(-2.698126954599,-3.701947329377,9.6));
#2437 = ORIENTED_EDGE('',*,*,#2398,.F.);
#2438 = ORIENTED_EDGE('',*,*,#689,.F.);
#2439 = SURFACE_OF_LINEAR_EXTRUSION('',#2440,#2444);
#2440 = B_SPLINE_CURVE_WITH_KNOTS('',2,(#2441,#2442,#2443),
  .UNSPECIFIED.,.F.,.F.,(3,3),(0.,1.),.PIECEWISE_BEZIER_KNOTS.);
#2441 = CARTESIAN_POINT('',(-2.693954105935,-4.067767062315,10.));
#2442 = CARTESIAN_POINT('',(-2.698126954599,-3.883744436202,10.));
#2443 = CARTESIAN_POINT('',(-2.698126954599,-3.701947329377,10.));
#2444 = VECTOR('',#2445,1.);
#2445 = DIRECTION('',(0.,0.,1.));
#2446 = ADVANCED_FACE('',(#2447),#2465,.T.);
#2447 = FACE_BOUND('',#2448,.T.);
#2448 = EDGE_LOOP('',(#2449,#2457,#2463,#2464));
#2449 = ORIENTED_EDGE('',*,*,#2450,.T.);
#2450 = EDGE_CURVE('',#674,#2451,#2453,.T.);
#2451 = VERTEX_POINT('',#2452);
#2452 = CARTESIAN_POINT('',(-2.523006405638,-4.720122403561,9.6));
#2453 = LINE('',#2454,#2455);
#2454 = CARTESIAN_POINT('',(-2.523006405638,-4.720122403561,10.));
#2455 = VECTOR('',#2456,1.);
#2456 = DIRECTION('',(-0.,-0.,-1.));
#2457 = ORIENTED_EDGE('',*,*,#2458,.T.);
#2458 = EDGE_CURVE('',#2451,#2425,#2459,.T.);
#2459 = B_SPLINE_CURVE_WITH_KNOTS('',2,(#2460,#2461,#2462),
  .UNSPECIFIED.,.F.,.F.,(3,3),(0.,1.),.PIECEWISE_BEZIER_KNOTS.);
#2460 = CARTESIAN_POINT('',(-2.523006405638,-4.720122403561,9.6));
#2461 = CARTESIAN_POINT('',(-2.681018275074,-4.46140578635,9.6));
#2462 = CARTESIAN_POINT('',(-2.693954105935,-4.067767062315,9.6));
#2463 = ORIENTED_EDGE('',*,*,#2424,.F.);
#2464 = ORIENTED_EDGE('',*,*,#681,.F.);
#2465 = SURFACE_OF_LINEAR_EXTRUSION('',#2466,#2470);
#2466 = B_SPLINE_CURVE_WITH_KNOTS('',2,(#2467,#2468,#2469),
  .UNSPECIFIED.,.F.,.F.,(3,3),(0.,1.),.PIECEWISE_BEZIER_KNOTS.);
#2467 = CARTESIAN_POINT('',(-2.523006405638,-4.720122403561,10.));
#2468 = CARTESIAN_POINT('',(-2.681018275074,-4.46140578635,10.));
#2469 = CARTESIAN_POINT('',(-2.693954105935,-4.067767062315,10.));
#2470 = VECTOR('',#2471,1.);
#2471 = DIRECTION('',(0.,0.,1.));
#2472 = ADVANCED_FACE('',(#2473),#2491,.T.);
#2473 = FACE_BOUND('',#2474,.T.);
#2474 = EDGE_LOOP('',(#2475,#2483,#2489,#2490));
#2475 = ORIENTED_EDGE('',*,*,#2476,.T.);
#2476 = EDGE_CURVE('',#666,#2477,#2479,.T.);
#2477 = VERTEX_POINT('',#2478);
#2478 = CARTESIAN_POINT('',(-2.082909966469,-5.107223664688,9.6));
#2479 = LINE('',#2480,#2481);
#2480 = CARTESIAN_POINT('',(-2.082909966469,-5.107223664688,10.));
#2481 = VECTOR('',#2482,1.);
#2482 = DIRECTION('',(-0.,-0.,-1.));
#2483 = ORIENTED_EDGE('',*,*,#2484,.T.);
#2484 = EDGE_CURVE('',#2477,#2451,#2485,.T.);
#2485 = B_SPLINE_CURVE_WITH_KNOTS('',2,(#2486,#2487,#2488),
  .UNSPECIFIED.,.F.,.F.,(3,3),(0.,1.),.PIECEWISE_BEZIER_KNOTS.);
#2486 = CARTESIAN_POINT('',(-2.082909966469,-5.107223664688,9.6));
#2487 = CARTESIAN_POINT('',(-2.364855441246,-4.978839020772,9.6));
#2488 = CARTESIAN_POINT('',(-2.523006405638,-4.720122403561,9.6));
#2489 = ORIENTED_EDGE('',*,*,#2450,.F.);
#2490 = ORIENTED_EDGE('',*,*,#673,.F.);
#2491 = SURFACE_OF_LINEAR_EXTRUSION('',#2492,#2496);
#2492 = B_SPLINE_CURVE_WITH_KNOTS('',2,(#2493,#2494,#2495),
  .UNSPECIFIED.,.F.,.F.,(3,3),(0.,1.),.PIECEWISE_BEZIER_KNOTS.);
#2493 = CARTESIAN_POINT('',(-2.082909966469,-5.107223664688,10.));
#2494 = CARTESIAN_POINT('',(-2.364855441246,-4.978839020772,10.));
#2495 = CARTESIAN_POINT('',(-2.523006405638,-4.720122403561,10.));
#2496 = VECTOR('',#2497,1.);
#2497 = DIRECTION('',(0.,0.,1.));
#2498 = ADVANCED_FACE('',(#2499),#2510,.T.);
#2499 = FACE_BOUND('',#2500,.T.);
#2500 = EDGE_LOOP('',(#2501,#2502,#2508,#2509));
#2501 = ORIENTED_EDGE('',*,*,#2121,.T.);
#2502 = ORIENTED_EDGE('',*,*,#2503,.T.);
#2503 = EDGE_CURVE('',#2114,#2477,#2504,.T.);
#2504 = B_SPLINE_CURVE_WITH_KNOTS('',2,(#2505,#2506,#2507),
  .UNSPECIFIED.,.F.,.F.,(3,3),(0.,1.),.PIECEWISE_BEZIER_KNOTS.);
#2505 = CARTESIAN_POINT('',(-1.412054996142,-5.235608308605,9.6));
#2506 = CARTESIAN_POINT('',(-1.800825396736,-5.235608308605,9.6));
#2507 = CARTESIAN_POINT('',(-2.082909966469,-5.107223664688,9.6));
#2508 = ORIENTED_EDGE('',*,*,#2476,.F.);
#2509 = ORIENTED_EDGE('',*,*,#665,.F.);
#2510 = SURFACE_OF_LINEAR_EXTRUSION('',#2511,#2515);
#2511 = B_SPLINE_CURVE_WITH_KNOTS('',2,(#2512,#2513,#2514),
  .UNSPECIFIED.,.F.,.F.,(3,3),(0.,1.),.PIECEWISE_BEZIER_KNOTS.);
#2512 = CARTESIAN_POINT('',(-1.412054996142,-5.235608308605,10.));
#2513 = CARTESIAN_POINT('',(-1.800825396736,-5.235608308605,10.));
#2514 = CARTESIAN_POINT('',(-2.082909966469,-5.107223664688,10.));
#2515 = VECTOR('',#2516,1.);
#2516 = DIRECTION('',(0.,0.,1.));
#2517 = ADVANCED_FACE('',(#2518),#2543,.T.);
#2518 = FACE_BOUND('',#2519,.T.);
#2519 = EDGE_LOOP('',(#2520,#2528,#2536,#2542));
#2520 = ORIENTED_EDGE('',*,*,#2521,.T.);
#2521 = EDGE_CURVE('',#786,#2522,#2524,.T.);
#2522 = VERTEX_POINT('',#2523);
#2523 = CARTESIAN_POINT('',(0.864651235312,-5.2,9.6));
#2524 = LINE('',#2525,#2526);
#2525 = CARTESIAN_POINT('',(0.864651235312,-5.2,10.));
#2526 = VECTOR('',#2527,1.);
#2527 = DIRECTION('',(-0.,-0.,-1.));
#2528 = ORIENTED_EDGE('',*,*,#2529,.T.);
#2529 = EDGE_CURVE('',#2522,#2530,#2532,.T.);
#2530 = VERTEX_POINT('',#2531);
#2531 = CARTESIAN_POINT('',(0.400908653709,-5.2,9.6));
#2532 = LINE('',#2533,#2534);
#2533 = CARTESIAN_POINT('',(0.864651235312,-5.2,9.6));
#2534 = VECTOR('',#2535,1.);
#2535 = DIRECTION('',(-1.,0.,0.));
#2536 = ORIENTED_EDGE('',*,*,#2537,.F.);
#2537 = EDGE_CURVE('',#788,#2530,#2538,.T.);
#2538 = LINE('',#2539,#2540);
#2539 = CARTESIAN_POINT('',(0.400908653709,-5.2,10.));
#2540 = VECTOR('',#2541,1.);
#2541 = DIRECTION('',(-0.,-0.,-1.));
#2542 = ORIENTED_EDGE('',*,*,#785,.F.);
#2543 = PLANE('',#2544);
#2544 = AXIS2_PLACEMENT_3D('',#2545,#2546,#2547);
#2545 = CARTESIAN_POINT('',(0.864651235312,-5.2,10.));
#2546 = DIRECTION('',(0.,1.,0.));
#2547 = DIRECTION('',(-1.,0.,0.));
#2548 = ADVANCED_FACE('',(#2549),#2567,.T.);
#2549 = FACE_BOUND('',#2550,.T.);
#2550 = EDGE_LOOP('',(#2551,#2559,#2565,#2566));
#2551 = ORIENTED_EDGE('',*,*,#2552,.T.);
#2552 = EDGE_CURVE('',#956,#2553,#2555,.T.);
#2553 = VERTEX_POINT('',#2554);
#2554 = CARTESIAN_POINT('',(0.941292555786,-5.17009458457,9.6));
#2555 = LINE('',#2556,#2557);
#2556 = CARTESIAN_POINT('',(0.941292555786,-5.17009458457,10.));
#2557 = VECTOR('',#2558,1.);
#2558 = DIRECTION('',(-0.,-0.,-1.));
#2559 = ORIENTED_EDGE('',*,*,#2560,.T.);
#2560 = EDGE_CURVE('',#2553,#2522,#2561,.T.);
#2561 = B_SPLINE_CURVE_WITH_KNOTS('',2,(#2562,#2563,#2564),
  .UNSPECIFIED.,.F.,.F.,(3,3),(0.,1.),.PIECEWISE_BEZIER_KNOTS.);
#2562 = CARTESIAN_POINT('',(0.941292555786,-5.17009458457,9.6));
#2563 = CARTESIAN_POINT('',(0.911526235312,-5.2,9.6));
#2564 = CARTESIAN_POINT('',(0.864651235312,-5.2,9.6));
#2565 = ORIENTED_EDGE('',*,*,#2521,.F.);
#2566 = ORIENTED_EDGE('',*,*,#963,.F.);
#2567 = SURFACE_OF_LINEAR_EXTRUSION('',#2568,#2572);
#2568 = B_SPLINE_CURVE_WITH_KNOTS('',2,(#2569,#2570,#2571),
  .UNSPECIFIED.,.F.,.F.,(3,3),(0.,1.),.PIECEWISE_BEZIER_KNOTS.);
#2569 = CARTESIAN_POINT('',(0.941292555786,-5.17009458457,10.));
#2570 = CARTESIAN_POINT('',(0.911526235312,-5.2,10.));
#2571 = CARTESIAN_POINT('',(0.864651235312,-5.2,10.));
#2572 = VECTOR('',#2573,1.);
#2573 = DIRECTION('',(0.,0.,1.));
#2574 = ADVANCED_FACE('',(#2575),#2593,.T.);
#2575 = FACE_BOUND('',#2576,.T.);
#2576 = EDGE_LOOP('',(#2577,#2585,#2591,#2592));
#2577 = ORIENTED_EDGE('',*,*,#2578,.T.);
#2578 = EDGE_CURVE('',#948,#2579,#2581,.T.);
#2579 = VERTEX_POINT('',#2580);
#2580 = CARTESIAN_POINT('',(0.971058876261,-5.093035979228,9.6));
#2581 = LINE('',#2582,#2583);
#2582 = CARTESIAN_POINT('',(0.971058876261,-5.093035979228,10.));
#2583 = VECTOR('',#2584,1.);
#2584 = DIRECTION('',(-0.,-0.,-1.));
#2585 = ORIENTED_EDGE('',*,*,#2586,.T.);
#2586 = EDGE_CURVE('',#2579,#2553,#2587,.T.);
#2587 = B_SPLINE_CURVE_WITH_KNOTS('',2,(#2588,#2589,#2590),
  .UNSPECIFIED.,.F.,.F.,(3,3),(0.,1.),.PIECEWISE_BEZIER_KNOTS.);
#2588 = CARTESIAN_POINT('',(0.971058876261,-5.093035979228,9.6));
#2589 = CARTESIAN_POINT('',(0.971058876261,-5.140189169139,9.6));
#2590 = CARTESIAN_POINT('',(0.941292555786,-5.17009458457,9.6));
#2591 = ORIENTED_EDGE('',*,*,#2552,.F.);
#2592 = ORIENTED_EDGE('',*,*,#955,.F.);
#2593 = SURFACE_OF_LINEAR_EXTRUSION('',#2594,#2598);
#2594 = B_SPLINE_CURVE_WITH_KNOTS('',2,(#2595,#2596,#2597),
  .UNSPECIFIED.,.F.,.F.,(3,3),(0.,1.),.PIECEWISE_BEZIER_KNOTS.);
#2595 = CARTESIAN_POINT('',(0.971058876261,-5.093035979228,10.));
#2596 = CARTESIAN_POINT('',(0.971058876261,-5.140189169139,10.));
#2597 = CARTESIAN_POINT('',(0.941292555786,-5.17009458457,10.));
#2598 = VECTOR('',#2599,1.);
#2599 = DIRECTION('',(0.,0.,1.));
#2600 = ADVANCED_FACE('',(#2601),#2619,.T.);
#2601 = FACE_BOUND('',#2602,.T.);
#2602 = EDGE_LOOP('',(#2603,#2611,#2617,#2618));
#2603 = ORIENTED_EDGE('',*,*,#2604,.T.);
#2604 = EDGE_CURVE('',#940,#2605,#2607,.T.);
#2605 = VERTEX_POINT('',#2606);
#2606 = CARTESIAN_POINT('',(0.971058876261,-4.105044510386,9.6));
#2607 = LINE('',#2608,#2609);
#2608 = CARTESIAN_POINT('',(0.971058876261,-4.105044510386,10.));
#2609 = VECTOR('',#2610,1.);
#2610 = DIRECTION('',(-0.,-0.,-1.));
#2611 = ORIENTED_EDGE('',*,*,#2612,.T.);
#2612 = EDGE_CURVE('',#2605,#2579,#2613,.T.);
#2613 = LINE('',#2614,#2615);
#2614 = CARTESIAN_POINT('',(0.971058876261,-4.105044510386,9.6));
#2615 = VECTOR('',#2616,1.);
#2616 = DIRECTION('',(0.,-1.,0.));
#2617 = ORIENTED_EDGE('',*,*,#2578,.F.);
#2618 = ORIENTED_EDGE('',*,*,#947,.F.);
#2619 = PLANE('',#2620);
#2620 = AXIS2_PLACEMENT_3D('',#2621,#2622,#2623);
#2621 = CARTESIAN_POINT('',(0.971058876261,-4.105044510386,10.));
#2622 = DIRECTION('',(-1.,0.,0.));
#2623 = DIRECTION('',(0.,-1.,0.));
#2624 = ADVANCED_FACE('',(#2625),#2643,.T.);
#2625 = FACE_BOUND('',#2626,.T.);
#2626 = EDGE_LOOP('',(#2627,#2635,#2641,#2642));
#2627 = ORIENTED_EDGE('',*,*,#2628,.T.);
#2628 = EDGE_CURVE('',#932,#2629,#2631,.T.);
#2629 = VERTEX_POINT('',#2630);
#2630 = CARTESIAN_POINT('',(1.486822971217,-4.105044510386,9.6));
#2631 = LINE('',#2632,#2633);
#2632 = CARTESIAN_POINT('',(1.486822971217,-4.105044510386,10.));
#2633 = VECTOR('',#2634,1.);
#2634 = DIRECTION('',(-0.,-0.,-1.));
#2635 = ORIENTED_EDGE('',*,*,#2636,.T.);
#2636 = EDGE_CURVE('',#2629,#2605,#2637,.T.);
#2637 = LINE('',#2638,#2639);
#2638 = CARTESIAN_POINT('',(1.486822971217,-4.105044510386,9.6));
#2639 = VECTOR('',#2640,1.);
#2640 = DIRECTION('',(-1.,0.,0.));
#2641 = ORIENTED_EDGE('',*,*,#2604,.F.);
#2642 = ORIENTED_EDGE('',*,*,#939,.F.);
#2643 = PLANE('',#2644);
#2644 = AXIS2_PLACEMENT_3D('',#2645,#2646,#2647);
#2645 = CARTESIAN_POINT('',(1.486822971217,-4.105044510386,10.));
#2646 = DIRECTION('',(0.,1.,0.));
#2647 = DIRECTION('',(-1.,0.,0.));
#2648 = ADVANCED_FACE('',(#2649),#2667,.T.);
#2649 = FACE_BOUND('',#2650,.T.);
#2650 = EDGE_LOOP('',(#2651,#2659,#2665,#2666));
#2651 = ORIENTED_EDGE('',*,*,#2652,.T.);
#2652 = EDGE_CURVE('',#924,#2653,#2655,.T.);
#2653 = VERTEX_POINT('',#2654);
#2654 = CARTESIAN_POINT('',(2.009820003858,-5.084551186944,9.6));
#2655 = LINE('',#2656,#2657);
#2656 = CARTESIAN_POINT('',(2.009820003858,-5.084551186944,10.));
#2657 = VECTOR('',#2658,1.);
#2658 = DIRECTION('',(-0.,-0.,-1.));
#2659 = ORIENTED_EDGE('',*,*,#2660,.T.);
#2660 = EDGE_CURVE('',#2653,#2629,#2661,.T.);
#2661 = LINE('',#2662,#2663);
#2662 = CARTESIAN_POINT('',(2.009820003858,-5.084551186944,9.6));
#2663 = VECTOR('',#2664,1.);
#2664 = DIRECTION('',(-0.47100429513,0.88213091657,0.));
#2665 = ORIENTED_EDGE('',*,*,#2628,.F.);
#2666 = ORIENTED_EDGE('',*,*,#931,.F.);
#2667 = PLANE('',#2668);
#2668 = AXIS2_PLACEMENT_3D('',#2669,#2670,#2671);
#2669 = CARTESIAN_POINT('',(2.009820003858,-5.084551186944,10.));
#2670 = DIRECTION('',(0.88213091657,0.47100429513,0.));
#2671 = DIRECTION('',(-0.47100429513,0.88213091657,0.));
#2672 = ADVANCED_FACE('',(#2673),#2691,.T.);
#2673 = FACE_BOUND('',#2674,.T.);
#2674 = EDGE_LOOP('',(#2675,#2683,#2689,#2690));
#2675 = ORIENTED_EDGE('',*,*,#2676,.T.);
#2676 = EDGE_CURVE('',#916,#2677,#2679,.T.);
#2677 = VERTEX_POINT('',#2678);
#2678 = CARTESIAN_POINT('',(2.065457986053,-5.159384272997,9.6));
#2679 = LINE('',#2680,#2681);
#2680 = CARTESIAN_POINT('',(2.065457986053,-5.159384272997,10.));
#2681 = VECTOR('',#2682,1.);
#2682 = DIRECTION('',(-0.,-0.,-1.));
#2683 = ORIENTED_EDGE('',*,*,#2684,.T.);
#2684 = EDGE_CURVE('',#2677,#2653,#2685,.T.);
#2685 = B_SPLINE_CURVE_WITH_KNOTS('',2,(#2686,#2687,#2688),
  .UNSPECIFIED.,.F.,.F.,(3,3),(0.,1.),.PIECEWISE_BEZIER_KNOTS.);
#2686 = CARTESIAN_POINT('',(2.065457986053,-5.159384272997,9.6));
#2687 = CARTESIAN_POINT('',(2.026928683383,-5.118768545994,9.6));
#2688 = CARTESIAN_POINT('',(2.009820003858,-5.084551186944,9.6));
#2689 = ORIENTED_EDGE('',*,*,#2652,.F.);
#2690 = ORIENTED_EDGE('',*,*,#923,.F.);
#2691 = SURFACE_OF_LINEAR_EXTRUSION('',#2692,#2696);
#2692 = B_SPLINE_CURVE_WITH_KNOTS('',2,(#2693,#2694,#2695),
  .UNSPECIFIED.,.F.,.F.,(3,3),(0.,1.),.PIECEWISE_BEZIER_KNOTS.);
#2693 = CARTESIAN_POINT('',(2.065457986053,-5.159384272997,10.));
#2694 = CARTESIAN_POINT('',(2.026928683383,-5.118768545994,10.));
#2695 = CARTESIAN_POINT('',(2.009820003858,-5.084551186944,10.));
#2696 = VECTOR('',#2697,1.);
#2697 = DIRECTION('',(0.,0.,1.));
#2698 = ADVANCED_FACE('',(#2699),#2717,.T.);
#2699 = FACE_BOUND('',#2700,.T.);
#2700 = EDGE_LOOP('',(#2701,#2709,#2715,#2716));
#2701 = ORIENTED_EDGE('',*,*,#2702,.T.);
#2702 = EDGE_CURVE('',#908,#2703,#2705,.T.);
#2703 = VERTEX_POINT('',#2704);
#2704 = CARTESIAN_POINT('',(2.181184989021,-5.2,9.6));
#2705 = LINE('',#2706,#2707);
#2706 = CARTESIAN_POINT('',(2.181184989021,-5.2,10.));
#2707 = VECTOR('',#2708,1.);
#2708 = DIRECTION('',(-0.,-0.,-1.));
#2709 = ORIENTED_EDGE('',*,*,#2710,.T.);
#2710 = EDGE_CURVE('',#2703,#2677,#2711,.T.);
#2711 = B_SPLINE_CURVE_WITH_KNOTS('',2,(#2712,#2713,#2714),
  .UNSPECIFIED.,.F.,.F.,(3,3),(0.,1.),.PIECEWISE_BEZIER_KNOTS.);
#2712 = CARTESIAN_POINT('',(2.181184989021,-5.2,9.6));
#2713 = CARTESIAN_POINT('',(2.10412638368,-5.2,9.6));
#2714 = CARTESIAN_POINT('',(2.065457986053,-5.159384272997,9.6));
#2715 = ORIENTED_EDGE('',*,*,#2676,.F.);
#2716 = ORIENTED_EDGE('',*,*,#915,.F.);
#2717 = SURFACE_OF_LINEAR_EXTRUSION('',#2718,#2722);
#2718 = B_SPLINE_CURVE_WITH_KNOTS('',2,(#2719,#2720,#2721),
  .UNSPECIFIED.,.F.,.F.,(3,3),(0.,1.),.PIECEWISE_BEZIER_KNOTS.);
#2719 = CARTESIAN_POINT('',(2.181184989021,-5.2,10.));
#2720 = CARTESIAN_POINT('',(2.10412638368,-5.2,10.));
#2721 = CARTESIAN_POINT('',(2.065457986053,-5.159384272997,10.));
#2722 = VECTOR('',#2723,1.);
#2723 = DIRECTION('',(0.,0.,1.));
#2724 = ADVANCED_FACE('',(#2725),#2743,.T.);
#2725 = FACE_BOUND('',#2726,.T.);
#2726 = EDGE_LOOP('',(#2727,#2735,#2741,#2742));
#2727 = ORIENTED_EDGE('',*,*,#2728,.T.);
#2728 = EDGE_CURVE('',#900,#2729,#2731,.T.);
#2729 = VERTEX_POINT('',#2730);
#2730 = CARTESIAN_POINT('',(2.656889736795,-5.2,9.6));
#2731 = LINE('',#2732,#2733);
#2732 = CARTESIAN_POINT('',(2.656889736795,-5.2,10.));
#2733 = VECTOR('',#2734,1.);
#2734 = DIRECTION('',(-0.,-0.,-1.));
#2735 = ORIENTED_EDGE('',*,*,#2736,.T.);
#2736 = EDGE_CURVE('',#2729,#2703,#2737,.T.);
#2737 = LINE('',#2738,#2739);
#2738 = CARTESIAN_POINT('',(2.656889736795,-5.2,9.6));
#2739 = VECTOR('',#2740,1.);
#2740 = DIRECTION('',(-1.,0.,0.));
#2741 = ORIENTED_EDGE('',*,*,#2702,.F.);
#2742 = ORIENTED_EDGE('',*,*,#907,.F.);
#2743 = PLANE('',#2744);
#2744 = AXIS2_PLACEMENT_3D('',#2745,#2746,#2747);
#2745 = CARTESIAN_POINT('',(2.656889736795,-5.2,10.));
#2746 = DIRECTION('',(0.,1.,0.));
#2747 = DIRECTION('',(-1.,0.,0.));
#2748 = ADVANCED_FACE('',(#2749),#2767,.T.);
#2749 = FACE_BOUND('',#2750,.T.);
#2750 = EDGE_LOOP('',(#2751,#2759,#2765,#2766));
#2751 = ORIENTED_EDGE('',*,*,#2752,.T.);
#2752 = EDGE_CURVE('',#892,#2753,#2755,.T.);
#2753 = VERTEX_POINT('',#2754);
#2754 = CARTESIAN_POINT('',(2.721290701187,-5.172320103858,9.6));
#2755 = LINE('',#2756,#2757);
#2756 = CARTESIAN_POINT('',(2.721290701187,-5.172320103858,10.));
#2757 = VECTOR('',#2758,1.);
#2758 = DIRECTION('',(-0.,-0.,-1.));
#2759 = ORIENTED_EDGE('',*,*,#2760,.T.);
#2760 = EDGE_CURVE('',#2753,#2729,#2761,.T.);
#2761 = B_SPLINE_CURVE_WITH_KNOTS('',2,(#2762,#2763,#2764),
  .UNSPECIFIED.,.F.,.F.,(3,3),(0.,1.),.PIECEWISE_BEZIER_KNOTS.);
#2762 = CARTESIAN_POINT('',(2.721290701187,-5.172320103858,9.6));
#2763 = CARTESIAN_POINT('',(2.695558134421,-5.2,9.6));
#2764 = CARTESIAN_POINT('',(2.656889736795,-5.2,9.6));
#2765 = ORIENTED_EDGE('',*,*,#2728,.F.);
#2766 = ORIENTED_EDGE('',*,*,#899,.F.);
#2767 = SURFACE_OF_LINEAR_EXTRUSION('',#2768,#2772);
#2768 = B_SPLINE_CURVE_WITH_KNOTS('',2,(#2769,#2770,#2771),
  .UNSPECIFIED.,.F.,.F.,(3,3),(0.,1.),.PIECEWISE_BEZIER_KNOTS.);
#2769 = CARTESIAN_POINT('',(2.721290701187,-5.172320103858,10.));
#2770 = CARTESIAN_POINT('',(2.695558134421,-5.2,10.));
#2771 = CARTESIAN_POINT('',(2.656889736795,-5.2,10.));
#2772 = VECTOR('',#2773,1.);
#2773 = DIRECTION('',(0.,0.,1.));
#2774 = ADVANCED_FACE('',(#2775),#2793,.T.);
#2775 = FACE_BOUND('',#2776,.T.);
#2776 = EDGE_LOOP('',(#2777,#2785,#2791,#2792));
#2777 = ORIENTED_EDGE('',*,*,#2778,.T.);
#2778 = EDGE_CURVE('',#884,#2779,#2781,.T.);
#2779 = VERTEX_POINT('',#2780);
#2780 = CARTESIAN_POINT('',(2.747023267953,-5.110144658754,9.6));
#2781 = LINE('',#2782,#2783);
#2782 = CARTESIAN_POINT('',(2.747023267953,-5.110144658754,10.));
#2783 = VECTOR('',#2784,1.);
#2784 = DIRECTION('',(-0.,-0.,-1.));
#2785 = ORIENTED_EDGE('',*,*,#2786,.T.);
#2786 = EDGE_CURVE('',#2779,#2753,#2787,.T.);
#2787 = B_SPLINE_CURVE_WITH_KNOTS('',2,(#2788,#2789,#2790),
  .UNSPECIFIED.,.F.,.F.,(3,3),(0.,1.),.PIECEWISE_BEZIER_KNOTS.);
#2788 = CARTESIAN_POINT('',(2.747023267953,-5.110144658754,9.6));
#2789 = CARTESIAN_POINT('',(2.747023267953,-5.14450111276,9.6));
#2790 = CARTESIAN_POINT('',(2.721290701187,-5.172320103858,9.6));
#2791 = ORIENTED_EDGE('',*,*,#2752,.F.);
#2792 = ORIENTED_EDGE('',*,*,#891,.F.);
#2793 = SURFACE_OF_LINEAR_EXTRUSION('',#2794,#2798);
#2794 = B_SPLINE_CURVE_WITH_KNOTS('',2,(#2795,#2796,#2797),
  .UNSPECIFIED.,.F.,.F.,(3,3),(0.,1.),.PIECEWISE_BEZIER_KNOTS.);
#2795 = CARTESIAN_POINT('',(2.747023267953,-5.110144658754,10.));
#2796 = CARTESIAN_POINT('',(2.747023267953,-5.14450111276,10.));
#2797 = CARTESIAN_POINT('',(2.721290701187,-5.172320103858,10.));
#2798 = VECTOR('',#2799,1.);
#2799 = DIRECTION('',(0.,0.,1.));
#2800 = ADVANCED_FACE('',(#2801),#2819,.T.);
#2801 = FACE_BOUND('',#2802,.T.);
#2802 = EDGE_LOOP('',(#2803,#2811,#2817,#2818));
#2803 = ORIENTED_EDGE('',*,*,#2804,.T.);
#2804 = EDGE_CURVE('',#876,#2805,#2807,.T.);
#2805 = VERTEX_POINT('',#2806);
#2806 = CARTESIAN_POINT('',(2.733948342136,-5.063130563798,9.6));
#2807 = LINE('',#2808,#2809);
#2808 = CARTESIAN_POINT('',(2.733948342136,-5.063130563798,10.));
#2809 = VECTOR('',#2810,1.);
#2810 = DIRECTION('',(-0.,-0.,-1.));
#2811 = ORIENTED_EDGE('',*,*,#2812,.T.);
#2812 = EDGE_CURVE('',#2805,#2779,#2813,.T.);
#2813 = B_SPLINE_CURVE_WITH_KNOTS('',2,(#2814,#2815,#2816),
  .UNSPECIFIED.,.F.,.F.,(3,3),(0.,1.),.PIECEWISE_BEZIER_KNOTS.);
#2814 = CARTESIAN_POINT('',(2.733948342136,-5.063130563798,9.6));
#2815 = CARTESIAN_POINT('',(2.747023267953,-5.088724035608,9.6));
#2816 = CARTESIAN_POINT('',(2.747023267953,-5.110144658754,9.6));
#2817 = ORIENTED_EDGE('',*,*,#2778,.F.);
#2818 = ORIENTED_EDGE('',*,*,#883,.F.);
#2819 = SURFACE_OF_LINEAR_EXTRUSION('',#2820,#2824);
#2820 = B_SPLINE_CURVE_WITH_KNOTS('',2,(#2821,#2822,#2823),
  .UNSPECIFIED.,.F.,.F.,(3,3),(0.,1.),.PIECEWISE_BEZIER_KNOTS.);
#2821 = CARTESIAN_POINT('',(2.733948342136,-5.063130563798,10.));
#2822 = CARTESIAN_POINT('',(2.747023267953,-5.088724035608,10.));
#2823 = CARTESIAN_POINT('',(2.747023267953,-5.110144658754,10.));
#2824 = VECTOR('',#2825,1.);
#2825 = DIRECTION('',(0.,0.,1.));
#2826 = ADVANCED_FACE('',(#2827),#2845,.T.);
#2827 = FACE_BOUND('',#2828,.T.);
#2828 = EDGE_LOOP('',(#2829,#2837,#2843,#2844));
#2829 = ORIENTED_EDGE('',*,*,#2830,.T.);
#2830 = EDGE_CURVE('',#868,#2831,#2833,.T.);
#2831 = VERTEX_POINT('',#2832);
#2832 = CARTESIAN_POINT('',(2.127077051335,-3.99390764095,9.6));
#2833 = LINE('',#2834,#2835);
#2834 = CARTESIAN_POINT('',(2.127077051335,-3.99390764095,10.));
#2835 = VECTOR('',#2836,1.);
#2836 = DIRECTION('',(-0.,-0.,-1.));
#2837 = ORIENTED_EDGE('',*,*,#2838,.T.);
#2838 = EDGE_CURVE('',#2831,#2805,#2839,.T.);
#2839 = LINE('',#2840,#2841);
#2840 = CARTESIAN_POINT('',(2.127077051335,-3.99390764095,9.6));
#2841 = VECTOR('',#2842,1.);
#2842 = DIRECTION('',(0.493614770375,-0.869680664651,0.));
#2843 = ORIENTED_EDGE('',*,*,#2804,.F.);
#2844 = ORIENTED_EDGE('',*,*,#875,.F.);
#2845 = PLANE('',#2846);
#2846 = AXIS2_PLACEMENT_3D('',#2847,#2848,#2849);
#2847 = CARTESIAN_POINT('',(2.127077051335,-3.99390764095,10.));
#2848 = DIRECTION('',(-0.869680664651,-0.493614770375,0.));
#2849 = DIRECTION('',(0.493614770375,-0.869680664651,0.));
#2850 = ADVANCED_FACE('',(#2851),#2869,.T.);
#2851 = FACE_BOUND('',#2852,.T.);
#2852 = EDGE_LOOP('',(#2853,#2861,#2867,#2868));
#2853 = ORIENTED_EDGE('',*,*,#2854,.T.);
#2854 = EDGE_CURVE('',#860,#2855,#2857,.T.);
#2855 = VERTEX_POINT('',#2856);
#2856 = CARTESIAN_POINT('',(2.530035137389,-3.680665801187,9.6));
#2857 = LINE('',#2858,#2859);
#2858 = CARTESIAN_POINT('',(2.530035137389,-3.680665801187,10.));
#2859 = VECTOR('',#2860,1.);
#2860 = DIRECTION('',(-0.,-0.,-1.));
#2861 = ORIENTED_EDGE('',*,*,#2862,.T.);
#2862 = EDGE_CURVE('',#2855,#2831,#2863,.T.);
#2863 = B_SPLINE_CURVE_WITH_KNOTS('',2,(#2864,#2865,#2866),
  .UNSPECIFIED.,.F.,.F.,(3,3),(0.,1.),.PIECEWISE_BEZIER_KNOTS.);
#2864 = CARTESIAN_POINT('',(2.530035137389,-3.680665801187,9.6));
#2865 = CARTESIAN_POINT('',(2.379951680415,-3.890977373887,9.6));
#2866 = CARTESIAN_POINT('',(2.127077051335,-3.99390764095,9.6));
#2867 = ORIENTED_EDGE('',*,*,#2830,.F.);
#2868 = ORIENTED_EDGE('',*,*,#867,.F.);
#2869 = SURFACE_OF_LINEAR_EXTRUSION('',#2870,#2874);
#2870 = B_SPLINE_CURVE_WITH_KNOTS('',2,(#2871,#2872,#2873),
  .UNSPECIFIED.,.F.,.F.,(3,3),(0.,1.),.PIECEWISE_BEZIER_KNOTS.);
#2871 = CARTESIAN_POINT('',(2.530035137389,-3.680665801187,10.));
#2872 = CARTESIAN_POINT('',(2.379951680415,-3.890977373887,10.));
#2873 = CARTESIAN_POINT('',(2.127077051335,-3.99390764095,10.));
#2874 = VECTOR('',#2875,1.);
#2875 = DIRECTION('',(0.,0.,1.));
#2876 = ADVANCED_FACE('',(#2877),#2895,.T.);
#2877 = FACE_BOUND('',#2878,.T.);
#2878 = EDGE_LOOP('',(#2879,#2887,#2893,#2894));
#2879 = ORIENTED_EDGE('',*,*,#2880,.T.);
#2880 = EDGE_CURVE('',#852,#2881,#2883,.T.);
#2881 = VERTEX_POINT('',#2882);
#2882 = CARTESIAN_POINT('',(2.680257689318,-3.156973293769,9.6));
#2883 = LINE('',#2884,#2885);
#2884 = CARTESIAN_POINT('',(2.680257689318,-3.156973293769,10.));
#2885 = VECTOR('',#2886,1.);
#2886 = DIRECTION('',(-0.,-0.,-1.));
#2887 = ORIENTED_EDGE('',*,*,#2888,.T.);
#2888 = EDGE_CURVE('',#2881,#2855,#2889,.T.);
#2889 = B_SPLINE_CURVE_WITH_KNOTS('',2,(#2890,#2891,#2892),
  .UNSPECIFIED.,.F.,.F.,(3,3),(0.,1.),.PIECEWISE_BEZIER_KNOTS.);
#2890 = CARTESIAN_POINT('',(2.680257689318,-3.156973293769,9.6));
#2891 = CARTESIAN_POINT('',(2.680257689318,-3.470215133531,9.6));
#2892 = CARTESIAN_POINT('',(2.530035137389,-3.680665801187,9.6));
#2893 = ORIENTED_EDGE('',*,*,#2854,.F.);
#2894 = ORIENTED_EDGE('',*,*,#859,.F.);
#2895 = SURFACE_OF_LINEAR_EXTRUSION('',#2896,#2900);
#2896 = B_SPLINE_CURVE_WITH_KNOTS('',2,(#2897,#2898,#2899),
  .UNSPECIFIED.,.F.,.F.,(3,3),(0.,1.),.PIECEWISE_BEZIER_KNOTS.);
#2897 = CARTESIAN_POINT('',(2.680257689318,-3.156973293769,10.));
#2898 = CARTESIAN_POINT('',(2.680257689318,-3.470215133531,10.));
#2899 = CARTESIAN_POINT('',(2.530035137389,-3.680665801187,10.));
#2900 = VECTOR('',#2901,1.);
#2901 = DIRECTION('',(0.,0.,1.));
#2902 = ADVANCED_FACE('',(#2903),#2921,.T.);
#2903 = FACE_BOUND('',#2904,.T.);
#2904 = EDGE_LOOP('',(#2905,#2913,#2919,#2920));
#2905 = ORIENTED_EDGE('',*,*,#2906,.T.);
#2906 = EDGE_CURVE('',#844,#2907,#2909,.T.);
#2907 = VERTEX_POINT('',#2908);
#2908 = CARTESIAN_POINT('',(2.372857837685,-2.446754451039,9.6));
#2909 = LINE('',#2910,#2911);
#2910 = CARTESIAN_POINT('',(2.372857837685,-2.446754451039,10.));
#2911 = VECTOR('',#2912,1.);
#2912 = DIRECTION('',(-0.,-0.,-1.));
#2913 = ORIENTED_EDGE('',*,*,#2914,.T.);
#2914 = EDGE_CURVE('',#2907,#2881,#2915,.T.);
#2915 = B_SPLINE_CURVE_WITH_KNOTS('',2,(#2916,#2917,#2918),
  .UNSPECIFIED.,.F.,.F.,(3,3),(0.,1.),.PIECEWISE_BEZIER_KNOTS.);
#2916 = CARTESIAN_POINT('',(2.372857837685,-2.446754451039,9.6));
#2917 = CARTESIAN_POINT('',(2.680257689318,-2.693508902077,9.6));
#2918 = CARTESIAN_POINT('',(2.680257689318,-3.156973293769,9.6));
#2919 = ORIENTED_EDGE('',*,*,#2880,.F.);
#2920 = ORIENTED_EDGE('',*,*,#851,.F.);
#2921 = SURFACE_OF_LINEAR_EXTRUSION('',#2922,#2926);
#2922 = B_SPLINE_CURVE_WITH_KNOTS('',2,(#2923,#2924,#2925),
  .UNSPECIFIED.,.F.,.F.,(3,3),(0.,1.),.PIECEWISE_BEZIER_KNOTS.);
#2923 = CARTESIAN_POINT('',(2.372857837685,-2.446754451039,10.));
#2924 = CARTESIAN_POINT('',(2.680257689318,-2.693508902077,10.));
#2925 = CARTESIAN_POINT('',(2.680257689318,-3.156973293769,10.));
#2926 = VECTOR('',#2927,1.);
#2927 = DIRECTION('',(0.,0.,1.));
#2928 = ADVANCED_FACE('',(#2929),#2947,.T.);
#2929 = FACE_BOUND('',#2930,.T.);
#2930 = EDGE_LOOP('',(#2931,#2939,#2945,#2946));
#2931 = ORIENTED_EDGE('',*,*,#2932,.T.);
#2932 = EDGE_CURVE('',#836,#2933,#2935,.T.);
#2933 = VERTEX_POINT('',#2934);
#2934 = CARTESIAN_POINT('',(1.532167926706,-2.2,9.6));
#2935 = LINE('',#2936,#2937);
#2936 = CARTESIAN_POINT('',(1.532167926706,-2.2,10.));
#2937 = VECTOR('',#2938,1.);
#2938 = DIRECTION('',(-0.,-0.,-1.));
#2939 = ORIENTED_EDGE('',*,*,#2940,.T.);
#2940 = EDGE_CURVE('',#2933,#2907,#2941,.T.);
#2941 = B_SPLINE_CURVE_WITH_KNOTS('',2,(#2942,#2943,#2944),
  .UNSPECIFIED.,.F.,.F.,(3,3),(0.,1.),.PIECEWISE_BEZIER_KNOTS.);
#2942 = CARTESIAN_POINT('',(1.532167926706,-2.2,9.6));
#2943 = CARTESIAN_POINT('',(2.065597081009,-2.2,9.6));
#2944 = CARTESIAN_POINT('',(2.372857837685,-2.446754451039,9.6));
#2945 = ORIENTED_EDGE('',*,*,#2906,.F.);
#2946 = ORIENTED_EDGE('',*,*,#843,.F.);
#2947 = SURFACE_OF_LINEAR_EXTRUSION('',#2948,#2952);
#2948 = B_SPLINE_CURVE_WITH_KNOTS('',2,(#2949,#2950,#2951),
  .UNSPECIFIED.,.F.,.F.,(3,3),(0.,1.),.PIECEWISE_BEZIER_KNOTS.);
#2949 = CARTESIAN_POINT('',(1.532167926706,-2.2,10.));
#2950 = CARTESIAN_POINT('',(2.065597081009,-2.2,10.));
#2951 = CARTESIAN_POINT('',(2.372857837685,-2.446754451039,10.));
#2952 = VECTOR('',#2953,1.);
#2953 = DIRECTION('',(0.,0.,1.));
#2954 = ADVANCED_FACE('',(#2955),#2973,.T.);
#2955 = FACE_BOUND('',#2956,.T.);
#2956 = EDGE_LOOP('',(#2957,#2965,#2971,#2972));
#2957 = ORIENTED_EDGE('',*,*,#2958,.T.);
#2958 = EDGE_CURVE('',#828,#2959,#2961,.T.);
#2959 = VERTEX_POINT('',#2960);
#2960 = CARTESIAN_POINT('',(0.40118684362,-2.2,9.6));
#2961 = LINE('',#2962,#2963);
#2962 = CARTESIAN_POINT('',(0.40118684362,-2.2,10.));
#2963 = VECTOR('',#2964,1.);
#2964 = DIRECTION('',(-0.,-0.,-1.));
#2965 = ORIENTED_EDGE('',*,*,#2966,.T.);
#2966 = EDGE_CURVE('',#2959,#2933,#2967,.T.);
#2967 = LINE('',#2968,#2969);
#2968 = CARTESIAN_POINT('',(0.40118684362,-2.2,9.6));
#2969 = VECTOR('',#2970,1.);
#2970 = DIRECTION('',(1.,0.,0.));
#2971 = ORIENTED_EDGE('',*,*,#2932,.F.);
#2972 = ORIENTED_EDGE('',*,*,#835,.F.);
#2973 = PLANE('',#2974);
#2974 = AXIS2_PLACEMENT_3D('',#2975,#2976,#2977);
#2975 = CARTESIAN_POINT('',(0.40118684362,-2.2,10.));
#2976 = DIRECTION('',(0.,-1.,0.));
#2977 = DIRECTION('',(1.,0.,0.));
#2978 = ADVANCED_FACE('',(#2979),#2997,.T.);
#2979 = FACE_BOUND('',#2980,.T.);
#2980 = EDGE_LOOP('',(#2981,#2989,#2995,#2996));
#2981 = ORIENTED_EDGE('',*,*,#2982,.T.);
#2982 = EDGE_CURVE('',#820,#2983,#2985,.T.);
#2983 = VERTEX_POINT('',#2984);
#2984 = CARTESIAN_POINT('',(0.324267333234,-2.230044510386,9.6));
#2985 = LINE('',#2986,#2987);
#2986 = CARTESIAN_POINT('',(0.324267333234,-2.230044510386,10.));
#2987 = VECTOR('',#2988,1.);
#2988 = DIRECTION('',(-0.,-0.,-1.));
#2989 = ORIENTED_EDGE('',*,*,#2990,.T.);
#2990 = EDGE_CURVE('',#2983,#2959,#2991,.T.);
#2991 = B_SPLINE_CURVE_WITH_KNOTS('',2,(#2992,#2993,#2994),
  .UNSPECIFIED.,.F.,.F.,(3,3),(0.,1.),.PIECEWISE_BEZIER_KNOTS.);
#2992 = CARTESIAN_POINT('',(0.324267333234,-2.230044510386,9.6));
#2993 = CARTESIAN_POINT('',(0.354172748665,-2.2,9.6));
#2994 = CARTESIAN_POINT('',(0.40118684362,-2.2,9.6));
#2995 = ORIENTED_EDGE('',*,*,#2958,.F.);
#2996 = ORIENTED_EDGE('',*,*,#827,.F.);
#2997 = SURFACE_OF_LINEAR_EXTRUSION('',#2998,#3002);
#2998 = B_SPLINE_CURVE_WITH_KNOTS('',2,(#2999,#3000,#3001),
  .UNSPECIFIED.,.F.,.F.,(3,3),(0.,1.),.PIECEWISE_BEZIER_KNOTS.);
#2999 = CARTESIAN_POINT('',(0.324267333234,-2.230044510386,10.));
#3000 = CARTESIAN_POINT('',(0.354172748665,-2.2,10.));
#3001 = CARTESIAN_POINT('',(0.40118684362,-2.2,10.));
#3002 = VECTOR('',#3003,1.);
#3003 = DIRECTION('',(0.,0.,1.));
#3004 = ADVANCED_FACE('',(#3005),#3023,.T.);
#3005 = FACE_BOUND('',#3006,.T.);
#3006 = EDGE_LOOP('',(#3007,#3015,#3021,#3022));
#3007 = ORIENTED_EDGE('',*,*,#3008,.T.);
#3008 = EDGE_CURVE('',#812,#3009,#3011,.T.);
#3009 = VERTEX_POINT('',#3010);
#3010 = CARTESIAN_POINT('',(0.29450101276,-2.307103115727,9.6));
#3011 = LINE('',#3012,#3013);
#3012 = CARTESIAN_POINT('',(0.29450101276,-2.307103115727,10.));
#3013 = VECTOR('',#3014,1.);
#3014 = DIRECTION('',(-0.,-0.,-1.));
#3015 = ORIENTED_EDGE('',*,*,#3016,.T.);
#3016 = EDGE_CURVE('',#3009,#2983,#3017,.T.);
#3017 = B_SPLINE_CURVE_WITH_KNOTS('',2,(#3018,#3019,#3020),
  .UNSPECIFIED.,.F.,.F.,(3,3),(0.,1.),.PIECEWISE_BEZIER_KNOTS.);
#3018 = CARTESIAN_POINT('',(0.29450101276,-2.307103115727,9.6));
#3019 = CARTESIAN_POINT('',(0.29450101276,-2.259949925816,9.6));
#3020 = CARTESIAN_POINT('',(0.324267333234,-2.230044510386,9.6));
#3021 = ORIENTED_EDGE('',*,*,#2982,.F.);
#3022 = ORIENTED_EDGE('',*,*,#819,.F.);
#3023 = SURFACE_OF_LINEAR_EXTRUSION('',#3024,#3028);
#3024 = B_SPLINE_CURVE_WITH_KNOTS('',2,(#3025,#3026,#3027),
  .UNSPECIFIED.,.F.,.F.,(3,3),(0.,1.),.PIECEWISE_BEZIER_KNOTS.);
#3025 = CARTESIAN_POINT('',(0.29450101276,-2.307103115727,10.));
#3026 = CARTESIAN_POINT('',(0.29450101276,-2.259949925816,10.));
#3027 = CARTESIAN_POINT('',(0.324267333234,-2.230044510386,10.));
#3028 = VECTOR('',#3029,1.);
#3029 = DIRECTION('',(0.,0.,1.));
#3030 = ADVANCED_FACE('',(#3031),#3049,.T.);
#3031 = FACE_BOUND('',#3032,.T.);
#3032 = EDGE_LOOP('',(#3033,#3041,#3047,#3048));
#3033 = ORIENTED_EDGE('',*,*,#3034,.T.);
#3034 = EDGE_CURVE('',#804,#3035,#3037,.T.);
#3035 = VERTEX_POINT('',#3036);
#3036 = CARTESIAN_POINT('',(0.29450101276,-5.092757789318,9.6));
#3037 = LINE('',#3038,#3039);
#3038 = CARTESIAN_POINT('',(0.29450101276,-5.092757789318,10.));
#3039 = VECTOR('',#3040,1.);
#3040 = DIRECTION('',(-0.,-0.,-1.));
#3041 = ORIENTED_EDGE('',*,*,#3042,.T.);
#3042 = EDGE_CURVE('',#3035,#3009,#3043,.T.);
#3043 = LINE('',#3044,#3045);
#3044 = CARTESIAN_POINT('',(0.29450101276,-5.092757789318,9.6));
#3045 = VECTOR('',#3046,1.);
#3046 = DIRECTION('',(0.,1.,0.));
#3047 = ORIENTED_EDGE('',*,*,#3008,.F.);
#3048 = ORIENTED_EDGE('',*,*,#811,.F.);
#3049 = PLANE('',#3050);
#3050 = AXIS2_PLACEMENT_3D('',#3051,#3052,#3053);
#3051 = CARTESIAN_POINT('',(0.29450101276,-5.092757789318,10.));
#3052 = DIRECTION('',(1.,0.,0.));
#3053 = DIRECTION('',(-0.,1.,0.));
#3054 = ADVANCED_FACE('',(#3055),#3073,.T.);
#3055 = FACE_BOUND('',#3056,.T.);
#3056 = EDGE_LOOP('',(#3057,#3065,#3071,#3072));
#3057 = ORIENTED_EDGE('',*,*,#3058,.T.);
#3058 = EDGE_CURVE('',#796,#3059,#3061,.T.);
#3059 = VERTEX_POINT('',#3060);
#3060 = CARTESIAN_POINT('',(0.324267333234,-5.17009458457,9.6));
#3061 = LINE('',#3062,#3063);
#3062 = CARTESIAN_POINT('',(0.324267333234,-5.17009458457,10.));
#3063 = VECTOR('',#3064,1.);
#3064 = DIRECTION('',(-0.,-0.,-1.));
#3065 = ORIENTED_EDGE('',*,*,#3066,.T.);
#3066 = EDGE_CURVE('',#3059,#3035,#3067,.T.);
#3067 = B_SPLINE_CURVE_WITH_KNOTS('',2,(#3068,#3069,#3070),
  .UNSPECIFIED.,.F.,.F.,(3,3),(0.,1.),.PIECEWISE_BEZIER_KNOTS.);
#3068 = CARTESIAN_POINT('',(0.324267333234,-5.17009458457,9.6));
#3069 = CARTESIAN_POINT('',(0.29450101276,-5.140050074184,9.6));
#3070 = CARTESIAN_POINT('',(0.29450101276,-5.092757789318,9.6));
#3071 = ORIENTED_EDGE('',*,*,#3034,.F.);
#3072 = ORIENTED_EDGE('',*,*,#803,.F.);
#3073 = SURFACE_OF_LINEAR_EXTRUSION('',#3074,#3078);
#3074 = B_SPLINE_CURVE_WITH_KNOTS('',2,(#3075,#3076,#3077),
  .UNSPECIFIED.,.F.,.F.,(3,3),(0.,1.),.PIECEWISE_BEZIER_KNOTS.);
#3075 = CARTESIAN_POINT('',(0.324267333234,-5.17009458457,10.));
#3076 = CARTESIAN_POINT('',(0.29450101276,-5.140050074184,10.));
#3077 = CARTESIAN_POINT('',(0.29450101276,-5.092757789318,10.));
#3078 = VECTOR('',#3079,1.);
#3079 = DIRECTION('',(0.,0.,1.));
#3080 = ADVANCED_FACE('',(#3081),#3092,.T.);
#3081 = FACE_BOUND('',#3082,.T.);
#3082 = EDGE_LOOP('',(#3083,#3084,#3090,#3091));
#3083 = ORIENTED_EDGE('',*,*,#2537,.T.);
#3084 = ORIENTED_EDGE('',*,*,#3085,.T.);
#3085 = EDGE_CURVE('',#2530,#3059,#3086,.T.);
#3086 = B_SPLINE_CURVE_WITH_KNOTS('',2,(#3087,#3088,#3089),
  .UNSPECIFIED.,.F.,.F.,(3,3),(0.,1.),.PIECEWISE_BEZIER_KNOTS.);
#3087 = CARTESIAN_POINT('',(0.400908653709,-5.2,9.6));
#3088 = CARTESIAN_POINT('',(0.354033653709,-5.2,9.6));
#3089 = CARTESIAN_POINT('',(0.324267333234,-5.17009458457,9.6));
#3090 = ORIENTED_EDGE('',*,*,#3058,.F.);
#3091 = ORIENTED_EDGE('',*,*,#795,.F.);
#3092 = SURFACE_OF_LINEAR_EXTRUSION('',#3093,#3097);
#3093 = B_SPLINE_CURVE_WITH_KNOTS('',2,(#3094,#3095,#3096),
  .UNSPECIFIED.,.F.,.F.,(3,3),(0.,1.),.PIECEWISE_BEZIER_KNOTS.);
#3094 = CARTESIAN_POINT('',(0.400908653709,-5.2,10.));
#3095 = CARTESIAN_POINT('',(0.354033653709,-5.2,10.));
#3096 = CARTESIAN_POINT('',(0.324267333234,-5.17009458457,10.));
#3097 = VECTOR('',#3098,1.);
#3098 = DIRECTION('',(0.,0.,1.));
#3099 = ADVANCED_FACE('',(#3100),#3125,.T.);
#3100 = FACE_BOUND('',#3101,.T.);
#3101 = EDGE_LOOP('',(#3102,#3110,#3118,#3124));
#3102 = ORIENTED_EDGE('',*,*,#3103,.T.);
#3103 = EDGE_CURVE('',#972,#3104,#3106,.T.);
#3104 = VERTEX_POINT('',#3105);
#3105 = CARTESIAN_POINT('',(4.305304054303,-5.2,9.6));
#3106 = LINE('',#3107,#3108);
#3107 = CARTESIAN_POINT('',(4.305304054303,-5.2,10.));
#3108 = VECTOR('',#3109,1.);
#3109 = DIRECTION('',(-0.,-0.,-1.));
#3110 = ORIENTED_EDGE('',*,*,#3111,.T.);
#3111 = EDGE_CURVE('',#3104,#3112,#3114,.T.);
#3112 = VERTEX_POINT('',#3113);
#3113 = CARTESIAN_POINT('',(3.211322229377,-5.2,9.6));
#3114 = LINE('',#3115,#3116);
#3115 = CARTESIAN_POINT('',(4.305304054303,-5.2,9.6));
#3116 = VECTOR('',#3117,1.);
#3117 = DIRECTION('',(-1.,0.,0.));
#3118 = ORIENTED_EDGE('',*,*,#3119,.F.);
#3119 = EDGE_CURVE('',#974,#3112,#3120,.T.);
#3120 = LINE('',#3121,#3122);
#3121 = CARTESIAN_POINT('',(3.211322229377,-5.2,10.));
#3122 = VECTOR('',#3123,1.);
#3123 = DIRECTION('',(-0.,-0.,-1.));
#3124 = ORIENTED_EDGE('',*,*,#971,.F.);
#3125 = PLANE('',#3126);
#3126 = AXIS2_PLACEMENT_3D('',#3127,#3128,#3129);
#3127 = CARTESIAN_POINT('',(4.305304054303,-5.2,10.));
#3128 = DIRECTION('',(0.,1.,0.));
#3129 = DIRECTION('',(-1.,0.,0.));
#3130 = ADVANCED_FACE('',(#3131),#3149,.T.);
#3131 = FACE_BOUND('',#3132,.T.);
#3132 = EDGE_LOOP('',(#3133,#3141,#3147,#3148));
#3133 = ORIENTED_EDGE('',*,*,#3134,.T.);
#3134 = EDGE_CURVE('',#1078,#3135,#3137,.T.);
#3135 = VERTEX_POINT('',#3136);
#3136 = CARTESIAN_POINT('',(5.010237288724,-5.07356268546,9.6));
#3137 = LINE('',#3138,#3139);
#3138 = CARTESIAN_POINT('',(5.010237288724,-5.07356268546,10.));
#3139 = VECTOR('',#3140,1.);
#3140 = DIRECTION('',(-0.,-0.,-1.));
#3141 = ORIENTED_EDGE('',*,*,#3142,.T.);
#3142 = EDGE_CURVE('',#3135,#3104,#3143,.T.);
#3143 = B_SPLINE_CURVE_WITH_KNOTS('',2,(#3144,#3145,#3146),
  .UNSPECIFIED.,.F.,.F.,(3,3),(0.,1.),.PIECEWISE_BEZIER_KNOTS.);
#3144 = CARTESIAN_POINT('',(5.010237288724,-5.07356268546,9.6));
#3145 = CARTESIAN_POINT('',(4.728291813947,-5.2,9.6));
#3146 = CARTESIAN_POINT('',(4.305304054303,-5.2,9.6));
#3147 = ORIENTED_EDGE('',*,*,#3103,.F.);
#3148 = ORIENTED_EDGE('',*,*,#1085,.F.);
#3149 = SURFACE_OF_LINEAR_EXTRUSION('',#3150,#3154);
#3150 = B_SPLINE_CURVE_WITH_KNOTS('',2,(#3151,#3152,#3153),
  .UNSPECIFIED.,.F.,.F.,(3,3),(0.,1.),.PIECEWISE_BEZIER_KNOTS.);
#3151 = CARTESIAN_POINT('',(5.010237288724,-5.07356268546,10.));
#3152 = CARTESIAN_POINT('',(4.728291813947,-5.2,10.));
#3153 = CARTESIAN_POINT('',(4.305304054303,-5.2,10.));
#3154 = VECTOR('',#3155,1.);
#3155 = DIRECTION('',(0.,0.,1.));
#3156 = ADVANCED_FACE('',(#3157),#3175,.T.);
#3157 = FACE_BOUND('',#3158,.T.);
#3158 = EDGE_LOOP('',(#3159,#3167,#3173,#3174));
#3159 = ORIENTED_EDGE('',*,*,#3160,.T.);
#3160 = EDGE_CURVE('',#1070,#3161,#3163,.T.);
#3161 = VERTEX_POINT('',#3162);
#3162 = CARTESIAN_POINT('',(5.437536991988,-4.685765949555,9.6));
#3163 = LINE('',#3164,#3165);
#3164 = CARTESIAN_POINT('',(5.437536991988,-4.685765949555,10.));
#3165 = VECTOR('',#3166,1.);
#3166 = DIRECTION('',(-0.,-0.,-1.));
#3167 = ORIENTED_EDGE('',*,*,#3168,.T.);
#3168 = EDGE_CURVE('',#3161,#3135,#3169,.T.);
#3169 = B_SPLINE_CURVE_WITH_KNOTS('',2,(#3170,#3171,#3172),
  .UNSPECIFIED.,.F.,.F.,(3,3),(0.,1.),.PIECEWISE_BEZIER_KNOTS.);
#3170 = CARTESIAN_POINT('',(5.437536991988,-4.685765949555,9.6));
#3171 = CARTESIAN_POINT('',(5.292321858457,-4.94712537092,9.6));
#3172 = CARTESIAN_POINT('',(5.010237288724,-5.07356268546,9.6));
#3173 = ORIENTED_EDGE('',*,*,#3134,.F.);
#3174 = ORIENTED_EDGE('',*,*,#1077,.F.);
#3175 = SURFACE_OF_LINEAR_EXTRUSION('',#3176,#3180);
#3176 = B_SPLINE_CURVE_WITH_KNOTS('',2,(#3177,#3178,#3179),
  .UNSPECIFIED.,.F.,.F.,(3,3),(0.,1.),.PIECEWISE_BEZIER_KNOTS.);
#3177 = CARTESIAN_POINT('',(5.437536991988,-4.685765949555,10.));
#3178 = CARTESIAN_POINT('',(5.292321858457,-4.94712537092,10.));
#3179 = CARTESIAN_POINT('',(5.010237288724,-5.07356268546,10.));
#3180 = VECTOR('',#3181,1.);
#3181 = DIRECTION('',(0.,0.,1.));
#3182 = ADVANCED_FACE('',(#3183),#3201,.T.);
#3183 = FACE_BOUND('',#3184,.T.);
#3184 = EDGE_LOOP('',(#3185,#3193,#3199,#3200));
#3185 = ORIENTED_EDGE('',*,*,#3186,.T.);
#3186 = EDGE_CURVE('',#1062,#3187,#3189,.T.);
#3187 = VERTEX_POINT('',#3188);
#3188 = CARTESIAN_POINT('',(5.59568795638,-4.025621290801,9.6));
#3189 = LINE('',#3190,#3191);
#3190 = CARTESIAN_POINT('',(5.59568795638,-4.025621290801,10.));
#3191 = VECTOR('',#3192,1.);
#3192 = DIRECTION('',(-0.,-0.,-1.));
#3193 = ORIENTED_EDGE('',*,*,#3194,.T.);
#3194 = EDGE_CURVE('',#3187,#3161,#3195,.T.);
#3195 = B_SPLINE_CURVE_WITH_KNOTS('',2,(#3196,#3197,#3198),
  .UNSPECIFIED.,.F.,.F.,(3,3),(0.,1.),.PIECEWISE_BEZIER_KNOTS.);
#3196 = CARTESIAN_POINT('',(5.59568795638,-4.025621290801,9.6));
#3197 = CARTESIAN_POINT('',(5.582891220475,-4.424267433234,9.6));
#3198 = CARTESIAN_POINT('',(5.437536991988,-4.685765949555,9.6));
#3199 = ORIENTED_EDGE('',*,*,#3160,.F.);
#3200 = ORIENTED_EDGE('',*,*,#1069,.F.);
#3201 = SURFACE_OF_LINEAR_EXTRUSION('',#3202,#3206);
#3202 = B_SPLINE_CURVE_WITH_KNOTS('',2,(#3203,#3204,#3205),
  .UNSPECIFIED.,.F.,.F.,(3,3),(0.,1.),.PIECEWISE_BEZIER_KNOTS.);
#3203 = CARTESIAN_POINT('',(5.59568795638,-4.025621290801,10.));
#3204 = CARTESIAN_POINT('',(5.582891220475,-4.424267433234,10.));
#3205 = CARTESIAN_POINT('',(5.437536991988,-4.685765949555,10.));
#3206 = VECTOR('',#3207,1.);
#3207 = DIRECTION('',(0.,0.,1.));
#3208 = ADVANCED_FACE('',(#3209),#3227,.T.);
#3209 = FACE_BOUND('',#3210,.T.);
#3210 = EDGE_LOOP('',(#3211,#3219,#3225,#3226));
#3211 = ORIENTED_EDGE('',*,*,#3212,.T.);
#3212 = EDGE_CURVE('',#1054,#3213,#3215,.T.);
#3213 = VERTEX_POINT('',#3214);
#3214 = CARTESIAN_POINT('',(5.5999999,-3.7,9.6));
#3215 = LINE('',#3216,#3217);
#3216 = CARTESIAN_POINT('',(5.5999999,-3.7,10.));
#3217 = VECTOR('',#3218,1.);
#3218 = DIRECTION('',(-0.,-0.,-1.));
#3219 = ORIENTED_EDGE('',*,*,#3220,.T.);
#3220 = EDGE_CURVE('',#3213,#3187,#3221,.T.);
#3221 = B_SPLINE_CURVE_WITH_KNOTS('',2,(#3222,#3223,#3224),
  .UNSPECIFIED.,.F.,.F.,(3,3),(0.,1.),.PIECEWISE_BEZIER_KNOTS.);
#3222 = CARTESIAN_POINT('',(5.5999999,-3.7,9.6));
#3223 = CARTESIAN_POINT('',(5.5999999,-3.841459569733,9.6));
#3224 = CARTESIAN_POINT('',(5.59568795638,-4.025621290801,9.6));
#3225 = ORIENTED_EDGE('',*,*,#3186,.F.);
#3226 = ORIENTED_EDGE('',*,*,#1061,.F.);
#3227 = SURFACE_OF_LINEAR_EXTRUSION('',#3228,#3232);
#3228 = B_SPLINE_CURVE_WITH_KNOTS('',2,(#3229,#3230,#3231),
  .UNSPECIFIED.,.F.,.F.,(3,3),(0.,1.),.PIECEWISE_BEZIER_KNOTS.);
#3229 = CARTESIAN_POINT('',(5.5999999,-3.7,10.));
#3230 = CARTESIAN_POINT('',(5.5999999,-3.841459569733,10.));
#3231 = CARTESIAN_POINT('',(5.59568795638,-4.025621290801,10.));
#3232 = VECTOR('',#3233,1.);
#3233 = DIRECTION('',(0.,0.,1.));
#3234 = ADVANCED_FACE('',(#3235),#3253,.T.);
#3235 = FACE_BOUND('',#3236,.T.);
#3236 = EDGE_LOOP('',(#3237,#3245,#3251,#3252));
#3237 = ORIENTED_EDGE('',*,*,#3238,.T.);
#3238 = EDGE_CURVE('',#1046,#3239,#3241,.T.);
#3239 = VERTEX_POINT('',#3240);
#3240 = CARTESIAN_POINT('',(5.59568795638,-3.369927670623,9.6));
#3241 = LINE('',#3242,#3243);
#3242 = CARTESIAN_POINT('',(5.59568795638,-3.369927670623,10.));
#3243 = VECTOR('',#3244,1.);
#3244 = DIRECTION('',(-0.,-0.,-1.));
#3245 = ORIENTED_EDGE('',*,*,#3246,.T.);
#3246 = EDGE_CURVE('',#3239,#3213,#3247,.T.);
#3247 = B_SPLINE_CURVE_WITH_KNOTS('',2,(#3248,#3249,#3250),
  .UNSPECIFIED.,.F.,.F.,(3,3),(0.,1.),.PIECEWISE_BEZIER_KNOTS.);
#3248 = CARTESIAN_POINT('',(5.59568795638,-3.369927670623,9.6));
#3249 = CARTESIAN_POINT('',(5.5999999,-3.558540430267,9.6));
#3250 = CARTESIAN_POINT('',(5.5999999,-3.7,9.6));
#3251 = ORIENTED_EDGE('',*,*,#3212,.F.);
#3252 = ORIENTED_EDGE('',*,*,#1053,.F.);
#3253 = SURFACE_OF_LINEAR_EXTRUSION('',#3254,#3258);
#3254 = B_SPLINE_CURVE_WITH_KNOTS('',2,(#3255,#3256,#3257),
  .UNSPECIFIED.,.F.,.F.,(3,3),(0.,1.),.PIECEWISE_BEZIER_KNOTS.);
#3255 = CARTESIAN_POINT('',(5.59568795638,-3.369927670623,10.));
#3256 = CARTESIAN_POINT('',(5.5999999,-3.558540430267,10.));
#3257 = CARTESIAN_POINT('',(5.5999999,-3.7,10.));
#3258 = VECTOR('',#3259,1.);
#3259 = DIRECTION('',(0.,0.,1.));
#3260 = ADVANCED_FACE('',(#3261),#3279,.T.);
#3261 = FACE_BOUND('',#3262,.T.);
#3262 = EDGE_LOOP('',(#3263,#3271,#3277,#3278));
#3263 = ORIENTED_EDGE('',*,*,#3264,.T.);
#3264 = EDGE_CURVE('',#1038,#3265,#3267,.T.);
#3265 = VERTEX_POINT('',#3266);
#3266 = CARTESIAN_POINT('',(5.435450567656,-2.729256305638,9.6));
#3267 = LINE('',#3268,#3269);
#3268 = CARTESIAN_POINT('',(5.435450567656,-2.729256305638,10.));
#3269 = VECTOR('',#3270,1.);
#3270 = DIRECTION('',(-0.,-0.,-1.));
#3271 = ORIENTED_EDGE('',*,*,#3272,.T.);
#3272 = EDGE_CURVE('',#3265,#3239,#3273,.T.);
#3273 = B_SPLINE_CURVE_WITH_KNOTS('',2,(#3274,#3275,#3276),
  .UNSPECIFIED.,.F.,.F.,(3,3),(0.,1.),.PIECEWISE_BEZIER_KNOTS.);
#3274 = CARTESIAN_POINT('',(5.435450567656,-2.729256305638,9.6));
#3275 = CARTESIAN_POINT('',(5.587203164095,-2.988529302671,9.6));
#3276 = CARTESIAN_POINT('',(5.59568795638,-3.369927670623,9.6));
#3277 = ORIENTED_EDGE('',*,*,#3238,.F.);
#3278 = ORIENTED_EDGE('',*,*,#1045,.F.);
#3279 = SURFACE_OF_LINEAR_EXTRUSION('',#3280,#3284);
#3280 = B_SPLINE_CURVE_WITH_KNOTS('',2,(#3281,#3282,#3283),
  .UNSPECIFIED.,.F.,.F.,(3,3),(0.,1.),.PIECEWISE_BEZIER_KNOTS.);
#3281 = CARTESIAN_POINT('',(5.435450567656,-2.729256305638,10.));
#3282 = CARTESIAN_POINT('',(5.587203164095,-2.988529302671,10.));
#3283 = CARTESIAN_POINT('',(5.59568795638,-3.369927670623,10.));
#3284 = VECTOR('',#3285,1.);
#3285 = DIRECTION('',(0.,0.,1.));
#3286 = ADVANCED_FACE('',(#3287),#3305,.T.);
#3287 = FACE_BOUND('',#3288,.T.);
#3288 = EDGE_LOOP('',(#3289,#3297,#3303,#3304));
#3289 = ORIENTED_EDGE('',*,*,#3290,.T.);
#3290 = EDGE_CURVE('',#1030,#3291,#3293,.T.);
#3291 = VERTEX_POINT('',#3292);
#3292 = CARTESIAN_POINT('',(4.997440552819,-2.33506120178,9.6));
#3293 = LINE('',#3294,#3295);
#3294 = CARTESIAN_POINT('',(4.997440552819,-2.33506120178,10.));
#3295 = VECTOR('',#3296,1.);
#3296 = DIRECTION('',(-0.,-0.,-1.));
#3297 = ORIENTED_EDGE('',*,*,#3298,.T.);
#3298 = EDGE_CURVE('',#3291,#3265,#3299,.T.);
#3299 = B_SPLINE_CURVE_WITH_KNOTS('',2,(#3300,#3301,#3302),
  .UNSPECIFIED.,.F.,.F.,(3,3),(0.,1.),.PIECEWISE_BEZIER_KNOTS.);
#3300 = CARTESIAN_POINT('',(4.997440552819,-2.33506120178,9.6));
#3301 = CARTESIAN_POINT('',(5.283697971217,-2.469983308605,9.6));
#3302 = CARTESIAN_POINT('',(5.435450567656,-2.729256305638,9.6));
#3303 = ORIENTED_EDGE('',*,*,#3264,.F.);
#3304 = ORIENTED_EDGE('',*,*,#1037,.F.);
#3305 = SURFACE_OF_LINEAR_EXTRUSION('',#3306,#3310);
#3306 = B_SPLINE_CURVE_WITH_KNOTS('',2,(#3307,#3308,#3309),
  .UNSPECIFIED.,.F.,.F.,(3,3),(0.,1.),.PIECEWISE_BEZIER_KNOTS.);
#3307 = CARTESIAN_POINT('',(4.997440552819,-2.33506120178,10.));
#3308 = CARTESIAN_POINT('',(5.283697971217,-2.469983308605,10.));
#3309 = CARTESIAN_POINT('',(5.435450567656,-2.729256305638,10.));
#3310 = VECTOR('',#3311,1.);
#3311 = DIRECTION('',(0.,0.,1.));
#3312 = ADVANCED_FACE('',(#3313),#3331,.T.);
#3313 = FACE_BOUND('',#3314,.T.);
#3314 = EDGE_LOOP('',(#3315,#3323,#3329,#3330));
#3315 = ORIENTED_EDGE('',*,*,#3316,.T.);
#3316 = EDGE_CURVE('',#1022,#3317,#3319,.T.);
#3317 = VERTEX_POINT('',#3318);
#3318 = CARTESIAN_POINT('',(4.283883431157,-2.2,9.6));
#3319 = LINE('',#3320,#3321);
#3320 = CARTESIAN_POINT('',(4.283883431157,-2.2,10.));
#3321 = VECTOR('',#3322,1.);
#3322 = DIRECTION('',(-0.,-0.,-1.));
#3323 = ORIENTED_EDGE('',*,*,#3324,.T.);
#3324 = EDGE_CURVE('',#3317,#3291,#3325,.T.);
#3325 = B_SPLINE_CURVE_WITH_KNOTS('',2,(#3326,#3327,#3328),
  .UNSPECIFIED.,.F.,.F.,(3,3),(0.,1.),.PIECEWISE_BEZIER_KNOTS.);
#3326 = CARTESIAN_POINT('',(4.283883431157,-2.2,9.6));
#3327 = CARTESIAN_POINT('',(4.711183134421,-2.2,9.6));
#3328 = CARTESIAN_POINT('',(4.997440552819,-2.33506120178,9.6));
#3329 = ORIENTED_EDGE('',*,*,#3290,.F.);
#3330 = ORIENTED_EDGE('',*,*,#1029,.F.);
#3331 = SURFACE_OF_LINEAR_EXTRUSION('',#3332,#3336);
#3332 = B_SPLINE_CURVE_WITH_KNOTS('',2,(#3333,#3334,#3335),
  .UNSPECIFIED.,.F.,.F.,(3,3),(0.,1.),.PIECEWISE_BEZIER_KNOTS.);
#3333 = CARTESIAN_POINT('',(4.283883431157,-2.2,10.));
#3334 = CARTESIAN_POINT('',(4.711183134421,-2.2,10.));
#3335 = CARTESIAN_POINT('',(4.997440552819,-2.33506120178,10.));
#3336 = VECTOR('',#3337,1.);
#3337 = DIRECTION('',(0.,0.,1.));
#3338 = ADVANCED_FACE('',(#3339),#3357,.T.);
#3339 = FACE_BOUND('',#3340,.T.);
#3340 = EDGE_LOOP('',(#3341,#3349,#3355,#3356));
#3341 = ORIENTED_EDGE('',*,*,#3342,.T.);
#3342 = EDGE_CURVE('',#1014,#3343,#3345,.T.);
#3343 = VERTEX_POINT('',#3344);
#3344 = CARTESIAN_POINT('',(3.211322229377,-2.2,9.6));
#3345 = LINE('',#3346,#3347);
#3346 = CARTESIAN_POINT('',(3.211322229377,-2.2,10.));
#3347 = VECTOR('',#3348,1.);
#3348 = DIRECTION('',(-0.,-0.,-1.));
#3349 = ORIENTED_EDGE('',*,*,#3350,.T.);
#3350 = EDGE_CURVE('',#3343,#3317,#3351,.T.);
#3351 = LINE('',#3352,#3353);
#3352 = CARTESIAN_POINT('',(3.211322229377,-2.2,9.6));
#3353 = VECTOR('',#3354,1.);
#3354 = DIRECTION('',(1.,0.,0.));
#3355 = ORIENTED_EDGE('',*,*,#3316,.F.);
#3356 = ORIENTED_EDGE('',*,*,#1021,.F.);
#3357 = PLANE('',#3358);
#3358 = AXIS2_PLACEMENT_3D('',#3359,#3360,#3361);
#3359 = CARTESIAN_POINT('',(3.211322229377,-2.2,10.));
#3360 = DIRECTION('',(0.,-1.,0.));
#3361 = DIRECTION('',(1.,0.,0.));
#3362 = ADVANCED_FACE('',(#3363),#3381,.T.);
#3363 = FACE_BOUND('',#3364,.T.);
#3364 = EDGE_LOOP('',(#3365,#3373,#3379,#3380));
#3365 = ORIENTED_EDGE('',*,*,#3366,.T.);
#3366 = EDGE_CURVE('',#1006,#3367,#3369,.T.);
#3367 = VERTEX_POINT('',#3368);
#3368 = CARTESIAN_POINT('',(3.134402718991,-2.230044510386,9.6));
#3369 = LINE('',#3370,#3371);
#3370 = CARTESIAN_POINT('',(3.134402718991,-2.230044510386,10.));
#3371 = VECTOR('',#3372,1.);
#3372 = DIRECTION('',(-0.,-0.,-1.));
#3373 = ORIENTED_EDGE('',*,*,#3374,.T.);
#3374 = EDGE_CURVE('',#3367,#3343,#3375,.T.);
#3375 = B_SPLINE_CURVE_WITH_KNOTS('',2,(#3376,#3377,#3378),
  .UNSPECIFIED.,.F.,.F.,(3,3),(0.,1.),.PIECEWISE_BEZIER_KNOTS.);
#3376 = CARTESIAN_POINT('',(3.134402718991,-2.230044510386,9.6));
#3377 = CARTESIAN_POINT('',(3.164308134421,-2.2,9.6));
#3378 = CARTESIAN_POINT('',(3.211322229377,-2.2,9.6));
#3379 = ORIENTED_EDGE('',*,*,#3342,.F.);
#3380 = ORIENTED_EDGE('',*,*,#1013,.F.);
#3381 = SURFACE_OF_LINEAR_EXTRUSION('',#3382,#3386);
#3382 = B_SPLINE_CURVE_WITH_KNOTS('',2,(#3383,#3384,#3385),
  .UNSPECIFIED.,.F.,.F.,(3,3),(0.,1.),.PIECEWISE_BEZIER_KNOTS.);
#3383 = CARTESIAN_POINT('',(3.134402718991,-2.230044510386,10.));
#3384 = CARTESIAN_POINT('',(3.164308134421,-2.2,10.));
#3385 = CARTESIAN_POINT('',(3.211322229377,-2.2,10.));
#3386 = VECTOR('',#3387,1.);
#3387 = DIRECTION('',(0.,0.,1.));
#3388 = ADVANCED_FACE('',(#3389),#3407,.T.);
#3389 = FACE_BOUND('',#3390,.T.);
#3390 = EDGE_LOOP('',(#3391,#3399,#3405,#3406));
#3391 = ORIENTED_EDGE('',*,*,#3392,.T.);
#3392 = EDGE_CURVE('',#998,#3393,#3395,.T.);
#3393 = VERTEX_POINT('',#3394);
#3394 = CARTESIAN_POINT('',(3.104497303561,-2.307103115727,9.6));
#3395 = LINE('',#3396,#3397);
#3396 = CARTESIAN_POINT('',(3.104497303561,-2.307103115727,10.));
#3397 = VECTOR('',#3398,1.);
#3398 = DIRECTION('',(-0.,-0.,-1.));
#3399 = ORIENTED_EDGE('',*,*,#3400,.T.);
#3400 = EDGE_CURVE('',#3393,#3367,#3401,.T.);
#3401 = B_SPLINE_CURVE_WITH_KNOTS('',2,(#3402,#3403,#3404),
  .UNSPECIFIED.,.F.,.F.,(3,3),(0.,1.),.PIECEWISE_BEZIER_KNOTS.);
#3402 = CARTESIAN_POINT('',(3.104497303561,-2.307103115727,9.6));
#3403 = CARTESIAN_POINT('',(3.104497303561,-2.259949925816,9.6));
#3404 = CARTESIAN_POINT('',(3.134402718991,-2.230044510386,9.6));
#3405 = ORIENTED_EDGE('',*,*,#3366,.F.);
#3406 = ORIENTED_EDGE('',*,*,#1005,.F.);
#3407 = SURFACE_OF_LINEAR_EXTRUSION('',#3408,#3412);
#3408 = B_SPLINE_CURVE_WITH_KNOTS('',2,(#3409,#3410,#3411),
  .UNSPECIFIED.,.F.,.F.,(3,3),(0.,1.),.PIECEWISE_BEZIER_KNOTS.);
#3409 = CARTESIAN_POINT('',(3.104497303561,-2.307103115727,10.));
#3410 = CARTESIAN_POINT('',(3.104497303561,-2.259949925816,10.));
#3411 = CARTESIAN_POINT('',(3.134402718991,-2.230044510386,10.));
#3412 = VECTOR('',#3413,1.);
#3413 = DIRECTION('',(0.,0.,1.));
#3414 = ADVANCED_FACE('',(#3415),#3433,.T.);
#3415 = FACE_BOUND('',#3416,.T.);
#3416 = EDGE_LOOP('',(#3417,#3425,#3431,#3432));
#3417 = ORIENTED_EDGE('',*,*,#3418,.T.);
#3418 = EDGE_CURVE('',#990,#3419,#3421,.T.);
#3419 = VERTEX_POINT('',#3420);
#3420 = CARTESIAN_POINT('',(3.104497303561,-5.092757789318,9.6));
#3421 = LINE('',#3422,#3423);
#3422 = CARTESIAN_POINT('',(3.104497303561,-5.092757789318,10.));
#3423 = VECTOR('',#3424,1.);
#3424 = DIRECTION('',(-0.,-0.,-1.));
#3425 = ORIENTED_EDGE('',*,*,#3426,.T.);
#3426 = EDGE_CURVE('',#3419,#3393,#3427,.T.);
#3427 = LINE('',#3428,#3429);
#3428 = CARTESIAN_POINT('',(3.104497303561,-5.092757789318,9.6));
#3429 = VECTOR('',#3430,1.);
#3430 = DIRECTION('',(0.,1.,0.));
#3431 = ORIENTED_EDGE('',*,*,#3392,.F.);
#3432 = ORIENTED_EDGE('',*,*,#997,.F.);
#3433 = PLANE('',#3434);
#3434 = AXIS2_PLACEMENT_3D('',#3435,#3436,#3437);
#3435 = CARTESIAN_POINT('',(3.104497303561,-5.092757789318,10.));
#3436 = DIRECTION('',(1.,0.,0.));
#3437 = DIRECTION('',(-0.,1.,0.));
#3438 = ADVANCED_FACE('',(#3439),#3457,.T.);
#3439 = FACE_BOUND('',#3440,.T.);
#3440 = EDGE_LOOP('',(#3441,#3449,#3455,#3456));
#3441 = ORIENTED_EDGE('',*,*,#3442,.T.);
#3442 = EDGE_CURVE('',#982,#3443,#3445,.T.);
#3443 = VERTEX_POINT('',#3444);
#3444 = CARTESIAN_POINT('',(3.134402718991,-5.17009458457,9.6));
#3445 = LINE('',#3446,#3447);
#3446 = CARTESIAN_POINT('',(3.134402718991,-5.17009458457,10.));
#3447 = VECTOR('',#3448,1.);
#3448 = DIRECTION('',(-0.,-0.,-1.));
#3449 = ORIENTED_EDGE('',*,*,#3450,.T.);
#3450 = EDGE_CURVE('',#3443,#3419,#3451,.T.);
#3451 = B_SPLINE_CURVE_WITH_KNOTS('',2,(#3452,#3453,#3454),
  .UNSPECIFIED.,.F.,.F.,(3,3),(0.,1.),.PIECEWISE_BEZIER_KNOTS.);
#3452 = CARTESIAN_POINT('',(3.134402718991,-5.17009458457,9.6));
#3453 = CARTESIAN_POINT('',(3.104497303561,-5.140050074184,9.6));
#3454 = CARTESIAN_POINT('',(3.104497303561,-5.092757789318,9.6));
#3455 = ORIENTED_EDGE('',*,*,#3418,.F.);
#3456 = ORIENTED_EDGE('',*,*,#989,.F.);
#3457 = SURFACE_OF_LINEAR_EXTRUSION('',#3458,#3462);
#3458 = B_SPLINE_CURVE_WITH_KNOTS('',2,(#3459,#3460,#3461),
  .UNSPECIFIED.,.F.,.F.,(3,3),(0.,1.),.PIECEWISE_BEZIER_KNOTS.);
#3459 = CARTESIAN_POINT('',(3.134402718991,-5.17009458457,10.));
#3460 = CARTESIAN_POINT('',(3.104497303561,-5.140050074184,10.));
#3461 = CARTESIAN_POINT('',(3.104497303561,-5.092757789318,10.));
#3462 = VECTOR('',#3463,1.);
#3463 = DIRECTION('',(0.,0.,1.));
#3464 = ADVANCED_FACE('',(#3465),#3476,.T.);
#3465 = FACE_BOUND('',#3466,.T.);
#3466 = EDGE_LOOP('',(#3467,#3468,#3474,#3475));
#3467 = ORIENTED_EDGE('',*,*,#3119,.T.);
#3468 = ORIENTED_EDGE('',*,*,#3469,.T.);
#3469 = EDGE_CURVE('',#3112,#3443,#3470,.T.);
#3470 = B_SPLINE_CURVE_WITH_KNOTS('',2,(#3471,#3472,#3473),
  .UNSPECIFIED.,.F.,.F.,(3,3),(0.,1.),.PIECEWISE_BEZIER_KNOTS.);
#3471 = CARTESIAN_POINT('',(3.211322229377,-5.2,9.6));
#3472 = CARTESIAN_POINT('',(3.164308134421,-5.2,9.6));
#3473 = CARTESIAN_POINT('',(3.134402718991,-5.17009458457,9.6));
#3474 = ORIENTED_EDGE('',*,*,#3442,.F.);
#3475 = ORIENTED_EDGE('',*,*,#981,.F.);
#3476 = SURFACE_OF_LINEAR_EXTRUSION('',#3477,#3481);
#3477 = B_SPLINE_CURVE_WITH_KNOTS('',2,(#3478,#3479,#3480),
  .UNSPECIFIED.,.F.,.F.,(3,3),(0.,1.),.PIECEWISE_BEZIER_KNOTS.);
#3478 = CARTESIAN_POINT('',(3.211322229377,-5.2,10.));
#3479 = CARTESIAN_POINT('',(3.164308134421,-5.2,10.));
#3480 = CARTESIAN_POINT('',(3.134402718991,-5.17009458457,10.));
#3481 = VECTOR('',#3482,1.);
#3482 = DIRECTION('',(0.,0.,1.));
#3483 = ADVANCED_FACE('',(#3484),#3509,.T.);
#3484 = FACE_BOUND('',#3485,.T.);
#3485 = EDGE_LOOP('',(#3486,#3494,#3502,#3508));
#3486 = ORIENTED_EDGE('',*,*,#3487,.T.);
#3487 = EDGE_CURVE('',#1094,#3488,#3490,.T.);
#3488 = VERTEX_POINT('',#3489);
#3489 = CARTESIAN_POINT('',(-1.892692778338,-0.4,9.6));
#3490 = LINE('',#3491,#3492);
#3491 = CARTESIAN_POINT('',(-1.892692778338,-0.4,10.));
#3492 = VECTOR('',#3493,1.);
#3493 = DIRECTION('',(-0.,-0.,-1.));
#3494 = ORIENTED_EDGE('',*,*,#3495,.T.);
#3495 = EDGE_CURVE('',#3488,#3496,#3498,.T.);
#3496 = VERTEX_POINT('',#3497);
#3497 = CARTESIAN_POINT('',(-4.400333727893,-0.4,9.6));
#3498 = LINE('',#3499,#3500);
#3499 = CARTESIAN_POINT('',(-1.892692778338,-0.4,9.6));
#3500 = VECTOR('',#3501,1.);
#3501 = DIRECTION('',(-1.,0.,0.));
#3502 = ORIENTED_EDGE('',*,*,#3503,.F.);
#3503 = EDGE_CURVE('',#1096,#3496,#3504,.T.);
#3504 = LINE('',#3505,#3506);
#3505 = CARTESIAN_POINT('',(-4.400333727893,-0.4,10.));
#3506 = VECTOR('',#3507,1.);
#3507 = DIRECTION('',(-0.,-0.,-1.));
#3508 = ORIENTED_EDGE('',*,*,#1093,.F.);
#3509 = PLANE('',#3510);
#3510 = AXIS2_PLACEMENT_3D('',#3511,#3512,#3513);
#3511 = CARTESIAN_POINT('',(-1.892692778338,-0.4,10.));
#3512 = DIRECTION('',(0.,1.,0.));
#3513 = DIRECTION('',(-1.,0.,0.));
#3514 = ADVANCED_FACE('',(#3515),#3533,.T.);
#3515 = FACE_BOUND('',#3516,.T.);
#3516 = EDGE_LOOP('',(#3517,#3525,#3531,#3532));
#3517 = ORIENTED_EDGE('',*,*,#3518,.T.);
#3518 = EDGE_CURVE('',#1224,#3519,#3521,.T.);
#3519 = VERTEX_POINT('',#3520);
#3520 = CARTESIAN_POINT('',(-0.786350048368,-0.196179525223,9.6));
#3521 = LINE('',#3522,#3523);
#3522 = CARTESIAN_POINT('',(-0.786350048368,-0.196179525223,10.));
#3523 = VECTOR('',#3524,1.);
#3524 = DIRECTION('',(-0.,-0.,-1.));
#3525 = ORIENTED_EDGE('',*,*,#3526,.T.);
#3526 = EDGE_CURVE('',#3519,#3488,#3527,.T.);
#3527 = B_SPLINE_CURVE_WITH_KNOTS('',2,(#3528,#3529,#3530),
  .UNSPECIFIED.,.F.,.F.,(3,3),(0.,1.),.PIECEWISE_BEZIER_KNOTS.);
#3528 = CARTESIAN_POINT('',(-0.786350048368,-0.196179525223,9.6));
#3529 = CARTESIAN_POINT('',(-1.237611175964,-0.4,9.6));
#3530 = CARTESIAN_POINT('',(-1.892692778338,-0.4,9.6));
#3531 = ORIENTED_EDGE('',*,*,#3487,.F.);
#3532 = ORIENTED_EDGE('',*,*,#1231,.F.);
#3533 = SURFACE_OF_LINEAR_EXTRUSION('',#3534,#3538);
#3534 = B_SPLINE_CURVE_WITH_KNOTS('',2,(#3535,#3536,#3537),
  .UNSPECIFIED.,.F.,.F.,(3,3),(0.,1.),.PIECEWISE_BEZIER_KNOTS.);
#3535 = CARTESIAN_POINT('',(-0.786350048368,-0.196179525223,10.));
#3536 = CARTESIAN_POINT('',(-1.237611175964,-0.4,10.));
#3537 = CARTESIAN_POINT('',(-1.892692778338,-0.4,10.));
#3538 = VECTOR('',#3539,1.);
#3539 = DIRECTION('',(0.,0.,1.));
#3540 = ADVANCED_FACE('',(#3541),#3559,.T.);
#3541 = FACE_BOUND('',#3542,.T.);
#3542 = EDGE_LOOP('',(#3543,#3544,#3552,#3558));
#3543 = ORIENTED_EDGE('',*,*,#3503,.T.);
#3544 = ORIENTED_EDGE('',*,*,#3545,.T.);
#3545 = EDGE_CURVE('',#3496,#3546,#3548,.T.);
#3546 = VERTEX_POINT('',#3547);
#3547 = CARTESIAN_POINT('',(-4.544176457864,-0.340022255193,9.6));
#3548 = B_SPLINE_CURVE_WITH_KNOTS('',2,(#3549,#3550,#3551),
  .UNSPECIFIED.,.F.,.F.,(3,3),(0.,1.),.PIECEWISE_BEZIER_KNOTS.);
#3549 = CARTESIAN_POINT('',(-4.400333727893,-0.4,9.6));
#3550 = CARTESIAN_POINT('',(-4.48809337181,-0.4,9.6));
#3551 = CARTESIAN_POINT('',(-4.544176457864,-0.340022255193,9.6));
#3552 = ORIENTED_EDGE('',*,*,#3553,.F.);
#3553 = EDGE_CURVE('',#1104,#3546,#3554,.T.);
#3554 = LINE('',#3555,#3556);
#3555 = CARTESIAN_POINT('',(-4.544176457864,-0.340022255193,10.));
#3556 = VECTOR('',#3557,1.);
#3557 = DIRECTION('',(-0.,-0.,-1.));
#3558 = ORIENTED_EDGE('',*,*,#1103,.F.);
#3559 = SURFACE_OF_LINEAR_EXTRUSION('',#3560,#3564);
#3560 = B_SPLINE_CURVE_WITH_KNOTS('',2,(#3561,#3562,#3563),
  .UNSPECIFIED.,.F.,.F.,(3,3),(0.,1.),.PIECEWISE_BEZIER_KNOTS.);
#3561 = CARTESIAN_POINT('',(-4.400333727893,-0.4,10.));
#3562 = CARTESIAN_POINT('',(-4.48809337181,-0.4,10.));
#3563 = CARTESIAN_POINT('',(-4.544176457864,-0.340022255193,10.));
#3564 = VECTOR('',#3565,1.);
#3565 = DIRECTION('',(0.,0.,1.));
#3566 = ADVANCED_FACE('',(#3567),#3585,.T.);
#3567 = FACE_BOUND('',#3568,.T.);
#3568 = EDGE_LOOP('',(#3569,#3577,#3583,#3584));
#3569 = ORIENTED_EDGE('',*,*,#3570,.T.);
#3570 = EDGE_CURVE('',#1216,#3571,#3573,.T.);
#3571 = VERTEX_POINT('',#3572);
#3572 = CARTESIAN_POINT('',(-9.959188813056E-02,0.3875,9.6));
#3573 = LINE('',#3574,#3575);
#3574 = CARTESIAN_POINT('',(-9.959188813056E-02,0.3875,10.));
#3575 = VECTOR('',#3576,1.);
#3576 = DIRECTION('',(-0.,-0.,-1.));
#3577 = ORIENTED_EDGE('',*,*,#3578,.T.);
#3578 = EDGE_CURVE('',#3571,#3519,#3579,.T.);
#3579 = B_SPLINE_CURVE_WITH_KNOTS('',2,(#3580,#3581,#3582),
  .UNSPECIFIED.,.F.,.F.,(3,3),(0.,1.),.PIECEWISE_BEZIER_KNOTS.);
#3580 = CARTESIAN_POINT('',(-9.959188813056E-02,0.3875,9.6));
#3581 = CARTESIAN_POINT('',(-0.335088920772,7.640949554896E-03,9.6));
#3582 = CARTESIAN_POINT('',(-0.786350048368,-0.196179525223,9.6));
#3583 = ORIENTED_EDGE('',*,*,#3518,.F.);
#3584 = ORIENTED_EDGE('',*,*,#1223,.F.);
#3585 = SURFACE_OF_LINEAR_EXTRUSION('',#3586,#3590);
#3586 = B_SPLINE_CURVE_WITH_KNOTS('',2,(#3587,#3588,#3589),
  .UNSPECIFIED.,.F.,.F.,(3,3),(0.,1.),.PIECEWISE_BEZIER_KNOTS.);
#3587 = CARTESIAN_POINT('',(-9.959188813056E-02,0.3875,10.));
#3588 = CARTESIAN_POINT('',(-0.335088920772,7.640949554896E-03,10.));
#3589 = CARTESIAN_POINT('',(-0.786350048368,-0.196179525223,10.));
#3590 = VECTOR('',#3591,1.);
#3591 = DIRECTION('',(0.,0.,1.));
#3592 = ADVANCED_FACE('',(#3593),#3611,.T.);
#3593 = FACE_BOUND('',#3594,.T.);
#3594 = EDGE_LOOP('',(#3595,#3596,#3604,#3610));
#3595 = ORIENTED_EDGE('',*,*,#3553,.T.);
#3596 = ORIENTED_EDGE('',*,*,#3597,.T.);
#3597 = EDGE_CURVE('',#3546,#3598,#3600,.T.);
#3598 = VERTEX_POINT('',#3599);
#3599 = CARTESIAN_POINT('',(-4.5999999,-0.199814540059,9.6));
#3600 = B_SPLINE_CURVE_WITH_KNOTS('',2,(#3601,#3602,#3603),
  .UNSPECIFIED.,.F.,.F.,(3,3),(0.,1.),.PIECEWISE_BEZIER_KNOTS.);
#3601 = CARTESIAN_POINT('',(-4.544176457864,-0.340022255193,9.6));
#3602 = CARTESIAN_POINT('',(-4.5999999,-0.280044510386,9.6));
#3603 = CARTESIAN_POINT('',(-4.5999999,-0.199814540059,9.6));
#3604 = ORIENTED_EDGE('',*,*,#3605,.F.);
#3605 = EDGE_CURVE('',#1112,#3598,#3606,.T.);
#3606 = LINE('',#3607,#3608);
#3607 = CARTESIAN_POINT('',(-4.5999999,-0.199814540059,10.));
#3608 = VECTOR('',#3609,1.);
#3609 = DIRECTION('',(-0.,-0.,-1.));
#3610 = ORIENTED_EDGE('',*,*,#1111,.F.);
#3611 = SURFACE_OF_LINEAR_EXTRUSION('',#3612,#3616);
#3612 = B_SPLINE_CURVE_WITH_KNOTS('',2,(#3613,#3614,#3615),
  .UNSPECIFIED.,.F.,.F.,(3,3),(0.,1.),.PIECEWISE_BEZIER_KNOTS.);
#3613 = CARTESIAN_POINT('',(-4.544176457864,-0.340022255193,10.));
#3614 = CARTESIAN_POINT('',(-4.5999999,-0.280044510386,10.));
#3615 = CARTESIAN_POINT('',(-4.5999999,-0.199814540059,10.));
#3616 = VECTOR('',#3617,1.);
#3617 = DIRECTION('',(0.,0.,1.));
#3618 = ADVANCED_FACE('',(#3619),#3637,.T.);
#3619 = FACE_BOUND('',#3620,.T.);
#3620 = EDGE_LOOP('',(#3621,#3629,#3635,#3636));
#3621 = ORIENTED_EDGE('',*,*,#3622,.T.);
#3622 = EDGE_CURVE('',#1208,#3623,#3625,.T.);
#3623 = VERTEX_POINT('',#3624);
#3624 = CARTESIAN_POINT('',(0.13590514451,1.294955489614,9.6));
#3625 = LINE('',#3626,#3627);
#3626 = CARTESIAN_POINT('',(0.13590514451,1.294955489614,10.));
#3627 = VECTOR('',#3628,1.);
#3628 = DIRECTION('',(-0.,-0.,-1.));
#3629 = ORIENTED_EDGE('',*,*,#3630,.T.);
#3630 = EDGE_CURVE('',#3623,#3571,#3631,.T.);
#3631 = B_SPLINE_CURVE_WITH_KNOTS('',2,(#3632,#3633,#3634),
  .UNSPECIFIED.,.F.,.F.,(3,3),(0.,1.),.PIECEWISE_BEZIER_KNOTS.);
#3632 = CARTESIAN_POINT('',(0.13590514451,1.294955489614,9.6));
#3633 = CARTESIAN_POINT('',(0.13590514451,0.767359050445,9.6));
#3634 = CARTESIAN_POINT('',(-9.959188813056E-02,0.3875,9.6));
#3635 = ORIENTED_EDGE('',*,*,#3570,.F.);
#3636 = ORIENTED_EDGE('',*,*,#1215,.F.);
#3637 = SURFACE_OF_LINEAR_EXTRUSION('',#3638,#3642);
#3638 = B_SPLINE_CURVE_WITH_KNOTS('',2,(#3639,#3640,#3641),
  .UNSPECIFIED.,.F.,.F.,(3,3),(0.,1.),.PIECEWISE_BEZIER_KNOTS.);
#3639 = CARTESIAN_POINT('',(0.13590514451,1.294955489614,10.));
#3640 = CARTESIAN_POINT('',(0.13590514451,0.767359050445,10.));
#3641 = CARTESIAN_POINT('',(-9.959188813056E-02,0.3875,10.));
#3642 = VECTOR('',#3643,1.);
#3643 = DIRECTION('',(0.,0.,1.));
#3644 = ADVANCED_FACE('',(#3645),#3663,.T.);
#3645 = FACE_BOUND('',#3646,.T.);
#3646 = EDGE_LOOP('',(#3647,#3648,#3656,#3662));
#3647 = ORIENTED_EDGE('',*,*,#3605,.T.);
#3648 = ORIENTED_EDGE('',*,*,#3649,.T.);
#3649 = EDGE_CURVE('',#3598,#3650,#3652,.T.);
#3650 = VERTEX_POINT('',#3651);
#3651 = CARTESIAN_POINT('',(-4.5999999,5.000074183976,9.6));
#3652 = LINE('',#3653,#3654);
#3653 = CARTESIAN_POINT('',(-4.5999999,-0.199814540059,9.6));
#3654 = VECTOR('',#3655,1.);
#3655 = DIRECTION('',(0.,1.,0.));
#3656 = ORIENTED_EDGE('',*,*,#3657,.F.);
#3657 = EDGE_CURVE('',#1120,#3650,#3658,.T.);
#3658 = LINE('',#3659,#3660);
#3659 = CARTESIAN_POINT('',(-4.5999999,5.000074183976,10.));
#3660 = VECTOR('',#3661,1.);
#3661 = DIRECTION('',(-0.,-0.,-1.));
#3662 = ORIENTED_EDGE('',*,*,#1119,.F.);
#3663 = PLANE('',#3664);
#3664 = AXIS2_PLACEMENT_3D('',#3665,#3666,#3667);
#3665 = CARTESIAN_POINT('',(-4.5999999,-0.199814540059,10.));
#3666 = DIRECTION('',(1.,0.,0.));
#3667 = DIRECTION('',(0.,1.,0.));
#3668 = ADVANCED_FACE('',(#3669),#3687,.T.);
#3669 = FACE_BOUND('',#3670,.T.);
#3670 = EDGE_LOOP('',(#3671,#3679,#3685,#3686));
#3671 = ORIENTED_EDGE('',*,*,#3672,.T.);
#3672 = EDGE_CURVE('',#1200,#3673,#3675,.T.);
#3673 = VERTEX_POINT('',#3674);
#3674 = CARTESIAN_POINT('',(-0.100890107715,2.062203264095,9.6));
#3675 = LINE('',#3676,#3677);
#3676 = CARTESIAN_POINT('',(-0.100890107715,2.062203264095,10.));
#3677 = VECTOR('',#3678,1.);
#3678 = DIRECTION('',(-0.,-0.,-1.));
#3679 = ORIENTED_EDGE('',*,*,#3680,.T.);
#3680 = EDGE_CURVE('',#3673,#3623,#3681,.T.);
#3681 = B_SPLINE_CURVE_WITH_KNOTS('',2,(#3682,#3683,#3684),
  .UNSPECIFIED.,.F.,.F.,(3,3),(0.,1.),.PIECEWISE_BEZIER_KNOTS.);
#3682 = CARTESIAN_POINT('',(-0.100890107715,2.062203264095,9.6));
#3683 = CARTESIAN_POINT('',(0.13590514451,1.73453264095,9.6));
#3684 = CARTESIAN_POINT('',(0.13590514451,1.294955489614,9.6));
#3685 = ORIENTED_EDGE('',*,*,#3622,.F.);
#3686 = ORIENTED_EDGE('',*,*,#1207,.F.);
#3687 = SURFACE_OF_LINEAR_EXTRUSION('',#3688,#3692);
#3688 = B_SPLINE_CURVE_WITH_KNOTS('',2,(#3689,#3690,#3691),
  .UNSPECIFIED.,.F.,.F.,(3,3),(0.,1.),.PIECEWISE_BEZIER_KNOTS.);
#3689 = CARTESIAN_POINT('',(-0.100890107715,2.062203264095,10.));
#3690 = CARTESIAN_POINT('',(0.13590514451,1.73453264095,10.));
#3691 = CARTESIAN_POINT('',(0.13590514451,1.294955489614,10.));
#3692 = VECTOR('',#3693,1.);
#3693 = DIRECTION('',(0.,0.,1.));
#3694 = ADVANCED_FACE('',(#3695),#3713,.T.);
#3695 = FACE_BOUND('',#3696,.T.);
#3696 = EDGE_LOOP('',(#3697,#3698,#3706,#3712));
#3697 = ORIENTED_EDGE('',*,*,#3657,.T.);
#3698 = ORIENTED_EDGE('',*,*,#3699,.T.);
#3699 = EDGE_CURVE('',#3650,#3700,#3702,.T.);
#3700 = VERTEX_POINT('',#3701);
#3701 = CARTESIAN_POINT('',(-4.544176457864,5.143916913947,9.6));
#3702 = B_SPLINE_CURVE_WITH_KNOTS('',2,(#3703,#3704,#3705),
  .UNSPECIFIED.,.F.,.F.,(3,3),(0.,1.),.PIECEWISE_BEZIER_KNOTS.);
#3703 = CARTESIAN_POINT('',(-4.5999999,5.000074183976,9.6));
#3704 = CARTESIAN_POINT('',(-4.5999999,5.08809347181,9.6));
#3705 = CARTESIAN_POINT('',(-4.544176457864,5.143916913947,9.6));
#3706 = ORIENTED_EDGE('',*,*,#3707,.F.);
#3707 = EDGE_CURVE('',#1128,#3700,#3708,.T.);
#3708 = LINE('',#3709,#3710);
#3709 = CARTESIAN_POINT('',(-4.544176457864,5.143916913947,10.));
#3710 = VECTOR('',#3711,1.);
#3711 = DIRECTION('',(-0.,-0.,-1.));
#3712 = ORIENTED_EDGE('',*,*,#1127,.F.);
#3713 = SURFACE_OF_LINEAR_EXTRUSION('',#3714,#3718);
#3714 = B_SPLINE_CURVE_WITH_KNOTS('',2,(#3715,#3716,#3717),
  .UNSPECIFIED.,.F.,.F.,(3,3),(0.,1.),.PIECEWISE_BEZIER_KNOTS.);
#3715 = CARTESIAN_POINT('',(-4.5999999,5.000074183976,10.));
#3716 = CARTESIAN_POINT('',(-4.5999999,5.08809347181,10.));
#3717 = CARTESIAN_POINT('',(-4.544176457864,5.143916913947,10.));
#3718 = VECTOR('',#3719,1.);
#3719 = DIRECTION('',(0.,0.,1.));
#3720 = ADVANCED_FACE('',(#3721),#3739,.T.);
#3721 = FACE_BOUND('',#3722,.T.);
#3722 = EDGE_LOOP('',(#3723,#3731,#3737,#3738));
#3723 = ORIENTED_EDGE('',*,*,#3724,.T.);
#3724 = EDGE_CURVE('',#1192,#3725,#3727,.T.);
#3725 = VERTEX_POINT('',#3726);
#3726 = CARTESIAN_POINT('',(-0.642247674481,2.534235905045,9.6));
#3727 = LINE('',#3728,#3729);
#3728 = CARTESIAN_POINT('',(-0.642247674481,2.534235905045,10.));
#3729 = VECTOR('',#3730,1.);
#3730 = DIRECTION('',(-0.,-0.,-1.));
#3731 = ORIENTED_EDGE('',*,*,#3732,.T.);
#3732 = EDGE_CURVE('',#3725,#3673,#3733,.T.);
#3733 = B_SPLINE_CURVE_WITH_KNOTS('',2,(#3734,#3735,#3736),
  .UNSPECIFIED.,.F.,.F.,(3,3),(0.,1.),.PIECEWISE_BEZIER_KNOTS.);
#3734 = CARTESIAN_POINT('',(-0.642247674481,2.534235905045,9.6));
#3735 = CARTESIAN_POINT('',(-0.337425716024,2.390133531157,9.6));
#3736 = CARTESIAN_POINT('',(-0.100890107715,2.062203264095,9.6));
#3737 = ORIENTED_EDGE('',*,*,#3672,.F.);
#3738 = ORIENTED_EDGE('',*,*,#1199,.F.);
#3739 = SURFACE_OF_LINEAR_EXTRUSION('',#3740,#3744);
#3740 = B_SPLINE_CURVE_WITH_KNOTS('',2,(#3741,#3742,#3743),
  .UNSPECIFIED.,.F.,.F.,(3,3),(0.,1.),.PIECEWISE_BEZIER_KNOTS.);
#3741 = CARTESIAN_POINT('',(-0.642247674481,2.534235905045,10.));
#3742 = CARTESIAN_POINT('',(-0.337425716024,2.390133531157,10.));
#3743 = CARTESIAN_POINT('',(-0.100890107715,2.062203264095,10.));
#3744 = VECTOR('',#3745,1.);
#3745 = DIRECTION('',(0.,0.,1.));
#3746 = ADVANCED_FACE('',(#3747),#3765,.T.);
#3747 = FACE_BOUND('',#3748,.T.);
#3748 = EDGE_LOOP('',(#3749,#3750,#3758,#3764));
#3749 = ORIENTED_EDGE('',*,*,#3707,.T.);
#3750 = ORIENTED_EDGE('',*,*,#3751,.T.);
#3751 = EDGE_CURVE('',#3700,#3752,#3754,.T.);
#3752 = VERTEX_POINT('',#3753);
#3753 = CARTESIAN_POINT('',(-4.40059337181,5.2,9.6));
#3754 = B_SPLINE_CURVE_WITH_KNOTS('',2,(#3755,#3756,#3757),
  .UNSPECIFIED.,.F.,.F.,(3,3),(0.,1.),.PIECEWISE_BEZIER_KNOTS.);
#3755 = CARTESIAN_POINT('',(-4.544176457864,5.143916913947,9.6));
#3756 = CARTESIAN_POINT('',(-4.488353015727,5.2,9.6));
#3757 = CARTESIAN_POINT('',(-4.40059337181,5.2,9.6));
#3758 = ORIENTED_EDGE('',*,*,#3759,.F.);
#3759 = EDGE_CURVE('',#1136,#3752,#3760,.T.);
#3760 = LINE('',#3761,#3762);
#3761 = CARTESIAN_POINT('',(-4.40059337181,5.2,10.));
#3762 = VECTOR('',#3763,1.);
#3763 = DIRECTION('',(-0.,-0.,-1.));
#3764 = ORIENTED_EDGE('',*,*,#1135,.F.);
#3765 = SURFACE_OF_LINEAR_EXTRUSION('',#3766,#3770);
#3766 = B_SPLINE_CURVE_WITH_KNOTS('',2,(#3767,#3768,#3769),
  .UNSPECIFIED.,.F.,.F.,(3,3),(0.,1.),.PIECEWISE_BEZIER_KNOTS.);
#3767 = CARTESIAN_POINT('',(-4.544176457864,5.143916913947,10.));
#3768 = CARTESIAN_POINT('',(-4.488353015727,5.2,10.));
#3769 = CARTESIAN_POINT('',(-4.40059337181,5.2,10.));
#3770 = VECTOR('',#3771,1.);
#3771 = DIRECTION('',(0.,0.,1.));
#3772 = ADVANCED_FACE('',(#3773),#3791,.T.);
#3773 = FACE_BOUND('',#3774,.T.);
#3774 = EDGE_LOOP('',(#3775,#3783,#3789,#3790));
#3775 = ORIENTED_EDGE('',*,*,#3776,.T.);
#3776 = EDGE_CURVE('',#1184,#3777,#3779,.T.);
#3777 = VERTEX_POINT('',#3778);
#3778 = CARTESIAN_POINT('',(-0.35118684362,2.742210682493,9.6));
#3779 = LINE('',#3780,#3781);
#3780 = CARTESIAN_POINT('',(-0.35118684362,2.742210682493,10.));
#3781 = VECTOR('',#3782,1.);
#3782 = DIRECTION('',(-0.,-0.,-1.));
#3783 = ORIENTED_EDGE('',*,*,#3784,.T.);
#3784 = EDGE_CURVE('',#3777,#3725,#3785,.T.);
#3785 = B_SPLINE_CURVE_WITH_KNOTS('',2,(#3786,#3787,#3788),
  .UNSPECIFIED.,.F.,.F.,(3,3),(0.,1.),.PIECEWISE_BEZIER_KNOTS.);
#3786 = CARTESIAN_POINT('',(-0.35118684362,2.742210682493,9.6));
#3787 = CARTESIAN_POINT('',(-0.506713549852,2.598108308605,9.6));
#3788 = CARTESIAN_POINT('',(-0.642247674481,2.534235905045,9.6));
#3789 = ORIENTED_EDGE('',*,*,#3724,.F.);
#3790 = ORIENTED_EDGE('',*,*,#1191,.F.);
#3791 = SURFACE_OF_LINEAR_EXTRUSION('',#3792,#3796);
#3792 = B_SPLINE_CURVE_WITH_KNOTS('',2,(#3793,#3794,#3795),
  .UNSPECIFIED.,.F.,.F.,(3,3),(0.,1.),.PIECEWISE_BEZIER_KNOTS.);
#3793 = CARTESIAN_POINT('',(-0.35118684362,2.742210682493,10.));
#3794 = CARTESIAN_POINT('',(-0.506713549852,2.598108308605,10.));
#3795 = CARTESIAN_POINT('',(-0.642247674481,2.534235905045,10.));
#3796 = VECTOR('',#3797,1.);
#3797 = DIRECTION('',(0.,0.,1.));
#3798 = ADVANCED_FACE('',(#3799),#3817,.T.);
#3799 = FACE_BOUND('',#3800,.T.);
#3800 = EDGE_LOOP('',(#3801,#3802,#3810,#3816));
#3801 = ORIENTED_EDGE('',*,*,#3759,.T.);
#3802 = ORIENTED_EDGE('',*,*,#3803,.T.);
#3803 = EDGE_CURVE('',#3752,#3804,#3806,.T.);
#3804 = VERTEX_POINT('',#3805);
#3805 = CARTESIAN_POINT('',(-1.966950938576,5.2,9.6));
#3806 = LINE('',#3807,#3808);
#3807 = CARTESIAN_POINT('',(-4.40059337181,5.2,9.6));
#3808 = VECTOR('',#3809,1.);
#3809 = DIRECTION('',(1.,0.,0.));
#3810 = ORIENTED_EDGE('',*,*,#3811,.F.);
#3811 = EDGE_CURVE('',#1144,#3804,#3812,.T.);
#3812 = LINE('',#3813,#3814);
#3813 = CARTESIAN_POINT('',(-1.966950938576,5.2,10.));
#3814 = VECTOR('',#3815,1.);
#3815 = DIRECTION('',(-0.,-0.,-1.));
#3816 = ORIENTED_EDGE('',*,*,#1143,.F.);
#3817 = PLANE('',#3818);
#3818 = AXIS2_PLACEMENT_3D('',#3819,#3820,#3821);
#3819 = CARTESIAN_POINT('',(-4.40059337181,5.2,10.));
#3820 = DIRECTION('',(0.,-1.,0.));
#3821 = DIRECTION('',(1.,0.,0.));
#3822 = ADVANCED_FACE('',(#3823),#3841,.T.);
#3823 = FACE_BOUND('',#3824,.T.);
#3824 = EDGE_LOOP('',(#3825,#3833,#3839,#3840));
#3825 = ORIENTED_EDGE('',*,*,#3826,.T.);
#3826 = EDGE_CURVE('',#1176,#3827,#3829,.T.);
#3827 = VERTEX_POINT('',#3828);
#3828 = CARTESIAN_POINT('',(-8.816755578635E-02,3.106491097923,9.6));
#3829 = LINE('',#3830,#3831);
#3830 = CARTESIAN_POINT('',(-8.816755578635E-02,3.106491097923,10.));
#3831 = VECTOR('',#3832,1.);
#3832 = DIRECTION('',(-0.,-0.,-1.));
#3833 = ORIENTED_EDGE('',*,*,#3834,.T.);
#3834 = EDGE_CURVE('',#3827,#3777,#3835,.T.);
#3835 = B_SPLINE_CURVE_WITH_KNOTS('',2,(#3836,#3837,#3838),
  .UNSPECIFIED.,.F.,.F.,(3,3),(0.,1.),.PIECEWISE_BEZIER_KNOTS.);
#3836 = CARTESIAN_POINT('',(-8.816755578635E-02,3.106491097923,9.6));
#3837 = CARTESIAN_POINT('',(-0.195660137389,2.88631305638,9.6));
#3838 = CARTESIAN_POINT('',(-0.35118684362,2.742210682493,9.6));
#3839 = ORIENTED_EDGE('',*,*,#3776,.F.);
#3840 = ORIENTED_EDGE('',*,*,#1183,.F.);
#3841 = SURFACE_OF_LINEAR_EXTRUSION('',#3842,#3846);
#3842 = B_SPLINE_CURVE_WITH_KNOTS('',2,(#3843,#3844,#3845),
  .UNSPECIFIED.,.F.,.F.,(3,3),(0.,1.),.PIECEWISE_BEZIER_KNOTS.);
#3843 = CARTESIAN_POINT('',(-8.816755578635E-02,3.106491097923,10.));
#3844 = CARTESIAN_POINT('',(-0.195660137389,2.88631305638,10.));
#3845 = CARTESIAN_POINT('',(-0.35118684362,2.742210682493,10.));
#3846 = VECTOR('',#3847,1.);
#3847 = DIRECTION('',(0.,0.,1.));
#3848 = ADVANCED_FACE('',(#3849),#3867,.T.);
#3849 = FACE_BOUND('',#3850,.T.);
#3850 = EDGE_LOOP('',(#3851,#3852,#3860,#3866));
#3851 = ORIENTED_EDGE('',*,*,#3811,.T.);
#3852 = ORIENTED_EDGE('',*,*,#3853,.T.);
#3853 = EDGE_CURVE('',#3804,#3854,#3856,.T.);
#3854 = VERTEX_POINT('',#3855);
#3855 = CARTESIAN_POINT('',(-0.842173490504,5.007863501484,9.6));
#3856 = B_SPLINE_CURVE_WITH_KNOTS('',2,(#3857,#3858,#3859),
  .UNSPECIFIED.,.F.,.F.,(3,3),(0.,1.),.PIECEWISE_BEZIER_KNOTS.);
#3857 = CARTESIAN_POINT('',(-1.966950938576,5.2,9.6));
#3858 = CARTESIAN_POINT('',(-1.280712066172,5.2,9.6));
#3859 = CARTESIAN_POINT('',(-0.842173490504,5.007863501484,9.6));
#3860 = ORIENTED_EDGE('',*,*,#3861,.F.);
#3861 = EDGE_CURVE('',#1152,#3854,#3862,.T.);
#3862 = LINE('',#3863,#3864);
#3863 = CARTESIAN_POINT('',(-0.842173490504,5.007863501484,10.));
#3864 = VECTOR('',#3865,1.);
#3865 = DIRECTION('',(-0.,-0.,-1.));
#3866 = ORIENTED_EDGE('',*,*,#1151,.F.);
#3867 = SURFACE_OF_LINEAR_EXTRUSION('',#3868,#3872);
#3868 = B_SPLINE_CURVE_WITH_KNOTS('',2,(#3869,#3870,#3871),
  .UNSPECIFIED.,.F.,.F.,(3,3),(0.,1.),.PIECEWISE_BEZIER_KNOTS.);
#3869 = CARTESIAN_POINT('',(-1.966950938576,5.2,10.));
#3870 = CARTESIAN_POINT('',(-1.280712066172,5.2,10.));
#3871 = CARTESIAN_POINT('',(-0.842173490504,5.007863501484,10.));
#3872 = VECTOR('',#3873,1.);
#3873 = DIRECTION('',(0.,0.,1.));
#3874 = ADVANCED_FACE('',(#3875),#3893,.T.);
#3875 = FACE_BOUND('',#3876,.T.);
#3876 = EDGE_LOOP('',(#3877,#3885,#3891,#3892));
#3877 = ORIENTED_EDGE('',*,*,#3878,.T.);
#3878 = EDGE_CURVE('',#1168,#3879,#3881,.T.);
#3879 = VERTEX_POINT('',#3880);
#3880 = CARTESIAN_POINT('',(1.958466973294E-02,3.61487388724,9.6));
#3881 = LINE('',#3882,#3883);
#3882 = CARTESIAN_POINT('',(1.958466973294E-02,3.61487388724,10.));
#3883 = VECTOR('',#3884,1.);
#3884 = DIRECTION('',(-0.,-0.,-1.));
#3885 = ORIENTED_EDGE('',*,*,#3886,.T.);
#3886 = EDGE_CURVE('',#3879,#3827,#3887,.T.);
#3887 = B_SPLINE_CURVE_WITH_KNOTS('',2,(#3888,#3889,#3890),
  .UNSPECIFIED.,.F.,.F.,(3,3),(0.,1.),.PIECEWISE_BEZIER_KNOTS.);
#3888 = CARTESIAN_POINT('',(1.958466973294E-02,3.61487388724,9.6));
#3889 = CARTESIAN_POINT('',(1.958466973294E-02,3.326669139466,9.6));
#3890 = CARTESIAN_POINT('',(-8.816755578635E-02,3.106491097923,9.6));
#3891 = ORIENTED_EDGE('',*,*,#3826,.F.);
#3892 = ORIENTED_EDGE('',*,*,#1175,.F.);
#3893 = SURFACE_OF_LINEAR_EXTRUSION('',#3894,#3898);
#3894 = B_SPLINE_CURVE_WITH_KNOTS('',2,(#3895,#3896,#3897),
  .UNSPECIFIED.,.F.,.F.,(3,3),(0.,1.),.PIECEWISE_BEZIER_KNOTS.);
#3895 = CARTESIAN_POINT('',(1.958466973294E-02,3.61487388724,10.));
#3896 = CARTESIAN_POINT('',(1.958466973294E-02,3.326669139466,10.));
#3897 = CARTESIAN_POINT('',(-8.816755578635E-02,3.106491097923,10.));
#3898 = VECTOR('',#3899,1.);
#3899 = DIRECTION('',(0.,0.,1.));
#3900 = ADVANCED_FACE('',(#3901),#3919,.T.);
#3901 = FACE_BOUND('',#3902,.T.);
#3902 = EDGE_LOOP('',(#3903,#3904,#3912,#3918));
#3903 = ORIENTED_EDGE('',*,*,#3861,.T.);
#3904 = ORIENTED_EDGE('',*,*,#3905,.T.);
#3905 = EDGE_CURVE('',#3854,#3906,#3908,.T.);
#3906 = VERTEX_POINT('',#3907);
#3907 = CARTESIAN_POINT('',(-0.192025122552,4.459495548961,9.6));
#3908 = B_SPLINE_CURVE_WITH_KNOTS('',2,(#3909,#3910,#3911),
  .UNSPECIFIED.,.F.,.F.,(3,3),(0.,1.),.PIECEWISE_BEZIER_KNOTS.);
#3909 = CARTESIAN_POINT('',(-0.842173490504,5.007863501484,9.6));
#3910 = CARTESIAN_POINT('',(-0.40337527092,4.815727002967,9.6));
#3911 = CARTESIAN_POINT('',(-0.192025122552,4.459495548961,9.6));
#3912 = ORIENTED_EDGE('',*,*,#3913,.F.);
#3913 = EDGE_CURVE('',#1160,#3906,#3914,.T.);
#3914 = LINE('',#3915,#3916);
#3915 = CARTESIAN_POINT('',(-0.192025122552,4.459495548961,10.));
#3916 = VECTOR('',#3917,1.);
#3917 = DIRECTION('',(-0.,-0.,-1.));
#3918 = ORIENTED_EDGE('',*,*,#1159,.F.);
#3919 = SURFACE_OF_LINEAR_EXTRUSION('',#3920,#3924);
#3920 = B_SPLINE_CURVE_WITH_KNOTS('',2,(#3921,#3922,#3923),
  .UNSPECIFIED.,.F.,.F.,(3,3),(0.,1.),.PIECEWISE_BEZIER_KNOTS.);
#3921 = CARTESIAN_POINT('',(-0.842173490504,5.007863501484,10.));
#3922 = CARTESIAN_POINT('',(-0.40337527092,4.815727002967,10.));
#3923 = CARTESIAN_POINT('',(-0.192025122552,4.459495548961,10.));
#3924 = VECTOR('',#3925,1.);
#3925 = DIRECTION('',(0.,0.,1.));
#3926 = ADVANCED_FACE('',(#3927),#3938,.T.);
#3927 = FACE_BOUND('',#3928,.T.);
#3928 = EDGE_LOOP('',(#3929,#3930,#3936,#3937));
#3929 = ORIENTED_EDGE('',*,*,#3913,.T.);
#3930 = ORIENTED_EDGE('',*,*,#3931,.T.);
#3931 = EDGE_CURVE('',#3906,#3879,#3932,.T.);
#3932 = B_SPLINE_CURVE_WITH_KNOTS('',2,(#3933,#3934,#3935),
  .UNSPECIFIED.,.F.,.F.,(3,3),(0.,1.),.PIECEWISE_BEZIER_KNOTS.);
#3933 = CARTESIAN_POINT('',(-0.192025122552,4.459495548961,9.6));
#3934 = CARTESIAN_POINT('',(1.958466973294E-02,4.103264094955,9.6));
#3935 = CARTESIAN_POINT('',(1.958466973294E-02,3.61487388724,9.6));
#3936 = ORIENTED_EDGE('',*,*,#3878,.F.);
#3937 = ORIENTED_EDGE('',*,*,#1167,.F.);
#3938 = SURFACE_OF_LINEAR_EXTRUSION('',#3939,#3943);
#3939 = B_SPLINE_CURVE_WITH_KNOTS('',2,(#3940,#3941,#3942),
  .UNSPECIFIED.,.F.,.F.,(3,3),(0.,1.),.PIECEWISE_BEZIER_KNOTS.);
#3940 = CARTESIAN_POINT('',(-0.192025122552,4.459495548961,10.));
#3941 = CARTESIAN_POINT('',(1.958466973294E-02,4.103264094955,10.));
#3942 = CARTESIAN_POINT('',(1.958466973294E-02,3.61487388724,10.));
#3943 = VECTOR('',#3944,1.);
#3944 = DIRECTION('',(0.,0.,1.));
#3945 = ADVANCED_FACE('',(#3946,#3956),#3967,.F.);
#3946 = FACE_BOUND('',#3947,.F.);
#3947 = EDGE_LOOP('',(#3948,#3949,#3950,#3951,#3952,#3953,#3954,#3955));
#3948 = ORIENTED_EDGE('',*,*,#1421,.F.);
#3949 = ORIENTED_EDGE('',*,*,#1399,.F.);
#3950 = ORIENTED_EDGE('',*,*,#1366,.F.);
#3951 = ORIENTED_EDGE('',*,*,#1541,.F.);
#3952 = ORIENTED_EDGE('',*,*,#1517,.F.);
#3953 = ORIENTED_EDGE('',*,*,#1493,.F.);
#3954 = ORIENTED_EDGE('',*,*,#1469,.F.);
#3955 = ORIENTED_EDGE('',*,*,#1445,.F.);
#3956 = FACE_BOUND('',#3957,.F.);
#3957 = EDGE_LOOP('',(#3958));
#3958 = ORIENTED_EDGE('',*,*,#3959,.T.);
#3959 = EDGE_CURVE('',#3960,#3960,#3962,.T.);
#3960 = VERTEX_POINT('',#3961);
#3961 = CARTESIAN_POINT('',(2.75,0.,8.8));
#3962 = CIRCLE('',#3963,2.75);
#3963 = AXIS2_PLACEMENT_3D('',#3964,#3965,#3966);
#3964 = CARTESIAN_POINT('',(0.,0.,8.8));
#3965 = DIRECTION('',(0.,0.,-1.));
#3966 = DIRECTION('',(1.,0.,0.));
#3967 = PLANE('',#3968);
#3968 = AXIS2_PLACEMENT_3D('',#3969,#3970,#3971);
#3969 = CARTESIAN_POINT('',(-7.1E-16,2.2E-16,8.8));
#3970 = DIRECTION('',(0.,0.,1.));
#3971 = DIRECTION('',(1.,0.,0.));
#3972 = ADVANCED_FACE('',(#3973,#3993,#4051),#4109,.T.);
#3973 = FACE_BOUND('',#3974,.T.);
#3974 = EDGE_LOOP('',(#3975,#3976,#3977,#3978,#3979,#3980,#3981,#3982,
    #3983,#3984,#3985,#3986,#3987,#3988,#3989,#3990,#3991,#3992));
#3975 = ORIENTED_EDGE('',*,*,#2087,.F.);
#3976 = ORIENTED_EDGE('',*,*,#1651,.F.);
#3977 = ORIENTED_EDGE('',*,*,#1682,.F.);
#3978 = ORIENTED_EDGE('',*,*,#1708,.F.);
#3979 = ORIENTED_EDGE('',*,*,#1734,.F.);
#3980 = ORIENTED_EDGE('',*,*,#1760,.F.);
#3981 = ORIENTED_EDGE('',*,*,#1786,.F.);
#3982 = ORIENTED_EDGE('',*,*,#1812,.F.);
#3983 = ORIENTED_EDGE('',*,*,#1838,.F.);
#3984 = ORIENTED_EDGE('',*,*,#1864,.F.);
#3985 = ORIENTED_EDGE('',*,*,#1890,.F.);
#3986 = ORIENTED_EDGE('',*,*,#1916,.F.);
#3987 = ORIENTED_EDGE('',*,*,#1942,.F.);
#3988 = ORIENTED_EDGE('',*,*,#1968,.F.);
#3989 = ORIENTED_EDGE('',*,*,#1992,.F.);
#3990 = ORIENTED_EDGE('',*,*,#2018,.F.);
#3991 = ORIENTED_EDGE('',*,*,#2044,.F.);
#3992 = ORIENTED_EDGE('',*,*,#2068,.F.);
#3993 = FACE_BOUND('',#3994,.T.);
#3994 = EDGE_LOOP('',(#3995,#4005,#4013,#4021,#4029,#4037,#4045));
#3995 = ORIENTED_EDGE('',*,*,#3996,.F.);
#3996 = EDGE_CURVE('',#3997,#3999,#4001,.T.);
#3997 = VERTEX_POINT('',#3998);
#3998 = CARTESIAN_POINT('',(-4.782464862611,-4.701483679525,9.6));
#3999 = VERTEX_POINT('',#4000);
#4000 = CARTESIAN_POINT('',(-4.128440381899,-4.701483679525,9.6));
#4001 = LINE('',#4002,#4003);
#4002 = CARTESIAN_POINT('',(-4.782464862611,-4.701483679525,9.6));
#4003 = VECTOR('',#4004,1.);
#4004 = DIRECTION('',(1.,0.,0.));
#4005 = ORIENTED_EDGE('',*,*,#4006,.F.);
#4006 = EDGE_CURVE('',#4007,#3997,#4009,.T.);
#4007 = VERTEX_POINT('',#4008);
#4008 = CARTESIAN_POINT('',(-4.782464862611,-3.909198813056,9.6));
#4009 = LINE('',#4010,#4011);
#4010 = CARTESIAN_POINT('',(-4.782464862611,-3.909198813056,9.6));
#4011 = VECTOR('',#4012,1.);
#4012 = DIRECTION('',(0.,-1.,0.));
#4013 = ORIENTED_EDGE('',*,*,#4014,.F.);
#4014 = EDGE_CURVE('',#4015,#4007,#4017,.T.);
#4015 = VERTEX_POINT('',#4016);
#4016 = CARTESIAN_POINT('',(-4.128440381899,-3.909198813056,9.6));
#4017 = LINE('',#4018,#4019);
#4018 = CARTESIAN_POINT('',(-4.128440381899,-3.909198813056,9.6));
#4019 = VECTOR('',#4020,1.);
#4020 = DIRECTION('',(-1.,0.,0.));
#4021 = ORIENTED_EDGE('',*,*,#4022,.F.);
#4022 = EDGE_CURVE('',#4023,#4015,#4025,.T.);
#4023 = VERTEX_POINT('',#4024);
#4024 = CARTESIAN_POINT('',(-3.814363972404,-4.022700296736,9.6));
#4025 = B_SPLINE_CURVE_WITH_KNOTS('',2,(#4026,#4027,#4028),
  .UNSPECIFIED.,.F.,.F.,(3,3),(0.,1.),.PIECEWISE_BEZIER_KNOTS.);
#4026 = CARTESIAN_POINT('',(-3.814363972404,-4.022700296736,9.6));
#4027 = CARTESIAN_POINT('',(-3.923414417507,-3.909198813056,9.6));
#4028 = CARTESIAN_POINT('',(-4.128440381899,-3.909198813056,9.6));
#4029 = ORIENTED_EDGE('',*,*,#4030,.F.);
#4030 = EDGE_CURVE('',#4031,#4023,#4033,.T.);
#4031 = VERTEX_POINT('',#4032);
#4032 = CARTESIAN_POINT('',(-3.7053135273,-4.303254821958,9.6));
#4033 = B_SPLINE_CURVE_WITH_KNOTS('',2,(#4034,#4035,#4036),
  .UNSPECIFIED.,.F.,.F.,(3,3),(0.,1.),.PIECEWISE_BEZIER_KNOTS.);
#4034 = CARTESIAN_POINT('',(-3.7053135273,-4.303254821958,9.6));
#4035 = CARTESIAN_POINT('',(-3.7053135273,-4.136201780415,9.6));
#4036 = CARTESIAN_POINT('',(-3.814363972404,-4.022700296736,9.6));
#4037 = ORIENTED_EDGE('',*,*,#4038,.F.);
#4038 = EDGE_CURVE('',#4039,#4031,#4041,.T.);
#4039 = VERTEX_POINT('',#4040);
#4040 = CARTESIAN_POINT('',(-3.812277548071,-4.583809347181,9.6));
#4041 = B_SPLINE_CURVE_WITH_KNOTS('',2,(#4042,#4043,#4044),
  .UNSPECIFIED.,.F.,.F.,(3,3),(0.,1.),.PIECEWISE_BEZIER_KNOTS.);
#4042 = CARTESIAN_POINT('',(-3.812277548071,-4.583809347181,9.6));
#4043 = CARTESIAN_POINT('',(-3.7053135273,-4.465995919881,9.6));
#4044 = CARTESIAN_POINT('',(-3.7053135273,-4.303254821958,9.6));
#4045 = ORIENTED_EDGE('',*,*,#4046,.F.);
#4046 = EDGE_CURVE('',#3999,#4039,#4047,.T.);
#4047 = B_SPLINE_CURVE_WITH_KNOTS('',2,(#4048,#4049,#4050),
  .UNSPECIFIED.,.F.,.F.,(3,3),(0.,1.),.PIECEWISE_BEZIER_KNOTS.);
#4048 = CARTESIAN_POINT('',(-4.128440381899,-4.701483679525,9.6));
#4049 = CARTESIAN_POINT('',(-3.919102473887,-4.701483679525,9.6));
#4050 = CARTESIAN_POINT('',(-3.812277548071,-4.583809347181,9.6));
#4051 = FACE_BOUND('',#4052,.T.);
#4052 = EDGE_LOOP('',(#4053,#4063,#4071,#4079,#4087,#4095,#4103));
#4053 = ORIENTED_EDGE('',*,*,#4054,.F.);
#4054 = EDGE_CURVE('',#4055,#4057,#4059,.T.);
#4055 = VERTEX_POINT('',#4056);
#4056 = CARTESIAN_POINT('',(-4.782464862611,-3.419584569733,9.6));
#4057 = VERTEX_POINT('',#4058);
#4058 = CARTESIAN_POINT('',(-4.163075025816,-3.419584569733,9.6));
#4059 = LINE('',#4060,#4061);
#4060 = CARTESIAN_POINT('',(-4.782464862611,-3.419584569733,9.6));
#4061 = VECTOR('',#4062,1.);
#4062 = DIRECTION('',(1.,0.,0.));
#4063 = ORIENTED_EDGE('',*,*,#4064,.F.);
#4064 = EDGE_CURVE('',#4065,#4055,#4067,.T.);
#4065 = VERTEX_POINT('',#4066);
#4066 = CARTESIAN_POINT('',(-4.782464862611,-2.698516320475,9.6));
#4067 = LINE('',#4068,#4069);
#4068 = CARTESIAN_POINT('',(-4.782464862611,-2.698516320475,9.6));
#4069 = VECTOR('',#4070,1.);
#4070 = DIRECTION('',(0.,-1.,0.));
#4071 = ORIENTED_EDGE('',*,*,#4072,.F.);
#4072 = EDGE_CURVE('',#4073,#4065,#4075,.T.);
#4073 = VERTEX_POINT('',#4074);
#4074 = CARTESIAN_POINT('',(-4.163075025816,-2.698516320475,9.6));
#4075 = LINE('',#4076,#4077);
#4076 = CARTESIAN_POINT('',(-4.163075025816,-2.698516320475,9.6));
#4077 = VECTOR('',#4078,1.);
#4078 = DIRECTION('',(-1.,0.,0.));
#4079 = ORIENTED_EDGE('',*,*,#4080,.F.);
#4080 = EDGE_CURVE('',#4081,#4073,#4083,.T.);
#4081 = VERTEX_POINT('',#4082);
#4082 = CARTESIAN_POINT('',(-3.859848022849,-2.796300074184,9.6));
#4083 = B_SPLINE_CURVE_WITH_KNOTS('',2,(#4084,#4085,#4086),
  .UNSPECIFIED.,.F.,.F.,(3,3),(0.,1.),.PIECEWISE_BEZIER_KNOTS.);
#4084 = CARTESIAN_POINT('',(-3.859848022849,-2.796300074184,9.6));
#4085 = CARTESIAN_POINT('',(-3.96097005549,-2.698516320475,9.6));
#4086 = CARTESIAN_POINT('',(-4.163075025816,-2.698516320475,9.6));
#4087 = ORIENTED_EDGE('',*,*,#4088,.F.);
#4088 = EDGE_CURVE('',#4089,#4081,#4091,.T.);
#4089 = VERTEX_POINT('',#4090);
#4090 = CARTESIAN_POINT('',(-3.758725990208,-3.054738501484,9.6));
#4091 = B_SPLINE_CURVE_WITH_KNOTS('',2,(#4092,#4093,#4094),
  .UNSPECIFIED.,.F.,.F.,(3,3),(0.,1.),.PIECEWISE_BEZIER_KNOTS.);
#4092 = CARTESIAN_POINT('',(-3.758725990208,-3.054738501484,9.6));
#4093 = CARTESIAN_POINT('',(-3.758725990208,-2.894083827893,9.6));
#4094 = CARTESIAN_POINT('',(-3.859848022849,-2.796300074184,9.6));
#4095 = ORIENTED_EDGE('',*,*,#4096,.F.);
#4096 = EDGE_CURVE('',#4097,#4089,#4099,.T.);
#4097 = VERTEX_POINT('',#4098);
#4098 = CARTESIAN_POINT('',(-3.859848022849,-3.317627967359,9.6));
#4099 = B_SPLINE_CURVE_WITH_KNOTS('',2,(#4100,#4101,#4102),
  .UNSPECIFIED.,.F.,.F.,(3,3),(0.,1.),.PIECEWISE_BEZIER_KNOTS.);
#4100 = CARTESIAN_POINT('',(-3.859848022849,-3.317627967359,9.6));
#4101 = CARTESIAN_POINT('',(-3.758725990208,-3.21553227003,9.6));
#4102 = CARTESIAN_POINT('',(-3.758725990208,-3.054738501484,9.6));
#4103 = ORIENTED_EDGE('',*,*,#4104,.F.);
#4104 = EDGE_CURVE('',#4057,#4097,#4105,.T.);
#4105 = B_SPLINE_CURVE_WITH_KNOTS('',2,(#4106,#4107,#4108),
  .UNSPECIFIED.,.F.,.F.,(3,3),(0.,1.),.PIECEWISE_BEZIER_KNOTS.);
#4106 = CARTESIAN_POINT('',(-4.163075025816,-3.419584569733,9.6));
#4107 = CARTESIAN_POINT('',(-3.96097005549,-3.419584569733,9.6));
#4108 = CARTESIAN_POINT('',(-3.859848022849,-3.317627967359,9.6));
#4109 = PLANE('',#4110);
#4110 = AXIS2_PLACEMENT_3D('',#4111,#4112,#4113);
#4111 = CARTESIAN_POINT('',(-4.315615349303,-3.702202568211,9.6));
#4112 = DIRECTION('',(0.,0.,1.));
#4113 = DIRECTION('',(1.,0.,0.));
#4114 = ADVANCED_FACE('',(#4115,#4133),#4247,.T.);
#4115 = FACE_BOUND('',#4116,.T.);
#4116 = EDGE_LOOP('',(#4117,#4118,#4119,#4120,#4121,#4122,#4123,#4124,
    #4125,#4126,#4127,#4128,#4129,#4130,#4131,#4132));
#4117 = ORIENTED_EDGE('',*,*,#2503,.F.);
#4118 = ORIENTED_EDGE('',*,*,#2113,.F.);
#4119 = ORIENTED_EDGE('',*,*,#2146,.F.);
#4120 = ORIENTED_EDGE('',*,*,#2172,.F.);
#4121 = ORIENTED_EDGE('',*,*,#2198,.F.);
#4122 = ORIENTED_EDGE('',*,*,#2224,.F.);
#4123 = ORIENTED_EDGE('',*,*,#2250,.F.);
#4124 = ORIENTED_EDGE('',*,*,#2276,.F.);
#4125 = ORIENTED_EDGE('',*,*,#2302,.F.);
#4126 = ORIENTED_EDGE('',*,*,#2328,.F.);
#4127 = ORIENTED_EDGE('',*,*,#2354,.F.);
#4128 = ORIENTED_EDGE('',*,*,#2380,.F.);
#4129 = ORIENTED_EDGE('',*,*,#2406,.F.);
#4130 = ORIENTED_EDGE('',*,*,#2432,.F.);
#4131 = ORIENTED_EDGE('',*,*,#2458,.F.);
#4132 = ORIENTED_EDGE('',*,*,#2484,.F.);
#4133 = FACE_BOUND('',#4134,.T.);
#4134 = EDGE_LOOP('',(#4135,#4145,#4153,#4161,#4169,#4177,#4185,#4193,
    #4201,#4209,#4217,#4225,#4233,#4241));
#4135 = ORIENTED_EDGE('',*,*,#4136,.F.);
#4136 = EDGE_CURVE('',#4137,#4139,#4141,.T.);
#4137 = VERTEX_POINT('',#4138);
#4138 = CARTESIAN_POINT('',(-1.412054996142,-4.683679525223,9.6));
#4139 = VERTEX_POINT('',#4140);
#4140 = CARTESIAN_POINT('',(-1.003950396736,-4.531926928783,9.6));
#4141 = B_SPLINE_CURVE_WITH_KNOTS('',2,(#4142,#4143,#4144),
  .UNSPECIFIED.,.F.,.F.,(3,3),(0.,1.),.PIECEWISE_BEZIER_KNOTS.);
#4142 = CARTESIAN_POINT('',(-1.412054996142,-4.683679525223,9.6));
#4143 = CARTESIAN_POINT('',(-1.16418778546,-4.683679525223,9.6));
#4144 = CARTESIAN_POINT('',(-1.003950396736,-4.531926928783,9.6));
#4145 = ORIENTED_EDGE('',*,*,#4146,.F.);
#4146 = EDGE_CURVE('',#4147,#4137,#4149,.T.);
#4147 = VERTEX_POINT('',#4148);
#4148 = CARTESIAN_POINT('',(-1.822246019881,-4.531926928783,9.6));
#4149 = B_SPLINE_CURVE_WITH_KNOTS('',2,(#4150,#4151,#4152),
  .UNSPECIFIED.,.F.,.F.,(3,3),(0.,1.),.PIECEWISE_BEZIER_KNOTS.);
#4150 = CARTESIAN_POINT('',(-1.822246019881,-4.531926928783,9.6));
#4151 = CARTESIAN_POINT('',(-1.66409505549,-4.683679525223,9.6));
#4152 = CARTESIAN_POINT('',(-1.412054996142,-4.683679525223,9.6));
#4153 = ORIENTED_EDGE('',*,*,#4154,.F.);
#4154 = EDGE_CURVE('',#4155,#4147,#4157,.T.);
#4155 = VERTEX_POINT('',#4156);
#4156 = CARTESIAN_POINT('',(-1.993054625223,-4.046346439169,9.6));
#4157 = B_SPLINE_CURVE_WITH_KNOTS('',2,(#4158,#4159,#4160),
  .UNSPECIFIED.,.F.,.F.,(3,3),(0.,1.),.PIECEWISE_BEZIER_KNOTS.);
#4158 = CARTESIAN_POINT('',(-1.993054625223,-4.046346439169,9.6));
#4159 = CARTESIAN_POINT('',(-1.980257889318,-4.380035237389,9.6));
#4160 = CARTESIAN_POINT('',(-1.822246019881,-4.531926928783,9.6));
#4161 = ORIENTED_EDGE('',*,*,#4162,.F.);
#4162 = EDGE_CURVE('',#4163,#4155,#4165,.T.);
#4163 = VERTEX_POINT('',#4164);
#4164 = CARTESIAN_POINT('',(-1.997366568843,-3.693462537092,9.6));
#4165 = B_SPLINE_CURVE_WITH_KNOTS('',2,(#4166,#4167,#4168),
  .UNSPECIFIED.,.F.,.F.,(3,3),(0.,1.),.PIECEWISE_BEZIER_KNOTS.);
#4166 = CARTESIAN_POINT('',(-1.997366568843,-3.693462537092,9.6));
#4167 = CARTESIAN_POINT('',(-1.997366568843,-3.858150964392,9.6));
#4168 = CARTESIAN_POINT('',(-1.993054625223,-4.046346439169,9.6));
#4169 = ORIENTED_EDGE('',*,*,#4170,.F.);
#4170 = EDGE_CURVE('',#4171,#4163,#4173,.T.);
#4171 = VERTEX_POINT('',#4172);
#4172 = CARTESIAN_POINT('',(-1.993054625223,-3.34475148368,9.6));
#4173 = B_SPLINE_CURVE_WITH_KNOTS('',2,(#4174,#4175,#4176),
  .UNSPECIFIED.,.F.,.F.,(3,3),(0.,1.),.PIECEWISE_BEZIER_KNOTS.);
#4174 = CARTESIAN_POINT('',(-1.993054625223,-3.34475148368,9.6));
#4175 = CARTESIAN_POINT('',(-1.997366568843,-3.528774109792,9.6));
#4176 = CARTESIAN_POINT('',(-1.997366568843,-3.693462537092,9.6));
#4177 = ORIENTED_EDGE('',*,*,#4178,.F.);
#4178 = EDGE_CURVE('',#4179,#4171,#4181,.T.);
#4179 = VERTEX_POINT('',#4180);
#4180 = CARTESIAN_POINT('',(-1.90987584184,-2.981296364985,9.6));
#4181 = B_SPLINE_CURVE_WITH_KNOTS('',2,(#4182,#4183,#4184),
  .UNSPECIFIED.,.F.,.F.,(3,3),(0.,1.),.PIECEWISE_BEZIER_KNOTS.);
#4182 = CARTESIAN_POINT('',(-1.90987584184,-2.981296364985,9.6));
#4183 = CARTESIAN_POINT('',(-1.984569832938,-3.122338649852,9.6));
#4184 = CARTESIAN_POINT('',(-1.993054625223,-3.34475148368,9.6));
#4185 = ORIENTED_EDGE('',*,*,#4186,.F.);
#4186 = EDGE_CURVE('',#4187,#4179,#4189,.T.);
#4187 = VERTEX_POINT('',#4188);
#4188 = CARTESIAN_POINT('',(-1.70693630178,-2.773766691395,9.6));
#4189 = B_SPLINE_CURVE_WITH_KNOTS('',2,(#4190,#4191,#4192),
  .UNSPECIFIED.,.F.,.F.,(3,3),(0.,1.),.PIECEWISE_BEZIER_KNOTS.);
#4190 = CARTESIAN_POINT('',(-1.70693630178,-2.773766691395,9.6));
#4191 = CARTESIAN_POINT('',(-1.835042755786,-2.840114985163,9.6));
#4192 = CARTESIAN_POINT('',(-1.90987584184,-2.981296364985,9.6));
#4193 = ORIENTED_EDGE('',*,*,#4194,.F.);
#4194 = EDGE_CURVE('',#4195,#4187,#4197,.T.);
#4195 = VERTEX_POINT('',#4196);
#4196 = CARTESIAN_POINT('',(-1.412054996142,-2.707418397626,9.6));
#4197 = B_SPLINE_CURVE_WITH_KNOTS('',2,(#4198,#4199,#4200),
  .UNSPECIFIED.,.F.,.F.,(3,3),(0.,1.),.PIECEWISE_BEZIER_KNOTS.);
#4198 = CARTESIAN_POINT('',(-1.412054996142,-2.707418397626,9.6));
#4199 = CARTESIAN_POINT('',(-1.578690752819,-2.707418397626,9.6));
#4200 = CARTESIAN_POINT('',(-1.70693630178,-2.773766691395,9.6));
#4201 = ORIENTED_EDGE('',*,*,#4202,.F.);
#4202 = EDGE_CURVE('',#4203,#4195,#4205,.T.);
#4203 = VERTEX_POINT('',#4204);
#4204 = CARTESIAN_POINT('',(-1.119260114837,-2.773766691395,9.6));
#4205 = B_SPLINE_CURVE_WITH_KNOTS('',2,(#4206,#4207,#4208),
  .UNSPECIFIED.,.F.,.F.,(3,3),(0.,1.),.PIECEWISE_BEZIER_KNOTS.);
#4206 = CARTESIAN_POINT('',(-1.119260114837,-2.773766691395,9.6));
#4207 = CARTESIAN_POINT('',(-1.24528014451,-2.707418397626,9.6));
#4208 = CARTESIAN_POINT('',(-1.412054996142,-2.707418397626,9.6));
#4209 = ORIENTED_EDGE('',*,*,#4210,.F.);
#4210 = EDGE_CURVE('',#4211,#4203,#4213,.T.);
#4211 = VERTEX_POINT('',#4212);
#4212 = CARTESIAN_POINT('',(-0.916320574777,-2.981296364985,9.6));
#4213 = B_SPLINE_CURVE_WITH_KNOTS('',2,(#4214,#4215,#4216),
  .UNSPECIFIED.,.F.,.F.,(3,3),(0.,1.),.PIECEWISE_BEZIER_KNOTS.);
#4214 = CARTESIAN_POINT('',(-0.916320574777,-2.981296364985,9.6));
#4215 = CARTESIAN_POINT('',(-0.993240085163,-2.840114985163,9.6));
#4216 = CARTESIAN_POINT('',(-1.119260114837,-2.773766691395,9.6));
#4217 = ORIENTED_EDGE('',*,*,#4218,.F.);
#4218 = EDGE_CURVE('',#4219,#4211,#4221,.T.);
#4219 = VERTEX_POINT('',#4220);
#4220 = CARTESIAN_POINT('',(-0.835089120772,-3.34475148368,9.6));
#4221 = B_SPLINE_CURVE_WITH_KNOTS('',2,(#4222,#4223,#4224),
  .UNSPECIFIED.,.F.,.F.,(3,3),(0.,1.),.PIECEWISE_BEZIER_KNOTS.);
#4222 = CARTESIAN_POINT('',(-0.835089120772,-3.34475148368,9.6));
#4223 = CARTESIAN_POINT('',(-0.839401064392,-3.122338649852,9.6));
#4224 = CARTESIAN_POINT('',(-0.916320574777,-2.981296364985,9.6));
#4225 = ORIENTED_EDGE('',*,*,#4226,.F.);
#4226 = EDGE_CURVE('',#4227,#4219,#4229,.T.);
#4227 = VERTEX_POINT('',#4228);
#4228 = CARTESIAN_POINT('',(-0.826604328487,-3.693462537092,9.6));
#4229 = B_SPLINE_CURVE_WITH_KNOTS('',2,(#4230,#4231,#4232),
  .UNSPECIFIED.,.F.,.F.,(3,3),(0.,1.),.PIECEWISE_BEZIER_KNOTS.);
#4230 = CARTESIAN_POINT('',(-0.826604328487,-3.693462537092,9.6));
#4231 = CARTESIAN_POINT('',(-0.826604328487,-3.528774109792,9.6));
#4232 = CARTESIAN_POINT('',(-0.835089120772,-3.34475148368,9.6));
#4233 = ORIENTED_EDGE('',*,*,#4234,.F.);
#4234 = EDGE_CURVE('',#4235,#4227,#4237,.T.);
#4235 = VERTEX_POINT('',#4236);
#4236 = CARTESIAN_POINT('',(-0.835089120772,-4.046346439169,9.6));
#4237 = B_SPLINE_CURVE_WITH_KNOTS('',2,(#4238,#4239,#4240),
  .UNSPECIFIED.,.F.,.F.,(3,3),(0.,1.),.PIECEWISE_BEZIER_KNOTS.);
#4238 = CARTESIAN_POINT('',(-0.835089120772,-4.046346439169,9.6));
#4239 = CARTESIAN_POINT('',(-0.826604328487,-3.858150964392,9.6));
#4240 = CARTESIAN_POINT('',(-0.826604328487,-3.693462537092,9.6));
#4241 = ORIENTED_EDGE('',*,*,#4242,.F.);
#4242 = EDGE_CURVE('',#4139,#4235,#4243,.T.);
#4243 = B_SPLINE_CURVE_WITH_KNOTS('',2,(#4244,#4245,#4246),
  .UNSPECIFIED.,.F.,.F.,(3,3),(0.,1.),.PIECEWISE_BEZIER_KNOTS.);
#4244 = CARTESIAN_POINT('',(-1.003950396736,-4.531926928783,9.6));
#4245 = CARTESIAN_POINT('',(-0.843713008012,-4.380035237389,9.6));
#4246 = CARTESIAN_POINT('',(-0.835089120772,-4.046346439169,9.6));
#4247 = PLANE('',#4248);
#4248 = AXIS2_PLACEMENT_3D('',#4249,#4250,#4251);
#4249 = CARTESIAN_POINT('',(-1.413396439159,-3.696998005327,9.6));
#4250 = DIRECTION('',(0.,0.,1.));
#4251 = DIRECTION('',(1.,0.,0.));
#4252 = ADVANCED_FACE('',(#4253,#4278),#4336,.T.);
#4253 = FACE_BOUND('',#4254,.T.);
#4254 = EDGE_LOOP('',(#4255,#4256,#4257,#4258,#4259,#4260,#4261,#4262,
    #4263,#4264,#4265,#4266,#4267,#4268,#4269,#4270,#4271,#4272,#4273,
    #4274,#4275,#4276,#4277));
#4255 = ORIENTED_EDGE('',*,*,#3085,.F.);
#4256 = ORIENTED_EDGE('',*,*,#2529,.F.);
#4257 = ORIENTED_EDGE('',*,*,#2560,.F.);
#4258 = ORIENTED_EDGE('',*,*,#2586,.F.);
#4259 = ORIENTED_EDGE('',*,*,#2612,.F.);
#4260 = ORIENTED_EDGE('',*,*,#2636,.F.);
#4261 = ORIENTED_EDGE('',*,*,#2660,.F.);
#4262 = ORIENTED_EDGE('',*,*,#2684,.F.);
#4263 = ORIENTED_EDGE('',*,*,#2710,.F.);
#4264 = ORIENTED_EDGE('',*,*,#2736,.F.);
#4265 = ORIENTED_EDGE('',*,*,#2760,.F.);
#4266 = ORIENTED_EDGE('',*,*,#2786,.F.);
#4267 = ORIENTED_EDGE('',*,*,#2812,.F.);
#4268 = ORIENTED_EDGE('',*,*,#2838,.F.);
#4269 = ORIENTED_EDGE('',*,*,#2862,.F.);
#4270 = ORIENTED_EDGE('',*,*,#2888,.F.);
#4271 = ORIENTED_EDGE('',*,*,#2914,.F.);
#4272 = ORIENTED_EDGE('',*,*,#2940,.F.);
#4273 = ORIENTED_EDGE('',*,*,#2966,.F.);
#4274 = ORIENTED_EDGE('',*,*,#2990,.F.);
#4275 = ORIENTED_EDGE('',*,*,#3016,.F.);
#4276 = ORIENTED_EDGE('',*,*,#3042,.F.);
#4277 = ORIENTED_EDGE('',*,*,#3066,.F.);
#4278 = FACE_BOUND('',#4279,.T.);
#4279 = EDGE_LOOP('',(#4280,#4290,#4298,#4306,#4314,#4322,#4330));
#4280 = ORIENTED_EDGE('',*,*,#4281,.F.);
#4281 = EDGE_CURVE('',#4282,#4284,#4286,.T.);
#4282 = VERTEX_POINT('',#4283);
#4283 = CARTESIAN_POINT('',(0.971058876261,-3.562017804154,9.6));
#4284 = VERTEX_POINT('',#4285);
#4285 = CARTESIAN_POINT('',(1.516589291691,-3.562017804154,9.6));
#4286 = LINE('',#4287,#4288);
#4287 = CARTESIAN_POINT('',(0.971058876261,-3.562017804154,9.6));
#4288 = VECTOR('',#4289,1.);
#4289 = DIRECTION('',(1.,0.,0.));
#4290 = ORIENTED_EDGE('',*,*,#4291,.F.);
#4291 = EDGE_CURVE('',#4292,#4282,#4294,.T.);
#4292 = VERTEX_POINT('',#4293);
#4293 = CARTESIAN_POINT('',(0.971058876261,-2.73412462908,9.6));
#4294 = LINE('',#4295,#4296);
#4295 = CARTESIAN_POINT('',(0.971058876261,-2.73412462908,9.6));
#4296 = VECTOR('',#4297,1.);
#4297 = DIRECTION('',(0.,-1.,0.));
#4298 = ORIENTED_EDGE('',*,*,#4299,.F.);
#4299 = EDGE_CURVE('',#4300,#4292,#4302,.T.);
#4300 = VERTEX_POINT('',#4301);
#4301 = CARTESIAN_POINT('',(1.516589291691,-2.73412462908,9.6));
#4302 = LINE('',#4303,#4304);
#4303 = CARTESIAN_POINT('',(1.516589291691,-2.73412462908,9.6));
#4304 = VECTOR('',#4305,1.);
#4305 = DIRECTION('',(-1.,0.,0.));
#4306 = ORIENTED_EDGE('',*,*,#4307,.F.);
#4307 = EDGE_CURVE('',#4308,#4300,#4310,.T.);
#4308 = VERTEX_POINT('',#4309);
#4309 = CARTESIAN_POINT('',(1.866134914837,-2.846235163205,9.6));
#4310 = B_SPLINE_CURVE_WITH_KNOTS('',2,(#4311,#4312,#4313),
  .UNSPECIFIED.,.F.,.F.,(3,3),(0.,1.),.PIECEWISE_BEZIER_KNOTS.);
#4311 = CARTESIAN_POINT('',(1.866134914837,-2.846235163205,9.6));
#4312 = CARTESIAN_POINT('',(1.755276235312,-2.73412462908,9.6));
#4313 = CARTESIAN_POINT('',(1.516589291691,-2.73412462908,9.6));
#4314 = ORIENTED_EDGE('',*,*,#4315,.F.);
#4315 = EDGE_CURVE('',#4316,#4308,#4318,.T.);
#4316 = VERTEX_POINT('',#4317);
#4317 = CARTESIAN_POINT('',(1.976993594362,-3.152383160237,9.6));
#4318 = B_SPLINE_CURVE_WITH_KNOTS('',2,(#4319,#4320,#4321),
  .UNSPECIFIED.,.F.,.F.,(3,3),(0.,1.),.PIECEWISE_BEZIER_KNOTS.);
#4319 = CARTESIAN_POINT('',(1.976993594362,-3.152383160237,9.6));
#4320 = CARTESIAN_POINT('',(1.976993594362,-2.958345697329,9.6));
#4321 = CARTESIAN_POINT('',(1.866134914837,-2.846235163205,9.6));
#4322 = ORIENTED_EDGE('',*,*,#4323,.F.);
#4323 = EDGE_CURVE('',#4324,#4316,#4326,.T.);
#4324 = VERTEX_POINT('',#4325);
#4325 = CARTESIAN_POINT('',(1.864048490504,-3.45421921365,9.6));
#4326 = B_SPLINE_CURVE_WITH_KNOTS('',2,(#4327,#4328,#4329),
  .UNSPECIFIED.,.F.,.F.,(3,3),(0.,1.),.PIECEWISE_BEZIER_KNOTS.);
#4327 = CARTESIAN_POINT('',(1.864048490504,-3.45421921365,9.6));
#4328 = CARTESIAN_POINT('',(1.976993594362,-3.346420623145,9.6));
#4329 = CARTESIAN_POINT('',(1.976993594362,-3.152383160237,9.6));
#4330 = ORIENTED_EDGE('',*,*,#4331,.F.);
#4331 = EDGE_CURVE('',#4284,#4324,#4332,.T.);
#4332 = B_SPLINE_CURVE_WITH_KNOTS('',2,(#4333,#4334,#4335),
  .UNSPECIFIED.,.F.,.F.,(3,3),(0.,1.),.PIECEWISE_BEZIER_KNOTS.);
#4333 = CARTESIAN_POINT('',(1.516589291691,-3.562017804154,9.6));
#4334 = CARTESIAN_POINT('',(1.751103386647,-3.562017804154,9.6));
#4335 = CARTESIAN_POINT('',(1.864048490504,-3.45421921365,9.6));
#4336 = PLANE('',#4337);
#4337 = AXIS2_PLACEMENT_3D('',#4338,#4339,#4340);
#4338 = CARTESIAN_POINT('',(1.419421152148,-3.685192330512,9.6));
#4339 = DIRECTION('',(0.,0.,1.));
#4340 = DIRECTION('',(1.,0.,0.));
#4341 = ADVANCED_FACE('',(#4342,#4359),#4449,.T.);
#4342 = FACE_BOUND('',#4343,.T.);
#4343 = EDGE_LOOP('',(#4344,#4345,#4346,#4347,#4348,#4349,#4350,#4351,
    #4352,#4353,#4354,#4355,#4356,#4357,#4358));
#4344 = ORIENTED_EDGE('',*,*,#3469,.F.);
#4345 = ORIENTED_EDGE('',*,*,#3111,.F.);
#4346 = ORIENTED_EDGE('',*,*,#3142,.F.);
#4347 = ORIENTED_EDGE('',*,*,#3168,.F.);
#4348 = ORIENTED_EDGE('',*,*,#3194,.F.);
#4349 = ORIENTED_EDGE('',*,*,#3220,.F.);
#4350 = ORIENTED_EDGE('',*,*,#3246,.F.);
#4351 = ORIENTED_EDGE('',*,*,#3272,.F.);
#4352 = ORIENTED_EDGE('',*,*,#3298,.F.);
#4353 = ORIENTED_EDGE('',*,*,#3324,.F.);
#4354 = ORIENTED_EDGE('',*,*,#3350,.F.);
#4355 = ORIENTED_EDGE('',*,*,#3374,.F.);
#4356 = ORIENTED_EDGE('',*,*,#3400,.F.);
#4357 = ORIENTED_EDGE('',*,*,#3426,.F.);
#4358 = ORIENTED_EDGE('',*,*,#3450,.F.);
#4359 = FACE_BOUND('',#4360,.T.);
#4360 = EDGE_LOOP('',(#4361,#4371,#4379,#4387,#4395,#4403,#4411,#4419,
    #4427,#4435,#4443));
#4361 = ORIENTED_EDGE('',*,*,#4362,.F.);
#4362 = EDGE_CURVE('',#4363,#4365,#4367,.T.);
#4363 = VERTEX_POINT('',#4364);
#4364 = CARTESIAN_POINT('',(3.781055167062,-4.648071216617,9.6));
#4365 = VERTEX_POINT('',#4366);
#4366 = CARTESIAN_POINT('',(4.280962437092,-4.648071216617,9.6));
#4367 = LINE('',#4368,#4369);
#4368 = CARTESIAN_POINT('',(3.781055167062,-4.648071216617,9.6));
#4369 = VECTOR('',#4370,1.);
#4370 = DIRECTION('',(1.,0.,0.));
#4371 = ORIENTED_EDGE('',*,*,#4372,.F.);
#4372 = EDGE_CURVE('',#4373,#4363,#4375,.T.);
#4373 = VERTEX_POINT('',#4374);
#4374 = CARTESIAN_POINT('',(3.781055167062,-2.751928783383,9.6));
#4375 = LINE('',#4376,#4377);
#4376 = CARTESIAN_POINT('',(3.781055167062,-2.751928783383,9.6));
#4377 = VECTOR('',#4378,1.);
#4378 = DIRECTION('',(0.,-1.,0.));
#4379 = ORIENTED_EDGE('',*,*,#4380,.F.);
#4380 = EDGE_CURVE('',#4381,#4373,#4383,.T.);
#4381 = VERTEX_POINT('',#4382);
#4382 = CARTESIAN_POINT('',(4.259541813947,-2.751928783383,9.6));
#4383 = LINE('',#4384,#4385);
#4384 = CARTESIAN_POINT('',(4.259541813947,-2.751928783383,9.6));
#4385 = VECTOR('',#4386,1.);
#4386 = DIRECTION('',(-1.,0.,0.));
#4387 = ORIENTED_EDGE('',*,*,#4388,.F.);
#4388 = EDGE_CURVE('',#4389,#4381,#4391,.T.);
#4389 = VERTEX_POINT('',#4390);
#4390 = CARTESIAN_POINT('',(4.740253980119,-2.904237759644,9.6));
#4391 = B_SPLINE_CURVE_WITH_KNOTS('',2,(#4392,#4393,#4394),
  .UNSPECIFIED.,.F.,.F.,(3,3),(0.,1.),.PIECEWISE_BEZIER_KNOTS.);
#4392 = CARTESIAN_POINT('',(4.740253980119,-2.904237759644,9.6));
#4393 = CARTESIAN_POINT('',(4.584328535015,-2.751928783383,9.6));
#4394 = CARTESIAN_POINT('',(4.259541813947,-2.751928783383,9.6));
#4395 = ORIENTED_EDGE('',*,*,#4396,.F.);
#4396 = EDGE_CURVE('',#4397,#4389,#4399,.T.);
#4397 = VERTEX_POINT('',#4398);
#4398 = CARTESIAN_POINT('',(4.904803312463,-3.378273367953,9.6));
#4399 = B_SPLINE_CURVE_WITH_KNOTS('',2,(#4400,#4401,#4402),
  .UNSPECIFIED.,.F.,.F.,(3,3),(0.,1.),.PIECEWISE_BEZIER_KNOTS.);
#4400 = CARTESIAN_POINT('',(4.904803312463,-3.378273367953,9.6));
#4401 = CARTESIAN_POINT('',(4.896318520178,-3.056546735905,9.6));
#4402 = CARTESIAN_POINT('',(4.740253980119,-2.904237759644,9.6));
#4403 = ORIENTED_EDGE('',*,*,#4404,.F.);
#4404 = EDGE_CURVE('',#4405,#4397,#4407,.T.);
#4405 = VERTEX_POINT('',#4406);
#4406 = CARTESIAN_POINT('',(4.911201680415,-3.597069732938,9.6));
#4407 = B_SPLINE_CURVE_WITH_KNOTS('',2,(#4408,#4409,#4410),
  .UNSPECIFIED.,.F.,.F.,(3,3),(0.,1.),.PIECEWISE_BEZIER_KNOTS.);
#4408 = CARTESIAN_POINT('',(4.911201680415,-3.597069732938,9.6));
#4409 = CARTESIAN_POINT('',(4.909115256083,-3.498451409496,9.6));
#4410 = CARTESIAN_POINT('',(4.904803312463,-3.378273367953,9.6));
#4411 = ORIENTED_EDGE('',*,*,#4412,.F.);
#4412 = EDGE_CURVE('',#4413,#4405,#4415,.T.);
#4413 = VERTEX_POINT('',#4414);
#4414 = CARTESIAN_POINT('',(4.911201680415,-3.794445474777,9.6));
#4415 = B_SPLINE_CURVE_WITH_KNOTS('',2,(#4416,#4417,#4418),
  .UNSPECIFIED.,.F.,.F.,(3,3),(0.,1.),.PIECEWISE_BEZIER_KNOTS.);
#4416 = CARTESIAN_POINT('',(4.911201680415,-3.794445474777,9.6));
#4417 = CARTESIAN_POINT('',(4.913427199703,-3.69568805638,9.6));
#4418 = CARTESIAN_POINT('',(4.911201680415,-3.597069732938,9.6));
#4419 = ORIENTED_EDGE('',*,*,#4420,.F.);
#4420 = EDGE_CURVE('',#4421,#4413,#4423,.T.);
#4421 = VERTEX_POINT('',#4422);
#4422 = CARTESIAN_POINT('',(4.904803312463,-4.017414688427,9.6));
#4423 = B_SPLINE_CURVE_WITH_KNOTS('',2,(#4424,#4425,#4426),
  .UNSPECIFIED.,.F.,.F.,(3,3),(0.,1.),.PIECEWISE_BEZIER_KNOTS.);
#4424 = CARTESIAN_POINT('',(4.904803312463,-4.017414688427,9.6));
#4425 = CARTESIAN_POINT('',(4.909115256083,-3.89306379822,9.6));
#4426 = CARTESIAN_POINT('',(4.911201680415,-3.794445474777,9.6));
#4427 = ORIENTED_EDGE('',*,*,#4428,.F.);
#4428 = EDGE_CURVE('',#4429,#4421,#4431,.T.);
#4429 = VERTEX_POINT('',#4430);
#4430 = CARTESIAN_POINT('',(4.83428217003,-4.380035237389,9.6));
#4431 = B_SPLINE_CURVE_WITH_KNOTS('',2,(#4432,#4433,#4434),
  .UNSPECIFIED.,.F.,.F.,(3,3),(0.,1.),.PIECEWISE_BEZIER_KNOTS.);
#4432 = CARTESIAN_POINT('',(4.83428217003,-4.380035237389,9.6));
#4433 = CARTESIAN_POINT('',(4.900491368843,-4.240522997033,9.6));
#4434 = CARTESIAN_POINT('',(4.904803312463,-4.017414688427,9.6));
#4435 = ORIENTED_EDGE('',*,*,#4436,.F.);
#4436 = EDGE_CURVE('',#4437,#4429,#4439,.T.);
#4437 = VERTEX_POINT('',#4438);
#4438 = CARTESIAN_POINT('',(4.63134262997,-4.583809347181,9.6));
#4439 = B_SPLINE_CURVE_WITH_KNOTS('',2,(#4440,#4441,#4442),
  .UNSPECIFIED.,.F.,.F.,(3,3),(0.,1.),.PIECEWISE_BEZIER_KNOTS.);
#4440 = CARTESIAN_POINT('',(4.63134262997,-4.583809347181,9.6));
#4441 = CARTESIAN_POINT('',(4.768072971217,-4.519408382789,9.6));
#4442 = CARTESIAN_POINT('',(4.83428217003,-4.380035237389,9.6));
#4443 = ORIENTED_EDGE('',*,*,#4444,.F.);
#4444 = EDGE_CURVE('',#4365,#4437,#4445,.T.);
#4445 = B_SPLINE_CURVE_WITH_KNOTS('',2,(#4446,#4447,#4448),
  .UNSPECIFIED.,.F.,.F.,(3,3),(0.,1.),.PIECEWISE_BEZIER_KNOTS.);
#4446 = CARTESIAN_POINT('',(4.280962437092,-4.648071216617,9.6));
#4447 = CARTESIAN_POINT('',(4.494612288724,-4.648071216617,9.6));
#4448 = CARTESIAN_POINT('',(4.63134262997,-4.583809347181,9.6));
#4449 = PLANE('',#4450);
#4450 = AXIS2_PLACEMENT_3D('',#4451,#4452,#4453);
#4451 = CARTESIAN_POINT('',(4.245396040957,-3.70286518806,9.6));
#4452 = DIRECTION('',(0.,0.,1.));
#4453 = DIRECTION('',(1.,0.,0.));
#4454 = ADVANCED_FACE('',(#4455,#4475,#4533),#4591,.T.);
#4455 = FACE_BOUND('',#4456,.T.);
#4456 = EDGE_LOOP('',(#4457,#4458,#4459,#4460,#4461,#4462,#4463,#4464,
    #4465,#4466,#4467,#4468,#4469,#4470,#4471,#4472,#4473,#4474));
#4457 = ORIENTED_EDGE('',*,*,#3545,.F.);
#4458 = ORIENTED_EDGE('',*,*,#3495,.F.);
#4459 = ORIENTED_EDGE('',*,*,#3526,.F.);
#4460 = ORIENTED_EDGE('',*,*,#3578,.F.);
#4461 = ORIENTED_EDGE('',*,*,#3630,.F.);
#4462 = ORIENTED_EDGE('',*,*,#3680,.F.);
#4463 = ORIENTED_EDGE('',*,*,#3732,.F.);
#4464 = ORIENTED_EDGE('',*,*,#3784,.F.);
#4465 = ORIENTED_EDGE('',*,*,#3834,.F.);
#4466 = ORIENTED_EDGE('',*,*,#3886,.F.);
#4467 = ORIENTED_EDGE('',*,*,#3931,.F.);
#4468 = ORIENTED_EDGE('',*,*,#3905,.F.);
#4469 = ORIENTED_EDGE('',*,*,#3853,.F.);
#4470 = ORIENTED_EDGE('',*,*,#3803,.F.);
#4471 = ORIENTED_EDGE('',*,*,#3751,.F.);
#4472 = ORIENTED_EDGE('',*,*,#3699,.F.);
#4473 = ORIENTED_EDGE('',*,*,#3649,.F.);
#4474 = ORIENTED_EDGE('',*,*,#3597,.F.);
#4475 = FACE_BOUND('',#4476,.T.);
#4476 = EDGE_LOOP('',(#4477,#4487,#4495,#4503,#4511,#4519,#4527));
#4477 = ORIENTED_EDGE('',*,*,#4478,.F.);
#4478 = EDGE_CURVE('',#4479,#4481,#4483,.T.);
#4479 = VERTEX_POINT('',#4480);
#4480 = CARTESIAN_POINT('',(-3.170919781306,0.646884272997,9.6));
#4481 = VERTEX_POINT('',#4482);
#4482 = CARTESIAN_POINT('',(-2.057047377745,0.646884272997,9.6));
#4483 = LINE('',#4484,#4485);
#4484 = CARTESIAN_POINT('',(-3.170919781306,0.646884272997,9.6));
#4485 = VECTOR('',#4486,1.);
#4486 = DIRECTION('',(1.,0.,0.));
#4487 = ORIENTED_EDGE('',*,*,#4488,.F.);
#4488 = EDGE_CURVE('',#4489,#4479,#4491,.T.);
#4489 = VERTEX_POINT('',#4490);
#4490 = CARTESIAN_POINT('',(-3.170919781306,1.959643916914,9.6));
#4491 = LINE('',#4492,#4493);
#4492 = CARTESIAN_POINT('',(-3.170919781306,1.959643916914,9.6));
#4493 = VECTOR('',#4494,1.);
#4494 = DIRECTION('',(0.,-1.,0.));
#4495 = ORIENTED_EDGE('',*,*,#4496,.F.);
#4496 = EDGE_CURVE('',#4497,#4489,#4499,.T.);
#4497 = VERTEX_POINT('',#4498);
#4498 = CARTESIAN_POINT('',(-2.057047377745,1.959643916914,9.6));
#4499 = LINE('',#4500,#4501);
#4500 = CARTESIAN_POINT('',(-2.057047377745,1.959643916914,9.6));
#4501 = VECTOR('',#4502,1.);
#4502 = DIRECTION('',(-1.,0.,0.));
#4503 = ORIENTED_EDGE('',*,*,#4504,.F.);
#4504 = EDGE_CURVE('',#4505,#4497,#4507,.T.);
#4505 = VERTEX_POINT('',#4506);
#4506 = CARTESIAN_POINT('',(-1.540096339169,1.768545994065,9.6));
#4507 = B_SPLINE_CURVE_WITH_KNOTS('',2,(#4508,#4509,#4510),
  .UNSPECIFIED.,.F.,.F.,(3,3),(0.,1.),.PIECEWISE_BEZIER_KNOTS.);
#4508 = CARTESIAN_POINT('',(-1.540096339169,1.768545994065,9.6));
#4509 = CARTESIAN_POINT('',(-1.720548861424,1.959643916914,9.6));
#4510 = CARTESIAN_POINT('',(-2.057047377745,1.959643916914,9.6));
#4511 = ORIENTED_EDGE('',*,*,#4512,.F.);
#4512 = EDGE_CURVE('',#4513,#4505,#4515,.T.);
#4513 = VERTEX_POINT('',#4514);
#4514 = CARTESIAN_POINT('',(-1.359643816914,1.299369436202,9.6));
#4515 = B_SPLINE_CURVE_WITH_KNOTS('',2,(#4516,#4517,#4518),
  .UNSPECIFIED.,.F.,.F.,(3,3),(0.,1.),.PIECEWISE_BEZIER_KNOTS.);
#4516 = CARTESIAN_POINT('',(-1.359643816914,1.299369436202,9.6));
#4517 = CARTESIAN_POINT('',(-1.359643816914,1.577707715134,9.6));
#4518 = CARTESIAN_POINT('',(-1.540096339169,1.768545994065,9.6));
#4519 = ORIENTED_EDGE('',*,*,#4520,.F.);
#4520 = EDGE_CURVE('',#4521,#4513,#4523,.T.);
#4521 = VERTEX_POINT('',#4522);
#4522 = CARTESIAN_POINT('',(-1.535942036499,0.845771513353,9.6));
#4523 = B_SPLINE_CURVE_WITH_KNOTS('',2,(#4524,#4525,#4526),
  .UNSPECIFIED.,.F.,.F.,(3,3),(0.,1.),.PIECEWISE_BEZIER_KNOTS.);
#4524 = CARTESIAN_POINT('',(-1.535942036499,0.845771513353,9.6));
#4525 = CARTESIAN_POINT('',(-1.359643816914,1.044658753709,9.6));
#4526 = CARTESIAN_POINT('',(-1.359643816914,1.299369436202,9.6));
#4527 = ORIENTED_EDGE('',*,*,#4528,.F.);
#4528 = EDGE_CURVE('',#4481,#4521,#4529,.T.);
#4529 = B_SPLINE_CURVE_WITH_KNOTS('',2,(#4530,#4531,#4532),
  .UNSPECIFIED.,.F.,.F.,(3,3),(0.,1.),.PIECEWISE_BEZIER_KNOTS.);
#4530 = CARTESIAN_POINT('',(-2.057047377745,0.646884272997,9.6));
#4531 = CARTESIAN_POINT('',(-1.712240256083,0.646884272997,9.6));
#4532 = CARTESIAN_POINT('',(-1.535942036499,0.845771513353,9.6));
#4533 = FACE_BOUND('',#4534,.T.);
#4534 = EDGE_LOOP('',(#4535,#4545,#4553,#4561,#4569,#4577,#4585));
#4535 = ORIENTED_EDGE('',*,*,#4536,.F.);
#4536 = EDGE_CURVE('',#4537,#4539,#4541,.T.);
#4537 = VERTEX_POINT('',#4538);
#4538 = CARTESIAN_POINT('',(-3.170919781306,2.973293768546,9.6));
#4539 = VERTEX_POINT('',#4540);
#4540 = CARTESIAN_POINT('',(-2.131565181899,2.973293768546,9.6));
#4541 = LINE('',#4542,#4543);
#4542 = CARTESIAN_POINT('',(-3.170919781306,2.973293768546,9.6));
#4543 = VECTOR('',#4544,1.);
#4544 = DIRECTION('',(1.,0.,0.));
#4545 = ORIENTED_EDGE('',*,*,#4546,.F.);
#4546 = EDGE_CURVE('',#4547,#4537,#4549,.T.);
#4547 = VERTEX_POINT('',#4548);
#4548 = CARTESIAN_POINT('',(-3.170919781306,4.153115727003,9.6));
#4549 = LINE('',#4550,#4551);
#4550 = CARTESIAN_POINT('',(-3.170919781306,4.153115727003,9.6));
#4551 = VECTOR('',#4552,1.);
#4552 = DIRECTION('',(0.,-1.,0.));
#4553 = ORIENTED_EDGE('',*,*,#4554,.F.);
#4554 = EDGE_CURVE('',#4555,#4547,#4557,.T.);
#4555 = VERTEX_POINT('',#4556);
#4556 = CARTESIAN_POINT('',(-2.131565181899,4.153115727003,9.6));
#4557 = LINE('',#4558,#4559);
#4558 = CARTESIAN_POINT('',(-2.131565181899,4.153115727003,9.6));
#4559 = VECTOR('',#4560,1.);
#4560 = DIRECTION('',(-1.,0.,0.));
#4561 = ORIENTED_EDGE('',*,*,#4562,.F.);
#4562 = EDGE_CURVE('',#4563,#4555,#4565,.T.);
#4563 = VERTEX_POINT('',#4564);
#4564 = CARTESIAN_POINT('',(-1.640059247181,3.989799703264,9.6));
#4565 = B_SPLINE_CURVE_WITH_KNOTS('',2,(#4566,#4567,#4568),
  .UNSPECIFIED.,.F.,.F.,(3,3),(0.,1.),.PIECEWISE_BEZIER_KNOTS.);
#4566 = CARTESIAN_POINT('',(-1.640059247181,3.989799703264,9.6));
#4567 = CARTESIAN_POINT('',(-1.803894558754,4.153115727003,9.6));
#4568 = CARTESIAN_POINT('',(-2.131565181899,4.153115727003,9.6));
#4569 = ORIENTED_EDGE('',*,*,#4570,.F.);
#4570 = EDGE_CURVE('',#4571,#4563,#4573,.T.);
#4571 = VERTEX_POINT('',#4572);
#4572 = CARTESIAN_POINT('',(-1.475964291691,3.570994065282,9.6));
#4573 = B_SPLINE_CURVE_WITH_KNOTS('',2,(#4574,#4575,#4576),
  .UNSPECIFIED.,.F.,.F.,(3,3),(0.,1.),.PIECEWISE_BEZIER_KNOTS.);
#4574 = CARTESIAN_POINT('',(-1.475964291691,3.570994065282,9.6));
#4575 = CARTESIAN_POINT('',(-1.475964291691,3.826483679525,9.6));
#4576 = CARTESIAN_POINT('',(-1.640059247181,3.989799703264,9.6));
#4577 = ORIENTED_EDGE('',*,*,#4578,.F.);
#4578 = EDGE_CURVE('',#4579,#4571,#4581,.T.);
#4579 = VERTEX_POINT('',#4580);
#4580 = CARTESIAN_POINT('',(-1.640059247181,3.144658753709,9.6));
#4581 = B_SPLINE_CURVE_WITH_KNOTS('',2,(#4582,#4583,#4584),
  .UNSPECIFIED.,.F.,.F.,(3,3),(0.,1.),.PIECEWISE_BEZIER_KNOTS.);
#4582 = CARTESIAN_POINT('',(-1.640059247181,3.144658753709,9.6));
#4583 = CARTESIAN_POINT('',(-1.475964291691,3.316023738872,9.6));
#4584 = CARTESIAN_POINT('',(-1.475964291691,3.570994065282,9.6));
#4585 = ORIENTED_EDGE('',*,*,#4586,.F.);
#4586 = EDGE_CURVE('',#4539,#4579,#4587,.T.);
#4587 = B_SPLINE_CURVE_WITH_KNOTS('',2,(#4588,#4589,#4590),
  .UNSPECIFIED.,.F.,.F.,(3,3),(0.,1.),.PIECEWISE_BEZIER_KNOTS.);
#4588 = CARTESIAN_POINT('',(-2.131565181899,2.973293768546,9.6));
#4589 = CARTESIAN_POINT('',(-1.803894558754,2.973293768546,9.6));
#4590 = CARTESIAN_POINT('',(-1.640059247181,3.144658753709,9.6));
#4591 = PLANE('',#4592);
#4592 = AXIS2_PLACEMENT_3D('',#4593,#4594,#4595);
#4593 = CARTESIAN_POINT('',(-2.396046316025,2.392336670723,9.6));
#4594 = DIRECTION('',(0.,0.,1.));
#4595 = DIRECTION('',(1.,0.,0.));
#4596 = ADVANCED_FACE('',(#4597),#4616,.T.);
#4597 = FACE_BOUND('',#4598,.F.);
#4598 = EDGE_LOOP('',(#4599,#4607,#4614,#4615));
#4599 = ORIENTED_EDGE('',*,*,#4600,.T.);
#4600 = EDGE_CURVE('',#3960,#4601,#4603,.T.);
#4601 = VERTEX_POINT('',#4602);
#4602 = CARTESIAN_POINT('',(2.75,0.,2.1));
#4603 = LINE('',#4604,#4605);
#4604 = CARTESIAN_POINT('',(2.75,0.,8.8));
#4605 = VECTOR('',#4606,1.);
#4606 = DIRECTION('',(0.,0.,-1.));
#4607 = ORIENTED_EDGE('',*,*,#4608,.T.);
#4608 = EDGE_CURVE('',#4601,#4601,#4609,.T.);
#4609 = CIRCLE('',#4610,2.75);
#4610 = AXIS2_PLACEMENT_3D('',#4611,#4612,#4613);
#4611 = CARTESIAN_POINT('',(0.,0.,2.1));
#4612 = DIRECTION('',(0.,0.,-1.));
#4613 = DIRECTION('',(1.,0.,0.));
#4614 = ORIENTED_EDGE('',*,*,#4600,.F.);
#4615 = ORIENTED_EDGE('',*,*,#3959,.F.);
#4616 = CYLINDRICAL_SURFACE('',#4617,2.75);
#4617 = AXIS2_PLACEMENT_3D('',#4618,#4619,#4620);
#4618 = CARTESIAN_POINT('',(0.,0.,8.8));
#4619 = DIRECTION('',(0.,0.,1.));
#4620 = DIRECTION('',(1.,0.,0.));
#4621 = ADVANCED_FACE('',(#4622),#4647,.T.);
#4622 = FACE_BOUND('',#4623,.T.);
#4623 = EDGE_LOOP('',(#4624,#4632,#4633,#4641));
#4624 = ORIENTED_EDGE('',*,*,#4625,.T.);
#4625 = EDGE_CURVE('',#4626,#3997,#4628,.T.);
#4626 = VERTEX_POINT('',#4627);
#4627 = CARTESIAN_POINT('',(-4.782464862611,-4.701483679525,10.));
#4628 = LINE('',#4629,#4630);
#4629 = CARTESIAN_POINT('',(-4.782464862611,-4.701483679525,10.));
#4630 = VECTOR('',#4631,1.);
#4631 = DIRECTION('',(-0.,-0.,-1.));
#4632 = ORIENTED_EDGE('',*,*,#3996,.T.);
#4633 = ORIENTED_EDGE('',*,*,#4634,.F.);
#4634 = EDGE_CURVE('',#4635,#3999,#4637,.T.);
#4635 = VERTEX_POINT('',#4636);
#4636 = CARTESIAN_POINT('',(-4.128440381899,-4.701483679525,10.));
#4637 = LINE('',#4638,#4639);
#4638 = CARTESIAN_POINT('',(-4.128440381899,-4.701483679525,10.));
#4639 = VECTOR('',#4640,1.);
#4640 = DIRECTION('',(-0.,-0.,-1.));
#4641 = ORIENTED_EDGE('',*,*,#4642,.F.);
#4642 = EDGE_CURVE('',#4626,#4635,#4643,.T.);
#4643 = LINE('',#4644,#4645);
#4644 = CARTESIAN_POINT('',(-4.782464862611,-4.701483679525,10.));
#4645 = VECTOR('',#4646,1.);
#4646 = DIRECTION('',(1.,0.,0.));
#4647 = PLANE('',#4648);
#4648 = AXIS2_PLACEMENT_3D('',#4649,#4650,#4651);
#4649 = CARTESIAN_POINT('',(-4.782464862611,-4.701483679525,10.));
#4650 = DIRECTION('',(0.,-1.,0.));
#4651 = DIRECTION('',(1.,0.,0.));
#4652 = ADVANCED_FACE('',(#4653),#4671,.T.);
#4653 = FACE_BOUND('',#4654,.T.);
#4654 = EDGE_LOOP('',(#4655,#4663,#4664,#4665));
#4655 = ORIENTED_EDGE('',*,*,#4656,.T.);
#4656 = EDGE_CURVE('',#4657,#4007,#4659,.T.);
#4657 = VERTEX_POINT('',#4658);
#4658 = CARTESIAN_POINT('',(-4.782464862611,-3.909198813056,10.));
#4659 = LINE('',#4660,#4661);
#4660 = CARTESIAN_POINT('',(-4.782464862611,-3.909198813056,10.));
#4661 = VECTOR('',#4662,1.);
#4662 = DIRECTION('',(-0.,-0.,-1.));
#4663 = ORIENTED_EDGE('',*,*,#4006,.T.);
#4664 = ORIENTED_EDGE('',*,*,#4625,.F.);
#4665 = ORIENTED_EDGE('',*,*,#4666,.F.);
#4666 = EDGE_CURVE('',#4657,#4626,#4667,.T.);
#4667 = LINE('',#4668,#4669);
#4668 = CARTESIAN_POINT('',(-4.782464862611,-3.909198813056,10.));
#4669 = VECTOR('',#4670,1.);
#4670 = DIRECTION('',(0.,-1.,0.));
#4671 = PLANE('',#4672);
#4672 = AXIS2_PLACEMENT_3D('',#4673,#4674,#4675);
#4673 = CARTESIAN_POINT('',(-4.782464862611,-3.909198813056,10.));
#4674 = DIRECTION('',(-1.,0.,0.));
#4675 = DIRECTION('',(0.,-1.,0.));
#4676 = ADVANCED_FACE('',(#4677),#4695,.T.);
#4677 = FACE_BOUND('',#4678,.T.);
#4678 = EDGE_LOOP('',(#4679,#4687,#4688,#4689));
#4679 = ORIENTED_EDGE('',*,*,#4680,.T.);
#4680 = EDGE_CURVE('',#4681,#4015,#4683,.T.);
#4681 = VERTEX_POINT('',#4682);
#4682 = CARTESIAN_POINT('',(-4.128440381899,-3.909198813056,10.));
#4683 = LINE('',#4684,#4685);
#4684 = CARTESIAN_POINT('',(-4.128440381899,-3.909198813056,10.));
#4685 = VECTOR('',#4686,1.);
#4686 = DIRECTION('',(-0.,-0.,-1.));
#4687 = ORIENTED_EDGE('',*,*,#4014,.T.);
#4688 = ORIENTED_EDGE('',*,*,#4656,.F.);
#4689 = ORIENTED_EDGE('',*,*,#4690,.F.);
#4690 = EDGE_CURVE('',#4681,#4657,#4691,.T.);
#4691 = LINE('',#4692,#4693);
#4692 = CARTESIAN_POINT('',(-4.128440381899,-3.909198813056,10.));
#4693 = VECTOR('',#4694,1.);
#4694 = DIRECTION('',(-1.,0.,0.));
#4695 = PLANE('',#4696);
#4696 = AXIS2_PLACEMENT_3D('',#4697,#4698,#4699);
#4697 = CARTESIAN_POINT('',(-4.128440381899,-3.909198813056,10.));
#4698 = DIRECTION('',(0.,1.,0.));
#4699 = DIRECTION('',(-1.,0.,0.));
#4700 = ADVANCED_FACE('',(#4701),#4719,.T.);
#4701 = FACE_BOUND('',#4702,.T.);
#4702 = EDGE_LOOP('',(#4703,#4711,#4712,#4713));
#4703 = ORIENTED_EDGE('',*,*,#4704,.T.);
#4704 = EDGE_CURVE('',#4705,#4023,#4707,.T.);
#4705 = VERTEX_POINT('',#4706);
#4706 = CARTESIAN_POINT('',(-3.814363972404,-4.022700296736,10.));
#4707 = LINE('',#4708,#4709);
#4708 = CARTESIAN_POINT('',(-3.814363972404,-4.022700296736,10.));
#4709 = VECTOR('',#4710,1.);
#4710 = DIRECTION('',(-0.,-0.,-1.));
#4711 = ORIENTED_EDGE('',*,*,#4022,.T.);
#4712 = ORIENTED_EDGE('',*,*,#4680,.F.);
#4713 = ORIENTED_EDGE('',*,*,#4714,.F.);
#4714 = EDGE_CURVE('',#4705,#4681,#4715,.T.);
#4715 = B_SPLINE_CURVE_WITH_KNOTS('',2,(#4716,#4717,#4718),
  .UNSPECIFIED.,.F.,.F.,(3,3),(0.,1.),.PIECEWISE_BEZIER_KNOTS.);
#4716 = CARTESIAN_POINT('',(-3.814363972404,-4.022700296736,10.));
#4717 = CARTESIAN_POINT('',(-3.923414417507,-3.909198813056,10.));
#4718 = CARTESIAN_POINT('',(-4.128440381899,-3.909198813056,10.));
#4719 = SURFACE_OF_LINEAR_EXTRUSION('',#4720,#4724);
#4720 = B_SPLINE_CURVE_WITH_KNOTS('',2,(#4721,#4722,#4723),
  .UNSPECIFIED.,.F.,.F.,(3,3),(0.,1.),.PIECEWISE_BEZIER_KNOTS.);
#4721 = CARTESIAN_POINT('',(-3.814363972404,-4.022700296736,10.));
#4722 = CARTESIAN_POINT('',(-3.923414417507,-3.909198813056,10.));
#4723 = CARTESIAN_POINT('',(-4.128440381899,-3.909198813056,10.));
#4724 = VECTOR('',#4725,1.);
#4725 = DIRECTION('',(0.,0.,1.));
#4726 = ADVANCED_FACE('',(#4727),#4745,.T.);
#4727 = FACE_BOUND('',#4728,.T.);
#4728 = EDGE_LOOP('',(#4729,#4737,#4738,#4739));
#4729 = ORIENTED_EDGE('',*,*,#4730,.T.);
#4730 = EDGE_CURVE('',#4731,#4031,#4733,.T.);
#4731 = VERTEX_POINT('',#4732);
#4732 = CARTESIAN_POINT('',(-3.7053135273,-4.303254821958,10.));
#4733 = LINE('',#4734,#4735);
#4734 = CARTESIAN_POINT('',(-3.7053135273,-4.303254821958,10.));
#4735 = VECTOR('',#4736,1.);
#4736 = DIRECTION('',(-0.,-0.,-1.));
#4737 = ORIENTED_EDGE('',*,*,#4030,.T.);
#4738 = ORIENTED_EDGE('',*,*,#4704,.F.);
#4739 = ORIENTED_EDGE('',*,*,#4740,.F.);
#4740 = EDGE_CURVE('',#4731,#4705,#4741,.T.);
#4741 = B_SPLINE_CURVE_WITH_KNOTS('',2,(#4742,#4743,#4744),
  .UNSPECIFIED.,.F.,.F.,(3,3),(0.,1.),.PIECEWISE_BEZIER_KNOTS.);
#4742 = CARTESIAN_POINT('',(-3.7053135273,-4.303254821958,10.));
#4743 = CARTESIAN_POINT('',(-3.7053135273,-4.136201780415,10.));
#4744 = CARTESIAN_POINT('',(-3.814363972404,-4.022700296736,10.));
#4745 = SURFACE_OF_LINEAR_EXTRUSION('',#4746,#4750);
#4746 = B_SPLINE_CURVE_WITH_KNOTS('',2,(#4747,#4748,#4749),
  .UNSPECIFIED.,.F.,.F.,(3,3),(0.,1.),.PIECEWISE_BEZIER_KNOTS.);
#4747 = CARTESIAN_POINT('',(-3.7053135273,-4.303254821958,10.));
#4748 = CARTESIAN_POINT('',(-3.7053135273,-4.136201780415,10.));
#4749 = CARTESIAN_POINT('',(-3.814363972404,-4.022700296736,10.));
#4750 = VECTOR('',#4751,1.);
#4751 = DIRECTION('',(0.,0.,1.));
#4752 = ADVANCED_FACE('',(#4753),#4771,.T.);
#4753 = FACE_BOUND('',#4754,.T.);
#4754 = EDGE_LOOP('',(#4755,#4763,#4764,#4765));
#4755 = ORIENTED_EDGE('',*,*,#4756,.T.);
#4756 = EDGE_CURVE('',#4757,#4039,#4759,.T.);
#4757 = VERTEX_POINT('',#4758);
#4758 = CARTESIAN_POINT('',(-3.812277548071,-4.583809347181,10.));
#4759 = LINE('',#4760,#4761);
#4760 = CARTESIAN_POINT('',(-3.812277548071,-4.583809347181,10.));
#4761 = VECTOR('',#4762,1.);
#4762 = DIRECTION('',(-0.,-0.,-1.));
#4763 = ORIENTED_EDGE('',*,*,#4038,.T.);
#4764 = ORIENTED_EDGE('',*,*,#4730,.F.);
#4765 = ORIENTED_EDGE('',*,*,#4766,.F.);
#4766 = EDGE_CURVE('',#4757,#4731,#4767,.T.);
#4767 = B_SPLINE_CURVE_WITH_KNOTS('',2,(#4768,#4769,#4770),
  .UNSPECIFIED.,.F.,.F.,(3,3),(0.,1.),.PIECEWISE_BEZIER_KNOTS.);
#4768 = CARTESIAN_POINT('',(-3.812277548071,-4.583809347181,10.));
#4769 = CARTESIAN_POINT('',(-3.7053135273,-4.465995919881,10.));
#4770 = CARTESIAN_POINT('',(-3.7053135273,-4.303254821958,10.));
#4771 = SURFACE_OF_LINEAR_EXTRUSION('',#4772,#4776);
#4772 = B_SPLINE_CURVE_WITH_KNOTS('',2,(#4773,#4774,#4775),
  .UNSPECIFIED.,.F.,.F.,(3,3),(0.,1.),.PIECEWISE_BEZIER_KNOTS.);
#4773 = CARTESIAN_POINT('',(-3.812277548071,-4.583809347181,10.));
#4774 = CARTESIAN_POINT('',(-3.7053135273,-4.465995919881,10.));
#4775 = CARTESIAN_POINT('',(-3.7053135273,-4.303254821958,10.));
#4776 = VECTOR('',#4777,1.);
#4777 = DIRECTION('',(0.,0.,1.));
#4778 = ADVANCED_FACE('',(#4779),#4790,.T.);
#4779 = FACE_BOUND('',#4780,.T.);
#4780 = EDGE_LOOP('',(#4781,#4782,#4783,#4784));
#4781 = ORIENTED_EDGE('',*,*,#4634,.T.);
#4782 = ORIENTED_EDGE('',*,*,#4046,.T.);
#4783 = ORIENTED_EDGE('',*,*,#4756,.F.);
#4784 = ORIENTED_EDGE('',*,*,#4785,.F.);
#4785 = EDGE_CURVE('',#4635,#4757,#4786,.T.);
#4786 = B_SPLINE_CURVE_WITH_KNOTS('',2,(#4787,#4788,#4789),
  .UNSPECIFIED.,.F.,.F.,(3,3),(0.,1.),.PIECEWISE_BEZIER_KNOTS.);
#4787 = CARTESIAN_POINT('',(-4.128440381899,-4.701483679525,10.));
#4788 = CARTESIAN_POINT('',(-3.919102473887,-4.701483679525,10.));
#4789 = CARTESIAN_POINT('',(-3.812277548071,-4.583809347181,10.));
#4790 = SURFACE_OF_LINEAR_EXTRUSION('',#4791,#4795);
#4791 = B_SPLINE_CURVE_WITH_KNOTS('',2,(#4792,#4793,#4794),
  .UNSPECIFIED.,.F.,.F.,(3,3),(0.,1.),.PIECEWISE_BEZIER_KNOTS.);
#4792 = CARTESIAN_POINT('',(-4.128440381899,-4.701483679525,10.));
#4793 = CARTESIAN_POINT('',(-3.919102473887,-4.701483679525,10.));
#4794 = CARTESIAN_POINT('',(-3.812277548071,-4.583809347181,10.));
#4795 = VECTOR('',#4796,1.);
#4796 = DIRECTION('',(0.,0.,1.));
#4797 = ADVANCED_FACE('',(#4798),#4823,.T.);
#4798 = FACE_BOUND('',#4799,.T.);
#4799 = EDGE_LOOP('',(#4800,#4808,#4809,#4817));
#4800 = ORIENTED_EDGE('',*,*,#4801,.T.);
#4801 = EDGE_CURVE('',#4802,#4055,#4804,.T.);
#4802 = VERTEX_POINT('',#4803);
#4803 = CARTESIAN_POINT('',(-4.782464862611,-3.419584569733,10.));
#4804 = LINE('',#4805,#4806);
#4805 = CARTESIAN_POINT('',(-4.782464862611,-3.419584569733,10.));
#4806 = VECTOR('',#4807,1.);
#4807 = DIRECTION('',(-0.,-0.,-1.));
#4808 = ORIENTED_EDGE('',*,*,#4054,.T.);
#4809 = ORIENTED_EDGE('',*,*,#4810,.F.);
#4810 = EDGE_CURVE('',#4811,#4057,#4813,.T.);
#4811 = VERTEX_POINT('',#4812);
#4812 = CARTESIAN_POINT('',(-4.163075025816,-3.419584569733,10.));
#4813 = LINE('',#4814,#4815);
#4814 = CARTESIAN_POINT('',(-4.163075025816,-3.419584569733,10.));
#4815 = VECTOR('',#4816,1.);
#4816 = DIRECTION('',(-0.,-0.,-1.));
#4817 = ORIENTED_EDGE('',*,*,#4818,.F.);
#4818 = EDGE_CURVE('',#4802,#4811,#4819,.T.);
#4819 = LINE('',#4820,#4821);
#4820 = CARTESIAN_POINT('',(-4.782464862611,-3.419584569733,10.));
#4821 = VECTOR('',#4822,1.);
#4822 = DIRECTION('',(1.,0.,0.));
#4823 = PLANE('',#4824);
#4824 = AXIS2_PLACEMENT_3D('',#4825,#4826,#4827);
#4825 = CARTESIAN_POINT('',(-4.782464862611,-3.419584569733,10.));
#4826 = DIRECTION('',(0.,-1.,0.));
#4827 = DIRECTION('',(1.,0.,0.));
#4828 = ADVANCED_FACE('',(#4829),#4847,.T.);
#4829 = FACE_BOUND('',#4830,.T.);
#4830 = EDGE_LOOP('',(#4831,#4839,#4840,#4841));
#4831 = ORIENTED_EDGE('',*,*,#4832,.T.);
#4832 = EDGE_CURVE('',#4833,#4065,#4835,.T.);
#4833 = VERTEX_POINT('',#4834);
#4834 = CARTESIAN_POINT('',(-4.782464862611,-2.698516320475,10.));
#4835 = LINE('',#4836,#4837);
#4836 = CARTESIAN_POINT('',(-4.782464862611,-2.698516320475,10.));
#4837 = VECTOR('',#4838,1.);
#4838 = DIRECTION('',(-0.,-0.,-1.));
#4839 = ORIENTED_EDGE('',*,*,#4064,.T.);
#4840 = ORIENTED_EDGE('',*,*,#4801,.F.);
#4841 = ORIENTED_EDGE('',*,*,#4842,.F.);
#4842 = EDGE_CURVE('',#4833,#4802,#4843,.T.);
#4843 = LINE('',#4844,#4845);
#4844 = CARTESIAN_POINT('',(-4.782464862611,-2.698516320475,10.));
#4845 = VECTOR('',#4846,1.);
#4846 = DIRECTION('',(0.,-1.,0.));
#4847 = PLANE('',#4848);
#4848 = AXIS2_PLACEMENT_3D('',#4849,#4850,#4851);
#4849 = CARTESIAN_POINT('',(-4.782464862611,-2.698516320475,10.));
#4850 = DIRECTION('',(-1.,0.,0.));
#4851 = DIRECTION('',(0.,-1.,0.));
#4852 = ADVANCED_FACE('',(#4853),#4871,.T.);
#4853 = FACE_BOUND('',#4854,.T.);
#4854 = EDGE_LOOP('',(#4855,#4863,#4864,#4865));
#4855 = ORIENTED_EDGE('',*,*,#4856,.T.);
#4856 = EDGE_CURVE('',#4857,#4073,#4859,.T.);
#4857 = VERTEX_POINT('',#4858);
#4858 = CARTESIAN_POINT('',(-4.163075025816,-2.698516320475,10.));
#4859 = LINE('',#4860,#4861);
#4860 = CARTESIAN_POINT('',(-4.163075025816,-2.698516320475,10.));
#4861 = VECTOR('',#4862,1.);
#4862 = DIRECTION('',(-0.,-0.,-1.));
#4863 = ORIENTED_EDGE('',*,*,#4072,.T.);
#4864 = ORIENTED_EDGE('',*,*,#4832,.F.);
#4865 = ORIENTED_EDGE('',*,*,#4866,.F.);
#4866 = EDGE_CURVE('',#4857,#4833,#4867,.T.);
#4867 = LINE('',#4868,#4869);
#4868 = CARTESIAN_POINT('',(-4.163075025816,-2.698516320475,10.));
#4869 = VECTOR('',#4870,1.);
#4870 = DIRECTION('',(-1.,0.,0.));
#4871 = PLANE('',#4872);
#4872 = AXIS2_PLACEMENT_3D('',#4873,#4874,#4875);
#4873 = CARTESIAN_POINT('',(-4.163075025816,-2.698516320475,10.));
#4874 = DIRECTION('',(0.,1.,0.));
#4875 = DIRECTION('',(-1.,0.,0.));
#4876 = ADVANCED_FACE('',(#4877),#4895,.T.);
#4877 = FACE_BOUND('',#4878,.T.);
#4878 = EDGE_LOOP('',(#4879,#4887,#4888,#4889));
#4879 = ORIENTED_EDGE('',*,*,#4880,.T.);
#4880 = EDGE_CURVE('',#4881,#4081,#4883,.T.);
#4881 = VERTEX_POINT('',#4882);
#4882 = CARTESIAN_POINT('',(-3.859848022849,-2.796300074184,10.));
#4883 = LINE('',#4884,#4885);
#4884 = CARTESIAN_POINT('',(-3.859848022849,-2.796300074184,10.));
#4885 = VECTOR('',#4886,1.);
#4886 = DIRECTION('',(-0.,-0.,-1.));
#4887 = ORIENTED_EDGE('',*,*,#4080,.T.);
#4888 = ORIENTED_EDGE('',*,*,#4856,.F.);
#4889 = ORIENTED_EDGE('',*,*,#4890,.F.);
#4890 = EDGE_CURVE('',#4881,#4857,#4891,.T.);
#4891 = B_SPLINE_CURVE_WITH_KNOTS('',2,(#4892,#4893,#4894),
  .UNSPECIFIED.,.F.,.F.,(3,3),(0.,1.),.PIECEWISE_BEZIER_KNOTS.);
#4892 = CARTESIAN_POINT('',(-3.859848022849,-2.796300074184,10.));
#4893 = CARTESIAN_POINT('',(-3.96097005549,-2.698516320475,10.));
#4894 = CARTESIAN_POINT('',(-4.163075025816,-2.698516320475,10.));
#4895 = SURFACE_OF_LINEAR_EXTRUSION('',#4896,#4900);
#4896 = B_SPLINE_CURVE_WITH_KNOTS('',2,(#4897,#4898,#4899),
  .UNSPECIFIED.,.F.,.F.,(3,3),(0.,1.),.PIECEWISE_BEZIER_KNOTS.);
#4897 = CARTESIAN_POINT('',(-3.859848022849,-2.796300074184,10.));
#4898 = CARTESIAN_POINT('',(-3.96097005549,-2.698516320475,10.));
#4899 = CARTESIAN_POINT('',(-4.163075025816,-2.698516320475,10.));
#4900 = VECTOR('',#4901,1.);
#4901 = DIRECTION('',(0.,0.,1.));
#4902 = ADVANCED_FACE('',(#4903),#4921,.T.);
#4903 = FACE_BOUND('',#4904,.T.);
#4904 = EDGE_LOOP('',(#4905,#4913,#4914,#4915));
#4905 = ORIENTED_EDGE('',*,*,#4906,.T.);
#4906 = EDGE_CURVE('',#4907,#4089,#4909,.T.);
#4907 = VERTEX_POINT('',#4908);
#4908 = CARTESIAN_POINT('',(-3.758725990208,-3.054738501484,10.));
#4909 = LINE('',#4910,#4911);
#4910 = CARTESIAN_POINT('',(-3.758725990208,-3.054738501484,10.));
#4911 = VECTOR('',#4912,1.);
#4912 = DIRECTION('',(-0.,-0.,-1.));
#4913 = ORIENTED_EDGE('',*,*,#4088,.T.);
#4914 = ORIENTED_EDGE('',*,*,#4880,.F.);
#4915 = ORIENTED_EDGE('',*,*,#4916,.F.);
#4916 = EDGE_CURVE('',#4907,#4881,#4917,.T.);
#4917 = B_SPLINE_CURVE_WITH_KNOTS('',2,(#4918,#4919,#4920),
  .UNSPECIFIED.,.F.,.F.,(3,3),(0.,1.),.PIECEWISE_BEZIER_KNOTS.);
#4918 = CARTESIAN_POINT('',(-3.758725990208,-3.054738501484,10.));
#4919 = CARTESIAN_POINT('',(-3.758725990208,-2.894083827893,10.));
#4920 = CARTESIAN_POINT('',(-3.859848022849,-2.796300074184,10.));
#4921 = SURFACE_OF_LINEAR_EXTRUSION('',#4922,#4926);
#4922 = B_SPLINE_CURVE_WITH_KNOTS('',2,(#4923,#4924,#4925),
  .UNSPECIFIED.,.F.,.F.,(3,3),(0.,1.),.PIECEWISE_BEZIER_KNOTS.);
#4923 = CARTESIAN_POINT('',(-3.758725990208,-3.054738501484,10.));
#4924 = CARTESIAN_POINT('',(-3.758725990208,-2.894083827893,10.));
#4925 = CARTESIAN_POINT('',(-3.859848022849,-2.796300074184,10.));
#4926 = VECTOR('',#4927,1.);
#4927 = DIRECTION('',(0.,0.,1.));
#4928 = ADVANCED_FACE('',(#4929),#4947,.T.);
#4929 = FACE_BOUND('',#4930,.T.);
#4930 = EDGE_LOOP('',(#4931,#4939,#4940,#4941));
#4931 = ORIENTED_EDGE('',*,*,#4932,.T.);
#4932 = EDGE_CURVE('',#4933,#4097,#4935,.T.);
#4933 = VERTEX_POINT('',#4934);
#4934 = CARTESIAN_POINT('',(-3.859848022849,-3.317627967359,10.));
#4935 = LINE('',#4936,#4937);
#4936 = CARTESIAN_POINT('',(-3.859848022849,-3.317627967359,10.));
#4937 = VECTOR('',#4938,1.);
#4938 = DIRECTION('',(-0.,-0.,-1.));
#4939 = ORIENTED_EDGE('',*,*,#4096,.T.);
#4940 = ORIENTED_EDGE('',*,*,#4906,.F.);
#4941 = ORIENTED_EDGE('',*,*,#4942,.F.);
#4942 = EDGE_CURVE('',#4933,#4907,#4943,.T.);
#4943 = B_SPLINE_CURVE_WITH_KNOTS('',2,(#4944,#4945,#4946),
  .UNSPECIFIED.,.F.,.F.,(3,3),(0.,1.),.PIECEWISE_BEZIER_KNOTS.);
#4944 = CARTESIAN_POINT('',(-3.859848022849,-3.317627967359,10.));
#4945 = CARTESIAN_POINT('',(-3.758725990208,-3.21553227003,10.));
#4946 = CARTESIAN_POINT('',(-3.758725990208,-3.054738501484,10.));
#4947 = SURFACE_OF_LINEAR_EXTRUSION('',#4948,#4952);
#4948 = B_SPLINE_CURVE_WITH_KNOTS('',2,(#4949,#4950,#4951),
  .UNSPECIFIED.,.F.,.F.,(3,3),(0.,1.),.PIECEWISE_BEZIER_KNOTS.);
#4949 = CARTESIAN_POINT('',(-3.859848022849,-3.317627967359,10.));
#4950 = CARTESIAN_POINT('',(-3.758725990208,-3.21553227003,10.));
#4951 = CARTESIAN_POINT('',(-3.758725990208,-3.054738501484,10.));
#4952 = VECTOR('',#4953,1.);
#4953 = DIRECTION('',(0.,0.,1.));
#4954 = ADVANCED_FACE('',(#4955),#4966,.T.);
#4955 = FACE_BOUND('',#4956,.T.);
#4956 = EDGE_LOOP('',(#4957,#4958,#4959,#4960));
#4957 = ORIENTED_EDGE('',*,*,#4810,.T.);
#4958 = ORIENTED_EDGE('',*,*,#4104,.T.);
#4959 = ORIENTED_EDGE('',*,*,#4932,.F.);
#4960 = ORIENTED_EDGE('',*,*,#4961,.F.);
#4961 = EDGE_CURVE('',#4811,#4933,#4962,.T.);
#4962 = B_SPLINE_CURVE_WITH_KNOTS('',2,(#4963,#4964,#4965),
  .UNSPECIFIED.,.F.,.F.,(3,3),(0.,1.),.PIECEWISE_BEZIER_KNOTS.);
#4963 = CARTESIAN_POINT('',(-4.163075025816,-3.419584569733,10.));
#4964 = CARTESIAN_POINT('',(-3.96097005549,-3.419584569733,10.));
#4965 = CARTESIAN_POINT('',(-3.859848022849,-3.317627967359,10.));
#4966 = SURFACE_OF_LINEAR_EXTRUSION('',#4967,#4971);
#4967 = B_SPLINE_CURVE_WITH_KNOTS('',2,(#4968,#4969,#4970),
  .UNSPECIFIED.,.F.,.F.,(3,3),(0.,1.),.PIECEWISE_BEZIER_KNOTS.);
#4968 = CARTESIAN_POINT('',(-4.163075025816,-3.419584569733,10.));
#4969 = CARTESIAN_POINT('',(-3.96097005549,-3.419584569733,10.));
#4970 = CARTESIAN_POINT('',(-3.859848022849,-3.317627967359,10.));
#4971 = VECTOR('',#4972,1.);
#4972 = DIRECTION('',(0.,0.,1.));
#4973 = ADVANCED_FACE('',(#4974),#4999,.T.);
#4974 = FACE_BOUND('',#4975,.T.);
#4975 = EDGE_LOOP('',(#4976,#4984,#4985,#4993));
#4976 = ORIENTED_EDGE('',*,*,#4977,.T.);
#4977 = EDGE_CURVE('',#4978,#4137,#4980,.T.);
#4978 = VERTEX_POINT('',#4979);
#4979 = CARTESIAN_POINT('',(-1.412054996142,-4.683679525223,10.));
#4980 = LINE('',#4981,#4982);
#4981 = CARTESIAN_POINT('',(-1.412054996142,-4.683679525223,10.));
#4982 = VECTOR('',#4983,1.);
#4983 = DIRECTION('',(-0.,-0.,-1.));
#4984 = ORIENTED_EDGE('',*,*,#4136,.T.);
#4985 = ORIENTED_EDGE('',*,*,#4986,.F.);
#4986 = EDGE_CURVE('',#4987,#4139,#4989,.T.);
#4987 = VERTEX_POINT('',#4988);
#4988 = CARTESIAN_POINT('',(-1.003950396736,-4.531926928783,10.));
#4989 = LINE('',#4990,#4991);
#4990 = CARTESIAN_POINT('',(-1.003950396736,-4.531926928783,10.));
#4991 = VECTOR('',#4992,1.);
#4992 = DIRECTION('',(-0.,-0.,-1.));
#4993 = ORIENTED_EDGE('',*,*,#4994,.F.);
#4994 = EDGE_CURVE('',#4978,#4987,#4995,.T.);
#4995 = B_SPLINE_CURVE_WITH_KNOTS('',2,(#4996,#4997,#4998),
  .UNSPECIFIED.,.F.,.F.,(3,3),(0.,1.),.PIECEWISE_BEZIER_KNOTS.);
#4996 = CARTESIAN_POINT('',(-1.412054996142,-4.683679525223,10.));
#4997 = CARTESIAN_POINT('',(-1.16418778546,-4.683679525223,10.));
#4998 = CARTESIAN_POINT('',(-1.003950396736,-4.531926928783,10.));
#4999 = SURFACE_OF_LINEAR_EXTRUSION('',#5000,#5004);
#5000 = B_SPLINE_CURVE_WITH_KNOTS('',2,(#5001,#5002,#5003),
  .UNSPECIFIED.,.F.,.F.,(3,3),(0.,1.),.PIECEWISE_BEZIER_KNOTS.);
#5001 = CARTESIAN_POINT('',(-1.412054996142,-4.683679525223,10.));
#5002 = CARTESIAN_POINT('',(-1.16418778546,-4.683679525223,10.));
#5003 = CARTESIAN_POINT('',(-1.003950396736,-4.531926928783,10.));
#5004 = VECTOR('',#5005,1.);
#5005 = DIRECTION('',(0.,0.,1.));
#5006 = ADVANCED_FACE('',(#5007),#5025,.T.);
#5007 = FACE_BOUND('',#5008,.T.);
#5008 = EDGE_LOOP('',(#5009,#5017,#5018,#5019));
#5009 = ORIENTED_EDGE('',*,*,#5010,.T.);
#5010 = EDGE_CURVE('',#5011,#4147,#5013,.T.);
#5011 = VERTEX_POINT('',#5012);
#5012 = CARTESIAN_POINT('',(-1.822246019881,-4.531926928783,10.));
#5013 = LINE('',#5014,#5015);
#5014 = CARTESIAN_POINT('',(-1.822246019881,-4.531926928783,10.));
#5015 = VECTOR('',#5016,1.);
#5016 = DIRECTION('',(-0.,-0.,-1.));
#5017 = ORIENTED_EDGE('',*,*,#4146,.T.);
#5018 = ORIENTED_EDGE('',*,*,#4977,.F.);
#5019 = ORIENTED_EDGE('',*,*,#5020,.F.);
#5020 = EDGE_CURVE('',#5011,#4978,#5021,.T.);
#5021 = B_SPLINE_CURVE_WITH_KNOTS('',2,(#5022,#5023,#5024),
  .UNSPECIFIED.,.F.,.F.,(3,3),(0.,1.),.PIECEWISE_BEZIER_KNOTS.);
#5022 = CARTESIAN_POINT('',(-1.822246019881,-4.531926928783,10.));
#5023 = CARTESIAN_POINT('',(-1.66409505549,-4.683679525223,10.));
#5024 = CARTESIAN_POINT('',(-1.412054996142,-4.683679525223,10.));
#5025 = SURFACE_OF_LINEAR_EXTRUSION('',#5026,#5030);
#5026 = B_SPLINE_CURVE_WITH_KNOTS('',2,(#5027,#5028,#5029),
  .UNSPECIFIED.,.F.,.F.,(3,3),(0.,1.),.PIECEWISE_BEZIER_KNOTS.);
#5027 = CARTESIAN_POINT('',(-1.822246019881,-4.531926928783,10.));
#5028 = CARTESIAN_POINT('',(-1.66409505549,-4.683679525223,10.));
#5029 = CARTESIAN_POINT('',(-1.412054996142,-4.683679525223,10.));
#5030 = VECTOR('',#5031,1.);
#5031 = DIRECTION('',(0.,0.,1.));
#5032 = ADVANCED_FACE('',(#5033),#5051,.T.);
#5033 = FACE_BOUND('',#5034,.T.);
#5034 = EDGE_LOOP('',(#5035,#5043,#5044,#5045));
#5035 = ORIENTED_EDGE('',*,*,#5036,.T.);
#5036 = EDGE_CURVE('',#5037,#4155,#5039,.T.);
#5037 = VERTEX_POINT('',#5038);
#5038 = CARTESIAN_POINT('',(-1.993054625223,-4.046346439169,10.));
#5039 = LINE('',#5040,#5041);
#5040 = CARTESIAN_POINT('',(-1.993054625223,-4.046346439169,10.));
#5041 = VECTOR('',#5042,1.);
#5042 = DIRECTION('',(-0.,-0.,-1.));
#5043 = ORIENTED_EDGE('',*,*,#4154,.T.);
#5044 = ORIENTED_EDGE('',*,*,#5010,.F.);
#5045 = ORIENTED_EDGE('',*,*,#5046,.F.);
#5046 = EDGE_CURVE('',#5037,#5011,#5047,.T.);
#5047 = B_SPLINE_CURVE_WITH_KNOTS('',2,(#5048,#5049,#5050),
  .UNSPECIFIED.,.F.,.F.,(3,3),(0.,1.),.PIECEWISE_BEZIER_KNOTS.);
#5048 = CARTESIAN_POINT('',(-1.993054625223,-4.046346439169,10.));
#5049 = CARTESIAN_POINT('',(-1.980257889318,-4.380035237389,10.));
#5050 = CARTESIAN_POINT('',(-1.822246019881,-4.531926928783,10.));
#5051 = SURFACE_OF_LINEAR_EXTRUSION('',#5052,#5056);
#5052 = B_SPLINE_CURVE_WITH_KNOTS('',2,(#5053,#5054,#5055),
  .UNSPECIFIED.,.F.,.F.,(3,3),(0.,1.),.PIECEWISE_BEZIER_KNOTS.);
#5053 = CARTESIAN_POINT('',(-1.993054625223,-4.046346439169,10.));
#5054 = CARTESIAN_POINT('',(-1.980257889318,-4.380035237389,10.));
#5055 = CARTESIAN_POINT('',(-1.822246019881,-4.531926928783,10.));
#5056 = VECTOR('',#5057,1.);
#5057 = DIRECTION('',(0.,0.,1.));
#5058 = ADVANCED_FACE('',(#5059),#5077,.T.);
#5059 = FACE_BOUND('',#5060,.T.);
#5060 = EDGE_LOOP('',(#5061,#5069,#5070,#5071));
#5061 = ORIENTED_EDGE('',*,*,#5062,.T.);
#5062 = EDGE_CURVE('',#5063,#4163,#5065,.T.);
#5063 = VERTEX_POINT('',#5064);
#5064 = CARTESIAN_POINT('',(-1.997366568843,-3.693462537092,10.));
#5065 = LINE('',#5066,#5067);
#5066 = CARTESIAN_POINT('',(-1.997366568843,-3.693462537092,10.));
#5067 = VECTOR('',#5068,1.);
#5068 = DIRECTION('',(-0.,-0.,-1.));
#5069 = ORIENTED_EDGE('',*,*,#4162,.T.);
#5070 = ORIENTED_EDGE('',*,*,#5036,.F.);
#5071 = ORIENTED_EDGE('',*,*,#5072,.F.);
#5072 = EDGE_CURVE('',#5063,#5037,#5073,.T.);
#5073 = B_SPLINE_CURVE_WITH_KNOTS('',2,(#5074,#5075,#5076),
  .UNSPECIFIED.,.F.,.F.,(3,3),(0.,1.),.PIECEWISE_BEZIER_KNOTS.);
#5074 = CARTESIAN_POINT('',(-1.997366568843,-3.693462537092,10.));
#5075 = CARTESIAN_POINT('',(-1.997366568843,-3.858150964392,10.));
#5076 = CARTESIAN_POINT('',(-1.993054625223,-4.046346439169,10.));
#5077 = SURFACE_OF_LINEAR_EXTRUSION('',#5078,#5082);
#5078 = B_SPLINE_CURVE_WITH_KNOTS('',2,(#5079,#5080,#5081),
  .UNSPECIFIED.,.F.,.F.,(3,3),(0.,1.),.PIECEWISE_BEZIER_KNOTS.);
#5079 = CARTESIAN_POINT('',(-1.997366568843,-3.693462537092,10.));
#5080 = CARTESIAN_POINT('',(-1.997366568843,-3.858150964392,10.));
#5081 = CARTESIAN_POINT('',(-1.993054625223,-4.046346439169,10.));
#5082 = VECTOR('',#5083,1.);
#5083 = DIRECTION('',(0.,0.,1.));
#5084 = ADVANCED_FACE('',(#5085),#5103,.T.);
#5085 = FACE_BOUND('',#5086,.T.);
#5086 = EDGE_LOOP('',(#5087,#5095,#5096,#5097));
#5087 = ORIENTED_EDGE('',*,*,#5088,.T.);
#5088 = EDGE_CURVE('',#5089,#4171,#5091,.T.);
#5089 = VERTEX_POINT('',#5090);
#5090 = CARTESIAN_POINT('',(-1.993054625223,-3.34475148368,10.));
#5091 = LINE('',#5092,#5093);
#5092 = CARTESIAN_POINT('',(-1.993054625223,-3.34475148368,10.));
#5093 = VECTOR('',#5094,1.);
#5094 = DIRECTION('',(-0.,-0.,-1.));
#5095 = ORIENTED_EDGE('',*,*,#4170,.T.);
#5096 = ORIENTED_EDGE('',*,*,#5062,.F.);
#5097 = ORIENTED_EDGE('',*,*,#5098,.F.);
#5098 = EDGE_CURVE('',#5089,#5063,#5099,.T.);
#5099 = B_SPLINE_CURVE_WITH_KNOTS('',2,(#5100,#5101,#5102),
  .UNSPECIFIED.,.F.,.F.,(3,3),(0.,1.),.PIECEWISE_BEZIER_KNOTS.);
#5100 = CARTESIAN_POINT('',(-1.993054625223,-3.34475148368,10.));
#5101 = CARTESIAN_POINT('',(-1.997366568843,-3.528774109792,10.));
#5102 = CARTESIAN_POINT('',(-1.997366568843,-3.693462537092,10.));
#5103 = SURFACE_OF_LINEAR_EXTRUSION('',#5104,#5108);
#5104 = B_SPLINE_CURVE_WITH_KNOTS('',2,(#5105,#5106,#5107),
  .UNSPECIFIED.,.F.,.F.,(3,3),(0.,1.),.PIECEWISE_BEZIER_KNOTS.);
#5105 = CARTESIAN_POINT('',(-1.993054625223,-3.34475148368,10.));
#5106 = CARTESIAN_POINT('',(-1.997366568843,-3.528774109792,10.));
#5107 = CARTESIAN_POINT('',(-1.997366568843,-3.693462537092,10.));
#5108 = VECTOR('',#5109,1.);
#5109 = DIRECTION('',(0.,0.,1.));
#5110 = ADVANCED_FACE('',(#5111),#5129,.T.);
#5111 = FACE_BOUND('',#5112,.T.);
#5112 = EDGE_LOOP('',(#5113,#5121,#5122,#5123));
#5113 = ORIENTED_EDGE('',*,*,#5114,.T.);
#5114 = EDGE_CURVE('',#5115,#4179,#5117,.T.);
#5115 = VERTEX_POINT('',#5116);
#5116 = CARTESIAN_POINT('',(-1.90987584184,-2.981296364985,10.));
#5117 = LINE('',#5118,#5119);
#5118 = CARTESIAN_POINT('',(-1.90987584184,-2.981296364985,10.));
#5119 = VECTOR('',#5120,1.);
#5120 = DIRECTION('',(-0.,-0.,-1.));
#5121 = ORIENTED_EDGE('',*,*,#4178,.T.);
#5122 = ORIENTED_EDGE('',*,*,#5088,.F.);
#5123 = ORIENTED_EDGE('',*,*,#5124,.F.);
#5124 = EDGE_CURVE('',#5115,#5089,#5125,.T.);
#5125 = B_SPLINE_CURVE_WITH_KNOTS('',2,(#5126,#5127,#5128),
  .UNSPECIFIED.,.F.,.F.,(3,3),(0.,1.),.PIECEWISE_BEZIER_KNOTS.);
#5126 = CARTESIAN_POINT('',(-1.90987584184,-2.981296364985,10.));
#5127 = CARTESIAN_POINT('',(-1.984569832938,-3.122338649852,10.));
#5128 = CARTESIAN_POINT('',(-1.993054625223,-3.34475148368,10.));
#5129 = SURFACE_OF_LINEAR_EXTRUSION('',#5130,#5134);
#5130 = B_SPLINE_CURVE_WITH_KNOTS('',2,(#5131,#5132,#5133),
  .UNSPECIFIED.,.F.,.F.,(3,3),(0.,1.),.PIECEWISE_BEZIER_KNOTS.);
#5131 = CARTESIAN_POINT('',(-1.90987584184,-2.981296364985,10.));
#5132 = CARTESIAN_POINT('',(-1.984569832938,-3.122338649852,10.));
#5133 = CARTESIAN_POINT('',(-1.993054625223,-3.34475148368,10.));
#5134 = VECTOR('',#5135,1.);
#5135 = DIRECTION('',(0.,0.,1.));
#5136 = ADVANCED_FACE('',(#5137),#5155,.T.);
#5137 = FACE_BOUND('',#5138,.T.);
#5138 = EDGE_LOOP('',(#5139,#5147,#5148,#5149));
#5139 = ORIENTED_EDGE('',*,*,#5140,.T.);
#5140 = EDGE_CURVE('',#5141,#4187,#5143,.T.);
#5141 = VERTEX_POINT('',#5142);
#5142 = CARTESIAN_POINT('',(-1.70693630178,-2.773766691395,10.));
#5143 = LINE('',#5144,#5145);
#5144 = CARTESIAN_POINT('',(-1.70693630178,-2.773766691395,10.));
#5145 = VECTOR('',#5146,1.);
#5146 = DIRECTION('',(-0.,-0.,-1.));
#5147 = ORIENTED_EDGE('',*,*,#4186,.T.);
#5148 = ORIENTED_EDGE('',*,*,#5114,.F.);
#5149 = ORIENTED_EDGE('',*,*,#5150,.F.);
#5150 = EDGE_CURVE('',#5141,#5115,#5151,.T.);
#5151 = B_SPLINE_CURVE_WITH_KNOTS('',2,(#5152,#5153,#5154),
  .UNSPECIFIED.,.F.,.F.,(3,3),(0.,1.),.PIECEWISE_BEZIER_KNOTS.);
#5152 = CARTESIAN_POINT('',(-1.70693630178,-2.773766691395,10.));
#5153 = CARTESIAN_POINT('',(-1.835042755786,-2.840114985163,10.));
#5154 = CARTESIAN_POINT('',(-1.90987584184,-2.981296364985,10.));
#5155 = SURFACE_OF_LINEAR_EXTRUSION('',#5156,#5160);
#5156 = B_SPLINE_CURVE_WITH_KNOTS('',2,(#5157,#5158,#5159),
  .UNSPECIFIED.,.F.,.F.,(3,3),(0.,1.),.PIECEWISE_BEZIER_KNOTS.);
#5157 = CARTESIAN_POINT('',(-1.70693630178,-2.773766691395,10.));
#5158 = CARTESIAN_POINT('',(-1.835042755786,-2.840114985163,10.));
#5159 = CARTESIAN_POINT('',(-1.90987584184,-2.981296364985,10.));
#5160 = VECTOR('',#5161,1.);
#5161 = DIRECTION('',(0.,0.,1.));
#5162 = ADVANCED_FACE('',(#5163),#5181,.T.);
#5163 = FACE_BOUND('',#5164,.T.);
#5164 = EDGE_LOOP('',(#5165,#5173,#5174,#5175));
#5165 = ORIENTED_EDGE('',*,*,#5166,.T.);
#5166 = EDGE_CURVE('',#5167,#4195,#5169,.T.);
#5167 = VERTEX_POINT('',#5168);
#5168 = CARTESIAN_POINT('',(-1.412054996142,-2.707418397626,10.));
#5169 = LINE('',#5170,#5171);
#5170 = CARTESIAN_POINT('',(-1.412054996142,-2.707418397626,10.));
#5171 = VECTOR('',#5172,1.);
#5172 = DIRECTION('',(-0.,-0.,-1.));
#5173 = ORIENTED_EDGE('',*,*,#4194,.T.);
#5174 = ORIENTED_EDGE('',*,*,#5140,.F.);
#5175 = ORIENTED_EDGE('',*,*,#5176,.F.);
#5176 = EDGE_CURVE('',#5167,#5141,#5177,.T.);
#5177 = B_SPLINE_CURVE_WITH_KNOTS('',2,(#5178,#5179,#5180),
  .UNSPECIFIED.,.F.,.F.,(3,3),(0.,1.),.PIECEWISE_BEZIER_KNOTS.);
#5178 = CARTESIAN_POINT('',(-1.412054996142,-2.707418397626,10.));
#5179 = CARTESIAN_POINT('',(-1.578690752819,-2.707418397626,10.));
#5180 = CARTESIAN_POINT('',(-1.70693630178,-2.773766691395,10.));
#5181 = SURFACE_OF_LINEAR_EXTRUSION('',#5182,#5186);
#5182 = B_SPLINE_CURVE_WITH_KNOTS('',2,(#5183,#5184,#5185),
  .UNSPECIFIED.,.F.,.F.,(3,3),(0.,1.),.PIECEWISE_BEZIER_KNOTS.);
#5183 = CARTESIAN_POINT('',(-1.412054996142,-2.707418397626,10.));
#5184 = CARTESIAN_POINT('',(-1.578690752819,-2.707418397626,10.));
#5185 = CARTESIAN_POINT('',(-1.70693630178,-2.773766691395,10.));
#5186 = VECTOR('',#5187,1.);
#5187 = DIRECTION('',(0.,0.,1.));
#5188 = ADVANCED_FACE('',(#5189),#5207,.T.);
#5189 = FACE_BOUND('',#5190,.T.);
#5190 = EDGE_LOOP('',(#5191,#5199,#5200,#5201));
#5191 = ORIENTED_EDGE('',*,*,#5192,.T.);
#5192 = EDGE_CURVE('',#5193,#4203,#5195,.T.);
#5193 = VERTEX_POINT('',#5194);
#5194 = CARTESIAN_POINT('',(-1.119260114837,-2.773766691395,10.));
#5195 = LINE('',#5196,#5197);
#5196 = CARTESIAN_POINT('',(-1.119260114837,-2.773766691395,10.));
#5197 = VECTOR('',#5198,1.);
#5198 = DIRECTION('',(-0.,-0.,-1.));
#5199 = ORIENTED_EDGE('',*,*,#4202,.T.);
#5200 = ORIENTED_EDGE('',*,*,#5166,.F.);
#5201 = ORIENTED_EDGE('',*,*,#5202,.F.);
#5202 = EDGE_CURVE('',#5193,#5167,#5203,.T.);
#5203 = B_SPLINE_CURVE_WITH_KNOTS('',2,(#5204,#5205,#5206),
  .UNSPECIFIED.,.F.,.F.,(3,3),(0.,1.),.PIECEWISE_BEZIER_KNOTS.);
#5204 = CARTESIAN_POINT('',(-1.119260114837,-2.773766691395,10.));
#5205 = CARTESIAN_POINT('',(-1.24528014451,-2.707418397626,10.));
#5206 = CARTESIAN_POINT('',(-1.412054996142,-2.707418397626,10.));
#5207 = SURFACE_OF_LINEAR_EXTRUSION('',#5208,#5212);
#5208 = B_SPLINE_CURVE_WITH_KNOTS('',2,(#5209,#5210,#5211),
  .UNSPECIFIED.,.F.,.F.,(3,3),(0.,1.),.PIECEWISE_BEZIER_KNOTS.);
#5209 = CARTESIAN_POINT('',(-1.119260114837,-2.773766691395,10.));
#5210 = CARTESIAN_POINT('',(-1.24528014451,-2.707418397626,10.));
#5211 = CARTESIAN_POINT('',(-1.412054996142,-2.707418397626,10.));
#5212 = VECTOR('',#5213,1.);
#5213 = DIRECTION('',(0.,0.,1.));
#5214 = ADVANCED_FACE('',(#5215),#5233,.T.);
#5215 = FACE_BOUND('',#5216,.T.);
#5216 = EDGE_LOOP('',(#5217,#5225,#5226,#5227));
#5217 = ORIENTED_EDGE('',*,*,#5218,.T.);
#5218 = EDGE_CURVE('',#5219,#4211,#5221,.T.);
#5219 = VERTEX_POINT('',#5220);
#5220 = CARTESIAN_POINT('',(-0.916320574777,-2.981296364985,10.));
#5221 = LINE('',#5222,#5223);
#5222 = CARTESIAN_POINT('',(-0.916320574777,-2.981296364985,10.));
#5223 = VECTOR('',#5224,1.);
#5224 = DIRECTION('',(-0.,-0.,-1.));
#5225 = ORIENTED_EDGE('',*,*,#4210,.T.);
#5226 = ORIENTED_EDGE('',*,*,#5192,.F.);
#5227 = ORIENTED_EDGE('',*,*,#5228,.F.);
#5228 = EDGE_CURVE('',#5219,#5193,#5229,.T.);
#5229 = B_SPLINE_CURVE_WITH_KNOTS('',2,(#5230,#5231,#5232),
  .UNSPECIFIED.,.F.,.F.,(3,3),(0.,1.),.PIECEWISE_BEZIER_KNOTS.);
#5230 = CARTESIAN_POINT('',(-0.916320574777,-2.981296364985,10.));
#5231 = CARTESIAN_POINT('',(-0.993240085163,-2.840114985163,10.));
#5232 = CARTESIAN_POINT('',(-1.119260114837,-2.773766691395,10.));
#5233 = SURFACE_OF_LINEAR_EXTRUSION('',#5234,#5238);
#5234 = B_SPLINE_CURVE_WITH_KNOTS('',2,(#5235,#5236,#5237),
  .UNSPECIFIED.,.F.,.F.,(3,3),(0.,1.),.PIECEWISE_BEZIER_KNOTS.);
#5235 = CARTESIAN_POINT('',(-0.916320574777,-2.981296364985,10.));
#5236 = CARTESIAN_POINT('',(-0.993240085163,-2.840114985163,10.));
#5237 = CARTESIAN_POINT('',(-1.119260114837,-2.773766691395,10.));
#5238 = VECTOR('',#5239,1.);
#5239 = DIRECTION('',(0.,0.,1.));
#5240 = ADVANCED_FACE('',(#5241),#5259,.T.);
#5241 = FACE_BOUND('',#5242,.T.);
#5242 = EDGE_LOOP('',(#5243,#5251,#5252,#5253));
#5243 = ORIENTED_EDGE('',*,*,#5244,.T.);
#5244 = EDGE_CURVE('',#5245,#4219,#5247,.T.);
#5245 = VERTEX_POINT('',#5246);
#5246 = CARTESIAN_POINT('',(-0.835089120772,-3.34475148368,10.));
#5247 = LINE('',#5248,#5249);
#5248 = CARTESIAN_POINT('',(-0.835089120772,-3.34475148368,10.));
#5249 = VECTOR('',#5250,1.);
#5250 = DIRECTION('',(-0.,-0.,-1.));
#5251 = ORIENTED_EDGE('',*,*,#4218,.T.);
#5252 = ORIENTED_EDGE('',*,*,#5218,.F.);
#5253 = ORIENTED_EDGE('',*,*,#5254,.F.);
#5254 = EDGE_CURVE('',#5245,#5219,#5255,.T.);
#5255 = B_SPLINE_CURVE_WITH_KNOTS('',2,(#5256,#5257,#5258),
  .UNSPECIFIED.,.F.,.F.,(3,3),(0.,1.),.PIECEWISE_BEZIER_KNOTS.);
#5256 = CARTESIAN_POINT('',(-0.835089120772,-3.34475148368,10.));
#5257 = CARTESIAN_POINT('',(-0.839401064392,-3.122338649852,10.));
#5258 = CARTESIAN_POINT('',(-0.916320574777,-2.981296364985,10.));
#5259 = SURFACE_OF_LINEAR_EXTRUSION('',#5260,#5264);
#5260 = B_SPLINE_CURVE_WITH_KNOTS('',2,(#5261,#5262,#5263),
  .UNSPECIFIED.,.F.,.F.,(3,3),(0.,1.),.PIECEWISE_BEZIER_KNOTS.);
#5261 = CARTESIAN_POINT('',(-0.835089120772,-3.34475148368,10.));
#5262 = CARTESIAN_POINT('',(-0.839401064392,-3.122338649852,10.));
#5263 = CARTESIAN_POINT('',(-0.916320574777,-2.981296364985,10.));
#5264 = VECTOR('',#5265,1.);
#5265 = DIRECTION('',(0.,0.,1.));
#5266 = ADVANCED_FACE('',(#5267),#5285,.T.);
#5267 = FACE_BOUND('',#5268,.T.);
#5268 = EDGE_LOOP('',(#5269,#5277,#5278,#5279));
#5269 = ORIENTED_EDGE('',*,*,#5270,.T.);
#5270 = EDGE_CURVE('',#5271,#4227,#5273,.T.);
#5271 = VERTEX_POINT('',#5272);
#5272 = CARTESIAN_POINT('',(-0.826604328487,-3.693462537092,10.));
#5273 = LINE('',#5274,#5275);
#5274 = CARTESIAN_POINT('',(-0.826604328487,-3.693462537092,10.));
#5275 = VECTOR('',#5276,1.);
#5276 = DIRECTION('',(-0.,-0.,-1.));
#5277 = ORIENTED_EDGE('',*,*,#4226,.T.);
#5278 = ORIENTED_EDGE('',*,*,#5244,.F.);
#5279 = ORIENTED_EDGE('',*,*,#5280,.F.);
#5280 = EDGE_CURVE('',#5271,#5245,#5281,.T.);
#5281 = B_SPLINE_CURVE_WITH_KNOTS('',2,(#5282,#5283,#5284),
  .UNSPECIFIED.,.F.,.F.,(3,3),(0.,1.),.PIECEWISE_BEZIER_KNOTS.);
#5282 = CARTESIAN_POINT('',(-0.826604328487,-3.693462537092,10.));
#5283 = CARTESIAN_POINT('',(-0.826604328487,-3.528774109792,10.));
#5284 = CARTESIAN_POINT('',(-0.835089120772,-3.34475148368,10.));
#5285 = SURFACE_OF_LINEAR_EXTRUSION('',#5286,#5290);
#5286 = B_SPLINE_CURVE_WITH_KNOTS('',2,(#5287,#5288,#5289),
  .UNSPECIFIED.,.F.,.F.,(3,3),(0.,1.),.PIECEWISE_BEZIER_KNOTS.);
#5287 = CARTESIAN_POINT('',(-0.826604328487,-3.693462537092,10.));
#5288 = CARTESIAN_POINT('',(-0.826604328487,-3.528774109792,10.));
#5289 = CARTESIAN_POINT('',(-0.835089120772,-3.34475148368,10.));
#5290 = VECTOR('',#5291,1.);
#5291 = DIRECTION('',(0.,0.,1.));
#5292 = ADVANCED_FACE('',(#5293),#5311,.T.);
#5293 = FACE_BOUND('',#5294,.T.);
#5294 = EDGE_LOOP('',(#5295,#5303,#5304,#5305));
#5295 = ORIENTED_EDGE('',*,*,#5296,.T.);
#5296 = EDGE_CURVE('',#5297,#4235,#5299,.T.);
#5297 = VERTEX_POINT('',#5298);
#5298 = CARTESIAN_POINT('',(-0.835089120772,-4.046346439169,10.));
#5299 = LINE('',#5300,#5301);
#5300 = CARTESIAN_POINT('',(-0.835089120772,-4.046346439169,10.));
#5301 = VECTOR('',#5302,1.);
#5302 = DIRECTION('',(-0.,-0.,-1.));
#5303 = ORIENTED_EDGE('',*,*,#4234,.T.);
#5304 = ORIENTED_EDGE('',*,*,#5270,.F.);
#5305 = ORIENTED_EDGE('',*,*,#5306,.F.);
#5306 = EDGE_CURVE('',#5297,#5271,#5307,.T.);
#5307 = B_SPLINE_CURVE_WITH_KNOTS('',2,(#5308,#5309,#5310),
  .UNSPECIFIED.,.F.,.F.,(3,3),(0.,1.),.PIECEWISE_BEZIER_KNOTS.);
#5308 = CARTESIAN_POINT('',(-0.835089120772,-4.046346439169,10.));
#5309 = CARTESIAN_POINT('',(-0.826604328487,-3.858150964392,10.));
#5310 = CARTESIAN_POINT('',(-0.826604328487,-3.693462537092,10.));
#5311 = SURFACE_OF_LINEAR_EXTRUSION('',#5312,#5316);
#5312 = B_SPLINE_CURVE_WITH_KNOTS('',2,(#5313,#5314,#5315),
  .UNSPECIFIED.,.F.,.F.,(3,3),(0.,1.),.PIECEWISE_BEZIER_KNOTS.);
#5313 = CARTESIAN_POINT('',(-0.835089120772,-4.046346439169,10.));
#5314 = CARTESIAN_POINT('',(-0.826604328487,-3.858150964392,10.));
#5315 = CARTESIAN_POINT('',(-0.826604328487,-3.693462537092,10.));
#5316 = VECTOR('',#5317,1.);
#5317 = DIRECTION('',(0.,0.,1.));
#5318 = ADVANCED_FACE('',(#5319),#5330,.T.);
#5319 = FACE_BOUND('',#5320,.T.);
#5320 = EDGE_LOOP('',(#5321,#5322,#5323,#5324));
#5321 = ORIENTED_EDGE('',*,*,#4986,.T.);
#5322 = ORIENTED_EDGE('',*,*,#4242,.T.);
#5323 = ORIENTED_EDGE('',*,*,#5296,.F.);
#5324 = ORIENTED_EDGE('',*,*,#5325,.F.);
#5325 = EDGE_CURVE('',#4987,#5297,#5326,.T.);
#5326 = B_SPLINE_CURVE_WITH_KNOTS('',2,(#5327,#5328,#5329),
  .UNSPECIFIED.,.F.,.F.,(3,3),(0.,1.),.PIECEWISE_BEZIER_KNOTS.);
#5327 = CARTESIAN_POINT('',(-1.003950396736,-4.531926928783,10.));
#5328 = CARTESIAN_POINT('',(-0.843713008012,-4.380035237389,10.));
#5329 = CARTESIAN_POINT('',(-0.835089120772,-4.046346439169,10.));
#5330 = SURFACE_OF_LINEAR_EXTRUSION('',#5331,#5335);
#5331 = B_SPLINE_CURVE_WITH_KNOTS('',2,(#5332,#5333,#5334),
  .UNSPECIFIED.,.F.,.F.,(3,3),(0.,1.),.PIECEWISE_BEZIER_KNOTS.);
#5332 = CARTESIAN_POINT('',(-1.003950396736,-4.531926928783,10.));
#5333 = CARTESIAN_POINT('',(-0.843713008012,-4.380035237389,10.));
#5334 = CARTESIAN_POINT('',(-0.835089120772,-4.046346439169,10.));
#5335 = VECTOR('',#5336,1.);
#5336 = DIRECTION('',(0.,0.,1.));
#5337 = ADVANCED_FACE('',(#5338),#5363,.T.);
#5338 = FACE_BOUND('',#5339,.T.);
#5339 = EDGE_LOOP('',(#5340,#5348,#5349,#5357));
#5340 = ORIENTED_EDGE('',*,*,#5341,.T.);
#5341 = EDGE_CURVE('',#5342,#4282,#5344,.T.);
#5342 = VERTEX_POINT('',#5343);
#5343 = CARTESIAN_POINT('',(0.971058876261,-3.562017804154,10.));
#5344 = LINE('',#5345,#5346);
#5345 = CARTESIAN_POINT('',(0.971058876261,-3.562017804154,10.));
#5346 = VECTOR('',#5347,1.);
#5347 = DIRECTION('',(-0.,-0.,-1.));
#5348 = ORIENTED_EDGE('',*,*,#4281,.T.);
#5349 = ORIENTED_EDGE('',*,*,#5350,.F.);
#5350 = EDGE_CURVE('',#5351,#4284,#5353,.T.);
#5351 = VERTEX_POINT('',#5352);
#5352 = CARTESIAN_POINT('',(1.516589291691,-3.562017804154,10.));
#5353 = LINE('',#5354,#5355);
#5354 = CARTESIAN_POINT('',(1.516589291691,-3.562017804154,10.));
#5355 = VECTOR('',#5356,1.);
#5356 = DIRECTION('',(-0.,-0.,-1.));
#5357 = ORIENTED_EDGE('',*,*,#5358,.F.);
#5358 = EDGE_CURVE('',#5342,#5351,#5359,.T.);
#5359 = LINE('',#5360,#5361);
#5360 = CARTESIAN_POINT('',(0.971058876261,-3.562017804154,10.));
#5361 = VECTOR('',#5362,1.);
#5362 = DIRECTION('',(1.,0.,0.));
#5363 = PLANE('',#5364);
#5364 = AXIS2_PLACEMENT_3D('',#5365,#5366,#5367);
#5365 = CARTESIAN_POINT('',(0.971058876261,-3.562017804154,10.));
#5366 = DIRECTION('',(0.,-1.,0.));
#5367 = DIRECTION('',(1.,0.,0.));
#5368 = ADVANCED_FACE('',(#5369),#5387,.T.);
#5369 = FACE_BOUND('',#5370,.T.);
#5370 = EDGE_LOOP('',(#5371,#5379,#5380,#5381));
#5371 = ORIENTED_EDGE('',*,*,#5372,.T.);
#5372 = EDGE_CURVE('',#5373,#4292,#5375,.T.);
#5373 = VERTEX_POINT('',#5374);
#5374 = CARTESIAN_POINT('',(0.971058876261,-2.73412462908,10.));
#5375 = LINE('',#5376,#5377);
#5376 = CARTESIAN_POINT('',(0.971058876261,-2.73412462908,10.));
#5377 = VECTOR('',#5378,1.);
#5378 = DIRECTION('',(-0.,-0.,-1.));
#5379 = ORIENTED_EDGE('',*,*,#4291,.T.);
#5380 = ORIENTED_EDGE('',*,*,#5341,.F.);
#5381 = ORIENTED_EDGE('',*,*,#5382,.F.);
#5382 = EDGE_CURVE('',#5373,#5342,#5383,.T.);
#5383 = LINE('',#5384,#5385);
#5384 = CARTESIAN_POINT('',(0.971058876261,-2.73412462908,10.));
#5385 = VECTOR('',#5386,1.);
#5386 = DIRECTION('',(0.,-1.,0.));
#5387 = PLANE('',#5388);
#5388 = AXIS2_PLACEMENT_3D('',#5389,#5390,#5391);
#5389 = CARTESIAN_POINT('',(0.971058876261,-2.73412462908,10.));
#5390 = DIRECTION('',(-1.,0.,0.));
#5391 = DIRECTION('',(0.,-1.,0.));
#5392 = ADVANCED_FACE('',(#5393),#5411,.T.);
#5393 = FACE_BOUND('',#5394,.T.);
#5394 = EDGE_LOOP('',(#5395,#5403,#5404,#5405));
#5395 = ORIENTED_EDGE('',*,*,#5396,.T.);
#5396 = EDGE_CURVE('',#5397,#4300,#5399,.T.);
#5397 = VERTEX_POINT('',#5398);
#5398 = CARTESIAN_POINT('',(1.516589291691,-2.73412462908,10.));
#5399 = LINE('',#5400,#5401);
#5400 = CARTESIAN_POINT('',(1.516589291691,-2.73412462908,10.));
#5401 = VECTOR('',#5402,1.);
#5402 = DIRECTION('',(-0.,-0.,-1.));
#5403 = ORIENTED_EDGE('',*,*,#4299,.T.);
#5404 = ORIENTED_EDGE('',*,*,#5372,.F.);
#5405 = ORIENTED_EDGE('',*,*,#5406,.F.);
#5406 = EDGE_CURVE('',#5397,#5373,#5407,.T.);
#5407 = LINE('',#5408,#5409);
#5408 = CARTESIAN_POINT('',(1.516589291691,-2.73412462908,10.));
#5409 = VECTOR('',#5410,1.);
#5410 = DIRECTION('',(-1.,0.,0.));
#5411 = PLANE('',#5412);
#5412 = AXIS2_PLACEMENT_3D('',#5413,#5414,#5415);
#5413 = CARTESIAN_POINT('',(1.516589291691,-2.73412462908,10.));
#5414 = DIRECTION('',(0.,1.,0.));
#5415 = DIRECTION('',(-1.,0.,0.));
#5416 = ADVANCED_FACE('',(#5417),#5435,.T.);
#5417 = FACE_BOUND('',#5418,.T.);
#5418 = EDGE_LOOP('',(#5419,#5427,#5428,#5429));
#5419 = ORIENTED_EDGE('',*,*,#5420,.T.);
#5420 = EDGE_CURVE('',#5421,#4308,#5423,.T.);
#5421 = VERTEX_POINT('',#5422);
#5422 = CARTESIAN_POINT('',(1.866134914837,-2.846235163205,10.));
#5423 = LINE('',#5424,#5425);
#5424 = CARTESIAN_POINT('',(1.866134914837,-2.846235163205,10.));
#5425 = VECTOR('',#5426,1.);
#5426 = DIRECTION('',(-0.,-0.,-1.));
#5427 = ORIENTED_EDGE('',*,*,#4307,.T.);
#5428 = ORIENTED_EDGE('',*,*,#5396,.F.);
#5429 = ORIENTED_EDGE('',*,*,#5430,.F.);
#5430 = EDGE_CURVE('',#5421,#5397,#5431,.T.);
#5431 = B_SPLINE_CURVE_WITH_KNOTS('',2,(#5432,#5433,#5434),
  .UNSPECIFIED.,.F.,.F.,(3,3),(0.,1.),.PIECEWISE_BEZIER_KNOTS.);
#5432 = CARTESIAN_POINT('',(1.866134914837,-2.846235163205,10.));
#5433 = CARTESIAN_POINT('',(1.755276235312,-2.73412462908,10.));
#5434 = CARTESIAN_POINT('',(1.516589291691,-2.73412462908,10.));
#5435 = SURFACE_OF_LINEAR_EXTRUSION('',#5436,#5440);
#5436 = B_SPLINE_CURVE_WITH_KNOTS('',2,(#5437,#5438,#5439),
  .UNSPECIFIED.,.F.,.F.,(3,3),(0.,1.),.PIECEWISE_BEZIER_KNOTS.);
#5437 = CARTESIAN_POINT('',(1.866134914837,-2.846235163205,10.));
#5438 = CARTESIAN_POINT('',(1.755276235312,-2.73412462908,10.));
#5439 = CARTESIAN_POINT('',(1.516589291691,-2.73412462908,10.));
#5440 = VECTOR('',#5441,1.);
#5441 = DIRECTION('',(0.,0.,1.));
#5442 = ADVANCED_FACE('',(#5443),#5461,.T.);
#5443 = FACE_BOUND('',#5444,.T.);
#5444 = EDGE_LOOP('',(#5445,#5453,#5454,#5455));
#5445 = ORIENTED_EDGE('',*,*,#5446,.T.);
#5446 = EDGE_CURVE('',#5447,#4316,#5449,.T.);
#5447 = VERTEX_POINT('',#5448);
#5448 = CARTESIAN_POINT('',(1.976993594362,-3.152383160237,10.));
#5449 = LINE('',#5450,#5451);
#5450 = CARTESIAN_POINT('',(1.976993594362,-3.152383160237,10.));
#5451 = VECTOR('',#5452,1.);
#5452 = DIRECTION('',(-0.,-0.,-1.));
#5453 = ORIENTED_EDGE('',*,*,#4315,.T.);
#5454 = ORIENTED_EDGE('',*,*,#5420,.F.);
#5455 = ORIENTED_EDGE('',*,*,#5456,.F.);
#5456 = EDGE_CURVE('',#5447,#5421,#5457,.T.);
#5457 = B_SPLINE_CURVE_WITH_KNOTS('',2,(#5458,#5459,#5460),
  .UNSPECIFIED.,.F.,.F.,(3,3),(0.,1.),.PIECEWISE_BEZIER_KNOTS.);
#5458 = CARTESIAN_POINT('',(1.976993594362,-3.152383160237,10.));
#5459 = CARTESIAN_POINT('',(1.976993594362,-2.958345697329,10.));
#5460 = CARTESIAN_POINT('',(1.866134914837,-2.846235163205,10.));
#5461 = SURFACE_OF_LINEAR_EXTRUSION('',#5462,#5466);
#5462 = B_SPLINE_CURVE_WITH_KNOTS('',2,(#5463,#5464,#5465),
  .UNSPECIFIED.,.F.,.F.,(3,3),(0.,1.),.PIECEWISE_BEZIER_KNOTS.);
#5463 = CARTESIAN_POINT('',(1.976993594362,-3.152383160237,10.));
#5464 = CARTESIAN_POINT('',(1.976993594362,-2.958345697329,10.));
#5465 = CARTESIAN_POINT('',(1.866134914837,-2.846235163205,10.));
#5466 = VECTOR('',#5467,1.);
#5467 = DIRECTION('',(0.,0.,1.));
#5468 = ADVANCED_FACE('',(#5469),#5487,.T.);
#5469 = FACE_BOUND('',#5470,.T.);
#5470 = EDGE_LOOP('',(#5471,#5479,#5480,#5481));
#5471 = ORIENTED_EDGE('',*,*,#5472,.T.);
#5472 = EDGE_CURVE('',#5473,#4324,#5475,.T.);
#5473 = VERTEX_POINT('',#5474);
#5474 = CARTESIAN_POINT('',(1.864048490504,-3.45421921365,10.));
#5475 = LINE('',#5476,#5477);
#5476 = CARTESIAN_POINT('',(1.864048490504,-3.45421921365,10.));
#5477 = VECTOR('',#5478,1.);
#5478 = DIRECTION('',(-0.,-0.,-1.));
#5479 = ORIENTED_EDGE('',*,*,#4323,.T.);
#5480 = ORIENTED_EDGE('',*,*,#5446,.F.);
#5481 = ORIENTED_EDGE('',*,*,#5482,.F.);
#5482 = EDGE_CURVE('',#5473,#5447,#5483,.T.);
#5483 = B_SPLINE_CURVE_WITH_KNOTS('',2,(#5484,#5485,#5486),
  .UNSPECIFIED.,.F.,.F.,(3,3),(0.,1.),.PIECEWISE_BEZIER_KNOTS.);
#5484 = CARTESIAN_POINT('',(1.864048490504,-3.45421921365,10.));
#5485 = CARTESIAN_POINT('',(1.976993594362,-3.346420623145,10.));
#5486 = CARTESIAN_POINT('',(1.976993594362,-3.152383160237,10.));
#5487 = SURFACE_OF_LINEAR_EXTRUSION('',#5488,#5492);
#5488 = B_SPLINE_CURVE_WITH_KNOTS('',2,(#5489,#5490,#5491),
  .UNSPECIFIED.,.F.,.F.,(3,3),(0.,1.),.PIECEWISE_BEZIER_KNOTS.);
#5489 = CARTESIAN_POINT('',(1.864048490504,-3.45421921365,10.));
#5490 = CARTESIAN_POINT('',(1.976993594362,-3.346420623145,10.));
#5491 = CARTESIAN_POINT('',(1.976993594362,-3.152383160237,10.));
#5492 = VECTOR('',#5493,1.);
#5493 = DIRECTION('',(0.,0.,1.));
#5494 = ADVANCED_FACE('',(#5495),#5506,.T.);
#5495 = FACE_BOUND('',#5496,.T.);
#5496 = EDGE_LOOP('',(#5497,#5498,#5499,#5500));
#5497 = ORIENTED_EDGE('',*,*,#5350,.T.);
#5498 = ORIENTED_EDGE('',*,*,#4331,.T.);
#5499 = ORIENTED_EDGE('',*,*,#5472,.F.);
#5500 = ORIENTED_EDGE('',*,*,#5501,.F.);
#5501 = EDGE_CURVE('',#5351,#5473,#5502,.T.);
#5502 = B_SPLINE_CURVE_WITH_KNOTS('',2,(#5503,#5504,#5505),
  .UNSPECIFIED.,.F.,.F.,(3,3),(0.,1.),.PIECEWISE_BEZIER_KNOTS.);
#5503 = CARTESIAN_POINT('',(1.516589291691,-3.562017804154,10.));
#5504 = CARTESIAN_POINT('',(1.751103386647,-3.562017804154,10.));
#5505 = CARTESIAN_POINT('',(1.864048490504,-3.45421921365,10.));
#5506 = SURFACE_OF_LINEAR_EXTRUSION('',#5507,#5511);
#5507 = B_SPLINE_CURVE_WITH_KNOTS('',2,(#5508,#5509,#5510),
  .UNSPECIFIED.,.F.,.F.,(3,3),(0.,1.),.PIECEWISE_BEZIER_KNOTS.);
#5508 = CARTESIAN_POINT('',(1.516589291691,-3.562017804154,10.));
#5509 = CARTESIAN_POINT('',(1.751103386647,-3.562017804154,10.));
#5510 = CARTESIAN_POINT('',(1.864048490504,-3.45421921365,10.));
#5511 = VECTOR('',#5512,1.);
#5512 = DIRECTION('',(0.,0.,1.));
#5513 = ADVANCED_FACE('',(#5514),#5539,.T.);
#5514 = FACE_BOUND('',#5515,.T.);
#5515 = EDGE_LOOP('',(#5516,#5524,#5525,#5533));
#5516 = ORIENTED_EDGE('',*,*,#5517,.T.);
#5517 = EDGE_CURVE('',#5518,#4363,#5520,.T.);
#5518 = VERTEX_POINT('',#5519);
#5519 = CARTESIAN_POINT('',(3.781055167062,-4.648071216617,10.));
#5520 = LINE('',#5521,#5522);
#5521 = CARTESIAN_POINT('',(3.781055167062,-4.648071216617,10.));
#5522 = VECTOR('',#5523,1.);
#5523 = DIRECTION('',(-0.,-0.,-1.));
#5524 = ORIENTED_EDGE('',*,*,#4362,.T.);
#5525 = ORIENTED_EDGE('',*,*,#5526,.F.);
#5526 = EDGE_CURVE('',#5527,#4365,#5529,.T.);
#5527 = VERTEX_POINT('',#5528);
#5528 = CARTESIAN_POINT('',(4.280962437092,-4.648071216617,10.));
#5529 = LINE('',#5530,#5531);
#5530 = CARTESIAN_POINT('',(4.280962437092,-4.648071216617,10.));
#5531 = VECTOR('',#5532,1.);
#5532 = DIRECTION('',(-0.,-0.,-1.));
#5533 = ORIENTED_EDGE('',*,*,#5534,.F.);
#5534 = EDGE_CURVE('',#5518,#5527,#5535,.T.);
#5535 = LINE('',#5536,#5537);
#5536 = CARTESIAN_POINT('',(3.781055167062,-4.648071216617,10.));
#5537 = VECTOR('',#5538,1.);
#5538 = DIRECTION('',(1.,0.,0.));
#5539 = PLANE('',#5540);
#5540 = AXIS2_PLACEMENT_3D('',#5541,#5542,#5543);
#5541 = CARTESIAN_POINT('',(3.781055167062,-4.648071216617,10.));
#5542 = DIRECTION('',(0.,-1.,0.));
#5543 = DIRECTION('',(1.,0.,0.));
#5544 = ADVANCED_FACE('',(#5545),#5563,.T.);
#5545 = FACE_BOUND('',#5546,.T.);
#5546 = EDGE_LOOP('',(#5547,#5555,#5556,#5557));
#5547 = ORIENTED_EDGE('',*,*,#5548,.T.);
#5548 = EDGE_CURVE('',#5549,#4373,#5551,.T.);
#5549 = VERTEX_POINT('',#5550);
#5550 = CARTESIAN_POINT('',(3.781055167062,-2.751928783383,10.));
#5551 = LINE('',#5552,#5553);
#5552 = CARTESIAN_POINT('',(3.781055167062,-2.751928783383,10.));
#5553 = VECTOR('',#5554,1.);
#5554 = DIRECTION('',(-0.,-0.,-1.));
#5555 = ORIENTED_EDGE('',*,*,#4372,.T.);
#5556 = ORIENTED_EDGE('',*,*,#5517,.F.);
#5557 = ORIENTED_EDGE('',*,*,#5558,.F.);
#5558 = EDGE_CURVE('',#5549,#5518,#5559,.T.);
#5559 = LINE('',#5560,#5561);
#5560 = CARTESIAN_POINT('',(3.781055167062,-2.751928783383,10.));
#5561 = VECTOR('',#5562,1.);
#5562 = DIRECTION('',(0.,-1.,0.));
#5563 = PLANE('',#5564);
#5564 = AXIS2_PLACEMENT_3D('',#5565,#5566,#5567);
#5565 = CARTESIAN_POINT('',(3.781055167062,-2.751928783383,10.));
#5566 = DIRECTION('',(-1.,0.,0.));
#5567 = DIRECTION('',(0.,-1.,0.));
#5568 = ADVANCED_FACE('',(#5569),#5587,.T.);
#5569 = FACE_BOUND('',#5570,.T.);
#5570 = EDGE_LOOP('',(#5571,#5579,#5580,#5581));
#5571 = ORIENTED_EDGE('',*,*,#5572,.T.);
#5572 = EDGE_CURVE('',#5573,#4381,#5575,.T.);
#5573 = VERTEX_POINT('',#5574);
#5574 = CARTESIAN_POINT('',(4.259541813947,-2.751928783383,10.));
#5575 = LINE('',#5576,#5577);
#5576 = CARTESIAN_POINT('',(4.259541813947,-2.751928783383,10.));
#5577 = VECTOR('',#5578,1.);
#5578 = DIRECTION('',(-0.,-0.,-1.));
#5579 = ORIENTED_EDGE('',*,*,#4380,.T.);
#5580 = ORIENTED_EDGE('',*,*,#5548,.F.);
#5581 = ORIENTED_EDGE('',*,*,#5582,.F.);
#5582 = EDGE_CURVE('',#5573,#5549,#5583,.T.);
#5583 = LINE('',#5584,#5585);
#5584 = CARTESIAN_POINT('',(4.259541813947,-2.751928783383,10.));
#5585 = VECTOR('',#5586,1.);
#5586 = DIRECTION('',(-1.,0.,0.));
#5587 = PLANE('',#5588);
#5588 = AXIS2_PLACEMENT_3D('',#5589,#5590,#5591);
#5589 = CARTESIAN_POINT('',(4.259541813947,-2.751928783383,10.));
#5590 = DIRECTION('',(0.,1.,0.));
#5591 = DIRECTION('',(-1.,0.,0.));
#5592 = ADVANCED_FACE('',(#5593),#5611,.T.);
#5593 = FACE_BOUND('',#5594,.T.);
#5594 = EDGE_LOOP('',(#5595,#5603,#5604,#5605));
#5595 = ORIENTED_EDGE('',*,*,#5596,.T.);
#5596 = EDGE_CURVE('',#5597,#4389,#5599,.T.);
#5597 = VERTEX_POINT('',#5598);
#5598 = CARTESIAN_POINT('',(4.740253980119,-2.904237759644,10.));
#5599 = LINE('',#5600,#5601);
#5600 = CARTESIAN_POINT('',(4.740253980119,-2.904237759644,10.));
#5601 = VECTOR('',#5602,1.);
#5602 = DIRECTION('',(-0.,-0.,-1.));
#5603 = ORIENTED_EDGE('',*,*,#4388,.T.);
#5604 = ORIENTED_EDGE('',*,*,#5572,.F.);
#5605 = ORIENTED_EDGE('',*,*,#5606,.F.);
#5606 = EDGE_CURVE('',#5597,#5573,#5607,.T.);
#5607 = B_SPLINE_CURVE_WITH_KNOTS('',2,(#5608,#5609,#5610),
  .UNSPECIFIED.,.F.,.F.,(3,3),(0.,1.),.PIECEWISE_BEZIER_KNOTS.);
#5608 = CARTESIAN_POINT('',(4.740253980119,-2.904237759644,10.));
#5609 = CARTESIAN_POINT('',(4.584328535015,-2.751928783383,10.));
#5610 = CARTESIAN_POINT('',(4.259541813947,-2.751928783383,10.));
#5611 = SURFACE_OF_LINEAR_EXTRUSION('',#5612,#5616);
#5612 = B_SPLINE_CURVE_WITH_KNOTS('',2,(#5613,#5614,#5615),
  .UNSPECIFIED.,.F.,.F.,(3,3),(0.,1.),.PIECEWISE_BEZIER_KNOTS.);
#5613 = CARTESIAN_POINT('',(4.740253980119,-2.904237759644,10.));
#5614 = CARTESIAN_POINT('',(4.584328535015,-2.751928783383,10.));
#5615 = CARTESIAN_POINT('',(4.259541813947,-2.751928783383,10.));
#5616 = VECTOR('',#5617,1.);
#5617 = DIRECTION('',(0.,0.,1.));
#5618 = ADVANCED_FACE('',(#5619),#5637,.T.);
#5619 = FACE_BOUND('',#5620,.T.);
#5620 = EDGE_LOOP('',(#5621,#5629,#5630,#5631));
#5621 = ORIENTED_EDGE('',*,*,#5622,.T.);
#5622 = EDGE_CURVE('',#5623,#4397,#5625,.T.);
#5623 = VERTEX_POINT('',#5624);
#5624 = CARTESIAN_POINT('',(4.904803312463,-3.378273367953,10.));
#5625 = LINE('',#5626,#5627);
#5626 = CARTESIAN_POINT('',(4.904803312463,-3.378273367953,10.));
#5627 = VECTOR('',#5628,1.);
#5628 = DIRECTION('',(-0.,-0.,-1.));
#5629 = ORIENTED_EDGE('',*,*,#4396,.T.);
#5630 = ORIENTED_EDGE('',*,*,#5596,.F.);
#5631 = ORIENTED_EDGE('',*,*,#5632,.F.);
#5632 = EDGE_CURVE('',#5623,#5597,#5633,.T.);
#5633 = B_SPLINE_CURVE_WITH_KNOTS('',2,(#5634,#5635,#5636),
  .UNSPECIFIED.,.F.,.F.,(3,3),(0.,1.),.PIECEWISE_BEZIER_KNOTS.);
#5634 = CARTESIAN_POINT('',(4.904803312463,-3.378273367953,10.));
#5635 = CARTESIAN_POINT('',(4.896318520178,-3.056546735905,10.));
#5636 = CARTESIAN_POINT('',(4.740253980119,-2.904237759644,10.));
#5637 = SURFACE_OF_LINEAR_EXTRUSION('',#5638,#5642);
#5638 = B_SPLINE_CURVE_WITH_KNOTS('',2,(#5639,#5640,#5641),
  .UNSPECIFIED.,.F.,.F.,(3,3),(0.,1.),.PIECEWISE_BEZIER_KNOTS.);
#5639 = CARTESIAN_POINT('',(4.904803312463,-3.378273367953,10.));
#5640 = CARTESIAN_POINT('',(4.896318520178,-3.056546735905,10.));
#5641 = CARTESIAN_POINT('',(4.740253980119,-2.904237759644,10.));
#5642 = VECTOR('',#5643,1.);
#5643 = DIRECTION('',(0.,0.,1.));
#5644 = ADVANCED_FACE('',(#5645),#5663,.T.);
#5645 = FACE_BOUND('',#5646,.T.);
#5646 = EDGE_LOOP('',(#5647,#5655,#5656,#5657));
#5647 = ORIENTED_EDGE('',*,*,#5648,.T.);
#5648 = EDGE_CURVE('',#5649,#4405,#5651,.T.);
#5649 = VERTEX_POINT('',#5650);
#5650 = CARTESIAN_POINT('',(4.911201680415,-3.597069732938,10.));
#5651 = LINE('',#5652,#5653);
#5652 = CARTESIAN_POINT('',(4.911201680415,-3.597069732938,10.));
#5653 = VECTOR('',#5654,1.);
#5654 = DIRECTION('',(-0.,-0.,-1.));
#5655 = ORIENTED_EDGE('',*,*,#4404,.T.);
#5656 = ORIENTED_EDGE('',*,*,#5622,.F.);
#5657 = ORIENTED_EDGE('',*,*,#5658,.F.);
#5658 = EDGE_CURVE('',#5649,#5623,#5659,.T.);
#5659 = B_SPLINE_CURVE_WITH_KNOTS('',2,(#5660,#5661,#5662),
  .UNSPECIFIED.,.F.,.F.,(3,3),(0.,1.),.PIECEWISE_BEZIER_KNOTS.);
#5660 = CARTESIAN_POINT('',(4.911201680415,-3.597069732938,10.));
#5661 = CARTESIAN_POINT('',(4.909115256083,-3.498451409496,10.));
#5662 = CARTESIAN_POINT('',(4.904803312463,-3.378273367953,10.));
#5663 = SURFACE_OF_LINEAR_EXTRUSION('',#5664,#5668);
#5664 = B_SPLINE_CURVE_WITH_KNOTS('',2,(#5665,#5666,#5667),
  .UNSPECIFIED.,.F.,.F.,(3,3),(0.,1.),.PIECEWISE_BEZIER_KNOTS.);
#5665 = CARTESIAN_POINT('',(4.911201680415,-3.597069732938,10.));
#5666 = CARTESIAN_POINT('',(4.909115256083,-3.498451409496,10.));
#5667 = CARTESIAN_POINT('',(4.904803312463,-3.378273367953,10.));
#5668 = VECTOR('',#5669,1.);
#5669 = DIRECTION('',(0.,0.,1.));
#5670 = ADVANCED_FACE('',(#5671),#5689,.T.);
#5671 = FACE_BOUND('',#5672,.T.);
#5672 = EDGE_LOOP('',(#5673,#5681,#5682,#5683));
#5673 = ORIENTED_EDGE('',*,*,#5674,.T.);
#5674 = EDGE_CURVE('',#5675,#4413,#5677,.T.);
#5675 = VERTEX_POINT('',#5676);
#5676 = CARTESIAN_POINT('',(4.911201680415,-3.794445474777,10.));
#5677 = LINE('',#5678,#5679);
#5678 = CARTESIAN_POINT('',(4.911201680415,-3.794445474777,10.));
#5679 = VECTOR('',#5680,1.);
#5680 = DIRECTION('',(-0.,-0.,-1.));
#5681 = ORIENTED_EDGE('',*,*,#4412,.T.);
#5682 = ORIENTED_EDGE('',*,*,#5648,.F.);
#5683 = ORIENTED_EDGE('',*,*,#5684,.F.);
#5684 = EDGE_CURVE('',#5675,#5649,#5685,.T.);
#5685 = B_SPLINE_CURVE_WITH_KNOTS('',2,(#5686,#5687,#5688),
  .UNSPECIFIED.,.F.,.F.,(3,3),(0.,1.),.PIECEWISE_BEZIER_KNOTS.);
#5686 = CARTESIAN_POINT('',(4.911201680415,-3.794445474777,10.));
#5687 = CARTESIAN_POINT('',(4.913427199703,-3.69568805638,10.));
#5688 = CARTESIAN_POINT('',(4.911201680415,-3.597069732938,10.));
#5689 = SURFACE_OF_LINEAR_EXTRUSION('',#5690,#5694);
#5690 = B_SPLINE_CURVE_WITH_KNOTS('',2,(#5691,#5692,#5693),
  .UNSPECIFIED.,.F.,.F.,(3,3),(0.,1.),.PIECEWISE_BEZIER_KNOTS.);
#5691 = CARTESIAN_POINT('',(4.911201680415,-3.794445474777,10.));
#5692 = CARTESIAN_POINT('',(4.913427199703,-3.69568805638,10.));
#5693 = CARTESIAN_POINT('',(4.911201680415,-3.597069732938,10.));
#5694 = VECTOR('',#5695,1.);
#5695 = DIRECTION('',(0.,0.,1.));
#5696 = ADVANCED_FACE('',(#5697),#5715,.T.);
#5697 = FACE_BOUND('',#5698,.T.);
#5698 = EDGE_LOOP('',(#5699,#5707,#5708,#5709));
#5699 = ORIENTED_EDGE('',*,*,#5700,.T.);
#5700 = EDGE_CURVE('',#5701,#4421,#5703,.T.);
#5701 = VERTEX_POINT('',#5702);
#5702 = CARTESIAN_POINT('',(4.904803312463,-4.017414688427,10.));
#5703 = LINE('',#5704,#5705);
#5704 = CARTESIAN_POINT('',(4.904803312463,-4.017414688427,10.));
#5705 = VECTOR('',#5706,1.);
#5706 = DIRECTION('',(-0.,-0.,-1.));
#5707 = ORIENTED_EDGE('',*,*,#4420,.T.);
#5708 = ORIENTED_EDGE('',*,*,#5674,.F.);
#5709 = ORIENTED_EDGE('',*,*,#5710,.F.);
#5710 = EDGE_CURVE('',#5701,#5675,#5711,.T.);
#5711 = B_SPLINE_CURVE_WITH_KNOTS('',2,(#5712,#5713,#5714),
  .UNSPECIFIED.,.F.,.F.,(3,3),(0.,1.),.PIECEWISE_BEZIER_KNOTS.);
#5712 = CARTESIAN_POINT('',(4.904803312463,-4.017414688427,10.));
#5713 = CARTESIAN_POINT('',(4.909115256083,-3.89306379822,10.));
#5714 = CARTESIAN_POINT('',(4.911201680415,-3.794445474777,10.));
#5715 = SURFACE_OF_LINEAR_EXTRUSION('',#5716,#5720);
#5716 = B_SPLINE_CURVE_WITH_KNOTS('',2,(#5717,#5718,#5719),
  .UNSPECIFIED.,.F.,.F.,(3,3),(0.,1.),.PIECEWISE_BEZIER_KNOTS.);
#5717 = CARTESIAN_POINT('',(4.904803312463,-4.017414688427,10.));
#5718 = CARTESIAN_POINT('',(4.909115256083,-3.89306379822,10.));
#5719 = CARTESIAN_POINT('',(4.911201680415,-3.794445474777,10.));
#5720 = VECTOR('',#5721,1.);
#5721 = DIRECTION('',(0.,0.,1.));
#5722 = ADVANCED_FACE('',(#5723),#5741,.T.);
#5723 = FACE_BOUND('',#5724,.T.);
#5724 = EDGE_LOOP('',(#5725,#5733,#5734,#5735));
#5725 = ORIENTED_EDGE('',*,*,#5726,.T.);
#5726 = EDGE_CURVE('',#5727,#4429,#5729,.T.);
#5727 = VERTEX_POINT('',#5728);
#5728 = CARTESIAN_POINT('',(4.83428217003,-4.380035237389,10.));
#5729 = LINE('',#5730,#5731);
#5730 = CARTESIAN_POINT('',(4.83428217003,-4.380035237389,10.));
#5731 = VECTOR('',#5732,1.);
#5732 = DIRECTION('',(-0.,-0.,-1.));
#5733 = ORIENTED_EDGE('',*,*,#4428,.T.);
#5734 = ORIENTED_EDGE('',*,*,#5700,.F.);
#5735 = ORIENTED_EDGE('',*,*,#5736,.F.);
#5736 = EDGE_CURVE('',#5727,#5701,#5737,.T.);
#5737 = B_SPLINE_CURVE_WITH_KNOTS('',2,(#5738,#5739,#5740),
  .UNSPECIFIED.,.F.,.F.,(3,3),(0.,1.),.PIECEWISE_BEZIER_KNOTS.);
#5738 = CARTESIAN_POINT('',(4.83428217003,-4.380035237389,10.));
#5739 = CARTESIAN_POINT('',(4.900491368843,-4.240522997033,10.));
#5740 = CARTESIAN_POINT('',(4.904803312463,-4.017414688427,10.));
#5741 = SURFACE_OF_LINEAR_EXTRUSION('',#5742,#5746);
#5742 = B_SPLINE_CURVE_WITH_KNOTS('',2,(#5743,#5744,#5745),
  .UNSPECIFIED.,.F.,.F.,(3,3),(0.,1.),.PIECEWISE_BEZIER_KNOTS.);
#5743 = CARTESIAN_POINT('',(4.83428217003,-4.380035237389,10.));
#5744 = CARTESIAN_POINT('',(4.900491368843,-4.240522997033,10.));
#5745 = CARTESIAN_POINT('',(4.904803312463,-4.017414688427,10.));
#5746 = VECTOR('',#5747,1.);
#5747 = DIRECTION('',(0.,0.,1.));
#5748 = ADVANCED_FACE('',(#5749),#5767,.T.);
#5749 = FACE_BOUND('',#5750,.T.);
#5750 = EDGE_LOOP('',(#5751,#5759,#5760,#5761));
#5751 = ORIENTED_EDGE('',*,*,#5752,.T.);
#5752 = EDGE_CURVE('',#5753,#4437,#5755,.T.);
#5753 = VERTEX_POINT('',#5754);
#5754 = CARTESIAN_POINT('',(4.63134262997,-4.583809347181,10.));
#5755 = LINE('',#5756,#5757);
#5756 = CARTESIAN_POINT('',(4.63134262997,-4.583809347181,10.));
#5757 = VECTOR('',#5758,1.);
#5758 = DIRECTION('',(-0.,-0.,-1.));
#5759 = ORIENTED_EDGE('',*,*,#4436,.T.);
#5760 = ORIENTED_EDGE('',*,*,#5726,.F.);
#5761 = ORIENTED_EDGE('',*,*,#5762,.F.);
#5762 = EDGE_CURVE('',#5753,#5727,#5763,.T.);
#5763 = B_SPLINE_CURVE_WITH_KNOTS('',2,(#5764,#5765,#5766),
  .UNSPECIFIED.,.F.,.F.,(3,3),(0.,1.),.PIECEWISE_BEZIER_KNOTS.);
#5764 = CARTESIAN_POINT('',(4.63134262997,-4.583809347181,10.));
#5765 = CARTESIAN_POINT('',(4.768072971217,-4.519408382789,10.));
#5766 = CARTESIAN_POINT('',(4.83428217003,-4.380035237389,10.));
#5767 = SURFACE_OF_LINEAR_EXTRUSION('',#5768,#5772);
#5768 = B_SPLINE_CURVE_WITH_KNOTS('',2,(#5769,#5770,#5771),
  .UNSPECIFIED.,.F.,.F.,(3,3),(0.,1.),.PIECEWISE_BEZIER_KNOTS.);
#5769 = CARTESIAN_POINT('',(4.63134262997,-4.583809347181,10.));
#5770 = CARTESIAN_POINT('',(4.768072971217,-4.519408382789,10.));
#5771 = CARTESIAN_POINT('',(4.83428217003,-4.380035237389,10.));
#5772 = VECTOR('',#5773,1.);
#5773 = DIRECTION('',(0.,0.,1.));
#5774 = ADVANCED_FACE('',(#5775),#5786,.T.);
#5775 = FACE_BOUND('',#5776,.T.);
#5776 = EDGE_LOOP('',(#5777,#5778,#5779,#5780));
#5777 = ORIENTED_EDGE('',*,*,#5526,.T.);
#5778 = ORIENTED_EDGE('',*,*,#4444,.T.);
#5779 = ORIENTED_EDGE('',*,*,#5752,.F.);
#5780 = ORIENTED_EDGE('',*,*,#5781,.F.);
#5781 = EDGE_CURVE('',#5527,#5753,#5782,.T.);
#5782 = B_SPLINE_CURVE_WITH_KNOTS('',2,(#5783,#5784,#5785),
  .UNSPECIFIED.,.F.,.F.,(3,3),(0.,1.),.PIECEWISE_BEZIER_KNOTS.);
#5783 = CARTESIAN_POINT('',(4.280962437092,-4.648071216617,10.));
#5784 = CARTESIAN_POINT('',(4.494612288724,-4.648071216617,10.));
#5785 = CARTESIAN_POINT('',(4.63134262997,-4.583809347181,10.));
#5786 = SURFACE_OF_LINEAR_EXTRUSION('',#5787,#5791);
#5787 = B_SPLINE_CURVE_WITH_KNOTS('',2,(#5788,#5789,#5790),
  .UNSPECIFIED.,.F.,.F.,(3,3),(0.,1.),.PIECEWISE_BEZIER_KNOTS.);
#5788 = CARTESIAN_POINT('',(4.280962437092,-4.648071216617,10.));
#5789 = CARTESIAN_POINT('',(4.494612288724,-4.648071216617,10.));
#5790 = CARTESIAN_POINT('',(4.63134262997,-4.583809347181,10.));
#5791 = VECTOR('',#5792,1.);
#5792 = DIRECTION('',(0.,0.,1.));
#5793 = ADVANCED_FACE('',(#5794),#5819,.T.);
#5794 = FACE_BOUND('',#5795,.T.);
#5795 = EDGE_LOOP('',(#5796,#5804,#5805,#5813));
#5796 = ORIENTED_EDGE('',*,*,#5797,.T.);
#5797 = EDGE_CURVE('',#5798,#4479,#5800,.T.);
#5798 = VERTEX_POINT('',#5799);
#5799 = CARTESIAN_POINT('',(-3.170919781306,0.646884272997,10.));
#5800 = LINE('',#5801,#5802);
#5801 = CARTESIAN_POINT('',(-3.170919781306,0.646884272997,10.));
#5802 = VECTOR('',#5803,1.);
#5803 = DIRECTION('',(-0.,-0.,-1.));
#5804 = ORIENTED_EDGE('',*,*,#4478,.T.);
#5805 = ORIENTED_EDGE('',*,*,#5806,.F.);
#5806 = EDGE_CURVE('',#5807,#4481,#5809,.T.);
#5807 = VERTEX_POINT('',#5808);
#5808 = CARTESIAN_POINT('',(-2.057047377745,0.646884272997,10.));
#5809 = LINE('',#5810,#5811);
#5810 = CARTESIAN_POINT('',(-2.057047377745,0.646884272997,10.));
#5811 = VECTOR('',#5812,1.);
#5812 = DIRECTION('',(-0.,-0.,-1.));
#5813 = ORIENTED_EDGE('',*,*,#5814,.F.);
#5814 = EDGE_CURVE('',#5798,#5807,#5815,.T.);
#5815 = LINE('',#5816,#5817);
#5816 = CARTESIAN_POINT('',(-3.170919781306,0.646884272997,10.));
#5817 = VECTOR('',#5818,1.);
#5818 = DIRECTION('',(1.,0.,0.));
#5819 = PLANE('',#5820);
#5820 = AXIS2_PLACEMENT_3D('',#5821,#5822,#5823);
#5821 = CARTESIAN_POINT('',(-3.170919781306,0.646884272997,10.));
#5822 = DIRECTION('',(0.,-1.,0.));
#5823 = DIRECTION('',(1.,0.,0.));
#5824 = ADVANCED_FACE('',(#5825),#5843,.T.);
#5825 = FACE_BOUND('',#5826,.T.);
#5826 = EDGE_LOOP('',(#5827,#5835,#5836,#5837));
#5827 = ORIENTED_EDGE('',*,*,#5828,.T.);
#5828 = EDGE_CURVE('',#5829,#4489,#5831,.T.);
#5829 = VERTEX_POINT('',#5830);
#5830 = CARTESIAN_POINT('',(-3.170919781306,1.959643916914,10.));
#5831 = LINE('',#5832,#5833);
#5832 = CARTESIAN_POINT('',(-3.170919781306,1.959643916914,10.));
#5833 = VECTOR('',#5834,1.);
#5834 = DIRECTION('',(-0.,-0.,-1.));
#5835 = ORIENTED_EDGE('',*,*,#4488,.T.);
#5836 = ORIENTED_EDGE('',*,*,#5797,.F.);
#5837 = ORIENTED_EDGE('',*,*,#5838,.F.);
#5838 = EDGE_CURVE('',#5829,#5798,#5839,.T.);
#5839 = LINE('',#5840,#5841);
#5840 = CARTESIAN_POINT('',(-3.170919781306,1.959643916914,10.));
#5841 = VECTOR('',#5842,1.);
#5842 = DIRECTION('',(0.,-1.,0.));
#5843 = PLANE('',#5844);
#5844 = AXIS2_PLACEMENT_3D('',#5845,#5846,#5847);
#5845 = CARTESIAN_POINT('',(-3.170919781306,1.959643916914,10.));
#5846 = DIRECTION('',(-1.,0.,0.));
#5847 = DIRECTION('',(0.,-1.,0.));
#5848 = ADVANCED_FACE('',(#5849),#5867,.T.);
#5849 = FACE_BOUND('',#5850,.T.);
#5850 = EDGE_LOOP('',(#5851,#5859,#5860,#5861));
#5851 = ORIENTED_EDGE('',*,*,#5852,.T.);
#5852 = EDGE_CURVE('',#5853,#4497,#5855,.T.);
#5853 = VERTEX_POINT('',#5854);
#5854 = CARTESIAN_POINT('',(-2.057047377745,1.959643916914,10.));
#5855 = LINE('',#5856,#5857);
#5856 = CARTESIAN_POINT('',(-2.057047377745,1.959643916914,10.));
#5857 = VECTOR('',#5858,1.);
#5858 = DIRECTION('',(-0.,-0.,-1.));
#5859 = ORIENTED_EDGE('',*,*,#4496,.T.);
#5860 = ORIENTED_EDGE('',*,*,#5828,.F.);
#5861 = ORIENTED_EDGE('',*,*,#5862,.F.);
#5862 = EDGE_CURVE('',#5853,#5829,#5863,.T.);
#5863 = LINE('',#5864,#5865);
#5864 = CARTESIAN_POINT('',(-2.057047377745,1.959643916914,10.));
#5865 = VECTOR('',#5866,1.);
#5866 = DIRECTION('',(-1.,0.,0.));
#5867 = PLANE('',#5868);
#5868 = AXIS2_PLACEMENT_3D('',#5869,#5870,#5871);
#5869 = CARTESIAN_POINT('',(-2.057047377745,1.959643916914,10.));
#5870 = DIRECTION('',(0.,1.,0.));
#5871 = DIRECTION('',(-1.,0.,0.));
#5872 = ADVANCED_FACE('',(#5873),#5891,.T.);
#5873 = FACE_BOUND('',#5874,.T.);
#5874 = EDGE_LOOP('',(#5875,#5883,#5884,#5885));
#5875 = ORIENTED_EDGE('',*,*,#5876,.T.);
#5876 = EDGE_CURVE('',#5877,#4505,#5879,.T.);
#5877 = VERTEX_POINT('',#5878);
#5878 = CARTESIAN_POINT('',(-1.540096339169,1.768545994065,10.));
#5879 = LINE('',#5880,#5881);
#5880 = CARTESIAN_POINT('',(-1.540096339169,1.768545994065,10.));
#5881 = VECTOR('',#5882,1.);
#5882 = DIRECTION('',(-0.,-0.,-1.));
#5883 = ORIENTED_EDGE('',*,*,#4504,.T.);
#5884 = ORIENTED_EDGE('',*,*,#5852,.F.);
#5885 = ORIENTED_EDGE('',*,*,#5886,.F.);
#5886 = EDGE_CURVE('',#5877,#5853,#5887,.T.);
#5887 = B_SPLINE_CURVE_WITH_KNOTS('',2,(#5888,#5889,#5890),
  .UNSPECIFIED.,.F.,.F.,(3,3),(0.,1.),.PIECEWISE_BEZIER_KNOTS.);
#5888 = CARTESIAN_POINT('',(-1.540096339169,1.768545994065,10.));
#5889 = CARTESIAN_POINT('',(-1.720548861424,1.959643916914,10.));
#5890 = CARTESIAN_POINT('',(-2.057047377745,1.959643916914,10.));
#5891 = SURFACE_OF_LINEAR_EXTRUSION('',#5892,#5896);
#5892 = B_SPLINE_CURVE_WITH_KNOTS('',2,(#5893,#5894,#5895),
  .UNSPECIFIED.,.F.,.F.,(3,3),(0.,1.),.PIECEWISE_BEZIER_KNOTS.);
#5893 = CARTESIAN_POINT('',(-1.540096339169,1.768545994065,10.));
#5894 = CARTESIAN_POINT('',(-1.720548861424,1.959643916914,10.));
#5895 = CARTESIAN_POINT('',(-2.057047377745,1.959643916914,10.));
#5896 = VECTOR('',#5897,1.);
#5897 = DIRECTION('',(0.,0.,1.));
#5898 = ADVANCED_FACE('',(#5899),#5917,.T.);
#5899 = FACE_BOUND('',#5900,.T.);
#5900 = EDGE_LOOP('',(#5901,#5909,#5910,#5911));
#5901 = ORIENTED_EDGE('',*,*,#5902,.T.);
#5902 = EDGE_CURVE('',#5903,#4513,#5905,.T.);
#5903 = VERTEX_POINT('',#5904);
#5904 = CARTESIAN_POINT('',(-1.359643816914,1.299369436202,10.));
#5905 = LINE('',#5906,#5907);
#5906 = CARTESIAN_POINT('',(-1.359643816914,1.299369436202,10.));
#5907 = VECTOR('',#5908,1.);
#5908 = DIRECTION('',(-0.,-0.,-1.));
#5909 = ORIENTED_EDGE('',*,*,#4512,.T.);
#5910 = ORIENTED_EDGE('',*,*,#5876,.F.);
#5911 = ORIENTED_EDGE('',*,*,#5912,.F.);
#5912 = EDGE_CURVE('',#5903,#5877,#5913,.T.);
#5913 = B_SPLINE_CURVE_WITH_KNOTS('',2,(#5914,#5915,#5916),
  .UNSPECIFIED.,.F.,.F.,(3,3),(0.,1.),.PIECEWISE_BEZIER_KNOTS.);
#5914 = CARTESIAN_POINT('',(-1.359643816914,1.299369436202,10.));
#5915 = CARTESIAN_POINT('',(-1.359643816914,1.577707715134,10.));
#5916 = CARTESIAN_POINT('',(-1.540096339169,1.768545994065,10.));
#5917 = SURFACE_OF_LINEAR_EXTRUSION('',#5918,#5922);
#5918 = B_SPLINE_CURVE_WITH_KNOTS('',2,(#5919,#5920,#5921),
  .UNSPECIFIED.,.F.,.F.,(3,3),(0.,1.),.PIECEWISE_BEZIER_KNOTS.);
#5919 = CARTESIAN_POINT('',(-1.359643816914,1.299369436202,10.));
#5920 = CARTESIAN_POINT('',(-1.359643816914,1.577707715134,10.));
#5921 = CARTESIAN_POINT('',(-1.540096339169,1.768545994065,10.));
#5922 = VECTOR('',#5923,1.);
#5923 = DIRECTION('',(0.,0.,1.));
#5924 = ADVANCED_FACE('',(#5925),#5943,.T.);
#5925 = FACE_BOUND('',#5926,.T.);
#5926 = EDGE_LOOP('',(#5927,#5935,#5936,#5937));
#5927 = ORIENTED_EDGE('',*,*,#5928,.T.);
#5928 = EDGE_CURVE('',#5929,#4521,#5931,.T.);
#5929 = VERTEX_POINT('',#5930);
#5930 = CARTESIAN_POINT('',(-1.535942036499,0.845771513353,10.));
#5931 = LINE('',#5932,#5933);
#5932 = CARTESIAN_POINT('',(-1.535942036499,0.845771513353,10.));
#5933 = VECTOR('',#5934,1.);
#5934 = DIRECTION('',(-0.,-0.,-1.));
#5935 = ORIENTED_EDGE('',*,*,#4520,.T.);
#5936 = ORIENTED_EDGE('',*,*,#5902,.F.);
#5937 = ORIENTED_EDGE('',*,*,#5938,.F.);
#5938 = EDGE_CURVE('',#5929,#5903,#5939,.T.);
#5939 = B_SPLINE_CURVE_WITH_KNOTS('',2,(#5940,#5941,#5942),
  .UNSPECIFIED.,.F.,.F.,(3,3),(0.,1.),.PIECEWISE_BEZIER_KNOTS.);
#5940 = CARTESIAN_POINT('',(-1.535942036499,0.845771513353,10.));
#5941 = CARTESIAN_POINT('',(-1.359643816914,1.044658753709,10.));
#5942 = CARTESIAN_POINT('',(-1.359643816914,1.299369436202,10.));
#5943 = SURFACE_OF_LINEAR_EXTRUSION('',#5944,#5948);
#5944 = B_SPLINE_CURVE_WITH_KNOTS('',2,(#5945,#5946,#5947),
  .UNSPECIFIED.,.F.,.F.,(3,3),(0.,1.),.PIECEWISE_BEZIER_KNOTS.);
#5945 = CARTESIAN_POINT('',(-1.535942036499,0.845771513353,10.));
#5946 = CARTESIAN_POINT('',(-1.359643816914,1.044658753709,10.));
#5947 = CARTESIAN_POINT('',(-1.359643816914,1.299369436202,10.));
#5948 = VECTOR('',#5949,1.);
#5949 = DIRECTION('',(0.,0.,1.));
#5950 = ADVANCED_FACE('',(#5951),#5962,.T.);
#5951 = FACE_BOUND('',#5952,.T.);
#5952 = EDGE_LOOP('',(#5953,#5954,#5955,#5956));
#5953 = ORIENTED_EDGE('',*,*,#5806,.T.);
#5954 = ORIENTED_EDGE('',*,*,#4528,.T.);
#5955 = ORIENTED_EDGE('',*,*,#5928,.F.);
#5956 = ORIENTED_EDGE('',*,*,#5957,.F.);
#5957 = EDGE_CURVE('',#5807,#5929,#5958,.T.);
#5958 = B_SPLINE_CURVE_WITH_KNOTS('',2,(#5959,#5960,#5961),
  .UNSPECIFIED.,.F.,.F.,(3,3),(0.,1.),.PIECEWISE_BEZIER_KNOTS.);
#5959 = CARTESIAN_POINT('',(-2.057047377745,0.646884272997,10.));
#5960 = CARTESIAN_POINT('',(-1.712240256083,0.646884272997,10.));
#5961 = CARTESIAN_POINT('',(-1.535942036499,0.845771513353,10.));
#5962 = SURFACE_OF_LINEAR_EXTRUSION('',#5963,#5967);
#5963 = B_SPLINE_CURVE_WITH_KNOTS('',2,(#5964,#5965,#5966),
  .UNSPECIFIED.,.F.,.F.,(3,3),(0.,1.),.PIECEWISE_BEZIER_KNOTS.);
#5964 = CARTESIAN_POINT('',(-2.057047377745,0.646884272997,10.));
#5965 = CARTESIAN_POINT('',(-1.712240256083,0.646884272997,10.));
#5966 = CARTESIAN_POINT('',(-1.535942036499,0.845771513353,10.));
#5967 = VECTOR('',#5968,1.);
#5968 = DIRECTION('',(0.,0.,1.));
#5969 = ADVANCED_FACE('',(#5970),#5995,.T.);
#5970 = FACE_BOUND('',#5971,.T.);
#5971 = EDGE_LOOP('',(#5972,#5980,#5981,#5989));
#5972 = ORIENTED_EDGE('',*,*,#5973,.T.);
#5973 = EDGE_CURVE('',#5974,#4537,#5976,.T.);
#5974 = VERTEX_POINT('',#5975);
#5975 = CARTESIAN_POINT('',(-3.170919781306,2.973293768546,10.));
#5976 = LINE('',#5977,#5978);
#5977 = CARTESIAN_POINT('',(-3.170919781306,2.973293768546,10.));
#5978 = VECTOR('',#5979,1.);
#5979 = DIRECTION('',(-0.,-0.,-1.));
#5980 = ORIENTED_EDGE('',*,*,#4536,.T.);
#5981 = ORIENTED_EDGE('',*,*,#5982,.F.);
#5982 = EDGE_CURVE('',#5983,#4539,#5985,.T.);
#5983 = VERTEX_POINT('',#5984);
#5984 = CARTESIAN_POINT('',(-2.131565181899,2.973293768546,10.));
#5985 = LINE('',#5986,#5987);
#5986 = CARTESIAN_POINT('',(-2.131565181899,2.973293768546,10.));
#5987 = VECTOR('',#5988,1.);
#5988 = DIRECTION('',(-0.,-0.,-1.));
#5989 = ORIENTED_EDGE('',*,*,#5990,.F.);
#5990 = EDGE_CURVE('',#5974,#5983,#5991,.T.);
#5991 = LINE('',#5992,#5993);
#5992 = CARTESIAN_POINT('',(-3.170919781306,2.973293768546,10.));
#5993 = VECTOR('',#5994,1.);
#5994 = DIRECTION('',(1.,0.,0.));
#5995 = PLANE('',#5996);
#5996 = AXIS2_PLACEMENT_3D('',#5997,#5998,#5999);
#5997 = CARTESIAN_POINT('',(-3.170919781306,2.973293768546,10.));
#5998 = DIRECTION('',(0.,-1.,0.));
#5999 = DIRECTION('',(1.,0.,0.));
#6000 = ADVANCED_FACE('',(#6001),#6019,.T.);
#6001 = FACE_BOUND('',#6002,.T.);
#6002 = EDGE_LOOP('',(#6003,#6011,#6012,#6013));
#6003 = ORIENTED_EDGE('',*,*,#6004,.T.);
#6004 = EDGE_CURVE('',#6005,#4547,#6007,.T.);
#6005 = VERTEX_POINT('',#6006);
#6006 = CARTESIAN_POINT('',(-3.170919781306,4.153115727003,10.));
#6007 = LINE('',#6008,#6009);
#6008 = CARTESIAN_POINT('',(-3.170919781306,4.153115727003,10.));
#6009 = VECTOR('',#6010,1.);
#6010 = DIRECTION('',(-0.,-0.,-1.));
#6011 = ORIENTED_EDGE('',*,*,#4546,.T.);
#6012 = ORIENTED_EDGE('',*,*,#5973,.F.);
#6013 = ORIENTED_EDGE('',*,*,#6014,.F.);
#6014 = EDGE_CURVE('',#6005,#5974,#6015,.T.);
#6015 = LINE('',#6016,#6017);
#6016 = CARTESIAN_POINT('',(-3.170919781306,4.153115727003,10.));
#6017 = VECTOR('',#6018,1.);
#6018 = DIRECTION('',(0.,-1.,0.));
#6019 = PLANE('',#6020);
#6020 = AXIS2_PLACEMENT_3D('',#6021,#6022,#6023);
#6021 = CARTESIAN_POINT('',(-3.170919781306,4.153115727003,10.));
#6022 = DIRECTION('',(-1.,0.,0.));
#6023 = DIRECTION('',(0.,-1.,0.));
#6024 = ADVANCED_FACE('',(#6025),#6043,.T.);
#6025 = FACE_BOUND('',#6026,.T.);
#6026 = EDGE_LOOP('',(#6027,#6035,#6036,#6037));
#6027 = ORIENTED_EDGE('',*,*,#6028,.T.);
#6028 = EDGE_CURVE('',#6029,#4555,#6031,.T.);
#6029 = VERTEX_POINT('',#6030);
#6030 = CARTESIAN_POINT('',(-2.131565181899,4.153115727003,10.));
#6031 = LINE('',#6032,#6033);
#6032 = CARTESIAN_POINT('',(-2.131565181899,4.153115727003,10.));
#6033 = VECTOR('',#6034,1.);
#6034 = DIRECTION('',(-0.,-0.,-1.));
#6035 = ORIENTED_EDGE('',*,*,#4554,.T.);
#6036 = ORIENTED_EDGE('',*,*,#6004,.F.);
#6037 = ORIENTED_EDGE('',*,*,#6038,.F.);
#6038 = EDGE_CURVE('',#6029,#6005,#6039,.T.);
#6039 = LINE('',#6040,#6041);
#6040 = CARTESIAN_POINT('',(-2.131565181899,4.153115727003,10.));
#6041 = VECTOR('',#6042,1.);
#6042 = DIRECTION('',(-1.,0.,0.));
#6043 = PLANE('',#6044);
#6044 = AXIS2_PLACEMENT_3D('',#6045,#6046,#6047);
#6045 = CARTESIAN_POINT('',(-2.131565181899,4.153115727003,10.));
#6046 = DIRECTION('',(0.,1.,0.));
#6047 = DIRECTION('',(-1.,0.,0.));
#6048 = ADVANCED_FACE('',(#6049),#6067,.T.);
#6049 = FACE_BOUND('',#6050,.T.);
#6050 = EDGE_LOOP('',(#6051,#6059,#6060,#6061));
#6051 = ORIENTED_EDGE('',*,*,#6052,.T.);
#6052 = EDGE_CURVE('',#6053,#4563,#6055,.T.);
#6053 = VERTEX_POINT('',#6054);
#6054 = CARTESIAN_POINT('',(-1.640059247181,3.989799703264,10.));
#6055 = LINE('',#6056,#6057);
#6056 = CARTESIAN_POINT('',(-1.640059247181,3.989799703264,10.));
#6057 = VECTOR('',#6058,1.);
#6058 = DIRECTION('',(-0.,-0.,-1.));
#6059 = ORIENTED_EDGE('',*,*,#4562,.T.);
#6060 = ORIENTED_EDGE('',*,*,#6028,.F.);
#6061 = ORIENTED_EDGE('',*,*,#6062,.F.);
#6062 = EDGE_CURVE('',#6053,#6029,#6063,.T.);
#6063 = B_SPLINE_CURVE_WITH_KNOTS('',2,(#6064,#6065,#6066),
  .UNSPECIFIED.,.F.,.F.,(3,3),(0.,1.),.PIECEWISE_BEZIER_KNOTS.);
#6064 = CARTESIAN_POINT('',(-1.640059247181,3.989799703264,10.));
#6065 = CARTESIAN_POINT('',(-1.803894558754,4.153115727003,10.));
#6066 = CARTESIAN_POINT('',(-2.131565181899,4.153115727003,10.));
#6067 = SURFACE_OF_LINEAR_EXTRUSION('',#6068,#6072);
#6068 = B_SPLINE_CURVE_WITH_KNOTS('',2,(#6069,#6070,#6071),
  .UNSPECIFIED.,.F.,.F.,(3,3),(0.,1.),.PIECEWISE_BEZIER_KNOTS.);
#6069 = CARTESIAN_POINT('',(-1.640059247181,3.989799703264,10.));
#6070 = CARTESIAN_POINT('',(-1.803894558754,4.153115727003,10.));
#6071 = CARTESIAN_POINT('',(-2.131565181899,4.153115727003,10.));
#6072 = VECTOR('',#6073,1.);
#6073 = DIRECTION('',(0.,0.,1.));
#6074 = ADVANCED_FACE('',(#6075),#6093,.T.);
#6075 = FACE_BOUND('',#6076,.T.);
#6076 = EDGE_LOOP('',(#6077,#6085,#6086,#6087));
#6077 = ORIENTED_EDGE('',*,*,#6078,.T.);
#6078 = EDGE_CURVE('',#6079,#4571,#6081,.T.);
#6079 = VERTEX_POINT('',#6080);
#6080 = CARTESIAN_POINT('',(-1.475964291691,3.570994065282,10.));
#6081 = LINE('',#6082,#6083);
#6082 = CARTESIAN_POINT('',(-1.475964291691,3.570994065282,10.));
#6083 = VECTOR('',#6084,1.);
#6084 = DIRECTION('',(-0.,-0.,-1.));
#6085 = ORIENTED_EDGE('',*,*,#4570,.T.);
#6086 = ORIENTED_EDGE('',*,*,#6052,.F.);
#6087 = ORIENTED_EDGE('',*,*,#6088,.F.);
#6088 = EDGE_CURVE('',#6079,#6053,#6089,.T.);
#6089 = B_SPLINE_CURVE_WITH_KNOTS('',2,(#6090,#6091,#6092),
  .UNSPECIFIED.,.F.,.F.,(3,3),(0.,1.),.PIECEWISE_BEZIER_KNOTS.);
#6090 = CARTESIAN_POINT('',(-1.475964291691,3.570994065282,10.));
#6091 = CARTESIAN_POINT('',(-1.475964291691,3.826483679525,10.));
#6092 = CARTESIAN_POINT('',(-1.640059247181,3.989799703264,10.));
#6093 = SURFACE_OF_LINEAR_EXTRUSION('',#6094,#6098);
#6094 = B_SPLINE_CURVE_WITH_KNOTS('',2,(#6095,#6096,#6097),
  .UNSPECIFIED.,.F.,.F.,(3,3),(0.,1.),.PIECEWISE_BEZIER_KNOTS.);
#6095 = CARTESIAN_POINT('',(-1.475964291691,3.570994065282,10.));
#6096 = CARTESIAN_POINT('',(-1.475964291691,3.826483679525,10.));
#6097 = CARTESIAN_POINT('',(-1.640059247181,3.989799703264,10.));
#6098 = VECTOR('',#6099,1.);
#6099 = DIRECTION('',(0.,0.,1.));
#6100 = ADVANCED_FACE('',(#6101),#6119,.T.);
#6101 = FACE_BOUND('',#6102,.T.);
#6102 = EDGE_LOOP('',(#6103,#6111,#6112,#6113));
#6103 = ORIENTED_EDGE('',*,*,#6104,.T.);
#6104 = EDGE_CURVE('',#6105,#4579,#6107,.T.);
#6105 = VERTEX_POINT('',#6106);
#6106 = CARTESIAN_POINT('',(-1.640059247181,3.144658753709,10.));
#6107 = LINE('',#6108,#6109);
#6108 = CARTESIAN_POINT('',(-1.640059247181,3.144658753709,10.));
#6109 = VECTOR('',#6110,1.);
#6110 = DIRECTION('',(-0.,-0.,-1.));
#6111 = ORIENTED_EDGE('',*,*,#4578,.T.);
#6112 = ORIENTED_EDGE('',*,*,#6078,.F.);
#6113 = ORIENTED_EDGE('',*,*,#6114,.F.);
#6114 = EDGE_CURVE('',#6105,#6079,#6115,.T.);
#6115 = B_SPLINE_CURVE_WITH_KNOTS('',2,(#6116,#6117,#6118),
  .UNSPECIFIED.,.F.,.F.,(3,3),(0.,1.),.PIECEWISE_BEZIER_KNOTS.);
#6116 = CARTESIAN_POINT('',(-1.640059247181,3.144658753709,10.));
#6117 = CARTESIAN_POINT('',(-1.475964291691,3.316023738872,10.));
#6118 = CARTESIAN_POINT('',(-1.475964291691,3.570994065282,10.));
#6119 = SURFACE_OF_LINEAR_EXTRUSION('',#6120,#6124);
#6120 = B_SPLINE_CURVE_WITH_KNOTS('',2,(#6121,#6122,#6123),
  .UNSPECIFIED.,.F.,.F.,(3,3),(0.,1.),.PIECEWISE_BEZIER_KNOTS.);
#6121 = CARTESIAN_POINT('',(-1.640059247181,3.144658753709,10.));
#6122 = CARTESIAN_POINT('',(-1.475964291691,3.316023738872,10.));
#6123 = CARTESIAN_POINT('',(-1.475964291691,3.570994065282,10.));
#6124 = VECTOR('',#6125,1.);
#6125 = DIRECTION('',(0.,0.,1.));
#6126 = ADVANCED_FACE('',(#6127),#6138,.T.);
#6127 = FACE_BOUND('',#6128,.T.);
#6128 = EDGE_LOOP('',(#6129,#6130,#6131,#6132));
#6129 = ORIENTED_EDGE('',*,*,#5982,.T.);
#6130 = ORIENTED_EDGE('',*,*,#4586,.T.);
#6131 = ORIENTED_EDGE('',*,*,#6104,.F.);
#6132 = ORIENTED_EDGE('',*,*,#6133,.F.);
#6133 = EDGE_CURVE('',#5983,#6105,#6134,.T.);
#6134 = B_SPLINE_CURVE_WITH_KNOTS('',2,(#6135,#6136,#6137),
  .UNSPECIFIED.,.F.,.F.,(3,3),(0.,1.),.PIECEWISE_BEZIER_KNOTS.);
#6135 = CARTESIAN_POINT('',(-2.131565181899,2.973293768546,10.));
#6136 = CARTESIAN_POINT('',(-1.803894558754,2.973293768546,10.));
#6137 = CARTESIAN_POINT('',(-1.640059247181,3.144658753709,10.));
#6138 = SURFACE_OF_LINEAR_EXTRUSION('',#6139,#6143);
#6139 = B_SPLINE_CURVE_WITH_KNOTS('',2,(#6140,#6141,#6142),
  .UNSPECIFIED.,.F.,.F.,(3,3),(0.,1.),.PIECEWISE_BEZIER_KNOTS.);
#6140 = CARTESIAN_POINT('',(-2.131565181899,2.973293768546,10.));
#6141 = CARTESIAN_POINT('',(-1.803894558754,2.973293768546,10.));
#6142 = CARTESIAN_POINT('',(-1.640059247181,3.144658753709,10.));
#6143 = VECTOR('',#6144,1.);
#6144 = DIRECTION('',(0.,0.,1.));
#6145 = ADVANCED_FACE('',(#6146,#6149),#6283,.F.);
#6146 = FACE_BOUND('',#6147,.F.);
#6147 = EDGE_LOOP('',(#6148));
#6148 = ORIENTED_EDGE('',*,*,#4608,.F.);
#6149 = FACE_BOUND('',#6150,.F.);
#6150 = EDGE_LOOP('',(#6151,#6161,#6169,#6177,#6186,#6194,#6202,#6210,
    #6219,#6227,#6235,#6243,#6252,#6260,#6268,#6276));
#6151 = ORIENTED_EDGE('',*,*,#6152,.F.);
#6152 = EDGE_CURVE('',#6153,#6155,#6157,.T.);
#6153 = VERTEX_POINT('',#6154);
#6154 = CARTESIAN_POINT('',(-2.05,-0.59,2.1));
#6155 = VERTEX_POINT('',#6156);
#6156 = CARTESIAN_POINT('',(-0.88,-0.59,2.1));
#6157 = LINE('',#6158,#6159);
#6158 = CARTESIAN_POINT('',(-2.05,-0.59,2.1));
#6159 = VECTOR('',#6160,1.);
#6160 = DIRECTION('',(1.,0.,0.));
#6161 = ORIENTED_EDGE('',*,*,#6162,.F.);
#6162 = EDGE_CURVE('',#6163,#6153,#6165,.T.);
#6163 = VERTEX_POINT('',#6164);
#6164 = CARTESIAN_POINT('',(-2.05,0.58,2.1));
#6165 = LINE('',#6166,#6167);
#6166 = CARTESIAN_POINT('',(-2.05,0.58,2.1));
#6167 = VECTOR('',#6168,1.);
#6168 = DIRECTION('',(0.,-1.,0.));
#6169 = ORIENTED_EDGE('',*,*,#6170,.F.);
#6170 = EDGE_CURVE('',#6171,#6163,#6173,.T.);
#6171 = VERTEX_POINT('',#6172);
#6172 = CARTESIAN_POINT('',(-0.89,0.58,2.1));
#6173 = LINE('',#6174,#6175);
#6174 = CARTESIAN_POINT('',(-0.89,0.58,2.1));
#6175 = VECTOR('',#6176,1.);
#6176 = DIRECTION('',(-1.,0.,0.));
#6177 = ORIENTED_EDGE('',*,*,#6178,.F.);
#6178 = EDGE_CURVE('',#6179,#6171,#6181,.T.);
#6179 = VERTEX_POINT('',#6180);
#6180 = CARTESIAN_POINT('',(-0.59,0.88,2.1));
#6181 = CIRCLE('',#6182,0.3);
#6182 = AXIS2_PLACEMENT_3D('',#6183,#6184,#6185);
#6183 = CARTESIAN_POINT('',(-0.89,0.88,2.1));
#6184 = DIRECTION('',(0.,0.,-1.));
#6185 = DIRECTION('',(1.,0.,0.));
#6186 = ORIENTED_EDGE('',*,*,#6187,.F.);
#6187 = EDGE_CURVE('',#6188,#6179,#6190,.T.);
#6188 = VERTEX_POINT('',#6189);
#6189 = CARTESIAN_POINT('',(-0.59,2.05,2.1));
#6190 = LINE('',#6191,#6192);
#6191 = CARTESIAN_POINT('',(-0.59,2.05,2.1));
#6192 = VECTOR('',#6193,1.);
#6193 = DIRECTION('',(0.,-1.,0.));
#6194 = ORIENTED_EDGE('',*,*,#6195,.F.);
#6195 = EDGE_CURVE('',#6196,#6188,#6198,.T.);
#6196 = VERTEX_POINT('',#6197);
#6197 = CARTESIAN_POINT('',(0.58,2.05,2.1));
#6198 = LINE('',#6199,#6200);
#6199 = CARTESIAN_POINT('',(0.58,2.05,2.1));
#6200 = VECTOR('',#6201,1.);
#6201 = DIRECTION('',(-1.,0.,0.));
#6202 = ORIENTED_EDGE('',*,*,#6203,.F.);
#6203 = EDGE_CURVE('',#6204,#6196,#6206,.T.);
#6204 = VERTEX_POINT('',#6205);
#6205 = CARTESIAN_POINT('',(0.58,0.89,2.1));
#6206 = LINE('',#6207,#6208);
#6207 = CARTESIAN_POINT('',(0.58,0.89,2.1));
#6208 = VECTOR('',#6209,1.);
#6209 = DIRECTION('',(0.,1.,0.));
#6210 = ORIENTED_EDGE('',*,*,#6211,.F.);
#6211 = EDGE_CURVE('',#6212,#6204,#6214,.T.);
#6212 = VERTEX_POINT('',#6213);
#6213 = CARTESIAN_POINT('',(0.88,0.59,2.1));
#6214 = CIRCLE('',#6215,0.3);
#6215 = AXIS2_PLACEMENT_3D('',#6216,#6217,#6218);
#6216 = CARTESIAN_POINT('',(0.88,0.89,2.1));
#6217 = DIRECTION('',(0.,0.,-1.));
#6218 = DIRECTION('',(1.,0.,0.));
#6219 = ORIENTED_EDGE('',*,*,#6220,.F.);
#6220 = EDGE_CURVE('',#6221,#6212,#6223,.T.);
#6221 = VERTEX_POINT('',#6222);
#6222 = CARTESIAN_POINT('',(2.05,0.59,2.1));
#6223 = LINE('',#6224,#6225);
#6224 = CARTESIAN_POINT('',(2.05,0.59,2.1));
#6225 = VECTOR('',#6226,1.);
#6226 = DIRECTION('',(-1.,0.,0.));
#6227 = ORIENTED_EDGE('',*,*,#6228,.F.);
#6228 = EDGE_CURVE('',#6229,#6221,#6231,.T.);
#6229 = VERTEX_POINT('',#6230);
#6230 = CARTESIAN_POINT('',(2.05,-0.58,2.1));
#6231 = LINE('',#6232,#6233);
#6232 = CARTESIAN_POINT('',(2.05,-0.58,2.1));
#6233 = VECTOR('',#6234,1.);
#6234 = DIRECTION('',(0.,1.,0.));
#6235 = ORIENTED_EDGE('',*,*,#6236,.F.);
#6236 = EDGE_CURVE('',#6237,#6229,#6239,.T.);
#6237 = VERTEX_POINT('',#6238);
#6238 = CARTESIAN_POINT('',(0.89,-0.58,2.1));
#6239 = LINE('',#6240,#6241);
#6240 = CARTESIAN_POINT('',(0.89,-0.58,2.1));
#6241 = VECTOR('',#6242,1.);
#6242 = DIRECTION('',(1.,0.,0.));
#6243 = ORIENTED_EDGE('',*,*,#6244,.F.);
#6244 = EDGE_CURVE('',#6245,#6237,#6247,.T.);
#6245 = VERTEX_POINT('',#6246);
#6246 = CARTESIAN_POINT('',(0.59,-0.88,2.1));
#6247 = CIRCLE('',#6248,0.3);
#6248 = AXIS2_PLACEMENT_3D('',#6249,#6250,#6251);
#6249 = CARTESIAN_POINT('',(0.89,-0.88,2.1));
#6250 = DIRECTION('',(0.,0.,-1.));
#6251 = DIRECTION('',(1.,0.,0.));
#6252 = ORIENTED_EDGE('',*,*,#6253,.F.);
#6253 = EDGE_CURVE('',#6254,#6245,#6256,.T.);
#6254 = VERTEX_POINT('',#6255);
#6255 = CARTESIAN_POINT('',(0.59,-2.05,2.1));
#6256 = LINE('',#6257,#6258);
#6257 = CARTESIAN_POINT('',(0.59,-2.05,2.1));
#6258 = VECTOR('',#6259,1.);
#6259 = DIRECTION('',(0.,1.,0.));
#6260 = ORIENTED_EDGE('',*,*,#6261,.F.);
#6261 = EDGE_CURVE('',#6262,#6254,#6264,.T.);
#6262 = VERTEX_POINT('',#6263);
#6263 = CARTESIAN_POINT('',(-0.58,-2.05,2.1));
#6264 = LINE('',#6265,#6266);
#6265 = CARTESIAN_POINT('',(-0.58,-2.05,2.1));
#6266 = VECTOR('',#6267,1.);
#6267 = DIRECTION('',(1.,0.,0.));
#6268 = ORIENTED_EDGE('',*,*,#6269,.F.);
#6269 = EDGE_CURVE('',#6270,#6262,#6272,.T.);
#6270 = VERTEX_POINT('',#6271);
#6271 = CARTESIAN_POINT('',(-0.58,-0.89,2.1));
#6272 = LINE('',#6273,#6274);
#6273 = CARTESIAN_POINT('',(-0.58,-0.89,2.1));
#6274 = VECTOR('',#6275,1.);
#6275 = DIRECTION('',(0.,-1.,0.));
#6276 = ORIENTED_EDGE('',*,*,#6277,.F.);
#6277 = EDGE_CURVE('',#6155,#6270,#6278,.T.);
#6278 = CIRCLE('',#6279,0.3);
#6279 = AXIS2_PLACEMENT_3D('',#6280,#6281,#6282);
#6280 = CARTESIAN_POINT('',(-0.88,-0.89,2.1));
#6281 = DIRECTION('',(0.,0.,-1.));
#6282 = DIRECTION('',(1.,0.,0.));
#6283 = PLANE('',#6284);
#6284 = AXIS2_PLACEMENT_3D('',#6285,#6286,#6287);
#6285 = CARTESIAN_POINT('',(-1.9E-16,1.1E-16,2.1));
#6286 = DIRECTION('',(0.,0.,1.));
#6287 = DIRECTION('',(1.,0.,0.));
#6288 = ADVANCED_FACE('',(#6289),#6298,.T.);
#6289 = FACE_BOUND('',#6290,.T.);
#6290 = EDGE_LOOP('',(#6291,#6292,#6293,#6294,#6295,#6296,#6297));
#6291 = ORIENTED_EDGE('',*,*,#4666,.T.);
#6292 = ORIENTED_EDGE('',*,*,#4642,.T.);
#6293 = ORIENTED_EDGE('',*,*,#4785,.T.);
#6294 = ORIENTED_EDGE('',*,*,#4766,.T.);
#6295 = ORIENTED_EDGE('',*,*,#4740,.T.);
#6296 = ORIENTED_EDGE('',*,*,#4714,.T.);
#6297 = ORIENTED_EDGE('',*,*,#4690,.T.);
#6298 = PLANE('',#6299);
#6299 = AXIS2_PLACEMENT_3D('',#6300,#6301,#6302);
#6300 = CARTESIAN_POINT('',(-7.1E-16,2.2E-16,10.));
#6301 = DIRECTION('',(0.,0.,1.));
#6302 = DIRECTION('',(1.,0.,0.));
#6303 = ADVANCED_FACE('',(#6304),#6313,.T.);
#6304 = FACE_BOUND('',#6305,.T.);
#6305 = EDGE_LOOP('',(#6306,#6307,#6308,#6309,#6310,#6311,#6312));
#6306 = ORIENTED_EDGE('',*,*,#4842,.T.);
#6307 = ORIENTED_EDGE('',*,*,#4818,.T.);
#6308 = ORIENTED_EDGE('',*,*,#4961,.T.);
#6309 = ORIENTED_EDGE('',*,*,#4942,.T.);
#6310 = ORIENTED_EDGE('',*,*,#4916,.T.);
#6311 = ORIENTED_EDGE('',*,*,#4890,.T.);
#6312 = ORIENTED_EDGE('',*,*,#4866,.T.);
#6313 = PLANE('',#6314);
#6314 = AXIS2_PLACEMENT_3D('',#6315,#6316,#6317);
#6315 = CARTESIAN_POINT('',(-7.1E-16,2.2E-16,10.));
#6316 = DIRECTION('',(0.,0.,1.));
#6317 = DIRECTION('',(1.,0.,0.));
#6318 = ADVANCED_FACE('',(#6319),#6335,.T.);
#6319 = FACE_BOUND('',#6320,.T.);
#6320 = EDGE_LOOP('',(#6321,#6322,#6323,#6324,#6325,#6326,#6327,#6328,
    #6329,#6330,#6331,#6332,#6333,#6334));
#6321 = ORIENTED_EDGE('',*,*,#5020,.T.);
#6322 = ORIENTED_EDGE('',*,*,#4994,.T.);
#6323 = ORIENTED_EDGE('',*,*,#5325,.T.);
#6324 = ORIENTED_EDGE('',*,*,#5306,.T.);
#6325 = ORIENTED_EDGE('',*,*,#5280,.T.);
#6326 = ORIENTED_EDGE('',*,*,#5254,.T.);
#6327 = ORIENTED_EDGE('',*,*,#5228,.T.);
#6328 = ORIENTED_EDGE('',*,*,#5202,.T.);
#6329 = ORIENTED_EDGE('',*,*,#5176,.T.);
#6330 = ORIENTED_EDGE('',*,*,#5150,.T.);
#6331 = ORIENTED_EDGE('',*,*,#5124,.T.);
#6332 = ORIENTED_EDGE('',*,*,#5098,.T.);
#6333 = ORIENTED_EDGE('',*,*,#5072,.T.);
#6334 = ORIENTED_EDGE('',*,*,#5046,.T.);
#6335 = PLANE('',#6336);
#6336 = AXIS2_PLACEMENT_3D('',#6337,#6338,#6339);
#6337 = CARTESIAN_POINT('',(-7.1E-16,2.2E-16,10.));
#6338 = DIRECTION('',(0.,0.,1.));
#6339 = DIRECTION('',(1.,0.,0.));
#6340 = ADVANCED_FACE('',(#6341),#6350,.T.);
#6341 = FACE_BOUND('',#6342,.T.);
#6342 = EDGE_LOOP('',(#6343,#6344,#6345,#6346,#6347,#6348,#6349));
#6343 = ORIENTED_EDGE('',*,*,#5382,.T.);
#6344 = ORIENTED_EDGE('',*,*,#5358,.T.);
#6345 = ORIENTED_EDGE('',*,*,#5501,.T.);
#6346 = ORIENTED_EDGE('',*,*,#5482,.T.);
#6347 = ORIENTED_EDGE('',*,*,#5456,.T.);
#6348 = ORIENTED_EDGE('',*,*,#5430,.T.);
#6349 = ORIENTED_EDGE('',*,*,#5406,.T.);
#6350 = PLANE('',#6351);
#6351 = AXIS2_PLACEMENT_3D('',#6352,#6353,#6354);
#6352 = CARTESIAN_POINT('',(-7.1E-16,2.2E-16,10.));
#6353 = DIRECTION('',(0.,0.,1.));
#6354 = DIRECTION('',(1.,0.,0.));
#6355 = ADVANCED_FACE('',(#6356),#6369,.T.);
#6356 = FACE_BOUND('',#6357,.T.);
#6357 = EDGE_LOOP('',(#6358,#6359,#6360,#6361,#6362,#6363,#6364,#6365,
    #6366,#6367,#6368));
#6358 = ORIENTED_EDGE('',*,*,#5558,.T.);
#6359 = ORIENTED_EDGE('',*,*,#5534,.T.);
#6360 = ORIENTED_EDGE('',*,*,#5781,.T.);
#6361 = ORIENTED_EDGE('',*,*,#5762,.T.);
#6362 = ORIENTED_EDGE('',*,*,#5736,.T.);
#6363 = ORIENTED_EDGE('',*,*,#5710,.T.);
#6364 = ORIENTED_EDGE('',*,*,#5684,.T.);
#6365 = ORIENTED_EDGE('',*,*,#5658,.T.);
#6366 = ORIENTED_EDGE('',*,*,#5632,.T.);
#6367 = ORIENTED_EDGE('',*,*,#5606,.T.);
#6368 = ORIENTED_EDGE('',*,*,#5582,.T.);
#6369 = PLANE('',#6370);
#6370 = AXIS2_PLACEMENT_3D('',#6371,#6372,#6373);
#6371 = CARTESIAN_POINT('',(-7.1E-16,2.2E-16,10.));
#6372 = DIRECTION('',(0.,0.,1.));
#6373 = DIRECTION('',(1.,0.,0.));
#6374 = ADVANCED_FACE('',(#6375),#6384,.T.);
#6375 = FACE_BOUND('',#6376,.T.);
#6376 = EDGE_LOOP('',(#6377,#6378,#6379,#6380,#6381,#6382,#6383));
#6377 = ORIENTED_EDGE('',*,*,#5838,.T.);
#6378 = ORIENTED_EDGE('',*,*,#5814,.T.);
#6379 = ORIENTED_EDGE('',*,*,#5957,.T.);
#6380 = ORIENTED_EDGE('',*,*,#5938,.T.);
#6381 = ORIENTED_EDGE('',*,*,#5912,.T.);
#6382 = ORIENTED_EDGE('',*,*,#5886,.T.);
#6383 = ORIENTED_EDGE('',*,*,#5862,.T.);
#6384 = PLANE('',#6385);
#6385 = AXIS2_PLACEMENT_3D('',#6386,#6387,#6388);
#6386 = CARTESIAN_POINT('',(-7.1E-16,2.2E-16,10.));
#6387 = DIRECTION('',(0.,0.,1.));
#6388 = DIRECTION('',(1.,0.,0.));
#6389 = ADVANCED_FACE('',(#6390),#6399,.T.);
#6390 = FACE_BOUND('',#6391,.T.);
#6391 = EDGE_LOOP('',(#6392,#6393,#6394,#6395,#6396,#6397,#6398));
#6392 = ORIENTED_EDGE('',*,*,#6014,.T.);
#6393 = ORIENTED_EDGE('',*,*,#5990,.T.);
#6394 = ORIENTED_EDGE('',*,*,#6133,.T.);
#6395 = ORIENTED_EDGE('',*,*,#6114,.T.);
#6396 = ORIENTED_EDGE('',*,*,#6088,.T.);
#6397 = ORIENTED_EDGE('',*,*,#6062,.T.);
#6398 = ORIENTED_EDGE('',*,*,#6038,.T.);
#6399 = PLANE('',#6400);
#6400 = AXIS2_PLACEMENT_3D('',#6401,#6402,#6403);
#6401 = CARTESIAN_POINT('',(-7.1E-16,2.2E-16,10.));
#6402 = DIRECTION('',(0.,0.,1.));
#6403 = DIRECTION('',(1.,0.,0.));
#6404 = ADVANCED_FACE('',(#6405),#6430,.T.);
#6405 = FACE_BOUND('',#6406,.T.);
#6406 = EDGE_LOOP('',(#6407,#6415,#6423,#6429));
#6407 = ORIENTED_EDGE('',*,*,#6408,.T.);
#6408 = EDGE_CURVE('',#6153,#6409,#6411,.T.);
#6409 = VERTEX_POINT('',#6410);
#6410 = CARTESIAN_POINT('',(-2.05,-0.59,7.1));
#6411 = LINE('',#6412,#6413);
#6412 = CARTESIAN_POINT('',(-2.05,-0.59,2.1));
#6413 = VECTOR('',#6414,1.);
#6414 = DIRECTION('',(0.,0.,1.));
#6415 = ORIENTED_EDGE('',*,*,#6416,.T.);
#6416 = EDGE_CURVE('',#6409,#6417,#6419,.T.);
#6417 = VERTEX_POINT('',#6418);
#6418 = CARTESIAN_POINT('',(-0.88,-0.59,7.1));
#6419 = LINE('',#6420,#6421);
#6420 = CARTESIAN_POINT('',(-2.05,-0.59,7.1));
#6421 = VECTOR('',#6422,1.);
#6422 = DIRECTION('',(1.,0.,0.));
#6423 = ORIENTED_EDGE('',*,*,#6424,.F.);
#6424 = EDGE_CURVE('',#6155,#6417,#6425,.T.);
#6425 = LINE('',#6426,#6427);
#6426 = CARTESIAN_POINT('',(-0.88,-0.59,2.1));
#6427 = VECTOR('',#6428,1.);
#6428 = DIRECTION('',(0.,0.,1.));
#6429 = ORIENTED_EDGE('',*,*,#6152,.F.);
#6430 = PLANE('',#6431);
#6431 = AXIS2_PLACEMENT_3D('',#6432,#6433,#6434);
#6432 = CARTESIAN_POINT('',(-2.05,-0.59,2.1));
#6433 = DIRECTION('',(0.,1.,0.));
#6434 = DIRECTION('',(1.,0.,0.));
#6435 = ADVANCED_FACE('',(#6436),#6455,.T.);
#6436 = FACE_BOUND('',#6437,.T.);
#6437 = EDGE_LOOP('',(#6438,#6439,#6448,#6454));
#6438 = ORIENTED_EDGE('',*,*,#6424,.T.);
#6439 = ORIENTED_EDGE('',*,*,#6440,.T.);
#6440 = EDGE_CURVE('',#6417,#6441,#6443,.T.);
#6441 = VERTEX_POINT('',#6442);
#6442 = CARTESIAN_POINT('',(-0.58,-0.89,7.1));
#6443 = CIRCLE('',#6444,0.3);
#6444 = AXIS2_PLACEMENT_3D('',#6445,#6446,#6447);
#6445 = CARTESIAN_POINT('',(-0.88,-0.89,7.1));
#6446 = DIRECTION('',(0.,0.,-1.));
#6447 = DIRECTION('',(1.,0.,0.));
#6448 = ORIENTED_EDGE('',*,*,#6449,.F.);
#6449 = EDGE_CURVE('',#6270,#6441,#6450,.T.);
#6450 = LINE('',#6451,#6452);
#6451 = CARTESIAN_POINT('',(-0.58,-0.89,2.1));
#6452 = VECTOR('',#6453,1.);
#6453 = DIRECTION('',(0.,0.,1.));
#6454 = ORIENTED_EDGE('',*,*,#6277,.F.);
#6455 = CYLINDRICAL_SURFACE('',#6456,0.3);
#6456 = AXIS2_PLACEMENT_3D('',#6457,#6458,#6459);
#6457 = CARTESIAN_POINT('',(-0.88,-0.89,2.1));
#6458 = DIRECTION('',(0.,0.,-1.));
#6459 = DIRECTION('',(1.,0.,0.));
#6460 = ADVANCED_FACE('',(#6461),#6479,.T.);
#6461 = FACE_BOUND('',#6462,.T.);
#6462 = EDGE_LOOP('',(#6463,#6464,#6472,#6478));
#6463 = ORIENTED_EDGE('',*,*,#6449,.T.);
#6464 = ORIENTED_EDGE('',*,*,#6465,.T.);
#6465 = EDGE_CURVE('',#6441,#6466,#6468,.T.);
#6466 = VERTEX_POINT('',#6467);
#6467 = CARTESIAN_POINT('',(-0.58,-2.05,7.1));
#6468 = LINE('',#6469,#6470);
#6469 = CARTESIAN_POINT('',(-0.58,-0.89,7.1));
#6470 = VECTOR('',#6471,1.);
#6471 = DIRECTION('',(0.,-1.,0.));
#6472 = ORIENTED_EDGE('',*,*,#6473,.F.);
#6473 = EDGE_CURVE('',#6262,#6466,#6474,.T.);
#6474 = LINE('',#6475,#6476);
#6475 = CARTESIAN_POINT('',(-0.58,-2.05,2.1));
#6476 = VECTOR('',#6477,1.);
#6477 = DIRECTION('',(0.,0.,1.));
#6478 = ORIENTED_EDGE('',*,*,#6269,.F.);
#6479 = PLANE('',#6480);
#6480 = AXIS2_PLACEMENT_3D('',#6481,#6482,#6483);
#6481 = CARTESIAN_POINT('',(-0.58,-0.89,2.1));
#6482 = DIRECTION('',(1.,0.,0.));
#6483 = DIRECTION('',(0.,-1.,0.));
#6484 = ADVANCED_FACE('',(#6485),#6503,.T.);
#6485 = FACE_BOUND('',#6486,.T.);
#6486 = EDGE_LOOP('',(#6487,#6488,#6496,#6502));
#6487 = ORIENTED_EDGE('',*,*,#6473,.T.);
#6488 = ORIENTED_EDGE('',*,*,#6489,.T.);
#6489 = EDGE_CURVE('',#6466,#6490,#6492,.T.);
#6490 = VERTEX_POINT('',#6491);
#6491 = CARTESIAN_POINT('',(0.59,-2.05,7.1));
#6492 = LINE('',#6493,#6494);
#6493 = CARTESIAN_POINT('',(-0.58,-2.05,7.1));
#6494 = VECTOR('',#6495,1.);
#6495 = DIRECTION('',(1.,0.,0.));
#6496 = ORIENTED_EDGE('',*,*,#6497,.F.);
#6497 = EDGE_CURVE('',#6254,#6490,#6498,.T.);
#6498 = LINE('',#6499,#6500);
#6499 = CARTESIAN_POINT('',(0.59,-2.05,2.1));
#6500 = VECTOR('',#6501,1.);
#6501 = DIRECTION('',(0.,0.,1.));
#6502 = ORIENTED_EDGE('',*,*,#6261,.F.);
#6503 = PLANE('',#6504);
#6504 = AXIS2_PLACEMENT_3D('',#6505,#6506,#6507);
#6505 = CARTESIAN_POINT('',(-0.58,-2.05,2.1));
#6506 = DIRECTION('',(0.,1.,0.));
#6507 = DIRECTION('',(1.,0.,0.));
#6508 = ADVANCED_FACE('',(#6509),#6527,.T.);
#6509 = FACE_BOUND('',#6510,.T.);
#6510 = EDGE_LOOP('',(#6511,#6512,#6520,#6526));
#6511 = ORIENTED_EDGE('',*,*,#6497,.T.);
#6512 = ORIENTED_EDGE('',*,*,#6513,.T.);
#6513 = EDGE_CURVE('',#6490,#6514,#6516,.T.);
#6514 = VERTEX_POINT('',#6515);
#6515 = CARTESIAN_POINT('',(0.59,-0.88,7.1));
#6516 = LINE('',#6517,#6518);
#6517 = CARTESIAN_POINT('',(0.59,-2.05,7.1));
#6518 = VECTOR('',#6519,1.);
#6519 = DIRECTION('',(0.,1.,0.));
#6520 = ORIENTED_EDGE('',*,*,#6521,.F.);
#6521 = EDGE_CURVE('',#6245,#6514,#6522,.T.);
#6522 = LINE('',#6523,#6524);
#6523 = CARTESIAN_POINT('',(0.59,-0.88,2.1));
#6524 = VECTOR('',#6525,1.);
#6525 = DIRECTION('',(0.,0.,1.));
#6526 = ORIENTED_EDGE('',*,*,#6253,.F.);
#6527 = PLANE('',#6528);
#6528 = AXIS2_PLACEMENT_3D('',#6529,#6530,#6531);
#6529 = CARTESIAN_POINT('',(0.59,-2.05,2.1));
#6530 = DIRECTION('',(-1.,0.,0.));
#6531 = DIRECTION('',(0.,1.,0.));
#6532 = ADVANCED_FACE('',(#6533),#6552,.T.);
#6533 = FACE_BOUND('',#6534,.T.);
#6534 = EDGE_LOOP('',(#6535,#6536,#6545,#6551));
#6535 = ORIENTED_EDGE('',*,*,#6521,.T.);
#6536 = ORIENTED_EDGE('',*,*,#6537,.T.);
#6537 = EDGE_CURVE('',#6514,#6538,#6540,.T.);
#6538 = VERTEX_POINT('',#6539);
#6539 = CARTESIAN_POINT('',(0.89,-0.58,7.1));
#6540 = CIRCLE('',#6541,0.3);
#6541 = AXIS2_PLACEMENT_3D('',#6542,#6543,#6544);
#6542 = CARTESIAN_POINT('',(0.89,-0.88,7.1));
#6543 = DIRECTION('',(0.,0.,-1.));
#6544 = DIRECTION('',(1.,0.,0.));
#6545 = ORIENTED_EDGE('',*,*,#6546,.F.);
#6546 = EDGE_CURVE('',#6237,#6538,#6547,.T.);
#6547 = LINE('',#6548,#6549);
#6548 = CARTESIAN_POINT('',(0.89,-0.58,2.1));
#6549 = VECTOR('',#6550,1.);
#6550 = DIRECTION('',(0.,0.,1.));
#6551 = ORIENTED_EDGE('',*,*,#6244,.F.);
#6552 = CYLINDRICAL_SURFACE('',#6553,0.3);
#6553 = AXIS2_PLACEMENT_3D('',#6554,#6555,#6556);
#6554 = CARTESIAN_POINT('',(0.89,-0.88,2.1));
#6555 = DIRECTION('',(0.,0.,-1.));
#6556 = DIRECTION('',(1.,0.,0.));
#6557 = ADVANCED_FACE('',(#6558),#6576,.T.);
#6558 = FACE_BOUND('',#6559,.T.);
#6559 = EDGE_LOOP('',(#6560,#6561,#6569,#6575));
#6560 = ORIENTED_EDGE('',*,*,#6546,.T.);
#6561 = ORIENTED_EDGE('',*,*,#6562,.T.);
#6562 = EDGE_CURVE('',#6538,#6563,#6565,.T.);
#6563 = VERTEX_POINT('',#6564);
#6564 = CARTESIAN_POINT('',(2.05,-0.58,7.1));
#6565 = LINE('',#6566,#6567);
#6566 = CARTESIAN_POINT('',(0.89,-0.58,7.1));
#6567 = VECTOR('',#6568,1.);
#6568 = DIRECTION('',(1.,0.,0.));
#6569 = ORIENTED_EDGE('',*,*,#6570,.F.);
#6570 = EDGE_CURVE('',#6229,#6563,#6571,.T.);
#6571 = LINE('',#6572,#6573);
#6572 = CARTESIAN_POINT('',(2.05,-0.58,2.1));
#6573 = VECTOR('',#6574,1.);
#6574 = DIRECTION('',(0.,0.,1.));
#6575 = ORIENTED_EDGE('',*,*,#6236,.F.);
#6576 = PLANE('',#6577);
#6577 = AXIS2_PLACEMENT_3D('',#6578,#6579,#6580);
#6578 = CARTESIAN_POINT('',(0.89,-0.58,2.1));
#6579 = DIRECTION('',(0.,1.,0.));
#6580 = DIRECTION('',(1.,0.,0.));
#6581 = ADVANCED_FACE('',(#6582),#6600,.T.);
#6582 = FACE_BOUND('',#6583,.T.);
#6583 = EDGE_LOOP('',(#6584,#6585,#6593,#6599));
#6584 = ORIENTED_EDGE('',*,*,#6570,.T.);
#6585 = ORIENTED_EDGE('',*,*,#6586,.T.);
#6586 = EDGE_CURVE('',#6563,#6587,#6589,.T.);
#6587 = VERTEX_POINT('',#6588);
#6588 = CARTESIAN_POINT('',(2.05,0.59,7.1));
#6589 = LINE('',#6590,#6591);
#6590 = CARTESIAN_POINT('',(2.05,-0.58,7.1));
#6591 = VECTOR('',#6592,1.);
#6592 = DIRECTION('',(0.,1.,0.));
#6593 = ORIENTED_EDGE('',*,*,#6594,.F.);
#6594 = EDGE_CURVE('',#6221,#6587,#6595,.T.);
#6595 = LINE('',#6596,#6597);
#6596 = CARTESIAN_POINT('',(2.05,0.59,2.1));
#6597 = VECTOR('',#6598,1.);
#6598 = DIRECTION('',(0.,0.,1.));
#6599 = ORIENTED_EDGE('',*,*,#6228,.F.);
#6600 = PLANE('',#6601);
#6601 = AXIS2_PLACEMENT_3D('',#6602,#6603,#6604);
#6602 = CARTESIAN_POINT('',(2.05,-0.58,2.1));
#6603 = DIRECTION('',(-1.,0.,0.));
#6604 = DIRECTION('',(0.,1.,0.));
#6605 = ADVANCED_FACE('',(#6606),#6624,.T.);
#6606 = FACE_BOUND('',#6607,.T.);
#6607 = EDGE_LOOP('',(#6608,#6609,#6617,#6623));
#6608 = ORIENTED_EDGE('',*,*,#6594,.T.);
#6609 = ORIENTED_EDGE('',*,*,#6610,.T.);
#6610 = EDGE_CURVE('',#6587,#6611,#6613,.T.);
#6611 = VERTEX_POINT('',#6612);
#6612 = CARTESIAN_POINT('',(0.88,0.59,7.1));
#6613 = LINE('',#6614,#6615);
#6614 = CARTESIAN_POINT('',(2.05,0.59,7.1));
#6615 = VECTOR('',#6616,1.);
#6616 = DIRECTION('',(-1.,0.,0.));
#6617 = ORIENTED_EDGE('',*,*,#6618,.F.);
#6618 = EDGE_CURVE('',#6212,#6611,#6619,.T.);
#6619 = LINE('',#6620,#6621);
#6620 = CARTESIAN_POINT('',(0.88,0.59,2.1));
#6621 = VECTOR('',#6622,1.);
#6622 = DIRECTION('',(0.,0.,1.));
#6623 = ORIENTED_EDGE('',*,*,#6220,.F.);
#6624 = PLANE('',#6625);
#6625 = AXIS2_PLACEMENT_3D('',#6626,#6627,#6628);
#6626 = CARTESIAN_POINT('',(2.05,0.59,2.1));
#6627 = DIRECTION('',(0.,-1.,0.));
#6628 = DIRECTION('',(-1.,0.,0.));
#6629 = ADVANCED_FACE('',(#6630),#6649,.T.);
#6630 = FACE_BOUND('',#6631,.T.);
#6631 = EDGE_LOOP('',(#6632,#6633,#6642,#6648));
#6632 = ORIENTED_EDGE('',*,*,#6618,.T.);
#6633 = ORIENTED_EDGE('',*,*,#6634,.T.);
#6634 = EDGE_CURVE('',#6611,#6635,#6637,.T.);
#6635 = VERTEX_POINT('',#6636);
#6636 = CARTESIAN_POINT('',(0.58,0.89,7.1));
#6637 = CIRCLE('',#6638,0.3);
#6638 = AXIS2_PLACEMENT_3D('',#6639,#6640,#6641);
#6639 = CARTESIAN_POINT('',(0.88,0.89,7.1));
#6640 = DIRECTION('',(0.,0.,-1.));
#6641 = DIRECTION('',(1.,0.,0.));
#6642 = ORIENTED_EDGE('',*,*,#6643,.F.);
#6643 = EDGE_CURVE('',#6204,#6635,#6644,.T.);
#6644 = LINE('',#6645,#6646);
#6645 = CARTESIAN_POINT('',(0.58,0.89,2.1));
#6646 = VECTOR('',#6647,1.);
#6647 = DIRECTION('',(0.,0.,1.));
#6648 = ORIENTED_EDGE('',*,*,#6211,.F.);
#6649 = CYLINDRICAL_SURFACE('',#6650,0.3);
#6650 = AXIS2_PLACEMENT_3D('',#6651,#6652,#6653);
#6651 = CARTESIAN_POINT('',(0.88,0.89,2.1));
#6652 = DIRECTION('',(0.,0.,-1.));
#6653 = DIRECTION('',(1.,0.,0.));
#6654 = ADVANCED_FACE('',(#6655),#6673,.T.);
#6655 = FACE_BOUND('',#6656,.T.);
#6656 = EDGE_LOOP('',(#6657,#6658,#6666,#6672));
#6657 = ORIENTED_EDGE('',*,*,#6643,.T.);
#6658 = ORIENTED_EDGE('',*,*,#6659,.T.);
#6659 = EDGE_CURVE('',#6635,#6660,#6662,.T.);
#6660 = VERTEX_POINT('',#6661);
#6661 = CARTESIAN_POINT('',(0.58,2.05,7.1));
#6662 = LINE('',#6663,#6664);
#6663 = CARTESIAN_POINT('',(0.58,0.89,7.1));
#6664 = VECTOR('',#6665,1.);
#6665 = DIRECTION('',(0.,1.,0.));
#6666 = ORIENTED_EDGE('',*,*,#6667,.F.);
#6667 = EDGE_CURVE('',#6196,#6660,#6668,.T.);
#6668 = LINE('',#6669,#6670);
#6669 = CARTESIAN_POINT('',(0.58,2.05,2.1));
#6670 = VECTOR('',#6671,1.);
#6671 = DIRECTION('',(0.,0.,1.));
#6672 = ORIENTED_EDGE('',*,*,#6203,.F.);
#6673 = PLANE('',#6674);
#6674 = AXIS2_PLACEMENT_3D('',#6675,#6676,#6677);
#6675 = CARTESIAN_POINT('',(0.58,0.89,2.1));
#6676 = DIRECTION('',(-1.,0.,0.));
#6677 = DIRECTION('',(0.,1.,0.));
#6678 = ADVANCED_FACE('',(#6679),#6697,.T.);
#6679 = FACE_BOUND('',#6680,.T.);
#6680 = EDGE_LOOP('',(#6681,#6682,#6690,#6696));
#6681 = ORIENTED_EDGE('',*,*,#6667,.T.);
#6682 = ORIENTED_EDGE('',*,*,#6683,.T.);
#6683 = EDGE_CURVE('',#6660,#6684,#6686,.T.);
#6684 = VERTEX_POINT('',#6685);
#6685 = CARTESIAN_POINT('',(-0.59,2.05,7.1));
#6686 = LINE('',#6687,#6688);
#6687 = CARTESIAN_POINT('',(0.58,2.05,7.1));
#6688 = VECTOR('',#6689,1.);
#6689 = DIRECTION('',(-1.,0.,0.));
#6690 = ORIENTED_EDGE('',*,*,#6691,.F.);
#6691 = EDGE_CURVE('',#6188,#6684,#6692,.T.);
#6692 = LINE('',#6693,#6694);
#6693 = CARTESIAN_POINT('',(-0.59,2.05,2.1));
#6694 = VECTOR('',#6695,1.);
#6695 = DIRECTION('',(0.,0.,1.));
#6696 = ORIENTED_EDGE('',*,*,#6195,.F.);
#6697 = PLANE('',#6698);
#6698 = AXIS2_PLACEMENT_3D('',#6699,#6700,#6701);
#6699 = CARTESIAN_POINT('',(0.58,2.05,2.1));
#6700 = DIRECTION('',(0.,-1.,0.));
#6701 = DIRECTION('',(-1.,0.,0.));
#6702 = ADVANCED_FACE('',(#6703),#6721,.T.);
#6703 = FACE_BOUND('',#6704,.T.);
#6704 = EDGE_LOOP('',(#6705,#6706,#6714,#6720));
#6705 = ORIENTED_EDGE('',*,*,#6691,.T.);
#6706 = ORIENTED_EDGE('',*,*,#6707,.T.);
#6707 = EDGE_CURVE('',#6684,#6708,#6710,.T.);
#6708 = VERTEX_POINT('',#6709);
#6709 = CARTESIAN_POINT('',(-0.59,0.88,7.1));
#6710 = LINE('',#6711,#6712);
#6711 = CARTESIAN_POINT('',(-0.59,2.05,7.1));
#6712 = VECTOR('',#6713,1.);
#6713 = DIRECTION('',(0.,-1.,0.));
#6714 = ORIENTED_EDGE('',*,*,#6715,.F.);
#6715 = EDGE_CURVE('',#6179,#6708,#6716,.T.);
#6716 = LINE('',#6717,#6718);
#6717 = CARTESIAN_POINT('',(-0.59,0.88,2.1));
#6718 = VECTOR('',#6719,1.);
#6719 = DIRECTION('',(0.,0.,1.));
#6720 = ORIENTED_EDGE('',*,*,#6187,.F.);
#6721 = PLANE('',#6722);
#6722 = AXIS2_PLACEMENT_3D('',#6723,#6724,#6725);
#6723 = CARTESIAN_POINT('',(-0.59,2.05,2.1));
#6724 = DIRECTION('',(1.,0.,0.));
#6725 = DIRECTION('',(0.,-1.,0.));
#6726 = ADVANCED_FACE('',(#6727),#6746,.T.);
#6727 = FACE_BOUND('',#6728,.T.);
#6728 = EDGE_LOOP('',(#6729,#6730,#6739,#6745));
#6729 = ORIENTED_EDGE('',*,*,#6715,.T.);
#6730 = ORIENTED_EDGE('',*,*,#6731,.T.);
#6731 = EDGE_CURVE('',#6708,#6732,#6734,.T.);
#6732 = VERTEX_POINT('',#6733);
#6733 = CARTESIAN_POINT('',(-0.89,0.58,7.1));
#6734 = CIRCLE('',#6735,0.3);
#6735 = AXIS2_PLACEMENT_3D('',#6736,#6737,#6738);
#6736 = CARTESIAN_POINT('',(-0.89,0.88,7.1));
#6737 = DIRECTION('',(0.,0.,-1.));
#6738 = DIRECTION('',(1.,0.,0.));
#6739 = ORIENTED_EDGE('',*,*,#6740,.F.);
#6740 = EDGE_CURVE('',#6171,#6732,#6741,.T.);
#6741 = LINE('',#6742,#6743);
#6742 = CARTESIAN_POINT('',(-0.89,0.58,2.1));
#6743 = VECTOR('',#6744,1.);
#6744 = DIRECTION('',(0.,0.,1.));
#6745 = ORIENTED_EDGE('',*,*,#6178,.F.);
#6746 = CYLINDRICAL_SURFACE('',#6747,0.3);
#6747 = AXIS2_PLACEMENT_3D('',#6748,#6749,#6750);
#6748 = CARTESIAN_POINT('',(-0.89,0.88,2.1));
#6749 = DIRECTION('',(0.,0.,-1.));
#6750 = DIRECTION('',(1.,0.,0.));
#6751 = ADVANCED_FACE('',(#6752),#6770,.T.);
#6752 = FACE_BOUND('',#6753,.T.);
#6753 = EDGE_LOOP('',(#6754,#6755,#6763,#6769));
#6754 = ORIENTED_EDGE('',*,*,#6740,.T.);
#6755 = ORIENTED_EDGE('',*,*,#6756,.T.);
#6756 = EDGE_CURVE('',#6732,#6757,#6759,.T.);
#6757 = VERTEX_POINT('',#6758);
#6758 = CARTESIAN_POINT('',(-2.05,0.58,7.1));
#6759 = LINE('',#6760,#6761);
#6760 = CARTESIAN_POINT('',(-0.89,0.58,7.1));
#6761 = VECTOR('',#6762,1.);
#6762 = DIRECTION('',(-1.,0.,0.));
#6763 = ORIENTED_EDGE('',*,*,#6764,.F.);
#6764 = EDGE_CURVE('',#6163,#6757,#6765,.T.);
#6765 = LINE('',#6766,#6767);
#6766 = CARTESIAN_POINT('',(-2.05,0.58,2.1));
#6767 = VECTOR('',#6768,1.);
#6768 = DIRECTION('',(0.,0.,1.));
#6769 = ORIENTED_EDGE('',*,*,#6170,.F.);
#6770 = PLANE('',#6771);
#6771 = AXIS2_PLACEMENT_3D('',#6772,#6773,#6774);
#6772 = CARTESIAN_POINT('',(-0.89,0.58,2.1));
#6773 = DIRECTION('',(0.,-1.,0.));
#6774 = DIRECTION('',(-1.,0.,0.));
#6775 = ADVANCED_FACE('',(#6776),#6787,.T.);
#6776 = FACE_BOUND('',#6777,.T.);
#6777 = EDGE_LOOP('',(#6778,#6779,#6785,#6786));
#6778 = ORIENTED_EDGE('',*,*,#6764,.T.);
#6779 = ORIENTED_EDGE('',*,*,#6780,.T.);
#6780 = EDGE_CURVE('',#6757,#6409,#6781,.T.);
#6781 = LINE('',#6782,#6783);
#6782 = CARTESIAN_POINT('',(-2.05,0.58,7.1));
#6783 = VECTOR('',#6784,1.);
#6784 = DIRECTION('',(0.,-1.,0.));
#6785 = ORIENTED_EDGE('',*,*,#6408,.F.);
#6786 = ORIENTED_EDGE('',*,*,#6162,.F.);
#6787 = PLANE('',#6788);
#6788 = AXIS2_PLACEMENT_3D('',#6789,#6790,#6791);
#6789 = CARTESIAN_POINT('',(-2.05,0.58,2.1));
#6790 = DIRECTION('',(1.,0.,0.));
#6791 = DIRECTION('',(0.,-1.,0.));
#6792 = ADVANCED_FACE('',(#6793),#6811,.F.);
#6793 = FACE_BOUND('',#6794,.F.);
#6794 = EDGE_LOOP('',(#6795,#6796,#6797,#6798,#6799,#6800,#6801,#6802,
    #6803,#6804,#6805,#6806,#6807,#6808,#6809,#6810));
#6795 = ORIENTED_EDGE('',*,*,#6416,.T.);
#6796 = ORIENTED_EDGE('',*,*,#6440,.T.);
#6797 = ORIENTED_EDGE('',*,*,#6465,.T.);
#6798 = ORIENTED_EDGE('',*,*,#6489,.T.);
#6799 = ORIENTED_EDGE('',*,*,#6513,.T.);
#6800 = ORIENTED_EDGE('',*,*,#6537,.T.);
#6801 = ORIENTED_EDGE('',*,*,#6562,.T.);
#6802 = ORIENTED_EDGE('',*,*,#6586,.T.);
#6803 = ORIENTED_EDGE('',*,*,#6610,.T.);
#6804 = ORIENTED_EDGE('',*,*,#6634,.T.);
#6805 = ORIENTED_EDGE('',*,*,#6659,.T.);
#6806 = ORIENTED_EDGE('',*,*,#6683,.T.);
#6807 = ORIENTED_EDGE('',*,*,#6707,.T.);
#6808 = ORIENTED_EDGE('',*,*,#6731,.T.);
#6809 = ORIENTED_EDGE('',*,*,#6756,.T.);
#6810 = ORIENTED_EDGE('',*,*,#6780,.T.);
#6811 = PLANE('',#6812);
#6812 = AXIS2_PLACEMENT_3D('',#6813,#6814,#6815);
#6813 = CARTESIAN_POINT('',(0.,-6.5E-16,7.1));
#6814 = DIRECTION('',(0.,0.,1.));
#6815 = DIRECTION('',(1.,0.,0.));
#6816 = ( GEOMETRIC_REPRESENTATION_CONTEXT(3) 
GLOBAL_UNCERTAINTY_ASSIGNED_CONTEXT((#6820)) 
GLOBAL_UNIT_ASSIGNED_CONTEXT((#6817,#6818,#6819)) REPRESENTATION_CONTEXT
('Context #1','3D Context with UNIT and UNCERTAINTY') );
#6817 = ( LENGTH_UNIT() NAMED_UNIT(*) SI_UNIT(.MILLI.,.METRE.) );
#6818 = ( NAMED_UNIT(*) PLANE_ANGLE_UNIT() SI_UNIT($,.RADIAN.) );
#6819 = ( NAMED_UNIT(*) SI_UNIT($,.STERADIAN.) SOLID_ANGLE_UNIT() );
#6820 = UNCERTAINTY_MEASURE_WITH_UNIT(LENGTH_MEASURE(1.E-07),#6817,
  'distance_accuracy_value','confusion accuracy');
#6821 = CONTEXT_DEPENDENT_SHAPE_REPRESENTATION(#6822,#6824);
#6822 = ( REPRESENTATION_RELATIONSHIP('','',#40,#10) 
REPRESENTATION_RELATIONSHIP_WITH_TRANSFORMATION(#6823) 
SHAPE_REPRESENTATION_RELATIONSHIP() );
#6823 = ITEM_DEFINED_TRANSFORMATION('','',#11,#15);
#6824 = PRODUCT_DEFINITION_SHAPE('Placement','Placement of an item',
  #6825);
#6825 = NEXT_ASSEMBLY_USAGE_OCCURRENCE('90','Body','',#5,#35,$);
#6826 = PRODUCT_RELATED_PRODUCT_CATEGORY('part',$,(#37));
#6827 = SHAPE_DEFINITION_REPRESENTATION(#6828,#6834);
#6828 = PRODUCT_DEFINITION_SHAPE('','',#6829);
#6829 = PRODUCT_DEFINITION('design','',#6830,#6833);
#6830 = PRODUCT_DEFINITION_FORMATION('','',#6831);
#6831 = PRODUCT('Extrude','Extrude','',(#6832));
#6832 = PRODUCT_CONTEXT('',#2,'mechanical');
#6833 = PRODUCT_DEFINITION_CONTEXT('part definition',#2,'design');
#6834 = ADVANCED_BREP_SHAPE_REPRESENTATION('',(#11,#6835),#7963);
#6835 = MANIFOLD_SOLID_BREP('',#6836);
#6836 = CLOSED_SHELL('',(#6837,#6879,#6910,#6943,#6976,#7009,#7042,#7075
    ,#7108,#7141,#7174,#7207,#7240,#7273,#7304,#7337,#7370,#7401,#7425,
    #7465,#7496,#7527,#7560,#7593,#7626,#7650,#7690,#7721,#7752,#7785,
    #7818,#7851,#7875,#7919));
#6837 = ADVANCED_FACE('',(#6838),#6872,.F.);
#6838 = FACE_BOUND('',#6839,.F.);
#6839 = EDGE_LOOP('',(#6840,#6850,#6858,#6866));
#6840 = ORIENTED_EDGE('',*,*,#6841,.T.);
#6841 = EDGE_CURVE('',#6842,#6844,#6846,.T.);
#6842 = VERTEX_POINT('',#6843);
#6843 = CARTESIAN_POINT('',(-4.400333727893,-0.4,10.));
#6844 = VERTEX_POINT('',#6845);
#6845 = CARTESIAN_POINT('',(-4.400333727893,-0.4,9.6));
#6846 = LINE('',#6847,#6848);
#6847 = CARTESIAN_POINT('',(-4.400333727893,-0.4,10.));
#6848 = VECTOR('',#6849,1.);
#6849 = DIRECTION('',(0.,0.,-1.));
#6850 = ORIENTED_EDGE('',*,*,#6851,.T.);
#6851 = EDGE_CURVE('',#6844,#6852,#6854,.T.);
#6852 = VERTEX_POINT('',#6853);
#6853 = CARTESIAN_POINT('',(-4.544176457864,-0.340022255193,9.6));
#6854 = B_SPLINE_CURVE_WITH_KNOTS('',2,(#6855,#6856,#6857),
  .UNSPECIFIED.,.F.,.F.,(3,3),(0.,1.),.PIECEWISE_BEZIER_KNOTS.);
#6855 = CARTESIAN_POINT('',(-4.400333727893,-0.4,9.6));
#6856 = CARTESIAN_POINT('',(-4.48809337181,-0.4,9.6));
#6857 = CARTESIAN_POINT('',(-4.544176457864,-0.340022255193,9.6));
#6858 = ORIENTED_EDGE('',*,*,#6859,.F.);
#6859 = EDGE_CURVE('',#6860,#6852,#6862,.T.);
#6860 = VERTEX_POINT('',#6861);
#6861 = CARTESIAN_POINT('',(-4.544176457864,-0.340022255193,10.));
#6862 = LINE('',#6863,#6864);
#6863 = CARTESIAN_POINT('',(-4.544176457864,-0.340022255193,10.));
#6864 = VECTOR('',#6865,1.);
#6865 = DIRECTION('',(0.,0.,-1.));
#6866 = ORIENTED_EDGE('',*,*,#6867,.F.);
#6867 = EDGE_CURVE('',#6842,#6860,#6868,.T.);
#6868 = B_SPLINE_CURVE_WITH_KNOTS('',2,(#6869,#6870,#6871),
  .UNSPECIFIED.,.F.,.F.,(3,3),(0.,1.),.PIECEWISE_BEZIER_KNOTS.);
#6869 = CARTESIAN_POINT('',(-4.400333727893,-0.4,10.));
#6870 = CARTESIAN_POINT('',(-4.48809337181,-0.4,10.));
#6871 = CARTESIAN_POINT('',(-4.544176457864,-0.340022255193,10.));
#6872 = SURFACE_OF_LINEAR_EXTRUSION('',#6873,#6877);
#6873 = B_SPLINE_CURVE_WITH_KNOTS('',2,(#6874,#6875,#6876),
  .UNSPECIFIED.,.F.,.F.,(3,3),(0.,1.),.PIECEWISE_BEZIER_KNOTS.);
#6874 = CARTESIAN_POINT('',(-4.400333727893,-0.4,10.));
#6875 = CARTESIAN_POINT('',(-4.48809337181,-0.4,10.));
#6876 = CARTESIAN_POINT('',(-4.544176457864,-0.340022255193,10.));
#6877 = VECTOR('',#6878,1.);
#6878 = DIRECTION('',(-0.,-0.,1.));
#6879 = ADVANCED_FACE('',(#6880),#6905,.F.);
#6880 = FACE_BOUND('',#6881,.F.);
#6881 = EDGE_LOOP('',(#6882,#6892,#6898,#6899));
#6882 = ORIENTED_EDGE('',*,*,#6883,.T.);
#6883 = EDGE_CURVE('',#6884,#6886,#6888,.T.);
#6884 = VERTEX_POINT('',#6885);
#6885 = CARTESIAN_POINT('',(-1.892692778338,-0.4,10.));
#6886 = VERTEX_POINT('',#6887);
#6887 = CARTESIAN_POINT('',(-1.892692778338,-0.4,9.6));
#6888 = LINE('',#6889,#6890);
#6889 = CARTESIAN_POINT('',(-1.892692778338,-0.4,10.));
#6890 = VECTOR('',#6891,1.);
#6891 = DIRECTION('',(0.,0.,-1.));
#6892 = ORIENTED_EDGE('',*,*,#6893,.T.);
#6893 = EDGE_CURVE('',#6886,#6844,#6894,.T.);
#6894 = LINE('',#6895,#6896);
#6895 = CARTESIAN_POINT('',(-1.892692778338,-0.4,9.6));
#6896 = VECTOR('',#6897,1.);
#6897 = DIRECTION('',(-1.,0.,0.));
#6898 = ORIENTED_EDGE('',*,*,#6841,.F.);
#6899 = ORIENTED_EDGE('',*,*,#6900,.F.);
#6900 = EDGE_CURVE('',#6884,#6842,#6901,.T.);
#6901 = LINE('',#6902,#6903);
#6902 = CARTESIAN_POINT('',(-1.892692778338,-0.4,10.));
#6903 = VECTOR('',#6904,1.);
#6904 = DIRECTION('',(-1.,0.,0.));
#6905 = PLANE('',#6906);
#6906 = AXIS2_PLACEMENT_3D('',#6907,#6908,#6909);
#6907 = CARTESIAN_POINT('',(-1.892692778338,-0.4,10.));
#6908 = DIRECTION('',(0.,1.,0.));
#6909 = DIRECTION('',(-1.,0.,0.));
#6910 = ADVANCED_FACE('',(#6911),#6936,.F.);
#6911 = FACE_BOUND('',#6912,.F.);
#6912 = EDGE_LOOP('',(#6913,#6923,#6929,#6930));
#6913 = ORIENTED_EDGE('',*,*,#6914,.T.);
#6914 = EDGE_CURVE('',#6915,#6917,#6919,.T.);
#6915 = VERTEX_POINT('',#6916);
#6916 = CARTESIAN_POINT('',(-0.786350048368,-0.196179525223,10.));
#6917 = VERTEX_POINT('',#6918);
#6918 = CARTESIAN_POINT('',(-0.786350048368,-0.196179525223,9.6));
#6919 = LINE('',#6920,#6921);
#6920 = CARTESIAN_POINT('',(-0.786350048368,-0.196179525223,10.));
#6921 = VECTOR('',#6922,1.);
#6922 = DIRECTION('',(0.,0.,-1.));
#6923 = ORIENTED_EDGE('',*,*,#6924,.T.);
#6924 = EDGE_CURVE('',#6917,#6886,#6925,.T.);
#6925 = B_SPLINE_CURVE_WITH_KNOTS('',2,(#6926,#6927,#6928),
  .UNSPECIFIED.,.F.,.F.,(3,3),(0.,1.),.PIECEWISE_BEZIER_KNOTS.);
#6926 = CARTESIAN_POINT('',(-0.786350048368,-0.196179525223,9.6));
#6927 = CARTESIAN_POINT('',(-1.237611175964,-0.4,9.6));
#6928 = CARTESIAN_POINT('',(-1.892692778338,-0.4,9.6));
#6929 = ORIENTED_EDGE('',*,*,#6883,.F.);
#6930 = ORIENTED_EDGE('',*,*,#6931,.F.);
#6931 = EDGE_CURVE('',#6915,#6884,#6932,.T.);
#6932 = B_SPLINE_CURVE_WITH_KNOTS('',2,(#6933,#6934,#6935),
  .UNSPECIFIED.,.F.,.F.,(3,3),(0.,1.),.PIECEWISE_BEZIER_KNOTS.);
#6933 = CARTESIAN_POINT('',(-0.786350048368,-0.196179525223,10.));
#6934 = CARTESIAN_POINT('',(-1.237611175964,-0.4,10.));
#6935 = CARTESIAN_POINT('',(-1.892692778338,-0.4,10.));
#6936 = SURFACE_OF_LINEAR_EXTRUSION('',#6937,#6941);
#6937 = B_SPLINE_CURVE_WITH_KNOTS('',2,(#6938,#6939,#6940),
  .UNSPECIFIED.,.F.,.F.,(3,3),(0.,1.),.PIECEWISE_BEZIER_KNOTS.);
#6938 = CARTESIAN_POINT('',(-0.786350048368,-0.196179525223,10.));
#6939 = CARTESIAN_POINT('',(-1.237611175964,-0.4,10.));
#6940 = CARTESIAN_POINT('',(-1.892692778338,-0.4,10.));
#6941 = VECTOR('',#6942,1.);
#6942 = DIRECTION('',(-0.,-0.,1.));
#6943 = ADVANCED_FACE('',(#6944),#6969,.F.);
#6944 = FACE_BOUND('',#6945,.F.);
#6945 = EDGE_LOOP('',(#6946,#6956,#6962,#6963));
#6946 = ORIENTED_EDGE('',*,*,#6947,.T.);
#6947 = EDGE_CURVE('',#6948,#6950,#6952,.T.);
#6948 = VERTEX_POINT('',#6949);
#6949 = CARTESIAN_POINT('',(-9.959188813056E-02,0.3875,10.));
#6950 = VERTEX_POINT('',#6951);
#6951 = CARTESIAN_POINT('',(-9.959188813056E-02,0.3875,9.6));
#6952 = LINE('',#6953,#6954);
#6953 = CARTESIAN_POINT('',(-9.959188813056E-02,0.3875,10.));
#6954 = VECTOR('',#6955,1.);
#6955 = DIRECTION('',(0.,0.,-1.));
#6956 = ORIENTED_EDGE('',*,*,#6957,.T.);
#6957 = EDGE_CURVE('',#6950,#6917,#6958,.T.);
#6958 = B_SPLINE_CURVE_WITH_KNOTS('',2,(#6959,#6960,#6961),
  .UNSPECIFIED.,.F.,.F.,(3,3),(0.,1.),.PIECEWISE_BEZIER_KNOTS.);
#6959 = CARTESIAN_POINT('',(-9.959188813056E-02,0.3875,9.6));
#6960 = CARTESIAN_POINT('',(-0.335088920772,7.640949554896E-03,9.6));
#6961 = CARTESIAN_POINT('',(-0.786350048368,-0.196179525223,9.6));
#6962 = ORIENTED_EDGE('',*,*,#6914,.F.);
#6963 = ORIENTED_EDGE('',*,*,#6964,.F.);
#6964 = EDGE_CURVE('',#6948,#6915,#6965,.T.);
#6965 = B_SPLINE_CURVE_WITH_KNOTS('',2,(#6966,#6967,#6968),
  .UNSPECIFIED.,.F.,.F.,(3,3),(0.,1.),.PIECEWISE_BEZIER_KNOTS.);
#6966 = CARTESIAN_POINT('',(-9.959188813056E-02,0.3875,10.));
#6967 = CARTESIAN_POINT('',(-0.335088920772,7.640949554896E-03,10.));
#6968 = CARTESIAN_POINT('',(-0.786350048368,-0.196179525223,10.));
#6969 = SURFACE_OF_LINEAR_EXTRUSION('',#6970,#6974);
#6970 = B_SPLINE_CURVE_WITH_KNOTS('',2,(#6971,#6972,#6973),
  .UNSPECIFIED.,.F.,.F.,(3,3),(0.,1.),.PIECEWISE_BEZIER_KNOTS.);
#6971 = CARTESIAN_POINT('',(-9.959188813056E-02,0.3875,10.));
#6972 = CARTESIAN_POINT('',(-0.335088920772,7.640949554896E-03,10.));
#6973 = CARTESIAN_POINT('',(-0.786350048368,-0.196179525223,10.));
#6974 = VECTOR('',#6975,1.);
#6975 = DIRECTION('',(-0.,-0.,1.));
#6976 = ADVANCED_FACE('',(#6977),#7002,.F.);
#6977 = FACE_BOUND('',#6978,.F.);
#6978 = EDGE_LOOP('',(#6979,#6989,#6995,#6996));
#6979 = ORIENTED_EDGE('',*,*,#6980,.T.);
#6980 = EDGE_CURVE('',#6981,#6983,#6985,.T.);
#6981 = VERTEX_POINT('',#6982);
#6982 = CARTESIAN_POINT('',(0.13590514451,1.294955489614,10.));
#6983 = VERTEX_POINT('',#6984);
#6984 = CARTESIAN_POINT('',(0.13590514451,1.294955489614,9.6));
#6985 = LINE('',#6986,#6987);
#6986 = CARTESIAN_POINT('',(0.13590514451,1.294955489614,10.));
#6987 = VECTOR('',#6988,1.);
#6988 = DIRECTION('',(0.,0.,-1.));
#6989 = ORIENTED_EDGE('',*,*,#6990,.T.);
#6990 = EDGE_CURVE('',#6983,#6950,#6991,.T.);
#6991 = B_SPLINE_CURVE_WITH_KNOTS('',2,(#6992,#6993,#6994),
  .UNSPECIFIED.,.F.,.F.,(3,3),(0.,1.),.PIECEWISE_BEZIER_KNOTS.);
#6992 = CARTESIAN_POINT('',(0.13590514451,1.294955489614,9.6));
#6993 = CARTESIAN_POINT('',(0.13590514451,0.767359050445,9.6));
#6994 = CARTESIAN_POINT('',(-9.959188813056E-02,0.3875,9.6));
#6995 = ORIENTED_EDGE('',*,*,#6947,.F.);
#6996 = ORIENTED_EDGE('',*,*,#6997,.F.);
#6997 = EDGE_CURVE('',#6981,#6948,#6998,.T.);
#6998 = B_SPLINE_CURVE_WITH_KNOTS('',2,(#6999,#7000,#7001),
  .UNSPECIFIED.,.F.,.F.,(3,3),(0.,1.),.PIECEWISE_BEZIER_KNOTS.);
#6999 = CARTESIAN_POINT('',(0.13590514451,1.294955489614,10.));
#7000 = CARTESIAN_POINT('',(0.13590514451,0.767359050445,10.));
#7001 = CARTESIAN_POINT('',(-9.959188813056E-02,0.3875,10.));
#7002 = SURFACE_OF_LINEAR_EXTRUSION('',#7003,#7007);
#7003 = B_SPLINE_CURVE_WITH_KNOTS('',2,(#7004,#7005,#7006),
  .UNSPECIFIED.,.F.,.F.,(3,3),(0.,1.),.PIECEWISE_BEZIER_KNOTS.);
#7004 = CARTESIAN_POINT('',(0.13590514451,1.294955489614,10.));
#7005 = CARTESIAN_POINT('',(0.13590514451,0.767359050445,10.));
#7006 = CARTESIAN_POINT('',(-9.959188813056E-02,0.3875,10.));
#7007 = VECTOR('',#7008,1.);
#7008 = DIRECTION('',(-0.,-0.,1.));
#7009 = ADVANCED_FACE('',(#7010),#7035,.F.);
#7010 = FACE_BOUND('',#7011,.F.);
#7011 = EDGE_LOOP('',(#7012,#7022,#7028,#7029));
#7012 = ORIENTED_EDGE('',*,*,#7013,.T.);
#7013 = EDGE_CURVE('',#7014,#7016,#7018,.T.);
#7014 = VERTEX_POINT('',#7015);
#7015 = CARTESIAN_POINT('',(-0.100890107715,2.062203264095,10.));
#7016 = VERTEX_POINT('',#7017);
#7017 = CARTESIAN_POINT('',(-0.100890107715,2.062203264095,9.6));
#7018 = LINE('',#7019,#7020);
#7019 = CARTESIAN_POINT('',(-0.100890107715,2.062203264095,10.));
#7020 = VECTOR('',#7021,1.);
#7021 = DIRECTION('',(0.,0.,-1.));
#7022 = ORIENTED_EDGE('',*,*,#7023,.T.);
#7023 = EDGE_CURVE('',#7016,#6983,#7024,.T.);
#7024 = B_SPLINE_CURVE_WITH_KNOTS('',2,(#7025,#7026,#7027),
  .UNSPECIFIED.,.F.,.F.,(3,3),(0.,1.),.PIECEWISE_BEZIER_KNOTS.);
#7025 = CARTESIAN_POINT('',(-0.100890107715,2.062203264095,9.6));
#7026 = CARTESIAN_POINT('',(0.13590514451,1.73453264095,9.6));
#7027 = CARTESIAN_POINT('',(0.13590514451,1.294955489614,9.6));
#7028 = ORIENTED_EDGE('',*,*,#6980,.F.);
#7029 = ORIENTED_EDGE('',*,*,#7030,.F.);
#7030 = EDGE_CURVE('',#7014,#6981,#7031,.T.);
#7031 = B_SPLINE_CURVE_WITH_KNOTS('',2,(#7032,#7033,#7034),
  .UNSPECIFIED.,.F.,.F.,(3,3),(0.,1.),.PIECEWISE_BEZIER_KNOTS.);
#7032 = CARTESIAN_POINT('',(-0.100890107715,2.062203264095,10.));
#7033 = CARTESIAN_POINT('',(0.13590514451,1.73453264095,10.));
#7034 = CARTESIAN_POINT('',(0.13590514451,1.294955489614,10.));
#7035 = SURFACE_OF_LINEAR_EXTRUSION('',#7036,#7040);
#7036 = B_SPLINE_CURVE_WITH_KNOTS('',2,(#7037,#7038,#7039),
  .UNSPECIFIED.,.F.,.F.,(3,3),(0.,1.),.PIECEWISE_BEZIER_KNOTS.);
#7037 = CARTESIAN_POINT('',(-0.100890107715,2.062203264095,10.));
#7038 = CARTESIAN_POINT('',(0.13590514451,1.73453264095,10.));
#7039 = CARTESIAN_POINT('',(0.13590514451,1.294955489614,10.));
#7040 = VECTOR('',#7041,1.);
#7041 = DIRECTION('',(-0.,-0.,1.));
#7042 = ADVANCED_FACE('',(#7043),#7068,.F.);
#7043 = FACE_BOUND('',#7044,.F.);
#7044 = EDGE_LOOP('',(#7045,#7055,#7061,#7062));
#7045 = ORIENTED_EDGE('',*,*,#7046,.T.);
#7046 = EDGE_CURVE('',#7047,#7049,#7051,.T.);
#7047 = VERTEX_POINT('',#7048);
#7048 = CARTESIAN_POINT('',(-0.642247674481,2.534235905045,10.));
#7049 = VERTEX_POINT('',#7050);
#7050 = CARTESIAN_POINT('',(-0.642247674481,2.534235905045,9.6));
#7051 = LINE('',#7052,#7053);
#7052 = CARTESIAN_POINT('',(-0.642247674481,2.534235905045,10.));
#7053 = VECTOR('',#7054,1.);
#7054 = DIRECTION('',(0.,0.,-1.));
#7055 = ORIENTED_EDGE('',*,*,#7056,.T.);
#7056 = EDGE_CURVE('',#7049,#7016,#7057,.T.);
#7057 = B_SPLINE_CURVE_WITH_KNOTS('',2,(#7058,#7059,#7060),
  .UNSPECIFIED.,.F.,.F.,(3,3),(0.,1.),.PIECEWISE_BEZIER_KNOTS.);
#7058 = CARTESIAN_POINT('',(-0.642247674481,2.534235905045,9.6));
#7059 = CARTESIAN_POINT('',(-0.337425716024,2.390133531157,9.6));
#7060 = CARTESIAN_POINT('',(-0.100890107715,2.062203264095,9.6));
#7061 = ORIENTED_EDGE('',*,*,#7013,.F.);
#7062 = ORIENTED_EDGE('',*,*,#7063,.F.);
#7063 = EDGE_CURVE('',#7047,#7014,#7064,.T.);
#7064 = B_SPLINE_CURVE_WITH_KNOTS('',2,(#7065,#7066,#7067),
  .UNSPECIFIED.,.F.,.F.,(3,3),(0.,1.),.PIECEWISE_BEZIER_KNOTS.);
#7065 = CARTESIAN_POINT('',(-0.642247674481,2.534235905045,10.));
#7066 = CARTESIAN_POINT('',(-0.337425716024,2.390133531157,10.));
#7067 = CARTESIAN_POINT('',(-0.100890107715,2.062203264095,10.));
#7068 = SURFACE_OF_LINEAR_EXTRUSION('',#7069,#7073);
#7069 = B_SPLINE_CURVE_WITH_KNOTS('',2,(#7070,#7071,#7072),
  .UNSPECIFIED.,.F.,.F.,(3,3),(0.,1.),.PIECEWISE_BEZIER_KNOTS.);
#7070 = CARTESIAN_POINT('',(-0.642247674481,2.534235905045,10.));
#7071 = CARTESIAN_POINT('',(-0.337425716024,2.390133531157,10.));
#7072 = CARTESIAN_POINT('',(-0.100890107715,2.062203264095,10.));
#7073 = VECTOR('',#7074,1.);
#7074 = DIRECTION('',(-0.,-0.,1.));
#7075 = ADVANCED_FACE('',(#7076),#7101,.F.);
#7076 = FACE_BOUND('',#7077,.F.);
#7077 = EDGE_LOOP('',(#7078,#7088,#7094,#7095));
#7078 = ORIENTED_EDGE('',*,*,#7079,.T.);
#7079 = EDGE_CURVE('',#7080,#7082,#7084,.T.);
#7080 = VERTEX_POINT('',#7081);
#7081 = CARTESIAN_POINT('',(-0.35118684362,2.742210682493,10.));
#7082 = VERTEX_POINT('',#7083);
#7083 = CARTESIAN_POINT('',(-0.35118684362,2.742210682493,9.6));
#7084 = LINE('',#7085,#7086);
#7085 = CARTESIAN_POINT('',(-0.35118684362,2.742210682493,10.));
#7086 = VECTOR('',#7087,1.);
#7087 = DIRECTION('',(0.,0.,-1.));
#7088 = ORIENTED_EDGE('',*,*,#7089,.T.);
#7089 = EDGE_CURVE('',#7082,#7049,#7090,.T.);
#7090 = B_SPLINE_CURVE_WITH_KNOTS('',2,(#7091,#7092,#7093),
  .UNSPECIFIED.,.F.,.F.,(3,3),(0.,1.),.PIECEWISE_BEZIER_KNOTS.);
#7091 = CARTESIAN_POINT('',(-0.35118684362,2.742210682493,9.6));
#7092 = CARTESIAN_POINT('',(-0.506713549852,2.598108308605,9.6));
#7093 = CARTESIAN_POINT('',(-0.642247674481,2.534235905045,9.6));
#7094 = ORIENTED_EDGE('',*,*,#7046,.F.);
#7095 = ORIENTED_EDGE('',*,*,#7096,.F.);
#7096 = EDGE_CURVE('',#7080,#7047,#7097,.T.);
#7097 = B_SPLINE_CURVE_WITH_KNOTS('',2,(#7098,#7099,#7100),
  .UNSPECIFIED.,.F.,.F.,(3,3),(0.,1.),.PIECEWISE_BEZIER_KNOTS.);
#7098 = CARTESIAN_POINT('',(-0.35118684362,2.742210682493,10.));
#7099 = CARTESIAN_POINT('',(-0.506713549852,2.598108308605,10.));
#7100 = CARTESIAN_POINT('',(-0.642247674481,2.534235905045,10.));
#7101 = SURFACE_OF_LINEAR_EXTRUSION('',#7102,#7106);
#7102 = B_SPLINE_CURVE_WITH_KNOTS('',2,(#7103,#7104,#7105),
  .UNSPECIFIED.,.F.,.F.,(3,3),(0.,1.),.PIECEWISE_BEZIER_KNOTS.);
#7103 = CARTESIAN_POINT('',(-0.35118684362,2.742210682493,10.));
#7104 = CARTESIAN_POINT('',(-0.506713549852,2.598108308605,10.));
#7105 = CARTESIAN_POINT('',(-0.642247674481,2.534235905045,10.));
#7106 = VECTOR('',#7107,1.);
#7107 = DIRECTION('',(-0.,-0.,1.));
#7108 = ADVANCED_FACE('',(#7109),#7134,.F.);
#7109 = FACE_BOUND('',#7110,.F.);
#7110 = EDGE_LOOP('',(#7111,#7121,#7127,#7128));
#7111 = ORIENTED_EDGE('',*,*,#7112,.T.);
#7112 = EDGE_CURVE('',#7113,#7115,#7117,.T.);
#7113 = VERTEX_POINT('',#7114);
#7114 = CARTESIAN_POINT('',(-8.816755578635E-02,3.106491097923,10.));
#7115 = VERTEX_POINT('',#7116);
#7116 = CARTESIAN_POINT('',(-8.816755578635E-02,3.106491097923,9.6));
#7117 = LINE('',#7118,#7119);
#7118 = CARTESIAN_POINT('',(-8.816755578635E-02,3.106491097923,10.));
#7119 = VECTOR('',#7120,1.);
#7120 = DIRECTION('',(0.,0.,-1.));
#7121 = ORIENTED_EDGE('',*,*,#7122,.T.);
#7122 = EDGE_CURVE('',#7115,#7082,#7123,.T.);
#7123 = B_SPLINE_CURVE_WITH_KNOTS('',2,(#7124,#7125,#7126),
  .UNSPECIFIED.,.F.,.F.,(3,3),(0.,1.),.PIECEWISE_BEZIER_KNOTS.);
#7124 = CARTESIAN_POINT('',(-8.816755578635E-02,3.106491097923,9.6));
#7125 = CARTESIAN_POINT('',(-0.195660137389,2.88631305638,9.6));
#7126 = CARTESIAN_POINT('',(-0.35118684362,2.742210682493,9.6));
#7127 = ORIENTED_EDGE('',*,*,#7079,.F.);
#7128 = ORIENTED_EDGE('',*,*,#7129,.F.);
#7129 = EDGE_CURVE('',#7113,#7080,#7130,.T.);
#7130 = B_SPLINE_CURVE_WITH_KNOTS('',2,(#7131,#7132,#7133),
  .UNSPECIFIED.,.F.,.F.,(3,3),(0.,1.),.PIECEWISE_BEZIER_KNOTS.);
#7131 = CARTESIAN_POINT('',(-8.816755578635E-02,3.106491097923,10.));
#7132 = CARTESIAN_POINT('',(-0.195660137389,2.88631305638,10.));
#7133 = CARTESIAN_POINT('',(-0.35118684362,2.742210682493,10.));
#7134 = SURFACE_OF_LINEAR_EXTRUSION('',#7135,#7139);
#7135 = B_SPLINE_CURVE_WITH_KNOTS('',2,(#7136,#7137,#7138),
  .UNSPECIFIED.,.F.,.F.,(3,3),(0.,1.),.PIECEWISE_BEZIER_KNOTS.);
#7136 = CARTESIAN_POINT('',(-8.816755578635E-02,3.106491097923,10.));
#7137 = CARTESIAN_POINT('',(-0.195660137389,2.88631305638,10.));
#7138 = CARTESIAN_POINT('',(-0.35118684362,2.742210682493,10.));
#7139 = VECTOR('',#7140,1.);
#7140 = DIRECTION('',(-0.,-0.,1.));
#7141 = ADVANCED_FACE('',(#7142),#7167,.F.);
#7142 = FACE_BOUND('',#7143,.F.);
#7143 = EDGE_LOOP('',(#7144,#7154,#7160,#7161));
#7144 = ORIENTED_EDGE('',*,*,#7145,.T.);
#7145 = EDGE_CURVE('',#7146,#7148,#7150,.T.);
#7146 = VERTEX_POINT('',#7147);
#7147 = CARTESIAN_POINT('',(1.958466973294E-02,3.61487388724,10.));
#7148 = VERTEX_POINT('',#7149);
#7149 = CARTESIAN_POINT('',(1.958466973294E-02,3.61487388724,9.6));
#7150 = LINE('',#7151,#7152);
#7151 = CARTESIAN_POINT('',(1.958466973294E-02,3.61487388724,10.));
#7152 = VECTOR('',#7153,1.);
#7153 = DIRECTION('',(0.,0.,-1.));
#7154 = ORIENTED_EDGE('',*,*,#7155,.T.);
#7155 = EDGE_CURVE('',#7148,#7115,#7156,.T.);
#7156 = B_SPLINE_CURVE_WITH_KNOTS('',2,(#7157,#7158,#7159),
  .UNSPECIFIED.,.F.,.F.,(3,3),(0.,1.),.PIECEWISE_BEZIER_KNOTS.);
#7157 = CARTESIAN_POINT('',(1.958466973294E-02,3.61487388724,9.6));
#7158 = CARTESIAN_POINT('',(1.958466973294E-02,3.326669139466,9.6));
#7159 = CARTESIAN_POINT('',(-8.816755578635E-02,3.106491097923,9.6));
#7160 = ORIENTED_EDGE('',*,*,#7112,.F.);
#7161 = ORIENTED_EDGE('',*,*,#7162,.F.);
#7162 = EDGE_CURVE('',#7146,#7113,#7163,.T.);
#7163 = B_SPLINE_CURVE_WITH_KNOTS('',2,(#7164,#7165,#7166),
  .UNSPECIFIED.,.F.,.F.,(3,3),(0.,1.),.PIECEWISE_BEZIER_KNOTS.);
#7164 = CARTESIAN_POINT('',(1.958466973294E-02,3.61487388724,10.));
#7165 = CARTESIAN_POINT('',(1.958466973294E-02,3.326669139466,10.));
#7166 = CARTESIAN_POINT('',(-8.816755578635E-02,3.106491097923,10.));
#7167 = SURFACE_OF_LINEAR_EXTRUSION('',#7168,#7172);
#7168 = B_SPLINE_CURVE_WITH_KNOTS('',2,(#7169,#7170,#7171),
  .UNSPECIFIED.,.F.,.F.,(3,3),(0.,1.),.PIECEWISE_BEZIER_KNOTS.);
#7169 = CARTESIAN_POINT('',(1.958466973294E-02,3.61487388724,10.));
#7170 = CARTESIAN_POINT('',(1.958466973294E-02,3.326669139466,10.));
#7171 = CARTESIAN_POINT('',(-8.816755578635E-02,3.106491097923,10.));
#7172 = VECTOR('',#7173,1.);
#7173 = DIRECTION('',(-0.,-0.,1.));
#7174 = ADVANCED_FACE('',(#7175),#7200,.F.);
#7175 = FACE_BOUND('',#7176,.F.);
#7176 = EDGE_LOOP('',(#7177,#7187,#7193,#7194));
#7177 = ORIENTED_EDGE('',*,*,#7178,.T.);
#7178 = EDGE_CURVE('',#7179,#7181,#7183,.T.);
#7179 = VERTEX_POINT('',#7180);
#7180 = CARTESIAN_POINT('',(-0.192025122552,4.459495548961,10.));
#7181 = VERTEX_POINT('',#7182);
#7182 = CARTESIAN_POINT('',(-0.192025122552,4.459495548961,9.6));
#7183 = LINE('',#7184,#7185);
#7184 = CARTESIAN_POINT('',(-0.192025122552,4.459495548961,10.));
#7185 = VECTOR('',#7186,1.);
#7186 = DIRECTION('',(0.,0.,-1.));
#7187 = ORIENTED_EDGE('',*,*,#7188,.T.);
#7188 = EDGE_CURVE('',#7181,#7148,#7189,.T.);
#7189 = B_SPLINE_CURVE_WITH_KNOTS('',2,(#7190,#7191,#7192),
  .UNSPECIFIED.,.F.,.F.,(3,3),(0.,1.),.PIECEWISE_BEZIER_KNOTS.);
#7190 = CARTESIAN_POINT('',(-0.192025122552,4.459495548961,9.6));
#7191 = CARTESIAN_POINT('',(1.958466973294E-02,4.103264094955,9.6));
#7192 = CARTESIAN_POINT('',(1.958466973294E-02,3.61487388724,9.6));
#7193 = ORIENTED_EDGE('',*,*,#7145,.F.);
#7194 = ORIENTED_EDGE('',*,*,#7195,.F.);
#7195 = EDGE_CURVE('',#7179,#7146,#7196,.T.);
#7196 = B_SPLINE_CURVE_WITH_KNOTS('',2,(#7197,#7198,#7199),
  .UNSPECIFIED.,.F.,.F.,(3,3),(0.,1.),.PIECEWISE_BEZIER_KNOTS.);
#7197 = CARTESIAN_POINT('',(-0.192025122552,4.459495548961,10.));
#7198 = CARTESIAN_POINT('',(1.958466973294E-02,4.103264094955,10.));
#7199 = CARTESIAN_POINT('',(1.958466973294E-02,3.61487388724,10.));
#7200 = SURFACE_OF_LINEAR_EXTRUSION('',#7201,#7205);
#7201 = B_SPLINE_CURVE_WITH_KNOTS('',2,(#7202,#7203,#7204),
  .UNSPECIFIED.,.F.,.F.,(3,3),(0.,1.),.PIECEWISE_BEZIER_KNOTS.);
#7202 = CARTESIAN_POINT('',(-0.192025122552,4.459495548961,10.));
#7203 = CARTESIAN_POINT('',(1.958466973294E-02,4.103264094955,10.));
#7204 = CARTESIAN_POINT('',(1.958466973294E-02,3.61487388724,10.));
#7205 = VECTOR('',#7206,1.);
#7206 = DIRECTION('',(-0.,-0.,1.));
#7207 = ADVANCED_FACE('',(#7208),#7233,.F.);
#7208 = FACE_BOUND('',#7209,.F.);
#7209 = EDGE_LOOP('',(#7210,#7220,#7226,#7227));
#7210 = ORIENTED_EDGE('',*,*,#7211,.T.);
#7211 = EDGE_CURVE('',#7212,#7214,#7216,.T.);
#7212 = VERTEX_POINT('',#7213);
#7213 = CARTESIAN_POINT('',(-0.842173490504,5.007863501484,10.));
#7214 = VERTEX_POINT('',#7215);
#7215 = CARTESIAN_POINT('',(-0.842173490504,5.007863501484,9.6));
#7216 = LINE('',#7217,#7218);
#7217 = CARTESIAN_POINT('',(-0.842173490504,5.007863501484,10.));
#7218 = VECTOR('',#7219,1.);
#7219 = DIRECTION('',(0.,0.,-1.));
#7220 = ORIENTED_EDGE('',*,*,#7221,.T.);
#7221 = EDGE_CURVE('',#7214,#7181,#7222,.T.);
#7222 = B_SPLINE_CURVE_WITH_KNOTS('',2,(#7223,#7224,#7225),
  .UNSPECIFIED.,.F.,.F.,(3,3),(0.,1.),.PIECEWISE_BEZIER_KNOTS.);
#7223 = CARTESIAN_POINT('',(-0.842173490504,5.007863501484,9.6));
#7224 = CARTESIAN_POINT('',(-0.40337527092,4.815727002967,9.6));
#7225 = CARTESIAN_POINT('',(-0.192025122552,4.459495548961,9.6));
#7226 = ORIENTED_EDGE('',*,*,#7178,.F.);
#7227 = ORIENTED_EDGE('',*,*,#7228,.F.);
#7228 = EDGE_CURVE('',#7212,#7179,#7229,.T.);
#7229 = B_SPLINE_CURVE_WITH_KNOTS('',2,(#7230,#7231,#7232),
  .UNSPECIFIED.,.F.,.F.,(3,3),(0.,1.),.PIECEWISE_BEZIER_KNOTS.);
#7230 = CARTESIAN_POINT('',(-0.842173490504,5.007863501484,10.));
#7231 = CARTESIAN_POINT('',(-0.40337527092,4.815727002967,10.));
#7232 = CARTESIAN_POINT('',(-0.192025122552,4.459495548961,10.));
#7233 = SURFACE_OF_LINEAR_EXTRUSION('',#7234,#7238);
#7234 = B_SPLINE_CURVE_WITH_KNOTS('',2,(#7235,#7236,#7237),
  .UNSPECIFIED.,.F.,.F.,(3,3),(0.,1.),.PIECEWISE_BEZIER_KNOTS.);
#7235 = CARTESIAN_POINT('',(-0.842173490504,5.007863501484,10.));
#7236 = CARTESIAN_POINT('',(-0.40337527092,4.815727002967,10.));
#7237 = CARTESIAN_POINT('',(-0.192025122552,4.459495548961,10.));
#7238 = VECTOR('',#7239,1.);
#7239 = DIRECTION('',(-0.,-0.,1.));
#7240 = ADVANCED_FACE('',(#7241),#7266,.F.);
#7241 = FACE_BOUND('',#7242,.F.);
#7242 = EDGE_LOOP('',(#7243,#7253,#7259,#7260));
#7243 = ORIENTED_EDGE('',*,*,#7244,.T.);
#7244 = EDGE_CURVE('',#7245,#7247,#7249,.T.);
#7245 = VERTEX_POINT('',#7246);
#7246 = CARTESIAN_POINT('',(-1.966950938576,5.2,10.));
#7247 = VERTEX_POINT('',#7248);
#7248 = CARTESIAN_POINT('',(-1.966950938576,5.2,9.6));
#7249 = LINE('',#7250,#7251);
#7250 = CARTESIAN_POINT('',(-1.966950938576,5.2,10.));
#7251 = VECTOR('',#7252,1.);
#7252 = DIRECTION('',(0.,0.,-1.));
#7253 = ORIENTED_EDGE('',*,*,#7254,.T.);
#7254 = EDGE_CURVE('',#7247,#7214,#7255,.T.);
#7255 = B_SPLINE_CURVE_WITH_KNOTS('',2,(#7256,#7257,#7258),
  .UNSPECIFIED.,.F.,.F.,(3,3),(0.,1.),.PIECEWISE_BEZIER_KNOTS.);
#7256 = CARTESIAN_POINT('',(-1.966950938576,5.2,9.6));
#7257 = CARTESIAN_POINT('',(-1.280712066172,5.2,9.6));
#7258 = CARTESIAN_POINT('',(-0.842173490504,5.007863501484,9.6));
#7259 = ORIENTED_EDGE('',*,*,#7211,.F.);
#7260 = ORIENTED_EDGE('',*,*,#7261,.F.);
#7261 = EDGE_CURVE('',#7245,#7212,#7262,.T.);
#7262 = B_SPLINE_CURVE_WITH_KNOTS('',2,(#7263,#7264,#7265),
  .UNSPECIFIED.,.F.,.F.,(3,3),(0.,1.),.PIECEWISE_BEZIER_KNOTS.);
#7263 = CARTESIAN_POINT('',(-1.966950938576,5.2,10.));
#7264 = CARTESIAN_POINT('',(-1.280712066172,5.2,10.));
#7265 = CARTESIAN_POINT('',(-0.842173490504,5.007863501484,10.));
#7266 = SURFACE_OF_LINEAR_EXTRUSION('',#7267,#7271);
#7267 = B_SPLINE_CURVE_WITH_KNOTS('',2,(#7268,#7269,#7270),
  .UNSPECIFIED.,.F.,.F.,(3,3),(0.,1.),.PIECEWISE_BEZIER_KNOTS.);
#7268 = CARTESIAN_POINT('',(-1.966950938576,5.2,10.));
#7269 = CARTESIAN_POINT('',(-1.280712066172,5.2,10.));
#7270 = CARTESIAN_POINT('',(-0.842173490504,5.007863501484,10.));
#7271 = VECTOR('',#7272,1.);
#7272 = DIRECTION('',(-0.,-0.,1.));
#7273 = ADVANCED_FACE('',(#7274),#7299,.F.);
#7274 = FACE_BOUND('',#7275,.F.);
#7275 = EDGE_LOOP('',(#7276,#7286,#7292,#7293));
#7276 = ORIENTED_EDGE('',*,*,#7277,.T.);
#7277 = EDGE_CURVE('',#7278,#7280,#7282,.T.);
#7278 = VERTEX_POINT('',#7279);
#7279 = CARTESIAN_POINT('',(-4.40059337181,5.2,10.));
#7280 = VERTEX_POINT('',#7281);
#7281 = CARTESIAN_POINT('',(-4.40059337181,5.2,9.6));
#7282 = LINE('',#7283,#7284);
#7283 = CARTESIAN_POINT('',(-4.40059337181,5.2,10.));
#7284 = VECTOR('',#7285,1.);
#7285 = DIRECTION('',(0.,0.,-1.));
#7286 = ORIENTED_EDGE('',*,*,#7287,.T.);
#7287 = EDGE_CURVE('',#7280,#7247,#7288,.T.);
#7288 = LINE('',#7289,#7290);
#7289 = CARTESIAN_POINT('',(-4.40059337181,5.2,9.6));
#7290 = VECTOR('',#7291,1.);
#7291 = DIRECTION('',(1.,0.,0.));
#7292 = ORIENTED_EDGE('',*,*,#7244,.F.);
#7293 = ORIENTED_EDGE('',*,*,#7294,.F.);
#7294 = EDGE_CURVE('',#7278,#7245,#7295,.T.);
#7295 = LINE('',#7296,#7297);
#7296 = CARTESIAN_POINT('',(-4.40059337181,5.2,10.));
#7297 = VECTOR('',#7298,1.);
#7298 = DIRECTION('',(1.,0.,0.));
#7299 = PLANE('',#7300);
#7300 = AXIS2_PLACEMENT_3D('',#7301,#7302,#7303);
#7301 = CARTESIAN_POINT('',(-4.40059337181,5.2,10.));
#7302 = DIRECTION('',(0.,-1.,0.));
#7303 = DIRECTION('',(1.,0.,0.));
#7304 = ADVANCED_FACE('',(#7305),#7330,.F.);
#7305 = FACE_BOUND('',#7306,.F.);
#7306 = EDGE_LOOP('',(#7307,#7317,#7323,#7324));
#7307 = ORIENTED_EDGE('',*,*,#7308,.T.);
#7308 = EDGE_CURVE('',#7309,#7311,#7313,.T.);
#7309 = VERTEX_POINT('',#7310);
#7310 = CARTESIAN_POINT('',(-4.544176457864,5.143916913947,10.));
#7311 = VERTEX_POINT('',#7312);
#7312 = CARTESIAN_POINT('',(-4.544176457864,5.143916913947,9.6));
#7313 = LINE('',#7314,#7315);
#7314 = CARTESIAN_POINT('',(-4.544176457864,5.143916913947,10.));
#7315 = VECTOR('',#7316,1.);
#7316 = DIRECTION('',(0.,0.,-1.));
#7317 = ORIENTED_EDGE('',*,*,#7318,.T.);
#7318 = EDGE_CURVE('',#7311,#7280,#7319,.T.);
#7319 = B_SPLINE_CURVE_WITH_KNOTS('',2,(#7320,#7321,#7322),
  .UNSPECIFIED.,.F.,.F.,(3,3),(0.,1.),.PIECEWISE_BEZIER_KNOTS.);
#7320 = CARTESIAN_POINT('',(-4.544176457864,5.143916913947,9.6));
#7321 = CARTESIAN_POINT('',(-4.488353015727,5.2,9.6));
#7322 = CARTESIAN_POINT('',(-4.40059337181,5.2,9.6));
#7323 = ORIENTED_EDGE('',*,*,#7277,.F.);
#7324 = ORIENTED_EDGE('',*,*,#7325,.F.);
#7325 = EDGE_CURVE('',#7309,#7278,#7326,.T.);
#7326 = B_SPLINE_CURVE_WITH_KNOTS('',2,(#7327,#7328,#7329),
  .UNSPECIFIED.,.F.,.F.,(3,3),(0.,1.),.PIECEWISE_BEZIER_KNOTS.);
#7327 = CARTESIAN_POINT('',(-4.544176457864,5.143916913947,10.));
#7328 = CARTESIAN_POINT('',(-4.488353015727,5.2,10.));
#7329 = CARTESIAN_POINT('',(-4.40059337181,5.2,10.));
#7330 = SURFACE_OF_LINEAR_EXTRUSION('',#7331,#7335);
#7331 = B_SPLINE_CURVE_WITH_KNOTS('',2,(#7332,#7333,#7334),
  .UNSPECIFIED.,.F.,.F.,(3,3),(0.,1.),.PIECEWISE_BEZIER_KNOTS.);
#7332 = CARTESIAN_POINT('',(-4.544176457864,5.143916913947,10.));
#7333 = CARTESIAN_POINT('',(-4.488353015727,5.2,10.));
#7334 = CARTESIAN_POINT('',(-4.40059337181,5.2,10.));
#7335 = VECTOR('',#7336,1.);
#7336 = DIRECTION('',(-0.,-0.,1.));
#7337 = ADVANCED_FACE('',(#7338),#7363,.F.);
#7338 = FACE_BOUND('',#7339,.F.);
#7339 = EDGE_LOOP('',(#7340,#7350,#7356,#7357));
#7340 = ORIENTED_EDGE('',*,*,#7341,.T.);
#7341 = EDGE_CURVE('',#7342,#7344,#7346,.T.);
#7342 = VERTEX_POINT('',#7343);
#7343 = CARTESIAN_POINT('',(-4.5999999,5.000074183976,10.));
#7344 = VERTEX_POINT('',#7345);
#7345 = CARTESIAN_POINT('',(-4.5999999,5.000074183976,9.6));
#7346 = LINE('',#7347,#7348);
#7347 = CARTESIAN_POINT('',(-4.5999999,5.000074183976,10.));
#7348 = VECTOR('',#7349,1.);
#7349 = DIRECTION('',(0.,0.,-1.));
#7350 = ORIENTED_EDGE('',*,*,#7351,.T.);
#7351 = EDGE_CURVE('',#7344,#7311,#7352,.T.);
#7352 = B_SPLINE_CURVE_WITH_KNOTS('',2,(#7353,#7354,#7355),
  .UNSPECIFIED.,.F.,.F.,(3,3),(0.,1.),.PIECEWISE_BEZIER_KNOTS.);
#7353 = CARTESIAN_POINT('',(-4.5999999,5.000074183976,9.6));
#7354 = CARTESIAN_POINT('',(-4.5999999,5.08809347181,9.6));
#7355 = CARTESIAN_POINT('',(-4.544176457864,5.143916913947,9.6));
#7356 = ORIENTED_EDGE('',*,*,#7308,.F.);
#7357 = ORIENTED_EDGE('',*,*,#7358,.F.);
#7358 = EDGE_CURVE('',#7342,#7309,#7359,.T.);
#7359 = B_SPLINE_CURVE_WITH_KNOTS('',2,(#7360,#7361,#7362),
  .UNSPECIFIED.,.F.,.F.,(3,3),(0.,1.),.PIECEWISE_BEZIER_KNOTS.);
#7360 = CARTESIAN_POINT('',(-4.5999999,5.000074183976,10.));
#7361 = CARTESIAN_POINT('',(-4.5999999,5.08809347181,10.));
#7362 = CARTESIAN_POINT('',(-4.544176457864,5.143916913947,10.));
#7363 = SURFACE_OF_LINEAR_EXTRUSION('',#7364,#7368);
#7364 = B_SPLINE_CURVE_WITH_KNOTS('',2,(#7365,#7366,#7367),
  .UNSPECIFIED.,.F.,.F.,(3,3),(0.,1.),.PIECEWISE_BEZIER_KNOTS.);
#7365 = CARTESIAN_POINT('',(-4.5999999,5.000074183976,10.));
#7366 = CARTESIAN_POINT('',(-4.5999999,5.08809347181,10.));
#7367 = CARTESIAN_POINT('',(-4.544176457864,5.143916913947,10.));
#7368 = VECTOR('',#7369,1.);
#7369 = DIRECTION('',(-0.,-0.,1.));
#7370 = ADVANCED_FACE('',(#7371),#7396,.F.);
#7371 = FACE_BOUND('',#7372,.F.);
#7372 = EDGE_LOOP('',(#7373,#7383,#7389,#7390));
#7373 = ORIENTED_EDGE('',*,*,#7374,.T.);
#7374 = EDGE_CURVE('',#7375,#7377,#7379,.T.);
#7375 = VERTEX_POINT('',#7376);
#7376 = CARTESIAN_POINT('',(-4.5999999,-0.199814540059,10.));
#7377 = VERTEX_POINT('',#7378);
#7378 = CARTESIAN_POINT('',(-4.5999999,-0.199814540059,9.6));
#7379 = LINE('',#7380,#7381);
#7380 = CARTESIAN_POINT('',(-4.5999999,-0.199814540059,10.));
#7381 = VECTOR('',#7382,1.);
#7382 = DIRECTION('',(0.,0.,-1.));
#7383 = ORIENTED_EDGE('',*,*,#7384,.T.);
#7384 = EDGE_CURVE('',#7377,#7344,#7385,.T.);
#7385 = LINE('',#7386,#7387);
#7386 = CARTESIAN_POINT('',(-4.5999999,-0.199814540059,9.6));
#7387 = VECTOR('',#7388,1.);
#7388 = DIRECTION('',(0.,1.,0.));
#7389 = ORIENTED_EDGE('',*,*,#7341,.F.);
#7390 = ORIENTED_EDGE('',*,*,#7391,.F.);
#7391 = EDGE_CURVE('',#7375,#7342,#7392,.T.);
#7392 = LINE('',#7393,#7394);
#7393 = CARTESIAN_POINT('',(-4.5999999,-0.199814540059,10.));
#7394 = VECTOR('',#7395,1.);
#7395 = DIRECTION('',(0.,1.,0.));
#7396 = PLANE('',#7397);
#7397 = AXIS2_PLACEMENT_3D('',#7398,#7399,#7400);
#7398 = CARTESIAN_POINT('',(-4.5999999,-0.199814540059,10.));
#7399 = DIRECTION('',(1.,-0.,0.));
#7400 = DIRECTION('',(0.,1.,0.));
#7401 = ADVANCED_FACE('',(#7402),#7418,.F.);
#7402 = FACE_BOUND('',#7403,.F.);
#7403 = EDGE_LOOP('',(#7404,#7405,#7411,#7412));
#7404 = ORIENTED_EDGE('',*,*,#6859,.T.);
#7405 = ORIENTED_EDGE('',*,*,#7406,.T.);
#7406 = EDGE_CURVE('',#6852,#7377,#7407,.T.);
#7407 = B_SPLINE_CURVE_WITH_KNOTS('',2,(#7408,#7409,#7410),
  .UNSPECIFIED.,.F.,.F.,(3,3),(0.,1.),.PIECEWISE_BEZIER_KNOTS.);
#7408 = CARTESIAN_POINT('',(-4.544176457864,-0.340022255193,9.6));
#7409 = CARTESIAN_POINT('',(-4.5999999,-0.280044510386,9.6));
#7410 = CARTESIAN_POINT('',(-4.5999999,-0.199814540059,9.6));
#7411 = ORIENTED_EDGE('',*,*,#7374,.F.);
#7412 = ORIENTED_EDGE('',*,*,#7413,.F.);
#7413 = EDGE_CURVE('',#6860,#7375,#7414,.T.);
#7414 = B_SPLINE_CURVE_WITH_KNOTS('',2,(#7415,#7416,#7417),
  .UNSPECIFIED.,.F.,.F.,(3,3),(0.,1.),.PIECEWISE_BEZIER_KNOTS.);
#7415 = CARTESIAN_POINT('',(-4.544176457864,-0.340022255193,10.));
#7416 = CARTESIAN_POINT('',(-4.5999999,-0.280044510386,10.));
#7417 = CARTESIAN_POINT('',(-4.5999999,-0.199814540059,10.));
#7418 = SURFACE_OF_LINEAR_EXTRUSION('',#7419,#7423);
#7419 = B_SPLINE_CURVE_WITH_KNOTS('',2,(#7420,#7421,#7422),
  .UNSPECIFIED.,.F.,.F.,(3,3),(0.,1.),.PIECEWISE_BEZIER_KNOTS.);
#7420 = CARTESIAN_POINT('',(-4.544176457864,-0.340022255193,10.));
#7421 = CARTESIAN_POINT('',(-4.5999999,-0.280044510386,10.));
#7422 = CARTESIAN_POINT('',(-4.5999999,-0.199814540059,10.));
#7423 = VECTOR('',#7424,1.);
#7424 = DIRECTION('',(-0.,-0.,1.));
#7425 = ADVANCED_FACE('',(#7426),#7460,.F.);
#7426 = FACE_BOUND('',#7427,.F.);
#7427 = EDGE_LOOP('',(#7428,#7438,#7446,#7454));
#7428 = ORIENTED_EDGE('',*,*,#7429,.T.);
#7429 = EDGE_CURVE('',#7430,#7432,#7434,.T.);
#7430 = VERTEX_POINT('',#7431);
#7431 = CARTESIAN_POINT('',(-3.170919781306,0.646884272997,10.));
#7432 = VERTEX_POINT('',#7433);
#7433 = CARTESIAN_POINT('',(-3.170919781306,0.646884272997,9.6));
#7434 = LINE('',#7435,#7436);
#7435 = CARTESIAN_POINT('',(-3.170919781306,0.646884272997,10.));
#7436 = VECTOR('',#7437,1.);
#7437 = DIRECTION('',(0.,0.,-1.));
#7438 = ORIENTED_EDGE('',*,*,#7439,.T.);
#7439 = EDGE_CURVE('',#7432,#7440,#7442,.T.);
#7440 = VERTEX_POINT('',#7441);
#7441 = CARTESIAN_POINT('',(-2.057047377745,0.646884272997,9.6));
#7442 = LINE('',#7443,#7444);
#7443 = CARTESIAN_POINT('',(-3.170919781306,0.646884272997,9.6));
#7444 = VECTOR('',#7445,1.);
#7445 = DIRECTION('',(1.,0.,0.));
#7446 = ORIENTED_EDGE('',*,*,#7447,.F.);
#7447 = EDGE_CURVE('',#7448,#7440,#7450,.T.);
#7448 = VERTEX_POINT('',#7449);
#7449 = CARTESIAN_POINT('',(-2.057047377745,0.646884272997,10.));
#7450 = LINE('',#7451,#7452);
#7451 = CARTESIAN_POINT('',(-2.057047377745,0.646884272997,10.));
#7452 = VECTOR('',#7453,1.);
#7453 = DIRECTION('',(0.,0.,-1.));
#7454 = ORIENTED_EDGE('',*,*,#7455,.F.);
#7455 = EDGE_CURVE('',#7430,#7448,#7456,.T.);
#7456 = LINE('',#7457,#7458);
#7457 = CARTESIAN_POINT('',(-3.170919781306,0.646884272997,10.));
#7458 = VECTOR('',#7459,1.);
#7459 = DIRECTION('',(1.,0.,0.));
#7460 = PLANE('',#7461);
#7461 = AXIS2_PLACEMENT_3D('',#7462,#7463,#7464);
#7462 = CARTESIAN_POINT('',(-3.170919781306,0.646884272997,10.));
#7463 = DIRECTION('',(0.,-1.,0.));
#7464 = DIRECTION('',(1.,0.,0.));
#7465 = ADVANCED_FACE('',(#7466),#7491,.F.);
#7466 = FACE_BOUND('',#7467,.F.);
#7467 = EDGE_LOOP('',(#7468,#7478,#7484,#7485));
#7468 = ORIENTED_EDGE('',*,*,#7469,.T.);
#7469 = EDGE_CURVE('',#7470,#7472,#7474,.T.);
#7470 = VERTEX_POINT('',#7471);
#7471 = CARTESIAN_POINT('',(-3.170919781306,1.959643916914,10.));
#7472 = VERTEX_POINT('',#7473);
#7473 = CARTESIAN_POINT('',(-3.170919781306,1.959643916914,9.6));
#7474 = LINE('',#7475,#7476);
#7475 = CARTESIAN_POINT('',(-3.170919781306,1.959643916914,10.));
#7476 = VECTOR('',#7477,1.);
#7477 = DIRECTION('',(0.,0.,-1.));
#7478 = ORIENTED_EDGE('',*,*,#7479,.T.);
#7479 = EDGE_CURVE('',#7472,#7432,#7480,.T.);
#7480 = LINE('',#7481,#7482);
#7481 = CARTESIAN_POINT('',(-3.170919781306,1.959643916914,9.6));
#7482 = VECTOR('',#7483,1.);
#7483 = DIRECTION('',(0.,-1.,0.));
#7484 = ORIENTED_EDGE('',*,*,#7429,.F.);
#7485 = ORIENTED_EDGE('',*,*,#7486,.F.);
#7486 = EDGE_CURVE('',#7470,#7430,#7487,.T.);
#7487 = LINE('',#7488,#7489);
#7488 = CARTESIAN_POINT('',(-3.170919781306,1.959643916914,10.));
#7489 = VECTOR('',#7490,1.);
#7490 = DIRECTION('',(0.,-1.,0.));
#7491 = PLANE('',#7492);
#7492 = AXIS2_PLACEMENT_3D('',#7493,#7494,#7495);
#7493 = CARTESIAN_POINT('',(-3.170919781306,1.959643916914,10.));
#7494 = DIRECTION('',(-1.,-0.,-0.));
#7495 = DIRECTION('',(0.,-1.,0.));
#7496 = ADVANCED_FACE('',(#7497),#7522,.F.);
#7497 = FACE_BOUND('',#7498,.F.);
#7498 = EDGE_LOOP('',(#7499,#7509,#7515,#7516));
#7499 = ORIENTED_EDGE('',*,*,#7500,.T.);
#7500 = EDGE_CURVE('',#7501,#7503,#7505,.T.);
#7501 = VERTEX_POINT('',#7502);
#7502 = CARTESIAN_POINT('',(-2.057047377745,1.959643916914,10.));
#7503 = VERTEX_POINT('',#7504);
#7504 = CARTESIAN_POINT('',(-2.057047377745,1.959643916914,9.6));
#7505 = LINE('',#7506,#7507);
#7506 = CARTESIAN_POINT('',(-2.057047377745,1.959643916914,10.));
#7507 = VECTOR('',#7508,1.);
#7508 = DIRECTION('',(0.,0.,-1.));
#7509 = ORIENTED_EDGE('',*,*,#7510,.T.);
#7510 = EDGE_CURVE('',#7503,#7472,#7511,.T.);
#7511 = LINE('',#7512,#7513);
#7512 = CARTESIAN_POINT('',(-2.057047377745,1.959643916914,9.6));
#7513 = VECTOR('',#7514,1.);
#7514 = DIRECTION('',(-1.,0.,0.));
#7515 = ORIENTED_EDGE('',*,*,#7469,.F.);
#7516 = ORIENTED_EDGE('',*,*,#7517,.F.);
#7517 = EDGE_CURVE('',#7501,#7470,#7518,.T.);
#7518 = LINE('',#7519,#7520);
#7519 = CARTESIAN_POINT('',(-2.057047377745,1.959643916914,10.));
#7520 = VECTOR('',#7521,1.);
#7521 = DIRECTION('',(-1.,0.,0.));
#7522 = PLANE('',#7523);
#7523 = AXIS2_PLACEMENT_3D('',#7524,#7525,#7526);
#7524 = CARTESIAN_POINT('',(-2.057047377745,1.959643916914,10.));
#7525 = DIRECTION('',(0.,1.,0.));
#7526 = DIRECTION('',(-1.,0.,0.));
#7527 = ADVANCED_FACE('',(#7528),#7553,.F.);
#7528 = FACE_BOUND('',#7529,.F.);
#7529 = EDGE_LOOP('',(#7530,#7540,#7546,#7547));
#7530 = ORIENTED_EDGE('',*,*,#7531,.T.);
#7531 = EDGE_CURVE('',#7532,#7534,#7536,.T.);
#7532 = VERTEX_POINT('',#7533);
#7533 = CARTESIAN_POINT('',(-1.540096339169,1.768545994065,10.));
#7534 = VERTEX_POINT('',#7535);
#7535 = CARTESIAN_POINT('',(-1.540096339169,1.768545994065,9.6));
#7536 = LINE('',#7537,#7538);
#7537 = CARTESIAN_POINT('',(-1.540096339169,1.768545994065,10.));
#7538 = VECTOR('',#7539,1.);
#7539 = DIRECTION('',(0.,0.,-1.));
#7540 = ORIENTED_EDGE('',*,*,#7541,.T.);
#7541 = EDGE_CURVE('',#7534,#7503,#7542,.T.);
#7542 = B_SPLINE_CURVE_WITH_KNOTS('',2,(#7543,#7544,#7545),
  .UNSPECIFIED.,.F.,.F.,(3,3),(0.,1.),.PIECEWISE_BEZIER_KNOTS.);
#7543 = CARTESIAN_POINT('',(-1.540096339169,1.768545994065,9.6));
#7544 = CARTESIAN_POINT('',(-1.720548861424,1.959643916914,9.6));
#7545 = CARTESIAN_POINT('',(-2.057047377745,1.959643916914,9.6));
#7546 = ORIENTED_EDGE('',*,*,#7500,.F.);
#7547 = ORIENTED_EDGE('',*,*,#7548,.F.);
#7548 = EDGE_CURVE('',#7532,#7501,#7549,.T.);
#7549 = B_SPLINE_CURVE_WITH_KNOTS('',2,(#7550,#7551,#7552),
  .UNSPECIFIED.,.F.,.F.,(3,3),(0.,1.),.PIECEWISE_BEZIER_KNOTS.);
#7550 = CARTESIAN_POINT('',(-1.540096339169,1.768545994065,10.));
#7551 = CARTESIAN_POINT('',(-1.720548861424,1.959643916914,10.));
#7552 = CARTESIAN_POINT('',(-2.057047377745,1.959643916914,10.));
#7553 = SURFACE_OF_LINEAR_EXTRUSION('',#7554,#7558);
#7554 = B_SPLINE_CURVE_WITH_KNOTS('',2,(#7555,#7556,#7557),
  .UNSPECIFIED.,.F.,.F.,(3,3),(0.,1.),.PIECEWISE_BEZIER_KNOTS.);
#7555 = CARTESIAN_POINT('',(-1.540096339169,1.768545994065,10.));
#7556 = CARTESIAN_POINT('',(-1.720548861424,1.959643916914,10.));
#7557 = CARTESIAN_POINT('',(-2.057047377745,1.959643916914,10.));
#7558 = VECTOR('',#7559,1.);
#7559 = DIRECTION('',(-0.,-0.,1.));
#7560 = ADVANCED_FACE('',(#7561),#7586,.F.);
#7561 = FACE_BOUND('',#7562,.F.);
#7562 = EDGE_LOOP('',(#7563,#7573,#7579,#7580));
#7563 = ORIENTED_EDGE('',*,*,#7564,.T.);
#7564 = EDGE_CURVE('',#7565,#7567,#7569,.T.);
#7565 = VERTEX_POINT('',#7566);
#7566 = CARTESIAN_POINT('',(-1.359643816914,1.299369436202,10.));
#7567 = VERTEX_POINT('',#7568);
#7568 = CARTESIAN_POINT('',(-1.359643816914,1.299369436202,9.6));
#7569 = LINE('',#7570,#7571);
#7570 = CARTESIAN_POINT('',(-1.359643816914,1.299369436202,10.));
#7571 = VECTOR('',#7572,1.);
#7572 = DIRECTION('',(0.,0.,-1.));
#7573 = ORIENTED_EDGE('',*,*,#7574,.T.);
#7574 = EDGE_CURVE('',#7567,#7534,#7575,.T.);
#7575 = B_SPLINE_CURVE_WITH_KNOTS('',2,(#7576,#7577,#7578),
  .UNSPECIFIED.,.F.,.F.,(3,3),(0.,1.),.PIECEWISE_BEZIER_KNOTS.);
#7576 = CARTESIAN_POINT('',(-1.359643816914,1.299369436202,9.6));
#7577 = CARTESIAN_POINT('',(-1.359643816914,1.577707715134,9.6));
#7578 = CARTESIAN_POINT('',(-1.540096339169,1.768545994065,9.6));
#7579 = ORIENTED_EDGE('',*,*,#7531,.F.);
#7580 = ORIENTED_EDGE('',*,*,#7581,.F.);
#7581 = EDGE_CURVE('',#7565,#7532,#7582,.T.);
#7582 = B_SPLINE_CURVE_WITH_KNOTS('',2,(#7583,#7584,#7585),
  .UNSPECIFIED.,.F.,.F.,(3,3),(0.,1.),.PIECEWISE_BEZIER_KNOTS.);
#7583 = CARTESIAN_POINT('',(-1.359643816914,1.299369436202,10.));
#7584 = CARTESIAN_POINT('',(-1.359643816914,1.577707715134,10.));
#7585 = CARTESIAN_POINT('',(-1.540096339169,1.768545994065,10.));
#7586 = SURFACE_OF_LINEAR_EXTRUSION('',#7587,#7591);
#7587 = B_SPLINE_CURVE_WITH_KNOTS('',2,(#7588,#7589,#7590),
  .UNSPECIFIED.,.F.,.F.,(3,3),(0.,1.),.PIECEWISE_BEZIER_KNOTS.);
#7588 = CARTESIAN_POINT('',(-1.359643816914,1.299369436202,10.));
#7589 = CARTESIAN_POINT('',(-1.359643816914,1.577707715134,10.));
#7590 = CARTESIAN_POINT('',(-1.540096339169,1.768545994065,10.));
#7591 = VECTOR('',#7592,1.);
#7592 = DIRECTION('',(-0.,-0.,1.));
#7593 = ADVANCED_FACE('',(#7594),#7619,.F.);
#7594 = FACE_BOUND('',#7595,.F.);
#7595 = EDGE_LOOP('',(#7596,#7606,#7612,#7613));
#7596 = ORIENTED_EDGE('',*,*,#7597,.T.);
#7597 = EDGE_CURVE('',#7598,#7600,#7602,.T.);
#7598 = VERTEX_POINT('',#7599);
#7599 = CARTESIAN_POINT('',(-1.535942036499,0.845771513353,10.));
#7600 = VERTEX_POINT('',#7601);
#7601 = CARTESIAN_POINT('',(-1.535942036499,0.845771513353,9.6));
#7602 = LINE('',#7603,#7604);
#7603 = CARTESIAN_POINT('',(-1.535942036499,0.845771513353,10.));
#7604 = VECTOR('',#7605,1.);
#7605 = DIRECTION('',(0.,0.,-1.));
#7606 = ORIENTED_EDGE('',*,*,#7607,.T.);
#7607 = EDGE_CURVE('',#7600,#7567,#7608,.T.);
#7608 = B_SPLINE_CURVE_WITH_KNOTS('',2,(#7609,#7610,#7611),
  .UNSPECIFIED.,.F.,.F.,(3,3),(0.,1.),.PIECEWISE_BEZIER_KNOTS.);
#7609 = CARTESIAN_POINT('',(-1.535942036499,0.845771513353,9.6));
#7610 = CARTESIAN_POINT('',(-1.359643816914,1.044658753709,9.6));
#7611 = CARTESIAN_POINT('',(-1.359643816914,1.299369436202,9.6));
#7612 = ORIENTED_EDGE('',*,*,#7564,.F.);
#7613 = ORIENTED_EDGE('',*,*,#7614,.F.);
#7614 = EDGE_CURVE('',#7598,#7565,#7615,.T.);
#7615 = B_SPLINE_CURVE_WITH_KNOTS('',2,(#7616,#7617,#7618),
  .UNSPECIFIED.,.F.,.F.,(3,3),(0.,1.),.PIECEWISE_BEZIER_KNOTS.);
#7616 = CARTESIAN_POINT('',(-1.535942036499,0.845771513353,10.));
#7617 = CARTESIAN_POINT('',(-1.359643816914,1.044658753709,10.));
#7618 = CARTESIAN_POINT('',(-1.359643816914,1.299369436202,10.));
#7619 = SURFACE_OF_LINEAR_EXTRUSION('',#7620,#7624);
#7620 = B_SPLINE_CURVE_WITH_KNOTS('',2,(#7621,#7622,#7623),
  .UNSPECIFIED.,.F.,.F.,(3,3),(0.,1.),.PIECEWISE_BEZIER_KNOTS.);
#7621 = CARTESIAN_POINT('',(-1.535942036499,0.845771513353,10.));
#7622 = CARTESIAN_POINT('',(-1.359643816914,1.044658753709,10.));
#7623 = CARTESIAN_POINT('',(-1.359643816914,1.299369436202,10.));
#7624 = VECTOR('',#7625,1.);
#7625 = DIRECTION('',(-0.,-0.,1.));
#7626 = ADVANCED_FACE('',(#7627),#7643,.F.);
#7627 = FACE_BOUND('',#7628,.F.);
#7628 = EDGE_LOOP('',(#7629,#7630,#7636,#7637));
#7629 = ORIENTED_EDGE('',*,*,#7447,.T.);
#7630 = ORIENTED_EDGE('',*,*,#7631,.T.);
#7631 = EDGE_CURVE('',#7440,#7600,#7632,.T.);
#7632 = B_SPLINE_CURVE_WITH_KNOTS('',2,(#7633,#7634,#7635),
  .UNSPECIFIED.,.F.,.F.,(3,3),(0.,1.),.PIECEWISE_BEZIER_KNOTS.);
#7633 = CARTESIAN_POINT('',(-2.057047377745,0.646884272997,9.6));
#7634 = CARTESIAN_POINT('',(-1.712240256083,0.646884272997,9.6));
#7635 = CARTESIAN_POINT('',(-1.535942036499,0.845771513353,9.6));
#7636 = ORIENTED_EDGE('',*,*,#7597,.F.);
#7637 = ORIENTED_EDGE('',*,*,#7638,.F.);
#7638 = EDGE_CURVE('',#7448,#7598,#7639,.T.);
#7639 = B_SPLINE_CURVE_WITH_KNOTS('',2,(#7640,#7641,#7642),
  .UNSPECIFIED.,.F.,.F.,(3,3),(0.,1.),.PIECEWISE_BEZIER_KNOTS.);
#7640 = CARTESIAN_POINT('',(-2.057047377745,0.646884272997,10.));
#7641 = CARTESIAN_POINT('',(-1.712240256083,0.646884272997,10.));
#7642 = CARTESIAN_POINT('',(-1.535942036499,0.845771513353,10.));
#7643 = SURFACE_OF_LINEAR_EXTRUSION('',#7644,#7648);
#7644 = B_SPLINE_CURVE_WITH_KNOTS('',2,(#7645,#7646,#7647),
  .UNSPECIFIED.,.F.,.F.,(3,3),(0.,1.),.PIECEWISE_BEZIER_KNOTS.);
#7645 = CARTESIAN_POINT('',(-2.057047377745,0.646884272997,10.));
#7646 = CARTESIAN_POINT('',(-1.712240256083,0.646884272997,10.));
#7647 = CARTESIAN_POINT('',(-1.535942036499,0.845771513353,10.));
#7648 = VECTOR('',#7649,1.);
#7649 = DIRECTION('',(-0.,-0.,1.));
#7650 = ADVANCED_FACE('',(#7651),#7685,.F.);
#7651 = FACE_BOUND('',#7652,.F.);
#7652 = EDGE_LOOP('',(#7653,#7663,#7671,#7679));
#7653 = ORIENTED_EDGE('',*,*,#7654,.T.);
#7654 = EDGE_CURVE('',#7655,#7657,#7659,.T.);
#7655 = VERTEX_POINT('',#7656);
#7656 = CARTESIAN_POINT('',(-3.170919781306,2.973293768546,10.));
#7657 = VERTEX_POINT('',#7658);
#7658 = CARTESIAN_POINT('',(-3.170919781306,2.973293768546,9.6));
#7659 = LINE('',#7660,#7661);
#7660 = CARTESIAN_POINT('',(-3.170919781306,2.973293768546,10.));
#7661 = VECTOR('',#7662,1.);
#7662 = DIRECTION('',(0.,0.,-1.));
#7663 = ORIENTED_EDGE('',*,*,#7664,.T.);
#7664 = EDGE_CURVE('',#7657,#7665,#7667,.T.);
#7665 = VERTEX_POINT('',#7666);
#7666 = CARTESIAN_POINT('',(-2.131565181899,2.973293768546,9.6));
#7667 = LINE('',#7668,#7669);
#7668 = CARTESIAN_POINT('',(-3.170919781306,2.973293768546,9.6));
#7669 = VECTOR('',#7670,1.);
#7670 = DIRECTION('',(1.,0.,0.));
#7671 = ORIENTED_EDGE('',*,*,#7672,.F.);
#7672 = EDGE_CURVE('',#7673,#7665,#7675,.T.);
#7673 = VERTEX_POINT('',#7674);
#7674 = CARTESIAN_POINT('',(-2.131565181899,2.973293768546,10.));
#7675 = LINE('',#7676,#7677);
#7676 = CARTESIAN_POINT('',(-2.131565181899,2.973293768546,10.));
#7677 = VECTOR('',#7678,1.);
#7678 = DIRECTION('',(0.,0.,-1.));
#7679 = ORIENTED_EDGE('',*,*,#7680,.F.);
#7680 = EDGE_CURVE('',#7655,#7673,#7681,.T.);
#7681 = LINE('',#7682,#7683);
#7682 = CARTESIAN_POINT('',(-3.170919781306,2.973293768546,10.));
#7683 = VECTOR('',#7684,1.);
#7684 = DIRECTION('',(1.,0.,0.));
#7685 = PLANE('',#7686);
#7686 = AXIS2_PLACEMENT_3D('',#7687,#7688,#7689);
#7687 = CARTESIAN_POINT('',(-3.170919781306,2.973293768546,10.));
#7688 = DIRECTION('',(0.,-1.,0.));
#7689 = DIRECTION('',(1.,0.,0.));
#7690 = ADVANCED_FACE('',(#7691),#7716,.F.);
#7691 = FACE_BOUND('',#7692,.F.);
#7692 = EDGE_LOOP('',(#7693,#7703,#7709,#7710));
#7693 = ORIENTED_EDGE('',*,*,#7694,.T.);
#7694 = EDGE_CURVE('',#7695,#7697,#7699,.T.);
#7695 = VERTEX_POINT('',#7696);
#7696 = CARTESIAN_POINT('',(-3.170919781306,4.153115727003,10.));
#7697 = VERTEX_POINT('',#7698);
#7698 = CARTESIAN_POINT('',(-3.170919781306,4.153115727003,9.6));
#7699 = LINE('',#7700,#7701);
#7700 = CARTESIAN_POINT('',(-3.170919781306,4.153115727003,10.));
#7701 = VECTOR('',#7702,1.);
#7702 = DIRECTION('',(0.,0.,-1.));
#7703 = ORIENTED_EDGE('',*,*,#7704,.T.);
#7704 = EDGE_CURVE('',#7697,#7657,#7705,.T.);
#7705 = LINE('',#7706,#7707);
#7706 = CARTESIAN_POINT('',(-3.170919781306,4.153115727003,9.6));
#7707 = VECTOR('',#7708,1.);
#7708 = DIRECTION('',(0.,-1.,0.));
#7709 = ORIENTED_EDGE('',*,*,#7654,.F.);
#7710 = ORIENTED_EDGE('',*,*,#7711,.F.);
#7711 = EDGE_CURVE('',#7695,#7655,#7712,.T.);
#7712 = LINE('',#7713,#7714);
#7713 = CARTESIAN_POINT('',(-3.170919781306,4.153115727003,10.));
#7714 = VECTOR('',#7715,1.);
#7715 = DIRECTION('',(0.,-1.,0.));
#7716 = PLANE('',#7717);
#7717 = AXIS2_PLACEMENT_3D('',#7718,#7719,#7720);
#7718 = CARTESIAN_POINT('',(-3.170919781306,4.153115727003,10.));
#7719 = DIRECTION('',(-1.,-0.,-0.));
#7720 = DIRECTION('',(0.,-1.,0.));
#7721 = ADVANCED_FACE('',(#7722),#7747,.F.);
#7722 = FACE_BOUND('',#7723,.F.);
#7723 = EDGE_LOOP('',(#7724,#7734,#7740,#7741));
#7724 = ORIENTED_EDGE('',*,*,#7725,.T.);
#7725 = EDGE_CURVE('',#7726,#7728,#7730,.T.);
#7726 = VERTEX_POINT('',#7727);
#7727 = CARTESIAN_POINT('',(-2.131565181899,4.153115727003,10.));
#7728 = VERTEX_POINT('',#7729);
#7729 = CARTESIAN_POINT('',(-2.131565181899,4.153115727003,9.6));
#7730 = LINE('',#7731,#7732);
#7731 = CARTESIAN_POINT('',(-2.131565181899,4.153115727003,10.));
#7732 = VECTOR('',#7733,1.);
#7733 = DIRECTION('',(0.,0.,-1.));
#7734 = ORIENTED_EDGE('',*,*,#7735,.T.);
#7735 = EDGE_CURVE('',#7728,#7697,#7736,.T.);
#7736 = LINE('',#7737,#7738);
#7737 = CARTESIAN_POINT('',(-2.131565181899,4.153115727003,9.6));
#7738 = VECTOR('',#7739,1.);
#7739 = DIRECTION('',(-1.,0.,0.));
#7740 = ORIENTED_EDGE('',*,*,#7694,.F.);
#7741 = ORIENTED_EDGE('',*,*,#7742,.F.);
#7742 = EDGE_CURVE('',#7726,#7695,#7743,.T.);
#7743 = LINE('',#7744,#7745);
#7744 = CARTESIAN_POINT('',(-2.131565181899,4.153115727003,10.));
#7745 = VECTOR('',#7746,1.);
#7746 = DIRECTION('',(-1.,0.,0.));
#7747 = PLANE('',#7748);
#7748 = AXIS2_PLACEMENT_3D('',#7749,#7750,#7751);
#7749 = CARTESIAN_POINT('',(-2.131565181899,4.153115727003,10.));
#7750 = DIRECTION('',(0.,1.,0.));
#7751 = DIRECTION('',(-1.,0.,0.));
#7752 = ADVANCED_FACE('',(#7753),#7778,.F.);
#7753 = FACE_BOUND('',#7754,.F.);
#7754 = EDGE_LOOP('',(#7755,#7765,#7771,#7772));
#7755 = ORIENTED_EDGE('',*,*,#7756,.T.);
#7756 = EDGE_CURVE('',#7757,#7759,#7761,.T.);
#7757 = VERTEX_POINT('',#7758);
#7758 = CARTESIAN_POINT('',(-1.640059247181,3.989799703264,10.));
#7759 = VERTEX_POINT('',#7760);
#7760 = CARTESIAN_POINT('',(-1.640059247181,3.989799703264,9.6));
#7761 = LINE('',#7762,#7763);
#7762 = CARTESIAN_POINT('',(-1.640059247181,3.989799703264,10.));
#7763 = VECTOR('',#7764,1.);
#7764 = DIRECTION('',(0.,0.,-1.));
#7765 = ORIENTED_EDGE('',*,*,#7766,.T.);
#7766 = EDGE_CURVE('',#7759,#7728,#7767,.T.);
#7767 = B_SPLINE_CURVE_WITH_KNOTS('',2,(#7768,#7769,#7770),
  .UNSPECIFIED.,.F.,.F.,(3,3),(0.,1.),.PIECEWISE_BEZIER_KNOTS.);
#7768 = CARTESIAN_POINT('',(-1.640059247181,3.989799703264,9.6));
#7769 = CARTESIAN_POINT('',(-1.803894558754,4.153115727003,9.6));
#7770 = CARTESIAN_POINT('',(-2.131565181899,4.153115727003,9.6));
#7771 = ORIENTED_EDGE('',*,*,#7725,.F.);
#7772 = ORIENTED_EDGE('',*,*,#7773,.F.);
#7773 = EDGE_CURVE('',#7757,#7726,#7774,.T.);
#7774 = B_SPLINE_CURVE_WITH_KNOTS('',2,(#7775,#7776,#7777),
  .UNSPECIFIED.,.F.,.F.,(3,3),(0.,1.),.PIECEWISE_BEZIER_KNOTS.);
#7775 = CARTESIAN_POINT('',(-1.640059247181,3.989799703264,10.));
#7776 = CARTESIAN_POINT('',(-1.803894558754,4.153115727003,10.));
#7777 = CARTESIAN_POINT('',(-2.131565181899,4.153115727003,10.));
#7778 = SURFACE_OF_LINEAR_EXTRUSION('',#7779,#7783);
#7779 = B_SPLINE_CURVE_WITH_KNOTS('',2,(#7780,#7781,#7782),
  .UNSPECIFIED.,.F.,.F.,(3,3),(0.,1.),.PIECEWISE_BEZIER_KNOTS.);
#7780 = CARTESIAN_POINT('',(-1.640059247181,3.989799703264,10.));
#7781 = CARTESIAN_POINT('',(-1.803894558754,4.153115727003,10.));
#7782 = CARTESIAN_POINT('',(-2.131565181899,4.153115727003,10.));
#7783 = VECTOR('',#7784,1.);
#7784 = DIRECTION('',(-0.,-0.,1.));
#7785 = ADVANCED_FACE('',(#7786),#7811,.F.);
#7786 = FACE_BOUND('',#7787,.F.);
#7787 = EDGE_LOOP('',(#7788,#7798,#7804,#7805));
#7788 = ORIENTED_EDGE('',*,*,#7789,.T.);
#7789 = EDGE_CURVE('',#7790,#7792,#7794,.T.);
#7790 = VERTEX_POINT('',#7791);
#7791 = CARTESIAN_POINT('',(-1.475964291691,3.570994065282,10.));
#7792 = VERTEX_POINT('',#7793);
#7793 = CARTESIAN_POINT('',(-1.475964291691,3.570994065282,9.6));
#7794 = LINE('',#7795,#7796);
#7795 = CARTESIAN_POINT('',(-1.475964291691,3.570994065282,10.));
#7796 = VECTOR('',#7797,1.);
#7797 = DIRECTION('',(0.,0.,-1.));
#7798 = ORIENTED_EDGE('',*,*,#7799,.T.);
#7799 = EDGE_CURVE('',#7792,#7759,#7800,.T.);
#7800 = B_SPLINE_CURVE_WITH_KNOTS('',2,(#7801,#7802,#7803),
  .UNSPECIFIED.,.F.,.F.,(3,3),(0.,1.),.PIECEWISE_BEZIER_KNOTS.);
#7801 = CARTESIAN_POINT('',(-1.475964291691,3.570994065282,9.6));
#7802 = CARTESIAN_POINT('',(-1.475964291691,3.826483679525,9.6));
#7803 = CARTESIAN_POINT('',(-1.640059247181,3.989799703264,9.6));
#7804 = ORIENTED_EDGE('',*,*,#7756,.F.);
#7805 = ORIENTED_EDGE('',*,*,#7806,.F.);
#7806 = EDGE_CURVE('',#7790,#7757,#7807,.T.);
#7807 = B_SPLINE_CURVE_WITH_KNOTS('',2,(#7808,#7809,#7810),
  .UNSPECIFIED.,.F.,.F.,(3,3),(0.,1.),.PIECEWISE_BEZIER_KNOTS.);
#7808 = CARTESIAN_POINT('',(-1.475964291691,3.570994065282,10.));
#7809 = CARTESIAN_POINT('',(-1.475964291691,3.826483679525,10.));
#7810 = CARTESIAN_POINT('',(-1.640059247181,3.989799703264,10.));
#7811 = SURFACE_OF_LINEAR_EXTRUSION('',#7812,#7816);
#7812 = B_SPLINE_CURVE_WITH_KNOTS('',2,(#7813,#7814,#7815),
  .UNSPECIFIED.,.F.,.F.,(3,3),(0.,1.),.PIECEWISE_BEZIER_KNOTS.);
#7813 = CARTESIAN_POINT('',(-1.475964291691,3.570994065282,10.));
#7814 = CARTESIAN_POINT('',(-1.475964291691,3.826483679525,10.));
#7815 = CARTESIAN_POINT('',(-1.640059247181,3.989799703264,10.));
#7816 = VECTOR('',#7817,1.);
#7817 = DIRECTION('',(-0.,-0.,1.));
#7818 = ADVANCED_FACE('',(#7819),#7844,.F.);
#7819 = FACE_BOUND('',#7820,.F.);
#7820 = EDGE_LOOP('',(#7821,#7831,#7837,#7838));
#7821 = ORIENTED_EDGE('',*,*,#7822,.T.);
#7822 = EDGE_CURVE('',#7823,#7825,#7827,.T.);
#7823 = VERTEX_POINT('',#7824);
#7824 = CARTESIAN_POINT('',(-1.640059247181,3.144658753709,10.));
#7825 = VERTEX_POINT('',#7826);
#7826 = CARTESIAN_POINT('',(-1.640059247181,3.144658753709,9.6));
#7827 = LINE('',#7828,#7829);
#7828 = CARTESIAN_POINT('',(-1.640059247181,3.144658753709,10.));
#7829 = VECTOR('',#7830,1.);
#7830 = DIRECTION('',(0.,0.,-1.));
#7831 = ORIENTED_EDGE('',*,*,#7832,.T.);
#7832 = EDGE_CURVE('',#7825,#7792,#7833,.T.);
#7833 = B_SPLINE_CURVE_WITH_KNOTS('',2,(#7834,#7835,#7836),
  .UNSPECIFIED.,.F.,.F.,(3,3),(0.,1.),.PIECEWISE_BEZIER_KNOTS.);
#7834 = CARTESIAN_POINT('',(-1.640059247181,3.144658753709,9.6));
#7835 = CARTESIAN_POINT('',(-1.475964291691,3.316023738872,9.6));
#7836 = CARTESIAN_POINT('',(-1.475964291691,3.570994065282,9.6));
#7837 = ORIENTED_EDGE('',*,*,#7789,.F.);
#7838 = ORIENTED_EDGE('',*,*,#7839,.F.);
#7839 = EDGE_CURVE('',#7823,#7790,#7840,.T.);
#7840 = B_SPLINE_CURVE_WITH_KNOTS('',2,(#7841,#7842,#7843),
  .UNSPECIFIED.,.F.,.F.,(3,3),(0.,1.),.PIECEWISE_BEZIER_KNOTS.);
#7841 = CARTESIAN_POINT('',(-1.640059247181,3.144658753709,10.));
#7842 = CARTESIAN_POINT('',(-1.475964291691,3.316023738872,10.));
#7843 = CARTESIAN_POINT('',(-1.475964291691,3.570994065282,10.));
#7844 = SURFACE_OF_LINEAR_EXTRUSION('',#7845,#7849);
#7845 = B_SPLINE_CURVE_WITH_KNOTS('',2,(#7846,#7847,#7848),
  .UNSPECIFIED.,.F.,.F.,(3,3),(0.,1.),.PIECEWISE_BEZIER_KNOTS.);
#7846 = CARTESIAN_POINT('',(-1.640059247181,3.144658753709,10.));
#7847 = CARTESIAN_POINT('',(-1.475964291691,3.316023738872,10.));
#7848 = CARTESIAN_POINT('',(-1.475964291691,3.570994065282,10.));
#7849 = VECTOR('',#7850,1.);
#7850 = DIRECTION('',(-0.,-0.,1.));
#7851 = ADVANCED_FACE('',(#7852),#7868,.F.);
#7852 = FACE_BOUND('',#7853,.F.);
#7853 = EDGE_LOOP('',(#7854,#7855,#7861,#7862));
#7854 = ORIENTED_EDGE('',*,*,#7672,.T.);
#7855 = ORIENTED_EDGE('',*,*,#7856,.T.);
#7856 = EDGE_CURVE('',#7665,#7825,#7857,.T.);
#7857 = B_SPLINE_CURVE_WITH_KNOTS('',2,(#7858,#7859,#7860),
  .UNSPECIFIED.,.F.,.F.,(3,3),(0.,1.),.PIECEWISE_BEZIER_KNOTS.);
#7858 = CARTESIAN_POINT('',(-2.131565181899,2.973293768546,9.6));
#7859 = CARTESIAN_POINT('',(-1.803894558754,2.973293768546,9.6));
#7860 = CARTESIAN_POINT('',(-1.640059247181,3.144658753709,9.6));
#7861 = ORIENTED_EDGE('',*,*,#7822,.F.);
#7862 = ORIENTED_EDGE('',*,*,#7863,.F.);
#7863 = EDGE_CURVE('',#7673,#7823,#7864,.T.);
#7864 = B_SPLINE_CURVE_WITH_KNOTS('',2,(#7865,#7866,#7867),
  .UNSPECIFIED.,.F.,.F.,(3,3),(0.,1.),.PIECEWISE_BEZIER_KNOTS.);
#7865 = CARTESIAN_POINT('',(-2.131565181899,2.973293768546,10.));
#7866 = CARTESIAN_POINT('',(-1.803894558754,2.973293768546,10.));
#7867 = CARTESIAN_POINT('',(-1.640059247181,3.144658753709,10.));
#7868 = SURFACE_OF_LINEAR_EXTRUSION('',#7869,#7873);
#7869 = B_SPLINE_CURVE_WITH_KNOTS('',2,(#7870,#7871,#7872),
  .UNSPECIFIED.,.F.,.F.,(3,3),(0.,1.),.PIECEWISE_BEZIER_KNOTS.);
#7870 = CARTESIAN_POINT('',(-2.131565181899,2.973293768546,10.));
#7871 = CARTESIAN_POINT('',(-1.803894558754,2.973293768546,10.));
#7872 = CARTESIAN_POINT('',(-1.640059247181,3.144658753709,10.));
#7873 = VECTOR('',#7874,1.);
#7874 = DIRECTION('',(-0.,-0.,1.));
#7875 = ADVANCED_FACE('',(#7876,#7896,#7905),#7914,.T.);
#7876 = FACE_BOUND('',#7877,.T.);
#7877 = EDGE_LOOP('',(#7878,#7879,#7880,#7881,#7882,#7883,#7884,#7885,
    #7886,#7887,#7888,#7889,#7890,#7891,#7892,#7893,#7894,#7895));
#7878 = ORIENTED_EDGE('',*,*,#6867,.F.);
#7879 = ORIENTED_EDGE('',*,*,#6900,.F.);
#7880 = ORIENTED_EDGE('',*,*,#6931,.F.);
#7881 = ORIENTED_EDGE('',*,*,#6964,.F.);
#7882 = ORIENTED_EDGE('',*,*,#6997,.F.);
#7883 = ORIENTED_EDGE('',*,*,#7030,.F.);
#7884 = ORIENTED_EDGE('',*,*,#7063,.F.);
#7885 = ORIENTED_EDGE('',*,*,#7096,.F.);
#7886 = ORIENTED_EDGE('',*,*,#7129,.F.);
#7887 = ORIENTED_EDGE('',*,*,#7162,.F.);
#7888 = ORIENTED_EDGE('',*,*,#7195,.F.);
#7889 = ORIENTED_EDGE('',*,*,#7228,.F.);
#7890 = ORIENTED_EDGE('',*,*,#7261,.F.);
#7891 = ORIENTED_EDGE('',*,*,#7294,.F.);
#7892 = ORIENTED_EDGE('',*,*,#7325,.F.);
#7893 = ORIENTED_EDGE('',*,*,#7358,.F.);
#7894 = ORIENTED_EDGE('',*,*,#7391,.F.);
#7895 = ORIENTED_EDGE('',*,*,#7413,.F.);
#7896 = FACE_BOUND('',#7897,.T.);
#7897 = EDGE_LOOP('',(#7898,#7899,#7900,#7901,#7902,#7903,#7904));
#7898 = ORIENTED_EDGE('',*,*,#7455,.F.);
#7899 = ORIENTED_EDGE('',*,*,#7486,.F.);
#7900 = ORIENTED_EDGE('',*,*,#7517,.F.);
#7901 = ORIENTED_EDGE('',*,*,#7548,.F.);
#7902 = ORIENTED_EDGE('',*,*,#7581,.F.);
#7903 = ORIENTED_EDGE('',*,*,#7614,.F.);
#7904 = ORIENTED_EDGE('',*,*,#7638,.F.);
#7905 = FACE_BOUND('',#7906,.T.);
#7906 = EDGE_LOOP('',(#7907,#7908,#7909,#7910,#7911,#7912,#7913));
#7907 = ORIENTED_EDGE('',*,*,#7680,.F.);
#7908 = ORIENTED_EDGE('',*,*,#7711,.F.);
#7909 = ORIENTED_EDGE('',*,*,#7742,.F.);
#7910 = ORIENTED_EDGE('',*,*,#7773,.F.);
#7911 = ORIENTED_EDGE('',*,*,#7806,.F.);
#7912 = ORIENTED_EDGE('',*,*,#7839,.F.);
#7913 = ORIENTED_EDGE('',*,*,#7863,.F.);
#7914 = PLANE('',#7915);
#7915 = AXIS2_PLACEMENT_3D('',#7916,#7917,#7918);
#7916 = CARTESIAN_POINT('',(-2.396046316025,2.392336670723,10.));
#7917 = DIRECTION('',(0.,0.,1.));
#7918 = DIRECTION('',(1.,0.,0.));
#7919 = ADVANCED_FACE('',(#7920,#7940,#7949),#7958,.F.);
#7920 = FACE_BOUND('',#7921,.F.);
#7921 = EDGE_LOOP('',(#7922,#7923,#7924,#7925,#7926,#7927,#7928,#7929,
    #7930,#7931,#7932,#7933,#7934,#7935,#7936,#7937,#7938,#7939));
#7922 = ORIENTED_EDGE('',*,*,#6851,.F.);
#7923 = ORIENTED_EDGE('',*,*,#6893,.F.);
#7924 = ORIENTED_EDGE('',*,*,#6924,.F.);
#7925 = ORIENTED_EDGE('',*,*,#6957,.F.);
#7926 = ORIENTED_EDGE('',*,*,#6990,.F.);
#7927 = ORIENTED_EDGE('',*,*,#7023,.F.);
#7928 = ORIENTED_EDGE('',*,*,#7056,.F.);
#7929 = ORIENTED_EDGE('',*,*,#7089,.F.);
#7930 = ORIENTED_EDGE('',*,*,#7122,.F.);
#7931 = ORIENTED_EDGE('',*,*,#7155,.F.);
#7932 = ORIENTED_EDGE('',*,*,#7188,.F.);
#7933 = ORIENTED_EDGE('',*,*,#7221,.F.);
#7934 = ORIENTED_EDGE('',*,*,#7254,.F.);
#7935 = ORIENTED_EDGE('',*,*,#7287,.F.);
#7936 = ORIENTED_EDGE('',*,*,#7318,.F.);
#7937 = ORIENTED_EDGE('',*,*,#7351,.F.);
#7938 = ORIENTED_EDGE('',*,*,#7384,.F.);
#7939 = ORIENTED_EDGE('',*,*,#7406,.F.);
#7940 = FACE_BOUND('',#7941,.F.);
#7941 = EDGE_LOOP('',(#7942,#7943,#7944,#7945,#7946,#7947,#7948));
#7942 = ORIENTED_EDGE('',*,*,#7439,.F.);
#7943 = ORIENTED_EDGE('',*,*,#7479,.F.);
#7944 = ORIENTED_EDGE('',*,*,#7510,.F.);
#7945 = ORIENTED_EDGE('',*,*,#7541,.F.);
#7946 = ORIENTED_EDGE('',*,*,#7574,.F.);
#7947 = ORIENTED_EDGE('',*,*,#7607,.F.);
#7948 = ORIENTED_EDGE('',*,*,#7631,.F.);
#7949 = FACE_BOUND('',#7950,.F.);
#7950 = EDGE_LOOP('',(#7951,#7952,#7953,#7954,#7955,#7956,#7957));
#7951 = ORIENTED_EDGE('',*,*,#7664,.F.);
#7952 = ORIENTED_EDGE('',*,*,#7704,.F.);
#7953 = ORIENTED_EDGE('',*,*,#7735,.F.);
#7954 = ORIENTED_EDGE('',*,*,#7766,.F.);
#7955 = ORIENTED_EDGE('',*,*,#7799,.F.);
#7956 = ORIENTED_EDGE('',*,*,#7832,.F.);
#7957 = ORIENTED_EDGE('',*,*,#7856,.F.);
#7958 = PLANE('',#7959);
#7959 = AXIS2_PLACEMENT_3D('',#7960,#7961,#7962);
#7960 = CARTESIAN_POINT('',(-2.396046316025,2.392336670723,9.6));
#7961 = DIRECTION('',(0.,0.,1.));
#7962 = DIRECTION('',(1.,0.,0.));
#7963 = ( GEOMETRIC_REPRESENTATION_CONTEXT(3) 
GLOBAL_UNCERTAINTY_ASSIGNED_CONTEXT((#7967)) 
GLOBAL_UNIT_ASSIGNED_CONTEXT((#7964,#7965,#7966)) REPRESENTATION_CONTEXT
('Context #1','3D Context with UNIT and UNCERTAINTY') );
#7964 = ( LENGTH_UNIT() NAMED_UNIT(*) SI_UNIT(.MILLI.,.METRE.) );
#7965 = ( NAMED_UNIT(*) PLANE_ANGLE_UNIT() SI_UNIT($,.RADIAN.) );
#7966 = ( NAMED_UNIT(*) SI_UNIT($,.STERADIAN.) SOLID_ANGLE_UNIT() );
#7967 = UNCERTAINTY_MEASURE_WITH_UNIT(LENGTH_MEASURE(1.E-07),#7964,
  'distance_accuracy_value','confusion accuracy');
#7968 = CONTEXT_DEPENDENT_SHAPE_REPRESENTATION(#7969,#7971);
#7969 = ( REPRESENTATION_RELATIONSHIP('','',#6834,#10) 
REPRESENTATION_RELATIONSHIP_WITH_TRANSFORMATION(#7970) 
SHAPE_REPRESENTATION_RELATIONSHIP() );
#7970 = ITEM_DEFINED_TRANSFORMATION('','',#11,#19);
#7971 = PRODUCT_DEFINITION_SHAPE('Placement','Placement of an item',
  #7972);
#7972 = NEXT_ASSEMBLY_USAGE_OCCURRENCE('91','Extrude','',#5,#6829,$);
#7973 = PRODUCT_RELATED_PRODUCT_CATEGORY('part',$,(#6831));
#7974 = SHAPE_DEFINITION_REPRESENTATION(#7975,#7981);
#7975 = PRODUCT_DEFINITION_SHAPE('','',#7976);
#7976 = PRODUCT_DEFINITION('design','',#7977,#7980);
#7977 = PRODUCT_DEFINITION_FORMATION('','',#7978);
#7978 = PRODUCT('Extrude001','Extrude001','',(#7979));
#7979 = PRODUCT_CONTEXT('',#2,'mechanical');
#7980 = PRODUCT_DEFINITION_CONTEXT('part definition',#2,'design');
#7981 = SHAPE_REPRESENTATION('',(#11,#7982,#9110,#10182,#11232),#12152);
#7982 = MANIFOLD_SOLID_BREP('',#7983);
#7983 = CLOSED_SHELL('',(#7984,#8026,#8057,#8090,#8123,#8156,#8189,#8222
    ,#8255,#8288,#8321,#8354,#8387,#8420,#8451,#8484,#8517,#8548,#8572,
    #8612,#8643,#8674,#8707,#8740,#8773,#8797,#8837,#8868,#8899,#8932,
    #8965,#8998,#9022,#9066));
#7984 = ADVANCED_FACE('',(#7985),#8019,.F.);
#7985 = FACE_BOUND('',#7986,.F.);
#7986 = EDGE_LOOP('',(#7987,#7997,#8005,#8013));
#7987 = ORIENTED_EDGE('',*,*,#7988,.T.);
#7988 = EDGE_CURVE('',#7989,#7991,#7993,.T.);
#7989 = VERTEX_POINT('',#7990);
#7990 = CARTESIAN_POINT('',(-5.352336895252,-5.2,10.));
#7991 = VERTEX_POINT('',#7992);
#7992 = CARTESIAN_POINT('',(-5.352336895252,-5.2,9.6));
#7993 = LINE('',#7994,#7995);
#7994 = CARTESIAN_POINT('',(-5.352336895252,-5.2,10.));
#7995 = VECTOR('',#7996,1.);
#7996 = DIRECTION('',(0.,0.,-1.));
#7997 = ORIENTED_EDGE('',*,*,#7998,.T.);
#7998 = EDGE_CURVE('',#7991,#7999,#8001,.T.);
#7999 = VERTEX_POINT('',#8000);
#8000 = CARTESIAN_POINT('',(-5.429256405638,-5.17009458457,9.6));
#8001 = B_SPLINE_CURVE_WITH_KNOTS('',2,(#8002,#8003,#8004),
  .UNSPECIFIED.,.F.,.F.,(3,3),(0.,1.),.PIECEWISE_BEZIER_KNOTS.);
#8002 = CARTESIAN_POINT('',(-5.352336895252,-5.2,9.6));
#8003 = CARTESIAN_POINT('',(-5.399350990208,-5.2,9.6));
#8004 = CARTESIAN_POINT('',(-5.429256405638,-5.17009458457,9.6));
#8005 = ORIENTED_EDGE('',*,*,#8006,.F.);
#8006 = EDGE_CURVE('',#8007,#7999,#8009,.T.);
#8007 = VERTEX_POINT('',#8008);
#8008 = CARTESIAN_POINT('',(-5.429256405638,-5.17009458457,10.));
#8009 = LINE('',#8010,#8011);
#8010 = CARTESIAN_POINT('',(-5.429256405638,-5.17009458457,10.));
#8011 = VECTOR('',#8012,1.);
#8012 = DIRECTION('',(0.,0.,-1.));
#8013 = ORIENTED_EDGE('',*,*,#8014,.F.);
#8014 = EDGE_CURVE('',#7989,#8007,#8015,.T.);
#8015 = B_SPLINE_CURVE_WITH_KNOTS('',2,(#8016,#8017,#8018),
  .UNSPECIFIED.,.F.,.F.,(3,3),(0.,1.),.PIECEWISE_BEZIER_KNOTS.);
#8016 = CARTESIAN_POINT('',(-5.352336895252,-5.2,10.));
#8017 = CARTESIAN_POINT('',(-5.399350990208,-5.2,10.));
#8018 = CARTESIAN_POINT('',(-5.429256405638,-5.17009458457,10.));
#8019 = SURFACE_OF_LINEAR_EXTRUSION('',#8020,#8024);
#8020 = B_SPLINE_CURVE_WITH_KNOTS('',2,(#8021,#8022,#8023),
  .UNSPECIFIED.,.F.,.F.,(3,3),(0.,1.),.PIECEWISE_BEZIER_KNOTS.);
#8021 = CARTESIAN_POINT('',(-5.352336895252,-5.2,10.));
#8022 = CARTESIAN_POINT('',(-5.399350990208,-5.2,10.));
#8023 = CARTESIAN_POINT('',(-5.429256405638,-5.17009458457,10.));
#8024 = VECTOR('',#8025,1.);
#8025 = DIRECTION('',(-0.,-0.,1.));
#8026 = ADVANCED_FACE('',(#8027),#8052,.F.);
#8027 = FACE_BOUND('',#8028,.F.);
#8028 = EDGE_LOOP('',(#8029,#8039,#8045,#8046));
#8029 = ORIENTED_EDGE('',*,*,#8030,.T.);
#8030 = EDGE_CURVE('',#8031,#8033,#8035,.T.);
#8031 = VERTEX_POINT('',#8032);
#8032 = CARTESIAN_POINT('',(-4.047069832938,-5.2,10.));
#8033 = VERTEX_POINT('',#8034);
#8034 = CARTESIAN_POINT('',(-4.047069832938,-5.2,9.6));
#8035 = LINE('',#8036,#8037);
#8036 = CARTESIAN_POINT('',(-4.047069832938,-5.2,10.));
#8037 = VECTOR('',#8038,1.);
#8038 = DIRECTION('',(0.,0.,-1.));
#8039 = ORIENTED_EDGE('',*,*,#8040,.T.);
#8040 = EDGE_CURVE('',#8033,#7991,#8041,.T.);
#8041 = LINE('',#8042,#8043);
#8042 = CARTESIAN_POINT('',(-4.047069832938,-5.2,9.6));
#8043 = VECTOR('',#8044,1.);
#8044 = DIRECTION('',(-1.,0.,0.));
#8045 = ORIENTED_EDGE('',*,*,#7988,.F.);
#8046 = ORIENTED_EDGE('',*,*,#8047,.F.);
#8047 = EDGE_CURVE('',#8031,#7989,#8048,.T.);
#8048 = LINE('',#8049,#8050);
#8049 = CARTESIAN_POINT('',(-4.047069832938,-5.2,10.));
#8050 = VECTOR('',#8051,1.);
#8051 = DIRECTION('',(-1.,0.,0.));
#8052 = PLANE('',#8053);
#8053 = AXIS2_PLACEMENT_3D('',#8054,#8055,#8056);
#8054 = CARTESIAN_POINT('',(-4.047069832938,-5.2,10.));
#8055 = DIRECTION('',(0.,1.,0.));
#8056 = DIRECTION('',(-1.,0.,0.));
#8057 = ADVANCED_FACE('',(#8058),#8083,.F.);
#8058 = FACE_BOUND('',#8059,.F.);
#8059 = EDGE_LOOP('',(#8060,#8070,#8076,#8077));
#8060 = ORIENTED_EDGE('',*,*,#8061,.T.);
#8061 = EDGE_CURVE('',#8062,#8064,#8066,.T.);
#8062 = VERTEX_POINT('',#8063);
#8063 = CARTESIAN_POINT('',(-3.475528660831,-5.089002225519,10.));
#8064 = VERTEX_POINT('',#8065);
#8065 = CARTESIAN_POINT('',(-3.475528660831,-5.089002225519,9.6));
#8066 = LINE('',#8067,#8068);
#8067 = CARTESIAN_POINT('',(-3.475528660831,-5.089002225519,10.));
#8068 = VECTOR('',#8069,1.);
#8069 = DIRECTION('',(0.,0.,-1.));
#8070 = ORIENTED_EDGE('',*,*,#8071,.T.);
#8071 = EDGE_CURVE('',#8064,#8033,#8072,.T.);
#8072 = B_SPLINE_CURVE_WITH_KNOTS('',2,(#8073,#8074,#8075),
  .UNSPECIFIED.,.F.,.F.,(3,3),(0.,1.),.PIECEWISE_BEZIER_KNOTS.);
#8073 = CARTESIAN_POINT('',(-3.475528660831,-5.089002225519,9.6));
#8074 = CARTESIAN_POINT('',(-3.710181850742,-5.2,9.6));
#8075 = CARTESIAN_POINT('',(-4.047069832938,-5.2,9.6));
#8076 = ORIENTED_EDGE('',*,*,#8030,.F.);
#8077 = ORIENTED_EDGE('',*,*,#8078,.F.);
#8078 = EDGE_CURVE('',#8062,#8031,#8079,.T.);
#8079 = B_SPLINE_CURVE_WITH_KNOTS('',2,(#8080,#8081,#8082),
  .UNSPECIFIED.,.F.,.F.,(3,3),(0.,1.),.PIECEWISE_BEZIER_KNOTS.);
#8080 = CARTESIAN_POINT('',(-3.475528660831,-5.089002225519,10.));
#8081 = CARTESIAN_POINT('',(-3.710181850742,-5.2,10.));
#8082 = CARTESIAN_POINT('',(-4.047069832938,-5.2,10.));
#8083 = SURFACE_OF_LINEAR_EXTRUSION('',#8084,#8088);
#8084 = B_SPLINE_CURVE_WITH_KNOTS('',2,(#8085,#8086,#8087),
  .UNSPECIFIED.,.F.,.F.,(3,3),(0.,1.),.PIECEWISE_BEZIER_KNOTS.);
#8085 = CARTESIAN_POINT('',(-3.475528660831,-5.089002225519,10.));
#8086 = CARTESIAN_POINT('',(-3.710181850742,-5.2,10.));
#8087 = CARTESIAN_POINT('',(-4.047069832938,-5.2,10.));
#8088 = VECTOR('',#8089,1.);
#8089 = DIRECTION('',(-0.,-0.,1.));
#8090 = ADVANCED_FACE('',(#8091),#8116,.F.);
#8091 = FACE_BOUND('',#8092,.F.);
#8092 = EDGE_LOOP('',(#8093,#8103,#8109,#8110));
#8093 = ORIENTED_EDGE('',*,*,#8094,.T.);
#8094 = EDGE_CURVE('',#8095,#8097,#8099,.T.);
#8095 = VERTEX_POINT('',#8096);
#8096 = CARTESIAN_POINT('',(-3.12153199911,-4.777151335312,10.));
#8097 = VERTEX_POINT('',#8098);
#8098 = CARTESIAN_POINT('',(-3.12153199911,-4.777151335312,9.6));
#8099 = LINE('',#8100,#8101);
#8100 = CARTESIAN_POINT('',(-3.12153199911,-4.777151335312,10.));
#8101 = VECTOR('',#8102,1.);
#8102 = DIRECTION('',(0.,0.,-1.));
#8103 = ORIENTED_EDGE('',*,*,#8104,.T.);
#8104 = EDGE_CURVE('',#8097,#8064,#8105,.T.);
#8105 = B_SPLINE_CURVE_WITH_KNOTS('',2,(#8106,#8107,#8108),
  .UNSPECIFIED.,.F.,.F.,(3,3),(0.,1.),.PIECEWISE_BEZIER_KNOTS.);
#8106 = CARTESIAN_POINT('',(-3.12153199911,-4.777151335312,9.6));
#8107 = CARTESIAN_POINT('',(-3.24087547092,-4.977865356083,9.6));
#8108 = CARTESIAN_POINT('',(-3.475528660831,-5.089002225519,9.6));
#8109 = ORIENTED_EDGE('',*,*,#8061,.F.);
#8110 = ORIENTED_EDGE('',*,*,#8111,.F.);
#8111 = EDGE_CURVE('',#8095,#8062,#8112,.T.);
#8112 = B_SPLINE_CURVE_WITH_KNOTS('',2,(#8113,#8114,#8115),
  .UNSPECIFIED.,.F.,.F.,(3,3),(0.,1.),.PIECEWISE_BEZIER_KNOTS.);
#8113 = CARTESIAN_POINT('',(-3.12153199911,-4.777151335312,10.));
#8114 = CARTESIAN_POINT('',(-3.24087547092,-4.977865356083,10.));
#8115 = CARTESIAN_POINT('',(-3.475528660831,-5.089002225519,10.));
#8116 = SURFACE_OF_LINEAR_EXTRUSION('',#8117,#8121);
#8117 = B_SPLINE_CURVE_WITH_KNOTS('',2,(#8118,#8119,#8120),
  .UNSPECIFIED.,.F.,.F.,(3,3),(0.,1.),.PIECEWISE_BEZIER_KNOTS.);
#8118 = CARTESIAN_POINT('',(-3.12153199911,-4.777151335312,10.));
#8119 = CARTESIAN_POINT('',(-3.24087547092,-4.977865356083,10.));
#8120 = CARTESIAN_POINT('',(-3.475528660831,-5.089002225519,10.));
#8121 = VECTOR('',#8122,1.);
#8122 = DIRECTION('',(-0.,-0.,1.));
#8123 = ADVANCED_FACE('',(#8124),#8149,.F.);
#8124 = FACE_BOUND('',#8125,.F.);
#8125 = EDGE_LOOP('',(#8126,#8136,#8142,#8143));
#8126 = ORIENTED_EDGE('',*,*,#8127,.T.);
#8127 = EDGE_CURVE('',#8128,#8130,#8132,.T.);
#8128 = VERTEX_POINT('',#8129);
#8129 = CARTESIAN_POINT('',(-3.002049432344,-4.307427670623,10.));
#8130 = VERTEX_POINT('',#8131);
#8131 = CARTESIAN_POINT('',(-3.002049432344,-4.307427670623,9.6));
#8132 = LINE('',#8133,#8134);
#8133 = CARTESIAN_POINT('',(-3.002049432344,-4.307427670623,10.));
#8134 = VECTOR('',#8135,1.);
#8135 = DIRECTION('',(0.,0.,-1.));
#8136 = ORIENTED_EDGE('',*,*,#8137,.T.);
#8137 = EDGE_CURVE('',#8130,#8097,#8138,.T.);
#8138 = B_SPLINE_CURVE_WITH_KNOTS('',2,(#8139,#8140,#8141),
  .UNSPECIFIED.,.F.,.F.,(3,3),(0.,1.),.PIECEWISE_BEZIER_KNOTS.);
#8139 = CARTESIAN_POINT('',(-3.002049432344,-4.307427670623,9.6));
#8140 = CARTESIAN_POINT('',(-3.002049432344,-4.576298219585,9.6));
#8141 = CARTESIAN_POINT('',(-3.12153199911,-4.777151335312,9.6));
#8142 = ORIENTED_EDGE('',*,*,#8094,.F.);
#8143 = ORIENTED_EDGE('',*,*,#8144,.F.);
#8144 = EDGE_CURVE('',#8128,#8095,#8145,.T.);
#8145 = B_SPLINE_CURVE_WITH_KNOTS('',2,(#8146,#8147,#8148),
  .UNSPECIFIED.,.F.,.F.,(3,3),(0.,1.),.PIECEWISE_BEZIER_KNOTS.);
#8146 = CARTESIAN_POINT('',(-3.002049432344,-4.307427670623,10.));
#8147 = CARTESIAN_POINT('',(-3.002049432344,-4.576298219585,10.));
#8148 = CARTESIAN_POINT('',(-3.12153199911,-4.777151335312,10.));
#8149 = SURFACE_OF_LINEAR_EXTRUSION('',#8150,#8154);
#8150 = B_SPLINE_CURVE_WITH_KNOTS('',2,(#8151,#8152,#8153),
  .UNSPECIFIED.,.F.,.F.,(3,3),(0.,1.),.PIECEWISE_BEZIER_KNOTS.);
#8151 = CARTESIAN_POINT('',(-3.002049432344,-4.307427670623,10.));
#8152 = CARTESIAN_POINT('',(-3.002049432344,-4.576298219585,10.));
#8153 = CARTESIAN_POINT('',(-3.12153199911,-4.777151335312,10.));
#8154 = VECTOR('',#8155,1.);
#8155 = DIRECTION('',(-0.,-0.,1.));
#8156 = ADVANCED_FACE('',(#8157),#8182,.F.);
#8157 = FACE_BOUND('',#8158,.F.);
#8158 = EDGE_LOOP('',(#8159,#8169,#8175,#8176));
#8159 = ORIENTED_EDGE('',*,*,#8160,.T.);
#8160 = EDGE_CURVE('',#8161,#8163,#8165,.T.);
#8161 = VERTEX_POINT('',#8162);
#8162 = CARTESIAN_POINT('',(-3.126956702374,-3.886665430267,10.));
#8163 = VERTEX_POINT('',#8164);
#8164 = CARTESIAN_POINT('',(-3.126956702374,-3.886665430267,9.6));
#8165 = LINE('',#8166,#8167);
#8166 = CARTESIAN_POINT('',(-3.126956702374,-3.886665430267,10.));
#8167 = VECTOR('',#8168,1.);
#8168 = DIRECTION('',(0.,0.,-1.));
#8169 = ORIENTED_EDGE('',*,*,#8170,.T.);
#8170 = EDGE_CURVE('',#8163,#8130,#8171,.T.);
#8171 = B_SPLINE_CURVE_WITH_KNOTS('',2,(#8172,#8173,#8174),
  .UNSPECIFIED.,.F.,.F.,(3,3),(0.,1.),.PIECEWISE_BEZIER_KNOTS.);
#8172 = CARTESIAN_POINT('',(-3.126956702374,-3.886665430267,9.6));
#8173 = CARTESIAN_POINT('',(-3.002049432344,-4.063733308605,9.6));
#8174 = CARTESIAN_POINT('',(-3.002049432344,-4.307427670623,9.6));
#8175 = ORIENTED_EDGE('',*,*,#8127,.F.);
#8176 = ORIENTED_EDGE('',*,*,#8177,.F.);
#8177 = EDGE_CURVE('',#8161,#8128,#8178,.T.);
#8178 = B_SPLINE_CURVE_WITH_KNOTS('',2,(#8179,#8180,#8181),
  .UNSPECIFIED.,.F.,.F.,(3,3),(0.,1.),.PIECEWISE_BEZIER_KNOTS.);
#8179 = CARTESIAN_POINT('',(-3.126956702374,-3.886665430267,10.));
#8180 = CARTESIAN_POINT('',(-3.002049432344,-4.063733308605,10.));
#8181 = CARTESIAN_POINT('',(-3.002049432344,-4.307427670623,10.));
#8182 = SURFACE_OF_LINEAR_EXTRUSION('',#8183,#8187);
#8183 = B_SPLINE_CURVE_WITH_KNOTS('',2,(#8184,#8185,#8186),
  .UNSPECIFIED.,.F.,.F.,(3,3),(0.,1.),.PIECEWISE_BEZIER_KNOTS.);
#8184 = CARTESIAN_POINT('',(-3.126956702374,-3.886665430267,10.));
#8185 = CARTESIAN_POINT('',(-3.002049432344,-4.063733308605,10.));
#8186 = CARTESIAN_POINT('',(-3.002049432344,-4.307427670623,10.));
#8187 = VECTOR('',#8188,1.);
#8188 = DIRECTION('',(-0.,-0.,1.));
#8189 = ADVANCED_FACE('',(#8190),#8215,.F.);
#8190 = FACE_BOUND('',#8191,.F.);
#8191 = EDGE_LOOP('',(#8192,#8202,#8208,#8209));
#8192 = ORIENTED_EDGE('',*,*,#8193,.T.);
#8193 = EDGE_CURVE('',#8194,#8196,#8198,.T.);
#8194 = VERTEX_POINT('',#8195);
#8195 = CARTESIAN_POINT('',(-3.41696968457,-3.632399851632,10.));
#8196 = VERTEX_POINT('',#8197);
#8197 = CARTESIAN_POINT('',(-3.41696968457,-3.632399851632,9.6));
#8198 = LINE('',#8199,#8200);
#8199 = CARTESIAN_POINT('',(-3.41696968457,-3.632399851632,10.));
#8200 = VECTOR('',#8201,1.);
#8201 = DIRECTION('',(0.,0.,-1.));
#8202 = ORIENTED_EDGE('',*,*,#8203,.T.);
#8203 = EDGE_CURVE('',#8196,#8163,#8204,.T.);
#8204 = B_SPLINE_CURVE_WITH_KNOTS('',2,(#8205,#8206,#8207),
  .UNSPECIFIED.,.F.,.F.,(3,3),(0.,1.),.PIECEWISE_BEZIER_KNOTS.);
#8205 = CARTESIAN_POINT('',(-3.41696968457,-3.632399851632,9.6));
#8206 = CARTESIAN_POINT('',(-3.251724877448,-3.709458456973,9.6));
#8207 = CARTESIAN_POINT('',(-3.126956702374,-3.886665430267,9.6));
#8208 = ORIENTED_EDGE('',*,*,#8160,.F.);
#8209 = ORIENTED_EDGE('',*,*,#8210,.F.);
#8210 = EDGE_CURVE('',#8194,#8161,#8211,.T.);
#8211 = B_SPLINE_CURVE_WITH_KNOTS('',2,(#8212,#8213,#8214),
  .UNSPECIFIED.,.F.,.F.,(3,3),(0.,1.),.PIECEWISE_BEZIER_KNOTS.);
#8212 = CARTESIAN_POINT('',(-3.41696968457,-3.632399851632,10.));
#8213 = CARTESIAN_POINT('',(-3.251724877448,-3.709458456973,10.));
#8214 = CARTESIAN_POINT('',(-3.126956702374,-3.886665430267,10.));
#8215 = SURFACE_OF_LINEAR_EXTRUSION('',#8216,#8220);
#8216 = B_SPLINE_CURVE_WITH_KNOTS('',2,(#8217,#8218,#8219),
  .UNSPECIFIED.,.F.,.F.,(3,3),(0.,1.),.PIECEWISE_BEZIER_KNOTS.);
#8217 = CARTESIAN_POINT('',(-3.41696968457,-3.632399851632,10.));
#8218 = CARTESIAN_POINT('',(-3.251724877448,-3.709458456973,10.));
#8219 = CARTESIAN_POINT('',(-3.126956702374,-3.886665430267,10.));
#8220 = VECTOR('',#8221,1.);
#8221 = DIRECTION('',(-0.,-0.,1.));
#8222 = ADVANCED_FACE('',(#8223),#8248,.F.);
#8223 = FACE_BOUND('',#8224,.F.);
#8224 = EDGE_LOOP('',(#8225,#8235,#8241,#8242));
#8225 = ORIENTED_EDGE('',*,*,#8226,.T.);
#8226 = EDGE_CURVE('',#8227,#8229,#8231,.T.);
#8227 = VERTEX_POINT('',#8228);
#8228 = CARTESIAN_POINT('',(-3.255619536202,-3.516394658754,10.));
#8229 = VERTEX_POINT('',#8230);
#8230 = CARTESIAN_POINT('',(-3.255619536202,-3.516394658754,9.6));
#8231 = LINE('',#8232,#8233);
#8232 = CARTESIAN_POINT('',(-3.255619536202,-3.516394658754,10.));
#8233 = VECTOR('',#8234,1.);
#8234 = DIRECTION('',(0.,0.,-1.));
#8235 = ORIENTED_EDGE('',*,*,#8236,.T.);
#8236 = EDGE_CURVE('',#8229,#8196,#8237,.T.);
#8237 = B_SPLINE_CURVE_WITH_KNOTS('',2,(#8238,#8239,#8240),
  .UNSPECIFIED.,.F.,.F.,(3,3),(0.,1.),.PIECEWISE_BEZIER_KNOTS.);
#8238 = CARTESIAN_POINT('',(-3.255619536202,-3.516394658754,9.6));
#8239 = CARTESIAN_POINT('',(-3.339493794362,-3.593731454006,9.6));
#8240 = CARTESIAN_POINT('',(-3.41696968457,-3.632399851632,9.6));
#8241 = ORIENTED_EDGE('',*,*,#8193,.F.);
#8242 = ORIENTED_EDGE('',*,*,#8243,.F.);
#8243 = EDGE_CURVE('',#8227,#8194,#8244,.T.);
#8244 = B_SPLINE_CURVE_WITH_KNOTS('',2,(#8245,#8246,#8247),
  .UNSPECIFIED.,.F.,.F.,(3,3),(0.,1.),.PIECEWISE_BEZIER_KNOTS.);
#8245 = CARTESIAN_POINT('',(-3.255619536202,-3.516394658754,10.));
#8246 = CARTESIAN_POINT('',(-3.339493794362,-3.593731454006,10.));
#8247 = CARTESIAN_POINT('',(-3.41696968457,-3.632399851632,10.));
#8248 = SURFACE_OF_LINEAR_EXTRUSION('',#8249,#8253);
#8249 = B_SPLINE_CURVE_WITH_KNOTS('',2,(#8250,#8251,#8252),
  .UNSPECIFIED.,.F.,.F.,(3,3),(0.,1.),.PIECEWISE_BEZIER_KNOTS.);
#8250 = CARTESIAN_POINT('',(-3.255619536202,-3.516394658754,10.));
#8251 = CARTESIAN_POINT('',(-3.339493794362,-3.593731454006,10.));
#8252 = CARTESIAN_POINT('',(-3.41696968457,-3.632399851632,10.));
#8253 = VECTOR('',#8254,1.);
#8254 = DIRECTION('',(-0.,-0.,1.));
#8255 = ADVANCED_FACE('',(#8256),#8281,.F.);
#8256 = FACE_BOUND('',#8257,.F.);
#8257 = EDGE_LOOP('',(#8258,#8268,#8274,#8275));
#8258 = ORIENTED_EDGE('',*,*,#8259,.T.);
#8259 = EDGE_CURVE('',#8260,#8262,#8264,.T.);
#8260 = VERTEX_POINT('',#8261);
#8261 = CARTESIAN_POINT('',(-3.113603586647,-3.318462537092,10.));
#8262 = VERTEX_POINT('',#8263);
#8263 = CARTESIAN_POINT('',(-3.113603586647,-3.318462537092,9.6));
#8264 = LINE('',#8265,#8266);
#8265 = CARTESIAN_POINT('',(-3.113603586647,-3.318462537092,10.));
#8266 = VECTOR('',#8267,1.);
#8267 = DIRECTION('',(0.,0.,-1.));
#8268 = ORIENTED_EDGE('',*,*,#8269,.T.);
#8269 = EDGE_CURVE('',#8262,#8229,#8270,.T.);
#8270 = B_SPLINE_CURVE_WITH_KNOTS('',2,(#8271,#8272,#8273),
  .UNSPECIFIED.,.F.,.F.,(3,3),(0.,1.),.PIECEWISE_BEZIER_KNOTS.);
#8271 = CARTESIAN_POINT('',(-3.113603586647,-3.318462537092,9.6));
#8272 = CARTESIAN_POINT('',(-3.171745278042,-3.438918768546,9.6));
#8273 = CARTESIAN_POINT('',(-3.255619536202,-3.516394658754,9.6));
#8274 = ORIENTED_EDGE('',*,*,#8226,.F.);
#8275 = ORIENTED_EDGE('',*,*,#8276,.F.);
#8276 = EDGE_CURVE('',#8260,#8227,#8277,.T.);
#8277 = B_SPLINE_CURVE_WITH_KNOTS('',2,(#8278,#8279,#8280),
  .UNSPECIFIED.,.F.,.F.,(3,3),(0.,1.),.PIECEWISE_BEZIER_KNOTS.);
#8278 = CARTESIAN_POINT('',(-3.113603586647,-3.318462537092,10.));
#8279 = CARTESIAN_POINT('',(-3.171745278042,-3.438918768546,10.));
#8280 = CARTESIAN_POINT('',(-3.255619536202,-3.516394658754,10.));
#8281 = SURFACE_OF_LINEAR_EXTRUSION('',#8282,#8286);
#8282 = B_SPLINE_CURVE_WITH_KNOTS('',2,(#8283,#8284,#8285),
  .UNSPECIFIED.,.F.,.F.,(3,3),(0.,1.),.PIECEWISE_BEZIER_KNOTS.);
#8283 = CARTESIAN_POINT('',(-3.113603586647,-3.318462537092,10.));
#8284 = CARTESIAN_POINT('',(-3.171745278042,-3.438918768546,10.));
#8285 = CARTESIAN_POINT('',(-3.255619536202,-3.516394658754,10.));
#8286 = VECTOR('',#8287,1.);
#8287 = DIRECTION('',(-0.,-0.,1.));
#8288 = ADVANCED_FACE('',(#8289),#8314,.F.);
#8289 = FACE_BOUND('',#8290,.F.);
#8290 = EDGE_LOOP('',(#8291,#8301,#8307,#8308));
#8291 = ORIENTED_EDGE('',*,*,#8292,.T.);
#8292 = EDGE_CURVE('',#8293,#8295,#8297,.T.);
#8293 = VERTEX_POINT('',#8294);
#8294 = CARTESIAN_POINT('',(-3.055461895252,-3.038742581602,10.));
#8295 = VERTEX_POINT('',#8296);
#8296 = CARTESIAN_POINT('',(-3.055461895252,-3.038742581602,9.6));
#8297 = LINE('',#8298,#8299);
#8298 = CARTESIAN_POINT('',(-3.055461895252,-3.038742581602,10.));
#8299 = VECTOR('',#8300,1.);
#8300 = DIRECTION('',(0.,0.,-1.));
#8301 = ORIENTED_EDGE('',*,*,#8302,.T.);
#8302 = EDGE_CURVE('',#8295,#8262,#8303,.T.);
#8303 = B_SPLINE_CURVE_WITH_KNOTS('',2,(#8304,#8305,#8306),
  .UNSPECIFIED.,.F.,.F.,(3,3),(0.,1.),.PIECEWISE_BEZIER_KNOTS.);
#8304 = CARTESIAN_POINT('',(-3.055461895252,-3.038742581602,9.6));
#8305 = CARTESIAN_POINT('',(-3.055461895252,-3.197867210682,9.6));
#8306 = CARTESIAN_POINT('',(-3.113603586647,-3.318462537092,9.6));
#8307 = ORIENTED_EDGE('',*,*,#8259,.F.);
#8308 = ORIENTED_EDGE('',*,*,#8309,.F.);
#8309 = EDGE_CURVE('',#8293,#8260,#8310,.T.);
#8310 = B_SPLINE_CURVE_WITH_KNOTS('',2,(#8311,#8312,#8313),
  .UNSPECIFIED.,.F.,.F.,(3,3),(0.,1.),.PIECEWISE_BEZIER_KNOTS.);
#8311 = CARTESIAN_POINT('',(-3.055461895252,-3.038742581602,10.));
#8312 = CARTESIAN_POINT('',(-3.055461895252,-3.197867210682,10.));
#8313 = CARTESIAN_POINT('',(-3.113603586647,-3.318462537092,10.));
#8314 = SURFACE_OF_LINEAR_EXTRUSION('',#8315,#8319);
#8315 = B_SPLINE_CURVE_WITH_KNOTS('',2,(#8316,#8317,#8318),
  .UNSPECIFIED.,.F.,.F.,(3,3),(0.,1.),.PIECEWISE_BEZIER_KNOTS.);
#8316 = CARTESIAN_POINT('',(-3.055461895252,-3.038742581602,10.));
#8317 = CARTESIAN_POINT('',(-3.055461895252,-3.197867210682,10.));
#8318 = CARTESIAN_POINT('',(-3.113603586647,-3.318462537092,10.));
#8319 = VECTOR('',#8320,1.);
#8320 = DIRECTION('',(-0.,-0.,1.));
#8321 = ADVANCED_FACE('',(#8322),#8347,.F.);
#8322 = FACE_BOUND('',#8323,.F.);
#8323 = EDGE_LOOP('',(#8324,#8334,#8340,#8341));
#8324 = ORIENTED_EDGE('',*,*,#8325,.T.);
#8325 = EDGE_CURVE('',#8326,#8328,#8330,.T.);
#8326 = VERTEX_POINT('',#8327);
#8327 = CARTESIAN_POINT('',(-3.164512340356,-2.595725148368,10.));
#8328 = VERTEX_POINT('',#8329);
#8329 = CARTESIAN_POINT('',(-3.164512340356,-2.595725148368,9.6));
#8330 = LINE('',#8331,#8332);
#8331 = CARTESIAN_POINT('',(-3.164512340356,-2.595725148368,10.));
#8332 = VECTOR('',#8333,1.);
#8333 = DIRECTION('',(0.,0.,-1.));
#8334 = ORIENTED_EDGE('',*,*,#8335,.T.);
#8335 = EDGE_CURVE('',#8328,#8295,#8336,.T.);
#8336 = B_SPLINE_CURVE_WITH_KNOTS('',2,(#8337,#8338,#8339),
  .UNSPECIFIED.,.F.,.F.,(3,3),(0.,1.),.PIECEWISE_BEZIER_KNOTS.);
#8337 = CARTESIAN_POINT('',(-3.164512340356,-2.595725148368,9.6));
#8338 = CARTESIAN_POINT('',(-3.055461895252,-2.784894287834,9.6));
#8339 = CARTESIAN_POINT('',(-3.055461895252,-3.038742581602,9.6));
#8340 = ORIENTED_EDGE('',*,*,#8292,.F.);
#8341 = ORIENTED_EDGE('',*,*,#8342,.F.);
#8342 = EDGE_CURVE('',#8326,#8293,#8343,.T.);
#8343 = B_SPLINE_CURVE_WITH_KNOTS('',2,(#8344,#8345,#8346),
  .UNSPECIFIED.,.F.,.F.,(3,3),(0.,1.),.PIECEWISE_BEZIER_KNOTS.);
#8344 = CARTESIAN_POINT('',(-3.164512340356,-2.595725148368,10.));
#8345 = CARTESIAN_POINT('',(-3.055461895252,-2.784894287834,10.));
#8346 = CARTESIAN_POINT('',(-3.055461895252,-3.038742581602,10.));
#8347 = SURFACE_OF_LINEAR_EXTRUSION('',#8348,#8352);
#8348 = B_SPLINE_CURVE_WITH_KNOTS('',2,(#8349,#8350,#8351),
  .UNSPECIFIED.,.F.,.F.,(3,3),(0.,1.),.PIECEWISE_BEZIER_KNOTS.);
#8349 = CARTESIAN_POINT('',(-3.164512340356,-2.595725148368,10.));
#8350 = CARTESIAN_POINT('',(-3.055461895252,-2.784894287834,10.));
#8351 = CARTESIAN_POINT('',(-3.055461895252,-3.038742581602,10.));
#8352 = VECTOR('',#8353,1.);
#8353 = DIRECTION('',(-0.,-0.,1.));
#8354 = ADVANCED_FACE('',(#8355),#8380,.F.);
#8355 = FACE_BOUND('',#8356,.F.);
#8356 = EDGE_LOOP('',(#8357,#8367,#8373,#8374));
#8357 = ORIENTED_EDGE('',*,*,#8358,.T.);
#8358 = EDGE_CURVE('',#8359,#8361,#8363,.T.);
#8359 = VERTEX_POINT('',#8360);
#8360 = CARTESIAN_POINT('',(-3.500287562908,-2.303208456973,10.));
#8361 = VERTEX_POINT('',#8362);
#8362 = CARTESIAN_POINT('',(-3.500287562908,-2.303208456973,9.6));
#8363 = LINE('',#8364,#8365);
#8364 = CARTESIAN_POINT('',(-3.500287562908,-2.303208456973,10.));
#8365 = VECTOR('',#8366,1.);
#8366 = DIRECTION('',(0.,0.,-1.));
#8367 = ORIENTED_EDGE('',*,*,#8368,.T.);
#8368 = EDGE_CURVE('',#8361,#8328,#8369,.T.);
#8369 = B_SPLINE_CURVE_WITH_KNOTS('',2,(#8370,#8371,#8372),
  .UNSPECIFIED.,.F.,.F.,(3,3),(0.,1.),.PIECEWISE_BEZIER_KNOTS.);
#8370 = CARTESIAN_POINT('',(-3.500287562908,-2.303208456973,9.6));
#8371 = CARTESIAN_POINT('',(-3.27356278546,-2.406416913947,9.6));
#8372 = CARTESIAN_POINT('',(-3.164512340356,-2.595725148368,9.6));
#8373 = ORIENTED_EDGE('',*,*,#8325,.F.);
#8374 = ORIENTED_EDGE('',*,*,#8375,.F.);
#8375 = EDGE_CURVE('',#8359,#8326,#8376,.T.);
#8376 = B_SPLINE_CURVE_WITH_KNOTS('',2,(#8377,#8378,#8379),
  .UNSPECIFIED.,.F.,.F.,(3,3),(0.,1.),.PIECEWISE_BEZIER_KNOTS.);
#8377 = CARTESIAN_POINT('',(-3.500287562908,-2.303208456973,10.));
#8378 = CARTESIAN_POINT('',(-3.27356278546,-2.406416913947,10.));
#8379 = CARTESIAN_POINT('',(-3.164512340356,-2.595725148368,10.));
#8380 = SURFACE_OF_LINEAR_EXTRUSION('',#8381,#8385);
#8381 = B_SPLINE_CURVE_WITH_KNOTS('',2,(#8382,#8383,#8384),
  .UNSPECIFIED.,.F.,.F.,(3,3),(0.,1.),.PIECEWISE_BEZIER_KNOTS.);
#8382 = CARTESIAN_POINT('',(-3.500287562908,-2.303208456973,10.));
#8383 = CARTESIAN_POINT('',(-3.27356278546,-2.406416913947,10.));
#8384 = CARTESIAN_POINT('',(-3.164512340356,-2.595725148368,10.));
#8385 = VECTOR('',#8386,1.);
#8386 = DIRECTION('',(-0.,-0.,1.));
#8387 = ADVANCED_FACE('',(#8388),#8413,.F.);
#8388 = FACE_BOUND('',#8389,.F.);
#8389 = EDGE_LOOP('',(#8390,#8400,#8406,#8407));
#8390 = ORIENTED_EDGE('',*,*,#8391,.T.);
#8391 = EDGE_CURVE('',#8392,#8394,#8396,.T.);
#8392 = VERTEX_POINT('',#8393);
#8393 = CARTESIAN_POINT('',(-4.08184357181,-2.2,10.));
#8394 = VERTEX_POINT('',#8395);
#8395 = CARTESIAN_POINT('',(-4.08184357181,-2.2,9.6));
#8396 = LINE('',#8397,#8398);
#8397 = CARTESIAN_POINT('',(-4.08184357181,-2.2,10.));
#8398 = VECTOR('',#8399,1.);
#8399 = DIRECTION('',(0.,0.,-1.));
#8400 = ORIENTED_EDGE('',*,*,#8401,.T.);
#8401 = EDGE_CURVE('',#8394,#8361,#8402,.T.);
#8402 = B_SPLINE_CURVE_WITH_KNOTS('',2,(#8403,#8404,#8405),
  .UNSPECIFIED.,.F.,.F.,(3,3),(0.,1.),.PIECEWISE_BEZIER_KNOTS.);
#8403 = CARTESIAN_POINT('',(-4.08184357181,-2.2,9.6));
#8404 = CARTESIAN_POINT('',(-3.726873245401,-2.2,9.6));
#8405 = CARTESIAN_POINT('',(-3.500287562908,-2.303208456973,9.6));
#8406 = ORIENTED_EDGE('',*,*,#8358,.F.);
#8407 = ORIENTED_EDGE('',*,*,#8408,.F.);
#8408 = EDGE_CURVE('',#8392,#8359,#8409,.T.);
#8409 = B_SPLINE_CURVE_WITH_KNOTS('',2,(#8410,#8411,#8412),
  .UNSPECIFIED.,.F.,.F.,(3,3),(0.,1.),.PIECEWISE_BEZIER_KNOTS.);
#8410 = CARTESIAN_POINT('',(-4.08184357181,-2.2,10.));
#8411 = CARTESIAN_POINT('',(-3.726873245401,-2.2,10.));
#8412 = CARTESIAN_POINT('',(-3.500287562908,-2.303208456973,10.));
#8413 = SURFACE_OF_LINEAR_EXTRUSION('',#8414,#8418);
#8414 = B_SPLINE_CURVE_WITH_KNOTS('',2,(#8415,#8416,#8417),
  .UNSPECIFIED.,.F.,.F.,(3,3),(0.,1.),.PIECEWISE_BEZIER_KNOTS.);
#8415 = CARTESIAN_POINT('',(-4.08184357181,-2.2,10.));
#8416 = CARTESIAN_POINT('',(-3.726873245401,-2.2,10.));
#8417 = CARTESIAN_POINT('',(-3.500287562908,-2.303208456973,10.));
#8418 = VECTOR('',#8419,1.);
#8419 = DIRECTION('',(-0.,-0.,1.));
#8420 = ADVANCED_FACE('',(#8421),#8446,.F.);
#8421 = FACE_BOUND('',#8422,.F.);
#8422 = EDGE_LOOP('',(#8423,#8433,#8439,#8440));
#8423 = ORIENTED_EDGE('',*,*,#8424,.T.);
#8424 = EDGE_CURVE('',#8425,#8427,#8429,.T.);
#8425 = VERTEX_POINT('',#8426);
#8426 = CARTESIAN_POINT('',(-5.352058705341,-2.2,10.));
#8427 = VERTEX_POINT('',#8428);
#8428 = CARTESIAN_POINT('',(-5.352058705341,-2.2,9.6));
#8429 = LINE('',#8430,#8431);
#8430 = CARTESIAN_POINT('',(-5.352058705341,-2.2,10.));
#8431 = VECTOR('',#8432,1.);
#8432 = DIRECTION('',(0.,0.,-1.));
#8433 = ORIENTED_EDGE('',*,*,#8434,.T.);
#8434 = EDGE_CURVE('',#8427,#8394,#8435,.T.);
#8435 = LINE('',#8436,#8437);
#8436 = CARTESIAN_POINT('',(-5.352058705341,-2.2,9.6));
#8437 = VECTOR('',#8438,1.);
#8438 = DIRECTION('',(1.,0.,0.));
#8439 = ORIENTED_EDGE('',*,*,#8391,.F.);
#8440 = ORIENTED_EDGE('',*,*,#8441,.F.);
#8441 = EDGE_CURVE('',#8425,#8392,#8442,.T.);
#8442 = LINE('',#8443,#8444);
#8443 = CARTESIAN_POINT('',(-5.352058705341,-2.2,10.));
#8444 = VECTOR('',#8445,1.);
#8445 = DIRECTION('',(1.,0.,0.));
#8446 = PLANE('',#8447);
#8447 = AXIS2_PLACEMENT_3D('',#8448,#8449,#8450);
#8448 = CARTESIAN_POINT('',(-5.352058705341,-2.2,10.));
#8449 = DIRECTION('',(0.,-1.,0.));
#8450 = DIRECTION('',(1.,0.,0.));
#8451 = ADVANCED_FACE('',(#8452),#8477,.F.);
#8452 = FACE_BOUND('',#8453,.F.);
#8453 = EDGE_LOOP('',(#8454,#8464,#8470,#8471));
#8454 = ORIENTED_EDGE('',*,*,#8455,.T.);
#8455 = EDGE_CURVE('',#8456,#8458,#8460,.T.);
#8456 = VERTEX_POINT('',#8457);
#8457 = CARTESIAN_POINT('',(-5.429117310682,-2.230044510386,10.));
#8458 = VERTEX_POINT('',#8459);
#8459 = CARTESIAN_POINT('',(-5.429117310682,-2.230044510386,9.6));
#8460 = LINE('',#8461,#8462);
#8461 = CARTESIAN_POINT('',(-5.429117310682,-2.230044510386,10.));
#8462 = VECTOR('',#8463,1.);
#8463 = DIRECTION('',(0.,0.,-1.));
#8464 = ORIENTED_EDGE('',*,*,#8465,.T.);
#8465 = EDGE_CURVE('',#8458,#8427,#8466,.T.);
#8466 = B_SPLINE_CURVE_WITH_KNOTS('',2,(#8467,#8468,#8469),
  .UNSPECIFIED.,.F.,.F.,(3,3),(0.,1.),.PIECEWISE_BEZIER_KNOTS.);
#8467 = CARTESIAN_POINT('',(-5.429117310682,-2.230044510386,9.6));
#8468 = CARTESIAN_POINT('',(-5.399211895252,-2.2,9.6));
#8469 = CARTESIAN_POINT('',(-5.352058705341,-2.2,9.6));
#8470 = ORIENTED_EDGE('',*,*,#8424,.F.);
#8471 = ORIENTED_EDGE('',*,*,#8472,.F.);
#8472 = EDGE_CURVE('',#8456,#8425,#8473,.T.);
#8473 = B_SPLINE_CURVE_WITH_KNOTS('',2,(#8474,#8475,#8476),
  .UNSPECIFIED.,.F.,.F.,(3,3),(0.,1.),.PIECEWISE_BEZIER_KNOTS.);
#8474 = CARTESIAN_POINT('',(-5.429117310682,-2.230044510386,10.));
#8475 = CARTESIAN_POINT('',(-5.399211895252,-2.2,10.));
#8476 = CARTESIAN_POINT('',(-5.352058705341,-2.2,10.));
#8477 = SURFACE_OF_LINEAR_EXTRUSION('',#8478,#8482);
#8478 = B_SPLINE_CURVE_WITH_KNOTS('',2,(#8479,#8480,#8481),
  .UNSPECIFIED.,.F.,.F.,(3,3),(0.,1.),.PIECEWISE_BEZIER_KNOTS.);
#8479 = CARTESIAN_POINT('',(-5.429117310682,-2.230044510386,10.));
#8480 = CARTESIAN_POINT('',(-5.399211895252,-2.2,10.));
#8481 = CARTESIAN_POINT('',(-5.352058705341,-2.2,10.));
#8482 = VECTOR('',#8483,1.);
#8483 = DIRECTION('',(-0.,-0.,1.));
#8484 = ADVANCED_FACE('',(#8485),#8510,.F.);
#8485 = FACE_BOUND('',#8486,.F.);
#8486 = EDGE_LOOP('',(#8487,#8497,#8503,#8504));
#8487 = ORIENTED_EDGE('',*,*,#8488,.T.);
#8488 = EDGE_CURVE('',#8489,#8491,#8493,.T.);
#8489 = VERTEX_POINT('',#8490);
#8490 = CARTESIAN_POINT('',(-5.459022726113,-2.307103115727,10.));
#8491 = VERTEX_POINT('',#8492);
#8492 = CARTESIAN_POINT('',(-5.459022726113,-2.307103115727,9.6));
#8493 = LINE('',#8494,#8495);
#8494 = CARTESIAN_POINT('',(-5.459022726113,-2.307103115727,10.));
#8495 = VECTOR('',#8496,1.);
#8496 = DIRECTION('',(0.,0.,-1.));
#8497 = ORIENTED_EDGE('',*,*,#8498,.T.);
#8498 = EDGE_CURVE('',#8491,#8458,#8499,.T.);
#8499 = B_SPLINE_CURVE_WITH_KNOTS('',2,(#8500,#8501,#8502),
  .UNSPECIFIED.,.F.,.F.,(3,3),(0.,1.),.PIECEWISE_BEZIER_KNOTS.);
#8500 = CARTESIAN_POINT('',(-5.459022726113,-2.307103115727,9.6));
#8501 = CARTESIAN_POINT('',(-5.459022726113,-2.259949925816,9.6));
#8502 = CARTESIAN_POINT('',(-5.429117310682,-2.230044510386,9.6));
#8503 = ORIENTED_EDGE('',*,*,#8455,.F.);
#8504 = ORIENTED_EDGE('',*,*,#8505,.F.);
#8505 = EDGE_CURVE('',#8489,#8456,#8506,.T.);
#8506 = B_SPLINE_CURVE_WITH_KNOTS('',2,(#8507,#8508,#8509),
  .UNSPECIFIED.,.F.,.F.,(3,3),(0.,1.),.PIECEWISE_BEZIER_KNOTS.);
#8507 = CARTESIAN_POINT('',(-5.459022726113,-2.307103115727,10.));
#8508 = CARTESIAN_POINT('',(-5.459022726113,-2.259949925816,10.));
#8509 = CARTESIAN_POINT('',(-5.429117310682,-2.230044510386,10.));
#8510 = SURFACE_OF_LINEAR_EXTRUSION('',#8511,#8515);
#8511 = B_SPLINE_CURVE_WITH_KNOTS('',2,(#8512,#8513,#8514),
  .UNSPECIFIED.,.F.,.F.,(3,3),(0.,1.),.PIECEWISE_BEZIER_KNOTS.);
#8512 = CARTESIAN_POINT('',(-5.459022726113,-2.307103115727,10.));
#8513 = CARTESIAN_POINT('',(-5.459022726113,-2.259949925816,10.));
#8514 = CARTESIAN_POINT('',(-5.429117310682,-2.230044510386,10.));
#8515 = VECTOR('',#8516,1.);
#8516 = DIRECTION('',(-0.,-0.,1.));
#8517 = ADVANCED_FACE('',(#8518),#8543,.F.);
#8518 = FACE_BOUND('',#8519,.F.);
#8519 = EDGE_LOOP('',(#8520,#8530,#8536,#8537));
#8520 = ORIENTED_EDGE('',*,*,#8521,.T.);
#8521 = EDGE_CURVE('',#8522,#8524,#8526,.T.);
#8522 = VERTEX_POINT('',#8523);
#8523 = CARTESIAN_POINT('',(-5.459022726113,-5.092757789318,10.));
#8524 = VERTEX_POINT('',#8525);
#8525 = CARTESIAN_POINT('',(-5.459022726113,-5.092757789318,9.6));
#8526 = LINE('',#8527,#8528);
#8527 = CARTESIAN_POINT('',(-5.459022726113,-5.092757789318,10.));
#8528 = VECTOR('',#8529,1.);
#8529 = DIRECTION('',(0.,0.,-1.));
#8530 = ORIENTED_EDGE('',*,*,#8531,.T.);
#8531 = EDGE_CURVE('',#8524,#8491,#8532,.T.);
#8532 = LINE('',#8533,#8534);
#8533 = CARTESIAN_POINT('',(-5.459022726113,-5.092757789318,9.6));
#8534 = VECTOR('',#8535,1.);
#8535 = DIRECTION('',(0.,1.,0.));
#8536 = ORIENTED_EDGE('',*,*,#8488,.F.);
#8537 = ORIENTED_EDGE('',*,*,#8538,.F.);
#8538 = EDGE_CURVE('',#8522,#8489,#8539,.T.);
#8539 = LINE('',#8540,#8541);
#8540 = CARTESIAN_POINT('',(-5.459022726113,-5.092757789318,10.));
#8541 = VECTOR('',#8542,1.);
#8542 = DIRECTION('',(0.,1.,0.));
#8543 = PLANE('',#8544);
#8544 = AXIS2_PLACEMENT_3D('',#8545,#8546,#8547);
#8545 = CARTESIAN_POINT('',(-5.459022726113,-5.092757789318,10.));
#8546 = DIRECTION('',(1.,-0.,0.));
#8547 = DIRECTION('',(0.,1.,0.));
#8548 = ADVANCED_FACE('',(#8549),#8565,.F.);
#8549 = FACE_BOUND('',#8550,.F.);
#8550 = EDGE_LOOP('',(#8551,#8552,#8558,#8559));
#8551 = ORIENTED_EDGE('',*,*,#8006,.T.);
#8552 = ORIENTED_EDGE('',*,*,#8553,.T.);
#8553 = EDGE_CURVE('',#7999,#8524,#8554,.T.);
#8554 = B_SPLINE_CURVE_WITH_KNOTS('',2,(#8555,#8556,#8557),
  .UNSPECIFIED.,.F.,.F.,(3,3),(0.,1.),.PIECEWISE_BEZIER_KNOTS.);
#8555 = CARTESIAN_POINT('',(-5.429256405638,-5.17009458457,9.6));
#8556 = CARTESIAN_POINT('',(-5.459022726113,-5.140050074184,9.6));
#8557 = CARTESIAN_POINT('',(-5.459022726113,-5.092757789318,9.6));
#8558 = ORIENTED_EDGE('',*,*,#8521,.F.);
#8559 = ORIENTED_EDGE('',*,*,#8560,.F.);
#8560 = EDGE_CURVE('',#8007,#8522,#8561,.T.);
#8561 = B_SPLINE_CURVE_WITH_KNOTS('',2,(#8562,#8563,#8564),
  .UNSPECIFIED.,.F.,.F.,(3,3),(0.,1.),.PIECEWISE_BEZIER_KNOTS.);
#8562 = CARTESIAN_POINT('',(-5.429256405638,-5.17009458457,10.));
#8563 = CARTESIAN_POINT('',(-5.459022726113,-5.140050074184,10.));
#8564 = CARTESIAN_POINT('',(-5.459022726113,-5.092757789318,10.));
#8565 = SURFACE_OF_LINEAR_EXTRUSION('',#8566,#8570);
#8566 = B_SPLINE_CURVE_WITH_KNOTS('',2,(#8567,#8568,#8569),
  .UNSPECIFIED.,.F.,.F.,(3,3),(0.,1.),.PIECEWISE_BEZIER_KNOTS.);
#8567 = CARTESIAN_POINT('',(-5.429256405638,-5.17009458457,10.));
#8568 = CARTESIAN_POINT('',(-5.459022726113,-5.140050074184,10.));
#8569 = CARTESIAN_POINT('',(-5.459022726113,-5.092757789318,10.));
#8570 = VECTOR('',#8571,1.);
#8571 = DIRECTION('',(-0.,-0.,1.));
#8572 = ADVANCED_FACE('',(#8573),#8607,.F.);
#8573 = FACE_BOUND('',#8574,.F.);
#8574 = EDGE_LOOP('',(#8575,#8585,#8593,#8601));
#8575 = ORIENTED_EDGE('',*,*,#8576,.T.);
#8576 = EDGE_CURVE('',#8577,#8579,#8581,.T.);
#8577 = VERTEX_POINT('',#8578);
#8578 = CARTESIAN_POINT('',(-4.782464862611,-4.701483679525,10.));
#8579 = VERTEX_POINT('',#8580);
#8580 = CARTESIAN_POINT('',(-4.782464862611,-4.701483679525,9.6));
#8581 = LINE('',#8582,#8583);
#8582 = CARTESIAN_POINT('',(-4.782464862611,-4.701483679525,10.));
#8583 = VECTOR('',#8584,1.);
#8584 = DIRECTION('',(0.,0.,-1.));
#8585 = ORIENTED_EDGE('',*,*,#8586,.T.);
#8586 = EDGE_CURVE('',#8579,#8587,#8589,.T.);
#8587 = VERTEX_POINT('',#8588);
#8588 = CARTESIAN_POINT('',(-4.128440381899,-4.701483679525,9.6));
#8589 = LINE('',#8590,#8591);
#8590 = CARTESIAN_POINT('',(-4.782464862611,-4.701483679525,9.6));
#8591 = VECTOR('',#8592,1.);
#8592 = DIRECTION('',(1.,0.,0.));
#8593 = ORIENTED_EDGE('',*,*,#8594,.F.);
#8594 = EDGE_CURVE('',#8595,#8587,#8597,.T.);
#8595 = VERTEX_POINT('',#8596);
#8596 = CARTESIAN_POINT('',(-4.128440381899,-4.701483679525,10.));
#8597 = LINE('',#8598,#8599);
#8598 = CARTESIAN_POINT('',(-4.128440381899,-4.701483679525,10.));
#8599 = VECTOR('',#8600,1.);
#8600 = DIRECTION('',(0.,0.,-1.));
#8601 = ORIENTED_EDGE('',*,*,#8602,.F.);
#8602 = EDGE_CURVE('',#8577,#8595,#8603,.T.);
#8603 = LINE('',#8604,#8605);
#8604 = CARTESIAN_POINT('',(-4.782464862611,-4.701483679525,10.));
#8605 = VECTOR('',#8606,1.);
#8606 = DIRECTION('',(1.,0.,0.));
#8607 = PLANE('',#8608);
#8608 = AXIS2_PLACEMENT_3D('',#8609,#8610,#8611);
#8609 = CARTESIAN_POINT('',(-4.782464862611,-4.701483679525,10.));
#8610 = DIRECTION('',(0.,-1.,0.));
#8611 = DIRECTION('',(1.,0.,0.));
#8612 = ADVANCED_FACE('',(#8613),#8638,.F.);
#8613 = FACE_BOUND('',#8614,.F.);
#8614 = EDGE_LOOP('',(#8615,#8625,#8631,#8632));
#8615 = ORIENTED_EDGE('',*,*,#8616,.T.);
#8616 = EDGE_CURVE('',#8617,#8619,#8621,.T.);
#8617 = VERTEX_POINT('',#8618);
#8618 = CARTESIAN_POINT('',(-4.782464862611,-3.909198813056,10.));
#8619 = VERTEX_POINT('',#8620);
#8620 = CARTESIAN_POINT('',(-4.782464862611,-3.909198813056,9.6));
#8621 = LINE('',#8622,#8623);
#8622 = CARTESIAN_POINT('',(-4.782464862611,-3.909198813056,10.));
#8623 = VECTOR('',#8624,1.);
#8624 = DIRECTION('',(0.,0.,-1.));
#8625 = ORIENTED_EDGE('',*,*,#8626,.T.);
#8626 = EDGE_CURVE('',#8619,#8579,#8627,.T.);
#8627 = LINE('',#8628,#8629);
#8628 = CARTESIAN_POINT('',(-4.782464862611,-3.909198813056,9.6));
#8629 = VECTOR('',#8630,1.);
#8630 = DIRECTION('',(0.,-1.,0.));
#8631 = ORIENTED_EDGE('',*,*,#8576,.F.);
#8632 = ORIENTED_EDGE('',*,*,#8633,.F.);
#8633 = EDGE_CURVE('',#8617,#8577,#8634,.T.);
#8634 = LINE('',#8635,#8636);
#8635 = CARTESIAN_POINT('',(-4.782464862611,-3.909198813056,10.));
#8636 = VECTOR('',#8637,1.);
#8637 = DIRECTION('',(0.,-1.,0.));
#8638 = PLANE('',#8639);
#8639 = AXIS2_PLACEMENT_3D('',#8640,#8641,#8642);
#8640 = CARTESIAN_POINT('',(-4.782464862611,-3.909198813056,10.));
#8641 = DIRECTION('',(-1.,-0.,-0.));
#8642 = DIRECTION('',(0.,-1.,0.));
#8643 = ADVANCED_FACE('',(#8644),#8669,.F.);
#8644 = FACE_BOUND('',#8645,.F.);
#8645 = EDGE_LOOP('',(#8646,#8656,#8662,#8663));
#8646 = ORIENTED_EDGE('',*,*,#8647,.T.);
#8647 = EDGE_CURVE('',#8648,#8650,#8652,.T.);
#8648 = VERTEX_POINT('',#8649);
#8649 = CARTESIAN_POINT('',(-4.128440381899,-3.909198813056,10.));
#8650 = VERTEX_POINT('',#8651);
#8651 = CARTESIAN_POINT('',(-4.128440381899,-3.909198813056,9.6));
#8652 = LINE('',#8653,#8654);
#8653 = CARTESIAN_POINT('',(-4.128440381899,-3.909198813056,10.));
#8654 = VECTOR('',#8655,1.);
#8655 = DIRECTION('',(0.,0.,-1.));
#8656 = ORIENTED_EDGE('',*,*,#8657,.T.);
#8657 = EDGE_CURVE('',#8650,#8619,#8658,.T.);
#8658 = LINE('',#8659,#8660);
#8659 = CARTESIAN_POINT('',(-4.128440381899,-3.909198813056,9.6));
#8660 = VECTOR('',#8661,1.);
#8661 = DIRECTION('',(-1.,0.,0.));
#8662 = ORIENTED_EDGE('',*,*,#8616,.F.);
#8663 = ORIENTED_EDGE('',*,*,#8664,.F.);
#8664 = EDGE_CURVE('',#8648,#8617,#8665,.T.);
#8665 = LINE('',#8666,#8667);
#8666 = CARTESIAN_POINT('',(-4.128440381899,-3.909198813056,10.));
#8667 = VECTOR('',#8668,1.);
#8668 = DIRECTION('',(-1.,0.,0.));
#8669 = PLANE('',#8670);
#8670 = AXIS2_PLACEMENT_3D('',#8671,#8672,#8673);
#8671 = CARTESIAN_POINT('',(-4.128440381899,-3.909198813056,10.));
#8672 = DIRECTION('',(0.,1.,0.));
#8673 = DIRECTION('',(-1.,0.,0.));
#8674 = ADVANCED_FACE('',(#8675),#8700,.F.);
#8675 = FACE_BOUND('',#8676,.F.);
#8676 = EDGE_LOOP('',(#8677,#8687,#8693,#8694));
#8677 = ORIENTED_EDGE('',*,*,#8678,.T.);
#8678 = EDGE_CURVE('',#8679,#8681,#8683,.T.);
#8679 = VERTEX_POINT('',#8680);
#8680 = CARTESIAN_POINT('',(-3.814363972404,-4.022700296736,10.));
#8681 = VERTEX_POINT('',#8682);
#8682 = CARTESIAN_POINT('',(-3.814363972404,-4.022700296736,9.6));
#8683 = LINE('',#8684,#8685);
#8684 = CARTESIAN_POINT('',(-3.814363972404,-4.022700296736,10.));
#8685 = VECTOR('',#8686,1.);
#8686 = DIRECTION('',(0.,0.,-1.));
#8687 = ORIENTED_EDGE('',*,*,#8688,.T.);
#8688 = EDGE_CURVE('',#8681,#8650,#8689,.T.);
#8689 = B_SPLINE_CURVE_WITH_KNOTS('',2,(#8690,#8691,#8692),
  .UNSPECIFIED.,.F.,.F.,(3,3),(0.,1.),.PIECEWISE_BEZIER_KNOTS.);
#8690 = CARTESIAN_POINT('',(-3.814363972404,-4.022700296736,9.6));
#8691 = CARTESIAN_POINT('',(-3.923414417507,-3.909198813056,9.6));
#8692 = CARTESIAN_POINT('',(-4.128440381899,-3.909198813056,9.6));
#8693 = ORIENTED_EDGE('',*,*,#8647,.F.);
#8694 = ORIENTED_EDGE('',*,*,#8695,.F.);
#8695 = EDGE_CURVE('',#8679,#8648,#8696,.T.);
#8696 = B_SPLINE_CURVE_WITH_KNOTS('',2,(#8697,#8698,#8699),
  .UNSPECIFIED.,.F.,.F.,(3,3),(0.,1.),.PIECEWISE_BEZIER_KNOTS.);
#8697 = CARTESIAN_POINT('',(-3.814363972404,-4.022700296736,10.));
#8698 = CARTESIAN_POINT('',(-3.923414417507,-3.909198813056,10.));
#8699 = CARTESIAN_POINT('',(-4.128440381899,-3.909198813056,10.));
#8700 = SURFACE_OF_LINEAR_EXTRUSION('',#8701,#8705);
#8701 = B_SPLINE_CURVE_WITH_KNOTS('',2,(#8702,#8703,#8704),
  .UNSPECIFIED.,.F.,.F.,(3,3),(0.,1.),.PIECEWISE_BEZIER_KNOTS.);
#8702 = CARTESIAN_POINT('',(-3.814363972404,-4.022700296736,10.));
#8703 = CARTESIAN_POINT('',(-3.923414417507,-3.909198813056,10.));
#8704 = CARTESIAN_POINT('',(-4.128440381899,-3.909198813056,10.));
#8705 = VECTOR('',#8706,1.);
#8706 = DIRECTION('',(-0.,-0.,1.));
#8707 = ADVANCED_FACE('',(#8708),#8733,.F.);
#8708 = FACE_BOUND('',#8709,.F.);
#8709 = EDGE_LOOP('',(#8710,#8720,#8726,#8727));
#8710 = ORIENTED_EDGE('',*,*,#8711,.T.);
#8711 = EDGE_CURVE('',#8712,#8714,#8716,.T.);
#8712 = VERTEX_POINT('',#8713);
#8713 = CARTESIAN_POINT('',(-3.7053135273,-4.303254821958,10.));
#8714 = VERTEX_POINT('',#8715);
#8715 = CARTESIAN_POINT('',(-3.7053135273,-4.303254821958,9.6));
#8716 = LINE('',#8717,#8718);
#8717 = CARTESIAN_POINT('',(-3.7053135273,-4.303254821958,10.));
#8718 = VECTOR('',#8719,1.);
#8719 = DIRECTION('',(0.,0.,-1.));
#8720 = ORIENTED_EDGE('',*,*,#8721,.T.);
#8721 = EDGE_CURVE('',#8714,#8681,#8722,.T.);
#8722 = B_SPLINE_CURVE_WITH_KNOTS('',2,(#8723,#8724,#8725),
  .UNSPECIFIED.,.F.,.F.,(3,3),(0.,1.),.PIECEWISE_BEZIER_KNOTS.);
#8723 = CARTESIAN_POINT('',(-3.7053135273,-4.303254821958,9.6));
#8724 = CARTESIAN_POINT('',(-3.7053135273,-4.136201780415,9.6));
#8725 = CARTESIAN_POINT('',(-3.814363972404,-4.022700296736,9.6));
#8726 = ORIENTED_EDGE('',*,*,#8678,.F.);
#8727 = ORIENTED_EDGE('',*,*,#8728,.F.);
#8728 = EDGE_CURVE('',#8712,#8679,#8729,.T.);
#8729 = B_SPLINE_CURVE_WITH_KNOTS('',2,(#8730,#8731,#8732),
  .UNSPECIFIED.,.F.,.F.,(3,3),(0.,1.),.PIECEWISE_BEZIER_KNOTS.);
#8730 = CARTESIAN_POINT('',(-3.7053135273,-4.303254821958,10.));
#8731 = CARTESIAN_POINT('',(-3.7053135273,-4.136201780415,10.));
#8732 = CARTESIAN_POINT('',(-3.814363972404,-4.022700296736,10.));
#8733 = SURFACE_OF_LINEAR_EXTRUSION('',#8734,#8738);
#8734 = B_SPLINE_CURVE_WITH_KNOTS('',2,(#8735,#8736,#8737),
  .UNSPECIFIED.,.F.,.F.,(3,3),(0.,1.),.PIECEWISE_BEZIER_KNOTS.);
#8735 = CARTESIAN_POINT('',(-3.7053135273,-4.303254821958,10.));
#8736 = CARTESIAN_POINT('',(-3.7053135273,-4.136201780415,10.));
#8737 = CARTESIAN_POINT('',(-3.814363972404,-4.022700296736,10.));
#8738 = VECTOR('',#8739,1.);
#8739 = DIRECTION('',(-0.,-0.,1.));
#8740 = ADVANCED_FACE('',(#8741),#8766,.F.);
#8741 = FACE_BOUND('',#8742,.F.);
#8742 = EDGE_LOOP('',(#8743,#8753,#8759,#8760));
#8743 = ORIENTED_EDGE('',*,*,#8744,.T.);
#8744 = EDGE_CURVE('',#8745,#8747,#8749,.T.);
#8745 = VERTEX_POINT('',#8746);
#8746 = CARTESIAN_POINT('',(-3.812277548071,-4.583809347181,10.));
#8747 = VERTEX_POINT('',#8748);
#8748 = CARTESIAN_POINT('',(-3.812277548071,-4.583809347181,9.6));
#8749 = LINE('',#8750,#8751);
#8750 = CARTESIAN_POINT('',(-3.812277548071,-4.583809347181,10.));
#8751 = VECTOR('',#8752,1.);
#8752 = DIRECTION('',(0.,0.,-1.));
#8753 = ORIENTED_EDGE('',*,*,#8754,.T.);
#8754 = EDGE_CURVE('',#8747,#8714,#8755,.T.);
#8755 = B_SPLINE_CURVE_WITH_KNOTS('',2,(#8756,#8757,#8758),
  .UNSPECIFIED.,.F.,.F.,(3,3),(0.,1.),.PIECEWISE_BEZIER_KNOTS.);
#8756 = CARTESIAN_POINT('',(-3.812277548071,-4.583809347181,9.6));
#8757 = CARTESIAN_POINT('',(-3.7053135273,-4.465995919881,9.6));
#8758 = CARTESIAN_POINT('',(-3.7053135273,-4.303254821958,9.6));
#8759 = ORIENTED_EDGE('',*,*,#8711,.F.);
#8760 = ORIENTED_EDGE('',*,*,#8761,.F.);
#8761 = EDGE_CURVE('',#8745,#8712,#8762,.T.);
#8762 = B_SPLINE_CURVE_WITH_KNOTS('',2,(#8763,#8764,#8765),
  .UNSPECIFIED.,.F.,.F.,(3,3),(0.,1.),.PIECEWISE_BEZIER_KNOTS.);
#8763 = CARTESIAN_POINT('',(-3.812277548071,-4.583809347181,10.));
#8764 = CARTESIAN_POINT('',(-3.7053135273,-4.465995919881,10.));
#8765 = CARTESIAN_POINT('',(-3.7053135273,-4.303254821958,10.));
#8766 = SURFACE_OF_LINEAR_EXTRUSION('',#8767,#8771);
#8767 = B_SPLINE_CURVE_WITH_KNOTS('',2,(#8768,#8769,#8770),
  .UNSPECIFIED.,.F.,.F.,(3,3),(0.,1.),.PIECEWISE_BEZIER_KNOTS.);
#8768 = CARTESIAN_POINT('',(-3.812277548071,-4.583809347181,10.));
#8769 = CARTESIAN_POINT('',(-3.7053135273,-4.465995919881,10.));
#8770 = CARTESIAN_POINT('',(-3.7053135273,-4.303254821958,10.));
#8771 = VECTOR('',#8772,1.);
#8772 = DIRECTION('',(-0.,-0.,1.));
#8773 = ADVANCED_FACE('',(#8774),#8790,.F.);
#8774 = FACE_BOUND('',#8775,.F.);
#8775 = EDGE_LOOP('',(#8776,#8777,#8783,#8784));
#8776 = ORIENTED_EDGE('',*,*,#8594,.T.);
#8777 = ORIENTED_EDGE('',*,*,#8778,.T.);
#8778 = EDGE_CURVE('',#8587,#8747,#8779,.T.);
#8779 = B_SPLINE_CURVE_WITH_KNOTS('',2,(#8780,#8781,#8782),
  .UNSPECIFIED.,.F.,.F.,(3,3),(0.,1.),.PIECEWISE_BEZIER_KNOTS.);
#8780 = CARTESIAN_POINT('',(-4.128440381899,-4.701483679525,9.6));
#8781 = CARTESIAN_POINT('',(-3.919102473887,-4.701483679525,9.6));
#8782 = CARTESIAN_POINT('',(-3.812277548071,-4.583809347181,9.6));
#8783 = ORIENTED_EDGE('',*,*,#8744,.F.);
#8784 = ORIENTED_EDGE('',*,*,#8785,.F.);
#8785 = EDGE_CURVE('',#8595,#8745,#8786,.T.);
#8786 = B_SPLINE_CURVE_WITH_KNOTS('',2,(#8787,#8788,#8789),
  .UNSPECIFIED.,.F.,.F.,(3,3),(0.,1.),.PIECEWISE_BEZIER_KNOTS.);
#8787 = CARTESIAN_POINT('',(-4.128440381899,-4.701483679525,10.));
#8788 = CARTESIAN_POINT('',(-3.919102473887,-4.701483679525,10.));
#8789 = CARTESIAN_POINT('',(-3.812277548071,-4.583809347181,10.));
#8790 = SURFACE_OF_LINEAR_EXTRUSION('',#8791,#8795);
#8791 = B_SPLINE_CURVE_WITH_KNOTS('',2,(#8792,#8793,#8794),
  .UNSPECIFIED.,.F.,.F.,(3,3),(0.,1.),.PIECEWISE_BEZIER_KNOTS.);
#8792 = CARTESIAN_POINT('',(-4.128440381899,-4.701483679525,10.));
#8793 = CARTESIAN_POINT('',(-3.919102473887,-4.701483679525,10.));
#8794 = CARTESIAN_POINT('',(-3.812277548071,-4.583809347181,10.));
#8795 = VECTOR('',#8796,1.);
#8796 = DIRECTION('',(-0.,-0.,1.));
#8797 = ADVANCED_FACE('',(#8798),#8832,.F.);
#8798 = FACE_BOUND('',#8799,.F.);
#8799 = EDGE_LOOP('',(#8800,#8810,#8818,#8826));
#8800 = ORIENTED_EDGE('',*,*,#8801,.T.);
#8801 = EDGE_CURVE('',#8802,#8804,#8806,.T.);
#8802 = VERTEX_POINT('',#8803);
#8803 = CARTESIAN_POINT('',(-4.782464862611,-3.419584569733,10.));
#8804 = VERTEX_POINT('',#8805);
#8805 = CARTESIAN_POINT('',(-4.782464862611,-3.419584569733,9.6));
#8806 = LINE('',#8807,#8808);
#8807 = CARTESIAN_POINT('',(-4.782464862611,-3.419584569733,10.));
#8808 = VECTOR('',#8809,1.);
#8809 = DIRECTION('',(0.,0.,-1.));
#8810 = ORIENTED_EDGE('',*,*,#8811,.T.);
#8811 = EDGE_CURVE('',#8804,#8812,#8814,.T.);
#8812 = VERTEX_POINT('',#8813);
#8813 = CARTESIAN_POINT('',(-4.163075025816,-3.419584569733,9.6));
#8814 = LINE('',#8815,#8816);
#8815 = CARTESIAN_POINT('',(-4.782464862611,-3.419584569733,9.6));
#8816 = VECTOR('',#8817,1.);
#8817 = DIRECTION('',(1.,0.,0.));
#8818 = ORIENTED_EDGE('',*,*,#8819,.F.);
#8819 = EDGE_CURVE('',#8820,#8812,#8822,.T.);
#8820 = VERTEX_POINT('',#8821);
#8821 = CARTESIAN_POINT('',(-4.163075025816,-3.419584569733,10.));
#8822 = LINE('',#8823,#8824);
#8823 = CARTESIAN_POINT('',(-4.163075025816,-3.419584569733,10.));
#8824 = VECTOR('',#8825,1.);
#8825 = DIRECTION('',(0.,0.,-1.));
#8826 = ORIENTED_EDGE('',*,*,#8827,.F.);
#8827 = EDGE_CURVE('',#8802,#8820,#8828,.T.);
#8828 = LINE('',#8829,#8830);
#8829 = CARTESIAN_POINT('',(-4.782464862611,-3.419584569733,10.));
#8830 = VECTOR('',#8831,1.);
#8831 = DIRECTION('',(1.,0.,0.));
#8832 = PLANE('',#8833);
#8833 = AXIS2_PLACEMENT_3D('',#8834,#8835,#8836);
#8834 = CARTESIAN_POINT('',(-4.782464862611,-3.419584569733,10.));
#8835 = DIRECTION('',(0.,-1.,0.));
#8836 = DIRECTION('',(1.,0.,0.));
#8837 = ADVANCED_FACE('',(#8838),#8863,.F.);
#8838 = FACE_BOUND('',#8839,.F.);
#8839 = EDGE_LOOP('',(#8840,#8850,#8856,#8857));
#8840 = ORIENTED_EDGE('',*,*,#8841,.T.);
#8841 = EDGE_CURVE('',#8842,#8844,#8846,.T.);
#8842 = VERTEX_POINT('',#8843);
#8843 = CARTESIAN_POINT('',(-4.782464862611,-2.698516320475,10.));
#8844 = VERTEX_POINT('',#8845);
#8845 = CARTESIAN_POINT('',(-4.782464862611,-2.698516320475,9.6));
#8846 = LINE('',#8847,#8848);
#8847 = CARTESIAN_POINT('',(-4.782464862611,-2.698516320475,10.));
#8848 = VECTOR('',#8849,1.);
#8849 = DIRECTION('',(0.,0.,-1.));
#8850 = ORIENTED_EDGE('',*,*,#8851,.T.);
#8851 = EDGE_CURVE('',#8844,#8804,#8852,.T.);
#8852 = LINE('',#8853,#8854);
#8853 = CARTESIAN_POINT('',(-4.782464862611,-2.698516320475,9.6));
#8854 = VECTOR('',#8855,1.);
#8855 = DIRECTION('',(0.,-1.,0.));
#8856 = ORIENTED_EDGE('',*,*,#8801,.F.);
#8857 = ORIENTED_EDGE('',*,*,#8858,.F.);
#8858 = EDGE_CURVE('',#8842,#8802,#8859,.T.);
#8859 = LINE('',#8860,#8861);
#8860 = CARTESIAN_POINT('',(-4.782464862611,-2.698516320475,10.));
#8861 = VECTOR('',#8862,1.);
#8862 = DIRECTION('',(0.,-1.,0.));
#8863 = PLANE('',#8864);
#8864 = AXIS2_PLACEMENT_3D('',#8865,#8866,#8867);
#8865 = CARTESIAN_POINT('',(-4.782464862611,-2.698516320475,10.));
#8866 = DIRECTION('',(-1.,-0.,-0.));
#8867 = DIRECTION('',(0.,-1.,0.));
#8868 = ADVANCED_FACE('',(#8869),#8894,.F.);
#8869 = FACE_BOUND('',#8870,.F.);
#8870 = EDGE_LOOP('',(#8871,#8881,#8887,#8888));
#8871 = ORIENTED_EDGE('',*,*,#8872,.T.);
#8872 = EDGE_CURVE('',#8873,#8875,#8877,.T.);
#8873 = VERTEX_POINT('',#8874);
#8874 = CARTESIAN_POINT('',(-4.163075025816,-2.698516320475,10.));
#8875 = VERTEX_POINT('',#8876);
#8876 = CARTESIAN_POINT('',(-4.163075025816,-2.698516320475,9.6));
#8877 = LINE('',#8878,#8879);
#8878 = CARTESIAN_POINT('',(-4.163075025816,-2.698516320475,10.));
#8879 = VECTOR('',#8880,1.);
#8880 = DIRECTION('',(0.,0.,-1.));
#8881 = ORIENTED_EDGE('',*,*,#8882,.T.);
#8882 = EDGE_CURVE('',#8875,#8844,#8883,.T.);
#8883 = LINE('',#8884,#8885);
#8884 = CARTESIAN_POINT('',(-4.163075025816,-2.698516320475,9.6));
#8885 = VECTOR('',#8886,1.);
#8886 = DIRECTION('',(-1.,0.,0.));
#8887 = ORIENTED_EDGE('',*,*,#8841,.F.);
#8888 = ORIENTED_EDGE('',*,*,#8889,.F.);
#8889 = EDGE_CURVE('',#8873,#8842,#8890,.T.);
#8890 = LINE('',#8891,#8892);
#8891 = CARTESIAN_POINT('',(-4.163075025816,-2.698516320475,10.));
#8892 = VECTOR('',#8893,1.);
#8893 = DIRECTION('',(-1.,0.,0.));
#8894 = PLANE('',#8895);
#8895 = AXIS2_PLACEMENT_3D('',#8896,#8897,#8898);
#8896 = CARTESIAN_POINT('',(-4.163075025816,-2.698516320475,10.));
#8897 = DIRECTION('',(0.,1.,0.));
#8898 = DIRECTION('',(-1.,0.,0.));
#8899 = ADVANCED_FACE('',(#8900),#8925,.F.);
#8900 = FACE_BOUND('',#8901,.F.);
#8901 = EDGE_LOOP('',(#8902,#8912,#8918,#8919));
#8902 = ORIENTED_EDGE('',*,*,#8903,.T.);
#8903 = EDGE_CURVE('',#8904,#8906,#8908,.T.);
#8904 = VERTEX_POINT('',#8905);
#8905 = CARTESIAN_POINT('',(-3.859848022849,-2.796300074184,10.));
#8906 = VERTEX_POINT('',#8907);
#8907 = CARTESIAN_POINT('',(-3.859848022849,-2.796300074184,9.6));
#8908 = LINE('',#8909,#8910);
#8909 = CARTESIAN_POINT('',(-3.859848022849,-2.796300074184,10.));
#8910 = VECTOR('',#8911,1.);
#8911 = DIRECTION('',(0.,0.,-1.));
#8912 = ORIENTED_EDGE('',*,*,#8913,.T.);
#8913 = EDGE_CURVE('',#8906,#8875,#8914,.T.);
#8914 = B_SPLINE_CURVE_WITH_KNOTS('',2,(#8915,#8916,#8917),
  .UNSPECIFIED.,.F.,.F.,(3,3),(0.,1.),.PIECEWISE_BEZIER_KNOTS.);
#8915 = CARTESIAN_POINT('',(-3.859848022849,-2.796300074184,9.6));
#8916 = CARTESIAN_POINT('',(-3.96097005549,-2.698516320475,9.6));
#8917 = CARTESIAN_POINT('',(-4.163075025816,-2.698516320475,9.6));
#8918 = ORIENTED_EDGE('',*,*,#8872,.F.);
#8919 = ORIENTED_EDGE('',*,*,#8920,.F.);
#8920 = EDGE_CURVE('',#8904,#8873,#8921,.T.);
#8921 = B_SPLINE_CURVE_WITH_KNOTS('',2,(#8922,#8923,#8924),
  .UNSPECIFIED.,.F.,.F.,(3,3),(0.,1.),.PIECEWISE_BEZIER_KNOTS.);
#8922 = CARTESIAN_POINT('',(-3.859848022849,-2.796300074184,10.));
#8923 = CARTESIAN_POINT('',(-3.96097005549,-2.698516320475,10.));
#8924 = CARTESIAN_POINT('',(-4.163075025816,-2.698516320475,10.));
#8925 = SURFACE_OF_LINEAR_EXTRUSION('',#8926,#8930);
#8926 = B_SPLINE_CURVE_WITH_KNOTS('',2,(#8927,#8928,#8929),
  .UNSPECIFIED.,.F.,.F.,(3,3),(0.,1.),.PIECEWISE_BEZIER_KNOTS.);
#8927 = CARTESIAN_POINT('',(-3.859848022849,-2.796300074184,10.));
#8928 = CARTESIAN_POINT('',(-3.96097005549,-2.698516320475,10.));
#8929 = CARTESIAN_POINT('',(-4.163075025816,-2.698516320475,10.));
#8930 = VECTOR('',#8931,1.);
#8931 = DIRECTION('',(-0.,-0.,1.));
#8932 = ADVANCED_FACE('',(#8933),#8958,.F.);
#8933 = FACE_BOUND('',#8934,.F.);
#8934 = EDGE_LOOP('',(#8935,#8945,#8951,#8952));
#8935 = ORIENTED_EDGE('',*,*,#8936,.T.);
#8936 = EDGE_CURVE('',#8937,#8939,#8941,.T.);
#8937 = VERTEX_POINT('',#8938);
#8938 = CARTESIAN_POINT('',(-3.758725990208,-3.054738501484,10.));
#8939 = VERTEX_POINT('',#8940);
#8940 = CARTESIAN_POINT('',(-3.758725990208,-3.054738501484,9.6));
#8941 = LINE('',#8942,#8943);
#8942 = CARTESIAN_POINT('',(-3.758725990208,-3.054738501484,10.));
#8943 = VECTOR('',#8944,1.);
#8944 = DIRECTION('',(0.,0.,-1.));
#8945 = ORIENTED_EDGE('',*,*,#8946,.T.);
#8946 = EDGE_CURVE('',#8939,#8906,#8947,.T.);
#8947 = B_SPLINE_CURVE_WITH_KNOTS('',2,(#8948,#8949,#8950),
  .UNSPECIFIED.,.F.,.F.,(3,3),(0.,1.),.PIECEWISE_BEZIER_KNOTS.);
#8948 = CARTESIAN_POINT('',(-3.758725990208,-3.054738501484,9.6));
#8949 = CARTESIAN_POINT('',(-3.758725990208,-2.894083827893,9.6));
#8950 = CARTESIAN_POINT('',(-3.859848022849,-2.796300074184,9.6));
#8951 = ORIENTED_EDGE('',*,*,#8903,.F.);
#8952 = ORIENTED_EDGE('',*,*,#8953,.F.);
#8953 = EDGE_CURVE('',#8937,#8904,#8954,.T.);
#8954 = B_SPLINE_CURVE_WITH_KNOTS('',2,(#8955,#8956,#8957),
  .UNSPECIFIED.,.F.,.F.,(3,3),(0.,1.),.PIECEWISE_BEZIER_KNOTS.);
#8955 = CARTESIAN_POINT('',(-3.758725990208,-3.054738501484,10.));
#8956 = CARTESIAN_POINT('',(-3.758725990208,-2.894083827893,10.));
#8957 = CARTESIAN_POINT('',(-3.859848022849,-2.796300074184,10.));
#8958 = SURFACE_OF_LINEAR_EXTRUSION('',#8959,#8963);
#8959 = B_SPLINE_CURVE_WITH_KNOTS('',2,(#8960,#8961,#8962),
  .UNSPECIFIED.,.F.,.F.,(3,3),(0.,1.),.PIECEWISE_BEZIER_KNOTS.);
#8960 = CARTESIAN_POINT('',(-3.758725990208,-3.054738501484,10.));
#8961 = CARTESIAN_POINT('',(-3.758725990208,-2.894083827893,10.));
#8962 = CARTESIAN_POINT('',(-3.859848022849,-2.796300074184,10.));
#8963 = VECTOR('',#8964,1.);
#8964 = DIRECTION('',(-0.,-0.,1.));
#8965 = ADVANCED_FACE('',(#8966),#8991,.F.);
#8966 = FACE_BOUND('',#8967,.F.);
#8967 = EDGE_LOOP('',(#8968,#8978,#8984,#8985));
#8968 = ORIENTED_EDGE('',*,*,#8969,.T.);
#8969 = EDGE_CURVE('',#8970,#8972,#8974,.T.);
#8970 = VERTEX_POINT('',#8971);
#8971 = CARTESIAN_POINT('',(-3.859848022849,-3.317627967359,10.));
#8972 = VERTEX_POINT('',#8973);
#8973 = CARTESIAN_POINT('',(-3.859848022849,-3.317627967359,9.6));
#8974 = LINE('',#8975,#8976);
#8975 = CARTESIAN_POINT('',(-3.859848022849,-3.317627967359,10.));
#8976 = VECTOR('',#8977,1.);
#8977 = DIRECTION('',(0.,0.,-1.));
#8978 = ORIENTED_EDGE('',*,*,#8979,.T.);
#8979 = EDGE_CURVE('',#8972,#8939,#8980,.T.);
#8980 = B_SPLINE_CURVE_WITH_KNOTS('',2,(#8981,#8982,#8983),
  .UNSPECIFIED.,.F.,.F.,(3,3),(0.,1.),.PIECEWISE_BEZIER_KNOTS.);
#8981 = CARTESIAN_POINT('',(-3.859848022849,-3.317627967359,9.6));
#8982 = CARTESIAN_POINT('',(-3.758725990208,-3.21553227003,9.6));
#8983 = CARTESIAN_POINT('',(-3.758725990208,-3.054738501484,9.6));
#8984 = ORIENTED_EDGE('',*,*,#8936,.F.);
#8985 = ORIENTED_EDGE('',*,*,#8986,.F.);
#8986 = EDGE_CURVE('',#8970,#8937,#8987,.T.);
#8987 = B_SPLINE_CURVE_WITH_KNOTS('',2,(#8988,#8989,#8990),
  .UNSPECIFIED.,.F.,.F.,(3,3),(0.,1.),.PIECEWISE_BEZIER_KNOTS.);
#8988 = CARTESIAN_POINT('',(-3.859848022849,-3.317627967359,10.));
#8989 = CARTESIAN_POINT('',(-3.758725990208,-3.21553227003,10.));
#8990 = CARTESIAN_POINT('',(-3.758725990208,-3.054738501484,10.));
#8991 = SURFACE_OF_LINEAR_EXTRUSION('',#8992,#8996);
#8992 = B_SPLINE_CURVE_WITH_KNOTS('',2,(#8993,#8994,#8995),
  .UNSPECIFIED.,.F.,.F.,(3,3),(0.,1.),.PIECEWISE_BEZIER_KNOTS.);
#8993 = CARTESIAN_POINT('',(-3.859848022849,-3.317627967359,10.));
#8994 = CARTESIAN_POINT('',(-3.758725990208,-3.21553227003,10.));
#8995 = CARTESIAN_POINT('',(-3.758725990208,-3.054738501484,10.));
#8996 = VECTOR('',#8997,1.);
#8997 = DIRECTION('',(-0.,-0.,1.));
#8998 = ADVANCED_FACE('',(#8999),#9015,.F.);
#8999 = FACE_BOUND('',#9000,.F.);
#9000 = EDGE_LOOP('',(#9001,#9002,#9008,#9009));
#9001 = ORIENTED_EDGE('',*,*,#8819,.T.);
#9002 = ORIENTED_EDGE('',*,*,#9003,.T.);
#9003 = EDGE_CURVE('',#8812,#8972,#9004,.T.);
#9004 = B_SPLINE_CURVE_WITH_KNOTS('',2,(#9005,#9006,#9007),
  .UNSPECIFIED.,.F.,.F.,(3,3),(0.,1.),.PIECEWISE_BEZIER_KNOTS.);
#9005 = CARTESIAN_POINT('',(-4.163075025816,-3.419584569733,9.6));
#9006 = CARTESIAN_POINT('',(-3.96097005549,-3.419584569733,9.6));
#9007 = CARTESIAN_POINT('',(-3.859848022849,-3.317627967359,9.6));
#9008 = ORIENTED_EDGE('',*,*,#8969,.F.);
#9009 = ORIENTED_EDGE('',*,*,#9010,.F.);
#9010 = EDGE_CURVE('',#8820,#8970,#9011,.T.);
#9011 = B_SPLINE_CURVE_WITH_KNOTS('',2,(#9012,#9013,#9014),
  .UNSPECIFIED.,.F.,.F.,(3,3),(0.,1.),.PIECEWISE_BEZIER_KNOTS.);
#9012 = CARTESIAN_POINT('',(-4.163075025816,-3.419584569733,10.));
#9013 = CARTESIAN_POINT('',(-3.96097005549,-3.419584569733,10.));
#9014 = CARTESIAN_POINT('',(-3.859848022849,-3.317627967359,10.));
#9015 = SURFACE_OF_LINEAR_EXTRUSION('',#9016,#9020);
#9016 = B_SPLINE_CURVE_WITH_KNOTS('',2,(#9017,#9018,#9019),
  .UNSPECIFIED.,.F.,.F.,(3,3),(0.,1.),.PIECEWISE_BEZIER_KNOTS.);
#9017 = CARTESIAN_POINT('',(-4.163075025816,-3.419584569733,10.));
#9018 = CARTESIAN_POINT('',(-3.96097005549,-3.419584569733,10.));
#9019 = CARTESIAN_POINT('',(-3.859848022849,-3.317627967359,10.));
#9020 = VECTOR('',#9021,1.);
#9021 = DIRECTION('',(-0.,-0.,1.));
#9022 = ADVANCED_FACE('',(#9023,#9043,#9052),#9061,.T.);
#9023 = FACE_BOUND('',#9024,.T.);
#9024 = EDGE_LOOP('',(#9025,#9026,#9027,#9028,#9029,#9030,#9031,#9032,
    #9033,#9034,#9035,#9036,#9037,#9038,#9039,#9040,#9041,#9042));
#9025 = ORIENTED_EDGE('',*,*,#8014,.F.);
#9026 = ORIENTED_EDGE('',*,*,#8047,.F.);
#9027 = ORIENTED_EDGE('',*,*,#8078,.F.);
#9028 = ORIENTED_EDGE('',*,*,#8111,.F.);
#9029 = ORIENTED_EDGE('',*,*,#8144,.F.);
#9030 = ORIENTED_EDGE('',*,*,#8177,.F.);
#9031 = ORIENTED_EDGE('',*,*,#8210,.F.);
#9032 = ORIENTED_EDGE('',*,*,#8243,.F.);
#9033 = ORIENTED_EDGE('',*,*,#8276,.F.);
#9034 = ORIENTED_EDGE('',*,*,#8309,.F.);
#9035 = ORIENTED_EDGE('',*,*,#8342,.F.);
#9036 = ORIENTED_EDGE('',*,*,#8375,.F.);
#9037 = ORIENTED_EDGE('',*,*,#8408,.F.);
#9038 = ORIENTED_EDGE('',*,*,#8441,.F.);
#9039 = ORIENTED_EDGE('',*,*,#8472,.F.);
#9040 = ORIENTED_EDGE('',*,*,#8505,.F.);
#9041 = ORIENTED_EDGE('',*,*,#8538,.F.);
#9042 = ORIENTED_EDGE('',*,*,#8560,.F.);
#9043 = FACE_BOUND('',#9044,.T.);
#9044 = EDGE_LOOP('',(#9045,#9046,#9047,#9048,#9049,#9050,#9051));
#9045 = ORIENTED_EDGE('',*,*,#8602,.F.);
#9046 = ORIENTED_EDGE('',*,*,#8633,.F.);
#9047 = ORIENTED_EDGE('',*,*,#8664,.F.);
#9048 = ORIENTED_EDGE('',*,*,#8695,.F.);
#9049 = ORIENTED_EDGE('',*,*,#8728,.F.);
#9050 = ORIENTED_EDGE('',*,*,#8761,.F.);
#9051 = ORIENTED_EDGE('',*,*,#8785,.F.);
#9052 = FACE_BOUND('',#9053,.T.);
#9053 = EDGE_LOOP('',(#9054,#9055,#9056,#9057,#9058,#9059,#9060));
#9054 = ORIENTED_EDGE('',*,*,#8827,.F.);
#9055 = ORIENTED_EDGE('',*,*,#8858,.F.);
#9056 = ORIENTED_EDGE('',*,*,#8889,.F.);
#9057 = ORIENTED_EDGE('',*,*,#8920,.F.);
#9058 = ORIENTED_EDGE('',*,*,#8953,.F.);
#9059 = ORIENTED_EDGE('',*,*,#8986,.F.);
#9060 = ORIENTED_EDGE('',*,*,#9010,.F.);
#9061 = PLANE('',#9062);
#9062 = AXIS2_PLACEMENT_3D('',#9063,#9064,#9065);
#9063 = CARTESIAN_POINT('',(-4.315615349303,-3.702202568211,10.));
#9064 = DIRECTION('',(0.,0.,1.));
#9065 = DIRECTION('',(1.,0.,0.));
#9066 = ADVANCED_FACE('',(#9067,#9087,#9096),#9105,.F.);
#9067 = FACE_BOUND('',#9068,.F.);
#9068 = EDGE_LOOP('',(#9069,#9070,#9071,#9072,#9073,#9074,#9075,#9076,
    #9077,#9078,#9079,#9080,#9081,#9082,#9083,#9084,#9085,#9086));
#9069 = ORIENTED_EDGE('',*,*,#7998,.F.);
#9070 = ORIENTED_EDGE('',*,*,#8040,.F.);
#9071 = ORIENTED_EDGE('',*,*,#8071,.F.);
#9072 = ORIENTED_EDGE('',*,*,#8104,.F.);
#9073 = ORIENTED_EDGE('',*,*,#8137,.F.);
#9074 = ORIENTED_EDGE('',*,*,#8170,.F.);
#9075 = ORIENTED_EDGE('',*,*,#8203,.F.);
#9076 = ORIENTED_EDGE('',*,*,#8236,.F.);
#9077 = ORIENTED_EDGE('',*,*,#8269,.F.);
#9078 = ORIENTED_EDGE('',*,*,#8302,.F.);
#9079 = ORIENTED_EDGE('',*,*,#8335,.F.);
#9080 = ORIENTED_EDGE('',*,*,#8368,.F.);
#9081 = ORIENTED_EDGE('',*,*,#8401,.F.);
#9082 = ORIENTED_EDGE('',*,*,#8434,.F.);
#9083 = ORIENTED_EDGE('',*,*,#8465,.F.);
#9084 = ORIENTED_EDGE('',*,*,#8498,.F.);
#9085 = ORIENTED_EDGE('',*,*,#8531,.F.);
#9086 = ORIENTED_EDGE('',*,*,#8553,.F.);
#9087 = FACE_BOUND('',#9088,.F.);
#9088 = EDGE_LOOP('',(#9089,#9090,#9091,#9092,#9093,#9094,#9095));
#9089 = ORIENTED_EDGE('',*,*,#8586,.F.);
#9090 = ORIENTED_EDGE('',*,*,#8626,.F.);
#9091 = ORIENTED_EDGE('',*,*,#8657,.F.);
#9092 = ORIENTED_EDGE('',*,*,#8688,.F.);
#9093 = ORIENTED_EDGE('',*,*,#8721,.F.);
#9094 = ORIENTED_EDGE('',*,*,#8754,.F.);
#9095 = ORIENTED_EDGE('',*,*,#8778,.F.);
#9096 = FACE_BOUND('',#9097,.F.);
#9097 = EDGE_LOOP('',(#9098,#9099,#9100,#9101,#9102,#9103,#9104));
#9098 = ORIENTED_EDGE('',*,*,#8811,.F.);
#9099 = ORIENTED_EDGE('',*,*,#8851,.F.);
#9100 = ORIENTED_EDGE('',*,*,#8882,.F.);
#9101 = ORIENTED_EDGE('',*,*,#8913,.F.);
#9102 = ORIENTED_EDGE('',*,*,#8946,.F.);
#9103 = ORIENTED_EDGE('',*,*,#8979,.F.);
#9104 = ORIENTED_EDGE('',*,*,#9003,.F.);
#9105 = PLANE('',#9106);
#9106 = AXIS2_PLACEMENT_3D('',#9107,#9108,#9109);
#9107 = CARTESIAN_POINT('',(-4.315615349303,-3.702202568211,9.6));
#9108 = DIRECTION('',(0.,0.,1.));
#9109 = DIRECTION('',(1.,0.,0.));
#9110 = MANIFOLD_SOLID_BREP('',#9111);
#9111 = CLOSED_SHELL('',(#9112,#9154,#9187,#9220,#9253,#9286,#9319,#9352
    ,#9385,#9418,#9451,#9484,#9517,#9550,#9583,#9616,#9640,#9682,#9715,
    #9748,#9781,#9814,#9847,#9880,#9913,#9946,#9979,#10012,#10045,#10078
    ,#10102,#10142));
#9112 = ADVANCED_FACE('',(#9113),#9147,.F.);
#9113 = FACE_BOUND('',#9114,.F.);
#9114 = EDGE_LOOP('',(#9115,#9125,#9133,#9141));
#9115 = ORIENTED_EDGE('',*,*,#9116,.T.);
#9116 = EDGE_CURVE('',#9117,#9119,#9121,.T.);
#9117 = VERTEX_POINT('',#9118);
#9118 = CARTESIAN_POINT('',(-1.412054996142,-5.235608308605,10.));
#9119 = VERTEX_POINT('',#9120);
#9120 = CARTESIAN_POINT('',(-1.412054996142,-5.235608308605,9.6));
#9121 = LINE('',#9122,#9123);
#9122 = CARTESIAN_POINT('',(-1.412054996142,-5.235608308605,10.));
#9123 = VECTOR('',#9124,1.);
#9124 = DIRECTION('',(0.,0.,-1.));
#9125 = ORIENTED_EDGE('',*,*,#9126,.T.);
#9126 = EDGE_CURVE('',#9119,#9127,#9129,.T.);
#9127 = VERTEX_POINT('',#9128);
#9128 = CARTESIAN_POINT('',(-2.082909966469,-5.107223664688,9.6));
#9129 = B_SPLINE_CURVE_WITH_KNOTS('',2,(#9130,#9131,#9132),
  .UNSPECIFIED.,.F.,.F.,(3,3),(0.,1.),.PIECEWISE_BEZIER_KNOTS.);
#9130 = CARTESIAN_POINT('',(-1.412054996142,-5.235608308605,9.6));
#9131 = CARTESIAN_POINT('',(-1.800825396736,-5.235608308605,9.6));
#9132 = CARTESIAN_POINT('',(-2.082909966469,-5.107223664688,9.6));
#9133 = ORIENTED_EDGE('',*,*,#9134,.F.);
#9134 = EDGE_CURVE('',#9135,#9127,#9137,.T.);
#9135 = VERTEX_POINT('',#9136);
#9136 = CARTESIAN_POINT('',(-2.082909966469,-5.107223664688,10.));
#9137 = LINE('',#9138,#9139);
#9138 = CARTESIAN_POINT('',(-2.082909966469,-5.107223664688,10.));
#9139 = VECTOR('',#9140,1.);
#9140 = DIRECTION('',(0.,0.,-1.));
#9141 = ORIENTED_EDGE('',*,*,#9142,.F.);
#9142 = EDGE_CURVE('',#9117,#9135,#9143,.T.);
#9143 = B_SPLINE_CURVE_WITH_KNOTS('',2,(#9144,#9145,#9146),
  .UNSPECIFIED.,.F.,.F.,(3,3),(0.,1.),.PIECEWISE_BEZIER_KNOTS.);
#9144 = CARTESIAN_POINT('',(-1.412054996142,-5.235608308605,10.));
#9145 = CARTESIAN_POINT('',(-1.800825396736,-5.235608308605,10.));
#9146 = CARTESIAN_POINT('',(-2.082909966469,-5.107223664688,10.));
#9147 = SURFACE_OF_LINEAR_EXTRUSION('',#9148,#9152);
#9148 = B_SPLINE_CURVE_WITH_KNOTS('',2,(#9149,#9150,#9151),
  .UNSPECIFIED.,.F.,.F.,(3,3),(0.,1.),.PIECEWISE_BEZIER_KNOTS.);
#9149 = CARTESIAN_POINT('',(-1.412054996142,-5.235608308605,10.));
#9150 = CARTESIAN_POINT('',(-1.800825396736,-5.235608308605,10.));
#9151 = CARTESIAN_POINT('',(-2.082909966469,-5.107223664688,10.));
#9152 = VECTOR('',#9153,1.);
#9153 = DIRECTION('',(-0.,-0.,1.));
#9154 = ADVANCED_FACE('',(#9155),#9180,.F.);
#9155 = FACE_BOUND('',#9156,.F.);
#9156 = EDGE_LOOP('',(#9157,#9167,#9173,#9174));
#9157 = ORIENTED_EDGE('',*,*,#9158,.T.);
#9158 = EDGE_CURVE('',#9159,#9161,#9163,.T.);
#9159 = VERTEX_POINT('',#9160);
#9160 = CARTESIAN_POINT('',(-0.745511969436,-5.107223664688,10.));
#9161 = VERTEX_POINT('',#9162);
#9162 = CARTESIAN_POINT('',(-0.745511969436,-5.107223664688,9.6));
#9163 = LINE('',#9164,#9165);
#9164 = CARTESIAN_POINT('',(-0.745511969436,-5.107223664688,10.));
#9165 = VECTOR('',#9166,1.);
#9166 = DIRECTION('',(0.,0.,-1.));
#9167 = ORIENTED_EDGE('',*,*,#9168,.T.);
#9168 = EDGE_CURVE('',#9161,#9119,#9169,.T.);
#9169 = B_SPLINE_CURVE_WITH_KNOTS('',2,(#9170,#9171,#9172),
  .UNSPECIFIED.,.F.,.F.,(3,3),(0.,1.),.PIECEWISE_BEZIER_KNOTS.);
#9170 = CARTESIAN_POINT('',(-0.745511969436,-5.107223664688,9.6));
#9171 = CARTESIAN_POINT('',(-1.027457444214,-5.235608308605,9.6));
#9172 = CARTESIAN_POINT('',(-1.412054996142,-5.235608308605,9.6));
#9173 = ORIENTED_EDGE('',*,*,#9116,.F.);
#9174 = ORIENTED_EDGE('',*,*,#9175,.F.);
#9175 = EDGE_CURVE('',#9159,#9117,#9176,.T.);
#9176 = B_SPLINE_CURVE_WITH_KNOTS('',2,(#9177,#9178,#9179),
  .UNSPECIFIED.,.F.,.F.,(3,3),(0.,1.),.PIECEWISE_BEZIER_KNOTS.);
#9177 = CARTESIAN_POINT('',(-0.745511969436,-5.107223664688,10.));
#9178 = CARTESIAN_POINT('',(-1.027457444214,-5.235608308605,10.));
#9179 = CARTESIAN_POINT('',(-1.412054996142,-5.235608308605,10.));
#9180 = SURFACE_OF_LINEAR_EXTRUSION('',#9181,#9185);
#9181 = B_SPLINE_CURVE_WITH_KNOTS('',2,(#9182,#9183,#9184),
  .UNSPECIFIED.,.F.,.F.,(3,3),(0.,1.),.PIECEWISE_BEZIER_KNOTS.);
#9182 = CARTESIAN_POINT('',(-0.745511969436,-5.107223664688,10.));
#9183 = CARTESIAN_POINT('',(-1.027457444214,-5.235608308605,10.));
#9184 = CARTESIAN_POINT('',(-1.412054996142,-5.235608308605,10.));
#9185 = VECTOR('',#9186,1.);
#9186 = DIRECTION('',(-0.,-0.,1.));
#9187 = ADVANCED_FACE('',(#9188),#9213,.F.);
#9188 = FACE_BOUND('',#9189,.F.);
#9189 = EDGE_LOOP('',(#9190,#9200,#9206,#9207));
#9190 = ORIENTED_EDGE('',*,*,#9191,.T.);
#9191 = EDGE_CURVE('',#9192,#9194,#9196,.T.);
#9192 = VERTEX_POINT('',#9193);
#9193 = CARTESIAN_POINT('',(-0.305276435312,-4.720122403561,10.));
#9194 = VERTEX_POINT('',#9195);
#9195 = CARTESIAN_POINT('',(-0.305276435312,-4.720122403561,9.6));
#9196 = LINE('',#9197,#9198);
#9197 = CARTESIAN_POINT('',(-0.305276435312,-4.720122403561,10.));
#9198 = VECTOR('',#9199,1.);
#9199 = DIRECTION('',(0.,0.,-1.));
#9200 = ORIENTED_EDGE('',*,*,#9201,.T.);
#9201 = EDGE_CURVE('',#9194,#9161,#9202,.T.);
#9202 = B_SPLINE_CURVE_WITH_KNOTS('',2,(#9203,#9204,#9205),
  .UNSPECIFIED.,.F.,.F.,(3,3),(0.,1.),.PIECEWISE_BEZIER_KNOTS.);
#9203 = CARTESIAN_POINT('',(-0.305276435312,-4.720122403561,9.6));
#9204 = CARTESIAN_POINT('',(-0.463427399703,-4.978839020772,9.6));
#9205 = CARTESIAN_POINT('',(-0.745511969436,-5.107223664688,9.6));
#9206 = ORIENTED_EDGE('',*,*,#9158,.F.);
#9207 = ORIENTED_EDGE('',*,*,#9208,.F.);
#9208 = EDGE_CURVE('',#9192,#9159,#9209,.T.);
#9209 = B_SPLINE_CURVE_WITH_KNOTS('',2,(#9210,#9211,#9212),
  .UNSPECIFIED.,.F.,.F.,(3,3),(0.,1.),.PIECEWISE_BEZIER_KNOTS.);
#9210 = CARTESIAN_POINT('',(-0.305276435312,-4.720122403561,10.));
#9211 = CARTESIAN_POINT('',(-0.463427399703,-4.978839020772,10.));
#9212 = CARTESIAN_POINT('',(-0.745511969436,-5.107223664688,10.));
#9213 = SURFACE_OF_LINEAR_EXTRUSION('',#9214,#9218);
#9214 = B_SPLINE_CURVE_WITH_KNOTS('',2,(#9215,#9216,#9217),
  .UNSPECIFIED.,.F.,.F.,(3,3),(0.,1.),.PIECEWISE_BEZIER_KNOTS.);
#9215 = CARTESIAN_POINT('',(-0.305276435312,-4.720122403561,10.));
#9216 = CARTESIAN_POINT('',(-0.463427399703,-4.978839020772,10.));
#9217 = CARTESIAN_POINT('',(-0.745511969436,-5.107223664688,10.));
#9218 = VECTOR('',#9219,1.);
#9219 = DIRECTION('',(-0.,-0.,1.));
#9220 = ADVANCED_FACE('',(#9221),#9246,.F.);
#9221 = FACE_BOUND('',#9222,.F.);
#9222 = EDGE_LOOP('',(#9223,#9233,#9239,#9240));
#9223 = ORIENTED_EDGE('',*,*,#9224,.T.);
#9224 = EDGE_CURVE('',#9225,#9227,#9229,.T.);
#9225 = VERTEX_POINT('',#9226);
#9226 = CARTESIAN_POINT('',(-0.134328735015,-4.067767062315,10.));
#9227 = VERTEX_POINT('',#9228);
#9228 = CARTESIAN_POINT('',(-0.134328735015,-4.067767062315,9.6));
#9229 = LINE('',#9230,#9231);
#9230 = CARTESIAN_POINT('',(-0.134328735015,-4.067767062315,10.));
#9231 = VECTOR('',#9232,1.);
#9232 = DIRECTION('',(0.,0.,-1.));
#9233 = ORIENTED_EDGE('',*,*,#9234,.T.);
#9234 = EDGE_CURVE('',#9227,#9194,#9235,.T.);
#9235 = B_SPLINE_CURVE_WITH_KNOTS('',2,(#9236,#9237,#9238),
  .UNSPECIFIED.,.F.,.F.,(3,3),(0.,1.),.PIECEWISE_BEZIER_KNOTS.);
#9236 = CARTESIAN_POINT('',(-0.134328735015,-4.067767062315,9.6));
#9237 = CARTESIAN_POINT('',(-0.14712547092,-4.46140578635,9.6));
#9238 = CARTESIAN_POINT('',(-0.305276435312,-4.720122403561,9.6));
#9239 = ORIENTED_EDGE('',*,*,#9191,.F.);
#9240 = ORIENTED_EDGE('',*,*,#9241,.F.);
#9241 = EDGE_CURVE('',#9225,#9192,#9242,.T.);
#9242 = B_SPLINE_CURVE_WITH_KNOTS('',2,(#9243,#9244,#9245),
  .UNSPECIFIED.,.F.,.F.,(3,3),(0.,1.),.PIECEWISE_BEZIER_KNOTS.);
#9243 = CARTESIAN_POINT('',(-0.134328735015,-4.067767062315,10.));
#9244 = CARTESIAN_POINT('',(-0.14712547092,-4.46140578635,10.));
#9245 = CARTESIAN_POINT('',(-0.305276435312,-4.720122403561,10.));
#9246 = SURFACE_OF_LINEAR_EXTRUSION('',#9247,#9251);
#9247 = B_SPLINE_CURVE_WITH_KNOTS('',2,(#9248,#9249,#9250),
  .UNSPECIFIED.,.F.,.F.,(3,3),(0.,1.),.PIECEWISE_BEZIER_KNOTS.);
#9248 = CARTESIAN_POINT('',(-0.134328735015,-4.067767062315,10.));
#9249 = CARTESIAN_POINT('',(-0.14712547092,-4.46140578635,10.));
#9250 = CARTESIAN_POINT('',(-0.305276435312,-4.720122403561,10.));
#9251 = VECTOR('',#9252,1.);
#9252 = DIRECTION('',(-0.,-0.,1.));
#9253 = ADVANCED_FACE('',(#9254),#9279,.F.);
#9254 = FACE_BOUND('',#9255,.F.);
#9255 = EDGE_LOOP('',(#9256,#9266,#9272,#9273));
#9256 = ORIENTED_EDGE('',*,*,#9257,.T.);
#9257 = EDGE_CURVE('',#9258,#9260,#9262,.T.);
#9258 = VERTEX_POINT('',#9259);
#9259 = CARTESIAN_POINT('',(-0.12584394273,-3.701947329377,10.));
#9260 = VERTEX_POINT('',#9261);
#9261 = CARTESIAN_POINT('',(-0.12584394273,-3.701947329377,9.6));
#9262 = LINE('',#9263,#9264);
#9263 = CARTESIAN_POINT('',(-0.12584394273,-3.701947329377,10.));
#9264 = VECTOR('',#9265,1.);
#9265 = DIRECTION('',(0.,0.,-1.));
#9266 = ORIENTED_EDGE('',*,*,#9267,.T.);
#9267 = EDGE_CURVE('',#9260,#9227,#9268,.T.);
#9268 = B_SPLINE_CURVE_WITH_KNOTS('',2,(#9269,#9270,#9271),
  .UNSPECIFIED.,.F.,.F.,(3,3),(0.,1.),.PIECEWISE_BEZIER_KNOTS.);
#9269 = CARTESIAN_POINT('',(-0.12584394273,-3.701947329377,9.6));
#9270 = CARTESIAN_POINT('',(-0.12584394273,-3.883744436202,9.6));
#9271 = CARTESIAN_POINT('',(-0.134328735015,-4.067767062315,9.6));
#9272 = ORIENTED_EDGE('',*,*,#9224,.F.);
#9273 = ORIENTED_EDGE('',*,*,#9274,.F.);
#9274 = EDGE_CURVE('',#9258,#9225,#9275,.T.);
#9275 = B_SPLINE_CURVE_WITH_KNOTS('',2,(#9276,#9277,#9278),
  .UNSPECIFIED.,.F.,.F.,(3,3),(0.,1.),.PIECEWISE_BEZIER_KNOTS.);
#9276 = CARTESIAN_POINT('',(-0.12584394273,-3.701947329377,10.));
#9277 = CARTESIAN_POINT('',(-0.12584394273,-3.883744436202,10.));
#9278 = CARTESIAN_POINT('',(-0.134328735015,-4.067767062315,10.));
#9279 = SURFACE_OF_LINEAR_EXTRUSION('',#9280,#9284);
#9280 = B_SPLINE_CURVE_WITH_KNOTS('',2,(#9281,#9282,#9283),
  .UNSPECIFIED.,.F.,.F.,(3,3),(0.,1.),.PIECEWISE_BEZIER_KNOTS.);
#9281 = CARTESIAN_POINT('',(-0.12584394273,-3.701947329377,10.));
#9282 = CARTESIAN_POINT('',(-0.12584394273,-3.883744436202,10.));
#9283 = CARTESIAN_POINT('',(-0.134328735015,-4.067767062315,10.));
#9284 = VECTOR('',#9285,1.);
#9285 = DIRECTION('',(-0.,-0.,1.));
#9286 = ADVANCED_FACE('',(#9287),#9312,.F.);
#9287 = FACE_BOUND('',#9288,.F.);
#9288 = EDGE_LOOP('',(#9289,#9299,#9305,#9306));
#9289 = ORIENTED_EDGE('',*,*,#9290,.T.);
#9290 = EDGE_CURVE('',#9291,#9293,#9295,.T.);
#9291 = VERTEX_POINT('',#9292);
#9292 = CARTESIAN_POINT('',(-0.134328735015,-3.331954747774,10.));
#9293 = VERTEX_POINT('',#9294);
#9294 = CARTESIAN_POINT('',(-0.134328735015,-3.331954747774,9.6));
#9295 = LINE('',#9296,#9297);
#9296 = CARTESIAN_POINT('',(-0.134328735015,-3.331954747774,10.));
#9297 = VECTOR('',#9298,1.);
#9298 = DIRECTION('',(0.,0.,-1.));
#9299 = ORIENTED_EDGE('',*,*,#9300,.T.);
#9300 = EDGE_CURVE('',#9293,#9260,#9301,.T.);
#9301 = B_SPLINE_CURVE_WITH_KNOTS('',2,(#9302,#9303,#9304),
  .UNSPECIFIED.,.F.,.F.,(3,3),(0.,1.),.PIECEWISE_BEZIER_KNOTS.);
#9302 = CARTESIAN_POINT('',(-0.134328735015,-3.331954747774,9.6));
#9303 = CARTESIAN_POINT('',(-0.12584394273,-3.520150222552,9.6));
#9304 = CARTESIAN_POINT('',(-0.12584394273,-3.701947329377,9.6));
#9305 = ORIENTED_EDGE('',*,*,#9257,.F.);
#9306 = ORIENTED_EDGE('',*,*,#9307,.F.);
#9307 = EDGE_CURVE('',#9291,#9258,#9308,.T.);
#9308 = B_SPLINE_CURVE_WITH_KNOTS('',2,(#9309,#9310,#9311),
  .UNSPECIFIED.,.F.,.F.,(3,3),(0.,1.),.PIECEWISE_BEZIER_KNOTS.);
#9309 = CARTESIAN_POINT('',(-0.134328735015,-3.331954747774,10.));
#9310 = CARTESIAN_POINT('',(-0.12584394273,-3.520150222552,10.));
#9311 = CARTESIAN_POINT('',(-0.12584394273,-3.701947329377,10.));
#9312 = SURFACE_OF_LINEAR_EXTRUSION('',#9313,#9317);
#9313 = B_SPLINE_CURVE_WITH_KNOTS('',2,(#9314,#9315,#9316),
  .UNSPECIFIED.,.F.,.F.,(3,3),(0.,1.),.PIECEWISE_BEZIER_KNOTS.);
#9314 = CARTESIAN_POINT('',(-0.134328735015,-3.331954747774,10.));
#9315 = CARTESIAN_POINT('',(-0.12584394273,-3.520150222552,10.));
#9316 = CARTESIAN_POINT('',(-0.12584394273,-3.701947329377,10.));
#9317 = VECTOR('',#9318,1.);
#9318 = DIRECTION('',(-0.,-0.,1.));
#9319 = ADVANCED_FACE('',(#9320),#9345,.F.);
#9320 = FACE_BOUND('',#9321,.F.);
#9321 = EDGE_LOOP('',(#9322,#9332,#9338,#9339));
#9322 = ORIENTED_EDGE('',*,*,#9323,.T.);
#9323 = EDGE_CURVE('',#9324,#9326,#9328,.T.);
#9324 = VERTEX_POINT('',#9325);
#9325 = CARTESIAN_POINT('',(-0.305276435312,-2.683772255193,10.));
#9326 = VERTEX_POINT('',#9327);
#9327 = CARTESIAN_POINT('',(-0.305276435312,-2.683772255193,9.6));
#9328 = LINE('',#9329,#9330);
#9329 = CARTESIAN_POINT('',(-0.305276435312,-2.683772255193,10.));
#9330 = VECTOR('',#9331,1.);
#9331 = DIRECTION('',(0.,0.,-1.));
#9332 = ORIENTED_EDGE('',*,*,#9333,.T.);
#9333 = EDGE_CURVE('',#9326,#9293,#9334,.T.);
#9334 = B_SPLINE_CURVE_WITH_KNOTS('',2,(#9335,#9336,#9337),
  .UNSPECIFIED.,.F.,.F.,(3,3),(0.,1.),.PIECEWISE_BEZIER_KNOTS.);
#9335 = CARTESIAN_POINT('',(-0.305276435312,-2.683772255193,9.6));
#9336 = CARTESIAN_POINT('',(-0.142952622255,-2.946800816024,9.6));
#9337 = CARTESIAN_POINT('',(-0.134328735015,-3.331954747774,9.6));
#9338 = ORIENTED_EDGE('',*,*,#9290,.F.);
#9339 = ORIENTED_EDGE('',*,*,#9340,.F.);
#9340 = EDGE_CURVE('',#9324,#9291,#9341,.T.);
#9341 = B_SPLINE_CURVE_WITH_KNOTS('',2,(#9342,#9343,#9344),
  .UNSPECIFIED.,.F.,.F.,(3,3),(0.,1.),.PIECEWISE_BEZIER_KNOTS.);
#9342 = CARTESIAN_POINT('',(-0.305276435312,-2.683772255193,10.));
#9343 = CARTESIAN_POINT('',(-0.142952622255,-2.946800816024,10.));
#9344 = CARTESIAN_POINT('',(-0.134328735015,-3.331954747774,10.));
#9345 = SURFACE_OF_LINEAR_EXTRUSION('',#9346,#9350);
#9346 = B_SPLINE_CURVE_WITH_KNOTS('',2,(#9347,#9348,#9349),
  .UNSPECIFIED.,.F.,.F.,(3,3),(0.,1.),.PIECEWISE_BEZIER_KNOTS.);
#9347 = CARTESIAN_POINT('',(-0.305276435312,-2.683772255193,10.));
#9348 = CARTESIAN_POINT('',(-0.142952622255,-2.946800816024,10.));
#9349 = CARTESIAN_POINT('',(-0.134328735015,-3.331954747774,10.));
#9350 = VECTOR('',#9351,1.);
#9351 = DIRECTION('',(-0.,-0.,1.));
#9352 = ADVANCED_FACE('',(#9353),#9378,.F.);
#9353 = FACE_BOUND('',#9354,.F.);
#9354 = EDGE_LOOP('',(#9355,#9365,#9371,#9372));
#9355 = ORIENTED_EDGE('',*,*,#9356,.T.);
#9356 = EDGE_CURVE('',#9357,#9359,#9361,.T.);
#9357 = VERTEX_POINT('',#9358);
#9358 = CARTESIAN_POINT('',(-0.751771242433,-2.28818620178,10.));
#9359 = VERTEX_POINT('',#9360);
#9360 = CARTESIAN_POINT('',(-0.751771242433,-2.28818620178,9.6));
#9361 = LINE('',#9362,#9363);
#9362 = CARTESIAN_POINT('',(-0.751771242433,-2.28818620178,10.));
#9363 = VECTOR('',#9364,1.);
#9364 = DIRECTION('',(0.,0.,-1.));
#9365 = ORIENTED_EDGE('',*,*,#9366,.T.);
#9366 = EDGE_CURVE('',#9359,#9326,#9367,.T.);
#9367 = B_SPLINE_CURVE_WITH_KNOTS('',2,(#9368,#9369,#9370),
  .UNSPECIFIED.,.F.,.F.,(3,3),(0.,1.),.PIECEWISE_BEZIER_KNOTS.);
#9368 = CARTESIAN_POINT('',(-0.751771242433,-2.28818620178,9.6));
#9369 = CARTESIAN_POINT('',(-0.467600248368,-2.420743694362,9.6));
#9370 = CARTESIAN_POINT('',(-0.305276435312,-2.683772255193,9.6));
#9371 = ORIENTED_EDGE('',*,*,#9323,.F.);
#9372 = ORIENTED_EDGE('',*,*,#9373,.F.);
#9373 = EDGE_CURVE('',#9357,#9324,#9374,.T.);
#9374 = B_SPLINE_CURVE_WITH_KNOTS('',2,(#9375,#9376,#9377),
  .UNSPECIFIED.,.F.,.F.,(3,3),(0.,1.),.PIECEWISE_BEZIER_KNOTS.);
#9375 = CARTESIAN_POINT('',(-0.751771242433,-2.28818620178,10.));
#9376 = CARTESIAN_POINT('',(-0.467600248368,-2.420743694362,10.));
#9377 = CARTESIAN_POINT('',(-0.305276435312,-2.683772255193,10.));
#9378 = SURFACE_OF_LINEAR_EXTRUSION('',#9379,#9383);
#9379 = B_SPLINE_CURVE_WITH_KNOTS('',2,(#9380,#9381,#9382),
  .UNSPECIFIED.,.F.,.F.,(3,3),(0.,1.),.PIECEWISE_BEZIER_KNOTS.);
#9380 = CARTESIAN_POINT('',(-0.751771242433,-2.28818620178,10.));
#9381 = CARTESIAN_POINT('',(-0.467600248368,-2.420743694362,10.));
#9382 = CARTESIAN_POINT('',(-0.305276435312,-2.683772255193,10.));
#9383 = VECTOR('',#9384,1.);
#9384 = DIRECTION('',(-0.,-0.,1.));
#9385 = ADVANCED_FACE('',(#9386),#9411,.F.);
#9386 = FACE_BOUND('',#9387,.F.);
#9387 = EDGE_LOOP('',(#9388,#9398,#9404,#9405));
#9388 = ORIENTED_EDGE('',*,*,#9389,.T.);
#9389 = EDGE_CURVE('',#9390,#9392,#9394,.T.);
#9390 = VERTEX_POINT('',#9391);
#9391 = CARTESIAN_POINT('',(-1.412054996142,-2.155489614243,10.));
#9392 = VERTEX_POINT('',#9393);
#9393 = CARTESIAN_POINT('',(-1.412054996142,-2.155489614243,9.6));
#9394 = LINE('',#9395,#9396);
#9395 = CARTESIAN_POINT('',(-1.412054996142,-2.155489614243,10.));
#9396 = VECTOR('',#9397,1.);
#9397 = DIRECTION('',(0.,0.,-1.));
#9398 = ORIENTED_EDGE('',*,*,#9399,.T.);
#9399 = EDGE_CURVE('',#9392,#9359,#9400,.T.);
#9400 = B_SPLINE_CURVE_WITH_KNOTS('',2,(#9401,#9402,#9403),
  .UNSPECIFIED.,.F.,.F.,(3,3),(0.,1.),.PIECEWISE_BEZIER_KNOTS.);
#9401 = CARTESIAN_POINT('',(-1.412054996142,-2.155489614243,9.6));
#9402 = CARTESIAN_POINT('',(-1.035942236499,-2.155489614243,9.6));
#9403 = CARTESIAN_POINT('',(-0.751771242433,-2.28818620178,9.6));
#9404 = ORIENTED_EDGE('',*,*,#9356,.F.);
#9405 = ORIENTED_EDGE('',*,*,#9406,.F.);
#9406 = EDGE_CURVE('',#9390,#9357,#9407,.T.);
#9407 = B_SPLINE_CURVE_WITH_KNOTS('',2,(#9408,#9409,#9410),
  .UNSPECIFIED.,.F.,.F.,(3,3),(0.,1.),.PIECEWISE_BEZIER_KNOTS.);
#9408 = CARTESIAN_POINT('',(-1.412054996142,-2.155489614243,10.));
#9409 = CARTESIAN_POINT('',(-1.035942236499,-2.155489614243,10.));
#9410 = CARTESIAN_POINT('',(-0.751771242433,-2.28818620178,10.));
#9411 = SURFACE_OF_LINEAR_EXTRUSION('',#9412,#9416);
#9412 = B_SPLINE_CURVE_WITH_KNOTS('',2,(#9413,#9414,#9415),
  .UNSPECIFIED.,.F.,.F.,(3,3),(0.,1.),.PIECEWISE_BEZIER_KNOTS.);
#9413 = CARTESIAN_POINT('',(-1.412054996142,-2.155489614243,10.));
#9414 = CARTESIAN_POINT('',(-1.035942236499,-2.155489614243,10.));
#9415 = CARTESIAN_POINT('',(-0.751771242433,-2.28818620178,10.));
#9416 = VECTOR('',#9417,1.);
#9417 = DIRECTION('',(-0.,-0.,1.));
#9418 = ADVANCED_FACE('',(#9419),#9444,.F.);
#9419 = FACE_BOUND('',#9420,.F.);
#9420 = EDGE_LOOP('',(#9421,#9431,#9437,#9438));
#9421 = ORIENTED_EDGE('',*,*,#9422,.T.);
#9422 = EDGE_CURVE('',#9423,#9425,#9427,.T.);
#9423 = VERTEX_POINT('',#9424);
#9424 = CARTESIAN_POINT('',(-2.076511598516,-2.28818620178,10.));
#9425 = VERTEX_POINT('',#9426);
#9426 = CARTESIAN_POINT('',(-2.076511598516,-2.28818620178,9.6));
#9427 = LINE('',#9428,#9429);
#9428 = CARTESIAN_POINT('',(-2.076511598516,-2.28818620178,10.));
#9429 = VECTOR('',#9430,1.);
#9430 = DIRECTION('',(0.,0.,-1.));
#9431 = ORIENTED_EDGE('',*,*,#9432,.T.);
#9432 = EDGE_CURVE('',#9425,#9392,#9433,.T.);
#9433 = B_SPLINE_CURVE_WITH_KNOTS('',2,(#9434,#9435,#9436),
  .UNSPECIFIED.,.F.,.F.,(3,3),(0.,1.),.PIECEWISE_BEZIER_KNOTS.);
#9434 = CARTESIAN_POINT('',(-2.076511598516,-2.28818620178,9.6));
#9435 = CARTESIAN_POINT('',(-1.792340604451,-2.155489614243,9.6));
#9436 = CARTESIAN_POINT('',(-1.412054996142,-2.155489614243,9.6));
#9437 = ORIENTED_EDGE('',*,*,#9389,.F.);
#9438 = ORIENTED_EDGE('',*,*,#9439,.F.);
#9439 = EDGE_CURVE('',#9423,#9390,#9440,.T.);
#9440 = B_SPLINE_CURVE_WITH_KNOTS('',2,(#9441,#9442,#9443),
  .UNSPECIFIED.,.F.,.F.,(3,3),(0.,1.),.PIECEWISE_BEZIER_KNOTS.);
#9441 = CARTESIAN_POINT('',(-2.076511598516,-2.28818620178,10.));
#9442 = CARTESIAN_POINT('',(-1.792340604451,-2.155489614243,10.));
#9443 = CARTESIAN_POINT('',(-1.412054996142,-2.155489614243,10.));
#9444 = SURFACE_OF_LINEAR_EXTRUSION('',#9445,#9449);
#9445 = B_SPLINE_CURVE_WITH_KNOTS('',2,(#9446,#9447,#9448),
  .UNSPECIFIED.,.F.,.F.,(3,3),(0.,1.),.PIECEWISE_BEZIER_KNOTS.);
#9446 = CARTESIAN_POINT('',(-2.076511598516,-2.28818620178,10.));
#9447 = CARTESIAN_POINT('',(-1.792340604451,-2.155489614243,10.));
#9448 = CARTESIAN_POINT('',(-1.412054996142,-2.155489614243,10.));
#9449 = VECTOR('',#9450,1.);
#9450 = DIRECTION('',(-0.,-0.,1.));
#9451 = ADVANCED_FACE('',(#9452),#9477,.F.);
#9452 = FACE_BOUND('',#9453,.F.);
#9453 = EDGE_LOOP('',(#9454,#9464,#9470,#9471));
#9454 = ORIENTED_EDGE('',*,*,#9455,.T.);
#9455 = EDGE_CURVE('',#9456,#9458,#9460,.T.);
#9456 = VERTEX_POINT('',#9457);
#9457 = CARTESIAN_POINT('',(-2.52078088635,-2.683772255193,10.));
#9458 = VERTEX_POINT('',#9459);
#9459 = CARTESIAN_POINT('',(-2.52078088635,-2.683772255193,9.6));
#9460 = LINE('',#9461,#9462);
#9461 = CARTESIAN_POINT('',(-2.52078088635,-2.683772255193,10.));
#9462 = VECTOR('',#9463,1.);
#9463 = DIRECTION('',(0.,0.,-1.));
#9464 = ORIENTED_EDGE('',*,*,#9465,.T.);
#9465 = EDGE_CURVE('',#9458,#9425,#9466,.T.);
#9466 = B_SPLINE_CURVE_WITH_KNOTS('',2,(#9467,#9468,#9469),
  .UNSPECIFIED.,.F.,.F.,(3,3),(0.,1.),.PIECEWISE_BEZIER_KNOTS.);
#9467 = CARTESIAN_POINT('',(-2.52078088635,-2.683772255193,9.6));
#9468 = CARTESIAN_POINT('',(-2.360543497626,-2.420743694362,9.6));
#9469 = CARTESIAN_POINT('',(-2.076511598516,-2.28818620178,9.6));
#9470 = ORIENTED_EDGE('',*,*,#9422,.F.);
#9471 = ORIENTED_EDGE('',*,*,#9472,.F.);
#9472 = EDGE_CURVE('',#9456,#9423,#9473,.T.);
#9473 = B_SPLINE_CURVE_WITH_KNOTS('',2,(#9474,#9475,#9476),
  .UNSPECIFIED.,.F.,.F.,(3,3),(0.,1.),.PIECEWISE_BEZIER_KNOTS.);
#9474 = CARTESIAN_POINT('',(-2.52078088635,-2.683772255193,10.));
#9475 = CARTESIAN_POINT('',(-2.360543497626,-2.420743694362,10.));
#9476 = CARTESIAN_POINT('',(-2.076511598516,-2.28818620178,10.));
#9477 = SURFACE_OF_LINEAR_EXTRUSION('',#9478,#9482);
#9478 = B_SPLINE_CURVE_WITH_KNOTS('',2,(#9479,#9480,#9481),
  .UNSPECIFIED.,.F.,.F.,(3,3),(0.,1.),.PIECEWISE_BEZIER_KNOTS.);
#9479 = CARTESIAN_POINT('',(-2.52078088635,-2.683772255193,10.));
#9480 = CARTESIAN_POINT('',(-2.360543497626,-2.420743694362,10.));
#9481 = CARTESIAN_POINT('',(-2.076511598516,-2.28818620178,10.));
#9482 = VECTOR('',#9483,1.);
#9483 = DIRECTION('',(-0.,-0.,1.));
#9484 = ADVANCED_FACE('',(#9485),#9510,.F.);
#9485 = FACE_BOUND('',#9486,.F.);
#9486 = EDGE_LOOP('',(#9487,#9497,#9503,#9504));
#9487 = ORIENTED_EDGE('',*,*,#9488,.T.);
#9488 = EDGE_CURVE('',#9489,#9491,#9493,.T.);
#9489 = VERTEX_POINT('',#9490);
#9490 = CARTESIAN_POINT('',(-2.693954105935,-3.331954747774,10.));
#9491 = VERTEX_POINT('',#9492);
#9492 = CARTESIAN_POINT('',(-2.693954105935,-3.331954747774,9.6));
#9493 = LINE('',#9494,#9495);
#9494 = CARTESIAN_POINT('',(-2.693954105935,-3.331954747774,10.));
#9495 = VECTOR('',#9496,1.);
#9496 = DIRECTION('',(0.,0.,-1.));
#9497 = ORIENTED_EDGE('',*,*,#9498,.T.);
#9498 = EDGE_CURVE('',#9491,#9458,#9499,.T.);
#9499 = B_SPLINE_CURVE_WITH_KNOTS('',2,(#9500,#9501,#9502),
  .UNSPECIFIED.,.F.,.F.,(3,3),(0.,1.),.PIECEWISE_BEZIER_KNOTS.);
#9500 = CARTESIAN_POINT('',(-2.693954105935,-3.331954747774,9.6));
#9501 = CARTESIAN_POINT('',(-2.681018275074,-2.946800816024,9.6));
#9502 = CARTESIAN_POINT('',(-2.52078088635,-2.683772255193,9.6));
#9503 = ORIENTED_EDGE('',*,*,#9455,.F.);
#9504 = ORIENTED_EDGE('',*,*,#9505,.F.);
#9505 = EDGE_CURVE('',#9489,#9456,#9506,.T.);
#9506 = B_SPLINE_CURVE_WITH_KNOTS('',2,(#9507,#9508,#9509),
  .UNSPECIFIED.,.F.,.F.,(3,3),(0.,1.),.PIECEWISE_BEZIER_KNOTS.);
#9507 = CARTESIAN_POINT('',(-2.693954105935,-3.331954747774,10.));
#9508 = CARTESIAN_POINT('',(-2.681018275074,-2.946800816024,10.));
#9509 = CARTESIAN_POINT('',(-2.52078088635,-2.683772255193,10.));
#9510 = SURFACE_OF_LINEAR_EXTRUSION('',#9511,#9515);
#9511 = B_SPLINE_CURVE_WITH_KNOTS('',2,(#9512,#9513,#9514),
  .UNSPECIFIED.,.F.,.F.,(3,3),(0.,1.),.PIECEWISE_BEZIER_KNOTS.);
#9512 = CARTESIAN_POINT('',(-2.693954105935,-3.331954747774,10.));
#9513 = CARTESIAN_POINT('',(-2.681018275074,-2.946800816024,10.));
#9514 = CARTESIAN_POINT('',(-2.52078088635,-2.683772255193,10.));
#9515 = VECTOR('',#9516,1.);
#9516 = DIRECTION('',(-0.,-0.,1.));
#9517 = ADVANCED_FACE('',(#9518),#9543,.F.);
#9518 = FACE_BOUND('',#9519,.F.);
#9519 = EDGE_LOOP('',(#9520,#9530,#9536,#9537));
#9520 = ORIENTED_EDGE('',*,*,#9521,.T.);
#9521 = EDGE_CURVE('',#9522,#9524,#9526,.T.);
#9522 = VERTEX_POINT('',#9523);
#9523 = CARTESIAN_POINT('',(-2.698126954599,-3.701947329377,10.));
#9524 = VERTEX_POINT('',#9525);
#9525 = CARTESIAN_POINT('',(-2.698126954599,-3.701947329377,9.6));
#9526 = LINE('',#9527,#9528);
#9527 = CARTESIAN_POINT('',(-2.698126954599,-3.701947329377,10.));
#9528 = VECTOR('',#9529,1.);
#9529 = DIRECTION('',(0.,0.,-1.));
#9530 = ORIENTED_EDGE('',*,*,#9531,.T.);
#9531 = EDGE_CURVE('',#9524,#9491,#9532,.T.);
#9532 = B_SPLINE_CURVE_WITH_KNOTS('',2,(#9533,#9534,#9535),
  .UNSPECIFIED.,.F.,.F.,(3,3),(0.,1.),.PIECEWISE_BEZIER_KNOTS.);
#9533 = CARTESIAN_POINT('',(-2.698126954599,-3.701947329377,9.6));
#9534 = CARTESIAN_POINT('',(-2.698126954599,-3.520150222552,9.6));
#9535 = CARTESIAN_POINT('',(-2.693954105935,-3.331954747774,9.6));
#9536 = ORIENTED_EDGE('',*,*,#9488,.F.);
#9537 = ORIENTED_EDGE('',*,*,#9538,.F.);
#9538 = EDGE_CURVE('',#9522,#9489,#9539,.T.);
#9539 = B_SPLINE_CURVE_WITH_KNOTS('',2,(#9540,#9541,#9542),
  .UNSPECIFIED.,.F.,.F.,(3,3),(0.,1.),.PIECEWISE_BEZIER_KNOTS.);
#9540 = CARTESIAN_POINT('',(-2.698126954599,-3.701947329377,10.));
#9541 = CARTESIAN_POINT('',(-2.698126954599,-3.520150222552,10.));
#9542 = CARTESIAN_POINT('',(-2.693954105935,-3.331954747774,10.));
#9543 = SURFACE_OF_LINEAR_EXTRUSION('',#9544,#9548);
#9544 = B_SPLINE_CURVE_WITH_KNOTS('',2,(#9545,#9546,#9547),
  .UNSPECIFIED.,.F.,.F.,(3,3),(0.,1.),.PIECEWISE_BEZIER_KNOTS.);
#9545 = CARTESIAN_POINT('',(-2.698126954599,-3.701947329377,10.));
#9546 = CARTESIAN_POINT('',(-2.698126954599,-3.520150222552,10.));
#9547 = CARTESIAN_POINT('',(-2.693954105935,-3.331954747774,10.));
#9548 = VECTOR('',#9549,1.);
#9549 = DIRECTION('',(-0.,-0.,1.));
#9550 = ADVANCED_FACE('',(#9551),#9576,.F.);
#9551 = FACE_BOUND('',#9552,.F.);
#9552 = EDGE_LOOP('',(#9553,#9563,#9569,#9570));
#9553 = ORIENTED_EDGE('',*,*,#9554,.T.);
#9554 = EDGE_CURVE('',#9555,#9557,#9559,.T.);
#9555 = VERTEX_POINT('',#9556);
#9556 = CARTESIAN_POINT('',(-2.693954105935,-4.067767062315,10.));
#9557 = VERTEX_POINT('',#9558);
#9558 = CARTESIAN_POINT('',(-2.693954105935,-4.067767062315,9.6));
#9559 = LINE('',#9560,#9561);
#9560 = CARTESIAN_POINT('',(-2.693954105935,-4.067767062315,10.));
#9561 = VECTOR('',#9562,1.);
#9562 = DIRECTION('',(0.,0.,-1.));
#9563 = ORIENTED_EDGE('',*,*,#9564,.T.);
#9564 = EDGE_CURVE('',#9557,#9524,#9565,.T.);
#9565 = B_SPLINE_CURVE_WITH_KNOTS('',2,(#9566,#9567,#9568),
  .UNSPECIFIED.,.F.,.F.,(3,3),(0.,1.),.PIECEWISE_BEZIER_KNOTS.);
#9566 = CARTESIAN_POINT('',(-2.693954105935,-4.067767062315,9.6));
#9567 = CARTESIAN_POINT('',(-2.698126954599,-3.883744436202,9.6));
#9568 = CARTESIAN_POINT('',(-2.698126954599,-3.701947329377,9.6));
#9569 = ORIENTED_EDGE('',*,*,#9521,.F.);
#9570 = ORIENTED_EDGE('',*,*,#9571,.F.);
#9571 = EDGE_CURVE('',#9555,#9522,#9572,.T.);
#9572 = B_SPLINE_CURVE_WITH_KNOTS('',2,(#9573,#9574,#9575),
  .UNSPECIFIED.,.F.,.F.,(3,3),(0.,1.),.PIECEWISE_BEZIER_KNOTS.);
#9573 = CARTESIAN_POINT('',(-2.693954105935,-4.067767062315,10.));
#9574 = CARTESIAN_POINT('',(-2.698126954599,-3.883744436202,10.));
#9575 = CARTESIAN_POINT('',(-2.698126954599,-3.701947329377,10.));
#9576 = SURFACE_OF_LINEAR_EXTRUSION('',#9577,#9581);
#9577 = B_SPLINE_CURVE_WITH_KNOTS('',2,(#9578,#9579,#9580),
  .UNSPECIFIED.,.F.,.F.,(3,3),(0.,1.),.PIECEWISE_BEZIER_KNOTS.);
#9578 = CARTESIAN_POINT('',(-2.693954105935,-4.067767062315,10.));
#9579 = CARTESIAN_POINT('',(-2.698126954599,-3.883744436202,10.));
#9580 = CARTESIAN_POINT('',(-2.698126954599,-3.701947329377,10.));
#9581 = VECTOR('',#9582,1.);
#9582 = DIRECTION('',(-0.,-0.,1.));
#9583 = ADVANCED_FACE('',(#9584),#9609,.F.);
#9584 = FACE_BOUND('',#9585,.F.);
#9585 = EDGE_LOOP('',(#9586,#9596,#9602,#9603));
#9586 = ORIENTED_EDGE('',*,*,#9587,.T.);
#9587 = EDGE_CURVE('',#9588,#9590,#9592,.T.);
#9588 = VERTEX_POINT('',#9589);
#9589 = CARTESIAN_POINT('',(-2.523006405638,-4.720122403561,10.));
#9590 = VERTEX_POINT('',#9591);
#9591 = CARTESIAN_POINT('',(-2.523006405638,-4.720122403561,9.6));
#9592 = LINE('',#9593,#9594);
#9593 = CARTESIAN_POINT('',(-2.523006405638,-4.720122403561,10.));
#9594 = VECTOR('',#9595,1.);
#9595 = DIRECTION('',(0.,0.,-1.));
#9596 = ORIENTED_EDGE('',*,*,#9597,.T.);
#9597 = EDGE_CURVE('',#9590,#9557,#9598,.T.);
#9598 = B_SPLINE_CURVE_WITH_KNOTS('',2,(#9599,#9600,#9601),
  .UNSPECIFIED.,.F.,.F.,(3,3),(0.,1.),.PIECEWISE_BEZIER_KNOTS.);
#9599 = CARTESIAN_POINT('',(-2.523006405638,-4.720122403561,9.6));
#9600 = CARTESIAN_POINT('',(-2.681018275074,-4.46140578635,9.6));
#9601 = CARTESIAN_POINT('',(-2.693954105935,-4.067767062315,9.6));
#9602 = ORIENTED_EDGE('',*,*,#9554,.F.);
#9603 = ORIENTED_EDGE('',*,*,#9604,.F.);
#9604 = EDGE_CURVE('',#9588,#9555,#9605,.T.);
#9605 = B_SPLINE_CURVE_WITH_KNOTS('',2,(#9606,#9607,#9608),
  .UNSPECIFIED.,.F.,.F.,(3,3),(0.,1.),.PIECEWISE_BEZIER_KNOTS.);
#9606 = CARTESIAN_POINT('',(-2.523006405638,-4.720122403561,10.));
#9607 = CARTESIAN_POINT('',(-2.681018275074,-4.46140578635,10.));
#9608 = CARTESIAN_POINT('',(-2.693954105935,-4.067767062315,10.));
#9609 = SURFACE_OF_LINEAR_EXTRUSION('',#9610,#9614);
#9610 = B_SPLINE_CURVE_WITH_KNOTS('',2,(#9611,#9612,#9613),
  .UNSPECIFIED.,.F.,.F.,(3,3),(0.,1.),.PIECEWISE_BEZIER_KNOTS.);
#9611 = CARTESIAN_POINT('',(-2.523006405638,-4.720122403561,10.));
#9612 = CARTESIAN_POINT('',(-2.681018275074,-4.46140578635,10.));
#9613 = CARTESIAN_POINT('',(-2.693954105935,-4.067767062315,10.));
#9614 = VECTOR('',#9615,1.);
#9615 = DIRECTION('',(-0.,-0.,1.));
#9616 = ADVANCED_FACE('',(#9617),#9633,.F.);
#9617 = FACE_BOUND('',#9618,.F.);
#9618 = EDGE_LOOP('',(#9619,#9620,#9626,#9627));
#9619 = ORIENTED_EDGE('',*,*,#9134,.T.);
#9620 = ORIENTED_EDGE('',*,*,#9621,.T.);
#9621 = EDGE_CURVE('',#9127,#9590,#9622,.T.);
#9622 = B_SPLINE_CURVE_WITH_KNOTS('',2,(#9623,#9624,#9625),
  .UNSPECIFIED.,.F.,.F.,(3,3),(0.,1.),.PIECEWISE_BEZIER_KNOTS.);
#9623 = CARTESIAN_POINT('',(-2.082909966469,-5.107223664688,9.6));
#9624 = CARTESIAN_POINT('',(-2.364855441246,-4.978839020772,9.6));
#9625 = CARTESIAN_POINT('',(-2.523006405638,-4.720122403561,9.6));
#9626 = ORIENTED_EDGE('',*,*,#9587,.F.);
#9627 = ORIENTED_EDGE('',*,*,#9628,.F.);
#9628 = EDGE_CURVE('',#9135,#9588,#9629,.T.);
#9629 = B_SPLINE_CURVE_WITH_KNOTS('',2,(#9630,#9631,#9632),
  .UNSPECIFIED.,.F.,.F.,(3,3),(0.,1.),.PIECEWISE_BEZIER_KNOTS.);
#9630 = CARTESIAN_POINT('',(-2.082909966469,-5.107223664688,10.));
#9631 = CARTESIAN_POINT('',(-2.364855441246,-4.978839020772,10.));
#9632 = CARTESIAN_POINT('',(-2.523006405638,-4.720122403561,10.));
#9633 = SURFACE_OF_LINEAR_EXTRUSION('',#9634,#9638);
#9634 = B_SPLINE_CURVE_WITH_KNOTS('',2,(#9635,#9636,#9637),
  .UNSPECIFIED.,.F.,.F.,(3,3),(0.,1.),.PIECEWISE_BEZIER_KNOTS.);
#9635 = CARTESIAN_POINT('',(-2.082909966469,-5.107223664688,10.));
#9636 = CARTESIAN_POINT('',(-2.364855441246,-4.978839020772,10.));
#9637 = CARTESIAN_POINT('',(-2.523006405638,-4.720122403561,10.));
#9638 = VECTOR('',#9639,1.);
#9639 = DIRECTION('',(-0.,-0.,1.));
#9640 = ADVANCED_FACE('',(#9641),#9675,.F.);
#9641 = FACE_BOUND('',#9642,.F.);
#9642 = EDGE_LOOP('',(#9643,#9653,#9661,#9669));
#9643 = ORIENTED_EDGE('',*,*,#9644,.T.);
#9644 = EDGE_CURVE('',#9645,#9647,#9649,.T.);
#9645 = VERTEX_POINT('',#9646);
#9646 = CARTESIAN_POINT('',(-1.412054996142,-4.683679525223,10.));
#9647 = VERTEX_POINT('',#9648);
#9648 = CARTESIAN_POINT('',(-1.412054996142,-4.683679525223,9.6));
#9649 = LINE('',#9650,#9651);
#9650 = CARTESIAN_POINT('',(-1.412054996142,-4.683679525223,10.));
#9651 = VECTOR('',#9652,1.);
#9652 = DIRECTION('',(0.,0.,-1.));
#9653 = ORIENTED_EDGE('',*,*,#9654,.T.);
#9654 = EDGE_CURVE('',#9647,#9655,#9657,.T.);
#9655 = VERTEX_POINT('',#9656);
#9656 = CARTESIAN_POINT('',(-1.003950396736,-4.531926928783,9.6));
#9657 = B_SPLINE_CURVE_WITH_KNOTS('',2,(#9658,#9659,#9660),
  .UNSPECIFIED.,.F.,.F.,(3,3),(0.,1.),.PIECEWISE_BEZIER_KNOTS.);
#9658 = CARTESIAN_POINT('',(-1.412054996142,-4.683679525223,9.6));
#9659 = CARTESIAN_POINT('',(-1.16418778546,-4.683679525223,9.6));
#9660 = CARTESIAN_POINT('',(-1.003950396736,-4.531926928783,9.6));
#9661 = ORIENTED_EDGE('',*,*,#9662,.F.);
#9662 = EDGE_CURVE('',#9663,#9655,#9665,.T.);
#9663 = VERTEX_POINT('',#9664);
#9664 = CARTESIAN_POINT('',(-1.003950396736,-4.531926928783,10.));
#9665 = LINE('',#9666,#9667);
#9666 = CARTESIAN_POINT('',(-1.003950396736,-4.531926928783,10.));
#9667 = VECTOR('',#9668,1.);
#9668 = DIRECTION('',(0.,0.,-1.));
#9669 = ORIENTED_EDGE('',*,*,#9670,.F.);
#9670 = EDGE_CURVE('',#9645,#9663,#9671,.T.);
#9671 = B_SPLINE_CURVE_WITH_KNOTS('',2,(#9672,#9673,#9674),
  .UNSPECIFIED.,.F.,.F.,(3,3),(0.,1.),.PIECEWISE_BEZIER_KNOTS.);
#9672 = CARTESIAN_POINT('',(-1.412054996142,-4.683679525223,10.));
#9673 = CARTESIAN_POINT('',(-1.16418778546,-4.683679525223,10.));
#9674 = CARTESIAN_POINT('',(-1.003950396736,-4.531926928783,10.));
#9675 = SURFACE_OF_LINEAR_EXTRUSION('',#9676,#9680);
#9676 = B_SPLINE_CURVE_WITH_KNOTS('',2,(#9677,#9678,#9679),
  .UNSPECIFIED.,.F.,.F.,(3,3),(0.,1.),.PIECEWISE_BEZIER_KNOTS.);
#9677 = CARTESIAN_POINT('',(-1.412054996142,-4.683679525223,10.));
#9678 = CARTESIAN_POINT('',(-1.16418778546,-4.683679525223,10.));
#9679 = CARTESIAN_POINT('',(-1.003950396736,-4.531926928783,10.));
#9680 = VECTOR('',#9681,1.);
#9681 = DIRECTION('',(-0.,-0.,1.));
#9682 = ADVANCED_FACE('',(#9683),#9708,.F.);
#9683 = FACE_BOUND('',#9684,.F.);
#9684 = EDGE_LOOP('',(#9685,#9695,#9701,#9702));
#9685 = ORIENTED_EDGE('',*,*,#9686,.T.);
#9686 = EDGE_CURVE('',#9687,#9689,#9691,.T.);
#9687 = VERTEX_POINT('',#9688);
#9688 = CARTESIAN_POINT('',(-1.822246019881,-4.531926928783,10.));
#9689 = VERTEX_POINT('',#9690);
#9690 = CARTESIAN_POINT('',(-1.822246019881,-4.531926928783,9.6));
#9691 = LINE('',#9692,#9693);
#9692 = CARTESIAN_POINT('',(-1.822246019881,-4.531926928783,10.));
#9693 = VECTOR('',#9694,1.);
#9694 = DIRECTION('',(0.,0.,-1.));
#9695 = ORIENTED_EDGE('',*,*,#9696,.T.);
#9696 = EDGE_CURVE('',#9689,#9647,#9697,.T.);
#9697 = B_SPLINE_CURVE_WITH_KNOTS('',2,(#9698,#9699,#9700),
  .UNSPECIFIED.,.F.,.F.,(3,3),(0.,1.),.PIECEWISE_BEZIER_KNOTS.);
#9698 = CARTESIAN_POINT('',(-1.822246019881,-4.531926928783,9.6));
#9699 = CARTESIAN_POINT('',(-1.66409505549,-4.683679525223,9.6));
#9700 = CARTESIAN_POINT('',(-1.412054996142,-4.683679525223,9.6));
#9701 = ORIENTED_EDGE('',*,*,#9644,.F.);
#9702 = ORIENTED_EDGE('',*,*,#9703,.F.);
#9703 = EDGE_CURVE('',#9687,#9645,#9704,.T.);
#9704 = B_SPLINE_CURVE_WITH_KNOTS('',2,(#9705,#9706,#9707),
  .UNSPECIFIED.,.F.,.F.,(3,3),(0.,1.),.PIECEWISE_BEZIER_KNOTS.);
#9705 = CARTESIAN_POINT('',(-1.822246019881,-4.531926928783,10.));
#9706 = CARTESIAN_POINT('',(-1.66409505549,-4.683679525223,10.));
#9707 = CARTESIAN_POINT('',(-1.412054996142,-4.683679525223,10.));
#9708 = SURFACE_OF_LINEAR_EXTRUSION('',#9709,#9713);
#9709 = B_SPLINE_CURVE_WITH_KNOTS('',2,(#9710,#9711,#9712),
  .UNSPECIFIED.,.F.,.F.,(3,3),(0.,1.),.PIECEWISE_BEZIER_KNOTS.);
#9710 = CARTESIAN_POINT('',(-1.822246019881,-4.531926928783,10.));
#9711 = CARTESIAN_POINT('',(-1.66409505549,-4.683679525223,10.));
#9712 = CARTESIAN_POINT('',(-1.412054996142,-4.683679525223,10.));
#9713 = VECTOR('',#9714,1.);
#9714 = DIRECTION('',(-0.,-0.,1.));
#9715 = ADVANCED_FACE('',(#9716),#9741,.F.);
#9716 = FACE_BOUND('',#9717,.F.);
#9717 = EDGE_LOOP('',(#9718,#9728,#9734,#9735));
#9718 = ORIENTED_EDGE('',*,*,#9719,.T.);
#9719 = EDGE_CURVE('',#9720,#9722,#9724,.T.);
#9720 = VERTEX_POINT('',#9721);
#9721 = CARTESIAN_POINT('',(-1.993054625223,-4.046346439169,10.));
#9722 = VERTEX_POINT('',#9723);
#9723 = CARTESIAN_POINT('',(-1.993054625223,-4.046346439169,9.6));
#9724 = LINE('',#9725,#9726);
#9725 = CARTESIAN_POINT('',(-1.993054625223,-4.046346439169,10.));
#9726 = VECTOR('',#9727,1.);
#9727 = DIRECTION('',(0.,0.,-1.));
#9728 = ORIENTED_EDGE('',*,*,#9729,.T.);
#9729 = EDGE_CURVE('',#9722,#9689,#9730,.T.);
#9730 = B_SPLINE_CURVE_WITH_KNOTS('',2,(#9731,#9732,#9733),
  .UNSPECIFIED.,.F.,.F.,(3,3),(0.,1.),.PIECEWISE_BEZIER_KNOTS.);
#9731 = CARTESIAN_POINT('',(-1.993054625223,-4.046346439169,9.6));
#9732 = CARTESIAN_POINT('',(-1.980257889318,-4.380035237389,9.6));
#9733 = CARTESIAN_POINT('',(-1.822246019881,-4.531926928783,9.6));
#9734 = ORIENTED_EDGE('',*,*,#9686,.F.);
#9735 = ORIENTED_EDGE('',*,*,#9736,.F.);
#9736 = EDGE_CURVE('',#9720,#9687,#9737,.T.);
#9737 = B_SPLINE_CURVE_WITH_KNOTS('',2,(#9738,#9739,#9740),
  .UNSPECIFIED.,.F.,.F.,(3,3),(0.,1.),.PIECEWISE_BEZIER_KNOTS.);
#9738 = CARTESIAN_POINT('',(-1.993054625223,-4.046346439169,10.));
#9739 = CARTESIAN_POINT('',(-1.980257889318,-4.380035237389,10.));
#9740 = CARTESIAN_POINT('',(-1.822246019881,-4.531926928783,10.));
#9741 = SURFACE_OF_LINEAR_EXTRUSION('',#9742,#9746);
#9742 = B_SPLINE_CURVE_WITH_KNOTS('',2,(#9743,#9744,#9745),
  .UNSPECIFIED.,.F.,.F.,(3,3),(0.,1.),.PIECEWISE_BEZIER_KNOTS.);
#9743 = CARTESIAN_POINT('',(-1.993054625223,-4.046346439169,10.));
#9744 = CARTESIAN_POINT('',(-1.980257889318,-4.380035237389,10.));
#9745 = CARTESIAN_POINT('',(-1.822246019881,-4.531926928783,10.));
#9746 = VECTOR('',#9747,1.);
#9747 = DIRECTION('',(-0.,-0.,1.));
#9748 = ADVANCED_FACE('',(#9749),#9774,.F.);
#9749 = FACE_BOUND('',#9750,.F.);
#9750 = EDGE_LOOP('',(#9751,#9761,#9767,#9768));
#9751 = ORIENTED_EDGE('',*,*,#9752,.T.);
#9752 = EDGE_CURVE('',#9753,#9755,#9757,.T.);
#9753 = VERTEX_POINT('',#9754);
#9754 = CARTESIAN_POINT('',(-1.997366568843,-3.693462537092,10.));
#9755 = VERTEX_POINT('',#9756);
#9756 = CARTESIAN_POINT('',(-1.997366568843,-3.693462537092,9.6));
#9757 = LINE('',#9758,#9759);
#9758 = CARTESIAN_POINT('',(-1.997366568843,-3.693462537092,10.));
#9759 = VECTOR('',#9760,1.);
#9760 = DIRECTION('',(0.,0.,-1.));
#9761 = ORIENTED_EDGE('',*,*,#9762,.T.);
#9762 = EDGE_CURVE('',#9755,#9722,#9763,.T.);
#9763 = B_SPLINE_CURVE_WITH_KNOTS('',2,(#9764,#9765,#9766),
  .UNSPECIFIED.,.F.,.F.,(3,3),(0.,1.),.PIECEWISE_BEZIER_KNOTS.);
#9764 = CARTESIAN_POINT('',(-1.997366568843,-3.693462537092,9.6));
#9765 = CARTESIAN_POINT('',(-1.997366568843,-3.858150964392,9.6));
#9766 = CARTESIAN_POINT('',(-1.993054625223,-4.046346439169,9.6));
#9767 = ORIENTED_EDGE('',*,*,#9719,.F.);
#9768 = ORIENTED_EDGE('',*,*,#9769,.F.);
#9769 = EDGE_CURVE('',#9753,#9720,#9770,.T.);
#9770 = B_SPLINE_CURVE_WITH_KNOTS('',2,(#9771,#9772,#9773),
  .UNSPECIFIED.,.F.,.F.,(3,3),(0.,1.),.PIECEWISE_BEZIER_KNOTS.);
#9771 = CARTESIAN_POINT('',(-1.997366568843,-3.693462537092,10.));
#9772 = CARTESIAN_POINT('',(-1.997366568843,-3.858150964392,10.));
#9773 = CARTESIAN_POINT('',(-1.993054625223,-4.046346439169,10.));
#9774 = SURFACE_OF_LINEAR_EXTRUSION('',#9775,#9779);
#9775 = B_SPLINE_CURVE_WITH_KNOTS('',2,(#9776,#9777,#9778),
  .UNSPECIFIED.,.F.,.F.,(3,3),(0.,1.),.PIECEWISE_BEZIER_KNOTS.);
#9776 = CARTESIAN_POINT('',(-1.997366568843,-3.693462537092,10.));
#9777 = CARTESIAN_POINT('',(-1.997366568843,-3.858150964392,10.));
#9778 = CARTESIAN_POINT('',(-1.993054625223,-4.046346439169,10.));
#9779 = VECTOR('',#9780,1.);
#9780 = DIRECTION('',(-0.,-0.,1.));
#9781 = ADVANCED_FACE('',(#9782),#9807,.F.);
#9782 = FACE_BOUND('',#9783,.F.);
#9783 = EDGE_LOOP('',(#9784,#9794,#9800,#9801));
#9784 = ORIENTED_EDGE('',*,*,#9785,.T.);
#9785 = EDGE_CURVE('',#9786,#9788,#9790,.T.);
#9786 = VERTEX_POINT('',#9787);
#9787 = CARTESIAN_POINT('',(-1.993054625223,-3.34475148368,10.));
#9788 = VERTEX_POINT('',#9789);
#9789 = CARTESIAN_POINT('',(-1.993054625223,-3.34475148368,9.6));
#9790 = LINE('',#9791,#9792);
#9791 = CARTESIAN_POINT('',(-1.993054625223,-3.34475148368,10.));
#9792 = VECTOR('',#9793,1.);
#9793 = DIRECTION('',(0.,0.,-1.));
#9794 = ORIENTED_EDGE('',*,*,#9795,.T.);
#9795 = EDGE_CURVE('',#9788,#9755,#9796,.T.);
#9796 = B_SPLINE_CURVE_WITH_KNOTS('',2,(#9797,#9798,#9799),
  .UNSPECIFIED.,.F.,.F.,(3,3),(0.,1.),.PIECEWISE_BEZIER_KNOTS.);
#9797 = CARTESIAN_POINT('',(-1.993054625223,-3.34475148368,9.6));
#9798 = CARTESIAN_POINT('',(-1.997366568843,-3.528774109792,9.6));
#9799 = CARTESIAN_POINT('',(-1.997366568843,-3.693462537092,9.6));
#9800 = ORIENTED_EDGE('',*,*,#9752,.F.);
#9801 = ORIENTED_EDGE('',*,*,#9802,.F.);
#9802 = EDGE_CURVE('',#9786,#9753,#9803,.T.);
#9803 = B_SPLINE_CURVE_WITH_KNOTS('',2,(#9804,#9805,#9806),
  .UNSPECIFIED.,.F.,.F.,(3,3),(0.,1.),.PIECEWISE_BEZIER_KNOTS.);
#9804 = CARTESIAN_POINT('',(-1.993054625223,-3.34475148368,10.));
#9805 = CARTESIAN_POINT('',(-1.997366568843,-3.528774109792,10.));
#9806 = CARTESIAN_POINT('',(-1.997366568843,-3.693462537092,10.));
#9807 = SURFACE_OF_LINEAR_EXTRUSION('',#9808,#9812);
#9808 = B_SPLINE_CURVE_WITH_KNOTS('',2,(#9809,#9810,#9811),
  .UNSPECIFIED.,.F.,.F.,(3,3),(0.,1.),.PIECEWISE_BEZIER_KNOTS.);
#9809 = CARTESIAN_POINT('',(-1.993054625223,-3.34475148368,10.));
#9810 = CARTESIAN_POINT('',(-1.997366568843,-3.528774109792,10.));
#9811 = CARTESIAN_POINT('',(-1.997366568843,-3.693462537092,10.));
#9812 = VECTOR('',#9813,1.);
#9813 = DIRECTION('',(-0.,-0.,1.));
#9814 = ADVANCED_FACE('',(#9815),#9840,.F.);
#9815 = FACE_BOUND('',#9816,.F.);
#9816 = EDGE_LOOP('',(#9817,#9827,#9833,#9834));
#9817 = ORIENTED_EDGE('',*,*,#9818,.T.);
#9818 = EDGE_CURVE('',#9819,#9821,#9823,.T.);
#9819 = VERTEX_POINT('',#9820);
#9820 = CARTESIAN_POINT('',(-1.90987584184,-2.981296364985,10.));
#9821 = VERTEX_POINT('',#9822);
#9822 = CARTESIAN_POINT('',(-1.90987584184,-2.981296364985,9.6));
#9823 = LINE('',#9824,#9825);
#9824 = CARTESIAN_POINT('',(-1.90987584184,-2.981296364985,10.));
#9825 = VECTOR('',#9826,1.);
#9826 = DIRECTION('',(0.,0.,-1.));
#9827 = ORIENTED_EDGE('',*,*,#9828,.T.);
#9828 = EDGE_CURVE('',#9821,#9788,#9829,.T.);
#9829 = B_SPLINE_CURVE_WITH_KNOTS('',2,(#9830,#9831,#9832),
  .UNSPECIFIED.,.F.,.F.,(3,3),(0.,1.),.PIECEWISE_BEZIER_KNOTS.);
#9830 = CARTESIAN_POINT('',(-1.90987584184,-2.981296364985,9.6));
#9831 = CARTESIAN_POINT('',(-1.984569832938,-3.122338649852,9.6));
#9832 = CARTESIAN_POINT('',(-1.993054625223,-3.34475148368,9.6));
#9833 = ORIENTED_EDGE('',*,*,#9785,.F.);
#9834 = ORIENTED_EDGE('',*,*,#9835,.F.);
#9835 = EDGE_CURVE('',#9819,#9786,#9836,.T.);
#9836 = B_SPLINE_CURVE_WITH_KNOTS('',2,(#9837,#9838,#9839),
  .UNSPECIFIED.,.F.,.F.,(3,3),(0.,1.),.PIECEWISE_BEZIER_KNOTS.);
#9837 = CARTESIAN_POINT('',(-1.90987584184,-2.981296364985,10.));
#9838 = CARTESIAN_POINT('',(-1.984569832938,-3.122338649852,10.));
#9839 = CARTESIAN_POINT('',(-1.993054625223,-3.34475148368,10.));
#9840 = SURFACE_OF_LINEAR_EXTRUSION('',#9841,#9845);
#9841 = B_SPLINE_CURVE_WITH_KNOTS('',2,(#9842,#9843,#9844),
  .UNSPECIFIED.,.F.,.F.,(3,3),(0.,1.),.PIECEWISE_BEZIER_KNOTS.);
#9842 = CARTESIAN_POINT('',(-1.90987584184,-2.981296364985,10.));
#9843 = CARTESIAN_POINT('',(-1.984569832938,-3.122338649852,10.));
#9844 = CARTESIAN_POINT('',(-1.993054625223,-3.34475148368,10.));
#9845 = VECTOR('',#9846,1.);
#9846 = DIRECTION('',(-0.,-0.,1.));
#9847 = ADVANCED_FACE('',(#9848),#9873,.F.);
#9848 = FACE_BOUND('',#9849,.F.);
#9849 = EDGE_LOOP('',(#9850,#9860,#9866,#9867));
#9850 = ORIENTED_EDGE('',*,*,#9851,.T.);
#9851 = EDGE_CURVE('',#9852,#9854,#9856,.T.);
#9852 = VERTEX_POINT('',#9853);
#9853 = CARTESIAN_POINT('',(-1.70693630178,-2.773766691395,10.));
#9854 = VERTEX_POINT('',#9855);
#9855 = CARTESIAN_POINT('',(-1.70693630178,-2.773766691395,9.6));
#9856 = LINE('',#9857,#9858);
#9857 = CARTESIAN_POINT('',(-1.70693630178,-2.773766691395,10.));
#9858 = VECTOR('',#9859,1.);
#9859 = DIRECTION('',(0.,0.,-1.));
#9860 = ORIENTED_EDGE('',*,*,#9861,.T.);
#9861 = EDGE_CURVE('',#9854,#9821,#9862,.T.);
#9862 = B_SPLINE_CURVE_WITH_KNOTS('',2,(#9863,#9864,#9865),
  .UNSPECIFIED.,.F.,.F.,(3,3),(0.,1.),.PIECEWISE_BEZIER_KNOTS.);
#9863 = CARTESIAN_POINT('',(-1.70693630178,-2.773766691395,9.6));
#9864 = CARTESIAN_POINT('',(-1.835042755786,-2.840114985163,9.6));
#9865 = CARTESIAN_POINT('',(-1.90987584184,-2.981296364985,9.6));
#9866 = ORIENTED_EDGE('',*,*,#9818,.F.);
#9867 = ORIENTED_EDGE('',*,*,#9868,.F.);
#9868 = EDGE_CURVE('',#9852,#9819,#9869,.T.);
#9869 = B_SPLINE_CURVE_WITH_KNOTS('',2,(#9870,#9871,#9872),
  .UNSPECIFIED.,.F.,.F.,(3,3),(0.,1.),.PIECEWISE_BEZIER_KNOTS.);
#9870 = CARTESIAN_POINT('',(-1.70693630178,-2.773766691395,10.));
#9871 = CARTESIAN_POINT('',(-1.835042755786,-2.840114985163,10.));
#9872 = CARTESIAN_POINT('',(-1.90987584184,-2.981296364985,10.));
#9873 = SURFACE_OF_LINEAR_EXTRUSION('',#9874,#9878);
#9874 = B_SPLINE_CURVE_WITH_KNOTS('',2,(#9875,#9876,#9877),
  .UNSPECIFIED.,.F.,.F.,(3,3),(0.,1.),.PIECEWISE_BEZIER_KNOTS.);
#9875 = CARTESIAN_POINT('',(-1.70693630178,-2.773766691395,10.));
#9876 = CARTESIAN_POINT('',(-1.835042755786,-2.840114985163,10.));
#9877 = CARTESIAN_POINT('',(-1.90987584184,-2.981296364985,10.));
#9878 = VECTOR('',#9879,1.);
#9879 = DIRECTION('',(-0.,-0.,1.));
#9880 = ADVANCED_FACE('',(#9881),#9906,.F.);
#9881 = FACE_BOUND('',#9882,.F.);
#9882 = EDGE_LOOP('',(#9883,#9893,#9899,#9900));
#9883 = ORIENTED_EDGE('',*,*,#9884,.T.);
#9884 = EDGE_CURVE('',#9885,#9887,#9889,.T.);
#9885 = VERTEX_POINT('',#9886);
#9886 = CARTESIAN_POINT('',(-1.412054996142,-2.707418397626,10.));
#9887 = VERTEX_POINT('',#9888);
#9888 = CARTESIAN_POINT('',(-1.412054996142,-2.707418397626,9.6));
#9889 = LINE('',#9890,#9891);
#9890 = CARTESIAN_POINT('',(-1.412054996142,-2.707418397626,10.));
#9891 = VECTOR('',#9892,1.);
#9892 = DIRECTION('',(0.,0.,-1.));
#9893 = ORIENTED_EDGE('',*,*,#9894,.T.);
#9894 = EDGE_CURVE('',#9887,#9854,#9895,.T.);
#9895 = B_SPLINE_CURVE_WITH_KNOTS('',2,(#9896,#9897,#9898),
  .UNSPECIFIED.,.F.,.F.,(3,3),(0.,1.),.PIECEWISE_BEZIER_KNOTS.);
#9896 = CARTESIAN_POINT('',(-1.412054996142,-2.707418397626,9.6));
#9897 = CARTESIAN_POINT('',(-1.578690752819,-2.707418397626,9.6));
#9898 = CARTESIAN_POINT('',(-1.70693630178,-2.773766691395,9.6));
#9899 = ORIENTED_EDGE('',*,*,#9851,.F.);
#9900 = ORIENTED_EDGE('',*,*,#9901,.F.);
#9901 = EDGE_CURVE('',#9885,#9852,#9902,.T.);
#9902 = B_SPLINE_CURVE_WITH_KNOTS('',2,(#9903,#9904,#9905),
  .UNSPECIFIED.,.F.,.F.,(3,3),(0.,1.),.PIECEWISE_BEZIER_KNOTS.);
#9903 = CARTESIAN_POINT('',(-1.412054996142,-2.707418397626,10.));
#9904 = CARTESIAN_POINT('',(-1.578690752819,-2.707418397626,10.));
#9905 = CARTESIAN_POINT('',(-1.70693630178,-2.773766691395,10.));
#9906 = SURFACE_OF_LINEAR_EXTRUSION('',#9907,#9911);
#9907 = B_SPLINE_CURVE_WITH_KNOTS('',2,(#9908,#9909,#9910),
  .UNSPECIFIED.,.F.,.F.,(3,3),(0.,1.),.PIECEWISE_BEZIER_KNOTS.);
#9908 = CARTESIAN_POINT('',(-1.412054996142,-2.707418397626,10.));
#9909 = CARTESIAN_POINT('',(-1.578690752819,-2.707418397626,10.));
#9910 = CARTESIAN_POINT('',(-1.70693630178,-2.773766691395,10.));
#9911 = VECTOR('',#9912,1.);
#9912 = DIRECTION('',(-0.,-0.,1.));
#9913 = ADVANCED_FACE('',(#9914),#9939,.F.);
#9914 = FACE_BOUND('',#9915,.F.);
#9915 = EDGE_LOOP('',(#9916,#9926,#9932,#9933));
#9916 = ORIENTED_EDGE('',*,*,#9917,.T.);
#9917 = EDGE_CURVE('',#9918,#9920,#9922,.T.);
#9918 = VERTEX_POINT('',#9919);
#9919 = CARTESIAN_POINT('',(-1.119260114837,-2.773766691395,10.));
#9920 = VERTEX_POINT('',#9921);
#9921 = CARTESIAN_POINT('',(-1.119260114837,-2.773766691395,9.6));
#9922 = LINE('',#9923,#9924);
#9923 = CARTESIAN_POINT('',(-1.119260114837,-2.773766691395,10.));
#9924 = VECTOR('',#9925,1.);
#9925 = DIRECTION('',(0.,0.,-1.));
#9926 = ORIENTED_EDGE('',*,*,#9927,.T.);
#9927 = EDGE_CURVE('',#9920,#9887,#9928,.T.);
#9928 = B_SPLINE_CURVE_WITH_KNOTS('',2,(#9929,#9930,#9931),
  .UNSPECIFIED.,.F.,.F.,(3,3),(0.,1.),.PIECEWISE_BEZIER_KNOTS.);
#9929 = CARTESIAN_POINT('',(-1.119260114837,-2.773766691395,9.6));
#9930 = CARTESIAN_POINT('',(-1.24528014451,-2.707418397626,9.6));
#9931 = CARTESIAN_POINT('',(-1.412054996142,-2.707418397626,9.6));
#9932 = ORIENTED_EDGE('',*,*,#9884,.F.);
#9933 = ORIENTED_EDGE('',*,*,#9934,.F.);
#9934 = EDGE_CURVE('',#9918,#9885,#9935,.T.);
#9935 = B_SPLINE_CURVE_WITH_KNOTS('',2,(#9936,#9937,#9938),
  .UNSPECIFIED.,.F.,.F.,(3,3),(0.,1.),.PIECEWISE_BEZIER_KNOTS.);
#9936 = CARTESIAN_POINT('',(-1.119260114837,-2.773766691395,10.));
#9937 = CARTESIAN_POINT('',(-1.24528014451,-2.707418397626,10.));
#9938 = CARTESIAN_POINT('',(-1.412054996142,-2.707418397626,10.));
#9939 = SURFACE_OF_LINEAR_EXTRUSION('',#9940,#9944);
#9940 = B_SPLINE_CURVE_WITH_KNOTS('',2,(#9941,#9942,#9943),
  .UNSPECIFIED.,.F.,.F.,(3,3),(0.,1.),.PIECEWISE_BEZIER_KNOTS.);
#9941 = CARTESIAN_POINT('',(-1.119260114837,-2.773766691395,10.));
#9942 = CARTESIAN_POINT('',(-1.24528014451,-2.707418397626,10.));
#9943 = CARTESIAN_POINT('',(-1.412054996142,-2.707418397626,10.));
#9944 = VECTOR('',#9945,1.);
#9945 = DIRECTION('',(-0.,-0.,1.));
#9946 = ADVANCED_FACE('',(#9947),#9972,.F.);
#9947 = FACE_BOUND('',#9948,.F.);
#9948 = EDGE_LOOP('',(#9949,#9959,#9965,#9966));
#9949 = ORIENTED_EDGE('',*,*,#9950,.T.);
#9950 = EDGE_CURVE('',#9951,#9953,#9955,.T.);
#9951 = VERTEX_POINT('',#9952);
#9952 = CARTESIAN_POINT('',(-0.916320574777,-2.981296364985,10.));
#9953 = VERTEX_POINT('',#9954);
#9954 = CARTESIAN_POINT('',(-0.916320574777,-2.981296364985,9.6));
#9955 = LINE('',#9956,#9957);
#9956 = CARTESIAN_POINT('',(-0.916320574777,-2.981296364985,10.));
#9957 = VECTOR('',#9958,1.);
#9958 = DIRECTION('',(0.,0.,-1.));
#9959 = ORIENTED_EDGE('',*,*,#9960,.T.);
#9960 = EDGE_CURVE('',#9953,#9920,#9961,.T.);
#9961 = B_SPLINE_CURVE_WITH_KNOTS('',2,(#9962,#9963,#9964),
  .UNSPECIFIED.,.F.,.F.,(3,3),(0.,1.),.PIECEWISE_BEZIER_KNOTS.);
#9962 = CARTESIAN_POINT('',(-0.916320574777,-2.981296364985,9.6));
#9963 = CARTESIAN_POINT('',(-0.993240085163,-2.840114985163,9.6));
#9964 = CARTESIAN_POINT('',(-1.119260114837,-2.773766691395,9.6));
#9965 = ORIENTED_EDGE('',*,*,#9917,.F.);
#9966 = ORIENTED_EDGE('',*,*,#9967,.F.);
#9967 = EDGE_CURVE('',#9951,#9918,#9968,.T.);
#9968 = B_SPLINE_CURVE_WITH_KNOTS('',2,(#9969,#9970,#9971),
  .UNSPECIFIED.,.F.,.F.,(3,3),(0.,1.),.PIECEWISE_BEZIER_KNOTS.);
#9969 = CARTESIAN_POINT('',(-0.916320574777,-2.981296364985,10.));
#9970 = CARTESIAN_POINT('',(-0.993240085163,-2.840114985163,10.));
#9971 = CARTESIAN_POINT('',(-1.119260114837,-2.773766691395,10.));
#9972 = SURFACE_OF_LINEAR_EXTRUSION('',#9973,#9977);
#9973 = B_SPLINE_CURVE_WITH_KNOTS('',2,(#9974,#9975,#9976),
  .UNSPECIFIED.,.F.,.F.,(3,3),(0.,1.),.PIECEWISE_BEZIER_KNOTS.);
#9974 = CARTESIAN_POINT('',(-0.916320574777,-2.981296364985,10.));
#9975 = CARTESIAN_POINT('',(-0.993240085163,-2.840114985163,10.));
#9976 = CARTESIAN_POINT('',(-1.119260114837,-2.773766691395,10.));
#9977 = VECTOR('',#9978,1.);
#9978 = DIRECTION('',(-0.,-0.,1.));
#9979 = ADVANCED_FACE('',(#9980),#10005,.F.);
#9980 = FACE_BOUND('',#9981,.F.);
#9981 = EDGE_LOOP('',(#9982,#9992,#9998,#9999));
#9982 = ORIENTED_EDGE('',*,*,#9983,.T.);
#9983 = EDGE_CURVE('',#9984,#9986,#9988,.T.);
#9984 = VERTEX_POINT('',#9985);
#9985 = CARTESIAN_POINT('',(-0.835089120772,-3.34475148368,10.));
#9986 = VERTEX_POINT('',#9987);
#9987 = CARTESIAN_POINT('',(-0.835089120772,-3.34475148368,9.6));
#9988 = LINE('',#9989,#9990);
#9989 = CARTESIAN_POINT('',(-0.835089120772,-3.34475148368,10.));
#9990 = VECTOR('',#9991,1.);
#9991 = DIRECTION('',(0.,0.,-1.));
#9992 = ORIENTED_EDGE('',*,*,#9993,.T.);
#9993 = EDGE_CURVE('',#9986,#9953,#9994,.T.);
#9994 = B_SPLINE_CURVE_WITH_KNOTS('',2,(#9995,#9996,#9997),
  .UNSPECIFIED.,.F.,.F.,(3,3),(0.,1.),.PIECEWISE_BEZIER_KNOTS.);
#9995 = CARTESIAN_POINT('',(-0.835089120772,-3.34475148368,9.6));
#9996 = CARTESIAN_POINT('',(-0.839401064392,-3.122338649852,9.6));
#9997 = CARTESIAN_POINT('',(-0.916320574777,-2.981296364985,9.6));
#9998 = ORIENTED_EDGE('',*,*,#9950,.F.);
#9999 = ORIENTED_EDGE('',*,*,#10000,.F.);
#10000 = EDGE_CURVE('',#9984,#9951,#10001,.T.);
#10001 = B_SPLINE_CURVE_WITH_KNOTS('',2,(#10002,#10003,#10004),
  .UNSPECIFIED.,.F.,.F.,(3,3),(0.,1.),.PIECEWISE_BEZIER_KNOTS.);
#10002 = CARTESIAN_POINT('',(-0.835089120772,-3.34475148368,10.));
#10003 = CARTESIAN_POINT('',(-0.839401064392,-3.122338649852,10.));
#10004 = CARTESIAN_POINT('',(-0.916320574777,-2.981296364985,10.));
#10005 = SURFACE_OF_LINEAR_EXTRUSION('',#10006,#10010);
#10006 = B_SPLINE_CURVE_WITH_KNOTS('',2,(#10007,#10008,#10009),
  .UNSPECIFIED.,.F.,.F.,(3,3),(0.,1.),.PIECEWISE_BEZIER_KNOTS.);
#10007 = CARTESIAN_POINT('',(-0.835089120772,-3.34475148368,10.));
#10008 = CARTESIAN_POINT('',(-0.839401064392,-3.122338649852,10.));
#10009 = CARTESIAN_POINT('',(-0.916320574777,-2.981296364985,10.));
#10010 = VECTOR('',#10011,1.);
#10011 = DIRECTION('',(-0.,-0.,1.));
#10012 = ADVANCED_FACE('',(#10013),#10038,.F.);
#10013 = FACE_BOUND('',#10014,.F.);
#10014 = EDGE_LOOP('',(#10015,#10025,#10031,#10032));
#10015 = ORIENTED_EDGE('',*,*,#10016,.T.);
#10016 = EDGE_CURVE('',#10017,#10019,#10021,.T.);
#10017 = VERTEX_POINT('',#10018);
#10018 = CARTESIAN_POINT('',(-0.826604328487,-3.693462537092,10.));
#10019 = VERTEX_POINT('',#10020);
#10020 = CARTESIAN_POINT('',(-0.826604328487,-3.693462537092,9.6));
#10021 = LINE('',#10022,#10023);
#10022 = CARTESIAN_POINT('',(-0.826604328487,-3.693462537092,10.));
#10023 = VECTOR('',#10024,1.);
#10024 = DIRECTION('',(0.,0.,-1.));
#10025 = ORIENTED_EDGE('',*,*,#10026,.T.);
#10026 = EDGE_CURVE('',#10019,#9986,#10027,.T.);
#10027 = B_SPLINE_CURVE_WITH_KNOTS('',2,(#10028,#10029,#10030),
  .UNSPECIFIED.,.F.,.F.,(3,3),(0.,1.),.PIECEWISE_BEZIER_KNOTS.);
#10028 = CARTESIAN_POINT('',(-0.826604328487,-3.693462537092,9.6));
#10029 = CARTESIAN_POINT('',(-0.826604328487,-3.528774109792,9.6));
#10030 = CARTESIAN_POINT('',(-0.835089120772,-3.34475148368,9.6));
#10031 = ORIENTED_EDGE('',*,*,#9983,.F.);
#10032 = ORIENTED_EDGE('',*,*,#10033,.F.);
#10033 = EDGE_CURVE('',#10017,#9984,#10034,.T.);
#10034 = B_SPLINE_CURVE_WITH_KNOTS('',2,(#10035,#10036,#10037),
  .UNSPECIFIED.,.F.,.F.,(3,3),(0.,1.),.PIECEWISE_BEZIER_KNOTS.);
#10035 = CARTESIAN_POINT('',(-0.826604328487,-3.693462537092,10.));
#10036 = CARTESIAN_POINT('',(-0.826604328487,-3.528774109792,10.));
#10037 = CARTESIAN_POINT('',(-0.835089120772,-3.34475148368,10.));
#10038 = SURFACE_OF_LINEAR_EXTRUSION('',#10039,#10043);
#10039 = B_SPLINE_CURVE_WITH_KNOTS('',2,(#10040,#10041,#10042),
  .UNSPECIFIED.,.F.,.F.,(3,3),(0.,1.),.PIECEWISE_BEZIER_KNOTS.);
#10040 = CARTESIAN_POINT('',(-0.826604328487,-3.693462537092,10.));
#10041 = CARTESIAN_POINT('',(-0.826604328487,-3.528774109792,10.));
#10042 = CARTESIAN_POINT('',(-0.835089120772,-3.34475148368,10.));
#10043 = VECTOR('',#10044,1.);
#10044 = DIRECTION('',(-0.,-0.,1.));
#10045 = ADVANCED_FACE('',(#10046),#10071,.F.);
#10046 = FACE_BOUND('',#10047,.F.);
#10047 = EDGE_LOOP('',(#10048,#10058,#10064,#10065));
#10048 = ORIENTED_EDGE('',*,*,#10049,.T.);
#10049 = EDGE_CURVE('',#10050,#10052,#10054,.T.);
#10050 = VERTEX_POINT('',#10051);
#10051 = CARTESIAN_POINT('',(-0.835089120772,-4.046346439169,10.));
#10052 = VERTEX_POINT('',#10053);
#10053 = CARTESIAN_POINT('',(-0.835089120772,-4.046346439169,9.6));
#10054 = LINE('',#10055,#10056);
#10055 = CARTESIAN_POINT('',(-0.835089120772,-4.046346439169,10.));
#10056 = VECTOR('',#10057,1.);
#10057 = DIRECTION('',(0.,0.,-1.));
#10058 = ORIENTED_EDGE('',*,*,#10059,.T.);
#10059 = EDGE_CURVE('',#10052,#10019,#10060,.T.);
#10060 = B_SPLINE_CURVE_WITH_KNOTS('',2,(#10061,#10062,#10063),
  .UNSPECIFIED.,.F.,.F.,(3,3),(0.,1.),.PIECEWISE_BEZIER_KNOTS.);
#10061 = CARTESIAN_POINT('',(-0.835089120772,-4.046346439169,9.6));
#10062 = CARTESIAN_POINT('',(-0.826604328487,-3.858150964392,9.6));
#10063 = CARTESIAN_POINT('',(-0.826604328487,-3.693462537092,9.6));
#10064 = ORIENTED_EDGE('',*,*,#10016,.F.);
#10065 = ORIENTED_EDGE('',*,*,#10066,.F.);
#10066 = EDGE_CURVE('',#10050,#10017,#10067,.T.);
#10067 = B_SPLINE_CURVE_WITH_KNOTS('',2,(#10068,#10069,#10070),
  .UNSPECIFIED.,.F.,.F.,(3,3),(0.,1.),.PIECEWISE_BEZIER_KNOTS.);
#10068 = CARTESIAN_POINT('',(-0.835089120772,-4.046346439169,10.));
#10069 = CARTESIAN_POINT('',(-0.826604328487,-3.858150964392,10.));
#10070 = CARTESIAN_POINT('',(-0.826604328487,-3.693462537092,10.));
#10071 = SURFACE_OF_LINEAR_EXTRUSION('',#10072,#10076);
#10072 = B_SPLINE_CURVE_WITH_KNOTS('',2,(#10073,#10074,#10075),
  .UNSPECIFIED.,.F.,.F.,(3,3),(0.,1.),.PIECEWISE_BEZIER_KNOTS.);
#10073 = CARTESIAN_POINT('',(-0.835089120772,-4.046346439169,10.));
#10074 = CARTESIAN_POINT('',(-0.826604328487,-3.858150964392,10.));
#10075 = CARTESIAN_POINT('',(-0.826604328487,-3.693462537092,10.));
#10076 = VECTOR('',#10077,1.);
#10077 = DIRECTION('',(-0.,-0.,1.));
#10078 = ADVANCED_FACE('',(#10079),#10095,.F.);
#10079 = FACE_BOUND('',#10080,.F.);
#10080 = EDGE_LOOP('',(#10081,#10082,#10088,#10089));
#10081 = ORIENTED_EDGE('',*,*,#9662,.T.);
#10082 = ORIENTED_EDGE('',*,*,#10083,.T.);
#10083 = EDGE_CURVE('',#9655,#10052,#10084,.T.);
#10084 = B_SPLINE_CURVE_WITH_KNOTS('',2,(#10085,#10086,#10087),
  .UNSPECIFIED.,.F.,.F.,(3,3),(0.,1.),.PIECEWISE_BEZIER_KNOTS.);
#10085 = CARTESIAN_POINT('',(-1.003950396736,-4.531926928783,9.6));
#10086 = CARTESIAN_POINT('',(-0.843713008012,-4.380035237389,9.6));
#10087 = CARTESIAN_POINT('',(-0.835089120772,-4.046346439169,9.6));
#10088 = ORIENTED_EDGE('',*,*,#10049,.F.);
#10089 = ORIENTED_EDGE('',*,*,#10090,.F.);
#10090 = EDGE_CURVE('',#9663,#10050,#10091,.T.);
#10091 = B_SPLINE_CURVE_WITH_KNOTS('',2,(#10092,#10093,#10094),
  .UNSPECIFIED.,.F.,.F.,(3,3),(0.,1.),.PIECEWISE_BEZIER_KNOTS.);
#10092 = CARTESIAN_POINT('',(-1.003950396736,-4.531926928783,10.));
#10093 = CARTESIAN_POINT('',(-0.843713008012,-4.380035237389,10.));
#10094 = CARTESIAN_POINT('',(-0.835089120772,-4.046346439169,10.));
#10095 = SURFACE_OF_LINEAR_EXTRUSION('',#10096,#10100);
#10096 = B_SPLINE_CURVE_WITH_KNOTS('',2,(#10097,#10098,#10099),
  .UNSPECIFIED.,.F.,.F.,(3,3),(0.,1.),.PIECEWISE_BEZIER_KNOTS.);
#10097 = CARTESIAN_POINT('',(-1.003950396736,-4.531926928783,10.));
#10098 = CARTESIAN_POINT('',(-0.843713008012,-4.380035237389,10.));
#10099 = CARTESIAN_POINT('',(-0.835089120772,-4.046346439169,10.));
#10100 = VECTOR('',#10101,1.);
#10101 = DIRECTION('',(-0.,-0.,1.));
#10102 = ADVANCED_FACE('',(#10103,#10121),#10137,.T.);
#10103 = FACE_BOUND('',#10104,.T.);
#10104 = EDGE_LOOP('',(#10105,#10106,#10107,#10108,#10109,#10110,#10111,
    #10112,#10113,#10114,#10115,#10116,#10117,#10118,#10119,#10120));
#10105 = ORIENTED_EDGE('',*,*,#9142,.F.);
#10106 = ORIENTED_EDGE('',*,*,#9175,.F.);
#10107 = ORIENTED_EDGE('',*,*,#9208,.F.);
#10108 = ORIENTED_EDGE('',*,*,#9241,.F.);
#10109 = ORIENTED_EDGE('',*,*,#9274,.F.);
#10110 = ORIENTED_EDGE('',*,*,#9307,.F.);
#10111 = ORIENTED_EDGE('',*,*,#9340,.F.);
#10112 = ORIENTED_EDGE('',*,*,#9373,.F.);
#10113 = ORIENTED_EDGE('',*,*,#9406,.F.);
#10114 = ORIENTED_EDGE('',*,*,#9439,.F.);
#10115 = ORIENTED_EDGE('',*,*,#9472,.F.);
#10116 = ORIENTED_EDGE('',*,*,#9505,.F.);
#10117 = ORIENTED_EDGE('',*,*,#9538,.F.);
#10118 = ORIENTED_EDGE('',*,*,#9571,.F.);
#10119 = ORIENTED_EDGE('',*,*,#9604,.F.);
#10120 = ORIENTED_EDGE('',*,*,#9628,.F.);
#10121 = FACE_BOUND('',#10122,.T.);
#10122 = EDGE_LOOP('',(#10123,#10124,#10125,#10126,#10127,#10128,#10129,
    #10130,#10131,#10132,#10133,#10134,#10135,#10136));
#10123 = ORIENTED_EDGE('',*,*,#9670,.F.);
#10124 = ORIENTED_EDGE('',*,*,#9703,.F.);
#10125 = ORIENTED_EDGE('',*,*,#9736,.F.);
#10126 = ORIENTED_EDGE('',*,*,#9769,.F.);
#10127 = ORIENTED_EDGE('',*,*,#9802,.F.);
#10128 = ORIENTED_EDGE('',*,*,#9835,.F.);
#10129 = ORIENTED_EDGE('',*,*,#9868,.F.);
#10130 = ORIENTED_EDGE('',*,*,#9901,.F.);
#10131 = ORIENTED_EDGE('',*,*,#9934,.F.);
#10132 = ORIENTED_EDGE('',*,*,#9967,.F.);
#10133 = ORIENTED_EDGE('',*,*,#10000,.F.);
#10134 = ORIENTED_EDGE('',*,*,#10033,.F.);
#10135 = ORIENTED_EDGE('',*,*,#10066,.F.);
#10136 = ORIENTED_EDGE('',*,*,#10090,.F.);
#10137 = PLANE('',#10138);
#10138 = AXIS2_PLACEMENT_3D('',#10139,#10140,#10141);
#10139 = CARTESIAN_POINT('',(-1.413396439159,-3.696998005327,10.));
#10140 = DIRECTION('',(0.,0.,1.));
#10141 = DIRECTION('',(1.,0.,0.));
#10142 = ADVANCED_FACE('',(#10143,#10161),#10177,.F.);
#10143 = FACE_BOUND('',#10144,.F.);
#10144 = EDGE_LOOP('',(#10145,#10146,#10147,#10148,#10149,#10150,#10151,
    #10152,#10153,#10154,#10155,#10156,#10157,#10158,#10159,#10160));
#10145 = ORIENTED_EDGE('',*,*,#9126,.F.);
#10146 = ORIENTED_EDGE('',*,*,#9168,.F.);
#10147 = ORIENTED_EDGE('',*,*,#9201,.F.);
#10148 = ORIENTED_EDGE('',*,*,#9234,.F.);
#10149 = ORIENTED_EDGE('',*,*,#9267,.F.);
#10150 = ORIENTED_EDGE('',*,*,#9300,.F.);
#10151 = ORIENTED_EDGE('',*,*,#9333,.F.);
#10152 = ORIENTED_EDGE('',*,*,#9366,.F.);
#10153 = ORIENTED_EDGE('',*,*,#9399,.F.);
#10154 = ORIENTED_EDGE('',*,*,#9432,.F.);
#10155 = ORIENTED_EDGE('',*,*,#9465,.F.);
#10156 = ORIENTED_EDGE('',*,*,#9498,.F.);
#10157 = ORIENTED_EDGE('',*,*,#9531,.F.);
#10158 = ORIENTED_EDGE('',*,*,#9564,.F.);
#10159 = ORIENTED_EDGE('',*,*,#9597,.F.);
#10160 = ORIENTED_EDGE('',*,*,#9621,.F.);
#10161 = FACE_BOUND('',#10162,.F.);
#10162 = EDGE_LOOP('',(#10163,#10164,#10165,#10166,#10167,#10168,#10169,
    #10170,#10171,#10172,#10173,#10174,#10175,#10176));
#10163 = ORIENTED_EDGE('',*,*,#9654,.F.);
#10164 = ORIENTED_EDGE('',*,*,#9696,.F.);
#10165 = ORIENTED_EDGE('',*,*,#9729,.F.);
#10166 = ORIENTED_EDGE('',*,*,#9762,.F.);
#10167 = ORIENTED_EDGE('',*,*,#9795,.F.);
#10168 = ORIENTED_EDGE('',*,*,#9828,.F.);
#10169 = ORIENTED_EDGE('',*,*,#9861,.F.);
#10170 = ORIENTED_EDGE('',*,*,#9894,.F.);
#10171 = ORIENTED_EDGE('',*,*,#9927,.F.);
#10172 = ORIENTED_EDGE('',*,*,#9960,.F.);
#10173 = ORIENTED_EDGE('',*,*,#9993,.F.);
#10174 = ORIENTED_EDGE('',*,*,#10026,.F.);
#10175 = ORIENTED_EDGE('',*,*,#10059,.F.);
#10176 = ORIENTED_EDGE('',*,*,#10083,.F.);
#10177 = PLANE('',#10178);
#10178 = AXIS2_PLACEMENT_3D('',#10179,#10180,#10181);
#10179 = CARTESIAN_POINT('',(-1.413396439159,-3.696998005327,9.6));
#10180 = DIRECTION('',(0.,0.,1.));
#10181 = DIRECTION('',(1.,0.,0.));
#10182 = MANIFOLD_SOLID_BREP('',#10183);
#10183 = CLOSED_SHELL('',(#10184,#10226,#10257,#10290,#10323,#10354,
    #10385,#10416,#10449,#10482,#10513,#10546,#10579,#10612,#10643,
    #10676,#10709,#10742,#10775,#10806,#10839,#10872,#10903,#10927,
    #10967,#10998,#11029,#11062,#11095,#11128,#11152,#11192));
#10184 = ADVANCED_FACE('',(#10185),#10219,.F.);
#10185 = FACE_BOUND('',#10186,.F.);
#10186 = EDGE_LOOP('',(#10187,#10197,#10205,#10213));
#10187 = ORIENTED_EDGE('',*,*,#10188,.T.);
#10188 = EDGE_CURVE('',#10189,#10191,#10193,.T.);
#10189 = VERTEX_POINT('',#10190);
#10190 = CARTESIAN_POINT('',(0.400908653709,-5.2,10.));
#10191 = VERTEX_POINT('',#10192);
#10192 = CARTESIAN_POINT('',(0.400908653709,-5.2,9.6));
#10193 = LINE('',#10194,#10195);
#10194 = CARTESIAN_POINT('',(0.400908653709,-5.2,10.));
#10195 = VECTOR('',#10196,1.);
#10196 = DIRECTION('',(0.,0.,-1.));
#10197 = ORIENTED_EDGE('',*,*,#10198,.T.);
#10198 = EDGE_CURVE('',#10191,#10199,#10201,.T.);
#10199 = VERTEX_POINT('',#10200);
#10200 = CARTESIAN_POINT('',(0.324267333234,-5.17009458457,9.6));
#10201 = B_SPLINE_CURVE_WITH_KNOTS('',2,(#10202,#10203,#10204),
  .UNSPECIFIED.,.F.,.F.,(3,3),(0.,1.),.PIECEWISE_BEZIER_KNOTS.);
#10202 = CARTESIAN_POINT('',(0.400908653709,-5.2,9.6));
#10203 = CARTESIAN_POINT('',(0.354033653709,-5.2,9.6));
#10204 = CARTESIAN_POINT('',(0.324267333234,-5.17009458457,9.6));
#10205 = ORIENTED_EDGE('',*,*,#10206,.F.);
#10206 = EDGE_CURVE('',#10207,#10199,#10209,.T.);
#10207 = VERTEX_POINT('',#10208);
#10208 = CARTESIAN_POINT('',(0.324267333234,-5.17009458457,10.));
#10209 = LINE('',#10210,#10211);
#10210 = CARTESIAN_POINT('',(0.324267333234,-5.17009458457,10.));
#10211 = VECTOR('',#10212,1.);
#10212 = DIRECTION('',(0.,0.,-1.));
#10213 = ORIENTED_EDGE('',*,*,#10214,.F.);
#10214 = EDGE_CURVE('',#10189,#10207,#10215,.T.);
#10215 = B_SPLINE_CURVE_WITH_KNOTS('',2,(#10216,#10217,#10218),
  .UNSPECIFIED.,.F.,.F.,(3,3),(0.,1.),.PIECEWISE_BEZIER_KNOTS.);
#10216 = CARTESIAN_POINT('',(0.400908653709,-5.2,10.));
#10217 = CARTESIAN_POINT('',(0.354033653709,-5.2,10.));
#10218 = CARTESIAN_POINT('',(0.324267333234,-5.17009458457,10.));
#10219 = SURFACE_OF_LINEAR_EXTRUSION('',#10220,#10224);
#10220 = B_SPLINE_CURVE_WITH_KNOTS('',2,(#10221,#10222,#10223),
  .UNSPECIFIED.,.F.,.F.,(3,3),(0.,1.),.PIECEWISE_BEZIER_KNOTS.);
#10221 = CARTESIAN_POINT('',(0.400908653709,-5.2,10.));
#10222 = CARTESIAN_POINT('',(0.354033653709,-5.2,10.));
#10223 = CARTESIAN_POINT('',(0.324267333234,-5.17009458457,10.));
#10224 = VECTOR('',#10225,1.);
#10225 = DIRECTION('',(-0.,-0.,1.));
#10226 = ADVANCED_FACE('',(#10227),#10252,.F.);
#10227 = FACE_BOUND('',#10228,.F.);
#10228 = EDGE_LOOP('',(#10229,#10239,#10245,#10246));
#10229 = ORIENTED_EDGE('',*,*,#10230,.T.);
#10230 = EDGE_CURVE('',#10231,#10233,#10235,.T.);
#10231 = VERTEX_POINT('',#10232);
#10232 = CARTESIAN_POINT('',(0.864651235312,-5.2,10.));
#10233 = VERTEX_POINT('',#10234);
#10234 = CARTESIAN_POINT('',(0.864651235312,-5.2,9.6));
#10235 = LINE('',#10236,#10237);
#10236 = CARTESIAN_POINT('',(0.864651235312,-5.2,10.));
#10237 = VECTOR('',#10238,1.);
#10238 = DIRECTION('',(0.,0.,-1.));
#10239 = ORIENTED_EDGE('',*,*,#10240,.T.);
#10240 = EDGE_CURVE('',#10233,#10191,#10241,.T.);
#10241 = LINE('',#10242,#10243);
#10242 = CARTESIAN_POINT('',(0.864651235312,-5.2,9.6));
#10243 = VECTOR('',#10244,1.);
#10244 = DIRECTION('',(-1.,0.,0.));
#10245 = ORIENTED_EDGE('',*,*,#10188,.F.);
#10246 = ORIENTED_EDGE('',*,*,#10247,.F.);
#10247 = EDGE_CURVE('',#10231,#10189,#10248,.T.);
#10248 = LINE('',#10249,#10250);
#10249 = CARTESIAN_POINT('',(0.864651235312,-5.2,10.));
#10250 = VECTOR('',#10251,1.);
#10251 = DIRECTION('',(-1.,0.,0.));
#10252 = PLANE('',#10253);
#10253 = AXIS2_PLACEMENT_3D('',#10254,#10255,#10256);
#10254 = CARTESIAN_POINT('',(0.864651235312,-5.2,10.));
#10255 = DIRECTION('',(0.,1.,0.));
#10256 = DIRECTION('',(-1.,0.,0.));
#10257 = ADVANCED_FACE('',(#10258),#10283,.F.);
#10258 = FACE_BOUND('',#10259,.F.);
#10259 = EDGE_LOOP('',(#10260,#10270,#10276,#10277));
#10260 = ORIENTED_EDGE('',*,*,#10261,.T.);
#10261 = EDGE_CURVE('',#10262,#10264,#10266,.T.);
#10262 = VERTEX_POINT('',#10263);
#10263 = CARTESIAN_POINT('',(0.941292555786,-5.17009458457,10.));
#10264 = VERTEX_POINT('',#10265);
#10265 = CARTESIAN_POINT('',(0.941292555786,-5.17009458457,9.6));
#10266 = LINE('',#10267,#10268);
#10267 = CARTESIAN_POINT('',(0.941292555786,-5.17009458457,10.));
#10268 = VECTOR('',#10269,1.);
#10269 = DIRECTION('',(0.,0.,-1.));
#10270 = ORIENTED_EDGE('',*,*,#10271,.T.);
#10271 = EDGE_CURVE('',#10264,#10233,#10272,.T.);
#10272 = B_SPLINE_CURVE_WITH_KNOTS('',2,(#10273,#10274,#10275),
  .UNSPECIFIED.,.F.,.F.,(3,3),(0.,1.),.PIECEWISE_BEZIER_KNOTS.);
#10273 = CARTESIAN_POINT('',(0.941292555786,-5.17009458457,9.6));
#10274 = CARTESIAN_POINT('',(0.911526235312,-5.2,9.6));
#10275 = CARTESIAN_POINT('',(0.864651235312,-5.2,9.6));
#10276 = ORIENTED_EDGE('',*,*,#10230,.F.);
#10277 = ORIENTED_EDGE('',*,*,#10278,.F.);
#10278 = EDGE_CURVE('',#10262,#10231,#10279,.T.);
#10279 = B_SPLINE_CURVE_WITH_KNOTS('',2,(#10280,#10281,#10282),
  .UNSPECIFIED.,.F.,.F.,(3,3),(0.,1.),.PIECEWISE_BEZIER_KNOTS.);
#10280 = CARTESIAN_POINT('',(0.941292555786,-5.17009458457,10.));
#10281 = CARTESIAN_POINT('',(0.911526235312,-5.2,10.));
#10282 = CARTESIAN_POINT('',(0.864651235312,-5.2,10.));
#10283 = SURFACE_OF_LINEAR_EXTRUSION('',#10284,#10288);
#10284 = B_SPLINE_CURVE_WITH_KNOTS('',2,(#10285,#10286,#10287),
  .UNSPECIFIED.,.F.,.F.,(3,3),(0.,1.),.PIECEWISE_BEZIER_KNOTS.);
#10285 = CARTESIAN_POINT('',(0.941292555786,-5.17009458457,10.));
#10286 = CARTESIAN_POINT('',(0.911526235312,-5.2,10.));
#10287 = CARTESIAN_POINT('',(0.864651235312,-5.2,10.));
#10288 = VECTOR('',#10289,1.);
#10289 = DIRECTION('',(-0.,-0.,1.));
#10290 = ADVANCED_FACE('',(#10291),#10316,.F.);
#10291 = FACE_BOUND('',#10292,.F.);
#10292 = EDGE_LOOP('',(#10293,#10303,#10309,#10310));
#10293 = ORIENTED_EDGE('',*,*,#10294,.T.);
#10294 = EDGE_CURVE('',#10295,#10297,#10299,.T.);
#10295 = VERTEX_POINT('',#10296);
#10296 = CARTESIAN_POINT('',(0.971058876261,-5.093035979228,10.));
#10297 = VERTEX_POINT('',#10298);
#10298 = CARTESIAN_POINT('',(0.971058876261,-5.093035979228,9.6));
#10299 = LINE('',#10300,#10301);
#10300 = CARTESIAN_POINT('',(0.971058876261,-5.093035979228,10.));
#10301 = VECTOR('',#10302,1.);
#10302 = DIRECTION('',(0.,0.,-1.));
#10303 = ORIENTED_EDGE('',*,*,#10304,.T.);
#10304 = EDGE_CURVE('',#10297,#10264,#10305,.T.);
#10305 = B_SPLINE_CURVE_WITH_KNOTS('',2,(#10306,#10307,#10308),
  .UNSPECIFIED.,.F.,.F.,(3,3),(0.,1.),.PIECEWISE_BEZIER_KNOTS.);
#10306 = CARTESIAN_POINT('',(0.971058876261,-5.093035979228,9.6));
#10307 = CARTESIAN_POINT('',(0.971058876261,-5.140189169139,9.6));
#10308 = CARTESIAN_POINT('',(0.941292555786,-5.17009458457,9.6));
#10309 = ORIENTED_EDGE('',*,*,#10261,.F.);
#10310 = ORIENTED_EDGE('',*,*,#10311,.F.);
#10311 = EDGE_CURVE('',#10295,#10262,#10312,.T.);
#10312 = B_SPLINE_CURVE_WITH_KNOTS('',2,(#10313,#10314,#10315),
  .UNSPECIFIED.,.F.,.F.,(3,3),(0.,1.),.PIECEWISE_BEZIER_KNOTS.);
#10313 = CARTESIAN_POINT('',(0.971058876261,-5.093035979228,10.));
#10314 = CARTESIAN_POINT('',(0.971058876261,-5.140189169139,10.));
#10315 = CARTESIAN_POINT('',(0.941292555786,-5.17009458457,10.));
#10316 = SURFACE_OF_LINEAR_EXTRUSION('',#10317,#10321);
#10317 = B_SPLINE_CURVE_WITH_KNOTS('',2,(#10318,#10319,#10320),
  .UNSPECIFIED.,.F.,.F.,(3,3),(0.,1.),.PIECEWISE_BEZIER_KNOTS.);
#10318 = CARTESIAN_POINT('',(0.971058876261,-5.093035979228,10.));
#10319 = CARTESIAN_POINT('',(0.971058876261,-5.140189169139,10.));
#10320 = CARTESIAN_POINT('',(0.941292555786,-5.17009458457,10.));
#10321 = VECTOR('',#10322,1.);
#10322 = DIRECTION('',(-0.,-0.,1.));
#10323 = ADVANCED_FACE('',(#10324),#10349,.F.);
#10324 = FACE_BOUND('',#10325,.F.);
#10325 = EDGE_LOOP('',(#10326,#10336,#10342,#10343));
#10326 = ORIENTED_EDGE('',*,*,#10327,.T.);
#10327 = EDGE_CURVE('',#10328,#10330,#10332,.T.);
#10328 = VERTEX_POINT('',#10329);
#10329 = CARTESIAN_POINT('',(0.971058876261,-4.105044510386,10.));
#10330 = VERTEX_POINT('',#10331);
#10331 = CARTESIAN_POINT('',(0.971058876261,-4.105044510386,9.6));
#10332 = LINE('',#10333,#10334);
#10333 = CARTESIAN_POINT('',(0.971058876261,-4.105044510386,10.));
#10334 = VECTOR('',#10335,1.);
#10335 = DIRECTION('',(0.,0.,-1.));
#10336 = ORIENTED_EDGE('',*,*,#10337,.T.);
#10337 = EDGE_CURVE('',#10330,#10297,#10338,.T.);
#10338 = LINE('',#10339,#10340);
#10339 = CARTESIAN_POINT('',(0.971058876261,-4.105044510386,9.6));
#10340 = VECTOR('',#10341,1.);
#10341 = DIRECTION('',(0.,-1.,0.));
#10342 = ORIENTED_EDGE('',*,*,#10294,.F.);
#10343 = ORIENTED_EDGE('',*,*,#10344,.F.);
#10344 = EDGE_CURVE('',#10328,#10295,#10345,.T.);
#10345 = LINE('',#10346,#10347);
#10346 = CARTESIAN_POINT('',(0.971058876261,-4.105044510386,10.));
#10347 = VECTOR('',#10348,1.);
#10348 = DIRECTION('',(0.,-1.,0.));
#10349 = PLANE('',#10350);
#10350 = AXIS2_PLACEMENT_3D('',#10351,#10352,#10353);
#10351 = CARTESIAN_POINT('',(0.971058876261,-4.105044510386,10.));
#10352 = DIRECTION('',(-1.,-0.,-0.));
#10353 = DIRECTION('',(0.,-1.,0.));
#10354 = ADVANCED_FACE('',(#10355),#10380,.F.);
#10355 = FACE_BOUND('',#10356,.F.);
#10356 = EDGE_LOOP('',(#10357,#10367,#10373,#10374));
#10357 = ORIENTED_EDGE('',*,*,#10358,.T.);
#10358 = EDGE_CURVE('',#10359,#10361,#10363,.T.);
#10359 = VERTEX_POINT('',#10360);
#10360 = CARTESIAN_POINT('',(1.486822971217,-4.105044510386,10.));
#10361 = VERTEX_POINT('',#10362);
#10362 = CARTESIAN_POINT('',(1.486822971217,-4.105044510386,9.6));
#10363 = LINE('',#10364,#10365);
#10364 = CARTESIAN_POINT('',(1.486822971217,-4.105044510386,10.));
#10365 = VECTOR('',#10366,1.);
#10366 = DIRECTION('',(0.,0.,-1.));
#10367 = ORIENTED_EDGE('',*,*,#10368,.T.);
#10368 = EDGE_CURVE('',#10361,#10330,#10369,.T.);
#10369 = LINE('',#10370,#10371);
#10370 = CARTESIAN_POINT('',(1.486822971217,-4.105044510386,9.6));
#10371 = VECTOR('',#10372,1.);
#10372 = DIRECTION('',(-1.,0.,0.));
#10373 = ORIENTED_EDGE('',*,*,#10327,.F.);
#10374 = ORIENTED_EDGE('',*,*,#10375,.F.);
#10375 = EDGE_CURVE('',#10359,#10328,#10376,.T.);
#10376 = LINE('',#10377,#10378);
#10377 = CARTESIAN_POINT('',(1.486822971217,-4.105044510386,10.));
#10378 = VECTOR('',#10379,1.);
#10379 = DIRECTION('',(-1.,0.,0.));
#10380 = PLANE('',#10381);
#10381 = AXIS2_PLACEMENT_3D('',#10382,#10383,#10384);
#10382 = CARTESIAN_POINT('',(1.486822971217,-4.105044510386,10.));
#10383 = DIRECTION('',(0.,1.,0.));
#10384 = DIRECTION('',(-1.,0.,0.));
#10385 = ADVANCED_FACE('',(#10386),#10411,.F.);
#10386 = FACE_BOUND('',#10387,.F.);
#10387 = EDGE_LOOP('',(#10388,#10398,#10404,#10405));
#10388 = ORIENTED_EDGE('',*,*,#10389,.T.);
#10389 = EDGE_CURVE('',#10390,#10392,#10394,.T.);
#10390 = VERTEX_POINT('',#10391);
#10391 = CARTESIAN_POINT('',(2.009820003858,-5.084551186944,10.));
#10392 = VERTEX_POINT('',#10393);
#10393 = CARTESIAN_POINT('',(2.009820003858,-5.084551186944,9.6));
#10394 = LINE('',#10395,#10396);
#10395 = CARTESIAN_POINT('',(2.009820003858,-5.084551186944,10.));
#10396 = VECTOR('',#10397,1.);
#10397 = DIRECTION('',(0.,0.,-1.));
#10398 = ORIENTED_EDGE('',*,*,#10399,.T.);
#10399 = EDGE_CURVE('',#10392,#10361,#10400,.T.);
#10400 = LINE('',#10401,#10402);
#10401 = CARTESIAN_POINT('',(2.009820003858,-5.084551186944,9.6));
#10402 = VECTOR('',#10403,1.);
#10403 = DIRECTION('',(-0.47100429513,0.88213091657,0.));
#10404 = ORIENTED_EDGE('',*,*,#10358,.F.);
#10405 = ORIENTED_EDGE('',*,*,#10406,.F.);
#10406 = EDGE_CURVE('',#10390,#10359,#10407,.T.);
#10407 = LINE('',#10408,#10409);
#10408 = CARTESIAN_POINT('',(2.009820003858,-5.084551186944,10.));
#10409 = VECTOR('',#10410,1.);
#10410 = DIRECTION('',(-0.47100429513,0.88213091657,0.));
#10411 = PLANE('',#10412);
#10412 = AXIS2_PLACEMENT_3D('',#10413,#10414,#10415);
#10413 = CARTESIAN_POINT('',(2.009820003858,-5.084551186944,10.));
#10414 = DIRECTION('',(0.88213091657,0.47100429513,0.));
#10415 = DIRECTION('',(-0.47100429513,0.88213091657,0.));
#10416 = ADVANCED_FACE('',(#10417),#10442,.F.);
#10417 = FACE_BOUND('',#10418,.F.);
#10418 = EDGE_LOOP('',(#10419,#10429,#10435,#10436));
#10419 = ORIENTED_EDGE('',*,*,#10420,.T.);
#10420 = EDGE_CURVE('',#10421,#10423,#10425,.T.);
#10421 = VERTEX_POINT('',#10422);
#10422 = CARTESIAN_POINT('',(2.065457986053,-5.159384272997,10.));
#10423 = VERTEX_POINT('',#10424);
#10424 = CARTESIAN_POINT('',(2.065457986053,-5.159384272997,9.6));
#10425 = LINE('',#10426,#10427);
#10426 = CARTESIAN_POINT('',(2.065457986053,-5.159384272997,10.));
#10427 = VECTOR('',#10428,1.);
#10428 = DIRECTION('',(0.,0.,-1.));
#10429 = ORIENTED_EDGE('',*,*,#10430,.T.);
#10430 = EDGE_CURVE('',#10423,#10392,#10431,.T.);
#10431 = B_SPLINE_CURVE_WITH_KNOTS('',2,(#10432,#10433,#10434),
  .UNSPECIFIED.,.F.,.F.,(3,3),(0.,1.),.PIECEWISE_BEZIER_KNOTS.);
#10432 = CARTESIAN_POINT('',(2.065457986053,-5.159384272997,9.6));
#10433 = CARTESIAN_POINT('',(2.026928683383,-5.118768545994,9.6));
#10434 = CARTESIAN_POINT('',(2.009820003858,-5.084551186944,9.6));
#10435 = ORIENTED_EDGE('',*,*,#10389,.F.);
#10436 = ORIENTED_EDGE('',*,*,#10437,.F.);
#10437 = EDGE_CURVE('',#10421,#10390,#10438,.T.);
#10438 = B_SPLINE_CURVE_WITH_KNOTS('',2,(#10439,#10440,#10441),
  .UNSPECIFIED.,.F.,.F.,(3,3),(0.,1.),.PIECEWISE_BEZIER_KNOTS.);
#10439 = CARTESIAN_POINT('',(2.065457986053,-5.159384272997,10.));
#10440 = CARTESIAN_POINT('',(2.026928683383,-5.118768545994,10.));
#10441 = CARTESIAN_POINT('',(2.009820003858,-5.084551186944,10.));
#10442 = SURFACE_OF_LINEAR_EXTRUSION('',#10443,#10447);
#10443 = B_SPLINE_CURVE_WITH_KNOTS('',2,(#10444,#10445,#10446),
  .UNSPECIFIED.,.F.,.F.,(3,3),(0.,1.),.PIECEWISE_BEZIER_KNOTS.);
#10444 = CARTESIAN_POINT('',(2.065457986053,-5.159384272997,10.));
#10445 = CARTESIAN_POINT('',(2.026928683383,-5.118768545994,10.));
#10446 = CARTESIAN_POINT('',(2.009820003858,-5.084551186944,10.));
#10447 = VECTOR('',#10448,1.);
#10448 = DIRECTION('',(-0.,-0.,1.));
#10449 = ADVANCED_FACE('',(#10450),#10475,.F.);
#10450 = FACE_BOUND('',#10451,.F.);
#10451 = EDGE_LOOP('',(#10452,#10462,#10468,#10469));
#10452 = ORIENTED_EDGE('',*,*,#10453,.T.);
#10453 = EDGE_CURVE('',#10454,#10456,#10458,.T.);
#10454 = VERTEX_POINT('',#10455);
#10455 = CARTESIAN_POINT('',(2.181184989021,-5.2,10.));
#10456 = VERTEX_POINT('',#10457);
#10457 = CARTESIAN_POINT('',(2.181184989021,-5.2,9.6));
#10458 = LINE('',#10459,#10460);
#10459 = CARTESIAN_POINT('',(2.181184989021,-5.2,10.));
#10460 = VECTOR('',#10461,1.);
#10461 = DIRECTION('',(0.,0.,-1.));
#10462 = ORIENTED_EDGE('',*,*,#10463,.T.);
#10463 = EDGE_CURVE('',#10456,#10423,#10464,.T.);
#10464 = B_SPLINE_CURVE_WITH_KNOTS('',2,(#10465,#10466,#10467),
  .UNSPECIFIED.,.F.,.F.,(3,3),(0.,1.),.PIECEWISE_BEZIER_KNOTS.);
#10465 = CARTESIAN_POINT('',(2.181184989021,-5.2,9.6));
#10466 = CARTESIAN_POINT('',(2.10412638368,-5.2,9.6));
#10467 = CARTESIAN_POINT('',(2.065457986053,-5.159384272997,9.6));
#10468 = ORIENTED_EDGE('',*,*,#10420,.F.);
#10469 = ORIENTED_EDGE('',*,*,#10470,.F.);
#10470 = EDGE_CURVE('',#10454,#10421,#10471,.T.);
#10471 = B_SPLINE_CURVE_WITH_KNOTS('',2,(#10472,#10473,#10474),
  .UNSPECIFIED.,.F.,.F.,(3,3),(0.,1.),.PIECEWISE_BEZIER_KNOTS.);
#10472 = CARTESIAN_POINT('',(2.181184989021,-5.2,10.));
#10473 = CARTESIAN_POINT('',(2.10412638368,-5.2,10.));
#10474 = CARTESIAN_POINT('',(2.065457986053,-5.159384272997,10.));
#10475 = SURFACE_OF_LINEAR_EXTRUSION('',#10476,#10480);
#10476 = B_SPLINE_CURVE_WITH_KNOTS('',2,(#10477,#10478,#10479),
  .UNSPECIFIED.,.F.,.F.,(3,3),(0.,1.),.PIECEWISE_BEZIER_KNOTS.);
#10477 = CARTESIAN_POINT('',(2.181184989021,-5.2,10.));
#10478 = CARTESIAN_POINT('',(2.10412638368,-5.2,10.));
#10479 = CARTESIAN_POINT('',(2.065457986053,-5.159384272997,10.));
#10480 = VECTOR('',#10481,1.);
#10481 = DIRECTION('',(-0.,-0.,1.));
#10482 = ADVANCED_FACE('',(#10483),#10508,.F.);
#10483 = FACE_BOUND('',#10484,.F.);
#10484 = EDGE_LOOP('',(#10485,#10495,#10501,#10502));
#10485 = ORIENTED_EDGE('',*,*,#10486,.T.);
#10486 = EDGE_CURVE('',#10487,#10489,#10491,.T.);
#10487 = VERTEX_POINT('',#10488);
#10488 = CARTESIAN_POINT('',(2.656889736795,-5.2,10.));
#10489 = VERTEX_POINT('',#10490);
#10490 = CARTESIAN_POINT('',(2.656889736795,-5.2,9.6));
#10491 = LINE('',#10492,#10493);
#10492 = CARTESIAN_POINT('',(2.656889736795,-5.2,10.));
#10493 = VECTOR('',#10494,1.);
#10494 = DIRECTION('',(0.,0.,-1.));
#10495 = ORIENTED_EDGE('',*,*,#10496,.T.);
#10496 = EDGE_CURVE('',#10489,#10456,#10497,.T.);
#10497 = LINE('',#10498,#10499);
#10498 = CARTESIAN_POINT('',(2.656889736795,-5.2,9.6));
#10499 = VECTOR('',#10500,1.);
#10500 = DIRECTION('',(-1.,0.,0.));
#10501 = ORIENTED_EDGE('',*,*,#10453,.F.);
#10502 = ORIENTED_EDGE('',*,*,#10503,.F.);
#10503 = EDGE_CURVE('',#10487,#10454,#10504,.T.);
#10504 = LINE('',#10505,#10506);
#10505 = CARTESIAN_POINT('',(2.656889736795,-5.2,10.));
#10506 = VECTOR('',#10507,1.);
#10507 = DIRECTION('',(-1.,0.,0.));
#10508 = PLANE('',#10509);
#10509 = AXIS2_PLACEMENT_3D('',#10510,#10511,#10512);
#10510 = CARTESIAN_POINT('',(2.656889736795,-5.2,10.));
#10511 = DIRECTION('',(0.,1.,0.));
#10512 = DIRECTION('',(-1.,0.,0.));
#10513 = ADVANCED_FACE('',(#10514),#10539,.F.);
#10514 = FACE_BOUND('',#10515,.F.);
#10515 = EDGE_LOOP('',(#10516,#10526,#10532,#10533));
#10516 = ORIENTED_EDGE('',*,*,#10517,.T.);
#10517 = EDGE_CURVE('',#10518,#10520,#10522,.T.);
#10518 = VERTEX_POINT('',#10519);
#10519 = CARTESIAN_POINT('',(2.721290701187,-5.172320103858,10.));
#10520 = VERTEX_POINT('',#10521);
#10521 = CARTESIAN_POINT('',(2.721290701187,-5.172320103858,9.6));
#10522 = LINE('',#10523,#10524);
#10523 = CARTESIAN_POINT('',(2.721290701187,-5.172320103858,10.));
#10524 = VECTOR('',#10525,1.);
#10525 = DIRECTION('',(0.,0.,-1.));
#10526 = ORIENTED_EDGE('',*,*,#10527,.T.);
#10527 = EDGE_CURVE('',#10520,#10489,#10528,.T.);
#10528 = B_SPLINE_CURVE_WITH_KNOTS('',2,(#10529,#10530,#10531),
  .UNSPECIFIED.,.F.,.F.,(3,3),(0.,1.),.PIECEWISE_BEZIER_KNOTS.);
#10529 = CARTESIAN_POINT('',(2.721290701187,-5.172320103858,9.6));
#10530 = CARTESIAN_POINT('',(2.695558134421,-5.2,9.6));
#10531 = CARTESIAN_POINT('',(2.656889736795,-5.2,9.6));
#10532 = ORIENTED_EDGE('',*,*,#10486,.F.);
#10533 = ORIENTED_EDGE('',*,*,#10534,.F.);
#10534 = EDGE_CURVE('',#10518,#10487,#10535,.T.);
#10535 = B_SPLINE_CURVE_WITH_KNOTS('',2,(#10536,#10537,#10538),
  .UNSPECIFIED.,.F.,.F.,(3,3),(0.,1.),.PIECEWISE_BEZIER_KNOTS.);
#10536 = CARTESIAN_POINT('',(2.721290701187,-5.172320103858,10.));
#10537 = CARTESIAN_POINT('',(2.695558134421,-5.2,10.));
#10538 = CARTESIAN_POINT('',(2.656889736795,-5.2,10.));
#10539 = SURFACE_OF_LINEAR_EXTRUSION('',#10540,#10544);
#10540 = B_SPLINE_CURVE_WITH_KNOTS('',2,(#10541,#10542,#10543),
  .UNSPECIFIED.,.F.,.F.,(3,3),(0.,1.),.PIECEWISE_BEZIER_KNOTS.);
#10541 = CARTESIAN_POINT('',(2.721290701187,-5.172320103858,10.));
#10542 = CARTESIAN_POINT('',(2.695558134421,-5.2,10.));
#10543 = CARTESIAN_POINT('',(2.656889736795,-5.2,10.));
#10544 = VECTOR('',#10545,1.);
#10545 = DIRECTION('',(-0.,-0.,1.));
#10546 = ADVANCED_FACE('',(#10547),#10572,.F.);
#10547 = FACE_BOUND('',#10548,.F.);
#10548 = EDGE_LOOP('',(#10549,#10559,#10565,#10566));
#10549 = ORIENTED_EDGE('',*,*,#10550,.T.);
#10550 = EDGE_CURVE('',#10551,#10553,#10555,.T.);
#10551 = VERTEX_POINT('',#10552);
#10552 = CARTESIAN_POINT('',(2.747023267953,-5.110144658754,10.));
#10553 = VERTEX_POINT('',#10554);
#10554 = CARTESIAN_POINT('',(2.747023267953,-5.110144658754,9.6));
#10555 = LINE('',#10556,#10557);
#10556 = CARTESIAN_POINT('',(2.747023267953,-5.110144658754,10.));
#10557 = VECTOR('',#10558,1.);
#10558 = DIRECTION('',(0.,0.,-1.));
#10559 = ORIENTED_EDGE('',*,*,#10560,.T.);
#10560 = EDGE_CURVE('',#10553,#10520,#10561,.T.);
#10561 = B_SPLINE_CURVE_WITH_KNOTS('',2,(#10562,#10563,#10564),
  .UNSPECIFIED.,.F.,.F.,(3,3),(0.,1.),.PIECEWISE_BEZIER_KNOTS.);
#10562 = CARTESIAN_POINT('',(2.747023267953,-5.110144658754,9.6));
#10563 = CARTESIAN_POINT('',(2.747023267953,-5.14450111276,9.6));
#10564 = CARTESIAN_POINT('',(2.721290701187,-5.172320103858,9.6));
#10565 = ORIENTED_EDGE('',*,*,#10517,.F.);
#10566 = ORIENTED_EDGE('',*,*,#10567,.F.);
#10567 = EDGE_CURVE('',#10551,#10518,#10568,.T.);
#10568 = B_SPLINE_CURVE_WITH_KNOTS('',2,(#10569,#10570,#10571),
  .UNSPECIFIED.,.F.,.F.,(3,3),(0.,1.),.PIECEWISE_BEZIER_KNOTS.);
#10569 = CARTESIAN_POINT('',(2.747023267953,-5.110144658754,10.));
#10570 = CARTESIAN_POINT('',(2.747023267953,-5.14450111276,10.));
#10571 = CARTESIAN_POINT('',(2.721290701187,-5.172320103858,10.));
#10572 = SURFACE_OF_LINEAR_EXTRUSION('',#10573,#10577);
#10573 = B_SPLINE_CURVE_WITH_KNOTS('',2,(#10574,#10575,#10576),
  .UNSPECIFIED.,.F.,.F.,(3,3),(0.,1.),.PIECEWISE_BEZIER_KNOTS.);
#10574 = CARTESIAN_POINT('',(2.747023267953,-5.110144658754,10.));
#10575 = CARTESIAN_POINT('',(2.747023267953,-5.14450111276,10.));
#10576 = CARTESIAN_POINT('',(2.721290701187,-5.172320103858,10.));
#10577 = VECTOR('',#10578,1.);
#10578 = DIRECTION('',(-0.,-0.,1.));
#10579 = ADVANCED_FACE('',(#10580),#10605,.F.);
#10580 = FACE_BOUND('',#10581,.F.);
#10581 = EDGE_LOOP('',(#10582,#10592,#10598,#10599));
#10582 = ORIENTED_EDGE('',*,*,#10583,.T.);
#10583 = EDGE_CURVE('',#10584,#10586,#10588,.T.);
#10584 = VERTEX_POINT('',#10585);
#10585 = CARTESIAN_POINT('',(2.733948342136,-5.063130563798,10.));
#10586 = VERTEX_POINT('',#10587);
#10587 = CARTESIAN_POINT('',(2.733948342136,-5.063130563798,9.6));
#10588 = LINE('',#10589,#10590);
#10589 = CARTESIAN_POINT('',(2.733948342136,-5.063130563798,10.));
#10590 = VECTOR('',#10591,1.);
#10591 = DIRECTION('',(0.,0.,-1.));
#10592 = ORIENTED_EDGE('',*,*,#10593,.T.);
#10593 = EDGE_CURVE('',#10586,#10553,#10594,.T.);
#10594 = B_SPLINE_CURVE_WITH_KNOTS('',2,(#10595,#10596,#10597),
  .UNSPECIFIED.,.F.,.F.,(3,3),(0.,1.),.PIECEWISE_BEZIER_KNOTS.);
#10595 = CARTESIAN_POINT('',(2.733948342136,-5.063130563798,9.6));
#10596 = CARTESIAN_POINT('',(2.747023267953,-5.088724035608,9.6));
#10597 = CARTESIAN_POINT('',(2.747023267953,-5.110144658754,9.6));
#10598 = ORIENTED_EDGE('',*,*,#10550,.F.);
#10599 = ORIENTED_EDGE('',*,*,#10600,.F.);
#10600 = EDGE_CURVE('',#10584,#10551,#10601,.T.);
#10601 = B_SPLINE_CURVE_WITH_KNOTS('',2,(#10602,#10603,#10604),
  .UNSPECIFIED.,.F.,.F.,(3,3),(0.,1.),.PIECEWISE_BEZIER_KNOTS.);
#10602 = CARTESIAN_POINT('',(2.733948342136,-5.063130563798,10.));
#10603 = CARTESIAN_POINT('',(2.747023267953,-5.088724035608,10.));
#10604 = CARTESIAN_POINT('',(2.747023267953,-5.110144658754,10.));
#10605 = SURFACE_OF_LINEAR_EXTRUSION('',#10606,#10610);
#10606 = B_SPLINE_CURVE_WITH_KNOTS('',2,(#10607,#10608,#10609),
  .UNSPECIFIED.,.F.,.F.,(3,3),(0.,1.),.PIECEWISE_BEZIER_KNOTS.);
#10607 = CARTESIAN_POINT('',(2.733948342136,-5.063130563798,10.));
#10608 = CARTESIAN_POINT('',(2.747023267953,-5.088724035608,10.));
#10609 = CARTESIAN_POINT('',(2.747023267953,-5.110144658754,10.));
#10610 = VECTOR('',#10611,1.);
#10611 = DIRECTION('',(-0.,-0.,1.));
#10612 = ADVANCED_FACE('',(#10613),#10638,.F.);
#10613 = FACE_BOUND('',#10614,.F.);
#10614 = EDGE_LOOP('',(#10615,#10625,#10631,#10632));
#10615 = ORIENTED_EDGE('',*,*,#10616,.T.);
#10616 = EDGE_CURVE('',#10617,#10619,#10621,.T.);
#10617 = VERTEX_POINT('',#10618);
#10618 = CARTESIAN_POINT('',(2.127077051335,-3.99390764095,10.));
#10619 = VERTEX_POINT('',#10620);
#10620 = CARTESIAN_POINT('',(2.127077051335,-3.99390764095,9.6));
#10621 = LINE('',#10622,#10623);
#10622 = CARTESIAN_POINT('',(2.127077051335,-3.99390764095,10.));
#10623 = VECTOR('',#10624,1.);
#10624 = DIRECTION('',(0.,0.,-1.));
#10625 = ORIENTED_EDGE('',*,*,#10626,.T.);
#10626 = EDGE_CURVE('',#10619,#10586,#10627,.T.);
#10627 = LINE('',#10628,#10629);
#10628 = CARTESIAN_POINT('',(2.127077051335,-3.99390764095,9.6));
#10629 = VECTOR('',#10630,1.);
#10630 = DIRECTION('',(0.493614770375,-0.869680664651,0.));
#10631 = ORIENTED_EDGE('',*,*,#10583,.F.);
#10632 = ORIENTED_EDGE('',*,*,#10633,.F.);
#10633 = EDGE_CURVE('',#10617,#10584,#10634,.T.);
#10634 = LINE('',#10635,#10636);
#10635 = CARTESIAN_POINT('',(2.127077051335,-3.99390764095,10.));
#10636 = VECTOR('',#10637,1.);
#10637 = DIRECTION('',(0.493614770375,-0.869680664651,0.));
#10638 = PLANE('',#10639);
#10639 = AXIS2_PLACEMENT_3D('',#10640,#10641,#10642);
#10640 = CARTESIAN_POINT('',(2.127077051335,-3.99390764095,10.));
#10641 = DIRECTION('',(-0.869680664651,-0.493614770375,-0.));
#10642 = DIRECTION('',(0.493614770375,-0.869680664651,0.));
#10643 = ADVANCED_FACE('',(#10644),#10669,.F.);
#10644 = FACE_BOUND('',#10645,.F.);
#10645 = EDGE_LOOP('',(#10646,#10656,#10662,#10663));
#10646 = ORIENTED_EDGE('',*,*,#10647,.T.);
#10647 = EDGE_CURVE('',#10648,#10650,#10652,.T.);
#10648 = VERTEX_POINT('',#10649);
#10649 = CARTESIAN_POINT('',(2.530035137389,-3.680665801187,10.));
#10650 = VERTEX_POINT('',#10651);
#10651 = CARTESIAN_POINT('',(2.530035137389,-3.680665801187,9.6));
#10652 = LINE('',#10653,#10654);
#10653 = CARTESIAN_POINT('',(2.530035137389,-3.680665801187,10.));
#10654 = VECTOR('',#10655,1.);
#10655 = DIRECTION('',(0.,0.,-1.));
#10656 = ORIENTED_EDGE('',*,*,#10657,.T.);
#10657 = EDGE_CURVE('',#10650,#10619,#10658,.T.);
#10658 = B_SPLINE_CURVE_WITH_KNOTS('',2,(#10659,#10660,#10661),
  .UNSPECIFIED.,.F.,.F.,(3,3),(0.,1.),.PIECEWISE_BEZIER_KNOTS.);
#10659 = CARTESIAN_POINT('',(2.530035137389,-3.680665801187,9.6));
#10660 = CARTESIAN_POINT('',(2.379951680415,-3.890977373887,9.6));
#10661 = CARTESIAN_POINT('',(2.127077051335,-3.99390764095,9.6));
#10662 = ORIENTED_EDGE('',*,*,#10616,.F.);
#10663 = ORIENTED_EDGE('',*,*,#10664,.F.);
#10664 = EDGE_CURVE('',#10648,#10617,#10665,.T.);
#10665 = B_SPLINE_CURVE_WITH_KNOTS('',2,(#10666,#10667,#10668),
  .UNSPECIFIED.,.F.,.F.,(3,3),(0.,1.),.PIECEWISE_BEZIER_KNOTS.);
#10666 = CARTESIAN_POINT('',(2.530035137389,-3.680665801187,10.));
#10667 = CARTESIAN_POINT('',(2.379951680415,-3.890977373887,10.));
#10668 = CARTESIAN_POINT('',(2.127077051335,-3.99390764095,10.));
#10669 = SURFACE_OF_LINEAR_EXTRUSION('',#10670,#10674);
#10670 = B_SPLINE_CURVE_WITH_KNOTS('',2,(#10671,#10672,#10673),
  .UNSPECIFIED.,.F.,.F.,(3,3),(0.,1.),.PIECEWISE_BEZIER_KNOTS.);
#10671 = CARTESIAN_POINT('',(2.530035137389,-3.680665801187,10.));
#10672 = CARTESIAN_POINT('',(2.379951680415,-3.890977373887,10.));
#10673 = CARTESIAN_POINT('',(2.127077051335,-3.99390764095,10.));
#10674 = VECTOR('',#10675,1.);
#10675 = DIRECTION('',(-0.,-0.,1.));
#10676 = ADVANCED_FACE('',(#10677),#10702,.F.);
#10677 = FACE_BOUND('',#10678,.F.);
#10678 = EDGE_LOOP('',(#10679,#10689,#10695,#10696));
#10679 = ORIENTED_EDGE('',*,*,#10680,.T.);
#10680 = EDGE_CURVE('',#10681,#10683,#10685,.T.);
#10681 = VERTEX_POINT('',#10682);
#10682 = CARTESIAN_POINT('',(2.680257689318,-3.156973293769,10.));
#10683 = VERTEX_POINT('',#10684);
#10684 = CARTESIAN_POINT('',(2.680257689318,-3.156973293769,9.6));
#10685 = LINE('',#10686,#10687);
#10686 = CARTESIAN_POINT('',(2.680257689318,-3.156973293769,10.));
#10687 = VECTOR('',#10688,1.);
#10688 = DIRECTION('',(0.,0.,-1.));
#10689 = ORIENTED_EDGE('',*,*,#10690,.T.);
#10690 = EDGE_CURVE('',#10683,#10650,#10691,.T.);
#10691 = B_SPLINE_CURVE_WITH_KNOTS('',2,(#10692,#10693,#10694),
  .UNSPECIFIED.,.F.,.F.,(3,3),(0.,1.),.PIECEWISE_BEZIER_KNOTS.);
#10692 = CARTESIAN_POINT('',(2.680257689318,-3.156973293769,9.6));
#10693 = CARTESIAN_POINT('',(2.680257689318,-3.470215133531,9.6));
#10694 = CARTESIAN_POINT('',(2.530035137389,-3.680665801187,9.6));
#10695 = ORIENTED_EDGE('',*,*,#10647,.F.);
#10696 = ORIENTED_EDGE('',*,*,#10697,.F.);
#10697 = EDGE_CURVE('',#10681,#10648,#10698,.T.);
#10698 = B_SPLINE_CURVE_WITH_KNOTS('',2,(#10699,#10700,#10701),
  .UNSPECIFIED.,.F.,.F.,(3,3),(0.,1.),.PIECEWISE_BEZIER_KNOTS.);
#10699 = CARTESIAN_POINT('',(2.680257689318,-3.156973293769,10.));
#10700 = CARTESIAN_POINT('',(2.680257689318,-3.470215133531,10.));
#10701 = CARTESIAN_POINT('',(2.530035137389,-3.680665801187,10.));
#10702 = SURFACE_OF_LINEAR_EXTRUSION('',#10703,#10707);
#10703 = B_SPLINE_CURVE_WITH_KNOTS('',2,(#10704,#10705,#10706),
  .UNSPECIFIED.,.F.,.F.,(3,3),(0.,1.),.PIECEWISE_BEZIER_KNOTS.);
#10704 = CARTESIAN_POINT('',(2.680257689318,-3.156973293769,10.));
#10705 = CARTESIAN_POINT('',(2.680257689318,-3.470215133531,10.));
#10706 = CARTESIAN_POINT('',(2.530035137389,-3.680665801187,10.));
#10707 = VECTOR('',#10708,1.);
#10708 = DIRECTION('',(-0.,-0.,1.));
#10709 = ADVANCED_FACE('',(#10710),#10735,.F.);
#10710 = FACE_BOUND('',#10711,.F.);
#10711 = EDGE_LOOP('',(#10712,#10722,#10728,#10729));
#10712 = ORIENTED_EDGE('',*,*,#10713,.T.);
#10713 = EDGE_CURVE('',#10714,#10716,#10718,.T.);
#10714 = VERTEX_POINT('',#10715);
#10715 = CARTESIAN_POINT('',(2.372857837685,-2.446754451039,10.));
#10716 = VERTEX_POINT('',#10717);
#10717 = CARTESIAN_POINT('',(2.372857837685,-2.446754451039,9.6));
#10718 = LINE('',#10719,#10720);
#10719 = CARTESIAN_POINT('',(2.372857837685,-2.446754451039,10.));
#10720 = VECTOR('',#10721,1.);
#10721 = DIRECTION('',(0.,0.,-1.));
#10722 = ORIENTED_EDGE('',*,*,#10723,.T.);
#10723 = EDGE_CURVE('',#10716,#10683,#10724,.T.);
#10724 = B_SPLINE_CURVE_WITH_KNOTS('',2,(#10725,#10726,#10727),
  .UNSPECIFIED.,.F.,.F.,(3,3),(0.,1.),.PIECEWISE_BEZIER_KNOTS.);
#10725 = CARTESIAN_POINT('',(2.372857837685,-2.446754451039,9.6));
#10726 = CARTESIAN_POINT('',(2.680257689318,-2.693508902077,9.6));
#10727 = CARTESIAN_POINT('',(2.680257689318,-3.156973293769,9.6));
#10728 = ORIENTED_EDGE('',*,*,#10680,.F.);
#10729 = ORIENTED_EDGE('',*,*,#10730,.F.);
#10730 = EDGE_CURVE('',#10714,#10681,#10731,.T.);
#10731 = B_SPLINE_CURVE_WITH_KNOTS('',2,(#10732,#10733,#10734),
  .UNSPECIFIED.,.F.,.F.,(3,3),(0.,1.),.PIECEWISE_BEZIER_KNOTS.);
#10732 = CARTESIAN_POINT('',(2.372857837685,-2.446754451039,10.));
#10733 = CARTESIAN_POINT('',(2.680257689318,-2.693508902077,10.));
#10734 = CARTESIAN_POINT('',(2.680257689318,-3.156973293769,10.));
#10735 = SURFACE_OF_LINEAR_EXTRUSION('',#10736,#10740);
#10736 = B_SPLINE_CURVE_WITH_KNOTS('',2,(#10737,#10738,#10739),
  .UNSPECIFIED.,.F.,.F.,(3,3),(0.,1.),.PIECEWISE_BEZIER_KNOTS.);
#10737 = CARTESIAN_POINT('',(2.372857837685,-2.446754451039,10.));
#10738 = CARTESIAN_POINT('',(2.680257689318,-2.693508902077,10.));
#10739 = CARTESIAN_POINT('',(2.680257689318,-3.156973293769,10.));
#10740 = VECTOR('',#10741,1.);
#10741 = DIRECTION('',(-0.,-0.,1.));
#10742 = ADVANCED_FACE('',(#10743),#10768,.F.);
#10743 = FACE_BOUND('',#10744,.F.);
#10744 = EDGE_LOOP('',(#10745,#10755,#10761,#10762));
#10745 = ORIENTED_EDGE('',*,*,#10746,.T.);
#10746 = EDGE_CURVE('',#10747,#10749,#10751,.T.);
#10747 = VERTEX_POINT('',#10748);
#10748 = CARTESIAN_POINT('',(1.532167926706,-2.2,10.));
#10749 = VERTEX_POINT('',#10750);
#10750 = CARTESIAN_POINT('',(1.532167926706,-2.2,9.6));
#10751 = LINE('',#10752,#10753);
#10752 = CARTESIAN_POINT('',(1.532167926706,-2.2,10.));
#10753 = VECTOR('',#10754,1.);
#10754 = DIRECTION('',(0.,0.,-1.));
#10755 = ORIENTED_EDGE('',*,*,#10756,.T.);
#10756 = EDGE_CURVE('',#10749,#10716,#10757,.T.);
#10757 = B_SPLINE_CURVE_WITH_KNOTS('',2,(#10758,#10759,#10760),
  .UNSPECIFIED.,.F.,.F.,(3,3),(0.,1.),.PIECEWISE_BEZIER_KNOTS.);
#10758 = CARTESIAN_POINT('',(1.532167926706,-2.2,9.6));
#10759 = CARTESIAN_POINT('',(2.065597081009,-2.2,9.6));
#10760 = CARTESIAN_POINT('',(2.372857837685,-2.446754451039,9.6));
#10761 = ORIENTED_EDGE('',*,*,#10713,.F.);
#10762 = ORIENTED_EDGE('',*,*,#10763,.F.);
#10763 = EDGE_CURVE('',#10747,#10714,#10764,.T.);
#10764 = B_SPLINE_CURVE_WITH_KNOTS('',2,(#10765,#10766,#10767),
  .UNSPECIFIED.,.F.,.F.,(3,3),(0.,1.),.PIECEWISE_BEZIER_KNOTS.);
#10765 = CARTESIAN_POINT('',(1.532167926706,-2.2,10.));
#10766 = CARTESIAN_POINT('',(2.065597081009,-2.2,10.));
#10767 = CARTESIAN_POINT('',(2.372857837685,-2.446754451039,10.));
#10768 = SURFACE_OF_LINEAR_EXTRUSION('',#10769,#10773);
#10769 = B_SPLINE_CURVE_WITH_KNOTS('',2,(#10770,#10771,#10772),
  .UNSPECIFIED.,.F.,.F.,(3,3),(0.,1.),.PIECEWISE_BEZIER_KNOTS.);
#10770 = CARTESIAN_POINT('',(1.532167926706,-2.2,10.));
#10771 = CARTESIAN_POINT('',(2.065597081009,-2.2,10.));
#10772 = CARTESIAN_POINT('',(2.372857837685,-2.446754451039,10.));
#10773 = VECTOR('',#10774,1.);
#10774 = DIRECTION('',(-0.,-0.,1.));
#10775 = ADVANCED_FACE('',(#10776),#10801,.F.);
#10776 = FACE_BOUND('',#10777,.F.);
#10777 = EDGE_LOOP('',(#10778,#10788,#10794,#10795));
#10778 = ORIENTED_EDGE('',*,*,#10779,.T.);
#10779 = EDGE_CURVE('',#10780,#10782,#10784,.T.);
#10780 = VERTEX_POINT('',#10781);
#10781 = CARTESIAN_POINT('',(0.40118684362,-2.2,10.));
#10782 = VERTEX_POINT('',#10783);
#10783 = CARTESIAN_POINT('',(0.40118684362,-2.2,9.6));
#10784 = LINE('',#10785,#10786);
#10785 = CARTESIAN_POINT('',(0.40118684362,-2.2,10.));
#10786 = VECTOR('',#10787,1.);
#10787 = DIRECTION('',(0.,0.,-1.));
#10788 = ORIENTED_EDGE('',*,*,#10789,.T.);
#10789 = EDGE_CURVE('',#10782,#10749,#10790,.T.);
#10790 = LINE('',#10791,#10792);
#10791 = CARTESIAN_POINT('',(0.40118684362,-2.2,9.6));
#10792 = VECTOR('',#10793,1.);
#10793 = DIRECTION('',(1.,0.,0.));
#10794 = ORIENTED_EDGE('',*,*,#10746,.F.);
#10795 = ORIENTED_EDGE('',*,*,#10796,.F.);
#10796 = EDGE_CURVE('',#10780,#10747,#10797,.T.);
#10797 = LINE('',#10798,#10799);
#10798 = CARTESIAN_POINT('',(0.40118684362,-2.2,10.));
#10799 = VECTOR('',#10800,1.);
#10800 = DIRECTION('',(1.,0.,0.));
#10801 = PLANE('',#10802);
#10802 = AXIS2_PLACEMENT_3D('',#10803,#10804,#10805);
#10803 = CARTESIAN_POINT('',(0.40118684362,-2.2,10.));
#10804 = DIRECTION('',(0.,-1.,0.));
#10805 = DIRECTION('',(1.,0.,0.));
#10806 = ADVANCED_FACE('',(#10807),#10832,.F.);
#10807 = FACE_BOUND('',#10808,.F.);
#10808 = EDGE_LOOP('',(#10809,#10819,#10825,#10826));
#10809 = ORIENTED_EDGE('',*,*,#10810,.T.);
#10810 = EDGE_CURVE('',#10811,#10813,#10815,.T.);
#10811 = VERTEX_POINT('',#10812);
#10812 = CARTESIAN_POINT('',(0.324267333234,-2.230044510386,10.));
#10813 = VERTEX_POINT('',#10814);
#10814 = CARTESIAN_POINT('',(0.324267333234,-2.230044510386,9.6));
#10815 = LINE('',#10816,#10817);
#10816 = CARTESIAN_POINT('',(0.324267333234,-2.230044510386,10.));
#10817 = VECTOR('',#10818,1.);
#10818 = DIRECTION('',(0.,0.,-1.));
#10819 = ORIENTED_EDGE('',*,*,#10820,.T.);
#10820 = EDGE_CURVE('',#10813,#10782,#10821,.T.);
#10821 = B_SPLINE_CURVE_WITH_KNOTS('',2,(#10822,#10823,#10824),
  .UNSPECIFIED.,.F.,.F.,(3,3),(0.,1.),.PIECEWISE_BEZIER_KNOTS.);
#10822 = CARTESIAN_POINT('',(0.324267333234,-2.230044510386,9.6));
#10823 = CARTESIAN_POINT('',(0.354172748665,-2.2,9.6));
#10824 = CARTESIAN_POINT('',(0.40118684362,-2.2,9.6));
#10825 = ORIENTED_EDGE('',*,*,#10779,.F.);
#10826 = ORIENTED_EDGE('',*,*,#10827,.F.);
#10827 = EDGE_CURVE('',#10811,#10780,#10828,.T.);
#10828 = B_SPLINE_CURVE_WITH_KNOTS('',2,(#10829,#10830,#10831),
  .UNSPECIFIED.,.F.,.F.,(3,3),(0.,1.),.PIECEWISE_BEZIER_KNOTS.);
#10829 = CARTESIAN_POINT('',(0.324267333234,-2.230044510386,10.));
#10830 = CARTESIAN_POINT('',(0.354172748665,-2.2,10.));
#10831 = CARTESIAN_POINT('',(0.40118684362,-2.2,10.));
#10832 = SURFACE_OF_LINEAR_EXTRUSION('',#10833,#10837);
#10833 = B_SPLINE_CURVE_WITH_KNOTS('',2,(#10834,#10835,#10836),
  .UNSPECIFIED.,.F.,.F.,(3,3),(0.,1.),.PIECEWISE_BEZIER_KNOTS.);
#10834 = CARTESIAN_POINT('',(0.324267333234,-2.230044510386,10.));
#10835 = CARTESIAN_POINT('',(0.354172748665,-2.2,10.));
#10836 = CARTESIAN_POINT('',(0.40118684362,-2.2,10.));
#10837 = VECTOR('',#10838,1.);
#10838 = DIRECTION('',(-0.,-0.,1.));
#10839 = ADVANCED_FACE('',(#10840),#10865,.F.);
#10840 = FACE_BOUND('',#10841,.F.);
#10841 = EDGE_LOOP('',(#10842,#10852,#10858,#10859));
#10842 = ORIENTED_EDGE('',*,*,#10843,.T.);
#10843 = EDGE_CURVE('',#10844,#10846,#10848,.T.);
#10844 = VERTEX_POINT('',#10845);
#10845 = CARTESIAN_POINT('',(0.29450101276,-2.307103115727,10.));
#10846 = VERTEX_POINT('',#10847);
#10847 = CARTESIAN_POINT('',(0.29450101276,-2.307103115727,9.6));
#10848 = LINE('',#10849,#10850);
#10849 = CARTESIAN_POINT('',(0.29450101276,-2.307103115727,10.));
#10850 = VECTOR('',#10851,1.);
#10851 = DIRECTION('',(0.,0.,-1.));
#10852 = ORIENTED_EDGE('',*,*,#10853,.T.);
#10853 = EDGE_CURVE('',#10846,#10813,#10854,.T.);
#10854 = B_SPLINE_CURVE_WITH_KNOTS('',2,(#10855,#10856,#10857),
  .UNSPECIFIED.,.F.,.F.,(3,3),(0.,1.),.PIECEWISE_BEZIER_KNOTS.);
#10855 = CARTESIAN_POINT('',(0.29450101276,-2.307103115727,9.6));
#10856 = CARTESIAN_POINT('',(0.29450101276,-2.259949925816,9.6));
#10857 = CARTESIAN_POINT('',(0.324267333234,-2.230044510386,9.6));
#10858 = ORIENTED_EDGE('',*,*,#10810,.F.);
#10859 = ORIENTED_EDGE('',*,*,#10860,.F.);
#10860 = EDGE_CURVE('',#10844,#10811,#10861,.T.);
#10861 = B_SPLINE_CURVE_WITH_KNOTS('',2,(#10862,#10863,#10864),
  .UNSPECIFIED.,.F.,.F.,(3,3),(0.,1.),.PIECEWISE_BEZIER_KNOTS.);
#10862 = CARTESIAN_POINT('',(0.29450101276,-2.307103115727,10.));
#10863 = CARTESIAN_POINT('',(0.29450101276,-2.259949925816,10.));
#10864 = CARTESIAN_POINT('',(0.324267333234,-2.230044510386,10.));
#10865 = SURFACE_OF_LINEAR_EXTRUSION('',#10866,#10870);
#10866 = B_SPLINE_CURVE_WITH_KNOTS('',2,(#10867,#10868,#10869),
  .UNSPECIFIED.,.F.,.F.,(3,3),(0.,1.),.PIECEWISE_BEZIER_KNOTS.);
#10867 = CARTESIAN_POINT('',(0.29450101276,-2.307103115727,10.));
#10868 = CARTESIAN_POINT('',(0.29450101276,-2.259949925816,10.));
#10869 = CARTESIAN_POINT('',(0.324267333234,-2.230044510386,10.));
#10870 = VECTOR('',#10871,1.);
#10871 = DIRECTION('',(-0.,-0.,1.));
#10872 = ADVANCED_FACE('',(#10873),#10898,.F.);
#10873 = FACE_BOUND('',#10874,.F.);
#10874 = EDGE_LOOP('',(#10875,#10885,#10891,#10892));
#10875 = ORIENTED_EDGE('',*,*,#10876,.T.);
#10876 = EDGE_CURVE('',#10877,#10879,#10881,.T.);
#10877 = VERTEX_POINT('',#10878);
#10878 = CARTESIAN_POINT('',(0.29450101276,-5.092757789318,10.));
#10879 = VERTEX_POINT('',#10880);
#10880 = CARTESIAN_POINT('',(0.29450101276,-5.092757789318,9.6));
#10881 = LINE('',#10882,#10883);
#10882 = CARTESIAN_POINT('',(0.29450101276,-5.092757789318,10.));
#10883 = VECTOR('',#10884,1.);
#10884 = DIRECTION('',(0.,0.,-1.));
#10885 = ORIENTED_EDGE('',*,*,#10886,.T.);
#10886 = EDGE_CURVE('',#10879,#10846,#10887,.T.);
#10887 = LINE('',#10888,#10889);
#10888 = CARTESIAN_POINT('',(0.29450101276,-5.092757789318,9.6));
#10889 = VECTOR('',#10890,1.);
#10890 = DIRECTION('',(0.,1.,0.));
#10891 = ORIENTED_EDGE('',*,*,#10843,.F.);
#10892 = ORIENTED_EDGE('',*,*,#10893,.F.);
#10893 = EDGE_CURVE('',#10877,#10844,#10894,.T.);
#10894 = LINE('',#10895,#10896);
#10895 = CARTESIAN_POINT('',(0.29450101276,-5.092757789318,10.));
#10896 = VECTOR('',#10897,1.);
#10897 = DIRECTION('',(0.,1.,0.));
#10898 = PLANE('',#10899);
#10899 = AXIS2_PLACEMENT_3D('',#10900,#10901,#10902);
#10900 = CARTESIAN_POINT('',(0.29450101276,-5.092757789318,10.));
#10901 = DIRECTION('',(1.,-0.,0.));
#10902 = DIRECTION('',(0.,1.,0.));
#10903 = ADVANCED_FACE('',(#10904),#10920,.F.);
#10904 = FACE_BOUND('',#10905,.F.);
#10905 = EDGE_LOOP('',(#10906,#10907,#10913,#10914));
#10906 = ORIENTED_EDGE('',*,*,#10206,.T.);
#10907 = ORIENTED_EDGE('',*,*,#10908,.T.);
#10908 = EDGE_CURVE('',#10199,#10879,#10909,.T.);
#10909 = B_SPLINE_CURVE_WITH_KNOTS('',2,(#10910,#10911,#10912),
  .UNSPECIFIED.,.F.,.F.,(3,3),(0.,1.),.PIECEWISE_BEZIER_KNOTS.);
#10910 = CARTESIAN_POINT('',(0.324267333234,-5.17009458457,9.6));
#10911 = CARTESIAN_POINT('',(0.29450101276,-5.140050074184,9.6));
#10912 = CARTESIAN_POINT('',(0.29450101276,-5.092757789318,9.6));
#10913 = ORIENTED_EDGE('',*,*,#10876,.F.);
#10914 = ORIENTED_EDGE('',*,*,#10915,.F.);
#10915 = EDGE_CURVE('',#10207,#10877,#10916,.T.);
#10916 = B_SPLINE_CURVE_WITH_KNOTS('',2,(#10917,#10918,#10919),
  .UNSPECIFIED.,.F.,.F.,(3,3),(0.,1.),.PIECEWISE_BEZIER_KNOTS.);
#10917 = CARTESIAN_POINT('',(0.324267333234,-5.17009458457,10.));
#10918 = CARTESIAN_POINT('',(0.29450101276,-5.140050074184,10.));
#10919 = CARTESIAN_POINT('',(0.29450101276,-5.092757789318,10.));
#10920 = SURFACE_OF_LINEAR_EXTRUSION('',#10921,#10925);
#10921 = B_SPLINE_CURVE_WITH_KNOTS('',2,(#10922,#10923,#10924),
  .UNSPECIFIED.,.F.,.F.,(3,3),(0.,1.),.PIECEWISE_BEZIER_KNOTS.);
#10922 = CARTESIAN_POINT('',(0.324267333234,-5.17009458457,10.));
#10923 = CARTESIAN_POINT('',(0.29450101276,-5.140050074184,10.));
#10924 = CARTESIAN_POINT('',(0.29450101276,-5.092757789318,10.));
#10925 = VECTOR('',#10926,1.);
#10926 = DIRECTION('',(-0.,-0.,1.));
#10927 = ADVANCED_FACE('',(#10928),#10962,.F.);
#10928 = FACE_BOUND('',#10929,.F.);
#10929 = EDGE_LOOP('',(#10930,#10940,#10948,#10956));
#10930 = ORIENTED_EDGE('',*,*,#10931,.T.);
#10931 = EDGE_CURVE('',#10932,#10934,#10936,.T.);
#10932 = VERTEX_POINT('',#10933);
#10933 = CARTESIAN_POINT('',(0.971058876261,-3.562017804154,10.));
#10934 = VERTEX_POINT('',#10935);
#10935 = CARTESIAN_POINT('',(0.971058876261,-3.562017804154,9.6));
#10936 = LINE('',#10937,#10938);
#10937 = CARTESIAN_POINT('',(0.971058876261,-3.562017804154,10.));
#10938 = VECTOR('',#10939,1.);
#10939 = DIRECTION('',(0.,0.,-1.));
#10940 = ORIENTED_EDGE('',*,*,#10941,.T.);
#10941 = EDGE_CURVE('',#10934,#10942,#10944,.T.);
#10942 = VERTEX_POINT('',#10943);
#10943 = CARTESIAN_POINT('',(1.516589291691,-3.562017804154,9.6));
#10944 = LINE('',#10945,#10946);
#10945 = CARTESIAN_POINT('',(0.971058876261,-3.562017804154,9.6));
#10946 = VECTOR('',#10947,1.);
#10947 = DIRECTION('',(1.,0.,0.));
#10948 = ORIENTED_EDGE('',*,*,#10949,.F.);
#10949 = EDGE_CURVE('',#10950,#10942,#10952,.T.);
#10950 = VERTEX_POINT('',#10951);
#10951 = CARTESIAN_POINT('',(1.516589291691,-3.562017804154,10.));
#10952 = LINE('',#10953,#10954);
#10953 = CARTESIAN_POINT('',(1.516589291691,-3.562017804154,10.));
#10954 = VECTOR('',#10955,1.);
#10955 = DIRECTION('',(0.,0.,-1.));
#10956 = ORIENTED_EDGE('',*,*,#10957,.F.);
#10957 = EDGE_CURVE('',#10932,#10950,#10958,.T.);
#10958 = LINE('',#10959,#10960);
#10959 = CARTESIAN_POINT('',(0.971058876261,-3.562017804154,10.));
#10960 = VECTOR('',#10961,1.);
#10961 = DIRECTION('',(1.,0.,0.));
#10962 = PLANE('',#10963);
#10963 = AXIS2_PLACEMENT_3D('',#10964,#10965,#10966);
#10964 = CARTESIAN_POINT('',(0.971058876261,-3.562017804154,10.));
#10965 = DIRECTION('',(0.,-1.,0.));
#10966 = DIRECTION('',(1.,0.,0.));
#10967 = ADVANCED_FACE('',(#10968),#10993,.F.);
#10968 = FACE_BOUND('',#10969,.F.);
#10969 = EDGE_LOOP('',(#10970,#10980,#10986,#10987));
#10970 = ORIENTED_EDGE('',*,*,#10971,.T.);
#10971 = EDGE_CURVE('',#10972,#10974,#10976,.T.);
#10972 = VERTEX_POINT('',#10973);
#10973 = CARTESIAN_POINT('',(0.971058876261,-2.73412462908,10.));
#10974 = VERTEX_POINT('',#10975);
#10975 = CARTESIAN_POINT('',(0.971058876261,-2.73412462908,9.6));
#10976 = LINE('',#10977,#10978);
#10977 = CARTESIAN_POINT('',(0.971058876261,-2.73412462908,10.));
#10978 = VECTOR('',#10979,1.);
#10979 = DIRECTION('',(0.,0.,-1.));
#10980 = ORIENTED_EDGE('',*,*,#10981,.T.);
#10981 = EDGE_CURVE('',#10974,#10934,#10982,.T.);
#10982 = LINE('',#10983,#10984);
#10983 = CARTESIAN_POINT('',(0.971058876261,-2.73412462908,9.6));
#10984 = VECTOR('',#10985,1.);
#10985 = DIRECTION('',(0.,-1.,0.));
#10986 = ORIENTED_EDGE('',*,*,#10931,.F.);
#10987 = ORIENTED_EDGE('',*,*,#10988,.F.);
#10988 = EDGE_CURVE('',#10972,#10932,#10989,.T.);
#10989 = LINE('',#10990,#10991);
#10990 = CARTESIAN_POINT('',(0.971058876261,-2.73412462908,10.));
#10991 = VECTOR('',#10992,1.);
#10992 = DIRECTION('',(0.,-1.,0.));
#10993 = PLANE('',#10994);
#10994 = AXIS2_PLACEMENT_3D('',#10995,#10996,#10997);
#10995 = CARTESIAN_POINT('',(0.971058876261,-2.73412462908,10.));
#10996 = DIRECTION('',(-1.,-0.,-0.));
#10997 = DIRECTION('',(0.,-1.,0.));
#10998 = ADVANCED_FACE('',(#10999),#11024,.F.);
#10999 = FACE_BOUND('',#11000,.F.);
#11000 = EDGE_LOOP('',(#11001,#11011,#11017,#11018));
#11001 = ORIENTED_EDGE('',*,*,#11002,.T.);
#11002 = EDGE_CURVE('',#11003,#11005,#11007,.T.);
#11003 = VERTEX_POINT('',#11004);
#11004 = CARTESIAN_POINT('',(1.516589291691,-2.73412462908,10.));
#11005 = VERTEX_POINT('',#11006);
#11006 = CARTESIAN_POINT('',(1.516589291691,-2.73412462908,9.6));
#11007 = LINE('',#11008,#11009);
#11008 = CARTESIAN_POINT('',(1.516589291691,-2.73412462908,10.));
#11009 = VECTOR('',#11010,1.);
#11010 = DIRECTION('',(0.,0.,-1.));
#11011 = ORIENTED_EDGE('',*,*,#11012,.T.);
#11012 = EDGE_CURVE('',#11005,#10974,#11013,.T.);
#11013 = LINE('',#11014,#11015);
#11014 = CARTESIAN_POINT('',(1.516589291691,-2.73412462908,9.6));
#11015 = VECTOR('',#11016,1.);
#11016 = DIRECTION('',(-1.,0.,0.));
#11017 = ORIENTED_EDGE('',*,*,#10971,.F.);
#11018 = ORIENTED_EDGE('',*,*,#11019,.F.);
#11019 = EDGE_CURVE('',#11003,#10972,#11020,.T.);
#11020 = LINE('',#11021,#11022);
#11021 = CARTESIAN_POINT('',(1.516589291691,-2.73412462908,10.));
#11022 = VECTOR('',#11023,1.);
#11023 = DIRECTION('',(-1.,0.,0.));
#11024 = PLANE('',#11025);
#11025 = AXIS2_PLACEMENT_3D('',#11026,#11027,#11028);
#11026 = CARTESIAN_POINT('',(1.516589291691,-2.73412462908,10.));
#11027 = DIRECTION('',(0.,1.,0.));
#11028 = DIRECTION('',(-1.,0.,0.));
#11029 = ADVANCED_FACE('',(#11030),#11055,.F.);
#11030 = FACE_BOUND('',#11031,.F.);
#11031 = EDGE_LOOP('',(#11032,#11042,#11048,#11049));
#11032 = ORIENTED_EDGE('',*,*,#11033,.T.);
#11033 = EDGE_CURVE('',#11034,#11036,#11038,.T.);
#11034 = VERTEX_POINT('',#11035);
#11035 = CARTESIAN_POINT('',(1.866134914837,-2.846235163205,10.));
#11036 = VERTEX_POINT('',#11037);
#11037 = CARTESIAN_POINT('',(1.866134914837,-2.846235163205,9.6));
#11038 = LINE('',#11039,#11040);
#11039 = CARTESIAN_POINT('',(1.866134914837,-2.846235163205,10.));
#11040 = VECTOR('',#11041,1.);
#11041 = DIRECTION('',(0.,0.,-1.));
#11042 = ORIENTED_EDGE('',*,*,#11043,.T.);
#11043 = EDGE_CURVE('',#11036,#11005,#11044,.T.);
#11044 = B_SPLINE_CURVE_WITH_KNOTS('',2,(#11045,#11046,#11047),
  .UNSPECIFIED.,.F.,.F.,(3,3),(0.,1.),.PIECEWISE_BEZIER_KNOTS.);
#11045 = CARTESIAN_POINT('',(1.866134914837,-2.846235163205,9.6));
#11046 = CARTESIAN_POINT('',(1.755276235312,-2.73412462908,9.6));
#11047 = CARTESIAN_POINT('',(1.516589291691,-2.73412462908,9.6));
#11048 = ORIENTED_EDGE('',*,*,#11002,.F.);
#11049 = ORIENTED_EDGE('',*,*,#11050,.F.);
#11050 = EDGE_CURVE('',#11034,#11003,#11051,.T.);
#11051 = B_SPLINE_CURVE_WITH_KNOTS('',2,(#11052,#11053,#11054),
  .UNSPECIFIED.,.F.,.F.,(3,3),(0.,1.),.PIECEWISE_BEZIER_KNOTS.);
#11052 = CARTESIAN_POINT('',(1.866134914837,-2.846235163205,10.));
#11053 = CARTESIAN_POINT('',(1.755276235312,-2.73412462908,10.));
#11054 = CARTESIAN_POINT('',(1.516589291691,-2.73412462908,10.));
#11055 = SURFACE_OF_LINEAR_EXTRUSION('',#11056,#11060);
#11056 = B_SPLINE_CURVE_WITH_KNOTS('',2,(#11057,#11058,#11059),
  .UNSPECIFIED.,.F.,.F.,(3,3),(0.,1.),.PIECEWISE_BEZIER_KNOTS.);
#11057 = CARTESIAN_POINT('',(1.866134914837,-2.846235163205,10.));
#11058 = CARTESIAN_POINT('',(1.755276235312,-2.73412462908,10.));
#11059 = CARTESIAN_POINT('',(1.516589291691,-2.73412462908,10.));
#11060 = VECTOR('',#11061,1.);
#11061 = DIRECTION('',(-0.,-0.,1.));
#11062 = ADVANCED_FACE('',(#11063),#11088,.F.);
#11063 = FACE_BOUND('',#11064,.F.);
#11064 = EDGE_LOOP('',(#11065,#11075,#11081,#11082));
#11065 = ORIENTED_EDGE('',*,*,#11066,.T.);
#11066 = EDGE_CURVE('',#11067,#11069,#11071,.T.);
#11067 = VERTEX_POINT('',#11068);
#11068 = CARTESIAN_POINT('',(1.976993594362,-3.152383160237,10.));
#11069 = VERTEX_POINT('',#11070);
#11070 = CARTESIAN_POINT('',(1.976993594362,-3.152383160237,9.6));
#11071 = LINE('',#11072,#11073);
#11072 = CARTESIAN_POINT('',(1.976993594362,-3.152383160237,10.));
#11073 = VECTOR('',#11074,1.);
#11074 = DIRECTION('',(0.,0.,-1.));
#11075 = ORIENTED_EDGE('',*,*,#11076,.T.);
#11076 = EDGE_CURVE('',#11069,#11036,#11077,.T.);
#11077 = B_SPLINE_CURVE_WITH_KNOTS('',2,(#11078,#11079,#11080),
  .UNSPECIFIED.,.F.,.F.,(3,3),(0.,1.),.PIECEWISE_BEZIER_KNOTS.);
#11078 = CARTESIAN_POINT('',(1.976993594362,-3.152383160237,9.6));
#11079 = CARTESIAN_POINT('',(1.976993594362,-2.958345697329,9.6));
#11080 = CARTESIAN_POINT('',(1.866134914837,-2.846235163205,9.6));
#11081 = ORIENTED_EDGE('',*,*,#11033,.F.);
#11082 = ORIENTED_EDGE('',*,*,#11083,.F.);
#11083 = EDGE_CURVE('',#11067,#11034,#11084,.T.);
#11084 = B_SPLINE_CURVE_WITH_KNOTS('',2,(#11085,#11086,#11087),
  .UNSPECIFIED.,.F.,.F.,(3,3),(0.,1.),.PIECEWISE_BEZIER_KNOTS.);
#11085 = CARTESIAN_POINT('',(1.976993594362,-3.152383160237,10.));
#11086 = CARTESIAN_POINT('',(1.976993594362,-2.958345697329,10.));
#11087 = CARTESIAN_POINT('',(1.866134914837,-2.846235163205,10.));
#11088 = SURFACE_OF_LINEAR_EXTRUSION('',#11089,#11093);
#11089 = B_SPLINE_CURVE_WITH_KNOTS('',2,(#11090,#11091,#11092),
  .UNSPECIFIED.,.F.,.F.,(3,3),(0.,1.),.PIECEWISE_BEZIER_KNOTS.);
#11090 = CARTESIAN_POINT('',(1.976993594362,-3.152383160237,10.));
#11091 = CARTESIAN_POINT('',(1.976993594362,-2.958345697329,10.));
#11092 = CARTESIAN_POINT('',(1.866134914837,-2.846235163205,10.));
#11093 = VECTOR('',#11094,1.);
#11094 = DIRECTION('',(-0.,-0.,1.));
#11095 = ADVANCED_FACE('',(#11096),#11121,.F.);
#11096 = FACE_BOUND('',#11097,.F.);
#11097 = EDGE_LOOP('',(#11098,#11108,#11114,#11115));
#11098 = ORIENTED_EDGE('',*,*,#11099,.T.);
#11099 = EDGE_CURVE('',#11100,#11102,#11104,.T.);
#11100 = VERTEX_POINT('',#11101);
#11101 = CARTESIAN_POINT('',(1.864048490504,-3.45421921365,10.));
#11102 = VERTEX_POINT('',#11103);
#11103 = CARTESIAN_POINT('',(1.864048490504,-3.45421921365,9.6));
#11104 = LINE('',#11105,#11106);
#11105 = CARTESIAN_POINT('',(1.864048490504,-3.45421921365,10.));
#11106 = VECTOR('',#11107,1.);
#11107 = DIRECTION('',(0.,0.,-1.));
#11108 = ORIENTED_EDGE('',*,*,#11109,.T.);
#11109 = EDGE_CURVE('',#11102,#11069,#11110,.T.);
#11110 = B_SPLINE_CURVE_WITH_KNOTS('',2,(#11111,#11112,#11113),
  .UNSPECIFIED.,.F.,.F.,(3,3),(0.,1.),.PIECEWISE_BEZIER_KNOTS.);
#11111 = CARTESIAN_POINT('',(1.864048490504,-3.45421921365,9.6));
#11112 = CARTESIAN_POINT('',(1.976993594362,-3.346420623145,9.6));
#11113 = CARTESIAN_POINT('',(1.976993594362,-3.152383160237,9.6));
#11114 = ORIENTED_EDGE('',*,*,#11066,.F.);
#11115 = ORIENTED_EDGE('',*,*,#11116,.F.);
#11116 = EDGE_CURVE('',#11100,#11067,#11117,.T.);
#11117 = B_SPLINE_CURVE_WITH_KNOTS('',2,(#11118,#11119,#11120),
  .UNSPECIFIED.,.F.,.F.,(3,3),(0.,1.),.PIECEWISE_BEZIER_KNOTS.);
#11118 = CARTESIAN_POINT('',(1.864048490504,-3.45421921365,10.));
#11119 = CARTESIAN_POINT('',(1.976993594362,-3.346420623145,10.));
#11120 = CARTESIAN_POINT('',(1.976993594362,-3.152383160237,10.));
#11121 = SURFACE_OF_LINEAR_EXTRUSION('',#11122,#11126);
#11122 = B_SPLINE_CURVE_WITH_KNOTS('',2,(#11123,#11124,#11125),
  .UNSPECIFIED.,.F.,.F.,(3,3),(0.,1.),.PIECEWISE_BEZIER_KNOTS.);
#11123 = CARTESIAN_POINT('',(1.864048490504,-3.45421921365,10.));
#11124 = CARTESIAN_POINT('',(1.976993594362,-3.346420623145,10.));
#11125 = CARTESIAN_POINT('',(1.976993594362,-3.152383160237,10.));
#11126 = VECTOR('',#11127,1.);
#11127 = DIRECTION('',(-0.,-0.,1.));
#11128 = ADVANCED_FACE('',(#11129),#11145,.F.);
#11129 = FACE_BOUND('',#11130,.F.);
#11130 = EDGE_LOOP('',(#11131,#11132,#11138,#11139));
#11131 = ORIENTED_EDGE('',*,*,#10949,.T.);
#11132 = ORIENTED_EDGE('',*,*,#11133,.T.);
#11133 = EDGE_CURVE('',#10942,#11102,#11134,.T.);
#11134 = B_SPLINE_CURVE_WITH_KNOTS('',2,(#11135,#11136,#11137),
  .UNSPECIFIED.,.F.,.F.,(3,3),(0.,1.),.PIECEWISE_BEZIER_KNOTS.);
#11135 = CARTESIAN_POINT('',(1.516589291691,-3.562017804154,9.6));
#11136 = CARTESIAN_POINT('',(1.751103386647,-3.562017804154,9.6));
#11137 = CARTESIAN_POINT('',(1.864048490504,-3.45421921365,9.6));
#11138 = ORIENTED_EDGE('',*,*,#11099,.F.);
#11139 = ORIENTED_EDGE('',*,*,#11140,.F.);
#11140 = EDGE_CURVE('',#10950,#11100,#11141,.T.);
#11141 = B_SPLINE_CURVE_WITH_KNOTS('',2,(#11142,#11143,#11144),
  .UNSPECIFIED.,.F.,.F.,(3,3),(0.,1.),.PIECEWISE_BEZIER_KNOTS.);
#11142 = CARTESIAN_POINT('',(1.516589291691,-3.562017804154,10.));
#11143 = CARTESIAN_POINT('',(1.751103386647,-3.562017804154,10.));
#11144 = CARTESIAN_POINT('',(1.864048490504,-3.45421921365,10.));
#11145 = SURFACE_OF_LINEAR_EXTRUSION('',#11146,#11150);
#11146 = B_SPLINE_CURVE_WITH_KNOTS('',2,(#11147,#11148,#11149),
  .UNSPECIFIED.,.F.,.F.,(3,3),(0.,1.),.PIECEWISE_BEZIER_KNOTS.);
#11147 = CARTESIAN_POINT('',(1.516589291691,-3.562017804154,10.));
#11148 = CARTESIAN_POINT('',(1.751103386647,-3.562017804154,10.));
#11149 = CARTESIAN_POINT('',(1.864048490504,-3.45421921365,10.));
#11150 = VECTOR('',#11151,1.);
#11151 = DIRECTION('',(-0.,-0.,1.));
#11152 = ADVANCED_FACE('',(#11153,#11178),#11187,.T.);
#11153 = FACE_BOUND('',#11154,.T.);
#11154 = EDGE_LOOP('',(#11155,#11156,#11157,#11158,#11159,#11160,#11161,
    #11162,#11163,#11164,#11165,#11166,#11167,#11168,#11169,#11170,
    #11171,#11172,#11173,#11174,#11175,#11176,#11177));
#11155 = ORIENTED_EDGE('',*,*,#10214,.F.);
#11156 = ORIENTED_EDGE('',*,*,#10247,.F.);
#11157 = ORIENTED_EDGE('',*,*,#10278,.F.);
#11158 = ORIENTED_EDGE('',*,*,#10311,.F.);
#11159 = ORIENTED_EDGE('',*,*,#10344,.F.);
#11160 = ORIENTED_EDGE('',*,*,#10375,.F.);
#11161 = ORIENTED_EDGE('',*,*,#10406,.F.);
#11162 = ORIENTED_EDGE('',*,*,#10437,.F.);
#11163 = ORIENTED_EDGE('',*,*,#10470,.F.);
#11164 = ORIENTED_EDGE('',*,*,#10503,.F.);
#11165 = ORIENTED_EDGE('',*,*,#10534,.F.);
#11166 = ORIENTED_EDGE('',*,*,#10567,.F.);
#11167 = ORIENTED_EDGE('',*,*,#10600,.F.);
#11168 = ORIENTED_EDGE('',*,*,#10633,.F.);
#11169 = ORIENTED_EDGE('',*,*,#10664,.F.);
#11170 = ORIENTED_EDGE('',*,*,#10697,.F.);
#11171 = ORIENTED_EDGE('',*,*,#10730,.F.);
#11172 = ORIENTED_EDGE('',*,*,#10763,.F.);
#11173 = ORIENTED_EDGE('',*,*,#10796,.F.);
#11174 = ORIENTED_EDGE('',*,*,#10827,.F.);
#11175 = ORIENTED_EDGE('',*,*,#10860,.F.);
#11176 = ORIENTED_EDGE('',*,*,#10893,.F.);
#11177 = ORIENTED_EDGE('',*,*,#10915,.F.);
#11178 = FACE_BOUND('',#11179,.T.);
#11179 = EDGE_LOOP('',(#11180,#11181,#11182,#11183,#11184,#11185,#11186)
  );
#11180 = ORIENTED_EDGE('',*,*,#10957,.F.);
#11181 = ORIENTED_EDGE('',*,*,#10988,.F.);
#11182 = ORIENTED_EDGE('',*,*,#11019,.F.);
#11183 = ORIENTED_EDGE('',*,*,#11050,.F.);
#11184 = ORIENTED_EDGE('',*,*,#11083,.F.);
#11185 = ORIENTED_EDGE('',*,*,#11116,.F.);
#11186 = ORIENTED_EDGE('',*,*,#11140,.F.);
#11187 = PLANE('',#11188);
#11188 = AXIS2_PLACEMENT_3D('',#11189,#11190,#11191);
#11189 = CARTESIAN_POINT('',(1.419421152148,-3.685192330512,10.));
#11190 = DIRECTION('',(0.,0.,1.));
#11191 = DIRECTION('',(1.,0.,0.));
#11192 = ADVANCED_FACE('',(#11193,#11218),#11227,.F.);
#11193 = FACE_BOUND('',#11194,.F.);
#11194 = EDGE_LOOP('',(#11195,#11196,#11197,#11198,#11199,#11200,#11201,
    #11202,#11203,#11204,#11205,#11206,#11207,#11208,#11209,#11210,
    #11211,#11212,#11213,#11214,#11215,#11216,#11217));
#11195 = ORIENTED_EDGE('',*,*,#10198,.F.);
#11196 = ORIENTED_EDGE('',*,*,#10240,.F.);
#11197 = ORIENTED_EDGE('',*,*,#10271,.F.);
#11198 = ORIENTED_EDGE('',*,*,#10304,.F.);
#11199 = ORIENTED_EDGE('',*,*,#10337,.F.);
#11200 = ORIENTED_EDGE('',*,*,#10368,.F.);
#11201 = ORIENTED_EDGE('',*,*,#10399,.F.);
#11202 = ORIENTED_EDGE('',*,*,#10430,.F.);
#11203 = ORIENTED_EDGE('',*,*,#10463,.F.);
#11204 = ORIENTED_EDGE('',*,*,#10496,.F.);
#11205 = ORIENTED_EDGE('',*,*,#10527,.F.);
#11206 = ORIENTED_EDGE('',*,*,#10560,.F.);
#11207 = ORIENTED_EDGE('',*,*,#10593,.F.);
#11208 = ORIENTED_EDGE('',*,*,#10626,.F.);
#11209 = ORIENTED_EDGE('',*,*,#10657,.F.);
#11210 = ORIENTED_EDGE('',*,*,#10690,.F.);
#11211 = ORIENTED_EDGE('',*,*,#10723,.F.);
#11212 = ORIENTED_EDGE('',*,*,#10756,.F.);
#11213 = ORIENTED_EDGE('',*,*,#10789,.F.);
#11214 = ORIENTED_EDGE('',*,*,#10820,.F.);
#11215 = ORIENTED_EDGE('',*,*,#10853,.F.);
#11216 = ORIENTED_EDGE('',*,*,#10886,.F.);
#11217 = ORIENTED_EDGE('',*,*,#10908,.F.);
#11218 = FACE_BOUND('',#11219,.F.);
#11219 = EDGE_LOOP('',(#11220,#11221,#11222,#11223,#11224,#11225,#11226)
  );
#11220 = ORIENTED_EDGE('',*,*,#10941,.F.);
#11221 = ORIENTED_EDGE('',*,*,#10981,.F.);
#11222 = ORIENTED_EDGE('',*,*,#11012,.F.);
#11223 = ORIENTED_EDGE('',*,*,#11043,.F.);
#11224 = ORIENTED_EDGE('',*,*,#11076,.F.);
#11225 = ORIENTED_EDGE('',*,*,#11109,.F.);
#11226 = ORIENTED_EDGE('',*,*,#11133,.F.);
#11227 = PLANE('',#11228);
#11228 = AXIS2_PLACEMENT_3D('',#11229,#11230,#11231);
#11229 = CARTESIAN_POINT('',(1.419421152148,-3.685192330512,9.6));
#11230 = DIRECTION('',(0.,0.,1.));
#11231 = DIRECTION('',(1.,0.,0.));
#11232 = MANIFOLD_SOLID_BREP('',#11233);
#11233 = CLOSED_SHELL('',(#11234,#11276,#11307,#11340,#11373,#11406,
    #11439,#11472,#11505,#11538,#11571,#11602,#11635,#11668,#11699,
    #11723,#11763,#11794,#11825,#11858,#11891,#11924,#11957,#11990,
    #12023,#12056,#12080,#12116));
#11234 = ADVANCED_FACE('',(#11235),#11269,.F.);
#11235 = FACE_BOUND('',#11236,.F.);
#11236 = EDGE_LOOP('',(#11237,#11247,#11255,#11263));
#11237 = ORIENTED_EDGE('',*,*,#11238,.T.);
#11238 = EDGE_CURVE('',#11239,#11241,#11243,.T.);
#11239 = VERTEX_POINT('',#11240);
#11240 = CARTESIAN_POINT('',(3.211322229377,-5.2,10.));
#11241 = VERTEX_POINT('',#11242);
#11242 = CARTESIAN_POINT('',(3.211322229377,-5.2,9.6));
#11243 = LINE('',#11244,#11245);
#11244 = CARTESIAN_POINT('',(3.211322229377,-5.2,10.));
#11245 = VECTOR('',#11246,1.);
#11246 = DIRECTION('',(0.,0.,-1.));
#11247 = ORIENTED_EDGE('',*,*,#11248,.T.);
#11248 = EDGE_CURVE('',#11241,#11249,#11251,.T.);
#11249 = VERTEX_POINT('',#11250);
#11250 = CARTESIAN_POINT('',(3.134402718991,-5.17009458457,9.6));
#11251 = B_SPLINE_CURVE_WITH_KNOTS('',2,(#11252,#11253,#11254),
  .UNSPECIFIED.,.F.,.F.,(3,3),(0.,1.),.PIECEWISE_BEZIER_KNOTS.);
#11252 = CARTESIAN_POINT('',(3.211322229377,-5.2,9.6));
#11253 = CARTESIAN_POINT('',(3.164308134421,-5.2,9.6));
#11254 = CARTESIAN_POINT('',(3.134402718991,-5.17009458457,9.6));
#11255 = ORIENTED_EDGE('',*,*,#11256,.F.);
#11256 = EDGE_CURVE('',#11257,#11249,#11259,.T.);
#11257 = VERTEX_POINT('',#11258);
#11258 = CARTESIAN_POINT('',(3.134402718991,-5.17009458457,10.));
#11259 = LINE('',#11260,#11261);
#11260 = CARTESIAN_POINT('',(3.134402718991,-5.17009458457,10.));
#11261 = VECTOR('',#11262,1.);
#11262 = DIRECTION('',(0.,0.,-1.));
#11263 = ORIENTED_EDGE('',*,*,#11264,.F.);
#11264 = EDGE_CURVE('',#11239,#11257,#11265,.T.);
#11265 = B_SPLINE_CURVE_WITH_KNOTS('',2,(#11266,#11267,#11268),
  .UNSPECIFIED.,.F.,.F.,(3,3),(0.,1.),.PIECEWISE_BEZIER_KNOTS.);
#11266 = CARTESIAN_POINT('',(3.211322229377,-5.2,10.));
#11267 = CARTESIAN_POINT('',(3.164308134421,-5.2,10.));
#11268 = CARTESIAN_POINT('',(3.134402718991,-5.17009458457,10.));
#11269 = SURFACE_OF_LINEAR_EXTRUSION('',#11270,#11274);
#11270 = B_SPLINE_CURVE_WITH_KNOTS('',2,(#11271,#11272,#11273),
  .UNSPECIFIED.,.F.,.F.,(3,3),(0.,1.),.PIECEWISE_BEZIER_KNOTS.);
#11271 = CARTESIAN_POINT('',(3.211322229377,-5.2,10.));
#11272 = CARTESIAN_POINT('',(3.164308134421,-5.2,10.));
#11273 = CARTESIAN_POINT('',(3.134402718991,-5.17009458457,10.));
#11274 = VECTOR('',#11275,1.);
#11275 = DIRECTION('',(-0.,-0.,1.));
#11276 = ADVANCED_FACE('',(#11277),#11302,.F.);
#11277 = FACE_BOUND('',#11278,.F.);
#11278 = EDGE_LOOP('',(#11279,#11289,#11295,#11296));
#11279 = ORIENTED_EDGE('',*,*,#11280,.T.);
#11280 = EDGE_CURVE('',#11281,#11283,#11285,.T.);
#11281 = VERTEX_POINT('',#11282);
#11282 = CARTESIAN_POINT('',(4.305304054303,-5.2,10.));
#11283 = VERTEX_POINT('',#11284);
#11284 = CARTESIAN_POINT('',(4.305304054303,-5.2,9.6));
#11285 = LINE('',#11286,#11287);
#11286 = CARTESIAN_POINT('',(4.305304054303,-5.2,10.));
#11287 = VECTOR('',#11288,1.);
#11288 = DIRECTION('',(0.,0.,-1.));
#11289 = ORIENTED_EDGE('',*,*,#11290,.T.);
#11290 = EDGE_CURVE('',#11283,#11241,#11291,.T.);
#11291 = LINE('',#11292,#11293);
#11292 = CARTESIAN_POINT('',(4.305304054303,-5.2,9.6));
#11293 = VECTOR('',#11294,1.);
#11294 = DIRECTION('',(-1.,0.,0.));
#11295 = ORIENTED_EDGE('',*,*,#11238,.F.);
#11296 = ORIENTED_EDGE('',*,*,#11297,.F.);
#11297 = EDGE_CURVE('',#11281,#11239,#11298,.T.);
#11298 = LINE('',#11299,#11300);
#11299 = CARTESIAN_POINT('',(4.305304054303,-5.2,10.));
#11300 = VECTOR('',#11301,1.);
#11301 = DIRECTION('',(-1.,0.,0.));
#11302 = PLANE('',#11303);
#11303 = AXIS2_PLACEMENT_3D('',#11304,#11305,#11306);
#11304 = CARTESIAN_POINT('',(4.305304054303,-5.2,10.));
#11305 = DIRECTION('',(0.,1.,0.));
#11306 = DIRECTION('',(-1.,0.,0.));
#11307 = ADVANCED_FACE('',(#11308),#11333,.F.);
#11308 = FACE_BOUND('',#11309,.F.);
#11309 = EDGE_LOOP('',(#11310,#11320,#11326,#11327));
#11310 = ORIENTED_EDGE('',*,*,#11311,.T.);
#11311 = EDGE_CURVE('',#11312,#11314,#11316,.T.);
#11312 = VERTEX_POINT('',#11313);
#11313 = CARTESIAN_POINT('',(5.010237288724,-5.07356268546,10.));
#11314 = VERTEX_POINT('',#11315);
#11315 = CARTESIAN_POINT('',(5.010237288724,-5.07356268546,9.6));
#11316 = LINE('',#11317,#11318);
#11317 = CARTESIAN_POINT('',(5.010237288724,-5.07356268546,10.));
#11318 = VECTOR('',#11319,1.);
#11319 = DIRECTION('',(0.,0.,-1.));
#11320 = ORIENTED_EDGE('',*,*,#11321,.T.);
#11321 = EDGE_CURVE('',#11314,#11283,#11322,.T.);
#11322 = B_SPLINE_CURVE_WITH_KNOTS('',2,(#11323,#11324,#11325),
  .UNSPECIFIED.,.F.,.F.,(3,3),(0.,1.),.PIECEWISE_BEZIER_KNOTS.);
#11323 = CARTESIAN_POINT('',(5.010237288724,-5.07356268546,9.6));
#11324 = CARTESIAN_POINT('',(4.728291813947,-5.2,9.6));
#11325 = CARTESIAN_POINT('',(4.305304054303,-5.2,9.6));
#11326 = ORIENTED_EDGE('',*,*,#11280,.F.);
#11327 = ORIENTED_EDGE('',*,*,#11328,.F.);
#11328 = EDGE_CURVE('',#11312,#11281,#11329,.T.);
#11329 = B_SPLINE_CURVE_WITH_KNOTS('',2,(#11330,#11331,#11332),
  .UNSPECIFIED.,.F.,.F.,(3,3),(0.,1.),.PIECEWISE_BEZIER_KNOTS.);
#11330 = CARTESIAN_POINT('',(5.010237288724,-5.07356268546,10.));
#11331 = CARTESIAN_POINT('',(4.728291813947,-5.2,10.));
#11332 = CARTESIAN_POINT('',(4.305304054303,-5.2,10.));
#11333 = SURFACE_OF_LINEAR_EXTRUSION('',#11334,#11338);
#11334 = B_SPLINE_CURVE_WITH_KNOTS('',2,(#11335,#11336,#11337),
  .UNSPECIFIED.,.F.,.F.,(3,3),(0.,1.),.PIECEWISE_BEZIER_KNOTS.);
#11335 = CARTESIAN_POINT('',(5.010237288724,-5.07356268546,10.));
#11336 = CARTESIAN_POINT('',(4.728291813947,-5.2,10.));
#11337 = CARTESIAN_POINT('',(4.305304054303,-5.2,10.));
#11338 = VECTOR('',#11339,1.);
#11339 = DIRECTION('',(-0.,-0.,1.));
#11340 = ADVANCED_FACE('',(#11341),#11366,.F.);
#11341 = FACE_BOUND('',#11342,.F.);
#11342 = EDGE_LOOP('',(#11343,#11353,#11359,#11360));
#11343 = ORIENTED_EDGE('',*,*,#11344,.T.);
#11344 = EDGE_CURVE('',#11345,#11347,#11349,.T.);
#11345 = VERTEX_POINT('',#11346);
#11346 = CARTESIAN_POINT('',(5.437536991988,-4.685765949555,10.));
#11347 = VERTEX_POINT('',#11348);
#11348 = CARTESIAN_POINT('',(5.437536991988,-4.685765949555,9.6));
#11349 = LINE('',#11350,#11351);
#11350 = CARTESIAN_POINT('',(5.437536991988,-4.685765949555,10.));
#11351 = VECTOR('',#11352,1.);
#11352 = DIRECTION('',(0.,0.,-1.));
#11353 = ORIENTED_EDGE('',*,*,#11354,.T.);
#11354 = EDGE_CURVE('',#11347,#11314,#11355,.T.);
#11355 = B_SPLINE_CURVE_WITH_KNOTS('',2,(#11356,#11357,#11358),
  .UNSPECIFIED.,.F.,.F.,(3,3),(0.,1.),.PIECEWISE_BEZIER_KNOTS.);
#11356 = CARTESIAN_POINT('',(5.437536991988,-4.685765949555,9.6));
#11357 = CARTESIAN_POINT('',(5.292321858457,-4.94712537092,9.6));
#11358 = CARTESIAN_POINT('',(5.010237288724,-5.07356268546,9.6));
#11359 = ORIENTED_EDGE('',*,*,#11311,.F.);
#11360 = ORIENTED_EDGE('',*,*,#11361,.F.);
#11361 = EDGE_CURVE('',#11345,#11312,#11362,.T.);
#11362 = B_SPLINE_CURVE_WITH_KNOTS('',2,(#11363,#11364,#11365),
  .UNSPECIFIED.,.F.,.F.,(3,3),(0.,1.),.PIECEWISE_BEZIER_KNOTS.);
#11363 = CARTESIAN_POINT('',(5.437536991988,-4.685765949555,10.));
#11364 = CARTESIAN_POINT('',(5.292321858457,-4.94712537092,10.));
#11365 = CARTESIAN_POINT('',(5.010237288724,-5.07356268546,10.));
#11366 = SURFACE_OF_LINEAR_EXTRUSION('',#11367,#11371);
#11367 = B_SPLINE_CURVE_WITH_KNOTS('',2,(#11368,#11369,#11370),
  .UNSPECIFIED.,.F.,.F.,(3,3),(0.,1.),.PIECEWISE_BEZIER_KNOTS.);
#11368 = CARTESIAN_POINT('',(5.437536991988,-4.685765949555,10.));
#11369 = CARTESIAN_POINT('',(5.292321858457,-4.94712537092,10.));
#11370 = CARTESIAN_POINT('',(5.010237288724,-5.07356268546,10.));
#11371 = VECTOR('',#11372,1.);
#11372 = DIRECTION('',(-0.,-0.,1.));
#11373 = ADVANCED_FACE('',(#11374),#11399,.F.);
#11374 = FACE_BOUND('',#11375,.F.);
#11375 = EDGE_LOOP('',(#11376,#11386,#11392,#11393));
#11376 = ORIENTED_EDGE('',*,*,#11377,.T.);
#11377 = EDGE_CURVE('',#11378,#11380,#11382,.T.);
#11378 = VERTEX_POINT('',#11379);
#11379 = CARTESIAN_POINT('',(5.59568795638,-4.025621290801,10.));
#11380 = VERTEX_POINT('',#11381);
#11381 = CARTESIAN_POINT('',(5.59568795638,-4.025621290801,9.6));
#11382 = LINE('',#11383,#11384);
#11383 = CARTESIAN_POINT('',(5.59568795638,-4.025621290801,10.));
#11384 = VECTOR('',#11385,1.);
#11385 = DIRECTION('',(0.,0.,-1.));
#11386 = ORIENTED_EDGE('',*,*,#11387,.T.);
#11387 = EDGE_CURVE('',#11380,#11347,#11388,.T.);
#11388 = B_SPLINE_CURVE_WITH_KNOTS('',2,(#11389,#11390,#11391),
  .UNSPECIFIED.,.F.,.F.,(3,3),(0.,1.),.PIECEWISE_BEZIER_KNOTS.);
#11389 = CARTESIAN_POINT('',(5.59568795638,-4.025621290801,9.6));
#11390 = CARTESIAN_POINT('',(5.582891220475,-4.424267433234,9.6));
#11391 = CARTESIAN_POINT('',(5.437536991988,-4.685765949555,9.6));
#11392 = ORIENTED_EDGE('',*,*,#11344,.F.);
#11393 = ORIENTED_EDGE('',*,*,#11394,.F.);
#11394 = EDGE_CURVE('',#11378,#11345,#11395,.T.);
#11395 = B_SPLINE_CURVE_WITH_KNOTS('',2,(#11396,#11397,#11398),
  .UNSPECIFIED.,.F.,.F.,(3,3),(0.,1.),.PIECEWISE_BEZIER_KNOTS.);
#11396 = CARTESIAN_POINT('',(5.59568795638,-4.025621290801,10.));
#11397 = CARTESIAN_POINT('',(5.582891220475,-4.424267433234,10.));
#11398 = CARTESIAN_POINT('',(5.437536991988,-4.685765949555,10.));
#11399 = SURFACE_OF_LINEAR_EXTRUSION('',#11400,#11404);
#11400 = B_SPLINE_CURVE_WITH_KNOTS('',2,(#11401,#11402,#11403),
  .UNSPECIFIED.,.F.,.F.,(3,3),(0.,1.),.PIECEWISE_BEZIER_KNOTS.);
#11401 = CARTESIAN_POINT('',(5.59568795638,-4.025621290801,10.));
#11402 = CARTESIAN_POINT('',(5.582891220475,-4.424267433234,10.));
#11403 = CARTESIAN_POINT('',(5.437536991988,-4.685765949555,10.));
#11404 = VECTOR('',#11405,1.);
#11405 = DIRECTION('',(-0.,-0.,1.));
#11406 = ADVANCED_FACE('',(#11407),#11432,.F.);
#11407 = FACE_BOUND('',#11408,.F.);
#11408 = EDGE_LOOP('',(#11409,#11419,#11425,#11426));
#11409 = ORIENTED_EDGE('',*,*,#11410,.T.);
#11410 = EDGE_CURVE('',#11411,#11413,#11415,.T.);
#11411 = VERTEX_POINT('',#11412);
#11412 = CARTESIAN_POINT('',(5.5999999,-3.7,10.));
#11413 = VERTEX_POINT('',#11414);
#11414 = CARTESIAN_POINT('',(5.5999999,-3.7,9.6));
#11415 = LINE('',#11416,#11417);
#11416 = CARTESIAN_POINT('',(5.5999999,-3.7,10.));
#11417 = VECTOR('',#11418,1.);
#11418 = DIRECTION('',(0.,0.,-1.));
#11419 = ORIENTED_EDGE('',*,*,#11420,.T.);
#11420 = EDGE_CURVE('',#11413,#11380,#11421,.T.);
#11421 = B_SPLINE_CURVE_WITH_KNOTS('',2,(#11422,#11423,#11424),
  .UNSPECIFIED.,.F.,.F.,(3,3),(0.,1.),.PIECEWISE_BEZIER_KNOTS.);
#11422 = CARTESIAN_POINT('',(5.5999999,-3.7,9.6));
#11423 = CARTESIAN_POINT('',(5.5999999,-3.841459569733,9.6));
#11424 = CARTESIAN_POINT('',(5.59568795638,-4.025621290801,9.6));
#11425 = ORIENTED_EDGE('',*,*,#11377,.F.);
#11426 = ORIENTED_EDGE('',*,*,#11427,.F.);
#11427 = EDGE_CURVE('',#11411,#11378,#11428,.T.);
#11428 = B_SPLINE_CURVE_WITH_KNOTS('',2,(#11429,#11430,#11431),
  .UNSPECIFIED.,.F.,.F.,(3,3),(0.,1.),.PIECEWISE_BEZIER_KNOTS.);
#11429 = CARTESIAN_POINT('',(5.5999999,-3.7,10.));
#11430 = CARTESIAN_POINT('',(5.5999999,-3.841459569733,10.));
#11431 = CARTESIAN_POINT('',(5.59568795638,-4.025621290801,10.));
#11432 = SURFACE_OF_LINEAR_EXTRUSION('',#11433,#11437);
#11433 = B_SPLINE_CURVE_WITH_KNOTS('',2,(#11434,#11435,#11436),
  .UNSPECIFIED.,.F.,.F.,(3,3),(0.,1.),.PIECEWISE_BEZIER_KNOTS.);
#11434 = CARTESIAN_POINT('',(5.5999999,-3.7,10.));
#11435 = CARTESIAN_POINT('',(5.5999999,-3.841459569733,10.));
#11436 = CARTESIAN_POINT('',(5.59568795638,-4.025621290801,10.));
#11437 = VECTOR('',#11438,1.);
#11438 = DIRECTION('',(-0.,-0.,1.));
#11439 = ADVANCED_FACE('',(#11440),#11465,.F.);
#11440 = FACE_BOUND('',#11441,.F.);
#11441 = EDGE_LOOP('',(#11442,#11452,#11458,#11459));
#11442 = ORIENTED_EDGE('',*,*,#11443,.T.);
#11443 = EDGE_CURVE('',#11444,#11446,#11448,.T.);
#11444 = VERTEX_POINT('',#11445);
#11445 = CARTESIAN_POINT('',(5.59568795638,-3.369927670623,10.));
#11446 = VERTEX_POINT('',#11447);
#11447 = CARTESIAN_POINT('',(5.59568795638,-3.369927670623,9.6));
#11448 = LINE('',#11449,#11450);
#11449 = CARTESIAN_POINT('',(5.59568795638,-3.369927670623,10.));
#11450 = VECTOR('',#11451,1.);
#11451 = DIRECTION('',(0.,0.,-1.));
#11452 = ORIENTED_EDGE('',*,*,#11453,.T.);
#11453 = EDGE_CURVE('',#11446,#11413,#11454,.T.);
#11454 = B_SPLINE_CURVE_WITH_KNOTS('',2,(#11455,#11456,#11457),
  .UNSPECIFIED.,.F.,.F.,(3,3),(0.,1.),.PIECEWISE_BEZIER_KNOTS.);
#11455 = CARTESIAN_POINT('',(5.59568795638,-3.369927670623,9.6));
#11456 = CARTESIAN_POINT('',(5.5999999,-3.558540430267,9.6));
#11457 = CARTESIAN_POINT('',(5.5999999,-3.7,9.6));
#11458 = ORIENTED_EDGE('',*,*,#11410,.F.);
#11459 = ORIENTED_EDGE('',*,*,#11460,.F.);
#11460 = EDGE_CURVE('',#11444,#11411,#11461,.T.);
#11461 = B_SPLINE_CURVE_WITH_KNOTS('',2,(#11462,#11463,#11464),
  .UNSPECIFIED.,.F.,.F.,(3,3),(0.,1.),.PIECEWISE_BEZIER_KNOTS.);
#11462 = CARTESIAN_POINT('',(5.59568795638,-3.369927670623,10.));
#11463 = CARTESIAN_POINT('',(5.5999999,-3.558540430267,10.));
#11464 = CARTESIAN_POINT('',(5.5999999,-3.7,10.));
#11465 = SURFACE_OF_LINEAR_EXTRUSION('',#11466,#11470);
#11466 = B_SPLINE_CURVE_WITH_KNOTS('',2,(#11467,#11468,#11469),
  .UNSPECIFIED.,.F.,.F.,(3,3),(0.,1.),.PIECEWISE_BEZIER_KNOTS.);
#11467 = CARTESIAN_POINT('',(5.59568795638,-3.369927670623,10.));
#11468 = CARTESIAN_POINT('',(5.5999999,-3.558540430267,10.));
#11469 = CARTESIAN_POINT('',(5.5999999,-3.7,10.));
#11470 = VECTOR('',#11471,1.);
#11471 = DIRECTION('',(-0.,-0.,1.));
#11472 = ADVANCED_FACE('',(#11473),#11498,.F.);
#11473 = FACE_BOUND('',#11474,.F.);
#11474 = EDGE_LOOP('',(#11475,#11485,#11491,#11492));
#11475 = ORIENTED_EDGE('',*,*,#11476,.T.);
#11476 = EDGE_CURVE('',#11477,#11479,#11481,.T.);
#11477 = VERTEX_POINT('',#11478);
#11478 = CARTESIAN_POINT('',(5.435450567656,-2.729256305638,10.));
#11479 = VERTEX_POINT('',#11480);
#11480 = CARTESIAN_POINT('',(5.435450567656,-2.729256305638,9.6));
#11481 = LINE('',#11482,#11483);
#11482 = CARTESIAN_POINT('',(5.435450567656,-2.729256305638,10.));
#11483 = VECTOR('',#11484,1.);
#11484 = DIRECTION('',(0.,0.,-1.));
#11485 = ORIENTED_EDGE('',*,*,#11486,.T.);
#11486 = EDGE_CURVE('',#11479,#11446,#11487,.T.);
#11487 = B_SPLINE_CURVE_WITH_KNOTS('',2,(#11488,#11489,#11490),
  .UNSPECIFIED.,.F.,.F.,(3,3),(0.,1.),.PIECEWISE_BEZIER_KNOTS.);
#11488 = CARTESIAN_POINT('',(5.435450567656,-2.729256305638,9.6));
#11489 = CARTESIAN_POINT('',(5.587203164095,-2.988529302671,9.6));
#11490 = CARTESIAN_POINT('',(5.59568795638,-3.369927670623,9.6));
#11491 = ORIENTED_EDGE('',*,*,#11443,.F.);
#11492 = ORIENTED_EDGE('',*,*,#11493,.F.);
#11493 = EDGE_CURVE('',#11477,#11444,#11494,.T.);
#11494 = B_SPLINE_CURVE_WITH_KNOTS('',2,(#11495,#11496,#11497),
  .UNSPECIFIED.,.F.,.F.,(3,3),(0.,1.),.PIECEWISE_BEZIER_KNOTS.);
#11495 = CARTESIAN_POINT('',(5.435450567656,-2.729256305638,10.));
#11496 = CARTESIAN_POINT('',(5.587203164095,-2.988529302671,10.));
#11497 = CARTESIAN_POINT('',(5.59568795638,-3.369927670623,10.));
#11498 = SURFACE_OF_LINEAR_EXTRUSION('',#11499,#11503);
#11499 = B_SPLINE_CURVE_WITH_KNOTS('',2,(#11500,#11501,#11502),
  .UNSPECIFIED.,.F.,.F.,(3,3),(0.,1.),.PIECEWISE_BEZIER_KNOTS.);
#11500 = CARTESIAN_POINT('',(5.435450567656,-2.729256305638,10.));
#11501 = CARTESIAN_POINT('',(5.587203164095,-2.988529302671,10.));
#11502 = CARTESIAN_POINT('',(5.59568795638,-3.369927670623,10.));
#11503 = VECTOR('',#11504,1.);
#11504 = DIRECTION('',(-0.,-0.,1.));
#11505 = ADVANCED_FACE('',(#11506),#11531,.F.);
#11506 = FACE_BOUND('',#11507,.F.);
#11507 = EDGE_LOOP('',(#11508,#11518,#11524,#11525));
#11508 = ORIENTED_EDGE('',*,*,#11509,.T.);
#11509 = EDGE_CURVE('',#11510,#11512,#11514,.T.);
#11510 = VERTEX_POINT('',#11511);
#11511 = CARTESIAN_POINT('',(4.997440552819,-2.33506120178,10.));
#11512 = VERTEX_POINT('',#11513);
#11513 = CARTESIAN_POINT('',(4.997440552819,-2.33506120178,9.6));
#11514 = LINE('',#11515,#11516);
#11515 = CARTESIAN_POINT('',(4.997440552819,-2.33506120178,10.));
#11516 = VECTOR('',#11517,1.);
#11517 = DIRECTION('',(0.,0.,-1.));
#11518 = ORIENTED_EDGE('',*,*,#11519,.T.);
#11519 = EDGE_CURVE('',#11512,#11479,#11520,.T.);
#11520 = B_SPLINE_CURVE_WITH_KNOTS('',2,(#11521,#11522,#11523),
  .UNSPECIFIED.,.F.,.F.,(3,3),(0.,1.),.PIECEWISE_BEZIER_KNOTS.);
#11521 = CARTESIAN_POINT('',(4.997440552819,-2.33506120178,9.6));
#11522 = CARTESIAN_POINT('',(5.283697971217,-2.469983308605,9.6));
#11523 = CARTESIAN_POINT('',(5.435450567656,-2.729256305638,9.6));
#11524 = ORIENTED_EDGE('',*,*,#11476,.F.);
#11525 = ORIENTED_EDGE('',*,*,#11526,.F.);
#11526 = EDGE_CURVE('',#11510,#11477,#11527,.T.);
#11527 = B_SPLINE_CURVE_WITH_KNOTS('',2,(#11528,#11529,#11530),
  .UNSPECIFIED.,.F.,.F.,(3,3),(0.,1.),.PIECEWISE_BEZIER_KNOTS.);
#11528 = CARTESIAN_POINT('',(4.997440552819,-2.33506120178,10.));
#11529 = CARTESIAN_POINT('',(5.283697971217,-2.469983308605,10.));
#11530 = CARTESIAN_POINT('',(5.435450567656,-2.729256305638,10.));
#11531 = SURFACE_OF_LINEAR_EXTRUSION('',#11532,#11536);
#11532 = B_SPLINE_CURVE_WITH_KNOTS('',2,(#11533,#11534,#11535),
  .UNSPECIFIED.,.F.,.F.,(3,3),(0.,1.),.PIECEWISE_BEZIER_KNOTS.);
#11533 = CARTESIAN_POINT('',(4.997440552819,-2.33506120178,10.));
#11534 = CARTESIAN_POINT('',(5.283697971217,-2.469983308605,10.));
#11535 = CARTESIAN_POINT('',(5.435450567656,-2.729256305638,10.));
#11536 = VECTOR('',#11537,1.);
#11537 = DIRECTION('',(-0.,-0.,1.));
#11538 = ADVANCED_FACE('',(#11539),#11564,.F.);
#11539 = FACE_BOUND('',#11540,.F.);
#11540 = EDGE_LOOP('',(#11541,#11551,#11557,#11558));
#11541 = ORIENTED_EDGE('',*,*,#11542,.T.);
#11542 = EDGE_CURVE('',#11543,#11545,#11547,.T.);
#11543 = VERTEX_POINT('',#11544);
#11544 = CARTESIAN_POINT('',(4.283883431157,-2.2,10.));
#11545 = VERTEX_POINT('',#11546);
#11546 = CARTESIAN_POINT('',(4.283883431157,-2.2,9.6));
#11547 = LINE('',#11548,#11549);
#11548 = CARTESIAN_POINT('',(4.283883431157,-2.2,10.));
#11549 = VECTOR('',#11550,1.);
#11550 = DIRECTION('',(0.,0.,-1.));
#11551 = ORIENTED_EDGE('',*,*,#11552,.T.);
#11552 = EDGE_CURVE('',#11545,#11512,#11553,.T.);
#11553 = B_SPLINE_CURVE_WITH_KNOTS('',2,(#11554,#11555,#11556),
  .UNSPECIFIED.,.F.,.F.,(3,3),(0.,1.),.PIECEWISE_BEZIER_KNOTS.);
#11554 = CARTESIAN_POINT('',(4.283883431157,-2.2,9.6));
#11555 = CARTESIAN_POINT('',(4.711183134421,-2.2,9.6));
#11556 = CARTESIAN_POINT('',(4.997440552819,-2.33506120178,9.6));
#11557 = ORIENTED_EDGE('',*,*,#11509,.F.);
#11558 = ORIENTED_EDGE('',*,*,#11559,.F.);
#11559 = EDGE_CURVE('',#11543,#11510,#11560,.T.);
#11560 = B_SPLINE_CURVE_WITH_KNOTS('',2,(#11561,#11562,#11563),
  .UNSPECIFIED.,.F.,.F.,(3,3),(0.,1.),.PIECEWISE_BEZIER_KNOTS.);
#11561 = CARTESIAN_POINT('',(4.283883431157,-2.2,10.));
#11562 = CARTESIAN_POINT('',(4.711183134421,-2.2,10.));
#11563 = CARTESIAN_POINT('',(4.997440552819,-2.33506120178,10.));
#11564 = SURFACE_OF_LINEAR_EXTRUSION('',#11565,#11569);
#11565 = B_SPLINE_CURVE_WITH_KNOTS('',2,(#11566,#11567,#11568),
  .UNSPECIFIED.,.F.,.F.,(3,3),(0.,1.),.PIECEWISE_BEZIER_KNOTS.);
#11566 = CARTESIAN_POINT('',(4.283883431157,-2.2,10.));
#11567 = CARTESIAN_POINT('',(4.711183134421,-2.2,10.));
#11568 = CARTESIAN_POINT('',(4.997440552819,-2.33506120178,10.));
#11569 = VECTOR('',#11570,1.);
#11570 = DIRECTION('',(-0.,-0.,1.));
#11571 = ADVANCED_FACE('',(#11572),#11597,.F.);
#11572 = FACE_BOUND('',#11573,.F.);
#11573 = EDGE_LOOP('',(#11574,#11584,#11590,#11591));
#11574 = ORIENTED_EDGE('',*,*,#11575,.T.);
#11575 = EDGE_CURVE('',#11576,#11578,#11580,.T.);
#11576 = VERTEX_POINT('',#11577);
#11577 = CARTESIAN_POINT('',(3.211322229377,-2.2,10.));
#11578 = VERTEX_POINT('',#11579);
#11579 = CARTESIAN_POINT('',(3.211322229377,-2.2,9.6));
#11580 = LINE('',#11581,#11582);
#11581 = CARTESIAN_POINT('',(3.211322229377,-2.2,10.));
#11582 = VECTOR('',#11583,1.);
#11583 = DIRECTION('',(0.,0.,-1.));
#11584 = ORIENTED_EDGE('',*,*,#11585,.T.);
#11585 = EDGE_CURVE('',#11578,#11545,#11586,.T.);
#11586 = LINE('',#11587,#11588);
#11587 = CARTESIAN_POINT('',(3.211322229377,-2.2,9.6));
#11588 = VECTOR('',#11589,1.);
#11589 = DIRECTION('',(1.,0.,0.));
#11590 = ORIENTED_EDGE('',*,*,#11542,.F.);
#11591 = ORIENTED_EDGE('',*,*,#11592,.F.);
#11592 = EDGE_CURVE('',#11576,#11543,#11593,.T.);
#11593 = LINE('',#11594,#11595);
#11594 = CARTESIAN_POINT('',(3.211322229377,-2.2,10.));
#11595 = VECTOR('',#11596,1.);
#11596 = DIRECTION('',(1.,0.,0.));
#11597 = PLANE('',#11598);
#11598 = AXIS2_PLACEMENT_3D('',#11599,#11600,#11601);
#11599 = CARTESIAN_POINT('',(3.211322229377,-2.2,10.));
#11600 = DIRECTION('',(0.,-1.,0.));
#11601 = DIRECTION('',(1.,0.,0.));
#11602 = ADVANCED_FACE('',(#11603),#11628,.F.);
#11603 = FACE_BOUND('',#11604,.F.);
#11604 = EDGE_LOOP('',(#11605,#11615,#11621,#11622));
#11605 = ORIENTED_EDGE('',*,*,#11606,.T.);
#11606 = EDGE_CURVE('',#11607,#11609,#11611,.T.);
#11607 = VERTEX_POINT('',#11608);
#11608 = CARTESIAN_POINT('',(3.134402718991,-2.230044510386,10.));
#11609 = VERTEX_POINT('',#11610);
#11610 = CARTESIAN_POINT('',(3.134402718991,-2.230044510386,9.6));
#11611 = LINE('',#11612,#11613);
#11612 = CARTESIAN_POINT('',(3.134402718991,-2.230044510386,10.));
#11613 = VECTOR('',#11614,1.);
#11614 = DIRECTION('',(0.,0.,-1.));
#11615 = ORIENTED_EDGE('',*,*,#11616,.T.);
#11616 = EDGE_CURVE('',#11609,#11578,#11617,.T.);
#11617 = B_SPLINE_CURVE_WITH_KNOTS('',2,(#11618,#11619,#11620),
  .UNSPECIFIED.,.F.,.F.,(3,3),(0.,1.),.PIECEWISE_BEZIER_KNOTS.);
#11618 = CARTESIAN_POINT('',(3.134402718991,-2.230044510386,9.6));
#11619 = CARTESIAN_POINT('',(3.164308134421,-2.2,9.6));
#11620 = CARTESIAN_POINT('',(3.211322229377,-2.2,9.6));
#11621 = ORIENTED_EDGE('',*,*,#11575,.F.);
#11622 = ORIENTED_EDGE('',*,*,#11623,.F.);
#11623 = EDGE_CURVE('',#11607,#11576,#11624,.T.);
#11624 = B_SPLINE_CURVE_WITH_KNOTS('',2,(#11625,#11626,#11627),
  .UNSPECIFIED.,.F.,.F.,(3,3),(0.,1.),.PIECEWISE_BEZIER_KNOTS.);
#11625 = CARTESIAN_POINT('',(3.134402718991,-2.230044510386,10.));
#11626 = CARTESIAN_POINT('',(3.164308134421,-2.2,10.));
#11627 = CARTESIAN_POINT('',(3.211322229377,-2.2,10.));
#11628 = SURFACE_OF_LINEAR_EXTRUSION('',#11629,#11633);
#11629 = B_SPLINE_CURVE_WITH_KNOTS('',2,(#11630,#11631,#11632),
  .UNSPECIFIED.,.F.,.F.,(3,3),(0.,1.),.PIECEWISE_BEZIER_KNOTS.);
#11630 = CARTESIAN_POINT('',(3.134402718991,-2.230044510386,10.));
#11631 = CARTESIAN_POINT('',(3.164308134421,-2.2,10.));
#11632 = CARTESIAN_POINT('',(3.211322229377,-2.2,10.));
#11633 = VECTOR('',#11634,1.);
#11634 = DIRECTION('',(-0.,-0.,1.));
#11635 = ADVANCED_FACE('',(#11636),#11661,.F.);
#11636 = FACE_BOUND('',#11637,.F.);
#11637 = EDGE_LOOP('',(#11638,#11648,#11654,#11655));
#11638 = ORIENTED_EDGE('',*,*,#11639,.T.);
#11639 = EDGE_CURVE('',#11640,#11642,#11644,.T.);
#11640 = VERTEX_POINT('',#11641);
#11641 = CARTESIAN_POINT('',(3.104497303561,-2.307103115727,10.));
#11642 = VERTEX_POINT('',#11643);
#11643 = CARTESIAN_POINT('',(3.104497303561,-2.307103115727,9.6));
#11644 = LINE('',#11645,#11646);
#11645 = CARTESIAN_POINT('',(3.104497303561,-2.307103115727,10.));
#11646 = VECTOR('',#11647,1.);
#11647 = DIRECTION('',(0.,0.,-1.));
#11648 = ORIENTED_EDGE('',*,*,#11649,.T.);
#11649 = EDGE_CURVE('',#11642,#11609,#11650,.T.);
#11650 = B_SPLINE_CURVE_WITH_KNOTS('',2,(#11651,#11652,#11653),
  .UNSPECIFIED.,.F.,.F.,(3,3),(0.,1.),.PIECEWISE_BEZIER_KNOTS.);
#11651 = CARTESIAN_POINT('',(3.104497303561,-2.307103115727,9.6));
#11652 = CARTESIAN_POINT('',(3.104497303561,-2.259949925816,9.6));
#11653 = CARTESIAN_POINT('',(3.134402718991,-2.230044510386,9.6));
#11654 = ORIENTED_EDGE('',*,*,#11606,.F.);
#11655 = ORIENTED_EDGE('',*,*,#11656,.F.);
#11656 = EDGE_CURVE('',#11640,#11607,#11657,.T.);
#11657 = B_SPLINE_CURVE_WITH_KNOTS('',2,(#11658,#11659,#11660),
  .UNSPECIFIED.,.F.,.F.,(3,3),(0.,1.),.PIECEWISE_BEZIER_KNOTS.);
#11658 = CARTESIAN_POINT('',(3.104497303561,-2.307103115727,10.));
#11659 = CARTESIAN_POINT('',(3.104497303561,-2.259949925816,10.));
#11660 = CARTESIAN_POINT('',(3.134402718991,-2.230044510386,10.));
#11661 = SURFACE_OF_LINEAR_EXTRUSION('',#11662,#11666);
#11662 = B_SPLINE_CURVE_WITH_KNOTS('',2,(#11663,#11664,#11665),
  .UNSPECIFIED.,.F.,.F.,(3,3),(0.,1.),.PIECEWISE_BEZIER_KNOTS.);
#11663 = CARTESIAN_POINT('',(3.104497303561,-2.307103115727,10.));
#11664 = CARTESIAN_POINT('',(3.104497303561,-2.259949925816,10.));
#11665 = CARTESIAN_POINT('',(3.134402718991,-2.230044510386,10.));
#11666 = VECTOR('',#11667,1.);
#11667 = DIRECTION('',(-0.,-0.,1.));
#11668 = ADVANCED_FACE('',(#11669),#11694,.F.);
#11669 = FACE_BOUND('',#11670,.F.);
#11670 = EDGE_LOOP('',(#11671,#11681,#11687,#11688));
#11671 = ORIENTED_EDGE('',*,*,#11672,.T.);
#11672 = EDGE_CURVE('',#11673,#11675,#11677,.T.);
#11673 = VERTEX_POINT('',#11674);
#11674 = CARTESIAN_POINT('',(3.104497303561,-5.092757789318,10.));
#11675 = VERTEX_POINT('',#11676);
#11676 = CARTESIAN_POINT('',(3.104497303561,-5.092757789318,9.6));
#11677 = LINE('',#11678,#11679);
#11678 = CARTESIAN_POINT('',(3.104497303561,-5.092757789318,10.));
#11679 = VECTOR('',#11680,1.);
#11680 = DIRECTION('',(0.,0.,-1.));
#11681 = ORIENTED_EDGE('',*,*,#11682,.T.);
#11682 = EDGE_CURVE('',#11675,#11642,#11683,.T.);
#11683 = LINE('',#11684,#11685);
#11684 = CARTESIAN_POINT('',(3.104497303561,-5.092757789318,9.6));
#11685 = VECTOR('',#11686,1.);
#11686 = DIRECTION('',(0.,1.,0.));
#11687 = ORIENTED_EDGE('',*,*,#11639,.F.);
#11688 = ORIENTED_EDGE('',*,*,#11689,.F.);
#11689 = EDGE_CURVE('',#11673,#11640,#11690,.T.);
#11690 = LINE('',#11691,#11692);
#11691 = CARTESIAN_POINT('',(3.104497303561,-5.092757789318,10.));
#11692 = VECTOR('',#11693,1.);
#11693 = DIRECTION('',(0.,1.,0.));
#11694 = PLANE('',#11695);
#11695 = AXIS2_PLACEMENT_3D('',#11696,#11697,#11698);
#11696 = CARTESIAN_POINT('',(3.104497303561,-5.092757789318,10.));
#11697 = DIRECTION('',(1.,-0.,0.));
#11698 = DIRECTION('',(0.,1.,0.));
#11699 = ADVANCED_FACE('',(#11700),#11716,.F.);
#11700 = FACE_BOUND('',#11701,.F.);
#11701 = EDGE_LOOP('',(#11702,#11703,#11709,#11710));
#11702 = ORIENTED_EDGE('',*,*,#11256,.T.);
#11703 = ORIENTED_EDGE('',*,*,#11704,.T.);
#11704 = EDGE_CURVE('',#11249,#11675,#11705,.T.);
#11705 = B_SPLINE_CURVE_WITH_KNOTS('',2,(#11706,#11707,#11708),
  .UNSPECIFIED.,.F.,.F.,(3,3),(0.,1.),.PIECEWISE_BEZIER_KNOTS.);
#11706 = CARTESIAN_POINT('',(3.134402718991,-5.17009458457,9.6));
#11707 = CARTESIAN_POINT('',(3.104497303561,-5.140050074184,9.6));
#11708 = CARTESIAN_POINT('',(3.104497303561,-5.092757789318,9.6));
#11709 = ORIENTED_EDGE('',*,*,#11672,.F.);
#11710 = ORIENTED_EDGE('',*,*,#11711,.F.);
#11711 = EDGE_CURVE('',#11257,#11673,#11712,.T.);
#11712 = B_SPLINE_CURVE_WITH_KNOTS('',2,(#11713,#11714,#11715),
  .UNSPECIFIED.,.F.,.F.,(3,3),(0.,1.),.PIECEWISE_BEZIER_KNOTS.);
#11713 = CARTESIAN_POINT('',(3.134402718991,-5.17009458457,10.));
#11714 = CARTESIAN_POINT('',(3.104497303561,-5.140050074184,10.));
#11715 = CARTESIAN_POINT('',(3.104497303561,-5.092757789318,10.));
#11716 = SURFACE_OF_LINEAR_EXTRUSION('',#11717,#11721);
#11717 = B_SPLINE_CURVE_WITH_KNOTS('',2,(#11718,#11719,#11720),
  .UNSPECIFIED.,.F.,.F.,(3,3),(0.,1.),.PIECEWISE_BEZIER_KNOTS.);
#11718 = CARTESIAN_POINT('',(3.134402718991,-5.17009458457,10.));
#11719 = CARTESIAN_POINT('',(3.104497303561,-5.140050074184,10.));
#11720 = CARTESIAN_POINT('',(3.104497303561,-5.092757789318,10.));
#11721 = VECTOR('',#11722,1.);
#11722 = DIRECTION('',(-0.,-0.,1.));
#11723 = ADVANCED_FACE('',(#11724),#11758,.F.);
#11724 = FACE_BOUND('',#11725,.F.);
#11725 = EDGE_LOOP('',(#11726,#11736,#11744,#11752));
#11726 = ORIENTED_EDGE('',*,*,#11727,.T.);
#11727 = EDGE_CURVE('',#11728,#11730,#11732,.T.);
#11728 = VERTEX_POINT('',#11729);
#11729 = CARTESIAN_POINT('',(3.781055167062,-4.648071216617,10.));
#11730 = VERTEX_POINT('',#11731);
#11731 = CARTESIAN_POINT('',(3.781055167062,-4.648071216617,9.6));
#11732 = LINE('',#11733,#11734);
#11733 = CARTESIAN_POINT('',(3.781055167062,-4.648071216617,10.));
#11734 = VECTOR('',#11735,1.);
#11735 = DIRECTION('',(0.,0.,-1.));
#11736 = ORIENTED_EDGE('',*,*,#11737,.T.);
#11737 = EDGE_CURVE('',#11730,#11738,#11740,.T.);
#11738 = VERTEX_POINT('',#11739);
#11739 = CARTESIAN_POINT('',(4.280962437092,-4.648071216617,9.6));
#11740 = LINE('',#11741,#11742);
#11741 = CARTESIAN_POINT('',(3.781055167062,-4.648071216617,9.6));
#11742 = VECTOR('',#11743,1.);
#11743 = DIRECTION('',(1.,0.,0.));
#11744 = ORIENTED_EDGE('',*,*,#11745,.F.);
#11745 = EDGE_CURVE('',#11746,#11738,#11748,.T.);
#11746 = VERTEX_POINT('',#11747);
#11747 = CARTESIAN_POINT('',(4.280962437092,-4.648071216617,10.));
#11748 = LINE('',#11749,#11750);
#11749 = CARTESIAN_POINT('',(4.280962437092,-4.648071216617,10.));
#11750 = VECTOR('',#11751,1.);
#11751 = DIRECTION('',(0.,0.,-1.));
#11752 = ORIENTED_EDGE('',*,*,#11753,.F.);
#11753 = EDGE_CURVE('',#11728,#11746,#11754,.T.);
#11754 = LINE('',#11755,#11756);
#11755 = CARTESIAN_POINT('',(3.781055167062,-4.648071216617,10.));
#11756 = VECTOR('',#11757,1.);
#11757 = DIRECTION('',(1.,0.,0.));
#11758 = PLANE('',#11759);
#11759 = AXIS2_PLACEMENT_3D('',#11760,#11761,#11762);
#11760 = CARTESIAN_POINT('',(3.781055167062,-4.648071216617,10.));
#11761 = DIRECTION('',(0.,-1.,0.));
#11762 = DIRECTION('',(1.,0.,0.));
#11763 = ADVANCED_FACE('',(#11764),#11789,.F.);
#11764 = FACE_BOUND('',#11765,.F.);
#11765 = EDGE_LOOP('',(#11766,#11776,#11782,#11783));
#11766 = ORIENTED_EDGE('',*,*,#11767,.T.);
#11767 = EDGE_CURVE('',#11768,#11770,#11772,.T.);
#11768 = VERTEX_POINT('',#11769);
#11769 = CARTESIAN_POINT('',(3.781055167062,-2.751928783383,10.));
#11770 = VERTEX_POINT('',#11771);
#11771 = CARTESIAN_POINT('',(3.781055167062,-2.751928783383,9.6));
#11772 = LINE('',#11773,#11774);
#11773 = CARTESIAN_POINT('',(3.781055167062,-2.751928783383,10.));
#11774 = VECTOR('',#11775,1.);
#11775 = DIRECTION('',(0.,0.,-1.));
#11776 = ORIENTED_EDGE('',*,*,#11777,.T.);
#11777 = EDGE_CURVE('',#11770,#11730,#11778,.T.);
#11778 = LINE('',#11779,#11780);
#11779 = CARTESIAN_POINT('',(3.781055167062,-2.751928783383,9.6));
#11780 = VECTOR('',#11781,1.);
#11781 = DIRECTION('',(0.,-1.,0.));
#11782 = ORIENTED_EDGE('',*,*,#11727,.F.);
#11783 = ORIENTED_EDGE('',*,*,#11784,.F.);
#11784 = EDGE_CURVE('',#11768,#11728,#11785,.T.);
#11785 = LINE('',#11786,#11787);
#11786 = CARTESIAN_POINT('',(3.781055167062,-2.751928783383,10.));
#11787 = VECTOR('',#11788,1.);
#11788 = DIRECTION('',(0.,-1.,0.));
#11789 = PLANE('',#11790);
#11790 = AXIS2_PLACEMENT_3D('',#11791,#11792,#11793);
#11791 = CARTESIAN_POINT('',(3.781055167062,-2.751928783383,10.));
#11792 = DIRECTION('',(-1.,-0.,-0.));
#11793 = DIRECTION('',(0.,-1.,0.));
#11794 = ADVANCED_FACE('',(#11795),#11820,.F.);
#11795 = FACE_BOUND('',#11796,.F.);
#11796 = EDGE_LOOP('',(#11797,#11807,#11813,#11814));
#11797 = ORIENTED_EDGE('',*,*,#11798,.T.);
#11798 = EDGE_CURVE('',#11799,#11801,#11803,.T.);
#11799 = VERTEX_POINT('',#11800);
#11800 = CARTESIAN_POINT('',(4.259541813947,-2.751928783383,10.));
#11801 = VERTEX_POINT('',#11802);
#11802 = CARTESIAN_POINT('',(4.259541813947,-2.751928783383,9.6));
#11803 = LINE('',#11804,#11805);
#11804 = CARTESIAN_POINT('',(4.259541813947,-2.751928783383,10.));
#11805 = VECTOR('',#11806,1.);
#11806 = DIRECTION('',(0.,0.,-1.));
#11807 = ORIENTED_EDGE('',*,*,#11808,.T.);
#11808 = EDGE_CURVE('',#11801,#11770,#11809,.T.);
#11809 = LINE('',#11810,#11811);
#11810 = CARTESIAN_POINT('',(4.259541813947,-2.751928783383,9.6));
#11811 = VECTOR('',#11812,1.);
#11812 = DIRECTION('',(-1.,0.,0.));
#11813 = ORIENTED_EDGE('',*,*,#11767,.F.);
#11814 = ORIENTED_EDGE('',*,*,#11815,.F.);
#11815 = EDGE_CURVE('',#11799,#11768,#11816,.T.);
#11816 = LINE('',#11817,#11818);
#11817 = CARTESIAN_POINT('',(4.259541813947,-2.751928783383,10.));
#11818 = VECTOR('',#11819,1.);
#11819 = DIRECTION('',(-1.,0.,0.));
#11820 = PLANE('',#11821);
#11821 = AXIS2_PLACEMENT_3D('',#11822,#11823,#11824);
#11822 = CARTESIAN_POINT('',(4.259541813947,-2.751928783383,10.));
#11823 = DIRECTION('',(0.,1.,0.));
#11824 = DIRECTION('',(-1.,0.,0.));
#11825 = ADVANCED_FACE('',(#11826),#11851,.F.);
#11826 = FACE_BOUND('',#11827,.F.);
#11827 = EDGE_LOOP('',(#11828,#11838,#11844,#11845));
#11828 = ORIENTED_EDGE('',*,*,#11829,.T.);
#11829 = EDGE_CURVE('',#11830,#11832,#11834,.T.);
#11830 = VERTEX_POINT('',#11831);
#11831 = CARTESIAN_POINT('',(4.740253980119,-2.904237759644,10.));
#11832 = VERTEX_POINT('',#11833);
#11833 = CARTESIAN_POINT('',(4.740253980119,-2.904237759644,9.6));
#11834 = LINE('',#11835,#11836);
#11835 = CARTESIAN_POINT('',(4.740253980119,-2.904237759644,10.));
#11836 = VECTOR('',#11837,1.);
#11837 = DIRECTION('',(0.,0.,-1.));
#11838 = ORIENTED_EDGE('',*,*,#11839,.T.);
#11839 = EDGE_CURVE('',#11832,#11801,#11840,.T.);
#11840 = B_SPLINE_CURVE_WITH_KNOTS('',2,(#11841,#11842,#11843),
  .UNSPECIFIED.,.F.,.F.,(3,3),(0.,1.),.PIECEWISE_BEZIER_KNOTS.);
#11841 = CARTESIAN_POINT('',(4.740253980119,-2.904237759644,9.6));
#11842 = CARTESIAN_POINT('',(4.584328535015,-2.751928783383,9.6));
#11843 = CARTESIAN_POINT('',(4.259541813947,-2.751928783383,9.6));
#11844 = ORIENTED_EDGE('',*,*,#11798,.F.);
#11845 = ORIENTED_EDGE('',*,*,#11846,.F.);
#11846 = EDGE_CURVE('',#11830,#11799,#11847,.T.);
#11847 = B_SPLINE_CURVE_WITH_KNOTS('',2,(#11848,#11849,#11850),
  .UNSPECIFIED.,.F.,.F.,(3,3),(0.,1.),.PIECEWISE_BEZIER_KNOTS.);
#11848 = CARTESIAN_POINT('',(4.740253980119,-2.904237759644,10.));
#11849 = CARTESIAN_POINT('',(4.584328535015,-2.751928783383,10.));
#11850 = CARTESIAN_POINT('',(4.259541813947,-2.751928783383,10.));
#11851 = SURFACE_OF_LINEAR_EXTRUSION('',#11852,#11856);
#11852 = B_SPLINE_CURVE_WITH_KNOTS('',2,(#11853,#11854,#11855),
  .UNSPECIFIED.,.F.,.F.,(3,3),(0.,1.),.PIECEWISE_BEZIER_KNOTS.);
#11853 = CARTESIAN_POINT('',(4.740253980119,-2.904237759644,10.));
#11854 = CARTESIAN_POINT('',(4.584328535015,-2.751928783383,10.));
#11855 = CARTESIAN_POINT('',(4.259541813947,-2.751928783383,10.));
#11856 = VECTOR('',#11857,1.);
#11857 = DIRECTION('',(-0.,-0.,1.));
#11858 = ADVANCED_FACE('',(#11859),#11884,.F.);
#11859 = FACE_BOUND('',#11860,.F.);
#11860 = EDGE_LOOP('',(#11861,#11871,#11877,#11878));
#11861 = ORIENTED_EDGE('',*,*,#11862,.T.);
#11862 = EDGE_CURVE('',#11863,#11865,#11867,.T.);
#11863 = VERTEX_POINT('',#11864);
#11864 = CARTESIAN_POINT('',(4.904803312463,-3.378273367953,10.));
#11865 = VERTEX_POINT('',#11866);
#11866 = CARTESIAN_POINT('',(4.904803312463,-3.378273367953,9.6));
#11867 = LINE('',#11868,#11869);
#11868 = CARTESIAN_POINT('',(4.904803312463,-3.378273367953,10.));
#11869 = VECTOR('',#11870,1.);
#11870 = DIRECTION('',(0.,0.,-1.));
#11871 = ORIENTED_EDGE('',*,*,#11872,.T.);
#11872 = EDGE_CURVE('',#11865,#11832,#11873,.T.);
#11873 = B_SPLINE_CURVE_WITH_KNOTS('',2,(#11874,#11875,#11876),
  .UNSPECIFIED.,.F.,.F.,(3,3),(0.,1.),.PIECEWISE_BEZIER_KNOTS.);
#11874 = CARTESIAN_POINT('',(4.904803312463,-3.378273367953,9.6));
#11875 = CARTESIAN_POINT('',(4.896318520178,-3.056546735905,9.6));
#11876 = CARTESIAN_POINT('',(4.740253980119,-2.904237759644,9.6));
#11877 = ORIENTED_EDGE('',*,*,#11829,.F.);
#11878 = ORIENTED_EDGE('',*,*,#11879,.F.);
#11879 = EDGE_CURVE('',#11863,#11830,#11880,.T.);
#11880 = B_SPLINE_CURVE_WITH_KNOTS('',2,(#11881,#11882,#11883),
  .UNSPECIFIED.,.F.,.F.,(3,3),(0.,1.),.PIECEWISE_BEZIER_KNOTS.);
#11881 = CARTESIAN_POINT('',(4.904803312463,-3.378273367953,10.));
#11882 = CARTESIAN_POINT('',(4.896318520178,-3.056546735905,10.));
#11883 = CARTESIAN_POINT('',(4.740253980119,-2.904237759644,10.));
#11884 = SURFACE_OF_LINEAR_EXTRUSION('',#11885,#11889);
#11885 = B_SPLINE_CURVE_WITH_KNOTS('',2,(#11886,#11887,#11888),
  .UNSPECIFIED.,.F.,.F.,(3,3),(0.,1.),.PIECEWISE_BEZIER_KNOTS.);
#11886 = CARTESIAN_POINT('',(4.904803312463,-3.378273367953,10.));
#11887 = CARTESIAN_POINT('',(4.896318520178,-3.056546735905,10.));
#11888 = CARTESIAN_POINT('',(4.740253980119,-2.904237759644,10.));
#11889 = VECTOR('',#11890,1.);
#11890 = DIRECTION('',(-0.,-0.,1.));
#11891 = ADVANCED_FACE('',(#11892),#11917,.F.);
#11892 = FACE_BOUND('',#11893,.F.);
#11893 = EDGE_LOOP('',(#11894,#11904,#11910,#11911));
#11894 = ORIENTED_EDGE('',*,*,#11895,.T.);
#11895 = EDGE_CURVE('',#11896,#11898,#11900,.T.);
#11896 = VERTEX_POINT('',#11897);
#11897 = CARTESIAN_POINT('',(4.911201680415,-3.597069732938,10.));
#11898 = VERTEX_POINT('',#11899);
#11899 = CARTESIAN_POINT('',(4.911201680415,-3.597069732938,9.6));
#11900 = LINE('',#11901,#11902);
#11901 = CARTESIAN_POINT('',(4.911201680415,-3.597069732938,10.));
#11902 = VECTOR('',#11903,1.);
#11903 = DIRECTION('',(0.,0.,-1.));
#11904 = ORIENTED_EDGE('',*,*,#11905,.T.);
#11905 = EDGE_CURVE('',#11898,#11865,#11906,.T.);
#11906 = B_SPLINE_CURVE_WITH_KNOTS('',2,(#11907,#11908,#11909),
  .UNSPECIFIED.,.F.,.F.,(3,3),(0.,1.),.PIECEWISE_BEZIER_KNOTS.);
#11907 = CARTESIAN_POINT('',(4.911201680415,-3.597069732938,9.6));
#11908 = CARTESIAN_POINT('',(4.909115256083,-3.498451409496,9.6));
#11909 = CARTESIAN_POINT('',(4.904803312463,-3.378273367953,9.6));
#11910 = ORIENTED_EDGE('',*,*,#11862,.F.);
#11911 = ORIENTED_EDGE('',*,*,#11912,.F.);
#11912 = EDGE_CURVE('',#11896,#11863,#11913,.T.);
#11913 = B_SPLINE_CURVE_WITH_KNOTS('',2,(#11914,#11915,#11916),
  .UNSPECIFIED.,.F.,.F.,(3,3),(0.,1.),.PIECEWISE_BEZIER_KNOTS.);
#11914 = CARTESIAN_POINT('',(4.911201680415,-3.597069732938,10.));
#11915 = CARTESIAN_POINT('',(4.909115256083,-3.498451409496,10.));
#11916 = CARTESIAN_POINT('',(4.904803312463,-3.378273367953,10.));
#11917 = SURFACE_OF_LINEAR_EXTRUSION('',#11918,#11922);
#11918 = B_SPLINE_CURVE_WITH_KNOTS('',2,(#11919,#11920,#11921),
  .UNSPECIFIED.,.F.,.F.,(3,3),(0.,1.),.PIECEWISE_BEZIER_KNOTS.);
#11919 = CARTESIAN_POINT('',(4.911201680415,-3.597069732938,10.));
#11920 = CARTESIAN_POINT('',(4.909115256083,-3.498451409496,10.));
#11921 = CARTESIAN_POINT('',(4.904803312463,-3.378273367953,10.));
#11922 = VECTOR('',#11923,1.);
#11923 = DIRECTION('',(-0.,-0.,1.));
#11924 = ADVANCED_FACE('',(#11925),#11950,.F.);
#11925 = FACE_BOUND('',#11926,.F.);
#11926 = EDGE_LOOP('',(#11927,#11937,#11943,#11944));
#11927 = ORIENTED_EDGE('',*,*,#11928,.T.);
#11928 = EDGE_CURVE('',#11929,#11931,#11933,.T.);
#11929 = VERTEX_POINT('',#11930);
#11930 = CARTESIAN_POINT('',(4.911201680415,-3.794445474777,10.));
#11931 = VERTEX_POINT('',#11932);
#11932 = CARTESIAN_POINT('',(4.911201680415,-3.794445474777,9.6));
#11933 = LINE('',#11934,#11935);
#11934 = CARTESIAN_POINT('',(4.911201680415,-3.794445474777,10.));
#11935 = VECTOR('',#11936,1.);
#11936 = DIRECTION('',(0.,0.,-1.));
#11937 = ORIENTED_EDGE('',*,*,#11938,.T.);
#11938 = EDGE_CURVE('',#11931,#11898,#11939,.T.);
#11939 = B_SPLINE_CURVE_WITH_KNOTS('',2,(#11940,#11941,#11942),
  .UNSPECIFIED.,.F.,.F.,(3,3),(0.,1.),.PIECEWISE_BEZIER_KNOTS.);
#11940 = CARTESIAN_POINT('',(4.911201680415,-3.794445474777,9.6));
#11941 = CARTESIAN_POINT('',(4.913427199703,-3.69568805638,9.6));
#11942 = CARTESIAN_POINT('',(4.911201680415,-3.597069732938,9.6));
#11943 = ORIENTED_EDGE('',*,*,#11895,.F.);
#11944 = ORIENTED_EDGE('',*,*,#11945,.F.);
#11945 = EDGE_CURVE('',#11929,#11896,#11946,.T.);
#11946 = B_SPLINE_CURVE_WITH_KNOTS('',2,(#11947,#11948,#11949),
  .UNSPECIFIED.,.F.,.F.,(3,3),(0.,1.),.PIECEWISE_BEZIER_KNOTS.);
#11947 = CARTESIAN_POINT('',(4.911201680415,-3.794445474777,10.));
#11948 = CARTESIAN_POINT('',(4.913427199703,-3.69568805638,10.));
#11949 = CARTESIAN_POINT('',(4.911201680415,-3.597069732938,10.));
#11950 = SURFACE_OF_LINEAR_EXTRUSION('',#11951,#11955);
#11951 = B_SPLINE_CURVE_WITH_KNOTS('',2,(#11952,#11953,#11954),
  .UNSPECIFIED.,.F.,.F.,(3,3),(0.,1.),.PIECEWISE_BEZIER_KNOTS.);
#11952 = CARTESIAN_POINT('',(4.911201680415,-3.794445474777,10.));
#11953 = CARTESIAN_POINT('',(4.913427199703,-3.69568805638,10.));
#11954 = CARTESIAN_POINT('',(4.911201680415,-3.597069732938,10.));
#11955 = VECTOR('',#11956,1.);
#11956 = DIRECTION('',(-0.,-0.,1.));
#11957 = ADVANCED_FACE('',(#11958),#11983,.F.);
#11958 = FACE_BOUND('',#11959,.F.);
#11959 = EDGE_LOOP('',(#11960,#11970,#11976,#11977));
#11960 = ORIENTED_EDGE('',*,*,#11961,.T.);
#11961 = EDGE_CURVE('',#11962,#11964,#11966,.T.);
#11962 = VERTEX_POINT('',#11963);
#11963 = CARTESIAN_POINT('',(4.904803312463,-4.017414688427,10.));
#11964 = VERTEX_POINT('',#11965);
#11965 = CARTESIAN_POINT('',(4.904803312463,-4.017414688427,9.6));
#11966 = LINE('',#11967,#11968);
#11967 = CARTESIAN_POINT('',(4.904803312463,-4.017414688427,10.));
#11968 = VECTOR('',#11969,1.);
#11969 = DIRECTION('',(0.,0.,-1.));
#11970 = ORIENTED_EDGE('',*,*,#11971,.T.);
#11971 = EDGE_CURVE('',#11964,#11931,#11972,.T.);
#11972 = B_SPLINE_CURVE_WITH_KNOTS('',2,(#11973,#11974,#11975),
  .UNSPECIFIED.,.F.,.F.,(3,3),(0.,1.),.PIECEWISE_BEZIER_KNOTS.);
#11973 = CARTESIAN_POINT('',(4.904803312463,-4.017414688427,9.6));
#11974 = CARTESIAN_POINT('',(4.909115256083,-3.89306379822,9.6));
#11975 = CARTESIAN_POINT('',(4.911201680415,-3.794445474777,9.6));
#11976 = ORIENTED_EDGE('',*,*,#11928,.F.);
#11977 = ORIENTED_EDGE('',*,*,#11978,.F.);
#11978 = EDGE_CURVE('',#11962,#11929,#11979,.T.);
#11979 = B_SPLINE_CURVE_WITH_KNOTS('',2,(#11980,#11981,#11982),
  .UNSPECIFIED.,.F.,.F.,(3,3),(0.,1.),.PIECEWISE_BEZIER_KNOTS.);
#11980 = CARTESIAN_POINT('',(4.904803312463,-4.017414688427,10.));
#11981 = CARTESIAN_POINT('',(4.909115256083,-3.89306379822,10.));
#11982 = CARTESIAN_POINT('',(4.911201680415,-3.794445474777,10.));
#11983 = SURFACE_OF_LINEAR_EXTRUSION('',#11984,#11988);
#11984 = B_SPLINE_CURVE_WITH_KNOTS('',2,(#11985,#11986,#11987),
  .UNSPECIFIED.,.F.,.F.,(3,3),(0.,1.),.PIECEWISE_BEZIER_KNOTS.);
#11985 = CARTESIAN_POINT('',(4.904803312463,-4.017414688427,10.));
#11986 = CARTESIAN_POINT('',(4.909115256083,-3.89306379822,10.));
#11987 = CARTESIAN_POINT('',(4.911201680415,-3.794445474777,10.));
#11988 = VECTOR('',#11989,1.);
#11989 = DIRECTION('',(-0.,-0.,1.));
#11990 = ADVANCED_FACE('',(#11991),#12016,.F.);
#11991 = FACE_BOUND('',#11992,.F.);
#11992 = EDGE_LOOP('',(#11993,#12003,#12009,#12010));
#11993 = ORIENTED_EDGE('',*,*,#11994,.T.);
#11994 = EDGE_CURVE('',#11995,#11997,#11999,.T.);
#11995 = VERTEX_POINT('',#11996);
#11996 = CARTESIAN_POINT('',(4.83428217003,-4.380035237389,10.));
#11997 = VERTEX_POINT('',#11998);
#11998 = CARTESIAN_POINT('',(4.83428217003,-4.380035237389,9.6));
#11999 = LINE('',#12000,#12001);
#12000 = CARTESIAN_POINT('',(4.83428217003,-4.380035237389,10.));
#12001 = VECTOR('',#12002,1.);
#12002 = DIRECTION('',(0.,0.,-1.));
#12003 = ORIENTED_EDGE('',*,*,#12004,.T.);
#12004 = EDGE_CURVE('',#11997,#11964,#12005,.T.);
#12005 = B_SPLINE_CURVE_WITH_KNOTS('',2,(#12006,#12007,#12008),
  .UNSPECIFIED.,.F.,.F.,(3,3),(0.,1.),.PIECEWISE_BEZIER_KNOTS.);
#12006 = CARTESIAN_POINT('',(4.83428217003,-4.380035237389,9.6));
#12007 = CARTESIAN_POINT('',(4.900491368843,-4.240522997033,9.6));
#12008 = CARTESIAN_POINT('',(4.904803312463,-4.017414688427,9.6));
#12009 = ORIENTED_EDGE('',*,*,#11961,.F.);
#12010 = ORIENTED_EDGE('',*,*,#12011,.F.);
#12011 = EDGE_CURVE('',#11995,#11962,#12012,.T.);
#12012 = B_SPLINE_CURVE_WITH_KNOTS('',2,(#12013,#12014,#12015),
  .UNSPECIFIED.,.F.,.F.,(3,3),(0.,1.),.PIECEWISE_BEZIER_KNOTS.);
#12013 = CARTESIAN_POINT('',(4.83428217003,-4.380035237389,10.));
#12014 = CARTESIAN_POINT('',(4.900491368843,-4.240522997033,10.));
#12015 = CARTESIAN_POINT('',(4.904803312463,-4.017414688427,10.));
#12016 = SURFACE_OF_LINEAR_EXTRUSION('',#12017,#12021);
#12017 = B_SPLINE_CURVE_WITH_KNOTS('',2,(#12018,#12019,#12020),
  .UNSPECIFIED.,.F.,.F.,(3,3),(0.,1.),.PIECEWISE_BEZIER_KNOTS.);
#12018 = CARTESIAN_POINT('',(4.83428217003,-4.380035237389,10.));
#12019 = CARTESIAN_POINT('',(4.900491368843,-4.240522997033,10.));
#12020 = CARTESIAN_POINT('',(4.904803312463,-4.017414688427,10.));
#12021 = VECTOR('',#12022,1.);
#12022 = DIRECTION('',(-0.,-0.,1.));
#12023 = ADVANCED_FACE('',(#12024),#12049,.F.);
#12024 = FACE_BOUND('',#12025,.F.);
#12025 = EDGE_LOOP('',(#12026,#12036,#12042,#12043));
#12026 = ORIENTED_EDGE('',*,*,#12027,.T.);
#12027 = EDGE_CURVE('',#12028,#12030,#12032,.T.);
#12028 = VERTEX_POINT('',#12029);
#12029 = CARTESIAN_POINT('',(4.63134262997,-4.583809347181,10.));
#12030 = VERTEX_POINT('',#12031);
#12031 = CARTESIAN_POINT('',(4.63134262997,-4.583809347181,9.6));
#12032 = LINE('',#12033,#12034);
#12033 = CARTESIAN_POINT('',(4.63134262997,-4.583809347181,10.));
#12034 = VECTOR('',#12035,1.);
#12035 = DIRECTION('',(0.,0.,-1.));
#12036 = ORIENTED_EDGE('',*,*,#12037,.T.);
#12037 = EDGE_CURVE('',#12030,#11997,#12038,.T.);
#12038 = B_SPLINE_CURVE_WITH_KNOTS('',2,(#12039,#12040,#12041),
  .UNSPECIFIED.,.F.,.F.,(3,3),(0.,1.),.PIECEWISE_BEZIER_KNOTS.);
#12039 = CARTESIAN_POINT('',(4.63134262997,-4.583809347181,9.6));
#12040 = CARTESIAN_POINT('',(4.768072971217,-4.519408382789,9.6));
#12041 = CARTESIAN_POINT('',(4.83428217003,-4.380035237389,9.6));
#12042 = ORIENTED_EDGE('',*,*,#11994,.F.);
#12043 = ORIENTED_EDGE('',*,*,#12044,.F.);
#12044 = EDGE_CURVE('',#12028,#11995,#12045,.T.);
#12045 = B_SPLINE_CURVE_WITH_KNOTS('',2,(#12046,#12047,#12048),
  .UNSPECIFIED.,.F.,.F.,(3,3),(0.,1.),.PIECEWISE_BEZIER_KNOTS.);
#12046 = CARTESIAN_POINT('',(4.63134262997,-4.583809347181,10.));
#12047 = CARTESIAN_POINT('',(4.768072971217,-4.519408382789,10.));
#12048 = CARTESIAN_POINT('',(4.83428217003,-4.380035237389,10.));
#12049 = SURFACE_OF_LINEAR_EXTRUSION('',#12050,#12054);
#12050 = B_SPLINE_CURVE_WITH_KNOTS('',2,(#12051,#12052,#12053),
  .UNSPECIFIED.,.F.,.F.,(3,3),(0.,1.),.PIECEWISE_BEZIER_KNOTS.);
#12051 = CARTESIAN_POINT('',(4.63134262997,-4.583809347181,10.));
#12052 = CARTESIAN_POINT('',(4.768072971217,-4.519408382789,10.));
#12053 = CARTESIAN_POINT('',(4.83428217003,-4.380035237389,10.));
#12054 = VECTOR('',#12055,1.);
#12055 = DIRECTION('',(-0.,-0.,1.));
#12056 = ADVANCED_FACE('',(#12057),#12073,.F.);
#12057 = FACE_BOUND('',#12058,.F.);
#12058 = EDGE_LOOP('',(#12059,#12060,#12066,#12067));
#12059 = ORIENTED_EDGE('',*,*,#11745,.T.);
#12060 = ORIENTED_EDGE('',*,*,#12061,.T.);
#12061 = EDGE_CURVE('',#11738,#12030,#12062,.T.);
#12062 = B_SPLINE_CURVE_WITH_KNOTS('',2,(#12063,#12064,#12065),
  .UNSPECIFIED.,.F.,.F.,(3,3),(0.,1.),.PIECEWISE_BEZIER_KNOTS.);
#12063 = CARTESIAN_POINT('',(4.280962437092,-4.648071216617,9.6));
#12064 = CARTESIAN_POINT('',(4.494612288724,-4.648071216617,9.6));
#12065 = CARTESIAN_POINT('',(4.63134262997,-4.583809347181,9.6));
#12066 = ORIENTED_EDGE('',*,*,#12027,.F.);
#12067 = ORIENTED_EDGE('',*,*,#12068,.F.);
#12068 = EDGE_CURVE('',#11746,#12028,#12069,.T.);
#12069 = B_SPLINE_CURVE_WITH_KNOTS('',2,(#12070,#12071,#12072),
  .UNSPECIFIED.,.F.,.F.,(3,3),(0.,1.),.PIECEWISE_BEZIER_KNOTS.);
#12070 = CARTESIAN_POINT('',(4.280962437092,-4.648071216617,10.));
#12071 = CARTESIAN_POINT('',(4.494612288724,-4.648071216617,10.));
#12072 = CARTESIAN_POINT('',(4.63134262997,-4.583809347181,10.));
#12073 = SURFACE_OF_LINEAR_EXTRUSION('',#12074,#12078);
#12074 = B_SPLINE_CURVE_WITH_KNOTS('',2,(#12075,#12076,#12077),
  .UNSPECIFIED.,.F.,.F.,(3,3),(0.,1.),.PIECEWISE_BEZIER_KNOTS.);
#12075 = CARTESIAN_POINT('',(4.280962437092,-4.648071216617,10.));
#12076 = CARTESIAN_POINT('',(4.494612288724,-4.648071216617,10.));
#12077 = CARTESIAN_POINT('',(4.63134262997,-4.583809347181,10.));
#12078 = VECTOR('',#12079,1.);
#12079 = DIRECTION('',(-0.,-0.,1.));
#12080 = ADVANCED_FACE('',(#12081,#12098),#12111,.T.);
#12081 = FACE_BOUND('',#12082,.T.);
#12082 = EDGE_LOOP('',(#12083,#12084,#12085,#12086,#12087,#12088,#12089,
    #12090,#12091,#12092,#12093,#12094,#12095,#12096,#12097));
#12083 = ORIENTED_EDGE('',*,*,#11264,.F.);
#12084 = ORIENTED_EDGE('',*,*,#11297,.F.);
#12085 = ORIENTED_EDGE('',*,*,#11328,.F.);
#12086 = ORIENTED_EDGE('',*,*,#11361,.F.);
#12087 = ORIENTED_EDGE('',*,*,#11394,.F.);
#12088 = ORIENTED_EDGE('',*,*,#11427,.F.);
#12089 = ORIENTED_EDGE('',*,*,#11460,.F.);
#12090 = ORIENTED_EDGE('',*,*,#11493,.F.);
#12091 = ORIENTED_EDGE('',*,*,#11526,.F.);
#12092 = ORIENTED_EDGE('',*,*,#11559,.F.);
#12093 = ORIENTED_EDGE('',*,*,#11592,.F.);
#12094 = ORIENTED_EDGE('',*,*,#11623,.F.);
#12095 = ORIENTED_EDGE('',*,*,#11656,.F.);
#12096 = ORIENTED_EDGE('',*,*,#11689,.F.);
#12097 = ORIENTED_EDGE('',*,*,#11711,.F.);
#12098 = FACE_BOUND('',#12099,.T.);
#12099 = EDGE_LOOP('',(#12100,#12101,#12102,#12103,#12104,#12105,#12106,
    #12107,#12108,#12109,#12110));
#12100 = ORIENTED_EDGE('',*,*,#11753,.F.);
#12101 = ORIENTED_EDGE('',*,*,#11784,.F.);
#12102 = ORIENTED_EDGE('',*,*,#11815,.F.);
#12103 = ORIENTED_EDGE('',*,*,#11846,.F.);
#12104 = ORIENTED_EDGE('',*,*,#11879,.F.);
#12105 = ORIENTED_EDGE('',*,*,#11912,.F.);
#12106 = ORIENTED_EDGE('',*,*,#11945,.F.);
#12107 = ORIENTED_EDGE('',*,*,#11978,.F.);
#12108 = ORIENTED_EDGE('',*,*,#12011,.F.);
#12109 = ORIENTED_EDGE('',*,*,#12044,.F.);
#12110 = ORIENTED_EDGE('',*,*,#12068,.F.);
#12111 = PLANE('',#12112);
#12112 = AXIS2_PLACEMENT_3D('',#12113,#12114,#12115);
#12113 = CARTESIAN_POINT('',(4.245396040957,-3.70286518806,10.));
#12114 = DIRECTION('',(0.,0.,1.));
#12115 = DIRECTION('',(1.,0.,0.));
#12116 = ADVANCED_FACE('',(#12117,#12134),#12147,.F.);
#12117 = FACE_BOUND('',#12118,.F.);
#12118 = EDGE_LOOP('',(#12119,#12120,#12121,#12122,#12123,#12124,#12125,
    #12126,#12127,#12128,#12129,#12130,#12131,#12132,#12133));
#12119 = ORIENTED_EDGE('',*,*,#11248,.F.);
#12120 = ORIENTED_EDGE('',*,*,#11290,.F.);
#12121 = ORIENTED_EDGE('',*,*,#11321,.F.);
#12122 = ORIENTED_EDGE('',*,*,#11354,.F.);
#12123 = ORIENTED_EDGE('',*,*,#11387,.F.);
#12124 = ORIENTED_EDGE('',*,*,#11420,.F.);
#12125 = ORIENTED_EDGE('',*,*,#11453,.F.);
#12126 = ORIENTED_EDGE('',*,*,#11486,.F.);
#12127 = ORIENTED_EDGE('',*,*,#11519,.F.);
#12128 = ORIENTED_EDGE('',*,*,#11552,.F.);
#12129 = ORIENTED_EDGE('',*,*,#11585,.F.);
#12130 = ORIENTED_EDGE('',*,*,#11616,.F.);
#12131 = ORIENTED_EDGE('',*,*,#11649,.F.);
#12132 = ORIENTED_EDGE('',*,*,#11682,.F.);
#12133 = ORIENTED_EDGE('',*,*,#11704,.F.);
#12134 = FACE_BOUND('',#12135,.F.);
#12135 = EDGE_LOOP('',(#12136,#12137,#12138,#12139,#12140,#12141,#12142,
    #12143,#12144,#12145,#12146));
#12136 = ORIENTED_EDGE('',*,*,#11737,.F.);
#12137 = ORIENTED_EDGE('',*,*,#11777,.F.);
#12138 = ORIENTED_EDGE('',*,*,#11808,.F.);
#12139 = ORIENTED_EDGE('',*,*,#11839,.F.);
#12140 = ORIENTED_EDGE('',*,*,#11872,.F.);
#12141 = ORIENTED_EDGE('',*,*,#11905,.F.);
#12142 = ORIENTED_EDGE('',*,*,#11938,.F.);
#12143 = ORIENTED_EDGE('',*,*,#11971,.F.);
#12144 = ORIENTED_EDGE('',*,*,#12004,.F.);
#12145 = ORIENTED_EDGE('',*,*,#12037,.F.);
#12146 = ORIENTED_EDGE('',*,*,#12061,.F.);
#12147 = PLANE('',#12148);
#12148 = AXIS2_PLACEMENT_3D('',#12149,#12150,#12151);
#12149 = CARTESIAN_POINT('',(4.245396040957,-3.70286518806,9.6));
#12150 = DIRECTION('',(0.,0.,1.));
#12151 = DIRECTION('',(1.,0.,0.));
#12152 = ( GEOMETRIC_REPRESENTATION_CONTEXT(3) 
GLOBAL_UNCERTAINTY_ASSIGNED_CONTEXT((#12156)) 
GLOBAL_UNIT_ASSIGNED_CONTEXT((#12153,#12154,#12155)) 
REPRESENTATION_CONTEXT('Context #1',
  '3D Context with UNIT and UNCERTAINTY') );
#12153 = ( LENGTH_UNIT() NAMED_UNIT(*) SI_UNIT(.MILLI.,.METRE.) );
#12154 = ( NAMED_UNIT(*) PLANE_ANGLE_UNIT() SI_UNIT($,.RADIAN.) );
#12155 = ( NAMED_UNIT(*) SI_UNIT($,.STERADIAN.) SOLID_ANGLE_UNIT() );
#12156 = UNCERTAINTY_MEASURE_WITH_UNIT(LENGTH_MEASURE(1.E-07),#12153,
  'distance_accuracy_value','confusion accuracy');
#12157 = CONTEXT_DEPENDENT_SHAPE_REPRESENTATION(#12158,#12160);
#12158 = ( REPRESENTATION_RELATIONSHIP('','',#7981,#10) 
REPRESENTATION_RELATIONSHIP_WITH_TRANSFORMATION(#12159) 
SHAPE_REPRESENTATION_RELATIONSHIP() );
#12159 = ITEM_DEFINED_TRANSFORMATION('','',#11,#23);
#12160 = PRODUCT_DEFINITION_SHAPE('Placement','Placement of an item',
  #12161);
#12161 = NEXT_ASSEMBLY_USAGE_OCCURRENCE('92','Extrude001','',#5,#7976,$
  );
#12162 = PRODUCT_RELATED_PRODUCT_CATEGORY('part',$,(#7978));
#12163 = MECHANICAL_DESIGN_GEOMETRIC_PRESENTATION_REPRESENTATION('',(
    #12164),#6816);
#12164 = STYLED_ITEM('color',(#12165),#41);
#12165 = PRESENTATION_STYLE_ASSIGNMENT((#12166,#12172));
#12166 = SURFACE_STYLE_USAGE(.BOTH.,#12167);
#12167 = SURFACE_SIDE_STYLE('',(#12168));
#12168 = SURFACE_STYLE_FILL_AREA(#12169);
#12169 = FILL_AREA_STYLE('',(#12170));
#12170 = FILL_AREA_STYLE_COLOUR('',#12171);
#12171 = COLOUR_RGB('',0.447058818107,0.474509808674,0.501960817233);
#12172 = CURVE_STYLE('',#12173,POSITIVE_LENGTH_MEASURE(0.1),#12174);
#12173 = DRAUGHTING_PRE_DEFINED_CURVE_FONT('continuous');
#12174 = COLOUR_RGB('',9.803921802644E-02,9.803921802644E-02,
  9.803921802644E-02);
#12175 = MECHANICAL_DESIGN_GEOMETRIC_PRESENTATION_REPRESENTATION('',(
    #12176),#7963);
#12176 = STYLED_ITEM('color',(#12177),#6835);
#12177 = PRESENTATION_STYLE_ASSIGNMENT((#12178,#12183));
#12178 = SURFACE_STYLE_USAGE(.BOTH.,#12179);
#12179 = SURFACE_SIDE_STYLE('',(#12180));
#12180 = SURFACE_STYLE_FILL_AREA(#12181);
#12181 = FILL_AREA_STYLE('',(#12182));
#12182 = FILL_AREA_STYLE_COLOUR('',#12171);
#12183 = CURVE_STYLE('',#12184,POSITIVE_LENGTH_MEASURE(0.1),#12174);
#12184 = DRAUGHTING_PRE_DEFINED_CURVE_FONT('continuous');
#12185 = MECHANICAL_DESIGN_GEOMETRIC_PRESENTATION_REPRESENTATION('',(
    #12186,#12195,#12204,#12213),#12152);
#12186 = STYLED_ITEM('color',(#12187),#7982);
#12187 = PRESENTATION_STYLE_ASSIGNMENT((#12188,#12193));
#12188 = SURFACE_STYLE_USAGE(.BOTH.,#12189);
#12189 = SURFACE_SIDE_STYLE('',(#12190));
#12190 = SURFACE_STYLE_FILL_AREA(#12191);
#12191 = FILL_AREA_STYLE('',(#12192));
#12192 = FILL_AREA_STYLE_COLOUR('',#12171);
#12193 = CURVE_STYLE('',#12194,POSITIVE_LENGTH_MEASURE(0.1),#12174);
#12194 = DRAUGHTING_PRE_DEFINED_CURVE_FONT('continuous');
#12195 = STYLED_ITEM('color',(#12196),#9110);
#12196 = PRESENTATION_STYLE_ASSIGNMENT((#12197,#12202));
#12197 = SURFACE_STYLE_USAGE(.BOTH.,#12198);
#12198 = SURFACE_SIDE_STYLE('',(#12199));
#12199 = SURFACE_STYLE_FILL_AREA(#12200);
#12200 = FILL_AREA_STYLE('',(#12201));
#12201 = FILL_AREA_STYLE_COLOUR('',#12171);
#12202 = CURVE_STYLE('',#12203,POSITIVE_LENGTH_MEASURE(0.1),#12174);
#12203 = DRAUGHTING_PRE_DEFINED_CURVE_FONT('continuous');
#12204 = STYLED_ITEM('color',(#12205),#10182);
#12205 = PRESENTATION_STYLE_ASSIGNMENT((#12206,#12211));
#12206 = SURFACE_STYLE_USAGE(.BOTH.,#12207);
#12207 = SURFACE_SIDE_STYLE('',(#12208));
#12208 = SURFACE_STYLE_FILL_AREA(#12209);
#12209 = FILL_AREA_STYLE('',(#12210));
#12210 = FILL_AREA_STYLE_COLOUR('',#12171);
#12211 = CURVE_STYLE('',#12212,POSITIVE_LENGTH_MEASURE(0.1),#12174);
#12212 = DRAUGHTING_PRE_DEFINED_CURVE_FONT('continuous');
#12213 = STYLED_ITEM('color',(#12214),#11232);
#12214 = PRESENTATION_STYLE_ASSIGNMENT((#12215,#12220));
#12215 = SURFACE_STYLE_USAGE(.BOTH.,#12216);
#12216 = SURFACE_SIDE_STYLE('',(#12217));
#12217 = SURFACE_STYLE_FILL_AREA(#12218);
#12218 = FILL_AREA_STYLE('',(#12219));
#12219 = FILL_AREA_STYLE_COLOUR('',#12171);
#12220 = CURVE_STYLE('',#12221,POSITIVE_LENGTH_MEASURE(0.1),#12174);
#12221 = DRAUGHTING_PRE_DEFINED_CURVE_FONT('continuous');
ENDSEC;
END-ISO-10303-21;
