ISO-10303-21;
HEADER;
FILE_DESCRIPTION(('FreeCAD Model'),'2;1');
FILE_NAME('Open CASCADE Shape Model','2026-09-02T16:43:17',(''),(''),
  'Open CASCADE STEP processor 7.8','FreeCAD','Unknown');
FILE_SCHEMA(('AUTOMOTIVE_DESIGN { 1 0 10303 214 1 1 1 1 }'));
ENDSEC;
DATA;
#1 = APPLICATION_PROTOCOL_DEFINITION('international standard',
  'automotive_design',2000,#2);
#2 = APPLICATION_CONTEXT(
  'core data for automotive mechanical design processes');
#3 = SHAPE_DEFINITION_REPRESENTATION(#4,#10);
#4 = PRODUCT_DEFINITION_SHAPE('','',#5);
#5 = PRODUCT_DEFINITION('design','',#6,#9);
#6 = PRODUCT_DEFINITION_FORMATION('','',#7);
#7 = PRODUCT('Tasta_CS','Tasta_CS','',(#8));
#8 = PRODUCT_CONTEXT('',#2,'mechanical');
#9 = PRODUCT_DEFINITION_CONTEXT('part definition',#2,'design');
#10 = SHAPE_REPRESENTATION('',(#11,#15,#19),#23);
#11 = AXIS2_PLACEMENT_3D('',#12,#13,#14);
#12 = CARTESIAN_POINT('',(0.,0.,0.));
#13 = DIRECTION('',(0.,0.,1.));
#14 = DIRECTION('',(1.,0.,-0.));
#15 = AXIS2_PLACEMENT_3D('',#16,#17,#18);
#16 = CARTESIAN_POINT('',(0.,0.,0.));
#17 = DIRECTION('',(0.,0.,1.));
#18 = DIRECTION('',(1.,0.,0.));
#19 = AXIS2_PLACEMENT_3D('',#20,#21,#22);
#20 = CARTESIAN_POINT('',(0.,0.,0.));
#21 = DIRECTION('',(0.,0.,1.));
#22 = DIRECTION('',(1.,0.,0.));
#23 = ( GEOMETRIC_REPRESENTATION_CONTEXT(3) 
GLOBAL_UNCERTAINTY_ASSIGNED_CONTEXT((#27)) GLOBAL_UNIT_ASSIGNED_CONTEXT(
(#24,#25,#26)) REPRESENTATION_CONTEXT('Context #1',
  '3D Context with UNIT and UNCERTAINTY') );
#24 = ( LENGTH_UNIT() NAMED_UNIT(*) SI_UNIT(.MILLI.,.METRE.) );
#25 = ( NAMED_UNIT(*) PLANE_ANGLE_UNIT() SI_UNIT($,.RADIAN.) );
#26 = ( NAMED_UNIT(*) SI_UNIT($,.STERADIAN.) SOLID_ANGLE_UNIT() );
#27 = UNCERTAINTY_MEASURE_WITH_UNIT(LENGTH_MEASURE(1.E-07),#24,
  'distance_accuracy_value','confusion accuracy');
#28 = PRODUCT_RELATED_PRODUCT_CATEGORY('part',$,(#7));
#29 = SHAPE_DEFINITION_REPRESENTATION(#30,#36);
#30 = PRODUCT_DEFINITION_SHAPE('','',#31);
#31 = PRODUCT_DEFINITION('design','',#32,#35);
#32 = PRODUCT_DEFINITION_FORMATION('','',#33);
#33 = PRODUCT('Body','Body','',(#34));
#34 = PRODUCT_CONTEXT('',#2,'mechanical');
#35 = PRODUCT_DEFINITION_CONTEXT('part definition',#2,'design');
#36 = ADVANCED_BREP_SHAPE_REPRESENTATION('',(#11,#37),#4289);
#37 = MANIFOLD_SOLID_BREP('',#38);
#38 = CLOSED_SHELL('',(#39,#79,#129,#183,#305,#339,#364,#418,#435,#461,
    #1143,#1177,#1202,#1245,#1264,#1295,#1319,#1343,#1367,#1391,#1415,
    #1439,#1456,#1483,#1502,#1529,#1541,#1574,#1600,#1626,#1652,#1678,
    #1704,#1728,#1754,#1780,#1806,#1832,#1858,#1884,#1910,#1936,#1962,
    #1988,#2014,#2040,#2066,#2090,#2116,#2142,#2168,#2194,#2220,#2246,
    #2272,#2298,#2324,#2350,#2376,#2402,#2428,#2447,#2480,#2506,#2532,
    #2558,#2584,#2610,#2636,#2662,#2688,#2714,#2740,#2766,#2792,#2818,
    #2844,#2868,#2894,#2920,#2946,#2972,#2998,#3024,#3050,#3076,#3102,
    #3128,#3154,#3180,#3206,#3232,#3258,#3284,#3310,#3336,#3362,#3388,
    #3414,#3440,#3464,#3490,#3516,#3542,#3568,#3587,#3614,#3657,#3709,
    #3734,#3877,#3908,#3933,#3957,#3981,#4005,#4030,#4054,#4078,#4102,
    #4127,#4151,#4175,#4199,#4224,#4248,#4265));
#39 = ADVANCED_FACE('',(#40),#74,.T.);
#40 = FACE_BOUND('',#41,.T.);
#41 = EDGE_LOOP('',(#42,#51,#61,#68));
#42 = ORIENTED_EDGE('',*,*,#43,.T.);
#43 = EDGE_CURVE('',#44,#46,#48,.T.);
#44 = VERTEX_POINT('',#45);
#45 = CARTESIAN_POINT('',(-9.1,-7.685786437627,0.));
#46 = VERTEX_POINT('',#47);
#47 = CARTESIAN_POINT('',(-7.102758617143,-5.68854505477,9.510673251699)
  );
#48 = B_SPLINE_CURVE_WITH_KNOTS('',1,(#49,#50),.UNSPECIFIED.,.F.,.F.,(2,
    2),(0.,1.),.PIECEWISE_BEZIER_KNOTS.);
#49 = CARTESIAN_POINT('',(-9.1,-7.685786437627,0.));
#50 = CARTESIAN_POINT('',(-7.,-5.585786437627,10.));
#51 = ORIENTED_EDGE('',*,*,#52,.F.);
#52 = EDGE_CURVE('',#53,#46,#55,.T.);
#53 = VERTEX_POINT('',#54);
#54 = CARTESIAN_POINT('',(-7.102758617143,5.68854505477,9.510673251699)
  );
#55 = B_SPLINE_CURVE_WITH_KNOTS('',2,(#56,#57,#58,#59,#60),
  .UNSPECIFIED.,.F.,.F.,(3,1,1,3),(-1.183700259966,-0.5,11.671572875254,
    12.355273135219),.UNSPECIFIED.);
#56 = CARTESIAN_POINT('',(-7.102758617143,6.769486697592,9.510673251699)
  );
#57 = CARTESIAN_POINT('',(-7.102758617143,6.42763656761,9.510673251699)
  );
#58 = CARTESIAN_POINT('',(-7.102758617143,-2.66E-15,9.510673251699));
#59 = CARTESIAN_POINT('',(-7.102758617143,-6.42763656761,9.510673251699)
  );
#60 = CARTESIAN_POINT('',(-7.102758617143,-6.769486697592,9.510673251699
    ));
#61 = ORIENTED_EDGE('',*,*,#62,.F.);
#62 = EDGE_CURVE('',#63,#53,#65,.T.);
#63 = VERTEX_POINT('',#64);
#64 = CARTESIAN_POINT('',(-9.1,7.685786437627,0.));
#65 = B_SPLINE_CURVE_WITH_KNOTS('',1,(#66,#67),.UNSPECIFIED.,.F.,.F.,(2,
    2),(0.,1.),.PIECEWISE_BEZIER_KNOTS.);
#66 = CARTESIAN_POINT('',(-9.1,7.685786437627,0.));
#67 = CARTESIAN_POINT('',(-7.,5.585786437627,10.));
#68 = ORIENTED_EDGE('',*,*,#69,.T.);
#69 = EDGE_CURVE('',#63,#44,#70,.T.);
#70 = LINE('',#71,#72);
#71 = CARTESIAN_POINT('',(-9.1,7.685786437627,0.));
#72 = VECTOR('',#73,1.);
#73 = DIRECTION('',(0.,-1.,0.));
#74 = B_SPLINE_SURFACE_WITH_KNOTS('',1,1,(
    (#75,#76)
    ,(#77,#78
    )),.UNSPECIFIED.,.F.,.F.,.F.,(2,2),(2,2),(0.,15.371572875254),(0.,1.
    ),.PIECEWISE_BEZIER_KNOTS.);
#75 = CARTESIAN_POINT('',(-9.1,7.685786437627,0.));
#76 = CARTESIAN_POINT('',(-7.,5.585786437627,10.));
#77 = CARTESIAN_POINT('',(-9.1,-7.685786437627,0.));
#78 = CARTESIAN_POINT('',(-7.,-5.585786437627,10.));
#79 = ADVANCED_FACE('',(#80),#124,.T.);
#80 = FACE_BOUND('',#81,.T.);
#81 = EDGE_LOOP('',(#82,#91,#101,#109,#117,#118));
#82 = ORIENTED_EDGE('',*,*,#83,.T.);
#83 = EDGE_CURVE('',#84,#86,#88,.T.);
#84 = VERTEX_POINT('',#85);
#85 = CARTESIAN_POINT('',(-7.685786437627,-9.1,0.));
#86 = VERTEX_POINT('',#87);
#87 = CARTESIAN_POINT('',(-5.68854505477,-7.102758617143,9.510673251699)
  );
#88 = B_SPLINE_CURVE_WITH_KNOTS('',1,(#89,#90),.UNSPECIFIED.,.F.,.F.,(2,
    2),(0.,1.),.PIECEWISE_BEZIER_KNOTS.);
#89 = CARTESIAN_POINT('',(-7.685786437627,-9.1,0.));
#90 = CARTESIAN_POINT('',(-5.585786437627,-7.,10.));
#91 = ORIENTED_EDGE('',*,*,#92,.F.);
#92 = EDGE_CURVE('',#93,#86,#95,.T.);
#93 = VERTEX_POINT('',#94);
#94 = CARTESIAN_POINT('',(-5.696677530706,-7.090418714604,9.520690934088
    ));
#95 = B_SPLINE_CURVE_WITH_KNOTS('',4,(#96,#97,#98,#99,#100),
  .UNSPECIFIED.,.F.,.F.,(5,5),(0.,1.),.PIECEWISE_BEZIER_KNOTS.);
#96 = CARTESIAN_POINT('',(-5.696632501422,-7.090487040287,9.520635466471
    ));
#97 = CARTESIAN_POINT('',(-5.694610639759,-7.093554934501,9.518144912778
    ));
#98 = CARTESIAN_POINT('',(-5.692588778096,-7.096622828715,9.515654359085
    ));
#99 = CARTESIAN_POINT('',(-5.690566916433,-7.099690722929,9.513163805392
    ));
#100 = CARTESIAN_POINT('',(-5.68854505477,-7.102758617143,9.510673251699
    ));
#101 = ORIENTED_EDGE('',*,*,#102,.F.);
#102 = EDGE_CURVE('',#103,#93,#105,.T.);
#103 = VERTEX_POINT('',#104);
#104 = CARTESIAN_POINT('',(-7.090418714604,-5.696677530706,
    9.520690934088));
#105 = LINE('',#106,#107);
#106 = CARTESIAN_POINT('',(-7.100654903841,-5.686441341468,
    9.520690934088));
#107 = VECTOR('',#108,1.);
#108 = DIRECTION('',(0.707106781187,-0.707106781187,0.));
#109 = ORIENTED_EDGE('',*,*,#110,.T.);
#110 = EDGE_CURVE('',#103,#46,#111,.T.);
#111 = B_SPLINE_CURVE_WITH_KNOTS('',4,(#112,#113,#114,#115,#116),
  .UNSPECIFIED.,.F.,.F.,(5,5),(0.,1.),.PIECEWISE_BEZIER_KNOTS.);
#112 = CARTESIAN_POINT('',(-7.090487040287,-5.696632501422,
    9.520635466471));
#113 = CARTESIAN_POINT('',(-7.093554934501,-5.694610639759,
    9.518144912778));
#114 = CARTESIAN_POINT('',(-7.096622828715,-5.692588778096,
    9.515654359085));
#115 = CARTESIAN_POINT('',(-7.099690722929,-5.690566916433,
    9.513163805392));
#116 = CARTESIAN_POINT('',(-7.102758617143,-5.68854505477,9.510673251699
    ));
#117 = ORIENTED_EDGE('',*,*,#43,.F.);
#118 = ORIENTED_EDGE('',*,*,#119,.T.);
#119 = EDGE_CURVE('',#44,#84,#120,.T.);
#120 = LINE('',#121,#122);
#121 = CARTESIAN_POINT('',(-9.1,-7.685786437627,0.));
#122 = VECTOR('',#123,1.);
#123 = DIRECTION('',(0.707106781187,-0.707106781187,0.));
#124 = PLANE('',#125);
#125 = AXIS2_PLACEMENT_3D('',#126,#127,#128);
#126 = CARTESIAN_POINT('',(-7.,-5.585786437627,10.));
#127 = DIRECTION('',(-0.677845381581,-0.677845381581,0.284695060264));
#128 = DIRECTION('',(0.707106781187,-0.707106781187,-5.551115123126E-17)
  );
#129 = ADVANCED_FACE('',(#130),#172,.F.);
#130 = FACE_BOUND('',#131,.F.);
#131 = EDGE_LOOP('',(#132,#144,#154,#162,#163,#164));
#132 = ORIENTED_EDGE('',*,*,#133,.F.);
#133 = EDGE_CURVE('',#134,#136,#138,.T.);
#134 = VERTEX_POINT('',#135);
#135 = CARTESIAN_POINT('',(-6.5,5.37867965644,10.));
#136 = VERTEX_POINT('',#137);
#137 = CARTESIAN_POINT('',(-7.090418714604,5.696677530706,9.520690934088
    ));
#138 = B_SPLINE_CURVE_WITH_KNOTS('',4,(#139,#140,#141,#142,#143),
  .UNSPECIFIED.,.F.,.F.,(5,5),(0.,1.),.PIECEWISE_BEZIER_KNOTS.);
#139 = CARTESIAN_POINT('',(-6.5,5.37867965644,10.));
#140 = CARTESIAN_POINT('',(-6.647604678651,5.458179125007,9.880172733522
    ));
#141 = CARTESIAN_POINT('',(-6.795209357302,5.537678593573,9.760345467044
    ));
#142 = CARTESIAN_POINT('',(-6.942814035953,5.617178062139,9.640518200566
    ));
#143 = CARTESIAN_POINT('',(-7.090418714604,5.696677530706,9.520690934088
    ));
#144 = ORIENTED_EDGE('',*,*,#145,.T.);
#145 = EDGE_CURVE('',#134,#146,#148,.T.);
#146 = VERTEX_POINT('',#147);
#147 = CARTESIAN_POINT('',(-6.5,-5.37867965644,10.));
#148 = B_SPLINE_CURVE_WITH_KNOTS('',2,(#149,#150,#151,#152,#153),
  .UNSPECIFIED.,.F.,.F.,(3,1,1,3),(-1.183700259966,-0.5,11.671572875254,
    12.355273135219),.UNSPECIFIED.);
#149 = CARTESIAN_POINT('',(-6.5,6.769486697592,10.));
#150 = CARTESIAN_POINT('',(-6.5,6.42763656761,10.));
#151 = CARTESIAN_POINT('',(-6.5,-1.78E-15,10.));
#152 = CARTESIAN_POINT('',(-6.5,-6.42763656761,10.));
#153 = CARTESIAN_POINT('',(-6.5,-6.769486697592,10.));
#154 = ORIENTED_EDGE('',*,*,#155,.T.);
#155 = EDGE_CURVE('',#146,#103,#156,.T.);
#156 = B_SPLINE_CURVE_WITH_KNOTS('',4,(#157,#158,#159,#160,#161),
  .UNSPECIFIED.,.F.,.F.,(5,5),(0.,1.),.PIECEWISE_BEZIER_KNOTS.);
#157 = CARTESIAN_POINT('',(-6.5,-5.37867965644,10.));
#158 = CARTESIAN_POINT('',(-6.647604678651,-5.458179125007,
    9.880172733522));
#159 = CARTESIAN_POINT('',(-6.795209357302,-5.537678593573,
    9.760345467044));
#160 = CARTESIAN_POINT('',(-6.942814035953,-5.617178062139,
    9.640518200566));
#161 = CARTESIAN_POINT('',(-7.090418714604,-5.696677530706,
    9.520690934088));
#162 = ORIENTED_EDGE('',*,*,#110,.T.);
#163 = ORIENTED_EDGE('',*,*,#52,.F.);
#164 = ORIENTED_EDGE('',*,*,#165,.F.);
#165 = EDGE_CURVE('',#136,#53,#166,.T.);
#166 = B_SPLINE_CURVE_WITH_KNOTS('',4,(#167,#168,#169,#170,#171),
  .UNSPECIFIED.,.F.,.F.,(5,5),(0.,1.),.PIECEWISE_BEZIER_KNOTS.);
#167 = CARTESIAN_POINT('',(-7.090418714604,5.696677530706,9.520690934088
    ));
#168 = CARTESIAN_POINT('',(-7.093503690239,5.694644411722,9.518186513491
    ));
#169 = CARTESIAN_POINT('',(-7.096588665874,5.692611292738,9.515682092894
    ));
#170 = CARTESIAN_POINT('',(-7.099673641508,5.690578173754,9.513177672296
    ));
#171 = CARTESIAN_POINT('',(-7.102758617143,5.68854505477,9.510673251699)
  );
#172 = B_SPLINE_SURFACE_WITH_KNOTS('',1,2,(
    (#173,#174,#175,#176,#177)
    ,(#178,#179,#180,#181,#182
    )),.UNSPECIFIED.,.F.,.F.,.F.,(2,2),(3,1,1,3),(0.,12.171572875254),(
    -1.183700259966,-0.5,11.671572875254,12.355273135219),
  .UNSPECIFIED.);
#173 = CARTESIAN_POINT('',(-7.102758617143,6.769486697592,9.510673251699
    ));
#174 = CARTESIAN_POINT('',(-7.102758617143,6.42763656761,9.510673251699)
  );
#175 = CARTESIAN_POINT('',(-7.102758617143,-2.66E-15,9.510673251699));
#176 = CARTESIAN_POINT('',(-7.102758617143,-6.42763656761,9.510673251699
    ));
#177 = CARTESIAN_POINT('',(-7.102758617143,-6.769486697592,
    9.510673251699));
#178 = CARTESIAN_POINT('',(-6.5,6.769486697592,10.));
#179 = CARTESIAN_POINT('',(-6.5,6.42763656761,10.));
#180 = CARTESIAN_POINT('',(-6.5,-1.78E-15,10.));
#181 = CARTESIAN_POINT('',(-6.5,-6.42763656761,10.));
#182 = CARTESIAN_POINT('',(-6.5,-6.769486697592,10.));
#183 = ADVANCED_FACE('',(#184,#234),#300,.F.);
#184 = FACE_BOUND('',#185,.F.);
#185 = EDGE_LOOP('',(#186,#187,#188,#196,#204,#212,#220,#228));
#186 = ORIENTED_EDGE('',*,*,#69,.T.);
#187 = ORIENTED_EDGE('',*,*,#119,.T.);
#188 = ORIENTED_EDGE('',*,*,#189,.T.);
#189 = EDGE_CURVE('',#84,#190,#192,.T.);
#190 = VERTEX_POINT('',#191);
#191 = CARTESIAN_POINT('',(7.685786437627,-9.1,0.));
#192 = LINE('',#193,#194);
#193 = CARTESIAN_POINT('',(-7.685786437627,-9.1,0.));
#194 = VECTOR('',#195,1.);
#195 = DIRECTION('',(1.,0.,0.));
#196 = ORIENTED_EDGE('',*,*,#197,.T.);
#197 = EDGE_CURVE('',#190,#198,#200,.T.);
#198 = VERTEX_POINT('',#199);
#199 = CARTESIAN_POINT('',(9.1,-7.685786437627,0.));
#200 = LINE('',#201,#202);
#201 = CARTESIAN_POINT('',(7.685786437627,-9.1,0.));
#202 = VECTOR('',#203,1.);
#203 = DIRECTION('',(0.707106781187,0.707106781187,0.));
#204 = ORIENTED_EDGE('',*,*,#205,.T.);
#205 = EDGE_CURVE('',#198,#206,#208,.T.);
#206 = VERTEX_POINT('',#207);
#207 = CARTESIAN_POINT('',(9.1,7.685786437627,0.));
#208 = LINE('',#209,#210);
#209 = CARTESIAN_POINT('',(9.1,-7.685786437627,0.));
#210 = VECTOR('',#211,1.);
#211 = DIRECTION('',(0.,1.,0.));
#212 = ORIENTED_EDGE('',*,*,#213,.T.);
#213 = EDGE_CURVE('',#206,#214,#216,.T.);
#214 = VERTEX_POINT('',#215);
#215 = CARTESIAN_POINT('',(7.685786437627,9.1,0.));
#216 = LINE('',#217,#218);
#217 = CARTESIAN_POINT('',(9.1,7.685786437627,0.));
#218 = VECTOR('',#219,1.);
#219 = DIRECTION('',(-0.707106781187,0.707106781187,0.));
#220 = ORIENTED_EDGE('',*,*,#221,.T.);
#221 = EDGE_CURVE('',#214,#222,#224,.T.);
#222 = VERTEX_POINT('',#223);
#223 = CARTESIAN_POINT('',(-7.685786437627,9.1,0.));
#224 = LINE('',#225,#226);
#225 = CARTESIAN_POINT('',(7.685786437627,9.1,0.));
#226 = VECTOR('',#227,1.);
#227 = DIRECTION('',(-1.,0.,0.));
#228 = ORIENTED_EDGE('',*,*,#229,.T.);
#229 = EDGE_CURVE('',#222,#63,#230,.T.);
#230 = LINE('',#231,#232);
#231 = CARTESIAN_POINT('',(-7.685786437627,9.1,0.));
#232 = VECTOR('',#233,1.);
#233 = DIRECTION('',(-0.707106781187,-0.707106781187,0.));
#234 = FACE_BOUND('',#235,.F.);
#235 = EDGE_LOOP('',(#236,#246,#254,#262,#270,#278,#286,#294));
#236 = ORIENTED_EDGE('',*,*,#237,.T.);
#237 = EDGE_CURVE('',#238,#240,#242,.T.);
#238 = VERTEX_POINT('',#239);
#239 = CARTESIAN_POINT('',(-7.873825461037,-7.141645750422,-1.E-15));
#240 = VERTEX_POINT('',#241);
#241 = CARTESIAN_POINT('',(-7.873825461037,7.141645750422,-1.E-15));
#242 = LINE('',#243,#244);
#243 = CARTESIAN_POINT('',(-7.873825461037,-4.6E-16,0.));
#244 = VECTOR('',#245,1.);
#245 = DIRECTION('',(-1.E-17,1.,0.));
#246 = ORIENTED_EDGE('',*,*,#247,.T.);
#247 = EDGE_CURVE('',#240,#248,#250,.T.);
#248 = VERTEX_POINT('',#249);
#249 = CARTESIAN_POINT('',(-7.141645750422,7.873825461037,0.));
#250 = LINE('',#251,#252);
#251 = CARTESIAN_POINT('',(-7.154182215136,7.861288996323,0.));
#252 = VECTOR('',#253,1.);
#253 = DIRECTION('',(0.707106781187,0.707106781187,0.));
#254 = ORIENTED_EDGE('',*,*,#255,.T.);
#255 = EDGE_CURVE('',#248,#256,#258,.T.);
#256 = VERTEX_POINT('',#257);
#257 = CARTESIAN_POINT('',(7.141645750422,7.873825461037,0.));
#258 = LINE('',#259,#260);
#259 = CARTESIAN_POINT('',(-8.3E-16,7.873825461037,4.4E-16));
#260 = VECTOR('',#261,1.);
#261 = DIRECTION('',(1.,-2.E-17,0.));
#262 = ORIENTED_EDGE('',*,*,#263,.T.);
#263 = EDGE_CURVE('',#256,#264,#266,.T.);
#264 = VERTEX_POINT('',#265);
#265 = CARTESIAN_POINT('',(7.873825461037,7.141645750422,-1.E-15));
#266 = LINE('',#267,#268);
#267 = CARTESIAN_POINT('',(7.861288996323,7.154182215136,0.));
#268 = VECTOR('',#269,1.);
#269 = DIRECTION('',(0.707106781187,-0.707106781187,0.));
#270 = ORIENTED_EDGE('',*,*,#271,.T.);
#271 = EDGE_CURVE('',#264,#272,#274,.T.);
#272 = VERTEX_POINT('',#273);
#273 = CARTESIAN_POINT('',(7.873825461037,-7.141645750422,-1.E-15));
#274 = LINE('',#275,#276);
#275 = CARTESIAN_POINT('',(7.873825461037,1.E-16,0.));
#276 = VECTOR('',#277,1.);
#277 = DIRECTION('',(1.E-17,-1.,0.));
#278 = ORIENTED_EDGE('',*,*,#279,.T.);
#279 = EDGE_CURVE('',#272,#280,#282,.T.);
#280 = VERTEX_POINT('',#281);
#281 = CARTESIAN_POINT('',(7.141645750422,-7.873825461037,-1.E-15));
#282 = LINE('',#283,#284);
#283 = CARTESIAN_POINT('',(7.154182215136,-7.861288996323,-8.9E-16));
#284 = VECTOR('',#285,1.);
#285 = DIRECTION('',(-0.707106781187,-0.707106781187,0.));
#286 = ORIENTED_EDGE('',*,*,#287,.T.);
#287 = EDGE_CURVE('',#280,#288,#290,.T.);
#288 = VERTEX_POINT('',#289);
#289 = CARTESIAN_POINT('',(-7.141645750422,-7.873825461037,-1.E-15));
#290 = LINE('',#291,#292);
#291 = CARTESIAN_POINT('',(-4.7E-16,-7.873825461037,0.));
#292 = VECTOR('',#293,1.);
#293 = DIRECTION('',(-1.,0.,0.));
#294 = ORIENTED_EDGE('',*,*,#295,.T.);
#295 = EDGE_CURVE('',#288,#238,#296,.T.);
#296 = LINE('',#297,#298);
#297 = CARTESIAN_POINT('',(-7.861288996323,-7.154182215136,0.));
#298 = VECTOR('',#299,1.);
#299 = DIRECTION('',(-0.707106781187,0.707106781187,0.));
#300 = PLANE('',#301);
#301 = AXIS2_PLACEMENT_3D('',#302,#303,#304);
#302 = CARTESIAN_POINT('',(-1.02E-15,-5.8E-16,0.));
#303 = DIRECTION('',(0.,0.,1.));
#304 = DIRECTION('',(1.,0.,0.));
#305 = ADVANCED_FACE('',(#306),#334,.T.);
#306 = FACE_BOUND('',#307,.T.);
#307 = EDGE_LOOP('',(#308,#309,#310,#318,#328,#333));
#308 = ORIENTED_EDGE('',*,*,#62,.T.);
#309 = ORIENTED_EDGE('',*,*,#165,.F.);
#310 = ORIENTED_EDGE('',*,*,#311,.F.);
#311 = EDGE_CURVE('',#312,#136,#314,.T.);
#312 = VERTEX_POINT('',#313);
#313 = CARTESIAN_POINT('',(-5.696677530706,7.090418714604,9.520690934088
    ));
#314 = LINE('',#315,#316);
#315 = CARTESIAN_POINT('',(-5.686441341468,7.100654903841,9.520690934088
    ));
#316 = VECTOR('',#317,1.);
#317 = DIRECTION('',(-0.707106781187,-0.707106781187,0.));
#318 = ORIENTED_EDGE('',*,*,#319,.T.);
#319 = EDGE_CURVE('',#312,#320,#322,.T.);
#320 = VERTEX_POINT('',#321);
#321 = CARTESIAN_POINT('',(-5.68854505477,7.102758617143,9.510673251699)
  );
#322 = B_SPLINE_CURVE_WITH_KNOTS('',4,(#323,#324,#325,#326,#327),
  .UNSPECIFIED.,.F.,.F.,(5,5),(0.,1.),.PIECEWISE_BEZIER_KNOTS.);
#323 = CARTESIAN_POINT('',(-5.696677530706,7.090418714604,9.520690934088
    ));
#324 = CARTESIAN_POINT('',(-5.694644411722,7.093503690239,9.518186513491
    ));
#325 = CARTESIAN_POINT('',(-5.692611292738,7.096588665874,9.515682092894
    ));
#326 = CARTESIAN_POINT('',(-5.690578173754,7.099673641508,9.513177672296
    ));
#327 = CARTESIAN_POINT('',(-5.68854505477,7.102758617143,9.510673251699)
  );
#328 = ORIENTED_EDGE('',*,*,#329,.F.);
#329 = EDGE_CURVE('',#222,#320,#330,.T.);
#330 = B_SPLINE_CURVE_WITH_KNOTS('',1,(#331,#332),.UNSPECIFIED.,.F.,.F.,
  (2,2),(0.,1.),.PIECEWISE_BEZIER_KNOTS.);
#331 = CARTESIAN_POINT('',(-7.685786437627,9.1,0.));
#332 = CARTESIAN_POINT('',(-5.585786437627,7.,10.));
#333 = ORIENTED_EDGE('',*,*,#229,.T.);
#334 = PLANE('',#335);
#335 = AXIS2_PLACEMENT_3D('',#336,#337,#338);
#336 = CARTESIAN_POINT('',(-5.585786437627,7.,10.));
#337 = DIRECTION('',(-0.677845381581,0.677845381581,0.284695060264));
#338 = DIRECTION('',(-0.707106781187,-0.707106781187,-5.551115123126E-17
    ));
#339 = ADVANCED_FACE('',(#340),#359,.T.);
#340 = FACE_BOUND('',#341,.T.);
#341 = EDGE_LOOP('',(#342,#349,#357,#358));
#342 = ORIENTED_EDGE('',*,*,#343,.T.);
#343 = EDGE_CURVE('',#190,#344,#346,.T.);
#344 = VERTEX_POINT('',#345);
#345 = CARTESIAN_POINT('',(5.68854505477,-7.102758617143,9.510673251699)
  );
#346 = B_SPLINE_CURVE_WITH_KNOTS('',1,(#347,#348),.UNSPECIFIED.,.F.,.F.,
  (2,2),(0.,1.),.PIECEWISE_BEZIER_KNOTS.);
#347 = CARTESIAN_POINT('',(7.685786437627,-9.1,0.));
#348 = CARTESIAN_POINT('',(5.585786437627,-7.,10.));
#349 = ORIENTED_EDGE('',*,*,#350,.F.);
#350 = EDGE_CURVE('',#86,#344,#351,.T.);
#351 = B_SPLINE_CURVE_WITH_KNOTS('',2,(#352,#353,#354,#355,#356),
  .UNSPECIFIED.,.F.,.F.,(3,1,1,3),(-1.183700259966,-0.5,11.671572875254,
    12.355273135219),.UNSPECIFIED.);
#352 = CARTESIAN_POINT('',(-6.769486697592,-7.102758617143,
    9.510673251699));
#353 = CARTESIAN_POINT('',(-6.42763656761,-7.102758617143,9.510673251699
    ));
#354 = CARTESIAN_POINT('',(-8.9E-16,-7.102758617143,9.510673251699));
#355 = CARTESIAN_POINT('',(6.42763656761,-7.102758617143,9.510673251699)
  );
#356 = CARTESIAN_POINT('',(6.769486697592,-7.102758617143,9.510673251699
    ));
#357 = ORIENTED_EDGE('',*,*,#83,.F.);
#358 = ORIENTED_EDGE('',*,*,#189,.T.);
#359 = B_SPLINE_SURFACE_WITH_KNOTS('',1,1,(
    (#360,#361)
    ,(#362,#363
    )),.UNSPECIFIED.,.F.,.F.,.F.,(2,2),(2,2),(0.,15.371572875254),(0.,1.
    ),.PIECEWISE_BEZIER_KNOTS.);
#360 = CARTESIAN_POINT('',(-7.685786437627,-9.1,0.));
#361 = CARTESIAN_POINT('',(-5.585786437627,-7.,10.));
#362 = CARTESIAN_POINT('',(7.685786437627,-9.1,0.));
#363 = CARTESIAN_POINT('',(5.585786437627,-7.,10.));
#364 = ADVANCED_FACE('',(#365),#407,.T.);
#365 = FACE_BOUND('',#366,.T.);
#366 = EDGE_LOOP('',(#367,#379,#389,#397,#398,#399));
#367 = ORIENTED_EDGE('',*,*,#368,.F.);
#368 = EDGE_CURVE('',#369,#371,#373,.T.);
#369 = VERTEX_POINT('',#370);
#370 = CARTESIAN_POINT('',(5.37867965644,-6.5,10.));
#371 = VERTEX_POINT('',#372);
#372 = CARTESIAN_POINT('',(5.696677530706,-7.090418714604,9.520690934088
    ));
#373 = B_SPLINE_CURVE_WITH_KNOTS('',4,(#374,#375,#376,#377,#378),
  .UNSPECIFIED.,.F.,.F.,(5,5),(0.,1.),.PIECEWISE_BEZIER_KNOTS.);
#374 = CARTESIAN_POINT('',(5.37867965644,-6.5,10.));
#375 = CARTESIAN_POINT('',(5.458179125007,-6.647604678651,9.880172733522
    ));
#376 = CARTESIAN_POINT('',(5.537678593573,-6.795209357302,9.760345467044
    ));
#377 = CARTESIAN_POINT('',(5.617178062139,-6.942814035953,9.640518200566
    ));
#378 = CARTESIAN_POINT('',(5.696677530706,-7.090418714604,9.520690934088
    ));
#379 = ORIENTED_EDGE('',*,*,#380,.F.);
#380 = EDGE_CURVE('',#381,#369,#383,.T.);
#381 = VERTEX_POINT('',#382);
#382 = CARTESIAN_POINT('',(-5.37867965644,-6.5,10.));
#383 = B_SPLINE_CURVE_WITH_KNOTS('',2,(#384,#385,#386,#387,#388),
  .UNSPECIFIED.,.F.,.F.,(3,1,1,3),(-1.183700259966,-0.5,11.671572875254,
    12.355273135219),.UNSPECIFIED.);
#384 = CARTESIAN_POINT('',(-6.769486697592,-6.5,10.));
#385 = CARTESIAN_POINT('',(-6.42763656761,-6.5,10.));
#386 = CARTESIAN_POINT('',(-1.78E-15,-6.5,10.));
#387 = CARTESIAN_POINT('',(6.42763656761,-6.5,10.));
#388 = CARTESIAN_POINT('',(6.769486697592,-6.5,10.));
#389 = ORIENTED_EDGE('',*,*,#390,.T.);
#390 = EDGE_CURVE('',#381,#93,#391,.T.);
#391 = B_SPLINE_CURVE_WITH_KNOTS('',4,(#392,#393,#394,#395,#396),
  .UNSPECIFIED.,.F.,.F.,(5,5),(0.,1.),.PIECEWISE_BEZIER_KNOTS.);
#392 = CARTESIAN_POINT('',(-5.37867965644,-6.5,10.));
#393 = CARTESIAN_POINT('',(-5.458179125007,-6.647604678651,
    9.880172733522));
#394 = CARTESIAN_POINT('',(-5.537678593573,-6.795209357302,
    9.760345467044));
#395 = CARTESIAN_POINT('',(-5.617178062139,-6.942814035953,
    9.640518200566));
#396 = CARTESIAN_POINT('',(-5.696677530706,-7.090418714604,
    9.520690934088));
#397 = ORIENTED_EDGE('',*,*,#92,.T.);
#398 = ORIENTED_EDGE('',*,*,#350,.T.);
#399 = ORIENTED_EDGE('',*,*,#400,.F.);
#400 = EDGE_CURVE('',#371,#344,#401,.T.);
#401 = B_SPLINE_CURVE_WITH_KNOTS('',4,(#402,#403,#404,#405,#406),
  .UNSPECIFIED.,.F.,.F.,(5,5),(0.,1.),.PIECEWISE_BEZIER_KNOTS.);
#402 = CARTESIAN_POINT('',(5.696677530706,-7.090418714604,9.520690934088
    ));
#403 = CARTESIAN_POINT('',(5.694644411722,-7.093503690239,9.518186513491
    ));
#404 = CARTESIAN_POINT('',(5.692611292738,-7.096588665874,9.515682092894
    ));
#405 = CARTESIAN_POINT('',(5.690578173754,-7.099673641508,9.513177672296
    ));
#406 = CARTESIAN_POINT('',(5.68854505477,-7.102758617143,9.510673251699)
  );
#407 = B_SPLINE_SURFACE_WITH_KNOTS('',1,2,(
    (#408,#409,#410,#411,#412)
    ,(#413,#414,#415,#416,#417
    )),.UNSPECIFIED.,.F.,.F.,.F.,(2,2),(3,1,1,3),(0.,12.171572875254),(
    -1.183700259966,-0.5,11.671572875254,12.355273135219),
  .UNSPECIFIED.);
#408 = CARTESIAN_POINT('',(-6.769486697592,-6.5,10.));
#409 = CARTESIAN_POINT('',(-6.42763656761,-6.5,10.));
#410 = CARTESIAN_POINT('',(-1.78E-15,-6.5,10.));
#411 = CARTESIAN_POINT('',(6.42763656761,-6.5,10.));
#412 = CARTESIAN_POINT('',(6.769486697592,-6.5,10.));
#413 = CARTESIAN_POINT('',(-6.769486697592,-7.102758617143,
    9.510673251699));
#414 = CARTESIAN_POINT('',(-6.42763656761,-7.102758617143,9.510673251699
    ));
#415 = CARTESIAN_POINT('',(-8.9E-16,-7.102758617143,9.510673251699));
#416 = CARTESIAN_POINT('',(6.42763656761,-7.102758617143,9.510673251699)
  );
#417 = CARTESIAN_POINT('',(6.769486697592,-7.102758617143,9.510673251699
    ));
#418 = ADVANCED_FACE('',(#419),#430,.T.);
#419 = FACE_BOUND('',#420,.F.);
#420 = EDGE_LOOP('',(#421,#422,#428,#429));
#421 = ORIENTED_EDGE('',*,*,#155,.F.);
#422 = ORIENTED_EDGE('',*,*,#423,.T.);
#423 = EDGE_CURVE('',#146,#381,#424,.T.);
#424 = LINE('',#425,#426);
#425 = CARTESIAN_POINT('',(-6.646446609407,-5.232233047034,10.));
#426 = VECTOR('',#427,1.);
#427 = DIRECTION('',(0.707106781187,-0.707106781187,0.));
#428 = ORIENTED_EDGE('',*,*,#390,.T.);
#429 = ORIENTED_EDGE('',*,*,#102,.F.);
#430 = PLANE('',#431);
#431 = AXIS2_PLACEMENT_3D('',#432,#433,#434);
#432 = CARTESIAN_POINT('',(-6.873550756624,-5.459337194251,
    9.760345467044));
#433 = DIRECTION('',(-0.422878510844,-0.422878510844,0.80146586336));
#434 = DIRECTION('',(-0.707106781187,0.707106781187,5.551115123126E-17)
  );
#435 = ADVANCED_FACE('',(#436),#456,.T.);
#436 = FACE_BOUND('',#437,.F.);
#437 = EDGE_LOOP('',(#438,#448,#454,#455));
#438 = ORIENTED_EDGE('',*,*,#439,.F.);
#439 = EDGE_CURVE('',#440,#312,#442,.T.);
#440 = VERTEX_POINT('',#441);
#441 = CARTESIAN_POINT('',(-5.37867965644,6.5,10.));
#442 = B_SPLINE_CURVE_WITH_KNOTS('',4,(#443,#444,#445,#446,#447),
  .UNSPECIFIED.,.F.,.F.,(5,5),(0.,1.),.PIECEWISE_BEZIER_KNOTS.);
#443 = CARTESIAN_POINT('',(-5.37867965644,6.5,10.));
#444 = CARTESIAN_POINT('',(-5.458179125007,6.647604678651,9.880172733522
    ));
#445 = CARTESIAN_POINT('',(-5.537678593573,6.795209357302,9.760345467044
    ));
#446 = CARTESIAN_POINT('',(-5.617178062139,6.942814035953,9.640518200566
    ));
#447 = CARTESIAN_POINT('',(-5.696677530706,7.090418714604,9.520690934088
    ));
#448 = ORIENTED_EDGE('',*,*,#449,.T.);
#449 = EDGE_CURVE('',#440,#134,#450,.T.);
#450 = LINE('',#451,#452);
#451 = CARTESIAN_POINT('',(-5.232233047034,6.646446609407,10.));
#452 = VECTOR('',#453,1.);
#453 = DIRECTION('',(-0.707106781187,-0.707106781187,0.));
#454 = ORIENTED_EDGE('',*,*,#133,.T.);
#455 = ORIENTED_EDGE('',*,*,#311,.F.);
#456 = PLANE('',#457);
#457 = AXIS2_PLACEMENT_3D('',#458,#459,#460);
#458 = CARTESIAN_POINT('',(-5.459337194251,6.873550756624,9.760345467044
    ));
#459 = DIRECTION('',(-0.422878510844,0.422878510844,0.80146586336));
#460 = DIRECTION('',(0.707106781187,0.707106781187,2.775557561563E-17));
#461 = ADVANCED_FACE('',(#462,#502,#784),#1138,.T.);
#462 = FACE_BOUND('',#463,.T.);
#463 = EDGE_LOOP('',(#464,#472,#482,#490,#498,#499,#500,#501));
#464 = ORIENTED_EDGE('',*,*,#465,.T.);
#465 = EDGE_CURVE('',#369,#466,#468,.T.);
#466 = VERTEX_POINT('',#467);
#467 = CARTESIAN_POINT('',(6.5,-5.37867965644,10.));
#468 = LINE('',#469,#470);
#469 = CARTESIAN_POINT('',(5.232233047034,-6.646446609407,10.));
#470 = VECTOR('',#471,1.);
#471 = DIRECTION('',(0.707106781187,0.707106781187,0.));
#472 = ORIENTED_EDGE('',*,*,#473,.T.);
#473 = EDGE_CURVE('',#466,#474,#476,.T.);
#474 = VERTEX_POINT('',#475);
#475 = CARTESIAN_POINT('',(6.5,5.37867965644,10.));
#476 = B_SPLINE_CURVE_WITH_KNOTS('',2,(#477,#478,#479,#480,#481),
  .UNSPECIFIED.,.F.,.F.,(3,1,1,3),(-1.183700259966,-0.5,11.671572875254,
    12.355273135219),.UNSPECIFIED.);
#477 = CARTESIAN_POINT('',(6.5,-6.769486697592,10.));
#478 = CARTESIAN_POINT('',(6.5,-6.42763656761,10.));
#479 = CARTESIAN_POINT('',(6.5,0.,10.));
#480 = CARTESIAN_POINT('',(6.5,6.42763656761,10.));
#481 = CARTESIAN_POINT('',(6.5,6.769486697592,10.));
#482 = ORIENTED_EDGE('',*,*,#483,.T.);
#483 = EDGE_CURVE('',#474,#484,#486,.T.);
#484 = VERTEX_POINT('',#485);
#485 = CARTESIAN_POINT('',(5.37867965644,6.5,10.));
#486 = LINE('',#487,#488);
#487 = CARTESIAN_POINT('',(6.646446609407,5.232233047034,10.));
#488 = VECTOR('',#489,1.);
#489 = DIRECTION('',(-0.707106781187,0.707106781187,0.));
#490 = ORIENTED_EDGE('',*,*,#491,.T.);
#491 = EDGE_CURVE('',#484,#440,#492,.T.);
#492 = B_SPLINE_CURVE_WITH_KNOTS('',2,(#493,#494,#495,#496,#497),
  .UNSPECIFIED.,.F.,.F.,(3,1,1,3),(-1.183700259966,-0.5,11.671572875254,
    12.355273135219),.UNSPECIFIED.);
#493 = CARTESIAN_POINT('',(6.769486697592,6.5,10.));
#494 = CARTESIAN_POINT('',(6.42763656761,6.5,10.));
#495 = CARTESIAN_POINT('',(3.55E-15,6.5,10.));
#496 = CARTESIAN_POINT('',(-6.42763656761,6.5,10.));
#497 = CARTESIAN_POINT('',(-6.769486697592,6.5,10.));
#498 = ORIENTED_EDGE('',*,*,#449,.T.);
#499 = ORIENTED_EDGE('',*,*,#145,.T.);
#500 = ORIENTED_EDGE('',*,*,#423,.T.);
#501 = ORIENTED_EDGE('',*,*,#380,.T.);
#502 = FACE_BOUND('',#503,.T.);
#503 = EDGE_LOOP('',(#504,#514,#522,#530,#538,#546,#554,#562,#570,#578,
    #586,#594,#602,#610,#618,#626,#634,#642,#650,#658,#666,#674,#682,
    #690,#698,#706,#714,#722,#730,#738,#746,#754,#762,#770,#778));
#504 = ORIENTED_EDGE('',*,*,#505,.T.);
#505 = EDGE_CURVE('',#506,#508,#510,.T.);
#506 = VERTEX_POINT('',#507);
#507 = CARTESIAN_POINT('',(-1.765827213677,-2.550658930686,10.));
#508 = VERTEX_POINT('',#509);
#509 = CARTESIAN_POINT('',(-2.634707035636,-2.668194168075,10.));
#510 = B_SPLINE_CURVE_WITH_KNOTS('',2,(#511,#512,#513),.UNSPECIFIED.,.F.
  ,.F.,(3,3),(0.,1.),.PIECEWISE_BEZIER_KNOTS.);
#511 = CARTESIAN_POINT('',(-1.765827213677,-2.550658930686,10.));
#512 = CARTESIAN_POINT('',(-2.164566086081,-2.668194168075,10.));
#513 = CARTESIAN_POINT('',(-2.634707035636,-2.668194168075,10.));
#514 = ORIENTED_EDGE('',*,*,#515,.T.);
#515 = EDGE_CURVE('',#508,#516,#518,.T.);
#516 = VERTEX_POINT('',#517);
#517 = CARTESIAN_POINT('',(-3.788499691422,-2.447265013772,10.));
#518 = B_SPLINE_CURVE_WITH_KNOTS('',2,(#519,#520,#521),.UNSPECIFIED.,.F.
  ,.F.,(3,3),(0.,1.),.PIECEWISE_BEZIER_KNOTS.);
#519 = CARTESIAN_POINT('',(-2.634707035636,-2.668194168075,10.));
#520 = CARTESIAN_POINT('',(-3.304217421392,-2.668194168075,10.));
#521 = CARTESIAN_POINT('',(-3.788499691422,-2.447265013772,10.));
#522 = ORIENTED_EDGE('',*,*,#523,.T.);
#523 = EDGE_CURVE('',#516,#524,#526,.T.);
#524 = VERTEX_POINT('',#525);
#525 = CARTESIAN_POINT('',(-4.539844275992,-1.798387046413,10.));
#526 = B_SPLINE_CURVE_WITH_KNOTS('',2,(#527,#528,#529),.UNSPECIFIED.,.F.
  ,.F.,(3,3),(0.,1.),.PIECEWISE_BEZIER_KNOTS.);
#527 = CARTESIAN_POINT('',(-3.788499691422,-2.447265013772,10.));
#528 = CARTESIAN_POINT('',(-4.272781961452,-2.226104034543,10.));
#529 = CARTESIAN_POINT('',(-4.539844275992,-1.798387046413,10.));
#530 = ORIENTED_EDGE('',*,*,#531,.T.);
#531 = EDGE_CURVE('',#524,#532,#534,.T.);
#532 = VERTEX_POINT('',#533);
#533 = CARTESIAN_POINT('',(-4.835189231481,-0.735933411398,10.));
#534 = B_SPLINE_CURVE_WITH_KNOTS('',2,(#535,#536,#537),.UNSPECIFIED.,.F.
  ,.F.,(3,3),(0.,1.),.PIECEWISE_BEZIER_KNOTS.);
#535 = CARTESIAN_POINT('',(-4.539844275992,-1.798387046413,10.));
#536 = CARTESIAN_POINT('',(-4.806906590532,-1.370670058282,10.));
#537 = CARTESIAN_POINT('',(-4.835189231481,-0.735933411398,10.));
#538 = ORIENTED_EDGE('',*,*,#539,.T.);
#539 = EDGE_CURVE('',#532,#540,#542,.T.);
#540 = VERTEX_POINT('',#541);
#541 = CARTESIAN_POINT('',(-4.842375804182,-0.10861516214,10.));
#542 = B_SPLINE_CURVE_WITH_KNOTS('',2,(#543,#544,#545),.UNSPECIFIED.,.F.
  ,.F.,(3,3),(0.,1.),.PIECEWISE_BEZIER_KNOTS.);
#543 = CARTESIAN_POINT('',(-4.835189231481,-0.735933411398,10.));
#544 = CARTESIAN_POINT('',(-4.842375804182,-0.443602179944,10.));
#545 = CARTESIAN_POINT('',(-4.842375804182,-0.10861516214,10.));
#546 = ORIENTED_EDGE('',*,*,#547,.T.);
#547 = EDGE_CURVE('',#540,#548,#550,.T.);
#548 = VERTEX_POINT('',#549);
#549 = CARTESIAN_POINT('',(-4.835189231481,0.533308057445,10.));
#550 = B_SPLINE_CURVE_WITH_KNOTS('',2,(#551,#552,#553),.UNSPECIFIED.,.F.
  ,.F.,(3,3),(0.,1.),.PIECEWISE_BEZIER_KNOTS.);
#551 = CARTESIAN_POINT('',(-4.842375804182,-0.10861516214,10.));
#552 = CARTESIAN_POINT('',(-4.842375804182,0.22660368059,10.));
#553 = CARTESIAN_POINT('',(-4.835189231481,0.533308057445,10.));
#554 = ORIENTED_EDGE('',*,*,#555,.T.);
#555 = EDGE_CURVE('',#548,#556,#558,.T.);
#556 = VERTEX_POINT('',#557);
#557 = CARTESIAN_POINT('',(-4.536366902104,1.588343294833,10.));
#558 = B_SPLINE_CURVE_WITH_KNOTS('',2,(#559,#560,#561),.UNSPECIFIED.,.F.
  ,.F.,(3,3),(0.,1.),.PIECEWISE_BEZIER_KNOTS.);
#559 = CARTESIAN_POINT('',(-4.835189231481,0.533308057445,10.));
#560 = CARTESIAN_POINT('',(-4.806906590532,1.153439734003,10.));
#561 = CARTESIAN_POINT('',(-4.536366902104,1.588343294833,10.));
#562 = ORIENTED_EDGE('',*,*,#563,.T.);
#563 = EDGE_CURVE('',#556,#564,#566,.T.);
#564 = VERTEX_POINT('',#565);
#565 = CARTESIAN_POINT('',(-3.781313118722,2.244176009967,10.));
#566 = B_SPLINE_CURVE_WITH_KNOTS('',2,(#567,#568,#569),.UNSPECIFIED.,.F.
  ,.F.,(3,3),(0.,1.),.PIECEWISE_BEZIER_KNOTS.);
#567 = CARTESIAN_POINT('',(-4.536366902104,1.588343294833,10.));
#568 = CARTESIAN_POINT('',(-4.265595388751,2.023246855664,10.));
#569 = CARTESIAN_POINT('',(-3.781313118722,2.244176009967,10.));
#570 = ORIENTED_EDGE('',*,*,#571,.T.);
#571 = EDGE_CURVE('',#564,#572,#574,.T.);
#572 = VERTEX_POINT('',#573);
#573 = CARTESIAN_POINT('',(-2.634707035636,2.465336989195,10.));
#574 = B_SPLINE_CURVE_WITH_KNOTS('',2,(#575,#576,#577),.UNSPECIFIED.,.F.
  ,.F.,(3,3),(0.,1.),.PIECEWISE_BEZIER_KNOTS.);
#575 = CARTESIAN_POINT('',(-3.781313118722,2.244176009967,10.));
#576 = CARTESIAN_POINT('',(-3.297030848692,2.465336989195,10.));
#577 = CARTESIAN_POINT('',(-2.634707035636,2.465336989195,10.));
#578 = ORIENTED_EDGE('',*,*,#579,.T.);
#579 = EDGE_CURVE('',#572,#580,#582,.T.);
#580 = VERTEX_POINT('',#581);
#581 = CARTESIAN_POINT('',(-1.765827213677,2.347801751807,10.));
#582 = B_SPLINE_CURVE_WITH_KNOTS('',2,(#583,#584,#585),.UNSPECIFIED.,.F.
  ,.F.,(3,3),(0.,1.),.PIECEWISE_BEZIER_KNOTS.);
#583 = CARTESIAN_POINT('',(-2.634707035636,2.465336989195,10.));
#584 = CARTESIAN_POINT('',(-2.164566086081,2.465336989195,10.));
#585 = CARTESIAN_POINT('',(-1.765827213677,2.347801751807,10.));
#586 = ORIENTED_EDGE('',*,*,#587,.T.);
#587 = EDGE_CURVE('',#580,#588,#590,.T.);
#588 = VERTEX_POINT('',#589);
#589 = CARTESIAN_POINT('',(-1.068034186971,2.005859986228,10.));
#590 = B_SPLINE_CURVE_WITH_KNOTS('',2,(#591,#592,#593),.UNSPECIFIED.,.F.
  ,.F.,(3,3),(0.,1.),.PIECEWISE_BEZIER_KNOTS.);
#591 = CARTESIAN_POINT('',(-1.765827213677,2.347801751807,10.));
#592 = CARTESIAN_POINT('',(-1.367088341274,2.230266514418,10.));
#593 = CARTESIAN_POINT('',(-1.068034186971,2.005859986228,10.));
#594 = ORIENTED_EDGE('',*,*,#595,.T.);
#595 = EDGE_CURVE('',#588,#596,#598,.T.);
#596 = VERTEX_POINT('',#597);
#597 = CARTESIAN_POINT('',(-0.601370611303,1.464548784448,10.));
#598 = B_SPLINE_CURVE_WITH_KNOTS('',2,(#599,#600,#601),.UNSPECIFIED.,.F.
  ,.F.,(3,3),(0.,1.),.PIECEWISE_BEZIER_KNOTS.);
#599 = CARTESIAN_POINT('',(-1.068034186971,2.005859986228,10.));
#600 = CARTESIAN_POINT('',(-0.768748207742,1.781453458038,10.));
#601 = CARTESIAN_POINT('',(-0.601370611303,1.464548784448,10.));
#602 = ORIENTED_EDGE('',*,*,#603,.T.);
#603 = EDGE_CURVE('',#596,#604,#606,.T.);
#604 = VERTEX_POINT('',#605);
#605 = CARTESIAN_POINT('',(-0.433993014864,0.748673413528,10.));
#606 = B_SPLINE_CURVE_WITH_KNOTS('',2,(#607,#608,#609),.UNSPECIFIED.,.F.
  ,.F.,(3,3),(0.,1.),.PIECEWISE_BEZIER_KNOTS.);
#607 = CARTESIAN_POINT('',(-0.601370611303,1.464548784448,10.));
#608 = CARTESIAN_POINT('',(-0.433993014864,1.147644110857,10.));
#609 = CARTESIAN_POINT('',(-0.433993014864,0.748673413528,10.));
#610 = ORIENTED_EDGE('',*,*,#611,.T.);
#611 = EDGE_CURVE('',#604,#612,#614,.T.);
#612 = VERTEX_POINT('',#613);
#613 = CARTESIAN_POINT('',(-0.473171427327,0.641570297801,10.));
#614 = B_SPLINE_CURVE_WITH_KNOTS('',2,(#615,#616,#617),.UNSPECIFIED.,.F.
  ,.F.,(3,3),(0.,1.),.PIECEWISE_BEZIER_KNOTS.);
#615 = CARTESIAN_POINT('',(-0.433993014864,0.748673413528,10.));
#616 = CARTESIAN_POINT('',(-0.426806442164,0.684457909077,10.));
#617 = CARTESIAN_POINT('',(-0.473171427327,0.641570297801,10.));
#618 = ORIENTED_EDGE('',*,*,#619,.T.);
#619 = EDGE_CURVE('',#612,#620,#622,.T.);
#620 = VERTEX_POINT('',#621);
#621 = CARTESIAN_POINT('',(-0.583520092015,0.598682686525,10.));
#622 = B_SPLINE_CURVE_WITH_KNOTS('',2,(#623,#624,#625),.UNSPECIFIED.,.F.
  ,.F.,(3,3),(0.,1.),.PIECEWISE_BEZIER_KNOTS.);
#623 = CARTESIAN_POINT('',(-0.473171427327,0.641570297801,10.));
#624 = CARTESIAN_POINT('',(-0.519304587564,0.598682686525,10.));
#625 = CARTESIAN_POINT('',(-0.583520092015,0.598682686525,10.));
#626 = ORIENTED_EDGE('',*,*,#627,.T.);
#627 = EDGE_CURVE('',#620,#628,#630,.T.);
#628 = VERTEX_POINT('',#629);
#629 = CARTESIAN_POINT('',(-1.544898059374,0.598682686525,10.));
#630 = LINE('',#631,#632);
#631 = CARTESIAN_POINT('',(-0.583520092015,0.598682686525,10.));
#632 = VECTOR('',#633,1.);
#633 = DIRECTION('',(-1.,0.,0.));
#634 = ORIENTED_EDGE('',*,*,#635,.T.);
#635 = EDGE_CURVE('',#628,#636,#638,.T.);
#636 = VERTEX_POINT('',#637);
#637 = CARTESIAN_POINT('',(-1.687470388751,0.637861098988,10.));
#638 = B_SPLINE_CURVE_WITH_KNOTS('',2,(#639,#640,#641),.UNSPECIFIED.,.F.
  ,.F.,(3,3),(0.,1.),.PIECEWISE_BEZIER_KNOTS.);
#639 = CARTESIAN_POINT('',(-1.544898059374,0.598682686525,10.));
#640 = CARTESIAN_POINT('',(-1.637396204775,0.598682686525,10.));
#641 = CARTESIAN_POINT('',(-1.687470388751,0.637861098988,10.));
#642 = ORIENTED_EDGE('',*,*,#643,.T.);
#643 = EDGE_CURVE('',#636,#644,#646,.T.);
#644 = VERTEX_POINT('',#645);
#645 = CARTESIAN_POINT('',(-1.772781961452,0.784374452103,10.));
#646 = B_SPLINE_CURVE_WITH_KNOTS('',2,(#647,#648,#649),.UNSPECIFIED.,.F.
  ,.F.,(3,3),(0.,1.),.PIECEWISE_BEZIER_KNOTS.);
#647 = CARTESIAN_POINT('',(-1.687470388751,0.637861098988,10.));
#648 = CARTESIAN_POINT('',(-1.737312747802,0.677039511451,10.));
#649 = CARTESIAN_POINT('',(-1.772781961452,0.784374452103,10.));
#650 = ORIENTED_EDGE('',*,*,#651,.T.);
#651 = EDGE_CURVE('',#644,#652,#654,.T.);
#652 = VERTEX_POINT('',#653);
#653 = CARTESIAN_POINT('',(-2.096873207742,1.302271336376,10.));
#654 = B_SPLINE_CURVE_WITH_KNOTS('',2,(#655,#656,#657),.UNSPECIFIED.,.F.
  ,.F.,(3,3),(0.,1.),.PIECEWISE_BEZIER_KNOTS.);
#655 = CARTESIAN_POINT('',(-1.772781961452,0.784374452103,10.));
#656 = CARTESIAN_POINT('',(-1.872466679552,1.162944555961,10.));
#657 = CARTESIAN_POINT('',(-2.096873207742,1.302271336376,10.));
#658 = ORIENTED_EDGE('',*,*,#659,.T.);
#659 = EDGE_CURVE('',#652,#660,#662,.T.);
#660 = VERTEX_POINT('',#661);
#661 = CARTESIAN_POINT('',(-2.64884835611,1.441598116792,10.));
#662 = B_SPLINE_CURVE_WITH_KNOTS('',2,(#663,#664,#665),.UNSPECIFIED.,.F.
  ,.F.,(3,3),(0.,1.),.PIECEWISE_BEZIER_KNOTS.);
#663 = CARTESIAN_POINT('',(-2.096873207742,1.302271336376,10.));
#664 = CARTESIAN_POINT('',(-2.321279735932,1.441598116792,10.));
#665 = CARTESIAN_POINT('',(-2.64884835611,1.441598116792,10.));
#666 = ORIENTED_EDGE('',*,*,#667,.T.);
#667 = EDGE_CURVE('',#660,#668,#670,.T.);
#668 = VERTEX_POINT('',#669);
#669 = CARTESIAN_POINT('',(-3.268284557891,1.223682686525,10.));
#670 = B_SPLINE_CURVE_WITH_KNOTS('',2,(#671,#672,#673),.UNSPECIFIED.,.F.
  ,.F.,(3,3),(0.,1.),.PIECEWISE_BEZIER_KNOTS.);
#671 = CARTESIAN_POINT('',(-2.64884835611,1.441598116792,10.));
#672 = CARTESIAN_POINT('',(-3.040400655814,1.441598116792,10.));
#673 = CARTESIAN_POINT('',(-3.268284557891,1.223682686525,10.));
#674 = ORIENTED_EDGE('',*,*,#675,.T.);
#675 = EDGE_CURVE('',#668,#676,#678,.T.);
#676 = VERTEX_POINT('',#677);
#677 = CARTESIAN_POINT('',(-3.517728178069,0.498766143498,10.));
#678 = B_SPLINE_CURVE_WITH_KNOTS('',2,(#679,#680,#681),.UNSPECIFIED.,.F.
  ,.F.,(3,3),(0.,1.),.PIECEWISE_BEZIER_KNOTS.);
#679 = CARTESIAN_POINT('',(-3.268284557891,1.223682686525,10.));
#680 = CARTESIAN_POINT('',(-3.496168459968,1.005999081184,10.));
#681 = CARTESIAN_POINT('',(-3.517728178069,0.498766143498,10.));
#682 = ORIENTED_EDGE('',*,*,#683,.T.);
#683 = EDGE_CURVE('',#676,#684,#686,.T.);
#684 = VERTEX_POINT('',#685);
#685 = CARTESIAN_POINT('',(-3.517728178069,-0.701391497451,10.));
#686 = B_SPLINE_CURVE_WITH_KNOTS('',2,(#687,#688,#689),.UNSPECIFIED.,.F.
  ,.F.,(3,3),(0.,1.),.PIECEWISE_BEZIER_KNOTS.);
#687 = CARTESIAN_POINT('',(-3.517728178069,0.498766143498,10.));
#688 = CARTESIAN_POINT('',(-3.539056071244,-8.705544403895E-02,10.));
#689 = CARTESIAN_POINT('',(-3.517728178069,-0.701391497451,10.));
#690 = ORIENTED_EDGE('',*,*,#691,.T.);
#691 = EDGE_CURVE('',#684,#692,#694,.T.);
#692 = VERTEX_POINT('',#693);
#693 = CARTESIAN_POINT('',(-3.268284557891,-1.42677169033,10.));
#694 = B_SPLINE_CURVE_WITH_KNOTS('',2,(#695,#696,#697),.UNSPECIFIED.,.F.
  ,.F.,(3,3),(0.,1.),.PIECEWISE_BEZIER_KNOTS.);
#695 = CARTESIAN_POINT('',(-3.517728178069,-0.701391497451,10.));
#696 = CARTESIAN_POINT('',(-3.496168459968,-1.208856260063,10.));
#697 = CARTESIAN_POINT('',(-3.268284557891,-1.42677169033,10.));
#698 = ORIENTED_EDGE('',*,*,#699,.T.);
#699 = EDGE_CURVE('',#692,#700,#702,.T.);
#700 = VERTEX_POINT('',#701);
#701 = CARTESIAN_POINT('',(-2.64884835611,-1.644455295671,10.));
#702 = B_SPLINE_CURVE_WITH_KNOTS('',2,(#703,#704,#705),.UNSPECIFIED.,.F.
  ,.F.,(3,3),(0.,1.),.PIECEWISE_BEZIER_KNOTS.);
#703 = CARTESIAN_POINT('',(-3.268284557891,-1.42677169033,10.));
#704 = CARTESIAN_POINT('',(-3.040400655814,-1.644455295671,10.));
#705 = CARTESIAN_POINT('',(-2.64884835611,-1.644455295671,10.));
#706 = ORIENTED_EDGE('',*,*,#707,.T.);
#707 = EDGE_CURVE('',#700,#708,#710,.T.);
#708 = VERTEX_POINT('',#709);
#709 = CARTESIAN_POINT('',(-2.093395833855,-1.501651141368,10.));
#710 = B_SPLINE_CURVE_WITH_KNOTS('',2,(#711,#712,#713),.UNSPECIFIED.,.F.
  ,.F.,(3,3),(0.,1.),.PIECEWISE_BEZIER_KNOTS.);
#711 = CARTESIAN_POINT('',(-2.64884835611,-1.644455295671,10.));
#712 = CARTESIAN_POINT('',(-2.321279735932,-1.644455295671,10.));
#713 = CARTESIAN_POINT('',(-2.093395833855,-1.501651141368,10.));
#714 = ORIENTED_EDGE('',*,*,#715,.T.);
#715 = EDGE_CURVE('',#708,#716,#718,.T.);
#716 = VERTEX_POINT('',#717);
#717 = CARTESIAN_POINT('',(-1.772781961452,-0.987231630983,10.));
#718 = B_SPLINE_CURVE_WITH_KNOTS('',2,(#719,#720,#721),.UNSPECIFIED.,.F.
  ,.F.,(3,3),(0.,1.),.PIECEWISE_BEZIER_KNOTS.);
#719 = CARTESIAN_POINT('',(-2.093395833855,-1.501651141368,10.));
#720 = CARTESIAN_POINT('',(-1.865280106852,-1.35861516214,10.));
#721 = CARTESIAN_POINT('',(-1.772781961452,-0.987231630983,10.));
#722 = ORIENTED_EDGE('',*,*,#723,.T.);
#723 = EDGE_CURVE('',#716,#724,#726,.T.);
#724 = VERTEX_POINT('',#725);
#725 = CARTESIAN_POINT('',(-1.690947762639,-0.840718277867,10.));
#726 = B_SPLINE_CURVE_WITH_KNOTS('',2,(#727,#728,#729),.UNSPECIFIED.,.F.
  ,.F.,(3,3),(0.,1.),.PIECEWISE_BEZIER_KNOTS.);
#727 = CARTESIAN_POINT('',(-1.772781961452,-0.987231630983,10.));
#728 = CARTESIAN_POINT('',(-1.744267495576,-0.87989669033,10.));
#729 = CARTESIAN_POINT('',(-1.690947762639,-0.840718277867,10.));
#730 = ORIENTED_EDGE('',*,*,#731,.T.);
#731 = EDGE_CURVE('',#724,#732,#734,.T.);
#732 = VERTEX_POINT('',#733);
#733 = CARTESIAN_POINT('',(-1.544898059374,-0.801308040478,10.));
#734 = B_SPLINE_CURVE_WITH_KNOTS('',2,(#735,#736,#737),.UNSPECIFIED.,.F.
  ,.F.,(3,3),(0.,1.),.PIECEWISE_BEZIER_KNOTS.);
#735 = CARTESIAN_POINT('',(-1.690947762639,-0.840718277867,10.));
#736 = CARTESIAN_POINT('',(-1.637396204775,-0.801308040478,10.));
#737 = CARTESIAN_POINT('',(-1.544898059374,-0.801308040478,10.));
#738 = ORIENTED_EDGE('',*,*,#739,.T.);
#739 = EDGE_CURVE('',#732,#740,#742,.T.);
#740 = VERTEX_POINT('',#741);
#741 = CARTESIAN_POINT('',(-0.583520092015,-0.801308040478,10.));
#742 = LINE('',#743,#744);
#743 = CARTESIAN_POINT('',(-1.544898059374,-0.801308040478,10.));
#744 = VECTOR('',#745,1.);
#745 = DIRECTION('',(1.,0.,0.));
#746 = ORIENTED_EDGE('',*,*,#747,.T.);
#747 = EDGE_CURVE('',#740,#748,#750,.T.);
#748 = VERTEX_POINT('',#749);
#749 = CARTESIAN_POINT('',(-0.473171427327,-0.844195651754,10.));
#750 = B_SPLINE_CURVE_WITH_KNOTS('',2,(#751,#752,#753),.UNSPECIFIED.,.F.
  ,.F.,(3,3),(0.,1.),.PIECEWISE_BEZIER_KNOTS.);
#751 = CARTESIAN_POINT('',(-0.583520092015,-0.801308040478,10.));
#752 = CARTESIAN_POINT('',(-0.519304587564,-0.801308040478,10.));
#753 = CARTESIAN_POINT('',(-0.473171427327,-0.844195651754,10.));
#754 = ORIENTED_EDGE('',*,*,#755,.T.);
#755 = EDGE_CURVE('',#748,#756,#758,.T.);
#756 = VERTEX_POINT('',#757);
#757 = CARTESIAN_POINT('',(-0.433993014864,-0.951298767481,10.));
#758 = B_SPLINE_CURVE_WITH_KNOTS('',2,(#759,#760,#761),.UNSPECIFIED.,.F.
  ,.F.,(3,3),(0.,1.),.PIECEWISE_BEZIER_KNOTS.);
#759 = CARTESIAN_POINT('',(-0.473171427327,-0.844195651754,10.));
#760 = CARTESIAN_POINT('',(-0.426806442164,-0.88708326303,10.));
#761 = CARTESIAN_POINT('',(-0.433993014864,-0.951298767481,10.));
#762 = ORIENTED_EDGE('',*,*,#763,.T.);
#763 = EDGE_CURVE('',#756,#764,#766,.T.);
#764 = VERTEX_POINT('',#765);
#765 = CARTESIAN_POINT('',(-0.601370611303,-1.667174138401,10.));
#766 = B_SPLINE_CURVE_WITH_KNOTS('',2,(#767,#768,#769),.UNSPECIFIED.,.F.
  ,.F.,(3,3),(0.,1.),.PIECEWISE_BEZIER_KNOTS.);
#767 = CARTESIAN_POINT('',(-0.433993014864,-0.951298767481,10.));
#768 = CARTESIAN_POINT('',(-0.433993014864,-1.350037639885,10.));
#769 = CARTESIAN_POINT('',(-0.601370611303,-1.667174138401,10.));
#770 = ORIENTED_EDGE('',*,*,#771,.T.);
#771 = EDGE_CURVE('',#764,#772,#774,.T.);
#772 = VERTEX_POINT('',#773);
#773 = CARTESIAN_POINT('',(-1.068034186971,-2.208717165107,10.));
#774 = B_SPLINE_CURVE_WITH_KNOTS('',2,(#775,#776,#777),.UNSPECIFIED.,.F.
  ,.F.,(3,3),(0.,1.),.PIECEWISE_BEZIER_KNOTS.);
#775 = CARTESIAN_POINT('',(-0.601370611303,-1.667174138401,10.));
#776 = CARTESIAN_POINT('',(-0.768748207742,-1.984310636917,10.));
#777 = CARTESIAN_POINT('',(-1.068034186971,-2.208717165107,10.));
#778 = ORIENTED_EDGE('',*,*,#779,.T.);
#779 = EDGE_CURVE('',#772,#506,#780,.T.);
#780 = B_SPLINE_CURVE_WITH_KNOTS('',2,(#781,#782,#783),.UNSPECIFIED.,.F.
  ,.F.,(3,3),(0.,1.),.PIECEWISE_BEZIER_KNOTS.);
#781 = CARTESIAN_POINT('',(-1.068034186971,-2.208717165107,10.));
#782 = CARTESIAN_POINT('',(-1.367088341274,-2.433123693297,10.));
#783 = CARTESIAN_POINT('',(-1.765827213677,-2.550658930686,10.));
#784 = FACE_BOUND('',#785,.T.);
#785 = EDGE_LOOP('',(#786,#796,#804,#812,#820,#828,#836,#844,#852,#860,
    #868,#876,#884,#892,#900,#908,#916,#924,#932,#940,#948,#956,#964,
    #972,#980,#988,#996,#1004,#1012,#1020,#1028,#1036,#1044,#1052,#1060,
    #1068,#1076,#1084,#1092,#1100,#1108,#1116,#1124,#1132));
#786 = ORIENTED_EDGE('',*,*,#787,.T.);
#787 = EDGE_CURVE('',#788,#790,#792,.T.);
#788 = VERTEX_POINT('',#789);
#789 = CARTESIAN_POINT('',(3.277292222525,-2.479256853534,10.));
#790 = VERTEX_POINT('',#791);
#791 = CARTESIAN_POINT('',(2.162677979201,-2.668194168075,10.));
#792 = B_SPLINE_CURVE_WITH_KNOTS('',2,(#793,#794,#795),.UNSPECIFIED.,.F.
  ,.F.,(3,3),(0.,1.),.PIECEWISE_BEZIER_KNOTS.);
#793 = CARTESIAN_POINT('',(3.277292222525,-2.479256853534,10.));
#794 = CARTESIAN_POINT('',(2.796487326382,-2.668194168075,10.));
#795 = CARTESIAN_POINT('',(2.162677979201,-2.668194168075,10.));
#796 = ORIENTED_EDGE('',*,*,#797,.T.);
#797 = EDGE_CURVE('',#790,#798,#800,.T.);
#798 = VERTEX_POINT('',#799);
#799 = CARTESIAN_POINT('',(0.98037085754,-2.465347357986,10.));
#800 = B_SPLINE_CURVE_WITH_KNOTS('',2,(#801,#802,#803),.UNSPECIFIED.,.F.
  ,.F.,(3,3),(0.,1.),.PIECEWISE_BEZIER_KNOTS.);
#801 = CARTESIAN_POINT('',(2.162677979201,-2.668194168075,10.));
#802 = CARTESIAN_POINT('',(1.450511807094,-2.668194168075,10.));
#803 = CARTESIAN_POINT('',(0.98037085754,-2.465347357986,10.));
#804 = ORIENTED_EDGE('',*,*,#805,.T.);
#805 = EDGE_CURVE('',#798,#806,#808,.T.);
#806 = VERTEX_POINT('',#807);
#807 = CARTESIAN_POINT('',(0.267972860507,-1.934931927718,10.));
#808 = B_SPLINE_CURVE_WITH_KNOTS('',2,(#809,#810,#811),.UNSPECIFIED.,.F.
  ,.F.,(3,3),(0.,1.),.PIECEWISE_BEZIER_KNOTS.);
#809 = CARTESIAN_POINT('',(0.98037085754,-2.465347357986,10.));
#810 = CARTESIAN_POINT('',(0.510229907985,-2.262500547897,10.));
#811 = CARTESIAN_POINT('',(0.267972860507,-1.934931927718,10.));
#812 = ORIENTED_EDGE('',*,*,#813,.T.);
#813 = EDGE_CURVE('',#806,#814,#816,.T.);
#814 = VERTEX_POINT('',#815);
#815 = CARTESIAN_POINT('',(2.594763795496E-02,-1.237138901012,10.));
#816 = B_SPLINE_CURVE_WITH_KNOTS('',2,(#817,#818,#819),.UNSPECIFIED.,.F.
  ,.F.,(3,3),(0.,1.),.PIECEWISE_BEZIER_KNOTS.);
#817 = CARTESIAN_POINT('',(0.267972860507,-1.934931927718,10.));
#818 = CARTESIAN_POINT('',(2.594763795496E-02,-1.60736330754,10.));
#819 = CARTESIAN_POINT('',(2.594763795496E-02,-1.237138901012,10.));
#820 = ORIENTED_EDGE('',*,*,#821,.T.);
#821 = EDGE_CURVE('',#814,#822,#824,.T.);
#822 = VERTEX_POINT('',#823);
#823 = CARTESIAN_POINT('',(7.184897326653E-02,-1.133513159172,10.));
#824 = B_SPLINE_CURVE_WITH_KNOTS('',2,(#825,#826,#827),.UNSPECIFIED.,.F.
  ,.F.,(3,3),(0.,1.),.PIECEWISE_BEZIER_KNOTS.);
#825 = CARTESIAN_POINT('',(2.594763795496E-02,-1.237138901012,10.));
#826 = CARTESIAN_POINT('',(2.594763795496E-02,-1.179878144336,10.));
#827 = CARTESIAN_POINT('',(7.184897326654E-02,-1.133513159172,10.));
#828 = ORIENTED_EDGE('',*,*,#829,.T.);
#829 = EDGE_CURVE('',#822,#830,#832,.T.);
#830 = VERTEX_POINT('',#831);
#831 = CARTESIAN_POINT('',(0.181733988103,-1.087148174009,10.));
#832 = B_SPLINE_CURVE_WITH_KNOTS('',2,(#833,#834,#835),.UNSPECIFIED.,.F.
  ,.F.,(3,3),(0.,1.),.PIECEWISE_BEZIER_KNOTS.);
#833 = CARTESIAN_POINT('',(7.184897326654E-02,-1.133513159172,10.));
#834 = CARTESIAN_POINT('',(0.117982133504,-1.087148174009,10.));
#835 = CARTESIAN_POINT('',(0.181733988103,-1.087148174009,10.));
#836 = ORIENTED_EDGE('',*,*,#837,.T.);
#837 = EDGE_CURVE('',#830,#838,#840,.T.);
#838 = VERTEX_POINT('',#839);
#839 = CARTESIAN_POINT('',(1.074028127569,-1.087148174009,10.));
#840 = LINE('',#841,#842);
#841 = CARTESIAN_POINT('',(0.181733988103,-1.087148174009,10.));
#842 = VECTOR('',#843,1.);
#843 = DIRECTION('',(1.,0.,0.));
#844 = ORIENTED_EDGE('',*,*,#845,.T.);
#845 = EDGE_CURVE('',#838,#846,#848,.T.);
#846 = VERTEX_POINT('',#847);
#847 = CARTESIAN_POINT('',(1.22633710383,-1.122849212585,10.));
#848 = B_SPLINE_CURVE_WITH_KNOTS('',2,(#849,#850,#851),.UNSPECIFIED.,.F.
  ,.F.,(3,3),(0.,1.),.PIECEWISE_BEZIER_KNOTS.);
#849 = CARTESIAN_POINT('',(1.074028127569,-1.087148174009,10.));
#850 = CARTESIAN_POINT('',(1.173249195818,-1.087148174009,10.));
#851 = CARTESIAN_POINT('',(1.22633710383,-1.122849212585,10.));
#852 = ORIENTED_EDGE('',*,*,#853,.T.);
#853 = EDGE_CURVE('',#846,#854,#856,.T.);
#854 = VERTEX_POINT('',#855);
#855 = CARTESIAN_POINT('',(1.322080798192,-1.215579182911,10.));
#856 = B_SPLINE_CURVE_WITH_KNOTS('',2,(#857,#858,#859),.UNSPECIFIED.,.F.
  ,.F.,(3,3),(0.,1.),.PIECEWISE_BEZIER_KNOTS.);
#857 = CARTESIAN_POINT('',(1.22633710383,-1.122849212585,10.));
#858 = CARTESIAN_POINT('',(1.279425011842,-1.158550251161,10.));
#859 = CARTESIAN_POINT('',(1.322080798192,-1.215579182911,10.));
#860 = ORIENTED_EDGE('',*,*,#861,.T.);
#861 = EDGE_CURVE('',#854,#862,#864,.T.);
#862 = VERTEX_POINT('',#863);
#863 = CARTESIAN_POINT('',(1.481112697302,-1.423062491517,10.));
#864 = B_SPLINE_CURVE_WITH_KNOTS('',2,(#865,#866,#867),.UNSPECIFIED.,.F.
  ,.F.,(3,3),(0.,1.),.PIECEWISE_BEZIER_KNOTS.);
#865 = CARTESIAN_POINT('',(1.322080798192,-1.215579182911,10.));
#866 = CARTESIAN_POINT('',(1.378414255166,-1.322914123564,10.));
#867 = CARTESIAN_POINT('',(1.481112697302,-1.423062491517,10.));
#868 = ORIENTED_EDGE('',*,*,#869,.T.);
#869 = EDGE_CURVE('',#862,#870,#872,.T.);
#870 = VERTEX_POINT('',#871);
#871 = CARTESIAN_POINT('',(1.753738810062,-1.583717165107,10.));
#872 = B_SPLINE_CURVE_WITH_KNOTS('',2,(#873,#874,#875),.UNSPECIFIED.,.F.
  ,.F.,(3,3),(0.,1.),.PIECEWISE_BEZIER_KNOTS.);
#873 = CARTESIAN_POINT('',(1.481112697302,-1.423062491517,10.));
#874 = CARTESIAN_POINT('',(1.583811139439,-1.522979034543,10.));
#875 = CARTESIAN_POINT('',(1.753738810062,-1.583717165107,10.));
#876 = ORIENTED_EDGE('',*,*,#877,.T.);
#877 = EDGE_CURVE('',#870,#878,#880,.T.);
#878 = VERTEX_POINT('',#879);
#879 = CARTESIAN_POINT('',(2.164532578608,-1.644455295671,10.));
#880 = B_SPLINE_CURVE_WITH_KNOTS('',2,(#881,#882,#883),.UNSPECIFIED.,.F.
  ,.F.,(3,3),(0.,1.),.PIECEWISE_BEZIER_KNOTS.);
#881 = CARTESIAN_POINT('',(1.753738810062,-1.583717165107,10.));
#882 = CARTESIAN_POINT('',(1.923898305611,-1.644455295671,10.));
#883 = CARTESIAN_POINT('',(2.164532578608,-1.644455295671,10.));
#884 = ORIENTED_EDGE('',*,*,#885,.T.);
#885 = EDGE_CURVE('',#878,#886,#888,.T.);
#886 = VERTEX_POINT('',#887);
#887 = CARTESIAN_POINT('',(2.784200605314,-1.516024286769,10.));
#888 = B_SPLINE_CURVE_WITH_KNOTS('',2,(#889,#890,#891),.UNSPECIFIED.,.F.
  ,.F.,(3,3),(0.,1.),.PIECEWISE_BEZIER_KNOTS.);
#889 = CARTESIAN_POINT('',(2.164532578608,-1.644455295671,10.));
#890 = CARTESIAN_POINT('',(2.575326347154,-1.644455295671,10.));
#891 = CARTESIAN_POINT('',(2.784200605314,-1.516024286769,10.));
#892 = ORIENTED_EDGE('',*,*,#893,.T.);
#893 = EDGE_CURVE('',#886,#894,#896,.T.);
#894 = VERTEX_POINT('',#895);
#895 = CARTESIAN_POINT('',(2.9933066884,-1.166432298638,10.));
#896 = B_SPLINE_CURVE_WITH_KNOTS('',2,(#897,#898,#899),.UNSPECIFIED.,.F.
  ,.F.,(3,3),(0.,1.),.PIECEWISE_BEZIER_KNOTS.);
#897 = CARTESIAN_POINT('',(2.784200605314,-1.516024286769,10.));
#898 = CARTESIAN_POINT('',(2.9933066884,-1.387593277867,10.));
#899 = CARTESIAN_POINT('',(2.9933066884,-1.166432298638,10.));
#900 = ORIENTED_EDGE('',*,*,#901,.T.);
#901 = EDGE_CURVE('',#894,#902,#904,.T.);
#902 = VERTEX_POINT('',#903);
#903 = CARTESIAN_POINT('',(2.879480649824,-0.902383708134,10.));
#904 = B_SPLINE_CURVE_WITH_KNOTS('',2,(#905,#906,#907),.UNSPECIFIED.,.F.
  ,.F.,(3,3),(0.,1.),.PIECEWISE_BEZIER_KNOTS.);
#905 = CARTESIAN_POINT('',(2.9933066884,-1.166432298638,10.));
#906 = CARTESIAN_POINT('',(2.9933066884,-1.002300251161,10.));
#907 = CARTESIAN_POINT('',(2.879480649824,-0.902383708134,10.));
#908 = ORIENTED_EDGE('',*,*,#909,.T.);
#909 = EDGE_CURVE('',#902,#910,#912,.T.);
#910 = VERTEX_POINT('',#911);
#911 = CARTESIAN_POINT('',(2.513660916887,-0.720401141368,10.));
#912 = B_SPLINE_CURVE_WITH_KNOTS('',2,(#913,#914,#915),.UNSPECIFIED.,.F.
  ,.F.,(3,3),(0.,1.),.PIECEWISE_BEZIER_KNOTS.);
#913 = CARTESIAN_POINT('',(2.879480649824,-0.902383708134,10.));
#914 = CARTESIAN_POINT('',(2.765886436175,-0.802467165107,10.));
#915 = CARTESIAN_POINT('',(2.513660916887,-0.720401141368,10.));
#916 = ORIENTED_EDGE('',*,*,#917,.T.);
#917 = EDGE_CURVE('',#910,#918,#920,.T.);
#918 = VERTEX_POINT('',#919);
#919 = CARTESIAN_POINT('',(1.842527756649,-0.552791720003,10.));
#920 = B_SPLINE_CURVE_WITH_KNOTS('',2,(#921,#922,#923),.UNSPECIFIED.,.F.
  ,.F.,(3,3),(0.,1.),.PIECEWISE_BEZIER_KNOTS.);
#921 = CARTESIAN_POINT('',(2.513660916887,-0.720401141368,10.));
#922 = CARTESIAN_POINT('',(2.261435397599,-0.638335117629,10.));
#923 = CARTESIAN_POINT('',(1.842527756649,-0.552791720003,10.));
#924 = ORIENTED_EDGE('',*,*,#925,.T.);
#925 = EDGE_CURVE('',#918,#926,#928,.T.);
#926 = VERTEX_POINT('',#927);
#927 = CARTESIAN_POINT('',(0.922414626086,-0.256751289736,10.));
#928 = B_SPLINE_CURVE_WITH_KNOTS('',2,(#929,#930,#931),.UNSPECIFIED.,.F.
  ,.F.,(3,3),(0.,1.),.PIECEWISE_BEZIER_KNOTS.);
#929 = CARTESIAN_POINT('',(1.842527756649,-0.552791720003,10.));
#930 = CARTESIAN_POINT('',(1.302375679498,-0.438502031576,10.));
#931 = CARTESIAN_POINT('',(0.922414626086,-0.256751289736,10.));
#932 = ORIENTED_EDGE('',*,*,#933,.T.);
#933 = EDGE_CURVE('',#926,#934,#936,.T.);
#934 = VERTEX_POINT('',#935);
#935 = CARTESIAN_POINT('',(0.343547786323,0.221271707296,10.));
#936 = B_SPLINE_CURVE_WITH_KNOTS('',2,(#937,#938,#939),.UNSPECIFIED.,.F.
  ,.F.,(3,3),(0.,1.),.PIECEWISE_BEZIER_KNOTS.);
#937 = CARTESIAN_POINT('',(0.922414626086,-0.256751289736,10.));
#938 = CARTESIAN_POINT('',(0.542453572673,-7.47687229707E-02,10.));
#939 = CARTESIAN_POINT('',(0.343547786323,0.221271707296,10.));
#940 = ORIENTED_EDGE('',*,*,#941,.T.);
#941 = EDGE_CURVE('',#934,#942,#944,.T.);
#942 = VERTEX_POINT('',#943);
#943 = CARTESIAN_POINT('',(0.144641999973,0.959865920946,10.));
#944 = B_SPLINE_CURVE_WITH_KNOTS('',2,(#945,#946,#947),.UNSPECIFIED.,.F.
  ,.F.,(3,3),(0.,1.),.PIECEWISE_BEZIER_KNOTS.);
#945 = CARTESIAN_POINT('',(0.343547786323,0.221271707296,10.));
#946 = CARTESIAN_POINT('',(0.144641999973,0.517543962489,10.));
#947 = CARTESIAN_POINT('',(0.144641999973,0.959865920946,10.));
#948 = ORIENTED_EDGE('',*,*,#949,.T.);
#949 = EDGE_CURVE('',#942,#950,#952,.T.);
#950 = VERTEX_POINT('',#951);
#951 = CARTESIAN_POINT('',(0.390144596412,1.737406722133,10.));
#952 = B_SPLINE_CURVE_WITH_KNOTS('',2,(#953,#954,#955),.UNSPECIFIED.,.F.
  ,.F.,(3,3),(0.,1.),.PIECEWISE_BEZIER_KNOTS.);
#953 = CARTESIAN_POINT('',(0.144641999973,0.959865920946,10.));
#954 = CARTESIAN_POINT('',(0.144641999973,1.395001306703,10.));
#955 = CARTESIAN_POINT('',(0.390144596412,1.737406722133,10.));
#956 = ORIENTED_EDGE('',*,*,#957,.T.);
#957 = EDGE_CURVE('',#950,#958,#960,.T.);
#958 = VERTEX_POINT('',#959);
#959 = CARTESIAN_POINT('',(1.076578201753,2.272690475842,10.));
#960 = B_SPLINE_CURVE_WITH_KNOTS('',2,(#961,#962,#963),.UNSPECIFIED.,.F.
  ,.F.,(3,3),(0.,1.),.PIECEWISE_BEZIER_KNOTS.);
#961 = CARTESIAN_POINT('',(0.390144596412,1.737406722133,10.));
#962 = CARTESIAN_POINT('',(0.635647192851,2.080043962489,10.));
#963 = CARTESIAN_POINT('',(1.076578201753,2.272690475842,10.));
#964 = ORIENTED_EDGE('',*,*,#965,.T.);
#965 = EDGE_CURVE('',#958,#966,#968,.T.);
#966 = VERTEX_POINT('',#967);
#967 = CARTESIAN_POINT('',(2.122108617183,2.465336989195,10.));
#968 = B_SPLINE_CURVE_WITH_KNOTS('',2,(#969,#970,#971),.UNSPECIFIED.,.F.
  ,.F.,(3,3),(0.,1.),.PIECEWISE_BEZIER_KNOTS.);
#969 = CARTESIAN_POINT('',(1.076578201753,2.272690475842,10.));
#970 = CARTESIAN_POINT('',(1.517509210655,2.465336989195,10.));
#971 = CARTESIAN_POINT('',(2.122108617183,2.465336989195,10.));
#972 = ORIENTED_EDGE('',*,*,#973,.T.);
#973 = EDGE_CURVE('',#966,#974,#976,.T.);
#974 = VERTEX_POINT('',#975);
#975 = CARTESIAN_POINT('',(2.986351940626,2.337137805219,10.));
#976 = B_SPLINE_CURVE_WITH_KNOTS('',2,(#977,#978,#979),.UNSPECIFIED.,.F.
  ,.F.,(3,3),(0.,1.),.PIECEWISE_BEZIER_KNOTS.);
#977 = CARTESIAN_POINT('',(2.122108617183,2.465336989195,10.));
#978 = CARTESIAN_POINT('',(2.613113810062,2.465336989195,10.));
#979 = CARTESIAN_POINT('',(2.986351940626,2.337137805219,10.));
#980 = ORIENTED_EDGE('',*,*,#981,.T.);
#981 = EDGE_CURVE('',#974,#982,#984,.T.);
#982 = VERTEX_POINT('',#983);
#983 = CARTESIAN_POINT('',(3.615756614216,1.995427864566,10.));
#984 = B_SPLINE_CURVE_WITH_KNOTS('',2,(#985,#986,#987),.UNSPECIFIED.,.F.
  ,.F.,(3,3),(0.,1.),.PIECEWISE_BEZIER_KNOTS.);
#985 = CARTESIAN_POINT('',(2.986351940626,2.337137805219,10.));
#986 = CARTESIAN_POINT('',(3.359821896115,2.209170446169,10.));
#987 = CARTESIAN_POINT('',(3.615756614216,1.995427864566,10.));
#988 = ORIENTED_EDGE('',*,*,#989,.T.);
#989 = EDGE_CURVE('',#982,#990,#992,.T.);
#990 = VERTEX_POINT('',#991);
#991 = CARTESIAN_POINT('',(4.003599715106,1.543369259225,10.));
#992 = B_SPLINE_CURVE_WITH_KNOTS('',2,(#993,#994,#995),.UNSPECIFIED.,.F.
  ,.F.,(3,3),(0.,1.),.PIECEWISE_BEZIER_KNOTS.);
#993 = CARTESIAN_POINT('',(3.615756614216,1.995427864566,10.));
#994 = CARTESIAN_POINT('',(3.871923157243,1.78191710789,10.));
#995 = CARTESIAN_POINT('',(4.003599715106,1.543369259225,10.));
#996 = ORIENTED_EDGE('',*,*,#997,.T.);
#997 = EDGE_CURVE('',#990,#998,#1000,.T.);
#998 = VERTEX_POINT('',#999);
#999 = CARTESIAN_POINT('',(4.13527627297,1.077169333409,10.));
#1000 = B_SPLINE_CURVE_WITH_KNOTS('',2,(#1001,#1002,#1003),
  .UNSPECIFIED.,.F.,.F.,(3,3),(0.,1.),.PIECEWISE_BEZIER_KNOTS.);
#1001 = CARTESIAN_POINT('',(4.003599715106,1.543369259225,10.));
#1002 = CARTESIAN_POINT('',(4.13527627297,1.30482141056,10.));
#1003 = CARTESIAN_POINT('',(4.13527627297,1.077169333409,10.));
#1004 = ORIENTED_EDGE('',*,*,#1005,.T.);
#1005 = EDGE_CURVE('',#998,#1006,#1008,.T.);
#1006 = VERTEX_POINT('',#1007);
#1007 = CARTESIAN_POINT('',(4.096329685433,0.973543591569,10.));
#1008 = B_SPLINE_CURVE_WITH_KNOTS('',2,(#1009,#1010,#1011),
  .UNSPECIFIED.,.F.,.F.,(3,3),(0.,1.),.PIECEWISE_BEZIER_KNOTS.);
#1009 = CARTESIAN_POINT('',(4.13527627297,1.077169333409,10.));
#1010 = CARTESIAN_POINT('',(4.13527627297,1.019908576733,10.));
#1011 = CARTESIAN_POINT('',(4.096329685433,0.973543591569,10.));
#1012 = ORIENTED_EDGE('',*,*,#1013,.T.);
#1013 = EDGE_CURVE('',#1006,#1014,#1016,.T.);
#1014 = VERTEX_POINT('',#1015);
#1015 = CARTESIAN_POINT('',(3.986444670596,0.927178606406,10.));
#1016 = B_SPLINE_CURVE_WITH_KNOTS('',2,(#1017,#1018,#1019),
  .UNSPECIFIED.,.F.,.F.,(3,3),(0.,1.),.PIECEWISE_BEZIER_KNOTS.);
#1017 = CARTESIAN_POINT('',(4.096329685433,0.973543591569,10.));
#1018 = CARTESIAN_POINT('',(4.057614922821,0.927178606406,10.));
#1019 = CARTESIAN_POINT('',(3.986444670596,0.927178606406,10.));
#1020 = ORIENTED_EDGE('',*,*,#1021,.T.);
#1021 = EDGE_CURVE('',#1014,#1022,#1024,.T.);
#1022 = VERTEX_POINT('',#1023);
#1023 = CARTESIAN_POINT('',(3.051726569706,0.927178606406,10.));
#1024 = LINE('',#1025,#1026);
#1025 = CARTESIAN_POINT('',(3.986444670596,0.927178606406,10.));
#1026 = VECTOR('',#1027,1.);
#1027 = DIRECTION('',(-1.,0.,0.));
#1028 = ORIENTED_EDGE('',*,*,#1029,.T.);
#1029 = EDGE_CURVE('',#1022,#1030,#1032,.T.);
#1030 = VERTEX_POINT('',#1031);
#1031 = CARTESIAN_POINT('',(2.917036287807,0.955693072282,10.));
#1032 = B_SPLINE_CURVE_WITH_KNOTS('',2,(#1033,#1034,#1035),
  .UNSPECIFIED.,.F.,.F.,(3,3),(0.,1.),.PIECEWISE_BEZIER_KNOTS.);
#1033 = CARTESIAN_POINT('',(3.051726569706,0.927178606406,10.));
#1034 = CARTESIAN_POINT('',(2.973601569706,0.927178606406,10.));
#1035 = CARTESIAN_POINT('',(2.917036287807,0.955693072282,10.));
#1036 = ORIENTED_EDGE('',*,*,#1037,.T.);
#1037 = EDGE_CURVE('',#1030,#1038,#1040,.T.);
#1038 = VERTEX_POINT('',#1039);
#1039 = CARTESIAN_POINT('',(2.818047044483,1.048654867534,10.));
#1040 = B_SPLINE_CURVE_WITH_KNOTS('',2,(#1041,#1042,#1043),
  .UNSPECIFIED.,.F.,.F.,(3,3),(0.,1.),.PIECEWISE_BEZIER_KNOTS.);
#1041 = CARTESIAN_POINT('',(2.917036287807,0.955693072282,10.));
#1042 = CARTESIAN_POINT('',(2.860471005907,0.984207538157,10.));
#1043 = CARTESIAN_POINT('',(2.818047044483,1.048654867534,10.));
#1044 = ORIENTED_EDGE('',*,*,#1045,.T.);
#1045 = EDGE_CURVE('',#1038,#1046,#1048,.T.);
#1046 = VERTEX_POINT('',#1047);
#1047 = CARTESIAN_POINT('',(2.594799640922,1.323599229552,10.));
#1048 = B_SPLINE_CURVE_WITH_KNOTS('',2,(#1049,#1050,#1051),
  .UNSPECIFIED.,.F.,.F.,(3,3),(0.,1.),.PIECEWISE_BEZIER_KNOTS.);
#1049 = CARTESIAN_POINT('',(2.818047044483,1.048654867534,10.));
#1050 = CARTESIAN_POINT('',(2.775391258133,1.205832167237,10.));
#1051 = CARTESIAN_POINT('',(2.594799640922,1.323599229552,10.));
#1052 = ORIENTED_EDGE('',*,*,#1053,.T.);
#1053 = EDGE_CURVE('',#1046,#1054,#1056,.T.);
#1054 = VERTEX_POINT('',#1055);
#1055 = CARTESIAN_POINT('',(2.123731391664,1.441598116792,10.));
#1056 = B_SPLINE_CURVE_WITH_KNOTS('',2,(#1057,#1058,#1059),
  .UNSPECIFIED.,.F.,.F.,(3,3),(0.,1.),.PIECEWISE_BEZIER_KNOTS.);
#1057 = CARTESIAN_POINT('',(2.594799640922,1.323599229552,10.));
#1058 = CARTESIAN_POINT('',(2.414439848637,1.441598116792,10.));
#1059 = CARTESIAN_POINT('',(2.123731391664,1.441598116792,10.));
#1060 = ORIENTED_EDGE('',*,*,#1061,.T.);
#1061 = EDGE_CURVE('',#1054,#1062,#1064,.T.);
#1062 = VERTEX_POINT('',#1063);
#1063 = CARTESIAN_POINT('',(1.638521821931,1.331017627178,10.));
#1064 = B_SPLINE_CURVE_WITH_KNOTS('',2,(#1065,#1066,#1067),
  .UNSPECIFIED.,.F.,.F.,(3,3),(0.,1.),.PIECEWISE_BEZIER_KNOTS.);
#1065 = CARTESIAN_POINT('',(2.123731391664,1.441598116792,10.));
#1066 = CARTESIAN_POINT('',(1.812158691367,1.441598116792,10.));
#1067 = CARTESIAN_POINT('',(1.638521821931,1.331017627178,10.));
#1068 = ORIENTED_EDGE('',*,*,#1069,.T.);
#1069 = EDGE_CURVE('',#1062,#1070,#1072,.T.);
#1070 = VERTEX_POINT('',#1071);
#1071 = CARTESIAN_POINT('',(1.465116777421,0.992089585635,10.));
#1072 = B_SPLINE_CURVE_WITH_KNOTS('',2,(#1073,#1074,#1075),
  .UNSPECIFIED.,.F.,.F.,(3,3),(0.,1.),.PIECEWISE_BEZIER_KNOTS.);
#1073 = CARTESIAN_POINT('',(1.638521821931,1.331017627178,10.));
#1074 = CARTESIAN_POINT('',(1.465116777421,1.220437137563,10.));
#1075 = CARTESIAN_POINT('',(1.465116777421,0.992089585635,10.));
#1076 = ORIENTED_EDGE('',*,*,#1077,.T.);
#1077 = EDGE_CURVE('',#1070,#1078,#1080,.T.);
#1078 = VERTEX_POINT('',#1079);
#1079 = CARTESIAN_POINT('',(1.560860471783,0.742182315605,10.));
#1080 = B_SPLINE_CURVE_WITH_KNOTS('',2,(#1081,#1082,#1083),
  .UNSPECIFIED.,.F.,.F.,(3,3),(0.,1.),.PIECEWISE_BEZIER_KNOTS.);
#1081 = CARTESIAN_POINT('',(1.465116777421,0.992089585635,10.));
#1082 = CARTESIAN_POINT('',(1.465116777421,0.849285431332,10.));
#1083 = CARTESIAN_POINT('',(1.560860471783,0.742182315605,10.));
#1084 = ORIENTED_EDGE('',*,*,#1085,.T.);
#1085 = EDGE_CURVE('',#1078,#1086,#1088,.T.);
#1086 = VERTEX_POINT('',#1087);
#1087 = CARTESIAN_POINT('',(1.880547044483,0.556722374952,10.));
#1088 = B_SPLINE_CURVE_WITH_KNOTS('',2,(#1089,#1090,#1091),
  .UNSPECIFIED.,.F.,.F.,(3,3),(0.,1.),.PIECEWISE_BEZIER_KNOTS.);
#1089 = CARTESIAN_POINT('',(1.560860471783,0.742182315605,10.));
#1090 = CARTESIAN_POINT('',(1.656835991071,0.635311024804,10.));
#1091 = CARTESIAN_POINT('',(1.880547044483,0.556722374952,10.));
#1092 = ORIENTED_EDGE('',*,*,#1093,.T.);
#1093 = EDGE_CURVE('',#1086,#1094,#1096,.T.);
#1094 = VERTEX_POINT('',#1095);
#1095 = CARTESIAN_POINT('',(2.495114922821,0.3928221524,10.));
#1096 = B_SPLINE_CURVE_WITH_KNOTS('',2,(#1097,#1098,#1099),
  .UNSPECIFIED.,.F.,.F.,(3,3),(0.,1.),.PIECEWISE_BEZIER_KNOTS.);
#1097 = CARTESIAN_POINT('',(1.880547044483,0.556722374952,10.));
#1098 = CARTESIAN_POINT('',(2.104489922821,0.478365550026,10.));
#1099 = CARTESIAN_POINT('',(2.495114922821,0.3928221524,10.));
#1100 = ORIENTED_EDGE('',*,*,#1101,.T.);
#1101 = EDGE_CURVE('',#1094,#1102,#1104,.T.);
#1102 = VERTEX_POINT('',#1103);
#1103 = CARTESIAN_POINT('',(3.539486213623,8.936332450704E-02,10.));
#1104 = B_SPLINE_CURVE_WITH_KNOTS('',2,(#1105,#1106,#1107),
  .UNSPECIFIED.,.F.,.F.,(3,3),(0.,1.),.PIECEWISE_BEZIER_KNOTS.);
#1105 = CARTESIAN_POINT('',(2.495114922821,0.3928221524,10.));
#1106 = CARTESIAN_POINT('',(3.141674640922,0.271345891273,10.));
#1107 = CARTESIAN_POINT('',(3.539486213623,8.936332450704E-02,10.));
#1108 = ORIENTED_EDGE('',*,*,#1109,.T.);
#1109 = EDGE_CURVE('',#1102,#1110,#1112,.T.);
#1110 = VERTEX_POINT('',#1111);
#1111 = CARTESIAN_POINT('',(4.125539626086,-0.381473099825,10.));
#1112 = B_SPLINE_CURVE_WITH_KNOTS('',2,(#1113,#1114,#1115),
  .UNSPECIFIED.,.F.,.F.,(3,3),(0.,1.),.PIECEWISE_BEZIER_KNOTS.);
#1113 = CARTESIAN_POINT('',(3.539486213623,8.936332450704E-02,10.));
#1114 = CARTESIAN_POINT('',(3.937297786323,-9.238741733272E-02,10.));
#1115 = CARTESIAN_POINT('',(4.125539626086,-0.381473099825,10.));
#1116 = ORIENTED_EDGE('',*,*,#1117,.T.);
#1117 = EDGE_CURVE('',#1110,#1118,#1120,.T.);
#1118 = VERTEX_POINT('',#1119);
#1119 = CARTESIAN_POINT('',(4.313781465848,-1.105694168075,10.));
#1120 = B_SPLINE_CURVE_WITH_KNOTS('',2,(#1121,#1122,#1123),
  .UNSPECIFIED.,.F.,.F.,(3,3),(0.,1.),.PIECEWISE_BEZIER_KNOTS.);
#1121 = CARTESIAN_POINT('',(4.125539626086,-0.381473099825,10.));
#1122 = CARTESIAN_POINT('',(4.313781465848,-0.670326957392,10.));
#1123 = CARTESIAN_POINT('',(4.313781465848,-1.105694168075,10.));
#1124 = ORIENTED_EDGE('',*,*,#1125,.T.);
#1125 = EDGE_CURVE('',#1118,#1126,#1128,.T.);
#1126 = VERTEX_POINT('',#1127);
#1127 = CARTESIAN_POINT('',(4.036055204721,-1.940495725938,10.));
#1128 = B_SPLINE_CURVE_WITH_KNOTS('',2,(#1129,#1130,#1131),
  .UNSPECIFIED.,.F.,.F.,(3,3),(0.,1.),.PIECEWISE_BEZIER_KNOTS.);
#1129 = CARTESIAN_POINT('',(4.313781465848,-1.105694168075,10.));
#1130 = CARTESIAN_POINT('',(4.313781465848,-1.590671912882,10.));
#1131 = CARTESIAN_POINT('',(4.036055204721,-1.940495725938,10.));
#1132 = ORIENTED_EDGE('',*,*,#1133,.T.);
#1133 = EDGE_CURVE('',#1126,#788,#1134,.T.);
#1134 = B_SPLINE_CURVE_WITH_KNOTS('',2,(#1135,#1136,#1137),
  .UNSPECIFIED.,.F.,.F.,(3,3),(0.,1.),.PIECEWISE_BEZIER_KNOTS.);
#1135 = CARTESIAN_POINT('',(4.036055204721,-1.940495725938,10.));
#1136 = CARTESIAN_POINT('',(3.758328943593,-2.290087714069,10.));
#1137 = CARTESIAN_POINT('',(3.277292222525,-2.479256853534,10.));
#1138 = PLANE('',#1139);
#1139 = AXIS2_PLACEMENT_3D('',#1140,#1141,#1142);
#1140 = CARTESIAN_POINT('',(-7.1E-16,2.2E-16,10.));
#1141 = DIRECTION('',(0.,0.,1.));
#1142 = DIRECTION('',(1.,0.,0.));
#1143 = ADVANCED_FACE('',(#1144),#1172,.T.);
#1144 = FACE_BOUND('',#1145,.T.);
#1145 = EDGE_LOOP('',(#1146,#1153,#1163,#1169,#1170,#1171));
#1146 = ORIENTED_EDGE('',*,*,#1147,.T.);
#1147 = EDGE_CURVE('',#198,#1148,#1150,.T.);
#1148 = VERTEX_POINT('',#1149);
#1149 = CARTESIAN_POINT('',(7.102758617143,-5.68854505477,9.510673251699
    ));
#1150 = B_SPLINE_CURVE_WITH_KNOTS('',1,(#1151,#1152),.UNSPECIFIED.,.F.,
  .F.,(2,2),(0.,1.),.PIECEWISE_BEZIER_KNOTS.);
#1151 = CARTESIAN_POINT('',(9.1,-7.685786437627,0.));
#1152 = CARTESIAN_POINT('',(7.,-5.585786437627,10.));
#1153 = ORIENTED_EDGE('',*,*,#1154,.F.);
#1154 = EDGE_CURVE('',#1155,#1148,#1157,.T.);
#1155 = VERTEX_POINT('',#1156);
#1156 = CARTESIAN_POINT('',(7.090418714604,-5.696677530706,
    9.520690934088));
#1157 = B_SPLINE_CURVE_WITH_KNOTS('',4,(#1158,#1159,#1160,#1161,#1162),
  .UNSPECIFIED.,.F.,.F.,(5,5),(0.,1.),.PIECEWISE_BEZIER_KNOTS.);
#1158 = CARTESIAN_POINT('',(7.090487040287,-5.696632501422,
    9.520635466471));
#1159 = CARTESIAN_POINT('',(7.093554934501,-5.694610639759,
    9.518144912778));
#1160 = CARTESIAN_POINT('',(7.096622828715,-5.692588778096,
    9.515654359085));
#1161 = CARTESIAN_POINT('',(7.099690722929,-5.690566916433,
    9.513163805392));
#1162 = CARTESIAN_POINT('',(7.102758617143,-5.68854505477,9.510673251699
    ));
#1163 = ORIENTED_EDGE('',*,*,#1164,.F.);
#1164 = EDGE_CURVE('',#371,#1155,#1165,.T.);
#1165 = LINE('',#1166,#1167);
#1166 = CARTESIAN_POINT('',(5.686441341468,-7.100654903841,
    9.520690934088));
#1167 = VECTOR('',#1168,1.);
#1168 = DIRECTION('',(0.707106781187,0.707106781187,0.));
#1169 = ORIENTED_EDGE('',*,*,#400,.T.);
#1170 = ORIENTED_EDGE('',*,*,#343,.F.);
#1171 = ORIENTED_EDGE('',*,*,#197,.T.);
#1172 = PLANE('',#1173);
#1173 = AXIS2_PLACEMENT_3D('',#1174,#1175,#1176);
#1174 = CARTESIAN_POINT('',(5.585786437627,-7.,10.));
#1175 = DIRECTION('',(0.677845381581,-0.677845381581,0.284695060264));
#1176 = DIRECTION('',(0.707106781187,0.707106781187,2.775557561563E-17)
  );
#1177 = ADVANCED_FACE('',(#1178),#1197,.T.);
#1178 = FACE_BOUND('',#1179,.T.);
#1179 = EDGE_LOOP('',(#1180,#1187,#1195,#1196));
#1180 = ORIENTED_EDGE('',*,*,#1181,.T.);
#1181 = EDGE_CURVE('',#206,#1182,#1184,.T.);
#1182 = VERTEX_POINT('',#1183);
#1183 = CARTESIAN_POINT('',(7.102758617143,5.68854505477,9.510673251699)
  );
#1184 = B_SPLINE_CURVE_WITH_KNOTS('',1,(#1185,#1186),.UNSPECIFIED.,.F.,
  .F.,(2,2),(0.,1.),.PIECEWISE_BEZIER_KNOTS.);
#1185 = CARTESIAN_POINT('',(9.1,7.685786437627,0.));
#1186 = CARTESIAN_POINT('',(7.,5.585786437627,10.));
#1187 = ORIENTED_EDGE('',*,*,#1188,.F.);
#1188 = EDGE_CURVE('',#1148,#1182,#1189,.T.);
#1189 = B_SPLINE_CURVE_WITH_KNOTS('',2,(#1190,#1191,#1192,#1193,#1194),
  .UNSPECIFIED.,.F.,.F.,(3,1,1,3),(-1.183700259966,-0.5,11.671572875254,
    12.355273135219),.UNSPECIFIED.);
#1190 = CARTESIAN_POINT('',(7.102758617143,-6.769486697592,
    9.510673251699));
#1191 = CARTESIAN_POINT('',(7.102758617143,-6.42763656761,9.510673251699
    ));
#1192 = CARTESIAN_POINT('',(7.102758617143,0.,9.510673251699));
#1193 = CARTESIAN_POINT('',(7.102758617143,6.42763656761,9.510673251699)
  );
#1194 = CARTESIAN_POINT('',(7.102758617143,6.769486697592,9.510673251699
    ));
#1195 = ORIENTED_EDGE('',*,*,#1147,.F.);
#1196 = ORIENTED_EDGE('',*,*,#205,.T.);
#1197 = B_SPLINE_SURFACE_WITH_KNOTS('',1,1,(
    (#1198,#1199)
    ,(#1200,#1201
    )),.UNSPECIFIED.,.F.,.F.,.F.,(2,2),(2,2),(0.,15.371572875254),(0.,1.
    ),.PIECEWISE_BEZIER_KNOTS.);
#1198 = CARTESIAN_POINT('',(9.1,-7.685786437627,0.));
#1199 = CARTESIAN_POINT('',(7.,-5.585786437627,10.));
#1200 = CARTESIAN_POINT('',(9.1,7.685786437627,0.));
#1201 = CARTESIAN_POINT('',(7.,5.585786437627,10.));
#1202 = ADVANCED_FACE('',(#1203),#1240,.T.);
#1203 = FACE_BOUND('',#1204,.T.);
#1204 = EDGE_LOOP('',(#1205,#1212,#1222,#1230,#1238,#1239));
#1205 = ORIENTED_EDGE('',*,*,#1206,.T.);
#1206 = EDGE_CURVE('',#214,#1207,#1209,.T.);
#1207 = VERTEX_POINT('',#1208);
#1208 = CARTESIAN_POINT('',(5.68854505477,7.102758617143,9.510673251699)
  );
#1209 = B_SPLINE_CURVE_WITH_KNOTS('',1,(#1210,#1211),.UNSPECIFIED.,.F.,
  .F.,(2,2),(0.,1.),.PIECEWISE_BEZIER_KNOTS.);
#1210 = CARTESIAN_POINT('',(7.685786437627,9.1,0.));
#1211 = CARTESIAN_POINT('',(5.585786437627,7.,10.));
#1212 = ORIENTED_EDGE('',*,*,#1213,.F.);
#1213 = EDGE_CURVE('',#1214,#1207,#1216,.T.);
#1214 = VERTEX_POINT('',#1215);
#1215 = CARTESIAN_POINT('',(5.696677530706,7.090418714604,9.520690934088
    ));
#1216 = B_SPLINE_CURVE_WITH_KNOTS('',4,(#1217,#1218,#1219,#1220,#1221),
  .UNSPECIFIED.,.F.,.F.,(5,5),(0.,1.),.PIECEWISE_BEZIER_KNOTS.);
#1217 = CARTESIAN_POINT('',(5.696632501422,7.090487040287,9.520635466471
    ));
#1218 = CARTESIAN_POINT('',(5.694610639759,7.093554934501,9.518144912778
    ));
#1219 = CARTESIAN_POINT('',(5.692588778096,7.096622828715,9.515654359085
    ));
#1220 = CARTESIAN_POINT('',(5.690566916433,7.099690722929,9.513163805392
    ));
#1221 = CARTESIAN_POINT('',(5.68854505477,7.102758617143,9.510673251699)
  );
#1222 = ORIENTED_EDGE('',*,*,#1223,.F.);
#1223 = EDGE_CURVE('',#1224,#1214,#1226,.T.);
#1224 = VERTEX_POINT('',#1225);
#1225 = CARTESIAN_POINT('',(7.090418714604,5.696677530706,9.520690934088
    ));
#1226 = LINE('',#1227,#1228);
#1227 = CARTESIAN_POINT('',(7.100654903841,5.686441341468,9.520690934088
    ));
#1228 = VECTOR('',#1229,1.);
#1229 = DIRECTION('',(-0.707106781187,0.707106781187,0.));
#1230 = ORIENTED_EDGE('',*,*,#1231,.T.);
#1231 = EDGE_CURVE('',#1224,#1182,#1232,.T.);
#1232 = B_SPLINE_CURVE_WITH_KNOTS('',4,(#1233,#1234,#1235,#1236,#1237),
  .UNSPECIFIED.,.F.,.F.,(5,5),(0.,1.),.PIECEWISE_BEZIER_KNOTS.);
#1233 = CARTESIAN_POINT('',(7.090418714604,5.696677530706,9.520690934088
    ));
#1234 = CARTESIAN_POINT('',(7.093503690239,5.694644411722,9.518186513491
    ));
#1235 = CARTESIAN_POINT('',(7.096588665874,5.692611292738,9.515682092894
    ));
#1236 = CARTESIAN_POINT('',(7.099673641508,5.690578173754,9.513177672296
    ));
#1237 = CARTESIAN_POINT('',(7.102758617143,5.68854505477,9.510673251699)
  );
#1238 = ORIENTED_EDGE('',*,*,#1181,.F.);
#1239 = ORIENTED_EDGE('',*,*,#213,.T.);
#1240 = PLANE('',#1241);
#1241 = AXIS2_PLACEMENT_3D('',#1242,#1243,#1244);
#1242 = CARTESIAN_POINT('',(7.,5.585786437627,10.));
#1243 = DIRECTION('',(0.677845381581,0.677845381581,0.284695060264));
#1244 = DIRECTION('',(-0.707106781187,0.707106781187,-5.551115123126E-17
    ));
#1245 = ADVANCED_FACE('',(#1246),#1259,.T.);
#1246 = FACE_BOUND('',#1247,.T.);
#1247 = EDGE_LOOP('',(#1248,#1249,#1257,#1258));
#1248 = ORIENTED_EDGE('',*,*,#329,.T.);
#1249 = ORIENTED_EDGE('',*,*,#1250,.F.);
#1250 = EDGE_CURVE('',#1207,#320,#1251,.T.);
#1251 = B_SPLINE_CURVE_WITH_KNOTS('',2,(#1252,#1253,#1254,#1255,#1256),
  .UNSPECIFIED.,.F.,.F.,(3,1,1,3),(-1.183700259966,-0.5,11.671572875254,
    12.355273135219),.UNSPECIFIED.);
#1252 = CARTESIAN_POINT('',(6.769486697592,7.102758617143,9.510673251699
    ));
#1253 = CARTESIAN_POINT('',(6.42763656761,7.102758617143,9.510673251699)
  );
#1254 = CARTESIAN_POINT('',(3.55E-15,7.102758617143,9.510673251699));
#1255 = CARTESIAN_POINT('',(-6.42763656761,7.102758617143,9.510673251699
    ));
#1256 = CARTESIAN_POINT('',(-6.769486697592,7.102758617143,
    9.510673251699));
#1257 = ORIENTED_EDGE('',*,*,#1206,.F.);
#1258 = ORIENTED_EDGE('',*,*,#221,.T.);
#1259 = B_SPLINE_SURFACE_WITH_KNOTS('',1,1,(
    (#1260,#1261)
    ,(#1262,#1263
    )),.UNSPECIFIED.,.F.,.F.,.F.,(2,2),(2,2),(0.,15.371572875254),(0.,1.
    ),.PIECEWISE_BEZIER_KNOTS.);
#1260 = CARTESIAN_POINT('',(7.685786437627,9.1,0.));
#1261 = CARTESIAN_POINT('',(5.585786437627,7.,10.));
#1262 = CARTESIAN_POINT('',(-7.685786437627,9.1,0.));
#1263 = CARTESIAN_POINT('',(-5.585786437627,7.,10.));
#1264 = ADVANCED_FACE('',(#1265),#1290,.F.);
#1265 = FACE_BOUND('',#1266,.F.);
#1266 = EDGE_LOOP('',(#1267,#1277,#1283,#1284));
#1267 = ORIENTED_EDGE('',*,*,#1268,.T.);
#1268 = EDGE_CURVE('',#1269,#1271,#1273,.T.);
#1269 = VERTEX_POINT('',#1270);
#1270 = CARTESIAN_POINT('',(-6.025825461037,-5.293645750422,8.8));
#1271 = VERTEX_POINT('',#1272);
#1272 = CARTESIAN_POINT('',(-6.025825461037,5.293645750422,8.8));
#1273 = LINE('',#1274,#1275);
#1274 = CARTESIAN_POINT('',(-6.025825461037,-4.E-17,8.8));
#1275 = VECTOR('',#1276,1.);
#1276 = DIRECTION('',(-1.E-17,1.,0.));
#1277 = ORIENTED_EDGE('',*,*,#1278,.T.);
#1278 = EDGE_CURVE('',#1271,#240,#1279,.T.);
#1279 = LINE('',#1280,#1281);
#1280 = CARTESIAN_POINT('',(-6.236108874495,5.503929163879,
    7.798650412108));
#1281 = VECTOR('',#1282,1.);
#1282 = DIRECTION('',(-0.201309807683,0.201309807683,-0.958618131824));
#1283 = ORIENTED_EDGE('',*,*,#237,.F.);
#1284 = ORIENTED_EDGE('',*,*,#1285,.T.);
#1285 = EDGE_CURVE('',#238,#1269,#1286,.T.);
#1286 = LINE('',#1287,#1288);
#1287 = CARTESIAN_POINT('',(-6.236108874495,-5.503929163879,
    7.798650412108));
#1288 = VECTOR('',#1289,1.);
#1289 = DIRECTION('',(0.201309807683,0.201309807683,0.958618131824));
#1290 = PLANE('',#1291);
#1291 = AXIS2_PLACEMENT_3D('',#1292,#1293,#1294);
#1292 = CARTESIAN_POINT('',(-6.875615804078,-2.4E-16,4.753379318856));
#1293 = DIRECTION('',(-0.978653496602,-1.E-17,0.205517234286));
#1294 = DIRECTION('',(4.81018304358E-17,-1.,1.803986156085E-16));
#1295 = ADVANCED_FACE('',(#1296),#1314,.F.);
#1296 = FACE_BOUND('',#1297,.F.);
#1297 = EDGE_LOOP('',(#1298,#1299,#1300,#1308));
#1298 = ORIENTED_EDGE('',*,*,#247,.F.);
#1299 = ORIENTED_EDGE('',*,*,#1278,.F.);
#1300 = ORIENTED_EDGE('',*,*,#1301,.T.);
#1301 = EDGE_CURVE('',#1271,#1302,#1304,.T.);
#1302 = VERTEX_POINT('',#1303);
#1303 = CARTESIAN_POINT('',(-5.293645750422,6.025825461037,8.8));
#1304 = LINE('',#1305,#1306);
#1305 = CARTESIAN_POINT('',(-5.306182215136,6.013288996323,8.8));
#1306 = VECTOR('',#1307,1.);
#1307 = DIRECTION('',(0.707106781187,0.707106781187,0.));
#1308 = ORIENTED_EDGE('',*,*,#1309,.F.);
#1309 = EDGE_CURVE('',#248,#1302,#1310,.T.);
#1310 = LINE('',#1311,#1312);
#1311 = CARTESIAN_POINT('',(-5.503929163879,6.236108874495,
    7.798650412108));
#1312 = VECTOR('',#1313,1.);
#1313 = DIRECTION('',(0.201309807683,-0.201309807683,0.958618131824));
#1314 = PLANE('',#1315);
#1315 = AXIS2_PLACEMENT_3D('',#1316,#1317,#1318);
#1316 = CARTESIAN_POINT('',(-4.77237197973,6.186585542103,9.658365927683
    ));
#1317 = DIRECTION('',(-0.677845381581,0.677845381581,0.284695060264));
#1318 = DIRECTION('',(-0.707106781187,-0.707106781187,
    -5.551115123126E-17));
#1319 = ADVANCED_FACE('',(#1320),#1338,.F.);
#1320 = FACE_BOUND('',#1321,.F.);
#1321 = EDGE_LOOP('',(#1322,#1330,#1336,#1337));
#1322 = ORIENTED_EDGE('',*,*,#1323,.T.);
#1323 = EDGE_CURVE('',#1302,#1324,#1326,.T.);
#1324 = VERTEX_POINT('',#1325);
#1325 = CARTESIAN_POINT('',(5.293645750422,6.025825461037,8.8));
#1326 = LINE('',#1327,#1328);
#1327 = CARTESIAN_POINT('',(-7.1E-16,6.025825461037,8.8));
#1328 = VECTOR('',#1329,1.);
#1329 = DIRECTION('',(1.,-2.E-17,0.));
#1330 = ORIENTED_EDGE('',*,*,#1331,.F.);
#1331 = EDGE_CURVE('',#256,#1324,#1332,.T.);
#1332 = LINE('',#1333,#1334);
#1333 = CARTESIAN_POINT('',(5.503929163879,6.236108874495,7.798650412108
    ));
#1334 = VECTOR('',#1335,1.);
#1335 = DIRECTION('',(-0.201309807683,-0.201309807683,0.958618131824));
#1336 = ORIENTED_EDGE('',*,*,#255,.F.);
#1337 = ORIENTED_EDGE('',*,*,#1309,.T.);
#1338 = PLANE('',#1339);
#1339 = AXIS2_PLACEMENT_3D('',#1340,#1341,#1342);
#1340 = CARTESIAN_POINT('',(-8.2E-16,6.875615804078,4.753379318856));
#1341 = DIRECTION('',(2.E-17,0.978653496602,0.205517234286));
#1342 = DIRECTION('',(-1.,-6.996224196875E-18,1.306307929187E-16));
#1343 = ADVANCED_FACE('',(#1344),#1362,.F.);
#1344 = FACE_BOUND('',#1345,.F.);
#1345 = EDGE_LOOP('',(#1346,#1354,#1360,#1361));
#1346 = ORIENTED_EDGE('',*,*,#1347,.T.);
#1347 = EDGE_CURVE('',#1324,#1348,#1350,.T.);
#1348 = VERTEX_POINT('',#1349);
#1349 = CARTESIAN_POINT('',(6.025825461037,5.293645750422,8.8));
#1350 = LINE('',#1351,#1352);
#1351 = CARTESIAN_POINT('',(6.013288996323,5.306182215136,8.8));
#1352 = VECTOR('',#1353,1.);
#1353 = DIRECTION('',(0.707106781187,-0.707106781187,0.));
#1354 = ORIENTED_EDGE('',*,*,#1355,.F.);
#1355 = EDGE_CURVE('',#264,#1348,#1356,.T.);
#1356 = LINE('',#1357,#1358);
#1357 = CARTESIAN_POINT('',(6.236108874495,5.503929163879,7.798650412108
    ));
#1358 = VECTOR('',#1359,1.);
#1359 = DIRECTION('',(-0.201309807683,-0.201309807683,0.958618131824));
#1360 = ORIENTED_EDGE('',*,*,#263,.F.);
#1361 = ORIENTED_EDGE('',*,*,#1331,.T.);
#1362 = PLANE('',#1363);
#1363 = AXIS2_PLACEMENT_3D('',#1364,#1365,#1366);
#1364 = CARTESIAN_POINT('',(6.186585542103,4.77237197973,9.658365927683)
  );
#1365 = DIRECTION('',(0.677845381581,0.677845381581,0.284695060264));
#1366 = DIRECTION('',(-0.707106781187,0.707106781187,-5.551115123126E-17
    ));
#1367 = ADVANCED_FACE('',(#1368),#1386,.F.);
#1368 = FACE_BOUND('',#1369,.F.);
#1369 = EDGE_LOOP('',(#1370,#1378,#1384,#1385));
#1370 = ORIENTED_EDGE('',*,*,#1371,.T.);
#1371 = EDGE_CURVE('',#1348,#1372,#1374,.T.);
#1372 = VERTEX_POINT('',#1373);
#1373 = CARTESIAN_POINT('',(6.025825461037,-5.293645750422,8.8));
#1374 = LINE('',#1375,#1376);
#1375 = CARTESIAN_POINT('',(6.025825461037,4.8E-16,8.8));
#1376 = VECTOR('',#1377,1.);
#1377 = DIRECTION('',(1.E-17,-1.,0.));
#1378 = ORIENTED_EDGE('',*,*,#1379,.F.);
#1379 = EDGE_CURVE('',#272,#1372,#1380,.T.);
#1380 = LINE('',#1381,#1382);
#1381 = CARTESIAN_POINT('',(6.236108874495,-5.503929163879,
    7.798650412108));
#1382 = VECTOR('',#1383,1.);
#1383 = DIRECTION('',(-0.201309807683,0.201309807683,0.958618131824));
#1384 = ORIENTED_EDGE('',*,*,#271,.F.);
#1385 = ORIENTED_EDGE('',*,*,#1355,.T.);
#1386 = PLANE('',#1387);
#1387 = AXIS2_PLACEMENT_3D('',#1388,#1389,#1390);
#1388 = CARTESIAN_POINT('',(6.875615804078,7.2E-16,4.753379318856));
#1389 = DIRECTION('',(0.978653496602,1.E-17,0.205517234286));
#1390 = DIRECTION('',(-1.62428131003E-17,1.,2.868900924894E-17));
#1391 = ADVANCED_FACE('',(#1392),#1410,.F.);
#1392 = FACE_BOUND('',#1393,.F.);
#1393 = EDGE_LOOP('',(#1394,#1402,#1408,#1409));
#1394 = ORIENTED_EDGE('',*,*,#1395,.T.);
#1395 = EDGE_CURVE('',#1372,#1396,#1398,.T.);
#1396 = VERTEX_POINT('',#1397);
#1397 = CARTESIAN_POINT('',(5.293645750422,-6.025825461037,8.8));
#1398 = LINE('',#1399,#1400);
#1399 = CARTESIAN_POINT('',(5.306182215136,-6.013288996323,8.8));
#1400 = VECTOR('',#1401,1.);
#1401 = DIRECTION('',(-0.707106781187,-0.707106781187,0.));
#1402 = ORIENTED_EDGE('',*,*,#1403,.F.);
#1403 = EDGE_CURVE('',#280,#1396,#1404,.T.);
#1404 = LINE('',#1405,#1406);
#1405 = CARTESIAN_POINT('',(5.503929163879,-6.236108874495,
    7.798650412108));
#1406 = VECTOR('',#1407,1.);
#1407 = DIRECTION('',(-0.201309807683,0.201309807683,0.958618131824));
#1408 = ORIENTED_EDGE('',*,*,#279,.F.);
#1409 = ORIENTED_EDGE('',*,*,#1379,.T.);
#1410 = PLANE('',#1411);
#1411 = AXIS2_PLACEMENT_3D('',#1412,#1413,#1414);
#1412 = CARTESIAN_POINT('',(4.77237197973,-6.186585542103,9.658365927683
    ));
#1413 = DIRECTION('',(0.677845381581,-0.677845381581,0.284695060264));
#1414 = DIRECTION('',(0.707106781187,0.707106781187,2.775557561563E-17)
  );
#1415 = ADVANCED_FACE('',(#1416),#1434,.F.);
#1416 = FACE_BOUND('',#1417,.F.);
#1417 = EDGE_LOOP('',(#1418,#1426,#1432,#1433));
#1418 = ORIENTED_EDGE('',*,*,#1419,.T.);
#1419 = EDGE_CURVE('',#1396,#1420,#1422,.T.);
#1420 = VERTEX_POINT('',#1421);
#1421 = CARTESIAN_POINT('',(-5.293645750422,-6.025825461037,8.8));
#1422 = LINE('',#1423,#1424);
#1423 = CARTESIAN_POINT('',(-3.1E-16,-6.025825461037,8.8));
#1424 = VECTOR('',#1425,1.);
#1425 = DIRECTION('',(-1.,0.,0.));
#1426 = ORIENTED_EDGE('',*,*,#1427,.F.);
#1427 = EDGE_CURVE('',#288,#1420,#1428,.T.);
#1428 = LINE('',#1429,#1430);
#1429 = CARTESIAN_POINT('',(-5.503929163879,-6.236108874495,
    7.798650412108));
#1430 = VECTOR('',#1431,1.);
#1431 = DIRECTION('',(0.201309807683,0.201309807683,0.958618131824));
#1432 = ORIENTED_EDGE('',*,*,#287,.F.);
#1433 = ORIENTED_EDGE('',*,*,#1403,.T.);
#1434 = PLANE('',#1435);
#1435 = AXIS2_PLACEMENT_3D('',#1436,#1437,#1438);
#1436 = CARTESIAN_POINT('',(8.E-17,-6.875615804078,4.753379318856));
#1437 = DIRECTION('',(0.,-0.978653496602,0.205517234286));
#1438 = DIRECTION('',(1.,-4.022603198927E-18,-1.915525332823E-17));
#1439 = ADVANCED_FACE('',(#1440),#1451,.F.);
#1440 = FACE_BOUND('',#1441,.F.);
#1441 = EDGE_LOOP('',(#1442,#1448,#1449,#1450));
#1442 = ORIENTED_EDGE('',*,*,#1443,.T.);
#1443 = EDGE_CURVE('',#1420,#1269,#1444,.T.);
#1444 = LINE('',#1445,#1446);
#1445 = CARTESIAN_POINT('',(-6.013288996323,-5.306182215136,8.8));
#1446 = VECTOR('',#1447,1.);
#1447 = DIRECTION('',(-0.707106781187,0.707106781187,0.));
#1448 = ORIENTED_EDGE('',*,*,#1285,.F.);
#1449 = ORIENTED_EDGE('',*,*,#295,.F.);
#1450 = ORIENTED_EDGE('',*,*,#1427,.T.);
#1451 = PLANE('',#1452);
#1452 = AXIS2_PLACEMENT_3D('',#1453,#1454,#1455);
#1453 = CARTESIAN_POINT('',(-6.186585542103,-4.77237197973,
    9.658365927683));
#1454 = DIRECTION('',(-0.677845381581,-0.677845381581,0.284695060264));
#1455 = DIRECTION('',(0.707106781187,-0.707106781187,-5.551115123126E-17
    ));
#1456 = ADVANCED_FACE('',(#1457),#1472,.T.);
#1457 = FACE_BOUND('',#1458,.T.);
#1458 = EDGE_LOOP('',(#1459,#1467,#1468,#1469,#1470,#1471));
#1459 = ORIENTED_EDGE('',*,*,#1460,.T.);
#1460 = EDGE_CURVE('',#484,#1214,#1461,.T.);
#1461 = B_SPLINE_CURVE_WITH_KNOTS('',4,(#1462,#1463,#1464,#1465,#1466),
  .UNSPECIFIED.,.F.,.F.,(5,5),(0.,1.),.PIECEWISE_BEZIER_KNOTS.);
#1462 = CARTESIAN_POINT('',(5.37867965644,6.5,10.));
#1463 = CARTESIAN_POINT('',(5.458179125007,6.647604678651,9.880172733522
    ));
#1464 = CARTESIAN_POINT('',(5.537678593573,6.795209357302,9.760345467044
    ));
#1465 = CARTESIAN_POINT('',(5.617178062139,6.942814035953,9.640518200566
    ));
#1466 = CARTESIAN_POINT('',(5.696677530706,7.090418714604,9.520690934088
    ));
#1467 = ORIENTED_EDGE('',*,*,#1213,.T.);
#1468 = ORIENTED_EDGE('',*,*,#1250,.T.);
#1469 = ORIENTED_EDGE('',*,*,#319,.F.);
#1470 = ORIENTED_EDGE('',*,*,#439,.F.);
#1471 = ORIENTED_EDGE('',*,*,#491,.F.);
#1472 = B_SPLINE_SURFACE_WITH_KNOTS('',1,2,(
    (#1473,#1474,#1475,#1476,#1477)
    ,(#1478,#1479,#1480,#1481,#1482
    )),.UNSPECIFIED.,.F.,.F.,.F.,(2,2),(3,1,1,3),(0.,12.171572875254),(
    -1.183700259966,-0.5,11.671572875254,12.355273135219),
  .UNSPECIFIED.);
#1473 = CARTESIAN_POINT('',(6.769486697592,6.5,10.));
#1474 = CARTESIAN_POINT('',(6.42763656761,6.5,10.));
#1475 = CARTESIAN_POINT('',(3.55E-15,6.5,10.));
#1476 = CARTESIAN_POINT('',(-6.42763656761,6.5,10.));
#1477 = CARTESIAN_POINT('',(-6.769486697592,6.5,10.));
#1478 = CARTESIAN_POINT('',(6.769486697592,7.102758617143,9.510673251699
    ));
#1479 = CARTESIAN_POINT('',(6.42763656761,7.102758617143,9.510673251699)
  );
#1480 = CARTESIAN_POINT('',(3.55E-15,7.102758617143,9.510673251699));
#1481 = CARTESIAN_POINT('',(-6.42763656761,7.102758617143,9.510673251699
    ));
#1482 = CARTESIAN_POINT('',(-6.769486697592,7.102758617143,
    9.510673251699));
#1483 = ADVANCED_FACE('',(#1484),#1497,.T.);
#1484 = FACE_BOUND('',#1485,.F.);
#1485 = EDGE_LOOP('',(#1486,#1487,#1488,#1496));
#1486 = ORIENTED_EDGE('',*,*,#368,.F.);
#1487 = ORIENTED_EDGE('',*,*,#465,.T.);
#1488 = ORIENTED_EDGE('',*,*,#1489,.T.);
#1489 = EDGE_CURVE('',#466,#1155,#1490,.T.);
#1490 = B_SPLINE_CURVE_WITH_KNOTS('',4,(#1491,#1492,#1493,#1494,#1495),
  .UNSPECIFIED.,.F.,.F.,(5,5),(0.,1.),.PIECEWISE_BEZIER_KNOTS.);
#1491 = CARTESIAN_POINT('',(6.5,-5.37867965644,10.));
#1492 = CARTESIAN_POINT('',(6.647604678651,-5.458179125007,
    9.880172733522));
#1493 = CARTESIAN_POINT('',(6.795209357302,-5.537678593573,
    9.760345467044));
#1494 = CARTESIAN_POINT('',(6.942814035953,-5.617178062139,
    9.640518200566));
#1495 = CARTESIAN_POINT('',(7.090418714604,-5.696677530706,
    9.520690934088));
#1496 = ORIENTED_EDGE('',*,*,#1164,.F.);
#1497 = PLANE('',#1498);
#1498 = AXIS2_PLACEMENT_3D('',#1499,#1500,#1501);
#1499 = CARTESIAN_POINT('',(5.459337194251,-6.873550756624,
    9.760345467044));
#1500 = DIRECTION('',(0.422878510844,-0.422878510844,0.80146586336));
#1501 = DIRECTION('',(-0.707106781187,-0.707106781187,2.775557561563E-17
    ));
#1502 = ADVANCED_FACE('',(#1503),#1518,.T.);
#1503 = FACE_BOUND('',#1504,.T.);
#1504 = EDGE_LOOP('',(#1505,#1506,#1507,#1508,#1509,#1517));
#1505 = ORIENTED_EDGE('',*,*,#1489,.T.);
#1506 = ORIENTED_EDGE('',*,*,#1154,.T.);
#1507 = ORIENTED_EDGE('',*,*,#1188,.T.);
#1508 = ORIENTED_EDGE('',*,*,#1231,.F.);
#1509 = ORIENTED_EDGE('',*,*,#1510,.F.);
#1510 = EDGE_CURVE('',#474,#1224,#1511,.T.);
#1511 = B_SPLINE_CURVE_WITH_KNOTS('',4,(#1512,#1513,#1514,#1515,#1516),
  .UNSPECIFIED.,.F.,.F.,(5,5),(0.,1.),.PIECEWISE_BEZIER_KNOTS.);
#1512 = CARTESIAN_POINT('',(6.5,5.37867965644,10.));
#1513 = CARTESIAN_POINT('',(6.647604678651,5.458179125007,9.880172733522
    ));
#1514 = CARTESIAN_POINT('',(6.795209357302,5.537678593573,9.760345467044
    ));
#1515 = CARTESIAN_POINT('',(6.942814035953,5.617178062139,9.640518200566
    ));
#1516 = CARTESIAN_POINT('',(7.090418714604,5.696677530706,9.520690934088
    ));
#1517 = ORIENTED_EDGE('',*,*,#473,.F.);
#1518 = B_SPLINE_SURFACE_WITH_KNOTS('',1,2,(
    (#1519,#1520,#1521,#1522,#1523)
    ,(#1524,#1525,#1526,#1527,#1528
    )),.UNSPECIFIED.,.F.,.F.,.F.,(2,2),(3,1,1,3),(0.,12.171572875254),(
    -1.183700259966,-0.5,11.671572875254,12.355273135219),
  .UNSPECIFIED.);
#1519 = CARTESIAN_POINT('',(6.5,-6.769486697592,10.));
#1520 = CARTESIAN_POINT('',(6.5,-6.42763656761,10.));
#1521 = CARTESIAN_POINT('',(6.5,0.,10.));
#1522 = CARTESIAN_POINT('',(6.5,6.42763656761,10.));
#1523 = CARTESIAN_POINT('',(6.5,6.769486697592,10.));
#1524 = CARTESIAN_POINT('',(7.102758617143,-6.769486697592,
    9.510673251699));
#1525 = CARTESIAN_POINT('',(7.102758617143,-6.42763656761,9.510673251699
    ));
#1526 = CARTESIAN_POINT('',(7.102758617143,0.,9.510673251699));
#1527 = CARTESIAN_POINT('',(7.102758617143,6.42763656761,9.510673251699)
  );
#1528 = CARTESIAN_POINT('',(7.102758617143,6.769486697592,9.510673251699
    ));
#1529 = ADVANCED_FACE('',(#1530),#1536,.T.);
#1530 = FACE_BOUND('',#1531,.F.);
#1531 = EDGE_LOOP('',(#1532,#1533,#1534,#1535));
#1532 = ORIENTED_EDGE('',*,*,#1510,.F.);
#1533 = ORIENTED_EDGE('',*,*,#483,.T.);
#1534 = ORIENTED_EDGE('',*,*,#1460,.T.);
#1535 = ORIENTED_EDGE('',*,*,#1223,.F.);
#1536 = PLANE('',#1537);
#1537 = AXIS2_PLACEMENT_3D('',#1538,#1539,#1540);
#1538 = CARTESIAN_POINT('',(6.873550756624,5.459337194251,9.760345467044
    ));
#1539 = DIRECTION('',(0.422878510844,0.422878510844,0.80146586336));
#1540 = DIRECTION('',(0.707106781187,-0.707106781187,5.551115123126E-17)
  );
#1541 = ADVANCED_FACE('',(#1542),#1567,.T.);
#1542 = FACE_BOUND('',#1543,.T.);
#1543 = EDGE_LOOP('',(#1544,#1552,#1560,#1566));
#1544 = ORIENTED_EDGE('',*,*,#1545,.T.);
#1545 = EDGE_CURVE('',#506,#1546,#1548,.T.);
#1546 = VERTEX_POINT('',#1547);
#1547 = CARTESIAN_POINT('',(-1.765827213677,-2.550658930686,9.6));
#1548 = LINE('',#1549,#1550);
#1549 = CARTESIAN_POINT('',(-1.765827213677,-2.550658930686,10.));
#1550 = VECTOR('',#1551,1.);
#1551 = DIRECTION('',(-0.,-0.,-1.));
#1552 = ORIENTED_EDGE('',*,*,#1553,.T.);
#1553 = EDGE_CURVE('',#1546,#1554,#1556,.T.);
#1554 = VERTEX_POINT('',#1555);
#1555 = CARTESIAN_POINT('',(-2.634707035636,-2.668194168075,9.6));
#1556 = B_SPLINE_CURVE_WITH_KNOTS('',2,(#1557,#1558,#1559),
  .UNSPECIFIED.,.F.,.F.,(3,3),(0.,1.),.PIECEWISE_BEZIER_KNOTS.);
#1557 = CARTESIAN_POINT('',(-1.765827213677,-2.550658930686,9.6));
#1558 = CARTESIAN_POINT('',(-2.164566086081,-2.668194168075,9.6));
#1559 = CARTESIAN_POINT('',(-2.634707035636,-2.668194168075,9.6));
#1560 = ORIENTED_EDGE('',*,*,#1561,.F.);
#1561 = EDGE_CURVE('',#508,#1554,#1562,.T.);
#1562 = LINE('',#1563,#1564);
#1563 = CARTESIAN_POINT('',(-2.634707035636,-2.668194168075,10.));
#1564 = VECTOR('',#1565,1.);
#1565 = DIRECTION('',(-0.,-0.,-1.));
#1566 = ORIENTED_EDGE('',*,*,#505,.F.);
#1567 = SURFACE_OF_LINEAR_EXTRUSION('',#1568,#1572);
#1568 = B_SPLINE_CURVE_WITH_KNOTS('',2,(#1569,#1570,#1571),
  .UNSPECIFIED.,.F.,.F.,(3,3),(0.,1.),.PIECEWISE_BEZIER_KNOTS.);
#1569 = CARTESIAN_POINT('',(-1.765827213677,-2.550658930686,10.));
#1570 = CARTESIAN_POINT('',(-2.164566086081,-2.668194168075,10.));
#1571 = CARTESIAN_POINT('',(-2.634707035636,-2.668194168075,10.));
#1572 = VECTOR('',#1573,1.);
#1573 = DIRECTION('',(0.,0.,1.));
#1574 = ADVANCED_FACE('',(#1575),#1593,.T.);
#1575 = FACE_BOUND('',#1576,.T.);
#1576 = EDGE_LOOP('',(#1577,#1585,#1591,#1592));
#1577 = ORIENTED_EDGE('',*,*,#1578,.T.);
#1578 = EDGE_CURVE('',#772,#1579,#1581,.T.);
#1579 = VERTEX_POINT('',#1580);
#1580 = CARTESIAN_POINT('',(-1.068034186971,-2.208717165107,9.6));
#1581 = LINE('',#1582,#1583);
#1582 = CARTESIAN_POINT('',(-1.068034186971,-2.208717165107,10.));
#1583 = VECTOR('',#1584,1.);
#1584 = DIRECTION('',(-0.,-0.,-1.));
#1585 = ORIENTED_EDGE('',*,*,#1586,.T.);
#1586 = EDGE_CURVE('',#1579,#1546,#1587,.T.);
#1587 = B_SPLINE_CURVE_WITH_KNOTS('',2,(#1588,#1589,#1590),
  .UNSPECIFIED.,.F.,.F.,(3,3),(0.,1.),.PIECEWISE_BEZIER_KNOTS.);
#1588 = CARTESIAN_POINT('',(-1.068034186971,-2.208717165107,9.6));
#1589 = CARTESIAN_POINT('',(-1.367088341274,-2.433123693297,9.6));
#1590 = CARTESIAN_POINT('',(-1.765827213677,-2.550658930686,9.6));
#1591 = ORIENTED_EDGE('',*,*,#1545,.F.);
#1592 = ORIENTED_EDGE('',*,*,#779,.F.);
#1593 = SURFACE_OF_LINEAR_EXTRUSION('',#1594,#1598);
#1594 = B_SPLINE_CURVE_WITH_KNOTS('',2,(#1595,#1596,#1597),
  .UNSPECIFIED.,.F.,.F.,(3,3),(0.,1.),.PIECEWISE_BEZIER_KNOTS.);
#1595 = CARTESIAN_POINT('',(-1.068034186971,-2.208717165107,10.));
#1596 = CARTESIAN_POINT('',(-1.367088341274,-2.433123693297,10.));
#1597 = CARTESIAN_POINT('',(-1.765827213677,-2.550658930686,10.));
#1598 = VECTOR('',#1599,1.);
#1599 = DIRECTION('',(0.,0.,1.));
#1600 = ADVANCED_FACE('',(#1601),#1619,.T.);
#1601 = FACE_BOUND('',#1602,.T.);
#1602 = EDGE_LOOP('',(#1603,#1611,#1617,#1618));
#1603 = ORIENTED_EDGE('',*,*,#1604,.T.);
#1604 = EDGE_CURVE('',#764,#1605,#1607,.T.);
#1605 = VERTEX_POINT('',#1606);
#1606 = CARTESIAN_POINT('',(-0.601370611303,-1.667174138401,9.6));
#1607 = LINE('',#1608,#1609);
#1608 = CARTESIAN_POINT('',(-0.601370611303,-1.667174138401,10.));
#1609 = VECTOR('',#1610,1.);
#1610 = DIRECTION('',(-0.,-0.,-1.));
#1611 = ORIENTED_EDGE('',*,*,#1612,.T.);
#1612 = EDGE_CURVE('',#1605,#1579,#1613,.T.);
#1613 = B_SPLINE_CURVE_WITH_KNOTS('',2,(#1614,#1615,#1616),
  .UNSPECIFIED.,.F.,.F.,(3,3),(0.,1.),.PIECEWISE_BEZIER_KNOTS.);
#1614 = CARTESIAN_POINT('',(-0.601370611303,-1.667174138401,9.6));
#1615 = CARTESIAN_POINT('',(-0.768748207742,-1.984310636917,9.6));
#1616 = CARTESIAN_POINT('',(-1.068034186971,-2.208717165107,9.6));
#1617 = ORIENTED_EDGE('',*,*,#1578,.F.);
#1618 = ORIENTED_EDGE('',*,*,#771,.F.);
#1619 = SURFACE_OF_LINEAR_EXTRUSION('',#1620,#1624);
#1620 = B_SPLINE_CURVE_WITH_KNOTS('',2,(#1621,#1622,#1623),
  .UNSPECIFIED.,.F.,.F.,(3,3),(0.,1.),.PIECEWISE_BEZIER_KNOTS.);
#1621 = CARTESIAN_POINT('',(-0.601370611303,-1.667174138401,10.));
#1622 = CARTESIAN_POINT('',(-0.768748207742,-1.984310636917,10.));
#1623 = CARTESIAN_POINT('',(-1.068034186971,-2.208717165107,10.));
#1624 = VECTOR('',#1625,1.);
#1625 = DIRECTION('',(0.,0.,1.));
#1626 = ADVANCED_FACE('',(#1627),#1645,.T.);
#1627 = FACE_BOUND('',#1628,.T.);
#1628 = EDGE_LOOP('',(#1629,#1637,#1643,#1644));
#1629 = ORIENTED_EDGE('',*,*,#1630,.T.);
#1630 = EDGE_CURVE('',#756,#1631,#1633,.T.);
#1631 = VERTEX_POINT('',#1632);
#1632 = CARTESIAN_POINT('',(-0.433993014864,-0.951298767481,9.6));
#1633 = LINE('',#1634,#1635);
#1634 = CARTESIAN_POINT('',(-0.433993014864,-0.951298767481,10.));
#1635 = VECTOR('',#1636,1.);
#1636 = DIRECTION('',(-0.,-0.,-1.));
#1637 = ORIENTED_EDGE('',*,*,#1638,.T.);
#1638 = EDGE_CURVE('',#1631,#1605,#1639,.T.);
#1639 = B_SPLINE_CURVE_WITH_KNOTS('',2,(#1640,#1641,#1642),
  .UNSPECIFIED.,.F.,.F.,(3,3),(0.,1.),.PIECEWISE_BEZIER_KNOTS.);
#1640 = CARTESIAN_POINT('',(-0.433993014864,-0.951298767481,9.6));
#1641 = CARTESIAN_POINT('',(-0.433993014864,-1.350037639885,9.6));
#1642 = CARTESIAN_POINT('',(-0.601370611303,-1.667174138401,9.6));
#1643 = ORIENTED_EDGE('',*,*,#1604,.F.);
#1644 = ORIENTED_EDGE('',*,*,#763,.F.);
#1645 = SURFACE_OF_LINEAR_EXTRUSION('',#1646,#1650);
#1646 = B_SPLINE_CURVE_WITH_KNOTS('',2,(#1647,#1648,#1649),
  .UNSPECIFIED.,.F.,.F.,(3,3),(0.,1.),.PIECEWISE_BEZIER_KNOTS.);
#1647 = CARTESIAN_POINT('',(-0.433993014864,-0.951298767481,10.));
#1648 = CARTESIAN_POINT('',(-0.433993014864,-1.350037639885,10.));
#1649 = CARTESIAN_POINT('',(-0.601370611303,-1.667174138401,10.));
#1650 = VECTOR('',#1651,1.);
#1651 = DIRECTION('',(0.,0.,1.));
#1652 = ADVANCED_FACE('',(#1653),#1671,.T.);
#1653 = FACE_BOUND('',#1654,.T.);
#1654 = EDGE_LOOP('',(#1655,#1663,#1669,#1670));
#1655 = ORIENTED_EDGE('',*,*,#1656,.T.);
#1656 = EDGE_CURVE('',#748,#1657,#1659,.T.);
#1657 = VERTEX_POINT('',#1658);
#1658 = CARTESIAN_POINT('',(-0.473171427327,-0.844195651754,9.6));
#1659 = LINE('',#1660,#1661);
#1660 = CARTESIAN_POINT('',(-0.473171427327,-0.844195651754,10.));
#1661 = VECTOR('',#1662,1.);
#1662 = DIRECTION('',(-0.,-0.,-1.));
#1663 = ORIENTED_EDGE('',*,*,#1664,.T.);
#1664 = EDGE_CURVE('',#1657,#1631,#1665,.T.);
#1665 = B_SPLINE_CURVE_WITH_KNOTS('',2,(#1666,#1667,#1668),
  .UNSPECIFIED.,.F.,.F.,(3,3),(0.,1.),.PIECEWISE_BEZIER_KNOTS.);
#1666 = CARTESIAN_POINT('',(-0.473171427327,-0.844195651754,9.6));
#1667 = CARTESIAN_POINT('',(-0.426806442164,-0.88708326303,9.6));
#1668 = CARTESIAN_POINT('',(-0.433993014864,-0.951298767481,9.6));
#1669 = ORIENTED_EDGE('',*,*,#1630,.F.);
#1670 = ORIENTED_EDGE('',*,*,#755,.F.);
#1671 = SURFACE_OF_LINEAR_EXTRUSION('',#1672,#1676);
#1672 = B_SPLINE_CURVE_WITH_KNOTS('',2,(#1673,#1674,#1675),
  .UNSPECIFIED.,.F.,.F.,(3,3),(0.,1.),.PIECEWISE_BEZIER_KNOTS.);
#1673 = CARTESIAN_POINT('',(-0.473171427327,-0.844195651754,10.));
#1674 = CARTESIAN_POINT('',(-0.426806442164,-0.88708326303,10.));
#1675 = CARTESIAN_POINT('',(-0.433993014864,-0.951298767481,10.));
#1676 = VECTOR('',#1677,1.);
#1677 = DIRECTION('',(0.,0.,1.));
#1678 = ADVANCED_FACE('',(#1679),#1697,.T.);
#1679 = FACE_BOUND('',#1680,.T.);
#1680 = EDGE_LOOP('',(#1681,#1689,#1695,#1696));
#1681 = ORIENTED_EDGE('',*,*,#1682,.T.);
#1682 = EDGE_CURVE('',#740,#1683,#1685,.T.);
#1683 = VERTEX_POINT('',#1684);
#1684 = CARTESIAN_POINT('',(-0.583520092015,-0.801308040478,9.6));
#1685 = LINE('',#1686,#1687);
#1686 = CARTESIAN_POINT('',(-0.583520092015,-0.801308040478,10.));
#1687 = VECTOR('',#1688,1.);
#1688 = DIRECTION('',(-0.,-0.,-1.));
#1689 = ORIENTED_EDGE('',*,*,#1690,.T.);
#1690 = EDGE_CURVE('',#1683,#1657,#1691,.T.);
#1691 = B_SPLINE_CURVE_WITH_KNOTS('',2,(#1692,#1693,#1694),
  .UNSPECIFIED.,.F.,.F.,(3,3),(0.,1.),.PIECEWISE_BEZIER_KNOTS.);
#1692 = CARTESIAN_POINT('',(-0.583520092015,-0.801308040478,9.6));
#1693 = CARTESIAN_POINT('',(-0.519304587564,-0.801308040478,9.6));
#1694 = CARTESIAN_POINT('',(-0.473171427327,-0.844195651754,9.6));
#1695 = ORIENTED_EDGE('',*,*,#1656,.F.);
#1696 = ORIENTED_EDGE('',*,*,#747,.F.);
#1697 = SURFACE_OF_LINEAR_EXTRUSION('',#1698,#1702);
#1698 = B_SPLINE_CURVE_WITH_KNOTS('',2,(#1699,#1700,#1701),
  .UNSPECIFIED.,.F.,.F.,(3,3),(0.,1.),.PIECEWISE_BEZIER_KNOTS.);
#1699 = CARTESIAN_POINT('',(-0.583520092015,-0.801308040478,10.));
#1700 = CARTESIAN_POINT('',(-0.519304587564,-0.801308040478,10.));
#1701 = CARTESIAN_POINT('',(-0.473171427327,-0.844195651754,10.));
#1702 = VECTOR('',#1703,1.);
#1703 = DIRECTION('',(0.,0.,1.));
#1704 = ADVANCED_FACE('',(#1705),#1723,.T.);
#1705 = FACE_BOUND('',#1706,.T.);
#1706 = EDGE_LOOP('',(#1707,#1715,#1721,#1722));
#1707 = ORIENTED_EDGE('',*,*,#1708,.T.);
#1708 = EDGE_CURVE('',#732,#1709,#1711,.T.);
#1709 = VERTEX_POINT('',#1710);
#1710 = CARTESIAN_POINT('',(-1.544898059374,-0.801308040478,9.6));
#1711 = LINE('',#1712,#1713);
#1712 = CARTESIAN_POINT('',(-1.544898059374,-0.801308040478,10.));
#1713 = VECTOR('',#1714,1.);
#1714 = DIRECTION('',(-0.,-0.,-1.));
#1715 = ORIENTED_EDGE('',*,*,#1716,.T.);
#1716 = EDGE_CURVE('',#1709,#1683,#1717,.T.);
#1717 = LINE('',#1718,#1719);
#1718 = CARTESIAN_POINT('',(-1.544898059374,-0.801308040478,9.6));
#1719 = VECTOR('',#1720,1.);
#1720 = DIRECTION('',(1.,0.,0.));
#1721 = ORIENTED_EDGE('',*,*,#1682,.F.);
#1722 = ORIENTED_EDGE('',*,*,#739,.F.);
#1723 = PLANE('',#1724);
#1724 = AXIS2_PLACEMENT_3D('',#1725,#1726,#1727);
#1725 = CARTESIAN_POINT('',(-1.544898059374,-0.801308040478,10.));
#1726 = DIRECTION('',(0.,-1.,0.));
#1727 = DIRECTION('',(1.,0.,0.));
#1728 = ADVANCED_FACE('',(#1729),#1747,.T.);
#1729 = FACE_BOUND('',#1730,.T.);
#1730 = EDGE_LOOP('',(#1731,#1739,#1745,#1746));
#1731 = ORIENTED_EDGE('',*,*,#1732,.T.);
#1732 = EDGE_CURVE('',#724,#1733,#1735,.T.);
#1733 = VERTEX_POINT('',#1734);
#1734 = CARTESIAN_POINT('',(-1.690947762639,-0.840718277867,9.6));
#1735 = LINE('',#1736,#1737);
#1736 = CARTESIAN_POINT('',(-1.690947762639,-0.840718277867,10.));
#1737 = VECTOR('',#1738,1.);
#1738 = DIRECTION('',(-0.,-0.,-1.));
#1739 = ORIENTED_EDGE('',*,*,#1740,.T.);
#1740 = EDGE_CURVE('',#1733,#1709,#1741,.T.);
#1741 = B_SPLINE_CURVE_WITH_KNOTS('',2,(#1742,#1743,#1744),
  .UNSPECIFIED.,.F.,.F.,(3,3),(0.,1.),.PIECEWISE_BEZIER_KNOTS.);
#1742 = CARTESIAN_POINT('',(-1.690947762639,-0.840718277867,9.6));
#1743 = CARTESIAN_POINT('',(-1.637396204775,-0.801308040478,9.6));
#1744 = CARTESIAN_POINT('',(-1.544898059374,-0.801308040478,9.6));
#1745 = ORIENTED_EDGE('',*,*,#1708,.F.);
#1746 = ORIENTED_EDGE('',*,*,#731,.F.);
#1747 = SURFACE_OF_LINEAR_EXTRUSION('',#1748,#1752);
#1748 = B_SPLINE_CURVE_WITH_KNOTS('',2,(#1749,#1750,#1751),
  .UNSPECIFIED.,.F.,.F.,(3,3),(0.,1.),.PIECEWISE_BEZIER_KNOTS.);
#1749 = CARTESIAN_POINT('',(-1.690947762639,-0.840718277867,10.));
#1750 = CARTESIAN_POINT('',(-1.637396204775,-0.801308040478,10.));
#1751 = CARTESIAN_POINT('',(-1.544898059374,-0.801308040478,10.));
#1752 = VECTOR('',#1753,1.);
#1753 = DIRECTION('',(0.,0.,1.));
#1754 = ADVANCED_FACE('',(#1755),#1773,.T.);
#1755 = FACE_BOUND('',#1756,.T.);
#1756 = EDGE_LOOP('',(#1757,#1765,#1771,#1772));
#1757 = ORIENTED_EDGE('',*,*,#1758,.T.);
#1758 = EDGE_CURVE('',#716,#1759,#1761,.T.);
#1759 = VERTEX_POINT('',#1760);
#1760 = CARTESIAN_POINT('',(-1.772781961452,-0.987231630983,9.6));
#1761 = LINE('',#1762,#1763);
#1762 = CARTESIAN_POINT('',(-1.772781961452,-0.987231630983,10.));
#1763 = VECTOR('',#1764,1.);
#1764 = DIRECTION('',(-0.,-0.,-1.));
#1765 = ORIENTED_EDGE('',*,*,#1766,.T.);
#1766 = EDGE_CURVE('',#1759,#1733,#1767,.T.);
#1767 = B_SPLINE_CURVE_WITH_KNOTS('',2,(#1768,#1769,#1770),
  .UNSPECIFIED.,.F.,.F.,(3,3),(0.,1.),.PIECEWISE_BEZIER_KNOTS.);
#1768 = CARTESIAN_POINT('',(-1.772781961452,-0.987231630983,9.6));
#1769 = CARTESIAN_POINT('',(-1.744267495576,-0.87989669033,9.6));
#1770 = CARTESIAN_POINT('',(-1.690947762639,-0.840718277867,9.6));
#1771 = ORIENTED_EDGE('',*,*,#1732,.F.);
#1772 = ORIENTED_EDGE('',*,*,#723,.F.);
#1773 = SURFACE_OF_LINEAR_EXTRUSION('',#1774,#1778);
#1774 = B_SPLINE_CURVE_WITH_KNOTS('',2,(#1775,#1776,#1777),
  .UNSPECIFIED.,.F.,.F.,(3,3),(0.,1.),.PIECEWISE_BEZIER_KNOTS.);
#1775 = CARTESIAN_POINT('',(-1.772781961452,-0.987231630983,10.));
#1776 = CARTESIAN_POINT('',(-1.744267495576,-0.87989669033,10.));
#1777 = CARTESIAN_POINT('',(-1.690947762639,-0.840718277867,10.));
#1778 = VECTOR('',#1779,1.);
#1779 = DIRECTION('',(0.,0.,1.));
#1780 = ADVANCED_FACE('',(#1781),#1799,.T.);
#1781 = FACE_BOUND('',#1782,.T.);
#1782 = EDGE_LOOP('',(#1783,#1791,#1797,#1798));
#1783 = ORIENTED_EDGE('',*,*,#1784,.T.);
#1784 = EDGE_CURVE('',#708,#1785,#1787,.T.);
#1785 = VERTEX_POINT('',#1786);
#1786 = CARTESIAN_POINT('',(-2.093395833855,-1.501651141368,9.6));
#1787 = LINE('',#1788,#1789);
#1788 = CARTESIAN_POINT('',(-2.093395833855,-1.501651141368,10.));
#1789 = VECTOR('',#1790,1.);
#1790 = DIRECTION('',(-0.,-0.,-1.));
#1791 = ORIENTED_EDGE('',*,*,#1792,.T.);
#1792 = EDGE_CURVE('',#1785,#1759,#1793,.T.);
#1793 = B_SPLINE_CURVE_WITH_KNOTS('',2,(#1794,#1795,#1796),
  .UNSPECIFIED.,.F.,.F.,(3,3),(0.,1.),.PIECEWISE_BEZIER_KNOTS.);
#1794 = CARTESIAN_POINT('',(-2.093395833855,-1.501651141368,9.6));
#1795 = CARTESIAN_POINT('',(-1.865280106852,-1.35861516214,9.6));
#1796 = CARTESIAN_POINT('',(-1.772781961452,-0.987231630983,9.6));
#1797 = ORIENTED_EDGE('',*,*,#1758,.F.);
#1798 = ORIENTED_EDGE('',*,*,#715,.F.);
#1799 = SURFACE_OF_LINEAR_EXTRUSION('',#1800,#1804);
#1800 = B_SPLINE_CURVE_WITH_KNOTS('',2,(#1801,#1802,#1803),
  .UNSPECIFIED.,.F.,.F.,(3,3),(0.,1.),.PIECEWISE_BEZIER_KNOTS.);
#1801 = CARTESIAN_POINT('',(-2.093395833855,-1.501651141368,10.));
#1802 = CARTESIAN_POINT('',(-1.865280106852,-1.35861516214,10.));
#1803 = CARTESIAN_POINT('',(-1.772781961452,-0.987231630983,10.));
#1804 = VECTOR('',#1805,1.);
#1805 = DIRECTION('',(0.,0.,1.));
#1806 = ADVANCED_FACE('',(#1807),#1825,.T.);
#1807 = FACE_BOUND('',#1808,.T.);
#1808 = EDGE_LOOP('',(#1809,#1817,#1823,#1824));
#1809 = ORIENTED_EDGE('',*,*,#1810,.T.);
#1810 = EDGE_CURVE('',#700,#1811,#1813,.T.);
#1811 = VERTEX_POINT('',#1812);
#1812 = CARTESIAN_POINT('',(-2.64884835611,-1.644455295671,9.6));
#1813 = LINE('',#1814,#1815);
#1814 = CARTESIAN_POINT('',(-2.64884835611,-1.644455295671,10.));
#1815 = VECTOR('',#1816,1.);
#1816 = DIRECTION('',(-0.,-0.,-1.));
#1817 = ORIENTED_EDGE('',*,*,#1818,.T.);
#1818 = EDGE_CURVE('',#1811,#1785,#1819,.T.);
#1819 = B_SPLINE_CURVE_WITH_KNOTS('',2,(#1820,#1821,#1822),
  .UNSPECIFIED.,.F.,.F.,(3,3),(0.,1.),.PIECEWISE_BEZIER_KNOTS.);
#1820 = CARTESIAN_POINT('',(-2.64884835611,-1.644455295671,9.6));
#1821 = CARTESIAN_POINT('',(-2.321279735932,-1.644455295671,9.6));
#1822 = CARTESIAN_POINT('',(-2.093395833855,-1.501651141368,9.6));
#1823 = ORIENTED_EDGE('',*,*,#1784,.F.);
#1824 = ORIENTED_EDGE('',*,*,#707,.F.);
#1825 = SURFACE_OF_LINEAR_EXTRUSION('',#1826,#1830);
#1826 = B_SPLINE_CURVE_WITH_KNOTS('',2,(#1827,#1828,#1829),
  .UNSPECIFIED.,.F.,.F.,(3,3),(0.,1.),.PIECEWISE_BEZIER_KNOTS.);
#1827 = CARTESIAN_POINT('',(-2.64884835611,-1.644455295671,10.));
#1828 = CARTESIAN_POINT('',(-2.321279735932,-1.644455295671,10.));
#1829 = CARTESIAN_POINT('',(-2.093395833855,-1.501651141368,10.));
#1830 = VECTOR('',#1831,1.);
#1831 = DIRECTION('',(0.,0.,1.));
#1832 = ADVANCED_FACE('',(#1833),#1851,.T.);
#1833 = FACE_BOUND('',#1834,.T.);
#1834 = EDGE_LOOP('',(#1835,#1843,#1849,#1850));
#1835 = ORIENTED_EDGE('',*,*,#1836,.T.);
#1836 = EDGE_CURVE('',#692,#1837,#1839,.T.);
#1837 = VERTEX_POINT('',#1838);
#1838 = CARTESIAN_POINT('',(-3.268284557891,-1.42677169033,9.6));
#1839 = LINE('',#1840,#1841);
#1840 = CARTESIAN_POINT('',(-3.268284557891,-1.42677169033,10.));
#1841 = VECTOR('',#1842,1.);
#1842 = DIRECTION('',(-0.,-0.,-1.));
#1843 = ORIENTED_EDGE('',*,*,#1844,.T.);
#1844 = EDGE_CURVE('',#1837,#1811,#1845,.T.);
#1845 = B_SPLINE_CURVE_WITH_KNOTS('',2,(#1846,#1847,#1848),
  .UNSPECIFIED.,.F.,.F.,(3,3),(0.,1.),.PIECEWISE_BEZIER_KNOTS.);
#1846 = CARTESIAN_POINT('',(-3.268284557891,-1.42677169033,9.6));
#1847 = CARTESIAN_POINT('',(-3.040400655814,-1.644455295671,9.6));
#1848 = CARTESIAN_POINT('',(-2.64884835611,-1.644455295671,9.6));
#1849 = ORIENTED_EDGE('',*,*,#1810,.F.);
#1850 = ORIENTED_EDGE('',*,*,#699,.F.);
#1851 = SURFACE_OF_LINEAR_EXTRUSION('',#1852,#1856);
#1852 = B_SPLINE_CURVE_WITH_KNOTS('',2,(#1853,#1854,#1855),
  .UNSPECIFIED.,.F.,.F.,(3,3),(0.,1.),.PIECEWISE_BEZIER_KNOTS.);
#1853 = CARTESIAN_POINT('',(-3.268284557891,-1.42677169033,10.));
#1854 = CARTESIAN_POINT('',(-3.040400655814,-1.644455295671,10.));
#1855 = CARTESIAN_POINT('',(-2.64884835611,-1.644455295671,10.));
#1856 = VECTOR('',#1857,1.);
#1857 = DIRECTION('',(0.,0.,1.));
#1858 = ADVANCED_FACE('',(#1859),#1877,.T.);
#1859 = FACE_BOUND('',#1860,.T.);
#1860 = EDGE_LOOP('',(#1861,#1869,#1875,#1876));
#1861 = ORIENTED_EDGE('',*,*,#1862,.T.);
#1862 = EDGE_CURVE('',#684,#1863,#1865,.T.);
#1863 = VERTEX_POINT('',#1864);
#1864 = CARTESIAN_POINT('',(-3.517728178069,-0.701391497451,9.6));
#1865 = LINE('',#1866,#1867);
#1866 = CARTESIAN_POINT('',(-3.517728178069,-0.701391497451,10.));
#1867 = VECTOR('',#1868,1.);
#1868 = DIRECTION('',(-0.,-0.,-1.));
#1869 = ORIENTED_EDGE('',*,*,#1870,.T.);
#1870 = EDGE_CURVE('',#1863,#1837,#1871,.T.);
#1871 = B_SPLINE_CURVE_WITH_KNOTS('',2,(#1872,#1873,#1874),
  .UNSPECIFIED.,.F.,.F.,(3,3),(0.,1.),.PIECEWISE_BEZIER_KNOTS.);
#1872 = CARTESIAN_POINT('',(-3.517728178069,-0.701391497451,9.6));
#1873 = CARTESIAN_POINT('',(-3.496168459968,-1.208856260063,9.6));
#1874 = CARTESIAN_POINT('',(-3.268284557891,-1.42677169033,9.6));
#1875 = ORIENTED_EDGE('',*,*,#1836,.F.);
#1876 = ORIENTED_EDGE('',*,*,#691,.F.);
#1877 = SURFACE_OF_LINEAR_EXTRUSION('',#1878,#1882);
#1878 = B_SPLINE_CURVE_WITH_KNOTS('',2,(#1879,#1880,#1881),
  .UNSPECIFIED.,.F.,.F.,(3,3),(0.,1.),.PIECEWISE_BEZIER_KNOTS.);
#1879 = CARTESIAN_POINT('',(-3.517728178069,-0.701391497451,10.));
#1880 = CARTESIAN_POINT('',(-3.496168459968,-1.208856260063,10.));
#1881 = CARTESIAN_POINT('',(-3.268284557891,-1.42677169033,10.));
#1882 = VECTOR('',#1883,1.);
#1883 = DIRECTION('',(0.,0.,1.));
#1884 = ADVANCED_FACE('',(#1885),#1903,.T.);
#1885 = FACE_BOUND('',#1886,.T.);
#1886 = EDGE_LOOP('',(#1887,#1895,#1901,#1902));
#1887 = ORIENTED_EDGE('',*,*,#1888,.T.);
#1888 = EDGE_CURVE('',#676,#1889,#1891,.T.);
#1889 = VERTEX_POINT('',#1890);
#1890 = CARTESIAN_POINT('',(-3.517728178069,0.498766143498,9.6));
#1891 = LINE('',#1892,#1893);
#1892 = CARTESIAN_POINT('',(-3.517728178069,0.498766143498,10.));
#1893 = VECTOR('',#1894,1.);
#1894 = DIRECTION('',(-0.,-0.,-1.));
#1895 = ORIENTED_EDGE('',*,*,#1896,.T.);
#1896 = EDGE_CURVE('',#1889,#1863,#1897,.T.);
#1897 = B_SPLINE_CURVE_WITH_KNOTS('',2,(#1898,#1899,#1900),
  .UNSPECIFIED.,.F.,.F.,(3,3),(0.,1.),.PIECEWISE_BEZIER_KNOTS.);
#1898 = CARTESIAN_POINT('',(-3.517728178069,0.498766143498,9.6));
#1899 = CARTESIAN_POINT('',(-3.539056071244,-8.705544403895E-02,9.6));
#1900 = CARTESIAN_POINT('',(-3.517728178069,-0.701391497451,9.6));
#1901 = ORIENTED_EDGE('',*,*,#1862,.F.);
#1902 = ORIENTED_EDGE('',*,*,#683,.F.);
#1903 = SURFACE_OF_LINEAR_EXTRUSION('',#1904,#1908);
#1904 = B_SPLINE_CURVE_WITH_KNOTS('',2,(#1905,#1906,#1907),
  .UNSPECIFIED.,.F.,.F.,(3,3),(0.,1.),.PIECEWISE_BEZIER_KNOTS.);
#1905 = CARTESIAN_POINT('',(-3.517728178069,0.498766143498,10.));
#1906 = CARTESIAN_POINT('',(-3.539056071244,-8.705544403895E-02,10.));
#1907 = CARTESIAN_POINT('',(-3.517728178069,-0.701391497451,10.));
#1908 = VECTOR('',#1909,1.);
#1909 = DIRECTION('',(0.,0.,1.));
#1910 = ADVANCED_FACE('',(#1911),#1929,.T.);
#1911 = FACE_BOUND('',#1912,.T.);
#1912 = EDGE_LOOP('',(#1913,#1921,#1927,#1928));
#1913 = ORIENTED_EDGE('',*,*,#1914,.T.);
#1914 = EDGE_CURVE('',#668,#1915,#1917,.T.);
#1915 = VERTEX_POINT('',#1916);
#1916 = CARTESIAN_POINT('',(-3.268284557891,1.223682686525,9.6));
#1917 = LINE('',#1918,#1919);
#1918 = CARTESIAN_POINT('',(-3.268284557891,1.223682686525,10.));
#1919 = VECTOR('',#1920,1.);
#1920 = DIRECTION('',(-0.,-0.,-1.));
#1921 = ORIENTED_EDGE('',*,*,#1922,.T.);
#1922 = EDGE_CURVE('',#1915,#1889,#1923,.T.);
#1923 = B_SPLINE_CURVE_WITH_KNOTS('',2,(#1924,#1925,#1926),
  .UNSPECIFIED.,.F.,.F.,(3,3),(0.,1.),.PIECEWISE_BEZIER_KNOTS.);
#1924 = CARTESIAN_POINT('',(-3.268284557891,1.223682686525,9.6));
#1925 = CARTESIAN_POINT('',(-3.496168459968,1.005999081184,9.6));
#1926 = CARTESIAN_POINT('',(-3.517728178069,0.498766143498,9.6));
#1927 = ORIENTED_EDGE('',*,*,#1888,.F.);
#1928 = ORIENTED_EDGE('',*,*,#675,.F.);
#1929 = SURFACE_OF_LINEAR_EXTRUSION('',#1930,#1934);
#1930 = B_SPLINE_CURVE_WITH_KNOTS('',2,(#1931,#1932,#1933),
  .UNSPECIFIED.,.F.,.F.,(3,3),(0.,1.),.PIECEWISE_BEZIER_KNOTS.);
#1931 = CARTESIAN_POINT('',(-3.268284557891,1.223682686525,10.));
#1932 = CARTESIAN_POINT('',(-3.496168459968,1.005999081184,10.));
#1933 = CARTESIAN_POINT('',(-3.517728178069,0.498766143498,10.));
#1934 = VECTOR('',#1935,1.);
#1935 = DIRECTION('',(0.,0.,1.));
#1936 = ADVANCED_FACE('',(#1937),#1955,.T.);
#1937 = FACE_BOUND('',#1938,.T.);
#1938 = EDGE_LOOP('',(#1939,#1947,#1953,#1954));
#1939 = ORIENTED_EDGE('',*,*,#1940,.T.);
#1940 = EDGE_CURVE('',#660,#1941,#1943,.T.);
#1941 = VERTEX_POINT('',#1942);
#1942 = CARTESIAN_POINT('',(-2.64884835611,1.441598116792,9.6));
#1943 = LINE('',#1944,#1945);
#1944 = CARTESIAN_POINT('',(-2.64884835611,1.441598116792,10.));
#1945 = VECTOR('',#1946,1.);
#1946 = DIRECTION('',(-0.,-0.,-1.));
#1947 = ORIENTED_EDGE('',*,*,#1948,.T.);
#1948 = EDGE_CURVE('',#1941,#1915,#1949,.T.);
#1949 = B_SPLINE_CURVE_WITH_KNOTS('',2,(#1950,#1951,#1952),
  .UNSPECIFIED.,.F.,.F.,(3,3),(0.,1.),.PIECEWISE_BEZIER_KNOTS.);
#1950 = CARTESIAN_POINT('',(-2.64884835611,1.441598116792,9.6));
#1951 = CARTESIAN_POINT('',(-3.040400655814,1.441598116792,9.6));
#1952 = CARTESIAN_POINT('',(-3.268284557891,1.223682686525,9.6));
#1953 = ORIENTED_EDGE('',*,*,#1914,.F.);
#1954 = ORIENTED_EDGE('',*,*,#667,.F.);
#1955 = SURFACE_OF_LINEAR_EXTRUSION('',#1956,#1960);
#1956 = B_SPLINE_CURVE_WITH_KNOTS('',2,(#1957,#1958,#1959),
  .UNSPECIFIED.,.F.,.F.,(3,3),(0.,1.),.PIECEWISE_BEZIER_KNOTS.);
#1957 = CARTESIAN_POINT('',(-2.64884835611,1.441598116792,10.));
#1958 = CARTESIAN_POINT('',(-3.040400655814,1.441598116792,10.));
#1959 = CARTESIAN_POINT('',(-3.268284557891,1.223682686525,10.));
#1960 = VECTOR('',#1961,1.);
#1961 = DIRECTION('',(0.,0.,1.));
#1962 = ADVANCED_FACE('',(#1963),#1981,.T.);
#1963 = FACE_BOUND('',#1964,.T.);
#1964 = EDGE_LOOP('',(#1965,#1973,#1979,#1980));
#1965 = ORIENTED_EDGE('',*,*,#1966,.T.);
#1966 = EDGE_CURVE('',#652,#1967,#1969,.T.);
#1967 = VERTEX_POINT('',#1968);
#1968 = CARTESIAN_POINT('',(-2.096873207742,1.302271336376,9.6));
#1969 = LINE('',#1970,#1971);
#1970 = CARTESIAN_POINT('',(-2.096873207742,1.302271336376,10.));
#1971 = VECTOR('',#1972,1.);
#1972 = DIRECTION('',(-0.,-0.,-1.));
#1973 = ORIENTED_EDGE('',*,*,#1974,.T.);
#1974 = EDGE_CURVE('',#1967,#1941,#1975,.T.);
#1975 = B_SPLINE_CURVE_WITH_KNOTS('',2,(#1976,#1977,#1978),
  .UNSPECIFIED.,.F.,.F.,(3,3),(0.,1.),.PIECEWISE_BEZIER_KNOTS.);
#1976 = CARTESIAN_POINT('',(-2.096873207742,1.302271336376,9.6));
#1977 = CARTESIAN_POINT('',(-2.321279735932,1.441598116792,9.6));
#1978 = CARTESIAN_POINT('',(-2.64884835611,1.441598116792,9.6));
#1979 = ORIENTED_EDGE('',*,*,#1940,.F.);
#1980 = ORIENTED_EDGE('',*,*,#659,.F.);
#1981 = SURFACE_OF_LINEAR_EXTRUSION('',#1982,#1986);
#1982 = B_SPLINE_CURVE_WITH_KNOTS('',2,(#1983,#1984,#1985),
  .UNSPECIFIED.,.F.,.F.,(3,3),(0.,1.),.PIECEWISE_BEZIER_KNOTS.);
#1983 = CARTESIAN_POINT('',(-2.096873207742,1.302271336376,10.));
#1984 = CARTESIAN_POINT('',(-2.321279735932,1.441598116792,10.));
#1985 = CARTESIAN_POINT('',(-2.64884835611,1.441598116792,10.));
#1986 = VECTOR('',#1987,1.);
#1987 = DIRECTION('',(0.,0.,1.));
#1988 = ADVANCED_FACE('',(#1989),#2007,.T.);
#1989 = FACE_BOUND('',#1990,.T.);
#1990 = EDGE_LOOP('',(#1991,#1999,#2005,#2006));
#1991 = ORIENTED_EDGE('',*,*,#1992,.T.);
#1992 = EDGE_CURVE('',#644,#1993,#1995,.T.);
#1993 = VERTEX_POINT('',#1994);
#1994 = CARTESIAN_POINT('',(-1.772781961452,0.784374452103,9.6));
#1995 = LINE('',#1996,#1997);
#1996 = CARTESIAN_POINT('',(-1.772781961452,0.784374452103,10.));
#1997 = VECTOR('',#1998,1.);
#1998 = DIRECTION('',(-0.,-0.,-1.));
#1999 = ORIENTED_EDGE('',*,*,#2000,.T.);
#2000 = EDGE_CURVE('',#1993,#1967,#2001,.T.);
#2001 = B_SPLINE_CURVE_WITH_KNOTS('',2,(#2002,#2003,#2004),
  .UNSPECIFIED.,.F.,.F.,(3,3),(0.,1.),.PIECEWISE_BEZIER_KNOTS.);
#2002 = CARTESIAN_POINT('',(-1.772781961452,0.784374452103,9.6));
#2003 = CARTESIAN_POINT('',(-1.872466679552,1.162944555961,9.6));
#2004 = CARTESIAN_POINT('',(-2.096873207742,1.302271336376,9.6));
#2005 = ORIENTED_EDGE('',*,*,#1966,.F.);
#2006 = ORIENTED_EDGE('',*,*,#651,.F.);
#2007 = SURFACE_OF_LINEAR_EXTRUSION('',#2008,#2012);
#2008 = B_SPLINE_CURVE_WITH_KNOTS('',2,(#2009,#2010,#2011),
  .UNSPECIFIED.,.F.,.F.,(3,3),(0.,1.),.PIECEWISE_BEZIER_KNOTS.);
#2009 = CARTESIAN_POINT('',(-1.772781961452,0.784374452103,10.));
#2010 = CARTESIAN_POINT('',(-1.872466679552,1.162944555961,10.));
#2011 = CARTESIAN_POINT('',(-2.096873207742,1.302271336376,10.));
#2012 = VECTOR('',#2013,1.);
#2013 = DIRECTION('',(0.,0.,1.));
#2014 = ADVANCED_FACE('',(#2015),#2033,.T.);
#2015 = FACE_BOUND('',#2016,.T.);
#2016 = EDGE_LOOP('',(#2017,#2025,#2031,#2032));
#2017 = ORIENTED_EDGE('',*,*,#2018,.T.);
#2018 = EDGE_CURVE('',#636,#2019,#2021,.T.);
#2019 = VERTEX_POINT('',#2020);
#2020 = CARTESIAN_POINT('',(-1.687470388751,0.637861098988,9.6));
#2021 = LINE('',#2022,#2023);
#2022 = CARTESIAN_POINT('',(-1.687470388751,0.637861098988,10.));
#2023 = VECTOR('',#2024,1.);
#2024 = DIRECTION('',(-0.,-0.,-1.));
#2025 = ORIENTED_EDGE('',*,*,#2026,.T.);
#2026 = EDGE_CURVE('',#2019,#1993,#2027,.T.);
#2027 = B_SPLINE_CURVE_WITH_KNOTS('',2,(#2028,#2029,#2030),
  .UNSPECIFIED.,.F.,.F.,(3,3),(0.,1.),.PIECEWISE_BEZIER_KNOTS.);
#2028 = CARTESIAN_POINT('',(-1.687470388751,0.637861098988,9.6));
#2029 = CARTESIAN_POINT('',(-1.737312747802,0.677039511451,9.6));
#2030 = CARTESIAN_POINT('',(-1.772781961452,0.784374452103,9.6));
#2031 = ORIENTED_EDGE('',*,*,#1992,.F.);
#2032 = ORIENTED_EDGE('',*,*,#643,.F.);
#2033 = SURFACE_OF_LINEAR_EXTRUSION('',#2034,#2038);
#2034 = B_SPLINE_CURVE_WITH_KNOTS('',2,(#2035,#2036,#2037),
  .UNSPECIFIED.,.F.,.F.,(3,3),(0.,1.),.PIECEWISE_BEZIER_KNOTS.);
#2035 = CARTESIAN_POINT('',(-1.687470388751,0.637861098988,10.));
#2036 = CARTESIAN_POINT('',(-1.737312747802,0.677039511451,10.));
#2037 = CARTESIAN_POINT('',(-1.772781961452,0.784374452103,10.));
#2038 = VECTOR('',#2039,1.);
#2039 = DIRECTION('',(0.,0.,1.));
#2040 = ADVANCED_FACE('',(#2041),#2059,.T.);
#2041 = FACE_BOUND('',#2042,.T.);
#2042 = EDGE_LOOP('',(#2043,#2051,#2057,#2058));
#2043 = ORIENTED_EDGE('',*,*,#2044,.T.);
#2044 = EDGE_CURVE('',#628,#2045,#2047,.T.);
#2045 = VERTEX_POINT('',#2046);
#2046 = CARTESIAN_POINT('',(-1.544898059374,0.598682686525,9.6));
#2047 = LINE('',#2048,#2049);
#2048 = CARTESIAN_POINT('',(-1.544898059374,0.598682686525,10.));
#2049 = VECTOR('',#2050,1.);
#2050 = DIRECTION('',(-0.,-0.,-1.));
#2051 = ORIENTED_EDGE('',*,*,#2052,.T.);
#2052 = EDGE_CURVE('',#2045,#2019,#2053,.T.);
#2053 = B_SPLINE_CURVE_WITH_KNOTS('',2,(#2054,#2055,#2056),
  .UNSPECIFIED.,.F.,.F.,(3,3),(0.,1.),.PIECEWISE_BEZIER_KNOTS.);
#2054 = CARTESIAN_POINT('',(-1.544898059374,0.598682686525,9.6));
#2055 = CARTESIAN_POINT('',(-1.637396204775,0.598682686525,9.6));
#2056 = CARTESIAN_POINT('',(-1.687470388751,0.637861098988,9.6));
#2057 = ORIENTED_EDGE('',*,*,#2018,.F.);
#2058 = ORIENTED_EDGE('',*,*,#635,.F.);
#2059 = SURFACE_OF_LINEAR_EXTRUSION('',#2060,#2064);
#2060 = B_SPLINE_CURVE_WITH_KNOTS('',2,(#2061,#2062,#2063),
  .UNSPECIFIED.,.F.,.F.,(3,3),(0.,1.),.PIECEWISE_BEZIER_KNOTS.);
#2061 = CARTESIAN_POINT('',(-1.544898059374,0.598682686525,10.));
#2062 = CARTESIAN_POINT('',(-1.637396204775,0.598682686525,10.));
#2063 = CARTESIAN_POINT('',(-1.687470388751,0.637861098988,10.));
#2064 = VECTOR('',#2065,1.);
#2065 = DIRECTION('',(0.,0.,1.));
#2066 = ADVANCED_FACE('',(#2067),#2085,.T.);
#2067 = FACE_BOUND('',#2068,.T.);
#2068 = EDGE_LOOP('',(#2069,#2077,#2083,#2084));
#2069 = ORIENTED_EDGE('',*,*,#2070,.T.);
#2070 = EDGE_CURVE('',#620,#2071,#2073,.T.);
#2071 = VERTEX_POINT('',#2072);
#2072 = CARTESIAN_POINT('',(-0.583520092015,0.598682686525,9.6));
#2073 = LINE('',#2074,#2075);
#2074 = CARTESIAN_POINT('',(-0.583520092015,0.598682686525,10.));
#2075 = VECTOR('',#2076,1.);
#2076 = DIRECTION('',(-0.,-0.,-1.));
#2077 = ORIENTED_EDGE('',*,*,#2078,.T.);
#2078 = EDGE_CURVE('',#2071,#2045,#2079,.T.);
#2079 = LINE('',#2080,#2081);
#2080 = CARTESIAN_POINT('',(-0.583520092015,0.598682686525,9.6));
#2081 = VECTOR('',#2082,1.);
#2082 = DIRECTION('',(-1.,0.,0.));
#2083 = ORIENTED_EDGE('',*,*,#2044,.F.);
#2084 = ORIENTED_EDGE('',*,*,#627,.F.);
#2085 = PLANE('',#2086);
#2086 = AXIS2_PLACEMENT_3D('',#2087,#2088,#2089);
#2087 = CARTESIAN_POINT('',(-0.583520092015,0.598682686525,10.));
#2088 = DIRECTION('',(0.,1.,0.));
#2089 = DIRECTION('',(-1.,0.,0.));
#2090 = ADVANCED_FACE('',(#2091),#2109,.T.);
#2091 = FACE_BOUND('',#2092,.T.);
#2092 = EDGE_LOOP('',(#2093,#2101,#2107,#2108));
#2093 = ORIENTED_EDGE('',*,*,#2094,.T.);
#2094 = EDGE_CURVE('',#612,#2095,#2097,.T.);
#2095 = VERTEX_POINT('',#2096);
#2096 = CARTESIAN_POINT('',(-0.473171427327,0.641570297801,9.6));
#2097 = LINE('',#2098,#2099);
#2098 = CARTESIAN_POINT('',(-0.473171427327,0.641570297801,10.));
#2099 = VECTOR('',#2100,1.);
#2100 = DIRECTION('',(-0.,-0.,-1.));
#2101 = ORIENTED_EDGE('',*,*,#2102,.T.);
#2102 = EDGE_CURVE('',#2095,#2071,#2103,.T.);
#2103 = B_SPLINE_CURVE_WITH_KNOTS('',2,(#2104,#2105,#2106),
  .UNSPECIFIED.,.F.,.F.,(3,3),(0.,1.),.PIECEWISE_BEZIER_KNOTS.);
#2104 = CARTESIAN_POINT('',(-0.473171427327,0.641570297801,9.6));
#2105 = CARTESIAN_POINT('',(-0.519304587564,0.598682686525,9.6));
#2106 = CARTESIAN_POINT('',(-0.583520092015,0.598682686525,9.6));
#2107 = ORIENTED_EDGE('',*,*,#2070,.F.);
#2108 = ORIENTED_EDGE('',*,*,#619,.F.);
#2109 = SURFACE_OF_LINEAR_EXTRUSION('',#2110,#2114);
#2110 = B_SPLINE_CURVE_WITH_KNOTS('',2,(#2111,#2112,#2113),
  .UNSPECIFIED.,.F.,.F.,(3,3),(0.,1.),.PIECEWISE_BEZIER_KNOTS.);
#2111 = CARTESIAN_POINT('',(-0.473171427327,0.641570297801,10.));
#2112 = CARTESIAN_POINT('',(-0.519304587564,0.598682686525,10.));
#2113 = CARTESIAN_POINT('',(-0.583520092015,0.598682686525,10.));
#2114 = VECTOR('',#2115,1.);
#2115 = DIRECTION('',(0.,0.,1.));
#2116 = ADVANCED_FACE('',(#2117),#2135,.T.);
#2117 = FACE_BOUND('',#2118,.T.);
#2118 = EDGE_LOOP('',(#2119,#2127,#2133,#2134));
#2119 = ORIENTED_EDGE('',*,*,#2120,.T.);
#2120 = EDGE_CURVE('',#604,#2121,#2123,.T.);
#2121 = VERTEX_POINT('',#2122);
#2122 = CARTESIAN_POINT('',(-0.433993014864,0.748673413528,9.6));
#2123 = LINE('',#2124,#2125);
#2124 = CARTESIAN_POINT('',(-0.433993014864,0.748673413528,10.));
#2125 = VECTOR('',#2126,1.);
#2126 = DIRECTION('',(-0.,-0.,-1.));
#2127 = ORIENTED_EDGE('',*,*,#2128,.T.);
#2128 = EDGE_CURVE('',#2121,#2095,#2129,.T.);
#2129 = B_SPLINE_CURVE_WITH_KNOTS('',2,(#2130,#2131,#2132),
  .UNSPECIFIED.,.F.,.F.,(3,3),(0.,1.),.PIECEWISE_BEZIER_KNOTS.);
#2130 = CARTESIAN_POINT('',(-0.433993014864,0.748673413528,9.6));
#2131 = CARTESIAN_POINT('',(-0.426806442164,0.684457909077,9.6));
#2132 = CARTESIAN_POINT('',(-0.473171427327,0.641570297801,9.6));
#2133 = ORIENTED_EDGE('',*,*,#2094,.F.);
#2134 = ORIENTED_EDGE('',*,*,#611,.F.);
#2135 = SURFACE_OF_LINEAR_EXTRUSION('',#2136,#2140);
#2136 = B_SPLINE_CURVE_WITH_KNOTS('',2,(#2137,#2138,#2139),
  .UNSPECIFIED.,.F.,.F.,(3,3),(0.,1.),.PIECEWISE_BEZIER_KNOTS.);
#2137 = CARTESIAN_POINT('',(-0.433993014864,0.748673413528,10.));
#2138 = CARTESIAN_POINT('',(-0.426806442164,0.684457909077,10.));
#2139 = CARTESIAN_POINT('',(-0.473171427327,0.641570297801,10.));
#2140 = VECTOR('',#2141,1.);
#2141 = DIRECTION('',(0.,0.,1.));
#2142 = ADVANCED_FACE('',(#2143),#2161,.T.);
#2143 = FACE_BOUND('',#2144,.T.);
#2144 = EDGE_LOOP('',(#2145,#2153,#2159,#2160));
#2145 = ORIENTED_EDGE('',*,*,#2146,.T.);
#2146 = EDGE_CURVE('',#596,#2147,#2149,.T.);
#2147 = VERTEX_POINT('',#2148);
#2148 = CARTESIAN_POINT('',(-0.601370611303,1.464548784448,9.6));
#2149 = LINE('',#2150,#2151);
#2150 = CARTESIAN_POINT('',(-0.601370611303,1.464548784448,10.));
#2151 = VECTOR('',#2152,1.);
#2152 = DIRECTION('',(-0.,-0.,-1.));
#2153 = ORIENTED_EDGE('',*,*,#2154,.T.);
#2154 = EDGE_CURVE('',#2147,#2121,#2155,.T.);
#2155 = B_SPLINE_CURVE_WITH_KNOTS('',2,(#2156,#2157,#2158),
  .UNSPECIFIED.,.F.,.F.,(3,3),(0.,1.),.PIECEWISE_BEZIER_KNOTS.);
#2156 = CARTESIAN_POINT('',(-0.601370611303,1.464548784448,9.6));
#2157 = CARTESIAN_POINT('',(-0.433993014864,1.147644110857,9.6));
#2158 = CARTESIAN_POINT('',(-0.433993014864,0.748673413528,9.6));
#2159 = ORIENTED_EDGE('',*,*,#2120,.F.);
#2160 = ORIENTED_EDGE('',*,*,#603,.F.);
#2161 = SURFACE_OF_LINEAR_EXTRUSION('',#2162,#2166);
#2162 = B_SPLINE_CURVE_WITH_KNOTS('',2,(#2163,#2164,#2165),
  .UNSPECIFIED.,.F.,.F.,(3,3),(0.,1.),.PIECEWISE_BEZIER_KNOTS.);
#2163 = CARTESIAN_POINT('',(-0.601370611303,1.464548784448,10.));
#2164 = CARTESIAN_POINT('',(-0.433993014864,1.147644110857,10.));
#2165 = CARTESIAN_POINT('',(-0.433993014864,0.748673413528,10.));
#2166 = VECTOR('',#2167,1.);
#2167 = DIRECTION('',(0.,0.,1.));
#2168 = ADVANCED_FACE('',(#2169),#2187,.T.);
#2169 = FACE_BOUND('',#2170,.T.);
#2170 = EDGE_LOOP('',(#2171,#2179,#2185,#2186));
#2171 = ORIENTED_EDGE('',*,*,#2172,.T.);
#2172 = EDGE_CURVE('',#588,#2173,#2175,.T.);
#2173 = VERTEX_POINT('',#2174);
#2174 = CARTESIAN_POINT('',(-1.068034186971,2.005859986228,9.6));
#2175 = LINE('',#2176,#2177);
#2176 = CARTESIAN_POINT('',(-1.068034186971,2.005859986228,10.));
#2177 = VECTOR('',#2178,1.);
#2178 = DIRECTION('',(-0.,-0.,-1.));
#2179 = ORIENTED_EDGE('',*,*,#2180,.T.);
#2180 = EDGE_CURVE('',#2173,#2147,#2181,.T.);
#2181 = B_SPLINE_CURVE_WITH_KNOTS('',2,(#2182,#2183,#2184),
  .UNSPECIFIED.,.F.,.F.,(3,3),(0.,1.),.PIECEWISE_BEZIER_KNOTS.);
#2182 = CARTESIAN_POINT('',(-1.068034186971,2.005859986228,9.6));
#2183 = CARTESIAN_POINT('',(-0.768748207742,1.781453458038,9.6));
#2184 = CARTESIAN_POINT('',(-0.601370611303,1.464548784448,9.6));
#2185 = ORIENTED_EDGE('',*,*,#2146,.F.);
#2186 = ORIENTED_EDGE('',*,*,#595,.F.);
#2187 = SURFACE_OF_LINEAR_EXTRUSION('',#2188,#2192);
#2188 = B_SPLINE_CURVE_WITH_KNOTS('',2,(#2189,#2190,#2191),
  .UNSPECIFIED.,.F.,.F.,(3,3),(0.,1.),.PIECEWISE_BEZIER_KNOTS.);
#2189 = CARTESIAN_POINT('',(-1.068034186971,2.005859986228,10.));
#2190 = CARTESIAN_POINT('',(-0.768748207742,1.781453458038,10.));
#2191 = CARTESIAN_POINT('',(-0.601370611303,1.464548784448,10.));
#2192 = VECTOR('',#2193,1.);
#2193 = DIRECTION('',(0.,0.,1.));
#2194 = ADVANCED_FACE('',(#2195),#2213,.T.);
#2195 = FACE_BOUND('',#2196,.T.);
#2196 = EDGE_LOOP('',(#2197,#2205,#2211,#2212));
#2197 = ORIENTED_EDGE('',*,*,#2198,.T.);
#2198 = EDGE_CURVE('',#580,#2199,#2201,.T.);
#2199 = VERTEX_POINT('',#2200);
#2200 = CARTESIAN_POINT('',(-1.765827213677,2.347801751807,9.6));
#2201 = LINE('',#2202,#2203);
#2202 = CARTESIAN_POINT('',(-1.765827213677,2.347801751807,10.));
#2203 = VECTOR('',#2204,1.);
#2204 = DIRECTION('',(-0.,-0.,-1.));
#2205 = ORIENTED_EDGE('',*,*,#2206,.T.);
#2206 = EDGE_CURVE('',#2199,#2173,#2207,.T.);
#2207 = B_SPLINE_CURVE_WITH_KNOTS('',2,(#2208,#2209,#2210),
  .UNSPECIFIED.,.F.,.F.,(3,3),(0.,1.),.PIECEWISE_BEZIER_KNOTS.);
#2208 = CARTESIAN_POINT('',(-1.765827213677,2.347801751807,9.6));
#2209 = CARTESIAN_POINT('',(-1.367088341274,2.230266514418,9.6));
#2210 = CARTESIAN_POINT('',(-1.068034186971,2.005859986228,9.6));
#2211 = ORIENTED_EDGE('',*,*,#2172,.F.);
#2212 = ORIENTED_EDGE('',*,*,#587,.F.);
#2213 = SURFACE_OF_LINEAR_EXTRUSION('',#2214,#2218);
#2214 = B_SPLINE_CURVE_WITH_KNOTS('',2,(#2215,#2216,#2217),
  .UNSPECIFIED.,.F.,.F.,(3,3),(0.,1.),.PIECEWISE_BEZIER_KNOTS.);
#2215 = CARTESIAN_POINT('',(-1.765827213677,2.347801751807,10.));
#2216 = CARTESIAN_POINT('',(-1.367088341274,2.230266514418,10.));
#2217 = CARTESIAN_POINT('',(-1.068034186971,2.005859986228,10.));
#2218 = VECTOR('',#2219,1.);
#2219 = DIRECTION('',(0.,0.,1.));
#2220 = ADVANCED_FACE('',(#2221),#2239,.T.);
#2221 = FACE_BOUND('',#2222,.T.);
#2222 = EDGE_LOOP('',(#2223,#2231,#2237,#2238));
#2223 = ORIENTED_EDGE('',*,*,#2224,.T.);
#2224 = EDGE_CURVE('',#572,#2225,#2227,.T.);
#2225 = VERTEX_POINT('',#2226);
#2226 = CARTESIAN_POINT('',(-2.634707035636,2.465336989195,9.6));
#2227 = LINE('',#2228,#2229);
#2228 = CARTESIAN_POINT('',(-2.634707035636,2.465336989195,10.));
#2229 = VECTOR('',#2230,1.);
#2230 = DIRECTION('',(-0.,-0.,-1.));
#2231 = ORIENTED_EDGE('',*,*,#2232,.T.);
#2232 = EDGE_CURVE('',#2225,#2199,#2233,.T.);
#2233 = B_SPLINE_CURVE_WITH_KNOTS('',2,(#2234,#2235,#2236),
  .UNSPECIFIED.,.F.,.F.,(3,3),(0.,1.),.PIECEWISE_BEZIER_KNOTS.);
#2234 = CARTESIAN_POINT('',(-2.634707035636,2.465336989195,9.6));
#2235 = CARTESIAN_POINT('',(-2.164566086081,2.465336989195,9.6));
#2236 = CARTESIAN_POINT('',(-1.765827213677,2.347801751807,9.6));
#2237 = ORIENTED_EDGE('',*,*,#2198,.F.);
#2238 = ORIENTED_EDGE('',*,*,#579,.F.);
#2239 = SURFACE_OF_LINEAR_EXTRUSION('',#2240,#2244);
#2240 = B_SPLINE_CURVE_WITH_KNOTS('',2,(#2241,#2242,#2243),
  .UNSPECIFIED.,.F.,.F.,(3,3),(0.,1.),.PIECEWISE_BEZIER_KNOTS.);
#2241 = CARTESIAN_POINT('',(-2.634707035636,2.465336989195,10.));
#2242 = CARTESIAN_POINT('',(-2.164566086081,2.465336989195,10.));
#2243 = CARTESIAN_POINT('',(-1.765827213677,2.347801751807,10.));
#2244 = VECTOR('',#2245,1.);
#2245 = DIRECTION('',(0.,0.,1.));
#2246 = ADVANCED_FACE('',(#2247),#2265,.T.);
#2247 = FACE_BOUND('',#2248,.T.);
#2248 = EDGE_LOOP('',(#2249,#2257,#2263,#2264));
#2249 = ORIENTED_EDGE('',*,*,#2250,.T.);
#2250 = EDGE_CURVE('',#564,#2251,#2253,.T.);
#2251 = VERTEX_POINT('',#2252);
#2252 = CARTESIAN_POINT('',(-3.781313118722,2.244176009967,9.6));
#2253 = LINE('',#2254,#2255);
#2254 = CARTESIAN_POINT('',(-3.781313118722,2.244176009967,10.));
#2255 = VECTOR('',#2256,1.);
#2256 = DIRECTION('',(-0.,-0.,-1.));
#2257 = ORIENTED_EDGE('',*,*,#2258,.T.);
#2258 = EDGE_CURVE('',#2251,#2225,#2259,.T.);
#2259 = B_SPLINE_CURVE_WITH_KNOTS('',2,(#2260,#2261,#2262),
  .UNSPECIFIED.,.F.,.F.,(3,3),(0.,1.),.PIECEWISE_BEZIER_KNOTS.);
#2260 = CARTESIAN_POINT('',(-3.781313118722,2.244176009967,9.6));
#2261 = CARTESIAN_POINT('',(-3.297030848692,2.465336989195,9.6));
#2262 = CARTESIAN_POINT('',(-2.634707035636,2.465336989195,9.6));
#2263 = ORIENTED_EDGE('',*,*,#2224,.F.);
#2264 = ORIENTED_EDGE('',*,*,#571,.F.);
#2265 = SURFACE_OF_LINEAR_EXTRUSION('',#2266,#2270);
#2266 = B_SPLINE_CURVE_WITH_KNOTS('',2,(#2267,#2268,#2269),
  .UNSPECIFIED.,.F.,.F.,(3,3),(0.,1.),.PIECEWISE_BEZIER_KNOTS.);
#2267 = CARTESIAN_POINT('',(-3.781313118722,2.244176009967,10.));
#2268 = CARTESIAN_POINT('',(-3.297030848692,2.465336989195,10.));
#2269 = CARTESIAN_POINT('',(-2.634707035636,2.465336989195,10.));
#2270 = VECTOR('',#2271,1.);
#2271 = DIRECTION('',(0.,0.,1.));
#2272 = ADVANCED_FACE('',(#2273),#2291,.T.);
#2273 = FACE_BOUND('',#2274,.T.);
#2274 = EDGE_LOOP('',(#2275,#2283,#2289,#2290));
#2275 = ORIENTED_EDGE('',*,*,#2276,.T.);
#2276 = EDGE_CURVE('',#556,#2277,#2279,.T.);
#2277 = VERTEX_POINT('',#2278);
#2278 = CARTESIAN_POINT('',(-4.536366902104,1.588343294833,9.6));
#2279 = LINE('',#2280,#2281);
#2280 = CARTESIAN_POINT('',(-4.536366902104,1.588343294833,10.));
#2281 = VECTOR('',#2282,1.);
#2282 = DIRECTION('',(-0.,-0.,-1.));
#2283 = ORIENTED_EDGE('',*,*,#2284,.T.);
#2284 = EDGE_CURVE('',#2277,#2251,#2285,.T.);
#2285 = B_SPLINE_CURVE_WITH_KNOTS('',2,(#2286,#2287,#2288),
  .UNSPECIFIED.,.F.,.F.,(3,3),(0.,1.),.PIECEWISE_BEZIER_KNOTS.);
#2286 = CARTESIAN_POINT('',(-4.536366902104,1.588343294833,9.6));
#2287 = CARTESIAN_POINT('',(-4.265595388751,2.023246855664,9.6));
#2288 = CARTESIAN_POINT('',(-3.781313118722,2.244176009967,9.6));
#2289 = ORIENTED_EDGE('',*,*,#2250,.F.);
#2290 = ORIENTED_EDGE('',*,*,#563,.F.);
#2291 = SURFACE_OF_LINEAR_EXTRUSION('',#2292,#2296);
#2292 = B_SPLINE_CURVE_WITH_KNOTS('',2,(#2293,#2294,#2295),
  .UNSPECIFIED.,.F.,.F.,(3,3),(0.,1.),.PIECEWISE_BEZIER_KNOTS.);
#2293 = CARTESIAN_POINT('',(-4.536366902104,1.588343294833,10.));
#2294 = CARTESIAN_POINT('',(-4.265595388751,2.023246855664,10.));
#2295 = CARTESIAN_POINT('',(-3.781313118722,2.244176009967,10.));
#2296 = VECTOR('',#2297,1.);
#2297 = DIRECTION('',(0.,0.,1.));
#2298 = ADVANCED_FACE('',(#2299),#2317,.T.);
#2299 = FACE_BOUND('',#2300,.T.);
#2300 = EDGE_LOOP('',(#2301,#2309,#2315,#2316));
#2301 = ORIENTED_EDGE('',*,*,#2302,.T.);
#2302 = EDGE_CURVE('',#548,#2303,#2305,.T.);
#2303 = VERTEX_POINT('',#2304);
#2304 = CARTESIAN_POINT('',(-4.835189231481,0.533308057445,9.6));
#2305 = LINE('',#2306,#2307);
#2306 = CARTESIAN_POINT('',(-4.835189231481,0.533308057445,10.));
#2307 = VECTOR('',#2308,1.);
#2308 = DIRECTION('',(-0.,-0.,-1.));
#2309 = ORIENTED_EDGE('',*,*,#2310,.T.);
#2310 = EDGE_CURVE('',#2303,#2277,#2311,.T.);
#2311 = B_SPLINE_CURVE_WITH_KNOTS('',2,(#2312,#2313,#2314),
  .UNSPECIFIED.,.F.,.F.,(3,3),(0.,1.),.PIECEWISE_BEZIER_KNOTS.);
#2312 = CARTESIAN_POINT('',(-4.835189231481,0.533308057445,9.6));
#2313 = CARTESIAN_POINT('',(-4.806906590532,1.153439734003,9.6));
#2314 = CARTESIAN_POINT('',(-4.536366902104,1.588343294833,9.6));
#2315 = ORIENTED_EDGE('',*,*,#2276,.F.);
#2316 = ORIENTED_EDGE('',*,*,#555,.F.);
#2317 = SURFACE_OF_LINEAR_EXTRUSION('',#2318,#2322);
#2318 = B_SPLINE_CURVE_WITH_KNOTS('',2,(#2319,#2320,#2321),
  .UNSPECIFIED.,.F.,.F.,(3,3),(0.,1.),.PIECEWISE_BEZIER_KNOTS.);
#2319 = CARTESIAN_POINT('',(-4.835189231481,0.533308057445,10.));
#2320 = CARTESIAN_POINT('',(-4.806906590532,1.153439734003,10.));
#2321 = CARTESIAN_POINT('',(-4.536366902104,1.588343294833,10.));
#2322 = VECTOR('',#2323,1.);
#2323 = DIRECTION('',(0.,0.,1.));
#2324 = ADVANCED_FACE('',(#2325),#2343,.T.);
#2325 = FACE_BOUND('',#2326,.T.);
#2326 = EDGE_LOOP('',(#2327,#2335,#2341,#2342));
#2327 = ORIENTED_EDGE('',*,*,#2328,.T.);
#2328 = EDGE_CURVE('',#540,#2329,#2331,.T.);
#2329 = VERTEX_POINT('',#2330);
#2330 = CARTESIAN_POINT('',(-4.842375804182,-0.10861516214,9.6));
#2331 = LINE('',#2332,#2333);
#2332 = CARTESIAN_POINT('',(-4.842375804182,-0.10861516214,10.));
#2333 = VECTOR('',#2334,1.);
#2334 = DIRECTION('',(-0.,-0.,-1.));
#2335 = ORIENTED_EDGE('',*,*,#2336,.T.);
#2336 = EDGE_CURVE('',#2329,#2303,#2337,.T.);
#2337 = B_SPLINE_CURVE_WITH_KNOTS('',2,(#2338,#2339,#2340),
  .UNSPECIFIED.,.F.,.F.,(3,3),(0.,1.),.PIECEWISE_BEZIER_KNOTS.);
#2338 = CARTESIAN_POINT('',(-4.842375804182,-0.10861516214,9.6));
#2339 = CARTESIAN_POINT('',(-4.842375804182,0.22660368059,9.6));
#2340 = CARTESIAN_POINT('',(-4.835189231481,0.533308057445,9.6));
#2341 = ORIENTED_EDGE('',*,*,#2302,.F.);
#2342 = ORIENTED_EDGE('',*,*,#547,.F.);
#2343 = SURFACE_OF_LINEAR_EXTRUSION('',#2344,#2348);
#2344 = B_SPLINE_CURVE_WITH_KNOTS('',2,(#2345,#2346,#2347),
  .UNSPECIFIED.,.F.,.F.,(3,3),(0.,1.),.PIECEWISE_BEZIER_KNOTS.);
#2345 = CARTESIAN_POINT('',(-4.842375804182,-0.10861516214,10.));
#2346 = CARTESIAN_POINT('',(-4.842375804182,0.22660368059,10.));
#2347 = CARTESIAN_POINT('',(-4.835189231481,0.533308057445,10.));
#2348 = VECTOR('',#2349,1.);
#2349 = DIRECTION('',(0.,0.,1.));
#2350 = ADVANCED_FACE('',(#2351),#2369,.T.);
#2351 = FACE_BOUND('',#2352,.T.);
#2352 = EDGE_LOOP('',(#2353,#2361,#2367,#2368));
#2353 = ORIENTED_EDGE('',*,*,#2354,.T.);
#2354 = EDGE_CURVE('',#532,#2355,#2357,.T.);
#2355 = VERTEX_POINT('',#2356);
#2356 = CARTESIAN_POINT('',(-4.835189231481,-0.735933411398,9.6));
#2357 = LINE('',#2358,#2359);
#2358 = CARTESIAN_POINT('',(-4.835189231481,-0.735933411398,10.));
#2359 = VECTOR('',#2360,1.);
#2360 = DIRECTION('',(-0.,-0.,-1.));
#2361 = ORIENTED_EDGE('',*,*,#2362,.T.);
#2362 = EDGE_CURVE('',#2355,#2329,#2363,.T.);
#2363 = B_SPLINE_CURVE_WITH_KNOTS('',2,(#2364,#2365,#2366),
  .UNSPECIFIED.,.F.,.F.,(3,3),(0.,1.),.PIECEWISE_BEZIER_KNOTS.);
#2364 = CARTESIAN_POINT('',(-4.835189231481,-0.735933411398,9.6));
#2365 = CARTESIAN_POINT('',(-4.842375804182,-0.443602179944,9.6));
#2366 = CARTESIAN_POINT('',(-4.842375804182,-0.10861516214,9.6));
#2367 = ORIENTED_EDGE('',*,*,#2328,.F.);
#2368 = ORIENTED_EDGE('',*,*,#539,.F.);
#2369 = SURFACE_OF_LINEAR_EXTRUSION('',#2370,#2374);
#2370 = B_SPLINE_CURVE_WITH_KNOTS('',2,(#2371,#2372,#2373),
  .UNSPECIFIED.,.F.,.F.,(3,3),(0.,1.),.PIECEWISE_BEZIER_KNOTS.);
#2371 = CARTESIAN_POINT('',(-4.835189231481,-0.735933411398,10.));
#2372 = CARTESIAN_POINT('',(-4.842375804182,-0.443602179944,10.));
#2373 = CARTESIAN_POINT('',(-4.842375804182,-0.10861516214,10.));
#2374 = VECTOR('',#2375,1.);
#2375 = DIRECTION('',(0.,0.,1.));
#2376 = ADVANCED_FACE('',(#2377),#2395,.T.);
#2377 = FACE_BOUND('',#2378,.T.);
#2378 = EDGE_LOOP('',(#2379,#2387,#2393,#2394));
#2379 = ORIENTED_EDGE('',*,*,#2380,.T.);
#2380 = EDGE_CURVE('',#524,#2381,#2383,.T.);
#2381 = VERTEX_POINT('',#2382);
#2382 = CARTESIAN_POINT('',(-4.539844275992,-1.798387046413,9.6));
#2383 = LINE('',#2384,#2385);
#2384 = CARTESIAN_POINT('',(-4.539844275992,-1.798387046413,10.));
#2385 = VECTOR('',#2386,1.);
#2386 = DIRECTION('',(-0.,-0.,-1.));
#2387 = ORIENTED_EDGE('',*,*,#2388,.T.);
#2388 = EDGE_CURVE('',#2381,#2355,#2389,.T.);
#2389 = B_SPLINE_CURVE_WITH_KNOTS('',2,(#2390,#2391,#2392),
  .UNSPECIFIED.,.F.,.F.,(3,3),(0.,1.),.PIECEWISE_BEZIER_KNOTS.);
#2390 = CARTESIAN_POINT('',(-4.539844275992,-1.798387046413,9.6));
#2391 = CARTESIAN_POINT('',(-4.806906590532,-1.370670058282,9.6));
#2392 = CARTESIAN_POINT('',(-4.835189231481,-0.735933411398,9.6));
#2393 = ORIENTED_EDGE('',*,*,#2354,.F.);
#2394 = ORIENTED_EDGE('',*,*,#531,.F.);
#2395 = SURFACE_OF_LINEAR_EXTRUSION('',#2396,#2400);
#2396 = B_SPLINE_CURVE_WITH_KNOTS('',2,(#2397,#2398,#2399),
  .UNSPECIFIED.,.F.,.F.,(3,3),(0.,1.),.PIECEWISE_BEZIER_KNOTS.);
#2397 = CARTESIAN_POINT('',(-4.539844275992,-1.798387046413,10.));
#2398 = CARTESIAN_POINT('',(-4.806906590532,-1.370670058282,10.));
#2399 = CARTESIAN_POINT('',(-4.835189231481,-0.735933411398,10.));
#2400 = VECTOR('',#2401,1.);
#2401 = DIRECTION('',(0.,0.,1.));
#2402 = ADVANCED_FACE('',(#2403),#2421,.T.);
#2403 = FACE_BOUND('',#2404,.T.);
#2404 = EDGE_LOOP('',(#2405,#2413,#2419,#2420));
#2405 = ORIENTED_EDGE('',*,*,#2406,.T.);
#2406 = EDGE_CURVE('',#516,#2407,#2409,.T.);
#2407 = VERTEX_POINT('',#2408);
#2408 = CARTESIAN_POINT('',(-3.788499691422,-2.447265013772,9.6));
#2409 = LINE('',#2410,#2411);
#2410 = CARTESIAN_POINT('',(-3.788499691422,-2.447265013772,10.));
#2411 = VECTOR('',#2412,1.);
#2412 = DIRECTION('',(-0.,-0.,-1.));
#2413 = ORIENTED_EDGE('',*,*,#2414,.T.);
#2414 = EDGE_CURVE('',#2407,#2381,#2415,.T.);
#2415 = B_SPLINE_CURVE_WITH_KNOTS('',2,(#2416,#2417,#2418),
  .UNSPECIFIED.,.F.,.F.,(3,3),(0.,1.),.PIECEWISE_BEZIER_KNOTS.);
#2416 = CARTESIAN_POINT('',(-3.788499691422,-2.447265013772,9.6));
#2417 = CARTESIAN_POINT('',(-4.272781961452,-2.226104034543,9.6));
#2418 = CARTESIAN_POINT('',(-4.539844275992,-1.798387046413,9.6));
#2419 = ORIENTED_EDGE('',*,*,#2380,.F.);
#2420 = ORIENTED_EDGE('',*,*,#523,.F.);
#2421 = SURFACE_OF_LINEAR_EXTRUSION('',#2422,#2426);
#2422 = B_SPLINE_CURVE_WITH_KNOTS('',2,(#2423,#2424,#2425),
  .UNSPECIFIED.,.F.,.F.,(3,3),(0.,1.),.PIECEWISE_BEZIER_KNOTS.);
#2423 = CARTESIAN_POINT('',(-3.788499691422,-2.447265013772,10.));
#2424 = CARTESIAN_POINT('',(-4.272781961452,-2.226104034543,10.));
#2425 = CARTESIAN_POINT('',(-4.539844275992,-1.798387046413,10.));
#2426 = VECTOR('',#2427,1.);
#2427 = DIRECTION('',(0.,0.,1.));
#2428 = ADVANCED_FACE('',(#2429),#2440,.T.);
#2429 = FACE_BOUND('',#2430,.T.);
#2430 = EDGE_LOOP('',(#2431,#2432,#2438,#2439));
#2431 = ORIENTED_EDGE('',*,*,#1561,.T.);
#2432 = ORIENTED_EDGE('',*,*,#2433,.T.);
#2433 = EDGE_CURVE('',#1554,#2407,#2434,.T.);
#2434 = B_SPLINE_CURVE_WITH_KNOTS('',2,(#2435,#2436,#2437),
  .UNSPECIFIED.,.F.,.F.,(3,3),(0.,1.),.PIECEWISE_BEZIER_KNOTS.);
#2435 = CARTESIAN_POINT('',(-2.634707035636,-2.668194168075,9.6));
#2436 = CARTESIAN_POINT('',(-3.304217421392,-2.668194168075,9.6));
#2437 = CARTESIAN_POINT('',(-3.788499691422,-2.447265013772,9.6));
#2438 = ORIENTED_EDGE('',*,*,#2406,.F.);
#2439 = ORIENTED_EDGE('',*,*,#515,.F.);
#2440 = SURFACE_OF_LINEAR_EXTRUSION('',#2441,#2445);
#2441 = B_SPLINE_CURVE_WITH_KNOTS('',2,(#2442,#2443,#2444),
  .UNSPECIFIED.,.F.,.F.,(3,3),(0.,1.),.PIECEWISE_BEZIER_KNOTS.);
#2442 = CARTESIAN_POINT('',(-2.634707035636,-2.668194168075,10.));
#2443 = CARTESIAN_POINT('',(-3.304217421392,-2.668194168075,10.));
#2444 = CARTESIAN_POINT('',(-3.788499691422,-2.447265013772,10.));
#2445 = VECTOR('',#2446,1.);
#2446 = DIRECTION('',(0.,0.,1.));
#2447 = ADVANCED_FACE('',(#2448),#2473,.T.);
#2448 = FACE_BOUND('',#2449,.T.);
#2449 = EDGE_LOOP('',(#2450,#2458,#2466,#2472));
#2450 = ORIENTED_EDGE('',*,*,#2451,.T.);
#2451 = EDGE_CURVE('',#788,#2452,#2454,.T.);
#2452 = VERTEX_POINT('',#2453);
#2453 = CARTESIAN_POINT('',(3.277292222525,-2.479256853534,9.6));
#2454 = LINE('',#2455,#2456);
#2455 = CARTESIAN_POINT('',(3.277292222525,-2.479256853534,10.));
#2456 = VECTOR('',#2457,1.);
#2457 = DIRECTION('',(-0.,-0.,-1.));
#2458 = ORIENTED_EDGE('',*,*,#2459,.T.);
#2459 = EDGE_CURVE('',#2452,#2460,#2462,.T.);
#2460 = VERTEX_POINT('',#2461);
#2461 = CARTESIAN_POINT('',(2.162677979201,-2.668194168075,9.6));
#2462 = B_SPLINE_CURVE_WITH_KNOTS('',2,(#2463,#2464,#2465),
  .UNSPECIFIED.,.F.,.F.,(3,3),(0.,1.),.PIECEWISE_BEZIER_KNOTS.);
#2463 = CARTESIAN_POINT('',(3.277292222525,-2.479256853534,9.6));
#2464 = CARTESIAN_POINT('',(2.796487326382,-2.668194168075,9.6));
#2465 = CARTESIAN_POINT('',(2.162677979201,-2.668194168075,9.6));
#2466 = ORIENTED_EDGE('',*,*,#2467,.F.);
#2467 = EDGE_CURVE('',#790,#2460,#2468,.T.);
#2468 = LINE('',#2469,#2470);
#2469 = CARTESIAN_POINT('',(2.162677979201,-2.668194168075,10.));
#2470 = VECTOR('',#2471,1.);
#2471 = DIRECTION('',(-0.,-0.,-1.));
#2472 = ORIENTED_EDGE('',*,*,#787,.F.);
#2473 = SURFACE_OF_LINEAR_EXTRUSION('',#2474,#2478);
#2474 = B_SPLINE_CURVE_WITH_KNOTS('',2,(#2475,#2476,#2477),
  .UNSPECIFIED.,.F.,.F.,(3,3),(0.,1.),.PIECEWISE_BEZIER_KNOTS.);
#2475 = CARTESIAN_POINT('',(3.277292222525,-2.479256853534,10.));
#2476 = CARTESIAN_POINT('',(2.796487326382,-2.668194168075,10.));
#2477 = CARTESIAN_POINT('',(2.162677979201,-2.668194168075,10.));
#2478 = VECTOR('',#2479,1.);
#2479 = DIRECTION('',(0.,0.,1.));
#2480 = ADVANCED_FACE('',(#2481),#2499,.T.);
#2481 = FACE_BOUND('',#2482,.T.);
#2482 = EDGE_LOOP('',(#2483,#2491,#2497,#2498));
#2483 = ORIENTED_EDGE('',*,*,#2484,.T.);
#2484 = EDGE_CURVE('',#1126,#2485,#2487,.T.);
#2485 = VERTEX_POINT('',#2486);
#2486 = CARTESIAN_POINT('',(4.036055204721,-1.940495725938,9.6));
#2487 = LINE('',#2488,#2489);
#2488 = CARTESIAN_POINT('',(4.036055204721,-1.940495725938,10.));
#2489 = VECTOR('',#2490,1.);
#2490 = DIRECTION('',(-0.,-0.,-1.));
#2491 = ORIENTED_EDGE('',*,*,#2492,.T.);
#2492 = EDGE_CURVE('',#2485,#2452,#2493,.T.);
#2493 = B_SPLINE_CURVE_WITH_KNOTS('',2,(#2494,#2495,#2496),
  .UNSPECIFIED.,.F.,.F.,(3,3),(0.,1.),.PIECEWISE_BEZIER_KNOTS.);
#2494 = CARTESIAN_POINT('',(4.036055204721,-1.940495725938,9.6));
#2495 = CARTESIAN_POINT('',(3.758328943593,-2.290087714069,9.6));
#2496 = CARTESIAN_POINT('',(3.277292222525,-2.479256853534,9.6));
#2497 = ORIENTED_EDGE('',*,*,#2451,.F.);
#2498 = ORIENTED_EDGE('',*,*,#1133,.F.);
#2499 = SURFACE_OF_LINEAR_EXTRUSION('',#2500,#2504);
#2500 = B_SPLINE_CURVE_WITH_KNOTS('',2,(#2501,#2502,#2503),
  .UNSPECIFIED.,.F.,.F.,(3,3),(0.,1.),.PIECEWISE_BEZIER_KNOTS.);
#2501 = CARTESIAN_POINT('',(4.036055204721,-1.940495725938,10.));
#2502 = CARTESIAN_POINT('',(3.758328943593,-2.290087714069,10.));
#2503 = CARTESIAN_POINT('',(3.277292222525,-2.479256853534,10.));
#2504 = VECTOR('',#2505,1.);
#2505 = DIRECTION('',(0.,0.,1.));
#2506 = ADVANCED_FACE('',(#2507),#2525,.T.);
#2507 = FACE_BOUND('',#2508,.T.);
#2508 = EDGE_LOOP('',(#2509,#2517,#2523,#2524));
#2509 = ORIENTED_EDGE('',*,*,#2510,.T.);
#2510 = EDGE_CURVE('',#1118,#2511,#2513,.T.);
#2511 = VERTEX_POINT('',#2512);
#2512 = CARTESIAN_POINT('',(4.313781465848,-1.105694168075,9.6));
#2513 = LINE('',#2514,#2515);
#2514 = CARTESIAN_POINT('',(4.313781465848,-1.105694168075,10.));
#2515 = VECTOR('',#2516,1.);
#2516 = DIRECTION('',(-0.,-0.,-1.));
#2517 = ORIENTED_EDGE('',*,*,#2518,.T.);
#2518 = EDGE_CURVE('',#2511,#2485,#2519,.T.);
#2519 = B_SPLINE_CURVE_WITH_KNOTS('',2,(#2520,#2521,#2522),
  .UNSPECIFIED.,.F.,.F.,(3,3),(0.,1.),.PIECEWISE_BEZIER_KNOTS.);
#2520 = CARTESIAN_POINT('',(4.313781465848,-1.105694168075,9.6));
#2521 = CARTESIAN_POINT('',(4.313781465848,-1.590671912882,9.6));
#2522 = CARTESIAN_POINT('',(4.036055204721,-1.940495725938,9.6));
#2523 = ORIENTED_EDGE('',*,*,#2484,.F.);
#2524 = ORIENTED_EDGE('',*,*,#1125,.F.);
#2525 = SURFACE_OF_LINEAR_EXTRUSION('',#2526,#2530);
#2526 = B_SPLINE_CURVE_WITH_KNOTS('',2,(#2527,#2528,#2529),
  .UNSPECIFIED.,.F.,.F.,(3,3),(0.,1.),.PIECEWISE_BEZIER_KNOTS.);
#2527 = CARTESIAN_POINT('',(4.313781465848,-1.105694168075,10.));
#2528 = CARTESIAN_POINT('',(4.313781465848,-1.590671912882,10.));
#2529 = CARTESIAN_POINT('',(4.036055204721,-1.940495725938,10.));
#2530 = VECTOR('',#2531,1.);
#2531 = DIRECTION('',(0.,0.,1.));
#2532 = ADVANCED_FACE('',(#2533),#2551,.T.);
#2533 = FACE_BOUND('',#2534,.T.);
#2534 = EDGE_LOOP('',(#2535,#2543,#2549,#2550));
#2535 = ORIENTED_EDGE('',*,*,#2536,.T.);
#2536 = EDGE_CURVE('',#1110,#2537,#2539,.T.);
#2537 = VERTEX_POINT('',#2538);
#2538 = CARTESIAN_POINT('',(4.125539626086,-0.381473099825,9.6));
#2539 = LINE('',#2540,#2541);
#2540 = CARTESIAN_POINT('',(4.125539626086,-0.381473099825,10.));
#2541 = VECTOR('',#2542,1.);
#2542 = DIRECTION('',(-0.,-0.,-1.));
#2543 = ORIENTED_EDGE('',*,*,#2544,.T.);
#2544 = EDGE_CURVE('',#2537,#2511,#2545,.T.);
#2545 = B_SPLINE_CURVE_WITH_KNOTS('',2,(#2546,#2547,#2548),
  .UNSPECIFIED.,.F.,.F.,(3,3),(0.,1.),.PIECEWISE_BEZIER_KNOTS.);
#2546 = CARTESIAN_POINT('',(4.125539626086,-0.381473099825,9.6));
#2547 = CARTESIAN_POINT('',(4.313781465848,-0.670326957392,9.6));
#2548 = CARTESIAN_POINT('',(4.313781465848,-1.105694168075,9.6));
#2549 = ORIENTED_EDGE('',*,*,#2510,.F.);
#2550 = ORIENTED_EDGE('',*,*,#1117,.F.);
#2551 = SURFACE_OF_LINEAR_EXTRUSION('',#2552,#2556);
#2552 = B_SPLINE_CURVE_WITH_KNOTS('',2,(#2553,#2554,#2555),
  .UNSPECIFIED.,.F.,.F.,(3,3),(0.,1.),.PIECEWISE_BEZIER_KNOTS.);
#2553 = CARTESIAN_POINT('',(4.125539626086,-0.381473099825,10.));
#2554 = CARTESIAN_POINT('',(4.313781465848,-0.670326957392,10.));
#2555 = CARTESIAN_POINT('',(4.313781465848,-1.105694168075,10.));
#2556 = VECTOR('',#2557,1.);
#2557 = DIRECTION('',(0.,0.,1.));
#2558 = ADVANCED_FACE('',(#2559),#2577,.T.);
#2559 = FACE_BOUND('',#2560,.T.);
#2560 = EDGE_LOOP('',(#2561,#2569,#2575,#2576));
#2561 = ORIENTED_EDGE('',*,*,#2562,.T.);
#2562 = EDGE_CURVE('',#1102,#2563,#2565,.T.);
#2563 = VERTEX_POINT('',#2564);
#2564 = CARTESIAN_POINT('',(3.539486213623,8.936332450704E-02,9.6));
#2565 = LINE('',#2566,#2567);
#2566 = CARTESIAN_POINT('',(3.539486213623,8.936332450704E-02,10.));
#2567 = VECTOR('',#2568,1.);
#2568 = DIRECTION('',(-0.,-0.,-1.));
#2569 = ORIENTED_EDGE('',*,*,#2570,.T.);
#2570 = EDGE_CURVE('',#2563,#2537,#2571,.T.);
#2571 = B_SPLINE_CURVE_WITH_KNOTS('',2,(#2572,#2573,#2574),
  .UNSPECIFIED.,.F.,.F.,(3,3),(0.,1.),.PIECEWISE_BEZIER_KNOTS.);
#2572 = CARTESIAN_POINT('',(3.539486213623,8.936332450704E-02,9.6));
#2573 = CARTESIAN_POINT('',(3.937297786323,-9.238741733272E-02,9.6));
#2574 = CARTESIAN_POINT('',(4.125539626086,-0.381473099825,9.6));
#2575 = ORIENTED_EDGE('',*,*,#2536,.F.);
#2576 = ORIENTED_EDGE('',*,*,#1109,.F.);
#2577 = SURFACE_OF_LINEAR_EXTRUSION('',#2578,#2582);
#2578 = B_SPLINE_CURVE_WITH_KNOTS('',2,(#2579,#2580,#2581),
  .UNSPECIFIED.,.F.,.F.,(3,3),(0.,1.),.PIECEWISE_BEZIER_KNOTS.);
#2579 = CARTESIAN_POINT('',(3.539486213623,8.936332450704E-02,10.));
#2580 = CARTESIAN_POINT('',(3.937297786323,-9.238741733272E-02,10.));
#2581 = CARTESIAN_POINT('',(4.125539626086,-0.381473099825,10.));
#2582 = VECTOR('',#2583,1.);
#2583 = DIRECTION('',(0.,0.,1.));
#2584 = ADVANCED_FACE('',(#2585),#2603,.T.);
#2585 = FACE_BOUND('',#2586,.T.);
#2586 = EDGE_LOOP('',(#2587,#2595,#2601,#2602));
#2587 = ORIENTED_EDGE('',*,*,#2588,.T.);
#2588 = EDGE_CURVE('',#1094,#2589,#2591,.T.);
#2589 = VERTEX_POINT('',#2590);
#2590 = CARTESIAN_POINT('',(2.495114922821,0.3928221524,9.6));
#2591 = LINE('',#2592,#2593);
#2592 = CARTESIAN_POINT('',(2.495114922821,0.3928221524,10.));
#2593 = VECTOR('',#2594,1.);
#2594 = DIRECTION('',(-0.,-0.,-1.));
#2595 = ORIENTED_EDGE('',*,*,#2596,.T.);
#2596 = EDGE_CURVE('',#2589,#2563,#2597,.T.);
#2597 = B_SPLINE_CURVE_WITH_KNOTS('',2,(#2598,#2599,#2600),
  .UNSPECIFIED.,.F.,.F.,(3,3),(0.,1.),.PIECEWISE_BEZIER_KNOTS.);
#2598 = CARTESIAN_POINT('',(2.495114922821,0.3928221524,9.6));
#2599 = CARTESIAN_POINT('',(3.141674640922,0.271345891273,9.6));
#2600 = CARTESIAN_POINT('',(3.539486213623,8.936332450704E-02,9.6));
#2601 = ORIENTED_EDGE('',*,*,#2562,.F.);
#2602 = ORIENTED_EDGE('',*,*,#1101,.F.);
#2603 = SURFACE_OF_LINEAR_EXTRUSION('',#2604,#2608);
#2604 = B_SPLINE_CURVE_WITH_KNOTS('',2,(#2605,#2606,#2607),
  .UNSPECIFIED.,.F.,.F.,(3,3),(0.,1.),.PIECEWISE_BEZIER_KNOTS.);
#2605 = CARTESIAN_POINT('',(2.495114922821,0.3928221524,10.));
#2606 = CARTESIAN_POINT('',(3.141674640922,0.271345891273,10.));
#2607 = CARTESIAN_POINT('',(3.539486213623,8.936332450704E-02,10.));
#2608 = VECTOR('',#2609,1.);
#2609 = DIRECTION('',(0.,0.,1.));
#2610 = ADVANCED_FACE('',(#2611),#2629,.T.);
#2611 = FACE_BOUND('',#2612,.T.);
#2612 = EDGE_LOOP('',(#2613,#2621,#2627,#2628));
#2613 = ORIENTED_EDGE('',*,*,#2614,.T.);
#2614 = EDGE_CURVE('',#1086,#2615,#2617,.T.);
#2615 = VERTEX_POINT('',#2616);
#2616 = CARTESIAN_POINT('',(1.880547044483,0.556722374952,9.6));
#2617 = LINE('',#2618,#2619);
#2618 = CARTESIAN_POINT('',(1.880547044483,0.556722374952,10.));
#2619 = VECTOR('',#2620,1.);
#2620 = DIRECTION('',(-0.,-0.,-1.));
#2621 = ORIENTED_EDGE('',*,*,#2622,.T.);
#2622 = EDGE_CURVE('',#2615,#2589,#2623,.T.);
#2623 = B_SPLINE_CURVE_WITH_KNOTS('',2,(#2624,#2625,#2626),
  .UNSPECIFIED.,.F.,.F.,(3,3),(0.,1.),.PIECEWISE_BEZIER_KNOTS.);
#2624 = CARTESIAN_POINT('',(1.880547044483,0.556722374952,9.6));
#2625 = CARTESIAN_POINT('',(2.104489922821,0.478365550026,9.6));
#2626 = CARTESIAN_POINT('',(2.495114922821,0.3928221524,9.6));
#2627 = ORIENTED_EDGE('',*,*,#2588,.F.);
#2628 = ORIENTED_EDGE('',*,*,#1093,.F.);
#2629 = SURFACE_OF_LINEAR_EXTRUSION('',#2630,#2634);
#2630 = B_SPLINE_CURVE_WITH_KNOTS('',2,(#2631,#2632,#2633),
  .UNSPECIFIED.,.F.,.F.,(3,3),(0.,1.),.PIECEWISE_BEZIER_KNOTS.);
#2631 = CARTESIAN_POINT('',(1.880547044483,0.556722374952,10.));
#2632 = CARTESIAN_POINT('',(2.104489922821,0.478365550026,10.));
#2633 = CARTESIAN_POINT('',(2.495114922821,0.3928221524,10.));
#2634 = VECTOR('',#2635,1.);
#2635 = DIRECTION('',(0.,0.,1.));
#2636 = ADVANCED_FACE('',(#2637),#2655,.T.);
#2637 = FACE_BOUND('',#2638,.T.);
#2638 = EDGE_LOOP('',(#2639,#2647,#2653,#2654));
#2639 = ORIENTED_EDGE('',*,*,#2640,.T.);
#2640 = EDGE_CURVE('',#1078,#2641,#2643,.T.);
#2641 = VERTEX_POINT('',#2642);
#2642 = CARTESIAN_POINT('',(1.560860471783,0.742182315605,9.6));
#2643 = LINE('',#2644,#2645);
#2644 = CARTESIAN_POINT('',(1.560860471783,0.742182315605,10.));
#2645 = VECTOR('',#2646,1.);
#2646 = DIRECTION('',(-0.,-0.,-1.));
#2647 = ORIENTED_EDGE('',*,*,#2648,.T.);
#2648 = EDGE_CURVE('',#2641,#2615,#2649,.T.);
#2649 = B_SPLINE_CURVE_WITH_KNOTS('',2,(#2650,#2651,#2652),
  .UNSPECIFIED.,.F.,.F.,(3,3),(0.,1.),.PIECEWISE_BEZIER_KNOTS.);
#2650 = CARTESIAN_POINT('',(1.560860471783,0.742182315605,9.6));
#2651 = CARTESIAN_POINT('',(1.656835991071,0.635311024804,9.6));
#2652 = CARTESIAN_POINT('',(1.880547044483,0.556722374952,9.6));
#2653 = ORIENTED_EDGE('',*,*,#2614,.F.);
#2654 = ORIENTED_EDGE('',*,*,#1085,.F.);
#2655 = SURFACE_OF_LINEAR_EXTRUSION('',#2656,#2660);
#2656 = B_SPLINE_CURVE_WITH_KNOTS('',2,(#2657,#2658,#2659),
  .UNSPECIFIED.,.F.,.F.,(3,3),(0.,1.),.PIECEWISE_BEZIER_KNOTS.);
#2657 = CARTESIAN_POINT('',(1.560860471783,0.742182315605,10.));
#2658 = CARTESIAN_POINT('',(1.656835991071,0.635311024804,10.));
#2659 = CARTESIAN_POINT('',(1.880547044483,0.556722374952,10.));
#2660 = VECTOR('',#2661,1.);
#2661 = DIRECTION('',(0.,0.,1.));
#2662 = ADVANCED_FACE('',(#2663),#2681,.T.);
#2663 = FACE_BOUND('',#2664,.T.);
#2664 = EDGE_LOOP('',(#2665,#2673,#2679,#2680));
#2665 = ORIENTED_EDGE('',*,*,#2666,.T.);
#2666 = EDGE_CURVE('',#1070,#2667,#2669,.T.);
#2667 = VERTEX_POINT('',#2668);
#2668 = CARTESIAN_POINT('',(1.465116777421,0.992089585635,9.6));
#2669 = LINE('',#2670,#2671);
#2670 = CARTESIAN_POINT('',(1.465116777421,0.992089585635,10.));
#2671 = VECTOR('',#2672,1.);
#2672 = DIRECTION('',(-0.,-0.,-1.));
#2673 = ORIENTED_EDGE('',*,*,#2674,.T.);
#2674 = EDGE_CURVE('',#2667,#2641,#2675,.T.);
#2675 = B_SPLINE_CURVE_WITH_KNOTS('',2,(#2676,#2677,#2678),
  .UNSPECIFIED.,.F.,.F.,(3,3),(0.,1.),.PIECEWISE_BEZIER_KNOTS.);
#2676 = CARTESIAN_POINT('',(1.465116777421,0.992089585635,9.6));
#2677 = CARTESIAN_POINT('',(1.465116777421,0.849285431332,9.6));
#2678 = CARTESIAN_POINT('',(1.560860471783,0.742182315605,9.6));
#2679 = ORIENTED_EDGE('',*,*,#2640,.F.);
#2680 = ORIENTED_EDGE('',*,*,#1077,.F.);
#2681 = SURFACE_OF_LINEAR_EXTRUSION('',#2682,#2686);
#2682 = B_SPLINE_CURVE_WITH_KNOTS('',2,(#2683,#2684,#2685),
  .UNSPECIFIED.,.F.,.F.,(3,3),(0.,1.),.PIECEWISE_BEZIER_KNOTS.);
#2683 = CARTESIAN_POINT('',(1.465116777421,0.992089585635,10.));
#2684 = CARTESIAN_POINT('',(1.465116777421,0.849285431332,10.));
#2685 = CARTESIAN_POINT('',(1.560860471783,0.742182315605,10.));
#2686 = VECTOR('',#2687,1.);
#2687 = DIRECTION('',(0.,0.,1.));
#2688 = ADVANCED_FACE('',(#2689),#2707,.T.);
#2689 = FACE_BOUND('',#2690,.T.);
#2690 = EDGE_LOOP('',(#2691,#2699,#2705,#2706));
#2691 = ORIENTED_EDGE('',*,*,#2692,.T.);
#2692 = EDGE_CURVE('',#1062,#2693,#2695,.T.);
#2693 = VERTEX_POINT('',#2694);
#2694 = CARTESIAN_POINT('',(1.638521821931,1.331017627178,9.6));
#2695 = LINE('',#2696,#2697);
#2696 = CARTESIAN_POINT('',(1.638521821931,1.331017627178,10.));
#2697 = VECTOR('',#2698,1.);
#2698 = DIRECTION('',(-0.,-0.,-1.));
#2699 = ORIENTED_EDGE('',*,*,#2700,.T.);
#2700 = EDGE_CURVE('',#2693,#2667,#2701,.T.);
#2701 = B_SPLINE_CURVE_WITH_KNOTS('',2,(#2702,#2703,#2704),
  .UNSPECIFIED.,.F.,.F.,(3,3),(0.,1.),.PIECEWISE_BEZIER_KNOTS.);
#2702 = CARTESIAN_POINT('',(1.638521821931,1.331017627178,9.6));
#2703 = CARTESIAN_POINT('',(1.465116777421,1.220437137563,9.6));
#2704 = CARTESIAN_POINT('',(1.465116777421,0.992089585635,9.6));
#2705 = ORIENTED_EDGE('',*,*,#2666,.F.);
#2706 = ORIENTED_EDGE('',*,*,#1069,.F.);
#2707 = SURFACE_OF_LINEAR_EXTRUSION('',#2708,#2712);
#2708 = B_SPLINE_CURVE_WITH_KNOTS('',2,(#2709,#2710,#2711),
  .UNSPECIFIED.,.F.,.F.,(3,3),(0.,1.),.PIECEWISE_BEZIER_KNOTS.);
#2709 = CARTESIAN_POINT('',(1.638521821931,1.331017627178,10.));
#2710 = CARTESIAN_POINT('',(1.465116777421,1.220437137563,10.));
#2711 = CARTESIAN_POINT('',(1.465116777421,0.992089585635,10.));
#2712 = VECTOR('',#2713,1.);
#2713 = DIRECTION('',(0.,0.,1.));
#2714 = ADVANCED_FACE('',(#2715),#2733,.T.);
#2715 = FACE_BOUND('',#2716,.T.);
#2716 = EDGE_LOOP('',(#2717,#2725,#2731,#2732));
#2717 = ORIENTED_EDGE('',*,*,#2718,.T.);
#2718 = EDGE_CURVE('',#1054,#2719,#2721,.T.);
#2719 = VERTEX_POINT('',#2720);
#2720 = CARTESIAN_POINT('',(2.123731391664,1.441598116792,9.6));
#2721 = LINE('',#2722,#2723);
#2722 = CARTESIAN_POINT('',(2.123731391664,1.441598116792,10.));
#2723 = VECTOR('',#2724,1.);
#2724 = DIRECTION('',(-0.,-0.,-1.));
#2725 = ORIENTED_EDGE('',*,*,#2726,.T.);
#2726 = EDGE_CURVE('',#2719,#2693,#2727,.T.);
#2727 = B_SPLINE_CURVE_WITH_KNOTS('',2,(#2728,#2729,#2730),
  .UNSPECIFIED.,.F.,.F.,(3,3),(0.,1.),.PIECEWISE_BEZIER_KNOTS.);
#2728 = CARTESIAN_POINT('',(2.123731391664,1.441598116792,9.6));
#2729 = CARTESIAN_POINT('',(1.812158691367,1.441598116792,9.6));
#2730 = CARTESIAN_POINT('',(1.638521821931,1.331017627178,9.6));
#2731 = ORIENTED_EDGE('',*,*,#2692,.F.);
#2732 = ORIENTED_EDGE('',*,*,#1061,.F.);
#2733 = SURFACE_OF_LINEAR_EXTRUSION('',#2734,#2738);
#2734 = B_SPLINE_CURVE_WITH_KNOTS('',2,(#2735,#2736,#2737),
  .UNSPECIFIED.,.F.,.F.,(3,3),(0.,1.),.PIECEWISE_BEZIER_KNOTS.);
#2735 = CARTESIAN_POINT('',(2.123731391664,1.441598116792,10.));
#2736 = CARTESIAN_POINT('',(1.812158691367,1.441598116792,10.));
#2737 = CARTESIAN_POINT('',(1.638521821931,1.331017627178,10.));
#2738 = VECTOR('',#2739,1.);
#2739 = DIRECTION('',(0.,0.,1.));
#2740 = ADVANCED_FACE('',(#2741),#2759,.T.);
#2741 = FACE_BOUND('',#2742,.T.);
#2742 = EDGE_LOOP('',(#2743,#2751,#2757,#2758));
#2743 = ORIENTED_EDGE('',*,*,#2744,.T.);
#2744 = EDGE_CURVE('',#1046,#2745,#2747,.T.);
#2745 = VERTEX_POINT('',#2746);
#2746 = CARTESIAN_POINT('',(2.594799640922,1.323599229552,9.6));
#2747 = LINE('',#2748,#2749);
#2748 = CARTESIAN_POINT('',(2.594799640922,1.323599229552,10.));
#2749 = VECTOR('',#2750,1.);
#2750 = DIRECTION('',(-0.,-0.,-1.));
#2751 = ORIENTED_EDGE('',*,*,#2752,.T.);
#2752 = EDGE_CURVE('',#2745,#2719,#2753,.T.);
#2753 = B_SPLINE_CURVE_WITH_KNOTS('',2,(#2754,#2755,#2756),
  .UNSPECIFIED.,.F.,.F.,(3,3),(0.,1.),.PIECEWISE_BEZIER_KNOTS.);
#2754 = CARTESIAN_POINT('',(2.594799640922,1.323599229552,9.6));
#2755 = CARTESIAN_POINT('',(2.414439848637,1.441598116792,9.6));
#2756 = CARTESIAN_POINT('',(2.123731391664,1.441598116792,9.6));
#2757 = ORIENTED_EDGE('',*,*,#2718,.F.);
#2758 = ORIENTED_EDGE('',*,*,#1053,.F.);
#2759 = SURFACE_OF_LINEAR_EXTRUSION('',#2760,#2764);
#2760 = B_SPLINE_CURVE_WITH_KNOTS('',2,(#2761,#2762,#2763),
  .UNSPECIFIED.,.F.,.F.,(3,3),(0.,1.),.PIECEWISE_BEZIER_KNOTS.);
#2761 = CARTESIAN_POINT('',(2.594799640922,1.323599229552,10.));
#2762 = CARTESIAN_POINT('',(2.414439848637,1.441598116792,10.));
#2763 = CARTESIAN_POINT('',(2.123731391664,1.441598116792,10.));
#2764 = VECTOR('',#2765,1.);
#2765 = DIRECTION('',(0.,0.,1.));
#2766 = ADVANCED_FACE('',(#2767),#2785,.T.);
#2767 = FACE_BOUND('',#2768,.T.);
#2768 = EDGE_LOOP('',(#2769,#2777,#2783,#2784));
#2769 = ORIENTED_EDGE('',*,*,#2770,.T.);
#2770 = EDGE_CURVE('',#1038,#2771,#2773,.T.);
#2771 = VERTEX_POINT('',#2772);
#2772 = CARTESIAN_POINT('',(2.818047044483,1.048654867534,9.6));
#2773 = LINE('',#2774,#2775);
#2774 = CARTESIAN_POINT('',(2.818047044483,1.048654867534,10.));
#2775 = VECTOR('',#2776,1.);
#2776 = DIRECTION('',(-0.,-0.,-1.));
#2777 = ORIENTED_EDGE('',*,*,#2778,.T.);
#2778 = EDGE_CURVE('',#2771,#2745,#2779,.T.);
#2779 = B_SPLINE_CURVE_WITH_KNOTS('',2,(#2780,#2781,#2782),
  .UNSPECIFIED.,.F.,.F.,(3,3),(0.,1.),.PIECEWISE_BEZIER_KNOTS.);
#2780 = CARTESIAN_POINT('',(2.818047044483,1.048654867534,9.6));
#2781 = CARTESIAN_POINT('',(2.775391258133,1.205832167237,9.6));
#2782 = CARTESIAN_POINT('',(2.594799640922,1.323599229552,9.6));
#2783 = ORIENTED_EDGE('',*,*,#2744,.F.);
#2784 = ORIENTED_EDGE('',*,*,#1045,.F.);
#2785 = SURFACE_OF_LINEAR_EXTRUSION('',#2786,#2790);
#2786 = B_SPLINE_CURVE_WITH_KNOTS('',2,(#2787,#2788,#2789),
  .UNSPECIFIED.,.F.,.F.,(3,3),(0.,1.),.PIECEWISE_BEZIER_KNOTS.);
#2787 = CARTESIAN_POINT('',(2.818047044483,1.048654867534,10.));
#2788 = CARTESIAN_POINT('',(2.775391258133,1.205832167237,10.));
#2789 = CARTESIAN_POINT('',(2.594799640922,1.323599229552,10.));
#2790 = VECTOR('',#2791,1.);
#2791 = DIRECTION('',(0.,0.,1.));
#2792 = ADVANCED_FACE('',(#2793),#2811,.T.);
#2793 = FACE_BOUND('',#2794,.T.);
#2794 = EDGE_LOOP('',(#2795,#2803,#2809,#2810));
#2795 = ORIENTED_EDGE('',*,*,#2796,.T.);
#2796 = EDGE_CURVE('',#1030,#2797,#2799,.T.);
#2797 = VERTEX_POINT('',#2798);
#2798 = CARTESIAN_POINT('',(2.917036287807,0.955693072282,9.6));
#2799 = LINE('',#2800,#2801);
#2800 = CARTESIAN_POINT('',(2.917036287807,0.955693072282,10.));
#2801 = VECTOR('',#2802,1.);
#2802 = DIRECTION('',(-0.,-0.,-1.));
#2803 = ORIENTED_EDGE('',*,*,#2804,.T.);
#2804 = EDGE_CURVE('',#2797,#2771,#2805,.T.);
#2805 = B_SPLINE_CURVE_WITH_KNOTS('',2,(#2806,#2807,#2808),
  .UNSPECIFIED.,.F.,.F.,(3,3),(0.,1.),.PIECEWISE_BEZIER_KNOTS.);
#2806 = CARTESIAN_POINT('',(2.917036287807,0.955693072282,9.6));
#2807 = CARTESIAN_POINT('',(2.860471005907,0.984207538157,9.6));
#2808 = CARTESIAN_POINT('',(2.818047044483,1.048654867534,9.6));
#2809 = ORIENTED_EDGE('',*,*,#2770,.F.);
#2810 = ORIENTED_EDGE('',*,*,#1037,.F.);
#2811 = SURFACE_OF_LINEAR_EXTRUSION('',#2812,#2816);
#2812 = B_SPLINE_CURVE_WITH_KNOTS('',2,(#2813,#2814,#2815),
  .UNSPECIFIED.,.F.,.F.,(3,3),(0.,1.),.PIECEWISE_BEZIER_KNOTS.);
#2813 = CARTESIAN_POINT('',(2.917036287807,0.955693072282,10.));
#2814 = CARTESIAN_POINT('',(2.860471005907,0.984207538157,10.));
#2815 = CARTESIAN_POINT('',(2.818047044483,1.048654867534,10.));
#2816 = VECTOR('',#2817,1.);
#2817 = DIRECTION('',(0.,0.,1.));
#2818 = ADVANCED_FACE('',(#2819),#2837,.T.);
#2819 = FACE_BOUND('',#2820,.T.);
#2820 = EDGE_LOOP('',(#2821,#2829,#2835,#2836));
#2821 = ORIENTED_EDGE('',*,*,#2822,.T.);
#2822 = EDGE_CURVE('',#1022,#2823,#2825,.T.);
#2823 = VERTEX_POINT('',#2824);
#2824 = CARTESIAN_POINT('',(3.051726569706,0.927178606406,9.6));
#2825 = LINE('',#2826,#2827);
#2826 = CARTESIAN_POINT('',(3.051726569706,0.927178606406,10.));
#2827 = VECTOR('',#2828,1.);
#2828 = DIRECTION('',(-0.,-0.,-1.));
#2829 = ORIENTED_EDGE('',*,*,#2830,.T.);
#2830 = EDGE_CURVE('',#2823,#2797,#2831,.T.);
#2831 = B_SPLINE_CURVE_WITH_KNOTS('',2,(#2832,#2833,#2834),
  .UNSPECIFIED.,.F.,.F.,(3,3),(0.,1.),.PIECEWISE_BEZIER_KNOTS.);
#2832 = CARTESIAN_POINT('',(3.051726569706,0.927178606406,9.6));
#2833 = CARTESIAN_POINT('',(2.973601569706,0.927178606406,9.6));
#2834 = CARTESIAN_POINT('',(2.917036287807,0.955693072282,9.6));
#2835 = ORIENTED_EDGE('',*,*,#2796,.F.);
#2836 = ORIENTED_EDGE('',*,*,#1029,.F.);
#2837 = SURFACE_OF_LINEAR_EXTRUSION('',#2838,#2842);
#2838 = B_SPLINE_CURVE_WITH_KNOTS('',2,(#2839,#2840,#2841),
  .UNSPECIFIED.,.F.,.F.,(3,3),(0.,1.),.PIECEWISE_BEZIER_KNOTS.);
#2839 = CARTESIAN_POINT('',(3.051726569706,0.927178606406,10.));
#2840 = CARTESIAN_POINT('',(2.973601569706,0.927178606406,10.));
#2841 = CARTESIAN_POINT('',(2.917036287807,0.955693072282,10.));
#2842 = VECTOR('',#2843,1.);
#2843 = DIRECTION('',(0.,0.,1.));
#2844 = ADVANCED_FACE('',(#2845),#2863,.T.);
#2845 = FACE_BOUND('',#2846,.T.);
#2846 = EDGE_LOOP('',(#2847,#2855,#2861,#2862));
#2847 = ORIENTED_EDGE('',*,*,#2848,.T.);
#2848 = EDGE_CURVE('',#1014,#2849,#2851,.T.);
#2849 = VERTEX_POINT('',#2850);
#2850 = CARTESIAN_POINT('',(3.986444670596,0.927178606406,9.6));
#2851 = LINE('',#2852,#2853);
#2852 = CARTESIAN_POINT('',(3.986444670596,0.927178606406,10.));
#2853 = VECTOR('',#2854,1.);
#2854 = DIRECTION('',(-0.,-0.,-1.));
#2855 = ORIENTED_EDGE('',*,*,#2856,.T.);
#2856 = EDGE_CURVE('',#2849,#2823,#2857,.T.);
#2857 = LINE('',#2858,#2859);
#2858 = CARTESIAN_POINT('',(3.986444670596,0.927178606406,9.6));
#2859 = VECTOR('',#2860,1.);
#2860 = DIRECTION('',(-1.,0.,0.));
#2861 = ORIENTED_EDGE('',*,*,#2822,.F.);
#2862 = ORIENTED_EDGE('',*,*,#1021,.F.);
#2863 = PLANE('',#2864);
#2864 = AXIS2_PLACEMENT_3D('',#2865,#2866,#2867);
#2865 = CARTESIAN_POINT('',(3.986444670596,0.927178606406,10.));
#2866 = DIRECTION('',(0.,1.,0.));
#2867 = DIRECTION('',(-1.,0.,0.));
#2868 = ADVANCED_FACE('',(#2869),#2887,.T.);
#2869 = FACE_BOUND('',#2870,.T.);
#2870 = EDGE_LOOP('',(#2871,#2879,#2885,#2886));
#2871 = ORIENTED_EDGE('',*,*,#2872,.T.);
#2872 = EDGE_CURVE('',#1006,#2873,#2875,.T.);
#2873 = VERTEX_POINT('',#2874);
#2874 = CARTESIAN_POINT('',(4.096329685433,0.973543591569,9.6));
#2875 = LINE('',#2876,#2877);
#2876 = CARTESIAN_POINT('',(4.096329685433,0.973543591569,10.));
#2877 = VECTOR('',#2878,1.);
#2878 = DIRECTION('',(-0.,-0.,-1.));
#2879 = ORIENTED_EDGE('',*,*,#2880,.T.);
#2880 = EDGE_CURVE('',#2873,#2849,#2881,.T.);
#2881 = B_SPLINE_CURVE_WITH_KNOTS('',2,(#2882,#2883,#2884),
  .UNSPECIFIED.,.F.,.F.,(3,3),(0.,1.),.PIECEWISE_BEZIER_KNOTS.);
#2882 = CARTESIAN_POINT('',(4.096329685433,0.973543591569,9.6));
#2883 = CARTESIAN_POINT('',(4.057614922821,0.927178606406,9.6));
#2884 = CARTESIAN_POINT('',(3.986444670596,0.927178606406,9.6));
#2885 = ORIENTED_EDGE('',*,*,#2848,.F.);
#2886 = ORIENTED_EDGE('',*,*,#1013,.F.);
#2887 = SURFACE_OF_LINEAR_EXTRUSION('',#2888,#2892);
#2888 = B_SPLINE_CURVE_WITH_KNOTS('',2,(#2889,#2890,#2891),
  .UNSPECIFIED.,.F.,.F.,(3,3),(0.,1.),.PIECEWISE_BEZIER_KNOTS.);
#2889 = CARTESIAN_POINT('',(4.096329685433,0.973543591569,10.));
#2890 = CARTESIAN_POINT('',(4.057614922821,0.927178606406,10.));
#2891 = CARTESIAN_POINT('',(3.986444670596,0.927178606406,10.));
#2892 = VECTOR('',#2893,1.);
#2893 = DIRECTION('',(0.,0.,1.));
#2894 = ADVANCED_FACE('',(#2895),#2913,.T.);
#2895 = FACE_BOUND('',#2896,.T.);
#2896 = EDGE_LOOP('',(#2897,#2905,#2911,#2912));
#2897 = ORIENTED_EDGE('',*,*,#2898,.T.);
#2898 = EDGE_CURVE('',#998,#2899,#2901,.T.);
#2899 = VERTEX_POINT('',#2900);
#2900 = CARTESIAN_POINT('',(4.13527627297,1.077169333409,9.6));
#2901 = LINE('',#2902,#2903);
#2902 = CARTESIAN_POINT('',(4.13527627297,1.077169333409,10.));
#2903 = VECTOR('',#2904,1.);
#2904 = DIRECTION('',(-0.,-0.,-1.));
#2905 = ORIENTED_EDGE('',*,*,#2906,.T.);
#2906 = EDGE_CURVE('',#2899,#2873,#2907,.T.);
#2907 = B_SPLINE_CURVE_WITH_KNOTS('',2,(#2908,#2909,#2910),
  .UNSPECIFIED.,.F.,.F.,(3,3),(0.,1.),.PIECEWISE_BEZIER_KNOTS.);
#2908 = CARTESIAN_POINT('',(4.13527627297,1.077169333409,9.6));
#2909 = CARTESIAN_POINT('',(4.13527627297,1.019908576733,9.6));
#2910 = CARTESIAN_POINT('',(4.096329685433,0.973543591569,9.6));
#2911 = ORIENTED_EDGE('',*,*,#2872,.F.);
#2912 = ORIENTED_EDGE('',*,*,#1005,.F.);
#2913 = SURFACE_OF_LINEAR_EXTRUSION('',#2914,#2918);
#2914 = B_SPLINE_CURVE_WITH_KNOTS('',2,(#2915,#2916,#2917),
  .UNSPECIFIED.,.F.,.F.,(3,3),(0.,1.),.PIECEWISE_BEZIER_KNOTS.);
#2915 = CARTESIAN_POINT('',(4.13527627297,1.077169333409,10.));
#2916 = CARTESIAN_POINT('',(4.13527627297,1.019908576733,10.));
#2917 = CARTESIAN_POINT('',(4.096329685433,0.973543591569,10.));
#2918 = VECTOR('',#2919,1.);
#2919 = DIRECTION('',(0.,0.,1.));
#2920 = ADVANCED_FACE('',(#2921),#2939,.T.);
#2921 = FACE_BOUND('',#2922,.T.);
#2922 = EDGE_LOOP('',(#2923,#2931,#2937,#2938));
#2923 = ORIENTED_EDGE('',*,*,#2924,.T.);
#2924 = EDGE_CURVE('',#990,#2925,#2927,.T.);
#2925 = VERTEX_POINT('',#2926);
#2926 = CARTESIAN_POINT('',(4.003599715106,1.543369259225,9.6));
#2927 = LINE('',#2928,#2929);
#2928 = CARTESIAN_POINT('',(4.003599715106,1.543369259225,10.));
#2929 = VECTOR('',#2930,1.);
#2930 = DIRECTION('',(-0.,-0.,-1.));
#2931 = ORIENTED_EDGE('',*,*,#2932,.T.);
#2932 = EDGE_CURVE('',#2925,#2899,#2933,.T.);
#2933 = B_SPLINE_CURVE_WITH_KNOTS('',2,(#2934,#2935,#2936),
  .UNSPECIFIED.,.F.,.F.,(3,3),(0.,1.),.PIECEWISE_BEZIER_KNOTS.);
#2934 = CARTESIAN_POINT('',(4.003599715106,1.543369259225,9.6));
#2935 = CARTESIAN_POINT('',(4.13527627297,1.30482141056,9.6));
#2936 = CARTESIAN_POINT('',(4.13527627297,1.077169333409,9.6));
#2937 = ORIENTED_EDGE('',*,*,#2898,.F.);
#2938 = ORIENTED_EDGE('',*,*,#997,.F.);
#2939 = SURFACE_OF_LINEAR_EXTRUSION('',#2940,#2944);
#2940 = B_SPLINE_CURVE_WITH_KNOTS('',2,(#2941,#2942,#2943),
  .UNSPECIFIED.,.F.,.F.,(3,3),(0.,1.),.PIECEWISE_BEZIER_KNOTS.);
#2941 = CARTESIAN_POINT('',(4.003599715106,1.543369259225,10.));
#2942 = CARTESIAN_POINT('',(4.13527627297,1.30482141056,10.));
#2943 = CARTESIAN_POINT('',(4.13527627297,1.077169333409,10.));
#2944 = VECTOR('',#2945,1.);
#2945 = DIRECTION('',(0.,0.,1.));
#2946 = ADVANCED_FACE('',(#2947),#2965,.T.);
#2947 = FACE_BOUND('',#2948,.T.);
#2948 = EDGE_LOOP('',(#2949,#2957,#2963,#2964));
#2949 = ORIENTED_EDGE('',*,*,#2950,.T.);
#2950 = EDGE_CURVE('',#982,#2951,#2953,.T.);
#2951 = VERTEX_POINT('',#2952);
#2952 = CARTESIAN_POINT('',(3.615756614216,1.995427864566,9.6));
#2953 = LINE('',#2954,#2955);
#2954 = CARTESIAN_POINT('',(3.615756614216,1.995427864566,10.));
#2955 = VECTOR('',#2956,1.);
#2956 = DIRECTION('',(-0.,-0.,-1.));
#2957 = ORIENTED_EDGE('',*,*,#2958,.T.);
#2958 = EDGE_CURVE('',#2951,#2925,#2959,.T.);
#2959 = B_SPLINE_CURVE_WITH_KNOTS('',2,(#2960,#2961,#2962),
  .UNSPECIFIED.,.F.,.F.,(3,3),(0.,1.),.PIECEWISE_BEZIER_KNOTS.);
#2960 = CARTESIAN_POINT('',(3.615756614216,1.995427864566,9.6));
#2961 = CARTESIAN_POINT('',(3.871923157243,1.78191710789,9.6));
#2962 = CARTESIAN_POINT('',(4.003599715106,1.543369259225,9.6));
#2963 = ORIENTED_EDGE('',*,*,#2924,.F.);
#2964 = ORIENTED_EDGE('',*,*,#989,.F.);
#2965 = SURFACE_OF_LINEAR_EXTRUSION('',#2966,#2970);
#2966 = B_SPLINE_CURVE_WITH_KNOTS('',2,(#2967,#2968,#2969),
  .UNSPECIFIED.,.F.,.F.,(3,3),(0.,1.),.PIECEWISE_BEZIER_KNOTS.);
#2967 = CARTESIAN_POINT('',(3.615756614216,1.995427864566,10.));
#2968 = CARTESIAN_POINT('',(3.871923157243,1.78191710789,10.));
#2969 = CARTESIAN_POINT('',(4.003599715106,1.543369259225,10.));
#2970 = VECTOR('',#2971,1.);
#2971 = DIRECTION('',(0.,0.,1.));
#2972 = ADVANCED_FACE('',(#2973),#2991,.T.);
#2973 = FACE_BOUND('',#2974,.T.);
#2974 = EDGE_LOOP('',(#2975,#2983,#2989,#2990));
#2975 = ORIENTED_EDGE('',*,*,#2976,.T.);
#2976 = EDGE_CURVE('',#974,#2977,#2979,.T.);
#2977 = VERTEX_POINT('',#2978);
#2978 = CARTESIAN_POINT('',(2.986351940626,2.337137805219,9.6));
#2979 = LINE('',#2980,#2981);
#2980 = CARTESIAN_POINT('',(2.986351940626,2.337137805219,10.));
#2981 = VECTOR('',#2982,1.);
#2982 = DIRECTION('',(-0.,-0.,-1.));
#2983 = ORIENTED_EDGE('',*,*,#2984,.T.);
#2984 = EDGE_CURVE('',#2977,#2951,#2985,.T.);
#2985 = B_SPLINE_CURVE_WITH_KNOTS('',2,(#2986,#2987,#2988),
  .UNSPECIFIED.,.F.,.F.,(3,3),(0.,1.),.PIECEWISE_BEZIER_KNOTS.);
#2986 = CARTESIAN_POINT('',(2.986351940626,2.337137805219,9.6));
#2987 = CARTESIAN_POINT('',(3.359821896115,2.209170446169,9.6));
#2988 = CARTESIAN_POINT('',(3.615756614216,1.995427864566,9.6));
#2989 = ORIENTED_EDGE('',*,*,#2950,.F.);
#2990 = ORIENTED_EDGE('',*,*,#981,.F.);
#2991 = SURFACE_OF_LINEAR_EXTRUSION('',#2992,#2996);
#2992 = B_SPLINE_CURVE_WITH_KNOTS('',2,(#2993,#2994,#2995),
  .UNSPECIFIED.,.F.,.F.,(3,3),(0.,1.),.PIECEWISE_BEZIER_KNOTS.);
#2993 = CARTESIAN_POINT('',(2.986351940626,2.337137805219,10.));
#2994 = CARTESIAN_POINT('',(3.359821896115,2.209170446169,10.));
#2995 = CARTESIAN_POINT('',(3.615756614216,1.995427864566,10.));
#2996 = VECTOR('',#2997,1.);
#2997 = DIRECTION('',(0.,0.,1.));
#2998 = ADVANCED_FACE('',(#2999),#3017,.T.);
#2999 = FACE_BOUND('',#3000,.T.);
#3000 = EDGE_LOOP('',(#3001,#3009,#3015,#3016));
#3001 = ORIENTED_EDGE('',*,*,#3002,.T.);
#3002 = EDGE_CURVE('',#966,#3003,#3005,.T.);
#3003 = VERTEX_POINT('',#3004);
#3004 = CARTESIAN_POINT('',(2.122108617183,2.465336989195,9.6));
#3005 = LINE('',#3006,#3007);
#3006 = CARTESIAN_POINT('',(2.122108617183,2.465336989195,10.));
#3007 = VECTOR('',#3008,1.);
#3008 = DIRECTION('',(-0.,-0.,-1.));
#3009 = ORIENTED_EDGE('',*,*,#3010,.T.);
#3010 = EDGE_CURVE('',#3003,#2977,#3011,.T.);
#3011 = B_SPLINE_CURVE_WITH_KNOTS('',2,(#3012,#3013,#3014),
  .UNSPECIFIED.,.F.,.F.,(3,3),(0.,1.),.PIECEWISE_BEZIER_KNOTS.);
#3012 = CARTESIAN_POINT('',(2.122108617183,2.465336989195,9.6));
#3013 = CARTESIAN_POINT('',(2.613113810062,2.465336989195,9.6));
#3014 = CARTESIAN_POINT('',(2.986351940626,2.337137805219,9.6));
#3015 = ORIENTED_EDGE('',*,*,#2976,.F.);
#3016 = ORIENTED_EDGE('',*,*,#973,.F.);
#3017 = SURFACE_OF_LINEAR_EXTRUSION('',#3018,#3022);
#3018 = B_SPLINE_CURVE_WITH_KNOTS('',2,(#3019,#3020,#3021),
  .UNSPECIFIED.,.F.,.F.,(3,3),(0.,1.),.PIECEWISE_BEZIER_KNOTS.);
#3019 = CARTESIAN_POINT('',(2.122108617183,2.465336989195,10.));
#3020 = CARTESIAN_POINT('',(2.613113810062,2.465336989195,10.));
#3021 = CARTESIAN_POINT('',(2.986351940626,2.337137805219,10.));
#3022 = VECTOR('',#3023,1.);
#3023 = DIRECTION('',(0.,0.,1.));
#3024 = ADVANCED_FACE('',(#3025),#3043,.T.);
#3025 = FACE_BOUND('',#3026,.T.);
#3026 = EDGE_LOOP('',(#3027,#3035,#3041,#3042));
#3027 = ORIENTED_EDGE('',*,*,#3028,.T.);
#3028 = EDGE_CURVE('',#958,#3029,#3031,.T.);
#3029 = VERTEX_POINT('',#3030);
#3030 = CARTESIAN_POINT('',(1.076578201753,2.272690475842,9.6));
#3031 = LINE('',#3032,#3033);
#3032 = CARTESIAN_POINT('',(1.076578201753,2.272690475842,10.));
#3033 = VECTOR('',#3034,1.);
#3034 = DIRECTION('',(-0.,-0.,-1.));
#3035 = ORIENTED_EDGE('',*,*,#3036,.T.);
#3036 = EDGE_CURVE('',#3029,#3003,#3037,.T.);
#3037 = B_SPLINE_CURVE_WITH_KNOTS('',2,(#3038,#3039,#3040),
  .UNSPECIFIED.,.F.,.F.,(3,3),(0.,1.),.PIECEWISE_BEZIER_KNOTS.);
#3038 = CARTESIAN_POINT('',(1.076578201753,2.272690475842,9.6));
#3039 = CARTESIAN_POINT('',(1.517509210655,2.465336989195,9.6));
#3040 = CARTESIAN_POINT('',(2.122108617183,2.465336989195,9.6));
#3041 = ORIENTED_EDGE('',*,*,#3002,.F.);
#3042 = ORIENTED_EDGE('',*,*,#965,.F.);
#3043 = SURFACE_OF_LINEAR_EXTRUSION('',#3044,#3048);
#3044 = B_SPLINE_CURVE_WITH_KNOTS('',2,(#3045,#3046,#3047),
  .UNSPECIFIED.,.F.,.F.,(3,3),(0.,1.),.PIECEWISE_BEZIER_KNOTS.);
#3045 = CARTESIAN_POINT('',(1.076578201753,2.272690475842,10.));
#3046 = CARTESIAN_POINT('',(1.517509210655,2.465336989195,10.));
#3047 = CARTESIAN_POINT('',(2.122108617183,2.465336989195,10.));
#3048 = VECTOR('',#3049,1.);
#3049 = DIRECTION('',(0.,0.,1.));
#3050 = ADVANCED_FACE('',(#3051),#3069,.T.);
#3051 = FACE_BOUND('',#3052,.T.);
#3052 = EDGE_LOOP('',(#3053,#3061,#3067,#3068));
#3053 = ORIENTED_EDGE('',*,*,#3054,.T.);
#3054 = EDGE_CURVE('',#950,#3055,#3057,.T.);
#3055 = VERTEX_POINT('',#3056);
#3056 = CARTESIAN_POINT('',(0.390144596412,1.737406722133,9.6));
#3057 = LINE('',#3058,#3059);
#3058 = CARTESIAN_POINT('',(0.390144596412,1.737406722133,10.));
#3059 = VECTOR('',#3060,1.);
#3060 = DIRECTION('',(-0.,-0.,-1.));
#3061 = ORIENTED_EDGE('',*,*,#3062,.T.);
#3062 = EDGE_CURVE('',#3055,#3029,#3063,.T.);
#3063 = B_SPLINE_CURVE_WITH_KNOTS('',2,(#3064,#3065,#3066),
  .UNSPECIFIED.,.F.,.F.,(3,3),(0.,1.),.PIECEWISE_BEZIER_KNOTS.);
#3064 = CARTESIAN_POINT('',(0.390144596412,1.737406722133,9.6));
#3065 = CARTESIAN_POINT('',(0.635647192851,2.080043962489,9.6));
#3066 = CARTESIAN_POINT('',(1.076578201753,2.272690475842,9.6));
#3067 = ORIENTED_EDGE('',*,*,#3028,.F.);
#3068 = ORIENTED_EDGE('',*,*,#957,.F.);
#3069 = SURFACE_OF_LINEAR_EXTRUSION('',#3070,#3074);
#3070 = B_SPLINE_CURVE_WITH_KNOTS('',2,(#3071,#3072,#3073),
  .UNSPECIFIED.,.F.,.F.,(3,3),(0.,1.),.PIECEWISE_BEZIER_KNOTS.);
#3071 = CARTESIAN_POINT('',(0.390144596412,1.737406722133,10.));
#3072 = CARTESIAN_POINT('',(0.635647192851,2.080043962489,10.));
#3073 = CARTESIAN_POINT('',(1.076578201753,2.272690475842,10.));
#3074 = VECTOR('',#3075,1.);
#3075 = DIRECTION('',(0.,0.,1.));
#3076 = ADVANCED_FACE('',(#3077),#3095,.T.);
#3077 = FACE_BOUND('',#3078,.T.);
#3078 = EDGE_LOOP('',(#3079,#3087,#3093,#3094));
#3079 = ORIENTED_EDGE('',*,*,#3080,.T.);
#3080 = EDGE_CURVE('',#942,#3081,#3083,.T.);
#3081 = VERTEX_POINT('',#3082);
#3082 = CARTESIAN_POINT('',(0.144641999973,0.959865920946,9.6));
#3083 = LINE('',#3084,#3085);
#3084 = CARTESIAN_POINT('',(0.144641999973,0.959865920946,10.));
#3085 = VECTOR('',#3086,1.);
#3086 = DIRECTION('',(-0.,-0.,-1.));
#3087 = ORIENTED_EDGE('',*,*,#3088,.T.);
#3088 = EDGE_CURVE('',#3081,#3055,#3089,.T.);
#3089 = B_SPLINE_CURVE_WITH_KNOTS('',2,(#3090,#3091,#3092),
  .UNSPECIFIED.,.F.,.F.,(3,3),(0.,1.),.PIECEWISE_BEZIER_KNOTS.);
#3090 = CARTESIAN_POINT('',(0.144641999973,0.959865920946,9.6));
#3091 = CARTESIAN_POINT('',(0.144641999973,1.395001306703,9.6));
#3092 = CARTESIAN_POINT('',(0.390144596412,1.737406722133,9.6));
#3093 = ORIENTED_EDGE('',*,*,#3054,.F.);
#3094 = ORIENTED_EDGE('',*,*,#949,.F.);
#3095 = SURFACE_OF_LINEAR_EXTRUSION('',#3096,#3100);
#3096 = B_SPLINE_CURVE_WITH_KNOTS('',2,(#3097,#3098,#3099),
  .UNSPECIFIED.,.F.,.F.,(3,3),(0.,1.),.PIECEWISE_BEZIER_KNOTS.);
#3097 = CARTESIAN_POINT('',(0.144641999973,0.959865920946,10.));
#3098 = CARTESIAN_POINT('',(0.144641999973,1.395001306703,10.));
#3099 = CARTESIAN_POINT('',(0.390144596412,1.737406722133,10.));
#3100 = VECTOR('',#3101,1.);
#3101 = DIRECTION('',(0.,0.,1.));
#3102 = ADVANCED_FACE('',(#3103),#3121,.T.);
#3103 = FACE_BOUND('',#3104,.T.);
#3104 = EDGE_LOOP('',(#3105,#3113,#3119,#3120));
#3105 = ORIENTED_EDGE('',*,*,#3106,.T.);
#3106 = EDGE_CURVE('',#934,#3107,#3109,.T.);
#3107 = VERTEX_POINT('',#3108);
#3108 = CARTESIAN_POINT('',(0.343547786323,0.221271707296,9.6));
#3109 = LINE('',#3110,#3111);
#3110 = CARTESIAN_POINT('',(0.343547786323,0.221271707296,10.));
#3111 = VECTOR('',#3112,1.);
#3112 = DIRECTION('',(-0.,-0.,-1.));
#3113 = ORIENTED_EDGE('',*,*,#3114,.T.);
#3114 = EDGE_CURVE('',#3107,#3081,#3115,.T.);
#3115 = B_SPLINE_CURVE_WITH_KNOTS('',2,(#3116,#3117,#3118),
  .UNSPECIFIED.,.F.,.F.,(3,3),(0.,1.),.PIECEWISE_BEZIER_KNOTS.);
#3116 = CARTESIAN_POINT('',(0.343547786323,0.221271707296,9.6));
#3117 = CARTESIAN_POINT('',(0.144641999973,0.517543962489,9.6));
#3118 = CARTESIAN_POINT('',(0.144641999973,0.959865920946,9.6));
#3119 = ORIENTED_EDGE('',*,*,#3080,.F.);
#3120 = ORIENTED_EDGE('',*,*,#941,.F.);
#3121 = SURFACE_OF_LINEAR_EXTRUSION('',#3122,#3126);
#3122 = B_SPLINE_CURVE_WITH_KNOTS('',2,(#3123,#3124,#3125),
  .UNSPECIFIED.,.F.,.F.,(3,3),(0.,1.),.PIECEWISE_BEZIER_KNOTS.);
#3123 = CARTESIAN_POINT('',(0.343547786323,0.221271707296,10.));
#3124 = CARTESIAN_POINT('',(0.144641999973,0.517543962489,10.));
#3125 = CARTESIAN_POINT('',(0.144641999973,0.959865920946,10.));
#3126 = VECTOR('',#3127,1.);
#3127 = DIRECTION('',(0.,0.,1.));
#3128 = ADVANCED_FACE('',(#3129),#3147,.T.);
#3129 = FACE_BOUND('',#3130,.T.);
#3130 = EDGE_LOOP('',(#3131,#3139,#3145,#3146));
#3131 = ORIENTED_EDGE('',*,*,#3132,.T.);
#3132 = EDGE_CURVE('',#926,#3133,#3135,.T.);
#3133 = VERTEX_POINT('',#3134);
#3134 = CARTESIAN_POINT('',(0.922414626086,-0.256751289736,9.6));
#3135 = LINE('',#3136,#3137);
#3136 = CARTESIAN_POINT('',(0.922414626086,-0.256751289736,10.));
#3137 = VECTOR('',#3138,1.);
#3138 = DIRECTION('',(-0.,-0.,-1.));
#3139 = ORIENTED_EDGE('',*,*,#3140,.T.);
#3140 = EDGE_CURVE('',#3133,#3107,#3141,.T.);
#3141 = B_SPLINE_CURVE_WITH_KNOTS('',2,(#3142,#3143,#3144),
  .UNSPECIFIED.,.F.,.F.,(3,3),(0.,1.),.PIECEWISE_BEZIER_KNOTS.);
#3142 = CARTESIAN_POINT('',(0.922414626086,-0.256751289736,9.6));
#3143 = CARTESIAN_POINT('',(0.542453572673,-7.47687229707E-02,9.6));
#3144 = CARTESIAN_POINT('',(0.343547786323,0.221271707296,9.6));
#3145 = ORIENTED_EDGE('',*,*,#3106,.F.);
#3146 = ORIENTED_EDGE('',*,*,#933,.F.);
#3147 = SURFACE_OF_LINEAR_EXTRUSION('',#3148,#3152);
#3148 = B_SPLINE_CURVE_WITH_KNOTS('',2,(#3149,#3150,#3151),
  .UNSPECIFIED.,.F.,.F.,(3,3),(0.,1.),.PIECEWISE_BEZIER_KNOTS.);
#3149 = CARTESIAN_POINT('',(0.922414626086,-0.256751289736,10.));
#3150 = CARTESIAN_POINT('',(0.542453572673,-7.47687229707E-02,10.));
#3151 = CARTESIAN_POINT('',(0.343547786323,0.221271707296,10.));
#3152 = VECTOR('',#3153,1.);
#3153 = DIRECTION('',(0.,0.,1.));
#3154 = ADVANCED_FACE('',(#3155),#3173,.T.);
#3155 = FACE_BOUND('',#3156,.T.);
#3156 = EDGE_LOOP('',(#3157,#3165,#3171,#3172));
#3157 = ORIENTED_EDGE('',*,*,#3158,.T.);
#3158 = EDGE_CURVE('',#918,#3159,#3161,.T.);
#3159 = VERTEX_POINT('',#3160);
#3160 = CARTESIAN_POINT('',(1.842527756649,-0.552791720003,9.6));
#3161 = LINE('',#3162,#3163);
#3162 = CARTESIAN_POINT('',(1.842527756649,-0.552791720003,10.));
#3163 = VECTOR('',#3164,1.);
#3164 = DIRECTION('',(-0.,-0.,-1.));
#3165 = ORIENTED_EDGE('',*,*,#3166,.T.);
#3166 = EDGE_CURVE('',#3159,#3133,#3167,.T.);
#3167 = B_SPLINE_CURVE_WITH_KNOTS('',2,(#3168,#3169,#3170),
  .UNSPECIFIED.,.F.,.F.,(3,3),(0.,1.),.PIECEWISE_BEZIER_KNOTS.);
#3168 = CARTESIAN_POINT('',(1.842527756649,-0.552791720003,9.6));
#3169 = CARTESIAN_POINT('',(1.302375679498,-0.438502031576,9.6));
#3170 = CARTESIAN_POINT('',(0.922414626086,-0.256751289736,9.6));
#3171 = ORIENTED_EDGE('',*,*,#3132,.F.);
#3172 = ORIENTED_EDGE('',*,*,#925,.F.);
#3173 = SURFACE_OF_LINEAR_EXTRUSION('',#3174,#3178);
#3174 = B_SPLINE_CURVE_WITH_KNOTS('',2,(#3175,#3176,#3177),
  .UNSPECIFIED.,.F.,.F.,(3,3),(0.,1.),.PIECEWISE_BEZIER_KNOTS.);
#3175 = CARTESIAN_POINT('',(1.842527756649,-0.552791720003,10.));
#3176 = CARTESIAN_POINT('',(1.302375679498,-0.438502031576,10.));
#3177 = CARTESIAN_POINT('',(0.922414626086,-0.256751289736,10.));
#3178 = VECTOR('',#3179,1.);
#3179 = DIRECTION('',(0.,0.,1.));
#3180 = ADVANCED_FACE('',(#3181),#3199,.T.);
#3181 = FACE_BOUND('',#3182,.T.);
#3182 = EDGE_LOOP('',(#3183,#3191,#3197,#3198));
#3183 = ORIENTED_EDGE('',*,*,#3184,.T.);
#3184 = EDGE_CURVE('',#910,#3185,#3187,.T.);
#3185 = VERTEX_POINT('',#3186);
#3186 = CARTESIAN_POINT('',(2.513660916887,-0.720401141368,9.6));
#3187 = LINE('',#3188,#3189);
#3188 = CARTESIAN_POINT('',(2.513660916887,-0.720401141368,10.));
#3189 = VECTOR('',#3190,1.);
#3190 = DIRECTION('',(-0.,-0.,-1.));
#3191 = ORIENTED_EDGE('',*,*,#3192,.T.);
#3192 = EDGE_CURVE('',#3185,#3159,#3193,.T.);
#3193 = B_SPLINE_CURVE_WITH_KNOTS('',2,(#3194,#3195,#3196),
  .UNSPECIFIED.,.F.,.F.,(3,3),(0.,1.),.PIECEWISE_BEZIER_KNOTS.);
#3194 = CARTESIAN_POINT('',(2.513660916887,-0.720401141368,9.6));
#3195 = CARTESIAN_POINT('',(2.261435397599,-0.638335117629,9.6));
#3196 = CARTESIAN_POINT('',(1.842527756649,-0.552791720003,9.6));
#3197 = ORIENTED_EDGE('',*,*,#3158,.F.);
#3198 = ORIENTED_EDGE('',*,*,#917,.F.);
#3199 = SURFACE_OF_LINEAR_EXTRUSION('',#3200,#3204);
#3200 = B_SPLINE_CURVE_WITH_KNOTS('',2,(#3201,#3202,#3203),
  .UNSPECIFIED.,.F.,.F.,(3,3),(0.,1.),.PIECEWISE_BEZIER_KNOTS.);
#3201 = CARTESIAN_POINT('',(2.513660916887,-0.720401141368,10.));
#3202 = CARTESIAN_POINT('',(2.261435397599,-0.638335117629,10.));
#3203 = CARTESIAN_POINT('',(1.842527756649,-0.552791720003,10.));
#3204 = VECTOR('',#3205,1.);
#3205 = DIRECTION('',(0.,0.,1.));
#3206 = ADVANCED_FACE('',(#3207),#3225,.T.);
#3207 = FACE_BOUND('',#3208,.T.);
#3208 = EDGE_LOOP('',(#3209,#3217,#3223,#3224));
#3209 = ORIENTED_EDGE('',*,*,#3210,.T.);
#3210 = EDGE_CURVE('',#902,#3211,#3213,.T.);
#3211 = VERTEX_POINT('',#3212);
#3212 = CARTESIAN_POINT('',(2.879480649824,-0.902383708134,9.6));
#3213 = LINE('',#3214,#3215);
#3214 = CARTESIAN_POINT('',(2.879480649824,-0.902383708134,10.));
#3215 = VECTOR('',#3216,1.);
#3216 = DIRECTION('',(-0.,-0.,-1.));
#3217 = ORIENTED_EDGE('',*,*,#3218,.T.);
#3218 = EDGE_CURVE('',#3211,#3185,#3219,.T.);
#3219 = B_SPLINE_CURVE_WITH_KNOTS('',2,(#3220,#3221,#3222),
  .UNSPECIFIED.,.F.,.F.,(3,3),(0.,1.),.PIECEWISE_BEZIER_KNOTS.);
#3220 = CARTESIAN_POINT('',(2.879480649824,-0.902383708134,9.6));
#3221 = CARTESIAN_POINT('',(2.765886436175,-0.802467165107,9.6));
#3222 = CARTESIAN_POINT('',(2.513660916887,-0.720401141368,9.6));
#3223 = ORIENTED_EDGE('',*,*,#3184,.F.);
#3224 = ORIENTED_EDGE('',*,*,#909,.F.);
#3225 = SURFACE_OF_LINEAR_EXTRUSION('',#3226,#3230);
#3226 = B_SPLINE_CURVE_WITH_KNOTS('',2,(#3227,#3228,#3229),
  .UNSPECIFIED.,.F.,.F.,(3,3),(0.,1.),.PIECEWISE_BEZIER_KNOTS.);
#3227 = CARTESIAN_POINT('',(2.879480649824,-0.902383708134,10.));
#3228 = CARTESIAN_POINT('',(2.765886436175,-0.802467165107,10.));
#3229 = CARTESIAN_POINT('',(2.513660916887,-0.720401141368,10.));
#3230 = VECTOR('',#3231,1.);
#3231 = DIRECTION('',(0.,0.,1.));
#3232 = ADVANCED_FACE('',(#3233),#3251,.T.);
#3233 = FACE_BOUND('',#3234,.T.);
#3234 = EDGE_LOOP('',(#3235,#3243,#3249,#3250));
#3235 = ORIENTED_EDGE('',*,*,#3236,.T.);
#3236 = EDGE_CURVE('',#894,#3237,#3239,.T.);
#3237 = VERTEX_POINT('',#3238);
#3238 = CARTESIAN_POINT('',(2.9933066884,-1.166432298638,9.6));
#3239 = LINE('',#3240,#3241);
#3240 = CARTESIAN_POINT('',(2.9933066884,-1.166432298638,10.));
#3241 = VECTOR('',#3242,1.);
#3242 = DIRECTION('',(-0.,-0.,-1.));
#3243 = ORIENTED_EDGE('',*,*,#3244,.T.);
#3244 = EDGE_CURVE('',#3237,#3211,#3245,.T.);
#3245 = B_SPLINE_CURVE_WITH_KNOTS('',2,(#3246,#3247,#3248),
  .UNSPECIFIED.,.F.,.F.,(3,3),(0.,1.),.PIECEWISE_BEZIER_KNOTS.);
#3246 = CARTESIAN_POINT('',(2.9933066884,-1.166432298638,9.6));
#3247 = CARTESIAN_POINT('',(2.9933066884,-1.002300251161,9.6));
#3248 = CARTESIAN_POINT('',(2.879480649824,-0.902383708134,9.6));
#3249 = ORIENTED_EDGE('',*,*,#3210,.F.);
#3250 = ORIENTED_EDGE('',*,*,#901,.F.);
#3251 = SURFACE_OF_LINEAR_EXTRUSION('',#3252,#3256);
#3252 = B_SPLINE_CURVE_WITH_KNOTS('',2,(#3253,#3254,#3255),
  .UNSPECIFIED.,.F.,.F.,(3,3),(0.,1.),.PIECEWISE_BEZIER_KNOTS.);
#3253 = CARTESIAN_POINT('',(2.9933066884,-1.166432298638,10.));
#3254 = CARTESIAN_POINT('',(2.9933066884,-1.002300251161,10.));
#3255 = CARTESIAN_POINT('',(2.879480649824,-0.902383708134,10.));
#3256 = VECTOR('',#3257,1.);
#3257 = DIRECTION('',(0.,0.,1.));
#3258 = ADVANCED_FACE('',(#3259),#3277,.T.);
#3259 = FACE_BOUND('',#3260,.T.);
#3260 = EDGE_LOOP('',(#3261,#3269,#3275,#3276));
#3261 = ORIENTED_EDGE('',*,*,#3262,.T.);
#3262 = EDGE_CURVE('',#886,#3263,#3265,.T.);
#3263 = VERTEX_POINT('',#3264);
#3264 = CARTESIAN_POINT('',(2.784200605314,-1.516024286769,9.6));
#3265 = LINE('',#3266,#3267);
#3266 = CARTESIAN_POINT('',(2.784200605314,-1.516024286769,10.));
#3267 = VECTOR('',#3268,1.);
#3268 = DIRECTION('',(-0.,-0.,-1.));
#3269 = ORIENTED_EDGE('',*,*,#3270,.T.);
#3270 = EDGE_CURVE('',#3263,#3237,#3271,.T.);
#3271 = B_SPLINE_CURVE_WITH_KNOTS('',2,(#3272,#3273,#3274),
  .UNSPECIFIED.,.F.,.F.,(3,3),(0.,1.),.PIECEWISE_BEZIER_KNOTS.);
#3272 = CARTESIAN_POINT('',(2.784200605314,-1.516024286769,9.6));
#3273 = CARTESIAN_POINT('',(2.9933066884,-1.387593277867,9.6));
#3274 = CARTESIAN_POINT('',(2.9933066884,-1.166432298638,9.6));
#3275 = ORIENTED_EDGE('',*,*,#3236,.F.);
#3276 = ORIENTED_EDGE('',*,*,#893,.F.);
#3277 = SURFACE_OF_LINEAR_EXTRUSION('',#3278,#3282);
#3278 = B_SPLINE_CURVE_WITH_KNOTS('',2,(#3279,#3280,#3281),
  .UNSPECIFIED.,.F.,.F.,(3,3),(0.,1.),.PIECEWISE_BEZIER_KNOTS.);
#3279 = CARTESIAN_POINT('',(2.784200605314,-1.516024286769,10.));
#3280 = CARTESIAN_POINT('',(2.9933066884,-1.387593277867,10.));
#3281 = CARTESIAN_POINT('',(2.9933066884,-1.166432298638,10.));
#3282 = VECTOR('',#3283,1.);
#3283 = DIRECTION('',(0.,0.,1.));
#3284 = ADVANCED_FACE('',(#3285),#3303,.T.);
#3285 = FACE_BOUND('',#3286,.T.);
#3286 = EDGE_LOOP('',(#3287,#3295,#3301,#3302));
#3287 = ORIENTED_EDGE('',*,*,#3288,.T.);
#3288 = EDGE_CURVE('',#878,#3289,#3291,.T.);
#3289 = VERTEX_POINT('',#3290);
#3290 = CARTESIAN_POINT('',(2.164532578608,-1.644455295671,9.6));
#3291 = LINE('',#3292,#3293);
#3292 = CARTESIAN_POINT('',(2.164532578608,-1.644455295671,10.));
#3293 = VECTOR('',#3294,1.);
#3294 = DIRECTION('',(-0.,-0.,-1.));
#3295 = ORIENTED_EDGE('',*,*,#3296,.T.);
#3296 = EDGE_CURVE('',#3289,#3263,#3297,.T.);
#3297 = B_SPLINE_CURVE_WITH_KNOTS('',2,(#3298,#3299,#3300),
  .UNSPECIFIED.,.F.,.F.,(3,3),(0.,1.),.PIECEWISE_BEZIER_KNOTS.);
#3298 = CARTESIAN_POINT('',(2.164532578608,-1.644455295671,9.6));
#3299 = CARTESIAN_POINT('',(2.575326347154,-1.644455295671,9.6));
#3300 = CARTESIAN_POINT('',(2.784200605314,-1.516024286769,9.6));
#3301 = ORIENTED_EDGE('',*,*,#3262,.F.);
#3302 = ORIENTED_EDGE('',*,*,#885,.F.);
#3303 = SURFACE_OF_LINEAR_EXTRUSION('',#3304,#3308);
#3304 = B_SPLINE_CURVE_WITH_KNOTS('',2,(#3305,#3306,#3307),
  .UNSPECIFIED.,.F.,.F.,(3,3),(0.,1.),.PIECEWISE_BEZIER_KNOTS.);
#3305 = CARTESIAN_POINT('',(2.164532578608,-1.644455295671,10.));
#3306 = CARTESIAN_POINT('',(2.575326347154,-1.644455295671,10.));
#3307 = CARTESIAN_POINT('',(2.784200605314,-1.516024286769,10.));
#3308 = VECTOR('',#3309,1.);
#3309 = DIRECTION('',(0.,0.,1.));
#3310 = ADVANCED_FACE('',(#3311),#3329,.T.);
#3311 = FACE_BOUND('',#3312,.T.);
#3312 = EDGE_LOOP('',(#3313,#3321,#3327,#3328));
#3313 = ORIENTED_EDGE('',*,*,#3314,.T.);
#3314 = EDGE_CURVE('',#870,#3315,#3317,.T.);
#3315 = VERTEX_POINT('',#3316);
#3316 = CARTESIAN_POINT('',(1.753738810062,-1.583717165107,9.6));
#3317 = LINE('',#3318,#3319);
#3318 = CARTESIAN_POINT('',(1.753738810062,-1.583717165107,10.));
#3319 = VECTOR('',#3320,1.);
#3320 = DIRECTION('',(-0.,-0.,-1.));
#3321 = ORIENTED_EDGE('',*,*,#3322,.T.);
#3322 = EDGE_CURVE('',#3315,#3289,#3323,.T.);
#3323 = B_SPLINE_CURVE_WITH_KNOTS('',2,(#3324,#3325,#3326),
  .UNSPECIFIED.,.F.,.F.,(3,3),(0.,1.),.PIECEWISE_BEZIER_KNOTS.);
#3324 = CARTESIAN_POINT('',(1.753738810062,-1.583717165107,9.6));
#3325 = CARTESIAN_POINT('',(1.923898305611,-1.644455295671,9.6));
#3326 = CARTESIAN_POINT('',(2.164532578608,-1.644455295671,9.6));
#3327 = ORIENTED_EDGE('',*,*,#3288,.F.);
#3328 = ORIENTED_EDGE('',*,*,#877,.F.);
#3329 = SURFACE_OF_LINEAR_EXTRUSION('',#3330,#3334);
#3330 = B_SPLINE_CURVE_WITH_KNOTS('',2,(#3331,#3332,#3333),
  .UNSPECIFIED.,.F.,.F.,(3,3),(0.,1.),.PIECEWISE_BEZIER_KNOTS.);
#3331 = CARTESIAN_POINT('',(1.753738810062,-1.583717165107,10.));
#3332 = CARTESIAN_POINT('',(1.923898305611,-1.644455295671,10.));
#3333 = CARTESIAN_POINT('',(2.164532578608,-1.644455295671,10.));
#3334 = VECTOR('',#3335,1.);
#3335 = DIRECTION('',(0.,0.,1.));
#3336 = ADVANCED_FACE('',(#3337),#3355,.T.);
#3337 = FACE_BOUND('',#3338,.T.);
#3338 = EDGE_LOOP('',(#3339,#3347,#3353,#3354));
#3339 = ORIENTED_EDGE('',*,*,#3340,.T.);
#3340 = EDGE_CURVE('',#862,#3341,#3343,.T.);
#3341 = VERTEX_POINT('',#3342);
#3342 = CARTESIAN_POINT('',(1.481112697302,-1.423062491517,9.6));
#3343 = LINE('',#3344,#3345);
#3344 = CARTESIAN_POINT('',(1.481112697302,-1.423062491517,10.));
#3345 = VECTOR('',#3346,1.);
#3346 = DIRECTION('',(-0.,-0.,-1.));
#3347 = ORIENTED_EDGE('',*,*,#3348,.T.);
#3348 = EDGE_CURVE('',#3341,#3315,#3349,.T.);
#3349 = B_SPLINE_CURVE_WITH_KNOTS('',2,(#3350,#3351,#3352),
  .UNSPECIFIED.,.F.,.F.,(3,3),(0.,1.),.PIECEWISE_BEZIER_KNOTS.);
#3350 = CARTESIAN_POINT('',(1.481112697302,-1.423062491517,9.6));
#3351 = CARTESIAN_POINT('',(1.583811139439,-1.522979034543,9.6));
#3352 = CARTESIAN_POINT('',(1.753738810062,-1.583717165107,9.6));
#3353 = ORIENTED_EDGE('',*,*,#3314,.F.);
#3354 = ORIENTED_EDGE('',*,*,#869,.F.);
#3355 = SURFACE_OF_LINEAR_EXTRUSION('',#3356,#3360);
#3356 = B_SPLINE_CURVE_WITH_KNOTS('',2,(#3357,#3358,#3359),
  .UNSPECIFIED.,.F.,.F.,(3,3),(0.,1.),.PIECEWISE_BEZIER_KNOTS.);
#3357 = CARTESIAN_POINT('',(1.481112697302,-1.423062491517,10.));
#3358 = CARTESIAN_POINT('',(1.583811139439,-1.522979034543,10.));
#3359 = CARTESIAN_POINT('',(1.753738810062,-1.583717165107,10.));
#3360 = VECTOR('',#3361,1.);
#3361 = DIRECTION('',(0.,0.,1.));
#3362 = ADVANCED_FACE('',(#3363),#3381,.T.);
#3363 = FACE_BOUND('',#3364,.T.);
#3364 = EDGE_LOOP('',(#3365,#3373,#3379,#3380));
#3365 = ORIENTED_EDGE('',*,*,#3366,.T.);
#3366 = EDGE_CURVE('',#854,#3367,#3369,.T.);
#3367 = VERTEX_POINT('',#3368);
#3368 = CARTESIAN_POINT('',(1.322080798192,-1.215579182911,9.6));
#3369 = LINE('',#3370,#3371);
#3370 = CARTESIAN_POINT('',(1.322080798192,-1.215579182911,10.));
#3371 = VECTOR('',#3372,1.);
#3372 = DIRECTION('',(-0.,-0.,-1.));
#3373 = ORIENTED_EDGE('',*,*,#3374,.T.);
#3374 = EDGE_CURVE('',#3367,#3341,#3375,.T.);
#3375 = B_SPLINE_CURVE_WITH_KNOTS('',2,(#3376,#3377,#3378),
  .UNSPECIFIED.,.F.,.F.,(3,3),(0.,1.),.PIECEWISE_BEZIER_KNOTS.);
#3376 = CARTESIAN_POINT('',(1.322080798192,-1.215579182911,9.6));
#3377 = CARTESIAN_POINT('',(1.378414255166,-1.322914123564,9.6));
#3378 = CARTESIAN_POINT('',(1.481112697302,-1.423062491517,9.6));
#3379 = ORIENTED_EDGE('',*,*,#3340,.F.);
#3380 = ORIENTED_EDGE('',*,*,#861,.F.);
#3381 = SURFACE_OF_LINEAR_EXTRUSION('',#3382,#3386);
#3382 = B_SPLINE_CURVE_WITH_KNOTS('',2,(#3383,#3384,#3385),
  .UNSPECIFIED.,.F.,.F.,(3,3),(0.,1.),.PIECEWISE_BEZIER_KNOTS.);
#3383 = CARTESIAN_POINT('',(1.322080798192,-1.215579182911,10.));
#3384 = CARTESIAN_POINT('',(1.378414255166,-1.322914123564,10.));
#3385 = CARTESIAN_POINT('',(1.481112697302,-1.423062491517,10.));
#3386 = VECTOR('',#3387,1.);
#3387 = DIRECTION('',(0.,0.,1.));
#3388 = ADVANCED_FACE('',(#3389),#3407,.T.);
#3389 = FACE_BOUND('',#3390,.T.);
#3390 = EDGE_LOOP('',(#3391,#3399,#3405,#3406));
#3391 = ORIENTED_EDGE('',*,*,#3392,.T.);
#3392 = EDGE_CURVE('',#846,#3393,#3395,.T.);
#3393 = VERTEX_POINT('',#3394);
#3394 = CARTESIAN_POINT('',(1.22633710383,-1.122849212585,9.6));
#3395 = LINE('',#3396,#3397);
#3396 = CARTESIAN_POINT('',(1.22633710383,-1.122849212585,10.));
#3397 = VECTOR('',#3398,1.);
#3398 = DIRECTION('',(-0.,-0.,-1.));
#3399 = ORIENTED_EDGE('',*,*,#3400,.T.);
#3400 = EDGE_CURVE('',#3393,#3367,#3401,.T.);
#3401 = B_SPLINE_CURVE_WITH_KNOTS('',2,(#3402,#3403,#3404),
  .UNSPECIFIED.,.F.,.F.,(3,3),(0.,1.),.PIECEWISE_BEZIER_KNOTS.);
#3402 = CARTESIAN_POINT('',(1.22633710383,-1.122849212585,9.6));
#3403 = CARTESIAN_POINT('',(1.279425011842,-1.158550251161,9.6));
#3404 = CARTESIAN_POINT('',(1.322080798192,-1.215579182911,9.6));
#3405 = ORIENTED_EDGE('',*,*,#3366,.F.);
#3406 = ORIENTED_EDGE('',*,*,#853,.F.);
#3407 = SURFACE_OF_LINEAR_EXTRUSION('',#3408,#3412);
#3408 = B_SPLINE_CURVE_WITH_KNOTS('',2,(#3409,#3410,#3411),
  .UNSPECIFIED.,.F.,.F.,(3,3),(0.,1.),.PIECEWISE_BEZIER_KNOTS.);
#3409 = CARTESIAN_POINT('',(1.22633710383,-1.122849212585,10.));
#3410 = CARTESIAN_POINT('',(1.279425011842,-1.158550251161,10.));
#3411 = CARTESIAN_POINT('',(1.322080798192,-1.215579182911,10.));
#3412 = VECTOR('',#3413,1.);
#3413 = DIRECTION('',(0.,0.,1.));
#3414 = ADVANCED_FACE('',(#3415),#3433,.T.);
#3415 = FACE_BOUND('',#3416,.T.);
#3416 = EDGE_LOOP('',(#3417,#3425,#3431,#3432));
#3417 = ORIENTED_EDGE('',*,*,#3418,.T.);
#3418 = EDGE_CURVE('',#838,#3419,#3421,.T.);
#3419 = VERTEX_POINT('',#3420);
#3420 = CARTESIAN_POINT('',(1.074028127569,-1.087148174009,9.6));
#3421 = LINE('',#3422,#3423);
#3422 = CARTESIAN_POINT('',(1.074028127569,-1.087148174009,10.));
#3423 = VECTOR('',#3424,1.);
#3424 = DIRECTION('',(-0.,-0.,-1.));
#3425 = ORIENTED_EDGE('',*,*,#3426,.T.);
#3426 = EDGE_CURVE('',#3419,#3393,#3427,.T.);
#3427 = B_SPLINE_CURVE_WITH_KNOTS('',2,(#3428,#3429,#3430),
  .UNSPECIFIED.,.F.,.F.,(3,3),(0.,1.),.PIECEWISE_BEZIER_KNOTS.);
#3428 = CARTESIAN_POINT('',(1.074028127569,-1.087148174009,9.6));
#3429 = CARTESIAN_POINT('',(1.173249195818,-1.087148174009,9.6));
#3430 = CARTESIAN_POINT('',(1.22633710383,-1.122849212585,9.6));
#3431 = ORIENTED_EDGE('',*,*,#3392,.F.);
#3432 = ORIENTED_EDGE('',*,*,#845,.F.);
#3433 = SURFACE_OF_LINEAR_EXTRUSION('',#3434,#3438);
#3434 = B_SPLINE_CURVE_WITH_KNOTS('',2,(#3435,#3436,#3437),
  .UNSPECIFIED.,.F.,.F.,(3,3),(0.,1.),.PIECEWISE_BEZIER_KNOTS.);
#3435 = CARTESIAN_POINT('',(1.074028127569,-1.087148174009,10.));
#3436 = CARTESIAN_POINT('',(1.173249195818,-1.087148174009,10.));
#3437 = CARTESIAN_POINT('',(1.22633710383,-1.122849212585,10.));
#3438 = VECTOR('',#3439,1.);
#3439 = DIRECTION('',(0.,0.,1.));
#3440 = ADVANCED_FACE('',(#3441),#3459,.T.);
#3441 = FACE_BOUND('',#3442,.T.);
#3442 = EDGE_LOOP('',(#3443,#3451,#3457,#3458));
#3443 = ORIENTED_EDGE('',*,*,#3444,.T.);
#3444 = EDGE_CURVE('',#830,#3445,#3447,.T.);
#3445 = VERTEX_POINT('',#3446);
#3446 = CARTESIAN_POINT('',(0.181733988103,-1.087148174009,9.6));
#3447 = LINE('',#3448,#3449);
#3448 = CARTESIAN_POINT('',(0.181733988103,-1.087148174009,10.));
#3449 = VECTOR('',#3450,1.);
#3450 = DIRECTION('',(-0.,-0.,-1.));
#3451 = ORIENTED_EDGE('',*,*,#3452,.T.);
#3452 = EDGE_CURVE('',#3445,#3419,#3453,.T.);
#3453 = LINE('',#3454,#3455);
#3454 = CARTESIAN_POINT('',(0.181733988103,-1.087148174009,9.6));
#3455 = VECTOR('',#3456,1.);
#3456 = DIRECTION('',(1.,0.,0.));
#3457 = ORIENTED_EDGE('',*,*,#3418,.F.);
#3458 = ORIENTED_EDGE('',*,*,#837,.F.);
#3459 = PLANE('',#3460);
#3460 = AXIS2_PLACEMENT_3D('',#3461,#3462,#3463);
#3461 = CARTESIAN_POINT('',(0.181733988103,-1.087148174009,10.));
#3462 = DIRECTION('',(0.,-1.,0.));
#3463 = DIRECTION('',(1.,0.,0.));
#3464 = ADVANCED_FACE('',(#3465),#3483,.T.);
#3465 = FACE_BOUND('',#3466,.T.);
#3466 = EDGE_LOOP('',(#3467,#3475,#3481,#3482));
#3467 = ORIENTED_EDGE('',*,*,#3468,.T.);
#3468 = EDGE_CURVE('',#822,#3469,#3471,.T.);
#3469 = VERTEX_POINT('',#3470);
#3470 = CARTESIAN_POINT('',(7.184897326653E-02,-1.133513159172,9.6));
#3471 = LINE('',#3472,#3473);
#3472 = CARTESIAN_POINT('',(7.184897326654E-02,-1.133513159172,10.));
#3473 = VECTOR('',#3474,1.);
#3474 = DIRECTION('',(-0.,-0.,-1.));
#3475 = ORIENTED_EDGE('',*,*,#3476,.T.);
#3476 = EDGE_CURVE('',#3469,#3445,#3477,.T.);
#3477 = B_SPLINE_CURVE_WITH_KNOTS('',2,(#3478,#3479,#3480),
  .UNSPECIFIED.,.F.,.F.,(3,3),(0.,1.),.PIECEWISE_BEZIER_KNOTS.);
#3478 = CARTESIAN_POINT('',(7.184897326654E-02,-1.133513159172,9.6));
#3479 = CARTESIAN_POINT('',(0.117982133504,-1.087148174009,9.6));
#3480 = CARTESIAN_POINT('',(0.181733988103,-1.087148174009,9.6));
#3481 = ORIENTED_EDGE('',*,*,#3444,.F.);
#3482 = ORIENTED_EDGE('',*,*,#829,.F.);
#3483 = SURFACE_OF_LINEAR_EXTRUSION('',#3484,#3488);
#3484 = B_SPLINE_CURVE_WITH_KNOTS('',2,(#3485,#3486,#3487),
  .UNSPECIFIED.,.F.,.F.,(3,3),(0.,1.),.PIECEWISE_BEZIER_KNOTS.);
#3485 = CARTESIAN_POINT('',(7.184897326654E-02,-1.133513159172,10.));
#3486 = CARTESIAN_POINT('',(0.117982133504,-1.087148174009,10.));
#3487 = CARTESIAN_POINT('',(0.181733988103,-1.087148174009,10.));
#3488 = VECTOR('',#3489,1.);
#3489 = DIRECTION('',(0.,0.,1.));
#3490 = ADVANCED_FACE('',(#3491),#3509,.T.);
#3491 = FACE_BOUND('',#3492,.T.);
#3492 = EDGE_LOOP('',(#3493,#3501,#3507,#3508));
#3493 = ORIENTED_EDGE('',*,*,#3494,.T.);
#3494 = EDGE_CURVE('',#814,#3495,#3497,.T.);
#3495 = VERTEX_POINT('',#3496);
#3496 = CARTESIAN_POINT('',(2.594763795496E-02,-1.237138901012,9.6));
#3497 = LINE('',#3498,#3499);
#3498 = CARTESIAN_POINT('',(2.594763795496E-02,-1.237138901012,10.));
#3499 = VECTOR('',#3500,1.);
#3500 = DIRECTION('',(-0.,-0.,-1.));
#3501 = ORIENTED_EDGE('',*,*,#3502,.T.);
#3502 = EDGE_CURVE('',#3495,#3469,#3503,.T.);
#3503 = B_SPLINE_CURVE_WITH_KNOTS('',2,(#3504,#3505,#3506),
  .UNSPECIFIED.,.F.,.F.,(3,3),(0.,1.),.PIECEWISE_BEZIER_KNOTS.);
#3504 = CARTESIAN_POINT('',(2.594763795496E-02,-1.237138901012,9.6));
#3505 = CARTESIAN_POINT('',(2.594763795496E-02,-1.179878144336,9.6));
#3506 = CARTESIAN_POINT('',(7.184897326654E-02,-1.133513159172,9.6));
#3507 = ORIENTED_EDGE('',*,*,#3468,.F.);
#3508 = ORIENTED_EDGE('',*,*,#821,.F.);
#3509 = SURFACE_OF_LINEAR_EXTRUSION('',#3510,#3514);
#3510 = B_SPLINE_CURVE_WITH_KNOTS('',2,(#3511,#3512,#3513),
  .UNSPECIFIED.,.F.,.F.,(3,3),(0.,1.),.PIECEWISE_BEZIER_KNOTS.);
#3511 = CARTESIAN_POINT('',(2.594763795496E-02,-1.237138901012,10.));
#3512 = CARTESIAN_POINT('',(2.594763795496E-02,-1.179878144336,10.));
#3513 = CARTESIAN_POINT('',(7.184897326654E-02,-1.133513159172,10.));
#3514 = VECTOR('',#3515,1.);
#3515 = DIRECTION('',(0.,0.,1.));
#3516 = ADVANCED_FACE('',(#3517),#3535,.T.);
#3517 = FACE_BOUND('',#3518,.T.);
#3518 = EDGE_LOOP('',(#3519,#3527,#3533,#3534));
#3519 = ORIENTED_EDGE('',*,*,#3520,.T.);
#3520 = EDGE_CURVE('',#806,#3521,#3523,.T.);
#3521 = VERTEX_POINT('',#3522);
#3522 = CARTESIAN_POINT('',(0.267972860507,-1.934931927718,9.6));
#3523 = LINE('',#3524,#3525);
#3524 = CARTESIAN_POINT('',(0.267972860507,-1.934931927718,10.));
#3525 = VECTOR('',#3526,1.);
#3526 = DIRECTION('',(-0.,-0.,-1.));
#3527 = ORIENTED_EDGE('',*,*,#3528,.T.);
#3528 = EDGE_CURVE('',#3521,#3495,#3529,.T.);
#3529 = B_SPLINE_CURVE_WITH_KNOTS('',2,(#3530,#3531,#3532),
  .UNSPECIFIED.,.F.,.F.,(3,3),(0.,1.),.PIECEWISE_BEZIER_KNOTS.);
#3530 = CARTESIAN_POINT('',(0.267972860507,-1.934931927718,9.6));
#3531 = CARTESIAN_POINT('',(2.594763795496E-02,-1.60736330754,9.6));
#3532 = CARTESIAN_POINT('',(2.594763795496E-02,-1.237138901012,9.6));
#3533 = ORIENTED_EDGE('',*,*,#3494,.F.);
#3534 = ORIENTED_EDGE('',*,*,#813,.F.);
#3535 = SURFACE_OF_LINEAR_EXTRUSION('',#3536,#3540);
#3536 = B_SPLINE_CURVE_WITH_KNOTS('',2,(#3537,#3538,#3539),
  .UNSPECIFIED.,.F.,.F.,(3,3),(0.,1.),.PIECEWISE_BEZIER_KNOTS.);
#3537 = CARTESIAN_POINT('',(0.267972860507,-1.934931927718,10.));
#3538 = CARTESIAN_POINT('',(2.594763795496E-02,-1.60736330754,10.));
#3539 = CARTESIAN_POINT('',(2.594763795496E-02,-1.237138901012,10.));
#3540 = VECTOR('',#3541,1.);
#3541 = DIRECTION('',(0.,0.,1.));
#3542 = ADVANCED_FACE('',(#3543),#3561,.T.);
#3543 = FACE_BOUND('',#3544,.T.);
#3544 = EDGE_LOOP('',(#3545,#3553,#3559,#3560));
#3545 = ORIENTED_EDGE('',*,*,#3546,.T.);
#3546 = EDGE_CURVE('',#798,#3547,#3549,.T.);
#3547 = VERTEX_POINT('',#3548);
#3548 = CARTESIAN_POINT('',(0.98037085754,-2.465347357986,9.6));
#3549 = LINE('',#3550,#3551);
#3550 = CARTESIAN_POINT('',(0.98037085754,-2.465347357986,10.));
#3551 = VECTOR('',#3552,1.);
#3552 = DIRECTION('',(-0.,-0.,-1.));
#3553 = ORIENTED_EDGE('',*,*,#3554,.T.);
#3554 = EDGE_CURVE('',#3547,#3521,#3555,.T.);
#3555 = B_SPLINE_CURVE_WITH_KNOTS('',2,(#3556,#3557,#3558),
  .UNSPECIFIED.,.F.,.F.,(3,3),(0.,1.),.PIECEWISE_BEZIER_KNOTS.);
#3556 = CARTESIAN_POINT('',(0.98037085754,-2.465347357986,9.6));
#3557 = CARTESIAN_POINT('',(0.510229907985,-2.262500547897,9.6));
#3558 = CARTESIAN_POINT('',(0.267972860507,-1.934931927718,9.6));
#3559 = ORIENTED_EDGE('',*,*,#3520,.F.);
#3560 = ORIENTED_EDGE('',*,*,#805,.F.);
#3561 = SURFACE_OF_LINEAR_EXTRUSION('',#3562,#3566);
#3562 = B_SPLINE_CURVE_WITH_KNOTS('',2,(#3563,#3564,#3565),
  .UNSPECIFIED.,.F.,.F.,(3,3),(0.,1.),.PIECEWISE_BEZIER_KNOTS.);
#3563 = CARTESIAN_POINT('',(0.98037085754,-2.465347357986,10.));
#3564 = CARTESIAN_POINT('',(0.510229907985,-2.262500547897,10.));
#3565 = CARTESIAN_POINT('',(0.267972860507,-1.934931927718,10.));
#3566 = VECTOR('',#3567,1.);
#3567 = DIRECTION('',(0.,0.,1.));
#3568 = ADVANCED_FACE('',(#3569),#3580,.T.);
#3569 = FACE_BOUND('',#3570,.T.);
#3570 = EDGE_LOOP('',(#3571,#3572,#3578,#3579));
#3571 = ORIENTED_EDGE('',*,*,#2467,.T.);
#3572 = ORIENTED_EDGE('',*,*,#3573,.T.);
#3573 = EDGE_CURVE('',#2460,#3547,#3574,.T.);
#3574 = B_SPLINE_CURVE_WITH_KNOTS('',2,(#3575,#3576,#3577),
  .UNSPECIFIED.,.F.,.F.,(3,3),(0.,1.),.PIECEWISE_BEZIER_KNOTS.);
#3575 = CARTESIAN_POINT('',(2.162677979201,-2.668194168075,9.6));
#3576 = CARTESIAN_POINT('',(1.450511807094,-2.668194168075,9.6));
#3577 = CARTESIAN_POINT('',(0.98037085754,-2.465347357986,9.6));
#3578 = ORIENTED_EDGE('',*,*,#3546,.F.);
#3579 = ORIENTED_EDGE('',*,*,#797,.F.);
#3580 = SURFACE_OF_LINEAR_EXTRUSION('',#3581,#3585);
#3581 = B_SPLINE_CURVE_WITH_KNOTS('',2,(#3582,#3583,#3584),
  .UNSPECIFIED.,.F.,.F.,(3,3),(0.,1.),.PIECEWISE_BEZIER_KNOTS.);
#3582 = CARTESIAN_POINT('',(2.162677979201,-2.668194168075,10.));
#3583 = CARTESIAN_POINT('',(1.450511807094,-2.668194168075,10.));
#3584 = CARTESIAN_POINT('',(0.98037085754,-2.465347357986,10.));
#3585 = VECTOR('',#3586,1.);
#3586 = DIRECTION('',(0.,0.,1.));
#3587 = ADVANCED_FACE('',(#3588,#3598),#3609,.F.);
#3588 = FACE_BOUND('',#3589,.F.);
#3589 = EDGE_LOOP('',(#3590,#3591,#3592,#3593,#3594,#3595,#3596,#3597));
#3590 = ORIENTED_EDGE('',*,*,#1323,.F.);
#3591 = ORIENTED_EDGE('',*,*,#1301,.F.);
#3592 = ORIENTED_EDGE('',*,*,#1268,.F.);
#3593 = ORIENTED_EDGE('',*,*,#1443,.F.);
#3594 = ORIENTED_EDGE('',*,*,#1419,.F.);
#3595 = ORIENTED_EDGE('',*,*,#1395,.F.);
#3596 = ORIENTED_EDGE('',*,*,#1371,.F.);
#3597 = ORIENTED_EDGE('',*,*,#1347,.F.);
#3598 = FACE_BOUND('',#3599,.F.);
#3599 = EDGE_LOOP('',(#3600));
#3600 = ORIENTED_EDGE('',*,*,#3601,.T.);
#3601 = EDGE_CURVE('',#3602,#3602,#3604,.T.);
#3602 = VERTEX_POINT('',#3603);
#3603 = CARTESIAN_POINT('',(2.75,0.,8.8));
#3604 = CIRCLE('',#3605,2.75);
#3605 = AXIS2_PLACEMENT_3D('',#3606,#3607,#3608);
#3606 = CARTESIAN_POINT('',(0.,0.,8.8));
#3607 = DIRECTION('',(0.,0.,-1.));
#3608 = DIRECTION('',(1.,0.,0.));
#3609 = PLANE('',#3610);
#3610 = AXIS2_PLACEMENT_3D('',#3611,#3612,#3613);
#3611 = CARTESIAN_POINT('',(-7.1E-16,2.2E-16,8.8));
#3612 = DIRECTION('',(0.,0.,1.));
#3613 = DIRECTION('',(1.,0.,0.));
#3614 = ADVANCED_FACE('',(#3615),#3652,.T.);
#3615 = FACE_BOUND('',#3616,.T.);
#3616 = EDGE_LOOP('',(#3617,#3618,#3619,#3620,#3621,#3622,#3623,#3624,
    #3625,#3626,#3627,#3628,#3629,#3630,#3631,#3632,#3633,#3634,#3635,
    #3636,#3637,#3638,#3639,#3640,#3641,#3642,#3643,#3644,#3645,#3646,
    #3647,#3648,#3649,#3650,#3651));
#3617 = ORIENTED_EDGE('',*,*,#2433,.F.);
#3618 = ORIENTED_EDGE('',*,*,#1553,.F.);
#3619 = ORIENTED_EDGE('',*,*,#1586,.F.);
#3620 = ORIENTED_EDGE('',*,*,#1612,.F.);
#3621 = ORIENTED_EDGE('',*,*,#1638,.F.);
#3622 = ORIENTED_EDGE('',*,*,#1664,.F.);
#3623 = ORIENTED_EDGE('',*,*,#1690,.F.);
#3624 = ORIENTED_EDGE('',*,*,#1716,.F.);
#3625 = ORIENTED_EDGE('',*,*,#1740,.F.);
#3626 = ORIENTED_EDGE('',*,*,#1766,.F.);
#3627 = ORIENTED_EDGE('',*,*,#1792,.F.);
#3628 = ORIENTED_EDGE('',*,*,#1818,.F.);
#3629 = ORIENTED_EDGE('',*,*,#1844,.F.);
#3630 = ORIENTED_EDGE('',*,*,#1870,.F.);
#3631 = ORIENTED_EDGE('',*,*,#1896,.F.);
#3632 = ORIENTED_EDGE('',*,*,#1922,.F.);
#3633 = ORIENTED_EDGE('',*,*,#1948,.F.);
#3634 = ORIENTED_EDGE('',*,*,#1974,.F.);
#3635 = ORIENTED_EDGE('',*,*,#2000,.F.);
#3636 = ORIENTED_EDGE('',*,*,#2026,.F.);
#3637 = ORIENTED_EDGE('',*,*,#2052,.F.);
#3638 = ORIENTED_EDGE('',*,*,#2078,.F.);
#3639 = ORIENTED_EDGE('',*,*,#2102,.F.);
#3640 = ORIENTED_EDGE('',*,*,#2128,.F.);
#3641 = ORIENTED_EDGE('',*,*,#2154,.F.);
#3642 = ORIENTED_EDGE('',*,*,#2180,.F.);
#3643 = ORIENTED_EDGE('',*,*,#2206,.F.);
#3644 = ORIENTED_EDGE('',*,*,#2232,.F.);
#3645 = ORIENTED_EDGE('',*,*,#2258,.F.);
#3646 = ORIENTED_EDGE('',*,*,#2284,.F.);
#3647 = ORIENTED_EDGE('',*,*,#2310,.F.);
#3648 = ORIENTED_EDGE('',*,*,#2336,.F.);
#3649 = ORIENTED_EDGE('',*,*,#2362,.F.);
#3650 = ORIENTED_EDGE('',*,*,#2388,.F.);
#3651 = ORIENTED_EDGE('',*,*,#2414,.F.);
#3652 = PLANE('',#3653);
#3653 = AXIS2_PLACEMENT_3D('',#3654,#3655,#3656);
#3654 = CARTESIAN_POINT('',(-2.649367124939,-0.102183809175,9.6));
#3655 = DIRECTION('',(0.,0.,1.));
#3656 = DIRECTION('',(1.,0.,0.));
#3657 = ADVANCED_FACE('',(#3658),#3704,.T.);
#3658 = FACE_BOUND('',#3659,.T.);
#3659 = EDGE_LOOP('',(#3660,#3661,#3662,#3663,#3664,#3665,#3666,#3667,
    #3668,#3669,#3670,#3671,#3672,#3673,#3674,#3675,#3676,#3677,#3678,
    #3679,#3680,#3681,#3682,#3683,#3684,#3685,#3686,#3687,#3688,#3689,
    #3690,#3691,#3692,#3693,#3694,#3695,#3696,#3697,#3698,#3699,#3700,
    #3701,#3702,#3703));
#3660 = ORIENTED_EDGE('',*,*,#3573,.F.);
#3661 = ORIENTED_EDGE('',*,*,#2459,.F.);
#3662 = ORIENTED_EDGE('',*,*,#2492,.F.);
#3663 = ORIENTED_EDGE('',*,*,#2518,.F.);
#3664 = ORIENTED_EDGE('',*,*,#2544,.F.);
#3665 = ORIENTED_EDGE('',*,*,#2570,.F.);
#3666 = ORIENTED_EDGE('',*,*,#2596,.F.);
#3667 = ORIENTED_EDGE('',*,*,#2622,.F.);
#3668 = ORIENTED_EDGE('',*,*,#2648,.F.);
#3669 = ORIENTED_EDGE('',*,*,#2674,.F.);
#3670 = ORIENTED_EDGE('',*,*,#2700,.F.);
#3671 = ORIENTED_EDGE('',*,*,#2726,.F.);
#3672 = ORIENTED_EDGE('',*,*,#2752,.F.);
#3673 = ORIENTED_EDGE('',*,*,#2778,.F.);
#3674 = ORIENTED_EDGE('',*,*,#2804,.F.);
#3675 = ORIENTED_EDGE('',*,*,#2830,.F.);
#3676 = ORIENTED_EDGE('',*,*,#2856,.F.);
#3677 = ORIENTED_EDGE('',*,*,#2880,.F.);
#3678 = ORIENTED_EDGE('',*,*,#2906,.F.);
#3679 = ORIENTED_EDGE('',*,*,#2932,.F.);
#3680 = ORIENTED_EDGE('',*,*,#2958,.F.);
#3681 = ORIENTED_EDGE('',*,*,#2984,.F.);
#3682 = ORIENTED_EDGE('',*,*,#3010,.F.);
#3683 = ORIENTED_EDGE('',*,*,#3036,.F.);
#3684 = ORIENTED_EDGE('',*,*,#3062,.F.);
#3685 = ORIENTED_EDGE('',*,*,#3088,.F.);
#3686 = ORIENTED_EDGE('',*,*,#3114,.F.);
#3687 = ORIENTED_EDGE('',*,*,#3140,.F.);
#3688 = ORIENTED_EDGE('',*,*,#3166,.F.);
#3689 = ORIENTED_EDGE('',*,*,#3192,.F.);
#3690 = ORIENTED_EDGE('',*,*,#3218,.F.);
#3691 = ORIENTED_EDGE('',*,*,#3244,.F.);
#3692 = ORIENTED_EDGE('',*,*,#3270,.F.);
#3693 = ORIENTED_EDGE('',*,*,#3296,.F.);
#3694 = ORIENTED_EDGE('',*,*,#3322,.F.);
#3695 = ORIENTED_EDGE('',*,*,#3348,.F.);
#3696 = ORIENTED_EDGE('',*,*,#3374,.F.);
#3697 = ORIENTED_EDGE('',*,*,#3400,.F.);
#3698 = ORIENTED_EDGE('',*,*,#3426,.F.);
#3699 = ORIENTED_EDGE('',*,*,#3452,.F.);
#3700 = ORIENTED_EDGE('',*,*,#3476,.F.);
#3701 = ORIENTED_EDGE('',*,*,#3502,.F.);
#3702 = ORIENTED_EDGE('',*,*,#3528,.F.);
#3703 = ORIENTED_EDGE('',*,*,#3554,.F.);
#3704 = PLANE('',#3705);
#3705 = AXIS2_PLACEMENT_3D('',#3706,#3707,#3708);
#3706 = CARTESIAN_POINT('',(2.16707882682,-0.138032354483,9.6));
#3707 = DIRECTION('',(0.,0.,1.));
#3708 = DIRECTION('',(1.,0.,0.));
#3709 = ADVANCED_FACE('',(#3710),#3729,.T.);
#3710 = FACE_BOUND('',#3711,.F.);
#3711 = EDGE_LOOP('',(#3712,#3720,#3727,#3728));
#3712 = ORIENTED_EDGE('',*,*,#3713,.T.);
#3713 = EDGE_CURVE('',#3602,#3714,#3716,.T.);
#3714 = VERTEX_POINT('',#3715);
#3715 = CARTESIAN_POINT('',(2.75,0.,2.1));
#3716 = LINE('',#3717,#3718);
#3717 = CARTESIAN_POINT('',(2.75,0.,8.8));
#3718 = VECTOR('',#3719,1.);
#3719 = DIRECTION('',(0.,0.,-1.));
#3720 = ORIENTED_EDGE('',*,*,#3721,.T.);
#3721 = EDGE_CURVE('',#3714,#3714,#3722,.T.);
#3722 = CIRCLE('',#3723,2.75);
#3723 = AXIS2_PLACEMENT_3D('',#3724,#3725,#3726);
#3724 = CARTESIAN_POINT('',(0.,0.,2.1));
#3725 = DIRECTION('',(0.,0.,-1.));
#3726 = DIRECTION('',(1.,0.,0.));
#3727 = ORIENTED_EDGE('',*,*,#3713,.F.);
#3728 = ORIENTED_EDGE('',*,*,#3601,.F.);
#3729 = CYLINDRICAL_SURFACE('',#3730,2.75);
#3730 = AXIS2_PLACEMENT_3D('',#3731,#3732,#3733);
#3731 = CARTESIAN_POINT('',(0.,0.,8.8));
#3732 = DIRECTION('',(0.,0.,1.));
#3733 = DIRECTION('',(1.,0.,0.));
#3734 = ADVANCED_FACE('',(#3735,#3738),#3872,.F.);
#3735 = FACE_BOUND('',#3736,.F.);
#3736 = EDGE_LOOP('',(#3737));
#3737 = ORIENTED_EDGE('',*,*,#3721,.F.);
#3738 = FACE_BOUND('',#3739,.F.);
#3739 = EDGE_LOOP('',(#3740,#3750,#3758,#3766,#3775,#3783,#3791,#3799,
    #3808,#3816,#3824,#3832,#3841,#3849,#3857,#3865));
#3740 = ORIENTED_EDGE('',*,*,#3741,.F.);
#3741 = EDGE_CURVE('',#3742,#3744,#3746,.T.);
#3742 = VERTEX_POINT('',#3743);
#3743 = CARTESIAN_POINT('',(-2.05,-0.59,2.1));
#3744 = VERTEX_POINT('',#3745);
#3745 = CARTESIAN_POINT('',(-0.88,-0.59,2.1));
#3746 = LINE('',#3747,#3748);
#3747 = CARTESIAN_POINT('',(-2.05,-0.59,2.1));
#3748 = VECTOR('',#3749,1.);
#3749 = DIRECTION('',(1.,0.,0.));
#3750 = ORIENTED_EDGE('',*,*,#3751,.F.);
#3751 = EDGE_CURVE('',#3752,#3742,#3754,.T.);
#3752 = VERTEX_POINT('',#3753);
#3753 = CARTESIAN_POINT('',(-2.05,0.58,2.1));
#3754 = LINE('',#3755,#3756);
#3755 = CARTESIAN_POINT('',(-2.05,0.58,2.1));
#3756 = VECTOR('',#3757,1.);
#3757 = DIRECTION('',(0.,-1.,0.));
#3758 = ORIENTED_EDGE('',*,*,#3759,.F.);
#3759 = EDGE_CURVE('',#3760,#3752,#3762,.T.);
#3760 = VERTEX_POINT('',#3761);
#3761 = CARTESIAN_POINT('',(-0.89,0.58,2.1));
#3762 = LINE('',#3763,#3764);
#3763 = CARTESIAN_POINT('',(-0.89,0.58,2.1));
#3764 = VECTOR('',#3765,1.);
#3765 = DIRECTION('',(-1.,0.,0.));
#3766 = ORIENTED_EDGE('',*,*,#3767,.F.);
#3767 = EDGE_CURVE('',#3768,#3760,#3770,.T.);
#3768 = VERTEX_POINT('',#3769);
#3769 = CARTESIAN_POINT('',(-0.59,0.88,2.1));
#3770 = CIRCLE('',#3771,0.3);
#3771 = AXIS2_PLACEMENT_3D('',#3772,#3773,#3774);
#3772 = CARTESIAN_POINT('',(-0.89,0.88,2.1));
#3773 = DIRECTION('',(0.,0.,-1.));
#3774 = DIRECTION('',(1.,0.,0.));
#3775 = ORIENTED_EDGE('',*,*,#3776,.F.);
#3776 = EDGE_CURVE('',#3777,#3768,#3779,.T.);
#3777 = VERTEX_POINT('',#3778);
#3778 = CARTESIAN_POINT('',(-0.59,2.05,2.1));
#3779 = LINE('',#3780,#3781);
#3780 = CARTESIAN_POINT('',(-0.59,2.05,2.1));
#3781 = VECTOR('',#3782,1.);
#3782 = DIRECTION('',(0.,-1.,0.));
#3783 = ORIENTED_EDGE('',*,*,#3784,.F.);
#3784 = EDGE_CURVE('',#3785,#3777,#3787,.T.);
#3785 = VERTEX_POINT('',#3786);
#3786 = CARTESIAN_POINT('',(0.58,2.05,2.1));
#3787 = LINE('',#3788,#3789);
#3788 = CARTESIAN_POINT('',(0.58,2.05,2.1));
#3789 = VECTOR('',#3790,1.);
#3790 = DIRECTION('',(-1.,0.,0.));
#3791 = ORIENTED_EDGE('',*,*,#3792,.F.);
#3792 = EDGE_CURVE('',#3793,#3785,#3795,.T.);
#3793 = VERTEX_POINT('',#3794);
#3794 = CARTESIAN_POINT('',(0.58,0.89,2.1));
#3795 = LINE('',#3796,#3797);
#3796 = CARTESIAN_POINT('',(0.58,0.89,2.1));
#3797 = VECTOR('',#3798,1.);
#3798 = DIRECTION('',(0.,1.,0.));
#3799 = ORIENTED_EDGE('',*,*,#3800,.F.);
#3800 = EDGE_CURVE('',#3801,#3793,#3803,.T.);
#3801 = VERTEX_POINT('',#3802);
#3802 = CARTESIAN_POINT('',(0.88,0.59,2.1));
#3803 = CIRCLE('',#3804,0.3);
#3804 = AXIS2_PLACEMENT_3D('',#3805,#3806,#3807);
#3805 = CARTESIAN_POINT('',(0.88,0.89,2.1));
#3806 = DIRECTION('',(0.,0.,-1.));
#3807 = DIRECTION('',(1.,0.,0.));
#3808 = ORIENTED_EDGE('',*,*,#3809,.F.);
#3809 = EDGE_CURVE('',#3810,#3801,#3812,.T.);
#3810 = VERTEX_POINT('',#3811);
#3811 = CARTESIAN_POINT('',(2.05,0.59,2.1));
#3812 = LINE('',#3813,#3814);
#3813 = CARTESIAN_POINT('',(2.05,0.59,2.1));
#3814 = VECTOR('',#3815,1.);
#3815 = DIRECTION('',(-1.,0.,0.));
#3816 = ORIENTED_EDGE('',*,*,#3817,.F.);
#3817 = EDGE_CURVE('',#3818,#3810,#3820,.T.);
#3818 = VERTEX_POINT('',#3819);
#3819 = CARTESIAN_POINT('',(2.05,-0.58,2.1));
#3820 = LINE('',#3821,#3822);
#3821 = CARTESIAN_POINT('',(2.05,-0.58,2.1));
#3822 = VECTOR('',#3823,1.);
#3823 = DIRECTION('',(0.,1.,0.));
#3824 = ORIENTED_EDGE('',*,*,#3825,.F.);
#3825 = EDGE_CURVE('',#3826,#3818,#3828,.T.);
#3826 = VERTEX_POINT('',#3827);
#3827 = CARTESIAN_POINT('',(0.89,-0.58,2.1));
#3828 = LINE('',#3829,#3830);
#3829 = CARTESIAN_POINT('',(0.89,-0.58,2.1));
#3830 = VECTOR('',#3831,1.);
#3831 = DIRECTION('',(1.,0.,0.));
#3832 = ORIENTED_EDGE('',*,*,#3833,.F.);
#3833 = EDGE_CURVE('',#3834,#3826,#3836,.T.);
#3834 = VERTEX_POINT('',#3835);
#3835 = CARTESIAN_POINT('',(0.59,-0.88,2.1));
#3836 = CIRCLE('',#3837,0.3);
#3837 = AXIS2_PLACEMENT_3D('',#3838,#3839,#3840);
#3838 = CARTESIAN_POINT('',(0.89,-0.88,2.1));
#3839 = DIRECTION('',(0.,0.,-1.));
#3840 = DIRECTION('',(1.,0.,0.));
#3841 = ORIENTED_EDGE('',*,*,#3842,.F.);
#3842 = EDGE_CURVE('',#3843,#3834,#3845,.T.);
#3843 = VERTEX_POINT('',#3844);
#3844 = CARTESIAN_POINT('',(0.59,-2.05,2.1));
#3845 = LINE('',#3846,#3847);
#3846 = CARTESIAN_POINT('',(0.59,-2.05,2.1));
#3847 = VECTOR('',#3848,1.);
#3848 = DIRECTION('',(0.,1.,0.));
#3849 = ORIENTED_EDGE('',*,*,#3850,.F.);
#3850 = EDGE_CURVE('',#3851,#3843,#3853,.T.);
#3851 = VERTEX_POINT('',#3852);
#3852 = CARTESIAN_POINT('',(-0.58,-2.05,2.1));
#3853 = LINE('',#3854,#3855);
#3854 = CARTESIAN_POINT('',(-0.58,-2.05,2.1));
#3855 = VECTOR('',#3856,1.);
#3856 = DIRECTION('',(1.,0.,0.));
#3857 = ORIENTED_EDGE('',*,*,#3858,.F.);
#3858 = EDGE_CURVE('',#3859,#3851,#3861,.T.);
#3859 = VERTEX_POINT('',#3860);
#3860 = CARTESIAN_POINT('',(-0.58,-0.89,2.1));
#3861 = LINE('',#3862,#3863);
#3862 = CARTESIAN_POINT('',(-0.58,-0.89,2.1));
#3863 = VECTOR('',#3864,1.);
#3864 = DIRECTION('',(0.,-1.,0.));
#3865 = ORIENTED_EDGE('',*,*,#3866,.F.);
#3866 = EDGE_CURVE('',#3744,#3859,#3867,.T.);
#3867 = CIRCLE('',#3868,0.3);
#3868 = AXIS2_PLACEMENT_3D('',#3869,#3870,#3871);
#3869 = CARTESIAN_POINT('',(-0.88,-0.89,2.1));
#3870 = DIRECTION('',(0.,0.,-1.));
#3871 = DIRECTION('',(1.,0.,0.));
#3872 = PLANE('',#3873);
#3873 = AXIS2_PLACEMENT_3D('',#3874,#3875,#3876);
#3874 = CARTESIAN_POINT('',(-1.9E-16,1.1E-16,2.1));
#3875 = DIRECTION('',(0.,0.,1.));
#3876 = DIRECTION('',(1.,0.,0.));
#3877 = ADVANCED_FACE('',(#3878),#3903,.T.);
#3878 = FACE_BOUND('',#3879,.T.);
#3879 = EDGE_LOOP('',(#3880,#3888,#3896,#3902));
#3880 = ORIENTED_EDGE('',*,*,#3881,.T.);
#3881 = EDGE_CURVE('',#3742,#3882,#3884,.T.);
#3882 = VERTEX_POINT('',#3883);
#3883 = CARTESIAN_POINT('',(-2.05,-0.59,7.1));
#3884 = LINE('',#3885,#3886);
#3885 = CARTESIAN_POINT('',(-2.05,-0.59,2.1));
#3886 = VECTOR('',#3887,1.);
#3887 = DIRECTION('',(0.,0.,1.));
#3888 = ORIENTED_EDGE('',*,*,#3889,.T.);
#3889 = EDGE_CURVE('',#3882,#3890,#3892,.T.);
#3890 = VERTEX_POINT('',#3891);
#3891 = CARTESIAN_POINT('',(-0.88,-0.59,7.1));
#3892 = LINE('',#3893,#3894);
#3893 = CARTESIAN_POINT('',(-2.05,-0.59,7.1));
#3894 = VECTOR('',#3895,1.);
#3895 = DIRECTION('',(1.,0.,0.));
#3896 = ORIENTED_EDGE('',*,*,#3897,.F.);
#3897 = EDGE_CURVE('',#3744,#3890,#3898,.T.);
#3898 = LINE('',#3899,#3900);
#3899 = CARTESIAN_POINT('',(-0.88,-0.59,2.1));
#3900 = VECTOR('',#3901,1.);
#3901 = DIRECTION('',(0.,0.,1.));
#3902 = ORIENTED_EDGE('',*,*,#3741,.F.);
#3903 = PLANE('',#3904);
#3904 = AXIS2_PLACEMENT_3D('',#3905,#3906,#3907);
#3905 = CARTESIAN_POINT('',(-2.05,-0.59,2.1));
#3906 = DIRECTION('',(0.,1.,0.));
#3907 = DIRECTION('',(1.,0.,0.));
#3908 = ADVANCED_FACE('',(#3909),#3928,.T.);
#3909 = FACE_BOUND('',#3910,.T.);
#3910 = EDGE_LOOP('',(#3911,#3912,#3921,#3927));
#3911 = ORIENTED_EDGE('',*,*,#3897,.T.);
#3912 = ORIENTED_EDGE('',*,*,#3913,.T.);
#3913 = EDGE_CURVE('',#3890,#3914,#3916,.T.);
#3914 = VERTEX_POINT('',#3915);
#3915 = CARTESIAN_POINT('',(-0.58,-0.89,7.1));
#3916 = CIRCLE('',#3917,0.3);
#3917 = AXIS2_PLACEMENT_3D('',#3918,#3919,#3920);
#3918 = CARTESIAN_POINT('',(-0.88,-0.89,7.1));
#3919 = DIRECTION('',(0.,0.,-1.));
#3920 = DIRECTION('',(1.,0.,0.));
#3921 = ORIENTED_EDGE('',*,*,#3922,.F.);
#3922 = EDGE_CURVE('',#3859,#3914,#3923,.T.);
#3923 = LINE('',#3924,#3925);
#3924 = CARTESIAN_POINT('',(-0.58,-0.89,2.1));
#3925 = VECTOR('',#3926,1.);
#3926 = DIRECTION('',(0.,0.,1.));
#3927 = ORIENTED_EDGE('',*,*,#3866,.F.);
#3928 = CYLINDRICAL_SURFACE('',#3929,0.3);
#3929 = AXIS2_PLACEMENT_3D('',#3930,#3931,#3932);
#3930 = CARTESIAN_POINT('',(-0.88,-0.89,2.1));
#3931 = DIRECTION('',(0.,0.,-1.));
#3932 = DIRECTION('',(1.,0.,0.));
#3933 = ADVANCED_FACE('',(#3934),#3952,.T.);
#3934 = FACE_BOUND('',#3935,.T.);
#3935 = EDGE_LOOP('',(#3936,#3937,#3945,#3951));
#3936 = ORIENTED_EDGE('',*,*,#3922,.T.);
#3937 = ORIENTED_EDGE('',*,*,#3938,.T.);
#3938 = EDGE_CURVE('',#3914,#3939,#3941,.T.);
#3939 = VERTEX_POINT('',#3940);
#3940 = CARTESIAN_POINT('',(-0.58,-2.05,7.1));
#3941 = LINE('',#3942,#3943);
#3942 = CARTESIAN_POINT('',(-0.58,-0.89,7.1));
#3943 = VECTOR('',#3944,1.);
#3944 = DIRECTION('',(0.,-1.,0.));
#3945 = ORIENTED_EDGE('',*,*,#3946,.F.);
#3946 = EDGE_CURVE('',#3851,#3939,#3947,.T.);
#3947 = LINE('',#3948,#3949);
#3948 = CARTESIAN_POINT('',(-0.58,-2.05,2.1));
#3949 = VECTOR('',#3950,1.);
#3950 = DIRECTION('',(0.,0.,1.));
#3951 = ORIENTED_EDGE('',*,*,#3858,.F.);
#3952 = PLANE('',#3953);
#3953 = AXIS2_PLACEMENT_3D('',#3954,#3955,#3956);
#3954 = CARTESIAN_POINT('',(-0.58,-0.89,2.1));
#3955 = DIRECTION('',(1.,0.,0.));
#3956 = DIRECTION('',(0.,-1.,0.));
#3957 = ADVANCED_FACE('',(#3958),#3976,.T.);
#3958 = FACE_BOUND('',#3959,.T.);
#3959 = EDGE_LOOP('',(#3960,#3961,#3969,#3975));
#3960 = ORIENTED_EDGE('',*,*,#3946,.T.);
#3961 = ORIENTED_EDGE('',*,*,#3962,.T.);
#3962 = EDGE_CURVE('',#3939,#3963,#3965,.T.);
#3963 = VERTEX_POINT('',#3964);
#3964 = CARTESIAN_POINT('',(0.59,-2.05,7.1));
#3965 = LINE('',#3966,#3967);
#3966 = CARTESIAN_POINT('',(-0.58,-2.05,7.1));
#3967 = VECTOR('',#3968,1.);
#3968 = DIRECTION('',(1.,0.,0.));
#3969 = ORIENTED_EDGE('',*,*,#3970,.F.);
#3970 = EDGE_CURVE('',#3843,#3963,#3971,.T.);
#3971 = LINE('',#3972,#3973);
#3972 = CARTESIAN_POINT('',(0.59,-2.05,2.1));
#3973 = VECTOR('',#3974,1.);
#3974 = DIRECTION('',(0.,0.,1.));
#3975 = ORIENTED_EDGE('',*,*,#3850,.F.);
#3976 = PLANE('',#3977);
#3977 = AXIS2_PLACEMENT_3D('',#3978,#3979,#3980);
#3978 = CARTESIAN_POINT('',(-0.58,-2.05,2.1));
#3979 = DIRECTION('',(0.,1.,0.));
#3980 = DIRECTION('',(1.,0.,0.));
#3981 = ADVANCED_FACE('',(#3982),#4000,.T.);
#3982 = FACE_BOUND('',#3983,.T.);
#3983 = EDGE_LOOP('',(#3984,#3985,#3993,#3999));
#3984 = ORIENTED_EDGE('',*,*,#3970,.T.);
#3985 = ORIENTED_EDGE('',*,*,#3986,.T.);
#3986 = EDGE_CURVE('',#3963,#3987,#3989,.T.);
#3987 = VERTEX_POINT('',#3988);
#3988 = CARTESIAN_POINT('',(0.59,-0.88,7.1));
#3989 = LINE('',#3990,#3991);
#3990 = CARTESIAN_POINT('',(0.59,-2.05,7.1));
#3991 = VECTOR('',#3992,1.);
#3992 = DIRECTION('',(0.,1.,0.));
#3993 = ORIENTED_EDGE('',*,*,#3994,.F.);
#3994 = EDGE_CURVE('',#3834,#3987,#3995,.T.);
#3995 = LINE('',#3996,#3997);
#3996 = CARTESIAN_POINT('',(0.59,-0.88,2.1));
#3997 = VECTOR('',#3998,1.);
#3998 = DIRECTION('',(0.,0.,1.));
#3999 = ORIENTED_EDGE('',*,*,#3842,.F.);
#4000 = PLANE('',#4001);
#4001 = AXIS2_PLACEMENT_3D('',#4002,#4003,#4004);
#4002 = CARTESIAN_POINT('',(0.59,-2.05,2.1));
#4003 = DIRECTION('',(-1.,0.,0.));
#4004 = DIRECTION('',(0.,1.,0.));
#4005 = ADVANCED_FACE('',(#4006),#4025,.T.);
#4006 = FACE_BOUND('',#4007,.T.);
#4007 = EDGE_LOOP('',(#4008,#4009,#4018,#4024));
#4008 = ORIENTED_EDGE('',*,*,#3994,.T.);
#4009 = ORIENTED_EDGE('',*,*,#4010,.T.);
#4010 = EDGE_CURVE('',#3987,#4011,#4013,.T.);
#4011 = VERTEX_POINT('',#4012);
#4012 = CARTESIAN_POINT('',(0.89,-0.58,7.1));
#4013 = CIRCLE('',#4014,0.3);
#4014 = AXIS2_PLACEMENT_3D('',#4015,#4016,#4017);
#4015 = CARTESIAN_POINT('',(0.89,-0.88,7.1));
#4016 = DIRECTION('',(0.,0.,-1.));
#4017 = DIRECTION('',(1.,0.,0.));
#4018 = ORIENTED_EDGE('',*,*,#4019,.F.);
#4019 = EDGE_CURVE('',#3826,#4011,#4020,.T.);
#4020 = LINE('',#4021,#4022);
#4021 = CARTESIAN_POINT('',(0.89,-0.58,2.1));
#4022 = VECTOR('',#4023,1.);
#4023 = DIRECTION('',(0.,0.,1.));
#4024 = ORIENTED_EDGE('',*,*,#3833,.F.);
#4025 = CYLINDRICAL_SURFACE('',#4026,0.3);
#4026 = AXIS2_PLACEMENT_3D('',#4027,#4028,#4029);
#4027 = CARTESIAN_POINT('',(0.89,-0.88,2.1));
#4028 = DIRECTION('',(0.,0.,-1.));
#4029 = DIRECTION('',(1.,0.,0.));
#4030 = ADVANCED_FACE('',(#4031),#4049,.T.);
#4031 = FACE_BOUND('',#4032,.T.);
#4032 = EDGE_LOOP('',(#4033,#4034,#4042,#4048));
#4033 = ORIENTED_EDGE('',*,*,#4019,.T.);
#4034 = ORIENTED_EDGE('',*,*,#4035,.T.);
#4035 = EDGE_CURVE('',#4011,#4036,#4038,.T.);
#4036 = VERTEX_POINT('',#4037);
#4037 = CARTESIAN_POINT('',(2.05,-0.58,7.1));
#4038 = LINE('',#4039,#4040);
#4039 = CARTESIAN_POINT('',(0.89,-0.58,7.1));
#4040 = VECTOR('',#4041,1.);
#4041 = DIRECTION('',(1.,0.,0.));
#4042 = ORIENTED_EDGE('',*,*,#4043,.F.);
#4043 = EDGE_CURVE('',#3818,#4036,#4044,.T.);
#4044 = LINE('',#4045,#4046);
#4045 = CARTESIAN_POINT('',(2.05,-0.58,2.1));
#4046 = VECTOR('',#4047,1.);
#4047 = DIRECTION('',(0.,0.,1.));
#4048 = ORIENTED_EDGE('',*,*,#3825,.F.);
#4049 = PLANE('',#4050);
#4050 = AXIS2_PLACEMENT_3D('',#4051,#4052,#4053);
#4051 = CARTESIAN_POINT('',(0.89,-0.58,2.1));
#4052 = DIRECTION('',(0.,1.,0.));
#4053 = DIRECTION('',(1.,0.,0.));
#4054 = ADVANCED_FACE('',(#4055),#4073,.T.);
#4055 = FACE_BOUND('',#4056,.T.);
#4056 = EDGE_LOOP('',(#4057,#4058,#4066,#4072));
#4057 = ORIENTED_EDGE('',*,*,#4043,.T.);
#4058 = ORIENTED_EDGE('',*,*,#4059,.T.);
#4059 = EDGE_CURVE('',#4036,#4060,#4062,.T.);
#4060 = VERTEX_POINT('',#4061);
#4061 = CARTESIAN_POINT('',(2.05,0.59,7.1));
#4062 = LINE('',#4063,#4064);
#4063 = CARTESIAN_POINT('',(2.05,-0.58,7.1));
#4064 = VECTOR('',#4065,1.);
#4065 = DIRECTION('',(0.,1.,0.));
#4066 = ORIENTED_EDGE('',*,*,#4067,.F.);
#4067 = EDGE_CURVE('',#3810,#4060,#4068,.T.);
#4068 = LINE('',#4069,#4070);
#4069 = CARTESIAN_POINT('',(2.05,0.59,2.1));
#4070 = VECTOR('',#4071,1.);
#4071 = DIRECTION('',(0.,0.,1.));
#4072 = ORIENTED_EDGE('',*,*,#3817,.F.);
#4073 = PLANE('',#4074);
#4074 = AXIS2_PLACEMENT_3D('',#4075,#4076,#4077);
#4075 = CARTESIAN_POINT('',(2.05,-0.58,2.1));
#4076 = DIRECTION('',(-1.,0.,0.));
#4077 = DIRECTION('',(0.,1.,0.));
#4078 = ADVANCED_FACE('',(#4079),#4097,.T.);
#4079 = FACE_BOUND('',#4080,.T.);
#4080 = EDGE_LOOP('',(#4081,#4082,#4090,#4096));
#4081 = ORIENTED_EDGE('',*,*,#4067,.T.);
#4082 = ORIENTED_EDGE('',*,*,#4083,.T.);
#4083 = EDGE_CURVE('',#4060,#4084,#4086,.T.);
#4084 = VERTEX_POINT('',#4085);
#4085 = CARTESIAN_POINT('',(0.88,0.59,7.1));
#4086 = LINE('',#4087,#4088);
#4087 = CARTESIAN_POINT('',(2.05,0.59,7.1));
#4088 = VECTOR('',#4089,1.);
#4089 = DIRECTION('',(-1.,0.,0.));
#4090 = ORIENTED_EDGE('',*,*,#4091,.F.);
#4091 = EDGE_CURVE('',#3801,#4084,#4092,.T.);
#4092 = LINE('',#4093,#4094);
#4093 = CARTESIAN_POINT('',(0.88,0.59,2.1));
#4094 = VECTOR('',#4095,1.);
#4095 = DIRECTION('',(0.,0.,1.));
#4096 = ORIENTED_EDGE('',*,*,#3809,.F.);
#4097 = PLANE('',#4098);
#4098 = AXIS2_PLACEMENT_3D('',#4099,#4100,#4101);
#4099 = CARTESIAN_POINT('',(2.05,0.59,2.1));
#4100 = DIRECTION('',(0.,-1.,0.));
#4101 = DIRECTION('',(-1.,0.,0.));
#4102 = ADVANCED_FACE('',(#4103),#4122,.T.);
#4103 = FACE_BOUND('',#4104,.T.);
#4104 = EDGE_LOOP('',(#4105,#4106,#4115,#4121));
#4105 = ORIENTED_EDGE('',*,*,#4091,.T.);
#4106 = ORIENTED_EDGE('',*,*,#4107,.T.);
#4107 = EDGE_CURVE('',#4084,#4108,#4110,.T.);
#4108 = VERTEX_POINT('',#4109);
#4109 = CARTESIAN_POINT('',(0.58,0.89,7.1));
#4110 = CIRCLE('',#4111,0.3);
#4111 = AXIS2_PLACEMENT_3D('',#4112,#4113,#4114);
#4112 = CARTESIAN_POINT('',(0.88,0.89,7.1));
#4113 = DIRECTION('',(0.,0.,-1.));
#4114 = DIRECTION('',(1.,0.,0.));
#4115 = ORIENTED_EDGE('',*,*,#4116,.F.);
#4116 = EDGE_CURVE('',#3793,#4108,#4117,.T.);
#4117 = LINE('',#4118,#4119);
#4118 = CARTESIAN_POINT('',(0.58,0.89,2.1));
#4119 = VECTOR('',#4120,1.);
#4120 = DIRECTION('',(0.,0.,1.));
#4121 = ORIENTED_EDGE('',*,*,#3800,.F.);
#4122 = CYLINDRICAL_SURFACE('',#4123,0.3);
#4123 = AXIS2_PLACEMENT_3D('',#4124,#4125,#4126);
#4124 = CARTESIAN_POINT('',(0.88,0.89,2.1));
#4125 = DIRECTION('',(0.,0.,-1.));
#4126 = DIRECTION('',(1.,0.,0.));
#4127 = ADVANCED_FACE('',(#4128),#4146,.T.);
#4128 = FACE_BOUND('',#4129,.T.);
#4129 = EDGE_LOOP('',(#4130,#4131,#4139,#4145));
#4130 = ORIENTED_EDGE('',*,*,#4116,.T.);
#4131 = ORIENTED_EDGE('',*,*,#4132,.T.);
#4132 = EDGE_CURVE('',#4108,#4133,#4135,.T.);
#4133 = VERTEX_POINT('',#4134);
#4134 = CARTESIAN_POINT('',(0.58,2.05,7.1));
#4135 = LINE('',#4136,#4137);
#4136 = CARTESIAN_POINT('',(0.58,0.89,7.1));
#4137 = VECTOR('',#4138,1.);
#4138 = DIRECTION('',(0.,1.,0.));
#4139 = ORIENTED_EDGE('',*,*,#4140,.F.);
#4140 = EDGE_CURVE('',#3785,#4133,#4141,.T.);
#4141 = LINE('',#4142,#4143);
#4142 = CARTESIAN_POINT('',(0.58,2.05,2.1));
#4143 = VECTOR('',#4144,1.);
#4144 = DIRECTION('',(0.,0.,1.));
#4145 = ORIENTED_EDGE('',*,*,#3792,.F.);
#4146 = PLANE('',#4147);
#4147 = AXIS2_PLACEMENT_3D('',#4148,#4149,#4150);
#4148 = CARTESIAN_POINT('',(0.58,0.89,2.1));
#4149 = DIRECTION('',(-1.,0.,0.));
#4150 = DIRECTION('',(0.,1.,0.));
#4151 = ADVANCED_FACE('',(#4152),#4170,.T.);
#4152 = FACE_BOUND('',#4153,.T.);
#4153 = EDGE_LOOP('',(#4154,#4155,#4163,#4169));
#4154 = ORIENTED_EDGE('',*,*,#4140,.T.);
#4155 = ORIENTED_EDGE('',*,*,#4156,.T.);
#4156 = EDGE_CURVE('',#4133,#4157,#4159,.T.);
#4157 = VERTEX_POINT('',#4158);
#4158 = CARTESIAN_POINT('',(-0.59,2.05,7.1));
#4159 = LINE('',#4160,#4161);
#4160 = CARTESIAN_POINT('',(0.58,2.05,7.1));
#4161 = VECTOR('',#4162,1.);
#4162 = DIRECTION('',(-1.,0.,0.));
#4163 = ORIENTED_EDGE('',*,*,#4164,.F.);
#4164 = EDGE_CURVE('',#3777,#4157,#4165,.T.);
#4165 = LINE('',#4166,#4167);
#4166 = CARTESIAN_POINT('',(-0.59,2.05,2.1));
#4167 = VECTOR('',#4168,1.);
#4168 = DIRECTION('',(0.,0.,1.));
#4169 = ORIENTED_EDGE('',*,*,#3784,.F.);
#4170 = PLANE('',#4171);
#4171 = AXIS2_PLACEMENT_3D('',#4172,#4173,#4174);
#4172 = CARTESIAN_POINT('',(0.58,2.05,2.1));
#4173 = DIRECTION('',(0.,-1.,0.));
#4174 = DIRECTION('',(-1.,0.,0.));
#4175 = ADVANCED_FACE('',(#4176),#4194,.T.);
#4176 = FACE_BOUND('',#4177,.T.);
#4177 = EDGE_LOOP('',(#4178,#4179,#4187,#4193));
#4178 = ORIENTED_EDGE('',*,*,#4164,.T.);
#4179 = ORIENTED_EDGE('',*,*,#4180,.T.);
#4180 = EDGE_CURVE('',#4157,#4181,#4183,.T.);
#4181 = VERTEX_POINT('',#4182);
#4182 = CARTESIAN_POINT('',(-0.59,0.88,7.1));
#4183 = LINE('',#4184,#4185);
#4184 = CARTESIAN_POINT('',(-0.59,2.05,7.1));
#4185 = VECTOR('',#4186,1.);
#4186 = DIRECTION('',(0.,-1.,0.));
#4187 = ORIENTED_EDGE('',*,*,#4188,.F.);
#4188 = EDGE_CURVE('',#3768,#4181,#4189,.T.);
#4189 = LINE('',#4190,#4191);
#4190 = CARTESIAN_POINT('',(-0.59,0.88,2.1));
#4191 = VECTOR('',#4192,1.);
#4192 = DIRECTION('',(0.,0.,1.));
#4193 = ORIENTED_EDGE('',*,*,#3776,.F.);
#4194 = PLANE('',#4195);
#4195 = AXIS2_PLACEMENT_3D('',#4196,#4197,#4198);
#4196 = CARTESIAN_POINT('',(-0.59,2.05,2.1));
#4197 = DIRECTION('',(1.,0.,0.));
#4198 = DIRECTION('',(0.,-1.,0.));
#4199 = ADVANCED_FACE('',(#4200),#4219,.T.);
#4200 = FACE_BOUND('',#4201,.T.);
#4201 = EDGE_LOOP('',(#4202,#4203,#4212,#4218));
#4202 = ORIENTED_EDGE('',*,*,#4188,.T.);
#4203 = ORIENTED_EDGE('',*,*,#4204,.T.);
#4204 = EDGE_CURVE('',#4181,#4205,#4207,.T.);
#4205 = VERTEX_POINT('',#4206);
#4206 = CARTESIAN_POINT('',(-0.89,0.58,7.1));
#4207 = CIRCLE('',#4208,0.3);
#4208 = AXIS2_PLACEMENT_3D('',#4209,#4210,#4211);
#4209 = CARTESIAN_POINT('',(-0.89,0.88,7.1));
#4210 = DIRECTION('',(0.,0.,-1.));
#4211 = DIRECTION('',(1.,0.,0.));
#4212 = ORIENTED_EDGE('',*,*,#4213,.F.);
#4213 = EDGE_CURVE('',#3760,#4205,#4214,.T.);
#4214 = LINE('',#4215,#4216);
#4215 = CARTESIAN_POINT('',(-0.89,0.58,2.1));
#4216 = VECTOR('',#4217,1.);
#4217 = DIRECTION('',(0.,0.,1.));
#4218 = ORIENTED_EDGE('',*,*,#3767,.F.);
#4219 = CYLINDRICAL_SURFACE('',#4220,0.3);
#4220 = AXIS2_PLACEMENT_3D('',#4221,#4222,#4223);
#4221 = CARTESIAN_POINT('',(-0.89,0.88,2.1));
#4222 = DIRECTION('',(0.,0.,-1.));
#4223 = DIRECTION('',(1.,0.,0.));
#4224 = ADVANCED_FACE('',(#4225),#4243,.T.);
#4225 = FACE_BOUND('',#4226,.T.);
#4226 = EDGE_LOOP('',(#4227,#4228,#4236,#4242));
#4227 = ORIENTED_EDGE('',*,*,#4213,.T.);
#4228 = ORIENTED_EDGE('',*,*,#4229,.T.);
#4229 = EDGE_CURVE('',#4205,#4230,#4232,.T.);
#4230 = VERTEX_POINT('',#4231);
#4231 = CARTESIAN_POINT('',(-2.05,0.58,7.1));
#4232 = LINE('',#4233,#4234);
#4233 = CARTESIAN_POINT('',(-0.89,0.58,7.1));
#4234 = VECTOR('',#4235,1.);
#4235 = DIRECTION('',(-1.,0.,0.));
#4236 = ORIENTED_EDGE('',*,*,#4237,.F.);
#4237 = EDGE_CURVE('',#3752,#4230,#4238,.T.);
#4238 = LINE('',#4239,#4240);
#4239 = CARTESIAN_POINT('',(-2.05,0.58,2.1));
#4240 = VECTOR('',#4241,1.);
#4241 = DIRECTION('',(0.,0.,1.));
#4242 = ORIENTED_EDGE('',*,*,#3759,.F.);
#4243 = PLANE('',#4244);
#4244 = AXIS2_PLACEMENT_3D('',#4245,#4246,#4247);
#4245 = CARTESIAN_POINT('',(-0.89,0.58,2.1));
#4246 = DIRECTION('',(0.,-1.,0.));
#4247 = DIRECTION('',(-1.,0.,0.));
#4248 = ADVANCED_FACE('',(#4249),#4260,.T.);
#4249 = FACE_BOUND('',#4250,.T.);
#4250 = EDGE_LOOP('',(#4251,#4252,#4258,#4259));
#4251 = ORIENTED_EDGE('',*,*,#4237,.T.);
#4252 = ORIENTED_EDGE('',*,*,#4253,.T.);
#4253 = EDGE_CURVE('',#4230,#3882,#4254,.T.);
#4254 = LINE('',#4255,#4256);
#4255 = CARTESIAN_POINT('',(-2.05,0.58,7.1));
#4256 = VECTOR('',#4257,1.);
#4257 = DIRECTION('',(0.,-1.,0.));
#4258 = ORIENTED_EDGE('',*,*,#3881,.F.);
#4259 = ORIENTED_EDGE('',*,*,#3751,.F.);
#4260 = PLANE('',#4261);
#4261 = AXIS2_PLACEMENT_3D('',#4262,#4263,#4264);
#4262 = CARTESIAN_POINT('',(-2.05,0.58,2.1));
#4263 = DIRECTION('',(1.,0.,0.));
#4264 = DIRECTION('',(0.,-1.,0.));
#4265 = ADVANCED_FACE('',(#4266),#4284,.F.);
#4266 = FACE_BOUND('',#4267,.F.);
#4267 = EDGE_LOOP('',(#4268,#4269,#4270,#4271,#4272,#4273,#4274,#4275,
    #4276,#4277,#4278,#4279,#4280,#4281,#4282,#4283));
#4268 = ORIENTED_EDGE('',*,*,#3889,.T.);
#4269 = ORIENTED_EDGE('',*,*,#3913,.T.);
#4270 = ORIENTED_EDGE('',*,*,#3938,.T.);
#4271 = ORIENTED_EDGE('',*,*,#3962,.T.);
#4272 = ORIENTED_EDGE('',*,*,#3986,.T.);
#4273 = ORIENTED_EDGE('',*,*,#4010,.T.);
#4274 = ORIENTED_EDGE('',*,*,#4035,.T.);
#4275 = ORIENTED_EDGE('',*,*,#4059,.T.);
#4276 = ORIENTED_EDGE('',*,*,#4083,.T.);
#4277 = ORIENTED_EDGE('',*,*,#4107,.T.);
#4278 = ORIENTED_EDGE('',*,*,#4132,.T.);
#4279 = ORIENTED_EDGE('',*,*,#4156,.T.);
#4280 = ORIENTED_EDGE('',*,*,#4180,.T.);
#4281 = ORIENTED_EDGE('',*,*,#4204,.T.);
#4282 = ORIENTED_EDGE('',*,*,#4229,.T.);
#4283 = ORIENTED_EDGE('',*,*,#4253,.T.);
#4284 = PLANE('',#4285);
#4285 = AXIS2_PLACEMENT_3D('',#4286,#4287,#4288);
#4286 = CARTESIAN_POINT('',(0.,-6.5E-16,7.1));
#4287 = DIRECTION('',(0.,0.,1.));
#4288 = DIRECTION('',(1.,0.,0.));
#4289 = ( GEOMETRIC_REPRESENTATION_CONTEXT(3) 
GLOBAL_UNCERTAINTY_ASSIGNED_CONTEXT((#4293)) 
GLOBAL_UNIT_ASSIGNED_CONTEXT((#4290,#4291,#4292)) REPRESENTATION_CONTEXT
('Context #1','3D Context with UNIT and UNCERTAINTY') );
#4290 = ( LENGTH_UNIT() NAMED_UNIT(*) SI_UNIT(.MILLI.,.METRE.) );
#4291 = ( NAMED_UNIT(*) PLANE_ANGLE_UNIT() SI_UNIT($,.RADIAN.) );
#4292 = ( NAMED_UNIT(*) SI_UNIT($,.STERADIAN.) SOLID_ANGLE_UNIT() );
#4293 = UNCERTAINTY_MEASURE_WITH_UNIT(LENGTH_MEASURE(2.E-07),#4290,
  'distance_accuracy_value','confusion accuracy');
#4294 = CONTEXT_DEPENDENT_SHAPE_REPRESENTATION(#4295,#4297);
#4295 = ( REPRESENTATION_RELATIONSHIP('','',#36,#10) 
REPRESENTATION_RELATIONSHIP_WITH_TRANSFORMATION(#4296) 
SHAPE_REPRESENTATION_RELATIONSHIP() );
#4296 = ITEM_DEFINED_TRANSFORMATION('','',#11,#15);
#4297 = PRODUCT_DEFINITION_SHAPE('Placement','Placement of an item',
  #4298);
#4298 = NEXT_ASSEMBLY_USAGE_OCCURRENCE('83','Body','',#5,#31,$);
#4299 = PRODUCT_RELATED_PRODUCT_CATEGORY('part',$,(#33));
#4300 = SHAPE_DEFINITION_REPRESENTATION(#4301,#4307);
#4301 = PRODUCT_DEFINITION_SHAPE('','',#4302);
#4302 = PRODUCT_DEFINITION('design','',#4303,#4306);
#4303 = PRODUCT_DEFINITION_FORMATION('','',#4304);
#4304 = PRODUCT('Extrude','Extrude','',(#4305));
#4305 = PRODUCT_CONTEXT('',#2,'mechanical');
#4306 = PRODUCT_DEFINITION_CONTEXT('part definition',#2,'design');
#4307 = SHAPE_REPRESENTATION('',(#11,#4308,#5547),#7101);
#4308 = MANIFOLD_SOLID_BREP('',#4309);
#4309 = CLOSED_SHELL('',(#4310,#4352,#4385,#4418,#4451,#4484,#4517,#4550
    ,#4581,#4614,#4647,#4680,#4713,#4746,#4779,#4812,#4845,#4878,#4911,
    #4944,#4977,#5010,#5041,#5074,#5107,#5140,#5173,#5206,#5239,#5272,
    #5305,#5338,#5371,#5404,#5437,#5461,#5504));
#4310 = ADVANCED_FACE('',(#4311),#4345,.F.);
#4311 = FACE_BOUND('',#4312,.F.);
#4312 = EDGE_LOOP('',(#4313,#4323,#4331,#4339));
#4313 = ORIENTED_EDGE('',*,*,#4314,.T.);
#4314 = EDGE_CURVE('',#4315,#4317,#4319,.T.);
#4315 = VERTEX_POINT('',#4316);
#4316 = CARTESIAN_POINT('',(-2.634707035636,-2.668194168075,10.));
#4317 = VERTEX_POINT('',#4318);
#4318 = CARTESIAN_POINT('',(-2.634707035636,-2.668194168075,9.6));
#4319 = LINE('',#4320,#4321);
#4320 = CARTESIAN_POINT('',(-2.634707035636,-2.668194168075,10.));
#4321 = VECTOR('',#4322,1.);
#4322 = DIRECTION('',(0.,0.,-1.));
#4323 = ORIENTED_EDGE('',*,*,#4324,.T.);
#4324 = EDGE_CURVE('',#4317,#4325,#4327,.T.);
#4325 = VERTEX_POINT('',#4326);
#4326 = CARTESIAN_POINT('',(-3.788499691422,-2.447265013772,9.6));
#4327 = B_SPLINE_CURVE_WITH_KNOTS('',2,(#4328,#4329,#4330),
  .UNSPECIFIED.,.F.,.F.,(3,3),(0.,1.),.PIECEWISE_BEZIER_KNOTS.);
#4328 = CARTESIAN_POINT('',(-2.634707035636,-2.668194168075,9.6));
#4329 = CARTESIAN_POINT('',(-3.304217421392,-2.668194168075,9.6));
#4330 = CARTESIAN_POINT('',(-3.788499691422,-2.447265013772,9.6));
#4331 = ORIENTED_EDGE('',*,*,#4332,.F.);
#4332 = EDGE_CURVE('',#4333,#4325,#4335,.T.);
#4333 = VERTEX_POINT('',#4334);
#4334 = CARTESIAN_POINT('',(-3.788499691422,-2.447265013772,10.));
#4335 = LINE('',#4336,#4337);
#4336 = CARTESIAN_POINT('',(-3.788499691422,-2.447265013772,10.));
#4337 = VECTOR('',#4338,1.);
#4338 = DIRECTION('',(0.,0.,-1.));
#4339 = ORIENTED_EDGE('',*,*,#4340,.F.);
#4340 = EDGE_CURVE('',#4315,#4333,#4341,.T.);
#4341 = B_SPLINE_CURVE_WITH_KNOTS('',2,(#4342,#4343,#4344),
  .UNSPECIFIED.,.F.,.F.,(3,3),(0.,1.),.PIECEWISE_BEZIER_KNOTS.);
#4342 = CARTESIAN_POINT('',(-2.634707035636,-2.668194168075,10.));
#4343 = CARTESIAN_POINT('',(-3.304217421392,-2.668194168075,10.));
#4344 = CARTESIAN_POINT('',(-3.788499691422,-2.447265013772,10.));
#4345 = SURFACE_OF_LINEAR_EXTRUSION('',#4346,#4350);
#4346 = B_SPLINE_CURVE_WITH_KNOTS('',2,(#4347,#4348,#4349),
  .UNSPECIFIED.,.F.,.F.,(3,3),(0.,1.),.PIECEWISE_BEZIER_KNOTS.);
#4347 = CARTESIAN_POINT('',(-2.634707035636,-2.668194168075,10.));
#4348 = CARTESIAN_POINT('',(-3.304217421392,-2.668194168075,10.));
#4349 = CARTESIAN_POINT('',(-3.788499691422,-2.447265013772,10.));
#4350 = VECTOR('',#4351,1.);
#4351 = DIRECTION('',(-0.,-0.,1.));
#4352 = ADVANCED_FACE('',(#4353),#4378,.F.);
#4353 = FACE_BOUND('',#4354,.F.);
#4354 = EDGE_LOOP('',(#4355,#4365,#4371,#4372));
#4355 = ORIENTED_EDGE('',*,*,#4356,.T.);
#4356 = EDGE_CURVE('',#4357,#4359,#4361,.T.);
#4357 = VERTEX_POINT('',#4358);
#4358 = CARTESIAN_POINT('',(-1.765827213677,-2.550658930686,10.));
#4359 = VERTEX_POINT('',#4360);
#4360 = CARTESIAN_POINT('',(-1.765827213677,-2.550658930686,9.6));
#4361 = LINE('',#4362,#4363);
#4362 = CARTESIAN_POINT('',(-1.765827213677,-2.550658930686,10.));
#4363 = VECTOR('',#4364,1.);
#4364 = DIRECTION('',(0.,0.,-1.));
#4365 = ORIENTED_EDGE('',*,*,#4366,.T.);
#4366 = EDGE_CURVE('',#4359,#4317,#4367,.T.);
#4367 = B_SPLINE_CURVE_WITH_KNOTS('',2,(#4368,#4369,#4370),
  .UNSPECIFIED.,.F.,.F.,(3,3),(0.,1.),.PIECEWISE_BEZIER_KNOTS.);
#4368 = CARTESIAN_POINT('',(-1.765827213677,-2.550658930686,9.6));
#4369 = CARTESIAN_POINT('',(-2.164566086081,-2.668194168075,9.6));
#4370 = CARTESIAN_POINT('',(-2.634707035636,-2.668194168075,9.6));
#4371 = ORIENTED_EDGE('',*,*,#4314,.F.);
#4372 = ORIENTED_EDGE('',*,*,#4373,.F.);
#4373 = EDGE_CURVE('',#4357,#4315,#4374,.T.);
#4374 = B_SPLINE_CURVE_WITH_KNOTS('',2,(#4375,#4376,#4377),
  .UNSPECIFIED.,.F.,.F.,(3,3),(0.,1.),.PIECEWISE_BEZIER_KNOTS.);
#4375 = CARTESIAN_POINT('',(-1.765827213677,-2.550658930686,10.));
#4376 = CARTESIAN_POINT('',(-2.164566086081,-2.668194168075,10.));
#4377 = CARTESIAN_POINT('',(-2.634707035636,-2.668194168075,10.));
#4378 = SURFACE_OF_LINEAR_EXTRUSION('',#4379,#4383);
#4379 = B_SPLINE_CURVE_WITH_KNOTS('',2,(#4380,#4381,#4382),
  .UNSPECIFIED.,.F.,.F.,(3,3),(0.,1.),.PIECEWISE_BEZIER_KNOTS.);
#4380 = CARTESIAN_POINT('',(-1.765827213677,-2.550658930686,10.));
#4381 = CARTESIAN_POINT('',(-2.164566086081,-2.668194168075,10.));
#4382 = CARTESIAN_POINT('',(-2.634707035636,-2.668194168075,10.));
#4383 = VECTOR('',#4384,1.);
#4384 = DIRECTION('',(-0.,-0.,1.));
#4385 = ADVANCED_FACE('',(#4386),#4411,.F.);
#4386 = FACE_BOUND('',#4387,.F.);
#4387 = EDGE_LOOP('',(#4388,#4398,#4404,#4405));
#4388 = ORIENTED_EDGE('',*,*,#4389,.T.);
#4389 = EDGE_CURVE('',#4390,#4392,#4394,.T.);
#4390 = VERTEX_POINT('',#4391);
#4391 = CARTESIAN_POINT('',(-1.068034186971,-2.208717165107,10.));
#4392 = VERTEX_POINT('',#4393);
#4393 = CARTESIAN_POINT('',(-1.068034186971,-2.208717165107,9.6));
#4394 = LINE('',#4395,#4396);
#4395 = CARTESIAN_POINT('',(-1.068034186971,-2.208717165107,10.));
#4396 = VECTOR('',#4397,1.);
#4397 = DIRECTION('',(0.,0.,-1.));
#4398 = ORIENTED_EDGE('',*,*,#4399,.T.);
#4399 = EDGE_CURVE('',#4392,#4359,#4400,.T.);
#4400 = B_SPLINE_CURVE_WITH_KNOTS('',2,(#4401,#4402,#4403),
  .UNSPECIFIED.,.F.,.F.,(3,3),(0.,1.),.PIECEWISE_BEZIER_KNOTS.);
#4401 = CARTESIAN_POINT('',(-1.068034186971,-2.208717165107,9.6));
#4402 = CARTESIAN_POINT('',(-1.367088341274,-2.433123693297,9.6));
#4403 = CARTESIAN_POINT('',(-1.765827213677,-2.550658930686,9.6));
#4404 = ORIENTED_EDGE('',*,*,#4356,.F.);
#4405 = ORIENTED_EDGE('',*,*,#4406,.F.);
#4406 = EDGE_CURVE('',#4390,#4357,#4407,.T.);
#4407 = B_SPLINE_CURVE_WITH_KNOTS('',2,(#4408,#4409,#4410),
  .UNSPECIFIED.,.F.,.F.,(3,3),(0.,1.),.PIECEWISE_BEZIER_KNOTS.);
#4408 = CARTESIAN_POINT('',(-1.068034186971,-2.208717165107,10.));
#4409 = CARTESIAN_POINT('',(-1.367088341274,-2.433123693297,10.));
#4410 = CARTESIAN_POINT('',(-1.765827213677,-2.550658930686,10.));
#4411 = SURFACE_OF_LINEAR_EXTRUSION('',#4412,#4416);
#4412 = B_SPLINE_CURVE_WITH_KNOTS('',2,(#4413,#4414,#4415),
  .UNSPECIFIED.,.F.,.F.,(3,3),(0.,1.),.PIECEWISE_BEZIER_KNOTS.);
#4413 = CARTESIAN_POINT('',(-1.068034186971,-2.208717165107,10.));
#4414 = CARTESIAN_POINT('',(-1.367088341274,-2.433123693297,10.));
#4415 = CARTESIAN_POINT('',(-1.765827213677,-2.550658930686,10.));
#4416 = VECTOR('',#4417,1.);
#4417 = DIRECTION('',(-0.,-0.,1.));
#4418 = ADVANCED_FACE('',(#4419),#4444,.F.);
#4419 = FACE_BOUND('',#4420,.F.);
#4420 = EDGE_LOOP('',(#4421,#4431,#4437,#4438));
#4421 = ORIENTED_EDGE('',*,*,#4422,.T.);
#4422 = EDGE_CURVE('',#4423,#4425,#4427,.T.);
#4423 = VERTEX_POINT('',#4424);
#4424 = CARTESIAN_POINT('',(-0.601370611303,-1.667174138401,10.));
#4425 = VERTEX_POINT('',#4426);
#4426 = CARTESIAN_POINT('',(-0.601370611303,-1.667174138401,9.6));
#4427 = LINE('',#4428,#4429);
#4428 = CARTESIAN_POINT('',(-0.601370611303,-1.667174138401,10.));
#4429 = VECTOR('',#4430,1.);
#4430 = DIRECTION('',(0.,0.,-1.));
#4431 = ORIENTED_EDGE('',*,*,#4432,.T.);
#4432 = EDGE_CURVE('',#4425,#4392,#4433,.T.);
#4433 = B_SPLINE_CURVE_WITH_KNOTS('',2,(#4434,#4435,#4436),
  .UNSPECIFIED.,.F.,.F.,(3,3),(0.,1.),.PIECEWISE_BEZIER_KNOTS.);
#4434 = CARTESIAN_POINT('',(-0.601370611303,-1.667174138401,9.6));
#4435 = CARTESIAN_POINT('',(-0.768748207742,-1.984310636917,9.6));
#4436 = CARTESIAN_POINT('',(-1.068034186971,-2.208717165107,9.6));
#4437 = ORIENTED_EDGE('',*,*,#4389,.F.);
#4438 = ORIENTED_EDGE('',*,*,#4439,.F.);
#4439 = EDGE_CURVE('',#4423,#4390,#4440,.T.);
#4440 = B_SPLINE_CURVE_WITH_KNOTS('',2,(#4441,#4442,#4443),
  .UNSPECIFIED.,.F.,.F.,(3,3),(0.,1.),.PIECEWISE_BEZIER_KNOTS.);
#4441 = CARTESIAN_POINT('',(-0.601370611303,-1.667174138401,10.));
#4442 = CARTESIAN_POINT('',(-0.768748207742,-1.984310636917,10.));
#4443 = CARTESIAN_POINT('',(-1.068034186971,-2.208717165107,10.));
#4444 = SURFACE_OF_LINEAR_EXTRUSION('',#4445,#4449);
#4445 = B_SPLINE_CURVE_WITH_KNOTS('',2,(#4446,#4447,#4448),
  .UNSPECIFIED.,.F.,.F.,(3,3),(0.,1.),.PIECEWISE_BEZIER_KNOTS.);
#4446 = CARTESIAN_POINT('',(-0.601370611303,-1.667174138401,10.));
#4447 = CARTESIAN_POINT('',(-0.768748207742,-1.984310636917,10.));
#4448 = CARTESIAN_POINT('',(-1.068034186971,-2.208717165107,10.));
#4449 = VECTOR('',#4450,1.);
#4450 = DIRECTION('',(-0.,-0.,1.));
#4451 = ADVANCED_FACE('',(#4452),#4477,.F.);
#4452 = FACE_BOUND('',#4453,.F.);
#4453 = EDGE_LOOP('',(#4454,#4464,#4470,#4471));
#4454 = ORIENTED_EDGE('',*,*,#4455,.T.);
#4455 = EDGE_CURVE('',#4456,#4458,#4460,.T.);
#4456 = VERTEX_POINT('',#4457);
#4457 = CARTESIAN_POINT('',(-0.433993014864,-0.951298767481,10.));
#4458 = VERTEX_POINT('',#4459);
#4459 = CARTESIAN_POINT('',(-0.433993014864,-0.951298767481,9.6));
#4460 = LINE('',#4461,#4462);
#4461 = CARTESIAN_POINT('',(-0.433993014864,-0.951298767481,10.));
#4462 = VECTOR('',#4463,1.);
#4463 = DIRECTION('',(0.,0.,-1.));
#4464 = ORIENTED_EDGE('',*,*,#4465,.T.);
#4465 = EDGE_CURVE('',#4458,#4425,#4466,.T.);
#4466 = B_SPLINE_CURVE_WITH_KNOTS('',2,(#4467,#4468,#4469),
  .UNSPECIFIED.,.F.,.F.,(3,3),(0.,1.),.PIECEWISE_BEZIER_KNOTS.);
#4467 = CARTESIAN_POINT('',(-0.433993014864,-0.951298767481,9.6));
#4468 = CARTESIAN_POINT('',(-0.433993014864,-1.350037639885,9.6));
#4469 = CARTESIAN_POINT('',(-0.601370611303,-1.667174138401,9.6));
#4470 = ORIENTED_EDGE('',*,*,#4422,.F.);
#4471 = ORIENTED_EDGE('',*,*,#4472,.F.);
#4472 = EDGE_CURVE('',#4456,#4423,#4473,.T.);
#4473 = B_SPLINE_CURVE_WITH_KNOTS('',2,(#4474,#4475,#4476),
  .UNSPECIFIED.,.F.,.F.,(3,3),(0.,1.),.PIECEWISE_BEZIER_KNOTS.);
#4474 = CARTESIAN_POINT('',(-0.433993014864,-0.951298767481,10.));
#4475 = CARTESIAN_POINT('',(-0.433993014864,-1.350037639885,10.));
#4476 = CARTESIAN_POINT('',(-0.601370611303,-1.667174138401,10.));
#4477 = SURFACE_OF_LINEAR_EXTRUSION('',#4478,#4482);
#4478 = B_SPLINE_CURVE_WITH_KNOTS('',2,(#4479,#4480,#4481),
  .UNSPECIFIED.,.F.,.F.,(3,3),(0.,1.),.PIECEWISE_BEZIER_KNOTS.);
#4479 = CARTESIAN_POINT('',(-0.433993014864,-0.951298767481,10.));
#4480 = CARTESIAN_POINT('',(-0.433993014864,-1.350037639885,10.));
#4481 = CARTESIAN_POINT('',(-0.601370611303,-1.667174138401,10.));
#4482 = VECTOR('',#4483,1.);
#4483 = DIRECTION('',(-0.,-0.,1.));
#4484 = ADVANCED_FACE('',(#4485),#4510,.F.);
#4485 = FACE_BOUND('',#4486,.F.);
#4486 = EDGE_LOOP('',(#4487,#4497,#4503,#4504));
#4487 = ORIENTED_EDGE('',*,*,#4488,.T.);
#4488 = EDGE_CURVE('',#4489,#4491,#4493,.T.);
#4489 = VERTEX_POINT('',#4490);
#4490 = CARTESIAN_POINT('',(-0.473171427327,-0.844195651754,10.));
#4491 = VERTEX_POINT('',#4492);
#4492 = CARTESIAN_POINT('',(-0.473171427327,-0.844195651754,9.6));
#4493 = LINE('',#4494,#4495);
#4494 = CARTESIAN_POINT('',(-0.473171427327,-0.844195651754,10.));
#4495 = VECTOR('',#4496,1.);
#4496 = DIRECTION('',(0.,0.,-1.));
#4497 = ORIENTED_EDGE('',*,*,#4498,.T.);
#4498 = EDGE_CURVE('',#4491,#4458,#4499,.T.);
#4499 = B_SPLINE_CURVE_WITH_KNOTS('',2,(#4500,#4501,#4502),
  .UNSPECIFIED.,.F.,.F.,(3,3),(0.,1.),.PIECEWISE_BEZIER_KNOTS.);
#4500 = CARTESIAN_POINT('',(-0.473171427327,-0.844195651754,9.6));
#4501 = CARTESIAN_POINT('',(-0.426806442164,-0.88708326303,9.6));
#4502 = CARTESIAN_POINT('',(-0.433993014864,-0.951298767481,9.6));
#4503 = ORIENTED_EDGE('',*,*,#4455,.F.);
#4504 = ORIENTED_EDGE('',*,*,#4505,.F.);
#4505 = EDGE_CURVE('',#4489,#4456,#4506,.T.);
#4506 = B_SPLINE_CURVE_WITH_KNOTS('',2,(#4507,#4508,#4509),
  .UNSPECIFIED.,.F.,.F.,(3,3),(0.,1.),.PIECEWISE_BEZIER_KNOTS.);
#4507 = CARTESIAN_POINT('',(-0.473171427327,-0.844195651754,10.));
#4508 = CARTESIAN_POINT('',(-0.426806442164,-0.88708326303,10.));
#4509 = CARTESIAN_POINT('',(-0.433993014864,-0.951298767481,10.));
#4510 = SURFACE_OF_LINEAR_EXTRUSION('',#4511,#4515);
#4511 = B_SPLINE_CURVE_WITH_KNOTS('',2,(#4512,#4513,#4514),
  .UNSPECIFIED.,.F.,.F.,(3,3),(0.,1.),.PIECEWISE_BEZIER_KNOTS.);
#4512 = CARTESIAN_POINT('',(-0.473171427327,-0.844195651754,10.));
#4513 = CARTESIAN_POINT('',(-0.426806442164,-0.88708326303,10.));
#4514 = CARTESIAN_POINT('',(-0.433993014864,-0.951298767481,10.));
#4515 = VECTOR('',#4516,1.);
#4516 = DIRECTION('',(-0.,-0.,1.));
#4517 = ADVANCED_FACE('',(#4518),#4543,.F.);
#4518 = FACE_BOUND('',#4519,.F.);
#4519 = EDGE_LOOP('',(#4520,#4530,#4536,#4537));
#4520 = ORIENTED_EDGE('',*,*,#4521,.T.);
#4521 = EDGE_CURVE('',#4522,#4524,#4526,.T.);
#4522 = VERTEX_POINT('',#4523);
#4523 = CARTESIAN_POINT('',(-0.583520092015,-0.801308040478,10.));
#4524 = VERTEX_POINT('',#4525);
#4525 = CARTESIAN_POINT('',(-0.583520092015,-0.801308040478,9.6));
#4526 = LINE('',#4527,#4528);
#4527 = CARTESIAN_POINT('',(-0.583520092015,-0.801308040478,10.));
#4528 = VECTOR('',#4529,1.);
#4529 = DIRECTION('',(0.,0.,-1.));
#4530 = ORIENTED_EDGE('',*,*,#4531,.T.);
#4531 = EDGE_CURVE('',#4524,#4491,#4532,.T.);
#4532 = B_SPLINE_CURVE_WITH_KNOTS('',2,(#4533,#4534,#4535),
  .UNSPECIFIED.,.F.,.F.,(3,3),(0.,1.),.PIECEWISE_BEZIER_KNOTS.);
#4533 = CARTESIAN_POINT('',(-0.583520092015,-0.801308040478,9.6));
#4534 = CARTESIAN_POINT('',(-0.519304587564,-0.801308040478,9.6));
#4535 = CARTESIAN_POINT('',(-0.473171427327,-0.844195651754,9.6));
#4536 = ORIENTED_EDGE('',*,*,#4488,.F.);
#4537 = ORIENTED_EDGE('',*,*,#4538,.F.);
#4538 = EDGE_CURVE('',#4522,#4489,#4539,.T.);
#4539 = B_SPLINE_CURVE_WITH_KNOTS('',2,(#4540,#4541,#4542),
  .UNSPECIFIED.,.F.,.F.,(3,3),(0.,1.),.PIECEWISE_BEZIER_KNOTS.);
#4540 = CARTESIAN_POINT('',(-0.583520092015,-0.801308040478,10.));
#4541 = CARTESIAN_POINT('',(-0.519304587564,-0.801308040478,10.));
#4542 = CARTESIAN_POINT('',(-0.473171427327,-0.844195651754,10.));
#4543 = SURFACE_OF_LINEAR_EXTRUSION('',#4544,#4548);
#4544 = B_SPLINE_CURVE_WITH_KNOTS('',2,(#4545,#4546,#4547),
  .UNSPECIFIED.,.F.,.F.,(3,3),(0.,1.),.PIECEWISE_BEZIER_KNOTS.);
#4545 = CARTESIAN_POINT('',(-0.583520092015,-0.801308040478,10.));
#4546 = CARTESIAN_POINT('',(-0.519304587564,-0.801308040478,10.));
#4547 = CARTESIAN_POINT('',(-0.473171427327,-0.844195651754,10.));
#4548 = VECTOR('',#4549,1.);
#4549 = DIRECTION('',(-0.,-0.,1.));
#4550 = ADVANCED_FACE('',(#4551),#4576,.F.);
#4551 = FACE_BOUND('',#4552,.F.);
#4552 = EDGE_LOOP('',(#4553,#4563,#4569,#4570));
#4553 = ORIENTED_EDGE('',*,*,#4554,.T.);
#4554 = EDGE_CURVE('',#4555,#4557,#4559,.T.);
#4555 = VERTEX_POINT('',#4556);
#4556 = CARTESIAN_POINT('',(-1.544898059374,-0.801308040478,10.));
#4557 = VERTEX_POINT('',#4558);
#4558 = CARTESIAN_POINT('',(-1.544898059374,-0.801308040478,9.6));
#4559 = LINE('',#4560,#4561);
#4560 = CARTESIAN_POINT('',(-1.544898059374,-0.801308040478,10.));
#4561 = VECTOR('',#4562,1.);
#4562 = DIRECTION('',(0.,0.,-1.));
#4563 = ORIENTED_EDGE('',*,*,#4564,.T.);
#4564 = EDGE_CURVE('',#4557,#4524,#4565,.T.);
#4565 = LINE('',#4566,#4567);
#4566 = CARTESIAN_POINT('',(-1.544898059374,-0.801308040478,9.6));
#4567 = VECTOR('',#4568,1.);
#4568 = DIRECTION('',(1.,0.,0.));
#4569 = ORIENTED_EDGE('',*,*,#4521,.F.);
#4570 = ORIENTED_EDGE('',*,*,#4571,.F.);
#4571 = EDGE_CURVE('',#4555,#4522,#4572,.T.);
#4572 = LINE('',#4573,#4574);
#4573 = CARTESIAN_POINT('',(-1.544898059374,-0.801308040478,10.));
#4574 = VECTOR('',#4575,1.);
#4575 = DIRECTION('',(1.,0.,0.));
#4576 = PLANE('',#4577);
#4577 = AXIS2_PLACEMENT_3D('',#4578,#4579,#4580);
#4578 = CARTESIAN_POINT('',(-1.544898059374,-0.801308040478,10.));
#4579 = DIRECTION('',(0.,-1.,0.));
#4580 = DIRECTION('',(1.,0.,0.));
#4581 = ADVANCED_FACE('',(#4582),#4607,.F.);
#4582 = FACE_BOUND('',#4583,.F.);
#4583 = EDGE_LOOP('',(#4584,#4594,#4600,#4601));
#4584 = ORIENTED_EDGE('',*,*,#4585,.T.);
#4585 = EDGE_CURVE('',#4586,#4588,#4590,.T.);
#4586 = VERTEX_POINT('',#4587);
#4587 = CARTESIAN_POINT('',(-1.690947762639,-0.840718277867,10.));
#4588 = VERTEX_POINT('',#4589);
#4589 = CARTESIAN_POINT('',(-1.690947762639,-0.840718277867,9.6));
#4590 = LINE('',#4591,#4592);
#4591 = CARTESIAN_POINT('',(-1.690947762639,-0.840718277867,10.));
#4592 = VECTOR('',#4593,1.);
#4593 = DIRECTION('',(0.,0.,-1.));
#4594 = ORIENTED_EDGE('',*,*,#4595,.T.);
#4595 = EDGE_CURVE('',#4588,#4557,#4596,.T.);
#4596 = B_SPLINE_CURVE_WITH_KNOTS('',2,(#4597,#4598,#4599),
  .UNSPECIFIED.,.F.,.F.,(3,3),(0.,1.),.PIECEWISE_BEZIER_KNOTS.);
#4597 = CARTESIAN_POINT('',(-1.690947762639,-0.840718277867,9.6));
#4598 = CARTESIAN_POINT('',(-1.637396204775,-0.801308040478,9.6));
#4599 = CARTESIAN_POINT('',(-1.544898059374,-0.801308040478,9.6));
#4600 = ORIENTED_EDGE('',*,*,#4554,.F.);
#4601 = ORIENTED_EDGE('',*,*,#4602,.F.);
#4602 = EDGE_CURVE('',#4586,#4555,#4603,.T.);
#4603 = B_SPLINE_CURVE_WITH_KNOTS('',2,(#4604,#4605,#4606),
  .UNSPECIFIED.,.F.,.F.,(3,3),(0.,1.),.PIECEWISE_BEZIER_KNOTS.);
#4604 = CARTESIAN_POINT('',(-1.690947762639,-0.840718277867,10.));
#4605 = CARTESIAN_POINT('',(-1.637396204775,-0.801308040478,10.));
#4606 = CARTESIAN_POINT('',(-1.544898059374,-0.801308040478,10.));
#4607 = SURFACE_OF_LINEAR_EXTRUSION('',#4608,#4612);
#4608 = B_SPLINE_CURVE_WITH_KNOTS('',2,(#4609,#4610,#4611),
  .UNSPECIFIED.,.F.,.F.,(3,3),(0.,1.),.PIECEWISE_BEZIER_KNOTS.);
#4609 = CARTESIAN_POINT('',(-1.690947762639,-0.840718277867,10.));
#4610 = CARTESIAN_POINT('',(-1.637396204775,-0.801308040478,10.));
#4611 = CARTESIAN_POINT('',(-1.544898059374,-0.801308040478,10.));
#4612 = VECTOR('',#4613,1.);
#4613 = DIRECTION('',(-0.,-0.,1.));
#4614 = ADVANCED_FACE('',(#4615),#4640,.F.);
#4615 = FACE_BOUND('',#4616,.F.);
#4616 = EDGE_LOOP('',(#4617,#4627,#4633,#4634));
#4617 = ORIENTED_EDGE('',*,*,#4618,.T.);
#4618 = EDGE_CURVE('',#4619,#4621,#4623,.T.);
#4619 = VERTEX_POINT('',#4620);
#4620 = CARTESIAN_POINT('',(-1.772781961452,-0.987231630983,10.));
#4621 = VERTEX_POINT('',#4622);
#4622 = CARTESIAN_POINT('',(-1.772781961452,-0.987231630983,9.6));
#4623 = LINE('',#4624,#4625);
#4624 = CARTESIAN_POINT('',(-1.772781961452,-0.987231630983,10.));
#4625 = VECTOR('',#4626,1.);
#4626 = DIRECTION('',(0.,0.,-1.));
#4627 = ORIENTED_EDGE('',*,*,#4628,.T.);
#4628 = EDGE_CURVE('',#4621,#4588,#4629,.T.);
#4629 = B_SPLINE_CURVE_WITH_KNOTS('',2,(#4630,#4631,#4632),
  .UNSPECIFIED.,.F.,.F.,(3,3),(0.,1.),.PIECEWISE_BEZIER_KNOTS.);
#4630 = CARTESIAN_POINT('',(-1.772781961452,-0.987231630983,9.6));
#4631 = CARTESIAN_POINT('',(-1.744267495576,-0.87989669033,9.6));
#4632 = CARTESIAN_POINT('',(-1.690947762639,-0.840718277867,9.6));
#4633 = ORIENTED_EDGE('',*,*,#4585,.F.);
#4634 = ORIENTED_EDGE('',*,*,#4635,.F.);
#4635 = EDGE_CURVE('',#4619,#4586,#4636,.T.);
#4636 = B_SPLINE_CURVE_WITH_KNOTS('',2,(#4637,#4638,#4639),
  .UNSPECIFIED.,.F.,.F.,(3,3),(0.,1.),.PIECEWISE_BEZIER_KNOTS.);
#4637 = CARTESIAN_POINT('',(-1.772781961452,-0.987231630983,10.));
#4638 = CARTESIAN_POINT('',(-1.744267495576,-0.87989669033,10.));
#4639 = CARTESIAN_POINT('',(-1.690947762639,-0.840718277867,10.));
#4640 = SURFACE_OF_LINEAR_EXTRUSION('',#4641,#4645);
#4641 = B_SPLINE_CURVE_WITH_KNOTS('',2,(#4642,#4643,#4644),
  .UNSPECIFIED.,.F.,.F.,(3,3),(0.,1.),.PIECEWISE_BEZIER_KNOTS.);
#4642 = CARTESIAN_POINT('',(-1.772781961452,-0.987231630983,10.));
#4643 = CARTESIAN_POINT('',(-1.744267495576,-0.87989669033,10.));
#4644 = CARTESIAN_POINT('',(-1.690947762639,-0.840718277867,10.));
#4645 = VECTOR('',#4646,1.);
#4646 = DIRECTION('',(-0.,-0.,1.));
#4647 = ADVANCED_FACE('',(#4648),#4673,.F.);
#4648 = FACE_BOUND('',#4649,.F.);
#4649 = EDGE_LOOP('',(#4650,#4660,#4666,#4667));
#4650 = ORIENTED_EDGE('',*,*,#4651,.T.);
#4651 = EDGE_CURVE('',#4652,#4654,#4656,.T.);
#4652 = VERTEX_POINT('',#4653);
#4653 = CARTESIAN_POINT('',(-2.093395833855,-1.501651141368,10.));
#4654 = VERTEX_POINT('',#4655);
#4655 = CARTESIAN_POINT('',(-2.093395833855,-1.501651141368,9.6));
#4656 = LINE('',#4657,#4658);
#4657 = CARTESIAN_POINT('',(-2.093395833855,-1.501651141368,10.));
#4658 = VECTOR('',#4659,1.);
#4659 = DIRECTION('',(0.,0.,-1.));
#4660 = ORIENTED_EDGE('',*,*,#4661,.T.);
#4661 = EDGE_CURVE('',#4654,#4621,#4662,.T.);
#4662 = B_SPLINE_CURVE_WITH_KNOTS('',2,(#4663,#4664,#4665),
  .UNSPECIFIED.,.F.,.F.,(3,3),(0.,1.),.PIECEWISE_BEZIER_KNOTS.);
#4663 = CARTESIAN_POINT('',(-2.093395833855,-1.501651141368,9.6));
#4664 = CARTESIAN_POINT('',(-1.865280106852,-1.35861516214,9.6));
#4665 = CARTESIAN_POINT('',(-1.772781961452,-0.987231630983,9.6));
#4666 = ORIENTED_EDGE('',*,*,#4618,.F.);
#4667 = ORIENTED_EDGE('',*,*,#4668,.F.);
#4668 = EDGE_CURVE('',#4652,#4619,#4669,.T.);
#4669 = B_SPLINE_CURVE_WITH_KNOTS('',2,(#4670,#4671,#4672),
  .UNSPECIFIED.,.F.,.F.,(3,3),(0.,1.),.PIECEWISE_BEZIER_KNOTS.);
#4670 = CARTESIAN_POINT('',(-2.093395833855,-1.501651141368,10.));
#4671 = CARTESIAN_POINT('',(-1.865280106852,-1.35861516214,10.));
#4672 = CARTESIAN_POINT('',(-1.772781961452,-0.987231630983,10.));
#4673 = SURFACE_OF_LINEAR_EXTRUSION('',#4674,#4678);
#4674 = B_SPLINE_CURVE_WITH_KNOTS('',2,(#4675,#4676,#4677),
  .UNSPECIFIED.,.F.,.F.,(3,3),(0.,1.),.PIECEWISE_BEZIER_KNOTS.);
#4675 = CARTESIAN_POINT('',(-2.093395833855,-1.501651141368,10.));
#4676 = CARTESIAN_POINT('',(-1.865280106852,-1.35861516214,10.));
#4677 = CARTESIAN_POINT('',(-1.772781961452,-0.987231630983,10.));
#4678 = VECTOR('',#4679,1.);
#4679 = DIRECTION('',(-0.,-0.,1.));
#4680 = ADVANCED_FACE('',(#4681),#4706,.F.);
#4681 = FACE_BOUND('',#4682,.F.);
#4682 = EDGE_LOOP('',(#4683,#4693,#4699,#4700));
#4683 = ORIENTED_EDGE('',*,*,#4684,.T.);
#4684 = EDGE_CURVE('',#4685,#4687,#4689,.T.);
#4685 = VERTEX_POINT('',#4686);
#4686 = CARTESIAN_POINT('',(-2.64884835611,-1.644455295671,10.));
#4687 = VERTEX_POINT('',#4688);
#4688 = CARTESIAN_POINT('',(-2.64884835611,-1.644455295671,9.6));
#4689 = LINE('',#4690,#4691);
#4690 = CARTESIAN_POINT('',(-2.64884835611,-1.644455295671,10.));
#4691 = VECTOR('',#4692,1.);
#4692 = DIRECTION('',(0.,0.,-1.));
#4693 = ORIENTED_EDGE('',*,*,#4694,.T.);
#4694 = EDGE_CURVE('',#4687,#4654,#4695,.T.);
#4695 = B_SPLINE_CURVE_WITH_KNOTS('',2,(#4696,#4697,#4698),
  .UNSPECIFIED.,.F.,.F.,(3,3),(0.,1.),.PIECEWISE_BEZIER_KNOTS.);
#4696 = CARTESIAN_POINT('',(-2.64884835611,-1.644455295671,9.6));
#4697 = CARTESIAN_POINT('',(-2.321279735932,-1.644455295671,9.6));
#4698 = CARTESIAN_POINT('',(-2.093395833855,-1.501651141368,9.6));
#4699 = ORIENTED_EDGE('',*,*,#4651,.F.);
#4700 = ORIENTED_EDGE('',*,*,#4701,.F.);
#4701 = EDGE_CURVE('',#4685,#4652,#4702,.T.);
#4702 = B_SPLINE_CURVE_WITH_KNOTS('',2,(#4703,#4704,#4705),
  .UNSPECIFIED.,.F.,.F.,(3,3),(0.,1.),.PIECEWISE_BEZIER_KNOTS.);
#4703 = CARTESIAN_POINT('',(-2.64884835611,-1.644455295671,10.));
#4704 = CARTESIAN_POINT('',(-2.321279735932,-1.644455295671,10.));
#4705 = CARTESIAN_POINT('',(-2.093395833855,-1.501651141368,10.));
#4706 = SURFACE_OF_LINEAR_EXTRUSION('',#4707,#4711);
#4707 = B_SPLINE_CURVE_WITH_KNOTS('',2,(#4708,#4709,#4710),
  .UNSPECIFIED.,.F.,.F.,(3,3),(0.,1.),.PIECEWISE_BEZIER_KNOTS.);
#4708 = CARTESIAN_POINT('',(-2.64884835611,-1.644455295671,10.));
#4709 = CARTESIAN_POINT('',(-2.321279735932,-1.644455295671,10.));
#4710 = CARTESIAN_POINT('',(-2.093395833855,-1.501651141368,10.));
#4711 = VECTOR('',#4712,1.);
#4712 = DIRECTION('',(-0.,-0.,1.));
#4713 = ADVANCED_FACE('',(#4714),#4739,.F.);
#4714 = FACE_BOUND('',#4715,.F.);
#4715 = EDGE_LOOP('',(#4716,#4726,#4732,#4733));
#4716 = ORIENTED_EDGE('',*,*,#4717,.T.);
#4717 = EDGE_CURVE('',#4718,#4720,#4722,.T.);
#4718 = VERTEX_POINT('',#4719);
#4719 = CARTESIAN_POINT('',(-3.268284557891,-1.42677169033,10.));
#4720 = VERTEX_POINT('',#4721);
#4721 = CARTESIAN_POINT('',(-3.268284557891,-1.42677169033,9.6));
#4722 = LINE('',#4723,#4724);
#4723 = CARTESIAN_POINT('',(-3.268284557891,-1.42677169033,10.));
#4724 = VECTOR('',#4725,1.);
#4725 = DIRECTION('',(0.,0.,-1.));
#4726 = ORIENTED_EDGE('',*,*,#4727,.T.);
#4727 = EDGE_CURVE('',#4720,#4687,#4728,.T.);
#4728 = B_SPLINE_CURVE_WITH_KNOTS('',2,(#4729,#4730,#4731),
  .UNSPECIFIED.,.F.,.F.,(3,3),(0.,1.),.PIECEWISE_BEZIER_KNOTS.);
#4729 = CARTESIAN_POINT('',(-3.268284557891,-1.42677169033,9.6));
#4730 = CARTESIAN_POINT('',(-3.040400655814,-1.644455295671,9.6));
#4731 = CARTESIAN_POINT('',(-2.64884835611,-1.644455295671,9.6));
#4732 = ORIENTED_EDGE('',*,*,#4684,.F.);
#4733 = ORIENTED_EDGE('',*,*,#4734,.F.);
#4734 = EDGE_CURVE('',#4718,#4685,#4735,.T.);
#4735 = B_SPLINE_CURVE_WITH_KNOTS('',2,(#4736,#4737,#4738),
  .UNSPECIFIED.,.F.,.F.,(3,3),(0.,1.),.PIECEWISE_BEZIER_KNOTS.);
#4736 = CARTESIAN_POINT('',(-3.268284557891,-1.42677169033,10.));
#4737 = CARTESIAN_POINT('',(-3.040400655814,-1.644455295671,10.));
#4738 = CARTESIAN_POINT('',(-2.64884835611,-1.644455295671,10.));
#4739 = SURFACE_OF_LINEAR_EXTRUSION('',#4740,#4744);
#4740 = B_SPLINE_CURVE_WITH_KNOTS('',2,(#4741,#4742,#4743),
  .UNSPECIFIED.,.F.,.F.,(3,3),(0.,1.),.PIECEWISE_BEZIER_KNOTS.);
#4741 = CARTESIAN_POINT('',(-3.268284557891,-1.42677169033,10.));
#4742 = CARTESIAN_POINT('',(-3.040400655814,-1.644455295671,10.));
#4743 = CARTESIAN_POINT('',(-2.64884835611,-1.644455295671,10.));
#4744 = VECTOR('',#4745,1.);
#4745 = DIRECTION('',(-0.,-0.,1.));
#4746 = ADVANCED_FACE('',(#4747),#4772,.F.);
#4747 = FACE_BOUND('',#4748,.F.);
#4748 = EDGE_LOOP('',(#4749,#4759,#4765,#4766));
#4749 = ORIENTED_EDGE('',*,*,#4750,.T.);
#4750 = EDGE_CURVE('',#4751,#4753,#4755,.T.);
#4751 = VERTEX_POINT('',#4752);
#4752 = CARTESIAN_POINT('',(-3.517728178069,-0.701391497451,10.));
#4753 = VERTEX_POINT('',#4754);
#4754 = CARTESIAN_POINT('',(-3.517728178069,-0.701391497451,9.6));
#4755 = LINE('',#4756,#4757);
#4756 = CARTESIAN_POINT('',(-3.517728178069,-0.701391497451,10.));
#4757 = VECTOR('',#4758,1.);
#4758 = DIRECTION('',(0.,0.,-1.));
#4759 = ORIENTED_EDGE('',*,*,#4760,.T.);
#4760 = EDGE_CURVE('',#4753,#4720,#4761,.T.);
#4761 = B_SPLINE_CURVE_WITH_KNOTS('',2,(#4762,#4763,#4764),
  .UNSPECIFIED.,.F.,.F.,(3,3),(0.,1.),.PIECEWISE_BEZIER_KNOTS.);
#4762 = CARTESIAN_POINT('',(-3.517728178069,-0.701391497451,9.6));
#4763 = CARTESIAN_POINT('',(-3.496168459968,-1.208856260063,9.6));
#4764 = CARTESIAN_POINT('',(-3.268284557891,-1.42677169033,9.6));
#4765 = ORIENTED_EDGE('',*,*,#4717,.F.);
#4766 = ORIENTED_EDGE('',*,*,#4767,.F.);
#4767 = EDGE_CURVE('',#4751,#4718,#4768,.T.);
#4768 = B_SPLINE_CURVE_WITH_KNOTS('',2,(#4769,#4770,#4771),
  .UNSPECIFIED.,.F.,.F.,(3,3),(0.,1.),.PIECEWISE_BEZIER_KNOTS.);
#4769 = CARTESIAN_POINT('',(-3.517728178069,-0.701391497451,10.));
#4770 = CARTESIAN_POINT('',(-3.496168459968,-1.208856260063,10.));
#4771 = CARTESIAN_POINT('',(-3.268284557891,-1.42677169033,10.));
#4772 = SURFACE_OF_LINEAR_EXTRUSION('',#4773,#4777);
#4773 = B_SPLINE_CURVE_WITH_KNOTS('',2,(#4774,#4775,#4776),
  .UNSPECIFIED.,.F.,.F.,(3,3),(0.,1.),.PIECEWISE_BEZIER_KNOTS.);
#4774 = CARTESIAN_POINT('',(-3.517728178069,-0.701391497451,10.));
#4775 = CARTESIAN_POINT('',(-3.496168459968,-1.208856260063,10.));
#4776 = CARTESIAN_POINT('',(-3.268284557891,-1.42677169033,10.));
#4777 = VECTOR('',#4778,1.);
#4778 = DIRECTION('',(-0.,-0.,1.));
#4779 = ADVANCED_FACE('',(#4780),#4805,.F.);
#4780 = FACE_BOUND('',#4781,.F.);
#4781 = EDGE_LOOP('',(#4782,#4792,#4798,#4799));
#4782 = ORIENTED_EDGE('',*,*,#4783,.T.);
#4783 = EDGE_CURVE('',#4784,#4786,#4788,.T.);
#4784 = VERTEX_POINT('',#4785);
#4785 = CARTESIAN_POINT('',(-3.517728178069,0.498766143498,10.));
#4786 = VERTEX_POINT('',#4787);
#4787 = CARTESIAN_POINT('',(-3.517728178069,0.498766143498,9.6));
#4788 = LINE('',#4789,#4790);
#4789 = CARTESIAN_POINT('',(-3.517728178069,0.498766143498,10.));
#4790 = VECTOR('',#4791,1.);
#4791 = DIRECTION('',(0.,0.,-1.));
#4792 = ORIENTED_EDGE('',*,*,#4793,.T.);
#4793 = EDGE_CURVE('',#4786,#4753,#4794,.T.);
#4794 = B_SPLINE_CURVE_WITH_KNOTS('',2,(#4795,#4796,#4797),
  .UNSPECIFIED.,.F.,.F.,(3,3),(0.,1.),.PIECEWISE_BEZIER_KNOTS.);
#4795 = CARTESIAN_POINT('',(-3.517728178069,0.498766143498,9.6));
#4796 = CARTESIAN_POINT('',(-3.539056071244,-8.705544403895E-02,9.6));
#4797 = CARTESIAN_POINT('',(-3.517728178069,-0.701391497451,9.6));
#4798 = ORIENTED_EDGE('',*,*,#4750,.F.);
#4799 = ORIENTED_EDGE('',*,*,#4800,.F.);
#4800 = EDGE_CURVE('',#4784,#4751,#4801,.T.);
#4801 = B_SPLINE_CURVE_WITH_KNOTS('',2,(#4802,#4803,#4804),
  .UNSPECIFIED.,.F.,.F.,(3,3),(0.,1.),.PIECEWISE_BEZIER_KNOTS.);
#4802 = CARTESIAN_POINT('',(-3.517728178069,0.498766143498,10.));
#4803 = CARTESIAN_POINT('',(-3.539056071244,-8.705544403895E-02,10.));
#4804 = CARTESIAN_POINT('',(-3.517728178069,-0.701391497451,10.));
#4805 = SURFACE_OF_LINEAR_EXTRUSION('',#4806,#4810);
#4806 = B_SPLINE_CURVE_WITH_KNOTS('',2,(#4807,#4808,#4809),
  .UNSPECIFIED.,.F.,.F.,(3,3),(0.,1.),.PIECEWISE_BEZIER_KNOTS.);
#4807 = CARTESIAN_POINT('',(-3.517728178069,0.498766143498,10.));
#4808 = CARTESIAN_POINT('',(-3.539056071244,-8.705544403895E-02,10.));
#4809 = CARTESIAN_POINT('',(-3.517728178069,-0.701391497451,10.));
#4810 = VECTOR('',#4811,1.);
#4811 = DIRECTION('',(-0.,-0.,1.));
#4812 = ADVANCED_FACE('',(#4813),#4838,.F.);
#4813 = FACE_BOUND('',#4814,.F.);
#4814 = EDGE_LOOP('',(#4815,#4825,#4831,#4832));
#4815 = ORIENTED_EDGE('',*,*,#4816,.T.);
#4816 = EDGE_CURVE('',#4817,#4819,#4821,.T.);
#4817 = VERTEX_POINT('',#4818);
#4818 = CARTESIAN_POINT('',(-3.268284557891,1.223682686525,10.));
#4819 = VERTEX_POINT('',#4820);
#4820 = CARTESIAN_POINT('',(-3.268284557891,1.223682686525,9.6));
#4821 = LINE('',#4822,#4823);
#4822 = CARTESIAN_POINT('',(-3.268284557891,1.223682686525,10.));
#4823 = VECTOR('',#4824,1.);
#4824 = DIRECTION('',(0.,0.,-1.));
#4825 = ORIENTED_EDGE('',*,*,#4826,.T.);
#4826 = EDGE_CURVE('',#4819,#4786,#4827,.T.);
#4827 = B_SPLINE_CURVE_WITH_KNOTS('',2,(#4828,#4829,#4830),
  .UNSPECIFIED.,.F.,.F.,(3,3),(0.,1.),.PIECEWISE_BEZIER_KNOTS.);
#4828 = CARTESIAN_POINT('',(-3.268284557891,1.223682686525,9.6));
#4829 = CARTESIAN_POINT('',(-3.496168459968,1.005999081184,9.6));
#4830 = CARTESIAN_POINT('',(-3.517728178069,0.498766143498,9.6));
#4831 = ORIENTED_EDGE('',*,*,#4783,.F.);
#4832 = ORIENTED_EDGE('',*,*,#4833,.F.);
#4833 = EDGE_CURVE('',#4817,#4784,#4834,.T.);
#4834 = B_SPLINE_CURVE_WITH_KNOTS('',2,(#4835,#4836,#4837),
  .UNSPECIFIED.,.F.,.F.,(3,3),(0.,1.),.PIECEWISE_BEZIER_KNOTS.);
#4835 = CARTESIAN_POINT('',(-3.268284557891,1.223682686525,10.));
#4836 = CARTESIAN_POINT('',(-3.496168459968,1.005999081184,10.));
#4837 = CARTESIAN_POINT('',(-3.517728178069,0.498766143498,10.));
#4838 = SURFACE_OF_LINEAR_EXTRUSION('',#4839,#4843);
#4839 = B_SPLINE_CURVE_WITH_KNOTS('',2,(#4840,#4841,#4842),
  .UNSPECIFIED.,.F.,.F.,(3,3),(0.,1.),.PIECEWISE_BEZIER_KNOTS.);
#4840 = CARTESIAN_POINT('',(-3.268284557891,1.223682686525,10.));
#4841 = CARTESIAN_POINT('',(-3.496168459968,1.005999081184,10.));
#4842 = CARTESIAN_POINT('',(-3.517728178069,0.498766143498,10.));
#4843 = VECTOR('',#4844,1.);
#4844 = DIRECTION('',(-0.,-0.,1.));
#4845 = ADVANCED_FACE('',(#4846),#4871,.F.);
#4846 = FACE_BOUND('',#4847,.F.);
#4847 = EDGE_LOOP('',(#4848,#4858,#4864,#4865));
#4848 = ORIENTED_EDGE('',*,*,#4849,.T.);
#4849 = EDGE_CURVE('',#4850,#4852,#4854,.T.);
#4850 = VERTEX_POINT('',#4851);
#4851 = CARTESIAN_POINT('',(-2.64884835611,1.441598116792,10.));
#4852 = VERTEX_POINT('',#4853);
#4853 = CARTESIAN_POINT('',(-2.64884835611,1.441598116792,9.6));
#4854 = LINE('',#4855,#4856);
#4855 = CARTESIAN_POINT('',(-2.64884835611,1.441598116792,10.));
#4856 = VECTOR('',#4857,1.);
#4857 = DIRECTION('',(0.,0.,-1.));
#4858 = ORIENTED_EDGE('',*,*,#4859,.T.);
#4859 = EDGE_CURVE('',#4852,#4819,#4860,.T.);
#4860 = B_SPLINE_CURVE_WITH_KNOTS('',2,(#4861,#4862,#4863),
  .UNSPECIFIED.,.F.,.F.,(3,3),(0.,1.),.PIECEWISE_BEZIER_KNOTS.);
#4861 = CARTESIAN_POINT('',(-2.64884835611,1.441598116792,9.6));
#4862 = CARTESIAN_POINT('',(-3.040400655814,1.441598116792,9.6));
#4863 = CARTESIAN_POINT('',(-3.268284557891,1.223682686525,9.6));
#4864 = ORIENTED_EDGE('',*,*,#4816,.F.);
#4865 = ORIENTED_EDGE('',*,*,#4866,.F.);
#4866 = EDGE_CURVE('',#4850,#4817,#4867,.T.);
#4867 = B_SPLINE_CURVE_WITH_KNOTS('',2,(#4868,#4869,#4870),
  .UNSPECIFIED.,.F.,.F.,(3,3),(0.,1.),.PIECEWISE_BEZIER_KNOTS.);
#4868 = CARTESIAN_POINT('',(-2.64884835611,1.441598116792,10.));
#4869 = CARTESIAN_POINT('',(-3.040400655814,1.441598116792,10.));
#4870 = CARTESIAN_POINT('',(-3.268284557891,1.223682686525,10.));
#4871 = SURFACE_OF_LINEAR_EXTRUSION('',#4872,#4876);
#4872 = B_SPLINE_CURVE_WITH_KNOTS('',2,(#4873,#4874,#4875),
  .UNSPECIFIED.,.F.,.F.,(3,3),(0.,1.),.PIECEWISE_BEZIER_KNOTS.);
#4873 = CARTESIAN_POINT('',(-2.64884835611,1.441598116792,10.));
#4874 = CARTESIAN_POINT('',(-3.040400655814,1.441598116792,10.));
#4875 = CARTESIAN_POINT('',(-3.268284557891,1.223682686525,10.));
#4876 = VECTOR('',#4877,1.);
#4877 = DIRECTION('',(-0.,-0.,1.));
#4878 = ADVANCED_FACE('',(#4879),#4904,.F.);
#4879 = FACE_BOUND('',#4880,.F.);
#4880 = EDGE_LOOP('',(#4881,#4891,#4897,#4898));
#4881 = ORIENTED_EDGE('',*,*,#4882,.T.);
#4882 = EDGE_CURVE('',#4883,#4885,#4887,.T.);
#4883 = VERTEX_POINT('',#4884);
#4884 = CARTESIAN_POINT('',(-2.096873207742,1.302271336376,10.));
#4885 = VERTEX_POINT('',#4886);
#4886 = CARTESIAN_POINT('',(-2.096873207742,1.302271336376,9.6));
#4887 = LINE('',#4888,#4889);
#4888 = CARTESIAN_POINT('',(-2.096873207742,1.302271336376,10.));
#4889 = VECTOR('',#4890,1.);
#4890 = DIRECTION('',(0.,0.,-1.));
#4891 = ORIENTED_EDGE('',*,*,#4892,.T.);
#4892 = EDGE_CURVE('',#4885,#4852,#4893,.T.);
#4893 = B_SPLINE_CURVE_WITH_KNOTS('',2,(#4894,#4895,#4896),
  .UNSPECIFIED.,.F.,.F.,(3,3),(0.,1.),.PIECEWISE_BEZIER_KNOTS.);
#4894 = CARTESIAN_POINT('',(-2.096873207742,1.302271336376,9.6));
#4895 = CARTESIAN_POINT('',(-2.321279735932,1.441598116792,9.6));
#4896 = CARTESIAN_POINT('',(-2.64884835611,1.441598116792,9.6));
#4897 = ORIENTED_EDGE('',*,*,#4849,.F.);
#4898 = ORIENTED_EDGE('',*,*,#4899,.F.);
#4899 = EDGE_CURVE('',#4883,#4850,#4900,.T.);
#4900 = B_SPLINE_CURVE_WITH_KNOTS('',2,(#4901,#4902,#4903),
  .UNSPECIFIED.,.F.,.F.,(3,3),(0.,1.),.PIECEWISE_BEZIER_KNOTS.);
#4901 = CARTESIAN_POINT('',(-2.096873207742,1.302271336376,10.));
#4902 = CARTESIAN_POINT('',(-2.321279735932,1.441598116792,10.));
#4903 = CARTESIAN_POINT('',(-2.64884835611,1.441598116792,10.));
#4904 = SURFACE_OF_LINEAR_EXTRUSION('',#4905,#4909);
#4905 = B_SPLINE_CURVE_WITH_KNOTS('',2,(#4906,#4907,#4908),
  .UNSPECIFIED.,.F.,.F.,(3,3),(0.,1.),.PIECEWISE_BEZIER_KNOTS.);
#4906 = CARTESIAN_POINT('',(-2.096873207742,1.302271336376,10.));
#4907 = CARTESIAN_POINT('',(-2.321279735932,1.441598116792,10.));
#4908 = CARTESIAN_POINT('',(-2.64884835611,1.441598116792,10.));
#4909 = VECTOR('',#4910,1.);
#4910 = DIRECTION('',(-0.,-0.,1.));
#4911 = ADVANCED_FACE('',(#4912),#4937,.F.);
#4912 = FACE_BOUND('',#4913,.F.);
#4913 = EDGE_LOOP('',(#4914,#4924,#4930,#4931));
#4914 = ORIENTED_EDGE('',*,*,#4915,.T.);
#4915 = EDGE_CURVE('',#4916,#4918,#4920,.T.);
#4916 = VERTEX_POINT('',#4917);
#4917 = CARTESIAN_POINT('',(-1.772781961452,0.784374452103,10.));
#4918 = VERTEX_POINT('',#4919);
#4919 = CARTESIAN_POINT('',(-1.772781961452,0.784374452103,9.6));
#4920 = LINE('',#4921,#4922);
#4921 = CARTESIAN_POINT('',(-1.772781961452,0.784374452103,10.));
#4922 = VECTOR('',#4923,1.);
#4923 = DIRECTION('',(0.,0.,-1.));
#4924 = ORIENTED_EDGE('',*,*,#4925,.T.);
#4925 = EDGE_CURVE('',#4918,#4885,#4926,.T.);
#4926 = B_SPLINE_CURVE_WITH_KNOTS('',2,(#4927,#4928,#4929),
  .UNSPECIFIED.,.F.,.F.,(3,3),(0.,1.),.PIECEWISE_BEZIER_KNOTS.);
#4927 = CARTESIAN_POINT('',(-1.772781961452,0.784374452103,9.6));
#4928 = CARTESIAN_POINT('',(-1.872466679552,1.162944555961,9.6));
#4929 = CARTESIAN_POINT('',(-2.096873207742,1.302271336376,9.6));
#4930 = ORIENTED_EDGE('',*,*,#4882,.F.);
#4931 = ORIENTED_EDGE('',*,*,#4932,.F.);
#4932 = EDGE_CURVE('',#4916,#4883,#4933,.T.);
#4933 = B_SPLINE_CURVE_WITH_KNOTS('',2,(#4934,#4935,#4936),
  .UNSPECIFIED.,.F.,.F.,(3,3),(0.,1.),.PIECEWISE_BEZIER_KNOTS.);
#4934 = CARTESIAN_POINT('',(-1.772781961452,0.784374452103,10.));
#4935 = CARTESIAN_POINT('',(-1.872466679552,1.162944555961,10.));
#4936 = CARTESIAN_POINT('',(-2.096873207742,1.302271336376,10.));
#4937 = SURFACE_OF_LINEAR_EXTRUSION('',#4938,#4942);
#4938 = B_SPLINE_CURVE_WITH_KNOTS('',2,(#4939,#4940,#4941),
  .UNSPECIFIED.,.F.,.F.,(3,3),(0.,1.),.PIECEWISE_BEZIER_KNOTS.);
#4939 = CARTESIAN_POINT('',(-1.772781961452,0.784374452103,10.));
#4940 = CARTESIAN_POINT('',(-1.872466679552,1.162944555961,10.));
#4941 = CARTESIAN_POINT('',(-2.096873207742,1.302271336376,10.));
#4942 = VECTOR('',#4943,1.);
#4943 = DIRECTION('',(-0.,-0.,1.));
#4944 = ADVANCED_FACE('',(#4945),#4970,.F.);
#4945 = FACE_BOUND('',#4946,.F.);
#4946 = EDGE_LOOP('',(#4947,#4957,#4963,#4964));
#4947 = ORIENTED_EDGE('',*,*,#4948,.T.);
#4948 = EDGE_CURVE('',#4949,#4951,#4953,.T.);
#4949 = VERTEX_POINT('',#4950);
#4950 = CARTESIAN_POINT('',(-1.687470388751,0.637861098988,10.));
#4951 = VERTEX_POINT('',#4952);
#4952 = CARTESIAN_POINT('',(-1.687470388751,0.637861098988,9.6));
#4953 = LINE('',#4954,#4955);
#4954 = CARTESIAN_POINT('',(-1.687470388751,0.637861098988,10.));
#4955 = VECTOR('',#4956,1.);
#4956 = DIRECTION('',(0.,0.,-1.));
#4957 = ORIENTED_EDGE('',*,*,#4958,.T.);
#4958 = EDGE_CURVE('',#4951,#4918,#4959,.T.);
#4959 = B_SPLINE_CURVE_WITH_KNOTS('',2,(#4960,#4961,#4962),
  .UNSPECIFIED.,.F.,.F.,(3,3),(0.,1.),.PIECEWISE_BEZIER_KNOTS.);
#4960 = CARTESIAN_POINT('',(-1.687470388751,0.637861098988,9.6));
#4961 = CARTESIAN_POINT('',(-1.737312747802,0.677039511451,9.6));
#4962 = CARTESIAN_POINT('',(-1.772781961452,0.784374452103,9.6));
#4963 = ORIENTED_EDGE('',*,*,#4915,.F.);
#4964 = ORIENTED_EDGE('',*,*,#4965,.F.);
#4965 = EDGE_CURVE('',#4949,#4916,#4966,.T.);
#4966 = B_SPLINE_CURVE_WITH_KNOTS('',2,(#4967,#4968,#4969),
  .UNSPECIFIED.,.F.,.F.,(3,3),(0.,1.),.PIECEWISE_BEZIER_KNOTS.);
#4967 = CARTESIAN_POINT('',(-1.687470388751,0.637861098988,10.));
#4968 = CARTESIAN_POINT('',(-1.737312747802,0.677039511451,10.));
#4969 = CARTESIAN_POINT('',(-1.772781961452,0.784374452103,10.));
#4970 = SURFACE_OF_LINEAR_EXTRUSION('',#4971,#4975);
#4971 = B_SPLINE_CURVE_WITH_KNOTS('',2,(#4972,#4973,#4974),
  .UNSPECIFIED.,.F.,.F.,(3,3),(0.,1.),.PIECEWISE_BEZIER_KNOTS.);
#4972 = CARTESIAN_POINT('',(-1.687470388751,0.637861098988,10.));
#4973 = CARTESIAN_POINT('',(-1.737312747802,0.677039511451,10.));
#4974 = CARTESIAN_POINT('',(-1.772781961452,0.784374452103,10.));
#4975 = VECTOR('',#4976,1.);
#4976 = DIRECTION('',(-0.,-0.,1.));
#4977 = ADVANCED_FACE('',(#4978),#5003,.F.);
#4978 = FACE_BOUND('',#4979,.F.);
#4979 = EDGE_LOOP('',(#4980,#4990,#4996,#4997));
#4980 = ORIENTED_EDGE('',*,*,#4981,.T.);
#4981 = EDGE_CURVE('',#4982,#4984,#4986,.T.);
#4982 = VERTEX_POINT('',#4983);
#4983 = CARTESIAN_POINT('',(-1.544898059374,0.598682686525,10.));
#4984 = VERTEX_POINT('',#4985);
#4985 = CARTESIAN_POINT('',(-1.544898059374,0.598682686525,9.6));
#4986 = LINE('',#4987,#4988);
#4987 = CARTESIAN_POINT('',(-1.544898059374,0.598682686525,10.));
#4988 = VECTOR('',#4989,1.);
#4989 = DIRECTION('',(0.,0.,-1.));
#4990 = ORIENTED_EDGE('',*,*,#4991,.T.);
#4991 = EDGE_CURVE('',#4984,#4951,#4992,.T.);
#4992 = B_SPLINE_CURVE_WITH_KNOTS('',2,(#4993,#4994,#4995),
  .UNSPECIFIED.,.F.,.F.,(3,3),(0.,1.),.PIECEWISE_BEZIER_KNOTS.);
#4993 = CARTESIAN_POINT('',(-1.544898059374,0.598682686525,9.6));
#4994 = CARTESIAN_POINT('',(-1.637396204775,0.598682686525,9.6));
#4995 = CARTESIAN_POINT('',(-1.687470388751,0.637861098988,9.6));
#4996 = ORIENTED_EDGE('',*,*,#4948,.F.);
#4997 = ORIENTED_EDGE('',*,*,#4998,.F.);
#4998 = EDGE_CURVE('',#4982,#4949,#4999,.T.);
#4999 = B_SPLINE_CURVE_WITH_KNOTS('',2,(#5000,#5001,#5002),
  .UNSPECIFIED.,.F.,.F.,(3,3),(0.,1.),.PIECEWISE_BEZIER_KNOTS.);
#5000 = CARTESIAN_POINT('',(-1.544898059374,0.598682686525,10.));
#5001 = CARTESIAN_POINT('',(-1.637396204775,0.598682686525,10.));
#5002 = CARTESIAN_POINT('',(-1.687470388751,0.637861098988,10.));
#5003 = SURFACE_OF_LINEAR_EXTRUSION('',#5004,#5008);
#5004 = B_SPLINE_CURVE_WITH_KNOTS('',2,(#5005,#5006,#5007),
  .UNSPECIFIED.,.F.,.F.,(3,3),(0.,1.),.PIECEWISE_BEZIER_KNOTS.);
#5005 = CARTESIAN_POINT('',(-1.544898059374,0.598682686525,10.));
#5006 = CARTESIAN_POINT('',(-1.637396204775,0.598682686525,10.));
#5007 = CARTESIAN_POINT('',(-1.687470388751,0.637861098988,10.));
#5008 = VECTOR('',#5009,1.);
#5009 = DIRECTION('',(-0.,-0.,1.));
#5010 = ADVANCED_FACE('',(#5011),#5036,.F.);
#5011 = FACE_BOUND('',#5012,.F.);
#5012 = EDGE_LOOP('',(#5013,#5023,#5029,#5030));
#5013 = ORIENTED_EDGE('',*,*,#5014,.T.);
#5014 = EDGE_CURVE('',#5015,#5017,#5019,.T.);
#5015 = VERTEX_POINT('',#5016);
#5016 = CARTESIAN_POINT('',(-0.583520092015,0.598682686525,10.));
#5017 = VERTEX_POINT('',#5018);
#5018 = CARTESIAN_POINT('',(-0.583520092015,0.598682686525,9.6));
#5019 = LINE('',#5020,#5021);
#5020 = CARTESIAN_POINT('',(-0.583520092015,0.598682686525,10.));
#5021 = VECTOR('',#5022,1.);
#5022 = DIRECTION('',(0.,0.,-1.));
#5023 = ORIENTED_EDGE('',*,*,#5024,.T.);
#5024 = EDGE_CURVE('',#5017,#4984,#5025,.T.);
#5025 = LINE('',#5026,#5027);
#5026 = CARTESIAN_POINT('',(-0.583520092015,0.598682686525,9.6));
#5027 = VECTOR('',#5028,1.);
#5028 = DIRECTION('',(-1.,0.,0.));
#5029 = ORIENTED_EDGE('',*,*,#4981,.F.);
#5030 = ORIENTED_EDGE('',*,*,#5031,.F.);
#5031 = EDGE_CURVE('',#5015,#4982,#5032,.T.);
#5032 = LINE('',#5033,#5034);
#5033 = CARTESIAN_POINT('',(-0.583520092015,0.598682686525,10.));
#5034 = VECTOR('',#5035,1.);
#5035 = DIRECTION('',(-1.,0.,0.));
#5036 = PLANE('',#5037);
#5037 = AXIS2_PLACEMENT_3D('',#5038,#5039,#5040);
#5038 = CARTESIAN_POINT('',(-0.583520092015,0.598682686525,10.));
#5039 = DIRECTION('',(0.,1.,0.));
#5040 = DIRECTION('',(-1.,0.,0.));
#5041 = ADVANCED_FACE('',(#5042),#5067,.F.);
#5042 = FACE_BOUND('',#5043,.F.);
#5043 = EDGE_LOOP('',(#5044,#5054,#5060,#5061));
#5044 = ORIENTED_EDGE('',*,*,#5045,.T.);
#5045 = EDGE_CURVE('',#5046,#5048,#5050,.T.);
#5046 = VERTEX_POINT('',#5047);
#5047 = CARTESIAN_POINT('',(-0.473171427327,0.641570297801,10.));
#5048 = VERTEX_POINT('',#5049);
#5049 = CARTESIAN_POINT('',(-0.473171427327,0.641570297801,9.6));
#5050 = LINE('',#5051,#5052);
#5051 = CARTESIAN_POINT('',(-0.473171427327,0.641570297801,10.));
#5052 = VECTOR('',#5053,1.);
#5053 = DIRECTION('',(0.,0.,-1.));
#5054 = ORIENTED_EDGE('',*,*,#5055,.T.);
#5055 = EDGE_CURVE('',#5048,#5017,#5056,.T.);
#5056 = B_SPLINE_CURVE_WITH_KNOTS('',2,(#5057,#5058,#5059),
  .UNSPECIFIED.,.F.,.F.,(3,3),(0.,1.),.PIECEWISE_BEZIER_KNOTS.);
#5057 = CARTESIAN_POINT('',(-0.473171427327,0.641570297801,9.6));
#5058 = CARTESIAN_POINT('',(-0.519304587564,0.598682686525,9.6));
#5059 = CARTESIAN_POINT('',(-0.583520092015,0.598682686525,9.6));
#5060 = ORIENTED_EDGE('',*,*,#5014,.F.);
#5061 = ORIENTED_EDGE('',*,*,#5062,.F.);
#5062 = EDGE_CURVE('',#5046,#5015,#5063,.T.);
#5063 = B_SPLINE_CURVE_WITH_KNOTS('',2,(#5064,#5065,#5066),
  .UNSPECIFIED.,.F.,.F.,(3,3),(0.,1.),.PIECEWISE_BEZIER_KNOTS.);
#5064 = CARTESIAN_POINT('',(-0.473171427327,0.641570297801,10.));
#5065 = CARTESIAN_POINT('',(-0.519304587564,0.598682686525,10.));
#5066 = CARTESIAN_POINT('',(-0.583520092015,0.598682686525,10.));
#5067 = SURFACE_OF_LINEAR_EXTRUSION('',#5068,#5072);
#5068 = B_SPLINE_CURVE_WITH_KNOTS('',2,(#5069,#5070,#5071),
  .UNSPECIFIED.,.F.,.F.,(3,3),(0.,1.),.PIECEWISE_BEZIER_KNOTS.);
#5069 = CARTESIAN_POINT('',(-0.473171427327,0.641570297801,10.));
#5070 = CARTESIAN_POINT('',(-0.519304587564,0.598682686525,10.));
#5071 = CARTESIAN_POINT('',(-0.583520092015,0.598682686525,10.));
#5072 = VECTOR('',#5073,1.);
#5073 = DIRECTION('',(-0.,-0.,1.));
#5074 = ADVANCED_FACE('',(#5075),#5100,.F.);
#5075 = FACE_BOUND('',#5076,.F.);
#5076 = EDGE_LOOP('',(#5077,#5087,#5093,#5094));
#5077 = ORIENTED_EDGE('',*,*,#5078,.T.);
#5078 = EDGE_CURVE('',#5079,#5081,#5083,.T.);
#5079 = VERTEX_POINT('',#5080);
#5080 = CARTESIAN_POINT('',(-0.433993014864,0.748673413528,10.));
#5081 = VERTEX_POINT('',#5082);
#5082 = CARTESIAN_POINT('',(-0.433993014864,0.748673413528,9.6));
#5083 = LINE('',#5084,#5085);
#5084 = CARTESIAN_POINT('',(-0.433993014864,0.748673413528,10.));
#5085 = VECTOR('',#5086,1.);
#5086 = DIRECTION('',(0.,0.,-1.));
#5087 = ORIENTED_EDGE('',*,*,#5088,.T.);
#5088 = EDGE_CURVE('',#5081,#5048,#5089,.T.);
#5089 = B_SPLINE_CURVE_WITH_KNOTS('',2,(#5090,#5091,#5092),
  .UNSPECIFIED.,.F.,.F.,(3,3),(0.,1.),.PIECEWISE_BEZIER_KNOTS.);
#5090 = CARTESIAN_POINT('',(-0.433993014864,0.748673413528,9.6));
#5091 = CARTESIAN_POINT('',(-0.426806442164,0.684457909077,9.6));
#5092 = CARTESIAN_POINT('',(-0.473171427327,0.641570297801,9.6));
#5093 = ORIENTED_EDGE('',*,*,#5045,.F.);
#5094 = ORIENTED_EDGE('',*,*,#5095,.F.);
#5095 = EDGE_CURVE('',#5079,#5046,#5096,.T.);
#5096 = B_SPLINE_CURVE_WITH_KNOTS('',2,(#5097,#5098,#5099),
  .UNSPECIFIED.,.F.,.F.,(3,3),(0.,1.),.PIECEWISE_BEZIER_KNOTS.);
#5097 = CARTESIAN_POINT('',(-0.433993014864,0.748673413528,10.));
#5098 = CARTESIAN_POINT('',(-0.426806442164,0.684457909077,10.));
#5099 = CARTESIAN_POINT('',(-0.473171427327,0.641570297801,10.));
#5100 = SURFACE_OF_LINEAR_EXTRUSION('',#5101,#5105);
#5101 = B_SPLINE_CURVE_WITH_KNOTS('',2,(#5102,#5103,#5104),
  .UNSPECIFIED.,.F.,.F.,(3,3),(0.,1.),.PIECEWISE_BEZIER_KNOTS.);
#5102 = CARTESIAN_POINT('',(-0.433993014864,0.748673413528,10.));
#5103 = CARTESIAN_POINT('',(-0.426806442164,0.684457909077,10.));
#5104 = CARTESIAN_POINT('',(-0.473171427327,0.641570297801,10.));
#5105 = VECTOR('',#5106,1.);
#5106 = DIRECTION('',(-0.,-0.,1.));
#5107 = ADVANCED_FACE('',(#5108),#5133,.F.);
#5108 = FACE_BOUND('',#5109,.F.);
#5109 = EDGE_LOOP('',(#5110,#5120,#5126,#5127));
#5110 = ORIENTED_EDGE('',*,*,#5111,.T.);
#5111 = EDGE_CURVE('',#5112,#5114,#5116,.T.);
#5112 = VERTEX_POINT('',#5113);
#5113 = CARTESIAN_POINT('',(-0.601370611303,1.464548784448,10.));
#5114 = VERTEX_POINT('',#5115);
#5115 = CARTESIAN_POINT('',(-0.601370611303,1.464548784448,9.6));
#5116 = LINE('',#5117,#5118);
#5117 = CARTESIAN_POINT('',(-0.601370611303,1.464548784448,10.));
#5118 = VECTOR('',#5119,1.);
#5119 = DIRECTION('',(0.,0.,-1.));
#5120 = ORIENTED_EDGE('',*,*,#5121,.T.);
#5121 = EDGE_CURVE('',#5114,#5081,#5122,.T.);
#5122 = B_SPLINE_CURVE_WITH_KNOTS('',2,(#5123,#5124,#5125),
  .UNSPECIFIED.,.F.,.F.,(3,3),(0.,1.),.PIECEWISE_BEZIER_KNOTS.);
#5123 = CARTESIAN_POINT('',(-0.601370611303,1.464548784448,9.6));
#5124 = CARTESIAN_POINT('',(-0.433993014864,1.147644110857,9.6));
#5125 = CARTESIAN_POINT('',(-0.433993014864,0.748673413528,9.6));
#5126 = ORIENTED_EDGE('',*,*,#5078,.F.);
#5127 = ORIENTED_EDGE('',*,*,#5128,.F.);
#5128 = EDGE_CURVE('',#5112,#5079,#5129,.T.);
#5129 = B_SPLINE_CURVE_WITH_KNOTS('',2,(#5130,#5131,#5132),
  .UNSPECIFIED.,.F.,.F.,(3,3),(0.,1.),.PIECEWISE_BEZIER_KNOTS.);
#5130 = CARTESIAN_POINT('',(-0.601370611303,1.464548784448,10.));
#5131 = CARTESIAN_POINT('',(-0.433993014864,1.147644110857,10.));
#5132 = CARTESIAN_POINT('',(-0.433993014864,0.748673413528,10.));
#5133 = SURFACE_OF_LINEAR_EXTRUSION('',#5134,#5138);
#5134 = B_SPLINE_CURVE_WITH_KNOTS('',2,(#5135,#5136,#5137),
  .UNSPECIFIED.,.F.,.F.,(3,3),(0.,1.),.PIECEWISE_BEZIER_KNOTS.);
#5135 = CARTESIAN_POINT('',(-0.601370611303,1.464548784448,10.));
#5136 = CARTESIAN_POINT('',(-0.433993014864,1.147644110857,10.));
#5137 = CARTESIAN_POINT('',(-0.433993014864,0.748673413528,10.));
#5138 = VECTOR('',#5139,1.);
#5139 = DIRECTION('',(-0.,-0.,1.));
#5140 = ADVANCED_FACE('',(#5141),#5166,.F.);
#5141 = FACE_BOUND('',#5142,.F.);
#5142 = EDGE_LOOP('',(#5143,#5153,#5159,#5160));
#5143 = ORIENTED_EDGE('',*,*,#5144,.T.);
#5144 = EDGE_CURVE('',#5145,#5147,#5149,.T.);
#5145 = VERTEX_POINT('',#5146);
#5146 = CARTESIAN_POINT('',(-1.068034186971,2.005859986228,10.));
#5147 = VERTEX_POINT('',#5148);
#5148 = CARTESIAN_POINT('',(-1.068034186971,2.005859986228,9.6));
#5149 = LINE('',#5150,#5151);
#5150 = CARTESIAN_POINT('',(-1.068034186971,2.005859986228,10.));
#5151 = VECTOR('',#5152,1.);
#5152 = DIRECTION('',(0.,0.,-1.));
#5153 = ORIENTED_EDGE('',*,*,#5154,.T.);
#5154 = EDGE_CURVE('',#5147,#5114,#5155,.T.);
#5155 = B_SPLINE_CURVE_WITH_KNOTS('',2,(#5156,#5157,#5158),
  .UNSPECIFIED.,.F.,.F.,(3,3),(0.,1.),.PIECEWISE_BEZIER_KNOTS.);
#5156 = CARTESIAN_POINT('',(-1.068034186971,2.005859986228,9.6));
#5157 = CARTESIAN_POINT('',(-0.768748207742,1.781453458038,9.6));
#5158 = CARTESIAN_POINT('',(-0.601370611303,1.464548784448,9.6));
#5159 = ORIENTED_EDGE('',*,*,#5111,.F.);
#5160 = ORIENTED_EDGE('',*,*,#5161,.F.);
#5161 = EDGE_CURVE('',#5145,#5112,#5162,.T.);
#5162 = B_SPLINE_CURVE_WITH_KNOTS('',2,(#5163,#5164,#5165),
  .UNSPECIFIED.,.F.,.F.,(3,3),(0.,1.),.PIECEWISE_BEZIER_KNOTS.);
#5163 = CARTESIAN_POINT('',(-1.068034186971,2.005859986228,10.));
#5164 = CARTESIAN_POINT('',(-0.768748207742,1.781453458038,10.));
#5165 = CARTESIAN_POINT('',(-0.601370611303,1.464548784448,10.));
#5166 = SURFACE_OF_LINEAR_EXTRUSION('',#5167,#5171);
#5167 = B_SPLINE_CURVE_WITH_KNOTS('',2,(#5168,#5169,#5170),
  .UNSPECIFIED.,.F.,.F.,(3,3),(0.,1.),.PIECEWISE_BEZIER_KNOTS.);
#5168 = CARTESIAN_POINT('',(-1.068034186971,2.005859986228,10.));
#5169 = CARTESIAN_POINT('',(-0.768748207742,1.781453458038,10.));
#5170 = CARTESIAN_POINT('',(-0.601370611303,1.464548784448,10.));
#5171 = VECTOR('',#5172,1.);
#5172 = DIRECTION('',(-0.,-0.,1.));
#5173 = ADVANCED_FACE('',(#5174),#5199,.F.);
#5174 = FACE_BOUND('',#5175,.F.);
#5175 = EDGE_LOOP('',(#5176,#5186,#5192,#5193));
#5176 = ORIENTED_EDGE('',*,*,#5177,.T.);
#5177 = EDGE_CURVE('',#5178,#5180,#5182,.T.);
#5178 = VERTEX_POINT('',#5179);
#5179 = CARTESIAN_POINT('',(-1.765827213677,2.347801751807,10.));
#5180 = VERTEX_POINT('',#5181);
#5181 = CARTESIAN_POINT('',(-1.765827213677,2.347801751807,9.6));
#5182 = LINE('',#5183,#5184);
#5183 = CARTESIAN_POINT('',(-1.765827213677,2.347801751807,10.));
#5184 = VECTOR('',#5185,1.);
#5185 = DIRECTION('',(0.,0.,-1.));
#5186 = ORIENTED_EDGE('',*,*,#5187,.T.);
#5187 = EDGE_CURVE('',#5180,#5147,#5188,.T.);
#5188 = B_SPLINE_CURVE_WITH_KNOTS('',2,(#5189,#5190,#5191),
  .UNSPECIFIED.,.F.,.F.,(3,3),(0.,1.),.PIECEWISE_BEZIER_KNOTS.);
#5189 = CARTESIAN_POINT('',(-1.765827213677,2.347801751807,9.6));
#5190 = CARTESIAN_POINT('',(-1.367088341274,2.230266514418,9.6));
#5191 = CARTESIAN_POINT('',(-1.068034186971,2.005859986228,9.6));
#5192 = ORIENTED_EDGE('',*,*,#5144,.F.);
#5193 = ORIENTED_EDGE('',*,*,#5194,.F.);
#5194 = EDGE_CURVE('',#5178,#5145,#5195,.T.);
#5195 = B_SPLINE_CURVE_WITH_KNOTS('',2,(#5196,#5197,#5198),
  .UNSPECIFIED.,.F.,.F.,(3,3),(0.,1.),.PIECEWISE_BEZIER_KNOTS.);
#5196 = CARTESIAN_POINT('',(-1.765827213677,2.347801751807,10.));
#5197 = CARTESIAN_POINT('',(-1.367088341274,2.230266514418,10.));
#5198 = CARTESIAN_POINT('',(-1.068034186971,2.005859986228,10.));
#5199 = SURFACE_OF_LINEAR_EXTRUSION('',#5200,#5204);
#5200 = B_SPLINE_CURVE_WITH_KNOTS('',2,(#5201,#5202,#5203),
  .UNSPECIFIED.,.F.,.F.,(3,3),(0.,1.),.PIECEWISE_BEZIER_KNOTS.);
#5201 = CARTESIAN_POINT('',(-1.765827213677,2.347801751807,10.));
#5202 = CARTESIAN_POINT('',(-1.367088341274,2.230266514418,10.));
#5203 = CARTESIAN_POINT('',(-1.068034186971,2.005859986228,10.));
#5204 = VECTOR('',#5205,1.);
#5205 = DIRECTION('',(-0.,-0.,1.));
#5206 = ADVANCED_FACE('',(#5207),#5232,.F.);
#5207 = FACE_BOUND('',#5208,.F.);
#5208 = EDGE_LOOP('',(#5209,#5219,#5225,#5226));
#5209 = ORIENTED_EDGE('',*,*,#5210,.T.);
#5210 = EDGE_CURVE('',#5211,#5213,#5215,.T.);
#5211 = VERTEX_POINT('',#5212);
#5212 = CARTESIAN_POINT('',(-2.634707035636,2.465336989195,10.));
#5213 = VERTEX_POINT('',#5214);
#5214 = CARTESIAN_POINT('',(-2.634707035636,2.465336989195,9.6));
#5215 = LINE('',#5216,#5217);
#5216 = CARTESIAN_POINT('',(-2.634707035636,2.465336989195,10.));
#5217 = VECTOR('',#5218,1.);
#5218 = DIRECTION('',(0.,0.,-1.));
#5219 = ORIENTED_EDGE('',*,*,#5220,.T.);
#5220 = EDGE_CURVE('',#5213,#5180,#5221,.T.);
#5221 = B_SPLINE_CURVE_WITH_KNOTS('',2,(#5222,#5223,#5224),
  .UNSPECIFIED.,.F.,.F.,(3,3),(0.,1.),.PIECEWISE_BEZIER_KNOTS.);
#5222 = CARTESIAN_POINT('',(-2.634707035636,2.465336989195,9.6));
#5223 = CARTESIAN_POINT('',(-2.164566086081,2.465336989195,9.6));
#5224 = CARTESIAN_POINT('',(-1.765827213677,2.347801751807,9.6));
#5225 = ORIENTED_EDGE('',*,*,#5177,.F.);
#5226 = ORIENTED_EDGE('',*,*,#5227,.F.);
#5227 = EDGE_CURVE('',#5211,#5178,#5228,.T.);
#5228 = B_SPLINE_CURVE_WITH_KNOTS('',2,(#5229,#5230,#5231),
  .UNSPECIFIED.,.F.,.F.,(3,3),(0.,1.),.PIECEWISE_BEZIER_KNOTS.);
#5229 = CARTESIAN_POINT('',(-2.634707035636,2.465336989195,10.));
#5230 = CARTESIAN_POINT('',(-2.164566086081,2.465336989195,10.));
#5231 = CARTESIAN_POINT('',(-1.765827213677,2.347801751807,10.));
#5232 = SURFACE_OF_LINEAR_EXTRUSION('',#5233,#5237);
#5233 = B_SPLINE_CURVE_WITH_KNOTS('',2,(#5234,#5235,#5236),
  .UNSPECIFIED.,.F.,.F.,(3,3),(0.,1.),.PIECEWISE_BEZIER_KNOTS.);
#5234 = CARTESIAN_POINT('',(-2.634707035636,2.465336989195,10.));
#5235 = CARTESIAN_POINT('',(-2.164566086081,2.465336989195,10.));
#5236 = CARTESIAN_POINT('',(-1.765827213677,2.347801751807,10.));
#5237 = VECTOR('',#5238,1.);
#5238 = DIRECTION('',(-0.,-0.,1.));
#5239 = ADVANCED_FACE('',(#5240),#5265,.F.);
#5240 = FACE_BOUND('',#5241,.F.);
#5241 = EDGE_LOOP('',(#5242,#5252,#5258,#5259));
#5242 = ORIENTED_EDGE('',*,*,#5243,.T.);
#5243 = EDGE_CURVE('',#5244,#5246,#5248,.T.);
#5244 = VERTEX_POINT('',#5245);
#5245 = CARTESIAN_POINT('',(-3.781313118722,2.244176009967,10.));
#5246 = VERTEX_POINT('',#5247);
#5247 = CARTESIAN_POINT('',(-3.781313118722,2.244176009967,9.6));
#5248 = LINE('',#5249,#5250);
#5249 = CARTESIAN_POINT('',(-3.781313118722,2.244176009967,10.));
#5250 = VECTOR('',#5251,1.);
#5251 = DIRECTION('',(0.,0.,-1.));
#5252 = ORIENTED_EDGE('',*,*,#5253,.T.);
#5253 = EDGE_CURVE('',#5246,#5213,#5254,.T.);
#5254 = B_SPLINE_CURVE_WITH_KNOTS('',2,(#5255,#5256,#5257),
  .UNSPECIFIED.,.F.,.F.,(3,3),(0.,1.),.PIECEWISE_BEZIER_KNOTS.);
#5255 = CARTESIAN_POINT('',(-3.781313118722,2.244176009967,9.6));
#5256 = CARTESIAN_POINT('',(-3.297030848692,2.465336989195,9.6));
#5257 = CARTESIAN_POINT('',(-2.634707035636,2.465336989195,9.6));
#5258 = ORIENTED_EDGE('',*,*,#5210,.F.);
#5259 = ORIENTED_EDGE('',*,*,#5260,.F.);
#5260 = EDGE_CURVE('',#5244,#5211,#5261,.T.);
#5261 = B_SPLINE_CURVE_WITH_KNOTS('',2,(#5262,#5263,#5264),
  .UNSPECIFIED.,.F.,.F.,(3,3),(0.,1.),.PIECEWISE_BEZIER_KNOTS.);
#5262 = CARTESIAN_POINT('',(-3.781313118722,2.244176009967,10.));
#5263 = CARTESIAN_POINT('',(-3.297030848692,2.465336989195,10.));
#5264 = CARTESIAN_POINT('',(-2.634707035636,2.465336989195,10.));
#5265 = SURFACE_OF_LINEAR_EXTRUSION('',#5266,#5270);
#5266 = B_SPLINE_CURVE_WITH_KNOTS('',2,(#5267,#5268,#5269),
  .UNSPECIFIED.,.F.,.F.,(3,3),(0.,1.),.PIECEWISE_BEZIER_KNOTS.);
#5267 = CARTESIAN_POINT('',(-3.781313118722,2.244176009967,10.));
#5268 = CARTESIAN_POINT('',(-3.297030848692,2.465336989195,10.));
#5269 = CARTESIAN_POINT('',(-2.634707035636,2.465336989195,10.));
#5270 = VECTOR('',#5271,1.);
#5271 = DIRECTION('',(-0.,-0.,1.));
#5272 = ADVANCED_FACE('',(#5273),#5298,.F.);
#5273 = FACE_BOUND('',#5274,.F.);
#5274 = EDGE_LOOP('',(#5275,#5285,#5291,#5292));
#5275 = ORIENTED_EDGE('',*,*,#5276,.T.);
#5276 = EDGE_CURVE('',#5277,#5279,#5281,.T.);
#5277 = VERTEX_POINT('',#5278);
#5278 = CARTESIAN_POINT('',(-4.536366902104,1.588343294833,10.));
#5279 = VERTEX_POINT('',#5280);
#5280 = CARTESIAN_POINT('',(-4.536366902104,1.588343294833,9.6));
#5281 = LINE('',#5282,#5283);
#5282 = CARTESIAN_POINT('',(-4.536366902104,1.588343294833,10.));
#5283 = VECTOR('',#5284,1.);
#5284 = DIRECTION('',(0.,0.,-1.));
#5285 = ORIENTED_EDGE('',*,*,#5286,.T.);
#5286 = EDGE_CURVE('',#5279,#5246,#5287,.T.);
#5287 = B_SPLINE_CURVE_WITH_KNOTS('',2,(#5288,#5289,#5290),
  .UNSPECIFIED.,.F.,.F.,(3,3),(0.,1.),.PIECEWISE_BEZIER_KNOTS.);
#5288 = CARTESIAN_POINT('',(-4.536366902104,1.588343294833,9.6));
#5289 = CARTESIAN_POINT('',(-4.265595388751,2.023246855664,9.6));
#5290 = CARTESIAN_POINT('',(-3.781313118722,2.244176009967,9.6));
#5291 = ORIENTED_EDGE('',*,*,#5243,.F.);
#5292 = ORIENTED_EDGE('',*,*,#5293,.F.);
#5293 = EDGE_CURVE('',#5277,#5244,#5294,.T.);
#5294 = B_SPLINE_CURVE_WITH_KNOTS('',2,(#5295,#5296,#5297),
  .UNSPECIFIED.,.F.,.F.,(3,3),(0.,1.),.PIECEWISE_BEZIER_KNOTS.);
#5295 = CARTESIAN_POINT('',(-4.536366902104,1.588343294833,10.));
#5296 = CARTESIAN_POINT('',(-4.265595388751,2.023246855664,10.));
#5297 = CARTESIAN_POINT('',(-3.781313118722,2.244176009967,10.));
#5298 = SURFACE_OF_LINEAR_EXTRUSION('',#5299,#5303);
#5299 = B_SPLINE_CURVE_WITH_KNOTS('',2,(#5300,#5301,#5302),
  .UNSPECIFIED.,.F.,.F.,(3,3),(0.,1.),.PIECEWISE_BEZIER_KNOTS.);
#5300 = CARTESIAN_POINT('',(-4.536366902104,1.588343294833,10.));
#5301 = CARTESIAN_POINT('',(-4.265595388751,2.023246855664,10.));
#5302 = CARTESIAN_POINT('',(-3.781313118722,2.244176009967,10.));
#5303 = VECTOR('',#5304,1.);
#5304 = DIRECTION('',(-0.,-0.,1.));
#5305 = ADVANCED_FACE('',(#5306),#5331,.F.);
#5306 = FACE_BOUND('',#5307,.F.);
#5307 = EDGE_LOOP('',(#5308,#5318,#5324,#5325));
#5308 = ORIENTED_EDGE('',*,*,#5309,.T.);
#5309 = EDGE_CURVE('',#5310,#5312,#5314,.T.);
#5310 = VERTEX_POINT('',#5311);
#5311 = CARTESIAN_POINT('',(-4.835189231481,0.533308057445,10.));
#5312 = VERTEX_POINT('',#5313);
#5313 = CARTESIAN_POINT('',(-4.835189231481,0.533308057445,9.6));
#5314 = LINE('',#5315,#5316);
#5315 = CARTESIAN_POINT('',(-4.835189231481,0.533308057445,10.));
#5316 = VECTOR('',#5317,1.);
#5317 = DIRECTION('',(0.,0.,-1.));
#5318 = ORIENTED_EDGE('',*,*,#5319,.T.);
#5319 = EDGE_CURVE('',#5312,#5279,#5320,.T.);
#5320 = B_SPLINE_CURVE_WITH_KNOTS('',2,(#5321,#5322,#5323),
  .UNSPECIFIED.,.F.,.F.,(3,3),(0.,1.),.PIECEWISE_BEZIER_KNOTS.);
#5321 = CARTESIAN_POINT('',(-4.835189231481,0.533308057445,9.6));
#5322 = CARTESIAN_POINT('',(-4.806906590532,1.153439734003,9.6));
#5323 = CARTESIAN_POINT('',(-4.536366902104,1.588343294833,9.6));
#5324 = ORIENTED_EDGE('',*,*,#5276,.F.);
#5325 = ORIENTED_EDGE('',*,*,#5326,.F.);
#5326 = EDGE_CURVE('',#5310,#5277,#5327,.T.);
#5327 = B_SPLINE_CURVE_WITH_KNOTS('',2,(#5328,#5329,#5330),
  .UNSPECIFIED.,.F.,.F.,(3,3),(0.,1.),.PIECEWISE_BEZIER_KNOTS.);
#5328 = CARTESIAN_POINT('',(-4.835189231481,0.533308057445,10.));
#5329 = CARTESIAN_POINT('',(-4.806906590532,1.153439734003,10.));
#5330 = CARTESIAN_POINT('',(-4.536366902104,1.588343294833,10.));
#5331 = SURFACE_OF_LINEAR_EXTRUSION('',#5332,#5336);
#5332 = B_SPLINE_CURVE_WITH_KNOTS('',2,(#5333,#5334,#5335),
  .UNSPECIFIED.,.F.,.F.,(3,3),(0.,1.),.PIECEWISE_BEZIER_KNOTS.);
#5333 = CARTESIAN_POINT('',(-4.835189231481,0.533308057445,10.));
#5334 = CARTESIAN_POINT('',(-4.806906590532,1.153439734003,10.));
#5335 = CARTESIAN_POINT('',(-4.536366902104,1.588343294833,10.));
#5336 = VECTOR('',#5337,1.);
#5337 = DIRECTION('',(-0.,-0.,1.));
#5338 = ADVANCED_FACE('',(#5339),#5364,.F.);
#5339 = FACE_BOUND('',#5340,.F.);
#5340 = EDGE_LOOP('',(#5341,#5351,#5357,#5358));
#5341 = ORIENTED_EDGE('',*,*,#5342,.T.);
#5342 = EDGE_CURVE('',#5343,#5345,#5347,.T.);
#5343 = VERTEX_POINT('',#5344);
#5344 = CARTESIAN_POINT('',(-4.842375804182,-0.10861516214,10.));
#5345 = VERTEX_POINT('',#5346);
#5346 = CARTESIAN_POINT('',(-4.842375804182,-0.10861516214,9.6));
#5347 = LINE('',#5348,#5349);
#5348 = CARTESIAN_POINT('',(-4.842375804182,-0.10861516214,10.));
#5349 = VECTOR('',#5350,1.);
#5350 = DIRECTION('',(0.,0.,-1.));
#5351 = ORIENTED_EDGE('',*,*,#5352,.T.);
#5352 = EDGE_CURVE('',#5345,#5312,#5353,.T.);
#5353 = B_SPLINE_CURVE_WITH_KNOTS('',2,(#5354,#5355,#5356),
  .UNSPECIFIED.,.F.,.F.,(3,3),(0.,1.),.PIECEWISE_BEZIER_KNOTS.);
#5354 = CARTESIAN_POINT('',(-4.842375804182,-0.10861516214,9.6));
#5355 = CARTESIAN_POINT('',(-4.842375804182,0.22660368059,9.6));
#5356 = CARTESIAN_POINT('',(-4.835189231481,0.533308057445,9.6));
#5357 = ORIENTED_EDGE('',*,*,#5309,.F.);
#5358 = ORIENTED_EDGE('',*,*,#5359,.F.);
#5359 = EDGE_CURVE('',#5343,#5310,#5360,.T.);
#5360 = B_SPLINE_CURVE_WITH_KNOTS('',2,(#5361,#5362,#5363),
  .UNSPECIFIED.,.F.,.F.,(3,3),(0.,1.),.PIECEWISE_BEZIER_KNOTS.);
#5361 = CARTESIAN_POINT('',(-4.842375804182,-0.10861516214,10.));
#5362 = CARTESIAN_POINT('',(-4.842375804182,0.22660368059,10.));
#5363 = CARTESIAN_POINT('',(-4.835189231481,0.533308057445,10.));
#5364 = SURFACE_OF_LINEAR_EXTRUSION('',#5365,#5369);
#5365 = B_SPLINE_CURVE_WITH_KNOTS('',2,(#5366,#5367,#5368),
  .UNSPECIFIED.,.F.,.F.,(3,3),(0.,1.),.PIECEWISE_BEZIER_KNOTS.);
#5366 = CARTESIAN_POINT('',(-4.842375804182,-0.10861516214,10.));
#5367 = CARTESIAN_POINT('',(-4.842375804182,0.22660368059,10.));
#5368 = CARTESIAN_POINT('',(-4.835189231481,0.533308057445,10.));
#5369 = VECTOR('',#5370,1.);
#5370 = DIRECTION('',(-0.,-0.,1.));
#5371 = ADVANCED_FACE('',(#5372),#5397,.F.);
#5372 = FACE_BOUND('',#5373,.F.);
#5373 = EDGE_LOOP('',(#5374,#5384,#5390,#5391));
#5374 = ORIENTED_EDGE('',*,*,#5375,.T.);
#5375 = EDGE_CURVE('',#5376,#5378,#5380,.T.);
#5376 = VERTEX_POINT('',#5377);
#5377 = CARTESIAN_POINT('',(-4.835189231481,-0.735933411398,10.));
#5378 = VERTEX_POINT('',#5379);
#5379 = CARTESIAN_POINT('',(-4.835189231481,-0.735933411398,9.6));
#5380 = LINE('',#5381,#5382);
#5381 = CARTESIAN_POINT('',(-4.835189231481,-0.735933411398,10.));
#5382 = VECTOR('',#5383,1.);
#5383 = DIRECTION('',(0.,0.,-1.));
#5384 = ORIENTED_EDGE('',*,*,#5385,.T.);
#5385 = EDGE_CURVE('',#5378,#5345,#5386,.T.);
#5386 = B_SPLINE_CURVE_WITH_KNOTS('',2,(#5387,#5388,#5389),
  .UNSPECIFIED.,.F.,.F.,(3,3),(0.,1.),.PIECEWISE_BEZIER_KNOTS.);
#5387 = CARTESIAN_POINT('',(-4.835189231481,-0.735933411398,9.6));
#5388 = CARTESIAN_POINT('',(-4.842375804182,-0.443602179944,9.6));
#5389 = CARTESIAN_POINT('',(-4.842375804182,-0.10861516214,9.6));
#5390 = ORIENTED_EDGE('',*,*,#5342,.F.);
#5391 = ORIENTED_EDGE('',*,*,#5392,.F.);
#5392 = EDGE_CURVE('',#5376,#5343,#5393,.T.);
#5393 = B_SPLINE_CURVE_WITH_KNOTS('',2,(#5394,#5395,#5396),
  .UNSPECIFIED.,.F.,.F.,(3,3),(0.,1.),.PIECEWISE_BEZIER_KNOTS.);
#5394 = CARTESIAN_POINT('',(-4.835189231481,-0.735933411398,10.));
#5395 = CARTESIAN_POINT('',(-4.842375804182,-0.443602179944,10.));
#5396 = CARTESIAN_POINT('',(-4.842375804182,-0.10861516214,10.));
#5397 = SURFACE_OF_LINEAR_EXTRUSION('',#5398,#5402);
#5398 = B_SPLINE_CURVE_WITH_KNOTS('',2,(#5399,#5400,#5401),
  .UNSPECIFIED.,.F.,.F.,(3,3),(0.,1.),.PIECEWISE_BEZIER_KNOTS.);
#5399 = CARTESIAN_POINT('',(-4.835189231481,-0.735933411398,10.));
#5400 = CARTESIAN_POINT('',(-4.842375804182,-0.443602179944,10.));
#5401 = CARTESIAN_POINT('',(-4.842375804182,-0.10861516214,10.));
#5402 = VECTOR('',#5403,1.);
#5403 = DIRECTION('',(-0.,-0.,1.));
#5404 = ADVANCED_FACE('',(#5405),#5430,.F.);
#5405 = FACE_BOUND('',#5406,.F.);
#5406 = EDGE_LOOP('',(#5407,#5417,#5423,#5424));
#5407 = ORIENTED_EDGE('',*,*,#5408,.T.);
#5408 = EDGE_CURVE('',#5409,#5411,#5413,.T.);
#5409 = VERTEX_POINT('',#5410);
#5410 = CARTESIAN_POINT('',(-4.539844275992,-1.798387046413,10.));
#5411 = VERTEX_POINT('',#5412);
#5412 = CARTESIAN_POINT('',(-4.539844275992,-1.798387046413,9.6));
#5413 = LINE('',#5414,#5415);
#5414 = CARTESIAN_POINT('',(-4.539844275992,-1.798387046413,10.));
#5415 = VECTOR('',#5416,1.);
#5416 = DIRECTION('',(0.,0.,-1.));
#5417 = ORIENTED_EDGE('',*,*,#5418,.T.);
#5418 = EDGE_CURVE('',#5411,#5378,#5419,.T.);
#5419 = B_SPLINE_CURVE_WITH_KNOTS('',2,(#5420,#5421,#5422),
  .UNSPECIFIED.,.F.,.F.,(3,3),(0.,1.),.PIECEWISE_BEZIER_KNOTS.);
#5420 = CARTESIAN_POINT('',(-4.539844275992,-1.798387046413,9.6));
#5421 = CARTESIAN_POINT('',(-4.806906590532,-1.370670058282,9.6));
#5422 = CARTESIAN_POINT('',(-4.835189231481,-0.735933411398,9.6));
#5423 = ORIENTED_EDGE('',*,*,#5375,.F.);
#5424 = ORIENTED_EDGE('',*,*,#5425,.F.);
#5425 = EDGE_CURVE('',#5409,#5376,#5426,.T.);
#5426 = B_SPLINE_CURVE_WITH_KNOTS('',2,(#5427,#5428,#5429),
  .UNSPECIFIED.,.F.,.F.,(3,3),(0.,1.),.PIECEWISE_BEZIER_KNOTS.);
#5427 = CARTESIAN_POINT('',(-4.539844275992,-1.798387046413,10.));
#5428 = CARTESIAN_POINT('',(-4.806906590532,-1.370670058282,10.));
#5429 = CARTESIAN_POINT('',(-4.835189231481,-0.735933411398,10.));
#5430 = SURFACE_OF_LINEAR_EXTRUSION('',#5431,#5435);
#5431 = B_SPLINE_CURVE_WITH_KNOTS('',2,(#5432,#5433,#5434),
  .UNSPECIFIED.,.F.,.F.,(3,3),(0.,1.),.PIECEWISE_BEZIER_KNOTS.);
#5432 = CARTESIAN_POINT('',(-4.539844275992,-1.798387046413,10.));
#5433 = CARTESIAN_POINT('',(-4.806906590532,-1.370670058282,10.));
#5434 = CARTESIAN_POINT('',(-4.835189231481,-0.735933411398,10.));
#5435 = VECTOR('',#5436,1.);
#5436 = DIRECTION('',(-0.,-0.,1.));
#5437 = ADVANCED_FACE('',(#5438),#5454,.F.);
#5438 = FACE_BOUND('',#5439,.F.);
#5439 = EDGE_LOOP('',(#5440,#5441,#5447,#5448));
#5440 = ORIENTED_EDGE('',*,*,#4332,.T.);
#5441 = ORIENTED_EDGE('',*,*,#5442,.T.);
#5442 = EDGE_CURVE('',#4325,#5411,#5443,.T.);
#5443 = B_SPLINE_CURVE_WITH_KNOTS('',2,(#5444,#5445,#5446),
  .UNSPECIFIED.,.F.,.F.,(3,3),(0.,1.),.PIECEWISE_BEZIER_KNOTS.);
#5444 = CARTESIAN_POINT('',(-3.788499691422,-2.447265013772,9.6));
#5445 = CARTESIAN_POINT('',(-4.272781961452,-2.226104034543,9.6));
#5446 = CARTESIAN_POINT('',(-4.539844275992,-1.798387046413,9.6));
#5447 = ORIENTED_EDGE('',*,*,#5408,.F.);
#5448 = ORIENTED_EDGE('',*,*,#5449,.F.);
#5449 = EDGE_CURVE('',#4333,#5409,#5450,.T.);
#5450 = B_SPLINE_CURVE_WITH_KNOTS('',2,(#5451,#5452,#5453),
  .UNSPECIFIED.,.F.,.F.,(3,3),(0.,1.),.PIECEWISE_BEZIER_KNOTS.);
#5451 = CARTESIAN_POINT('',(-3.788499691422,-2.447265013772,10.));
#5452 = CARTESIAN_POINT('',(-4.272781961452,-2.226104034543,10.));
#5453 = CARTESIAN_POINT('',(-4.539844275992,-1.798387046413,10.));
#5454 = SURFACE_OF_LINEAR_EXTRUSION('',#5455,#5459);
#5455 = B_SPLINE_CURVE_WITH_KNOTS('',2,(#5456,#5457,#5458),
  .UNSPECIFIED.,.F.,.F.,(3,3),(0.,1.),.PIECEWISE_BEZIER_KNOTS.);
#5456 = CARTESIAN_POINT('',(-3.788499691422,-2.447265013772,10.));
#5457 = CARTESIAN_POINT('',(-4.272781961452,-2.226104034543,10.));
#5458 = CARTESIAN_POINT('',(-4.539844275992,-1.798387046413,10.));
#5459 = VECTOR('',#5460,1.);
#5460 = DIRECTION('',(-0.,-0.,1.));
#5461 = ADVANCED_FACE('',(#5462),#5499,.T.);
#5462 = FACE_BOUND('',#5463,.T.);
#5463 = EDGE_LOOP('',(#5464,#5465,#5466,#5467,#5468,#5469,#5470,#5471,
    #5472,#5473,#5474,#5475,#5476,#5477,#5478,#5479,#5480,#5481,#5482,
    #5483,#5484,#5485,#5486,#5487,#5488,#5489,#5490,#5491,#5492,#5493,
    #5494,#5495,#5496,#5497,#5498));
#5464 = ORIENTED_EDGE('',*,*,#4340,.F.);
#5465 = ORIENTED_EDGE('',*,*,#4373,.F.);
#5466 = ORIENTED_EDGE('',*,*,#4406,.F.);
#5467 = ORIENTED_EDGE('',*,*,#4439,.F.);
#5468 = ORIENTED_EDGE('',*,*,#4472,.F.);
#5469 = ORIENTED_EDGE('',*,*,#4505,.F.);
#5470 = ORIENTED_EDGE('',*,*,#4538,.F.);
#5471 = ORIENTED_EDGE('',*,*,#4571,.F.);
#5472 = ORIENTED_EDGE('',*,*,#4602,.F.);
#5473 = ORIENTED_EDGE('',*,*,#4635,.F.);
#5474 = ORIENTED_EDGE('',*,*,#4668,.F.);
#5475 = ORIENTED_EDGE('',*,*,#4701,.F.);
#5476 = ORIENTED_EDGE('',*,*,#4734,.F.);
#5477 = ORIENTED_EDGE('',*,*,#4767,.F.);
#5478 = ORIENTED_EDGE('',*,*,#4800,.F.);
#5479 = ORIENTED_EDGE('',*,*,#4833,.F.);
#5480 = ORIENTED_EDGE('',*,*,#4866,.F.);
#5481 = ORIENTED_EDGE('',*,*,#4899,.F.);
#5482 = ORIENTED_EDGE('',*,*,#4932,.F.);
#5483 = ORIENTED_EDGE('',*,*,#4965,.F.);
#5484 = ORIENTED_EDGE('',*,*,#4998,.F.);
#5485 = ORIENTED_EDGE('',*,*,#5031,.F.);
#5486 = ORIENTED_EDGE('',*,*,#5062,.F.);
#5487 = ORIENTED_EDGE('',*,*,#5095,.F.);
#5488 = ORIENTED_EDGE('',*,*,#5128,.F.);
#5489 = ORIENTED_EDGE('',*,*,#5161,.F.);
#5490 = ORIENTED_EDGE('',*,*,#5194,.F.);
#5491 = ORIENTED_EDGE('',*,*,#5227,.F.);
#5492 = ORIENTED_EDGE('',*,*,#5260,.F.);
#5493 = ORIENTED_EDGE('',*,*,#5293,.F.);
#5494 = ORIENTED_EDGE('',*,*,#5326,.F.);
#5495 = ORIENTED_EDGE('',*,*,#5359,.F.);
#5496 = ORIENTED_EDGE('',*,*,#5392,.F.);
#5497 = ORIENTED_EDGE('',*,*,#5425,.F.);
#5498 = ORIENTED_EDGE('',*,*,#5449,.F.);
#5499 = PLANE('',#5500);
#5500 = AXIS2_PLACEMENT_3D('',#5501,#5502,#5503);
#5501 = CARTESIAN_POINT('',(-2.649367124939,-0.102183809175,10.));
#5502 = DIRECTION('',(0.,0.,1.));
#5503 = DIRECTION('',(1.,0.,0.));
#5504 = ADVANCED_FACE('',(#5505),#5542,.F.);
#5505 = FACE_BOUND('',#5506,.F.);
#5506 = EDGE_LOOP('',(#5507,#5508,#5509,#5510,#5511,#5512,#5513,#5514,
    #5515,#5516,#5517,#5518,#5519,#5520,#5521,#5522,#5523,#5524,#5525,
    #5526,#5527,#5528,#5529,#5530,#5531,#5532,#5533,#5534,#5535,#5536,
    #5537,#5538,#5539,#5540,#5541));
#5507 = ORIENTED_EDGE('',*,*,#4324,.F.);
#5508 = ORIENTED_EDGE('',*,*,#4366,.F.);
#5509 = ORIENTED_EDGE('',*,*,#4399,.F.);
#5510 = ORIENTED_EDGE('',*,*,#4432,.F.);
#5511 = ORIENTED_EDGE('',*,*,#4465,.F.);
#5512 = ORIENTED_EDGE('',*,*,#4498,.F.);
#5513 = ORIENTED_EDGE('',*,*,#4531,.F.);
#5514 = ORIENTED_EDGE('',*,*,#4564,.F.);
#5515 = ORIENTED_EDGE('',*,*,#4595,.F.);
#5516 = ORIENTED_EDGE('',*,*,#4628,.F.);
#5517 = ORIENTED_EDGE('',*,*,#4661,.F.);
#5518 = ORIENTED_EDGE('',*,*,#4694,.F.);
#5519 = ORIENTED_EDGE('',*,*,#4727,.F.);
#5520 = ORIENTED_EDGE('',*,*,#4760,.F.);
#5521 = ORIENTED_EDGE('',*,*,#4793,.F.);
#5522 = ORIENTED_EDGE('',*,*,#4826,.F.);
#5523 = ORIENTED_EDGE('',*,*,#4859,.F.);
#5524 = ORIENTED_EDGE('',*,*,#4892,.F.);
#5525 = ORIENTED_EDGE('',*,*,#4925,.F.);
#5526 = ORIENTED_EDGE('',*,*,#4958,.F.);
#5527 = ORIENTED_EDGE('',*,*,#4991,.F.);
#5528 = ORIENTED_EDGE('',*,*,#5024,.F.);
#5529 = ORIENTED_EDGE('',*,*,#5055,.F.);
#5530 = ORIENTED_EDGE('',*,*,#5088,.F.);
#5531 = ORIENTED_EDGE('',*,*,#5121,.F.);
#5532 = ORIENTED_EDGE('',*,*,#5154,.F.);
#5533 = ORIENTED_EDGE('',*,*,#5187,.F.);
#5534 = ORIENTED_EDGE('',*,*,#5220,.F.);
#5535 = ORIENTED_EDGE('',*,*,#5253,.F.);
#5536 = ORIENTED_EDGE('',*,*,#5286,.F.);
#5537 = ORIENTED_EDGE('',*,*,#5319,.F.);
#5538 = ORIENTED_EDGE('',*,*,#5352,.F.);
#5539 = ORIENTED_EDGE('',*,*,#5385,.F.);
#5540 = ORIENTED_EDGE('',*,*,#5418,.F.);
#5541 = ORIENTED_EDGE('',*,*,#5442,.F.);
#5542 = PLANE('',#5543);
#5543 = AXIS2_PLACEMENT_3D('',#5544,#5545,#5546);
#5544 = CARTESIAN_POINT('',(-2.649367124939,-0.102183809175,9.6));
#5545 = DIRECTION('',(0.,0.,1.));
#5546 = DIRECTION('',(1.,0.,0.));
#5547 = MANIFOLD_SOLID_BREP('',#5548);
#5548 = CLOSED_SHELL('',(#5549,#5591,#5624,#5657,#5690,#5723,#5756,#5789
    ,#5822,#5855,#5888,#5921,#5954,#5987,#6020,#6053,#6086,#6117,#6150,
    #6183,#6216,#6249,#6282,#6315,#6348,#6381,#6414,#6447,#6480,#6513,
    #6546,#6579,#6612,#6645,#6678,#6711,#6744,#6777,#6810,#6843,#6874,
    #6907,#6940,#6973,#6997,#7049));
#5549 = ADVANCED_FACE('',(#5550),#5584,.F.);
#5550 = FACE_BOUND('',#5551,.F.);
#5551 = EDGE_LOOP('',(#5552,#5562,#5570,#5578));
#5552 = ORIENTED_EDGE('',*,*,#5553,.T.);
#5553 = EDGE_CURVE('',#5554,#5556,#5558,.T.);
#5554 = VERTEX_POINT('',#5555);
#5555 = CARTESIAN_POINT('',(2.162677979201,-2.668194168075,10.));
#5556 = VERTEX_POINT('',#5557);
#5557 = CARTESIAN_POINT('',(2.162677979201,-2.668194168075,9.6));
#5558 = LINE('',#5559,#5560);
#5559 = CARTESIAN_POINT('',(2.162677979201,-2.668194168075,10.));
#5560 = VECTOR('',#5561,1.);
#5561 = DIRECTION('',(0.,0.,-1.));
#5562 = ORIENTED_EDGE('',*,*,#5563,.T.);
#5563 = EDGE_CURVE('',#5556,#5564,#5566,.T.);
#5564 = VERTEX_POINT('',#5565);
#5565 = CARTESIAN_POINT('',(0.98037085754,-2.465347357986,9.6));
#5566 = B_SPLINE_CURVE_WITH_KNOTS('',2,(#5567,#5568,#5569),
  .UNSPECIFIED.,.F.,.F.,(3,3),(0.,1.),.PIECEWISE_BEZIER_KNOTS.);
#5567 = CARTESIAN_POINT('',(2.162677979201,-2.668194168075,9.6));
#5568 = CARTESIAN_POINT('',(1.450511807094,-2.668194168075,9.6));
#5569 = CARTESIAN_POINT('',(0.98037085754,-2.465347357986,9.6));
#5570 = ORIENTED_EDGE('',*,*,#5571,.F.);
#5571 = EDGE_CURVE('',#5572,#5564,#5574,.T.);
#5572 = VERTEX_POINT('',#5573);
#5573 = CARTESIAN_POINT('',(0.98037085754,-2.465347357986,10.));
#5574 = LINE('',#5575,#5576);
#5575 = CARTESIAN_POINT('',(0.98037085754,-2.465347357986,10.));
#5576 = VECTOR('',#5577,1.);
#5577 = DIRECTION('',(0.,0.,-1.));
#5578 = ORIENTED_EDGE('',*,*,#5579,.F.);
#5579 = EDGE_CURVE('',#5554,#5572,#5580,.T.);
#5580 = B_SPLINE_CURVE_WITH_KNOTS('',2,(#5581,#5582,#5583),
  .UNSPECIFIED.,.F.,.F.,(3,3),(0.,1.),.PIECEWISE_BEZIER_KNOTS.);
#5581 = CARTESIAN_POINT('',(2.162677979201,-2.668194168075,10.));
#5582 = CARTESIAN_POINT('',(1.450511807094,-2.668194168075,10.));
#5583 = CARTESIAN_POINT('',(0.98037085754,-2.465347357986,10.));
#5584 = SURFACE_OF_LINEAR_EXTRUSION('',#5585,#5589);
#5585 = B_SPLINE_CURVE_WITH_KNOTS('',2,(#5586,#5587,#5588),
  .UNSPECIFIED.,.F.,.F.,(3,3),(0.,1.),.PIECEWISE_BEZIER_KNOTS.);
#5586 = CARTESIAN_POINT('',(2.162677979201,-2.668194168075,10.));
#5587 = CARTESIAN_POINT('',(1.450511807094,-2.668194168075,10.));
#5588 = CARTESIAN_POINT('',(0.98037085754,-2.465347357986,10.));
#5589 = VECTOR('',#5590,1.);
#5590 = DIRECTION('',(-0.,-0.,1.));
#5591 = ADVANCED_FACE('',(#5592),#5617,.F.);
#5592 = FACE_BOUND('',#5593,.F.);
#5593 = EDGE_LOOP('',(#5594,#5604,#5610,#5611));
#5594 = ORIENTED_EDGE('',*,*,#5595,.T.);
#5595 = EDGE_CURVE('',#5596,#5598,#5600,.T.);
#5596 = VERTEX_POINT('',#5597);
#5597 = CARTESIAN_POINT('',(3.277292222525,-2.479256853534,10.));
#5598 = VERTEX_POINT('',#5599);
#5599 = CARTESIAN_POINT('',(3.277292222525,-2.479256853534,9.6));
#5600 = LINE('',#5601,#5602);
#5601 = CARTESIAN_POINT('',(3.277292222525,-2.479256853534,10.));
#5602 = VECTOR('',#5603,1.);
#5603 = DIRECTION('',(0.,0.,-1.));
#5604 = ORIENTED_EDGE('',*,*,#5605,.T.);
#5605 = EDGE_CURVE('',#5598,#5556,#5606,.T.);
#5606 = B_SPLINE_CURVE_WITH_KNOTS('',2,(#5607,#5608,#5609),
  .UNSPECIFIED.,.F.,.F.,(3,3),(0.,1.),.PIECEWISE_BEZIER_KNOTS.);
#5607 = CARTESIAN_POINT('',(3.277292222525,-2.479256853534,9.6));
#5608 = CARTESIAN_POINT('',(2.796487326382,-2.668194168075,9.6));
#5609 = CARTESIAN_POINT('',(2.162677979201,-2.668194168075,9.6));
#5610 = ORIENTED_EDGE('',*,*,#5553,.F.);
#5611 = ORIENTED_EDGE('',*,*,#5612,.F.);
#5612 = EDGE_CURVE('',#5596,#5554,#5613,.T.);
#5613 = B_SPLINE_CURVE_WITH_KNOTS('',2,(#5614,#5615,#5616),
  .UNSPECIFIED.,.F.,.F.,(3,3),(0.,1.),.PIECEWISE_BEZIER_KNOTS.);
#5614 = CARTESIAN_POINT('',(3.277292222525,-2.479256853534,10.));
#5615 = CARTESIAN_POINT('',(2.796487326382,-2.668194168075,10.));
#5616 = CARTESIAN_POINT('',(2.162677979201,-2.668194168075,10.));
#5617 = SURFACE_OF_LINEAR_EXTRUSION('',#5618,#5622);
#5618 = B_SPLINE_CURVE_WITH_KNOTS('',2,(#5619,#5620,#5621),
  .UNSPECIFIED.,.F.,.F.,(3,3),(0.,1.),.PIECEWISE_BEZIER_KNOTS.);
#5619 = CARTESIAN_POINT('',(3.277292222525,-2.479256853534,10.));
#5620 = CARTESIAN_POINT('',(2.796487326382,-2.668194168075,10.));
#5621 = CARTESIAN_POINT('',(2.162677979201,-2.668194168075,10.));
#5622 = VECTOR('',#5623,1.);
#5623 = DIRECTION('',(-0.,-0.,1.));
#5624 = ADVANCED_FACE('',(#5625),#5650,.F.);
#5625 = FACE_BOUND('',#5626,.F.);
#5626 = EDGE_LOOP('',(#5627,#5637,#5643,#5644));
#5627 = ORIENTED_EDGE('',*,*,#5628,.T.);
#5628 = EDGE_CURVE('',#5629,#5631,#5633,.T.);
#5629 = VERTEX_POINT('',#5630);
#5630 = CARTESIAN_POINT('',(4.036055204721,-1.940495725938,10.));
#5631 = VERTEX_POINT('',#5632);
#5632 = CARTESIAN_POINT('',(4.036055204721,-1.940495725938,9.6));
#5633 = LINE('',#5634,#5635);
#5634 = CARTESIAN_POINT('',(4.036055204721,-1.940495725938,10.));
#5635 = VECTOR('',#5636,1.);
#5636 = DIRECTION('',(0.,0.,-1.));
#5637 = ORIENTED_EDGE('',*,*,#5638,.T.);
#5638 = EDGE_CURVE('',#5631,#5598,#5639,.T.);
#5639 = B_SPLINE_CURVE_WITH_KNOTS('',2,(#5640,#5641,#5642),
  .UNSPECIFIED.,.F.,.F.,(3,3),(0.,1.),.PIECEWISE_BEZIER_KNOTS.);
#5640 = CARTESIAN_POINT('',(4.036055204721,-1.940495725938,9.6));
#5641 = CARTESIAN_POINT('',(3.758328943593,-2.290087714069,9.6));
#5642 = CARTESIAN_POINT('',(3.277292222525,-2.479256853534,9.6));
#5643 = ORIENTED_EDGE('',*,*,#5595,.F.);
#5644 = ORIENTED_EDGE('',*,*,#5645,.F.);
#5645 = EDGE_CURVE('',#5629,#5596,#5646,.T.);
#5646 = B_SPLINE_CURVE_WITH_KNOTS('',2,(#5647,#5648,#5649),
  .UNSPECIFIED.,.F.,.F.,(3,3),(0.,1.),.PIECEWISE_BEZIER_KNOTS.);
#5647 = CARTESIAN_POINT('',(4.036055204721,-1.940495725938,10.));
#5648 = CARTESIAN_POINT('',(3.758328943593,-2.290087714069,10.));
#5649 = CARTESIAN_POINT('',(3.277292222525,-2.479256853534,10.));
#5650 = SURFACE_OF_LINEAR_EXTRUSION('',#5651,#5655);
#5651 = B_SPLINE_CURVE_WITH_KNOTS('',2,(#5652,#5653,#5654),
  .UNSPECIFIED.,.F.,.F.,(3,3),(0.,1.),.PIECEWISE_BEZIER_KNOTS.);
#5652 = CARTESIAN_POINT('',(4.036055204721,-1.940495725938,10.));
#5653 = CARTESIAN_POINT('',(3.758328943593,-2.290087714069,10.));
#5654 = CARTESIAN_POINT('',(3.277292222525,-2.479256853534,10.));
#5655 = VECTOR('',#5656,1.);
#5656 = DIRECTION('',(-0.,-0.,1.));
#5657 = ADVANCED_FACE('',(#5658),#5683,.F.);
#5658 = FACE_BOUND('',#5659,.F.);
#5659 = EDGE_LOOP('',(#5660,#5670,#5676,#5677));
#5660 = ORIENTED_EDGE('',*,*,#5661,.T.);
#5661 = EDGE_CURVE('',#5662,#5664,#5666,.T.);
#5662 = VERTEX_POINT('',#5663);
#5663 = CARTESIAN_POINT('',(4.313781465848,-1.105694168075,10.));
#5664 = VERTEX_POINT('',#5665);
#5665 = CARTESIAN_POINT('',(4.313781465848,-1.105694168075,9.6));
#5666 = LINE('',#5667,#5668);
#5667 = CARTESIAN_POINT('',(4.313781465848,-1.105694168075,10.));
#5668 = VECTOR('',#5669,1.);
#5669 = DIRECTION('',(0.,0.,-1.));
#5670 = ORIENTED_EDGE('',*,*,#5671,.T.);
#5671 = EDGE_CURVE('',#5664,#5631,#5672,.T.);
#5672 = B_SPLINE_CURVE_WITH_KNOTS('',2,(#5673,#5674,#5675),
  .UNSPECIFIED.,.F.,.F.,(3,3),(0.,1.),.PIECEWISE_BEZIER_KNOTS.);
#5673 = CARTESIAN_POINT('',(4.313781465848,-1.105694168075,9.6));
#5674 = CARTESIAN_POINT('',(4.313781465848,-1.590671912882,9.6));
#5675 = CARTESIAN_POINT('',(4.036055204721,-1.940495725938,9.6));
#5676 = ORIENTED_EDGE('',*,*,#5628,.F.);
#5677 = ORIENTED_EDGE('',*,*,#5678,.F.);
#5678 = EDGE_CURVE('',#5662,#5629,#5679,.T.);
#5679 = B_SPLINE_CURVE_WITH_KNOTS('',2,(#5680,#5681,#5682),
  .UNSPECIFIED.,.F.,.F.,(3,3),(0.,1.),.PIECEWISE_BEZIER_KNOTS.);
#5680 = CARTESIAN_POINT('',(4.313781465848,-1.105694168075,10.));
#5681 = CARTESIAN_POINT('',(4.313781465848,-1.590671912882,10.));
#5682 = CARTESIAN_POINT('',(4.036055204721,-1.940495725938,10.));
#5683 = SURFACE_OF_LINEAR_EXTRUSION('',#5684,#5688);
#5684 = B_SPLINE_CURVE_WITH_KNOTS('',2,(#5685,#5686,#5687),
  .UNSPECIFIED.,.F.,.F.,(3,3),(0.,1.),.PIECEWISE_BEZIER_KNOTS.);
#5685 = CARTESIAN_POINT('',(4.313781465848,-1.105694168075,10.));
#5686 = CARTESIAN_POINT('',(4.313781465848,-1.590671912882,10.));
#5687 = CARTESIAN_POINT('',(4.036055204721,-1.940495725938,10.));
#5688 = VECTOR('',#5689,1.);
#5689 = DIRECTION('',(-0.,-0.,1.));
#5690 = ADVANCED_FACE('',(#5691),#5716,.F.);
#5691 = FACE_BOUND('',#5692,.F.);
#5692 = EDGE_LOOP('',(#5693,#5703,#5709,#5710));
#5693 = ORIENTED_EDGE('',*,*,#5694,.T.);
#5694 = EDGE_CURVE('',#5695,#5697,#5699,.T.);
#5695 = VERTEX_POINT('',#5696);
#5696 = CARTESIAN_POINT('',(4.125539626086,-0.381473099825,10.));
#5697 = VERTEX_POINT('',#5698);
#5698 = CARTESIAN_POINT('',(4.125539626086,-0.381473099825,9.6));
#5699 = LINE('',#5700,#5701);
#5700 = CARTESIAN_POINT('',(4.125539626086,-0.381473099825,10.));
#5701 = VECTOR('',#5702,1.);
#5702 = DIRECTION('',(0.,0.,-1.));
#5703 = ORIENTED_EDGE('',*,*,#5704,.T.);
#5704 = EDGE_CURVE('',#5697,#5664,#5705,.T.);
#5705 = B_SPLINE_CURVE_WITH_KNOTS('',2,(#5706,#5707,#5708),
  .UNSPECIFIED.,.F.,.F.,(3,3),(0.,1.),.PIECEWISE_BEZIER_KNOTS.);
#5706 = CARTESIAN_POINT('',(4.125539626086,-0.381473099825,9.6));
#5707 = CARTESIAN_POINT('',(4.313781465848,-0.670326957392,9.6));
#5708 = CARTESIAN_POINT('',(4.313781465848,-1.105694168075,9.6));
#5709 = ORIENTED_EDGE('',*,*,#5661,.F.);
#5710 = ORIENTED_EDGE('',*,*,#5711,.F.);
#5711 = EDGE_CURVE('',#5695,#5662,#5712,.T.);
#5712 = B_SPLINE_CURVE_WITH_KNOTS('',2,(#5713,#5714,#5715),
  .UNSPECIFIED.,.F.,.F.,(3,3),(0.,1.),.PIECEWISE_BEZIER_KNOTS.);
#5713 = CARTESIAN_POINT('',(4.125539626086,-0.381473099825,10.));
#5714 = CARTESIAN_POINT('',(4.313781465848,-0.670326957392,10.));
#5715 = CARTESIAN_POINT('',(4.313781465848,-1.105694168075,10.));
#5716 = SURFACE_OF_LINEAR_EXTRUSION('',#5717,#5721);
#5717 = B_SPLINE_CURVE_WITH_KNOTS('',2,(#5718,#5719,#5720),
  .UNSPECIFIED.,.F.,.F.,(3,3),(0.,1.),.PIECEWISE_BEZIER_KNOTS.);
#5718 = CARTESIAN_POINT('',(4.125539626086,-0.381473099825,10.));
#5719 = CARTESIAN_POINT('',(4.313781465848,-0.670326957392,10.));
#5720 = CARTESIAN_POINT('',(4.313781465848,-1.105694168075,10.));
#5721 = VECTOR('',#5722,1.);
#5722 = DIRECTION('',(-0.,-0.,1.));
#5723 = ADVANCED_FACE('',(#5724),#5749,.F.);
#5724 = FACE_BOUND('',#5725,.F.);
#5725 = EDGE_LOOP('',(#5726,#5736,#5742,#5743));
#5726 = ORIENTED_EDGE('',*,*,#5727,.T.);
#5727 = EDGE_CURVE('',#5728,#5730,#5732,.T.);
#5728 = VERTEX_POINT('',#5729);
#5729 = CARTESIAN_POINT('',(3.539486213623,8.936332450704E-02,10.));
#5730 = VERTEX_POINT('',#5731);
#5731 = CARTESIAN_POINT('',(3.539486213623,8.936332450704E-02,9.6));
#5732 = LINE('',#5733,#5734);
#5733 = CARTESIAN_POINT('',(3.539486213623,8.936332450704E-02,10.));
#5734 = VECTOR('',#5735,1.);
#5735 = DIRECTION('',(0.,0.,-1.));
#5736 = ORIENTED_EDGE('',*,*,#5737,.T.);
#5737 = EDGE_CURVE('',#5730,#5697,#5738,.T.);
#5738 = B_SPLINE_CURVE_WITH_KNOTS('',2,(#5739,#5740,#5741),
  .UNSPECIFIED.,.F.,.F.,(3,3),(0.,1.),.PIECEWISE_BEZIER_KNOTS.);
#5739 = CARTESIAN_POINT('',(3.539486213623,8.936332450704E-02,9.6));
#5740 = CARTESIAN_POINT('',(3.937297786323,-9.238741733272E-02,9.6));
#5741 = CARTESIAN_POINT('',(4.125539626086,-0.381473099825,9.6));
#5742 = ORIENTED_EDGE('',*,*,#5694,.F.);
#5743 = ORIENTED_EDGE('',*,*,#5744,.F.);
#5744 = EDGE_CURVE('',#5728,#5695,#5745,.T.);
#5745 = B_SPLINE_CURVE_WITH_KNOTS('',2,(#5746,#5747,#5748),
  .UNSPECIFIED.,.F.,.F.,(3,3),(0.,1.),.PIECEWISE_BEZIER_KNOTS.);
#5746 = CARTESIAN_POINT('',(3.539486213623,8.936332450704E-02,10.));
#5747 = CARTESIAN_POINT('',(3.937297786323,-9.238741733272E-02,10.));
#5748 = CARTESIAN_POINT('',(4.125539626086,-0.381473099825,10.));
#5749 = SURFACE_OF_LINEAR_EXTRUSION('',#5750,#5754);
#5750 = B_SPLINE_CURVE_WITH_KNOTS('',2,(#5751,#5752,#5753),
  .UNSPECIFIED.,.F.,.F.,(3,3),(0.,1.),.PIECEWISE_BEZIER_KNOTS.);
#5751 = CARTESIAN_POINT('',(3.539486213623,8.936332450704E-02,10.));
#5752 = CARTESIAN_POINT('',(3.937297786323,-9.238741733272E-02,10.));
#5753 = CARTESIAN_POINT('',(4.125539626086,-0.381473099825,10.));
#5754 = VECTOR('',#5755,1.);
#5755 = DIRECTION('',(-0.,-0.,1.));
#5756 = ADVANCED_FACE('',(#5757),#5782,.F.);
#5757 = FACE_BOUND('',#5758,.F.);
#5758 = EDGE_LOOP('',(#5759,#5769,#5775,#5776));
#5759 = ORIENTED_EDGE('',*,*,#5760,.T.);
#5760 = EDGE_CURVE('',#5761,#5763,#5765,.T.);
#5761 = VERTEX_POINT('',#5762);
#5762 = CARTESIAN_POINT('',(2.495114922821,0.3928221524,10.));
#5763 = VERTEX_POINT('',#5764);
#5764 = CARTESIAN_POINT('',(2.495114922821,0.3928221524,9.6));
#5765 = LINE('',#5766,#5767);
#5766 = CARTESIAN_POINT('',(2.495114922821,0.3928221524,10.));
#5767 = VECTOR('',#5768,1.);
#5768 = DIRECTION('',(0.,0.,-1.));
#5769 = ORIENTED_EDGE('',*,*,#5770,.T.);
#5770 = EDGE_CURVE('',#5763,#5730,#5771,.T.);
#5771 = B_SPLINE_CURVE_WITH_KNOTS('',2,(#5772,#5773,#5774),
  .UNSPECIFIED.,.F.,.F.,(3,3),(0.,1.),.PIECEWISE_BEZIER_KNOTS.);
#5772 = CARTESIAN_POINT('',(2.495114922821,0.3928221524,9.6));
#5773 = CARTESIAN_POINT('',(3.141674640922,0.271345891273,9.6));
#5774 = CARTESIAN_POINT('',(3.539486213623,8.936332450704E-02,9.6));
#5775 = ORIENTED_EDGE('',*,*,#5727,.F.);
#5776 = ORIENTED_EDGE('',*,*,#5777,.F.);
#5777 = EDGE_CURVE('',#5761,#5728,#5778,.T.);
#5778 = B_SPLINE_CURVE_WITH_KNOTS('',2,(#5779,#5780,#5781),
  .UNSPECIFIED.,.F.,.F.,(3,3),(0.,1.),.PIECEWISE_BEZIER_KNOTS.);
#5779 = CARTESIAN_POINT('',(2.495114922821,0.3928221524,10.));
#5780 = CARTESIAN_POINT('',(3.141674640922,0.271345891273,10.));
#5781 = CARTESIAN_POINT('',(3.539486213623,8.936332450704E-02,10.));
#5782 = SURFACE_OF_LINEAR_EXTRUSION('',#5783,#5787);
#5783 = B_SPLINE_CURVE_WITH_KNOTS('',2,(#5784,#5785,#5786),
  .UNSPECIFIED.,.F.,.F.,(3,3),(0.,1.),.PIECEWISE_BEZIER_KNOTS.);
#5784 = CARTESIAN_POINT('',(2.495114922821,0.3928221524,10.));
#5785 = CARTESIAN_POINT('',(3.141674640922,0.271345891273,10.));
#5786 = CARTESIAN_POINT('',(3.539486213623,8.936332450704E-02,10.));
#5787 = VECTOR('',#5788,1.);
#5788 = DIRECTION('',(-0.,-0.,1.));
#5789 = ADVANCED_FACE('',(#5790),#5815,.F.);
#5790 = FACE_BOUND('',#5791,.F.);
#5791 = EDGE_LOOP('',(#5792,#5802,#5808,#5809));
#5792 = ORIENTED_EDGE('',*,*,#5793,.T.);
#5793 = EDGE_CURVE('',#5794,#5796,#5798,.T.);
#5794 = VERTEX_POINT('',#5795);
#5795 = CARTESIAN_POINT('',(1.880547044483,0.556722374952,10.));
#5796 = VERTEX_POINT('',#5797);
#5797 = CARTESIAN_POINT('',(1.880547044483,0.556722374952,9.6));
#5798 = LINE('',#5799,#5800);
#5799 = CARTESIAN_POINT('',(1.880547044483,0.556722374952,10.));
#5800 = VECTOR('',#5801,1.);
#5801 = DIRECTION('',(0.,0.,-1.));
#5802 = ORIENTED_EDGE('',*,*,#5803,.T.);
#5803 = EDGE_CURVE('',#5796,#5763,#5804,.T.);
#5804 = B_SPLINE_CURVE_WITH_KNOTS('',2,(#5805,#5806,#5807),
  .UNSPECIFIED.,.F.,.F.,(3,3),(0.,1.),.PIECEWISE_BEZIER_KNOTS.);
#5805 = CARTESIAN_POINT('',(1.880547044483,0.556722374952,9.6));
#5806 = CARTESIAN_POINT('',(2.104489922821,0.478365550026,9.6));
#5807 = CARTESIAN_POINT('',(2.495114922821,0.3928221524,9.6));
#5808 = ORIENTED_EDGE('',*,*,#5760,.F.);
#5809 = ORIENTED_EDGE('',*,*,#5810,.F.);
#5810 = EDGE_CURVE('',#5794,#5761,#5811,.T.);
#5811 = B_SPLINE_CURVE_WITH_KNOTS('',2,(#5812,#5813,#5814),
  .UNSPECIFIED.,.F.,.F.,(3,3),(0.,1.),.PIECEWISE_BEZIER_KNOTS.);
#5812 = CARTESIAN_POINT('',(1.880547044483,0.556722374952,10.));
#5813 = CARTESIAN_POINT('',(2.104489922821,0.478365550026,10.));
#5814 = CARTESIAN_POINT('',(2.495114922821,0.3928221524,10.));
#5815 = SURFACE_OF_LINEAR_EXTRUSION('',#5816,#5820);
#5816 = B_SPLINE_CURVE_WITH_KNOTS('',2,(#5817,#5818,#5819),
  .UNSPECIFIED.,.F.,.F.,(3,3),(0.,1.),.PIECEWISE_BEZIER_KNOTS.);
#5817 = CARTESIAN_POINT('',(1.880547044483,0.556722374952,10.));
#5818 = CARTESIAN_POINT('',(2.104489922821,0.478365550026,10.));
#5819 = CARTESIAN_POINT('',(2.495114922821,0.3928221524,10.));
#5820 = VECTOR('',#5821,1.);
#5821 = DIRECTION('',(-0.,-0.,1.));
#5822 = ADVANCED_FACE('',(#5823),#5848,.F.);
#5823 = FACE_BOUND('',#5824,.F.);
#5824 = EDGE_LOOP('',(#5825,#5835,#5841,#5842));
#5825 = ORIENTED_EDGE('',*,*,#5826,.T.);
#5826 = EDGE_CURVE('',#5827,#5829,#5831,.T.);
#5827 = VERTEX_POINT('',#5828);
#5828 = CARTESIAN_POINT('',(1.560860471783,0.742182315605,10.));
#5829 = VERTEX_POINT('',#5830);
#5830 = CARTESIAN_POINT('',(1.560860471783,0.742182315605,9.6));
#5831 = LINE('',#5832,#5833);
#5832 = CARTESIAN_POINT('',(1.560860471783,0.742182315605,10.));
#5833 = VECTOR('',#5834,1.);
#5834 = DIRECTION('',(0.,0.,-1.));
#5835 = ORIENTED_EDGE('',*,*,#5836,.T.);
#5836 = EDGE_CURVE('',#5829,#5796,#5837,.T.);
#5837 = B_SPLINE_CURVE_WITH_KNOTS('',2,(#5838,#5839,#5840),
  .UNSPECIFIED.,.F.,.F.,(3,3),(0.,1.),.PIECEWISE_BEZIER_KNOTS.);
#5838 = CARTESIAN_POINT('',(1.560860471783,0.742182315605,9.6));
#5839 = CARTESIAN_POINT('',(1.656835991071,0.635311024804,9.6));
#5840 = CARTESIAN_POINT('',(1.880547044483,0.556722374952,9.6));
#5841 = ORIENTED_EDGE('',*,*,#5793,.F.);
#5842 = ORIENTED_EDGE('',*,*,#5843,.F.);
#5843 = EDGE_CURVE('',#5827,#5794,#5844,.T.);
#5844 = B_SPLINE_CURVE_WITH_KNOTS('',2,(#5845,#5846,#5847),
  .UNSPECIFIED.,.F.,.F.,(3,3),(0.,1.),.PIECEWISE_BEZIER_KNOTS.);
#5845 = CARTESIAN_POINT('',(1.560860471783,0.742182315605,10.));
#5846 = CARTESIAN_POINT('',(1.656835991071,0.635311024804,10.));
#5847 = CARTESIAN_POINT('',(1.880547044483,0.556722374952,10.));
#5848 = SURFACE_OF_LINEAR_EXTRUSION('',#5849,#5853);
#5849 = B_SPLINE_CURVE_WITH_KNOTS('',2,(#5850,#5851,#5852),
  .UNSPECIFIED.,.F.,.F.,(3,3),(0.,1.),.PIECEWISE_BEZIER_KNOTS.);
#5850 = CARTESIAN_POINT('',(1.560860471783,0.742182315605,10.));
#5851 = CARTESIAN_POINT('',(1.656835991071,0.635311024804,10.));
#5852 = CARTESIAN_POINT('',(1.880547044483,0.556722374952,10.));
#5853 = VECTOR('',#5854,1.);
#5854 = DIRECTION('',(-0.,-0.,1.));
#5855 = ADVANCED_FACE('',(#5856),#5881,.F.);
#5856 = FACE_BOUND('',#5857,.F.);
#5857 = EDGE_LOOP('',(#5858,#5868,#5874,#5875));
#5858 = ORIENTED_EDGE('',*,*,#5859,.T.);
#5859 = EDGE_CURVE('',#5860,#5862,#5864,.T.);
#5860 = VERTEX_POINT('',#5861);
#5861 = CARTESIAN_POINT('',(1.465116777421,0.992089585635,10.));
#5862 = VERTEX_POINT('',#5863);
#5863 = CARTESIAN_POINT('',(1.465116777421,0.992089585635,9.6));
#5864 = LINE('',#5865,#5866);
#5865 = CARTESIAN_POINT('',(1.465116777421,0.992089585635,10.));
#5866 = VECTOR('',#5867,1.);
#5867 = DIRECTION('',(0.,0.,-1.));
#5868 = ORIENTED_EDGE('',*,*,#5869,.T.);
#5869 = EDGE_CURVE('',#5862,#5829,#5870,.T.);
#5870 = B_SPLINE_CURVE_WITH_KNOTS('',2,(#5871,#5872,#5873),
  .UNSPECIFIED.,.F.,.F.,(3,3),(0.,1.),.PIECEWISE_BEZIER_KNOTS.);
#5871 = CARTESIAN_POINT('',(1.465116777421,0.992089585635,9.6));
#5872 = CARTESIAN_POINT('',(1.465116777421,0.849285431332,9.6));
#5873 = CARTESIAN_POINT('',(1.560860471783,0.742182315605,9.6));
#5874 = ORIENTED_EDGE('',*,*,#5826,.F.);
#5875 = ORIENTED_EDGE('',*,*,#5876,.F.);
#5876 = EDGE_CURVE('',#5860,#5827,#5877,.T.);
#5877 = B_SPLINE_CURVE_WITH_KNOTS('',2,(#5878,#5879,#5880),
  .UNSPECIFIED.,.F.,.F.,(3,3),(0.,1.),.PIECEWISE_BEZIER_KNOTS.);
#5878 = CARTESIAN_POINT('',(1.465116777421,0.992089585635,10.));
#5879 = CARTESIAN_POINT('',(1.465116777421,0.849285431332,10.));
#5880 = CARTESIAN_POINT('',(1.560860471783,0.742182315605,10.));
#5881 = SURFACE_OF_LINEAR_EXTRUSION('',#5882,#5886);
#5882 = B_SPLINE_CURVE_WITH_KNOTS('',2,(#5883,#5884,#5885),
  .UNSPECIFIED.,.F.,.F.,(3,3),(0.,1.),.PIECEWISE_BEZIER_KNOTS.);
#5883 = CARTESIAN_POINT('',(1.465116777421,0.992089585635,10.));
#5884 = CARTESIAN_POINT('',(1.465116777421,0.849285431332,10.));
#5885 = CARTESIAN_POINT('',(1.560860471783,0.742182315605,10.));
#5886 = VECTOR('',#5887,1.);
#5887 = DIRECTION('',(-0.,-0.,1.));
#5888 = ADVANCED_FACE('',(#5889),#5914,.F.);
#5889 = FACE_BOUND('',#5890,.F.);
#5890 = EDGE_LOOP('',(#5891,#5901,#5907,#5908));
#5891 = ORIENTED_EDGE('',*,*,#5892,.T.);
#5892 = EDGE_CURVE('',#5893,#5895,#5897,.T.);
#5893 = VERTEX_POINT('',#5894);
#5894 = CARTESIAN_POINT('',(1.638521821931,1.331017627178,10.));
#5895 = VERTEX_POINT('',#5896);
#5896 = CARTESIAN_POINT('',(1.638521821931,1.331017627178,9.6));
#5897 = LINE('',#5898,#5899);
#5898 = CARTESIAN_POINT('',(1.638521821931,1.331017627178,10.));
#5899 = VECTOR('',#5900,1.);
#5900 = DIRECTION('',(0.,0.,-1.));
#5901 = ORIENTED_EDGE('',*,*,#5902,.T.);
#5902 = EDGE_CURVE('',#5895,#5862,#5903,.T.);
#5903 = B_SPLINE_CURVE_WITH_KNOTS('',2,(#5904,#5905,#5906),
  .UNSPECIFIED.,.F.,.F.,(3,3),(0.,1.),.PIECEWISE_BEZIER_KNOTS.);
#5904 = CARTESIAN_POINT('',(1.638521821931,1.331017627178,9.6));
#5905 = CARTESIAN_POINT('',(1.465116777421,1.220437137563,9.6));
#5906 = CARTESIAN_POINT('',(1.465116777421,0.992089585635,9.6));
#5907 = ORIENTED_EDGE('',*,*,#5859,.F.);
#5908 = ORIENTED_EDGE('',*,*,#5909,.F.);
#5909 = EDGE_CURVE('',#5893,#5860,#5910,.T.);
#5910 = B_SPLINE_CURVE_WITH_KNOTS('',2,(#5911,#5912,#5913),
  .UNSPECIFIED.,.F.,.F.,(3,3),(0.,1.),.PIECEWISE_BEZIER_KNOTS.);
#5911 = CARTESIAN_POINT('',(1.638521821931,1.331017627178,10.));
#5912 = CARTESIAN_POINT('',(1.465116777421,1.220437137563,10.));
#5913 = CARTESIAN_POINT('',(1.465116777421,0.992089585635,10.));
#5914 = SURFACE_OF_LINEAR_EXTRUSION('',#5915,#5919);
#5915 = B_SPLINE_CURVE_WITH_KNOTS('',2,(#5916,#5917,#5918),
  .UNSPECIFIED.,.F.,.F.,(3,3),(0.,1.),.PIECEWISE_BEZIER_KNOTS.);
#5916 = CARTESIAN_POINT('',(1.638521821931,1.331017627178,10.));
#5917 = CARTESIAN_POINT('',(1.465116777421,1.220437137563,10.));
#5918 = CARTESIAN_POINT('',(1.465116777421,0.992089585635,10.));
#5919 = VECTOR('',#5920,1.);
#5920 = DIRECTION('',(-0.,-0.,1.));
#5921 = ADVANCED_FACE('',(#5922),#5947,.F.);
#5922 = FACE_BOUND('',#5923,.F.);
#5923 = EDGE_LOOP('',(#5924,#5934,#5940,#5941));
#5924 = ORIENTED_EDGE('',*,*,#5925,.T.);
#5925 = EDGE_CURVE('',#5926,#5928,#5930,.T.);
#5926 = VERTEX_POINT('',#5927);
#5927 = CARTESIAN_POINT('',(2.123731391664,1.441598116792,10.));
#5928 = VERTEX_POINT('',#5929);
#5929 = CARTESIAN_POINT('',(2.123731391664,1.441598116792,9.6));
#5930 = LINE('',#5931,#5932);
#5931 = CARTESIAN_POINT('',(2.123731391664,1.441598116792,10.));
#5932 = VECTOR('',#5933,1.);
#5933 = DIRECTION('',(0.,0.,-1.));
#5934 = ORIENTED_EDGE('',*,*,#5935,.T.);
#5935 = EDGE_CURVE('',#5928,#5895,#5936,.T.);
#5936 = B_SPLINE_CURVE_WITH_KNOTS('',2,(#5937,#5938,#5939),
  .UNSPECIFIED.,.F.,.F.,(3,3),(0.,1.),.PIECEWISE_BEZIER_KNOTS.);
#5937 = CARTESIAN_POINT('',(2.123731391664,1.441598116792,9.6));
#5938 = CARTESIAN_POINT('',(1.812158691367,1.441598116792,9.6));
#5939 = CARTESIAN_POINT('',(1.638521821931,1.331017627178,9.6));
#5940 = ORIENTED_EDGE('',*,*,#5892,.F.);
#5941 = ORIENTED_EDGE('',*,*,#5942,.F.);
#5942 = EDGE_CURVE('',#5926,#5893,#5943,.T.);
#5943 = B_SPLINE_CURVE_WITH_KNOTS('',2,(#5944,#5945,#5946),
  .UNSPECIFIED.,.F.,.F.,(3,3),(0.,1.),.PIECEWISE_BEZIER_KNOTS.);
#5944 = CARTESIAN_POINT('',(2.123731391664,1.441598116792,10.));
#5945 = CARTESIAN_POINT('',(1.812158691367,1.441598116792,10.));
#5946 = CARTESIAN_POINT('',(1.638521821931,1.331017627178,10.));
#5947 = SURFACE_OF_LINEAR_EXTRUSION('',#5948,#5952);
#5948 = B_SPLINE_CURVE_WITH_KNOTS('',2,(#5949,#5950,#5951),
  .UNSPECIFIED.,.F.,.F.,(3,3),(0.,1.),.PIECEWISE_BEZIER_KNOTS.);
#5949 = CARTESIAN_POINT('',(2.123731391664,1.441598116792,10.));
#5950 = CARTESIAN_POINT('',(1.812158691367,1.441598116792,10.));
#5951 = CARTESIAN_POINT('',(1.638521821931,1.331017627178,10.));
#5952 = VECTOR('',#5953,1.);
#5953 = DIRECTION('',(-0.,-0.,1.));
#5954 = ADVANCED_FACE('',(#5955),#5980,.F.);
#5955 = FACE_BOUND('',#5956,.F.);
#5956 = EDGE_LOOP('',(#5957,#5967,#5973,#5974));
#5957 = ORIENTED_EDGE('',*,*,#5958,.T.);
#5958 = EDGE_CURVE('',#5959,#5961,#5963,.T.);
#5959 = VERTEX_POINT('',#5960);
#5960 = CARTESIAN_POINT('',(2.594799640922,1.323599229552,10.));
#5961 = VERTEX_POINT('',#5962);
#5962 = CARTESIAN_POINT('',(2.594799640922,1.323599229552,9.6));
#5963 = LINE('',#5964,#5965);
#5964 = CARTESIAN_POINT('',(2.594799640922,1.323599229552,10.));
#5965 = VECTOR('',#5966,1.);
#5966 = DIRECTION('',(0.,0.,-1.));
#5967 = ORIENTED_EDGE('',*,*,#5968,.T.);
#5968 = EDGE_CURVE('',#5961,#5928,#5969,.T.);
#5969 = B_SPLINE_CURVE_WITH_KNOTS('',2,(#5970,#5971,#5972),
  .UNSPECIFIED.,.F.,.F.,(3,3),(0.,1.),.PIECEWISE_BEZIER_KNOTS.);
#5970 = CARTESIAN_POINT('',(2.594799640922,1.323599229552,9.6));
#5971 = CARTESIAN_POINT('',(2.414439848637,1.441598116792,9.6));
#5972 = CARTESIAN_POINT('',(2.123731391664,1.441598116792,9.6));
#5973 = ORIENTED_EDGE('',*,*,#5925,.F.);
#5974 = ORIENTED_EDGE('',*,*,#5975,.F.);
#5975 = EDGE_CURVE('',#5959,#5926,#5976,.T.);
#5976 = B_SPLINE_CURVE_WITH_KNOTS('',2,(#5977,#5978,#5979),
  .UNSPECIFIED.,.F.,.F.,(3,3),(0.,1.),.PIECEWISE_BEZIER_KNOTS.);
#5977 = CARTESIAN_POINT('',(2.594799640922,1.323599229552,10.));
#5978 = CARTESIAN_POINT('',(2.414439848637,1.441598116792,10.));
#5979 = CARTESIAN_POINT('',(2.123731391664,1.441598116792,10.));
#5980 = SURFACE_OF_LINEAR_EXTRUSION('',#5981,#5985);
#5981 = B_SPLINE_CURVE_WITH_KNOTS('',2,(#5982,#5983,#5984),
  .UNSPECIFIED.,.F.,.F.,(3,3),(0.,1.),.PIECEWISE_BEZIER_KNOTS.);
#5982 = CARTESIAN_POINT('',(2.594799640922,1.323599229552,10.));
#5983 = CARTESIAN_POINT('',(2.414439848637,1.441598116792,10.));
#5984 = CARTESIAN_POINT('',(2.123731391664,1.441598116792,10.));
#5985 = VECTOR('',#5986,1.);
#5986 = DIRECTION('',(-0.,-0.,1.));
#5987 = ADVANCED_FACE('',(#5988),#6013,.F.);
#5988 = FACE_BOUND('',#5989,.F.);
#5989 = EDGE_LOOP('',(#5990,#6000,#6006,#6007));
#5990 = ORIENTED_EDGE('',*,*,#5991,.T.);
#5991 = EDGE_CURVE('',#5992,#5994,#5996,.T.);
#5992 = VERTEX_POINT('',#5993);
#5993 = CARTESIAN_POINT('',(2.818047044483,1.048654867534,10.));
#5994 = VERTEX_POINT('',#5995);
#5995 = CARTESIAN_POINT('',(2.818047044483,1.048654867534,9.6));
#5996 = LINE('',#5997,#5998);
#5997 = CARTESIAN_POINT('',(2.818047044483,1.048654867534,10.));
#5998 = VECTOR('',#5999,1.);
#5999 = DIRECTION('',(0.,0.,-1.));
#6000 = ORIENTED_EDGE('',*,*,#6001,.T.);
#6001 = EDGE_CURVE('',#5994,#5961,#6002,.T.);
#6002 = B_SPLINE_CURVE_WITH_KNOTS('',2,(#6003,#6004,#6005),
  .UNSPECIFIED.,.F.,.F.,(3,3),(0.,1.),.PIECEWISE_BEZIER_KNOTS.);
#6003 = CARTESIAN_POINT('',(2.818047044483,1.048654867534,9.6));
#6004 = CARTESIAN_POINT('',(2.775391258133,1.205832167237,9.6));
#6005 = CARTESIAN_POINT('',(2.594799640922,1.323599229552,9.6));
#6006 = ORIENTED_EDGE('',*,*,#5958,.F.);
#6007 = ORIENTED_EDGE('',*,*,#6008,.F.);
#6008 = EDGE_CURVE('',#5992,#5959,#6009,.T.);
#6009 = B_SPLINE_CURVE_WITH_KNOTS('',2,(#6010,#6011,#6012),
  .UNSPECIFIED.,.F.,.F.,(3,3),(0.,1.),.PIECEWISE_BEZIER_KNOTS.);
#6010 = CARTESIAN_POINT('',(2.818047044483,1.048654867534,10.));
#6011 = CARTESIAN_POINT('',(2.775391258133,1.205832167237,10.));
#6012 = CARTESIAN_POINT('',(2.594799640922,1.323599229552,10.));
#6013 = SURFACE_OF_LINEAR_EXTRUSION('',#6014,#6018);
#6014 = B_SPLINE_CURVE_WITH_KNOTS('',2,(#6015,#6016,#6017),
  .UNSPECIFIED.,.F.,.F.,(3,3),(0.,1.),.PIECEWISE_BEZIER_KNOTS.);
#6015 = CARTESIAN_POINT('',(2.818047044483,1.048654867534,10.));
#6016 = CARTESIAN_POINT('',(2.775391258133,1.205832167237,10.));
#6017 = CARTESIAN_POINT('',(2.594799640922,1.323599229552,10.));
#6018 = VECTOR('',#6019,1.);
#6019 = DIRECTION('',(-0.,-0.,1.));
#6020 = ADVANCED_FACE('',(#6021),#6046,.F.);
#6021 = FACE_BOUND('',#6022,.F.);
#6022 = EDGE_LOOP('',(#6023,#6033,#6039,#6040));
#6023 = ORIENTED_EDGE('',*,*,#6024,.T.);
#6024 = EDGE_CURVE('',#6025,#6027,#6029,.T.);
#6025 = VERTEX_POINT('',#6026);
#6026 = CARTESIAN_POINT('',(2.917036287807,0.955693072282,10.));
#6027 = VERTEX_POINT('',#6028);
#6028 = CARTESIAN_POINT('',(2.917036287807,0.955693072282,9.6));
#6029 = LINE('',#6030,#6031);
#6030 = CARTESIAN_POINT('',(2.917036287807,0.955693072282,10.));
#6031 = VECTOR('',#6032,1.);
#6032 = DIRECTION('',(0.,0.,-1.));
#6033 = ORIENTED_EDGE('',*,*,#6034,.T.);
#6034 = EDGE_CURVE('',#6027,#5994,#6035,.T.);
#6035 = B_SPLINE_CURVE_WITH_KNOTS('',2,(#6036,#6037,#6038),
  .UNSPECIFIED.,.F.,.F.,(3,3),(0.,1.),.PIECEWISE_BEZIER_KNOTS.);
#6036 = CARTESIAN_POINT('',(2.917036287807,0.955693072282,9.6));
#6037 = CARTESIAN_POINT('',(2.860471005907,0.984207538157,9.6));
#6038 = CARTESIAN_POINT('',(2.818047044483,1.048654867534,9.6));
#6039 = ORIENTED_EDGE('',*,*,#5991,.F.);
#6040 = ORIENTED_EDGE('',*,*,#6041,.F.);
#6041 = EDGE_CURVE('',#6025,#5992,#6042,.T.);
#6042 = B_SPLINE_CURVE_WITH_KNOTS('',2,(#6043,#6044,#6045),
  .UNSPECIFIED.,.F.,.F.,(3,3),(0.,1.),.PIECEWISE_BEZIER_KNOTS.);
#6043 = CARTESIAN_POINT('',(2.917036287807,0.955693072282,10.));
#6044 = CARTESIAN_POINT('',(2.860471005907,0.984207538157,10.));
#6045 = CARTESIAN_POINT('',(2.818047044483,1.048654867534,10.));
#6046 = SURFACE_OF_LINEAR_EXTRUSION('',#6047,#6051);
#6047 = B_SPLINE_CURVE_WITH_KNOTS('',2,(#6048,#6049,#6050),
  .UNSPECIFIED.,.F.,.F.,(3,3),(0.,1.),.PIECEWISE_BEZIER_KNOTS.);
#6048 = CARTESIAN_POINT('',(2.917036287807,0.955693072282,10.));
#6049 = CARTESIAN_POINT('',(2.860471005907,0.984207538157,10.));
#6050 = CARTESIAN_POINT('',(2.818047044483,1.048654867534,10.));
#6051 = VECTOR('',#6052,1.);
#6052 = DIRECTION('',(-0.,-0.,1.));
#6053 = ADVANCED_FACE('',(#6054),#6079,.F.);
#6054 = FACE_BOUND('',#6055,.F.);
#6055 = EDGE_LOOP('',(#6056,#6066,#6072,#6073));
#6056 = ORIENTED_EDGE('',*,*,#6057,.T.);
#6057 = EDGE_CURVE('',#6058,#6060,#6062,.T.);
#6058 = VERTEX_POINT('',#6059);
#6059 = CARTESIAN_POINT('',(3.051726569706,0.927178606406,10.));
#6060 = VERTEX_POINT('',#6061);
#6061 = CARTESIAN_POINT('',(3.051726569706,0.927178606406,9.6));
#6062 = LINE('',#6063,#6064);
#6063 = CARTESIAN_POINT('',(3.051726569706,0.927178606406,10.));
#6064 = VECTOR('',#6065,1.);
#6065 = DIRECTION('',(0.,0.,-1.));
#6066 = ORIENTED_EDGE('',*,*,#6067,.T.);
#6067 = EDGE_CURVE('',#6060,#6027,#6068,.T.);
#6068 = B_SPLINE_CURVE_WITH_KNOTS('',2,(#6069,#6070,#6071),
  .UNSPECIFIED.,.F.,.F.,(3,3),(0.,1.),.PIECEWISE_BEZIER_KNOTS.);
#6069 = CARTESIAN_POINT('',(3.051726569706,0.927178606406,9.6));
#6070 = CARTESIAN_POINT('',(2.973601569706,0.927178606406,9.6));
#6071 = CARTESIAN_POINT('',(2.917036287807,0.955693072282,9.6));
#6072 = ORIENTED_EDGE('',*,*,#6024,.F.);
#6073 = ORIENTED_EDGE('',*,*,#6074,.F.);
#6074 = EDGE_CURVE('',#6058,#6025,#6075,.T.);
#6075 = B_SPLINE_CURVE_WITH_KNOTS('',2,(#6076,#6077,#6078),
  .UNSPECIFIED.,.F.,.F.,(3,3),(0.,1.),.PIECEWISE_BEZIER_KNOTS.);
#6076 = CARTESIAN_POINT('',(3.051726569706,0.927178606406,10.));
#6077 = CARTESIAN_POINT('',(2.973601569706,0.927178606406,10.));
#6078 = CARTESIAN_POINT('',(2.917036287807,0.955693072282,10.));
#6079 = SURFACE_OF_LINEAR_EXTRUSION('',#6080,#6084);
#6080 = B_SPLINE_CURVE_WITH_KNOTS('',2,(#6081,#6082,#6083),
  .UNSPECIFIED.,.F.,.F.,(3,3),(0.,1.),.PIECEWISE_BEZIER_KNOTS.);
#6081 = CARTESIAN_POINT('',(3.051726569706,0.927178606406,10.));
#6082 = CARTESIAN_POINT('',(2.973601569706,0.927178606406,10.));
#6083 = CARTESIAN_POINT('',(2.917036287807,0.955693072282,10.));
#6084 = VECTOR('',#6085,1.);
#6085 = DIRECTION('',(-0.,-0.,1.));
#6086 = ADVANCED_FACE('',(#6087),#6112,.F.);
#6087 = FACE_BOUND('',#6088,.F.);
#6088 = EDGE_LOOP('',(#6089,#6099,#6105,#6106));
#6089 = ORIENTED_EDGE('',*,*,#6090,.T.);
#6090 = EDGE_CURVE('',#6091,#6093,#6095,.T.);
#6091 = VERTEX_POINT('',#6092);
#6092 = CARTESIAN_POINT('',(3.986444670596,0.927178606406,10.));
#6093 = VERTEX_POINT('',#6094);
#6094 = CARTESIAN_POINT('',(3.986444670596,0.927178606406,9.6));
#6095 = LINE('',#6096,#6097);
#6096 = CARTESIAN_POINT('',(3.986444670596,0.927178606406,10.));
#6097 = VECTOR('',#6098,1.);
#6098 = DIRECTION('',(0.,0.,-1.));
#6099 = ORIENTED_EDGE('',*,*,#6100,.T.);
#6100 = EDGE_CURVE('',#6093,#6060,#6101,.T.);
#6101 = LINE('',#6102,#6103);
#6102 = CARTESIAN_POINT('',(3.986444670596,0.927178606406,9.6));
#6103 = VECTOR('',#6104,1.);
#6104 = DIRECTION('',(-1.,0.,0.));
#6105 = ORIENTED_EDGE('',*,*,#6057,.F.);
#6106 = ORIENTED_EDGE('',*,*,#6107,.F.);
#6107 = EDGE_CURVE('',#6091,#6058,#6108,.T.);
#6108 = LINE('',#6109,#6110);
#6109 = CARTESIAN_POINT('',(3.986444670596,0.927178606406,10.));
#6110 = VECTOR('',#6111,1.);
#6111 = DIRECTION('',(-1.,0.,0.));
#6112 = PLANE('',#6113);
#6113 = AXIS2_PLACEMENT_3D('',#6114,#6115,#6116);
#6114 = CARTESIAN_POINT('',(3.986444670596,0.927178606406,10.));
#6115 = DIRECTION('',(0.,1.,0.));
#6116 = DIRECTION('',(-1.,0.,0.));
#6117 = ADVANCED_FACE('',(#6118),#6143,.F.);
#6118 = FACE_BOUND('',#6119,.F.);
#6119 = EDGE_LOOP('',(#6120,#6130,#6136,#6137));
#6120 = ORIENTED_EDGE('',*,*,#6121,.T.);
#6121 = EDGE_CURVE('',#6122,#6124,#6126,.T.);
#6122 = VERTEX_POINT('',#6123);
#6123 = CARTESIAN_POINT('',(4.096329685433,0.973543591569,10.));
#6124 = VERTEX_POINT('',#6125);
#6125 = CARTESIAN_POINT('',(4.096329685433,0.973543591569,9.6));
#6126 = LINE('',#6127,#6128);
#6127 = CARTESIAN_POINT('',(4.096329685433,0.973543591569,10.));
#6128 = VECTOR('',#6129,1.);
#6129 = DIRECTION('',(0.,0.,-1.));
#6130 = ORIENTED_EDGE('',*,*,#6131,.T.);
#6131 = EDGE_CURVE('',#6124,#6093,#6132,.T.);
#6132 = B_SPLINE_CURVE_WITH_KNOTS('',2,(#6133,#6134,#6135),
  .UNSPECIFIED.,.F.,.F.,(3,3),(0.,1.),.PIECEWISE_BEZIER_KNOTS.);
#6133 = CARTESIAN_POINT('',(4.096329685433,0.973543591569,9.6));
#6134 = CARTESIAN_POINT('',(4.057614922821,0.927178606406,9.6));
#6135 = CARTESIAN_POINT('',(3.986444670596,0.927178606406,9.6));
#6136 = ORIENTED_EDGE('',*,*,#6090,.F.);
#6137 = ORIENTED_EDGE('',*,*,#6138,.F.);
#6138 = EDGE_CURVE('',#6122,#6091,#6139,.T.);
#6139 = B_SPLINE_CURVE_WITH_KNOTS('',2,(#6140,#6141,#6142),
  .UNSPECIFIED.,.F.,.F.,(3,3),(0.,1.),.PIECEWISE_BEZIER_KNOTS.);
#6140 = CARTESIAN_POINT('',(4.096329685433,0.973543591569,10.));
#6141 = CARTESIAN_POINT('',(4.057614922821,0.927178606406,10.));
#6142 = CARTESIAN_POINT('',(3.986444670596,0.927178606406,10.));
#6143 = SURFACE_OF_LINEAR_EXTRUSION('',#6144,#6148);
#6144 = B_SPLINE_CURVE_WITH_KNOTS('',2,(#6145,#6146,#6147),
  .UNSPECIFIED.,.F.,.F.,(3,3),(0.,1.),.PIECEWISE_BEZIER_KNOTS.);
#6145 = CARTESIAN_POINT('',(4.096329685433,0.973543591569,10.));
#6146 = CARTESIAN_POINT('',(4.057614922821,0.927178606406,10.));
#6147 = CARTESIAN_POINT('',(3.986444670596,0.927178606406,10.));
#6148 = VECTOR('',#6149,1.);
#6149 = DIRECTION('',(-0.,-0.,1.));
#6150 = ADVANCED_FACE('',(#6151),#6176,.F.);
#6151 = FACE_BOUND('',#6152,.F.);
#6152 = EDGE_LOOP('',(#6153,#6163,#6169,#6170));
#6153 = ORIENTED_EDGE('',*,*,#6154,.T.);
#6154 = EDGE_CURVE('',#6155,#6157,#6159,.T.);
#6155 = VERTEX_POINT('',#6156);
#6156 = CARTESIAN_POINT('',(4.13527627297,1.077169333409,10.));
#6157 = VERTEX_POINT('',#6158);
#6158 = CARTESIAN_POINT('',(4.13527627297,1.077169333409,9.6));
#6159 = LINE('',#6160,#6161);
#6160 = CARTESIAN_POINT('',(4.13527627297,1.077169333409,10.));
#6161 = VECTOR('',#6162,1.);
#6162 = DIRECTION('',(0.,0.,-1.));
#6163 = ORIENTED_EDGE('',*,*,#6164,.T.);
#6164 = EDGE_CURVE('',#6157,#6124,#6165,.T.);
#6165 = B_SPLINE_CURVE_WITH_KNOTS('',2,(#6166,#6167,#6168),
  .UNSPECIFIED.,.F.,.F.,(3,3),(0.,1.),.PIECEWISE_BEZIER_KNOTS.);
#6166 = CARTESIAN_POINT('',(4.13527627297,1.077169333409,9.6));
#6167 = CARTESIAN_POINT('',(4.13527627297,1.019908576733,9.6));
#6168 = CARTESIAN_POINT('',(4.096329685433,0.973543591569,9.6));
#6169 = ORIENTED_EDGE('',*,*,#6121,.F.);
#6170 = ORIENTED_EDGE('',*,*,#6171,.F.);
#6171 = EDGE_CURVE('',#6155,#6122,#6172,.T.);
#6172 = B_SPLINE_CURVE_WITH_KNOTS('',2,(#6173,#6174,#6175),
  .UNSPECIFIED.,.F.,.F.,(3,3),(0.,1.),.PIECEWISE_BEZIER_KNOTS.);
#6173 = CARTESIAN_POINT('',(4.13527627297,1.077169333409,10.));
#6174 = CARTESIAN_POINT('',(4.13527627297,1.019908576733,10.));
#6175 = CARTESIAN_POINT('',(4.096329685433,0.973543591569,10.));
#6176 = SURFACE_OF_LINEAR_EXTRUSION('',#6177,#6181);
#6177 = B_SPLINE_CURVE_WITH_KNOTS('',2,(#6178,#6179,#6180),
  .UNSPECIFIED.,.F.,.F.,(3,3),(0.,1.),.PIECEWISE_BEZIER_KNOTS.);
#6178 = CARTESIAN_POINT('',(4.13527627297,1.077169333409,10.));
#6179 = CARTESIAN_POINT('',(4.13527627297,1.019908576733,10.));
#6180 = CARTESIAN_POINT('',(4.096329685433,0.973543591569,10.));
#6181 = VECTOR('',#6182,1.);
#6182 = DIRECTION('',(-0.,-0.,1.));
#6183 = ADVANCED_FACE('',(#6184),#6209,.F.);
#6184 = FACE_BOUND('',#6185,.F.);
#6185 = EDGE_LOOP('',(#6186,#6196,#6202,#6203));
#6186 = ORIENTED_EDGE('',*,*,#6187,.T.);
#6187 = EDGE_CURVE('',#6188,#6190,#6192,.T.);
#6188 = VERTEX_POINT('',#6189);
#6189 = CARTESIAN_POINT('',(4.003599715106,1.543369259225,10.));
#6190 = VERTEX_POINT('',#6191);
#6191 = CARTESIAN_POINT('',(4.003599715106,1.543369259225,9.6));
#6192 = LINE('',#6193,#6194);
#6193 = CARTESIAN_POINT('',(4.003599715106,1.543369259225,10.));
#6194 = VECTOR('',#6195,1.);
#6195 = DIRECTION('',(0.,0.,-1.));
#6196 = ORIENTED_EDGE('',*,*,#6197,.T.);
#6197 = EDGE_CURVE('',#6190,#6157,#6198,.T.);
#6198 = B_SPLINE_CURVE_WITH_KNOTS('',2,(#6199,#6200,#6201),
  .UNSPECIFIED.,.F.,.F.,(3,3),(0.,1.),.PIECEWISE_BEZIER_KNOTS.);
#6199 = CARTESIAN_POINT('',(4.003599715106,1.543369259225,9.6));
#6200 = CARTESIAN_POINT('',(4.13527627297,1.30482141056,9.6));
#6201 = CARTESIAN_POINT('',(4.13527627297,1.077169333409,9.6));
#6202 = ORIENTED_EDGE('',*,*,#6154,.F.);
#6203 = ORIENTED_EDGE('',*,*,#6204,.F.);
#6204 = EDGE_CURVE('',#6188,#6155,#6205,.T.);
#6205 = B_SPLINE_CURVE_WITH_KNOTS('',2,(#6206,#6207,#6208),
  .UNSPECIFIED.,.F.,.F.,(3,3),(0.,1.),.PIECEWISE_BEZIER_KNOTS.);
#6206 = CARTESIAN_POINT('',(4.003599715106,1.543369259225,10.));
#6207 = CARTESIAN_POINT('',(4.13527627297,1.30482141056,10.));
#6208 = CARTESIAN_POINT('',(4.13527627297,1.077169333409,10.));
#6209 = SURFACE_OF_LINEAR_EXTRUSION('',#6210,#6214);
#6210 = B_SPLINE_CURVE_WITH_KNOTS('',2,(#6211,#6212,#6213),
  .UNSPECIFIED.,.F.,.F.,(3,3),(0.,1.),.PIECEWISE_BEZIER_KNOTS.);
#6211 = CARTESIAN_POINT('',(4.003599715106,1.543369259225,10.));
#6212 = CARTESIAN_POINT('',(4.13527627297,1.30482141056,10.));
#6213 = CARTESIAN_POINT('',(4.13527627297,1.077169333409,10.));
#6214 = VECTOR('',#6215,1.);
#6215 = DIRECTION('',(-0.,-0.,1.));
#6216 = ADVANCED_FACE('',(#6217),#6242,.F.);
#6217 = FACE_BOUND('',#6218,.F.);
#6218 = EDGE_LOOP('',(#6219,#6229,#6235,#6236));
#6219 = ORIENTED_EDGE('',*,*,#6220,.T.);
#6220 = EDGE_CURVE('',#6221,#6223,#6225,.T.);
#6221 = VERTEX_POINT('',#6222);
#6222 = CARTESIAN_POINT('',(3.615756614216,1.995427864566,10.));
#6223 = VERTEX_POINT('',#6224);
#6224 = CARTESIAN_POINT('',(3.615756614216,1.995427864566,9.6));
#6225 = LINE('',#6226,#6227);
#6226 = CARTESIAN_POINT('',(3.615756614216,1.995427864566,10.));
#6227 = VECTOR('',#6228,1.);
#6228 = DIRECTION('',(0.,0.,-1.));
#6229 = ORIENTED_EDGE('',*,*,#6230,.T.);
#6230 = EDGE_CURVE('',#6223,#6190,#6231,.T.);
#6231 = B_SPLINE_CURVE_WITH_KNOTS('',2,(#6232,#6233,#6234),
  .UNSPECIFIED.,.F.,.F.,(3,3),(0.,1.),.PIECEWISE_BEZIER_KNOTS.);
#6232 = CARTESIAN_POINT('',(3.615756614216,1.995427864566,9.6));
#6233 = CARTESIAN_POINT('',(3.871923157243,1.78191710789,9.6));
#6234 = CARTESIAN_POINT('',(4.003599715106,1.543369259225,9.6));
#6235 = ORIENTED_EDGE('',*,*,#6187,.F.);
#6236 = ORIENTED_EDGE('',*,*,#6237,.F.);
#6237 = EDGE_CURVE('',#6221,#6188,#6238,.T.);
#6238 = B_SPLINE_CURVE_WITH_KNOTS('',2,(#6239,#6240,#6241),
  .UNSPECIFIED.,.F.,.F.,(3,3),(0.,1.),.PIECEWISE_BEZIER_KNOTS.);
#6239 = CARTESIAN_POINT('',(3.615756614216,1.995427864566,10.));
#6240 = CARTESIAN_POINT('',(3.871923157243,1.78191710789,10.));
#6241 = CARTESIAN_POINT('',(4.003599715106,1.543369259225,10.));
#6242 = SURFACE_OF_LINEAR_EXTRUSION('',#6243,#6247);
#6243 = B_SPLINE_CURVE_WITH_KNOTS('',2,(#6244,#6245,#6246),
  .UNSPECIFIED.,.F.,.F.,(3,3),(0.,1.),.PIECEWISE_BEZIER_KNOTS.);
#6244 = CARTESIAN_POINT('',(3.615756614216,1.995427864566,10.));
#6245 = CARTESIAN_POINT('',(3.871923157243,1.78191710789,10.));
#6246 = CARTESIAN_POINT('',(4.003599715106,1.543369259225,10.));
#6247 = VECTOR('',#6248,1.);
#6248 = DIRECTION('',(-0.,-0.,1.));
#6249 = ADVANCED_FACE('',(#6250),#6275,.F.);
#6250 = FACE_BOUND('',#6251,.F.);
#6251 = EDGE_LOOP('',(#6252,#6262,#6268,#6269));
#6252 = ORIENTED_EDGE('',*,*,#6253,.T.);
#6253 = EDGE_CURVE('',#6254,#6256,#6258,.T.);
#6254 = VERTEX_POINT('',#6255);
#6255 = CARTESIAN_POINT('',(2.986351940626,2.337137805219,10.));
#6256 = VERTEX_POINT('',#6257);
#6257 = CARTESIAN_POINT('',(2.986351940626,2.337137805219,9.6));
#6258 = LINE('',#6259,#6260);
#6259 = CARTESIAN_POINT('',(2.986351940626,2.337137805219,10.));
#6260 = VECTOR('',#6261,1.);
#6261 = DIRECTION('',(0.,0.,-1.));
#6262 = ORIENTED_EDGE('',*,*,#6263,.T.);
#6263 = EDGE_CURVE('',#6256,#6223,#6264,.T.);
#6264 = B_SPLINE_CURVE_WITH_KNOTS('',2,(#6265,#6266,#6267),
  .UNSPECIFIED.,.F.,.F.,(3,3),(0.,1.),.PIECEWISE_BEZIER_KNOTS.);
#6265 = CARTESIAN_POINT('',(2.986351940626,2.337137805219,9.6));
#6266 = CARTESIAN_POINT('',(3.359821896115,2.209170446169,9.6));
#6267 = CARTESIAN_POINT('',(3.615756614216,1.995427864566,9.6));
#6268 = ORIENTED_EDGE('',*,*,#6220,.F.);
#6269 = ORIENTED_EDGE('',*,*,#6270,.F.);
#6270 = EDGE_CURVE('',#6254,#6221,#6271,.T.);
#6271 = B_SPLINE_CURVE_WITH_KNOTS('',2,(#6272,#6273,#6274),
  .UNSPECIFIED.,.F.,.F.,(3,3),(0.,1.),.PIECEWISE_BEZIER_KNOTS.);
#6272 = CARTESIAN_POINT('',(2.986351940626,2.337137805219,10.));
#6273 = CARTESIAN_POINT('',(3.359821896115,2.209170446169,10.));
#6274 = CARTESIAN_POINT('',(3.615756614216,1.995427864566,10.));
#6275 = SURFACE_OF_LINEAR_EXTRUSION('',#6276,#6280);
#6276 = B_SPLINE_CURVE_WITH_KNOTS('',2,(#6277,#6278,#6279),
  .UNSPECIFIED.,.F.,.F.,(3,3),(0.,1.),.PIECEWISE_BEZIER_KNOTS.);
#6277 = CARTESIAN_POINT('',(2.986351940626,2.337137805219,10.));
#6278 = CARTESIAN_POINT('',(3.359821896115,2.209170446169,10.));
#6279 = CARTESIAN_POINT('',(3.615756614216,1.995427864566,10.));
#6280 = VECTOR('',#6281,1.);
#6281 = DIRECTION('',(-0.,-0.,1.));
#6282 = ADVANCED_FACE('',(#6283),#6308,.F.);
#6283 = FACE_BOUND('',#6284,.F.);
#6284 = EDGE_LOOP('',(#6285,#6295,#6301,#6302));
#6285 = ORIENTED_EDGE('',*,*,#6286,.T.);
#6286 = EDGE_CURVE('',#6287,#6289,#6291,.T.);
#6287 = VERTEX_POINT('',#6288);
#6288 = CARTESIAN_POINT('',(2.122108617183,2.465336989195,10.));
#6289 = VERTEX_POINT('',#6290);
#6290 = CARTESIAN_POINT('',(2.122108617183,2.465336989195,9.6));
#6291 = LINE('',#6292,#6293);
#6292 = CARTESIAN_POINT('',(2.122108617183,2.465336989195,10.));
#6293 = VECTOR('',#6294,1.);
#6294 = DIRECTION('',(0.,0.,-1.));
#6295 = ORIENTED_EDGE('',*,*,#6296,.T.);
#6296 = EDGE_CURVE('',#6289,#6256,#6297,.T.);
#6297 = B_SPLINE_CURVE_WITH_KNOTS('',2,(#6298,#6299,#6300),
  .UNSPECIFIED.,.F.,.F.,(3,3),(0.,1.),.PIECEWISE_BEZIER_KNOTS.);
#6298 = CARTESIAN_POINT('',(2.122108617183,2.465336989195,9.6));
#6299 = CARTESIAN_POINT('',(2.613113810062,2.465336989195,9.6));
#6300 = CARTESIAN_POINT('',(2.986351940626,2.337137805219,9.6));
#6301 = ORIENTED_EDGE('',*,*,#6253,.F.);
#6302 = ORIENTED_EDGE('',*,*,#6303,.F.);
#6303 = EDGE_CURVE('',#6287,#6254,#6304,.T.);
#6304 = B_SPLINE_CURVE_WITH_KNOTS('',2,(#6305,#6306,#6307),
  .UNSPECIFIED.,.F.,.F.,(3,3),(0.,1.),.PIECEWISE_BEZIER_KNOTS.);
#6305 = CARTESIAN_POINT('',(2.122108617183,2.465336989195,10.));
#6306 = CARTESIAN_POINT('',(2.613113810062,2.465336989195,10.));
#6307 = CARTESIAN_POINT('',(2.986351940626,2.337137805219,10.));
#6308 = SURFACE_OF_LINEAR_EXTRUSION('',#6309,#6313);
#6309 = B_SPLINE_CURVE_WITH_KNOTS('',2,(#6310,#6311,#6312),
  .UNSPECIFIED.,.F.,.F.,(3,3),(0.,1.),.PIECEWISE_BEZIER_KNOTS.);
#6310 = CARTESIAN_POINT('',(2.122108617183,2.465336989195,10.));
#6311 = CARTESIAN_POINT('',(2.613113810062,2.465336989195,10.));
#6312 = CARTESIAN_POINT('',(2.986351940626,2.337137805219,10.));
#6313 = VECTOR('',#6314,1.);
#6314 = DIRECTION('',(-0.,-0.,1.));
#6315 = ADVANCED_FACE('',(#6316),#6341,.F.);
#6316 = FACE_BOUND('',#6317,.F.);
#6317 = EDGE_LOOP('',(#6318,#6328,#6334,#6335));
#6318 = ORIENTED_EDGE('',*,*,#6319,.T.);
#6319 = EDGE_CURVE('',#6320,#6322,#6324,.T.);
#6320 = VERTEX_POINT('',#6321);
#6321 = CARTESIAN_POINT('',(1.076578201753,2.272690475842,10.));
#6322 = VERTEX_POINT('',#6323);
#6323 = CARTESIAN_POINT('',(1.076578201753,2.272690475842,9.6));
#6324 = LINE('',#6325,#6326);
#6325 = CARTESIAN_POINT('',(1.076578201753,2.272690475842,10.));
#6326 = VECTOR('',#6327,1.);
#6327 = DIRECTION('',(0.,0.,-1.));
#6328 = ORIENTED_EDGE('',*,*,#6329,.T.);
#6329 = EDGE_CURVE('',#6322,#6289,#6330,.T.);
#6330 = B_SPLINE_CURVE_WITH_KNOTS('',2,(#6331,#6332,#6333),
  .UNSPECIFIED.,.F.,.F.,(3,3),(0.,1.),.PIECEWISE_BEZIER_KNOTS.);
#6331 = CARTESIAN_POINT('',(1.076578201753,2.272690475842,9.6));
#6332 = CARTESIAN_POINT('',(1.517509210655,2.465336989195,9.6));
#6333 = CARTESIAN_POINT('',(2.122108617183,2.465336989195,9.6));
#6334 = ORIENTED_EDGE('',*,*,#6286,.F.);
#6335 = ORIENTED_EDGE('',*,*,#6336,.F.);
#6336 = EDGE_CURVE('',#6320,#6287,#6337,.T.);
#6337 = B_SPLINE_CURVE_WITH_KNOTS('',2,(#6338,#6339,#6340),
  .UNSPECIFIED.,.F.,.F.,(3,3),(0.,1.),.PIECEWISE_BEZIER_KNOTS.);
#6338 = CARTESIAN_POINT('',(1.076578201753,2.272690475842,10.));
#6339 = CARTESIAN_POINT('',(1.517509210655,2.465336989195,10.));
#6340 = CARTESIAN_POINT('',(2.122108617183,2.465336989195,10.));
#6341 = SURFACE_OF_LINEAR_EXTRUSION('',#6342,#6346);
#6342 = B_SPLINE_CURVE_WITH_KNOTS('',2,(#6343,#6344,#6345),
  .UNSPECIFIED.,.F.,.F.,(3,3),(0.,1.),.PIECEWISE_BEZIER_KNOTS.);
#6343 = CARTESIAN_POINT('',(1.076578201753,2.272690475842,10.));
#6344 = CARTESIAN_POINT('',(1.517509210655,2.465336989195,10.));
#6345 = CARTESIAN_POINT('',(2.122108617183,2.465336989195,10.));
#6346 = VECTOR('',#6347,1.);
#6347 = DIRECTION('',(-0.,-0.,1.));
#6348 = ADVANCED_FACE('',(#6349),#6374,.F.);
#6349 = FACE_BOUND('',#6350,.F.);
#6350 = EDGE_LOOP('',(#6351,#6361,#6367,#6368));
#6351 = ORIENTED_EDGE('',*,*,#6352,.T.);
#6352 = EDGE_CURVE('',#6353,#6355,#6357,.T.);
#6353 = VERTEX_POINT('',#6354);
#6354 = CARTESIAN_POINT('',(0.390144596412,1.737406722133,10.));
#6355 = VERTEX_POINT('',#6356);
#6356 = CARTESIAN_POINT('',(0.390144596412,1.737406722133,9.6));
#6357 = LINE('',#6358,#6359);
#6358 = CARTESIAN_POINT('',(0.390144596412,1.737406722133,10.));
#6359 = VECTOR('',#6360,1.);
#6360 = DIRECTION('',(0.,0.,-1.));
#6361 = ORIENTED_EDGE('',*,*,#6362,.T.);
#6362 = EDGE_CURVE('',#6355,#6322,#6363,.T.);
#6363 = B_SPLINE_CURVE_WITH_KNOTS('',2,(#6364,#6365,#6366),
  .UNSPECIFIED.,.F.,.F.,(3,3),(0.,1.),.PIECEWISE_BEZIER_KNOTS.);
#6364 = CARTESIAN_POINT('',(0.390144596412,1.737406722133,9.6));
#6365 = CARTESIAN_POINT('',(0.635647192851,2.080043962489,9.6));
#6366 = CARTESIAN_POINT('',(1.076578201753,2.272690475842,9.6));
#6367 = ORIENTED_EDGE('',*,*,#6319,.F.);
#6368 = ORIENTED_EDGE('',*,*,#6369,.F.);
#6369 = EDGE_CURVE('',#6353,#6320,#6370,.T.);
#6370 = B_SPLINE_CURVE_WITH_KNOTS('',2,(#6371,#6372,#6373),
  .UNSPECIFIED.,.F.,.F.,(3,3),(0.,1.),.PIECEWISE_BEZIER_KNOTS.);
#6371 = CARTESIAN_POINT('',(0.390144596412,1.737406722133,10.));
#6372 = CARTESIAN_POINT('',(0.635647192851,2.080043962489,10.));
#6373 = CARTESIAN_POINT('',(1.076578201753,2.272690475842,10.));
#6374 = SURFACE_OF_LINEAR_EXTRUSION('',#6375,#6379);
#6375 = B_SPLINE_CURVE_WITH_KNOTS('',2,(#6376,#6377,#6378),
  .UNSPECIFIED.,.F.,.F.,(3,3),(0.,1.),.PIECEWISE_BEZIER_KNOTS.);
#6376 = CARTESIAN_POINT('',(0.390144596412,1.737406722133,10.));
#6377 = CARTESIAN_POINT('',(0.635647192851,2.080043962489,10.));
#6378 = CARTESIAN_POINT('',(1.076578201753,2.272690475842,10.));
#6379 = VECTOR('',#6380,1.);
#6380 = DIRECTION('',(-0.,-0.,1.));
#6381 = ADVANCED_FACE('',(#6382),#6407,.F.);
#6382 = FACE_BOUND('',#6383,.F.);
#6383 = EDGE_LOOP('',(#6384,#6394,#6400,#6401));
#6384 = ORIENTED_EDGE('',*,*,#6385,.T.);
#6385 = EDGE_CURVE('',#6386,#6388,#6390,.T.);
#6386 = VERTEX_POINT('',#6387);
#6387 = CARTESIAN_POINT('',(0.144641999973,0.959865920946,10.));
#6388 = VERTEX_POINT('',#6389);
#6389 = CARTESIAN_POINT('',(0.144641999973,0.959865920946,9.6));
#6390 = LINE('',#6391,#6392);
#6391 = CARTESIAN_POINT('',(0.144641999973,0.959865920946,10.));
#6392 = VECTOR('',#6393,1.);
#6393 = DIRECTION('',(0.,0.,-1.));
#6394 = ORIENTED_EDGE('',*,*,#6395,.T.);
#6395 = EDGE_CURVE('',#6388,#6355,#6396,.T.);
#6396 = B_SPLINE_CURVE_WITH_KNOTS('',2,(#6397,#6398,#6399),
  .UNSPECIFIED.,.F.,.F.,(3,3),(0.,1.),.PIECEWISE_BEZIER_KNOTS.);
#6397 = CARTESIAN_POINT('',(0.144641999973,0.959865920946,9.6));
#6398 = CARTESIAN_POINT('',(0.144641999973,1.395001306703,9.6));
#6399 = CARTESIAN_POINT('',(0.390144596412,1.737406722133,9.6));
#6400 = ORIENTED_EDGE('',*,*,#6352,.F.);
#6401 = ORIENTED_EDGE('',*,*,#6402,.F.);
#6402 = EDGE_CURVE('',#6386,#6353,#6403,.T.);
#6403 = B_SPLINE_CURVE_WITH_KNOTS('',2,(#6404,#6405,#6406),
  .UNSPECIFIED.,.F.,.F.,(3,3),(0.,1.),.PIECEWISE_BEZIER_KNOTS.);
#6404 = CARTESIAN_POINT('',(0.144641999973,0.959865920946,10.));
#6405 = CARTESIAN_POINT('',(0.144641999973,1.395001306703,10.));
#6406 = CARTESIAN_POINT('',(0.390144596412,1.737406722133,10.));
#6407 = SURFACE_OF_LINEAR_EXTRUSION('',#6408,#6412);
#6408 = B_SPLINE_CURVE_WITH_KNOTS('',2,(#6409,#6410,#6411),
  .UNSPECIFIED.,.F.,.F.,(3,3),(0.,1.),.PIECEWISE_BEZIER_KNOTS.);
#6409 = CARTESIAN_POINT('',(0.144641999973,0.959865920946,10.));
#6410 = CARTESIAN_POINT('',(0.144641999973,1.395001306703,10.));
#6411 = CARTESIAN_POINT('',(0.390144596412,1.737406722133,10.));
#6412 = VECTOR('',#6413,1.);
#6413 = DIRECTION('',(-0.,-0.,1.));
#6414 = ADVANCED_FACE('',(#6415),#6440,.F.);
#6415 = FACE_BOUND('',#6416,.F.);
#6416 = EDGE_LOOP('',(#6417,#6427,#6433,#6434));
#6417 = ORIENTED_EDGE('',*,*,#6418,.T.);
#6418 = EDGE_CURVE('',#6419,#6421,#6423,.T.);
#6419 = VERTEX_POINT('',#6420);
#6420 = CARTESIAN_POINT('',(0.343547786323,0.221271707296,10.));
#6421 = VERTEX_POINT('',#6422);
#6422 = CARTESIAN_POINT('',(0.343547786323,0.221271707296,9.6));
#6423 = LINE('',#6424,#6425);
#6424 = CARTESIAN_POINT('',(0.343547786323,0.221271707296,10.));
#6425 = VECTOR('',#6426,1.);
#6426 = DIRECTION('',(0.,0.,-1.));
#6427 = ORIENTED_EDGE('',*,*,#6428,.T.);
#6428 = EDGE_CURVE('',#6421,#6388,#6429,.T.);
#6429 = B_SPLINE_CURVE_WITH_KNOTS('',2,(#6430,#6431,#6432),
  .UNSPECIFIED.,.F.,.F.,(3,3),(0.,1.),.PIECEWISE_BEZIER_KNOTS.);
#6430 = CARTESIAN_POINT('',(0.343547786323,0.221271707296,9.6));
#6431 = CARTESIAN_POINT('',(0.144641999973,0.517543962489,9.6));
#6432 = CARTESIAN_POINT('',(0.144641999973,0.959865920946,9.6));
#6433 = ORIENTED_EDGE('',*,*,#6385,.F.);
#6434 = ORIENTED_EDGE('',*,*,#6435,.F.);
#6435 = EDGE_CURVE('',#6419,#6386,#6436,.T.);
#6436 = B_SPLINE_CURVE_WITH_KNOTS('',2,(#6437,#6438,#6439),
  .UNSPECIFIED.,.F.,.F.,(3,3),(0.,1.),.PIECEWISE_BEZIER_KNOTS.);
#6437 = CARTESIAN_POINT('',(0.343547786323,0.221271707296,10.));
#6438 = CARTESIAN_POINT('',(0.144641999973,0.517543962489,10.));
#6439 = CARTESIAN_POINT('',(0.144641999973,0.959865920946,10.));
#6440 = SURFACE_OF_LINEAR_EXTRUSION('',#6441,#6445);
#6441 = B_SPLINE_CURVE_WITH_KNOTS('',2,(#6442,#6443,#6444),
  .UNSPECIFIED.,.F.,.F.,(3,3),(0.,1.),.PIECEWISE_BEZIER_KNOTS.);
#6442 = CARTESIAN_POINT('',(0.343547786323,0.221271707296,10.));
#6443 = CARTESIAN_POINT('',(0.144641999973,0.517543962489,10.));
#6444 = CARTESIAN_POINT('',(0.144641999973,0.959865920946,10.));
#6445 = VECTOR('',#6446,1.);
#6446 = DIRECTION('',(-0.,-0.,1.));
#6447 = ADVANCED_FACE('',(#6448),#6473,.F.);
#6448 = FACE_BOUND('',#6449,.F.);
#6449 = EDGE_LOOP('',(#6450,#6460,#6466,#6467));
#6450 = ORIENTED_EDGE('',*,*,#6451,.T.);
#6451 = EDGE_CURVE('',#6452,#6454,#6456,.T.);
#6452 = VERTEX_POINT('',#6453);
#6453 = CARTESIAN_POINT('',(0.922414626086,-0.256751289736,10.));
#6454 = VERTEX_POINT('',#6455);
#6455 = CARTESIAN_POINT('',(0.922414626086,-0.256751289736,9.6));
#6456 = LINE('',#6457,#6458);
#6457 = CARTESIAN_POINT('',(0.922414626086,-0.256751289736,10.));
#6458 = VECTOR('',#6459,1.);
#6459 = DIRECTION('',(0.,0.,-1.));
#6460 = ORIENTED_EDGE('',*,*,#6461,.T.);
#6461 = EDGE_CURVE('',#6454,#6421,#6462,.T.);
#6462 = B_SPLINE_CURVE_WITH_KNOTS('',2,(#6463,#6464,#6465),
  .UNSPECIFIED.,.F.,.F.,(3,3),(0.,1.),.PIECEWISE_BEZIER_KNOTS.);
#6463 = CARTESIAN_POINT('',(0.922414626086,-0.256751289736,9.6));
#6464 = CARTESIAN_POINT('',(0.542453572673,-7.47687229707E-02,9.6));
#6465 = CARTESIAN_POINT('',(0.343547786323,0.221271707296,9.6));
#6466 = ORIENTED_EDGE('',*,*,#6418,.F.);
#6467 = ORIENTED_EDGE('',*,*,#6468,.F.);
#6468 = EDGE_CURVE('',#6452,#6419,#6469,.T.);
#6469 = B_SPLINE_CURVE_WITH_KNOTS('',2,(#6470,#6471,#6472),
  .UNSPECIFIED.,.F.,.F.,(3,3),(0.,1.),.PIECEWISE_BEZIER_KNOTS.);
#6470 = CARTESIAN_POINT('',(0.922414626086,-0.256751289736,10.));
#6471 = CARTESIAN_POINT('',(0.542453572673,-7.47687229707E-02,10.));
#6472 = CARTESIAN_POINT('',(0.343547786323,0.221271707296,10.));
#6473 = SURFACE_OF_LINEAR_EXTRUSION('',#6474,#6478);
#6474 = B_SPLINE_CURVE_WITH_KNOTS('',2,(#6475,#6476,#6477),
  .UNSPECIFIED.,.F.,.F.,(3,3),(0.,1.),.PIECEWISE_BEZIER_KNOTS.);
#6475 = CARTESIAN_POINT('',(0.922414626086,-0.256751289736,10.));
#6476 = CARTESIAN_POINT('',(0.542453572673,-7.47687229707E-02,10.));
#6477 = CARTESIAN_POINT('',(0.343547786323,0.221271707296,10.));
#6478 = VECTOR('',#6479,1.);
#6479 = DIRECTION('',(-0.,-0.,1.));
#6480 = ADVANCED_FACE('',(#6481),#6506,.F.);
#6481 = FACE_BOUND('',#6482,.F.);
#6482 = EDGE_LOOP('',(#6483,#6493,#6499,#6500));
#6483 = ORIENTED_EDGE('',*,*,#6484,.T.);
#6484 = EDGE_CURVE('',#6485,#6487,#6489,.T.);
#6485 = VERTEX_POINT('',#6486);
#6486 = CARTESIAN_POINT('',(1.842527756649,-0.552791720003,10.));
#6487 = VERTEX_POINT('',#6488);
#6488 = CARTESIAN_POINT('',(1.842527756649,-0.552791720003,9.6));
#6489 = LINE('',#6490,#6491);
#6490 = CARTESIAN_POINT('',(1.842527756649,-0.552791720003,10.));
#6491 = VECTOR('',#6492,1.);
#6492 = DIRECTION('',(0.,0.,-1.));
#6493 = ORIENTED_EDGE('',*,*,#6494,.T.);
#6494 = EDGE_CURVE('',#6487,#6454,#6495,.T.);
#6495 = B_SPLINE_CURVE_WITH_KNOTS('',2,(#6496,#6497,#6498),
  .UNSPECIFIED.,.F.,.F.,(3,3),(0.,1.),.PIECEWISE_BEZIER_KNOTS.);
#6496 = CARTESIAN_POINT('',(1.842527756649,-0.552791720003,9.6));
#6497 = CARTESIAN_POINT('',(1.302375679498,-0.438502031576,9.6));
#6498 = CARTESIAN_POINT('',(0.922414626086,-0.256751289736,9.6));
#6499 = ORIENTED_EDGE('',*,*,#6451,.F.);
#6500 = ORIENTED_EDGE('',*,*,#6501,.F.);
#6501 = EDGE_CURVE('',#6485,#6452,#6502,.T.);
#6502 = B_SPLINE_CURVE_WITH_KNOTS('',2,(#6503,#6504,#6505),
  .UNSPECIFIED.,.F.,.F.,(3,3),(0.,1.),.PIECEWISE_BEZIER_KNOTS.);
#6503 = CARTESIAN_POINT('',(1.842527756649,-0.552791720003,10.));
#6504 = CARTESIAN_POINT('',(1.302375679498,-0.438502031576,10.));
#6505 = CARTESIAN_POINT('',(0.922414626086,-0.256751289736,10.));
#6506 = SURFACE_OF_LINEAR_EXTRUSION('',#6507,#6511);
#6507 = B_SPLINE_CURVE_WITH_KNOTS('',2,(#6508,#6509,#6510),
  .UNSPECIFIED.,.F.,.F.,(3,3),(0.,1.),.PIECEWISE_BEZIER_KNOTS.);
#6508 = CARTESIAN_POINT('',(1.842527756649,-0.552791720003,10.));
#6509 = CARTESIAN_POINT('',(1.302375679498,-0.438502031576,10.));
#6510 = CARTESIAN_POINT('',(0.922414626086,-0.256751289736,10.));
#6511 = VECTOR('',#6512,1.);
#6512 = DIRECTION('',(-0.,-0.,1.));
#6513 = ADVANCED_FACE('',(#6514),#6539,.F.);
#6514 = FACE_BOUND('',#6515,.F.);
#6515 = EDGE_LOOP('',(#6516,#6526,#6532,#6533));
#6516 = ORIENTED_EDGE('',*,*,#6517,.T.);
#6517 = EDGE_CURVE('',#6518,#6520,#6522,.T.);
#6518 = VERTEX_POINT('',#6519);
#6519 = CARTESIAN_POINT('',(2.513660916887,-0.720401141368,10.));
#6520 = VERTEX_POINT('',#6521);
#6521 = CARTESIAN_POINT('',(2.513660916887,-0.720401141368,9.6));
#6522 = LINE('',#6523,#6524);
#6523 = CARTESIAN_POINT('',(2.513660916887,-0.720401141368,10.));
#6524 = VECTOR('',#6525,1.);
#6525 = DIRECTION('',(0.,0.,-1.));
#6526 = ORIENTED_EDGE('',*,*,#6527,.T.);
#6527 = EDGE_CURVE('',#6520,#6487,#6528,.T.);
#6528 = B_SPLINE_CURVE_WITH_KNOTS('',2,(#6529,#6530,#6531),
  .UNSPECIFIED.,.F.,.F.,(3,3),(0.,1.),.PIECEWISE_BEZIER_KNOTS.);
#6529 = CARTESIAN_POINT('',(2.513660916887,-0.720401141368,9.6));
#6530 = CARTESIAN_POINT('',(2.261435397599,-0.638335117629,9.6));
#6531 = CARTESIAN_POINT('',(1.842527756649,-0.552791720003,9.6));
#6532 = ORIENTED_EDGE('',*,*,#6484,.F.);
#6533 = ORIENTED_EDGE('',*,*,#6534,.F.);
#6534 = EDGE_CURVE('',#6518,#6485,#6535,.T.);
#6535 = B_SPLINE_CURVE_WITH_KNOTS('',2,(#6536,#6537,#6538),
  .UNSPECIFIED.,.F.,.F.,(3,3),(0.,1.),.PIECEWISE_BEZIER_KNOTS.);
#6536 = CARTESIAN_POINT('',(2.513660916887,-0.720401141368,10.));
#6537 = CARTESIAN_POINT('',(2.261435397599,-0.638335117629,10.));
#6538 = CARTESIAN_POINT('',(1.842527756649,-0.552791720003,10.));
#6539 = SURFACE_OF_LINEAR_EXTRUSION('',#6540,#6544);
#6540 = B_SPLINE_CURVE_WITH_KNOTS('',2,(#6541,#6542,#6543),
  .UNSPECIFIED.,.F.,.F.,(3,3),(0.,1.),.PIECEWISE_BEZIER_KNOTS.);
#6541 = CARTESIAN_POINT('',(2.513660916887,-0.720401141368,10.));
#6542 = CARTESIAN_POINT('',(2.261435397599,-0.638335117629,10.));
#6543 = CARTESIAN_POINT('',(1.842527756649,-0.552791720003,10.));
#6544 = VECTOR('',#6545,1.);
#6545 = DIRECTION('',(-0.,-0.,1.));
#6546 = ADVANCED_FACE('',(#6547),#6572,.F.);
#6547 = FACE_BOUND('',#6548,.F.);
#6548 = EDGE_LOOP('',(#6549,#6559,#6565,#6566));
#6549 = ORIENTED_EDGE('',*,*,#6550,.T.);
#6550 = EDGE_CURVE('',#6551,#6553,#6555,.T.);
#6551 = VERTEX_POINT('',#6552);
#6552 = CARTESIAN_POINT('',(2.879480649824,-0.902383708134,10.));
#6553 = VERTEX_POINT('',#6554);
#6554 = CARTESIAN_POINT('',(2.879480649824,-0.902383708134,9.6));
#6555 = LINE('',#6556,#6557);
#6556 = CARTESIAN_POINT('',(2.879480649824,-0.902383708134,10.));
#6557 = VECTOR('',#6558,1.);
#6558 = DIRECTION('',(0.,0.,-1.));
#6559 = ORIENTED_EDGE('',*,*,#6560,.T.);
#6560 = EDGE_CURVE('',#6553,#6520,#6561,.T.);
#6561 = B_SPLINE_CURVE_WITH_KNOTS('',2,(#6562,#6563,#6564),
  .UNSPECIFIED.,.F.,.F.,(3,3),(0.,1.),.PIECEWISE_BEZIER_KNOTS.);
#6562 = CARTESIAN_POINT('',(2.879480649824,-0.902383708134,9.6));
#6563 = CARTESIAN_POINT('',(2.765886436175,-0.802467165107,9.6));
#6564 = CARTESIAN_POINT('',(2.513660916887,-0.720401141368,9.6));
#6565 = ORIENTED_EDGE('',*,*,#6517,.F.);
#6566 = ORIENTED_EDGE('',*,*,#6567,.F.);
#6567 = EDGE_CURVE('',#6551,#6518,#6568,.T.);
#6568 = B_SPLINE_CURVE_WITH_KNOTS('',2,(#6569,#6570,#6571),
  .UNSPECIFIED.,.F.,.F.,(3,3),(0.,1.),.PIECEWISE_BEZIER_KNOTS.);
#6569 = CARTESIAN_POINT('',(2.879480649824,-0.902383708134,10.));
#6570 = CARTESIAN_POINT('',(2.765886436175,-0.802467165107,10.));
#6571 = CARTESIAN_POINT('',(2.513660916887,-0.720401141368,10.));
#6572 = SURFACE_OF_LINEAR_EXTRUSION('',#6573,#6577);
#6573 = B_SPLINE_CURVE_WITH_KNOTS('',2,(#6574,#6575,#6576),
  .UNSPECIFIED.,.F.,.F.,(3,3),(0.,1.),.PIECEWISE_BEZIER_KNOTS.);
#6574 = CARTESIAN_POINT('',(2.879480649824,-0.902383708134,10.));
#6575 = CARTESIAN_POINT('',(2.765886436175,-0.802467165107,10.));
#6576 = CARTESIAN_POINT('',(2.513660916887,-0.720401141368,10.));
#6577 = VECTOR('',#6578,1.);
#6578 = DIRECTION('',(-0.,-0.,1.));
#6579 = ADVANCED_FACE('',(#6580),#6605,.F.);
#6580 = FACE_BOUND('',#6581,.F.);
#6581 = EDGE_LOOP('',(#6582,#6592,#6598,#6599));
#6582 = ORIENTED_EDGE('',*,*,#6583,.T.);
#6583 = EDGE_CURVE('',#6584,#6586,#6588,.T.);
#6584 = VERTEX_POINT('',#6585);
#6585 = CARTESIAN_POINT('',(2.9933066884,-1.166432298638,10.));
#6586 = VERTEX_POINT('',#6587);
#6587 = CARTESIAN_POINT('',(2.9933066884,-1.166432298638,9.6));
#6588 = LINE('',#6589,#6590);
#6589 = CARTESIAN_POINT('',(2.9933066884,-1.166432298638,10.));
#6590 = VECTOR('',#6591,1.);
#6591 = DIRECTION('',(0.,0.,-1.));
#6592 = ORIENTED_EDGE('',*,*,#6593,.T.);
#6593 = EDGE_CURVE('',#6586,#6553,#6594,.T.);
#6594 = B_SPLINE_CURVE_WITH_KNOTS('',2,(#6595,#6596,#6597),
  .UNSPECIFIED.,.F.,.F.,(3,3),(0.,1.),.PIECEWISE_BEZIER_KNOTS.);
#6595 = CARTESIAN_POINT('',(2.9933066884,-1.166432298638,9.6));
#6596 = CARTESIAN_POINT('',(2.9933066884,-1.002300251161,9.6));
#6597 = CARTESIAN_POINT('',(2.879480649824,-0.902383708134,9.6));
#6598 = ORIENTED_EDGE('',*,*,#6550,.F.);
#6599 = ORIENTED_EDGE('',*,*,#6600,.F.);
#6600 = EDGE_CURVE('',#6584,#6551,#6601,.T.);
#6601 = B_SPLINE_CURVE_WITH_KNOTS('',2,(#6602,#6603,#6604),
  .UNSPECIFIED.,.F.,.F.,(3,3),(0.,1.),.PIECEWISE_BEZIER_KNOTS.);
#6602 = CARTESIAN_POINT('',(2.9933066884,-1.166432298638,10.));
#6603 = CARTESIAN_POINT('',(2.9933066884,-1.002300251161,10.));
#6604 = CARTESIAN_POINT('',(2.879480649824,-0.902383708134,10.));
#6605 = SURFACE_OF_LINEAR_EXTRUSION('',#6606,#6610);
#6606 = B_SPLINE_CURVE_WITH_KNOTS('',2,(#6607,#6608,#6609),
  .UNSPECIFIED.,.F.,.F.,(3,3),(0.,1.),.PIECEWISE_BEZIER_KNOTS.);
#6607 = CARTESIAN_POINT('',(2.9933066884,-1.166432298638,10.));
#6608 = CARTESIAN_POINT('',(2.9933066884,-1.002300251161,10.));
#6609 = CARTESIAN_POINT('',(2.879480649824,-0.902383708134,10.));
#6610 = VECTOR('',#6611,1.);
#6611 = DIRECTION('',(-0.,-0.,1.));
#6612 = ADVANCED_FACE('',(#6613),#6638,.F.);
#6613 = FACE_BOUND('',#6614,.F.);
#6614 = EDGE_LOOP('',(#6615,#6625,#6631,#6632));
#6615 = ORIENTED_EDGE('',*,*,#6616,.T.);
#6616 = EDGE_CURVE('',#6617,#6619,#6621,.T.);
#6617 = VERTEX_POINT('',#6618);
#6618 = CARTESIAN_POINT('',(2.784200605314,-1.516024286769,10.));
#6619 = VERTEX_POINT('',#6620);
#6620 = CARTESIAN_POINT('',(2.784200605314,-1.516024286769,9.6));
#6621 = LINE('',#6622,#6623);
#6622 = CARTESIAN_POINT('',(2.784200605314,-1.516024286769,10.));
#6623 = VECTOR('',#6624,1.);
#6624 = DIRECTION('',(0.,0.,-1.));
#6625 = ORIENTED_EDGE('',*,*,#6626,.T.);
#6626 = EDGE_CURVE('',#6619,#6586,#6627,.T.);
#6627 = B_SPLINE_CURVE_WITH_KNOTS('',2,(#6628,#6629,#6630),
  .UNSPECIFIED.,.F.,.F.,(3,3),(0.,1.),.PIECEWISE_BEZIER_KNOTS.);
#6628 = CARTESIAN_POINT('',(2.784200605314,-1.516024286769,9.6));
#6629 = CARTESIAN_POINT('',(2.9933066884,-1.387593277867,9.6));
#6630 = CARTESIAN_POINT('',(2.9933066884,-1.166432298638,9.6));
#6631 = ORIENTED_EDGE('',*,*,#6583,.F.);
#6632 = ORIENTED_EDGE('',*,*,#6633,.F.);
#6633 = EDGE_CURVE('',#6617,#6584,#6634,.T.);
#6634 = B_SPLINE_CURVE_WITH_KNOTS('',2,(#6635,#6636,#6637),
  .UNSPECIFIED.,.F.,.F.,(3,3),(0.,1.),.PIECEWISE_BEZIER_KNOTS.);
#6635 = CARTESIAN_POINT('',(2.784200605314,-1.516024286769,10.));
#6636 = CARTESIAN_POINT('',(2.9933066884,-1.387593277867,10.));
#6637 = CARTESIAN_POINT('',(2.9933066884,-1.166432298638,10.));
#6638 = SURFACE_OF_LINEAR_EXTRUSION('',#6639,#6643);
#6639 = B_SPLINE_CURVE_WITH_KNOTS('',2,(#6640,#6641,#6642),
  .UNSPECIFIED.,.F.,.F.,(3,3),(0.,1.),.PIECEWISE_BEZIER_KNOTS.);
#6640 = CARTESIAN_POINT('',(2.784200605314,-1.516024286769,10.));
#6641 = CARTESIAN_POINT('',(2.9933066884,-1.387593277867,10.));
#6642 = CARTESIAN_POINT('',(2.9933066884,-1.166432298638,10.));
#6643 = VECTOR('',#6644,1.);
#6644 = DIRECTION('',(-0.,-0.,1.));
#6645 = ADVANCED_FACE('',(#6646),#6671,.F.);
#6646 = FACE_BOUND('',#6647,.F.);
#6647 = EDGE_LOOP('',(#6648,#6658,#6664,#6665));
#6648 = ORIENTED_EDGE('',*,*,#6649,.T.);
#6649 = EDGE_CURVE('',#6650,#6652,#6654,.T.);
#6650 = VERTEX_POINT('',#6651);
#6651 = CARTESIAN_POINT('',(2.164532578608,-1.644455295671,10.));
#6652 = VERTEX_POINT('',#6653);
#6653 = CARTESIAN_POINT('',(2.164532578608,-1.644455295671,9.6));
#6654 = LINE('',#6655,#6656);
#6655 = CARTESIAN_POINT('',(2.164532578608,-1.644455295671,10.));
#6656 = VECTOR('',#6657,1.);
#6657 = DIRECTION('',(0.,0.,-1.));
#6658 = ORIENTED_EDGE('',*,*,#6659,.T.);
#6659 = EDGE_CURVE('',#6652,#6619,#6660,.T.);
#6660 = B_SPLINE_CURVE_WITH_KNOTS('',2,(#6661,#6662,#6663),
  .UNSPECIFIED.,.F.,.F.,(3,3),(0.,1.),.PIECEWISE_BEZIER_KNOTS.);
#6661 = CARTESIAN_POINT('',(2.164532578608,-1.644455295671,9.6));
#6662 = CARTESIAN_POINT('',(2.575326347154,-1.644455295671,9.6));
#6663 = CARTESIAN_POINT('',(2.784200605314,-1.516024286769,9.6));
#6664 = ORIENTED_EDGE('',*,*,#6616,.F.);
#6665 = ORIENTED_EDGE('',*,*,#6666,.F.);
#6666 = EDGE_CURVE('',#6650,#6617,#6667,.T.);
#6667 = B_SPLINE_CURVE_WITH_KNOTS('',2,(#6668,#6669,#6670),
  .UNSPECIFIED.,.F.,.F.,(3,3),(0.,1.),.PIECEWISE_BEZIER_KNOTS.);
#6668 = CARTESIAN_POINT('',(2.164532578608,-1.644455295671,10.));
#6669 = CARTESIAN_POINT('',(2.575326347154,-1.644455295671,10.));
#6670 = CARTESIAN_POINT('',(2.784200605314,-1.516024286769,10.));
#6671 = SURFACE_OF_LINEAR_EXTRUSION('',#6672,#6676);
#6672 = B_SPLINE_CURVE_WITH_KNOTS('',2,(#6673,#6674,#6675),
  .UNSPECIFIED.,.F.,.F.,(3,3),(0.,1.),.PIECEWISE_BEZIER_KNOTS.);
#6673 = CARTESIAN_POINT('',(2.164532578608,-1.644455295671,10.));
#6674 = CARTESIAN_POINT('',(2.575326347154,-1.644455295671,10.));
#6675 = CARTESIAN_POINT('',(2.784200605314,-1.516024286769,10.));
#6676 = VECTOR('',#6677,1.);
#6677 = DIRECTION('',(-0.,-0.,1.));
#6678 = ADVANCED_FACE('',(#6679),#6704,.F.);
#6679 = FACE_BOUND('',#6680,.F.);
#6680 = EDGE_LOOP('',(#6681,#6691,#6697,#6698));
#6681 = ORIENTED_EDGE('',*,*,#6682,.T.);
#6682 = EDGE_CURVE('',#6683,#6685,#6687,.T.);
#6683 = VERTEX_POINT('',#6684);
#6684 = CARTESIAN_POINT('',(1.753738810062,-1.583717165107,10.));
#6685 = VERTEX_POINT('',#6686);
#6686 = CARTESIAN_POINT('',(1.753738810062,-1.583717165107,9.6));
#6687 = LINE('',#6688,#6689);
#6688 = CARTESIAN_POINT('',(1.753738810062,-1.583717165107,10.));
#6689 = VECTOR('',#6690,1.);
#6690 = DIRECTION('',(0.,0.,-1.));
#6691 = ORIENTED_EDGE('',*,*,#6692,.T.);
#6692 = EDGE_CURVE('',#6685,#6652,#6693,.T.);
#6693 = B_SPLINE_CURVE_WITH_KNOTS('',2,(#6694,#6695,#6696),
  .UNSPECIFIED.,.F.,.F.,(3,3),(0.,1.),.PIECEWISE_BEZIER_KNOTS.);
#6694 = CARTESIAN_POINT('',(1.753738810062,-1.583717165107,9.6));
#6695 = CARTESIAN_POINT('',(1.923898305611,-1.644455295671,9.6));
#6696 = CARTESIAN_POINT('',(2.164532578608,-1.644455295671,9.6));
#6697 = ORIENTED_EDGE('',*,*,#6649,.F.);
#6698 = ORIENTED_EDGE('',*,*,#6699,.F.);
#6699 = EDGE_CURVE('',#6683,#6650,#6700,.T.);
#6700 = B_SPLINE_CURVE_WITH_KNOTS('',2,(#6701,#6702,#6703),
  .UNSPECIFIED.,.F.,.F.,(3,3),(0.,1.),.PIECEWISE_BEZIER_KNOTS.);
#6701 = CARTESIAN_POINT('',(1.753738810062,-1.583717165107,10.));
#6702 = CARTESIAN_POINT('',(1.923898305611,-1.644455295671,10.));
#6703 = CARTESIAN_POINT('',(2.164532578608,-1.644455295671,10.));
#6704 = SURFACE_OF_LINEAR_EXTRUSION('',#6705,#6709);
#6705 = B_SPLINE_CURVE_WITH_KNOTS('',2,(#6706,#6707,#6708),
  .UNSPECIFIED.,.F.,.F.,(3,3),(0.,1.),.PIECEWISE_BEZIER_KNOTS.);
#6706 = CARTESIAN_POINT('',(1.753738810062,-1.583717165107,10.));
#6707 = CARTESIAN_POINT('',(1.923898305611,-1.644455295671,10.));
#6708 = CARTESIAN_POINT('',(2.164532578608,-1.644455295671,10.));
#6709 = VECTOR('',#6710,1.);
#6710 = DIRECTION('',(-0.,-0.,1.));
#6711 = ADVANCED_FACE('',(#6712),#6737,.F.);
#6712 = FACE_BOUND('',#6713,.F.);
#6713 = EDGE_LOOP('',(#6714,#6724,#6730,#6731));
#6714 = ORIENTED_EDGE('',*,*,#6715,.T.);
#6715 = EDGE_CURVE('',#6716,#6718,#6720,.T.);
#6716 = VERTEX_POINT('',#6717);
#6717 = CARTESIAN_POINT('',(1.481112697302,-1.423062491517,10.));
#6718 = VERTEX_POINT('',#6719);
#6719 = CARTESIAN_POINT('',(1.481112697302,-1.423062491517,9.6));
#6720 = LINE('',#6721,#6722);
#6721 = CARTESIAN_POINT('',(1.481112697302,-1.423062491517,10.));
#6722 = VECTOR('',#6723,1.);
#6723 = DIRECTION('',(0.,0.,-1.));
#6724 = ORIENTED_EDGE('',*,*,#6725,.T.);
#6725 = EDGE_CURVE('',#6718,#6685,#6726,.T.);
#6726 = B_SPLINE_CURVE_WITH_KNOTS('',2,(#6727,#6728,#6729),
  .UNSPECIFIED.,.F.,.F.,(3,3),(0.,1.),.PIECEWISE_BEZIER_KNOTS.);
#6727 = CARTESIAN_POINT('',(1.481112697302,-1.423062491517,9.6));
#6728 = CARTESIAN_POINT('',(1.583811139439,-1.522979034543,9.6));
#6729 = CARTESIAN_POINT('',(1.753738810062,-1.583717165107,9.6));
#6730 = ORIENTED_EDGE('',*,*,#6682,.F.);
#6731 = ORIENTED_EDGE('',*,*,#6732,.F.);
#6732 = EDGE_CURVE('',#6716,#6683,#6733,.T.);
#6733 = B_SPLINE_CURVE_WITH_KNOTS('',2,(#6734,#6735,#6736),
  .UNSPECIFIED.,.F.,.F.,(3,3),(0.,1.),.PIECEWISE_BEZIER_KNOTS.);
#6734 = CARTESIAN_POINT('',(1.481112697302,-1.423062491517,10.));
#6735 = CARTESIAN_POINT('',(1.583811139439,-1.522979034543,10.));
#6736 = CARTESIAN_POINT('',(1.753738810062,-1.583717165107,10.));
#6737 = SURFACE_OF_LINEAR_EXTRUSION('',#6738,#6742);
#6738 = B_SPLINE_CURVE_WITH_KNOTS('',2,(#6739,#6740,#6741),
  .UNSPECIFIED.,.F.,.F.,(3,3),(0.,1.),.PIECEWISE_BEZIER_KNOTS.);
#6739 = CARTESIAN_POINT('',(1.481112697302,-1.423062491517,10.));
#6740 = CARTESIAN_POINT('',(1.583811139439,-1.522979034543,10.));
#6741 = CARTESIAN_POINT('',(1.753738810062,-1.583717165107,10.));
#6742 = VECTOR('',#6743,1.);
#6743 = DIRECTION('',(-0.,-0.,1.));
#6744 = ADVANCED_FACE('',(#6745),#6770,.F.);
#6745 = FACE_BOUND('',#6746,.F.);
#6746 = EDGE_LOOP('',(#6747,#6757,#6763,#6764));
#6747 = ORIENTED_EDGE('',*,*,#6748,.T.);
#6748 = EDGE_CURVE('',#6749,#6751,#6753,.T.);
#6749 = VERTEX_POINT('',#6750);
#6750 = CARTESIAN_POINT('',(1.322080798192,-1.215579182911,10.));
#6751 = VERTEX_POINT('',#6752);
#6752 = CARTESIAN_POINT('',(1.322080798192,-1.215579182911,9.6));
#6753 = LINE('',#6754,#6755);
#6754 = CARTESIAN_POINT('',(1.322080798192,-1.215579182911,10.));
#6755 = VECTOR('',#6756,1.);
#6756 = DIRECTION('',(0.,0.,-1.));
#6757 = ORIENTED_EDGE('',*,*,#6758,.T.);
#6758 = EDGE_CURVE('',#6751,#6718,#6759,.T.);
#6759 = B_SPLINE_CURVE_WITH_KNOTS('',2,(#6760,#6761,#6762),
  .UNSPECIFIED.,.F.,.F.,(3,3),(0.,1.),.PIECEWISE_BEZIER_KNOTS.);
#6760 = CARTESIAN_POINT('',(1.322080798192,-1.215579182911,9.6));
#6761 = CARTESIAN_POINT('',(1.378414255166,-1.322914123564,9.6));
#6762 = CARTESIAN_POINT('',(1.481112697302,-1.423062491517,9.6));
#6763 = ORIENTED_EDGE('',*,*,#6715,.F.);
#6764 = ORIENTED_EDGE('',*,*,#6765,.F.);
#6765 = EDGE_CURVE('',#6749,#6716,#6766,.T.);
#6766 = B_SPLINE_CURVE_WITH_KNOTS('',2,(#6767,#6768,#6769),
  .UNSPECIFIED.,.F.,.F.,(3,3),(0.,1.),.PIECEWISE_BEZIER_KNOTS.);
#6767 = CARTESIAN_POINT('',(1.322080798192,-1.215579182911,10.));
#6768 = CARTESIAN_POINT('',(1.378414255166,-1.322914123564,10.));
#6769 = CARTESIAN_POINT('',(1.481112697302,-1.423062491517,10.));
#6770 = SURFACE_OF_LINEAR_EXTRUSION('',#6771,#6775);
#6771 = B_SPLINE_CURVE_WITH_KNOTS('',2,(#6772,#6773,#6774),
  .UNSPECIFIED.,.F.,.F.,(3,3),(0.,1.),.PIECEWISE_BEZIER_KNOTS.);
#6772 = CARTESIAN_POINT('',(1.322080798192,-1.215579182911,10.));
#6773 = CARTESIAN_POINT('',(1.378414255166,-1.322914123564,10.));
#6774 = CARTESIAN_POINT('',(1.481112697302,-1.423062491517,10.));
#6775 = VECTOR('',#6776,1.);
#6776 = DIRECTION('',(-0.,-0.,1.));
#6777 = ADVANCED_FACE('',(#6778),#6803,.F.);
#6778 = FACE_BOUND('',#6779,.F.);
#6779 = EDGE_LOOP('',(#6780,#6790,#6796,#6797));
#6780 = ORIENTED_EDGE('',*,*,#6781,.T.);
#6781 = EDGE_CURVE('',#6782,#6784,#6786,.T.);
#6782 = VERTEX_POINT('',#6783);
#6783 = CARTESIAN_POINT('',(1.22633710383,-1.122849212585,10.));
#6784 = VERTEX_POINT('',#6785);
#6785 = CARTESIAN_POINT('',(1.22633710383,-1.122849212585,9.6));
#6786 = LINE('',#6787,#6788);
#6787 = CARTESIAN_POINT('',(1.22633710383,-1.122849212585,10.));
#6788 = VECTOR('',#6789,1.);
#6789 = DIRECTION('',(0.,0.,-1.));
#6790 = ORIENTED_EDGE('',*,*,#6791,.T.);
#6791 = EDGE_CURVE('',#6784,#6751,#6792,.T.);
#6792 = B_SPLINE_CURVE_WITH_KNOTS('',2,(#6793,#6794,#6795),
  .UNSPECIFIED.,.F.,.F.,(3,3),(0.,1.),.PIECEWISE_BEZIER_KNOTS.);
#6793 = CARTESIAN_POINT('',(1.22633710383,-1.122849212585,9.6));
#6794 = CARTESIAN_POINT('',(1.279425011842,-1.158550251161,9.6));
#6795 = CARTESIAN_POINT('',(1.322080798192,-1.215579182911,9.6));
#6796 = ORIENTED_EDGE('',*,*,#6748,.F.);
#6797 = ORIENTED_EDGE('',*,*,#6798,.F.);
#6798 = EDGE_CURVE('',#6782,#6749,#6799,.T.);
#6799 = B_SPLINE_CURVE_WITH_KNOTS('',2,(#6800,#6801,#6802),
  .UNSPECIFIED.,.F.,.F.,(3,3),(0.,1.),.PIECEWISE_BEZIER_KNOTS.);
#6800 = CARTESIAN_POINT('',(1.22633710383,-1.122849212585,10.));
#6801 = CARTESIAN_POINT('',(1.279425011842,-1.158550251161,10.));
#6802 = CARTESIAN_POINT('',(1.322080798192,-1.215579182911,10.));
#6803 = SURFACE_OF_LINEAR_EXTRUSION('',#6804,#6808);
#6804 = B_SPLINE_CURVE_WITH_KNOTS('',2,(#6805,#6806,#6807),
  .UNSPECIFIED.,.F.,.F.,(3,3),(0.,1.),.PIECEWISE_BEZIER_KNOTS.);
#6805 = CARTESIAN_POINT('',(1.22633710383,-1.122849212585,10.));
#6806 = CARTESIAN_POINT('',(1.279425011842,-1.158550251161,10.));
#6807 = CARTESIAN_POINT('',(1.322080798192,-1.215579182911,10.));
#6808 = VECTOR('',#6809,1.);
#6809 = DIRECTION('',(-0.,-0.,1.));
#6810 = ADVANCED_FACE('',(#6811),#6836,.F.);
#6811 = FACE_BOUND('',#6812,.F.);
#6812 = EDGE_LOOP('',(#6813,#6823,#6829,#6830));
#6813 = ORIENTED_EDGE('',*,*,#6814,.T.);
#6814 = EDGE_CURVE('',#6815,#6817,#6819,.T.);
#6815 = VERTEX_POINT('',#6816);
#6816 = CARTESIAN_POINT('',(1.074028127569,-1.087148174009,10.));
#6817 = VERTEX_POINT('',#6818);
#6818 = CARTESIAN_POINT('',(1.074028127569,-1.087148174009,9.6));
#6819 = LINE('',#6820,#6821);
#6820 = CARTESIAN_POINT('',(1.074028127569,-1.087148174009,10.));
#6821 = VECTOR('',#6822,1.);
#6822 = DIRECTION('',(0.,0.,-1.));
#6823 = ORIENTED_EDGE('',*,*,#6824,.T.);
#6824 = EDGE_CURVE('',#6817,#6784,#6825,.T.);
#6825 = B_SPLINE_CURVE_WITH_KNOTS('',2,(#6826,#6827,#6828),
  .UNSPECIFIED.,.F.,.F.,(3,3),(0.,1.),.PIECEWISE_BEZIER_KNOTS.);
#6826 = CARTESIAN_POINT('',(1.074028127569,-1.087148174009,9.6));
#6827 = CARTESIAN_POINT('',(1.173249195818,-1.087148174009,9.6));
#6828 = CARTESIAN_POINT('',(1.22633710383,-1.122849212585,9.6));
#6829 = ORIENTED_EDGE('',*,*,#6781,.F.);
#6830 = ORIENTED_EDGE('',*,*,#6831,.F.);
#6831 = EDGE_CURVE('',#6815,#6782,#6832,.T.);
#6832 = B_SPLINE_CURVE_WITH_KNOTS('',2,(#6833,#6834,#6835),
  .UNSPECIFIED.,.F.,.F.,(3,3),(0.,1.),.PIECEWISE_BEZIER_KNOTS.);
#6833 = CARTESIAN_POINT('',(1.074028127569,-1.087148174009,10.));
#6834 = CARTESIAN_POINT('',(1.173249195818,-1.087148174009,10.));
#6835 = CARTESIAN_POINT('',(1.22633710383,-1.122849212585,10.));
#6836 = SURFACE_OF_LINEAR_EXTRUSION('',#6837,#6841);
#6837 = B_SPLINE_CURVE_WITH_KNOTS('',2,(#6838,#6839,#6840),
  .UNSPECIFIED.,.F.,.F.,(3,3),(0.,1.),.PIECEWISE_BEZIER_KNOTS.);
#6838 = CARTESIAN_POINT('',(1.074028127569,-1.087148174009,10.));
#6839 = CARTESIAN_POINT('',(1.173249195818,-1.087148174009,10.));
#6840 = CARTESIAN_POINT('',(1.22633710383,-1.122849212585,10.));
#6841 = VECTOR('',#6842,1.);
#6842 = DIRECTION('',(-0.,-0.,1.));
#6843 = ADVANCED_FACE('',(#6844),#6869,.F.);
#6844 = FACE_BOUND('',#6845,.F.);
#6845 = EDGE_LOOP('',(#6846,#6856,#6862,#6863));
#6846 = ORIENTED_EDGE('',*,*,#6847,.T.);
#6847 = EDGE_CURVE('',#6848,#6850,#6852,.T.);
#6848 = VERTEX_POINT('',#6849);
#6849 = CARTESIAN_POINT('',(0.181733988103,-1.087148174009,10.));
#6850 = VERTEX_POINT('',#6851);
#6851 = CARTESIAN_POINT('',(0.181733988103,-1.087148174009,9.6));
#6852 = LINE('',#6853,#6854);
#6853 = CARTESIAN_POINT('',(0.181733988103,-1.087148174009,10.));
#6854 = VECTOR('',#6855,1.);
#6855 = DIRECTION('',(0.,0.,-1.));
#6856 = ORIENTED_EDGE('',*,*,#6857,.T.);
#6857 = EDGE_CURVE('',#6850,#6817,#6858,.T.);
#6858 = LINE('',#6859,#6860);
#6859 = CARTESIAN_POINT('',(0.181733988103,-1.087148174009,9.6));
#6860 = VECTOR('',#6861,1.);
#6861 = DIRECTION('',(1.,0.,0.));
#6862 = ORIENTED_EDGE('',*,*,#6814,.F.);
#6863 = ORIENTED_EDGE('',*,*,#6864,.F.);
#6864 = EDGE_CURVE('',#6848,#6815,#6865,.T.);
#6865 = LINE('',#6866,#6867);
#6866 = CARTESIAN_POINT('',(0.181733988103,-1.087148174009,10.));
#6867 = VECTOR('',#6868,1.);
#6868 = DIRECTION('',(1.,0.,0.));
#6869 = PLANE('',#6870);
#6870 = AXIS2_PLACEMENT_3D('',#6871,#6872,#6873);
#6871 = CARTESIAN_POINT('',(0.181733988103,-1.087148174009,10.));
#6872 = DIRECTION('',(0.,-1.,0.));
#6873 = DIRECTION('',(1.,0.,0.));
#6874 = ADVANCED_FACE('',(#6875),#6900,.F.);
#6875 = FACE_BOUND('',#6876,.F.);
#6876 = EDGE_LOOP('',(#6877,#6887,#6893,#6894));
#6877 = ORIENTED_EDGE('',*,*,#6878,.T.);
#6878 = EDGE_CURVE('',#6879,#6881,#6883,.T.);
#6879 = VERTEX_POINT('',#6880);
#6880 = CARTESIAN_POINT('',(7.184897326653E-02,-1.133513159172,10.));
#6881 = VERTEX_POINT('',#6882);
#6882 = CARTESIAN_POINT('',(7.184897326653E-02,-1.133513159172,9.6));
#6883 = LINE('',#6884,#6885);
#6884 = CARTESIAN_POINT('',(7.184897326654E-02,-1.133513159172,10.));
#6885 = VECTOR('',#6886,1.);
#6886 = DIRECTION('',(0.,0.,-1.));
#6887 = ORIENTED_EDGE('',*,*,#6888,.T.);
#6888 = EDGE_CURVE('',#6881,#6850,#6889,.T.);
#6889 = B_SPLINE_CURVE_WITH_KNOTS('',2,(#6890,#6891,#6892),
  .UNSPECIFIED.,.F.,.F.,(3,3),(0.,1.),.PIECEWISE_BEZIER_KNOTS.);
#6890 = CARTESIAN_POINT('',(7.184897326654E-02,-1.133513159172,9.6));
#6891 = CARTESIAN_POINT('',(0.117982133504,-1.087148174009,9.6));
#6892 = CARTESIAN_POINT('',(0.181733988103,-1.087148174009,9.6));
#6893 = ORIENTED_EDGE('',*,*,#6847,.F.);
#6894 = ORIENTED_EDGE('',*,*,#6895,.F.);
#6895 = EDGE_CURVE('',#6879,#6848,#6896,.T.);
#6896 = B_SPLINE_CURVE_WITH_KNOTS('',2,(#6897,#6898,#6899),
  .UNSPECIFIED.,.F.,.F.,(3,3),(0.,1.),.PIECEWISE_BEZIER_KNOTS.);
#6897 = CARTESIAN_POINT('',(7.184897326654E-02,-1.133513159172,10.));
#6898 = CARTESIAN_POINT('',(0.117982133504,-1.087148174009,10.));
#6899 = CARTESIAN_POINT('',(0.181733988103,-1.087148174009,10.));
#6900 = SURFACE_OF_LINEAR_EXTRUSION('',#6901,#6905);
#6901 = B_SPLINE_CURVE_WITH_KNOTS('',2,(#6902,#6903,#6904),
  .UNSPECIFIED.,.F.,.F.,(3,3),(0.,1.),.PIECEWISE_BEZIER_KNOTS.);
#6902 = CARTESIAN_POINT('',(7.184897326654E-02,-1.133513159172,10.));
#6903 = CARTESIAN_POINT('',(0.117982133504,-1.087148174009,10.));
#6904 = CARTESIAN_POINT('',(0.181733988103,-1.087148174009,10.));
#6905 = VECTOR('',#6906,1.);
#6906 = DIRECTION('',(-0.,-0.,1.));
#6907 = ADVANCED_FACE('',(#6908),#6933,.F.);
#6908 = FACE_BOUND('',#6909,.F.);
#6909 = EDGE_LOOP('',(#6910,#6920,#6926,#6927));
#6910 = ORIENTED_EDGE('',*,*,#6911,.T.);
#6911 = EDGE_CURVE('',#6912,#6914,#6916,.T.);
#6912 = VERTEX_POINT('',#6913);
#6913 = CARTESIAN_POINT('',(2.594763795496E-02,-1.237138901012,10.));
#6914 = VERTEX_POINT('',#6915);
#6915 = CARTESIAN_POINT('',(2.594763795496E-02,-1.237138901012,9.6));
#6916 = LINE('',#6917,#6918);
#6917 = CARTESIAN_POINT('',(2.594763795496E-02,-1.237138901012,10.));
#6918 = VECTOR('',#6919,1.);
#6919 = DIRECTION('',(0.,0.,-1.));
#6920 = ORIENTED_EDGE('',*,*,#6921,.T.);
#6921 = EDGE_CURVE('',#6914,#6881,#6922,.T.);
#6922 = B_SPLINE_CURVE_WITH_KNOTS('',2,(#6923,#6924,#6925),
  .UNSPECIFIED.,.F.,.F.,(3,3),(0.,1.),.PIECEWISE_BEZIER_KNOTS.);
#6923 = CARTESIAN_POINT('',(2.594763795496E-02,-1.237138901012,9.6));
#6924 = CARTESIAN_POINT('',(2.594763795496E-02,-1.179878144336,9.6));
#6925 = CARTESIAN_POINT('',(7.184897326654E-02,-1.133513159172,9.6));
#6926 = ORIENTED_EDGE('',*,*,#6878,.F.);
#6927 = ORIENTED_EDGE('',*,*,#6928,.F.);
#6928 = EDGE_CURVE('',#6912,#6879,#6929,.T.);
#6929 = B_SPLINE_CURVE_WITH_KNOTS('',2,(#6930,#6931,#6932),
  .UNSPECIFIED.,.F.,.F.,(3,3),(0.,1.),.PIECEWISE_BEZIER_KNOTS.);
#6930 = CARTESIAN_POINT('',(2.594763795496E-02,-1.237138901012,10.));
#6931 = CARTESIAN_POINT('',(2.594763795496E-02,-1.179878144336,10.));
#6932 = CARTESIAN_POINT('',(7.184897326654E-02,-1.133513159172,10.));
#6933 = SURFACE_OF_LINEAR_EXTRUSION('',#6934,#6938);
#6934 = B_SPLINE_CURVE_WITH_KNOTS('',2,(#6935,#6936,#6937),
  .UNSPECIFIED.,.F.,.F.,(3,3),(0.,1.),.PIECEWISE_BEZIER_KNOTS.);
#6935 = CARTESIAN_POINT('',(2.594763795496E-02,-1.237138901012,10.));
#6936 = CARTESIAN_POINT('',(2.594763795496E-02,-1.179878144336,10.));
#6937 = CARTESIAN_POINT('',(7.184897326654E-02,-1.133513159172,10.));
#6938 = VECTOR('',#6939,1.);
#6939 = DIRECTION('',(-0.,-0.,1.));
#6940 = ADVANCED_FACE('',(#6941),#6966,.F.);
#6941 = FACE_BOUND('',#6942,.F.);
#6942 = EDGE_LOOP('',(#6943,#6953,#6959,#6960));
#6943 = ORIENTED_EDGE('',*,*,#6944,.T.);
#6944 = EDGE_CURVE('',#6945,#6947,#6949,.T.);
#6945 = VERTEX_POINT('',#6946);
#6946 = CARTESIAN_POINT('',(0.267972860507,-1.934931927718,10.));
#6947 = VERTEX_POINT('',#6948);
#6948 = CARTESIAN_POINT('',(0.267972860507,-1.934931927718,9.6));
#6949 = LINE('',#6950,#6951);
#6950 = CARTESIAN_POINT('',(0.267972860507,-1.934931927718,10.));
#6951 = VECTOR('',#6952,1.);
#6952 = DIRECTION('',(0.,0.,-1.));
#6953 = ORIENTED_EDGE('',*,*,#6954,.T.);
#6954 = EDGE_CURVE('',#6947,#6914,#6955,.T.);
#6955 = B_SPLINE_CURVE_WITH_KNOTS('',2,(#6956,#6957,#6958),
  .UNSPECIFIED.,.F.,.F.,(3,3),(0.,1.),.PIECEWISE_BEZIER_KNOTS.);
#6956 = CARTESIAN_POINT('',(0.267972860507,-1.934931927718,9.6));
#6957 = CARTESIAN_POINT('',(2.594763795496E-02,-1.60736330754,9.6));
#6958 = CARTESIAN_POINT('',(2.594763795496E-02,-1.237138901012,9.6));
#6959 = ORIENTED_EDGE('',*,*,#6911,.F.);
#6960 = ORIENTED_EDGE('',*,*,#6961,.F.);
#6961 = EDGE_CURVE('',#6945,#6912,#6962,.T.);
#6962 = B_SPLINE_CURVE_WITH_KNOTS('',2,(#6963,#6964,#6965),
  .UNSPECIFIED.,.F.,.F.,(3,3),(0.,1.),.PIECEWISE_BEZIER_KNOTS.);
#6963 = CARTESIAN_POINT('',(0.267972860507,-1.934931927718,10.));
#6964 = CARTESIAN_POINT('',(2.594763795496E-02,-1.60736330754,10.));
#6965 = CARTESIAN_POINT('',(2.594763795496E-02,-1.237138901012,10.));
#6966 = SURFACE_OF_LINEAR_EXTRUSION('',#6967,#6971);
#6967 = B_SPLINE_CURVE_WITH_KNOTS('',2,(#6968,#6969,#6970),
  .UNSPECIFIED.,.F.,.F.,(3,3),(0.,1.),.PIECEWISE_BEZIER_KNOTS.);
#6968 = CARTESIAN_POINT('',(0.267972860507,-1.934931927718,10.));
#6969 = CARTESIAN_POINT('',(2.594763795496E-02,-1.60736330754,10.));
#6970 = CARTESIAN_POINT('',(2.594763795496E-02,-1.237138901012,10.));
#6971 = VECTOR('',#6972,1.);
#6972 = DIRECTION('',(-0.,-0.,1.));
#6973 = ADVANCED_FACE('',(#6974),#6990,.F.);
#6974 = FACE_BOUND('',#6975,.F.);
#6975 = EDGE_LOOP('',(#6976,#6977,#6983,#6984));
#6976 = ORIENTED_EDGE('',*,*,#5571,.T.);
#6977 = ORIENTED_EDGE('',*,*,#6978,.T.);
#6978 = EDGE_CURVE('',#5564,#6947,#6979,.T.);
#6979 = B_SPLINE_CURVE_WITH_KNOTS('',2,(#6980,#6981,#6982),
  .UNSPECIFIED.,.F.,.F.,(3,3),(0.,1.),.PIECEWISE_BEZIER_KNOTS.);
#6980 = CARTESIAN_POINT('',(0.98037085754,-2.465347357986,9.6));
#6981 = CARTESIAN_POINT('',(0.510229907985,-2.262500547897,9.6));
#6982 = CARTESIAN_POINT('',(0.267972860507,-1.934931927718,9.6));
#6983 = ORIENTED_EDGE('',*,*,#6944,.F.);
#6984 = ORIENTED_EDGE('',*,*,#6985,.F.);
#6985 = EDGE_CURVE('',#5572,#6945,#6986,.T.);
#6986 = B_SPLINE_CURVE_WITH_KNOTS('',2,(#6987,#6988,#6989),
  .UNSPECIFIED.,.F.,.F.,(3,3),(0.,1.),.PIECEWISE_BEZIER_KNOTS.);
#6987 = CARTESIAN_POINT('',(0.98037085754,-2.465347357986,10.));
#6988 = CARTESIAN_POINT('',(0.510229907985,-2.262500547897,10.));
#6989 = CARTESIAN_POINT('',(0.267972860507,-1.934931927718,10.));
#6990 = SURFACE_OF_LINEAR_EXTRUSION('',#6991,#6995);
#6991 = B_SPLINE_CURVE_WITH_KNOTS('',2,(#6992,#6993,#6994),
  .UNSPECIFIED.,.F.,.F.,(3,3),(0.,1.),.PIECEWISE_BEZIER_KNOTS.);
#6992 = CARTESIAN_POINT('',(0.98037085754,-2.465347357986,10.));
#6993 = CARTESIAN_POINT('',(0.510229907985,-2.262500547897,10.));
#6994 = CARTESIAN_POINT('',(0.267972860507,-1.934931927718,10.));
#6995 = VECTOR('',#6996,1.);
#6996 = DIRECTION('',(-0.,-0.,1.));
#6997 = ADVANCED_FACE('',(#6998),#7044,.T.);
#6998 = FACE_BOUND('',#6999,.T.);
#6999 = EDGE_LOOP('',(#7000,#7001,#7002,#7003,#7004,#7005,#7006,#7007,
    #7008,#7009,#7010,#7011,#7012,#7013,#7014,#7015,#7016,#7017,#7018,
    #7019,#7020,#7021,#7022,#7023,#7024,#7025,#7026,#7027,#7028,#7029,
    #7030,#7031,#7032,#7033,#7034,#7035,#7036,#7037,#7038,#7039,#7040,
    #7041,#7042,#7043));
#7000 = ORIENTED_EDGE('',*,*,#5579,.F.);
#7001 = ORIENTED_EDGE('',*,*,#5612,.F.);
#7002 = ORIENTED_EDGE('',*,*,#5645,.F.);
#7003 = ORIENTED_EDGE('',*,*,#5678,.F.);
#7004 = ORIENTED_EDGE('',*,*,#5711,.F.);
#7005 = ORIENTED_EDGE('',*,*,#5744,.F.);
#7006 = ORIENTED_EDGE('',*,*,#5777,.F.);
#7007 = ORIENTED_EDGE('',*,*,#5810,.F.);
#7008 = ORIENTED_EDGE('',*,*,#5843,.F.);
#7009 = ORIENTED_EDGE('',*,*,#5876,.F.);
#7010 = ORIENTED_EDGE('',*,*,#5909,.F.);
#7011 = ORIENTED_EDGE('',*,*,#5942,.F.);
#7012 = ORIENTED_EDGE('',*,*,#5975,.F.);
#7013 = ORIENTED_EDGE('',*,*,#6008,.F.);
#7014 = ORIENTED_EDGE('',*,*,#6041,.F.);
#7015 = ORIENTED_EDGE('',*,*,#6074,.F.);
#7016 = ORIENTED_EDGE('',*,*,#6107,.F.);
#7017 = ORIENTED_EDGE('',*,*,#6138,.F.);
#7018 = ORIENTED_EDGE('',*,*,#6171,.F.);
#7019 = ORIENTED_EDGE('',*,*,#6204,.F.);
#7020 = ORIENTED_EDGE('',*,*,#6237,.F.);
#7021 = ORIENTED_EDGE('',*,*,#6270,.F.);
#7022 = ORIENTED_EDGE('',*,*,#6303,.F.);
#7023 = ORIENTED_EDGE('',*,*,#6336,.F.);
#7024 = ORIENTED_EDGE('',*,*,#6369,.F.);
#7025 = ORIENTED_EDGE('',*,*,#6402,.F.);
#7026 = ORIENTED_EDGE('',*,*,#6435,.F.);
#7027 = ORIENTED_EDGE('',*,*,#6468,.F.);
#7028 = ORIENTED_EDGE('',*,*,#6501,.F.);
#7029 = ORIENTED_EDGE('',*,*,#6534,.F.);
#7030 = ORIENTED_EDGE('',*,*,#6567,.F.);
#7031 = ORIENTED_EDGE('',*,*,#6600,.F.);
#7032 = ORIENTED_EDGE('',*,*,#6633,.F.);
#7033 = ORIENTED_EDGE('',*,*,#6666,.F.);
#7034 = ORIENTED_EDGE('',*,*,#6699,.F.);
#7035 = ORIENTED_EDGE('',*,*,#6732,.F.);
#7036 = ORIENTED_EDGE('',*,*,#6765,.F.);
#7037 = ORIENTED_EDGE('',*,*,#6798,.F.);
#7038 = ORIENTED_EDGE('',*,*,#6831,.F.);
#7039 = ORIENTED_EDGE('',*,*,#6864,.F.);
#7040 = ORIENTED_EDGE('',*,*,#6895,.F.);
#7041 = ORIENTED_EDGE('',*,*,#6928,.F.);
#7042 = ORIENTED_EDGE('',*,*,#6961,.F.);
#7043 = ORIENTED_EDGE('',*,*,#6985,.F.);
#7044 = PLANE('',#7045);
#7045 = AXIS2_PLACEMENT_3D('',#7046,#7047,#7048);
#7046 = CARTESIAN_POINT('',(2.16707882682,-0.138032354483,10.));
#7047 = DIRECTION('',(0.,0.,1.));
#7048 = DIRECTION('',(1.,0.,0.));
#7049 = ADVANCED_FACE('',(#7050),#7096,.F.);
#7050 = FACE_BOUND('',#7051,.F.);
#7051 = EDGE_LOOP('',(#7052,#7053,#7054,#7055,#7056,#7057,#7058,#7059,
    #7060,#7061,#7062,#7063,#7064,#7065,#7066,#7067,#7068,#7069,#7070,
    #7071,#7072,#7073,#7074,#7075,#7076,#7077,#7078,#7079,#7080,#7081,
    #7082,#7083,#7084,#7085,#7086,#7087,#7088,#7089,#7090,#7091,#7092,
    #7093,#7094,#7095));
#7052 = ORIENTED_EDGE('',*,*,#5563,.F.);
#7053 = ORIENTED_EDGE('',*,*,#5605,.F.);
#7054 = ORIENTED_EDGE('',*,*,#5638,.F.);
#7055 = ORIENTED_EDGE('',*,*,#5671,.F.);
#7056 = ORIENTED_EDGE('',*,*,#5704,.F.);
#7057 = ORIENTED_EDGE('',*,*,#5737,.F.);
#7058 = ORIENTED_EDGE('',*,*,#5770,.F.);
#7059 = ORIENTED_EDGE('',*,*,#5803,.F.);
#7060 = ORIENTED_EDGE('',*,*,#5836,.F.);
#7061 = ORIENTED_EDGE('',*,*,#5869,.F.);
#7062 = ORIENTED_EDGE('',*,*,#5902,.F.);
#7063 = ORIENTED_EDGE('',*,*,#5935,.F.);
#7064 = ORIENTED_EDGE('',*,*,#5968,.F.);
#7065 = ORIENTED_EDGE('',*,*,#6001,.F.);
#7066 = ORIENTED_EDGE('',*,*,#6034,.F.);
#7067 = ORIENTED_EDGE('',*,*,#6067,.F.);
#7068 = ORIENTED_EDGE('',*,*,#6100,.F.);
#7069 = ORIENTED_EDGE('',*,*,#6131,.F.);
#7070 = ORIENTED_EDGE('',*,*,#6164,.F.);
#7071 = ORIENTED_EDGE('',*,*,#6197,.F.);
#7072 = ORIENTED_EDGE('',*,*,#6230,.F.);
#7073 = ORIENTED_EDGE('',*,*,#6263,.F.);
#7074 = ORIENTED_EDGE('',*,*,#6296,.F.);
#7075 = ORIENTED_EDGE('',*,*,#6329,.F.);
#7076 = ORIENTED_EDGE('',*,*,#6362,.F.);
#7077 = ORIENTED_EDGE('',*,*,#6395,.F.);
#7078 = ORIENTED_EDGE('',*,*,#6428,.F.);
#7079 = ORIENTED_EDGE('',*,*,#6461,.F.);
#7080 = ORIENTED_EDGE('',*,*,#6494,.F.);
#7081 = ORIENTED_EDGE('',*,*,#6527,.F.);
#7082 = ORIENTED_EDGE('',*,*,#6560,.F.);
#7083 = ORIENTED_EDGE('',*,*,#6593,.F.);
#7084 = ORIENTED_EDGE('',*,*,#6626,.F.);
#7085 = ORIENTED_EDGE('',*,*,#6659,.F.);
#7086 = ORIENTED_EDGE('',*,*,#6692,.F.);
#7087 = ORIENTED_EDGE('',*,*,#6725,.F.);
#7088 = ORIENTED_EDGE('',*,*,#6758,.F.);
#7089 = ORIENTED_EDGE('',*,*,#6791,.F.);
#7090 = ORIENTED_EDGE('',*,*,#6824,.F.);
#7091 = ORIENTED_EDGE('',*,*,#6857,.F.);
#7092 = ORIENTED_EDGE('',*,*,#6888,.F.);
#7093 = ORIENTED_EDGE('',*,*,#6921,.F.);
#7094 = ORIENTED_EDGE('',*,*,#6954,.F.);
#7095 = ORIENTED_EDGE('',*,*,#6978,.F.);
#7096 = PLANE('',#7097);
#7097 = AXIS2_PLACEMENT_3D('',#7098,#7099,#7100);
#7098 = CARTESIAN_POINT('',(2.16707882682,-0.138032354483,9.6));
#7099 = DIRECTION('',(0.,0.,1.));
#7100 = DIRECTION('',(1.,0.,0.));
#7101 = ( GEOMETRIC_REPRESENTATION_CONTEXT(3) 
GLOBAL_UNCERTAINTY_ASSIGNED_CONTEXT((#7105)) 
GLOBAL_UNIT_ASSIGNED_CONTEXT((#7102,#7103,#7104)) REPRESENTATION_CONTEXT
('Context #1','3D Context with UNIT and UNCERTAINTY') );
#7102 = ( LENGTH_UNIT() NAMED_UNIT(*) SI_UNIT(.MILLI.,.METRE.) );
#7103 = ( NAMED_UNIT(*) PLANE_ANGLE_UNIT() SI_UNIT($,.RADIAN.) );
#7104 = ( NAMED_UNIT(*) SI_UNIT($,.STERADIAN.) SOLID_ANGLE_UNIT() );
#7105 = UNCERTAINTY_MEASURE_WITH_UNIT(LENGTH_MEASURE(1.E-07),#7102,
  'distance_accuracy_value','confusion accuracy');
#7106 = CONTEXT_DEPENDENT_SHAPE_REPRESENTATION(#7107,#7109);
#7107 = ( REPRESENTATION_RELATIONSHIP('','',#4307,#10) 
REPRESENTATION_RELATIONSHIP_WITH_TRANSFORMATION(#7108) 
SHAPE_REPRESENTATION_RELATIONSHIP() );
#7108 = ITEM_DEFINED_TRANSFORMATION('','',#11,#19);
#7109 = PRODUCT_DEFINITION_SHAPE('Placement','Placement of an item',
  #7110);
#7110 = NEXT_ASSEMBLY_USAGE_OCCURRENCE('84','Extrude','',#5,#4302,$);
#7111 = PRODUCT_RELATED_PRODUCT_CATEGORY('part',$,(#4304));
#7112 = MECHANICAL_DESIGN_GEOMETRIC_PRESENTATION_REPRESENTATION('',(
    #7113,#7124),#7101);
#7113 = STYLED_ITEM('color',(#7114),#4308);
#7114 = PRESENTATION_STYLE_ASSIGNMENT((#7115,#7121));
#7115 = SURFACE_STYLE_USAGE(.BOTH.,#7116);
#7116 = SURFACE_SIDE_STYLE('',(#7117));
#7117 = SURFACE_STYLE_FILL_AREA(#7118);
#7118 = FILL_AREA_STYLE('',(#7119));
#7119 = FILL_AREA_STYLE_COLOUR('',#7120);
#7120 = COLOUR_RGB('',0.447058818107,0.474509808674,0.501960817233);
#7121 = CURVE_STYLE('',#7122,POSITIVE_LENGTH_MEASURE(0.1),#7123);
#7122 = DRAUGHTING_PRE_DEFINED_CURVE_FONT('continuous');
#7123 = COLOUR_RGB('',9.803921802644E-02,9.803921802644E-02,
  9.803921802644E-02);
#7124 = STYLED_ITEM('color',(#7125),#5547);
#7125 = PRESENTATION_STYLE_ASSIGNMENT((#7126,#7131));
#7126 = SURFACE_STYLE_USAGE(.BOTH.,#7127);
#7127 = SURFACE_SIDE_STYLE('',(#7128));
#7128 = SURFACE_STYLE_FILL_AREA(#7129);
#7129 = FILL_AREA_STYLE('',(#7130));
#7130 = FILL_AREA_STYLE_COLOUR('',#7120);
#7131 = CURVE_STYLE('',#7132,POSITIVE_LENGTH_MEASURE(0.1),#7123);
#7132 = DRAUGHTING_PRE_DEFINED_CURVE_FONT('continuous');
#7133 = MECHANICAL_DESIGN_GEOMETRIC_PRESENTATION_REPRESENTATION('',(
    #7134),#4289);
#7134 = STYLED_ITEM('color',(#7135),#37);
#7135 = PRESENTATION_STYLE_ASSIGNMENT((#7136,#7141));
#7136 = SURFACE_STYLE_USAGE(.BOTH.,#7137);
#7137 = SURFACE_SIDE_STYLE('',(#7138));
#7138 = SURFACE_STYLE_FILL_AREA(#7139);
#7139 = FILL_AREA_STYLE('',(#7140));
#7140 = FILL_AREA_STYLE_COLOUR('',#7120);
#7141 = CURVE_STYLE('',#7142,POSITIVE_LENGTH_MEASURE(0.1),#7123);
#7142 = DRAUGHTING_PRE_DEFINED_CURVE_FONT('continuous');
ENDSEC;
END-ISO-10303-21;
