ISO-10303-21;
HEADER;
FILE_DESCRIPTION(('FreeCAD Model'),'2;1');
FILE_NAME('Open CASCADE Shape Model','2026-09-02T16:42:55',(''),(''),
  'Open CASCADE STEP processor 7.8','FreeCAD','Unknown');
FILE_SCHEMA(('AUTOMOTIVE_DESIGN { 1 0 10303 214 1 1 1 1 }'));
ENDSEC;
DATA;
#1 = APPLICATION_PROTOCOL_DEFINITION('international standard',
  'automotive_design',2000,#2);
#2 = APPLICATION_CONTEXT(
  'core data for automotive mechanical design processes');
#3 = SHAPE_DEFINITION_REPRESENTATION(#4,#10);
#4 = PRODUCT_DEFINITION_SHAPE('','',#5);
#5 = PRODUCT_DEFINITION('design','',#6,#9);
#6 = PRODUCT_DEFINITION_FORMATION('','',#7);
#7 = PRODUCT('Tasta_E','Tasta_E','',(#8));
#8 = PRODUCT_CONTEXT('',#2,'mechanical');
#9 = PRODUCT_DEFINITION_CONTEXT('part definition',#2,'design');
#10 = SHAPE_REPRESENTATION('',(#11,#15,#19,#23),#27);
#11 = AXIS2_PLACEMENT_3D('',#12,#13,#14);
#12 = CARTESIAN_POINT('',(0.,0.,0.));
#13 = DIRECTION('',(0.,0.,1.));
#14 = DIRECTION('',(1.,0.,-0.));
#15 = AXIS2_PLACEMENT_3D('',#16,#17,#18);
#16 = CARTESIAN_POINT('',(0.,0.,0.));
#17 = DIRECTION('',(0.,0.,1.));
#18 = DIRECTION('',(1.,0.,0.));
#19 = AXIS2_PLACEMENT_3D('',#20,#21,#22);
#20 = CARTESIAN_POINT('',(0.,0.,0.));
#21 = DIRECTION('',(0.,0.,1.));
#22 = DIRECTION('',(1.,0.,0.));
#23 = AXIS2_PLACEMENT_3D('',#24,#25,#26);
#24 = CARTESIAN_POINT('',(0.,0.,0.));
#25 = DIRECTION('',(0.,0.,1.));
#26 = DIRECTION('',(1.,0.,0.));
#27 = ( GEOMETRIC_REPRESENTATION_CONTEXT(3) 
GLOBAL_UNCERTAINTY_ASSIGNED_CONTEXT((#31)) GLOBAL_UNIT_ASSIGNED_CONTEXT(
(#28,#29,#30)) REPRESENTATION_CONTEXT('Context #1',
  '3D Context with UNIT and UNCERTAINTY') );
#28 = ( LENGTH_UNIT() NAMED_UNIT(*) SI_UNIT(.MILLI.,.METRE.) );
#29 = ( NAMED_UNIT(*) PLANE_ANGLE_UNIT() SI_UNIT($,.RADIAN.) );
#30 = ( NAMED_UNIT(*) SI_UNIT($,.STERADIAN.) SOLID_ANGLE_UNIT() );
#31 = UNCERTAINTY_MEASURE_WITH_UNIT(LENGTH_MEASURE(1.E-07),#28,
  'distance_accuracy_value','confusion accuracy');
#32 = PRODUCT_RELATED_PRODUCT_CATEGORY('part',$,(#7));
#33 = SHAPE_DEFINITION_REPRESENTATION(#34,#40);
#34 = PRODUCT_DEFINITION_SHAPE('','',#35);
#35 = PRODUCT_DEFINITION('design','',#36,#39);
#36 = PRODUCT_DEFINITION_FORMATION('','',#37);
#37 = PRODUCT('Body','Body','',(#38));
#38 = PRODUCT_CONTEXT('',#2,'mechanical');
#39 = PRODUCT_DEFINITION_CONTEXT('part definition',#2,'design');
#40 = ADVANCED_BREP_SHAPE_REPRESENTATION('',(#11,#41),#5635);
#41 = MANIFOLD_SOLID_BREP('',#42);
#42 = CLOSED_SHELL('',(#43,#83,#133,#187,#309,#343,#368,#422,#439,#465,
    #1415,#1449,#1474,#1517,#1536,#1567,#1591,#1615,#1639,#1663,#1687,
    #1711,#1728,#1755,#1774,#1801,#1813,#1844,#1870,#1896,#1920,#1944,
    #1968,#1994,#2020,#2044,#2070,#2096,#2122,#2146,#2172,#2198,#2224,
    #2250,#2274,#2300,#2326,#2350,#2376,#2395,#2426,#2452,#2478,#2502,
    #2528,#2554,#2578,#2602,#2626,#2652,#2678,#2702,#2728,#2754,#2778,
    #2802,#2826,#2852,#2878,#2902,#2928,#2954,#2978,#3004,#3030,#3054,
    #3080,#3099,#3130,#3156,#3182,#3206,#3230,#3256,#3282,#3306,#3332,
    #3358,#3382,#3406,#3432,#3458,#3482,#3508,#3534,#3558,#3584,#3610,
    #3634,#3660,#3686,#3710,#3734,#3760,#3786,#3810,#3836,#3862,#3886,
    #3912,#3931,#3962,#3988,#4014,#4040,#4066,#4090,#4114,#4140,#4166,
    #4192,#4218,#4242,#4266,#4290,#4316,#4340,#4366,#4392,#4416,#4442,
    #4468,#4492,#4518,#4544,#4568,#4594,#4618,#4635,#4662,#4751,#4787,
    #4828,#4864,#4889,#4920,#4944,#4968,#4994,#5020,#5046,#5065,#5208,
    #5223,#5254,#5279,#5303,#5327,#5351,#5376,#5400,#5424,#5448,#5473,
    #5497,#5521,#5545,#5570,#5594,#5611));
#43 = ADVANCED_FACE('',(#44),#78,.T.);
#44 = FACE_BOUND('',#45,.T.);
#45 = EDGE_LOOP('',(#46,#55,#65,#72));
#46 = ORIENTED_EDGE('',*,*,#47,.T.);
#47 = EDGE_CURVE('',#48,#50,#52,.T.);
#48 = VERTEX_POINT('',#49);
#49 = CARTESIAN_POINT('',(-9.1,-7.685786437627,0.));
#50 = VERTEX_POINT('',#51);
#51 = CARTESIAN_POINT('',(-7.102758617143,-5.68854505477,9.510673251699)
  );
#52 = B_SPLINE_CURVE_WITH_KNOTS('',1,(#53,#54),.UNSPECIFIED.,.F.,.F.,(2,
    2),(0.,1.),.PIECEWISE_BEZIER_KNOTS.);
#53 = CARTESIAN_POINT('',(-9.1,-7.685786437627,0.));
#54 = CARTESIAN_POINT('',(-7.,-5.585786437627,10.));
#55 = ORIENTED_EDGE('',*,*,#56,.F.);
#56 = EDGE_CURVE('',#57,#50,#59,.T.);
#57 = VERTEX_POINT('',#58);
#58 = CARTESIAN_POINT('',(-7.102758617143,5.68854505477,9.510673251699)
  );
#59 = B_SPLINE_CURVE_WITH_KNOTS('',2,(#60,#61,#62,#63,#64),
  .UNSPECIFIED.,.F.,.F.,(3,1,1,3),(-1.183700259966,-0.5,11.671572875254,
    12.355273135219),.UNSPECIFIED.);
#60 = CARTESIAN_POINT('',(-7.102758617143,6.769486697592,9.510673251699)
  );
#61 = CARTESIAN_POINT('',(-7.102758617143,6.42763656761,9.510673251699)
  );
#62 = CARTESIAN_POINT('',(-7.102758617143,-2.66E-15,9.510673251699));
#63 = CARTESIAN_POINT('',(-7.102758617143,-6.42763656761,9.510673251699)
  );
#64 = CARTESIAN_POINT('',(-7.102758617143,-6.769486697592,9.510673251699
    ));
#65 = ORIENTED_EDGE('',*,*,#66,.F.);
#66 = EDGE_CURVE('',#67,#57,#69,.T.);
#67 = VERTEX_POINT('',#68);
#68 = CARTESIAN_POINT('',(-9.1,7.685786437627,0.));
#69 = B_SPLINE_CURVE_WITH_KNOTS('',1,(#70,#71),.UNSPECIFIED.,.F.,.F.,(2,
    2),(0.,1.),.PIECEWISE_BEZIER_KNOTS.);
#70 = CARTESIAN_POINT('',(-9.1,7.685786437627,0.));
#71 = CARTESIAN_POINT('',(-7.,5.585786437627,10.));
#72 = ORIENTED_EDGE('',*,*,#73,.T.);
#73 = EDGE_CURVE('',#67,#48,#74,.T.);
#74 = LINE('',#75,#76);
#75 = CARTESIAN_POINT('',(-9.1,7.685786437627,0.));
#76 = VECTOR('',#77,1.);
#77 = DIRECTION('',(0.,-1.,0.));
#78 = B_SPLINE_SURFACE_WITH_KNOTS('',1,1,(
    (#79,#80)
    ,(#81,#82
    )),.UNSPECIFIED.,.F.,.F.,.F.,(2,2),(2,2),(0.,15.371572875254),(0.,1.
    ),.PIECEWISE_BEZIER_KNOTS.);
#79 = CARTESIAN_POINT('',(-9.1,7.685786437627,0.));
#80 = CARTESIAN_POINT('',(-7.,5.585786437627,10.));
#81 = CARTESIAN_POINT('',(-9.1,-7.685786437627,0.));
#82 = CARTESIAN_POINT('',(-7.,-5.585786437627,10.));
#83 = ADVANCED_FACE('',(#84),#128,.T.);
#84 = FACE_BOUND('',#85,.T.);
#85 = EDGE_LOOP('',(#86,#95,#105,#113,#121,#122));
#86 = ORIENTED_EDGE('',*,*,#87,.T.);
#87 = EDGE_CURVE('',#88,#90,#92,.T.);
#88 = VERTEX_POINT('',#89);
#89 = CARTESIAN_POINT('',(-7.685786437627,-9.1,0.));
#90 = VERTEX_POINT('',#91);
#91 = CARTESIAN_POINT('',(-5.68854505477,-7.102758617143,9.510673251699)
  );
#92 = B_SPLINE_CURVE_WITH_KNOTS('',1,(#93,#94),.UNSPECIFIED.,.F.,.F.,(2,
    2),(0.,1.),.PIECEWISE_BEZIER_KNOTS.);
#93 = CARTESIAN_POINT('',(-7.685786437627,-9.1,0.));
#94 = CARTESIAN_POINT('',(-5.585786437627,-7.,10.));
#95 = ORIENTED_EDGE('',*,*,#96,.F.);
#96 = EDGE_CURVE('',#97,#90,#99,.T.);
#97 = VERTEX_POINT('',#98);
#98 = CARTESIAN_POINT('',(-5.696677530706,-7.090418714604,9.520690934088
    ));
#99 = B_SPLINE_CURVE_WITH_KNOTS('',4,(#100,#101,#102,#103,#104),
  .UNSPECIFIED.,.F.,.F.,(5,5),(0.,1.),.PIECEWISE_BEZIER_KNOTS.);
#100 = CARTESIAN_POINT('',(-5.696632501422,-7.090487040287,
    9.520635466471));
#101 = CARTESIAN_POINT('',(-5.694610639759,-7.093554934501,
    9.518144912778));
#102 = CARTESIAN_POINT('',(-5.692588778096,-7.096622828715,
    9.515654359085));
#103 = CARTESIAN_POINT('',(-5.690566916433,-7.099690722929,
    9.513163805392));
#104 = CARTESIAN_POINT('',(-5.68854505477,-7.102758617143,9.510673251699
    ));
#105 = ORIENTED_EDGE('',*,*,#106,.F.);
#106 = EDGE_CURVE('',#107,#97,#109,.T.);
#107 = VERTEX_POINT('',#108);
#108 = CARTESIAN_POINT('',(-7.090418714604,-5.696677530706,
    9.520690934088));
#109 = LINE('',#110,#111);
#110 = CARTESIAN_POINT('',(-7.100654903841,-5.686441341468,
    9.520690934088));
#111 = VECTOR('',#112,1.);
#112 = DIRECTION('',(0.707106781187,-0.707106781187,0.));
#113 = ORIENTED_EDGE('',*,*,#114,.T.);
#114 = EDGE_CURVE('',#107,#50,#115,.T.);
#115 = B_SPLINE_CURVE_WITH_KNOTS('',4,(#116,#117,#118,#119,#120),
  .UNSPECIFIED.,.F.,.F.,(5,5),(0.,1.),.PIECEWISE_BEZIER_KNOTS.);
#116 = CARTESIAN_POINT('',(-7.090487040287,-5.696632501422,
    9.520635466471));
#117 = CARTESIAN_POINT('',(-7.093554934501,-5.694610639759,
    9.518144912778));
#118 = CARTESIAN_POINT('',(-7.096622828715,-5.692588778096,
    9.515654359085));
#119 = CARTESIAN_POINT('',(-7.099690722929,-5.690566916433,
    9.513163805392));
#120 = CARTESIAN_POINT('',(-7.102758617143,-5.68854505477,9.510673251699
    ));
#121 = ORIENTED_EDGE('',*,*,#47,.F.);
#122 = ORIENTED_EDGE('',*,*,#123,.T.);
#123 = EDGE_CURVE('',#48,#88,#124,.T.);
#124 = LINE('',#125,#126);
#125 = CARTESIAN_POINT('',(-9.1,-7.685786437627,0.));
#126 = VECTOR('',#127,1.);
#127 = DIRECTION('',(0.707106781187,-0.707106781187,0.));
#128 = PLANE('',#129);
#129 = AXIS2_PLACEMENT_3D('',#130,#131,#132);
#130 = CARTESIAN_POINT('',(-7.,-5.585786437627,10.));
#131 = DIRECTION('',(-0.677845381581,-0.677845381581,0.284695060264));
#132 = DIRECTION('',(0.707106781187,-0.707106781187,-5.551115123126E-17)
  );
#133 = ADVANCED_FACE('',(#134),#176,.F.);
#134 = FACE_BOUND('',#135,.F.);
#135 = EDGE_LOOP('',(#136,#148,#158,#166,#167,#168));
#136 = ORIENTED_EDGE('',*,*,#137,.F.);
#137 = EDGE_CURVE('',#138,#140,#142,.T.);
#138 = VERTEX_POINT('',#139);
#139 = CARTESIAN_POINT('',(-6.5,5.37867965644,10.));
#140 = VERTEX_POINT('',#141);
#141 = CARTESIAN_POINT('',(-7.090418714604,5.696677530706,9.520690934088
    ));
#142 = B_SPLINE_CURVE_WITH_KNOTS('',4,(#143,#144,#145,#146,#147),
  .UNSPECIFIED.,.F.,.F.,(5,5),(0.,1.),.PIECEWISE_BEZIER_KNOTS.);
#143 = CARTESIAN_POINT('',(-6.5,5.37867965644,10.));
#144 = CARTESIAN_POINT('',(-6.647604678651,5.458179125007,9.880172733522
    ));
#145 = CARTESIAN_POINT('',(-6.795209357302,5.537678593573,9.760345467044
    ));
#146 = CARTESIAN_POINT('',(-6.942814035953,5.617178062139,9.640518200566
    ));
#147 = CARTESIAN_POINT('',(-7.090418714604,5.696677530706,9.520690934088
    ));
#148 = ORIENTED_EDGE('',*,*,#149,.T.);
#149 = EDGE_CURVE('',#138,#150,#152,.T.);
#150 = VERTEX_POINT('',#151);
#151 = CARTESIAN_POINT('',(-6.5,-5.37867965644,10.));
#152 = B_SPLINE_CURVE_WITH_KNOTS('',2,(#153,#154,#155,#156,#157),
  .UNSPECIFIED.,.F.,.F.,(3,1,1,3),(-1.183700259966,-0.5,11.671572875254,
    12.355273135219),.UNSPECIFIED.);
#153 = CARTESIAN_POINT('',(-6.5,6.769486697592,10.));
#154 = CARTESIAN_POINT('',(-6.5,6.42763656761,10.));
#155 = CARTESIAN_POINT('',(-6.5,-1.78E-15,10.));
#156 = CARTESIAN_POINT('',(-6.5,-6.42763656761,10.));
#157 = CARTESIAN_POINT('',(-6.5,-6.769486697592,10.));
#158 = ORIENTED_EDGE('',*,*,#159,.T.);
#159 = EDGE_CURVE('',#150,#107,#160,.T.);
#160 = B_SPLINE_CURVE_WITH_KNOTS('',4,(#161,#162,#163,#164,#165),
  .UNSPECIFIED.,.F.,.F.,(5,5),(0.,1.),.PIECEWISE_BEZIER_KNOTS.);
#161 = CARTESIAN_POINT('',(-6.5,-5.37867965644,10.));
#162 = CARTESIAN_POINT('',(-6.647604678651,-5.458179125007,
    9.880172733522));
#163 = CARTESIAN_POINT('',(-6.795209357302,-5.537678593573,
    9.760345467044));
#164 = CARTESIAN_POINT('',(-6.942814035953,-5.617178062139,
    9.640518200566));
#165 = CARTESIAN_POINT('',(-7.090418714604,-5.696677530706,
    9.520690934088));
#166 = ORIENTED_EDGE('',*,*,#114,.T.);
#167 = ORIENTED_EDGE('',*,*,#56,.F.);
#168 = ORIENTED_EDGE('',*,*,#169,.F.);
#169 = EDGE_CURVE('',#140,#57,#170,.T.);
#170 = B_SPLINE_CURVE_WITH_KNOTS('',4,(#171,#172,#173,#174,#175),
  .UNSPECIFIED.,.F.,.F.,(5,5),(0.,1.),.PIECEWISE_BEZIER_KNOTS.);
#171 = CARTESIAN_POINT('',(-7.090418714604,5.696677530706,9.520690934088
    ));
#172 = CARTESIAN_POINT('',(-7.093503690239,5.694644411722,9.518186513491
    ));
#173 = CARTESIAN_POINT('',(-7.096588665874,5.692611292738,9.515682092894
    ));
#174 = CARTESIAN_POINT('',(-7.099673641508,5.690578173754,9.513177672296
    ));
#175 = CARTESIAN_POINT('',(-7.102758617143,5.68854505477,9.510673251699)
  );
#176 = B_SPLINE_SURFACE_WITH_KNOTS('',1,2,(
    (#177,#178,#179,#180,#181)
    ,(#182,#183,#184,#185,#186
    )),.UNSPECIFIED.,.F.,.F.,.F.,(2,2),(3,1,1,3),(0.,12.171572875254),(
    -1.183700259966,-0.5,11.671572875254,12.355273135219),
  .UNSPECIFIED.);
#177 = CARTESIAN_POINT('',(-7.102758617143,6.769486697592,9.510673251699
    ));
#178 = CARTESIAN_POINT('',(-7.102758617143,6.42763656761,9.510673251699)
  );
#179 = CARTESIAN_POINT('',(-7.102758617143,-2.66E-15,9.510673251699));
#180 = CARTESIAN_POINT('',(-7.102758617143,-6.42763656761,9.510673251699
    ));
#181 = CARTESIAN_POINT('',(-7.102758617143,-6.769486697592,
    9.510673251699));
#182 = CARTESIAN_POINT('',(-6.5,6.769486697592,10.));
#183 = CARTESIAN_POINT('',(-6.5,6.42763656761,10.));
#184 = CARTESIAN_POINT('',(-6.5,-1.78E-15,10.));
#185 = CARTESIAN_POINT('',(-6.5,-6.42763656761,10.));
#186 = CARTESIAN_POINT('',(-6.5,-6.769486697592,10.));
#187 = ADVANCED_FACE('',(#188,#238),#304,.F.);
#188 = FACE_BOUND('',#189,.F.);
#189 = EDGE_LOOP('',(#190,#191,#192,#200,#208,#216,#224,#232));
#190 = ORIENTED_EDGE('',*,*,#73,.T.);
#191 = ORIENTED_EDGE('',*,*,#123,.T.);
#192 = ORIENTED_EDGE('',*,*,#193,.T.);
#193 = EDGE_CURVE('',#88,#194,#196,.T.);
#194 = VERTEX_POINT('',#195);
#195 = CARTESIAN_POINT('',(7.685786437627,-9.1,0.));
#196 = LINE('',#197,#198);
#197 = CARTESIAN_POINT('',(-7.685786437627,-9.1,0.));
#198 = VECTOR('',#199,1.);
#199 = DIRECTION('',(1.,0.,0.));
#200 = ORIENTED_EDGE('',*,*,#201,.T.);
#201 = EDGE_CURVE('',#194,#202,#204,.T.);
#202 = VERTEX_POINT('',#203);
#203 = CARTESIAN_POINT('',(9.1,-7.685786437627,0.));
#204 = LINE('',#205,#206);
#205 = CARTESIAN_POINT('',(7.685786437627,-9.1,0.));
#206 = VECTOR('',#207,1.);
#207 = DIRECTION('',(0.707106781187,0.707106781187,0.));
#208 = ORIENTED_EDGE('',*,*,#209,.T.);
#209 = EDGE_CURVE('',#202,#210,#212,.T.);
#210 = VERTEX_POINT('',#211);
#211 = CARTESIAN_POINT('',(9.1,7.685786437627,0.));
#212 = LINE('',#213,#214);
#213 = CARTESIAN_POINT('',(9.1,-7.685786437627,0.));
#214 = VECTOR('',#215,1.);
#215 = DIRECTION('',(0.,1.,0.));
#216 = ORIENTED_EDGE('',*,*,#217,.T.);
#217 = EDGE_CURVE('',#210,#218,#220,.T.);
#218 = VERTEX_POINT('',#219);
#219 = CARTESIAN_POINT('',(7.685786437627,9.1,0.));
#220 = LINE('',#221,#222);
#221 = CARTESIAN_POINT('',(9.1,7.685786437627,0.));
#222 = VECTOR('',#223,1.);
#223 = DIRECTION('',(-0.707106781187,0.707106781187,0.));
#224 = ORIENTED_EDGE('',*,*,#225,.T.);
#225 = EDGE_CURVE('',#218,#226,#228,.T.);
#226 = VERTEX_POINT('',#227);
#227 = CARTESIAN_POINT('',(-7.685786437627,9.1,0.));
#228 = LINE('',#229,#230);
#229 = CARTESIAN_POINT('',(7.685786437627,9.1,0.));
#230 = VECTOR('',#231,1.);
#231 = DIRECTION('',(-1.,0.,0.));
#232 = ORIENTED_EDGE('',*,*,#233,.T.);
#233 = EDGE_CURVE('',#226,#67,#234,.T.);
#234 = LINE('',#235,#236);
#235 = CARTESIAN_POINT('',(-7.685786437627,9.1,0.));
#236 = VECTOR('',#237,1.);
#237 = DIRECTION('',(-0.707106781187,-0.707106781187,0.));
#238 = FACE_BOUND('',#239,.F.);
#239 = EDGE_LOOP('',(#240,#250,#258,#266,#274,#282,#290,#298));
#240 = ORIENTED_EDGE('',*,*,#241,.T.);
#241 = EDGE_CURVE('',#242,#244,#246,.T.);
#242 = VERTEX_POINT('',#243);
#243 = CARTESIAN_POINT('',(-7.873825461037,-7.141645750422,-1.E-15));
#244 = VERTEX_POINT('',#245);
#245 = CARTESIAN_POINT('',(-7.873825461037,7.141645750422,-1.E-15));
#246 = LINE('',#247,#248);
#247 = CARTESIAN_POINT('',(-7.873825461037,-4.6E-16,0.));
#248 = VECTOR('',#249,1.);
#249 = DIRECTION('',(-1.E-17,1.,0.));
#250 = ORIENTED_EDGE('',*,*,#251,.T.);
#251 = EDGE_CURVE('',#244,#252,#254,.T.);
#252 = VERTEX_POINT('',#253);
#253 = CARTESIAN_POINT('',(-7.141645750422,7.873825461037,0.));
#254 = LINE('',#255,#256);
#255 = CARTESIAN_POINT('',(-7.154182215136,7.861288996323,0.));
#256 = VECTOR('',#257,1.);
#257 = DIRECTION('',(0.707106781187,0.707106781187,0.));
#258 = ORIENTED_EDGE('',*,*,#259,.T.);
#259 = EDGE_CURVE('',#252,#260,#262,.T.);
#260 = VERTEX_POINT('',#261);
#261 = CARTESIAN_POINT('',(7.141645750422,7.873825461037,0.));
#262 = LINE('',#263,#264);
#263 = CARTESIAN_POINT('',(-8.3E-16,7.873825461037,4.4E-16));
#264 = VECTOR('',#265,1.);
#265 = DIRECTION('',(1.,-2.E-17,0.));
#266 = ORIENTED_EDGE('',*,*,#267,.T.);
#267 = EDGE_CURVE('',#260,#268,#270,.T.);
#268 = VERTEX_POINT('',#269);
#269 = CARTESIAN_POINT('',(7.873825461037,7.141645750422,-1.E-15));
#270 = LINE('',#271,#272);
#271 = CARTESIAN_POINT('',(7.861288996323,7.154182215136,0.));
#272 = VECTOR('',#273,1.);
#273 = DIRECTION('',(0.707106781187,-0.707106781187,0.));
#274 = ORIENTED_EDGE('',*,*,#275,.T.);
#275 = EDGE_CURVE('',#268,#276,#278,.T.);
#276 = VERTEX_POINT('',#277);
#277 = CARTESIAN_POINT('',(7.873825461037,-7.141645750422,-1.E-15));
#278 = LINE('',#279,#280);
#279 = CARTESIAN_POINT('',(7.873825461037,1.E-16,0.));
#280 = VECTOR('',#281,1.);
#281 = DIRECTION('',(1.E-17,-1.,0.));
#282 = ORIENTED_EDGE('',*,*,#283,.T.);
#283 = EDGE_CURVE('',#276,#284,#286,.T.);
#284 = VERTEX_POINT('',#285);
#285 = CARTESIAN_POINT('',(7.141645750422,-7.873825461037,-1.E-15));
#286 = LINE('',#287,#288);
#287 = CARTESIAN_POINT('',(7.154182215136,-7.861288996323,-8.9E-16));
#288 = VECTOR('',#289,1.);
#289 = DIRECTION('',(-0.707106781187,-0.707106781187,0.));
#290 = ORIENTED_EDGE('',*,*,#291,.T.);
#291 = EDGE_CURVE('',#284,#292,#294,.T.);
#292 = VERTEX_POINT('',#293);
#293 = CARTESIAN_POINT('',(-7.141645750422,-7.873825461037,-1.E-15));
#294 = LINE('',#295,#296);
#295 = CARTESIAN_POINT('',(-4.7E-16,-7.873825461037,0.));
#296 = VECTOR('',#297,1.);
#297 = DIRECTION('',(-1.,0.,0.));
#298 = ORIENTED_EDGE('',*,*,#299,.T.);
#299 = EDGE_CURVE('',#292,#242,#300,.T.);
#300 = LINE('',#301,#302);
#301 = CARTESIAN_POINT('',(-7.861288996323,-7.154182215136,0.));
#302 = VECTOR('',#303,1.);
#303 = DIRECTION('',(-0.707106781187,0.707106781187,0.));
#304 = PLANE('',#305);
#305 = AXIS2_PLACEMENT_3D('',#306,#307,#308);
#306 = CARTESIAN_POINT('',(-1.02E-15,-5.8E-16,0.));
#307 = DIRECTION('',(0.,0.,1.));
#308 = DIRECTION('',(1.,0.,0.));
#309 = ADVANCED_FACE('',(#310),#338,.T.);
#310 = FACE_BOUND('',#311,.T.);
#311 = EDGE_LOOP('',(#312,#313,#314,#322,#332,#337));
#312 = ORIENTED_EDGE('',*,*,#66,.T.);
#313 = ORIENTED_EDGE('',*,*,#169,.F.);
#314 = ORIENTED_EDGE('',*,*,#315,.F.);
#315 = EDGE_CURVE('',#316,#140,#318,.T.);
#316 = VERTEX_POINT('',#317);
#317 = CARTESIAN_POINT('',(-5.696677530706,7.090418714604,9.520690934088
    ));
#318 = LINE('',#319,#320);
#319 = CARTESIAN_POINT('',(-5.686441341468,7.100654903841,9.520690934088
    ));
#320 = VECTOR('',#321,1.);
#321 = DIRECTION('',(-0.707106781187,-0.707106781187,0.));
#322 = ORIENTED_EDGE('',*,*,#323,.T.);
#323 = EDGE_CURVE('',#316,#324,#326,.T.);
#324 = VERTEX_POINT('',#325);
#325 = CARTESIAN_POINT('',(-5.68854505477,7.102758617143,9.510673251699)
  );
#326 = B_SPLINE_CURVE_WITH_KNOTS('',4,(#327,#328,#329,#330,#331),
  .UNSPECIFIED.,.F.,.F.,(5,5),(0.,1.),.PIECEWISE_BEZIER_KNOTS.);
#327 = CARTESIAN_POINT('',(-5.696677530706,7.090418714604,9.520690934088
    ));
#328 = CARTESIAN_POINT('',(-5.694644411722,7.093503690239,9.518186513491
    ));
#329 = CARTESIAN_POINT('',(-5.692611292738,7.096588665874,9.515682092894
    ));
#330 = CARTESIAN_POINT('',(-5.690578173754,7.099673641508,9.513177672296
    ));
#331 = CARTESIAN_POINT('',(-5.68854505477,7.102758617143,9.510673251699)
  );
#332 = ORIENTED_EDGE('',*,*,#333,.F.);
#333 = EDGE_CURVE('',#226,#324,#334,.T.);
#334 = B_SPLINE_CURVE_WITH_KNOTS('',1,(#335,#336),.UNSPECIFIED.,.F.,.F.,
  (2,2),(0.,1.),.PIECEWISE_BEZIER_KNOTS.);
#335 = CARTESIAN_POINT('',(-7.685786437627,9.1,0.));
#336 = CARTESIAN_POINT('',(-5.585786437627,7.,10.));
#337 = ORIENTED_EDGE('',*,*,#233,.T.);
#338 = PLANE('',#339);
#339 = AXIS2_PLACEMENT_3D('',#340,#341,#342);
#340 = CARTESIAN_POINT('',(-5.585786437627,7.,10.));
#341 = DIRECTION('',(-0.677845381581,0.677845381581,0.284695060264));
#342 = DIRECTION('',(-0.707106781187,-0.707106781187,-5.551115123126E-17
    ));
#343 = ADVANCED_FACE('',(#344),#363,.T.);
#344 = FACE_BOUND('',#345,.T.);
#345 = EDGE_LOOP('',(#346,#353,#361,#362));
#346 = ORIENTED_EDGE('',*,*,#347,.T.);
#347 = EDGE_CURVE('',#194,#348,#350,.T.);
#348 = VERTEX_POINT('',#349);
#349 = CARTESIAN_POINT('',(5.68854505477,-7.102758617143,9.510673251699)
  );
#350 = B_SPLINE_CURVE_WITH_KNOTS('',1,(#351,#352),.UNSPECIFIED.,.F.,.F.,
  (2,2),(0.,1.),.PIECEWISE_BEZIER_KNOTS.);
#351 = CARTESIAN_POINT('',(7.685786437627,-9.1,0.));
#352 = CARTESIAN_POINT('',(5.585786437627,-7.,10.));
#353 = ORIENTED_EDGE('',*,*,#354,.F.);
#354 = EDGE_CURVE('',#90,#348,#355,.T.);
#355 = B_SPLINE_CURVE_WITH_KNOTS('',2,(#356,#357,#358,#359,#360),
  .UNSPECIFIED.,.F.,.F.,(3,1,1,3),(-1.183700259966,-0.5,11.671572875254,
    12.355273135219),.UNSPECIFIED.);
#356 = CARTESIAN_POINT('',(-6.769486697592,-7.102758617143,
    9.510673251699));
#357 = CARTESIAN_POINT('',(-6.42763656761,-7.102758617143,9.510673251699
    ));
#358 = CARTESIAN_POINT('',(-8.9E-16,-7.102758617143,9.510673251699));
#359 = CARTESIAN_POINT('',(6.42763656761,-7.102758617143,9.510673251699)
  );
#360 = CARTESIAN_POINT('',(6.769486697592,-7.102758617143,9.510673251699
    ));
#361 = ORIENTED_EDGE('',*,*,#87,.F.);
#362 = ORIENTED_EDGE('',*,*,#193,.T.);
#363 = B_SPLINE_SURFACE_WITH_KNOTS('',1,1,(
    (#364,#365)
    ,(#366,#367
    )),.UNSPECIFIED.,.F.,.F.,.F.,(2,2),(2,2),(0.,15.371572875254),(0.,1.
    ),.PIECEWISE_BEZIER_KNOTS.);
#364 = CARTESIAN_POINT('',(-7.685786437627,-9.1,0.));
#365 = CARTESIAN_POINT('',(-5.585786437627,-7.,10.));
#366 = CARTESIAN_POINT('',(7.685786437627,-9.1,0.));
#367 = CARTESIAN_POINT('',(5.585786437627,-7.,10.));
#368 = ADVANCED_FACE('',(#369),#411,.T.);
#369 = FACE_BOUND('',#370,.T.);
#370 = EDGE_LOOP('',(#371,#383,#393,#401,#402,#403));
#371 = ORIENTED_EDGE('',*,*,#372,.F.);
#372 = EDGE_CURVE('',#373,#375,#377,.T.);
#373 = VERTEX_POINT('',#374);
#374 = CARTESIAN_POINT('',(5.37867965644,-6.5,10.));
#375 = VERTEX_POINT('',#376);
#376 = CARTESIAN_POINT('',(5.696677530706,-7.090418714604,9.520690934088
    ));
#377 = B_SPLINE_CURVE_WITH_KNOTS('',4,(#378,#379,#380,#381,#382),
  .UNSPECIFIED.,.F.,.F.,(5,5),(0.,1.),.PIECEWISE_BEZIER_KNOTS.);
#378 = CARTESIAN_POINT('',(5.37867965644,-6.5,10.));
#379 = CARTESIAN_POINT('',(5.458179125007,-6.647604678651,9.880172733522
    ));
#380 = CARTESIAN_POINT('',(5.537678593573,-6.795209357302,9.760345467044
    ));
#381 = CARTESIAN_POINT('',(5.617178062139,-6.942814035953,9.640518200566
    ));
#382 = CARTESIAN_POINT('',(5.696677530706,-7.090418714604,9.520690934088
    ));
#383 = ORIENTED_EDGE('',*,*,#384,.F.);
#384 = EDGE_CURVE('',#385,#373,#387,.T.);
#385 = VERTEX_POINT('',#386);
#386 = CARTESIAN_POINT('',(-5.37867965644,-6.5,10.));
#387 = B_SPLINE_CURVE_WITH_KNOTS('',2,(#388,#389,#390,#391,#392),
  .UNSPECIFIED.,.F.,.F.,(3,1,1,3),(-1.183700259966,-0.5,11.671572875254,
    12.355273135219),.UNSPECIFIED.);
#388 = CARTESIAN_POINT('',(-6.769486697592,-6.5,10.));
#389 = CARTESIAN_POINT('',(-6.42763656761,-6.5,10.));
#390 = CARTESIAN_POINT('',(-1.78E-15,-6.5,10.));
#391 = CARTESIAN_POINT('',(6.42763656761,-6.5,10.));
#392 = CARTESIAN_POINT('',(6.769486697592,-6.5,10.));
#393 = ORIENTED_EDGE('',*,*,#394,.T.);
#394 = EDGE_CURVE('',#385,#97,#395,.T.);
#395 = B_SPLINE_CURVE_WITH_KNOTS('',4,(#396,#397,#398,#399,#400),
  .UNSPECIFIED.,.F.,.F.,(5,5),(0.,1.),.PIECEWISE_BEZIER_KNOTS.);
#396 = CARTESIAN_POINT('',(-5.37867965644,-6.5,10.));
#397 = CARTESIAN_POINT('',(-5.458179125007,-6.647604678651,
    9.880172733522));
#398 = CARTESIAN_POINT('',(-5.537678593573,-6.795209357302,
    9.760345467044));
#399 = CARTESIAN_POINT('',(-5.617178062139,-6.942814035953,
    9.640518200566));
#400 = CARTESIAN_POINT('',(-5.696677530706,-7.090418714604,
    9.520690934088));
#401 = ORIENTED_EDGE('',*,*,#96,.T.);
#402 = ORIENTED_EDGE('',*,*,#354,.T.);
#403 = ORIENTED_EDGE('',*,*,#404,.F.);
#404 = EDGE_CURVE('',#375,#348,#405,.T.);
#405 = B_SPLINE_CURVE_WITH_KNOTS('',4,(#406,#407,#408,#409,#410),
  .UNSPECIFIED.,.F.,.F.,(5,5),(0.,1.),.PIECEWISE_BEZIER_KNOTS.);
#406 = CARTESIAN_POINT('',(5.696677530706,-7.090418714604,9.520690934088
    ));
#407 = CARTESIAN_POINT('',(5.694644411722,-7.093503690239,9.518186513491
    ));
#408 = CARTESIAN_POINT('',(5.692611292738,-7.096588665874,9.515682092894
    ));
#409 = CARTESIAN_POINT('',(5.690578173754,-7.099673641508,9.513177672296
    ));
#410 = CARTESIAN_POINT('',(5.68854505477,-7.102758617143,9.510673251699)
  );
#411 = B_SPLINE_SURFACE_WITH_KNOTS('',1,2,(
    (#412,#413,#414,#415,#416)
    ,(#417,#418,#419,#420,#421
    )),.UNSPECIFIED.,.F.,.F.,.F.,(2,2),(3,1,1,3),(0.,12.171572875254),(
    -1.183700259966,-0.5,11.671572875254,12.355273135219),
  .UNSPECIFIED.);
#412 = CARTESIAN_POINT('',(-6.769486697592,-6.5,10.));
#413 = CARTESIAN_POINT('',(-6.42763656761,-6.5,10.));
#414 = CARTESIAN_POINT('',(-1.78E-15,-6.5,10.));
#415 = CARTESIAN_POINT('',(6.42763656761,-6.5,10.));
#416 = CARTESIAN_POINT('',(6.769486697592,-6.5,10.));
#417 = CARTESIAN_POINT('',(-6.769486697592,-7.102758617143,
    9.510673251699));
#418 = CARTESIAN_POINT('',(-6.42763656761,-7.102758617143,9.510673251699
    ));
#419 = CARTESIAN_POINT('',(-8.9E-16,-7.102758617143,9.510673251699));
#420 = CARTESIAN_POINT('',(6.42763656761,-7.102758617143,9.510673251699)
  );
#421 = CARTESIAN_POINT('',(6.769486697592,-7.102758617143,9.510673251699
    ));
#422 = ADVANCED_FACE('',(#423),#434,.T.);
#423 = FACE_BOUND('',#424,.F.);
#424 = EDGE_LOOP('',(#425,#426,#432,#433));
#425 = ORIENTED_EDGE('',*,*,#159,.F.);
#426 = ORIENTED_EDGE('',*,*,#427,.T.);
#427 = EDGE_CURVE('',#150,#385,#428,.T.);
#428 = LINE('',#429,#430);
#429 = CARTESIAN_POINT('',(-6.646446609407,-5.232233047034,10.));
#430 = VECTOR('',#431,1.);
#431 = DIRECTION('',(0.707106781187,-0.707106781187,0.));
#432 = ORIENTED_EDGE('',*,*,#394,.T.);
#433 = ORIENTED_EDGE('',*,*,#106,.F.);
#434 = PLANE('',#435);
#435 = AXIS2_PLACEMENT_3D('',#436,#437,#438);
#436 = CARTESIAN_POINT('',(-6.873550756624,-5.459337194251,
    9.760345467044));
#437 = DIRECTION('',(-0.422878510844,-0.422878510844,0.80146586336));
#438 = DIRECTION('',(-0.707106781187,0.707106781187,5.551115123126E-17)
  );
#439 = ADVANCED_FACE('',(#440),#460,.T.);
#440 = FACE_BOUND('',#441,.F.);
#441 = EDGE_LOOP('',(#442,#452,#458,#459));
#442 = ORIENTED_EDGE('',*,*,#443,.F.);
#443 = EDGE_CURVE('',#444,#316,#446,.T.);
#444 = VERTEX_POINT('',#445);
#445 = CARTESIAN_POINT('',(-5.37867965644,6.5,10.));
#446 = B_SPLINE_CURVE_WITH_KNOTS('',4,(#447,#448,#449,#450,#451),
  .UNSPECIFIED.,.F.,.F.,(5,5),(0.,1.),.PIECEWISE_BEZIER_KNOTS.);
#447 = CARTESIAN_POINT('',(-5.37867965644,6.5,10.));
#448 = CARTESIAN_POINT('',(-5.458179125007,6.647604678651,9.880172733522
    ));
#449 = CARTESIAN_POINT('',(-5.537678593573,6.795209357302,9.760345467044
    ));
#450 = CARTESIAN_POINT('',(-5.617178062139,6.942814035953,9.640518200566
    ));
#451 = CARTESIAN_POINT('',(-5.696677530706,7.090418714604,9.520690934088
    ));
#452 = ORIENTED_EDGE('',*,*,#453,.T.);
#453 = EDGE_CURVE('',#444,#138,#454,.T.);
#454 = LINE('',#455,#456);
#455 = CARTESIAN_POINT('',(-5.232233047034,6.646446609407,10.));
#456 = VECTOR('',#457,1.);
#457 = DIRECTION('',(-0.707106781187,-0.707106781187,0.));
#458 = ORIENTED_EDGE('',*,*,#137,.T.);
#459 = ORIENTED_EDGE('',*,*,#315,.F.);
#460 = PLANE('',#461);
#461 = AXIS2_PLACEMENT_3D('',#462,#463,#464);
#462 = CARTESIAN_POINT('',(-5.459337194251,6.873550756624,9.760345467044
    ));
#463 = DIRECTION('',(-0.422878510844,0.422878510844,0.80146586336));
#464 = DIRECTION('',(0.707106781187,0.707106781187,2.775557561563E-17));
#465 = ADVANCED_FACE('',(#466,#506,#692,#918,#1184),#1410,.T.);
#466 = FACE_BOUND('',#467,.T.);
#467 = EDGE_LOOP('',(#468,#476,#486,#494,#502,#503,#504,#505));
#468 = ORIENTED_EDGE('',*,*,#469,.T.);
#469 = EDGE_CURVE('',#373,#470,#472,.T.);
#470 = VERTEX_POINT('',#471);
#471 = CARTESIAN_POINT('',(6.5,-5.37867965644,10.));
#472 = LINE('',#473,#474);
#473 = CARTESIAN_POINT('',(5.232233047034,-6.646446609407,10.));
#474 = VECTOR('',#475,1.);
#475 = DIRECTION('',(0.707106781187,0.707106781187,0.));
#476 = ORIENTED_EDGE('',*,*,#477,.T.);
#477 = EDGE_CURVE('',#470,#478,#480,.T.);
#478 = VERTEX_POINT('',#479);
#479 = CARTESIAN_POINT('',(6.5,5.37867965644,10.));
#480 = B_SPLINE_CURVE_WITH_KNOTS('',2,(#481,#482,#483,#484,#485),
  .UNSPECIFIED.,.F.,.F.,(3,1,1,3),(-1.183700259966,-0.5,11.671572875254,
    12.355273135219),.UNSPECIFIED.);
#481 = CARTESIAN_POINT('',(6.5,-6.769486697592,10.));
#482 = CARTESIAN_POINT('',(6.5,-6.42763656761,10.));
#483 = CARTESIAN_POINT('',(6.5,0.,10.));
#484 = CARTESIAN_POINT('',(6.5,6.42763656761,10.));
#485 = CARTESIAN_POINT('',(6.5,6.769486697592,10.));
#486 = ORIENTED_EDGE('',*,*,#487,.T.);
#487 = EDGE_CURVE('',#478,#488,#490,.T.);
#488 = VERTEX_POINT('',#489);
#489 = CARTESIAN_POINT('',(5.37867965644,6.5,10.));
#490 = LINE('',#491,#492);
#491 = CARTESIAN_POINT('',(6.646446609407,5.232233047034,10.));
#492 = VECTOR('',#493,1.);
#493 = DIRECTION('',(-0.707106781187,0.707106781187,0.));
#494 = ORIENTED_EDGE('',*,*,#495,.T.);
#495 = EDGE_CURVE('',#488,#444,#496,.T.);
#496 = B_SPLINE_CURVE_WITH_KNOTS('',2,(#497,#498,#499,#500,#501),
  .UNSPECIFIED.,.F.,.F.,(3,1,1,3),(-1.183700259966,-0.5,11.671572875254,
    12.355273135219),.UNSPECIFIED.);
#497 = CARTESIAN_POINT('',(6.769486697592,6.5,10.));
#498 = CARTESIAN_POINT('',(6.42763656761,6.5,10.));
#499 = CARTESIAN_POINT('',(3.55E-15,6.5,10.));
#500 = CARTESIAN_POINT('',(-6.42763656761,6.5,10.));
#501 = CARTESIAN_POINT('',(-6.769486697592,6.5,10.));
#502 = ORIENTED_EDGE('',*,*,#453,.T.);
#503 = ORIENTED_EDGE('',*,*,#149,.T.);
#504 = ORIENTED_EDGE('',*,*,#427,.T.);
#505 = ORIENTED_EDGE('',*,*,#384,.T.);
#506 = FACE_BOUND('',#507,.T.);
#507 = EDGE_LOOP('',(#508,#518,#526,#534,#542,#550,#558,#566,#574,#582,
    #590,#598,#606,#614,#622,#630,#638,#646,#654,#662,#670,#678,#686));
#508 = ORIENTED_EDGE('',*,*,#509,.T.);
#509 = EDGE_CURVE('',#510,#512,#514,.T.);
#510 = VERTEX_POINT('',#511);
#511 = CARTESIAN_POINT('',(-2.093759372997,-5.2,10.));
#512 = VERTEX_POINT('',#513);
#513 = CARTESIAN_POINT('',(-2.557501954599,-5.2,10.));
#514 = LINE('',#515,#516);
#515 = CARTESIAN_POINT('',(-2.093759372997,-5.2,10.));
#516 = VECTOR('',#517,1.);
#517 = DIRECTION('',(-1.,0.,0.));
#518 = ORIENTED_EDGE('',*,*,#519,.T.);
#519 = EDGE_CURVE('',#512,#520,#522,.T.);
#520 = VERTEX_POINT('',#521);
#521 = CARTESIAN_POINT('',(-2.634143275074,-5.17009458457,10.));
#522 = B_SPLINE_CURVE_WITH_KNOTS('',2,(#523,#524,#525),.UNSPECIFIED.,.F.
  ,.F.,(3,3),(0.,1.),.PIECEWISE_BEZIER_KNOTS.);
#523 = CARTESIAN_POINT('',(-2.557501954599,-5.2,10.));
#524 = CARTESIAN_POINT('',(-2.604376954599,-5.2,10.));
#525 = CARTESIAN_POINT('',(-2.634143275074,-5.17009458457,10.));
#526 = ORIENTED_EDGE('',*,*,#527,.T.);
#527 = EDGE_CURVE('',#520,#528,#530,.T.);
#528 = VERTEX_POINT('',#529);
#529 = CARTESIAN_POINT('',(-2.663909595549,-5.092757789318,10.));
#530 = B_SPLINE_CURVE_WITH_KNOTS('',2,(#531,#532,#533),.UNSPECIFIED.,.F.
  ,.F.,(3,3),(0.,1.),.PIECEWISE_BEZIER_KNOTS.);
#531 = CARTESIAN_POINT('',(-2.634143275074,-5.17009458457,10.));
#532 = CARTESIAN_POINT('',(-2.663909595549,-5.140050074184,10.));
#533 = CARTESIAN_POINT('',(-2.663909595549,-5.092757789318,10.));
#534 = ORIENTED_EDGE('',*,*,#535,.T.);
#535 = EDGE_CURVE('',#528,#536,#538,.T.);
#536 = VERTEX_POINT('',#537);
#537 = CARTESIAN_POINT('',(-2.663909595549,-2.307103115727,10.));
#538 = LINE('',#539,#540);
#539 = CARTESIAN_POINT('',(-2.663909595549,-5.092757789318,10.));
#540 = VECTOR('',#541,1.);
#541 = DIRECTION('',(0.,1.,0.));
#542 = ORIENTED_EDGE('',*,*,#543,.T.);
#543 = EDGE_CURVE('',#536,#544,#546,.T.);
#544 = VERTEX_POINT('',#545);
#545 = CARTESIAN_POINT('',(-2.634143275074,-2.230044510386,10.));
#546 = B_SPLINE_CURVE_WITH_KNOTS('',2,(#547,#548,#549),.UNSPECIFIED.,.F.
  ,.F.,(3,3),(0.,1.),.PIECEWISE_BEZIER_KNOTS.);
#547 = CARTESIAN_POINT('',(-2.663909595549,-2.307103115727,10.));
#548 = CARTESIAN_POINT('',(-2.663909595549,-2.259949925816,10.));
#549 = CARTESIAN_POINT('',(-2.634143275074,-2.230044510386,10.));
#550 = ORIENTED_EDGE('',*,*,#551,.T.);
#551 = EDGE_CURVE('',#544,#552,#554,.T.);
#552 = VERTEX_POINT('',#553);
#553 = CARTESIAN_POINT('',(-2.557223764688,-2.2,10.));
#554 = B_SPLINE_CURVE_WITH_KNOTS('',2,(#555,#556,#557),.UNSPECIFIED.,.F.
  ,.F.,(3,3),(0.,1.),.PIECEWISE_BEZIER_KNOTS.);
#555 = CARTESIAN_POINT('',(-2.634143275074,-2.230044510386,10.));
#556 = CARTESIAN_POINT('',(-2.604237859644,-2.2,10.));
#557 = CARTESIAN_POINT('',(-2.557223764688,-2.2,10.));
#558 = ORIENTED_EDGE('',*,*,#559,.T.);
#559 = EDGE_CURVE('',#552,#560,#562,.T.);
#560 = VERTEX_POINT('',#561);
#561 = CARTESIAN_POINT('',(-1.426242681602,-2.2,10.));
#562 = LINE('',#563,#564);
#563 = CARTESIAN_POINT('',(-2.557223764688,-2.2,10.));
#564 = VECTOR('',#565,1.);
#565 = DIRECTION('',(1.,0.,0.));
#566 = ORIENTED_EDGE('',*,*,#567,.T.);
#567 = EDGE_CURVE('',#560,#568,#570,.T.);
#568 = VERTEX_POINT('',#569);
#569 = CARTESIAN_POINT('',(-0.585552770623,-2.446754451039,10.));
#570 = B_SPLINE_CURVE_WITH_KNOTS('',2,(#571,#572,#573),.UNSPECIFIED.,.F.
  ,.F.,(3,3),(0.,1.),.PIECEWISE_BEZIER_KNOTS.);
#571 = CARTESIAN_POINT('',(-1.426242681602,-2.2,10.));
#572 = CARTESIAN_POINT('',(-0.8928135273,-2.2,10.));
#573 = CARTESIAN_POINT('',(-0.585552770623,-2.446754451039,10.));
#574 = ORIENTED_EDGE('',*,*,#575,.T.);
#575 = EDGE_CURVE('',#568,#576,#578,.T.);
#576 = VERTEX_POINT('',#577);
#577 = CARTESIAN_POINT('',(-0.278152918991,-3.156973293769,10.));
#578 = B_SPLINE_CURVE_WITH_KNOTS('',2,(#579,#580,#581),.UNSPECIFIED.,.F.
  ,.F.,(3,3),(0.,1.),.PIECEWISE_BEZIER_KNOTS.);
#579 = CARTESIAN_POINT('',(-0.585552770623,-2.446754451039,10.));
#580 = CARTESIAN_POINT('',(-0.278152918991,-2.693508902077,10.));
#581 = CARTESIAN_POINT('',(-0.278152918991,-3.156973293769,10.));
#582 = ORIENTED_EDGE('',*,*,#583,.T.);
#583 = EDGE_CURVE('',#576,#584,#586,.T.);
#584 = VERTEX_POINT('',#585);
#585 = CARTESIAN_POINT('',(-0.42837547092,-3.680665801187,10.));
#586 = B_SPLINE_CURVE_WITH_KNOTS('',2,(#587,#588,#589),.UNSPECIFIED.,.F.
  ,.F.,(3,3),(0.,1.),.PIECEWISE_BEZIER_KNOTS.);
#587 = CARTESIAN_POINT('',(-0.278152918991,-3.156973293769,10.));
#588 = CARTESIAN_POINT('',(-0.278152918991,-3.470215133531,10.));
#589 = CARTESIAN_POINT('',(-0.42837547092,-3.680665801187,10.));
#590 = ORIENTED_EDGE('',*,*,#591,.T.);
#591 = EDGE_CURVE('',#584,#592,#594,.T.);
#592 = VERTEX_POINT('',#593);
#593 = CARTESIAN_POINT('',(-0.831333556973,-3.99390764095,10.));
#594 = B_SPLINE_CURVE_WITH_KNOTS('',2,(#595,#596,#597),.UNSPECIFIED.,.F.
  ,.F.,(3,3),(0.,1.),.PIECEWISE_BEZIER_KNOTS.);
#595 = CARTESIAN_POINT('',(-0.42837547092,-3.680665801187,10.));
#596 = CARTESIAN_POINT('',(-0.578458927893,-3.890977373887,10.));
#597 = CARTESIAN_POINT('',(-0.831333556973,-3.99390764095,10.));
#598 = ORIENTED_EDGE('',*,*,#599,.T.);
#599 = EDGE_CURVE('',#592,#600,#602,.T.);
#600 = VERTEX_POINT('',#601);
#601 = CARTESIAN_POINT('',(-0.224462266172,-5.063130563798,10.));
#602 = LINE('',#603,#604);
#603 = CARTESIAN_POINT('',(-0.831333556973,-3.99390764095,10.));
#604 = VECTOR('',#605,1.);
#605 = DIRECTION('',(0.493614770375,-0.869680664651,0.));
#606 = ORIENTED_EDGE('',*,*,#607,.T.);
#607 = EDGE_CURVE('',#600,#608,#610,.T.);
#608 = VERTEX_POINT('',#609);
#609 = CARTESIAN_POINT('',(-0.211387340356,-5.110144658754,10.));
#610 = B_SPLINE_CURVE_WITH_KNOTS('',2,(#611,#612,#613),.UNSPECIFIED.,.F.
  ,.F.,(3,3),(0.,1.),.PIECEWISE_BEZIER_KNOTS.);
#611 = CARTESIAN_POINT('',(-0.224462266172,-5.063130563798,10.));
#612 = CARTESIAN_POINT('',(-0.211387340356,-5.088724035608,10.));
#613 = CARTESIAN_POINT('',(-0.211387340356,-5.110144658754,10.));
#614 = ORIENTED_EDGE('',*,*,#615,.T.);
#615 = EDGE_CURVE('',#608,#616,#618,.T.);
#616 = VERTEX_POINT('',#617);
#617 = CARTESIAN_POINT('',(-0.237119907122,-5.172320103858,10.));
#618 = B_SPLINE_CURVE_WITH_KNOTS('',2,(#619,#620,#621),.UNSPECIFIED.,.F.
  ,.F.,(3,3),(0.,1.),.PIECEWISE_BEZIER_KNOTS.);
#619 = CARTESIAN_POINT('',(-0.211387340356,-5.110144658754,10.));
#620 = CARTESIAN_POINT('',(-0.211387340356,-5.14450111276,10.));
#621 = CARTESIAN_POINT('',(-0.237119907122,-5.172320103858,10.));
#622 = ORIENTED_EDGE('',*,*,#623,.T.);
#623 = EDGE_CURVE('',#616,#624,#626,.T.);
#624 = VERTEX_POINT('',#625);
#625 = CARTESIAN_POINT('',(-0.301520871513,-5.2,10.));
#626 = B_SPLINE_CURVE_WITH_KNOTS('',2,(#627,#628,#629),.UNSPECIFIED.,.F.
  ,.F.,(3,3),(0.,1.),.PIECEWISE_BEZIER_KNOTS.);
#627 = CARTESIAN_POINT('',(-0.237119907122,-5.172320103858,10.));
#628 = CARTESIAN_POINT('',(-0.262852473887,-5.2,10.));
#629 = CARTESIAN_POINT('',(-0.301520871513,-5.2,10.));
#630 = ORIENTED_EDGE('',*,*,#631,.T.);
#631 = EDGE_CURVE('',#624,#632,#634,.T.);
#632 = VERTEX_POINT('',#633);
#633 = CARTESIAN_POINT('',(-0.777225619288,-5.2,10.));
#634 = LINE('',#635,#636);
#635 = CARTESIAN_POINT('',(-0.301520871513,-5.2,10.));
#636 = VECTOR('',#637,1.);
#637 = DIRECTION('',(-1.,0.,0.));
#638 = ORIENTED_EDGE('',*,*,#639,.T.);
#639 = EDGE_CURVE('',#632,#640,#642,.T.);
#640 = VERTEX_POINT('',#641);
#641 = CARTESIAN_POINT('',(-0.892952622255,-5.159384272997,10.));
#642 = B_SPLINE_CURVE_WITH_KNOTS('',2,(#643,#644,#645),.UNSPECIFIED.,.F.
  ,.F.,(3,3),(0.,1.),.PIECEWISE_BEZIER_KNOTS.);
#643 = CARTESIAN_POINT('',(-0.777225619288,-5.2,10.));
#644 = CARTESIAN_POINT('',(-0.854284224629,-5.2,10.));
#645 = CARTESIAN_POINT('',(-0.892952622255,-5.159384272997,10.));
#646 = ORIENTED_EDGE('',*,*,#647,.T.);
#647 = EDGE_CURVE('',#640,#648,#650,.T.);
#648 = VERTEX_POINT('',#649);
#649 = CARTESIAN_POINT('',(-0.948590604451,-5.084551186944,10.));
#650 = B_SPLINE_CURVE_WITH_KNOTS('',2,(#651,#652,#653),.UNSPECIFIED.,.F.
  ,.F.,(3,3),(0.,1.),.PIECEWISE_BEZIER_KNOTS.);
#651 = CARTESIAN_POINT('',(-0.892952622255,-5.159384272997,10.));
#652 = CARTESIAN_POINT('',(-0.931481924926,-5.118768545994,10.));
#653 = CARTESIAN_POINT('',(-0.948590604451,-5.084551186944,10.));
#654 = ORIENTED_EDGE('',*,*,#655,.T.);
#655 = EDGE_CURVE('',#648,#656,#658,.T.);
#656 = VERTEX_POINT('',#657);
#657 = CARTESIAN_POINT('',(-1.471587637092,-4.105044510386,10.));
#658 = LINE('',#659,#660);
#659 = CARTESIAN_POINT('',(-0.948590604451,-5.084551186944,10.));
#660 = VECTOR('',#661,1.);
#661 = DIRECTION('',(-0.47100429513,0.88213091657,0.));
#662 = ORIENTED_EDGE('',*,*,#663,.T.);
#663 = EDGE_CURVE('',#656,#664,#666,.T.);
#664 = VERTEX_POINT('',#665);
#665 = CARTESIAN_POINT('',(-1.987351732047,-4.105044510386,10.));
#666 = LINE('',#667,#668);
#667 = CARTESIAN_POINT('',(-1.471587637092,-4.105044510386,10.));
#668 = VECTOR('',#669,1.);
#669 = DIRECTION('',(-1.,0.,0.));
#670 = ORIENTED_EDGE('',*,*,#671,.T.);
#671 = EDGE_CURVE('',#664,#672,#674,.T.);
#672 = VERTEX_POINT('',#673);
#673 = CARTESIAN_POINT('',(-1.987351732047,-5.093035979228,10.));
#674 = LINE('',#675,#676);
#675 = CARTESIAN_POINT('',(-1.987351732047,-4.105044510386,10.));
#676 = VECTOR('',#677,1.);
#677 = DIRECTION('',(0.,-1.,0.));
#678 = ORIENTED_EDGE('',*,*,#679,.T.);
#679 = EDGE_CURVE('',#672,#680,#682,.T.);
#680 = VERTEX_POINT('',#681);
#681 = CARTESIAN_POINT('',(-2.017118052522,-5.17009458457,10.));
#682 = B_SPLINE_CURVE_WITH_KNOTS('',2,(#683,#684,#685),.UNSPECIFIED.,.F.
  ,.F.,(3,3),(0.,1.),.PIECEWISE_BEZIER_KNOTS.);
#683 = CARTESIAN_POINT('',(-1.987351732047,-5.093035979228,10.));
#684 = CARTESIAN_POINT('',(-1.987351732047,-5.140189169139,10.));
#685 = CARTESIAN_POINT('',(-2.017118052522,-5.17009458457,10.));
#686 = ORIENTED_EDGE('',*,*,#687,.T.);
#687 = EDGE_CURVE('',#680,#510,#688,.T.);
#688 = B_SPLINE_CURVE_WITH_KNOTS('',2,(#689,#690,#691),.UNSPECIFIED.,.F.
  ,.F.,(3,3),(0.,1.),.PIECEWISE_BEZIER_KNOTS.);
#689 = CARTESIAN_POINT('',(-2.017118052522,-5.17009458457,10.));
#690 = CARTESIAN_POINT('',(-2.046884372997,-5.2,10.));
#691 = CARTESIAN_POINT('',(-2.093759372997,-5.2,10.));
#692 = FACE_BOUND('',#693,.T.);
#693 = EDGE_LOOP('',(#694,#704,#712,#720,#728,#736,#744,#752,#760,#768,
    #776,#784,#792,#800,#808,#816,#824,#832,#840,#848,#856,#864,#872,
    #880,#888,#896,#904,#912));
#694 = ORIENTED_EDGE('',*,*,#695,.T.);
#695 = EDGE_CURVE('',#696,#698,#700,.T.);
#696 = VERTEX_POINT('',#697);
#697 = CARTESIAN_POINT('',(2.224582615134,-5.2,10.));
#698 = VERTEX_POINT('',#699);
#699 = CARTESIAN_POINT('',(0.253050716024,-5.2,10.));
#700 = LINE('',#701,#702);
#701 = CARTESIAN_POINT('',(2.224582615134,-5.2,10.));
#702 = VECTOR('',#703,1.);
#703 = DIRECTION('',(-1.,0.,0.));
#704 = ORIENTED_EDGE('',*,*,#705,.T.);
#705 = EDGE_CURVE('',#698,#706,#708,.T.);
#706 = VERTEX_POINT('',#707);
#707 = CARTESIAN_POINT('',(0.175992110682,-5.17009458457,10.));
#708 = B_SPLINE_CURVE_WITH_KNOTS('',2,(#709,#710,#711),.UNSPECIFIED.,.F.
  ,.F.,(3,3),(0.,1.),.PIECEWISE_BEZIER_KNOTS.);
#709 = CARTESIAN_POINT('',(0.253050716024,-5.2,10.));
#710 = CARTESIAN_POINT('',(0.205897526113,-5.2,10.));
#711 = CARTESIAN_POINT('',(0.175992110682,-5.17009458457,10.));
#712 = ORIENTED_EDGE('',*,*,#713,.T.);
#713 = EDGE_CURVE('',#706,#714,#716,.T.);
#714 = VERTEX_POINT('',#715);
#715 = CARTESIAN_POINT('',(0.146086695252,-5.092757789318,10.));
#716 = B_SPLINE_CURVE_WITH_KNOTS('',2,(#717,#718,#719),.UNSPECIFIED.,.F.
  ,.F.,(3,3),(0.,1.),.PIECEWISE_BEZIER_KNOTS.);
#717 = CARTESIAN_POINT('',(0.175992110682,-5.17009458457,10.));
#718 = CARTESIAN_POINT('',(0.146086695252,-5.140050074184,10.));
#719 = CARTESIAN_POINT('',(0.146086695252,-5.092757789318,10.));
#720 = ORIENTED_EDGE('',*,*,#721,.T.);
#721 = EDGE_CURVE('',#714,#722,#724,.T.);
#722 = VERTEX_POINT('',#723);
#723 = CARTESIAN_POINT('',(0.146086695252,-2.307103115727,10.));
#724 = LINE('',#725,#726);
#725 = CARTESIAN_POINT('',(0.146086695252,-5.092757789318,10.));
#726 = VECTOR('',#727,1.);
#727 = DIRECTION('',(0.,1.,0.));
#728 = ORIENTED_EDGE('',*,*,#729,.T.);
#729 = EDGE_CURVE('',#722,#730,#732,.T.);
#730 = VERTEX_POINT('',#731);
#731 = CARTESIAN_POINT('',(0.175992110682,-2.230044510386,10.));
#732 = B_SPLINE_CURVE_WITH_KNOTS('',2,(#733,#734,#735),.UNSPECIFIED.,.F.
  ,.F.,(3,3),(0.,1.),.PIECEWISE_BEZIER_KNOTS.);
#733 = CARTESIAN_POINT('',(0.146086695252,-2.307103115727,10.));
#734 = CARTESIAN_POINT('',(0.146086695252,-2.259949925816,10.));
#735 = CARTESIAN_POINT('',(0.175992110682,-2.230044510386,10.));
#736 = ORIENTED_EDGE('',*,*,#737,.T.);
#737 = EDGE_CURVE('',#730,#738,#740,.T.);
#738 = VERTEX_POINT('',#739);
#739 = CARTESIAN_POINT('',(0.252911621068,-2.2,10.));
#740 = B_SPLINE_CURVE_WITH_KNOTS('',2,(#741,#742,#743),.UNSPECIFIED.,.F.
  ,.F.,(3,3),(0.,1.),.PIECEWISE_BEZIER_KNOTS.);
#741 = CARTESIAN_POINT('',(0.175992110682,-2.230044510386,10.));
#742 = CARTESIAN_POINT('',(0.205897526113,-2.2,10.));
#743 = CARTESIAN_POINT('',(0.252911621068,-2.2,10.));
#744 = ORIENTED_EDGE('',*,*,#745,.T.);
#745 = EDGE_CURVE('',#738,#746,#748,.T.);
#746 = VERTEX_POINT('',#747);
#747 = CARTESIAN_POINT('',(2.189113401484,-2.2,10.));
#748 = LINE('',#749,#750);
#749 = CARTESIAN_POINT('',(0.252911621068,-2.2,10.));
#750 = VECTOR('',#751,1.);
#751 = DIRECTION('',(1.,0.,0.));
#752 = ORIENTED_EDGE('',*,*,#753,.T.);
#753 = EDGE_CURVE('',#746,#754,#756,.T.);
#754 = VERTEX_POINT('',#755);
#755 = CARTESIAN_POINT('',(2.266032911869,-2.230044510386,10.));
#756 = B_SPLINE_CURVE_WITH_KNOTS('',2,(#757,#758,#759),.UNSPECIFIED.,.F.
  ,.F.,(3,3),(0.,1.),.PIECEWISE_BEZIER_KNOTS.);
#757 = CARTESIAN_POINT('',(2.189113401484,-2.2,10.));
#758 = CARTESIAN_POINT('',(2.236127496439,-2.2,10.));
#759 = CARTESIAN_POINT('',(2.266032911869,-2.230044510386,10.));
#760 = ORIENTED_EDGE('',*,*,#761,.T.);
#761 = EDGE_CURVE('',#754,#762,#764,.T.);
#762 = VERTEX_POINT('',#763);
#763 = CARTESIAN_POINT('',(2.2959383273,-2.306964020772,10.));
#764 = B_SPLINE_CURVE_WITH_KNOTS('',2,(#765,#766,#767),.UNSPECIFIED.,.F.
  ,.F.,(3,3),(0.,1.),.PIECEWISE_BEZIER_KNOTS.);
#765 = CARTESIAN_POINT('',(2.266032911869,-2.230044510386,10.));
#766 = CARTESIAN_POINT('',(2.2959383273,-2.259949925816,10.));
#767 = CARTESIAN_POINT('',(2.2959383273,-2.306964020772,10.));
#768 = ORIENTED_EDGE('',*,*,#769,.T.);
#769 = EDGE_CURVE('',#762,#770,#772,.T.);
#770 = VERTEX_POINT('',#771);
#771 = CARTESIAN_POINT('',(2.2959383273,-2.649276706231,10.));
#772 = LINE('',#773,#774);
#773 = CARTESIAN_POINT('',(2.2959383273,-2.306964020772,10.));
#774 = VECTOR('',#775,1.);
#775 = DIRECTION('',(0.,-1.,0.));
#776 = ORIENTED_EDGE('',*,*,#777,.T.);
#777 = EDGE_CURVE('',#770,#778,#780,.T.);
#778 = VERTEX_POINT('',#779);
#779 = CARTESIAN_POINT('',(2.266032911869,-2.722023367953,10.));
#780 = B_SPLINE_CURVE_WITH_KNOTS('',2,(#781,#782,#783),.UNSPECIFIED.,.F.
  ,.F.,(3,3),(0.,1.),.PIECEWISE_BEZIER_KNOTS.);
#781 = CARTESIAN_POINT('',(2.2959383273,-2.649276706231,10.));
#782 = CARTESIAN_POINT('',(2.2959383273,-2.691978857567,10.));
#783 = CARTESIAN_POINT('',(2.266032911869,-2.722023367953,10.));
#784 = ORIENTED_EDGE('',*,*,#785,.T.);
#785 = EDGE_CURVE('',#778,#786,#788,.T.);
#786 = VERTEX_POINT('',#787);
#787 = CARTESIAN_POINT('',(2.189113401484,-2.751928783383,10.));
#788 = B_SPLINE_CURVE_WITH_KNOTS('',2,(#789,#790,#791),.UNSPECIFIED.,.F.
  ,.F.,(3,3),(0.,1.),.PIECEWISE_BEZIER_KNOTS.);
#789 = CARTESIAN_POINT('',(2.266032911869,-2.722023367953,10.));
#790 = CARTESIAN_POINT('',(2.236127496439,-2.751928783383,10.));
#791 = CARTESIAN_POINT('',(2.189113401484,-2.751928783383,10.));
#792 = ORIENTED_EDGE('',*,*,#793,.T.);
#793 = EDGE_CURVE('',#786,#794,#796,.T.);
#794 = VERTEX_POINT('',#795);
#795 = CARTESIAN_POINT('',(0.804144929674,-2.751928783383,10.));
#796 = LINE('',#797,#798);
#797 = CARTESIAN_POINT('',(2.189113401484,-2.751928783383,10.));
#798 = VECTOR('',#799,1.);
#799 = DIRECTION('',(-1.,0.,0.));
#800 = ORIENTED_EDGE('',*,*,#801,.T.);
#801 = EDGE_CURVE('',#794,#802,#804,.T.);
#802 = VERTEX_POINT('',#803);
#803 = CARTESIAN_POINT('',(0.804144929674,-3.428486646884,10.));
#804 = LINE('',#805,#806);
#805 = CARTESIAN_POINT('',(0.804144929674,-2.751928783383,10.));
#806 = VECTOR('',#807,1.);
#807 = DIRECTION('',(0.,-1.,0.));
#808 = ORIENTED_EDGE('',*,*,#809,.T.);
#809 = EDGE_CURVE('',#802,#810,#812,.T.);
#810 = VERTEX_POINT('',#811);
#811 = CARTESIAN_POINT('',(2.095641591395,-3.428486646884,10.));
#812 = LINE('',#813,#814);
#813 = CARTESIAN_POINT('',(0.804144929674,-3.428486646884,10.));
#814 = VECTOR('',#815,1.);
#815 = DIRECTION('',(1.,0.,0.));
#816 = ORIENTED_EDGE('',*,*,#817,.T.);
#817 = EDGE_CURVE('',#810,#818,#820,.T.);
#818 = VERTEX_POINT('',#819);
#819 = CARTESIAN_POINT('',(2.17256110178,-3.458392062315,10.));
#820 = B_SPLINE_CURVE_WITH_KNOTS('',2,(#821,#822,#823),.UNSPECIFIED.,.F.
  ,.F.,(3,3),(0.,1.),.PIECEWISE_BEZIER_KNOTS.);
#821 = CARTESIAN_POINT('',(2.095641591395,-3.428486646884,10.));
#822 = CARTESIAN_POINT('',(2.14265568635,-3.428486646884,10.));
#823 = CARTESIAN_POINT('',(2.17256110178,-3.458392062315,10.));
#824 = ORIENTED_EDGE('',*,*,#825,.T.);
#825 = EDGE_CURVE('',#818,#826,#828,.T.);
#826 = VERTEX_POINT('',#827);
#827 = CARTESIAN_POINT('',(2.202466517211,-3.5353115727,10.));
#828 = B_SPLINE_CURVE_WITH_KNOTS('',2,(#829,#830,#831),.UNSPECIFIED.,.F.
  ,.F.,(3,3),(0.,1.),.PIECEWISE_BEZIER_KNOTS.);
#829 = CARTESIAN_POINT('',(2.17256110178,-3.458392062315,10.));
#830 = CARTESIAN_POINT('',(2.202466517211,-3.488297477745,10.));
#831 = CARTESIAN_POINT('',(2.202466517211,-3.5353115727,10.));
#832 = ORIENTED_EDGE('',*,*,#833,.T.);
#833 = EDGE_CURVE('',#826,#834,#836,.T.);
#834 = VERTEX_POINT('',#835);
#835 = CARTESIAN_POINT('',(2.202466517211,-3.851196216617,10.));
#836 = LINE('',#837,#838);
#837 = CARTESIAN_POINT('',(2.202466517211,-3.5353115727,10.));
#838 = VECTOR('',#839,1.);
#839 = DIRECTION('',(0.,-1.,0.));
#840 = ORIENTED_EDGE('',*,*,#841,.T.);
#841 = EDGE_CURVE('',#834,#842,#844,.T.);
#842 = VERTEX_POINT('',#843);
#843 = CARTESIAN_POINT('',(2.17256110178,-3.923803783383,10.));
#844 = B_SPLINE_CURVE_WITH_KNOTS('',2,(#845,#846,#847),.UNSPECIFIED.,.F.
  ,.F.,(3,3),(0.,1.),.PIECEWISE_BEZIER_KNOTS.);
#845 = CARTESIAN_POINT('',(2.202466517211,-3.851196216617,10.));
#846 = CARTESIAN_POINT('',(2.202466517211,-3.893898367953,10.));
#847 = CARTESIAN_POINT('',(2.17256110178,-3.923803783383,10.));
#848 = ORIENTED_EDGE('',*,*,#849,.T.);
#849 = EDGE_CURVE('',#842,#850,#852,.T.);
#850 = VERTEX_POINT('',#851);
#851 = CARTESIAN_POINT('',(2.095641591395,-3.953709198813,10.));
#852 = B_SPLINE_CURVE_WITH_KNOTS('',2,(#853,#854,#855),.UNSPECIFIED.,.F.
  ,.F.,(3,3),(0.,1.),.PIECEWISE_BEZIER_KNOTS.);
#853 = CARTESIAN_POINT('',(2.17256110178,-3.923803783383,10.));
#854 = CARTESIAN_POINT('',(2.14265568635,-3.953709198813,10.));
#855 = CARTESIAN_POINT('',(2.095641591395,-3.953709198813,10.));
#856 = ORIENTED_EDGE('',*,*,#857,.T.);
#857 = EDGE_CURVE('',#850,#858,#860,.T.);
#858 = VERTEX_POINT('',#859);
#859 = CARTESIAN_POINT('',(0.804144929674,-3.953709198813,10.));
#860 = LINE('',#861,#862);
#861 = CARTESIAN_POINT('',(2.095641591395,-3.953709198813,10.));
#862 = VECTOR('',#863,1.);
#863 = DIRECTION('',(-1.,0.,0.));
#864 = ORIENTED_EDGE('',*,*,#865,.T.);
#865 = EDGE_CURVE('',#858,#866,#868,.T.);
#866 = VERTEX_POINT('',#867);
#867 = CARTESIAN_POINT('',(0.804144929674,-4.648071216617,10.));
#868 = LINE('',#869,#870);
#869 = CARTESIAN_POINT('',(0.804144929674,-3.953709198813,10.));
#870 = VECTOR('',#871,1.);
#871 = DIRECTION('',(0.,-1.,0.));
#872 = ORIENTED_EDGE('',*,*,#873,.T.);
#873 = EDGE_CURVE('',#866,#874,#876,.T.);
#874 = VERTEX_POINT('',#875);
#875 = CARTESIAN_POINT('',(2.224582615134,-4.648071216617,10.));
#876 = LINE('',#877,#878);
#877 = CARTESIAN_POINT('',(0.804144929674,-4.648071216617,10.));
#878 = VECTOR('',#879,1.);
#879 = DIRECTION('',(1.,0.,0.));
#880 = ORIENTED_EDGE('',*,*,#881,.T.);
#881 = EDGE_CURVE('',#874,#882,#884,.T.);
#882 = VERTEX_POINT('',#883);
#883 = CARTESIAN_POINT('',(2.301641220475,-4.678115727003,10.));
#884 = B_SPLINE_CURVE_WITH_KNOTS('',2,(#885,#886,#887),.UNSPECIFIED.,.F.
  ,.F.,(3,3),(0.,1.),.PIECEWISE_BEZIER_KNOTS.);
#885 = CARTESIAN_POINT('',(2.224582615134,-4.648071216617,10.));
#886 = CARTESIAN_POINT('',(2.271735805045,-4.648071216617,10.));
#887 = CARTESIAN_POINT('',(2.301641220475,-4.678115727003,10.));
#888 = ORIENTED_EDGE('',*,*,#889,.T.);
#889 = EDGE_CURVE('',#882,#890,#892,.T.);
#890 = VERTEX_POINT('',#891);
#891 = CARTESIAN_POINT('',(2.331546635905,-4.755035237389,10.));
#892 = B_SPLINE_CURVE_WITH_KNOTS('',2,(#893,#894,#895),.UNSPECIFIED.,.F.
  ,.F.,(3,3),(0.,1.),.PIECEWISE_BEZIER_KNOTS.);
#893 = CARTESIAN_POINT('',(2.301641220475,-4.678115727003,10.));
#894 = CARTESIAN_POINT('',(2.331546635905,-4.708021142433,10.));
#895 = CARTESIAN_POINT('',(2.331546635905,-4.755035237389,10.));
#896 = ORIENTED_EDGE('',*,*,#897,.T.);
#897 = EDGE_CURVE('',#890,#898,#900,.T.);
#898 = VERTEX_POINT('',#899);
#899 = CARTESIAN_POINT('',(2.331546635905,-5.093035979228,10.));
#900 = LINE('',#901,#902);
#901 = CARTESIAN_POINT('',(2.331546635905,-4.755035237389,10.));
#902 = VECTOR('',#903,1.);
#903 = DIRECTION('',(0.,-1.,0.));
#904 = ORIENTED_EDGE('',*,*,#905,.T.);
#905 = EDGE_CURVE('',#898,#906,#908,.T.);
#906 = VERTEX_POINT('',#907);
#907 = CARTESIAN_POINT('',(2.301641220475,-5.17009458457,10.));
#908 = B_SPLINE_CURVE_WITH_KNOTS('',2,(#909,#910,#911),.UNSPECIFIED.,.F.
  ,.F.,(3,3),(0.,1.),.PIECEWISE_BEZIER_KNOTS.);
#909 = CARTESIAN_POINT('',(2.331546635905,-5.093035979228,10.));
#910 = CARTESIAN_POINT('',(2.331546635905,-5.140050074184,10.));
#911 = CARTESIAN_POINT('',(2.301641220475,-5.17009458457,10.));
#912 = ORIENTED_EDGE('',*,*,#913,.T.);
#913 = EDGE_CURVE('',#906,#696,#914,.T.);
#914 = B_SPLINE_CURVE_WITH_KNOTS('',2,(#915,#916,#917),.UNSPECIFIED.,.F.
  ,.F.,(3,3),(0.,1.),.PIECEWISE_BEZIER_KNOTS.);
#915 = CARTESIAN_POINT('',(2.301641220475,-5.17009458457,10.));
#916 = CARTESIAN_POINT('',(2.271735805045,-5.2,10.));
#917 = CARTESIAN_POINT('',(2.224582615134,-5.2,10.));
#918 = FACE_BOUND('',#919,.T.);
#919 = EDGE_LOOP('',(#920,#930,#938,#946,#954,#962,#970,#978,#986,#994,
    #1002,#1010,#1018,#1026,#1034,#1042,#1050,#1058,#1066,#1074,#1082,
    #1090,#1098,#1106,#1114,#1122,#1130,#1138,#1146,#1154,#1162,#1170,
    #1178));
#920 = ORIENTED_EDGE('',*,*,#921,.T.);
#921 = EDGE_CURVE('',#922,#924,#926,.T.);
#922 = VERTEX_POINT('',#923);
#923 = CARTESIAN_POINT('',(3.272663104748,-5.2,10.));
#924 = VERTEX_POINT('',#925);
#925 = CARTESIAN_POINT('',(2.839660508309,-5.2,10.));
#926 = LINE('',#927,#928);
#927 = CARTESIAN_POINT('',(3.272663104748,-5.2,10.));
#928 = VECTOR('',#929,1.);
#929 = DIRECTION('',(-1.,0.,0.));
#930 = ORIENTED_EDGE('',*,*,#931,.T.);
#931 = EDGE_CURVE('',#924,#932,#934,.T.);
#932 = VERTEX_POINT('',#933);
#933 = CARTESIAN_POINT('',(2.765383802077,-5.17009458457,10.));
#934 = B_SPLINE_CURVE_WITH_KNOTS('',2,(#935,#936,#937),.UNSPECIFIED.,.F.
  ,.F.,(3,3),(0.,1.),.PIECEWISE_BEZIER_KNOTS.);
#935 = CARTESIAN_POINT('',(2.839660508309,-5.2,10.));
#936 = CARTESIAN_POINT('',(2.797236546884,-5.2,10.));
#937 = CARTESIAN_POINT('',(2.765383802077,-5.17009458457,10.));
#938 = ORIENTED_EDGE('',*,*,#939,.T.);
#939 = EDGE_CURVE('',#932,#940,#942,.T.);
#940 = VERTEX_POINT('',#941);
#941 = CARTESIAN_POINT('',(2.73353105727,-5.092757789318,10.));
#942 = B_SPLINE_CURVE_WITH_KNOTS('',2,(#943,#944,#945),.UNSPECIFIED.,.F.
  ,.F.,(3,3),(0.,1.),.PIECEWISE_BEZIER_KNOTS.);
#943 = CARTESIAN_POINT('',(2.765383802077,-5.17009458457,10.));
#944 = CARTESIAN_POINT('',(2.73353105727,-5.140050074184,10.));
#945 = CARTESIAN_POINT('',(2.73353105727,-5.092757789318,10.));
#946 = ORIENTED_EDGE('',*,*,#947,.T.);
#947 = EDGE_CURVE('',#940,#948,#950,.T.);
#948 = VERTEX_POINT('',#949);
#949 = CARTESIAN_POINT('',(2.73353105727,-2.307103115727,10.));
#950 = LINE('',#951,#952);
#951 = CARTESIAN_POINT('',(2.73353105727,-5.092757789318,10.));
#952 = VECTOR('',#953,1.);
#953 = DIRECTION('',(0.,1.,0.));
#954 = ORIENTED_EDGE('',*,*,#955,.T.);
#955 = EDGE_CURVE('',#948,#956,#958,.T.);
#956 = VERTEX_POINT('',#957);
#957 = CARTESIAN_POINT('',(2.765522897033,-2.230044510386,10.));
#958 = B_SPLINE_CURVE_WITH_KNOTS('',2,(#959,#960,#961),.UNSPECIFIED.,.F.
  ,.F.,(3,3),(0.,1.),.PIECEWISE_BEZIER_KNOTS.);
#959 = CARTESIAN_POINT('',(2.73353105727,-2.307103115727,10.));
#960 = CARTESIAN_POINT('',(2.73353105727,-2.259949925816,10.));
#961 = CARTESIAN_POINT('',(2.765522897033,-2.230044510386,10.));
#962 = ORIENTED_EDGE('',*,*,#963,.T.);
#963 = EDGE_CURVE('',#956,#964,#966,.T.);
#964 = VERTEX_POINT('',#965);
#965 = CARTESIAN_POINT('',(2.840355983086,-2.2,10.));
#966 = B_SPLINE_CURVE_WITH_KNOTS('',2,(#967,#968,#969),.UNSPECIFIED.,.F.
  ,.F.,(3,3),(0.,1.),.PIECEWISE_BEZIER_KNOTS.);
#967 = CARTESIAN_POINT('',(2.765522897033,-2.230044510386,10.));
#968 = CARTESIAN_POINT('',(2.797653831751,-2.2,10.));
#969 = CARTESIAN_POINT('',(2.840355983086,-2.2,10.));
#970 = ORIENTED_EDGE('',*,*,#971,.T.);
#971 = EDGE_CURVE('',#964,#972,#974,.T.);
#972 = VERTEX_POINT('',#973);
#973 = CARTESIAN_POINT('',(3.237611175964,-2.2,10.));
#974 = LINE('',#975,#976);
#975 = CARTESIAN_POINT('',(2.840355983086,-2.2,10.));
#976 = VECTOR('',#977,1.);
#977 = DIRECTION('',(1.,0.,0.));
#978 = ORIENTED_EDGE('',*,*,#979,.T.);
#979 = EDGE_CURVE('',#972,#980,#982,.T.);
#980 = VERTEX_POINT('',#981);
#981 = CARTESIAN_POINT('',(3.333725790208,-2.23421735905,10.));
#982 = B_SPLINE_CURVE_WITH_KNOTS('',2,(#983,#984,#985),.UNSPECIFIED.,.F.
  ,.F.,(3,3),(0.,1.),.PIECEWISE_BEZIER_KNOTS.);
#983 = CARTESIAN_POINT('',(3.237611175964,-2.2,10.));
#984 = CARTESIAN_POINT('',(3.301733950445,-2.2,10.));
#985 = CARTESIAN_POINT('',(3.333725790208,-2.23421735905,10.));
#986 = ORIENTED_EDGE('',*,*,#987,.T.);
#987 = EDGE_CURVE('',#980,#988,#990,.T.);
#988 = VERTEX_POINT('',#989);
#989 = CARTESIAN_POINT('',(3.378653460831,-2.285821587537,10.));
#990 = B_SPLINE_CURVE_WITH_KNOTS('',2,(#991,#992,#993),.UNSPECIFIED.,.F.
  ,.F.,(3,3),(0.,1.),.PIECEWISE_BEZIER_KNOTS.);
#991 = CARTESIAN_POINT('',(3.333725790208,-2.23421735905,10.));
#992 = CARTESIAN_POINT('',(3.365856724926,-2.268434718101,10.));
#993 = CARTESIAN_POINT('',(3.378653460831,-2.285821587537,10.));
#994 = ORIENTED_EDGE('',*,*,#995,.T.);
#995 = EDGE_CURVE('',#988,#996,#998,.T.);
#996 = VERTEX_POINT('',#997);
#997 = CARTESIAN_POINT('',(4.164679054303,-3.738668397626,10.));
#998 = LINE('',#999,#1000);
#999 = CARTESIAN_POINT('',(3.378653460831,-2.285821587537,10.));
#1000 = VECTOR('',#1001,1.);
#1001 = DIRECTION('',(0.475846350483,-0.879528425198,0.));
#1002 = ORIENTED_EDGE('',*,*,#1003,.T.);
#1003 = EDGE_CURVE('',#996,#1004,#1006,.T.);
#1004 = VERTEX_POINT('',#1005);
#1005 = CARTESIAN_POINT('',(4.959189440059,-2.285821587537,10.));
#1006 = LINE('',#1007,#1008);
#1007 = CARTESIAN_POINT('',(4.164679054303,-3.738668397626,10.));
#1008 = VECTOR('',#1009,1.);
#1009 = DIRECTION('',(0.479805269613,0.877375007196,0.));
#1010 = ORIENTED_EDGE('',*,*,#1011,.T.);
#1011 = EDGE_CURVE('',#1004,#1012,#1014,.T.);
#1012 = VERTEX_POINT('',#1013);
#1013 = CARTESIAN_POINT('',(4.999805167062,-2.23421735905,10.));
#1014 = B_SPLINE_CURVE_WITH_KNOTS('',2,(#1015,#1016,#1017),
  .UNSPECIFIED.,.F.,.F.,(3,3),(0.,1.),.PIECEWISE_BEZIER_KNOTS.);
#1015 = CARTESIAN_POINT('',(4.959189440059,-2.285821587537,10.));
#1016 = CARTESIAN_POINT('',(4.9678133273,-2.268434718101,10.));
#1017 = CARTESIAN_POINT('',(4.999805167062,-2.23421735905,10.));
#1018 = ORIENTED_EDGE('',*,*,#1019,.T.);
#1019 = EDGE_CURVE('',#1012,#1020,#1022,.T.);
#1020 = VERTEX_POINT('',#1021);
#1021 = CARTESIAN_POINT('',(5.095919781306,-2.2,10.));
#1022 = B_SPLINE_CURVE_WITH_KNOTS('',2,(#1023,#1024,#1025),
  .UNSPECIFIED.,.F.,.F.,(3,3),(0.,1.),.PIECEWISE_BEZIER_KNOTS.);
#1023 = CARTESIAN_POINT('',(4.999805167062,-2.23421735905,10.));
#1024 = CARTESIAN_POINT('',(5.03193610178,-2.2,10.));
#1025 = CARTESIAN_POINT('',(5.095919781306,-2.2,10.));
#1026 = ORIENTED_EDGE('',*,*,#1027,.T.);
#1027 = EDGE_CURVE('',#1020,#1028,#1030,.T.);
#1028 = VERTEX_POINT('',#1029);
#1029 = CARTESIAN_POINT('',(5.493174974184,-2.2,10.));
#1030 = LINE('',#1031,#1032);
#1031 = CARTESIAN_POINT('',(5.095919781306,-2.2,10.));
#1032 = VECTOR('',#1033,1.);
#1033 = DIRECTION('',(1.,0.,0.));
#1034 = ORIENTED_EDGE('',*,*,#1035,.T.);
#1035 = EDGE_CURVE('',#1028,#1036,#1038,.T.);
#1036 = VERTEX_POINT('',#1037);
#1037 = CARTESIAN_POINT('',(5.57009448457,-2.230044510386,10.));
#1038 = B_SPLINE_CURVE_WITH_KNOTS('',2,(#1039,#1040,#1041),
  .UNSPECIFIED.,.F.,.F.,(3,3),(0.,1.),.PIECEWISE_BEZIER_KNOTS.);
#1039 = CARTESIAN_POINT('',(5.493174974184,-2.2,10.));
#1040 = CARTESIAN_POINT('',(5.540189069139,-2.2,10.));
#1041 = CARTESIAN_POINT('',(5.57009448457,-2.230044510386,10.));
#1042 = ORIENTED_EDGE('',*,*,#1043,.T.);
#1043 = EDGE_CURVE('',#1036,#1044,#1046,.T.);
#1044 = VERTEX_POINT('',#1045);
#1045 = CARTESIAN_POINT('',(5.5999999,-2.307103115727,10.));
#1046 = B_SPLINE_CURVE_WITH_KNOTS('',2,(#1047,#1048,#1049),
  .UNSPECIFIED.,.F.,.F.,(3,3),(0.,1.),.PIECEWISE_BEZIER_KNOTS.);
#1047 = CARTESIAN_POINT('',(5.57009448457,-2.230044510386,10.));
#1048 = CARTESIAN_POINT('',(5.5999999,-2.259949925816,10.));
#1049 = CARTESIAN_POINT('',(5.5999999,-2.307103115727,10.));
#1050 = ORIENTED_EDGE('',*,*,#1051,.T.);
#1051 = EDGE_CURVE('',#1044,#1052,#1054,.T.);
#1052 = VERTEX_POINT('',#1053);
#1053 = CARTESIAN_POINT('',(5.5999999,-5.092757789318,10.));
#1054 = LINE('',#1055,#1056);
#1055 = CARTESIAN_POINT('',(5.5999999,-2.307103115727,10.));
#1056 = VECTOR('',#1057,1.);
#1057 = DIRECTION('',(0.,-1.,0.));
#1058 = ORIENTED_EDGE('',*,*,#1059,.T.);
#1059 = EDGE_CURVE('',#1052,#1060,#1062,.T.);
#1060 = VERTEX_POINT('',#1061);
#1061 = CARTESIAN_POINT('',(5.570233579525,-5.17009458457,10.));
#1062 = B_SPLINE_CURVE_WITH_KNOTS('',2,(#1063,#1064,#1065),
  .UNSPECIFIED.,.F.,.F.,(3,3),(0.,1.),.PIECEWISE_BEZIER_KNOTS.);
#1063 = CARTESIAN_POINT('',(5.5999999,-5.092757789318,10.));
#1064 = CARTESIAN_POINT('',(5.5999999,-5.140050074184,10.));
#1065 = CARTESIAN_POINT('',(5.570233579525,-5.17009458457,10.));
#1066 = ORIENTED_EDGE('',*,*,#1067,.T.);
#1067 = EDGE_CURVE('',#1060,#1068,#1070,.T.);
#1068 = VERTEX_POINT('',#1069);
#1069 = CARTESIAN_POINT('',(5.493870448961,-5.2,10.));
#1070 = B_SPLINE_CURVE_WITH_KNOTS('',2,(#1071,#1072,#1073),
  .UNSPECIFIED.,.F.,.F.,(3,3),(0.,1.),.PIECEWISE_BEZIER_KNOTS.);
#1071 = CARTESIAN_POINT('',(5.570233579525,-5.17009458457,10.));
#1072 = CARTESIAN_POINT('',(5.540606354006,-5.2,10.));
#1073 = CARTESIAN_POINT('',(5.493870448961,-5.2,10.));
#1074 = ORIENTED_EDGE('',*,*,#1075,.T.);
#1075 = EDGE_CURVE('',#1068,#1076,#1078,.T.);
#1076 = VERTEX_POINT('',#1077);
#1077 = CARTESIAN_POINT('',(5.060867852522,-5.2,10.));
#1078 = LINE('',#1079,#1080);
#1079 = CARTESIAN_POINT('',(5.493870448961,-5.2,10.));
#1080 = VECTOR('',#1081,1.);
#1081 = DIRECTION('',(-1.,0.,0.));
#1082 = ORIENTED_EDGE('',*,*,#1083,.T.);
#1083 = EDGE_CURVE('',#1076,#1084,#1086,.T.);
#1084 = VERTEX_POINT('',#1085);
#1085 = CARTESIAN_POINT('',(4.988677570623,-5.17009458457,10.));
#1086 = B_SPLINE_CURVE_WITH_KNOTS('',2,(#1087,#1088,#1089),
  .UNSPECIFIED.,.F.,.F.,(3,3),(0.,1.),.PIECEWISE_BEZIER_KNOTS.);
#1087 = CARTESIAN_POINT('',(5.060867852522,-5.2,10.));
#1088 = CARTESIAN_POINT('',(5.018443891098,-5.2,10.));
#1089 = CARTESIAN_POINT('',(4.988677570623,-5.17009458457,10.));
#1090 = ORIENTED_EDGE('',*,*,#1091,.T.);
#1091 = EDGE_CURVE('',#1084,#1092,#1094,.T.);
#1092 = VERTEX_POINT('',#1093);
#1093 = CARTESIAN_POINT('',(4.959050345104,-5.092896884273,10.));
#1094 = B_SPLINE_CURVE_WITH_KNOTS('',2,(#1095,#1096,#1097),
  .UNSPECIFIED.,.F.,.F.,(3,3),(0.,1.),.PIECEWISE_BEZIER_KNOTS.);
#1095 = CARTESIAN_POINT('',(4.988677570623,-5.17009458457,10.));
#1096 = CARTESIAN_POINT('',(4.959050345104,-5.140050074184,10.));
#1097 = CARTESIAN_POINT('',(4.959050345104,-5.092896884273,10.));
#1098 = ORIENTED_EDGE('',*,*,#1099,.T.);
#1099 = EDGE_CURVE('',#1092,#1100,#1102,.T.);
#1100 = VERTEX_POINT('',#1101);
#1101 = CARTESIAN_POINT('',(4.959050345104,-3.361442878338,10.));
#1102 = LINE('',#1103,#1104);
#1103 = CARTESIAN_POINT('',(4.959050345104,-5.092896884273,10.));
#1104 = VECTOR('',#1105,1.);
#1105 = DIRECTION('',(0.,1.,0.));
#1106 = ORIENTED_EDGE('',*,*,#1107,.T.);
#1107 = EDGE_CURVE('',#1100,#1108,#1110,.T.);
#1108 = VERTEX_POINT('',#1109);
#1109 = CARTESIAN_POINT('',(4.413659024629,-4.381565281899,10.));
#1110 = LINE('',#1111,#1112);
#1111 = CARTESIAN_POINT('',(4.959050345104,-3.361442878338,10.));
#1112 = VECTOR('',#1113,1.);
#1113 = DIRECTION('',(-0.471480470104,-0.881876502868,0.));
#1114 = ORIENTED_EDGE('',*,*,#1115,.T.);
#1115 = EDGE_CURVE('',#1108,#1116,#1118,.T.);
#1116 = VERTEX_POINT('',#1117);
#1117 = CARTESIAN_POINT('',(4.357881947478,-4.450139094955,10.));
#1118 = B_SPLINE_CURVE_WITH_KNOTS('',2,(#1119,#1120,#1121),
  .UNSPECIFIED.,.F.,.F.,(3,3),(0.,1.),.PIECEWISE_BEZIER_KNOTS.);
#1119 = CARTESIAN_POINT('',(4.413659024629,-4.381565281899,10.));
#1120 = CARTESIAN_POINT('',(4.392238401484,-4.42009458457,10.));
#1121 = CARTESIAN_POINT('',(4.357881947478,-4.450139094955,10.));
#1122 = ORIENTED_EDGE('',*,*,#1123,.T.);
#1123 = EDGE_CURVE('',#1116,#1124,#1126,.T.);
#1124 = VERTEX_POINT('',#1125);
#1125 = CARTESIAN_POINT('',(4.26774841632,-4.480044510386,10.));
#1126 = B_SPLINE_CURVE_WITH_KNOTS('',2,(#1127,#1128,#1129),
  .UNSPECIFIED.,.F.,.F.,(3,3),(0.,1.),.PIECEWISE_BEZIER_KNOTS.);
#1127 = CARTESIAN_POINT('',(4.357881947478,-4.450139094955,10.));
#1128 = CARTESIAN_POINT('',(4.323525493472,-4.480044510386,10.));
#1129 = CARTESIAN_POINT('',(4.26774841632,-4.480044510386,10.));
#1130 = ORIENTED_EDGE('',*,*,#1131,.T.);
#1131 = EDGE_CURVE('',#1124,#1132,#1134,.T.);
#1132 = VERTEX_POINT('',#1133);
#1133 = CARTESIAN_POINT('',(4.06578254095,-4.480044510386,10.));
#1134 = LINE('',#1135,#1136);
#1135 = CARTESIAN_POINT('',(4.26774841632,-4.480044510386,10.));
#1136 = VECTOR('',#1137,1.);
#1137 = DIRECTION('',(-1.,0.,0.));
#1138 = ORIENTED_EDGE('',*,*,#1139,.T.);
#1139 = EDGE_CURVE('',#1132,#1140,#1142,.T.);
#1140 = VERTEX_POINT('',#1141);
#1141 = CARTESIAN_POINT('',(3.975649009792,-4.450139094955,10.));
#1142 = B_SPLINE_CURVE_WITH_KNOTS('',2,(#1143,#1144,#1145),
  .UNSPECIFIED.,.F.,.F.,(3,3),(0.,1.),.PIECEWISE_BEZIER_KNOTS.);
#1143 = CARTESIAN_POINT('',(4.06578254095,-4.480044510386,10.));
#1144 = CARTESIAN_POINT('',(4.010005463798,-4.480044510386,10.));
#1145 = CARTESIAN_POINT('',(3.975649009792,-4.450139094955,10.));
#1146 = ORIENTED_EDGE('',*,*,#1147,.T.);
#1147 = EDGE_CURVE('',#1140,#1148,#1150,.T.);
#1148 = VERTEX_POINT('',#1149);
#1149 = CARTESIAN_POINT('',(3.919732837685,-4.381565281899,10.));
#1150 = B_SPLINE_CURVE_WITH_KNOTS('',2,(#1151,#1152,#1153),
  .UNSPECIFIED.,.F.,.F.,(3,3),(0.,1.),.PIECEWISE_BEZIER_KNOTS.);
#1151 = CARTESIAN_POINT('',(3.975649009792,-4.450139094955,10.));
#1152 = CARTESIAN_POINT('',(3.941292555786,-4.42009458457,10.));
#1153 = CARTESIAN_POINT('',(3.919732837685,-4.381565281899,10.));
#1154 = ORIENTED_EDGE('',*,*,#1155,.T.);
#1155 = EDGE_CURVE('',#1148,#1156,#1158,.T.);
#1156 = VERTEX_POINT('',#1157);
#1157 = CARTESIAN_POINT('',(3.374480612166,-3.361442878338,10.));
#1158 = LINE('',#1159,#1160);
#1159 = CARTESIAN_POINT('',(3.919732837685,-4.381565281899,10.));
#1160 = VECTOR('',#1161,1.);
#1161 = DIRECTION('',(-0.471386946908,0.881926497098,0.));
#1162 = ORIENTED_EDGE('',*,*,#1163,.T.);
#1163 = EDGE_CURVE('',#1156,#1164,#1166,.T.);
#1164 = VERTEX_POINT('',#1165);
#1165 = CARTESIAN_POINT('',(3.374480612166,-5.092896884273,10.));
#1166 = LINE('',#1167,#1168);
#1167 = CARTESIAN_POINT('',(3.374480612166,-3.361442878338,10.));
#1168 = VECTOR('',#1169,1.);
#1169 = DIRECTION('',(0.,-1.,0.));
#1170 = ORIENTED_EDGE('',*,*,#1171,.T.);
#1171 = EDGE_CURVE('',#1164,#1172,#1174,.T.);
#1172 = VERTEX_POINT('',#1173);
#1173 = CARTESIAN_POINT('',(3.344714291691,-5.17009458457,10.));
#1174 = B_SPLINE_CURVE_WITH_KNOTS('',2,(#1175,#1176,#1177),
  .UNSPECIFIED.,.F.,.F.,(3,3),(0.,1.),.PIECEWISE_BEZIER_KNOTS.);
#1175 = CARTESIAN_POINT('',(3.374480612166,-5.092896884273,10.));
#1176 = CARTESIAN_POINT('',(3.374480612166,-5.140050074184,10.));
#1177 = CARTESIAN_POINT('',(3.344714291691,-5.17009458457,10.));
#1178 = ORIENTED_EDGE('',*,*,#1179,.T.);
#1179 = EDGE_CURVE('',#1172,#922,#1180,.T.);
#1180 = B_SPLINE_CURVE_WITH_KNOTS('',2,(#1181,#1182,#1183),
  .UNSPECIFIED.,.F.,.F.,(3,3),(0.,1.),.PIECEWISE_BEZIER_KNOTS.);
#1181 = CARTESIAN_POINT('',(3.344714291691,-5.17009458457,10.));
#1182 = CARTESIAN_POINT('',(3.315087066172,-5.2,10.));
#1183 = CARTESIAN_POINT('',(3.272663104748,-5.2,10.));
#1184 = FACE_BOUND('',#1185,.T.);
#1185 = EDGE_LOOP('',(#1186,#1196,#1204,#1212,#1220,#1228,#1236,#1244,
    #1252,#1260,#1268,#1276,#1284,#1292,#1300,#1308,#1316,#1324,#1332,
    #1340,#1348,#1356,#1364,#1372,#1380,#1388,#1396,#1404));
#1186 = ORIENTED_EDGE('',*,*,#1187,.T.);
#1187 = EDGE_CURVE('',#1188,#1190,#1192,.T.);
#1188 = VERTEX_POINT('',#1189);
#1189 = CARTESIAN_POINT('',(-0.611869336202,-0.4,10.));
#1190 = VERTEX_POINT('',#1191);
#1191 = CARTESIAN_POINT('',(-4.40059337181,-0.4,10.));
#1192 = LINE('',#1193,#1194);
#1193 = CARTESIAN_POINT('',(-0.611869336202,-0.4,10.));
#1194 = VECTOR('',#1195,1.);
#1195 = DIRECTION('',(-1.,0.,0.));
#1196 = ORIENTED_EDGE('',*,*,#1197,.T.);
#1197 = EDGE_CURVE('',#1190,#1198,#1200,.T.);
#1198 = VERTEX_POINT('',#1199);
#1199 = CARTESIAN_POINT('',(-4.544176457864,-0.340022255193,10.));
#1200 = B_SPLINE_CURVE_WITH_KNOTS('',2,(#1201,#1202,#1203),
  .UNSPECIFIED.,.F.,.F.,(3,3),(0.,1.),.PIECEWISE_BEZIER_KNOTS.);
#1201 = CARTESIAN_POINT('',(-4.40059337181,-0.4,10.));
#1202 = CARTESIAN_POINT('',(-4.488353015727,-0.4,10.));
#1203 = CARTESIAN_POINT('',(-4.544176457864,-0.340022255193,10.));
#1204 = ORIENTED_EDGE('',*,*,#1205,.T.);
#1205 = EDGE_CURVE('',#1198,#1206,#1208,.T.);
#1206 = VERTEX_POINT('',#1207);
#1207 = CARTESIAN_POINT('',(-4.5999999,-0.199814540059,10.));
#1208 = B_SPLINE_CURVE_WITH_KNOTS('',2,(#1209,#1210,#1211),
  .UNSPECIFIED.,.F.,.F.,(3,3),(0.,1.),.PIECEWISE_BEZIER_KNOTS.);
#1209 = CARTESIAN_POINT('',(-4.544176457864,-0.340022255193,10.));
#1210 = CARTESIAN_POINT('',(-4.5999999,-0.280044510386,10.));
#1211 = CARTESIAN_POINT('',(-4.5999999,-0.199814540059,10.));
#1212 = ORIENTED_EDGE('',*,*,#1213,.T.);
#1213 = EDGE_CURVE('',#1206,#1214,#1216,.T.);
#1214 = VERTEX_POINT('',#1215);
#1215 = CARTESIAN_POINT('',(-4.5999999,5.000074183976,10.));
#1216 = LINE('',#1217,#1218);
#1217 = CARTESIAN_POINT('',(-4.5999999,-0.199814540059,10.));
#1218 = VECTOR('',#1219,1.);
#1219 = DIRECTION('',(0.,1.,0.));
#1220 = ORIENTED_EDGE('',*,*,#1221,.T.);
#1221 = EDGE_CURVE('',#1214,#1222,#1224,.T.);
#1222 = VERTEX_POINT('',#1223);
#1223 = CARTESIAN_POINT('',(-4.544176457864,5.143916913947,10.));
#1224 = B_SPLINE_CURVE_WITH_KNOTS('',2,(#1225,#1226,#1227),
  .UNSPECIFIED.,.F.,.F.,(3,3),(0.,1.),.PIECEWISE_BEZIER_KNOTS.);
#1225 = CARTESIAN_POINT('',(-4.5999999,5.000074183976,10.));
#1226 = CARTESIAN_POINT('',(-4.5999999,5.08809347181,10.));
#1227 = CARTESIAN_POINT('',(-4.544176457864,5.143916913947,10.));
#1228 = ORIENTED_EDGE('',*,*,#1229,.T.);
#1229 = EDGE_CURVE('',#1222,#1230,#1232,.T.);
#1230 = VERTEX_POINT('',#1231);
#1231 = CARTESIAN_POINT('',(-4.400853015727,5.2,10.));
#1232 = B_SPLINE_CURVE_WITH_KNOTS('',2,(#1233,#1234,#1235),
  .UNSPECIFIED.,.F.,.F.,(3,3),(0.,1.),.PIECEWISE_BEZIER_KNOTS.);
#1233 = CARTESIAN_POINT('',(-4.544176457864,5.143916913947,10.));
#1234 = CARTESIAN_POINT('',(-4.488353015727,5.2,10.));
#1235 = CARTESIAN_POINT('',(-4.400853015727,5.2,10.));
#1236 = ORIENTED_EDGE('',*,*,#1237,.T.);
#1237 = EDGE_CURVE('',#1230,#1238,#1240,.T.);
#1238 = VERTEX_POINT('',#1239);
#1239 = CARTESIAN_POINT('',(-0.678078535015,5.2,10.));
#1240 = LINE('',#1241,#1242);
#1241 = CARTESIAN_POINT('',(-4.400853015727,5.2,10.));
#1242 = VECTOR('',#1243,1.);
#1243 = DIRECTION('',(1.,0.,0.));
#1244 = ORIENTED_EDGE('',*,*,#1245,.T.);
#1245 = EDGE_CURVE('',#1238,#1246,#1248,.T.);
#1246 = VERTEX_POINT('',#1247);
#1247 = CARTESIAN_POINT('',(-0.534755092878,5.144176557864,10.));
#1248 = B_SPLINE_CURVE_WITH_KNOTS('',2,(#1249,#1250,#1251),
  .UNSPECIFIED.,.F.,.F.,(3,3),(0.,1.),.PIECEWISE_BEZIER_KNOTS.);
#1249 = CARTESIAN_POINT('',(-0.678078535015,5.2,10.));
#1250 = CARTESIAN_POINT('',(-0.590578535015,5.2,10.));
#1251 = CARTESIAN_POINT('',(-0.534755092878,5.144176557864,10.));
#1252 = ORIENTED_EDGE('',*,*,#1253,.T.);
#1253 = EDGE_CURVE('',#1246,#1254,#1256,.T.);
#1254 = VERTEX_POINT('',#1255);
#1255 = CARTESIAN_POINT('',(-0.478931650742,5.000853115727,10.));
#1256 = B_SPLINE_CURVE_WITH_KNOTS('',2,(#1257,#1258,#1259),
  .UNSPECIFIED.,.F.,.F.,(3,3),(0.,1.),.PIECEWISE_BEZIER_KNOTS.);
#1257 = CARTESIAN_POINT('',(-0.534755092878,5.144176557864,10.));
#1258 = CARTESIAN_POINT('',(-0.478931650742,5.088612759644,10.));
#1259 = CARTESIAN_POINT('',(-0.478931650742,5.000853115727,10.));
#1260 = ORIENTED_EDGE('',*,*,#1261,.T.);
#1261 = EDGE_CURVE('',#1254,#1262,#1264,.T.);
#1262 = VERTEX_POINT('',#1263);
#1263 = CARTESIAN_POINT('',(-0.478931650742,4.252559347181,10.));
#1264 = LINE('',#1265,#1266);
#1265 = CARTESIAN_POINT('',(-0.478931650742,5.000853115727,10.));
#1266 = VECTOR('',#1267,1.);
#1267 = DIRECTION('',(0.,-1.,0.));
#1268 = ORIENTED_EDGE('',*,*,#1269,.T.);
#1269 = EDGE_CURVE('',#1262,#1270,#1272,.T.);
#1270 = VERTEX_POINT('',#1271);
#1271 = CARTESIAN_POINT('',(-0.534755092878,4.108976261128,10.));
#1272 = B_SPLINE_CURVE_WITH_KNOTS('',2,(#1273,#1274,#1275),
  .UNSPECIFIED.,.F.,.F.,(3,3),(0.,1.),.PIECEWISE_BEZIER_KNOTS.);
#1273 = CARTESIAN_POINT('',(-0.478931650742,4.252559347181,10.));
#1274 = CARTESIAN_POINT('',(-0.478931650742,4.164799703264,10.));
#1275 = CARTESIAN_POINT('',(-0.534755092878,4.108976261128,10.));
#1276 = ORIENTED_EDGE('',*,*,#1277,.T.);
#1277 = EDGE_CURVE('',#1270,#1278,#1280,.T.);
#1278 = VERTEX_POINT('',#1279);
#1279 = CARTESIAN_POINT('',(-0.678078535015,4.053412462908,10.));
#1280 = B_SPLINE_CURVE_WITH_KNOTS('',2,(#1281,#1282,#1283),
  .UNSPECIFIED.,.F.,.F.,(3,3),(0.,1.),.PIECEWISE_BEZIER_KNOTS.);
#1281 = CARTESIAN_POINT('',(-0.534755092878,4.108976261128,10.));
#1282 = CARTESIAN_POINT('',(-0.590578535015,4.053412462908,10.));
#1283 = CARTESIAN_POINT('',(-0.678078535015,4.053412462908,10.));
#1284 = ORIENTED_EDGE('',*,*,#1285,.T.);
#1285 = EDGE_CURVE('',#1278,#1286,#1288,.T.);
#1286 = VERTEX_POINT('',#1287);
#1287 = CARTESIAN_POINT('',(-3.220771413353,4.053412462908,10.));
#1288 = LINE('',#1289,#1290);
#1289 = CARTESIAN_POINT('',(-0.678078535015,4.053412462908,10.));
#1290 = VECTOR('',#1291,1.);
#1291 = DIRECTION('',(-1.,0.,0.));
#1292 = ORIENTED_EDGE('',*,*,#1293,.T.);
#1293 = EDGE_CURVE('',#1286,#1294,#1296,.T.);
#1294 = VERTEX_POINT('',#1295);
#1295 = CARTESIAN_POINT('',(-3.220771413353,2.956676557864,10.));
#1296 = LINE('',#1297,#1298);
#1297 = CARTESIAN_POINT('',(-3.220771413353,4.053412462908,10.));
#1298 = VECTOR('',#1299,1.);
#1299 = DIRECTION('',(0.,-1.,0.));
#1300 = ORIENTED_EDGE('',*,*,#1301,.T.);
#1301 = EDGE_CURVE('',#1294,#1302,#1304,.T.);
#1302 = VERTEX_POINT('',#1303);
#1303 = CARTESIAN_POINT('',(-0.852818891098,2.956676557864,10.));
#1304 = LINE('',#1305,#1306);
#1305 = CARTESIAN_POINT('',(-3.220771413353,2.956676557864,10.));
#1306 = VECTOR('',#1307,1.);
#1307 = DIRECTION('',(1.,0.,0.));
#1308 = ORIENTED_EDGE('',*,*,#1309,.T.);
#1309 = EDGE_CURVE('',#1302,#1310,#1312,.T.);
#1310 = VERTEX_POINT('',#1311);
#1311 = CARTESIAN_POINT('',(-0.709235805045,2.896958456973,10.));
#1312 = B_SPLINE_CURVE_WITH_KNOTS('',2,(#1313,#1314,#1315),
  .UNSPECIFIED.,.F.,.F.,(3,3),(0.,1.),.PIECEWISE_BEZIER_KNOTS.);
#1313 = CARTESIAN_POINT('',(-0.852818891098,2.956676557864,10.));
#1314 = CARTESIAN_POINT('',(-0.765059247181,2.956676557864,10.));
#1315 = CARTESIAN_POINT('',(-0.709235805045,2.896958456973,10.));
#1316 = ORIENTED_EDGE('',*,*,#1317,.T.);
#1317 = EDGE_CURVE('',#1310,#1318,#1320,.T.);
#1318 = VERTEX_POINT('',#1319);
#1319 = CARTESIAN_POINT('',(-0.653412362908,2.750259643917,10.));
#1320 = B_SPLINE_CURVE_WITH_KNOTS('',2,(#1321,#1322,#1323),
  .UNSPECIFIED.,.F.,.F.,(3,3),(0.,1.),.PIECEWISE_BEZIER_KNOTS.);
#1321 = CARTESIAN_POINT('',(-0.709235805045,2.896958456973,10.));
#1322 = CARTESIAN_POINT('',(-0.653412362908,2.8375,10.));
#1323 = CARTESIAN_POINT('',(-0.653412362908,2.750259643917,10.));
#1324 = ORIENTED_EDGE('',*,*,#1325,.T.);
#1325 = EDGE_CURVE('',#1318,#1326,#1328,.T.);
#1326 = VERTEX_POINT('',#1327);
#1327 = CARTESIAN_POINT('',(-0.653412362908,2.058568249258,10.));
#1328 = LINE('',#1329,#1330);
#1329 = CARTESIAN_POINT('',(-0.653412362908,2.750259643917,10.));
#1330 = VECTOR('',#1331,1.);
#1331 = DIRECTION('',(0.,-1.,0.));
#1332 = ORIENTED_EDGE('',*,*,#1333,.T.);
#1333 = EDGE_CURVE('',#1326,#1334,#1336,.T.);
#1334 = VERTEX_POINT('',#1335);
#1335 = CARTESIAN_POINT('',(-0.709235805045,1.919399109792,10.));
#1336 = B_SPLINE_CURVE_WITH_KNOTS('',2,(#1337,#1338,#1339),
  .UNSPECIFIED.,.F.,.F.,(3,3),(0.,1.),.PIECEWISE_BEZIER_KNOTS.);
#1337 = CARTESIAN_POINT('',(-0.653412362908,2.058568249258,10.));
#1338 = CARTESIAN_POINT('',(-0.653412362908,1.979117210682,10.));
#1339 = CARTESIAN_POINT('',(-0.709235805045,1.919399109792,10.));
#1340 = ORIENTED_EDGE('',*,*,#1341,.T.);
#1341 = EDGE_CURVE('',#1334,#1342,#1344,.T.);
#1342 = VERTEX_POINT('',#1343);
#1343 = CARTESIAN_POINT('',(-0.852818891098,1.859940652819,10.));
#1344 = B_SPLINE_CURVE_WITH_KNOTS('',2,(#1345,#1346,#1347),
  .UNSPECIFIED.,.F.,.F.,(3,3),(0.,1.),.PIECEWISE_BEZIER_KNOTS.);
#1345 = CARTESIAN_POINT('',(-0.709235805045,1.919399109792,10.));
#1346 = CARTESIAN_POINT('',(-0.765059247181,1.859940652819,10.));
#1347 = CARTESIAN_POINT('',(-0.852818891098,1.859940652819,10.));
#1348 = ORIENTED_EDGE('',*,*,#1349,.T.);
#1349 = EDGE_CURVE('',#1342,#1350,#1352,.T.);
#1350 = VERTEX_POINT('',#1351);
#1351 = CARTESIAN_POINT('',(-3.220771413353,1.859940652819,10.));
#1352 = LINE('',#1353,#1354);
#1353 = CARTESIAN_POINT('',(-0.852818891098,1.859940652819,10.));
#1354 = VECTOR('',#1355,1.);
#1355 = DIRECTION('',(-1.,0.,0.));
#1356 = ORIENTED_EDGE('',*,*,#1357,.T.);
#1357 = EDGE_CURVE('',#1350,#1358,#1360,.T.);
#1358 = VERTEX_POINT('',#1359);
#1359 = CARTESIAN_POINT('',(-3.220771413353,0.746587537092,10.));
#1360 = LINE('',#1361,#1362);
#1361 = CARTESIAN_POINT('',(-3.220771413353,1.859940652819,10.));
#1362 = VECTOR('',#1363,1.);
#1363 = DIRECTION('',(0.,-1.,0.));
#1364 = ORIENTED_EDGE('',*,*,#1365,.T.);
#1365 = EDGE_CURVE('',#1358,#1366,#1368,.T.);
#1366 = VERTEX_POINT('',#1367);
#1367 = CARTESIAN_POINT('',(-0.611869336202,0.746587537092,10.));
#1368 = LINE('',#1369,#1370);
#1369 = CARTESIAN_POINT('',(-3.220771413353,0.746587537092,10.));
#1370 = VECTOR('',#1371,1.);
#1371 = DIRECTION('',(1.,0.,0.));
#1372 = ORIENTED_EDGE('',*,*,#1373,.T.);
#1373 = EDGE_CURVE('',#1366,#1374,#1376,.T.);
#1374 = VERTEX_POINT('',#1375);
#1375 = CARTESIAN_POINT('',(-0.468286250148,0.690764094955,10.));
#1376 = B_SPLINE_CURVE_WITH_KNOTS('',2,(#1377,#1378,#1379),
  .UNSPECIFIED.,.F.,.F.,(3,3),(0.,1.),.PIECEWISE_BEZIER_KNOTS.);
#1377 = CARTESIAN_POINT('',(-0.611869336202,0.746587537092,10.));
#1378 = CARTESIAN_POINT('',(-0.524109692285,0.746587537092,10.));
#1379 = CARTESIAN_POINT('',(-0.468286250148,0.690764094955,10.));
#1380 = ORIENTED_EDGE('',*,*,#1381,.T.);
#1381 = EDGE_CURVE('',#1374,#1382,#1384,.T.);
#1382 = VERTEX_POINT('',#1383);
#1383 = CARTESIAN_POINT('',(-0.412462808012,0.547440652819,10.));
#1384 = B_SPLINE_CURVE_WITH_KNOTS('',2,(#1385,#1386,#1387),
  .UNSPECIFIED.,.F.,.F.,(3,3),(0.,1.),.PIECEWISE_BEZIER_KNOTS.);
#1385 = CARTESIAN_POINT('',(-0.468286250148,0.690764094955,10.));
#1386 = CARTESIAN_POINT('',(-0.412462808012,0.635200296736,10.));
#1387 = CARTESIAN_POINT('',(-0.412462808012,0.547440652819,10.));
#1388 = ORIENTED_EDGE('',*,*,#1389,.T.);
#1389 = EDGE_CURVE('',#1382,#1390,#1392,.T.);
#1390 = VERTEX_POINT('',#1391);
#1391 = CARTESIAN_POINT('',(-0.412462808012,-0.200853115727,10.));
#1392 = LINE('',#1393,#1394);
#1393 = CARTESIAN_POINT('',(-0.412462808012,0.547440652819,10.));
#1394 = VECTOR('',#1395,1.);
#1395 = DIRECTION('',(0.,-1.,0.));
#1396 = ORIENTED_EDGE('',*,*,#1397,.T.);
#1397 = EDGE_CURVE('',#1390,#1398,#1400,.T.);
#1398 = VERTEX_POINT('',#1399);
#1399 = CARTESIAN_POINT('',(-0.468286250148,-0.34028189911,10.));
#1400 = B_SPLINE_CURVE_WITH_KNOTS('',2,(#1401,#1402,#1403),
  .UNSPECIFIED.,.F.,.F.,(3,3),(0.,1.),.PIECEWISE_BEZIER_KNOTS.);
#1401 = CARTESIAN_POINT('',(-0.412462808012,-0.200853115727,10.));
#1402 = CARTESIAN_POINT('',(-0.412462808012,-0.28056379822,10.));
#1403 = CARTESIAN_POINT('',(-0.468286250148,-0.34028189911,10.));
#1404 = ORIENTED_EDGE('',*,*,#1405,.T.);
#1405 = EDGE_CURVE('',#1398,#1188,#1406,.T.);
#1406 = B_SPLINE_CURVE_WITH_KNOTS('',2,(#1407,#1408,#1409),
  .UNSPECIFIED.,.F.,.F.,(3,3),(0.,1.),.PIECEWISE_BEZIER_KNOTS.);
#1407 = CARTESIAN_POINT('',(-0.468286250148,-0.34028189911,10.));
#1408 = CARTESIAN_POINT('',(-0.524109692285,-0.4,10.));
#1409 = CARTESIAN_POINT('',(-0.611869336202,-0.4,10.));
#1410 = PLANE('',#1411);
#1411 = AXIS2_PLACEMENT_3D('',#1412,#1413,#1414);
#1412 = CARTESIAN_POINT('',(-7.1E-16,2.2E-16,10.));
#1413 = DIRECTION('',(0.,0.,1.));
#1414 = DIRECTION('',(1.,0.,0.));
#1415 = ADVANCED_FACE('',(#1416),#1444,.T.);
#1416 = FACE_BOUND('',#1417,.T.);
#1417 = EDGE_LOOP('',(#1418,#1425,#1435,#1441,#1442,#1443));
#1418 = ORIENTED_EDGE('',*,*,#1419,.T.);
#1419 = EDGE_CURVE('',#202,#1420,#1422,.T.);
#1420 = VERTEX_POINT('',#1421);
#1421 = CARTESIAN_POINT('',(7.102758617143,-5.68854505477,9.510673251699
    ));
#1422 = B_SPLINE_CURVE_WITH_KNOTS('',1,(#1423,#1424),.UNSPECIFIED.,.F.,
  .F.,(2,2),(0.,1.),.PIECEWISE_BEZIER_KNOTS.);
#1423 = CARTESIAN_POINT('',(9.1,-7.685786437627,0.));
#1424 = CARTESIAN_POINT('',(7.,-5.585786437627,10.));
#1425 = ORIENTED_EDGE('',*,*,#1426,.F.);
#1426 = EDGE_CURVE('',#1427,#1420,#1429,.T.);
#1427 = VERTEX_POINT('',#1428);
#1428 = CARTESIAN_POINT('',(7.090418714604,-5.696677530706,
    9.520690934088));
#1429 = B_SPLINE_CURVE_WITH_KNOTS('',4,(#1430,#1431,#1432,#1433,#1434),
  .UNSPECIFIED.,.F.,.F.,(5,5),(0.,1.),.PIECEWISE_BEZIER_KNOTS.);
#1430 = CARTESIAN_POINT('',(7.090487040287,-5.696632501422,
    9.520635466471));
#1431 = CARTESIAN_POINT('',(7.093554934501,-5.694610639759,
    9.518144912778));
#1432 = CARTESIAN_POINT('',(7.096622828715,-5.692588778096,
    9.515654359085));
#1433 = CARTESIAN_POINT('',(7.099690722929,-5.690566916433,
    9.513163805392));
#1434 = CARTESIAN_POINT('',(7.102758617143,-5.68854505477,9.510673251699
    ));
#1435 = ORIENTED_EDGE('',*,*,#1436,.F.);
#1436 = EDGE_CURVE('',#375,#1427,#1437,.T.);
#1437 = LINE('',#1438,#1439);
#1438 = CARTESIAN_POINT('',(5.686441341468,-7.100654903841,
    9.520690934088));
#1439 = VECTOR('',#1440,1.);
#1440 = DIRECTION('',(0.707106781187,0.707106781187,0.));
#1441 = ORIENTED_EDGE('',*,*,#404,.T.);
#1442 = ORIENTED_EDGE('',*,*,#347,.F.);
#1443 = ORIENTED_EDGE('',*,*,#201,.T.);
#1444 = PLANE('',#1445);
#1445 = AXIS2_PLACEMENT_3D('',#1446,#1447,#1448);
#1446 = CARTESIAN_POINT('',(5.585786437627,-7.,10.));
#1447 = DIRECTION('',(0.677845381581,-0.677845381581,0.284695060264));
#1448 = DIRECTION('',(0.707106781187,0.707106781187,5.551115123126E-17)
  );
#1449 = ADVANCED_FACE('',(#1450),#1469,.T.);
#1450 = FACE_BOUND('',#1451,.T.);
#1451 = EDGE_LOOP('',(#1452,#1459,#1467,#1468));
#1452 = ORIENTED_EDGE('',*,*,#1453,.T.);
#1453 = EDGE_CURVE('',#210,#1454,#1456,.T.);
#1454 = VERTEX_POINT('',#1455);
#1455 = CARTESIAN_POINT('',(7.102758617143,5.68854505477,9.510673251699)
  );
#1456 = B_SPLINE_CURVE_WITH_KNOTS('',1,(#1457,#1458),.UNSPECIFIED.,.F.,
  .F.,(2,2),(0.,1.),.PIECEWISE_BEZIER_KNOTS.);
#1457 = CARTESIAN_POINT('',(9.1,7.685786437627,0.));
#1458 = CARTESIAN_POINT('',(7.,5.585786437627,10.));
#1459 = ORIENTED_EDGE('',*,*,#1460,.F.);
#1460 = EDGE_CURVE('',#1420,#1454,#1461,.T.);
#1461 = B_SPLINE_CURVE_WITH_KNOTS('',2,(#1462,#1463,#1464,#1465,#1466),
  .UNSPECIFIED.,.F.,.F.,(3,1,1,3),(-1.183700259966,-0.5,11.671572875254,
    12.355273135219),.UNSPECIFIED.);
#1462 = CARTESIAN_POINT('',(7.102758617143,-6.769486697592,
    9.510673251699));
#1463 = CARTESIAN_POINT('',(7.102758617143,-6.42763656761,9.510673251699
    ));
#1464 = CARTESIAN_POINT('',(7.102758617143,0.,9.510673251699));
#1465 = CARTESIAN_POINT('',(7.102758617143,6.42763656761,9.510673251699)
  );
#1466 = CARTESIAN_POINT('',(7.102758617143,6.769486697592,9.510673251699
    ));
#1467 = ORIENTED_EDGE('',*,*,#1419,.F.);
#1468 = ORIENTED_EDGE('',*,*,#209,.T.);
#1469 = B_SPLINE_SURFACE_WITH_KNOTS('',1,1,(
    (#1470,#1471)
    ,(#1472,#1473
    )),.UNSPECIFIED.,.F.,.F.,.F.,(2,2),(2,2),(0.,15.371572875254),(0.,1.
    ),.PIECEWISE_BEZIER_KNOTS.);
#1470 = CARTESIAN_POINT('',(9.1,-7.685786437627,0.));
#1471 = CARTESIAN_POINT('',(7.,-5.585786437627,10.));
#1472 = CARTESIAN_POINT('',(9.1,7.685786437627,0.));
#1473 = CARTESIAN_POINT('',(7.,5.585786437627,10.));
#1474 = ADVANCED_FACE('',(#1475),#1512,.T.);
#1475 = FACE_BOUND('',#1476,.T.);
#1476 = EDGE_LOOP('',(#1477,#1484,#1494,#1502,#1510,#1511));
#1477 = ORIENTED_EDGE('',*,*,#1478,.T.);
#1478 = EDGE_CURVE('',#218,#1479,#1481,.T.);
#1479 = VERTEX_POINT('',#1480);
#1480 = CARTESIAN_POINT('',(5.68854505477,7.102758617143,9.510673251699)
  );
#1481 = B_SPLINE_CURVE_WITH_KNOTS('',1,(#1482,#1483),.UNSPECIFIED.,.F.,
  .F.,(2,2),(0.,1.),.PIECEWISE_BEZIER_KNOTS.);
#1482 = CARTESIAN_POINT('',(7.685786437627,9.1,0.));
#1483 = CARTESIAN_POINT('',(5.585786437627,7.,10.));
#1484 = ORIENTED_EDGE('',*,*,#1485,.F.);
#1485 = EDGE_CURVE('',#1486,#1479,#1488,.T.);
#1486 = VERTEX_POINT('',#1487);
#1487 = CARTESIAN_POINT('',(5.696677530706,7.090418714604,9.520690934088
    ));
#1488 = B_SPLINE_CURVE_WITH_KNOTS('',4,(#1489,#1490,#1491,#1492,#1493),
  .UNSPECIFIED.,.F.,.F.,(5,5),(0.,1.),.PIECEWISE_BEZIER_KNOTS.);
#1489 = CARTESIAN_POINT('',(5.696632501422,7.090487040287,9.520635466471
    ));
#1490 = CARTESIAN_POINT('',(5.694610639759,7.093554934501,9.518144912778
    ));
#1491 = CARTESIAN_POINT('',(5.692588778096,7.096622828715,9.515654359085
    ));
#1492 = CARTESIAN_POINT('',(5.690566916433,7.099690722929,9.513163805392
    ));
#1493 = CARTESIAN_POINT('',(5.68854505477,7.102758617143,9.510673251699)
  );
#1494 = ORIENTED_EDGE('',*,*,#1495,.F.);
#1495 = EDGE_CURVE('',#1496,#1486,#1498,.T.);
#1496 = VERTEX_POINT('',#1497);
#1497 = CARTESIAN_POINT('',(7.090418714604,5.696677530706,9.520690934088
    ));
#1498 = LINE('',#1499,#1500);
#1499 = CARTESIAN_POINT('',(7.100654903841,5.686441341468,9.520690934088
    ));
#1500 = VECTOR('',#1501,1.);
#1501 = DIRECTION('',(-0.707106781187,0.707106781187,0.));
#1502 = ORIENTED_EDGE('',*,*,#1503,.T.);
#1503 = EDGE_CURVE('',#1496,#1454,#1504,.T.);
#1504 = B_SPLINE_CURVE_WITH_KNOTS('',4,(#1505,#1506,#1507,#1508,#1509),
  .UNSPECIFIED.,.F.,.F.,(5,5),(0.,1.),.PIECEWISE_BEZIER_KNOTS.);
#1505 = CARTESIAN_POINT('',(7.090418714604,5.696677530706,9.520690934088
    ));
#1506 = CARTESIAN_POINT('',(7.093503690239,5.694644411722,9.518186513491
    ));
#1507 = CARTESIAN_POINT('',(7.096588665874,5.692611292738,9.515682092894
    ));
#1508 = CARTESIAN_POINT('',(7.099673641508,5.690578173754,9.513177672296
    ));
#1509 = CARTESIAN_POINT('',(7.102758617143,5.68854505477,9.510673251699)
  );
#1510 = ORIENTED_EDGE('',*,*,#1453,.F.);
#1511 = ORIENTED_EDGE('',*,*,#217,.T.);
#1512 = PLANE('',#1513);
#1513 = AXIS2_PLACEMENT_3D('',#1514,#1515,#1516);
#1514 = CARTESIAN_POINT('',(7.,5.585786437627,10.));
#1515 = DIRECTION('',(0.677845381581,0.677845381581,0.284695060264));
#1516 = DIRECTION('',(-0.707106781187,0.707106781187,-5.551115123126E-17
    ));
#1517 = ADVANCED_FACE('',(#1518),#1531,.T.);
#1518 = FACE_BOUND('',#1519,.T.);
#1519 = EDGE_LOOP('',(#1520,#1521,#1529,#1530));
#1520 = ORIENTED_EDGE('',*,*,#333,.T.);
#1521 = ORIENTED_EDGE('',*,*,#1522,.F.);
#1522 = EDGE_CURVE('',#1479,#324,#1523,.T.);
#1523 = B_SPLINE_CURVE_WITH_KNOTS('',2,(#1524,#1525,#1526,#1527,#1528),
  .UNSPECIFIED.,.F.,.F.,(3,1,1,3),(-1.183700259966,-0.5,11.671572875254,
    12.355273135219),.UNSPECIFIED.);
#1524 = CARTESIAN_POINT('',(6.769486697592,7.102758617143,9.510673251699
    ));
#1525 = CARTESIAN_POINT('',(6.42763656761,7.102758617143,9.510673251699)
  );
#1526 = CARTESIAN_POINT('',(3.55E-15,7.102758617143,9.510673251699));
#1527 = CARTESIAN_POINT('',(-6.42763656761,7.102758617143,9.510673251699
    ));
#1528 = CARTESIAN_POINT('',(-6.769486697592,7.102758617143,
    9.510673251699));
#1529 = ORIENTED_EDGE('',*,*,#1478,.F.);
#1530 = ORIENTED_EDGE('',*,*,#225,.T.);
#1531 = B_SPLINE_SURFACE_WITH_KNOTS('',1,1,(
    (#1532,#1533)
    ,(#1534,#1535
    )),.UNSPECIFIED.,.F.,.F.,.F.,(2,2),(2,2),(0.,15.371572875254),(0.,1.
    ),.PIECEWISE_BEZIER_KNOTS.);
#1532 = CARTESIAN_POINT('',(7.685786437627,9.1,0.));
#1533 = CARTESIAN_POINT('',(5.585786437627,7.,10.));
#1534 = CARTESIAN_POINT('',(-7.685786437627,9.1,0.));
#1535 = CARTESIAN_POINT('',(-5.585786437627,7.,10.));
#1536 = ADVANCED_FACE('',(#1537),#1562,.F.);
#1537 = FACE_BOUND('',#1538,.F.);
#1538 = EDGE_LOOP('',(#1539,#1549,#1555,#1556));
#1539 = ORIENTED_EDGE('',*,*,#1540,.T.);
#1540 = EDGE_CURVE('',#1541,#1543,#1545,.T.);
#1541 = VERTEX_POINT('',#1542);
#1542 = CARTESIAN_POINT('',(-6.025825461037,-5.293645750422,8.8));
#1543 = VERTEX_POINT('',#1544);
#1544 = CARTESIAN_POINT('',(-6.025825461037,5.293645750422,8.8));
#1545 = LINE('',#1546,#1547);
#1546 = CARTESIAN_POINT('',(-6.025825461037,-4.E-17,8.8));
#1547 = VECTOR('',#1548,1.);
#1548 = DIRECTION('',(-1.E-17,1.,0.));
#1549 = ORIENTED_EDGE('',*,*,#1550,.T.);
#1550 = EDGE_CURVE('',#1543,#244,#1551,.T.);
#1551 = LINE('',#1552,#1553);
#1552 = CARTESIAN_POINT('',(-6.236108874495,5.503929163879,
    7.798650412108));
#1553 = VECTOR('',#1554,1.);
#1554 = DIRECTION('',(-0.201309807683,0.201309807683,-0.958618131824));
#1555 = ORIENTED_EDGE('',*,*,#241,.F.);
#1556 = ORIENTED_EDGE('',*,*,#1557,.T.);
#1557 = EDGE_CURVE('',#242,#1541,#1558,.T.);
#1558 = LINE('',#1559,#1560);
#1559 = CARTESIAN_POINT('',(-6.236108874495,-5.503929163879,
    7.798650412108));
#1560 = VECTOR('',#1561,1.);
#1561 = DIRECTION('',(0.201309807683,0.201309807683,0.958618131824));
#1562 = PLANE('',#1563);
#1563 = AXIS2_PLACEMENT_3D('',#1564,#1565,#1566);
#1564 = CARTESIAN_POINT('',(-6.875615804078,-2.4E-16,4.753379318856));
#1565 = DIRECTION('',(-0.978653496602,-1.E-17,0.205517234286));
#1566 = DIRECTION('',(4.81018304358E-17,-1.,1.803986156085E-16));
#1567 = ADVANCED_FACE('',(#1568),#1586,.F.);
#1568 = FACE_BOUND('',#1569,.F.);
#1569 = EDGE_LOOP('',(#1570,#1571,#1572,#1580));
#1570 = ORIENTED_EDGE('',*,*,#251,.F.);
#1571 = ORIENTED_EDGE('',*,*,#1550,.F.);
#1572 = ORIENTED_EDGE('',*,*,#1573,.T.);
#1573 = EDGE_CURVE('',#1543,#1574,#1576,.T.);
#1574 = VERTEX_POINT('',#1575);
#1575 = CARTESIAN_POINT('',(-5.293645750422,6.025825461037,8.8));
#1576 = LINE('',#1577,#1578);
#1577 = CARTESIAN_POINT('',(-5.306182215136,6.013288996323,8.8));
#1578 = VECTOR('',#1579,1.);
#1579 = DIRECTION('',(0.707106781187,0.707106781187,0.));
#1580 = ORIENTED_EDGE('',*,*,#1581,.F.);
#1581 = EDGE_CURVE('',#252,#1574,#1582,.T.);
#1582 = LINE('',#1583,#1584);
#1583 = CARTESIAN_POINT('',(-5.503929163879,6.236108874495,
    7.798650412108));
#1584 = VECTOR('',#1585,1.);
#1585 = DIRECTION('',(0.201309807683,-0.201309807683,0.958618131824));
#1586 = PLANE('',#1587);
#1587 = AXIS2_PLACEMENT_3D('',#1588,#1589,#1590);
#1588 = CARTESIAN_POINT('',(-4.77237197973,6.186585542103,9.658365927683
    ));
#1589 = DIRECTION('',(-0.677845381581,0.677845381581,0.284695060264));
#1590 = DIRECTION('',(-0.707106781187,-0.707106781187,
    -5.551115123126E-17));
#1591 = ADVANCED_FACE('',(#1592),#1610,.F.);
#1592 = FACE_BOUND('',#1593,.F.);
#1593 = EDGE_LOOP('',(#1594,#1602,#1608,#1609));
#1594 = ORIENTED_EDGE('',*,*,#1595,.T.);
#1595 = EDGE_CURVE('',#1574,#1596,#1598,.T.);
#1596 = VERTEX_POINT('',#1597);
#1597 = CARTESIAN_POINT('',(5.293645750422,6.025825461037,8.8));
#1598 = LINE('',#1599,#1600);
#1599 = CARTESIAN_POINT('',(-7.1E-16,6.025825461037,8.8));
#1600 = VECTOR('',#1601,1.);
#1601 = DIRECTION('',(1.,-2.E-17,0.));
#1602 = ORIENTED_EDGE('',*,*,#1603,.F.);
#1603 = EDGE_CURVE('',#260,#1596,#1604,.T.);
#1604 = LINE('',#1605,#1606);
#1605 = CARTESIAN_POINT('',(5.503929163879,6.236108874495,7.798650412108
    ));
#1606 = VECTOR('',#1607,1.);
#1607 = DIRECTION('',(-0.201309807683,-0.201309807683,0.958618131824));
#1608 = ORIENTED_EDGE('',*,*,#259,.F.);
#1609 = ORIENTED_EDGE('',*,*,#1581,.T.);
#1610 = PLANE('',#1611);
#1611 = AXIS2_PLACEMENT_3D('',#1612,#1613,#1614);
#1612 = CARTESIAN_POINT('',(-8.2E-16,6.875615804078,4.753379318856));
#1613 = DIRECTION('',(2.E-17,0.978653496602,0.205517234286));
#1614 = DIRECTION('',(-1.,-6.996224196875E-18,1.306307929187E-16));
#1615 = ADVANCED_FACE('',(#1616),#1634,.F.);
#1616 = FACE_BOUND('',#1617,.F.);
#1617 = EDGE_LOOP('',(#1618,#1626,#1632,#1633));
#1618 = ORIENTED_EDGE('',*,*,#1619,.T.);
#1619 = EDGE_CURVE('',#1596,#1620,#1622,.T.);
#1620 = VERTEX_POINT('',#1621);
#1621 = CARTESIAN_POINT('',(6.025825461037,5.293645750422,8.8));
#1622 = LINE('',#1623,#1624);
#1623 = CARTESIAN_POINT('',(6.013288996323,5.306182215136,8.8));
#1624 = VECTOR('',#1625,1.);
#1625 = DIRECTION('',(0.707106781187,-0.707106781187,0.));
#1626 = ORIENTED_EDGE('',*,*,#1627,.F.);
#1627 = EDGE_CURVE('',#268,#1620,#1628,.T.);
#1628 = LINE('',#1629,#1630);
#1629 = CARTESIAN_POINT('',(6.236108874495,5.503929163879,7.798650412108
    ));
#1630 = VECTOR('',#1631,1.);
#1631 = DIRECTION('',(-0.201309807683,-0.201309807683,0.958618131824));
#1632 = ORIENTED_EDGE('',*,*,#267,.F.);
#1633 = ORIENTED_EDGE('',*,*,#1603,.T.);
#1634 = PLANE('',#1635);
#1635 = AXIS2_PLACEMENT_3D('',#1636,#1637,#1638);
#1636 = CARTESIAN_POINT('',(6.186585542103,4.77237197973,9.658365927683)
  );
#1637 = DIRECTION('',(0.677845381581,0.677845381581,0.284695060264));
#1638 = DIRECTION('',(-0.707106781187,0.707106781187,-5.551115123126E-17
    ));
#1639 = ADVANCED_FACE('',(#1640),#1658,.F.);
#1640 = FACE_BOUND('',#1641,.F.);
#1641 = EDGE_LOOP('',(#1642,#1650,#1656,#1657));
#1642 = ORIENTED_EDGE('',*,*,#1643,.T.);
#1643 = EDGE_CURVE('',#1620,#1644,#1646,.T.);
#1644 = VERTEX_POINT('',#1645);
#1645 = CARTESIAN_POINT('',(6.025825461037,-5.293645750422,8.8));
#1646 = LINE('',#1647,#1648);
#1647 = CARTESIAN_POINT('',(6.025825461037,4.8E-16,8.8));
#1648 = VECTOR('',#1649,1.);
#1649 = DIRECTION('',(1.E-17,-1.,0.));
#1650 = ORIENTED_EDGE('',*,*,#1651,.F.);
#1651 = EDGE_CURVE('',#276,#1644,#1652,.T.);
#1652 = LINE('',#1653,#1654);
#1653 = CARTESIAN_POINT('',(6.236108874495,-5.503929163879,
    7.798650412108));
#1654 = VECTOR('',#1655,1.);
#1655 = DIRECTION('',(-0.201309807683,0.201309807683,0.958618131824));
#1656 = ORIENTED_EDGE('',*,*,#275,.F.);
#1657 = ORIENTED_EDGE('',*,*,#1627,.T.);
#1658 = PLANE('',#1659);
#1659 = AXIS2_PLACEMENT_3D('',#1660,#1661,#1662);
#1660 = CARTESIAN_POINT('',(6.875615804078,7.2E-16,4.753379318856));
#1661 = DIRECTION('',(0.978653496602,1.E-17,0.205517234286));
#1662 = DIRECTION('',(-1.666518643619E-17,1.,3.07003108484E-17));
#1663 = ADVANCED_FACE('',(#1664),#1682,.F.);
#1664 = FACE_BOUND('',#1665,.F.);
#1665 = EDGE_LOOP('',(#1666,#1674,#1680,#1681));
#1666 = ORIENTED_EDGE('',*,*,#1667,.T.);
#1667 = EDGE_CURVE('',#1644,#1668,#1670,.T.);
#1668 = VERTEX_POINT('',#1669);
#1669 = CARTESIAN_POINT('',(5.293645750422,-6.025825461037,8.8));
#1670 = LINE('',#1671,#1672);
#1671 = CARTESIAN_POINT('',(5.306182215136,-6.013288996323,8.8));
#1672 = VECTOR('',#1673,1.);
#1673 = DIRECTION('',(-0.707106781187,-0.707106781187,0.));
#1674 = ORIENTED_EDGE('',*,*,#1675,.F.);
#1675 = EDGE_CURVE('',#284,#1668,#1676,.T.);
#1676 = LINE('',#1677,#1678);
#1677 = CARTESIAN_POINT('',(5.503929163879,-6.236108874495,
    7.798650412108));
#1678 = VECTOR('',#1679,1.);
#1679 = DIRECTION('',(-0.201309807683,0.201309807683,0.958618131824));
#1680 = ORIENTED_EDGE('',*,*,#283,.F.);
#1681 = ORIENTED_EDGE('',*,*,#1651,.T.);
#1682 = PLANE('',#1683);
#1683 = AXIS2_PLACEMENT_3D('',#1684,#1685,#1686);
#1684 = CARTESIAN_POINT('',(4.77237197973,-6.186585542103,9.658365927683
    ));
#1685 = DIRECTION('',(0.677845381581,-0.677845381581,0.284695060264));
#1686 = DIRECTION('',(0.707106781187,0.707106781187,5.551115123126E-17)
  );
#1687 = ADVANCED_FACE('',(#1688),#1706,.F.);
#1688 = FACE_BOUND('',#1689,.F.);
#1689 = EDGE_LOOP('',(#1690,#1698,#1704,#1705));
#1690 = ORIENTED_EDGE('',*,*,#1691,.T.);
#1691 = EDGE_CURVE('',#1668,#1692,#1694,.T.);
#1692 = VERTEX_POINT('',#1693);
#1693 = CARTESIAN_POINT('',(-5.293645750422,-6.025825461037,8.8));
#1694 = LINE('',#1695,#1696);
#1695 = CARTESIAN_POINT('',(-3.1E-16,-6.025825461037,8.8));
#1696 = VECTOR('',#1697,1.);
#1697 = DIRECTION('',(-1.,0.,0.));
#1698 = ORIENTED_EDGE('',*,*,#1699,.F.);
#1699 = EDGE_CURVE('',#292,#1692,#1700,.T.);
#1700 = LINE('',#1701,#1702);
#1701 = CARTESIAN_POINT('',(-5.503929163879,-6.236108874495,
    7.798650412108));
#1702 = VECTOR('',#1703,1.);
#1703 = DIRECTION('',(0.201309807683,0.201309807683,0.958618131824));
#1704 = ORIENTED_EDGE('',*,*,#291,.F.);
#1705 = ORIENTED_EDGE('',*,*,#1675,.T.);
#1706 = PLANE('',#1707);
#1707 = AXIS2_PLACEMENT_3D('',#1708,#1709,#1710);
#1708 = CARTESIAN_POINT('',(8.E-17,-6.875615804078,4.753379318856));
#1709 = DIRECTION('',(0.,-0.978653496602,0.205517234286));
#1710 = DIRECTION('',(1.,-4.022603198927E-18,-1.915525332823E-17));
#1711 = ADVANCED_FACE('',(#1712),#1723,.F.);
#1712 = FACE_BOUND('',#1713,.F.);
#1713 = EDGE_LOOP('',(#1714,#1720,#1721,#1722));
#1714 = ORIENTED_EDGE('',*,*,#1715,.T.);
#1715 = EDGE_CURVE('',#1692,#1541,#1716,.T.);
#1716 = LINE('',#1717,#1718);
#1717 = CARTESIAN_POINT('',(-6.013288996323,-5.306182215136,8.8));
#1718 = VECTOR('',#1719,1.);
#1719 = DIRECTION('',(-0.707106781187,0.707106781187,0.));
#1720 = ORIENTED_EDGE('',*,*,#1557,.F.);
#1721 = ORIENTED_EDGE('',*,*,#299,.F.);
#1722 = ORIENTED_EDGE('',*,*,#1699,.T.);
#1723 = PLANE('',#1724);
#1724 = AXIS2_PLACEMENT_3D('',#1725,#1726,#1727);
#1725 = CARTESIAN_POINT('',(-6.186585542103,-4.77237197973,
    9.658365927683));
#1726 = DIRECTION('',(-0.677845381581,-0.677845381581,0.284695060264));
#1727 = DIRECTION('',(0.707106781187,-0.707106781187,-5.551115123126E-17
    ));
#1728 = ADVANCED_FACE('',(#1729),#1744,.T.);
#1729 = FACE_BOUND('',#1730,.T.);
#1730 = EDGE_LOOP('',(#1731,#1739,#1740,#1741,#1742,#1743));
#1731 = ORIENTED_EDGE('',*,*,#1732,.T.);
#1732 = EDGE_CURVE('',#488,#1486,#1733,.T.);
#1733 = B_SPLINE_CURVE_WITH_KNOTS('',4,(#1734,#1735,#1736,#1737,#1738),
  .UNSPECIFIED.,.F.,.F.,(5,5),(0.,1.),.PIECEWISE_BEZIER_KNOTS.);
#1734 = CARTESIAN_POINT('',(5.37867965644,6.5,10.));
#1735 = CARTESIAN_POINT('',(5.458179125007,6.647604678651,9.880172733522
    ));
#1736 = CARTESIAN_POINT('',(5.537678593573,6.795209357302,9.760345467044
    ));
#1737 = CARTESIAN_POINT('',(5.617178062139,6.942814035953,9.640518200566
    ));
#1738 = CARTESIAN_POINT('',(5.696677530706,7.090418714604,9.520690934088
    ));
#1739 = ORIENTED_EDGE('',*,*,#1485,.T.);
#1740 = ORIENTED_EDGE('',*,*,#1522,.T.);
#1741 = ORIENTED_EDGE('',*,*,#323,.F.);
#1742 = ORIENTED_EDGE('',*,*,#443,.F.);
#1743 = ORIENTED_EDGE('',*,*,#495,.F.);
#1744 = B_SPLINE_SURFACE_WITH_KNOTS('',1,2,(
    (#1745,#1746,#1747,#1748,#1749)
    ,(#1750,#1751,#1752,#1753,#1754
    )),.UNSPECIFIED.,.F.,.F.,.F.,(2,2),(3,1,1,3),(0.,12.171572875254),(
    -1.183700259966,-0.5,11.671572875254,12.355273135219),
  .UNSPECIFIED.);
#1745 = CARTESIAN_POINT('',(6.769486697592,6.5,10.));
#1746 = CARTESIAN_POINT('',(6.42763656761,6.5,10.));
#1747 = CARTESIAN_POINT('',(3.55E-15,6.5,10.));
#1748 = CARTESIAN_POINT('',(-6.42763656761,6.5,10.));
#1749 = CARTESIAN_POINT('',(-6.769486697592,6.5,10.));
#1750 = CARTESIAN_POINT('',(6.769486697592,7.102758617143,9.510673251699
    ));
#1751 = CARTESIAN_POINT('',(6.42763656761,7.102758617143,9.510673251699)
  );
#1752 = CARTESIAN_POINT('',(3.55E-15,7.102758617143,9.510673251699));
#1753 = CARTESIAN_POINT('',(-6.42763656761,7.102758617143,9.510673251699
    ));
#1754 = CARTESIAN_POINT('',(-6.769486697592,7.102758617143,
    9.510673251699));
#1755 = ADVANCED_FACE('',(#1756),#1769,.T.);
#1756 = FACE_BOUND('',#1757,.F.);
#1757 = EDGE_LOOP('',(#1758,#1759,#1760,#1768));
#1758 = ORIENTED_EDGE('',*,*,#372,.F.);
#1759 = ORIENTED_EDGE('',*,*,#469,.T.);
#1760 = ORIENTED_EDGE('',*,*,#1761,.T.);
#1761 = EDGE_CURVE('',#470,#1427,#1762,.T.);
#1762 = B_SPLINE_CURVE_WITH_KNOTS('',4,(#1763,#1764,#1765,#1766,#1767),
  .UNSPECIFIED.,.F.,.F.,(5,5),(0.,1.),.PIECEWISE_BEZIER_KNOTS.);
#1763 = CARTESIAN_POINT('',(6.5,-5.37867965644,10.));
#1764 = CARTESIAN_POINT('',(6.647604678651,-5.458179125007,
    9.880172733522));
#1765 = CARTESIAN_POINT('',(6.795209357302,-5.537678593573,
    9.760345467044));
#1766 = CARTESIAN_POINT('',(6.942814035953,-5.617178062139,
    9.640518200566));
#1767 = CARTESIAN_POINT('',(7.090418714604,-5.696677530706,
    9.520690934088));
#1768 = ORIENTED_EDGE('',*,*,#1436,.F.);
#1769 = PLANE('',#1770);
#1770 = AXIS2_PLACEMENT_3D('',#1771,#1772,#1773);
#1771 = CARTESIAN_POINT('',(5.459337194251,-6.873550756624,
    9.760345467044));
#1772 = DIRECTION('',(0.422878510844,-0.422878510844,0.80146586336));
#1773 = DIRECTION('',(-0.707106781187,-0.707106781187,2.775557561563E-17
    ));
#1774 = ADVANCED_FACE('',(#1775),#1790,.T.);
#1775 = FACE_BOUND('',#1776,.T.);
#1776 = EDGE_LOOP('',(#1777,#1778,#1779,#1780,#1781,#1789));
#1777 = ORIENTED_EDGE('',*,*,#1761,.T.);
#1778 = ORIENTED_EDGE('',*,*,#1426,.T.);
#1779 = ORIENTED_EDGE('',*,*,#1460,.T.);
#1780 = ORIENTED_EDGE('',*,*,#1503,.F.);
#1781 = ORIENTED_EDGE('',*,*,#1782,.F.);
#1782 = EDGE_CURVE('',#478,#1496,#1783,.T.);
#1783 = B_SPLINE_CURVE_WITH_KNOTS('',4,(#1784,#1785,#1786,#1787,#1788),
  .UNSPECIFIED.,.F.,.F.,(5,5),(0.,1.),.PIECEWISE_BEZIER_KNOTS.);
#1784 = CARTESIAN_POINT('',(6.5,5.37867965644,10.));
#1785 = CARTESIAN_POINT('',(6.647604678651,5.458179125007,9.880172733522
    ));
#1786 = CARTESIAN_POINT('',(6.795209357302,5.537678593573,9.760345467044
    ));
#1787 = CARTESIAN_POINT('',(6.942814035953,5.617178062139,9.640518200566
    ));
#1788 = CARTESIAN_POINT('',(7.090418714604,5.696677530706,9.520690934088
    ));
#1789 = ORIENTED_EDGE('',*,*,#477,.F.);
#1790 = B_SPLINE_SURFACE_WITH_KNOTS('',1,2,(
    (#1791,#1792,#1793,#1794,#1795)
    ,(#1796,#1797,#1798,#1799,#1800
    )),.UNSPECIFIED.,.F.,.F.,.F.,(2,2),(3,1,1,3),(0.,12.171572875254),(
    -1.183700259966,-0.5,11.671572875254,12.355273135219),
  .UNSPECIFIED.);
#1791 = CARTESIAN_POINT('',(6.5,-6.769486697592,10.));
#1792 = CARTESIAN_POINT('',(6.5,-6.42763656761,10.));
#1793 = CARTESIAN_POINT('',(6.5,0.,10.));
#1794 = CARTESIAN_POINT('',(6.5,6.42763656761,10.));
#1795 = CARTESIAN_POINT('',(6.5,6.769486697592,10.));
#1796 = CARTESIAN_POINT('',(7.102758617143,-6.769486697592,
    9.510673251699));
#1797 = CARTESIAN_POINT('',(7.102758617143,-6.42763656761,9.510673251699
    ));
#1798 = CARTESIAN_POINT('',(7.102758617143,0.,9.510673251699));
#1799 = CARTESIAN_POINT('',(7.102758617143,6.42763656761,9.510673251699)
  );
#1800 = CARTESIAN_POINT('',(7.102758617143,6.769486697592,9.510673251699
    ));
#1801 = ADVANCED_FACE('',(#1802),#1808,.T.);
#1802 = FACE_BOUND('',#1803,.F.);
#1803 = EDGE_LOOP('',(#1804,#1805,#1806,#1807));
#1804 = ORIENTED_EDGE('',*,*,#1782,.F.);
#1805 = ORIENTED_EDGE('',*,*,#487,.T.);
#1806 = ORIENTED_EDGE('',*,*,#1732,.T.);
#1807 = ORIENTED_EDGE('',*,*,#1495,.F.);
#1808 = PLANE('',#1809);
#1809 = AXIS2_PLACEMENT_3D('',#1810,#1811,#1812);
#1810 = CARTESIAN_POINT('',(6.873550756624,5.459337194251,9.760345467044
    ));
#1811 = DIRECTION('',(0.422878510844,0.422878510844,0.80146586336));
#1812 = DIRECTION('',(0.707106781187,-0.707106781187,-8.326672684689E-17
    ));
#1813 = ADVANCED_FACE('',(#1814),#1839,.T.);
#1814 = FACE_BOUND('',#1815,.T.);
#1815 = EDGE_LOOP('',(#1816,#1824,#1832,#1838));
#1816 = ORIENTED_EDGE('',*,*,#1817,.T.);
#1817 = EDGE_CURVE('',#510,#1818,#1820,.T.);
#1818 = VERTEX_POINT('',#1819);
#1819 = CARTESIAN_POINT('',(-2.093759372997,-5.2,9.6));
#1820 = LINE('',#1821,#1822);
#1821 = CARTESIAN_POINT('',(-2.093759372997,-5.2,10.));
#1822 = VECTOR('',#1823,1.);
#1823 = DIRECTION('',(-0.,-0.,-1.));
#1824 = ORIENTED_EDGE('',*,*,#1825,.T.);
#1825 = EDGE_CURVE('',#1818,#1826,#1828,.T.);
#1826 = VERTEX_POINT('',#1827);
#1827 = CARTESIAN_POINT('',(-2.557501954599,-5.2,9.6));
#1828 = LINE('',#1829,#1830);
#1829 = CARTESIAN_POINT('',(-2.093759372997,-5.2,9.6));
#1830 = VECTOR('',#1831,1.);
#1831 = DIRECTION('',(-1.,0.,0.));
#1832 = ORIENTED_EDGE('',*,*,#1833,.F.);
#1833 = EDGE_CURVE('',#512,#1826,#1834,.T.);
#1834 = LINE('',#1835,#1836);
#1835 = CARTESIAN_POINT('',(-2.557501954599,-5.2,10.));
#1836 = VECTOR('',#1837,1.);
#1837 = DIRECTION('',(-0.,-0.,-1.));
#1838 = ORIENTED_EDGE('',*,*,#509,.F.);
#1839 = PLANE('',#1840);
#1840 = AXIS2_PLACEMENT_3D('',#1841,#1842,#1843);
#1841 = CARTESIAN_POINT('',(-2.093759372997,-5.2,10.));
#1842 = DIRECTION('',(0.,1.,0.));
#1843 = DIRECTION('',(-1.,0.,0.));
#1844 = ADVANCED_FACE('',(#1845),#1863,.T.);
#1845 = FACE_BOUND('',#1846,.T.);
#1846 = EDGE_LOOP('',(#1847,#1855,#1861,#1862));
#1847 = ORIENTED_EDGE('',*,*,#1848,.T.);
#1848 = EDGE_CURVE('',#680,#1849,#1851,.T.);
#1849 = VERTEX_POINT('',#1850);
#1850 = CARTESIAN_POINT('',(-2.017118052522,-5.17009458457,9.6));
#1851 = LINE('',#1852,#1853);
#1852 = CARTESIAN_POINT('',(-2.017118052522,-5.17009458457,10.));
#1853 = VECTOR('',#1854,1.);
#1854 = DIRECTION('',(-0.,-0.,-1.));
#1855 = ORIENTED_EDGE('',*,*,#1856,.T.);
#1856 = EDGE_CURVE('',#1849,#1818,#1857,.T.);
#1857 = B_SPLINE_CURVE_WITH_KNOTS('',2,(#1858,#1859,#1860),
  .UNSPECIFIED.,.F.,.F.,(3,3),(0.,1.),.PIECEWISE_BEZIER_KNOTS.);
#1858 = CARTESIAN_POINT('',(-2.017118052522,-5.17009458457,9.6));
#1859 = CARTESIAN_POINT('',(-2.046884372997,-5.2,9.6));
#1860 = CARTESIAN_POINT('',(-2.093759372997,-5.2,9.6));
#1861 = ORIENTED_EDGE('',*,*,#1817,.F.);
#1862 = ORIENTED_EDGE('',*,*,#687,.F.);
#1863 = SURFACE_OF_LINEAR_EXTRUSION('',#1864,#1868);
#1864 = B_SPLINE_CURVE_WITH_KNOTS('',2,(#1865,#1866,#1867),
  .UNSPECIFIED.,.F.,.F.,(3,3),(0.,1.),.PIECEWISE_BEZIER_KNOTS.);
#1865 = CARTESIAN_POINT('',(-2.017118052522,-5.17009458457,10.));
#1866 = CARTESIAN_POINT('',(-2.046884372997,-5.2,10.));
#1867 = CARTESIAN_POINT('',(-2.093759372997,-5.2,10.));
#1868 = VECTOR('',#1869,1.);
#1869 = DIRECTION('',(0.,0.,1.));
#1870 = ADVANCED_FACE('',(#1871),#1889,.T.);
#1871 = FACE_BOUND('',#1872,.T.);
#1872 = EDGE_LOOP('',(#1873,#1881,#1887,#1888));
#1873 = ORIENTED_EDGE('',*,*,#1874,.T.);
#1874 = EDGE_CURVE('',#672,#1875,#1877,.T.);
#1875 = VERTEX_POINT('',#1876);
#1876 = CARTESIAN_POINT('',(-1.987351732047,-5.093035979228,9.6));
#1877 = LINE('',#1878,#1879);
#1878 = CARTESIAN_POINT('',(-1.987351732047,-5.093035979228,10.));
#1879 = VECTOR('',#1880,1.);
#1880 = DIRECTION('',(-0.,-0.,-1.));
#1881 = ORIENTED_EDGE('',*,*,#1882,.T.);
#1882 = EDGE_CURVE('',#1875,#1849,#1883,.T.);
#1883 = B_SPLINE_CURVE_WITH_KNOTS('',2,(#1884,#1885,#1886),
  .UNSPECIFIED.,.F.,.F.,(3,3),(0.,1.),.PIECEWISE_BEZIER_KNOTS.);
#1884 = CARTESIAN_POINT('',(-1.987351732047,-5.093035979228,9.6));
#1885 = CARTESIAN_POINT('',(-1.987351732047,-5.140189169139,9.6));
#1886 = CARTESIAN_POINT('',(-2.017118052522,-5.17009458457,9.6));
#1887 = ORIENTED_EDGE('',*,*,#1848,.F.);
#1888 = ORIENTED_EDGE('',*,*,#679,.F.);
#1889 = SURFACE_OF_LINEAR_EXTRUSION('',#1890,#1894);
#1890 = B_SPLINE_CURVE_WITH_KNOTS('',2,(#1891,#1892,#1893),
  .UNSPECIFIED.,.F.,.F.,(3,3),(0.,1.),.PIECEWISE_BEZIER_KNOTS.);
#1891 = CARTESIAN_POINT('',(-1.987351732047,-5.093035979228,10.));
#1892 = CARTESIAN_POINT('',(-1.987351732047,-5.140189169139,10.));
#1893 = CARTESIAN_POINT('',(-2.017118052522,-5.17009458457,10.));
#1894 = VECTOR('',#1895,1.);
#1895 = DIRECTION('',(0.,0.,1.));
#1896 = ADVANCED_FACE('',(#1897),#1915,.T.);
#1897 = FACE_BOUND('',#1898,.T.);
#1898 = EDGE_LOOP('',(#1899,#1907,#1913,#1914));
#1899 = ORIENTED_EDGE('',*,*,#1900,.T.);
#1900 = EDGE_CURVE('',#664,#1901,#1903,.T.);
#1901 = VERTEX_POINT('',#1902);
#1902 = CARTESIAN_POINT('',(-1.987351732047,-4.105044510386,9.6));
#1903 = LINE('',#1904,#1905);
#1904 = CARTESIAN_POINT('',(-1.987351732047,-4.105044510386,10.));
#1905 = VECTOR('',#1906,1.);
#1906 = DIRECTION('',(-0.,-0.,-1.));
#1907 = ORIENTED_EDGE('',*,*,#1908,.T.);
#1908 = EDGE_CURVE('',#1901,#1875,#1909,.T.);
#1909 = LINE('',#1910,#1911);
#1910 = CARTESIAN_POINT('',(-1.987351732047,-4.105044510386,9.6));
#1911 = VECTOR('',#1912,1.);
#1912 = DIRECTION('',(0.,-1.,0.));
#1913 = ORIENTED_EDGE('',*,*,#1874,.F.);
#1914 = ORIENTED_EDGE('',*,*,#671,.F.);
#1915 = PLANE('',#1916);
#1916 = AXIS2_PLACEMENT_3D('',#1917,#1918,#1919);
#1917 = CARTESIAN_POINT('',(-1.987351732047,-4.105044510386,10.));
#1918 = DIRECTION('',(-1.,0.,0.));
#1919 = DIRECTION('',(0.,-1.,0.));
#1920 = ADVANCED_FACE('',(#1921),#1939,.T.);
#1921 = FACE_BOUND('',#1922,.T.);
#1922 = EDGE_LOOP('',(#1923,#1931,#1937,#1938));
#1923 = ORIENTED_EDGE('',*,*,#1924,.T.);
#1924 = EDGE_CURVE('',#656,#1925,#1927,.T.);
#1925 = VERTEX_POINT('',#1926);
#1926 = CARTESIAN_POINT('',(-1.471587637092,-4.105044510386,9.6));
#1927 = LINE('',#1928,#1929);
#1928 = CARTESIAN_POINT('',(-1.471587637092,-4.105044510386,10.));
#1929 = VECTOR('',#1930,1.);
#1930 = DIRECTION('',(-0.,-0.,-1.));
#1931 = ORIENTED_EDGE('',*,*,#1932,.T.);
#1932 = EDGE_CURVE('',#1925,#1901,#1933,.T.);
#1933 = LINE('',#1934,#1935);
#1934 = CARTESIAN_POINT('',(-1.471587637092,-4.105044510386,9.6));
#1935 = VECTOR('',#1936,1.);
#1936 = DIRECTION('',(-1.,0.,0.));
#1937 = ORIENTED_EDGE('',*,*,#1900,.F.);
#1938 = ORIENTED_EDGE('',*,*,#663,.F.);
#1939 = PLANE('',#1940);
#1940 = AXIS2_PLACEMENT_3D('',#1941,#1942,#1943);
#1941 = CARTESIAN_POINT('',(-1.471587637092,-4.105044510386,10.));
#1942 = DIRECTION('',(0.,1.,0.));
#1943 = DIRECTION('',(-1.,0.,0.));
#1944 = ADVANCED_FACE('',(#1945),#1963,.T.);
#1945 = FACE_BOUND('',#1946,.T.);
#1946 = EDGE_LOOP('',(#1947,#1955,#1961,#1962));
#1947 = ORIENTED_EDGE('',*,*,#1948,.T.);
#1948 = EDGE_CURVE('',#648,#1949,#1951,.T.);
#1949 = VERTEX_POINT('',#1950);
#1950 = CARTESIAN_POINT('',(-0.948590604451,-5.084551186944,9.6));
#1951 = LINE('',#1952,#1953);
#1952 = CARTESIAN_POINT('',(-0.948590604451,-5.084551186944,10.));
#1953 = VECTOR('',#1954,1.);
#1954 = DIRECTION('',(-0.,-0.,-1.));
#1955 = ORIENTED_EDGE('',*,*,#1956,.T.);
#1956 = EDGE_CURVE('',#1949,#1925,#1957,.T.);
#1957 = LINE('',#1958,#1959);
#1958 = CARTESIAN_POINT('',(-0.948590604451,-5.084551186944,9.6));
#1959 = VECTOR('',#1960,1.);
#1960 = DIRECTION('',(-0.47100429513,0.88213091657,0.));
#1961 = ORIENTED_EDGE('',*,*,#1924,.F.);
#1962 = ORIENTED_EDGE('',*,*,#655,.F.);
#1963 = PLANE('',#1964);
#1964 = AXIS2_PLACEMENT_3D('',#1965,#1966,#1967);
#1965 = CARTESIAN_POINT('',(-0.948590604451,-5.084551186944,10.));
#1966 = DIRECTION('',(0.88213091657,0.47100429513,0.));
#1967 = DIRECTION('',(-0.47100429513,0.88213091657,0.));
#1968 = ADVANCED_FACE('',(#1969),#1987,.T.);
#1969 = FACE_BOUND('',#1970,.T.);
#1970 = EDGE_LOOP('',(#1971,#1979,#1985,#1986));
#1971 = ORIENTED_EDGE('',*,*,#1972,.T.);
#1972 = EDGE_CURVE('',#640,#1973,#1975,.T.);
#1973 = VERTEX_POINT('',#1974);
#1974 = CARTESIAN_POINT('',(-0.892952622255,-5.159384272997,9.6));
#1975 = LINE('',#1976,#1977);
#1976 = CARTESIAN_POINT('',(-0.892952622255,-5.159384272997,10.));
#1977 = VECTOR('',#1978,1.);
#1978 = DIRECTION('',(-0.,-0.,-1.));
#1979 = ORIENTED_EDGE('',*,*,#1980,.T.);
#1980 = EDGE_CURVE('',#1973,#1949,#1981,.T.);
#1981 = B_SPLINE_CURVE_WITH_KNOTS('',2,(#1982,#1983,#1984),
  .UNSPECIFIED.,.F.,.F.,(3,3),(0.,1.),.PIECEWISE_BEZIER_KNOTS.);
#1982 = CARTESIAN_POINT('',(-0.892952622255,-5.159384272997,9.6));
#1983 = CARTESIAN_POINT('',(-0.931481924926,-5.118768545994,9.6));
#1984 = CARTESIAN_POINT('',(-0.948590604451,-5.084551186944,9.6));
#1985 = ORIENTED_EDGE('',*,*,#1948,.F.);
#1986 = ORIENTED_EDGE('',*,*,#647,.F.);
#1987 = SURFACE_OF_LINEAR_EXTRUSION('',#1988,#1992);
#1988 = B_SPLINE_CURVE_WITH_KNOTS('',2,(#1989,#1990,#1991),
  .UNSPECIFIED.,.F.,.F.,(3,3),(0.,1.),.PIECEWISE_BEZIER_KNOTS.);
#1989 = CARTESIAN_POINT('',(-0.892952622255,-5.159384272997,10.));
#1990 = CARTESIAN_POINT('',(-0.931481924926,-5.118768545994,10.));
#1991 = CARTESIAN_POINT('',(-0.948590604451,-5.084551186944,10.));
#1992 = VECTOR('',#1993,1.);
#1993 = DIRECTION('',(0.,0.,1.));
#1994 = ADVANCED_FACE('',(#1995),#2013,.T.);
#1995 = FACE_BOUND('',#1996,.T.);
#1996 = EDGE_LOOP('',(#1997,#2005,#2011,#2012));
#1997 = ORIENTED_EDGE('',*,*,#1998,.T.);
#1998 = EDGE_CURVE('',#632,#1999,#2001,.T.);
#1999 = VERTEX_POINT('',#2000);
#2000 = CARTESIAN_POINT('',(-0.777225619288,-5.2,9.6));
#2001 = LINE('',#2002,#2003);
#2002 = CARTESIAN_POINT('',(-0.777225619288,-5.2,10.));
#2003 = VECTOR('',#2004,1.);
#2004 = DIRECTION('',(-0.,-0.,-1.));
#2005 = ORIENTED_EDGE('',*,*,#2006,.T.);
#2006 = EDGE_CURVE('',#1999,#1973,#2007,.T.);
#2007 = B_SPLINE_CURVE_WITH_KNOTS('',2,(#2008,#2009,#2010),
  .UNSPECIFIED.,.F.,.F.,(3,3),(0.,1.),.PIECEWISE_BEZIER_KNOTS.);
#2008 = CARTESIAN_POINT('',(-0.777225619288,-5.2,9.6));
#2009 = CARTESIAN_POINT('',(-0.854284224629,-5.2,9.6));
#2010 = CARTESIAN_POINT('',(-0.892952622255,-5.159384272997,9.6));
#2011 = ORIENTED_EDGE('',*,*,#1972,.F.);
#2012 = ORIENTED_EDGE('',*,*,#639,.F.);
#2013 = SURFACE_OF_LINEAR_EXTRUSION('',#2014,#2018);
#2014 = B_SPLINE_CURVE_WITH_KNOTS('',2,(#2015,#2016,#2017),
  .UNSPECIFIED.,.F.,.F.,(3,3),(0.,1.),.PIECEWISE_BEZIER_KNOTS.);
#2015 = CARTESIAN_POINT('',(-0.777225619288,-5.2,10.));
#2016 = CARTESIAN_POINT('',(-0.854284224629,-5.2,10.));
#2017 = CARTESIAN_POINT('',(-0.892952622255,-5.159384272997,10.));
#2018 = VECTOR('',#2019,1.);
#2019 = DIRECTION('',(0.,0.,1.));
#2020 = ADVANCED_FACE('',(#2021),#2039,.T.);
#2021 = FACE_BOUND('',#2022,.T.);
#2022 = EDGE_LOOP('',(#2023,#2031,#2037,#2038));
#2023 = ORIENTED_EDGE('',*,*,#2024,.T.);
#2024 = EDGE_CURVE('',#624,#2025,#2027,.T.);
#2025 = VERTEX_POINT('',#2026);
#2026 = CARTESIAN_POINT('',(-0.301520871513,-5.2,9.6));
#2027 = LINE('',#2028,#2029);
#2028 = CARTESIAN_POINT('',(-0.301520871513,-5.2,10.));
#2029 = VECTOR('',#2030,1.);
#2030 = DIRECTION('',(-0.,-0.,-1.));
#2031 = ORIENTED_EDGE('',*,*,#2032,.T.);
#2032 = EDGE_CURVE('',#2025,#1999,#2033,.T.);
#2033 = LINE('',#2034,#2035);
#2034 = CARTESIAN_POINT('',(-0.301520871513,-5.2,9.6));
#2035 = VECTOR('',#2036,1.);
#2036 = DIRECTION('',(-1.,0.,0.));
#2037 = ORIENTED_EDGE('',*,*,#1998,.F.);
#2038 = ORIENTED_EDGE('',*,*,#631,.F.);
#2039 = PLANE('',#2040);
#2040 = AXIS2_PLACEMENT_3D('',#2041,#2042,#2043);
#2041 = CARTESIAN_POINT('',(-0.301520871513,-5.2,10.));
#2042 = DIRECTION('',(0.,1.,0.));
#2043 = DIRECTION('',(-1.,0.,0.));
#2044 = ADVANCED_FACE('',(#2045),#2063,.T.);
#2045 = FACE_BOUND('',#2046,.T.);
#2046 = EDGE_LOOP('',(#2047,#2055,#2061,#2062));
#2047 = ORIENTED_EDGE('',*,*,#2048,.T.);
#2048 = EDGE_CURVE('',#616,#2049,#2051,.T.);
#2049 = VERTEX_POINT('',#2050);
#2050 = CARTESIAN_POINT('',(-0.237119907122,-5.172320103858,9.6));
#2051 = LINE('',#2052,#2053);
#2052 = CARTESIAN_POINT('',(-0.237119907122,-5.172320103858,10.));
#2053 = VECTOR('',#2054,1.);
#2054 = DIRECTION('',(-0.,-0.,-1.));
#2055 = ORIENTED_EDGE('',*,*,#2056,.T.);
#2056 = EDGE_CURVE('',#2049,#2025,#2057,.T.);
#2057 = B_SPLINE_CURVE_WITH_KNOTS('',2,(#2058,#2059,#2060),
  .UNSPECIFIED.,.F.,.F.,(3,3),(0.,1.),.PIECEWISE_BEZIER_KNOTS.);
#2058 = CARTESIAN_POINT('',(-0.237119907122,-5.172320103858,9.6));
#2059 = CARTESIAN_POINT('',(-0.262852473887,-5.2,9.6));
#2060 = CARTESIAN_POINT('',(-0.301520871513,-5.2,9.6));
#2061 = ORIENTED_EDGE('',*,*,#2024,.F.);
#2062 = ORIENTED_EDGE('',*,*,#623,.F.);
#2063 = SURFACE_OF_LINEAR_EXTRUSION('',#2064,#2068);
#2064 = B_SPLINE_CURVE_WITH_KNOTS('',2,(#2065,#2066,#2067),
  .UNSPECIFIED.,.F.,.F.,(3,3),(0.,1.),.PIECEWISE_BEZIER_KNOTS.);
#2065 = CARTESIAN_POINT('',(-0.237119907122,-5.172320103858,10.));
#2066 = CARTESIAN_POINT('',(-0.262852473887,-5.2,10.));
#2067 = CARTESIAN_POINT('',(-0.301520871513,-5.2,10.));
#2068 = VECTOR('',#2069,1.);
#2069 = DIRECTION('',(0.,0.,1.));
#2070 = ADVANCED_FACE('',(#2071),#2089,.T.);
#2071 = FACE_BOUND('',#2072,.T.);
#2072 = EDGE_LOOP('',(#2073,#2081,#2087,#2088));
#2073 = ORIENTED_EDGE('',*,*,#2074,.T.);
#2074 = EDGE_CURVE('',#608,#2075,#2077,.T.);
#2075 = VERTEX_POINT('',#2076);
#2076 = CARTESIAN_POINT('',(-0.211387340356,-5.110144658754,9.6));
#2077 = LINE('',#2078,#2079);
#2078 = CARTESIAN_POINT('',(-0.211387340356,-5.110144658754,10.));
#2079 = VECTOR('',#2080,1.);
#2080 = DIRECTION('',(-0.,-0.,-1.));
#2081 = ORIENTED_EDGE('',*,*,#2082,.T.);
#2082 = EDGE_CURVE('',#2075,#2049,#2083,.T.);
#2083 = B_SPLINE_CURVE_WITH_KNOTS('',2,(#2084,#2085,#2086),
  .UNSPECIFIED.,.F.,.F.,(3,3),(0.,1.),.PIECEWISE_BEZIER_KNOTS.);
#2084 = CARTESIAN_POINT('',(-0.211387340356,-5.110144658754,9.6));
#2085 = CARTESIAN_POINT('',(-0.211387340356,-5.14450111276,9.6));
#2086 = CARTESIAN_POINT('',(-0.237119907122,-5.172320103858,9.6));
#2087 = ORIENTED_EDGE('',*,*,#2048,.F.);
#2088 = ORIENTED_EDGE('',*,*,#615,.F.);
#2089 = SURFACE_OF_LINEAR_EXTRUSION('',#2090,#2094);
#2090 = B_SPLINE_CURVE_WITH_KNOTS('',2,(#2091,#2092,#2093),
  .UNSPECIFIED.,.F.,.F.,(3,3),(0.,1.),.PIECEWISE_BEZIER_KNOTS.);
#2091 = CARTESIAN_POINT('',(-0.211387340356,-5.110144658754,10.));
#2092 = CARTESIAN_POINT('',(-0.211387340356,-5.14450111276,10.));
#2093 = CARTESIAN_POINT('',(-0.237119907122,-5.172320103858,10.));
#2094 = VECTOR('',#2095,1.);
#2095 = DIRECTION('',(0.,0.,1.));
#2096 = ADVANCED_FACE('',(#2097),#2115,.T.);
#2097 = FACE_BOUND('',#2098,.T.);
#2098 = EDGE_LOOP('',(#2099,#2107,#2113,#2114));
#2099 = ORIENTED_EDGE('',*,*,#2100,.T.);
#2100 = EDGE_CURVE('',#600,#2101,#2103,.T.);
#2101 = VERTEX_POINT('',#2102);
#2102 = CARTESIAN_POINT('',(-0.224462266172,-5.063130563798,9.6));
#2103 = LINE('',#2104,#2105);
#2104 = CARTESIAN_POINT('',(-0.224462266172,-5.063130563798,10.));
#2105 = VECTOR('',#2106,1.);
#2106 = DIRECTION('',(-0.,-0.,-1.));
#2107 = ORIENTED_EDGE('',*,*,#2108,.T.);
#2108 = EDGE_CURVE('',#2101,#2075,#2109,.T.);
#2109 = B_SPLINE_CURVE_WITH_KNOTS('',2,(#2110,#2111,#2112),
  .UNSPECIFIED.,.F.,.F.,(3,3),(0.,1.),.PIECEWISE_BEZIER_KNOTS.);
#2110 = CARTESIAN_POINT('',(-0.224462266172,-5.063130563798,9.6));
#2111 = CARTESIAN_POINT('',(-0.211387340356,-5.088724035608,9.6));
#2112 = CARTESIAN_POINT('',(-0.211387340356,-5.110144658754,9.6));
#2113 = ORIENTED_EDGE('',*,*,#2074,.F.);
#2114 = ORIENTED_EDGE('',*,*,#607,.F.);
#2115 = SURFACE_OF_LINEAR_EXTRUSION('',#2116,#2120);
#2116 = B_SPLINE_CURVE_WITH_KNOTS('',2,(#2117,#2118,#2119),
  .UNSPECIFIED.,.F.,.F.,(3,3),(0.,1.),.PIECEWISE_BEZIER_KNOTS.);
#2117 = CARTESIAN_POINT('',(-0.224462266172,-5.063130563798,10.));
#2118 = CARTESIAN_POINT('',(-0.211387340356,-5.088724035608,10.));
#2119 = CARTESIAN_POINT('',(-0.211387340356,-5.110144658754,10.));
#2120 = VECTOR('',#2121,1.);
#2121 = DIRECTION('',(0.,0.,1.));
#2122 = ADVANCED_FACE('',(#2123),#2141,.T.);
#2123 = FACE_BOUND('',#2124,.T.);
#2124 = EDGE_LOOP('',(#2125,#2133,#2139,#2140));
#2125 = ORIENTED_EDGE('',*,*,#2126,.T.);
#2126 = EDGE_CURVE('',#592,#2127,#2129,.T.);
#2127 = VERTEX_POINT('',#2128);
#2128 = CARTESIAN_POINT('',(-0.831333556973,-3.99390764095,9.6));
#2129 = LINE('',#2130,#2131);
#2130 = CARTESIAN_POINT('',(-0.831333556973,-3.99390764095,10.));
#2131 = VECTOR('',#2132,1.);
#2132 = DIRECTION('',(-0.,-0.,-1.));
#2133 = ORIENTED_EDGE('',*,*,#2134,.T.);
#2134 = EDGE_CURVE('',#2127,#2101,#2135,.T.);
#2135 = LINE('',#2136,#2137);
#2136 = CARTESIAN_POINT('',(-0.831333556973,-3.99390764095,9.6));
#2137 = VECTOR('',#2138,1.);
#2138 = DIRECTION('',(0.493614770375,-0.869680664651,0.));
#2139 = ORIENTED_EDGE('',*,*,#2100,.F.);
#2140 = ORIENTED_EDGE('',*,*,#599,.F.);
#2141 = PLANE('',#2142);
#2142 = AXIS2_PLACEMENT_3D('',#2143,#2144,#2145);
#2143 = CARTESIAN_POINT('',(-0.831333556973,-3.99390764095,10.));
#2144 = DIRECTION('',(-0.869680664651,-0.493614770375,0.));
#2145 = DIRECTION('',(0.493614770375,-0.869680664651,0.));
#2146 = ADVANCED_FACE('',(#2147),#2165,.T.);
#2147 = FACE_BOUND('',#2148,.T.);
#2148 = EDGE_LOOP('',(#2149,#2157,#2163,#2164));
#2149 = ORIENTED_EDGE('',*,*,#2150,.T.);
#2150 = EDGE_CURVE('',#584,#2151,#2153,.T.);
#2151 = VERTEX_POINT('',#2152);
#2152 = CARTESIAN_POINT('',(-0.42837547092,-3.680665801187,9.6));
#2153 = LINE('',#2154,#2155);
#2154 = CARTESIAN_POINT('',(-0.42837547092,-3.680665801187,10.));
#2155 = VECTOR('',#2156,1.);
#2156 = DIRECTION('',(-0.,-0.,-1.));
#2157 = ORIENTED_EDGE('',*,*,#2158,.T.);
#2158 = EDGE_CURVE('',#2151,#2127,#2159,.T.);
#2159 = B_SPLINE_CURVE_WITH_KNOTS('',2,(#2160,#2161,#2162),
  .UNSPECIFIED.,.F.,.F.,(3,3),(0.,1.),.PIECEWISE_BEZIER_KNOTS.);
#2160 = CARTESIAN_POINT('',(-0.42837547092,-3.680665801187,9.6));
#2161 = CARTESIAN_POINT('',(-0.578458927893,-3.890977373887,9.6));
#2162 = CARTESIAN_POINT('',(-0.831333556973,-3.99390764095,9.6));
#2163 = ORIENTED_EDGE('',*,*,#2126,.F.);
#2164 = ORIENTED_EDGE('',*,*,#591,.F.);
#2165 = SURFACE_OF_LINEAR_EXTRUSION('',#2166,#2170);
#2166 = B_SPLINE_CURVE_WITH_KNOTS('',2,(#2167,#2168,#2169),
  .UNSPECIFIED.,.F.,.F.,(3,3),(0.,1.),.PIECEWISE_BEZIER_KNOTS.);
#2167 = CARTESIAN_POINT('',(-0.42837547092,-3.680665801187,10.));
#2168 = CARTESIAN_POINT('',(-0.578458927893,-3.890977373887,10.));
#2169 = CARTESIAN_POINT('',(-0.831333556973,-3.99390764095,10.));
#2170 = VECTOR('',#2171,1.);
#2171 = DIRECTION('',(0.,0.,1.));
#2172 = ADVANCED_FACE('',(#2173),#2191,.T.);
#2173 = FACE_BOUND('',#2174,.T.);
#2174 = EDGE_LOOP('',(#2175,#2183,#2189,#2190));
#2175 = ORIENTED_EDGE('',*,*,#2176,.T.);
#2176 = EDGE_CURVE('',#576,#2177,#2179,.T.);
#2177 = VERTEX_POINT('',#2178);
#2178 = CARTESIAN_POINT('',(-0.278152918991,-3.156973293769,9.6));
#2179 = LINE('',#2180,#2181);
#2180 = CARTESIAN_POINT('',(-0.278152918991,-3.156973293769,10.));
#2181 = VECTOR('',#2182,1.);
#2182 = DIRECTION('',(-0.,-0.,-1.));
#2183 = ORIENTED_EDGE('',*,*,#2184,.T.);
#2184 = EDGE_CURVE('',#2177,#2151,#2185,.T.);
#2185 = B_SPLINE_CURVE_WITH_KNOTS('',2,(#2186,#2187,#2188),
  .UNSPECIFIED.,.F.,.F.,(3,3),(0.,1.),.PIECEWISE_BEZIER_KNOTS.);
#2186 = CARTESIAN_POINT('',(-0.278152918991,-3.156973293769,9.6));
#2187 = CARTESIAN_POINT('',(-0.278152918991,-3.470215133531,9.6));
#2188 = CARTESIAN_POINT('',(-0.42837547092,-3.680665801187,9.6));
#2189 = ORIENTED_EDGE('',*,*,#2150,.F.);
#2190 = ORIENTED_EDGE('',*,*,#583,.F.);
#2191 = SURFACE_OF_LINEAR_EXTRUSION('',#2192,#2196);
#2192 = B_SPLINE_CURVE_WITH_KNOTS('',2,(#2193,#2194,#2195),
  .UNSPECIFIED.,.F.,.F.,(3,3),(0.,1.),.PIECEWISE_BEZIER_KNOTS.);
#2193 = CARTESIAN_POINT('',(-0.278152918991,-3.156973293769,10.));
#2194 = CARTESIAN_POINT('',(-0.278152918991,-3.470215133531,10.));
#2195 = CARTESIAN_POINT('',(-0.42837547092,-3.680665801187,10.));
#2196 = VECTOR('',#2197,1.);
#2197 = DIRECTION('',(0.,0.,1.));
#2198 = ADVANCED_FACE('',(#2199),#2217,.T.);
#2199 = FACE_BOUND('',#2200,.T.);
#2200 = EDGE_LOOP('',(#2201,#2209,#2215,#2216));
#2201 = ORIENTED_EDGE('',*,*,#2202,.T.);
#2202 = EDGE_CURVE('',#568,#2203,#2205,.T.);
#2203 = VERTEX_POINT('',#2204);
#2204 = CARTESIAN_POINT('',(-0.585552770623,-2.446754451039,9.6));
#2205 = LINE('',#2206,#2207);
#2206 = CARTESIAN_POINT('',(-0.585552770623,-2.446754451039,10.));
#2207 = VECTOR('',#2208,1.);
#2208 = DIRECTION('',(-0.,-0.,-1.));
#2209 = ORIENTED_EDGE('',*,*,#2210,.T.);
#2210 = EDGE_CURVE('',#2203,#2177,#2211,.T.);
#2211 = B_SPLINE_CURVE_WITH_KNOTS('',2,(#2212,#2213,#2214),
  .UNSPECIFIED.,.F.,.F.,(3,3),(0.,1.),.PIECEWISE_BEZIER_KNOTS.);
#2212 = CARTESIAN_POINT('',(-0.585552770623,-2.446754451039,9.6));
#2213 = CARTESIAN_POINT('',(-0.278152918991,-2.693508902077,9.6));
#2214 = CARTESIAN_POINT('',(-0.278152918991,-3.156973293769,9.6));
#2215 = ORIENTED_EDGE('',*,*,#2176,.F.);
#2216 = ORIENTED_EDGE('',*,*,#575,.F.);
#2217 = SURFACE_OF_LINEAR_EXTRUSION('',#2218,#2222);
#2218 = B_SPLINE_CURVE_WITH_KNOTS('',2,(#2219,#2220,#2221),
  .UNSPECIFIED.,.F.,.F.,(3,3),(0.,1.),.PIECEWISE_BEZIER_KNOTS.);
#2219 = CARTESIAN_POINT('',(-0.585552770623,-2.446754451039,10.));
#2220 = CARTESIAN_POINT('',(-0.278152918991,-2.693508902077,10.));
#2221 = CARTESIAN_POINT('',(-0.278152918991,-3.156973293769,10.));
#2222 = VECTOR('',#2223,1.);
#2223 = DIRECTION('',(0.,0.,1.));
#2224 = ADVANCED_FACE('',(#2225),#2243,.T.);
#2225 = FACE_BOUND('',#2226,.T.);
#2226 = EDGE_LOOP('',(#2227,#2235,#2241,#2242));
#2227 = ORIENTED_EDGE('',*,*,#2228,.T.);
#2228 = EDGE_CURVE('',#560,#2229,#2231,.T.);
#2229 = VERTEX_POINT('',#2230);
#2230 = CARTESIAN_POINT('',(-1.426242681602,-2.2,9.6));
#2231 = LINE('',#2232,#2233);
#2232 = CARTESIAN_POINT('',(-1.426242681602,-2.2,10.));
#2233 = VECTOR('',#2234,1.);
#2234 = DIRECTION('',(-0.,-0.,-1.));
#2235 = ORIENTED_EDGE('',*,*,#2236,.T.);
#2236 = EDGE_CURVE('',#2229,#2203,#2237,.T.);
#2237 = B_SPLINE_CURVE_WITH_KNOTS('',2,(#2238,#2239,#2240),
  .UNSPECIFIED.,.F.,.F.,(3,3),(0.,1.),.PIECEWISE_BEZIER_KNOTS.);
#2238 = CARTESIAN_POINT('',(-1.426242681602,-2.2,9.6));
#2239 = CARTESIAN_POINT('',(-0.8928135273,-2.2,9.6));
#2240 = CARTESIAN_POINT('',(-0.585552770623,-2.446754451039,9.6));
#2241 = ORIENTED_EDGE('',*,*,#2202,.F.);
#2242 = ORIENTED_EDGE('',*,*,#567,.F.);
#2243 = SURFACE_OF_LINEAR_EXTRUSION('',#2244,#2248);
#2244 = B_SPLINE_CURVE_WITH_KNOTS('',2,(#2245,#2246,#2247),
  .UNSPECIFIED.,.F.,.F.,(3,3),(0.,1.),.PIECEWISE_BEZIER_KNOTS.);
#2245 = CARTESIAN_POINT('',(-1.426242681602,-2.2,10.));
#2246 = CARTESIAN_POINT('',(-0.8928135273,-2.2,10.));
#2247 = CARTESIAN_POINT('',(-0.585552770623,-2.446754451039,10.));
#2248 = VECTOR('',#2249,1.);
#2249 = DIRECTION('',(0.,0.,1.));
#2250 = ADVANCED_FACE('',(#2251),#2269,.T.);
#2251 = FACE_BOUND('',#2252,.T.);
#2252 = EDGE_LOOP('',(#2253,#2261,#2267,#2268));
#2253 = ORIENTED_EDGE('',*,*,#2254,.T.);
#2254 = EDGE_CURVE('',#552,#2255,#2257,.T.);
#2255 = VERTEX_POINT('',#2256);
#2256 = CARTESIAN_POINT('',(-2.557223764688,-2.2,9.6));
#2257 = LINE('',#2258,#2259);
#2258 = CARTESIAN_POINT('',(-2.557223764688,-2.2,10.));
#2259 = VECTOR('',#2260,1.);
#2260 = DIRECTION('',(-0.,-0.,-1.));
#2261 = ORIENTED_EDGE('',*,*,#2262,.T.);
#2262 = EDGE_CURVE('',#2255,#2229,#2263,.T.);
#2263 = LINE('',#2264,#2265);
#2264 = CARTESIAN_POINT('',(-2.557223764688,-2.2,9.6));
#2265 = VECTOR('',#2266,1.);
#2266 = DIRECTION('',(1.,0.,0.));
#2267 = ORIENTED_EDGE('',*,*,#2228,.F.);
#2268 = ORIENTED_EDGE('',*,*,#559,.F.);
#2269 = PLANE('',#2270);
#2270 = AXIS2_PLACEMENT_3D('',#2271,#2272,#2273);
#2271 = CARTESIAN_POINT('',(-2.557223764688,-2.2,10.));
#2272 = DIRECTION('',(0.,-1.,0.));
#2273 = DIRECTION('',(1.,0.,0.));
#2274 = ADVANCED_FACE('',(#2275),#2293,.T.);
#2275 = FACE_BOUND('',#2276,.T.);
#2276 = EDGE_LOOP('',(#2277,#2285,#2291,#2292));
#2277 = ORIENTED_EDGE('',*,*,#2278,.T.);
#2278 = EDGE_CURVE('',#544,#2279,#2281,.T.);
#2279 = VERTEX_POINT('',#2280);
#2280 = CARTESIAN_POINT('',(-2.634143275074,-2.230044510386,9.6));
#2281 = LINE('',#2282,#2283);
#2282 = CARTESIAN_POINT('',(-2.634143275074,-2.230044510386,10.));
#2283 = VECTOR('',#2284,1.);
#2284 = DIRECTION('',(-0.,-0.,-1.));
#2285 = ORIENTED_EDGE('',*,*,#2286,.T.);
#2286 = EDGE_CURVE('',#2279,#2255,#2287,.T.);
#2287 = B_SPLINE_CURVE_WITH_KNOTS('',2,(#2288,#2289,#2290),
  .UNSPECIFIED.,.F.,.F.,(3,3),(0.,1.),.PIECEWISE_BEZIER_KNOTS.);
#2288 = CARTESIAN_POINT('',(-2.634143275074,-2.230044510386,9.6));
#2289 = CARTESIAN_POINT('',(-2.604237859644,-2.2,9.6));
#2290 = CARTESIAN_POINT('',(-2.557223764688,-2.2,9.6));
#2291 = ORIENTED_EDGE('',*,*,#2254,.F.);
#2292 = ORIENTED_EDGE('',*,*,#551,.F.);
#2293 = SURFACE_OF_LINEAR_EXTRUSION('',#2294,#2298);
#2294 = B_SPLINE_CURVE_WITH_KNOTS('',2,(#2295,#2296,#2297),
  .UNSPECIFIED.,.F.,.F.,(3,3),(0.,1.),.PIECEWISE_BEZIER_KNOTS.);
#2295 = CARTESIAN_POINT('',(-2.634143275074,-2.230044510386,10.));
#2296 = CARTESIAN_POINT('',(-2.604237859644,-2.2,10.));
#2297 = CARTESIAN_POINT('',(-2.557223764688,-2.2,10.));
#2298 = VECTOR('',#2299,1.);
#2299 = DIRECTION('',(0.,0.,1.));
#2300 = ADVANCED_FACE('',(#2301),#2319,.T.);
#2301 = FACE_BOUND('',#2302,.T.);
#2302 = EDGE_LOOP('',(#2303,#2311,#2317,#2318));
#2303 = ORIENTED_EDGE('',*,*,#2304,.T.);
#2304 = EDGE_CURVE('',#536,#2305,#2307,.T.);
#2305 = VERTEX_POINT('',#2306);
#2306 = CARTESIAN_POINT('',(-2.663909595549,-2.307103115727,9.6));
#2307 = LINE('',#2308,#2309);
#2308 = CARTESIAN_POINT('',(-2.663909595549,-2.307103115727,10.));
#2309 = VECTOR('',#2310,1.);
#2310 = DIRECTION('',(-0.,-0.,-1.));
#2311 = ORIENTED_EDGE('',*,*,#2312,.T.);
#2312 = EDGE_CURVE('',#2305,#2279,#2313,.T.);
#2313 = B_SPLINE_CURVE_WITH_KNOTS('',2,(#2314,#2315,#2316),
  .UNSPECIFIED.,.F.,.F.,(3,3),(0.,1.),.PIECEWISE_BEZIER_KNOTS.);
#2314 = CARTESIAN_POINT('',(-2.663909595549,-2.307103115727,9.6));
#2315 = CARTESIAN_POINT('',(-2.663909595549,-2.259949925816,9.6));
#2316 = CARTESIAN_POINT('',(-2.634143275074,-2.230044510386,9.6));
#2317 = ORIENTED_EDGE('',*,*,#2278,.F.);
#2318 = ORIENTED_EDGE('',*,*,#543,.F.);
#2319 = SURFACE_OF_LINEAR_EXTRUSION('',#2320,#2324);
#2320 = B_SPLINE_CURVE_WITH_KNOTS('',2,(#2321,#2322,#2323),
  .UNSPECIFIED.,.F.,.F.,(3,3),(0.,1.),.PIECEWISE_BEZIER_KNOTS.);
#2321 = CARTESIAN_POINT('',(-2.663909595549,-2.307103115727,10.));
#2322 = CARTESIAN_POINT('',(-2.663909595549,-2.259949925816,10.));
#2323 = CARTESIAN_POINT('',(-2.634143275074,-2.230044510386,10.));
#2324 = VECTOR('',#2325,1.);
#2325 = DIRECTION('',(0.,0.,1.));
#2326 = ADVANCED_FACE('',(#2327),#2345,.T.);
#2327 = FACE_BOUND('',#2328,.T.);
#2328 = EDGE_LOOP('',(#2329,#2337,#2343,#2344));
#2329 = ORIENTED_EDGE('',*,*,#2330,.T.);
#2330 = EDGE_CURVE('',#528,#2331,#2333,.T.);
#2331 = VERTEX_POINT('',#2332);
#2332 = CARTESIAN_POINT('',(-2.663909595549,-5.092757789318,9.6));
#2333 = LINE('',#2334,#2335);
#2334 = CARTESIAN_POINT('',(-2.663909595549,-5.092757789318,10.));
#2335 = VECTOR('',#2336,1.);
#2336 = DIRECTION('',(-0.,-0.,-1.));
#2337 = ORIENTED_EDGE('',*,*,#2338,.T.);
#2338 = EDGE_CURVE('',#2331,#2305,#2339,.T.);
#2339 = LINE('',#2340,#2341);
#2340 = CARTESIAN_POINT('',(-2.663909595549,-5.092757789318,9.6));
#2341 = VECTOR('',#2342,1.);
#2342 = DIRECTION('',(0.,1.,0.));
#2343 = ORIENTED_EDGE('',*,*,#2304,.F.);
#2344 = ORIENTED_EDGE('',*,*,#535,.F.);
#2345 = PLANE('',#2346);
#2346 = AXIS2_PLACEMENT_3D('',#2347,#2348,#2349);
#2347 = CARTESIAN_POINT('',(-2.663909595549,-5.092757789318,10.));
#2348 = DIRECTION('',(1.,0.,0.));
#2349 = DIRECTION('',(-0.,1.,0.));
#2350 = ADVANCED_FACE('',(#2351),#2369,.T.);
#2351 = FACE_BOUND('',#2352,.T.);
#2352 = EDGE_LOOP('',(#2353,#2361,#2367,#2368));
#2353 = ORIENTED_EDGE('',*,*,#2354,.T.);
#2354 = EDGE_CURVE('',#520,#2355,#2357,.T.);
#2355 = VERTEX_POINT('',#2356);
#2356 = CARTESIAN_POINT('',(-2.634143275074,-5.17009458457,9.6));
#2357 = LINE('',#2358,#2359);
#2358 = CARTESIAN_POINT('',(-2.634143275074,-5.17009458457,10.));
#2359 = VECTOR('',#2360,1.);
#2360 = DIRECTION('',(-0.,-0.,-1.));
#2361 = ORIENTED_EDGE('',*,*,#2362,.T.);
#2362 = EDGE_CURVE('',#2355,#2331,#2363,.T.);
#2363 = B_SPLINE_CURVE_WITH_KNOTS('',2,(#2364,#2365,#2366),
  .UNSPECIFIED.,.F.,.F.,(3,3),(0.,1.),.PIECEWISE_BEZIER_KNOTS.);
#2364 = CARTESIAN_POINT('',(-2.634143275074,-5.17009458457,9.6));
#2365 = CARTESIAN_POINT('',(-2.663909595549,-5.140050074184,9.6));
#2366 = CARTESIAN_POINT('',(-2.663909595549,-5.092757789318,9.6));
#2367 = ORIENTED_EDGE('',*,*,#2330,.F.);
#2368 = ORIENTED_EDGE('',*,*,#527,.F.);
#2369 = SURFACE_OF_LINEAR_EXTRUSION('',#2370,#2374);
#2370 = B_SPLINE_CURVE_WITH_KNOTS('',2,(#2371,#2372,#2373),
  .UNSPECIFIED.,.F.,.F.,(3,3),(0.,1.),.PIECEWISE_BEZIER_KNOTS.);
#2371 = CARTESIAN_POINT('',(-2.634143275074,-5.17009458457,10.));
#2372 = CARTESIAN_POINT('',(-2.663909595549,-5.140050074184,10.));
#2373 = CARTESIAN_POINT('',(-2.663909595549,-5.092757789318,10.));
#2374 = VECTOR('',#2375,1.);
#2375 = DIRECTION('',(0.,0.,1.));
#2376 = ADVANCED_FACE('',(#2377),#2388,.T.);
#2377 = FACE_BOUND('',#2378,.T.);
#2378 = EDGE_LOOP('',(#2379,#2380,#2386,#2387));
#2379 = ORIENTED_EDGE('',*,*,#1833,.T.);
#2380 = ORIENTED_EDGE('',*,*,#2381,.T.);
#2381 = EDGE_CURVE('',#1826,#2355,#2382,.T.);
#2382 = B_SPLINE_CURVE_WITH_KNOTS('',2,(#2383,#2384,#2385),
  .UNSPECIFIED.,.F.,.F.,(3,3),(0.,1.),.PIECEWISE_BEZIER_KNOTS.);
#2383 = CARTESIAN_POINT('',(-2.557501954599,-5.2,9.6));
#2384 = CARTESIAN_POINT('',(-2.604376954599,-5.2,9.6));
#2385 = CARTESIAN_POINT('',(-2.634143275074,-5.17009458457,9.6));
#2386 = ORIENTED_EDGE('',*,*,#2354,.F.);
#2387 = ORIENTED_EDGE('',*,*,#519,.F.);
#2388 = SURFACE_OF_LINEAR_EXTRUSION('',#2389,#2393);
#2389 = B_SPLINE_CURVE_WITH_KNOTS('',2,(#2390,#2391,#2392),
  .UNSPECIFIED.,.F.,.F.,(3,3),(0.,1.),.PIECEWISE_BEZIER_KNOTS.);
#2390 = CARTESIAN_POINT('',(-2.557501954599,-5.2,10.));
#2391 = CARTESIAN_POINT('',(-2.604376954599,-5.2,10.));
#2392 = CARTESIAN_POINT('',(-2.634143275074,-5.17009458457,10.));
#2393 = VECTOR('',#2394,1.);
#2394 = DIRECTION('',(0.,0.,1.));
#2395 = ADVANCED_FACE('',(#2396),#2421,.T.);
#2396 = FACE_BOUND('',#2397,.T.);
#2397 = EDGE_LOOP('',(#2398,#2406,#2414,#2420));
#2398 = ORIENTED_EDGE('',*,*,#2399,.T.);
#2399 = EDGE_CURVE('',#696,#2400,#2402,.T.);
#2400 = VERTEX_POINT('',#2401);
#2401 = CARTESIAN_POINT('',(2.224582615134,-5.2,9.6));
#2402 = LINE('',#2403,#2404);
#2403 = CARTESIAN_POINT('',(2.224582615134,-5.2,10.));
#2404 = VECTOR('',#2405,1.);
#2405 = DIRECTION('',(-0.,-0.,-1.));
#2406 = ORIENTED_EDGE('',*,*,#2407,.T.);
#2407 = EDGE_CURVE('',#2400,#2408,#2410,.T.);
#2408 = VERTEX_POINT('',#2409);
#2409 = CARTESIAN_POINT('',(0.253050716024,-5.2,9.6));
#2410 = LINE('',#2411,#2412);
#2411 = CARTESIAN_POINT('',(2.224582615134,-5.2,9.6));
#2412 = VECTOR('',#2413,1.);
#2413 = DIRECTION('',(-1.,0.,0.));
#2414 = ORIENTED_EDGE('',*,*,#2415,.F.);
#2415 = EDGE_CURVE('',#698,#2408,#2416,.T.);
#2416 = LINE('',#2417,#2418);
#2417 = CARTESIAN_POINT('',(0.253050716024,-5.2,10.));
#2418 = VECTOR('',#2419,1.);
#2419 = DIRECTION('',(-0.,-0.,-1.));
#2420 = ORIENTED_EDGE('',*,*,#695,.F.);
#2421 = PLANE('',#2422);
#2422 = AXIS2_PLACEMENT_3D('',#2423,#2424,#2425);
#2423 = CARTESIAN_POINT('',(2.224582615134,-5.2,10.));
#2424 = DIRECTION('',(0.,1.,0.));
#2425 = DIRECTION('',(-1.,0.,0.));
#2426 = ADVANCED_FACE('',(#2427),#2445,.T.);
#2427 = FACE_BOUND('',#2428,.T.);
#2428 = EDGE_LOOP('',(#2429,#2437,#2443,#2444));
#2429 = ORIENTED_EDGE('',*,*,#2430,.T.);
#2430 = EDGE_CURVE('',#906,#2431,#2433,.T.);
#2431 = VERTEX_POINT('',#2432);
#2432 = CARTESIAN_POINT('',(2.301641220475,-5.17009458457,9.6));
#2433 = LINE('',#2434,#2435);
#2434 = CARTESIAN_POINT('',(2.301641220475,-5.17009458457,10.));
#2435 = VECTOR('',#2436,1.);
#2436 = DIRECTION('',(-0.,-0.,-1.));
#2437 = ORIENTED_EDGE('',*,*,#2438,.T.);
#2438 = EDGE_CURVE('',#2431,#2400,#2439,.T.);
#2439 = B_SPLINE_CURVE_WITH_KNOTS('',2,(#2440,#2441,#2442),
  .UNSPECIFIED.,.F.,.F.,(3,3),(0.,1.),.PIECEWISE_BEZIER_KNOTS.);
#2440 = CARTESIAN_POINT('',(2.301641220475,-5.17009458457,9.6));
#2441 = CARTESIAN_POINT('',(2.271735805045,-5.2,9.6));
#2442 = CARTESIAN_POINT('',(2.224582615134,-5.2,9.6));
#2443 = ORIENTED_EDGE('',*,*,#2399,.F.);
#2444 = ORIENTED_EDGE('',*,*,#913,.F.);
#2445 = SURFACE_OF_LINEAR_EXTRUSION('',#2446,#2450);
#2446 = B_SPLINE_CURVE_WITH_KNOTS('',2,(#2447,#2448,#2449),
  .UNSPECIFIED.,.F.,.F.,(3,3),(0.,1.),.PIECEWISE_BEZIER_KNOTS.);
#2447 = CARTESIAN_POINT('',(2.301641220475,-5.17009458457,10.));
#2448 = CARTESIAN_POINT('',(2.271735805045,-5.2,10.));
#2449 = CARTESIAN_POINT('',(2.224582615134,-5.2,10.));
#2450 = VECTOR('',#2451,1.);
#2451 = DIRECTION('',(0.,0.,1.));
#2452 = ADVANCED_FACE('',(#2453),#2471,.T.);
#2453 = FACE_BOUND('',#2454,.T.);
#2454 = EDGE_LOOP('',(#2455,#2463,#2469,#2470));
#2455 = ORIENTED_EDGE('',*,*,#2456,.T.);
#2456 = EDGE_CURVE('',#898,#2457,#2459,.T.);
#2457 = VERTEX_POINT('',#2458);
#2458 = CARTESIAN_POINT('',(2.331546635905,-5.093035979228,9.6));
#2459 = LINE('',#2460,#2461);
#2460 = CARTESIAN_POINT('',(2.331546635905,-5.093035979228,10.));
#2461 = VECTOR('',#2462,1.);
#2462 = DIRECTION('',(-0.,-0.,-1.));
#2463 = ORIENTED_EDGE('',*,*,#2464,.T.);
#2464 = EDGE_CURVE('',#2457,#2431,#2465,.T.);
#2465 = B_SPLINE_CURVE_WITH_KNOTS('',2,(#2466,#2467,#2468),
  .UNSPECIFIED.,.F.,.F.,(3,3),(0.,1.),.PIECEWISE_BEZIER_KNOTS.);
#2466 = CARTESIAN_POINT('',(2.331546635905,-5.093035979228,9.6));
#2467 = CARTESIAN_POINT('',(2.331546635905,-5.140050074184,9.6));
#2468 = CARTESIAN_POINT('',(2.301641220475,-5.17009458457,9.6));
#2469 = ORIENTED_EDGE('',*,*,#2430,.F.);
#2470 = ORIENTED_EDGE('',*,*,#905,.F.);
#2471 = SURFACE_OF_LINEAR_EXTRUSION('',#2472,#2476);
#2472 = B_SPLINE_CURVE_WITH_KNOTS('',2,(#2473,#2474,#2475),
  .UNSPECIFIED.,.F.,.F.,(3,3),(0.,1.),.PIECEWISE_BEZIER_KNOTS.);
#2473 = CARTESIAN_POINT('',(2.331546635905,-5.093035979228,10.));
#2474 = CARTESIAN_POINT('',(2.331546635905,-5.140050074184,10.));
#2475 = CARTESIAN_POINT('',(2.301641220475,-5.17009458457,10.));
#2476 = VECTOR('',#2477,1.);
#2477 = DIRECTION('',(0.,0.,1.));
#2478 = ADVANCED_FACE('',(#2479),#2497,.T.);
#2479 = FACE_BOUND('',#2480,.T.);
#2480 = EDGE_LOOP('',(#2481,#2489,#2495,#2496));
#2481 = ORIENTED_EDGE('',*,*,#2482,.T.);
#2482 = EDGE_CURVE('',#890,#2483,#2485,.T.);
#2483 = VERTEX_POINT('',#2484);
#2484 = CARTESIAN_POINT('',(2.331546635905,-4.755035237389,9.6));
#2485 = LINE('',#2486,#2487);
#2486 = CARTESIAN_POINT('',(2.331546635905,-4.755035237389,10.));
#2487 = VECTOR('',#2488,1.);
#2488 = DIRECTION('',(-0.,-0.,-1.));
#2489 = ORIENTED_EDGE('',*,*,#2490,.T.);
#2490 = EDGE_CURVE('',#2483,#2457,#2491,.T.);
#2491 = LINE('',#2492,#2493);
#2492 = CARTESIAN_POINT('',(2.331546635905,-4.755035237389,9.6));
#2493 = VECTOR('',#2494,1.);
#2494 = DIRECTION('',(0.,-1.,0.));
#2495 = ORIENTED_EDGE('',*,*,#2456,.F.);
#2496 = ORIENTED_EDGE('',*,*,#897,.F.);
#2497 = PLANE('',#2498);
#2498 = AXIS2_PLACEMENT_3D('',#2499,#2500,#2501);
#2499 = CARTESIAN_POINT('',(2.331546635905,-4.755035237389,10.));
#2500 = DIRECTION('',(-1.,0.,0.));
#2501 = DIRECTION('',(0.,-1.,0.));
#2502 = ADVANCED_FACE('',(#2503),#2521,.T.);
#2503 = FACE_BOUND('',#2504,.T.);
#2504 = EDGE_LOOP('',(#2505,#2513,#2519,#2520));
#2505 = ORIENTED_EDGE('',*,*,#2506,.T.);
#2506 = EDGE_CURVE('',#882,#2507,#2509,.T.);
#2507 = VERTEX_POINT('',#2508);
#2508 = CARTESIAN_POINT('',(2.301641220475,-4.678115727003,9.6));
#2509 = LINE('',#2510,#2511);
#2510 = CARTESIAN_POINT('',(2.301641220475,-4.678115727003,10.));
#2511 = VECTOR('',#2512,1.);
#2512 = DIRECTION('',(-0.,-0.,-1.));
#2513 = ORIENTED_EDGE('',*,*,#2514,.T.);
#2514 = EDGE_CURVE('',#2507,#2483,#2515,.T.);
#2515 = B_SPLINE_CURVE_WITH_KNOTS('',2,(#2516,#2517,#2518),
  .UNSPECIFIED.,.F.,.F.,(3,3),(0.,1.),.PIECEWISE_BEZIER_KNOTS.);
#2516 = CARTESIAN_POINT('',(2.301641220475,-4.678115727003,9.6));
#2517 = CARTESIAN_POINT('',(2.331546635905,-4.708021142433,9.6));
#2518 = CARTESIAN_POINT('',(2.331546635905,-4.755035237389,9.6));
#2519 = ORIENTED_EDGE('',*,*,#2482,.F.);
#2520 = ORIENTED_EDGE('',*,*,#889,.F.);
#2521 = SURFACE_OF_LINEAR_EXTRUSION('',#2522,#2526);
#2522 = B_SPLINE_CURVE_WITH_KNOTS('',2,(#2523,#2524,#2525),
  .UNSPECIFIED.,.F.,.F.,(3,3),(0.,1.),.PIECEWISE_BEZIER_KNOTS.);
#2523 = CARTESIAN_POINT('',(2.301641220475,-4.678115727003,10.));
#2524 = CARTESIAN_POINT('',(2.331546635905,-4.708021142433,10.));
#2525 = CARTESIAN_POINT('',(2.331546635905,-4.755035237389,10.));
#2526 = VECTOR('',#2527,1.);
#2527 = DIRECTION('',(0.,0.,1.));
#2528 = ADVANCED_FACE('',(#2529),#2547,.T.);
#2529 = FACE_BOUND('',#2530,.T.);
#2530 = EDGE_LOOP('',(#2531,#2539,#2545,#2546));
#2531 = ORIENTED_EDGE('',*,*,#2532,.T.);
#2532 = EDGE_CURVE('',#874,#2533,#2535,.T.);
#2533 = VERTEX_POINT('',#2534);
#2534 = CARTESIAN_POINT('',(2.224582615134,-4.648071216617,9.6));
#2535 = LINE('',#2536,#2537);
#2536 = CARTESIAN_POINT('',(2.224582615134,-4.648071216617,10.));
#2537 = VECTOR('',#2538,1.);
#2538 = DIRECTION('',(-0.,-0.,-1.));
#2539 = ORIENTED_EDGE('',*,*,#2540,.T.);
#2540 = EDGE_CURVE('',#2533,#2507,#2541,.T.);
#2541 = B_SPLINE_CURVE_WITH_KNOTS('',2,(#2542,#2543,#2544),
  .UNSPECIFIED.,.F.,.F.,(3,3),(0.,1.),.PIECEWISE_BEZIER_KNOTS.);
#2542 = CARTESIAN_POINT('',(2.224582615134,-4.648071216617,9.6));
#2543 = CARTESIAN_POINT('',(2.271735805045,-4.648071216617,9.6));
#2544 = CARTESIAN_POINT('',(2.301641220475,-4.678115727003,9.6));
#2545 = ORIENTED_EDGE('',*,*,#2506,.F.);
#2546 = ORIENTED_EDGE('',*,*,#881,.F.);
#2547 = SURFACE_OF_LINEAR_EXTRUSION('',#2548,#2552);
#2548 = B_SPLINE_CURVE_WITH_KNOTS('',2,(#2549,#2550,#2551),
  .UNSPECIFIED.,.F.,.F.,(3,3),(0.,1.),.PIECEWISE_BEZIER_KNOTS.);
#2549 = CARTESIAN_POINT('',(2.224582615134,-4.648071216617,10.));
#2550 = CARTESIAN_POINT('',(2.271735805045,-4.648071216617,10.));
#2551 = CARTESIAN_POINT('',(2.301641220475,-4.678115727003,10.));
#2552 = VECTOR('',#2553,1.);
#2553 = DIRECTION('',(0.,0.,1.));
#2554 = ADVANCED_FACE('',(#2555),#2573,.T.);
#2555 = FACE_BOUND('',#2556,.T.);
#2556 = EDGE_LOOP('',(#2557,#2565,#2571,#2572));
#2557 = ORIENTED_EDGE('',*,*,#2558,.T.);
#2558 = EDGE_CURVE('',#866,#2559,#2561,.T.);
#2559 = VERTEX_POINT('',#2560);
#2560 = CARTESIAN_POINT('',(0.804144929674,-4.648071216617,9.6));
#2561 = LINE('',#2562,#2563);
#2562 = CARTESIAN_POINT('',(0.804144929674,-4.648071216617,10.));
#2563 = VECTOR('',#2564,1.);
#2564 = DIRECTION('',(-0.,-0.,-1.));
#2565 = ORIENTED_EDGE('',*,*,#2566,.T.);
#2566 = EDGE_CURVE('',#2559,#2533,#2567,.T.);
#2567 = LINE('',#2568,#2569);
#2568 = CARTESIAN_POINT('',(0.804144929674,-4.648071216617,9.6));
#2569 = VECTOR('',#2570,1.);
#2570 = DIRECTION('',(1.,0.,0.));
#2571 = ORIENTED_EDGE('',*,*,#2532,.F.);
#2572 = ORIENTED_EDGE('',*,*,#873,.F.);
#2573 = PLANE('',#2574);
#2574 = AXIS2_PLACEMENT_3D('',#2575,#2576,#2577);
#2575 = CARTESIAN_POINT('',(0.804144929674,-4.648071216617,10.));
#2576 = DIRECTION('',(0.,-1.,0.));
#2577 = DIRECTION('',(1.,0.,0.));
#2578 = ADVANCED_FACE('',(#2579),#2597,.T.);
#2579 = FACE_BOUND('',#2580,.T.);
#2580 = EDGE_LOOP('',(#2581,#2589,#2595,#2596));
#2581 = ORIENTED_EDGE('',*,*,#2582,.T.);
#2582 = EDGE_CURVE('',#858,#2583,#2585,.T.);
#2583 = VERTEX_POINT('',#2584);
#2584 = CARTESIAN_POINT('',(0.804144929674,-3.953709198813,9.6));
#2585 = LINE('',#2586,#2587);
#2586 = CARTESIAN_POINT('',(0.804144929674,-3.953709198813,10.));
#2587 = VECTOR('',#2588,1.);
#2588 = DIRECTION('',(-0.,-0.,-1.));
#2589 = ORIENTED_EDGE('',*,*,#2590,.T.);
#2590 = EDGE_CURVE('',#2583,#2559,#2591,.T.);
#2591 = LINE('',#2592,#2593);
#2592 = CARTESIAN_POINT('',(0.804144929674,-3.953709198813,9.6));
#2593 = VECTOR('',#2594,1.);
#2594 = DIRECTION('',(0.,-1.,0.));
#2595 = ORIENTED_EDGE('',*,*,#2558,.F.);
#2596 = ORIENTED_EDGE('',*,*,#865,.F.);
#2597 = PLANE('',#2598);
#2598 = AXIS2_PLACEMENT_3D('',#2599,#2600,#2601);
#2599 = CARTESIAN_POINT('',(0.804144929674,-3.953709198813,10.));
#2600 = DIRECTION('',(-1.,0.,0.));
#2601 = DIRECTION('',(0.,-1.,0.));
#2602 = ADVANCED_FACE('',(#2603),#2621,.T.);
#2603 = FACE_BOUND('',#2604,.T.);
#2604 = EDGE_LOOP('',(#2605,#2613,#2619,#2620));
#2605 = ORIENTED_EDGE('',*,*,#2606,.T.);
#2606 = EDGE_CURVE('',#850,#2607,#2609,.T.);
#2607 = VERTEX_POINT('',#2608);
#2608 = CARTESIAN_POINT('',(2.095641591395,-3.953709198813,9.6));
#2609 = LINE('',#2610,#2611);
#2610 = CARTESIAN_POINT('',(2.095641591395,-3.953709198813,10.));
#2611 = VECTOR('',#2612,1.);
#2612 = DIRECTION('',(-0.,-0.,-1.));
#2613 = ORIENTED_EDGE('',*,*,#2614,.T.);
#2614 = EDGE_CURVE('',#2607,#2583,#2615,.T.);
#2615 = LINE('',#2616,#2617);
#2616 = CARTESIAN_POINT('',(2.095641591395,-3.953709198813,9.6));
#2617 = VECTOR('',#2618,1.);
#2618 = DIRECTION('',(-1.,0.,0.));
#2619 = ORIENTED_EDGE('',*,*,#2582,.F.);
#2620 = ORIENTED_EDGE('',*,*,#857,.F.);
#2621 = PLANE('',#2622);
#2622 = AXIS2_PLACEMENT_3D('',#2623,#2624,#2625);
#2623 = CARTESIAN_POINT('',(2.095641591395,-3.953709198813,10.));
#2624 = DIRECTION('',(0.,1.,0.));
#2625 = DIRECTION('',(-1.,0.,0.));
#2626 = ADVANCED_FACE('',(#2627),#2645,.T.);
#2627 = FACE_BOUND('',#2628,.T.);
#2628 = EDGE_LOOP('',(#2629,#2637,#2643,#2644));
#2629 = ORIENTED_EDGE('',*,*,#2630,.T.);
#2630 = EDGE_CURVE('',#842,#2631,#2633,.T.);
#2631 = VERTEX_POINT('',#2632);
#2632 = CARTESIAN_POINT('',(2.17256110178,-3.923803783383,9.6));
#2633 = LINE('',#2634,#2635);
#2634 = CARTESIAN_POINT('',(2.17256110178,-3.923803783383,10.));
#2635 = VECTOR('',#2636,1.);
#2636 = DIRECTION('',(-0.,-0.,-1.));
#2637 = ORIENTED_EDGE('',*,*,#2638,.T.);
#2638 = EDGE_CURVE('',#2631,#2607,#2639,.T.);
#2639 = B_SPLINE_CURVE_WITH_KNOTS('',2,(#2640,#2641,#2642),
  .UNSPECIFIED.,.F.,.F.,(3,3),(0.,1.),.PIECEWISE_BEZIER_KNOTS.);
#2640 = CARTESIAN_POINT('',(2.17256110178,-3.923803783383,9.6));
#2641 = CARTESIAN_POINT('',(2.14265568635,-3.953709198813,9.6));
#2642 = CARTESIAN_POINT('',(2.095641591395,-3.953709198813,9.6));
#2643 = ORIENTED_EDGE('',*,*,#2606,.F.);
#2644 = ORIENTED_EDGE('',*,*,#849,.F.);
#2645 = SURFACE_OF_LINEAR_EXTRUSION('',#2646,#2650);
#2646 = B_SPLINE_CURVE_WITH_KNOTS('',2,(#2647,#2648,#2649),
  .UNSPECIFIED.,.F.,.F.,(3,3),(0.,1.),.PIECEWISE_BEZIER_KNOTS.);
#2647 = CARTESIAN_POINT('',(2.17256110178,-3.923803783383,10.));
#2648 = CARTESIAN_POINT('',(2.14265568635,-3.953709198813,10.));
#2649 = CARTESIAN_POINT('',(2.095641591395,-3.953709198813,10.));
#2650 = VECTOR('',#2651,1.);
#2651 = DIRECTION('',(0.,0.,1.));
#2652 = ADVANCED_FACE('',(#2653),#2671,.T.);
#2653 = FACE_BOUND('',#2654,.T.);
#2654 = EDGE_LOOP('',(#2655,#2663,#2669,#2670));
#2655 = ORIENTED_EDGE('',*,*,#2656,.T.);
#2656 = EDGE_CURVE('',#834,#2657,#2659,.T.);
#2657 = VERTEX_POINT('',#2658);
#2658 = CARTESIAN_POINT('',(2.202466517211,-3.851196216617,9.6));
#2659 = LINE('',#2660,#2661);
#2660 = CARTESIAN_POINT('',(2.202466517211,-3.851196216617,10.));
#2661 = VECTOR('',#2662,1.);
#2662 = DIRECTION('',(-0.,-0.,-1.));
#2663 = ORIENTED_EDGE('',*,*,#2664,.T.);
#2664 = EDGE_CURVE('',#2657,#2631,#2665,.T.);
#2665 = B_SPLINE_CURVE_WITH_KNOTS('',2,(#2666,#2667,#2668),
  .UNSPECIFIED.,.F.,.F.,(3,3),(0.,1.),.PIECEWISE_BEZIER_KNOTS.);
#2666 = CARTESIAN_POINT('',(2.202466517211,-3.851196216617,9.6));
#2667 = CARTESIAN_POINT('',(2.202466517211,-3.893898367953,9.6));
#2668 = CARTESIAN_POINT('',(2.17256110178,-3.923803783383,9.6));
#2669 = ORIENTED_EDGE('',*,*,#2630,.F.);
#2670 = ORIENTED_EDGE('',*,*,#841,.F.);
#2671 = SURFACE_OF_LINEAR_EXTRUSION('',#2672,#2676);
#2672 = B_SPLINE_CURVE_WITH_KNOTS('',2,(#2673,#2674,#2675),
  .UNSPECIFIED.,.F.,.F.,(3,3),(0.,1.),.PIECEWISE_BEZIER_KNOTS.);
#2673 = CARTESIAN_POINT('',(2.202466517211,-3.851196216617,10.));
#2674 = CARTESIAN_POINT('',(2.202466517211,-3.893898367953,10.));
#2675 = CARTESIAN_POINT('',(2.17256110178,-3.923803783383,10.));
#2676 = VECTOR('',#2677,1.);
#2677 = DIRECTION('',(0.,0.,1.));
#2678 = ADVANCED_FACE('',(#2679),#2697,.T.);
#2679 = FACE_BOUND('',#2680,.T.);
#2680 = EDGE_LOOP('',(#2681,#2689,#2695,#2696));
#2681 = ORIENTED_EDGE('',*,*,#2682,.T.);
#2682 = EDGE_CURVE('',#826,#2683,#2685,.T.);
#2683 = VERTEX_POINT('',#2684);
#2684 = CARTESIAN_POINT('',(2.202466517211,-3.5353115727,9.6));
#2685 = LINE('',#2686,#2687);
#2686 = CARTESIAN_POINT('',(2.202466517211,-3.5353115727,10.));
#2687 = VECTOR('',#2688,1.);
#2688 = DIRECTION('',(-0.,-0.,-1.));
#2689 = ORIENTED_EDGE('',*,*,#2690,.T.);
#2690 = EDGE_CURVE('',#2683,#2657,#2691,.T.);
#2691 = LINE('',#2692,#2693);
#2692 = CARTESIAN_POINT('',(2.202466517211,-3.5353115727,9.6));
#2693 = VECTOR('',#2694,1.);
#2694 = DIRECTION('',(0.,-1.,0.));
#2695 = ORIENTED_EDGE('',*,*,#2656,.F.);
#2696 = ORIENTED_EDGE('',*,*,#833,.F.);
#2697 = PLANE('',#2698);
#2698 = AXIS2_PLACEMENT_3D('',#2699,#2700,#2701);
#2699 = CARTESIAN_POINT('',(2.202466517211,-3.5353115727,10.));
#2700 = DIRECTION('',(-1.,0.,0.));
#2701 = DIRECTION('',(0.,-1.,0.));
#2702 = ADVANCED_FACE('',(#2703),#2721,.T.);
#2703 = FACE_BOUND('',#2704,.T.);
#2704 = EDGE_LOOP('',(#2705,#2713,#2719,#2720));
#2705 = ORIENTED_EDGE('',*,*,#2706,.T.);
#2706 = EDGE_CURVE('',#818,#2707,#2709,.T.);
#2707 = VERTEX_POINT('',#2708);
#2708 = CARTESIAN_POINT('',(2.17256110178,-3.458392062315,9.6));
#2709 = LINE('',#2710,#2711);
#2710 = CARTESIAN_POINT('',(2.17256110178,-3.458392062315,10.));
#2711 = VECTOR('',#2712,1.);
#2712 = DIRECTION('',(-0.,-0.,-1.));
#2713 = ORIENTED_EDGE('',*,*,#2714,.T.);
#2714 = EDGE_CURVE('',#2707,#2683,#2715,.T.);
#2715 = B_SPLINE_CURVE_WITH_KNOTS('',2,(#2716,#2717,#2718),
  .UNSPECIFIED.,.F.,.F.,(3,3),(0.,1.),.PIECEWISE_BEZIER_KNOTS.);
#2716 = CARTESIAN_POINT('',(2.17256110178,-3.458392062315,9.6));
#2717 = CARTESIAN_POINT('',(2.202466517211,-3.488297477745,9.6));
#2718 = CARTESIAN_POINT('',(2.202466517211,-3.5353115727,9.6));
#2719 = ORIENTED_EDGE('',*,*,#2682,.F.);
#2720 = ORIENTED_EDGE('',*,*,#825,.F.);
#2721 = SURFACE_OF_LINEAR_EXTRUSION('',#2722,#2726);
#2722 = B_SPLINE_CURVE_WITH_KNOTS('',2,(#2723,#2724,#2725),
  .UNSPECIFIED.,.F.,.F.,(3,3),(0.,1.),.PIECEWISE_BEZIER_KNOTS.);
#2723 = CARTESIAN_POINT('',(2.17256110178,-3.458392062315,10.));
#2724 = CARTESIAN_POINT('',(2.202466517211,-3.488297477745,10.));
#2725 = CARTESIAN_POINT('',(2.202466517211,-3.5353115727,10.));
#2726 = VECTOR('',#2727,1.);
#2727 = DIRECTION('',(0.,0.,1.));
#2728 = ADVANCED_FACE('',(#2729),#2747,.T.);
#2729 = FACE_BOUND('',#2730,.T.);
#2730 = EDGE_LOOP('',(#2731,#2739,#2745,#2746));
#2731 = ORIENTED_EDGE('',*,*,#2732,.T.);
#2732 = EDGE_CURVE('',#810,#2733,#2735,.T.);
#2733 = VERTEX_POINT('',#2734);
#2734 = CARTESIAN_POINT('',(2.095641591395,-3.428486646884,9.6));
#2735 = LINE('',#2736,#2737);
#2736 = CARTESIAN_POINT('',(2.095641591395,-3.428486646884,10.));
#2737 = VECTOR('',#2738,1.);
#2738 = DIRECTION('',(-0.,-0.,-1.));
#2739 = ORIENTED_EDGE('',*,*,#2740,.T.);
#2740 = EDGE_CURVE('',#2733,#2707,#2741,.T.);
#2741 = B_SPLINE_CURVE_WITH_KNOTS('',2,(#2742,#2743,#2744),
  .UNSPECIFIED.,.F.,.F.,(3,3),(0.,1.),.PIECEWISE_BEZIER_KNOTS.);
#2742 = CARTESIAN_POINT('',(2.095641591395,-3.428486646884,9.6));
#2743 = CARTESIAN_POINT('',(2.14265568635,-3.428486646884,9.6));
#2744 = CARTESIAN_POINT('',(2.17256110178,-3.458392062315,9.6));
#2745 = ORIENTED_EDGE('',*,*,#2706,.F.);
#2746 = ORIENTED_EDGE('',*,*,#817,.F.);
#2747 = SURFACE_OF_LINEAR_EXTRUSION('',#2748,#2752);
#2748 = B_SPLINE_CURVE_WITH_KNOTS('',2,(#2749,#2750,#2751),
  .UNSPECIFIED.,.F.,.F.,(3,3),(0.,1.),.PIECEWISE_BEZIER_KNOTS.);
#2749 = CARTESIAN_POINT('',(2.095641591395,-3.428486646884,10.));
#2750 = CARTESIAN_POINT('',(2.14265568635,-3.428486646884,10.));
#2751 = CARTESIAN_POINT('',(2.17256110178,-3.458392062315,10.));
#2752 = VECTOR('',#2753,1.);
#2753 = DIRECTION('',(0.,0.,1.));
#2754 = ADVANCED_FACE('',(#2755),#2773,.T.);
#2755 = FACE_BOUND('',#2756,.T.);
#2756 = EDGE_LOOP('',(#2757,#2765,#2771,#2772));
#2757 = ORIENTED_EDGE('',*,*,#2758,.T.);
#2758 = EDGE_CURVE('',#802,#2759,#2761,.T.);
#2759 = VERTEX_POINT('',#2760);
#2760 = CARTESIAN_POINT('',(0.804144929674,-3.428486646884,9.6));
#2761 = LINE('',#2762,#2763);
#2762 = CARTESIAN_POINT('',(0.804144929674,-3.428486646884,10.));
#2763 = VECTOR('',#2764,1.);
#2764 = DIRECTION('',(-0.,-0.,-1.));
#2765 = ORIENTED_EDGE('',*,*,#2766,.T.);
#2766 = EDGE_CURVE('',#2759,#2733,#2767,.T.);
#2767 = LINE('',#2768,#2769);
#2768 = CARTESIAN_POINT('',(0.804144929674,-3.428486646884,9.6));
#2769 = VECTOR('',#2770,1.);
#2770 = DIRECTION('',(1.,0.,0.));
#2771 = ORIENTED_EDGE('',*,*,#2732,.F.);
#2772 = ORIENTED_EDGE('',*,*,#809,.F.);
#2773 = PLANE('',#2774);
#2774 = AXIS2_PLACEMENT_3D('',#2775,#2776,#2777);
#2775 = CARTESIAN_POINT('',(0.804144929674,-3.428486646884,10.));
#2776 = DIRECTION('',(0.,-1.,0.));
#2777 = DIRECTION('',(1.,0.,0.));
#2778 = ADVANCED_FACE('',(#2779),#2797,.T.);
#2779 = FACE_BOUND('',#2780,.T.);
#2780 = EDGE_LOOP('',(#2781,#2789,#2795,#2796));
#2781 = ORIENTED_EDGE('',*,*,#2782,.T.);
#2782 = EDGE_CURVE('',#794,#2783,#2785,.T.);
#2783 = VERTEX_POINT('',#2784);
#2784 = CARTESIAN_POINT('',(0.804144929674,-2.751928783383,9.6));
#2785 = LINE('',#2786,#2787);
#2786 = CARTESIAN_POINT('',(0.804144929674,-2.751928783383,10.));
#2787 = VECTOR('',#2788,1.);
#2788 = DIRECTION('',(-0.,-0.,-1.));
#2789 = ORIENTED_EDGE('',*,*,#2790,.T.);
#2790 = EDGE_CURVE('',#2783,#2759,#2791,.T.);
#2791 = LINE('',#2792,#2793);
#2792 = CARTESIAN_POINT('',(0.804144929674,-2.751928783383,9.6));
#2793 = VECTOR('',#2794,1.);
#2794 = DIRECTION('',(0.,-1.,0.));
#2795 = ORIENTED_EDGE('',*,*,#2758,.F.);
#2796 = ORIENTED_EDGE('',*,*,#801,.F.);
#2797 = PLANE('',#2798);
#2798 = AXIS2_PLACEMENT_3D('',#2799,#2800,#2801);
#2799 = CARTESIAN_POINT('',(0.804144929674,-2.751928783383,10.));
#2800 = DIRECTION('',(-1.,0.,0.));
#2801 = DIRECTION('',(0.,-1.,0.));
#2802 = ADVANCED_FACE('',(#2803),#2821,.T.);
#2803 = FACE_BOUND('',#2804,.T.);
#2804 = EDGE_LOOP('',(#2805,#2813,#2819,#2820));
#2805 = ORIENTED_EDGE('',*,*,#2806,.T.);
#2806 = EDGE_CURVE('',#786,#2807,#2809,.T.);
#2807 = VERTEX_POINT('',#2808);
#2808 = CARTESIAN_POINT('',(2.189113401484,-2.751928783383,9.6));
#2809 = LINE('',#2810,#2811);
#2810 = CARTESIAN_POINT('',(2.189113401484,-2.751928783383,10.));
#2811 = VECTOR('',#2812,1.);
#2812 = DIRECTION('',(-0.,-0.,-1.));
#2813 = ORIENTED_EDGE('',*,*,#2814,.T.);
#2814 = EDGE_CURVE('',#2807,#2783,#2815,.T.);
#2815 = LINE('',#2816,#2817);
#2816 = CARTESIAN_POINT('',(2.189113401484,-2.751928783383,9.6));
#2817 = VECTOR('',#2818,1.);
#2818 = DIRECTION('',(-1.,0.,0.));
#2819 = ORIENTED_EDGE('',*,*,#2782,.F.);
#2820 = ORIENTED_EDGE('',*,*,#793,.F.);
#2821 = PLANE('',#2822);
#2822 = AXIS2_PLACEMENT_3D('',#2823,#2824,#2825);
#2823 = CARTESIAN_POINT('',(2.189113401484,-2.751928783383,10.));
#2824 = DIRECTION('',(0.,1.,0.));
#2825 = DIRECTION('',(-1.,0.,0.));
#2826 = ADVANCED_FACE('',(#2827),#2845,.T.);
#2827 = FACE_BOUND('',#2828,.T.);
#2828 = EDGE_LOOP('',(#2829,#2837,#2843,#2844));
#2829 = ORIENTED_EDGE('',*,*,#2830,.T.);
#2830 = EDGE_CURVE('',#778,#2831,#2833,.T.);
#2831 = VERTEX_POINT('',#2832);
#2832 = CARTESIAN_POINT('',(2.266032911869,-2.722023367953,9.6));
#2833 = LINE('',#2834,#2835);
#2834 = CARTESIAN_POINT('',(2.266032911869,-2.722023367953,10.));
#2835 = VECTOR('',#2836,1.);
#2836 = DIRECTION('',(-0.,-0.,-1.));
#2837 = ORIENTED_EDGE('',*,*,#2838,.T.);
#2838 = EDGE_CURVE('',#2831,#2807,#2839,.T.);
#2839 = B_SPLINE_CURVE_WITH_KNOTS('',2,(#2840,#2841,#2842),
  .UNSPECIFIED.,.F.,.F.,(3,3),(0.,1.),.PIECEWISE_BEZIER_KNOTS.);
#2840 = CARTESIAN_POINT('',(2.266032911869,-2.722023367953,9.6));
#2841 = CARTESIAN_POINT('',(2.236127496439,-2.751928783383,9.6));
#2842 = CARTESIAN_POINT('',(2.189113401484,-2.751928783383,9.6));
#2843 = ORIENTED_EDGE('',*,*,#2806,.F.);
#2844 = ORIENTED_EDGE('',*,*,#785,.F.);
#2845 = SURFACE_OF_LINEAR_EXTRUSION('',#2846,#2850);
#2846 = B_SPLINE_CURVE_WITH_KNOTS('',2,(#2847,#2848,#2849),
  .UNSPECIFIED.,.F.,.F.,(3,3),(0.,1.),.PIECEWISE_BEZIER_KNOTS.);
#2847 = CARTESIAN_POINT('',(2.266032911869,-2.722023367953,10.));
#2848 = CARTESIAN_POINT('',(2.236127496439,-2.751928783383,10.));
#2849 = CARTESIAN_POINT('',(2.189113401484,-2.751928783383,10.));
#2850 = VECTOR('',#2851,1.);
#2851 = DIRECTION('',(0.,0.,1.));
#2852 = ADVANCED_FACE('',(#2853),#2871,.T.);
#2853 = FACE_BOUND('',#2854,.T.);
#2854 = EDGE_LOOP('',(#2855,#2863,#2869,#2870));
#2855 = ORIENTED_EDGE('',*,*,#2856,.T.);
#2856 = EDGE_CURVE('',#770,#2857,#2859,.T.);
#2857 = VERTEX_POINT('',#2858);
#2858 = CARTESIAN_POINT('',(2.2959383273,-2.649276706231,9.6));
#2859 = LINE('',#2860,#2861);
#2860 = CARTESIAN_POINT('',(2.2959383273,-2.649276706231,10.));
#2861 = VECTOR('',#2862,1.);
#2862 = DIRECTION('',(-0.,-0.,-1.));
#2863 = ORIENTED_EDGE('',*,*,#2864,.T.);
#2864 = EDGE_CURVE('',#2857,#2831,#2865,.T.);
#2865 = B_SPLINE_CURVE_WITH_KNOTS('',2,(#2866,#2867,#2868),
  .UNSPECIFIED.,.F.,.F.,(3,3),(0.,1.),.PIECEWISE_BEZIER_KNOTS.);
#2866 = CARTESIAN_POINT('',(2.2959383273,-2.649276706231,9.6));
#2867 = CARTESIAN_POINT('',(2.2959383273,-2.691978857567,9.6));
#2868 = CARTESIAN_POINT('',(2.266032911869,-2.722023367953,9.6));
#2869 = ORIENTED_EDGE('',*,*,#2830,.F.);
#2870 = ORIENTED_EDGE('',*,*,#777,.F.);
#2871 = SURFACE_OF_LINEAR_EXTRUSION('',#2872,#2876);
#2872 = B_SPLINE_CURVE_WITH_KNOTS('',2,(#2873,#2874,#2875),
  .UNSPECIFIED.,.F.,.F.,(3,3),(0.,1.),.PIECEWISE_BEZIER_KNOTS.);
#2873 = CARTESIAN_POINT('',(2.2959383273,-2.649276706231,10.));
#2874 = CARTESIAN_POINT('',(2.2959383273,-2.691978857567,10.));
#2875 = CARTESIAN_POINT('',(2.266032911869,-2.722023367953,10.));
#2876 = VECTOR('',#2877,1.);
#2877 = DIRECTION('',(0.,0.,1.));
#2878 = ADVANCED_FACE('',(#2879),#2897,.T.);
#2879 = FACE_BOUND('',#2880,.T.);
#2880 = EDGE_LOOP('',(#2881,#2889,#2895,#2896));
#2881 = ORIENTED_EDGE('',*,*,#2882,.T.);
#2882 = EDGE_CURVE('',#762,#2883,#2885,.T.);
#2883 = VERTEX_POINT('',#2884);
#2884 = CARTESIAN_POINT('',(2.2959383273,-2.306964020772,9.6));
#2885 = LINE('',#2886,#2887);
#2886 = CARTESIAN_POINT('',(2.2959383273,-2.306964020772,10.));
#2887 = VECTOR('',#2888,1.);
#2888 = DIRECTION('',(-0.,-0.,-1.));
#2889 = ORIENTED_EDGE('',*,*,#2890,.T.);
#2890 = EDGE_CURVE('',#2883,#2857,#2891,.T.);
#2891 = LINE('',#2892,#2893);
#2892 = CARTESIAN_POINT('',(2.2959383273,-2.306964020772,9.6));
#2893 = VECTOR('',#2894,1.);
#2894 = DIRECTION('',(0.,-1.,0.));
#2895 = ORIENTED_EDGE('',*,*,#2856,.F.);
#2896 = ORIENTED_EDGE('',*,*,#769,.F.);
#2897 = PLANE('',#2898);
#2898 = AXIS2_PLACEMENT_3D('',#2899,#2900,#2901);
#2899 = CARTESIAN_POINT('',(2.2959383273,-2.306964020772,10.));
#2900 = DIRECTION('',(-1.,0.,0.));
#2901 = DIRECTION('',(0.,-1.,0.));
#2902 = ADVANCED_FACE('',(#2903),#2921,.T.);
#2903 = FACE_BOUND('',#2904,.T.);
#2904 = EDGE_LOOP('',(#2905,#2913,#2919,#2920));
#2905 = ORIENTED_EDGE('',*,*,#2906,.T.);
#2906 = EDGE_CURVE('',#754,#2907,#2909,.T.);
#2907 = VERTEX_POINT('',#2908);
#2908 = CARTESIAN_POINT('',(2.266032911869,-2.230044510386,9.6));
#2909 = LINE('',#2910,#2911);
#2910 = CARTESIAN_POINT('',(2.266032911869,-2.230044510386,10.));
#2911 = VECTOR('',#2912,1.);
#2912 = DIRECTION('',(-0.,-0.,-1.));
#2913 = ORIENTED_EDGE('',*,*,#2914,.T.);
#2914 = EDGE_CURVE('',#2907,#2883,#2915,.T.);
#2915 = B_SPLINE_CURVE_WITH_KNOTS('',2,(#2916,#2917,#2918),
  .UNSPECIFIED.,.F.,.F.,(3,3),(0.,1.),.PIECEWISE_BEZIER_KNOTS.);
#2916 = CARTESIAN_POINT('',(2.266032911869,-2.230044510386,9.6));
#2917 = CARTESIAN_POINT('',(2.2959383273,-2.259949925816,9.6));
#2918 = CARTESIAN_POINT('',(2.2959383273,-2.306964020772,9.6));
#2919 = ORIENTED_EDGE('',*,*,#2882,.F.);
#2920 = ORIENTED_EDGE('',*,*,#761,.F.);
#2921 = SURFACE_OF_LINEAR_EXTRUSION('',#2922,#2926);
#2922 = B_SPLINE_CURVE_WITH_KNOTS('',2,(#2923,#2924,#2925),
  .UNSPECIFIED.,.F.,.F.,(3,3),(0.,1.),.PIECEWISE_BEZIER_KNOTS.);
#2923 = CARTESIAN_POINT('',(2.266032911869,-2.230044510386,10.));
#2924 = CARTESIAN_POINT('',(2.2959383273,-2.259949925816,10.));
#2925 = CARTESIAN_POINT('',(2.2959383273,-2.306964020772,10.));
#2926 = VECTOR('',#2927,1.);
#2927 = DIRECTION('',(0.,0.,1.));
#2928 = ADVANCED_FACE('',(#2929),#2947,.T.);
#2929 = FACE_BOUND('',#2930,.T.);
#2930 = EDGE_LOOP('',(#2931,#2939,#2945,#2946));
#2931 = ORIENTED_EDGE('',*,*,#2932,.T.);
#2932 = EDGE_CURVE('',#746,#2933,#2935,.T.);
#2933 = VERTEX_POINT('',#2934);
#2934 = CARTESIAN_POINT('',(2.189113401484,-2.2,9.6));
#2935 = LINE('',#2936,#2937);
#2936 = CARTESIAN_POINT('',(2.189113401484,-2.2,10.));
#2937 = VECTOR('',#2938,1.);
#2938 = DIRECTION('',(-0.,-0.,-1.));
#2939 = ORIENTED_EDGE('',*,*,#2940,.T.);
#2940 = EDGE_CURVE('',#2933,#2907,#2941,.T.);
#2941 = B_SPLINE_CURVE_WITH_KNOTS('',2,(#2942,#2943,#2944),
  .UNSPECIFIED.,.F.,.F.,(3,3),(0.,1.),.PIECEWISE_BEZIER_KNOTS.);
#2942 = CARTESIAN_POINT('',(2.189113401484,-2.2,9.6));
#2943 = CARTESIAN_POINT('',(2.236127496439,-2.2,9.6));
#2944 = CARTESIAN_POINT('',(2.266032911869,-2.230044510386,9.6));
#2945 = ORIENTED_EDGE('',*,*,#2906,.F.);
#2946 = ORIENTED_EDGE('',*,*,#753,.F.);
#2947 = SURFACE_OF_LINEAR_EXTRUSION('',#2948,#2952);
#2948 = B_SPLINE_CURVE_WITH_KNOTS('',2,(#2949,#2950,#2951),
  .UNSPECIFIED.,.F.,.F.,(3,3),(0.,1.),.PIECEWISE_BEZIER_KNOTS.);
#2949 = CARTESIAN_POINT('',(2.189113401484,-2.2,10.));
#2950 = CARTESIAN_POINT('',(2.236127496439,-2.2,10.));
#2951 = CARTESIAN_POINT('',(2.266032911869,-2.230044510386,10.));
#2952 = VECTOR('',#2953,1.);
#2953 = DIRECTION('',(0.,0.,1.));
#2954 = ADVANCED_FACE('',(#2955),#2973,.T.);
#2955 = FACE_BOUND('',#2956,.T.);
#2956 = EDGE_LOOP('',(#2957,#2965,#2971,#2972));
#2957 = ORIENTED_EDGE('',*,*,#2958,.T.);
#2958 = EDGE_CURVE('',#738,#2959,#2961,.T.);
#2959 = VERTEX_POINT('',#2960);
#2960 = CARTESIAN_POINT('',(0.252911621068,-2.2,9.6));
#2961 = LINE('',#2962,#2963);
#2962 = CARTESIAN_POINT('',(0.252911621068,-2.2,10.));
#2963 = VECTOR('',#2964,1.);
#2964 = DIRECTION('',(-0.,-0.,-1.));
#2965 = ORIENTED_EDGE('',*,*,#2966,.T.);
#2966 = EDGE_CURVE('',#2959,#2933,#2967,.T.);
#2967 = LINE('',#2968,#2969);
#2968 = CARTESIAN_POINT('',(0.252911621068,-2.2,9.6));
#2969 = VECTOR('',#2970,1.);
#2970 = DIRECTION('',(1.,0.,0.));
#2971 = ORIENTED_EDGE('',*,*,#2932,.F.);
#2972 = ORIENTED_EDGE('',*,*,#745,.F.);
#2973 = PLANE('',#2974);
#2974 = AXIS2_PLACEMENT_3D('',#2975,#2976,#2977);
#2975 = CARTESIAN_POINT('',(0.252911621068,-2.2,10.));
#2976 = DIRECTION('',(0.,-1.,0.));
#2977 = DIRECTION('',(1.,0.,0.));
#2978 = ADVANCED_FACE('',(#2979),#2997,.T.);
#2979 = FACE_BOUND('',#2980,.T.);
#2980 = EDGE_LOOP('',(#2981,#2989,#2995,#2996));
#2981 = ORIENTED_EDGE('',*,*,#2982,.T.);
#2982 = EDGE_CURVE('',#730,#2983,#2985,.T.);
#2983 = VERTEX_POINT('',#2984);
#2984 = CARTESIAN_POINT('',(0.175992110682,-2.230044510386,9.6));
#2985 = LINE('',#2986,#2987);
#2986 = CARTESIAN_POINT('',(0.175992110682,-2.230044510386,10.));
#2987 = VECTOR('',#2988,1.);
#2988 = DIRECTION('',(-0.,-0.,-1.));
#2989 = ORIENTED_EDGE('',*,*,#2990,.T.);
#2990 = EDGE_CURVE('',#2983,#2959,#2991,.T.);
#2991 = B_SPLINE_CURVE_WITH_KNOTS('',2,(#2992,#2993,#2994),
  .UNSPECIFIED.,.F.,.F.,(3,3),(0.,1.),.PIECEWISE_BEZIER_KNOTS.);
#2992 = CARTESIAN_POINT('',(0.175992110682,-2.230044510386,9.6));
#2993 = CARTESIAN_POINT('',(0.205897526113,-2.2,9.6));
#2994 = CARTESIAN_POINT('',(0.252911621068,-2.2,9.6));
#2995 = ORIENTED_EDGE('',*,*,#2958,.F.);
#2996 = ORIENTED_EDGE('',*,*,#737,.F.);
#2997 = SURFACE_OF_LINEAR_EXTRUSION('',#2998,#3002);
#2998 = B_SPLINE_CURVE_WITH_KNOTS('',2,(#2999,#3000,#3001),
  .UNSPECIFIED.,.F.,.F.,(3,3),(0.,1.),.PIECEWISE_BEZIER_KNOTS.);
#2999 = CARTESIAN_POINT('',(0.175992110682,-2.230044510386,10.));
#3000 = CARTESIAN_POINT('',(0.205897526113,-2.2,10.));
#3001 = CARTESIAN_POINT('',(0.252911621068,-2.2,10.));
#3002 = VECTOR('',#3003,1.);
#3003 = DIRECTION('',(0.,0.,1.));
#3004 = ADVANCED_FACE('',(#3005),#3023,.T.);
#3005 = FACE_BOUND('',#3006,.T.);
#3006 = EDGE_LOOP('',(#3007,#3015,#3021,#3022));
#3007 = ORIENTED_EDGE('',*,*,#3008,.T.);
#3008 = EDGE_CURVE('',#722,#3009,#3011,.T.);
#3009 = VERTEX_POINT('',#3010);
#3010 = CARTESIAN_POINT('',(0.146086695252,-2.307103115727,9.6));
#3011 = LINE('',#3012,#3013);
#3012 = CARTESIAN_POINT('',(0.146086695252,-2.307103115727,10.));
#3013 = VECTOR('',#3014,1.);
#3014 = DIRECTION('',(-0.,-0.,-1.));
#3015 = ORIENTED_EDGE('',*,*,#3016,.T.);
#3016 = EDGE_CURVE('',#3009,#2983,#3017,.T.);
#3017 = B_SPLINE_CURVE_WITH_KNOTS('',2,(#3018,#3019,#3020),
  .UNSPECIFIED.,.F.,.F.,(3,3),(0.,1.),.PIECEWISE_BEZIER_KNOTS.);
#3018 = CARTESIAN_POINT('',(0.146086695252,-2.307103115727,9.6));
#3019 = CARTESIAN_POINT('',(0.146086695252,-2.259949925816,9.6));
#3020 = CARTESIAN_POINT('',(0.175992110682,-2.230044510386,9.6));
#3021 = ORIENTED_EDGE('',*,*,#2982,.F.);
#3022 = ORIENTED_EDGE('',*,*,#729,.F.);
#3023 = SURFACE_OF_LINEAR_EXTRUSION('',#3024,#3028);
#3024 = B_SPLINE_CURVE_WITH_KNOTS('',2,(#3025,#3026,#3027),
  .UNSPECIFIED.,.F.,.F.,(3,3),(0.,1.),.PIECEWISE_BEZIER_KNOTS.);
#3025 = CARTESIAN_POINT('',(0.146086695252,-2.307103115727,10.));
#3026 = CARTESIAN_POINT('',(0.146086695252,-2.259949925816,10.));
#3027 = CARTESIAN_POINT('',(0.175992110682,-2.230044510386,10.));
#3028 = VECTOR('',#3029,1.);
#3029 = DIRECTION('',(0.,0.,1.));
#3030 = ADVANCED_FACE('',(#3031),#3049,.T.);
#3031 = FACE_BOUND('',#3032,.T.);
#3032 = EDGE_LOOP('',(#3033,#3041,#3047,#3048));
#3033 = ORIENTED_EDGE('',*,*,#3034,.T.);
#3034 = EDGE_CURVE('',#714,#3035,#3037,.T.);
#3035 = VERTEX_POINT('',#3036);
#3036 = CARTESIAN_POINT('',(0.146086695252,-5.092757789318,9.6));
#3037 = LINE('',#3038,#3039);
#3038 = CARTESIAN_POINT('',(0.146086695252,-5.092757789318,10.));
#3039 = VECTOR('',#3040,1.);
#3040 = DIRECTION('',(-0.,-0.,-1.));
#3041 = ORIENTED_EDGE('',*,*,#3042,.T.);
#3042 = EDGE_CURVE('',#3035,#3009,#3043,.T.);
#3043 = LINE('',#3044,#3045);
#3044 = CARTESIAN_POINT('',(0.146086695252,-5.092757789318,9.6));
#3045 = VECTOR('',#3046,1.);
#3046 = DIRECTION('',(0.,1.,0.));
#3047 = ORIENTED_EDGE('',*,*,#3008,.F.);
#3048 = ORIENTED_EDGE('',*,*,#721,.F.);
#3049 = PLANE('',#3050);
#3050 = AXIS2_PLACEMENT_3D('',#3051,#3052,#3053);
#3051 = CARTESIAN_POINT('',(0.146086695252,-5.092757789318,10.));
#3052 = DIRECTION('',(1.,0.,0.));
#3053 = DIRECTION('',(-0.,1.,0.));
#3054 = ADVANCED_FACE('',(#3055),#3073,.T.);
#3055 = FACE_BOUND('',#3056,.T.);
#3056 = EDGE_LOOP('',(#3057,#3065,#3071,#3072));
#3057 = ORIENTED_EDGE('',*,*,#3058,.T.);
#3058 = EDGE_CURVE('',#706,#3059,#3061,.T.);
#3059 = VERTEX_POINT('',#3060);
#3060 = CARTESIAN_POINT('',(0.175992110682,-5.17009458457,9.6));
#3061 = LINE('',#3062,#3063);
#3062 = CARTESIAN_POINT('',(0.175992110682,-5.17009458457,10.));
#3063 = VECTOR('',#3064,1.);
#3064 = DIRECTION('',(-0.,-0.,-1.));
#3065 = ORIENTED_EDGE('',*,*,#3066,.T.);
#3066 = EDGE_CURVE('',#3059,#3035,#3067,.T.);
#3067 = B_SPLINE_CURVE_WITH_KNOTS('',2,(#3068,#3069,#3070),
  .UNSPECIFIED.,.F.,.F.,(3,3),(0.,1.),.PIECEWISE_BEZIER_KNOTS.);
#3068 = CARTESIAN_POINT('',(0.175992110682,-5.17009458457,9.6));
#3069 = CARTESIAN_POINT('',(0.146086695252,-5.140050074184,9.6));
#3070 = CARTESIAN_POINT('',(0.146086695252,-5.092757789318,9.6));
#3071 = ORIENTED_EDGE('',*,*,#3034,.F.);
#3072 = ORIENTED_EDGE('',*,*,#713,.F.);
#3073 = SURFACE_OF_LINEAR_EXTRUSION('',#3074,#3078);
#3074 = B_SPLINE_CURVE_WITH_KNOTS('',2,(#3075,#3076,#3077),
  .UNSPECIFIED.,.F.,.F.,(3,3),(0.,1.),.PIECEWISE_BEZIER_KNOTS.);
#3075 = CARTESIAN_POINT('',(0.175992110682,-5.17009458457,10.));
#3076 = CARTESIAN_POINT('',(0.146086695252,-5.140050074184,10.));
#3077 = CARTESIAN_POINT('',(0.146086695252,-5.092757789318,10.));
#3078 = VECTOR('',#3079,1.);
#3079 = DIRECTION('',(0.,0.,1.));
#3080 = ADVANCED_FACE('',(#3081),#3092,.T.);
#3081 = FACE_BOUND('',#3082,.T.);
#3082 = EDGE_LOOP('',(#3083,#3084,#3090,#3091));
#3083 = ORIENTED_EDGE('',*,*,#2415,.T.);
#3084 = ORIENTED_EDGE('',*,*,#3085,.T.);
#3085 = EDGE_CURVE('',#2408,#3059,#3086,.T.);
#3086 = B_SPLINE_CURVE_WITH_KNOTS('',2,(#3087,#3088,#3089),
  .UNSPECIFIED.,.F.,.F.,(3,3),(0.,1.),.PIECEWISE_BEZIER_KNOTS.);
#3087 = CARTESIAN_POINT('',(0.253050716024,-5.2,9.6));
#3088 = CARTESIAN_POINT('',(0.205897526113,-5.2,9.6));
#3089 = CARTESIAN_POINT('',(0.175992110682,-5.17009458457,9.6));
#3090 = ORIENTED_EDGE('',*,*,#3058,.F.);
#3091 = ORIENTED_EDGE('',*,*,#705,.F.);
#3092 = SURFACE_OF_LINEAR_EXTRUSION('',#3093,#3097);
#3093 = B_SPLINE_CURVE_WITH_KNOTS('',2,(#3094,#3095,#3096),
  .UNSPECIFIED.,.F.,.F.,(3,3),(0.,1.),.PIECEWISE_BEZIER_KNOTS.);
#3094 = CARTESIAN_POINT('',(0.253050716024,-5.2,10.));
#3095 = CARTESIAN_POINT('',(0.205897526113,-5.2,10.));
#3096 = CARTESIAN_POINT('',(0.175992110682,-5.17009458457,10.));
#3097 = VECTOR('',#3098,1.);
#3098 = DIRECTION('',(0.,0.,1.));
#3099 = ADVANCED_FACE('',(#3100),#3125,.T.);
#3100 = FACE_BOUND('',#3101,.T.);
#3101 = EDGE_LOOP('',(#3102,#3110,#3118,#3124));
#3102 = ORIENTED_EDGE('',*,*,#3103,.T.);
#3103 = EDGE_CURVE('',#922,#3104,#3106,.T.);
#3104 = VERTEX_POINT('',#3105);
#3105 = CARTESIAN_POINT('',(3.272663104748,-5.2,9.6));
#3106 = LINE('',#3107,#3108);
#3107 = CARTESIAN_POINT('',(3.272663104748,-5.2,10.));
#3108 = VECTOR('',#3109,1.);
#3109 = DIRECTION('',(-0.,-0.,-1.));
#3110 = ORIENTED_EDGE('',*,*,#3111,.T.);
#3111 = EDGE_CURVE('',#3104,#3112,#3114,.T.);
#3112 = VERTEX_POINT('',#3113);
#3113 = CARTESIAN_POINT('',(2.839660508309,-5.2,9.6));
#3114 = LINE('',#3115,#3116);
#3115 = CARTESIAN_POINT('',(3.272663104748,-5.2,9.6));
#3116 = VECTOR('',#3117,1.);
#3117 = DIRECTION('',(-1.,0.,0.));
#3118 = ORIENTED_EDGE('',*,*,#3119,.F.);
#3119 = EDGE_CURVE('',#924,#3112,#3120,.T.);
#3120 = LINE('',#3121,#3122);
#3121 = CARTESIAN_POINT('',(2.839660508309,-5.2,10.));
#3122 = VECTOR('',#3123,1.);
#3123 = DIRECTION('',(-0.,-0.,-1.));
#3124 = ORIENTED_EDGE('',*,*,#921,.F.);
#3125 = PLANE('',#3126);
#3126 = AXIS2_PLACEMENT_3D('',#3127,#3128,#3129);
#3127 = CARTESIAN_POINT('',(3.272663104748,-5.2,10.));
#3128 = DIRECTION('',(0.,1.,0.));
#3129 = DIRECTION('',(-1.,0.,0.));
#3130 = ADVANCED_FACE('',(#3131),#3149,.T.);
#3131 = FACE_BOUND('',#3132,.T.);
#3132 = EDGE_LOOP('',(#3133,#3141,#3147,#3148));
#3133 = ORIENTED_EDGE('',*,*,#3134,.T.);
#3134 = EDGE_CURVE('',#1172,#3135,#3137,.T.);
#3135 = VERTEX_POINT('',#3136);
#3136 = CARTESIAN_POINT('',(3.344714291691,-5.17009458457,9.6));
#3137 = LINE('',#3138,#3139);
#3138 = CARTESIAN_POINT('',(3.344714291691,-5.17009458457,10.));
#3139 = VECTOR('',#3140,1.);
#3140 = DIRECTION('',(-0.,-0.,-1.));
#3141 = ORIENTED_EDGE('',*,*,#3142,.T.);
#3142 = EDGE_CURVE('',#3135,#3104,#3143,.T.);
#3143 = B_SPLINE_CURVE_WITH_KNOTS('',2,(#3144,#3145,#3146),
  .UNSPECIFIED.,.F.,.F.,(3,3),(0.,1.),.PIECEWISE_BEZIER_KNOTS.);
#3144 = CARTESIAN_POINT('',(3.344714291691,-5.17009458457,9.6));
#3145 = CARTESIAN_POINT('',(3.315087066172,-5.2,9.6));
#3146 = CARTESIAN_POINT('',(3.272663104748,-5.2,9.6));
#3147 = ORIENTED_EDGE('',*,*,#3103,.F.);
#3148 = ORIENTED_EDGE('',*,*,#1179,.F.);
#3149 = SURFACE_OF_LINEAR_EXTRUSION('',#3150,#3154);
#3150 = B_SPLINE_CURVE_WITH_KNOTS('',2,(#3151,#3152,#3153),
  .UNSPECIFIED.,.F.,.F.,(3,3),(0.,1.),.PIECEWISE_BEZIER_KNOTS.);
#3151 = CARTESIAN_POINT('',(3.344714291691,-5.17009458457,10.));
#3152 = CARTESIAN_POINT('',(3.315087066172,-5.2,10.));
#3153 = CARTESIAN_POINT('',(3.272663104748,-5.2,10.));
#3154 = VECTOR('',#3155,1.);
#3155 = DIRECTION('',(0.,0.,1.));
#3156 = ADVANCED_FACE('',(#3157),#3175,.T.);
#3157 = FACE_BOUND('',#3158,.T.);
#3158 = EDGE_LOOP('',(#3159,#3167,#3173,#3174));
#3159 = ORIENTED_EDGE('',*,*,#3160,.T.);
#3160 = EDGE_CURVE('',#1164,#3161,#3163,.T.);
#3161 = VERTEX_POINT('',#3162);
#3162 = CARTESIAN_POINT('',(3.374480612166,-5.092896884273,9.6));
#3163 = LINE('',#3164,#3165);
#3164 = CARTESIAN_POINT('',(3.374480612166,-5.092896884273,10.));
#3165 = VECTOR('',#3166,1.);
#3166 = DIRECTION('',(-0.,-0.,-1.));
#3167 = ORIENTED_EDGE('',*,*,#3168,.T.);
#3168 = EDGE_CURVE('',#3161,#3135,#3169,.T.);
#3169 = B_SPLINE_CURVE_WITH_KNOTS('',2,(#3170,#3171,#3172),
  .UNSPECIFIED.,.F.,.F.,(3,3),(0.,1.),.PIECEWISE_BEZIER_KNOTS.);
#3170 = CARTESIAN_POINT('',(3.374480612166,-5.092896884273,9.6));
#3171 = CARTESIAN_POINT('',(3.374480612166,-5.140050074184,9.6));
#3172 = CARTESIAN_POINT('',(3.344714291691,-5.17009458457,9.6));
#3173 = ORIENTED_EDGE('',*,*,#3134,.F.);
#3174 = ORIENTED_EDGE('',*,*,#1171,.F.);
#3175 = SURFACE_OF_LINEAR_EXTRUSION('',#3176,#3180);
#3176 = B_SPLINE_CURVE_WITH_KNOTS('',2,(#3177,#3178,#3179),
  .UNSPECIFIED.,.F.,.F.,(3,3),(0.,1.),.PIECEWISE_BEZIER_KNOTS.);
#3177 = CARTESIAN_POINT('',(3.374480612166,-5.092896884273,10.));
#3178 = CARTESIAN_POINT('',(3.374480612166,-5.140050074184,10.));
#3179 = CARTESIAN_POINT('',(3.344714291691,-5.17009458457,10.));
#3180 = VECTOR('',#3181,1.);
#3181 = DIRECTION('',(0.,0.,1.));
#3182 = ADVANCED_FACE('',(#3183),#3201,.T.);
#3183 = FACE_BOUND('',#3184,.T.);
#3184 = EDGE_LOOP('',(#3185,#3193,#3199,#3200));
#3185 = ORIENTED_EDGE('',*,*,#3186,.T.);
#3186 = EDGE_CURVE('',#1156,#3187,#3189,.T.);
#3187 = VERTEX_POINT('',#3188);
#3188 = CARTESIAN_POINT('',(3.374480612166,-3.361442878338,9.6));
#3189 = LINE('',#3190,#3191);
#3190 = CARTESIAN_POINT('',(3.374480612166,-3.361442878338,10.));
#3191 = VECTOR('',#3192,1.);
#3192 = DIRECTION('',(-0.,-0.,-1.));
#3193 = ORIENTED_EDGE('',*,*,#3194,.T.);
#3194 = EDGE_CURVE('',#3187,#3161,#3195,.T.);
#3195 = LINE('',#3196,#3197);
#3196 = CARTESIAN_POINT('',(3.374480612166,-3.361442878338,9.6));
#3197 = VECTOR('',#3198,1.);
#3198 = DIRECTION('',(0.,-1.,0.));
#3199 = ORIENTED_EDGE('',*,*,#3160,.F.);
#3200 = ORIENTED_EDGE('',*,*,#1163,.F.);
#3201 = PLANE('',#3202);
#3202 = AXIS2_PLACEMENT_3D('',#3203,#3204,#3205);
#3203 = CARTESIAN_POINT('',(3.374480612166,-3.361442878338,10.));
#3204 = DIRECTION('',(-1.,0.,0.));
#3205 = DIRECTION('',(0.,-1.,0.));
#3206 = ADVANCED_FACE('',(#3207),#3225,.T.);
#3207 = FACE_BOUND('',#3208,.T.);
#3208 = EDGE_LOOP('',(#3209,#3217,#3223,#3224));
#3209 = ORIENTED_EDGE('',*,*,#3210,.T.);
#3210 = EDGE_CURVE('',#1148,#3211,#3213,.T.);
#3211 = VERTEX_POINT('',#3212);
#3212 = CARTESIAN_POINT('',(3.919732837685,-4.381565281899,9.6));
#3213 = LINE('',#3214,#3215);
#3214 = CARTESIAN_POINT('',(3.919732837685,-4.381565281899,10.));
#3215 = VECTOR('',#3216,1.);
#3216 = DIRECTION('',(-0.,-0.,-1.));
#3217 = ORIENTED_EDGE('',*,*,#3218,.T.);
#3218 = EDGE_CURVE('',#3211,#3187,#3219,.T.);
#3219 = LINE('',#3220,#3221);
#3220 = CARTESIAN_POINT('',(3.919732837685,-4.381565281899,9.6));
#3221 = VECTOR('',#3222,1.);
#3222 = DIRECTION('',(-0.471386946908,0.881926497098,0.));
#3223 = ORIENTED_EDGE('',*,*,#3186,.F.);
#3224 = ORIENTED_EDGE('',*,*,#1155,.F.);
#3225 = PLANE('',#3226);
#3226 = AXIS2_PLACEMENT_3D('',#3227,#3228,#3229);
#3227 = CARTESIAN_POINT('',(3.919732837685,-4.381565281899,10.));
#3228 = DIRECTION('',(0.881926497098,0.471386946908,0.));
#3229 = DIRECTION('',(-0.471386946908,0.881926497098,0.));
#3230 = ADVANCED_FACE('',(#3231),#3249,.T.);
#3231 = FACE_BOUND('',#3232,.T.);
#3232 = EDGE_LOOP('',(#3233,#3241,#3247,#3248));
#3233 = ORIENTED_EDGE('',*,*,#3234,.T.);
#3234 = EDGE_CURVE('',#1140,#3235,#3237,.T.);
#3235 = VERTEX_POINT('',#3236);
#3236 = CARTESIAN_POINT('',(3.975649009792,-4.450139094955,9.6));
#3237 = LINE('',#3238,#3239);
#3238 = CARTESIAN_POINT('',(3.975649009792,-4.450139094955,10.));
#3239 = VECTOR('',#3240,1.);
#3240 = DIRECTION('',(-0.,-0.,-1.));
#3241 = ORIENTED_EDGE('',*,*,#3242,.T.);
#3242 = EDGE_CURVE('',#3235,#3211,#3243,.T.);
#3243 = B_SPLINE_CURVE_WITH_KNOTS('',2,(#3244,#3245,#3246),
  .UNSPECIFIED.,.F.,.F.,(3,3),(0.,1.),.PIECEWISE_BEZIER_KNOTS.);
#3244 = CARTESIAN_POINT('',(3.975649009792,-4.450139094955,9.6));
#3245 = CARTESIAN_POINT('',(3.941292555786,-4.42009458457,9.6));
#3246 = CARTESIAN_POINT('',(3.919732837685,-4.381565281899,9.6));
#3247 = ORIENTED_EDGE('',*,*,#3210,.F.);
#3248 = ORIENTED_EDGE('',*,*,#1147,.F.);
#3249 = SURFACE_OF_LINEAR_EXTRUSION('',#3250,#3254);
#3250 = B_SPLINE_CURVE_WITH_KNOTS('',2,(#3251,#3252,#3253),
  .UNSPECIFIED.,.F.,.F.,(3,3),(0.,1.),.PIECEWISE_BEZIER_KNOTS.);
#3251 = CARTESIAN_POINT('',(3.975649009792,-4.450139094955,10.));
#3252 = CARTESIAN_POINT('',(3.941292555786,-4.42009458457,10.));
#3253 = CARTESIAN_POINT('',(3.919732837685,-4.381565281899,10.));
#3254 = VECTOR('',#3255,1.);
#3255 = DIRECTION('',(0.,0.,1.));
#3256 = ADVANCED_FACE('',(#3257),#3275,.T.);
#3257 = FACE_BOUND('',#3258,.T.);
#3258 = EDGE_LOOP('',(#3259,#3267,#3273,#3274));
#3259 = ORIENTED_EDGE('',*,*,#3260,.T.);
#3260 = EDGE_CURVE('',#1132,#3261,#3263,.T.);
#3261 = VERTEX_POINT('',#3262);
#3262 = CARTESIAN_POINT('',(4.06578254095,-4.480044510386,9.6));
#3263 = LINE('',#3264,#3265);
#3264 = CARTESIAN_POINT('',(4.06578254095,-4.480044510386,10.));
#3265 = VECTOR('',#3266,1.);
#3266 = DIRECTION('',(-0.,-0.,-1.));
#3267 = ORIENTED_EDGE('',*,*,#3268,.T.);
#3268 = EDGE_CURVE('',#3261,#3235,#3269,.T.);
#3269 = B_SPLINE_CURVE_WITH_KNOTS('',2,(#3270,#3271,#3272),
  .UNSPECIFIED.,.F.,.F.,(3,3),(0.,1.),.PIECEWISE_BEZIER_KNOTS.);
#3270 = CARTESIAN_POINT('',(4.06578254095,-4.480044510386,9.6));
#3271 = CARTESIAN_POINT('',(4.010005463798,-4.480044510386,9.6));
#3272 = CARTESIAN_POINT('',(3.975649009792,-4.450139094955,9.6));
#3273 = ORIENTED_EDGE('',*,*,#3234,.F.);
#3274 = ORIENTED_EDGE('',*,*,#1139,.F.);
#3275 = SURFACE_OF_LINEAR_EXTRUSION('',#3276,#3280);
#3276 = B_SPLINE_CURVE_WITH_KNOTS('',2,(#3277,#3278,#3279),
  .UNSPECIFIED.,.F.,.F.,(3,3),(0.,1.),.PIECEWISE_BEZIER_KNOTS.);
#3277 = CARTESIAN_POINT('',(4.06578254095,-4.480044510386,10.));
#3278 = CARTESIAN_POINT('',(4.010005463798,-4.480044510386,10.));
#3279 = CARTESIAN_POINT('',(3.975649009792,-4.450139094955,10.));
#3280 = VECTOR('',#3281,1.);
#3281 = DIRECTION('',(0.,0.,1.));
#3282 = ADVANCED_FACE('',(#3283),#3301,.T.);
#3283 = FACE_BOUND('',#3284,.T.);
#3284 = EDGE_LOOP('',(#3285,#3293,#3299,#3300));
#3285 = ORIENTED_EDGE('',*,*,#3286,.T.);
#3286 = EDGE_CURVE('',#1124,#3287,#3289,.T.);
#3287 = VERTEX_POINT('',#3288);
#3288 = CARTESIAN_POINT('',(4.26774841632,-4.480044510386,9.6));
#3289 = LINE('',#3290,#3291);
#3290 = CARTESIAN_POINT('',(4.26774841632,-4.480044510386,10.));
#3291 = VECTOR('',#3292,1.);
#3292 = DIRECTION('',(-0.,-0.,-1.));
#3293 = ORIENTED_EDGE('',*,*,#3294,.T.);
#3294 = EDGE_CURVE('',#3287,#3261,#3295,.T.);
#3295 = LINE('',#3296,#3297);
#3296 = CARTESIAN_POINT('',(4.26774841632,-4.480044510386,9.6));
#3297 = VECTOR('',#3298,1.);
#3298 = DIRECTION('',(-1.,0.,0.));
#3299 = ORIENTED_EDGE('',*,*,#3260,.F.);
#3300 = ORIENTED_EDGE('',*,*,#1131,.F.);
#3301 = PLANE('',#3302);
#3302 = AXIS2_PLACEMENT_3D('',#3303,#3304,#3305);
#3303 = CARTESIAN_POINT('',(4.26774841632,-4.480044510386,10.));
#3304 = DIRECTION('',(0.,1.,0.));
#3305 = DIRECTION('',(-1.,0.,0.));
#3306 = ADVANCED_FACE('',(#3307),#3325,.T.);
#3307 = FACE_BOUND('',#3308,.T.);
#3308 = EDGE_LOOP('',(#3309,#3317,#3323,#3324));
#3309 = ORIENTED_EDGE('',*,*,#3310,.T.);
#3310 = EDGE_CURVE('',#1116,#3311,#3313,.T.);
#3311 = VERTEX_POINT('',#3312);
#3312 = CARTESIAN_POINT('',(4.357881947478,-4.450139094955,9.6));
#3313 = LINE('',#3314,#3315);
#3314 = CARTESIAN_POINT('',(4.357881947478,-4.450139094955,10.));
#3315 = VECTOR('',#3316,1.);
#3316 = DIRECTION('',(-0.,-0.,-1.));
#3317 = ORIENTED_EDGE('',*,*,#3318,.T.);
#3318 = EDGE_CURVE('',#3311,#3287,#3319,.T.);
#3319 = B_SPLINE_CURVE_WITH_KNOTS('',2,(#3320,#3321,#3322),
  .UNSPECIFIED.,.F.,.F.,(3,3),(0.,1.),.PIECEWISE_BEZIER_KNOTS.);
#3320 = CARTESIAN_POINT('',(4.357881947478,-4.450139094955,9.6));
#3321 = CARTESIAN_POINT('',(4.323525493472,-4.480044510386,9.6));
#3322 = CARTESIAN_POINT('',(4.26774841632,-4.480044510386,9.6));
#3323 = ORIENTED_EDGE('',*,*,#3286,.F.);
#3324 = ORIENTED_EDGE('',*,*,#1123,.F.);
#3325 = SURFACE_OF_LINEAR_EXTRUSION('',#3326,#3330);
#3326 = B_SPLINE_CURVE_WITH_KNOTS('',2,(#3327,#3328,#3329),
  .UNSPECIFIED.,.F.,.F.,(3,3),(0.,1.),.PIECEWISE_BEZIER_KNOTS.);
#3327 = CARTESIAN_POINT('',(4.357881947478,-4.450139094955,10.));
#3328 = CARTESIAN_POINT('',(4.323525493472,-4.480044510386,10.));
#3329 = CARTESIAN_POINT('',(4.26774841632,-4.480044510386,10.));
#3330 = VECTOR('',#3331,1.);
#3331 = DIRECTION('',(0.,0.,1.));
#3332 = ADVANCED_FACE('',(#3333),#3351,.T.);
#3333 = FACE_BOUND('',#3334,.T.);
#3334 = EDGE_LOOP('',(#3335,#3343,#3349,#3350));
#3335 = ORIENTED_EDGE('',*,*,#3336,.T.);
#3336 = EDGE_CURVE('',#1108,#3337,#3339,.T.);
#3337 = VERTEX_POINT('',#3338);
#3338 = CARTESIAN_POINT('',(4.413659024629,-4.381565281899,9.6));
#3339 = LINE('',#3340,#3341);
#3340 = CARTESIAN_POINT('',(4.413659024629,-4.381565281899,10.));
#3341 = VECTOR('',#3342,1.);
#3342 = DIRECTION('',(-0.,-0.,-1.));
#3343 = ORIENTED_EDGE('',*,*,#3344,.T.);
#3344 = EDGE_CURVE('',#3337,#3311,#3345,.T.);
#3345 = B_SPLINE_CURVE_WITH_KNOTS('',2,(#3346,#3347,#3348),
  .UNSPECIFIED.,.F.,.F.,(3,3),(0.,1.),.PIECEWISE_BEZIER_KNOTS.);
#3346 = CARTESIAN_POINT('',(4.413659024629,-4.381565281899,9.6));
#3347 = CARTESIAN_POINT('',(4.392238401484,-4.42009458457,9.6));
#3348 = CARTESIAN_POINT('',(4.357881947478,-4.450139094955,9.6));
#3349 = ORIENTED_EDGE('',*,*,#3310,.F.);
#3350 = ORIENTED_EDGE('',*,*,#1115,.F.);
#3351 = SURFACE_OF_LINEAR_EXTRUSION('',#3352,#3356);
#3352 = B_SPLINE_CURVE_WITH_KNOTS('',2,(#3353,#3354,#3355),
  .UNSPECIFIED.,.F.,.F.,(3,3),(0.,1.),.PIECEWISE_BEZIER_KNOTS.);
#3353 = CARTESIAN_POINT('',(4.413659024629,-4.381565281899,10.));
#3354 = CARTESIAN_POINT('',(4.392238401484,-4.42009458457,10.));
#3355 = CARTESIAN_POINT('',(4.357881947478,-4.450139094955,10.));
#3356 = VECTOR('',#3357,1.);
#3357 = DIRECTION('',(0.,0.,1.));
#3358 = ADVANCED_FACE('',(#3359),#3377,.T.);
#3359 = FACE_BOUND('',#3360,.T.);
#3360 = EDGE_LOOP('',(#3361,#3369,#3375,#3376));
#3361 = ORIENTED_EDGE('',*,*,#3362,.T.);
#3362 = EDGE_CURVE('',#1100,#3363,#3365,.T.);
#3363 = VERTEX_POINT('',#3364);
#3364 = CARTESIAN_POINT('',(4.959050345104,-3.361442878338,9.6));
#3365 = LINE('',#3366,#3367);
#3366 = CARTESIAN_POINT('',(4.959050345104,-3.361442878338,10.));
#3367 = VECTOR('',#3368,1.);
#3368 = DIRECTION('',(-0.,-0.,-1.));
#3369 = ORIENTED_EDGE('',*,*,#3370,.T.);
#3370 = EDGE_CURVE('',#3363,#3337,#3371,.T.);
#3371 = LINE('',#3372,#3373);
#3372 = CARTESIAN_POINT('',(4.959050345104,-3.361442878338,9.6));
#3373 = VECTOR('',#3374,1.);
#3374 = DIRECTION('',(-0.471480470104,-0.881876502868,0.));
#3375 = ORIENTED_EDGE('',*,*,#3336,.F.);
#3376 = ORIENTED_EDGE('',*,*,#1107,.F.);
#3377 = PLANE('',#3378);
#3378 = AXIS2_PLACEMENT_3D('',#3379,#3380,#3381);
#3379 = CARTESIAN_POINT('',(4.959050345104,-3.361442878338,10.));
#3380 = DIRECTION('',(-0.881876502868,0.471480470104,0.));
#3381 = DIRECTION('',(-0.471480470104,-0.881876502868,0.));
#3382 = ADVANCED_FACE('',(#3383),#3401,.T.);
#3383 = FACE_BOUND('',#3384,.T.);
#3384 = EDGE_LOOP('',(#3385,#3393,#3399,#3400));
#3385 = ORIENTED_EDGE('',*,*,#3386,.T.);
#3386 = EDGE_CURVE('',#1092,#3387,#3389,.T.);
#3387 = VERTEX_POINT('',#3388);
#3388 = CARTESIAN_POINT('',(4.959050345104,-5.092896884273,9.6));
#3389 = LINE('',#3390,#3391);
#3390 = CARTESIAN_POINT('',(4.959050345104,-5.092896884273,10.));
#3391 = VECTOR('',#3392,1.);
#3392 = DIRECTION('',(-0.,-0.,-1.));
#3393 = ORIENTED_EDGE('',*,*,#3394,.T.);
#3394 = EDGE_CURVE('',#3387,#3363,#3395,.T.);
#3395 = LINE('',#3396,#3397);
#3396 = CARTESIAN_POINT('',(4.959050345104,-5.092896884273,9.6));
#3397 = VECTOR('',#3398,1.);
#3398 = DIRECTION('',(0.,1.,0.));
#3399 = ORIENTED_EDGE('',*,*,#3362,.F.);
#3400 = ORIENTED_EDGE('',*,*,#1099,.F.);
#3401 = PLANE('',#3402);
#3402 = AXIS2_PLACEMENT_3D('',#3403,#3404,#3405);
#3403 = CARTESIAN_POINT('',(4.959050345104,-5.092896884273,10.));
#3404 = DIRECTION('',(1.,0.,0.));
#3405 = DIRECTION('',(-0.,1.,0.));
#3406 = ADVANCED_FACE('',(#3407),#3425,.T.);
#3407 = FACE_BOUND('',#3408,.T.);
#3408 = EDGE_LOOP('',(#3409,#3417,#3423,#3424));
#3409 = ORIENTED_EDGE('',*,*,#3410,.T.);
#3410 = EDGE_CURVE('',#1084,#3411,#3413,.T.);
#3411 = VERTEX_POINT('',#3412);
#3412 = CARTESIAN_POINT('',(4.988677570623,-5.17009458457,9.6));
#3413 = LINE('',#3414,#3415);
#3414 = CARTESIAN_POINT('',(4.988677570623,-5.17009458457,10.));
#3415 = VECTOR('',#3416,1.);
#3416 = DIRECTION('',(-0.,-0.,-1.));
#3417 = ORIENTED_EDGE('',*,*,#3418,.T.);
#3418 = EDGE_CURVE('',#3411,#3387,#3419,.T.);
#3419 = B_SPLINE_CURVE_WITH_KNOTS('',2,(#3420,#3421,#3422),
  .UNSPECIFIED.,.F.,.F.,(3,3),(0.,1.),.PIECEWISE_BEZIER_KNOTS.);
#3420 = CARTESIAN_POINT('',(4.988677570623,-5.17009458457,9.6));
#3421 = CARTESIAN_POINT('',(4.959050345104,-5.140050074184,9.6));
#3422 = CARTESIAN_POINT('',(4.959050345104,-5.092896884273,9.6));
#3423 = ORIENTED_EDGE('',*,*,#3386,.F.);
#3424 = ORIENTED_EDGE('',*,*,#1091,.F.);
#3425 = SURFACE_OF_LINEAR_EXTRUSION('',#3426,#3430);
#3426 = B_SPLINE_CURVE_WITH_KNOTS('',2,(#3427,#3428,#3429),
  .UNSPECIFIED.,.F.,.F.,(3,3),(0.,1.),.PIECEWISE_BEZIER_KNOTS.);
#3427 = CARTESIAN_POINT('',(4.988677570623,-5.17009458457,10.));
#3428 = CARTESIAN_POINT('',(4.959050345104,-5.140050074184,10.));
#3429 = CARTESIAN_POINT('',(4.959050345104,-5.092896884273,10.));
#3430 = VECTOR('',#3431,1.);
#3431 = DIRECTION('',(0.,0.,1.));
#3432 = ADVANCED_FACE('',(#3433),#3451,.T.);
#3433 = FACE_BOUND('',#3434,.T.);
#3434 = EDGE_LOOP('',(#3435,#3443,#3449,#3450));
#3435 = ORIENTED_EDGE('',*,*,#3436,.T.);
#3436 = EDGE_CURVE('',#1076,#3437,#3439,.T.);
#3437 = VERTEX_POINT('',#3438);
#3438 = CARTESIAN_POINT('',(5.060867852522,-5.2,9.6));
#3439 = LINE('',#3440,#3441);
#3440 = CARTESIAN_POINT('',(5.060867852522,-5.2,10.));
#3441 = VECTOR('',#3442,1.);
#3442 = DIRECTION('',(-0.,-0.,-1.));
#3443 = ORIENTED_EDGE('',*,*,#3444,.T.);
#3444 = EDGE_CURVE('',#3437,#3411,#3445,.T.);
#3445 = B_SPLINE_CURVE_WITH_KNOTS('',2,(#3446,#3447,#3448),
  .UNSPECIFIED.,.F.,.F.,(3,3),(0.,1.),.PIECEWISE_BEZIER_KNOTS.);
#3446 = CARTESIAN_POINT('',(5.060867852522,-5.2,9.6));
#3447 = CARTESIAN_POINT('',(5.018443891098,-5.2,9.6));
#3448 = CARTESIAN_POINT('',(4.988677570623,-5.17009458457,9.6));
#3449 = ORIENTED_EDGE('',*,*,#3410,.F.);
#3450 = ORIENTED_EDGE('',*,*,#1083,.F.);
#3451 = SURFACE_OF_LINEAR_EXTRUSION('',#3452,#3456);
#3452 = B_SPLINE_CURVE_WITH_KNOTS('',2,(#3453,#3454,#3455),
  .UNSPECIFIED.,.F.,.F.,(3,3),(0.,1.),.PIECEWISE_BEZIER_KNOTS.);
#3453 = CARTESIAN_POINT('',(5.060867852522,-5.2,10.));
#3454 = CARTESIAN_POINT('',(5.018443891098,-5.2,10.));
#3455 = CARTESIAN_POINT('',(4.988677570623,-5.17009458457,10.));
#3456 = VECTOR('',#3457,1.);
#3457 = DIRECTION('',(0.,0.,1.));
#3458 = ADVANCED_FACE('',(#3459),#3477,.T.);
#3459 = FACE_BOUND('',#3460,.T.);
#3460 = EDGE_LOOP('',(#3461,#3469,#3475,#3476));
#3461 = ORIENTED_EDGE('',*,*,#3462,.T.);
#3462 = EDGE_CURVE('',#1068,#3463,#3465,.T.);
#3463 = VERTEX_POINT('',#3464);
#3464 = CARTESIAN_POINT('',(5.493870448961,-5.2,9.6));
#3465 = LINE('',#3466,#3467);
#3466 = CARTESIAN_POINT('',(5.493870448961,-5.2,10.));
#3467 = VECTOR('',#3468,1.);
#3468 = DIRECTION('',(-0.,-0.,-1.));
#3469 = ORIENTED_EDGE('',*,*,#3470,.T.);
#3470 = EDGE_CURVE('',#3463,#3437,#3471,.T.);
#3471 = LINE('',#3472,#3473);
#3472 = CARTESIAN_POINT('',(5.493870448961,-5.2,9.6));
#3473 = VECTOR('',#3474,1.);
#3474 = DIRECTION('',(-1.,0.,0.));
#3475 = ORIENTED_EDGE('',*,*,#3436,.F.);
#3476 = ORIENTED_EDGE('',*,*,#1075,.F.);
#3477 = PLANE('',#3478);
#3478 = AXIS2_PLACEMENT_3D('',#3479,#3480,#3481);
#3479 = CARTESIAN_POINT('',(5.493870448961,-5.2,10.));
#3480 = DIRECTION('',(0.,1.,0.));
#3481 = DIRECTION('',(-1.,0.,0.));
#3482 = ADVANCED_FACE('',(#3483),#3501,.T.);
#3483 = FACE_BOUND('',#3484,.T.);
#3484 = EDGE_LOOP('',(#3485,#3493,#3499,#3500));
#3485 = ORIENTED_EDGE('',*,*,#3486,.T.);
#3486 = EDGE_CURVE('',#1060,#3487,#3489,.T.);
#3487 = VERTEX_POINT('',#3488);
#3488 = CARTESIAN_POINT('',(5.570233579525,-5.17009458457,9.6));
#3489 = LINE('',#3490,#3491);
#3490 = CARTESIAN_POINT('',(5.570233579525,-5.17009458457,10.));
#3491 = VECTOR('',#3492,1.);
#3492 = DIRECTION('',(-0.,-0.,-1.));
#3493 = ORIENTED_EDGE('',*,*,#3494,.T.);
#3494 = EDGE_CURVE('',#3487,#3463,#3495,.T.);
#3495 = B_SPLINE_CURVE_WITH_KNOTS('',2,(#3496,#3497,#3498),
  .UNSPECIFIED.,.F.,.F.,(3,3),(0.,1.),.PIECEWISE_BEZIER_KNOTS.);
#3496 = CARTESIAN_POINT('',(5.570233579525,-5.17009458457,9.6));
#3497 = CARTESIAN_POINT('',(5.540606354006,-5.2,9.6));
#3498 = CARTESIAN_POINT('',(5.493870448961,-5.2,9.6));
#3499 = ORIENTED_EDGE('',*,*,#3462,.F.);
#3500 = ORIENTED_EDGE('',*,*,#1067,.F.);
#3501 = SURFACE_OF_LINEAR_EXTRUSION('',#3502,#3506);
#3502 = B_SPLINE_CURVE_WITH_KNOTS('',2,(#3503,#3504,#3505),
  .UNSPECIFIED.,.F.,.F.,(3,3),(0.,1.),.PIECEWISE_BEZIER_KNOTS.);
#3503 = CARTESIAN_POINT('',(5.570233579525,-5.17009458457,10.));
#3504 = CARTESIAN_POINT('',(5.540606354006,-5.2,10.));
#3505 = CARTESIAN_POINT('',(5.493870448961,-5.2,10.));
#3506 = VECTOR('',#3507,1.);
#3507 = DIRECTION('',(0.,0.,1.));
#3508 = ADVANCED_FACE('',(#3509),#3527,.T.);
#3509 = FACE_BOUND('',#3510,.T.);
#3510 = EDGE_LOOP('',(#3511,#3519,#3525,#3526));
#3511 = ORIENTED_EDGE('',*,*,#3512,.T.);
#3512 = EDGE_CURVE('',#1052,#3513,#3515,.T.);
#3513 = VERTEX_POINT('',#3514);
#3514 = CARTESIAN_POINT('',(5.5999999,-5.092757789318,9.6));
#3515 = LINE('',#3516,#3517);
#3516 = CARTESIAN_POINT('',(5.5999999,-5.092757789318,10.));
#3517 = VECTOR('',#3518,1.);
#3518 = DIRECTION('',(-0.,-0.,-1.));
#3519 = ORIENTED_EDGE('',*,*,#3520,.T.);
#3520 = EDGE_CURVE('',#3513,#3487,#3521,.T.);
#3521 = B_SPLINE_CURVE_WITH_KNOTS('',2,(#3522,#3523,#3524),
  .UNSPECIFIED.,.F.,.F.,(3,3),(0.,1.),.PIECEWISE_BEZIER_KNOTS.);
#3522 = CARTESIAN_POINT('',(5.5999999,-5.092757789318,9.6));
#3523 = CARTESIAN_POINT('',(5.5999999,-5.140050074184,9.6));
#3524 = CARTESIAN_POINT('',(5.570233579525,-5.17009458457,9.6));
#3525 = ORIENTED_EDGE('',*,*,#3486,.F.);
#3526 = ORIENTED_EDGE('',*,*,#1059,.F.);
#3527 = SURFACE_OF_LINEAR_EXTRUSION('',#3528,#3532);
#3528 = B_SPLINE_CURVE_WITH_KNOTS('',2,(#3529,#3530,#3531),
  .UNSPECIFIED.,.F.,.F.,(3,3),(0.,1.),.PIECEWISE_BEZIER_KNOTS.);
#3529 = CARTESIAN_POINT('',(5.5999999,-5.092757789318,10.));
#3530 = CARTESIAN_POINT('',(5.5999999,-5.140050074184,10.));
#3531 = CARTESIAN_POINT('',(5.570233579525,-5.17009458457,10.));
#3532 = VECTOR('',#3533,1.);
#3533 = DIRECTION('',(0.,0.,1.));
#3534 = ADVANCED_FACE('',(#3535),#3553,.T.);
#3535 = FACE_BOUND('',#3536,.T.);
#3536 = EDGE_LOOP('',(#3537,#3545,#3551,#3552));
#3537 = ORIENTED_EDGE('',*,*,#3538,.T.);
#3538 = EDGE_CURVE('',#1044,#3539,#3541,.T.);
#3539 = VERTEX_POINT('',#3540);
#3540 = CARTESIAN_POINT('',(5.5999999,-2.307103115727,9.6));
#3541 = LINE('',#3542,#3543);
#3542 = CARTESIAN_POINT('',(5.5999999,-2.307103115727,10.));
#3543 = VECTOR('',#3544,1.);
#3544 = DIRECTION('',(-0.,-0.,-1.));
#3545 = ORIENTED_EDGE('',*,*,#3546,.T.);
#3546 = EDGE_CURVE('',#3539,#3513,#3547,.T.);
#3547 = LINE('',#3548,#3549);
#3548 = CARTESIAN_POINT('',(5.5999999,-2.307103115727,9.6));
#3549 = VECTOR('',#3550,1.);
#3550 = DIRECTION('',(0.,-1.,0.));
#3551 = ORIENTED_EDGE('',*,*,#3512,.F.);
#3552 = ORIENTED_EDGE('',*,*,#1051,.F.);
#3553 = PLANE('',#3554);
#3554 = AXIS2_PLACEMENT_3D('',#3555,#3556,#3557);
#3555 = CARTESIAN_POINT('',(5.5999999,-2.307103115727,10.));
#3556 = DIRECTION('',(-1.,0.,0.));
#3557 = DIRECTION('',(0.,-1.,0.));
#3558 = ADVANCED_FACE('',(#3559),#3577,.T.);
#3559 = FACE_BOUND('',#3560,.T.);
#3560 = EDGE_LOOP('',(#3561,#3569,#3575,#3576));
#3561 = ORIENTED_EDGE('',*,*,#3562,.T.);
#3562 = EDGE_CURVE('',#1036,#3563,#3565,.T.);
#3563 = VERTEX_POINT('',#3564);
#3564 = CARTESIAN_POINT('',(5.57009448457,-2.230044510386,9.6));
#3565 = LINE('',#3566,#3567);
#3566 = CARTESIAN_POINT('',(5.57009448457,-2.230044510386,10.));
#3567 = VECTOR('',#3568,1.);
#3568 = DIRECTION('',(-0.,-0.,-1.));
#3569 = ORIENTED_EDGE('',*,*,#3570,.T.);
#3570 = EDGE_CURVE('',#3563,#3539,#3571,.T.);
#3571 = B_SPLINE_CURVE_WITH_KNOTS('',2,(#3572,#3573,#3574),
  .UNSPECIFIED.,.F.,.F.,(3,3),(0.,1.),.PIECEWISE_BEZIER_KNOTS.);
#3572 = CARTESIAN_POINT('',(5.57009448457,-2.230044510386,9.6));
#3573 = CARTESIAN_POINT('',(5.5999999,-2.259949925816,9.6));
#3574 = CARTESIAN_POINT('',(5.5999999,-2.307103115727,9.6));
#3575 = ORIENTED_EDGE('',*,*,#3538,.F.);
#3576 = ORIENTED_EDGE('',*,*,#1043,.F.);
#3577 = SURFACE_OF_LINEAR_EXTRUSION('',#3578,#3582);
#3578 = B_SPLINE_CURVE_WITH_KNOTS('',2,(#3579,#3580,#3581),
  .UNSPECIFIED.,.F.,.F.,(3,3),(0.,1.),.PIECEWISE_BEZIER_KNOTS.);
#3579 = CARTESIAN_POINT('',(5.57009448457,-2.230044510386,10.));
#3580 = CARTESIAN_POINT('',(5.5999999,-2.259949925816,10.));
#3581 = CARTESIAN_POINT('',(5.5999999,-2.307103115727,10.));
#3582 = VECTOR('',#3583,1.);
#3583 = DIRECTION('',(0.,0.,1.));
#3584 = ADVANCED_FACE('',(#3585),#3603,.T.);
#3585 = FACE_BOUND('',#3586,.T.);
#3586 = EDGE_LOOP('',(#3587,#3595,#3601,#3602));
#3587 = ORIENTED_EDGE('',*,*,#3588,.T.);
#3588 = EDGE_CURVE('',#1028,#3589,#3591,.T.);
#3589 = VERTEX_POINT('',#3590);
#3590 = CARTESIAN_POINT('',(5.493174974184,-2.2,9.6));
#3591 = LINE('',#3592,#3593);
#3592 = CARTESIAN_POINT('',(5.493174974184,-2.2,10.));
#3593 = VECTOR('',#3594,1.);
#3594 = DIRECTION('',(-0.,-0.,-1.));
#3595 = ORIENTED_EDGE('',*,*,#3596,.T.);
#3596 = EDGE_CURVE('',#3589,#3563,#3597,.T.);
#3597 = B_SPLINE_CURVE_WITH_KNOTS('',2,(#3598,#3599,#3600),
  .UNSPECIFIED.,.F.,.F.,(3,3),(0.,1.),.PIECEWISE_BEZIER_KNOTS.);
#3598 = CARTESIAN_POINT('',(5.493174974184,-2.2,9.6));
#3599 = CARTESIAN_POINT('',(5.540189069139,-2.2,9.6));
#3600 = CARTESIAN_POINT('',(5.57009448457,-2.230044510386,9.6));
#3601 = ORIENTED_EDGE('',*,*,#3562,.F.);
#3602 = ORIENTED_EDGE('',*,*,#1035,.F.);
#3603 = SURFACE_OF_LINEAR_EXTRUSION('',#3604,#3608);
#3604 = B_SPLINE_CURVE_WITH_KNOTS('',2,(#3605,#3606,#3607),
  .UNSPECIFIED.,.F.,.F.,(3,3),(0.,1.),.PIECEWISE_BEZIER_KNOTS.);
#3605 = CARTESIAN_POINT('',(5.493174974184,-2.2,10.));
#3606 = CARTESIAN_POINT('',(5.540189069139,-2.2,10.));
#3607 = CARTESIAN_POINT('',(5.57009448457,-2.230044510386,10.));
#3608 = VECTOR('',#3609,1.);
#3609 = DIRECTION('',(0.,0.,1.));
#3610 = ADVANCED_FACE('',(#3611),#3629,.T.);
#3611 = FACE_BOUND('',#3612,.T.);
#3612 = EDGE_LOOP('',(#3613,#3621,#3627,#3628));
#3613 = ORIENTED_EDGE('',*,*,#3614,.T.);
#3614 = EDGE_CURVE('',#1020,#3615,#3617,.T.);
#3615 = VERTEX_POINT('',#3616);
#3616 = CARTESIAN_POINT('',(5.095919781306,-2.2,9.6));
#3617 = LINE('',#3618,#3619);
#3618 = CARTESIAN_POINT('',(5.095919781306,-2.2,10.));
#3619 = VECTOR('',#3620,1.);
#3620 = DIRECTION('',(-0.,-0.,-1.));
#3621 = ORIENTED_EDGE('',*,*,#3622,.T.);
#3622 = EDGE_CURVE('',#3615,#3589,#3623,.T.);
#3623 = LINE('',#3624,#3625);
#3624 = CARTESIAN_POINT('',(5.095919781306,-2.2,9.6));
#3625 = VECTOR('',#3626,1.);
#3626 = DIRECTION('',(1.,0.,0.));
#3627 = ORIENTED_EDGE('',*,*,#3588,.F.);
#3628 = ORIENTED_EDGE('',*,*,#1027,.F.);
#3629 = PLANE('',#3630);
#3630 = AXIS2_PLACEMENT_3D('',#3631,#3632,#3633);
#3631 = CARTESIAN_POINT('',(5.095919781306,-2.2,10.));
#3632 = DIRECTION('',(0.,-1.,0.));
#3633 = DIRECTION('',(1.,0.,0.));
#3634 = ADVANCED_FACE('',(#3635),#3653,.T.);
#3635 = FACE_BOUND('',#3636,.T.);
#3636 = EDGE_LOOP('',(#3637,#3645,#3651,#3652));
#3637 = ORIENTED_EDGE('',*,*,#3638,.T.);
#3638 = EDGE_CURVE('',#1012,#3639,#3641,.T.);
#3639 = VERTEX_POINT('',#3640);
#3640 = CARTESIAN_POINT('',(4.999805167062,-2.23421735905,9.6));
#3641 = LINE('',#3642,#3643);
#3642 = CARTESIAN_POINT('',(4.999805167062,-2.23421735905,10.));
#3643 = VECTOR('',#3644,1.);
#3644 = DIRECTION('',(-0.,-0.,-1.));
#3645 = ORIENTED_EDGE('',*,*,#3646,.T.);
#3646 = EDGE_CURVE('',#3639,#3615,#3647,.T.);
#3647 = B_SPLINE_CURVE_WITH_KNOTS('',2,(#3648,#3649,#3650),
  .UNSPECIFIED.,.F.,.F.,(3,3),(0.,1.),.PIECEWISE_BEZIER_KNOTS.);
#3648 = CARTESIAN_POINT('',(4.999805167062,-2.23421735905,9.6));
#3649 = CARTESIAN_POINT('',(5.03193610178,-2.2,9.6));
#3650 = CARTESIAN_POINT('',(5.095919781306,-2.2,9.6));
#3651 = ORIENTED_EDGE('',*,*,#3614,.F.);
#3652 = ORIENTED_EDGE('',*,*,#1019,.F.);
#3653 = SURFACE_OF_LINEAR_EXTRUSION('',#3654,#3658);
#3654 = B_SPLINE_CURVE_WITH_KNOTS('',2,(#3655,#3656,#3657),
  .UNSPECIFIED.,.F.,.F.,(3,3),(0.,1.),.PIECEWISE_BEZIER_KNOTS.);
#3655 = CARTESIAN_POINT('',(4.999805167062,-2.23421735905,10.));
#3656 = CARTESIAN_POINT('',(5.03193610178,-2.2,10.));
#3657 = CARTESIAN_POINT('',(5.095919781306,-2.2,10.));
#3658 = VECTOR('',#3659,1.);
#3659 = DIRECTION('',(0.,0.,1.));
#3660 = ADVANCED_FACE('',(#3661),#3679,.T.);
#3661 = FACE_BOUND('',#3662,.T.);
#3662 = EDGE_LOOP('',(#3663,#3671,#3677,#3678));
#3663 = ORIENTED_EDGE('',*,*,#3664,.T.);
#3664 = EDGE_CURVE('',#1004,#3665,#3667,.T.);
#3665 = VERTEX_POINT('',#3666);
#3666 = CARTESIAN_POINT('',(4.959189440059,-2.285821587537,9.6));
#3667 = LINE('',#3668,#3669);
#3668 = CARTESIAN_POINT('',(4.959189440059,-2.285821587537,10.));
#3669 = VECTOR('',#3670,1.);
#3670 = DIRECTION('',(-0.,-0.,-1.));
#3671 = ORIENTED_EDGE('',*,*,#3672,.T.);
#3672 = EDGE_CURVE('',#3665,#3639,#3673,.T.);
#3673 = B_SPLINE_CURVE_WITH_KNOTS('',2,(#3674,#3675,#3676),
  .UNSPECIFIED.,.F.,.F.,(3,3),(0.,1.),.PIECEWISE_BEZIER_KNOTS.);
#3674 = CARTESIAN_POINT('',(4.959189440059,-2.285821587537,9.6));
#3675 = CARTESIAN_POINT('',(4.9678133273,-2.268434718101,9.6));
#3676 = CARTESIAN_POINT('',(4.999805167062,-2.23421735905,9.6));
#3677 = ORIENTED_EDGE('',*,*,#3638,.F.);
#3678 = ORIENTED_EDGE('',*,*,#1011,.F.);
#3679 = SURFACE_OF_LINEAR_EXTRUSION('',#3680,#3684);
#3680 = B_SPLINE_CURVE_WITH_KNOTS('',2,(#3681,#3682,#3683),
  .UNSPECIFIED.,.F.,.F.,(3,3),(0.,1.),.PIECEWISE_BEZIER_KNOTS.);
#3681 = CARTESIAN_POINT('',(4.959189440059,-2.285821587537,10.));
#3682 = CARTESIAN_POINT('',(4.9678133273,-2.268434718101,10.));
#3683 = CARTESIAN_POINT('',(4.999805167062,-2.23421735905,10.));
#3684 = VECTOR('',#3685,1.);
#3685 = DIRECTION('',(0.,0.,1.));
#3686 = ADVANCED_FACE('',(#3687),#3705,.T.);
#3687 = FACE_BOUND('',#3688,.T.);
#3688 = EDGE_LOOP('',(#3689,#3697,#3703,#3704));
#3689 = ORIENTED_EDGE('',*,*,#3690,.T.);
#3690 = EDGE_CURVE('',#996,#3691,#3693,.T.);
#3691 = VERTEX_POINT('',#3692);
#3692 = CARTESIAN_POINT('',(4.164679054303,-3.738668397626,9.6));
#3693 = LINE('',#3694,#3695);
#3694 = CARTESIAN_POINT('',(4.164679054303,-3.738668397626,10.));
#3695 = VECTOR('',#3696,1.);
#3696 = DIRECTION('',(-0.,-0.,-1.));
#3697 = ORIENTED_EDGE('',*,*,#3698,.T.);
#3698 = EDGE_CURVE('',#3691,#3665,#3699,.T.);
#3699 = LINE('',#3700,#3701);
#3700 = CARTESIAN_POINT('',(4.164679054303,-3.738668397626,9.6));
#3701 = VECTOR('',#3702,1.);
#3702 = DIRECTION('',(0.479805269613,0.877375007196,0.));
#3703 = ORIENTED_EDGE('',*,*,#3664,.F.);
#3704 = ORIENTED_EDGE('',*,*,#1003,.F.);
#3705 = PLANE('',#3706);
#3706 = AXIS2_PLACEMENT_3D('',#3707,#3708,#3709);
#3707 = CARTESIAN_POINT('',(4.164679054303,-3.738668397626,10.));
#3708 = DIRECTION('',(0.877375007196,-0.479805269613,0.));
#3709 = DIRECTION('',(0.479805269613,0.877375007196,0.));
#3710 = ADVANCED_FACE('',(#3711),#3729,.T.);
#3711 = FACE_BOUND('',#3712,.T.);
#3712 = EDGE_LOOP('',(#3713,#3721,#3727,#3728));
#3713 = ORIENTED_EDGE('',*,*,#3714,.T.);
#3714 = EDGE_CURVE('',#988,#3715,#3717,.T.);
#3715 = VERTEX_POINT('',#3716);
#3716 = CARTESIAN_POINT('',(3.378653460831,-2.285821587537,9.6));
#3717 = LINE('',#3718,#3719);
#3718 = CARTESIAN_POINT('',(3.378653460831,-2.285821587537,10.));
#3719 = VECTOR('',#3720,1.);
#3720 = DIRECTION('',(-0.,-0.,-1.));
#3721 = ORIENTED_EDGE('',*,*,#3722,.T.);
#3722 = EDGE_CURVE('',#3715,#3691,#3723,.T.);
#3723 = LINE('',#3724,#3725);
#3724 = CARTESIAN_POINT('',(3.378653460831,-2.285821587537,9.6));
#3725 = VECTOR('',#3726,1.);
#3726 = DIRECTION('',(0.475846350483,-0.879528425198,0.));
#3727 = ORIENTED_EDGE('',*,*,#3690,.F.);
#3728 = ORIENTED_EDGE('',*,*,#995,.F.);
#3729 = PLANE('',#3730);
#3730 = AXIS2_PLACEMENT_3D('',#3731,#3732,#3733);
#3731 = CARTESIAN_POINT('',(3.378653460831,-2.285821587537,10.));
#3732 = DIRECTION('',(-0.879528425198,-0.475846350483,0.));
#3733 = DIRECTION('',(0.475846350483,-0.879528425198,0.));
#3734 = ADVANCED_FACE('',(#3735),#3753,.T.);
#3735 = FACE_BOUND('',#3736,.T.);
#3736 = EDGE_LOOP('',(#3737,#3745,#3751,#3752));
#3737 = ORIENTED_EDGE('',*,*,#3738,.T.);
#3738 = EDGE_CURVE('',#980,#3739,#3741,.T.);
#3739 = VERTEX_POINT('',#3740);
#3740 = CARTESIAN_POINT('',(3.333725790208,-2.23421735905,9.6));
#3741 = LINE('',#3742,#3743);
#3742 = CARTESIAN_POINT('',(3.333725790208,-2.23421735905,10.));
#3743 = VECTOR('',#3744,1.);
#3744 = DIRECTION('',(-0.,-0.,-1.));
#3745 = ORIENTED_EDGE('',*,*,#3746,.T.);
#3746 = EDGE_CURVE('',#3739,#3715,#3747,.T.);
#3747 = B_SPLINE_CURVE_WITH_KNOTS('',2,(#3748,#3749,#3750),
  .UNSPECIFIED.,.F.,.F.,(3,3),(0.,1.),.PIECEWISE_BEZIER_KNOTS.);
#3748 = CARTESIAN_POINT('',(3.333725790208,-2.23421735905,9.6));
#3749 = CARTESIAN_POINT('',(3.365856724926,-2.268434718101,9.6));
#3750 = CARTESIAN_POINT('',(3.378653460831,-2.285821587537,9.6));
#3751 = ORIENTED_EDGE('',*,*,#3714,.F.);
#3752 = ORIENTED_EDGE('',*,*,#987,.F.);
#3753 = SURFACE_OF_LINEAR_EXTRUSION('',#3754,#3758);
#3754 = B_SPLINE_CURVE_WITH_KNOTS('',2,(#3755,#3756,#3757),
  .UNSPECIFIED.,.F.,.F.,(3,3),(0.,1.),.PIECEWISE_BEZIER_KNOTS.);
#3755 = CARTESIAN_POINT('',(3.333725790208,-2.23421735905,10.));
#3756 = CARTESIAN_POINT('',(3.365856724926,-2.268434718101,10.));
#3757 = CARTESIAN_POINT('',(3.378653460831,-2.285821587537,10.));
#3758 = VECTOR('',#3759,1.);
#3759 = DIRECTION('',(0.,0.,1.));
#3760 = ADVANCED_FACE('',(#3761),#3779,.T.);
#3761 = FACE_BOUND('',#3762,.T.);
#3762 = EDGE_LOOP('',(#3763,#3771,#3777,#3778));
#3763 = ORIENTED_EDGE('',*,*,#3764,.T.);
#3764 = EDGE_CURVE('',#972,#3765,#3767,.T.);
#3765 = VERTEX_POINT('',#3766);
#3766 = CARTESIAN_POINT('',(3.237611175964,-2.2,9.6));
#3767 = LINE('',#3768,#3769);
#3768 = CARTESIAN_POINT('',(3.237611175964,-2.2,10.));
#3769 = VECTOR('',#3770,1.);
#3770 = DIRECTION('',(-0.,-0.,-1.));
#3771 = ORIENTED_EDGE('',*,*,#3772,.T.);
#3772 = EDGE_CURVE('',#3765,#3739,#3773,.T.);
#3773 = B_SPLINE_CURVE_WITH_KNOTS('',2,(#3774,#3775,#3776),
  .UNSPECIFIED.,.F.,.F.,(3,3),(0.,1.),.PIECEWISE_BEZIER_KNOTS.);
#3774 = CARTESIAN_POINT('',(3.237611175964,-2.2,9.6));
#3775 = CARTESIAN_POINT('',(3.301733950445,-2.2,9.6));
#3776 = CARTESIAN_POINT('',(3.333725790208,-2.23421735905,9.6));
#3777 = ORIENTED_EDGE('',*,*,#3738,.F.);
#3778 = ORIENTED_EDGE('',*,*,#979,.F.);
#3779 = SURFACE_OF_LINEAR_EXTRUSION('',#3780,#3784);
#3780 = B_SPLINE_CURVE_WITH_KNOTS('',2,(#3781,#3782,#3783),
  .UNSPECIFIED.,.F.,.F.,(3,3),(0.,1.),.PIECEWISE_BEZIER_KNOTS.);
#3781 = CARTESIAN_POINT('',(3.237611175964,-2.2,10.));
#3782 = CARTESIAN_POINT('',(3.301733950445,-2.2,10.));
#3783 = CARTESIAN_POINT('',(3.333725790208,-2.23421735905,10.));
#3784 = VECTOR('',#3785,1.);
#3785 = DIRECTION('',(0.,0.,1.));
#3786 = ADVANCED_FACE('',(#3787),#3805,.T.);
#3787 = FACE_BOUND('',#3788,.T.);
#3788 = EDGE_LOOP('',(#3789,#3797,#3803,#3804));
#3789 = ORIENTED_EDGE('',*,*,#3790,.T.);
#3790 = EDGE_CURVE('',#964,#3791,#3793,.T.);
#3791 = VERTEX_POINT('',#3792);
#3792 = CARTESIAN_POINT('',(2.840355983086,-2.2,9.6));
#3793 = LINE('',#3794,#3795);
#3794 = CARTESIAN_POINT('',(2.840355983086,-2.2,10.));
#3795 = VECTOR('',#3796,1.);
#3796 = DIRECTION('',(-0.,-0.,-1.));
#3797 = ORIENTED_EDGE('',*,*,#3798,.T.);
#3798 = EDGE_CURVE('',#3791,#3765,#3799,.T.);
#3799 = LINE('',#3800,#3801);
#3800 = CARTESIAN_POINT('',(2.840355983086,-2.2,9.6));
#3801 = VECTOR('',#3802,1.);
#3802 = DIRECTION('',(1.,0.,0.));
#3803 = ORIENTED_EDGE('',*,*,#3764,.F.);
#3804 = ORIENTED_EDGE('',*,*,#971,.F.);
#3805 = PLANE('',#3806);
#3806 = AXIS2_PLACEMENT_3D('',#3807,#3808,#3809);
#3807 = CARTESIAN_POINT('',(2.840355983086,-2.2,10.));
#3808 = DIRECTION('',(0.,-1.,0.));
#3809 = DIRECTION('',(1.,0.,0.));
#3810 = ADVANCED_FACE('',(#3811),#3829,.T.);
#3811 = FACE_BOUND('',#3812,.T.);
#3812 = EDGE_LOOP('',(#3813,#3821,#3827,#3828));
#3813 = ORIENTED_EDGE('',*,*,#3814,.T.);
#3814 = EDGE_CURVE('',#956,#3815,#3817,.T.);
#3815 = VERTEX_POINT('',#3816);
#3816 = CARTESIAN_POINT('',(2.765522897033,-2.230044510386,9.6));
#3817 = LINE('',#3818,#3819);
#3818 = CARTESIAN_POINT('',(2.765522897033,-2.230044510386,10.));
#3819 = VECTOR('',#3820,1.);
#3820 = DIRECTION('',(-0.,-0.,-1.));
#3821 = ORIENTED_EDGE('',*,*,#3822,.T.);
#3822 = EDGE_CURVE('',#3815,#3791,#3823,.T.);
#3823 = B_SPLINE_CURVE_WITH_KNOTS('',2,(#3824,#3825,#3826),
  .UNSPECIFIED.,.F.,.F.,(3,3),(0.,1.),.PIECEWISE_BEZIER_KNOTS.);
#3824 = CARTESIAN_POINT('',(2.765522897033,-2.230044510386,9.6));
#3825 = CARTESIAN_POINT('',(2.797653831751,-2.2,9.6));
#3826 = CARTESIAN_POINT('',(2.840355983086,-2.2,9.6));
#3827 = ORIENTED_EDGE('',*,*,#3790,.F.);
#3828 = ORIENTED_EDGE('',*,*,#963,.F.);
#3829 = SURFACE_OF_LINEAR_EXTRUSION('',#3830,#3834);
#3830 = B_SPLINE_CURVE_WITH_KNOTS('',2,(#3831,#3832,#3833),
  .UNSPECIFIED.,.F.,.F.,(3,3),(0.,1.),.PIECEWISE_BEZIER_KNOTS.);
#3831 = CARTESIAN_POINT('',(2.765522897033,-2.230044510386,10.));
#3832 = CARTESIAN_POINT('',(2.797653831751,-2.2,10.));
#3833 = CARTESIAN_POINT('',(2.840355983086,-2.2,10.));
#3834 = VECTOR('',#3835,1.);
#3835 = DIRECTION('',(0.,0.,1.));
#3836 = ADVANCED_FACE('',(#3837),#3855,.T.);
#3837 = FACE_BOUND('',#3838,.T.);
#3838 = EDGE_LOOP('',(#3839,#3847,#3853,#3854));
#3839 = ORIENTED_EDGE('',*,*,#3840,.T.);
#3840 = EDGE_CURVE('',#948,#3841,#3843,.T.);
#3841 = VERTEX_POINT('',#3842);
#3842 = CARTESIAN_POINT('',(2.73353105727,-2.307103115727,9.6));
#3843 = LINE('',#3844,#3845);
#3844 = CARTESIAN_POINT('',(2.73353105727,-2.307103115727,10.));
#3845 = VECTOR('',#3846,1.);
#3846 = DIRECTION('',(-0.,-0.,-1.));
#3847 = ORIENTED_EDGE('',*,*,#3848,.T.);
#3848 = EDGE_CURVE('',#3841,#3815,#3849,.T.);
#3849 = B_SPLINE_CURVE_WITH_KNOTS('',2,(#3850,#3851,#3852),
  .UNSPECIFIED.,.F.,.F.,(3,3),(0.,1.),.PIECEWISE_BEZIER_KNOTS.);
#3850 = CARTESIAN_POINT('',(2.73353105727,-2.307103115727,9.6));
#3851 = CARTESIAN_POINT('',(2.73353105727,-2.259949925816,9.6));
#3852 = CARTESIAN_POINT('',(2.765522897033,-2.230044510386,9.6));
#3853 = ORIENTED_EDGE('',*,*,#3814,.F.);
#3854 = ORIENTED_EDGE('',*,*,#955,.F.);
#3855 = SURFACE_OF_LINEAR_EXTRUSION('',#3856,#3860);
#3856 = B_SPLINE_CURVE_WITH_KNOTS('',2,(#3857,#3858,#3859),
  .UNSPECIFIED.,.F.,.F.,(3,3),(0.,1.),.PIECEWISE_BEZIER_KNOTS.);
#3857 = CARTESIAN_POINT('',(2.73353105727,-2.307103115727,10.));
#3858 = CARTESIAN_POINT('',(2.73353105727,-2.259949925816,10.));
#3859 = CARTESIAN_POINT('',(2.765522897033,-2.230044510386,10.));
#3860 = VECTOR('',#3861,1.);
#3861 = DIRECTION('',(0.,0.,1.));
#3862 = ADVANCED_FACE('',(#3863),#3881,.T.);
#3863 = FACE_BOUND('',#3864,.T.);
#3864 = EDGE_LOOP('',(#3865,#3873,#3879,#3880));
#3865 = ORIENTED_EDGE('',*,*,#3866,.T.);
#3866 = EDGE_CURVE('',#940,#3867,#3869,.T.);
#3867 = VERTEX_POINT('',#3868);
#3868 = CARTESIAN_POINT('',(2.73353105727,-5.092757789318,9.6));
#3869 = LINE('',#3870,#3871);
#3870 = CARTESIAN_POINT('',(2.73353105727,-5.092757789318,10.));
#3871 = VECTOR('',#3872,1.);
#3872 = DIRECTION('',(-0.,-0.,-1.));
#3873 = ORIENTED_EDGE('',*,*,#3874,.T.);
#3874 = EDGE_CURVE('',#3867,#3841,#3875,.T.);
#3875 = LINE('',#3876,#3877);
#3876 = CARTESIAN_POINT('',(2.73353105727,-5.092757789318,9.6));
#3877 = VECTOR('',#3878,1.);
#3878 = DIRECTION('',(0.,1.,0.));
#3879 = ORIENTED_EDGE('',*,*,#3840,.F.);
#3880 = ORIENTED_EDGE('',*,*,#947,.F.);
#3881 = PLANE('',#3882);
#3882 = AXIS2_PLACEMENT_3D('',#3883,#3884,#3885);
#3883 = CARTESIAN_POINT('',(2.73353105727,-5.092757789318,10.));
#3884 = DIRECTION('',(1.,0.,0.));
#3885 = DIRECTION('',(-0.,1.,0.));
#3886 = ADVANCED_FACE('',(#3887),#3905,.T.);
#3887 = FACE_BOUND('',#3888,.T.);
#3888 = EDGE_LOOP('',(#3889,#3897,#3903,#3904));
#3889 = ORIENTED_EDGE('',*,*,#3890,.T.);
#3890 = EDGE_CURVE('',#932,#3891,#3893,.T.);
#3891 = VERTEX_POINT('',#3892);
#3892 = CARTESIAN_POINT('',(2.765383802077,-5.17009458457,9.6));
#3893 = LINE('',#3894,#3895);
#3894 = CARTESIAN_POINT('',(2.765383802077,-5.17009458457,10.));
#3895 = VECTOR('',#3896,1.);
#3896 = DIRECTION('',(-0.,-0.,-1.));
#3897 = ORIENTED_EDGE('',*,*,#3898,.T.);
#3898 = EDGE_CURVE('',#3891,#3867,#3899,.T.);
#3899 = B_SPLINE_CURVE_WITH_KNOTS('',2,(#3900,#3901,#3902),
  .UNSPECIFIED.,.F.,.F.,(3,3),(0.,1.),.PIECEWISE_BEZIER_KNOTS.);
#3900 = CARTESIAN_POINT('',(2.765383802077,-5.17009458457,9.6));
#3901 = CARTESIAN_POINT('',(2.73353105727,-5.140050074184,9.6));
#3902 = CARTESIAN_POINT('',(2.73353105727,-5.092757789318,9.6));
#3903 = ORIENTED_EDGE('',*,*,#3866,.F.);
#3904 = ORIENTED_EDGE('',*,*,#939,.F.);
#3905 = SURFACE_OF_LINEAR_EXTRUSION('',#3906,#3910);
#3906 = B_SPLINE_CURVE_WITH_KNOTS('',2,(#3907,#3908,#3909),
  .UNSPECIFIED.,.F.,.F.,(3,3),(0.,1.),.PIECEWISE_BEZIER_KNOTS.);
#3907 = CARTESIAN_POINT('',(2.765383802077,-5.17009458457,10.));
#3908 = CARTESIAN_POINT('',(2.73353105727,-5.140050074184,10.));
#3909 = CARTESIAN_POINT('',(2.73353105727,-5.092757789318,10.));
#3910 = VECTOR('',#3911,1.);
#3911 = DIRECTION('',(0.,0.,1.));
#3912 = ADVANCED_FACE('',(#3913),#3924,.T.);
#3913 = FACE_BOUND('',#3914,.T.);
#3914 = EDGE_LOOP('',(#3915,#3916,#3922,#3923));
#3915 = ORIENTED_EDGE('',*,*,#3119,.T.);
#3916 = ORIENTED_EDGE('',*,*,#3917,.T.);
#3917 = EDGE_CURVE('',#3112,#3891,#3918,.T.);
#3918 = B_SPLINE_CURVE_WITH_KNOTS('',2,(#3919,#3920,#3921),
  .UNSPECIFIED.,.F.,.F.,(3,3),(0.,1.),.PIECEWISE_BEZIER_KNOTS.);
#3919 = CARTESIAN_POINT('',(2.839660508309,-5.2,9.6));
#3920 = CARTESIAN_POINT('',(2.797236546884,-5.2,9.6));
#3921 = CARTESIAN_POINT('',(2.765383802077,-5.17009458457,9.6));
#3922 = ORIENTED_EDGE('',*,*,#3890,.F.);
#3923 = ORIENTED_EDGE('',*,*,#931,.F.);
#3924 = SURFACE_OF_LINEAR_EXTRUSION('',#3925,#3929);
#3925 = B_SPLINE_CURVE_WITH_KNOTS('',2,(#3926,#3927,#3928),
  .UNSPECIFIED.,.F.,.F.,(3,3),(0.,1.),.PIECEWISE_BEZIER_KNOTS.);
#3926 = CARTESIAN_POINT('',(2.839660508309,-5.2,10.));
#3927 = CARTESIAN_POINT('',(2.797236546884,-5.2,10.));
#3928 = CARTESIAN_POINT('',(2.765383802077,-5.17009458457,10.));
#3929 = VECTOR('',#3930,1.);
#3930 = DIRECTION('',(0.,0.,1.));
#3931 = ADVANCED_FACE('',(#3932),#3957,.T.);
#3932 = FACE_BOUND('',#3933,.T.);
#3933 = EDGE_LOOP('',(#3934,#3942,#3950,#3956));
#3934 = ORIENTED_EDGE('',*,*,#3935,.T.);
#3935 = EDGE_CURVE('',#1188,#3936,#3938,.T.);
#3936 = VERTEX_POINT('',#3937);
#3937 = CARTESIAN_POINT('',(-0.611869336202,-0.4,9.6));
#3938 = LINE('',#3939,#3940);
#3939 = CARTESIAN_POINT('',(-0.611869336202,-0.4,10.));
#3940 = VECTOR('',#3941,1.);
#3941 = DIRECTION('',(-0.,-0.,-1.));
#3942 = ORIENTED_EDGE('',*,*,#3943,.T.);
#3943 = EDGE_CURVE('',#3936,#3944,#3946,.T.);
#3944 = VERTEX_POINT('',#3945);
#3945 = CARTESIAN_POINT('',(-4.40059337181,-0.4,9.6));
#3946 = LINE('',#3947,#3948);
#3947 = CARTESIAN_POINT('',(-0.611869336202,-0.4,9.6));
#3948 = VECTOR('',#3949,1.);
#3949 = DIRECTION('',(-1.,0.,0.));
#3950 = ORIENTED_EDGE('',*,*,#3951,.F.);
#3951 = EDGE_CURVE('',#1190,#3944,#3952,.T.);
#3952 = LINE('',#3953,#3954);
#3953 = CARTESIAN_POINT('',(-4.40059337181,-0.4,10.));
#3954 = VECTOR('',#3955,1.);
#3955 = DIRECTION('',(-0.,-0.,-1.));
#3956 = ORIENTED_EDGE('',*,*,#1187,.F.);
#3957 = PLANE('',#3958);
#3958 = AXIS2_PLACEMENT_3D('',#3959,#3960,#3961);
#3959 = CARTESIAN_POINT('',(-0.611869336202,-0.4,10.));
#3960 = DIRECTION('',(0.,1.,0.));
#3961 = DIRECTION('',(-1.,0.,0.));
#3962 = ADVANCED_FACE('',(#3963),#3981,.T.);
#3963 = FACE_BOUND('',#3964,.T.);
#3964 = EDGE_LOOP('',(#3965,#3973,#3979,#3980));
#3965 = ORIENTED_EDGE('',*,*,#3966,.T.);
#3966 = EDGE_CURVE('',#1398,#3967,#3969,.T.);
#3967 = VERTEX_POINT('',#3968);
#3968 = CARTESIAN_POINT('',(-0.468286250148,-0.34028189911,9.6));
#3969 = LINE('',#3970,#3971);
#3970 = CARTESIAN_POINT('',(-0.468286250148,-0.34028189911,10.));
#3971 = VECTOR('',#3972,1.);
#3972 = DIRECTION('',(-0.,-0.,-1.));
#3973 = ORIENTED_EDGE('',*,*,#3974,.T.);
#3974 = EDGE_CURVE('',#3967,#3936,#3975,.T.);
#3975 = B_SPLINE_CURVE_WITH_KNOTS('',2,(#3976,#3977,#3978),
  .UNSPECIFIED.,.F.,.F.,(3,3),(0.,1.),.PIECEWISE_BEZIER_KNOTS.);
#3976 = CARTESIAN_POINT('',(-0.468286250148,-0.34028189911,9.6));
#3977 = CARTESIAN_POINT('',(-0.524109692285,-0.4,9.6));
#3978 = CARTESIAN_POINT('',(-0.611869336202,-0.4,9.6));
#3979 = ORIENTED_EDGE('',*,*,#3935,.F.);
#3980 = ORIENTED_EDGE('',*,*,#1405,.F.);
#3981 = SURFACE_OF_LINEAR_EXTRUSION('',#3982,#3986);
#3982 = B_SPLINE_CURVE_WITH_KNOTS('',2,(#3983,#3984,#3985),
  .UNSPECIFIED.,.F.,.F.,(3,3),(0.,1.),.PIECEWISE_BEZIER_KNOTS.);
#3983 = CARTESIAN_POINT('',(-0.468286250148,-0.34028189911,10.));
#3984 = CARTESIAN_POINT('',(-0.524109692285,-0.4,10.));
#3985 = CARTESIAN_POINT('',(-0.611869336202,-0.4,10.));
#3986 = VECTOR('',#3987,1.);
#3987 = DIRECTION('',(0.,0.,1.));
#3988 = ADVANCED_FACE('',(#3989),#4007,.T.);
#3989 = FACE_BOUND('',#3990,.T.);
#3990 = EDGE_LOOP('',(#3991,#3992,#4000,#4006));
#3991 = ORIENTED_EDGE('',*,*,#3951,.T.);
#3992 = ORIENTED_EDGE('',*,*,#3993,.T.);
#3993 = EDGE_CURVE('',#3944,#3994,#3996,.T.);
#3994 = VERTEX_POINT('',#3995);
#3995 = CARTESIAN_POINT('',(-4.544176457864,-0.340022255193,9.6));
#3996 = B_SPLINE_CURVE_WITH_KNOTS('',2,(#3997,#3998,#3999),
  .UNSPECIFIED.,.F.,.F.,(3,3),(0.,1.),.PIECEWISE_BEZIER_KNOTS.);
#3997 = CARTESIAN_POINT('',(-4.40059337181,-0.4,9.6));
#3998 = CARTESIAN_POINT('',(-4.488353015727,-0.4,9.6));
#3999 = CARTESIAN_POINT('',(-4.544176457864,-0.340022255193,9.6));
#4000 = ORIENTED_EDGE('',*,*,#4001,.F.);
#4001 = EDGE_CURVE('',#1198,#3994,#4002,.T.);
#4002 = LINE('',#4003,#4004);
#4003 = CARTESIAN_POINT('',(-4.544176457864,-0.340022255193,10.));
#4004 = VECTOR('',#4005,1.);
#4005 = DIRECTION('',(-0.,-0.,-1.));
#4006 = ORIENTED_EDGE('',*,*,#1197,.F.);
#4007 = SURFACE_OF_LINEAR_EXTRUSION('',#4008,#4012);
#4008 = B_SPLINE_CURVE_WITH_KNOTS('',2,(#4009,#4010,#4011),
  .UNSPECIFIED.,.F.,.F.,(3,3),(0.,1.),.PIECEWISE_BEZIER_KNOTS.);
#4009 = CARTESIAN_POINT('',(-4.40059337181,-0.4,10.));
#4010 = CARTESIAN_POINT('',(-4.488353015727,-0.4,10.));
#4011 = CARTESIAN_POINT('',(-4.544176457864,-0.340022255193,10.));
#4012 = VECTOR('',#4013,1.);
#4013 = DIRECTION('',(0.,0.,1.));
#4014 = ADVANCED_FACE('',(#4015),#4033,.T.);
#4015 = FACE_BOUND('',#4016,.T.);
#4016 = EDGE_LOOP('',(#4017,#4025,#4031,#4032));
#4017 = ORIENTED_EDGE('',*,*,#4018,.T.);
#4018 = EDGE_CURVE('',#1390,#4019,#4021,.T.);
#4019 = VERTEX_POINT('',#4020);
#4020 = CARTESIAN_POINT('',(-0.412462808012,-0.200853115727,9.6));
#4021 = LINE('',#4022,#4023);
#4022 = CARTESIAN_POINT('',(-0.412462808012,-0.200853115727,10.));
#4023 = VECTOR('',#4024,1.);
#4024 = DIRECTION('',(-0.,-0.,-1.));
#4025 = ORIENTED_EDGE('',*,*,#4026,.T.);
#4026 = EDGE_CURVE('',#4019,#3967,#4027,.T.);
#4027 = B_SPLINE_CURVE_WITH_KNOTS('',2,(#4028,#4029,#4030),
  .UNSPECIFIED.,.F.,.F.,(3,3),(0.,1.),.PIECEWISE_BEZIER_KNOTS.);
#4028 = CARTESIAN_POINT('',(-0.412462808012,-0.200853115727,9.6));
#4029 = CARTESIAN_POINT('',(-0.412462808012,-0.28056379822,9.6));
#4030 = CARTESIAN_POINT('',(-0.468286250148,-0.34028189911,9.6));
#4031 = ORIENTED_EDGE('',*,*,#3966,.F.);
#4032 = ORIENTED_EDGE('',*,*,#1397,.F.);
#4033 = SURFACE_OF_LINEAR_EXTRUSION('',#4034,#4038);
#4034 = B_SPLINE_CURVE_WITH_KNOTS('',2,(#4035,#4036,#4037),
  .UNSPECIFIED.,.F.,.F.,(3,3),(0.,1.),.PIECEWISE_BEZIER_KNOTS.);
#4035 = CARTESIAN_POINT('',(-0.412462808012,-0.200853115727,10.));
#4036 = CARTESIAN_POINT('',(-0.412462808012,-0.28056379822,10.));
#4037 = CARTESIAN_POINT('',(-0.468286250148,-0.34028189911,10.));
#4038 = VECTOR('',#4039,1.);
#4039 = DIRECTION('',(0.,0.,1.));
#4040 = ADVANCED_FACE('',(#4041),#4059,.T.);
#4041 = FACE_BOUND('',#4042,.T.);
#4042 = EDGE_LOOP('',(#4043,#4044,#4052,#4058));
#4043 = ORIENTED_EDGE('',*,*,#4001,.T.);
#4044 = ORIENTED_EDGE('',*,*,#4045,.T.);
#4045 = EDGE_CURVE('',#3994,#4046,#4048,.T.);
#4046 = VERTEX_POINT('',#4047);
#4047 = CARTESIAN_POINT('',(-4.5999999,-0.199814540059,9.6));
#4048 = B_SPLINE_CURVE_WITH_KNOTS('',2,(#4049,#4050,#4051),
  .UNSPECIFIED.,.F.,.F.,(3,3),(0.,1.),.PIECEWISE_BEZIER_KNOTS.);
#4049 = CARTESIAN_POINT('',(-4.544176457864,-0.340022255193,9.6));
#4050 = CARTESIAN_POINT('',(-4.5999999,-0.280044510386,9.6));
#4051 = CARTESIAN_POINT('',(-4.5999999,-0.199814540059,9.6));
#4052 = ORIENTED_EDGE('',*,*,#4053,.F.);
#4053 = EDGE_CURVE('',#1206,#4046,#4054,.T.);
#4054 = LINE('',#4055,#4056);
#4055 = CARTESIAN_POINT('',(-4.5999999,-0.199814540059,10.));
#4056 = VECTOR('',#4057,1.);
#4057 = DIRECTION('',(-0.,-0.,-1.));
#4058 = ORIENTED_EDGE('',*,*,#1205,.F.);
#4059 = SURFACE_OF_LINEAR_EXTRUSION('',#4060,#4064);
#4060 = B_SPLINE_CURVE_WITH_KNOTS('',2,(#4061,#4062,#4063),
  .UNSPECIFIED.,.F.,.F.,(3,3),(0.,1.),.PIECEWISE_BEZIER_KNOTS.);
#4061 = CARTESIAN_POINT('',(-4.544176457864,-0.340022255193,10.));
#4062 = CARTESIAN_POINT('',(-4.5999999,-0.280044510386,10.));
#4063 = CARTESIAN_POINT('',(-4.5999999,-0.199814540059,10.));
#4064 = VECTOR('',#4065,1.);
#4065 = DIRECTION('',(0.,0.,1.));
#4066 = ADVANCED_FACE('',(#4067),#4085,.T.);
#4067 = FACE_BOUND('',#4068,.T.);
#4068 = EDGE_LOOP('',(#4069,#4077,#4083,#4084));
#4069 = ORIENTED_EDGE('',*,*,#4070,.T.);
#4070 = EDGE_CURVE('',#1382,#4071,#4073,.T.);
#4071 = VERTEX_POINT('',#4072);
#4072 = CARTESIAN_POINT('',(-0.412462808012,0.547440652819,9.6));
#4073 = LINE('',#4074,#4075);
#4074 = CARTESIAN_POINT('',(-0.412462808012,0.547440652819,10.));
#4075 = VECTOR('',#4076,1.);
#4076 = DIRECTION('',(-0.,-0.,-1.));
#4077 = ORIENTED_EDGE('',*,*,#4078,.T.);
#4078 = EDGE_CURVE('',#4071,#4019,#4079,.T.);
#4079 = LINE('',#4080,#4081);
#4080 = CARTESIAN_POINT('',(-0.412462808012,0.547440652819,9.6));
#4081 = VECTOR('',#4082,1.);
#4082 = DIRECTION('',(0.,-1.,0.));
#4083 = ORIENTED_EDGE('',*,*,#4018,.F.);
#4084 = ORIENTED_EDGE('',*,*,#1389,.F.);
#4085 = PLANE('',#4086);
#4086 = AXIS2_PLACEMENT_3D('',#4087,#4088,#4089);
#4087 = CARTESIAN_POINT('',(-0.412462808012,0.547440652819,10.));
#4088 = DIRECTION('',(-1.,0.,0.));
#4089 = DIRECTION('',(0.,-1.,0.));
#4090 = ADVANCED_FACE('',(#4091),#4109,.T.);
#4091 = FACE_BOUND('',#4092,.T.);
#4092 = EDGE_LOOP('',(#4093,#4094,#4102,#4108));
#4093 = ORIENTED_EDGE('',*,*,#4053,.T.);
#4094 = ORIENTED_EDGE('',*,*,#4095,.T.);
#4095 = EDGE_CURVE('',#4046,#4096,#4098,.T.);
#4096 = VERTEX_POINT('',#4097);
#4097 = CARTESIAN_POINT('',(-4.5999999,5.000074183976,9.6));
#4098 = LINE('',#4099,#4100);
#4099 = CARTESIAN_POINT('',(-4.5999999,-0.199814540059,9.6));
#4100 = VECTOR('',#4101,1.);
#4101 = DIRECTION('',(0.,1.,0.));
#4102 = ORIENTED_EDGE('',*,*,#4103,.F.);
#4103 = EDGE_CURVE('',#1214,#4096,#4104,.T.);
#4104 = LINE('',#4105,#4106);
#4105 = CARTESIAN_POINT('',(-4.5999999,5.000074183976,10.));
#4106 = VECTOR('',#4107,1.);
#4107 = DIRECTION('',(-0.,-0.,-1.));
#4108 = ORIENTED_EDGE('',*,*,#1213,.F.);
#4109 = PLANE('',#4110);
#4110 = AXIS2_PLACEMENT_3D('',#4111,#4112,#4113);
#4111 = CARTESIAN_POINT('',(-4.5999999,-0.199814540059,10.));
#4112 = DIRECTION('',(1.,0.,0.));
#4113 = DIRECTION('',(0.,1.,0.));
#4114 = ADVANCED_FACE('',(#4115),#4133,.T.);
#4115 = FACE_BOUND('',#4116,.T.);
#4116 = EDGE_LOOP('',(#4117,#4125,#4131,#4132));
#4117 = ORIENTED_EDGE('',*,*,#4118,.T.);
#4118 = EDGE_CURVE('',#1374,#4119,#4121,.T.);
#4119 = VERTEX_POINT('',#4120);
#4120 = CARTESIAN_POINT('',(-0.468286250148,0.690764094955,9.6));
#4121 = LINE('',#4122,#4123);
#4122 = CARTESIAN_POINT('',(-0.468286250148,0.690764094955,10.));
#4123 = VECTOR('',#4124,1.);
#4124 = DIRECTION('',(-0.,-0.,-1.));
#4125 = ORIENTED_EDGE('',*,*,#4126,.T.);
#4126 = EDGE_CURVE('',#4119,#4071,#4127,.T.);
#4127 = B_SPLINE_CURVE_WITH_KNOTS('',2,(#4128,#4129,#4130),
  .UNSPECIFIED.,.F.,.F.,(3,3),(0.,1.),.PIECEWISE_BEZIER_KNOTS.);
#4128 = CARTESIAN_POINT('',(-0.468286250148,0.690764094955,9.6));
#4129 = CARTESIAN_POINT('',(-0.412462808012,0.635200296736,9.6));
#4130 = CARTESIAN_POINT('',(-0.412462808012,0.547440652819,9.6));
#4131 = ORIENTED_EDGE('',*,*,#4070,.F.);
#4132 = ORIENTED_EDGE('',*,*,#1381,.F.);
#4133 = SURFACE_OF_LINEAR_EXTRUSION('',#4134,#4138);
#4134 = B_SPLINE_CURVE_WITH_KNOTS('',2,(#4135,#4136,#4137),
  .UNSPECIFIED.,.F.,.F.,(3,3),(0.,1.),.PIECEWISE_BEZIER_KNOTS.);
#4135 = CARTESIAN_POINT('',(-0.468286250148,0.690764094955,10.));
#4136 = CARTESIAN_POINT('',(-0.412462808012,0.635200296736,10.));
#4137 = CARTESIAN_POINT('',(-0.412462808012,0.547440652819,10.));
#4138 = VECTOR('',#4139,1.);
#4139 = DIRECTION('',(0.,0.,1.));
#4140 = ADVANCED_FACE('',(#4141),#4159,.T.);
#4141 = FACE_BOUND('',#4142,.T.);
#4142 = EDGE_LOOP('',(#4143,#4144,#4152,#4158));
#4143 = ORIENTED_EDGE('',*,*,#4103,.T.);
#4144 = ORIENTED_EDGE('',*,*,#4145,.T.);
#4145 = EDGE_CURVE('',#4096,#4146,#4148,.T.);
#4146 = VERTEX_POINT('',#4147);
#4147 = CARTESIAN_POINT('',(-4.544176457864,5.143916913947,9.6));
#4148 = B_SPLINE_CURVE_WITH_KNOTS('',2,(#4149,#4150,#4151),
  .UNSPECIFIED.,.F.,.F.,(3,3),(0.,1.),.PIECEWISE_BEZIER_KNOTS.);
#4149 = CARTESIAN_POINT('',(-4.5999999,5.000074183976,9.6));
#4150 = CARTESIAN_POINT('',(-4.5999999,5.08809347181,9.6));
#4151 = CARTESIAN_POINT('',(-4.544176457864,5.143916913947,9.6));
#4152 = ORIENTED_EDGE('',*,*,#4153,.F.);
#4153 = EDGE_CURVE('',#1222,#4146,#4154,.T.);
#4154 = LINE('',#4155,#4156);
#4155 = CARTESIAN_POINT('',(-4.544176457864,5.143916913947,10.));
#4156 = VECTOR('',#4157,1.);
#4157 = DIRECTION('',(-0.,-0.,-1.));
#4158 = ORIENTED_EDGE('',*,*,#1221,.F.);
#4159 = SURFACE_OF_LINEAR_EXTRUSION('',#4160,#4164);
#4160 = B_SPLINE_CURVE_WITH_KNOTS('',2,(#4161,#4162,#4163),
  .UNSPECIFIED.,.F.,.F.,(3,3),(0.,1.),.PIECEWISE_BEZIER_KNOTS.);
#4161 = CARTESIAN_POINT('',(-4.5999999,5.000074183976,10.));
#4162 = CARTESIAN_POINT('',(-4.5999999,5.08809347181,10.));
#4163 = CARTESIAN_POINT('',(-4.544176457864,5.143916913947,10.));
#4164 = VECTOR('',#4165,1.);
#4165 = DIRECTION('',(0.,0.,1.));
#4166 = ADVANCED_FACE('',(#4167),#4185,.T.);
#4167 = FACE_BOUND('',#4168,.T.);
#4168 = EDGE_LOOP('',(#4169,#4177,#4183,#4184));
#4169 = ORIENTED_EDGE('',*,*,#4170,.T.);
#4170 = EDGE_CURVE('',#1366,#4171,#4173,.T.);
#4171 = VERTEX_POINT('',#4172);
#4172 = CARTESIAN_POINT('',(-0.611869336202,0.746587537092,9.6));
#4173 = LINE('',#4174,#4175);
#4174 = CARTESIAN_POINT('',(-0.611869336202,0.746587537092,10.));
#4175 = VECTOR('',#4176,1.);
#4176 = DIRECTION('',(-0.,-0.,-1.));
#4177 = ORIENTED_EDGE('',*,*,#4178,.T.);
#4178 = EDGE_CURVE('',#4171,#4119,#4179,.T.);
#4179 = B_SPLINE_CURVE_WITH_KNOTS('',2,(#4180,#4181,#4182),
  .UNSPECIFIED.,.F.,.F.,(3,3),(0.,1.),.PIECEWISE_BEZIER_KNOTS.);
#4180 = CARTESIAN_POINT('',(-0.611869336202,0.746587537092,9.6));
#4181 = CARTESIAN_POINT('',(-0.524109692285,0.746587537092,9.6));
#4182 = CARTESIAN_POINT('',(-0.468286250148,0.690764094955,9.6));
#4183 = ORIENTED_EDGE('',*,*,#4118,.F.);
#4184 = ORIENTED_EDGE('',*,*,#1373,.F.);
#4185 = SURFACE_OF_LINEAR_EXTRUSION('',#4186,#4190);
#4186 = B_SPLINE_CURVE_WITH_KNOTS('',2,(#4187,#4188,#4189),
  .UNSPECIFIED.,.F.,.F.,(3,3),(0.,1.),.PIECEWISE_BEZIER_KNOTS.);
#4187 = CARTESIAN_POINT('',(-0.611869336202,0.746587537092,10.));
#4188 = CARTESIAN_POINT('',(-0.524109692285,0.746587537092,10.));
#4189 = CARTESIAN_POINT('',(-0.468286250148,0.690764094955,10.));
#4190 = VECTOR('',#4191,1.);
#4191 = DIRECTION('',(0.,0.,1.));
#4192 = ADVANCED_FACE('',(#4193),#4211,.T.);
#4193 = FACE_BOUND('',#4194,.T.);
#4194 = EDGE_LOOP('',(#4195,#4196,#4204,#4210));
#4195 = ORIENTED_EDGE('',*,*,#4153,.T.);
#4196 = ORIENTED_EDGE('',*,*,#4197,.T.);
#4197 = EDGE_CURVE('',#4146,#4198,#4200,.T.);
#4198 = VERTEX_POINT('',#4199);
#4199 = CARTESIAN_POINT('',(-4.400853015727,5.2,9.6));
#4200 = B_SPLINE_CURVE_WITH_KNOTS('',2,(#4201,#4202,#4203),
  .UNSPECIFIED.,.F.,.F.,(3,3),(0.,1.),.PIECEWISE_BEZIER_KNOTS.);
#4201 = CARTESIAN_POINT('',(-4.544176457864,5.143916913947,9.6));
#4202 = CARTESIAN_POINT('',(-4.488353015727,5.2,9.6));
#4203 = CARTESIAN_POINT('',(-4.400853015727,5.2,9.6));
#4204 = ORIENTED_EDGE('',*,*,#4205,.F.);
#4205 = EDGE_CURVE('',#1230,#4198,#4206,.T.);
#4206 = LINE('',#4207,#4208);
#4207 = CARTESIAN_POINT('',(-4.400853015727,5.2,10.));
#4208 = VECTOR('',#4209,1.);
#4209 = DIRECTION('',(-0.,-0.,-1.));
#4210 = ORIENTED_EDGE('',*,*,#1229,.F.);
#4211 = SURFACE_OF_LINEAR_EXTRUSION('',#4212,#4216);
#4212 = B_SPLINE_CURVE_WITH_KNOTS('',2,(#4213,#4214,#4215),
  .UNSPECIFIED.,.F.,.F.,(3,3),(0.,1.),.PIECEWISE_BEZIER_KNOTS.);
#4213 = CARTESIAN_POINT('',(-4.544176457864,5.143916913947,10.));
#4214 = CARTESIAN_POINT('',(-4.488353015727,5.2,10.));
#4215 = CARTESIAN_POINT('',(-4.400853015727,5.2,10.));
#4216 = VECTOR('',#4217,1.);
#4217 = DIRECTION('',(0.,0.,1.));
#4218 = ADVANCED_FACE('',(#4219),#4237,.T.);
#4219 = FACE_BOUND('',#4220,.T.);
#4220 = EDGE_LOOP('',(#4221,#4229,#4235,#4236));
#4221 = ORIENTED_EDGE('',*,*,#4222,.T.);
#4222 = EDGE_CURVE('',#1358,#4223,#4225,.T.);
#4223 = VERTEX_POINT('',#4224);
#4224 = CARTESIAN_POINT('',(-3.220771413353,0.746587537092,9.6));
#4225 = LINE('',#4226,#4227);
#4226 = CARTESIAN_POINT('',(-3.220771413353,0.746587537092,10.));
#4227 = VECTOR('',#4228,1.);
#4228 = DIRECTION('',(-0.,-0.,-1.));
#4229 = ORIENTED_EDGE('',*,*,#4230,.T.);
#4230 = EDGE_CURVE('',#4223,#4171,#4231,.T.);
#4231 = LINE('',#4232,#4233);
#4232 = CARTESIAN_POINT('',(-3.220771413353,0.746587537092,9.6));
#4233 = VECTOR('',#4234,1.);
#4234 = DIRECTION('',(1.,0.,0.));
#4235 = ORIENTED_EDGE('',*,*,#4170,.F.);
#4236 = ORIENTED_EDGE('',*,*,#1365,.F.);
#4237 = PLANE('',#4238);
#4238 = AXIS2_PLACEMENT_3D('',#4239,#4240,#4241);
#4239 = CARTESIAN_POINT('',(-3.220771413353,0.746587537092,10.));
#4240 = DIRECTION('',(0.,-1.,0.));
#4241 = DIRECTION('',(1.,0.,0.));
#4242 = ADVANCED_FACE('',(#4243),#4261,.T.);
#4243 = FACE_BOUND('',#4244,.T.);
#4244 = EDGE_LOOP('',(#4245,#4246,#4254,#4260));
#4245 = ORIENTED_EDGE('',*,*,#4205,.T.);
#4246 = ORIENTED_EDGE('',*,*,#4247,.T.);
#4247 = EDGE_CURVE('',#4198,#4248,#4250,.T.);
#4248 = VERTEX_POINT('',#4249);
#4249 = CARTESIAN_POINT('',(-0.678078535015,5.2,9.6));
#4250 = LINE('',#4251,#4252);
#4251 = CARTESIAN_POINT('',(-4.400853015727,5.2,9.6));
#4252 = VECTOR('',#4253,1.);
#4253 = DIRECTION('',(1.,0.,0.));
#4254 = ORIENTED_EDGE('',*,*,#4255,.F.);
#4255 = EDGE_CURVE('',#1238,#4248,#4256,.T.);
#4256 = LINE('',#4257,#4258);
#4257 = CARTESIAN_POINT('',(-0.678078535015,5.2,10.));
#4258 = VECTOR('',#4259,1.);
#4259 = DIRECTION('',(-0.,-0.,-1.));
#4260 = ORIENTED_EDGE('',*,*,#1237,.F.);
#4261 = PLANE('',#4262);
#4262 = AXIS2_PLACEMENT_3D('',#4263,#4264,#4265);
#4263 = CARTESIAN_POINT('',(-4.400853015727,5.2,10.));
#4264 = DIRECTION('',(0.,-1.,0.));
#4265 = DIRECTION('',(1.,0.,0.));
#4266 = ADVANCED_FACE('',(#4267),#4285,.T.);
#4267 = FACE_BOUND('',#4268,.T.);
#4268 = EDGE_LOOP('',(#4269,#4277,#4283,#4284));
#4269 = ORIENTED_EDGE('',*,*,#4270,.T.);
#4270 = EDGE_CURVE('',#1350,#4271,#4273,.T.);
#4271 = VERTEX_POINT('',#4272);
#4272 = CARTESIAN_POINT('',(-3.220771413353,1.859940652819,9.6));
#4273 = LINE('',#4274,#4275);
#4274 = CARTESIAN_POINT('',(-3.220771413353,1.859940652819,10.));
#4275 = VECTOR('',#4276,1.);
#4276 = DIRECTION('',(-0.,-0.,-1.));
#4277 = ORIENTED_EDGE('',*,*,#4278,.T.);
#4278 = EDGE_CURVE('',#4271,#4223,#4279,.T.);
#4279 = LINE('',#4280,#4281);
#4280 = CARTESIAN_POINT('',(-3.220771413353,1.859940652819,9.6));
#4281 = VECTOR('',#4282,1.);
#4282 = DIRECTION('',(0.,-1.,0.));
#4283 = ORIENTED_EDGE('',*,*,#4222,.F.);
#4284 = ORIENTED_EDGE('',*,*,#1357,.F.);
#4285 = PLANE('',#4286);
#4286 = AXIS2_PLACEMENT_3D('',#4287,#4288,#4289);
#4287 = CARTESIAN_POINT('',(-3.220771413353,1.859940652819,10.));
#4288 = DIRECTION('',(-1.,0.,0.));
#4289 = DIRECTION('',(0.,-1.,0.));
#4290 = ADVANCED_FACE('',(#4291),#4309,.T.);
#4291 = FACE_BOUND('',#4292,.T.);
#4292 = EDGE_LOOP('',(#4293,#4294,#4302,#4308));
#4293 = ORIENTED_EDGE('',*,*,#4255,.T.);
#4294 = ORIENTED_EDGE('',*,*,#4295,.T.);
#4295 = EDGE_CURVE('',#4248,#4296,#4298,.T.);
#4296 = VERTEX_POINT('',#4297);
#4297 = CARTESIAN_POINT('',(-0.534755092878,5.144176557864,9.6));
#4298 = B_SPLINE_CURVE_WITH_KNOTS('',2,(#4299,#4300,#4301),
  .UNSPECIFIED.,.F.,.F.,(3,3),(0.,1.),.PIECEWISE_BEZIER_KNOTS.);
#4299 = CARTESIAN_POINT('',(-0.678078535015,5.2,9.6));
#4300 = CARTESIAN_POINT('',(-0.590578535015,5.2,9.6));
#4301 = CARTESIAN_POINT('',(-0.534755092878,5.144176557864,9.6));
#4302 = ORIENTED_EDGE('',*,*,#4303,.F.);
#4303 = EDGE_CURVE('',#1246,#4296,#4304,.T.);
#4304 = LINE('',#4305,#4306);
#4305 = CARTESIAN_POINT('',(-0.534755092878,5.144176557864,10.));
#4306 = VECTOR('',#4307,1.);
#4307 = DIRECTION('',(-0.,-0.,-1.));
#4308 = ORIENTED_EDGE('',*,*,#1245,.F.);
#4309 = SURFACE_OF_LINEAR_EXTRUSION('',#4310,#4314);
#4310 = B_SPLINE_CURVE_WITH_KNOTS('',2,(#4311,#4312,#4313),
  .UNSPECIFIED.,.F.,.F.,(3,3),(0.,1.),.PIECEWISE_BEZIER_KNOTS.);
#4311 = CARTESIAN_POINT('',(-0.678078535015,5.2,10.));
#4312 = CARTESIAN_POINT('',(-0.590578535015,5.2,10.));
#4313 = CARTESIAN_POINT('',(-0.534755092878,5.144176557864,10.));
#4314 = VECTOR('',#4315,1.);
#4315 = DIRECTION('',(0.,0.,1.));
#4316 = ADVANCED_FACE('',(#4317),#4335,.T.);
#4317 = FACE_BOUND('',#4318,.T.);
#4318 = EDGE_LOOP('',(#4319,#4327,#4333,#4334));
#4319 = ORIENTED_EDGE('',*,*,#4320,.T.);
#4320 = EDGE_CURVE('',#1342,#4321,#4323,.T.);
#4321 = VERTEX_POINT('',#4322);
#4322 = CARTESIAN_POINT('',(-0.852818891098,1.859940652819,9.6));
#4323 = LINE('',#4324,#4325);
#4324 = CARTESIAN_POINT('',(-0.852818891098,1.859940652819,10.));
#4325 = VECTOR('',#4326,1.);
#4326 = DIRECTION('',(-0.,-0.,-1.));
#4327 = ORIENTED_EDGE('',*,*,#4328,.T.);
#4328 = EDGE_CURVE('',#4321,#4271,#4329,.T.);
#4329 = LINE('',#4330,#4331);
#4330 = CARTESIAN_POINT('',(-0.852818891098,1.859940652819,9.6));
#4331 = VECTOR('',#4332,1.);
#4332 = DIRECTION('',(-1.,0.,0.));
#4333 = ORIENTED_EDGE('',*,*,#4270,.F.);
#4334 = ORIENTED_EDGE('',*,*,#1349,.F.);
#4335 = PLANE('',#4336);
#4336 = AXIS2_PLACEMENT_3D('',#4337,#4338,#4339);
#4337 = CARTESIAN_POINT('',(-0.852818891098,1.859940652819,10.));
#4338 = DIRECTION('',(0.,1.,0.));
#4339 = DIRECTION('',(-1.,0.,0.));
#4340 = ADVANCED_FACE('',(#4341),#4359,.T.);
#4341 = FACE_BOUND('',#4342,.T.);
#4342 = EDGE_LOOP('',(#4343,#4344,#4352,#4358));
#4343 = ORIENTED_EDGE('',*,*,#4303,.T.);
#4344 = ORIENTED_EDGE('',*,*,#4345,.T.);
#4345 = EDGE_CURVE('',#4296,#4346,#4348,.T.);
#4346 = VERTEX_POINT('',#4347);
#4347 = CARTESIAN_POINT('',(-0.478931650742,5.000853115727,9.6));
#4348 = B_SPLINE_CURVE_WITH_KNOTS('',2,(#4349,#4350,#4351),
  .UNSPECIFIED.,.F.,.F.,(3,3),(0.,1.),.PIECEWISE_BEZIER_KNOTS.);
#4349 = CARTESIAN_POINT('',(-0.534755092878,5.144176557864,9.6));
#4350 = CARTESIAN_POINT('',(-0.478931650742,5.088612759644,9.6));
#4351 = CARTESIAN_POINT('',(-0.478931650742,5.000853115727,9.6));
#4352 = ORIENTED_EDGE('',*,*,#4353,.F.);
#4353 = EDGE_CURVE('',#1254,#4346,#4354,.T.);
#4354 = LINE('',#4355,#4356);
#4355 = CARTESIAN_POINT('',(-0.478931650742,5.000853115727,10.));
#4356 = VECTOR('',#4357,1.);
#4357 = DIRECTION('',(-0.,-0.,-1.));
#4358 = ORIENTED_EDGE('',*,*,#1253,.F.);
#4359 = SURFACE_OF_LINEAR_EXTRUSION('',#4360,#4364);
#4360 = B_SPLINE_CURVE_WITH_KNOTS('',2,(#4361,#4362,#4363),
  .UNSPECIFIED.,.F.,.F.,(3,3),(0.,1.),.PIECEWISE_BEZIER_KNOTS.);
#4361 = CARTESIAN_POINT('',(-0.534755092878,5.144176557864,10.));
#4362 = CARTESIAN_POINT('',(-0.478931650742,5.088612759644,10.));
#4363 = CARTESIAN_POINT('',(-0.478931650742,5.000853115727,10.));
#4364 = VECTOR('',#4365,1.);
#4365 = DIRECTION('',(0.,0.,1.));
#4366 = ADVANCED_FACE('',(#4367),#4385,.T.);
#4367 = FACE_BOUND('',#4368,.T.);
#4368 = EDGE_LOOP('',(#4369,#4377,#4383,#4384));
#4369 = ORIENTED_EDGE('',*,*,#4370,.T.);
#4370 = EDGE_CURVE('',#1334,#4371,#4373,.T.);
#4371 = VERTEX_POINT('',#4372);
#4372 = CARTESIAN_POINT('',(-0.709235805045,1.919399109792,9.6));
#4373 = LINE('',#4374,#4375);
#4374 = CARTESIAN_POINT('',(-0.709235805045,1.919399109792,10.));
#4375 = VECTOR('',#4376,1.);
#4376 = DIRECTION('',(-0.,-0.,-1.));
#4377 = ORIENTED_EDGE('',*,*,#4378,.T.);
#4378 = EDGE_CURVE('',#4371,#4321,#4379,.T.);
#4379 = B_SPLINE_CURVE_WITH_KNOTS('',2,(#4380,#4381,#4382),
  .UNSPECIFIED.,.F.,.F.,(3,3),(0.,1.),.PIECEWISE_BEZIER_KNOTS.);
#4380 = CARTESIAN_POINT('',(-0.709235805045,1.919399109792,9.6));
#4381 = CARTESIAN_POINT('',(-0.765059247181,1.859940652819,9.6));
#4382 = CARTESIAN_POINT('',(-0.852818891098,1.859940652819,9.6));
#4383 = ORIENTED_EDGE('',*,*,#4320,.F.);
#4384 = ORIENTED_EDGE('',*,*,#1341,.F.);
#4385 = SURFACE_OF_LINEAR_EXTRUSION('',#4386,#4390);
#4386 = B_SPLINE_CURVE_WITH_KNOTS('',2,(#4387,#4388,#4389),
  .UNSPECIFIED.,.F.,.F.,(3,3),(0.,1.),.PIECEWISE_BEZIER_KNOTS.);
#4387 = CARTESIAN_POINT('',(-0.709235805045,1.919399109792,10.));
#4388 = CARTESIAN_POINT('',(-0.765059247181,1.859940652819,10.));
#4389 = CARTESIAN_POINT('',(-0.852818891098,1.859940652819,10.));
#4390 = VECTOR('',#4391,1.);
#4391 = DIRECTION('',(0.,0.,1.));
#4392 = ADVANCED_FACE('',(#4393),#4411,.T.);
#4393 = FACE_BOUND('',#4394,.T.);
#4394 = EDGE_LOOP('',(#4395,#4396,#4404,#4410));
#4395 = ORIENTED_EDGE('',*,*,#4353,.T.);
#4396 = ORIENTED_EDGE('',*,*,#4397,.T.);
#4397 = EDGE_CURVE('',#4346,#4398,#4400,.T.);
#4398 = VERTEX_POINT('',#4399);
#4399 = CARTESIAN_POINT('',(-0.478931650742,4.252559347181,9.6));
#4400 = LINE('',#4401,#4402);
#4401 = CARTESIAN_POINT('',(-0.478931650742,5.000853115727,9.6));
#4402 = VECTOR('',#4403,1.);
#4403 = DIRECTION('',(0.,-1.,0.));
#4404 = ORIENTED_EDGE('',*,*,#4405,.F.);
#4405 = EDGE_CURVE('',#1262,#4398,#4406,.T.);
#4406 = LINE('',#4407,#4408);
#4407 = CARTESIAN_POINT('',(-0.478931650742,4.252559347181,10.));
#4408 = VECTOR('',#4409,1.);
#4409 = DIRECTION('',(-0.,-0.,-1.));
#4410 = ORIENTED_EDGE('',*,*,#1261,.F.);
#4411 = PLANE('',#4412);
#4412 = AXIS2_PLACEMENT_3D('',#4413,#4414,#4415);
#4413 = CARTESIAN_POINT('',(-0.478931650742,5.000853115727,10.));
#4414 = DIRECTION('',(-1.,0.,0.));
#4415 = DIRECTION('',(0.,-1.,0.));
#4416 = ADVANCED_FACE('',(#4417),#4435,.T.);
#4417 = FACE_BOUND('',#4418,.T.);
#4418 = EDGE_LOOP('',(#4419,#4427,#4433,#4434));
#4419 = ORIENTED_EDGE('',*,*,#4420,.T.);
#4420 = EDGE_CURVE('',#1326,#4421,#4423,.T.);
#4421 = VERTEX_POINT('',#4422);
#4422 = CARTESIAN_POINT('',(-0.653412362908,2.058568249258,9.6));
#4423 = LINE('',#4424,#4425);
#4424 = CARTESIAN_POINT('',(-0.653412362908,2.058568249258,10.));
#4425 = VECTOR('',#4426,1.);
#4426 = DIRECTION('',(-0.,-0.,-1.));
#4427 = ORIENTED_EDGE('',*,*,#4428,.T.);
#4428 = EDGE_CURVE('',#4421,#4371,#4429,.T.);
#4429 = B_SPLINE_CURVE_WITH_KNOTS('',2,(#4430,#4431,#4432),
  .UNSPECIFIED.,.F.,.F.,(3,3),(0.,1.),.PIECEWISE_BEZIER_KNOTS.);
#4430 = CARTESIAN_POINT('',(-0.653412362908,2.058568249258,9.6));
#4431 = CARTESIAN_POINT('',(-0.653412362908,1.979117210682,9.6));
#4432 = CARTESIAN_POINT('',(-0.709235805045,1.919399109792,9.6));
#4433 = ORIENTED_EDGE('',*,*,#4370,.F.);
#4434 = ORIENTED_EDGE('',*,*,#1333,.F.);
#4435 = SURFACE_OF_LINEAR_EXTRUSION('',#4436,#4440);
#4436 = B_SPLINE_CURVE_WITH_KNOTS('',2,(#4437,#4438,#4439),
  .UNSPECIFIED.,.F.,.F.,(3,3),(0.,1.),.PIECEWISE_BEZIER_KNOTS.);
#4437 = CARTESIAN_POINT('',(-0.653412362908,2.058568249258,10.));
#4438 = CARTESIAN_POINT('',(-0.653412362908,1.979117210682,10.));
#4439 = CARTESIAN_POINT('',(-0.709235805045,1.919399109792,10.));
#4440 = VECTOR('',#4441,1.);
#4441 = DIRECTION('',(0.,0.,1.));
#4442 = ADVANCED_FACE('',(#4443),#4461,.T.);
#4443 = FACE_BOUND('',#4444,.T.);
#4444 = EDGE_LOOP('',(#4445,#4446,#4454,#4460));
#4445 = ORIENTED_EDGE('',*,*,#4405,.T.);
#4446 = ORIENTED_EDGE('',*,*,#4447,.T.);
#4447 = EDGE_CURVE('',#4398,#4448,#4450,.T.);
#4448 = VERTEX_POINT('',#4449);
#4449 = CARTESIAN_POINT('',(-0.534755092878,4.108976261128,9.6));
#4450 = B_SPLINE_CURVE_WITH_KNOTS('',2,(#4451,#4452,#4453),
  .UNSPECIFIED.,.F.,.F.,(3,3),(0.,1.),.PIECEWISE_BEZIER_KNOTS.);
#4451 = CARTESIAN_POINT('',(-0.478931650742,4.252559347181,9.6));
#4452 = CARTESIAN_POINT('',(-0.478931650742,4.164799703264,9.6));
#4453 = CARTESIAN_POINT('',(-0.534755092878,4.108976261128,9.6));
#4454 = ORIENTED_EDGE('',*,*,#4455,.F.);
#4455 = EDGE_CURVE('',#1270,#4448,#4456,.T.);
#4456 = LINE('',#4457,#4458);
#4457 = CARTESIAN_POINT('',(-0.534755092878,4.108976261128,10.));
#4458 = VECTOR('',#4459,1.);
#4459 = DIRECTION('',(-0.,-0.,-1.));
#4460 = ORIENTED_EDGE('',*,*,#1269,.F.);
#4461 = SURFACE_OF_LINEAR_EXTRUSION('',#4462,#4466);
#4462 = B_SPLINE_CURVE_WITH_KNOTS('',2,(#4463,#4464,#4465),
  .UNSPECIFIED.,.F.,.F.,(3,3),(0.,1.),.PIECEWISE_BEZIER_KNOTS.);
#4463 = CARTESIAN_POINT('',(-0.478931650742,4.252559347181,10.));
#4464 = CARTESIAN_POINT('',(-0.478931650742,4.164799703264,10.));
#4465 = CARTESIAN_POINT('',(-0.534755092878,4.108976261128,10.));
#4466 = VECTOR('',#4467,1.);
#4467 = DIRECTION('',(0.,0.,1.));
#4468 = ADVANCED_FACE('',(#4469),#4487,.T.);
#4469 = FACE_BOUND('',#4470,.T.);
#4470 = EDGE_LOOP('',(#4471,#4479,#4485,#4486));
#4471 = ORIENTED_EDGE('',*,*,#4472,.T.);
#4472 = EDGE_CURVE('',#1318,#4473,#4475,.T.);
#4473 = VERTEX_POINT('',#4474);
#4474 = CARTESIAN_POINT('',(-0.653412362908,2.750259643917,9.6));
#4475 = LINE('',#4476,#4477);
#4476 = CARTESIAN_POINT('',(-0.653412362908,2.750259643917,10.));
#4477 = VECTOR('',#4478,1.);
#4478 = DIRECTION('',(-0.,-0.,-1.));
#4479 = ORIENTED_EDGE('',*,*,#4480,.T.);
#4480 = EDGE_CURVE('',#4473,#4421,#4481,.T.);
#4481 = LINE('',#4482,#4483);
#4482 = CARTESIAN_POINT('',(-0.653412362908,2.750259643917,9.6));
#4483 = VECTOR('',#4484,1.);
#4484 = DIRECTION('',(0.,-1.,0.));
#4485 = ORIENTED_EDGE('',*,*,#4420,.F.);
#4486 = ORIENTED_EDGE('',*,*,#1325,.F.);
#4487 = PLANE('',#4488);
#4488 = AXIS2_PLACEMENT_3D('',#4489,#4490,#4491);
#4489 = CARTESIAN_POINT('',(-0.653412362908,2.750259643917,10.));
#4490 = DIRECTION('',(-1.,0.,0.));
#4491 = DIRECTION('',(0.,-1.,0.));
#4492 = ADVANCED_FACE('',(#4493),#4511,.T.);
#4493 = FACE_BOUND('',#4494,.T.);
#4494 = EDGE_LOOP('',(#4495,#4496,#4504,#4510));
#4495 = ORIENTED_EDGE('',*,*,#4455,.T.);
#4496 = ORIENTED_EDGE('',*,*,#4497,.T.);
#4497 = EDGE_CURVE('',#4448,#4498,#4500,.T.);
#4498 = VERTEX_POINT('',#4499);
#4499 = CARTESIAN_POINT('',(-0.678078535015,4.053412462908,9.6));
#4500 = B_SPLINE_CURVE_WITH_KNOTS('',2,(#4501,#4502,#4503),
  .UNSPECIFIED.,.F.,.F.,(3,3),(0.,1.),.PIECEWISE_BEZIER_KNOTS.);
#4501 = CARTESIAN_POINT('',(-0.534755092878,4.108976261128,9.6));
#4502 = CARTESIAN_POINT('',(-0.590578535015,4.053412462908,9.6));
#4503 = CARTESIAN_POINT('',(-0.678078535015,4.053412462908,9.6));
#4504 = ORIENTED_EDGE('',*,*,#4505,.F.);
#4505 = EDGE_CURVE('',#1278,#4498,#4506,.T.);
#4506 = LINE('',#4507,#4508);
#4507 = CARTESIAN_POINT('',(-0.678078535015,4.053412462908,10.));
#4508 = VECTOR('',#4509,1.);
#4509 = DIRECTION('',(-0.,-0.,-1.));
#4510 = ORIENTED_EDGE('',*,*,#1277,.F.);
#4511 = SURFACE_OF_LINEAR_EXTRUSION('',#4512,#4516);
#4512 = B_SPLINE_CURVE_WITH_KNOTS('',2,(#4513,#4514,#4515),
  .UNSPECIFIED.,.F.,.F.,(3,3),(0.,1.),.PIECEWISE_BEZIER_KNOTS.);
#4513 = CARTESIAN_POINT('',(-0.534755092878,4.108976261128,10.));
#4514 = CARTESIAN_POINT('',(-0.590578535015,4.053412462908,10.));
#4515 = CARTESIAN_POINT('',(-0.678078535015,4.053412462908,10.));
#4516 = VECTOR('',#4517,1.);
#4517 = DIRECTION('',(0.,0.,1.));
#4518 = ADVANCED_FACE('',(#4519),#4537,.T.);
#4519 = FACE_BOUND('',#4520,.T.);
#4520 = EDGE_LOOP('',(#4521,#4529,#4535,#4536));
#4521 = ORIENTED_EDGE('',*,*,#4522,.T.);
#4522 = EDGE_CURVE('',#1310,#4523,#4525,.T.);
#4523 = VERTEX_POINT('',#4524);
#4524 = CARTESIAN_POINT('',(-0.709235805045,2.896958456973,9.6));
#4525 = LINE('',#4526,#4527);
#4526 = CARTESIAN_POINT('',(-0.709235805045,2.896958456973,10.));
#4527 = VECTOR('',#4528,1.);
#4528 = DIRECTION('',(-0.,-0.,-1.));
#4529 = ORIENTED_EDGE('',*,*,#4530,.T.);
#4530 = EDGE_CURVE('',#4523,#4473,#4531,.T.);
#4531 = B_SPLINE_CURVE_WITH_KNOTS('',2,(#4532,#4533,#4534),
  .UNSPECIFIED.,.F.,.F.,(3,3),(0.,1.),.PIECEWISE_BEZIER_KNOTS.);
#4532 = CARTESIAN_POINT('',(-0.709235805045,2.896958456973,9.6));
#4533 = CARTESIAN_POINT('',(-0.653412362908,2.8375,9.6));
#4534 = CARTESIAN_POINT('',(-0.653412362908,2.750259643917,9.6));
#4535 = ORIENTED_EDGE('',*,*,#4472,.F.);
#4536 = ORIENTED_EDGE('',*,*,#1317,.F.);
#4537 = SURFACE_OF_LINEAR_EXTRUSION('',#4538,#4542);
#4538 = B_SPLINE_CURVE_WITH_KNOTS('',2,(#4539,#4540,#4541),
  .UNSPECIFIED.,.F.,.F.,(3,3),(0.,1.),.PIECEWISE_BEZIER_KNOTS.);
#4539 = CARTESIAN_POINT('',(-0.709235805045,2.896958456973,10.));
#4540 = CARTESIAN_POINT('',(-0.653412362908,2.8375,10.));
#4541 = CARTESIAN_POINT('',(-0.653412362908,2.750259643917,10.));
#4542 = VECTOR('',#4543,1.);
#4543 = DIRECTION('',(0.,0.,1.));
#4544 = ADVANCED_FACE('',(#4545),#4563,.T.);
#4545 = FACE_BOUND('',#4546,.T.);
#4546 = EDGE_LOOP('',(#4547,#4548,#4556,#4562));
#4547 = ORIENTED_EDGE('',*,*,#4505,.T.);
#4548 = ORIENTED_EDGE('',*,*,#4549,.T.);
#4549 = EDGE_CURVE('',#4498,#4550,#4552,.T.);
#4550 = VERTEX_POINT('',#4551);
#4551 = CARTESIAN_POINT('',(-3.220771413353,4.053412462908,9.6));
#4552 = LINE('',#4553,#4554);
#4553 = CARTESIAN_POINT('',(-0.678078535015,4.053412462908,9.6));
#4554 = VECTOR('',#4555,1.);
#4555 = DIRECTION('',(-1.,0.,0.));
#4556 = ORIENTED_EDGE('',*,*,#4557,.F.);
#4557 = EDGE_CURVE('',#1286,#4550,#4558,.T.);
#4558 = LINE('',#4559,#4560);
#4559 = CARTESIAN_POINT('',(-3.220771413353,4.053412462908,10.));
#4560 = VECTOR('',#4561,1.);
#4561 = DIRECTION('',(-0.,-0.,-1.));
#4562 = ORIENTED_EDGE('',*,*,#1285,.F.);
#4563 = PLANE('',#4564);
#4564 = AXIS2_PLACEMENT_3D('',#4565,#4566,#4567);
#4565 = CARTESIAN_POINT('',(-0.678078535015,4.053412462908,10.));
#4566 = DIRECTION('',(0.,1.,0.));
#4567 = DIRECTION('',(-1.,0.,0.));
#4568 = ADVANCED_FACE('',(#4569),#4587,.T.);
#4569 = FACE_BOUND('',#4570,.T.);
#4570 = EDGE_LOOP('',(#4571,#4579,#4585,#4586));
#4571 = ORIENTED_EDGE('',*,*,#4572,.T.);
#4572 = EDGE_CURVE('',#1302,#4573,#4575,.T.);
#4573 = VERTEX_POINT('',#4574);
#4574 = CARTESIAN_POINT('',(-0.852818891098,2.956676557864,9.6));
#4575 = LINE('',#4576,#4577);
#4576 = CARTESIAN_POINT('',(-0.852818891098,2.956676557864,10.));
#4577 = VECTOR('',#4578,1.);
#4578 = DIRECTION('',(-0.,-0.,-1.));
#4579 = ORIENTED_EDGE('',*,*,#4580,.T.);
#4580 = EDGE_CURVE('',#4573,#4523,#4581,.T.);
#4581 = B_SPLINE_CURVE_WITH_KNOTS('',2,(#4582,#4583,#4584),
  .UNSPECIFIED.,.F.,.F.,(3,3),(0.,1.),.PIECEWISE_BEZIER_KNOTS.);
#4582 = CARTESIAN_POINT('',(-0.852818891098,2.956676557864,9.6));
#4583 = CARTESIAN_POINT('',(-0.765059247181,2.956676557864,9.6));
#4584 = CARTESIAN_POINT('',(-0.709235805045,2.896958456973,9.6));
#4585 = ORIENTED_EDGE('',*,*,#4522,.F.);
#4586 = ORIENTED_EDGE('',*,*,#1309,.F.);
#4587 = SURFACE_OF_LINEAR_EXTRUSION('',#4588,#4592);
#4588 = B_SPLINE_CURVE_WITH_KNOTS('',2,(#4589,#4590,#4591),
  .UNSPECIFIED.,.F.,.F.,(3,3),(0.,1.),.PIECEWISE_BEZIER_KNOTS.);
#4589 = CARTESIAN_POINT('',(-0.852818891098,2.956676557864,10.));
#4590 = CARTESIAN_POINT('',(-0.765059247181,2.956676557864,10.));
#4591 = CARTESIAN_POINT('',(-0.709235805045,2.896958456973,10.));
#4592 = VECTOR('',#4593,1.);
#4593 = DIRECTION('',(0.,0.,1.));
#4594 = ADVANCED_FACE('',(#4595),#4613,.T.);
#4595 = FACE_BOUND('',#4596,.T.);
#4596 = EDGE_LOOP('',(#4597,#4598,#4606,#4612));
#4597 = ORIENTED_EDGE('',*,*,#4557,.T.);
#4598 = ORIENTED_EDGE('',*,*,#4599,.T.);
#4599 = EDGE_CURVE('',#4550,#4600,#4602,.T.);
#4600 = VERTEX_POINT('',#4601);
#4601 = CARTESIAN_POINT('',(-3.220771413353,2.956676557864,9.6));
#4602 = LINE('',#4603,#4604);
#4603 = CARTESIAN_POINT('',(-3.220771413353,4.053412462908,9.6));
#4604 = VECTOR('',#4605,1.);
#4605 = DIRECTION('',(0.,-1.,0.));
#4606 = ORIENTED_EDGE('',*,*,#4607,.F.);
#4607 = EDGE_CURVE('',#1294,#4600,#4608,.T.);
#4608 = LINE('',#4609,#4610);
#4609 = CARTESIAN_POINT('',(-3.220771413353,2.956676557864,10.));
#4610 = VECTOR('',#4611,1.);
#4611 = DIRECTION('',(-0.,-0.,-1.));
#4612 = ORIENTED_EDGE('',*,*,#1293,.F.);
#4613 = PLANE('',#4614);
#4614 = AXIS2_PLACEMENT_3D('',#4615,#4616,#4617);
#4615 = CARTESIAN_POINT('',(-3.220771413353,4.053412462908,10.));
#4616 = DIRECTION('',(-1.,0.,0.));
#4617 = DIRECTION('',(0.,-1.,0.));
#4618 = ADVANCED_FACE('',(#4619),#4630,.T.);
#4619 = FACE_BOUND('',#4620,.T.);
#4620 = EDGE_LOOP('',(#4621,#4622,#4628,#4629));
#4621 = ORIENTED_EDGE('',*,*,#4607,.T.);
#4622 = ORIENTED_EDGE('',*,*,#4623,.T.);
#4623 = EDGE_CURVE('',#4600,#4573,#4624,.T.);
#4624 = LINE('',#4625,#4626);
#4625 = CARTESIAN_POINT('',(-3.220771413353,2.956676557864,9.6));
#4626 = VECTOR('',#4627,1.);
#4627 = DIRECTION('',(1.,0.,0.));
#4628 = ORIENTED_EDGE('',*,*,#4572,.F.);
#4629 = ORIENTED_EDGE('',*,*,#1301,.F.);
#4630 = PLANE('',#4631);
#4631 = AXIS2_PLACEMENT_3D('',#4632,#4633,#4634);
#4632 = CARTESIAN_POINT('',(-3.220771413353,2.956676557864,10.));
#4633 = DIRECTION('',(0.,-1.,0.));
#4634 = DIRECTION('',(1.,0.,0.));
#4635 = ADVANCED_FACE('',(#4636,#4646),#4657,.F.);
#4636 = FACE_BOUND('',#4637,.F.);
#4637 = EDGE_LOOP('',(#4638,#4639,#4640,#4641,#4642,#4643,#4644,#4645));
#4638 = ORIENTED_EDGE('',*,*,#1595,.F.);
#4639 = ORIENTED_EDGE('',*,*,#1573,.F.);
#4640 = ORIENTED_EDGE('',*,*,#1540,.F.);
#4641 = ORIENTED_EDGE('',*,*,#1715,.F.);
#4642 = ORIENTED_EDGE('',*,*,#1691,.F.);
#4643 = ORIENTED_EDGE('',*,*,#1667,.F.);
#4644 = ORIENTED_EDGE('',*,*,#1643,.F.);
#4645 = ORIENTED_EDGE('',*,*,#1619,.F.);
#4646 = FACE_BOUND('',#4647,.F.);
#4647 = EDGE_LOOP('',(#4648));
#4648 = ORIENTED_EDGE('',*,*,#4649,.T.);
#4649 = EDGE_CURVE('',#4650,#4650,#4652,.T.);
#4650 = VERTEX_POINT('',#4651);
#4651 = CARTESIAN_POINT('',(2.75,0.,8.8));
#4652 = CIRCLE('',#4653,2.75);
#4653 = AXIS2_PLACEMENT_3D('',#4654,#4655,#4656);
#4654 = CARTESIAN_POINT('',(0.,0.,8.8));
#4655 = DIRECTION('',(0.,0.,-1.));
#4656 = DIRECTION('',(1.,0.,0.));
#4657 = PLANE('',#4658);
#4658 = AXIS2_PLACEMENT_3D('',#4659,#4660,#4661);
#4659 = CARTESIAN_POINT('',(-7.1E-16,2.2E-16,8.8));
#4660 = DIRECTION('',(0.,0.,1.));
#4661 = DIRECTION('',(1.,0.,0.));
#4662 = ADVANCED_FACE('',(#4663,#4688),#4746,.T.);
#4663 = FACE_BOUND('',#4664,.T.);
#4664 = EDGE_LOOP('',(#4665,#4666,#4667,#4668,#4669,#4670,#4671,#4672,
    #4673,#4674,#4675,#4676,#4677,#4678,#4679,#4680,#4681,#4682,#4683,
    #4684,#4685,#4686,#4687));
#4665 = ORIENTED_EDGE('',*,*,#2381,.F.);
#4666 = ORIENTED_EDGE('',*,*,#1825,.F.);
#4667 = ORIENTED_EDGE('',*,*,#1856,.F.);
#4668 = ORIENTED_EDGE('',*,*,#1882,.F.);
#4669 = ORIENTED_EDGE('',*,*,#1908,.F.);
#4670 = ORIENTED_EDGE('',*,*,#1932,.F.);
#4671 = ORIENTED_EDGE('',*,*,#1956,.F.);
#4672 = ORIENTED_EDGE('',*,*,#1980,.F.);
#4673 = ORIENTED_EDGE('',*,*,#2006,.F.);
#4674 = ORIENTED_EDGE('',*,*,#2032,.F.);
#4675 = ORIENTED_EDGE('',*,*,#2056,.F.);
#4676 = ORIENTED_EDGE('',*,*,#2082,.F.);
#4677 = ORIENTED_EDGE('',*,*,#2108,.F.);
#4678 = ORIENTED_EDGE('',*,*,#2134,.F.);
#4679 = ORIENTED_EDGE('',*,*,#2158,.F.);
#4680 = ORIENTED_EDGE('',*,*,#2184,.F.);
#4681 = ORIENTED_EDGE('',*,*,#2210,.F.);
#4682 = ORIENTED_EDGE('',*,*,#2236,.F.);
#4683 = ORIENTED_EDGE('',*,*,#2262,.F.);
#4684 = ORIENTED_EDGE('',*,*,#2286,.F.);
#4685 = ORIENTED_EDGE('',*,*,#2312,.F.);
#4686 = ORIENTED_EDGE('',*,*,#2338,.F.);
#4687 = ORIENTED_EDGE('',*,*,#2362,.F.);
#4688 = FACE_BOUND('',#4689,.T.);
#4689 = EDGE_LOOP('',(#4690,#4700,#4708,#4716,#4724,#4732,#4740));
#4690 = ORIENTED_EDGE('',*,*,#4691,.F.);
#4691 = EDGE_CURVE('',#4692,#4694,#4696,.T.);
#4692 = VERTEX_POINT('',#4693);
#4693 = CARTESIAN_POINT('',(-1.987351732047,-3.562017804154,9.6));
#4694 = VERTEX_POINT('',#4695);
#4695 = CARTESIAN_POINT('',(-1.441821316617,-3.562017804154,9.6));
#4696 = LINE('',#4697,#4698);
#4697 = CARTESIAN_POINT('',(-1.987351732047,-3.562017804154,9.6));
#4698 = VECTOR('',#4699,1.);
#4699 = DIRECTION('',(1.,0.,0.));
#4700 = ORIENTED_EDGE('',*,*,#4701,.F.);
#4701 = EDGE_CURVE('',#4702,#4692,#4704,.T.);
#4702 = VERTEX_POINT('',#4703);
#4703 = CARTESIAN_POINT('',(-1.987351732047,-2.73412462908,9.6));
#4704 = LINE('',#4705,#4706);
#4705 = CARTESIAN_POINT('',(-1.987351732047,-2.73412462908,9.6));
#4706 = VECTOR('',#4707,1.);
#4707 = DIRECTION('',(0.,-1.,0.));
#4708 = ORIENTED_EDGE('',*,*,#4709,.F.);
#4709 = EDGE_CURVE('',#4710,#4702,#4712,.T.);
#4710 = VERTEX_POINT('',#4711);
#4711 = CARTESIAN_POINT('',(-1.441821316617,-2.73412462908,9.6));
#4712 = LINE('',#4713,#4714);
#4713 = CARTESIAN_POINT('',(-1.441821316617,-2.73412462908,9.6));
#4714 = VECTOR('',#4715,1.);
#4715 = DIRECTION('',(-1.,0.,0.));
#4716 = ORIENTED_EDGE('',*,*,#4717,.F.);
#4717 = EDGE_CURVE('',#4718,#4710,#4720,.T.);
#4718 = VERTEX_POINT('',#4719);
#4719 = CARTESIAN_POINT('',(-1.092275693472,-2.846235163205,9.6));
#4720 = B_SPLINE_CURVE_WITH_KNOTS('',2,(#4721,#4722,#4723),
  .UNSPECIFIED.,.F.,.F.,(3,3),(0.,1.),.PIECEWISE_BEZIER_KNOTS.);
#4721 = CARTESIAN_POINT('',(-1.092275693472,-2.846235163205,9.6));
#4722 = CARTESIAN_POINT('',(-1.203134372997,-2.73412462908,9.6));
#4723 = CARTESIAN_POINT('',(-1.441821316617,-2.73412462908,9.6));
#4724 = ORIENTED_EDGE('',*,*,#4725,.F.);
#4725 = EDGE_CURVE('',#4726,#4718,#4728,.T.);
#4726 = VERTEX_POINT('',#4727);
#4727 = CARTESIAN_POINT('',(-0.981417013947,-3.152383160237,9.6));
#4728 = B_SPLINE_CURVE_WITH_KNOTS('',2,(#4729,#4730,#4731),
  .UNSPECIFIED.,.F.,.F.,(3,3),(0.,1.),.PIECEWISE_BEZIER_KNOTS.);
#4729 = CARTESIAN_POINT('',(-0.981417013947,-3.152383160237,9.6));
#4730 = CARTESIAN_POINT('',(-0.981417013947,-2.958345697329,9.6));
#4731 = CARTESIAN_POINT('',(-1.092275693472,-2.846235163205,9.6));
#4732 = ORIENTED_EDGE('',*,*,#4733,.F.);
#4733 = EDGE_CURVE('',#4734,#4726,#4736,.T.);
#4734 = VERTEX_POINT('',#4735);
#4735 = CARTESIAN_POINT('',(-1.094362117804,-3.45421921365,9.6));
#4736 = B_SPLINE_CURVE_WITH_KNOTS('',2,(#4737,#4738,#4739),
  .UNSPECIFIED.,.F.,.F.,(3,3),(0.,1.),.PIECEWISE_BEZIER_KNOTS.);
#4737 = CARTESIAN_POINT('',(-1.094362117804,-3.45421921365,9.6));
#4738 = CARTESIAN_POINT('',(-0.981417013947,-3.346420623145,9.6));
#4739 = CARTESIAN_POINT('',(-0.981417013947,-3.152383160237,9.6));
#4740 = ORIENTED_EDGE('',*,*,#4741,.F.);
#4741 = EDGE_CURVE('',#4694,#4734,#4742,.T.);
#4742 = B_SPLINE_CURVE_WITH_KNOTS('',2,(#4743,#4744,#4745),
  .UNSPECIFIED.,.F.,.F.,(3,3),(0.,1.),.PIECEWISE_BEZIER_KNOTS.);
#4743 = CARTESIAN_POINT('',(-1.441821316617,-3.562017804154,9.6));
#4744 = CARTESIAN_POINT('',(-1.207307221662,-3.562017804154,9.6));
#4745 = CARTESIAN_POINT('',(-1.094362117804,-3.45421921365,9.6));
#4746 = PLANE('',#4747);
#4747 = AXIS2_PLACEMENT_3D('',#4748,#4749,#4750);
#4748 = CARTESIAN_POINT('',(-1.53898945616,-3.685192330512,9.6));
#4749 = DIRECTION('',(0.,0.,1.));
#4750 = DIRECTION('',(1.,0.,0.));
#4751 = ADVANCED_FACE('',(#4752),#4782,.T.);
#4752 = FACE_BOUND('',#4753,.T.);
#4753 = EDGE_LOOP('',(#4754,#4755,#4756,#4757,#4758,#4759,#4760,#4761,
    #4762,#4763,#4764,#4765,#4766,#4767,#4768,#4769,#4770,#4771,#4772,
    #4773,#4774,#4775,#4776,#4777,#4778,#4779,#4780,#4781));
#4754 = ORIENTED_EDGE('',*,*,#3085,.F.);
#4755 = ORIENTED_EDGE('',*,*,#2407,.F.);
#4756 = ORIENTED_EDGE('',*,*,#2438,.F.);
#4757 = ORIENTED_EDGE('',*,*,#2464,.F.);
#4758 = ORIENTED_EDGE('',*,*,#2490,.F.);
#4759 = ORIENTED_EDGE('',*,*,#2514,.F.);
#4760 = ORIENTED_EDGE('',*,*,#2540,.F.);
#4761 = ORIENTED_EDGE('',*,*,#2566,.F.);
#4762 = ORIENTED_EDGE('',*,*,#2590,.F.);
#4763 = ORIENTED_EDGE('',*,*,#2614,.F.);
#4764 = ORIENTED_EDGE('',*,*,#2638,.F.);
#4765 = ORIENTED_EDGE('',*,*,#2664,.F.);
#4766 = ORIENTED_EDGE('',*,*,#2690,.F.);
#4767 = ORIENTED_EDGE('',*,*,#2714,.F.);
#4768 = ORIENTED_EDGE('',*,*,#2740,.F.);
#4769 = ORIENTED_EDGE('',*,*,#2766,.F.);
#4770 = ORIENTED_EDGE('',*,*,#2790,.F.);
#4771 = ORIENTED_EDGE('',*,*,#2814,.F.);
#4772 = ORIENTED_EDGE('',*,*,#2838,.F.);
#4773 = ORIENTED_EDGE('',*,*,#2864,.F.);
#4774 = ORIENTED_EDGE('',*,*,#2890,.F.);
#4775 = ORIENTED_EDGE('',*,*,#2914,.F.);
#4776 = ORIENTED_EDGE('',*,*,#2940,.F.);
#4777 = ORIENTED_EDGE('',*,*,#2966,.F.);
#4778 = ORIENTED_EDGE('',*,*,#2990,.F.);
#4779 = ORIENTED_EDGE('',*,*,#3016,.F.);
#4780 = ORIENTED_EDGE('',*,*,#3042,.F.);
#4781 = ORIENTED_EDGE('',*,*,#3066,.F.);
#4782 = PLANE('',#4783);
#4783 = AXIS2_PLACEMENT_3D('',#4784,#4785,#4786);
#4784 = CARTESIAN_POINT('',(1.194586385577,-3.70398914931,9.6));
#4785 = DIRECTION('',(0.,0.,1.));
#4786 = DIRECTION('',(1.,0.,0.));
#4787 = ADVANCED_FACE('',(#4788),#4823,.T.);
#4788 = FACE_BOUND('',#4789,.T.);
#4789 = EDGE_LOOP('',(#4790,#4791,#4792,#4793,#4794,#4795,#4796,#4797,
    #4798,#4799,#4800,#4801,#4802,#4803,#4804,#4805,#4806,#4807,#4808,
    #4809,#4810,#4811,#4812,#4813,#4814,#4815,#4816,#4817,#4818,#4819,
    #4820,#4821,#4822));
#4790 = ORIENTED_EDGE('',*,*,#3917,.F.);
#4791 = ORIENTED_EDGE('',*,*,#3111,.F.);
#4792 = ORIENTED_EDGE('',*,*,#3142,.F.);
#4793 = ORIENTED_EDGE('',*,*,#3168,.F.);
#4794 = ORIENTED_EDGE('',*,*,#3194,.F.);
#4795 = ORIENTED_EDGE('',*,*,#3218,.F.);
#4796 = ORIENTED_EDGE('',*,*,#3242,.F.);
#4797 = ORIENTED_EDGE('',*,*,#3268,.F.);
#4798 = ORIENTED_EDGE('',*,*,#3294,.F.);
#4799 = ORIENTED_EDGE('',*,*,#3318,.F.);
#4800 = ORIENTED_EDGE('',*,*,#3344,.F.);
#4801 = ORIENTED_EDGE('',*,*,#3370,.F.);
#4802 = ORIENTED_EDGE('',*,*,#3394,.F.);
#4803 = ORIENTED_EDGE('',*,*,#3418,.F.);
#4804 = ORIENTED_EDGE('',*,*,#3444,.F.);
#4805 = ORIENTED_EDGE('',*,*,#3470,.F.);
#4806 = ORIENTED_EDGE('',*,*,#3494,.F.);
#4807 = ORIENTED_EDGE('',*,*,#3520,.F.);
#4808 = ORIENTED_EDGE('',*,*,#3546,.F.);
#4809 = ORIENTED_EDGE('',*,*,#3570,.F.);
#4810 = ORIENTED_EDGE('',*,*,#3596,.F.);
#4811 = ORIENTED_EDGE('',*,*,#3622,.F.);
#4812 = ORIENTED_EDGE('',*,*,#3646,.F.);
#4813 = ORIENTED_EDGE('',*,*,#3672,.F.);
#4814 = ORIENTED_EDGE('',*,*,#3698,.F.);
#4815 = ORIENTED_EDGE('',*,*,#3722,.F.);
#4816 = ORIENTED_EDGE('',*,*,#3746,.F.);
#4817 = ORIENTED_EDGE('',*,*,#3772,.F.);
#4818 = ORIENTED_EDGE('',*,*,#3798,.F.);
#4819 = ORIENTED_EDGE('',*,*,#3822,.F.);
#4820 = ORIENTED_EDGE('',*,*,#3848,.F.);
#4821 = ORIENTED_EDGE('',*,*,#3874,.F.);
#4822 = ORIENTED_EDGE('',*,*,#3898,.F.);
#4823 = PLANE('',#4824);
#4824 = AXIS2_PLACEMENT_3D('',#4825,#4826,#4827);
#4825 = CARTESIAN_POINT('',(4.166934125255,-3.725356248305,9.6));
#4826 = DIRECTION('',(0.,0.,1.));
#4827 = DIRECTION('',(1.,0.,0.));
#4828 = ADVANCED_FACE('',(#4829),#4859,.T.);
#4829 = FACE_BOUND('',#4830,.T.);
#4830 = EDGE_LOOP('',(#4831,#4832,#4833,#4834,#4835,#4836,#4837,#4838,
    #4839,#4840,#4841,#4842,#4843,#4844,#4845,#4846,#4847,#4848,#4849,
    #4850,#4851,#4852,#4853,#4854,#4855,#4856,#4857,#4858));
#4831 = ORIENTED_EDGE('',*,*,#3993,.F.);
#4832 = ORIENTED_EDGE('',*,*,#3943,.F.);
#4833 = ORIENTED_EDGE('',*,*,#3974,.F.);
#4834 = ORIENTED_EDGE('',*,*,#4026,.F.);
#4835 = ORIENTED_EDGE('',*,*,#4078,.F.);
#4836 = ORIENTED_EDGE('',*,*,#4126,.F.);
#4837 = ORIENTED_EDGE('',*,*,#4178,.F.);
#4838 = ORIENTED_EDGE('',*,*,#4230,.F.);
#4839 = ORIENTED_EDGE('',*,*,#4278,.F.);
#4840 = ORIENTED_EDGE('',*,*,#4328,.F.);
#4841 = ORIENTED_EDGE('',*,*,#4378,.F.);
#4842 = ORIENTED_EDGE('',*,*,#4428,.F.);
#4843 = ORIENTED_EDGE('',*,*,#4480,.F.);
#4844 = ORIENTED_EDGE('',*,*,#4530,.F.);
#4845 = ORIENTED_EDGE('',*,*,#4580,.F.);
#4846 = ORIENTED_EDGE('',*,*,#4623,.F.);
#4847 = ORIENTED_EDGE('',*,*,#4599,.F.);
#4848 = ORIENTED_EDGE('',*,*,#4549,.F.);
#4849 = ORIENTED_EDGE('',*,*,#4497,.F.);
#4850 = ORIENTED_EDGE('',*,*,#4447,.F.);
#4851 = ORIENTED_EDGE('',*,*,#4397,.F.);
#4852 = ORIENTED_EDGE('',*,*,#4345,.F.);
#4853 = ORIENTED_EDGE('',*,*,#4295,.F.);
#4854 = ORIENTED_EDGE('',*,*,#4247,.F.);
#4855 = ORIENTED_EDGE('',*,*,#4197,.F.);
#4856 = ORIENTED_EDGE('',*,*,#4145,.F.);
#4857 = ORIENTED_EDGE('',*,*,#4095,.F.);
#4858 = ORIENTED_EDGE('',*,*,#4045,.F.);
#4859 = PLANE('',#4860);
#4860 = AXIS2_PLACEMENT_3D('',#4861,#4862,#4863);
#4861 = CARTESIAN_POINT('',(-2.529887517908,2.391789088788,9.6));
#4862 = DIRECTION('',(0.,0.,1.));
#4863 = DIRECTION('',(1.,0.,0.));
#4864 = ADVANCED_FACE('',(#4865),#4884,.T.);
#4865 = FACE_BOUND('',#4866,.F.);
#4866 = EDGE_LOOP('',(#4867,#4875,#4882,#4883));
#4867 = ORIENTED_EDGE('',*,*,#4868,.T.);
#4868 = EDGE_CURVE('',#4650,#4869,#4871,.T.);
#4869 = VERTEX_POINT('',#4870);
#4870 = CARTESIAN_POINT('',(2.75,0.,2.1));
#4871 = LINE('',#4872,#4873);
#4872 = CARTESIAN_POINT('',(2.75,0.,8.8));
#4873 = VECTOR('',#4874,1.);
#4874 = DIRECTION('',(0.,0.,-1.));
#4875 = ORIENTED_EDGE('',*,*,#4876,.T.);
#4876 = EDGE_CURVE('',#4869,#4869,#4877,.T.);
#4877 = CIRCLE('',#4878,2.75);
#4878 = AXIS2_PLACEMENT_3D('',#4879,#4880,#4881);
#4879 = CARTESIAN_POINT('',(0.,0.,2.1));
#4880 = DIRECTION('',(0.,0.,-1.));
#4881 = DIRECTION('',(1.,0.,0.));
#4882 = ORIENTED_EDGE('',*,*,#4868,.F.);
#4883 = ORIENTED_EDGE('',*,*,#4649,.F.);
#4884 = CYLINDRICAL_SURFACE('',#4885,2.75);
#4885 = AXIS2_PLACEMENT_3D('',#4886,#4887,#4888);
#4886 = CARTESIAN_POINT('',(0.,0.,8.8));
#4887 = DIRECTION('',(0.,0.,1.));
#4888 = DIRECTION('',(1.,0.,0.));
#4889 = ADVANCED_FACE('',(#4890),#4915,.T.);
#4890 = FACE_BOUND('',#4891,.T.);
#4891 = EDGE_LOOP('',(#4892,#4900,#4901,#4909));
#4892 = ORIENTED_EDGE('',*,*,#4893,.T.);
#4893 = EDGE_CURVE('',#4894,#4692,#4896,.T.);
#4894 = VERTEX_POINT('',#4895);
#4895 = CARTESIAN_POINT('',(-1.987351732047,-3.562017804154,10.));
#4896 = LINE('',#4897,#4898);
#4897 = CARTESIAN_POINT('',(-1.987351732047,-3.562017804154,10.));
#4898 = VECTOR('',#4899,1.);
#4899 = DIRECTION('',(-0.,-0.,-1.));
#4900 = ORIENTED_EDGE('',*,*,#4691,.T.);
#4901 = ORIENTED_EDGE('',*,*,#4902,.F.);
#4902 = EDGE_CURVE('',#4903,#4694,#4905,.T.);
#4903 = VERTEX_POINT('',#4904);
#4904 = CARTESIAN_POINT('',(-1.441821316617,-3.562017804154,10.));
#4905 = LINE('',#4906,#4907);
#4906 = CARTESIAN_POINT('',(-1.441821316617,-3.562017804154,10.));
#4907 = VECTOR('',#4908,1.);
#4908 = DIRECTION('',(-0.,-0.,-1.));
#4909 = ORIENTED_EDGE('',*,*,#4910,.F.);
#4910 = EDGE_CURVE('',#4894,#4903,#4911,.T.);
#4911 = LINE('',#4912,#4913);
#4912 = CARTESIAN_POINT('',(-1.987351732047,-3.562017804154,10.));
#4913 = VECTOR('',#4914,1.);
#4914 = DIRECTION('',(1.,0.,0.));
#4915 = PLANE('',#4916);
#4916 = AXIS2_PLACEMENT_3D('',#4917,#4918,#4919);
#4917 = CARTESIAN_POINT('',(-1.987351732047,-3.562017804154,10.));
#4918 = DIRECTION('',(0.,-1.,0.));
#4919 = DIRECTION('',(1.,0.,0.));
#4920 = ADVANCED_FACE('',(#4921),#4939,.T.);
#4921 = FACE_BOUND('',#4922,.T.);
#4922 = EDGE_LOOP('',(#4923,#4931,#4932,#4933));
#4923 = ORIENTED_EDGE('',*,*,#4924,.T.);
#4924 = EDGE_CURVE('',#4925,#4702,#4927,.T.);
#4925 = VERTEX_POINT('',#4926);
#4926 = CARTESIAN_POINT('',(-1.987351732047,-2.73412462908,10.));
#4927 = LINE('',#4928,#4929);
#4928 = CARTESIAN_POINT('',(-1.987351732047,-2.73412462908,10.));
#4929 = VECTOR('',#4930,1.);
#4930 = DIRECTION('',(-0.,-0.,-1.));
#4931 = ORIENTED_EDGE('',*,*,#4701,.T.);
#4932 = ORIENTED_EDGE('',*,*,#4893,.F.);
#4933 = ORIENTED_EDGE('',*,*,#4934,.F.);
#4934 = EDGE_CURVE('',#4925,#4894,#4935,.T.);
#4935 = LINE('',#4936,#4937);
#4936 = CARTESIAN_POINT('',(-1.987351732047,-2.73412462908,10.));
#4937 = VECTOR('',#4938,1.);
#4938 = DIRECTION('',(0.,-1.,0.));
#4939 = PLANE('',#4940);
#4940 = AXIS2_PLACEMENT_3D('',#4941,#4942,#4943);
#4941 = CARTESIAN_POINT('',(-1.987351732047,-2.73412462908,10.));
#4942 = DIRECTION('',(-1.,0.,0.));
#4943 = DIRECTION('',(0.,-1.,0.));
#4944 = ADVANCED_FACE('',(#4945),#4963,.T.);
#4945 = FACE_BOUND('',#4946,.T.);
#4946 = EDGE_LOOP('',(#4947,#4955,#4956,#4957));
#4947 = ORIENTED_EDGE('',*,*,#4948,.T.);
#4948 = EDGE_CURVE('',#4949,#4710,#4951,.T.);
#4949 = VERTEX_POINT('',#4950);
#4950 = CARTESIAN_POINT('',(-1.441821316617,-2.73412462908,10.));
#4951 = LINE('',#4952,#4953);
#4952 = CARTESIAN_POINT('',(-1.441821316617,-2.73412462908,10.));
#4953 = VECTOR('',#4954,1.);
#4954 = DIRECTION('',(-0.,-0.,-1.));
#4955 = ORIENTED_EDGE('',*,*,#4709,.T.);
#4956 = ORIENTED_EDGE('',*,*,#4924,.F.);
#4957 = ORIENTED_EDGE('',*,*,#4958,.F.);
#4958 = EDGE_CURVE('',#4949,#4925,#4959,.T.);
#4959 = LINE('',#4960,#4961);
#4960 = CARTESIAN_POINT('',(-1.441821316617,-2.73412462908,10.));
#4961 = VECTOR('',#4962,1.);
#4962 = DIRECTION('',(-1.,0.,0.));
#4963 = PLANE('',#4964);
#4964 = AXIS2_PLACEMENT_3D('',#4965,#4966,#4967);
#4965 = CARTESIAN_POINT('',(-1.441821316617,-2.73412462908,10.));
#4966 = DIRECTION('',(0.,1.,0.));
#4967 = DIRECTION('',(-1.,0.,0.));
#4968 = ADVANCED_FACE('',(#4969),#4987,.T.);
#4969 = FACE_BOUND('',#4970,.T.);
#4970 = EDGE_LOOP('',(#4971,#4979,#4980,#4981));
#4971 = ORIENTED_EDGE('',*,*,#4972,.T.);
#4972 = EDGE_CURVE('',#4973,#4718,#4975,.T.);
#4973 = VERTEX_POINT('',#4974);
#4974 = CARTESIAN_POINT('',(-1.092275693472,-2.846235163205,10.));
#4975 = LINE('',#4976,#4977);
#4976 = CARTESIAN_POINT('',(-1.092275693472,-2.846235163205,10.));
#4977 = VECTOR('',#4978,1.);
#4978 = DIRECTION('',(-0.,-0.,-1.));
#4979 = ORIENTED_EDGE('',*,*,#4717,.T.);
#4980 = ORIENTED_EDGE('',*,*,#4948,.F.);
#4981 = ORIENTED_EDGE('',*,*,#4982,.F.);
#4982 = EDGE_CURVE('',#4973,#4949,#4983,.T.);
#4983 = B_SPLINE_CURVE_WITH_KNOTS('',2,(#4984,#4985,#4986),
  .UNSPECIFIED.,.F.,.F.,(3,3),(0.,1.),.PIECEWISE_BEZIER_KNOTS.);
#4984 = CARTESIAN_POINT('',(-1.092275693472,-2.846235163205,10.));
#4985 = CARTESIAN_POINT('',(-1.203134372997,-2.73412462908,10.));
#4986 = CARTESIAN_POINT('',(-1.441821316617,-2.73412462908,10.));
#4987 = SURFACE_OF_LINEAR_EXTRUSION('',#4988,#4992);
#4988 = B_SPLINE_CURVE_WITH_KNOTS('',2,(#4989,#4990,#4991),
  .UNSPECIFIED.,.F.,.F.,(3,3),(0.,1.),.PIECEWISE_BEZIER_KNOTS.);
#4989 = CARTESIAN_POINT('',(-1.092275693472,-2.846235163205,10.));
#4990 = CARTESIAN_POINT('',(-1.203134372997,-2.73412462908,10.));
#4991 = CARTESIAN_POINT('',(-1.441821316617,-2.73412462908,10.));
#4992 = VECTOR('',#4993,1.);
#4993 = DIRECTION('',(0.,0.,1.));
#4994 = ADVANCED_FACE('',(#4995),#5013,.T.);
#4995 = FACE_BOUND('',#4996,.T.);
#4996 = EDGE_LOOP('',(#4997,#5005,#5006,#5007));
#4997 = ORIENTED_EDGE('',*,*,#4998,.T.);
#4998 = EDGE_CURVE('',#4999,#4726,#5001,.T.);
#4999 = VERTEX_POINT('',#5000);
#5000 = CARTESIAN_POINT('',(-0.981417013947,-3.152383160237,10.));
#5001 = LINE('',#5002,#5003);
#5002 = CARTESIAN_POINT('',(-0.981417013947,-3.152383160237,10.));
#5003 = VECTOR('',#5004,1.);
#5004 = DIRECTION('',(-0.,-0.,-1.));
#5005 = ORIENTED_EDGE('',*,*,#4725,.T.);
#5006 = ORIENTED_EDGE('',*,*,#4972,.F.);
#5007 = ORIENTED_EDGE('',*,*,#5008,.F.);
#5008 = EDGE_CURVE('',#4999,#4973,#5009,.T.);
#5009 = B_SPLINE_CURVE_WITH_KNOTS('',2,(#5010,#5011,#5012),
  .UNSPECIFIED.,.F.,.F.,(3,3),(0.,1.),.PIECEWISE_BEZIER_KNOTS.);
#5010 = CARTESIAN_POINT('',(-0.981417013947,-3.152383160237,10.));
#5011 = CARTESIAN_POINT('',(-0.981417013947,-2.958345697329,10.));
#5012 = CARTESIAN_POINT('',(-1.092275693472,-2.846235163205,10.));
#5013 = SURFACE_OF_LINEAR_EXTRUSION('',#5014,#5018);
#5014 = B_SPLINE_CURVE_WITH_KNOTS('',2,(#5015,#5016,#5017),
  .UNSPECIFIED.,.F.,.F.,(3,3),(0.,1.),.PIECEWISE_BEZIER_KNOTS.);
#5015 = CARTESIAN_POINT('',(-0.981417013947,-3.152383160237,10.));
#5016 = CARTESIAN_POINT('',(-0.981417013947,-2.958345697329,10.));
#5017 = CARTESIAN_POINT('',(-1.092275693472,-2.846235163205,10.));
#5018 = VECTOR('',#5019,1.);
#5019 = DIRECTION('',(0.,0.,1.));
#5020 = ADVANCED_FACE('',(#5021),#5039,.T.);
#5021 = FACE_BOUND('',#5022,.T.);
#5022 = EDGE_LOOP('',(#5023,#5031,#5032,#5033));
#5023 = ORIENTED_EDGE('',*,*,#5024,.T.);
#5024 = EDGE_CURVE('',#5025,#4734,#5027,.T.);
#5025 = VERTEX_POINT('',#5026);
#5026 = CARTESIAN_POINT('',(-1.094362117804,-3.45421921365,10.));
#5027 = LINE('',#5028,#5029);
#5028 = CARTESIAN_POINT('',(-1.094362117804,-3.45421921365,10.));
#5029 = VECTOR('',#5030,1.);
#5030 = DIRECTION('',(-0.,-0.,-1.));
#5031 = ORIENTED_EDGE('',*,*,#4733,.T.);
#5032 = ORIENTED_EDGE('',*,*,#4998,.F.);
#5033 = ORIENTED_EDGE('',*,*,#5034,.F.);
#5034 = EDGE_CURVE('',#5025,#4999,#5035,.T.);
#5035 = B_SPLINE_CURVE_WITH_KNOTS('',2,(#5036,#5037,#5038),
  .UNSPECIFIED.,.F.,.F.,(3,3),(0.,1.),.PIECEWISE_BEZIER_KNOTS.);
#5036 = CARTESIAN_POINT('',(-1.094362117804,-3.45421921365,10.));
#5037 = CARTESIAN_POINT('',(-0.981417013947,-3.346420623145,10.));
#5038 = CARTESIAN_POINT('',(-0.981417013947,-3.152383160237,10.));
#5039 = SURFACE_OF_LINEAR_EXTRUSION('',#5040,#5044);
#5040 = B_SPLINE_CURVE_WITH_KNOTS('',2,(#5041,#5042,#5043),
  .UNSPECIFIED.,.F.,.F.,(3,3),(0.,1.),.PIECEWISE_BEZIER_KNOTS.);
#5041 = CARTESIAN_POINT('',(-1.094362117804,-3.45421921365,10.));
#5042 = CARTESIAN_POINT('',(-0.981417013947,-3.346420623145,10.));
#5043 = CARTESIAN_POINT('',(-0.981417013947,-3.152383160237,10.));
#5044 = VECTOR('',#5045,1.);
#5045 = DIRECTION('',(0.,0.,1.));
#5046 = ADVANCED_FACE('',(#5047),#5058,.T.);
#5047 = FACE_BOUND('',#5048,.T.);
#5048 = EDGE_LOOP('',(#5049,#5050,#5051,#5052));
#5049 = ORIENTED_EDGE('',*,*,#4902,.T.);
#5050 = ORIENTED_EDGE('',*,*,#4741,.T.);
#5051 = ORIENTED_EDGE('',*,*,#5024,.F.);
#5052 = ORIENTED_EDGE('',*,*,#5053,.F.);
#5053 = EDGE_CURVE('',#4903,#5025,#5054,.T.);
#5054 = B_SPLINE_CURVE_WITH_KNOTS('',2,(#5055,#5056,#5057),
  .UNSPECIFIED.,.F.,.F.,(3,3),(0.,1.),.PIECEWISE_BEZIER_KNOTS.);
#5055 = CARTESIAN_POINT('',(-1.441821316617,-3.562017804154,10.));
#5056 = CARTESIAN_POINT('',(-1.207307221662,-3.562017804154,10.));
#5057 = CARTESIAN_POINT('',(-1.094362117804,-3.45421921365,10.));
#5058 = SURFACE_OF_LINEAR_EXTRUSION('',#5059,#5063);
#5059 = B_SPLINE_CURVE_WITH_KNOTS('',2,(#5060,#5061,#5062),
  .UNSPECIFIED.,.F.,.F.,(3,3),(0.,1.),.PIECEWISE_BEZIER_KNOTS.);
#5060 = CARTESIAN_POINT('',(-1.441821316617,-3.562017804154,10.));
#5061 = CARTESIAN_POINT('',(-1.207307221662,-3.562017804154,10.));
#5062 = CARTESIAN_POINT('',(-1.094362117804,-3.45421921365,10.));
#5063 = VECTOR('',#5064,1.);
#5064 = DIRECTION('',(0.,0.,1.));
#5065 = ADVANCED_FACE('',(#5066,#5069),#5203,.F.);
#5066 = FACE_BOUND('',#5067,.F.);
#5067 = EDGE_LOOP('',(#5068));
#5068 = ORIENTED_EDGE('',*,*,#4876,.F.);
#5069 = FACE_BOUND('',#5070,.F.);
#5070 = EDGE_LOOP('',(#5071,#5081,#5089,#5097,#5106,#5114,#5122,#5130,
    #5139,#5147,#5155,#5163,#5172,#5180,#5188,#5196));
#5071 = ORIENTED_EDGE('',*,*,#5072,.F.);
#5072 = EDGE_CURVE('',#5073,#5075,#5077,.T.);
#5073 = VERTEX_POINT('',#5074);
#5074 = CARTESIAN_POINT('',(-2.05,-0.59,2.1));
#5075 = VERTEX_POINT('',#5076);
#5076 = CARTESIAN_POINT('',(-0.88,-0.59,2.1));
#5077 = LINE('',#5078,#5079);
#5078 = CARTESIAN_POINT('',(-2.05,-0.59,2.1));
#5079 = VECTOR('',#5080,1.);
#5080 = DIRECTION('',(1.,0.,0.));
#5081 = ORIENTED_EDGE('',*,*,#5082,.F.);
#5082 = EDGE_CURVE('',#5083,#5073,#5085,.T.);
#5083 = VERTEX_POINT('',#5084);
#5084 = CARTESIAN_POINT('',(-2.05,0.58,2.1));
#5085 = LINE('',#5086,#5087);
#5086 = CARTESIAN_POINT('',(-2.05,0.58,2.1));
#5087 = VECTOR('',#5088,1.);
#5088 = DIRECTION('',(0.,-1.,0.));
#5089 = ORIENTED_EDGE('',*,*,#5090,.F.);
#5090 = EDGE_CURVE('',#5091,#5083,#5093,.T.);
#5091 = VERTEX_POINT('',#5092);
#5092 = CARTESIAN_POINT('',(-0.89,0.58,2.1));
#5093 = LINE('',#5094,#5095);
#5094 = CARTESIAN_POINT('',(-0.89,0.58,2.1));
#5095 = VECTOR('',#5096,1.);
#5096 = DIRECTION('',(-1.,0.,0.));
#5097 = ORIENTED_EDGE('',*,*,#5098,.F.);
#5098 = EDGE_CURVE('',#5099,#5091,#5101,.T.);
#5099 = VERTEX_POINT('',#5100);
#5100 = CARTESIAN_POINT('',(-0.59,0.88,2.1));
#5101 = CIRCLE('',#5102,0.3);
#5102 = AXIS2_PLACEMENT_3D('',#5103,#5104,#5105);
#5103 = CARTESIAN_POINT('',(-0.89,0.88,2.1));
#5104 = DIRECTION('',(0.,0.,-1.));
#5105 = DIRECTION('',(1.,0.,0.));
#5106 = ORIENTED_EDGE('',*,*,#5107,.F.);
#5107 = EDGE_CURVE('',#5108,#5099,#5110,.T.);
#5108 = VERTEX_POINT('',#5109);
#5109 = CARTESIAN_POINT('',(-0.59,2.05,2.1));
#5110 = LINE('',#5111,#5112);
#5111 = CARTESIAN_POINT('',(-0.59,2.05,2.1));
#5112 = VECTOR('',#5113,1.);
#5113 = DIRECTION('',(0.,-1.,0.));
#5114 = ORIENTED_EDGE('',*,*,#5115,.F.);
#5115 = EDGE_CURVE('',#5116,#5108,#5118,.T.);
#5116 = VERTEX_POINT('',#5117);
#5117 = CARTESIAN_POINT('',(0.58,2.05,2.1));
#5118 = LINE('',#5119,#5120);
#5119 = CARTESIAN_POINT('',(0.58,2.05,2.1));
#5120 = VECTOR('',#5121,1.);
#5121 = DIRECTION('',(-1.,0.,0.));
#5122 = ORIENTED_EDGE('',*,*,#5123,.F.);
#5123 = EDGE_CURVE('',#5124,#5116,#5126,.T.);
#5124 = VERTEX_POINT('',#5125);
#5125 = CARTESIAN_POINT('',(0.58,0.89,2.1));
#5126 = LINE('',#5127,#5128);
#5127 = CARTESIAN_POINT('',(0.58,0.89,2.1));
#5128 = VECTOR('',#5129,1.);
#5129 = DIRECTION('',(0.,1.,0.));
#5130 = ORIENTED_EDGE('',*,*,#5131,.F.);
#5131 = EDGE_CURVE('',#5132,#5124,#5134,.T.);
#5132 = VERTEX_POINT('',#5133);
#5133 = CARTESIAN_POINT('',(0.88,0.59,2.1));
#5134 = CIRCLE('',#5135,0.3);
#5135 = AXIS2_PLACEMENT_3D('',#5136,#5137,#5138);
#5136 = CARTESIAN_POINT('',(0.88,0.89,2.1));
#5137 = DIRECTION('',(0.,0.,-1.));
#5138 = DIRECTION('',(1.,0.,0.));
#5139 = ORIENTED_EDGE('',*,*,#5140,.F.);
#5140 = EDGE_CURVE('',#5141,#5132,#5143,.T.);
#5141 = VERTEX_POINT('',#5142);
#5142 = CARTESIAN_POINT('',(2.05,0.59,2.1));
#5143 = LINE('',#5144,#5145);
#5144 = CARTESIAN_POINT('',(2.05,0.59,2.1));
#5145 = VECTOR('',#5146,1.);
#5146 = DIRECTION('',(-1.,0.,0.));
#5147 = ORIENTED_EDGE('',*,*,#5148,.F.);
#5148 = EDGE_CURVE('',#5149,#5141,#5151,.T.);
#5149 = VERTEX_POINT('',#5150);
#5150 = CARTESIAN_POINT('',(2.05,-0.58,2.1));
#5151 = LINE('',#5152,#5153);
#5152 = CARTESIAN_POINT('',(2.05,-0.58,2.1));
#5153 = VECTOR('',#5154,1.);
#5154 = DIRECTION('',(0.,1.,0.));
#5155 = ORIENTED_EDGE('',*,*,#5156,.F.);
#5156 = EDGE_CURVE('',#5157,#5149,#5159,.T.);
#5157 = VERTEX_POINT('',#5158);
#5158 = CARTESIAN_POINT('',(0.89,-0.58,2.1));
#5159 = LINE('',#5160,#5161);
#5160 = CARTESIAN_POINT('',(0.89,-0.58,2.1));
#5161 = VECTOR('',#5162,1.);
#5162 = DIRECTION('',(1.,0.,0.));
#5163 = ORIENTED_EDGE('',*,*,#5164,.F.);
#5164 = EDGE_CURVE('',#5165,#5157,#5167,.T.);
#5165 = VERTEX_POINT('',#5166);
#5166 = CARTESIAN_POINT('',(0.59,-0.88,2.1));
#5167 = CIRCLE('',#5168,0.3);
#5168 = AXIS2_PLACEMENT_3D('',#5169,#5170,#5171);
#5169 = CARTESIAN_POINT('',(0.89,-0.88,2.1));
#5170 = DIRECTION('',(0.,0.,-1.));
#5171 = DIRECTION('',(1.,0.,0.));
#5172 = ORIENTED_EDGE('',*,*,#5173,.F.);
#5173 = EDGE_CURVE('',#5174,#5165,#5176,.T.);
#5174 = VERTEX_POINT('',#5175);
#5175 = CARTESIAN_POINT('',(0.59,-2.05,2.1));
#5176 = LINE('',#5177,#5178);
#5177 = CARTESIAN_POINT('',(0.59,-2.05,2.1));
#5178 = VECTOR('',#5179,1.);
#5179 = DIRECTION('',(0.,1.,0.));
#5180 = ORIENTED_EDGE('',*,*,#5181,.F.);
#5181 = EDGE_CURVE('',#5182,#5174,#5184,.T.);
#5182 = VERTEX_POINT('',#5183);
#5183 = CARTESIAN_POINT('',(-0.58,-2.05,2.1));
#5184 = LINE('',#5185,#5186);
#5185 = CARTESIAN_POINT('',(-0.58,-2.05,2.1));
#5186 = VECTOR('',#5187,1.);
#5187 = DIRECTION('',(1.,0.,0.));
#5188 = ORIENTED_EDGE('',*,*,#5189,.F.);
#5189 = EDGE_CURVE('',#5190,#5182,#5192,.T.);
#5190 = VERTEX_POINT('',#5191);
#5191 = CARTESIAN_POINT('',(-0.58,-0.89,2.1));
#5192 = LINE('',#5193,#5194);
#5193 = CARTESIAN_POINT('',(-0.58,-0.89,2.1));
#5194 = VECTOR('',#5195,1.);
#5195 = DIRECTION('',(0.,-1.,0.));
#5196 = ORIENTED_EDGE('',*,*,#5197,.F.);
#5197 = EDGE_CURVE('',#5075,#5190,#5198,.T.);
#5198 = CIRCLE('',#5199,0.3);
#5199 = AXIS2_PLACEMENT_3D('',#5200,#5201,#5202);
#5200 = CARTESIAN_POINT('',(-0.88,-0.89,2.1));
#5201 = DIRECTION('',(0.,0.,-1.));
#5202 = DIRECTION('',(1.,0.,0.));
#5203 = PLANE('',#5204);
#5204 = AXIS2_PLACEMENT_3D('',#5205,#5206,#5207);
#5205 = CARTESIAN_POINT('',(-1.9E-16,1.1E-16,2.1));
#5206 = DIRECTION('',(0.,0.,1.));
#5207 = DIRECTION('',(1.,0.,0.));
#5208 = ADVANCED_FACE('',(#5209),#5218,.T.);
#5209 = FACE_BOUND('',#5210,.T.);
#5210 = EDGE_LOOP('',(#5211,#5212,#5213,#5214,#5215,#5216,#5217));
#5211 = ORIENTED_EDGE('',*,*,#4934,.T.);
#5212 = ORIENTED_EDGE('',*,*,#4910,.T.);
#5213 = ORIENTED_EDGE('',*,*,#5053,.T.);
#5214 = ORIENTED_EDGE('',*,*,#5034,.T.);
#5215 = ORIENTED_EDGE('',*,*,#5008,.T.);
#5216 = ORIENTED_EDGE('',*,*,#4982,.T.);
#5217 = ORIENTED_EDGE('',*,*,#4958,.T.);
#5218 = PLANE('',#5219);
#5219 = AXIS2_PLACEMENT_3D('',#5220,#5221,#5222);
#5220 = CARTESIAN_POINT('',(-7.1E-16,2.2E-16,10.));
#5221 = DIRECTION('',(0.,0.,1.));
#5222 = DIRECTION('',(1.,0.,0.));
#5223 = ADVANCED_FACE('',(#5224),#5249,.T.);
#5224 = FACE_BOUND('',#5225,.T.);
#5225 = EDGE_LOOP('',(#5226,#5234,#5242,#5248));
#5226 = ORIENTED_EDGE('',*,*,#5227,.T.);
#5227 = EDGE_CURVE('',#5073,#5228,#5230,.T.);
#5228 = VERTEX_POINT('',#5229);
#5229 = CARTESIAN_POINT('',(-2.05,-0.59,7.1));
#5230 = LINE('',#5231,#5232);
#5231 = CARTESIAN_POINT('',(-2.05,-0.59,2.1));
#5232 = VECTOR('',#5233,1.);
#5233 = DIRECTION('',(0.,0.,1.));
#5234 = ORIENTED_EDGE('',*,*,#5235,.T.);
#5235 = EDGE_CURVE('',#5228,#5236,#5238,.T.);
#5236 = VERTEX_POINT('',#5237);
#5237 = CARTESIAN_POINT('',(-0.88,-0.59,7.1));
#5238 = LINE('',#5239,#5240);
#5239 = CARTESIAN_POINT('',(-2.05,-0.59,7.1));
#5240 = VECTOR('',#5241,1.);
#5241 = DIRECTION('',(1.,0.,0.));
#5242 = ORIENTED_EDGE('',*,*,#5243,.F.);
#5243 = EDGE_CURVE('',#5075,#5236,#5244,.T.);
#5244 = LINE('',#5245,#5246);
#5245 = CARTESIAN_POINT('',(-0.88,-0.59,2.1));
#5246 = VECTOR('',#5247,1.);
#5247 = DIRECTION('',(0.,0.,1.));
#5248 = ORIENTED_EDGE('',*,*,#5072,.F.);
#5249 = PLANE('',#5250);
#5250 = AXIS2_PLACEMENT_3D('',#5251,#5252,#5253);
#5251 = CARTESIAN_POINT('',(-2.05,-0.59,2.1));
#5252 = DIRECTION('',(0.,1.,0.));
#5253 = DIRECTION('',(1.,0.,0.));
#5254 = ADVANCED_FACE('',(#5255),#5274,.T.);
#5255 = FACE_BOUND('',#5256,.T.);
#5256 = EDGE_LOOP('',(#5257,#5258,#5267,#5273));
#5257 = ORIENTED_EDGE('',*,*,#5243,.T.);
#5258 = ORIENTED_EDGE('',*,*,#5259,.T.);
#5259 = EDGE_CURVE('',#5236,#5260,#5262,.T.);
#5260 = VERTEX_POINT('',#5261);
#5261 = CARTESIAN_POINT('',(-0.58,-0.89,7.1));
#5262 = CIRCLE('',#5263,0.3);
#5263 = AXIS2_PLACEMENT_3D('',#5264,#5265,#5266);
#5264 = CARTESIAN_POINT('',(-0.88,-0.89,7.1));
#5265 = DIRECTION('',(0.,0.,-1.));
#5266 = DIRECTION('',(1.,0.,0.));
#5267 = ORIENTED_EDGE('',*,*,#5268,.F.);
#5268 = EDGE_CURVE('',#5190,#5260,#5269,.T.);
#5269 = LINE('',#5270,#5271);
#5270 = CARTESIAN_POINT('',(-0.58,-0.89,2.1));
#5271 = VECTOR('',#5272,1.);
#5272 = DIRECTION('',(0.,0.,1.));
#5273 = ORIENTED_EDGE('',*,*,#5197,.F.);
#5274 = CYLINDRICAL_SURFACE('',#5275,0.3);
#5275 = AXIS2_PLACEMENT_3D('',#5276,#5277,#5278);
#5276 = CARTESIAN_POINT('',(-0.88,-0.89,2.1));
#5277 = DIRECTION('',(0.,0.,-1.));
#5278 = DIRECTION('',(1.,0.,0.));
#5279 = ADVANCED_FACE('',(#5280),#5298,.T.);
#5280 = FACE_BOUND('',#5281,.T.);
#5281 = EDGE_LOOP('',(#5282,#5283,#5291,#5297));
#5282 = ORIENTED_EDGE('',*,*,#5268,.T.);
#5283 = ORIENTED_EDGE('',*,*,#5284,.T.);
#5284 = EDGE_CURVE('',#5260,#5285,#5287,.T.);
#5285 = VERTEX_POINT('',#5286);
#5286 = CARTESIAN_POINT('',(-0.58,-2.05,7.1));
#5287 = LINE('',#5288,#5289);
#5288 = CARTESIAN_POINT('',(-0.58,-0.89,7.1));
#5289 = VECTOR('',#5290,1.);
#5290 = DIRECTION('',(0.,-1.,0.));
#5291 = ORIENTED_EDGE('',*,*,#5292,.F.);
#5292 = EDGE_CURVE('',#5182,#5285,#5293,.T.);
#5293 = LINE('',#5294,#5295);
#5294 = CARTESIAN_POINT('',(-0.58,-2.05,2.1));
#5295 = VECTOR('',#5296,1.);
#5296 = DIRECTION('',(0.,0.,1.));
#5297 = ORIENTED_EDGE('',*,*,#5189,.F.);
#5298 = PLANE('',#5299);
#5299 = AXIS2_PLACEMENT_3D('',#5300,#5301,#5302);
#5300 = CARTESIAN_POINT('',(-0.58,-0.89,2.1));
#5301 = DIRECTION('',(1.,0.,0.));
#5302 = DIRECTION('',(0.,-1.,0.));
#5303 = ADVANCED_FACE('',(#5304),#5322,.T.);
#5304 = FACE_BOUND('',#5305,.T.);
#5305 = EDGE_LOOP('',(#5306,#5307,#5315,#5321));
#5306 = ORIENTED_EDGE('',*,*,#5292,.T.);
#5307 = ORIENTED_EDGE('',*,*,#5308,.T.);
#5308 = EDGE_CURVE('',#5285,#5309,#5311,.T.);
#5309 = VERTEX_POINT('',#5310);
#5310 = CARTESIAN_POINT('',(0.59,-2.05,7.1));
#5311 = LINE('',#5312,#5313);
#5312 = CARTESIAN_POINT('',(-0.58,-2.05,7.1));
#5313 = VECTOR('',#5314,1.);
#5314 = DIRECTION('',(1.,0.,0.));
#5315 = ORIENTED_EDGE('',*,*,#5316,.F.);
#5316 = EDGE_CURVE('',#5174,#5309,#5317,.T.);
#5317 = LINE('',#5318,#5319);
#5318 = CARTESIAN_POINT('',(0.59,-2.05,2.1));
#5319 = VECTOR('',#5320,1.);
#5320 = DIRECTION('',(0.,0.,1.));
#5321 = ORIENTED_EDGE('',*,*,#5181,.F.);
#5322 = PLANE('',#5323);
#5323 = AXIS2_PLACEMENT_3D('',#5324,#5325,#5326);
#5324 = CARTESIAN_POINT('',(-0.58,-2.05,2.1));
#5325 = DIRECTION('',(0.,1.,0.));
#5326 = DIRECTION('',(1.,0.,0.));
#5327 = ADVANCED_FACE('',(#5328),#5346,.T.);
#5328 = FACE_BOUND('',#5329,.T.);
#5329 = EDGE_LOOP('',(#5330,#5331,#5339,#5345));
#5330 = ORIENTED_EDGE('',*,*,#5316,.T.);
#5331 = ORIENTED_EDGE('',*,*,#5332,.T.);
#5332 = EDGE_CURVE('',#5309,#5333,#5335,.T.);
#5333 = VERTEX_POINT('',#5334);
#5334 = CARTESIAN_POINT('',(0.59,-0.88,7.1));
#5335 = LINE('',#5336,#5337);
#5336 = CARTESIAN_POINT('',(0.59,-2.05,7.1));
#5337 = VECTOR('',#5338,1.);
#5338 = DIRECTION('',(0.,1.,0.));
#5339 = ORIENTED_EDGE('',*,*,#5340,.F.);
#5340 = EDGE_CURVE('',#5165,#5333,#5341,.T.);
#5341 = LINE('',#5342,#5343);
#5342 = CARTESIAN_POINT('',(0.59,-0.88,2.1));
#5343 = VECTOR('',#5344,1.);
#5344 = DIRECTION('',(0.,0.,1.));
#5345 = ORIENTED_EDGE('',*,*,#5173,.F.);
#5346 = PLANE('',#5347);
#5347 = AXIS2_PLACEMENT_3D('',#5348,#5349,#5350);
#5348 = CARTESIAN_POINT('',(0.59,-2.05,2.1));
#5349 = DIRECTION('',(-1.,0.,0.));
#5350 = DIRECTION('',(0.,1.,0.));
#5351 = ADVANCED_FACE('',(#5352),#5371,.T.);
#5352 = FACE_BOUND('',#5353,.T.);
#5353 = EDGE_LOOP('',(#5354,#5355,#5364,#5370));
#5354 = ORIENTED_EDGE('',*,*,#5340,.T.);
#5355 = ORIENTED_EDGE('',*,*,#5356,.T.);
#5356 = EDGE_CURVE('',#5333,#5357,#5359,.T.);
#5357 = VERTEX_POINT('',#5358);
#5358 = CARTESIAN_POINT('',(0.89,-0.58,7.1));
#5359 = CIRCLE('',#5360,0.3);
#5360 = AXIS2_PLACEMENT_3D('',#5361,#5362,#5363);
#5361 = CARTESIAN_POINT('',(0.89,-0.88,7.1));
#5362 = DIRECTION('',(0.,0.,-1.));
#5363 = DIRECTION('',(1.,0.,0.));
#5364 = ORIENTED_EDGE('',*,*,#5365,.F.);
#5365 = EDGE_CURVE('',#5157,#5357,#5366,.T.);
#5366 = LINE('',#5367,#5368);
#5367 = CARTESIAN_POINT('',(0.89,-0.58,2.1));
#5368 = VECTOR('',#5369,1.);
#5369 = DIRECTION('',(0.,0.,1.));
#5370 = ORIENTED_EDGE('',*,*,#5164,.F.);
#5371 = CYLINDRICAL_SURFACE('',#5372,0.3);
#5372 = AXIS2_PLACEMENT_3D('',#5373,#5374,#5375);
#5373 = CARTESIAN_POINT('',(0.89,-0.88,2.1));
#5374 = DIRECTION('',(0.,0.,-1.));
#5375 = DIRECTION('',(1.,0.,0.));
#5376 = ADVANCED_FACE('',(#5377),#5395,.T.);
#5377 = FACE_BOUND('',#5378,.T.);
#5378 = EDGE_LOOP('',(#5379,#5380,#5388,#5394));
#5379 = ORIENTED_EDGE('',*,*,#5365,.T.);
#5380 = ORIENTED_EDGE('',*,*,#5381,.T.);
#5381 = EDGE_CURVE('',#5357,#5382,#5384,.T.);
#5382 = VERTEX_POINT('',#5383);
#5383 = CARTESIAN_POINT('',(2.05,-0.58,7.1));
#5384 = LINE('',#5385,#5386);
#5385 = CARTESIAN_POINT('',(0.89,-0.58,7.1));
#5386 = VECTOR('',#5387,1.);
#5387 = DIRECTION('',(1.,0.,0.));
#5388 = ORIENTED_EDGE('',*,*,#5389,.F.);
#5389 = EDGE_CURVE('',#5149,#5382,#5390,.T.);
#5390 = LINE('',#5391,#5392);
#5391 = CARTESIAN_POINT('',(2.05,-0.58,2.1));
#5392 = VECTOR('',#5393,1.);
#5393 = DIRECTION('',(0.,0.,1.));
#5394 = ORIENTED_EDGE('',*,*,#5156,.F.);
#5395 = PLANE('',#5396);
#5396 = AXIS2_PLACEMENT_3D('',#5397,#5398,#5399);
#5397 = CARTESIAN_POINT('',(0.89,-0.58,2.1));
#5398 = DIRECTION('',(0.,1.,0.));
#5399 = DIRECTION('',(1.,0.,0.));
#5400 = ADVANCED_FACE('',(#5401),#5419,.T.);
#5401 = FACE_BOUND('',#5402,.T.);
#5402 = EDGE_LOOP('',(#5403,#5404,#5412,#5418));
#5403 = ORIENTED_EDGE('',*,*,#5389,.T.);
#5404 = ORIENTED_EDGE('',*,*,#5405,.T.);
#5405 = EDGE_CURVE('',#5382,#5406,#5408,.T.);
#5406 = VERTEX_POINT('',#5407);
#5407 = CARTESIAN_POINT('',(2.05,0.59,7.1));
#5408 = LINE('',#5409,#5410);
#5409 = CARTESIAN_POINT('',(2.05,-0.58,7.1));
#5410 = VECTOR('',#5411,1.);
#5411 = DIRECTION('',(0.,1.,0.));
#5412 = ORIENTED_EDGE('',*,*,#5413,.F.);
#5413 = EDGE_CURVE('',#5141,#5406,#5414,.T.);
#5414 = LINE('',#5415,#5416);
#5415 = CARTESIAN_POINT('',(2.05,0.59,2.1));
#5416 = VECTOR('',#5417,1.);
#5417 = DIRECTION('',(0.,0.,1.));
#5418 = ORIENTED_EDGE('',*,*,#5148,.F.);
#5419 = PLANE('',#5420);
#5420 = AXIS2_PLACEMENT_3D('',#5421,#5422,#5423);
#5421 = CARTESIAN_POINT('',(2.05,-0.58,2.1));
#5422 = DIRECTION('',(-1.,0.,0.));
#5423 = DIRECTION('',(0.,1.,0.));
#5424 = ADVANCED_FACE('',(#5425),#5443,.T.);
#5425 = FACE_BOUND('',#5426,.T.);
#5426 = EDGE_LOOP('',(#5427,#5428,#5436,#5442));
#5427 = ORIENTED_EDGE('',*,*,#5413,.T.);
#5428 = ORIENTED_EDGE('',*,*,#5429,.T.);
#5429 = EDGE_CURVE('',#5406,#5430,#5432,.T.);
#5430 = VERTEX_POINT('',#5431);
#5431 = CARTESIAN_POINT('',(0.88,0.59,7.1));
#5432 = LINE('',#5433,#5434);
#5433 = CARTESIAN_POINT('',(2.05,0.59,7.1));
#5434 = VECTOR('',#5435,1.);
#5435 = DIRECTION('',(-1.,0.,0.));
#5436 = ORIENTED_EDGE('',*,*,#5437,.F.);
#5437 = EDGE_CURVE('',#5132,#5430,#5438,.T.);
#5438 = LINE('',#5439,#5440);
#5439 = CARTESIAN_POINT('',(0.88,0.59,2.1));
#5440 = VECTOR('',#5441,1.);
#5441 = DIRECTION('',(0.,0.,1.));
#5442 = ORIENTED_EDGE('',*,*,#5140,.F.);
#5443 = PLANE('',#5444);
#5444 = AXIS2_PLACEMENT_3D('',#5445,#5446,#5447);
#5445 = CARTESIAN_POINT('',(2.05,0.59,2.1));
#5446 = DIRECTION('',(0.,-1.,0.));
#5447 = DIRECTION('',(-1.,0.,0.));
#5448 = ADVANCED_FACE('',(#5449),#5468,.T.);
#5449 = FACE_BOUND('',#5450,.T.);
#5450 = EDGE_LOOP('',(#5451,#5452,#5461,#5467));
#5451 = ORIENTED_EDGE('',*,*,#5437,.T.);
#5452 = ORIENTED_EDGE('',*,*,#5453,.T.);
#5453 = EDGE_CURVE('',#5430,#5454,#5456,.T.);
#5454 = VERTEX_POINT('',#5455);
#5455 = CARTESIAN_POINT('',(0.58,0.89,7.1));
#5456 = CIRCLE('',#5457,0.3);
#5457 = AXIS2_PLACEMENT_3D('',#5458,#5459,#5460);
#5458 = CARTESIAN_POINT('',(0.88,0.89,7.1));
#5459 = DIRECTION('',(0.,0.,-1.));
#5460 = DIRECTION('',(1.,0.,0.));
#5461 = ORIENTED_EDGE('',*,*,#5462,.F.);
#5462 = EDGE_CURVE('',#5124,#5454,#5463,.T.);
#5463 = LINE('',#5464,#5465);
#5464 = CARTESIAN_POINT('',(0.58,0.89,2.1));
#5465 = VECTOR('',#5466,1.);
#5466 = DIRECTION('',(0.,0.,1.));
#5467 = ORIENTED_EDGE('',*,*,#5131,.F.);
#5468 = CYLINDRICAL_SURFACE('',#5469,0.3);
#5469 = AXIS2_PLACEMENT_3D('',#5470,#5471,#5472);
#5470 = CARTESIAN_POINT('',(0.88,0.89,2.1));
#5471 = DIRECTION('',(0.,0.,-1.));
#5472 = DIRECTION('',(1.,0.,0.));
#5473 = ADVANCED_FACE('',(#5474),#5492,.T.);
#5474 = FACE_BOUND('',#5475,.T.);
#5475 = EDGE_LOOP('',(#5476,#5477,#5485,#5491));
#5476 = ORIENTED_EDGE('',*,*,#5462,.T.);
#5477 = ORIENTED_EDGE('',*,*,#5478,.T.);
#5478 = EDGE_CURVE('',#5454,#5479,#5481,.T.);
#5479 = VERTEX_POINT('',#5480);
#5480 = CARTESIAN_POINT('',(0.58,2.05,7.1));
#5481 = LINE('',#5482,#5483);
#5482 = CARTESIAN_POINT('',(0.58,0.89,7.1));
#5483 = VECTOR('',#5484,1.);
#5484 = DIRECTION('',(0.,1.,0.));
#5485 = ORIENTED_EDGE('',*,*,#5486,.F.);
#5486 = EDGE_CURVE('',#5116,#5479,#5487,.T.);
#5487 = LINE('',#5488,#5489);
#5488 = CARTESIAN_POINT('',(0.58,2.05,2.1));
#5489 = VECTOR('',#5490,1.);
#5490 = DIRECTION('',(0.,0.,1.));
#5491 = ORIENTED_EDGE('',*,*,#5123,.F.);
#5492 = PLANE('',#5493);
#5493 = AXIS2_PLACEMENT_3D('',#5494,#5495,#5496);
#5494 = CARTESIAN_POINT('',(0.58,0.89,2.1));
#5495 = DIRECTION('',(-1.,0.,0.));
#5496 = DIRECTION('',(0.,1.,0.));
#5497 = ADVANCED_FACE('',(#5498),#5516,.T.);
#5498 = FACE_BOUND('',#5499,.T.);
#5499 = EDGE_LOOP('',(#5500,#5501,#5509,#5515));
#5500 = ORIENTED_EDGE('',*,*,#5486,.T.);
#5501 = ORIENTED_EDGE('',*,*,#5502,.T.);
#5502 = EDGE_CURVE('',#5479,#5503,#5505,.T.);
#5503 = VERTEX_POINT('',#5504);
#5504 = CARTESIAN_POINT('',(-0.59,2.05,7.1));
#5505 = LINE('',#5506,#5507);
#5506 = CARTESIAN_POINT('',(0.58,2.05,7.1));
#5507 = VECTOR('',#5508,1.);
#5508 = DIRECTION('',(-1.,0.,0.));
#5509 = ORIENTED_EDGE('',*,*,#5510,.F.);
#5510 = EDGE_CURVE('',#5108,#5503,#5511,.T.);
#5511 = LINE('',#5512,#5513);
#5512 = CARTESIAN_POINT('',(-0.59,2.05,2.1));
#5513 = VECTOR('',#5514,1.);
#5514 = DIRECTION('',(0.,0.,1.));
#5515 = ORIENTED_EDGE('',*,*,#5115,.F.);
#5516 = PLANE('',#5517);
#5517 = AXIS2_PLACEMENT_3D('',#5518,#5519,#5520);
#5518 = CARTESIAN_POINT('',(0.58,2.05,2.1));
#5519 = DIRECTION('',(0.,-1.,0.));
#5520 = DIRECTION('',(-1.,0.,0.));
#5521 = ADVANCED_FACE('',(#5522),#5540,.T.);
#5522 = FACE_BOUND('',#5523,.T.);
#5523 = EDGE_LOOP('',(#5524,#5525,#5533,#5539));
#5524 = ORIENTED_EDGE('',*,*,#5510,.T.);
#5525 = ORIENTED_EDGE('',*,*,#5526,.T.);
#5526 = EDGE_CURVE('',#5503,#5527,#5529,.T.);
#5527 = VERTEX_POINT('',#5528);
#5528 = CARTESIAN_POINT('',(-0.59,0.88,7.1));
#5529 = LINE('',#5530,#5531);
#5530 = CARTESIAN_POINT('',(-0.59,2.05,7.1));
#5531 = VECTOR('',#5532,1.);
#5532 = DIRECTION('',(0.,-1.,0.));
#5533 = ORIENTED_EDGE('',*,*,#5534,.F.);
#5534 = EDGE_CURVE('',#5099,#5527,#5535,.T.);
#5535 = LINE('',#5536,#5537);
#5536 = CARTESIAN_POINT('',(-0.59,0.88,2.1));
#5537 = VECTOR('',#5538,1.);
#5538 = DIRECTION('',(0.,0.,1.));
#5539 = ORIENTED_EDGE('',*,*,#5107,.F.);
#5540 = PLANE('',#5541);
#5541 = AXIS2_PLACEMENT_3D('',#5542,#5543,#5544);
#5542 = CARTESIAN_POINT('',(-0.59,2.05,2.1));
#5543 = DIRECTION('',(1.,0.,0.));
#5544 = DIRECTION('',(0.,-1.,0.));
#5545 = ADVANCED_FACE('',(#5546),#5565,.T.);
#5546 = FACE_BOUND('',#5547,.T.);
#5547 = EDGE_LOOP('',(#5548,#5549,#5558,#5564));
#5548 = ORIENTED_EDGE('',*,*,#5534,.T.);
#5549 = ORIENTED_EDGE('',*,*,#5550,.T.);
#5550 = EDGE_CURVE('',#5527,#5551,#5553,.T.);
#5551 = VERTEX_POINT('',#5552);
#5552 = CARTESIAN_POINT('',(-0.89,0.58,7.1));
#5553 = CIRCLE('',#5554,0.3);
#5554 = AXIS2_PLACEMENT_3D('',#5555,#5556,#5557);
#5555 = CARTESIAN_POINT('',(-0.89,0.88,7.1));
#5556 = DIRECTION('',(0.,0.,-1.));
#5557 = DIRECTION('',(1.,0.,0.));
#5558 = ORIENTED_EDGE('',*,*,#5559,.F.);
#5559 = EDGE_CURVE('',#5091,#5551,#5560,.T.);
#5560 = LINE('',#5561,#5562);
#5561 = CARTESIAN_POINT('',(-0.89,0.58,2.1));
#5562 = VECTOR('',#5563,1.);
#5563 = DIRECTION('',(0.,0.,1.));
#5564 = ORIENTED_EDGE('',*,*,#5098,.F.);
#5565 = CYLINDRICAL_SURFACE('',#5566,0.3);
#5566 = AXIS2_PLACEMENT_3D('',#5567,#5568,#5569);
#5567 = CARTESIAN_POINT('',(-0.89,0.88,2.1));
#5568 = DIRECTION('',(0.,0.,-1.));
#5569 = DIRECTION('',(1.,0.,0.));
#5570 = ADVANCED_FACE('',(#5571),#5589,.T.);
#5571 = FACE_BOUND('',#5572,.T.);
#5572 = EDGE_LOOP('',(#5573,#5574,#5582,#5588));
#5573 = ORIENTED_EDGE('',*,*,#5559,.T.);
#5574 = ORIENTED_EDGE('',*,*,#5575,.T.);
#5575 = EDGE_CURVE('',#5551,#5576,#5578,.T.);
#5576 = VERTEX_POINT('',#5577);
#5577 = CARTESIAN_POINT('',(-2.05,0.58,7.1));
#5578 = LINE('',#5579,#5580);
#5579 = CARTESIAN_POINT('',(-0.89,0.58,7.1));
#5580 = VECTOR('',#5581,1.);
#5581 = DIRECTION('',(-1.,0.,0.));
#5582 = ORIENTED_EDGE('',*,*,#5583,.F.);
#5583 = EDGE_CURVE('',#5083,#5576,#5584,.T.);
#5584 = LINE('',#5585,#5586);
#5585 = CARTESIAN_POINT('',(-2.05,0.58,2.1));
#5586 = VECTOR('',#5587,1.);
#5587 = DIRECTION('',(0.,0.,1.));
#5588 = ORIENTED_EDGE('',*,*,#5090,.F.);
#5589 = PLANE('',#5590);
#5590 = AXIS2_PLACEMENT_3D('',#5591,#5592,#5593);
#5591 = CARTESIAN_POINT('',(-0.89,0.58,2.1));
#5592 = DIRECTION('',(0.,-1.,0.));
#5593 = DIRECTION('',(-1.,0.,0.));
#5594 = ADVANCED_FACE('',(#5595),#5606,.T.);
#5595 = FACE_BOUND('',#5596,.T.);
#5596 = EDGE_LOOP('',(#5597,#5598,#5604,#5605));
#5597 = ORIENTED_EDGE('',*,*,#5583,.T.);
#5598 = ORIENTED_EDGE('',*,*,#5599,.T.);
#5599 = EDGE_CURVE('',#5576,#5228,#5600,.T.);
#5600 = LINE('',#5601,#5602);
#5601 = CARTESIAN_POINT('',(-2.05,0.58,7.1));
#5602 = VECTOR('',#5603,1.);
#5603 = DIRECTION('',(0.,-1.,0.));
#5604 = ORIENTED_EDGE('',*,*,#5227,.F.);
#5605 = ORIENTED_EDGE('',*,*,#5082,.F.);
#5606 = PLANE('',#5607);
#5607 = AXIS2_PLACEMENT_3D('',#5608,#5609,#5610);
#5608 = CARTESIAN_POINT('',(-2.05,0.58,2.1));
#5609 = DIRECTION('',(1.,0.,0.));
#5610 = DIRECTION('',(0.,-1.,0.));
#5611 = ADVANCED_FACE('',(#5612),#5630,.F.);
#5612 = FACE_BOUND('',#5613,.F.);
#5613 = EDGE_LOOP('',(#5614,#5615,#5616,#5617,#5618,#5619,#5620,#5621,
    #5622,#5623,#5624,#5625,#5626,#5627,#5628,#5629));
#5614 = ORIENTED_EDGE('',*,*,#5235,.T.);
#5615 = ORIENTED_EDGE('',*,*,#5259,.T.);
#5616 = ORIENTED_EDGE('',*,*,#5284,.T.);
#5617 = ORIENTED_EDGE('',*,*,#5308,.T.);
#5618 = ORIENTED_EDGE('',*,*,#5332,.T.);
#5619 = ORIENTED_EDGE('',*,*,#5356,.T.);
#5620 = ORIENTED_EDGE('',*,*,#5381,.T.);
#5621 = ORIENTED_EDGE('',*,*,#5405,.T.);
#5622 = ORIENTED_EDGE('',*,*,#5429,.T.);
#5623 = ORIENTED_EDGE('',*,*,#5453,.T.);
#5624 = ORIENTED_EDGE('',*,*,#5478,.T.);
#5625 = ORIENTED_EDGE('',*,*,#5502,.T.);
#5626 = ORIENTED_EDGE('',*,*,#5526,.T.);
#5627 = ORIENTED_EDGE('',*,*,#5550,.T.);
#5628 = ORIENTED_EDGE('',*,*,#5575,.T.);
#5629 = ORIENTED_EDGE('',*,*,#5599,.T.);
#5630 = PLANE('',#5631);
#5631 = AXIS2_PLACEMENT_3D('',#5632,#5633,#5634);
#5632 = CARTESIAN_POINT('',(0.,-6.5E-16,7.1));
#5633 = DIRECTION('',(0.,0.,1.));
#5634 = DIRECTION('',(1.,0.,0.));
#5635 = ( GEOMETRIC_REPRESENTATION_CONTEXT(3) 
GLOBAL_UNCERTAINTY_ASSIGNED_CONTEXT((#5639)) 
GLOBAL_UNIT_ASSIGNED_CONTEXT((#5636,#5637,#5638)) REPRESENTATION_CONTEXT
('Context #1','3D Context with UNIT and UNCERTAINTY') );
#5636 = ( LENGTH_UNIT() NAMED_UNIT(*) SI_UNIT(.MILLI.,.METRE.) );
#5637 = ( NAMED_UNIT(*) PLANE_ANGLE_UNIT() SI_UNIT($,.RADIAN.) );
#5638 = ( NAMED_UNIT(*) SI_UNIT($,.STERADIAN.) SOLID_ANGLE_UNIT() );
#5639 = UNCERTAINTY_MEASURE_WITH_UNIT(LENGTH_MEASURE(2.E-07),#5636,
  'distance_accuracy_value','confusion accuracy');
#5640 = CONTEXT_DEPENDENT_SHAPE_REPRESENTATION(#5641,#5643);
#5641 = ( REPRESENTATION_RELATIONSHIP('','',#40,#10) 
REPRESENTATION_RELATIONSHIP_WITH_TRANSFORMATION(#5642) 
SHAPE_REPRESENTATION_RELATIONSHIP() );
#5642 = ITEM_DEFINED_TRANSFORMATION('','',#11,#15);
#5643 = PRODUCT_DEFINITION_SHAPE('Placement','Placement of an item',
  #5644);
#5644 = NEXT_ASSEMBLY_USAGE_OCCURRENCE('77','Body','',#5,#35,$);
#5645 = PRODUCT_RELATED_PRODUCT_CATEGORY('part',$,(#37));
#5646 = SHAPE_DEFINITION_REPRESENTATION(#5647,#5653);
#5647 = PRODUCT_DEFINITION_SHAPE('','',#5648);
#5648 = PRODUCT_DEFINITION('design','',#5649,#5652);
#5649 = PRODUCT_DEFINITION_FORMATION('','',#5650);
#5650 = PRODUCT('Extrude','Extrude','',(#5651));
#5651 = PRODUCT_CONTEXT('',#2,'mechanical');
#5652 = PRODUCT_DEFINITION_CONTEXT('part definition',#2,'design');
#5653 = ADVANCED_BREP_SHAPE_REPRESENTATION('',(#11,#5654),#6628);
#5654 = MANIFOLD_SOLID_BREP('',#5655);
#5655 = CLOSED_SHELL('',(#5656,#5698,#5729,#5762,#5795,#5826,#5859,#5892
    ,#5923,#5954,#5985,#6018,#6051,#6082,#6115,#6148,#6179,#6210,#6241,
    #6274,#6307,#6338,#6371,#6404,#6435,#6468,#6501,#6532,#6556,#6592));
#5656 = ADVANCED_FACE('',(#5657),#5691,.F.);
#5657 = FACE_BOUND('',#5658,.F.);
#5658 = EDGE_LOOP('',(#5659,#5669,#5677,#5685));
#5659 = ORIENTED_EDGE('',*,*,#5660,.T.);
#5660 = EDGE_CURVE('',#5661,#5663,#5665,.T.);
#5661 = VERTEX_POINT('',#5662);
#5662 = CARTESIAN_POINT('',(-4.40059337181,-0.4,10.));
#5663 = VERTEX_POINT('',#5664);
#5664 = CARTESIAN_POINT('',(-4.40059337181,-0.4,9.6));
#5665 = LINE('',#5666,#5667);
#5666 = CARTESIAN_POINT('',(-4.40059337181,-0.4,10.));
#5667 = VECTOR('',#5668,1.);
#5668 = DIRECTION('',(0.,0.,-1.));
#5669 = ORIENTED_EDGE('',*,*,#5670,.T.);
#5670 = EDGE_CURVE('',#5663,#5671,#5673,.T.);
#5671 = VERTEX_POINT('',#5672);
#5672 = CARTESIAN_POINT('',(-4.544176457864,-0.340022255193,9.6));
#5673 = B_SPLINE_CURVE_WITH_KNOTS('',2,(#5674,#5675,#5676),
  .UNSPECIFIED.,.F.,.F.,(3,3),(0.,1.),.PIECEWISE_BEZIER_KNOTS.);
#5674 = CARTESIAN_POINT('',(-4.40059337181,-0.4,9.6));
#5675 = CARTESIAN_POINT('',(-4.488353015727,-0.4,9.6));
#5676 = CARTESIAN_POINT('',(-4.544176457864,-0.340022255193,9.6));
#5677 = ORIENTED_EDGE('',*,*,#5678,.F.);
#5678 = EDGE_CURVE('',#5679,#5671,#5681,.T.);
#5679 = VERTEX_POINT('',#5680);
#5680 = CARTESIAN_POINT('',(-4.544176457864,-0.340022255193,10.));
#5681 = LINE('',#5682,#5683);
#5682 = CARTESIAN_POINT('',(-4.544176457864,-0.340022255193,10.));
#5683 = VECTOR('',#5684,1.);
#5684 = DIRECTION('',(0.,0.,-1.));
#5685 = ORIENTED_EDGE('',*,*,#5686,.F.);
#5686 = EDGE_CURVE('',#5661,#5679,#5687,.T.);
#5687 = B_SPLINE_CURVE_WITH_KNOTS('',2,(#5688,#5689,#5690),
  .UNSPECIFIED.,.F.,.F.,(3,3),(0.,1.),.PIECEWISE_BEZIER_KNOTS.);
#5688 = CARTESIAN_POINT('',(-4.40059337181,-0.4,10.));
#5689 = CARTESIAN_POINT('',(-4.488353015727,-0.4,10.));
#5690 = CARTESIAN_POINT('',(-4.544176457864,-0.340022255193,10.));
#5691 = SURFACE_OF_LINEAR_EXTRUSION('',#5692,#5696);
#5692 = B_SPLINE_CURVE_WITH_KNOTS('',2,(#5693,#5694,#5695),
  .UNSPECIFIED.,.F.,.F.,(3,3),(0.,1.),.PIECEWISE_BEZIER_KNOTS.);
#5693 = CARTESIAN_POINT('',(-4.40059337181,-0.4,10.));
#5694 = CARTESIAN_POINT('',(-4.488353015727,-0.4,10.));
#5695 = CARTESIAN_POINT('',(-4.544176457864,-0.340022255193,10.));
#5696 = VECTOR('',#5697,1.);
#5697 = DIRECTION('',(-0.,-0.,1.));
#5698 = ADVANCED_FACE('',(#5699),#5724,.F.);
#5699 = FACE_BOUND('',#5700,.F.);
#5700 = EDGE_LOOP('',(#5701,#5711,#5717,#5718));
#5701 = ORIENTED_EDGE('',*,*,#5702,.T.);
#5702 = EDGE_CURVE('',#5703,#5705,#5707,.T.);
#5703 = VERTEX_POINT('',#5704);
#5704 = CARTESIAN_POINT('',(-0.611869336202,-0.4,10.));
#5705 = VERTEX_POINT('',#5706);
#5706 = CARTESIAN_POINT('',(-0.611869336202,-0.4,9.6));
#5707 = LINE('',#5708,#5709);
#5708 = CARTESIAN_POINT('',(-0.611869336202,-0.4,10.));
#5709 = VECTOR('',#5710,1.);
#5710 = DIRECTION('',(0.,0.,-1.));
#5711 = ORIENTED_EDGE('',*,*,#5712,.T.);
#5712 = EDGE_CURVE('',#5705,#5663,#5713,.T.);
#5713 = LINE('',#5714,#5715);
#5714 = CARTESIAN_POINT('',(-0.611869336202,-0.4,9.6));
#5715 = VECTOR('',#5716,1.);
#5716 = DIRECTION('',(-1.,0.,0.));
#5717 = ORIENTED_EDGE('',*,*,#5660,.F.);
#5718 = ORIENTED_EDGE('',*,*,#5719,.F.);
#5719 = EDGE_CURVE('',#5703,#5661,#5720,.T.);
#5720 = LINE('',#5721,#5722);
#5721 = CARTESIAN_POINT('',(-0.611869336202,-0.4,10.));
#5722 = VECTOR('',#5723,1.);
#5723 = DIRECTION('',(-1.,0.,0.));
#5724 = PLANE('',#5725);
#5725 = AXIS2_PLACEMENT_3D('',#5726,#5727,#5728);
#5726 = CARTESIAN_POINT('',(-0.611869336202,-0.4,10.));
#5727 = DIRECTION('',(0.,1.,0.));
#5728 = DIRECTION('',(-1.,0.,0.));
#5729 = ADVANCED_FACE('',(#5730),#5755,.F.);
#5730 = FACE_BOUND('',#5731,.F.);
#5731 = EDGE_LOOP('',(#5732,#5742,#5748,#5749));
#5732 = ORIENTED_EDGE('',*,*,#5733,.T.);
#5733 = EDGE_CURVE('',#5734,#5736,#5738,.T.);
#5734 = VERTEX_POINT('',#5735);
#5735 = CARTESIAN_POINT('',(-0.468286250148,-0.34028189911,10.));
#5736 = VERTEX_POINT('',#5737);
#5737 = CARTESIAN_POINT('',(-0.468286250148,-0.34028189911,9.6));
#5738 = LINE('',#5739,#5740);
#5739 = CARTESIAN_POINT('',(-0.468286250148,-0.34028189911,10.));
#5740 = VECTOR('',#5741,1.);
#5741 = DIRECTION('',(0.,0.,-1.));
#5742 = ORIENTED_EDGE('',*,*,#5743,.T.);
#5743 = EDGE_CURVE('',#5736,#5705,#5744,.T.);
#5744 = B_SPLINE_CURVE_WITH_KNOTS('',2,(#5745,#5746,#5747),
  .UNSPECIFIED.,.F.,.F.,(3,3),(0.,1.),.PIECEWISE_BEZIER_KNOTS.);
#5745 = CARTESIAN_POINT('',(-0.468286250148,-0.34028189911,9.6));
#5746 = CARTESIAN_POINT('',(-0.524109692285,-0.4,9.6));
#5747 = CARTESIAN_POINT('',(-0.611869336202,-0.4,9.6));
#5748 = ORIENTED_EDGE('',*,*,#5702,.F.);
#5749 = ORIENTED_EDGE('',*,*,#5750,.F.);
#5750 = EDGE_CURVE('',#5734,#5703,#5751,.T.);
#5751 = B_SPLINE_CURVE_WITH_KNOTS('',2,(#5752,#5753,#5754),
  .UNSPECIFIED.,.F.,.F.,(3,3),(0.,1.),.PIECEWISE_BEZIER_KNOTS.);
#5752 = CARTESIAN_POINT('',(-0.468286250148,-0.34028189911,10.));
#5753 = CARTESIAN_POINT('',(-0.524109692285,-0.4,10.));
#5754 = CARTESIAN_POINT('',(-0.611869336202,-0.4,10.));
#5755 = SURFACE_OF_LINEAR_EXTRUSION('',#5756,#5760);
#5756 = B_SPLINE_CURVE_WITH_KNOTS('',2,(#5757,#5758,#5759),
  .UNSPECIFIED.,.F.,.F.,(3,3),(0.,1.),.PIECEWISE_BEZIER_KNOTS.);
#5757 = CARTESIAN_POINT('',(-0.468286250148,-0.34028189911,10.));
#5758 = CARTESIAN_POINT('',(-0.524109692285,-0.4,10.));
#5759 = CARTESIAN_POINT('',(-0.611869336202,-0.4,10.));
#5760 = VECTOR('',#5761,1.);
#5761 = DIRECTION('',(-0.,-0.,1.));
#5762 = ADVANCED_FACE('',(#5763),#5788,.F.);
#5763 = FACE_BOUND('',#5764,.F.);
#5764 = EDGE_LOOP('',(#5765,#5775,#5781,#5782));
#5765 = ORIENTED_EDGE('',*,*,#5766,.T.);
#5766 = EDGE_CURVE('',#5767,#5769,#5771,.T.);
#5767 = VERTEX_POINT('',#5768);
#5768 = CARTESIAN_POINT('',(-0.412462808012,-0.200853115727,10.));
#5769 = VERTEX_POINT('',#5770);
#5770 = CARTESIAN_POINT('',(-0.412462808012,-0.200853115727,9.6));
#5771 = LINE('',#5772,#5773);
#5772 = CARTESIAN_POINT('',(-0.412462808012,-0.200853115727,10.));
#5773 = VECTOR('',#5774,1.);
#5774 = DIRECTION('',(0.,0.,-1.));
#5775 = ORIENTED_EDGE('',*,*,#5776,.T.);
#5776 = EDGE_CURVE('',#5769,#5736,#5777,.T.);
#5777 = B_SPLINE_CURVE_WITH_KNOTS('',2,(#5778,#5779,#5780),
  .UNSPECIFIED.,.F.,.F.,(3,3),(0.,1.),.PIECEWISE_BEZIER_KNOTS.);
#5778 = CARTESIAN_POINT('',(-0.412462808012,-0.200853115727,9.6));
#5779 = CARTESIAN_POINT('',(-0.412462808012,-0.28056379822,9.6));
#5780 = CARTESIAN_POINT('',(-0.468286250148,-0.34028189911,9.6));
#5781 = ORIENTED_EDGE('',*,*,#5733,.F.);
#5782 = ORIENTED_EDGE('',*,*,#5783,.F.);
#5783 = EDGE_CURVE('',#5767,#5734,#5784,.T.);
#5784 = B_SPLINE_CURVE_WITH_KNOTS('',2,(#5785,#5786,#5787),
  .UNSPECIFIED.,.F.,.F.,(3,3),(0.,1.),.PIECEWISE_BEZIER_KNOTS.);
#5785 = CARTESIAN_POINT('',(-0.412462808012,-0.200853115727,10.));
#5786 = CARTESIAN_POINT('',(-0.412462808012,-0.28056379822,10.));
#5787 = CARTESIAN_POINT('',(-0.468286250148,-0.34028189911,10.));
#5788 = SURFACE_OF_LINEAR_EXTRUSION('',#5789,#5793);
#5789 = B_SPLINE_CURVE_WITH_KNOTS('',2,(#5790,#5791,#5792),
  .UNSPECIFIED.,.F.,.F.,(3,3),(0.,1.),.PIECEWISE_BEZIER_KNOTS.);
#5790 = CARTESIAN_POINT('',(-0.412462808012,-0.200853115727,10.));
#5791 = CARTESIAN_POINT('',(-0.412462808012,-0.28056379822,10.));
#5792 = CARTESIAN_POINT('',(-0.468286250148,-0.34028189911,10.));
#5793 = VECTOR('',#5794,1.);
#5794 = DIRECTION('',(-0.,-0.,1.));
#5795 = ADVANCED_FACE('',(#5796),#5821,.F.);
#5796 = FACE_BOUND('',#5797,.F.);
#5797 = EDGE_LOOP('',(#5798,#5808,#5814,#5815));
#5798 = ORIENTED_EDGE('',*,*,#5799,.T.);
#5799 = EDGE_CURVE('',#5800,#5802,#5804,.T.);
#5800 = VERTEX_POINT('',#5801);
#5801 = CARTESIAN_POINT('',(-0.412462808012,0.547440652819,10.));
#5802 = VERTEX_POINT('',#5803);
#5803 = CARTESIAN_POINT('',(-0.412462808012,0.547440652819,9.6));
#5804 = LINE('',#5805,#5806);
#5805 = CARTESIAN_POINT('',(-0.412462808012,0.547440652819,10.));
#5806 = VECTOR('',#5807,1.);
#5807 = DIRECTION('',(0.,0.,-1.));
#5808 = ORIENTED_EDGE('',*,*,#5809,.T.);
#5809 = EDGE_CURVE('',#5802,#5769,#5810,.T.);
#5810 = LINE('',#5811,#5812);
#5811 = CARTESIAN_POINT('',(-0.412462808012,0.547440652819,9.6));
#5812 = VECTOR('',#5813,1.);
#5813 = DIRECTION('',(0.,-1.,0.));
#5814 = ORIENTED_EDGE('',*,*,#5766,.F.);
#5815 = ORIENTED_EDGE('',*,*,#5816,.F.);
#5816 = EDGE_CURVE('',#5800,#5767,#5817,.T.);
#5817 = LINE('',#5818,#5819);
#5818 = CARTESIAN_POINT('',(-0.412462808012,0.547440652819,10.));
#5819 = VECTOR('',#5820,1.);
#5820 = DIRECTION('',(0.,-1.,0.));
#5821 = PLANE('',#5822);
#5822 = AXIS2_PLACEMENT_3D('',#5823,#5824,#5825);
#5823 = CARTESIAN_POINT('',(-0.412462808012,0.547440652819,10.));
#5824 = DIRECTION('',(-1.,-0.,-0.));
#5825 = DIRECTION('',(0.,-1.,0.));
#5826 = ADVANCED_FACE('',(#5827),#5852,.F.);
#5827 = FACE_BOUND('',#5828,.F.);
#5828 = EDGE_LOOP('',(#5829,#5839,#5845,#5846));
#5829 = ORIENTED_EDGE('',*,*,#5830,.T.);
#5830 = EDGE_CURVE('',#5831,#5833,#5835,.T.);
#5831 = VERTEX_POINT('',#5832);
#5832 = CARTESIAN_POINT('',(-0.468286250148,0.690764094955,10.));
#5833 = VERTEX_POINT('',#5834);
#5834 = CARTESIAN_POINT('',(-0.468286250148,0.690764094955,9.6));
#5835 = LINE('',#5836,#5837);
#5836 = CARTESIAN_POINT('',(-0.468286250148,0.690764094955,10.));
#5837 = VECTOR('',#5838,1.);
#5838 = DIRECTION('',(0.,0.,-1.));
#5839 = ORIENTED_EDGE('',*,*,#5840,.T.);
#5840 = EDGE_CURVE('',#5833,#5802,#5841,.T.);
#5841 = B_SPLINE_CURVE_WITH_KNOTS('',2,(#5842,#5843,#5844),
  .UNSPECIFIED.,.F.,.F.,(3,3),(0.,1.),.PIECEWISE_BEZIER_KNOTS.);
#5842 = CARTESIAN_POINT('',(-0.468286250148,0.690764094955,9.6));
#5843 = CARTESIAN_POINT('',(-0.412462808012,0.635200296736,9.6));
#5844 = CARTESIAN_POINT('',(-0.412462808012,0.547440652819,9.6));
#5845 = ORIENTED_EDGE('',*,*,#5799,.F.);
#5846 = ORIENTED_EDGE('',*,*,#5847,.F.);
#5847 = EDGE_CURVE('',#5831,#5800,#5848,.T.);
#5848 = B_SPLINE_CURVE_WITH_KNOTS('',2,(#5849,#5850,#5851),
  .UNSPECIFIED.,.F.,.F.,(3,3),(0.,1.),.PIECEWISE_BEZIER_KNOTS.);
#5849 = CARTESIAN_POINT('',(-0.468286250148,0.690764094955,10.));
#5850 = CARTESIAN_POINT('',(-0.412462808012,0.635200296736,10.));
#5851 = CARTESIAN_POINT('',(-0.412462808012,0.547440652819,10.));
#5852 = SURFACE_OF_LINEAR_EXTRUSION('',#5853,#5857);
#5853 = B_SPLINE_CURVE_WITH_KNOTS('',2,(#5854,#5855,#5856),
  .UNSPECIFIED.,.F.,.F.,(3,3),(0.,1.),.PIECEWISE_BEZIER_KNOTS.);
#5854 = CARTESIAN_POINT('',(-0.468286250148,0.690764094955,10.));
#5855 = CARTESIAN_POINT('',(-0.412462808012,0.635200296736,10.));
#5856 = CARTESIAN_POINT('',(-0.412462808012,0.547440652819,10.));
#5857 = VECTOR('',#5858,1.);
#5858 = DIRECTION('',(-0.,-0.,1.));
#5859 = ADVANCED_FACE('',(#5860),#5885,.F.);
#5860 = FACE_BOUND('',#5861,.F.);
#5861 = EDGE_LOOP('',(#5862,#5872,#5878,#5879));
#5862 = ORIENTED_EDGE('',*,*,#5863,.T.);
#5863 = EDGE_CURVE('',#5864,#5866,#5868,.T.);
#5864 = VERTEX_POINT('',#5865);
#5865 = CARTESIAN_POINT('',(-0.611869336202,0.746587537092,10.));
#5866 = VERTEX_POINT('',#5867);
#5867 = CARTESIAN_POINT('',(-0.611869336202,0.746587537092,9.6));
#5868 = LINE('',#5869,#5870);
#5869 = CARTESIAN_POINT('',(-0.611869336202,0.746587537092,10.));
#5870 = VECTOR('',#5871,1.);
#5871 = DIRECTION('',(0.,0.,-1.));
#5872 = ORIENTED_EDGE('',*,*,#5873,.T.);
#5873 = EDGE_CURVE('',#5866,#5833,#5874,.T.);
#5874 = B_SPLINE_CURVE_WITH_KNOTS('',2,(#5875,#5876,#5877),
  .UNSPECIFIED.,.F.,.F.,(3,3),(0.,1.),.PIECEWISE_BEZIER_KNOTS.);
#5875 = CARTESIAN_POINT('',(-0.611869336202,0.746587537092,9.6));
#5876 = CARTESIAN_POINT('',(-0.524109692285,0.746587537092,9.6));
#5877 = CARTESIAN_POINT('',(-0.468286250148,0.690764094955,9.6));
#5878 = ORIENTED_EDGE('',*,*,#5830,.F.);
#5879 = ORIENTED_EDGE('',*,*,#5880,.F.);
#5880 = EDGE_CURVE('',#5864,#5831,#5881,.T.);
#5881 = B_SPLINE_CURVE_WITH_KNOTS('',2,(#5882,#5883,#5884),
  .UNSPECIFIED.,.F.,.F.,(3,3),(0.,1.),.PIECEWISE_BEZIER_KNOTS.);
#5882 = CARTESIAN_POINT('',(-0.611869336202,0.746587537092,10.));
#5883 = CARTESIAN_POINT('',(-0.524109692285,0.746587537092,10.));
#5884 = CARTESIAN_POINT('',(-0.468286250148,0.690764094955,10.));
#5885 = SURFACE_OF_LINEAR_EXTRUSION('',#5886,#5890);
#5886 = B_SPLINE_CURVE_WITH_KNOTS('',2,(#5887,#5888,#5889),
  .UNSPECIFIED.,.F.,.F.,(3,3),(0.,1.),.PIECEWISE_BEZIER_KNOTS.);
#5887 = CARTESIAN_POINT('',(-0.611869336202,0.746587537092,10.));
#5888 = CARTESIAN_POINT('',(-0.524109692285,0.746587537092,10.));
#5889 = CARTESIAN_POINT('',(-0.468286250148,0.690764094955,10.));
#5890 = VECTOR('',#5891,1.);
#5891 = DIRECTION('',(-0.,-0.,1.));
#5892 = ADVANCED_FACE('',(#5893),#5918,.F.);
#5893 = FACE_BOUND('',#5894,.F.);
#5894 = EDGE_LOOP('',(#5895,#5905,#5911,#5912));
#5895 = ORIENTED_EDGE('',*,*,#5896,.T.);
#5896 = EDGE_CURVE('',#5897,#5899,#5901,.T.);
#5897 = VERTEX_POINT('',#5898);
#5898 = CARTESIAN_POINT('',(-3.220771413353,0.746587537092,10.));
#5899 = VERTEX_POINT('',#5900);
#5900 = CARTESIAN_POINT('',(-3.220771413353,0.746587537092,9.6));
#5901 = LINE('',#5902,#5903);
#5902 = CARTESIAN_POINT('',(-3.220771413353,0.746587537092,10.));
#5903 = VECTOR('',#5904,1.);
#5904 = DIRECTION('',(0.,0.,-1.));
#5905 = ORIENTED_EDGE('',*,*,#5906,.T.);
#5906 = EDGE_CURVE('',#5899,#5866,#5907,.T.);
#5907 = LINE('',#5908,#5909);
#5908 = CARTESIAN_POINT('',(-3.220771413353,0.746587537092,9.6));
#5909 = VECTOR('',#5910,1.);
#5910 = DIRECTION('',(1.,0.,0.));
#5911 = ORIENTED_EDGE('',*,*,#5863,.F.);
#5912 = ORIENTED_EDGE('',*,*,#5913,.F.);
#5913 = EDGE_CURVE('',#5897,#5864,#5914,.T.);
#5914 = LINE('',#5915,#5916);
#5915 = CARTESIAN_POINT('',(-3.220771413353,0.746587537092,10.));
#5916 = VECTOR('',#5917,1.);
#5917 = DIRECTION('',(1.,0.,0.));
#5918 = PLANE('',#5919);
#5919 = AXIS2_PLACEMENT_3D('',#5920,#5921,#5922);
#5920 = CARTESIAN_POINT('',(-3.220771413353,0.746587537092,10.));
#5921 = DIRECTION('',(0.,-1.,0.));
#5922 = DIRECTION('',(1.,0.,0.));
#5923 = ADVANCED_FACE('',(#5924),#5949,.F.);
#5924 = FACE_BOUND('',#5925,.F.);
#5925 = EDGE_LOOP('',(#5926,#5936,#5942,#5943));
#5926 = ORIENTED_EDGE('',*,*,#5927,.T.);
#5927 = EDGE_CURVE('',#5928,#5930,#5932,.T.);
#5928 = VERTEX_POINT('',#5929);
#5929 = CARTESIAN_POINT('',(-3.220771413353,1.859940652819,10.));
#5930 = VERTEX_POINT('',#5931);
#5931 = CARTESIAN_POINT('',(-3.220771413353,1.859940652819,9.6));
#5932 = LINE('',#5933,#5934);
#5933 = CARTESIAN_POINT('',(-3.220771413353,1.859940652819,10.));
#5934 = VECTOR('',#5935,1.);
#5935 = DIRECTION('',(0.,0.,-1.));
#5936 = ORIENTED_EDGE('',*,*,#5937,.T.);
#5937 = EDGE_CURVE('',#5930,#5899,#5938,.T.);
#5938 = LINE('',#5939,#5940);
#5939 = CARTESIAN_POINT('',(-3.220771413353,1.859940652819,9.6));
#5940 = VECTOR('',#5941,1.);
#5941 = DIRECTION('',(0.,-1.,0.));
#5942 = ORIENTED_EDGE('',*,*,#5896,.F.);
#5943 = ORIENTED_EDGE('',*,*,#5944,.F.);
#5944 = EDGE_CURVE('',#5928,#5897,#5945,.T.);
#5945 = LINE('',#5946,#5947);
#5946 = CARTESIAN_POINT('',(-3.220771413353,1.859940652819,10.));
#5947 = VECTOR('',#5948,1.);
#5948 = DIRECTION('',(0.,-1.,0.));
#5949 = PLANE('',#5950);
#5950 = AXIS2_PLACEMENT_3D('',#5951,#5952,#5953);
#5951 = CARTESIAN_POINT('',(-3.220771413353,1.859940652819,10.));
#5952 = DIRECTION('',(-1.,-0.,-0.));
#5953 = DIRECTION('',(0.,-1.,0.));
#5954 = ADVANCED_FACE('',(#5955),#5980,.F.);
#5955 = FACE_BOUND('',#5956,.F.);
#5956 = EDGE_LOOP('',(#5957,#5967,#5973,#5974));
#5957 = ORIENTED_EDGE('',*,*,#5958,.T.);
#5958 = EDGE_CURVE('',#5959,#5961,#5963,.T.);
#5959 = VERTEX_POINT('',#5960);
#5960 = CARTESIAN_POINT('',(-0.852818891098,1.859940652819,10.));
#5961 = VERTEX_POINT('',#5962);
#5962 = CARTESIAN_POINT('',(-0.852818891098,1.859940652819,9.6));
#5963 = LINE('',#5964,#5965);
#5964 = CARTESIAN_POINT('',(-0.852818891098,1.859940652819,10.));
#5965 = VECTOR('',#5966,1.);
#5966 = DIRECTION('',(0.,0.,-1.));
#5967 = ORIENTED_EDGE('',*,*,#5968,.T.);
#5968 = EDGE_CURVE('',#5961,#5930,#5969,.T.);
#5969 = LINE('',#5970,#5971);
#5970 = CARTESIAN_POINT('',(-0.852818891098,1.859940652819,9.6));
#5971 = VECTOR('',#5972,1.);
#5972 = DIRECTION('',(-1.,0.,0.));
#5973 = ORIENTED_EDGE('',*,*,#5927,.F.);
#5974 = ORIENTED_EDGE('',*,*,#5975,.F.);
#5975 = EDGE_CURVE('',#5959,#5928,#5976,.T.);
#5976 = LINE('',#5977,#5978);
#5977 = CARTESIAN_POINT('',(-0.852818891098,1.859940652819,10.));
#5978 = VECTOR('',#5979,1.);
#5979 = DIRECTION('',(-1.,0.,0.));
#5980 = PLANE('',#5981);
#5981 = AXIS2_PLACEMENT_3D('',#5982,#5983,#5984);
#5982 = CARTESIAN_POINT('',(-0.852818891098,1.859940652819,10.));
#5983 = DIRECTION('',(0.,1.,0.));
#5984 = DIRECTION('',(-1.,0.,0.));
#5985 = ADVANCED_FACE('',(#5986),#6011,.F.);
#5986 = FACE_BOUND('',#5987,.F.);
#5987 = EDGE_LOOP('',(#5988,#5998,#6004,#6005));
#5988 = ORIENTED_EDGE('',*,*,#5989,.T.);
#5989 = EDGE_CURVE('',#5990,#5992,#5994,.T.);
#5990 = VERTEX_POINT('',#5991);
#5991 = CARTESIAN_POINT('',(-0.709235805045,1.919399109792,10.));
#5992 = VERTEX_POINT('',#5993);
#5993 = CARTESIAN_POINT('',(-0.709235805045,1.919399109792,9.6));
#5994 = LINE('',#5995,#5996);
#5995 = CARTESIAN_POINT('',(-0.709235805045,1.919399109792,10.));
#5996 = VECTOR('',#5997,1.);
#5997 = DIRECTION('',(0.,0.,-1.));
#5998 = ORIENTED_EDGE('',*,*,#5999,.T.);
#5999 = EDGE_CURVE('',#5992,#5961,#6000,.T.);
#6000 = B_SPLINE_CURVE_WITH_KNOTS('',2,(#6001,#6002,#6003),
  .UNSPECIFIED.,.F.,.F.,(3,3),(0.,1.),.PIECEWISE_BEZIER_KNOTS.);
#6001 = CARTESIAN_POINT('',(-0.709235805045,1.919399109792,9.6));
#6002 = CARTESIAN_POINT('',(-0.765059247181,1.859940652819,9.6));
#6003 = CARTESIAN_POINT('',(-0.852818891098,1.859940652819,9.6));
#6004 = ORIENTED_EDGE('',*,*,#5958,.F.);
#6005 = ORIENTED_EDGE('',*,*,#6006,.F.);
#6006 = EDGE_CURVE('',#5990,#5959,#6007,.T.);
#6007 = B_SPLINE_CURVE_WITH_KNOTS('',2,(#6008,#6009,#6010),
  .UNSPECIFIED.,.F.,.F.,(3,3),(0.,1.),.PIECEWISE_BEZIER_KNOTS.);
#6008 = CARTESIAN_POINT('',(-0.709235805045,1.919399109792,10.));
#6009 = CARTESIAN_POINT('',(-0.765059247181,1.859940652819,10.));
#6010 = CARTESIAN_POINT('',(-0.852818891098,1.859940652819,10.));
#6011 = SURFACE_OF_LINEAR_EXTRUSION('',#6012,#6016);
#6012 = B_SPLINE_CURVE_WITH_KNOTS('',2,(#6013,#6014,#6015),
  .UNSPECIFIED.,.F.,.F.,(3,3),(0.,1.),.PIECEWISE_BEZIER_KNOTS.);
#6013 = CARTESIAN_POINT('',(-0.709235805045,1.919399109792,10.));
#6014 = CARTESIAN_POINT('',(-0.765059247181,1.859940652819,10.));
#6015 = CARTESIAN_POINT('',(-0.852818891098,1.859940652819,10.));
#6016 = VECTOR('',#6017,1.);
#6017 = DIRECTION('',(-0.,-0.,1.));
#6018 = ADVANCED_FACE('',(#6019),#6044,.F.);
#6019 = FACE_BOUND('',#6020,.F.);
#6020 = EDGE_LOOP('',(#6021,#6031,#6037,#6038));
#6021 = ORIENTED_EDGE('',*,*,#6022,.T.);
#6022 = EDGE_CURVE('',#6023,#6025,#6027,.T.);
#6023 = VERTEX_POINT('',#6024);
#6024 = CARTESIAN_POINT('',(-0.653412362908,2.058568249258,10.));
#6025 = VERTEX_POINT('',#6026);
#6026 = CARTESIAN_POINT('',(-0.653412362908,2.058568249258,9.6));
#6027 = LINE('',#6028,#6029);
#6028 = CARTESIAN_POINT('',(-0.653412362908,2.058568249258,10.));
#6029 = VECTOR('',#6030,1.);
#6030 = DIRECTION('',(0.,0.,-1.));
#6031 = ORIENTED_EDGE('',*,*,#6032,.T.);
#6032 = EDGE_CURVE('',#6025,#5992,#6033,.T.);
#6033 = B_SPLINE_CURVE_WITH_KNOTS('',2,(#6034,#6035,#6036),
  .UNSPECIFIED.,.F.,.F.,(3,3),(0.,1.),.PIECEWISE_BEZIER_KNOTS.);
#6034 = CARTESIAN_POINT('',(-0.653412362908,2.058568249258,9.6));
#6035 = CARTESIAN_POINT('',(-0.653412362908,1.979117210682,9.6));
#6036 = CARTESIAN_POINT('',(-0.709235805045,1.919399109792,9.6));
#6037 = ORIENTED_EDGE('',*,*,#5989,.F.);
#6038 = ORIENTED_EDGE('',*,*,#6039,.F.);
#6039 = EDGE_CURVE('',#6023,#5990,#6040,.T.);
#6040 = B_SPLINE_CURVE_WITH_KNOTS('',2,(#6041,#6042,#6043),
  .UNSPECIFIED.,.F.,.F.,(3,3),(0.,1.),.PIECEWISE_BEZIER_KNOTS.);
#6041 = CARTESIAN_POINT('',(-0.653412362908,2.058568249258,10.));
#6042 = CARTESIAN_POINT('',(-0.653412362908,1.979117210682,10.));
#6043 = CARTESIAN_POINT('',(-0.709235805045,1.919399109792,10.));
#6044 = SURFACE_OF_LINEAR_EXTRUSION('',#6045,#6049);
#6045 = B_SPLINE_CURVE_WITH_KNOTS('',2,(#6046,#6047,#6048),
  .UNSPECIFIED.,.F.,.F.,(3,3),(0.,1.),.PIECEWISE_BEZIER_KNOTS.);
#6046 = CARTESIAN_POINT('',(-0.653412362908,2.058568249258,10.));
#6047 = CARTESIAN_POINT('',(-0.653412362908,1.979117210682,10.));
#6048 = CARTESIAN_POINT('',(-0.709235805045,1.919399109792,10.));
#6049 = VECTOR('',#6050,1.);
#6050 = DIRECTION('',(-0.,-0.,1.));
#6051 = ADVANCED_FACE('',(#6052),#6077,.F.);
#6052 = FACE_BOUND('',#6053,.F.);
#6053 = EDGE_LOOP('',(#6054,#6064,#6070,#6071));
#6054 = ORIENTED_EDGE('',*,*,#6055,.T.);
#6055 = EDGE_CURVE('',#6056,#6058,#6060,.T.);
#6056 = VERTEX_POINT('',#6057);
#6057 = CARTESIAN_POINT('',(-0.653412362908,2.750259643917,10.));
#6058 = VERTEX_POINT('',#6059);
#6059 = CARTESIAN_POINT('',(-0.653412362908,2.750259643917,9.6));
#6060 = LINE('',#6061,#6062);
#6061 = CARTESIAN_POINT('',(-0.653412362908,2.750259643917,10.));
#6062 = VECTOR('',#6063,1.);
#6063 = DIRECTION('',(0.,0.,-1.));
#6064 = ORIENTED_EDGE('',*,*,#6065,.T.);
#6065 = EDGE_CURVE('',#6058,#6025,#6066,.T.);
#6066 = LINE('',#6067,#6068);
#6067 = CARTESIAN_POINT('',(-0.653412362908,2.750259643917,9.6));
#6068 = VECTOR('',#6069,1.);
#6069 = DIRECTION('',(0.,-1.,0.));
#6070 = ORIENTED_EDGE('',*,*,#6022,.F.);
#6071 = ORIENTED_EDGE('',*,*,#6072,.F.);
#6072 = EDGE_CURVE('',#6056,#6023,#6073,.T.);
#6073 = LINE('',#6074,#6075);
#6074 = CARTESIAN_POINT('',(-0.653412362908,2.750259643917,10.));
#6075 = VECTOR('',#6076,1.);
#6076 = DIRECTION('',(0.,-1.,0.));
#6077 = PLANE('',#6078);
#6078 = AXIS2_PLACEMENT_3D('',#6079,#6080,#6081);
#6079 = CARTESIAN_POINT('',(-0.653412362908,2.750259643917,10.));
#6080 = DIRECTION('',(-1.,-0.,-0.));
#6081 = DIRECTION('',(0.,-1.,0.));
#6082 = ADVANCED_FACE('',(#6083),#6108,.F.);
#6083 = FACE_BOUND('',#6084,.F.);
#6084 = EDGE_LOOP('',(#6085,#6095,#6101,#6102));
#6085 = ORIENTED_EDGE('',*,*,#6086,.T.);
#6086 = EDGE_CURVE('',#6087,#6089,#6091,.T.);
#6087 = VERTEX_POINT('',#6088);
#6088 = CARTESIAN_POINT('',(-0.709235805045,2.896958456973,10.));
#6089 = VERTEX_POINT('',#6090);
#6090 = CARTESIAN_POINT('',(-0.709235805045,2.896958456973,9.6));
#6091 = LINE('',#6092,#6093);
#6092 = CARTESIAN_POINT('',(-0.709235805045,2.896958456973,10.));
#6093 = VECTOR('',#6094,1.);
#6094 = DIRECTION('',(0.,0.,-1.));
#6095 = ORIENTED_EDGE('',*,*,#6096,.T.);
#6096 = EDGE_CURVE('',#6089,#6058,#6097,.T.);
#6097 = B_SPLINE_CURVE_WITH_KNOTS('',2,(#6098,#6099,#6100),
  .UNSPECIFIED.,.F.,.F.,(3,3),(0.,1.),.PIECEWISE_BEZIER_KNOTS.);
#6098 = CARTESIAN_POINT('',(-0.709235805045,2.896958456973,9.6));
#6099 = CARTESIAN_POINT('',(-0.653412362908,2.8375,9.6));
#6100 = CARTESIAN_POINT('',(-0.653412362908,2.750259643917,9.6));
#6101 = ORIENTED_EDGE('',*,*,#6055,.F.);
#6102 = ORIENTED_EDGE('',*,*,#6103,.F.);
#6103 = EDGE_CURVE('',#6087,#6056,#6104,.T.);
#6104 = B_SPLINE_CURVE_WITH_KNOTS('',2,(#6105,#6106,#6107),
  .UNSPECIFIED.,.F.,.F.,(3,3),(0.,1.),.PIECEWISE_BEZIER_KNOTS.);
#6105 = CARTESIAN_POINT('',(-0.709235805045,2.896958456973,10.));
#6106 = CARTESIAN_POINT('',(-0.653412362908,2.8375,10.));
#6107 = CARTESIAN_POINT('',(-0.653412362908,2.750259643917,10.));
#6108 = SURFACE_OF_LINEAR_EXTRUSION('',#6109,#6113);
#6109 = B_SPLINE_CURVE_WITH_KNOTS('',2,(#6110,#6111,#6112),
  .UNSPECIFIED.,.F.,.F.,(3,3),(0.,1.),.PIECEWISE_BEZIER_KNOTS.);
#6110 = CARTESIAN_POINT('',(-0.709235805045,2.896958456973,10.));
#6111 = CARTESIAN_POINT('',(-0.653412362908,2.8375,10.));
#6112 = CARTESIAN_POINT('',(-0.653412362908,2.750259643917,10.));
#6113 = VECTOR('',#6114,1.);
#6114 = DIRECTION('',(-0.,-0.,1.));
#6115 = ADVANCED_FACE('',(#6116),#6141,.F.);
#6116 = FACE_BOUND('',#6117,.F.);
#6117 = EDGE_LOOP('',(#6118,#6128,#6134,#6135));
#6118 = ORIENTED_EDGE('',*,*,#6119,.T.);
#6119 = EDGE_CURVE('',#6120,#6122,#6124,.T.);
#6120 = VERTEX_POINT('',#6121);
#6121 = CARTESIAN_POINT('',(-0.852818891098,2.956676557864,10.));
#6122 = VERTEX_POINT('',#6123);
#6123 = CARTESIAN_POINT('',(-0.852818891098,2.956676557864,9.6));
#6124 = LINE('',#6125,#6126);
#6125 = CARTESIAN_POINT('',(-0.852818891098,2.956676557864,10.));
#6126 = VECTOR('',#6127,1.);
#6127 = DIRECTION('',(0.,0.,-1.));
#6128 = ORIENTED_EDGE('',*,*,#6129,.T.);
#6129 = EDGE_CURVE('',#6122,#6089,#6130,.T.);
#6130 = B_SPLINE_CURVE_WITH_KNOTS('',2,(#6131,#6132,#6133),
  .UNSPECIFIED.,.F.,.F.,(3,3),(0.,1.),.PIECEWISE_BEZIER_KNOTS.);
#6131 = CARTESIAN_POINT('',(-0.852818891098,2.956676557864,9.6));
#6132 = CARTESIAN_POINT('',(-0.765059247181,2.956676557864,9.6));
#6133 = CARTESIAN_POINT('',(-0.709235805045,2.896958456973,9.6));
#6134 = ORIENTED_EDGE('',*,*,#6086,.F.);
#6135 = ORIENTED_EDGE('',*,*,#6136,.F.);
#6136 = EDGE_CURVE('',#6120,#6087,#6137,.T.);
#6137 = B_SPLINE_CURVE_WITH_KNOTS('',2,(#6138,#6139,#6140),
  .UNSPECIFIED.,.F.,.F.,(3,3),(0.,1.),.PIECEWISE_BEZIER_KNOTS.);
#6138 = CARTESIAN_POINT('',(-0.852818891098,2.956676557864,10.));
#6139 = CARTESIAN_POINT('',(-0.765059247181,2.956676557864,10.));
#6140 = CARTESIAN_POINT('',(-0.709235805045,2.896958456973,10.));
#6141 = SURFACE_OF_LINEAR_EXTRUSION('',#6142,#6146);
#6142 = B_SPLINE_CURVE_WITH_KNOTS('',2,(#6143,#6144,#6145),
  .UNSPECIFIED.,.F.,.F.,(3,3),(0.,1.),.PIECEWISE_BEZIER_KNOTS.);
#6143 = CARTESIAN_POINT('',(-0.852818891098,2.956676557864,10.));
#6144 = CARTESIAN_POINT('',(-0.765059247181,2.956676557864,10.));
#6145 = CARTESIAN_POINT('',(-0.709235805045,2.896958456973,10.));
#6146 = VECTOR('',#6147,1.);
#6147 = DIRECTION('',(-0.,-0.,1.));
#6148 = ADVANCED_FACE('',(#6149),#6174,.F.);
#6149 = FACE_BOUND('',#6150,.F.);
#6150 = EDGE_LOOP('',(#6151,#6161,#6167,#6168));
#6151 = ORIENTED_EDGE('',*,*,#6152,.T.);
#6152 = EDGE_CURVE('',#6153,#6155,#6157,.T.);
#6153 = VERTEX_POINT('',#6154);
#6154 = CARTESIAN_POINT('',(-3.220771413353,2.956676557864,10.));
#6155 = VERTEX_POINT('',#6156);
#6156 = CARTESIAN_POINT('',(-3.220771413353,2.956676557864,9.6));
#6157 = LINE('',#6158,#6159);
#6158 = CARTESIAN_POINT('',(-3.220771413353,2.956676557864,10.));
#6159 = VECTOR('',#6160,1.);
#6160 = DIRECTION('',(0.,0.,-1.));
#6161 = ORIENTED_EDGE('',*,*,#6162,.T.);
#6162 = EDGE_CURVE('',#6155,#6122,#6163,.T.);
#6163 = LINE('',#6164,#6165);
#6164 = CARTESIAN_POINT('',(-3.220771413353,2.956676557864,9.6));
#6165 = VECTOR('',#6166,1.);
#6166 = DIRECTION('',(1.,0.,0.));
#6167 = ORIENTED_EDGE('',*,*,#6119,.F.);
#6168 = ORIENTED_EDGE('',*,*,#6169,.F.);
#6169 = EDGE_CURVE('',#6153,#6120,#6170,.T.);
#6170 = LINE('',#6171,#6172);
#6171 = CARTESIAN_POINT('',(-3.220771413353,2.956676557864,10.));
#6172 = VECTOR('',#6173,1.);
#6173 = DIRECTION('',(1.,0.,0.));
#6174 = PLANE('',#6175);
#6175 = AXIS2_PLACEMENT_3D('',#6176,#6177,#6178);
#6176 = CARTESIAN_POINT('',(-3.220771413353,2.956676557864,10.));
#6177 = DIRECTION('',(0.,-1.,0.));
#6178 = DIRECTION('',(1.,0.,0.));
#6179 = ADVANCED_FACE('',(#6180),#6205,.F.);
#6180 = FACE_BOUND('',#6181,.F.);
#6181 = EDGE_LOOP('',(#6182,#6192,#6198,#6199));
#6182 = ORIENTED_EDGE('',*,*,#6183,.T.);
#6183 = EDGE_CURVE('',#6184,#6186,#6188,.T.);
#6184 = VERTEX_POINT('',#6185);
#6185 = CARTESIAN_POINT('',(-3.220771413353,4.053412462908,10.));
#6186 = VERTEX_POINT('',#6187);
#6187 = CARTESIAN_POINT('',(-3.220771413353,4.053412462908,9.6));
#6188 = LINE('',#6189,#6190);
#6189 = CARTESIAN_POINT('',(-3.220771413353,4.053412462908,10.));
#6190 = VECTOR('',#6191,1.);
#6191 = DIRECTION('',(0.,0.,-1.));
#6192 = ORIENTED_EDGE('',*,*,#6193,.T.);
#6193 = EDGE_CURVE('',#6186,#6155,#6194,.T.);
#6194 = LINE('',#6195,#6196);
#6195 = CARTESIAN_POINT('',(-3.220771413353,4.053412462908,9.6));
#6196 = VECTOR('',#6197,1.);
#6197 = DIRECTION('',(0.,-1.,0.));
#6198 = ORIENTED_EDGE('',*,*,#6152,.F.);
#6199 = ORIENTED_EDGE('',*,*,#6200,.F.);
#6200 = EDGE_CURVE('',#6184,#6153,#6201,.T.);
#6201 = LINE('',#6202,#6203);
#6202 = CARTESIAN_POINT('',(-3.220771413353,4.053412462908,10.));
#6203 = VECTOR('',#6204,1.);
#6204 = DIRECTION('',(0.,-1.,0.));
#6205 = PLANE('',#6206);
#6206 = AXIS2_PLACEMENT_3D('',#6207,#6208,#6209);
#6207 = CARTESIAN_POINT('',(-3.220771413353,4.053412462908,10.));
#6208 = DIRECTION('',(-1.,-0.,-0.));
#6209 = DIRECTION('',(0.,-1.,0.));
#6210 = ADVANCED_FACE('',(#6211),#6236,.F.);
#6211 = FACE_BOUND('',#6212,.F.);
#6212 = EDGE_LOOP('',(#6213,#6223,#6229,#6230));
#6213 = ORIENTED_EDGE('',*,*,#6214,.T.);
#6214 = EDGE_CURVE('',#6215,#6217,#6219,.T.);
#6215 = VERTEX_POINT('',#6216);
#6216 = CARTESIAN_POINT('',(-0.678078535015,4.053412462908,10.));
#6217 = VERTEX_POINT('',#6218);
#6218 = CARTESIAN_POINT('',(-0.678078535015,4.053412462908,9.6));
#6219 = LINE('',#6220,#6221);
#6220 = CARTESIAN_POINT('',(-0.678078535015,4.053412462908,10.));
#6221 = VECTOR('',#6222,1.);
#6222 = DIRECTION('',(0.,0.,-1.));
#6223 = ORIENTED_EDGE('',*,*,#6224,.T.);
#6224 = EDGE_CURVE('',#6217,#6186,#6225,.T.);
#6225 = LINE('',#6226,#6227);
#6226 = CARTESIAN_POINT('',(-0.678078535015,4.053412462908,9.6));
#6227 = VECTOR('',#6228,1.);
#6228 = DIRECTION('',(-1.,0.,0.));
#6229 = ORIENTED_EDGE('',*,*,#6183,.F.);
#6230 = ORIENTED_EDGE('',*,*,#6231,.F.);
#6231 = EDGE_CURVE('',#6215,#6184,#6232,.T.);
#6232 = LINE('',#6233,#6234);
#6233 = CARTESIAN_POINT('',(-0.678078535015,4.053412462908,10.));
#6234 = VECTOR('',#6235,1.);
#6235 = DIRECTION('',(-1.,0.,0.));
#6236 = PLANE('',#6237);
#6237 = AXIS2_PLACEMENT_3D('',#6238,#6239,#6240);
#6238 = CARTESIAN_POINT('',(-0.678078535015,4.053412462908,10.));
#6239 = DIRECTION('',(0.,1.,0.));
#6240 = DIRECTION('',(-1.,0.,0.));
#6241 = ADVANCED_FACE('',(#6242),#6267,.F.);
#6242 = FACE_BOUND('',#6243,.F.);
#6243 = EDGE_LOOP('',(#6244,#6254,#6260,#6261));
#6244 = ORIENTED_EDGE('',*,*,#6245,.T.);
#6245 = EDGE_CURVE('',#6246,#6248,#6250,.T.);
#6246 = VERTEX_POINT('',#6247);
#6247 = CARTESIAN_POINT('',(-0.534755092878,4.108976261128,10.));
#6248 = VERTEX_POINT('',#6249);
#6249 = CARTESIAN_POINT('',(-0.534755092878,4.108976261128,9.6));
#6250 = LINE('',#6251,#6252);
#6251 = CARTESIAN_POINT('',(-0.534755092878,4.108976261128,10.));
#6252 = VECTOR('',#6253,1.);
#6253 = DIRECTION('',(0.,0.,-1.));
#6254 = ORIENTED_EDGE('',*,*,#6255,.T.);
#6255 = EDGE_CURVE('',#6248,#6217,#6256,.T.);
#6256 = B_SPLINE_CURVE_WITH_KNOTS('',2,(#6257,#6258,#6259),
  .UNSPECIFIED.,.F.,.F.,(3,3),(0.,1.),.PIECEWISE_BEZIER_KNOTS.);
#6257 = CARTESIAN_POINT('',(-0.534755092878,4.108976261128,9.6));
#6258 = CARTESIAN_POINT('',(-0.590578535015,4.053412462908,9.6));
#6259 = CARTESIAN_POINT('',(-0.678078535015,4.053412462908,9.6));
#6260 = ORIENTED_EDGE('',*,*,#6214,.F.);
#6261 = ORIENTED_EDGE('',*,*,#6262,.F.);
#6262 = EDGE_CURVE('',#6246,#6215,#6263,.T.);
#6263 = B_SPLINE_CURVE_WITH_KNOTS('',2,(#6264,#6265,#6266),
  .UNSPECIFIED.,.F.,.F.,(3,3),(0.,1.),.PIECEWISE_BEZIER_KNOTS.);
#6264 = CARTESIAN_POINT('',(-0.534755092878,4.108976261128,10.));
#6265 = CARTESIAN_POINT('',(-0.590578535015,4.053412462908,10.));
#6266 = CARTESIAN_POINT('',(-0.678078535015,4.053412462908,10.));
#6267 = SURFACE_OF_LINEAR_EXTRUSION('',#6268,#6272);
#6268 = B_SPLINE_CURVE_WITH_KNOTS('',2,(#6269,#6270,#6271),
  .UNSPECIFIED.,.F.,.F.,(3,3),(0.,1.),.PIECEWISE_BEZIER_KNOTS.);
#6269 = CARTESIAN_POINT('',(-0.534755092878,4.108976261128,10.));
#6270 = CARTESIAN_POINT('',(-0.590578535015,4.053412462908,10.));
#6271 = CARTESIAN_POINT('',(-0.678078535015,4.053412462908,10.));
#6272 = VECTOR('',#6273,1.);
#6273 = DIRECTION('',(-0.,-0.,1.));
#6274 = ADVANCED_FACE('',(#6275),#6300,.F.);
#6275 = FACE_BOUND('',#6276,.F.);
#6276 = EDGE_LOOP('',(#6277,#6287,#6293,#6294));
#6277 = ORIENTED_EDGE('',*,*,#6278,.T.);
#6278 = EDGE_CURVE('',#6279,#6281,#6283,.T.);
#6279 = VERTEX_POINT('',#6280);
#6280 = CARTESIAN_POINT('',(-0.478931650742,4.252559347181,10.));
#6281 = VERTEX_POINT('',#6282);
#6282 = CARTESIAN_POINT('',(-0.478931650742,4.252559347181,9.6));
#6283 = LINE('',#6284,#6285);
#6284 = CARTESIAN_POINT('',(-0.478931650742,4.252559347181,10.));
#6285 = VECTOR('',#6286,1.);
#6286 = DIRECTION('',(0.,0.,-1.));
#6287 = ORIENTED_EDGE('',*,*,#6288,.T.);
#6288 = EDGE_CURVE('',#6281,#6248,#6289,.T.);
#6289 = B_SPLINE_CURVE_WITH_KNOTS('',2,(#6290,#6291,#6292),
  .UNSPECIFIED.,.F.,.F.,(3,3),(0.,1.),.PIECEWISE_BEZIER_KNOTS.);
#6290 = CARTESIAN_POINT('',(-0.478931650742,4.252559347181,9.6));
#6291 = CARTESIAN_POINT('',(-0.478931650742,4.164799703264,9.6));
#6292 = CARTESIAN_POINT('',(-0.534755092878,4.108976261128,9.6));
#6293 = ORIENTED_EDGE('',*,*,#6245,.F.);
#6294 = ORIENTED_EDGE('',*,*,#6295,.F.);
#6295 = EDGE_CURVE('',#6279,#6246,#6296,.T.);
#6296 = B_SPLINE_CURVE_WITH_KNOTS('',2,(#6297,#6298,#6299),
  .UNSPECIFIED.,.F.,.F.,(3,3),(0.,1.),.PIECEWISE_BEZIER_KNOTS.);
#6297 = CARTESIAN_POINT('',(-0.478931650742,4.252559347181,10.));
#6298 = CARTESIAN_POINT('',(-0.478931650742,4.164799703264,10.));
#6299 = CARTESIAN_POINT('',(-0.534755092878,4.108976261128,10.));
#6300 = SURFACE_OF_LINEAR_EXTRUSION('',#6301,#6305);
#6301 = B_SPLINE_CURVE_WITH_KNOTS('',2,(#6302,#6303,#6304),
  .UNSPECIFIED.,.F.,.F.,(3,3),(0.,1.),.PIECEWISE_BEZIER_KNOTS.);
#6302 = CARTESIAN_POINT('',(-0.478931650742,4.252559347181,10.));
#6303 = CARTESIAN_POINT('',(-0.478931650742,4.164799703264,10.));
#6304 = CARTESIAN_POINT('',(-0.534755092878,4.108976261128,10.));
#6305 = VECTOR('',#6306,1.);
#6306 = DIRECTION('',(-0.,-0.,1.));
#6307 = ADVANCED_FACE('',(#6308),#6333,.F.);
#6308 = FACE_BOUND('',#6309,.F.);
#6309 = EDGE_LOOP('',(#6310,#6320,#6326,#6327));
#6310 = ORIENTED_EDGE('',*,*,#6311,.T.);
#6311 = EDGE_CURVE('',#6312,#6314,#6316,.T.);
#6312 = VERTEX_POINT('',#6313);
#6313 = CARTESIAN_POINT('',(-0.478931650742,5.000853115727,10.));
#6314 = VERTEX_POINT('',#6315);
#6315 = CARTESIAN_POINT('',(-0.478931650742,5.000853115727,9.6));
#6316 = LINE('',#6317,#6318);
#6317 = CARTESIAN_POINT('',(-0.478931650742,5.000853115727,10.));
#6318 = VECTOR('',#6319,1.);
#6319 = DIRECTION('',(0.,0.,-1.));
#6320 = ORIENTED_EDGE('',*,*,#6321,.T.);
#6321 = EDGE_CURVE('',#6314,#6281,#6322,.T.);
#6322 = LINE('',#6323,#6324);
#6323 = CARTESIAN_POINT('',(-0.478931650742,5.000853115727,9.6));
#6324 = VECTOR('',#6325,1.);
#6325 = DIRECTION('',(0.,-1.,0.));
#6326 = ORIENTED_EDGE('',*,*,#6278,.F.);
#6327 = ORIENTED_EDGE('',*,*,#6328,.F.);
#6328 = EDGE_CURVE('',#6312,#6279,#6329,.T.);
#6329 = LINE('',#6330,#6331);
#6330 = CARTESIAN_POINT('',(-0.478931650742,5.000853115727,10.));
#6331 = VECTOR('',#6332,1.);
#6332 = DIRECTION('',(0.,-1.,0.));
#6333 = PLANE('',#6334);
#6334 = AXIS2_PLACEMENT_3D('',#6335,#6336,#6337);
#6335 = CARTESIAN_POINT('',(-0.478931650742,5.000853115727,10.));
#6336 = DIRECTION('',(-1.,-0.,-0.));
#6337 = DIRECTION('',(0.,-1.,0.));
#6338 = ADVANCED_FACE('',(#6339),#6364,.F.);
#6339 = FACE_BOUND('',#6340,.F.);
#6340 = EDGE_LOOP('',(#6341,#6351,#6357,#6358));
#6341 = ORIENTED_EDGE('',*,*,#6342,.T.);
#6342 = EDGE_CURVE('',#6343,#6345,#6347,.T.);
#6343 = VERTEX_POINT('',#6344);
#6344 = CARTESIAN_POINT('',(-0.534755092878,5.144176557864,10.));
#6345 = VERTEX_POINT('',#6346);
#6346 = CARTESIAN_POINT('',(-0.534755092878,5.144176557864,9.6));
#6347 = LINE('',#6348,#6349);
#6348 = CARTESIAN_POINT('',(-0.534755092878,5.144176557864,10.));
#6349 = VECTOR('',#6350,1.);
#6350 = DIRECTION('',(0.,0.,-1.));
#6351 = ORIENTED_EDGE('',*,*,#6352,.T.);
#6352 = EDGE_CURVE('',#6345,#6314,#6353,.T.);
#6353 = B_SPLINE_CURVE_WITH_KNOTS('',2,(#6354,#6355,#6356),
  .UNSPECIFIED.,.F.,.F.,(3,3),(0.,1.),.PIECEWISE_BEZIER_KNOTS.);
#6354 = CARTESIAN_POINT('',(-0.534755092878,5.144176557864,9.6));
#6355 = CARTESIAN_POINT('',(-0.478931650742,5.088612759644,9.6));
#6356 = CARTESIAN_POINT('',(-0.478931650742,5.000853115727,9.6));
#6357 = ORIENTED_EDGE('',*,*,#6311,.F.);
#6358 = ORIENTED_EDGE('',*,*,#6359,.F.);
#6359 = EDGE_CURVE('',#6343,#6312,#6360,.T.);
#6360 = B_SPLINE_CURVE_WITH_KNOTS('',2,(#6361,#6362,#6363),
  .UNSPECIFIED.,.F.,.F.,(3,3),(0.,1.),.PIECEWISE_BEZIER_KNOTS.);
#6361 = CARTESIAN_POINT('',(-0.534755092878,5.144176557864,10.));
#6362 = CARTESIAN_POINT('',(-0.478931650742,5.088612759644,10.));
#6363 = CARTESIAN_POINT('',(-0.478931650742,5.000853115727,10.));
#6364 = SURFACE_OF_LINEAR_EXTRUSION('',#6365,#6369);
#6365 = B_SPLINE_CURVE_WITH_KNOTS('',2,(#6366,#6367,#6368),
  .UNSPECIFIED.,.F.,.F.,(3,3),(0.,1.),.PIECEWISE_BEZIER_KNOTS.);
#6366 = CARTESIAN_POINT('',(-0.534755092878,5.144176557864,10.));
#6367 = CARTESIAN_POINT('',(-0.478931650742,5.088612759644,10.));
#6368 = CARTESIAN_POINT('',(-0.478931650742,5.000853115727,10.));
#6369 = VECTOR('',#6370,1.);
#6370 = DIRECTION('',(-0.,-0.,1.));
#6371 = ADVANCED_FACE('',(#6372),#6397,.F.);
#6372 = FACE_BOUND('',#6373,.F.);
#6373 = EDGE_LOOP('',(#6374,#6384,#6390,#6391));
#6374 = ORIENTED_EDGE('',*,*,#6375,.T.);
#6375 = EDGE_CURVE('',#6376,#6378,#6380,.T.);
#6376 = VERTEX_POINT('',#6377);
#6377 = CARTESIAN_POINT('',(-0.678078535015,5.2,10.));
#6378 = VERTEX_POINT('',#6379);
#6379 = CARTESIAN_POINT('',(-0.678078535015,5.2,9.6));
#6380 = LINE('',#6381,#6382);
#6381 = CARTESIAN_POINT('',(-0.678078535015,5.2,10.));
#6382 = VECTOR('',#6383,1.);
#6383 = DIRECTION('',(0.,0.,-1.));
#6384 = ORIENTED_EDGE('',*,*,#6385,.T.);
#6385 = EDGE_CURVE('',#6378,#6345,#6386,.T.);
#6386 = B_SPLINE_CURVE_WITH_KNOTS('',2,(#6387,#6388,#6389),
  .UNSPECIFIED.,.F.,.F.,(3,3),(0.,1.),.PIECEWISE_BEZIER_KNOTS.);
#6387 = CARTESIAN_POINT('',(-0.678078535015,5.2,9.6));
#6388 = CARTESIAN_POINT('',(-0.590578535015,5.2,9.6));
#6389 = CARTESIAN_POINT('',(-0.534755092878,5.144176557864,9.6));
#6390 = ORIENTED_EDGE('',*,*,#6342,.F.);
#6391 = ORIENTED_EDGE('',*,*,#6392,.F.);
#6392 = EDGE_CURVE('',#6376,#6343,#6393,.T.);
#6393 = B_SPLINE_CURVE_WITH_KNOTS('',2,(#6394,#6395,#6396),
  .UNSPECIFIED.,.F.,.F.,(3,3),(0.,1.),.PIECEWISE_BEZIER_KNOTS.);
#6394 = CARTESIAN_POINT('',(-0.678078535015,5.2,10.));
#6395 = CARTESIAN_POINT('',(-0.590578535015,5.2,10.));
#6396 = CARTESIAN_POINT('',(-0.534755092878,5.144176557864,10.));
#6397 = SURFACE_OF_LINEAR_EXTRUSION('',#6398,#6402);
#6398 = B_SPLINE_CURVE_WITH_KNOTS('',2,(#6399,#6400,#6401),
  .UNSPECIFIED.,.F.,.F.,(3,3),(0.,1.),.PIECEWISE_BEZIER_KNOTS.);
#6399 = CARTESIAN_POINT('',(-0.678078535015,5.2,10.));
#6400 = CARTESIAN_POINT('',(-0.590578535015,5.2,10.));
#6401 = CARTESIAN_POINT('',(-0.534755092878,5.144176557864,10.));
#6402 = VECTOR('',#6403,1.);
#6403 = DIRECTION('',(-0.,-0.,1.));
#6404 = ADVANCED_FACE('',(#6405),#6430,.F.);
#6405 = FACE_BOUND('',#6406,.F.);
#6406 = EDGE_LOOP('',(#6407,#6417,#6423,#6424));
#6407 = ORIENTED_EDGE('',*,*,#6408,.T.);
#6408 = EDGE_CURVE('',#6409,#6411,#6413,.T.);
#6409 = VERTEX_POINT('',#6410);
#6410 = CARTESIAN_POINT('',(-4.400853015727,5.2,10.));
#6411 = VERTEX_POINT('',#6412);
#6412 = CARTESIAN_POINT('',(-4.400853015727,5.2,9.6));
#6413 = LINE('',#6414,#6415);
#6414 = CARTESIAN_POINT('',(-4.400853015727,5.2,10.));
#6415 = VECTOR('',#6416,1.);
#6416 = DIRECTION('',(0.,0.,-1.));
#6417 = ORIENTED_EDGE('',*,*,#6418,.T.);
#6418 = EDGE_CURVE('',#6411,#6378,#6419,.T.);
#6419 = LINE('',#6420,#6421);
#6420 = CARTESIAN_POINT('',(-4.400853015727,5.2,9.6));
#6421 = VECTOR('',#6422,1.);
#6422 = DIRECTION('',(1.,0.,0.));
#6423 = ORIENTED_EDGE('',*,*,#6375,.F.);
#6424 = ORIENTED_EDGE('',*,*,#6425,.F.);
#6425 = EDGE_CURVE('',#6409,#6376,#6426,.T.);
#6426 = LINE('',#6427,#6428);
#6427 = CARTESIAN_POINT('',(-4.400853015727,5.2,10.));
#6428 = VECTOR('',#6429,1.);
#6429 = DIRECTION('',(1.,0.,0.));
#6430 = PLANE('',#6431);
#6431 = AXIS2_PLACEMENT_3D('',#6432,#6433,#6434);
#6432 = CARTESIAN_POINT('',(-4.400853015727,5.2,10.));
#6433 = DIRECTION('',(0.,-1.,0.));
#6434 = DIRECTION('',(1.,0.,0.));
#6435 = ADVANCED_FACE('',(#6436),#6461,.F.);
#6436 = FACE_BOUND('',#6437,.F.);
#6437 = EDGE_LOOP('',(#6438,#6448,#6454,#6455));
#6438 = ORIENTED_EDGE('',*,*,#6439,.T.);
#6439 = EDGE_CURVE('',#6440,#6442,#6444,.T.);
#6440 = VERTEX_POINT('',#6441);
#6441 = CARTESIAN_POINT('',(-4.544176457864,5.143916913947,10.));
#6442 = VERTEX_POINT('',#6443);
#6443 = CARTESIAN_POINT('',(-4.544176457864,5.143916913947,9.6));
#6444 = LINE('',#6445,#6446);
#6445 = CARTESIAN_POINT('',(-4.544176457864,5.143916913947,10.));
#6446 = VECTOR('',#6447,1.);
#6447 = DIRECTION('',(0.,0.,-1.));
#6448 = ORIENTED_EDGE('',*,*,#6449,.T.);
#6449 = EDGE_CURVE('',#6442,#6411,#6450,.T.);
#6450 = B_SPLINE_CURVE_WITH_KNOTS('',2,(#6451,#6452,#6453),
  .UNSPECIFIED.,.F.,.F.,(3,3),(0.,1.),.PIECEWISE_BEZIER_KNOTS.);
#6451 = CARTESIAN_POINT('',(-4.544176457864,5.143916913947,9.6));
#6452 = CARTESIAN_POINT('',(-4.488353015727,5.2,9.6));
#6453 = CARTESIAN_POINT('',(-4.400853015727,5.2,9.6));
#6454 = ORIENTED_EDGE('',*,*,#6408,.F.);
#6455 = ORIENTED_EDGE('',*,*,#6456,.F.);
#6456 = EDGE_CURVE('',#6440,#6409,#6457,.T.);
#6457 = B_SPLINE_CURVE_WITH_KNOTS('',2,(#6458,#6459,#6460),
  .UNSPECIFIED.,.F.,.F.,(3,3),(0.,1.),.PIECEWISE_BEZIER_KNOTS.);
#6458 = CARTESIAN_POINT('',(-4.544176457864,5.143916913947,10.));
#6459 = CARTESIAN_POINT('',(-4.488353015727,5.2,10.));
#6460 = CARTESIAN_POINT('',(-4.400853015727,5.2,10.));
#6461 = SURFACE_OF_LINEAR_EXTRUSION('',#6462,#6466);
#6462 = B_SPLINE_CURVE_WITH_KNOTS('',2,(#6463,#6464,#6465),
  .UNSPECIFIED.,.F.,.F.,(3,3),(0.,1.),.PIECEWISE_BEZIER_KNOTS.);
#6463 = CARTESIAN_POINT('',(-4.544176457864,5.143916913947,10.));
#6464 = CARTESIAN_POINT('',(-4.488353015727,5.2,10.));
#6465 = CARTESIAN_POINT('',(-4.400853015727,5.2,10.));
#6466 = VECTOR('',#6467,1.);
#6467 = DIRECTION('',(-0.,-0.,1.));
#6468 = ADVANCED_FACE('',(#6469),#6494,.F.);
#6469 = FACE_BOUND('',#6470,.F.);
#6470 = EDGE_LOOP('',(#6471,#6481,#6487,#6488));
#6471 = ORIENTED_EDGE('',*,*,#6472,.T.);
#6472 = EDGE_CURVE('',#6473,#6475,#6477,.T.);
#6473 = VERTEX_POINT('',#6474);
#6474 = CARTESIAN_POINT('',(-4.5999999,5.000074183976,10.));
#6475 = VERTEX_POINT('',#6476);
#6476 = CARTESIAN_POINT('',(-4.5999999,5.000074183976,9.6));
#6477 = LINE('',#6478,#6479);
#6478 = CARTESIAN_POINT('',(-4.5999999,5.000074183976,10.));
#6479 = VECTOR('',#6480,1.);
#6480 = DIRECTION('',(0.,0.,-1.));
#6481 = ORIENTED_EDGE('',*,*,#6482,.T.);
#6482 = EDGE_CURVE('',#6475,#6442,#6483,.T.);
#6483 = B_SPLINE_CURVE_WITH_KNOTS('',2,(#6484,#6485,#6486),
  .UNSPECIFIED.,.F.,.F.,(3,3),(0.,1.),.PIECEWISE_BEZIER_KNOTS.);
#6484 = CARTESIAN_POINT('',(-4.5999999,5.000074183976,9.6));
#6485 = CARTESIAN_POINT('',(-4.5999999,5.08809347181,9.6));
#6486 = CARTESIAN_POINT('',(-4.544176457864,5.143916913947,9.6));
#6487 = ORIENTED_EDGE('',*,*,#6439,.F.);
#6488 = ORIENTED_EDGE('',*,*,#6489,.F.);
#6489 = EDGE_CURVE('',#6473,#6440,#6490,.T.);
#6490 = B_SPLINE_CURVE_WITH_KNOTS('',2,(#6491,#6492,#6493),
  .UNSPECIFIED.,.F.,.F.,(3,3),(0.,1.),.PIECEWISE_BEZIER_KNOTS.);
#6491 = CARTESIAN_POINT('',(-4.5999999,5.000074183976,10.));
#6492 = CARTESIAN_POINT('',(-4.5999999,5.08809347181,10.));
#6493 = CARTESIAN_POINT('',(-4.544176457864,5.143916913947,10.));
#6494 = SURFACE_OF_LINEAR_EXTRUSION('',#6495,#6499);
#6495 = B_SPLINE_CURVE_WITH_KNOTS('',2,(#6496,#6497,#6498),
  .UNSPECIFIED.,.F.,.F.,(3,3),(0.,1.),.PIECEWISE_BEZIER_KNOTS.);
#6496 = CARTESIAN_POINT('',(-4.5999999,5.000074183976,10.));
#6497 = CARTESIAN_POINT('',(-4.5999999,5.08809347181,10.));
#6498 = CARTESIAN_POINT('',(-4.544176457864,5.143916913947,10.));
#6499 = VECTOR('',#6500,1.);
#6500 = DIRECTION('',(-0.,-0.,1.));
#6501 = ADVANCED_FACE('',(#6502),#6527,.F.);
#6502 = FACE_BOUND('',#6503,.F.);
#6503 = EDGE_LOOP('',(#6504,#6514,#6520,#6521));
#6504 = ORIENTED_EDGE('',*,*,#6505,.T.);
#6505 = EDGE_CURVE('',#6506,#6508,#6510,.T.);
#6506 = VERTEX_POINT('',#6507);
#6507 = CARTESIAN_POINT('',(-4.5999999,-0.199814540059,10.));
#6508 = VERTEX_POINT('',#6509);
#6509 = CARTESIAN_POINT('',(-4.5999999,-0.199814540059,9.6));
#6510 = LINE('',#6511,#6512);
#6511 = CARTESIAN_POINT('',(-4.5999999,-0.199814540059,10.));
#6512 = VECTOR('',#6513,1.);
#6513 = DIRECTION('',(0.,0.,-1.));
#6514 = ORIENTED_EDGE('',*,*,#6515,.T.);
#6515 = EDGE_CURVE('',#6508,#6475,#6516,.T.);
#6516 = LINE('',#6517,#6518);
#6517 = CARTESIAN_POINT('',(-4.5999999,-0.199814540059,9.6));
#6518 = VECTOR('',#6519,1.);
#6519 = DIRECTION('',(0.,1.,0.));
#6520 = ORIENTED_EDGE('',*,*,#6472,.F.);
#6521 = ORIENTED_EDGE('',*,*,#6522,.F.);
#6522 = EDGE_CURVE('',#6506,#6473,#6523,.T.);
#6523 = LINE('',#6524,#6525);
#6524 = CARTESIAN_POINT('',(-4.5999999,-0.199814540059,10.));
#6525 = VECTOR('',#6526,1.);
#6526 = DIRECTION('',(0.,1.,0.));
#6527 = PLANE('',#6528);
#6528 = AXIS2_PLACEMENT_3D('',#6529,#6530,#6531);
#6529 = CARTESIAN_POINT('',(-4.5999999,-0.199814540059,10.));
#6530 = DIRECTION('',(1.,-0.,0.));
#6531 = DIRECTION('',(0.,1.,0.));
#6532 = ADVANCED_FACE('',(#6533),#6549,.F.);
#6533 = FACE_BOUND('',#6534,.F.);
#6534 = EDGE_LOOP('',(#6535,#6536,#6542,#6543));
#6535 = ORIENTED_EDGE('',*,*,#5678,.T.);
#6536 = ORIENTED_EDGE('',*,*,#6537,.T.);
#6537 = EDGE_CURVE('',#5671,#6508,#6538,.T.);
#6538 = B_SPLINE_CURVE_WITH_KNOTS('',2,(#6539,#6540,#6541),
  .UNSPECIFIED.,.F.,.F.,(3,3),(0.,1.),.PIECEWISE_BEZIER_KNOTS.);
#6539 = CARTESIAN_POINT('',(-4.544176457864,-0.340022255193,9.6));
#6540 = CARTESIAN_POINT('',(-4.5999999,-0.280044510386,9.6));
#6541 = CARTESIAN_POINT('',(-4.5999999,-0.199814540059,9.6));
#6542 = ORIENTED_EDGE('',*,*,#6505,.F.);
#6543 = ORIENTED_EDGE('',*,*,#6544,.F.);
#6544 = EDGE_CURVE('',#5679,#6506,#6545,.T.);
#6545 = B_SPLINE_CURVE_WITH_KNOTS('',2,(#6546,#6547,#6548),
  .UNSPECIFIED.,.F.,.F.,(3,3),(0.,1.),.PIECEWISE_BEZIER_KNOTS.);
#6546 = CARTESIAN_POINT('',(-4.544176457864,-0.340022255193,10.));
#6547 = CARTESIAN_POINT('',(-4.5999999,-0.280044510386,10.));
#6548 = CARTESIAN_POINT('',(-4.5999999,-0.199814540059,10.));
#6549 = SURFACE_OF_LINEAR_EXTRUSION('',#6550,#6554);
#6550 = B_SPLINE_CURVE_WITH_KNOTS('',2,(#6551,#6552,#6553),
  .UNSPECIFIED.,.F.,.F.,(3,3),(0.,1.),.PIECEWISE_BEZIER_KNOTS.);
#6551 = CARTESIAN_POINT('',(-4.544176457864,-0.340022255193,10.));
#6552 = CARTESIAN_POINT('',(-4.5999999,-0.280044510386,10.));
#6553 = CARTESIAN_POINT('',(-4.5999999,-0.199814540059,10.));
#6554 = VECTOR('',#6555,1.);
#6555 = DIRECTION('',(-0.,-0.,1.));
#6556 = ADVANCED_FACE('',(#6557),#6587,.T.);
#6557 = FACE_BOUND('',#6558,.T.);
#6558 = EDGE_LOOP('',(#6559,#6560,#6561,#6562,#6563,#6564,#6565,#6566,
    #6567,#6568,#6569,#6570,#6571,#6572,#6573,#6574,#6575,#6576,#6577,
    #6578,#6579,#6580,#6581,#6582,#6583,#6584,#6585,#6586));
#6559 = ORIENTED_EDGE('',*,*,#5686,.F.);
#6560 = ORIENTED_EDGE('',*,*,#5719,.F.);
#6561 = ORIENTED_EDGE('',*,*,#5750,.F.);
#6562 = ORIENTED_EDGE('',*,*,#5783,.F.);
#6563 = ORIENTED_EDGE('',*,*,#5816,.F.);
#6564 = ORIENTED_EDGE('',*,*,#5847,.F.);
#6565 = ORIENTED_EDGE('',*,*,#5880,.F.);
#6566 = ORIENTED_EDGE('',*,*,#5913,.F.);
#6567 = ORIENTED_EDGE('',*,*,#5944,.F.);
#6568 = ORIENTED_EDGE('',*,*,#5975,.F.);
#6569 = ORIENTED_EDGE('',*,*,#6006,.F.);
#6570 = ORIENTED_EDGE('',*,*,#6039,.F.);
#6571 = ORIENTED_EDGE('',*,*,#6072,.F.);
#6572 = ORIENTED_EDGE('',*,*,#6103,.F.);
#6573 = ORIENTED_EDGE('',*,*,#6136,.F.);
#6574 = ORIENTED_EDGE('',*,*,#6169,.F.);
#6575 = ORIENTED_EDGE('',*,*,#6200,.F.);
#6576 = ORIENTED_EDGE('',*,*,#6231,.F.);
#6577 = ORIENTED_EDGE('',*,*,#6262,.F.);
#6578 = ORIENTED_EDGE('',*,*,#6295,.F.);
#6579 = ORIENTED_EDGE('',*,*,#6328,.F.);
#6580 = ORIENTED_EDGE('',*,*,#6359,.F.);
#6581 = ORIENTED_EDGE('',*,*,#6392,.F.);
#6582 = ORIENTED_EDGE('',*,*,#6425,.F.);
#6583 = ORIENTED_EDGE('',*,*,#6456,.F.);
#6584 = ORIENTED_EDGE('',*,*,#6489,.F.);
#6585 = ORIENTED_EDGE('',*,*,#6522,.F.);
#6586 = ORIENTED_EDGE('',*,*,#6544,.F.);
#6587 = PLANE('',#6588);
#6588 = AXIS2_PLACEMENT_3D('',#6589,#6590,#6591);
#6589 = CARTESIAN_POINT('',(-2.529887517908,2.391789088788,10.));
#6590 = DIRECTION('',(0.,0.,1.));
#6591 = DIRECTION('',(1.,0.,0.));
#6592 = ADVANCED_FACE('',(#6593),#6623,.F.);
#6593 = FACE_BOUND('',#6594,.F.);
#6594 = EDGE_LOOP('',(#6595,#6596,#6597,#6598,#6599,#6600,#6601,#6602,
    #6603,#6604,#6605,#6606,#6607,#6608,#6609,#6610,#6611,#6612,#6613,
    #6614,#6615,#6616,#6617,#6618,#6619,#6620,#6621,#6622));
#6595 = ORIENTED_EDGE('',*,*,#5670,.F.);
#6596 = ORIENTED_EDGE('',*,*,#5712,.F.);
#6597 = ORIENTED_EDGE('',*,*,#5743,.F.);
#6598 = ORIENTED_EDGE('',*,*,#5776,.F.);
#6599 = ORIENTED_EDGE('',*,*,#5809,.F.);
#6600 = ORIENTED_EDGE('',*,*,#5840,.F.);
#6601 = ORIENTED_EDGE('',*,*,#5873,.F.);
#6602 = ORIENTED_EDGE('',*,*,#5906,.F.);
#6603 = ORIENTED_EDGE('',*,*,#5937,.F.);
#6604 = ORIENTED_EDGE('',*,*,#5968,.F.);
#6605 = ORIENTED_EDGE('',*,*,#5999,.F.);
#6606 = ORIENTED_EDGE('',*,*,#6032,.F.);
#6607 = ORIENTED_EDGE('',*,*,#6065,.F.);
#6608 = ORIENTED_EDGE('',*,*,#6096,.F.);
#6609 = ORIENTED_EDGE('',*,*,#6129,.F.);
#6610 = ORIENTED_EDGE('',*,*,#6162,.F.);
#6611 = ORIENTED_EDGE('',*,*,#6193,.F.);
#6612 = ORIENTED_EDGE('',*,*,#6224,.F.);
#6613 = ORIENTED_EDGE('',*,*,#6255,.F.);
#6614 = ORIENTED_EDGE('',*,*,#6288,.F.);
#6615 = ORIENTED_EDGE('',*,*,#6321,.F.);
#6616 = ORIENTED_EDGE('',*,*,#6352,.F.);
#6617 = ORIENTED_EDGE('',*,*,#6385,.F.);
#6618 = ORIENTED_EDGE('',*,*,#6418,.F.);
#6619 = ORIENTED_EDGE('',*,*,#6449,.F.);
#6620 = ORIENTED_EDGE('',*,*,#6482,.F.);
#6621 = ORIENTED_EDGE('',*,*,#6515,.F.);
#6622 = ORIENTED_EDGE('',*,*,#6537,.F.);
#6623 = PLANE('',#6624);
#6624 = AXIS2_PLACEMENT_3D('',#6625,#6626,#6627);
#6625 = CARTESIAN_POINT('',(-2.529887517908,2.391789088788,9.6));
#6626 = DIRECTION('',(0.,0.,1.));
#6627 = DIRECTION('',(1.,0.,0.));
#6628 = ( GEOMETRIC_REPRESENTATION_CONTEXT(3) 
GLOBAL_UNCERTAINTY_ASSIGNED_CONTEXT((#6632)) 
GLOBAL_UNIT_ASSIGNED_CONTEXT((#6629,#6630,#6631)) REPRESENTATION_CONTEXT
('Context #1','3D Context with UNIT and UNCERTAINTY') );
#6629 = ( LENGTH_UNIT() NAMED_UNIT(*) SI_UNIT(.MILLI.,.METRE.) );
#6630 = ( NAMED_UNIT(*) PLANE_ANGLE_UNIT() SI_UNIT($,.RADIAN.) );
#6631 = ( NAMED_UNIT(*) SI_UNIT($,.STERADIAN.) SOLID_ANGLE_UNIT() );
#6632 = UNCERTAINTY_MEASURE_WITH_UNIT(LENGTH_MEASURE(1.E-07),#6629,
  'distance_accuracy_value','confusion accuracy');
#6633 = CONTEXT_DEPENDENT_SHAPE_REPRESENTATION(#6634,#6636);
#6634 = ( REPRESENTATION_RELATIONSHIP('','',#5653,#10) 
REPRESENTATION_RELATIONSHIP_WITH_TRANSFORMATION(#6635) 
SHAPE_REPRESENTATION_RELATIONSHIP() );
#6635 = ITEM_DEFINED_TRANSFORMATION('','',#11,#19);
#6636 = PRODUCT_DEFINITION_SHAPE('Placement','Placement of an item',
  #6637);
#6637 = NEXT_ASSEMBLY_USAGE_OCCURRENCE('78','Extrude','',#5,#5648,$);
#6638 = PRODUCT_RELATED_PRODUCT_CATEGORY('part',$,(#5650));
#6639 = SHAPE_DEFINITION_REPRESENTATION(#6640,#6646);
#6640 = PRODUCT_DEFINITION_SHAPE('','',#6641);
#6641 = PRODUCT_DEFINITION('design','',#6642,#6645);
#6642 = PRODUCT_DEFINITION_FORMATION('','',#6643);
#6643 = PRODUCT('Extrude001','Extrude001','',(#6644));
#6644 = PRODUCT_CONTEXT('',#2,'mechanical');
#6645 = PRODUCT_DEFINITION_CONTEXT('part definition',#2,'design');
#6646 = SHAPE_REPRESENTATION('',(#11,#6647,#7697,#8671),#9818);
#6647 = MANIFOLD_SOLID_BREP('',#6648);
#6648 = CLOSED_SHELL('',(#6649,#6691,#6722,#6755,#6788,#6819,#6850,#6881
    ,#6914,#6947,#6978,#7011,#7044,#7077,#7108,#7141,#7174,#7207,#7240,
    #7271,#7304,#7337,#7368,#7392,#7432,#7463,#7494,#7527,#7560,#7593,
    #7617,#7657));
#6649 = ADVANCED_FACE('',(#6650),#6684,.F.);
#6650 = FACE_BOUND('',#6651,.F.);
#6651 = EDGE_LOOP('',(#6652,#6662,#6670,#6678));
#6652 = ORIENTED_EDGE('',*,*,#6653,.T.);
#6653 = EDGE_CURVE('',#6654,#6656,#6658,.T.);
#6654 = VERTEX_POINT('',#6655);
#6655 = CARTESIAN_POINT('',(-2.557501954599,-5.2,10.));
#6656 = VERTEX_POINT('',#6657);
#6657 = CARTESIAN_POINT('',(-2.557501954599,-5.2,9.6));
#6658 = LINE('',#6659,#6660);
#6659 = CARTESIAN_POINT('',(-2.557501954599,-5.2,10.));
#6660 = VECTOR('',#6661,1.);
#6661 = DIRECTION('',(0.,0.,-1.));
#6662 = ORIENTED_EDGE('',*,*,#6663,.T.);
#6663 = EDGE_CURVE('',#6656,#6664,#6666,.T.);
#6664 = VERTEX_POINT('',#6665);
#6665 = CARTESIAN_POINT('',(-2.634143275074,-5.17009458457,9.6));
#6666 = B_SPLINE_CURVE_WITH_KNOTS('',2,(#6667,#6668,#6669),
  .UNSPECIFIED.,.F.,.F.,(3,3),(0.,1.),.PIECEWISE_BEZIER_KNOTS.);
#6667 = CARTESIAN_POINT('',(-2.557501954599,-5.2,9.6));
#6668 = CARTESIAN_POINT('',(-2.604376954599,-5.2,9.6));
#6669 = CARTESIAN_POINT('',(-2.634143275074,-5.17009458457,9.6));
#6670 = ORIENTED_EDGE('',*,*,#6671,.F.);
#6671 = EDGE_CURVE('',#6672,#6664,#6674,.T.);
#6672 = VERTEX_POINT('',#6673);
#6673 = CARTESIAN_POINT('',(-2.634143275074,-5.17009458457,10.));
#6674 = LINE('',#6675,#6676);
#6675 = CARTESIAN_POINT('',(-2.634143275074,-5.17009458457,10.));
#6676 = VECTOR('',#6677,1.);
#6677 = DIRECTION('',(0.,0.,-1.));
#6678 = ORIENTED_EDGE('',*,*,#6679,.F.);
#6679 = EDGE_CURVE('',#6654,#6672,#6680,.T.);
#6680 = B_SPLINE_CURVE_WITH_KNOTS('',2,(#6681,#6682,#6683),
  .UNSPECIFIED.,.F.,.F.,(3,3),(0.,1.),.PIECEWISE_BEZIER_KNOTS.);
#6681 = CARTESIAN_POINT('',(-2.557501954599,-5.2,10.));
#6682 = CARTESIAN_POINT('',(-2.604376954599,-5.2,10.));
#6683 = CARTESIAN_POINT('',(-2.634143275074,-5.17009458457,10.));
#6684 = SURFACE_OF_LINEAR_EXTRUSION('',#6685,#6689);
#6685 = B_SPLINE_CURVE_WITH_KNOTS('',2,(#6686,#6687,#6688),
  .UNSPECIFIED.,.F.,.F.,(3,3),(0.,1.),.PIECEWISE_BEZIER_KNOTS.);
#6686 = CARTESIAN_POINT('',(-2.557501954599,-5.2,10.));
#6687 = CARTESIAN_POINT('',(-2.604376954599,-5.2,10.));
#6688 = CARTESIAN_POINT('',(-2.634143275074,-5.17009458457,10.));
#6689 = VECTOR('',#6690,1.);
#6690 = DIRECTION('',(-0.,-0.,1.));
#6691 = ADVANCED_FACE('',(#6692),#6717,.F.);
#6692 = FACE_BOUND('',#6693,.F.);
#6693 = EDGE_LOOP('',(#6694,#6704,#6710,#6711));
#6694 = ORIENTED_EDGE('',*,*,#6695,.T.);
#6695 = EDGE_CURVE('',#6696,#6698,#6700,.T.);
#6696 = VERTEX_POINT('',#6697);
#6697 = CARTESIAN_POINT('',(-2.093759372997,-5.2,10.));
#6698 = VERTEX_POINT('',#6699);
#6699 = CARTESIAN_POINT('',(-2.093759372997,-5.2,9.6));
#6700 = LINE('',#6701,#6702);
#6701 = CARTESIAN_POINT('',(-2.093759372997,-5.2,10.));
#6702 = VECTOR('',#6703,1.);
#6703 = DIRECTION('',(0.,0.,-1.));
#6704 = ORIENTED_EDGE('',*,*,#6705,.T.);
#6705 = EDGE_CURVE('',#6698,#6656,#6706,.T.);
#6706 = LINE('',#6707,#6708);
#6707 = CARTESIAN_POINT('',(-2.093759372997,-5.2,9.6));
#6708 = VECTOR('',#6709,1.);
#6709 = DIRECTION('',(-1.,0.,0.));
#6710 = ORIENTED_EDGE('',*,*,#6653,.F.);
#6711 = ORIENTED_EDGE('',*,*,#6712,.F.);
#6712 = EDGE_CURVE('',#6696,#6654,#6713,.T.);
#6713 = LINE('',#6714,#6715);
#6714 = CARTESIAN_POINT('',(-2.093759372997,-5.2,10.));
#6715 = VECTOR('',#6716,1.);
#6716 = DIRECTION('',(-1.,0.,0.));
#6717 = PLANE('',#6718);
#6718 = AXIS2_PLACEMENT_3D('',#6719,#6720,#6721);
#6719 = CARTESIAN_POINT('',(-2.093759372997,-5.2,10.));
#6720 = DIRECTION('',(0.,1.,0.));
#6721 = DIRECTION('',(-1.,0.,0.));
#6722 = ADVANCED_FACE('',(#6723),#6748,.F.);
#6723 = FACE_BOUND('',#6724,.F.);
#6724 = EDGE_LOOP('',(#6725,#6735,#6741,#6742));
#6725 = ORIENTED_EDGE('',*,*,#6726,.T.);
#6726 = EDGE_CURVE('',#6727,#6729,#6731,.T.);
#6727 = VERTEX_POINT('',#6728);
#6728 = CARTESIAN_POINT('',(-2.017118052522,-5.17009458457,10.));
#6729 = VERTEX_POINT('',#6730);
#6730 = CARTESIAN_POINT('',(-2.017118052522,-5.17009458457,9.6));
#6731 = LINE('',#6732,#6733);
#6732 = CARTESIAN_POINT('',(-2.017118052522,-5.17009458457,10.));
#6733 = VECTOR('',#6734,1.);
#6734 = DIRECTION('',(0.,0.,-1.));
#6735 = ORIENTED_EDGE('',*,*,#6736,.T.);
#6736 = EDGE_CURVE('',#6729,#6698,#6737,.T.);
#6737 = B_SPLINE_CURVE_WITH_KNOTS('',2,(#6738,#6739,#6740),
  .UNSPECIFIED.,.F.,.F.,(3,3),(0.,1.),.PIECEWISE_BEZIER_KNOTS.);
#6738 = CARTESIAN_POINT('',(-2.017118052522,-5.17009458457,9.6));
#6739 = CARTESIAN_POINT('',(-2.046884372997,-5.2,9.6));
#6740 = CARTESIAN_POINT('',(-2.093759372997,-5.2,9.6));
#6741 = ORIENTED_EDGE('',*,*,#6695,.F.);
#6742 = ORIENTED_EDGE('',*,*,#6743,.F.);
#6743 = EDGE_CURVE('',#6727,#6696,#6744,.T.);
#6744 = B_SPLINE_CURVE_WITH_KNOTS('',2,(#6745,#6746,#6747),
  .UNSPECIFIED.,.F.,.F.,(3,3),(0.,1.),.PIECEWISE_BEZIER_KNOTS.);
#6745 = CARTESIAN_POINT('',(-2.017118052522,-5.17009458457,10.));
#6746 = CARTESIAN_POINT('',(-2.046884372997,-5.2,10.));
#6747 = CARTESIAN_POINT('',(-2.093759372997,-5.2,10.));
#6748 = SURFACE_OF_LINEAR_EXTRUSION('',#6749,#6753);
#6749 = B_SPLINE_CURVE_WITH_KNOTS('',2,(#6750,#6751,#6752),
  .UNSPECIFIED.,.F.,.F.,(3,3),(0.,1.),.PIECEWISE_BEZIER_KNOTS.);
#6750 = CARTESIAN_POINT('',(-2.017118052522,-5.17009458457,10.));
#6751 = CARTESIAN_POINT('',(-2.046884372997,-5.2,10.));
#6752 = CARTESIAN_POINT('',(-2.093759372997,-5.2,10.));
#6753 = VECTOR('',#6754,1.);
#6754 = DIRECTION('',(-0.,-0.,1.));
#6755 = ADVANCED_FACE('',(#6756),#6781,.F.);
#6756 = FACE_BOUND('',#6757,.F.);
#6757 = EDGE_LOOP('',(#6758,#6768,#6774,#6775));
#6758 = ORIENTED_EDGE('',*,*,#6759,.T.);
#6759 = EDGE_CURVE('',#6760,#6762,#6764,.T.);
#6760 = VERTEX_POINT('',#6761);
#6761 = CARTESIAN_POINT('',(-1.987351732047,-5.093035979228,10.));
#6762 = VERTEX_POINT('',#6763);
#6763 = CARTESIAN_POINT('',(-1.987351732047,-5.093035979228,9.6));
#6764 = LINE('',#6765,#6766);
#6765 = CARTESIAN_POINT('',(-1.987351732047,-5.093035979228,10.));
#6766 = VECTOR('',#6767,1.);
#6767 = DIRECTION('',(0.,0.,-1.));
#6768 = ORIENTED_EDGE('',*,*,#6769,.T.);
#6769 = EDGE_CURVE('',#6762,#6729,#6770,.T.);
#6770 = B_SPLINE_CURVE_WITH_KNOTS('',2,(#6771,#6772,#6773),
  .UNSPECIFIED.,.F.,.F.,(3,3),(0.,1.),.PIECEWISE_BEZIER_KNOTS.);
#6771 = CARTESIAN_POINT('',(-1.987351732047,-5.093035979228,9.6));
#6772 = CARTESIAN_POINT('',(-1.987351732047,-5.140189169139,9.6));
#6773 = CARTESIAN_POINT('',(-2.017118052522,-5.17009458457,9.6));
#6774 = ORIENTED_EDGE('',*,*,#6726,.F.);
#6775 = ORIENTED_EDGE('',*,*,#6776,.F.);
#6776 = EDGE_CURVE('',#6760,#6727,#6777,.T.);
#6777 = B_SPLINE_CURVE_WITH_KNOTS('',2,(#6778,#6779,#6780),
  .UNSPECIFIED.,.F.,.F.,(3,3),(0.,1.),.PIECEWISE_BEZIER_KNOTS.);
#6778 = CARTESIAN_POINT('',(-1.987351732047,-5.093035979228,10.));
#6779 = CARTESIAN_POINT('',(-1.987351732047,-5.140189169139,10.));
#6780 = CARTESIAN_POINT('',(-2.017118052522,-5.17009458457,10.));
#6781 = SURFACE_OF_LINEAR_EXTRUSION('',#6782,#6786);
#6782 = B_SPLINE_CURVE_WITH_KNOTS('',2,(#6783,#6784,#6785),
  .UNSPECIFIED.,.F.,.F.,(3,3),(0.,1.),.PIECEWISE_BEZIER_KNOTS.);
#6783 = CARTESIAN_POINT('',(-1.987351732047,-5.093035979228,10.));
#6784 = CARTESIAN_POINT('',(-1.987351732047,-5.140189169139,10.));
#6785 = CARTESIAN_POINT('',(-2.017118052522,-5.17009458457,10.));
#6786 = VECTOR('',#6787,1.);
#6787 = DIRECTION('',(-0.,-0.,1.));
#6788 = ADVANCED_FACE('',(#6789),#6814,.F.);
#6789 = FACE_BOUND('',#6790,.F.);
#6790 = EDGE_LOOP('',(#6791,#6801,#6807,#6808));
#6791 = ORIENTED_EDGE('',*,*,#6792,.T.);
#6792 = EDGE_CURVE('',#6793,#6795,#6797,.T.);
#6793 = VERTEX_POINT('',#6794);
#6794 = CARTESIAN_POINT('',(-1.987351732047,-4.105044510386,10.));
#6795 = VERTEX_POINT('',#6796);
#6796 = CARTESIAN_POINT('',(-1.987351732047,-4.105044510386,9.6));
#6797 = LINE('',#6798,#6799);
#6798 = CARTESIAN_POINT('',(-1.987351732047,-4.105044510386,10.));
#6799 = VECTOR('',#6800,1.);
#6800 = DIRECTION('',(0.,0.,-1.));
#6801 = ORIENTED_EDGE('',*,*,#6802,.T.);
#6802 = EDGE_CURVE('',#6795,#6762,#6803,.T.);
#6803 = LINE('',#6804,#6805);
#6804 = CARTESIAN_POINT('',(-1.987351732047,-4.105044510386,9.6));
#6805 = VECTOR('',#6806,1.);
#6806 = DIRECTION('',(0.,-1.,0.));
#6807 = ORIENTED_EDGE('',*,*,#6759,.F.);
#6808 = ORIENTED_EDGE('',*,*,#6809,.F.);
#6809 = EDGE_CURVE('',#6793,#6760,#6810,.T.);
#6810 = LINE('',#6811,#6812);
#6811 = CARTESIAN_POINT('',(-1.987351732047,-4.105044510386,10.));
#6812 = VECTOR('',#6813,1.);
#6813 = DIRECTION('',(0.,-1.,0.));
#6814 = PLANE('',#6815);
#6815 = AXIS2_PLACEMENT_3D('',#6816,#6817,#6818);
#6816 = CARTESIAN_POINT('',(-1.987351732047,-4.105044510386,10.));
#6817 = DIRECTION('',(-1.,-0.,-0.));
#6818 = DIRECTION('',(0.,-1.,0.));
#6819 = ADVANCED_FACE('',(#6820),#6845,.F.);
#6820 = FACE_BOUND('',#6821,.F.);
#6821 = EDGE_LOOP('',(#6822,#6832,#6838,#6839));
#6822 = ORIENTED_EDGE('',*,*,#6823,.T.);
#6823 = EDGE_CURVE('',#6824,#6826,#6828,.T.);
#6824 = VERTEX_POINT('',#6825);
#6825 = CARTESIAN_POINT('',(-1.471587637092,-4.105044510386,10.));
#6826 = VERTEX_POINT('',#6827);
#6827 = CARTESIAN_POINT('',(-1.471587637092,-4.105044510386,9.6));
#6828 = LINE('',#6829,#6830);
#6829 = CARTESIAN_POINT('',(-1.471587637092,-4.105044510386,10.));
#6830 = VECTOR('',#6831,1.);
#6831 = DIRECTION('',(0.,0.,-1.));
#6832 = ORIENTED_EDGE('',*,*,#6833,.T.);
#6833 = EDGE_CURVE('',#6826,#6795,#6834,.T.);
#6834 = LINE('',#6835,#6836);
#6835 = CARTESIAN_POINT('',(-1.471587637092,-4.105044510386,9.6));
#6836 = VECTOR('',#6837,1.);
#6837 = DIRECTION('',(-1.,0.,0.));
#6838 = ORIENTED_EDGE('',*,*,#6792,.F.);
#6839 = ORIENTED_EDGE('',*,*,#6840,.F.);
#6840 = EDGE_CURVE('',#6824,#6793,#6841,.T.);
#6841 = LINE('',#6842,#6843);
#6842 = CARTESIAN_POINT('',(-1.471587637092,-4.105044510386,10.));
#6843 = VECTOR('',#6844,1.);
#6844 = DIRECTION('',(-1.,0.,0.));
#6845 = PLANE('',#6846);
#6846 = AXIS2_PLACEMENT_3D('',#6847,#6848,#6849);
#6847 = CARTESIAN_POINT('',(-1.471587637092,-4.105044510386,10.));
#6848 = DIRECTION('',(0.,1.,0.));
#6849 = DIRECTION('',(-1.,0.,0.));
#6850 = ADVANCED_FACE('',(#6851),#6876,.F.);
#6851 = FACE_BOUND('',#6852,.F.);
#6852 = EDGE_LOOP('',(#6853,#6863,#6869,#6870));
#6853 = ORIENTED_EDGE('',*,*,#6854,.T.);
#6854 = EDGE_CURVE('',#6855,#6857,#6859,.T.);
#6855 = VERTEX_POINT('',#6856);
#6856 = CARTESIAN_POINT('',(-0.948590604451,-5.084551186944,10.));
#6857 = VERTEX_POINT('',#6858);
#6858 = CARTESIAN_POINT('',(-0.948590604451,-5.084551186944,9.6));
#6859 = LINE('',#6860,#6861);
#6860 = CARTESIAN_POINT('',(-0.948590604451,-5.084551186944,10.));
#6861 = VECTOR('',#6862,1.);
#6862 = DIRECTION('',(0.,0.,-1.));
#6863 = ORIENTED_EDGE('',*,*,#6864,.T.);
#6864 = EDGE_CURVE('',#6857,#6826,#6865,.T.);
#6865 = LINE('',#6866,#6867);
#6866 = CARTESIAN_POINT('',(-0.948590604451,-5.084551186944,9.6));
#6867 = VECTOR('',#6868,1.);
#6868 = DIRECTION('',(-0.47100429513,0.88213091657,0.));
#6869 = ORIENTED_EDGE('',*,*,#6823,.F.);
#6870 = ORIENTED_EDGE('',*,*,#6871,.F.);
#6871 = EDGE_CURVE('',#6855,#6824,#6872,.T.);
#6872 = LINE('',#6873,#6874);
#6873 = CARTESIAN_POINT('',(-0.948590604451,-5.084551186944,10.));
#6874 = VECTOR('',#6875,1.);
#6875 = DIRECTION('',(-0.47100429513,0.88213091657,0.));
#6876 = PLANE('',#6877);
#6877 = AXIS2_PLACEMENT_3D('',#6878,#6879,#6880);
#6878 = CARTESIAN_POINT('',(-0.948590604451,-5.084551186944,10.));
#6879 = DIRECTION('',(0.88213091657,0.47100429513,0.));
#6880 = DIRECTION('',(-0.47100429513,0.88213091657,0.));
#6881 = ADVANCED_FACE('',(#6882),#6907,.F.);
#6882 = FACE_BOUND('',#6883,.F.);
#6883 = EDGE_LOOP('',(#6884,#6894,#6900,#6901));
#6884 = ORIENTED_EDGE('',*,*,#6885,.T.);
#6885 = EDGE_CURVE('',#6886,#6888,#6890,.T.);
#6886 = VERTEX_POINT('',#6887);
#6887 = CARTESIAN_POINT('',(-0.892952622255,-5.159384272997,10.));
#6888 = VERTEX_POINT('',#6889);
#6889 = CARTESIAN_POINT('',(-0.892952622255,-5.159384272997,9.6));
#6890 = LINE('',#6891,#6892);
#6891 = CARTESIAN_POINT('',(-0.892952622255,-5.159384272997,10.));
#6892 = VECTOR('',#6893,1.);
#6893 = DIRECTION('',(0.,0.,-1.));
#6894 = ORIENTED_EDGE('',*,*,#6895,.T.);
#6895 = EDGE_CURVE('',#6888,#6857,#6896,.T.);
#6896 = B_SPLINE_CURVE_WITH_KNOTS('',2,(#6897,#6898,#6899),
  .UNSPECIFIED.,.F.,.F.,(3,3),(0.,1.),.PIECEWISE_BEZIER_KNOTS.);
#6897 = CARTESIAN_POINT('',(-0.892952622255,-5.159384272997,9.6));
#6898 = CARTESIAN_POINT('',(-0.931481924926,-5.118768545994,9.6));
#6899 = CARTESIAN_POINT('',(-0.948590604451,-5.084551186944,9.6));
#6900 = ORIENTED_EDGE('',*,*,#6854,.F.);
#6901 = ORIENTED_EDGE('',*,*,#6902,.F.);
#6902 = EDGE_CURVE('',#6886,#6855,#6903,.T.);
#6903 = B_SPLINE_CURVE_WITH_KNOTS('',2,(#6904,#6905,#6906),
  .UNSPECIFIED.,.F.,.F.,(3,3),(0.,1.),.PIECEWISE_BEZIER_KNOTS.);
#6904 = CARTESIAN_POINT('',(-0.892952622255,-5.159384272997,10.));
#6905 = CARTESIAN_POINT('',(-0.931481924926,-5.118768545994,10.));
#6906 = CARTESIAN_POINT('',(-0.948590604451,-5.084551186944,10.));
#6907 = SURFACE_OF_LINEAR_EXTRUSION('',#6908,#6912);
#6908 = B_SPLINE_CURVE_WITH_KNOTS('',2,(#6909,#6910,#6911),
  .UNSPECIFIED.,.F.,.F.,(3,3),(0.,1.),.PIECEWISE_BEZIER_KNOTS.);
#6909 = CARTESIAN_POINT('',(-0.892952622255,-5.159384272997,10.));
#6910 = CARTESIAN_POINT('',(-0.931481924926,-5.118768545994,10.));
#6911 = CARTESIAN_POINT('',(-0.948590604451,-5.084551186944,10.));
#6912 = VECTOR('',#6913,1.);
#6913 = DIRECTION('',(-0.,-0.,1.));
#6914 = ADVANCED_FACE('',(#6915),#6940,.F.);
#6915 = FACE_BOUND('',#6916,.F.);
#6916 = EDGE_LOOP('',(#6917,#6927,#6933,#6934));
#6917 = ORIENTED_EDGE('',*,*,#6918,.T.);
#6918 = EDGE_CURVE('',#6919,#6921,#6923,.T.);
#6919 = VERTEX_POINT('',#6920);
#6920 = CARTESIAN_POINT('',(-0.777225619288,-5.2,10.));
#6921 = VERTEX_POINT('',#6922);
#6922 = CARTESIAN_POINT('',(-0.777225619288,-5.2,9.6));
#6923 = LINE('',#6924,#6925);
#6924 = CARTESIAN_POINT('',(-0.777225619288,-5.2,10.));
#6925 = VECTOR('',#6926,1.);
#6926 = DIRECTION('',(0.,0.,-1.));
#6927 = ORIENTED_EDGE('',*,*,#6928,.T.);
#6928 = EDGE_CURVE('',#6921,#6888,#6929,.T.);
#6929 = B_SPLINE_CURVE_WITH_KNOTS('',2,(#6930,#6931,#6932),
  .UNSPECIFIED.,.F.,.F.,(3,3),(0.,1.),.PIECEWISE_BEZIER_KNOTS.);
#6930 = CARTESIAN_POINT('',(-0.777225619288,-5.2,9.6));
#6931 = CARTESIAN_POINT('',(-0.854284224629,-5.2,9.6));
#6932 = CARTESIAN_POINT('',(-0.892952622255,-5.159384272997,9.6));
#6933 = ORIENTED_EDGE('',*,*,#6885,.F.);
#6934 = ORIENTED_EDGE('',*,*,#6935,.F.);
#6935 = EDGE_CURVE('',#6919,#6886,#6936,.T.);
#6936 = B_SPLINE_CURVE_WITH_KNOTS('',2,(#6937,#6938,#6939),
  .UNSPECIFIED.,.F.,.F.,(3,3),(0.,1.),.PIECEWISE_BEZIER_KNOTS.);
#6937 = CARTESIAN_POINT('',(-0.777225619288,-5.2,10.));
#6938 = CARTESIAN_POINT('',(-0.854284224629,-5.2,10.));
#6939 = CARTESIAN_POINT('',(-0.892952622255,-5.159384272997,10.));
#6940 = SURFACE_OF_LINEAR_EXTRUSION('',#6941,#6945);
#6941 = B_SPLINE_CURVE_WITH_KNOTS('',2,(#6942,#6943,#6944),
  .UNSPECIFIED.,.F.,.F.,(3,3),(0.,1.),.PIECEWISE_BEZIER_KNOTS.);
#6942 = CARTESIAN_POINT('',(-0.777225619288,-5.2,10.));
#6943 = CARTESIAN_POINT('',(-0.854284224629,-5.2,10.));
#6944 = CARTESIAN_POINT('',(-0.892952622255,-5.159384272997,10.));
#6945 = VECTOR('',#6946,1.);
#6946 = DIRECTION('',(-0.,-0.,1.));
#6947 = ADVANCED_FACE('',(#6948),#6973,.F.);
#6948 = FACE_BOUND('',#6949,.F.);
#6949 = EDGE_LOOP('',(#6950,#6960,#6966,#6967));
#6950 = ORIENTED_EDGE('',*,*,#6951,.T.);
#6951 = EDGE_CURVE('',#6952,#6954,#6956,.T.);
#6952 = VERTEX_POINT('',#6953);
#6953 = CARTESIAN_POINT('',(-0.301520871513,-5.2,10.));
#6954 = VERTEX_POINT('',#6955);
#6955 = CARTESIAN_POINT('',(-0.301520871513,-5.2,9.6));
#6956 = LINE('',#6957,#6958);
#6957 = CARTESIAN_POINT('',(-0.301520871513,-5.2,10.));
#6958 = VECTOR('',#6959,1.);
#6959 = DIRECTION('',(0.,0.,-1.));
#6960 = ORIENTED_EDGE('',*,*,#6961,.T.);
#6961 = EDGE_CURVE('',#6954,#6921,#6962,.T.);
#6962 = LINE('',#6963,#6964);
#6963 = CARTESIAN_POINT('',(-0.301520871513,-5.2,9.6));
#6964 = VECTOR('',#6965,1.);
#6965 = DIRECTION('',(-1.,0.,0.));
#6966 = ORIENTED_EDGE('',*,*,#6918,.F.);
#6967 = ORIENTED_EDGE('',*,*,#6968,.F.);
#6968 = EDGE_CURVE('',#6952,#6919,#6969,.T.);
#6969 = LINE('',#6970,#6971);
#6970 = CARTESIAN_POINT('',(-0.301520871513,-5.2,10.));
#6971 = VECTOR('',#6972,1.);
#6972 = DIRECTION('',(-1.,0.,0.));
#6973 = PLANE('',#6974);
#6974 = AXIS2_PLACEMENT_3D('',#6975,#6976,#6977);
#6975 = CARTESIAN_POINT('',(-0.301520871513,-5.2,10.));
#6976 = DIRECTION('',(0.,1.,0.));
#6977 = DIRECTION('',(-1.,0.,0.));
#6978 = ADVANCED_FACE('',(#6979),#7004,.F.);
#6979 = FACE_BOUND('',#6980,.F.);
#6980 = EDGE_LOOP('',(#6981,#6991,#6997,#6998));
#6981 = ORIENTED_EDGE('',*,*,#6982,.T.);
#6982 = EDGE_CURVE('',#6983,#6985,#6987,.T.);
#6983 = VERTEX_POINT('',#6984);
#6984 = CARTESIAN_POINT('',(-0.237119907122,-5.172320103858,10.));
#6985 = VERTEX_POINT('',#6986);
#6986 = CARTESIAN_POINT('',(-0.237119907122,-5.172320103858,9.6));
#6987 = LINE('',#6988,#6989);
#6988 = CARTESIAN_POINT('',(-0.237119907122,-5.172320103858,10.));
#6989 = VECTOR('',#6990,1.);
#6990 = DIRECTION('',(0.,0.,-1.));
#6991 = ORIENTED_EDGE('',*,*,#6992,.T.);
#6992 = EDGE_CURVE('',#6985,#6954,#6993,.T.);
#6993 = B_SPLINE_CURVE_WITH_KNOTS('',2,(#6994,#6995,#6996),
  .UNSPECIFIED.,.F.,.F.,(3,3),(0.,1.),.PIECEWISE_BEZIER_KNOTS.);
#6994 = CARTESIAN_POINT('',(-0.237119907122,-5.172320103858,9.6));
#6995 = CARTESIAN_POINT('',(-0.262852473887,-5.2,9.6));
#6996 = CARTESIAN_POINT('',(-0.301520871513,-5.2,9.6));
#6997 = ORIENTED_EDGE('',*,*,#6951,.F.);
#6998 = ORIENTED_EDGE('',*,*,#6999,.F.);
#6999 = EDGE_CURVE('',#6983,#6952,#7000,.T.);
#7000 = B_SPLINE_CURVE_WITH_KNOTS('',2,(#7001,#7002,#7003),
  .UNSPECIFIED.,.F.,.F.,(3,3),(0.,1.),.PIECEWISE_BEZIER_KNOTS.);
#7001 = CARTESIAN_POINT('',(-0.237119907122,-5.172320103858,10.));
#7002 = CARTESIAN_POINT('',(-0.262852473887,-5.2,10.));
#7003 = CARTESIAN_POINT('',(-0.301520871513,-5.2,10.));
#7004 = SURFACE_OF_LINEAR_EXTRUSION('',#7005,#7009);
#7005 = B_SPLINE_CURVE_WITH_KNOTS('',2,(#7006,#7007,#7008),
  .UNSPECIFIED.,.F.,.F.,(3,3),(0.,1.),.PIECEWISE_BEZIER_KNOTS.);
#7006 = CARTESIAN_POINT('',(-0.237119907122,-5.172320103858,10.));
#7007 = CARTESIAN_POINT('',(-0.262852473887,-5.2,10.));
#7008 = CARTESIAN_POINT('',(-0.301520871513,-5.2,10.));
#7009 = VECTOR('',#7010,1.);
#7010 = DIRECTION('',(-0.,-0.,1.));
#7011 = ADVANCED_FACE('',(#7012),#7037,.F.);
#7012 = FACE_BOUND('',#7013,.F.);
#7013 = EDGE_LOOP('',(#7014,#7024,#7030,#7031));
#7014 = ORIENTED_EDGE('',*,*,#7015,.T.);
#7015 = EDGE_CURVE('',#7016,#7018,#7020,.T.);
#7016 = VERTEX_POINT('',#7017);
#7017 = CARTESIAN_POINT('',(-0.211387340356,-5.110144658754,10.));
#7018 = VERTEX_POINT('',#7019);
#7019 = CARTESIAN_POINT('',(-0.211387340356,-5.110144658754,9.6));
#7020 = LINE('',#7021,#7022);
#7021 = CARTESIAN_POINT('',(-0.211387340356,-5.110144658754,10.));
#7022 = VECTOR('',#7023,1.);
#7023 = DIRECTION('',(0.,0.,-1.));
#7024 = ORIENTED_EDGE('',*,*,#7025,.T.);
#7025 = EDGE_CURVE('',#7018,#6985,#7026,.T.);
#7026 = B_SPLINE_CURVE_WITH_KNOTS('',2,(#7027,#7028,#7029),
  .UNSPECIFIED.,.F.,.F.,(3,3),(0.,1.),.PIECEWISE_BEZIER_KNOTS.);
#7027 = CARTESIAN_POINT('',(-0.211387340356,-5.110144658754,9.6));
#7028 = CARTESIAN_POINT('',(-0.211387340356,-5.14450111276,9.6));
#7029 = CARTESIAN_POINT('',(-0.237119907122,-5.172320103858,9.6));
#7030 = ORIENTED_EDGE('',*,*,#6982,.F.);
#7031 = ORIENTED_EDGE('',*,*,#7032,.F.);
#7032 = EDGE_CURVE('',#7016,#6983,#7033,.T.);
#7033 = B_SPLINE_CURVE_WITH_KNOTS('',2,(#7034,#7035,#7036),
  .UNSPECIFIED.,.F.,.F.,(3,3),(0.,1.),.PIECEWISE_BEZIER_KNOTS.);
#7034 = CARTESIAN_POINT('',(-0.211387340356,-5.110144658754,10.));
#7035 = CARTESIAN_POINT('',(-0.211387340356,-5.14450111276,10.));
#7036 = CARTESIAN_POINT('',(-0.237119907122,-5.172320103858,10.));
#7037 = SURFACE_OF_LINEAR_EXTRUSION('',#7038,#7042);
#7038 = B_SPLINE_CURVE_WITH_KNOTS('',2,(#7039,#7040,#7041),
  .UNSPECIFIED.,.F.,.F.,(3,3),(0.,1.),.PIECEWISE_BEZIER_KNOTS.);
#7039 = CARTESIAN_POINT('',(-0.211387340356,-5.110144658754,10.));
#7040 = CARTESIAN_POINT('',(-0.211387340356,-5.14450111276,10.));
#7041 = CARTESIAN_POINT('',(-0.237119907122,-5.172320103858,10.));
#7042 = VECTOR('',#7043,1.);
#7043 = DIRECTION('',(-0.,-0.,1.));
#7044 = ADVANCED_FACE('',(#7045),#7070,.F.);
#7045 = FACE_BOUND('',#7046,.F.);
#7046 = EDGE_LOOP('',(#7047,#7057,#7063,#7064));
#7047 = ORIENTED_EDGE('',*,*,#7048,.T.);
#7048 = EDGE_CURVE('',#7049,#7051,#7053,.T.);
#7049 = VERTEX_POINT('',#7050);
#7050 = CARTESIAN_POINT('',(-0.224462266172,-5.063130563798,10.));
#7051 = VERTEX_POINT('',#7052);
#7052 = CARTESIAN_POINT('',(-0.224462266172,-5.063130563798,9.6));
#7053 = LINE('',#7054,#7055);
#7054 = CARTESIAN_POINT('',(-0.224462266172,-5.063130563798,10.));
#7055 = VECTOR('',#7056,1.);
#7056 = DIRECTION('',(0.,0.,-1.));
#7057 = ORIENTED_EDGE('',*,*,#7058,.T.);
#7058 = EDGE_CURVE('',#7051,#7018,#7059,.T.);
#7059 = B_SPLINE_CURVE_WITH_KNOTS('',2,(#7060,#7061,#7062),
  .UNSPECIFIED.,.F.,.F.,(3,3),(0.,1.),.PIECEWISE_BEZIER_KNOTS.);
#7060 = CARTESIAN_POINT('',(-0.224462266172,-5.063130563798,9.6));
#7061 = CARTESIAN_POINT('',(-0.211387340356,-5.088724035608,9.6));
#7062 = CARTESIAN_POINT('',(-0.211387340356,-5.110144658754,9.6));
#7063 = ORIENTED_EDGE('',*,*,#7015,.F.);
#7064 = ORIENTED_EDGE('',*,*,#7065,.F.);
#7065 = EDGE_CURVE('',#7049,#7016,#7066,.T.);
#7066 = B_SPLINE_CURVE_WITH_KNOTS('',2,(#7067,#7068,#7069),
  .UNSPECIFIED.,.F.,.F.,(3,3),(0.,1.),.PIECEWISE_BEZIER_KNOTS.);
#7067 = CARTESIAN_POINT('',(-0.224462266172,-5.063130563798,10.));
#7068 = CARTESIAN_POINT('',(-0.211387340356,-5.088724035608,10.));
#7069 = CARTESIAN_POINT('',(-0.211387340356,-5.110144658754,10.));
#7070 = SURFACE_OF_LINEAR_EXTRUSION('',#7071,#7075);
#7071 = B_SPLINE_CURVE_WITH_KNOTS('',2,(#7072,#7073,#7074),
  .UNSPECIFIED.,.F.,.F.,(3,3),(0.,1.),.PIECEWISE_BEZIER_KNOTS.);
#7072 = CARTESIAN_POINT('',(-0.224462266172,-5.063130563798,10.));
#7073 = CARTESIAN_POINT('',(-0.211387340356,-5.088724035608,10.));
#7074 = CARTESIAN_POINT('',(-0.211387340356,-5.110144658754,10.));
#7075 = VECTOR('',#7076,1.);
#7076 = DIRECTION('',(-0.,-0.,1.));
#7077 = ADVANCED_FACE('',(#7078),#7103,.F.);
#7078 = FACE_BOUND('',#7079,.F.);
#7079 = EDGE_LOOP('',(#7080,#7090,#7096,#7097));
#7080 = ORIENTED_EDGE('',*,*,#7081,.T.);
#7081 = EDGE_CURVE('',#7082,#7084,#7086,.T.);
#7082 = VERTEX_POINT('',#7083);
#7083 = CARTESIAN_POINT('',(-0.831333556973,-3.99390764095,10.));
#7084 = VERTEX_POINT('',#7085);
#7085 = CARTESIAN_POINT('',(-0.831333556973,-3.99390764095,9.6));
#7086 = LINE('',#7087,#7088);
#7087 = CARTESIAN_POINT('',(-0.831333556973,-3.99390764095,10.));
#7088 = VECTOR('',#7089,1.);
#7089 = DIRECTION('',(0.,0.,-1.));
#7090 = ORIENTED_EDGE('',*,*,#7091,.T.);
#7091 = EDGE_CURVE('',#7084,#7051,#7092,.T.);
#7092 = LINE('',#7093,#7094);
#7093 = CARTESIAN_POINT('',(-0.831333556973,-3.99390764095,9.6));
#7094 = VECTOR('',#7095,1.);
#7095 = DIRECTION('',(0.493614770375,-0.869680664651,0.));
#7096 = ORIENTED_EDGE('',*,*,#7048,.F.);
#7097 = ORIENTED_EDGE('',*,*,#7098,.F.);
#7098 = EDGE_CURVE('',#7082,#7049,#7099,.T.);
#7099 = LINE('',#7100,#7101);
#7100 = CARTESIAN_POINT('',(-0.831333556973,-3.99390764095,10.));
#7101 = VECTOR('',#7102,1.);
#7102 = DIRECTION('',(0.493614770375,-0.869680664651,0.));
#7103 = PLANE('',#7104);
#7104 = AXIS2_PLACEMENT_3D('',#7105,#7106,#7107);
#7105 = CARTESIAN_POINT('',(-0.831333556973,-3.99390764095,10.));
#7106 = DIRECTION('',(-0.869680664651,-0.493614770375,-0.));
#7107 = DIRECTION('',(0.493614770375,-0.869680664651,0.));
#7108 = ADVANCED_FACE('',(#7109),#7134,.F.);
#7109 = FACE_BOUND('',#7110,.F.);
#7110 = EDGE_LOOP('',(#7111,#7121,#7127,#7128));
#7111 = ORIENTED_EDGE('',*,*,#7112,.T.);
#7112 = EDGE_CURVE('',#7113,#7115,#7117,.T.);
#7113 = VERTEX_POINT('',#7114);
#7114 = CARTESIAN_POINT('',(-0.42837547092,-3.680665801187,10.));
#7115 = VERTEX_POINT('',#7116);
#7116 = CARTESIAN_POINT('',(-0.42837547092,-3.680665801187,9.6));
#7117 = LINE('',#7118,#7119);
#7118 = CARTESIAN_POINT('',(-0.42837547092,-3.680665801187,10.));
#7119 = VECTOR('',#7120,1.);
#7120 = DIRECTION('',(0.,0.,-1.));
#7121 = ORIENTED_EDGE('',*,*,#7122,.T.);
#7122 = EDGE_CURVE('',#7115,#7084,#7123,.T.);
#7123 = B_SPLINE_CURVE_WITH_KNOTS('',2,(#7124,#7125,#7126),
  .UNSPECIFIED.,.F.,.F.,(3,3),(0.,1.),.PIECEWISE_BEZIER_KNOTS.);
#7124 = CARTESIAN_POINT('',(-0.42837547092,-3.680665801187,9.6));
#7125 = CARTESIAN_POINT('',(-0.578458927893,-3.890977373887,9.6));
#7126 = CARTESIAN_POINT('',(-0.831333556973,-3.99390764095,9.6));
#7127 = ORIENTED_EDGE('',*,*,#7081,.F.);
#7128 = ORIENTED_EDGE('',*,*,#7129,.F.);
#7129 = EDGE_CURVE('',#7113,#7082,#7130,.T.);
#7130 = B_SPLINE_CURVE_WITH_KNOTS('',2,(#7131,#7132,#7133),
  .UNSPECIFIED.,.F.,.F.,(3,3),(0.,1.),.PIECEWISE_BEZIER_KNOTS.);
#7131 = CARTESIAN_POINT('',(-0.42837547092,-3.680665801187,10.));
#7132 = CARTESIAN_POINT('',(-0.578458927893,-3.890977373887,10.));
#7133 = CARTESIAN_POINT('',(-0.831333556973,-3.99390764095,10.));
#7134 = SURFACE_OF_LINEAR_EXTRUSION('',#7135,#7139);
#7135 = B_SPLINE_CURVE_WITH_KNOTS('',2,(#7136,#7137,#7138),
  .UNSPECIFIED.,.F.,.F.,(3,3),(0.,1.),.PIECEWISE_BEZIER_KNOTS.);
#7136 = CARTESIAN_POINT('',(-0.42837547092,-3.680665801187,10.));
#7137 = CARTESIAN_POINT('',(-0.578458927893,-3.890977373887,10.));
#7138 = CARTESIAN_POINT('',(-0.831333556973,-3.99390764095,10.));
#7139 = VECTOR('',#7140,1.);
#7140 = DIRECTION('',(-0.,-0.,1.));
#7141 = ADVANCED_FACE('',(#7142),#7167,.F.);
#7142 = FACE_BOUND('',#7143,.F.);
#7143 = EDGE_LOOP('',(#7144,#7154,#7160,#7161));
#7144 = ORIENTED_EDGE('',*,*,#7145,.T.);
#7145 = EDGE_CURVE('',#7146,#7148,#7150,.T.);
#7146 = VERTEX_POINT('',#7147);
#7147 = CARTESIAN_POINT('',(-0.278152918991,-3.156973293769,10.));
#7148 = VERTEX_POINT('',#7149);
#7149 = CARTESIAN_POINT('',(-0.278152918991,-3.156973293769,9.6));
#7150 = LINE('',#7151,#7152);
#7151 = CARTESIAN_POINT('',(-0.278152918991,-3.156973293769,10.));
#7152 = VECTOR('',#7153,1.);
#7153 = DIRECTION('',(0.,0.,-1.));
#7154 = ORIENTED_EDGE('',*,*,#7155,.T.);
#7155 = EDGE_CURVE('',#7148,#7115,#7156,.T.);
#7156 = B_SPLINE_CURVE_WITH_KNOTS('',2,(#7157,#7158,#7159),
  .UNSPECIFIED.,.F.,.F.,(3,3),(0.,1.),.PIECEWISE_BEZIER_KNOTS.);
#7157 = CARTESIAN_POINT('',(-0.278152918991,-3.156973293769,9.6));
#7158 = CARTESIAN_POINT('',(-0.278152918991,-3.470215133531,9.6));
#7159 = CARTESIAN_POINT('',(-0.42837547092,-3.680665801187,9.6));
#7160 = ORIENTED_EDGE('',*,*,#7112,.F.);
#7161 = ORIENTED_EDGE('',*,*,#7162,.F.);
#7162 = EDGE_CURVE('',#7146,#7113,#7163,.T.);
#7163 = B_SPLINE_CURVE_WITH_KNOTS('',2,(#7164,#7165,#7166),
  .UNSPECIFIED.,.F.,.F.,(3,3),(0.,1.),.PIECEWISE_BEZIER_KNOTS.);
#7164 = CARTESIAN_POINT('',(-0.278152918991,-3.156973293769,10.));
#7165 = CARTESIAN_POINT('',(-0.278152918991,-3.470215133531,10.));
#7166 = CARTESIAN_POINT('',(-0.42837547092,-3.680665801187,10.));
#7167 = SURFACE_OF_LINEAR_EXTRUSION('',#7168,#7172);
#7168 = B_SPLINE_CURVE_WITH_KNOTS('',2,(#7169,#7170,#7171),
  .UNSPECIFIED.,.F.,.F.,(3,3),(0.,1.),.PIECEWISE_BEZIER_KNOTS.);
#7169 = CARTESIAN_POINT('',(-0.278152918991,-3.156973293769,10.));
#7170 = CARTESIAN_POINT('',(-0.278152918991,-3.470215133531,10.));
#7171 = CARTESIAN_POINT('',(-0.42837547092,-3.680665801187,10.));
#7172 = VECTOR('',#7173,1.);
#7173 = DIRECTION('',(-0.,-0.,1.));
#7174 = ADVANCED_FACE('',(#7175),#7200,.F.);
#7175 = FACE_BOUND('',#7176,.F.);
#7176 = EDGE_LOOP('',(#7177,#7187,#7193,#7194));
#7177 = ORIENTED_EDGE('',*,*,#7178,.T.);
#7178 = EDGE_CURVE('',#7179,#7181,#7183,.T.);
#7179 = VERTEX_POINT('',#7180);
#7180 = CARTESIAN_POINT('',(-0.585552770623,-2.446754451039,10.));
#7181 = VERTEX_POINT('',#7182);
#7182 = CARTESIAN_POINT('',(-0.585552770623,-2.446754451039,9.6));
#7183 = LINE('',#7184,#7185);
#7184 = CARTESIAN_POINT('',(-0.585552770623,-2.446754451039,10.));
#7185 = VECTOR('',#7186,1.);
#7186 = DIRECTION('',(0.,0.,-1.));
#7187 = ORIENTED_EDGE('',*,*,#7188,.T.);
#7188 = EDGE_CURVE('',#7181,#7148,#7189,.T.);
#7189 = B_SPLINE_CURVE_WITH_KNOTS('',2,(#7190,#7191,#7192),
  .UNSPECIFIED.,.F.,.F.,(3,3),(0.,1.),.PIECEWISE_BEZIER_KNOTS.);
#7190 = CARTESIAN_POINT('',(-0.585552770623,-2.446754451039,9.6));
#7191 = CARTESIAN_POINT('',(-0.278152918991,-2.693508902077,9.6));
#7192 = CARTESIAN_POINT('',(-0.278152918991,-3.156973293769,9.6));
#7193 = ORIENTED_EDGE('',*,*,#7145,.F.);
#7194 = ORIENTED_EDGE('',*,*,#7195,.F.);
#7195 = EDGE_CURVE('',#7179,#7146,#7196,.T.);
#7196 = B_SPLINE_CURVE_WITH_KNOTS('',2,(#7197,#7198,#7199),
  .UNSPECIFIED.,.F.,.F.,(3,3),(0.,1.),.PIECEWISE_BEZIER_KNOTS.);
#7197 = CARTESIAN_POINT('',(-0.585552770623,-2.446754451039,10.));
#7198 = CARTESIAN_POINT('',(-0.278152918991,-2.693508902077,10.));
#7199 = CARTESIAN_POINT('',(-0.278152918991,-3.156973293769,10.));
#7200 = SURFACE_OF_LINEAR_EXTRUSION('',#7201,#7205);
#7201 = B_SPLINE_CURVE_WITH_KNOTS('',2,(#7202,#7203,#7204),
  .UNSPECIFIED.,.F.,.F.,(3,3),(0.,1.),.PIECEWISE_BEZIER_KNOTS.);
#7202 = CARTESIAN_POINT('',(-0.585552770623,-2.446754451039,10.));
#7203 = CARTESIAN_POINT('',(-0.278152918991,-2.693508902077,10.));
#7204 = CARTESIAN_POINT('',(-0.278152918991,-3.156973293769,10.));
#7205 = VECTOR('',#7206,1.);
#7206 = DIRECTION('',(-0.,-0.,1.));
#7207 = ADVANCED_FACE('',(#7208),#7233,.F.);
#7208 = FACE_BOUND('',#7209,.F.);
#7209 = EDGE_LOOP('',(#7210,#7220,#7226,#7227));
#7210 = ORIENTED_EDGE('',*,*,#7211,.T.);
#7211 = EDGE_CURVE('',#7212,#7214,#7216,.T.);
#7212 = VERTEX_POINT('',#7213);
#7213 = CARTESIAN_POINT('',(-1.426242681602,-2.2,10.));
#7214 = VERTEX_POINT('',#7215);
#7215 = CARTESIAN_POINT('',(-1.426242681602,-2.2,9.6));
#7216 = LINE('',#7217,#7218);
#7217 = CARTESIAN_POINT('',(-1.426242681602,-2.2,10.));
#7218 = VECTOR('',#7219,1.);
#7219 = DIRECTION('',(0.,0.,-1.));
#7220 = ORIENTED_EDGE('',*,*,#7221,.T.);
#7221 = EDGE_CURVE('',#7214,#7181,#7222,.T.);
#7222 = B_SPLINE_CURVE_WITH_KNOTS('',2,(#7223,#7224,#7225),
  .UNSPECIFIED.,.F.,.F.,(3,3),(0.,1.),.PIECEWISE_BEZIER_KNOTS.);
#7223 = CARTESIAN_POINT('',(-1.426242681602,-2.2,9.6));
#7224 = CARTESIAN_POINT('',(-0.8928135273,-2.2,9.6));
#7225 = CARTESIAN_POINT('',(-0.585552770623,-2.446754451039,9.6));
#7226 = ORIENTED_EDGE('',*,*,#7178,.F.);
#7227 = ORIENTED_EDGE('',*,*,#7228,.F.);
#7228 = EDGE_CURVE('',#7212,#7179,#7229,.T.);
#7229 = B_SPLINE_CURVE_WITH_KNOTS('',2,(#7230,#7231,#7232),
  .UNSPECIFIED.,.F.,.F.,(3,3),(0.,1.),.PIECEWISE_BEZIER_KNOTS.);
#7230 = CARTESIAN_POINT('',(-1.426242681602,-2.2,10.));
#7231 = CARTESIAN_POINT('',(-0.8928135273,-2.2,10.));
#7232 = CARTESIAN_POINT('',(-0.585552770623,-2.446754451039,10.));
#7233 = SURFACE_OF_LINEAR_EXTRUSION('',#7234,#7238);
#7234 = B_SPLINE_CURVE_WITH_KNOTS('',2,(#7235,#7236,#7237),
  .UNSPECIFIED.,.F.,.F.,(3,3),(0.,1.),.PIECEWISE_BEZIER_KNOTS.);
#7235 = CARTESIAN_POINT('',(-1.426242681602,-2.2,10.));
#7236 = CARTESIAN_POINT('',(-0.8928135273,-2.2,10.));
#7237 = CARTESIAN_POINT('',(-0.585552770623,-2.446754451039,10.));
#7238 = VECTOR('',#7239,1.);
#7239 = DIRECTION('',(-0.,-0.,1.));
#7240 = ADVANCED_FACE('',(#7241),#7266,.F.);
#7241 = FACE_BOUND('',#7242,.F.);
#7242 = EDGE_LOOP('',(#7243,#7253,#7259,#7260));
#7243 = ORIENTED_EDGE('',*,*,#7244,.T.);
#7244 = EDGE_CURVE('',#7245,#7247,#7249,.T.);
#7245 = VERTEX_POINT('',#7246);
#7246 = CARTESIAN_POINT('',(-2.557223764688,-2.2,10.));
#7247 = VERTEX_POINT('',#7248);
#7248 = CARTESIAN_POINT('',(-2.557223764688,-2.2,9.6));
#7249 = LINE('',#7250,#7251);
#7250 = CARTESIAN_POINT('',(-2.557223764688,-2.2,10.));
#7251 = VECTOR('',#7252,1.);
#7252 = DIRECTION('',(0.,0.,-1.));
#7253 = ORIENTED_EDGE('',*,*,#7254,.T.);
#7254 = EDGE_CURVE('',#7247,#7214,#7255,.T.);
#7255 = LINE('',#7256,#7257);
#7256 = CARTESIAN_POINT('',(-2.557223764688,-2.2,9.6));
#7257 = VECTOR('',#7258,1.);
#7258 = DIRECTION('',(1.,0.,0.));
#7259 = ORIENTED_EDGE('',*,*,#7211,.F.);
#7260 = ORIENTED_EDGE('',*,*,#7261,.F.);
#7261 = EDGE_CURVE('',#7245,#7212,#7262,.T.);
#7262 = LINE('',#7263,#7264);
#7263 = CARTESIAN_POINT('',(-2.557223764688,-2.2,10.));
#7264 = VECTOR('',#7265,1.);
#7265 = DIRECTION('',(1.,0.,0.));
#7266 = PLANE('',#7267);
#7267 = AXIS2_PLACEMENT_3D('',#7268,#7269,#7270);
#7268 = CARTESIAN_POINT('',(-2.557223764688,-2.2,10.));
#7269 = DIRECTION('',(0.,-1.,0.));
#7270 = DIRECTION('',(1.,0.,0.));
#7271 = ADVANCED_FACE('',(#7272),#7297,.F.);
#7272 = FACE_BOUND('',#7273,.F.);
#7273 = EDGE_LOOP('',(#7274,#7284,#7290,#7291));
#7274 = ORIENTED_EDGE('',*,*,#7275,.T.);
#7275 = EDGE_CURVE('',#7276,#7278,#7280,.T.);
#7276 = VERTEX_POINT('',#7277);
#7277 = CARTESIAN_POINT('',(-2.634143275074,-2.230044510386,10.));
#7278 = VERTEX_POINT('',#7279);
#7279 = CARTESIAN_POINT('',(-2.634143275074,-2.230044510386,9.6));
#7280 = LINE('',#7281,#7282);
#7281 = CARTESIAN_POINT('',(-2.634143275074,-2.230044510386,10.));
#7282 = VECTOR('',#7283,1.);
#7283 = DIRECTION('',(0.,0.,-1.));
#7284 = ORIENTED_EDGE('',*,*,#7285,.T.);
#7285 = EDGE_CURVE('',#7278,#7247,#7286,.T.);
#7286 = B_SPLINE_CURVE_WITH_KNOTS('',2,(#7287,#7288,#7289),
  .UNSPECIFIED.,.F.,.F.,(3,3),(0.,1.),.PIECEWISE_BEZIER_KNOTS.);
#7287 = CARTESIAN_POINT('',(-2.634143275074,-2.230044510386,9.6));
#7288 = CARTESIAN_POINT('',(-2.604237859644,-2.2,9.6));
#7289 = CARTESIAN_POINT('',(-2.557223764688,-2.2,9.6));
#7290 = ORIENTED_EDGE('',*,*,#7244,.F.);
#7291 = ORIENTED_EDGE('',*,*,#7292,.F.);
#7292 = EDGE_CURVE('',#7276,#7245,#7293,.T.);
#7293 = B_SPLINE_CURVE_WITH_KNOTS('',2,(#7294,#7295,#7296),
  .UNSPECIFIED.,.F.,.F.,(3,3),(0.,1.),.PIECEWISE_BEZIER_KNOTS.);
#7294 = CARTESIAN_POINT('',(-2.634143275074,-2.230044510386,10.));
#7295 = CARTESIAN_POINT('',(-2.604237859644,-2.2,10.));
#7296 = CARTESIAN_POINT('',(-2.557223764688,-2.2,10.));
#7297 = SURFACE_OF_LINEAR_EXTRUSION('',#7298,#7302);
#7298 = B_SPLINE_CURVE_WITH_KNOTS('',2,(#7299,#7300,#7301),
  .UNSPECIFIED.,.F.,.F.,(3,3),(0.,1.),.PIECEWISE_BEZIER_KNOTS.);
#7299 = CARTESIAN_POINT('',(-2.634143275074,-2.230044510386,10.));
#7300 = CARTESIAN_POINT('',(-2.604237859644,-2.2,10.));
#7301 = CARTESIAN_POINT('',(-2.557223764688,-2.2,10.));
#7302 = VECTOR('',#7303,1.);
#7303 = DIRECTION('',(-0.,-0.,1.));
#7304 = ADVANCED_FACE('',(#7305),#7330,.F.);
#7305 = FACE_BOUND('',#7306,.F.);
#7306 = EDGE_LOOP('',(#7307,#7317,#7323,#7324));
#7307 = ORIENTED_EDGE('',*,*,#7308,.T.);
#7308 = EDGE_CURVE('',#7309,#7311,#7313,.T.);
#7309 = VERTEX_POINT('',#7310);
#7310 = CARTESIAN_POINT('',(-2.663909595549,-2.307103115727,10.));
#7311 = VERTEX_POINT('',#7312);
#7312 = CARTESIAN_POINT('',(-2.663909595549,-2.307103115727,9.6));
#7313 = LINE('',#7314,#7315);
#7314 = CARTESIAN_POINT('',(-2.663909595549,-2.307103115727,10.));
#7315 = VECTOR('',#7316,1.);
#7316 = DIRECTION('',(0.,0.,-1.));
#7317 = ORIENTED_EDGE('',*,*,#7318,.T.);
#7318 = EDGE_CURVE('',#7311,#7278,#7319,.T.);
#7319 = B_SPLINE_CURVE_WITH_KNOTS('',2,(#7320,#7321,#7322),
  .UNSPECIFIED.,.F.,.F.,(3,3),(0.,1.),.PIECEWISE_BEZIER_KNOTS.);
#7320 = CARTESIAN_POINT('',(-2.663909595549,-2.307103115727,9.6));
#7321 = CARTESIAN_POINT('',(-2.663909595549,-2.259949925816,9.6));
#7322 = CARTESIAN_POINT('',(-2.634143275074,-2.230044510386,9.6));
#7323 = ORIENTED_EDGE('',*,*,#7275,.F.);
#7324 = ORIENTED_EDGE('',*,*,#7325,.F.);
#7325 = EDGE_CURVE('',#7309,#7276,#7326,.T.);
#7326 = B_SPLINE_CURVE_WITH_KNOTS('',2,(#7327,#7328,#7329),
  .UNSPECIFIED.,.F.,.F.,(3,3),(0.,1.),.PIECEWISE_BEZIER_KNOTS.);
#7327 = CARTESIAN_POINT('',(-2.663909595549,-2.307103115727,10.));
#7328 = CARTESIAN_POINT('',(-2.663909595549,-2.259949925816,10.));
#7329 = CARTESIAN_POINT('',(-2.634143275074,-2.230044510386,10.));
#7330 = SURFACE_OF_LINEAR_EXTRUSION('',#7331,#7335);
#7331 = B_SPLINE_CURVE_WITH_KNOTS('',2,(#7332,#7333,#7334),
  .UNSPECIFIED.,.F.,.F.,(3,3),(0.,1.),.PIECEWISE_BEZIER_KNOTS.);
#7332 = CARTESIAN_POINT('',(-2.663909595549,-2.307103115727,10.));
#7333 = CARTESIAN_POINT('',(-2.663909595549,-2.259949925816,10.));
#7334 = CARTESIAN_POINT('',(-2.634143275074,-2.230044510386,10.));
#7335 = VECTOR('',#7336,1.);
#7336 = DIRECTION('',(-0.,-0.,1.));
#7337 = ADVANCED_FACE('',(#7338),#7363,.F.);
#7338 = FACE_BOUND('',#7339,.F.);
#7339 = EDGE_LOOP('',(#7340,#7350,#7356,#7357));
#7340 = ORIENTED_EDGE('',*,*,#7341,.T.);
#7341 = EDGE_CURVE('',#7342,#7344,#7346,.T.);
#7342 = VERTEX_POINT('',#7343);
#7343 = CARTESIAN_POINT('',(-2.663909595549,-5.092757789318,10.));
#7344 = VERTEX_POINT('',#7345);
#7345 = CARTESIAN_POINT('',(-2.663909595549,-5.092757789318,9.6));
#7346 = LINE('',#7347,#7348);
#7347 = CARTESIAN_POINT('',(-2.663909595549,-5.092757789318,10.));
#7348 = VECTOR('',#7349,1.);
#7349 = DIRECTION('',(0.,0.,-1.));
#7350 = ORIENTED_EDGE('',*,*,#7351,.T.);
#7351 = EDGE_CURVE('',#7344,#7311,#7352,.T.);
#7352 = LINE('',#7353,#7354);
#7353 = CARTESIAN_POINT('',(-2.663909595549,-5.092757789318,9.6));
#7354 = VECTOR('',#7355,1.);
#7355 = DIRECTION('',(0.,1.,0.));
#7356 = ORIENTED_EDGE('',*,*,#7308,.F.);
#7357 = ORIENTED_EDGE('',*,*,#7358,.F.);
#7358 = EDGE_CURVE('',#7342,#7309,#7359,.T.);
#7359 = LINE('',#7360,#7361);
#7360 = CARTESIAN_POINT('',(-2.663909595549,-5.092757789318,10.));
#7361 = VECTOR('',#7362,1.);
#7362 = DIRECTION('',(0.,1.,0.));
#7363 = PLANE('',#7364);
#7364 = AXIS2_PLACEMENT_3D('',#7365,#7366,#7367);
#7365 = CARTESIAN_POINT('',(-2.663909595549,-5.092757789318,10.));
#7366 = DIRECTION('',(1.,-0.,0.));
#7367 = DIRECTION('',(0.,1.,0.));
#7368 = ADVANCED_FACE('',(#7369),#7385,.F.);
#7369 = FACE_BOUND('',#7370,.F.);
#7370 = EDGE_LOOP('',(#7371,#7372,#7378,#7379));
#7371 = ORIENTED_EDGE('',*,*,#6671,.T.);
#7372 = ORIENTED_EDGE('',*,*,#7373,.T.);
#7373 = EDGE_CURVE('',#6664,#7344,#7374,.T.);
#7374 = B_SPLINE_CURVE_WITH_KNOTS('',2,(#7375,#7376,#7377),
  .UNSPECIFIED.,.F.,.F.,(3,3),(0.,1.),.PIECEWISE_BEZIER_KNOTS.);
#7375 = CARTESIAN_POINT('',(-2.634143275074,-5.17009458457,9.6));
#7376 = CARTESIAN_POINT('',(-2.663909595549,-5.140050074184,9.6));
#7377 = CARTESIAN_POINT('',(-2.663909595549,-5.092757789318,9.6));
#7378 = ORIENTED_EDGE('',*,*,#7341,.F.);
#7379 = ORIENTED_EDGE('',*,*,#7380,.F.);
#7380 = EDGE_CURVE('',#6672,#7342,#7381,.T.);
#7381 = B_SPLINE_CURVE_WITH_KNOTS('',2,(#7382,#7383,#7384),
  .UNSPECIFIED.,.F.,.F.,(3,3),(0.,1.),.PIECEWISE_BEZIER_KNOTS.);
#7382 = CARTESIAN_POINT('',(-2.634143275074,-5.17009458457,10.));
#7383 = CARTESIAN_POINT('',(-2.663909595549,-5.140050074184,10.));
#7384 = CARTESIAN_POINT('',(-2.663909595549,-5.092757789318,10.));
#7385 = SURFACE_OF_LINEAR_EXTRUSION('',#7386,#7390);
#7386 = B_SPLINE_CURVE_WITH_KNOTS('',2,(#7387,#7388,#7389),
  .UNSPECIFIED.,.F.,.F.,(3,3),(0.,1.),.PIECEWISE_BEZIER_KNOTS.);
#7387 = CARTESIAN_POINT('',(-2.634143275074,-5.17009458457,10.));
#7388 = CARTESIAN_POINT('',(-2.663909595549,-5.140050074184,10.));
#7389 = CARTESIAN_POINT('',(-2.663909595549,-5.092757789318,10.));
#7390 = VECTOR('',#7391,1.);
#7391 = DIRECTION('',(-0.,-0.,1.));
#7392 = ADVANCED_FACE('',(#7393),#7427,.F.);
#7393 = FACE_BOUND('',#7394,.F.);
#7394 = EDGE_LOOP('',(#7395,#7405,#7413,#7421));
#7395 = ORIENTED_EDGE('',*,*,#7396,.T.);
#7396 = EDGE_CURVE('',#7397,#7399,#7401,.T.);
#7397 = VERTEX_POINT('',#7398);
#7398 = CARTESIAN_POINT('',(-1.987351732047,-3.562017804154,10.));
#7399 = VERTEX_POINT('',#7400);
#7400 = CARTESIAN_POINT('',(-1.987351732047,-3.562017804154,9.6));
#7401 = LINE('',#7402,#7403);
#7402 = CARTESIAN_POINT('',(-1.987351732047,-3.562017804154,10.));
#7403 = VECTOR('',#7404,1.);
#7404 = DIRECTION('',(0.,0.,-1.));
#7405 = ORIENTED_EDGE('',*,*,#7406,.T.);
#7406 = EDGE_CURVE('',#7399,#7407,#7409,.T.);
#7407 = VERTEX_POINT('',#7408);
#7408 = CARTESIAN_POINT('',(-1.441821316617,-3.562017804154,9.6));
#7409 = LINE('',#7410,#7411);
#7410 = CARTESIAN_POINT('',(-1.987351732047,-3.562017804154,9.6));
#7411 = VECTOR('',#7412,1.);
#7412 = DIRECTION('',(1.,0.,0.));
#7413 = ORIENTED_EDGE('',*,*,#7414,.F.);
#7414 = EDGE_CURVE('',#7415,#7407,#7417,.T.);
#7415 = VERTEX_POINT('',#7416);
#7416 = CARTESIAN_POINT('',(-1.441821316617,-3.562017804154,10.));
#7417 = LINE('',#7418,#7419);
#7418 = CARTESIAN_POINT('',(-1.441821316617,-3.562017804154,10.));
#7419 = VECTOR('',#7420,1.);
#7420 = DIRECTION('',(0.,0.,-1.));
#7421 = ORIENTED_EDGE('',*,*,#7422,.F.);
#7422 = EDGE_CURVE('',#7397,#7415,#7423,.T.);
#7423 = LINE('',#7424,#7425);
#7424 = CARTESIAN_POINT('',(-1.987351732047,-3.562017804154,10.));
#7425 = VECTOR('',#7426,1.);
#7426 = DIRECTION('',(1.,0.,0.));
#7427 = PLANE('',#7428);
#7428 = AXIS2_PLACEMENT_3D('',#7429,#7430,#7431);
#7429 = CARTESIAN_POINT('',(-1.987351732047,-3.562017804154,10.));
#7430 = DIRECTION('',(0.,-1.,0.));
#7431 = DIRECTION('',(1.,0.,0.));
#7432 = ADVANCED_FACE('',(#7433),#7458,.F.);
#7433 = FACE_BOUND('',#7434,.F.);
#7434 = EDGE_LOOP('',(#7435,#7445,#7451,#7452));
#7435 = ORIENTED_EDGE('',*,*,#7436,.T.);
#7436 = EDGE_CURVE('',#7437,#7439,#7441,.T.);
#7437 = VERTEX_POINT('',#7438);
#7438 = CARTESIAN_POINT('',(-1.987351732047,-2.73412462908,10.));
#7439 = VERTEX_POINT('',#7440);
#7440 = CARTESIAN_POINT('',(-1.987351732047,-2.73412462908,9.6));
#7441 = LINE('',#7442,#7443);
#7442 = CARTESIAN_POINT('',(-1.987351732047,-2.73412462908,10.));
#7443 = VECTOR('',#7444,1.);
#7444 = DIRECTION('',(0.,0.,-1.));
#7445 = ORIENTED_EDGE('',*,*,#7446,.T.);
#7446 = EDGE_CURVE('',#7439,#7399,#7447,.T.);
#7447 = LINE('',#7448,#7449);
#7448 = CARTESIAN_POINT('',(-1.987351732047,-2.73412462908,9.6));
#7449 = VECTOR('',#7450,1.);
#7450 = DIRECTION('',(0.,-1.,0.));
#7451 = ORIENTED_EDGE('',*,*,#7396,.F.);
#7452 = ORIENTED_EDGE('',*,*,#7453,.F.);
#7453 = EDGE_CURVE('',#7437,#7397,#7454,.T.);
#7454 = LINE('',#7455,#7456);
#7455 = CARTESIAN_POINT('',(-1.987351732047,-2.73412462908,10.));
#7456 = VECTOR('',#7457,1.);
#7457 = DIRECTION('',(0.,-1.,0.));
#7458 = PLANE('',#7459);
#7459 = AXIS2_PLACEMENT_3D('',#7460,#7461,#7462);
#7460 = CARTESIAN_POINT('',(-1.987351732047,-2.73412462908,10.));
#7461 = DIRECTION('',(-1.,-0.,-0.));
#7462 = DIRECTION('',(0.,-1.,0.));
#7463 = ADVANCED_FACE('',(#7464),#7489,.F.);
#7464 = FACE_BOUND('',#7465,.F.);
#7465 = EDGE_LOOP('',(#7466,#7476,#7482,#7483));
#7466 = ORIENTED_EDGE('',*,*,#7467,.T.);
#7467 = EDGE_CURVE('',#7468,#7470,#7472,.T.);
#7468 = VERTEX_POINT('',#7469);
#7469 = CARTESIAN_POINT('',(-1.441821316617,-2.73412462908,10.));
#7470 = VERTEX_POINT('',#7471);
#7471 = CARTESIAN_POINT('',(-1.441821316617,-2.73412462908,9.6));
#7472 = LINE('',#7473,#7474);
#7473 = CARTESIAN_POINT('',(-1.441821316617,-2.73412462908,10.));
#7474 = VECTOR('',#7475,1.);
#7475 = DIRECTION('',(0.,0.,-1.));
#7476 = ORIENTED_EDGE('',*,*,#7477,.T.);
#7477 = EDGE_CURVE('',#7470,#7439,#7478,.T.);
#7478 = LINE('',#7479,#7480);
#7479 = CARTESIAN_POINT('',(-1.441821316617,-2.73412462908,9.6));
#7480 = VECTOR('',#7481,1.);
#7481 = DIRECTION('',(-1.,0.,0.));
#7482 = ORIENTED_EDGE('',*,*,#7436,.F.);
#7483 = ORIENTED_EDGE('',*,*,#7484,.F.);
#7484 = EDGE_CURVE('',#7468,#7437,#7485,.T.);
#7485 = LINE('',#7486,#7487);
#7486 = CARTESIAN_POINT('',(-1.441821316617,-2.73412462908,10.));
#7487 = VECTOR('',#7488,1.);
#7488 = DIRECTION('',(-1.,0.,0.));
#7489 = PLANE('',#7490);
#7490 = AXIS2_PLACEMENT_3D('',#7491,#7492,#7493);
#7491 = CARTESIAN_POINT('',(-1.441821316617,-2.73412462908,10.));
#7492 = DIRECTION('',(0.,1.,0.));
#7493 = DIRECTION('',(-1.,0.,0.));
#7494 = ADVANCED_FACE('',(#7495),#7520,.F.);
#7495 = FACE_BOUND('',#7496,.F.);
#7496 = EDGE_LOOP('',(#7497,#7507,#7513,#7514));
#7497 = ORIENTED_EDGE('',*,*,#7498,.T.);
#7498 = EDGE_CURVE('',#7499,#7501,#7503,.T.);
#7499 = VERTEX_POINT('',#7500);
#7500 = CARTESIAN_POINT('',(-1.092275693472,-2.846235163205,10.));
#7501 = VERTEX_POINT('',#7502);
#7502 = CARTESIAN_POINT('',(-1.092275693472,-2.846235163205,9.6));
#7503 = LINE('',#7504,#7505);
#7504 = CARTESIAN_POINT('',(-1.092275693472,-2.846235163205,10.));
#7505 = VECTOR('',#7506,1.);
#7506 = DIRECTION('',(0.,0.,-1.));
#7507 = ORIENTED_EDGE('',*,*,#7508,.T.);
#7508 = EDGE_CURVE('',#7501,#7470,#7509,.T.);
#7509 = B_SPLINE_CURVE_WITH_KNOTS('',2,(#7510,#7511,#7512),
  .UNSPECIFIED.,.F.,.F.,(3,3),(0.,1.),.PIECEWISE_BEZIER_KNOTS.);
#7510 = CARTESIAN_POINT('',(-1.092275693472,-2.846235163205,9.6));
#7511 = CARTESIAN_POINT('',(-1.203134372997,-2.73412462908,9.6));
#7512 = CARTESIAN_POINT('',(-1.441821316617,-2.73412462908,9.6));
#7513 = ORIENTED_EDGE('',*,*,#7467,.F.);
#7514 = ORIENTED_EDGE('',*,*,#7515,.F.);
#7515 = EDGE_CURVE('',#7499,#7468,#7516,.T.);
#7516 = B_SPLINE_CURVE_WITH_KNOTS('',2,(#7517,#7518,#7519),
  .UNSPECIFIED.,.F.,.F.,(3,3),(0.,1.),.PIECEWISE_BEZIER_KNOTS.);
#7517 = CARTESIAN_POINT('',(-1.092275693472,-2.846235163205,10.));
#7518 = CARTESIAN_POINT('',(-1.203134372997,-2.73412462908,10.));
#7519 = CARTESIAN_POINT('',(-1.441821316617,-2.73412462908,10.));
#7520 = SURFACE_OF_LINEAR_EXTRUSION('',#7521,#7525);
#7521 = B_SPLINE_CURVE_WITH_KNOTS('',2,(#7522,#7523,#7524),
  .UNSPECIFIED.,.F.,.F.,(3,3),(0.,1.),.PIECEWISE_BEZIER_KNOTS.);
#7522 = CARTESIAN_POINT('',(-1.092275693472,-2.846235163205,10.));
#7523 = CARTESIAN_POINT('',(-1.203134372997,-2.73412462908,10.));
#7524 = CARTESIAN_POINT('',(-1.441821316617,-2.73412462908,10.));
#7525 = VECTOR('',#7526,1.);
#7526 = DIRECTION('',(-0.,-0.,1.));
#7527 = ADVANCED_FACE('',(#7528),#7553,.F.);
#7528 = FACE_BOUND('',#7529,.F.);
#7529 = EDGE_LOOP('',(#7530,#7540,#7546,#7547));
#7530 = ORIENTED_EDGE('',*,*,#7531,.T.);
#7531 = EDGE_CURVE('',#7532,#7534,#7536,.T.);
#7532 = VERTEX_POINT('',#7533);
#7533 = CARTESIAN_POINT('',(-0.981417013947,-3.152383160237,10.));
#7534 = VERTEX_POINT('',#7535);
#7535 = CARTESIAN_POINT('',(-0.981417013947,-3.152383160237,9.6));
#7536 = LINE('',#7537,#7538);
#7537 = CARTESIAN_POINT('',(-0.981417013947,-3.152383160237,10.));
#7538 = VECTOR('',#7539,1.);
#7539 = DIRECTION('',(0.,0.,-1.));
#7540 = ORIENTED_EDGE('',*,*,#7541,.T.);
#7541 = EDGE_CURVE('',#7534,#7501,#7542,.T.);
#7542 = B_SPLINE_CURVE_WITH_KNOTS('',2,(#7543,#7544,#7545),
  .UNSPECIFIED.,.F.,.F.,(3,3),(0.,1.),.PIECEWISE_BEZIER_KNOTS.);
#7543 = CARTESIAN_POINT('',(-0.981417013947,-3.152383160237,9.6));
#7544 = CARTESIAN_POINT('',(-0.981417013947,-2.958345697329,9.6));
#7545 = CARTESIAN_POINT('',(-1.092275693472,-2.846235163205,9.6));
#7546 = ORIENTED_EDGE('',*,*,#7498,.F.);
#7547 = ORIENTED_EDGE('',*,*,#7548,.F.);
#7548 = EDGE_CURVE('',#7532,#7499,#7549,.T.);
#7549 = B_SPLINE_CURVE_WITH_KNOTS('',2,(#7550,#7551,#7552),
  .UNSPECIFIED.,.F.,.F.,(3,3),(0.,1.),.PIECEWISE_BEZIER_KNOTS.);
#7550 = CARTESIAN_POINT('',(-0.981417013947,-3.152383160237,10.));
#7551 = CARTESIAN_POINT('',(-0.981417013947,-2.958345697329,10.));
#7552 = CARTESIAN_POINT('',(-1.092275693472,-2.846235163205,10.));
#7553 = SURFACE_OF_LINEAR_EXTRUSION('',#7554,#7558);
#7554 = B_SPLINE_CURVE_WITH_KNOTS('',2,(#7555,#7556,#7557),
  .UNSPECIFIED.,.F.,.F.,(3,3),(0.,1.),.PIECEWISE_BEZIER_KNOTS.);
#7555 = CARTESIAN_POINT('',(-0.981417013947,-3.152383160237,10.));
#7556 = CARTESIAN_POINT('',(-0.981417013947,-2.958345697329,10.));
#7557 = CARTESIAN_POINT('',(-1.092275693472,-2.846235163205,10.));
#7558 = VECTOR('',#7559,1.);
#7559 = DIRECTION('',(-0.,-0.,1.));
#7560 = ADVANCED_FACE('',(#7561),#7586,.F.);
#7561 = FACE_BOUND('',#7562,.F.);
#7562 = EDGE_LOOP('',(#7563,#7573,#7579,#7580));
#7563 = ORIENTED_EDGE('',*,*,#7564,.T.);
#7564 = EDGE_CURVE('',#7565,#7567,#7569,.T.);
#7565 = VERTEX_POINT('',#7566);
#7566 = CARTESIAN_POINT('',(-1.094362117804,-3.45421921365,10.));
#7567 = VERTEX_POINT('',#7568);
#7568 = CARTESIAN_POINT('',(-1.094362117804,-3.45421921365,9.6));
#7569 = LINE('',#7570,#7571);
#7570 = CARTESIAN_POINT('',(-1.094362117804,-3.45421921365,10.));
#7571 = VECTOR('',#7572,1.);
#7572 = DIRECTION('',(0.,0.,-1.));
#7573 = ORIENTED_EDGE('',*,*,#7574,.T.);
#7574 = EDGE_CURVE('',#7567,#7534,#7575,.T.);
#7575 = B_SPLINE_CURVE_WITH_KNOTS('',2,(#7576,#7577,#7578),
  .UNSPECIFIED.,.F.,.F.,(3,3),(0.,1.),.PIECEWISE_BEZIER_KNOTS.);
#7576 = CARTESIAN_POINT('',(-1.094362117804,-3.45421921365,9.6));
#7577 = CARTESIAN_POINT('',(-0.981417013947,-3.346420623145,9.6));
#7578 = CARTESIAN_POINT('',(-0.981417013947,-3.152383160237,9.6));
#7579 = ORIENTED_EDGE('',*,*,#7531,.F.);
#7580 = ORIENTED_EDGE('',*,*,#7581,.F.);
#7581 = EDGE_CURVE('',#7565,#7532,#7582,.T.);
#7582 = B_SPLINE_CURVE_WITH_KNOTS('',2,(#7583,#7584,#7585),
  .UNSPECIFIED.,.F.,.F.,(3,3),(0.,1.),.PIECEWISE_BEZIER_KNOTS.);
#7583 = CARTESIAN_POINT('',(-1.094362117804,-3.45421921365,10.));
#7584 = CARTESIAN_POINT('',(-0.981417013947,-3.346420623145,10.));
#7585 = CARTESIAN_POINT('',(-0.981417013947,-3.152383160237,10.));
#7586 = SURFACE_OF_LINEAR_EXTRUSION('',#7587,#7591);
#7587 = B_SPLINE_CURVE_WITH_KNOTS('',2,(#7588,#7589,#7590),
  .UNSPECIFIED.,.F.,.F.,(3,3),(0.,1.),.PIECEWISE_BEZIER_KNOTS.);
#7588 = CARTESIAN_POINT('',(-1.094362117804,-3.45421921365,10.));
#7589 = CARTESIAN_POINT('',(-0.981417013947,-3.346420623145,10.));
#7590 = CARTESIAN_POINT('',(-0.981417013947,-3.152383160237,10.));
#7591 = VECTOR('',#7592,1.);
#7592 = DIRECTION('',(-0.,-0.,1.));
#7593 = ADVANCED_FACE('',(#7594),#7610,.F.);
#7594 = FACE_BOUND('',#7595,.F.);
#7595 = EDGE_LOOP('',(#7596,#7597,#7603,#7604));
#7596 = ORIENTED_EDGE('',*,*,#7414,.T.);
#7597 = ORIENTED_EDGE('',*,*,#7598,.T.);
#7598 = EDGE_CURVE('',#7407,#7567,#7599,.T.);
#7599 = B_SPLINE_CURVE_WITH_KNOTS('',2,(#7600,#7601,#7602),
  .UNSPECIFIED.,.F.,.F.,(3,3),(0.,1.),.PIECEWISE_BEZIER_KNOTS.);
#7600 = CARTESIAN_POINT('',(-1.441821316617,-3.562017804154,9.6));
#7601 = CARTESIAN_POINT('',(-1.207307221662,-3.562017804154,9.6));
#7602 = CARTESIAN_POINT('',(-1.094362117804,-3.45421921365,9.6));
#7603 = ORIENTED_EDGE('',*,*,#7564,.F.);
#7604 = ORIENTED_EDGE('',*,*,#7605,.F.);
#7605 = EDGE_CURVE('',#7415,#7565,#7606,.T.);
#7606 = B_SPLINE_CURVE_WITH_KNOTS('',2,(#7607,#7608,#7609),
  .UNSPECIFIED.,.F.,.F.,(3,3),(0.,1.),.PIECEWISE_BEZIER_KNOTS.);
#7607 = CARTESIAN_POINT('',(-1.441821316617,-3.562017804154,10.));
#7608 = CARTESIAN_POINT('',(-1.207307221662,-3.562017804154,10.));
#7609 = CARTESIAN_POINT('',(-1.094362117804,-3.45421921365,10.));
#7610 = SURFACE_OF_LINEAR_EXTRUSION('',#7611,#7615);
#7611 = B_SPLINE_CURVE_WITH_KNOTS('',2,(#7612,#7613,#7614),
  .UNSPECIFIED.,.F.,.F.,(3,3),(0.,1.),.PIECEWISE_BEZIER_KNOTS.);
#7612 = CARTESIAN_POINT('',(-1.441821316617,-3.562017804154,10.));
#7613 = CARTESIAN_POINT('',(-1.207307221662,-3.562017804154,10.));
#7614 = CARTESIAN_POINT('',(-1.094362117804,-3.45421921365,10.));
#7615 = VECTOR('',#7616,1.);
#7616 = DIRECTION('',(-0.,-0.,1.));
#7617 = ADVANCED_FACE('',(#7618,#7643),#7652,.T.);
#7618 = FACE_BOUND('',#7619,.T.);
#7619 = EDGE_LOOP('',(#7620,#7621,#7622,#7623,#7624,#7625,#7626,#7627,
    #7628,#7629,#7630,#7631,#7632,#7633,#7634,#7635,#7636,#7637,#7638,
    #7639,#7640,#7641,#7642));
#7620 = ORIENTED_EDGE('',*,*,#6679,.F.);
#7621 = ORIENTED_EDGE('',*,*,#6712,.F.);
#7622 = ORIENTED_EDGE('',*,*,#6743,.F.);
#7623 = ORIENTED_EDGE('',*,*,#6776,.F.);
#7624 = ORIENTED_EDGE('',*,*,#6809,.F.);
#7625 = ORIENTED_EDGE('',*,*,#6840,.F.);
#7626 = ORIENTED_EDGE('',*,*,#6871,.F.);
#7627 = ORIENTED_EDGE('',*,*,#6902,.F.);
#7628 = ORIENTED_EDGE('',*,*,#6935,.F.);
#7629 = ORIENTED_EDGE('',*,*,#6968,.F.);
#7630 = ORIENTED_EDGE('',*,*,#6999,.F.);
#7631 = ORIENTED_EDGE('',*,*,#7032,.F.);
#7632 = ORIENTED_EDGE('',*,*,#7065,.F.);
#7633 = ORIENTED_EDGE('',*,*,#7098,.F.);
#7634 = ORIENTED_EDGE('',*,*,#7129,.F.);
#7635 = ORIENTED_EDGE('',*,*,#7162,.F.);
#7636 = ORIENTED_EDGE('',*,*,#7195,.F.);
#7637 = ORIENTED_EDGE('',*,*,#7228,.F.);
#7638 = ORIENTED_EDGE('',*,*,#7261,.F.);
#7639 = ORIENTED_EDGE('',*,*,#7292,.F.);
#7640 = ORIENTED_EDGE('',*,*,#7325,.F.);
#7641 = ORIENTED_EDGE('',*,*,#7358,.F.);
#7642 = ORIENTED_EDGE('',*,*,#7380,.F.);
#7643 = FACE_BOUND('',#7644,.T.);
#7644 = EDGE_LOOP('',(#7645,#7646,#7647,#7648,#7649,#7650,#7651));
#7645 = ORIENTED_EDGE('',*,*,#7422,.F.);
#7646 = ORIENTED_EDGE('',*,*,#7453,.F.);
#7647 = ORIENTED_EDGE('',*,*,#7484,.F.);
#7648 = ORIENTED_EDGE('',*,*,#7515,.F.);
#7649 = ORIENTED_EDGE('',*,*,#7548,.F.);
#7650 = ORIENTED_EDGE('',*,*,#7581,.F.);
#7651 = ORIENTED_EDGE('',*,*,#7605,.F.);
#7652 = PLANE('',#7653);
#7653 = AXIS2_PLACEMENT_3D('',#7654,#7655,#7656);
#7654 = CARTESIAN_POINT('',(-1.53898945616,-3.685192330512,10.));
#7655 = DIRECTION('',(0.,0.,1.));
#7656 = DIRECTION('',(1.,0.,0.));
#7657 = ADVANCED_FACE('',(#7658,#7683),#7692,.F.);
#7658 = FACE_BOUND('',#7659,.F.);
#7659 = EDGE_LOOP('',(#7660,#7661,#7662,#7663,#7664,#7665,#7666,#7667,
    #7668,#7669,#7670,#7671,#7672,#7673,#7674,#7675,#7676,#7677,#7678,
    #7679,#7680,#7681,#7682));
#7660 = ORIENTED_EDGE('',*,*,#6663,.F.);
#7661 = ORIENTED_EDGE('',*,*,#6705,.F.);
#7662 = ORIENTED_EDGE('',*,*,#6736,.F.);
#7663 = ORIENTED_EDGE('',*,*,#6769,.F.);
#7664 = ORIENTED_EDGE('',*,*,#6802,.F.);
#7665 = ORIENTED_EDGE('',*,*,#6833,.F.);
#7666 = ORIENTED_EDGE('',*,*,#6864,.F.);
#7667 = ORIENTED_EDGE('',*,*,#6895,.F.);
#7668 = ORIENTED_EDGE('',*,*,#6928,.F.);
#7669 = ORIENTED_EDGE('',*,*,#6961,.F.);
#7670 = ORIENTED_EDGE('',*,*,#6992,.F.);
#7671 = ORIENTED_EDGE('',*,*,#7025,.F.);
#7672 = ORIENTED_EDGE('',*,*,#7058,.F.);
#7673 = ORIENTED_EDGE('',*,*,#7091,.F.);
#7674 = ORIENTED_EDGE('',*,*,#7122,.F.);
#7675 = ORIENTED_EDGE('',*,*,#7155,.F.);
#7676 = ORIENTED_EDGE('',*,*,#7188,.F.);
#7677 = ORIENTED_EDGE('',*,*,#7221,.F.);
#7678 = ORIENTED_EDGE('',*,*,#7254,.F.);
#7679 = ORIENTED_EDGE('',*,*,#7285,.F.);
#7680 = ORIENTED_EDGE('',*,*,#7318,.F.);
#7681 = ORIENTED_EDGE('',*,*,#7351,.F.);
#7682 = ORIENTED_EDGE('',*,*,#7373,.F.);
#7683 = FACE_BOUND('',#7684,.F.);
#7684 = EDGE_LOOP('',(#7685,#7686,#7687,#7688,#7689,#7690,#7691));
#7685 = ORIENTED_EDGE('',*,*,#7406,.F.);
#7686 = ORIENTED_EDGE('',*,*,#7446,.F.);
#7687 = ORIENTED_EDGE('',*,*,#7477,.F.);
#7688 = ORIENTED_EDGE('',*,*,#7508,.F.);
#7689 = ORIENTED_EDGE('',*,*,#7541,.F.);
#7690 = ORIENTED_EDGE('',*,*,#7574,.F.);
#7691 = ORIENTED_EDGE('',*,*,#7598,.F.);
#7692 = PLANE('',#7693);
#7693 = AXIS2_PLACEMENT_3D('',#7694,#7695,#7696);
#7694 = CARTESIAN_POINT('',(-1.53898945616,-3.685192330512,9.6));
#7695 = DIRECTION('',(0.,0.,1.));
#7696 = DIRECTION('',(1.,0.,0.));
#7697 = MANIFOLD_SOLID_BREP('',#7698);
#7698 = CLOSED_SHELL('',(#7699,#7741,#7772,#7805,#7838,#7869,#7902,#7935
    ,#7966,#7997,#8028,#8061,#8094,#8125,#8158,#8191,#8222,#8253,#8284,
    #8317,#8350,#8381,#8414,#8447,#8478,#8511,#8544,#8575,#8599,#8635));
#7699 = ADVANCED_FACE('',(#7700),#7734,.F.);
#7700 = FACE_BOUND('',#7701,.F.);
#7701 = EDGE_LOOP('',(#7702,#7712,#7720,#7728));
#7702 = ORIENTED_EDGE('',*,*,#7703,.T.);
#7703 = EDGE_CURVE('',#7704,#7706,#7708,.T.);
#7704 = VERTEX_POINT('',#7705);
#7705 = CARTESIAN_POINT('',(0.253050716024,-5.2,10.));
#7706 = VERTEX_POINT('',#7707);
#7707 = CARTESIAN_POINT('',(0.253050716024,-5.2,9.6));
#7708 = LINE('',#7709,#7710);
#7709 = CARTESIAN_POINT('',(0.253050716024,-5.2,10.));
#7710 = VECTOR('',#7711,1.);
#7711 = DIRECTION('',(0.,0.,-1.));
#7712 = ORIENTED_EDGE('',*,*,#7713,.T.);
#7713 = EDGE_CURVE('',#7706,#7714,#7716,.T.);
#7714 = VERTEX_POINT('',#7715);
#7715 = CARTESIAN_POINT('',(0.175992110682,-5.17009458457,9.6));
#7716 = B_SPLINE_CURVE_WITH_KNOTS('',2,(#7717,#7718,#7719),
  .UNSPECIFIED.,.F.,.F.,(3,3),(0.,1.),.PIECEWISE_BEZIER_KNOTS.);
#7717 = CARTESIAN_POINT('',(0.253050716024,-5.2,9.6));
#7718 = CARTESIAN_POINT('',(0.205897526113,-5.2,9.6));
#7719 = CARTESIAN_POINT('',(0.175992110682,-5.17009458457,9.6));
#7720 = ORIENTED_EDGE('',*,*,#7721,.F.);
#7721 = EDGE_CURVE('',#7722,#7714,#7724,.T.);
#7722 = VERTEX_POINT('',#7723);
#7723 = CARTESIAN_POINT('',(0.175992110682,-5.17009458457,10.));
#7724 = LINE('',#7725,#7726);
#7725 = CARTESIAN_POINT('',(0.175992110682,-5.17009458457,10.));
#7726 = VECTOR('',#7727,1.);
#7727 = DIRECTION('',(0.,0.,-1.));
#7728 = ORIENTED_EDGE('',*,*,#7729,.F.);
#7729 = EDGE_CURVE('',#7704,#7722,#7730,.T.);
#7730 = B_SPLINE_CURVE_WITH_KNOTS('',2,(#7731,#7732,#7733),
  .UNSPECIFIED.,.F.,.F.,(3,3),(0.,1.),.PIECEWISE_BEZIER_KNOTS.);
#7731 = CARTESIAN_POINT('',(0.253050716024,-5.2,10.));
#7732 = CARTESIAN_POINT('',(0.205897526113,-5.2,10.));
#7733 = CARTESIAN_POINT('',(0.175992110682,-5.17009458457,10.));
#7734 = SURFACE_OF_LINEAR_EXTRUSION('',#7735,#7739);
#7735 = B_SPLINE_CURVE_WITH_KNOTS('',2,(#7736,#7737,#7738),
  .UNSPECIFIED.,.F.,.F.,(3,3),(0.,1.),.PIECEWISE_BEZIER_KNOTS.);
#7736 = CARTESIAN_POINT('',(0.253050716024,-5.2,10.));
#7737 = CARTESIAN_POINT('',(0.205897526113,-5.2,10.));
#7738 = CARTESIAN_POINT('',(0.175992110682,-5.17009458457,10.));
#7739 = VECTOR('',#7740,1.);
#7740 = DIRECTION('',(-0.,-0.,1.));
#7741 = ADVANCED_FACE('',(#7742),#7767,.F.);
#7742 = FACE_BOUND('',#7743,.F.);
#7743 = EDGE_LOOP('',(#7744,#7754,#7760,#7761));
#7744 = ORIENTED_EDGE('',*,*,#7745,.T.);
#7745 = EDGE_CURVE('',#7746,#7748,#7750,.T.);
#7746 = VERTEX_POINT('',#7747);
#7747 = CARTESIAN_POINT('',(2.224582615134,-5.2,10.));
#7748 = VERTEX_POINT('',#7749);
#7749 = CARTESIAN_POINT('',(2.224582615134,-5.2,9.6));
#7750 = LINE('',#7751,#7752);
#7751 = CARTESIAN_POINT('',(2.224582615134,-5.2,10.));
#7752 = VECTOR('',#7753,1.);
#7753 = DIRECTION('',(0.,0.,-1.));
#7754 = ORIENTED_EDGE('',*,*,#7755,.T.);
#7755 = EDGE_CURVE('',#7748,#7706,#7756,.T.);
#7756 = LINE('',#7757,#7758);
#7757 = CARTESIAN_POINT('',(2.224582615134,-5.2,9.6));
#7758 = VECTOR('',#7759,1.);
#7759 = DIRECTION('',(-1.,0.,0.));
#7760 = ORIENTED_EDGE('',*,*,#7703,.F.);
#7761 = ORIENTED_EDGE('',*,*,#7762,.F.);
#7762 = EDGE_CURVE('',#7746,#7704,#7763,.T.);
#7763 = LINE('',#7764,#7765);
#7764 = CARTESIAN_POINT('',(2.224582615134,-5.2,10.));
#7765 = VECTOR('',#7766,1.);
#7766 = DIRECTION('',(-1.,0.,0.));
#7767 = PLANE('',#7768);
#7768 = AXIS2_PLACEMENT_3D('',#7769,#7770,#7771);
#7769 = CARTESIAN_POINT('',(2.224582615134,-5.2,10.));
#7770 = DIRECTION('',(0.,1.,0.));
#7771 = DIRECTION('',(-1.,0.,0.));
#7772 = ADVANCED_FACE('',(#7773),#7798,.F.);
#7773 = FACE_BOUND('',#7774,.F.);
#7774 = EDGE_LOOP('',(#7775,#7785,#7791,#7792));
#7775 = ORIENTED_EDGE('',*,*,#7776,.T.);
#7776 = EDGE_CURVE('',#7777,#7779,#7781,.T.);
#7777 = VERTEX_POINT('',#7778);
#7778 = CARTESIAN_POINT('',(2.301641220475,-5.17009458457,10.));
#7779 = VERTEX_POINT('',#7780);
#7780 = CARTESIAN_POINT('',(2.301641220475,-5.17009458457,9.6));
#7781 = LINE('',#7782,#7783);
#7782 = CARTESIAN_POINT('',(2.301641220475,-5.17009458457,10.));
#7783 = VECTOR('',#7784,1.);
#7784 = DIRECTION('',(0.,0.,-1.));
#7785 = ORIENTED_EDGE('',*,*,#7786,.T.);
#7786 = EDGE_CURVE('',#7779,#7748,#7787,.T.);
#7787 = B_SPLINE_CURVE_WITH_KNOTS('',2,(#7788,#7789,#7790),
  .UNSPECIFIED.,.F.,.F.,(3,3),(0.,1.),.PIECEWISE_BEZIER_KNOTS.);
#7788 = CARTESIAN_POINT('',(2.301641220475,-5.17009458457,9.6));
#7789 = CARTESIAN_POINT('',(2.271735805045,-5.2,9.6));
#7790 = CARTESIAN_POINT('',(2.224582615134,-5.2,9.6));
#7791 = ORIENTED_EDGE('',*,*,#7745,.F.);
#7792 = ORIENTED_EDGE('',*,*,#7793,.F.);
#7793 = EDGE_CURVE('',#7777,#7746,#7794,.T.);
#7794 = B_SPLINE_CURVE_WITH_KNOTS('',2,(#7795,#7796,#7797),
  .UNSPECIFIED.,.F.,.F.,(3,3),(0.,1.),.PIECEWISE_BEZIER_KNOTS.);
#7795 = CARTESIAN_POINT('',(2.301641220475,-5.17009458457,10.));
#7796 = CARTESIAN_POINT('',(2.271735805045,-5.2,10.));
#7797 = CARTESIAN_POINT('',(2.224582615134,-5.2,10.));
#7798 = SURFACE_OF_LINEAR_EXTRUSION('',#7799,#7803);
#7799 = B_SPLINE_CURVE_WITH_KNOTS('',2,(#7800,#7801,#7802),
  .UNSPECIFIED.,.F.,.F.,(3,3),(0.,1.),.PIECEWISE_BEZIER_KNOTS.);
#7800 = CARTESIAN_POINT('',(2.301641220475,-5.17009458457,10.));
#7801 = CARTESIAN_POINT('',(2.271735805045,-5.2,10.));
#7802 = CARTESIAN_POINT('',(2.224582615134,-5.2,10.));
#7803 = VECTOR('',#7804,1.);
#7804 = DIRECTION('',(-0.,-0.,1.));
#7805 = ADVANCED_FACE('',(#7806),#7831,.F.);
#7806 = FACE_BOUND('',#7807,.F.);
#7807 = EDGE_LOOP('',(#7808,#7818,#7824,#7825));
#7808 = ORIENTED_EDGE('',*,*,#7809,.T.);
#7809 = EDGE_CURVE('',#7810,#7812,#7814,.T.);
#7810 = VERTEX_POINT('',#7811);
#7811 = CARTESIAN_POINT('',(2.331546635905,-5.093035979228,10.));
#7812 = VERTEX_POINT('',#7813);
#7813 = CARTESIAN_POINT('',(2.331546635905,-5.093035979228,9.6));
#7814 = LINE('',#7815,#7816);
#7815 = CARTESIAN_POINT('',(2.331546635905,-5.093035979228,10.));
#7816 = VECTOR('',#7817,1.);
#7817 = DIRECTION('',(0.,0.,-1.));
#7818 = ORIENTED_EDGE('',*,*,#7819,.T.);
#7819 = EDGE_CURVE('',#7812,#7779,#7820,.T.);
#7820 = B_SPLINE_CURVE_WITH_KNOTS('',2,(#7821,#7822,#7823),
  .UNSPECIFIED.,.F.,.F.,(3,3),(0.,1.),.PIECEWISE_BEZIER_KNOTS.);
#7821 = CARTESIAN_POINT('',(2.331546635905,-5.093035979228,9.6));
#7822 = CARTESIAN_POINT('',(2.331546635905,-5.140050074184,9.6));
#7823 = CARTESIAN_POINT('',(2.301641220475,-5.17009458457,9.6));
#7824 = ORIENTED_EDGE('',*,*,#7776,.F.);
#7825 = ORIENTED_EDGE('',*,*,#7826,.F.);
#7826 = EDGE_CURVE('',#7810,#7777,#7827,.T.);
#7827 = B_SPLINE_CURVE_WITH_KNOTS('',2,(#7828,#7829,#7830),
  .UNSPECIFIED.,.F.,.F.,(3,3),(0.,1.),.PIECEWISE_BEZIER_KNOTS.);
#7828 = CARTESIAN_POINT('',(2.331546635905,-5.093035979228,10.));
#7829 = CARTESIAN_POINT('',(2.331546635905,-5.140050074184,10.));
#7830 = CARTESIAN_POINT('',(2.301641220475,-5.17009458457,10.));
#7831 = SURFACE_OF_LINEAR_EXTRUSION('',#7832,#7836);
#7832 = B_SPLINE_CURVE_WITH_KNOTS('',2,(#7833,#7834,#7835),
  .UNSPECIFIED.,.F.,.F.,(3,3),(0.,1.),.PIECEWISE_BEZIER_KNOTS.);
#7833 = CARTESIAN_POINT('',(2.331546635905,-5.093035979228,10.));
#7834 = CARTESIAN_POINT('',(2.331546635905,-5.140050074184,10.));
#7835 = CARTESIAN_POINT('',(2.301641220475,-5.17009458457,10.));
#7836 = VECTOR('',#7837,1.);
#7837 = DIRECTION('',(-0.,-0.,1.));
#7838 = ADVANCED_FACE('',(#7839),#7864,.F.);
#7839 = FACE_BOUND('',#7840,.F.);
#7840 = EDGE_LOOP('',(#7841,#7851,#7857,#7858));
#7841 = ORIENTED_EDGE('',*,*,#7842,.T.);
#7842 = EDGE_CURVE('',#7843,#7845,#7847,.T.);
#7843 = VERTEX_POINT('',#7844);
#7844 = CARTESIAN_POINT('',(2.331546635905,-4.755035237389,10.));
#7845 = VERTEX_POINT('',#7846);
#7846 = CARTESIAN_POINT('',(2.331546635905,-4.755035237389,9.6));
#7847 = LINE('',#7848,#7849);
#7848 = CARTESIAN_POINT('',(2.331546635905,-4.755035237389,10.));
#7849 = VECTOR('',#7850,1.);
#7850 = DIRECTION('',(0.,0.,-1.));
#7851 = ORIENTED_EDGE('',*,*,#7852,.T.);
#7852 = EDGE_CURVE('',#7845,#7812,#7853,.T.);
#7853 = LINE('',#7854,#7855);
#7854 = CARTESIAN_POINT('',(2.331546635905,-4.755035237389,9.6));
#7855 = VECTOR('',#7856,1.);
#7856 = DIRECTION('',(0.,-1.,0.));
#7857 = ORIENTED_EDGE('',*,*,#7809,.F.);
#7858 = ORIENTED_EDGE('',*,*,#7859,.F.);
#7859 = EDGE_CURVE('',#7843,#7810,#7860,.T.);
#7860 = LINE('',#7861,#7862);
#7861 = CARTESIAN_POINT('',(2.331546635905,-4.755035237389,10.));
#7862 = VECTOR('',#7863,1.);
#7863 = DIRECTION('',(0.,-1.,0.));
#7864 = PLANE('',#7865);
#7865 = AXIS2_PLACEMENT_3D('',#7866,#7867,#7868);
#7866 = CARTESIAN_POINT('',(2.331546635905,-4.755035237389,10.));
#7867 = DIRECTION('',(-1.,-0.,-0.));
#7868 = DIRECTION('',(0.,-1.,0.));
#7869 = ADVANCED_FACE('',(#7870),#7895,.F.);
#7870 = FACE_BOUND('',#7871,.F.);
#7871 = EDGE_LOOP('',(#7872,#7882,#7888,#7889));
#7872 = ORIENTED_EDGE('',*,*,#7873,.T.);
#7873 = EDGE_CURVE('',#7874,#7876,#7878,.T.);
#7874 = VERTEX_POINT('',#7875);
#7875 = CARTESIAN_POINT('',(2.301641220475,-4.678115727003,10.));
#7876 = VERTEX_POINT('',#7877);
#7877 = CARTESIAN_POINT('',(2.301641220475,-4.678115727003,9.6));
#7878 = LINE('',#7879,#7880);
#7879 = CARTESIAN_POINT('',(2.301641220475,-4.678115727003,10.));
#7880 = VECTOR('',#7881,1.);
#7881 = DIRECTION('',(0.,0.,-1.));
#7882 = ORIENTED_EDGE('',*,*,#7883,.T.);
#7883 = EDGE_CURVE('',#7876,#7845,#7884,.T.);
#7884 = B_SPLINE_CURVE_WITH_KNOTS('',2,(#7885,#7886,#7887),
  .UNSPECIFIED.,.F.,.F.,(3,3),(0.,1.),.PIECEWISE_BEZIER_KNOTS.);
#7885 = CARTESIAN_POINT('',(2.301641220475,-4.678115727003,9.6));
#7886 = CARTESIAN_POINT('',(2.331546635905,-4.708021142433,9.6));
#7887 = CARTESIAN_POINT('',(2.331546635905,-4.755035237389,9.6));
#7888 = ORIENTED_EDGE('',*,*,#7842,.F.);
#7889 = ORIENTED_EDGE('',*,*,#7890,.F.);
#7890 = EDGE_CURVE('',#7874,#7843,#7891,.T.);
#7891 = B_SPLINE_CURVE_WITH_KNOTS('',2,(#7892,#7893,#7894),
  .UNSPECIFIED.,.F.,.F.,(3,3),(0.,1.),.PIECEWISE_BEZIER_KNOTS.);
#7892 = CARTESIAN_POINT('',(2.301641220475,-4.678115727003,10.));
#7893 = CARTESIAN_POINT('',(2.331546635905,-4.708021142433,10.));
#7894 = CARTESIAN_POINT('',(2.331546635905,-4.755035237389,10.));
#7895 = SURFACE_OF_LINEAR_EXTRUSION('',#7896,#7900);
#7896 = B_SPLINE_CURVE_WITH_KNOTS('',2,(#7897,#7898,#7899),
  .UNSPECIFIED.,.F.,.F.,(3,3),(0.,1.),.PIECEWISE_BEZIER_KNOTS.);
#7897 = CARTESIAN_POINT('',(2.301641220475,-4.678115727003,10.));
#7898 = CARTESIAN_POINT('',(2.331546635905,-4.708021142433,10.));
#7899 = CARTESIAN_POINT('',(2.331546635905,-4.755035237389,10.));
#7900 = VECTOR('',#7901,1.);
#7901 = DIRECTION('',(-0.,-0.,1.));
#7902 = ADVANCED_FACE('',(#7903),#7928,.F.);
#7903 = FACE_BOUND('',#7904,.F.);
#7904 = EDGE_LOOP('',(#7905,#7915,#7921,#7922));
#7905 = ORIENTED_EDGE('',*,*,#7906,.T.);
#7906 = EDGE_CURVE('',#7907,#7909,#7911,.T.);
#7907 = VERTEX_POINT('',#7908);
#7908 = CARTESIAN_POINT('',(2.224582615134,-4.648071216617,10.));
#7909 = VERTEX_POINT('',#7910);
#7910 = CARTESIAN_POINT('',(2.224582615134,-4.648071216617,9.6));
#7911 = LINE('',#7912,#7913);
#7912 = CARTESIAN_POINT('',(2.224582615134,-4.648071216617,10.));
#7913 = VECTOR('',#7914,1.);
#7914 = DIRECTION('',(0.,0.,-1.));
#7915 = ORIENTED_EDGE('',*,*,#7916,.T.);
#7916 = EDGE_CURVE('',#7909,#7876,#7917,.T.);
#7917 = B_SPLINE_CURVE_WITH_KNOTS('',2,(#7918,#7919,#7920),
  .UNSPECIFIED.,.F.,.F.,(3,3),(0.,1.),.PIECEWISE_BEZIER_KNOTS.);
#7918 = CARTESIAN_POINT('',(2.224582615134,-4.648071216617,9.6));
#7919 = CARTESIAN_POINT('',(2.271735805045,-4.648071216617,9.6));
#7920 = CARTESIAN_POINT('',(2.301641220475,-4.678115727003,9.6));
#7921 = ORIENTED_EDGE('',*,*,#7873,.F.);
#7922 = ORIENTED_EDGE('',*,*,#7923,.F.);
#7923 = EDGE_CURVE('',#7907,#7874,#7924,.T.);
#7924 = B_SPLINE_CURVE_WITH_KNOTS('',2,(#7925,#7926,#7927),
  .UNSPECIFIED.,.F.,.F.,(3,3),(0.,1.),.PIECEWISE_BEZIER_KNOTS.);
#7925 = CARTESIAN_POINT('',(2.224582615134,-4.648071216617,10.));
#7926 = CARTESIAN_POINT('',(2.271735805045,-4.648071216617,10.));
#7927 = CARTESIAN_POINT('',(2.301641220475,-4.678115727003,10.));
#7928 = SURFACE_OF_LINEAR_EXTRUSION('',#7929,#7933);
#7929 = B_SPLINE_CURVE_WITH_KNOTS('',2,(#7930,#7931,#7932),
  .UNSPECIFIED.,.F.,.F.,(3,3),(0.,1.),.PIECEWISE_BEZIER_KNOTS.);
#7930 = CARTESIAN_POINT('',(2.224582615134,-4.648071216617,10.));
#7931 = CARTESIAN_POINT('',(2.271735805045,-4.648071216617,10.));
#7932 = CARTESIAN_POINT('',(2.301641220475,-4.678115727003,10.));
#7933 = VECTOR('',#7934,1.);
#7934 = DIRECTION('',(-0.,-0.,1.));
#7935 = ADVANCED_FACE('',(#7936),#7961,.F.);
#7936 = FACE_BOUND('',#7937,.F.);
#7937 = EDGE_LOOP('',(#7938,#7948,#7954,#7955));
#7938 = ORIENTED_EDGE('',*,*,#7939,.T.);
#7939 = EDGE_CURVE('',#7940,#7942,#7944,.T.);
#7940 = VERTEX_POINT('',#7941);
#7941 = CARTESIAN_POINT('',(0.804144929674,-4.648071216617,10.));
#7942 = VERTEX_POINT('',#7943);
#7943 = CARTESIAN_POINT('',(0.804144929674,-4.648071216617,9.6));
#7944 = LINE('',#7945,#7946);
#7945 = CARTESIAN_POINT('',(0.804144929674,-4.648071216617,10.));
#7946 = VECTOR('',#7947,1.);
#7947 = DIRECTION('',(0.,0.,-1.));
#7948 = ORIENTED_EDGE('',*,*,#7949,.T.);
#7949 = EDGE_CURVE('',#7942,#7909,#7950,.T.);
#7950 = LINE('',#7951,#7952);
#7951 = CARTESIAN_POINT('',(0.804144929674,-4.648071216617,9.6));
#7952 = VECTOR('',#7953,1.);
#7953 = DIRECTION('',(1.,0.,0.));
#7954 = ORIENTED_EDGE('',*,*,#7906,.F.);
#7955 = ORIENTED_EDGE('',*,*,#7956,.F.);
#7956 = EDGE_CURVE('',#7940,#7907,#7957,.T.);
#7957 = LINE('',#7958,#7959);
#7958 = CARTESIAN_POINT('',(0.804144929674,-4.648071216617,10.));
#7959 = VECTOR('',#7960,1.);
#7960 = DIRECTION('',(1.,0.,0.));
#7961 = PLANE('',#7962);
#7962 = AXIS2_PLACEMENT_3D('',#7963,#7964,#7965);
#7963 = CARTESIAN_POINT('',(0.804144929674,-4.648071216617,10.));
#7964 = DIRECTION('',(0.,-1.,0.));
#7965 = DIRECTION('',(1.,0.,0.));
#7966 = ADVANCED_FACE('',(#7967),#7992,.F.);
#7967 = FACE_BOUND('',#7968,.F.);
#7968 = EDGE_LOOP('',(#7969,#7979,#7985,#7986));
#7969 = ORIENTED_EDGE('',*,*,#7970,.T.);
#7970 = EDGE_CURVE('',#7971,#7973,#7975,.T.);
#7971 = VERTEX_POINT('',#7972);
#7972 = CARTESIAN_POINT('',(0.804144929674,-3.953709198813,10.));
#7973 = VERTEX_POINT('',#7974);
#7974 = CARTESIAN_POINT('',(0.804144929674,-3.953709198813,9.6));
#7975 = LINE('',#7976,#7977);
#7976 = CARTESIAN_POINT('',(0.804144929674,-3.953709198813,10.));
#7977 = VECTOR('',#7978,1.);
#7978 = DIRECTION('',(0.,0.,-1.));
#7979 = ORIENTED_EDGE('',*,*,#7980,.T.);
#7980 = EDGE_CURVE('',#7973,#7942,#7981,.T.);
#7981 = LINE('',#7982,#7983);
#7982 = CARTESIAN_POINT('',(0.804144929674,-3.953709198813,9.6));
#7983 = VECTOR('',#7984,1.);
#7984 = DIRECTION('',(0.,-1.,0.));
#7985 = ORIENTED_EDGE('',*,*,#7939,.F.);
#7986 = ORIENTED_EDGE('',*,*,#7987,.F.);
#7987 = EDGE_CURVE('',#7971,#7940,#7988,.T.);
#7988 = LINE('',#7989,#7990);
#7989 = CARTESIAN_POINT('',(0.804144929674,-3.953709198813,10.));
#7990 = VECTOR('',#7991,1.);
#7991 = DIRECTION('',(0.,-1.,0.));
#7992 = PLANE('',#7993);
#7993 = AXIS2_PLACEMENT_3D('',#7994,#7995,#7996);
#7994 = CARTESIAN_POINT('',(0.804144929674,-3.953709198813,10.));
#7995 = DIRECTION('',(-1.,-0.,-0.));
#7996 = DIRECTION('',(0.,-1.,0.));
#7997 = ADVANCED_FACE('',(#7998),#8023,.F.);
#7998 = FACE_BOUND('',#7999,.F.);
#7999 = EDGE_LOOP('',(#8000,#8010,#8016,#8017));
#8000 = ORIENTED_EDGE('',*,*,#8001,.T.);
#8001 = EDGE_CURVE('',#8002,#8004,#8006,.T.);
#8002 = VERTEX_POINT('',#8003);
#8003 = CARTESIAN_POINT('',(2.095641591395,-3.953709198813,10.));
#8004 = VERTEX_POINT('',#8005);
#8005 = CARTESIAN_POINT('',(2.095641591395,-3.953709198813,9.6));
#8006 = LINE('',#8007,#8008);
#8007 = CARTESIAN_POINT('',(2.095641591395,-3.953709198813,10.));
#8008 = VECTOR('',#8009,1.);
#8009 = DIRECTION('',(0.,0.,-1.));
#8010 = ORIENTED_EDGE('',*,*,#8011,.T.);
#8011 = EDGE_CURVE('',#8004,#7973,#8012,.T.);
#8012 = LINE('',#8013,#8014);
#8013 = CARTESIAN_POINT('',(2.095641591395,-3.953709198813,9.6));
#8014 = VECTOR('',#8015,1.);
#8015 = DIRECTION('',(-1.,0.,0.));
#8016 = ORIENTED_EDGE('',*,*,#7970,.F.);
#8017 = ORIENTED_EDGE('',*,*,#8018,.F.);
#8018 = EDGE_CURVE('',#8002,#7971,#8019,.T.);
#8019 = LINE('',#8020,#8021);
#8020 = CARTESIAN_POINT('',(2.095641591395,-3.953709198813,10.));
#8021 = VECTOR('',#8022,1.);
#8022 = DIRECTION('',(-1.,0.,0.));
#8023 = PLANE('',#8024);
#8024 = AXIS2_PLACEMENT_3D('',#8025,#8026,#8027);
#8025 = CARTESIAN_POINT('',(2.095641591395,-3.953709198813,10.));
#8026 = DIRECTION('',(0.,1.,0.));
#8027 = DIRECTION('',(-1.,0.,0.));
#8028 = ADVANCED_FACE('',(#8029),#8054,.F.);
#8029 = FACE_BOUND('',#8030,.F.);
#8030 = EDGE_LOOP('',(#8031,#8041,#8047,#8048));
#8031 = ORIENTED_EDGE('',*,*,#8032,.T.);
#8032 = EDGE_CURVE('',#8033,#8035,#8037,.T.);
#8033 = VERTEX_POINT('',#8034);
#8034 = CARTESIAN_POINT('',(2.17256110178,-3.923803783383,10.));
#8035 = VERTEX_POINT('',#8036);
#8036 = CARTESIAN_POINT('',(2.17256110178,-3.923803783383,9.6));
#8037 = LINE('',#8038,#8039);
#8038 = CARTESIAN_POINT('',(2.17256110178,-3.923803783383,10.));
#8039 = VECTOR('',#8040,1.);
#8040 = DIRECTION('',(0.,0.,-1.));
#8041 = ORIENTED_EDGE('',*,*,#8042,.T.);
#8042 = EDGE_CURVE('',#8035,#8004,#8043,.T.);
#8043 = B_SPLINE_CURVE_WITH_KNOTS('',2,(#8044,#8045,#8046),
  .UNSPECIFIED.,.F.,.F.,(3,3),(0.,1.),.PIECEWISE_BEZIER_KNOTS.);
#8044 = CARTESIAN_POINT('',(2.17256110178,-3.923803783383,9.6));
#8045 = CARTESIAN_POINT('',(2.14265568635,-3.953709198813,9.6));
#8046 = CARTESIAN_POINT('',(2.095641591395,-3.953709198813,9.6));
#8047 = ORIENTED_EDGE('',*,*,#8001,.F.);
#8048 = ORIENTED_EDGE('',*,*,#8049,.F.);
#8049 = EDGE_CURVE('',#8033,#8002,#8050,.T.);
#8050 = B_SPLINE_CURVE_WITH_KNOTS('',2,(#8051,#8052,#8053),
  .UNSPECIFIED.,.F.,.F.,(3,3),(0.,1.),.PIECEWISE_BEZIER_KNOTS.);
#8051 = CARTESIAN_POINT('',(2.17256110178,-3.923803783383,10.));
#8052 = CARTESIAN_POINT('',(2.14265568635,-3.953709198813,10.));
#8053 = CARTESIAN_POINT('',(2.095641591395,-3.953709198813,10.));
#8054 = SURFACE_OF_LINEAR_EXTRUSION('',#8055,#8059);
#8055 = B_SPLINE_CURVE_WITH_KNOTS('',2,(#8056,#8057,#8058),
  .UNSPECIFIED.,.F.,.F.,(3,3),(0.,1.),.PIECEWISE_BEZIER_KNOTS.);
#8056 = CARTESIAN_POINT('',(2.17256110178,-3.923803783383,10.));
#8057 = CARTESIAN_POINT('',(2.14265568635,-3.953709198813,10.));
#8058 = CARTESIAN_POINT('',(2.095641591395,-3.953709198813,10.));
#8059 = VECTOR('',#8060,1.);
#8060 = DIRECTION('',(-0.,-0.,1.));
#8061 = ADVANCED_FACE('',(#8062),#8087,.F.);
#8062 = FACE_BOUND('',#8063,.F.);
#8063 = EDGE_LOOP('',(#8064,#8074,#8080,#8081));
#8064 = ORIENTED_EDGE('',*,*,#8065,.T.);
#8065 = EDGE_CURVE('',#8066,#8068,#8070,.T.);
#8066 = VERTEX_POINT('',#8067);
#8067 = CARTESIAN_POINT('',(2.202466517211,-3.851196216617,10.));
#8068 = VERTEX_POINT('',#8069);
#8069 = CARTESIAN_POINT('',(2.202466517211,-3.851196216617,9.6));
#8070 = LINE('',#8071,#8072);
#8071 = CARTESIAN_POINT('',(2.202466517211,-3.851196216617,10.));
#8072 = VECTOR('',#8073,1.);
#8073 = DIRECTION('',(0.,0.,-1.));
#8074 = ORIENTED_EDGE('',*,*,#8075,.T.);
#8075 = EDGE_CURVE('',#8068,#8035,#8076,.T.);
#8076 = B_SPLINE_CURVE_WITH_KNOTS('',2,(#8077,#8078,#8079),
  .UNSPECIFIED.,.F.,.F.,(3,3),(0.,1.),.PIECEWISE_BEZIER_KNOTS.);
#8077 = CARTESIAN_POINT('',(2.202466517211,-3.851196216617,9.6));
#8078 = CARTESIAN_POINT('',(2.202466517211,-3.893898367953,9.6));
#8079 = CARTESIAN_POINT('',(2.17256110178,-3.923803783383,9.6));
#8080 = ORIENTED_EDGE('',*,*,#8032,.F.);
#8081 = ORIENTED_EDGE('',*,*,#8082,.F.);
#8082 = EDGE_CURVE('',#8066,#8033,#8083,.T.);
#8083 = B_SPLINE_CURVE_WITH_KNOTS('',2,(#8084,#8085,#8086),
  .UNSPECIFIED.,.F.,.F.,(3,3),(0.,1.),.PIECEWISE_BEZIER_KNOTS.);
#8084 = CARTESIAN_POINT('',(2.202466517211,-3.851196216617,10.));
#8085 = CARTESIAN_POINT('',(2.202466517211,-3.893898367953,10.));
#8086 = CARTESIAN_POINT('',(2.17256110178,-3.923803783383,10.));
#8087 = SURFACE_OF_LINEAR_EXTRUSION('',#8088,#8092);
#8088 = B_SPLINE_CURVE_WITH_KNOTS('',2,(#8089,#8090,#8091),
  .UNSPECIFIED.,.F.,.F.,(3,3),(0.,1.),.PIECEWISE_BEZIER_KNOTS.);
#8089 = CARTESIAN_POINT('',(2.202466517211,-3.851196216617,10.));
#8090 = CARTESIAN_POINT('',(2.202466517211,-3.893898367953,10.));
#8091 = CARTESIAN_POINT('',(2.17256110178,-3.923803783383,10.));
#8092 = VECTOR('',#8093,1.);
#8093 = DIRECTION('',(-0.,-0.,1.));
#8094 = ADVANCED_FACE('',(#8095),#8120,.F.);
#8095 = FACE_BOUND('',#8096,.F.);
#8096 = EDGE_LOOP('',(#8097,#8107,#8113,#8114));
#8097 = ORIENTED_EDGE('',*,*,#8098,.T.);
#8098 = EDGE_CURVE('',#8099,#8101,#8103,.T.);
#8099 = VERTEX_POINT('',#8100);
#8100 = CARTESIAN_POINT('',(2.202466517211,-3.5353115727,10.));
#8101 = VERTEX_POINT('',#8102);
#8102 = CARTESIAN_POINT('',(2.202466517211,-3.5353115727,9.6));
#8103 = LINE('',#8104,#8105);
#8104 = CARTESIAN_POINT('',(2.202466517211,-3.5353115727,10.));
#8105 = VECTOR('',#8106,1.);
#8106 = DIRECTION('',(0.,0.,-1.));
#8107 = ORIENTED_EDGE('',*,*,#8108,.T.);
#8108 = EDGE_CURVE('',#8101,#8068,#8109,.T.);
#8109 = LINE('',#8110,#8111);
#8110 = CARTESIAN_POINT('',(2.202466517211,-3.5353115727,9.6));
#8111 = VECTOR('',#8112,1.);
#8112 = DIRECTION('',(0.,-1.,0.));
#8113 = ORIENTED_EDGE('',*,*,#8065,.F.);
#8114 = ORIENTED_EDGE('',*,*,#8115,.F.);
#8115 = EDGE_CURVE('',#8099,#8066,#8116,.T.);
#8116 = LINE('',#8117,#8118);
#8117 = CARTESIAN_POINT('',(2.202466517211,-3.5353115727,10.));
#8118 = VECTOR('',#8119,1.);
#8119 = DIRECTION('',(0.,-1.,0.));
#8120 = PLANE('',#8121);
#8121 = AXIS2_PLACEMENT_3D('',#8122,#8123,#8124);
#8122 = CARTESIAN_POINT('',(2.202466517211,-3.5353115727,10.));
#8123 = DIRECTION('',(-1.,-0.,-0.));
#8124 = DIRECTION('',(0.,-1.,0.));
#8125 = ADVANCED_FACE('',(#8126),#8151,.F.);
#8126 = FACE_BOUND('',#8127,.F.);
#8127 = EDGE_LOOP('',(#8128,#8138,#8144,#8145));
#8128 = ORIENTED_EDGE('',*,*,#8129,.T.);
#8129 = EDGE_CURVE('',#8130,#8132,#8134,.T.);
#8130 = VERTEX_POINT('',#8131);
#8131 = CARTESIAN_POINT('',(2.17256110178,-3.458392062315,10.));
#8132 = VERTEX_POINT('',#8133);
#8133 = CARTESIAN_POINT('',(2.17256110178,-3.458392062315,9.6));
#8134 = LINE('',#8135,#8136);
#8135 = CARTESIAN_POINT('',(2.17256110178,-3.458392062315,10.));
#8136 = VECTOR('',#8137,1.);
#8137 = DIRECTION('',(0.,0.,-1.));
#8138 = ORIENTED_EDGE('',*,*,#8139,.T.);
#8139 = EDGE_CURVE('',#8132,#8101,#8140,.T.);
#8140 = B_SPLINE_CURVE_WITH_KNOTS('',2,(#8141,#8142,#8143),
  .UNSPECIFIED.,.F.,.F.,(3,3),(0.,1.),.PIECEWISE_BEZIER_KNOTS.);
#8141 = CARTESIAN_POINT('',(2.17256110178,-3.458392062315,9.6));
#8142 = CARTESIAN_POINT('',(2.202466517211,-3.488297477745,9.6));
#8143 = CARTESIAN_POINT('',(2.202466517211,-3.5353115727,9.6));
#8144 = ORIENTED_EDGE('',*,*,#8098,.F.);
#8145 = ORIENTED_EDGE('',*,*,#8146,.F.);
#8146 = EDGE_CURVE('',#8130,#8099,#8147,.T.);
#8147 = B_SPLINE_CURVE_WITH_KNOTS('',2,(#8148,#8149,#8150),
  .UNSPECIFIED.,.F.,.F.,(3,3),(0.,1.),.PIECEWISE_BEZIER_KNOTS.);
#8148 = CARTESIAN_POINT('',(2.17256110178,-3.458392062315,10.));
#8149 = CARTESIAN_POINT('',(2.202466517211,-3.488297477745,10.));
#8150 = CARTESIAN_POINT('',(2.202466517211,-3.5353115727,10.));
#8151 = SURFACE_OF_LINEAR_EXTRUSION('',#8152,#8156);
#8152 = B_SPLINE_CURVE_WITH_KNOTS('',2,(#8153,#8154,#8155),
  .UNSPECIFIED.,.F.,.F.,(3,3),(0.,1.),.PIECEWISE_BEZIER_KNOTS.);
#8153 = CARTESIAN_POINT('',(2.17256110178,-3.458392062315,10.));
#8154 = CARTESIAN_POINT('',(2.202466517211,-3.488297477745,10.));
#8155 = CARTESIAN_POINT('',(2.202466517211,-3.5353115727,10.));
#8156 = VECTOR('',#8157,1.);
#8157 = DIRECTION('',(-0.,-0.,1.));
#8158 = ADVANCED_FACE('',(#8159),#8184,.F.);
#8159 = FACE_BOUND('',#8160,.F.);
#8160 = EDGE_LOOP('',(#8161,#8171,#8177,#8178));
#8161 = ORIENTED_EDGE('',*,*,#8162,.T.);
#8162 = EDGE_CURVE('',#8163,#8165,#8167,.T.);
#8163 = VERTEX_POINT('',#8164);
#8164 = CARTESIAN_POINT('',(2.095641591395,-3.428486646884,10.));
#8165 = VERTEX_POINT('',#8166);
#8166 = CARTESIAN_POINT('',(2.095641591395,-3.428486646884,9.6));
#8167 = LINE('',#8168,#8169);
#8168 = CARTESIAN_POINT('',(2.095641591395,-3.428486646884,10.));
#8169 = VECTOR('',#8170,1.);
#8170 = DIRECTION('',(0.,0.,-1.));
#8171 = ORIENTED_EDGE('',*,*,#8172,.T.);
#8172 = EDGE_CURVE('',#8165,#8132,#8173,.T.);
#8173 = B_SPLINE_CURVE_WITH_KNOTS('',2,(#8174,#8175,#8176),
  .UNSPECIFIED.,.F.,.F.,(3,3),(0.,1.),.PIECEWISE_BEZIER_KNOTS.);
#8174 = CARTESIAN_POINT('',(2.095641591395,-3.428486646884,9.6));
#8175 = CARTESIAN_POINT('',(2.14265568635,-3.428486646884,9.6));
#8176 = CARTESIAN_POINT('',(2.17256110178,-3.458392062315,9.6));
#8177 = ORIENTED_EDGE('',*,*,#8129,.F.);
#8178 = ORIENTED_EDGE('',*,*,#8179,.F.);
#8179 = EDGE_CURVE('',#8163,#8130,#8180,.T.);
#8180 = B_SPLINE_CURVE_WITH_KNOTS('',2,(#8181,#8182,#8183),
  .UNSPECIFIED.,.F.,.F.,(3,3),(0.,1.),.PIECEWISE_BEZIER_KNOTS.);
#8181 = CARTESIAN_POINT('',(2.095641591395,-3.428486646884,10.));
#8182 = CARTESIAN_POINT('',(2.14265568635,-3.428486646884,10.));
#8183 = CARTESIAN_POINT('',(2.17256110178,-3.458392062315,10.));
#8184 = SURFACE_OF_LINEAR_EXTRUSION('',#8185,#8189);
#8185 = B_SPLINE_CURVE_WITH_KNOTS('',2,(#8186,#8187,#8188),
  .UNSPECIFIED.,.F.,.F.,(3,3),(0.,1.),.PIECEWISE_BEZIER_KNOTS.);
#8186 = CARTESIAN_POINT('',(2.095641591395,-3.428486646884,10.));
#8187 = CARTESIAN_POINT('',(2.14265568635,-3.428486646884,10.));
#8188 = CARTESIAN_POINT('',(2.17256110178,-3.458392062315,10.));
#8189 = VECTOR('',#8190,1.);
#8190 = DIRECTION('',(-0.,-0.,1.));
#8191 = ADVANCED_FACE('',(#8192),#8217,.F.);
#8192 = FACE_BOUND('',#8193,.F.);
#8193 = EDGE_LOOP('',(#8194,#8204,#8210,#8211));
#8194 = ORIENTED_EDGE('',*,*,#8195,.T.);
#8195 = EDGE_CURVE('',#8196,#8198,#8200,.T.);
#8196 = VERTEX_POINT('',#8197);
#8197 = CARTESIAN_POINT('',(0.804144929674,-3.428486646884,10.));
#8198 = VERTEX_POINT('',#8199);
#8199 = CARTESIAN_POINT('',(0.804144929674,-3.428486646884,9.6));
#8200 = LINE('',#8201,#8202);
#8201 = CARTESIAN_POINT('',(0.804144929674,-3.428486646884,10.));
#8202 = VECTOR('',#8203,1.);
#8203 = DIRECTION('',(0.,0.,-1.));
#8204 = ORIENTED_EDGE('',*,*,#8205,.T.);
#8205 = EDGE_CURVE('',#8198,#8165,#8206,.T.);
#8206 = LINE('',#8207,#8208);
#8207 = CARTESIAN_POINT('',(0.804144929674,-3.428486646884,9.6));
#8208 = VECTOR('',#8209,1.);
#8209 = DIRECTION('',(1.,0.,0.));
#8210 = ORIENTED_EDGE('',*,*,#8162,.F.);
#8211 = ORIENTED_EDGE('',*,*,#8212,.F.);
#8212 = EDGE_CURVE('',#8196,#8163,#8213,.T.);
#8213 = LINE('',#8214,#8215);
#8214 = CARTESIAN_POINT('',(0.804144929674,-3.428486646884,10.));
#8215 = VECTOR('',#8216,1.);
#8216 = DIRECTION('',(1.,0.,0.));
#8217 = PLANE('',#8218);
#8218 = AXIS2_PLACEMENT_3D('',#8219,#8220,#8221);
#8219 = CARTESIAN_POINT('',(0.804144929674,-3.428486646884,10.));
#8220 = DIRECTION('',(0.,-1.,0.));
#8221 = DIRECTION('',(1.,0.,0.));
#8222 = ADVANCED_FACE('',(#8223),#8248,.F.);
#8223 = FACE_BOUND('',#8224,.F.);
#8224 = EDGE_LOOP('',(#8225,#8235,#8241,#8242));
#8225 = ORIENTED_EDGE('',*,*,#8226,.T.);
#8226 = EDGE_CURVE('',#8227,#8229,#8231,.T.);
#8227 = VERTEX_POINT('',#8228);
#8228 = CARTESIAN_POINT('',(0.804144929674,-2.751928783383,10.));
#8229 = VERTEX_POINT('',#8230);
#8230 = CARTESIAN_POINT('',(0.804144929674,-2.751928783383,9.6));
#8231 = LINE('',#8232,#8233);
#8232 = CARTESIAN_POINT('',(0.804144929674,-2.751928783383,10.));
#8233 = VECTOR('',#8234,1.);
#8234 = DIRECTION('',(0.,0.,-1.));
#8235 = ORIENTED_EDGE('',*,*,#8236,.T.);
#8236 = EDGE_CURVE('',#8229,#8198,#8237,.T.);
#8237 = LINE('',#8238,#8239);
#8238 = CARTESIAN_POINT('',(0.804144929674,-2.751928783383,9.6));
#8239 = VECTOR('',#8240,1.);
#8240 = DIRECTION('',(0.,-1.,0.));
#8241 = ORIENTED_EDGE('',*,*,#8195,.F.);
#8242 = ORIENTED_EDGE('',*,*,#8243,.F.);
#8243 = EDGE_CURVE('',#8227,#8196,#8244,.T.);
#8244 = LINE('',#8245,#8246);
#8245 = CARTESIAN_POINT('',(0.804144929674,-2.751928783383,10.));
#8246 = VECTOR('',#8247,1.);
#8247 = DIRECTION('',(0.,-1.,0.));
#8248 = PLANE('',#8249);
#8249 = AXIS2_PLACEMENT_3D('',#8250,#8251,#8252);
#8250 = CARTESIAN_POINT('',(0.804144929674,-2.751928783383,10.));
#8251 = DIRECTION('',(-1.,-0.,-0.));
#8252 = DIRECTION('',(0.,-1.,0.));
#8253 = ADVANCED_FACE('',(#8254),#8279,.F.);
#8254 = FACE_BOUND('',#8255,.F.);
#8255 = EDGE_LOOP('',(#8256,#8266,#8272,#8273));
#8256 = ORIENTED_EDGE('',*,*,#8257,.T.);
#8257 = EDGE_CURVE('',#8258,#8260,#8262,.T.);
#8258 = VERTEX_POINT('',#8259);
#8259 = CARTESIAN_POINT('',(2.189113401484,-2.751928783383,10.));
#8260 = VERTEX_POINT('',#8261);
#8261 = CARTESIAN_POINT('',(2.189113401484,-2.751928783383,9.6));
#8262 = LINE('',#8263,#8264);
#8263 = CARTESIAN_POINT('',(2.189113401484,-2.751928783383,10.));
#8264 = VECTOR('',#8265,1.);
#8265 = DIRECTION('',(0.,0.,-1.));
#8266 = ORIENTED_EDGE('',*,*,#8267,.T.);
#8267 = EDGE_CURVE('',#8260,#8229,#8268,.T.);
#8268 = LINE('',#8269,#8270);
#8269 = CARTESIAN_POINT('',(2.189113401484,-2.751928783383,9.6));
#8270 = VECTOR('',#8271,1.);
#8271 = DIRECTION('',(-1.,0.,0.));
#8272 = ORIENTED_EDGE('',*,*,#8226,.F.);
#8273 = ORIENTED_EDGE('',*,*,#8274,.F.);
#8274 = EDGE_CURVE('',#8258,#8227,#8275,.T.);
#8275 = LINE('',#8276,#8277);
#8276 = CARTESIAN_POINT('',(2.189113401484,-2.751928783383,10.));
#8277 = VECTOR('',#8278,1.);
#8278 = DIRECTION('',(-1.,0.,0.));
#8279 = PLANE('',#8280);
#8280 = AXIS2_PLACEMENT_3D('',#8281,#8282,#8283);
#8281 = CARTESIAN_POINT('',(2.189113401484,-2.751928783383,10.));
#8282 = DIRECTION('',(0.,1.,0.));
#8283 = DIRECTION('',(-1.,0.,0.));
#8284 = ADVANCED_FACE('',(#8285),#8310,.F.);
#8285 = FACE_BOUND('',#8286,.F.);
#8286 = EDGE_LOOP('',(#8287,#8297,#8303,#8304));
#8287 = ORIENTED_EDGE('',*,*,#8288,.T.);
#8288 = EDGE_CURVE('',#8289,#8291,#8293,.T.);
#8289 = VERTEX_POINT('',#8290);
#8290 = CARTESIAN_POINT('',(2.266032911869,-2.722023367953,10.));
#8291 = VERTEX_POINT('',#8292);
#8292 = CARTESIAN_POINT('',(2.266032911869,-2.722023367953,9.6));
#8293 = LINE('',#8294,#8295);
#8294 = CARTESIAN_POINT('',(2.266032911869,-2.722023367953,10.));
#8295 = VECTOR('',#8296,1.);
#8296 = DIRECTION('',(0.,0.,-1.));
#8297 = ORIENTED_EDGE('',*,*,#8298,.T.);
#8298 = EDGE_CURVE('',#8291,#8260,#8299,.T.);
#8299 = B_SPLINE_CURVE_WITH_KNOTS('',2,(#8300,#8301,#8302),
  .UNSPECIFIED.,.F.,.F.,(3,3),(0.,1.),.PIECEWISE_BEZIER_KNOTS.);
#8300 = CARTESIAN_POINT('',(2.266032911869,-2.722023367953,9.6));
#8301 = CARTESIAN_POINT('',(2.236127496439,-2.751928783383,9.6));
#8302 = CARTESIAN_POINT('',(2.189113401484,-2.751928783383,9.6));
#8303 = ORIENTED_EDGE('',*,*,#8257,.F.);
#8304 = ORIENTED_EDGE('',*,*,#8305,.F.);
#8305 = EDGE_CURVE('',#8289,#8258,#8306,.T.);
#8306 = B_SPLINE_CURVE_WITH_KNOTS('',2,(#8307,#8308,#8309),
  .UNSPECIFIED.,.F.,.F.,(3,3),(0.,1.),.PIECEWISE_BEZIER_KNOTS.);
#8307 = CARTESIAN_POINT('',(2.266032911869,-2.722023367953,10.));
#8308 = CARTESIAN_POINT('',(2.236127496439,-2.751928783383,10.));
#8309 = CARTESIAN_POINT('',(2.189113401484,-2.751928783383,10.));
#8310 = SURFACE_OF_LINEAR_EXTRUSION('',#8311,#8315);
#8311 = B_SPLINE_CURVE_WITH_KNOTS('',2,(#8312,#8313,#8314),
  .UNSPECIFIED.,.F.,.F.,(3,3),(0.,1.),.PIECEWISE_BEZIER_KNOTS.);
#8312 = CARTESIAN_POINT('',(2.266032911869,-2.722023367953,10.));
#8313 = CARTESIAN_POINT('',(2.236127496439,-2.751928783383,10.));
#8314 = CARTESIAN_POINT('',(2.189113401484,-2.751928783383,10.));
#8315 = VECTOR('',#8316,1.);
#8316 = DIRECTION('',(-0.,-0.,1.));
#8317 = ADVANCED_FACE('',(#8318),#8343,.F.);
#8318 = FACE_BOUND('',#8319,.F.);
#8319 = EDGE_LOOP('',(#8320,#8330,#8336,#8337));
#8320 = ORIENTED_EDGE('',*,*,#8321,.T.);
#8321 = EDGE_CURVE('',#8322,#8324,#8326,.T.);
#8322 = VERTEX_POINT('',#8323);
#8323 = CARTESIAN_POINT('',(2.2959383273,-2.649276706231,10.));
#8324 = VERTEX_POINT('',#8325);
#8325 = CARTESIAN_POINT('',(2.2959383273,-2.649276706231,9.6));
#8326 = LINE('',#8327,#8328);
#8327 = CARTESIAN_POINT('',(2.2959383273,-2.649276706231,10.));
#8328 = VECTOR('',#8329,1.);
#8329 = DIRECTION('',(0.,0.,-1.));
#8330 = ORIENTED_EDGE('',*,*,#8331,.T.);
#8331 = EDGE_CURVE('',#8324,#8291,#8332,.T.);
#8332 = B_SPLINE_CURVE_WITH_KNOTS('',2,(#8333,#8334,#8335),
  .UNSPECIFIED.,.F.,.F.,(3,3),(0.,1.),.PIECEWISE_BEZIER_KNOTS.);
#8333 = CARTESIAN_POINT('',(2.2959383273,-2.649276706231,9.6));
#8334 = CARTESIAN_POINT('',(2.2959383273,-2.691978857567,9.6));
#8335 = CARTESIAN_POINT('',(2.266032911869,-2.722023367953,9.6));
#8336 = ORIENTED_EDGE('',*,*,#8288,.F.);
#8337 = ORIENTED_EDGE('',*,*,#8338,.F.);
#8338 = EDGE_CURVE('',#8322,#8289,#8339,.T.);
#8339 = B_SPLINE_CURVE_WITH_KNOTS('',2,(#8340,#8341,#8342),
  .UNSPECIFIED.,.F.,.F.,(3,3),(0.,1.),.PIECEWISE_BEZIER_KNOTS.);
#8340 = CARTESIAN_POINT('',(2.2959383273,-2.649276706231,10.));
#8341 = CARTESIAN_POINT('',(2.2959383273,-2.691978857567,10.));
#8342 = CARTESIAN_POINT('',(2.266032911869,-2.722023367953,10.));
#8343 = SURFACE_OF_LINEAR_EXTRUSION('',#8344,#8348);
#8344 = B_SPLINE_CURVE_WITH_KNOTS('',2,(#8345,#8346,#8347),
  .UNSPECIFIED.,.F.,.F.,(3,3),(0.,1.),.PIECEWISE_BEZIER_KNOTS.);
#8345 = CARTESIAN_POINT('',(2.2959383273,-2.649276706231,10.));
#8346 = CARTESIAN_POINT('',(2.2959383273,-2.691978857567,10.));
#8347 = CARTESIAN_POINT('',(2.266032911869,-2.722023367953,10.));
#8348 = VECTOR('',#8349,1.);
#8349 = DIRECTION('',(-0.,-0.,1.));
#8350 = ADVANCED_FACE('',(#8351),#8376,.F.);
#8351 = FACE_BOUND('',#8352,.F.);
#8352 = EDGE_LOOP('',(#8353,#8363,#8369,#8370));
#8353 = ORIENTED_EDGE('',*,*,#8354,.T.);
#8354 = EDGE_CURVE('',#8355,#8357,#8359,.T.);
#8355 = VERTEX_POINT('',#8356);
#8356 = CARTESIAN_POINT('',(2.2959383273,-2.306964020772,10.));
#8357 = VERTEX_POINT('',#8358);
#8358 = CARTESIAN_POINT('',(2.2959383273,-2.306964020772,9.6));
#8359 = LINE('',#8360,#8361);
#8360 = CARTESIAN_POINT('',(2.2959383273,-2.306964020772,10.));
#8361 = VECTOR('',#8362,1.);
#8362 = DIRECTION('',(0.,0.,-1.));
#8363 = ORIENTED_EDGE('',*,*,#8364,.T.);
#8364 = EDGE_CURVE('',#8357,#8324,#8365,.T.);
#8365 = LINE('',#8366,#8367);
#8366 = CARTESIAN_POINT('',(2.2959383273,-2.306964020772,9.6));
#8367 = VECTOR('',#8368,1.);
#8368 = DIRECTION('',(0.,-1.,0.));
#8369 = ORIENTED_EDGE('',*,*,#8321,.F.);
#8370 = ORIENTED_EDGE('',*,*,#8371,.F.);
#8371 = EDGE_CURVE('',#8355,#8322,#8372,.T.);
#8372 = LINE('',#8373,#8374);
#8373 = CARTESIAN_POINT('',(2.2959383273,-2.306964020772,10.));
#8374 = VECTOR('',#8375,1.);
#8375 = DIRECTION('',(0.,-1.,0.));
#8376 = PLANE('',#8377);
#8377 = AXIS2_PLACEMENT_3D('',#8378,#8379,#8380);
#8378 = CARTESIAN_POINT('',(2.2959383273,-2.306964020772,10.));
#8379 = DIRECTION('',(-1.,-0.,-0.));
#8380 = DIRECTION('',(0.,-1.,0.));
#8381 = ADVANCED_FACE('',(#8382),#8407,.F.);
#8382 = FACE_BOUND('',#8383,.F.);
#8383 = EDGE_LOOP('',(#8384,#8394,#8400,#8401));
#8384 = ORIENTED_EDGE('',*,*,#8385,.T.);
#8385 = EDGE_CURVE('',#8386,#8388,#8390,.T.);
#8386 = VERTEX_POINT('',#8387);
#8387 = CARTESIAN_POINT('',(2.266032911869,-2.230044510386,10.));
#8388 = VERTEX_POINT('',#8389);
#8389 = CARTESIAN_POINT('',(2.266032911869,-2.230044510386,9.6));
#8390 = LINE('',#8391,#8392);
#8391 = CARTESIAN_POINT('',(2.266032911869,-2.230044510386,10.));
#8392 = VECTOR('',#8393,1.);
#8393 = DIRECTION('',(0.,0.,-1.));
#8394 = ORIENTED_EDGE('',*,*,#8395,.T.);
#8395 = EDGE_CURVE('',#8388,#8357,#8396,.T.);
#8396 = B_SPLINE_CURVE_WITH_KNOTS('',2,(#8397,#8398,#8399),
  .UNSPECIFIED.,.F.,.F.,(3,3),(0.,1.),.PIECEWISE_BEZIER_KNOTS.);
#8397 = CARTESIAN_POINT('',(2.266032911869,-2.230044510386,9.6));
#8398 = CARTESIAN_POINT('',(2.2959383273,-2.259949925816,9.6));
#8399 = CARTESIAN_POINT('',(2.2959383273,-2.306964020772,9.6));
#8400 = ORIENTED_EDGE('',*,*,#8354,.F.);
#8401 = ORIENTED_EDGE('',*,*,#8402,.F.);
#8402 = EDGE_CURVE('',#8386,#8355,#8403,.T.);
#8403 = B_SPLINE_CURVE_WITH_KNOTS('',2,(#8404,#8405,#8406),
  .UNSPECIFIED.,.F.,.F.,(3,3),(0.,1.),.PIECEWISE_BEZIER_KNOTS.);
#8404 = CARTESIAN_POINT('',(2.266032911869,-2.230044510386,10.));
#8405 = CARTESIAN_POINT('',(2.2959383273,-2.259949925816,10.));
#8406 = CARTESIAN_POINT('',(2.2959383273,-2.306964020772,10.));
#8407 = SURFACE_OF_LINEAR_EXTRUSION('',#8408,#8412);
#8408 = B_SPLINE_CURVE_WITH_KNOTS('',2,(#8409,#8410,#8411),
  .UNSPECIFIED.,.F.,.F.,(3,3),(0.,1.),.PIECEWISE_BEZIER_KNOTS.);
#8409 = CARTESIAN_POINT('',(2.266032911869,-2.230044510386,10.));
#8410 = CARTESIAN_POINT('',(2.2959383273,-2.259949925816,10.));
#8411 = CARTESIAN_POINT('',(2.2959383273,-2.306964020772,10.));
#8412 = VECTOR('',#8413,1.);
#8413 = DIRECTION('',(-0.,-0.,1.));
#8414 = ADVANCED_FACE('',(#8415),#8440,.F.);
#8415 = FACE_BOUND('',#8416,.F.);
#8416 = EDGE_LOOP('',(#8417,#8427,#8433,#8434));
#8417 = ORIENTED_EDGE('',*,*,#8418,.T.);
#8418 = EDGE_CURVE('',#8419,#8421,#8423,.T.);
#8419 = VERTEX_POINT('',#8420);
#8420 = CARTESIAN_POINT('',(2.189113401484,-2.2,10.));
#8421 = VERTEX_POINT('',#8422);
#8422 = CARTESIAN_POINT('',(2.189113401484,-2.2,9.6));
#8423 = LINE('',#8424,#8425);
#8424 = CARTESIAN_POINT('',(2.189113401484,-2.2,10.));
#8425 = VECTOR('',#8426,1.);
#8426 = DIRECTION('',(0.,0.,-1.));
#8427 = ORIENTED_EDGE('',*,*,#8428,.T.);
#8428 = EDGE_CURVE('',#8421,#8388,#8429,.T.);
#8429 = B_SPLINE_CURVE_WITH_KNOTS('',2,(#8430,#8431,#8432),
  .UNSPECIFIED.,.F.,.F.,(3,3),(0.,1.),.PIECEWISE_BEZIER_KNOTS.);
#8430 = CARTESIAN_POINT('',(2.189113401484,-2.2,9.6));
#8431 = CARTESIAN_POINT('',(2.236127496439,-2.2,9.6));
#8432 = CARTESIAN_POINT('',(2.266032911869,-2.230044510386,9.6));
#8433 = ORIENTED_EDGE('',*,*,#8385,.F.);
#8434 = ORIENTED_EDGE('',*,*,#8435,.F.);
#8435 = EDGE_CURVE('',#8419,#8386,#8436,.T.);
#8436 = B_SPLINE_CURVE_WITH_KNOTS('',2,(#8437,#8438,#8439),
  .UNSPECIFIED.,.F.,.F.,(3,3),(0.,1.),.PIECEWISE_BEZIER_KNOTS.);
#8437 = CARTESIAN_POINT('',(2.189113401484,-2.2,10.));
#8438 = CARTESIAN_POINT('',(2.236127496439,-2.2,10.));
#8439 = CARTESIAN_POINT('',(2.266032911869,-2.230044510386,10.));
#8440 = SURFACE_OF_LINEAR_EXTRUSION('',#8441,#8445);
#8441 = B_SPLINE_CURVE_WITH_KNOTS('',2,(#8442,#8443,#8444),
  .UNSPECIFIED.,.F.,.F.,(3,3),(0.,1.),.PIECEWISE_BEZIER_KNOTS.);
#8442 = CARTESIAN_POINT('',(2.189113401484,-2.2,10.));
#8443 = CARTESIAN_POINT('',(2.236127496439,-2.2,10.));
#8444 = CARTESIAN_POINT('',(2.266032911869,-2.230044510386,10.));
#8445 = VECTOR('',#8446,1.);
#8446 = DIRECTION('',(-0.,-0.,1.));
#8447 = ADVANCED_FACE('',(#8448),#8473,.F.);
#8448 = FACE_BOUND('',#8449,.F.);
#8449 = EDGE_LOOP('',(#8450,#8460,#8466,#8467));
#8450 = ORIENTED_EDGE('',*,*,#8451,.T.);
#8451 = EDGE_CURVE('',#8452,#8454,#8456,.T.);
#8452 = VERTEX_POINT('',#8453);
#8453 = CARTESIAN_POINT('',(0.252911621068,-2.2,10.));
#8454 = VERTEX_POINT('',#8455);
#8455 = CARTESIAN_POINT('',(0.252911621068,-2.2,9.6));
#8456 = LINE('',#8457,#8458);
#8457 = CARTESIAN_POINT('',(0.252911621068,-2.2,10.));
#8458 = VECTOR('',#8459,1.);
#8459 = DIRECTION('',(0.,0.,-1.));
#8460 = ORIENTED_EDGE('',*,*,#8461,.T.);
#8461 = EDGE_CURVE('',#8454,#8421,#8462,.T.);
#8462 = LINE('',#8463,#8464);
#8463 = CARTESIAN_POINT('',(0.252911621068,-2.2,9.6));
#8464 = VECTOR('',#8465,1.);
#8465 = DIRECTION('',(1.,0.,0.));
#8466 = ORIENTED_EDGE('',*,*,#8418,.F.);
#8467 = ORIENTED_EDGE('',*,*,#8468,.F.);
#8468 = EDGE_CURVE('',#8452,#8419,#8469,.T.);
#8469 = LINE('',#8470,#8471);
#8470 = CARTESIAN_POINT('',(0.252911621068,-2.2,10.));
#8471 = VECTOR('',#8472,1.);
#8472 = DIRECTION('',(1.,0.,0.));
#8473 = PLANE('',#8474);
#8474 = AXIS2_PLACEMENT_3D('',#8475,#8476,#8477);
#8475 = CARTESIAN_POINT('',(0.252911621068,-2.2,10.));
#8476 = DIRECTION('',(0.,-1.,0.));
#8477 = DIRECTION('',(1.,0.,0.));
#8478 = ADVANCED_FACE('',(#8479),#8504,.F.);
#8479 = FACE_BOUND('',#8480,.F.);
#8480 = EDGE_LOOP('',(#8481,#8491,#8497,#8498));
#8481 = ORIENTED_EDGE('',*,*,#8482,.T.);
#8482 = EDGE_CURVE('',#8483,#8485,#8487,.T.);
#8483 = VERTEX_POINT('',#8484);
#8484 = CARTESIAN_POINT('',(0.175992110682,-2.230044510386,10.));
#8485 = VERTEX_POINT('',#8486);
#8486 = CARTESIAN_POINT('',(0.175992110682,-2.230044510386,9.6));
#8487 = LINE('',#8488,#8489);
#8488 = CARTESIAN_POINT('',(0.175992110682,-2.230044510386,10.));
#8489 = VECTOR('',#8490,1.);
#8490 = DIRECTION('',(0.,0.,-1.));
#8491 = ORIENTED_EDGE('',*,*,#8492,.T.);
#8492 = EDGE_CURVE('',#8485,#8454,#8493,.T.);
#8493 = B_SPLINE_CURVE_WITH_KNOTS('',2,(#8494,#8495,#8496),
  .UNSPECIFIED.,.F.,.F.,(3,3),(0.,1.),.PIECEWISE_BEZIER_KNOTS.);
#8494 = CARTESIAN_POINT('',(0.175992110682,-2.230044510386,9.6));
#8495 = CARTESIAN_POINT('',(0.205897526113,-2.2,9.6));
#8496 = CARTESIAN_POINT('',(0.252911621068,-2.2,9.6));
#8497 = ORIENTED_EDGE('',*,*,#8451,.F.);
#8498 = ORIENTED_EDGE('',*,*,#8499,.F.);
#8499 = EDGE_CURVE('',#8483,#8452,#8500,.T.);
#8500 = B_SPLINE_CURVE_WITH_KNOTS('',2,(#8501,#8502,#8503),
  .UNSPECIFIED.,.F.,.F.,(3,3),(0.,1.),.PIECEWISE_BEZIER_KNOTS.);
#8501 = CARTESIAN_POINT('',(0.175992110682,-2.230044510386,10.));
#8502 = CARTESIAN_POINT('',(0.205897526113,-2.2,10.));
#8503 = CARTESIAN_POINT('',(0.252911621068,-2.2,10.));
#8504 = SURFACE_OF_LINEAR_EXTRUSION('',#8505,#8509);
#8505 = B_SPLINE_CURVE_WITH_KNOTS('',2,(#8506,#8507,#8508),
  .UNSPECIFIED.,.F.,.F.,(3,3),(0.,1.),.PIECEWISE_BEZIER_KNOTS.);
#8506 = CARTESIAN_POINT('',(0.175992110682,-2.230044510386,10.));
#8507 = CARTESIAN_POINT('',(0.205897526113,-2.2,10.));
#8508 = CARTESIAN_POINT('',(0.252911621068,-2.2,10.));
#8509 = VECTOR('',#8510,1.);
#8510 = DIRECTION('',(-0.,-0.,1.));
#8511 = ADVANCED_FACE('',(#8512),#8537,.F.);
#8512 = FACE_BOUND('',#8513,.F.);
#8513 = EDGE_LOOP('',(#8514,#8524,#8530,#8531));
#8514 = ORIENTED_EDGE('',*,*,#8515,.T.);
#8515 = EDGE_CURVE('',#8516,#8518,#8520,.T.);
#8516 = VERTEX_POINT('',#8517);
#8517 = CARTESIAN_POINT('',(0.146086695252,-2.307103115727,10.));
#8518 = VERTEX_POINT('',#8519);
#8519 = CARTESIAN_POINT('',(0.146086695252,-2.307103115727,9.6));
#8520 = LINE('',#8521,#8522);
#8521 = CARTESIAN_POINT('',(0.146086695252,-2.307103115727,10.));
#8522 = VECTOR('',#8523,1.);
#8523 = DIRECTION('',(0.,0.,-1.));
#8524 = ORIENTED_EDGE('',*,*,#8525,.T.);
#8525 = EDGE_CURVE('',#8518,#8485,#8526,.T.);
#8526 = B_SPLINE_CURVE_WITH_KNOTS('',2,(#8527,#8528,#8529),
  .UNSPECIFIED.,.F.,.F.,(3,3),(0.,1.),.PIECEWISE_BEZIER_KNOTS.);
#8527 = CARTESIAN_POINT('',(0.146086695252,-2.307103115727,9.6));
#8528 = CARTESIAN_POINT('',(0.146086695252,-2.259949925816,9.6));
#8529 = CARTESIAN_POINT('',(0.175992110682,-2.230044510386,9.6));
#8530 = ORIENTED_EDGE('',*,*,#8482,.F.);
#8531 = ORIENTED_EDGE('',*,*,#8532,.F.);
#8532 = EDGE_CURVE('',#8516,#8483,#8533,.T.);
#8533 = B_SPLINE_CURVE_WITH_KNOTS('',2,(#8534,#8535,#8536),
  .UNSPECIFIED.,.F.,.F.,(3,3),(0.,1.),.PIECEWISE_BEZIER_KNOTS.);
#8534 = CARTESIAN_POINT('',(0.146086695252,-2.307103115727,10.));
#8535 = CARTESIAN_POINT('',(0.146086695252,-2.259949925816,10.));
#8536 = CARTESIAN_POINT('',(0.175992110682,-2.230044510386,10.));
#8537 = SURFACE_OF_LINEAR_EXTRUSION('',#8538,#8542);
#8538 = B_SPLINE_CURVE_WITH_KNOTS('',2,(#8539,#8540,#8541),
  .UNSPECIFIED.,.F.,.F.,(3,3),(0.,1.),.PIECEWISE_BEZIER_KNOTS.);
#8539 = CARTESIAN_POINT('',(0.146086695252,-2.307103115727,10.));
#8540 = CARTESIAN_POINT('',(0.146086695252,-2.259949925816,10.));
#8541 = CARTESIAN_POINT('',(0.175992110682,-2.230044510386,10.));
#8542 = VECTOR('',#8543,1.);
#8543 = DIRECTION('',(-0.,-0.,1.));
#8544 = ADVANCED_FACE('',(#8545),#8570,.F.);
#8545 = FACE_BOUND('',#8546,.F.);
#8546 = EDGE_LOOP('',(#8547,#8557,#8563,#8564));
#8547 = ORIENTED_EDGE('',*,*,#8548,.T.);
#8548 = EDGE_CURVE('',#8549,#8551,#8553,.T.);
#8549 = VERTEX_POINT('',#8550);
#8550 = CARTESIAN_POINT('',(0.146086695252,-5.092757789318,10.));
#8551 = VERTEX_POINT('',#8552);
#8552 = CARTESIAN_POINT('',(0.146086695252,-5.092757789318,9.6));
#8553 = LINE('',#8554,#8555);
#8554 = CARTESIAN_POINT('',(0.146086695252,-5.092757789318,10.));
#8555 = VECTOR('',#8556,1.);
#8556 = DIRECTION('',(0.,0.,-1.));
#8557 = ORIENTED_EDGE('',*,*,#8558,.T.);
#8558 = EDGE_CURVE('',#8551,#8518,#8559,.T.);
#8559 = LINE('',#8560,#8561);
#8560 = CARTESIAN_POINT('',(0.146086695252,-5.092757789318,9.6));
#8561 = VECTOR('',#8562,1.);
#8562 = DIRECTION('',(0.,1.,0.));
#8563 = ORIENTED_EDGE('',*,*,#8515,.F.);
#8564 = ORIENTED_EDGE('',*,*,#8565,.F.);
#8565 = EDGE_CURVE('',#8549,#8516,#8566,.T.);
#8566 = LINE('',#8567,#8568);
#8567 = CARTESIAN_POINT('',(0.146086695252,-5.092757789318,10.));
#8568 = VECTOR('',#8569,1.);
#8569 = DIRECTION('',(0.,1.,0.));
#8570 = PLANE('',#8571);
#8571 = AXIS2_PLACEMENT_3D('',#8572,#8573,#8574);
#8572 = CARTESIAN_POINT('',(0.146086695252,-5.092757789318,10.));
#8573 = DIRECTION('',(1.,-0.,0.));
#8574 = DIRECTION('',(0.,1.,0.));
#8575 = ADVANCED_FACE('',(#8576),#8592,.F.);
#8576 = FACE_BOUND('',#8577,.F.);
#8577 = EDGE_LOOP('',(#8578,#8579,#8585,#8586));
#8578 = ORIENTED_EDGE('',*,*,#7721,.T.);
#8579 = ORIENTED_EDGE('',*,*,#8580,.T.);
#8580 = EDGE_CURVE('',#7714,#8551,#8581,.T.);
#8581 = B_SPLINE_CURVE_WITH_KNOTS('',2,(#8582,#8583,#8584),
  .UNSPECIFIED.,.F.,.F.,(3,3),(0.,1.),.PIECEWISE_BEZIER_KNOTS.);
#8582 = CARTESIAN_POINT('',(0.175992110682,-5.17009458457,9.6));
#8583 = CARTESIAN_POINT('',(0.146086695252,-5.140050074184,9.6));
#8584 = CARTESIAN_POINT('',(0.146086695252,-5.092757789318,9.6));
#8585 = ORIENTED_EDGE('',*,*,#8548,.F.);
#8586 = ORIENTED_EDGE('',*,*,#8587,.F.);
#8587 = EDGE_CURVE('',#7722,#8549,#8588,.T.);
#8588 = B_SPLINE_CURVE_WITH_KNOTS('',2,(#8589,#8590,#8591),
  .UNSPECIFIED.,.F.,.F.,(3,3),(0.,1.),.PIECEWISE_BEZIER_KNOTS.);
#8589 = CARTESIAN_POINT('',(0.175992110682,-5.17009458457,10.));
#8590 = CARTESIAN_POINT('',(0.146086695252,-5.140050074184,10.));
#8591 = CARTESIAN_POINT('',(0.146086695252,-5.092757789318,10.));
#8592 = SURFACE_OF_LINEAR_EXTRUSION('',#8593,#8597);
#8593 = B_SPLINE_CURVE_WITH_KNOTS('',2,(#8594,#8595,#8596),
  .UNSPECIFIED.,.F.,.F.,(3,3),(0.,1.),.PIECEWISE_BEZIER_KNOTS.);
#8594 = CARTESIAN_POINT('',(0.175992110682,-5.17009458457,10.));
#8595 = CARTESIAN_POINT('',(0.146086695252,-5.140050074184,10.));
#8596 = CARTESIAN_POINT('',(0.146086695252,-5.092757789318,10.));
#8597 = VECTOR('',#8598,1.);
#8598 = DIRECTION('',(-0.,-0.,1.));
#8599 = ADVANCED_FACE('',(#8600),#8630,.T.);
#8600 = FACE_BOUND('',#8601,.T.);
#8601 = EDGE_LOOP('',(#8602,#8603,#8604,#8605,#8606,#8607,#8608,#8609,
    #8610,#8611,#8612,#8613,#8614,#8615,#8616,#8617,#8618,#8619,#8620,
    #8621,#8622,#8623,#8624,#8625,#8626,#8627,#8628,#8629));
#8602 = ORIENTED_EDGE('',*,*,#7729,.F.);
#8603 = ORIENTED_EDGE('',*,*,#7762,.F.);
#8604 = ORIENTED_EDGE('',*,*,#7793,.F.);
#8605 = ORIENTED_EDGE('',*,*,#7826,.F.);
#8606 = ORIENTED_EDGE('',*,*,#7859,.F.);
#8607 = ORIENTED_EDGE('',*,*,#7890,.F.);
#8608 = ORIENTED_EDGE('',*,*,#7923,.F.);
#8609 = ORIENTED_EDGE('',*,*,#7956,.F.);
#8610 = ORIENTED_EDGE('',*,*,#7987,.F.);
#8611 = ORIENTED_EDGE('',*,*,#8018,.F.);
#8612 = ORIENTED_EDGE('',*,*,#8049,.F.);
#8613 = ORIENTED_EDGE('',*,*,#8082,.F.);
#8614 = ORIENTED_EDGE('',*,*,#8115,.F.);
#8615 = ORIENTED_EDGE('',*,*,#8146,.F.);
#8616 = ORIENTED_EDGE('',*,*,#8179,.F.);
#8617 = ORIENTED_EDGE('',*,*,#8212,.F.);
#8618 = ORIENTED_EDGE('',*,*,#8243,.F.);
#8619 = ORIENTED_EDGE('',*,*,#8274,.F.);
#8620 = ORIENTED_EDGE('',*,*,#8305,.F.);
#8621 = ORIENTED_EDGE('',*,*,#8338,.F.);
#8622 = ORIENTED_EDGE('',*,*,#8371,.F.);
#8623 = ORIENTED_EDGE('',*,*,#8402,.F.);
#8624 = ORIENTED_EDGE('',*,*,#8435,.F.);
#8625 = ORIENTED_EDGE('',*,*,#8468,.F.);
#8626 = ORIENTED_EDGE('',*,*,#8499,.F.);
#8627 = ORIENTED_EDGE('',*,*,#8532,.F.);
#8628 = ORIENTED_EDGE('',*,*,#8565,.F.);
#8629 = ORIENTED_EDGE('',*,*,#8587,.F.);
#8630 = PLANE('',#8631);
#8631 = AXIS2_PLACEMENT_3D('',#8632,#8633,#8634);
#8632 = CARTESIAN_POINT('',(1.194586385577,-3.70398914931,10.));
#8633 = DIRECTION('',(0.,0.,1.));
#8634 = DIRECTION('',(1.,0.,0.));
#8635 = ADVANCED_FACE('',(#8636),#8666,.F.);
#8636 = FACE_BOUND('',#8637,.F.);
#8637 = EDGE_LOOP('',(#8638,#8639,#8640,#8641,#8642,#8643,#8644,#8645,
    #8646,#8647,#8648,#8649,#8650,#8651,#8652,#8653,#8654,#8655,#8656,
    #8657,#8658,#8659,#8660,#8661,#8662,#8663,#8664,#8665));
#8638 = ORIENTED_EDGE('',*,*,#7713,.F.);
#8639 = ORIENTED_EDGE('',*,*,#7755,.F.);
#8640 = ORIENTED_EDGE('',*,*,#7786,.F.);
#8641 = ORIENTED_EDGE('',*,*,#7819,.F.);
#8642 = ORIENTED_EDGE('',*,*,#7852,.F.);
#8643 = ORIENTED_EDGE('',*,*,#7883,.F.);
#8644 = ORIENTED_EDGE('',*,*,#7916,.F.);
#8645 = ORIENTED_EDGE('',*,*,#7949,.F.);
#8646 = ORIENTED_EDGE('',*,*,#7980,.F.);
#8647 = ORIENTED_EDGE('',*,*,#8011,.F.);
#8648 = ORIENTED_EDGE('',*,*,#8042,.F.);
#8649 = ORIENTED_EDGE('',*,*,#8075,.F.);
#8650 = ORIENTED_EDGE('',*,*,#8108,.F.);
#8651 = ORIENTED_EDGE('',*,*,#8139,.F.);
#8652 = ORIENTED_EDGE('',*,*,#8172,.F.);
#8653 = ORIENTED_EDGE('',*,*,#8205,.F.);
#8654 = ORIENTED_EDGE('',*,*,#8236,.F.);
#8655 = ORIENTED_EDGE('',*,*,#8267,.F.);
#8656 = ORIENTED_EDGE('',*,*,#8298,.F.);
#8657 = ORIENTED_EDGE('',*,*,#8331,.F.);
#8658 = ORIENTED_EDGE('',*,*,#8364,.F.);
#8659 = ORIENTED_EDGE('',*,*,#8395,.F.);
#8660 = ORIENTED_EDGE('',*,*,#8428,.F.);
#8661 = ORIENTED_EDGE('',*,*,#8461,.F.);
#8662 = ORIENTED_EDGE('',*,*,#8492,.F.);
#8663 = ORIENTED_EDGE('',*,*,#8525,.F.);
#8664 = ORIENTED_EDGE('',*,*,#8558,.F.);
#8665 = ORIENTED_EDGE('',*,*,#8580,.F.);
#8666 = PLANE('',#8667);
#8667 = AXIS2_PLACEMENT_3D('',#8668,#8669,#8670);
#8668 = CARTESIAN_POINT('',(1.194586385577,-3.70398914931,9.6));
#8669 = DIRECTION('',(0.,0.,1.));
#8670 = DIRECTION('',(1.,0.,0.));
#8671 = MANIFOLD_SOLID_BREP('',#8672);
#8672 = CLOSED_SHELL('',(#8673,#8715,#8746,#8779,#8812,#8843,#8874,#8907
    ,#8940,#8971,#9004,#9037,#9068,#9099,#9132,#9165,#9196,#9229,#9262,
    #9293,#9326,#9359,#9390,#9423,#9456,#9487,#9518,#9551,#9584,#9615,
    #9648,#9681,#9712,#9736,#9777));
#8673 = ADVANCED_FACE('',(#8674),#8708,.F.);
#8674 = FACE_BOUND('',#8675,.F.);
#8675 = EDGE_LOOP('',(#8676,#8686,#8694,#8702));
#8676 = ORIENTED_EDGE('',*,*,#8677,.T.);
#8677 = EDGE_CURVE('',#8678,#8680,#8682,.T.);
#8678 = VERTEX_POINT('',#8679);
#8679 = CARTESIAN_POINT('',(2.839660508309,-5.2,10.));
#8680 = VERTEX_POINT('',#8681);
#8681 = CARTESIAN_POINT('',(2.839660508309,-5.2,9.6));
#8682 = LINE('',#8683,#8684);
#8683 = CARTESIAN_POINT('',(2.839660508309,-5.2,10.));
#8684 = VECTOR('',#8685,1.);
#8685 = DIRECTION('',(0.,0.,-1.));
#8686 = ORIENTED_EDGE('',*,*,#8687,.T.);
#8687 = EDGE_CURVE('',#8680,#8688,#8690,.T.);
#8688 = VERTEX_POINT('',#8689);
#8689 = CARTESIAN_POINT('',(2.765383802077,-5.17009458457,9.6));
#8690 = B_SPLINE_CURVE_WITH_KNOTS('',2,(#8691,#8692,#8693),
  .UNSPECIFIED.,.F.,.F.,(3,3),(0.,1.),.PIECEWISE_BEZIER_KNOTS.);
#8691 = CARTESIAN_POINT('',(2.839660508309,-5.2,9.6));
#8692 = CARTESIAN_POINT('',(2.797236546884,-5.2,9.6));
#8693 = CARTESIAN_POINT('',(2.765383802077,-5.17009458457,9.6));
#8694 = ORIENTED_EDGE('',*,*,#8695,.F.);
#8695 = EDGE_CURVE('',#8696,#8688,#8698,.T.);
#8696 = VERTEX_POINT('',#8697);
#8697 = CARTESIAN_POINT('',(2.765383802077,-5.17009458457,10.));
#8698 = LINE('',#8699,#8700);
#8699 = CARTESIAN_POINT('',(2.765383802077,-5.17009458457,10.));
#8700 = VECTOR('',#8701,1.);
#8701 = DIRECTION('',(0.,0.,-1.));
#8702 = ORIENTED_EDGE('',*,*,#8703,.F.);
#8703 = EDGE_CURVE('',#8678,#8696,#8704,.T.);
#8704 = B_SPLINE_CURVE_WITH_KNOTS('',2,(#8705,#8706,#8707),
  .UNSPECIFIED.,.F.,.F.,(3,3),(0.,1.),.PIECEWISE_BEZIER_KNOTS.);
#8705 = CARTESIAN_POINT('',(2.839660508309,-5.2,10.));
#8706 = CARTESIAN_POINT('',(2.797236546884,-5.2,10.));
#8707 = CARTESIAN_POINT('',(2.765383802077,-5.17009458457,10.));
#8708 = SURFACE_OF_LINEAR_EXTRUSION('',#8709,#8713);
#8709 = B_SPLINE_CURVE_WITH_KNOTS('',2,(#8710,#8711,#8712),
  .UNSPECIFIED.,.F.,.F.,(3,3),(0.,1.),.PIECEWISE_BEZIER_KNOTS.);
#8710 = CARTESIAN_POINT('',(2.839660508309,-5.2,10.));
#8711 = CARTESIAN_POINT('',(2.797236546884,-5.2,10.));
#8712 = CARTESIAN_POINT('',(2.765383802077,-5.17009458457,10.));
#8713 = VECTOR('',#8714,1.);
#8714 = DIRECTION('',(-0.,-0.,1.));
#8715 = ADVANCED_FACE('',(#8716),#8741,.F.);
#8716 = FACE_BOUND('',#8717,.F.);
#8717 = EDGE_LOOP('',(#8718,#8728,#8734,#8735));
#8718 = ORIENTED_EDGE('',*,*,#8719,.T.);
#8719 = EDGE_CURVE('',#8720,#8722,#8724,.T.);
#8720 = VERTEX_POINT('',#8721);
#8721 = CARTESIAN_POINT('',(3.272663104748,-5.2,10.));
#8722 = VERTEX_POINT('',#8723);
#8723 = CARTESIAN_POINT('',(3.272663104748,-5.2,9.6));
#8724 = LINE('',#8725,#8726);
#8725 = CARTESIAN_POINT('',(3.272663104748,-5.2,10.));
#8726 = VECTOR('',#8727,1.);
#8727 = DIRECTION('',(0.,0.,-1.));
#8728 = ORIENTED_EDGE('',*,*,#8729,.T.);
#8729 = EDGE_CURVE('',#8722,#8680,#8730,.T.);
#8730 = LINE('',#8731,#8732);
#8731 = CARTESIAN_POINT('',(3.272663104748,-5.2,9.6));
#8732 = VECTOR('',#8733,1.);
#8733 = DIRECTION('',(-1.,0.,0.));
#8734 = ORIENTED_EDGE('',*,*,#8677,.F.);
#8735 = ORIENTED_EDGE('',*,*,#8736,.F.);
#8736 = EDGE_CURVE('',#8720,#8678,#8737,.T.);
#8737 = LINE('',#8738,#8739);
#8738 = CARTESIAN_POINT('',(3.272663104748,-5.2,10.));
#8739 = VECTOR('',#8740,1.);
#8740 = DIRECTION('',(-1.,0.,0.));
#8741 = PLANE('',#8742);
#8742 = AXIS2_PLACEMENT_3D('',#8743,#8744,#8745);
#8743 = CARTESIAN_POINT('',(3.272663104748,-5.2,10.));
#8744 = DIRECTION('',(0.,1.,0.));
#8745 = DIRECTION('',(-1.,0.,0.));
#8746 = ADVANCED_FACE('',(#8747),#8772,.F.);
#8747 = FACE_BOUND('',#8748,.F.);
#8748 = EDGE_LOOP('',(#8749,#8759,#8765,#8766));
#8749 = ORIENTED_EDGE('',*,*,#8750,.T.);
#8750 = EDGE_CURVE('',#8751,#8753,#8755,.T.);
#8751 = VERTEX_POINT('',#8752);
#8752 = CARTESIAN_POINT('',(3.344714291691,-5.17009458457,10.));
#8753 = VERTEX_POINT('',#8754);
#8754 = CARTESIAN_POINT('',(3.344714291691,-5.17009458457,9.6));
#8755 = LINE('',#8756,#8757);
#8756 = CARTESIAN_POINT('',(3.344714291691,-5.17009458457,10.));
#8757 = VECTOR('',#8758,1.);
#8758 = DIRECTION('',(0.,0.,-1.));
#8759 = ORIENTED_EDGE('',*,*,#8760,.T.);
#8760 = EDGE_CURVE('',#8753,#8722,#8761,.T.);
#8761 = B_SPLINE_CURVE_WITH_KNOTS('',2,(#8762,#8763,#8764),
  .UNSPECIFIED.,.F.,.F.,(3,3),(0.,1.),.PIECEWISE_BEZIER_KNOTS.);
#8762 = CARTESIAN_POINT('',(3.344714291691,-5.17009458457,9.6));
#8763 = CARTESIAN_POINT('',(3.315087066172,-5.2,9.6));
#8764 = CARTESIAN_POINT('',(3.272663104748,-5.2,9.6));
#8765 = ORIENTED_EDGE('',*,*,#8719,.F.);
#8766 = ORIENTED_EDGE('',*,*,#8767,.F.);
#8767 = EDGE_CURVE('',#8751,#8720,#8768,.T.);
#8768 = B_SPLINE_CURVE_WITH_KNOTS('',2,(#8769,#8770,#8771),
  .UNSPECIFIED.,.F.,.F.,(3,3),(0.,1.),.PIECEWISE_BEZIER_KNOTS.);
#8769 = CARTESIAN_POINT('',(3.344714291691,-5.17009458457,10.));
#8770 = CARTESIAN_POINT('',(3.315087066172,-5.2,10.));
#8771 = CARTESIAN_POINT('',(3.272663104748,-5.2,10.));
#8772 = SURFACE_OF_LINEAR_EXTRUSION('',#8773,#8777);
#8773 = B_SPLINE_CURVE_WITH_KNOTS('',2,(#8774,#8775,#8776),
  .UNSPECIFIED.,.F.,.F.,(3,3),(0.,1.),.PIECEWISE_BEZIER_KNOTS.);
#8774 = CARTESIAN_POINT('',(3.344714291691,-5.17009458457,10.));
#8775 = CARTESIAN_POINT('',(3.315087066172,-5.2,10.));
#8776 = CARTESIAN_POINT('',(3.272663104748,-5.2,10.));
#8777 = VECTOR('',#8778,1.);
#8778 = DIRECTION('',(-0.,-0.,1.));
#8779 = ADVANCED_FACE('',(#8780),#8805,.F.);
#8780 = FACE_BOUND('',#8781,.F.);
#8781 = EDGE_LOOP('',(#8782,#8792,#8798,#8799));
#8782 = ORIENTED_EDGE('',*,*,#8783,.T.);
#8783 = EDGE_CURVE('',#8784,#8786,#8788,.T.);
#8784 = VERTEX_POINT('',#8785);
#8785 = CARTESIAN_POINT('',(3.374480612166,-5.092896884273,10.));
#8786 = VERTEX_POINT('',#8787);
#8787 = CARTESIAN_POINT('',(3.374480612166,-5.092896884273,9.6));
#8788 = LINE('',#8789,#8790);
#8789 = CARTESIAN_POINT('',(3.374480612166,-5.092896884273,10.));
#8790 = VECTOR('',#8791,1.);
#8791 = DIRECTION('',(0.,0.,-1.));
#8792 = ORIENTED_EDGE('',*,*,#8793,.T.);
#8793 = EDGE_CURVE('',#8786,#8753,#8794,.T.);
#8794 = B_SPLINE_CURVE_WITH_KNOTS('',2,(#8795,#8796,#8797),
  .UNSPECIFIED.,.F.,.F.,(3,3),(0.,1.),.PIECEWISE_BEZIER_KNOTS.);
#8795 = CARTESIAN_POINT('',(3.374480612166,-5.092896884273,9.6));
#8796 = CARTESIAN_POINT('',(3.374480612166,-5.140050074184,9.6));
#8797 = CARTESIAN_POINT('',(3.344714291691,-5.17009458457,9.6));
#8798 = ORIENTED_EDGE('',*,*,#8750,.F.);
#8799 = ORIENTED_EDGE('',*,*,#8800,.F.);
#8800 = EDGE_CURVE('',#8784,#8751,#8801,.T.);
#8801 = B_SPLINE_CURVE_WITH_KNOTS('',2,(#8802,#8803,#8804),
  .UNSPECIFIED.,.F.,.F.,(3,3),(0.,1.),.PIECEWISE_BEZIER_KNOTS.);
#8802 = CARTESIAN_POINT('',(3.374480612166,-5.092896884273,10.));
#8803 = CARTESIAN_POINT('',(3.374480612166,-5.140050074184,10.));
#8804 = CARTESIAN_POINT('',(3.344714291691,-5.17009458457,10.));
#8805 = SURFACE_OF_LINEAR_EXTRUSION('',#8806,#8810);
#8806 = B_SPLINE_CURVE_WITH_KNOTS('',2,(#8807,#8808,#8809),
  .UNSPECIFIED.,.F.,.F.,(3,3),(0.,1.),.PIECEWISE_BEZIER_KNOTS.);
#8807 = CARTESIAN_POINT('',(3.374480612166,-5.092896884273,10.));
#8808 = CARTESIAN_POINT('',(3.374480612166,-5.140050074184,10.));
#8809 = CARTESIAN_POINT('',(3.344714291691,-5.17009458457,10.));
#8810 = VECTOR('',#8811,1.);
#8811 = DIRECTION('',(-0.,-0.,1.));
#8812 = ADVANCED_FACE('',(#8813),#8838,.F.);
#8813 = FACE_BOUND('',#8814,.F.);
#8814 = EDGE_LOOP('',(#8815,#8825,#8831,#8832));
#8815 = ORIENTED_EDGE('',*,*,#8816,.T.);
#8816 = EDGE_CURVE('',#8817,#8819,#8821,.T.);
#8817 = VERTEX_POINT('',#8818);
#8818 = CARTESIAN_POINT('',(3.374480612166,-3.361442878338,10.));
#8819 = VERTEX_POINT('',#8820);
#8820 = CARTESIAN_POINT('',(3.374480612166,-3.361442878338,9.6));
#8821 = LINE('',#8822,#8823);
#8822 = CARTESIAN_POINT('',(3.374480612166,-3.361442878338,10.));
#8823 = VECTOR('',#8824,1.);
#8824 = DIRECTION('',(0.,0.,-1.));
#8825 = ORIENTED_EDGE('',*,*,#8826,.T.);
#8826 = EDGE_CURVE('',#8819,#8786,#8827,.T.);
#8827 = LINE('',#8828,#8829);
#8828 = CARTESIAN_POINT('',(3.374480612166,-3.361442878338,9.6));
#8829 = VECTOR('',#8830,1.);
#8830 = DIRECTION('',(0.,-1.,0.));
#8831 = ORIENTED_EDGE('',*,*,#8783,.F.);
#8832 = ORIENTED_EDGE('',*,*,#8833,.F.);
#8833 = EDGE_CURVE('',#8817,#8784,#8834,.T.);
#8834 = LINE('',#8835,#8836);
#8835 = CARTESIAN_POINT('',(3.374480612166,-3.361442878338,10.));
#8836 = VECTOR('',#8837,1.);
#8837 = DIRECTION('',(0.,-1.,0.));
#8838 = PLANE('',#8839);
#8839 = AXIS2_PLACEMENT_3D('',#8840,#8841,#8842);
#8840 = CARTESIAN_POINT('',(3.374480612166,-3.361442878338,10.));
#8841 = DIRECTION('',(-1.,-0.,-0.));
#8842 = DIRECTION('',(0.,-1.,0.));
#8843 = ADVANCED_FACE('',(#8844),#8869,.F.);
#8844 = FACE_BOUND('',#8845,.F.);
#8845 = EDGE_LOOP('',(#8846,#8856,#8862,#8863));
#8846 = ORIENTED_EDGE('',*,*,#8847,.T.);
#8847 = EDGE_CURVE('',#8848,#8850,#8852,.T.);
#8848 = VERTEX_POINT('',#8849);
#8849 = CARTESIAN_POINT('',(3.919732837685,-4.381565281899,10.));
#8850 = VERTEX_POINT('',#8851);
#8851 = CARTESIAN_POINT('',(3.919732837685,-4.381565281899,9.6));
#8852 = LINE('',#8853,#8854);
#8853 = CARTESIAN_POINT('',(3.919732837685,-4.381565281899,10.));
#8854 = VECTOR('',#8855,1.);
#8855 = DIRECTION('',(0.,0.,-1.));
#8856 = ORIENTED_EDGE('',*,*,#8857,.T.);
#8857 = EDGE_CURVE('',#8850,#8819,#8858,.T.);
#8858 = LINE('',#8859,#8860);
#8859 = CARTESIAN_POINT('',(3.919732837685,-4.381565281899,9.6));
#8860 = VECTOR('',#8861,1.);
#8861 = DIRECTION('',(-0.471386946908,0.881926497098,0.));
#8862 = ORIENTED_EDGE('',*,*,#8816,.F.);
#8863 = ORIENTED_EDGE('',*,*,#8864,.F.);
#8864 = EDGE_CURVE('',#8848,#8817,#8865,.T.);
#8865 = LINE('',#8866,#8867);
#8866 = CARTESIAN_POINT('',(3.919732837685,-4.381565281899,10.));
#8867 = VECTOR('',#8868,1.);
#8868 = DIRECTION('',(-0.471386946908,0.881926497098,0.));
#8869 = PLANE('',#8870);
#8870 = AXIS2_PLACEMENT_3D('',#8871,#8872,#8873);
#8871 = CARTESIAN_POINT('',(3.919732837685,-4.381565281899,10.));
#8872 = DIRECTION('',(0.881926497098,0.471386946908,0.));
#8873 = DIRECTION('',(-0.471386946908,0.881926497098,0.));
#8874 = ADVANCED_FACE('',(#8875),#8900,.F.);
#8875 = FACE_BOUND('',#8876,.F.);
#8876 = EDGE_LOOP('',(#8877,#8887,#8893,#8894));
#8877 = ORIENTED_EDGE('',*,*,#8878,.T.);
#8878 = EDGE_CURVE('',#8879,#8881,#8883,.T.);
#8879 = VERTEX_POINT('',#8880);
#8880 = CARTESIAN_POINT('',(3.975649009792,-4.450139094955,10.));
#8881 = VERTEX_POINT('',#8882);
#8882 = CARTESIAN_POINT('',(3.975649009792,-4.450139094955,9.6));
#8883 = LINE('',#8884,#8885);
#8884 = CARTESIAN_POINT('',(3.975649009792,-4.450139094955,10.));
#8885 = VECTOR('',#8886,1.);
#8886 = DIRECTION('',(0.,0.,-1.));
#8887 = ORIENTED_EDGE('',*,*,#8888,.T.);
#8888 = EDGE_CURVE('',#8881,#8850,#8889,.T.);
#8889 = B_SPLINE_CURVE_WITH_KNOTS('',2,(#8890,#8891,#8892),
  .UNSPECIFIED.,.F.,.F.,(3,3),(0.,1.),.PIECEWISE_BEZIER_KNOTS.);
#8890 = CARTESIAN_POINT('',(3.975649009792,-4.450139094955,9.6));
#8891 = CARTESIAN_POINT('',(3.941292555786,-4.42009458457,9.6));
#8892 = CARTESIAN_POINT('',(3.919732837685,-4.381565281899,9.6));
#8893 = ORIENTED_EDGE('',*,*,#8847,.F.);
#8894 = ORIENTED_EDGE('',*,*,#8895,.F.);
#8895 = EDGE_CURVE('',#8879,#8848,#8896,.T.);
#8896 = B_SPLINE_CURVE_WITH_KNOTS('',2,(#8897,#8898,#8899),
  .UNSPECIFIED.,.F.,.F.,(3,3),(0.,1.),.PIECEWISE_BEZIER_KNOTS.);
#8897 = CARTESIAN_POINT('',(3.975649009792,-4.450139094955,10.));
#8898 = CARTESIAN_POINT('',(3.941292555786,-4.42009458457,10.));
#8899 = CARTESIAN_POINT('',(3.919732837685,-4.381565281899,10.));
#8900 = SURFACE_OF_LINEAR_EXTRUSION('',#8901,#8905);
#8901 = B_SPLINE_CURVE_WITH_KNOTS('',2,(#8902,#8903,#8904),
  .UNSPECIFIED.,.F.,.F.,(3,3),(0.,1.),.PIECEWISE_BEZIER_KNOTS.);
#8902 = CARTESIAN_POINT('',(3.975649009792,-4.450139094955,10.));
#8903 = CARTESIAN_POINT('',(3.941292555786,-4.42009458457,10.));
#8904 = CARTESIAN_POINT('',(3.919732837685,-4.381565281899,10.));
#8905 = VECTOR('',#8906,1.);
#8906 = DIRECTION('',(-0.,-0.,1.));
#8907 = ADVANCED_FACE('',(#8908),#8933,.F.);
#8908 = FACE_BOUND('',#8909,.F.);
#8909 = EDGE_LOOP('',(#8910,#8920,#8926,#8927));
#8910 = ORIENTED_EDGE('',*,*,#8911,.T.);
#8911 = EDGE_CURVE('',#8912,#8914,#8916,.T.);
#8912 = VERTEX_POINT('',#8913);
#8913 = CARTESIAN_POINT('',(4.06578254095,-4.480044510386,10.));
#8914 = VERTEX_POINT('',#8915);
#8915 = CARTESIAN_POINT('',(4.06578254095,-4.480044510386,9.6));
#8916 = LINE('',#8917,#8918);
#8917 = CARTESIAN_POINT('',(4.06578254095,-4.480044510386,10.));
#8918 = VECTOR('',#8919,1.);
#8919 = DIRECTION('',(0.,0.,-1.));
#8920 = ORIENTED_EDGE('',*,*,#8921,.T.);
#8921 = EDGE_CURVE('',#8914,#8881,#8922,.T.);
#8922 = B_SPLINE_CURVE_WITH_KNOTS('',2,(#8923,#8924,#8925),
  .UNSPECIFIED.,.F.,.F.,(3,3),(0.,1.),.PIECEWISE_BEZIER_KNOTS.);
#8923 = CARTESIAN_POINT('',(4.06578254095,-4.480044510386,9.6));
#8924 = CARTESIAN_POINT('',(4.010005463798,-4.480044510386,9.6));
#8925 = CARTESIAN_POINT('',(3.975649009792,-4.450139094955,9.6));
#8926 = ORIENTED_EDGE('',*,*,#8878,.F.);
#8927 = ORIENTED_EDGE('',*,*,#8928,.F.);
#8928 = EDGE_CURVE('',#8912,#8879,#8929,.T.);
#8929 = B_SPLINE_CURVE_WITH_KNOTS('',2,(#8930,#8931,#8932),
  .UNSPECIFIED.,.F.,.F.,(3,3),(0.,1.),.PIECEWISE_BEZIER_KNOTS.);
#8930 = CARTESIAN_POINT('',(4.06578254095,-4.480044510386,10.));
#8931 = CARTESIAN_POINT('',(4.010005463798,-4.480044510386,10.));
#8932 = CARTESIAN_POINT('',(3.975649009792,-4.450139094955,10.));
#8933 = SURFACE_OF_LINEAR_EXTRUSION('',#8934,#8938);
#8934 = B_SPLINE_CURVE_WITH_KNOTS('',2,(#8935,#8936,#8937),
  .UNSPECIFIED.,.F.,.F.,(3,3),(0.,1.),.PIECEWISE_BEZIER_KNOTS.);
#8935 = CARTESIAN_POINT('',(4.06578254095,-4.480044510386,10.));
#8936 = CARTESIAN_POINT('',(4.010005463798,-4.480044510386,10.));
#8937 = CARTESIAN_POINT('',(3.975649009792,-4.450139094955,10.));
#8938 = VECTOR('',#8939,1.);
#8939 = DIRECTION('',(-0.,-0.,1.));
#8940 = ADVANCED_FACE('',(#8941),#8966,.F.);
#8941 = FACE_BOUND('',#8942,.F.);
#8942 = EDGE_LOOP('',(#8943,#8953,#8959,#8960));
#8943 = ORIENTED_EDGE('',*,*,#8944,.T.);
#8944 = EDGE_CURVE('',#8945,#8947,#8949,.T.);
#8945 = VERTEX_POINT('',#8946);
#8946 = CARTESIAN_POINT('',(4.26774841632,-4.480044510386,10.));
#8947 = VERTEX_POINT('',#8948);
#8948 = CARTESIAN_POINT('',(4.26774841632,-4.480044510386,9.6));
#8949 = LINE('',#8950,#8951);
#8950 = CARTESIAN_POINT('',(4.26774841632,-4.480044510386,10.));
#8951 = VECTOR('',#8952,1.);
#8952 = DIRECTION('',(0.,0.,-1.));
#8953 = ORIENTED_EDGE('',*,*,#8954,.T.);
#8954 = EDGE_CURVE('',#8947,#8914,#8955,.T.);
#8955 = LINE('',#8956,#8957);
#8956 = CARTESIAN_POINT('',(4.26774841632,-4.480044510386,9.6));
#8957 = VECTOR('',#8958,1.);
#8958 = DIRECTION('',(-1.,0.,0.));
#8959 = ORIENTED_EDGE('',*,*,#8911,.F.);
#8960 = ORIENTED_EDGE('',*,*,#8961,.F.);
#8961 = EDGE_CURVE('',#8945,#8912,#8962,.T.);
#8962 = LINE('',#8963,#8964);
#8963 = CARTESIAN_POINT('',(4.26774841632,-4.480044510386,10.));
#8964 = VECTOR('',#8965,1.);
#8965 = DIRECTION('',(-1.,0.,0.));
#8966 = PLANE('',#8967);
#8967 = AXIS2_PLACEMENT_3D('',#8968,#8969,#8970);
#8968 = CARTESIAN_POINT('',(4.26774841632,-4.480044510386,10.));
#8969 = DIRECTION('',(0.,1.,0.));
#8970 = DIRECTION('',(-1.,0.,0.));
#8971 = ADVANCED_FACE('',(#8972),#8997,.F.);
#8972 = FACE_BOUND('',#8973,.F.);
#8973 = EDGE_LOOP('',(#8974,#8984,#8990,#8991));
#8974 = ORIENTED_EDGE('',*,*,#8975,.T.);
#8975 = EDGE_CURVE('',#8976,#8978,#8980,.T.);
#8976 = VERTEX_POINT('',#8977);
#8977 = CARTESIAN_POINT('',(4.357881947478,-4.450139094955,10.));
#8978 = VERTEX_POINT('',#8979);
#8979 = CARTESIAN_POINT('',(4.357881947478,-4.450139094955,9.6));
#8980 = LINE('',#8981,#8982);
#8981 = CARTESIAN_POINT('',(4.357881947478,-4.450139094955,10.));
#8982 = VECTOR('',#8983,1.);
#8983 = DIRECTION('',(0.,0.,-1.));
#8984 = ORIENTED_EDGE('',*,*,#8985,.T.);
#8985 = EDGE_CURVE('',#8978,#8947,#8986,.T.);
#8986 = B_SPLINE_CURVE_WITH_KNOTS('',2,(#8987,#8988,#8989),
  .UNSPECIFIED.,.F.,.F.,(3,3),(0.,1.),.PIECEWISE_BEZIER_KNOTS.);
#8987 = CARTESIAN_POINT('',(4.357881947478,-4.450139094955,9.6));
#8988 = CARTESIAN_POINT('',(4.323525493472,-4.480044510386,9.6));
#8989 = CARTESIAN_POINT('',(4.26774841632,-4.480044510386,9.6));
#8990 = ORIENTED_EDGE('',*,*,#8944,.F.);
#8991 = ORIENTED_EDGE('',*,*,#8992,.F.);
#8992 = EDGE_CURVE('',#8976,#8945,#8993,.T.);
#8993 = B_SPLINE_CURVE_WITH_KNOTS('',2,(#8994,#8995,#8996),
  .UNSPECIFIED.,.F.,.F.,(3,3),(0.,1.),.PIECEWISE_BEZIER_KNOTS.);
#8994 = CARTESIAN_POINT('',(4.357881947478,-4.450139094955,10.));
#8995 = CARTESIAN_POINT('',(4.323525493472,-4.480044510386,10.));
#8996 = CARTESIAN_POINT('',(4.26774841632,-4.480044510386,10.));
#8997 = SURFACE_OF_LINEAR_EXTRUSION('',#8998,#9002);
#8998 = B_SPLINE_CURVE_WITH_KNOTS('',2,(#8999,#9000,#9001),
  .UNSPECIFIED.,.F.,.F.,(3,3),(0.,1.),.PIECEWISE_BEZIER_KNOTS.);
#8999 = CARTESIAN_POINT('',(4.357881947478,-4.450139094955,10.));
#9000 = CARTESIAN_POINT('',(4.323525493472,-4.480044510386,10.));
#9001 = CARTESIAN_POINT('',(4.26774841632,-4.480044510386,10.));
#9002 = VECTOR('',#9003,1.);
#9003 = DIRECTION('',(-0.,-0.,1.));
#9004 = ADVANCED_FACE('',(#9005),#9030,.F.);
#9005 = FACE_BOUND('',#9006,.F.);
#9006 = EDGE_LOOP('',(#9007,#9017,#9023,#9024));
#9007 = ORIENTED_EDGE('',*,*,#9008,.T.);
#9008 = EDGE_CURVE('',#9009,#9011,#9013,.T.);
#9009 = VERTEX_POINT('',#9010);
#9010 = CARTESIAN_POINT('',(4.413659024629,-4.381565281899,10.));
#9011 = VERTEX_POINT('',#9012);
#9012 = CARTESIAN_POINT('',(4.413659024629,-4.381565281899,9.6));
#9013 = LINE('',#9014,#9015);
#9014 = CARTESIAN_POINT('',(4.413659024629,-4.381565281899,10.));
#9015 = VECTOR('',#9016,1.);
#9016 = DIRECTION('',(0.,0.,-1.));
#9017 = ORIENTED_EDGE('',*,*,#9018,.T.);
#9018 = EDGE_CURVE('',#9011,#8978,#9019,.T.);
#9019 = B_SPLINE_CURVE_WITH_KNOTS('',2,(#9020,#9021,#9022),
  .UNSPECIFIED.,.F.,.F.,(3,3),(0.,1.),.PIECEWISE_BEZIER_KNOTS.);
#9020 = CARTESIAN_POINT('',(4.413659024629,-4.381565281899,9.6));
#9021 = CARTESIAN_POINT('',(4.392238401484,-4.42009458457,9.6));
#9022 = CARTESIAN_POINT('',(4.357881947478,-4.450139094955,9.6));
#9023 = ORIENTED_EDGE('',*,*,#8975,.F.);
#9024 = ORIENTED_EDGE('',*,*,#9025,.F.);
#9025 = EDGE_CURVE('',#9009,#8976,#9026,.T.);
#9026 = B_SPLINE_CURVE_WITH_KNOTS('',2,(#9027,#9028,#9029),
  .UNSPECIFIED.,.F.,.F.,(3,3),(0.,1.),.PIECEWISE_BEZIER_KNOTS.);
#9027 = CARTESIAN_POINT('',(4.413659024629,-4.381565281899,10.));
#9028 = CARTESIAN_POINT('',(4.392238401484,-4.42009458457,10.));
#9029 = CARTESIAN_POINT('',(4.357881947478,-4.450139094955,10.));
#9030 = SURFACE_OF_LINEAR_EXTRUSION('',#9031,#9035);
#9031 = B_SPLINE_CURVE_WITH_KNOTS('',2,(#9032,#9033,#9034),
  .UNSPECIFIED.,.F.,.F.,(3,3),(0.,1.),.PIECEWISE_BEZIER_KNOTS.);
#9032 = CARTESIAN_POINT('',(4.413659024629,-4.381565281899,10.));
#9033 = CARTESIAN_POINT('',(4.392238401484,-4.42009458457,10.));
#9034 = CARTESIAN_POINT('',(4.357881947478,-4.450139094955,10.));
#9035 = VECTOR('',#9036,1.);
#9036 = DIRECTION('',(-0.,-0.,1.));
#9037 = ADVANCED_FACE('',(#9038),#9063,.F.);
#9038 = FACE_BOUND('',#9039,.F.);
#9039 = EDGE_LOOP('',(#9040,#9050,#9056,#9057));
#9040 = ORIENTED_EDGE('',*,*,#9041,.T.);
#9041 = EDGE_CURVE('',#9042,#9044,#9046,.T.);
#9042 = VERTEX_POINT('',#9043);
#9043 = CARTESIAN_POINT('',(4.959050345104,-3.361442878338,10.));
#9044 = VERTEX_POINT('',#9045);
#9045 = CARTESIAN_POINT('',(4.959050345104,-3.361442878338,9.6));
#9046 = LINE('',#9047,#9048);
#9047 = CARTESIAN_POINT('',(4.959050345104,-3.361442878338,10.));
#9048 = VECTOR('',#9049,1.);
#9049 = DIRECTION('',(0.,0.,-1.));
#9050 = ORIENTED_EDGE('',*,*,#9051,.T.);
#9051 = EDGE_CURVE('',#9044,#9011,#9052,.T.);
#9052 = LINE('',#9053,#9054);
#9053 = CARTESIAN_POINT('',(4.959050345104,-3.361442878338,9.6));
#9054 = VECTOR('',#9055,1.);
#9055 = DIRECTION('',(-0.471480470104,-0.881876502868,0.));
#9056 = ORIENTED_EDGE('',*,*,#9008,.F.);
#9057 = ORIENTED_EDGE('',*,*,#9058,.F.);
#9058 = EDGE_CURVE('',#9042,#9009,#9059,.T.);
#9059 = LINE('',#9060,#9061);
#9060 = CARTESIAN_POINT('',(4.959050345104,-3.361442878338,10.));
#9061 = VECTOR('',#9062,1.);
#9062 = DIRECTION('',(-0.471480470104,-0.881876502868,0.));
#9063 = PLANE('',#9064);
#9064 = AXIS2_PLACEMENT_3D('',#9065,#9066,#9067);
#9065 = CARTESIAN_POINT('',(4.959050345104,-3.361442878338,10.));
#9066 = DIRECTION('',(-0.881876502868,0.471480470104,0.));
#9067 = DIRECTION('',(-0.471480470104,-0.881876502868,0.));
#9068 = ADVANCED_FACE('',(#9069),#9094,.F.);
#9069 = FACE_BOUND('',#9070,.F.);
#9070 = EDGE_LOOP('',(#9071,#9081,#9087,#9088));
#9071 = ORIENTED_EDGE('',*,*,#9072,.T.);
#9072 = EDGE_CURVE('',#9073,#9075,#9077,.T.);
#9073 = VERTEX_POINT('',#9074);
#9074 = CARTESIAN_POINT('',(4.959050345104,-5.092896884273,10.));
#9075 = VERTEX_POINT('',#9076);
#9076 = CARTESIAN_POINT('',(4.959050345104,-5.092896884273,9.6));
#9077 = LINE('',#9078,#9079);
#9078 = CARTESIAN_POINT('',(4.959050345104,-5.092896884273,10.));
#9079 = VECTOR('',#9080,1.);
#9080 = DIRECTION('',(0.,0.,-1.));
#9081 = ORIENTED_EDGE('',*,*,#9082,.T.);
#9082 = EDGE_CURVE('',#9075,#9044,#9083,.T.);
#9083 = LINE('',#9084,#9085);
#9084 = CARTESIAN_POINT('',(4.959050345104,-5.092896884273,9.6));
#9085 = VECTOR('',#9086,1.);
#9086 = DIRECTION('',(0.,1.,0.));
#9087 = ORIENTED_EDGE('',*,*,#9041,.F.);
#9088 = ORIENTED_EDGE('',*,*,#9089,.F.);
#9089 = EDGE_CURVE('',#9073,#9042,#9090,.T.);
#9090 = LINE('',#9091,#9092);
#9091 = CARTESIAN_POINT('',(4.959050345104,-5.092896884273,10.));
#9092 = VECTOR('',#9093,1.);
#9093 = DIRECTION('',(0.,1.,0.));
#9094 = PLANE('',#9095);
#9095 = AXIS2_PLACEMENT_3D('',#9096,#9097,#9098);
#9096 = CARTESIAN_POINT('',(4.959050345104,-5.092896884273,10.));
#9097 = DIRECTION('',(1.,-0.,0.));
#9098 = DIRECTION('',(0.,1.,0.));
#9099 = ADVANCED_FACE('',(#9100),#9125,.F.);
#9100 = FACE_BOUND('',#9101,.F.);
#9101 = EDGE_LOOP('',(#9102,#9112,#9118,#9119));
#9102 = ORIENTED_EDGE('',*,*,#9103,.T.);
#9103 = EDGE_CURVE('',#9104,#9106,#9108,.T.);
#9104 = VERTEX_POINT('',#9105);
#9105 = CARTESIAN_POINT('',(4.988677570623,-5.17009458457,10.));
#9106 = VERTEX_POINT('',#9107);
#9107 = CARTESIAN_POINT('',(4.988677570623,-5.17009458457,9.6));
#9108 = LINE('',#9109,#9110);
#9109 = CARTESIAN_POINT('',(4.988677570623,-5.17009458457,10.));
#9110 = VECTOR('',#9111,1.);
#9111 = DIRECTION('',(0.,0.,-1.));
#9112 = ORIENTED_EDGE('',*,*,#9113,.T.);
#9113 = EDGE_CURVE('',#9106,#9075,#9114,.T.);
#9114 = B_SPLINE_CURVE_WITH_KNOTS('',2,(#9115,#9116,#9117),
  .UNSPECIFIED.,.F.,.F.,(3,3),(0.,1.),.PIECEWISE_BEZIER_KNOTS.);
#9115 = CARTESIAN_POINT('',(4.988677570623,-5.17009458457,9.6));
#9116 = CARTESIAN_POINT('',(4.959050345104,-5.140050074184,9.6));
#9117 = CARTESIAN_POINT('',(4.959050345104,-5.092896884273,9.6));
#9118 = ORIENTED_EDGE('',*,*,#9072,.F.);
#9119 = ORIENTED_EDGE('',*,*,#9120,.F.);
#9120 = EDGE_CURVE('',#9104,#9073,#9121,.T.);
#9121 = B_SPLINE_CURVE_WITH_KNOTS('',2,(#9122,#9123,#9124),
  .UNSPECIFIED.,.F.,.F.,(3,3),(0.,1.),.PIECEWISE_BEZIER_KNOTS.);
#9122 = CARTESIAN_POINT('',(4.988677570623,-5.17009458457,10.));
#9123 = CARTESIAN_POINT('',(4.959050345104,-5.140050074184,10.));
#9124 = CARTESIAN_POINT('',(4.959050345104,-5.092896884273,10.));
#9125 = SURFACE_OF_LINEAR_EXTRUSION('',#9126,#9130);
#9126 = B_SPLINE_CURVE_WITH_KNOTS('',2,(#9127,#9128,#9129),
  .UNSPECIFIED.,.F.,.F.,(3,3),(0.,1.),.PIECEWISE_BEZIER_KNOTS.);
#9127 = CARTESIAN_POINT('',(4.988677570623,-5.17009458457,10.));
#9128 = CARTESIAN_POINT('',(4.959050345104,-5.140050074184,10.));
#9129 = CARTESIAN_POINT('',(4.959050345104,-5.092896884273,10.));
#9130 = VECTOR('',#9131,1.);
#9131 = DIRECTION('',(-0.,-0.,1.));
#9132 = ADVANCED_FACE('',(#9133),#9158,.F.);
#9133 = FACE_BOUND('',#9134,.F.);
#9134 = EDGE_LOOP('',(#9135,#9145,#9151,#9152));
#9135 = ORIENTED_EDGE('',*,*,#9136,.T.);
#9136 = EDGE_CURVE('',#9137,#9139,#9141,.T.);
#9137 = VERTEX_POINT('',#9138);
#9138 = CARTESIAN_POINT('',(5.060867852522,-5.2,10.));
#9139 = VERTEX_POINT('',#9140);
#9140 = CARTESIAN_POINT('',(5.060867852522,-5.2,9.6));
#9141 = LINE('',#9142,#9143);
#9142 = CARTESIAN_POINT('',(5.060867852522,-5.2,10.));
#9143 = VECTOR('',#9144,1.);
#9144 = DIRECTION('',(0.,0.,-1.));
#9145 = ORIENTED_EDGE('',*,*,#9146,.T.);
#9146 = EDGE_CURVE('',#9139,#9106,#9147,.T.);
#9147 = B_SPLINE_CURVE_WITH_KNOTS('',2,(#9148,#9149,#9150),
  .UNSPECIFIED.,.F.,.F.,(3,3),(0.,1.),.PIECEWISE_BEZIER_KNOTS.);
#9148 = CARTESIAN_POINT('',(5.060867852522,-5.2,9.6));
#9149 = CARTESIAN_POINT('',(5.018443891098,-5.2,9.6));
#9150 = CARTESIAN_POINT('',(4.988677570623,-5.17009458457,9.6));
#9151 = ORIENTED_EDGE('',*,*,#9103,.F.);
#9152 = ORIENTED_EDGE('',*,*,#9153,.F.);
#9153 = EDGE_CURVE('',#9137,#9104,#9154,.T.);
#9154 = B_SPLINE_CURVE_WITH_KNOTS('',2,(#9155,#9156,#9157),
  .UNSPECIFIED.,.F.,.F.,(3,3),(0.,1.),.PIECEWISE_BEZIER_KNOTS.);
#9155 = CARTESIAN_POINT('',(5.060867852522,-5.2,10.));
#9156 = CARTESIAN_POINT('',(5.018443891098,-5.2,10.));
#9157 = CARTESIAN_POINT('',(4.988677570623,-5.17009458457,10.));
#9158 = SURFACE_OF_LINEAR_EXTRUSION('',#9159,#9163);
#9159 = B_SPLINE_CURVE_WITH_KNOTS('',2,(#9160,#9161,#9162),
  .UNSPECIFIED.,.F.,.F.,(3,3),(0.,1.),.PIECEWISE_BEZIER_KNOTS.);
#9160 = CARTESIAN_POINT('',(5.060867852522,-5.2,10.));
#9161 = CARTESIAN_POINT('',(5.018443891098,-5.2,10.));
#9162 = CARTESIAN_POINT('',(4.988677570623,-5.17009458457,10.));
#9163 = VECTOR('',#9164,1.);
#9164 = DIRECTION('',(-0.,-0.,1.));
#9165 = ADVANCED_FACE('',(#9166),#9191,.F.);
#9166 = FACE_BOUND('',#9167,.F.);
#9167 = EDGE_LOOP('',(#9168,#9178,#9184,#9185));
#9168 = ORIENTED_EDGE('',*,*,#9169,.T.);
#9169 = EDGE_CURVE('',#9170,#9172,#9174,.T.);
#9170 = VERTEX_POINT('',#9171);
#9171 = CARTESIAN_POINT('',(5.493870448961,-5.2,10.));
#9172 = VERTEX_POINT('',#9173);
#9173 = CARTESIAN_POINT('',(5.493870448961,-5.2,9.6));
#9174 = LINE('',#9175,#9176);
#9175 = CARTESIAN_POINT('',(5.493870448961,-5.2,10.));
#9176 = VECTOR('',#9177,1.);
#9177 = DIRECTION('',(0.,0.,-1.));
#9178 = ORIENTED_EDGE('',*,*,#9179,.T.);
#9179 = EDGE_CURVE('',#9172,#9139,#9180,.T.);
#9180 = LINE('',#9181,#9182);
#9181 = CARTESIAN_POINT('',(5.493870448961,-5.2,9.6));
#9182 = VECTOR('',#9183,1.);
#9183 = DIRECTION('',(-1.,0.,0.));
#9184 = ORIENTED_EDGE('',*,*,#9136,.F.);
#9185 = ORIENTED_EDGE('',*,*,#9186,.F.);
#9186 = EDGE_CURVE('',#9170,#9137,#9187,.T.);
#9187 = LINE('',#9188,#9189);
#9188 = CARTESIAN_POINT('',(5.493870448961,-5.2,10.));
#9189 = VECTOR('',#9190,1.);
#9190 = DIRECTION('',(-1.,0.,0.));
#9191 = PLANE('',#9192);
#9192 = AXIS2_PLACEMENT_3D('',#9193,#9194,#9195);
#9193 = CARTESIAN_POINT('',(5.493870448961,-5.2,10.));
#9194 = DIRECTION('',(0.,1.,0.));
#9195 = DIRECTION('',(-1.,0.,0.));
#9196 = ADVANCED_FACE('',(#9197),#9222,.F.);
#9197 = FACE_BOUND('',#9198,.F.);
#9198 = EDGE_LOOP('',(#9199,#9209,#9215,#9216));
#9199 = ORIENTED_EDGE('',*,*,#9200,.T.);
#9200 = EDGE_CURVE('',#9201,#9203,#9205,.T.);
#9201 = VERTEX_POINT('',#9202);
#9202 = CARTESIAN_POINT('',(5.570233579525,-5.17009458457,10.));
#9203 = VERTEX_POINT('',#9204);
#9204 = CARTESIAN_POINT('',(5.570233579525,-5.17009458457,9.6));
#9205 = LINE('',#9206,#9207);
#9206 = CARTESIAN_POINT('',(5.570233579525,-5.17009458457,10.));
#9207 = VECTOR('',#9208,1.);
#9208 = DIRECTION('',(0.,0.,-1.));
#9209 = ORIENTED_EDGE('',*,*,#9210,.T.);
#9210 = EDGE_CURVE('',#9203,#9172,#9211,.T.);
#9211 = B_SPLINE_CURVE_WITH_KNOTS('',2,(#9212,#9213,#9214),
  .UNSPECIFIED.,.F.,.F.,(3,3),(0.,1.),.PIECEWISE_BEZIER_KNOTS.);
#9212 = CARTESIAN_POINT('',(5.570233579525,-5.17009458457,9.6));
#9213 = CARTESIAN_POINT('',(5.540606354006,-5.2,9.6));
#9214 = CARTESIAN_POINT('',(5.493870448961,-5.2,9.6));
#9215 = ORIENTED_EDGE('',*,*,#9169,.F.);
#9216 = ORIENTED_EDGE('',*,*,#9217,.F.);
#9217 = EDGE_CURVE('',#9201,#9170,#9218,.T.);
#9218 = B_SPLINE_CURVE_WITH_KNOTS('',2,(#9219,#9220,#9221),
  .UNSPECIFIED.,.F.,.F.,(3,3),(0.,1.),.PIECEWISE_BEZIER_KNOTS.);
#9219 = CARTESIAN_POINT('',(5.570233579525,-5.17009458457,10.));
#9220 = CARTESIAN_POINT('',(5.540606354006,-5.2,10.));
#9221 = CARTESIAN_POINT('',(5.493870448961,-5.2,10.));
#9222 = SURFACE_OF_LINEAR_EXTRUSION('',#9223,#9227);
#9223 = B_SPLINE_CURVE_WITH_KNOTS('',2,(#9224,#9225,#9226),
  .UNSPECIFIED.,.F.,.F.,(3,3),(0.,1.),.PIECEWISE_BEZIER_KNOTS.);
#9224 = CARTESIAN_POINT('',(5.570233579525,-5.17009458457,10.));
#9225 = CARTESIAN_POINT('',(5.540606354006,-5.2,10.));
#9226 = CARTESIAN_POINT('',(5.493870448961,-5.2,10.));
#9227 = VECTOR('',#9228,1.);
#9228 = DIRECTION('',(-0.,-0.,1.));
#9229 = ADVANCED_FACE('',(#9230),#9255,.F.);
#9230 = FACE_BOUND('',#9231,.F.);
#9231 = EDGE_LOOP('',(#9232,#9242,#9248,#9249));
#9232 = ORIENTED_EDGE('',*,*,#9233,.T.);
#9233 = EDGE_CURVE('',#9234,#9236,#9238,.T.);
#9234 = VERTEX_POINT('',#9235);
#9235 = CARTESIAN_POINT('',(5.5999999,-5.092757789318,10.));
#9236 = VERTEX_POINT('',#9237);
#9237 = CARTESIAN_POINT('',(5.5999999,-5.092757789318,9.6));
#9238 = LINE('',#9239,#9240);
#9239 = CARTESIAN_POINT('',(5.5999999,-5.092757789318,10.));
#9240 = VECTOR('',#9241,1.);
#9241 = DIRECTION('',(0.,0.,-1.));
#9242 = ORIENTED_EDGE('',*,*,#9243,.T.);
#9243 = EDGE_CURVE('',#9236,#9203,#9244,.T.);
#9244 = B_SPLINE_CURVE_WITH_KNOTS('',2,(#9245,#9246,#9247),
  .UNSPECIFIED.,.F.,.F.,(3,3),(0.,1.),.PIECEWISE_BEZIER_KNOTS.);
#9245 = CARTESIAN_POINT('',(5.5999999,-5.092757789318,9.6));
#9246 = CARTESIAN_POINT('',(5.5999999,-5.140050074184,9.6));
#9247 = CARTESIAN_POINT('',(5.570233579525,-5.17009458457,9.6));
#9248 = ORIENTED_EDGE('',*,*,#9200,.F.);
#9249 = ORIENTED_EDGE('',*,*,#9250,.F.);
#9250 = EDGE_CURVE('',#9234,#9201,#9251,.T.);
#9251 = B_SPLINE_CURVE_WITH_KNOTS('',2,(#9252,#9253,#9254),
  .UNSPECIFIED.,.F.,.F.,(3,3),(0.,1.),.PIECEWISE_BEZIER_KNOTS.);
#9252 = CARTESIAN_POINT('',(5.5999999,-5.092757789318,10.));
#9253 = CARTESIAN_POINT('',(5.5999999,-5.140050074184,10.));
#9254 = CARTESIAN_POINT('',(5.570233579525,-5.17009458457,10.));
#9255 = SURFACE_OF_LINEAR_EXTRUSION('',#9256,#9260);
#9256 = B_SPLINE_CURVE_WITH_KNOTS('',2,(#9257,#9258,#9259),
  .UNSPECIFIED.,.F.,.F.,(3,3),(0.,1.),.PIECEWISE_BEZIER_KNOTS.);
#9257 = CARTESIAN_POINT('',(5.5999999,-5.092757789318,10.));
#9258 = CARTESIAN_POINT('',(5.5999999,-5.140050074184,10.));
#9259 = CARTESIAN_POINT('',(5.570233579525,-5.17009458457,10.));
#9260 = VECTOR('',#9261,1.);
#9261 = DIRECTION('',(-0.,-0.,1.));
#9262 = ADVANCED_FACE('',(#9263),#9288,.F.);
#9263 = FACE_BOUND('',#9264,.F.);
#9264 = EDGE_LOOP('',(#9265,#9275,#9281,#9282));
#9265 = ORIENTED_EDGE('',*,*,#9266,.T.);
#9266 = EDGE_CURVE('',#9267,#9269,#9271,.T.);
#9267 = VERTEX_POINT('',#9268);
#9268 = CARTESIAN_POINT('',(5.5999999,-2.307103115727,10.));
#9269 = VERTEX_POINT('',#9270);
#9270 = CARTESIAN_POINT('',(5.5999999,-2.307103115727,9.6));
#9271 = LINE('',#9272,#9273);
#9272 = CARTESIAN_POINT('',(5.5999999,-2.307103115727,10.));
#9273 = VECTOR('',#9274,1.);
#9274 = DIRECTION('',(0.,0.,-1.));
#9275 = ORIENTED_EDGE('',*,*,#9276,.T.);
#9276 = EDGE_CURVE('',#9269,#9236,#9277,.T.);
#9277 = LINE('',#9278,#9279);
#9278 = CARTESIAN_POINT('',(5.5999999,-2.307103115727,9.6));
#9279 = VECTOR('',#9280,1.);
#9280 = DIRECTION('',(0.,-1.,0.));
#9281 = ORIENTED_EDGE('',*,*,#9233,.F.);
#9282 = ORIENTED_EDGE('',*,*,#9283,.F.);
#9283 = EDGE_CURVE('',#9267,#9234,#9284,.T.);
#9284 = LINE('',#9285,#9286);
#9285 = CARTESIAN_POINT('',(5.5999999,-2.307103115727,10.));
#9286 = VECTOR('',#9287,1.);
#9287 = DIRECTION('',(0.,-1.,0.));
#9288 = PLANE('',#9289);
#9289 = AXIS2_PLACEMENT_3D('',#9290,#9291,#9292);
#9290 = CARTESIAN_POINT('',(5.5999999,-2.307103115727,10.));
#9291 = DIRECTION('',(-1.,-0.,-0.));
#9292 = DIRECTION('',(0.,-1.,0.));
#9293 = ADVANCED_FACE('',(#9294),#9319,.F.);
#9294 = FACE_BOUND('',#9295,.F.);
#9295 = EDGE_LOOP('',(#9296,#9306,#9312,#9313));
#9296 = ORIENTED_EDGE('',*,*,#9297,.T.);
#9297 = EDGE_CURVE('',#9298,#9300,#9302,.T.);
#9298 = VERTEX_POINT('',#9299);
#9299 = CARTESIAN_POINT('',(5.57009448457,-2.230044510386,10.));
#9300 = VERTEX_POINT('',#9301);
#9301 = CARTESIAN_POINT('',(5.57009448457,-2.230044510386,9.6));
#9302 = LINE('',#9303,#9304);
#9303 = CARTESIAN_POINT('',(5.57009448457,-2.230044510386,10.));
#9304 = VECTOR('',#9305,1.);
#9305 = DIRECTION('',(0.,0.,-1.));
#9306 = ORIENTED_EDGE('',*,*,#9307,.T.);
#9307 = EDGE_CURVE('',#9300,#9269,#9308,.T.);
#9308 = B_SPLINE_CURVE_WITH_KNOTS('',2,(#9309,#9310,#9311),
  .UNSPECIFIED.,.F.,.F.,(3,3),(0.,1.),.PIECEWISE_BEZIER_KNOTS.);
#9309 = CARTESIAN_POINT('',(5.57009448457,-2.230044510386,9.6));
#9310 = CARTESIAN_POINT('',(5.5999999,-2.259949925816,9.6));
#9311 = CARTESIAN_POINT('',(5.5999999,-2.307103115727,9.6));
#9312 = ORIENTED_EDGE('',*,*,#9266,.F.);
#9313 = ORIENTED_EDGE('',*,*,#9314,.F.);
#9314 = EDGE_CURVE('',#9298,#9267,#9315,.T.);
#9315 = B_SPLINE_CURVE_WITH_KNOTS('',2,(#9316,#9317,#9318),
  .UNSPECIFIED.,.F.,.F.,(3,3),(0.,1.),.PIECEWISE_BEZIER_KNOTS.);
#9316 = CARTESIAN_POINT('',(5.57009448457,-2.230044510386,10.));
#9317 = CARTESIAN_POINT('',(5.5999999,-2.259949925816,10.));
#9318 = CARTESIAN_POINT('',(5.5999999,-2.307103115727,10.));
#9319 = SURFACE_OF_LINEAR_EXTRUSION('',#9320,#9324);
#9320 = B_SPLINE_CURVE_WITH_KNOTS('',2,(#9321,#9322,#9323),
  .UNSPECIFIED.,.F.,.F.,(3,3),(0.,1.),.PIECEWISE_BEZIER_KNOTS.);
#9321 = CARTESIAN_POINT('',(5.57009448457,-2.230044510386,10.));
#9322 = CARTESIAN_POINT('',(5.5999999,-2.259949925816,10.));
#9323 = CARTESIAN_POINT('',(5.5999999,-2.307103115727,10.));
#9324 = VECTOR('',#9325,1.);
#9325 = DIRECTION('',(-0.,-0.,1.));
#9326 = ADVANCED_FACE('',(#9327),#9352,.F.);
#9327 = FACE_BOUND('',#9328,.F.);
#9328 = EDGE_LOOP('',(#9329,#9339,#9345,#9346));
#9329 = ORIENTED_EDGE('',*,*,#9330,.T.);
#9330 = EDGE_CURVE('',#9331,#9333,#9335,.T.);
#9331 = VERTEX_POINT('',#9332);
#9332 = CARTESIAN_POINT('',(5.493174974184,-2.2,10.));
#9333 = VERTEX_POINT('',#9334);
#9334 = CARTESIAN_POINT('',(5.493174974184,-2.2,9.6));
#9335 = LINE('',#9336,#9337);
#9336 = CARTESIAN_POINT('',(5.493174974184,-2.2,10.));
#9337 = VECTOR('',#9338,1.);
#9338 = DIRECTION('',(0.,0.,-1.));
#9339 = ORIENTED_EDGE('',*,*,#9340,.T.);
#9340 = EDGE_CURVE('',#9333,#9300,#9341,.T.);
#9341 = B_SPLINE_CURVE_WITH_KNOTS('',2,(#9342,#9343,#9344),
  .UNSPECIFIED.,.F.,.F.,(3,3),(0.,1.),.PIECEWISE_BEZIER_KNOTS.);
#9342 = CARTESIAN_POINT('',(5.493174974184,-2.2,9.6));
#9343 = CARTESIAN_POINT('',(5.540189069139,-2.2,9.6));
#9344 = CARTESIAN_POINT('',(5.57009448457,-2.230044510386,9.6));
#9345 = ORIENTED_EDGE('',*,*,#9297,.F.);
#9346 = ORIENTED_EDGE('',*,*,#9347,.F.);
#9347 = EDGE_CURVE('',#9331,#9298,#9348,.T.);
#9348 = B_SPLINE_CURVE_WITH_KNOTS('',2,(#9349,#9350,#9351),
  .UNSPECIFIED.,.F.,.F.,(3,3),(0.,1.),.PIECEWISE_BEZIER_KNOTS.);
#9349 = CARTESIAN_POINT('',(5.493174974184,-2.2,10.));
#9350 = CARTESIAN_POINT('',(5.540189069139,-2.2,10.));
#9351 = CARTESIAN_POINT('',(5.57009448457,-2.230044510386,10.));
#9352 = SURFACE_OF_LINEAR_EXTRUSION('',#9353,#9357);
#9353 = B_SPLINE_CURVE_WITH_KNOTS('',2,(#9354,#9355,#9356),
  .UNSPECIFIED.,.F.,.F.,(3,3),(0.,1.),.PIECEWISE_BEZIER_KNOTS.);
#9354 = CARTESIAN_POINT('',(5.493174974184,-2.2,10.));
#9355 = CARTESIAN_POINT('',(5.540189069139,-2.2,10.));
#9356 = CARTESIAN_POINT('',(5.57009448457,-2.230044510386,10.));
#9357 = VECTOR('',#9358,1.);
#9358 = DIRECTION('',(-0.,-0.,1.));
#9359 = ADVANCED_FACE('',(#9360),#9385,.F.);
#9360 = FACE_BOUND('',#9361,.F.);
#9361 = EDGE_LOOP('',(#9362,#9372,#9378,#9379));
#9362 = ORIENTED_EDGE('',*,*,#9363,.T.);
#9363 = EDGE_CURVE('',#9364,#9366,#9368,.T.);
#9364 = VERTEX_POINT('',#9365);
#9365 = CARTESIAN_POINT('',(5.095919781306,-2.2,10.));
#9366 = VERTEX_POINT('',#9367);
#9367 = CARTESIAN_POINT('',(5.095919781306,-2.2,9.6));
#9368 = LINE('',#9369,#9370);
#9369 = CARTESIAN_POINT('',(5.095919781306,-2.2,10.));
#9370 = VECTOR('',#9371,1.);
#9371 = DIRECTION('',(0.,0.,-1.));
#9372 = ORIENTED_EDGE('',*,*,#9373,.T.);
#9373 = EDGE_CURVE('',#9366,#9333,#9374,.T.);
#9374 = LINE('',#9375,#9376);
#9375 = CARTESIAN_POINT('',(5.095919781306,-2.2,9.6));
#9376 = VECTOR('',#9377,1.);
#9377 = DIRECTION('',(1.,0.,0.));
#9378 = ORIENTED_EDGE('',*,*,#9330,.F.);
#9379 = ORIENTED_EDGE('',*,*,#9380,.F.);
#9380 = EDGE_CURVE('',#9364,#9331,#9381,.T.);
#9381 = LINE('',#9382,#9383);
#9382 = CARTESIAN_POINT('',(5.095919781306,-2.2,10.));
#9383 = VECTOR('',#9384,1.);
#9384 = DIRECTION('',(1.,0.,0.));
#9385 = PLANE('',#9386);
#9386 = AXIS2_PLACEMENT_3D('',#9387,#9388,#9389);
#9387 = CARTESIAN_POINT('',(5.095919781306,-2.2,10.));
#9388 = DIRECTION('',(0.,-1.,0.));
#9389 = DIRECTION('',(1.,0.,0.));
#9390 = ADVANCED_FACE('',(#9391),#9416,.F.);
#9391 = FACE_BOUND('',#9392,.F.);
#9392 = EDGE_LOOP('',(#9393,#9403,#9409,#9410));
#9393 = ORIENTED_EDGE('',*,*,#9394,.T.);
#9394 = EDGE_CURVE('',#9395,#9397,#9399,.T.);
#9395 = VERTEX_POINT('',#9396);
#9396 = CARTESIAN_POINT('',(4.999805167062,-2.23421735905,10.));
#9397 = VERTEX_POINT('',#9398);
#9398 = CARTESIAN_POINT('',(4.999805167062,-2.23421735905,9.6));
#9399 = LINE('',#9400,#9401);
#9400 = CARTESIAN_POINT('',(4.999805167062,-2.23421735905,10.));
#9401 = VECTOR('',#9402,1.);
#9402 = DIRECTION('',(0.,0.,-1.));
#9403 = ORIENTED_EDGE('',*,*,#9404,.T.);
#9404 = EDGE_CURVE('',#9397,#9366,#9405,.T.);
#9405 = B_SPLINE_CURVE_WITH_KNOTS('',2,(#9406,#9407,#9408),
  .UNSPECIFIED.,.F.,.F.,(3,3),(0.,1.),.PIECEWISE_BEZIER_KNOTS.);
#9406 = CARTESIAN_POINT('',(4.999805167062,-2.23421735905,9.6));
#9407 = CARTESIAN_POINT('',(5.03193610178,-2.2,9.6));
#9408 = CARTESIAN_POINT('',(5.095919781306,-2.2,9.6));
#9409 = ORIENTED_EDGE('',*,*,#9363,.F.);
#9410 = ORIENTED_EDGE('',*,*,#9411,.F.);
#9411 = EDGE_CURVE('',#9395,#9364,#9412,.T.);
#9412 = B_SPLINE_CURVE_WITH_KNOTS('',2,(#9413,#9414,#9415),
  .UNSPECIFIED.,.F.,.F.,(3,3),(0.,1.),.PIECEWISE_BEZIER_KNOTS.);
#9413 = CARTESIAN_POINT('',(4.999805167062,-2.23421735905,10.));
#9414 = CARTESIAN_POINT('',(5.03193610178,-2.2,10.));
#9415 = CARTESIAN_POINT('',(5.095919781306,-2.2,10.));
#9416 = SURFACE_OF_LINEAR_EXTRUSION('',#9417,#9421);
#9417 = B_SPLINE_CURVE_WITH_KNOTS('',2,(#9418,#9419,#9420),
  .UNSPECIFIED.,.F.,.F.,(3,3),(0.,1.),.PIECEWISE_BEZIER_KNOTS.);
#9418 = CARTESIAN_POINT('',(4.999805167062,-2.23421735905,10.));
#9419 = CARTESIAN_POINT('',(5.03193610178,-2.2,10.));
#9420 = CARTESIAN_POINT('',(5.095919781306,-2.2,10.));
#9421 = VECTOR('',#9422,1.);
#9422 = DIRECTION('',(-0.,-0.,1.));
#9423 = ADVANCED_FACE('',(#9424),#9449,.F.);
#9424 = FACE_BOUND('',#9425,.F.);
#9425 = EDGE_LOOP('',(#9426,#9436,#9442,#9443));
#9426 = ORIENTED_EDGE('',*,*,#9427,.T.);
#9427 = EDGE_CURVE('',#9428,#9430,#9432,.T.);
#9428 = VERTEX_POINT('',#9429);
#9429 = CARTESIAN_POINT('',(4.959189440059,-2.285821587537,10.));
#9430 = VERTEX_POINT('',#9431);
#9431 = CARTESIAN_POINT('',(4.959189440059,-2.285821587537,9.6));
#9432 = LINE('',#9433,#9434);
#9433 = CARTESIAN_POINT('',(4.959189440059,-2.285821587537,10.));
#9434 = VECTOR('',#9435,1.);
#9435 = DIRECTION('',(0.,0.,-1.));
#9436 = ORIENTED_EDGE('',*,*,#9437,.T.);
#9437 = EDGE_CURVE('',#9430,#9397,#9438,.T.);
#9438 = B_SPLINE_CURVE_WITH_KNOTS('',2,(#9439,#9440,#9441),
  .UNSPECIFIED.,.F.,.F.,(3,3),(0.,1.),.PIECEWISE_BEZIER_KNOTS.);
#9439 = CARTESIAN_POINT('',(4.959189440059,-2.285821587537,9.6));
#9440 = CARTESIAN_POINT('',(4.9678133273,-2.268434718101,9.6));
#9441 = CARTESIAN_POINT('',(4.999805167062,-2.23421735905,9.6));
#9442 = ORIENTED_EDGE('',*,*,#9394,.F.);
#9443 = ORIENTED_EDGE('',*,*,#9444,.F.);
#9444 = EDGE_CURVE('',#9428,#9395,#9445,.T.);
#9445 = B_SPLINE_CURVE_WITH_KNOTS('',2,(#9446,#9447,#9448),
  .UNSPECIFIED.,.F.,.F.,(3,3),(0.,1.),.PIECEWISE_BEZIER_KNOTS.);
#9446 = CARTESIAN_POINT('',(4.959189440059,-2.285821587537,10.));
#9447 = CARTESIAN_POINT('',(4.9678133273,-2.268434718101,10.));
#9448 = CARTESIAN_POINT('',(4.999805167062,-2.23421735905,10.));
#9449 = SURFACE_OF_LINEAR_EXTRUSION('',#9450,#9454);
#9450 = B_SPLINE_CURVE_WITH_KNOTS('',2,(#9451,#9452,#9453),
  .UNSPECIFIED.,.F.,.F.,(3,3),(0.,1.),.PIECEWISE_BEZIER_KNOTS.);
#9451 = CARTESIAN_POINT('',(4.959189440059,-2.285821587537,10.));
#9452 = CARTESIAN_POINT('',(4.9678133273,-2.268434718101,10.));
#9453 = CARTESIAN_POINT('',(4.999805167062,-2.23421735905,10.));
#9454 = VECTOR('',#9455,1.);
#9455 = DIRECTION('',(-0.,-0.,1.));
#9456 = ADVANCED_FACE('',(#9457),#9482,.F.);
#9457 = FACE_BOUND('',#9458,.F.);
#9458 = EDGE_LOOP('',(#9459,#9469,#9475,#9476));
#9459 = ORIENTED_EDGE('',*,*,#9460,.T.);
#9460 = EDGE_CURVE('',#9461,#9463,#9465,.T.);
#9461 = VERTEX_POINT('',#9462);
#9462 = CARTESIAN_POINT('',(4.164679054303,-3.738668397626,10.));
#9463 = VERTEX_POINT('',#9464);
#9464 = CARTESIAN_POINT('',(4.164679054303,-3.738668397626,9.6));
#9465 = LINE('',#9466,#9467);
#9466 = CARTESIAN_POINT('',(4.164679054303,-3.738668397626,10.));
#9467 = VECTOR('',#9468,1.);
#9468 = DIRECTION('',(0.,0.,-1.));
#9469 = ORIENTED_EDGE('',*,*,#9470,.T.);
#9470 = EDGE_CURVE('',#9463,#9430,#9471,.T.);
#9471 = LINE('',#9472,#9473);
#9472 = CARTESIAN_POINT('',(4.164679054303,-3.738668397626,9.6));
#9473 = VECTOR('',#9474,1.);
#9474 = DIRECTION('',(0.479805269613,0.877375007196,0.));
#9475 = ORIENTED_EDGE('',*,*,#9427,.F.);
#9476 = ORIENTED_EDGE('',*,*,#9477,.F.);
#9477 = EDGE_CURVE('',#9461,#9428,#9478,.T.);
#9478 = LINE('',#9479,#9480);
#9479 = CARTESIAN_POINT('',(4.164679054303,-3.738668397626,10.));
#9480 = VECTOR('',#9481,1.);
#9481 = DIRECTION('',(0.479805269613,0.877375007196,0.));
#9482 = PLANE('',#9483);
#9483 = AXIS2_PLACEMENT_3D('',#9484,#9485,#9486);
#9484 = CARTESIAN_POINT('',(4.164679054303,-3.738668397626,10.));
#9485 = DIRECTION('',(0.877375007196,-0.479805269613,0.));
#9486 = DIRECTION('',(0.479805269613,0.877375007196,0.));
#9487 = ADVANCED_FACE('',(#9488),#9513,.F.);
#9488 = FACE_BOUND('',#9489,.F.);
#9489 = EDGE_LOOP('',(#9490,#9500,#9506,#9507));
#9490 = ORIENTED_EDGE('',*,*,#9491,.T.);
#9491 = EDGE_CURVE('',#9492,#9494,#9496,.T.);
#9492 = VERTEX_POINT('',#9493);
#9493 = CARTESIAN_POINT('',(3.378653460831,-2.285821587537,10.));
#9494 = VERTEX_POINT('',#9495);
#9495 = CARTESIAN_POINT('',(3.378653460831,-2.285821587537,9.6));
#9496 = LINE('',#9497,#9498);
#9497 = CARTESIAN_POINT('',(3.378653460831,-2.285821587537,10.));
#9498 = VECTOR('',#9499,1.);
#9499 = DIRECTION('',(0.,0.,-1.));
#9500 = ORIENTED_EDGE('',*,*,#9501,.T.);
#9501 = EDGE_CURVE('',#9494,#9463,#9502,.T.);
#9502 = LINE('',#9503,#9504);
#9503 = CARTESIAN_POINT('',(3.378653460831,-2.285821587537,9.6));
#9504 = VECTOR('',#9505,1.);
#9505 = DIRECTION('',(0.475846350483,-0.879528425198,0.));
#9506 = ORIENTED_EDGE('',*,*,#9460,.F.);
#9507 = ORIENTED_EDGE('',*,*,#9508,.F.);
#9508 = EDGE_CURVE('',#9492,#9461,#9509,.T.);
#9509 = LINE('',#9510,#9511);
#9510 = CARTESIAN_POINT('',(3.378653460831,-2.285821587537,10.));
#9511 = VECTOR('',#9512,1.);
#9512 = DIRECTION('',(0.475846350483,-0.879528425198,0.));
#9513 = PLANE('',#9514);
#9514 = AXIS2_PLACEMENT_3D('',#9515,#9516,#9517);
#9515 = CARTESIAN_POINT('',(3.378653460831,-2.285821587537,10.));
#9516 = DIRECTION('',(-0.879528425198,-0.475846350483,-0.));
#9517 = DIRECTION('',(0.475846350483,-0.879528425198,0.));
#9518 = ADVANCED_FACE('',(#9519),#9544,.F.);
#9519 = FACE_BOUND('',#9520,.F.);
#9520 = EDGE_LOOP('',(#9521,#9531,#9537,#9538));
#9521 = ORIENTED_EDGE('',*,*,#9522,.T.);
#9522 = EDGE_CURVE('',#9523,#9525,#9527,.T.);
#9523 = VERTEX_POINT('',#9524);
#9524 = CARTESIAN_POINT('',(3.333725790208,-2.23421735905,10.));
#9525 = VERTEX_POINT('',#9526);
#9526 = CARTESIAN_POINT('',(3.333725790208,-2.23421735905,9.6));
#9527 = LINE('',#9528,#9529);
#9528 = CARTESIAN_POINT('',(3.333725790208,-2.23421735905,10.));
#9529 = VECTOR('',#9530,1.);
#9530 = DIRECTION('',(0.,0.,-1.));
#9531 = ORIENTED_EDGE('',*,*,#9532,.T.);
#9532 = EDGE_CURVE('',#9525,#9494,#9533,.T.);
#9533 = B_SPLINE_CURVE_WITH_KNOTS('',2,(#9534,#9535,#9536),
  .UNSPECIFIED.,.F.,.F.,(3,3),(0.,1.),.PIECEWISE_BEZIER_KNOTS.);
#9534 = CARTESIAN_POINT('',(3.333725790208,-2.23421735905,9.6));
#9535 = CARTESIAN_POINT('',(3.365856724926,-2.268434718101,9.6));
#9536 = CARTESIAN_POINT('',(3.378653460831,-2.285821587537,9.6));
#9537 = ORIENTED_EDGE('',*,*,#9491,.F.);
#9538 = ORIENTED_EDGE('',*,*,#9539,.F.);
#9539 = EDGE_CURVE('',#9523,#9492,#9540,.T.);
#9540 = B_SPLINE_CURVE_WITH_KNOTS('',2,(#9541,#9542,#9543),
  .UNSPECIFIED.,.F.,.F.,(3,3),(0.,1.),.PIECEWISE_BEZIER_KNOTS.);
#9541 = CARTESIAN_POINT('',(3.333725790208,-2.23421735905,10.));
#9542 = CARTESIAN_POINT('',(3.365856724926,-2.268434718101,10.));
#9543 = CARTESIAN_POINT('',(3.378653460831,-2.285821587537,10.));
#9544 = SURFACE_OF_LINEAR_EXTRUSION('',#9545,#9549);
#9545 = B_SPLINE_CURVE_WITH_KNOTS('',2,(#9546,#9547,#9548),
  .UNSPECIFIED.,.F.,.F.,(3,3),(0.,1.),.PIECEWISE_BEZIER_KNOTS.);
#9546 = CARTESIAN_POINT('',(3.333725790208,-2.23421735905,10.));
#9547 = CARTESIAN_POINT('',(3.365856724926,-2.268434718101,10.));
#9548 = CARTESIAN_POINT('',(3.378653460831,-2.285821587537,10.));
#9549 = VECTOR('',#9550,1.);
#9550 = DIRECTION('',(-0.,-0.,1.));
#9551 = ADVANCED_FACE('',(#9552),#9577,.F.);
#9552 = FACE_BOUND('',#9553,.F.);
#9553 = EDGE_LOOP('',(#9554,#9564,#9570,#9571));
#9554 = ORIENTED_EDGE('',*,*,#9555,.T.);
#9555 = EDGE_CURVE('',#9556,#9558,#9560,.T.);
#9556 = VERTEX_POINT('',#9557);
#9557 = CARTESIAN_POINT('',(3.237611175964,-2.2,10.));
#9558 = VERTEX_POINT('',#9559);
#9559 = CARTESIAN_POINT('',(3.237611175964,-2.2,9.6));
#9560 = LINE('',#9561,#9562);
#9561 = CARTESIAN_POINT('',(3.237611175964,-2.2,10.));
#9562 = VECTOR('',#9563,1.);
#9563 = DIRECTION('',(0.,0.,-1.));
#9564 = ORIENTED_EDGE('',*,*,#9565,.T.);
#9565 = EDGE_CURVE('',#9558,#9525,#9566,.T.);
#9566 = B_SPLINE_CURVE_WITH_KNOTS('',2,(#9567,#9568,#9569),
  .UNSPECIFIED.,.F.,.F.,(3,3),(0.,1.),.PIECEWISE_BEZIER_KNOTS.);
#9567 = CARTESIAN_POINT('',(3.237611175964,-2.2,9.6));
#9568 = CARTESIAN_POINT('',(3.301733950445,-2.2,9.6));
#9569 = CARTESIAN_POINT('',(3.333725790208,-2.23421735905,9.6));
#9570 = ORIENTED_EDGE('',*,*,#9522,.F.);
#9571 = ORIENTED_EDGE('',*,*,#9572,.F.);
#9572 = EDGE_CURVE('',#9556,#9523,#9573,.T.);
#9573 = B_SPLINE_CURVE_WITH_KNOTS('',2,(#9574,#9575,#9576),
  .UNSPECIFIED.,.F.,.F.,(3,3),(0.,1.),.PIECEWISE_BEZIER_KNOTS.);
#9574 = CARTESIAN_POINT('',(3.237611175964,-2.2,10.));
#9575 = CARTESIAN_POINT('',(3.301733950445,-2.2,10.));
#9576 = CARTESIAN_POINT('',(3.333725790208,-2.23421735905,10.));
#9577 = SURFACE_OF_LINEAR_EXTRUSION('',#9578,#9582);
#9578 = B_SPLINE_CURVE_WITH_KNOTS('',2,(#9579,#9580,#9581),
  .UNSPECIFIED.,.F.,.F.,(3,3),(0.,1.),.PIECEWISE_BEZIER_KNOTS.);
#9579 = CARTESIAN_POINT('',(3.237611175964,-2.2,10.));
#9580 = CARTESIAN_POINT('',(3.301733950445,-2.2,10.));
#9581 = CARTESIAN_POINT('',(3.333725790208,-2.23421735905,10.));
#9582 = VECTOR('',#9583,1.);
#9583 = DIRECTION('',(-0.,-0.,1.));
#9584 = ADVANCED_FACE('',(#9585),#9610,.F.);
#9585 = FACE_BOUND('',#9586,.F.);
#9586 = EDGE_LOOP('',(#9587,#9597,#9603,#9604));
#9587 = ORIENTED_EDGE('',*,*,#9588,.T.);
#9588 = EDGE_CURVE('',#9589,#9591,#9593,.T.);
#9589 = VERTEX_POINT('',#9590);
#9590 = CARTESIAN_POINT('',(2.840355983086,-2.2,10.));
#9591 = VERTEX_POINT('',#9592);
#9592 = CARTESIAN_POINT('',(2.840355983086,-2.2,9.6));
#9593 = LINE('',#9594,#9595);
#9594 = CARTESIAN_POINT('',(2.840355983086,-2.2,10.));
#9595 = VECTOR('',#9596,1.);
#9596 = DIRECTION('',(0.,0.,-1.));
#9597 = ORIENTED_EDGE('',*,*,#9598,.T.);
#9598 = EDGE_CURVE('',#9591,#9558,#9599,.T.);
#9599 = LINE('',#9600,#9601);
#9600 = CARTESIAN_POINT('',(2.840355983086,-2.2,9.6));
#9601 = VECTOR('',#9602,1.);
#9602 = DIRECTION('',(1.,0.,0.));
#9603 = ORIENTED_EDGE('',*,*,#9555,.F.);
#9604 = ORIENTED_EDGE('',*,*,#9605,.F.);
#9605 = EDGE_CURVE('',#9589,#9556,#9606,.T.);
#9606 = LINE('',#9607,#9608);
#9607 = CARTESIAN_POINT('',(2.840355983086,-2.2,10.));
#9608 = VECTOR('',#9609,1.);
#9609 = DIRECTION('',(1.,0.,0.));
#9610 = PLANE('',#9611);
#9611 = AXIS2_PLACEMENT_3D('',#9612,#9613,#9614);
#9612 = CARTESIAN_POINT('',(2.840355983086,-2.2,10.));
#9613 = DIRECTION('',(0.,-1.,0.));
#9614 = DIRECTION('',(1.,0.,0.));
#9615 = ADVANCED_FACE('',(#9616),#9641,.F.);
#9616 = FACE_BOUND('',#9617,.F.);
#9617 = EDGE_LOOP('',(#9618,#9628,#9634,#9635));
#9618 = ORIENTED_EDGE('',*,*,#9619,.T.);
#9619 = EDGE_CURVE('',#9620,#9622,#9624,.T.);
#9620 = VERTEX_POINT('',#9621);
#9621 = CARTESIAN_POINT('',(2.765522897033,-2.230044510386,10.));
#9622 = VERTEX_POINT('',#9623);
#9623 = CARTESIAN_POINT('',(2.765522897033,-2.230044510386,9.6));
#9624 = LINE('',#9625,#9626);
#9625 = CARTESIAN_POINT('',(2.765522897033,-2.230044510386,10.));
#9626 = VECTOR('',#9627,1.);
#9627 = DIRECTION('',(0.,0.,-1.));
#9628 = ORIENTED_EDGE('',*,*,#9629,.T.);
#9629 = EDGE_CURVE('',#9622,#9591,#9630,.T.);
#9630 = B_SPLINE_CURVE_WITH_KNOTS('',2,(#9631,#9632,#9633),
  .UNSPECIFIED.,.F.,.F.,(3,3),(0.,1.),.PIECEWISE_BEZIER_KNOTS.);
#9631 = CARTESIAN_POINT('',(2.765522897033,-2.230044510386,9.6));
#9632 = CARTESIAN_POINT('',(2.797653831751,-2.2,9.6));
#9633 = CARTESIAN_POINT('',(2.840355983086,-2.2,9.6));
#9634 = ORIENTED_EDGE('',*,*,#9588,.F.);
#9635 = ORIENTED_EDGE('',*,*,#9636,.F.);
#9636 = EDGE_CURVE('',#9620,#9589,#9637,.T.);
#9637 = B_SPLINE_CURVE_WITH_KNOTS('',2,(#9638,#9639,#9640),
  .UNSPECIFIED.,.F.,.F.,(3,3),(0.,1.),.PIECEWISE_BEZIER_KNOTS.);
#9638 = CARTESIAN_POINT('',(2.765522897033,-2.230044510386,10.));
#9639 = CARTESIAN_POINT('',(2.797653831751,-2.2,10.));
#9640 = CARTESIAN_POINT('',(2.840355983086,-2.2,10.));
#9641 = SURFACE_OF_LINEAR_EXTRUSION('',#9642,#9646);
#9642 = B_SPLINE_CURVE_WITH_KNOTS('',2,(#9643,#9644,#9645),
  .UNSPECIFIED.,.F.,.F.,(3,3),(0.,1.),.PIECEWISE_BEZIER_KNOTS.);
#9643 = CARTESIAN_POINT('',(2.765522897033,-2.230044510386,10.));
#9644 = CARTESIAN_POINT('',(2.797653831751,-2.2,10.));
#9645 = CARTESIAN_POINT('',(2.840355983086,-2.2,10.));
#9646 = VECTOR('',#9647,1.);
#9647 = DIRECTION('',(-0.,-0.,1.));
#9648 = ADVANCED_FACE('',(#9649),#9674,.F.);
#9649 = FACE_BOUND('',#9650,.F.);
#9650 = EDGE_LOOP('',(#9651,#9661,#9667,#9668));
#9651 = ORIENTED_EDGE('',*,*,#9652,.T.);
#9652 = EDGE_CURVE('',#9653,#9655,#9657,.T.);
#9653 = VERTEX_POINT('',#9654);
#9654 = CARTESIAN_POINT('',(2.73353105727,-2.307103115727,10.));
#9655 = VERTEX_POINT('',#9656);
#9656 = CARTESIAN_POINT('',(2.73353105727,-2.307103115727,9.6));
#9657 = LINE('',#9658,#9659);
#9658 = CARTESIAN_POINT('',(2.73353105727,-2.307103115727,10.));
#9659 = VECTOR('',#9660,1.);
#9660 = DIRECTION('',(0.,0.,-1.));
#9661 = ORIENTED_EDGE('',*,*,#9662,.T.);
#9662 = EDGE_CURVE('',#9655,#9622,#9663,.T.);
#9663 = B_SPLINE_CURVE_WITH_KNOTS('',2,(#9664,#9665,#9666),
  .UNSPECIFIED.,.F.,.F.,(3,3),(0.,1.),.PIECEWISE_BEZIER_KNOTS.);
#9664 = CARTESIAN_POINT('',(2.73353105727,-2.307103115727,9.6));
#9665 = CARTESIAN_POINT('',(2.73353105727,-2.259949925816,9.6));
#9666 = CARTESIAN_POINT('',(2.765522897033,-2.230044510386,9.6));
#9667 = ORIENTED_EDGE('',*,*,#9619,.F.);
#9668 = ORIENTED_EDGE('',*,*,#9669,.F.);
#9669 = EDGE_CURVE('',#9653,#9620,#9670,.T.);
#9670 = B_SPLINE_CURVE_WITH_KNOTS('',2,(#9671,#9672,#9673),
  .UNSPECIFIED.,.F.,.F.,(3,3),(0.,1.),.PIECEWISE_BEZIER_KNOTS.);
#9671 = CARTESIAN_POINT('',(2.73353105727,-2.307103115727,10.));
#9672 = CARTESIAN_POINT('',(2.73353105727,-2.259949925816,10.));
#9673 = CARTESIAN_POINT('',(2.765522897033,-2.230044510386,10.));
#9674 = SURFACE_OF_LINEAR_EXTRUSION('',#9675,#9679);
#9675 = B_SPLINE_CURVE_WITH_KNOTS('',2,(#9676,#9677,#9678),
  .UNSPECIFIED.,.F.,.F.,(3,3),(0.,1.),.PIECEWISE_BEZIER_KNOTS.);
#9676 = CARTESIAN_POINT('',(2.73353105727,-2.307103115727,10.));
#9677 = CARTESIAN_POINT('',(2.73353105727,-2.259949925816,10.));
#9678 = CARTESIAN_POINT('',(2.765522897033,-2.230044510386,10.));
#9679 = VECTOR('',#9680,1.);
#9680 = DIRECTION('',(-0.,-0.,1.));
#9681 = ADVANCED_FACE('',(#9682),#9707,.F.);
#9682 = FACE_BOUND('',#9683,.F.);
#9683 = EDGE_LOOP('',(#9684,#9694,#9700,#9701));
#9684 = ORIENTED_EDGE('',*,*,#9685,.T.);
#9685 = EDGE_CURVE('',#9686,#9688,#9690,.T.);
#9686 = VERTEX_POINT('',#9687);
#9687 = CARTESIAN_POINT('',(2.73353105727,-5.092757789318,10.));
#9688 = VERTEX_POINT('',#9689);
#9689 = CARTESIAN_POINT('',(2.73353105727,-5.092757789318,9.6));
#9690 = LINE('',#9691,#9692);
#9691 = CARTESIAN_POINT('',(2.73353105727,-5.092757789318,10.));
#9692 = VECTOR('',#9693,1.);
#9693 = DIRECTION('',(0.,0.,-1.));
#9694 = ORIENTED_EDGE('',*,*,#9695,.T.);
#9695 = EDGE_CURVE('',#9688,#9655,#9696,.T.);
#9696 = LINE('',#9697,#9698);
#9697 = CARTESIAN_POINT('',(2.73353105727,-5.092757789318,9.6));
#9698 = VECTOR('',#9699,1.);
#9699 = DIRECTION('',(0.,1.,0.));
#9700 = ORIENTED_EDGE('',*,*,#9652,.F.);
#9701 = ORIENTED_EDGE('',*,*,#9702,.F.);
#9702 = EDGE_CURVE('',#9686,#9653,#9703,.T.);
#9703 = LINE('',#9704,#9705);
#9704 = CARTESIAN_POINT('',(2.73353105727,-5.092757789318,10.));
#9705 = VECTOR('',#9706,1.);
#9706 = DIRECTION('',(0.,1.,0.));
#9707 = PLANE('',#9708);
#9708 = AXIS2_PLACEMENT_3D('',#9709,#9710,#9711);
#9709 = CARTESIAN_POINT('',(2.73353105727,-5.092757789318,10.));
#9710 = DIRECTION('',(1.,-0.,0.));
#9711 = DIRECTION('',(0.,1.,0.));
#9712 = ADVANCED_FACE('',(#9713),#9729,.F.);
#9713 = FACE_BOUND('',#9714,.F.);
#9714 = EDGE_LOOP('',(#9715,#9716,#9722,#9723));
#9715 = ORIENTED_EDGE('',*,*,#8695,.T.);
#9716 = ORIENTED_EDGE('',*,*,#9717,.T.);
#9717 = EDGE_CURVE('',#8688,#9688,#9718,.T.);
#9718 = B_SPLINE_CURVE_WITH_KNOTS('',2,(#9719,#9720,#9721),
  .UNSPECIFIED.,.F.,.F.,(3,3),(0.,1.),.PIECEWISE_BEZIER_KNOTS.);
#9719 = CARTESIAN_POINT('',(2.765383802077,-5.17009458457,9.6));
#9720 = CARTESIAN_POINT('',(2.73353105727,-5.140050074184,9.6));
#9721 = CARTESIAN_POINT('',(2.73353105727,-5.092757789318,9.6));
#9722 = ORIENTED_EDGE('',*,*,#9685,.F.);
#9723 = ORIENTED_EDGE('',*,*,#9724,.F.);
#9724 = EDGE_CURVE('',#8696,#9686,#9725,.T.);
#9725 = B_SPLINE_CURVE_WITH_KNOTS('',2,(#9726,#9727,#9728),
  .UNSPECIFIED.,.F.,.F.,(3,3),(0.,1.),.PIECEWISE_BEZIER_KNOTS.);
#9726 = CARTESIAN_POINT('',(2.765383802077,-5.17009458457,10.));
#9727 = CARTESIAN_POINT('',(2.73353105727,-5.140050074184,10.));
#9728 = CARTESIAN_POINT('',(2.73353105727,-5.092757789318,10.));
#9729 = SURFACE_OF_LINEAR_EXTRUSION('',#9730,#9734);
#9730 = B_SPLINE_CURVE_WITH_KNOTS('',2,(#9731,#9732,#9733),
  .UNSPECIFIED.,.F.,.F.,(3,3),(0.,1.),.PIECEWISE_BEZIER_KNOTS.);
#9731 = CARTESIAN_POINT('',(2.765383802077,-5.17009458457,10.));
#9732 = CARTESIAN_POINT('',(2.73353105727,-5.140050074184,10.));
#9733 = CARTESIAN_POINT('',(2.73353105727,-5.092757789318,10.));
#9734 = VECTOR('',#9735,1.);
#9735 = DIRECTION('',(-0.,-0.,1.));
#9736 = ADVANCED_FACE('',(#9737),#9772,.T.);
#9737 = FACE_BOUND('',#9738,.T.);
#9738 = EDGE_LOOP('',(#9739,#9740,#9741,#9742,#9743,#9744,#9745,#9746,
    #9747,#9748,#9749,#9750,#9751,#9752,#9753,#9754,#9755,#9756,#9757,
    #9758,#9759,#9760,#9761,#9762,#9763,#9764,#9765,#9766,#9767,#9768,
    #9769,#9770,#9771));
#9739 = ORIENTED_EDGE('',*,*,#8703,.F.);
#9740 = ORIENTED_EDGE('',*,*,#8736,.F.);
#9741 = ORIENTED_EDGE('',*,*,#8767,.F.);
#9742 = ORIENTED_EDGE('',*,*,#8800,.F.);
#9743 = ORIENTED_EDGE('',*,*,#8833,.F.);
#9744 = ORIENTED_EDGE('',*,*,#8864,.F.);
#9745 = ORIENTED_EDGE('',*,*,#8895,.F.);
#9746 = ORIENTED_EDGE('',*,*,#8928,.F.);
#9747 = ORIENTED_EDGE('',*,*,#8961,.F.);
#9748 = ORIENTED_EDGE('',*,*,#8992,.F.);
#9749 = ORIENTED_EDGE('',*,*,#9025,.F.);
#9750 = ORIENTED_EDGE('',*,*,#9058,.F.);
#9751 = ORIENTED_EDGE('',*,*,#9089,.F.);
#9752 = ORIENTED_EDGE('',*,*,#9120,.F.);
#9753 = ORIENTED_EDGE('',*,*,#9153,.F.);
#9754 = ORIENTED_EDGE('',*,*,#9186,.F.);
#9755 = ORIENTED_EDGE('',*,*,#9217,.F.);
#9756 = ORIENTED_EDGE('',*,*,#9250,.F.);
#9757 = ORIENTED_EDGE('',*,*,#9283,.F.);
#9758 = ORIENTED_EDGE('',*,*,#9314,.F.);
#9759 = ORIENTED_EDGE('',*,*,#9347,.F.);
#9760 = ORIENTED_EDGE('',*,*,#9380,.F.);
#9761 = ORIENTED_EDGE('',*,*,#9411,.F.);
#9762 = ORIENTED_EDGE('',*,*,#9444,.F.);
#9763 = ORIENTED_EDGE('',*,*,#9477,.F.);
#9764 = ORIENTED_EDGE('',*,*,#9508,.F.);
#9765 = ORIENTED_EDGE('',*,*,#9539,.F.);
#9766 = ORIENTED_EDGE('',*,*,#9572,.F.);
#9767 = ORIENTED_EDGE('',*,*,#9605,.F.);
#9768 = ORIENTED_EDGE('',*,*,#9636,.F.);
#9769 = ORIENTED_EDGE('',*,*,#9669,.F.);
#9770 = ORIENTED_EDGE('',*,*,#9702,.F.);
#9771 = ORIENTED_EDGE('',*,*,#9724,.F.);
#9772 = PLANE('',#9773);
#9773 = AXIS2_PLACEMENT_3D('',#9774,#9775,#9776);
#9774 = CARTESIAN_POINT('',(4.166934125255,-3.725356248305,10.));
#9775 = DIRECTION('',(0.,0.,1.));
#9776 = DIRECTION('',(1.,0.,0.));
#9777 = ADVANCED_FACE('',(#9778),#9813,.F.);
#9778 = FACE_BOUND('',#9779,.F.);
#9779 = EDGE_LOOP('',(#9780,#9781,#9782,#9783,#9784,#9785,#9786,#9787,
    #9788,#9789,#9790,#9791,#9792,#9793,#9794,#9795,#9796,#9797,#9798,
    #9799,#9800,#9801,#9802,#9803,#9804,#9805,#9806,#9807,#9808,#9809,
    #9810,#9811,#9812));
#9780 = ORIENTED_EDGE('',*,*,#8687,.F.);
#9781 = ORIENTED_EDGE('',*,*,#8729,.F.);
#9782 = ORIENTED_EDGE('',*,*,#8760,.F.);
#9783 = ORIENTED_EDGE('',*,*,#8793,.F.);
#9784 = ORIENTED_EDGE('',*,*,#8826,.F.);
#9785 = ORIENTED_EDGE('',*,*,#8857,.F.);
#9786 = ORIENTED_EDGE('',*,*,#8888,.F.);
#9787 = ORIENTED_EDGE('',*,*,#8921,.F.);
#9788 = ORIENTED_EDGE('',*,*,#8954,.F.);
#9789 = ORIENTED_EDGE('',*,*,#8985,.F.);
#9790 = ORIENTED_EDGE('',*,*,#9018,.F.);
#9791 = ORIENTED_EDGE('',*,*,#9051,.F.);
#9792 = ORIENTED_EDGE('',*,*,#9082,.F.);
#9793 = ORIENTED_EDGE('',*,*,#9113,.F.);
#9794 = ORIENTED_EDGE('',*,*,#9146,.F.);
#9795 = ORIENTED_EDGE('',*,*,#9179,.F.);
#9796 = ORIENTED_EDGE('',*,*,#9210,.F.);
#9797 = ORIENTED_EDGE('',*,*,#9243,.F.);
#9798 = ORIENTED_EDGE('',*,*,#9276,.F.);
#9799 = ORIENTED_EDGE('',*,*,#9307,.F.);
#9800 = ORIENTED_EDGE('',*,*,#9340,.F.);
#9801 = ORIENTED_EDGE('',*,*,#9373,.F.);
#9802 = ORIENTED_EDGE('',*,*,#9404,.F.);
#9803 = ORIENTED_EDGE('',*,*,#9437,.F.);
#9804 = ORIENTED_EDGE('',*,*,#9470,.F.);
#9805 = ORIENTED_EDGE('',*,*,#9501,.F.);
#9806 = ORIENTED_EDGE('',*,*,#9532,.F.);
#9807 = ORIENTED_EDGE('',*,*,#9565,.F.);
#9808 = ORIENTED_EDGE('',*,*,#9598,.F.);
#9809 = ORIENTED_EDGE('',*,*,#9629,.F.);
#9810 = ORIENTED_EDGE('',*,*,#9662,.F.);
#9811 = ORIENTED_EDGE('',*,*,#9695,.F.);
#9812 = ORIENTED_EDGE('',*,*,#9717,.F.);
#9813 = PLANE('',#9814);
#9814 = AXIS2_PLACEMENT_3D('',#9815,#9816,#9817);
#9815 = CARTESIAN_POINT('',(4.166934125255,-3.725356248305,9.6));
#9816 = DIRECTION('',(0.,0.,1.));
#9817 = DIRECTION('',(1.,0.,0.));
#9818 = ( GEOMETRIC_REPRESENTATION_CONTEXT(3) 
GLOBAL_UNCERTAINTY_ASSIGNED_CONTEXT((#9822)) 
GLOBAL_UNIT_ASSIGNED_CONTEXT((#9819,#9820,#9821)) REPRESENTATION_CONTEXT
('Context #1','3D Context with UNIT and UNCERTAINTY') );
#9819 = ( LENGTH_UNIT() NAMED_UNIT(*) SI_UNIT(.MILLI.,.METRE.) );
#9820 = ( NAMED_UNIT(*) PLANE_ANGLE_UNIT() SI_UNIT($,.RADIAN.) );
#9821 = ( NAMED_UNIT(*) SI_UNIT($,.STERADIAN.) SOLID_ANGLE_UNIT() );
#9822 = UNCERTAINTY_MEASURE_WITH_UNIT(LENGTH_MEASURE(1.E-07),#9819,
  'distance_accuracy_value','confusion accuracy');
#9823 = CONTEXT_DEPENDENT_SHAPE_REPRESENTATION(#9824,#9826);
#9824 = ( REPRESENTATION_RELATIONSHIP('','',#6646,#10) 
REPRESENTATION_RELATIONSHIP_WITH_TRANSFORMATION(#9825) 
SHAPE_REPRESENTATION_RELATIONSHIP() );
#9825 = ITEM_DEFINED_TRANSFORMATION('','',#11,#23);
#9826 = PRODUCT_DEFINITION_SHAPE('Placement','Placement of an item',
  #9827);
#9827 = NEXT_ASSEMBLY_USAGE_OCCURRENCE('79','Extrude001','',#5,#6641,$);
#9828 = PRODUCT_RELATED_PRODUCT_CATEGORY('part',$,(#6643));
#9829 = MECHANICAL_DESIGN_GEOMETRIC_PRESENTATION_REPRESENTATION('',(
    #9830,#9841,#9850),#9818);
#9830 = STYLED_ITEM('color',(#9831),#6647);
#9831 = PRESENTATION_STYLE_ASSIGNMENT((#9832,#9838));
#9832 = SURFACE_STYLE_USAGE(.BOTH.,#9833);
#9833 = SURFACE_SIDE_STYLE('',(#9834));
#9834 = SURFACE_STYLE_FILL_AREA(#9835);
#9835 = FILL_AREA_STYLE('',(#9836));
#9836 = FILL_AREA_STYLE_COLOUR('',#9837);
#9837 = COLOUR_RGB('',0.447058818107,0.474509808674,0.501960817233);
#9838 = CURVE_STYLE('',#9839,POSITIVE_LENGTH_MEASURE(0.1),#9840);
#9839 = DRAUGHTING_PRE_DEFINED_CURVE_FONT('continuous');
#9840 = COLOUR_RGB('',9.803921802644E-02,9.803921802644E-02,
  9.803921802644E-02);
#9841 = STYLED_ITEM('color',(#9842),#7697);
#9842 = PRESENTATION_STYLE_ASSIGNMENT((#9843,#9848));
#9843 = SURFACE_STYLE_USAGE(.BOTH.,#9844);
#9844 = SURFACE_SIDE_STYLE('',(#9845));
#9845 = SURFACE_STYLE_FILL_AREA(#9846);
#9846 = FILL_AREA_STYLE('',(#9847));
#9847 = FILL_AREA_STYLE_COLOUR('',#9837);
#9848 = CURVE_STYLE('',#9849,POSITIVE_LENGTH_MEASURE(0.1),#9840);
#9849 = DRAUGHTING_PRE_DEFINED_CURVE_FONT('continuous');
#9850 = STYLED_ITEM('color',(#9851),#8671);
#9851 = PRESENTATION_STYLE_ASSIGNMENT((#9852,#9857));
#9852 = SURFACE_STYLE_USAGE(.BOTH.,#9853);
#9853 = SURFACE_SIDE_STYLE('',(#9854));
#9854 = SURFACE_STYLE_FILL_AREA(#9855);
#9855 = FILL_AREA_STYLE('',(#9856));
#9856 = FILL_AREA_STYLE_COLOUR('',#9837);
#9857 = CURVE_STYLE('',#9858,POSITIVE_LENGTH_MEASURE(0.1),#9840);
#9858 = DRAUGHTING_PRE_DEFINED_CURVE_FONT('continuous');
#9859 = MECHANICAL_DESIGN_GEOMETRIC_PRESENTATION_REPRESENTATION('',(
    #9860),#6628);
#9860 = STYLED_ITEM('color',(#9861),#5654);
#9861 = PRESENTATION_STYLE_ASSIGNMENT((#9862,#9867));
#9862 = SURFACE_STYLE_USAGE(.BOTH.,#9863);
#9863 = SURFACE_SIDE_STYLE('',(#9864));
#9864 = SURFACE_STYLE_FILL_AREA(#9865);
#9865 = FILL_AREA_STYLE('',(#9866));
#9866 = FILL_AREA_STYLE_COLOUR('',#9837);
#9867 = CURVE_STYLE('',#9868,POSITIVE_LENGTH_MEASURE(0.1),#9840);
#9868 = DRAUGHTING_PRE_DEFINED_CURVE_FONT('continuous');
#9869 = MECHANICAL_DESIGN_GEOMETRIC_PRESENTATION_REPRESENTATION('',(
    #9870),#5635);
#9870 = STYLED_ITEM('color',(#9871),#41);
#9871 = PRESENTATION_STYLE_ASSIGNMENT((#9872,#9877));
#9872 = SURFACE_STYLE_USAGE(.BOTH.,#9873);
#9873 = SURFACE_SIDE_STYLE('',(#9874));
#9874 = SURFACE_STYLE_FILL_AREA(#9875);
#9875 = FILL_AREA_STYLE('',(#9876));
#9876 = FILL_AREA_STYLE_COLOUR('',#9837);
#9877 = CURVE_STYLE('',#9878,POSITIVE_LENGTH_MEASURE(0.1),#9840);
#9878 = DRAUGHTING_PRE_DEFINED_CURVE_FONT('continuous');
ENDSEC;
END-ISO-10303-21;
