ISO-10303-21;
HEADER;
FILE_DESCRIPTION(('FreeCAD Model'),'2;1');
FILE_NAME('Open CASCADE Shape Model','2026-09-02T16:40:02',(''),(''),
  'Open CASCADE STEP processor 7.8','FreeCAD','Unknown');
FILE_SCHEMA(('AUTOMOTIVE_DESIGN { 1 0 10303 214 1 1 1 1 }'));
ENDSEC;
DATA;
#1 = APPLICATION_PROTOCOL_DEFINITION('international standard',
  'automotive_design',2000,#2);
#2 = APPLICATION_CONTEXT(
  'core data for automotive mechanical design processes');
#3 = SHAPE_DEFINITION_REPRESENTATION(#4,#10);
#4 = PRODUCT_DEFINITION_SHAPE('','',#5);
#5 = PRODUCT_DEFINITION('design','',#6,#9);
#6 = PRODUCT_DEFINITION_FORMATION('','',#7);
#7 = PRODUCT('Tasta_P','Tasta_P','',(#8));
#8 = PRODUCT_CONTEXT('',#2,'mechanical');
#9 = PRODUCT_DEFINITION_CONTEXT('part definition',#2,'design');
#10 = SHAPE_REPRESENTATION('',(#11,#15,#19,#23),#27);
#11 = AXIS2_PLACEMENT_3D('',#12,#13,#14);
#12 = CARTESIAN_POINT('',(0.,0.,0.));
#13 = DIRECTION('',(0.,0.,1.));
#14 = DIRECTION('',(1.,0.,-0.));
#15 = AXIS2_PLACEMENT_3D('',#16,#17,#18);
#16 = CARTESIAN_POINT('',(0.,0.,0.));
#17 = DIRECTION('',(0.,0.,1.));
#18 = DIRECTION('',(1.,0.,0.));
#19 = AXIS2_PLACEMENT_3D('',#20,#21,#22);
#20 = CARTESIAN_POINT('',(0.,0.,0.));
#21 = DIRECTION('',(0.,0.,1.));
#22 = DIRECTION('',(1.,0.,0.));
#23 = AXIS2_PLACEMENT_3D('',#24,#25,#26);
#24 = CARTESIAN_POINT('',(0.,0.,0.));
#25 = DIRECTION('',(0.,0.,1.));
#26 = DIRECTION('',(1.,0.,0.));
#27 = ( GEOMETRIC_REPRESENTATION_CONTEXT(3) 
GLOBAL_UNCERTAINTY_ASSIGNED_CONTEXT((#31)) GLOBAL_UNIT_ASSIGNED_CONTEXT(
(#28,#29,#30)) REPRESENTATION_CONTEXT('Context #1',
  '3D Context with UNIT and UNCERTAINTY') );
#28 = ( LENGTH_UNIT() NAMED_UNIT(*) SI_UNIT(.MILLI.,.METRE.) );
#29 = ( NAMED_UNIT(*) PLANE_ANGLE_UNIT() SI_UNIT($,.RADIAN.) );
#30 = ( NAMED_UNIT(*) SI_UNIT($,.STERADIAN.) SOLID_ANGLE_UNIT() );
#31 = UNCERTAINTY_MEASURE_WITH_UNIT(LENGTH_MEASURE(1.E-07),#28,
  'distance_accuracy_value','confusion accuracy');
#32 = PRODUCT_RELATED_PRODUCT_CATEGORY('part',$,(#7));
#33 = SHAPE_DEFINITION_REPRESENTATION(#34,#40);
#34 = PRODUCT_DEFINITION_SHAPE('','',#35);
#35 = PRODUCT_DEFINITION('design','',#36,#39);
#36 = PRODUCT_DEFINITION_FORMATION('','',#37);
#37 = PRODUCT('Body','Body','',(#38));
#38 = PRODUCT_CONTEXT('',#2,'mechanical');
#39 = PRODUCT_DEFINITION_CONTEXT('part definition',#2,'design');
#40 = ADVANCED_BREP_SHAPE_REPRESENTATION('',(#11,#41),#5846);
#41 = MANIFOLD_SOLID_BREP('',#42);
#42 = CLOSED_SHELL('',(#43,#83,#133,#187,#309,#343,#368,#422,#439,#465,
    #1345,#1379,#1404,#1447,#1466,#1497,#1521,#1545,#1569,#1593,#1617,
    #1641,#1658,#1685,#1704,#1731,#1743,#1774,#1800,#1826,#1850,#1874,
    #1900,#1926,#1952,#1978,#2004,#2030,#2054,#2080,#2106,#2130,#2156,
    #2175,#2206,#2232,#2258,#2282,#2306,#2330,#2356,#2382,#2406,#2432,
    #2458,#2484,#2508,#2534,#2560,#2586,#2612,#2636,#2662,#2688,#2712,
    #2738,#2757,#2788,#2814,#2840,#2864,#2888,#2914,#2940,#2964,#2990,
    #3016,#3040,#3066,#3092,#3116,#3142,#3168,#3192,#3216,#3242,#3268,
    #3292,#3318,#3344,#3368,#3394,#3413,#3444,#3470,#3496,#3520,#3544,
    #3570,#3596,#3620,#3646,#3672,#3696,#3722,#3748,#3772,#3798,#3824,
    #3848,#3872,#3898,#3917,#3948,#3974,#4000,#4026,#4052,#4076,#4100,
    #4124,#4150,#4176,#4202,#4228,#4252,#4278,#4304,#4330,#4349,#4376,
    #4459,#4548,#4582,#4610,#4693,#4718,#4749,#4773,#4797,#4823,#4849,
    #4875,#4894,#4925,#4949,#4973,#4999,#5025,#5051,#5070,#5101,#5125,
    #5149,#5175,#5201,#5227,#5246,#5389,#5404,#5419,#5434,#5465,#5490,
    #5514,#5538,#5562,#5587,#5611,#5635,#5659,#5684,#5708,#5732,#5756,
    #5781,#5805,#5822));
#43 = ADVANCED_FACE('',(#44),#78,.T.);
#44 = FACE_BOUND('',#45,.T.);
#45 = EDGE_LOOP('',(#46,#55,#65,#72));
#46 = ORIENTED_EDGE('',*,*,#47,.T.);
#47 = EDGE_CURVE('',#48,#50,#52,.T.);
#48 = VERTEX_POINT('',#49);
#49 = CARTESIAN_POINT('',(-9.1,-7.685786437627,0.));
#50 = VERTEX_POINT('',#51);
#51 = CARTESIAN_POINT('',(-7.102758617143,-5.68854505477,9.510673251699)
  );
#52 = B_SPLINE_CURVE_WITH_KNOTS('',1,(#53,#54),.UNSPECIFIED.,.F.,.F.,(2,
    2),(0.,1.),.PIECEWISE_BEZIER_KNOTS.);
#53 = CARTESIAN_POINT('',(-9.1,-7.685786437627,0.));
#54 = CARTESIAN_POINT('',(-7.,-5.585786437627,10.));
#55 = ORIENTED_EDGE('',*,*,#56,.F.);
#56 = EDGE_CURVE('',#57,#50,#59,.T.);
#57 = VERTEX_POINT('',#58);
#58 = CARTESIAN_POINT('',(-7.102758617143,5.68854505477,9.510673251699)
  );
#59 = B_SPLINE_CURVE_WITH_KNOTS('',2,(#60,#61,#62,#63,#64),
  .UNSPECIFIED.,.F.,.F.,(3,1,1,3),(-1.183700259966,-0.5,11.671572875254,
    12.355273135219),.UNSPECIFIED.);
#60 = CARTESIAN_POINT('',(-7.102758617143,6.769486697592,9.510673251699)
  );
#61 = CARTESIAN_POINT('',(-7.102758617143,6.42763656761,9.510673251699)
  );
#62 = CARTESIAN_POINT('',(-7.102758617143,-2.66E-15,9.510673251699));
#63 = CARTESIAN_POINT('',(-7.102758617143,-6.42763656761,9.510673251699)
  );
#64 = CARTESIAN_POINT('',(-7.102758617143,-6.769486697592,9.510673251699
    ));
#65 = ORIENTED_EDGE('',*,*,#66,.F.);
#66 = EDGE_CURVE('',#67,#57,#69,.T.);
#67 = VERTEX_POINT('',#68);
#68 = CARTESIAN_POINT('',(-9.1,7.685786437627,0.));
#69 = B_SPLINE_CURVE_WITH_KNOTS('',1,(#70,#71),.UNSPECIFIED.,.F.,.F.,(2,
    2),(0.,1.),.PIECEWISE_BEZIER_KNOTS.);
#70 = CARTESIAN_POINT('',(-9.1,7.685786437627,0.));
#71 = CARTESIAN_POINT('',(-7.,5.585786437627,10.));
#72 = ORIENTED_EDGE('',*,*,#73,.T.);
#73 = EDGE_CURVE('',#67,#48,#74,.T.);
#74 = LINE('',#75,#76);
#75 = CARTESIAN_POINT('',(-9.1,7.685786437627,0.));
#76 = VECTOR('',#77,1.);
#77 = DIRECTION('',(0.,-1.,0.));
#78 = B_SPLINE_SURFACE_WITH_KNOTS('',1,1,(
    (#79,#80)
    ,(#81,#82
    )),.UNSPECIFIED.,.F.,.F.,.F.,(2,2),(2,2),(0.,15.371572875254),(0.,1.
    ),.PIECEWISE_BEZIER_KNOTS.);
#79 = CARTESIAN_POINT('',(-9.1,7.685786437627,0.));
#80 = CARTESIAN_POINT('',(-7.,5.585786437627,10.));
#81 = CARTESIAN_POINT('',(-9.1,-7.685786437627,0.));
#82 = CARTESIAN_POINT('',(-7.,-5.585786437627,10.));
#83 = ADVANCED_FACE('',(#84),#128,.T.);
#84 = FACE_BOUND('',#85,.T.);
#85 = EDGE_LOOP('',(#86,#95,#105,#113,#121,#122));
#86 = ORIENTED_EDGE('',*,*,#87,.T.);
#87 = EDGE_CURVE('',#88,#90,#92,.T.);
#88 = VERTEX_POINT('',#89);
#89 = CARTESIAN_POINT('',(-7.685786437627,-9.1,0.));
#90 = VERTEX_POINT('',#91);
#91 = CARTESIAN_POINT('',(-5.68854505477,-7.102758617143,9.510673251699)
  );
#92 = B_SPLINE_CURVE_WITH_KNOTS('',1,(#93,#94),.UNSPECIFIED.,.F.,.F.,(2,
    2),(0.,1.),.PIECEWISE_BEZIER_KNOTS.);
#93 = CARTESIAN_POINT('',(-7.685786437627,-9.1,0.));
#94 = CARTESIAN_POINT('',(-5.585786437627,-7.,10.));
#95 = ORIENTED_EDGE('',*,*,#96,.F.);
#96 = EDGE_CURVE('',#97,#90,#99,.T.);
#97 = VERTEX_POINT('',#98);
#98 = CARTESIAN_POINT('',(-5.696677530706,-7.090418714604,9.520690934088
    ));
#99 = B_SPLINE_CURVE_WITH_KNOTS('',4,(#100,#101,#102,#103,#104),
  .UNSPECIFIED.,.F.,.F.,(5,5),(0.,1.),.PIECEWISE_BEZIER_KNOTS.);
#100 = CARTESIAN_POINT('',(-5.696632501422,-7.090487040287,
    9.520635466471));
#101 = CARTESIAN_POINT('',(-5.694610639759,-7.093554934501,
    9.518144912778));
#102 = CARTESIAN_POINT('',(-5.692588778096,-7.096622828715,
    9.515654359085));
#103 = CARTESIAN_POINT('',(-5.690566916433,-7.099690722929,
    9.513163805392));
#104 = CARTESIAN_POINT('',(-5.68854505477,-7.102758617143,9.510673251699
    ));
#105 = ORIENTED_EDGE('',*,*,#106,.F.);
#106 = EDGE_CURVE('',#107,#97,#109,.T.);
#107 = VERTEX_POINT('',#108);
#108 = CARTESIAN_POINT('',(-7.090418714604,-5.696677530706,
    9.520690934088));
#109 = LINE('',#110,#111);
#110 = CARTESIAN_POINT('',(-7.100654903841,-5.686441341468,
    9.520690934088));
#111 = VECTOR('',#112,1.);
#112 = DIRECTION('',(0.707106781187,-0.707106781187,0.));
#113 = ORIENTED_EDGE('',*,*,#114,.T.);
#114 = EDGE_CURVE('',#107,#50,#115,.T.);
#115 = B_SPLINE_CURVE_WITH_KNOTS('',4,(#116,#117,#118,#119,#120),
  .UNSPECIFIED.,.F.,.F.,(5,5),(0.,1.),.PIECEWISE_BEZIER_KNOTS.);
#116 = CARTESIAN_POINT('',(-7.090487040287,-5.696632501422,
    9.520635466471));
#117 = CARTESIAN_POINT('',(-7.093554934501,-5.694610639759,
    9.518144912778));
#118 = CARTESIAN_POINT('',(-7.096622828715,-5.692588778096,
    9.515654359085));
#119 = CARTESIAN_POINT('',(-7.099690722929,-5.690566916433,
    9.513163805392));
#120 = CARTESIAN_POINT('',(-7.102758617143,-5.68854505477,9.510673251699
    ));
#121 = ORIENTED_EDGE('',*,*,#47,.F.);
#122 = ORIENTED_EDGE('',*,*,#123,.T.);
#123 = EDGE_CURVE('',#48,#88,#124,.T.);
#124 = LINE('',#125,#126);
#125 = CARTESIAN_POINT('',(-9.1,-7.685786437627,0.));
#126 = VECTOR('',#127,1.);
#127 = DIRECTION('',(0.707106781187,-0.707106781187,0.));
#128 = PLANE('',#129);
#129 = AXIS2_PLACEMENT_3D('',#130,#131,#132);
#130 = CARTESIAN_POINT('',(-7.,-5.585786437627,10.));
#131 = DIRECTION('',(-0.677845381581,-0.677845381581,0.284695060264));
#132 = DIRECTION('',(0.707106781187,-0.707106781187,-5.551115123126E-17)
  );
#133 = ADVANCED_FACE('',(#134),#176,.F.);
#134 = FACE_BOUND('',#135,.F.);
#135 = EDGE_LOOP('',(#136,#148,#158,#166,#167,#168));
#136 = ORIENTED_EDGE('',*,*,#137,.F.);
#137 = EDGE_CURVE('',#138,#140,#142,.T.);
#138 = VERTEX_POINT('',#139);
#139 = CARTESIAN_POINT('',(-6.5,5.37867965644,10.));
#140 = VERTEX_POINT('',#141);
#141 = CARTESIAN_POINT('',(-7.090418714604,5.696677530706,9.520690934088
    ));
#142 = B_SPLINE_CURVE_WITH_KNOTS('',4,(#143,#144,#145,#146,#147),
  .UNSPECIFIED.,.F.,.F.,(5,5),(0.,1.),.PIECEWISE_BEZIER_KNOTS.);
#143 = CARTESIAN_POINT('',(-6.5,5.37867965644,10.));
#144 = CARTESIAN_POINT('',(-6.647604678651,5.458179125007,9.880172733522
    ));
#145 = CARTESIAN_POINT('',(-6.795209357302,5.537678593573,9.760345467044
    ));
#146 = CARTESIAN_POINT('',(-6.942814035953,5.617178062139,9.640518200566
    ));
#147 = CARTESIAN_POINT('',(-7.090418714604,5.696677530706,9.520690934088
    ));
#148 = ORIENTED_EDGE('',*,*,#149,.T.);
#149 = EDGE_CURVE('',#138,#150,#152,.T.);
#150 = VERTEX_POINT('',#151);
#151 = CARTESIAN_POINT('',(-6.5,-5.37867965644,10.));
#152 = B_SPLINE_CURVE_WITH_KNOTS('',2,(#153,#154,#155,#156,#157),
  .UNSPECIFIED.,.F.,.F.,(3,1,1,3),(-1.183700259966,-0.5,11.671572875254,
    12.355273135219),.UNSPECIFIED.);
#153 = CARTESIAN_POINT('',(-6.5,6.769486697592,10.));
#154 = CARTESIAN_POINT('',(-6.5,6.42763656761,10.));
#155 = CARTESIAN_POINT('',(-6.5,-1.78E-15,10.));
#156 = CARTESIAN_POINT('',(-6.5,-6.42763656761,10.));
#157 = CARTESIAN_POINT('',(-6.5,-6.769486697592,10.));
#158 = ORIENTED_EDGE('',*,*,#159,.T.);
#159 = EDGE_CURVE('',#150,#107,#160,.T.);
#160 = B_SPLINE_CURVE_WITH_KNOTS('',4,(#161,#162,#163,#164,#165),
  .UNSPECIFIED.,.F.,.F.,(5,5),(0.,1.),.PIECEWISE_BEZIER_KNOTS.);
#161 = CARTESIAN_POINT('',(-6.5,-5.37867965644,10.));
#162 = CARTESIAN_POINT('',(-6.647604678651,-5.458179125007,
    9.880172733522));
#163 = CARTESIAN_POINT('',(-6.795209357302,-5.537678593573,
    9.760345467044));
#164 = CARTESIAN_POINT('',(-6.942814035953,-5.617178062139,
    9.640518200566));
#165 = CARTESIAN_POINT('',(-7.090418714604,-5.696677530706,
    9.520690934088));
#166 = ORIENTED_EDGE('',*,*,#114,.T.);
#167 = ORIENTED_EDGE('',*,*,#56,.F.);
#168 = ORIENTED_EDGE('',*,*,#169,.F.);
#169 = EDGE_CURVE('',#140,#57,#170,.T.);
#170 = B_SPLINE_CURVE_WITH_KNOTS('',4,(#171,#172,#173,#174,#175),
  .UNSPECIFIED.,.F.,.F.,(5,5),(0.,1.),.PIECEWISE_BEZIER_KNOTS.);
#171 = CARTESIAN_POINT('',(-7.090418714604,5.696677530706,9.520690934088
    ));
#172 = CARTESIAN_POINT('',(-7.093503690239,5.694644411722,9.518186513491
    ));
#173 = CARTESIAN_POINT('',(-7.096588665874,5.692611292738,9.515682092894
    ));
#174 = CARTESIAN_POINT('',(-7.099673641508,5.690578173754,9.513177672296
    ));
#175 = CARTESIAN_POINT('',(-7.102758617143,5.68854505477,9.510673251699)
  );
#176 = B_SPLINE_SURFACE_WITH_KNOTS('',1,2,(
    (#177,#178,#179,#180,#181)
    ,(#182,#183,#184,#185,#186
    )),.UNSPECIFIED.,.F.,.F.,.F.,(2,2),(3,1,1,3),(0.,12.171572875254),(
    -1.183700259966,-0.5,11.671572875254,12.355273135219),
  .UNSPECIFIED.);
#177 = CARTESIAN_POINT('',(-7.102758617143,6.769486697592,9.510673251699
    ));
#178 = CARTESIAN_POINT('',(-7.102758617143,6.42763656761,9.510673251699)
  );
#179 = CARTESIAN_POINT('',(-7.102758617143,-2.66E-15,9.510673251699));
#180 = CARTESIAN_POINT('',(-7.102758617143,-6.42763656761,9.510673251699
    ));
#181 = CARTESIAN_POINT('',(-7.102758617143,-6.769486697592,
    9.510673251699));
#182 = CARTESIAN_POINT('',(-6.5,6.769486697592,10.));
#183 = CARTESIAN_POINT('',(-6.5,6.42763656761,10.));
#184 = CARTESIAN_POINT('',(-6.5,-1.78E-15,10.));
#185 = CARTESIAN_POINT('',(-6.5,-6.42763656761,10.));
#186 = CARTESIAN_POINT('',(-6.5,-6.769486697592,10.));
#187 = ADVANCED_FACE('',(#188,#238),#304,.F.);
#188 = FACE_BOUND('',#189,.F.);
#189 = EDGE_LOOP('',(#190,#191,#192,#200,#208,#216,#224,#232));
#190 = ORIENTED_EDGE('',*,*,#73,.T.);
#191 = ORIENTED_EDGE('',*,*,#123,.T.);
#192 = ORIENTED_EDGE('',*,*,#193,.T.);
#193 = EDGE_CURVE('',#88,#194,#196,.T.);
#194 = VERTEX_POINT('',#195);
#195 = CARTESIAN_POINT('',(7.685786437627,-9.1,0.));
#196 = LINE('',#197,#198);
#197 = CARTESIAN_POINT('',(-7.685786437627,-9.1,0.));
#198 = VECTOR('',#199,1.);
#199 = DIRECTION('',(1.,0.,0.));
#200 = ORIENTED_EDGE('',*,*,#201,.T.);
#201 = EDGE_CURVE('',#194,#202,#204,.T.);
#202 = VERTEX_POINT('',#203);
#203 = CARTESIAN_POINT('',(9.1,-7.685786437627,0.));
#204 = LINE('',#205,#206);
#205 = CARTESIAN_POINT('',(7.685786437627,-9.1,0.));
#206 = VECTOR('',#207,1.);
#207 = DIRECTION('',(0.707106781187,0.707106781187,0.));
#208 = ORIENTED_EDGE('',*,*,#209,.T.);
#209 = EDGE_CURVE('',#202,#210,#212,.T.);
#210 = VERTEX_POINT('',#211);
#211 = CARTESIAN_POINT('',(9.1,7.685786437627,0.));
#212 = LINE('',#213,#214);
#213 = CARTESIAN_POINT('',(9.1,-7.685786437627,0.));
#214 = VECTOR('',#215,1.);
#215 = DIRECTION('',(0.,1.,0.));
#216 = ORIENTED_EDGE('',*,*,#217,.T.);
#217 = EDGE_CURVE('',#210,#218,#220,.T.);
#218 = VERTEX_POINT('',#219);
#219 = CARTESIAN_POINT('',(7.685786437627,9.1,0.));
#220 = LINE('',#221,#222);
#221 = CARTESIAN_POINT('',(9.1,7.685786437627,0.));
#222 = VECTOR('',#223,1.);
#223 = DIRECTION('',(-0.707106781187,0.707106781187,0.));
#224 = ORIENTED_EDGE('',*,*,#225,.T.);
#225 = EDGE_CURVE('',#218,#226,#228,.T.);
#226 = VERTEX_POINT('',#227);
#227 = CARTESIAN_POINT('',(-7.685786437627,9.1,0.));
#228 = LINE('',#229,#230);
#229 = CARTESIAN_POINT('',(7.685786437627,9.1,0.));
#230 = VECTOR('',#231,1.);
#231 = DIRECTION('',(-1.,0.,0.));
#232 = ORIENTED_EDGE('',*,*,#233,.T.);
#233 = EDGE_CURVE('',#226,#67,#234,.T.);
#234 = LINE('',#235,#236);
#235 = CARTESIAN_POINT('',(-7.685786437627,9.1,0.));
#236 = VECTOR('',#237,1.);
#237 = DIRECTION('',(-0.707106781187,-0.707106781187,0.));
#238 = FACE_BOUND('',#239,.F.);
#239 = EDGE_LOOP('',(#240,#250,#258,#266,#274,#282,#290,#298));
#240 = ORIENTED_EDGE('',*,*,#241,.T.);
#241 = EDGE_CURVE('',#242,#244,#246,.T.);
#242 = VERTEX_POINT('',#243);
#243 = CARTESIAN_POINT('',(-7.873825461037,-7.141645750422,-1.E-15));
#244 = VERTEX_POINT('',#245);
#245 = CARTESIAN_POINT('',(-7.873825461037,7.141645750422,-1.E-15));
#246 = LINE('',#247,#248);
#247 = CARTESIAN_POINT('',(-7.873825461037,-4.6E-16,0.));
#248 = VECTOR('',#249,1.);
#249 = DIRECTION('',(-1.E-17,1.,0.));
#250 = ORIENTED_EDGE('',*,*,#251,.T.);
#251 = EDGE_CURVE('',#244,#252,#254,.T.);
#252 = VERTEX_POINT('',#253);
#253 = CARTESIAN_POINT('',(-7.141645750422,7.873825461037,0.));
#254 = LINE('',#255,#256);
#255 = CARTESIAN_POINT('',(-7.154182215136,7.861288996323,0.));
#256 = VECTOR('',#257,1.);
#257 = DIRECTION('',(0.707106781187,0.707106781187,0.));
#258 = ORIENTED_EDGE('',*,*,#259,.T.);
#259 = EDGE_CURVE('',#252,#260,#262,.T.);
#260 = VERTEX_POINT('',#261);
#261 = CARTESIAN_POINT('',(7.141645750422,7.873825461037,0.));
#262 = LINE('',#263,#264);
#263 = CARTESIAN_POINT('',(-8.3E-16,7.873825461037,4.4E-16));
#264 = VECTOR('',#265,1.);
#265 = DIRECTION('',(1.,-2.E-17,0.));
#266 = ORIENTED_EDGE('',*,*,#267,.T.);
#267 = EDGE_CURVE('',#260,#268,#270,.T.);
#268 = VERTEX_POINT('',#269);
#269 = CARTESIAN_POINT('',(7.873825461037,7.141645750422,-1.E-15));
#270 = LINE('',#271,#272);
#271 = CARTESIAN_POINT('',(7.861288996323,7.154182215136,0.));
#272 = VECTOR('',#273,1.);
#273 = DIRECTION('',(0.707106781187,-0.707106781187,0.));
#274 = ORIENTED_EDGE('',*,*,#275,.T.);
#275 = EDGE_CURVE('',#268,#276,#278,.T.);
#276 = VERTEX_POINT('',#277);
#277 = CARTESIAN_POINT('',(7.873825461037,-7.141645750422,-1.E-15));
#278 = LINE('',#279,#280);
#279 = CARTESIAN_POINT('',(7.873825461037,1.E-16,0.));
#280 = VECTOR('',#281,1.);
#281 = DIRECTION('',(1.E-17,-1.,0.));
#282 = ORIENTED_EDGE('',*,*,#283,.T.);
#283 = EDGE_CURVE('',#276,#284,#286,.T.);
#284 = VERTEX_POINT('',#285);
#285 = CARTESIAN_POINT('',(7.141645750422,-7.873825461037,-1.E-15));
#286 = LINE('',#287,#288);
#287 = CARTESIAN_POINT('',(7.154182215136,-7.861288996323,-8.9E-16));
#288 = VECTOR('',#289,1.);
#289 = DIRECTION('',(-0.707106781187,-0.707106781187,0.));
#290 = ORIENTED_EDGE('',*,*,#291,.T.);
#291 = EDGE_CURVE('',#284,#292,#294,.T.);
#292 = VERTEX_POINT('',#293);
#293 = CARTESIAN_POINT('',(-7.141645750422,-7.873825461037,-1.E-15));
#294 = LINE('',#295,#296);
#295 = CARTESIAN_POINT('',(-4.7E-16,-7.873825461037,0.));
#296 = VECTOR('',#297,1.);
#297 = DIRECTION('',(-1.,0.,0.));
#298 = ORIENTED_EDGE('',*,*,#299,.T.);
#299 = EDGE_CURVE('',#292,#242,#300,.T.);
#300 = LINE('',#301,#302);
#301 = CARTESIAN_POINT('',(-7.861288996323,-7.154182215136,0.));
#302 = VECTOR('',#303,1.);
#303 = DIRECTION('',(-0.707106781187,0.707106781187,0.));
#304 = PLANE('',#305);
#305 = AXIS2_PLACEMENT_3D('',#306,#307,#308);
#306 = CARTESIAN_POINT('',(-1.02E-15,-5.8E-16,0.));
#307 = DIRECTION('',(0.,0.,1.));
#308 = DIRECTION('',(1.,0.,0.));
#309 = ADVANCED_FACE('',(#310),#338,.T.);
#310 = FACE_BOUND('',#311,.T.);
#311 = EDGE_LOOP('',(#312,#313,#314,#322,#332,#337));
#312 = ORIENTED_EDGE('',*,*,#66,.T.);
#313 = ORIENTED_EDGE('',*,*,#169,.F.);
#314 = ORIENTED_EDGE('',*,*,#315,.F.);
#315 = EDGE_CURVE('',#316,#140,#318,.T.);
#316 = VERTEX_POINT('',#317);
#317 = CARTESIAN_POINT('',(-5.696677530706,7.090418714604,9.520690934088
    ));
#318 = LINE('',#319,#320);
#319 = CARTESIAN_POINT('',(-5.686441341468,7.100654903841,9.520690934088
    ));
#320 = VECTOR('',#321,1.);
#321 = DIRECTION('',(-0.707106781187,-0.707106781187,0.));
#322 = ORIENTED_EDGE('',*,*,#323,.T.);
#323 = EDGE_CURVE('',#316,#324,#326,.T.);
#324 = VERTEX_POINT('',#325);
#325 = CARTESIAN_POINT('',(-5.68854505477,7.102758617143,9.510673251699)
  );
#326 = B_SPLINE_CURVE_WITH_KNOTS('',4,(#327,#328,#329,#330,#331),
  .UNSPECIFIED.,.F.,.F.,(5,5),(0.,1.),.PIECEWISE_BEZIER_KNOTS.);
#327 = CARTESIAN_POINT('',(-5.696677530706,7.090418714604,9.520690934088
    ));
#328 = CARTESIAN_POINT('',(-5.694644411722,7.093503690239,9.518186513491
    ));
#329 = CARTESIAN_POINT('',(-5.692611292738,7.096588665874,9.515682092894
    ));
#330 = CARTESIAN_POINT('',(-5.690578173754,7.099673641508,9.513177672296
    ));
#331 = CARTESIAN_POINT('',(-5.68854505477,7.102758617143,9.510673251699)
  );
#332 = ORIENTED_EDGE('',*,*,#333,.F.);
#333 = EDGE_CURVE('',#226,#324,#334,.T.);
#334 = B_SPLINE_CURVE_WITH_KNOTS('',1,(#335,#336),.UNSPECIFIED.,.F.,.F.,
  (2,2),(0.,1.),.PIECEWISE_BEZIER_KNOTS.);
#335 = CARTESIAN_POINT('',(-7.685786437627,9.1,0.));
#336 = CARTESIAN_POINT('',(-5.585786437627,7.,10.));
#337 = ORIENTED_EDGE('',*,*,#233,.T.);
#338 = PLANE('',#339);
#339 = AXIS2_PLACEMENT_3D('',#340,#341,#342);
#340 = CARTESIAN_POINT('',(-5.585786437627,7.,10.));
#341 = DIRECTION('',(-0.677845381581,0.677845381581,0.284695060264));
#342 = DIRECTION('',(-0.707106781187,-0.707106781187,-5.551115123126E-17
    ));
#343 = ADVANCED_FACE('',(#344),#363,.T.);
#344 = FACE_BOUND('',#345,.T.);
#345 = EDGE_LOOP('',(#346,#353,#361,#362));
#346 = ORIENTED_EDGE('',*,*,#347,.T.);
#347 = EDGE_CURVE('',#194,#348,#350,.T.);
#348 = VERTEX_POINT('',#349);
#349 = CARTESIAN_POINT('',(5.68854505477,-7.102758617143,9.510673251699)
  );
#350 = B_SPLINE_CURVE_WITH_KNOTS('',1,(#351,#352),.UNSPECIFIED.,.F.,.F.,
  (2,2),(0.,1.),.PIECEWISE_BEZIER_KNOTS.);
#351 = CARTESIAN_POINT('',(7.685786437627,-9.1,0.));
#352 = CARTESIAN_POINT('',(5.585786437627,-7.,10.));
#353 = ORIENTED_EDGE('',*,*,#354,.F.);
#354 = EDGE_CURVE('',#90,#348,#355,.T.);
#355 = B_SPLINE_CURVE_WITH_KNOTS('',2,(#356,#357,#358,#359,#360),
  .UNSPECIFIED.,.F.,.F.,(3,1,1,3),(-1.183700259966,-0.5,11.671572875254,
    12.355273135219),.UNSPECIFIED.);
#356 = CARTESIAN_POINT('',(-6.769486697592,-7.102758617143,
    9.510673251699));
#357 = CARTESIAN_POINT('',(-6.42763656761,-7.102758617143,9.510673251699
    ));
#358 = CARTESIAN_POINT('',(-8.9E-16,-7.102758617143,9.510673251699));
#359 = CARTESIAN_POINT('',(6.42763656761,-7.102758617143,9.510673251699)
  );
#360 = CARTESIAN_POINT('',(6.769486697592,-7.102758617143,9.510673251699
    ));
#361 = ORIENTED_EDGE('',*,*,#87,.F.);
#362 = ORIENTED_EDGE('',*,*,#193,.T.);
#363 = B_SPLINE_SURFACE_WITH_KNOTS('',1,1,(
    (#364,#365)
    ,(#366,#367
    )),.UNSPECIFIED.,.F.,.F.,.F.,(2,2),(2,2),(0.,15.371572875254),(0.,1.
    ),.PIECEWISE_BEZIER_KNOTS.);
#364 = CARTESIAN_POINT('',(-7.685786437627,-9.1,0.));
#365 = CARTESIAN_POINT('',(-5.585786437627,-7.,10.));
#366 = CARTESIAN_POINT('',(7.685786437627,-9.1,0.));
#367 = CARTESIAN_POINT('',(5.585786437627,-7.,10.));
#368 = ADVANCED_FACE('',(#369),#411,.T.);
#369 = FACE_BOUND('',#370,.T.);
#370 = EDGE_LOOP('',(#371,#383,#393,#401,#402,#403));
#371 = ORIENTED_EDGE('',*,*,#372,.F.);
#372 = EDGE_CURVE('',#373,#375,#377,.T.);
#373 = VERTEX_POINT('',#374);
#374 = CARTESIAN_POINT('',(5.37867965644,-6.5,10.));
#375 = VERTEX_POINT('',#376);
#376 = CARTESIAN_POINT('',(5.696677530706,-7.090418714604,9.520690934088
    ));
#377 = B_SPLINE_CURVE_WITH_KNOTS('',4,(#378,#379,#380,#381,#382),
  .UNSPECIFIED.,.F.,.F.,(5,5),(0.,1.),.PIECEWISE_BEZIER_KNOTS.);
#378 = CARTESIAN_POINT('',(5.37867965644,-6.5,10.));
#379 = CARTESIAN_POINT('',(5.458179125007,-6.647604678651,9.880172733522
    ));
#380 = CARTESIAN_POINT('',(5.537678593573,-6.795209357302,9.760345467044
    ));
#381 = CARTESIAN_POINT('',(5.617178062139,-6.942814035953,9.640518200566
    ));
#382 = CARTESIAN_POINT('',(5.696677530706,-7.090418714604,9.520690934088
    ));
#383 = ORIENTED_EDGE('',*,*,#384,.F.);
#384 = EDGE_CURVE('',#385,#373,#387,.T.);
#385 = VERTEX_POINT('',#386);
#386 = CARTESIAN_POINT('',(-5.37867965644,-6.5,10.));
#387 = B_SPLINE_CURVE_WITH_KNOTS('',2,(#388,#389,#390,#391,#392),
  .UNSPECIFIED.,.F.,.F.,(3,1,1,3),(-1.183700259966,-0.5,11.671572875254,
    12.355273135219),.UNSPECIFIED.);
#388 = CARTESIAN_POINT('',(-6.769486697592,-6.5,10.));
#389 = CARTESIAN_POINT('',(-6.42763656761,-6.5,10.));
#390 = CARTESIAN_POINT('',(-1.78E-15,-6.5,10.));
#391 = CARTESIAN_POINT('',(6.42763656761,-6.5,10.));
#392 = CARTESIAN_POINT('',(6.769486697592,-6.5,10.));
#393 = ORIENTED_EDGE('',*,*,#394,.T.);
#394 = EDGE_CURVE('',#385,#97,#395,.T.);
#395 = B_SPLINE_CURVE_WITH_KNOTS('',4,(#396,#397,#398,#399,#400),
  .UNSPECIFIED.,.F.,.F.,(5,5),(0.,1.),.PIECEWISE_BEZIER_KNOTS.);
#396 = CARTESIAN_POINT('',(-5.37867965644,-6.5,10.));
#397 = CARTESIAN_POINT('',(-5.458179125007,-6.647604678651,
    9.880172733522));
#398 = CARTESIAN_POINT('',(-5.537678593573,-6.795209357302,
    9.760345467044));
#399 = CARTESIAN_POINT('',(-5.617178062139,-6.942814035953,
    9.640518200566));
#400 = CARTESIAN_POINT('',(-5.696677530706,-7.090418714604,
    9.520690934088));
#401 = ORIENTED_EDGE('',*,*,#96,.T.);
#402 = ORIENTED_EDGE('',*,*,#354,.T.);
#403 = ORIENTED_EDGE('',*,*,#404,.F.);
#404 = EDGE_CURVE('',#375,#348,#405,.T.);
#405 = B_SPLINE_CURVE_WITH_KNOTS('',4,(#406,#407,#408,#409,#410),
  .UNSPECIFIED.,.F.,.F.,(5,5),(0.,1.),.PIECEWISE_BEZIER_KNOTS.);
#406 = CARTESIAN_POINT('',(5.696677530706,-7.090418714604,9.520690934088
    ));
#407 = CARTESIAN_POINT('',(5.694644411722,-7.093503690239,9.518186513491
    ));
#408 = CARTESIAN_POINT('',(5.692611292738,-7.096588665874,9.515682092894
    ));
#409 = CARTESIAN_POINT('',(5.690578173754,-7.099673641508,9.513177672296
    ));
#410 = CARTESIAN_POINT('',(5.68854505477,-7.102758617143,9.510673251699)
  );
#411 = B_SPLINE_SURFACE_WITH_KNOTS('',1,2,(
    (#412,#413,#414,#415,#416)
    ,(#417,#418,#419,#420,#421
    )),.UNSPECIFIED.,.F.,.F.,.F.,(2,2),(3,1,1,3),(0.,12.171572875254),(
    -1.183700259966,-0.5,11.671572875254,12.355273135219),
  .UNSPECIFIED.);
#412 = CARTESIAN_POINT('',(-6.769486697592,-6.5,10.));
#413 = CARTESIAN_POINT('',(-6.42763656761,-6.5,10.));
#414 = CARTESIAN_POINT('',(-1.78E-15,-6.5,10.));
#415 = CARTESIAN_POINT('',(6.42763656761,-6.5,10.));
#416 = CARTESIAN_POINT('',(6.769486697592,-6.5,10.));
#417 = CARTESIAN_POINT('',(-6.769486697592,-7.102758617143,
    9.510673251699));
#418 = CARTESIAN_POINT('',(-6.42763656761,-7.102758617143,9.510673251699
    ));
#419 = CARTESIAN_POINT('',(-8.9E-16,-7.102758617143,9.510673251699));
#420 = CARTESIAN_POINT('',(6.42763656761,-7.102758617143,9.510673251699)
  );
#421 = CARTESIAN_POINT('',(6.769486697592,-7.102758617143,9.510673251699
    ));
#422 = ADVANCED_FACE('',(#423),#434,.T.);
#423 = FACE_BOUND('',#424,.F.);
#424 = EDGE_LOOP('',(#425,#426,#432,#433));
#425 = ORIENTED_EDGE('',*,*,#159,.F.);
#426 = ORIENTED_EDGE('',*,*,#427,.T.);
#427 = EDGE_CURVE('',#150,#385,#428,.T.);
#428 = LINE('',#429,#430);
#429 = CARTESIAN_POINT('',(-6.646446609407,-5.232233047034,10.));
#430 = VECTOR('',#431,1.);
#431 = DIRECTION('',(0.707106781187,-0.707106781187,0.));
#432 = ORIENTED_EDGE('',*,*,#394,.T.);
#433 = ORIENTED_EDGE('',*,*,#106,.F.);
#434 = PLANE('',#435);
#435 = AXIS2_PLACEMENT_3D('',#436,#437,#438);
#436 = CARTESIAN_POINT('',(-6.873550756624,-5.459337194251,
    9.760345467044));
#437 = DIRECTION('',(-0.422878510844,-0.422878510844,0.80146586336));
#438 = DIRECTION('',(-0.707106781187,0.707106781187,5.551115123126E-17)
  );
#439 = ADVANCED_FACE('',(#440),#460,.T.);
#440 = FACE_BOUND('',#441,.F.);
#441 = EDGE_LOOP('',(#442,#452,#458,#459));
#442 = ORIENTED_EDGE('',*,*,#443,.F.);
#443 = EDGE_CURVE('',#444,#316,#446,.T.);
#444 = VERTEX_POINT('',#445);
#445 = CARTESIAN_POINT('',(-5.37867965644,6.5,10.));
#446 = B_SPLINE_CURVE_WITH_KNOTS('',4,(#447,#448,#449,#450,#451),
  .UNSPECIFIED.,.F.,.F.,(5,5),(0.,1.),.PIECEWISE_BEZIER_KNOTS.);
#447 = CARTESIAN_POINT('',(-5.37867965644,6.5,10.));
#448 = CARTESIAN_POINT('',(-5.458179125007,6.647604678651,9.880172733522
    ));
#449 = CARTESIAN_POINT('',(-5.537678593573,6.795209357302,9.760345467044
    ));
#450 = CARTESIAN_POINT('',(-5.617178062139,6.942814035953,9.640518200566
    ));
#451 = CARTESIAN_POINT('',(-5.696677530706,7.090418714604,9.520690934088
    ));
#452 = ORIENTED_EDGE('',*,*,#453,.T.);
#453 = EDGE_CURVE('',#444,#138,#454,.T.);
#454 = LINE('',#455,#456);
#455 = CARTESIAN_POINT('',(-5.232233047034,6.646446609407,10.));
#456 = VECTOR('',#457,1.);
#457 = DIRECTION('',(-0.707106781187,-0.707106781187,0.));
#458 = ORIENTED_EDGE('',*,*,#137,.T.);
#459 = ORIENTED_EDGE('',*,*,#315,.F.);
#460 = PLANE('',#461);
#461 = AXIS2_PLACEMENT_3D('',#462,#463,#464);
#462 = CARTESIAN_POINT('',(-5.459337194251,6.873550756624,9.760345467044
    ));
#463 = DIRECTION('',(-0.422878510844,0.422878510844,0.80146586336));
#464 = DIRECTION('',(0.707106781187,0.707106781187,2.775557561563E-17));
#465 = ADVANCED_FACE('',(#466,#506,#644,#830,#1040,#1202),#1340,.T.);
#466 = FACE_BOUND('',#467,.T.);
#467 = EDGE_LOOP('',(#468,#476,#486,#494,#502,#503,#504,#505));
#468 = ORIENTED_EDGE('',*,*,#469,.T.);
#469 = EDGE_CURVE('',#373,#470,#472,.T.);
#470 = VERTEX_POINT('',#471);
#471 = CARTESIAN_POINT('',(6.5,-5.37867965644,10.));
#472 = LINE('',#473,#474);
#473 = CARTESIAN_POINT('',(5.232233047034,-6.646446609407,10.));
#474 = VECTOR('',#475,1.);
#475 = DIRECTION('',(0.707106781187,0.707106781187,0.));
#476 = ORIENTED_EDGE('',*,*,#477,.T.);
#477 = EDGE_CURVE('',#470,#478,#480,.T.);
#478 = VERTEX_POINT('',#479);
#479 = CARTESIAN_POINT('',(6.5,5.37867965644,10.));
#480 = B_SPLINE_CURVE_WITH_KNOTS('',2,(#481,#482,#483,#484,#485),
  .UNSPECIFIED.,.F.,.F.,(3,1,1,3),(-1.183700259966,-0.5,11.671572875254,
    12.355273135219),.UNSPECIFIED.);
#481 = CARTESIAN_POINT('',(6.5,-6.769486697592,10.));
#482 = CARTESIAN_POINT('',(6.5,-6.42763656761,10.));
#483 = CARTESIAN_POINT('',(6.5,0.,10.));
#484 = CARTESIAN_POINT('',(6.5,6.42763656761,10.));
#485 = CARTESIAN_POINT('',(6.5,6.769486697592,10.));
#486 = ORIENTED_EDGE('',*,*,#487,.T.);
#487 = EDGE_CURVE('',#478,#488,#490,.T.);
#488 = VERTEX_POINT('',#489);
#489 = CARTESIAN_POINT('',(5.37867965644,6.5,10.));
#490 = LINE('',#491,#492);
#491 = CARTESIAN_POINT('',(6.646446609407,5.232233047034,10.));
#492 = VECTOR('',#493,1.);
#493 = DIRECTION('',(-0.707106781187,0.707106781187,0.));
#494 = ORIENTED_EDGE('',*,*,#495,.T.);
#495 = EDGE_CURVE('',#488,#444,#496,.T.);
#496 = B_SPLINE_CURVE_WITH_KNOTS('',2,(#497,#498,#499,#500,#501),
  .UNSPECIFIED.,.F.,.F.,(3,1,1,3),(-1.183700259966,-0.5,11.671572875254,
    12.355273135219),.UNSPECIFIED.);
#497 = CARTESIAN_POINT('',(6.769486697592,6.5,10.));
#498 = CARTESIAN_POINT('',(6.42763656761,6.5,10.));
#499 = CARTESIAN_POINT('',(3.55E-15,6.5,10.));
#500 = CARTESIAN_POINT('',(-6.42763656761,6.5,10.));
#501 = CARTESIAN_POINT('',(-6.769486697592,6.5,10.));
#502 = ORIENTED_EDGE('',*,*,#453,.T.);
#503 = ORIENTED_EDGE('',*,*,#149,.T.);
#504 = ORIENTED_EDGE('',*,*,#427,.T.);
#505 = ORIENTED_EDGE('',*,*,#384,.T.);
#506 = FACE_BOUND('',#507,.T.);
#507 = EDGE_LOOP('',(#508,#518,#526,#534,#542,#550,#558,#566,#574,#582,
    #590,#598,#606,#614,#622,#630,#638));
#508 = ORIENTED_EDGE('',*,*,#509,.T.);
#509 = EDGE_CURVE('',#510,#512,#514,.T.);
#510 = VERTEX_POINT('',#511);
#511 = CARTESIAN_POINT('',(-4.521800916024,-5.2,10.));
#512 = VERTEX_POINT('',#513);
#513 = CARTESIAN_POINT('',(-5.010580589614,-5.2,10.));
#514 = LINE('',#515,#516);
#515 = CARTESIAN_POINT('',(-4.521800916024,-5.2,10.));
#516 = VECTOR('',#517,1.);
#517 = DIRECTION('',(-1.,0.,0.));
#518 = ORIENTED_EDGE('',*,*,#519,.T.);
#519 = EDGE_CURVE('',#512,#520,#522,.T.);
#520 = VERTEX_POINT('',#521);
#521 = CARTESIAN_POINT('',(-5.087778289911,-5.17009458457,10.));
#522 = B_SPLINE_CURVE_WITH_KNOTS('',2,(#523,#524,#525),.UNSPECIFIED.,.F.
  ,.F.,(3,3),(0.,1.),.PIECEWISE_BEZIER_KNOTS.);
#523 = CARTESIAN_POINT('',(-5.010580589614,-5.2,10.));
#524 = CARTESIAN_POINT('',(-5.057733779525,-5.2,10.));
#525 = CARTESIAN_POINT('',(-5.087778289911,-5.17009458457,10.));
#526 = ORIENTED_EDGE('',*,*,#527,.T.);
#527 = EDGE_CURVE('',#520,#528,#530,.T.);
#528 = VERTEX_POINT('',#529);
#529 = CARTESIAN_POINT('',(-5.117822800297,-5.092757789318,10.));
#530 = B_SPLINE_CURVE_WITH_KNOTS('',2,(#531,#532,#533),.UNSPECIFIED.,.F.
  ,.F.,(3,3),(0.,1.),.PIECEWISE_BEZIER_KNOTS.);
#531 = CARTESIAN_POINT('',(-5.087778289911,-5.17009458457,10.));
#532 = CARTESIAN_POINT('',(-5.117822800297,-5.140050074184,10.));
#533 = CARTESIAN_POINT('',(-5.117822800297,-5.092757789318,10.));
#534 = ORIENTED_EDGE('',*,*,#535,.T.);
#535 = EDGE_CURVE('',#528,#536,#538,.T.);
#536 = VERTEX_POINT('',#537);
#537 = CARTESIAN_POINT('',(-5.117822800297,-2.307103115727,10.));
#538 = LINE('',#539,#540);
#539 = CARTESIAN_POINT('',(-5.117822800297,-5.092757789318,10.));
#540 = VECTOR('',#541,1.);
#541 = DIRECTION('',(0.,1.,0.));
#542 = ORIENTED_EDGE('',*,*,#543,.T.);
#543 = EDGE_CURVE('',#536,#544,#546,.T.);
#544 = VERTEX_POINT('',#545);
#545 = CARTESIAN_POINT('',(-5.087917384866,-2.230044510386,10.));
#546 = B_SPLINE_CURVE_WITH_KNOTS('',2,(#547,#548,#549),.UNSPECIFIED.,.F.
  ,.F.,(3,3),(0.,1.),.PIECEWISE_BEZIER_KNOTS.);
#547 = CARTESIAN_POINT('',(-5.117822800297,-2.307103115727,10.));
#548 = CARTESIAN_POINT('',(-5.117822800297,-2.259949925816,10.));
#549 = CARTESIAN_POINT('',(-5.087917384866,-2.230044510386,10.));
#550 = ORIENTED_EDGE('',*,*,#551,.T.);
#551 = EDGE_CURVE('',#544,#552,#554,.T.);
#552 = VERTEX_POINT('',#553);
#553 = CARTESIAN_POINT('',(-5.011136969436,-2.2,10.));
#554 = B_SPLINE_CURVE_WITH_KNOTS('',2,(#555,#556,#557),.UNSPECIFIED.,.F.
  ,.F.,(3,3),(0.,1.),.PIECEWISE_BEZIER_KNOTS.);
#555 = CARTESIAN_POINT('',(-5.087917384866,-2.230044510386,10.));
#556 = CARTESIAN_POINT('',(-5.058011969436,-2.2,10.));
#557 = CARTESIAN_POINT('',(-5.011136969436,-2.2,10.));
#558 = ORIENTED_EDGE('',*,*,#559,.T.);
#559 = EDGE_CURVE('',#552,#560,#562,.T.);
#560 = VERTEX_POINT('',#561);
#561 = CARTESIAN_POINT('',(-3.845382147478,-2.2,10.));
#562 = LINE('',#563,#564);
#563 = CARTESIAN_POINT('',(-5.011136969436,-2.2,10.));
#564 = VECTOR('',#565,1.);
#565 = DIRECTION('',(1.,0.,0.));
#566 = ORIENTED_EDGE('',*,*,#567,.T.);
#567 = EDGE_CURVE('',#560,#568,#570,.T.);
#568 = VERTEX_POINT('',#569);
#569 = CARTESIAN_POINT('',(-3.245465604451,-2.307103115727,10.));
#570 = B_SPLINE_CURVE_WITH_KNOTS('',2,(#571,#572,#573),.UNSPECIFIED.,.F.
  ,.F.,(3,3),(0.,1.),.PIECEWISE_BEZIER_KNOTS.);
#571 = CARTESIAN_POINT('',(-3.845382147478,-2.2,10.));
#572 = CARTESIAN_POINT('',(-3.499592088131,-2.2,10.));
#573 = CARTESIAN_POINT('',(-3.245465604451,-2.307103115727,10.));
#574 = ORIENTED_EDGE('',*,*,#575,.T.);
#575 = EDGE_CURVE('',#568,#576,#578,.T.);
#576 = VERTEX_POINT('',#577);
#577 = CARTESIAN_POINT('',(-2.848349506528,-2.630359792285,10.));
#578 = B_SPLINE_CURVE_WITH_KNOTS('',2,(#579,#580,#581),.UNSPECIFIED.,.F.
  ,.F.,(3,3),(0.,1.),.PIECEWISE_BEZIER_KNOTS.);
#579 = CARTESIAN_POINT('',(-3.245465604451,-2.307103115727,10.));
#580 = CARTESIAN_POINT('',(-2.991339120772,-2.414067136499,10.));
#581 = CARTESIAN_POINT('',(-2.848349506528,-2.630359792285,10.));
#582 = ORIENTED_EDGE('',*,*,#583,.T.);
#583 = EDGE_CURVE('',#576,#584,#586,.T.);
#584 = VERTEX_POINT('',#585);
#585 = CARTESIAN_POINT('',(-2.705359892285,-3.167961795252,10.));
#586 = B_SPLINE_CURVE_WITH_KNOTS('',2,(#587,#588,#589),.UNSPECIFIED.,.F.
  ,.F.,(3,3),(0.,1.),.PIECEWISE_BEZIER_KNOTS.);
#587 = CARTESIAN_POINT('',(-2.848349506528,-2.630359792285,10.));
#588 = CARTESIAN_POINT('',(-2.705359892285,-2.846652448071,10.));
#589 = CARTESIAN_POINT('',(-2.705359892285,-3.167961795252,10.));
#590 = ORIENTED_EDGE('',*,*,#591,.T.);
#591 = EDGE_CURVE('',#584,#592,#594,.T.);
#592 = VERTEX_POINT('',#593);
#593 = CARTESIAN_POINT('',(-2.848210411573,-3.705285608309,10.));
#594 = B_SPLINE_CURVE_WITH_KNOTS('',2,(#595,#596,#597),.UNSPECIFIED.,.F.
  ,.F.,(3,3),(0.,1.),.PIECEWISE_BEZIER_KNOTS.);
#595 = CARTESIAN_POINT('',(-2.705359892285,-3.167961795252,10.));
#596 = CARTESIAN_POINT('',(-2.705359892285,-3.493304896142,10.));
#597 = CARTESIAN_POINT('',(-2.848210411573,-3.705285608309,10.));
#598 = ORIENTED_EDGE('',*,*,#599,.T.);
#599 = EDGE_CURVE('',#592,#600,#602,.T.);
#600 = VERTEX_POINT('',#601);
#601 = CARTESIAN_POINT('',(-3.244631034718,-4.020057492582,10.));
#602 = B_SPLINE_CURVE_WITH_KNOTS('',2,(#603,#604,#605),.UNSPECIFIED.,.F.
  ,.F.,(3,3),(0.,1.),.PIECEWISE_BEZIER_KNOTS.);
#603 = CARTESIAN_POINT('',(-2.848210411573,-3.705285608309,10.));
#604 = CARTESIAN_POINT('',(-2.990921835905,-3.917266320475,10.));
#605 = CARTESIAN_POINT('',(-3.244631034718,-4.020057492582,10.));
#606 = ORIENTED_EDGE('',*,*,#607,.T.);
#607 = EDGE_CURVE('',#600,#608,#610,.T.);
#608 = VERTEX_POINT('',#609);
#609 = CARTESIAN_POINT('',(-3.843295723145,-4.122848664688,10.));
#610 = B_SPLINE_CURVE_WITH_KNOTS('',2,(#611,#612,#613),.UNSPECIFIED.,.F.
  ,.F.,(3,3),(0.,1.),.PIECEWISE_BEZIER_KNOTS.);
#611 = CARTESIAN_POINT('',(-3.244631034718,-4.020057492582,10.));
#612 = CARTESIAN_POINT('',(-3.498201138576,-4.122848664688,10.));
#613 = CARTESIAN_POINT('',(-3.843295723145,-4.122848664688,10.));
#614 = ORIENTED_EDGE('',*,*,#615,.T.);
#615 = EDGE_CURVE('',#608,#616,#618,.T.);
#616 = VERTEX_POINT('',#617);
#617 = CARTESIAN_POINT('',(-4.414558705341,-4.122848664688,10.));
#618 = LINE('',#619,#620);
#619 = CARTESIAN_POINT('',(-3.843295723145,-4.122848664688,10.));
#620 = VECTOR('',#621,1.);
#621 = DIRECTION('',(-1.,0.,0.));
#622 = ORIENTED_EDGE('',*,*,#623,.T.);
#623 = EDGE_CURVE('',#616,#624,#626,.T.);
#624 = VERTEX_POINT('',#625);
#625 = CARTESIAN_POINT('',(-4.414558705341,-5.092757789318,10.));
#626 = LINE('',#627,#628);
#627 = CARTESIAN_POINT('',(-4.414558705341,-4.122848664688,10.));
#628 = VECTOR('',#629,1.);
#629 = DIRECTION('',(0.,-1.,0.));
#630 = ORIENTED_EDGE('',*,*,#631,.T.);
#631 = EDGE_CURVE('',#624,#632,#634,.T.);
#632 = VERTEX_POINT('',#633);
#633 = CARTESIAN_POINT('',(-4.444603215727,-5.169955489614,10.));
#634 = B_SPLINE_CURVE_WITH_KNOTS('',2,(#635,#636,#637),.UNSPECIFIED.,.F.
  ,.F.,(3,3),(0.,1.),.PIECEWISE_BEZIER_KNOTS.);
#635 = CARTESIAN_POINT('',(-4.414558705341,-5.092757789318,10.));
#636 = CARTESIAN_POINT('',(-4.414558705341,-5.139910979228,10.));
#637 = CARTESIAN_POINT('',(-4.444603215727,-5.169955489614,10.));
#638 = ORIENTED_EDGE('',*,*,#639,.T.);
#639 = EDGE_CURVE('',#632,#510,#640,.T.);
#640 = B_SPLINE_CURVE_WITH_KNOTS('',2,(#641,#642,#643),.UNSPECIFIED.,.F.
  ,.F.,(3,3),(0.,1.),.PIECEWISE_BEZIER_KNOTS.);
#641 = CARTESIAN_POINT('',(-4.444603215727,-5.169955489614,10.));
#642 = CARTESIAN_POINT('',(-4.474647726113,-5.2,10.));
#643 = CARTESIAN_POINT('',(-4.521800916024,-5.2,10.));
#644 = FACE_BOUND('',#645,.T.);
#645 = EDGE_LOOP('',(#646,#656,#664,#672,#680,#688,#696,#704,#712,#720,
    #728,#736,#744,#752,#760,#768,#776,#784,#792,#800,#808,#816,#824));
#646 = ORIENTED_EDGE('',*,*,#647,.T.);
#647 = EDGE_CURVE('',#648,#650,#652,.T.);
#648 = VERTEX_POINT('',#649);
#649 = CARTESIAN_POINT('',(-1.808892904154,-5.2,10.));
#650 = VERTEX_POINT('',#651);
#651 = CARTESIAN_POINT('',(-2.272635485757,-5.2,10.));
#652 = LINE('',#653,#654);
#653 = CARTESIAN_POINT('',(-1.808892904154,-5.2,10.));
#654 = VECTOR('',#655,1.);
#655 = DIRECTION('',(-1.,0.,0.));
#656 = ORIENTED_EDGE('',*,*,#657,.T.);
#657 = EDGE_CURVE('',#650,#658,#660,.T.);
#658 = VERTEX_POINT('',#659);
#659 = CARTESIAN_POINT('',(-2.349276806231,-5.17009458457,10.));
#660 = B_SPLINE_CURVE_WITH_KNOTS('',2,(#661,#662,#663),.UNSPECIFIED.,.F.
  ,.F.,(3,3),(0.,1.),.PIECEWISE_BEZIER_KNOTS.);
#661 = CARTESIAN_POINT('',(-2.272635485757,-5.2,10.));
#662 = CARTESIAN_POINT('',(-2.319510485757,-5.2,10.));
#663 = CARTESIAN_POINT('',(-2.349276806231,-5.17009458457,10.));
#664 = ORIENTED_EDGE('',*,*,#665,.T.);
#665 = EDGE_CURVE('',#658,#666,#668,.T.);
#666 = VERTEX_POINT('',#667);
#667 = CARTESIAN_POINT('',(-2.379043126706,-5.092757789318,10.));
#668 = B_SPLINE_CURVE_WITH_KNOTS('',2,(#669,#670,#671),.UNSPECIFIED.,.F.
  ,.F.,(3,3),(0.,1.),.PIECEWISE_BEZIER_KNOTS.);
#669 = CARTESIAN_POINT('',(-2.349276806231,-5.17009458457,10.));
#670 = CARTESIAN_POINT('',(-2.379043126706,-5.140050074184,10.));
#671 = CARTESIAN_POINT('',(-2.379043126706,-5.092757789318,10.));
#672 = ORIENTED_EDGE('',*,*,#673,.T.);
#673 = EDGE_CURVE('',#666,#674,#676,.T.);
#674 = VERTEX_POINT('',#675);
#675 = CARTESIAN_POINT('',(-2.379043126706,-2.307103115727,10.));
#676 = LINE('',#677,#678);
#677 = CARTESIAN_POINT('',(-2.379043126706,-5.092757789318,10.));
#678 = VECTOR('',#679,1.);
#679 = DIRECTION('',(0.,1.,0.));
#680 = ORIENTED_EDGE('',*,*,#681,.T.);
#681 = EDGE_CURVE('',#674,#682,#684,.T.);
#682 = VERTEX_POINT('',#683);
#683 = CARTESIAN_POINT('',(-2.349276806231,-2.230044510386,10.));
#684 = B_SPLINE_CURVE_WITH_KNOTS('',2,(#685,#686,#687),.UNSPECIFIED.,.F.
  ,.F.,(3,3),(0.,1.),.PIECEWISE_BEZIER_KNOTS.);
#685 = CARTESIAN_POINT('',(-2.379043126706,-2.307103115727,10.));
#686 = CARTESIAN_POINT('',(-2.379043126706,-2.259949925816,10.));
#687 = CARTESIAN_POINT('',(-2.349276806231,-2.230044510386,10.));
#688 = ORIENTED_EDGE('',*,*,#689,.T.);
#689 = EDGE_CURVE('',#682,#690,#692,.T.);
#690 = VERTEX_POINT('',#691);
#691 = CARTESIAN_POINT('',(-2.272357295846,-2.2,10.));
#692 = B_SPLINE_CURVE_WITH_KNOTS('',2,(#693,#694,#695),.UNSPECIFIED.,.F.
  ,.F.,(3,3),(0.,1.),.PIECEWISE_BEZIER_KNOTS.);
#693 = CARTESIAN_POINT('',(-2.349276806231,-2.230044510386,10.));
#694 = CARTESIAN_POINT('',(-2.319371390801,-2.2,10.));
#695 = CARTESIAN_POINT('',(-2.272357295846,-2.2,10.));
#696 = ORIENTED_EDGE('',*,*,#697,.T.);
#697 = EDGE_CURVE('',#690,#698,#700,.T.);
#698 = VERTEX_POINT('',#699);
#699 = CARTESIAN_POINT('',(-1.14137621276,-2.2,10.));
#700 = LINE('',#701,#702);
#701 = CARTESIAN_POINT('',(-2.272357295846,-2.2,10.));
#702 = VECTOR('',#703,1.);
#703 = DIRECTION('',(1.,0.,0.));
#704 = ORIENTED_EDGE('',*,*,#705,.T.);
#705 = EDGE_CURVE('',#698,#706,#708,.T.);
#706 = VERTEX_POINT('',#707);
#707 = CARTESIAN_POINT('',(-0.30068630178,-2.446754451039,10.));
#708 = B_SPLINE_CURVE_WITH_KNOTS('',2,(#709,#710,#711),.UNSPECIFIED.,.F.
  ,.F.,(3,3),(0.,1.),.PIECEWISE_BEZIER_KNOTS.);
#709 = CARTESIAN_POINT('',(-1.14137621276,-2.2,10.));
#710 = CARTESIAN_POINT('',(-0.607947058457,-2.2,10.));
#711 = CARTESIAN_POINT('',(-0.30068630178,-2.446754451039,10.));
#712 = ORIENTED_EDGE('',*,*,#713,.T.);
#713 = EDGE_CURVE('',#706,#714,#716,.T.);
#714 = VERTEX_POINT('',#715);
#715 = CARTESIAN_POINT('',(6.71354985163E-03,-3.156973293769,10.));
#716 = B_SPLINE_CURVE_WITH_KNOTS('',2,(#717,#718,#719),.UNSPECIFIED.,.F.
  ,.F.,(3,3),(0.,1.),.PIECEWISE_BEZIER_KNOTS.);
#717 = CARTESIAN_POINT('',(-0.30068630178,-2.446754451039,10.));
#718 = CARTESIAN_POINT('',(6.71354985163E-03,-2.693508902077,10.));
#719 = CARTESIAN_POINT('',(6.71354985163E-03,-3.156973293769,10.));
#720 = ORIENTED_EDGE('',*,*,#721,.T.);
#721 = EDGE_CURVE('',#714,#722,#724,.T.);
#722 = VERTEX_POINT('',#723);
#723 = CARTESIAN_POINT('',(-0.143509002077,-3.680665801187,10.));
#724 = B_SPLINE_CURVE_WITH_KNOTS('',2,(#725,#726,#727),.UNSPECIFIED.,.F.
  ,.F.,(3,3),(0.,1.),.PIECEWISE_BEZIER_KNOTS.);
#725 = CARTESIAN_POINT('',(6.71354985163E-03,-3.156973293769,10.));
#726 = CARTESIAN_POINT('',(6.71354985163E-03,-3.470215133531,10.));
#727 = CARTESIAN_POINT('',(-0.143509002077,-3.680665801187,10.));
#728 = ORIENTED_EDGE('',*,*,#729,.T.);
#729 = EDGE_CURVE('',#722,#730,#732,.T.);
#730 = VERTEX_POINT('',#731);
#731 = CARTESIAN_POINT('',(-0.546467088131,-3.99390764095,10.));
#732 = B_SPLINE_CURVE_WITH_KNOTS('',2,(#733,#734,#735),.UNSPECIFIED.,.F.
  ,.F.,(3,3),(0.,1.),.PIECEWISE_BEZIER_KNOTS.);
#733 = CARTESIAN_POINT('',(-0.143509002077,-3.680665801187,10.));
#734 = CARTESIAN_POINT('',(-0.29359245905,-3.890977373887,10.));
#735 = CARTESIAN_POINT('',(-0.546467088131,-3.99390764095,10.));
#736 = ORIENTED_EDGE('',*,*,#737,.T.);
#737 = EDGE_CURVE('',#730,#738,#740,.T.);
#738 = VERTEX_POINT('',#739);
#739 = CARTESIAN_POINT('',(6.040420267062E-02,-5.063130563798,10.));
#740 = LINE('',#741,#742);
#741 = CARTESIAN_POINT('',(-0.546467088131,-3.99390764095,10.));
#742 = VECTOR('',#743,1.);
#743 = DIRECTION('',(0.493614770375,-0.869680664651,0.));
#744 = ORIENTED_EDGE('',*,*,#745,.T.);
#745 = EDGE_CURVE('',#738,#746,#748,.T.);
#746 = VERTEX_POINT('',#747);
#747 = CARTESIAN_POINT('',(7.347912848665E-02,-5.110144658754,10.));
#748 = B_SPLINE_CURVE_WITH_KNOTS('',2,(#749,#750,#751),.UNSPECIFIED.,.F.
  ,.F.,(3,3),(0.,1.),.PIECEWISE_BEZIER_KNOTS.);
#749 = CARTESIAN_POINT('',(6.040420267062E-02,-5.063130563798,10.));
#750 = CARTESIAN_POINT('',(7.347912848665E-02,-5.088724035608,10.));
#751 = CARTESIAN_POINT('',(7.347912848665E-02,-5.110144658754,10.));
#752 = ORIENTED_EDGE('',*,*,#753,.T.);
#753 = EDGE_CURVE('',#746,#754,#756,.T.);
#754 = VERTEX_POINT('',#755);
#755 = CARTESIAN_POINT('',(4.774656172107E-02,-5.172320103858,10.));
#756 = B_SPLINE_CURVE_WITH_KNOTS('',2,(#757,#758,#759),.UNSPECIFIED.,.F.
  ,.F.,(3,3),(0.,1.),.PIECEWISE_BEZIER_KNOTS.);
#757 = CARTESIAN_POINT('',(7.347912848665E-02,-5.110144658754,10.));
#758 = CARTESIAN_POINT('',(7.347912848665E-02,-5.14450111276,10.));
#759 = CARTESIAN_POINT('',(4.774656172107E-02,-5.172320103858,10.));
#760 = ORIENTED_EDGE('',*,*,#761,.T.);
#761 = EDGE_CURVE('',#754,#762,#764,.T.);
#762 = VERTEX_POINT('',#763);
#763 = CARTESIAN_POINT('',(-1.665440267062E-02,-5.2,10.));
#764 = B_SPLINE_CURVE_WITH_KNOTS('',2,(#765,#766,#767),.UNSPECIFIED.,.F.
  ,.F.,(3,3),(0.,1.),.PIECEWISE_BEZIER_KNOTS.);
#765 = CARTESIAN_POINT('',(4.774656172107E-02,-5.172320103858,10.));
#766 = CARTESIAN_POINT('',(2.201399495549E-02,-5.2,10.));
#767 = CARTESIAN_POINT('',(-1.665440267062E-02,-5.2,10.));
#768 = ORIENTED_EDGE('',*,*,#769,.T.);
#769 = EDGE_CURVE('',#762,#770,#772,.T.);
#770 = VERTEX_POINT('',#771);
#771 = CARTESIAN_POINT('',(-0.492359150445,-5.2,10.));
#772 = LINE('',#773,#774);
#773 = CARTESIAN_POINT('',(-1.665440267062E-02,-5.2,10.));
#774 = VECTOR('',#775,1.);
#775 = DIRECTION('',(-1.,0.,0.));
#776 = ORIENTED_EDGE('',*,*,#777,.T.);
#777 = EDGE_CURVE('',#770,#778,#780,.T.);
#778 = VERTEX_POINT('',#779);
#779 = CARTESIAN_POINT('',(-0.608086153412,-5.159384272997,10.));
#780 = B_SPLINE_CURVE_WITH_KNOTS('',2,(#781,#782,#783),.UNSPECIFIED.,.F.
  ,.F.,(3,3),(0.,1.),.PIECEWISE_BEZIER_KNOTS.);
#781 = CARTESIAN_POINT('',(-0.492359150445,-5.2,10.));
#782 = CARTESIAN_POINT('',(-0.569417755786,-5.2,10.));
#783 = CARTESIAN_POINT('',(-0.608086153412,-5.159384272997,10.));
#784 = ORIENTED_EDGE('',*,*,#785,.T.);
#785 = EDGE_CURVE('',#778,#786,#788,.T.);
#786 = VERTEX_POINT('',#787);
#787 = CARTESIAN_POINT('',(-0.663724135608,-5.084551186944,10.));
#788 = B_SPLINE_CURVE_WITH_KNOTS('',2,(#789,#790,#791),.UNSPECIFIED.,.F.
  ,.F.,(3,3),(0.,1.),.PIECEWISE_BEZIER_KNOTS.);
#789 = CARTESIAN_POINT('',(-0.608086153412,-5.159384272997,10.));
#790 = CARTESIAN_POINT('',(-0.646615456083,-5.118768545994,10.));
#791 = CARTESIAN_POINT('',(-0.663724135608,-5.084551186944,10.));
#792 = ORIENTED_EDGE('',*,*,#793,.T.);
#793 = EDGE_CURVE('',#786,#794,#796,.T.);
#794 = VERTEX_POINT('',#795);
#795 = CARTESIAN_POINT('',(-1.186721168249,-4.105044510386,10.));
#796 = LINE('',#797,#798);
#797 = CARTESIAN_POINT('',(-0.663724135608,-5.084551186944,10.));
#798 = VECTOR('',#799,1.);
#799 = DIRECTION('',(-0.47100429513,0.88213091657,0.));
#800 = ORIENTED_EDGE('',*,*,#801,.T.);
#801 = EDGE_CURVE('',#794,#802,#804,.T.);
#802 = VERTEX_POINT('',#803);
#803 = CARTESIAN_POINT('',(-1.702485263205,-4.105044510386,10.));
#804 = LINE('',#805,#806);
#805 = CARTESIAN_POINT('',(-1.186721168249,-4.105044510386,10.));
#806 = VECTOR('',#807,1.);
#807 = DIRECTION('',(-1.,0.,0.));
#808 = ORIENTED_EDGE('',*,*,#809,.T.);
#809 = EDGE_CURVE('',#802,#810,#812,.T.);
#810 = VERTEX_POINT('',#811);
#811 = CARTESIAN_POINT('',(-1.702485263205,-5.093035979228,10.));
#812 = LINE('',#813,#814);
#813 = CARTESIAN_POINT('',(-1.702485263205,-4.105044510386,10.));
#814 = VECTOR('',#815,1.);
#815 = DIRECTION('',(0.,-1.,0.));
#816 = ORIENTED_EDGE('',*,*,#817,.T.);
#817 = EDGE_CURVE('',#810,#818,#820,.T.);
#818 = VERTEX_POINT('',#819);
#819 = CARTESIAN_POINT('',(-1.73225158368,-5.17009458457,10.));
#820 = B_SPLINE_CURVE_WITH_KNOTS('',2,(#821,#822,#823),.UNSPECIFIED.,.F.
  ,.F.,(3,3),(0.,1.),.PIECEWISE_BEZIER_KNOTS.);
#821 = CARTESIAN_POINT('',(-1.702485263205,-5.093035979228,10.));
#822 = CARTESIAN_POINT('',(-1.702485263205,-5.140189169139,10.));
#823 = CARTESIAN_POINT('',(-1.73225158368,-5.17009458457,10.));
#824 = ORIENTED_EDGE('',*,*,#825,.T.);
#825 = EDGE_CURVE('',#818,#648,#826,.T.);
#826 = B_SPLINE_CURVE_WITH_KNOTS('',2,(#827,#828,#829),.UNSPECIFIED.,.F.
  ,.F.,(3,3),(0.,1.),.PIECEWISE_BEZIER_KNOTS.);
#827 = CARTESIAN_POINT('',(-1.73225158368,-5.17009458457,10.));
#828 = CARTESIAN_POINT('',(-1.762017904154,-5.2,10.));
#829 = CARTESIAN_POINT('',(-1.808892904154,-5.2,10.));
#830 = FACE_BOUND('',#831,.T.);
#831 = EDGE_LOOP('',(#832,#842,#850,#858,#866,#874,#882,#890,#898,#906,
    #914,#922,#930,#938,#946,#954,#962,#970,#978,#986,#994,#1002,#1010,
    #1018,#1026,#1034));
#832 = ORIENTED_EDGE('',*,*,#833,.T.);
#833 = EDGE_CURVE('',#834,#836,#838,.T.);
#834 = VERTEX_POINT('',#835);
#835 = CARTESIAN_POINT('',(0.965773267953,-5.2,10.));
#836 = VERTEX_POINT('',#837);
#837 = CARTESIAN_POINT('',(0.537082615134,-5.2,10.));
#838 = LINE('',#839,#840);
#839 = CARTESIAN_POINT('',(0.965773267953,-5.2,10.));
#840 = VECTOR('',#841,1.);
#841 = DIRECTION('',(-1.,0.,0.));
#842 = ORIENTED_EDGE('',*,*,#843,.T.);
#843 = EDGE_CURVE('',#836,#844,#846,.T.);
#844 = VERTEX_POINT('',#845);
#845 = CARTESIAN_POINT('',(0.460580389614,-5.17009458457,10.));
#846 = B_SPLINE_CURVE_WITH_KNOTS('',2,(#847,#848,#849),.UNSPECIFIED.,.F.
  ,.F.,(3,3),(0.,1.),.PIECEWISE_BEZIER_KNOTS.);
#847 = CARTESIAN_POINT('',(0.537082615134,-5.2,10.));
#848 = CARTESIAN_POINT('',(0.490346710089,-5.2,10.));
#849 = CARTESIAN_POINT('',(0.460580389614,-5.17009458457,10.));
#850 = ORIENTED_EDGE('',*,*,#851,.T.);
#851 = EDGE_CURVE('',#844,#852,#854,.T.);
#852 = VERTEX_POINT('',#853);
#853 = CARTESIAN_POINT('',(0.430953164095,-5.092757789318,10.));
#854 = B_SPLINE_CURVE_WITH_KNOTS('',2,(#855,#856,#857),.UNSPECIFIED.,.F.
  ,.F.,(3,3),(0.,1.),.PIECEWISE_BEZIER_KNOTS.);
#855 = CARTESIAN_POINT('',(0.460580389614,-5.17009458457,10.));
#856 = CARTESIAN_POINT('',(0.430953164095,-5.140050074184,10.));
#857 = CARTESIAN_POINT('',(0.430953164095,-5.092757789318,10.));
#858 = ORIENTED_EDGE('',*,*,#859,.T.);
#859 = EDGE_CURVE('',#852,#860,#862,.T.);
#860 = VERTEX_POINT('',#861);
#861 = CARTESIAN_POINT('',(0.430953164095,-2.307103115727,10.));
#862 = LINE('',#863,#864);
#863 = CARTESIAN_POINT('',(0.430953164095,-5.092757789318,10.));
#864 = VECTOR('',#865,1.);
#865 = DIRECTION('',(0.,1.,0.));
#866 = ORIENTED_EDGE('',*,*,#867,.T.);
#867 = EDGE_CURVE('',#860,#868,#870,.T.);
#868 = VERTEX_POINT('',#869);
#869 = CARTESIAN_POINT('',(0.460858579525,-2.230044510386,10.));
#870 = B_SPLINE_CURVE_WITH_KNOTS('',2,(#871,#872,#873),.UNSPECIFIED.,.F.
  ,.F.,(3,3),(0.,1.),.PIECEWISE_BEZIER_KNOTS.);
#871 = CARTESIAN_POINT('',(0.430953164095,-2.307103115727,10.));
#872 = CARTESIAN_POINT('',(0.430953164095,-2.259949925816,10.));
#873 = CARTESIAN_POINT('',(0.460858579525,-2.230044510386,10.));
#874 = ORIENTED_EDGE('',*,*,#875,.T.);
#875 = EDGE_CURVE('',#868,#876,#878,.T.);
#876 = VERTEX_POINT('',#877);
#877 = CARTESIAN_POINT('',(0.537917184866,-2.2,10.));
#878 = B_SPLINE_CURVE_WITH_KNOTS('',2,(#879,#880,#881),.UNSPECIFIED.,.F.
  ,.F.,(3,3),(0.,1.),.PIECEWISE_BEZIER_KNOTS.);
#879 = CARTESIAN_POINT('',(0.460858579525,-2.230044510386,10.));
#880 = CARTESIAN_POINT('',(0.490903089911,-2.2,10.));
#881 = CARTESIAN_POINT('',(0.537917184866,-2.2,10.));
#882 = ORIENTED_EDGE('',*,*,#883,.T.);
#883 = EDGE_CURVE('',#876,#884,#886,.T.);
#884 = VERTEX_POINT('',#885);
#885 = CARTESIAN_POINT('',(0.927383060237,-2.2,10.));
#886 = LINE('',#887,#888);
#887 = CARTESIAN_POINT('',(0.537917184866,-2.2,10.));
#888 = VECTOR('',#889,1.);
#889 = DIRECTION('',(1.,0.,0.));
#890 = ORIENTED_EDGE('',*,*,#891,.T.);
#891 = EDGE_CURVE('',#884,#892,#894,.T.);
#892 = VERTEX_POINT('',#893);
#893 = CARTESIAN_POINT('',(1.021550345104,-2.230044510386,10.));
#894 = B_SPLINE_CURVE_WITH_KNOTS('',2,(#895,#896,#897),.UNSPECIFIED.,.F.
  ,.F.,(3,3),(0.,1.),.PIECEWISE_BEZIER_KNOTS.);
#895 = CARTESIAN_POINT('',(0.927383060237,-2.2,10.));
#896 = CARTESIAN_POINT('',(0.991644929674,-2.2,10.));
#897 = CARTESIAN_POINT('',(1.021550345104,-2.230044510386,10.));
#898 = ORIENTED_EDGE('',*,*,#899,.T.);
#899 = EDGE_CURVE('',#892,#900,#902,.T.);
#900 = VERTEX_POINT('',#901);
#901 = CARTESIAN_POINT('',(1.059940552819,-2.277058605341,10.));
#902 = B_SPLINE_CURVE_WITH_KNOTS('',2,(#903,#904,#905),.UNSPECIFIED.,.F.
  ,.F.,(3,3),(0.,1.),.PIECEWISE_BEZIER_KNOTS.);
#903 = CARTESIAN_POINT('',(1.021550345104,-2.230044510386,10.));
#904 = CARTESIAN_POINT('',(1.051455760534,-2.259949925816,10.));
#905 = CARTESIAN_POINT('',(1.059940552819,-2.277058605341,10.));
#906 = ORIENTED_EDGE('',*,*,#907,.T.);
#907 = EDGE_CURVE('',#900,#908,#910,.T.);
#908 = VERTEX_POINT('',#909);
#909 = CARTESIAN_POINT('',(2.202466517211,-4.064289688427,10.));
#910 = LINE('',#911,#912);
#911 = CARTESIAN_POINT('',(1.059940552819,-2.277058605341,10.));
#912 = VECTOR('',#913,1.);
#913 = DIRECTION('',(0.538618206484,-0.842549955578,0.));
#914 = ORIENTED_EDGE('',*,*,#915,.T.);
#915 = EDGE_CURVE('',#908,#916,#918,.T.);
#916 = VERTEX_POINT('',#917);
#917 = CARTESIAN_POINT('',(2.202466517211,-2.307242210682,10.));
#918 = LINE('',#919,#920);
#919 = CARTESIAN_POINT('',(2.202466517211,-4.064289688427,10.));
#920 = VECTOR('',#921,1.);
#921 = DIRECTION('',(0.,1.,0.));
#922 = ORIENTED_EDGE('',*,*,#923,.T.);
#923 = EDGE_CURVE('',#916,#924,#926,.T.);
#924 = VERTEX_POINT('',#925);
#925 = CARTESIAN_POINT('',(2.23209374273,-2.230044510386,10.));
#926 = B_SPLINE_CURVE_WITH_KNOTS('',2,(#927,#928,#929),.UNSPECIFIED.,.F.
  ,.F.,(3,3),(0.,1.),.PIECEWISE_BEZIER_KNOTS.);
#927 = CARTESIAN_POINT('',(2.202466517211,-2.307242210682,10.));
#928 = CARTESIAN_POINT('',(2.202466517211,-2.259949925816,10.));
#929 = CARTESIAN_POINT('',(2.23209374273,-2.230044510386,10.));
#930 = ORIENTED_EDGE('',*,*,#931,.T.);
#931 = EDGE_CURVE('',#924,#932,#934,.T.);
#932 = VERTEX_POINT('',#933);
#933 = CARTESIAN_POINT('',(2.304423119585,-2.2,10.));
#934 = B_SPLINE_CURVE_WITH_KNOTS('',2,(#935,#936,#937),.UNSPECIFIED.,.F.
  ,.F.,(3,3),(0.,1.),.PIECEWISE_BEZIER_KNOTS.);
#935 = CARTESIAN_POINT('',(2.23209374273,-2.230044510386,10.));
#936 = CARTESIAN_POINT('',(2.261860063205,-2.2,10.));
#937 = CARTESIAN_POINT('',(2.304423119585,-2.2,10.));
#938 = ORIENTED_EDGE('',*,*,#939,.T.);
#939 = EDGE_CURVE('',#932,#940,#942,.T.);
#940 = VERTEX_POINT('',#941);
#941 = CARTESIAN_POINT('',(2.737286621068,-2.2,10.));
#942 = LINE('',#943,#944);
#943 = CARTESIAN_POINT('',(2.304423119585,-2.2,10.));
#944 = VECTOR('',#945,1.);
#945 = DIRECTION('',(1.,0.,0.));
#946 = ORIENTED_EDGE('',*,*,#947,.T.);
#947 = EDGE_CURVE('',#940,#948,#950,.T.);
#948 = VERTEX_POINT('',#949);
#949 = CARTESIAN_POINT('',(2.813649751632,-2.230044510386,10.));
#950 = B_SPLINE_CURVE_WITH_KNOTS('',2,(#951,#952,#953),.UNSPECIFIED.,.F.
  ,.F.,(3,3),(0.,1.),.PIECEWISE_BEZIER_KNOTS.);
#951 = CARTESIAN_POINT('',(2.737286621068,-2.2,10.));
#952 = CARTESIAN_POINT('',(2.784022526113,-2.2,10.));
#953 = CARTESIAN_POINT('',(2.813649751632,-2.230044510386,10.));
#954 = ORIENTED_EDGE('',*,*,#955,.T.);
#955 = EDGE_CURVE('',#948,#956,#958,.T.);
#956 = VERTEX_POINT('',#957);
#957 = CARTESIAN_POINT('',(2.843416072107,-2.307103115727,10.));
#958 = B_SPLINE_CURVE_WITH_KNOTS('',2,(#959,#960,#961),.UNSPECIFIED.,.F.
  ,.F.,(3,3),(0.,1.),.PIECEWISE_BEZIER_KNOTS.);
#959 = CARTESIAN_POINT('',(2.813649751632,-2.230044510386,10.));
#960 = CARTESIAN_POINT('',(2.843416072107,-2.259949925816,10.));
#961 = CARTESIAN_POINT('',(2.843416072107,-2.307103115727,10.));
#962 = ORIENTED_EDGE('',*,*,#963,.T.);
#963 = EDGE_CURVE('',#956,#964,#966,.T.);
#964 = VERTEX_POINT('',#965);
#965 = CARTESIAN_POINT('',(2.843416072107,-5.092757789318,10.));
#966 = LINE('',#967,#968);
#967 = CARTESIAN_POINT('',(2.843416072107,-2.307103115727,10.));
#968 = VECTOR('',#969,1.);
#969 = DIRECTION('',(0.,-1.,0.));
#970 = ORIENTED_EDGE('',*,*,#971,.T.);
#971 = EDGE_CURVE('',#964,#972,#974,.T.);
#972 = VERTEX_POINT('',#973);
#973 = CARTESIAN_POINT('',(2.813371561721,-5.167869065282,10.));
#974 = B_SPLINE_CURVE_WITH_KNOTS('',2,(#975,#976,#977),.UNSPECIFIED.,.F.
  ,.F.,(3,3),(0.,1.),.PIECEWISE_BEZIER_KNOTS.);
#975 = CARTESIAN_POINT('',(2.843416072107,-5.092757789318,10.));
#976 = CARTESIAN_POINT('',(2.843416072107,-5.135738130564,10.));
#977 = CARTESIAN_POINT('',(2.813371561721,-5.167869065282,10.));
#978 = ORIENTED_EDGE('',*,*,#979,.T.);
#979 = EDGE_CURVE('',#972,#980,#982,.T.);
#980 = VERTEX_POINT('',#981);
#981 = CARTESIAN_POINT('',(2.736452051335,-5.2,10.));
#982 = B_SPLINE_CURVE_WITH_KNOTS('',2,(#983,#984,#985),.UNSPECIFIED.,.F.
  ,.F.,(3,3),(0.,1.),.PIECEWISE_BEZIER_KNOTS.);
#983 = CARTESIAN_POINT('',(2.813371561721,-5.167869065282,10.));
#984 = CARTESIAN_POINT('',(2.783466146291,-5.2,10.));
#985 = CARTESIAN_POINT('',(2.736452051335,-5.2,10.));
#986 = ORIENTED_EDGE('',*,*,#987,.T.);
#987 = EDGE_CURVE('',#980,#988,#990,.T.);
#988 = VERTEX_POINT('',#989);
#989 = CARTESIAN_POINT('',(2.3428133273,-5.2,10.));
#990 = LINE('',#991,#992);
#991 = CARTESIAN_POINT('',(2.736452051335,-5.2,10.));
#992 = VECTOR('',#993,1.);
#993 = DIRECTION('',(-1.,0.,0.));
#994 = ORIENTED_EDGE('',*,*,#995,.T.);
#995 = EDGE_CURVE('',#988,#996,#998,.T.);
#996 = VERTEX_POINT('',#997);
#997 = CARTESIAN_POINT('',(2.250732466766,-5.167869065282,10.));
#998 = B_SPLINE_CURVE_WITH_KNOTS('',2,(#999,#1000,#1001),.UNSPECIFIED.,
  .F.,.F.,(3,3),(0.,1.),.PIECEWISE_BEZIER_KNOTS.);
#999 = CARTESIAN_POINT('',(2.3428133273,-5.2,10.));
#1000 = CARTESIAN_POINT('',(2.278551457863,-5.2,10.));
#1001 = CARTESIAN_POINT('',(2.250732466766,-5.167869065282,10.));
#1002 = ORIENTED_EDGE('',*,*,#1003,.T.);
#1003 = EDGE_CURVE('',#996,#1004,#1006,.T.);
#1004 = VERTEX_POINT('',#1005);
#1005 = CARTESIAN_POINT('',(2.210255834718,-5.122941394659,10.));
#1006 = B_SPLINE_CURVE_WITH_KNOTS('',2,(#1007,#1008,#1009),
  .UNSPECIFIED.,.F.,.F.,(3,3),(0.,1.),.PIECEWISE_BEZIER_KNOTS.);
#1007 = CARTESIAN_POINT('',(2.250732466766,-5.167869065282,10.));
#1008 = CARTESIAN_POINT('',(2.223052570623,-5.135738130564,10.));
#1009 = CARTESIAN_POINT('',(2.210255834718,-5.122941394659,10.));
#1010 = ORIENTED_EDGE('',*,*,#1011,.T.);
#1011 = EDGE_CURVE('',#1004,#1012,#1014,.T.);
#1012 = VERTEX_POINT('',#1013);
#1013 = CARTESIAN_POINT('',(1.071902718991,-3.391487388724,10.));
#1014 = LINE('',#1015,#1016);
#1015 = CARTESIAN_POINT('',(2.210255834718,-5.122941394659,10.));
#1016 = VECTOR('',#1017,1.);
#1017 = DIRECTION('',(-0.549360040237,0.835585750351,0.));
#1018 = ORIENTED_EDGE('',*,*,#1019,.T.);
#1019 = EDGE_CURVE('',#1012,#1020,#1022,.T.);
#1020 = VERTEX_POINT('',#1021);
#1021 = CARTESIAN_POINT('',(1.071902718991,-5.092896884273,10.));
#1022 = LINE('',#1023,#1024);
#1023 = CARTESIAN_POINT('',(1.071902718991,-3.391487388724,10.));
#1024 = VECTOR('',#1025,1.);
#1025 = DIRECTION('',(0.,-1.,0.));
#1026 = ORIENTED_EDGE('',*,*,#1027,.T.);
#1027 = EDGE_CURVE('',#1020,#1028,#1030,.T.);
#1028 = VERTEX_POINT('',#1029);
#1029 = CARTESIAN_POINT('',(1.042136398516,-5.17009458457,10.));
#1030 = B_SPLINE_CURVE_WITH_KNOTS('',2,(#1031,#1032,#1033),
  .UNSPECIFIED.,.F.,.F.,(3,3),(0.,1.),.PIECEWISE_BEZIER_KNOTS.);
#1031 = CARTESIAN_POINT('',(1.071902718991,-5.092896884273,10.));
#1032 = CARTESIAN_POINT('',(1.071902718991,-5.140050074184,10.));
#1033 = CARTESIAN_POINT('',(1.042136398516,-5.17009458457,10.));
#1034 = ORIENTED_EDGE('',*,*,#1035,.T.);
#1035 = EDGE_CURVE('',#1028,#834,#1036,.T.);
#1036 = B_SPLINE_CURVE_WITH_KNOTS('',2,(#1037,#1038,#1039),
  .UNSPECIFIED.,.F.,.F.,(3,3),(0.,1.),.PIECEWISE_BEZIER_KNOTS.);
#1037 = CARTESIAN_POINT('',(1.042136398516,-5.17009458457,10.));
#1038 = CARTESIAN_POINT('',(1.012509172997,-5.2,10.));
#1039 = CARTESIAN_POINT('',(0.965773267953,-5.2,10.));
#1040 = FACE_BOUND('',#1041,.T.);
#1041 = EDGE_LOOP('',(#1042,#1052,#1060,#1068,#1076,#1084,#1092,#1100,
    #1108,#1116,#1124,#1132,#1140,#1148,#1156,#1164,#1172,#1180,#1188,
    #1196));
#1042 = ORIENTED_EDGE('',*,*,#1043,.T.);
#1043 = EDGE_CURVE('',#1044,#1046,#1048,.T.);
#1044 = VERTEX_POINT('',#1045);
#1045 = CARTESIAN_POINT('',(4.612286621068,-5.2,10.));
#1046 = VERTEX_POINT('',#1047);
#1047 = CARTESIAN_POINT('',(4.139641962315,-5.2,10.));
#1048 = LINE('',#1049,#1050);
#1049 = CARTESIAN_POINT('',(4.612286621068,-5.2,10.));
#1050 = VECTOR('',#1051,1.);
#1051 = DIRECTION('',(-1.,0.,0.));
#1052 = ORIENTED_EDGE('',*,*,#1053,.T.);
#1053 = EDGE_CURVE('',#1046,#1054,#1056,.T.);
#1054 = VERTEX_POINT('',#1055);
#1055 = CARTESIAN_POINT('',(4.06300064184,-5.17009458457,10.));
#1056 = B_SPLINE_CURVE_WITH_KNOTS('',2,(#1057,#1058,#1059),
  .UNSPECIFIED.,.F.,.F.,(3,3),(0.,1.),.PIECEWISE_BEZIER_KNOTS.);
#1057 = CARTESIAN_POINT('',(4.139641962315,-5.2,10.));
#1058 = CARTESIAN_POINT('',(4.092766962315,-5.2,10.));
#1059 = CARTESIAN_POINT('',(4.06300064184,-5.17009458457,10.));
#1060 = ORIENTED_EDGE('',*,*,#1061,.T.);
#1061 = EDGE_CURVE('',#1054,#1062,#1064,.T.);
#1062 = VERTEX_POINT('',#1063);
#1063 = CARTESIAN_POINT('',(4.033234321365,-5.092896884273,10.));
#1064 = B_SPLINE_CURVE_WITH_KNOTS('',2,(#1065,#1066,#1067),
  .UNSPECIFIED.,.F.,.F.,(3,3),(0.,1.),.PIECEWISE_BEZIER_KNOTS.);
#1065 = CARTESIAN_POINT('',(4.06300064184,-5.17009458457,10.));
#1066 = CARTESIAN_POINT('',(4.033234321365,-5.140050074184,10.));
#1067 = CARTESIAN_POINT('',(4.033234321365,-5.092896884273,10.));
#1068 = ORIENTED_EDGE('',*,*,#1069,.T.);
#1069 = EDGE_CURVE('',#1062,#1070,#1072,.T.);
#1070 = VERTEX_POINT('',#1071);
#1071 = CARTESIAN_POINT('',(4.033234321365,-2.796439169139,10.));
#1072 = LINE('',#1073,#1074);
#1073 = CARTESIAN_POINT('',(4.033234321365,-5.092896884273,10.));
#1074 = VECTOR('',#1075,1.);
#1075 = DIRECTION('',(0.,1.,0.));
#1076 = ORIENTED_EDGE('',*,*,#1077,.T.);
#1077 = EDGE_CURVE('',#1070,#1078,#1080,.T.);
#1078 = VERTEX_POINT('',#1079);
#1079 = CARTESIAN_POINT('',(3.254580760534,-2.796439169139,10.));
#1080 = LINE('',#1081,#1082);
#1081 = CARTESIAN_POINT('',(4.033234321365,-2.796439169139,10.));
#1082 = VECTOR('',#1083,1.);
#1083 = DIRECTION('',(-1.,0.,0.));
#1084 = ORIENTED_EDGE('',*,*,#1085,.T.);
#1085 = EDGE_CURVE('',#1078,#1086,#1088,.T.);
#1086 = VERTEX_POINT('',#1087);
#1087 = CARTESIAN_POINT('',(3.181834098813,-2.766394658754,10.));
#1088 = B_SPLINE_CURVE_WITH_KNOTS('',2,(#1089,#1090,#1091),
  .UNSPECIFIED.,.F.,.F.,(3,3),(0.,1.),.PIECEWISE_BEZIER_KNOTS.);
#1089 = CARTESIAN_POINT('',(3.254580760534,-2.796439169139,10.));
#1090 = CARTESIAN_POINT('',(3.211878609199,-2.796439169139,10.));
#1091 = CARTESIAN_POINT('',(3.181834098813,-2.766394658754,10.));
#1092 = ORIENTED_EDGE('',*,*,#1093,.T.);
#1093 = EDGE_CURVE('',#1086,#1094,#1096,.T.);
#1094 = VERTEX_POINT('',#1095);
#1095 = CARTESIAN_POINT('',(3.151928683383,-2.693508902077,10.));
#1096 = B_SPLINE_CURVE_WITH_KNOTS('',2,(#1097,#1098,#1099),
  .UNSPECIFIED.,.F.,.F.,(3,3),(0.,1.),.PIECEWISE_BEZIER_KNOTS.);
#1097 = CARTESIAN_POINT('',(3.181834098813,-2.766394658754,10.));
#1098 = CARTESIAN_POINT('',(3.151928683383,-2.736350148368,10.));
#1099 = CARTESIAN_POINT('',(3.151928683383,-2.693508902077,10.));
#1100 = ORIENTED_EDGE('',*,*,#1101,.T.);
#1101 = EDGE_CURVE('',#1094,#1102,#1104,.T.);
#1102 = VERTEX_POINT('',#1103);
#1103 = CARTESIAN_POINT('',(3.151928683383,-2.307242210682,10.));
#1104 = LINE('',#1105,#1106);
#1105 = CARTESIAN_POINT('',(3.151928683383,-2.693508902077,10.));
#1106 = VECTOR('',#1107,1.);
#1107 = DIRECTION('',(0.,1.,0.));
#1108 = ORIENTED_EDGE('',*,*,#1109,.T.);
#1109 = EDGE_CURVE('',#1102,#1110,#1112,.T.);
#1110 = VERTEX_POINT('',#1111);
#1111 = CARTESIAN_POINT('',(3.181834098813,-2.230044510386,10.));
#1112 = B_SPLINE_CURVE_WITH_KNOTS('',2,(#1113,#1114,#1115),
  .UNSPECIFIED.,.F.,.F.,(3,3),(0.,1.),.PIECEWISE_BEZIER_KNOTS.);
#1113 = CARTESIAN_POINT('',(3.151928683383,-2.307242210682,10.));
#1114 = CARTESIAN_POINT('',(3.151928683383,-2.260089020772,10.));
#1115 = CARTESIAN_POINT('',(3.181834098813,-2.230044510386,10.));
#1116 = ORIENTED_EDGE('',*,*,#1117,.T.);
#1117 = EDGE_CURVE('',#1110,#1118,#1120,.T.);
#1118 = VERTEX_POINT('',#1119);
#1119 = CARTESIAN_POINT('',(3.254441665579,-2.2,10.));
#1120 = B_SPLINE_CURVE_WITH_KNOTS('',2,(#1121,#1122,#1123),
  .UNSPECIFIED.,.F.,.F.,(3,3),(0.,1.),.PIECEWISE_BEZIER_KNOTS.);
#1121 = CARTESIAN_POINT('',(3.181834098813,-2.230044510386,10.));
#1122 = CARTESIAN_POINT('',(3.211739514243,-2.2,10.));
#1123 = CARTESIAN_POINT('',(3.254441665579,-2.2,10.));
#1124 = ORIENTED_EDGE('',*,*,#1125,.T.);
#1125 = EDGE_CURVE('',#1118,#1126,#1128,.T.);
#1126 = VERTEX_POINT('',#1127);
#1127 = CARTESIAN_POINT('',(5.493174974184,-2.2,10.));
#1128 = LINE('',#1129,#1130);
#1129 = CARTESIAN_POINT('',(3.254441665579,-2.2,10.));
#1130 = VECTOR('',#1131,1.);
#1131 = DIRECTION('',(1.,0.,0.));
#1132 = ORIENTED_EDGE('',*,*,#1133,.T.);
#1133 = EDGE_CURVE('',#1126,#1134,#1136,.T.);
#1134 = VERTEX_POINT('',#1135);
#1135 = CARTESIAN_POINT('',(5.57009448457,-2.230044510386,10.));
#1136 = B_SPLINE_CURVE_WITH_KNOTS('',2,(#1137,#1138,#1139),
  .UNSPECIFIED.,.F.,.F.,(3,3),(0.,1.),.PIECEWISE_BEZIER_KNOTS.);
#1137 = CARTESIAN_POINT('',(5.493174974184,-2.2,10.));
#1138 = CARTESIAN_POINT('',(5.540189069139,-2.2,10.));
#1139 = CARTESIAN_POINT('',(5.57009448457,-2.230044510386,10.));
#1140 = ORIENTED_EDGE('',*,*,#1141,.T.);
#1141 = EDGE_CURVE('',#1134,#1142,#1144,.T.);
#1142 = VERTEX_POINT('',#1143);
#1143 = CARTESIAN_POINT('',(5.5999999,-2.307242210682,10.));
#1144 = B_SPLINE_CURVE_WITH_KNOTS('',2,(#1145,#1146,#1147),
  .UNSPECIFIED.,.F.,.F.,(3,3),(0.,1.),.PIECEWISE_BEZIER_KNOTS.);
#1145 = CARTESIAN_POINT('',(5.57009448457,-2.230044510386,10.));
#1146 = CARTESIAN_POINT('',(5.5999999,-2.260089020772,10.));
#1147 = CARTESIAN_POINT('',(5.5999999,-2.307242210682,10.));
#1148 = ORIENTED_EDGE('',*,*,#1149,.T.);
#1149 = EDGE_CURVE('',#1142,#1150,#1152,.T.);
#1150 = VERTEX_POINT('',#1151);
#1151 = CARTESIAN_POINT('',(5.5999999,-2.693508902077,10.));
#1152 = LINE('',#1153,#1154);
#1153 = CARTESIAN_POINT('',(5.5999999,-2.307242210682,10.));
#1154 = VECTOR('',#1155,1.);
#1155 = DIRECTION('',(0.,-1.,0.));
#1156 = ORIENTED_EDGE('',*,*,#1157,.T.);
#1157 = EDGE_CURVE('',#1150,#1158,#1160,.T.);
#1158 = VERTEX_POINT('',#1159);
#1159 = CARTESIAN_POINT('',(5.569955389614,-2.766394658754,10.));
#1160 = B_SPLINE_CURVE_WITH_KNOTS('',2,(#1161,#1162,#1163),
  .UNSPECIFIED.,.F.,.F.,(3,3),(0.,1.),.PIECEWISE_BEZIER_KNOTS.);
#1161 = CARTESIAN_POINT('',(5.5999999,-2.693508902077,10.));
#1162 = CARTESIAN_POINT('',(5.5999999,-2.736350148368,10.));
#1163 = CARTESIAN_POINT('',(5.569955389614,-2.766394658754,10.));
#1164 = ORIENTED_EDGE('',*,*,#1165,.T.);
#1165 = EDGE_CURVE('',#1158,#1166,#1168,.T.);
#1166 = VERTEX_POINT('',#1167);
#1167 = CARTESIAN_POINT('',(5.493035879228,-2.796439169139,10.));
#1168 = B_SPLINE_CURVE_WITH_KNOTS('',2,(#1169,#1170,#1171),
  .UNSPECIFIED.,.F.,.F.,(3,3),(0.,1.),.PIECEWISE_BEZIER_KNOTS.);
#1169 = CARTESIAN_POINT('',(5.569955389614,-2.766394658754,10.));
#1170 = CARTESIAN_POINT('',(5.540049974184,-2.796439169139,10.));
#1171 = CARTESIAN_POINT('',(5.493035879228,-2.796439169139,10.));
#1172 = ORIENTED_EDGE('',*,*,#1173,.T.);
#1173 = EDGE_CURVE('',#1166,#1174,#1176,.T.);
#1174 = VERTEX_POINT('',#1175);
#1175 = CARTESIAN_POINT('',(4.718694262018,-2.796439169139,10.));
#1176 = LINE('',#1177,#1178);
#1177 = CARTESIAN_POINT('',(5.493035879228,-2.796439169139,10.));
#1178 = VECTOR('',#1179,1.);
#1179 = DIRECTION('',(-1.,0.,0.));
#1180 = ORIENTED_EDGE('',*,*,#1181,.T.);
#1181 = EDGE_CURVE('',#1174,#1182,#1184,.T.);
#1182 = VERTEX_POINT('',#1183);
#1183 = CARTESIAN_POINT('',(4.718694262018,-5.092896884273,10.));
#1184 = LINE('',#1185,#1186);
#1185 = CARTESIAN_POINT('',(4.718694262018,-2.796439169139,10.));
#1186 = VECTOR('',#1187,1.);
#1187 = DIRECTION('',(0.,-1.,0.));
#1188 = ORIENTED_EDGE('',*,*,#1189,.T.);
#1189 = EDGE_CURVE('',#1182,#1190,#1192,.T.);
#1190 = VERTEX_POINT('',#1191);
#1191 = CARTESIAN_POINT('',(4.688927941543,-5.17009458457,10.));
#1192 = B_SPLINE_CURVE_WITH_KNOTS('',2,(#1193,#1194,#1195),
  .UNSPECIFIED.,.F.,.F.,(3,3),(0.,1.),.PIECEWISE_BEZIER_KNOTS.);
#1193 = CARTESIAN_POINT('',(4.718694262018,-5.092896884273,10.));
#1194 = CARTESIAN_POINT('',(4.718694262018,-5.140050074184,10.));
#1195 = CARTESIAN_POINT('',(4.688927941543,-5.17009458457,10.));
#1196 = ORIENTED_EDGE('',*,*,#1197,.T.);
#1197 = EDGE_CURVE('',#1190,#1044,#1198,.T.);
#1198 = B_SPLINE_CURVE_WITH_KNOTS('',2,(#1199,#1200,#1201),
  .UNSPECIFIED.,.F.,.F.,(3,3),(0.,1.),.PIECEWISE_BEZIER_KNOTS.);
#1199 = CARTESIAN_POINT('',(4.688927941543,-5.17009458457,10.));
#1200 = CARTESIAN_POINT('',(4.659161621068,-5.2,10.));
#1201 = CARTESIAN_POINT('',(4.612286621068,-5.2,10.));
#1202 = FACE_BOUND('',#1203,.T.);
#1203 = EDGE_LOOP('',(#1204,#1214,#1222,#1230,#1238,#1246,#1254,#1262,
    #1270,#1278,#1286,#1294,#1302,#1310,#1318,#1326,#1334));
#1204 = ORIENTED_EDGE('',*,*,#1205,.T.);
#1205 = EDGE_CURVE('',#1206,#1208,#1210,.T.);
#1206 = VERTEX_POINT('',#1207);
#1207 = CARTESIAN_POINT('',(-3.327485063205,-0.408308605341,10.));
#1208 = VERTEX_POINT('',#1209);
#1209 = CARTESIAN_POINT('',(-4.401112659644,-0.408308605341,10.));
#1210 = LINE('',#1211,#1212);
#1211 = CARTESIAN_POINT('',(-3.327485063205,-0.408308605341,10.));
#1212 = VECTOR('',#1213,1.);
#1213 = DIRECTION('',(-1.,0.,0.));
#1214 = ORIENTED_EDGE('',*,*,#1215,.T.);
#1215 = EDGE_CURVE('',#1208,#1216,#1218,.T.);
#1216 = VERTEX_POINT('',#1217);
#1217 = CARTESIAN_POINT('',(-4.54443610178,-0.348330860534,10.));
#1218 = B_SPLINE_CURVE_WITH_KNOTS('',2,(#1219,#1220,#1221),
  .UNSPECIFIED.,.F.,.F.,(3,3),(0.,1.),.PIECEWISE_BEZIER_KNOTS.);
#1219 = CARTESIAN_POINT('',(-4.401112659644,-0.408308605341,10.));
#1220 = CARTESIAN_POINT('',(-4.488612659644,-0.408308605341,10.));
#1221 = CARTESIAN_POINT('',(-4.54443610178,-0.348330860534,10.));
#1222 = ORIENTED_EDGE('',*,*,#1223,.T.);
#1223 = EDGE_CURVE('',#1216,#1224,#1226,.T.);
#1224 = VERTEX_POINT('',#1225);
#1225 = CARTESIAN_POINT('',(-4.5999999,-0.208642433234,10.));
#1226 = B_SPLINE_CURVE_WITH_KNOTS('',2,(#1227,#1228,#1229),
  .UNSPECIFIED.,.F.,.F.,(3,3),(0.,1.),.PIECEWISE_BEZIER_KNOTS.);
#1227 = CARTESIAN_POINT('',(-4.54443610178,-0.348330860534,10.));
#1228 = CARTESIAN_POINT('',(-4.5999999,-0.288353115727,10.));
#1229 = CARTESIAN_POINT('',(-4.5999999,-0.208642433234,10.));
#1230 = ORIENTED_EDGE('',*,*,#1231,.T.);
#1231 = EDGE_CURVE('',#1224,#1232,#1234,.T.);
#1232 = VERTEX_POINT('',#1233);
#1233 = CARTESIAN_POINT('',(-4.5999999,4.983716617211,10.));
#1234 = LINE('',#1235,#1236);
#1235 = CARTESIAN_POINT('',(-4.5999999,-0.208642433234,10.));
#1236 = VECTOR('',#1237,1.);
#1237 = DIRECTION('',(0.,1.,0.));
#1238 = ORIENTED_EDGE('',*,*,#1239,.T.);
#1239 = EDGE_CURVE('',#1232,#1240,#1242,.T.);
#1240 = VERTEX_POINT('',#1241);
#1241 = CARTESIAN_POINT('',(-4.54443610178,5.127299703264,10.));
#1242 = B_SPLINE_CURVE_WITH_KNOTS('',2,(#1243,#1244,#1245),
  .UNSPECIFIED.,.F.,.F.,(3,3),(0.,1.),.PIECEWISE_BEZIER_KNOTS.);
#1243 = CARTESIAN_POINT('',(-4.5999999,4.983716617211,10.));
#1244 = CARTESIAN_POINT('',(-4.5999999,5.071476261128,10.));
#1245 = CARTESIAN_POINT('',(-4.54443610178,5.127299703264,10.));
#1246 = ORIENTED_EDGE('',*,*,#1247,.T.);
#1247 = EDGE_CURVE('',#1240,#1248,#1250,.T.);
#1248 = VERTEX_POINT('',#1249);
#1249 = CARTESIAN_POINT('',(-4.400853015727,5.183382789318,10.));
#1250 = B_SPLINE_CURVE_WITH_KNOTS('',2,(#1251,#1252,#1253),
  .UNSPECIFIED.,.F.,.F.,(3,3),(0.,1.),.PIECEWISE_BEZIER_KNOTS.);
#1251 = CARTESIAN_POINT('',(-4.54443610178,5.127299703264,10.));
#1252 = CARTESIAN_POINT('',(-4.488612659644,5.183382789318,10.));
#1253 = CARTESIAN_POINT('',(-4.400853015727,5.183382789318,10.));
#1254 = ORIENTED_EDGE('',*,*,#1255,.T.);
#1255 = EDGE_CURVE('',#1248,#1256,#1258,.T.);
#1256 = VERTEX_POINT('',#1257);
#1257 = CARTESIAN_POINT('',(-2.170771413353,5.183382789318,10.));
#1258 = LINE('',#1259,#1260);
#1259 = CARTESIAN_POINT('',(-4.400853015727,5.183382789318,10.));
#1260 = VECTOR('',#1261,1.);
#1261 = DIRECTION('',(1.,0.,0.));
#1262 = ORIENTED_EDGE('',*,*,#1263,.T.);
#1263 = EDGE_CURVE('',#1256,#1264,#1266,.T.);
#1264 = VERTEX_POINT('',#1265);
#1265 = CARTESIAN_POINT('',(-1.019769929674,4.979821958457,10.));
#1266 = B_SPLINE_CURVE_WITH_KNOTS('',2,(#1267,#1268,#1269),
  .UNSPECIFIED.,.F.,.F.,(3,3),(0.,1.),.PIECEWISE_BEZIER_KNOTS.);
#1267 = CARTESIAN_POINT('',(-2.170771413353,5.183382789318,10.));
#1268 = CARTESIAN_POINT('',(-1.509458356973,5.183382789318,10.));
#1269 = CARTESIAN_POINT('',(-1.019769929674,4.979821958457,10.));
#1270 = ORIENTED_EDGE('',*,*,#1271,.T.);
#1271 = EDGE_CURVE('',#1264,#1272,#1274,.T.);
#1272 = VERTEX_POINT('',#1273);
#1273 = CARTESIAN_POINT('',(-0.255378238279,4.369399109792,10.));
#1274 = B_SPLINE_CURVE_WITH_KNOTS('',2,(#1275,#1276,#1277),
  .UNSPECIFIED.,.F.,.F.,(3,3),(0.,1.),.PIECEWISE_BEZIER_KNOTS.);
#1275 = CARTESIAN_POINT('',(-1.019769929674,4.979821958457,10.));
#1276 = CARTESIAN_POINT('',(-0.530081502374,4.776520771513,10.));
#1277 = CARTESIAN_POINT('',(-0.255378238279,4.369399109792,10.));
#1278 = ORIENTED_EDGE('',*,*,#1279,.T.);
#1279 = EDGE_CURVE('',#1272,#1280,#1282,.T.);
#1280 = VERTEX_POINT('',#1281);
#1281 = CARTESIAN_POINT('',(1.958466973294E-02,3.339910979228,10.));
#1282 = B_SPLINE_CURVE_WITH_KNOTS('',2,(#1283,#1284,#1285),
  .UNSPECIFIED.,.F.,.F.,(3,3),(0.,1.),.PIECEWISE_BEZIER_KNOTS.);
#1283 = CARTESIAN_POINT('',(-0.255378238279,4.369399109792,10.));
#1284 = CARTESIAN_POINT('',(1.958466973294E-02,3.962277448071,10.));
#1285 = CARTESIAN_POINT('',(1.958466973294E-02,3.339910979228,10.));
#1286 = ORIENTED_EDGE('',*,*,#1287,.T.);
#1287 = EDGE_CURVE('',#1280,#1288,#1290,.T.);
#1288 = VERTEX_POINT('',#1289);
#1289 = CARTESIAN_POINT('',(-0.255637882196,2.326261127596,10.));
#1290 = B_SPLINE_CURVE_WITH_KNOTS('',2,(#1291,#1292,#1293),
  .UNSPECIFIED.,.F.,.F.,(3,3),(0.,1.),.PIECEWISE_BEZIER_KNOTS.);
#1291 = CARTESIAN_POINT('',(1.958466973294E-02,3.339910979228,10.));
#1292 = CARTESIAN_POINT('',(1.958466973294E-02,2.725333827893,10.));
#1293 = CARTESIAN_POINT('',(-0.255637882196,2.326261127596,10.));
#1294 = ORIENTED_EDGE('',*,*,#1295,.T.);
#1295 = EDGE_CURVE('',#1288,#1296,#1298,.T.);
#1296 = VERTEX_POINT('',#1297);
#1297 = CARTESIAN_POINT('',(-1.020808505341,1.735571216617,10.));
#1298 = B_SPLINE_CURVE_WITH_KNOTS('',2,(#1299,#1300,#1301),
  .UNSPECIFIED.,.F.,.F.,(3,3),(0.,1.),.PIECEWISE_BEZIER_KNOTS.);
#1299 = CARTESIAN_POINT('',(-0.255637882196,2.326261127596,10.));
#1300 = CARTESIAN_POINT('',(-0.530600790208,1.9271884273,10.));
#1301 = CARTESIAN_POINT('',(-1.020808505341,1.735571216617,10.));
#1302 = ORIENTED_EDGE('',*,*,#1303,.T.);
#1303 = EDGE_CURVE('',#1296,#1304,#1306,.T.);
#1304 = VERTEX_POINT('',#1305);
#1305 = CARTESIAN_POINT('',(-2.172329276855,1.544213649852,10.));
#1306 = B_SPLINE_CURVE_WITH_KNOTS('',2,(#1307,#1308,#1309),
  .UNSPECIFIED.,.F.,.F.,(3,3),(0.,1.),.PIECEWISE_BEZIER_KNOTS.);
#1307 = CARTESIAN_POINT('',(-1.020808505341,1.735571216617,10.));
#1308 = CARTESIAN_POINT('',(-1.510756576558,1.544213649852,10.));
#1309 = CARTESIAN_POINT('',(-2.172329276855,1.544213649852,10.));
#1310 = ORIENTED_EDGE('',*,*,#1311,.T.);
#1311 = EDGE_CURVE('',#1304,#1312,#1314,.T.);
#1312 = VERTEX_POINT('',#1313);
#1313 = CARTESIAN_POINT('',(-3.121068149258,1.544213649852,10.));
#1314 = LINE('',#1315,#1316);
#1315 = CARTESIAN_POINT('',(-2.172329276855,1.544213649852,10.));
#1316 = VECTOR('',#1317,1.);
#1317 = DIRECTION('',(-1.,0.,0.));
#1318 = ORIENTED_EDGE('',*,*,#1319,.T.);
#1319 = EDGE_CURVE('',#1312,#1320,#1322,.T.);
#1320 = VERTEX_POINT('',#1321);
#1321 = CARTESIAN_POINT('',(-3.121068149258,-0.208123145401,10.));
#1322 = LINE('',#1323,#1324);
#1323 = CARTESIAN_POINT('',(-3.121068149258,1.544213649852,10.));
#1324 = VECTOR('',#1325,1.);
#1325 = DIRECTION('',(0.,-1.,0.));
#1326 = ORIENTED_EDGE('',*,*,#1327,.T.);
#1327 = EDGE_CURVE('',#1320,#1328,#1330,.T.);
#1328 = VERTEX_POINT('',#1329);
#1329 = CARTESIAN_POINT('',(-3.180786250148,-0.348330860534,10.));
#1330 = B_SPLINE_CURVE_WITH_KNOTS('',2,(#1331,#1332,#1333),
  .UNSPECIFIED.,.F.,.F.,(3,3),(0.,1.),.PIECEWISE_BEZIER_KNOTS.);
#1331 = CARTESIAN_POINT('',(-3.121068149258,-0.208123145401,10.));
#1332 = CARTESIAN_POINT('',(-3.121068149258,-0.288353115727,10.));
#1333 = CARTESIAN_POINT('',(-3.180786250148,-0.348330860534,10.));
#1334 = ORIENTED_EDGE('',*,*,#1335,.T.);
#1335 = EDGE_CURVE('',#1328,#1206,#1336,.T.);
#1336 = B_SPLINE_CURVE_WITH_KNOTS('',2,(#1337,#1338,#1339),
  .UNSPECIFIED.,.F.,.F.,(3,3),(0.,1.),.PIECEWISE_BEZIER_KNOTS.);
#1337 = CARTESIAN_POINT('',(-3.180786250148,-0.348330860534,10.));
#1338 = CARTESIAN_POINT('',(-3.240244707122,-0.408308605341,10.));
#1339 = CARTESIAN_POINT('',(-3.327485063205,-0.408308605341,10.));
#1340 = PLANE('',#1341);
#1341 = AXIS2_PLACEMENT_3D('',#1342,#1343,#1344);
#1342 = CARTESIAN_POINT('',(-7.1E-16,2.2E-16,10.));
#1343 = DIRECTION('',(0.,0.,1.));
#1344 = DIRECTION('',(1.,0.,0.));
#1345 = ADVANCED_FACE('',(#1346),#1374,.T.);
#1346 = FACE_BOUND('',#1347,.T.);
#1347 = EDGE_LOOP('',(#1348,#1355,#1365,#1371,#1372,#1373));
#1348 = ORIENTED_EDGE('',*,*,#1349,.T.);
#1349 = EDGE_CURVE('',#202,#1350,#1352,.T.);
#1350 = VERTEX_POINT('',#1351);
#1351 = CARTESIAN_POINT('',(7.102758617143,-5.68854505477,9.510673251699
    ));
#1352 = B_SPLINE_CURVE_WITH_KNOTS('',1,(#1353,#1354),.UNSPECIFIED.,.F.,
  .F.,(2,2),(0.,1.),.PIECEWISE_BEZIER_KNOTS.);
#1353 = CARTESIAN_POINT('',(9.1,-7.685786437627,0.));
#1354 = CARTESIAN_POINT('',(7.,-5.585786437627,10.));
#1355 = ORIENTED_EDGE('',*,*,#1356,.F.);
#1356 = EDGE_CURVE('',#1357,#1350,#1359,.T.);
#1357 = VERTEX_POINT('',#1358);
#1358 = CARTESIAN_POINT('',(7.090418714604,-5.696677530706,
    9.520690934088));
#1359 = B_SPLINE_CURVE_WITH_KNOTS('',4,(#1360,#1361,#1362,#1363,#1364),
  .UNSPECIFIED.,.F.,.F.,(5,5),(0.,1.),.PIECEWISE_BEZIER_KNOTS.);
#1360 = CARTESIAN_POINT('',(7.090487040287,-5.696632501422,
    9.520635466471));
#1361 = CARTESIAN_POINT('',(7.093554934501,-5.694610639759,
    9.518144912778));
#1362 = CARTESIAN_POINT('',(7.096622828715,-5.692588778096,
    9.515654359085));
#1363 = CARTESIAN_POINT('',(7.099690722929,-5.690566916433,
    9.513163805392));
#1364 = CARTESIAN_POINT('',(7.102758617143,-5.68854505477,9.510673251699
    ));
#1365 = ORIENTED_EDGE('',*,*,#1366,.F.);
#1366 = EDGE_CURVE('',#375,#1357,#1367,.T.);
#1367 = LINE('',#1368,#1369);
#1368 = CARTESIAN_POINT('',(5.686441341468,-7.100654903841,
    9.520690934088));
#1369 = VECTOR('',#1370,1.);
#1370 = DIRECTION('',(0.707106781187,0.707106781187,0.));
#1371 = ORIENTED_EDGE('',*,*,#404,.T.);
#1372 = ORIENTED_EDGE('',*,*,#347,.F.);
#1373 = ORIENTED_EDGE('',*,*,#201,.T.);
#1374 = PLANE('',#1375);
#1375 = AXIS2_PLACEMENT_3D('',#1376,#1377,#1378);
#1376 = CARTESIAN_POINT('',(5.585786437627,-7.,10.));
#1377 = DIRECTION('',(0.677845381581,-0.677845381581,0.284695060264));
#1378 = DIRECTION('',(0.707106781187,0.707106781187,5.551115123126E-17)
  );
#1379 = ADVANCED_FACE('',(#1380),#1399,.T.);
#1380 = FACE_BOUND('',#1381,.T.);
#1381 = EDGE_LOOP('',(#1382,#1389,#1397,#1398));
#1382 = ORIENTED_EDGE('',*,*,#1383,.T.);
#1383 = EDGE_CURVE('',#210,#1384,#1386,.T.);
#1384 = VERTEX_POINT('',#1385);
#1385 = CARTESIAN_POINT('',(7.102758617143,5.68854505477,9.510673251699)
  );
#1386 = B_SPLINE_CURVE_WITH_KNOTS('',1,(#1387,#1388),.UNSPECIFIED.,.F.,
  .F.,(2,2),(0.,1.),.PIECEWISE_BEZIER_KNOTS.);
#1387 = CARTESIAN_POINT('',(9.1,7.685786437627,0.));
#1388 = CARTESIAN_POINT('',(7.,5.585786437627,10.));
#1389 = ORIENTED_EDGE('',*,*,#1390,.F.);
#1390 = EDGE_CURVE('',#1350,#1384,#1391,.T.);
#1391 = B_SPLINE_CURVE_WITH_KNOTS('',2,(#1392,#1393,#1394,#1395,#1396),
  .UNSPECIFIED.,.F.,.F.,(3,1,1,3),(-1.183700259966,-0.5,11.671572875254,
    12.355273135219),.UNSPECIFIED.);
#1392 = CARTESIAN_POINT('',(7.102758617143,-6.769486697592,
    9.510673251699));
#1393 = CARTESIAN_POINT('',(7.102758617143,-6.42763656761,9.510673251699
    ));
#1394 = CARTESIAN_POINT('',(7.102758617143,0.,9.510673251699));
#1395 = CARTESIAN_POINT('',(7.102758617143,6.42763656761,9.510673251699)
  );
#1396 = CARTESIAN_POINT('',(7.102758617143,6.769486697592,9.510673251699
    ));
#1397 = ORIENTED_EDGE('',*,*,#1349,.F.);
#1398 = ORIENTED_EDGE('',*,*,#209,.T.);
#1399 = B_SPLINE_SURFACE_WITH_KNOTS('',1,1,(
    (#1400,#1401)
    ,(#1402,#1403
    )),.UNSPECIFIED.,.F.,.F.,.F.,(2,2),(2,2),(0.,15.371572875254),(0.,1.
    ),.PIECEWISE_BEZIER_KNOTS.);
#1400 = CARTESIAN_POINT('',(9.1,-7.685786437627,0.));
#1401 = CARTESIAN_POINT('',(7.,-5.585786437627,10.));
#1402 = CARTESIAN_POINT('',(9.1,7.685786437627,0.));
#1403 = CARTESIAN_POINT('',(7.,5.585786437627,10.));
#1404 = ADVANCED_FACE('',(#1405),#1442,.T.);
#1405 = FACE_BOUND('',#1406,.T.);
#1406 = EDGE_LOOP('',(#1407,#1414,#1424,#1432,#1440,#1441));
#1407 = ORIENTED_EDGE('',*,*,#1408,.T.);
#1408 = EDGE_CURVE('',#218,#1409,#1411,.T.);
#1409 = VERTEX_POINT('',#1410);
#1410 = CARTESIAN_POINT('',(5.68854505477,7.102758617143,9.510673251699)
  );
#1411 = B_SPLINE_CURVE_WITH_KNOTS('',1,(#1412,#1413),.UNSPECIFIED.,.F.,
  .F.,(2,2),(0.,1.),.PIECEWISE_BEZIER_KNOTS.);
#1412 = CARTESIAN_POINT('',(7.685786437627,9.1,0.));
#1413 = CARTESIAN_POINT('',(5.585786437627,7.,10.));
#1414 = ORIENTED_EDGE('',*,*,#1415,.F.);
#1415 = EDGE_CURVE('',#1416,#1409,#1418,.T.);
#1416 = VERTEX_POINT('',#1417);
#1417 = CARTESIAN_POINT('',(5.696677530706,7.090418714604,9.520690934088
    ));
#1418 = B_SPLINE_CURVE_WITH_KNOTS('',4,(#1419,#1420,#1421,#1422,#1423),
  .UNSPECIFIED.,.F.,.F.,(5,5),(0.,1.),.PIECEWISE_BEZIER_KNOTS.);
#1419 = CARTESIAN_POINT('',(5.696632501422,7.090487040287,9.520635466471
    ));
#1420 = CARTESIAN_POINT('',(5.694610639759,7.093554934501,9.518144912778
    ));
#1421 = CARTESIAN_POINT('',(5.692588778096,7.096622828715,9.515654359085
    ));
#1422 = CARTESIAN_POINT('',(5.690566916433,7.099690722929,9.513163805392
    ));
#1423 = CARTESIAN_POINT('',(5.68854505477,7.102758617143,9.510673251699)
  );
#1424 = ORIENTED_EDGE('',*,*,#1425,.F.);
#1425 = EDGE_CURVE('',#1426,#1416,#1428,.T.);
#1426 = VERTEX_POINT('',#1427);
#1427 = CARTESIAN_POINT('',(7.090418714604,5.696677530706,9.520690934088
    ));
#1428 = LINE('',#1429,#1430);
#1429 = CARTESIAN_POINT('',(7.100654903841,5.686441341468,9.520690934088
    ));
#1430 = VECTOR('',#1431,1.);
#1431 = DIRECTION('',(-0.707106781187,0.707106781187,0.));
#1432 = ORIENTED_EDGE('',*,*,#1433,.T.);
#1433 = EDGE_CURVE('',#1426,#1384,#1434,.T.);
#1434 = B_SPLINE_CURVE_WITH_KNOTS('',4,(#1435,#1436,#1437,#1438,#1439),
  .UNSPECIFIED.,.F.,.F.,(5,5),(0.,1.),.PIECEWISE_BEZIER_KNOTS.);
#1435 = CARTESIAN_POINT('',(7.090418714604,5.696677530706,9.520690934088
    ));
#1436 = CARTESIAN_POINT('',(7.093503690239,5.694644411722,9.518186513491
    ));
#1437 = CARTESIAN_POINT('',(7.096588665874,5.692611292738,9.515682092894
    ));
#1438 = CARTESIAN_POINT('',(7.099673641508,5.690578173754,9.513177672296
    ));
#1439 = CARTESIAN_POINT('',(7.102758617143,5.68854505477,9.510673251699)
  );
#1440 = ORIENTED_EDGE('',*,*,#1383,.F.);
#1441 = ORIENTED_EDGE('',*,*,#217,.T.);
#1442 = PLANE('',#1443);
#1443 = AXIS2_PLACEMENT_3D('',#1444,#1445,#1446);
#1444 = CARTESIAN_POINT('',(7.,5.585786437627,10.));
#1445 = DIRECTION('',(0.677845381581,0.677845381581,0.284695060264));
#1446 = DIRECTION('',(-0.707106781187,0.707106781187,-5.551115123126E-17
    ));
#1447 = ADVANCED_FACE('',(#1448),#1461,.T.);
#1448 = FACE_BOUND('',#1449,.T.);
#1449 = EDGE_LOOP('',(#1450,#1451,#1459,#1460));
#1450 = ORIENTED_EDGE('',*,*,#333,.T.);
#1451 = ORIENTED_EDGE('',*,*,#1452,.F.);
#1452 = EDGE_CURVE('',#1409,#324,#1453,.T.);
#1453 = B_SPLINE_CURVE_WITH_KNOTS('',2,(#1454,#1455,#1456,#1457,#1458),
  .UNSPECIFIED.,.F.,.F.,(3,1,1,3),(-1.183700259966,-0.5,11.671572875254,
    12.355273135219),.UNSPECIFIED.);
#1454 = CARTESIAN_POINT('',(6.769486697592,7.102758617143,9.510673251699
    ));
#1455 = CARTESIAN_POINT('',(6.42763656761,7.102758617143,9.510673251699)
  );
#1456 = CARTESIAN_POINT('',(3.55E-15,7.102758617143,9.510673251699));
#1457 = CARTESIAN_POINT('',(-6.42763656761,7.102758617143,9.510673251699
    ));
#1458 = CARTESIAN_POINT('',(-6.769486697592,7.102758617143,
    9.510673251699));
#1459 = ORIENTED_EDGE('',*,*,#1408,.F.);
#1460 = ORIENTED_EDGE('',*,*,#225,.T.);
#1461 = B_SPLINE_SURFACE_WITH_KNOTS('',1,1,(
    (#1462,#1463)
    ,(#1464,#1465
    )),.UNSPECIFIED.,.F.,.F.,.F.,(2,2),(2,2),(0.,15.371572875254),(0.,1.
    ),.PIECEWISE_BEZIER_KNOTS.);
#1462 = CARTESIAN_POINT('',(7.685786437627,9.1,0.));
#1463 = CARTESIAN_POINT('',(5.585786437627,7.,10.));
#1464 = CARTESIAN_POINT('',(-7.685786437627,9.1,0.));
#1465 = CARTESIAN_POINT('',(-5.585786437627,7.,10.));
#1466 = ADVANCED_FACE('',(#1467),#1492,.F.);
#1467 = FACE_BOUND('',#1468,.F.);
#1468 = EDGE_LOOP('',(#1469,#1479,#1485,#1486));
#1469 = ORIENTED_EDGE('',*,*,#1470,.T.);
#1470 = EDGE_CURVE('',#1471,#1473,#1475,.T.);
#1471 = VERTEX_POINT('',#1472);
#1472 = CARTESIAN_POINT('',(-6.025825461037,-5.293645750422,8.8));
#1473 = VERTEX_POINT('',#1474);
#1474 = CARTESIAN_POINT('',(-6.025825461037,5.293645750422,8.8));
#1475 = LINE('',#1476,#1477);
#1476 = CARTESIAN_POINT('',(-6.025825461037,-4.E-17,8.8));
#1477 = VECTOR('',#1478,1.);
#1478 = DIRECTION('',(-1.E-17,1.,0.));
#1479 = ORIENTED_EDGE('',*,*,#1480,.T.);
#1480 = EDGE_CURVE('',#1473,#244,#1481,.T.);
#1481 = LINE('',#1482,#1483);
#1482 = CARTESIAN_POINT('',(-6.236108874495,5.503929163879,
    7.798650412108));
#1483 = VECTOR('',#1484,1.);
#1484 = DIRECTION('',(-0.201309807683,0.201309807683,-0.958618131824));
#1485 = ORIENTED_EDGE('',*,*,#241,.F.);
#1486 = ORIENTED_EDGE('',*,*,#1487,.T.);
#1487 = EDGE_CURVE('',#242,#1471,#1488,.T.);
#1488 = LINE('',#1489,#1490);
#1489 = CARTESIAN_POINT('',(-6.236108874495,-5.503929163879,
    7.798650412108));
#1490 = VECTOR('',#1491,1.);
#1491 = DIRECTION('',(0.201309807683,0.201309807683,0.958618131824));
#1492 = PLANE('',#1493);
#1493 = AXIS2_PLACEMENT_3D('',#1494,#1495,#1496);
#1494 = CARTESIAN_POINT('',(-6.875615804078,-2.4E-16,4.753379318856));
#1495 = DIRECTION('',(-0.978653496602,-1.E-17,0.205517234286));
#1496 = DIRECTION('',(4.81018304358E-17,-1.,1.803986156085E-16));
#1497 = ADVANCED_FACE('',(#1498),#1516,.F.);
#1498 = FACE_BOUND('',#1499,.F.);
#1499 = EDGE_LOOP('',(#1500,#1501,#1502,#1510));
#1500 = ORIENTED_EDGE('',*,*,#251,.F.);
#1501 = ORIENTED_EDGE('',*,*,#1480,.F.);
#1502 = ORIENTED_EDGE('',*,*,#1503,.T.);
#1503 = EDGE_CURVE('',#1473,#1504,#1506,.T.);
#1504 = VERTEX_POINT('',#1505);
#1505 = CARTESIAN_POINT('',(-5.293645750422,6.025825461037,8.8));
#1506 = LINE('',#1507,#1508);
#1507 = CARTESIAN_POINT('',(-5.306182215136,6.013288996323,8.8));
#1508 = VECTOR('',#1509,1.);
#1509 = DIRECTION('',(0.707106781187,0.707106781187,0.));
#1510 = ORIENTED_EDGE('',*,*,#1511,.F.);
#1511 = EDGE_CURVE('',#252,#1504,#1512,.T.);
#1512 = LINE('',#1513,#1514);
#1513 = CARTESIAN_POINT('',(-5.503929163879,6.236108874495,
    7.798650412108));
#1514 = VECTOR('',#1515,1.);
#1515 = DIRECTION('',(0.201309807683,-0.201309807683,0.958618131824));
#1516 = PLANE('',#1517);
#1517 = AXIS2_PLACEMENT_3D('',#1518,#1519,#1520);
#1518 = CARTESIAN_POINT('',(-4.77237197973,6.186585542103,9.658365927683
    ));
#1519 = DIRECTION('',(-0.677845381581,0.677845381581,0.284695060264));
#1520 = DIRECTION('',(-0.707106781187,-0.707106781187,
    -5.551115123126E-17));
#1521 = ADVANCED_FACE('',(#1522),#1540,.F.);
#1522 = FACE_BOUND('',#1523,.F.);
#1523 = EDGE_LOOP('',(#1524,#1532,#1538,#1539));
#1524 = ORIENTED_EDGE('',*,*,#1525,.T.);
#1525 = EDGE_CURVE('',#1504,#1526,#1528,.T.);
#1526 = VERTEX_POINT('',#1527);
#1527 = CARTESIAN_POINT('',(5.293645750422,6.025825461037,8.8));
#1528 = LINE('',#1529,#1530);
#1529 = CARTESIAN_POINT('',(-7.1E-16,6.025825461037,8.8));
#1530 = VECTOR('',#1531,1.);
#1531 = DIRECTION('',(1.,-2.E-17,0.));
#1532 = ORIENTED_EDGE('',*,*,#1533,.F.);
#1533 = EDGE_CURVE('',#260,#1526,#1534,.T.);
#1534 = LINE('',#1535,#1536);
#1535 = CARTESIAN_POINT('',(5.503929163879,6.236108874495,7.798650412108
    ));
#1536 = VECTOR('',#1537,1.);
#1537 = DIRECTION('',(-0.201309807683,-0.201309807683,0.958618131824));
#1538 = ORIENTED_EDGE('',*,*,#259,.F.);
#1539 = ORIENTED_EDGE('',*,*,#1511,.T.);
#1540 = PLANE('',#1541);
#1541 = AXIS2_PLACEMENT_3D('',#1542,#1543,#1544);
#1542 = CARTESIAN_POINT('',(-8.2E-16,6.875615804078,4.753379318856));
#1543 = DIRECTION('',(2.E-17,0.978653496602,0.205517234286));
#1544 = DIRECTION('',(-1.,-6.996224196875E-18,1.306307929187E-16));
#1545 = ADVANCED_FACE('',(#1546),#1564,.F.);
#1546 = FACE_BOUND('',#1547,.F.);
#1547 = EDGE_LOOP('',(#1548,#1556,#1562,#1563));
#1548 = ORIENTED_EDGE('',*,*,#1549,.T.);
#1549 = EDGE_CURVE('',#1526,#1550,#1552,.T.);
#1550 = VERTEX_POINT('',#1551);
#1551 = CARTESIAN_POINT('',(6.025825461037,5.293645750422,8.8));
#1552 = LINE('',#1553,#1554);
#1553 = CARTESIAN_POINT('',(6.013288996323,5.306182215136,8.8));
#1554 = VECTOR('',#1555,1.);
#1555 = DIRECTION('',(0.707106781187,-0.707106781187,0.));
#1556 = ORIENTED_EDGE('',*,*,#1557,.F.);
#1557 = EDGE_CURVE('',#268,#1550,#1558,.T.);
#1558 = LINE('',#1559,#1560);
#1559 = CARTESIAN_POINT('',(6.236108874495,5.503929163879,7.798650412108
    ));
#1560 = VECTOR('',#1561,1.);
#1561 = DIRECTION('',(-0.201309807683,-0.201309807683,0.958618131824));
#1562 = ORIENTED_EDGE('',*,*,#267,.F.);
#1563 = ORIENTED_EDGE('',*,*,#1533,.T.);
#1564 = PLANE('',#1565);
#1565 = AXIS2_PLACEMENT_3D('',#1566,#1567,#1568);
#1566 = CARTESIAN_POINT('',(6.186585542103,4.77237197973,9.658365927683)
  );
#1567 = DIRECTION('',(0.677845381581,0.677845381581,0.284695060264));
#1568 = DIRECTION('',(-0.707106781187,0.707106781187,-5.551115123126E-17
    ));
#1569 = ADVANCED_FACE('',(#1570),#1588,.F.);
#1570 = FACE_BOUND('',#1571,.F.);
#1571 = EDGE_LOOP('',(#1572,#1580,#1586,#1587));
#1572 = ORIENTED_EDGE('',*,*,#1573,.T.);
#1573 = EDGE_CURVE('',#1550,#1574,#1576,.T.);
#1574 = VERTEX_POINT('',#1575);
#1575 = CARTESIAN_POINT('',(6.025825461037,-5.293645750422,8.8));
#1576 = LINE('',#1577,#1578);
#1577 = CARTESIAN_POINT('',(6.025825461037,4.8E-16,8.8));
#1578 = VECTOR('',#1579,1.);
#1579 = DIRECTION('',(1.E-17,-1.,0.));
#1580 = ORIENTED_EDGE('',*,*,#1581,.F.);
#1581 = EDGE_CURVE('',#276,#1574,#1582,.T.);
#1582 = LINE('',#1583,#1584);
#1583 = CARTESIAN_POINT('',(6.236108874495,-5.503929163879,
    7.798650412108));
#1584 = VECTOR('',#1585,1.);
#1585 = DIRECTION('',(-0.201309807683,0.201309807683,0.958618131824));
#1586 = ORIENTED_EDGE('',*,*,#275,.F.);
#1587 = ORIENTED_EDGE('',*,*,#1557,.T.);
#1588 = PLANE('',#1589);
#1589 = AXIS2_PLACEMENT_3D('',#1590,#1591,#1592);
#1590 = CARTESIAN_POINT('',(6.875615804078,7.2E-16,4.753379318856));
#1591 = DIRECTION('',(0.978653496602,1.E-17,0.205517234286));
#1592 = DIRECTION('',(-1.666518643619E-17,1.,3.07003108484E-17));
#1593 = ADVANCED_FACE('',(#1594),#1612,.F.);
#1594 = FACE_BOUND('',#1595,.F.);
#1595 = EDGE_LOOP('',(#1596,#1604,#1610,#1611));
#1596 = ORIENTED_EDGE('',*,*,#1597,.T.);
#1597 = EDGE_CURVE('',#1574,#1598,#1600,.T.);
#1598 = VERTEX_POINT('',#1599);
#1599 = CARTESIAN_POINT('',(5.293645750422,-6.025825461037,8.8));
#1600 = LINE('',#1601,#1602);
#1601 = CARTESIAN_POINT('',(5.306182215136,-6.013288996323,8.8));
#1602 = VECTOR('',#1603,1.);
#1603 = DIRECTION('',(-0.707106781187,-0.707106781187,0.));
#1604 = ORIENTED_EDGE('',*,*,#1605,.F.);
#1605 = EDGE_CURVE('',#284,#1598,#1606,.T.);
#1606 = LINE('',#1607,#1608);
#1607 = CARTESIAN_POINT('',(5.503929163879,-6.236108874495,
    7.798650412108));
#1608 = VECTOR('',#1609,1.);
#1609 = DIRECTION('',(-0.201309807683,0.201309807683,0.958618131824));
#1610 = ORIENTED_EDGE('',*,*,#283,.F.);
#1611 = ORIENTED_EDGE('',*,*,#1581,.T.);
#1612 = PLANE('',#1613);
#1613 = AXIS2_PLACEMENT_3D('',#1614,#1615,#1616);
#1614 = CARTESIAN_POINT('',(4.77237197973,-6.186585542103,9.658365927683
    ));
#1615 = DIRECTION('',(0.677845381581,-0.677845381581,0.284695060264));
#1616 = DIRECTION('',(0.707106781187,0.707106781187,5.551115123126E-17)
  );
#1617 = ADVANCED_FACE('',(#1618),#1636,.F.);
#1618 = FACE_BOUND('',#1619,.F.);
#1619 = EDGE_LOOP('',(#1620,#1628,#1634,#1635));
#1620 = ORIENTED_EDGE('',*,*,#1621,.T.);
#1621 = EDGE_CURVE('',#1598,#1622,#1624,.T.);
#1622 = VERTEX_POINT('',#1623);
#1623 = CARTESIAN_POINT('',(-5.293645750422,-6.025825461037,8.8));
#1624 = LINE('',#1625,#1626);
#1625 = CARTESIAN_POINT('',(-3.1E-16,-6.025825461037,8.8));
#1626 = VECTOR('',#1627,1.);
#1627 = DIRECTION('',(-1.,0.,0.));
#1628 = ORIENTED_EDGE('',*,*,#1629,.F.);
#1629 = EDGE_CURVE('',#292,#1622,#1630,.T.);
#1630 = LINE('',#1631,#1632);
#1631 = CARTESIAN_POINT('',(-5.503929163879,-6.236108874495,
    7.798650412108));
#1632 = VECTOR('',#1633,1.);
#1633 = DIRECTION('',(0.201309807683,0.201309807683,0.958618131824));
#1634 = ORIENTED_EDGE('',*,*,#291,.F.);
#1635 = ORIENTED_EDGE('',*,*,#1605,.T.);
#1636 = PLANE('',#1637);
#1637 = AXIS2_PLACEMENT_3D('',#1638,#1639,#1640);
#1638 = CARTESIAN_POINT('',(8.E-17,-6.875615804078,4.753379318856));
#1639 = DIRECTION('',(0.,-0.978653496602,0.205517234286));
#1640 = DIRECTION('',(1.,-4.022603198927E-18,-1.915525332823E-17));
#1641 = ADVANCED_FACE('',(#1642),#1653,.F.);
#1642 = FACE_BOUND('',#1643,.F.);
#1643 = EDGE_LOOP('',(#1644,#1650,#1651,#1652));
#1644 = ORIENTED_EDGE('',*,*,#1645,.T.);
#1645 = EDGE_CURVE('',#1622,#1471,#1646,.T.);
#1646 = LINE('',#1647,#1648);
#1647 = CARTESIAN_POINT('',(-6.013288996323,-5.306182215136,8.8));
#1648 = VECTOR('',#1649,1.);
#1649 = DIRECTION('',(-0.707106781187,0.707106781187,0.));
#1650 = ORIENTED_EDGE('',*,*,#1487,.F.);
#1651 = ORIENTED_EDGE('',*,*,#299,.F.);
#1652 = ORIENTED_EDGE('',*,*,#1629,.T.);
#1653 = PLANE('',#1654);
#1654 = AXIS2_PLACEMENT_3D('',#1655,#1656,#1657);
#1655 = CARTESIAN_POINT('',(-6.186585542103,-4.77237197973,
    9.658365927683));
#1656 = DIRECTION('',(-0.677845381581,-0.677845381581,0.284695060264));
#1657 = DIRECTION('',(0.707106781187,-0.707106781187,-5.551115123126E-17
    ));
#1658 = ADVANCED_FACE('',(#1659),#1674,.T.);
#1659 = FACE_BOUND('',#1660,.T.);
#1660 = EDGE_LOOP('',(#1661,#1669,#1670,#1671,#1672,#1673));
#1661 = ORIENTED_EDGE('',*,*,#1662,.T.);
#1662 = EDGE_CURVE('',#488,#1416,#1663,.T.);
#1663 = B_SPLINE_CURVE_WITH_KNOTS('',4,(#1664,#1665,#1666,#1667,#1668),
  .UNSPECIFIED.,.F.,.F.,(5,5),(0.,1.),.PIECEWISE_BEZIER_KNOTS.);
#1664 = CARTESIAN_POINT('',(5.37867965644,6.5,10.));
#1665 = CARTESIAN_POINT('',(5.458179125007,6.647604678651,9.880172733522
    ));
#1666 = CARTESIAN_POINT('',(5.537678593573,6.795209357302,9.760345467044
    ));
#1667 = CARTESIAN_POINT('',(5.617178062139,6.942814035953,9.640518200566
    ));
#1668 = CARTESIAN_POINT('',(5.696677530706,7.090418714604,9.520690934088
    ));
#1669 = ORIENTED_EDGE('',*,*,#1415,.T.);
#1670 = ORIENTED_EDGE('',*,*,#1452,.T.);
#1671 = ORIENTED_EDGE('',*,*,#323,.F.);
#1672 = ORIENTED_EDGE('',*,*,#443,.F.);
#1673 = ORIENTED_EDGE('',*,*,#495,.F.);
#1674 = B_SPLINE_SURFACE_WITH_KNOTS('',1,2,(
    (#1675,#1676,#1677,#1678,#1679)
    ,(#1680,#1681,#1682,#1683,#1684
    )),.UNSPECIFIED.,.F.,.F.,.F.,(2,2),(3,1,1,3),(0.,12.171572875254),(
    -1.183700259966,-0.5,11.671572875254,12.355273135219),
  .UNSPECIFIED.);
#1675 = CARTESIAN_POINT('',(6.769486697592,6.5,10.));
#1676 = CARTESIAN_POINT('',(6.42763656761,6.5,10.));
#1677 = CARTESIAN_POINT('',(3.55E-15,6.5,10.));
#1678 = CARTESIAN_POINT('',(-6.42763656761,6.5,10.));
#1679 = CARTESIAN_POINT('',(-6.769486697592,6.5,10.));
#1680 = CARTESIAN_POINT('',(6.769486697592,7.102758617143,9.510673251699
    ));
#1681 = CARTESIAN_POINT('',(6.42763656761,7.102758617143,9.510673251699)
  );
#1682 = CARTESIAN_POINT('',(3.55E-15,7.102758617143,9.510673251699));
#1683 = CARTESIAN_POINT('',(-6.42763656761,7.102758617143,9.510673251699
    ));
#1684 = CARTESIAN_POINT('',(-6.769486697592,7.102758617143,
    9.510673251699));
#1685 = ADVANCED_FACE('',(#1686),#1699,.T.);
#1686 = FACE_BOUND('',#1687,.F.);
#1687 = EDGE_LOOP('',(#1688,#1689,#1690,#1698));
#1688 = ORIENTED_EDGE('',*,*,#372,.F.);
#1689 = ORIENTED_EDGE('',*,*,#469,.T.);
#1690 = ORIENTED_EDGE('',*,*,#1691,.T.);
#1691 = EDGE_CURVE('',#470,#1357,#1692,.T.);
#1692 = B_SPLINE_CURVE_WITH_KNOTS('',4,(#1693,#1694,#1695,#1696,#1697),
  .UNSPECIFIED.,.F.,.F.,(5,5),(0.,1.),.PIECEWISE_BEZIER_KNOTS.);
#1693 = CARTESIAN_POINT('',(6.5,-5.37867965644,10.));
#1694 = CARTESIAN_POINT('',(6.647604678651,-5.458179125007,
    9.880172733522));
#1695 = CARTESIAN_POINT('',(6.795209357302,-5.537678593573,
    9.760345467044));
#1696 = CARTESIAN_POINT('',(6.942814035953,-5.617178062139,
    9.640518200566));
#1697 = CARTESIAN_POINT('',(7.090418714604,-5.696677530706,
    9.520690934088));
#1698 = ORIENTED_EDGE('',*,*,#1366,.F.);
#1699 = PLANE('',#1700);
#1700 = AXIS2_PLACEMENT_3D('',#1701,#1702,#1703);
#1701 = CARTESIAN_POINT('',(5.459337194251,-6.873550756624,
    9.760345467044));
#1702 = DIRECTION('',(0.422878510844,-0.422878510844,0.80146586336));
#1703 = DIRECTION('',(-0.707106781187,-0.707106781187,2.775557561563E-17
    ));
#1704 = ADVANCED_FACE('',(#1705),#1720,.T.);
#1705 = FACE_BOUND('',#1706,.T.);
#1706 = EDGE_LOOP('',(#1707,#1708,#1709,#1710,#1711,#1719));
#1707 = ORIENTED_EDGE('',*,*,#1691,.T.);
#1708 = ORIENTED_EDGE('',*,*,#1356,.T.);
#1709 = ORIENTED_EDGE('',*,*,#1390,.T.);
#1710 = ORIENTED_EDGE('',*,*,#1433,.F.);
#1711 = ORIENTED_EDGE('',*,*,#1712,.F.);
#1712 = EDGE_CURVE('',#478,#1426,#1713,.T.);
#1713 = B_SPLINE_CURVE_WITH_KNOTS('',4,(#1714,#1715,#1716,#1717,#1718),
  .UNSPECIFIED.,.F.,.F.,(5,5),(0.,1.),.PIECEWISE_BEZIER_KNOTS.);
#1714 = CARTESIAN_POINT('',(6.5,5.37867965644,10.));
#1715 = CARTESIAN_POINT('',(6.647604678651,5.458179125007,9.880172733522
    ));
#1716 = CARTESIAN_POINT('',(6.795209357302,5.537678593573,9.760345467044
    ));
#1717 = CARTESIAN_POINT('',(6.942814035953,5.617178062139,9.640518200566
    ));
#1718 = CARTESIAN_POINT('',(7.090418714604,5.696677530706,9.520690934088
    ));
#1719 = ORIENTED_EDGE('',*,*,#477,.F.);
#1720 = B_SPLINE_SURFACE_WITH_KNOTS('',1,2,(
    (#1721,#1722,#1723,#1724,#1725)
    ,(#1726,#1727,#1728,#1729,#1730
    )),.UNSPECIFIED.,.F.,.F.,.F.,(2,2),(3,1,1,3),(0.,12.171572875254),(
    -1.183700259966,-0.5,11.671572875254,12.355273135219),
  .UNSPECIFIED.);
#1721 = CARTESIAN_POINT('',(6.5,-6.769486697592,10.));
#1722 = CARTESIAN_POINT('',(6.5,-6.42763656761,10.));
#1723 = CARTESIAN_POINT('',(6.5,0.,10.));
#1724 = CARTESIAN_POINT('',(6.5,6.42763656761,10.));
#1725 = CARTESIAN_POINT('',(6.5,6.769486697592,10.));
#1726 = CARTESIAN_POINT('',(7.102758617143,-6.769486697592,
    9.510673251699));
#1727 = CARTESIAN_POINT('',(7.102758617143,-6.42763656761,9.510673251699
    ));
#1728 = CARTESIAN_POINT('',(7.102758617143,0.,9.510673251699));
#1729 = CARTESIAN_POINT('',(7.102758617143,6.42763656761,9.510673251699)
  );
#1730 = CARTESIAN_POINT('',(7.102758617143,6.769486697592,9.510673251699
    ));
#1731 = ADVANCED_FACE('',(#1732),#1738,.T.);
#1732 = FACE_BOUND('',#1733,.F.);
#1733 = EDGE_LOOP('',(#1734,#1735,#1736,#1737));
#1734 = ORIENTED_EDGE('',*,*,#1712,.F.);
#1735 = ORIENTED_EDGE('',*,*,#487,.T.);
#1736 = ORIENTED_EDGE('',*,*,#1662,.T.);
#1737 = ORIENTED_EDGE('',*,*,#1425,.F.);
#1738 = PLANE('',#1739);
#1739 = AXIS2_PLACEMENT_3D('',#1740,#1741,#1742);
#1740 = CARTESIAN_POINT('',(6.873550756624,5.459337194251,9.760345467044
    ));
#1741 = DIRECTION('',(0.422878510844,0.422878510844,0.80146586336));
#1742 = DIRECTION('',(0.707106781187,-0.707106781187,-8.326672684689E-17
    ));
#1743 = ADVANCED_FACE('',(#1744),#1769,.T.);
#1744 = FACE_BOUND('',#1745,.T.);
#1745 = EDGE_LOOP('',(#1746,#1754,#1762,#1768));
#1746 = ORIENTED_EDGE('',*,*,#1747,.T.);
#1747 = EDGE_CURVE('',#510,#1748,#1750,.T.);
#1748 = VERTEX_POINT('',#1749);
#1749 = CARTESIAN_POINT('',(-4.521800916024,-5.2,9.6));
#1750 = LINE('',#1751,#1752);
#1751 = CARTESIAN_POINT('',(-4.521800916024,-5.2,10.));
#1752 = VECTOR('',#1753,1.);
#1753 = DIRECTION('',(-0.,-0.,-1.));
#1754 = ORIENTED_EDGE('',*,*,#1755,.T.);
#1755 = EDGE_CURVE('',#1748,#1756,#1758,.T.);
#1756 = VERTEX_POINT('',#1757);
#1757 = CARTESIAN_POINT('',(-5.010580589614,-5.2,9.6));
#1758 = LINE('',#1759,#1760);
#1759 = CARTESIAN_POINT('',(-4.521800916024,-5.2,9.6));
#1760 = VECTOR('',#1761,1.);
#1761 = DIRECTION('',(-1.,0.,0.));
#1762 = ORIENTED_EDGE('',*,*,#1763,.F.);
#1763 = EDGE_CURVE('',#512,#1756,#1764,.T.);
#1764 = LINE('',#1765,#1766);
#1765 = CARTESIAN_POINT('',(-5.010580589614,-5.2,10.));
#1766 = VECTOR('',#1767,1.);
#1767 = DIRECTION('',(-0.,-0.,-1.));
#1768 = ORIENTED_EDGE('',*,*,#509,.F.);
#1769 = PLANE('',#1770);
#1770 = AXIS2_PLACEMENT_3D('',#1771,#1772,#1773);
#1771 = CARTESIAN_POINT('',(-4.521800916024,-5.2,10.));
#1772 = DIRECTION('',(0.,1.,0.));
#1773 = DIRECTION('',(-1.,0.,0.));
#1774 = ADVANCED_FACE('',(#1775),#1793,.T.);
#1775 = FACE_BOUND('',#1776,.T.);
#1776 = EDGE_LOOP('',(#1777,#1785,#1791,#1792));
#1777 = ORIENTED_EDGE('',*,*,#1778,.T.);
#1778 = EDGE_CURVE('',#632,#1779,#1781,.T.);
#1779 = VERTEX_POINT('',#1780);
#1780 = CARTESIAN_POINT('',(-4.444603215727,-5.169955489614,9.6));
#1781 = LINE('',#1782,#1783);
#1782 = CARTESIAN_POINT('',(-4.444603215727,-5.169955489614,10.));
#1783 = VECTOR('',#1784,1.);
#1784 = DIRECTION('',(-0.,-0.,-1.));
#1785 = ORIENTED_EDGE('',*,*,#1786,.T.);
#1786 = EDGE_CURVE('',#1779,#1748,#1787,.T.);
#1787 = B_SPLINE_CURVE_WITH_KNOTS('',2,(#1788,#1789,#1790),
  .UNSPECIFIED.,.F.,.F.,(3,3),(0.,1.),.PIECEWISE_BEZIER_KNOTS.);
#1788 = CARTESIAN_POINT('',(-4.444603215727,-5.169955489614,9.6));
#1789 = CARTESIAN_POINT('',(-4.474647726113,-5.2,9.6));
#1790 = CARTESIAN_POINT('',(-4.521800916024,-5.2,9.6));
#1791 = ORIENTED_EDGE('',*,*,#1747,.F.);
#1792 = ORIENTED_EDGE('',*,*,#639,.F.);
#1793 = SURFACE_OF_LINEAR_EXTRUSION('',#1794,#1798);
#1794 = B_SPLINE_CURVE_WITH_KNOTS('',2,(#1795,#1796,#1797),
  .UNSPECIFIED.,.F.,.F.,(3,3),(0.,1.),.PIECEWISE_BEZIER_KNOTS.);
#1795 = CARTESIAN_POINT('',(-4.444603215727,-5.169955489614,10.));
#1796 = CARTESIAN_POINT('',(-4.474647726113,-5.2,10.));
#1797 = CARTESIAN_POINT('',(-4.521800916024,-5.2,10.));
#1798 = VECTOR('',#1799,1.);
#1799 = DIRECTION('',(0.,0.,1.));
#1800 = ADVANCED_FACE('',(#1801),#1819,.T.);
#1801 = FACE_BOUND('',#1802,.T.);
#1802 = EDGE_LOOP('',(#1803,#1811,#1817,#1818));
#1803 = ORIENTED_EDGE('',*,*,#1804,.T.);
#1804 = EDGE_CURVE('',#624,#1805,#1807,.T.);
#1805 = VERTEX_POINT('',#1806);
#1806 = CARTESIAN_POINT('',(-4.414558705341,-5.092757789318,9.6));
#1807 = LINE('',#1808,#1809);
#1808 = CARTESIAN_POINT('',(-4.414558705341,-5.092757789318,10.));
#1809 = VECTOR('',#1810,1.);
#1810 = DIRECTION('',(-0.,-0.,-1.));
#1811 = ORIENTED_EDGE('',*,*,#1812,.T.);
#1812 = EDGE_CURVE('',#1805,#1779,#1813,.T.);
#1813 = B_SPLINE_CURVE_WITH_KNOTS('',2,(#1814,#1815,#1816),
  .UNSPECIFIED.,.F.,.F.,(3,3),(0.,1.),.PIECEWISE_BEZIER_KNOTS.);
#1814 = CARTESIAN_POINT('',(-4.414558705341,-5.092757789318,9.6));
#1815 = CARTESIAN_POINT('',(-4.414558705341,-5.139910979228,9.6));
#1816 = CARTESIAN_POINT('',(-4.444603215727,-5.169955489614,9.6));
#1817 = ORIENTED_EDGE('',*,*,#1778,.F.);
#1818 = ORIENTED_EDGE('',*,*,#631,.F.);
#1819 = SURFACE_OF_LINEAR_EXTRUSION('',#1820,#1824);
#1820 = B_SPLINE_CURVE_WITH_KNOTS('',2,(#1821,#1822,#1823),
  .UNSPECIFIED.,.F.,.F.,(3,3),(0.,1.),.PIECEWISE_BEZIER_KNOTS.);
#1821 = CARTESIAN_POINT('',(-4.414558705341,-5.092757789318,10.));
#1822 = CARTESIAN_POINT('',(-4.414558705341,-5.139910979228,10.));
#1823 = CARTESIAN_POINT('',(-4.444603215727,-5.169955489614,10.));
#1824 = VECTOR('',#1825,1.);
#1825 = DIRECTION('',(0.,0.,1.));
#1826 = ADVANCED_FACE('',(#1827),#1845,.T.);
#1827 = FACE_BOUND('',#1828,.T.);
#1828 = EDGE_LOOP('',(#1829,#1837,#1843,#1844));
#1829 = ORIENTED_EDGE('',*,*,#1830,.T.);
#1830 = EDGE_CURVE('',#616,#1831,#1833,.T.);
#1831 = VERTEX_POINT('',#1832);
#1832 = CARTESIAN_POINT('',(-4.414558705341,-4.122848664688,9.6));
#1833 = LINE('',#1834,#1835);
#1834 = CARTESIAN_POINT('',(-4.414558705341,-4.122848664688,10.));
#1835 = VECTOR('',#1836,1.);
#1836 = DIRECTION('',(-0.,-0.,-1.));
#1837 = ORIENTED_EDGE('',*,*,#1838,.T.);
#1838 = EDGE_CURVE('',#1831,#1805,#1839,.T.);
#1839 = LINE('',#1840,#1841);
#1840 = CARTESIAN_POINT('',(-4.414558705341,-4.122848664688,9.6));
#1841 = VECTOR('',#1842,1.);
#1842 = DIRECTION('',(0.,-1.,0.));
#1843 = ORIENTED_EDGE('',*,*,#1804,.F.);
#1844 = ORIENTED_EDGE('',*,*,#623,.F.);
#1845 = PLANE('',#1846);
#1846 = AXIS2_PLACEMENT_3D('',#1847,#1848,#1849);
#1847 = CARTESIAN_POINT('',(-4.414558705341,-4.122848664688,10.));
#1848 = DIRECTION('',(-1.,0.,0.));
#1849 = DIRECTION('',(0.,-1.,0.));
#1850 = ADVANCED_FACE('',(#1851),#1869,.T.);
#1851 = FACE_BOUND('',#1852,.T.);
#1852 = EDGE_LOOP('',(#1853,#1861,#1867,#1868));
#1853 = ORIENTED_EDGE('',*,*,#1854,.T.);
#1854 = EDGE_CURVE('',#608,#1855,#1857,.T.);
#1855 = VERTEX_POINT('',#1856);
#1856 = CARTESIAN_POINT('',(-3.843295723145,-4.122848664688,9.6));
#1857 = LINE('',#1858,#1859);
#1858 = CARTESIAN_POINT('',(-3.843295723145,-4.122848664688,10.));
#1859 = VECTOR('',#1860,1.);
#1860 = DIRECTION('',(-0.,-0.,-1.));
#1861 = ORIENTED_EDGE('',*,*,#1862,.T.);
#1862 = EDGE_CURVE('',#1855,#1831,#1863,.T.);
#1863 = LINE('',#1864,#1865);
#1864 = CARTESIAN_POINT('',(-3.843295723145,-4.122848664688,9.6));
#1865 = VECTOR('',#1866,1.);
#1866 = DIRECTION('',(-1.,0.,0.));
#1867 = ORIENTED_EDGE('',*,*,#1830,.F.);
#1868 = ORIENTED_EDGE('',*,*,#615,.F.);
#1869 = PLANE('',#1870);
#1870 = AXIS2_PLACEMENT_3D('',#1871,#1872,#1873);
#1871 = CARTESIAN_POINT('',(-3.843295723145,-4.122848664688,10.));
#1872 = DIRECTION('',(0.,1.,0.));
#1873 = DIRECTION('',(-1.,0.,0.));
#1874 = ADVANCED_FACE('',(#1875),#1893,.T.);
#1875 = FACE_BOUND('',#1876,.T.);
#1876 = EDGE_LOOP('',(#1877,#1885,#1891,#1892));
#1877 = ORIENTED_EDGE('',*,*,#1878,.T.);
#1878 = EDGE_CURVE('',#600,#1879,#1881,.T.);
#1879 = VERTEX_POINT('',#1880);
#1880 = CARTESIAN_POINT('',(-3.244631034718,-4.020057492582,9.6));
#1881 = LINE('',#1882,#1883);
#1882 = CARTESIAN_POINT('',(-3.244631034718,-4.020057492582,10.));
#1883 = VECTOR('',#1884,1.);
#1884 = DIRECTION('',(-0.,-0.,-1.));
#1885 = ORIENTED_EDGE('',*,*,#1886,.T.);
#1886 = EDGE_CURVE('',#1879,#1855,#1887,.T.);
#1887 = B_SPLINE_CURVE_WITH_KNOTS('',2,(#1888,#1889,#1890),
  .UNSPECIFIED.,.F.,.F.,(3,3),(0.,1.),.PIECEWISE_BEZIER_KNOTS.);
#1888 = CARTESIAN_POINT('',(-3.244631034718,-4.020057492582,9.6));
#1889 = CARTESIAN_POINT('',(-3.498201138576,-4.122848664688,9.6));
#1890 = CARTESIAN_POINT('',(-3.843295723145,-4.122848664688,9.6));
#1891 = ORIENTED_EDGE('',*,*,#1854,.F.);
#1892 = ORIENTED_EDGE('',*,*,#607,.F.);
#1893 = SURFACE_OF_LINEAR_EXTRUSION('',#1894,#1898);
#1894 = B_SPLINE_CURVE_WITH_KNOTS('',2,(#1895,#1896,#1897),
  .UNSPECIFIED.,.F.,.F.,(3,3),(0.,1.),.PIECEWISE_BEZIER_KNOTS.);
#1895 = CARTESIAN_POINT('',(-3.244631034718,-4.020057492582,10.));
#1896 = CARTESIAN_POINT('',(-3.498201138576,-4.122848664688,10.));
#1897 = CARTESIAN_POINT('',(-3.843295723145,-4.122848664688,10.));
#1898 = VECTOR('',#1899,1.);
#1899 = DIRECTION('',(0.,0.,1.));
#1900 = ADVANCED_FACE('',(#1901),#1919,.T.);
#1901 = FACE_BOUND('',#1902,.T.);
#1902 = EDGE_LOOP('',(#1903,#1911,#1917,#1918));
#1903 = ORIENTED_EDGE('',*,*,#1904,.T.);
#1904 = EDGE_CURVE('',#592,#1905,#1907,.T.);
#1905 = VERTEX_POINT('',#1906);
#1906 = CARTESIAN_POINT('',(-2.848210411573,-3.705285608309,9.6));
#1907 = LINE('',#1908,#1909);
#1908 = CARTESIAN_POINT('',(-2.848210411573,-3.705285608309,10.));
#1909 = VECTOR('',#1910,1.);
#1910 = DIRECTION('',(-0.,-0.,-1.));
#1911 = ORIENTED_EDGE('',*,*,#1912,.T.);
#1912 = EDGE_CURVE('',#1905,#1879,#1913,.T.);
#1913 = B_SPLINE_CURVE_WITH_KNOTS('',2,(#1914,#1915,#1916),
  .UNSPECIFIED.,.F.,.F.,(3,3),(0.,1.),.PIECEWISE_BEZIER_KNOTS.);
#1914 = CARTESIAN_POINT('',(-2.848210411573,-3.705285608309,9.6));
#1915 = CARTESIAN_POINT('',(-2.990921835905,-3.917266320475,9.6));
#1916 = CARTESIAN_POINT('',(-3.244631034718,-4.020057492582,9.6));
#1917 = ORIENTED_EDGE('',*,*,#1878,.F.);
#1918 = ORIENTED_EDGE('',*,*,#599,.F.);
#1919 = SURFACE_OF_LINEAR_EXTRUSION('',#1920,#1924);
#1920 = B_SPLINE_CURVE_WITH_KNOTS('',2,(#1921,#1922,#1923),
  .UNSPECIFIED.,.F.,.F.,(3,3),(0.,1.),.PIECEWISE_BEZIER_KNOTS.);
#1921 = CARTESIAN_POINT('',(-2.848210411573,-3.705285608309,10.));
#1922 = CARTESIAN_POINT('',(-2.990921835905,-3.917266320475,10.));
#1923 = CARTESIAN_POINT('',(-3.244631034718,-4.020057492582,10.));
#1924 = VECTOR('',#1925,1.);
#1925 = DIRECTION('',(0.,0.,1.));
#1926 = ADVANCED_FACE('',(#1927),#1945,.T.);
#1927 = FACE_BOUND('',#1928,.T.);
#1928 = EDGE_LOOP('',(#1929,#1937,#1943,#1944));
#1929 = ORIENTED_EDGE('',*,*,#1930,.T.);
#1930 = EDGE_CURVE('',#584,#1931,#1933,.T.);
#1931 = VERTEX_POINT('',#1932);
#1932 = CARTESIAN_POINT('',(-2.705359892285,-3.167961795252,9.6));
#1933 = LINE('',#1934,#1935);
#1934 = CARTESIAN_POINT('',(-2.705359892285,-3.167961795252,10.));
#1935 = VECTOR('',#1936,1.);
#1936 = DIRECTION('',(-0.,-0.,-1.));
#1937 = ORIENTED_EDGE('',*,*,#1938,.T.);
#1938 = EDGE_CURVE('',#1931,#1905,#1939,.T.);
#1939 = B_SPLINE_CURVE_WITH_KNOTS('',2,(#1940,#1941,#1942),
  .UNSPECIFIED.,.F.,.F.,(3,3),(0.,1.),.PIECEWISE_BEZIER_KNOTS.);
#1940 = CARTESIAN_POINT('',(-2.705359892285,-3.167961795252,9.6));
#1941 = CARTESIAN_POINT('',(-2.705359892285,-3.493304896142,9.6));
#1942 = CARTESIAN_POINT('',(-2.848210411573,-3.705285608309,9.6));
#1943 = ORIENTED_EDGE('',*,*,#1904,.F.);
#1944 = ORIENTED_EDGE('',*,*,#591,.F.);
#1945 = SURFACE_OF_LINEAR_EXTRUSION('',#1946,#1950);
#1946 = B_SPLINE_CURVE_WITH_KNOTS('',2,(#1947,#1948,#1949),
  .UNSPECIFIED.,.F.,.F.,(3,3),(0.,1.),.PIECEWISE_BEZIER_KNOTS.);
#1947 = CARTESIAN_POINT('',(-2.705359892285,-3.167961795252,10.));
#1948 = CARTESIAN_POINT('',(-2.705359892285,-3.493304896142,10.));
#1949 = CARTESIAN_POINT('',(-2.848210411573,-3.705285608309,10.));
#1950 = VECTOR('',#1951,1.);
#1951 = DIRECTION('',(0.,0.,1.));
#1952 = ADVANCED_FACE('',(#1953),#1971,.T.);
#1953 = FACE_BOUND('',#1954,.T.);
#1954 = EDGE_LOOP('',(#1955,#1963,#1969,#1970));
#1955 = ORIENTED_EDGE('',*,*,#1956,.T.);
#1956 = EDGE_CURVE('',#576,#1957,#1959,.T.);
#1957 = VERTEX_POINT('',#1958);
#1958 = CARTESIAN_POINT('',(-2.848349506528,-2.630359792285,9.6));
#1959 = LINE('',#1960,#1961);
#1960 = CARTESIAN_POINT('',(-2.848349506528,-2.630359792285,10.));
#1961 = VECTOR('',#1962,1.);
#1962 = DIRECTION('',(-0.,-0.,-1.));
#1963 = ORIENTED_EDGE('',*,*,#1964,.T.);
#1964 = EDGE_CURVE('',#1957,#1931,#1965,.T.);
#1965 = B_SPLINE_CURVE_WITH_KNOTS('',2,(#1966,#1967,#1968),
  .UNSPECIFIED.,.F.,.F.,(3,3),(0.,1.),.PIECEWISE_BEZIER_KNOTS.);
#1966 = CARTESIAN_POINT('',(-2.848349506528,-2.630359792285,9.6));
#1967 = CARTESIAN_POINT('',(-2.705359892285,-2.846652448071,9.6));
#1968 = CARTESIAN_POINT('',(-2.705359892285,-3.167961795252,9.6));
#1969 = ORIENTED_EDGE('',*,*,#1930,.F.);
#1970 = ORIENTED_EDGE('',*,*,#583,.F.);
#1971 = SURFACE_OF_LINEAR_EXTRUSION('',#1972,#1976);
#1972 = B_SPLINE_CURVE_WITH_KNOTS('',2,(#1973,#1974,#1975),
  .UNSPECIFIED.,.F.,.F.,(3,3),(0.,1.),.PIECEWISE_BEZIER_KNOTS.);
#1973 = CARTESIAN_POINT('',(-2.848349506528,-2.630359792285,10.));
#1974 = CARTESIAN_POINT('',(-2.705359892285,-2.846652448071,10.));
#1975 = CARTESIAN_POINT('',(-2.705359892285,-3.167961795252,10.));
#1976 = VECTOR('',#1977,1.);
#1977 = DIRECTION('',(0.,0.,1.));
#1978 = ADVANCED_FACE('',(#1979),#1997,.T.);
#1979 = FACE_BOUND('',#1980,.T.);
#1980 = EDGE_LOOP('',(#1981,#1989,#1995,#1996));
#1981 = ORIENTED_EDGE('',*,*,#1982,.T.);
#1982 = EDGE_CURVE('',#568,#1983,#1985,.T.);
#1983 = VERTEX_POINT('',#1984);
#1984 = CARTESIAN_POINT('',(-3.245465604451,-2.307103115727,9.6));
#1985 = LINE('',#1986,#1987);
#1986 = CARTESIAN_POINT('',(-3.245465604451,-2.307103115727,10.));
#1987 = VECTOR('',#1988,1.);
#1988 = DIRECTION('',(-0.,-0.,-1.));
#1989 = ORIENTED_EDGE('',*,*,#1990,.T.);
#1990 = EDGE_CURVE('',#1983,#1957,#1991,.T.);
#1991 = B_SPLINE_CURVE_WITH_KNOTS('',2,(#1992,#1993,#1994),
  .UNSPECIFIED.,.F.,.F.,(3,3),(0.,1.),.PIECEWISE_BEZIER_KNOTS.);
#1992 = CARTESIAN_POINT('',(-3.245465604451,-2.307103115727,9.6));
#1993 = CARTESIAN_POINT('',(-2.991339120772,-2.414067136499,9.6));
#1994 = CARTESIAN_POINT('',(-2.848349506528,-2.630359792285,9.6));
#1995 = ORIENTED_EDGE('',*,*,#1956,.F.);
#1996 = ORIENTED_EDGE('',*,*,#575,.F.);
#1997 = SURFACE_OF_LINEAR_EXTRUSION('',#1998,#2002);
#1998 = B_SPLINE_CURVE_WITH_KNOTS('',2,(#1999,#2000,#2001),
  .UNSPECIFIED.,.F.,.F.,(3,3),(0.,1.),.PIECEWISE_BEZIER_KNOTS.);
#1999 = CARTESIAN_POINT('',(-3.245465604451,-2.307103115727,10.));
#2000 = CARTESIAN_POINT('',(-2.991339120772,-2.414067136499,10.));
#2001 = CARTESIAN_POINT('',(-2.848349506528,-2.630359792285,10.));
#2002 = VECTOR('',#2003,1.);
#2003 = DIRECTION('',(0.,0.,1.));
#2004 = ADVANCED_FACE('',(#2005),#2023,.T.);
#2005 = FACE_BOUND('',#2006,.T.);
#2006 = EDGE_LOOP('',(#2007,#2015,#2021,#2022));
#2007 = ORIENTED_EDGE('',*,*,#2008,.T.);
#2008 = EDGE_CURVE('',#560,#2009,#2011,.T.);
#2009 = VERTEX_POINT('',#2010);
#2010 = CARTESIAN_POINT('',(-3.845382147478,-2.2,9.6));
#2011 = LINE('',#2012,#2013);
#2012 = CARTESIAN_POINT('',(-3.845382147478,-2.2,10.));
#2013 = VECTOR('',#2014,1.);
#2014 = DIRECTION('',(-0.,-0.,-1.));
#2015 = ORIENTED_EDGE('',*,*,#2016,.T.);
#2016 = EDGE_CURVE('',#2009,#1983,#2017,.T.);
#2017 = B_SPLINE_CURVE_WITH_KNOTS('',2,(#2018,#2019,#2020),
  .UNSPECIFIED.,.F.,.F.,(3,3),(0.,1.),.PIECEWISE_BEZIER_KNOTS.);
#2018 = CARTESIAN_POINT('',(-3.845382147478,-2.2,9.6));
#2019 = CARTESIAN_POINT('',(-3.499592088131,-2.2,9.6));
#2020 = CARTESIAN_POINT('',(-3.245465604451,-2.307103115727,9.6));
#2021 = ORIENTED_EDGE('',*,*,#1982,.F.);
#2022 = ORIENTED_EDGE('',*,*,#567,.F.);
#2023 = SURFACE_OF_LINEAR_EXTRUSION('',#2024,#2028);
#2024 = B_SPLINE_CURVE_WITH_KNOTS('',2,(#2025,#2026,#2027),
  .UNSPECIFIED.,.F.,.F.,(3,3),(0.,1.),.PIECEWISE_BEZIER_KNOTS.);
#2025 = CARTESIAN_POINT('',(-3.845382147478,-2.2,10.));
#2026 = CARTESIAN_POINT('',(-3.499592088131,-2.2,10.));
#2027 = CARTESIAN_POINT('',(-3.245465604451,-2.307103115727,10.));
#2028 = VECTOR('',#2029,1.);
#2029 = DIRECTION('',(0.,0.,1.));
#2030 = ADVANCED_FACE('',(#2031),#2049,.T.);
#2031 = FACE_BOUND('',#2032,.T.);
#2032 = EDGE_LOOP('',(#2033,#2041,#2047,#2048));
#2033 = ORIENTED_EDGE('',*,*,#2034,.T.);
#2034 = EDGE_CURVE('',#552,#2035,#2037,.T.);
#2035 = VERTEX_POINT('',#2036);
#2036 = CARTESIAN_POINT('',(-5.011136969436,-2.2,9.6));
#2037 = LINE('',#2038,#2039);
#2038 = CARTESIAN_POINT('',(-5.011136969436,-2.2,10.));
#2039 = VECTOR('',#2040,1.);
#2040 = DIRECTION('',(-0.,-0.,-1.));
#2041 = ORIENTED_EDGE('',*,*,#2042,.T.);
#2042 = EDGE_CURVE('',#2035,#2009,#2043,.T.);
#2043 = LINE('',#2044,#2045);
#2044 = CARTESIAN_POINT('',(-5.011136969436,-2.2,9.6));
#2045 = VECTOR('',#2046,1.);
#2046 = DIRECTION('',(1.,0.,0.));
#2047 = ORIENTED_EDGE('',*,*,#2008,.F.);
#2048 = ORIENTED_EDGE('',*,*,#559,.F.);
#2049 = PLANE('',#2050);
#2050 = AXIS2_PLACEMENT_3D('',#2051,#2052,#2053);
#2051 = CARTESIAN_POINT('',(-5.011136969436,-2.2,10.));
#2052 = DIRECTION('',(0.,-1.,0.));
#2053 = DIRECTION('',(1.,0.,0.));
#2054 = ADVANCED_FACE('',(#2055),#2073,.T.);
#2055 = FACE_BOUND('',#2056,.T.);
#2056 = EDGE_LOOP('',(#2057,#2065,#2071,#2072));
#2057 = ORIENTED_EDGE('',*,*,#2058,.T.);
#2058 = EDGE_CURVE('',#544,#2059,#2061,.T.);
#2059 = VERTEX_POINT('',#2060);
#2060 = CARTESIAN_POINT('',(-5.087917384866,-2.230044510386,9.6));
#2061 = LINE('',#2062,#2063);
#2062 = CARTESIAN_POINT('',(-5.087917384866,-2.230044510386,10.));
#2063 = VECTOR('',#2064,1.);
#2064 = DIRECTION('',(-0.,-0.,-1.));
#2065 = ORIENTED_EDGE('',*,*,#2066,.T.);
#2066 = EDGE_CURVE('',#2059,#2035,#2067,.T.);
#2067 = B_SPLINE_CURVE_WITH_KNOTS('',2,(#2068,#2069,#2070),
  .UNSPECIFIED.,.F.,.F.,(3,3),(0.,1.),.PIECEWISE_BEZIER_KNOTS.);
#2068 = CARTESIAN_POINT('',(-5.087917384866,-2.230044510386,9.6));
#2069 = CARTESIAN_POINT('',(-5.058011969436,-2.2,9.6));
#2070 = CARTESIAN_POINT('',(-5.011136969436,-2.2,9.6));
#2071 = ORIENTED_EDGE('',*,*,#2034,.F.);
#2072 = ORIENTED_EDGE('',*,*,#551,.F.);
#2073 = SURFACE_OF_LINEAR_EXTRUSION('',#2074,#2078);
#2074 = B_SPLINE_CURVE_WITH_KNOTS('',2,(#2075,#2076,#2077),
  .UNSPECIFIED.,.F.,.F.,(3,3),(0.,1.),.PIECEWISE_BEZIER_KNOTS.);
#2075 = CARTESIAN_POINT('',(-5.087917384866,-2.230044510386,10.));
#2076 = CARTESIAN_POINT('',(-5.058011969436,-2.2,10.));
#2077 = CARTESIAN_POINT('',(-5.011136969436,-2.2,10.));
#2078 = VECTOR('',#2079,1.);
#2079 = DIRECTION('',(0.,0.,1.));
#2080 = ADVANCED_FACE('',(#2081),#2099,.T.);
#2081 = FACE_BOUND('',#2082,.T.);
#2082 = EDGE_LOOP('',(#2083,#2091,#2097,#2098));
#2083 = ORIENTED_EDGE('',*,*,#2084,.T.);
#2084 = EDGE_CURVE('',#536,#2085,#2087,.T.);
#2085 = VERTEX_POINT('',#2086);
#2086 = CARTESIAN_POINT('',(-5.117822800297,-2.307103115727,9.6));
#2087 = LINE('',#2088,#2089);
#2088 = CARTESIAN_POINT('',(-5.117822800297,-2.307103115727,10.));
#2089 = VECTOR('',#2090,1.);
#2090 = DIRECTION('',(-0.,-0.,-1.));
#2091 = ORIENTED_EDGE('',*,*,#2092,.T.);
#2092 = EDGE_CURVE('',#2085,#2059,#2093,.T.);
#2093 = B_SPLINE_CURVE_WITH_KNOTS('',2,(#2094,#2095,#2096),
  .UNSPECIFIED.,.F.,.F.,(3,3),(0.,1.),.PIECEWISE_BEZIER_KNOTS.);
#2094 = CARTESIAN_POINT('',(-5.117822800297,-2.307103115727,9.6));
#2095 = CARTESIAN_POINT('',(-5.117822800297,-2.259949925816,9.6));
#2096 = CARTESIAN_POINT('',(-5.087917384866,-2.230044510386,9.6));
#2097 = ORIENTED_EDGE('',*,*,#2058,.F.);
#2098 = ORIENTED_EDGE('',*,*,#543,.F.);
#2099 = SURFACE_OF_LINEAR_EXTRUSION('',#2100,#2104);
#2100 = B_SPLINE_CURVE_WITH_KNOTS('',2,(#2101,#2102,#2103),
  .UNSPECIFIED.,.F.,.F.,(3,3),(0.,1.),.PIECEWISE_BEZIER_KNOTS.);
#2101 = CARTESIAN_POINT('',(-5.117822800297,-2.307103115727,10.));
#2102 = CARTESIAN_POINT('',(-5.117822800297,-2.259949925816,10.));
#2103 = CARTESIAN_POINT('',(-5.087917384866,-2.230044510386,10.));
#2104 = VECTOR('',#2105,1.);
#2105 = DIRECTION('',(0.,0.,1.));
#2106 = ADVANCED_FACE('',(#2107),#2125,.T.);
#2107 = FACE_BOUND('',#2108,.T.);
#2108 = EDGE_LOOP('',(#2109,#2117,#2123,#2124));
#2109 = ORIENTED_EDGE('',*,*,#2110,.T.);
#2110 = EDGE_CURVE('',#528,#2111,#2113,.T.);
#2111 = VERTEX_POINT('',#2112);
#2112 = CARTESIAN_POINT('',(-5.117822800297,-5.092757789318,9.6));
#2113 = LINE('',#2114,#2115);
#2114 = CARTESIAN_POINT('',(-5.117822800297,-5.092757789318,10.));
#2115 = VECTOR('',#2116,1.);
#2116 = DIRECTION('',(-0.,-0.,-1.));
#2117 = ORIENTED_EDGE('',*,*,#2118,.T.);
#2118 = EDGE_CURVE('',#2111,#2085,#2119,.T.);
#2119 = LINE('',#2120,#2121);
#2120 = CARTESIAN_POINT('',(-5.117822800297,-5.092757789318,9.6));
#2121 = VECTOR('',#2122,1.);
#2122 = DIRECTION('',(0.,1.,0.));
#2123 = ORIENTED_EDGE('',*,*,#2084,.F.);
#2124 = ORIENTED_EDGE('',*,*,#535,.F.);
#2125 = PLANE('',#2126);
#2126 = AXIS2_PLACEMENT_3D('',#2127,#2128,#2129);
#2127 = CARTESIAN_POINT('',(-5.117822800297,-5.092757789318,10.));
#2128 = DIRECTION('',(1.,0.,0.));
#2129 = DIRECTION('',(-0.,1.,0.));
#2130 = ADVANCED_FACE('',(#2131),#2149,.T.);
#2131 = FACE_BOUND('',#2132,.T.);
#2132 = EDGE_LOOP('',(#2133,#2141,#2147,#2148));
#2133 = ORIENTED_EDGE('',*,*,#2134,.T.);
#2134 = EDGE_CURVE('',#520,#2135,#2137,.T.);
#2135 = VERTEX_POINT('',#2136);
#2136 = CARTESIAN_POINT('',(-5.087778289911,-5.17009458457,9.6));
#2137 = LINE('',#2138,#2139);
#2138 = CARTESIAN_POINT('',(-5.087778289911,-5.17009458457,10.));
#2139 = VECTOR('',#2140,1.);
#2140 = DIRECTION('',(-0.,-0.,-1.));
#2141 = ORIENTED_EDGE('',*,*,#2142,.T.);
#2142 = EDGE_CURVE('',#2135,#2111,#2143,.T.);
#2143 = B_SPLINE_CURVE_WITH_KNOTS('',2,(#2144,#2145,#2146),
  .UNSPECIFIED.,.F.,.F.,(3,3),(0.,1.),.PIECEWISE_BEZIER_KNOTS.);
#2144 = CARTESIAN_POINT('',(-5.087778289911,-5.17009458457,9.6));
#2145 = CARTESIAN_POINT('',(-5.117822800297,-5.140050074184,9.6));
#2146 = CARTESIAN_POINT('',(-5.117822800297,-5.092757789318,9.6));
#2147 = ORIENTED_EDGE('',*,*,#2110,.F.);
#2148 = ORIENTED_EDGE('',*,*,#527,.F.);
#2149 = SURFACE_OF_LINEAR_EXTRUSION('',#2150,#2154);
#2150 = B_SPLINE_CURVE_WITH_KNOTS('',2,(#2151,#2152,#2153),
  .UNSPECIFIED.,.F.,.F.,(3,3),(0.,1.),.PIECEWISE_BEZIER_KNOTS.);
#2151 = CARTESIAN_POINT('',(-5.087778289911,-5.17009458457,10.));
#2152 = CARTESIAN_POINT('',(-5.117822800297,-5.140050074184,10.));
#2153 = CARTESIAN_POINT('',(-5.117822800297,-5.092757789318,10.));
#2154 = VECTOR('',#2155,1.);
#2155 = DIRECTION('',(0.,0.,1.));
#2156 = ADVANCED_FACE('',(#2157),#2168,.T.);
#2157 = FACE_BOUND('',#2158,.T.);
#2158 = EDGE_LOOP('',(#2159,#2160,#2166,#2167));
#2159 = ORIENTED_EDGE('',*,*,#1763,.T.);
#2160 = ORIENTED_EDGE('',*,*,#2161,.T.);
#2161 = EDGE_CURVE('',#1756,#2135,#2162,.T.);
#2162 = B_SPLINE_CURVE_WITH_KNOTS('',2,(#2163,#2164,#2165),
  .UNSPECIFIED.,.F.,.F.,(3,3),(0.,1.),.PIECEWISE_BEZIER_KNOTS.);
#2163 = CARTESIAN_POINT('',(-5.010580589614,-5.2,9.6));
#2164 = CARTESIAN_POINT('',(-5.057733779525,-5.2,9.6));
#2165 = CARTESIAN_POINT('',(-5.087778289911,-5.17009458457,9.6));
#2166 = ORIENTED_EDGE('',*,*,#2134,.F.);
#2167 = ORIENTED_EDGE('',*,*,#519,.F.);
#2168 = SURFACE_OF_LINEAR_EXTRUSION('',#2169,#2173);
#2169 = B_SPLINE_CURVE_WITH_KNOTS('',2,(#2170,#2171,#2172),
  .UNSPECIFIED.,.F.,.F.,(3,3),(0.,1.),.PIECEWISE_BEZIER_KNOTS.);
#2170 = CARTESIAN_POINT('',(-5.010580589614,-5.2,10.));
#2171 = CARTESIAN_POINT('',(-5.057733779525,-5.2,10.));
#2172 = CARTESIAN_POINT('',(-5.087778289911,-5.17009458457,10.));
#2173 = VECTOR('',#2174,1.);
#2174 = DIRECTION('',(0.,0.,1.));
#2175 = ADVANCED_FACE('',(#2176),#2201,.T.);
#2176 = FACE_BOUND('',#2177,.T.);
#2177 = EDGE_LOOP('',(#2178,#2186,#2194,#2200));
#2178 = ORIENTED_EDGE('',*,*,#2179,.T.);
#2179 = EDGE_CURVE('',#648,#2180,#2182,.T.);
#2180 = VERTEX_POINT('',#2181);
#2181 = CARTESIAN_POINT('',(-1.808892904154,-5.2,9.6));
#2182 = LINE('',#2183,#2184);
#2183 = CARTESIAN_POINT('',(-1.808892904154,-5.2,10.));
#2184 = VECTOR('',#2185,1.);
#2185 = DIRECTION('',(-0.,-0.,-1.));
#2186 = ORIENTED_EDGE('',*,*,#2187,.T.);
#2187 = EDGE_CURVE('',#2180,#2188,#2190,.T.);
#2188 = VERTEX_POINT('',#2189);
#2189 = CARTESIAN_POINT('',(-2.272635485757,-5.2,9.6));
#2190 = LINE('',#2191,#2192);
#2191 = CARTESIAN_POINT('',(-1.808892904154,-5.2,9.6));
#2192 = VECTOR('',#2193,1.);
#2193 = DIRECTION('',(-1.,0.,0.));
#2194 = ORIENTED_EDGE('',*,*,#2195,.F.);
#2195 = EDGE_CURVE('',#650,#2188,#2196,.T.);
#2196 = LINE('',#2197,#2198);
#2197 = CARTESIAN_POINT('',(-2.272635485757,-5.2,10.));
#2198 = VECTOR('',#2199,1.);
#2199 = DIRECTION('',(-0.,-0.,-1.));
#2200 = ORIENTED_EDGE('',*,*,#647,.F.);
#2201 = PLANE('',#2202);
#2202 = AXIS2_PLACEMENT_3D('',#2203,#2204,#2205);
#2203 = CARTESIAN_POINT('',(-1.808892904154,-5.2,10.));
#2204 = DIRECTION('',(0.,1.,0.));
#2205 = DIRECTION('',(-1.,0.,0.));
#2206 = ADVANCED_FACE('',(#2207),#2225,.T.);
#2207 = FACE_BOUND('',#2208,.T.);
#2208 = EDGE_LOOP('',(#2209,#2217,#2223,#2224));
#2209 = ORIENTED_EDGE('',*,*,#2210,.T.);
#2210 = EDGE_CURVE('',#818,#2211,#2213,.T.);
#2211 = VERTEX_POINT('',#2212);
#2212 = CARTESIAN_POINT('',(-1.73225158368,-5.17009458457,9.6));
#2213 = LINE('',#2214,#2215);
#2214 = CARTESIAN_POINT('',(-1.73225158368,-5.17009458457,10.));
#2215 = VECTOR('',#2216,1.);
#2216 = DIRECTION('',(-0.,-0.,-1.));
#2217 = ORIENTED_EDGE('',*,*,#2218,.T.);
#2218 = EDGE_CURVE('',#2211,#2180,#2219,.T.);
#2219 = B_SPLINE_CURVE_WITH_KNOTS('',2,(#2220,#2221,#2222),
  .UNSPECIFIED.,.F.,.F.,(3,3),(0.,1.),.PIECEWISE_BEZIER_KNOTS.);
#2220 = CARTESIAN_POINT('',(-1.73225158368,-5.17009458457,9.6));
#2221 = CARTESIAN_POINT('',(-1.762017904154,-5.2,9.6));
#2222 = CARTESIAN_POINT('',(-1.808892904154,-5.2,9.6));
#2223 = ORIENTED_EDGE('',*,*,#2179,.F.);
#2224 = ORIENTED_EDGE('',*,*,#825,.F.);
#2225 = SURFACE_OF_LINEAR_EXTRUSION('',#2226,#2230);
#2226 = B_SPLINE_CURVE_WITH_KNOTS('',2,(#2227,#2228,#2229),
  .UNSPECIFIED.,.F.,.F.,(3,3),(0.,1.),.PIECEWISE_BEZIER_KNOTS.);
#2227 = CARTESIAN_POINT('',(-1.73225158368,-5.17009458457,10.));
#2228 = CARTESIAN_POINT('',(-1.762017904154,-5.2,10.));
#2229 = CARTESIAN_POINT('',(-1.808892904154,-5.2,10.));
#2230 = VECTOR('',#2231,1.);
#2231 = DIRECTION('',(0.,0.,1.));
#2232 = ADVANCED_FACE('',(#2233),#2251,.T.);
#2233 = FACE_BOUND('',#2234,.T.);
#2234 = EDGE_LOOP('',(#2235,#2243,#2249,#2250));
#2235 = ORIENTED_EDGE('',*,*,#2236,.T.);
#2236 = EDGE_CURVE('',#810,#2237,#2239,.T.);
#2237 = VERTEX_POINT('',#2238);
#2238 = CARTESIAN_POINT('',(-1.702485263205,-5.093035979228,9.6));
#2239 = LINE('',#2240,#2241);
#2240 = CARTESIAN_POINT('',(-1.702485263205,-5.093035979228,10.));
#2241 = VECTOR('',#2242,1.);
#2242 = DIRECTION('',(-0.,-0.,-1.));
#2243 = ORIENTED_EDGE('',*,*,#2244,.T.);
#2244 = EDGE_CURVE('',#2237,#2211,#2245,.T.);
#2245 = B_SPLINE_CURVE_WITH_KNOTS('',2,(#2246,#2247,#2248),
  .UNSPECIFIED.,.F.,.F.,(3,3),(0.,1.),.PIECEWISE_BEZIER_KNOTS.);
#2246 = CARTESIAN_POINT('',(-1.702485263205,-5.093035979228,9.6));
#2247 = CARTESIAN_POINT('',(-1.702485263205,-5.140189169139,9.6));
#2248 = CARTESIAN_POINT('',(-1.73225158368,-5.17009458457,9.6));
#2249 = ORIENTED_EDGE('',*,*,#2210,.F.);
#2250 = ORIENTED_EDGE('',*,*,#817,.F.);
#2251 = SURFACE_OF_LINEAR_EXTRUSION('',#2252,#2256);
#2252 = B_SPLINE_CURVE_WITH_KNOTS('',2,(#2253,#2254,#2255),
  .UNSPECIFIED.,.F.,.F.,(3,3),(0.,1.),.PIECEWISE_BEZIER_KNOTS.);
#2253 = CARTESIAN_POINT('',(-1.702485263205,-5.093035979228,10.));
#2254 = CARTESIAN_POINT('',(-1.702485263205,-5.140189169139,10.));
#2255 = CARTESIAN_POINT('',(-1.73225158368,-5.17009458457,10.));
#2256 = VECTOR('',#2257,1.);
#2257 = DIRECTION('',(0.,0.,1.));
#2258 = ADVANCED_FACE('',(#2259),#2277,.T.);
#2259 = FACE_BOUND('',#2260,.T.);
#2260 = EDGE_LOOP('',(#2261,#2269,#2275,#2276));
#2261 = ORIENTED_EDGE('',*,*,#2262,.T.);
#2262 = EDGE_CURVE('',#802,#2263,#2265,.T.);
#2263 = VERTEX_POINT('',#2264);
#2264 = CARTESIAN_POINT('',(-1.702485263205,-4.105044510386,9.6));
#2265 = LINE('',#2266,#2267);
#2266 = CARTESIAN_POINT('',(-1.702485263205,-4.105044510386,10.));
#2267 = VECTOR('',#2268,1.);
#2268 = DIRECTION('',(-0.,-0.,-1.));
#2269 = ORIENTED_EDGE('',*,*,#2270,.T.);
#2270 = EDGE_CURVE('',#2263,#2237,#2271,.T.);
#2271 = LINE('',#2272,#2273);
#2272 = CARTESIAN_POINT('',(-1.702485263205,-4.105044510386,9.6));
#2273 = VECTOR('',#2274,1.);
#2274 = DIRECTION('',(0.,-1.,0.));
#2275 = ORIENTED_EDGE('',*,*,#2236,.F.);
#2276 = ORIENTED_EDGE('',*,*,#809,.F.);
#2277 = PLANE('',#2278);
#2278 = AXIS2_PLACEMENT_3D('',#2279,#2280,#2281);
#2279 = CARTESIAN_POINT('',(-1.702485263205,-4.105044510386,10.));
#2280 = DIRECTION('',(-1.,0.,0.));
#2281 = DIRECTION('',(0.,-1.,0.));
#2282 = ADVANCED_FACE('',(#2283),#2301,.T.);
#2283 = FACE_BOUND('',#2284,.T.);
#2284 = EDGE_LOOP('',(#2285,#2293,#2299,#2300));
#2285 = ORIENTED_EDGE('',*,*,#2286,.T.);
#2286 = EDGE_CURVE('',#794,#2287,#2289,.T.);
#2287 = VERTEX_POINT('',#2288);
#2288 = CARTESIAN_POINT('',(-1.186721168249,-4.105044510386,9.6));
#2289 = LINE('',#2290,#2291);
#2290 = CARTESIAN_POINT('',(-1.186721168249,-4.105044510386,10.));
#2291 = VECTOR('',#2292,1.);
#2292 = DIRECTION('',(-0.,-0.,-1.));
#2293 = ORIENTED_EDGE('',*,*,#2294,.T.);
#2294 = EDGE_CURVE('',#2287,#2263,#2295,.T.);
#2295 = LINE('',#2296,#2297);
#2296 = CARTESIAN_POINT('',(-1.186721168249,-4.105044510386,9.6));
#2297 = VECTOR('',#2298,1.);
#2298 = DIRECTION('',(-1.,0.,0.));
#2299 = ORIENTED_EDGE('',*,*,#2262,.F.);
#2300 = ORIENTED_EDGE('',*,*,#801,.F.);
#2301 = PLANE('',#2302);
#2302 = AXIS2_PLACEMENT_3D('',#2303,#2304,#2305);
#2303 = CARTESIAN_POINT('',(-1.186721168249,-4.105044510386,10.));
#2304 = DIRECTION('',(0.,1.,0.));
#2305 = DIRECTION('',(-1.,0.,0.));
#2306 = ADVANCED_FACE('',(#2307),#2325,.T.);
#2307 = FACE_BOUND('',#2308,.T.);
#2308 = EDGE_LOOP('',(#2309,#2317,#2323,#2324));
#2309 = ORIENTED_EDGE('',*,*,#2310,.T.);
#2310 = EDGE_CURVE('',#786,#2311,#2313,.T.);
#2311 = VERTEX_POINT('',#2312);
#2312 = CARTESIAN_POINT('',(-0.663724135608,-5.084551186944,9.6));
#2313 = LINE('',#2314,#2315);
#2314 = CARTESIAN_POINT('',(-0.663724135608,-5.084551186944,10.));
#2315 = VECTOR('',#2316,1.);
#2316 = DIRECTION('',(-0.,-0.,-1.));
#2317 = ORIENTED_EDGE('',*,*,#2318,.T.);
#2318 = EDGE_CURVE('',#2311,#2287,#2319,.T.);
#2319 = LINE('',#2320,#2321);
#2320 = CARTESIAN_POINT('',(-0.663724135608,-5.084551186944,9.6));
#2321 = VECTOR('',#2322,1.);
#2322 = DIRECTION('',(-0.47100429513,0.88213091657,0.));
#2323 = ORIENTED_EDGE('',*,*,#2286,.F.);
#2324 = ORIENTED_EDGE('',*,*,#793,.F.);
#2325 = PLANE('',#2326);
#2326 = AXIS2_PLACEMENT_3D('',#2327,#2328,#2329);
#2327 = CARTESIAN_POINT('',(-0.663724135608,-5.084551186944,10.));
#2328 = DIRECTION('',(0.88213091657,0.47100429513,0.));
#2329 = DIRECTION('',(-0.47100429513,0.88213091657,0.));
#2330 = ADVANCED_FACE('',(#2331),#2349,.T.);
#2331 = FACE_BOUND('',#2332,.T.);
#2332 = EDGE_LOOP('',(#2333,#2341,#2347,#2348));
#2333 = ORIENTED_EDGE('',*,*,#2334,.T.);
#2334 = EDGE_CURVE('',#778,#2335,#2337,.T.);
#2335 = VERTEX_POINT('',#2336);
#2336 = CARTESIAN_POINT('',(-0.608086153412,-5.159384272997,9.6));
#2337 = LINE('',#2338,#2339);
#2338 = CARTESIAN_POINT('',(-0.608086153412,-5.159384272997,10.));
#2339 = VECTOR('',#2340,1.);
#2340 = DIRECTION('',(-0.,-0.,-1.));
#2341 = ORIENTED_EDGE('',*,*,#2342,.T.);
#2342 = EDGE_CURVE('',#2335,#2311,#2343,.T.);
#2343 = B_SPLINE_CURVE_WITH_KNOTS('',2,(#2344,#2345,#2346),
  .UNSPECIFIED.,.F.,.F.,(3,3),(0.,1.),.PIECEWISE_BEZIER_KNOTS.);
#2344 = CARTESIAN_POINT('',(-0.608086153412,-5.159384272997,9.6));
#2345 = CARTESIAN_POINT('',(-0.646615456083,-5.118768545994,9.6));
#2346 = CARTESIAN_POINT('',(-0.663724135608,-5.084551186944,9.6));
#2347 = ORIENTED_EDGE('',*,*,#2310,.F.);
#2348 = ORIENTED_EDGE('',*,*,#785,.F.);
#2349 = SURFACE_OF_LINEAR_EXTRUSION('',#2350,#2354);
#2350 = B_SPLINE_CURVE_WITH_KNOTS('',2,(#2351,#2352,#2353),
  .UNSPECIFIED.,.F.,.F.,(3,3),(0.,1.),.PIECEWISE_BEZIER_KNOTS.);
#2351 = CARTESIAN_POINT('',(-0.608086153412,-5.159384272997,10.));
#2352 = CARTESIAN_POINT('',(-0.646615456083,-5.118768545994,10.));
#2353 = CARTESIAN_POINT('',(-0.663724135608,-5.084551186944,10.));
#2354 = VECTOR('',#2355,1.);
#2355 = DIRECTION('',(0.,0.,1.));
#2356 = ADVANCED_FACE('',(#2357),#2375,.T.);
#2357 = FACE_BOUND('',#2358,.T.);
#2358 = EDGE_LOOP('',(#2359,#2367,#2373,#2374));
#2359 = ORIENTED_EDGE('',*,*,#2360,.T.);
#2360 = EDGE_CURVE('',#770,#2361,#2363,.T.);
#2361 = VERTEX_POINT('',#2362);
#2362 = CARTESIAN_POINT('',(-0.492359150445,-5.2,9.6));
#2363 = LINE('',#2364,#2365);
#2364 = CARTESIAN_POINT('',(-0.492359150445,-5.2,10.));
#2365 = VECTOR('',#2366,1.);
#2366 = DIRECTION('',(-0.,-0.,-1.));
#2367 = ORIENTED_EDGE('',*,*,#2368,.T.);
#2368 = EDGE_CURVE('',#2361,#2335,#2369,.T.);
#2369 = B_SPLINE_CURVE_WITH_KNOTS('',2,(#2370,#2371,#2372),
  .UNSPECIFIED.,.F.,.F.,(3,3),(0.,1.),.PIECEWISE_BEZIER_KNOTS.);
#2370 = CARTESIAN_POINT('',(-0.492359150445,-5.2,9.6));
#2371 = CARTESIAN_POINT('',(-0.569417755786,-5.2,9.6));
#2372 = CARTESIAN_POINT('',(-0.608086153412,-5.159384272997,9.6));
#2373 = ORIENTED_EDGE('',*,*,#2334,.F.);
#2374 = ORIENTED_EDGE('',*,*,#777,.F.);
#2375 = SURFACE_OF_LINEAR_EXTRUSION('',#2376,#2380);
#2376 = B_SPLINE_CURVE_WITH_KNOTS('',2,(#2377,#2378,#2379),
  .UNSPECIFIED.,.F.,.F.,(3,3),(0.,1.),.PIECEWISE_BEZIER_KNOTS.);
#2377 = CARTESIAN_POINT('',(-0.492359150445,-5.2,10.));
#2378 = CARTESIAN_POINT('',(-0.569417755786,-5.2,10.));
#2379 = CARTESIAN_POINT('',(-0.608086153412,-5.159384272997,10.));
#2380 = VECTOR('',#2381,1.);
#2381 = DIRECTION('',(0.,0.,1.));
#2382 = ADVANCED_FACE('',(#2383),#2401,.T.);
#2383 = FACE_BOUND('',#2384,.T.);
#2384 = EDGE_LOOP('',(#2385,#2393,#2399,#2400));
#2385 = ORIENTED_EDGE('',*,*,#2386,.T.);
#2386 = EDGE_CURVE('',#762,#2387,#2389,.T.);
#2387 = VERTEX_POINT('',#2388);
#2388 = CARTESIAN_POINT('',(-1.665440267062E-02,-5.2,9.6));
#2389 = LINE('',#2390,#2391);
#2390 = CARTESIAN_POINT('',(-1.665440267062E-02,-5.2,10.));
#2391 = VECTOR('',#2392,1.);
#2392 = DIRECTION('',(-0.,-0.,-1.));
#2393 = ORIENTED_EDGE('',*,*,#2394,.T.);
#2394 = EDGE_CURVE('',#2387,#2361,#2395,.T.);
#2395 = LINE('',#2396,#2397);
#2396 = CARTESIAN_POINT('',(-1.665440267062E-02,-5.2,9.6));
#2397 = VECTOR('',#2398,1.);
#2398 = DIRECTION('',(-1.,0.,0.));
#2399 = ORIENTED_EDGE('',*,*,#2360,.F.);
#2400 = ORIENTED_EDGE('',*,*,#769,.F.);
#2401 = PLANE('',#2402);
#2402 = AXIS2_PLACEMENT_3D('',#2403,#2404,#2405);
#2403 = CARTESIAN_POINT('',(-1.665440267062E-02,-5.2,10.));
#2404 = DIRECTION('',(0.,1.,0.));
#2405 = DIRECTION('',(-1.,0.,0.));
#2406 = ADVANCED_FACE('',(#2407),#2425,.T.);
#2407 = FACE_BOUND('',#2408,.T.);
#2408 = EDGE_LOOP('',(#2409,#2417,#2423,#2424));
#2409 = ORIENTED_EDGE('',*,*,#2410,.T.);
#2410 = EDGE_CURVE('',#754,#2411,#2413,.T.);
#2411 = VERTEX_POINT('',#2412);
#2412 = CARTESIAN_POINT('',(4.774656172107E-02,-5.172320103858,9.6));
#2413 = LINE('',#2414,#2415);
#2414 = CARTESIAN_POINT('',(4.774656172107E-02,-5.172320103858,10.));
#2415 = VECTOR('',#2416,1.);
#2416 = DIRECTION('',(-0.,-0.,-1.));
#2417 = ORIENTED_EDGE('',*,*,#2418,.T.);
#2418 = EDGE_CURVE('',#2411,#2387,#2419,.T.);
#2419 = B_SPLINE_CURVE_WITH_KNOTS('',2,(#2420,#2421,#2422),
  .UNSPECIFIED.,.F.,.F.,(3,3),(0.,1.),.PIECEWISE_BEZIER_KNOTS.);
#2420 = CARTESIAN_POINT('',(4.774656172107E-02,-5.172320103858,9.6));
#2421 = CARTESIAN_POINT('',(2.201399495549E-02,-5.2,9.6));
#2422 = CARTESIAN_POINT('',(-1.665440267062E-02,-5.2,9.6));
#2423 = ORIENTED_EDGE('',*,*,#2386,.F.);
#2424 = ORIENTED_EDGE('',*,*,#761,.F.);
#2425 = SURFACE_OF_LINEAR_EXTRUSION('',#2426,#2430);
#2426 = B_SPLINE_CURVE_WITH_KNOTS('',2,(#2427,#2428,#2429),
  .UNSPECIFIED.,.F.,.F.,(3,3),(0.,1.),.PIECEWISE_BEZIER_KNOTS.);
#2427 = CARTESIAN_POINT('',(4.774656172107E-02,-5.172320103858,10.));
#2428 = CARTESIAN_POINT('',(2.201399495549E-02,-5.2,10.));
#2429 = CARTESIAN_POINT('',(-1.665440267062E-02,-5.2,10.));
#2430 = VECTOR('',#2431,1.);
#2431 = DIRECTION('',(0.,0.,1.));
#2432 = ADVANCED_FACE('',(#2433),#2451,.T.);
#2433 = FACE_BOUND('',#2434,.T.);
#2434 = EDGE_LOOP('',(#2435,#2443,#2449,#2450));
#2435 = ORIENTED_EDGE('',*,*,#2436,.T.);
#2436 = EDGE_CURVE('',#746,#2437,#2439,.T.);
#2437 = VERTEX_POINT('',#2438);
#2438 = CARTESIAN_POINT('',(7.347912848665E-02,-5.110144658754,9.6));
#2439 = LINE('',#2440,#2441);
#2440 = CARTESIAN_POINT('',(7.347912848665E-02,-5.110144658754,10.));
#2441 = VECTOR('',#2442,1.);
#2442 = DIRECTION('',(-0.,-0.,-1.));
#2443 = ORIENTED_EDGE('',*,*,#2444,.T.);
#2444 = EDGE_CURVE('',#2437,#2411,#2445,.T.);
#2445 = B_SPLINE_CURVE_WITH_KNOTS('',2,(#2446,#2447,#2448),
  .UNSPECIFIED.,.F.,.F.,(3,3),(0.,1.),.PIECEWISE_BEZIER_KNOTS.);
#2446 = CARTESIAN_POINT('',(7.347912848665E-02,-5.110144658754,9.6));
#2447 = CARTESIAN_POINT('',(7.347912848665E-02,-5.14450111276,9.6));
#2448 = CARTESIAN_POINT('',(4.774656172107E-02,-5.172320103858,9.6));
#2449 = ORIENTED_EDGE('',*,*,#2410,.F.);
#2450 = ORIENTED_EDGE('',*,*,#753,.F.);
#2451 = SURFACE_OF_LINEAR_EXTRUSION('',#2452,#2456);
#2452 = B_SPLINE_CURVE_WITH_KNOTS('',2,(#2453,#2454,#2455),
  .UNSPECIFIED.,.F.,.F.,(3,3),(0.,1.),.PIECEWISE_BEZIER_KNOTS.);
#2453 = CARTESIAN_POINT('',(7.347912848665E-02,-5.110144658754,10.));
#2454 = CARTESIAN_POINT('',(7.347912848665E-02,-5.14450111276,10.));
#2455 = CARTESIAN_POINT('',(4.774656172107E-02,-5.172320103858,10.));
#2456 = VECTOR('',#2457,1.);
#2457 = DIRECTION('',(0.,0.,1.));
#2458 = ADVANCED_FACE('',(#2459),#2477,.T.);
#2459 = FACE_BOUND('',#2460,.T.);
#2460 = EDGE_LOOP('',(#2461,#2469,#2475,#2476));
#2461 = ORIENTED_EDGE('',*,*,#2462,.T.);
#2462 = EDGE_CURVE('',#738,#2463,#2465,.T.);
#2463 = VERTEX_POINT('',#2464);
#2464 = CARTESIAN_POINT('',(6.040420267062E-02,-5.063130563798,9.6));
#2465 = LINE('',#2466,#2467);
#2466 = CARTESIAN_POINT('',(6.040420267062E-02,-5.063130563798,10.));
#2467 = VECTOR('',#2468,1.);
#2468 = DIRECTION('',(-0.,-0.,-1.));
#2469 = ORIENTED_EDGE('',*,*,#2470,.T.);
#2470 = EDGE_CURVE('',#2463,#2437,#2471,.T.);
#2471 = B_SPLINE_CURVE_WITH_KNOTS('',2,(#2472,#2473,#2474),
  .UNSPECIFIED.,.F.,.F.,(3,3),(0.,1.),.PIECEWISE_BEZIER_KNOTS.);
#2472 = CARTESIAN_POINT('',(6.040420267062E-02,-5.063130563798,9.6));
#2473 = CARTESIAN_POINT('',(7.347912848665E-02,-5.088724035608,9.6));
#2474 = CARTESIAN_POINT('',(7.347912848665E-02,-5.110144658754,9.6));
#2475 = ORIENTED_EDGE('',*,*,#2436,.F.);
#2476 = ORIENTED_EDGE('',*,*,#745,.F.);
#2477 = SURFACE_OF_LINEAR_EXTRUSION('',#2478,#2482);
#2478 = B_SPLINE_CURVE_WITH_KNOTS('',2,(#2479,#2480,#2481),
  .UNSPECIFIED.,.F.,.F.,(3,3),(0.,1.),.PIECEWISE_BEZIER_KNOTS.);
#2479 = CARTESIAN_POINT('',(6.040420267062E-02,-5.063130563798,10.));
#2480 = CARTESIAN_POINT('',(7.347912848665E-02,-5.088724035608,10.));
#2481 = CARTESIAN_POINT('',(7.347912848665E-02,-5.110144658754,10.));
#2482 = VECTOR('',#2483,1.);
#2483 = DIRECTION('',(0.,0.,1.));
#2484 = ADVANCED_FACE('',(#2485),#2503,.T.);
#2485 = FACE_BOUND('',#2486,.T.);
#2486 = EDGE_LOOP('',(#2487,#2495,#2501,#2502));
#2487 = ORIENTED_EDGE('',*,*,#2488,.T.);
#2488 = EDGE_CURVE('',#730,#2489,#2491,.T.);
#2489 = VERTEX_POINT('',#2490);
#2490 = CARTESIAN_POINT('',(-0.546467088131,-3.99390764095,9.6));
#2491 = LINE('',#2492,#2493);
#2492 = CARTESIAN_POINT('',(-0.546467088131,-3.99390764095,10.));
#2493 = VECTOR('',#2494,1.);
#2494 = DIRECTION('',(-0.,-0.,-1.));
#2495 = ORIENTED_EDGE('',*,*,#2496,.T.);
#2496 = EDGE_CURVE('',#2489,#2463,#2497,.T.);
#2497 = LINE('',#2498,#2499);
#2498 = CARTESIAN_POINT('',(-0.546467088131,-3.99390764095,9.6));
#2499 = VECTOR('',#2500,1.);
#2500 = DIRECTION('',(0.493614770375,-0.869680664651,0.));
#2501 = ORIENTED_EDGE('',*,*,#2462,.F.);
#2502 = ORIENTED_EDGE('',*,*,#737,.F.);
#2503 = PLANE('',#2504);
#2504 = AXIS2_PLACEMENT_3D('',#2505,#2506,#2507);
#2505 = CARTESIAN_POINT('',(-0.546467088131,-3.99390764095,10.));
#2506 = DIRECTION('',(-0.869680664651,-0.493614770375,0.));
#2507 = DIRECTION('',(0.493614770375,-0.869680664651,0.));
#2508 = ADVANCED_FACE('',(#2509),#2527,.T.);
#2509 = FACE_BOUND('',#2510,.T.);
#2510 = EDGE_LOOP('',(#2511,#2519,#2525,#2526));
#2511 = ORIENTED_EDGE('',*,*,#2512,.T.);
#2512 = EDGE_CURVE('',#722,#2513,#2515,.T.);
#2513 = VERTEX_POINT('',#2514);
#2514 = CARTESIAN_POINT('',(-0.143509002077,-3.680665801187,9.6));
#2515 = LINE('',#2516,#2517);
#2516 = CARTESIAN_POINT('',(-0.143509002077,-3.680665801187,10.));
#2517 = VECTOR('',#2518,1.);
#2518 = DIRECTION('',(-0.,-0.,-1.));
#2519 = ORIENTED_EDGE('',*,*,#2520,.T.);
#2520 = EDGE_CURVE('',#2513,#2489,#2521,.T.);
#2521 = B_SPLINE_CURVE_WITH_KNOTS('',2,(#2522,#2523,#2524),
  .UNSPECIFIED.,.F.,.F.,(3,3),(0.,1.),.PIECEWISE_BEZIER_KNOTS.);
#2522 = CARTESIAN_POINT('',(-0.143509002077,-3.680665801187,9.6));
#2523 = CARTESIAN_POINT('',(-0.29359245905,-3.890977373887,9.6));
#2524 = CARTESIAN_POINT('',(-0.546467088131,-3.99390764095,9.6));
#2525 = ORIENTED_EDGE('',*,*,#2488,.F.);
#2526 = ORIENTED_EDGE('',*,*,#729,.F.);
#2527 = SURFACE_OF_LINEAR_EXTRUSION('',#2528,#2532);
#2528 = B_SPLINE_CURVE_WITH_KNOTS('',2,(#2529,#2530,#2531),
  .UNSPECIFIED.,.F.,.F.,(3,3),(0.,1.),.PIECEWISE_BEZIER_KNOTS.);
#2529 = CARTESIAN_POINT('',(-0.143509002077,-3.680665801187,10.));
#2530 = CARTESIAN_POINT('',(-0.29359245905,-3.890977373887,10.));
#2531 = CARTESIAN_POINT('',(-0.546467088131,-3.99390764095,10.));
#2532 = VECTOR('',#2533,1.);
#2533 = DIRECTION('',(0.,0.,1.));
#2534 = ADVANCED_FACE('',(#2535),#2553,.T.);
#2535 = FACE_BOUND('',#2536,.T.);
#2536 = EDGE_LOOP('',(#2537,#2545,#2551,#2552));
#2537 = ORIENTED_EDGE('',*,*,#2538,.T.);
#2538 = EDGE_CURVE('',#714,#2539,#2541,.T.);
#2539 = VERTEX_POINT('',#2540);
#2540 = CARTESIAN_POINT('',(6.71354985163E-03,-3.156973293769,9.6));
#2541 = LINE('',#2542,#2543);
#2542 = CARTESIAN_POINT('',(6.71354985163E-03,-3.156973293769,10.));
#2543 = VECTOR('',#2544,1.);
#2544 = DIRECTION('',(-0.,-0.,-1.));
#2545 = ORIENTED_EDGE('',*,*,#2546,.T.);
#2546 = EDGE_CURVE('',#2539,#2513,#2547,.T.);
#2547 = B_SPLINE_CURVE_WITH_KNOTS('',2,(#2548,#2549,#2550),
  .UNSPECIFIED.,.F.,.F.,(3,3),(0.,1.),.PIECEWISE_BEZIER_KNOTS.);
#2548 = CARTESIAN_POINT('',(6.71354985163E-03,-3.156973293769,9.6));
#2549 = CARTESIAN_POINT('',(6.71354985163E-03,-3.470215133531,9.6));
#2550 = CARTESIAN_POINT('',(-0.143509002077,-3.680665801187,9.6));
#2551 = ORIENTED_EDGE('',*,*,#2512,.F.);
#2552 = ORIENTED_EDGE('',*,*,#721,.F.);
#2553 = SURFACE_OF_LINEAR_EXTRUSION('',#2554,#2558);
#2554 = B_SPLINE_CURVE_WITH_KNOTS('',2,(#2555,#2556,#2557),
  .UNSPECIFIED.,.F.,.F.,(3,3),(0.,1.),.PIECEWISE_BEZIER_KNOTS.);
#2555 = CARTESIAN_POINT('',(6.71354985163E-03,-3.156973293769,10.));
#2556 = CARTESIAN_POINT('',(6.71354985163E-03,-3.470215133531,10.));
#2557 = CARTESIAN_POINT('',(-0.143509002077,-3.680665801187,10.));
#2558 = VECTOR('',#2559,1.);
#2559 = DIRECTION('',(0.,0.,1.));
#2560 = ADVANCED_FACE('',(#2561),#2579,.T.);
#2561 = FACE_BOUND('',#2562,.T.);
#2562 = EDGE_LOOP('',(#2563,#2571,#2577,#2578));
#2563 = ORIENTED_EDGE('',*,*,#2564,.T.);
#2564 = EDGE_CURVE('',#706,#2565,#2567,.T.);
#2565 = VERTEX_POINT('',#2566);
#2566 = CARTESIAN_POINT('',(-0.30068630178,-2.446754451039,9.6));
#2567 = LINE('',#2568,#2569);
#2568 = CARTESIAN_POINT('',(-0.30068630178,-2.446754451039,10.));
#2569 = VECTOR('',#2570,1.);
#2570 = DIRECTION('',(-0.,-0.,-1.));
#2571 = ORIENTED_EDGE('',*,*,#2572,.T.);
#2572 = EDGE_CURVE('',#2565,#2539,#2573,.T.);
#2573 = B_SPLINE_CURVE_WITH_KNOTS('',2,(#2574,#2575,#2576),
  .UNSPECIFIED.,.F.,.F.,(3,3),(0.,1.),.PIECEWISE_BEZIER_KNOTS.);
#2574 = CARTESIAN_POINT('',(-0.30068630178,-2.446754451039,9.6));
#2575 = CARTESIAN_POINT('',(6.71354985163E-03,-2.693508902077,9.6));
#2576 = CARTESIAN_POINT('',(6.71354985163E-03,-3.156973293769,9.6));
#2577 = ORIENTED_EDGE('',*,*,#2538,.F.);
#2578 = ORIENTED_EDGE('',*,*,#713,.F.);
#2579 = SURFACE_OF_LINEAR_EXTRUSION('',#2580,#2584);
#2580 = B_SPLINE_CURVE_WITH_KNOTS('',2,(#2581,#2582,#2583),
  .UNSPECIFIED.,.F.,.F.,(3,3),(0.,1.),.PIECEWISE_BEZIER_KNOTS.);
#2581 = CARTESIAN_POINT('',(-0.30068630178,-2.446754451039,10.));
#2582 = CARTESIAN_POINT('',(6.71354985163E-03,-2.693508902077,10.));
#2583 = CARTESIAN_POINT('',(6.71354985163E-03,-3.156973293769,10.));
#2584 = VECTOR('',#2585,1.);
#2585 = DIRECTION('',(0.,0.,1.));
#2586 = ADVANCED_FACE('',(#2587),#2605,.T.);
#2587 = FACE_BOUND('',#2588,.T.);
#2588 = EDGE_LOOP('',(#2589,#2597,#2603,#2604));
#2589 = ORIENTED_EDGE('',*,*,#2590,.T.);
#2590 = EDGE_CURVE('',#698,#2591,#2593,.T.);
#2591 = VERTEX_POINT('',#2592);
#2592 = CARTESIAN_POINT('',(-1.14137621276,-2.2,9.6));
#2593 = LINE('',#2594,#2595);
#2594 = CARTESIAN_POINT('',(-1.14137621276,-2.2,10.));
#2595 = VECTOR('',#2596,1.);
#2596 = DIRECTION('',(-0.,-0.,-1.));
#2597 = ORIENTED_EDGE('',*,*,#2598,.T.);
#2598 = EDGE_CURVE('',#2591,#2565,#2599,.T.);
#2599 = B_SPLINE_CURVE_WITH_KNOTS('',2,(#2600,#2601,#2602),
  .UNSPECIFIED.,.F.,.F.,(3,3),(0.,1.),.PIECEWISE_BEZIER_KNOTS.);
#2600 = CARTESIAN_POINT('',(-1.14137621276,-2.2,9.6));
#2601 = CARTESIAN_POINT('',(-0.607947058457,-2.2,9.6));
#2602 = CARTESIAN_POINT('',(-0.30068630178,-2.446754451039,9.6));
#2603 = ORIENTED_EDGE('',*,*,#2564,.F.);
#2604 = ORIENTED_EDGE('',*,*,#705,.F.);
#2605 = SURFACE_OF_LINEAR_EXTRUSION('',#2606,#2610);
#2606 = B_SPLINE_CURVE_WITH_KNOTS('',2,(#2607,#2608,#2609),
  .UNSPECIFIED.,.F.,.F.,(3,3),(0.,1.),.PIECEWISE_BEZIER_KNOTS.);
#2607 = CARTESIAN_POINT('',(-1.14137621276,-2.2,10.));
#2608 = CARTESIAN_POINT('',(-0.607947058457,-2.2,10.));
#2609 = CARTESIAN_POINT('',(-0.30068630178,-2.446754451039,10.));
#2610 = VECTOR('',#2611,1.);
#2611 = DIRECTION('',(0.,0.,1.));
#2612 = ADVANCED_FACE('',(#2613),#2631,.T.);
#2613 = FACE_BOUND('',#2614,.T.);
#2614 = EDGE_LOOP('',(#2615,#2623,#2629,#2630));
#2615 = ORIENTED_EDGE('',*,*,#2616,.T.);
#2616 = EDGE_CURVE('',#690,#2617,#2619,.T.);
#2617 = VERTEX_POINT('',#2618);
#2618 = CARTESIAN_POINT('',(-2.272357295846,-2.2,9.6));
#2619 = LINE('',#2620,#2621);
#2620 = CARTESIAN_POINT('',(-2.272357295846,-2.2,10.));
#2621 = VECTOR('',#2622,1.);
#2622 = DIRECTION('',(-0.,-0.,-1.));
#2623 = ORIENTED_EDGE('',*,*,#2624,.T.);
#2624 = EDGE_CURVE('',#2617,#2591,#2625,.T.);
#2625 = LINE('',#2626,#2627);
#2626 = CARTESIAN_POINT('',(-2.272357295846,-2.2,9.6));
#2627 = VECTOR('',#2628,1.);
#2628 = DIRECTION('',(1.,0.,0.));
#2629 = ORIENTED_EDGE('',*,*,#2590,.F.);
#2630 = ORIENTED_EDGE('',*,*,#697,.F.);
#2631 = PLANE('',#2632);
#2632 = AXIS2_PLACEMENT_3D('',#2633,#2634,#2635);
#2633 = CARTESIAN_POINT('',(-2.272357295846,-2.2,10.));
#2634 = DIRECTION('',(0.,-1.,0.));
#2635 = DIRECTION('',(1.,0.,0.));
#2636 = ADVANCED_FACE('',(#2637),#2655,.T.);
#2637 = FACE_BOUND('',#2638,.T.);
#2638 = EDGE_LOOP('',(#2639,#2647,#2653,#2654));
#2639 = ORIENTED_EDGE('',*,*,#2640,.T.);
#2640 = EDGE_CURVE('',#682,#2641,#2643,.T.);
#2641 = VERTEX_POINT('',#2642);
#2642 = CARTESIAN_POINT('',(-2.349276806231,-2.230044510386,9.6));
#2643 = LINE('',#2644,#2645);
#2644 = CARTESIAN_POINT('',(-2.349276806231,-2.230044510386,10.));
#2645 = VECTOR('',#2646,1.);
#2646 = DIRECTION('',(-0.,-0.,-1.));
#2647 = ORIENTED_EDGE('',*,*,#2648,.T.);
#2648 = EDGE_CURVE('',#2641,#2617,#2649,.T.);
#2649 = B_SPLINE_CURVE_WITH_KNOTS('',2,(#2650,#2651,#2652),
  .UNSPECIFIED.,.F.,.F.,(3,3),(0.,1.),.PIECEWISE_BEZIER_KNOTS.);
#2650 = CARTESIAN_POINT('',(-2.349276806231,-2.230044510386,9.6));
#2651 = CARTESIAN_POINT('',(-2.319371390801,-2.2,9.6));
#2652 = CARTESIAN_POINT('',(-2.272357295846,-2.2,9.6));
#2653 = ORIENTED_EDGE('',*,*,#2616,.F.);
#2654 = ORIENTED_EDGE('',*,*,#689,.F.);
#2655 = SURFACE_OF_LINEAR_EXTRUSION('',#2656,#2660);
#2656 = B_SPLINE_CURVE_WITH_KNOTS('',2,(#2657,#2658,#2659),
  .UNSPECIFIED.,.F.,.F.,(3,3),(0.,1.),.PIECEWISE_BEZIER_KNOTS.);
#2657 = CARTESIAN_POINT('',(-2.349276806231,-2.230044510386,10.));
#2658 = CARTESIAN_POINT('',(-2.319371390801,-2.2,10.));
#2659 = CARTESIAN_POINT('',(-2.272357295846,-2.2,10.));
#2660 = VECTOR('',#2661,1.);
#2661 = DIRECTION('',(0.,0.,1.));
#2662 = ADVANCED_FACE('',(#2663),#2681,.T.);
#2663 = FACE_BOUND('',#2664,.T.);
#2664 = EDGE_LOOP('',(#2665,#2673,#2679,#2680));
#2665 = ORIENTED_EDGE('',*,*,#2666,.T.);
#2666 = EDGE_CURVE('',#674,#2667,#2669,.T.);
#2667 = VERTEX_POINT('',#2668);
#2668 = CARTESIAN_POINT('',(-2.379043126706,-2.307103115727,9.6));
#2669 = LINE('',#2670,#2671);
#2670 = CARTESIAN_POINT('',(-2.379043126706,-2.307103115727,10.));
#2671 = VECTOR('',#2672,1.);
#2672 = DIRECTION('',(-0.,-0.,-1.));
#2673 = ORIENTED_EDGE('',*,*,#2674,.T.);
#2674 = EDGE_CURVE('',#2667,#2641,#2675,.T.);
#2675 = B_SPLINE_CURVE_WITH_KNOTS('',2,(#2676,#2677,#2678),
  .UNSPECIFIED.,.F.,.F.,(3,3),(0.,1.),.PIECEWISE_BEZIER_KNOTS.);
#2676 = CARTESIAN_POINT('',(-2.379043126706,-2.307103115727,9.6));
#2677 = CARTESIAN_POINT('',(-2.379043126706,-2.259949925816,9.6));
#2678 = CARTESIAN_POINT('',(-2.349276806231,-2.230044510386,9.6));
#2679 = ORIENTED_EDGE('',*,*,#2640,.F.);
#2680 = ORIENTED_EDGE('',*,*,#681,.F.);
#2681 = SURFACE_OF_LINEAR_EXTRUSION('',#2682,#2686);
#2682 = B_SPLINE_CURVE_WITH_KNOTS('',2,(#2683,#2684,#2685),
  .UNSPECIFIED.,.F.,.F.,(3,3),(0.,1.),.PIECEWISE_BEZIER_KNOTS.);
#2683 = CARTESIAN_POINT('',(-2.379043126706,-2.307103115727,10.));
#2684 = CARTESIAN_POINT('',(-2.379043126706,-2.259949925816,10.));
#2685 = CARTESIAN_POINT('',(-2.349276806231,-2.230044510386,10.));
#2686 = VECTOR('',#2687,1.);
#2687 = DIRECTION('',(0.,0.,1.));
#2688 = ADVANCED_FACE('',(#2689),#2707,.T.);
#2689 = FACE_BOUND('',#2690,.T.);
#2690 = EDGE_LOOP('',(#2691,#2699,#2705,#2706));
#2691 = ORIENTED_EDGE('',*,*,#2692,.T.);
#2692 = EDGE_CURVE('',#666,#2693,#2695,.T.);
#2693 = VERTEX_POINT('',#2694);
#2694 = CARTESIAN_POINT('',(-2.379043126706,-5.092757789318,9.6));
#2695 = LINE('',#2696,#2697);
#2696 = CARTESIAN_POINT('',(-2.379043126706,-5.092757789318,10.));
#2697 = VECTOR('',#2698,1.);
#2698 = DIRECTION('',(-0.,-0.,-1.));
#2699 = ORIENTED_EDGE('',*,*,#2700,.T.);
#2700 = EDGE_CURVE('',#2693,#2667,#2701,.T.);
#2701 = LINE('',#2702,#2703);
#2702 = CARTESIAN_POINT('',(-2.379043126706,-5.092757789318,9.6));
#2703 = VECTOR('',#2704,1.);
#2704 = DIRECTION('',(0.,1.,0.));
#2705 = ORIENTED_EDGE('',*,*,#2666,.F.);
#2706 = ORIENTED_EDGE('',*,*,#673,.F.);
#2707 = PLANE('',#2708);
#2708 = AXIS2_PLACEMENT_3D('',#2709,#2710,#2711);
#2709 = CARTESIAN_POINT('',(-2.379043126706,-5.092757789318,10.));
#2710 = DIRECTION('',(1.,0.,0.));
#2711 = DIRECTION('',(-0.,1.,0.));
#2712 = ADVANCED_FACE('',(#2713),#2731,.T.);
#2713 = FACE_BOUND('',#2714,.T.);
#2714 = EDGE_LOOP('',(#2715,#2723,#2729,#2730));
#2715 = ORIENTED_EDGE('',*,*,#2716,.T.);
#2716 = EDGE_CURVE('',#658,#2717,#2719,.T.);
#2717 = VERTEX_POINT('',#2718);
#2718 = CARTESIAN_POINT('',(-2.349276806231,-5.17009458457,9.6));
#2719 = LINE('',#2720,#2721);
#2720 = CARTESIAN_POINT('',(-2.349276806231,-5.17009458457,10.));
#2721 = VECTOR('',#2722,1.);
#2722 = DIRECTION('',(-0.,-0.,-1.));
#2723 = ORIENTED_EDGE('',*,*,#2724,.T.);
#2724 = EDGE_CURVE('',#2717,#2693,#2725,.T.);
#2725 = B_SPLINE_CURVE_WITH_KNOTS('',2,(#2726,#2727,#2728),
  .UNSPECIFIED.,.F.,.F.,(3,3),(0.,1.),.PIECEWISE_BEZIER_KNOTS.);
#2726 = CARTESIAN_POINT('',(-2.349276806231,-5.17009458457,9.6));
#2727 = CARTESIAN_POINT('',(-2.379043126706,-5.140050074184,9.6));
#2728 = CARTESIAN_POINT('',(-2.379043126706,-5.092757789318,9.6));
#2729 = ORIENTED_EDGE('',*,*,#2692,.F.);
#2730 = ORIENTED_EDGE('',*,*,#665,.F.);
#2731 = SURFACE_OF_LINEAR_EXTRUSION('',#2732,#2736);
#2732 = B_SPLINE_CURVE_WITH_KNOTS('',2,(#2733,#2734,#2735),
  .UNSPECIFIED.,.F.,.F.,(3,3),(0.,1.),.PIECEWISE_BEZIER_KNOTS.);
#2733 = CARTESIAN_POINT('',(-2.349276806231,-5.17009458457,10.));
#2734 = CARTESIAN_POINT('',(-2.379043126706,-5.140050074184,10.));
#2735 = CARTESIAN_POINT('',(-2.379043126706,-5.092757789318,10.));
#2736 = VECTOR('',#2737,1.);
#2737 = DIRECTION('',(0.,0.,1.));
#2738 = ADVANCED_FACE('',(#2739),#2750,.T.);
#2739 = FACE_BOUND('',#2740,.T.);
#2740 = EDGE_LOOP('',(#2741,#2742,#2748,#2749));
#2741 = ORIENTED_EDGE('',*,*,#2195,.T.);
#2742 = ORIENTED_EDGE('',*,*,#2743,.T.);
#2743 = EDGE_CURVE('',#2188,#2717,#2744,.T.);
#2744 = B_SPLINE_CURVE_WITH_KNOTS('',2,(#2745,#2746,#2747),
  .UNSPECIFIED.,.F.,.F.,(3,3),(0.,1.),.PIECEWISE_BEZIER_KNOTS.);
#2745 = CARTESIAN_POINT('',(-2.272635485757,-5.2,9.6));
#2746 = CARTESIAN_POINT('',(-2.319510485757,-5.2,9.6));
#2747 = CARTESIAN_POINT('',(-2.349276806231,-5.17009458457,9.6));
#2748 = ORIENTED_EDGE('',*,*,#2716,.F.);
#2749 = ORIENTED_EDGE('',*,*,#657,.F.);
#2750 = SURFACE_OF_LINEAR_EXTRUSION('',#2751,#2755);
#2751 = B_SPLINE_CURVE_WITH_KNOTS('',2,(#2752,#2753,#2754),
  .UNSPECIFIED.,.F.,.F.,(3,3),(0.,1.),.PIECEWISE_BEZIER_KNOTS.);
#2752 = CARTESIAN_POINT('',(-2.272635485757,-5.2,10.));
#2753 = CARTESIAN_POINT('',(-2.319510485757,-5.2,10.));
#2754 = CARTESIAN_POINT('',(-2.349276806231,-5.17009458457,10.));
#2755 = VECTOR('',#2756,1.);
#2756 = DIRECTION('',(0.,0.,1.));
#2757 = ADVANCED_FACE('',(#2758),#2783,.T.);
#2758 = FACE_BOUND('',#2759,.T.);
#2759 = EDGE_LOOP('',(#2760,#2768,#2776,#2782));
#2760 = ORIENTED_EDGE('',*,*,#2761,.T.);
#2761 = EDGE_CURVE('',#834,#2762,#2764,.T.);
#2762 = VERTEX_POINT('',#2763);
#2763 = CARTESIAN_POINT('',(0.965773267953,-5.2,9.6));
#2764 = LINE('',#2765,#2766);
#2765 = CARTESIAN_POINT('',(0.965773267953,-5.2,10.));
#2766 = VECTOR('',#2767,1.);
#2767 = DIRECTION('',(-0.,-0.,-1.));
#2768 = ORIENTED_EDGE('',*,*,#2769,.T.);
#2769 = EDGE_CURVE('',#2762,#2770,#2772,.T.);
#2770 = VERTEX_POINT('',#2771);
#2771 = CARTESIAN_POINT('',(0.537082615134,-5.2,9.6));
#2772 = LINE('',#2773,#2774);
#2773 = CARTESIAN_POINT('',(0.965773267953,-5.2,9.6));
#2774 = VECTOR('',#2775,1.);
#2775 = DIRECTION('',(-1.,0.,0.));
#2776 = ORIENTED_EDGE('',*,*,#2777,.F.);
#2777 = EDGE_CURVE('',#836,#2770,#2778,.T.);
#2778 = LINE('',#2779,#2780);
#2779 = CARTESIAN_POINT('',(0.537082615134,-5.2,10.));
#2780 = VECTOR('',#2781,1.);
#2781 = DIRECTION('',(-0.,-0.,-1.));
#2782 = ORIENTED_EDGE('',*,*,#833,.F.);
#2783 = PLANE('',#2784);
#2784 = AXIS2_PLACEMENT_3D('',#2785,#2786,#2787);
#2785 = CARTESIAN_POINT('',(0.965773267953,-5.2,10.));
#2786 = DIRECTION('',(0.,1.,0.));
#2787 = DIRECTION('',(-1.,0.,0.));
#2788 = ADVANCED_FACE('',(#2789),#2807,.T.);
#2789 = FACE_BOUND('',#2790,.T.);
#2790 = EDGE_LOOP('',(#2791,#2799,#2805,#2806));
#2791 = ORIENTED_EDGE('',*,*,#2792,.T.);
#2792 = EDGE_CURVE('',#1028,#2793,#2795,.T.);
#2793 = VERTEX_POINT('',#2794);
#2794 = CARTESIAN_POINT('',(1.042136398516,-5.17009458457,9.6));
#2795 = LINE('',#2796,#2797);
#2796 = CARTESIAN_POINT('',(1.042136398516,-5.17009458457,10.));
#2797 = VECTOR('',#2798,1.);
#2798 = DIRECTION('',(-0.,-0.,-1.));
#2799 = ORIENTED_EDGE('',*,*,#2800,.T.);
#2800 = EDGE_CURVE('',#2793,#2762,#2801,.T.);
#2801 = B_SPLINE_CURVE_WITH_KNOTS('',2,(#2802,#2803,#2804),
  .UNSPECIFIED.,.F.,.F.,(3,3),(0.,1.),.PIECEWISE_BEZIER_KNOTS.);
#2802 = CARTESIAN_POINT('',(1.042136398516,-5.17009458457,9.6));
#2803 = CARTESIAN_POINT('',(1.012509172997,-5.2,9.6));
#2804 = CARTESIAN_POINT('',(0.965773267953,-5.2,9.6));
#2805 = ORIENTED_EDGE('',*,*,#2761,.F.);
#2806 = ORIENTED_EDGE('',*,*,#1035,.F.);
#2807 = SURFACE_OF_LINEAR_EXTRUSION('',#2808,#2812);
#2808 = B_SPLINE_CURVE_WITH_KNOTS('',2,(#2809,#2810,#2811),
  .UNSPECIFIED.,.F.,.F.,(3,3),(0.,1.),.PIECEWISE_BEZIER_KNOTS.);
#2809 = CARTESIAN_POINT('',(1.042136398516,-5.17009458457,10.));
#2810 = CARTESIAN_POINT('',(1.012509172997,-5.2,10.));
#2811 = CARTESIAN_POINT('',(0.965773267953,-5.2,10.));
#2812 = VECTOR('',#2813,1.);
#2813 = DIRECTION('',(0.,0.,1.));
#2814 = ADVANCED_FACE('',(#2815),#2833,.T.);
#2815 = FACE_BOUND('',#2816,.T.);
#2816 = EDGE_LOOP('',(#2817,#2825,#2831,#2832));
#2817 = ORIENTED_EDGE('',*,*,#2818,.T.);
#2818 = EDGE_CURVE('',#1020,#2819,#2821,.T.);
#2819 = VERTEX_POINT('',#2820);
#2820 = CARTESIAN_POINT('',(1.071902718991,-5.092896884273,9.6));
#2821 = LINE('',#2822,#2823);
#2822 = CARTESIAN_POINT('',(1.071902718991,-5.092896884273,10.));
#2823 = VECTOR('',#2824,1.);
#2824 = DIRECTION('',(-0.,-0.,-1.));
#2825 = ORIENTED_EDGE('',*,*,#2826,.T.);
#2826 = EDGE_CURVE('',#2819,#2793,#2827,.T.);
#2827 = B_SPLINE_CURVE_WITH_KNOTS('',2,(#2828,#2829,#2830),
  .UNSPECIFIED.,.F.,.F.,(3,3),(0.,1.),.PIECEWISE_BEZIER_KNOTS.);
#2828 = CARTESIAN_POINT('',(1.071902718991,-5.092896884273,9.6));
#2829 = CARTESIAN_POINT('',(1.071902718991,-5.140050074184,9.6));
#2830 = CARTESIAN_POINT('',(1.042136398516,-5.17009458457,9.6));
#2831 = ORIENTED_EDGE('',*,*,#2792,.F.);
#2832 = ORIENTED_EDGE('',*,*,#1027,.F.);
#2833 = SURFACE_OF_LINEAR_EXTRUSION('',#2834,#2838);
#2834 = B_SPLINE_CURVE_WITH_KNOTS('',2,(#2835,#2836,#2837),
  .UNSPECIFIED.,.F.,.F.,(3,3),(0.,1.),.PIECEWISE_BEZIER_KNOTS.);
#2835 = CARTESIAN_POINT('',(1.071902718991,-5.092896884273,10.));
#2836 = CARTESIAN_POINT('',(1.071902718991,-5.140050074184,10.));
#2837 = CARTESIAN_POINT('',(1.042136398516,-5.17009458457,10.));
#2838 = VECTOR('',#2839,1.);
#2839 = DIRECTION('',(0.,0.,1.));
#2840 = ADVANCED_FACE('',(#2841),#2859,.T.);
#2841 = FACE_BOUND('',#2842,.T.);
#2842 = EDGE_LOOP('',(#2843,#2851,#2857,#2858));
#2843 = ORIENTED_EDGE('',*,*,#2844,.T.);
#2844 = EDGE_CURVE('',#1012,#2845,#2847,.T.);
#2845 = VERTEX_POINT('',#2846);
#2846 = CARTESIAN_POINT('',(1.071902718991,-3.391487388724,9.6));
#2847 = LINE('',#2848,#2849);
#2848 = CARTESIAN_POINT('',(1.071902718991,-3.391487388724,10.));
#2849 = VECTOR('',#2850,1.);
#2850 = DIRECTION('',(-0.,-0.,-1.));
#2851 = ORIENTED_EDGE('',*,*,#2852,.T.);
#2852 = EDGE_CURVE('',#2845,#2819,#2853,.T.);
#2853 = LINE('',#2854,#2855);
#2854 = CARTESIAN_POINT('',(1.071902718991,-3.391487388724,9.6));
#2855 = VECTOR('',#2856,1.);
#2856 = DIRECTION('',(0.,-1.,0.));
#2857 = ORIENTED_EDGE('',*,*,#2818,.F.);
#2858 = ORIENTED_EDGE('',*,*,#1019,.F.);
#2859 = PLANE('',#2860);
#2860 = AXIS2_PLACEMENT_3D('',#2861,#2862,#2863);
#2861 = CARTESIAN_POINT('',(1.071902718991,-3.391487388724,10.));
#2862 = DIRECTION('',(-1.,0.,0.));
#2863 = DIRECTION('',(0.,-1.,0.));
#2864 = ADVANCED_FACE('',(#2865),#2883,.T.);
#2865 = FACE_BOUND('',#2866,.T.);
#2866 = EDGE_LOOP('',(#2867,#2875,#2881,#2882));
#2867 = ORIENTED_EDGE('',*,*,#2868,.T.);
#2868 = EDGE_CURVE('',#1004,#2869,#2871,.T.);
#2869 = VERTEX_POINT('',#2870);
#2870 = CARTESIAN_POINT('',(2.210255834718,-5.122941394659,9.6));
#2871 = LINE('',#2872,#2873);
#2872 = CARTESIAN_POINT('',(2.210255834718,-5.122941394659,10.));
#2873 = VECTOR('',#2874,1.);
#2874 = DIRECTION('',(-0.,-0.,-1.));
#2875 = ORIENTED_EDGE('',*,*,#2876,.T.);
#2876 = EDGE_CURVE('',#2869,#2845,#2877,.T.);
#2877 = LINE('',#2878,#2879);
#2878 = CARTESIAN_POINT('',(2.210255834718,-5.122941394659,9.6));
#2879 = VECTOR('',#2880,1.);
#2880 = DIRECTION('',(-0.549360040237,0.835585750351,0.));
#2881 = ORIENTED_EDGE('',*,*,#2844,.F.);
#2882 = ORIENTED_EDGE('',*,*,#1011,.F.);
#2883 = PLANE('',#2884);
#2884 = AXIS2_PLACEMENT_3D('',#2885,#2886,#2887);
#2885 = CARTESIAN_POINT('',(2.210255834718,-5.122941394659,10.));
#2886 = DIRECTION('',(0.835585750351,0.549360040237,0.));
#2887 = DIRECTION('',(-0.549360040237,0.835585750351,0.));
#2888 = ADVANCED_FACE('',(#2889),#2907,.T.);
#2889 = FACE_BOUND('',#2890,.T.);
#2890 = EDGE_LOOP('',(#2891,#2899,#2905,#2906));
#2891 = ORIENTED_EDGE('',*,*,#2892,.T.);
#2892 = EDGE_CURVE('',#996,#2893,#2895,.T.);
#2893 = VERTEX_POINT('',#2894);
#2894 = CARTESIAN_POINT('',(2.250732466766,-5.167869065282,9.6));
#2895 = LINE('',#2896,#2897);
#2896 = CARTESIAN_POINT('',(2.250732466766,-5.167869065282,10.));
#2897 = VECTOR('',#2898,1.);
#2898 = DIRECTION('',(-0.,-0.,-1.));
#2899 = ORIENTED_EDGE('',*,*,#2900,.T.);
#2900 = EDGE_CURVE('',#2893,#2869,#2901,.T.);
#2901 = B_SPLINE_CURVE_WITH_KNOTS('',2,(#2902,#2903,#2904),
  .UNSPECIFIED.,.F.,.F.,(3,3),(0.,1.),.PIECEWISE_BEZIER_KNOTS.);
#2902 = CARTESIAN_POINT('',(2.250732466766,-5.167869065282,9.6));
#2903 = CARTESIAN_POINT('',(2.223052570623,-5.135738130564,9.6));
#2904 = CARTESIAN_POINT('',(2.210255834718,-5.122941394659,9.6));
#2905 = ORIENTED_EDGE('',*,*,#2868,.F.);
#2906 = ORIENTED_EDGE('',*,*,#1003,.F.);
#2907 = SURFACE_OF_LINEAR_EXTRUSION('',#2908,#2912);
#2908 = B_SPLINE_CURVE_WITH_KNOTS('',2,(#2909,#2910,#2911),
  .UNSPECIFIED.,.F.,.F.,(3,3),(0.,1.),.PIECEWISE_BEZIER_KNOTS.);
#2909 = CARTESIAN_POINT('',(2.250732466766,-5.167869065282,10.));
#2910 = CARTESIAN_POINT('',(2.223052570623,-5.135738130564,10.));
#2911 = CARTESIAN_POINT('',(2.210255834718,-5.122941394659,10.));
#2912 = VECTOR('',#2913,1.);
#2913 = DIRECTION('',(0.,0.,1.));
#2914 = ADVANCED_FACE('',(#2915),#2933,.T.);
#2915 = FACE_BOUND('',#2916,.T.);
#2916 = EDGE_LOOP('',(#2917,#2925,#2931,#2932));
#2917 = ORIENTED_EDGE('',*,*,#2918,.T.);
#2918 = EDGE_CURVE('',#988,#2919,#2921,.T.);
#2919 = VERTEX_POINT('',#2920);
#2920 = CARTESIAN_POINT('',(2.3428133273,-5.2,9.6));
#2921 = LINE('',#2922,#2923);
#2922 = CARTESIAN_POINT('',(2.3428133273,-5.2,10.));
#2923 = VECTOR('',#2924,1.);
#2924 = DIRECTION('',(-0.,-0.,-1.));
#2925 = ORIENTED_EDGE('',*,*,#2926,.T.);
#2926 = EDGE_CURVE('',#2919,#2893,#2927,.T.);
#2927 = B_SPLINE_CURVE_WITH_KNOTS('',2,(#2928,#2929,#2930),
  .UNSPECIFIED.,.F.,.F.,(3,3),(0.,1.),.PIECEWISE_BEZIER_KNOTS.);
#2928 = CARTESIAN_POINT('',(2.3428133273,-5.2,9.6));
#2929 = CARTESIAN_POINT('',(2.278551457863,-5.2,9.6));
#2930 = CARTESIAN_POINT('',(2.250732466766,-5.167869065282,9.6));
#2931 = ORIENTED_EDGE('',*,*,#2892,.F.);
#2932 = ORIENTED_EDGE('',*,*,#995,.F.);
#2933 = SURFACE_OF_LINEAR_EXTRUSION('',#2934,#2938);
#2934 = B_SPLINE_CURVE_WITH_KNOTS('',2,(#2935,#2936,#2937),
  .UNSPECIFIED.,.F.,.F.,(3,3),(0.,1.),.PIECEWISE_BEZIER_KNOTS.);
#2935 = CARTESIAN_POINT('',(2.3428133273,-5.2,10.));
#2936 = CARTESIAN_POINT('',(2.278551457863,-5.2,10.));
#2937 = CARTESIAN_POINT('',(2.250732466766,-5.167869065282,10.));
#2938 = VECTOR('',#2939,1.);
#2939 = DIRECTION('',(0.,0.,1.));
#2940 = ADVANCED_FACE('',(#2941),#2959,.T.);
#2941 = FACE_BOUND('',#2942,.T.);
#2942 = EDGE_LOOP('',(#2943,#2951,#2957,#2958));
#2943 = ORIENTED_EDGE('',*,*,#2944,.T.);
#2944 = EDGE_CURVE('',#980,#2945,#2947,.T.);
#2945 = VERTEX_POINT('',#2946);
#2946 = CARTESIAN_POINT('',(2.736452051335,-5.2,9.6));
#2947 = LINE('',#2948,#2949);
#2948 = CARTESIAN_POINT('',(2.736452051335,-5.2,10.));
#2949 = VECTOR('',#2950,1.);
#2950 = DIRECTION('',(-0.,-0.,-1.));
#2951 = ORIENTED_EDGE('',*,*,#2952,.T.);
#2952 = EDGE_CURVE('',#2945,#2919,#2953,.T.);
#2953 = LINE('',#2954,#2955);
#2954 = CARTESIAN_POINT('',(2.736452051335,-5.2,9.6));
#2955 = VECTOR('',#2956,1.);
#2956 = DIRECTION('',(-1.,0.,0.));
#2957 = ORIENTED_EDGE('',*,*,#2918,.F.);
#2958 = ORIENTED_EDGE('',*,*,#987,.F.);
#2959 = PLANE('',#2960);
#2960 = AXIS2_PLACEMENT_3D('',#2961,#2962,#2963);
#2961 = CARTESIAN_POINT('',(2.736452051335,-5.2,10.));
#2962 = DIRECTION('',(0.,1.,0.));
#2963 = DIRECTION('',(-1.,0.,0.));
#2964 = ADVANCED_FACE('',(#2965),#2983,.T.);
#2965 = FACE_BOUND('',#2966,.T.);
#2966 = EDGE_LOOP('',(#2967,#2975,#2981,#2982));
#2967 = ORIENTED_EDGE('',*,*,#2968,.T.);
#2968 = EDGE_CURVE('',#972,#2969,#2971,.T.);
#2969 = VERTEX_POINT('',#2970);
#2970 = CARTESIAN_POINT('',(2.813371561721,-5.167869065282,9.6));
#2971 = LINE('',#2972,#2973);
#2972 = CARTESIAN_POINT('',(2.813371561721,-5.167869065282,10.));
#2973 = VECTOR('',#2974,1.);
#2974 = DIRECTION('',(-0.,-0.,-1.));
#2975 = ORIENTED_EDGE('',*,*,#2976,.T.);
#2976 = EDGE_CURVE('',#2969,#2945,#2977,.T.);
#2977 = B_SPLINE_CURVE_WITH_KNOTS('',2,(#2978,#2979,#2980),
  .UNSPECIFIED.,.F.,.F.,(3,3),(0.,1.),.PIECEWISE_BEZIER_KNOTS.);
#2978 = CARTESIAN_POINT('',(2.813371561721,-5.167869065282,9.6));
#2979 = CARTESIAN_POINT('',(2.783466146291,-5.2,9.6));
#2980 = CARTESIAN_POINT('',(2.736452051335,-5.2,9.6));
#2981 = ORIENTED_EDGE('',*,*,#2944,.F.);
#2982 = ORIENTED_EDGE('',*,*,#979,.F.);
#2983 = SURFACE_OF_LINEAR_EXTRUSION('',#2984,#2988);
#2984 = B_SPLINE_CURVE_WITH_KNOTS('',2,(#2985,#2986,#2987),
  .UNSPECIFIED.,.F.,.F.,(3,3),(0.,1.),.PIECEWISE_BEZIER_KNOTS.);
#2985 = CARTESIAN_POINT('',(2.813371561721,-5.167869065282,10.));
#2986 = CARTESIAN_POINT('',(2.783466146291,-5.2,10.));
#2987 = CARTESIAN_POINT('',(2.736452051335,-5.2,10.));
#2988 = VECTOR('',#2989,1.);
#2989 = DIRECTION('',(0.,0.,1.));
#2990 = ADVANCED_FACE('',(#2991),#3009,.T.);
#2991 = FACE_BOUND('',#2992,.T.);
#2992 = EDGE_LOOP('',(#2993,#3001,#3007,#3008));
#2993 = ORIENTED_EDGE('',*,*,#2994,.T.);
#2994 = EDGE_CURVE('',#964,#2995,#2997,.T.);
#2995 = VERTEX_POINT('',#2996);
#2996 = CARTESIAN_POINT('',(2.843416072107,-5.092757789318,9.6));
#2997 = LINE('',#2998,#2999);
#2998 = CARTESIAN_POINT('',(2.843416072107,-5.092757789318,10.));
#2999 = VECTOR('',#3000,1.);
#3000 = DIRECTION('',(-0.,-0.,-1.));
#3001 = ORIENTED_EDGE('',*,*,#3002,.T.);
#3002 = EDGE_CURVE('',#2995,#2969,#3003,.T.);
#3003 = B_SPLINE_CURVE_WITH_KNOTS('',2,(#3004,#3005,#3006),
  .UNSPECIFIED.,.F.,.F.,(3,3),(0.,1.),.PIECEWISE_BEZIER_KNOTS.);
#3004 = CARTESIAN_POINT('',(2.843416072107,-5.092757789318,9.6));
#3005 = CARTESIAN_POINT('',(2.843416072107,-5.135738130564,9.6));
#3006 = CARTESIAN_POINT('',(2.813371561721,-5.167869065282,9.6));
#3007 = ORIENTED_EDGE('',*,*,#2968,.F.);
#3008 = ORIENTED_EDGE('',*,*,#971,.F.);
#3009 = SURFACE_OF_LINEAR_EXTRUSION('',#3010,#3014);
#3010 = B_SPLINE_CURVE_WITH_KNOTS('',2,(#3011,#3012,#3013),
  .UNSPECIFIED.,.F.,.F.,(3,3),(0.,1.),.PIECEWISE_BEZIER_KNOTS.);
#3011 = CARTESIAN_POINT('',(2.843416072107,-5.092757789318,10.));
#3012 = CARTESIAN_POINT('',(2.843416072107,-5.135738130564,10.));
#3013 = CARTESIAN_POINT('',(2.813371561721,-5.167869065282,10.));
#3014 = VECTOR('',#3015,1.);
#3015 = DIRECTION('',(0.,0.,1.));
#3016 = ADVANCED_FACE('',(#3017),#3035,.T.);
#3017 = FACE_BOUND('',#3018,.T.);
#3018 = EDGE_LOOP('',(#3019,#3027,#3033,#3034));
#3019 = ORIENTED_EDGE('',*,*,#3020,.T.);
#3020 = EDGE_CURVE('',#956,#3021,#3023,.T.);
#3021 = VERTEX_POINT('',#3022);
#3022 = CARTESIAN_POINT('',(2.843416072107,-2.307103115727,9.6));
#3023 = LINE('',#3024,#3025);
#3024 = CARTESIAN_POINT('',(2.843416072107,-2.307103115727,10.));
#3025 = VECTOR('',#3026,1.);
#3026 = DIRECTION('',(-0.,-0.,-1.));
#3027 = ORIENTED_EDGE('',*,*,#3028,.T.);
#3028 = EDGE_CURVE('',#3021,#2995,#3029,.T.);
#3029 = LINE('',#3030,#3031);
#3030 = CARTESIAN_POINT('',(2.843416072107,-2.307103115727,9.6));
#3031 = VECTOR('',#3032,1.);
#3032 = DIRECTION('',(0.,-1.,0.));
#3033 = ORIENTED_EDGE('',*,*,#2994,.F.);
#3034 = ORIENTED_EDGE('',*,*,#963,.F.);
#3035 = PLANE('',#3036);
#3036 = AXIS2_PLACEMENT_3D('',#3037,#3038,#3039);
#3037 = CARTESIAN_POINT('',(2.843416072107,-2.307103115727,10.));
#3038 = DIRECTION('',(-1.,0.,0.));
#3039 = DIRECTION('',(0.,-1.,0.));
#3040 = ADVANCED_FACE('',(#3041),#3059,.T.);
#3041 = FACE_BOUND('',#3042,.T.);
#3042 = EDGE_LOOP('',(#3043,#3051,#3057,#3058));
#3043 = ORIENTED_EDGE('',*,*,#3044,.T.);
#3044 = EDGE_CURVE('',#948,#3045,#3047,.T.);
#3045 = VERTEX_POINT('',#3046);
#3046 = CARTESIAN_POINT('',(2.813649751632,-2.230044510386,9.6));
#3047 = LINE('',#3048,#3049);
#3048 = CARTESIAN_POINT('',(2.813649751632,-2.230044510386,10.));
#3049 = VECTOR('',#3050,1.);
#3050 = DIRECTION('',(-0.,-0.,-1.));
#3051 = ORIENTED_EDGE('',*,*,#3052,.T.);
#3052 = EDGE_CURVE('',#3045,#3021,#3053,.T.);
#3053 = B_SPLINE_CURVE_WITH_KNOTS('',2,(#3054,#3055,#3056),
  .UNSPECIFIED.,.F.,.F.,(3,3),(0.,1.),.PIECEWISE_BEZIER_KNOTS.);
#3054 = CARTESIAN_POINT('',(2.813649751632,-2.230044510386,9.6));
#3055 = CARTESIAN_POINT('',(2.843416072107,-2.259949925816,9.6));
#3056 = CARTESIAN_POINT('',(2.843416072107,-2.307103115727,9.6));
#3057 = ORIENTED_EDGE('',*,*,#3020,.F.);
#3058 = ORIENTED_EDGE('',*,*,#955,.F.);
#3059 = SURFACE_OF_LINEAR_EXTRUSION('',#3060,#3064);
#3060 = B_SPLINE_CURVE_WITH_KNOTS('',2,(#3061,#3062,#3063),
  .UNSPECIFIED.,.F.,.F.,(3,3),(0.,1.),.PIECEWISE_BEZIER_KNOTS.);
#3061 = CARTESIAN_POINT('',(2.813649751632,-2.230044510386,10.));
#3062 = CARTESIAN_POINT('',(2.843416072107,-2.259949925816,10.));
#3063 = CARTESIAN_POINT('',(2.843416072107,-2.307103115727,10.));
#3064 = VECTOR('',#3065,1.);
#3065 = DIRECTION('',(0.,0.,1.));
#3066 = ADVANCED_FACE('',(#3067),#3085,.T.);
#3067 = FACE_BOUND('',#3068,.T.);
#3068 = EDGE_LOOP('',(#3069,#3077,#3083,#3084));
#3069 = ORIENTED_EDGE('',*,*,#3070,.T.);
#3070 = EDGE_CURVE('',#940,#3071,#3073,.T.);
#3071 = VERTEX_POINT('',#3072);
#3072 = CARTESIAN_POINT('',(2.737286621068,-2.2,9.6));
#3073 = LINE('',#3074,#3075);
#3074 = CARTESIAN_POINT('',(2.737286621068,-2.2,10.));
#3075 = VECTOR('',#3076,1.);
#3076 = DIRECTION('',(-0.,-0.,-1.));
#3077 = ORIENTED_EDGE('',*,*,#3078,.T.);
#3078 = EDGE_CURVE('',#3071,#3045,#3079,.T.);
#3079 = B_SPLINE_CURVE_WITH_KNOTS('',2,(#3080,#3081,#3082),
  .UNSPECIFIED.,.F.,.F.,(3,3),(0.,1.),.PIECEWISE_BEZIER_KNOTS.);
#3080 = CARTESIAN_POINT('',(2.737286621068,-2.2,9.6));
#3081 = CARTESIAN_POINT('',(2.784022526113,-2.2,9.6));
#3082 = CARTESIAN_POINT('',(2.813649751632,-2.230044510386,9.6));
#3083 = ORIENTED_EDGE('',*,*,#3044,.F.);
#3084 = ORIENTED_EDGE('',*,*,#947,.F.);
#3085 = SURFACE_OF_LINEAR_EXTRUSION('',#3086,#3090);
#3086 = B_SPLINE_CURVE_WITH_KNOTS('',2,(#3087,#3088,#3089),
  .UNSPECIFIED.,.F.,.F.,(3,3),(0.,1.),.PIECEWISE_BEZIER_KNOTS.);
#3087 = CARTESIAN_POINT('',(2.737286621068,-2.2,10.));
#3088 = CARTESIAN_POINT('',(2.784022526113,-2.2,10.));
#3089 = CARTESIAN_POINT('',(2.813649751632,-2.230044510386,10.));
#3090 = VECTOR('',#3091,1.);
#3091 = DIRECTION('',(0.,0.,1.));
#3092 = ADVANCED_FACE('',(#3093),#3111,.T.);
#3093 = FACE_BOUND('',#3094,.T.);
#3094 = EDGE_LOOP('',(#3095,#3103,#3109,#3110));
#3095 = ORIENTED_EDGE('',*,*,#3096,.T.);
#3096 = EDGE_CURVE('',#932,#3097,#3099,.T.);
#3097 = VERTEX_POINT('',#3098);
#3098 = CARTESIAN_POINT('',(2.304423119585,-2.2,9.6));
#3099 = LINE('',#3100,#3101);
#3100 = CARTESIAN_POINT('',(2.304423119585,-2.2,10.));
#3101 = VECTOR('',#3102,1.);
#3102 = DIRECTION('',(-0.,-0.,-1.));
#3103 = ORIENTED_EDGE('',*,*,#3104,.T.);
#3104 = EDGE_CURVE('',#3097,#3071,#3105,.T.);
#3105 = LINE('',#3106,#3107);
#3106 = CARTESIAN_POINT('',(2.304423119585,-2.2,9.6));
#3107 = VECTOR('',#3108,1.);
#3108 = DIRECTION('',(1.,0.,0.));
#3109 = ORIENTED_EDGE('',*,*,#3070,.F.);
#3110 = ORIENTED_EDGE('',*,*,#939,.F.);
#3111 = PLANE('',#3112);
#3112 = AXIS2_PLACEMENT_3D('',#3113,#3114,#3115);
#3113 = CARTESIAN_POINT('',(2.304423119585,-2.2,10.));
#3114 = DIRECTION('',(0.,-1.,0.));
#3115 = DIRECTION('',(1.,0.,0.));
#3116 = ADVANCED_FACE('',(#3117),#3135,.T.);
#3117 = FACE_BOUND('',#3118,.T.);
#3118 = EDGE_LOOP('',(#3119,#3127,#3133,#3134));
#3119 = ORIENTED_EDGE('',*,*,#3120,.T.);
#3120 = EDGE_CURVE('',#924,#3121,#3123,.T.);
#3121 = VERTEX_POINT('',#3122);
#3122 = CARTESIAN_POINT('',(2.23209374273,-2.230044510386,9.6));
#3123 = LINE('',#3124,#3125);
#3124 = CARTESIAN_POINT('',(2.23209374273,-2.230044510386,10.));
#3125 = VECTOR('',#3126,1.);
#3126 = DIRECTION('',(-0.,-0.,-1.));
#3127 = ORIENTED_EDGE('',*,*,#3128,.T.);
#3128 = EDGE_CURVE('',#3121,#3097,#3129,.T.);
#3129 = B_SPLINE_CURVE_WITH_KNOTS('',2,(#3130,#3131,#3132),
  .UNSPECIFIED.,.F.,.F.,(3,3),(0.,1.),.PIECEWISE_BEZIER_KNOTS.);
#3130 = CARTESIAN_POINT('',(2.23209374273,-2.230044510386,9.6));
#3131 = CARTESIAN_POINT('',(2.261860063205,-2.2,9.6));
#3132 = CARTESIAN_POINT('',(2.304423119585,-2.2,9.6));
#3133 = ORIENTED_EDGE('',*,*,#3096,.F.);
#3134 = ORIENTED_EDGE('',*,*,#931,.F.);
#3135 = SURFACE_OF_LINEAR_EXTRUSION('',#3136,#3140);
#3136 = B_SPLINE_CURVE_WITH_KNOTS('',2,(#3137,#3138,#3139),
  .UNSPECIFIED.,.F.,.F.,(3,3),(0.,1.),.PIECEWISE_BEZIER_KNOTS.);
#3137 = CARTESIAN_POINT('',(2.23209374273,-2.230044510386,10.));
#3138 = CARTESIAN_POINT('',(2.261860063205,-2.2,10.));
#3139 = CARTESIAN_POINT('',(2.304423119585,-2.2,10.));
#3140 = VECTOR('',#3141,1.);
#3141 = DIRECTION('',(0.,0.,1.));
#3142 = ADVANCED_FACE('',(#3143),#3161,.T.);
#3143 = FACE_BOUND('',#3144,.T.);
#3144 = EDGE_LOOP('',(#3145,#3153,#3159,#3160));
#3145 = ORIENTED_EDGE('',*,*,#3146,.T.);
#3146 = EDGE_CURVE('',#916,#3147,#3149,.T.);
#3147 = VERTEX_POINT('',#3148);
#3148 = CARTESIAN_POINT('',(2.202466517211,-2.307242210682,9.6));
#3149 = LINE('',#3150,#3151);
#3150 = CARTESIAN_POINT('',(2.202466517211,-2.307242210682,10.));
#3151 = VECTOR('',#3152,1.);
#3152 = DIRECTION('',(-0.,-0.,-1.));
#3153 = ORIENTED_EDGE('',*,*,#3154,.T.);
#3154 = EDGE_CURVE('',#3147,#3121,#3155,.T.);
#3155 = B_SPLINE_CURVE_WITH_KNOTS('',2,(#3156,#3157,#3158),
  .UNSPECIFIED.,.F.,.F.,(3,3),(0.,1.),.PIECEWISE_BEZIER_KNOTS.);
#3156 = CARTESIAN_POINT('',(2.202466517211,-2.307242210682,9.6));
#3157 = CARTESIAN_POINT('',(2.202466517211,-2.259949925816,9.6));
#3158 = CARTESIAN_POINT('',(2.23209374273,-2.230044510386,9.6));
#3159 = ORIENTED_EDGE('',*,*,#3120,.F.);
#3160 = ORIENTED_EDGE('',*,*,#923,.F.);
#3161 = SURFACE_OF_LINEAR_EXTRUSION('',#3162,#3166);
#3162 = B_SPLINE_CURVE_WITH_KNOTS('',2,(#3163,#3164,#3165),
  .UNSPECIFIED.,.F.,.F.,(3,3),(0.,1.),.PIECEWISE_BEZIER_KNOTS.);
#3163 = CARTESIAN_POINT('',(2.202466517211,-2.307242210682,10.));
#3164 = CARTESIAN_POINT('',(2.202466517211,-2.259949925816,10.));
#3165 = CARTESIAN_POINT('',(2.23209374273,-2.230044510386,10.));
#3166 = VECTOR('',#3167,1.);
#3167 = DIRECTION('',(0.,0.,1.));
#3168 = ADVANCED_FACE('',(#3169),#3187,.T.);
#3169 = FACE_BOUND('',#3170,.T.);
#3170 = EDGE_LOOP('',(#3171,#3179,#3185,#3186));
#3171 = ORIENTED_EDGE('',*,*,#3172,.T.);
#3172 = EDGE_CURVE('',#908,#3173,#3175,.T.);
#3173 = VERTEX_POINT('',#3174);
#3174 = CARTESIAN_POINT('',(2.202466517211,-4.064289688427,9.6));
#3175 = LINE('',#3176,#3177);
#3176 = CARTESIAN_POINT('',(2.202466517211,-4.064289688427,10.));
#3177 = VECTOR('',#3178,1.);
#3178 = DIRECTION('',(-0.,-0.,-1.));
#3179 = ORIENTED_EDGE('',*,*,#3180,.T.);
#3180 = EDGE_CURVE('',#3173,#3147,#3181,.T.);
#3181 = LINE('',#3182,#3183);
#3182 = CARTESIAN_POINT('',(2.202466517211,-4.064289688427,9.6));
#3183 = VECTOR('',#3184,1.);
#3184 = DIRECTION('',(0.,1.,0.));
#3185 = ORIENTED_EDGE('',*,*,#3146,.F.);
#3186 = ORIENTED_EDGE('',*,*,#915,.F.);
#3187 = PLANE('',#3188);
#3188 = AXIS2_PLACEMENT_3D('',#3189,#3190,#3191);
#3189 = CARTESIAN_POINT('',(2.202466517211,-4.064289688427,10.));
#3190 = DIRECTION('',(1.,0.,0.));
#3191 = DIRECTION('',(-0.,1.,0.));
#3192 = ADVANCED_FACE('',(#3193),#3211,.T.);
#3193 = FACE_BOUND('',#3194,.T.);
#3194 = EDGE_LOOP('',(#3195,#3203,#3209,#3210));
#3195 = ORIENTED_EDGE('',*,*,#3196,.T.);
#3196 = EDGE_CURVE('',#900,#3197,#3199,.T.);
#3197 = VERTEX_POINT('',#3198);
#3198 = CARTESIAN_POINT('',(1.059940552819,-2.277058605341,9.6));
#3199 = LINE('',#3200,#3201);
#3200 = CARTESIAN_POINT('',(1.059940552819,-2.277058605341,10.));
#3201 = VECTOR('',#3202,1.);
#3202 = DIRECTION('',(-0.,-0.,-1.));
#3203 = ORIENTED_EDGE('',*,*,#3204,.T.);
#3204 = EDGE_CURVE('',#3197,#3173,#3205,.T.);
#3205 = LINE('',#3206,#3207);
#3206 = CARTESIAN_POINT('',(1.059940552819,-2.277058605341,9.6));
#3207 = VECTOR('',#3208,1.);
#3208 = DIRECTION('',(0.538618206484,-0.842549955578,0.));
#3209 = ORIENTED_EDGE('',*,*,#3172,.F.);
#3210 = ORIENTED_EDGE('',*,*,#907,.F.);
#3211 = PLANE('',#3212);
#3212 = AXIS2_PLACEMENT_3D('',#3213,#3214,#3215);
#3213 = CARTESIAN_POINT('',(1.059940552819,-2.277058605341,10.));
#3214 = DIRECTION('',(-0.842549955578,-0.538618206484,0.));
#3215 = DIRECTION('',(0.538618206484,-0.842549955578,0.));
#3216 = ADVANCED_FACE('',(#3217),#3235,.T.);
#3217 = FACE_BOUND('',#3218,.T.);
#3218 = EDGE_LOOP('',(#3219,#3227,#3233,#3234));
#3219 = ORIENTED_EDGE('',*,*,#3220,.T.);
#3220 = EDGE_CURVE('',#892,#3221,#3223,.T.);
#3221 = VERTEX_POINT('',#3222);
#3222 = CARTESIAN_POINT('',(1.021550345104,-2.230044510386,9.6));
#3223 = LINE('',#3224,#3225);
#3224 = CARTESIAN_POINT('',(1.021550345104,-2.230044510386,10.));
#3225 = VECTOR('',#3226,1.);
#3226 = DIRECTION('',(-0.,-0.,-1.));
#3227 = ORIENTED_EDGE('',*,*,#3228,.T.);
#3228 = EDGE_CURVE('',#3221,#3197,#3229,.T.);
#3229 = B_SPLINE_CURVE_WITH_KNOTS('',2,(#3230,#3231,#3232),
  .UNSPECIFIED.,.F.,.F.,(3,3),(0.,1.),.PIECEWISE_BEZIER_KNOTS.);
#3230 = CARTESIAN_POINT('',(1.021550345104,-2.230044510386,9.6));
#3231 = CARTESIAN_POINT('',(1.051455760534,-2.259949925816,9.6));
#3232 = CARTESIAN_POINT('',(1.059940552819,-2.277058605341,9.6));
#3233 = ORIENTED_EDGE('',*,*,#3196,.F.);
#3234 = ORIENTED_EDGE('',*,*,#899,.F.);
#3235 = SURFACE_OF_LINEAR_EXTRUSION('',#3236,#3240);
#3236 = B_SPLINE_CURVE_WITH_KNOTS('',2,(#3237,#3238,#3239),
  .UNSPECIFIED.,.F.,.F.,(3,3),(0.,1.),.PIECEWISE_BEZIER_KNOTS.);
#3237 = CARTESIAN_POINT('',(1.021550345104,-2.230044510386,10.));
#3238 = CARTESIAN_POINT('',(1.051455760534,-2.259949925816,10.));
#3239 = CARTESIAN_POINT('',(1.059940552819,-2.277058605341,10.));
#3240 = VECTOR('',#3241,1.);
#3241 = DIRECTION('',(0.,0.,1.));
#3242 = ADVANCED_FACE('',(#3243),#3261,.T.);
#3243 = FACE_BOUND('',#3244,.T.);
#3244 = EDGE_LOOP('',(#3245,#3253,#3259,#3260));
#3245 = ORIENTED_EDGE('',*,*,#3246,.T.);
#3246 = EDGE_CURVE('',#884,#3247,#3249,.T.);
#3247 = VERTEX_POINT('',#3248);
#3248 = CARTESIAN_POINT('',(0.927383060237,-2.2,9.6));
#3249 = LINE('',#3250,#3251);
#3250 = CARTESIAN_POINT('',(0.927383060237,-2.2,10.));
#3251 = VECTOR('',#3252,1.);
#3252 = DIRECTION('',(-0.,-0.,-1.));
#3253 = ORIENTED_EDGE('',*,*,#3254,.T.);
#3254 = EDGE_CURVE('',#3247,#3221,#3255,.T.);
#3255 = B_SPLINE_CURVE_WITH_KNOTS('',2,(#3256,#3257,#3258),
  .UNSPECIFIED.,.F.,.F.,(3,3),(0.,1.),.PIECEWISE_BEZIER_KNOTS.);
#3256 = CARTESIAN_POINT('',(0.927383060237,-2.2,9.6));
#3257 = CARTESIAN_POINT('',(0.991644929674,-2.2,9.6));
#3258 = CARTESIAN_POINT('',(1.021550345104,-2.230044510386,9.6));
#3259 = ORIENTED_EDGE('',*,*,#3220,.F.);
#3260 = ORIENTED_EDGE('',*,*,#891,.F.);
#3261 = SURFACE_OF_LINEAR_EXTRUSION('',#3262,#3266);
#3262 = B_SPLINE_CURVE_WITH_KNOTS('',2,(#3263,#3264,#3265),
  .UNSPECIFIED.,.F.,.F.,(3,3),(0.,1.),.PIECEWISE_BEZIER_KNOTS.);
#3263 = CARTESIAN_POINT('',(0.927383060237,-2.2,10.));
#3264 = CARTESIAN_POINT('',(0.991644929674,-2.2,10.));
#3265 = CARTESIAN_POINT('',(1.021550345104,-2.230044510386,10.));
#3266 = VECTOR('',#3267,1.);
#3267 = DIRECTION('',(0.,0.,1.));
#3268 = ADVANCED_FACE('',(#3269),#3287,.T.);
#3269 = FACE_BOUND('',#3270,.T.);
#3270 = EDGE_LOOP('',(#3271,#3279,#3285,#3286));
#3271 = ORIENTED_EDGE('',*,*,#3272,.T.);
#3272 = EDGE_CURVE('',#876,#3273,#3275,.T.);
#3273 = VERTEX_POINT('',#3274);
#3274 = CARTESIAN_POINT('',(0.537917184866,-2.2,9.6));
#3275 = LINE('',#3276,#3277);
#3276 = CARTESIAN_POINT('',(0.537917184866,-2.2,10.));
#3277 = VECTOR('',#3278,1.);
#3278 = DIRECTION('',(-0.,-0.,-1.));
#3279 = ORIENTED_EDGE('',*,*,#3280,.T.);
#3280 = EDGE_CURVE('',#3273,#3247,#3281,.T.);
#3281 = LINE('',#3282,#3283);
#3282 = CARTESIAN_POINT('',(0.537917184866,-2.2,9.6));
#3283 = VECTOR('',#3284,1.);
#3284 = DIRECTION('',(1.,0.,0.));
#3285 = ORIENTED_EDGE('',*,*,#3246,.F.);
#3286 = ORIENTED_EDGE('',*,*,#883,.F.);
#3287 = PLANE('',#3288);
#3288 = AXIS2_PLACEMENT_3D('',#3289,#3290,#3291);
#3289 = CARTESIAN_POINT('',(0.537917184866,-2.2,10.));
#3290 = DIRECTION('',(0.,-1.,0.));
#3291 = DIRECTION('',(1.,0.,0.));
#3292 = ADVANCED_FACE('',(#3293),#3311,.T.);
#3293 = FACE_BOUND('',#3294,.T.);
#3294 = EDGE_LOOP('',(#3295,#3303,#3309,#3310));
#3295 = ORIENTED_EDGE('',*,*,#3296,.T.);
#3296 = EDGE_CURVE('',#868,#3297,#3299,.T.);
#3297 = VERTEX_POINT('',#3298);
#3298 = CARTESIAN_POINT('',(0.460858579525,-2.230044510386,9.6));
#3299 = LINE('',#3300,#3301);
#3300 = CARTESIAN_POINT('',(0.460858579525,-2.230044510386,10.));
#3301 = VECTOR('',#3302,1.);
#3302 = DIRECTION('',(-0.,-0.,-1.));
#3303 = ORIENTED_EDGE('',*,*,#3304,.T.);
#3304 = EDGE_CURVE('',#3297,#3273,#3305,.T.);
#3305 = B_SPLINE_CURVE_WITH_KNOTS('',2,(#3306,#3307,#3308),
  .UNSPECIFIED.,.F.,.F.,(3,3),(0.,1.),.PIECEWISE_BEZIER_KNOTS.);
#3306 = CARTESIAN_POINT('',(0.460858579525,-2.230044510386,9.6));
#3307 = CARTESIAN_POINT('',(0.490903089911,-2.2,9.6));
#3308 = CARTESIAN_POINT('',(0.537917184866,-2.2,9.6));
#3309 = ORIENTED_EDGE('',*,*,#3272,.F.);
#3310 = ORIENTED_EDGE('',*,*,#875,.F.);
#3311 = SURFACE_OF_LINEAR_EXTRUSION('',#3312,#3316);
#3312 = B_SPLINE_CURVE_WITH_KNOTS('',2,(#3313,#3314,#3315),
  .UNSPECIFIED.,.F.,.F.,(3,3),(0.,1.),.PIECEWISE_BEZIER_KNOTS.);
#3313 = CARTESIAN_POINT('',(0.460858579525,-2.230044510386,10.));
#3314 = CARTESIAN_POINT('',(0.490903089911,-2.2,10.));
#3315 = CARTESIAN_POINT('',(0.537917184866,-2.2,10.));
#3316 = VECTOR('',#3317,1.);
#3317 = DIRECTION('',(0.,0.,1.));
#3318 = ADVANCED_FACE('',(#3319),#3337,.T.);
#3319 = FACE_BOUND('',#3320,.T.);
#3320 = EDGE_LOOP('',(#3321,#3329,#3335,#3336));
#3321 = ORIENTED_EDGE('',*,*,#3322,.T.);
#3322 = EDGE_CURVE('',#860,#3323,#3325,.T.);
#3323 = VERTEX_POINT('',#3324);
#3324 = CARTESIAN_POINT('',(0.430953164095,-2.307103115727,9.6));
#3325 = LINE('',#3326,#3327);
#3326 = CARTESIAN_POINT('',(0.430953164095,-2.307103115727,10.));
#3327 = VECTOR('',#3328,1.);
#3328 = DIRECTION('',(-0.,-0.,-1.));
#3329 = ORIENTED_EDGE('',*,*,#3330,.T.);
#3330 = EDGE_CURVE('',#3323,#3297,#3331,.T.);
#3331 = B_SPLINE_CURVE_WITH_KNOTS('',2,(#3332,#3333,#3334),
  .UNSPECIFIED.,.F.,.F.,(3,3),(0.,1.),.PIECEWISE_BEZIER_KNOTS.);
#3332 = CARTESIAN_POINT('',(0.430953164095,-2.307103115727,9.6));
#3333 = CARTESIAN_POINT('',(0.430953164095,-2.259949925816,9.6));
#3334 = CARTESIAN_POINT('',(0.460858579525,-2.230044510386,9.6));
#3335 = ORIENTED_EDGE('',*,*,#3296,.F.);
#3336 = ORIENTED_EDGE('',*,*,#867,.F.);
#3337 = SURFACE_OF_LINEAR_EXTRUSION('',#3338,#3342);
#3338 = B_SPLINE_CURVE_WITH_KNOTS('',2,(#3339,#3340,#3341),
  .UNSPECIFIED.,.F.,.F.,(3,3),(0.,1.),.PIECEWISE_BEZIER_KNOTS.);
#3339 = CARTESIAN_POINT('',(0.430953164095,-2.307103115727,10.));
#3340 = CARTESIAN_POINT('',(0.430953164095,-2.259949925816,10.));
#3341 = CARTESIAN_POINT('',(0.460858579525,-2.230044510386,10.));
#3342 = VECTOR('',#3343,1.);
#3343 = DIRECTION('',(0.,0.,1.));
#3344 = ADVANCED_FACE('',(#3345),#3363,.T.);
#3345 = FACE_BOUND('',#3346,.T.);
#3346 = EDGE_LOOP('',(#3347,#3355,#3361,#3362));
#3347 = ORIENTED_EDGE('',*,*,#3348,.T.);
#3348 = EDGE_CURVE('',#852,#3349,#3351,.T.);
#3349 = VERTEX_POINT('',#3350);
#3350 = CARTESIAN_POINT('',(0.430953164095,-5.092757789318,9.6));
#3351 = LINE('',#3352,#3353);
#3352 = CARTESIAN_POINT('',(0.430953164095,-5.092757789318,10.));
#3353 = VECTOR('',#3354,1.);
#3354 = DIRECTION('',(-0.,-0.,-1.));
#3355 = ORIENTED_EDGE('',*,*,#3356,.T.);
#3356 = EDGE_CURVE('',#3349,#3323,#3357,.T.);
#3357 = LINE('',#3358,#3359);
#3358 = CARTESIAN_POINT('',(0.430953164095,-5.092757789318,9.6));
#3359 = VECTOR('',#3360,1.);
#3360 = DIRECTION('',(0.,1.,0.));
#3361 = ORIENTED_EDGE('',*,*,#3322,.F.);
#3362 = ORIENTED_EDGE('',*,*,#859,.F.);
#3363 = PLANE('',#3364);
#3364 = AXIS2_PLACEMENT_3D('',#3365,#3366,#3367);
#3365 = CARTESIAN_POINT('',(0.430953164095,-5.092757789318,10.));
#3366 = DIRECTION('',(1.,0.,0.));
#3367 = DIRECTION('',(-0.,1.,0.));
#3368 = ADVANCED_FACE('',(#3369),#3387,.T.);
#3369 = FACE_BOUND('',#3370,.T.);
#3370 = EDGE_LOOP('',(#3371,#3379,#3385,#3386));
#3371 = ORIENTED_EDGE('',*,*,#3372,.T.);
#3372 = EDGE_CURVE('',#844,#3373,#3375,.T.);
#3373 = VERTEX_POINT('',#3374);
#3374 = CARTESIAN_POINT('',(0.460580389614,-5.17009458457,9.6));
#3375 = LINE('',#3376,#3377);
#3376 = CARTESIAN_POINT('',(0.460580389614,-5.17009458457,10.));
#3377 = VECTOR('',#3378,1.);
#3378 = DIRECTION('',(-0.,-0.,-1.));
#3379 = ORIENTED_EDGE('',*,*,#3380,.T.);
#3380 = EDGE_CURVE('',#3373,#3349,#3381,.T.);
#3381 = B_SPLINE_CURVE_WITH_KNOTS('',2,(#3382,#3383,#3384),
  .UNSPECIFIED.,.F.,.F.,(3,3),(0.,1.),.PIECEWISE_BEZIER_KNOTS.);
#3382 = CARTESIAN_POINT('',(0.460580389614,-5.17009458457,9.6));
#3383 = CARTESIAN_POINT('',(0.430953164095,-5.140050074184,9.6));
#3384 = CARTESIAN_POINT('',(0.430953164095,-5.092757789318,9.6));
#3385 = ORIENTED_EDGE('',*,*,#3348,.F.);
#3386 = ORIENTED_EDGE('',*,*,#851,.F.);
#3387 = SURFACE_OF_LINEAR_EXTRUSION('',#3388,#3392);
#3388 = B_SPLINE_CURVE_WITH_KNOTS('',2,(#3389,#3390,#3391),
  .UNSPECIFIED.,.F.,.F.,(3,3),(0.,1.),.PIECEWISE_BEZIER_KNOTS.);
#3389 = CARTESIAN_POINT('',(0.460580389614,-5.17009458457,10.));
#3390 = CARTESIAN_POINT('',(0.430953164095,-5.140050074184,10.));
#3391 = CARTESIAN_POINT('',(0.430953164095,-5.092757789318,10.));
#3392 = VECTOR('',#3393,1.);
#3393 = DIRECTION('',(0.,0.,1.));
#3394 = ADVANCED_FACE('',(#3395),#3406,.T.);
#3395 = FACE_BOUND('',#3396,.T.);
#3396 = EDGE_LOOP('',(#3397,#3398,#3404,#3405));
#3397 = ORIENTED_EDGE('',*,*,#2777,.T.);
#3398 = ORIENTED_EDGE('',*,*,#3399,.T.);
#3399 = EDGE_CURVE('',#2770,#3373,#3400,.T.);
#3400 = B_SPLINE_CURVE_WITH_KNOTS('',2,(#3401,#3402,#3403),
  .UNSPECIFIED.,.F.,.F.,(3,3),(0.,1.),.PIECEWISE_BEZIER_KNOTS.);
#3401 = CARTESIAN_POINT('',(0.537082615134,-5.2,9.6));
#3402 = CARTESIAN_POINT('',(0.490346710089,-5.2,9.6));
#3403 = CARTESIAN_POINT('',(0.460580389614,-5.17009458457,9.6));
#3404 = ORIENTED_EDGE('',*,*,#3372,.F.);
#3405 = ORIENTED_EDGE('',*,*,#843,.F.);
#3406 = SURFACE_OF_LINEAR_EXTRUSION('',#3407,#3411);
#3407 = B_SPLINE_CURVE_WITH_KNOTS('',2,(#3408,#3409,#3410),
  .UNSPECIFIED.,.F.,.F.,(3,3),(0.,1.),.PIECEWISE_BEZIER_KNOTS.);
#3408 = CARTESIAN_POINT('',(0.537082615134,-5.2,10.));
#3409 = CARTESIAN_POINT('',(0.490346710089,-5.2,10.));
#3410 = CARTESIAN_POINT('',(0.460580389614,-5.17009458457,10.));
#3411 = VECTOR('',#3412,1.);
#3412 = DIRECTION('',(0.,0.,1.));
#3413 = ADVANCED_FACE('',(#3414),#3439,.T.);
#3414 = FACE_BOUND('',#3415,.T.);
#3415 = EDGE_LOOP('',(#3416,#3424,#3432,#3438));
#3416 = ORIENTED_EDGE('',*,*,#3417,.T.);
#3417 = EDGE_CURVE('',#1044,#3418,#3420,.T.);
#3418 = VERTEX_POINT('',#3419);
#3419 = CARTESIAN_POINT('',(4.612286621068,-5.2,9.6));
#3420 = LINE('',#3421,#3422);
#3421 = CARTESIAN_POINT('',(4.612286621068,-5.2,10.));
#3422 = VECTOR('',#3423,1.);
#3423 = DIRECTION('',(-0.,-0.,-1.));
#3424 = ORIENTED_EDGE('',*,*,#3425,.T.);
#3425 = EDGE_CURVE('',#3418,#3426,#3428,.T.);
#3426 = VERTEX_POINT('',#3427);
#3427 = CARTESIAN_POINT('',(4.139641962315,-5.2,9.6));
#3428 = LINE('',#3429,#3430);
#3429 = CARTESIAN_POINT('',(4.612286621068,-5.2,9.6));
#3430 = VECTOR('',#3431,1.);
#3431 = DIRECTION('',(-1.,0.,0.));
#3432 = ORIENTED_EDGE('',*,*,#3433,.F.);
#3433 = EDGE_CURVE('',#1046,#3426,#3434,.T.);
#3434 = LINE('',#3435,#3436);
#3435 = CARTESIAN_POINT('',(4.139641962315,-5.2,10.));
#3436 = VECTOR('',#3437,1.);
#3437 = DIRECTION('',(-0.,-0.,-1.));
#3438 = ORIENTED_EDGE('',*,*,#1043,.F.);
#3439 = PLANE('',#3440);
#3440 = AXIS2_PLACEMENT_3D('',#3441,#3442,#3443);
#3441 = CARTESIAN_POINT('',(4.612286621068,-5.2,10.));
#3442 = DIRECTION('',(0.,1.,0.));
#3443 = DIRECTION('',(-1.,0.,0.));
#3444 = ADVANCED_FACE('',(#3445),#3463,.T.);
#3445 = FACE_BOUND('',#3446,.T.);
#3446 = EDGE_LOOP('',(#3447,#3455,#3461,#3462));
#3447 = ORIENTED_EDGE('',*,*,#3448,.T.);
#3448 = EDGE_CURVE('',#1190,#3449,#3451,.T.);
#3449 = VERTEX_POINT('',#3450);
#3450 = CARTESIAN_POINT('',(4.688927941543,-5.17009458457,9.6));
#3451 = LINE('',#3452,#3453);
#3452 = CARTESIAN_POINT('',(4.688927941543,-5.17009458457,10.));
#3453 = VECTOR('',#3454,1.);
#3454 = DIRECTION('',(-0.,-0.,-1.));
#3455 = ORIENTED_EDGE('',*,*,#3456,.T.);
#3456 = EDGE_CURVE('',#3449,#3418,#3457,.T.);
#3457 = B_SPLINE_CURVE_WITH_KNOTS('',2,(#3458,#3459,#3460),
  .UNSPECIFIED.,.F.,.F.,(3,3),(0.,1.),.PIECEWISE_BEZIER_KNOTS.);
#3458 = CARTESIAN_POINT('',(4.688927941543,-5.17009458457,9.6));
#3459 = CARTESIAN_POINT('',(4.659161621068,-5.2,9.6));
#3460 = CARTESIAN_POINT('',(4.612286621068,-5.2,9.6));
#3461 = ORIENTED_EDGE('',*,*,#3417,.F.);
#3462 = ORIENTED_EDGE('',*,*,#1197,.F.);
#3463 = SURFACE_OF_LINEAR_EXTRUSION('',#3464,#3468);
#3464 = B_SPLINE_CURVE_WITH_KNOTS('',2,(#3465,#3466,#3467),
  .UNSPECIFIED.,.F.,.F.,(3,3),(0.,1.),.PIECEWISE_BEZIER_KNOTS.);
#3465 = CARTESIAN_POINT('',(4.688927941543,-5.17009458457,10.));
#3466 = CARTESIAN_POINT('',(4.659161621068,-5.2,10.));
#3467 = CARTESIAN_POINT('',(4.612286621068,-5.2,10.));
#3468 = VECTOR('',#3469,1.);
#3469 = DIRECTION('',(0.,0.,1.));
#3470 = ADVANCED_FACE('',(#3471),#3489,.T.);
#3471 = FACE_BOUND('',#3472,.T.);
#3472 = EDGE_LOOP('',(#3473,#3481,#3487,#3488));
#3473 = ORIENTED_EDGE('',*,*,#3474,.T.);
#3474 = EDGE_CURVE('',#1182,#3475,#3477,.T.);
#3475 = VERTEX_POINT('',#3476);
#3476 = CARTESIAN_POINT('',(4.718694262018,-5.092896884273,9.6));
#3477 = LINE('',#3478,#3479);
#3478 = CARTESIAN_POINT('',(4.718694262018,-5.092896884273,10.));
#3479 = VECTOR('',#3480,1.);
#3480 = DIRECTION('',(-0.,-0.,-1.));
#3481 = ORIENTED_EDGE('',*,*,#3482,.T.);
#3482 = EDGE_CURVE('',#3475,#3449,#3483,.T.);
#3483 = B_SPLINE_CURVE_WITH_KNOTS('',2,(#3484,#3485,#3486),
  .UNSPECIFIED.,.F.,.F.,(3,3),(0.,1.),.PIECEWISE_BEZIER_KNOTS.);
#3484 = CARTESIAN_POINT('',(4.718694262018,-5.092896884273,9.6));
#3485 = CARTESIAN_POINT('',(4.718694262018,-5.140050074184,9.6));
#3486 = CARTESIAN_POINT('',(4.688927941543,-5.17009458457,9.6));
#3487 = ORIENTED_EDGE('',*,*,#3448,.F.);
#3488 = ORIENTED_EDGE('',*,*,#1189,.F.);
#3489 = SURFACE_OF_LINEAR_EXTRUSION('',#3490,#3494);
#3490 = B_SPLINE_CURVE_WITH_KNOTS('',2,(#3491,#3492,#3493),
  .UNSPECIFIED.,.F.,.F.,(3,3),(0.,1.),.PIECEWISE_BEZIER_KNOTS.);
#3491 = CARTESIAN_POINT('',(4.718694262018,-5.092896884273,10.));
#3492 = CARTESIAN_POINT('',(4.718694262018,-5.140050074184,10.));
#3493 = CARTESIAN_POINT('',(4.688927941543,-5.17009458457,10.));
#3494 = VECTOR('',#3495,1.);
#3495 = DIRECTION('',(0.,0.,1.));
#3496 = ADVANCED_FACE('',(#3497),#3515,.T.);
#3497 = FACE_BOUND('',#3498,.T.);
#3498 = EDGE_LOOP('',(#3499,#3507,#3513,#3514));
#3499 = ORIENTED_EDGE('',*,*,#3500,.T.);
#3500 = EDGE_CURVE('',#1174,#3501,#3503,.T.);
#3501 = VERTEX_POINT('',#3502);
#3502 = CARTESIAN_POINT('',(4.718694262018,-2.796439169139,9.6));
#3503 = LINE('',#3504,#3505);
#3504 = CARTESIAN_POINT('',(4.718694262018,-2.796439169139,10.));
#3505 = VECTOR('',#3506,1.);
#3506 = DIRECTION('',(-0.,-0.,-1.));
#3507 = ORIENTED_EDGE('',*,*,#3508,.T.);
#3508 = EDGE_CURVE('',#3501,#3475,#3509,.T.);
#3509 = LINE('',#3510,#3511);
#3510 = CARTESIAN_POINT('',(4.718694262018,-2.796439169139,9.6));
#3511 = VECTOR('',#3512,1.);
#3512 = DIRECTION('',(0.,-1.,0.));
#3513 = ORIENTED_EDGE('',*,*,#3474,.F.);
#3514 = ORIENTED_EDGE('',*,*,#1181,.F.);
#3515 = PLANE('',#3516);
#3516 = AXIS2_PLACEMENT_3D('',#3517,#3518,#3519);
#3517 = CARTESIAN_POINT('',(4.718694262018,-2.796439169139,10.));
#3518 = DIRECTION('',(-1.,0.,0.));
#3519 = DIRECTION('',(0.,-1.,0.));
#3520 = ADVANCED_FACE('',(#3521),#3539,.T.);
#3521 = FACE_BOUND('',#3522,.T.);
#3522 = EDGE_LOOP('',(#3523,#3531,#3537,#3538));
#3523 = ORIENTED_EDGE('',*,*,#3524,.T.);
#3524 = EDGE_CURVE('',#1166,#3525,#3527,.T.);
#3525 = VERTEX_POINT('',#3526);
#3526 = CARTESIAN_POINT('',(5.493035879228,-2.796439169139,9.6));
#3527 = LINE('',#3528,#3529);
#3528 = CARTESIAN_POINT('',(5.493035879228,-2.796439169139,10.));
#3529 = VECTOR('',#3530,1.);
#3530 = DIRECTION('',(-0.,-0.,-1.));
#3531 = ORIENTED_EDGE('',*,*,#3532,.T.);
#3532 = EDGE_CURVE('',#3525,#3501,#3533,.T.);
#3533 = LINE('',#3534,#3535);
#3534 = CARTESIAN_POINT('',(5.493035879228,-2.796439169139,9.6));
#3535 = VECTOR('',#3536,1.);
#3536 = DIRECTION('',(-1.,0.,0.));
#3537 = ORIENTED_EDGE('',*,*,#3500,.F.);
#3538 = ORIENTED_EDGE('',*,*,#1173,.F.);
#3539 = PLANE('',#3540);
#3540 = AXIS2_PLACEMENT_3D('',#3541,#3542,#3543);
#3541 = CARTESIAN_POINT('',(5.493035879228,-2.796439169139,10.));
#3542 = DIRECTION('',(0.,1.,0.));
#3543 = DIRECTION('',(-1.,0.,0.));
#3544 = ADVANCED_FACE('',(#3545),#3563,.T.);
#3545 = FACE_BOUND('',#3546,.T.);
#3546 = EDGE_LOOP('',(#3547,#3555,#3561,#3562));
#3547 = ORIENTED_EDGE('',*,*,#3548,.T.);
#3548 = EDGE_CURVE('',#1158,#3549,#3551,.T.);
#3549 = VERTEX_POINT('',#3550);
#3550 = CARTESIAN_POINT('',(5.569955389614,-2.766394658754,9.6));
#3551 = LINE('',#3552,#3553);
#3552 = CARTESIAN_POINT('',(5.569955389614,-2.766394658754,10.));
#3553 = VECTOR('',#3554,1.);
#3554 = DIRECTION('',(-0.,-0.,-1.));
#3555 = ORIENTED_EDGE('',*,*,#3556,.T.);
#3556 = EDGE_CURVE('',#3549,#3525,#3557,.T.);
#3557 = B_SPLINE_CURVE_WITH_KNOTS('',2,(#3558,#3559,#3560),
  .UNSPECIFIED.,.F.,.F.,(3,3),(0.,1.),.PIECEWISE_BEZIER_KNOTS.);
#3558 = CARTESIAN_POINT('',(5.569955389614,-2.766394658754,9.6));
#3559 = CARTESIAN_POINT('',(5.540049974184,-2.796439169139,9.6));
#3560 = CARTESIAN_POINT('',(5.493035879228,-2.796439169139,9.6));
#3561 = ORIENTED_EDGE('',*,*,#3524,.F.);
#3562 = ORIENTED_EDGE('',*,*,#1165,.F.);
#3563 = SURFACE_OF_LINEAR_EXTRUSION('',#3564,#3568);
#3564 = B_SPLINE_CURVE_WITH_KNOTS('',2,(#3565,#3566,#3567),
  .UNSPECIFIED.,.F.,.F.,(3,3),(0.,1.),.PIECEWISE_BEZIER_KNOTS.);
#3565 = CARTESIAN_POINT('',(5.569955389614,-2.766394658754,10.));
#3566 = CARTESIAN_POINT('',(5.540049974184,-2.796439169139,10.));
#3567 = CARTESIAN_POINT('',(5.493035879228,-2.796439169139,10.));
#3568 = VECTOR('',#3569,1.);
#3569 = DIRECTION('',(0.,0.,1.));
#3570 = ADVANCED_FACE('',(#3571),#3589,.T.);
#3571 = FACE_BOUND('',#3572,.T.);
#3572 = EDGE_LOOP('',(#3573,#3581,#3587,#3588));
#3573 = ORIENTED_EDGE('',*,*,#3574,.T.);
#3574 = EDGE_CURVE('',#1150,#3575,#3577,.T.);
#3575 = VERTEX_POINT('',#3576);
#3576 = CARTESIAN_POINT('',(5.5999999,-2.693508902077,9.6));
#3577 = LINE('',#3578,#3579);
#3578 = CARTESIAN_POINT('',(5.5999999,-2.693508902077,10.));
#3579 = VECTOR('',#3580,1.);
#3580 = DIRECTION('',(-0.,-0.,-1.));
#3581 = ORIENTED_EDGE('',*,*,#3582,.T.);
#3582 = EDGE_CURVE('',#3575,#3549,#3583,.T.);
#3583 = B_SPLINE_CURVE_WITH_KNOTS('',2,(#3584,#3585,#3586),
  .UNSPECIFIED.,.F.,.F.,(3,3),(0.,1.),.PIECEWISE_BEZIER_KNOTS.);
#3584 = CARTESIAN_POINT('',(5.5999999,-2.693508902077,9.6));
#3585 = CARTESIAN_POINT('',(5.5999999,-2.736350148368,9.6));
#3586 = CARTESIAN_POINT('',(5.569955389614,-2.766394658754,9.6));
#3587 = ORIENTED_EDGE('',*,*,#3548,.F.);
#3588 = ORIENTED_EDGE('',*,*,#1157,.F.);
#3589 = SURFACE_OF_LINEAR_EXTRUSION('',#3590,#3594);
#3590 = B_SPLINE_CURVE_WITH_KNOTS('',2,(#3591,#3592,#3593),
  .UNSPECIFIED.,.F.,.F.,(3,3),(0.,1.),.PIECEWISE_BEZIER_KNOTS.);
#3591 = CARTESIAN_POINT('',(5.5999999,-2.693508902077,10.));
#3592 = CARTESIAN_POINT('',(5.5999999,-2.736350148368,10.));
#3593 = CARTESIAN_POINT('',(5.569955389614,-2.766394658754,10.));
#3594 = VECTOR('',#3595,1.);
#3595 = DIRECTION('',(0.,0.,1.));
#3596 = ADVANCED_FACE('',(#3597),#3615,.T.);
#3597 = FACE_BOUND('',#3598,.T.);
#3598 = EDGE_LOOP('',(#3599,#3607,#3613,#3614));
#3599 = ORIENTED_EDGE('',*,*,#3600,.T.);
#3600 = EDGE_CURVE('',#1142,#3601,#3603,.T.);
#3601 = VERTEX_POINT('',#3602);
#3602 = CARTESIAN_POINT('',(5.5999999,-2.307242210682,9.6));
#3603 = LINE('',#3604,#3605);
#3604 = CARTESIAN_POINT('',(5.5999999,-2.307242210682,10.));
#3605 = VECTOR('',#3606,1.);
#3606 = DIRECTION('',(-0.,-0.,-1.));
#3607 = ORIENTED_EDGE('',*,*,#3608,.T.);
#3608 = EDGE_CURVE('',#3601,#3575,#3609,.T.);
#3609 = LINE('',#3610,#3611);
#3610 = CARTESIAN_POINT('',(5.5999999,-2.307242210682,9.6));
#3611 = VECTOR('',#3612,1.);
#3612 = DIRECTION('',(0.,-1.,0.));
#3613 = ORIENTED_EDGE('',*,*,#3574,.F.);
#3614 = ORIENTED_EDGE('',*,*,#1149,.F.);
#3615 = PLANE('',#3616);
#3616 = AXIS2_PLACEMENT_3D('',#3617,#3618,#3619);
#3617 = CARTESIAN_POINT('',(5.5999999,-2.307242210682,10.));
#3618 = DIRECTION('',(-1.,0.,0.));
#3619 = DIRECTION('',(0.,-1.,0.));
#3620 = ADVANCED_FACE('',(#3621),#3639,.T.);
#3621 = FACE_BOUND('',#3622,.T.);
#3622 = EDGE_LOOP('',(#3623,#3631,#3637,#3638));
#3623 = ORIENTED_EDGE('',*,*,#3624,.T.);
#3624 = EDGE_CURVE('',#1134,#3625,#3627,.T.);
#3625 = VERTEX_POINT('',#3626);
#3626 = CARTESIAN_POINT('',(5.57009448457,-2.230044510386,9.6));
#3627 = LINE('',#3628,#3629);
#3628 = CARTESIAN_POINT('',(5.57009448457,-2.230044510386,10.));
#3629 = VECTOR('',#3630,1.);
#3630 = DIRECTION('',(-0.,-0.,-1.));
#3631 = ORIENTED_EDGE('',*,*,#3632,.T.);
#3632 = EDGE_CURVE('',#3625,#3601,#3633,.T.);
#3633 = B_SPLINE_CURVE_WITH_KNOTS('',2,(#3634,#3635,#3636),
  .UNSPECIFIED.,.F.,.F.,(3,3),(0.,1.),.PIECEWISE_BEZIER_KNOTS.);
#3634 = CARTESIAN_POINT('',(5.57009448457,-2.230044510386,9.6));
#3635 = CARTESIAN_POINT('',(5.5999999,-2.260089020772,9.6));
#3636 = CARTESIAN_POINT('',(5.5999999,-2.307242210682,9.6));
#3637 = ORIENTED_EDGE('',*,*,#3600,.F.);
#3638 = ORIENTED_EDGE('',*,*,#1141,.F.);
#3639 = SURFACE_OF_LINEAR_EXTRUSION('',#3640,#3644);
#3640 = B_SPLINE_CURVE_WITH_KNOTS('',2,(#3641,#3642,#3643),
  .UNSPECIFIED.,.F.,.F.,(3,3),(0.,1.),.PIECEWISE_BEZIER_KNOTS.);
#3641 = CARTESIAN_POINT('',(5.57009448457,-2.230044510386,10.));
#3642 = CARTESIAN_POINT('',(5.5999999,-2.260089020772,10.));
#3643 = CARTESIAN_POINT('',(5.5999999,-2.307242210682,10.));
#3644 = VECTOR('',#3645,1.);
#3645 = DIRECTION('',(0.,0.,1.));
#3646 = ADVANCED_FACE('',(#3647),#3665,.T.);
#3647 = FACE_BOUND('',#3648,.T.);
#3648 = EDGE_LOOP('',(#3649,#3657,#3663,#3664));
#3649 = ORIENTED_EDGE('',*,*,#3650,.T.);
#3650 = EDGE_CURVE('',#1126,#3651,#3653,.T.);
#3651 = VERTEX_POINT('',#3652);
#3652 = CARTESIAN_POINT('',(5.493174974184,-2.2,9.6));
#3653 = LINE('',#3654,#3655);
#3654 = CARTESIAN_POINT('',(5.493174974184,-2.2,10.));
#3655 = VECTOR('',#3656,1.);
#3656 = DIRECTION('',(-0.,-0.,-1.));
#3657 = ORIENTED_EDGE('',*,*,#3658,.T.);
#3658 = EDGE_CURVE('',#3651,#3625,#3659,.T.);
#3659 = B_SPLINE_CURVE_WITH_KNOTS('',2,(#3660,#3661,#3662),
  .UNSPECIFIED.,.F.,.F.,(3,3),(0.,1.),.PIECEWISE_BEZIER_KNOTS.);
#3660 = CARTESIAN_POINT('',(5.493174974184,-2.2,9.6));
#3661 = CARTESIAN_POINT('',(5.540189069139,-2.2,9.6));
#3662 = CARTESIAN_POINT('',(5.57009448457,-2.230044510386,9.6));
#3663 = ORIENTED_EDGE('',*,*,#3624,.F.);
#3664 = ORIENTED_EDGE('',*,*,#1133,.F.);
#3665 = SURFACE_OF_LINEAR_EXTRUSION('',#3666,#3670);
#3666 = B_SPLINE_CURVE_WITH_KNOTS('',2,(#3667,#3668,#3669),
  .UNSPECIFIED.,.F.,.F.,(3,3),(0.,1.),.PIECEWISE_BEZIER_KNOTS.);
#3667 = CARTESIAN_POINT('',(5.493174974184,-2.2,10.));
#3668 = CARTESIAN_POINT('',(5.540189069139,-2.2,10.));
#3669 = CARTESIAN_POINT('',(5.57009448457,-2.230044510386,10.));
#3670 = VECTOR('',#3671,1.);
#3671 = DIRECTION('',(0.,0.,1.));
#3672 = ADVANCED_FACE('',(#3673),#3691,.T.);
#3673 = FACE_BOUND('',#3674,.T.);
#3674 = EDGE_LOOP('',(#3675,#3683,#3689,#3690));
#3675 = ORIENTED_EDGE('',*,*,#3676,.T.);
#3676 = EDGE_CURVE('',#1118,#3677,#3679,.T.);
#3677 = VERTEX_POINT('',#3678);
#3678 = CARTESIAN_POINT('',(3.254441665579,-2.2,9.6));
#3679 = LINE('',#3680,#3681);
#3680 = CARTESIAN_POINT('',(3.254441665579,-2.2,10.));
#3681 = VECTOR('',#3682,1.);
#3682 = DIRECTION('',(-0.,-0.,-1.));
#3683 = ORIENTED_EDGE('',*,*,#3684,.T.);
#3684 = EDGE_CURVE('',#3677,#3651,#3685,.T.);
#3685 = LINE('',#3686,#3687);
#3686 = CARTESIAN_POINT('',(3.254441665579,-2.2,9.6));
#3687 = VECTOR('',#3688,1.);
#3688 = DIRECTION('',(1.,0.,0.));
#3689 = ORIENTED_EDGE('',*,*,#3650,.F.);
#3690 = ORIENTED_EDGE('',*,*,#1125,.F.);
#3691 = PLANE('',#3692);
#3692 = AXIS2_PLACEMENT_3D('',#3693,#3694,#3695);
#3693 = CARTESIAN_POINT('',(3.254441665579,-2.2,10.));
#3694 = DIRECTION('',(0.,-1.,0.));
#3695 = DIRECTION('',(1.,0.,0.));
#3696 = ADVANCED_FACE('',(#3697),#3715,.T.);
#3697 = FACE_BOUND('',#3698,.T.);
#3698 = EDGE_LOOP('',(#3699,#3707,#3713,#3714));
#3699 = ORIENTED_EDGE('',*,*,#3700,.T.);
#3700 = EDGE_CURVE('',#1110,#3701,#3703,.T.);
#3701 = VERTEX_POINT('',#3702);
#3702 = CARTESIAN_POINT('',(3.181834098813,-2.230044510386,9.6));
#3703 = LINE('',#3704,#3705);
#3704 = CARTESIAN_POINT('',(3.181834098813,-2.230044510386,10.));
#3705 = VECTOR('',#3706,1.);
#3706 = DIRECTION('',(-0.,-0.,-1.));
#3707 = ORIENTED_EDGE('',*,*,#3708,.T.);
#3708 = EDGE_CURVE('',#3701,#3677,#3709,.T.);
#3709 = B_SPLINE_CURVE_WITH_KNOTS('',2,(#3710,#3711,#3712),
  .UNSPECIFIED.,.F.,.F.,(3,3),(0.,1.),.PIECEWISE_BEZIER_KNOTS.);
#3710 = CARTESIAN_POINT('',(3.181834098813,-2.230044510386,9.6));
#3711 = CARTESIAN_POINT('',(3.211739514243,-2.2,9.6));
#3712 = CARTESIAN_POINT('',(3.254441665579,-2.2,9.6));
#3713 = ORIENTED_EDGE('',*,*,#3676,.F.);
#3714 = ORIENTED_EDGE('',*,*,#1117,.F.);
#3715 = SURFACE_OF_LINEAR_EXTRUSION('',#3716,#3720);
#3716 = B_SPLINE_CURVE_WITH_KNOTS('',2,(#3717,#3718,#3719),
  .UNSPECIFIED.,.F.,.F.,(3,3),(0.,1.),.PIECEWISE_BEZIER_KNOTS.);
#3717 = CARTESIAN_POINT('',(3.181834098813,-2.230044510386,10.));
#3718 = CARTESIAN_POINT('',(3.211739514243,-2.2,10.));
#3719 = CARTESIAN_POINT('',(3.254441665579,-2.2,10.));
#3720 = VECTOR('',#3721,1.);
#3721 = DIRECTION('',(0.,0.,1.));
#3722 = ADVANCED_FACE('',(#3723),#3741,.T.);
#3723 = FACE_BOUND('',#3724,.T.);
#3724 = EDGE_LOOP('',(#3725,#3733,#3739,#3740));
#3725 = ORIENTED_EDGE('',*,*,#3726,.T.);
#3726 = EDGE_CURVE('',#1102,#3727,#3729,.T.);
#3727 = VERTEX_POINT('',#3728);
#3728 = CARTESIAN_POINT('',(3.151928683383,-2.307242210682,9.6));
#3729 = LINE('',#3730,#3731);
#3730 = CARTESIAN_POINT('',(3.151928683383,-2.307242210682,10.));
#3731 = VECTOR('',#3732,1.);
#3732 = DIRECTION('',(-0.,-0.,-1.));
#3733 = ORIENTED_EDGE('',*,*,#3734,.T.);
#3734 = EDGE_CURVE('',#3727,#3701,#3735,.T.);
#3735 = B_SPLINE_CURVE_WITH_KNOTS('',2,(#3736,#3737,#3738),
  .UNSPECIFIED.,.F.,.F.,(3,3),(0.,1.),.PIECEWISE_BEZIER_KNOTS.);
#3736 = CARTESIAN_POINT('',(3.151928683383,-2.307242210682,9.6));
#3737 = CARTESIAN_POINT('',(3.151928683383,-2.260089020772,9.6));
#3738 = CARTESIAN_POINT('',(3.181834098813,-2.230044510386,9.6));
#3739 = ORIENTED_EDGE('',*,*,#3700,.F.);
#3740 = ORIENTED_EDGE('',*,*,#1109,.F.);
#3741 = SURFACE_OF_LINEAR_EXTRUSION('',#3742,#3746);
#3742 = B_SPLINE_CURVE_WITH_KNOTS('',2,(#3743,#3744,#3745),
  .UNSPECIFIED.,.F.,.F.,(3,3),(0.,1.),.PIECEWISE_BEZIER_KNOTS.);
#3743 = CARTESIAN_POINT('',(3.151928683383,-2.307242210682,10.));
#3744 = CARTESIAN_POINT('',(3.151928683383,-2.260089020772,10.));
#3745 = CARTESIAN_POINT('',(3.181834098813,-2.230044510386,10.));
#3746 = VECTOR('',#3747,1.);
#3747 = DIRECTION('',(0.,0.,1.));
#3748 = ADVANCED_FACE('',(#3749),#3767,.T.);
#3749 = FACE_BOUND('',#3750,.T.);
#3750 = EDGE_LOOP('',(#3751,#3759,#3765,#3766));
#3751 = ORIENTED_EDGE('',*,*,#3752,.T.);
#3752 = EDGE_CURVE('',#1094,#3753,#3755,.T.);
#3753 = VERTEX_POINT('',#3754);
#3754 = CARTESIAN_POINT('',(3.151928683383,-2.693508902077,9.6));
#3755 = LINE('',#3756,#3757);
#3756 = CARTESIAN_POINT('',(3.151928683383,-2.693508902077,10.));
#3757 = VECTOR('',#3758,1.);
#3758 = DIRECTION('',(-0.,-0.,-1.));
#3759 = ORIENTED_EDGE('',*,*,#3760,.T.);
#3760 = EDGE_CURVE('',#3753,#3727,#3761,.T.);
#3761 = LINE('',#3762,#3763);
#3762 = CARTESIAN_POINT('',(3.151928683383,-2.693508902077,9.6));
#3763 = VECTOR('',#3764,1.);
#3764 = DIRECTION('',(0.,1.,0.));
#3765 = ORIENTED_EDGE('',*,*,#3726,.F.);
#3766 = ORIENTED_EDGE('',*,*,#1101,.F.);
#3767 = PLANE('',#3768);
#3768 = AXIS2_PLACEMENT_3D('',#3769,#3770,#3771);
#3769 = CARTESIAN_POINT('',(3.151928683383,-2.693508902077,10.));
#3770 = DIRECTION('',(1.,0.,0.));
#3771 = DIRECTION('',(-0.,1.,0.));
#3772 = ADVANCED_FACE('',(#3773),#3791,.T.);
#3773 = FACE_BOUND('',#3774,.T.);
#3774 = EDGE_LOOP('',(#3775,#3783,#3789,#3790));
#3775 = ORIENTED_EDGE('',*,*,#3776,.T.);
#3776 = EDGE_CURVE('',#1086,#3777,#3779,.T.);
#3777 = VERTEX_POINT('',#3778);
#3778 = CARTESIAN_POINT('',(3.181834098813,-2.766394658754,9.6));
#3779 = LINE('',#3780,#3781);
#3780 = CARTESIAN_POINT('',(3.181834098813,-2.766394658754,10.));
#3781 = VECTOR('',#3782,1.);
#3782 = DIRECTION('',(-0.,-0.,-1.));
#3783 = ORIENTED_EDGE('',*,*,#3784,.T.);
#3784 = EDGE_CURVE('',#3777,#3753,#3785,.T.);
#3785 = B_SPLINE_CURVE_WITH_KNOTS('',2,(#3786,#3787,#3788),
  .UNSPECIFIED.,.F.,.F.,(3,3),(0.,1.),.PIECEWISE_BEZIER_KNOTS.);
#3786 = CARTESIAN_POINT('',(3.181834098813,-2.766394658754,9.6));
#3787 = CARTESIAN_POINT('',(3.151928683383,-2.736350148368,9.6));
#3788 = CARTESIAN_POINT('',(3.151928683383,-2.693508902077,9.6));
#3789 = ORIENTED_EDGE('',*,*,#3752,.F.);
#3790 = ORIENTED_EDGE('',*,*,#1093,.F.);
#3791 = SURFACE_OF_LINEAR_EXTRUSION('',#3792,#3796);
#3792 = B_SPLINE_CURVE_WITH_KNOTS('',2,(#3793,#3794,#3795),
  .UNSPECIFIED.,.F.,.F.,(3,3),(0.,1.),.PIECEWISE_BEZIER_KNOTS.);
#3793 = CARTESIAN_POINT('',(3.181834098813,-2.766394658754,10.));
#3794 = CARTESIAN_POINT('',(3.151928683383,-2.736350148368,10.));
#3795 = CARTESIAN_POINT('',(3.151928683383,-2.693508902077,10.));
#3796 = VECTOR('',#3797,1.);
#3797 = DIRECTION('',(0.,0.,1.));
#3798 = ADVANCED_FACE('',(#3799),#3817,.T.);
#3799 = FACE_BOUND('',#3800,.T.);
#3800 = EDGE_LOOP('',(#3801,#3809,#3815,#3816));
#3801 = ORIENTED_EDGE('',*,*,#3802,.T.);
#3802 = EDGE_CURVE('',#1078,#3803,#3805,.T.);
#3803 = VERTEX_POINT('',#3804);
#3804 = CARTESIAN_POINT('',(3.254580760534,-2.796439169139,9.6));
#3805 = LINE('',#3806,#3807);
#3806 = CARTESIAN_POINT('',(3.254580760534,-2.796439169139,10.));
#3807 = VECTOR('',#3808,1.);
#3808 = DIRECTION('',(-0.,-0.,-1.));
#3809 = ORIENTED_EDGE('',*,*,#3810,.T.);
#3810 = EDGE_CURVE('',#3803,#3777,#3811,.T.);
#3811 = B_SPLINE_CURVE_WITH_KNOTS('',2,(#3812,#3813,#3814),
  .UNSPECIFIED.,.F.,.F.,(3,3),(0.,1.),.PIECEWISE_BEZIER_KNOTS.);
#3812 = CARTESIAN_POINT('',(3.254580760534,-2.796439169139,9.6));
#3813 = CARTESIAN_POINT('',(3.211878609199,-2.796439169139,9.6));
#3814 = CARTESIAN_POINT('',(3.181834098813,-2.766394658754,9.6));
#3815 = ORIENTED_EDGE('',*,*,#3776,.F.);
#3816 = ORIENTED_EDGE('',*,*,#1085,.F.);
#3817 = SURFACE_OF_LINEAR_EXTRUSION('',#3818,#3822);
#3818 = B_SPLINE_CURVE_WITH_KNOTS('',2,(#3819,#3820,#3821),
  .UNSPECIFIED.,.F.,.F.,(3,3),(0.,1.),.PIECEWISE_BEZIER_KNOTS.);
#3819 = CARTESIAN_POINT('',(3.254580760534,-2.796439169139,10.));
#3820 = CARTESIAN_POINT('',(3.211878609199,-2.796439169139,10.));
#3821 = CARTESIAN_POINT('',(3.181834098813,-2.766394658754,10.));
#3822 = VECTOR('',#3823,1.);
#3823 = DIRECTION('',(0.,0.,1.));
#3824 = ADVANCED_FACE('',(#3825),#3843,.T.);
#3825 = FACE_BOUND('',#3826,.T.);
#3826 = EDGE_LOOP('',(#3827,#3835,#3841,#3842));
#3827 = ORIENTED_EDGE('',*,*,#3828,.T.);
#3828 = EDGE_CURVE('',#1070,#3829,#3831,.T.);
#3829 = VERTEX_POINT('',#3830);
#3830 = CARTESIAN_POINT('',(4.033234321365,-2.796439169139,9.6));
#3831 = LINE('',#3832,#3833);
#3832 = CARTESIAN_POINT('',(4.033234321365,-2.796439169139,10.));
#3833 = VECTOR('',#3834,1.);
#3834 = DIRECTION('',(-0.,-0.,-1.));
#3835 = ORIENTED_EDGE('',*,*,#3836,.T.);
#3836 = EDGE_CURVE('',#3829,#3803,#3837,.T.);
#3837 = LINE('',#3838,#3839);
#3838 = CARTESIAN_POINT('',(4.033234321365,-2.796439169139,9.6));
#3839 = VECTOR('',#3840,1.);
#3840 = DIRECTION('',(-1.,0.,0.));
#3841 = ORIENTED_EDGE('',*,*,#3802,.F.);
#3842 = ORIENTED_EDGE('',*,*,#1077,.F.);
#3843 = PLANE('',#3844);
#3844 = AXIS2_PLACEMENT_3D('',#3845,#3846,#3847);
#3845 = CARTESIAN_POINT('',(4.033234321365,-2.796439169139,10.));
#3846 = DIRECTION('',(0.,1.,0.));
#3847 = DIRECTION('',(-1.,0.,0.));
#3848 = ADVANCED_FACE('',(#3849),#3867,.T.);
#3849 = FACE_BOUND('',#3850,.T.);
#3850 = EDGE_LOOP('',(#3851,#3859,#3865,#3866));
#3851 = ORIENTED_EDGE('',*,*,#3852,.T.);
#3852 = EDGE_CURVE('',#1062,#3853,#3855,.T.);
#3853 = VERTEX_POINT('',#3854);
#3854 = CARTESIAN_POINT('',(4.033234321365,-5.092896884273,9.6));
#3855 = LINE('',#3856,#3857);
#3856 = CARTESIAN_POINT('',(4.033234321365,-5.092896884273,10.));
#3857 = VECTOR('',#3858,1.);
#3858 = DIRECTION('',(-0.,-0.,-1.));
#3859 = ORIENTED_EDGE('',*,*,#3860,.T.);
#3860 = EDGE_CURVE('',#3853,#3829,#3861,.T.);
#3861 = LINE('',#3862,#3863);
#3862 = CARTESIAN_POINT('',(4.033234321365,-5.092896884273,9.6));
#3863 = VECTOR('',#3864,1.);
#3864 = DIRECTION('',(0.,1.,0.));
#3865 = ORIENTED_EDGE('',*,*,#3828,.F.);
#3866 = ORIENTED_EDGE('',*,*,#1069,.F.);
#3867 = PLANE('',#3868);
#3868 = AXIS2_PLACEMENT_3D('',#3869,#3870,#3871);
#3869 = CARTESIAN_POINT('',(4.033234321365,-5.092896884273,10.));
#3870 = DIRECTION('',(1.,0.,0.));
#3871 = DIRECTION('',(-0.,1.,0.));
#3872 = ADVANCED_FACE('',(#3873),#3891,.T.);
#3873 = FACE_BOUND('',#3874,.T.);
#3874 = EDGE_LOOP('',(#3875,#3883,#3889,#3890));
#3875 = ORIENTED_EDGE('',*,*,#3876,.T.);
#3876 = EDGE_CURVE('',#1054,#3877,#3879,.T.);
#3877 = VERTEX_POINT('',#3878);
#3878 = CARTESIAN_POINT('',(4.06300064184,-5.17009458457,9.6));
#3879 = LINE('',#3880,#3881);
#3880 = CARTESIAN_POINT('',(4.06300064184,-5.17009458457,10.));
#3881 = VECTOR('',#3882,1.);
#3882 = DIRECTION('',(-0.,-0.,-1.));
#3883 = ORIENTED_EDGE('',*,*,#3884,.T.);
#3884 = EDGE_CURVE('',#3877,#3853,#3885,.T.);
#3885 = B_SPLINE_CURVE_WITH_KNOTS('',2,(#3886,#3887,#3888),
  .UNSPECIFIED.,.F.,.F.,(3,3),(0.,1.),.PIECEWISE_BEZIER_KNOTS.);
#3886 = CARTESIAN_POINT('',(4.06300064184,-5.17009458457,9.6));
#3887 = CARTESIAN_POINT('',(4.033234321365,-5.140050074184,9.6));
#3888 = CARTESIAN_POINT('',(4.033234321365,-5.092896884273,9.6));
#3889 = ORIENTED_EDGE('',*,*,#3852,.F.);
#3890 = ORIENTED_EDGE('',*,*,#1061,.F.);
#3891 = SURFACE_OF_LINEAR_EXTRUSION('',#3892,#3896);
#3892 = B_SPLINE_CURVE_WITH_KNOTS('',2,(#3893,#3894,#3895),
  .UNSPECIFIED.,.F.,.F.,(3,3),(0.,1.),.PIECEWISE_BEZIER_KNOTS.);
#3893 = CARTESIAN_POINT('',(4.06300064184,-5.17009458457,10.));
#3894 = CARTESIAN_POINT('',(4.033234321365,-5.140050074184,10.));
#3895 = CARTESIAN_POINT('',(4.033234321365,-5.092896884273,10.));
#3896 = VECTOR('',#3897,1.);
#3897 = DIRECTION('',(0.,0.,1.));
#3898 = ADVANCED_FACE('',(#3899),#3910,.T.);
#3899 = FACE_BOUND('',#3900,.T.);
#3900 = EDGE_LOOP('',(#3901,#3902,#3908,#3909));
#3901 = ORIENTED_EDGE('',*,*,#3433,.T.);
#3902 = ORIENTED_EDGE('',*,*,#3903,.T.);
#3903 = EDGE_CURVE('',#3426,#3877,#3904,.T.);
#3904 = B_SPLINE_CURVE_WITH_KNOTS('',2,(#3905,#3906,#3907),
  .UNSPECIFIED.,.F.,.F.,(3,3),(0.,1.),.PIECEWISE_BEZIER_KNOTS.);
#3905 = CARTESIAN_POINT('',(4.139641962315,-5.2,9.6));
#3906 = CARTESIAN_POINT('',(4.092766962315,-5.2,9.6));
#3907 = CARTESIAN_POINT('',(4.06300064184,-5.17009458457,9.6));
#3908 = ORIENTED_EDGE('',*,*,#3876,.F.);
#3909 = ORIENTED_EDGE('',*,*,#1053,.F.);
#3910 = SURFACE_OF_LINEAR_EXTRUSION('',#3911,#3915);
#3911 = B_SPLINE_CURVE_WITH_KNOTS('',2,(#3912,#3913,#3914),
  .UNSPECIFIED.,.F.,.F.,(3,3),(0.,1.),.PIECEWISE_BEZIER_KNOTS.);
#3912 = CARTESIAN_POINT('',(4.139641962315,-5.2,10.));
#3913 = CARTESIAN_POINT('',(4.092766962315,-5.2,10.));
#3914 = CARTESIAN_POINT('',(4.06300064184,-5.17009458457,10.));
#3915 = VECTOR('',#3916,1.);
#3916 = DIRECTION('',(0.,0.,1.));
#3917 = ADVANCED_FACE('',(#3918),#3943,.T.);
#3918 = FACE_BOUND('',#3919,.T.);
#3919 = EDGE_LOOP('',(#3920,#3928,#3936,#3942));
#3920 = ORIENTED_EDGE('',*,*,#3921,.T.);
#3921 = EDGE_CURVE('',#1206,#3922,#3924,.T.);
#3922 = VERTEX_POINT('',#3923);
#3923 = CARTESIAN_POINT('',(-3.327485063205,-0.408308605341,9.6));
#3924 = LINE('',#3925,#3926);
#3925 = CARTESIAN_POINT('',(-3.327485063205,-0.408308605341,10.));
#3926 = VECTOR('',#3927,1.);
#3927 = DIRECTION('',(-0.,-0.,-1.));
#3928 = ORIENTED_EDGE('',*,*,#3929,.T.);
#3929 = EDGE_CURVE('',#3922,#3930,#3932,.T.);
#3930 = VERTEX_POINT('',#3931);
#3931 = CARTESIAN_POINT('',(-4.401112659644,-0.408308605341,9.6));
#3932 = LINE('',#3933,#3934);
#3933 = CARTESIAN_POINT('',(-3.327485063205,-0.408308605341,9.6));
#3934 = VECTOR('',#3935,1.);
#3935 = DIRECTION('',(-1.,0.,0.));
#3936 = ORIENTED_EDGE('',*,*,#3937,.F.);
#3937 = EDGE_CURVE('',#1208,#3930,#3938,.T.);
#3938 = LINE('',#3939,#3940);
#3939 = CARTESIAN_POINT('',(-4.401112659644,-0.408308605341,10.));
#3940 = VECTOR('',#3941,1.);
#3941 = DIRECTION('',(-0.,-0.,-1.));
#3942 = ORIENTED_EDGE('',*,*,#1205,.F.);
#3943 = PLANE('',#3944);
#3944 = AXIS2_PLACEMENT_3D('',#3945,#3946,#3947);
#3945 = CARTESIAN_POINT('',(-3.327485063205,-0.408308605341,10.));
#3946 = DIRECTION('',(0.,1.,0.));
#3947 = DIRECTION('',(-1.,0.,0.));
#3948 = ADVANCED_FACE('',(#3949),#3967,.T.);
#3949 = FACE_BOUND('',#3950,.T.);
#3950 = EDGE_LOOP('',(#3951,#3959,#3965,#3966));
#3951 = ORIENTED_EDGE('',*,*,#3952,.T.);
#3952 = EDGE_CURVE('',#1328,#3953,#3955,.T.);
#3953 = VERTEX_POINT('',#3954);
#3954 = CARTESIAN_POINT('',(-3.180786250148,-0.348330860534,9.6));
#3955 = LINE('',#3956,#3957);
#3956 = CARTESIAN_POINT('',(-3.180786250148,-0.348330860534,10.));
#3957 = VECTOR('',#3958,1.);
#3958 = DIRECTION('',(-0.,-0.,-1.));
#3959 = ORIENTED_EDGE('',*,*,#3960,.T.);
#3960 = EDGE_CURVE('',#3953,#3922,#3961,.T.);
#3961 = B_SPLINE_CURVE_WITH_KNOTS('',2,(#3962,#3963,#3964),
  .UNSPECIFIED.,.F.,.F.,(3,3),(0.,1.),.PIECEWISE_BEZIER_KNOTS.);
#3962 = CARTESIAN_POINT('',(-3.180786250148,-0.348330860534,9.6));
#3963 = CARTESIAN_POINT('',(-3.240244707122,-0.408308605341,9.6));
#3964 = CARTESIAN_POINT('',(-3.327485063205,-0.408308605341,9.6));
#3965 = ORIENTED_EDGE('',*,*,#3921,.F.);
#3966 = ORIENTED_EDGE('',*,*,#1335,.F.);
#3967 = SURFACE_OF_LINEAR_EXTRUSION('',#3968,#3972);
#3968 = B_SPLINE_CURVE_WITH_KNOTS('',2,(#3969,#3970,#3971),
  .UNSPECIFIED.,.F.,.F.,(3,3),(0.,1.),.PIECEWISE_BEZIER_KNOTS.);
#3969 = CARTESIAN_POINT('',(-3.180786250148,-0.348330860534,10.));
#3970 = CARTESIAN_POINT('',(-3.240244707122,-0.408308605341,10.));
#3971 = CARTESIAN_POINT('',(-3.327485063205,-0.408308605341,10.));
#3972 = VECTOR('',#3973,1.);
#3973 = DIRECTION('',(0.,0.,1.));
#3974 = ADVANCED_FACE('',(#3975),#3993,.T.);
#3975 = FACE_BOUND('',#3976,.T.);
#3976 = EDGE_LOOP('',(#3977,#3978,#3986,#3992));
#3977 = ORIENTED_EDGE('',*,*,#3937,.T.);
#3978 = ORIENTED_EDGE('',*,*,#3979,.T.);
#3979 = EDGE_CURVE('',#3930,#3980,#3982,.T.);
#3980 = VERTEX_POINT('',#3981);
#3981 = CARTESIAN_POINT('',(-4.54443610178,-0.348330860534,9.6));
#3982 = B_SPLINE_CURVE_WITH_KNOTS('',2,(#3983,#3984,#3985),
  .UNSPECIFIED.,.F.,.F.,(3,3),(0.,1.),.PIECEWISE_BEZIER_KNOTS.);
#3983 = CARTESIAN_POINT('',(-4.401112659644,-0.408308605341,9.6));
#3984 = CARTESIAN_POINT('',(-4.488612659644,-0.408308605341,9.6));
#3985 = CARTESIAN_POINT('',(-4.54443610178,-0.348330860534,9.6));
#3986 = ORIENTED_EDGE('',*,*,#3987,.F.);
#3987 = EDGE_CURVE('',#1216,#3980,#3988,.T.);
#3988 = LINE('',#3989,#3990);
#3989 = CARTESIAN_POINT('',(-4.54443610178,-0.348330860534,10.));
#3990 = VECTOR('',#3991,1.);
#3991 = DIRECTION('',(-0.,-0.,-1.));
#3992 = ORIENTED_EDGE('',*,*,#1215,.F.);
#3993 = SURFACE_OF_LINEAR_EXTRUSION('',#3994,#3998);
#3994 = B_SPLINE_CURVE_WITH_KNOTS('',2,(#3995,#3996,#3997),
  .UNSPECIFIED.,.F.,.F.,(3,3),(0.,1.),.PIECEWISE_BEZIER_KNOTS.);
#3995 = CARTESIAN_POINT('',(-4.401112659644,-0.408308605341,10.));
#3996 = CARTESIAN_POINT('',(-4.488612659644,-0.408308605341,10.));
#3997 = CARTESIAN_POINT('',(-4.54443610178,-0.348330860534,10.));
#3998 = VECTOR('',#3999,1.);
#3999 = DIRECTION('',(0.,0.,1.));
#4000 = ADVANCED_FACE('',(#4001),#4019,.T.);
#4001 = FACE_BOUND('',#4002,.T.);
#4002 = EDGE_LOOP('',(#4003,#4011,#4017,#4018));
#4003 = ORIENTED_EDGE('',*,*,#4004,.T.);
#4004 = EDGE_CURVE('',#1320,#4005,#4007,.T.);
#4005 = VERTEX_POINT('',#4006);
#4006 = CARTESIAN_POINT('',(-3.121068149258,-0.208123145401,9.6));
#4007 = LINE('',#4008,#4009);
#4008 = CARTESIAN_POINT('',(-3.121068149258,-0.208123145401,10.));
#4009 = VECTOR('',#4010,1.);
#4010 = DIRECTION('',(-0.,-0.,-1.));
#4011 = ORIENTED_EDGE('',*,*,#4012,.T.);
#4012 = EDGE_CURVE('',#4005,#3953,#4013,.T.);
#4013 = B_SPLINE_CURVE_WITH_KNOTS('',2,(#4014,#4015,#4016),
  .UNSPECIFIED.,.F.,.F.,(3,3),(0.,1.),.PIECEWISE_BEZIER_KNOTS.);
#4014 = CARTESIAN_POINT('',(-3.121068149258,-0.208123145401,9.6));
#4015 = CARTESIAN_POINT('',(-3.121068149258,-0.288353115727,9.6));
#4016 = CARTESIAN_POINT('',(-3.180786250148,-0.348330860534,9.6));
#4017 = ORIENTED_EDGE('',*,*,#3952,.F.);
#4018 = ORIENTED_EDGE('',*,*,#1327,.F.);
#4019 = SURFACE_OF_LINEAR_EXTRUSION('',#4020,#4024);
#4020 = B_SPLINE_CURVE_WITH_KNOTS('',2,(#4021,#4022,#4023),
  .UNSPECIFIED.,.F.,.F.,(3,3),(0.,1.),.PIECEWISE_BEZIER_KNOTS.);
#4021 = CARTESIAN_POINT('',(-3.121068149258,-0.208123145401,10.));
#4022 = CARTESIAN_POINT('',(-3.121068149258,-0.288353115727,10.));
#4023 = CARTESIAN_POINT('',(-3.180786250148,-0.348330860534,10.));
#4024 = VECTOR('',#4025,1.);
#4025 = DIRECTION('',(0.,0.,1.));
#4026 = ADVANCED_FACE('',(#4027),#4045,.T.);
#4027 = FACE_BOUND('',#4028,.T.);
#4028 = EDGE_LOOP('',(#4029,#4030,#4038,#4044));
#4029 = ORIENTED_EDGE('',*,*,#3987,.T.);
#4030 = ORIENTED_EDGE('',*,*,#4031,.T.);
#4031 = EDGE_CURVE('',#3980,#4032,#4034,.T.);
#4032 = VERTEX_POINT('',#4033);
#4033 = CARTESIAN_POINT('',(-4.5999999,-0.208642433234,9.6));
#4034 = B_SPLINE_CURVE_WITH_KNOTS('',2,(#4035,#4036,#4037),
  .UNSPECIFIED.,.F.,.F.,(3,3),(0.,1.),.PIECEWISE_BEZIER_KNOTS.);
#4035 = CARTESIAN_POINT('',(-4.54443610178,-0.348330860534,9.6));
#4036 = CARTESIAN_POINT('',(-4.5999999,-0.288353115727,9.6));
#4037 = CARTESIAN_POINT('',(-4.5999999,-0.208642433234,9.6));
#4038 = ORIENTED_EDGE('',*,*,#4039,.F.);
#4039 = EDGE_CURVE('',#1224,#4032,#4040,.T.);
#4040 = LINE('',#4041,#4042);
#4041 = CARTESIAN_POINT('',(-4.5999999,-0.208642433234,10.));
#4042 = VECTOR('',#4043,1.);
#4043 = DIRECTION('',(-0.,-0.,-1.));
#4044 = ORIENTED_EDGE('',*,*,#1223,.F.);
#4045 = SURFACE_OF_LINEAR_EXTRUSION('',#4046,#4050);
#4046 = B_SPLINE_CURVE_WITH_KNOTS('',2,(#4047,#4048,#4049),
  .UNSPECIFIED.,.F.,.F.,(3,3),(0.,1.),.PIECEWISE_BEZIER_KNOTS.);
#4047 = CARTESIAN_POINT('',(-4.54443610178,-0.348330860534,10.));
#4048 = CARTESIAN_POINT('',(-4.5999999,-0.288353115727,10.));
#4049 = CARTESIAN_POINT('',(-4.5999999,-0.208642433234,10.));
#4050 = VECTOR('',#4051,1.);
#4051 = DIRECTION('',(0.,0.,1.));
#4052 = ADVANCED_FACE('',(#4053),#4071,.T.);
#4053 = FACE_BOUND('',#4054,.T.);
#4054 = EDGE_LOOP('',(#4055,#4063,#4069,#4070));
#4055 = ORIENTED_EDGE('',*,*,#4056,.T.);
#4056 = EDGE_CURVE('',#1312,#4057,#4059,.T.);
#4057 = VERTEX_POINT('',#4058);
#4058 = CARTESIAN_POINT('',(-3.121068149258,1.544213649852,9.6));
#4059 = LINE('',#4060,#4061);
#4060 = CARTESIAN_POINT('',(-3.121068149258,1.544213649852,10.));
#4061 = VECTOR('',#4062,1.);
#4062 = DIRECTION('',(-0.,-0.,-1.));
#4063 = ORIENTED_EDGE('',*,*,#4064,.T.);
#4064 = EDGE_CURVE('',#4057,#4005,#4065,.T.);
#4065 = LINE('',#4066,#4067);
#4066 = CARTESIAN_POINT('',(-3.121068149258,1.544213649852,9.6));
#4067 = VECTOR('',#4068,1.);
#4068 = DIRECTION('',(0.,-1.,0.));
#4069 = ORIENTED_EDGE('',*,*,#4004,.F.);
#4070 = ORIENTED_EDGE('',*,*,#1319,.F.);
#4071 = PLANE('',#4072);
#4072 = AXIS2_PLACEMENT_3D('',#4073,#4074,#4075);
#4073 = CARTESIAN_POINT('',(-3.121068149258,1.544213649852,10.));
#4074 = DIRECTION('',(-1.,0.,0.));
#4075 = DIRECTION('',(0.,-1.,0.));
#4076 = ADVANCED_FACE('',(#4077),#4095,.T.);
#4077 = FACE_BOUND('',#4078,.T.);
#4078 = EDGE_LOOP('',(#4079,#4080,#4088,#4094));
#4079 = ORIENTED_EDGE('',*,*,#4039,.T.);
#4080 = ORIENTED_EDGE('',*,*,#4081,.T.);
#4081 = EDGE_CURVE('',#4032,#4082,#4084,.T.);
#4082 = VERTEX_POINT('',#4083);
#4083 = CARTESIAN_POINT('',(-4.5999999,4.983716617211,9.6));
#4084 = LINE('',#4085,#4086);
#4085 = CARTESIAN_POINT('',(-4.5999999,-0.208642433234,9.6));
#4086 = VECTOR('',#4087,1.);
#4087 = DIRECTION('',(0.,1.,0.));
#4088 = ORIENTED_EDGE('',*,*,#4089,.F.);
#4089 = EDGE_CURVE('',#1232,#4082,#4090,.T.);
#4090 = LINE('',#4091,#4092);
#4091 = CARTESIAN_POINT('',(-4.5999999,4.983716617211,10.));
#4092 = VECTOR('',#4093,1.);
#4093 = DIRECTION('',(-0.,-0.,-1.));
#4094 = ORIENTED_EDGE('',*,*,#1231,.F.);
#4095 = PLANE('',#4096);
#4096 = AXIS2_PLACEMENT_3D('',#4097,#4098,#4099);
#4097 = CARTESIAN_POINT('',(-4.5999999,-0.208642433234,10.));
#4098 = DIRECTION('',(1.,0.,0.));
#4099 = DIRECTION('',(0.,1.,0.));
#4100 = ADVANCED_FACE('',(#4101),#4119,.T.);
#4101 = FACE_BOUND('',#4102,.T.);
#4102 = EDGE_LOOP('',(#4103,#4111,#4117,#4118));
#4103 = ORIENTED_EDGE('',*,*,#4104,.T.);
#4104 = EDGE_CURVE('',#1304,#4105,#4107,.T.);
#4105 = VERTEX_POINT('',#4106);
#4106 = CARTESIAN_POINT('',(-2.172329276855,1.544213649852,9.6));
#4107 = LINE('',#4108,#4109);
#4108 = CARTESIAN_POINT('',(-2.172329276855,1.544213649852,10.));
#4109 = VECTOR('',#4110,1.);
#4110 = DIRECTION('',(-0.,-0.,-1.));
#4111 = ORIENTED_EDGE('',*,*,#4112,.T.);
#4112 = EDGE_CURVE('',#4105,#4057,#4113,.T.);
#4113 = LINE('',#4114,#4115);
#4114 = CARTESIAN_POINT('',(-2.172329276855,1.544213649852,9.6));
#4115 = VECTOR('',#4116,1.);
#4116 = DIRECTION('',(-1.,0.,0.));
#4117 = ORIENTED_EDGE('',*,*,#4056,.F.);
#4118 = ORIENTED_EDGE('',*,*,#1311,.F.);
#4119 = PLANE('',#4120);
#4120 = AXIS2_PLACEMENT_3D('',#4121,#4122,#4123);
#4121 = CARTESIAN_POINT('',(-2.172329276855,1.544213649852,10.));
#4122 = DIRECTION('',(0.,1.,0.));
#4123 = DIRECTION('',(-1.,0.,0.));
#4124 = ADVANCED_FACE('',(#4125),#4143,.T.);
#4125 = FACE_BOUND('',#4126,.T.);
#4126 = EDGE_LOOP('',(#4127,#4128,#4136,#4142));
#4127 = ORIENTED_EDGE('',*,*,#4089,.T.);
#4128 = ORIENTED_EDGE('',*,*,#4129,.T.);
#4129 = EDGE_CURVE('',#4082,#4130,#4132,.T.);
#4130 = VERTEX_POINT('',#4131);
#4131 = CARTESIAN_POINT('',(-4.54443610178,5.127299703264,9.6));
#4132 = B_SPLINE_CURVE_WITH_KNOTS('',2,(#4133,#4134,#4135),
  .UNSPECIFIED.,.F.,.F.,(3,3),(0.,1.),.PIECEWISE_BEZIER_KNOTS.);
#4133 = CARTESIAN_POINT('',(-4.5999999,4.983716617211,9.6));
#4134 = CARTESIAN_POINT('',(-4.5999999,5.071476261128,9.6));
#4135 = CARTESIAN_POINT('',(-4.54443610178,5.127299703264,9.6));
#4136 = ORIENTED_EDGE('',*,*,#4137,.F.);
#4137 = EDGE_CURVE('',#1240,#4130,#4138,.T.);
#4138 = LINE('',#4139,#4140);
#4139 = CARTESIAN_POINT('',(-4.54443610178,5.127299703264,10.));
#4140 = VECTOR('',#4141,1.);
#4141 = DIRECTION('',(-0.,-0.,-1.));
#4142 = ORIENTED_EDGE('',*,*,#1239,.F.);
#4143 = SURFACE_OF_LINEAR_EXTRUSION('',#4144,#4148);
#4144 = B_SPLINE_CURVE_WITH_KNOTS('',2,(#4145,#4146,#4147),
  .UNSPECIFIED.,.F.,.F.,(3,3),(0.,1.),.PIECEWISE_BEZIER_KNOTS.);
#4145 = CARTESIAN_POINT('',(-4.5999999,4.983716617211,10.));
#4146 = CARTESIAN_POINT('',(-4.5999999,5.071476261128,10.));
#4147 = CARTESIAN_POINT('',(-4.54443610178,5.127299703264,10.));
#4148 = VECTOR('',#4149,1.);
#4149 = DIRECTION('',(0.,0.,1.));
#4150 = ADVANCED_FACE('',(#4151),#4169,.T.);
#4151 = FACE_BOUND('',#4152,.T.);
#4152 = EDGE_LOOP('',(#4153,#4161,#4167,#4168));
#4153 = ORIENTED_EDGE('',*,*,#4154,.T.);
#4154 = EDGE_CURVE('',#1296,#4155,#4157,.T.);
#4155 = VERTEX_POINT('',#4156);
#4156 = CARTESIAN_POINT('',(-1.020808505341,1.735571216617,9.6));
#4157 = LINE('',#4158,#4159);
#4158 = CARTESIAN_POINT('',(-1.020808505341,1.735571216617,10.));
#4159 = VECTOR('',#4160,1.);
#4160 = DIRECTION('',(-0.,-0.,-1.));
#4161 = ORIENTED_EDGE('',*,*,#4162,.T.);
#4162 = EDGE_CURVE('',#4155,#4105,#4163,.T.);
#4163 = B_SPLINE_CURVE_WITH_KNOTS('',2,(#4164,#4165,#4166),
  .UNSPECIFIED.,.F.,.F.,(3,3),(0.,1.),.PIECEWISE_BEZIER_KNOTS.);
#4164 = CARTESIAN_POINT('',(-1.020808505341,1.735571216617,9.6));
#4165 = CARTESIAN_POINT('',(-1.510756576558,1.544213649852,9.6));
#4166 = CARTESIAN_POINT('',(-2.172329276855,1.544213649852,9.6));
#4167 = ORIENTED_EDGE('',*,*,#4104,.F.);
#4168 = ORIENTED_EDGE('',*,*,#1303,.F.);
#4169 = SURFACE_OF_LINEAR_EXTRUSION('',#4170,#4174);
#4170 = B_SPLINE_CURVE_WITH_KNOTS('',2,(#4171,#4172,#4173),
  .UNSPECIFIED.,.F.,.F.,(3,3),(0.,1.),.PIECEWISE_BEZIER_KNOTS.);
#4171 = CARTESIAN_POINT('',(-1.020808505341,1.735571216617,10.));
#4172 = CARTESIAN_POINT('',(-1.510756576558,1.544213649852,10.));
#4173 = CARTESIAN_POINT('',(-2.172329276855,1.544213649852,10.));
#4174 = VECTOR('',#4175,1.);
#4175 = DIRECTION('',(0.,0.,1.));
#4176 = ADVANCED_FACE('',(#4177),#4195,.T.);
#4177 = FACE_BOUND('',#4178,.T.);
#4178 = EDGE_LOOP('',(#4179,#4180,#4188,#4194));
#4179 = ORIENTED_EDGE('',*,*,#4137,.T.);
#4180 = ORIENTED_EDGE('',*,*,#4181,.T.);
#4181 = EDGE_CURVE('',#4130,#4182,#4184,.T.);
#4182 = VERTEX_POINT('',#4183);
#4183 = CARTESIAN_POINT('',(-4.400853015727,5.183382789318,9.6));
#4184 = B_SPLINE_CURVE_WITH_KNOTS('',2,(#4185,#4186,#4187),
  .UNSPECIFIED.,.F.,.F.,(3,3),(0.,1.),.PIECEWISE_BEZIER_KNOTS.);
#4185 = CARTESIAN_POINT('',(-4.54443610178,5.127299703264,9.6));
#4186 = CARTESIAN_POINT('',(-4.488612659644,5.183382789318,9.6));
#4187 = CARTESIAN_POINT('',(-4.400853015727,5.183382789318,9.6));
#4188 = ORIENTED_EDGE('',*,*,#4189,.F.);
#4189 = EDGE_CURVE('',#1248,#4182,#4190,.T.);
#4190 = LINE('',#4191,#4192);
#4191 = CARTESIAN_POINT('',(-4.400853015727,5.183382789318,10.));
#4192 = VECTOR('',#4193,1.);
#4193 = DIRECTION('',(-0.,-0.,-1.));
#4194 = ORIENTED_EDGE('',*,*,#1247,.F.);
#4195 = SURFACE_OF_LINEAR_EXTRUSION('',#4196,#4200);
#4196 = B_SPLINE_CURVE_WITH_KNOTS('',2,(#4197,#4198,#4199),
  .UNSPECIFIED.,.F.,.F.,(3,3),(0.,1.),.PIECEWISE_BEZIER_KNOTS.);
#4197 = CARTESIAN_POINT('',(-4.54443610178,5.127299703264,10.));
#4198 = CARTESIAN_POINT('',(-4.488612659644,5.183382789318,10.));
#4199 = CARTESIAN_POINT('',(-4.400853015727,5.183382789318,10.));
#4200 = VECTOR('',#4201,1.);
#4201 = DIRECTION('',(0.,0.,1.));
#4202 = ADVANCED_FACE('',(#4203),#4221,.T.);
#4203 = FACE_BOUND('',#4204,.T.);
#4204 = EDGE_LOOP('',(#4205,#4213,#4219,#4220));
#4205 = ORIENTED_EDGE('',*,*,#4206,.T.);
#4206 = EDGE_CURVE('',#1288,#4207,#4209,.T.);
#4207 = VERTEX_POINT('',#4208);
#4208 = CARTESIAN_POINT('',(-0.255637882196,2.326261127596,9.6));
#4209 = LINE('',#4210,#4211);
#4210 = CARTESIAN_POINT('',(-0.255637882196,2.326261127596,10.));
#4211 = VECTOR('',#4212,1.);
#4212 = DIRECTION('',(-0.,-0.,-1.));
#4213 = ORIENTED_EDGE('',*,*,#4214,.T.);
#4214 = EDGE_CURVE('',#4207,#4155,#4215,.T.);
#4215 = B_SPLINE_CURVE_WITH_KNOTS('',2,(#4216,#4217,#4218),
  .UNSPECIFIED.,.F.,.F.,(3,3),(0.,1.),.PIECEWISE_BEZIER_KNOTS.);
#4216 = CARTESIAN_POINT('',(-0.255637882196,2.326261127596,9.6));
#4217 = CARTESIAN_POINT('',(-0.530600790208,1.9271884273,9.6));
#4218 = CARTESIAN_POINT('',(-1.020808505341,1.735571216617,9.6));
#4219 = ORIENTED_EDGE('',*,*,#4154,.F.);
#4220 = ORIENTED_EDGE('',*,*,#1295,.F.);
#4221 = SURFACE_OF_LINEAR_EXTRUSION('',#4222,#4226);
#4222 = B_SPLINE_CURVE_WITH_KNOTS('',2,(#4223,#4224,#4225),
  .UNSPECIFIED.,.F.,.F.,(3,3),(0.,1.),.PIECEWISE_BEZIER_KNOTS.);
#4223 = CARTESIAN_POINT('',(-0.255637882196,2.326261127596,10.));
#4224 = CARTESIAN_POINT('',(-0.530600790208,1.9271884273,10.));
#4225 = CARTESIAN_POINT('',(-1.020808505341,1.735571216617,10.));
#4226 = VECTOR('',#4227,1.);
#4227 = DIRECTION('',(0.,0.,1.));
#4228 = ADVANCED_FACE('',(#4229),#4247,.T.);
#4229 = FACE_BOUND('',#4230,.T.);
#4230 = EDGE_LOOP('',(#4231,#4232,#4240,#4246));
#4231 = ORIENTED_EDGE('',*,*,#4189,.T.);
#4232 = ORIENTED_EDGE('',*,*,#4233,.T.);
#4233 = EDGE_CURVE('',#4182,#4234,#4236,.T.);
#4234 = VERTEX_POINT('',#4235);
#4235 = CARTESIAN_POINT('',(-2.170771413353,5.183382789318,9.6));
#4236 = LINE('',#4237,#4238);
#4237 = CARTESIAN_POINT('',(-4.400853015727,5.183382789318,9.6));
#4238 = VECTOR('',#4239,1.);
#4239 = DIRECTION('',(1.,0.,0.));
#4240 = ORIENTED_EDGE('',*,*,#4241,.F.);
#4241 = EDGE_CURVE('',#1256,#4234,#4242,.T.);
#4242 = LINE('',#4243,#4244);
#4243 = CARTESIAN_POINT('',(-2.170771413353,5.183382789318,10.));
#4244 = VECTOR('',#4245,1.);
#4245 = DIRECTION('',(-0.,-0.,-1.));
#4246 = ORIENTED_EDGE('',*,*,#1255,.F.);
#4247 = PLANE('',#4248);
#4248 = AXIS2_PLACEMENT_3D('',#4249,#4250,#4251);
#4249 = CARTESIAN_POINT('',(-4.400853015727,5.183382789318,10.));
#4250 = DIRECTION('',(0.,-1.,0.));
#4251 = DIRECTION('',(1.,0.,0.));
#4252 = ADVANCED_FACE('',(#4253),#4271,.T.);
#4253 = FACE_BOUND('',#4254,.T.);
#4254 = EDGE_LOOP('',(#4255,#4263,#4269,#4270));
#4255 = ORIENTED_EDGE('',*,*,#4256,.T.);
#4256 = EDGE_CURVE('',#1280,#4257,#4259,.T.);
#4257 = VERTEX_POINT('',#4258);
#4258 = CARTESIAN_POINT('',(1.958466973294E-02,3.339910979228,9.6));
#4259 = LINE('',#4260,#4261);
#4260 = CARTESIAN_POINT('',(1.958466973294E-02,3.339910979228,10.));
#4261 = VECTOR('',#4262,1.);
#4262 = DIRECTION('',(-0.,-0.,-1.));
#4263 = ORIENTED_EDGE('',*,*,#4264,.T.);
#4264 = EDGE_CURVE('',#4257,#4207,#4265,.T.);
#4265 = B_SPLINE_CURVE_WITH_KNOTS('',2,(#4266,#4267,#4268),
  .UNSPECIFIED.,.F.,.F.,(3,3),(0.,1.),.PIECEWISE_BEZIER_KNOTS.);
#4266 = CARTESIAN_POINT('',(1.958466973294E-02,3.339910979228,9.6));
#4267 = CARTESIAN_POINT('',(1.958466973294E-02,2.725333827893,9.6));
#4268 = CARTESIAN_POINT('',(-0.255637882196,2.326261127596,9.6));
#4269 = ORIENTED_EDGE('',*,*,#4206,.F.);
#4270 = ORIENTED_EDGE('',*,*,#1287,.F.);
#4271 = SURFACE_OF_LINEAR_EXTRUSION('',#4272,#4276);
#4272 = B_SPLINE_CURVE_WITH_KNOTS('',2,(#4273,#4274,#4275),
  .UNSPECIFIED.,.F.,.F.,(3,3),(0.,1.),.PIECEWISE_BEZIER_KNOTS.);
#4273 = CARTESIAN_POINT('',(1.958466973294E-02,3.339910979228,10.));
#4274 = CARTESIAN_POINT('',(1.958466973294E-02,2.725333827893,10.));
#4275 = CARTESIAN_POINT('',(-0.255637882196,2.326261127596,10.));
#4276 = VECTOR('',#4277,1.);
#4277 = DIRECTION('',(0.,0.,1.));
#4278 = ADVANCED_FACE('',(#4279),#4297,.T.);
#4279 = FACE_BOUND('',#4280,.T.);
#4280 = EDGE_LOOP('',(#4281,#4282,#4290,#4296));
#4281 = ORIENTED_EDGE('',*,*,#4241,.T.);
#4282 = ORIENTED_EDGE('',*,*,#4283,.T.);
#4283 = EDGE_CURVE('',#4234,#4284,#4286,.T.);
#4284 = VERTEX_POINT('',#4285);
#4285 = CARTESIAN_POINT('',(-1.019769929674,4.979821958457,9.6));
#4286 = B_SPLINE_CURVE_WITH_KNOTS('',2,(#4287,#4288,#4289),
  .UNSPECIFIED.,.F.,.F.,(3,3),(0.,1.),.PIECEWISE_BEZIER_KNOTS.);
#4287 = CARTESIAN_POINT('',(-2.170771413353,5.183382789318,9.6));
#4288 = CARTESIAN_POINT('',(-1.509458356973,5.183382789318,9.6));
#4289 = CARTESIAN_POINT('',(-1.019769929674,4.979821958457,9.6));
#4290 = ORIENTED_EDGE('',*,*,#4291,.F.);
#4291 = EDGE_CURVE('',#1264,#4284,#4292,.T.);
#4292 = LINE('',#4293,#4294);
#4293 = CARTESIAN_POINT('',(-1.019769929674,4.979821958457,10.));
#4294 = VECTOR('',#4295,1.);
#4295 = DIRECTION('',(-0.,-0.,-1.));
#4296 = ORIENTED_EDGE('',*,*,#1263,.F.);
#4297 = SURFACE_OF_LINEAR_EXTRUSION('',#4298,#4302);
#4298 = B_SPLINE_CURVE_WITH_KNOTS('',2,(#4299,#4300,#4301),
  .UNSPECIFIED.,.F.,.F.,(3,3),(0.,1.),.PIECEWISE_BEZIER_KNOTS.);
#4299 = CARTESIAN_POINT('',(-2.170771413353,5.183382789318,10.));
#4300 = CARTESIAN_POINT('',(-1.509458356973,5.183382789318,10.));
#4301 = CARTESIAN_POINT('',(-1.019769929674,4.979821958457,10.));
#4302 = VECTOR('',#4303,1.);
#4303 = DIRECTION('',(0.,0.,1.));
#4304 = ADVANCED_FACE('',(#4305),#4323,.T.);
#4305 = FACE_BOUND('',#4306,.T.);
#4306 = EDGE_LOOP('',(#4307,#4315,#4321,#4322));
#4307 = ORIENTED_EDGE('',*,*,#4308,.T.);
#4308 = EDGE_CURVE('',#1272,#4309,#4311,.T.);
#4309 = VERTEX_POINT('',#4310);
#4310 = CARTESIAN_POINT('',(-0.255378238279,4.369399109792,9.6));
#4311 = LINE('',#4312,#4313);
#4312 = CARTESIAN_POINT('',(-0.255378238279,4.369399109792,10.));
#4313 = VECTOR('',#4314,1.);
#4314 = DIRECTION('',(-0.,-0.,-1.));
#4315 = ORIENTED_EDGE('',*,*,#4316,.T.);
#4316 = EDGE_CURVE('',#4309,#4257,#4317,.T.);
#4317 = B_SPLINE_CURVE_WITH_KNOTS('',2,(#4318,#4319,#4320),
  .UNSPECIFIED.,.F.,.F.,(3,3),(0.,1.),.PIECEWISE_BEZIER_KNOTS.);
#4318 = CARTESIAN_POINT('',(-0.255378238279,4.369399109792,9.6));
#4319 = CARTESIAN_POINT('',(1.958466973294E-02,3.962277448071,9.6));
#4320 = CARTESIAN_POINT('',(1.958466973294E-02,3.339910979228,9.6));
#4321 = ORIENTED_EDGE('',*,*,#4256,.F.);
#4322 = ORIENTED_EDGE('',*,*,#1279,.F.);
#4323 = SURFACE_OF_LINEAR_EXTRUSION('',#4324,#4328);
#4324 = B_SPLINE_CURVE_WITH_KNOTS('',2,(#4325,#4326,#4327),
  .UNSPECIFIED.,.F.,.F.,(3,3),(0.,1.),.PIECEWISE_BEZIER_KNOTS.);
#4325 = CARTESIAN_POINT('',(-0.255378238279,4.369399109792,10.));
#4326 = CARTESIAN_POINT('',(1.958466973294E-02,3.962277448071,10.));
#4327 = CARTESIAN_POINT('',(1.958466973294E-02,3.339910979228,10.));
#4328 = VECTOR('',#4329,1.);
#4329 = DIRECTION('',(0.,0.,1.));
#4330 = ADVANCED_FACE('',(#4331),#4342,.T.);
#4331 = FACE_BOUND('',#4332,.T.);
#4332 = EDGE_LOOP('',(#4333,#4334,#4340,#4341));
#4333 = ORIENTED_EDGE('',*,*,#4291,.T.);
#4334 = ORIENTED_EDGE('',*,*,#4335,.T.);
#4335 = EDGE_CURVE('',#4284,#4309,#4336,.T.);
#4336 = B_SPLINE_CURVE_WITH_KNOTS('',2,(#4337,#4338,#4339),
  .UNSPECIFIED.,.F.,.F.,(3,3),(0.,1.),.PIECEWISE_BEZIER_KNOTS.);
#4337 = CARTESIAN_POINT('',(-1.019769929674,4.979821958457,9.6));
#4338 = CARTESIAN_POINT('',(-0.530081502374,4.776520771513,9.6));
#4339 = CARTESIAN_POINT('',(-0.255378238279,4.369399109792,9.6));
#4340 = ORIENTED_EDGE('',*,*,#4308,.F.);
#4341 = ORIENTED_EDGE('',*,*,#1271,.F.);
#4342 = SURFACE_OF_LINEAR_EXTRUSION('',#4343,#4347);
#4343 = B_SPLINE_CURVE_WITH_KNOTS('',2,(#4344,#4345,#4346),
  .UNSPECIFIED.,.F.,.F.,(3,3),(0.,1.),.PIECEWISE_BEZIER_KNOTS.);
#4344 = CARTESIAN_POINT('',(-1.019769929674,4.979821958457,10.));
#4345 = CARTESIAN_POINT('',(-0.530081502374,4.776520771513,10.));
#4346 = CARTESIAN_POINT('',(-0.255378238279,4.369399109792,10.));
#4347 = VECTOR('',#4348,1.);
#4348 = DIRECTION('',(0.,0.,1.));
#4349 = ADVANCED_FACE('',(#4350,#4360),#4371,.F.);
#4350 = FACE_BOUND('',#4351,.F.);
#4351 = EDGE_LOOP('',(#4352,#4353,#4354,#4355,#4356,#4357,#4358,#4359));
#4352 = ORIENTED_EDGE('',*,*,#1525,.F.);
#4353 = ORIENTED_EDGE('',*,*,#1503,.F.);
#4354 = ORIENTED_EDGE('',*,*,#1470,.F.);
#4355 = ORIENTED_EDGE('',*,*,#1645,.F.);
#4356 = ORIENTED_EDGE('',*,*,#1621,.F.);
#4357 = ORIENTED_EDGE('',*,*,#1597,.F.);
#4358 = ORIENTED_EDGE('',*,*,#1573,.F.);
#4359 = ORIENTED_EDGE('',*,*,#1549,.F.);
#4360 = FACE_BOUND('',#4361,.F.);
#4361 = EDGE_LOOP('',(#4362));
#4362 = ORIENTED_EDGE('',*,*,#4363,.T.);
#4363 = EDGE_CURVE('',#4364,#4364,#4366,.T.);
#4364 = VERTEX_POINT('',#4365);
#4365 = CARTESIAN_POINT('',(2.75,0.,8.8));
#4366 = CIRCLE('',#4367,2.75);
#4367 = AXIS2_PLACEMENT_3D('',#4368,#4369,#4370);
#4368 = CARTESIAN_POINT('',(0.,0.,8.8));
#4369 = DIRECTION('',(0.,0.,-1.));
#4370 = DIRECTION('',(1.,0.,0.));
#4371 = PLANE('',#4372);
#4372 = AXIS2_PLACEMENT_3D('',#4373,#4374,#4375);
#4373 = CARTESIAN_POINT('',(-7.1E-16,2.2E-16,8.8));
#4374 = DIRECTION('',(0.,0.,1.));
#4375 = DIRECTION('',(1.,0.,0.));
#4376 = ADVANCED_FACE('',(#4377,#4396),#4454,.T.);
#4377 = FACE_BOUND('',#4378,.T.);
#4378 = EDGE_LOOP('',(#4379,#4380,#4381,#4382,#4383,#4384,#4385,#4386,
    #4387,#4388,#4389,#4390,#4391,#4392,#4393,#4394,#4395));
#4379 = ORIENTED_EDGE('',*,*,#2161,.F.);
#4380 = ORIENTED_EDGE('',*,*,#1755,.F.);
#4381 = ORIENTED_EDGE('',*,*,#1786,.F.);
#4382 = ORIENTED_EDGE('',*,*,#1812,.F.);
#4383 = ORIENTED_EDGE('',*,*,#1838,.F.);
#4384 = ORIENTED_EDGE('',*,*,#1862,.F.);
#4385 = ORIENTED_EDGE('',*,*,#1886,.F.);
#4386 = ORIENTED_EDGE('',*,*,#1912,.F.);
#4387 = ORIENTED_EDGE('',*,*,#1938,.F.);
#4388 = ORIENTED_EDGE('',*,*,#1964,.F.);
#4389 = ORIENTED_EDGE('',*,*,#1990,.F.);
#4390 = ORIENTED_EDGE('',*,*,#2016,.F.);
#4391 = ORIENTED_EDGE('',*,*,#2042,.F.);
#4392 = ORIENTED_EDGE('',*,*,#2066,.F.);
#4393 = ORIENTED_EDGE('',*,*,#2092,.F.);
#4394 = ORIENTED_EDGE('',*,*,#2118,.F.);
#4395 = ORIENTED_EDGE('',*,*,#2142,.F.);
#4396 = FACE_BOUND('',#4397,.T.);
#4397 = EDGE_LOOP('',(#4398,#4408,#4416,#4424,#4432,#4440,#4448));
#4398 = ORIENTED_EDGE('',*,*,#4399,.F.);
#4399 = EDGE_CURVE('',#4400,#4402,#4404,.T.);
#4400 = VERTEX_POINT('',#4401);
#4401 = CARTESIAN_POINT('',(-4.427355441246,-3.588724035608,9.6));
#4402 = VERTEX_POINT('',#4403);
#4403 = CARTESIAN_POINT('',(-3.867080960534,-3.588724035608,9.6));
#4404 = LINE('',#4405,#4406);
#4405 = CARTESIAN_POINT('',(-4.427355441246,-3.588724035608,9.6));
#4406 = VECTOR('',#4407,1.);
#4407 = DIRECTION('',(1.,0.,0.));
#4408 = ORIENTED_EDGE('',*,*,#4409,.F.);
#4409 = EDGE_CURVE('',#4410,#4400,#4412,.T.);
#4410 = VERTEX_POINT('',#4411);
#4411 = CARTESIAN_POINT('',(-4.427355441246,-2.73412462908,9.6));
#4412 = LINE('',#4413,#4414);
#4413 = CARTESIAN_POINT('',(-4.427355441246,-2.73412462908,9.6));
#4414 = VECTOR('',#4415,1.);
#4415 = DIRECTION('',(0.,-1.,0.));
#4416 = ORIENTED_EDGE('',*,*,#4417,.F.);
#4417 = EDGE_CURVE('',#4418,#4410,#4420,.T.);
#4418 = VERTEX_POINT('',#4419);
#4419 = CARTESIAN_POINT('',(-3.867080960534,-2.73412462908,9.6));
#4420 = LINE('',#4421,#4422);
#4421 = CARTESIAN_POINT('',(-3.867080960534,-2.73412462908,9.6));
#4422 = VECTOR('',#4423,1.);
#4423 = DIRECTION('',(-1.,0.,0.));
#4424 = ORIENTED_EDGE('',*,*,#4425,.F.);
#4425 = EDGE_CURVE('',#4426,#4418,#4428,.T.);
#4426 = VERTEX_POINT('',#4427);
#4427 = CARTESIAN_POINT('',(-3.516978957567,-2.853746290801,9.6));
#4428 = B_SPLINE_CURVE_WITH_KNOTS('',2,(#4429,#4430,#4431),
  .UNSPECIFIED.,.F.,.F.,(3,3),(0.,1.),.PIECEWISE_BEZIER_KNOTS.);
#4429 = CARTESIAN_POINT('',(-3.516978957567,-2.853746290801,9.6));
#4430 = CARTESIAN_POINT('',(-3.625194832938,-2.73412462908,9.6));
#4431 = CARTESIAN_POINT('',(-3.867080960534,-2.73412462908,9.6));
#4432 = ORIENTED_EDGE('',*,*,#4433,.F.);
#4433 = EDGE_CURVE('',#4434,#4426,#4436,.T.);
#4434 = VERTEX_POINT('',#4435);
#4435 = CARTESIAN_POINT('',(-3.40862398724,-3.161424332344,9.6));
#4436 = B_SPLINE_CURVE_WITH_KNOTS('',2,(#4437,#4438,#4439),
  .UNSPECIFIED.,.F.,.F.,(3,3),(0.,1.),.PIECEWISE_BEZIER_KNOTS.);
#4437 = CARTESIAN_POINT('',(-3.40862398724,-3.161424332344,9.6));
#4438 = CARTESIAN_POINT('',(-3.40862398724,-2.973367952522,9.6));
#4439 = CARTESIAN_POINT('',(-3.516978957567,-2.853746290801,9.6));
#4440 = ORIENTED_EDGE('',*,*,#4441,.F.);
#4441 = EDGE_CURVE('',#4442,#4434,#4444,.T.);
#4442 = VERTEX_POINT('',#4443);
#4443 = CARTESIAN_POINT('',(-3.529636598516,-3.481899109792,9.6));
#4444 = B_SPLINE_CURVE_WITH_KNOTS('',2,(#4445,#4446,#4447),
  .UNSPECIFIED.,.F.,.F.,(3,3),(0.,1.),.PIECEWISE_BEZIER_KNOTS.);
#4445 = CARTESIAN_POINT('',(-3.529636598516,-3.481899109792,9.6));
#4446 = CARTESIAN_POINT('',(-3.40862398724,-3.375074183976,9.6));
#4447 = CARTESIAN_POINT('',(-3.40862398724,-3.161424332344,9.6));
#4448 = ORIENTED_EDGE('',*,*,#4449,.F.);
#4449 = EDGE_CURVE('',#4402,#4442,#4450,.T.);
#4450 = B_SPLINE_CURVE_WITH_KNOTS('',2,(#4451,#4452,#4453),
  .UNSPECIFIED.,.F.,.F.,(3,3),(0.,1.),.PIECEWISE_BEZIER_KNOTS.);
#4451 = CARTESIAN_POINT('',(-3.867080960534,-3.588724035608,9.6));
#4452 = CARTESIAN_POINT('',(-3.650510114837,-3.588724035608,9.6));
#4453 = CARTESIAN_POINT('',(-3.529636598516,-3.481899109792,9.6));
#4454 = PLANE('',#4455);
#4455 = AXIS2_PLACEMENT_3D('',#4456,#4457,#4458);
#4456 = CARTESIAN_POINT('',(-4.141534994602,-3.452144030998,9.6));
#4457 = DIRECTION('',(0.,0.,1.));
#4458 = DIRECTION('',(1.,0.,0.));
#4459 = ADVANCED_FACE('',(#4460,#4485),#4543,.T.);
#4460 = FACE_BOUND('',#4461,.T.);
#4461 = EDGE_LOOP('',(#4462,#4463,#4464,#4465,#4466,#4467,#4468,#4469,
    #4470,#4471,#4472,#4473,#4474,#4475,#4476,#4477,#4478,#4479,#4480,
    #4481,#4482,#4483,#4484));
#4462 = ORIENTED_EDGE('',*,*,#2743,.F.);
#4463 = ORIENTED_EDGE('',*,*,#2187,.F.);
#4464 = ORIENTED_EDGE('',*,*,#2218,.F.);
#4465 = ORIENTED_EDGE('',*,*,#2244,.F.);
#4466 = ORIENTED_EDGE('',*,*,#2270,.F.);
#4467 = ORIENTED_EDGE('',*,*,#2294,.F.);
#4468 = ORIENTED_EDGE('',*,*,#2318,.F.);
#4469 = ORIENTED_EDGE('',*,*,#2342,.F.);
#4470 = ORIENTED_EDGE('',*,*,#2368,.F.);
#4471 = ORIENTED_EDGE('',*,*,#2394,.F.);
#4472 = ORIENTED_EDGE('',*,*,#2418,.F.);
#4473 = ORIENTED_EDGE('',*,*,#2444,.F.);
#4474 = ORIENTED_EDGE('',*,*,#2470,.F.);
#4475 = ORIENTED_EDGE('',*,*,#2496,.F.);
#4476 = ORIENTED_EDGE('',*,*,#2520,.F.);
#4477 = ORIENTED_EDGE('',*,*,#2546,.F.);
#4478 = ORIENTED_EDGE('',*,*,#2572,.F.);
#4479 = ORIENTED_EDGE('',*,*,#2598,.F.);
#4480 = ORIENTED_EDGE('',*,*,#2624,.F.);
#4481 = ORIENTED_EDGE('',*,*,#2648,.F.);
#4482 = ORIENTED_EDGE('',*,*,#2674,.F.);
#4483 = ORIENTED_EDGE('',*,*,#2700,.F.);
#4484 = ORIENTED_EDGE('',*,*,#2724,.F.);
#4485 = FACE_BOUND('',#4486,.T.);
#4486 = EDGE_LOOP('',(#4487,#4497,#4505,#4513,#4521,#4529,#4537));
#4487 = ORIENTED_EDGE('',*,*,#4488,.F.);
#4488 = EDGE_CURVE('',#4489,#4491,#4493,.T.);
#4489 = VERTEX_POINT('',#4490);
#4490 = CARTESIAN_POINT('',(-1.702485263205,-3.562017804154,9.6));
#4491 = VERTEX_POINT('',#4492);
#4492 = CARTESIAN_POINT('',(-1.156954847774,-3.562017804154,9.6));
#4493 = LINE('',#4494,#4495);
#4494 = CARTESIAN_POINT('',(-1.702485263205,-3.562017804154,9.6));
#4495 = VECTOR('',#4496,1.);
#4496 = DIRECTION('',(1.,0.,0.));
#4497 = ORIENTED_EDGE('',*,*,#4498,.F.);
#4498 = EDGE_CURVE('',#4499,#4489,#4501,.T.);
#4499 = VERTEX_POINT('',#4500);
#4500 = CARTESIAN_POINT('',(-1.702485263205,-2.73412462908,9.6));
#4501 = LINE('',#4502,#4503);
#4502 = CARTESIAN_POINT('',(-1.702485263205,-2.73412462908,9.6));
#4503 = VECTOR('',#4504,1.);
#4504 = DIRECTION('',(0.,-1.,0.));
#4505 = ORIENTED_EDGE('',*,*,#4506,.F.);
#4506 = EDGE_CURVE('',#4507,#4499,#4509,.T.);
#4507 = VERTEX_POINT('',#4508);
#4508 = CARTESIAN_POINT('',(-1.156954847774,-2.73412462908,9.6));
#4509 = LINE('',#4510,#4511);
#4510 = CARTESIAN_POINT('',(-1.156954847774,-2.73412462908,9.6));
#4511 = VECTOR('',#4512,1.);
#4512 = DIRECTION('',(-1.,0.,0.));
#4513 = ORIENTED_EDGE('',*,*,#4514,.F.);
#4514 = EDGE_CURVE('',#4515,#4507,#4517,.T.);
#4515 = VERTEX_POINT('',#4516);
#4516 = CARTESIAN_POINT('',(-0.807409224629,-2.846235163205,9.6));
#4517 = B_SPLINE_CURVE_WITH_KNOTS('',2,(#4518,#4519,#4520),
  .UNSPECIFIED.,.F.,.F.,(3,3),(0.,1.),.PIECEWISE_BEZIER_KNOTS.);
#4518 = CARTESIAN_POINT('',(-0.807409224629,-2.846235163205,9.6));
#4519 = CARTESIAN_POINT('',(-0.918267904154,-2.73412462908,9.6));
#4520 = CARTESIAN_POINT('',(-1.156954847774,-2.73412462908,9.6));
#4521 = ORIENTED_EDGE('',*,*,#4522,.F.);
#4522 = EDGE_CURVE('',#4523,#4515,#4525,.T.);
#4523 = VERTEX_POINT('',#4524);
#4524 = CARTESIAN_POINT('',(-0.696550545104,-3.152383160237,9.6));
#4525 = B_SPLINE_CURVE_WITH_KNOTS('',2,(#4526,#4527,#4528),
  .UNSPECIFIED.,.F.,.F.,(3,3),(0.,1.),.PIECEWISE_BEZIER_KNOTS.);
#4526 = CARTESIAN_POINT('',(-0.696550545104,-3.152383160237,9.6));
#4527 = CARTESIAN_POINT('',(-0.696550545104,-2.958345697329,9.6));
#4528 = CARTESIAN_POINT('',(-0.807409224629,-2.846235163205,9.6));
#4529 = ORIENTED_EDGE('',*,*,#4530,.F.);
#4530 = EDGE_CURVE('',#4531,#4523,#4533,.T.);
#4531 = VERTEX_POINT('',#4532);
#4532 = CARTESIAN_POINT('',(-0.809495648961,-3.45421921365,9.6));
#4533 = B_SPLINE_CURVE_WITH_KNOTS('',2,(#4534,#4535,#4536),
  .UNSPECIFIED.,.F.,.F.,(3,3),(0.,1.),.PIECEWISE_BEZIER_KNOTS.);
#4534 = CARTESIAN_POINT('',(-0.809495648961,-3.45421921365,9.6));
#4535 = CARTESIAN_POINT('',(-0.696550545104,-3.346420623145,9.6));
#4536 = CARTESIAN_POINT('',(-0.696550545104,-3.152383160237,9.6));
#4537 = ORIENTED_EDGE('',*,*,#4538,.F.);
#4538 = EDGE_CURVE('',#4491,#4531,#4539,.T.);
#4539 = B_SPLINE_CURVE_WITH_KNOTS('',2,(#4540,#4541,#4542),
  .UNSPECIFIED.,.F.,.F.,(3,3),(0.,1.),.PIECEWISE_BEZIER_KNOTS.);
#4540 = CARTESIAN_POINT('',(-1.156954847774,-3.562017804154,9.6));
#4541 = CARTESIAN_POINT('',(-0.922440752819,-3.562017804154,9.6));
#4542 = CARTESIAN_POINT('',(-0.809495648961,-3.45421921365,9.6));
#4543 = PLANE('',#4544);
#4544 = AXIS2_PLACEMENT_3D('',#4545,#4546,#4547);
#4545 = CARTESIAN_POINT('',(-1.254122987318,-3.685192330512,9.6));
#4546 = DIRECTION('',(0.,0.,1.));
#4547 = DIRECTION('',(1.,0.,0.));
#4548 = ADVANCED_FACE('',(#4549),#4577,.T.);
#4549 = FACE_BOUND('',#4550,.T.);
#4550 = EDGE_LOOP('',(#4551,#4552,#4553,#4554,#4555,#4556,#4557,#4558,
    #4559,#4560,#4561,#4562,#4563,#4564,#4565,#4566,#4567,#4568,#4569,
    #4570,#4571,#4572,#4573,#4574,#4575,#4576));
#4551 = ORIENTED_EDGE('',*,*,#3399,.F.);
#4552 = ORIENTED_EDGE('',*,*,#2769,.F.);
#4553 = ORIENTED_EDGE('',*,*,#2800,.F.);
#4554 = ORIENTED_EDGE('',*,*,#2826,.F.);
#4555 = ORIENTED_EDGE('',*,*,#2852,.F.);
#4556 = ORIENTED_EDGE('',*,*,#2876,.F.);
#4557 = ORIENTED_EDGE('',*,*,#2900,.F.);
#4558 = ORIENTED_EDGE('',*,*,#2926,.F.);
#4559 = ORIENTED_EDGE('',*,*,#2952,.F.);
#4560 = ORIENTED_EDGE('',*,*,#2976,.F.);
#4561 = ORIENTED_EDGE('',*,*,#3002,.F.);
#4562 = ORIENTED_EDGE('',*,*,#3028,.F.);
#4563 = ORIENTED_EDGE('',*,*,#3052,.F.);
#4564 = ORIENTED_EDGE('',*,*,#3078,.F.);
#4565 = ORIENTED_EDGE('',*,*,#3104,.F.);
#4566 = ORIENTED_EDGE('',*,*,#3128,.F.);
#4567 = ORIENTED_EDGE('',*,*,#3154,.F.);
#4568 = ORIENTED_EDGE('',*,*,#3180,.F.);
#4569 = ORIENTED_EDGE('',*,*,#3204,.F.);
#4570 = ORIENTED_EDGE('',*,*,#3228,.F.);
#4571 = ORIENTED_EDGE('',*,*,#3254,.F.);
#4572 = ORIENTED_EDGE('',*,*,#3280,.F.);
#4573 = ORIENTED_EDGE('',*,*,#3304,.F.);
#4574 = ORIENTED_EDGE('',*,*,#3330,.F.);
#4575 = ORIENTED_EDGE('',*,*,#3356,.F.);
#4576 = ORIENTED_EDGE('',*,*,#3380,.F.);
#4577 = PLANE('',#4578);
#4578 = AXIS2_PLACEMENT_3D('',#4579,#4580,#4581);
#4579 = CARTESIAN_POINT('',(1.638852183373,-3.703249315527,9.6));
#4580 = DIRECTION('',(0.,0.,1.));
#4581 = DIRECTION('',(1.,0.,0.));
#4582 = ADVANCED_FACE('',(#4583),#4605,.T.);
#4583 = FACE_BOUND('',#4584,.T.);
#4584 = EDGE_LOOP('',(#4585,#4586,#4587,#4588,#4589,#4590,#4591,#4592,
    #4593,#4594,#4595,#4596,#4597,#4598,#4599,#4600,#4601,#4602,#4603,
    #4604));
#4585 = ORIENTED_EDGE('',*,*,#3903,.F.);
#4586 = ORIENTED_EDGE('',*,*,#3425,.F.);
#4587 = ORIENTED_EDGE('',*,*,#3456,.F.);
#4588 = ORIENTED_EDGE('',*,*,#3482,.F.);
#4589 = ORIENTED_EDGE('',*,*,#3508,.F.);
#4590 = ORIENTED_EDGE('',*,*,#3532,.F.);
#4591 = ORIENTED_EDGE('',*,*,#3556,.F.);
#4592 = ORIENTED_EDGE('',*,*,#3582,.F.);
#4593 = ORIENTED_EDGE('',*,*,#3608,.F.);
#4594 = ORIENTED_EDGE('',*,*,#3632,.F.);
#4595 = ORIENTED_EDGE('',*,*,#3658,.F.);
#4596 = ORIENTED_EDGE('',*,*,#3684,.F.);
#4597 = ORIENTED_EDGE('',*,*,#3708,.F.);
#4598 = ORIENTED_EDGE('',*,*,#3734,.F.);
#4599 = ORIENTED_EDGE('',*,*,#3760,.F.);
#4600 = ORIENTED_EDGE('',*,*,#3784,.F.);
#4601 = ORIENTED_EDGE('',*,*,#3810,.F.);
#4602 = ORIENTED_EDGE('',*,*,#3836,.F.);
#4603 = ORIENTED_EDGE('',*,*,#3860,.F.);
#4604 = ORIENTED_EDGE('',*,*,#3884,.F.);
#4605 = PLANE('',#4606);
#4606 = AXIS2_PLACEMENT_3D('',#4607,#4608,#4609);
#4607 = CARTESIAN_POINT('',(4.375904888633,-3.308800234718,9.6));
#4608 = DIRECTION('',(0.,0.,1.));
#4609 = DIRECTION('',(1.,0.,0.));
#4610 = ADVANCED_FACE('',(#4611,#4630),#4688,.T.);
#4611 = FACE_BOUND('',#4612,.T.);
#4612 = EDGE_LOOP('',(#4613,#4614,#4615,#4616,#4617,#4618,#4619,#4620,
    #4621,#4622,#4623,#4624,#4625,#4626,#4627,#4628,#4629));
#4613 = ORIENTED_EDGE('',*,*,#3979,.F.);
#4614 = ORIENTED_EDGE('',*,*,#3929,.F.);
#4615 = ORIENTED_EDGE('',*,*,#3960,.F.);
#4616 = ORIENTED_EDGE('',*,*,#4012,.F.);
#4617 = ORIENTED_EDGE('',*,*,#4064,.F.);
#4618 = ORIENTED_EDGE('',*,*,#4112,.F.);
#4619 = ORIENTED_EDGE('',*,*,#4162,.F.);
#4620 = ORIENTED_EDGE('',*,*,#4214,.F.);
#4621 = ORIENTED_EDGE('',*,*,#4264,.F.);
#4622 = ORIENTED_EDGE('',*,*,#4316,.F.);
#4623 = ORIENTED_EDGE('',*,*,#4335,.F.);
#4624 = ORIENTED_EDGE('',*,*,#4283,.F.);
#4625 = ORIENTED_EDGE('',*,*,#4233,.F.);
#4626 = ORIENTED_EDGE('',*,*,#4181,.F.);
#4627 = ORIENTED_EDGE('',*,*,#4129,.F.);
#4628 = ORIENTED_EDGE('',*,*,#4081,.F.);
#4629 = ORIENTED_EDGE('',*,*,#4031,.F.);
#4630 = FACE_BOUND('',#4631,.T.);
#4631 = EDGE_LOOP('',(#4632,#4642,#4650,#4658,#4666,#4674,#4682));
#4632 = ORIENTED_EDGE('',*,*,#4633,.F.);
#4633 = EDGE_CURVE('',#4634,#4636,#4638,.T.);
#4634 = VERTEX_POINT('',#4635);
#4635 = CARTESIAN_POINT('',(-3.144955389614,2.640949554896,9.6));
#4636 = VERTEX_POINT('',#4637);
#4637 = CARTESIAN_POINT('',(-2.210237288724,2.640949554896,9.6));
#4638 = LINE('',#4639,#4640);
#4639 = CARTESIAN_POINT('',(-3.144955389614,2.640949554896,9.6));
#4640 = VECTOR('',#4641,1.);
#4641 = DIRECTION('',(1.,0.,0.));
#4642 = ORIENTED_EDGE('',*,*,#4643,.F.);
#4643 = EDGE_CURVE('',#4644,#4634,#4646,.T.);
#4644 = VERTEX_POINT('',#4645);
#4645 = CARTESIAN_POINT('',(-3.144955389614,4.070029673591,9.6));
#4646 = LINE('',#4647,#4648);
#4647 = CARTESIAN_POINT('',(-3.144955389614,4.070029673591,9.6));
#4648 = VECTOR('',#4649,1.);
#4649 = DIRECTION('',(0.,-1.,0.));
#4650 = ORIENTED_EDGE('',*,*,#4651,.F.);
#4651 = EDGE_CURVE('',#4652,#4644,#4654,.T.);
#4652 = VERTEX_POINT('',#4653);
#4653 = CARTESIAN_POINT('',(-2.210237288724,4.070029673591,9.6));
#4654 = LINE('',#4655,#4656);
#4655 = CARTESIAN_POINT('',(-2.210237288724,4.070029673591,9.6));
#4656 = VECTOR('',#4657,1.);
#4657 = DIRECTION('',(-1.,0.,0.));
#4658 = ORIENTED_EDGE('',*,*,#4659,.F.);
#4659 = EDGE_CURVE('',#4660,#4652,#4662,.T.);
#4660 = VERTEX_POINT('',#4661);
#4661 = CARTESIAN_POINT('',(-1.63512601276,3.862314540059,9.6));
#4662 = B_SPLINE_CURVE_WITH_KNOTS('',2,(#4663,#4664,#4665),
  .UNSPECIFIED.,.F.,.F.,(3,3),(0.,1.),.PIECEWISE_BEZIER_KNOTS.);
#4663 = CARTESIAN_POINT('',(-1.63512601276,3.862314540059,9.6));
#4664 = CARTESIAN_POINT('',(-1.81090494451,4.070029673591,9.6));
#4665 = CARTESIAN_POINT('',(-2.210237288724,4.070029673591,9.6));
#4666 = ORIENTED_EDGE('',*,*,#4667,.F.);
#4667 = EDGE_CURVE('',#4668,#4660,#4670,.T.);
#4668 = VERTEX_POINT('',#4669);
#4669 = CARTESIAN_POINT('',(-1.459347081009,3.35159495549,9.6));
#4670 = B_SPLINE_CURVE_WITH_KNOTS('',2,(#4671,#4672,#4673),
  .UNSPECIFIED.,.F.,.F.,(3,3),(0.,1.),.PIECEWISE_BEZIER_KNOTS.);
#4671 = CARTESIAN_POINT('',(-1.459347081009,3.35159495549,9.6));
#4672 = CARTESIAN_POINT('',(-1.459347081009,3.654859050445,9.6));
#4673 = CARTESIAN_POINT('',(-1.63512601276,3.862314540059,9.6));
#4674 = ORIENTED_EDGE('',*,*,#4675,.F.);
#4675 = EDGE_CURVE('',#4676,#4668,#4678,.T.);
#4676 = VERTEX_POINT('',#4677);
#4677 = CARTESIAN_POINT('',(-1.663167555786,2.81646884273,9.6));
#4678 = B_SPLINE_CURVE_WITH_KNOTS('',2,(#4679,#4680,#4681),
  .UNSPECIFIED.,.F.,.F.,(3,3),(0.,1.),.PIECEWISE_BEZIER_KNOTS.);
#4679 = CARTESIAN_POINT('',(-1.663167555786,2.81646884273,9.6));
#4680 = CARTESIAN_POINT('',(-1.459347081009,2.992247774481,9.6));
#4681 = CARTESIAN_POINT('',(-1.459347081009,3.35159495549,9.6));
#4682 = ORIENTED_EDGE('',*,*,#4683,.F.);
#4683 = EDGE_CURVE('',#4636,#4676,#4684,.T.);
#4684 = B_SPLINE_CURVE_WITH_KNOTS('',2,(#4685,#4686,#4687),
  .UNSPECIFIED.,.F.,.F.,(3,3),(0.,1.),.PIECEWISE_BEZIER_KNOTS.);
#4685 = CARTESIAN_POINT('',(-2.210237288724,2.640949554896,9.6));
#4686 = CARTESIAN_POINT('',(-1.866728386647,2.640949554896,9.6));
#4687 = CARTESIAN_POINT('',(-1.663167555786,2.81646884273,9.6));
#4688 = PLANE('',#4689);
#4689 = AXIS2_PLACEMENT_3D('',#4690,#4691,#4692);
#4690 = CARTESIAN_POINT('',(-2.717191209015,2.811710596648,9.6));
#4691 = DIRECTION('',(0.,0.,1.));
#4692 = DIRECTION('',(1.,0.,0.));
#4693 = ADVANCED_FACE('',(#4694),#4713,.T.);
#4694 = FACE_BOUND('',#4695,.F.);
#4695 = EDGE_LOOP('',(#4696,#4704,#4711,#4712));
#4696 = ORIENTED_EDGE('',*,*,#4697,.T.);
#4697 = EDGE_CURVE('',#4364,#4698,#4700,.T.);
#4698 = VERTEX_POINT('',#4699);
#4699 = CARTESIAN_POINT('',(2.75,0.,2.1));
#4700 = LINE('',#4701,#4702);
#4701 = CARTESIAN_POINT('',(2.75,0.,8.8));
#4702 = VECTOR('',#4703,1.);
#4703 = DIRECTION('',(0.,0.,-1.));
#4704 = ORIENTED_EDGE('',*,*,#4705,.T.);
#4705 = EDGE_CURVE('',#4698,#4698,#4706,.T.);
#4706 = CIRCLE('',#4707,2.75);
#4707 = AXIS2_PLACEMENT_3D('',#4708,#4709,#4710);
#4708 = CARTESIAN_POINT('',(0.,0.,2.1));
#4709 = DIRECTION('',(0.,0.,-1.));
#4710 = DIRECTION('',(1.,0.,0.));
#4711 = ORIENTED_EDGE('',*,*,#4697,.F.);
#4712 = ORIENTED_EDGE('',*,*,#4363,.F.);
#4713 = CYLINDRICAL_SURFACE('',#4714,2.75);
#4714 = AXIS2_PLACEMENT_3D('',#4715,#4716,#4717);
#4715 = CARTESIAN_POINT('',(0.,0.,8.8));
#4716 = DIRECTION('',(0.,0.,1.));
#4717 = DIRECTION('',(1.,0.,0.));
#4718 = ADVANCED_FACE('',(#4719),#4744,.T.);
#4719 = FACE_BOUND('',#4720,.T.);
#4720 = EDGE_LOOP('',(#4721,#4729,#4730,#4738));
#4721 = ORIENTED_EDGE('',*,*,#4722,.T.);
#4722 = EDGE_CURVE('',#4723,#4400,#4725,.T.);
#4723 = VERTEX_POINT('',#4724);
#4724 = CARTESIAN_POINT('',(-4.427355441246,-3.588724035608,10.));
#4725 = LINE('',#4726,#4727);
#4726 = CARTESIAN_POINT('',(-4.427355441246,-3.588724035608,10.));
#4727 = VECTOR('',#4728,1.);
#4728 = DIRECTION('',(-0.,-0.,-1.));
#4729 = ORIENTED_EDGE('',*,*,#4399,.T.);
#4730 = ORIENTED_EDGE('',*,*,#4731,.F.);
#4731 = EDGE_CURVE('',#4732,#4402,#4734,.T.);
#4732 = VERTEX_POINT('',#4733);
#4733 = CARTESIAN_POINT('',(-3.867080960534,-3.588724035608,10.));
#4734 = LINE('',#4735,#4736);
#4735 = CARTESIAN_POINT('',(-3.867080960534,-3.588724035608,10.));
#4736 = VECTOR('',#4737,1.);
#4737 = DIRECTION('',(-0.,-0.,-1.));
#4738 = ORIENTED_EDGE('',*,*,#4739,.F.);
#4739 = EDGE_CURVE('',#4723,#4732,#4740,.T.);
#4740 = LINE('',#4741,#4742);
#4741 = CARTESIAN_POINT('',(-4.427355441246,-3.588724035608,10.));
#4742 = VECTOR('',#4743,1.);
#4743 = DIRECTION('',(1.,0.,0.));
#4744 = PLANE('',#4745);
#4745 = AXIS2_PLACEMENT_3D('',#4746,#4747,#4748);
#4746 = CARTESIAN_POINT('',(-4.427355441246,-3.588724035608,10.));
#4747 = DIRECTION('',(0.,-1.,0.));
#4748 = DIRECTION('',(1.,0.,0.));
#4749 = ADVANCED_FACE('',(#4750),#4768,.T.);
#4750 = FACE_BOUND('',#4751,.T.);
#4751 = EDGE_LOOP('',(#4752,#4760,#4761,#4762));
#4752 = ORIENTED_EDGE('',*,*,#4753,.T.);
#4753 = EDGE_CURVE('',#4754,#4410,#4756,.T.);
#4754 = VERTEX_POINT('',#4755);
#4755 = CARTESIAN_POINT('',(-4.427355441246,-2.73412462908,10.));
#4756 = LINE('',#4757,#4758);
#4757 = CARTESIAN_POINT('',(-4.427355441246,-2.73412462908,10.));
#4758 = VECTOR('',#4759,1.);
#4759 = DIRECTION('',(-0.,-0.,-1.));
#4760 = ORIENTED_EDGE('',*,*,#4409,.T.);
#4761 = ORIENTED_EDGE('',*,*,#4722,.F.);
#4762 = ORIENTED_EDGE('',*,*,#4763,.F.);
#4763 = EDGE_CURVE('',#4754,#4723,#4764,.T.);
#4764 = LINE('',#4765,#4766);
#4765 = CARTESIAN_POINT('',(-4.427355441246,-2.73412462908,10.));
#4766 = VECTOR('',#4767,1.);
#4767 = DIRECTION('',(0.,-1.,0.));
#4768 = PLANE('',#4769);
#4769 = AXIS2_PLACEMENT_3D('',#4770,#4771,#4772);
#4770 = CARTESIAN_POINT('',(-4.427355441246,-2.73412462908,10.));
#4771 = DIRECTION('',(-1.,0.,0.));
#4772 = DIRECTION('',(0.,-1.,0.));
#4773 = ADVANCED_FACE('',(#4774),#4792,.T.);
#4774 = FACE_BOUND('',#4775,.T.);
#4775 = EDGE_LOOP('',(#4776,#4784,#4785,#4786));
#4776 = ORIENTED_EDGE('',*,*,#4777,.T.);
#4777 = EDGE_CURVE('',#4778,#4418,#4780,.T.);
#4778 = VERTEX_POINT('',#4779);
#4779 = CARTESIAN_POINT('',(-3.867080960534,-2.73412462908,10.));
#4780 = LINE('',#4781,#4782);
#4781 = CARTESIAN_POINT('',(-3.867080960534,-2.73412462908,10.));
#4782 = VECTOR('',#4783,1.);
#4783 = DIRECTION('',(-0.,-0.,-1.));
#4784 = ORIENTED_EDGE('',*,*,#4417,.T.);
#4785 = ORIENTED_EDGE('',*,*,#4753,.F.);
#4786 = ORIENTED_EDGE('',*,*,#4787,.F.);
#4787 = EDGE_CURVE('',#4778,#4754,#4788,.T.);
#4788 = LINE('',#4789,#4790);
#4789 = CARTESIAN_POINT('',(-3.867080960534,-2.73412462908,10.));
#4790 = VECTOR('',#4791,1.);
#4791 = DIRECTION('',(-1.,0.,0.));
#4792 = PLANE('',#4793);
#4793 = AXIS2_PLACEMENT_3D('',#4794,#4795,#4796);
#4794 = CARTESIAN_POINT('',(-3.867080960534,-2.73412462908,10.));
#4795 = DIRECTION('',(0.,1.,0.));
#4796 = DIRECTION('',(-1.,0.,0.));
#4797 = ADVANCED_FACE('',(#4798),#4816,.T.);
#4798 = FACE_BOUND('',#4799,.T.);
#4799 = EDGE_LOOP('',(#4800,#4808,#4809,#4810));
#4800 = ORIENTED_EDGE('',*,*,#4801,.T.);
#4801 = EDGE_CURVE('',#4802,#4426,#4804,.T.);
#4802 = VERTEX_POINT('',#4803);
#4803 = CARTESIAN_POINT('',(-3.516978957567,-2.853746290801,10.));
#4804 = LINE('',#4805,#4806);
#4805 = CARTESIAN_POINT('',(-3.516978957567,-2.853746290801,10.));
#4806 = VECTOR('',#4807,1.);
#4807 = DIRECTION('',(-0.,-0.,-1.));
#4808 = ORIENTED_EDGE('',*,*,#4425,.T.);
#4809 = ORIENTED_EDGE('',*,*,#4777,.F.);
#4810 = ORIENTED_EDGE('',*,*,#4811,.F.);
#4811 = EDGE_CURVE('',#4802,#4778,#4812,.T.);
#4812 = B_SPLINE_CURVE_WITH_KNOTS('',2,(#4813,#4814,#4815),
  .UNSPECIFIED.,.F.,.F.,(3,3),(0.,1.),.PIECEWISE_BEZIER_KNOTS.);
#4813 = CARTESIAN_POINT('',(-3.516978957567,-2.853746290801,10.));
#4814 = CARTESIAN_POINT('',(-3.625194832938,-2.73412462908,10.));
#4815 = CARTESIAN_POINT('',(-3.867080960534,-2.73412462908,10.));
#4816 = SURFACE_OF_LINEAR_EXTRUSION('',#4817,#4821);
#4817 = B_SPLINE_CURVE_WITH_KNOTS('',2,(#4818,#4819,#4820),
  .UNSPECIFIED.,.F.,.F.,(3,3),(0.,1.),.PIECEWISE_BEZIER_KNOTS.);
#4818 = CARTESIAN_POINT('',(-3.516978957567,-2.853746290801,10.));
#4819 = CARTESIAN_POINT('',(-3.625194832938,-2.73412462908,10.));
#4820 = CARTESIAN_POINT('',(-3.867080960534,-2.73412462908,10.));
#4821 = VECTOR('',#4822,1.);
#4822 = DIRECTION('',(0.,0.,1.));
#4823 = ADVANCED_FACE('',(#4824),#4842,.T.);
#4824 = FACE_BOUND('',#4825,.T.);
#4825 = EDGE_LOOP('',(#4826,#4834,#4835,#4836));
#4826 = ORIENTED_EDGE('',*,*,#4827,.T.);
#4827 = EDGE_CURVE('',#4828,#4434,#4830,.T.);
#4828 = VERTEX_POINT('',#4829);
#4829 = CARTESIAN_POINT('',(-3.40862398724,-3.161424332344,10.));
#4830 = LINE('',#4831,#4832);
#4831 = CARTESIAN_POINT('',(-3.40862398724,-3.161424332344,10.));
#4832 = VECTOR('',#4833,1.);
#4833 = DIRECTION('',(-0.,-0.,-1.));
#4834 = ORIENTED_EDGE('',*,*,#4433,.T.);
#4835 = ORIENTED_EDGE('',*,*,#4801,.F.);
#4836 = ORIENTED_EDGE('',*,*,#4837,.F.);
#4837 = EDGE_CURVE('',#4828,#4802,#4838,.T.);
#4838 = B_SPLINE_CURVE_WITH_KNOTS('',2,(#4839,#4840,#4841),
  .UNSPECIFIED.,.F.,.F.,(3,3),(0.,1.),.PIECEWISE_BEZIER_KNOTS.);
#4839 = CARTESIAN_POINT('',(-3.40862398724,-3.161424332344,10.));
#4840 = CARTESIAN_POINT('',(-3.40862398724,-2.973367952522,10.));
#4841 = CARTESIAN_POINT('',(-3.516978957567,-2.853746290801,10.));
#4842 = SURFACE_OF_LINEAR_EXTRUSION('',#4843,#4847);
#4843 = B_SPLINE_CURVE_WITH_KNOTS('',2,(#4844,#4845,#4846),
  .UNSPECIFIED.,.F.,.F.,(3,3),(0.,1.),.PIECEWISE_BEZIER_KNOTS.);
#4844 = CARTESIAN_POINT('',(-3.40862398724,-3.161424332344,10.));
#4845 = CARTESIAN_POINT('',(-3.40862398724,-2.973367952522,10.));
#4846 = CARTESIAN_POINT('',(-3.516978957567,-2.853746290801,10.));
#4847 = VECTOR('',#4848,1.);
#4848 = DIRECTION('',(0.,0.,1.));
#4849 = ADVANCED_FACE('',(#4850),#4868,.T.);
#4850 = FACE_BOUND('',#4851,.T.);
#4851 = EDGE_LOOP('',(#4852,#4860,#4861,#4862));
#4852 = ORIENTED_EDGE('',*,*,#4853,.T.);
#4853 = EDGE_CURVE('',#4854,#4442,#4856,.T.);
#4854 = VERTEX_POINT('',#4855);
#4855 = CARTESIAN_POINT('',(-3.529636598516,-3.481899109792,10.));
#4856 = LINE('',#4857,#4858);
#4857 = CARTESIAN_POINT('',(-3.529636598516,-3.481899109792,10.));
#4858 = VECTOR('',#4859,1.);
#4859 = DIRECTION('',(-0.,-0.,-1.));
#4860 = ORIENTED_EDGE('',*,*,#4441,.T.);
#4861 = ORIENTED_EDGE('',*,*,#4827,.F.);
#4862 = ORIENTED_EDGE('',*,*,#4863,.F.);
#4863 = EDGE_CURVE('',#4854,#4828,#4864,.T.);
#4864 = B_SPLINE_CURVE_WITH_KNOTS('',2,(#4865,#4866,#4867),
  .UNSPECIFIED.,.F.,.F.,(3,3),(0.,1.),.PIECEWISE_BEZIER_KNOTS.);
#4865 = CARTESIAN_POINT('',(-3.529636598516,-3.481899109792,10.));
#4866 = CARTESIAN_POINT('',(-3.40862398724,-3.375074183976,10.));
#4867 = CARTESIAN_POINT('',(-3.40862398724,-3.161424332344,10.));
#4868 = SURFACE_OF_LINEAR_EXTRUSION('',#4869,#4873);
#4869 = B_SPLINE_CURVE_WITH_KNOTS('',2,(#4870,#4871,#4872),
  .UNSPECIFIED.,.F.,.F.,(3,3),(0.,1.),.PIECEWISE_BEZIER_KNOTS.);
#4870 = CARTESIAN_POINT('',(-3.529636598516,-3.481899109792,10.));
#4871 = CARTESIAN_POINT('',(-3.40862398724,-3.375074183976,10.));
#4872 = CARTESIAN_POINT('',(-3.40862398724,-3.161424332344,10.));
#4873 = VECTOR('',#4874,1.);
#4874 = DIRECTION('',(0.,0.,1.));
#4875 = ADVANCED_FACE('',(#4876),#4887,.T.);
#4876 = FACE_BOUND('',#4877,.T.);
#4877 = EDGE_LOOP('',(#4878,#4879,#4880,#4881));
#4878 = ORIENTED_EDGE('',*,*,#4731,.T.);
#4879 = ORIENTED_EDGE('',*,*,#4449,.T.);
#4880 = ORIENTED_EDGE('',*,*,#4853,.F.);
#4881 = ORIENTED_EDGE('',*,*,#4882,.F.);
#4882 = EDGE_CURVE('',#4732,#4854,#4883,.T.);
#4883 = B_SPLINE_CURVE_WITH_KNOTS('',2,(#4884,#4885,#4886),
  .UNSPECIFIED.,.F.,.F.,(3,3),(0.,1.),.PIECEWISE_BEZIER_KNOTS.);
#4884 = CARTESIAN_POINT('',(-3.867080960534,-3.588724035608,10.));
#4885 = CARTESIAN_POINT('',(-3.650510114837,-3.588724035608,10.));
#4886 = CARTESIAN_POINT('',(-3.529636598516,-3.481899109792,10.));
#4887 = SURFACE_OF_LINEAR_EXTRUSION('',#4888,#4892);
#4888 = B_SPLINE_CURVE_WITH_KNOTS('',2,(#4889,#4890,#4891),
  .UNSPECIFIED.,.F.,.F.,(3,3),(0.,1.),.PIECEWISE_BEZIER_KNOTS.);
#4889 = CARTESIAN_POINT('',(-3.867080960534,-3.588724035608,10.));
#4890 = CARTESIAN_POINT('',(-3.650510114837,-3.588724035608,10.));
#4891 = CARTESIAN_POINT('',(-3.529636598516,-3.481899109792,10.));
#4892 = VECTOR('',#4893,1.);
#4893 = DIRECTION('',(0.,0.,1.));
#4894 = ADVANCED_FACE('',(#4895),#4920,.T.);
#4895 = FACE_BOUND('',#4896,.T.);
#4896 = EDGE_LOOP('',(#4897,#4905,#4906,#4914));
#4897 = ORIENTED_EDGE('',*,*,#4898,.T.);
#4898 = EDGE_CURVE('',#4899,#4489,#4901,.T.);
#4899 = VERTEX_POINT('',#4900);
#4900 = CARTESIAN_POINT('',(-1.702485263205,-3.562017804154,10.));
#4901 = LINE('',#4902,#4903);
#4902 = CARTESIAN_POINT('',(-1.702485263205,-3.562017804154,10.));
#4903 = VECTOR('',#4904,1.);
#4904 = DIRECTION('',(-0.,-0.,-1.));
#4905 = ORIENTED_EDGE('',*,*,#4488,.T.);
#4906 = ORIENTED_EDGE('',*,*,#4907,.F.);
#4907 = EDGE_CURVE('',#4908,#4491,#4910,.T.);
#4908 = VERTEX_POINT('',#4909);
#4909 = CARTESIAN_POINT('',(-1.156954847774,-3.562017804154,10.));
#4910 = LINE('',#4911,#4912);
#4911 = CARTESIAN_POINT('',(-1.156954847774,-3.562017804154,10.));
#4912 = VECTOR('',#4913,1.);
#4913 = DIRECTION('',(-0.,-0.,-1.));
#4914 = ORIENTED_EDGE('',*,*,#4915,.F.);
#4915 = EDGE_CURVE('',#4899,#4908,#4916,.T.);
#4916 = LINE('',#4917,#4918);
#4917 = CARTESIAN_POINT('',(-1.702485263205,-3.562017804154,10.));
#4918 = VECTOR('',#4919,1.);
#4919 = DIRECTION('',(1.,0.,0.));
#4920 = PLANE('',#4921);
#4921 = AXIS2_PLACEMENT_3D('',#4922,#4923,#4924);
#4922 = CARTESIAN_POINT('',(-1.702485263205,-3.562017804154,10.));
#4923 = DIRECTION('',(0.,-1.,0.));
#4924 = DIRECTION('',(1.,0.,0.));
#4925 = ADVANCED_FACE('',(#4926),#4944,.T.);
#4926 = FACE_BOUND('',#4927,.T.);
#4927 = EDGE_LOOP('',(#4928,#4936,#4937,#4938));
#4928 = ORIENTED_EDGE('',*,*,#4929,.T.);
#4929 = EDGE_CURVE('',#4930,#4499,#4932,.T.);
#4930 = VERTEX_POINT('',#4931);
#4931 = CARTESIAN_POINT('',(-1.702485263205,-2.73412462908,10.));
#4932 = LINE('',#4933,#4934);
#4933 = CARTESIAN_POINT('',(-1.702485263205,-2.73412462908,10.));
#4934 = VECTOR('',#4935,1.);
#4935 = DIRECTION('',(-0.,-0.,-1.));
#4936 = ORIENTED_EDGE('',*,*,#4498,.T.);
#4937 = ORIENTED_EDGE('',*,*,#4898,.F.);
#4938 = ORIENTED_EDGE('',*,*,#4939,.F.);
#4939 = EDGE_CURVE('',#4930,#4899,#4940,.T.);
#4940 = LINE('',#4941,#4942);
#4941 = CARTESIAN_POINT('',(-1.702485263205,-2.73412462908,10.));
#4942 = VECTOR('',#4943,1.);
#4943 = DIRECTION('',(0.,-1.,0.));
#4944 = PLANE('',#4945);
#4945 = AXIS2_PLACEMENT_3D('',#4946,#4947,#4948);
#4946 = CARTESIAN_POINT('',(-1.702485263205,-2.73412462908,10.));
#4947 = DIRECTION('',(-1.,0.,0.));
#4948 = DIRECTION('',(0.,-1.,0.));
#4949 = ADVANCED_FACE('',(#4950),#4968,.T.);
#4950 = FACE_BOUND('',#4951,.T.);
#4951 = EDGE_LOOP('',(#4952,#4960,#4961,#4962));
#4952 = ORIENTED_EDGE('',*,*,#4953,.T.);
#4953 = EDGE_CURVE('',#4954,#4507,#4956,.T.);
#4954 = VERTEX_POINT('',#4955);
#4955 = CARTESIAN_POINT('',(-1.156954847774,-2.73412462908,10.));
#4956 = LINE('',#4957,#4958);
#4957 = CARTESIAN_POINT('',(-1.156954847774,-2.73412462908,10.));
#4958 = VECTOR('',#4959,1.);
#4959 = DIRECTION('',(-0.,-0.,-1.));
#4960 = ORIENTED_EDGE('',*,*,#4506,.T.);
#4961 = ORIENTED_EDGE('',*,*,#4929,.F.);
#4962 = ORIENTED_EDGE('',*,*,#4963,.F.);
#4963 = EDGE_CURVE('',#4954,#4930,#4964,.T.);
#4964 = LINE('',#4965,#4966);
#4965 = CARTESIAN_POINT('',(-1.156954847774,-2.73412462908,10.));
#4966 = VECTOR('',#4967,1.);
#4967 = DIRECTION('',(-1.,0.,0.));
#4968 = PLANE('',#4969);
#4969 = AXIS2_PLACEMENT_3D('',#4970,#4971,#4972);
#4970 = CARTESIAN_POINT('',(-1.156954847774,-2.73412462908,10.));
#4971 = DIRECTION('',(0.,1.,0.));
#4972 = DIRECTION('',(-1.,0.,0.));
#4973 = ADVANCED_FACE('',(#4974),#4992,.T.);
#4974 = FACE_BOUND('',#4975,.T.);
#4975 = EDGE_LOOP('',(#4976,#4984,#4985,#4986));
#4976 = ORIENTED_EDGE('',*,*,#4977,.T.);
#4977 = EDGE_CURVE('',#4978,#4515,#4980,.T.);
#4978 = VERTEX_POINT('',#4979);
#4979 = CARTESIAN_POINT('',(-0.807409224629,-2.846235163205,10.));
#4980 = LINE('',#4981,#4982);
#4981 = CARTESIAN_POINT('',(-0.807409224629,-2.846235163205,10.));
#4982 = VECTOR('',#4983,1.);
#4983 = DIRECTION('',(-0.,-0.,-1.));
#4984 = ORIENTED_EDGE('',*,*,#4514,.T.);
#4985 = ORIENTED_EDGE('',*,*,#4953,.F.);
#4986 = ORIENTED_EDGE('',*,*,#4987,.F.);
#4987 = EDGE_CURVE('',#4978,#4954,#4988,.T.);
#4988 = B_SPLINE_CURVE_WITH_KNOTS('',2,(#4989,#4990,#4991),
  .UNSPECIFIED.,.F.,.F.,(3,3),(0.,1.),.PIECEWISE_BEZIER_KNOTS.);
#4989 = CARTESIAN_POINT('',(-0.807409224629,-2.846235163205,10.));
#4990 = CARTESIAN_POINT('',(-0.918267904154,-2.73412462908,10.));
#4991 = CARTESIAN_POINT('',(-1.156954847774,-2.73412462908,10.));
#4992 = SURFACE_OF_LINEAR_EXTRUSION('',#4993,#4997);
#4993 = B_SPLINE_CURVE_WITH_KNOTS('',2,(#4994,#4995,#4996),
  .UNSPECIFIED.,.F.,.F.,(3,3),(0.,1.),.PIECEWISE_BEZIER_KNOTS.);
#4994 = CARTESIAN_POINT('',(-0.807409224629,-2.846235163205,10.));
#4995 = CARTESIAN_POINT('',(-0.918267904154,-2.73412462908,10.));
#4996 = CARTESIAN_POINT('',(-1.156954847774,-2.73412462908,10.));
#4997 = VECTOR('',#4998,1.);
#4998 = DIRECTION('',(0.,0.,1.));
#4999 = ADVANCED_FACE('',(#5000),#5018,.T.);
#5000 = FACE_BOUND('',#5001,.T.);
#5001 = EDGE_LOOP('',(#5002,#5010,#5011,#5012));
#5002 = ORIENTED_EDGE('',*,*,#5003,.T.);
#5003 = EDGE_CURVE('',#5004,#4523,#5006,.T.);
#5004 = VERTEX_POINT('',#5005);
#5005 = CARTESIAN_POINT('',(-0.696550545104,-3.152383160237,10.));
#5006 = LINE('',#5007,#5008);
#5007 = CARTESIAN_POINT('',(-0.696550545104,-3.152383160237,10.));
#5008 = VECTOR('',#5009,1.);
#5009 = DIRECTION('',(-0.,-0.,-1.));
#5010 = ORIENTED_EDGE('',*,*,#4522,.T.);
#5011 = ORIENTED_EDGE('',*,*,#4977,.F.);
#5012 = ORIENTED_EDGE('',*,*,#5013,.F.);
#5013 = EDGE_CURVE('',#5004,#4978,#5014,.T.);
#5014 = B_SPLINE_CURVE_WITH_KNOTS('',2,(#5015,#5016,#5017),
  .UNSPECIFIED.,.F.,.F.,(3,3),(0.,1.),.PIECEWISE_BEZIER_KNOTS.);
#5015 = CARTESIAN_POINT('',(-0.696550545104,-3.152383160237,10.));
#5016 = CARTESIAN_POINT('',(-0.696550545104,-2.958345697329,10.));
#5017 = CARTESIAN_POINT('',(-0.807409224629,-2.846235163205,10.));
#5018 = SURFACE_OF_LINEAR_EXTRUSION('',#5019,#5023);
#5019 = B_SPLINE_CURVE_WITH_KNOTS('',2,(#5020,#5021,#5022),
  .UNSPECIFIED.,.F.,.F.,(3,3),(0.,1.),.PIECEWISE_BEZIER_KNOTS.);
#5020 = CARTESIAN_POINT('',(-0.696550545104,-3.152383160237,10.));
#5021 = CARTESIAN_POINT('',(-0.696550545104,-2.958345697329,10.));
#5022 = CARTESIAN_POINT('',(-0.807409224629,-2.846235163205,10.));
#5023 = VECTOR('',#5024,1.);
#5024 = DIRECTION('',(0.,0.,1.));
#5025 = ADVANCED_FACE('',(#5026),#5044,.T.);
#5026 = FACE_BOUND('',#5027,.T.);
#5027 = EDGE_LOOP('',(#5028,#5036,#5037,#5038));
#5028 = ORIENTED_EDGE('',*,*,#5029,.T.);
#5029 = EDGE_CURVE('',#5030,#4531,#5032,.T.);
#5030 = VERTEX_POINT('',#5031);
#5031 = CARTESIAN_POINT('',(-0.809495648961,-3.45421921365,10.));
#5032 = LINE('',#5033,#5034);
#5033 = CARTESIAN_POINT('',(-0.809495648961,-3.45421921365,10.));
#5034 = VECTOR('',#5035,1.);
#5035 = DIRECTION('',(-0.,-0.,-1.));
#5036 = ORIENTED_EDGE('',*,*,#4530,.T.);
#5037 = ORIENTED_EDGE('',*,*,#5003,.F.);
#5038 = ORIENTED_EDGE('',*,*,#5039,.F.);
#5039 = EDGE_CURVE('',#5030,#5004,#5040,.T.);
#5040 = B_SPLINE_CURVE_WITH_KNOTS('',2,(#5041,#5042,#5043),
  .UNSPECIFIED.,.F.,.F.,(3,3),(0.,1.),.PIECEWISE_BEZIER_KNOTS.);
#5041 = CARTESIAN_POINT('',(-0.809495648961,-3.45421921365,10.));
#5042 = CARTESIAN_POINT('',(-0.696550545104,-3.346420623145,10.));
#5043 = CARTESIAN_POINT('',(-0.696550545104,-3.152383160237,10.));
#5044 = SURFACE_OF_LINEAR_EXTRUSION('',#5045,#5049);
#5045 = B_SPLINE_CURVE_WITH_KNOTS('',2,(#5046,#5047,#5048),
  .UNSPECIFIED.,.F.,.F.,(3,3),(0.,1.),.PIECEWISE_BEZIER_KNOTS.);
#5046 = CARTESIAN_POINT('',(-0.809495648961,-3.45421921365,10.));
#5047 = CARTESIAN_POINT('',(-0.696550545104,-3.346420623145,10.));
#5048 = CARTESIAN_POINT('',(-0.696550545104,-3.152383160237,10.));
#5049 = VECTOR('',#5050,1.);
#5050 = DIRECTION('',(0.,0.,1.));
#5051 = ADVANCED_FACE('',(#5052),#5063,.T.);
#5052 = FACE_BOUND('',#5053,.T.);
#5053 = EDGE_LOOP('',(#5054,#5055,#5056,#5057));
#5054 = ORIENTED_EDGE('',*,*,#4907,.T.);
#5055 = ORIENTED_EDGE('',*,*,#4538,.T.);
#5056 = ORIENTED_EDGE('',*,*,#5029,.F.);
#5057 = ORIENTED_EDGE('',*,*,#5058,.F.);
#5058 = EDGE_CURVE('',#4908,#5030,#5059,.T.);
#5059 = B_SPLINE_CURVE_WITH_KNOTS('',2,(#5060,#5061,#5062),
  .UNSPECIFIED.,.F.,.F.,(3,3),(0.,1.),.PIECEWISE_BEZIER_KNOTS.);
#5060 = CARTESIAN_POINT('',(-1.156954847774,-3.562017804154,10.));
#5061 = CARTESIAN_POINT('',(-0.922440752819,-3.562017804154,10.));
#5062 = CARTESIAN_POINT('',(-0.809495648961,-3.45421921365,10.));
#5063 = SURFACE_OF_LINEAR_EXTRUSION('',#5064,#5068);
#5064 = B_SPLINE_CURVE_WITH_KNOTS('',2,(#5065,#5066,#5067),
  .UNSPECIFIED.,.F.,.F.,(3,3),(0.,1.),.PIECEWISE_BEZIER_KNOTS.);
#5065 = CARTESIAN_POINT('',(-1.156954847774,-3.562017804154,10.));
#5066 = CARTESIAN_POINT('',(-0.922440752819,-3.562017804154,10.));
#5067 = CARTESIAN_POINT('',(-0.809495648961,-3.45421921365,10.));
#5068 = VECTOR('',#5069,1.);
#5069 = DIRECTION('',(0.,0.,1.));
#5070 = ADVANCED_FACE('',(#5071),#5096,.T.);
#5071 = FACE_BOUND('',#5072,.T.);
#5072 = EDGE_LOOP('',(#5073,#5081,#5082,#5090));
#5073 = ORIENTED_EDGE('',*,*,#5074,.T.);
#5074 = EDGE_CURVE('',#5075,#4634,#5077,.T.);
#5075 = VERTEX_POINT('',#5076);
#5076 = CARTESIAN_POINT('',(-3.144955389614,2.640949554896,10.));
#5077 = LINE('',#5078,#5079);
#5078 = CARTESIAN_POINT('',(-3.144955389614,2.640949554896,10.));
#5079 = VECTOR('',#5080,1.);
#5080 = DIRECTION('',(-0.,-0.,-1.));
#5081 = ORIENTED_EDGE('',*,*,#4633,.T.);
#5082 = ORIENTED_EDGE('',*,*,#5083,.F.);
#5083 = EDGE_CURVE('',#5084,#4636,#5086,.T.);
#5084 = VERTEX_POINT('',#5085);
#5085 = CARTESIAN_POINT('',(-2.210237288724,2.640949554896,10.));
#5086 = LINE('',#5087,#5088);
#5087 = CARTESIAN_POINT('',(-2.210237288724,2.640949554896,10.));
#5088 = VECTOR('',#5089,1.);
#5089 = DIRECTION('',(-0.,-0.,-1.));
#5090 = ORIENTED_EDGE('',*,*,#5091,.F.);
#5091 = EDGE_CURVE('',#5075,#5084,#5092,.T.);
#5092 = LINE('',#5093,#5094);
#5093 = CARTESIAN_POINT('',(-3.144955389614,2.640949554896,10.));
#5094 = VECTOR('',#5095,1.);
#5095 = DIRECTION('',(1.,0.,0.));
#5096 = PLANE('',#5097);
#5097 = AXIS2_PLACEMENT_3D('',#5098,#5099,#5100);
#5098 = CARTESIAN_POINT('',(-3.144955389614,2.640949554896,10.));
#5099 = DIRECTION('',(0.,-1.,0.));
#5100 = DIRECTION('',(1.,0.,0.));
#5101 = ADVANCED_FACE('',(#5102),#5120,.T.);
#5102 = FACE_BOUND('',#5103,.T.);
#5103 = EDGE_LOOP('',(#5104,#5112,#5113,#5114));
#5104 = ORIENTED_EDGE('',*,*,#5105,.T.);
#5105 = EDGE_CURVE('',#5106,#4644,#5108,.T.);
#5106 = VERTEX_POINT('',#5107);
#5107 = CARTESIAN_POINT('',(-3.144955389614,4.070029673591,10.));
#5108 = LINE('',#5109,#5110);
#5109 = CARTESIAN_POINT('',(-3.144955389614,4.070029673591,10.));
#5110 = VECTOR('',#5111,1.);
#5111 = DIRECTION('',(-0.,-0.,-1.));
#5112 = ORIENTED_EDGE('',*,*,#4643,.T.);
#5113 = ORIENTED_EDGE('',*,*,#5074,.F.);
#5114 = ORIENTED_EDGE('',*,*,#5115,.F.);
#5115 = EDGE_CURVE('',#5106,#5075,#5116,.T.);
#5116 = LINE('',#5117,#5118);
#5117 = CARTESIAN_POINT('',(-3.144955389614,4.070029673591,10.));
#5118 = VECTOR('',#5119,1.);
#5119 = DIRECTION('',(0.,-1.,0.));
#5120 = PLANE('',#5121);
#5121 = AXIS2_PLACEMENT_3D('',#5122,#5123,#5124);
#5122 = CARTESIAN_POINT('',(-3.144955389614,4.070029673591,10.));
#5123 = DIRECTION('',(-1.,0.,0.));
#5124 = DIRECTION('',(0.,-1.,0.));
#5125 = ADVANCED_FACE('',(#5126),#5144,.T.);
#5126 = FACE_BOUND('',#5127,.T.);
#5127 = EDGE_LOOP('',(#5128,#5136,#5137,#5138));
#5128 = ORIENTED_EDGE('',*,*,#5129,.T.);
#5129 = EDGE_CURVE('',#5130,#4652,#5132,.T.);
#5130 = VERTEX_POINT('',#5131);
#5131 = CARTESIAN_POINT('',(-2.210237288724,4.070029673591,10.));
#5132 = LINE('',#5133,#5134);
#5133 = CARTESIAN_POINT('',(-2.210237288724,4.070029673591,10.));
#5134 = VECTOR('',#5135,1.);
#5135 = DIRECTION('',(-0.,-0.,-1.));
#5136 = ORIENTED_EDGE('',*,*,#4651,.T.);
#5137 = ORIENTED_EDGE('',*,*,#5105,.F.);
#5138 = ORIENTED_EDGE('',*,*,#5139,.F.);
#5139 = EDGE_CURVE('',#5130,#5106,#5140,.T.);
#5140 = LINE('',#5141,#5142);
#5141 = CARTESIAN_POINT('',(-2.210237288724,4.070029673591,10.));
#5142 = VECTOR('',#5143,1.);
#5143 = DIRECTION('',(-1.,0.,0.));
#5144 = PLANE('',#5145);
#5145 = AXIS2_PLACEMENT_3D('',#5146,#5147,#5148);
#5146 = CARTESIAN_POINT('',(-2.210237288724,4.070029673591,10.));
#5147 = DIRECTION('',(0.,1.,0.));
#5148 = DIRECTION('',(-1.,0.,0.));
#5149 = ADVANCED_FACE('',(#5150),#5168,.T.);
#5150 = FACE_BOUND('',#5151,.T.);
#5151 = EDGE_LOOP('',(#5152,#5160,#5161,#5162));
#5152 = ORIENTED_EDGE('',*,*,#5153,.T.);
#5153 = EDGE_CURVE('',#5154,#4660,#5156,.T.);
#5154 = VERTEX_POINT('',#5155);
#5155 = CARTESIAN_POINT('',(-1.63512601276,3.862314540059,10.));
#5156 = LINE('',#5157,#5158);
#5157 = CARTESIAN_POINT('',(-1.63512601276,3.862314540059,10.));
#5158 = VECTOR('',#5159,1.);
#5159 = DIRECTION('',(-0.,-0.,-1.));
#5160 = ORIENTED_EDGE('',*,*,#4659,.T.);
#5161 = ORIENTED_EDGE('',*,*,#5129,.F.);
#5162 = ORIENTED_EDGE('',*,*,#5163,.F.);
#5163 = EDGE_CURVE('',#5154,#5130,#5164,.T.);
#5164 = B_SPLINE_CURVE_WITH_KNOTS('',2,(#5165,#5166,#5167),
  .UNSPECIFIED.,.F.,.F.,(3,3),(0.,1.),.PIECEWISE_BEZIER_KNOTS.);
#5165 = CARTESIAN_POINT('',(-1.63512601276,3.862314540059,10.));
#5166 = CARTESIAN_POINT('',(-1.81090494451,4.070029673591,10.));
#5167 = CARTESIAN_POINT('',(-2.210237288724,4.070029673591,10.));
#5168 = SURFACE_OF_LINEAR_EXTRUSION('',#5169,#5173);
#5169 = B_SPLINE_CURVE_WITH_KNOTS('',2,(#5170,#5171,#5172),
  .UNSPECIFIED.,.F.,.F.,(3,3),(0.,1.),.PIECEWISE_BEZIER_KNOTS.);
#5170 = CARTESIAN_POINT('',(-1.63512601276,3.862314540059,10.));
#5171 = CARTESIAN_POINT('',(-1.81090494451,4.070029673591,10.));
#5172 = CARTESIAN_POINT('',(-2.210237288724,4.070029673591,10.));
#5173 = VECTOR('',#5174,1.);
#5174 = DIRECTION('',(0.,0.,1.));
#5175 = ADVANCED_FACE('',(#5176),#5194,.T.);
#5176 = FACE_BOUND('',#5177,.T.);
#5177 = EDGE_LOOP('',(#5178,#5186,#5187,#5188));
#5178 = ORIENTED_EDGE('',*,*,#5179,.T.);
#5179 = EDGE_CURVE('',#5180,#4668,#5182,.T.);
#5180 = VERTEX_POINT('',#5181);
#5181 = CARTESIAN_POINT('',(-1.459347081009,3.35159495549,10.));
#5182 = LINE('',#5183,#5184);
#5183 = CARTESIAN_POINT('',(-1.459347081009,3.35159495549,10.));
#5184 = VECTOR('',#5185,1.);
#5185 = DIRECTION('',(-0.,-0.,-1.));
#5186 = ORIENTED_EDGE('',*,*,#4667,.T.);
#5187 = ORIENTED_EDGE('',*,*,#5153,.F.);
#5188 = ORIENTED_EDGE('',*,*,#5189,.F.);
#5189 = EDGE_CURVE('',#5180,#5154,#5190,.T.);
#5190 = B_SPLINE_CURVE_WITH_KNOTS('',2,(#5191,#5192,#5193),
  .UNSPECIFIED.,.F.,.F.,(3,3),(0.,1.),.PIECEWISE_BEZIER_KNOTS.);
#5191 = CARTESIAN_POINT('',(-1.459347081009,3.35159495549,10.));
#5192 = CARTESIAN_POINT('',(-1.459347081009,3.654859050445,10.));
#5193 = CARTESIAN_POINT('',(-1.63512601276,3.862314540059,10.));
#5194 = SURFACE_OF_LINEAR_EXTRUSION('',#5195,#5199);
#5195 = B_SPLINE_CURVE_WITH_KNOTS('',2,(#5196,#5197,#5198),
  .UNSPECIFIED.,.F.,.F.,(3,3),(0.,1.),.PIECEWISE_BEZIER_KNOTS.);
#5196 = CARTESIAN_POINT('',(-1.459347081009,3.35159495549,10.));
#5197 = CARTESIAN_POINT('',(-1.459347081009,3.654859050445,10.));
#5198 = CARTESIAN_POINT('',(-1.63512601276,3.862314540059,10.));
#5199 = VECTOR('',#5200,1.);
#5200 = DIRECTION('',(0.,0.,1.));
#5201 = ADVANCED_FACE('',(#5202),#5220,.T.);
#5202 = FACE_BOUND('',#5203,.T.);
#5203 = EDGE_LOOP('',(#5204,#5212,#5213,#5214));
#5204 = ORIENTED_EDGE('',*,*,#5205,.T.);
#5205 = EDGE_CURVE('',#5206,#4676,#5208,.T.);
#5206 = VERTEX_POINT('',#5207);
#5207 = CARTESIAN_POINT('',(-1.663167555786,2.81646884273,10.));
#5208 = LINE('',#5209,#5210);
#5209 = CARTESIAN_POINT('',(-1.663167555786,2.81646884273,10.));
#5210 = VECTOR('',#5211,1.);
#5211 = DIRECTION('',(-0.,-0.,-1.));
#5212 = ORIENTED_EDGE('',*,*,#4675,.T.);
#5213 = ORIENTED_EDGE('',*,*,#5179,.F.);
#5214 = ORIENTED_EDGE('',*,*,#5215,.F.);
#5215 = EDGE_CURVE('',#5206,#5180,#5216,.T.);
#5216 = B_SPLINE_CURVE_WITH_KNOTS('',2,(#5217,#5218,#5219),
  .UNSPECIFIED.,.F.,.F.,(3,3),(0.,1.),.PIECEWISE_BEZIER_KNOTS.);
#5217 = CARTESIAN_POINT('',(-1.663167555786,2.81646884273,10.));
#5218 = CARTESIAN_POINT('',(-1.459347081009,2.992247774481,10.));
#5219 = CARTESIAN_POINT('',(-1.459347081009,3.35159495549,10.));
#5220 = SURFACE_OF_LINEAR_EXTRUSION('',#5221,#5225);
#5221 = B_SPLINE_CURVE_WITH_KNOTS('',2,(#5222,#5223,#5224),
  .UNSPECIFIED.,.F.,.F.,(3,3),(0.,1.),.PIECEWISE_BEZIER_KNOTS.);
#5222 = CARTESIAN_POINT('',(-1.663167555786,2.81646884273,10.));
#5223 = CARTESIAN_POINT('',(-1.459347081009,2.992247774481,10.));
#5224 = CARTESIAN_POINT('',(-1.459347081009,3.35159495549,10.));
#5225 = VECTOR('',#5226,1.);
#5226 = DIRECTION('',(0.,0.,1.));
#5227 = ADVANCED_FACE('',(#5228),#5239,.T.);
#5228 = FACE_BOUND('',#5229,.T.);
#5229 = EDGE_LOOP('',(#5230,#5231,#5232,#5233));
#5230 = ORIENTED_EDGE('',*,*,#5083,.T.);
#5231 = ORIENTED_EDGE('',*,*,#4683,.T.);
#5232 = ORIENTED_EDGE('',*,*,#5205,.F.);
#5233 = ORIENTED_EDGE('',*,*,#5234,.F.);
#5234 = EDGE_CURVE('',#5084,#5206,#5235,.T.);
#5235 = B_SPLINE_CURVE_WITH_KNOTS('',2,(#5236,#5237,#5238),
  .UNSPECIFIED.,.F.,.F.,(3,3),(0.,1.),.PIECEWISE_BEZIER_KNOTS.);
#5236 = CARTESIAN_POINT('',(-2.210237288724,2.640949554896,10.));
#5237 = CARTESIAN_POINT('',(-1.866728386647,2.640949554896,10.));
#5238 = CARTESIAN_POINT('',(-1.663167555786,2.81646884273,10.));
#5239 = SURFACE_OF_LINEAR_EXTRUSION('',#5240,#5244);
#5240 = B_SPLINE_CURVE_WITH_KNOTS('',2,(#5241,#5242,#5243),
  .UNSPECIFIED.,.F.,.F.,(3,3),(0.,1.),.PIECEWISE_BEZIER_KNOTS.);
#5241 = CARTESIAN_POINT('',(-2.210237288724,2.640949554896,10.));
#5242 = CARTESIAN_POINT('',(-1.866728386647,2.640949554896,10.));
#5243 = CARTESIAN_POINT('',(-1.663167555786,2.81646884273,10.));
#5244 = VECTOR('',#5245,1.);
#5245 = DIRECTION('',(0.,0.,1.));
#5246 = ADVANCED_FACE('',(#5247,#5250),#5384,.F.);
#5247 = FACE_BOUND('',#5248,.F.);
#5248 = EDGE_LOOP('',(#5249));
#5249 = ORIENTED_EDGE('',*,*,#4705,.F.);
#5250 = FACE_BOUND('',#5251,.F.);
#5251 = EDGE_LOOP('',(#5252,#5262,#5270,#5278,#5287,#5295,#5303,#5311,
    #5320,#5328,#5336,#5344,#5353,#5361,#5369,#5377));
#5252 = ORIENTED_EDGE('',*,*,#5253,.F.);
#5253 = EDGE_CURVE('',#5254,#5256,#5258,.T.);
#5254 = VERTEX_POINT('',#5255);
#5255 = CARTESIAN_POINT('',(-2.05,-0.59,2.1));
#5256 = VERTEX_POINT('',#5257);
#5257 = CARTESIAN_POINT('',(-0.88,-0.59,2.1));
#5258 = LINE('',#5259,#5260);
#5259 = CARTESIAN_POINT('',(-2.05,-0.59,2.1));
#5260 = VECTOR('',#5261,1.);
#5261 = DIRECTION('',(1.,0.,0.));
#5262 = ORIENTED_EDGE('',*,*,#5263,.F.);
#5263 = EDGE_CURVE('',#5264,#5254,#5266,.T.);
#5264 = VERTEX_POINT('',#5265);
#5265 = CARTESIAN_POINT('',(-2.05,0.58,2.1));
#5266 = LINE('',#5267,#5268);
#5267 = CARTESIAN_POINT('',(-2.05,0.58,2.1));
#5268 = VECTOR('',#5269,1.);
#5269 = DIRECTION('',(0.,-1.,0.));
#5270 = ORIENTED_EDGE('',*,*,#5271,.F.);
#5271 = EDGE_CURVE('',#5272,#5264,#5274,.T.);
#5272 = VERTEX_POINT('',#5273);
#5273 = CARTESIAN_POINT('',(-0.89,0.58,2.1));
#5274 = LINE('',#5275,#5276);
#5275 = CARTESIAN_POINT('',(-0.89,0.58,2.1));
#5276 = VECTOR('',#5277,1.);
#5277 = DIRECTION('',(-1.,0.,0.));
#5278 = ORIENTED_EDGE('',*,*,#5279,.F.);
#5279 = EDGE_CURVE('',#5280,#5272,#5282,.T.);
#5280 = VERTEX_POINT('',#5281);
#5281 = CARTESIAN_POINT('',(-0.59,0.88,2.1));
#5282 = CIRCLE('',#5283,0.3);
#5283 = AXIS2_PLACEMENT_3D('',#5284,#5285,#5286);
#5284 = CARTESIAN_POINT('',(-0.89,0.88,2.1));
#5285 = DIRECTION('',(0.,0.,-1.));
#5286 = DIRECTION('',(1.,0.,0.));
#5287 = ORIENTED_EDGE('',*,*,#5288,.F.);
#5288 = EDGE_CURVE('',#5289,#5280,#5291,.T.);
#5289 = VERTEX_POINT('',#5290);
#5290 = CARTESIAN_POINT('',(-0.59,2.05,2.1));
#5291 = LINE('',#5292,#5293);
#5292 = CARTESIAN_POINT('',(-0.59,2.05,2.1));
#5293 = VECTOR('',#5294,1.);
#5294 = DIRECTION('',(0.,-1.,0.));
#5295 = ORIENTED_EDGE('',*,*,#5296,.F.);
#5296 = EDGE_CURVE('',#5297,#5289,#5299,.T.);
#5297 = VERTEX_POINT('',#5298);
#5298 = CARTESIAN_POINT('',(0.58,2.05,2.1));
#5299 = LINE('',#5300,#5301);
#5300 = CARTESIAN_POINT('',(0.58,2.05,2.1));
#5301 = VECTOR('',#5302,1.);
#5302 = DIRECTION('',(-1.,0.,0.));
#5303 = ORIENTED_EDGE('',*,*,#5304,.F.);
#5304 = EDGE_CURVE('',#5305,#5297,#5307,.T.);
#5305 = VERTEX_POINT('',#5306);
#5306 = CARTESIAN_POINT('',(0.58,0.89,2.1));
#5307 = LINE('',#5308,#5309);
#5308 = CARTESIAN_POINT('',(0.58,0.89,2.1));
#5309 = VECTOR('',#5310,1.);
#5310 = DIRECTION('',(0.,1.,0.));
#5311 = ORIENTED_EDGE('',*,*,#5312,.F.);
#5312 = EDGE_CURVE('',#5313,#5305,#5315,.T.);
#5313 = VERTEX_POINT('',#5314);
#5314 = CARTESIAN_POINT('',(0.88,0.59,2.1));
#5315 = CIRCLE('',#5316,0.3);
#5316 = AXIS2_PLACEMENT_3D('',#5317,#5318,#5319);
#5317 = CARTESIAN_POINT('',(0.88,0.89,2.1));
#5318 = DIRECTION('',(0.,0.,-1.));
#5319 = DIRECTION('',(1.,0.,0.));
#5320 = ORIENTED_EDGE('',*,*,#5321,.F.);
#5321 = EDGE_CURVE('',#5322,#5313,#5324,.T.);
#5322 = VERTEX_POINT('',#5323);
#5323 = CARTESIAN_POINT('',(2.05,0.59,2.1));
#5324 = LINE('',#5325,#5326);
#5325 = CARTESIAN_POINT('',(2.05,0.59,2.1));
#5326 = VECTOR('',#5327,1.);
#5327 = DIRECTION('',(-1.,0.,0.));
#5328 = ORIENTED_EDGE('',*,*,#5329,.F.);
#5329 = EDGE_CURVE('',#5330,#5322,#5332,.T.);
#5330 = VERTEX_POINT('',#5331);
#5331 = CARTESIAN_POINT('',(2.05,-0.58,2.1));
#5332 = LINE('',#5333,#5334);
#5333 = CARTESIAN_POINT('',(2.05,-0.58,2.1));
#5334 = VECTOR('',#5335,1.);
#5335 = DIRECTION('',(0.,1.,0.));
#5336 = ORIENTED_EDGE('',*,*,#5337,.F.);
#5337 = EDGE_CURVE('',#5338,#5330,#5340,.T.);
#5338 = VERTEX_POINT('',#5339);
#5339 = CARTESIAN_POINT('',(0.89,-0.58,2.1));
#5340 = LINE('',#5341,#5342);
#5341 = CARTESIAN_POINT('',(0.89,-0.58,2.1));
#5342 = VECTOR('',#5343,1.);
#5343 = DIRECTION('',(1.,0.,0.));
#5344 = ORIENTED_EDGE('',*,*,#5345,.F.);
#5345 = EDGE_CURVE('',#5346,#5338,#5348,.T.);
#5346 = VERTEX_POINT('',#5347);
#5347 = CARTESIAN_POINT('',(0.59,-0.88,2.1));
#5348 = CIRCLE('',#5349,0.3);
#5349 = AXIS2_PLACEMENT_3D('',#5350,#5351,#5352);
#5350 = CARTESIAN_POINT('',(0.89,-0.88,2.1));
#5351 = DIRECTION('',(0.,0.,-1.));
#5352 = DIRECTION('',(1.,0.,0.));
#5353 = ORIENTED_EDGE('',*,*,#5354,.F.);
#5354 = EDGE_CURVE('',#5355,#5346,#5357,.T.);
#5355 = VERTEX_POINT('',#5356);
#5356 = CARTESIAN_POINT('',(0.59,-2.05,2.1));
#5357 = LINE('',#5358,#5359);
#5358 = CARTESIAN_POINT('',(0.59,-2.05,2.1));
#5359 = VECTOR('',#5360,1.);
#5360 = DIRECTION('',(0.,1.,0.));
#5361 = ORIENTED_EDGE('',*,*,#5362,.F.);
#5362 = EDGE_CURVE('',#5363,#5355,#5365,.T.);
#5363 = VERTEX_POINT('',#5364);
#5364 = CARTESIAN_POINT('',(-0.58,-2.05,2.1));
#5365 = LINE('',#5366,#5367);
#5366 = CARTESIAN_POINT('',(-0.58,-2.05,2.1));
#5367 = VECTOR('',#5368,1.);
#5368 = DIRECTION('',(1.,0.,0.));
#5369 = ORIENTED_EDGE('',*,*,#5370,.F.);
#5370 = EDGE_CURVE('',#5371,#5363,#5373,.T.);
#5371 = VERTEX_POINT('',#5372);
#5372 = CARTESIAN_POINT('',(-0.58,-0.89,2.1));
#5373 = LINE('',#5374,#5375);
#5374 = CARTESIAN_POINT('',(-0.58,-0.89,2.1));
#5375 = VECTOR('',#5376,1.);
#5376 = DIRECTION('',(0.,-1.,0.));
#5377 = ORIENTED_EDGE('',*,*,#5378,.F.);
#5378 = EDGE_CURVE('',#5256,#5371,#5379,.T.);
#5379 = CIRCLE('',#5380,0.3);
#5380 = AXIS2_PLACEMENT_3D('',#5381,#5382,#5383);
#5381 = CARTESIAN_POINT('',(-0.88,-0.89,2.1));
#5382 = DIRECTION('',(0.,0.,-1.));
#5383 = DIRECTION('',(1.,0.,0.));
#5384 = PLANE('',#5385);
#5385 = AXIS2_PLACEMENT_3D('',#5386,#5387,#5388);
#5386 = CARTESIAN_POINT('',(-1.9E-16,1.1E-16,2.1));
#5387 = DIRECTION('',(0.,0.,1.));
#5388 = DIRECTION('',(1.,0.,0.));
#5389 = ADVANCED_FACE('',(#5390),#5399,.T.);
#5390 = FACE_BOUND('',#5391,.T.);
#5391 = EDGE_LOOP('',(#5392,#5393,#5394,#5395,#5396,#5397,#5398));
#5392 = ORIENTED_EDGE('',*,*,#4763,.T.);
#5393 = ORIENTED_EDGE('',*,*,#4739,.T.);
#5394 = ORIENTED_EDGE('',*,*,#4882,.T.);
#5395 = ORIENTED_EDGE('',*,*,#4863,.T.);
#5396 = ORIENTED_EDGE('',*,*,#4837,.T.);
#5397 = ORIENTED_EDGE('',*,*,#4811,.T.);
#5398 = ORIENTED_EDGE('',*,*,#4787,.T.);
#5399 = PLANE('',#5400);
#5400 = AXIS2_PLACEMENT_3D('',#5401,#5402,#5403);
#5401 = CARTESIAN_POINT('',(-7.1E-16,2.2E-16,10.));
#5402 = DIRECTION('',(0.,0.,1.));
#5403 = DIRECTION('',(1.,0.,0.));
#5404 = ADVANCED_FACE('',(#5405),#5414,.T.);
#5405 = FACE_BOUND('',#5406,.T.);
#5406 = EDGE_LOOP('',(#5407,#5408,#5409,#5410,#5411,#5412,#5413));
#5407 = ORIENTED_EDGE('',*,*,#4939,.T.);
#5408 = ORIENTED_EDGE('',*,*,#4915,.T.);
#5409 = ORIENTED_EDGE('',*,*,#5058,.T.);
#5410 = ORIENTED_EDGE('',*,*,#5039,.T.);
#5411 = ORIENTED_EDGE('',*,*,#5013,.T.);
#5412 = ORIENTED_EDGE('',*,*,#4987,.T.);
#5413 = ORIENTED_EDGE('',*,*,#4963,.T.);
#5414 = PLANE('',#5415);
#5415 = AXIS2_PLACEMENT_3D('',#5416,#5417,#5418);
#5416 = CARTESIAN_POINT('',(-7.1E-16,2.2E-16,10.));
#5417 = DIRECTION('',(0.,0.,1.));
#5418 = DIRECTION('',(1.,0.,0.));
#5419 = ADVANCED_FACE('',(#5420),#5429,.T.);
#5420 = FACE_BOUND('',#5421,.T.);
#5421 = EDGE_LOOP('',(#5422,#5423,#5424,#5425,#5426,#5427,#5428));
#5422 = ORIENTED_EDGE('',*,*,#5115,.T.);
#5423 = ORIENTED_EDGE('',*,*,#5091,.T.);
#5424 = ORIENTED_EDGE('',*,*,#5234,.T.);
#5425 = ORIENTED_EDGE('',*,*,#5215,.T.);
#5426 = ORIENTED_EDGE('',*,*,#5189,.T.);
#5427 = ORIENTED_EDGE('',*,*,#5163,.T.);
#5428 = ORIENTED_EDGE('',*,*,#5139,.T.);
#5429 = PLANE('',#5430);
#5430 = AXIS2_PLACEMENT_3D('',#5431,#5432,#5433);
#5431 = CARTESIAN_POINT('',(-7.1E-16,2.2E-16,10.));
#5432 = DIRECTION('',(0.,0.,1.));
#5433 = DIRECTION('',(1.,0.,0.));
#5434 = ADVANCED_FACE('',(#5435),#5460,.T.);
#5435 = FACE_BOUND('',#5436,.T.);
#5436 = EDGE_LOOP('',(#5437,#5445,#5453,#5459));
#5437 = ORIENTED_EDGE('',*,*,#5438,.T.);
#5438 = EDGE_CURVE('',#5254,#5439,#5441,.T.);
#5439 = VERTEX_POINT('',#5440);
#5440 = CARTESIAN_POINT('',(-2.05,-0.59,7.1));
#5441 = LINE('',#5442,#5443);
#5442 = CARTESIAN_POINT('',(-2.05,-0.59,2.1));
#5443 = VECTOR('',#5444,1.);
#5444 = DIRECTION('',(0.,0.,1.));
#5445 = ORIENTED_EDGE('',*,*,#5446,.T.);
#5446 = EDGE_CURVE('',#5439,#5447,#5449,.T.);
#5447 = VERTEX_POINT('',#5448);
#5448 = CARTESIAN_POINT('',(-0.88,-0.59,7.1));
#5449 = LINE('',#5450,#5451);
#5450 = CARTESIAN_POINT('',(-2.05,-0.59,7.1));
#5451 = VECTOR('',#5452,1.);
#5452 = DIRECTION('',(1.,0.,0.));
#5453 = ORIENTED_EDGE('',*,*,#5454,.F.);
#5454 = EDGE_CURVE('',#5256,#5447,#5455,.T.);
#5455 = LINE('',#5456,#5457);
#5456 = CARTESIAN_POINT('',(-0.88,-0.59,2.1));
#5457 = VECTOR('',#5458,1.);
#5458 = DIRECTION('',(0.,0.,1.));
#5459 = ORIENTED_EDGE('',*,*,#5253,.F.);
#5460 = PLANE('',#5461);
#5461 = AXIS2_PLACEMENT_3D('',#5462,#5463,#5464);
#5462 = CARTESIAN_POINT('',(-2.05,-0.59,2.1));
#5463 = DIRECTION('',(0.,1.,0.));
#5464 = DIRECTION('',(1.,0.,0.));
#5465 = ADVANCED_FACE('',(#5466),#5485,.T.);
#5466 = FACE_BOUND('',#5467,.T.);
#5467 = EDGE_LOOP('',(#5468,#5469,#5478,#5484));
#5468 = ORIENTED_EDGE('',*,*,#5454,.T.);
#5469 = ORIENTED_EDGE('',*,*,#5470,.T.);
#5470 = EDGE_CURVE('',#5447,#5471,#5473,.T.);
#5471 = VERTEX_POINT('',#5472);
#5472 = CARTESIAN_POINT('',(-0.58,-0.89,7.1));
#5473 = CIRCLE('',#5474,0.3);
#5474 = AXIS2_PLACEMENT_3D('',#5475,#5476,#5477);
#5475 = CARTESIAN_POINT('',(-0.88,-0.89,7.1));
#5476 = DIRECTION('',(0.,0.,-1.));
#5477 = DIRECTION('',(1.,0.,0.));
#5478 = ORIENTED_EDGE('',*,*,#5479,.F.);
#5479 = EDGE_CURVE('',#5371,#5471,#5480,.T.);
#5480 = LINE('',#5481,#5482);
#5481 = CARTESIAN_POINT('',(-0.58,-0.89,2.1));
#5482 = VECTOR('',#5483,1.);
#5483 = DIRECTION('',(0.,0.,1.));
#5484 = ORIENTED_EDGE('',*,*,#5378,.F.);
#5485 = CYLINDRICAL_SURFACE('',#5486,0.3);
#5486 = AXIS2_PLACEMENT_3D('',#5487,#5488,#5489);
#5487 = CARTESIAN_POINT('',(-0.88,-0.89,2.1));
#5488 = DIRECTION('',(0.,0.,-1.));
#5489 = DIRECTION('',(1.,0.,0.));
#5490 = ADVANCED_FACE('',(#5491),#5509,.T.);
#5491 = FACE_BOUND('',#5492,.T.);
#5492 = EDGE_LOOP('',(#5493,#5494,#5502,#5508));
#5493 = ORIENTED_EDGE('',*,*,#5479,.T.);
#5494 = ORIENTED_EDGE('',*,*,#5495,.T.);
#5495 = EDGE_CURVE('',#5471,#5496,#5498,.T.);
#5496 = VERTEX_POINT('',#5497);
#5497 = CARTESIAN_POINT('',(-0.58,-2.05,7.1));
#5498 = LINE('',#5499,#5500);
#5499 = CARTESIAN_POINT('',(-0.58,-0.89,7.1));
#5500 = VECTOR('',#5501,1.);
#5501 = DIRECTION('',(0.,-1.,0.));
#5502 = ORIENTED_EDGE('',*,*,#5503,.F.);
#5503 = EDGE_CURVE('',#5363,#5496,#5504,.T.);
#5504 = LINE('',#5505,#5506);
#5505 = CARTESIAN_POINT('',(-0.58,-2.05,2.1));
#5506 = VECTOR('',#5507,1.);
#5507 = DIRECTION('',(0.,0.,1.));
#5508 = ORIENTED_EDGE('',*,*,#5370,.F.);
#5509 = PLANE('',#5510);
#5510 = AXIS2_PLACEMENT_3D('',#5511,#5512,#5513);
#5511 = CARTESIAN_POINT('',(-0.58,-0.89,2.1));
#5512 = DIRECTION('',(1.,0.,0.));
#5513 = DIRECTION('',(0.,-1.,0.));
#5514 = ADVANCED_FACE('',(#5515),#5533,.T.);
#5515 = FACE_BOUND('',#5516,.T.);
#5516 = EDGE_LOOP('',(#5517,#5518,#5526,#5532));
#5517 = ORIENTED_EDGE('',*,*,#5503,.T.);
#5518 = ORIENTED_EDGE('',*,*,#5519,.T.);
#5519 = EDGE_CURVE('',#5496,#5520,#5522,.T.);
#5520 = VERTEX_POINT('',#5521);
#5521 = CARTESIAN_POINT('',(0.59,-2.05,7.1));
#5522 = LINE('',#5523,#5524);
#5523 = CARTESIAN_POINT('',(-0.58,-2.05,7.1));
#5524 = VECTOR('',#5525,1.);
#5525 = DIRECTION('',(1.,0.,0.));
#5526 = ORIENTED_EDGE('',*,*,#5527,.F.);
#5527 = EDGE_CURVE('',#5355,#5520,#5528,.T.);
#5528 = LINE('',#5529,#5530);
#5529 = CARTESIAN_POINT('',(0.59,-2.05,2.1));
#5530 = VECTOR('',#5531,1.);
#5531 = DIRECTION('',(0.,0.,1.));
#5532 = ORIENTED_EDGE('',*,*,#5362,.F.);
#5533 = PLANE('',#5534);
#5534 = AXIS2_PLACEMENT_3D('',#5535,#5536,#5537);
#5535 = CARTESIAN_POINT('',(-0.58,-2.05,2.1));
#5536 = DIRECTION('',(0.,1.,0.));
#5537 = DIRECTION('',(1.,0.,0.));
#5538 = ADVANCED_FACE('',(#5539),#5557,.T.);
#5539 = FACE_BOUND('',#5540,.T.);
#5540 = EDGE_LOOP('',(#5541,#5542,#5550,#5556));
#5541 = ORIENTED_EDGE('',*,*,#5527,.T.);
#5542 = ORIENTED_EDGE('',*,*,#5543,.T.);
#5543 = EDGE_CURVE('',#5520,#5544,#5546,.T.);
#5544 = VERTEX_POINT('',#5545);
#5545 = CARTESIAN_POINT('',(0.59,-0.88,7.1));
#5546 = LINE('',#5547,#5548);
#5547 = CARTESIAN_POINT('',(0.59,-2.05,7.1));
#5548 = VECTOR('',#5549,1.);
#5549 = DIRECTION('',(0.,1.,0.));
#5550 = ORIENTED_EDGE('',*,*,#5551,.F.);
#5551 = EDGE_CURVE('',#5346,#5544,#5552,.T.);
#5552 = LINE('',#5553,#5554);
#5553 = CARTESIAN_POINT('',(0.59,-0.88,2.1));
#5554 = VECTOR('',#5555,1.);
#5555 = DIRECTION('',(0.,0.,1.));
#5556 = ORIENTED_EDGE('',*,*,#5354,.F.);
#5557 = PLANE('',#5558);
#5558 = AXIS2_PLACEMENT_3D('',#5559,#5560,#5561);
#5559 = CARTESIAN_POINT('',(0.59,-2.05,2.1));
#5560 = DIRECTION('',(-1.,0.,0.));
#5561 = DIRECTION('',(0.,1.,0.));
#5562 = ADVANCED_FACE('',(#5563),#5582,.T.);
#5563 = FACE_BOUND('',#5564,.T.);
#5564 = EDGE_LOOP('',(#5565,#5566,#5575,#5581));
#5565 = ORIENTED_EDGE('',*,*,#5551,.T.);
#5566 = ORIENTED_EDGE('',*,*,#5567,.T.);
#5567 = EDGE_CURVE('',#5544,#5568,#5570,.T.);
#5568 = VERTEX_POINT('',#5569);
#5569 = CARTESIAN_POINT('',(0.89,-0.58,7.1));
#5570 = CIRCLE('',#5571,0.3);
#5571 = AXIS2_PLACEMENT_3D('',#5572,#5573,#5574);
#5572 = CARTESIAN_POINT('',(0.89,-0.88,7.1));
#5573 = DIRECTION('',(0.,0.,-1.));
#5574 = DIRECTION('',(1.,0.,0.));
#5575 = ORIENTED_EDGE('',*,*,#5576,.F.);
#5576 = EDGE_CURVE('',#5338,#5568,#5577,.T.);
#5577 = LINE('',#5578,#5579);
#5578 = CARTESIAN_POINT('',(0.89,-0.58,2.1));
#5579 = VECTOR('',#5580,1.);
#5580 = DIRECTION('',(0.,0.,1.));
#5581 = ORIENTED_EDGE('',*,*,#5345,.F.);
#5582 = CYLINDRICAL_SURFACE('',#5583,0.3);
#5583 = AXIS2_PLACEMENT_3D('',#5584,#5585,#5586);
#5584 = CARTESIAN_POINT('',(0.89,-0.88,2.1));
#5585 = DIRECTION('',(0.,0.,-1.));
#5586 = DIRECTION('',(1.,0.,0.));
#5587 = ADVANCED_FACE('',(#5588),#5606,.T.);
#5588 = FACE_BOUND('',#5589,.T.);
#5589 = EDGE_LOOP('',(#5590,#5591,#5599,#5605));
#5590 = ORIENTED_EDGE('',*,*,#5576,.T.);
#5591 = ORIENTED_EDGE('',*,*,#5592,.T.);
#5592 = EDGE_CURVE('',#5568,#5593,#5595,.T.);
#5593 = VERTEX_POINT('',#5594);
#5594 = CARTESIAN_POINT('',(2.05,-0.58,7.1));
#5595 = LINE('',#5596,#5597);
#5596 = CARTESIAN_POINT('',(0.89,-0.58,7.1));
#5597 = VECTOR('',#5598,1.);
#5598 = DIRECTION('',(1.,0.,0.));
#5599 = ORIENTED_EDGE('',*,*,#5600,.F.);
#5600 = EDGE_CURVE('',#5330,#5593,#5601,.T.);
#5601 = LINE('',#5602,#5603);
#5602 = CARTESIAN_POINT('',(2.05,-0.58,2.1));
#5603 = VECTOR('',#5604,1.);
#5604 = DIRECTION('',(0.,0.,1.));
#5605 = ORIENTED_EDGE('',*,*,#5337,.F.);
#5606 = PLANE('',#5607);
#5607 = AXIS2_PLACEMENT_3D('',#5608,#5609,#5610);
#5608 = CARTESIAN_POINT('',(0.89,-0.58,2.1));
#5609 = DIRECTION('',(0.,1.,0.));
#5610 = DIRECTION('',(1.,0.,0.));
#5611 = ADVANCED_FACE('',(#5612),#5630,.T.);
#5612 = FACE_BOUND('',#5613,.T.);
#5613 = EDGE_LOOP('',(#5614,#5615,#5623,#5629));
#5614 = ORIENTED_EDGE('',*,*,#5600,.T.);
#5615 = ORIENTED_EDGE('',*,*,#5616,.T.);
#5616 = EDGE_CURVE('',#5593,#5617,#5619,.T.);
#5617 = VERTEX_POINT('',#5618);
#5618 = CARTESIAN_POINT('',(2.05,0.59,7.1));
#5619 = LINE('',#5620,#5621);
#5620 = CARTESIAN_POINT('',(2.05,-0.58,7.1));
#5621 = VECTOR('',#5622,1.);
#5622 = DIRECTION('',(0.,1.,0.));
#5623 = ORIENTED_EDGE('',*,*,#5624,.F.);
#5624 = EDGE_CURVE('',#5322,#5617,#5625,.T.);
#5625 = LINE('',#5626,#5627);
#5626 = CARTESIAN_POINT('',(2.05,0.59,2.1));
#5627 = VECTOR('',#5628,1.);
#5628 = DIRECTION('',(0.,0.,1.));
#5629 = ORIENTED_EDGE('',*,*,#5329,.F.);
#5630 = PLANE('',#5631);
#5631 = AXIS2_PLACEMENT_3D('',#5632,#5633,#5634);
#5632 = CARTESIAN_POINT('',(2.05,-0.58,2.1));
#5633 = DIRECTION('',(-1.,0.,0.));
#5634 = DIRECTION('',(0.,1.,0.));
#5635 = ADVANCED_FACE('',(#5636),#5654,.T.);
#5636 = FACE_BOUND('',#5637,.T.);
#5637 = EDGE_LOOP('',(#5638,#5639,#5647,#5653));
#5638 = ORIENTED_EDGE('',*,*,#5624,.T.);
#5639 = ORIENTED_EDGE('',*,*,#5640,.T.);
#5640 = EDGE_CURVE('',#5617,#5641,#5643,.T.);
#5641 = VERTEX_POINT('',#5642);
#5642 = CARTESIAN_POINT('',(0.88,0.59,7.1));
#5643 = LINE('',#5644,#5645);
#5644 = CARTESIAN_POINT('',(2.05,0.59,7.1));
#5645 = VECTOR('',#5646,1.);
#5646 = DIRECTION('',(-1.,0.,0.));
#5647 = ORIENTED_EDGE('',*,*,#5648,.F.);
#5648 = EDGE_CURVE('',#5313,#5641,#5649,.T.);
#5649 = LINE('',#5650,#5651);
#5650 = CARTESIAN_POINT('',(0.88,0.59,2.1));
#5651 = VECTOR('',#5652,1.);
#5652 = DIRECTION('',(0.,0.,1.));
#5653 = ORIENTED_EDGE('',*,*,#5321,.F.);
#5654 = PLANE('',#5655);
#5655 = AXIS2_PLACEMENT_3D('',#5656,#5657,#5658);
#5656 = CARTESIAN_POINT('',(2.05,0.59,2.1));
#5657 = DIRECTION('',(0.,-1.,0.));
#5658 = DIRECTION('',(-1.,0.,0.));
#5659 = ADVANCED_FACE('',(#5660),#5679,.T.);
#5660 = FACE_BOUND('',#5661,.T.);
#5661 = EDGE_LOOP('',(#5662,#5663,#5672,#5678));
#5662 = ORIENTED_EDGE('',*,*,#5648,.T.);
#5663 = ORIENTED_EDGE('',*,*,#5664,.T.);
#5664 = EDGE_CURVE('',#5641,#5665,#5667,.T.);
#5665 = VERTEX_POINT('',#5666);
#5666 = CARTESIAN_POINT('',(0.58,0.89,7.1));
#5667 = CIRCLE('',#5668,0.3);
#5668 = AXIS2_PLACEMENT_3D('',#5669,#5670,#5671);
#5669 = CARTESIAN_POINT('',(0.88,0.89,7.1));
#5670 = DIRECTION('',(0.,0.,-1.));
#5671 = DIRECTION('',(1.,0.,0.));
#5672 = ORIENTED_EDGE('',*,*,#5673,.F.);
#5673 = EDGE_CURVE('',#5305,#5665,#5674,.T.);
#5674 = LINE('',#5675,#5676);
#5675 = CARTESIAN_POINT('',(0.58,0.89,2.1));
#5676 = VECTOR('',#5677,1.);
#5677 = DIRECTION('',(0.,0.,1.));
#5678 = ORIENTED_EDGE('',*,*,#5312,.F.);
#5679 = CYLINDRICAL_SURFACE('',#5680,0.3);
#5680 = AXIS2_PLACEMENT_3D('',#5681,#5682,#5683);
#5681 = CARTESIAN_POINT('',(0.88,0.89,2.1));
#5682 = DIRECTION('',(0.,0.,-1.));
#5683 = DIRECTION('',(1.,0.,0.));
#5684 = ADVANCED_FACE('',(#5685),#5703,.T.);
#5685 = FACE_BOUND('',#5686,.T.);
#5686 = EDGE_LOOP('',(#5687,#5688,#5696,#5702));
#5687 = ORIENTED_EDGE('',*,*,#5673,.T.);
#5688 = ORIENTED_EDGE('',*,*,#5689,.T.);
#5689 = EDGE_CURVE('',#5665,#5690,#5692,.T.);
#5690 = VERTEX_POINT('',#5691);
#5691 = CARTESIAN_POINT('',(0.58,2.05,7.1));
#5692 = LINE('',#5693,#5694);
#5693 = CARTESIAN_POINT('',(0.58,0.89,7.1));
#5694 = VECTOR('',#5695,1.);
#5695 = DIRECTION('',(0.,1.,0.));
#5696 = ORIENTED_EDGE('',*,*,#5697,.F.);
#5697 = EDGE_CURVE('',#5297,#5690,#5698,.T.);
#5698 = LINE('',#5699,#5700);
#5699 = CARTESIAN_POINT('',(0.58,2.05,2.1));
#5700 = VECTOR('',#5701,1.);
#5701 = DIRECTION('',(0.,0.,1.));
#5702 = ORIENTED_EDGE('',*,*,#5304,.F.);
#5703 = PLANE('',#5704);
#5704 = AXIS2_PLACEMENT_3D('',#5705,#5706,#5707);
#5705 = CARTESIAN_POINT('',(0.58,0.89,2.1));
#5706 = DIRECTION('',(-1.,0.,0.));
#5707 = DIRECTION('',(0.,1.,0.));
#5708 = ADVANCED_FACE('',(#5709),#5727,.T.);
#5709 = FACE_BOUND('',#5710,.T.);
#5710 = EDGE_LOOP('',(#5711,#5712,#5720,#5726));
#5711 = ORIENTED_EDGE('',*,*,#5697,.T.);
#5712 = ORIENTED_EDGE('',*,*,#5713,.T.);
#5713 = EDGE_CURVE('',#5690,#5714,#5716,.T.);
#5714 = VERTEX_POINT('',#5715);
#5715 = CARTESIAN_POINT('',(-0.59,2.05,7.1));
#5716 = LINE('',#5717,#5718);
#5717 = CARTESIAN_POINT('',(0.58,2.05,7.1));
#5718 = VECTOR('',#5719,1.);
#5719 = DIRECTION('',(-1.,0.,0.));
#5720 = ORIENTED_EDGE('',*,*,#5721,.F.);
#5721 = EDGE_CURVE('',#5289,#5714,#5722,.T.);
#5722 = LINE('',#5723,#5724);
#5723 = CARTESIAN_POINT('',(-0.59,2.05,2.1));
#5724 = VECTOR('',#5725,1.);
#5725 = DIRECTION('',(0.,0.,1.));
#5726 = ORIENTED_EDGE('',*,*,#5296,.F.);
#5727 = PLANE('',#5728);
#5728 = AXIS2_PLACEMENT_3D('',#5729,#5730,#5731);
#5729 = CARTESIAN_POINT('',(0.58,2.05,2.1));
#5730 = DIRECTION('',(0.,-1.,0.));
#5731 = DIRECTION('',(-1.,0.,0.));
#5732 = ADVANCED_FACE('',(#5733),#5751,.T.);
#5733 = FACE_BOUND('',#5734,.T.);
#5734 = EDGE_LOOP('',(#5735,#5736,#5744,#5750));
#5735 = ORIENTED_EDGE('',*,*,#5721,.T.);
#5736 = ORIENTED_EDGE('',*,*,#5737,.T.);
#5737 = EDGE_CURVE('',#5714,#5738,#5740,.T.);
#5738 = VERTEX_POINT('',#5739);
#5739 = CARTESIAN_POINT('',(-0.59,0.88,7.1));
#5740 = LINE('',#5741,#5742);
#5741 = CARTESIAN_POINT('',(-0.59,2.05,7.1));
#5742 = VECTOR('',#5743,1.);
#5743 = DIRECTION('',(0.,-1.,0.));
#5744 = ORIENTED_EDGE('',*,*,#5745,.F.);
#5745 = EDGE_CURVE('',#5280,#5738,#5746,.T.);
#5746 = LINE('',#5747,#5748);
#5747 = CARTESIAN_POINT('',(-0.59,0.88,2.1));
#5748 = VECTOR('',#5749,1.);
#5749 = DIRECTION('',(0.,0.,1.));
#5750 = ORIENTED_EDGE('',*,*,#5288,.F.);
#5751 = PLANE('',#5752);
#5752 = AXIS2_PLACEMENT_3D('',#5753,#5754,#5755);
#5753 = CARTESIAN_POINT('',(-0.59,2.05,2.1));
#5754 = DIRECTION('',(1.,0.,0.));
#5755 = DIRECTION('',(0.,-1.,0.));
#5756 = ADVANCED_FACE('',(#5757),#5776,.T.);
#5757 = FACE_BOUND('',#5758,.T.);
#5758 = EDGE_LOOP('',(#5759,#5760,#5769,#5775));
#5759 = ORIENTED_EDGE('',*,*,#5745,.T.);
#5760 = ORIENTED_EDGE('',*,*,#5761,.T.);
#5761 = EDGE_CURVE('',#5738,#5762,#5764,.T.);
#5762 = VERTEX_POINT('',#5763);
#5763 = CARTESIAN_POINT('',(-0.89,0.58,7.1));
#5764 = CIRCLE('',#5765,0.3);
#5765 = AXIS2_PLACEMENT_3D('',#5766,#5767,#5768);
#5766 = CARTESIAN_POINT('',(-0.89,0.88,7.1));
#5767 = DIRECTION('',(0.,0.,-1.));
#5768 = DIRECTION('',(1.,0.,0.));
#5769 = ORIENTED_EDGE('',*,*,#5770,.F.);
#5770 = EDGE_CURVE('',#5272,#5762,#5771,.T.);
#5771 = LINE('',#5772,#5773);
#5772 = CARTESIAN_POINT('',(-0.89,0.58,2.1));
#5773 = VECTOR('',#5774,1.);
#5774 = DIRECTION('',(0.,0.,1.));
#5775 = ORIENTED_EDGE('',*,*,#5279,.F.);
#5776 = CYLINDRICAL_SURFACE('',#5777,0.3);
#5777 = AXIS2_PLACEMENT_3D('',#5778,#5779,#5780);
#5778 = CARTESIAN_POINT('',(-0.89,0.88,2.1));
#5779 = DIRECTION('',(0.,0.,-1.));
#5780 = DIRECTION('',(1.,0.,0.));
#5781 = ADVANCED_FACE('',(#5782),#5800,.T.);
#5782 = FACE_BOUND('',#5783,.T.);
#5783 = EDGE_LOOP('',(#5784,#5785,#5793,#5799));
#5784 = ORIENTED_EDGE('',*,*,#5770,.T.);
#5785 = ORIENTED_EDGE('',*,*,#5786,.T.);
#5786 = EDGE_CURVE('',#5762,#5787,#5789,.T.);
#5787 = VERTEX_POINT('',#5788);
#5788 = CARTESIAN_POINT('',(-2.05,0.58,7.1));
#5789 = LINE('',#5790,#5791);
#5790 = CARTESIAN_POINT('',(-0.89,0.58,7.1));
#5791 = VECTOR('',#5792,1.);
#5792 = DIRECTION('',(-1.,0.,0.));
#5793 = ORIENTED_EDGE('',*,*,#5794,.F.);
#5794 = EDGE_CURVE('',#5264,#5787,#5795,.T.);
#5795 = LINE('',#5796,#5797);
#5796 = CARTESIAN_POINT('',(-2.05,0.58,2.1));
#5797 = VECTOR('',#5798,1.);
#5798 = DIRECTION('',(0.,0.,1.));
#5799 = ORIENTED_EDGE('',*,*,#5271,.F.);
#5800 = PLANE('',#5801);
#5801 = AXIS2_PLACEMENT_3D('',#5802,#5803,#5804);
#5802 = CARTESIAN_POINT('',(-0.89,0.58,2.1));
#5803 = DIRECTION('',(0.,-1.,0.));
#5804 = DIRECTION('',(-1.,0.,0.));
#5805 = ADVANCED_FACE('',(#5806),#5817,.T.);
#5806 = FACE_BOUND('',#5807,.T.);
#5807 = EDGE_LOOP('',(#5808,#5809,#5815,#5816));
#5808 = ORIENTED_EDGE('',*,*,#5794,.T.);
#5809 = ORIENTED_EDGE('',*,*,#5810,.T.);
#5810 = EDGE_CURVE('',#5787,#5439,#5811,.T.);
#5811 = LINE('',#5812,#5813);
#5812 = CARTESIAN_POINT('',(-2.05,0.58,7.1));
#5813 = VECTOR('',#5814,1.);
#5814 = DIRECTION('',(0.,-1.,0.));
#5815 = ORIENTED_EDGE('',*,*,#5438,.F.);
#5816 = ORIENTED_EDGE('',*,*,#5263,.F.);
#5817 = PLANE('',#5818);
#5818 = AXIS2_PLACEMENT_3D('',#5819,#5820,#5821);
#5819 = CARTESIAN_POINT('',(-2.05,0.58,2.1));
#5820 = DIRECTION('',(1.,0.,0.));
#5821 = DIRECTION('',(0.,-1.,0.));
#5822 = ADVANCED_FACE('',(#5823),#5841,.F.);
#5823 = FACE_BOUND('',#5824,.F.);
#5824 = EDGE_LOOP('',(#5825,#5826,#5827,#5828,#5829,#5830,#5831,#5832,
    #5833,#5834,#5835,#5836,#5837,#5838,#5839,#5840));
#5825 = ORIENTED_EDGE('',*,*,#5446,.T.);
#5826 = ORIENTED_EDGE('',*,*,#5470,.T.);
#5827 = ORIENTED_EDGE('',*,*,#5495,.T.);
#5828 = ORIENTED_EDGE('',*,*,#5519,.T.);
#5829 = ORIENTED_EDGE('',*,*,#5543,.T.);
#5830 = ORIENTED_EDGE('',*,*,#5567,.T.);
#5831 = ORIENTED_EDGE('',*,*,#5592,.T.);
#5832 = ORIENTED_EDGE('',*,*,#5616,.T.);
#5833 = ORIENTED_EDGE('',*,*,#5640,.T.);
#5834 = ORIENTED_EDGE('',*,*,#5664,.T.);
#5835 = ORIENTED_EDGE('',*,*,#5689,.T.);
#5836 = ORIENTED_EDGE('',*,*,#5713,.T.);
#5837 = ORIENTED_EDGE('',*,*,#5737,.T.);
#5838 = ORIENTED_EDGE('',*,*,#5761,.T.);
#5839 = ORIENTED_EDGE('',*,*,#5786,.T.);
#5840 = ORIENTED_EDGE('',*,*,#5810,.T.);
#5841 = PLANE('',#5842);
#5842 = AXIS2_PLACEMENT_3D('',#5843,#5844,#5845);
#5843 = CARTESIAN_POINT('',(0.,-6.5E-16,7.1));
#5844 = DIRECTION('',(0.,0.,1.));
#5845 = DIRECTION('',(1.,0.,0.));
#5846 = ( GEOMETRIC_REPRESENTATION_CONTEXT(3) 
GLOBAL_UNCERTAINTY_ASSIGNED_CONTEXT((#5850)) 
GLOBAL_UNIT_ASSIGNED_CONTEXT((#5847,#5848,#5849)) REPRESENTATION_CONTEXT
('Context #1','3D Context with UNIT and UNCERTAINTY') );
#5847 = ( LENGTH_UNIT() NAMED_UNIT(*) SI_UNIT(.MILLI.,.METRE.) );
#5848 = ( NAMED_UNIT(*) PLANE_ANGLE_UNIT() SI_UNIT($,.RADIAN.) );
#5849 = ( NAMED_UNIT(*) SI_UNIT($,.STERADIAN.) SOLID_ANGLE_UNIT() );
#5850 = UNCERTAINTY_MEASURE_WITH_UNIT(LENGTH_MEASURE(2.E-07),#5847,
  'distance_accuracy_value','confusion accuracy');
#5851 = CONTEXT_DEPENDENT_SHAPE_REPRESENTATION(#5852,#5854);
#5852 = ( REPRESENTATION_RELATIONSHIP('','',#40,#10) 
REPRESENTATION_RELATIONSHIP_WITH_TRANSFORMATION(#5853) 
SHAPE_REPRESENTATION_RELATIONSHIP() );
#5853 = ITEM_DEFINED_TRANSFORMATION('','',#11,#15);
#5854 = PRODUCT_DEFINITION_SHAPE('Placement','Placement of an item',
  #5855);
#5855 = NEXT_ASSEMBLY_USAGE_OCCURRENCE('44','Body','',#5,#35,$);
#5856 = PRODUCT_RELATED_PRODUCT_CATEGORY('part',$,(#37));
#5857 = SHAPE_DEFINITION_REPRESENTATION(#5858,#5864);
#5858 = PRODUCT_DEFINITION_SHAPE('','',#5859);
#5859 = PRODUCT_DEFINITION('design','',#5860,#5863);
#5860 = PRODUCT_DEFINITION_FORMATION('','',#5861);
#5861 = PRODUCT('Extrude','Extrude','',(#5862));
#5862 = PRODUCT_CONTEXT('',#2,'mechanical');
#5863 = PRODUCT_DEFINITION_CONTEXT('part definition',#2,'design');
#5864 = ADVANCED_BREP_SHAPE_REPRESENTATION('',(#11,#5865),#6711);
#5865 = MANIFOLD_SOLID_BREP('',#5866);
#5866 = CLOSED_SHELL('',(#5867,#5909,#5940,#5973,#6006,#6037,#6068,#6101
    ,#6134,#6167,#6200,#6233,#6266,#6297,#6330,#6363,#6394,#6418,#6458,
    #6489,#6520,#6553,#6586,#6619,#6643,#6677));
#5867 = ADVANCED_FACE('',(#5868),#5902,.F.);
#5868 = FACE_BOUND('',#5869,.F.);
#5869 = EDGE_LOOP('',(#5870,#5880,#5888,#5896));
#5870 = ORIENTED_EDGE('',*,*,#5871,.T.);
#5871 = EDGE_CURVE('',#5872,#5874,#5876,.T.);
#5872 = VERTEX_POINT('',#5873);
#5873 = CARTESIAN_POINT('',(-4.401112659644,-0.408308605341,10.));
#5874 = VERTEX_POINT('',#5875);
#5875 = CARTESIAN_POINT('',(-4.401112659644,-0.408308605341,9.6));
#5876 = LINE('',#5877,#5878);
#5877 = CARTESIAN_POINT('',(-4.401112659644,-0.408308605341,10.));
#5878 = VECTOR('',#5879,1.);
#5879 = DIRECTION('',(0.,0.,-1.));
#5880 = ORIENTED_EDGE('',*,*,#5881,.T.);
#5881 = EDGE_CURVE('',#5874,#5882,#5884,.T.);
#5882 = VERTEX_POINT('',#5883);
#5883 = CARTESIAN_POINT('',(-4.54443610178,-0.348330860534,9.6));
#5884 = B_SPLINE_CURVE_WITH_KNOTS('',2,(#5885,#5886,#5887),
  .UNSPECIFIED.,.F.,.F.,(3,3),(0.,1.),.PIECEWISE_BEZIER_KNOTS.);
#5885 = CARTESIAN_POINT('',(-4.401112659644,-0.408308605341,9.6));
#5886 = CARTESIAN_POINT('',(-4.488612659644,-0.408308605341,9.6));
#5887 = CARTESIAN_POINT('',(-4.54443610178,-0.348330860534,9.6));
#5888 = ORIENTED_EDGE('',*,*,#5889,.F.);
#5889 = EDGE_CURVE('',#5890,#5882,#5892,.T.);
#5890 = VERTEX_POINT('',#5891);
#5891 = CARTESIAN_POINT('',(-4.54443610178,-0.348330860534,10.));
#5892 = LINE('',#5893,#5894);
#5893 = CARTESIAN_POINT('',(-4.54443610178,-0.348330860534,10.));
#5894 = VECTOR('',#5895,1.);
#5895 = DIRECTION('',(0.,0.,-1.));
#5896 = ORIENTED_EDGE('',*,*,#5897,.F.);
#5897 = EDGE_CURVE('',#5872,#5890,#5898,.T.);
#5898 = B_SPLINE_CURVE_WITH_KNOTS('',2,(#5899,#5900,#5901),
  .UNSPECIFIED.,.F.,.F.,(3,3),(0.,1.),.PIECEWISE_BEZIER_KNOTS.);
#5899 = CARTESIAN_POINT('',(-4.401112659644,-0.408308605341,10.));
#5900 = CARTESIAN_POINT('',(-4.488612659644,-0.408308605341,10.));
#5901 = CARTESIAN_POINT('',(-4.54443610178,-0.348330860534,10.));
#5902 = SURFACE_OF_LINEAR_EXTRUSION('',#5903,#5907);
#5903 = B_SPLINE_CURVE_WITH_KNOTS('',2,(#5904,#5905,#5906),
  .UNSPECIFIED.,.F.,.F.,(3,3),(0.,1.),.PIECEWISE_BEZIER_KNOTS.);
#5904 = CARTESIAN_POINT('',(-4.401112659644,-0.408308605341,10.));
#5905 = CARTESIAN_POINT('',(-4.488612659644,-0.408308605341,10.));
#5906 = CARTESIAN_POINT('',(-4.54443610178,-0.348330860534,10.));
#5907 = VECTOR('',#5908,1.);
#5908 = DIRECTION('',(-0.,-0.,1.));
#5909 = ADVANCED_FACE('',(#5910),#5935,.F.);
#5910 = FACE_BOUND('',#5911,.F.);
#5911 = EDGE_LOOP('',(#5912,#5922,#5928,#5929));
#5912 = ORIENTED_EDGE('',*,*,#5913,.T.);
#5913 = EDGE_CURVE('',#5914,#5916,#5918,.T.);
#5914 = VERTEX_POINT('',#5915);
#5915 = CARTESIAN_POINT('',(-3.327485063205,-0.408308605341,10.));
#5916 = VERTEX_POINT('',#5917);
#5917 = CARTESIAN_POINT('',(-3.327485063205,-0.408308605341,9.6));
#5918 = LINE('',#5919,#5920);
#5919 = CARTESIAN_POINT('',(-3.327485063205,-0.408308605341,10.));
#5920 = VECTOR('',#5921,1.);
#5921 = DIRECTION('',(0.,0.,-1.));
#5922 = ORIENTED_EDGE('',*,*,#5923,.T.);
#5923 = EDGE_CURVE('',#5916,#5874,#5924,.T.);
#5924 = LINE('',#5925,#5926);
#5925 = CARTESIAN_POINT('',(-3.327485063205,-0.408308605341,9.6));
#5926 = VECTOR('',#5927,1.);
#5927 = DIRECTION('',(-1.,0.,0.));
#5928 = ORIENTED_EDGE('',*,*,#5871,.F.);
#5929 = ORIENTED_EDGE('',*,*,#5930,.F.);
#5930 = EDGE_CURVE('',#5914,#5872,#5931,.T.);
#5931 = LINE('',#5932,#5933);
#5932 = CARTESIAN_POINT('',(-3.327485063205,-0.408308605341,10.));
#5933 = VECTOR('',#5934,1.);
#5934 = DIRECTION('',(-1.,0.,0.));
#5935 = PLANE('',#5936);
#5936 = AXIS2_PLACEMENT_3D('',#5937,#5938,#5939);
#5937 = CARTESIAN_POINT('',(-3.327485063205,-0.408308605341,10.));
#5938 = DIRECTION('',(0.,1.,0.));
#5939 = DIRECTION('',(-1.,0.,0.));
#5940 = ADVANCED_FACE('',(#5941),#5966,.F.);
#5941 = FACE_BOUND('',#5942,.F.);
#5942 = EDGE_LOOP('',(#5943,#5953,#5959,#5960));
#5943 = ORIENTED_EDGE('',*,*,#5944,.T.);
#5944 = EDGE_CURVE('',#5945,#5947,#5949,.T.);
#5945 = VERTEX_POINT('',#5946);
#5946 = CARTESIAN_POINT('',(-3.180786250148,-0.348330860534,10.));
#5947 = VERTEX_POINT('',#5948);
#5948 = CARTESIAN_POINT('',(-3.180786250148,-0.348330860534,9.6));
#5949 = LINE('',#5950,#5951);
#5950 = CARTESIAN_POINT('',(-3.180786250148,-0.348330860534,10.));
#5951 = VECTOR('',#5952,1.);
#5952 = DIRECTION('',(0.,0.,-1.));
#5953 = ORIENTED_EDGE('',*,*,#5954,.T.);
#5954 = EDGE_CURVE('',#5947,#5916,#5955,.T.);
#5955 = B_SPLINE_CURVE_WITH_KNOTS('',2,(#5956,#5957,#5958),
  .UNSPECIFIED.,.F.,.F.,(3,3),(0.,1.),.PIECEWISE_BEZIER_KNOTS.);
#5956 = CARTESIAN_POINT('',(-3.180786250148,-0.348330860534,9.6));
#5957 = CARTESIAN_POINT('',(-3.240244707122,-0.408308605341,9.6));
#5958 = CARTESIAN_POINT('',(-3.327485063205,-0.408308605341,9.6));
#5959 = ORIENTED_EDGE('',*,*,#5913,.F.);
#5960 = ORIENTED_EDGE('',*,*,#5961,.F.);
#5961 = EDGE_CURVE('',#5945,#5914,#5962,.T.);
#5962 = B_SPLINE_CURVE_WITH_KNOTS('',2,(#5963,#5964,#5965),
  .UNSPECIFIED.,.F.,.F.,(3,3),(0.,1.),.PIECEWISE_BEZIER_KNOTS.);
#5963 = CARTESIAN_POINT('',(-3.180786250148,-0.348330860534,10.));
#5964 = CARTESIAN_POINT('',(-3.240244707122,-0.408308605341,10.));
#5965 = CARTESIAN_POINT('',(-3.327485063205,-0.408308605341,10.));
#5966 = SURFACE_OF_LINEAR_EXTRUSION('',#5967,#5971);
#5967 = B_SPLINE_CURVE_WITH_KNOTS('',2,(#5968,#5969,#5970),
  .UNSPECIFIED.,.F.,.F.,(3,3),(0.,1.),.PIECEWISE_BEZIER_KNOTS.);
#5968 = CARTESIAN_POINT('',(-3.180786250148,-0.348330860534,10.));
#5969 = CARTESIAN_POINT('',(-3.240244707122,-0.408308605341,10.));
#5970 = CARTESIAN_POINT('',(-3.327485063205,-0.408308605341,10.));
#5971 = VECTOR('',#5972,1.);
#5972 = DIRECTION('',(-0.,-0.,1.));
#5973 = ADVANCED_FACE('',(#5974),#5999,.F.);
#5974 = FACE_BOUND('',#5975,.F.);
#5975 = EDGE_LOOP('',(#5976,#5986,#5992,#5993));
#5976 = ORIENTED_EDGE('',*,*,#5977,.T.);
#5977 = EDGE_CURVE('',#5978,#5980,#5982,.T.);
#5978 = VERTEX_POINT('',#5979);
#5979 = CARTESIAN_POINT('',(-3.121068149258,-0.208123145401,10.));
#5980 = VERTEX_POINT('',#5981);
#5981 = CARTESIAN_POINT('',(-3.121068149258,-0.208123145401,9.6));
#5982 = LINE('',#5983,#5984);
#5983 = CARTESIAN_POINT('',(-3.121068149258,-0.208123145401,10.));
#5984 = VECTOR('',#5985,1.);
#5985 = DIRECTION('',(0.,0.,-1.));
#5986 = ORIENTED_EDGE('',*,*,#5987,.T.);
#5987 = EDGE_CURVE('',#5980,#5947,#5988,.T.);
#5988 = B_SPLINE_CURVE_WITH_KNOTS('',2,(#5989,#5990,#5991),
  .UNSPECIFIED.,.F.,.F.,(3,3),(0.,1.),.PIECEWISE_BEZIER_KNOTS.);
#5989 = CARTESIAN_POINT('',(-3.121068149258,-0.208123145401,9.6));
#5990 = CARTESIAN_POINT('',(-3.121068149258,-0.288353115727,9.6));
#5991 = CARTESIAN_POINT('',(-3.180786250148,-0.348330860534,9.6));
#5992 = ORIENTED_EDGE('',*,*,#5944,.F.);
#5993 = ORIENTED_EDGE('',*,*,#5994,.F.);
#5994 = EDGE_CURVE('',#5978,#5945,#5995,.T.);
#5995 = B_SPLINE_CURVE_WITH_KNOTS('',2,(#5996,#5997,#5998),
  .UNSPECIFIED.,.F.,.F.,(3,3),(0.,1.),.PIECEWISE_BEZIER_KNOTS.);
#5996 = CARTESIAN_POINT('',(-3.121068149258,-0.208123145401,10.));
#5997 = CARTESIAN_POINT('',(-3.121068149258,-0.288353115727,10.));
#5998 = CARTESIAN_POINT('',(-3.180786250148,-0.348330860534,10.));
#5999 = SURFACE_OF_LINEAR_EXTRUSION('',#6000,#6004);
#6000 = B_SPLINE_CURVE_WITH_KNOTS('',2,(#6001,#6002,#6003),
  .UNSPECIFIED.,.F.,.F.,(3,3),(0.,1.),.PIECEWISE_BEZIER_KNOTS.);
#6001 = CARTESIAN_POINT('',(-3.121068149258,-0.208123145401,10.));
#6002 = CARTESIAN_POINT('',(-3.121068149258,-0.288353115727,10.));
#6003 = CARTESIAN_POINT('',(-3.180786250148,-0.348330860534,10.));
#6004 = VECTOR('',#6005,1.);
#6005 = DIRECTION('',(-0.,-0.,1.));
#6006 = ADVANCED_FACE('',(#6007),#6032,.F.);
#6007 = FACE_BOUND('',#6008,.F.);
#6008 = EDGE_LOOP('',(#6009,#6019,#6025,#6026));
#6009 = ORIENTED_EDGE('',*,*,#6010,.T.);
#6010 = EDGE_CURVE('',#6011,#6013,#6015,.T.);
#6011 = VERTEX_POINT('',#6012);
#6012 = CARTESIAN_POINT('',(-3.121068149258,1.544213649852,10.));
#6013 = VERTEX_POINT('',#6014);
#6014 = CARTESIAN_POINT('',(-3.121068149258,1.544213649852,9.6));
#6015 = LINE('',#6016,#6017);
#6016 = CARTESIAN_POINT('',(-3.121068149258,1.544213649852,10.));
#6017 = VECTOR('',#6018,1.);
#6018 = DIRECTION('',(0.,0.,-1.));
#6019 = ORIENTED_EDGE('',*,*,#6020,.T.);
#6020 = EDGE_CURVE('',#6013,#5980,#6021,.T.);
#6021 = LINE('',#6022,#6023);
#6022 = CARTESIAN_POINT('',(-3.121068149258,1.544213649852,9.6));
#6023 = VECTOR('',#6024,1.);
#6024 = DIRECTION('',(0.,-1.,0.));
#6025 = ORIENTED_EDGE('',*,*,#5977,.F.);
#6026 = ORIENTED_EDGE('',*,*,#6027,.F.);
#6027 = EDGE_CURVE('',#6011,#5978,#6028,.T.);
#6028 = LINE('',#6029,#6030);
#6029 = CARTESIAN_POINT('',(-3.121068149258,1.544213649852,10.));
#6030 = VECTOR('',#6031,1.);
#6031 = DIRECTION('',(0.,-1.,0.));
#6032 = PLANE('',#6033);
#6033 = AXIS2_PLACEMENT_3D('',#6034,#6035,#6036);
#6034 = CARTESIAN_POINT('',(-3.121068149258,1.544213649852,10.));
#6035 = DIRECTION('',(-1.,-0.,-0.));
#6036 = DIRECTION('',(0.,-1.,0.));
#6037 = ADVANCED_FACE('',(#6038),#6063,.F.);
#6038 = FACE_BOUND('',#6039,.F.);
#6039 = EDGE_LOOP('',(#6040,#6050,#6056,#6057));
#6040 = ORIENTED_EDGE('',*,*,#6041,.T.);
#6041 = EDGE_CURVE('',#6042,#6044,#6046,.T.);
#6042 = VERTEX_POINT('',#6043);
#6043 = CARTESIAN_POINT('',(-2.172329276855,1.544213649852,10.));
#6044 = VERTEX_POINT('',#6045);
#6045 = CARTESIAN_POINT('',(-2.172329276855,1.544213649852,9.6));
#6046 = LINE('',#6047,#6048);
#6047 = CARTESIAN_POINT('',(-2.172329276855,1.544213649852,10.));
#6048 = VECTOR('',#6049,1.);
#6049 = DIRECTION('',(0.,0.,-1.));
#6050 = ORIENTED_EDGE('',*,*,#6051,.T.);
#6051 = EDGE_CURVE('',#6044,#6013,#6052,.T.);
#6052 = LINE('',#6053,#6054);
#6053 = CARTESIAN_POINT('',(-2.172329276855,1.544213649852,9.6));
#6054 = VECTOR('',#6055,1.);
#6055 = DIRECTION('',(-1.,0.,0.));
#6056 = ORIENTED_EDGE('',*,*,#6010,.F.);
#6057 = ORIENTED_EDGE('',*,*,#6058,.F.);
#6058 = EDGE_CURVE('',#6042,#6011,#6059,.T.);
#6059 = LINE('',#6060,#6061);
#6060 = CARTESIAN_POINT('',(-2.172329276855,1.544213649852,10.));
#6061 = VECTOR('',#6062,1.);
#6062 = DIRECTION('',(-1.,0.,0.));
#6063 = PLANE('',#6064);
#6064 = AXIS2_PLACEMENT_3D('',#6065,#6066,#6067);
#6065 = CARTESIAN_POINT('',(-2.172329276855,1.544213649852,10.));
#6066 = DIRECTION('',(0.,1.,0.));
#6067 = DIRECTION('',(-1.,0.,0.));
#6068 = ADVANCED_FACE('',(#6069),#6094,.F.);
#6069 = FACE_BOUND('',#6070,.F.);
#6070 = EDGE_LOOP('',(#6071,#6081,#6087,#6088));
#6071 = ORIENTED_EDGE('',*,*,#6072,.T.);
#6072 = EDGE_CURVE('',#6073,#6075,#6077,.T.);
#6073 = VERTEX_POINT('',#6074);
#6074 = CARTESIAN_POINT('',(-1.020808505341,1.735571216617,10.));
#6075 = VERTEX_POINT('',#6076);
#6076 = CARTESIAN_POINT('',(-1.020808505341,1.735571216617,9.6));
#6077 = LINE('',#6078,#6079);
#6078 = CARTESIAN_POINT('',(-1.020808505341,1.735571216617,10.));
#6079 = VECTOR('',#6080,1.);
#6080 = DIRECTION('',(0.,0.,-1.));
#6081 = ORIENTED_EDGE('',*,*,#6082,.T.);
#6082 = EDGE_CURVE('',#6075,#6044,#6083,.T.);
#6083 = B_SPLINE_CURVE_WITH_KNOTS('',2,(#6084,#6085,#6086),
  .UNSPECIFIED.,.F.,.F.,(3,3),(0.,1.),.PIECEWISE_BEZIER_KNOTS.);
#6084 = CARTESIAN_POINT('',(-1.020808505341,1.735571216617,9.6));
#6085 = CARTESIAN_POINT('',(-1.510756576558,1.544213649852,9.6));
#6086 = CARTESIAN_POINT('',(-2.172329276855,1.544213649852,9.6));
#6087 = ORIENTED_EDGE('',*,*,#6041,.F.);
#6088 = ORIENTED_EDGE('',*,*,#6089,.F.);
#6089 = EDGE_CURVE('',#6073,#6042,#6090,.T.);
#6090 = B_SPLINE_CURVE_WITH_KNOTS('',2,(#6091,#6092,#6093),
  .UNSPECIFIED.,.F.,.F.,(3,3),(0.,1.),.PIECEWISE_BEZIER_KNOTS.);
#6091 = CARTESIAN_POINT('',(-1.020808505341,1.735571216617,10.));
#6092 = CARTESIAN_POINT('',(-1.510756576558,1.544213649852,10.));
#6093 = CARTESIAN_POINT('',(-2.172329276855,1.544213649852,10.));
#6094 = SURFACE_OF_LINEAR_EXTRUSION('',#6095,#6099);
#6095 = B_SPLINE_CURVE_WITH_KNOTS('',2,(#6096,#6097,#6098),
  .UNSPECIFIED.,.F.,.F.,(3,3),(0.,1.),.PIECEWISE_BEZIER_KNOTS.);
#6096 = CARTESIAN_POINT('',(-1.020808505341,1.735571216617,10.));
#6097 = CARTESIAN_POINT('',(-1.510756576558,1.544213649852,10.));
#6098 = CARTESIAN_POINT('',(-2.172329276855,1.544213649852,10.));
#6099 = VECTOR('',#6100,1.);
#6100 = DIRECTION('',(-0.,-0.,1.));
#6101 = ADVANCED_FACE('',(#6102),#6127,.F.);
#6102 = FACE_BOUND('',#6103,.F.);
#6103 = EDGE_LOOP('',(#6104,#6114,#6120,#6121));
#6104 = ORIENTED_EDGE('',*,*,#6105,.T.);
#6105 = EDGE_CURVE('',#6106,#6108,#6110,.T.);
#6106 = VERTEX_POINT('',#6107);
#6107 = CARTESIAN_POINT('',(-0.255637882196,2.326261127596,10.));
#6108 = VERTEX_POINT('',#6109);
#6109 = CARTESIAN_POINT('',(-0.255637882196,2.326261127596,9.6));
#6110 = LINE('',#6111,#6112);
#6111 = CARTESIAN_POINT('',(-0.255637882196,2.326261127596,10.));
#6112 = VECTOR('',#6113,1.);
#6113 = DIRECTION('',(0.,0.,-1.));
#6114 = ORIENTED_EDGE('',*,*,#6115,.T.);
#6115 = EDGE_CURVE('',#6108,#6075,#6116,.T.);
#6116 = B_SPLINE_CURVE_WITH_KNOTS('',2,(#6117,#6118,#6119),
  .UNSPECIFIED.,.F.,.F.,(3,3),(0.,1.),.PIECEWISE_BEZIER_KNOTS.);
#6117 = CARTESIAN_POINT('',(-0.255637882196,2.326261127596,9.6));
#6118 = CARTESIAN_POINT('',(-0.530600790208,1.9271884273,9.6));
#6119 = CARTESIAN_POINT('',(-1.020808505341,1.735571216617,9.6));
#6120 = ORIENTED_EDGE('',*,*,#6072,.F.);
#6121 = ORIENTED_EDGE('',*,*,#6122,.F.);
#6122 = EDGE_CURVE('',#6106,#6073,#6123,.T.);
#6123 = B_SPLINE_CURVE_WITH_KNOTS('',2,(#6124,#6125,#6126),
  .UNSPECIFIED.,.F.,.F.,(3,3),(0.,1.),.PIECEWISE_BEZIER_KNOTS.);
#6124 = CARTESIAN_POINT('',(-0.255637882196,2.326261127596,10.));
#6125 = CARTESIAN_POINT('',(-0.530600790208,1.9271884273,10.));
#6126 = CARTESIAN_POINT('',(-1.020808505341,1.735571216617,10.));
#6127 = SURFACE_OF_LINEAR_EXTRUSION('',#6128,#6132);
#6128 = B_SPLINE_CURVE_WITH_KNOTS('',2,(#6129,#6130,#6131),
  .UNSPECIFIED.,.F.,.F.,(3,3),(0.,1.),.PIECEWISE_BEZIER_KNOTS.);
#6129 = CARTESIAN_POINT('',(-0.255637882196,2.326261127596,10.));
#6130 = CARTESIAN_POINT('',(-0.530600790208,1.9271884273,10.));
#6131 = CARTESIAN_POINT('',(-1.020808505341,1.735571216617,10.));
#6132 = VECTOR('',#6133,1.);
#6133 = DIRECTION('',(-0.,-0.,1.));
#6134 = ADVANCED_FACE('',(#6135),#6160,.F.);
#6135 = FACE_BOUND('',#6136,.F.);
#6136 = EDGE_LOOP('',(#6137,#6147,#6153,#6154));
#6137 = ORIENTED_EDGE('',*,*,#6138,.T.);
#6138 = EDGE_CURVE('',#6139,#6141,#6143,.T.);
#6139 = VERTEX_POINT('',#6140);
#6140 = CARTESIAN_POINT('',(1.958466973294E-02,3.339910979228,10.));
#6141 = VERTEX_POINT('',#6142);
#6142 = CARTESIAN_POINT('',(1.958466973294E-02,3.339910979228,9.6));
#6143 = LINE('',#6144,#6145);
#6144 = CARTESIAN_POINT('',(1.958466973294E-02,3.339910979228,10.));
#6145 = VECTOR('',#6146,1.);
#6146 = DIRECTION('',(0.,0.,-1.));
#6147 = ORIENTED_EDGE('',*,*,#6148,.T.);
#6148 = EDGE_CURVE('',#6141,#6108,#6149,.T.);
#6149 = B_SPLINE_CURVE_WITH_KNOTS('',2,(#6150,#6151,#6152),
  .UNSPECIFIED.,.F.,.F.,(3,3),(0.,1.),.PIECEWISE_BEZIER_KNOTS.);
#6150 = CARTESIAN_POINT('',(1.958466973294E-02,3.339910979228,9.6));
#6151 = CARTESIAN_POINT('',(1.958466973294E-02,2.725333827893,9.6));
#6152 = CARTESIAN_POINT('',(-0.255637882196,2.326261127596,9.6));
#6153 = ORIENTED_EDGE('',*,*,#6105,.F.);
#6154 = ORIENTED_EDGE('',*,*,#6155,.F.);
#6155 = EDGE_CURVE('',#6139,#6106,#6156,.T.);
#6156 = B_SPLINE_CURVE_WITH_KNOTS('',2,(#6157,#6158,#6159),
  .UNSPECIFIED.,.F.,.F.,(3,3),(0.,1.),.PIECEWISE_BEZIER_KNOTS.);
#6157 = CARTESIAN_POINT('',(1.958466973294E-02,3.339910979228,10.));
#6158 = CARTESIAN_POINT('',(1.958466973294E-02,2.725333827893,10.));
#6159 = CARTESIAN_POINT('',(-0.255637882196,2.326261127596,10.));
#6160 = SURFACE_OF_LINEAR_EXTRUSION('',#6161,#6165);
#6161 = B_SPLINE_CURVE_WITH_KNOTS('',2,(#6162,#6163,#6164),
  .UNSPECIFIED.,.F.,.F.,(3,3),(0.,1.),.PIECEWISE_BEZIER_KNOTS.);
#6162 = CARTESIAN_POINT('',(1.958466973294E-02,3.339910979228,10.));
#6163 = CARTESIAN_POINT('',(1.958466973294E-02,2.725333827893,10.));
#6164 = CARTESIAN_POINT('',(-0.255637882196,2.326261127596,10.));
#6165 = VECTOR('',#6166,1.);
#6166 = DIRECTION('',(-0.,-0.,1.));
#6167 = ADVANCED_FACE('',(#6168),#6193,.F.);
#6168 = FACE_BOUND('',#6169,.F.);
#6169 = EDGE_LOOP('',(#6170,#6180,#6186,#6187));
#6170 = ORIENTED_EDGE('',*,*,#6171,.T.);
#6171 = EDGE_CURVE('',#6172,#6174,#6176,.T.);
#6172 = VERTEX_POINT('',#6173);
#6173 = CARTESIAN_POINT('',(-0.255378238279,4.369399109792,10.));
#6174 = VERTEX_POINT('',#6175);
#6175 = CARTESIAN_POINT('',(-0.255378238279,4.369399109792,9.6));
#6176 = LINE('',#6177,#6178);
#6177 = CARTESIAN_POINT('',(-0.255378238279,4.369399109792,10.));
#6178 = VECTOR('',#6179,1.);
#6179 = DIRECTION('',(0.,0.,-1.));
#6180 = ORIENTED_EDGE('',*,*,#6181,.T.);
#6181 = EDGE_CURVE('',#6174,#6141,#6182,.T.);
#6182 = B_SPLINE_CURVE_WITH_KNOTS('',2,(#6183,#6184,#6185),
  .UNSPECIFIED.,.F.,.F.,(3,3),(0.,1.),.PIECEWISE_BEZIER_KNOTS.);
#6183 = CARTESIAN_POINT('',(-0.255378238279,4.369399109792,9.6));
#6184 = CARTESIAN_POINT('',(1.958466973294E-02,3.962277448071,9.6));
#6185 = CARTESIAN_POINT('',(1.958466973294E-02,3.339910979228,9.6));
#6186 = ORIENTED_EDGE('',*,*,#6138,.F.);
#6187 = ORIENTED_EDGE('',*,*,#6188,.F.);
#6188 = EDGE_CURVE('',#6172,#6139,#6189,.T.);
#6189 = B_SPLINE_CURVE_WITH_KNOTS('',2,(#6190,#6191,#6192),
  .UNSPECIFIED.,.F.,.F.,(3,3),(0.,1.),.PIECEWISE_BEZIER_KNOTS.);
#6190 = CARTESIAN_POINT('',(-0.255378238279,4.369399109792,10.));
#6191 = CARTESIAN_POINT('',(1.958466973294E-02,3.962277448071,10.));
#6192 = CARTESIAN_POINT('',(1.958466973294E-02,3.339910979228,10.));
#6193 = SURFACE_OF_LINEAR_EXTRUSION('',#6194,#6198);
#6194 = B_SPLINE_CURVE_WITH_KNOTS('',2,(#6195,#6196,#6197),
  .UNSPECIFIED.,.F.,.F.,(3,3),(0.,1.),.PIECEWISE_BEZIER_KNOTS.);
#6195 = CARTESIAN_POINT('',(-0.255378238279,4.369399109792,10.));
#6196 = CARTESIAN_POINT('',(1.958466973294E-02,3.962277448071,10.));
#6197 = CARTESIAN_POINT('',(1.958466973294E-02,3.339910979228,10.));
#6198 = VECTOR('',#6199,1.);
#6199 = DIRECTION('',(-0.,-0.,1.));
#6200 = ADVANCED_FACE('',(#6201),#6226,.F.);
#6201 = FACE_BOUND('',#6202,.F.);
#6202 = EDGE_LOOP('',(#6203,#6213,#6219,#6220));
#6203 = ORIENTED_EDGE('',*,*,#6204,.T.);
#6204 = EDGE_CURVE('',#6205,#6207,#6209,.T.);
#6205 = VERTEX_POINT('',#6206);
#6206 = CARTESIAN_POINT('',(-1.019769929674,4.979821958457,10.));
#6207 = VERTEX_POINT('',#6208);
#6208 = CARTESIAN_POINT('',(-1.019769929674,4.979821958457,9.6));
#6209 = LINE('',#6210,#6211);
#6210 = CARTESIAN_POINT('',(-1.019769929674,4.979821958457,10.));
#6211 = VECTOR('',#6212,1.);
#6212 = DIRECTION('',(0.,0.,-1.));
#6213 = ORIENTED_EDGE('',*,*,#6214,.T.);
#6214 = EDGE_CURVE('',#6207,#6174,#6215,.T.);
#6215 = B_SPLINE_CURVE_WITH_KNOTS('',2,(#6216,#6217,#6218),
  .UNSPECIFIED.,.F.,.F.,(3,3),(0.,1.),.PIECEWISE_BEZIER_KNOTS.);
#6216 = CARTESIAN_POINT('',(-1.019769929674,4.979821958457,9.6));
#6217 = CARTESIAN_POINT('',(-0.530081502374,4.776520771513,9.6));
#6218 = CARTESIAN_POINT('',(-0.255378238279,4.369399109792,9.6));
#6219 = ORIENTED_EDGE('',*,*,#6171,.F.);
#6220 = ORIENTED_EDGE('',*,*,#6221,.F.);
#6221 = EDGE_CURVE('',#6205,#6172,#6222,.T.);
#6222 = B_SPLINE_CURVE_WITH_KNOTS('',2,(#6223,#6224,#6225),
  .UNSPECIFIED.,.F.,.F.,(3,3),(0.,1.),.PIECEWISE_BEZIER_KNOTS.);
#6223 = CARTESIAN_POINT('',(-1.019769929674,4.979821958457,10.));
#6224 = CARTESIAN_POINT('',(-0.530081502374,4.776520771513,10.));
#6225 = CARTESIAN_POINT('',(-0.255378238279,4.369399109792,10.));
#6226 = SURFACE_OF_LINEAR_EXTRUSION('',#6227,#6231);
#6227 = B_SPLINE_CURVE_WITH_KNOTS('',2,(#6228,#6229,#6230),
  .UNSPECIFIED.,.F.,.F.,(3,3),(0.,1.),.PIECEWISE_BEZIER_KNOTS.);
#6228 = CARTESIAN_POINT('',(-1.019769929674,4.979821958457,10.));
#6229 = CARTESIAN_POINT('',(-0.530081502374,4.776520771513,10.));
#6230 = CARTESIAN_POINT('',(-0.255378238279,4.369399109792,10.));
#6231 = VECTOR('',#6232,1.);
#6232 = DIRECTION('',(-0.,-0.,1.));
#6233 = ADVANCED_FACE('',(#6234),#6259,.F.);
#6234 = FACE_BOUND('',#6235,.F.);
#6235 = EDGE_LOOP('',(#6236,#6246,#6252,#6253));
#6236 = ORIENTED_EDGE('',*,*,#6237,.T.);
#6237 = EDGE_CURVE('',#6238,#6240,#6242,.T.);
#6238 = VERTEX_POINT('',#6239);
#6239 = CARTESIAN_POINT('',(-2.170771413353,5.183382789318,10.));
#6240 = VERTEX_POINT('',#6241);
#6241 = CARTESIAN_POINT('',(-2.170771413353,5.183382789318,9.6));
#6242 = LINE('',#6243,#6244);
#6243 = CARTESIAN_POINT('',(-2.170771413353,5.183382789318,10.));
#6244 = VECTOR('',#6245,1.);
#6245 = DIRECTION('',(0.,0.,-1.));
#6246 = ORIENTED_EDGE('',*,*,#6247,.T.);
#6247 = EDGE_CURVE('',#6240,#6207,#6248,.T.);
#6248 = B_SPLINE_CURVE_WITH_KNOTS('',2,(#6249,#6250,#6251),
  .UNSPECIFIED.,.F.,.F.,(3,3),(0.,1.),.PIECEWISE_BEZIER_KNOTS.);
#6249 = CARTESIAN_POINT('',(-2.170771413353,5.183382789318,9.6));
#6250 = CARTESIAN_POINT('',(-1.509458356973,5.183382789318,9.6));
#6251 = CARTESIAN_POINT('',(-1.019769929674,4.979821958457,9.6));
#6252 = ORIENTED_EDGE('',*,*,#6204,.F.);
#6253 = ORIENTED_EDGE('',*,*,#6254,.F.);
#6254 = EDGE_CURVE('',#6238,#6205,#6255,.T.);
#6255 = B_SPLINE_CURVE_WITH_KNOTS('',2,(#6256,#6257,#6258),
  .UNSPECIFIED.,.F.,.F.,(3,3),(0.,1.),.PIECEWISE_BEZIER_KNOTS.);
#6256 = CARTESIAN_POINT('',(-2.170771413353,5.183382789318,10.));
#6257 = CARTESIAN_POINT('',(-1.509458356973,5.183382789318,10.));
#6258 = CARTESIAN_POINT('',(-1.019769929674,4.979821958457,10.));
#6259 = SURFACE_OF_LINEAR_EXTRUSION('',#6260,#6264);
#6260 = B_SPLINE_CURVE_WITH_KNOTS('',2,(#6261,#6262,#6263),
  .UNSPECIFIED.,.F.,.F.,(3,3),(0.,1.),.PIECEWISE_BEZIER_KNOTS.);
#6261 = CARTESIAN_POINT('',(-2.170771413353,5.183382789318,10.));
#6262 = CARTESIAN_POINT('',(-1.509458356973,5.183382789318,10.));
#6263 = CARTESIAN_POINT('',(-1.019769929674,4.979821958457,10.));
#6264 = VECTOR('',#6265,1.);
#6265 = DIRECTION('',(-0.,-0.,1.));
#6266 = ADVANCED_FACE('',(#6267),#6292,.F.);
#6267 = FACE_BOUND('',#6268,.F.);
#6268 = EDGE_LOOP('',(#6269,#6279,#6285,#6286));
#6269 = ORIENTED_EDGE('',*,*,#6270,.T.);
#6270 = EDGE_CURVE('',#6271,#6273,#6275,.T.);
#6271 = VERTEX_POINT('',#6272);
#6272 = CARTESIAN_POINT('',(-4.400853015727,5.183382789318,10.));
#6273 = VERTEX_POINT('',#6274);
#6274 = CARTESIAN_POINT('',(-4.400853015727,5.183382789318,9.6));
#6275 = LINE('',#6276,#6277);
#6276 = CARTESIAN_POINT('',(-4.400853015727,5.183382789318,10.));
#6277 = VECTOR('',#6278,1.);
#6278 = DIRECTION('',(0.,0.,-1.));
#6279 = ORIENTED_EDGE('',*,*,#6280,.T.);
#6280 = EDGE_CURVE('',#6273,#6240,#6281,.T.);
#6281 = LINE('',#6282,#6283);
#6282 = CARTESIAN_POINT('',(-4.400853015727,5.183382789318,9.6));
#6283 = VECTOR('',#6284,1.);
#6284 = DIRECTION('',(1.,0.,0.));
#6285 = ORIENTED_EDGE('',*,*,#6237,.F.);
#6286 = ORIENTED_EDGE('',*,*,#6287,.F.);
#6287 = EDGE_CURVE('',#6271,#6238,#6288,.T.);
#6288 = LINE('',#6289,#6290);
#6289 = CARTESIAN_POINT('',(-4.400853015727,5.183382789318,10.));
#6290 = VECTOR('',#6291,1.);
#6291 = DIRECTION('',(1.,0.,0.));
#6292 = PLANE('',#6293);
#6293 = AXIS2_PLACEMENT_3D('',#6294,#6295,#6296);
#6294 = CARTESIAN_POINT('',(-4.400853015727,5.183382789318,10.));
#6295 = DIRECTION('',(0.,-1.,0.));
#6296 = DIRECTION('',(1.,0.,0.));
#6297 = ADVANCED_FACE('',(#6298),#6323,.F.);
#6298 = FACE_BOUND('',#6299,.F.);
#6299 = EDGE_LOOP('',(#6300,#6310,#6316,#6317));
#6300 = ORIENTED_EDGE('',*,*,#6301,.T.);
#6301 = EDGE_CURVE('',#6302,#6304,#6306,.T.);
#6302 = VERTEX_POINT('',#6303);
#6303 = CARTESIAN_POINT('',(-4.54443610178,5.127299703264,10.));
#6304 = VERTEX_POINT('',#6305);
#6305 = CARTESIAN_POINT('',(-4.54443610178,5.127299703264,9.6));
#6306 = LINE('',#6307,#6308);
#6307 = CARTESIAN_POINT('',(-4.54443610178,5.127299703264,10.));
#6308 = VECTOR('',#6309,1.);
#6309 = DIRECTION('',(0.,0.,-1.));
#6310 = ORIENTED_EDGE('',*,*,#6311,.T.);
#6311 = EDGE_CURVE('',#6304,#6273,#6312,.T.);
#6312 = B_SPLINE_CURVE_WITH_KNOTS('',2,(#6313,#6314,#6315),
  .UNSPECIFIED.,.F.,.F.,(3,3),(0.,1.),.PIECEWISE_BEZIER_KNOTS.);
#6313 = CARTESIAN_POINT('',(-4.54443610178,5.127299703264,9.6));
#6314 = CARTESIAN_POINT('',(-4.488612659644,5.183382789318,9.6));
#6315 = CARTESIAN_POINT('',(-4.400853015727,5.183382789318,9.6));
#6316 = ORIENTED_EDGE('',*,*,#6270,.F.);
#6317 = ORIENTED_EDGE('',*,*,#6318,.F.);
#6318 = EDGE_CURVE('',#6302,#6271,#6319,.T.);
#6319 = B_SPLINE_CURVE_WITH_KNOTS('',2,(#6320,#6321,#6322),
  .UNSPECIFIED.,.F.,.F.,(3,3),(0.,1.),.PIECEWISE_BEZIER_KNOTS.);
#6320 = CARTESIAN_POINT('',(-4.54443610178,5.127299703264,10.));
#6321 = CARTESIAN_POINT('',(-4.488612659644,5.183382789318,10.));
#6322 = CARTESIAN_POINT('',(-4.400853015727,5.183382789318,10.));
#6323 = SURFACE_OF_LINEAR_EXTRUSION('',#6324,#6328);
#6324 = B_SPLINE_CURVE_WITH_KNOTS('',2,(#6325,#6326,#6327),
  .UNSPECIFIED.,.F.,.F.,(3,3),(0.,1.),.PIECEWISE_BEZIER_KNOTS.);
#6325 = CARTESIAN_POINT('',(-4.54443610178,5.127299703264,10.));
#6326 = CARTESIAN_POINT('',(-4.488612659644,5.183382789318,10.));
#6327 = CARTESIAN_POINT('',(-4.400853015727,5.183382789318,10.));
#6328 = VECTOR('',#6329,1.);
#6329 = DIRECTION('',(-0.,-0.,1.));
#6330 = ADVANCED_FACE('',(#6331),#6356,.F.);
#6331 = FACE_BOUND('',#6332,.F.);
#6332 = EDGE_LOOP('',(#6333,#6343,#6349,#6350));
#6333 = ORIENTED_EDGE('',*,*,#6334,.T.);
#6334 = EDGE_CURVE('',#6335,#6337,#6339,.T.);
#6335 = VERTEX_POINT('',#6336);
#6336 = CARTESIAN_POINT('',(-4.5999999,4.983716617211,10.));
#6337 = VERTEX_POINT('',#6338);
#6338 = CARTESIAN_POINT('',(-4.5999999,4.983716617211,9.6));
#6339 = LINE('',#6340,#6341);
#6340 = CARTESIAN_POINT('',(-4.5999999,4.983716617211,10.));
#6341 = VECTOR('',#6342,1.);
#6342 = DIRECTION('',(0.,0.,-1.));
#6343 = ORIENTED_EDGE('',*,*,#6344,.T.);
#6344 = EDGE_CURVE('',#6337,#6304,#6345,.T.);
#6345 = B_SPLINE_CURVE_WITH_KNOTS('',2,(#6346,#6347,#6348),
  .UNSPECIFIED.,.F.,.F.,(3,3),(0.,1.),.PIECEWISE_BEZIER_KNOTS.);
#6346 = CARTESIAN_POINT('',(-4.5999999,4.983716617211,9.6));
#6347 = CARTESIAN_POINT('',(-4.5999999,5.071476261128,9.6));
#6348 = CARTESIAN_POINT('',(-4.54443610178,5.127299703264,9.6));
#6349 = ORIENTED_EDGE('',*,*,#6301,.F.);
#6350 = ORIENTED_EDGE('',*,*,#6351,.F.);
#6351 = EDGE_CURVE('',#6335,#6302,#6352,.T.);
#6352 = B_SPLINE_CURVE_WITH_KNOTS('',2,(#6353,#6354,#6355),
  .UNSPECIFIED.,.F.,.F.,(3,3),(0.,1.),.PIECEWISE_BEZIER_KNOTS.);
#6353 = CARTESIAN_POINT('',(-4.5999999,4.983716617211,10.));
#6354 = CARTESIAN_POINT('',(-4.5999999,5.071476261128,10.));
#6355 = CARTESIAN_POINT('',(-4.54443610178,5.127299703264,10.));
#6356 = SURFACE_OF_LINEAR_EXTRUSION('',#6357,#6361);
#6357 = B_SPLINE_CURVE_WITH_KNOTS('',2,(#6358,#6359,#6360),
  .UNSPECIFIED.,.F.,.F.,(3,3),(0.,1.),.PIECEWISE_BEZIER_KNOTS.);
#6358 = CARTESIAN_POINT('',(-4.5999999,4.983716617211,10.));
#6359 = CARTESIAN_POINT('',(-4.5999999,5.071476261128,10.));
#6360 = CARTESIAN_POINT('',(-4.54443610178,5.127299703264,10.));
#6361 = VECTOR('',#6362,1.);
#6362 = DIRECTION('',(-0.,-0.,1.));
#6363 = ADVANCED_FACE('',(#6364),#6389,.F.);
#6364 = FACE_BOUND('',#6365,.F.);
#6365 = EDGE_LOOP('',(#6366,#6376,#6382,#6383));
#6366 = ORIENTED_EDGE('',*,*,#6367,.T.);
#6367 = EDGE_CURVE('',#6368,#6370,#6372,.T.);
#6368 = VERTEX_POINT('',#6369);
#6369 = CARTESIAN_POINT('',(-4.5999999,-0.208642433234,10.));
#6370 = VERTEX_POINT('',#6371);
#6371 = CARTESIAN_POINT('',(-4.5999999,-0.208642433234,9.6));
#6372 = LINE('',#6373,#6374);
#6373 = CARTESIAN_POINT('',(-4.5999999,-0.208642433234,10.));
#6374 = VECTOR('',#6375,1.);
#6375 = DIRECTION('',(0.,0.,-1.));
#6376 = ORIENTED_EDGE('',*,*,#6377,.T.);
#6377 = EDGE_CURVE('',#6370,#6337,#6378,.T.);
#6378 = LINE('',#6379,#6380);
#6379 = CARTESIAN_POINT('',(-4.5999999,-0.208642433234,9.6));
#6380 = VECTOR('',#6381,1.);
#6381 = DIRECTION('',(0.,1.,0.));
#6382 = ORIENTED_EDGE('',*,*,#6334,.F.);
#6383 = ORIENTED_EDGE('',*,*,#6384,.F.);
#6384 = EDGE_CURVE('',#6368,#6335,#6385,.T.);
#6385 = LINE('',#6386,#6387);
#6386 = CARTESIAN_POINT('',(-4.5999999,-0.208642433234,10.));
#6387 = VECTOR('',#6388,1.);
#6388 = DIRECTION('',(0.,1.,0.));
#6389 = PLANE('',#6390);
#6390 = AXIS2_PLACEMENT_3D('',#6391,#6392,#6393);
#6391 = CARTESIAN_POINT('',(-4.5999999,-0.208642433234,10.));
#6392 = DIRECTION('',(1.,-0.,0.));
#6393 = DIRECTION('',(0.,1.,0.));
#6394 = ADVANCED_FACE('',(#6395),#6411,.F.);
#6395 = FACE_BOUND('',#6396,.F.);
#6396 = EDGE_LOOP('',(#6397,#6398,#6404,#6405));
#6397 = ORIENTED_EDGE('',*,*,#5889,.T.);
#6398 = ORIENTED_EDGE('',*,*,#6399,.T.);
#6399 = EDGE_CURVE('',#5882,#6370,#6400,.T.);
#6400 = B_SPLINE_CURVE_WITH_KNOTS('',2,(#6401,#6402,#6403),
  .UNSPECIFIED.,.F.,.F.,(3,3),(0.,1.),.PIECEWISE_BEZIER_KNOTS.);
#6401 = CARTESIAN_POINT('',(-4.54443610178,-0.348330860534,9.6));
#6402 = CARTESIAN_POINT('',(-4.5999999,-0.288353115727,9.6));
#6403 = CARTESIAN_POINT('',(-4.5999999,-0.208642433234,9.6));
#6404 = ORIENTED_EDGE('',*,*,#6367,.F.);
#6405 = ORIENTED_EDGE('',*,*,#6406,.F.);
#6406 = EDGE_CURVE('',#5890,#6368,#6407,.T.);
#6407 = B_SPLINE_CURVE_WITH_KNOTS('',2,(#6408,#6409,#6410),
  .UNSPECIFIED.,.F.,.F.,(3,3),(0.,1.),.PIECEWISE_BEZIER_KNOTS.);
#6408 = CARTESIAN_POINT('',(-4.54443610178,-0.348330860534,10.));
#6409 = CARTESIAN_POINT('',(-4.5999999,-0.288353115727,10.));
#6410 = CARTESIAN_POINT('',(-4.5999999,-0.208642433234,10.));
#6411 = SURFACE_OF_LINEAR_EXTRUSION('',#6412,#6416);
#6412 = B_SPLINE_CURVE_WITH_KNOTS('',2,(#6413,#6414,#6415),
  .UNSPECIFIED.,.F.,.F.,(3,3),(0.,1.),.PIECEWISE_BEZIER_KNOTS.);
#6413 = CARTESIAN_POINT('',(-4.54443610178,-0.348330860534,10.));
#6414 = CARTESIAN_POINT('',(-4.5999999,-0.288353115727,10.));
#6415 = CARTESIAN_POINT('',(-4.5999999,-0.208642433234,10.));
#6416 = VECTOR('',#6417,1.);
#6417 = DIRECTION('',(-0.,-0.,1.));
#6418 = ADVANCED_FACE('',(#6419),#6453,.F.);
#6419 = FACE_BOUND('',#6420,.F.);
#6420 = EDGE_LOOP('',(#6421,#6431,#6439,#6447));
#6421 = ORIENTED_EDGE('',*,*,#6422,.T.);
#6422 = EDGE_CURVE('',#6423,#6425,#6427,.T.);
#6423 = VERTEX_POINT('',#6424);
#6424 = CARTESIAN_POINT('',(-3.144955389614,2.640949554896,10.));
#6425 = VERTEX_POINT('',#6426);
#6426 = CARTESIAN_POINT('',(-3.144955389614,2.640949554896,9.6));
#6427 = LINE('',#6428,#6429);
#6428 = CARTESIAN_POINT('',(-3.144955389614,2.640949554896,10.));
#6429 = VECTOR('',#6430,1.);
#6430 = DIRECTION('',(0.,0.,-1.));
#6431 = ORIENTED_EDGE('',*,*,#6432,.T.);
#6432 = EDGE_CURVE('',#6425,#6433,#6435,.T.);
#6433 = VERTEX_POINT('',#6434);
#6434 = CARTESIAN_POINT('',(-2.210237288724,2.640949554896,9.6));
#6435 = LINE('',#6436,#6437);
#6436 = CARTESIAN_POINT('',(-3.144955389614,2.640949554896,9.6));
#6437 = VECTOR('',#6438,1.);
#6438 = DIRECTION('',(1.,0.,0.));
#6439 = ORIENTED_EDGE('',*,*,#6440,.F.);
#6440 = EDGE_CURVE('',#6441,#6433,#6443,.T.);
#6441 = VERTEX_POINT('',#6442);
#6442 = CARTESIAN_POINT('',(-2.210237288724,2.640949554896,10.));
#6443 = LINE('',#6444,#6445);
#6444 = CARTESIAN_POINT('',(-2.210237288724,2.640949554896,10.));
#6445 = VECTOR('',#6446,1.);
#6446 = DIRECTION('',(0.,0.,-1.));
#6447 = ORIENTED_EDGE('',*,*,#6448,.F.);
#6448 = EDGE_CURVE('',#6423,#6441,#6449,.T.);
#6449 = LINE('',#6450,#6451);
#6450 = CARTESIAN_POINT('',(-3.144955389614,2.640949554896,10.));
#6451 = VECTOR('',#6452,1.);
#6452 = DIRECTION('',(1.,0.,0.));
#6453 = PLANE('',#6454);
#6454 = AXIS2_PLACEMENT_3D('',#6455,#6456,#6457);
#6455 = CARTESIAN_POINT('',(-3.144955389614,2.640949554896,10.));
#6456 = DIRECTION('',(0.,-1.,0.));
#6457 = DIRECTION('',(1.,0.,0.));
#6458 = ADVANCED_FACE('',(#6459),#6484,.F.);
#6459 = FACE_BOUND('',#6460,.F.);
#6460 = EDGE_LOOP('',(#6461,#6471,#6477,#6478));
#6461 = ORIENTED_EDGE('',*,*,#6462,.T.);
#6462 = EDGE_CURVE('',#6463,#6465,#6467,.T.);
#6463 = VERTEX_POINT('',#6464);
#6464 = CARTESIAN_POINT('',(-3.144955389614,4.070029673591,10.));
#6465 = VERTEX_POINT('',#6466);
#6466 = CARTESIAN_POINT('',(-3.144955389614,4.070029673591,9.6));
#6467 = LINE('',#6468,#6469);
#6468 = CARTESIAN_POINT('',(-3.144955389614,4.070029673591,10.));
#6469 = VECTOR('',#6470,1.);
#6470 = DIRECTION('',(0.,0.,-1.));
#6471 = ORIENTED_EDGE('',*,*,#6472,.T.);
#6472 = EDGE_CURVE('',#6465,#6425,#6473,.T.);
#6473 = LINE('',#6474,#6475);
#6474 = CARTESIAN_POINT('',(-3.144955389614,4.070029673591,9.6));
#6475 = VECTOR('',#6476,1.);
#6476 = DIRECTION('',(0.,-1.,0.));
#6477 = ORIENTED_EDGE('',*,*,#6422,.F.);
#6478 = ORIENTED_EDGE('',*,*,#6479,.F.);
#6479 = EDGE_CURVE('',#6463,#6423,#6480,.T.);
#6480 = LINE('',#6481,#6482);
#6481 = CARTESIAN_POINT('',(-3.144955389614,4.070029673591,10.));
#6482 = VECTOR('',#6483,1.);
#6483 = DIRECTION('',(0.,-1.,0.));
#6484 = PLANE('',#6485);
#6485 = AXIS2_PLACEMENT_3D('',#6486,#6487,#6488);
#6486 = CARTESIAN_POINT('',(-3.144955389614,4.070029673591,10.));
#6487 = DIRECTION('',(-1.,-0.,-0.));
#6488 = DIRECTION('',(0.,-1.,0.));
#6489 = ADVANCED_FACE('',(#6490),#6515,.F.);
#6490 = FACE_BOUND('',#6491,.F.);
#6491 = EDGE_LOOP('',(#6492,#6502,#6508,#6509));
#6492 = ORIENTED_EDGE('',*,*,#6493,.T.);
#6493 = EDGE_CURVE('',#6494,#6496,#6498,.T.);
#6494 = VERTEX_POINT('',#6495);
#6495 = CARTESIAN_POINT('',(-2.210237288724,4.070029673591,10.));
#6496 = VERTEX_POINT('',#6497);
#6497 = CARTESIAN_POINT('',(-2.210237288724,4.070029673591,9.6));
#6498 = LINE('',#6499,#6500);
#6499 = CARTESIAN_POINT('',(-2.210237288724,4.070029673591,10.));
#6500 = VECTOR('',#6501,1.);
#6501 = DIRECTION('',(0.,0.,-1.));
#6502 = ORIENTED_EDGE('',*,*,#6503,.T.);
#6503 = EDGE_CURVE('',#6496,#6465,#6504,.T.);
#6504 = LINE('',#6505,#6506);
#6505 = CARTESIAN_POINT('',(-2.210237288724,4.070029673591,9.6));
#6506 = VECTOR('',#6507,1.);
#6507 = DIRECTION('',(-1.,0.,0.));
#6508 = ORIENTED_EDGE('',*,*,#6462,.F.);
#6509 = ORIENTED_EDGE('',*,*,#6510,.F.);
#6510 = EDGE_CURVE('',#6494,#6463,#6511,.T.);
#6511 = LINE('',#6512,#6513);
#6512 = CARTESIAN_POINT('',(-2.210237288724,4.070029673591,10.));
#6513 = VECTOR('',#6514,1.);
#6514 = DIRECTION('',(-1.,0.,0.));
#6515 = PLANE('',#6516);
#6516 = AXIS2_PLACEMENT_3D('',#6517,#6518,#6519);
#6517 = CARTESIAN_POINT('',(-2.210237288724,4.070029673591,10.));
#6518 = DIRECTION('',(0.,1.,0.));
#6519 = DIRECTION('',(-1.,0.,0.));
#6520 = ADVANCED_FACE('',(#6521),#6546,.F.);
#6521 = FACE_BOUND('',#6522,.F.);
#6522 = EDGE_LOOP('',(#6523,#6533,#6539,#6540));
#6523 = ORIENTED_EDGE('',*,*,#6524,.T.);
#6524 = EDGE_CURVE('',#6525,#6527,#6529,.T.);
#6525 = VERTEX_POINT('',#6526);
#6526 = CARTESIAN_POINT('',(-1.63512601276,3.862314540059,10.));
#6527 = VERTEX_POINT('',#6528);
#6528 = CARTESIAN_POINT('',(-1.63512601276,3.862314540059,9.6));
#6529 = LINE('',#6530,#6531);
#6530 = CARTESIAN_POINT('',(-1.63512601276,3.862314540059,10.));
#6531 = VECTOR('',#6532,1.);
#6532 = DIRECTION('',(0.,0.,-1.));
#6533 = ORIENTED_EDGE('',*,*,#6534,.T.);
#6534 = EDGE_CURVE('',#6527,#6496,#6535,.T.);
#6535 = B_SPLINE_CURVE_WITH_KNOTS('',2,(#6536,#6537,#6538),
  .UNSPECIFIED.,.F.,.F.,(3,3),(0.,1.),.PIECEWISE_BEZIER_KNOTS.);
#6536 = CARTESIAN_POINT('',(-1.63512601276,3.862314540059,9.6));
#6537 = CARTESIAN_POINT('',(-1.81090494451,4.070029673591,9.6));
#6538 = CARTESIAN_POINT('',(-2.210237288724,4.070029673591,9.6));
#6539 = ORIENTED_EDGE('',*,*,#6493,.F.);
#6540 = ORIENTED_EDGE('',*,*,#6541,.F.);
#6541 = EDGE_CURVE('',#6525,#6494,#6542,.T.);
#6542 = B_SPLINE_CURVE_WITH_KNOTS('',2,(#6543,#6544,#6545),
  .UNSPECIFIED.,.F.,.F.,(3,3),(0.,1.),.PIECEWISE_BEZIER_KNOTS.);
#6543 = CARTESIAN_POINT('',(-1.63512601276,3.862314540059,10.));
#6544 = CARTESIAN_POINT('',(-1.81090494451,4.070029673591,10.));
#6545 = CARTESIAN_POINT('',(-2.210237288724,4.070029673591,10.));
#6546 = SURFACE_OF_LINEAR_EXTRUSION('',#6547,#6551);
#6547 = B_SPLINE_CURVE_WITH_KNOTS('',2,(#6548,#6549,#6550),
  .UNSPECIFIED.,.F.,.F.,(3,3),(0.,1.),.PIECEWISE_BEZIER_KNOTS.);
#6548 = CARTESIAN_POINT('',(-1.63512601276,3.862314540059,10.));
#6549 = CARTESIAN_POINT('',(-1.81090494451,4.070029673591,10.));
#6550 = CARTESIAN_POINT('',(-2.210237288724,4.070029673591,10.));
#6551 = VECTOR('',#6552,1.);
#6552 = DIRECTION('',(-0.,-0.,1.));
#6553 = ADVANCED_FACE('',(#6554),#6579,.F.);
#6554 = FACE_BOUND('',#6555,.F.);
#6555 = EDGE_LOOP('',(#6556,#6566,#6572,#6573));
#6556 = ORIENTED_EDGE('',*,*,#6557,.T.);
#6557 = EDGE_CURVE('',#6558,#6560,#6562,.T.);
#6558 = VERTEX_POINT('',#6559);
#6559 = CARTESIAN_POINT('',(-1.459347081009,3.35159495549,10.));
#6560 = VERTEX_POINT('',#6561);
#6561 = CARTESIAN_POINT('',(-1.459347081009,3.35159495549,9.6));
#6562 = LINE('',#6563,#6564);
#6563 = CARTESIAN_POINT('',(-1.459347081009,3.35159495549,10.));
#6564 = VECTOR('',#6565,1.);
#6565 = DIRECTION('',(0.,0.,-1.));
#6566 = ORIENTED_EDGE('',*,*,#6567,.T.);
#6567 = EDGE_CURVE('',#6560,#6527,#6568,.T.);
#6568 = B_SPLINE_CURVE_WITH_KNOTS('',2,(#6569,#6570,#6571),
  .UNSPECIFIED.,.F.,.F.,(3,3),(0.,1.),.PIECEWISE_BEZIER_KNOTS.);
#6569 = CARTESIAN_POINT('',(-1.459347081009,3.35159495549,9.6));
#6570 = CARTESIAN_POINT('',(-1.459347081009,3.654859050445,9.6));
#6571 = CARTESIAN_POINT('',(-1.63512601276,3.862314540059,9.6));
#6572 = ORIENTED_EDGE('',*,*,#6524,.F.);
#6573 = ORIENTED_EDGE('',*,*,#6574,.F.);
#6574 = EDGE_CURVE('',#6558,#6525,#6575,.T.);
#6575 = B_SPLINE_CURVE_WITH_KNOTS('',2,(#6576,#6577,#6578),
  .UNSPECIFIED.,.F.,.F.,(3,3),(0.,1.),.PIECEWISE_BEZIER_KNOTS.);
#6576 = CARTESIAN_POINT('',(-1.459347081009,3.35159495549,10.));
#6577 = CARTESIAN_POINT('',(-1.459347081009,3.654859050445,10.));
#6578 = CARTESIAN_POINT('',(-1.63512601276,3.862314540059,10.));
#6579 = SURFACE_OF_LINEAR_EXTRUSION('',#6580,#6584);
#6580 = B_SPLINE_CURVE_WITH_KNOTS('',2,(#6581,#6582,#6583),
  .UNSPECIFIED.,.F.,.F.,(3,3),(0.,1.),.PIECEWISE_BEZIER_KNOTS.);
#6581 = CARTESIAN_POINT('',(-1.459347081009,3.35159495549,10.));
#6582 = CARTESIAN_POINT('',(-1.459347081009,3.654859050445,10.));
#6583 = CARTESIAN_POINT('',(-1.63512601276,3.862314540059,10.));
#6584 = VECTOR('',#6585,1.);
#6585 = DIRECTION('',(-0.,-0.,1.));
#6586 = ADVANCED_FACE('',(#6587),#6612,.F.);
#6587 = FACE_BOUND('',#6588,.F.);
#6588 = EDGE_LOOP('',(#6589,#6599,#6605,#6606));
#6589 = ORIENTED_EDGE('',*,*,#6590,.T.);
#6590 = EDGE_CURVE('',#6591,#6593,#6595,.T.);
#6591 = VERTEX_POINT('',#6592);
#6592 = CARTESIAN_POINT('',(-1.663167555786,2.81646884273,10.));
#6593 = VERTEX_POINT('',#6594);
#6594 = CARTESIAN_POINT('',(-1.663167555786,2.81646884273,9.6));
#6595 = LINE('',#6596,#6597);
#6596 = CARTESIAN_POINT('',(-1.663167555786,2.81646884273,10.));
#6597 = VECTOR('',#6598,1.);
#6598 = DIRECTION('',(0.,0.,-1.));
#6599 = ORIENTED_EDGE('',*,*,#6600,.T.);
#6600 = EDGE_CURVE('',#6593,#6560,#6601,.T.);
#6601 = B_SPLINE_CURVE_WITH_KNOTS('',2,(#6602,#6603,#6604),
  .UNSPECIFIED.,.F.,.F.,(3,3),(0.,1.),.PIECEWISE_BEZIER_KNOTS.);
#6602 = CARTESIAN_POINT('',(-1.663167555786,2.81646884273,9.6));
#6603 = CARTESIAN_POINT('',(-1.459347081009,2.992247774481,9.6));
#6604 = CARTESIAN_POINT('',(-1.459347081009,3.35159495549,9.6));
#6605 = ORIENTED_EDGE('',*,*,#6557,.F.);
#6606 = ORIENTED_EDGE('',*,*,#6607,.F.);
#6607 = EDGE_CURVE('',#6591,#6558,#6608,.T.);
#6608 = B_SPLINE_CURVE_WITH_KNOTS('',2,(#6609,#6610,#6611),
  .UNSPECIFIED.,.F.,.F.,(3,3),(0.,1.),.PIECEWISE_BEZIER_KNOTS.);
#6609 = CARTESIAN_POINT('',(-1.663167555786,2.81646884273,10.));
#6610 = CARTESIAN_POINT('',(-1.459347081009,2.992247774481,10.));
#6611 = CARTESIAN_POINT('',(-1.459347081009,3.35159495549,10.));
#6612 = SURFACE_OF_LINEAR_EXTRUSION('',#6613,#6617);
#6613 = B_SPLINE_CURVE_WITH_KNOTS('',2,(#6614,#6615,#6616),
  .UNSPECIFIED.,.F.,.F.,(3,3),(0.,1.),.PIECEWISE_BEZIER_KNOTS.);
#6614 = CARTESIAN_POINT('',(-1.663167555786,2.81646884273,10.));
#6615 = CARTESIAN_POINT('',(-1.459347081009,2.992247774481,10.));
#6616 = CARTESIAN_POINT('',(-1.459347081009,3.35159495549,10.));
#6617 = VECTOR('',#6618,1.);
#6618 = DIRECTION('',(-0.,-0.,1.));
#6619 = ADVANCED_FACE('',(#6620),#6636,.F.);
#6620 = FACE_BOUND('',#6621,.F.);
#6621 = EDGE_LOOP('',(#6622,#6623,#6629,#6630));
#6622 = ORIENTED_EDGE('',*,*,#6440,.T.);
#6623 = ORIENTED_EDGE('',*,*,#6624,.T.);
#6624 = EDGE_CURVE('',#6433,#6593,#6625,.T.);
#6625 = B_SPLINE_CURVE_WITH_KNOTS('',2,(#6626,#6627,#6628),
  .UNSPECIFIED.,.F.,.F.,(3,3),(0.,1.),.PIECEWISE_BEZIER_KNOTS.);
#6626 = CARTESIAN_POINT('',(-2.210237288724,2.640949554896,9.6));
#6627 = CARTESIAN_POINT('',(-1.866728386647,2.640949554896,9.6));
#6628 = CARTESIAN_POINT('',(-1.663167555786,2.81646884273,9.6));
#6629 = ORIENTED_EDGE('',*,*,#6590,.F.);
#6630 = ORIENTED_EDGE('',*,*,#6631,.F.);
#6631 = EDGE_CURVE('',#6441,#6591,#6632,.T.);
#6632 = B_SPLINE_CURVE_WITH_KNOTS('',2,(#6633,#6634,#6635),
  .UNSPECIFIED.,.F.,.F.,(3,3),(0.,1.),.PIECEWISE_BEZIER_KNOTS.);
#6633 = CARTESIAN_POINT('',(-2.210237288724,2.640949554896,10.));
#6634 = CARTESIAN_POINT('',(-1.866728386647,2.640949554896,10.));
#6635 = CARTESIAN_POINT('',(-1.663167555786,2.81646884273,10.));
#6636 = SURFACE_OF_LINEAR_EXTRUSION('',#6637,#6641);
#6637 = B_SPLINE_CURVE_WITH_KNOTS('',2,(#6638,#6639,#6640),
  .UNSPECIFIED.,.F.,.F.,(3,3),(0.,1.),.PIECEWISE_BEZIER_KNOTS.);
#6638 = CARTESIAN_POINT('',(-2.210237288724,2.640949554896,10.));
#6639 = CARTESIAN_POINT('',(-1.866728386647,2.640949554896,10.));
#6640 = CARTESIAN_POINT('',(-1.663167555786,2.81646884273,10.));
#6641 = VECTOR('',#6642,1.);
#6642 = DIRECTION('',(-0.,-0.,1.));
#6643 = ADVANCED_FACE('',(#6644,#6663),#6672,.T.);
#6644 = FACE_BOUND('',#6645,.T.);
#6645 = EDGE_LOOP('',(#6646,#6647,#6648,#6649,#6650,#6651,#6652,#6653,
    #6654,#6655,#6656,#6657,#6658,#6659,#6660,#6661,#6662));
#6646 = ORIENTED_EDGE('',*,*,#5897,.F.);
#6647 = ORIENTED_EDGE('',*,*,#5930,.F.);
#6648 = ORIENTED_EDGE('',*,*,#5961,.F.);
#6649 = ORIENTED_EDGE('',*,*,#5994,.F.);
#6650 = ORIENTED_EDGE('',*,*,#6027,.F.);
#6651 = ORIENTED_EDGE('',*,*,#6058,.F.);
#6652 = ORIENTED_EDGE('',*,*,#6089,.F.);
#6653 = ORIENTED_EDGE('',*,*,#6122,.F.);
#6654 = ORIENTED_EDGE('',*,*,#6155,.F.);
#6655 = ORIENTED_EDGE('',*,*,#6188,.F.);
#6656 = ORIENTED_EDGE('',*,*,#6221,.F.);
#6657 = ORIENTED_EDGE('',*,*,#6254,.F.);
#6658 = ORIENTED_EDGE('',*,*,#6287,.F.);
#6659 = ORIENTED_EDGE('',*,*,#6318,.F.);
#6660 = ORIENTED_EDGE('',*,*,#6351,.F.);
#6661 = ORIENTED_EDGE('',*,*,#6384,.F.);
#6662 = ORIENTED_EDGE('',*,*,#6406,.F.);
#6663 = FACE_BOUND('',#6664,.T.);
#6664 = EDGE_LOOP('',(#6665,#6666,#6667,#6668,#6669,#6670,#6671));
#6665 = ORIENTED_EDGE('',*,*,#6448,.F.);
#6666 = ORIENTED_EDGE('',*,*,#6479,.F.);
#6667 = ORIENTED_EDGE('',*,*,#6510,.F.);
#6668 = ORIENTED_EDGE('',*,*,#6541,.F.);
#6669 = ORIENTED_EDGE('',*,*,#6574,.F.);
#6670 = ORIENTED_EDGE('',*,*,#6607,.F.);
#6671 = ORIENTED_EDGE('',*,*,#6631,.F.);
#6672 = PLANE('',#6673);
#6673 = AXIS2_PLACEMENT_3D('',#6674,#6675,#6676);
#6674 = CARTESIAN_POINT('',(-2.717191209015,2.811710596648,10.));
#6675 = DIRECTION('',(0.,0.,1.));
#6676 = DIRECTION('',(1.,0.,0.));
#6677 = ADVANCED_FACE('',(#6678,#6697),#6706,.F.);
#6678 = FACE_BOUND('',#6679,.F.);
#6679 = EDGE_LOOP('',(#6680,#6681,#6682,#6683,#6684,#6685,#6686,#6687,
    #6688,#6689,#6690,#6691,#6692,#6693,#6694,#6695,#6696));
#6680 = ORIENTED_EDGE('',*,*,#5881,.F.);
#6681 = ORIENTED_EDGE('',*,*,#5923,.F.);
#6682 = ORIENTED_EDGE('',*,*,#5954,.F.);
#6683 = ORIENTED_EDGE('',*,*,#5987,.F.);
#6684 = ORIENTED_EDGE('',*,*,#6020,.F.);
#6685 = ORIENTED_EDGE('',*,*,#6051,.F.);
#6686 = ORIENTED_EDGE('',*,*,#6082,.F.);
#6687 = ORIENTED_EDGE('',*,*,#6115,.F.);
#6688 = ORIENTED_EDGE('',*,*,#6148,.F.);
#6689 = ORIENTED_EDGE('',*,*,#6181,.F.);
#6690 = ORIENTED_EDGE('',*,*,#6214,.F.);
#6691 = ORIENTED_EDGE('',*,*,#6247,.F.);
#6692 = ORIENTED_EDGE('',*,*,#6280,.F.);
#6693 = ORIENTED_EDGE('',*,*,#6311,.F.);
#6694 = ORIENTED_EDGE('',*,*,#6344,.F.);
#6695 = ORIENTED_EDGE('',*,*,#6377,.F.);
#6696 = ORIENTED_EDGE('',*,*,#6399,.F.);
#6697 = FACE_BOUND('',#6698,.F.);
#6698 = EDGE_LOOP('',(#6699,#6700,#6701,#6702,#6703,#6704,#6705));
#6699 = ORIENTED_EDGE('',*,*,#6432,.F.);
#6700 = ORIENTED_EDGE('',*,*,#6472,.F.);
#6701 = ORIENTED_EDGE('',*,*,#6503,.F.);
#6702 = ORIENTED_EDGE('',*,*,#6534,.F.);
#6703 = ORIENTED_EDGE('',*,*,#6567,.F.);
#6704 = ORIENTED_EDGE('',*,*,#6600,.F.);
#6705 = ORIENTED_EDGE('',*,*,#6624,.F.);
#6706 = PLANE('',#6707);
#6707 = AXIS2_PLACEMENT_3D('',#6708,#6709,#6710);
#6708 = CARTESIAN_POINT('',(-2.717191209015,2.811710596648,9.6));
#6709 = DIRECTION('',(0.,0.,1.));
#6710 = DIRECTION('',(1.,0.,0.));
#6711 = ( GEOMETRIC_REPRESENTATION_CONTEXT(3) 
GLOBAL_UNCERTAINTY_ASSIGNED_CONTEXT((#6715)) 
GLOBAL_UNIT_ASSIGNED_CONTEXT((#6712,#6713,#6714)) REPRESENTATION_CONTEXT
('Context #1','3D Context with UNIT and UNCERTAINTY') );
#6712 = ( LENGTH_UNIT() NAMED_UNIT(*) SI_UNIT(.MILLI.,.METRE.) );
#6713 = ( NAMED_UNIT(*) PLANE_ANGLE_UNIT() SI_UNIT($,.RADIAN.) );
#6714 = ( NAMED_UNIT(*) SI_UNIT($,.STERADIAN.) SOLID_ANGLE_UNIT() );
#6715 = UNCERTAINTY_MEASURE_WITH_UNIT(LENGTH_MEASURE(1.E-07),#6712,
  'distance_accuracy_value','confusion accuracy');
#6716 = CONTEXT_DEPENDENT_SHAPE_REPRESENTATION(#6717,#6719);
#6717 = ( REPRESENTATION_RELATIONSHIP('','',#5864,#10) 
REPRESENTATION_RELATIONSHIP_WITH_TRANSFORMATION(#6718) 
SHAPE_REPRESENTATION_RELATIONSHIP() );
#6718 = ITEM_DEFINED_TRANSFORMATION('','',#11,#19);
#6719 = PRODUCT_DEFINITION_SHAPE('Placement','Placement of an item',
  #6720);
#6720 = NEXT_ASSEMBLY_USAGE_OCCURRENCE('45','Extrude','',#5,#5859,$);
#6721 = PRODUCT_RELATED_PRODUCT_CATEGORY('part',$,(#5861));
#6722 = SHAPE_DEFINITION_REPRESENTATION(#6723,#6729);
#6723 = PRODUCT_DEFINITION_SHAPE('','',#6724);
#6724 = PRODUCT_DEFINITION('design','',#6725,#6728);
#6725 = PRODUCT_DEFINITION_FORMATION('','',#6726);
#6726 = PRODUCT('Extrude001','Extrude001','',(#6727));
#6727 = PRODUCT_CONTEXT('',#2,'mechanical');
#6728 = PRODUCT_DEFINITION_CONTEXT('part definition',#2,'design');
#6729 = SHAPE_REPRESENTATION('',(#11,#6730,#7576,#8626,#9534),#10236);
#6730 = MANIFOLD_SOLID_BREP('',#6731);
#6731 = CLOSED_SHELL('',(#6732,#6774,#6805,#6838,#6871,#6902,#6933,#6966
    ,#6999,#7032,#7065,#7098,#7131,#7162,#7195,#7228,#7259,#7283,#7323,
    #7354,#7385,#7418,#7451,#7484,#7508,#7542));
#6732 = ADVANCED_FACE('',(#6733),#6767,.F.);
#6733 = FACE_BOUND('',#6734,.F.);
#6734 = EDGE_LOOP('',(#6735,#6745,#6753,#6761));
#6735 = ORIENTED_EDGE('',*,*,#6736,.T.);
#6736 = EDGE_CURVE('',#6737,#6739,#6741,.T.);
#6737 = VERTEX_POINT('',#6738);
#6738 = CARTESIAN_POINT('',(-5.010580589614,-5.2,10.));
#6739 = VERTEX_POINT('',#6740);
#6740 = CARTESIAN_POINT('',(-5.010580589614,-5.2,9.6));
#6741 = LINE('',#6742,#6743);
#6742 = CARTESIAN_POINT('',(-5.010580589614,-5.2,10.));
#6743 = VECTOR('',#6744,1.);
#6744 = DIRECTION('',(0.,0.,-1.));
#6745 = ORIENTED_EDGE('',*,*,#6746,.T.);
#6746 = EDGE_CURVE('',#6739,#6747,#6749,.T.);
#6747 = VERTEX_POINT('',#6748);
#6748 = CARTESIAN_POINT('',(-5.087778289911,-5.17009458457,9.6));
#6749 = B_SPLINE_CURVE_WITH_KNOTS('',2,(#6750,#6751,#6752),
  .UNSPECIFIED.,.F.,.F.,(3,3),(0.,1.),.PIECEWISE_BEZIER_KNOTS.);
#6750 = CARTESIAN_POINT('',(-5.010580589614,-5.2,9.6));
#6751 = CARTESIAN_POINT('',(-5.057733779525,-5.2,9.6));
#6752 = CARTESIAN_POINT('',(-5.087778289911,-5.17009458457,9.6));
#6753 = ORIENTED_EDGE('',*,*,#6754,.F.);
#6754 = EDGE_CURVE('',#6755,#6747,#6757,.T.);
#6755 = VERTEX_POINT('',#6756);
#6756 = CARTESIAN_POINT('',(-5.087778289911,-5.17009458457,10.));
#6757 = LINE('',#6758,#6759);
#6758 = CARTESIAN_POINT('',(-5.087778289911,-5.17009458457,10.));
#6759 = VECTOR('',#6760,1.);
#6760 = DIRECTION('',(0.,0.,-1.));
#6761 = ORIENTED_EDGE('',*,*,#6762,.F.);
#6762 = EDGE_CURVE('',#6737,#6755,#6763,.T.);
#6763 = B_SPLINE_CURVE_WITH_KNOTS('',2,(#6764,#6765,#6766),
  .UNSPECIFIED.,.F.,.F.,(3,3),(0.,1.),.PIECEWISE_BEZIER_KNOTS.);
#6764 = CARTESIAN_POINT('',(-5.010580589614,-5.2,10.));
#6765 = CARTESIAN_POINT('',(-5.057733779525,-5.2,10.));
#6766 = CARTESIAN_POINT('',(-5.087778289911,-5.17009458457,10.));
#6767 = SURFACE_OF_LINEAR_EXTRUSION('',#6768,#6772);
#6768 = B_SPLINE_CURVE_WITH_KNOTS('',2,(#6769,#6770,#6771),
  .UNSPECIFIED.,.F.,.F.,(3,3),(0.,1.),.PIECEWISE_BEZIER_KNOTS.);
#6769 = CARTESIAN_POINT('',(-5.010580589614,-5.2,10.));
#6770 = CARTESIAN_POINT('',(-5.057733779525,-5.2,10.));
#6771 = CARTESIAN_POINT('',(-5.087778289911,-5.17009458457,10.));
#6772 = VECTOR('',#6773,1.);
#6773 = DIRECTION('',(-0.,-0.,1.));
#6774 = ADVANCED_FACE('',(#6775),#6800,.F.);
#6775 = FACE_BOUND('',#6776,.F.);
#6776 = EDGE_LOOP('',(#6777,#6787,#6793,#6794));
#6777 = ORIENTED_EDGE('',*,*,#6778,.T.);
#6778 = EDGE_CURVE('',#6779,#6781,#6783,.T.);
#6779 = VERTEX_POINT('',#6780);
#6780 = CARTESIAN_POINT('',(-4.521800916024,-5.2,10.));
#6781 = VERTEX_POINT('',#6782);
#6782 = CARTESIAN_POINT('',(-4.521800916024,-5.2,9.6));
#6783 = LINE('',#6784,#6785);
#6784 = CARTESIAN_POINT('',(-4.521800916024,-5.2,10.));
#6785 = VECTOR('',#6786,1.);
#6786 = DIRECTION('',(0.,0.,-1.));
#6787 = ORIENTED_EDGE('',*,*,#6788,.T.);
#6788 = EDGE_CURVE('',#6781,#6739,#6789,.T.);
#6789 = LINE('',#6790,#6791);
#6790 = CARTESIAN_POINT('',(-4.521800916024,-5.2,9.6));
#6791 = VECTOR('',#6792,1.);
#6792 = DIRECTION('',(-1.,0.,0.));
#6793 = ORIENTED_EDGE('',*,*,#6736,.F.);
#6794 = ORIENTED_EDGE('',*,*,#6795,.F.);
#6795 = EDGE_CURVE('',#6779,#6737,#6796,.T.);
#6796 = LINE('',#6797,#6798);
#6797 = CARTESIAN_POINT('',(-4.521800916024,-5.2,10.));
#6798 = VECTOR('',#6799,1.);
#6799 = DIRECTION('',(-1.,0.,0.));
#6800 = PLANE('',#6801);
#6801 = AXIS2_PLACEMENT_3D('',#6802,#6803,#6804);
#6802 = CARTESIAN_POINT('',(-4.521800916024,-5.2,10.));
#6803 = DIRECTION('',(0.,1.,0.));
#6804 = DIRECTION('',(-1.,0.,0.));
#6805 = ADVANCED_FACE('',(#6806),#6831,.F.);
#6806 = FACE_BOUND('',#6807,.F.);
#6807 = EDGE_LOOP('',(#6808,#6818,#6824,#6825));
#6808 = ORIENTED_EDGE('',*,*,#6809,.T.);
#6809 = EDGE_CURVE('',#6810,#6812,#6814,.T.);
#6810 = VERTEX_POINT('',#6811);
#6811 = CARTESIAN_POINT('',(-4.444603215727,-5.169955489614,10.));
#6812 = VERTEX_POINT('',#6813);
#6813 = CARTESIAN_POINT('',(-4.444603215727,-5.169955489614,9.6));
#6814 = LINE('',#6815,#6816);
#6815 = CARTESIAN_POINT('',(-4.444603215727,-5.169955489614,10.));
#6816 = VECTOR('',#6817,1.);
#6817 = DIRECTION('',(0.,0.,-1.));
#6818 = ORIENTED_EDGE('',*,*,#6819,.T.);
#6819 = EDGE_CURVE('',#6812,#6781,#6820,.T.);
#6820 = B_SPLINE_CURVE_WITH_KNOTS('',2,(#6821,#6822,#6823),
  .UNSPECIFIED.,.F.,.F.,(3,3),(0.,1.),.PIECEWISE_BEZIER_KNOTS.);
#6821 = CARTESIAN_POINT('',(-4.444603215727,-5.169955489614,9.6));
#6822 = CARTESIAN_POINT('',(-4.474647726113,-5.2,9.6));
#6823 = CARTESIAN_POINT('',(-4.521800916024,-5.2,9.6));
#6824 = ORIENTED_EDGE('',*,*,#6778,.F.);
#6825 = ORIENTED_EDGE('',*,*,#6826,.F.);
#6826 = EDGE_CURVE('',#6810,#6779,#6827,.T.);
#6827 = B_SPLINE_CURVE_WITH_KNOTS('',2,(#6828,#6829,#6830),
  .UNSPECIFIED.,.F.,.F.,(3,3),(0.,1.),.PIECEWISE_BEZIER_KNOTS.);
#6828 = CARTESIAN_POINT('',(-4.444603215727,-5.169955489614,10.));
#6829 = CARTESIAN_POINT('',(-4.474647726113,-5.2,10.));
#6830 = CARTESIAN_POINT('',(-4.521800916024,-5.2,10.));
#6831 = SURFACE_OF_LINEAR_EXTRUSION('',#6832,#6836);
#6832 = B_SPLINE_CURVE_WITH_KNOTS('',2,(#6833,#6834,#6835),
  .UNSPECIFIED.,.F.,.F.,(3,3),(0.,1.),.PIECEWISE_BEZIER_KNOTS.);
#6833 = CARTESIAN_POINT('',(-4.444603215727,-5.169955489614,10.));
#6834 = CARTESIAN_POINT('',(-4.474647726113,-5.2,10.));
#6835 = CARTESIAN_POINT('',(-4.521800916024,-5.2,10.));
#6836 = VECTOR('',#6837,1.);
#6837 = DIRECTION('',(-0.,-0.,1.));
#6838 = ADVANCED_FACE('',(#6839),#6864,.F.);
#6839 = FACE_BOUND('',#6840,.F.);
#6840 = EDGE_LOOP('',(#6841,#6851,#6857,#6858));
#6841 = ORIENTED_EDGE('',*,*,#6842,.T.);
#6842 = EDGE_CURVE('',#6843,#6845,#6847,.T.);
#6843 = VERTEX_POINT('',#6844);
#6844 = CARTESIAN_POINT('',(-4.414558705341,-5.092757789318,10.));
#6845 = VERTEX_POINT('',#6846);
#6846 = CARTESIAN_POINT('',(-4.414558705341,-5.092757789318,9.6));
#6847 = LINE('',#6848,#6849);
#6848 = CARTESIAN_POINT('',(-4.414558705341,-5.092757789318,10.));
#6849 = VECTOR('',#6850,1.);
#6850 = DIRECTION('',(0.,0.,-1.));
#6851 = ORIENTED_EDGE('',*,*,#6852,.T.);
#6852 = EDGE_CURVE('',#6845,#6812,#6853,.T.);
#6853 = B_SPLINE_CURVE_WITH_KNOTS('',2,(#6854,#6855,#6856),
  .UNSPECIFIED.,.F.,.F.,(3,3),(0.,1.),.PIECEWISE_BEZIER_KNOTS.);
#6854 = CARTESIAN_POINT('',(-4.414558705341,-5.092757789318,9.6));
#6855 = CARTESIAN_POINT('',(-4.414558705341,-5.139910979228,9.6));
#6856 = CARTESIAN_POINT('',(-4.444603215727,-5.169955489614,9.6));
#6857 = ORIENTED_EDGE('',*,*,#6809,.F.);
#6858 = ORIENTED_EDGE('',*,*,#6859,.F.);
#6859 = EDGE_CURVE('',#6843,#6810,#6860,.T.);
#6860 = B_SPLINE_CURVE_WITH_KNOTS('',2,(#6861,#6862,#6863),
  .UNSPECIFIED.,.F.,.F.,(3,3),(0.,1.),.PIECEWISE_BEZIER_KNOTS.);
#6861 = CARTESIAN_POINT('',(-4.414558705341,-5.092757789318,10.));
#6862 = CARTESIAN_POINT('',(-4.414558705341,-5.139910979228,10.));
#6863 = CARTESIAN_POINT('',(-4.444603215727,-5.169955489614,10.));
#6864 = SURFACE_OF_LINEAR_EXTRUSION('',#6865,#6869);
#6865 = B_SPLINE_CURVE_WITH_KNOTS('',2,(#6866,#6867,#6868),
  .UNSPECIFIED.,.F.,.F.,(3,3),(0.,1.),.PIECEWISE_BEZIER_KNOTS.);
#6866 = CARTESIAN_POINT('',(-4.414558705341,-5.092757789318,10.));
#6867 = CARTESIAN_POINT('',(-4.414558705341,-5.139910979228,10.));
#6868 = CARTESIAN_POINT('',(-4.444603215727,-5.169955489614,10.));
#6869 = VECTOR('',#6870,1.);
#6870 = DIRECTION('',(-0.,-0.,1.));
#6871 = ADVANCED_FACE('',(#6872),#6897,.F.);
#6872 = FACE_BOUND('',#6873,.F.);
#6873 = EDGE_LOOP('',(#6874,#6884,#6890,#6891));
#6874 = ORIENTED_EDGE('',*,*,#6875,.T.);
#6875 = EDGE_CURVE('',#6876,#6878,#6880,.T.);
#6876 = VERTEX_POINT('',#6877);
#6877 = CARTESIAN_POINT('',(-4.414558705341,-4.122848664688,10.));
#6878 = VERTEX_POINT('',#6879);
#6879 = CARTESIAN_POINT('',(-4.414558705341,-4.122848664688,9.6));
#6880 = LINE('',#6881,#6882);
#6881 = CARTESIAN_POINT('',(-4.414558705341,-4.122848664688,10.));
#6882 = VECTOR('',#6883,1.);
#6883 = DIRECTION('',(0.,0.,-1.));
#6884 = ORIENTED_EDGE('',*,*,#6885,.T.);
#6885 = EDGE_CURVE('',#6878,#6845,#6886,.T.);
#6886 = LINE('',#6887,#6888);
#6887 = CARTESIAN_POINT('',(-4.414558705341,-4.122848664688,9.6));
#6888 = VECTOR('',#6889,1.);
#6889 = DIRECTION('',(0.,-1.,0.));
#6890 = ORIENTED_EDGE('',*,*,#6842,.F.);
#6891 = ORIENTED_EDGE('',*,*,#6892,.F.);
#6892 = EDGE_CURVE('',#6876,#6843,#6893,.T.);
#6893 = LINE('',#6894,#6895);
#6894 = CARTESIAN_POINT('',(-4.414558705341,-4.122848664688,10.));
#6895 = VECTOR('',#6896,1.);
#6896 = DIRECTION('',(0.,-1.,0.));
#6897 = PLANE('',#6898);
#6898 = AXIS2_PLACEMENT_3D('',#6899,#6900,#6901);
#6899 = CARTESIAN_POINT('',(-4.414558705341,-4.122848664688,10.));
#6900 = DIRECTION('',(-1.,-0.,-0.));
#6901 = DIRECTION('',(0.,-1.,0.));
#6902 = ADVANCED_FACE('',(#6903),#6928,.F.);
#6903 = FACE_BOUND('',#6904,.F.);
#6904 = EDGE_LOOP('',(#6905,#6915,#6921,#6922));
#6905 = ORIENTED_EDGE('',*,*,#6906,.T.);
#6906 = EDGE_CURVE('',#6907,#6909,#6911,.T.);
#6907 = VERTEX_POINT('',#6908);
#6908 = CARTESIAN_POINT('',(-3.843295723145,-4.122848664688,10.));
#6909 = VERTEX_POINT('',#6910);
#6910 = CARTESIAN_POINT('',(-3.843295723145,-4.122848664688,9.6));
#6911 = LINE('',#6912,#6913);
#6912 = CARTESIAN_POINT('',(-3.843295723145,-4.122848664688,10.));
#6913 = VECTOR('',#6914,1.);
#6914 = DIRECTION('',(0.,0.,-1.));
#6915 = ORIENTED_EDGE('',*,*,#6916,.T.);
#6916 = EDGE_CURVE('',#6909,#6878,#6917,.T.);
#6917 = LINE('',#6918,#6919);
#6918 = CARTESIAN_POINT('',(-3.843295723145,-4.122848664688,9.6));
#6919 = VECTOR('',#6920,1.);
#6920 = DIRECTION('',(-1.,0.,0.));
#6921 = ORIENTED_EDGE('',*,*,#6875,.F.);
#6922 = ORIENTED_EDGE('',*,*,#6923,.F.);
#6923 = EDGE_CURVE('',#6907,#6876,#6924,.T.);
#6924 = LINE('',#6925,#6926);
#6925 = CARTESIAN_POINT('',(-3.843295723145,-4.122848664688,10.));
#6926 = VECTOR('',#6927,1.);
#6927 = DIRECTION('',(-1.,0.,0.));
#6928 = PLANE('',#6929);
#6929 = AXIS2_PLACEMENT_3D('',#6930,#6931,#6932);
#6930 = CARTESIAN_POINT('',(-3.843295723145,-4.122848664688,10.));
#6931 = DIRECTION('',(0.,1.,0.));
#6932 = DIRECTION('',(-1.,0.,0.));
#6933 = ADVANCED_FACE('',(#6934),#6959,.F.);
#6934 = FACE_BOUND('',#6935,.F.);
#6935 = EDGE_LOOP('',(#6936,#6946,#6952,#6953));
#6936 = ORIENTED_EDGE('',*,*,#6937,.T.);
#6937 = EDGE_CURVE('',#6938,#6940,#6942,.T.);
#6938 = VERTEX_POINT('',#6939);
#6939 = CARTESIAN_POINT('',(-3.244631034718,-4.020057492582,10.));
#6940 = VERTEX_POINT('',#6941);
#6941 = CARTESIAN_POINT('',(-3.244631034718,-4.020057492582,9.6));
#6942 = LINE('',#6943,#6944);
#6943 = CARTESIAN_POINT('',(-3.244631034718,-4.020057492582,10.));
#6944 = VECTOR('',#6945,1.);
#6945 = DIRECTION('',(0.,0.,-1.));
#6946 = ORIENTED_EDGE('',*,*,#6947,.T.);
#6947 = EDGE_CURVE('',#6940,#6909,#6948,.T.);
#6948 = B_SPLINE_CURVE_WITH_KNOTS('',2,(#6949,#6950,#6951),
  .UNSPECIFIED.,.F.,.F.,(3,3),(0.,1.),.PIECEWISE_BEZIER_KNOTS.);
#6949 = CARTESIAN_POINT('',(-3.244631034718,-4.020057492582,9.6));
#6950 = CARTESIAN_POINT('',(-3.498201138576,-4.122848664688,9.6));
#6951 = CARTESIAN_POINT('',(-3.843295723145,-4.122848664688,9.6));
#6952 = ORIENTED_EDGE('',*,*,#6906,.F.);
#6953 = ORIENTED_EDGE('',*,*,#6954,.F.);
#6954 = EDGE_CURVE('',#6938,#6907,#6955,.T.);
#6955 = B_SPLINE_CURVE_WITH_KNOTS('',2,(#6956,#6957,#6958),
  .UNSPECIFIED.,.F.,.F.,(3,3),(0.,1.),.PIECEWISE_BEZIER_KNOTS.);
#6956 = CARTESIAN_POINT('',(-3.244631034718,-4.020057492582,10.));
#6957 = CARTESIAN_POINT('',(-3.498201138576,-4.122848664688,10.));
#6958 = CARTESIAN_POINT('',(-3.843295723145,-4.122848664688,10.));
#6959 = SURFACE_OF_LINEAR_EXTRUSION('',#6960,#6964);
#6960 = B_SPLINE_CURVE_WITH_KNOTS('',2,(#6961,#6962,#6963),
  .UNSPECIFIED.,.F.,.F.,(3,3),(0.,1.),.PIECEWISE_BEZIER_KNOTS.);
#6961 = CARTESIAN_POINT('',(-3.244631034718,-4.020057492582,10.));
#6962 = CARTESIAN_POINT('',(-3.498201138576,-4.122848664688,10.));
#6963 = CARTESIAN_POINT('',(-3.843295723145,-4.122848664688,10.));
#6964 = VECTOR('',#6965,1.);
#6965 = DIRECTION('',(-0.,-0.,1.));
#6966 = ADVANCED_FACE('',(#6967),#6992,.F.);
#6967 = FACE_BOUND('',#6968,.F.);
#6968 = EDGE_LOOP('',(#6969,#6979,#6985,#6986));
#6969 = ORIENTED_EDGE('',*,*,#6970,.T.);
#6970 = EDGE_CURVE('',#6971,#6973,#6975,.T.);
#6971 = VERTEX_POINT('',#6972);
#6972 = CARTESIAN_POINT('',(-2.848210411573,-3.705285608309,10.));
#6973 = VERTEX_POINT('',#6974);
#6974 = CARTESIAN_POINT('',(-2.848210411573,-3.705285608309,9.6));
#6975 = LINE('',#6976,#6977);
#6976 = CARTESIAN_POINT('',(-2.848210411573,-3.705285608309,10.));
#6977 = VECTOR('',#6978,1.);
#6978 = DIRECTION('',(0.,0.,-1.));
#6979 = ORIENTED_EDGE('',*,*,#6980,.T.);
#6980 = EDGE_CURVE('',#6973,#6940,#6981,.T.);
#6981 = B_SPLINE_CURVE_WITH_KNOTS('',2,(#6982,#6983,#6984),
  .UNSPECIFIED.,.F.,.F.,(3,3),(0.,1.),.PIECEWISE_BEZIER_KNOTS.);
#6982 = CARTESIAN_POINT('',(-2.848210411573,-3.705285608309,9.6));
#6983 = CARTESIAN_POINT('',(-2.990921835905,-3.917266320475,9.6));
#6984 = CARTESIAN_POINT('',(-3.244631034718,-4.020057492582,9.6));
#6985 = ORIENTED_EDGE('',*,*,#6937,.F.);
#6986 = ORIENTED_EDGE('',*,*,#6987,.F.);
#6987 = EDGE_CURVE('',#6971,#6938,#6988,.T.);
#6988 = B_SPLINE_CURVE_WITH_KNOTS('',2,(#6989,#6990,#6991),
  .UNSPECIFIED.,.F.,.F.,(3,3),(0.,1.),.PIECEWISE_BEZIER_KNOTS.);
#6989 = CARTESIAN_POINT('',(-2.848210411573,-3.705285608309,10.));
#6990 = CARTESIAN_POINT('',(-2.990921835905,-3.917266320475,10.));
#6991 = CARTESIAN_POINT('',(-3.244631034718,-4.020057492582,10.));
#6992 = SURFACE_OF_LINEAR_EXTRUSION('',#6993,#6997);
#6993 = B_SPLINE_CURVE_WITH_KNOTS('',2,(#6994,#6995,#6996),
  .UNSPECIFIED.,.F.,.F.,(3,3),(0.,1.),.PIECEWISE_BEZIER_KNOTS.);
#6994 = CARTESIAN_POINT('',(-2.848210411573,-3.705285608309,10.));
#6995 = CARTESIAN_POINT('',(-2.990921835905,-3.917266320475,10.));
#6996 = CARTESIAN_POINT('',(-3.244631034718,-4.020057492582,10.));
#6997 = VECTOR('',#6998,1.);
#6998 = DIRECTION('',(-0.,-0.,1.));
#6999 = ADVANCED_FACE('',(#7000),#7025,.F.);
#7000 = FACE_BOUND('',#7001,.F.);
#7001 = EDGE_LOOP('',(#7002,#7012,#7018,#7019));
#7002 = ORIENTED_EDGE('',*,*,#7003,.T.);
#7003 = EDGE_CURVE('',#7004,#7006,#7008,.T.);
#7004 = VERTEX_POINT('',#7005);
#7005 = CARTESIAN_POINT('',(-2.705359892285,-3.167961795252,10.));
#7006 = VERTEX_POINT('',#7007);
#7007 = CARTESIAN_POINT('',(-2.705359892285,-3.167961795252,9.6));
#7008 = LINE('',#7009,#7010);
#7009 = CARTESIAN_POINT('',(-2.705359892285,-3.167961795252,10.));
#7010 = VECTOR('',#7011,1.);
#7011 = DIRECTION('',(0.,0.,-1.));
#7012 = ORIENTED_EDGE('',*,*,#7013,.T.);
#7013 = EDGE_CURVE('',#7006,#6973,#7014,.T.);
#7014 = B_SPLINE_CURVE_WITH_KNOTS('',2,(#7015,#7016,#7017),
  .UNSPECIFIED.,.F.,.F.,(3,3),(0.,1.),.PIECEWISE_BEZIER_KNOTS.);
#7015 = CARTESIAN_POINT('',(-2.705359892285,-3.167961795252,9.6));
#7016 = CARTESIAN_POINT('',(-2.705359892285,-3.493304896142,9.6));
#7017 = CARTESIAN_POINT('',(-2.848210411573,-3.705285608309,9.6));
#7018 = ORIENTED_EDGE('',*,*,#6970,.F.);
#7019 = ORIENTED_EDGE('',*,*,#7020,.F.);
#7020 = EDGE_CURVE('',#7004,#6971,#7021,.T.);
#7021 = B_SPLINE_CURVE_WITH_KNOTS('',2,(#7022,#7023,#7024),
  .UNSPECIFIED.,.F.,.F.,(3,3),(0.,1.),.PIECEWISE_BEZIER_KNOTS.);
#7022 = CARTESIAN_POINT('',(-2.705359892285,-3.167961795252,10.));
#7023 = CARTESIAN_POINT('',(-2.705359892285,-3.493304896142,10.));
#7024 = CARTESIAN_POINT('',(-2.848210411573,-3.705285608309,10.));
#7025 = SURFACE_OF_LINEAR_EXTRUSION('',#7026,#7030);
#7026 = B_SPLINE_CURVE_WITH_KNOTS('',2,(#7027,#7028,#7029),
  .UNSPECIFIED.,.F.,.F.,(3,3),(0.,1.),.PIECEWISE_BEZIER_KNOTS.);
#7027 = CARTESIAN_POINT('',(-2.705359892285,-3.167961795252,10.));
#7028 = CARTESIAN_POINT('',(-2.705359892285,-3.493304896142,10.));
#7029 = CARTESIAN_POINT('',(-2.848210411573,-3.705285608309,10.));
#7030 = VECTOR('',#7031,1.);
#7031 = DIRECTION('',(-0.,-0.,1.));
#7032 = ADVANCED_FACE('',(#7033),#7058,.F.);
#7033 = FACE_BOUND('',#7034,.F.);
#7034 = EDGE_LOOP('',(#7035,#7045,#7051,#7052));
#7035 = ORIENTED_EDGE('',*,*,#7036,.T.);
#7036 = EDGE_CURVE('',#7037,#7039,#7041,.T.);
#7037 = VERTEX_POINT('',#7038);
#7038 = CARTESIAN_POINT('',(-2.848349506528,-2.630359792285,10.));
#7039 = VERTEX_POINT('',#7040);
#7040 = CARTESIAN_POINT('',(-2.848349506528,-2.630359792285,9.6));
#7041 = LINE('',#7042,#7043);
#7042 = CARTESIAN_POINT('',(-2.848349506528,-2.630359792285,10.));
#7043 = VECTOR('',#7044,1.);
#7044 = DIRECTION('',(0.,0.,-1.));
#7045 = ORIENTED_EDGE('',*,*,#7046,.T.);
#7046 = EDGE_CURVE('',#7039,#7006,#7047,.T.);
#7047 = B_SPLINE_CURVE_WITH_KNOTS('',2,(#7048,#7049,#7050),
  .UNSPECIFIED.,.F.,.F.,(3,3),(0.,1.),.PIECEWISE_BEZIER_KNOTS.);
#7048 = CARTESIAN_POINT('',(-2.848349506528,-2.630359792285,9.6));
#7049 = CARTESIAN_POINT('',(-2.705359892285,-2.846652448071,9.6));
#7050 = CARTESIAN_POINT('',(-2.705359892285,-3.167961795252,9.6));
#7051 = ORIENTED_EDGE('',*,*,#7003,.F.);
#7052 = ORIENTED_EDGE('',*,*,#7053,.F.);
#7053 = EDGE_CURVE('',#7037,#7004,#7054,.T.);
#7054 = B_SPLINE_CURVE_WITH_KNOTS('',2,(#7055,#7056,#7057),
  .UNSPECIFIED.,.F.,.F.,(3,3),(0.,1.),.PIECEWISE_BEZIER_KNOTS.);
#7055 = CARTESIAN_POINT('',(-2.848349506528,-2.630359792285,10.));
#7056 = CARTESIAN_POINT('',(-2.705359892285,-2.846652448071,10.));
#7057 = CARTESIAN_POINT('',(-2.705359892285,-3.167961795252,10.));
#7058 = SURFACE_OF_LINEAR_EXTRUSION('',#7059,#7063);
#7059 = B_SPLINE_CURVE_WITH_KNOTS('',2,(#7060,#7061,#7062),
  .UNSPECIFIED.,.F.,.F.,(3,3),(0.,1.),.PIECEWISE_BEZIER_KNOTS.);
#7060 = CARTESIAN_POINT('',(-2.848349506528,-2.630359792285,10.));
#7061 = CARTESIAN_POINT('',(-2.705359892285,-2.846652448071,10.));
#7062 = CARTESIAN_POINT('',(-2.705359892285,-3.167961795252,10.));
#7063 = VECTOR('',#7064,1.);
#7064 = DIRECTION('',(-0.,-0.,1.));
#7065 = ADVANCED_FACE('',(#7066),#7091,.F.);
#7066 = FACE_BOUND('',#7067,.F.);
#7067 = EDGE_LOOP('',(#7068,#7078,#7084,#7085));
#7068 = ORIENTED_EDGE('',*,*,#7069,.T.);
#7069 = EDGE_CURVE('',#7070,#7072,#7074,.T.);
#7070 = VERTEX_POINT('',#7071);
#7071 = CARTESIAN_POINT('',(-3.245465604451,-2.307103115727,10.));
#7072 = VERTEX_POINT('',#7073);
#7073 = CARTESIAN_POINT('',(-3.245465604451,-2.307103115727,9.6));
#7074 = LINE('',#7075,#7076);
#7075 = CARTESIAN_POINT('',(-3.245465604451,-2.307103115727,10.));
#7076 = VECTOR('',#7077,1.);
#7077 = DIRECTION('',(0.,0.,-1.));
#7078 = ORIENTED_EDGE('',*,*,#7079,.T.);
#7079 = EDGE_CURVE('',#7072,#7039,#7080,.T.);
#7080 = B_SPLINE_CURVE_WITH_KNOTS('',2,(#7081,#7082,#7083),
  .UNSPECIFIED.,.F.,.F.,(3,3),(0.,1.),.PIECEWISE_BEZIER_KNOTS.);
#7081 = CARTESIAN_POINT('',(-3.245465604451,-2.307103115727,9.6));
#7082 = CARTESIAN_POINT('',(-2.991339120772,-2.414067136499,9.6));
#7083 = CARTESIAN_POINT('',(-2.848349506528,-2.630359792285,9.6));
#7084 = ORIENTED_EDGE('',*,*,#7036,.F.);
#7085 = ORIENTED_EDGE('',*,*,#7086,.F.);
#7086 = EDGE_CURVE('',#7070,#7037,#7087,.T.);
#7087 = B_SPLINE_CURVE_WITH_KNOTS('',2,(#7088,#7089,#7090),
  .UNSPECIFIED.,.F.,.F.,(3,3),(0.,1.),.PIECEWISE_BEZIER_KNOTS.);
#7088 = CARTESIAN_POINT('',(-3.245465604451,-2.307103115727,10.));
#7089 = CARTESIAN_POINT('',(-2.991339120772,-2.414067136499,10.));
#7090 = CARTESIAN_POINT('',(-2.848349506528,-2.630359792285,10.));
#7091 = SURFACE_OF_LINEAR_EXTRUSION('',#7092,#7096);
#7092 = B_SPLINE_CURVE_WITH_KNOTS('',2,(#7093,#7094,#7095),
  .UNSPECIFIED.,.F.,.F.,(3,3),(0.,1.),.PIECEWISE_BEZIER_KNOTS.);
#7093 = CARTESIAN_POINT('',(-3.245465604451,-2.307103115727,10.));
#7094 = CARTESIAN_POINT('',(-2.991339120772,-2.414067136499,10.));
#7095 = CARTESIAN_POINT('',(-2.848349506528,-2.630359792285,10.));
#7096 = VECTOR('',#7097,1.);
#7097 = DIRECTION('',(-0.,-0.,1.));
#7098 = ADVANCED_FACE('',(#7099),#7124,.F.);
#7099 = FACE_BOUND('',#7100,.F.);
#7100 = EDGE_LOOP('',(#7101,#7111,#7117,#7118));
#7101 = ORIENTED_EDGE('',*,*,#7102,.T.);
#7102 = EDGE_CURVE('',#7103,#7105,#7107,.T.);
#7103 = VERTEX_POINT('',#7104);
#7104 = CARTESIAN_POINT('',(-3.845382147478,-2.2,10.));
#7105 = VERTEX_POINT('',#7106);
#7106 = CARTESIAN_POINT('',(-3.845382147478,-2.2,9.6));
#7107 = LINE('',#7108,#7109);
#7108 = CARTESIAN_POINT('',(-3.845382147478,-2.2,10.));
#7109 = VECTOR('',#7110,1.);
#7110 = DIRECTION('',(0.,0.,-1.));
#7111 = ORIENTED_EDGE('',*,*,#7112,.T.);
#7112 = EDGE_CURVE('',#7105,#7072,#7113,.T.);
#7113 = B_SPLINE_CURVE_WITH_KNOTS('',2,(#7114,#7115,#7116),
  .UNSPECIFIED.,.F.,.F.,(3,3),(0.,1.),.PIECEWISE_BEZIER_KNOTS.);
#7114 = CARTESIAN_POINT('',(-3.845382147478,-2.2,9.6));
#7115 = CARTESIAN_POINT('',(-3.499592088131,-2.2,9.6));
#7116 = CARTESIAN_POINT('',(-3.245465604451,-2.307103115727,9.6));
#7117 = ORIENTED_EDGE('',*,*,#7069,.F.);
#7118 = ORIENTED_EDGE('',*,*,#7119,.F.);
#7119 = EDGE_CURVE('',#7103,#7070,#7120,.T.);
#7120 = B_SPLINE_CURVE_WITH_KNOTS('',2,(#7121,#7122,#7123),
  .UNSPECIFIED.,.F.,.F.,(3,3),(0.,1.),.PIECEWISE_BEZIER_KNOTS.);
#7121 = CARTESIAN_POINT('',(-3.845382147478,-2.2,10.));
#7122 = CARTESIAN_POINT('',(-3.499592088131,-2.2,10.));
#7123 = CARTESIAN_POINT('',(-3.245465604451,-2.307103115727,10.));
#7124 = SURFACE_OF_LINEAR_EXTRUSION('',#7125,#7129);
#7125 = B_SPLINE_CURVE_WITH_KNOTS('',2,(#7126,#7127,#7128),
  .UNSPECIFIED.,.F.,.F.,(3,3),(0.,1.),.PIECEWISE_BEZIER_KNOTS.);
#7126 = CARTESIAN_POINT('',(-3.845382147478,-2.2,10.));
#7127 = CARTESIAN_POINT('',(-3.499592088131,-2.2,10.));
#7128 = CARTESIAN_POINT('',(-3.245465604451,-2.307103115727,10.));
#7129 = VECTOR('',#7130,1.);
#7130 = DIRECTION('',(-0.,-0.,1.));
#7131 = ADVANCED_FACE('',(#7132),#7157,.F.);
#7132 = FACE_BOUND('',#7133,.F.);
#7133 = EDGE_LOOP('',(#7134,#7144,#7150,#7151));
#7134 = ORIENTED_EDGE('',*,*,#7135,.T.);
#7135 = EDGE_CURVE('',#7136,#7138,#7140,.T.);
#7136 = VERTEX_POINT('',#7137);
#7137 = CARTESIAN_POINT('',(-5.011136969436,-2.2,10.));
#7138 = VERTEX_POINT('',#7139);
#7139 = CARTESIAN_POINT('',(-5.011136969436,-2.2,9.6));
#7140 = LINE('',#7141,#7142);
#7141 = CARTESIAN_POINT('',(-5.011136969436,-2.2,10.));
#7142 = VECTOR('',#7143,1.);
#7143 = DIRECTION('',(0.,0.,-1.));
#7144 = ORIENTED_EDGE('',*,*,#7145,.T.);
#7145 = EDGE_CURVE('',#7138,#7105,#7146,.T.);
#7146 = LINE('',#7147,#7148);
#7147 = CARTESIAN_POINT('',(-5.011136969436,-2.2,9.6));
#7148 = VECTOR('',#7149,1.);
#7149 = DIRECTION('',(1.,0.,0.));
#7150 = ORIENTED_EDGE('',*,*,#7102,.F.);
#7151 = ORIENTED_EDGE('',*,*,#7152,.F.);
#7152 = EDGE_CURVE('',#7136,#7103,#7153,.T.);
#7153 = LINE('',#7154,#7155);
#7154 = CARTESIAN_POINT('',(-5.011136969436,-2.2,10.));
#7155 = VECTOR('',#7156,1.);
#7156 = DIRECTION('',(1.,0.,0.));
#7157 = PLANE('',#7158);
#7158 = AXIS2_PLACEMENT_3D('',#7159,#7160,#7161);
#7159 = CARTESIAN_POINT('',(-5.011136969436,-2.2,10.));
#7160 = DIRECTION('',(0.,-1.,0.));
#7161 = DIRECTION('',(1.,0.,0.));
#7162 = ADVANCED_FACE('',(#7163),#7188,.F.);
#7163 = FACE_BOUND('',#7164,.F.);
#7164 = EDGE_LOOP('',(#7165,#7175,#7181,#7182));
#7165 = ORIENTED_EDGE('',*,*,#7166,.T.);
#7166 = EDGE_CURVE('',#7167,#7169,#7171,.T.);
#7167 = VERTEX_POINT('',#7168);
#7168 = CARTESIAN_POINT('',(-5.087917384866,-2.230044510386,10.));
#7169 = VERTEX_POINT('',#7170);
#7170 = CARTESIAN_POINT('',(-5.087917384866,-2.230044510386,9.6));
#7171 = LINE('',#7172,#7173);
#7172 = CARTESIAN_POINT('',(-5.087917384866,-2.230044510386,10.));
#7173 = VECTOR('',#7174,1.);
#7174 = DIRECTION('',(0.,0.,-1.));
#7175 = ORIENTED_EDGE('',*,*,#7176,.T.);
#7176 = EDGE_CURVE('',#7169,#7138,#7177,.T.);
#7177 = B_SPLINE_CURVE_WITH_KNOTS('',2,(#7178,#7179,#7180),
  .UNSPECIFIED.,.F.,.F.,(3,3),(0.,1.),.PIECEWISE_BEZIER_KNOTS.);
#7178 = CARTESIAN_POINT('',(-5.087917384866,-2.230044510386,9.6));
#7179 = CARTESIAN_POINT('',(-5.058011969436,-2.2,9.6));
#7180 = CARTESIAN_POINT('',(-5.011136969436,-2.2,9.6));
#7181 = ORIENTED_EDGE('',*,*,#7135,.F.);
#7182 = ORIENTED_EDGE('',*,*,#7183,.F.);
#7183 = EDGE_CURVE('',#7167,#7136,#7184,.T.);
#7184 = B_SPLINE_CURVE_WITH_KNOTS('',2,(#7185,#7186,#7187),
  .UNSPECIFIED.,.F.,.F.,(3,3),(0.,1.),.PIECEWISE_BEZIER_KNOTS.);
#7185 = CARTESIAN_POINT('',(-5.087917384866,-2.230044510386,10.));
#7186 = CARTESIAN_POINT('',(-5.058011969436,-2.2,10.));
#7187 = CARTESIAN_POINT('',(-5.011136969436,-2.2,10.));
#7188 = SURFACE_OF_LINEAR_EXTRUSION('',#7189,#7193);
#7189 = B_SPLINE_CURVE_WITH_KNOTS('',2,(#7190,#7191,#7192),
  .UNSPECIFIED.,.F.,.F.,(3,3),(0.,1.),.PIECEWISE_BEZIER_KNOTS.);
#7190 = CARTESIAN_POINT('',(-5.087917384866,-2.230044510386,10.));
#7191 = CARTESIAN_POINT('',(-5.058011969436,-2.2,10.));
#7192 = CARTESIAN_POINT('',(-5.011136969436,-2.2,10.));
#7193 = VECTOR('',#7194,1.);
#7194 = DIRECTION('',(-0.,-0.,1.));
#7195 = ADVANCED_FACE('',(#7196),#7221,.F.);
#7196 = FACE_BOUND('',#7197,.F.);
#7197 = EDGE_LOOP('',(#7198,#7208,#7214,#7215));
#7198 = ORIENTED_EDGE('',*,*,#7199,.T.);
#7199 = EDGE_CURVE('',#7200,#7202,#7204,.T.);
#7200 = VERTEX_POINT('',#7201);
#7201 = CARTESIAN_POINT('',(-5.117822800297,-2.307103115727,10.));
#7202 = VERTEX_POINT('',#7203);
#7203 = CARTESIAN_POINT('',(-5.117822800297,-2.307103115727,9.6));
#7204 = LINE('',#7205,#7206);
#7205 = CARTESIAN_POINT('',(-5.117822800297,-2.307103115727,10.));
#7206 = VECTOR('',#7207,1.);
#7207 = DIRECTION('',(0.,0.,-1.));
#7208 = ORIENTED_EDGE('',*,*,#7209,.T.);
#7209 = EDGE_CURVE('',#7202,#7169,#7210,.T.);
#7210 = B_SPLINE_CURVE_WITH_KNOTS('',2,(#7211,#7212,#7213),
  .UNSPECIFIED.,.F.,.F.,(3,3),(0.,1.),.PIECEWISE_BEZIER_KNOTS.);
#7211 = CARTESIAN_POINT('',(-5.117822800297,-2.307103115727,9.6));
#7212 = CARTESIAN_POINT('',(-5.117822800297,-2.259949925816,9.6));
#7213 = CARTESIAN_POINT('',(-5.087917384866,-2.230044510386,9.6));
#7214 = ORIENTED_EDGE('',*,*,#7166,.F.);
#7215 = ORIENTED_EDGE('',*,*,#7216,.F.);
#7216 = EDGE_CURVE('',#7200,#7167,#7217,.T.);
#7217 = B_SPLINE_CURVE_WITH_KNOTS('',2,(#7218,#7219,#7220),
  .UNSPECIFIED.,.F.,.F.,(3,3),(0.,1.),.PIECEWISE_BEZIER_KNOTS.);
#7218 = CARTESIAN_POINT('',(-5.117822800297,-2.307103115727,10.));
#7219 = CARTESIAN_POINT('',(-5.117822800297,-2.259949925816,10.));
#7220 = CARTESIAN_POINT('',(-5.087917384866,-2.230044510386,10.));
#7221 = SURFACE_OF_LINEAR_EXTRUSION('',#7222,#7226);
#7222 = B_SPLINE_CURVE_WITH_KNOTS('',2,(#7223,#7224,#7225),
  .UNSPECIFIED.,.F.,.F.,(3,3),(0.,1.),.PIECEWISE_BEZIER_KNOTS.);
#7223 = CARTESIAN_POINT('',(-5.117822800297,-2.307103115727,10.));
#7224 = CARTESIAN_POINT('',(-5.117822800297,-2.259949925816,10.));
#7225 = CARTESIAN_POINT('',(-5.087917384866,-2.230044510386,10.));
#7226 = VECTOR('',#7227,1.);
#7227 = DIRECTION('',(-0.,-0.,1.));
#7228 = ADVANCED_FACE('',(#7229),#7254,.F.);
#7229 = FACE_BOUND('',#7230,.F.);
#7230 = EDGE_LOOP('',(#7231,#7241,#7247,#7248));
#7231 = ORIENTED_EDGE('',*,*,#7232,.T.);
#7232 = EDGE_CURVE('',#7233,#7235,#7237,.T.);
#7233 = VERTEX_POINT('',#7234);
#7234 = CARTESIAN_POINT('',(-5.117822800297,-5.092757789318,10.));
#7235 = VERTEX_POINT('',#7236);
#7236 = CARTESIAN_POINT('',(-5.117822800297,-5.092757789318,9.6));
#7237 = LINE('',#7238,#7239);
#7238 = CARTESIAN_POINT('',(-5.117822800297,-5.092757789318,10.));
#7239 = VECTOR('',#7240,1.);
#7240 = DIRECTION('',(0.,0.,-1.));
#7241 = ORIENTED_EDGE('',*,*,#7242,.T.);
#7242 = EDGE_CURVE('',#7235,#7202,#7243,.T.);
#7243 = LINE('',#7244,#7245);
#7244 = CARTESIAN_POINT('',(-5.117822800297,-5.092757789318,9.6));
#7245 = VECTOR('',#7246,1.);
#7246 = DIRECTION('',(0.,1.,0.));
#7247 = ORIENTED_EDGE('',*,*,#7199,.F.);
#7248 = ORIENTED_EDGE('',*,*,#7249,.F.);
#7249 = EDGE_CURVE('',#7233,#7200,#7250,.T.);
#7250 = LINE('',#7251,#7252);
#7251 = CARTESIAN_POINT('',(-5.117822800297,-5.092757789318,10.));
#7252 = VECTOR('',#7253,1.);
#7253 = DIRECTION('',(0.,1.,0.));
#7254 = PLANE('',#7255);
#7255 = AXIS2_PLACEMENT_3D('',#7256,#7257,#7258);
#7256 = CARTESIAN_POINT('',(-5.117822800297,-5.092757789318,10.));
#7257 = DIRECTION('',(1.,-0.,0.));
#7258 = DIRECTION('',(0.,1.,0.));
#7259 = ADVANCED_FACE('',(#7260),#7276,.F.);
#7260 = FACE_BOUND('',#7261,.F.);
#7261 = EDGE_LOOP('',(#7262,#7263,#7269,#7270));
#7262 = ORIENTED_EDGE('',*,*,#6754,.T.);
#7263 = ORIENTED_EDGE('',*,*,#7264,.T.);
#7264 = EDGE_CURVE('',#6747,#7235,#7265,.T.);
#7265 = B_SPLINE_CURVE_WITH_KNOTS('',2,(#7266,#7267,#7268),
  .UNSPECIFIED.,.F.,.F.,(3,3),(0.,1.),.PIECEWISE_BEZIER_KNOTS.);
#7266 = CARTESIAN_POINT('',(-5.087778289911,-5.17009458457,9.6));
#7267 = CARTESIAN_POINT('',(-5.117822800297,-5.140050074184,9.6));
#7268 = CARTESIAN_POINT('',(-5.117822800297,-5.092757789318,9.6));
#7269 = ORIENTED_EDGE('',*,*,#7232,.F.);
#7270 = ORIENTED_EDGE('',*,*,#7271,.F.);
#7271 = EDGE_CURVE('',#6755,#7233,#7272,.T.);
#7272 = B_SPLINE_CURVE_WITH_KNOTS('',2,(#7273,#7274,#7275),
  .UNSPECIFIED.,.F.,.F.,(3,3),(0.,1.),.PIECEWISE_BEZIER_KNOTS.);
#7273 = CARTESIAN_POINT('',(-5.087778289911,-5.17009458457,10.));
#7274 = CARTESIAN_POINT('',(-5.117822800297,-5.140050074184,10.));
#7275 = CARTESIAN_POINT('',(-5.117822800297,-5.092757789318,10.));
#7276 = SURFACE_OF_LINEAR_EXTRUSION('',#7277,#7281);
#7277 = B_SPLINE_CURVE_WITH_KNOTS('',2,(#7278,#7279,#7280),
  .UNSPECIFIED.,.F.,.F.,(3,3),(0.,1.),.PIECEWISE_BEZIER_KNOTS.);
#7278 = CARTESIAN_POINT('',(-5.087778289911,-5.17009458457,10.));
#7279 = CARTESIAN_POINT('',(-5.117822800297,-5.140050074184,10.));
#7280 = CARTESIAN_POINT('',(-5.117822800297,-5.092757789318,10.));
#7281 = VECTOR('',#7282,1.);
#7282 = DIRECTION('',(-0.,-0.,1.));
#7283 = ADVANCED_FACE('',(#7284),#7318,.F.);
#7284 = FACE_BOUND('',#7285,.F.);
#7285 = EDGE_LOOP('',(#7286,#7296,#7304,#7312));
#7286 = ORIENTED_EDGE('',*,*,#7287,.T.);
#7287 = EDGE_CURVE('',#7288,#7290,#7292,.T.);
#7288 = VERTEX_POINT('',#7289);
#7289 = CARTESIAN_POINT('',(-4.427355441246,-3.588724035608,10.));
#7290 = VERTEX_POINT('',#7291);
#7291 = CARTESIAN_POINT('',(-4.427355441246,-3.588724035608,9.6));
#7292 = LINE('',#7293,#7294);
#7293 = CARTESIAN_POINT('',(-4.427355441246,-3.588724035608,10.));
#7294 = VECTOR('',#7295,1.);
#7295 = DIRECTION('',(0.,0.,-1.));
#7296 = ORIENTED_EDGE('',*,*,#7297,.T.);
#7297 = EDGE_CURVE('',#7290,#7298,#7300,.T.);
#7298 = VERTEX_POINT('',#7299);
#7299 = CARTESIAN_POINT('',(-3.867080960534,-3.588724035608,9.6));
#7300 = LINE('',#7301,#7302);
#7301 = CARTESIAN_POINT('',(-4.427355441246,-3.588724035608,9.6));
#7302 = VECTOR('',#7303,1.);
#7303 = DIRECTION('',(1.,0.,0.));
#7304 = ORIENTED_EDGE('',*,*,#7305,.F.);
#7305 = EDGE_CURVE('',#7306,#7298,#7308,.T.);
#7306 = VERTEX_POINT('',#7307);
#7307 = CARTESIAN_POINT('',(-3.867080960534,-3.588724035608,10.));
#7308 = LINE('',#7309,#7310);
#7309 = CARTESIAN_POINT('',(-3.867080960534,-3.588724035608,10.));
#7310 = VECTOR('',#7311,1.);
#7311 = DIRECTION('',(0.,0.,-1.));
#7312 = ORIENTED_EDGE('',*,*,#7313,.F.);
#7313 = EDGE_CURVE('',#7288,#7306,#7314,.T.);
#7314 = LINE('',#7315,#7316);
#7315 = CARTESIAN_POINT('',(-4.427355441246,-3.588724035608,10.));
#7316 = VECTOR('',#7317,1.);
#7317 = DIRECTION('',(1.,0.,0.));
#7318 = PLANE('',#7319);
#7319 = AXIS2_PLACEMENT_3D('',#7320,#7321,#7322);
#7320 = CARTESIAN_POINT('',(-4.427355441246,-3.588724035608,10.));
#7321 = DIRECTION('',(0.,-1.,0.));
#7322 = DIRECTION('',(1.,0.,0.));
#7323 = ADVANCED_FACE('',(#7324),#7349,.F.);
#7324 = FACE_BOUND('',#7325,.F.);
#7325 = EDGE_LOOP('',(#7326,#7336,#7342,#7343));
#7326 = ORIENTED_EDGE('',*,*,#7327,.T.);
#7327 = EDGE_CURVE('',#7328,#7330,#7332,.T.);
#7328 = VERTEX_POINT('',#7329);
#7329 = CARTESIAN_POINT('',(-4.427355441246,-2.73412462908,10.));
#7330 = VERTEX_POINT('',#7331);
#7331 = CARTESIAN_POINT('',(-4.427355441246,-2.73412462908,9.6));
#7332 = LINE('',#7333,#7334);
#7333 = CARTESIAN_POINT('',(-4.427355441246,-2.73412462908,10.));
#7334 = VECTOR('',#7335,1.);
#7335 = DIRECTION('',(0.,0.,-1.));
#7336 = ORIENTED_EDGE('',*,*,#7337,.T.);
#7337 = EDGE_CURVE('',#7330,#7290,#7338,.T.);
#7338 = LINE('',#7339,#7340);
#7339 = CARTESIAN_POINT('',(-4.427355441246,-2.73412462908,9.6));
#7340 = VECTOR('',#7341,1.);
#7341 = DIRECTION('',(0.,-1.,0.));
#7342 = ORIENTED_EDGE('',*,*,#7287,.F.);
#7343 = ORIENTED_EDGE('',*,*,#7344,.F.);
#7344 = EDGE_CURVE('',#7328,#7288,#7345,.T.);
#7345 = LINE('',#7346,#7347);
#7346 = CARTESIAN_POINT('',(-4.427355441246,-2.73412462908,10.));
#7347 = VECTOR('',#7348,1.);
#7348 = DIRECTION('',(0.,-1.,0.));
#7349 = PLANE('',#7350);
#7350 = AXIS2_PLACEMENT_3D('',#7351,#7352,#7353);
#7351 = CARTESIAN_POINT('',(-4.427355441246,-2.73412462908,10.));
#7352 = DIRECTION('',(-1.,-0.,-0.));
#7353 = DIRECTION('',(0.,-1.,0.));
#7354 = ADVANCED_FACE('',(#7355),#7380,.F.);
#7355 = FACE_BOUND('',#7356,.F.);
#7356 = EDGE_LOOP('',(#7357,#7367,#7373,#7374));
#7357 = ORIENTED_EDGE('',*,*,#7358,.T.);
#7358 = EDGE_CURVE('',#7359,#7361,#7363,.T.);
#7359 = VERTEX_POINT('',#7360);
#7360 = CARTESIAN_POINT('',(-3.867080960534,-2.73412462908,10.));
#7361 = VERTEX_POINT('',#7362);
#7362 = CARTESIAN_POINT('',(-3.867080960534,-2.73412462908,9.6));
#7363 = LINE('',#7364,#7365);
#7364 = CARTESIAN_POINT('',(-3.867080960534,-2.73412462908,10.));
#7365 = VECTOR('',#7366,1.);
#7366 = DIRECTION('',(0.,0.,-1.));
#7367 = ORIENTED_EDGE('',*,*,#7368,.T.);
#7368 = EDGE_CURVE('',#7361,#7330,#7369,.T.);
#7369 = LINE('',#7370,#7371);
#7370 = CARTESIAN_POINT('',(-3.867080960534,-2.73412462908,9.6));
#7371 = VECTOR('',#7372,1.);
#7372 = DIRECTION('',(-1.,0.,0.));
#7373 = ORIENTED_EDGE('',*,*,#7327,.F.);
#7374 = ORIENTED_EDGE('',*,*,#7375,.F.);
#7375 = EDGE_CURVE('',#7359,#7328,#7376,.T.);
#7376 = LINE('',#7377,#7378);
#7377 = CARTESIAN_POINT('',(-3.867080960534,-2.73412462908,10.));
#7378 = VECTOR('',#7379,1.);
#7379 = DIRECTION('',(-1.,0.,0.));
#7380 = PLANE('',#7381);
#7381 = AXIS2_PLACEMENT_3D('',#7382,#7383,#7384);
#7382 = CARTESIAN_POINT('',(-3.867080960534,-2.73412462908,10.));
#7383 = DIRECTION('',(0.,1.,0.));
#7384 = DIRECTION('',(-1.,0.,0.));
#7385 = ADVANCED_FACE('',(#7386),#7411,.F.);
#7386 = FACE_BOUND('',#7387,.F.);
#7387 = EDGE_LOOP('',(#7388,#7398,#7404,#7405));
#7388 = ORIENTED_EDGE('',*,*,#7389,.T.);
#7389 = EDGE_CURVE('',#7390,#7392,#7394,.T.);
#7390 = VERTEX_POINT('',#7391);
#7391 = CARTESIAN_POINT('',(-3.516978957567,-2.853746290801,10.));
#7392 = VERTEX_POINT('',#7393);
#7393 = CARTESIAN_POINT('',(-3.516978957567,-2.853746290801,9.6));
#7394 = LINE('',#7395,#7396);
#7395 = CARTESIAN_POINT('',(-3.516978957567,-2.853746290801,10.));
#7396 = VECTOR('',#7397,1.);
#7397 = DIRECTION('',(0.,0.,-1.));
#7398 = ORIENTED_EDGE('',*,*,#7399,.T.);
#7399 = EDGE_CURVE('',#7392,#7361,#7400,.T.);
#7400 = B_SPLINE_CURVE_WITH_KNOTS('',2,(#7401,#7402,#7403),
  .UNSPECIFIED.,.F.,.F.,(3,3),(0.,1.),.PIECEWISE_BEZIER_KNOTS.);
#7401 = CARTESIAN_POINT('',(-3.516978957567,-2.853746290801,9.6));
#7402 = CARTESIAN_POINT('',(-3.625194832938,-2.73412462908,9.6));
#7403 = CARTESIAN_POINT('',(-3.867080960534,-2.73412462908,9.6));
#7404 = ORIENTED_EDGE('',*,*,#7358,.F.);
#7405 = ORIENTED_EDGE('',*,*,#7406,.F.);
#7406 = EDGE_CURVE('',#7390,#7359,#7407,.T.);
#7407 = B_SPLINE_CURVE_WITH_KNOTS('',2,(#7408,#7409,#7410),
  .UNSPECIFIED.,.F.,.F.,(3,3),(0.,1.),.PIECEWISE_BEZIER_KNOTS.);
#7408 = CARTESIAN_POINT('',(-3.516978957567,-2.853746290801,10.));
#7409 = CARTESIAN_POINT('',(-3.625194832938,-2.73412462908,10.));
#7410 = CARTESIAN_POINT('',(-3.867080960534,-2.73412462908,10.));
#7411 = SURFACE_OF_LINEAR_EXTRUSION('',#7412,#7416);
#7412 = B_SPLINE_CURVE_WITH_KNOTS('',2,(#7413,#7414,#7415),
  .UNSPECIFIED.,.F.,.F.,(3,3),(0.,1.),.PIECEWISE_BEZIER_KNOTS.);
#7413 = CARTESIAN_POINT('',(-3.516978957567,-2.853746290801,10.));
#7414 = CARTESIAN_POINT('',(-3.625194832938,-2.73412462908,10.));
#7415 = CARTESIAN_POINT('',(-3.867080960534,-2.73412462908,10.));
#7416 = VECTOR('',#7417,1.);
#7417 = DIRECTION('',(-0.,-0.,1.));
#7418 = ADVANCED_FACE('',(#7419),#7444,.F.);
#7419 = FACE_BOUND('',#7420,.F.);
#7420 = EDGE_LOOP('',(#7421,#7431,#7437,#7438));
#7421 = ORIENTED_EDGE('',*,*,#7422,.T.);
#7422 = EDGE_CURVE('',#7423,#7425,#7427,.T.);
#7423 = VERTEX_POINT('',#7424);
#7424 = CARTESIAN_POINT('',(-3.40862398724,-3.161424332344,10.));
#7425 = VERTEX_POINT('',#7426);
#7426 = CARTESIAN_POINT('',(-3.40862398724,-3.161424332344,9.6));
#7427 = LINE('',#7428,#7429);
#7428 = CARTESIAN_POINT('',(-3.40862398724,-3.161424332344,10.));
#7429 = VECTOR('',#7430,1.);
#7430 = DIRECTION('',(0.,0.,-1.));
#7431 = ORIENTED_EDGE('',*,*,#7432,.T.);
#7432 = EDGE_CURVE('',#7425,#7392,#7433,.T.);
#7433 = B_SPLINE_CURVE_WITH_KNOTS('',2,(#7434,#7435,#7436),
  .UNSPECIFIED.,.F.,.F.,(3,3),(0.,1.),.PIECEWISE_BEZIER_KNOTS.);
#7434 = CARTESIAN_POINT('',(-3.40862398724,-3.161424332344,9.6));
#7435 = CARTESIAN_POINT('',(-3.40862398724,-2.973367952522,9.6));
#7436 = CARTESIAN_POINT('',(-3.516978957567,-2.853746290801,9.6));
#7437 = ORIENTED_EDGE('',*,*,#7389,.F.);
#7438 = ORIENTED_EDGE('',*,*,#7439,.F.);
#7439 = EDGE_CURVE('',#7423,#7390,#7440,.T.);
#7440 = B_SPLINE_CURVE_WITH_KNOTS('',2,(#7441,#7442,#7443),
  .UNSPECIFIED.,.F.,.F.,(3,3),(0.,1.),.PIECEWISE_BEZIER_KNOTS.);
#7441 = CARTESIAN_POINT('',(-3.40862398724,-3.161424332344,10.));
#7442 = CARTESIAN_POINT('',(-3.40862398724,-2.973367952522,10.));
#7443 = CARTESIAN_POINT('',(-3.516978957567,-2.853746290801,10.));
#7444 = SURFACE_OF_LINEAR_EXTRUSION('',#7445,#7449);
#7445 = B_SPLINE_CURVE_WITH_KNOTS('',2,(#7446,#7447,#7448),
  .UNSPECIFIED.,.F.,.F.,(3,3),(0.,1.),.PIECEWISE_BEZIER_KNOTS.);
#7446 = CARTESIAN_POINT('',(-3.40862398724,-3.161424332344,10.));
#7447 = CARTESIAN_POINT('',(-3.40862398724,-2.973367952522,10.));
#7448 = CARTESIAN_POINT('',(-3.516978957567,-2.853746290801,10.));
#7449 = VECTOR('',#7450,1.);
#7450 = DIRECTION('',(-0.,-0.,1.));
#7451 = ADVANCED_FACE('',(#7452),#7477,.F.);
#7452 = FACE_BOUND('',#7453,.F.);
#7453 = EDGE_LOOP('',(#7454,#7464,#7470,#7471));
#7454 = ORIENTED_EDGE('',*,*,#7455,.T.);
#7455 = EDGE_CURVE('',#7456,#7458,#7460,.T.);
#7456 = VERTEX_POINT('',#7457);
#7457 = CARTESIAN_POINT('',(-3.529636598516,-3.481899109792,10.));
#7458 = VERTEX_POINT('',#7459);
#7459 = CARTESIAN_POINT('',(-3.529636598516,-3.481899109792,9.6));
#7460 = LINE('',#7461,#7462);
#7461 = CARTESIAN_POINT('',(-3.529636598516,-3.481899109792,10.));
#7462 = VECTOR('',#7463,1.);
#7463 = DIRECTION('',(0.,0.,-1.));
#7464 = ORIENTED_EDGE('',*,*,#7465,.T.);
#7465 = EDGE_CURVE('',#7458,#7425,#7466,.T.);
#7466 = B_SPLINE_CURVE_WITH_KNOTS('',2,(#7467,#7468,#7469),
  .UNSPECIFIED.,.F.,.F.,(3,3),(0.,1.),.PIECEWISE_BEZIER_KNOTS.);
#7467 = CARTESIAN_POINT('',(-3.529636598516,-3.481899109792,9.6));
#7468 = CARTESIAN_POINT('',(-3.40862398724,-3.375074183976,9.6));
#7469 = CARTESIAN_POINT('',(-3.40862398724,-3.161424332344,9.6));
#7470 = ORIENTED_EDGE('',*,*,#7422,.F.);
#7471 = ORIENTED_EDGE('',*,*,#7472,.F.);
#7472 = EDGE_CURVE('',#7456,#7423,#7473,.T.);
#7473 = B_SPLINE_CURVE_WITH_KNOTS('',2,(#7474,#7475,#7476),
  .UNSPECIFIED.,.F.,.F.,(3,3),(0.,1.),.PIECEWISE_BEZIER_KNOTS.);
#7474 = CARTESIAN_POINT('',(-3.529636598516,-3.481899109792,10.));
#7475 = CARTESIAN_POINT('',(-3.40862398724,-3.375074183976,10.));
#7476 = CARTESIAN_POINT('',(-3.40862398724,-3.161424332344,10.));
#7477 = SURFACE_OF_LINEAR_EXTRUSION('',#7478,#7482);
#7478 = B_SPLINE_CURVE_WITH_KNOTS('',2,(#7479,#7480,#7481),
  .UNSPECIFIED.,.F.,.F.,(3,3),(0.,1.),.PIECEWISE_BEZIER_KNOTS.);
#7479 = CARTESIAN_POINT('',(-3.529636598516,-3.481899109792,10.));
#7480 = CARTESIAN_POINT('',(-3.40862398724,-3.375074183976,10.));
#7481 = CARTESIAN_POINT('',(-3.40862398724,-3.161424332344,10.));
#7482 = VECTOR('',#7483,1.);
#7483 = DIRECTION('',(-0.,-0.,1.));
#7484 = ADVANCED_FACE('',(#7485),#7501,.F.);
#7485 = FACE_BOUND('',#7486,.F.);
#7486 = EDGE_LOOP('',(#7487,#7488,#7494,#7495));
#7487 = ORIENTED_EDGE('',*,*,#7305,.T.);
#7488 = ORIENTED_EDGE('',*,*,#7489,.T.);
#7489 = EDGE_CURVE('',#7298,#7458,#7490,.T.);
#7490 = B_SPLINE_CURVE_WITH_KNOTS('',2,(#7491,#7492,#7493),
  .UNSPECIFIED.,.F.,.F.,(3,3),(0.,1.),.PIECEWISE_BEZIER_KNOTS.);
#7491 = CARTESIAN_POINT('',(-3.867080960534,-3.588724035608,9.6));
#7492 = CARTESIAN_POINT('',(-3.650510114837,-3.588724035608,9.6));
#7493 = CARTESIAN_POINT('',(-3.529636598516,-3.481899109792,9.6));
#7494 = ORIENTED_EDGE('',*,*,#7455,.F.);
#7495 = ORIENTED_EDGE('',*,*,#7496,.F.);
#7496 = EDGE_CURVE('',#7306,#7456,#7497,.T.);
#7497 = B_SPLINE_CURVE_WITH_KNOTS('',2,(#7498,#7499,#7500),
  .UNSPECIFIED.,.F.,.F.,(3,3),(0.,1.),.PIECEWISE_BEZIER_KNOTS.);
#7498 = CARTESIAN_POINT('',(-3.867080960534,-3.588724035608,10.));
#7499 = CARTESIAN_POINT('',(-3.650510114837,-3.588724035608,10.));
#7500 = CARTESIAN_POINT('',(-3.529636598516,-3.481899109792,10.));
#7501 = SURFACE_OF_LINEAR_EXTRUSION('',#7502,#7506);
#7502 = B_SPLINE_CURVE_WITH_KNOTS('',2,(#7503,#7504,#7505),
  .UNSPECIFIED.,.F.,.F.,(3,3),(0.,1.),.PIECEWISE_BEZIER_KNOTS.);
#7503 = CARTESIAN_POINT('',(-3.867080960534,-3.588724035608,10.));
#7504 = CARTESIAN_POINT('',(-3.650510114837,-3.588724035608,10.));
#7505 = CARTESIAN_POINT('',(-3.529636598516,-3.481899109792,10.));
#7506 = VECTOR('',#7507,1.);
#7507 = DIRECTION('',(-0.,-0.,1.));
#7508 = ADVANCED_FACE('',(#7509,#7528),#7537,.T.);
#7509 = FACE_BOUND('',#7510,.T.);
#7510 = EDGE_LOOP('',(#7511,#7512,#7513,#7514,#7515,#7516,#7517,#7518,
    #7519,#7520,#7521,#7522,#7523,#7524,#7525,#7526,#7527));
#7511 = ORIENTED_EDGE('',*,*,#6762,.F.);
#7512 = ORIENTED_EDGE('',*,*,#6795,.F.);
#7513 = ORIENTED_EDGE('',*,*,#6826,.F.);
#7514 = ORIENTED_EDGE('',*,*,#6859,.F.);
#7515 = ORIENTED_EDGE('',*,*,#6892,.F.);
#7516 = ORIENTED_EDGE('',*,*,#6923,.F.);
#7517 = ORIENTED_EDGE('',*,*,#6954,.F.);
#7518 = ORIENTED_EDGE('',*,*,#6987,.F.);
#7519 = ORIENTED_EDGE('',*,*,#7020,.F.);
#7520 = ORIENTED_EDGE('',*,*,#7053,.F.);
#7521 = ORIENTED_EDGE('',*,*,#7086,.F.);
#7522 = ORIENTED_EDGE('',*,*,#7119,.F.);
#7523 = ORIENTED_EDGE('',*,*,#7152,.F.);
#7524 = ORIENTED_EDGE('',*,*,#7183,.F.);
#7525 = ORIENTED_EDGE('',*,*,#7216,.F.);
#7526 = ORIENTED_EDGE('',*,*,#7249,.F.);
#7527 = ORIENTED_EDGE('',*,*,#7271,.F.);
#7528 = FACE_BOUND('',#7529,.T.);
#7529 = EDGE_LOOP('',(#7530,#7531,#7532,#7533,#7534,#7535,#7536));
#7530 = ORIENTED_EDGE('',*,*,#7313,.F.);
#7531 = ORIENTED_EDGE('',*,*,#7344,.F.);
#7532 = ORIENTED_EDGE('',*,*,#7375,.F.);
#7533 = ORIENTED_EDGE('',*,*,#7406,.F.);
#7534 = ORIENTED_EDGE('',*,*,#7439,.F.);
#7535 = ORIENTED_EDGE('',*,*,#7472,.F.);
#7536 = ORIENTED_EDGE('',*,*,#7496,.F.);
#7537 = PLANE('',#7538);
#7538 = AXIS2_PLACEMENT_3D('',#7539,#7540,#7541);
#7539 = CARTESIAN_POINT('',(-4.141534994602,-3.452144030998,10.));
#7540 = DIRECTION('',(0.,0.,1.));
#7541 = DIRECTION('',(1.,0.,0.));
#7542 = ADVANCED_FACE('',(#7543,#7562),#7571,.F.);
#7543 = FACE_BOUND('',#7544,.F.);
#7544 = EDGE_LOOP('',(#7545,#7546,#7547,#7548,#7549,#7550,#7551,#7552,
    #7553,#7554,#7555,#7556,#7557,#7558,#7559,#7560,#7561));
#7545 = ORIENTED_EDGE('',*,*,#6746,.F.);
#7546 = ORIENTED_EDGE('',*,*,#6788,.F.);
#7547 = ORIENTED_EDGE('',*,*,#6819,.F.);
#7548 = ORIENTED_EDGE('',*,*,#6852,.F.);
#7549 = ORIENTED_EDGE('',*,*,#6885,.F.);
#7550 = ORIENTED_EDGE('',*,*,#6916,.F.);
#7551 = ORIENTED_EDGE('',*,*,#6947,.F.);
#7552 = ORIENTED_EDGE('',*,*,#6980,.F.);
#7553 = ORIENTED_EDGE('',*,*,#7013,.F.);
#7554 = ORIENTED_EDGE('',*,*,#7046,.F.);
#7555 = ORIENTED_EDGE('',*,*,#7079,.F.);
#7556 = ORIENTED_EDGE('',*,*,#7112,.F.);
#7557 = ORIENTED_EDGE('',*,*,#7145,.F.);
#7558 = ORIENTED_EDGE('',*,*,#7176,.F.);
#7559 = ORIENTED_EDGE('',*,*,#7209,.F.);
#7560 = ORIENTED_EDGE('',*,*,#7242,.F.);
#7561 = ORIENTED_EDGE('',*,*,#7264,.F.);
#7562 = FACE_BOUND('',#7563,.F.);
#7563 = EDGE_LOOP('',(#7564,#7565,#7566,#7567,#7568,#7569,#7570));
#7564 = ORIENTED_EDGE('',*,*,#7297,.F.);
#7565 = ORIENTED_EDGE('',*,*,#7337,.F.);
#7566 = ORIENTED_EDGE('',*,*,#7368,.F.);
#7567 = ORIENTED_EDGE('',*,*,#7399,.F.);
#7568 = ORIENTED_EDGE('',*,*,#7432,.F.);
#7569 = ORIENTED_EDGE('',*,*,#7465,.F.);
#7570 = ORIENTED_EDGE('',*,*,#7489,.F.);
#7571 = PLANE('',#7572);
#7572 = AXIS2_PLACEMENT_3D('',#7573,#7574,#7575);
#7573 = CARTESIAN_POINT('',(-4.141534994602,-3.452144030998,9.6));
#7574 = DIRECTION('',(0.,0.,1.));
#7575 = DIRECTION('',(1.,0.,0.));
#7576 = MANIFOLD_SOLID_BREP('',#7577);
#7577 = CLOSED_SHELL('',(#7578,#7620,#7651,#7684,#7717,#7748,#7779,#7810
    ,#7843,#7876,#7907,#7940,#7973,#8006,#8037,#8070,#8103,#8136,#8169,
    #8200,#8233,#8266,#8297,#8321,#8361,#8392,#8423,#8456,#8489,#8522,
    #8546,#8586));
#7578 = ADVANCED_FACE('',(#7579),#7613,.F.);
#7579 = FACE_BOUND('',#7580,.F.);
#7580 = EDGE_LOOP('',(#7581,#7591,#7599,#7607));
#7581 = ORIENTED_EDGE('',*,*,#7582,.T.);
#7582 = EDGE_CURVE('',#7583,#7585,#7587,.T.);
#7583 = VERTEX_POINT('',#7584);
#7584 = CARTESIAN_POINT('',(-2.272635485757,-5.2,10.));
#7585 = VERTEX_POINT('',#7586);
#7586 = CARTESIAN_POINT('',(-2.272635485757,-5.2,9.6));
#7587 = LINE('',#7588,#7589);
#7588 = CARTESIAN_POINT('',(-2.272635485757,-5.2,10.));
#7589 = VECTOR('',#7590,1.);
#7590 = DIRECTION('',(0.,0.,-1.));
#7591 = ORIENTED_EDGE('',*,*,#7592,.T.);
#7592 = EDGE_CURVE('',#7585,#7593,#7595,.T.);
#7593 = VERTEX_POINT('',#7594);
#7594 = CARTESIAN_POINT('',(-2.349276806231,-5.17009458457,9.6));
#7595 = B_SPLINE_CURVE_WITH_KNOTS('',2,(#7596,#7597,#7598),
  .UNSPECIFIED.,.F.,.F.,(3,3),(0.,1.),.PIECEWISE_BEZIER_KNOTS.);
#7596 = CARTESIAN_POINT('',(-2.272635485757,-5.2,9.6));
#7597 = CARTESIAN_POINT('',(-2.319510485757,-5.2,9.6));
#7598 = CARTESIAN_POINT('',(-2.349276806231,-5.17009458457,9.6));
#7599 = ORIENTED_EDGE('',*,*,#7600,.F.);
#7600 = EDGE_CURVE('',#7601,#7593,#7603,.T.);
#7601 = VERTEX_POINT('',#7602);
#7602 = CARTESIAN_POINT('',(-2.349276806231,-5.17009458457,10.));
#7603 = LINE('',#7604,#7605);
#7604 = CARTESIAN_POINT('',(-2.349276806231,-5.17009458457,10.));
#7605 = VECTOR('',#7606,1.);
#7606 = DIRECTION('',(0.,0.,-1.));
#7607 = ORIENTED_EDGE('',*,*,#7608,.F.);
#7608 = EDGE_CURVE('',#7583,#7601,#7609,.T.);
#7609 = B_SPLINE_CURVE_WITH_KNOTS('',2,(#7610,#7611,#7612),
  .UNSPECIFIED.,.F.,.F.,(3,3),(0.,1.),.PIECEWISE_BEZIER_KNOTS.);
#7610 = CARTESIAN_POINT('',(-2.272635485757,-5.2,10.));
#7611 = CARTESIAN_POINT('',(-2.319510485757,-5.2,10.));
#7612 = CARTESIAN_POINT('',(-2.349276806231,-5.17009458457,10.));
#7613 = SURFACE_OF_LINEAR_EXTRUSION('',#7614,#7618);
#7614 = B_SPLINE_CURVE_WITH_KNOTS('',2,(#7615,#7616,#7617),
  .UNSPECIFIED.,.F.,.F.,(3,3),(0.,1.),.PIECEWISE_BEZIER_KNOTS.);
#7615 = CARTESIAN_POINT('',(-2.272635485757,-5.2,10.));
#7616 = CARTESIAN_POINT('',(-2.319510485757,-5.2,10.));
#7617 = CARTESIAN_POINT('',(-2.349276806231,-5.17009458457,10.));
#7618 = VECTOR('',#7619,1.);
#7619 = DIRECTION('',(-0.,-0.,1.));
#7620 = ADVANCED_FACE('',(#7621),#7646,.F.);
#7621 = FACE_BOUND('',#7622,.F.);
#7622 = EDGE_LOOP('',(#7623,#7633,#7639,#7640));
#7623 = ORIENTED_EDGE('',*,*,#7624,.T.);
#7624 = EDGE_CURVE('',#7625,#7627,#7629,.T.);
#7625 = VERTEX_POINT('',#7626);
#7626 = CARTESIAN_POINT('',(-1.808892904154,-5.2,10.));
#7627 = VERTEX_POINT('',#7628);
#7628 = CARTESIAN_POINT('',(-1.808892904154,-5.2,9.6));
#7629 = LINE('',#7630,#7631);
#7630 = CARTESIAN_POINT('',(-1.808892904154,-5.2,10.));
#7631 = VECTOR('',#7632,1.);
#7632 = DIRECTION('',(0.,0.,-1.));
#7633 = ORIENTED_EDGE('',*,*,#7634,.T.);
#7634 = EDGE_CURVE('',#7627,#7585,#7635,.T.);
#7635 = LINE('',#7636,#7637);
#7636 = CARTESIAN_POINT('',(-1.808892904154,-5.2,9.6));
#7637 = VECTOR('',#7638,1.);
#7638 = DIRECTION('',(-1.,0.,0.));
#7639 = ORIENTED_EDGE('',*,*,#7582,.F.);
#7640 = ORIENTED_EDGE('',*,*,#7641,.F.);
#7641 = EDGE_CURVE('',#7625,#7583,#7642,.T.);
#7642 = LINE('',#7643,#7644);
#7643 = CARTESIAN_POINT('',(-1.808892904154,-5.2,10.));
#7644 = VECTOR('',#7645,1.);
#7645 = DIRECTION('',(-1.,0.,0.));
#7646 = PLANE('',#7647);
#7647 = AXIS2_PLACEMENT_3D('',#7648,#7649,#7650);
#7648 = CARTESIAN_POINT('',(-1.808892904154,-5.2,10.));
#7649 = DIRECTION('',(0.,1.,0.));
#7650 = DIRECTION('',(-1.,0.,0.));
#7651 = ADVANCED_FACE('',(#7652),#7677,.F.);
#7652 = FACE_BOUND('',#7653,.F.);
#7653 = EDGE_LOOP('',(#7654,#7664,#7670,#7671));
#7654 = ORIENTED_EDGE('',*,*,#7655,.T.);
#7655 = EDGE_CURVE('',#7656,#7658,#7660,.T.);
#7656 = VERTEX_POINT('',#7657);
#7657 = CARTESIAN_POINT('',(-1.73225158368,-5.17009458457,10.));
#7658 = VERTEX_POINT('',#7659);
#7659 = CARTESIAN_POINT('',(-1.73225158368,-5.17009458457,9.6));
#7660 = LINE('',#7661,#7662);
#7661 = CARTESIAN_POINT('',(-1.73225158368,-5.17009458457,10.));
#7662 = VECTOR('',#7663,1.);
#7663 = DIRECTION('',(0.,0.,-1.));
#7664 = ORIENTED_EDGE('',*,*,#7665,.T.);
#7665 = EDGE_CURVE('',#7658,#7627,#7666,.T.);
#7666 = B_SPLINE_CURVE_WITH_KNOTS('',2,(#7667,#7668,#7669),
  .UNSPECIFIED.,.F.,.F.,(3,3),(0.,1.),.PIECEWISE_BEZIER_KNOTS.);
#7667 = CARTESIAN_POINT('',(-1.73225158368,-5.17009458457,9.6));
#7668 = CARTESIAN_POINT('',(-1.762017904154,-5.2,9.6));
#7669 = CARTESIAN_POINT('',(-1.808892904154,-5.2,9.6));
#7670 = ORIENTED_EDGE('',*,*,#7624,.F.);
#7671 = ORIENTED_EDGE('',*,*,#7672,.F.);
#7672 = EDGE_CURVE('',#7656,#7625,#7673,.T.);
#7673 = B_SPLINE_CURVE_WITH_KNOTS('',2,(#7674,#7675,#7676),
  .UNSPECIFIED.,.F.,.F.,(3,3),(0.,1.),.PIECEWISE_BEZIER_KNOTS.);
#7674 = CARTESIAN_POINT('',(-1.73225158368,-5.17009458457,10.));
#7675 = CARTESIAN_POINT('',(-1.762017904154,-5.2,10.));
#7676 = CARTESIAN_POINT('',(-1.808892904154,-5.2,10.));
#7677 = SURFACE_OF_LINEAR_EXTRUSION('',#7678,#7682);
#7678 = B_SPLINE_CURVE_WITH_KNOTS('',2,(#7679,#7680,#7681),
  .UNSPECIFIED.,.F.,.F.,(3,3),(0.,1.),.PIECEWISE_BEZIER_KNOTS.);
#7679 = CARTESIAN_POINT('',(-1.73225158368,-5.17009458457,10.));
#7680 = CARTESIAN_POINT('',(-1.762017904154,-5.2,10.));
#7681 = CARTESIAN_POINT('',(-1.808892904154,-5.2,10.));
#7682 = VECTOR('',#7683,1.);
#7683 = DIRECTION('',(-0.,-0.,1.));
#7684 = ADVANCED_FACE('',(#7685),#7710,.F.);
#7685 = FACE_BOUND('',#7686,.F.);
#7686 = EDGE_LOOP('',(#7687,#7697,#7703,#7704));
#7687 = ORIENTED_EDGE('',*,*,#7688,.T.);
#7688 = EDGE_CURVE('',#7689,#7691,#7693,.T.);
#7689 = VERTEX_POINT('',#7690);
#7690 = CARTESIAN_POINT('',(-1.702485263205,-5.093035979228,10.));
#7691 = VERTEX_POINT('',#7692);
#7692 = CARTESIAN_POINT('',(-1.702485263205,-5.093035979228,9.6));
#7693 = LINE('',#7694,#7695);
#7694 = CARTESIAN_POINT('',(-1.702485263205,-5.093035979228,10.));
#7695 = VECTOR('',#7696,1.);
#7696 = DIRECTION('',(0.,0.,-1.));
#7697 = ORIENTED_EDGE('',*,*,#7698,.T.);
#7698 = EDGE_CURVE('',#7691,#7658,#7699,.T.);
#7699 = B_SPLINE_CURVE_WITH_KNOTS('',2,(#7700,#7701,#7702),
  .UNSPECIFIED.,.F.,.F.,(3,3),(0.,1.),.PIECEWISE_BEZIER_KNOTS.);
#7700 = CARTESIAN_POINT('',(-1.702485263205,-5.093035979228,9.6));
#7701 = CARTESIAN_POINT('',(-1.702485263205,-5.140189169139,9.6));
#7702 = CARTESIAN_POINT('',(-1.73225158368,-5.17009458457,9.6));
#7703 = ORIENTED_EDGE('',*,*,#7655,.F.);
#7704 = ORIENTED_EDGE('',*,*,#7705,.F.);
#7705 = EDGE_CURVE('',#7689,#7656,#7706,.T.);
#7706 = B_SPLINE_CURVE_WITH_KNOTS('',2,(#7707,#7708,#7709),
  .UNSPECIFIED.,.F.,.F.,(3,3),(0.,1.),.PIECEWISE_BEZIER_KNOTS.);
#7707 = CARTESIAN_POINT('',(-1.702485263205,-5.093035979228,10.));
#7708 = CARTESIAN_POINT('',(-1.702485263205,-5.140189169139,10.));
#7709 = CARTESIAN_POINT('',(-1.73225158368,-5.17009458457,10.));
#7710 = SURFACE_OF_LINEAR_EXTRUSION('',#7711,#7715);
#7711 = B_SPLINE_CURVE_WITH_KNOTS('',2,(#7712,#7713,#7714),
  .UNSPECIFIED.,.F.,.F.,(3,3),(0.,1.),.PIECEWISE_BEZIER_KNOTS.);
#7712 = CARTESIAN_POINT('',(-1.702485263205,-5.093035979228,10.));
#7713 = CARTESIAN_POINT('',(-1.702485263205,-5.140189169139,10.));
#7714 = CARTESIAN_POINT('',(-1.73225158368,-5.17009458457,10.));
#7715 = VECTOR('',#7716,1.);
#7716 = DIRECTION('',(-0.,-0.,1.));
#7717 = ADVANCED_FACE('',(#7718),#7743,.F.);
#7718 = FACE_BOUND('',#7719,.F.);
#7719 = EDGE_LOOP('',(#7720,#7730,#7736,#7737));
#7720 = ORIENTED_EDGE('',*,*,#7721,.T.);
#7721 = EDGE_CURVE('',#7722,#7724,#7726,.T.);
#7722 = VERTEX_POINT('',#7723);
#7723 = CARTESIAN_POINT('',(-1.702485263205,-4.105044510386,10.));
#7724 = VERTEX_POINT('',#7725);
#7725 = CARTESIAN_POINT('',(-1.702485263205,-4.105044510386,9.6));
#7726 = LINE('',#7727,#7728);
#7727 = CARTESIAN_POINT('',(-1.702485263205,-4.105044510386,10.));
#7728 = VECTOR('',#7729,1.);
#7729 = DIRECTION('',(0.,0.,-1.));
#7730 = ORIENTED_EDGE('',*,*,#7731,.T.);
#7731 = EDGE_CURVE('',#7724,#7691,#7732,.T.);
#7732 = LINE('',#7733,#7734);
#7733 = CARTESIAN_POINT('',(-1.702485263205,-4.105044510386,9.6));
#7734 = VECTOR('',#7735,1.);
#7735 = DIRECTION('',(0.,-1.,0.));
#7736 = ORIENTED_EDGE('',*,*,#7688,.F.);
#7737 = ORIENTED_EDGE('',*,*,#7738,.F.);
#7738 = EDGE_CURVE('',#7722,#7689,#7739,.T.);
#7739 = LINE('',#7740,#7741);
#7740 = CARTESIAN_POINT('',(-1.702485263205,-4.105044510386,10.));
#7741 = VECTOR('',#7742,1.);
#7742 = DIRECTION('',(0.,-1.,0.));
#7743 = PLANE('',#7744);
#7744 = AXIS2_PLACEMENT_3D('',#7745,#7746,#7747);
#7745 = CARTESIAN_POINT('',(-1.702485263205,-4.105044510386,10.));
#7746 = DIRECTION('',(-1.,-0.,-0.));
#7747 = DIRECTION('',(0.,-1.,0.));
#7748 = ADVANCED_FACE('',(#7749),#7774,.F.);
#7749 = FACE_BOUND('',#7750,.F.);
#7750 = EDGE_LOOP('',(#7751,#7761,#7767,#7768));
#7751 = ORIENTED_EDGE('',*,*,#7752,.T.);
#7752 = EDGE_CURVE('',#7753,#7755,#7757,.T.);
#7753 = VERTEX_POINT('',#7754);
#7754 = CARTESIAN_POINT('',(-1.186721168249,-4.105044510386,10.));
#7755 = VERTEX_POINT('',#7756);
#7756 = CARTESIAN_POINT('',(-1.186721168249,-4.105044510386,9.6));
#7757 = LINE('',#7758,#7759);
#7758 = CARTESIAN_POINT('',(-1.186721168249,-4.105044510386,10.));
#7759 = VECTOR('',#7760,1.);
#7760 = DIRECTION('',(0.,0.,-1.));
#7761 = ORIENTED_EDGE('',*,*,#7762,.T.);
#7762 = EDGE_CURVE('',#7755,#7724,#7763,.T.);
#7763 = LINE('',#7764,#7765);
#7764 = CARTESIAN_POINT('',(-1.186721168249,-4.105044510386,9.6));
#7765 = VECTOR('',#7766,1.);
#7766 = DIRECTION('',(-1.,0.,0.));
#7767 = ORIENTED_EDGE('',*,*,#7721,.F.);
#7768 = ORIENTED_EDGE('',*,*,#7769,.F.);
#7769 = EDGE_CURVE('',#7753,#7722,#7770,.T.);
#7770 = LINE('',#7771,#7772);
#7771 = CARTESIAN_POINT('',(-1.186721168249,-4.105044510386,10.));
#7772 = VECTOR('',#7773,1.);
#7773 = DIRECTION('',(-1.,0.,0.));
#7774 = PLANE('',#7775);
#7775 = AXIS2_PLACEMENT_3D('',#7776,#7777,#7778);
#7776 = CARTESIAN_POINT('',(-1.186721168249,-4.105044510386,10.));
#7777 = DIRECTION('',(0.,1.,0.));
#7778 = DIRECTION('',(-1.,0.,0.));
#7779 = ADVANCED_FACE('',(#7780),#7805,.F.);
#7780 = FACE_BOUND('',#7781,.F.);
#7781 = EDGE_LOOP('',(#7782,#7792,#7798,#7799));
#7782 = ORIENTED_EDGE('',*,*,#7783,.T.);
#7783 = EDGE_CURVE('',#7784,#7786,#7788,.T.);
#7784 = VERTEX_POINT('',#7785);
#7785 = CARTESIAN_POINT('',(-0.663724135608,-5.084551186944,10.));
#7786 = VERTEX_POINT('',#7787);
#7787 = CARTESIAN_POINT('',(-0.663724135608,-5.084551186944,9.6));
#7788 = LINE('',#7789,#7790);
#7789 = CARTESIAN_POINT('',(-0.663724135608,-5.084551186944,10.));
#7790 = VECTOR('',#7791,1.);
#7791 = DIRECTION('',(0.,0.,-1.));
#7792 = ORIENTED_EDGE('',*,*,#7793,.T.);
#7793 = EDGE_CURVE('',#7786,#7755,#7794,.T.);
#7794 = LINE('',#7795,#7796);
#7795 = CARTESIAN_POINT('',(-0.663724135608,-5.084551186944,9.6));
#7796 = VECTOR('',#7797,1.);
#7797 = DIRECTION('',(-0.47100429513,0.88213091657,0.));
#7798 = ORIENTED_EDGE('',*,*,#7752,.F.);
#7799 = ORIENTED_EDGE('',*,*,#7800,.F.);
#7800 = EDGE_CURVE('',#7784,#7753,#7801,.T.);
#7801 = LINE('',#7802,#7803);
#7802 = CARTESIAN_POINT('',(-0.663724135608,-5.084551186944,10.));
#7803 = VECTOR('',#7804,1.);
#7804 = DIRECTION('',(-0.47100429513,0.88213091657,0.));
#7805 = PLANE('',#7806);
#7806 = AXIS2_PLACEMENT_3D('',#7807,#7808,#7809);
#7807 = CARTESIAN_POINT('',(-0.663724135608,-5.084551186944,10.));
#7808 = DIRECTION('',(0.88213091657,0.47100429513,0.));
#7809 = DIRECTION('',(-0.47100429513,0.88213091657,0.));
#7810 = ADVANCED_FACE('',(#7811),#7836,.F.);
#7811 = FACE_BOUND('',#7812,.F.);
#7812 = EDGE_LOOP('',(#7813,#7823,#7829,#7830));
#7813 = ORIENTED_EDGE('',*,*,#7814,.T.);
#7814 = EDGE_CURVE('',#7815,#7817,#7819,.T.);
#7815 = VERTEX_POINT('',#7816);
#7816 = CARTESIAN_POINT('',(-0.608086153412,-5.159384272997,10.));
#7817 = VERTEX_POINT('',#7818);
#7818 = CARTESIAN_POINT('',(-0.608086153412,-5.159384272997,9.6));
#7819 = LINE('',#7820,#7821);
#7820 = CARTESIAN_POINT('',(-0.608086153412,-5.159384272997,10.));
#7821 = VECTOR('',#7822,1.);
#7822 = DIRECTION('',(0.,0.,-1.));
#7823 = ORIENTED_EDGE('',*,*,#7824,.T.);
#7824 = EDGE_CURVE('',#7817,#7786,#7825,.T.);
#7825 = B_SPLINE_CURVE_WITH_KNOTS('',2,(#7826,#7827,#7828),
  .UNSPECIFIED.,.F.,.F.,(3,3),(0.,1.),.PIECEWISE_BEZIER_KNOTS.);
#7826 = CARTESIAN_POINT('',(-0.608086153412,-5.159384272997,9.6));
#7827 = CARTESIAN_POINT('',(-0.646615456083,-5.118768545994,9.6));
#7828 = CARTESIAN_POINT('',(-0.663724135608,-5.084551186944,9.6));
#7829 = ORIENTED_EDGE('',*,*,#7783,.F.);
#7830 = ORIENTED_EDGE('',*,*,#7831,.F.);
#7831 = EDGE_CURVE('',#7815,#7784,#7832,.T.);
#7832 = B_SPLINE_CURVE_WITH_KNOTS('',2,(#7833,#7834,#7835),
  .UNSPECIFIED.,.F.,.F.,(3,3),(0.,1.),.PIECEWISE_BEZIER_KNOTS.);
#7833 = CARTESIAN_POINT('',(-0.608086153412,-5.159384272997,10.));
#7834 = CARTESIAN_POINT('',(-0.646615456083,-5.118768545994,10.));
#7835 = CARTESIAN_POINT('',(-0.663724135608,-5.084551186944,10.));
#7836 = SURFACE_OF_LINEAR_EXTRUSION('',#7837,#7841);
#7837 = B_SPLINE_CURVE_WITH_KNOTS('',2,(#7838,#7839,#7840),
  .UNSPECIFIED.,.F.,.F.,(3,3),(0.,1.),.PIECEWISE_BEZIER_KNOTS.);
#7838 = CARTESIAN_POINT('',(-0.608086153412,-5.159384272997,10.));
#7839 = CARTESIAN_POINT('',(-0.646615456083,-5.118768545994,10.));
#7840 = CARTESIAN_POINT('',(-0.663724135608,-5.084551186944,10.));
#7841 = VECTOR('',#7842,1.);
#7842 = DIRECTION('',(-0.,-0.,1.));
#7843 = ADVANCED_FACE('',(#7844),#7869,.F.);
#7844 = FACE_BOUND('',#7845,.F.);
#7845 = EDGE_LOOP('',(#7846,#7856,#7862,#7863));
#7846 = ORIENTED_EDGE('',*,*,#7847,.T.);
#7847 = EDGE_CURVE('',#7848,#7850,#7852,.T.);
#7848 = VERTEX_POINT('',#7849);
#7849 = CARTESIAN_POINT('',(-0.492359150445,-5.2,10.));
#7850 = VERTEX_POINT('',#7851);
#7851 = CARTESIAN_POINT('',(-0.492359150445,-5.2,9.6));
#7852 = LINE('',#7853,#7854);
#7853 = CARTESIAN_POINT('',(-0.492359150445,-5.2,10.));
#7854 = VECTOR('',#7855,1.);
#7855 = DIRECTION('',(0.,0.,-1.));
#7856 = ORIENTED_EDGE('',*,*,#7857,.T.);
#7857 = EDGE_CURVE('',#7850,#7817,#7858,.T.);
#7858 = B_SPLINE_CURVE_WITH_KNOTS('',2,(#7859,#7860,#7861),
  .UNSPECIFIED.,.F.,.F.,(3,3),(0.,1.),.PIECEWISE_BEZIER_KNOTS.);
#7859 = CARTESIAN_POINT('',(-0.492359150445,-5.2,9.6));
#7860 = CARTESIAN_POINT('',(-0.569417755786,-5.2,9.6));
#7861 = CARTESIAN_POINT('',(-0.608086153412,-5.159384272997,9.6));
#7862 = ORIENTED_EDGE('',*,*,#7814,.F.);
#7863 = ORIENTED_EDGE('',*,*,#7864,.F.);
#7864 = EDGE_CURVE('',#7848,#7815,#7865,.T.);
#7865 = B_SPLINE_CURVE_WITH_KNOTS('',2,(#7866,#7867,#7868),
  .UNSPECIFIED.,.F.,.F.,(3,3),(0.,1.),.PIECEWISE_BEZIER_KNOTS.);
#7866 = CARTESIAN_POINT('',(-0.492359150445,-5.2,10.));
#7867 = CARTESIAN_POINT('',(-0.569417755786,-5.2,10.));
#7868 = CARTESIAN_POINT('',(-0.608086153412,-5.159384272997,10.));
#7869 = SURFACE_OF_LINEAR_EXTRUSION('',#7870,#7874);
#7870 = B_SPLINE_CURVE_WITH_KNOTS('',2,(#7871,#7872,#7873),
  .UNSPECIFIED.,.F.,.F.,(3,3),(0.,1.),.PIECEWISE_BEZIER_KNOTS.);
#7871 = CARTESIAN_POINT('',(-0.492359150445,-5.2,10.));
#7872 = CARTESIAN_POINT('',(-0.569417755786,-5.2,10.));
#7873 = CARTESIAN_POINT('',(-0.608086153412,-5.159384272997,10.));
#7874 = VECTOR('',#7875,1.);
#7875 = DIRECTION('',(-0.,-0.,1.));
#7876 = ADVANCED_FACE('',(#7877),#7902,.F.);
#7877 = FACE_BOUND('',#7878,.F.);
#7878 = EDGE_LOOP('',(#7879,#7889,#7895,#7896));
#7879 = ORIENTED_EDGE('',*,*,#7880,.T.);
#7880 = EDGE_CURVE('',#7881,#7883,#7885,.T.);
#7881 = VERTEX_POINT('',#7882);
#7882 = CARTESIAN_POINT('',(-1.665440267062E-02,-5.2,10.));
#7883 = VERTEX_POINT('',#7884);
#7884 = CARTESIAN_POINT('',(-1.665440267062E-02,-5.2,9.6));
#7885 = LINE('',#7886,#7887);
#7886 = CARTESIAN_POINT('',(-1.665440267062E-02,-5.2,10.));
#7887 = VECTOR('',#7888,1.);
#7888 = DIRECTION('',(0.,0.,-1.));
#7889 = ORIENTED_EDGE('',*,*,#7890,.T.);
#7890 = EDGE_CURVE('',#7883,#7850,#7891,.T.);
#7891 = LINE('',#7892,#7893);
#7892 = CARTESIAN_POINT('',(-1.665440267062E-02,-5.2,9.6));
#7893 = VECTOR('',#7894,1.);
#7894 = DIRECTION('',(-1.,0.,0.));
#7895 = ORIENTED_EDGE('',*,*,#7847,.F.);
#7896 = ORIENTED_EDGE('',*,*,#7897,.F.);
#7897 = EDGE_CURVE('',#7881,#7848,#7898,.T.);
#7898 = LINE('',#7899,#7900);
#7899 = CARTESIAN_POINT('',(-1.665440267062E-02,-5.2,10.));
#7900 = VECTOR('',#7901,1.);
#7901 = DIRECTION('',(-1.,0.,0.));
#7902 = PLANE('',#7903);
#7903 = AXIS2_PLACEMENT_3D('',#7904,#7905,#7906);
#7904 = CARTESIAN_POINT('',(-1.665440267062E-02,-5.2,10.));
#7905 = DIRECTION('',(0.,1.,0.));
#7906 = DIRECTION('',(-1.,0.,0.));
#7907 = ADVANCED_FACE('',(#7908),#7933,.F.);
#7908 = FACE_BOUND('',#7909,.F.);
#7909 = EDGE_LOOP('',(#7910,#7920,#7926,#7927));
#7910 = ORIENTED_EDGE('',*,*,#7911,.T.);
#7911 = EDGE_CURVE('',#7912,#7914,#7916,.T.);
#7912 = VERTEX_POINT('',#7913);
#7913 = CARTESIAN_POINT('',(4.774656172107E-02,-5.172320103858,10.));
#7914 = VERTEX_POINT('',#7915);
#7915 = CARTESIAN_POINT('',(4.774656172107E-02,-5.172320103858,9.6));
#7916 = LINE('',#7917,#7918);
#7917 = CARTESIAN_POINT('',(4.774656172107E-02,-5.172320103858,10.));
#7918 = VECTOR('',#7919,1.);
#7919 = DIRECTION('',(0.,0.,-1.));
#7920 = ORIENTED_EDGE('',*,*,#7921,.T.);
#7921 = EDGE_CURVE('',#7914,#7883,#7922,.T.);
#7922 = B_SPLINE_CURVE_WITH_KNOTS('',2,(#7923,#7924,#7925),
  .UNSPECIFIED.,.F.,.F.,(3,3),(0.,1.),.PIECEWISE_BEZIER_KNOTS.);
#7923 = CARTESIAN_POINT('',(4.774656172107E-02,-5.172320103858,9.6));
#7924 = CARTESIAN_POINT('',(2.201399495549E-02,-5.2,9.6));
#7925 = CARTESIAN_POINT('',(-1.665440267062E-02,-5.2,9.6));
#7926 = ORIENTED_EDGE('',*,*,#7880,.F.);
#7927 = ORIENTED_EDGE('',*,*,#7928,.F.);
#7928 = EDGE_CURVE('',#7912,#7881,#7929,.T.);
#7929 = B_SPLINE_CURVE_WITH_KNOTS('',2,(#7930,#7931,#7932),
  .UNSPECIFIED.,.F.,.F.,(3,3),(0.,1.),.PIECEWISE_BEZIER_KNOTS.);
#7930 = CARTESIAN_POINT('',(4.774656172107E-02,-5.172320103858,10.));
#7931 = CARTESIAN_POINT('',(2.201399495549E-02,-5.2,10.));
#7932 = CARTESIAN_POINT('',(-1.665440267062E-02,-5.2,10.));
#7933 = SURFACE_OF_LINEAR_EXTRUSION('',#7934,#7938);
#7934 = B_SPLINE_CURVE_WITH_KNOTS('',2,(#7935,#7936,#7937),
  .UNSPECIFIED.,.F.,.F.,(3,3),(0.,1.),.PIECEWISE_BEZIER_KNOTS.);
#7935 = CARTESIAN_POINT('',(4.774656172107E-02,-5.172320103858,10.));
#7936 = CARTESIAN_POINT('',(2.201399495549E-02,-5.2,10.));
#7937 = CARTESIAN_POINT('',(-1.665440267062E-02,-5.2,10.));
#7938 = VECTOR('',#7939,1.);
#7939 = DIRECTION('',(-0.,-0.,1.));
#7940 = ADVANCED_FACE('',(#7941),#7966,.F.);
#7941 = FACE_BOUND('',#7942,.F.);
#7942 = EDGE_LOOP('',(#7943,#7953,#7959,#7960));
#7943 = ORIENTED_EDGE('',*,*,#7944,.T.);
#7944 = EDGE_CURVE('',#7945,#7947,#7949,.T.);
#7945 = VERTEX_POINT('',#7946);
#7946 = CARTESIAN_POINT('',(7.347912848665E-02,-5.110144658754,10.));
#7947 = VERTEX_POINT('',#7948);
#7948 = CARTESIAN_POINT('',(7.347912848665E-02,-5.110144658754,9.6));
#7949 = LINE('',#7950,#7951);
#7950 = CARTESIAN_POINT('',(7.347912848665E-02,-5.110144658754,10.));
#7951 = VECTOR('',#7952,1.);
#7952 = DIRECTION('',(0.,0.,-1.));
#7953 = ORIENTED_EDGE('',*,*,#7954,.T.);
#7954 = EDGE_CURVE('',#7947,#7914,#7955,.T.);
#7955 = B_SPLINE_CURVE_WITH_KNOTS('',2,(#7956,#7957,#7958),
  .UNSPECIFIED.,.F.,.F.,(3,3),(0.,1.),.PIECEWISE_BEZIER_KNOTS.);
#7956 = CARTESIAN_POINT('',(7.347912848665E-02,-5.110144658754,9.6));
#7957 = CARTESIAN_POINT('',(7.347912848665E-02,-5.14450111276,9.6));
#7958 = CARTESIAN_POINT('',(4.774656172107E-02,-5.172320103858,9.6));
#7959 = ORIENTED_EDGE('',*,*,#7911,.F.);
#7960 = ORIENTED_EDGE('',*,*,#7961,.F.);
#7961 = EDGE_CURVE('',#7945,#7912,#7962,.T.);
#7962 = B_SPLINE_CURVE_WITH_KNOTS('',2,(#7963,#7964,#7965),
  .UNSPECIFIED.,.F.,.F.,(3,3),(0.,1.),.PIECEWISE_BEZIER_KNOTS.);
#7963 = CARTESIAN_POINT('',(7.347912848665E-02,-5.110144658754,10.));
#7964 = CARTESIAN_POINT('',(7.347912848665E-02,-5.14450111276,10.));
#7965 = CARTESIAN_POINT('',(4.774656172107E-02,-5.172320103858,10.));
#7966 = SURFACE_OF_LINEAR_EXTRUSION('',#7967,#7971);
#7967 = B_SPLINE_CURVE_WITH_KNOTS('',2,(#7968,#7969,#7970),
  .UNSPECIFIED.,.F.,.F.,(3,3),(0.,1.),.PIECEWISE_BEZIER_KNOTS.);
#7968 = CARTESIAN_POINT('',(7.347912848665E-02,-5.110144658754,10.));
#7969 = CARTESIAN_POINT('',(7.347912848665E-02,-5.14450111276,10.));
#7970 = CARTESIAN_POINT('',(4.774656172107E-02,-5.172320103858,10.));
#7971 = VECTOR('',#7972,1.);
#7972 = DIRECTION('',(-0.,-0.,1.));
#7973 = ADVANCED_FACE('',(#7974),#7999,.F.);
#7974 = FACE_BOUND('',#7975,.F.);
#7975 = EDGE_LOOP('',(#7976,#7986,#7992,#7993));
#7976 = ORIENTED_EDGE('',*,*,#7977,.T.);
#7977 = EDGE_CURVE('',#7978,#7980,#7982,.T.);
#7978 = VERTEX_POINT('',#7979);
#7979 = CARTESIAN_POINT('',(6.040420267062E-02,-5.063130563798,10.));
#7980 = VERTEX_POINT('',#7981);
#7981 = CARTESIAN_POINT('',(6.040420267062E-02,-5.063130563798,9.6));
#7982 = LINE('',#7983,#7984);
#7983 = CARTESIAN_POINT('',(6.040420267062E-02,-5.063130563798,10.));
#7984 = VECTOR('',#7985,1.);
#7985 = DIRECTION('',(0.,0.,-1.));
#7986 = ORIENTED_EDGE('',*,*,#7987,.T.);
#7987 = EDGE_CURVE('',#7980,#7947,#7988,.T.);
#7988 = B_SPLINE_CURVE_WITH_KNOTS('',2,(#7989,#7990,#7991),
  .UNSPECIFIED.,.F.,.F.,(3,3),(0.,1.),.PIECEWISE_BEZIER_KNOTS.);
#7989 = CARTESIAN_POINT('',(6.040420267062E-02,-5.063130563798,9.6));
#7990 = CARTESIAN_POINT('',(7.347912848665E-02,-5.088724035608,9.6));
#7991 = CARTESIAN_POINT('',(7.347912848665E-02,-5.110144658754,9.6));
#7992 = ORIENTED_EDGE('',*,*,#7944,.F.);
#7993 = ORIENTED_EDGE('',*,*,#7994,.F.);
#7994 = EDGE_CURVE('',#7978,#7945,#7995,.T.);
#7995 = B_SPLINE_CURVE_WITH_KNOTS('',2,(#7996,#7997,#7998),
  .UNSPECIFIED.,.F.,.F.,(3,3),(0.,1.),.PIECEWISE_BEZIER_KNOTS.);
#7996 = CARTESIAN_POINT('',(6.040420267062E-02,-5.063130563798,10.));
#7997 = CARTESIAN_POINT('',(7.347912848665E-02,-5.088724035608,10.));
#7998 = CARTESIAN_POINT('',(7.347912848665E-02,-5.110144658754,10.));
#7999 = SURFACE_OF_LINEAR_EXTRUSION('',#8000,#8004);
#8000 = B_SPLINE_CURVE_WITH_KNOTS('',2,(#8001,#8002,#8003),
  .UNSPECIFIED.,.F.,.F.,(3,3),(0.,1.),.PIECEWISE_BEZIER_KNOTS.);
#8001 = CARTESIAN_POINT('',(6.040420267062E-02,-5.063130563798,10.));
#8002 = CARTESIAN_POINT('',(7.347912848665E-02,-5.088724035608,10.));
#8003 = CARTESIAN_POINT('',(7.347912848665E-02,-5.110144658754,10.));
#8004 = VECTOR('',#8005,1.);
#8005 = DIRECTION('',(-0.,-0.,1.));
#8006 = ADVANCED_FACE('',(#8007),#8032,.F.);
#8007 = FACE_BOUND('',#8008,.F.);
#8008 = EDGE_LOOP('',(#8009,#8019,#8025,#8026));
#8009 = ORIENTED_EDGE('',*,*,#8010,.T.);
#8010 = EDGE_CURVE('',#8011,#8013,#8015,.T.);
#8011 = VERTEX_POINT('',#8012);
#8012 = CARTESIAN_POINT('',(-0.546467088131,-3.99390764095,10.));
#8013 = VERTEX_POINT('',#8014);
#8014 = CARTESIAN_POINT('',(-0.546467088131,-3.99390764095,9.6));
#8015 = LINE('',#8016,#8017);
#8016 = CARTESIAN_POINT('',(-0.546467088131,-3.99390764095,10.));
#8017 = VECTOR('',#8018,1.);
#8018 = DIRECTION('',(0.,0.,-1.));
#8019 = ORIENTED_EDGE('',*,*,#8020,.T.);
#8020 = EDGE_CURVE('',#8013,#7980,#8021,.T.);
#8021 = LINE('',#8022,#8023);
#8022 = CARTESIAN_POINT('',(-0.546467088131,-3.99390764095,9.6));
#8023 = VECTOR('',#8024,1.);
#8024 = DIRECTION('',(0.493614770375,-0.869680664651,0.));
#8025 = ORIENTED_EDGE('',*,*,#7977,.F.);
#8026 = ORIENTED_EDGE('',*,*,#8027,.F.);
#8027 = EDGE_CURVE('',#8011,#7978,#8028,.T.);
#8028 = LINE('',#8029,#8030);
#8029 = CARTESIAN_POINT('',(-0.546467088131,-3.99390764095,10.));
#8030 = VECTOR('',#8031,1.);
#8031 = DIRECTION('',(0.493614770375,-0.869680664651,0.));
#8032 = PLANE('',#8033);
#8033 = AXIS2_PLACEMENT_3D('',#8034,#8035,#8036);
#8034 = CARTESIAN_POINT('',(-0.546467088131,-3.99390764095,10.));
#8035 = DIRECTION('',(-0.869680664651,-0.493614770375,-0.));
#8036 = DIRECTION('',(0.493614770375,-0.869680664651,0.));
#8037 = ADVANCED_FACE('',(#8038),#8063,.F.);
#8038 = FACE_BOUND('',#8039,.F.);
#8039 = EDGE_LOOP('',(#8040,#8050,#8056,#8057));
#8040 = ORIENTED_EDGE('',*,*,#8041,.T.);
#8041 = EDGE_CURVE('',#8042,#8044,#8046,.T.);
#8042 = VERTEX_POINT('',#8043);
#8043 = CARTESIAN_POINT('',(-0.143509002077,-3.680665801187,10.));
#8044 = VERTEX_POINT('',#8045);
#8045 = CARTESIAN_POINT('',(-0.143509002077,-3.680665801187,9.6));
#8046 = LINE('',#8047,#8048);
#8047 = CARTESIAN_POINT('',(-0.143509002077,-3.680665801187,10.));
#8048 = VECTOR('',#8049,1.);
#8049 = DIRECTION('',(0.,0.,-1.));
#8050 = ORIENTED_EDGE('',*,*,#8051,.T.);
#8051 = EDGE_CURVE('',#8044,#8013,#8052,.T.);
#8052 = B_SPLINE_CURVE_WITH_KNOTS('',2,(#8053,#8054,#8055),
  .UNSPECIFIED.,.F.,.F.,(3,3),(0.,1.),.PIECEWISE_BEZIER_KNOTS.);
#8053 = CARTESIAN_POINT('',(-0.143509002077,-3.680665801187,9.6));
#8054 = CARTESIAN_POINT('',(-0.29359245905,-3.890977373887,9.6));
#8055 = CARTESIAN_POINT('',(-0.546467088131,-3.99390764095,9.6));
#8056 = ORIENTED_EDGE('',*,*,#8010,.F.);
#8057 = ORIENTED_EDGE('',*,*,#8058,.F.);
#8058 = EDGE_CURVE('',#8042,#8011,#8059,.T.);
#8059 = B_SPLINE_CURVE_WITH_KNOTS('',2,(#8060,#8061,#8062),
  .UNSPECIFIED.,.F.,.F.,(3,3),(0.,1.),.PIECEWISE_BEZIER_KNOTS.);
#8060 = CARTESIAN_POINT('',(-0.143509002077,-3.680665801187,10.));
#8061 = CARTESIAN_POINT('',(-0.29359245905,-3.890977373887,10.));
#8062 = CARTESIAN_POINT('',(-0.546467088131,-3.99390764095,10.));
#8063 = SURFACE_OF_LINEAR_EXTRUSION('',#8064,#8068);
#8064 = B_SPLINE_CURVE_WITH_KNOTS('',2,(#8065,#8066,#8067),
  .UNSPECIFIED.,.F.,.F.,(3,3),(0.,1.),.PIECEWISE_BEZIER_KNOTS.);
#8065 = CARTESIAN_POINT('',(-0.143509002077,-3.680665801187,10.));
#8066 = CARTESIAN_POINT('',(-0.29359245905,-3.890977373887,10.));
#8067 = CARTESIAN_POINT('',(-0.546467088131,-3.99390764095,10.));
#8068 = VECTOR('',#8069,1.);
#8069 = DIRECTION('',(-0.,-0.,1.));
#8070 = ADVANCED_FACE('',(#8071),#8096,.F.);
#8071 = FACE_BOUND('',#8072,.F.);
#8072 = EDGE_LOOP('',(#8073,#8083,#8089,#8090));
#8073 = ORIENTED_EDGE('',*,*,#8074,.T.);
#8074 = EDGE_CURVE('',#8075,#8077,#8079,.T.);
#8075 = VERTEX_POINT('',#8076);
#8076 = CARTESIAN_POINT('',(6.71354985163E-03,-3.156973293769,10.));
#8077 = VERTEX_POINT('',#8078);
#8078 = CARTESIAN_POINT('',(6.71354985163E-03,-3.156973293769,9.6));
#8079 = LINE('',#8080,#8081);
#8080 = CARTESIAN_POINT('',(6.71354985163E-03,-3.156973293769,10.));
#8081 = VECTOR('',#8082,1.);
#8082 = DIRECTION('',(0.,0.,-1.));
#8083 = ORIENTED_EDGE('',*,*,#8084,.T.);
#8084 = EDGE_CURVE('',#8077,#8044,#8085,.T.);
#8085 = B_SPLINE_CURVE_WITH_KNOTS('',2,(#8086,#8087,#8088),
  .UNSPECIFIED.,.F.,.F.,(3,3),(0.,1.),.PIECEWISE_BEZIER_KNOTS.);
#8086 = CARTESIAN_POINT('',(6.71354985163E-03,-3.156973293769,9.6));
#8087 = CARTESIAN_POINT('',(6.71354985163E-03,-3.470215133531,9.6));
#8088 = CARTESIAN_POINT('',(-0.143509002077,-3.680665801187,9.6));
#8089 = ORIENTED_EDGE('',*,*,#8041,.F.);
#8090 = ORIENTED_EDGE('',*,*,#8091,.F.);
#8091 = EDGE_CURVE('',#8075,#8042,#8092,.T.);
#8092 = B_SPLINE_CURVE_WITH_KNOTS('',2,(#8093,#8094,#8095),
  .UNSPECIFIED.,.F.,.F.,(3,3),(0.,1.),.PIECEWISE_BEZIER_KNOTS.);
#8093 = CARTESIAN_POINT('',(6.71354985163E-03,-3.156973293769,10.));
#8094 = CARTESIAN_POINT('',(6.71354985163E-03,-3.470215133531,10.));
#8095 = CARTESIAN_POINT('',(-0.143509002077,-3.680665801187,10.));
#8096 = SURFACE_OF_LINEAR_EXTRUSION('',#8097,#8101);
#8097 = B_SPLINE_CURVE_WITH_KNOTS('',2,(#8098,#8099,#8100),
  .UNSPECIFIED.,.F.,.F.,(3,3),(0.,1.),.PIECEWISE_BEZIER_KNOTS.);
#8098 = CARTESIAN_POINT('',(6.71354985163E-03,-3.156973293769,10.));
#8099 = CARTESIAN_POINT('',(6.71354985163E-03,-3.470215133531,10.));
#8100 = CARTESIAN_POINT('',(-0.143509002077,-3.680665801187,10.));
#8101 = VECTOR('',#8102,1.);
#8102 = DIRECTION('',(-0.,-0.,1.));
#8103 = ADVANCED_FACE('',(#8104),#8129,.F.);
#8104 = FACE_BOUND('',#8105,.F.);
#8105 = EDGE_LOOP('',(#8106,#8116,#8122,#8123));
#8106 = ORIENTED_EDGE('',*,*,#8107,.T.);
#8107 = EDGE_CURVE('',#8108,#8110,#8112,.T.);
#8108 = VERTEX_POINT('',#8109);
#8109 = CARTESIAN_POINT('',(-0.30068630178,-2.446754451039,10.));
#8110 = VERTEX_POINT('',#8111);
#8111 = CARTESIAN_POINT('',(-0.30068630178,-2.446754451039,9.6));
#8112 = LINE('',#8113,#8114);
#8113 = CARTESIAN_POINT('',(-0.30068630178,-2.446754451039,10.));
#8114 = VECTOR('',#8115,1.);
#8115 = DIRECTION('',(0.,0.,-1.));
#8116 = ORIENTED_EDGE('',*,*,#8117,.T.);
#8117 = EDGE_CURVE('',#8110,#8077,#8118,.T.);
#8118 = B_SPLINE_CURVE_WITH_KNOTS('',2,(#8119,#8120,#8121),
  .UNSPECIFIED.,.F.,.F.,(3,3),(0.,1.),.PIECEWISE_BEZIER_KNOTS.);
#8119 = CARTESIAN_POINT('',(-0.30068630178,-2.446754451039,9.6));
#8120 = CARTESIAN_POINT('',(6.71354985163E-03,-2.693508902077,9.6));
#8121 = CARTESIAN_POINT('',(6.71354985163E-03,-3.156973293769,9.6));
#8122 = ORIENTED_EDGE('',*,*,#8074,.F.);
#8123 = ORIENTED_EDGE('',*,*,#8124,.F.);
#8124 = EDGE_CURVE('',#8108,#8075,#8125,.T.);
#8125 = B_SPLINE_CURVE_WITH_KNOTS('',2,(#8126,#8127,#8128),
  .UNSPECIFIED.,.F.,.F.,(3,3),(0.,1.),.PIECEWISE_BEZIER_KNOTS.);
#8126 = CARTESIAN_POINT('',(-0.30068630178,-2.446754451039,10.));
#8127 = CARTESIAN_POINT('',(6.71354985163E-03,-2.693508902077,10.));
#8128 = CARTESIAN_POINT('',(6.71354985163E-03,-3.156973293769,10.));
#8129 = SURFACE_OF_LINEAR_EXTRUSION('',#8130,#8134);
#8130 = B_SPLINE_CURVE_WITH_KNOTS('',2,(#8131,#8132,#8133),
  .UNSPECIFIED.,.F.,.F.,(3,3),(0.,1.),.PIECEWISE_BEZIER_KNOTS.);
#8131 = CARTESIAN_POINT('',(-0.30068630178,-2.446754451039,10.));
#8132 = CARTESIAN_POINT('',(6.71354985163E-03,-2.693508902077,10.));
#8133 = CARTESIAN_POINT('',(6.71354985163E-03,-3.156973293769,10.));
#8134 = VECTOR('',#8135,1.);
#8135 = DIRECTION('',(-0.,-0.,1.));
#8136 = ADVANCED_FACE('',(#8137),#8162,.F.);
#8137 = FACE_BOUND('',#8138,.F.);
#8138 = EDGE_LOOP('',(#8139,#8149,#8155,#8156));
#8139 = ORIENTED_EDGE('',*,*,#8140,.T.);
#8140 = EDGE_CURVE('',#8141,#8143,#8145,.T.);
#8141 = VERTEX_POINT('',#8142);
#8142 = CARTESIAN_POINT('',(-1.14137621276,-2.2,10.));
#8143 = VERTEX_POINT('',#8144);
#8144 = CARTESIAN_POINT('',(-1.14137621276,-2.2,9.6));
#8145 = LINE('',#8146,#8147);
#8146 = CARTESIAN_POINT('',(-1.14137621276,-2.2,10.));
#8147 = VECTOR('',#8148,1.);
#8148 = DIRECTION('',(0.,0.,-1.));
#8149 = ORIENTED_EDGE('',*,*,#8150,.T.);
#8150 = EDGE_CURVE('',#8143,#8110,#8151,.T.);
#8151 = B_SPLINE_CURVE_WITH_KNOTS('',2,(#8152,#8153,#8154),
  .UNSPECIFIED.,.F.,.F.,(3,3),(0.,1.),.PIECEWISE_BEZIER_KNOTS.);
#8152 = CARTESIAN_POINT('',(-1.14137621276,-2.2,9.6));
#8153 = CARTESIAN_POINT('',(-0.607947058457,-2.2,9.6));
#8154 = CARTESIAN_POINT('',(-0.30068630178,-2.446754451039,9.6));
#8155 = ORIENTED_EDGE('',*,*,#8107,.F.);
#8156 = ORIENTED_EDGE('',*,*,#8157,.F.);
#8157 = EDGE_CURVE('',#8141,#8108,#8158,.T.);
#8158 = B_SPLINE_CURVE_WITH_KNOTS('',2,(#8159,#8160,#8161),
  .UNSPECIFIED.,.F.,.F.,(3,3),(0.,1.),.PIECEWISE_BEZIER_KNOTS.);
#8159 = CARTESIAN_POINT('',(-1.14137621276,-2.2,10.));
#8160 = CARTESIAN_POINT('',(-0.607947058457,-2.2,10.));
#8161 = CARTESIAN_POINT('',(-0.30068630178,-2.446754451039,10.));
#8162 = SURFACE_OF_LINEAR_EXTRUSION('',#8163,#8167);
#8163 = B_SPLINE_CURVE_WITH_KNOTS('',2,(#8164,#8165,#8166),
  .UNSPECIFIED.,.F.,.F.,(3,3),(0.,1.),.PIECEWISE_BEZIER_KNOTS.);
#8164 = CARTESIAN_POINT('',(-1.14137621276,-2.2,10.));
#8165 = CARTESIAN_POINT('',(-0.607947058457,-2.2,10.));
#8166 = CARTESIAN_POINT('',(-0.30068630178,-2.446754451039,10.));
#8167 = VECTOR('',#8168,1.);
#8168 = DIRECTION('',(-0.,-0.,1.));
#8169 = ADVANCED_FACE('',(#8170),#8195,.F.);
#8170 = FACE_BOUND('',#8171,.F.);
#8171 = EDGE_LOOP('',(#8172,#8182,#8188,#8189));
#8172 = ORIENTED_EDGE('',*,*,#8173,.T.);
#8173 = EDGE_CURVE('',#8174,#8176,#8178,.T.);
#8174 = VERTEX_POINT('',#8175);
#8175 = CARTESIAN_POINT('',(-2.272357295846,-2.2,10.));
#8176 = VERTEX_POINT('',#8177);
#8177 = CARTESIAN_POINT('',(-2.272357295846,-2.2,9.6));
#8178 = LINE('',#8179,#8180);
#8179 = CARTESIAN_POINT('',(-2.272357295846,-2.2,10.));
#8180 = VECTOR('',#8181,1.);
#8181 = DIRECTION('',(0.,0.,-1.));
#8182 = ORIENTED_EDGE('',*,*,#8183,.T.);
#8183 = EDGE_CURVE('',#8176,#8143,#8184,.T.);
#8184 = LINE('',#8185,#8186);
#8185 = CARTESIAN_POINT('',(-2.272357295846,-2.2,9.6));
#8186 = VECTOR('',#8187,1.);
#8187 = DIRECTION('',(1.,0.,0.));
#8188 = ORIENTED_EDGE('',*,*,#8140,.F.);
#8189 = ORIENTED_EDGE('',*,*,#8190,.F.);
#8190 = EDGE_CURVE('',#8174,#8141,#8191,.T.);
#8191 = LINE('',#8192,#8193);
#8192 = CARTESIAN_POINT('',(-2.272357295846,-2.2,10.));
#8193 = VECTOR('',#8194,1.);
#8194 = DIRECTION('',(1.,0.,0.));
#8195 = PLANE('',#8196);
#8196 = AXIS2_PLACEMENT_3D('',#8197,#8198,#8199);
#8197 = CARTESIAN_POINT('',(-2.272357295846,-2.2,10.));
#8198 = DIRECTION('',(0.,-1.,0.));
#8199 = DIRECTION('',(1.,0.,0.));
#8200 = ADVANCED_FACE('',(#8201),#8226,.F.);
#8201 = FACE_BOUND('',#8202,.F.);
#8202 = EDGE_LOOP('',(#8203,#8213,#8219,#8220));
#8203 = ORIENTED_EDGE('',*,*,#8204,.T.);
#8204 = EDGE_CURVE('',#8205,#8207,#8209,.T.);
#8205 = VERTEX_POINT('',#8206);
#8206 = CARTESIAN_POINT('',(-2.349276806231,-2.230044510386,10.));
#8207 = VERTEX_POINT('',#8208);
#8208 = CARTESIAN_POINT('',(-2.349276806231,-2.230044510386,9.6));
#8209 = LINE('',#8210,#8211);
#8210 = CARTESIAN_POINT('',(-2.349276806231,-2.230044510386,10.));
#8211 = VECTOR('',#8212,1.);
#8212 = DIRECTION('',(0.,0.,-1.));
#8213 = ORIENTED_EDGE('',*,*,#8214,.T.);
#8214 = EDGE_CURVE('',#8207,#8176,#8215,.T.);
#8215 = B_SPLINE_CURVE_WITH_KNOTS('',2,(#8216,#8217,#8218),
  .UNSPECIFIED.,.F.,.F.,(3,3),(0.,1.),.PIECEWISE_BEZIER_KNOTS.);
#8216 = CARTESIAN_POINT('',(-2.349276806231,-2.230044510386,9.6));
#8217 = CARTESIAN_POINT('',(-2.319371390801,-2.2,9.6));
#8218 = CARTESIAN_POINT('',(-2.272357295846,-2.2,9.6));
#8219 = ORIENTED_EDGE('',*,*,#8173,.F.);
#8220 = ORIENTED_EDGE('',*,*,#8221,.F.);
#8221 = EDGE_CURVE('',#8205,#8174,#8222,.T.);
#8222 = B_SPLINE_CURVE_WITH_KNOTS('',2,(#8223,#8224,#8225),
  .UNSPECIFIED.,.F.,.F.,(3,3),(0.,1.),.PIECEWISE_BEZIER_KNOTS.);
#8223 = CARTESIAN_POINT('',(-2.349276806231,-2.230044510386,10.));
#8224 = CARTESIAN_POINT('',(-2.319371390801,-2.2,10.));
#8225 = CARTESIAN_POINT('',(-2.272357295846,-2.2,10.));
#8226 = SURFACE_OF_LINEAR_EXTRUSION('',#8227,#8231);
#8227 = B_SPLINE_CURVE_WITH_KNOTS('',2,(#8228,#8229,#8230),
  .UNSPECIFIED.,.F.,.F.,(3,3),(0.,1.),.PIECEWISE_BEZIER_KNOTS.);
#8228 = CARTESIAN_POINT('',(-2.349276806231,-2.230044510386,10.));
#8229 = CARTESIAN_POINT('',(-2.319371390801,-2.2,10.));
#8230 = CARTESIAN_POINT('',(-2.272357295846,-2.2,10.));
#8231 = VECTOR('',#8232,1.);
#8232 = DIRECTION('',(-0.,-0.,1.));
#8233 = ADVANCED_FACE('',(#8234),#8259,.F.);
#8234 = FACE_BOUND('',#8235,.F.);
#8235 = EDGE_LOOP('',(#8236,#8246,#8252,#8253));
#8236 = ORIENTED_EDGE('',*,*,#8237,.T.);
#8237 = EDGE_CURVE('',#8238,#8240,#8242,.T.);
#8238 = VERTEX_POINT('',#8239);
#8239 = CARTESIAN_POINT('',(-2.379043126706,-2.307103115727,10.));
#8240 = VERTEX_POINT('',#8241);
#8241 = CARTESIAN_POINT('',(-2.379043126706,-2.307103115727,9.6));
#8242 = LINE('',#8243,#8244);
#8243 = CARTESIAN_POINT('',(-2.379043126706,-2.307103115727,10.));
#8244 = VECTOR('',#8245,1.);
#8245 = DIRECTION('',(0.,0.,-1.));
#8246 = ORIENTED_EDGE('',*,*,#8247,.T.);
#8247 = EDGE_CURVE('',#8240,#8207,#8248,.T.);
#8248 = B_SPLINE_CURVE_WITH_KNOTS('',2,(#8249,#8250,#8251),
  .UNSPECIFIED.,.F.,.F.,(3,3),(0.,1.),.PIECEWISE_BEZIER_KNOTS.);
#8249 = CARTESIAN_POINT('',(-2.379043126706,-2.307103115727,9.6));
#8250 = CARTESIAN_POINT('',(-2.379043126706,-2.259949925816,9.6));
#8251 = CARTESIAN_POINT('',(-2.349276806231,-2.230044510386,9.6));
#8252 = ORIENTED_EDGE('',*,*,#8204,.F.);
#8253 = ORIENTED_EDGE('',*,*,#8254,.F.);
#8254 = EDGE_CURVE('',#8238,#8205,#8255,.T.);
#8255 = B_SPLINE_CURVE_WITH_KNOTS('',2,(#8256,#8257,#8258),
  .UNSPECIFIED.,.F.,.F.,(3,3),(0.,1.),.PIECEWISE_BEZIER_KNOTS.);
#8256 = CARTESIAN_POINT('',(-2.379043126706,-2.307103115727,10.));
#8257 = CARTESIAN_POINT('',(-2.379043126706,-2.259949925816,10.));
#8258 = CARTESIAN_POINT('',(-2.349276806231,-2.230044510386,10.));
#8259 = SURFACE_OF_LINEAR_EXTRUSION('',#8260,#8264);
#8260 = B_SPLINE_CURVE_WITH_KNOTS('',2,(#8261,#8262,#8263),
  .UNSPECIFIED.,.F.,.F.,(3,3),(0.,1.),.PIECEWISE_BEZIER_KNOTS.);
#8261 = CARTESIAN_POINT('',(-2.379043126706,-2.307103115727,10.));
#8262 = CARTESIAN_POINT('',(-2.379043126706,-2.259949925816,10.));
#8263 = CARTESIAN_POINT('',(-2.349276806231,-2.230044510386,10.));
#8264 = VECTOR('',#8265,1.);
#8265 = DIRECTION('',(-0.,-0.,1.));
#8266 = ADVANCED_FACE('',(#8267),#8292,.F.);
#8267 = FACE_BOUND('',#8268,.F.);
#8268 = EDGE_LOOP('',(#8269,#8279,#8285,#8286));
#8269 = ORIENTED_EDGE('',*,*,#8270,.T.);
#8270 = EDGE_CURVE('',#8271,#8273,#8275,.T.);
#8271 = VERTEX_POINT('',#8272);
#8272 = CARTESIAN_POINT('',(-2.379043126706,-5.092757789318,10.));
#8273 = VERTEX_POINT('',#8274);
#8274 = CARTESIAN_POINT('',(-2.379043126706,-5.092757789318,9.6));
#8275 = LINE('',#8276,#8277);
#8276 = CARTESIAN_POINT('',(-2.379043126706,-5.092757789318,10.));
#8277 = VECTOR('',#8278,1.);
#8278 = DIRECTION('',(0.,0.,-1.));
#8279 = ORIENTED_EDGE('',*,*,#8280,.T.);
#8280 = EDGE_CURVE('',#8273,#8240,#8281,.T.);
#8281 = LINE('',#8282,#8283);
#8282 = CARTESIAN_POINT('',(-2.379043126706,-5.092757789318,9.6));
#8283 = VECTOR('',#8284,1.);
#8284 = DIRECTION('',(0.,1.,0.));
#8285 = ORIENTED_EDGE('',*,*,#8237,.F.);
#8286 = ORIENTED_EDGE('',*,*,#8287,.F.);
#8287 = EDGE_CURVE('',#8271,#8238,#8288,.T.);
#8288 = LINE('',#8289,#8290);
#8289 = CARTESIAN_POINT('',(-2.379043126706,-5.092757789318,10.));
#8290 = VECTOR('',#8291,1.);
#8291 = DIRECTION('',(0.,1.,0.));
#8292 = PLANE('',#8293);
#8293 = AXIS2_PLACEMENT_3D('',#8294,#8295,#8296);
#8294 = CARTESIAN_POINT('',(-2.379043126706,-5.092757789318,10.));
#8295 = DIRECTION('',(1.,-0.,0.));
#8296 = DIRECTION('',(0.,1.,0.));
#8297 = ADVANCED_FACE('',(#8298),#8314,.F.);
#8298 = FACE_BOUND('',#8299,.F.);
#8299 = EDGE_LOOP('',(#8300,#8301,#8307,#8308));
#8300 = ORIENTED_EDGE('',*,*,#7600,.T.);
#8301 = ORIENTED_EDGE('',*,*,#8302,.T.);
#8302 = EDGE_CURVE('',#7593,#8273,#8303,.T.);
#8303 = B_SPLINE_CURVE_WITH_KNOTS('',2,(#8304,#8305,#8306),
  .UNSPECIFIED.,.F.,.F.,(3,3),(0.,1.),.PIECEWISE_BEZIER_KNOTS.);
#8304 = CARTESIAN_POINT('',(-2.349276806231,-5.17009458457,9.6));
#8305 = CARTESIAN_POINT('',(-2.379043126706,-5.140050074184,9.6));
#8306 = CARTESIAN_POINT('',(-2.379043126706,-5.092757789318,9.6));
#8307 = ORIENTED_EDGE('',*,*,#8270,.F.);
#8308 = ORIENTED_EDGE('',*,*,#8309,.F.);
#8309 = EDGE_CURVE('',#7601,#8271,#8310,.T.);
#8310 = B_SPLINE_CURVE_WITH_KNOTS('',2,(#8311,#8312,#8313),
  .UNSPECIFIED.,.F.,.F.,(3,3),(0.,1.),.PIECEWISE_BEZIER_KNOTS.);
#8311 = CARTESIAN_POINT('',(-2.349276806231,-5.17009458457,10.));
#8312 = CARTESIAN_POINT('',(-2.379043126706,-5.140050074184,10.));
#8313 = CARTESIAN_POINT('',(-2.379043126706,-5.092757789318,10.));
#8314 = SURFACE_OF_LINEAR_EXTRUSION('',#8315,#8319);
#8315 = B_SPLINE_CURVE_WITH_KNOTS('',2,(#8316,#8317,#8318),
  .UNSPECIFIED.,.F.,.F.,(3,3),(0.,1.),.PIECEWISE_BEZIER_KNOTS.);
#8316 = CARTESIAN_POINT('',(-2.349276806231,-5.17009458457,10.));
#8317 = CARTESIAN_POINT('',(-2.379043126706,-5.140050074184,10.));
#8318 = CARTESIAN_POINT('',(-2.379043126706,-5.092757789318,10.));
#8319 = VECTOR('',#8320,1.);
#8320 = DIRECTION('',(-0.,-0.,1.));
#8321 = ADVANCED_FACE('',(#8322),#8356,.F.);
#8322 = FACE_BOUND('',#8323,.F.);
#8323 = EDGE_LOOP('',(#8324,#8334,#8342,#8350));
#8324 = ORIENTED_EDGE('',*,*,#8325,.T.);
#8325 = EDGE_CURVE('',#8326,#8328,#8330,.T.);
#8326 = VERTEX_POINT('',#8327);
#8327 = CARTESIAN_POINT('',(-1.702485263205,-3.562017804154,10.));
#8328 = VERTEX_POINT('',#8329);
#8329 = CARTESIAN_POINT('',(-1.702485263205,-3.562017804154,9.6));
#8330 = LINE('',#8331,#8332);
#8331 = CARTESIAN_POINT('',(-1.702485263205,-3.562017804154,10.));
#8332 = VECTOR('',#8333,1.);
#8333 = DIRECTION('',(0.,0.,-1.));
#8334 = ORIENTED_EDGE('',*,*,#8335,.T.);
#8335 = EDGE_CURVE('',#8328,#8336,#8338,.T.);
#8336 = VERTEX_POINT('',#8337);
#8337 = CARTESIAN_POINT('',(-1.156954847774,-3.562017804154,9.6));
#8338 = LINE('',#8339,#8340);
#8339 = CARTESIAN_POINT('',(-1.702485263205,-3.562017804154,9.6));
#8340 = VECTOR('',#8341,1.);
#8341 = DIRECTION('',(1.,0.,0.));
#8342 = ORIENTED_EDGE('',*,*,#8343,.F.);
#8343 = EDGE_CURVE('',#8344,#8336,#8346,.T.);
#8344 = VERTEX_POINT('',#8345);
#8345 = CARTESIAN_POINT('',(-1.156954847774,-3.562017804154,10.));
#8346 = LINE('',#8347,#8348);
#8347 = CARTESIAN_POINT('',(-1.156954847774,-3.562017804154,10.));
#8348 = VECTOR('',#8349,1.);
#8349 = DIRECTION('',(0.,0.,-1.));
#8350 = ORIENTED_EDGE('',*,*,#8351,.F.);
#8351 = EDGE_CURVE('',#8326,#8344,#8352,.T.);
#8352 = LINE('',#8353,#8354);
#8353 = CARTESIAN_POINT('',(-1.702485263205,-3.562017804154,10.));
#8354 = VECTOR('',#8355,1.);
#8355 = DIRECTION('',(1.,0.,0.));
#8356 = PLANE('',#8357);
#8357 = AXIS2_PLACEMENT_3D('',#8358,#8359,#8360);
#8358 = CARTESIAN_POINT('',(-1.702485263205,-3.562017804154,10.));
#8359 = DIRECTION('',(0.,-1.,0.));
#8360 = DIRECTION('',(1.,0.,0.));
#8361 = ADVANCED_FACE('',(#8362),#8387,.F.);
#8362 = FACE_BOUND('',#8363,.F.);
#8363 = EDGE_LOOP('',(#8364,#8374,#8380,#8381));
#8364 = ORIENTED_EDGE('',*,*,#8365,.T.);
#8365 = EDGE_CURVE('',#8366,#8368,#8370,.T.);
#8366 = VERTEX_POINT('',#8367);
#8367 = CARTESIAN_POINT('',(-1.702485263205,-2.73412462908,10.));
#8368 = VERTEX_POINT('',#8369);
#8369 = CARTESIAN_POINT('',(-1.702485263205,-2.73412462908,9.6));
#8370 = LINE('',#8371,#8372);
#8371 = CARTESIAN_POINT('',(-1.702485263205,-2.73412462908,10.));
#8372 = VECTOR('',#8373,1.);
#8373 = DIRECTION('',(0.,0.,-1.));
#8374 = ORIENTED_EDGE('',*,*,#8375,.T.);
#8375 = EDGE_CURVE('',#8368,#8328,#8376,.T.);
#8376 = LINE('',#8377,#8378);
#8377 = CARTESIAN_POINT('',(-1.702485263205,-2.73412462908,9.6));
#8378 = VECTOR('',#8379,1.);
#8379 = DIRECTION('',(0.,-1.,0.));
#8380 = ORIENTED_EDGE('',*,*,#8325,.F.);
#8381 = ORIENTED_EDGE('',*,*,#8382,.F.);
#8382 = EDGE_CURVE('',#8366,#8326,#8383,.T.);
#8383 = LINE('',#8384,#8385);
#8384 = CARTESIAN_POINT('',(-1.702485263205,-2.73412462908,10.));
#8385 = VECTOR('',#8386,1.);
#8386 = DIRECTION('',(0.,-1.,0.));
#8387 = PLANE('',#8388);
#8388 = AXIS2_PLACEMENT_3D('',#8389,#8390,#8391);
#8389 = CARTESIAN_POINT('',(-1.702485263205,-2.73412462908,10.));
#8390 = DIRECTION('',(-1.,-0.,-0.));
#8391 = DIRECTION('',(0.,-1.,0.));
#8392 = ADVANCED_FACE('',(#8393),#8418,.F.);
#8393 = FACE_BOUND('',#8394,.F.);
#8394 = EDGE_LOOP('',(#8395,#8405,#8411,#8412));
#8395 = ORIENTED_EDGE('',*,*,#8396,.T.);
#8396 = EDGE_CURVE('',#8397,#8399,#8401,.T.);
#8397 = VERTEX_POINT('',#8398);
#8398 = CARTESIAN_POINT('',(-1.156954847774,-2.73412462908,10.));
#8399 = VERTEX_POINT('',#8400);
#8400 = CARTESIAN_POINT('',(-1.156954847774,-2.73412462908,9.6));
#8401 = LINE('',#8402,#8403);
#8402 = CARTESIAN_POINT('',(-1.156954847774,-2.73412462908,10.));
#8403 = VECTOR('',#8404,1.);
#8404 = DIRECTION('',(0.,0.,-1.));
#8405 = ORIENTED_EDGE('',*,*,#8406,.T.);
#8406 = EDGE_CURVE('',#8399,#8368,#8407,.T.);
#8407 = LINE('',#8408,#8409);
#8408 = CARTESIAN_POINT('',(-1.156954847774,-2.73412462908,9.6));
#8409 = VECTOR('',#8410,1.);
#8410 = DIRECTION('',(-1.,0.,0.));
#8411 = ORIENTED_EDGE('',*,*,#8365,.F.);
#8412 = ORIENTED_EDGE('',*,*,#8413,.F.);
#8413 = EDGE_CURVE('',#8397,#8366,#8414,.T.);
#8414 = LINE('',#8415,#8416);
#8415 = CARTESIAN_POINT('',(-1.156954847774,-2.73412462908,10.));
#8416 = VECTOR('',#8417,1.);
#8417 = DIRECTION('',(-1.,0.,0.));
#8418 = PLANE('',#8419);
#8419 = AXIS2_PLACEMENT_3D('',#8420,#8421,#8422);
#8420 = CARTESIAN_POINT('',(-1.156954847774,-2.73412462908,10.));
#8421 = DIRECTION('',(0.,1.,0.));
#8422 = DIRECTION('',(-1.,0.,0.));
#8423 = ADVANCED_FACE('',(#8424),#8449,.F.);
#8424 = FACE_BOUND('',#8425,.F.);
#8425 = EDGE_LOOP('',(#8426,#8436,#8442,#8443));
#8426 = ORIENTED_EDGE('',*,*,#8427,.T.);
#8427 = EDGE_CURVE('',#8428,#8430,#8432,.T.);
#8428 = VERTEX_POINT('',#8429);
#8429 = CARTESIAN_POINT('',(-0.807409224629,-2.846235163205,10.));
#8430 = VERTEX_POINT('',#8431);
#8431 = CARTESIAN_POINT('',(-0.807409224629,-2.846235163205,9.6));
#8432 = LINE('',#8433,#8434);
#8433 = CARTESIAN_POINT('',(-0.807409224629,-2.846235163205,10.));
#8434 = VECTOR('',#8435,1.);
#8435 = DIRECTION('',(0.,0.,-1.));
#8436 = ORIENTED_EDGE('',*,*,#8437,.T.);
#8437 = EDGE_CURVE('',#8430,#8399,#8438,.T.);
#8438 = B_SPLINE_CURVE_WITH_KNOTS('',2,(#8439,#8440,#8441),
  .UNSPECIFIED.,.F.,.F.,(3,3),(0.,1.),.PIECEWISE_BEZIER_KNOTS.);
#8439 = CARTESIAN_POINT('',(-0.807409224629,-2.846235163205,9.6));
#8440 = CARTESIAN_POINT('',(-0.918267904154,-2.73412462908,9.6));
#8441 = CARTESIAN_POINT('',(-1.156954847774,-2.73412462908,9.6));
#8442 = ORIENTED_EDGE('',*,*,#8396,.F.);
#8443 = ORIENTED_EDGE('',*,*,#8444,.F.);
#8444 = EDGE_CURVE('',#8428,#8397,#8445,.T.);
#8445 = B_SPLINE_CURVE_WITH_KNOTS('',2,(#8446,#8447,#8448),
  .UNSPECIFIED.,.F.,.F.,(3,3),(0.,1.),.PIECEWISE_BEZIER_KNOTS.);
#8446 = CARTESIAN_POINT('',(-0.807409224629,-2.846235163205,10.));
#8447 = CARTESIAN_POINT('',(-0.918267904154,-2.73412462908,10.));
#8448 = CARTESIAN_POINT('',(-1.156954847774,-2.73412462908,10.));
#8449 = SURFACE_OF_LINEAR_EXTRUSION('',#8450,#8454);
#8450 = B_SPLINE_CURVE_WITH_KNOTS('',2,(#8451,#8452,#8453),
  .UNSPECIFIED.,.F.,.F.,(3,3),(0.,1.),.PIECEWISE_BEZIER_KNOTS.);
#8451 = CARTESIAN_POINT('',(-0.807409224629,-2.846235163205,10.));
#8452 = CARTESIAN_POINT('',(-0.918267904154,-2.73412462908,10.));
#8453 = CARTESIAN_POINT('',(-1.156954847774,-2.73412462908,10.));
#8454 = VECTOR('',#8455,1.);
#8455 = DIRECTION('',(-0.,-0.,1.));
#8456 = ADVANCED_FACE('',(#8457),#8482,.F.);
#8457 = FACE_BOUND('',#8458,.F.);
#8458 = EDGE_LOOP('',(#8459,#8469,#8475,#8476));
#8459 = ORIENTED_EDGE('',*,*,#8460,.T.);
#8460 = EDGE_CURVE('',#8461,#8463,#8465,.T.);
#8461 = VERTEX_POINT('',#8462);
#8462 = CARTESIAN_POINT('',(-0.696550545104,-3.152383160237,10.));
#8463 = VERTEX_POINT('',#8464);
#8464 = CARTESIAN_POINT('',(-0.696550545104,-3.152383160237,9.6));
#8465 = LINE('',#8466,#8467);
#8466 = CARTESIAN_POINT('',(-0.696550545104,-3.152383160237,10.));
#8467 = VECTOR('',#8468,1.);
#8468 = DIRECTION('',(0.,0.,-1.));
#8469 = ORIENTED_EDGE('',*,*,#8470,.T.);
#8470 = EDGE_CURVE('',#8463,#8430,#8471,.T.);
#8471 = B_SPLINE_CURVE_WITH_KNOTS('',2,(#8472,#8473,#8474),
  .UNSPECIFIED.,.F.,.F.,(3,3),(0.,1.),.PIECEWISE_BEZIER_KNOTS.);
#8472 = CARTESIAN_POINT('',(-0.696550545104,-3.152383160237,9.6));
#8473 = CARTESIAN_POINT('',(-0.696550545104,-2.958345697329,9.6));
#8474 = CARTESIAN_POINT('',(-0.807409224629,-2.846235163205,9.6));
#8475 = ORIENTED_EDGE('',*,*,#8427,.F.);
#8476 = ORIENTED_EDGE('',*,*,#8477,.F.);
#8477 = EDGE_CURVE('',#8461,#8428,#8478,.T.);
#8478 = B_SPLINE_CURVE_WITH_KNOTS('',2,(#8479,#8480,#8481),
  .UNSPECIFIED.,.F.,.F.,(3,3),(0.,1.),.PIECEWISE_BEZIER_KNOTS.);
#8479 = CARTESIAN_POINT('',(-0.696550545104,-3.152383160237,10.));
#8480 = CARTESIAN_POINT('',(-0.696550545104,-2.958345697329,10.));
#8481 = CARTESIAN_POINT('',(-0.807409224629,-2.846235163205,10.));
#8482 = SURFACE_OF_LINEAR_EXTRUSION('',#8483,#8487);
#8483 = B_SPLINE_CURVE_WITH_KNOTS('',2,(#8484,#8485,#8486),
  .UNSPECIFIED.,.F.,.F.,(3,3),(0.,1.),.PIECEWISE_BEZIER_KNOTS.);
#8484 = CARTESIAN_POINT('',(-0.696550545104,-3.152383160237,10.));
#8485 = CARTESIAN_POINT('',(-0.696550545104,-2.958345697329,10.));
#8486 = CARTESIAN_POINT('',(-0.807409224629,-2.846235163205,10.));
#8487 = VECTOR('',#8488,1.);
#8488 = DIRECTION('',(-0.,-0.,1.));
#8489 = ADVANCED_FACE('',(#8490),#8515,.F.);
#8490 = FACE_BOUND('',#8491,.F.);
#8491 = EDGE_LOOP('',(#8492,#8502,#8508,#8509));
#8492 = ORIENTED_EDGE('',*,*,#8493,.T.);
#8493 = EDGE_CURVE('',#8494,#8496,#8498,.T.);
#8494 = VERTEX_POINT('',#8495);
#8495 = CARTESIAN_POINT('',(-0.809495648961,-3.45421921365,10.));
#8496 = VERTEX_POINT('',#8497);
#8497 = CARTESIAN_POINT('',(-0.809495648961,-3.45421921365,9.6));
#8498 = LINE('',#8499,#8500);
#8499 = CARTESIAN_POINT('',(-0.809495648961,-3.45421921365,10.));
#8500 = VECTOR('',#8501,1.);
#8501 = DIRECTION('',(0.,0.,-1.));
#8502 = ORIENTED_EDGE('',*,*,#8503,.T.);
#8503 = EDGE_CURVE('',#8496,#8463,#8504,.T.);
#8504 = B_SPLINE_CURVE_WITH_KNOTS('',2,(#8505,#8506,#8507),
  .UNSPECIFIED.,.F.,.F.,(3,3),(0.,1.),.PIECEWISE_BEZIER_KNOTS.);
#8505 = CARTESIAN_POINT('',(-0.809495648961,-3.45421921365,9.6));
#8506 = CARTESIAN_POINT('',(-0.696550545104,-3.346420623145,9.6));
#8507 = CARTESIAN_POINT('',(-0.696550545104,-3.152383160237,9.6));
#8508 = ORIENTED_EDGE('',*,*,#8460,.F.);
#8509 = ORIENTED_EDGE('',*,*,#8510,.F.);
#8510 = EDGE_CURVE('',#8494,#8461,#8511,.T.);
#8511 = B_SPLINE_CURVE_WITH_KNOTS('',2,(#8512,#8513,#8514),
  .UNSPECIFIED.,.F.,.F.,(3,3),(0.,1.),.PIECEWISE_BEZIER_KNOTS.);
#8512 = CARTESIAN_POINT('',(-0.809495648961,-3.45421921365,10.));
#8513 = CARTESIAN_POINT('',(-0.696550545104,-3.346420623145,10.));
#8514 = CARTESIAN_POINT('',(-0.696550545104,-3.152383160237,10.));
#8515 = SURFACE_OF_LINEAR_EXTRUSION('',#8516,#8520);
#8516 = B_SPLINE_CURVE_WITH_KNOTS('',2,(#8517,#8518,#8519),
  .UNSPECIFIED.,.F.,.F.,(3,3),(0.,1.),.PIECEWISE_BEZIER_KNOTS.);
#8517 = CARTESIAN_POINT('',(-0.809495648961,-3.45421921365,10.));
#8518 = CARTESIAN_POINT('',(-0.696550545104,-3.346420623145,10.));
#8519 = CARTESIAN_POINT('',(-0.696550545104,-3.152383160237,10.));
#8520 = VECTOR('',#8521,1.);
#8521 = DIRECTION('',(-0.,-0.,1.));
#8522 = ADVANCED_FACE('',(#8523),#8539,.F.);
#8523 = FACE_BOUND('',#8524,.F.);
#8524 = EDGE_LOOP('',(#8525,#8526,#8532,#8533));
#8525 = ORIENTED_EDGE('',*,*,#8343,.T.);
#8526 = ORIENTED_EDGE('',*,*,#8527,.T.);
#8527 = EDGE_CURVE('',#8336,#8496,#8528,.T.);
#8528 = B_SPLINE_CURVE_WITH_KNOTS('',2,(#8529,#8530,#8531),
  .UNSPECIFIED.,.F.,.F.,(3,3),(0.,1.),.PIECEWISE_BEZIER_KNOTS.);
#8529 = CARTESIAN_POINT('',(-1.156954847774,-3.562017804154,9.6));
#8530 = CARTESIAN_POINT('',(-0.922440752819,-3.562017804154,9.6));
#8531 = CARTESIAN_POINT('',(-0.809495648961,-3.45421921365,9.6));
#8532 = ORIENTED_EDGE('',*,*,#8493,.F.);
#8533 = ORIENTED_EDGE('',*,*,#8534,.F.);
#8534 = EDGE_CURVE('',#8344,#8494,#8535,.T.);
#8535 = B_SPLINE_CURVE_WITH_KNOTS('',2,(#8536,#8537,#8538),
  .UNSPECIFIED.,.F.,.F.,(3,3),(0.,1.),.PIECEWISE_BEZIER_KNOTS.);
#8536 = CARTESIAN_POINT('',(-1.156954847774,-3.562017804154,10.));
#8537 = CARTESIAN_POINT('',(-0.922440752819,-3.562017804154,10.));
#8538 = CARTESIAN_POINT('',(-0.809495648961,-3.45421921365,10.));
#8539 = SURFACE_OF_LINEAR_EXTRUSION('',#8540,#8544);
#8540 = B_SPLINE_CURVE_WITH_KNOTS('',2,(#8541,#8542,#8543),
  .UNSPECIFIED.,.F.,.F.,(3,3),(0.,1.),.PIECEWISE_BEZIER_KNOTS.);
#8541 = CARTESIAN_POINT('',(-1.156954847774,-3.562017804154,10.));
#8542 = CARTESIAN_POINT('',(-0.922440752819,-3.562017804154,10.));
#8543 = CARTESIAN_POINT('',(-0.809495648961,-3.45421921365,10.));
#8544 = VECTOR('',#8545,1.);
#8545 = DIRECTION('',(-0.,-0.,1.));
#8546 = ADVANCED_FACE('',(#8547,#8572),#8581,.T.);
#8547 = FACE_BOUND('',#8548,.T.);
#8548 = EDGE_LOOP('',(#8549,#8550,#8551,#8552,#8553,#8554,#8555,#8556,
    #8557,#8558,#8559,#8560,#8561,#8562,#8563,#8564,#8565,#8566,#8567,
    #8568,#8569,#8570,#8571));
#8549 = ORIENTED_EDGE('',*,*,#7608,.F.);
#8550 = ORIENTED_EDGE('',*,*,#7641,.F.);
#8551 = ORIENTED_EDGE('',*,*,#7672,.F.);
#8552 = ORIENTED_EDGE('',*,*,#7705,.F.);
#8553 = ORIENTED_EDGE('',*,*,#7738,.F.);
#8554 = ORIENTED_EDGE('',*,*,#7769,.F.);
#8555 = ORIENTED_EDGE('',*,*,#7800,.F.);
#8556 = ORIENTED_EDGE('',*,*,#7831,.F.);
#8557 = ORIENTED_EDGE('',*,*,#7864,.F.);
#8558 = ORIENTED_EDGE('',*,*,#7897,.F.);
#8559 = ORIENTED_EDGE('',*,*,#7928,.F.);
#8560 = ORIENTED_EDGE('',*,*,#7961,.F.);
#8561 = ORIENTED_EDGE('',*,*,#7994,.F.);
#8562 = ORIENTED_EDGE('',*,*,#8027,.F.);
#8563 = ORIENTED_EDGE('',*,*,#8058,.F.);
#8564 = ORIENTED_EDGE('',*,*,#8091,.F.);
#8565 = ORIENTED_EDGE('',*,*,#8124,.F.);
#8566 = ORIENTED_EDGE('',*,*,#8157,.F.);
#8567 = ORIENTED_EDGE('',*,*,#8190,.F.);
#8568 = ORIENTED_EDGE('',*,*,#8221,.F.);
#8569 = ORIENTED_EDGE('',*,*,#8254,.F.);
#8570 = ORIENTED_EDGE('',*,*,#8287,.F.);
#8571 = ORIENTED_EDGE('',*,*,#8309,.F.);
#8572 = FACE_BOUND('',#8573,.T.);
#8573 = EDGE_LOOP('',(#8574,#8575,#8576,#8577,#8578,#8579,#8580));
#8574 = ORIENTED_EDGE('',*,*,#8351,.F.);
#8575 = ORIENTED_EDGE('',*,*,#8382,.F.);
#8576 = ORIENTED_EDGE('',*,*,#8413,.F.);
#8577 = ORIENTED_EDGE('',*,*,#8444,.F.);
#8578 = ORIENTED_EDGE('',*,*,#8477,.F.);
#8579 = ORIENTED_EDGE('',*,*,#8510,.F.);
#8580 = ORIENTED_EDGE('',*,*,#8534,.F.);
#8581 = PLANE('',#8582);
#8582 = AXIS2_PLACEMENT_3D('',#8583,#8584,#8585);
#8583 = CARTESIAN_POINT('',(-1.254122987318,-3.685192330512,10.));
#8584 = DIRECTION('',(0.,0.,1.));
#8585 = DIRECTION('',(1.,0.,0.));
#8586 = ADVANCED_FACE('',(#8587,#8612),#8621,.F.);
#8587 = FACE_BOUND('',#8588,.F.);
#8588 = EDGE_LOOP('',(#8589,#8590,#8591,#8592,#8593,#8594,#8595,#8596,
    #8597,#8598,#8599,#8600,#8601,#8602,#8603,#8604,#8605,#8606,#8607,
    #8608,#8609,#8610,#8611));
#8589 = ORIENTED_EDGE('',*,*,#7592,.F.);
#8590 = ORIENTED_EDGE('',*,*,#7634,.F.);
#8591 = ORIENTED_EDGE('',*,*,#7665,.F.);
#8592 = ORIENTED_EDGE('',*,*,#7698,.F.);
#8593 = ORIENTED_EDGE('',*,*,#7731,.F.);
#8594 = ORIENTED_EDGE('',*,*,#7762,.F.);
#8595 = ORIENTED_EDGE('',*,*,#7793,.F.);
#8596 = ORIENTED_EDGE('',*,*,#7824,.F.);
#8597 = ORIENTED_EDGE('',*,*,#7857,.F.);
#8598 = ORIENTED_EDGE('',*,*,#7890,.F.);
#8599 = ORIENTED_EDGE('',*,*,#7921,.F.);
#8600 = ORIENTED_EDGE('',*,*,#7954,.F.);
#8601 = ORIENTED_EDGE('',*,*,#7987,.F.);
#8602 = ORIENTED_EDGE('',*,*,#8020,.F.);
#8603 = ORIENTED_EDGE('',*,*,#8051,.F.);
#8604 = ORIENTED_EDGE('',*,*,#8084,.F.);
#8605 = ORIENTED_EDGE('',*,*,#8117,.F.);
#8606 = ORIENTED_EDGE('',*,*,#8150,.F.);
#8607 = ORIENTED_EDGE('',*,*,#8183,.F.);
#8608 = ORIENTED_EDGE('',*,*,#8214,.F.);
#8609 = ORIENTED_EDGE('',*,*,#8247,.F.);
#8610 = ORIENTED_EDGE('',*,*,#8280,.F.);
#8611 = ORIENTED_EDGE('',*,*,#8302,.F.);
#8612 = FACE_BOUND('',#8613,.F.);
#8613 = EDGE_LOOP('',(#8614,#8615,#8616,#8617,#8618,#8619,#8620));
#8614 = ORIENTED_EDGE('',*,*,#8335,.F.);
#8615 = ORIENTED_EDGE('',*,*,#8375,.F.);
#8616 = ORIENTED_EDGE('',*,*,#8406,.F.);
#8617 = ORIENTED_EDGE('',*,*,#8437,.F.);
#8618 = ORIENTED_EDGE('',*,*,#8470,.F.);
#8619 = ORIENTED_EDGE('',*,*,#8503,.F.);
#8620 = ORIENTED_EDGE('',*,*,#8527,.F.);
#8621 = PLANE('',#8622);
#8622 = AXIS2_PLACEMENT_3D('',#8623,#8624,#8625);
#8623 = CARTESIAN_POINT('',(-1.254122987318,-3.685192330512,9.6));
#8624 = DIRECTION('',(0.,0.,1.));
#8625 = DIRECTION('',(1.,0.,0.));
#8626 = MANIFOLD_SOLID_BREP('',#8627);
#8627 = CLOSED_SHELL('',(#8628,#8670,#8701,#8734,#8767,#8798,#8829,#8862
    ,#8895,#8926,#8959,#8992,#9023,#9056,#9089,#9120,#9153,#9186,#9217,
    #9248,#9281,#9314,#9345,#9378,#9411,#9442,#9466,#9500));
#8628 = ADVANCED_FACE('',(#8629),#8663,.F.);
#8629 = FACE_BOUND('',#8630,.F.);
#8630 = EDGE_LOOP('',(#8631,#8641,#8649,#8657));
#8631 = ORIENTED_EDGE('',*,*,#8632,.T.);
#8632 = EDGE_CURVE('',#8633,#8635,#8637,.T.);
#8633 = VERTEX_POINT('',#8634);
#8634 = CARTESIAN_POINT('',(0.537082615134,-5.2,10.));
#8635 = VERTEX_POINT('',#8636);
#8636 = CARTESIAN_POINT('',(0.537082615134,-5.2,9.6));
#8637 = LINE('',#8638,#8639);
#8638 = CARTESIAN_POINT('',(0.537082615134,-5.2,10.));
#8639 = VECTOR('',#8640,1.);
#8640 = DIRECTION('',(0.,0.,-1.));
#8641 = ORIENTED_EDGE('',*,*,#8642,.T.);
#8642 = EDGE_CURVE('',#8635,#8643,#8645,.T.);
#8643 = VERTEX_POINT('',#8644);
#8644 = CARTESIAN_POINT('',(0.460580389614,-5.17009458457,9.6));
#8645 = B_SPLINE_CURVE_WITH_KNOTS('',2,(#8646,#8647,#8648),
  .UNSPECIFIED.,.F.,.F.,(3,3),(0.,1.),.PIECEWISE_BEZIER_KNOTS.);
#8646 = CARTESIAN_POINT('',(0.537082615134,-5.2,9.6));
#8647 = CARTESIAN_POINT('',(0.490346710089,-5.2,9.6));
#8648 = CARTESIAN_POINT('',(0.460580389614,-5.17009458457,9.6));
#8649 = ORIENTED_EDGE('',*,*,#8650,.F.);
#8650 = EDGE_CURVE('',#8651,#8643,#8653,.T.);
#8651 = VERTEX_POINT('',#8652);
#8652 = CARTESIAN_POINT('',(0.460580389614,-5.17009458457,10.));
#8653 = LINE('',#8654,#8655);
#8654 = CARTESIAN_POINT('',(0.460580389614,-5.17009458457,10.));
#8655 = VECTOR('',#8656,1.);
#8656 = DIRECTION('',(0.,0.,-1.));
#8657 = ORIENTED_EDGE('',*,*,#8658,.F.);
#8658 = EDGE_CURVE('',#8633,#8651,#8659,.T.);
#8659 = B_SPLINE_CURVE_WITH_KNOTS('',2,(#8660,#8661,#8662),
  .UNSPECIFIED.,.F.,.F.,(3,3),(0.,1.),.PIECEWISE_BEZIER_KNOTS.);
#8660 = CARTESIAN_POINT('',(0.537082615134,-5.2,10.));
#8661 = CARTESIAN_POINT('',(0.490346710089,-5.2,10.));
#8662 = CARTESIAN_POINT('',(0.460580389614,-5.17009458457,10.));
#8663 = SURFACE_OF_LINEAR_EXTRUSION('',#8664,#8668);
#8664 = B_SPLINE_CURVE_WITH_KNOTS('',2,(#8665,#8666,#8667),
  .UNSPECIFIED.,.F.,.F.,(3,3),(0.,1.),.PIECEWISE_BEZIER_KNOTS.);
#8665 = CARTESIAN_POINT('',(0.537082615134,-5.2,10.));
#8666 = CARTESIAN_POINT('',(0.490346710089,-5.2,10.));
#8667 = CARTESIAN_POINT('',(0.460580389614,-5.17009458457,10.));
#8668 = VECTOR('',#8669,1.);
#8669 = DIRECTION('',(-0.,-0.,1.));
#8670 = ADVANCED_FACE('',(#8671),#8696,.F.);
#8671 = FACE_BOUND('',#8672,.F.);
#8672 = EDGE_LOOP('',(#8673,#8683,#8689,#8690));
#8673 = ORIENTED_EDGE('',*,*,#8674,.T.);
#8674 = EDGE_CURVE('',#8675,#8677,#8679,.T.);
#8675 = VERTEX_POINT('',#8676);
#8676 = CARTESIAN_POINT('',(0.965773267953,-5.2,10.));
#8677 = VERTEX_POINT('',#8678);
#8678 = CARTESIAN_POINT('',(0.965773267953,-5.2,9.6));
#8679 = LINE('',#8680,#8681);
#8680 = CARTESIAN_POINT('',(0.965773267953,-5.2,10.));
#8681 = VECTOR('',#8682,1.);
#8682 = DIRECTION('',(0.,0.,-1.));
#8683 = ORIENTED_EDGE('',*,*,#8684,.T.);
#8684 = EDGE_CURVE('',#8677,#8635,#8685,.T.);
#8685 = LINE('',#8686,#8687);
#8686 = CARTESIAN_POINT('',(0.965773267953,-5.2,9.6));
#8687 = VECTOR('',#8688,1.);
#8688 = DIRECTION('',(-1.,0.,0.));
#8689 = ORIENTED_EDGE('',*,*,#8632,.F.);
#8690 = ORIENTED_EDGE('',*,*,#8691,.F.);
#8691 = EDGE_CURVE('',#8675,#8633,#8692,.T.);
#8692 = LINE('',#8693,#8694);
#8693 = CARTESIAN_POINT('',(0.965773267953,-5.2,10.));
#8694 = VECTOR('',#8695,1.);
#8695 = DIRECTION('',(-1.,0.,0.));
#8696 = PLANE('',#8697);
#8697 = AXIS2_PLACEMENT_3D('',#8698,#8699,#8700);
#8698 = CARTESIAN_POINT('',(0.965773267953,-5.2,10.));
#8699 = DIRECTION('',(0.,1.,0.));
#8700 = DIRECTION('',(-1.,0.,0.));
#8701 = ADVANCED_FACE('',(#8702),#8727,.F.);
#8702 = FACE_BOUND('',#8703,.F.);
#8703 = EDGE_LOOP('',(#8704,#8714,#8720,#8721));
#8704 = ORIENTED_EDGE('',*,*,#8705,.T.);
#8705 = EDGE_CURVE('',#8706,#8708,#8710,.T.);
#8706 = VERTEX_POINT('',#8707);
#8707 = CARTESIAN_POINT('',(1.042136398516,-5.17009458457,10.));
#8708 = VERTEX_POINT('',#8709);
#8709 = CARTESIAN_POINT('',(1.042136398516,-5.17009458457,9.6));
#8710 = LINE('',#8711,#8712);
#8711 = CARTESIAN_POINT('',(1.042136398516,-5.17009458457,10.));
#8712 = VECTOR('',#8713,1.);
#8713 = DIRECTION('',(0.,0.,-1.));
#8714 = ORIENTED_EDGE('',*,*,#8715,.T.);
#8715 = EDGE_CURVE('',#8708,#8677,#8716,.T.);
#8716 = B_SPLINE_CURVE_WITH_KNOTS('',2,(#8717,#8718,#8719),
  .UNSPECIFIED.,.F.,.F.,(3,3),(0.,1.),.PIECEWISE_BEZIER_KNOTS.);
#8717 = CARTESIAN_POINT('',(1.042136398516,-5.17009458457,9.6));
#8718 = CARTESIAN_POINT('',(1.012509172997,-5.2,9.6));
#8719 = CARTESIAN_POINT('',(0.965773267953,-5.2,9.6));
#8720 = ORIENTED_EDGE('',*,*,#8674,.F.);
#8721 = ORIENTED_EDGE('',*,*,#8722,.F.);
#8722 = EDGE_CURVE('',#8706,#8675,#8723,.T.);
#8723 = B_SPLINE_CURVE_WITH_KNOTS('',2,(#8724,#8725,#8726),
  .UNSPECIFIED.,.F.,.F.,(3,3),(0.,1.),.PIECEWISE_BEZIER_KNOTS.);
#8724 = CARTESIAN_POINT('',(1.042136398516,-5.17009458457,10.));
#8725 = CARTESIAN_POINT('',(1.012509172997,-5.2,10.));
#8726 = CARTESIAN_POINT('',(0.965773267953,-5.2,10.));
#8727 = SURFACE_OF_LINEAR_EXTRUSION('',#8728,#8732);
#8728 = B_SPLINE_CURVE_WITH_KNOTS('',2,(#8729,#8730,#8731),
  .UNSPECIFIED.,.F.,.F.,(3,3),(0.,1.),.PIECEWISE_BEZIER_KNOTS.);
#8729 = CARTESIAN_POINT('',(1.042136398516,-5.17009458457,10.));
#8730 = CARTESIAN_POINT('',(1.012509172997,-5.2,10.));
#8731 = CARTESIAN_POINT('',(0.965773267953,-5.2,10.));
#8732 = VECTOR('',#8733,1.);
#8733 = DIRECTION('',(-0.,-0.,1.));
#8734 = ADVANCED_FACE('',(#8735),#8760,.F.);
#8735 = FACE_BOUND('',#8736,.F.);
#8736 = EDGE_LOOP('',(#8737,#8747,#8753,#8754));
#8737 = ORIENTED_EDGE('',*,*,#8738,.T.);
#8738 = EDGE_CURVE('',#8739,#8741,#8743,.T.);
#8739 = VERTEX_POINT('',#8740);
#8740 = CARTESIAN_POINT('',(1.071902718991,-5.092896884273,10.));
#8741 = VERTEX_POINT('',#8742);
#8742 = CARTESIAN_POINT('',(1.071902718991,-5.092896884273,9.6));
#8743 = LINE('',#8744,#8745);
#8744 = CARTESIAN_POINT('',(1.071902718991,-5.092896884273,10.));
#8745 = VECTOR('',#8746,1.);
#8746 = DIRECTION('',(0.,0.,-1.));
#8747 = ORIENTED_EDGE('',*,*,#8748,.T.);
#8748 = EDGE_CURVE('',#8741,#8708,#8749,.T.);
#8749 = B_SPLINE_CURVE_WITH_KNOTS('',2,(#8750,#8751,#8752),
  .UNSPECIFIED.,.F.,.F.,(3,3),(0.,1.),.PIECEWISE_BEZIER_KNOTS.);
#8750 = CARTESIAN_POINT('',(1.071902718991,-5.092896884273,9.6));
#8751 = CARTESIAN_POINT('',(1.071902718991,-5.140050074184,9.6));
#8752 = CARTESIAN_POINT('',(1.042136398516,-5.17009458457,9.6));
#8753 = ORIENTED_EDGE('',*,*,#8705,.F.);
#8754 = ORIENTED_EDGE('',*,*,#8755,.F.);
#8755 = EDGE_CURVE('',#8739,#8706,#8756,.T.);
#8756 = B_SPLINE_CURVE_WITH_KNOTS('',2,(#8757,#8758,#8759),
  .UNSPECIFIED.,.F.,.F.,(3,3),(0.,1.),.PIECEWISE_BEZIER_KNOTS.);
#8757 = CARTESIAN_POINT('',(1.071902718991,-5.092896884273,10.));
#8758 = CARTESIAN_POINT('',(1.071902718991,-5.140050074184,10.));
#8759 = CARTESIAN_POINT('',(1.042136398516,-5.17009458457,10.));
#8760 = SURFACE_OF_LINEAR_EXTRUSION('',#8761,#8765);
#8761 = B_SPLINE_CURVE_WITH_KNOTS('',2,(#8762,#8763,#8764),
  .UNSPECIFIED.,.F.,.F.,(3,3),(0.,1.),.PIECEWISE_BEZIER_KNOTS.);
#8762 = CARTESIAN_POINT('',(1.071902718991,-5.092896884273,10.));
#8763 = CARTESIAN_POINT('',(1.071902718991,-5.140050074184,10.));
#8764 = CARTESIAN_POINT('',(1.042136398516,-5.17009458457,10.));
#8765 = VECTOR('',#8766,1.);
#8766 = DIRECTION('',(-0.,-0.,1.));
#8767 = ADVANCED_FACE('',(#8768),#8793,.F.);
#8768 = FACE_BOUND('',#8769,.F.);
#8769 = EDGE_LOOP('',(#8770,#8780,#8786,#8787));
#8770 = ORIENTED_EDGE('',*,*,#8771,.T.);
#8771 = EDGE_CURVE('',#8772,#8774,#8776,.T.);
#8772 = VERTEX_POINT('',#8773);
#8773 = CARTESIAN_POINT('',(1.071902718991,-3.391487388724,10.));
#8774 = VERTEX_POINT('',#8775);
#8775 = CARTESIAN_POINT('',(1.071902718991,-3.391487388724,9.6));
#8776 = LINE('',#8777,#8778);
#8777 = CARTESIAN_POINT('',(1.071902718991,-3.391487388724,10.));
#8778 = VECTOR('',#8779,1.);
#8779 = DIRECTION('',(0.,0.,-1.));
#8780 = ORIENTED_EDGE('',*,*,#8781,.T.);
#8781 = EDGE_CURVE('',#8774,#8741,#8782,.T.);
#8782 = LINE('',#8783,#8784);
#8783 = CARTESIAN_POINT('',(1.071902718991,-3.391487388724,9.6));
#8784 = VECTOR('',#8785,1.);
#8785 = DIRECTION('',(0.,-1.,0.));
#8786 = ORIENTED_EDGE('',*,*,#8738,.F.);
#8787 = ORIENTED_EDGE('',*,*,#8788,.F.);
#8788 = EDGE_CURVE('',#8772,#8739,#8789,.T.);
#8789 = LINE('',#8790,#8791);
#8790 = CARTESIAN_POINT('',(1.071902718991,-3.391487388724,10.));
#8791 = VECTOR('',#8792,1.);
#8792 = DIRECTION('',(0.,-1.,0.));
#8793 = PLANE('',#8794);
#8794 = AXIS2_PLACEMENT_3D('',#8795,#8796,#8797);
#8795 = CARTESIAN_POINT('',(1.071902718991,-3.391487388724,10.));
#8796 = DIRECTION('',(-1.,-0.,-0.));
#8797 = DIRECTION('',(0.,-1.,0.));
#8798 = ADVANCED_FACE('',(#8799),#8824,.F.);
#8799 = FACE_BOUND('',#8800,.F.);
#8800 = EDGE_LOOP('',(#8801,#8811,#8817,#8818));
#8801 = ORIENTED_EDGE('',*,*,#8802,.T.);
#8802 = EDGE_CURVE('',#8803,#8805,#8807,.T.);
#8803 = VERTEX_POINT('',#8804);
#8804 = CARTESIAN_POINT('',(2.210255834718,-5.122941394659,10.));
#8805 = VERTEX_POINT('',#8806);
#8806 = CARTESIAN_POINT('',(2.210255834718,-5.122941394659,9.6));
#8807 = LINE('',#8808,#8809);
#8808 = CARTESIAN_POINT('',(2.210255834718,-5.122941394659,10.));
#8809 = VECTOR('',#8810,1.);
#8810 = DIRECTION('',(0.,0.,-1.));
#8811 = ORIENTED_EDGE('',*,*,#8812,.T.);
#8812 = EDGE_CURVE('',#8805,#8774,#8813,.T.);
#8813 = LINE('',#8814,#8815);
#8814 = CARTESIAN_POINT('',(2.210255834718,-5.122941394659,9.6));
#8815 = VECTOR('',#8816,1.);
#8816 = DIRECTION('',(-0.549360040237,0.835585750351,0.));
#8817 = ORIENTED_EDGE('',*,*,#8771,.F.);
#8818 = ORIENTED_EDGE('',*,*,#8819,.F.);
#8819 = EDGE_CURVE('',#8803,#8772,#8820,.T.);
#8820 = LINE('',#8821,#8822);
#8821 = CARTESIAN_POINT('',(2.210255834718,-5.122941394659,10.));
#8822 = VECTOR('',#8823,1.);
#8823 = DIRECTION('',(-0.549360040237,0.835585750351,0.));
#8824 = PLANE('',#8825);
#8825 = AXIS2_PLACEMENT_3D('',#8826,#8827,#8828);
#8826 = CARTESIAN_POINT('',(2.210255834718,-5.122941394659,10.));
#8827 = DIRECTION('',(0.835585750351,0.549360040237,0.));
#8828 = DIRECTION('',(-0.549360040237,0.835585750351,0.));
#8829 = ADVANCED_FACE('',(#8830),#8855,.F.);
#8830 = FACE_BOUND('',#8831,.F.);
#8831 = EDGE_LOOP('',(#8832,#8842,#8848,#8849));
#8832 = ORIENTED_EDGE('',*,*,#8833,.T.);
#8833 = EDGE_CURVE('',#8834,#8836,#8838,.T.);
#8834 = VERTEX_POINT('',#8835);
#8835 = CARTESIAN_POINT('',(2.250732466766,-5.167869065282,10.));
#8836 = VERTEX_POINT('',#8837);
#8837 = CARTESIAN_POINT('',(2.250732466766,-5.167869065282,9.6));
#8838 = LINE('',#8839,#8840);
#8839 = CARTESIAN_POINT('',(2.250732466766,-5.167869065282,10.));
#8840 = VECTOR('',#8841,1.);
#8841 = DIRECTION('',(0.,0.,-1.));
#8842 = ORIENTED_EDGE('',*,*,#8843,.T.);
#8843 = EDGE_CURVE('',#8836,#8805,#8844,.T.);
#8844 = B_SPLINE_CURVE_WITH_KNOTS('',2,(#8845,#8846,#8847),
  .UNSPECIFIED.,.F.,.F.,(3,3),(0.,1.),.PIECEWISE_BEZIER_KNOTS.);
#8845 = CARTESIAN_POINT('',(2.250732466766,-5.167869065282,9.6));
#8846 = CARTESIAN_POINT('',(2.223052570623,-5.135738130564,9.6));
#8847 = CARTESIAN_POINT('',(2.210255834718,-5.122941394659,9.6));
#8848 = ORIENTED_EDGE('',*,*,#8802,.F.);
#8849 = ORIENTED_EDGE('',*,*,#8850,.F.);
#8850 = EDGE_CURVE('',#8834,#8803,#8851,.T.);
#8851 = B_SPLINE_CURVE_WITH_KNOTS('',2,(#8852,#8853,#8854),
  .UNSPECIFIED.,.F.,.F.,(3,3),(0.,1.),.PIECEWISE_BEZIER_KNOTS.);
#8852 = CARTESIAN_POINT('',(2.250732466766,-5.167869065282,10.));
#8853 = CARTESIAN_POINT('',(2.223052570623,-5.135738130564,10.));
#8854 = CARTESIAN_POINT('',(2.210255834718,-5.122941394659,10.));
#8855 = SURFACE_OF_LINEAR_EXTRUSION('',#8856,#8860);
#8856 = B_SPLINE_CURVE_WITH_KNOTS('',2,(#8857,#8858,#8859),
  .UNSPECIFIED.,.F.,.F.,(3,3),(0.,1.),.PIECEWISE_BEZIER_KNOTS.);
#8857 = CARTESIAN_POINT('',(2.250732466766,-5.167869065282,10.));
#8858 = CARTESIAN_POINT('',(2.223052570623,-5.135738130564,10.));
#8859 = CARTESIAN_POINT('',(2.210255834718,-5.122941394659,10.));
#8860 = VECTOR('',#8861,1.);
#8861 = DIRECTION('',(-0.,-0.,1.));
#8862 = ADVANCED_FACE('',(#8863),#8888,.F.);
#8863 = FACE_BOUND('',#8864,.F.);
#8864 = EDGE_LOOP('',(#8865,#8875,#8881,#8882));
#8865 = ORIENTED_EDGE('',*,*,#8866,.T.);
#8866 = EDGE_CURVE('',#8867,#8869,#8871,.T.);
#8867 = VERTEX_POINT('',#8868);
#8868 = CARTESIAN_POINT('',(2.3428133273,-5.2,10.));
#8869 = VERTEX_POINT('',#8870);
#8870 = CARTESIAN_POINT('',(2.3428133273,-5.2,9.6));
#8871 = LINE('',#8872,#8873);
#8872 = CARTESIAN_POINT('',(2.3428133273,-5.2,10.));
#8873 = VECTOR('',#8874,1.);
#8874 = DIRECTION('',(0.,0.,-1.));
#8875 = ORIENTED_EDGE('',*,*,#8876,.T.);
#8876 = EDGE_CURVE('',#8869,#8836,#8877,.T.);
#8877 = B_SPLINE_CURVE_WITH_KNOTS('',2,(#8878,#8879,#8880),
  .UNSPECIFIED.,.F.,.F.,(3,3),(0.,1.),.PIECEWISE_BEZIER_KNOTS.);
#8878 = CARTESIAN_POINT('',(2.3428133273,-5.2,9.6));
#8879 = CARTESIAN_POINT('',(2.278551457863,-5.2,9.6));
#8880 = CARTESIAN_POINT('',(2.250732466766,-5.167869065282,9.6));
#8881 = ORIENTED_EDGE('',*,*,#8833,.F.);
#8882 = ORIENTED_EDGE('',*,*,#8883,.F.);
#8883 = EDGE_CURVE('',#8867,#8834,#8884,.T.);
#8884 = B_SPLINE_CURVE_WITH_KNOTS('',2,(#8885,#8886,#8887),
  .UNSPECIFIED.,.F.,.F.,(3,3),(0.,1.),.PIECEWISE_BEZIER_KNOTS.);
#8885 = CARTESIAN_POINT('',(2.3428133273,-5.2,10.));
#8886 = CARTESIAN_POINT('',(2.278551457863,-5.2,10.));
#8887 = CARTESIAN_POINT('',(2.250732466766,-5.167869065282,10.));
#8888 = SURFACE_OF_LINEAR_EXTRUSION('',#8889,#8893);
#8889 = B_SPLINE_CURVE_WITH_KNOTS('',2,(#8890,#8891,#8892),
  .UNSPECIFIED.,.F.,.F.,(3,3),(0.,1.),.PIECEWISE_BEZIER_KNOTS.);
#8890 = CARTESIAN_POINT('',(2.3428133273,-5.2,10.));
#8891 = CARTESIAN_POINT('',(2.278551457863,-5.2,10.));
#8892 = CARTESIAN_POINT('',(2.250732466766,-5.167869065282,10.));
#8893 = VECTOR('',#8894,1.);
#8894 = DIRECTION('',(-0.,-0.,1.));
#8895 = ADVANCED_FACE('',(#8896),#8921,.F.);
#8896 = FACE_BOUND('',#8897,.F.);
#8897 = EDGE_LOOP('',(#8898,#8908,#8914,#8915));
#8898 = ORIENTED_EDGE('',*,*,#8899,.T.);
#8899 = EDGE_CURVE('',#8900,#8902,#8904,.T.);
#8900 = VERTEX_POINT('',#8901);
#8901 = CARTESIAN_POINT('',(2.736452051335,-5.2,10.));
#8902 = VERTEX_POINT('',#8903);
#8903 = CARTESIAN_POINT('',(2.736452051335,-5.2,9.6));
#8904 = LINE('',#8905,#8906);
#8905 = CARTESIAN_POINT('',(2.736452051335,-5.2,10.));
#8906 = VECTOR('',#8907,1.);
#8907 = DIRECTION('',(0.,0.,-1.));
#8908 = ORIENTED_EDGE('',*,*,#8909,.T.);
#8909 = EDGE_CURVE('',#8902,#8869,#8910,.T.);
#8910 = LINE('',#8911,#8912);
#8911 = CARTESIAN_POINT('',(2.736452051335,-5.2,9.6));
#8912 = VECTOR('',#8913,1.);
#8913 = DIRECTION('',(-1.,0.,0.));
#8914 = ORIENTED_EDGE('',*,*,#8866,.F.);
#8915 = ORIENTED_EDGE('',*,*,#8916,.F.);
#8916 = EDGE_CURVE('',#8900,#8867,#8917,.T.);
#8917 = LINE('',#8918,#8919);
#8918 = CARTESIAN_POINT('',(2.736452051335,-5.2,10.));
#8919 = VECTOR('',#8920,1.);
#8920 = DIRECTION('',(-1.,0.,0.));
#8921 = PLANE('',#8922);
#8922 = AXIS2_PLACEMENT_3D('',#8923,#8924,#8925);
#8923 = CARTESIAN_POINT('',(2.736452051335,-5.2,10.));
#8924 = DIRECTION('',(0.,1.,0.));
#8925 = DIRECTION('',(-1.,0.,0.));
#8926 = ADVANCED_FACE('',(#8927),#8952,.F.);
#8927 = FACE_BOUND('',#8928,.F.);
#8928 = EDGE_LOOP('',(#8929,#8939,#8945,#8946));
#8929 = ORIENTED_EDGE('',*,*,#8930,.T.);
#8930 = EDGE_CURVE('',#8931,#8933,#8935,.T.);
#8931 = VERTEX_POINT('',#8932);
#8932 = CARTESIAN_POINT('',(2.813371561721,-5.167869065282,10.));
#8933 = VERTEX_POINT('',#8934);
#8934 = CARTESIAN_POINT('',(2.813371561721,-5.167869065282,9.6));
#8935 = LINE('',#8936,#8937);
#8936 = CARTESIAN_POINT('',(2.813371561721,-5.167869065282,10.));
#8937 = VECTOR('',#8938,1.);
#8938 = DIRECTION('',(0.,0.,-1.));
#8939 = ORIENTED_EDGE('',*,*,#8940,.T.);
#8940 = EDGE_CURVE('',#8933,#8902,#8941,.T.);
#8941 = B_SPLINE_CURVE_WITH_KNOTS('',2,(#8942,#8943,#8944),
  .UNSPECIFIED.,.F.,.F.,(3,3),(0.,1.),.PIECEWISE_BEZIER_KNOTS.);
#8942 = CARTESIAN_POINT('',(2.813371561721,-5.167869065282,9.6));
#8943 = CARTESIAN_POINT('',(2.783466146291,-5.2,9.6));
#8944 = CARTESIAN_POINT('',(2.736452051335,-5.2,9.6));
#8945 = ORIENTED_EDGE('',*,*,#8899,.F.);
#8946 = ORIENTED_EDGE('',*,*,#8947,.F.);
#8947 = EDGE_CURVE('',#8931,#8900,#8948,.T.);
#8948 = B_SPLINE_CURVE_WITH_KNOTS('',2,(#8949,#8950,#8951),
  .UNSPECIFIED.,.F.,.F.,(3,3),(0.,1.),.PIECEWISE_BEZIER_KNOTS.);
#8949 = CARTESIAN_POINT('',(2.813371561721,-5.167869065282,10.));
#8950 = CARTESIAN_POINT('',(2.783466146291,-5.2,10.));
#8951 = CARTESIAN_POINT('',(2.736452051335,-5.2,10.));
#8952 = SURFACE_OF_LINEAR_EXTRUSION('',#8953,#8957);
#8953 = B_SPLINE_CURVE_WITH_KNOTS('',2,(#8954,#8955,#8956),
  .UNSPECIFIED.,.F.,.F.,(3,3),(0.,1.),.PIECEWISE_BEZIER_KNOTS.);
#8954 = CARTESIAN_POINT('',(2.813371561721,-5.167869065282,10.));
#8955 = CARTESIAN_POINT('',(2.783466146291,-5.2,10.));
#8956 = CARTESIAN_POINT('',(2.736452051335,-5.2,10.));
#8957 = VECTOR('',#8958,1.);
#8958 = DIRECTION('',(-0.,-0.,1.));
#8959 = ADVANCED_FACE('',(#8960),#8985,.F.);
#8960 = FACE_BOUND('',#8961,.F.);
#8961 = EDGE_LOOP('',(#8962,#8972,#8978,#8979));
#8962 = ORIENTED_EDGE('',*,*,#8963,.T.);
#8963 = EDGE_CURVE('',#8964,#8966,#8968,.T.);
#8964 = VERTEX_POINT('',#8965);
#8965 = CARTESIAN_POINT('',(2.843416072107,-5.092757789318,10.));
#8966 = VERTEX_POINT('',#8967);
#8967 = CARTESIAN_POINT('',(2.843416072107,-5.092757789318,9.6));
#8968 = LINE('',#8969,#8970);
#8969 = CARTESIAN_POINT('',(2.843416072107,-5.092757789318,10.));
#8970 = VECTOR('',#8971,1.);
#8971 = DIRECTION('',(0.,0.,-1.));
#8972 = ORIENTED_EDGE('',*,*,#8973,.T.);
#8973 = EDGE_CURVE('',#8966,#8933,#8974,.T.);
#8974 = B_SPLINE_CURVE_WITH_KNOTS('',2,(#8975,#8976,#8977),
  .UNSPECIFIED.,.F.,.F.,(3,3),(0.,1.),.PIECEWISE_BEZIER_KNOTS.);
#8975 = CARTESIAN_POINT('',(2.843416072107,-5.092757789318,9.6));
#8976 = CARTESIAN_POINT('',(2.843416072107,-5.135738130564,9.6));
#8977 = CARTESIAN_POINT('',(2.813371561721,-5.167869065282,9.6));
#8978 = ORIENTED_EDGE('',*,*,#8930,.F.);
#8979 = ORIENTED_EDGE('',*,*,#8980,.F.);
#8980 = EDGE_CURVE('',#8964,#8931,#8981,.T.);
#8981 = B_SPLINE_CURVE_WITH_KNOTS('',2,(#8982,#8983,#8984),
  .UNSPECIFIED.,.F.,.F.,(3,3),(0.,1.),.PIECEWISE_BEZIER_KNOTS.);
#8982 = CARTESIAN_POINT('',(2.843416072107,-5.092757789318,10.));
#8983 = CARTESIAN_POINT('',(2.843416072107,-5.135738130564,10.));
#8984 = CARTESIAN_POINT('',(2.813371561721,-5.167869065282,10.));
#8985 = SURFACE_OF_LINEAR_EXTRUSION('',#8986,#8990);
#8986 = B_SPLINE_CURVE_WITH_KNOTS('',2,(#8987,#8988,#8989),
  .UNSPECIFIED.,.F.,.F.,(3,3),(0.,1.),.PIECEWISE_BEZIER_KNOTS.);
#8987 = CARTESIAN_POINT('',(2.843416072107,-5.092757789318,10.));
#8988 = CARTESIAN_POINT('',(2.843416072107,-5.135738130564,10.));
#8989 = CARTESIAN_POINT('',(2.813371561721,-5.167869065282,10.));
#8990 = VECTOR('',#8991,1.);
#8991 = DIRECTION('',(-0.,-0.,1.));
#8992 = ADVANCED_FACE('',(#8993),#9018,.F.);
#8993 = FACE_BOUND('',#8994,.F.);
#8994 = EDGE_LOOP('',(#8995,#9005,#9011,#9012));
#8995 = ORIENTED_EDGE('',*,*,#8996,.T.);
#8996 = EDGE_CURVE('',#8997,#8999,#9001,.T.);
#8997 = VERTEX_POINT('',#8998);
#8998 = CARTESIAN_POINT('',(2.843416072107,-2.307103115727,10.));
#8999 = VERTEX_POINT('',#9000);
#9000 = CARTESIAN_POINT('',(2.843416072107,-2.307103115727,9.6));
#9001 = LINE('',#9002,#9003);
#9002 = CARTESIAN_POINT('',(2.843416072107,-2.307103115727,10.));
#9003 = VECTOR('',#9004,1.);
#9004 = DIRECTION('',(0.,0.,-1.));
#9005 = ORIENTED_EDGE('',*,*,#9006,.T.);
#9006 = EDGE_CURVE('',#8999,#8966,#9007,.T.);
#9007 = LINE('',#9008,#9009);
#9008 = CARTESIAN_POINT('',(2.843416072107,-2.307103115727,9.6));
#9009 = VECTOR('',#9010,1.);
#9010 = DIRECTION('',(0.,-1.,0.));
#9011 = ORIENTED_EDGE('',*,*,#8963,.F.);
#9012 = ORIENTED_EDGE('',*,*,#9013,.F.);
#9013 = EDGE_CURVE('',#8997,#8964,#9014,.T.);
#9014 = LINE('',#9015,#9016);
#9015 = CARTESIAN_POINT('',(2.843416072107,-2.307103115727,10.));
#9016 = VECTOR('',#9017,1.);
#9017 = DIRECTION('',(0.,-1.,0.));
#9018 = PLANE('',#9019);
#9019 = AXIS2_PLACEMENT_3D('',#9020,#9021,#9022);
#9020 = CARTESIAN_POINT('',(2.843416072107,-2.307103115727,10.));
#9021 = DIRECTION('',(-1.,-0.,-0.));
#9022 = DIRECTION('',(0.,-1.,0.));
#9023 = ADVANCED_FACE('',(#9024),#9049,.F.);
#9024 = FACE_BOUND('',#9025,.F.);
#9025 = EDGE_LOOP('',(#9026,#9036,#9042,#9043));
#9026 = ORIENTED_EDGE('',*,*,#9027,.T.);
#9027 = EDGE_CURVE('',#9028,#9030,#9032,.T.);
#9028 = VERTEX_POINT('',#9029);
#9029 = CARTESIAN_POINT('',(2.813649751632,-2.230044510386,10.));
#9030 = VERTEX_POINT('',#9031);
#9031 = CARTESIAN_POINT('',(2.813649751632,-2.230044510386,9.6));
#9032 = LINE('',#9033,#9034);
#9033 = CARTESIAN_POINT('',(2.813649751632,-2.230044510386,10.));
#9034 = VECTOR('',#9035,1.);
#9035 = DIRECTION('',(0.,0.,-1.));
#9036 = ORIENTED_EDGE('',*,*,#9037,.T.);
#9037 = EDGE_CURVE('',#9030,#8999,#9038,.T.);
#9038 = B_SPLINE_CURVE_WITH_KNOTS('',2,(#9039,#9040,#9041),
  .UNSPECIFIED.,.F.,.F.,(3,3),(0.,1.),.PIECEWISE_BEZIER_KNOTS.);
#9039 = CARTESIAN_POINT('',(2.813649751632,-2.230044510386,9.6));
#9040 = CARTESIAN_POINT('',(2.843416072107,-2.259949925816,9.6));
#9041 = CARTESIAN_POINT('',(2.843416072107,-2.307103115727,9.6));
#9042 = ORIENTED_EDGE('',*,*,#8996,.F.);
#9043 = ORIENTED_EDGE('',*,*,#9044,.F.);
#9044 = EDGE_CURVE('',#9028,#8997,#9045,.T.);
#9045 = B_SPLINE_CURVE_WITH_KNOTS('',2,(#9046,#9047,#9048),
  .UNSPECIFIED.,.F.,.F.,(3,3),(0.,1.),.PIECEWISE_BEZIER_KNOTS.);
#9046 = CARTESIAN_POINT('',(2.813649751632,-2.230044510386,10.));
#9047 = CARTESIAN_POINT('',(2.843416072107,-2.259949925816,10.));
#9048 = CARTESIAN_POINT('',(2.843416072107,-2.307103115727,10.));
#9049 = SURFACE_OF_LINEAR_EXTRUSION('',#9050,#9054);
#9050 = B_SPLINE_CURVE_WITH_KNOTS('',2,(#9051,#9052,#9053),
  .UNSPECIFIED.,.F.,.F.,(3,3),(0.,1.),.PIECEWISE_BEZIER_KNOTS.);
#9051 = CARTESIAN_POINT('',(2.813649751632,-2.230044510386,10.));
#9052 = CARTESIAN_POINT('',(2.843416072107,-2.259949925816,10.));
#9053 = CARTESIAN_POINT('',(2.843416072107,-2.307103115727,10.));
#9054 = VECTOR('',#9055,1.);
#9055 = DIRECTION('',(-0.,-0.,1.));
#9056 = ADVANCED_FACE('',(#9057),#9082,.F.);
#9057 = FACE_BOUND('',#9058,.F.);
#9058 = EDGE_LOOP('',(#9059,#9069,#9075,#9076));
#9059 = ORIENTED_EDGE('',*,*,#9060,.T.);
#9060 = EDGE_CURVE('',#9061,#9063,#9065,.T.);
#9061 = VERTEX_POINT('',#9062);
#9062 = CARTESIAN_POINT('',(2.737286621068,-2.2,10.));
#9063 = VERTEX_POINT('',#9064);
#9064 = CARTESIAN_POINT('',(2.737286621068,-2.2,9.6));
#9065 = LINE('',#9066,#9067);
#9066 = CARTESIAN_POINT('',(2.737286621068,-2.2,10.));
#9067 = VECTOR('',#9068,1.);
#9068 = DIRECTION('',(0.,0.,-1.));
#9069 = ORIENTED_EDGE('',*,*,#9070,.T.);
#9070 = EDGE_CURVE('',#9063,#9030,#9071,.T.);
#9071 = B_SPLINE_CURVE_WITH_KNOTS('',2,(#9072,#9073,#9074),
  .UNSPECIFIED.,.F.,.F.,(3,3),(0.,1.),.PIECEWISE_BEZIER_KNOTS.);
#9072 = CARTESIAN_POINT('',(2.737286621068,-2.2,9.6));
#9073 = CARTESIAN_POINT('',(2.784022526113,-2.2,9.6));
#9074 = CARTESIAN_POINT('',(2.813649751632,-2.230044510386,9.6));
#9075 = ORIENTED_EDGE('',*,*,#9027,.F.);
#9076 = ORIENTED_EDGE('',*,*,#9077,.F.);
#9077 = EDGE_CURVE('',#9061,#9028,#9078,.T.);
#9078 = B_SPLINE_CURVE_WITH_KNOTS('',2,(#9079,#9080,#9081),
  .UNSPECIFIED.,.F.,.F.,(3,3),(0.,1.),.PIECEWISE_BEZIER_KNOTS.);
#9079 = CARTESIAN_POINT('',(2.737286621068,-2.2,10.));
#9080 = CARTESIAN_POINT('',(2.784022526113,-2.2,10.));
#9081 = CARTESIAN_POINT('',(2.813649751632,-2.230044510386,10.));
#9082 = SURFACE_OF_LINEAR_EXTRUSION('',#9083,#9087);
#9083 = B_SPLINE_CURVE_WITH_KNOTS('',2,(#9084,#9085,#9086),
  .UNSPECIFIED.,.F.,.F.,(3,3),(0.,1.),.PIECEWISE_BEZIER_KNOTS.);
#9084 = CARTESIAN_POINT('',(2.737286621068,-2.2,10.));
#9085 = CARTESIAN_POINT('',(2.784022526113,-2.2,10.));
#9086 = CARTESIAN_POINT('',(2.813649751632,-2.230044510386,10.));
#9087 = VECTOR('',#9088,1.);
#9088 = DIRECTION('',(-0.,-0.,1.));
#9089 = ADVANCED_FACE('',(#9090),#9115,.F.);
#9090 = FACE_BOUND('',#9091,.F.);
#9091 = EDGE_LOOP('',(#9092,#9102,#9108,#9109));
#9092 = ORIENTED_EDGE('',*,*,#9093,.T.);
#9093 = EDGE_CURVE('',#9094,#9096,#9098,.T.);
#9094 = VERTEX_POINT('',#9095);
#9095 = CARTESIAN_POINT('',(2.304423119585,-2.2,10.));
#9096 = VERTEX_POINT('',#9097);
#9097 = CARTESIAN_POINT('',(2.304423119585,-2.2,9.6));
#9098 = LINE('',#9099,#9100);
#9099 = CARTESIAN_POINT('',(2.304423119585,-2.2,10.));
#9100 = VECTOR('',#9101,1.);
#9101 = DIRECTION('',(0.,0.,-1.));
#9102 = ORIENTED_EDGE('',*,*,#9103,.T.);
#9103 = EDGE_CURVE('',#9096,#9063,#9104,.T.);
#9104 = LINE('',#9105,#9106);
#9105 = CARTESIAN_POINT('',(2.304423119585,-2.2,9.6));
#9106 = VECTOR('',#9107,1.);
#9107 = DIRECTION('',(1.,0.,0.));
#9108 = ORIENTED_EDGE('',*,*,#9060,.F.);
#9109 = ORIENTED_EDGE('',*,*,#9110,.F.);
#9110 = EDGE_CURVE('',#9094,#9061,#9111,.T.);
#9111 = LINE('',#9112,#9113);
#9112 = CARTESIAN_POINT('',(2.304423119585,-2.2,10.));
#9113 = VECTOR('',#9114,1.);
#9114 = DIRECTION('',(1.,0.,0.));
#9115 = PLANE('',#9116);
#9116 = AXIS2_PLACEMENT_3D('',#9117,#9118,#9119);
#9117 = CARTESIAN_POINT('',(2.304423119585,-2.2,10.));
#9118 = DIRECTION('',(0.,-1.,0.));
#9119 = DIRECTION('',(1.,0.,0.));
#9120 = ADVANCED_FACE('',(#9121),#9146,.F.);
#9121 = FACE_BOUND('',#9122,.F.);
#9122 = EDGE_LOOP('',(#9123,#9133,#9139,#9140));
#9123 = ORIENTED_EDGE('',*,*,#9124,.T.);
#9124 = EDGE_CURVE('',#9125,#9127,#9129,.T.);
#9125 = VERTEX_POINT('',#9126);
#9126 = CARTESIAN_POINT('',(2.23209374273,-2.230044510386,10.));
#9127 = VERTEX_POINT('',#9128);
#9128 = CARTESIAN_POINT('',(2.23209374273,-2.230044510386,9.6));
#9129 = LINE('',#9130,#9131);
#9130 = CARTESIAN_POINT('',(2.23209374273,-2.230044510386,10.));
#9131 = VECTOR('',#9132,1.);
#9132 = DIRECTION('',(0.,0.,-1.));
#9133 = ORIENTED_EDGE('',*,*,#9134,.T.);
#9134 = EDGE_CURVE('',#9127,#9096,#9135,.T.);
#9135 = B_SPLINE_CURVE_WITH_KNOTS('',2,(#9136,#9137,#9138),
  .UNSPECIFIED.,.F.,.F.,(3,3),(0.,1.),.PIECEWISE_BEZIER_KNOTS.);
#9136 = CARTESIAN_POINT('',(2.23209374273,-2.230044510386,9.6));
#9137 = CARTESIAN_POINT('',(2.261860063205,-2.2,9.6));
#9138 = CARTESIAN_POINT('',(2.304423119585,-2.2,9.6));
#9139 = ORIENTED_EDGE('',*,*,#9093,.F.);
#9140 = ORIENTED_EDGE('',*,*,#9141,.F.);
#9141 = EDGE_CURVE('',#9125,#9094,#9142,.T.);
#9142 = B_SPLINE_CURVE_WITH_KNOTS('',2,(#9143,#9144,#9145),
  .UNSPECIFIED.,.F.,.F.,(3,3),(0.,1.),.PIECEWISE_BEZIER_KNOTS.);
#9143 = CARTESIAN_POINT('',(2.23209374273,-2.230044510386,10.));
#9144 = CARTESIAN_POINT('',(2.261860063205,-2.2,10.));
#9145 = CARTESIAN_POINT('',(2.304423119585,-2.2,10.));
#9146 = SURFACE_OF_LINEAR_EXTRUSION('',#9147,#9151);
#9147 = B_SPLINE_CURVE_WITH_KNOTS('',2,(#9148,#9149,#9150),
  .UNSPECIFIED.,.F.,.F.,(3,3),(0.,1.),.PIECEWISE_BEZIER_KNOTS.);
#9148 = CARTESIAN_POINT('',(2.23209374273,-2.230044510386,10.));
#9149 = CARTESIAN_POINT('',(2.261860063205,-2.2,10.));
#9150 = CARTESIAN_POINT('',(2.304423119585,-2.2,10.));
#9151 = VECTOR('',#9152,1.);
#9152 = DIRECTION('',(-0.,-0.,1.));
#9153 = ADVANCED_FACE('',(#9154),#9179,.F.);
#9154 = FACE_BOUND('',#9155,.F.);
#9155 = EDGE_LOOP('',(#9156,#9166,#9172,#9173));
#9156 = ORIENTED_EDGE('',*,*,#9157,.T.);
#9157 = EDGE_CURVE('',#9158,#9160,#9162,.T.);
#9158 = VERTEX_POINT('',#9159);
#9159 = CARTESIAN_POINT('',(2.202466517211,-2.307242210682,10.));
#9160 = VERTEX_POINT('',#9161);
#9161 = CARTESIAN_POINT('',(2.202466517211,-2.307242210682,9.6));
#9162 = LINE('',#9163,#9164);
#9163 = CARTESIAN_POINT('',(2.202466517211,-2.307242210682,10.));
#9164 = VECTOR('',#9165,1.);
#9165 = DIRECTION('',(0.,0.,-1.));
#9166 = ORIENTED_EDGE('',*,*,#9167,.T.);
#9167 = EDGE_CURVE('',#9160,#9127,#9168,.T.);
#9168 = B_SPLINE_CURVE_WITH_KNOTS('',2,(#9169,#9170,#9171),
  .UNSPECIFIED.,.F.,.F.,(3,3),(0.,1.),.PIECEWISE_BEZIER_KNOTS.);
#9169 = CARTESIAN_POINT('',(2.202466517211,-2.307242210682,9.6));
#9170 = CARTESIAN_POINT('',(2.202466517211,-2.259949925816,9.6));
#9171 = CARTESIAN_POINT('',(2.23209374273,-2.230044510386,9.6));
#9172 = ORIENTED_EDGE('',*,*,#9124,.F.);
#9173 = ORIENTED_EDGE('',*,*,#9174,.F.);
#9174 = EDGE_CURVE('',#9158,#9125,#9175,.T.);
#9175 = B_SPLINE_CURVE_WITH_KNOTS('',2,(#9176,#9177,#9178),
  .UNSPECIFIED.,.F.,.F.,(3,3),(0.,1.),.PIECEWISE_BEZIER_KNOTS.);
#9176 = CARTESIAN_POINT('',(2.202466517211,-2.307242210682,10.));
#9177 = CARTESIAN_POINT('',(2.202466517211,-2.259949925816,10.));
#9178 = CARTESIAN_POINT('',(2.23209374273,-2.230044510386,10.));
#9179 = SURFACE_OF_LINEAR_EXTRUSION('',#9180,#9184);
#9180 = B_SPLINE_CURVE_WITH_KNOTS('',2,(#9181,#9182,#9183),
  .UNSPECIFIED.,.F.,.F.,(3,3),(0.,1.),.PIECEWISE_BEZIER_KNOTS.);
#9181 = CARTESIAN_POINT('',(2.202466517211,-2.307242210682,10.));
#9182 = CARTESIAN_POINT('',(2.202466517211,-2.259949925816,10.));
#9183 = CARTESIAN_POINT('',(2.23209374273,-2.230044510386,10.));
#9184 = VECTOR('',#9185,1.);
#9185 = DIRECTION('',(-0.,-0.,1.));
#9186 = ADVANCED_FACE('',(#9187),#9212,.F.);
#9187 = FACE_BOUND('',#9188,.F.);
#9188 = EDGE_LOOP('',(#9189,#9199,#9205,#9206));
#9189 = ORIENTED_EDGE('',*,*,#9190,.T.);
#9190 = EDGE_CURVE('',#9191,#9193,#9195,.T.);
#9191 = VERTEX_POINT('',#9192);
#9192 = CARTESIAN_POINT('',(2.202466517211,-4.064289688427,10.));
#9193 = VERTEX_POINT('',#9194);
#9194 = CARTESIAN_POINT('',(2.202466517211,-4.064289688427,9.6));
#9195 = LINE('',#9196,#9197);
#9196 = CARTESIAN_POINT('',(2.202466517211,-4.064289688427,10.));
#9197 = VECTOR('',#9198,1.);
#9198 = DIRECTION('',(0.,0.,-1.));
#9199 = ORIENTED_EDGE('',*,*,#9200,.T.);
#9200 = EDGE_CURVE('',#9193,#9160,#9201,.T.);
#9201 = LINE('',#9202,#9203);
#9202 = CARTESIAN_POINT('',(2.202466517211,-4.064289688427,9.6));
#9203 = VECTOR('',#9204,1.);
#9204 = DIRECTION('',(0.,1.,0.));
#9205 = ORIENTED_EDGE('',*,*,#9157,.F.);
#9206 = ORIENTED_EDGE('',*,*,#9207,.F.);
#9207 = EDGE_CURVE('',#9191,#9158,#9208,.T.);
#9208 = LINE('',#9209,#9210);
#9209 = CARTESIAN_POINT('',(2.202466517211,-4.064289688427,10.));
#9210 = VECTOR('',#9211,1.);
#9211 = DIRECTION('',(0.,1.,0.));
#9212 = PLANE('',#9213);
#9213 = AXIS2_PLACEMENT_3D('',#9214,#9215,#9216);
#9214 = CARTESIAN_POINT('',(2.202466517211,-4.064289688427,10.));
#9215 = DIRECTION('',(1.,-0.,0.));
#9216 = DIRECTION('',(0.,1.,0.));
#9217 = ADVANCED_FACE('',(#9218),#9243,.F.);
#9218 = FACE_BOUND('',#9219,.F.);
#9219 = EDGE_LOOP('',(#9220,#9230,#9236,#9237));
#9220 = ORIENTED_EDGE('',*,*,#9221,.T.);
#9221 = EDGE_CURVE('',#9222,#9224,#9226,.T.);
#9222 = VERTEX_POINT('',#9223);
#9223 = CARTESIAN_POINT('',(1.059940552819,-2.277058605341,10.));
#9224 = VERTEX_POINT('',#9225);
#9225 = CARTESIAN_POINT('',(1.059940552819,-2.277058605341,9.6));
#9226 = LINE('',#9227,#9228);
#9227 = CARTESIAN_POINT('',(1.059940552819,-2.277058605341,10.));
#9228 = VECTOR('',#9229,1.);
#9229 = DIRECTION('',(0.,0.,-1.));
#9230 = ORIENTED_EDGE('',*,*,#9231,.T.);
#9231 = EDGE_CURVE('',#9224,#9193,#9232,.T.);
#9232 = LINE('',#9233,#9234);
#9233 = CARTESIAN_POINT('',(1.059940552819,-2.277058605341,9.6));
#9234 = VECTOR('',#9235,1.);
#9235 = DIRECTION('',(0.538618206484,-0.842549955578,0.));
#9236 = ORIENTED_EDGE('',*,*,#9190,.F.);
#9237 = ORIENTED_EDGE('',*,*,#9238,.F.);
#9238 = EDGE_CURVE('',#9222,#9191,#9239,.T.);
#9239 = LINE('',#9240,#9241);
#9240 = CARTESIAN_POINT('',(1.059940552819,-2.277058605341,10.));
#9241 = VECTOR('',#9242,1.);
#9242 = DIRECTION('',(0.538618206484,-0.842549955578,0.));
#9243 = PLANE('',#9244);
#9244 = AXIS2_PLACEMENT_3D('',#9245,#9246,#9247);
#9245 = CARTESIAN_POINT('',(1.059940552819,-2.277058605341,10.));
#9246 = DIRECTION('',(-0.842549955578,-0.538618206484,-0.));
#9247 = DIRECTION('',(0.538618206484,-0.842549955578,0.));
#9248 = ADVANCED_FACE('',(#9249),#9274,.F.);
#9249 = FACE_BOUND('',#9250,.F.);
#9250 = EDGE_LOOP('',(#9251,#9261,#9267,#9268));
#9251 = ORIENTED_EDGE('',*,*,#9252,.T.);
#9252 = EDGE_CURVE('',#9253,#9255,#9257,.T.);
#9253 = VERTEX_POINT('',#9254);
#9254 = CARTESIAN_POINT('',(1.021550345104,-2.230044510386,10.));
#9255 = VERTEX_POINT('',#9256);
#9256 = CARTESIAN_POINT('',(1.021550345104,-2.230044510386,9.6));
#9257 = LINE('',#9258,#9259);
#9258 = CARTESIAN_POINT('',(1.021550345104,-2.230044510386,10.));
#9259 = VECTOR('',#9260,1.);
#9260 = DIRECTION('',(0.,0.,-1.));
#9261 = ORIENTED_EDGE('',*,*,#9262,.T.);
#9262 = EDGE_CURVE('',#9255,#9224,#9263,.T.);
#9263 = B_SPLINE_CURVE_WITH_KNOTS('',2,(#9264,#9265,#9266),
  .UNSPECIFIED.,.F.,.F.,(3,3),(0.,1.),.PIECEWISE_BEZIER_KNOTS.);
#9264 = CARTESIAN_POINT('',(1.021550345104,-2.230044510386,9.6));
#9265 = CARTESIAN_POINT('',(1.051455760534,-2.259949925816,9.6));
#9266 = CARTESIAN_POINT('',(1.059940552819,-2.277058605341,9.6));
#9267 = ORIENTED_EDGE('',*,*,#9221,.F.);
#9268 = ORIENTED_EDGE('',*,*,#9269,.F.);
#9269 = EDGE_CURVE('',#9253,#9222,#9270,.T.);
#9270 = B_SPLINE_CURVE_WITH_KNOTS('',2,(#9271,#9272,#9273),
  .UNSPECIFIED.,.F.,.F.,(3,3),(0.,1.),.PIECEWISE_BEZIER_KNOTS.);
#9271 = CARTESIAN_POINT('',(1.021550345104,-2.230044510386,10.));
#9272 = CARTESIAN_POINT('',(1.051455760534,-2.259949925816,10.));
#9273 = CARTESIAN_POINT('',(1.059940552819,-2.277058605341,10.));
#9274 = SURFACE_OF_LINEAR_EXTRUSION('',#9275,#9279);
#9275 = B_SPLINE_CURVE_WITH_KNOTS('',2,(#9276,#9277,#9278),
  .UNSPECIFIED.,.F.,.F.,(3,3),(0.,1.),.PIECEWISE_BEZIER_KNOTS.);
#9276 = CARTESIAN_POINT('',(1.021550345104,-2.230044510386,10.));
#9277 = CARTESIAN_POINT('',(1.051455760534,-2.259949925816,10.));
#9278 = CARTESIAN_POINT('',(1.059940552819,-2.277058605341,10.));
#9279 = VECTOR('',#9280,1.);
#9280 = DIRECTION('',(-0.,-0.,1.));
#9281 = ADVANCED_FACE('',(#9282),#9307,.F.);
#9282 = FACE_BOUND('',#9283,.F.);
#9283 = EDGE_LOOP('',(#9284,#9294,#9300,#9301));
#9284 = ORIENTED_EDGE('',*,*,#9285,.T.);
#9285 = EDGE_CURVE('',#9286,#9288,#9290,.T.);
#9286 = VERTEX_POINT('',#9287);
#9287 = CARTESIAN_POINT('',(0.927383060237,-2.2,10.));
#9288 = VERTEX_POINT('',#9289);
#9289 = CARTESIAN_POINT('',(0.927383060237,-2.2,9.6));
#9290 = LINE('',#9291,#9292);
#9291 = CARTESIAN_POINT('',(0.927383060237,-2.2,10.));
#9292 = VECTOR('',#9293,1.);
#9293 = DIRECTION('',(0.,0.,-1.));
#9294 = ORIENTED_EDGE('',*,*,#9295,.T.);
#9295 = EDGE_CURVE('',#9288,#9255,#9296,.T.);
#9296 = B_SPLINE_CURVE_WITH_KNOTS('',2,(#9297,#9298,#9299),
  .UNSPECIFIED.,.F.,.F.,(3,3),(0.,1.),.PIECEWISE_BEZIER_KNOTS.);
#9297 = CARTESIAN_POINT('',(0.927383060237,-2.2,9.6));
#9298 = CARTESIAN_POINT('',(0.991644929674,-2.2,9.6));
#9299 = CARTESIAN_POINT('',(1.021550345104,-2.230044510386,9.6));
#9300 = ORIENTED_EDGE('',*,*,#9252,.F.);
#9301 = ORIENTED_EDGE('',*,*,#9302,.F.);
#9302 = EDGE_CURVE('',#9286,#9253,#9303,.T.);
#9303 = B_SPLINE_CURVE_WITH_KNOTS('',2,(#9304,#9305,#9306),
  .UNSPECIFIED.,.F.,.F.,(3,3),(0.,1.),.PIECEWISE_BEZIER_KNOTS.);
#9304 = CARTESIAN_POINT('',(0.927383060237,-2.2,10.));
#9305 = CARTESIAN_POINT('',(0.991644929674,-2.2,10.));
#9306 = CARTESIAN_POINT('',(1.021550345104,-2.230044510386,10.));
#9307 = SURFACE_OF_LINEAR_EXTRUSION('',#9308,#9312);
#9308 = B_SPLINE_CURVE_WITH_KNOTS('',2,(#9309,#9310,#9311),
  .UNSPECIFIED.,.F.,.F.,(3,3),(0.,1.),.PIECEWISE_BEZIER_KNOTS.);
#9309 = CARTESIAN_POINT('',(0.927383060237,-2.2,10.));
#9310 = CARTESIAN_POINT('',(0.991644929674,-2.2,10.));
#9311 = CARTESIAN_POINT('',(1.021550345104,-2.230044510386,10.));
#9312 = VECTOR('',#9313,1.);
#9313 = DIRECTION('',(-0.,-0.,1.));
#9314 = ADVANCED_FACE('',(#9315),#9340,.F.);
#9315 = FACE_BOUND('',#9316,.F.);
#9316 = EDGE_LOOP('',(#9317,#9327,#9333,#9334));
#9317 = ORIENTED_EDGE('',*,*,#9318,.T.);
#9318 = EDGE_CURVE('',#9319,#9321,#9323,.T.);
#9319 = VERTEX_POINT('',#9320);
#9320 = CARTESIAN_POINT('',(0.537917184866,-2.2,10.));
#9321 = VERTEX_POINT('',#9322);
#9322 = CARTESIAN_POINT('',(0.537917184866,-2.2,9.6));
#9323 = LINE('',#9324,#9325);
#9324 = CARTESIAN_POINT('',(0.537917184866,-2.2,10.));
#9325 = VECTOR('',#9326,1.);
#9326 = DIRECTION('',(0.,0.,-1.));
#9327 = ORIENTED_EDGE('',*,*,#9328,.T.);
#9328 = EDGE_CURVE('',#9321,#9288,#9329,.T.);
#9329 = LINE('',#9330,#9331);
#9330 = CARTESIAN_POINT('',(0.537917184866,-2.2,9.6));
#9331 = VECTOR('',#9332,1.);
#9332 = DIRECTION('',(1.,0.,0.));
#9333 = ORIENTED_EDGE('',*,*,#9285,.F.);
#9334 = ORIENTED_EDGE('',*,*,#9335,.F.);
#9335 = EDGE_CURVE('',#9319,#9286,#9336,.T.);
#9336 = LINE('',#9337,#9338);
#9337 = CARTESIAN_POINT('',(0.537917184866,-2.2,10.));
#9338 = VECTOR('',#9339,1.);
#9339 = DIRECTION('',(1.,0.,0.));
#9340 = PLANE('',#9341);
#9341 = AXIS2_PLACEMENT_3D('',#9342,#9343,#9344);
#9342 = CARTESIAN_POINT('',(0.537917184866,-2.2,10.));
#9343 = DIRECTION('',(0.,-1.,0.));
#9344 = DIRECTION('',(1.,0.,0.));
#9345 = ADVANCED_FACE('',(#9346),#9371,.F.);
#9346 = FACE_BOUND('',#9347,.F.);
#9347 = EDGE_LOOP('',(#9348,#9358,#9364,#9365));
#9348 = ORIENTED_EDGE('',*,*,#9349,.T.);
#9349 = EDGE_CURVE('',#9350,#9352,#9354,.T.);
#9350 = VERTEX_POINT('',#9351);
#9351 = CARTESIAN_POINT('',(0.460858579525,-2.230044510386,10.));
#9352 = VERTEX_POINT('',#9353);
#9353 = CARTESIAN_POINT('',(0.460858579525,-2.230044510386,9.6));
#9354 = LINE('',#9355,#9356);
#9355 = CARTESIAN_POINT('',(0.460858579525,-2.230044510386,10.));
#9356 = VECTOR('',#9357,1.);
#9357 = DIRECTION('',(0.,0.,-1.));
#9358 = ORIENTED_EDGE('',*,*,#9359,.T.);
#9359 = EDGE_CURVE('',#9352,#9321,#9360,.T.);
#9360 = B_SPLINE_CURVE_WITH_KNOTS('',2,(#9361,#9362,#9363),
  .UNSPECIFIED.,.F.,.F.,(3,3),(0.,1.),.PIECEWISE_BEZIER_KNOTS.);
#9361 = CARTESIAN_POINT('',(0.460858579525,-2.230044510386,9.6));
#9362 = CARTESIAN_POINT('',(0.490903089911,-2.2,9.6));
#9363 = CARTESIAN_POINT('',(0.537917184866,-2.2,9.6));
#9364 = ORIENTED_EDGE('',*,*,#9318,.F.);
#9365 = ORIENTED_EDGE('',*,*,#9366,.F.);
#9366 = EDGE_CURVE('',#9350,#9319,#9367,.T.);
#9367 = B_SPLINE_CURVE_WITH_KNOTS('',2,(#9368,#9369,#9370),
  .UNSPECIFIED.,.F.,.F.,(3,3),(0.,1.),.PIECEWISE_BEZIER_KNOTS.);
#9368 = CARTESIAN_POINT('',(0.460858579525,-2.230044510386,10.));
#9369 = CARTESIAN_POINT('',(0.490903089911,-2.2,10.));
#9370 = CARTESIAN_POINT('',(0.537917184866,-2.2,10.));
#9371 = SURFACE_OF_LINEAR_EXTRUSION('',#9372,#9376);
#9372 = B_SPLINE_CURVE_WITH_KNOTS('',2,(#9373,#9374,#9375),
  .UNSPECIFIED.,.F.,.F.,(3,3),(0.,1.),.PIECEWISE_BEZIER_KNOTS.);
#9373 = CARTESIAN_POINT('',(0.460858579525,-2.230044510386,10.));
#9374 = CARTESIAN_POINT('',(0.490903089911,-2.2,10.));
#9375 = CARTESIAN_POINT('',(0.537917184866,-2.2,10.));
#9376 = VECTOR('',#9377,1.);
#9377 = DIRECTION('',(-0.,-0.,1.));
#9378 = ADVANCED_FACE('',(#9379),#9404,.F.);
#9379 = FACE_BOUND('',#9380,.F.);
#9380 = EDGE_LOOP('',(#9381,#9391,#9397,#9398));
#9381 = ORIENTED_EDGE('',*,*,#9382,.T.);
#9382 = EDGE_CURVE('',#9383,#9385,#9387,.T.);
#9383 = VERTEX_POINT('',#9384);
#9384 = CARTESIAN_POINT('',(0.430953164095,-2.307103115727,10.));
#9385 = VERTEX_POINT('',#9386);
#9386 = CARTESIAN_POINT('',(0.430953164095,-2.307103115727,9.6));
#9387 = LINE('',#9388,#9389);
#9388 = CARTESIAN_POINT('',(0.430953164095,-2.307103115727,10.));
#9389 = VECTOR('',#9390,1.);
#9390 = DIRECTION('',(0.,0.,-1.));
#9391 = ORIENTED_EDGE('',*,*,#9392,.T.);
#9392 = EDGE_CURVE('',#9385,#9352,#9393,.T.);
#9393 = B_SPLINE_CURVE_WITH_KNOTS('',2,(#9394,#9395,#9396),
  .UNSPECIFIED.,.F.,.F.,(3,3),(0.,1.),.PIECEWISE_BEZIER_KNOTS.);
#9394 = CARTESIAN_POINT('',(0.430953164095,-2.307103115727,9.6));
#9395 = CARTESIAN_POINT('',(0.430953164095,-2.259949925816,9.6));
#9396 = CARTESIAN_POINT('',(0.460858579525,-2.230044510386,9.6));
#9397 = ORIENTED_EDGE('',*,*,#9349,.F.);
#9398 = ORIENTED_EDGE('',*,*,#9399,.F.);
#9399 = EDGE_CURVE('',#9383,#9350,#9400,.T.);
#9400 = B_SPLINE_CURVE_WITH_KNOTS('',2,(#9401,#9402,#9403),
  .UNSPECIFIED.,.F.,.F.,(3,3),(0.,1.),.PIECEWISE_BEZIER_KNOTS.);
#9401 = CARTESIAN_POINT('',(0.430953164095,-2.307103115727,10.));
#9402 = CARTESIAN_POINT('',(0.430953164095,-2.259949925816,10.));
#9403 = CARTESIAN_POINT('',(0.460858579525,-2.230044510386,10.));
#9404 = SURFACE_OF_LINEAR_EXTRUSION('',#9405,#9409);
#9405 = B_SPLINE_CURVE_WITH_KNOTS('',2,(#9406,#9407,#9408),
  .UNSPECIFIED.,.F.,.F.,(3,3),(0.,1.),.PIECEWISE_BEZIER_KNOTS.);
#9406 = CARTESIAN_POINT('',(0.430953164095,-2.307103115727,10.));
#9407 = CARTESIAN_POINT('',(0.430953164095,-2.259949925816,10.));
#9408 = CARTESIAN_POINT('',(0.460858579525,-2.230044510386,10.));
#9409 = VECTOR('',#9410,1.);
#9410 = DIRECTION('',(-0.,-0.,1.));
#9411 = ADVANCED_FACE('',(#9412),#9437,.F.);
#9412 = FACE_BOUND('',#9413,.F.);
#9413 = EDGE_LOOP('',(#9414,#9424,#9430,#9431));
#9414 = ORIENTED_EDGE('',*,*,#9415,.T.);
#9415 = EDGE_CURVE('',#9416,#9418,#9420,.T.);
#9416 = VERTEX_POINT('',#9417);
#9417 = CARTESIAN_POINT('',(0.430953164095,-5.092757789318,10.));
#9418 = VERTEX_POINT('',#9419);
#9419 = CARTESIAN_POINT('',(0.430953164095,-5.092757789318,9.6));
#9420 = LINE('',#9421,#9422);
#9421 = CARTESIAN_POINT('',(0.430953164095,-5.092757789318,10.));
#9422 = VECTOR('',#9423,1.);
#9423 = DIRECTION('',(0.,0.,-1.));
#9424 = ORIENTED_EDGE('',*,*,#9425,.T.);
#9425 = EDGE_CURVE('',#9418,#9385,#9426,.T.);
#9426 = LINE('',#9427,#9428);
#9427 = CARTESIAN_POINT('',(0.430953164095,-5.092757789318,9.6));
#9428 = VECTOR('',#9429,1.);
#9429 = DIRECTION('',(0.,1.,0.));
#9430 = ORIENTED_EDGE('',*,*,#9382,.F.);
#9431 = ORIENTED_EDGE('',*,*,#9432,.F.);
#9432 = EDGE_CURVE('',#9416,#9383,#9433,.T.);
#9433 = LINE('',#9434,#9435);
#9434 = CARTESIAN_POINT('',(0.430953164095,-5.092757789318,10.));
#9435 = VECTOR('',#9436,1.);
#9436 = DIRECTION('',(0.,1.,0.));
#9437 = PLANE('',#9438);
#9438 = AXIS2_PLACEMENT_3D('',#9439,#9440,#9441);
#9439 = CARTESIAN_POINT('',(0.430953164095,-5.092757789318,10.));
#9440 = DIRECTION('',(1.,-0.,0.));
#9441 = DIRECTION('',(0.,1.,0.));
#9442 = ADVANCED_FACE('',(#9443),#9459,.F.);
#9443 = FACE_BOUND('',#9444,.F.);
#9444 = EDGE_LOOP('',(#9445,#9446,#9452,#9453));
#9445 = ORIENTED_EDGE('',*,*,#8650,.T.);
#9446 = ORIENTED_EDGE('',*,*,#9447,.T.);
#9447 = EDGE_CURVE('',#8643,#9418,#9448,.T.);
#9448 = B_SPLINE_CURVE_WITH_KNOTS('',2,(#9449,#9450,#9451),
  .UNSPECIFIED.,.F.,.F.,(3,3),(0.,1.),.PIECEWISE_BEZIER_KNOTS.);
#9449 = CARTESIAN_POINT('',(0.460580389614,-5.17009458457,9.6));
#9450 = CARTESIAN_POINT('',(0.430953164095,-5.140050074184,9.6));
#9451 = CARTESIAN_POINT('',(0.430953164095,-5.092757789318,9.6));
#9452 = ORIENTED_EDGE('',*,*,#9415,.F.);
#9453 = ORIENTED_EDGE('',*,*,#9454,.F.);
#9454 = EDGE_CURVE('',#8651,#9416,#9455,.T.);
#9455 = B_SPLINE_CURVE_WITH_KNOTS('',2,(#9456,#9457,#9458),
  .UNSPECIFIED.,.F.,.F.,(3,3),(0.,1.),.PIECEWISE_BEZIER_KNOTS.);
#9456 = CARTESIAN_POINT('',(0.460580389614,-5.17009458457,10.));
#9457 = CARTESIAN_POINT('',(0.430953164095,-5.140050074184,10.));
#9458 = CARTESIAN_POINT('',(0.430953164095,-5.092757789318,10.));
#9459 = SURFACE_OF_LINEAR_EXTRUSION('',#9460,#9464);
#9460 = B_SPLINE_CURVE_WITH_KNOTS('',2,(#9461,#9462,#9463),
  .UNSPECIFIED.,.F.,.F.,(3,3),(0.,1.),.PIECEWISE_BEZIER_KNOTS.);
#9461 = CARTESIAN_POINT('',(0.460580389614,-5.17009458457,10.));
#9462 = CARTESIAN_POINT('',(0.430953164095,-5.140050074184,10.));
#9463 = CARTESIAN_POINT('',(0.430953164095,-5.092757789318,10.));
#9464 = VECTOR('',#9465,1.);
#9465 = DIRECTION('',(-0.,-0.,1.));
#9466 = ADVANCED_FACE('',(#9467),#9495,.T.);
#9467 = FACE_BOUND('',#9468,.T.);
#9468 = EDGE_LOOP('',(#9469,#9470,#9471,#9472,#9473,#9474,#9475,#9476,
    #9477,#9478,#9479,#9480,#9481,#9482,#9483,#9484,#9485,#9486,#9487,
    #9488,#9489,#9490,#9491,#9492,#9493,#9494));
#9469 = ORIENTED_EDGE('',*,*,#8658,.F.);
#9470 = ORIENTED_EDGE('',*,*,#8691,.F.);
#9471 = ORIENTED_EDGE('',*,*,#8722,.F.);
#9472 = ORIENTED_EDGE('',*,*,#8755,.F.);
#9473 = ORIENTED_EDGE('',*,*,#8788,.F.);
#9474 = ORIENTED_EDGE('',*,*,#8819,.F.);
#9475 = ORIENTED_EDGE('',*,*,#8850,.F.);
#9476 = ORIENTED_EDGE('',*,*,#8883,.F.);
#9477 = ORIENTED_EDGE('',*,*,#8916,.F.);
#9478 = ORIENTED_EDGE('',*,*,#8947,.F.);
#9479 = ORIENTED_EDGE('',*,*,#8980,.F.);
#9480 = ORIENTED_EDGE('',*,*,#9013,.F.);
#9481 = ORIENTED_EDGE('',*,*,#9044,.F.);
#9482 = ORIENTED_EDGE('',*,*,#9077,.F.);
#9483 = ORIENTED_EDGE('',*,*,#9110,.F.);
#9484 = ORIENTED_EDGE('',*,*,#9141,.F.);
#9485 = ORIENTED_EDGE('',*,*,#9174,.F.);
#9486 = ORIENTED_EDGE('',*,*,#9207,.F.);
#9487 = ORIENTED_EDGE('',*,*,#9238,.F.);
#9488 = ORIENTED_EDGE('',*,*,#9269,.F.);
#9489 = ORIENTED_EDGE('',*,*,#9302,.F.);
#9490 = ORIENTED_EDGE('',*,*,#9335,.F.);
#9491 = ORIENTED_EDGE('',*,*,#9366,.F.);
#9492 = ORIENTED_EDGE('',*,*,#9399,.F.);
#9493 = ORIENTED_EDGE('',*,*,#9432,.F.);
#9494 = ORIENTED_EDGE('',*,*,#9454,.F.);
#9495 = PLANE('',#9496);
#9496 = AXIS2_PLACEMENT_3D('',#9497,#9498,#9499);
#9497 = CARTESIAN_POINT('',(1.638852183373,-3.703249315527,10.));
#9498 = DIRECTION('',(0.,0.,1.));
#9499 = DIRECTION('',(1.,0.,0.));
#9500 = ADVANCED_FACE('',(#9501),#9529,.F.);
#9501 = FACE_BOUND('',#9502,.F.);
#9502 = EDGE_LOOP('',(#9503,#9504,#9505,#9506,#9507,#9508,#9509,#9510,
    #9511,#9512,#9513,#9514,#9515,#9516,#9517,#9518,#9519,#9520,#9521,
    #9522,#9523,#9524,#9525,#9526,#9527,#9528));
#9503 = ORIENTED_EDGE('',*,*,#8642,.F.);
#9504 = ORIENTED_EDGE('',*,*,#8684,.F.);
#9505 = ORIENTED_EDGE('',*,*,#8715,.F.);
#9506 = ORIENTED_EDGE('',*,*,#8748,.F.);
#9507 = ORIENTED_EDGE('',*,*,#8781,.F.);
#9508 = ORIENTED_EDGE('',*,*,#8812,.F.);
#9509 = ORIENTED_EDGE('',*,*,#8843,.F.);
#9510 = ORIENTED_EDGE('',*,*,#8876,.F.);
#9511 = ORIENTED_EDGE('',*,*,#8909,.F.);
#9512 = ORIENTED_EDGE('',*,*,#8940,.F.);
#9513 = ORIENTED_EDGE('',*,*,#8973,.F.);
#9514 = ORIENTED_EDGE('',*,*,#9006,.F.);
#9515 = ORIENTED_EDGE('',*,*,#9037,.F.);
#9516 = ORIENTED_EDGE('',*,*,#9070,.F.);
#9517 = ORIENTED_EDGE('',*,*,#9103,.F.);
#9518 = ORIENTED_EDGE('',*,*,#9134,.F.);
#9519 = ORIENTED_EDGE('',*,*,#9167,.F.);
#9520 = ORIENTED_EDGE('',*,*,#9200,.F.);
#9521 = ORIENTED_EDGE('',*,*,#9231,.F.);
#9522 = ORIENTED_EDGE('',*,*,#9262,.F.);
#9523 = ORIENTED_EDGE('',*,*,#9295,.F.);
#9524 = ORIENTED_EDGE('',*,*,#9328,.F.);
#9525 = ORIENTED_EDGE('',*,*,#9359,.F.);
#9526 = ORIENTED_EDGE('',*,*,#9392,.F.);
#9527 = ORIENTED_EDGE('',*,*,#9425,.F.);
#9528 = ORIENTED_EDGE('',*,*,#9447,.F.);
#9529 = PLANE('',#9530);
#9530 = AXIS2_PLACEMENT_3D('',#9531,#9532,#9533);
#9531 = CARTESIAN_POINT('',(1.638852183373,-3.703249315527,9.6));
#9532 = DIRECTION('',(0.,0.,1.));
#9533 = DIRECTION('',(1.,0.,0.));
#9534 = MANIFOLD_SOLID_BREP('',#9535);
#9535 = CLOSED_SHELL('',(#9536,#9578,#9609,#9642,#9675,#9706,#9737,#9770
    ,#9803,#9834,#9867,#9900,#9931,#9964,#9997,#10028,#10061,#10094,
    #10125,#10156,#10180,#10208));
#9536 = ADVANCED_FACE('',(#9537),#9571,.F.);
#9537 = FACE_BOUND('',#9538,.F.);
#9538 = EDGE_LOOP('',(#9539,#9549,#9557,#9565));
#9539 = ORIENTED_EDGE('',*,*,#9540,.T.);
#9540 = EDGE_CURVE('',#9541,#9543,#9545,.T.);
#9541 = VERTEX_POINT('',#9542);
#9542 = CARTESIAN_POINT('',(4.139641962315,-5.2,10.));
#9543 = VERTEX_POINT('',#9544);
#9544 = CARTESIAN_POINT('',(4.139641962315,-5.2,9.6));
#9545 = LINE('',#9546,#9547);
#9546 = CARTESIAN_POINT('',(4.139641962315,-5.2,10.));
#9547 = VECTOR('',#9548,1.);
#9548 = DIRECTION('',(0.,0.,-1.));
#9549 = ORIENTED_EDGE('',*,*,#9550,.T.);
#9550 = EDGE_CURVE('',#9543,#9551,#9553,.T.);
#9551 = VERTEX_POINT('',#9552);
#9552 = CARTESIAN_POINT('',(4.06300064184,-5.17009458457,9.6));
#9553 = B_SPLINE_CURVE_WITH_KNOTS('',2,(#9554,#9555,#9556),
  .UNSPECIFIED.,.F.,.F.,(3,3),(0.,1.),.PIECEWISE_BEZIER_KNOTS.);
#9554 = CARTESIAN_POINT('',(4.139641962315,-5.2,9.6));
#9555 = CARTESIAN_POINT('',(4.092766962315,-5.2,9.6));
#9556 = CARTESIAN_POINT('',(4.06300064184,-5.17009458457,9.6));
#9557 = ORIENTED_EDGE('',*,*,#9558,.F.);
#9558 = EDGE_CURVE('',#9559,#9551,#9561,.T.);
#9559 = VERTEX_POINT('',#9560);
#9560 = CARTESIAN_POINT('',(4.06300064184,-5.17009458457,10.));
#9561 = LINE('',#9562,#9563);
#9562 = CARTESIAN_POINT('',(4.06300064184,-5.17009458457,10.));
#9563 = VECTOR('',#9564,1.);
#9564 = DIRECTION('',(0.,0.,-1.));
#9565 = ORIENTED_EDGE('',*,*,#9566,.F.);
#9566 = EDGE_CURVE('',#9541,#9559,#9567,.T.);
#9567 = B_SPLINE_CURVE_WITH_KNOTS('',2,(#9568,#9569,#9570),
  .UNSPECIFIED.,.F.,.F.,(3,3),(0.,1.),.PIECEWISE_BEZIER_KNOTS.);
#9568 = CARTESIAN_POINT('',(4.139641962315,-5.2,10.));
#9569 = CARTESIAN_POINT('',(4.092766962315,-5.2,10.));
#9570 = CARTESIAN_POINT('',(4.06300064184,-5.17009458457,10.));
#9571 = SURFACE_OF_LINEAR_EXTRUSION('',#9572,#9576);
#9572 = B_SPLINE_CURVE_WITH_KNOTS('',2,(#9573,#9574,#9575),
  .UNSPECIFIED.,.F.,.F.,(3,3),(0.,1.),.PIECEWISE_BEZIER_KNOTS.);
#9573 = CARTESIAN_POINT('',(4.139641962315,-5.2,10.));
#9574 = CARTESIAN_POINT('',(4.092766962315,-5.2,10.));
#9575 = CARTESIAN_POINT('',(4.06300064184,-5.17009458457,10.));
#9576 = VECTOR('',#9577,1.);
#9577 = DIRECTION('',(-0.,-0.,1.));
#9578 = ADVANCED_FACE('',(#9579),#9604,.F.);
#9579 = FACE_BOUND('',#9580,.F.);
#9580 = EDGE_LOOP('',(#9581,#9591,#9597,#9598));
#9581 = ORIENTED_EDGE('',*,*,#9582,.T.);
#9582 = EDGE_CURVE('',#9583,#9585,#9587,.T.);
#9583 = VERTEX_POINT('',#9584);
#9584 = CARTESIAN_POINT('',(4.612286621068,-5.2,10.));
#9585 = VERTEX_POINT('',#9586);
#9586 = CARTESIAN_POINT('',(4.612286621068,-5.2,9.6));
#9587 = LINE('',#9588,#9589);
#9588 = CARTESIAN_POINT('',(4.612286621068,-5.2,10.));
#9589 = VECTOR('',#9590,1.);
#9590 = DIRECTION('',(0.,0.,-1.));
#9591 = ORIENTED_EDGE('',*,*,#9592,.T.);
#9592 = EDGE_CURVE('',#9585,#9543,#9593,.T.);
#9593 = LINE('',#9594,#9595);
#9594 = CARTESIAN_POINT('',(4.612286621068,-5.2,9.6));
#9595 = VECTOR('',#9596,1.);
#9596 = DIRECTION('',(-1.,0.,0.));
#9597 = ORIENTED_EDGE('',*,*,#9540,.F.);
#9598 = ORIENTED_EDGE('',*,*,#9599,.F.);
#9599 = EDGE_CURVE('',#9583,#9541,#9600,.T.);
#9600 = LINE('',#9601,#9602);
#9601 = CARTESIAN_POINT('',(4.612286621068,-5.2,10.));
#9602 = VECTOR('',#9603,1.);
#9603 = DIRECTION('',(-1.,0.,0.));
#9604 = PLANE('',#9605);
#9605 = AXIS2_PLACEMENT_3D('',#9606,#9607,#9608);
#9606 = CARTESIAN_POINT('',(4.612286621068,-5.2,10.));
#9607 = DIRECTION('',(0.,1.,0.));
#9608 = DIRECTION('',(-1.,0.,0.));
#9609 = ADVANCED_FACE('',(#9610),#9635,.F.);
#9610 = FACE_BOUND('',#9611,.F.);
#9611 = EDGE_LOOP('',(#9612,#9622,#9628,#9629));
#9612 = ORIENTED_EDGE('',*,*,#9613,.T.);
#9613 = EDGE_CURVE('',#9614,#9616,#9618,.T.);
#9614 = VERTEX_POINT('',#9615);
#9615 = CARTESIAN_POINT('',(4.688927941543,-5.17009458457,10.));
#9616 = VERTEX_POINT('',#9617);
#9617 = CARTESIAN_POINT('',(4.688927941543,-5.17009458457,9.6));
#9618 = LINE('',#9619,#9620);
#9619 = CARTESIAN_POINT('',(4.688927941543,-5.17009458457,10.));
#9620 = VECTOR('',#9621,1.);
#9621 = DIRECTION('',(0.,0.,-1.));
#9622 = ORIENTED_EDGE('',*,*,#9623,.T.);
#9623 = EDGE_CURVE('',#9616,#9585,#9624,.T.);
#9624 = B_SPLINE_CURVE_WITH_KNOTS('',2,(#9625,#9626,#9627),
  .UNSPECIFIED.,.F.,.F.,(3,3),(0.,1.),.PIECEWISE_BEZIER_KNOTS.);
#9625 = CARTESIAN_POINT('',(4.688927941543,-5.17009458457,9.6));
#9626 = CARTESIAN_POINT('',(4.659161621068,-5.2,9.6));
#9627 = CARTESIAN_POINT('',(4.612286621068,-5.2,9.6));
#9628 = ORIENTED_EDGE('',*,*,#9582,.F.);
#9629 = ORIENTED_EDGE('',*,*,#9630,.F.);
#9630 = EDGE_CURVE('',#9614,#9583,#9631,.T.);
#9631 = B_SPLINE_CURVE_WITH_KNOTS('',2,(#9632,#9633,#9634),
  .UNSPECIFIED.,.F.,.F.,(3,3),(0.,1.),.PIECEWISE_BEZIER_KNOTS.);
#9632 = CARTESIAN_POINT('',(4.688927941543,-5.17009458457,10.));
#9633 = CARTESIAN_POINT('',(4.659161621068,-5.2,10.));
#9634 = CARTESIAN_POINT('',(4.612286621068,-5.2,10.));
#9635 = SURFACE_OF_LINEAR_EXTRUSION('',#9636,#9640);
#9636 = B_SPLINE_CURVE_WITH_KNOTS('',2,(#9637,#9638,#9639),
  .UNSPECIFIED.,.F.,.F.,(3,3),(0.,1.),.PIECEWISE_BEZIER_KNOTS.);
#9637 = CARTESIAN_POINT('',(4.688927941543,-5.17009458457,10.));
#9638 = CARTESIAN_POINT('',(4.659161621068,-5.2,10.));
#9639 = CARTESIAN_POINT('',(4.612286621068,-5.2,10.));
#9640 = VECTOR('',#9641,1.);
#9641 = DIRECTION('',(-0.,-0.,1.));
#9642 = ADVANCED_FACE('',(#9643),#9668,.F.);
#9643 = FACE_BOUND('',#9644,.F.);
#9644 = EDGE_LOOP('',(#9645,#9655,#9661,#9662));
#9645 = ORIENTED_EDGE('',*,*,#9646,.T.);
#9646 = EDGE_CURVE('',#9647,#9649,#9651,.T.);
#9647 = VERTEX_POINT('',#9648);
#9648 = CARTESIAN_POINT('',(4.718694262018,-5.092896884273,10.));
#9649 = VERTEX_POINT('',#9650);
#9650 = CARTESIAN_POINT('',(4.718694262018,-5.092896884273,9.6));
#9651 = LINE('',#9652,#9653);
#9652 = CARTESIAN_POINT('',(4.718694262018,-5.092896884273,10.));
#9653 = VECTOR('',#9654,1.);
#9654 = DIRECTION('',(0.,0.,-1.));
#9655 = ORIENTED_EDGE('',*,*,#9656,.T.);
#9656 = EDGE_CURVE('',#9649,#9616,#9657,.T.);
#9657 = B_SPLINE_CURVE_WITH_KNOTS('',2,(#9658,#9659,#9660),
  .UNSPECIFIED.,.F.,.F.,(3,3),(0.,1.),.PIECEWISE_BEZIER_KNOTS.);
#9658 = CARTESIAN_POINT('',(4.718694262018,-5.092896884273,9.6));
#9659 = CARTESIAN_POINT('',(4.718694262018,-5.140050074184,9.6));
#9660 = CARTESIAN_POINT('',(4.688927941543,-5.17009458457,9.6));
#9661 = ORIENTED_EDGE('',*,*,#9613,.F.);
#9662 = ORIENTED_EDGE('',*,*,#9663,.F.);
#9663 = EDGE_CURVE('',#9647,#9614,#9664,.T.);
#9664 = B_SPLINE_CURVE_WITH_KNOTS('',2,(#9665,#9666,#9667),
  .UNSPECIFIED.,.F.,.F.,(3,3),(0.,1.),.PIECEWISE_BEZIER_KNOTS.);
#9665 = CARTESIAN_POINT('',(4.718694262018,-5.092896884273,10.));
#9666 = CARTESIAN_POINT('',(4.718694262018,-5.140050074184,10.));
#9667 = CARTESIAN_POINT('',(4.688927941543,-5.17009458457,10.));
#9668 = SURFACE_OF_LINEAR_EXTRUSION('',#9669,#9673);
#9669 = B_SPLINE_CURVE_WITH_KNOTS('',2,(#9670,#9671,#9672),
  .UNSPECIFIED.,.F.,.F.,(3,3),(0.,1.),.PIECEWISE_BEZIER_KNOTS.);
#9670 = CARTESIAN_POINT('',(4.718694262018,-5.092896884273,10.));
#9671 = CARTESIAN_POINT('',(4.718694262018,-5.140050074184,10.));
#9672 = CARTESIAN_POINT('',(4.688927941543,-5.17009458457,10.));
#9673 = VECTOR('',#9674,1.);
#9674 = DIRECTION('',(-0.,-0.,1.));
#9675 = ADVANCED_FACE('',(#9676),#9701,.F.);
#9676 = FACE_BOUND('',#9677,.F.);
#9677 = EDGE_LOOP('',(#9678,#9688,#9694,#9695));
#9678 = ORIENTED_EDGE('',*,*,#9679,.T.);
#9679 = EDGE_CURVE('',#9680,#9682,#9684,.T.);
#9680 = VERTEX_POINT('',#9681);
#9681 = CARTESIAN_POINT('',(4.718694262018,-2.796439169139,10.));
#9682 = VERTEX_POINT('',#9683);
#9683 = CARTESIAN_POINT('',(4.718694262018,-2.796439169139,9.6));
#9684 = LINE('',#9685,#9686);
#9685 = CARTESIAN_POINT('',(4.718694262018,-2.796439169139,10.));
#9686 = VECTOR('',#9687,1.);
#9687 = DIRECTION('',(0.,0.,-1.));
#9688 = ORIENTED_EDGE('',*,*,#9689,.T.);
#9689 = EDGE_CURVE('',#9682,#9649,#9690,.T.);
#9690 = LINE('',#9691,#9692);
#9691 = CARTESIAN_POINT('',(4.718694262018,-2.796439169139,9.6));
#9692 = VECTOR('',#9693,1.);
#9693 = DIRECTION('',(0.,-1.,0.));
#9694 = ORIENTED_EDGE('',*,*,#9646,.F.);
#9695 = ORIENTED_EDGE('',*,*,#9696,.F.);
#9696 = EDGE_CURVE('',#9680,#9647,#9697,.T.);
#9697 = LINE('',#9698,#9699);
#9698 = CARTESIAN_POINT('',(4.718694262018,-2.796439169139,10.));
#9699 = VECTOR('',#9700,1.);
#9700 = DIRECTION('',(0.,-1.,0.));
#9701 = PLANE('',#9702);
#9702 = AXIS2_PLACEMENT_3D('',#9703,#9704,#9705);
#9703 = CARTESIAN_POINT('',(4.718694262018,-2.796439169139,10.));
#9704 = DIRECTION('',(-1.,-0.,-0.));
#9705 = DIRECTION('',(0.,-1.,0.));
#9706 = ADVANCED_FACE('',(#9707),#9732,.F.);
#9707 = FACE_BOUND('',#9708,.F.);
#9708 = EDGE_LOOP('',(#9709,#9719,#9725,#9726));
#9709 = ORIENTED_EDGE('',*,*,#9710,.T.);
#9710 = EDGE_CURVE('',#9711,#9713,#9715,.T.);
#9711 = VERTEX_POINT('',#9712);
#9712 = CARTESIAN_POINT('',(5.493035879228,-2.796439169139,10.));
#9713 = VERTEX_POINT('',#9714);
#9714 = CARTESIAN_POINT('',(5.493035879228,-2.796439169139,9.6));
#9715 = LINE('',#9716,#9717);
#9716 = CARTESIAN_POINT('',(5.493035879228,-2.796439169139,10.));
#9717 = VECTOR('',#9718,1.);
#9718 = DIRECTION('',(0.,0.,-1.));
#9719 = ORIENTED_EDGE('',*,*,#9720,.T.);
#9720 = EDGE_CURVE('',#9713,#9682,#9721,.T.);
#9721 = LINE('',#9722,#9723);
#9722 = CARTESIAN_POINT('',(5.493035879228,-2.796439169139,9.6));
#9723 = VECTOR('',#9724,1.);
#9724 = DIRECTION('',(-1.,0.,0.));
#9725 = ORIENTED_EDGE('',*,*,#9679,.F.);
#9726 = ORIENTED_EDGE('',*,*,#9727,.F.);
#9727 = EDGE_CURVE('',#9711,#9680,#9728,.T.);
#9728 = LINE('',#9729,#9730);
#9729 = CARTESIAN_POINT('',(5.493035879228,-2.796439169139,10.));
#9730 = VECTOR('',#9731,1.);
#9731 = DIRECTION('',(-1.,0.,0.));
#9732 = PLANE('',#9733);
#9733 = AXIS2_PLACEMENT_3D('',#9734,#9735,#9736);
#9734 = CARTESIAN_POINT('',(5.493035879228,-2.796439169139,10.));
#9735 = DIRECTION('',(0.,1.,0.));
#9736 = DIRECTION('',(-1.,0.,0.));
#9737 = ADVANCED_FACE('',(#9738),#9763,.F.);
#9738 = FACE_BOUND('',#9739,.F.);
#9739 = EDGE_LOOP('',(#9740,#9750,#9756,#9757));
#9740 = ORIENTED_EDGE('',*,*,#9741,.T.);
#9741 = EDGE_CURVE('',#9742,#9744,#9746,.T.);
#9742 = VERTEX_POINT('',#9743);
#9743 = CARTESIAN_POINT('',(5.569955389614,-2.766394658754,10.));
#9744 = VERTEX_POINT('',#9745);
#9745 = CARTESIAN_POINT('',(5.569955389614,-2.766394658754,9.6));
#9746 = LINE('',#9747,#9748);
#9747 = CARTESIAN_POINT('',(5.569955389614,-2.766394658754,10.));
#9748 = VECTOR('',#9749,1.);
#9749 = DIRECTION('',(0.,0.,-1.));
#9750 = ORIENTED_EDGE('',*,*,#9751,.T.);
#9751 = EDGE_CURVE('',#9744,#9713,#9752,.T.);
#9752 = B_SPLINE_CURVE_WITH_KNOTS('',2,(#9753,#9754,#9755),
  .UNSPECIFIED.,.F.,.F.,(3,3),(0.,1.),.PIECEWISE_BEZIER_KNOTS.);
#9753 = CARTESIAN_POINT('',(5.569955389614,-2.766394658754,9.6));
#9754 = CARTESIAN_POINT('',(5.540049974184,-2.796439169139,9.6));
#9755 = CARTESIAN_POINT('',(5.493035879228,-2.796439169139,9.6));
#9756 = ORIENTED_EDGE('',*,*,#9710,.F.);
#9757 = ORIENTED_EDGE('',*,*,#9758,.F.);
#9758 = EDGE_CURVE('',#9742,#9711,#9759,.T.);
#9759 = B_SPLINE_CURVE_WITH_KNOTS('',2,(#9760,#9761,#9762),
  .UNSPECIFIED.,.F.,.F.,(3,3),(0.,1.),.PIECEWISE_BEZIER_KNOTS.);
#9760 = CARTESIAN_POINT('',(5.569955389614,-2.766394658754,10.));
#9761 = CARTESIAN_POINT('',(5.540049974184,-2.796439169139,10.));
#9762 = CARTESIAN_POINT('',(5.493035879228,-2.796439169139,10.));
#9763 = SURFACE_OF_LINEAR_EXTRUSION('',#9764,#9768);
#9764 = B_SPLINE_CURVE_WITH_KNOTS('',2,(#9765,#9766,#9767),
  .UNSPECIFIED.,.F.,.F.,(3,3),(0.,1.),.PIECEWISE_BEZIER_KNOTS.);
#9765 = CARTESIAN_POINT('',(5.569955389614,-2.766394658754,10.));
#9766 = CARTESIAN_POINT('',(5.540049974184,-2.796439169139,10.));
#9767 = CARTESIAN_POINT('',(5.493035879228,-2.796439169139,10.));
#9768 = VECTOR('',#9769,1.);
#9769 = DIRECTION('',(-0.,-0.,1.));
#9770 = ADVANCED_FACE('',(#9771),#9796,.F.);
#9771 = FACE_BOUND('',#9772,.F.);
#9772 = EDGE_LOOP('',(#9773,#9783,#9789,#9790));
#9773 = ORIENTED_EDGE('',*,*,#9774,.T.);
#9774 = EDGE_CURVE('',#9775,#9777,#9779,.T.);
#9775 = VERTEX_POINT('',#9776);
#9776 = CARTESIAN_POINT('',(5.5999999,-2.693508902077,10.));
#9777 = VERTEX_POINT('',#9778);
#9778 = CARTESIAN_POINT('',(5.5999999,-2.693508902077,9.6));
#9779 = LINE('',#9780,#9781);
#9780 = CARTESIAN_POINT('',(5.5999999,-2.693508902077,10.));
#9781 = VECTOR('',#9782,1.);
#9782 = DIRECTION('',(0.,0.,-1.));
#9783 = ORIENTED_EDGE('',*,*,#9784,.T.);
#9784 = EDGE_CURVE('',#9777,#9744,#9785,.T.);
#9785 = B_SPLINE_CURVE_WITH_KNOTS('',2,(#9786,#9787,#9788),
  .UNSPECIFIED.,.F.,.F.,(3,3),(0.,1.),.PIECEWISE_BEZIER_KNOTS.);
#9786 = CARTESIAN_POINT('',(5.5999999,-2.693508902077,9.6));
#9787 = CARTESIAN_POINT('',(5.5999999,-2.736350148368,9.6));
#9788 = CARTESIAN_POINT('',(5.569955389614,-2.766394658754,9.6));
#9789 = ORIENTED_EDGE('',*,*,#9741,.F.);
#9790 = ORIENTED_EDGE('',*,*,#9791,.F.);
#9791 = EDGE_CURVE('',#9775,#9742,#9792,.T.);
#9792 = B_SPLINE_CURVE_WITH_KNOTS('',2,(#9793,#9794,#9795),
  .UNSPECIFIED.,.F.,.F.,(3,3),(0.,1.),.PIECEWISE_BEZIER_KNOTS.);
#9793 = CARTESIAN_POINT('',(5.5999999,-2.693508902077,10.));
#9794 = CARTESIAN_POINT('',(5.5999999,-2.736350148368,10.));
#9795 = CARTESIAN_POINT('',(5.569955389614,-2.766394658754,10.));
#9796 = SURFACE_OF_LINEAR_EXTRUSION('',#9797,#9801);
#9797 = B_SPLINE_CURVE_WITH_KNOTS('',2,(#9798,#9799,#9800),
  .UNSPECIFIED.,.F.,.F.,(3,3),(0.,1.),.PIECEWISE_BEZIER_KNOTS.);
#9798 = CARTESIAN_POINT('',(5.5999999,-2.693508902077,10.));
#9799 = CARTESIAN_POINT('',(5.5999999,-2.736350148368,10.));
#9800 = CARTESIAN_POINT('',(5.569955389614,-2.766394658754,10.));
#9801 = VECTOR('',#9802,1.);
#9802 = DIRECTION('',(-0.,-0.,1.));
#9803 = ADVANCED_FACE('',(#9804),#9829,.F.);
#9804 = FACE_BOUND('',#9805,.F.);
#9805 = EDGE_LOOP('',(#9806,#9816,#9822,#9823));
#9806 = ORIENTED_EDGE('',*,*,#9807,.T.);
#9807 = EDGE_CURVE('',#9808,#9810,#9812,.T.);
#9808 = VERTEX_POINT('',#9809);
#9809 = CARTESIAN_POINT('',(5.5999999,-2.307242210682,10.));
#9810 = VERTEX_POINT('',#9811);
#9811 = CARTESIAN_POINT('',(5.5999999,-2.307242210682,9.6));
#9812 = LINE('',#9813,#9814);
#9813 = CARTESIAN_POINT('',(5.5999999,-2.307242210682,10.));
#9814 = VECTOR('',#9815,1.);
#9815 = DIRECTION('',(0.,0.,-1.));
#9816 = ORIENTED_EDGE('',*,*,#9817,.T.);
#9817 = EDGE_CURVE('',#9810,#9777,#9818,.T.);
#9818 = LINE('',#9819,#9820);
#9819 = CARTESIAN_POINT('',(5.5999999,-2.307242210682,9.6));
#9820 = VECTOR('',#9821,1.);
#9821 = DIRECTION('',(0.,-1.,0.));
#9822 = ORIENTED_EDGE('',*,*,#9774,.F.);
#9823 = ORIENTED_EDGE('',*,*,#9824,.F.);
#9824 = EDGE_CURVE('',#9808,#9775,#9825,.T.);
#9825 = LINE('',#9826,#9827);
#9826 = CARTESIAN_POINT('',(5.5999999,-2.307242210682,10.));
#9827 = VECTOR('',#9828,1.);
#9828 = DIRECTION('',(0.,-1.,0.));
#9829 = PLANE('',#9830);
#9830 = AXIS2_PLACEMENT_3D('',#9831,#9832,#9833);
#9831 = CARTESIAN_POINT('',(5.5999999,-2.307242210682,10.));
#9832 = DIRECTION('',(-1.,-0.,-0.));
#9833 = DIRECTION('',(0.,-1.,0.));
#9834 = ADVANCED_FACE('',(#9835),#9860,.F.);
#9835 = FACE_BOUND('',#9836,.F.);
#9836 = EDGE_LOOP('',(#9837,#9847,#9853,#9854));
#9837 = ORIENTED_EDGE('',*,*,#9838,.T.);
#9838 = EDGE_CURVE('',#9839,#9841,#9843,.T.);
#9839 = VERTEX_POINT('',#9840);
#9840 = CARTESIAN_POINT('',(5.57009448457,-2.230044510386,10.));
#9841 = VERTEX_POINT('',#9842);
#9842 = CARTESIAN_POINT('',(5.57009448457,-2.230044510386,9.6));
#9843 = LINE('',#9844,#9845);
#9844 = CARTESIAN_POINT('',(5.57009448457,-2.230044510386,10.));
#9845 = VECTOR('',#9846,1.);
#9846 = DIRECTION('',(0.,0.,-1.));
#9847 = ORIENTED_EDGE('',*,*,#9848,.T.);
#9848 = EDGE_CURVE('',#9841,#9810,#9849,.T.);
#9849 = B_SPLINE_CURVE_WITH_KNOTS('',2,(#9850,#9851,#9852),
  .UNSPECIFIED.,.F.,.F.,(3,3),(0.,1.),.PIECEWISE_BEZIER_KNOTS.);
#9850 = CARTESIAN_POINT('',(5.57009448457,-2.230044510386,9.6));
#9851 = CARTESIAN_POINT('',(5.5999999,-2.260089020772,9.6));
#9852 = CARTESIAN_POINT('',(5.5999999,-2.307242210682,9.6));
#9853 = ORIENTED_EDGE('',*,*,#9807,.F.);
#9854 = ORIENTED_EDGE('',*,*,#9855,.F.);
#9855 = EDGE_CURVE('',#9839,#9808,#9856,.T.);
#9856 = B_SPLINE_CURVE_WITH_KNOTS('',2,(#9857,#9858,#9859),
  .UNSPECIFIED.,.F.,.F.,(3,3),(0.,1.),.PIECEWISE_BEZIER_KNOTS.);
#9857 = CARTESIAN_POINT('',(5.57009448457,-2.230044510386,10.));
#9858 = CARTESIAN_POINT('',(5.5999999,-2.260089020772,10.));
#9859 = CARTESIAN_POINT('',(5.5999999,-2.307242210682,10.));
#9860 = SURFACE_OF_LINEAR_EXTRUSION('',#9861,#9865);
#9861 = B_SPLINE_CURVE_WITH_KNOTS('',2,(#9862,#9863,#9864),
  .UNSPECIFIED.,.F.,.F.,(3,3),(0.,1.),.PIECEWISE_BEZIER_KNOTS.);
#9862 = CARTESIAN_POINT('',(5.57009448457,-2.230044510386,10.));
#9863 = CARTESIAN_POINT('',(5.5999999,-2.260089020772,10.));
#9864 = CARTESIAN_POINT('',(5.5999999,-2.307242210682,10.));
#9865 = VECTOR('',#9866,1.);
#9866 = DIRECTION('',(-0.,-0.,1.));
#9867 = ADVANCED_FACE('',(#9868),#9893,.F.);
#9868 = FACE_BOUND('',#9869,.F.);
#9869 = EDGE_LOOP('',(#9870,#9880,#9886,#9887));
#9870 = ORIENTED_EDGE('',*,*,#9871,.T.);
#9871 = EDGE_CURVE('',#9872,#9874,#9876,.T.);
#9872 = VERTEX_POINT('',#9873);
#9873 = CARTESIAN_POINT('',(5.493174974184,-2.2,10.));
#9874 = VERTEX_POINT('',#9875);
#9875 = CARTESIAN_POINT('',(5.493174974184,-2.2,9.6));
#9876 = LINE('',#9877,#9878);
#9877 = CARTESIAN_POINT('',(5.493174974184,-2.2,10.));
#9878 = VECTOR('',#9879,1.);
#9879 = DIRECTION('',(0.,0.,-1.));
#9880 = ORIENTED_EDGE('',*,*,#9881,.T.);
#9881 = EDGE_CURVE('',#9874,#9841,#9882,.T.);
#9882 = B_SPLINE_CURVE_WITH_KNOTS('',2,(#9883,#9884,#9885),
  .UNSPECIFIED.,.F.,.F.,(3,3),(0.,1.),.PIECEWISE_BEZIER_KNOTS.);
#9883 = CARTESIAN_POINT('',(5.493174974184,-2.2,9.6));
#9884 = CARTESIAN_POINT('',(5.540189069139,-2.2,9.6));
#9885 = CARTESIAN_POINT('',(5.57009448457,-2.230044510386,9.6));
#9886 = ORIENTED_EDGE('',*,*,#9838,.F.);
#9887 = ORIENTED_EDGE('',*,*,#9888,.F.);
#9888 = EDGE_CURVE('',#9872,#9839,#9889,.T.);
#9889 = B_SPLINE_CURVE_WITH_KNOTS('',2,(#9890,#9891,#9892),
  .UNSPECIFIED.,.F.,.F.,(3,3),(0.,1.),.PIECEWISE_BEZIER_KNOTS.);
#9890 = CARTESIAN_POINT('',(5.493174974184,-2.2,10.));
#9891 = CARTESIAN_POINT('',(5.540189069139,-2.2,10.));
#9892 = CARTESIAN_POINT('',(5.57009448457,-2.230044510386,10.));
#9893 = SURFACE_OF_LINEAR_EXTRUSION('',#9894,#9898);
#9894 = B_SPLINE_CURVE_WITH_KNOTS('',2,(#9895,#9896,#9897),
  .UNSPECIFIED.,.F.,.F.,(3,3),(0.,1.),.PIECEWISE_BEZIER_KNOTS.);
#9895 = CARTESIAN_POINT('',(5.493174974184,-2.2,10.));
#9896 = CARTESIAN_POINT('',(5.540189069139,-2.2,10.));
#9897 = CARTESIAN_POINT('',(5.57009448457,-2.230044510386,10.));
#9898 = VECTOR('',#9899,1.);
#9899 = DIRECTION('',(-0.,-0.,1.));
#9900 = ADVANCED_FACE('',(#9901),#9926,.F.);
#9901 = FACE_BOUND('',#9902,.F.);
#9902 = EDGE_LOOP('',(#9903,#9913,#9919,#9920));
#9903 = ORIENTED_EDGE('',*,*,#9904,.T.);
#9904 = EDGE_CURVE('',#9905,#9907,#9909,.T.);
#9905 = VERTEX_POINT('',#9906);
#9906 = CARTESIAN_POINT('',(3.254441665579,-2.2,10.));
#9907 = VERTEX_POINT('',#9908);
#9908 = CARTESIAN_POINT('',(3.254441665579,-2.2,9.6));
#9909 = LINE('',#9910,#9911);
#9910 = CARTESIAN_POINT('',(3.254441665579,-2.2,10.));
#9911 = VECTOR('',#9912,1.);
#9912 = DIRECTION('',(0.,0.,-1.));
#9913 = ORIENTED_EDGE('',*,*,#9914,.T.);
#9914 = EDGE_CURVE('',#9907,#9874,#9915,.T.);
#9915 = LINE('',#9916,#9917);
#9916 = CARTESIAN_POINT('',(3.254441665579,-2.2,9.6));
#9917 = VECTOR('',#9918,1.);
#9918 = DIRECTION('',(1.,0.,0.));
#9919 = ORIENTED_EDGE('',*,*,#9871,.F.);
#9920 = ORIENTED_EDGE('',*,*,#9921,.F.);
#9921 = EDGE_CURVE('',#9905,#9872,#9922,.T.);
#9922 = LINE('',#9923,#9924);
#9923 = CARTESIAN_POINT('',(3.254441665579,-2.2,10.));
#9924 = VECTOR('',#9925,1.);
#9925 = DIRECTION('',(1.,0.,0.));
#9926 = PLANE('',#9927);
#9927 = AXIS2_PLACEMENT_3D('',#9928,#9929,#9930);
#9928 = CARTESIAN_POINT('',(3.254441665579,-2.2,10.));
#9929 = DIRECTION('',(0.,-1.,0.));
#9930 = DIRECTION('',(1.,0.,0.));
#9931 = ADVANCED_FACE('',(#9932),#9957,.F.);
#9932 = FACE_BOUND('',#9933,.F.);
#9933 = EDGE_LOOP('',(#9934,#9944,#9950,#9951));
#9934 = ORIENTED_EDGE('',*,*,#9935,.T.);
#9935 = EDGE_CURVE('',#9936,#9938,#9940,.T.);
#9936 = VERTEX_POINT('',#9937);
#9937 = CARTESIAN_POINT('',(3.181834098813,-2.230044510386,10.));
#9938 = VERTEX_POINT('',#9939);
#9939 = CARTESIAN_POINT('',(3.181834098813,-2.230044510386,9.6));
#9940 = LINE('',#9941,#9942);
#9941 = CARTESIAN_POINT('',(3.181834098813,-2.230044510386,10.));
#9942 = VECTOR('',#9943,1.);
#9943 = DIRECTION('',(0.,0.,-1.));
#9944 = ORIENTED_EDGE('',*,*,#9945,.T.);
#9945 = EDGE_CURVE('',#9938,#9907,#9946,.T.);
#9946 = B_SPLINE_CURVE_WITH_KNOTS('',2,(#9947,#9948,#9949),
  .UNSPECIFIED.,.F.,.F.,(3,3),(0.,1.),.PIECEWISE_BEZIER_KNOTS.);
#9947 = CARTESIAN_POINT('',(3.181834098813,-2.230044510386,9.6));
#9948 = CARTESIAN_POINT('',(3.211739514243,-2.2,9.6));
#9949 = CARTESIAN_POINT('',(3.254441665579,-2.2,9.6));
#9950 = ORIENTED_EDGE('',*,*,#9904,.F.);
#9951 = ORIENTED_EDGE('',*,*,#9952,.F.);
#9952 = EDGE_CURVE('',#9936,#9905,#9953,.T.);
#9953 = B_SPLINE_CURVE_WITH_KNOTS('',2,(#9954,#9955,#9956),
  .UNSPECIFIED.,.F.,.F.,(3,3),(0.,1.),.PIECEWISE_BEZIER_KNOTS.);
#9954 = CARTESIAN_POINT('',(3.181834098813,-2.230044510386,10.));
#9955 = CARTESIAN_POINT('',(3.211739514243,-2.2,10.));
#9956 = CARTESIAN_POINT('',(3.254441665579,-2.2,10.));
#9957 = SURFACE_OF_LINEAR_EXTRUSION('',#9958,#9962);
#9958 = B_SPLINE_CURVE_WITH_KNOTS('',2,(#9959,#9960,#9961),
  .UNSPECIFIED.,.F.,.F.,(3,3),(0.,1.),.PIECEWISE_BEZIER_KNOTS.);
#9959 = CARTESIAN_POINT('',(3.181834098813,-2.230044510386,10.));
#9960 = CARTESIAN_POINT('',(3.211739514243,-2.2,10.));
#9961 = CARTESIAN_POINT('',(3.254441665579,-2.2,10.));
#9962 = VECTOR('',#9963,1.);
#9963 = DIRECTION('',(-0.,-0.,1.));
#9964 = ADVANCED_FACE('',(#9965),#9990,.F.);
#9965 = FACE_BOUND('',#9966,.F.);
#9966 = EDGE_LOOP('',(#9967,#9977,#9983,#9984));
#9967 = ORIENTED_EDGE('',*,*,#9968,.T.);
#9968 = EDGE_CURVE('',#9969,#9971,#9973,.T.);
#9969 = VERTEX_POINT('',#9970);
#9970 = CARTESIAN_POINT('',(3.151928683383,-2.307242210682,10.));
#9971 = VERTEX_POINT('',#9972);
#9972 = CARTESIAN_POINT('',(3.151928683383,-2.307242210682,9.6));
#9973 = LINE('',#9974,#9975);
#9974 = CARTESIAN_POINT('',(3.151928683383,-2.307242210682,10.));
#9975 = VECTOR('',#9976,1.);
#9976 = DIRECTION('',(0.,0.,-1.));
#9977 = ORIENTED_EDGE('',*,*,#9978,.T.);
#9978 = EDGE_CURVE('',#9971,#9938,#9979,.T.);
#9979 = B_SPLINE_CURVE_WITH_KNOTS('',2,(#9980,#9981,#9982),
  .UNSPECIFIED.,.F.,.F.,(3,3),(0.,1.),.PIECEWISE_BEZIER_KNOTS.);
#9980 = CARTESIAN_POINT('',(3.151928683383,-2.307242210682,9.6));
#9981 = CARTESIAN_POINT('',(3.151928683383,-2.260089020772,9.6));
#9982 = CARTESIAN_POINT('',(3.181834098813,-2.230044510386,9.6));
#9983 = ORIENTED_EDGE('',*,*,#9935,.F.);
#9984 = ORIENTED_EDGE('',*,*,#9985,.F.);
#9985 = EDGE_CURVE('',#9969,#9936,#9986,.T.);
#9986 = B_SPLINE_CURVE_WITH_KNOTS('',2,(#9987,#9988,#9989),
  .UNSPECIFIED.,.F.,.F.,(3,3),(0.,1.),.PIECEWISE_BEZIER_KNOTS.);
#9987 = CARTESIAN_POINT('',(3.151928683383,-2.307242210682,10.));
#9988 = CARTESIAN_POINT('',(3.151928683383,-2.260089020772,10.));
#9989 = CARTESIAN_POINT('',(3.181834098813,-2.230044510386,10.));
#9990 = SURFACE_OF_LINEAR_EXTRUSION('',#9991,#9995);
#9991 = B_SPLINE_CURVE_WITH_KNOTS('',2,(#9992,#9993,#9994),
  .UNSPECIFIED.,.F.,.F.,(3,3),(0.,1.),.PIECEWISE_BEZIER_KNOTS.);
#9992 = CARTESIAN_POINT('',(3.151928683383,-2.307242210682,10.));
#9993 = CARTESIAN_POINT('',(3.151928683383,-2.260089020772,10.));
#9994 = CARTESIAN_POINT('',(3.181834098813,-2.230044510386,10.));
#9995 = VECTOR('',#9996,1.);
#9996 = DIRECTION('',(-0.,-0.,1.));
#9997 = ADVANCED_FACE('',(#9998),#10023,.F.);
#9998 = FACE_BOUND('',#9999,.F.);
#9999 = EDGE_LOOP('',(#10000,#10010,#10016,#10017));
#10000 = ORIENTED_EDGE('',*,*,#10001,.T.);
#10001 = EDGE_CURVE('',#10002,#10004,#10006,.T.);
#10002 = VERTEX_POINT('',#10003);
#10003 = CARTESIAN_POINT('',(3.151928683383,-2.693508902077,10.));
#10004 = VERTEX_POINT('',#10005);
#10005 = CARTESIAN_POINT('',(3.151928683383,-2.693508902077,9.6));
#10006 = LINE('',#10007,#10008);
#10007 = CARTESIAN_POINT('',(3.151928683383,-2.693508902077,10.));
#10008 = VECTOR('',#10009,1.);
#10009 = DIRECTION('',(0.,0.,-1.));
#10010 = ORIENTED_EDGE('',*,*,#10011,.T.);
#10011 = EDGE_CURVE('',#10004,#9971,#10012,.T.);
#10012 = LINE('',#10013,#10014);
#10013 = CARTESIAN_POINT('',(3.151928683383,-2.693508902077,9.6));
#10014 = VECTOR('',#10015,1.);
#10015 = DIRECTION('',(0.,1.,0.));
#10016 = ORIENTED_EDGE('',*,*,#9968,.F.);
#10017 = ORIENTED_EDGE('',*,*,#10018,.F.);
#10018 = EDGE_CURVE('',#10002,#9969,#10019,.T.);
#10019 = LINE('',#10020,#10021);
#10020 = CARTESIAN_POINT('',(3.151928683383,-2.693508902077,10.));
#10021 = VECTOR('',#10022,1.);
#10022 = DIRECTION('',(0.,1.,0.));
#10023 = PLANE('',#10024);
#10024 = AXIS2_PLACEMENT_3D('',#10025,#10026,#10027);
#10025 = CARTESIAN_POINT('',(3.151928683383,-2.693508902077,10.));
#10026 = DIRECTION('',(1.,-0.,0.));
#10027 = DIRECTION('',(0.,1.,0.));
#10028 = ADVANCED_FACE('',(#10029),#10054,.F.);
#10029 = FACE_BOUND('',#10030,.F.);
#10030 = EDGE_LOOP('',(#10031,#10041,#10047,#10048));
#10031 = ORIENTED_EDGE('',*,*,#10032,.T.);
#10032 = EDGE_CURVE('',#10033,#10035,#10037,.T.);
#10033 = VERTEX_POINT('',#10034);
#10034 = CARTESIAN_POINT('',(3.181834098813,-2.766394658754,10.));
#10035 = VERTEX_POINT('',#10036);
#10036 = CARTESIAN_POINT('',(3.181834098813,-2.766394658754,9.6));
#10037 = LINE('',#10038,#10039);
#10038 = CARTESIAN_POINT('',(3.181834098813,-2.766394658754,10.));
#10039 = VECTOR('',#10040,1.);
#10040 = DIRECTION('',(0.,0.,-1.));
#10041 = ORIENTED_EDGE('',*,*,#10042,.T.);
#10042 = EDGE_CURVE('',#10035,#10004,#10043,.T.);
#10043 = B_SPLINE_CURVE_WITH_KNOTS('',2,(#10044,#10045,#10046),
  .UNSPECIFIED.,.F.,.F.,(3,3),(0.,1.),.PIECEWISE_BEZIER_KNOTS.);
#10044 = CARTESIAN_POINT('',(3.181834098813,-2.766394658754,9.6));
#10045 = CARTESIAN_POINT('',(3.151928683383,-2.736350148368,9.6));
#10046 = CARTESIAN_POINT('',(3.151928683383,-2.693508902077,9.6));
#10047 = ORIENTED_EDGE('',*,*,#10001,.F.);
#10048 = ORIENTED_EDGE('',*,*,#10049,.F.);
#10049 = EDGE_CURVE('',#10033,#10002,#10050,.T.);
#10050 = B_SPLINE_CURVE_WITH_KNOTS('',2,(#10051,#10052,#10053),
  .UNSPECIFIED.,.F.,.F.,(3,3),(0.,1.),.PIECEWISE_BEZIER_KNOTS.);
#10051 = CARTESIAN_POINT('',(3.181834098813,-2.766394658754,10.));
#10052 = CARTESIAN_POINT('',(3.151928683383,-2.736350148368,10.));
#10053 = CARTESIAN_POINT('',(3.151928683383,-2.693508902077,10.));
#10054 = SURFACE_OF_LINEAR_EXTRUSION('',#10055,#10059);
#10055 = B_SPLINE_CURVE_WITH_KNOTS('',2,(#10056,#10057,#10058),
  .UNSPECIFIED.,.F.,.F.,(3,3),(0.,1.),.PIECEWISE_BEZIER_KNOTS.);
#10056 = CARTESIAN_POINT('',(3.181834098813,-2.766394658754,10.));
#10057 = CARTESIAN_POINT('',(3.151928683383,-2.736350148368,10.));
#10058 = CARTESIAN_POINT('',(3.151928683383,-2.693508902077,10.));
#10059 = VECTOR('',#10060,1.);
#10060 = DIRECTION('',(-0.,-0.,1.));
#10061 = ADVANCED_FACE('',(#10062),#10087,.F.);
#10062 = FACE_BOUND('',#10063,.F.);
#10063 = EDGE_LOOP('',(#10064,#10074,#10080,#10081));
#10064 = ORIENTED_EDGE('',*,*,#10065,.T.);
#10065 = EDGE_CURVE('',#10066,#10068,#10070,.T.);
#10066 = VERTEX_POINT('',#10067);
#10067 = CARTESIAN_POINT('',(3.254580760534,-2.796439169139,10.));
#10068 = VERTEX_POINT('',#10069);
#10069 = CARTESIAN_POINT('',(3.254580760534,-2.796439169139,9.6));
#10070 = LINE('',#10071,#10072);
#10071 = CARTESIAN_POINT('',(3.254580760534,-2.796439169139,10.));
#10072 = VECTOR('',#10073,1.);
#10073 = DIRECTION('',(0.,0.,-1.));
#10074 = ORIENTED_EDGE('',*,*,#10075,.T.);
#10075 = EDGE_CURVE('',#10068,#10035,#10076,.T.);
#10076 = B_SPLINE_CURVE_WITH_KNOTS('',2,(#10077,#10078,#10079),
  .UNSPECIFIED.,.F.,.F.,(3,3),(0.,1.),.PIECEWISE_BEZIER_KNOTS.);
#10077 = CARTESIAN_POINT('',(3.254580760534,-2.796439169139,9.6));
#10078 = CARTESIAN_POINT('',(3.211878609199,-2.796439169139,9.6));
#10079 = CARTESIAN_POINT('',(3.181834098813,-2.766394658754,9.6));
#10080 = ORIENTED_EDGE('',*,*,#10032,.F.);
#10081 = ORIENTED_EDGE('',*,*,#10082,.F.);
#10082 = EDGE_CURVE('',#10066,#10033,#10083,.T.);
#10083 = B_SPLINE_CURVE_WITH_KNOTS('',2,(#10084,#10085,#10086),
  .UNSPECIFIED.,.F.,.F.,(3,3),(0.,1.),.PIECEWISE_BEZIER_KNOTS.);
#10084 = CARTESIAN_POINT('',(3.254580760534,-2.796439169139,10.));
#10085 = CARTESIAN_POINT('',(3.211878609199,-2.796439169139,10.));
#10086 = CARTESIAN_POINT('',(3.181834098813,-2.766394658754,10.));
#10087 = SURFACE_OF_LINEAR_EXTRUSION('',#10088,#10092);
#10088 = B_SPLINE_CURVE_WITH_KNOTS('',2,(#10089,#10090,#10091),
  .UNSPECIFIED.,.F.,.F.,(3,3),(0.,1.),.PIECEWISE_BEZIER_KNOTS.);
#10089 = CARTESIAN_POINT('',(3.254580760534,-2.796439169139,10.));
#10090 = CARTESIAN_POINT('',(3.211878609199,-2.796439169139,10.));
#10091 = CARTESIAN_POINT('',(3.181834098813,-2.766394658754,10.));
#10092 = VECTOR('',#10093,1.);
#10093 = DIRECTION('',(-0.,-0.,1.));
#10094 = ADVANCED_FACE('',(#10095),#10120,.F.);
#10095 = FACE_BOUND('',#10096,.F.);
#10096 = EDGE_LOOP('',(#10097,#10107,#10113,#10114));
#10097 = ORIENTED_EDGE('',*,*,#10098,.T.);
#10098 = EDGE_CURVE('',#10099,#10101,#10103,.T.);
#10099 = VERTEX_POINT('',#10100);
#10100 = CARTESIAN_POINT('',(4.033234321365,-2.796439169139,10.));
#10101 = VERTEX_POINT('',#10102);
#10102 = CARTESIAN_POINT('',(4.033234321365,-2.796439169139,9.6));
#10103 = LINE('',#10104,#10105);
#10104 = CARTESIAN_POINT('',(4.033234321365,-2.796439169139,10.));
#10105 = VECTOR('',#10106,1.);
#10106 = DIRECTION('',(0.,0.,-1.));
#10107 = ORIENTED_EDGE('',*,*,#10108,.T.);
#10108 = EDGE_CURVE('',#10101,#10068,#10109,.T.);
#10109 = LINE('',#10110,#10111);
#10110 = CARTESIAN_POINT('',(4.033234321365,-2.796439169139,9.6));
#10111 = VECTOR('',#10112,1.);
#10112 = DIRECTION('',(-1.,0.,0.));
#10113 = ORIENTED_EDGE('',*,*,#10065,.F.);
#10114 = ORIENTED_EDGE('',*,*,#10115,.F.);
#10115 = EDGE_CURVE('',#10099,#10066,#10116,.T.);
#10116 = LINE('',#10117,#10118);
#10117 = CARTESIAN_POINT('',(4.033234321365,-2.796439169139,10.));
#10118 = VECTOR('',#10119,1.);
#10119 = DIRECTION('',(-1.,0.,0.));
#10120 = PLANE('',#10121);
#10121 = AXIS2_PLACEMENT_3D('',#10122,#10123,#10124);
#10122 = CARTESIAN_POINT('',(4.033234321365,-2.796439169139,10.));
#10123 = DIRECTION('',(0.,1.,0.));
#10124 = DIRECTION('',(-1.,0.,0.));
#10125 = ADVANCED_FACE('',(#10126),#10151,.F.);
#10126 = FACE_BOUND('',#10127,.F.);
#10127 = EDGE_LOOP('',(#10128,#10138,#10144,#10145));
#10128 = ORIENTED_EDGE('',*,*,#10129,.T.);
#10129 = EDGE_CURVE('',#10130,#10132,#10134,.T.);
#10130 = VERTEX_POINT('',#10131);
#10131 = CARTESIAN_POINT('',(4.033234321365,-5.092896884273,10.));
#10132 = VERTEX_POINT('',#10133);
#10133 = CARTESIAN_POINT('',(4.033234321365,-5.092896884273,9.6));
#10134 = LINE('',#10135,#10136);
#10135 = CARTESIAN_POINT('',(4.033234321365,-5.092896884273,10.));
#10136 = VECTOR('',#10137,1.);
#10137 = DIRECTION('',(0.,0.,-1.));
#10138 = ORIENTED_EDGE('',*,*,#10139,.T.);
#10139 = EDGE_CURVE('',#10132,#10101,#10140,.T.);
#10140 = LINE('',#10141,#10142);
#10141 = CARTESIAN_POINT('',(4.033234321365,-5.092896884273,9.6));
#10142 = VECTOR('',#10143,1.);
#10143 = DIRECTION('',(0.,1.,0.));
#10144 = ORIENTED_EDGE('',*,*,#10098,.F.);
#10145 = ORIENTED_EDGE('',*,*,#10146,.F.);
#10146 = EDGE_CURVE('',#10130,#10099,#10147,.T.);
#10147 = LINE('',#10148,#10149);
#10148 = CARTESIAN_POINT('',(4.033234321365,-5.092896884273,10.));
#10149 = VECTOR('',#10150,1.);
#10150 = DIRECTION('',(0.,1.,0.));
#10151 = PLANE('',#10152);
#10152 = AXIS2_PLACEMENT_3D('',#10153,#10154,#10155);
#10153 = CARTESIAN_POINT('',(4.033234321365,-5.092896884273,10.));
#10154 = DIRECTION('',(1.,-0.,0.));
#10155 = DIRECTION('',(0.,1.,0.));
#10156 = ADVANCED_FACE('',(#10157),#10173,.F.);
#10157 = FACE_BOUND('',#10158,.F.);
#10158 = EDGE_LOOP('',(#10159,#10160,#10166,#10167));
#10159 = ORIENTED_EDGE('',*,*,#9558,.T.);
#10160 = ORIENTED_EDGE('',*,*,#10161,.T.);
#10161 = EDGE_CURVE('',#9551,#10132,#10162,.T.);
#10162 = B_SPLINE_CURVE_WITH_KNOTS('',2,(#10163,#10164,#10165),
  .UNSPECIFIED.,.F.,.F.,(3,3),(0.,1.),.PIECEWISE_BEZIER_KNOTS.);
#10163 = CARTESIAN_POINT('',(4.06300064184,-5.17009458457,9.6));
#10164 = CARTESIAN_POINT('',(4.033234321365,-5.140050074184,9.6));
#10165 = CARTESIAN_POINT('',(4.033234321365,-5.092896884273,9.6));
#10166 = ORIENTED_EDGE('',*,*,#10129,.F.);
#10167 = ORIENTED_EDGE('',*,*,#10168,.F.);
#10168 = EDGE_CURVE('',#9559,#10130,#10169,.T.);
#10169 = B_SPLINE_CURVE_WITH_KNOTS('',2,(#10170,#10171,#10172),
  .UNSPECIFIED.,.F.,.F.,(3,3),(0.,1.),.PIECEWISE_BEZIER_KNOTS.);
#10170 = CARTESIAN_POINT('',(4.06300064184,-5.17009458457,10.));
#10171 = CARTESIAN_POINT('',(4.033234321365,-5.140050074184,10.));
#10172 = CARTESIAN_POINT('',(4.033234321365,-5.092896884273,10.));
#10173 = SURFACE_OF_LINEAR_EXTRUSION('',#10174,#10178);
#10174 = B_SPLINE_CURVE_WITH_KNOTS('',2,(#10175,#10176,#10177),
  .UNSPECIFIED.,.F.,.F.,(3,3),(0.,1.),.PIECEWISE_BEZIER_KNOTS.);
#10175 = CARTESIAN_POINT('',(4.06300064184,-5.17009458457,10.));
#10176 = CARTESIAN_POINT('',(4.033234321365,-5.140050074184,10.));
#10177 = CARTESIAN_POINT('',(4.033234321365,-5.092896884273,10.));
#10178 = VECTOR('',#10179,1.);
#10179 = DIRECTION('',(-0.,-0.,1.));
#10180 = ADVANCED_FACE('',(#10181),#10203,.T.);
#10181 = FACE_BOUND('',#10182,.T.);
#10182 = EDGE_LOOP('',(#10183,#10184,#10185,#10186,#10187,#10188,#10189,
    #10190,#10191,#10192,#10193,#10194,#10195,#10196,#10197,#10198,
    #10199,#10200,#10201,#10202));
#10183 = ORIENTED_EDGE('',*,*,#9566,.F.);
#10184 = ORIENTED_EDGE('',*,*,#9599,.F.);
#10185 = ORIENTED_EDGE('',*,*,#9630,.F.);
#10186 = ORIENTED_EDGE('',*,*,#9663,.F.);
#10187 = ORIENTED_EDGE('',*,*,#9696,.F.);
#10188 = ORIENTED_EDGE('',*,*,#9727,.F.);
#10189 = ORIENTED_EDGE('',*,*,#9758,.F.);
#10190 = ORIENTED_EDGE('',*,*,#9791,.F.);
#10191 = ORIENTED_EDGE('',*,*,#9824,.F.);
#10192 = ORIENTED_EDGE('',*,*,#9855,.F.);
#10193 = ORIENTED_EDGE('',*,*,#9888,.F.);
#10194 = ORIENTED_EDGE('',*,*,#9921,.F.);
#10195 = ORIENTED_EDGE('',*,*,#9952,.F.);
#10196 = ORIENTED_EDGE('',*,*,#9985,.F.);
#10197 = ORIENTED_EDGE('',*,*,#10018,.F.);
#10198 = ORIENTED_EDGE('',*,*,#10049,.F.);
#10199 = ORIENTED_EDGE('',*,*,#10082,.F.);
#10200 = ORIENTED_EDGE('',*,*,#10115,.F.);
#10201 = ORIENTED_EDGE('',*,*,#10146,.F.);
#10202 = ORIENTED_EDGE('',*,*,#10168,.F.);
#10203 = PLANE('',#10204);
#10204 = AXIS2_PLACEMENT_3D('',#10205,#10206,#10207);
#10205 = CARTESIAN_POINT('',(4.375904888633,-3.308800234718,10.));
#10206 = DIRECTION('',(0.,0.,1.));
#10207 = DIRECTION('',(1.,0.,0.));
#10208 = ADVANCED_FACE('',(#10209),#10231,.F.);
#10209 = FACE_BOUND('',#10210,.F.);
#10210 = EDGE_LOOP('',(#10211,#10212,#10213,#10214,#10215,#10216,#10217,
    #10218,#10219,#10220,#10221,#10222,#10223,#10224,#10225,#10226,
    #10227,#10228,#10229,#10230));
#10211 = ORIENTED_EDGE('',*,*,#9550,.F.);
#10212 = ORIENTED_EDGE('',*,*,#9592,.F.);
#10213 = ORIENTED_EDGE('',*,*,#9623,.F.);
#10214 = ORIENTED_EDGE('',*,*,#9656,.F.);
#10215 = ORIENTED_EDGE('',*,*,#9689,.F.);
#10216 = ORIENTED_EDGE('',*,*,#9720,.F.);
#10217 = ORIENTED_EDGE('',*,*,#9751,.F.);
#10218 = ORIENTED_EDGE('',*,*,#9784,.F.);
#10219 = ORIENTED_EDGE('',*,*,#9817,.F.);
#10220 = ORIENTED_EDGE('',*,*,#9848,.F.);
#10221 = ORIENTED_EDGE('',*,*,#9881,.F.);
#10222 = ORIENTED_EDGE('',*,*,#9914,.F.);
#10223 = ORIENTED_EDGE('',*,*,#9945,.F.);
#10224 = ORIENTED_EDGE('',*,*,#9978,.F.);
#10225 = ORIENTED_EDGE('',*,*,#10011,.F.);
#10226 = ORIENTED_EDGE('',*,*,#10042,.F.);
#10227 = ORIENTED_EDGE('',*,*,#10075,.F.);
#10228 = ORIENTED_EDGE('',*,*,#10108,.F.);
#10229 = ORIENTED_EDGE('',*,*,#10139,.F.);
#10230 = ORIENTED_EDGE('',*,*,#10161,.F.);
#10231 = PLANE('',#10232);
#10232 = AXIS2_PLACEMENT_3D('',#10233,#10234,#10235);
#10233 = CARTESIAN_POINT('',(4.375904888633,-3.308800234718,9.6));
#10234 = DIRECTION('',(0.,0.,1.));
#10235 = DIRECTION('',(1.,0.,0.));
#10236 = ( GEOMETRIC_REPRESENTATION_CONTEXT(3) 
GLOBAL_UNCERTAINTY_ASSIGNED_CONTEXT((#10240)) 
GLOBAL_UNIT_ASSIGNED_CONTEXT((#10237,#10238,#10239)) 
REPRESENTATION_CONTEXT('Context #1',
  '3D Context with UNIT and UNCERTAINTY') );
#10237 = ( LENGTH_UNIT() NAMED_UNIT(*) SI_UNIT(.MILLI.,.METRE.) );
#10238 = ( NAMED_UNIT(*) PLANE_ANGLE_UNIT() SI_UNIT($,.RADIAN.) );
#10239 = ( NAMED_UNIT(*) SI_UNIT($,.STERADIAN.) SOLID_ANGLE_UNIT() );
#10240 = UNCERTAINTY_MEASURE_WITH_UNIT(LENGTH_MEASURE(1.E-07),#10237,
  'distance_accuracy_value','confusion accuracy');
#10241 = CONTEXT_DEPENDENT_SHAPE_REPRESENTATION(#10242,#10244);
#10242 = ( REPRESENTATION_RELATIONSHIP('','',#6729,#10) 
REPRESENTATION_RELATIONSHIP_WITH_TRANSFORMATION(#10243) 
SHAPE_REPRESENTATION_RELATIONSHIP() );
#10243 = ITEM_DEFINED_TRANSFORMATION('','',#11,#23);
#10244 = PRODUCT_DEFINITION_SHAPE('Placement','Placement of an item',
  #10245);
#10245 = NEXT_ASSEMBLY_USAGE_OCCURRENCE('46','Extrude001','',#5,#6724,$
  );
#10246 = PRODUCT_RELATED_PRODUCT_CATEGORY('part',$,(#6726));
#10247 = MECHANICAL_DESIGN_GEOMETRIC_PRESENTATION_REPRESENTATION('',(
    #10248),#5846);
#10248 = STYLED_ITEM('color',(#10249),#41);
#10249 = PRESENTATION_STYLE_ASSIGNMENT((#10250,#10256));
#10250 = SURFACE_STYLE_USAGE(.BOTH.,#10251);
#10251 = SURFACE_SIDE_STYLE('',(#10252));
#10252 = SURFACE_STYLE_FILL_AREA(#10253);
#10253 = FILL_AREA_STYLE('',(#10254));
#10254 = FILL_AREA_STYLE_COLOUR('',#10255);
#10255 = COLOUR_RGB('',0.447058818107,0.474509808674,0.501960817233);
#10256 = CURVE_STYLE('',#10257,POSITIVE_LENGTH_MEASURE(0.1),#10258);
#10257 = DRAUGHTING_PRE_DEFINED_CURVE_FONT('continuous');
#10258 = COLOUR_RGB('',9.803921802644E-02,9.803921802644E-02,
  9.803921802644E-02);
#10259 = MECHANICAL_DESIGN_GEOMETRIC_PRESENTATION_REPRESENTATION('',(
    #10260),#6711);
#10260 = STYLED_ITEM('color',(#10261),#5865);
#10261 = PRESENTATION_STYLE_ASSIGNMENT((#10262,#10267));
#10262 = SURFACE_STYLE_USAGE(.BOTH.,#10263);
#10263 = SURFACE_SIDE_STYLE('',(#10264));
#10264 = SURFACE_STYLE_FILL_AREA(#10265);
#10265 = FILL_AREA_STYLE('',(#10266));
#10266 = FILL_AREA_STYLE_COLOUR('',#10255);
#10267 = CURVE_STYLE('',#10268,POSITIVE_LENGTH_MEASURE(0.1),#10258);
#10268 = DRAUGHTING_PRE_DEFINED_CURVE_FONT('continuous');
#10269 = MECHANICAL_DESIGN_GEOMETRIC_PRESENTATION_REPRESENTATION('',(
    #10270,#10279,#10288,#10297),#10236);
#10270 = STYLED_ITEM('color',(#10271),#6730);
#10271 = PRESENTATION_STYLE_ASSIGNMENT((#10272,#10277));
#10272 = SURFACE_STYLE_USAGE(.BOTH.,#10273);
#10273 = SURFACE_SIDE_STYLE('',(#10274));
#10274 = SURFACE_STYLE_FILL_AREA(#10275);
#10275 = FILL_AREA_STYLE('',(#10276));
#10276 = FILL_AREA_STYLE_COLOUR('',#10255);
#10277 = CURVE_STYLE('',#10278,POSITIVE_LENGTH_MEASURE(0.1),#10258);
#10278 = DRAUGHTING_PRE_DEFINED_CURVE_FONT('continuous');
#10279 = STYLED_ITEM('color',(#10280),#7576);
#10280 = PRESENTATION_STYLE_ASSIGNMENT((#10281,#10286));
#10281 = SURFACE_STYLE_USAGE(.BOTH.,#10282);
#10282 = SURFACE_SIDE_STYLE('',(#10283));
#10283 = SURFACE_STYLE_FILL_AREA(#10284);
#10284 = FILL_AREA_STYLE('',(#10285));
#10285 = FILL_AREA_STYLE_COLOUR('',#10255);
#10286 = CURVE_STYLE('',#10287,POSITIVE_LENGTH_MEASURE(0.1),#10258);
#10287 = DRAUGHTING_PRE_DEFINED_CURVE_FONT('continuous');
#10288 = STYLED_ITEM('color',(#10289),#8626);
#10289 = PRESENTATION_STYLE_ASSIGNMENT((#10290,#10295));
#10290 = SURFACE_STYLE_USAGE(.BOTH.,#10291);
#10291 = SURFACE_SIDE_STYLE('',(#10292));
#10292 = SURFACE_STYLE_FILL_AREA(#10293);
#10293 = FILL_AREA_STYLE('',(#10294));
#10294 = FILL_AREA_STYLE_COLOUR('',#10255);
#10295 = CURVE_STYLE('',#10296,POSITIVE_LENGTH_MEASURE(0.1),#10258);
#10296 = DRAUGHTING_PRE_DEFINED_CURVE_FONT('continuous');
#10297 = STYLED_ITEM('color',(#10298),#9534);
#10298 = PRESENTATION_STYLE_ASSIGNMENT((#10299,#10304));
#10299 = SURFACE_STYLE_USAGE(.BOTH.,#10300);
#10300 = SURFACE_SIDE_STYLE('',(#10301));
#10301 = SURFACE_STYLE_FILL_AREA(#10302);
#10302 = FILL_AREA_STYLE('',(#10303));
#10303 = FILL_AREA_STYLE_COLOUR('',#10255);
#10304 = CURVE_STYLE('',#10305,POSITIVE_LENGTH_MEASURE(0.1),#10258);
#10305 = DRAUGHTING_PRE_DEFINED_CURVE_FONT('continuous');
ENDSEC;
END-ISO-10303-21;
